/* Generated from the sealed V6 exact-RGBA sidecar manifest. */
/* Do not edit by hand.  This file contains no image bytes. */
/* Source manifest SHA-256: 81A2A9BB9B0469D961557410664673DF461522621074BF37AB6F8544459711DC */
#ifndef PHOTON_V6_PF_EXACT_RGBA_TABLE_GENERATED_H
#define PHOTON_V6_PF_EXACT_RGBA_TABLE_GENERATED_H

#include <stdint.h>

#ifndef PHOTON_V6_EXACT_RGBA_ENTRY_DEFINED
#define PHOTON_V6_EXACT_RGBA_ENTRY_DEFINED
typedef struct PhotonV6ExactRgbaEntry {
    uint32_t payload_bytes;
    uint64_t payload_fnv1a64;
    uint32_t width;
    uint32_t height;
    uint8_t png_sha256[32];
    uint8_t logical_rgba_sha256[32];
} PhotonV6ExactRgbaEntry;
#endif

static const PhotonV6ExactRgbaEntry photon_v6_pf_exact_rgba[] = {
    {
        UINT32_C(854),
        UINT64_C(0x92C576BF92FC2B50),
        UINT32_C(230),
        UINT32_C(23),
        {0x4E,0x2A,0x52,0x33,0x24,0xB5,0x0B,0xF5,0xAB,0x4C,0x40,0x38,0xA6,0x09,0x57,0xF3,0xA2,0xAC,0xB1,0xA3,0x9A,0xC4,0xD8,0x2A,0x9C,0x2A,0x1A,0x8E,0xB1,0x70,0x80,0xC2},
        {0x39,0x71,0x79,0x25,0x8C,0xE6,0xC5,0xF9,0x0E,0x91,0x96,0xBD,0xBE,0xE2,0xED,0xAE,0x44,0xDA,0xFD,0x28,0xC1,0x8D,0x6B,0x16,0xBD,0x06,0xF6,0xA9,0x67,0x68,0x59,0x26},
    },
    {
        UINT32_C(936),
        UINT64_C(0x0C54F670327B7CAB),
        UINT32_C(268),
        UINT32_C(38),
        {0xD2,0xC7,0x3B,0xC3,0x2D,0xC7,0xB0,0x1E,0xE8,0xF5,0x67,0xE0,0x3C,0x96,0x78,0xD0,0x62,0x1A,0x49,0x00,0x5E,0xBB,0x12,0x57,0x8B,0x00,0x18,0xAA,0x3D,0x0C,0x1C,0x5D},
        {0x18,0x30,0x54,0x28,0xA0,0x29,0x77,0x09,0x4C,0x48,0x28,0x5B,0xCA,0xC3,0xB1,0x82,0x2E,0xCE,0x35,0x9D,0x6B,0x71,0x34,0xF6,0x51,0x68,0xF9,0x78,0x37,0x10,0x84,0xB6},
    },
    {
        UINT32_C(980),
        UINT64_C(0x9F63D9287DEEFBBD),
        UINT32_C(268),
        UINT32_C(38),
        {0x8A,0x0F,0xC2,0xC6,0x9D,0x1C,0x69,0x8D,0x49,0xEE,0x80,0xC0,0x01,0xBF,0xFD,0x39,0x53,0x77,0xD5,0xCD,0xDC,0x5F,0xB1,0xEE,0xB9,0xD6,0x85,0x2B,0x52,0xA1,0xB0,0xE0},
        {0x4B,0x16,0xDF,0x66,0x6A,0x30,0xAC,0x6A,0x6E,0x93,0x99,0x72,0xD9,0x2F,0xB4,0xDB,0xFB,0x77,0x76,0xDE,0xEB,0x23,0xC4,0x0B,0x0F,0x54,0xF7,0xED,0x48,0xEB,0x88,0x63},
    },
    {
        UINT32_C(984),
        UINT64_C(0xE58B877EB3FC3961),
        UINT32_C(230),
        UINT32_C(23),
        {0x58,0xCD,0x57,0x33,0xD4,0x06,0x3D,0x52,0x35,0x73,0x81,0xF4,0x3D,0x7E,0x4B,0xDC,0xFB,0x38,0xB8,0x6A,0xDF,0x9F,0xC2,0x9D,0xF1,0x14,0x2F,0x62,0x7D,0xA4,0xF6,0xEF},
        {0xBE,0x29,0x8F,0x94,0xCF,0x5E,0x74,0x73,0x5D,0x9E,0xE4,0x67,0xB8,0x9E,0x32,0x0F,0x37,0x7C,0x22,0xF1,0x8F,0xFD,0x8A,0x0D,0xFE,0x41,0x62,0x75,0x72,0xD6,0x90,0xA3},
    },
    {
        UINT32_C(1138),
        UINT64_C(0x1826E706433790EB),
        UINT32_C(268),
        UINT32_C(38),
        {0xDF,0xD3,0x96,0x13,0x07,0xD7,0x12,0x35,0x22,0xE1,0x25,0x8C,0xA6,0x3B,0xFC,0x49,0xC9,0xC2,0xB1,0xFF,0x7C,0x47,0x15,0xAE,0x5E,0x6B,0xBD,0x01,0x19,0x4F,0xB5,0x0D},
        {0xC4,0x19,0x5D,0xB2,0xCC,0xC0,0x5D,0x5F,0x52,0x7A,0x00,0x3C,0x6F,0x6E,0x3F,0x9E,0x5D,0x7A,0xA4,0x83,0x43,0xBC,0x17,0x8D,0x2C,0x64,0xF7,0x35,0xBC,0x15,0x39,0x9F},
    },
    {
        UINT32_C(1140),
        UINT64_C(0x5F6291F5191772B7),
        UINT32_C(268),
        UINT32_C(38),
        {0x66,0x63,0x5F,0xCD,0xB1,0x25,0x26,0x57,0xEE,0xA7,0x5E,0xB3,0x18,0x63,0x3F,0x74,0x48,0x9B,0xA5,0x83,0x19,0xE3,0x97,0x86,0x9D,0x15,0xEB,0x94,0xC8,0x2E,0x62,0x0E},
        {0xC4,0x82,0x11,0x59,0x86,0xCC,0x84,0xF8,0x5B,0xF8,0xE9,0xAB,0xB3,0x16,0x26,0xB6,0xB1,0xA8,0xC0,0x33,0xFB,0xD1,0x03,0x5E,0x78,0xDF,0x16,0x64,0x9B,0x08,0x66,0xDD},
    },
    {
        UINT32_C(1312),
        UINT64_C(0x579FA34ABE91B16B),
        UINT32_C(268),
        UINT32_C(38),
        {0x57,0xC9,0x56,0x62,0x5E,0x85,0xC1,0x14,0x6C,0x6D,0x56,0x8A,0x9E,0x15,0x5D,0x81,0x8D,0xF2,0x8B,0xBE,0xA5,0x76,0x06,0xD0,0x58,0xE1,0xE5,0x43,0x32,0x45,0xD4,0x19},
        {0xE2,0x1E,0xB8,0xD1,0x19,0x7A,0x1D,0x47,0x16,0xE0,0xD9,0x3F,0x0A,0x41,0x1F,0xF7,0x31,0x70,0xF0,0xE7,0x75,0xD3,0x58,0x97,0x2A,0x84,0xEB,0xC3,0xC0,0x52,0x5F,0x27},
    },
    {
        UINT32_C(1334),
        UINT64_C(0xBCA614A2D1A5AC75),
        UINT32_C(268),
        UINT32_C(38),
        {0xC6,0x90,0x2E,0xCA,0x2F,0x14,0x73,0xEF,0x6D,0x10,0x71,0x93,0xFC,0xD6,0x1D,0x73,0x46,0x2C,0x44,0xD3,0x0D,0x96,0x33,0x6B,0x4D,0xA5,0x19,0xE9,0xCC,0x75,0x4D,0x8E},
        {0x66,0x48,0x25,0x4E,0xDB,0x2F,0x3F,0xF2,0xE7,0xE3,0x15,0x82,0x90,0x93,0x04,0x17,0x9F,0x1D,0x9E,0x85,0x4C,0xDA,0x27,0xA6,0x4D,0x8D,0xCC,0xF4,0xE3,0xEF,0x22,0x6C},
    },
    {
        UINT32_C(1376),
        UINT64_C(0xE9A5F91BB40B9939),
        UINT32_C(268),
        UINT32_C(38),
        {0xEC,0xB0,0xFB,0x93,0xD4,0x55,0x8B,0xD4,0x8C,0x4C,0xF3,0x4C,0xB4,0x84,0xEE,0xF5,0x2D,0x38,0x52,0x33,0xE5,0x33,0x05,0x93,0x42,0xF2,0xE1,0x4C,0x9A,0x47,0x11,0x19},
        {0xA1,0x59,0x33,0x68,0x15,0x5C,0xE1,0xB5,0x62,0x48,0xAA,0xB1,0xBF,0x15,0x34,0x85,0xCD,0x57,0xFA,0xB9,0x54,0x7D,0xA3,0xB9,0xAF,0xAA,0x5E,0xAC,0xD4,0x42,0x8D,0xD8},
    },
    {
        UINT32_C(1470),
        UINT64_C(0xE440D75C9DF9B798),
        UINT32_C(268),
        UINT32_C(38),
        {0x08,0xC0,0x17,0xDC,0x45,0x7C,0xED,0xA7,0x52,0x61,0x7A,0x11,0xCD,0xA9,0xF7,0x48,0x0F,0x20,0xE9,0x4E,0xD6,0xE5,0x00,0x7D,0x0F,0x02,0xD6,0x2E,0x55,0x32,0x01,0xE7},
        {0xC9,0x53,0xD3,0x30,0x3E,0x37,0x4D,0x87,0xE7,0x87,0x08,0x66,0x14,0x33,0x84,0x56,0xD4,0xE4,0xC6,0xF4,0x08,0xF9,0xCA,0x26,0x0D,0xEB,0x0F,0x24,0x35,0x18,0x0F,0xD4},
    },
    {
        UINT32_C(1574),
        UINT64_C(0x15023B560C43D296),
        UINT32_C(268),
        UINT32_C(38),
        {0x9B,0xBA,0x59,0x8D,0xDD,0xC6,0xE7,0xF0,0xE1,0x40,0x1D,0x51,0x60,0xA9,0x9D,0xB1,0xE4,0xDF,0x0A,0x1D,0xB3,0x93,0x18,0x54,0xEE,0x6E,0x4D,0x3D,0x7F,0xAA,0x2B,0x26},
        {0x7F,0xE6,0x04,0xA8,0x6D,0xDD,0xC2,0x49,0x9B,0xB1,0xD6,0x45,0x0F,0xA9,0x98,0x5F,0x3B,0xB3,0x14,0xD3,0x46,0x95,0xF2,0x08,0x03,0xB9,0x03,0x16,0x47,0xEB,0x80,0x09},
    },
    {
        UINT32_C(1662),
        UINT64_C(0xC94E6A0E428216F3),
        UINT32_C(268),
        UINT32_C(38),
        {0x66,0x63,0x5F,0xCD,0xB1,0x25,0x26,0x57,0xEE,0xA7,0x5E,0xB3,0x18,0x63,0x3F,0x74,0x48,0x9B,0xA5,0x83,0x19,0xE3,0x97,0x86,0x9D,0x15,0xEB,0x94,0xC8,0x2E,0x62,0x0E},
        {0xC4,0x82,0x11,0x59,0x86,0xCC,0x84,0xF8,0x5B,0xF8,0xE9,0xAB,0xB3,0x16,0x26,0xB6,0xB1,0xA8,0xC0,0x33,0xFB,0xD1,0x03,0x5E,0x78,0xDF,0x16,0x64,0x9B,0x08,0x66,0xDD},
    },
    {
        UINT32_C(1664),
        UINT64_C(0x53BA11E4C946F9CA),
        UINT32_C(268),
        UINT32_C(38),
        {0xD4,0xCD,0xB4,0x2F,0x8C,0xA2,0x87,0x28,0x9B,0xAE,0xEE,0x3A,0xF2,0xE1,0x2E,0x03,0x9D,0x8F,0x8A,0xA8,0xFC,0x9E,0x04,0x87,0x33,0xD6,0x0F,0x96,0x60,0x7F,0x5F,0xBB},
        {0x08,0x1E,0x58,0x16,0x27,0x4F,0x83,0xC2,0x20,0xBC,0xBF,0xF3,0xB0,0xDD,0x21,0x5B,0x34,0x8D,0x20,0x99,0xA3,0xBB,0x0E,0x29,0x63,0xBA,0xA4,0x28,0xC4,0x2E,0x4E,0xC0},
    },
    {
        UINT32_C(1666),
        UINT64_C(0x77AC874543EE5356),
        UINT32_C(240),
        UINT32_C(50),
        {0x33,0x1C,0x85,0xC4,0x2E,0xE4,0xD3,0x32,0x9F,0x83,0x8C,0xD3,0xEF,0xE5,0xF7,0x5F,0xEA,0xB8,0x13,0x17,0xFD,0x5B,0x9F,0x16,0x80,0xFD,0x34,0x96,0x32,0xA7,0xA9,0x54},
        {0xFD,0x40,0x66,0x7C,0x8E,0x9E,0x4D,0xDF,0x9B,0x14,0xB8,0x39,0x3E,0xEF,0xE8,0x09,0x81,0x87,0x77,0x76,0x6E,0x59,0x16,0x0A,0x00,0xBC,0x1D,0x06,0x43,0x92,0xD7,0x1D},
    },
    {
        UINT32_C(1670),
        UINT64_C(0xFD8F1E3EC1780BEE),
        UINT32_C(268),
        UINT32_C(38),
        {0xEB,0xDD,0xC3,0x37,0x74,0xFF,0xCC,0xE6,0x7C,0x05,0x1E,0xA2,0xE4,0x6B,0x88,0xB9,0x0D,0x62,0x36,0xC2,0x70,0xCD,0xF1,0xED,0x40,0x25,0xA4,0x2E,0x94,0xDA,0x0C,0xB2},
        {0x54,0x13,0xB2,0xD4,0x2D,0x67,0x4B,0x7A,0x4C,0x4D,0xAA,0xF7,0x4D,0x07,0x79,0x44,0x1A,0xEE,0x52,0x3E,0x62,0xD1,0xE4,0x85,0xD6,0xED,0xE1,0xEE,0xE5,0x4E,0x68,0x52},
    },
    {
        UINT32_C(1682),
        UINT64_C(0x7D099D8383E1734B),
        UINT32_C(240),
        UINT32_C(50),
        {0xC9,0x61,0x28,0x2E,0x26,0x18,0x1B,0xAB,0xB1,0x6A,0x07,0x31,0xD3,0x16,0x0A,0xDF,0xA4,0xDA,0x5E,0x6B,0x8F,0xB4,0x5E,0x6C,0xA0,0x30,0x6E,0x92,0xDB,0xE1,0xC3,0x23},
        {0xC7,0xFA,0x78,0x28,0xAC,0x3E,0x79,0x2D,0x6E,0x51,0xE5,0xF8,0xAD,0xB3,0x18,0x69,0xF0,0x63,0x3C,0xBC,0x0B,0xA1,0x63,0x8B,0x99,0x1C,0xCA,0x70,0xD8,0x1E,0xC6,0x08},
    },
    {
        UINT32_C(1706),
        UINT64_C(0x17010739FB0E9279),
        UINT32_C(268),
        UINT32_C(38),
        {0xC9,0xEA,0xA0,0x15,0x77,0x41,0xF7,0xE2,0x49,0xA4,0x72,0xE7,0x9E,0xEC,0x08,0x1E,0x33,0x97,0x7A,0x5F,0xDE,0x3E,0xDC,0x1D,0xD9,0x5F,0x58,0xDF,0x32,0xE4,0x31,0x86},
        {0x91,0x95,0xCF,0xED,0xCA,0x7C,0x8D,0xC3,0x97,0x59,0x65,0x5B,0x72,0xD5,0x44,0x7B,0xAF,0x43,0x10,0x53,0xBB,0x25,0x3C,0x33,0xD6,0x39,0x61,0xEF,0x2E,0x04,0xBA,0xF8},
    },
    {
        UINT32_C(1730),
        UINT64_C(0x1B97AE56B4F1486F),
        UINT32_C(268),
        UINT32_C(38),
        {0x90,0xB2,0xB8,0x00,0xE8,0x20,0x49,0x9D,0x40,0x3E,0x7E,0x5E,0xA2,0xF7,0xCD,0x3A,0xBC,0x07,0xFE,0x59,0xE7,0xED,0x08,0xEE,0x50,0xE1,0xCB,0xA2,0xD6,0xC1,0x93,0x5E},
        {0xDF,0xBF,0x77,0x38,0x69,0xD4,0x86,0x68,0x73,0xC1,0xBE,0x00,0xA0,0x05,0x05,0xCC,0xE7,0x75,0x3A,0xF8,0xDD,0x20,0x4A,0x36,0xC4,0xEC,0x66,0xC3,0x17,0xB6,0xA8,0x90},
    },
    {
        UINT32_C(1832),
        UINT64_C(0xF283567749025E97),
        UINT32_C(1024),
        UINT32_C(600),
        {0xD8,0x91,0x4E,0x7C,0x71,0xC9,0xBF,0x0C,0x73,0x84,0x54,0x0B,0x51,0x7C,0x98,0xEA,0xCA,0x2A,0x8E,0x43,0x7C,0x55,0x7E,0x61,0xC7,0x31,0x2B,0x5F,0x0E,0x3F,0x32,0x43},
        {0x17,0x62,0xEC,0xF5,0x7B,0xBA,0x6C,0x95,0x4F,0xF8,0x11,0xFF,0x74,0xDE,0x7A,0x3C,0xDF,0x1D,0x51,0xCE,0x6D,0x19,0xCF,0x7B,0x37,0x8D,0x03,0x2C,0xC2,0x1C,0xE0,0x6F},
    },
    {
        UINT32_C(1890),
        UINT64_C(0xB188E757D403F14A),
        UINT32_C(268),
        UINT32_C(38),
        {0xF8,0xC0,0x4B,0xA5,0x0D,0xF5,0xB4,0x5C,0xDE,0x5F,0x28,0xA6,0x45,0x79,0xEE,0x52,0x42,0xF2,0x9F,0xD1,0x32,0xA6,0x6A,0xAB,0xBF,0x56,0x02,0x6E,0xDB,0xD3,0xFD,0x66},
        {0x12,0x9A,0xA6,0x00,0x87,0x98,0xD4,0x95,0x01,0x5A,0xFD,0x08,0x25,0x86,0xC8,0xF2,0xCC,0x48,0xFE,0x8B,0xB0,0xD1,0x34,0x67,0xEA,0x38,0x7A,0x03,0x20,0x2B,0x19,0x54},
    },
    {
        UINT32_C(1892),
        UINT64_C(0xA4BA2E25B8EB62D4),
        UINT32_C(268),
        UINT32_C(38),
        {0xC6,0x90,0x2E,0xCA,0x2F,0x14,0x73,0xEF,0x6D,0x10,0x71,0x93,0xFC,0xD6,0x1D,0x73,0x46,0x2C,0x44,0xD3,0x0D,0x96,0x33,0x6B,0x4D,0xA5,0x19,0xE9,0xCC,0x75,0x4D,0x8E},
        {0x66,0x48,0x25,0x4E,0xDB,0x2F,0x3F,0xF2,0xE7,0xE3,0x15,0x82,0x90,0x93,0x04,0x17,0x9F,0x1D,0x9E,0x85,0x4C,0xDA,0x27,0xA6,0x4D,0x8D,0xCC,0xF4,0xE3,0xEF,0x22,0x6C},
    },
    {
        UINT32_C(1898),
        UINT64_C(0x9E3AD042DA0023DF),
        UINT32_C(268),
        UINT32_C(38),
        {0xE5,0xD5,0x5A,0x1A,0xCD,0x6B,0xDF,0xED,0x22,0xEE,0x02,0xF6,0xDE,0xB6,0xD9,0x95,0x39,0xD1,0x8A,0xB9,0x3F,0xE8,0x4D,0x00,0x20,0x60,0xFE,0x85,0x3A,0xBF,0xC7,0x2F},
        {0x8D,0x7D,0x98,0xAE,0x67,0x5F,0x76,0x73,0xF6,0x51,0x22,0x45,0x36,0xE9,0xAE,0x9B,0xD4,0xEA,0x14,0x35,0xB6,0xD4,0xD7,0x64,0xA1,0x31,0x78,0xEA,0x31,0x3B,0x36,0x1B},
    },
    {
        UINT32_C(1916),
        UINT64_C(0xD2F04FED8C8448FB),
        UINT32_C(268),
        UINT32_C(38),
        {0x9C,0x27,0x5E,0x53,0xAF,0x9A,0x4E,0xDB,0x07,0xC8,0x2D,0x33,0x08,0x37,0x1E,0x81,0x78,0x3D,0xED,0x0C,0xC1,0xCF,0x26,0xBC,0x0F,0xD4,0x43,0xAD,0xB4,0xD1,0x5C,0xBA},
        {0x6A,0x63,0xEC,0x66,0x88,0x7B,0x39,0xBB,0xE4,0x76,0xB5,0x18,0x06,0x6E,0xE8,0x08,0xAE,0xDB,0x56,0x6F,0x1C,0x4E,0x77,0xBD,0xB6,0x40,0x80,0x92,0x77,0x26,0x3B,0xE8},
    },
    {
        UINT32_C(1974),
        UINT64_C(0x7E2E4803FE6EF7E7),
        UINT32_C(268),
        UINT32_C(38),
        {0x17,0xBE,0xE1,0xF0,0x37,0x93,0x00,0x7D,0x8E,0x01,0x60,0x09,0x08,0x7A,0x36,0x62,0xA2,0x83,0x99,0x93,0x75,0x0B,0x55,0xAF,0x76,0xE8,0x81,0x91,0xAF,0x15,0x8D,0x03},
        {0x99,0x11,0x70,0x19,0xAA,0x05,0x0E,0xC8,0xA2,0x64,0xB1,0xB6,0x8A,0x35,0x40,0x38,0xED,0x9F,0x17,0x8D,0x25,0xA4,0x18,0x80,0xD5,0x07,0x48,0x67,0x12,0x67,0x90,0x0F},
    },
    {
        UINT32_C(1996),
        UINT64_C(0x449BCC64772E992E),
        UINT32_C(268),
        UINT32_C(38),
        {0x58,0x44,0xD7,0x48,0x76,0x25,0xFF,0x84,0x78,0x46,0x80,0xE4,0x92,0x4E,0x77,0xB4,0xD1,0x1E,0x60,0x2E,0xB9,0x9C,0x70,0xB8,0x0A,0xF8,0x19,0x2C,0xCC,0x41,0x6B,0xF5},
        {0xE4,0x27,0xC3,0x91,0x3D,0x86,0x3D,0x36,0xEE,0xD6,0x3E,0xAD,0x89,0x4F,0x28,0x5C,0x4A,0xC9,0x4E,0x60,0xC1,0xF4,0x2E,0xAB,0x49,0xC5,0xFA,0x2F,0x2B,0x23,0x89,0x67},
    },
    {
        UINT32_C(2014),
        UINT64_C(0x5EF80834A3F50C80),
        UINT32_C(268),
        UINT32_C(38),
        {0x5A,0xC2,0x71,0xFB,0x31,0x1E,0xF5,0x67,0x1F,0xA3,0xBA,0xE1,0x02,0x1B,0x80,0x2F,0xFF,0x4A,0xA3,0x0D,0xA0,0xDB,0xD8,0xFB,0xAF,0x30,0xCF,0x72,0xE2,0x71,0xA9,0xD1},
        {0xE2,0xFD,0x78,0xE8,0x62,0xFE,0x3D,0x69,0x5F,0xBC,0x2A,0xB8,0xD4,0xEB,0x98,0x57,0xF9,0x49,0xF8,0x82,0xCE,0x80,0x8C,0xD9,0x38,0x4D,0x18,0x8B,0xDE,0x60,0xB6,0xA2},
    },
    {
        UINT32_C(2046),
        UINT64_C(0x126D0D5D12730362),
        UINT32_C(268),
        UINT32_C(38),
        {0xD2,0xC7,0x3B,0xC3,0x2D,0xC7,0xB0,0x1E,0xE8,0xF5,0x67,0xE0,0x3C,0x96,0x78,0xD0,0x62,0x1A,0x49,0x00,0x5E,0xBB,0x12,0x57,0x8B,0x00,0x18,0xAA,0x3D,0x0C,0x1C,0x5D},
        {0x18,0x30,0x54,0x28,0xA0,0x29,0x77,0x09,0x4C,0x48,0x28,0x5B,0xCA,0xC3,0xB1,0x82,0x2E,0xCE,0x35,0x9D,0x6B,0x71,0x34,0xF6,0x51,0x68,0xF9,0x78,0x37,0x10,0x84,0xB6},
    },
    {
        UINT32_C(2138),
        UINT64_C(0x9D0009126FF0DB42),
        UINT32_C(268),
        UINT32_C(38),
        {0xC5,0xC2,0x90,0xFC,0xC7,0x7A,0x2B,0x86,0x8E,0x67,0x56,0x00,0x51,0x07,0xFA,0x28,0x99,0xFC,0x69,0x74,0xD6,0x7D,0x98,0xA1,0x08,0x49,0xF2,0x34,0x9C,0x31,0xF5,0xF8},
        {0x09,0x27,0x44,0x2F,0x10,0xE2,0x8E,0xBF,0x1D,0x3C,0x07,0xC1,0x8C,0x02,0xF0,0x45,0x8E,0xFE,0x5F,0x31,0x56,0x91,0x8F,0xB8,0x4E,0x18,0xE3,0x44,0xA4,0x6A,0xAE,0xE9},
    },
    {
        UINT32_C(2144),
        UINT64_C(0x986101D7EA5AF2CE),
        UINT32_C(268),
        UINT32_C(38),
        {0x68,0x6D,0x8A,0x2C,0x8F,0x63,0x2E,0x93,0x93,0x7C,0x44,0x50,0x3F,0x9D,0xF8,0x82,0x96,0xF5,0xF6,0xE3,0xB0,0x07,0xAC,0x0D,0xF7,0x98,0x08,0x63,0x85,0x32,0x90,0xF8},
        {0x6B,0xD5,0x42,0xC1,0x41,0x42,0x85,0x11,0x25,0x64,0x56,0xA5,0xDE,0xD9,0xE0,0xA2,0xD6,0x52,0x4E,0x06,0xD9,0x54,0x66,0x05,0xC9,0x2E,0x17,0x02,0x15,0xFB,0x51,0xC9},
    },
    {
        UINT32_C(2190),
        UINT64_C(0x12F7320319EB7969),
        UINT32_C(240),
        UINT32_C(50),
        {0x49,0xC1,0xA4,0x86,0x13,0xB2,0x52,0x0D,0xF7,0x9D,0x0F,0x5C,0x1A,0x86,0xDA,0xBB,0x07,0xC2,0x54,0x54,0x8C,0x8D,0x33,0x77,0x14,0x6D,0x91,0xBB,0xF1,0x2C,0x28,0x03},
        {0x44,0x70,0x32,0xEE,0x0D,0x95,0x9A,0xD1,0x03,0xE4,0x58,0x8D,0xB7,0x25,0x0F,0x51,0x33,0x88,0x69,0xDD,0x2A,0x70,0x88,0x4B,0xFD,0x3E,0x0E,0x0F,0xD4,0x53,0xEF,0xA1},
    },
    {
        UINT32_C(2210),
        UINT64_C(0x9BAAA389CF73048F),
        UINT32_C(304),
        UINT32_C(48),
        {0x45,0x96,0x0A,0x5D,0xB5,0xBD,0xC2,0x9E,0x28,0x87,0x66,0x58,0x00,0x62,0xB5,0x1C,0xAB,0x8A,0x53,0x65,0xFA,0xC4,0x59,0x24,0x95,0x57,0x71,0x7C,0xB9,0x51,0xC1,0xDB},
        {0xED,0xAE,0x8E,0x5C,0xAD,0xAC,0x28,0x6D,0x89,0x4A,0x6F,0x3E,0x1F,0xC0,0xF1,0xD5,0x26,0x45,0x6D,0xF7,0x82,0xF1,0x5C,0x67,0x48,0x39,0x5F,0xDB,0x4B,0x58,0x14,0x83},
    },
    {
        UINT32_C(2256),
        UINT64_C(0xE51B8FCC08C8D73B),
        UINT32_C(268),
        UINT32_C(38),
        {0xEC,0xB0,0xFB,0x93,0xD4,0x55,0x8B,0xD4,0x8C,0x4C,0xF3,0x4C,0xB4,0x84,0xEE,0xF5,0x2D,0x38,0x52,0x33,0xE5,0x33,0x05,0x93,0x42,0xF2,0xE1,0x4C,0x9A,0x47,0x11,0x19},
        {0xA1,0x59,0x33,0x68,0x15,0x5C,0xE1,0xB5,0x62,0x48,0xAA,0xB1,0xBF,0x15,0x34,0x85,0xCD,0x57,0xFA,0xB9,0x54,0x7D,0xA3,0xB9,0xAF,0xAA,0x5E,0xAC,0xD4,0x42,0x8D,0xD8},
    },
    {
        UINT32_C(2258),
        UINT64_C(0xAA037FE5E48C2AC8),
        UINT32_C(268),
        UINT32_C(38),
        {0xFA,0x7D,0xCC,0xB6,0x05,0x87,0x77,0x49,0x1F,0x44,0xBE,0x95,0x99,0x66,0x67,0x11,0xCF,0xC2,0x41,0x60,0x04,0x2B,0xF5,0xBA,0x3A,0x77,0x7E,0x32,0x94,0xF7,0x58,0x0B},
        {0x80,0x43,0x3E,0x9A,0xBB,0x20,0xF5,0xE8,0x59,0xA9,0x1E,0xE0,0xC1,0x41,0xD1,0x5B,0x56,0x91,0xB8,0x40,0x4D,0x74,0x71,0x1B,0x07,0x87,0x23,0x1E,0x4E,0x9A,0x39,0xB5},
    },
    {
        UINT32_C(2266),
        UINT64_C(0x077A067B7559E9E5),
        UINT32_C(268),
        UINT32_C(38),
        {0xE5,0xA3,0x5E,0xE6,0xBF,0x70,0x47,0x8F,0x39,0x7F,0xAB,0xD6,0x7F,0xC0,0x44,0x37,0x46,0xB6,0xEF,0xE7,0x20,0x58,0xC3,0x47,0x75,0xCF,0x87,0x92,0x10,0x47,0x03,0xE0},
        {0xF0,0x2E,0xE6,0xFE,0x2F,0x6A,0xE2,0x23,0x6D,0x6D,0x02,0xA2,0xD2,0x03,0x55,0xA0,0xC0,0x79,0xDC,0x31,0x0C,0x6F,0x95,0xEE,0x97,0x3B,0xD5,0x2F,0x43,0x92,0xA1,0x5A},
    },
    {
        UINT32_C(2300),
        UINT64_C(0xF7EAD177E8E14643),
        UINT32_C(268),
        UINT32_C(38),
        {0x96,0xD1,0x22,0xEC,0xD4,0x2F,0xC5,0x49,0x44,0x0F,0xBF,0xBF,0xDF,0x8E,0xD2,0x82,0x04,0xD3,0xBB,0x18,0xE4,0x02,0xCF,0x3C,0xC4,0x23,0x66,0x8B,0xBD,0xF2,0x69,0xBF},
        {0x2C,0xBE,0x56,0x97,0xA9,0xC7,0x4E,0x76,0x5D,0x75,0xEB,0xE8,0xD4,0x51,0xC1,0xC3,0x32,0x7A,0xA1,0xE3,0x46,0x54,0xC2,0x9E,0xAD,0x1E,0x3C,0xDD,0x17,0x4B,0xC3,0x3B},
    },
    {
        UINT32_C(2314),
        UINT64_C(0x03F260369F4D69E7),
        UINT32_C(268),
        UINT32_C(38),
        {0x8A,0x0F,0xC2,0xC6,0x9D,0x1C,0x69,0x8D,0x49,0xEE,0x80,0xC0,0x01,0xBF,0xFD,0x39,0x53,0x77,0xD5,0xCD,0xDC,0x5F,0xB1,0xEE,0xB9,0xD6,0x85,0x2B,0x52,0xA1,0xB0,0xE0},
        {0x4B,0x16,0xDF,0x66,0x6A,0x30,0xAC,0x6A,0x6E,0x93,0x99,0x72,0xD9,0x2F,0xB4,0xDB,0xFB,0x77,0x76,0xDE,0xEB,0x23,0xC4,0x0B,0x0F,0x54,0xF7,0xED,0x48,0xEB,0x88,0x63},
    },
    {
        UINT32_C(2314),
        UINT64_C(0x0F5F8D7AE673F9B3),
        UINT32_C(902),
        UINT32_C(100),
        {0x91,0x8B,0x0D,0xF2,0x3C,0xD0,0x80,0x27,0x00,0x9B,0x41,0x77,0x08,0xF5,0x6C,0x0F,0xC0,0x88,0x83,0xEA,0x9B,0x20,0x44,0xD8,0x7E,0x3D,0x0A,0xDA,0x29,0xA6,0xA7,0x74},
        {0xA6,0xDA,0x9E,0xC2,0xE0,0xDD,0xC2,0x5A,0xA5,0x11,0x95,0x06,0x3B,0xB8,0xC5,0x35,0x42,0xED,0xD5,0xBC,0xBA,0x62,0x42,0x2F,0x8C,0x20,0x91,0x37,0x12,0xED,0x3F,0xC4},
    },
    {
        UINT32_C(2350),
        UINT64_C(0x4005E43011410C63),
        UINT32_C(240),
        UINT32_C(50),
        {0x15,0x83,0x51,0x2D,0x5D,0x02,0x16,0x77,0x60,0xA1,0x33,0xA2,0x3B,0xF3,0x97,0x82,0x21,0xCC,0x91,0xE7,0x4C,0xE2,0xF2,0xE0,0x0E,0x5C,0xF3,0x6D,0xCC,0x44,0xFC,0x27},
        {0xA2,0x2A,0x7E,0x7B,0x2C,0x9C,0x49,0xD0,0x78,0xC6,0x0B,0xFF,0x74,0x3E,0x43,0x12,0x2B,0x89,0x04,0xF7,0xC1,0x26,0xC4,0xC4,0x52,0x9F,0xBF,0x57,0x7F,0x88,0xDC,0xC0},
    },
    {
        UINT32_C(2352),
        UINT64_C(0xB542B27F66541F18),
        UINT32_C(268),
        UINT32_C(38),
        {0xB8,0xC2,0x06,0xE3,0x01,0xC1,0x7E,0x74,0x96,0x87,0x45,0x81,0xA7,0x4E,0xAF,0x9C,0x6E,0x7A,0xB5,0x9F,0x8D,0x47,0x88,0x47,0x5F,0xBE,0xD3,0x6A,0x6D,0xDE,0x04,0xCA},
        {0xB9,0xF9,0x30,0x4F,0x5A,0xD0,0x9D,0xD5,0x9E,0x01,0xA7,0x87,0xA9,0xFC,0x8D,0xD3,0x19,0x72,0x88,0x40,0x6E,0x5C,0xDE,0xC2,0xF2,0x37,0x6A,0xB2,0x30,0xF8,0x01,0xC3},
    },
    {
        UINT32_C(2366),
        UINT64_C(0xE80CA1A3D1369C00),
        UINT32_C(380),
        UINT32_C(52),
        {0x8A,0x50,0xC2,0x3D,0x88,0xB7,0x00,0xCF,0x53,0x48,0x67,0x1A,0xE8,0x9C,0xF2,0xD9,0xD5,0x89,0x08,0x52,0x27,0x81,0x60,0xC7,0x19,0x0B,0xE6,0x0E,0xBC,0xA8,0xBB,0x9D},
        {0x63,0x04,0xC8,0xE6,0x65,0xC4,0xF2,0xA2,0xF8,0x29,0x80,0xF4,0x31,0x6D,0x91,0x6B,0x3C,0x9C,0x4F,0x94,0x61,0x62,0xA1,0xF0,0x20,0xE1,0x4B,0x75,0xDF,0x96,0x2C,0x4D},
    },
    {
        UINT32_C(2390),
        UINT64_C(0x9240F887C3BCE5BC),
        UINT32_C(240),
        UINT32_C(50),
        {0x15,0x83,0x51,0x2D,0x5D,0x02,0x16,0x77,0x60,0xA1,0x33,0xA2,0x3B,0xF3,0x97,0x82,0x21,0xCC,0x91,0xE7,0x4C,0xE2,0xF2,0xE0,0x0E,0x5C,0xF3,0x6D,0xCC,0x44,0xFC,0x27},
        {0xA2,0x2A,0x7E,0x7B,0x2C,0x9C,0x49,0xD0,0x78,0xC6,0x0B,0xFF,0x74,0x3E,0x43,0x12,0x2B,0x89,0x04,0xF7,0xC1,0x26,0xC4,0xC4,0x52,0x9F,0xBF,0x57,0x7F,0x88,0xDC,0xC0},
    },
    {
        UINT32_C(2392),
        UINT64_C(0x60448366378FAF55),
        UINT32_C(268),
        UINT32_C(38),
        {0x19,0xB7,0x5F,0xBC,0xD6,0xC7,0x15,0x0D,0x52,0x4A,0x20,0x99,0x1C,0x7D,0x2C,0x8C,0xF5,0xAB,0x24,0x69,0x04,0x30,0xDD,0xA1,0x6B,0x84,0x1A,0x1B,0x48,0xC5,0x68,0xC7},
        {0x5D,0xB7,0xCE,0xF1,0xEF,0x72,0x4D,0x47,0xCF,0xF8,0x8B,0xD1,0xB7,0xE5,0x21,0xF9,0x93,0xED,0x0D,0x53,0x5F,0xF8,0x33,0xFB,0x81,0x69,0x73,0x3D,0x5A,0x96,0x28,0x5B},
    },
    {
        UINT32_C(2402),
        UINT64_C(0x7F560FA09E740204),
        UINT32_C(304),
        UINT32_C(48),
        {0x1A,0x37,0xB6,0xAC,0x50,0x8D,0xD0,0xF7,0x7F,0x54,0x19,0x92,0xBA,0xAE,0xA9,0xDE,0xCD,0xCD,0x9F,0x47,0x8C,0x06,0x0D,0x9E,0x8E,0x9E,0x98,0x20,0x31,0x12,0x9F,0x72},
        {0xA5,0x0C,0xEF,0x9C,0x7E,0x54,0x63,0x6C,0xB3,0x18,0x37,0x54,0x4F,0x01,0x58,0x12,0x22,0x41,0x06,0x17,0x76,0x4B,0x17,0x56,0xA3,0x51,0xB9,0xB2,0xC6,0x45,0xB7,0x88},
    },
    {
        UINT32_C(2418),
        UINT64_C(0x71A41BB258E6B447),
        UINT32_C(1024),
        UINT32_C(600),
        {0x92,0x0B,0x97,0x0E,0x5C,0x54,0xDA,0x33,0x69,0x8F,0x54,0xDA,0xBD,0x69,0xD5,0x7E,0x61,0x7A,0xFB,0xA2,0xC8,0x4B,0x19,0xAC,0xFA,0x7C,0x43,0xF2,0x82,0xE1,0x24,0x7A},
        {0x11,0xA6,0xB7,0xF0,0x66,0xF5,0xB5,0x77,0xE4,0x46,0xD8,0x1C,0x9C,0xD1,0x1C,0xB2,0x4A,0x32,0xBC,0xA6,0xCC,0xB3,0xF0,0x44,0x14,0x42,0xA3,0xEE,0x64,0xA6,0x21,0xD2},
    },
    {
        UINT32_C(2422),
        UINT64_C(0xDC1B1993212CB01E),
        UINT32_C(1024),
        UINT32_C(600),
        {0x92,0x0B,0x97,0x0E,0x5C,0x54,0xDA,0x33,0x69,0x8F,0x54,0xDA,0xBD,0x69,0xD5,0x7E,0x61,0x7A,0xFB,0xA2,0xC8,0x4B,0x19,0xAC,0xFA,0x7C,0x43,0xF2,0x82,0xE1,0x24,0x7A},
        {0x11,0xA6,0xB7,0xF0,0x66,0xF5,0xB5,0x77,0xE4,0x46,0xD8,0x1C,0x9C,0xD1,0x1C,0xB2,0x4A,0x32,0xBC,0xA6,0xCC,0xB3,0xF0,0x44,0x14,0x42,0xA3,0xEE,0x64,0xA6,0x21,0xD2},
    },
    {
        UINT32_C(2434),
        UINT64_C(0xAAB337DE445FB936),
        UINT32_C(240),
        UINT32_C(50),
        {0x35,0x74,0x27,0xED,0xDD,0x55,0x83,0x17,0x51,0x07,0xD9,0x16,0x08,0x2E,0xE3,0x2F,0x00,0xB3,0x22,0xA1,0xB0,0x61,0x62,0x0E,0x39,0xC0,0x87,0x41,0x27,0x9F,0xB7,0x4B},
        {0x10,0xFF,0x10,0xAF,0xFE,0x88,0x7B,0x02,0x03,0x6F,0xD6,0xC9,0xB9,0x29,0xF7,0xF3,0xF1,0xBC,0xB6,0xCA,0xF9,0xD3,0xFC,0xEB,0xDA,0x8F,0xD4,0xCA,0x33,0x84,0x1C,0x15},
    },
    {
        UINT32_C(2442),
        UINT64_C(0x6F99D947A9623EA2),
        UINT32_C(268),
        UINT32_C(38),
        {0x71,0xA4,0x87,0xB5,0x41,0x23,0x5F,0x5B,0x21,0xF3,0xCE,0xE2,0x4B,0x68,0x01,0x71,0x69,0x74,0x32,0x44,0x23,0x7F,0x43,0xE3,0x12,0x52,0x63,0x38,0x8E,0x33,0xE0,0x16},
        {0xC4,0xC4,0xD5,0x6A,0x69,0xE8,0x63,0xEE,0xC9,0xAB,0x78,0x98,0x0D,0x53,0x71,0xEB,0xC8,0x43,0x44,0x5C,0xB2,0x90,0x7E,0x38,0xC7,0xD0,0x4B,0x37,0xC5,0xD6,0x3A,0xBA},
    },
    {
        UINT32_C(2454),
        UINT64_C(0xA7A2E2016A675EAF),
        UINT32_C(268),
        UINT32_C(38),
        {0xE5,0xD5,0x5A,0x1A,0xCD,0x6B,0xDF,0xED,0x22,0xEE,0x02,0xF6,0xDE,0xB6,0xD9,0x95,0x39,0xD1,0x8A,0xB9,0x3F,0xE8,0x4D,0x00,0x20,0x60,0xFE,0x85,0x3A,0xBF,0xC7,0x2F},
        {0x8D,0x7D,0x98,0xAE,0x67,0x5F,0x76,0x73,0xF6,0x51,0x22,0x45,0x36,0xE9,0xAE,0x9B,0xD4,0xEA,0x14,0x35,0xB6,0xD4,0xD7,0x64,0xA1,0x31,0x78,0xEA,0x31,0x3B,0x36,0x1B},
    },
    {
        UINT32_C(2476),
        UINT64_C(0x04BC4B4A4A714D2E),
        UINT32_C(268),
        UINT32_C(38),
        {0x67,0x0D,0x3C,0x40,0x54,0x6B,0x57,0xF8,0x48,0x93,0x23,0x65,0xD5,0x18,0x1C,0x35,0xFF,0x5F,0x14,0x7B,0x95,0xAC,0xDC,0x54,0x69,0x67,0xBD,0x1A,0xF2,0x4E,0x71,0xF9},
        {0x6C,0x43,0x4B,0x7E,0x33,0xEB,0x65,0x6B,0xFE,0x50,0x8B,0xF1,0x1A,0xE4,0x61,0x15,0x3F,0x2F,0xE8,0x7F,0x26,0xAA,0xC4,0xD3,0xAD,0xEF,0x91,0x6B,0x05,0xD8,0x7F,0x9B},
    },
    {
        UINT32_C(2506),
        UINT64_C(0xE68C681BF8D0F04E),
        UINT32_C(268),
        UINT32_C(38),
        {0x1E,0x1E,0xDF,0x4D,0xEF,0xA4,0xB1,0xA3,0x6D,0x6C,0x93,0x2A,0x0C,0x8D,0xFE,0x78,0x88,0x52,0xDA,0x60,0xEC,0xDE,0x38,0x8B,0x96,0x1D,0xC6,0xE7,0xFD,0x31,0x88,0x2A},
        {0xE1,0xDD,0xB5,0xE2,0x97,0x7E,0x34,0xB6,0x44,0xBF,0xF8,0xBA,0x92,0x89,0xEC,0x2C,0xC6,0x75,0x7F,0xAC,0x77,0x77,0x32,0x21,0x63,0x65,0x18,0x23,0x94,0x61,0xBB,0x18},
    },
    {
        UINT32_C(2516),
        UINT64_C(0x5CE26D1C77A1E2D1),
        UINT32_C(268),
        UINT32_C(38),
        {0x17,0xE7,0x0F,0xF9,0xA6,0xE0,0xD9,0xAC,0x06,0x3E,0xD5,0x16,0x51,0x0C,0x08,0xD2,0x26,0x88,0x54,0x17,0xB9,0xED,0x2D,0x0D,0x83,0x38,0x9C,0x95,0x72,0x1E,0x11,0xBD},
        {0x6C,0x9D,0x19,0x93,0x2C,0x99,0x1A,0xF9,0x62,0x7C,0x78,0xC5,0xD5,0xF0,0x4D,0x49,0xAA,0xAC,0xEF,0xAF,0x19,0x5B,0x26,0x49,0x3F,0x2F,0xBB,0x55,0xF5,0xF4,0x98,0x8D},
    },
    {
        UINT32_C(2528),
        UINT64_C(0x72B3E61643AB587C),
        UINT32_C(240),
        UINT32_C(50),
        {0x35,0x74,0x27,0xED,0xDD,0x55,0x83,0x17,0x51,0x07,0xD9,0x16,0x08,0x2E,0xE3,0x2F,0x00,0xB3,0x22,0xA1,0xB0,0x61,0x62,0x0E,0x39,0xC0,0x87,0x41,0x27,0x9F,0xB7,0x4B},
        {0x10,0xFF,0x10,0xAF,0xFE,0x88,0x7B,0x02,0x03,0x6F,0xD6,0xC9,0xB9,0x29,0xF7,0xF3,0xF1,0xBC,0xB6,0xCA,0xF9,0xD3,0xFC,0xEB,0xDA,0x8F,0xD4,0xCA,0x33,0x84,0x1C,0x15},
    },
    {
        UINT32_C(2534),
        UINT64_C(0x5D45CC559C09634C),
        UINT32_C(268),
        UINT32_C(38),
        {0x2C,0x2B,0x92,0x7C,0x24,0x71,0xE8,0xA6,0xEA,0xA2,0xD0,0xBB,0xA9,0xCD,0xA0,0xAB,0xA7,0x27,0x23,0x34,0xB0,0xBB,0x67,0xA9,0xC8,0x49,0x96,0x80,0x51,0x15,0x86,0xF0},
        {0xF6,0x3C,0xD6,0x42,0xCB,0x36,0x6A,0x48,0x5E,0xC1,0xC3,0x0D,0x92,0x4D,0xC8,0x7B,0x25,0x96,0xA7,0x9A,0x33,0x15,0x32,0xCB,0x86,0x75,0x38,0x67,0xDD,0x50,0x4C,0xE1},
    },
    {
        UINT32_C(2550),
        UINT64_C(0xDDC936408E6934EC),
        UINT32_C(304),
        UINT32_C(48),
        {0xA9,0xB2,0x48,0x89,0x94,0xA5,0xE8,0x4C,0x0C,0xA9,0xB2,0x77,0x1F,0x57,0x62,0x3A,0x5A,0xE7,0xA1,0x6B,0xE7,0xE7,0xC0,0x92,0x3F,0xE8,0x98,0x76,0x52,0xEF,0xCF,0x0E},
        {0xA0,0xAA,0xC1,0xC8,0xF8,0xD1,0x53,0x2E,0xB3,0x09,0xAB,0x81,0x73,0xC1,0xB5,0x6F,0x8F,0x52,0x64,0x17,0x3C,0xE2,0xEA,0xA2,0x6A,0x0B,0x11,0x2D,0x56,0x8A,0xEA,0x01},
    },
    {
        UINT32_C(2574),
        UINT64_C(0x9448F437DCEA732E),
        UINT32_C(268),
        UINT32_C(38),
        {0x5A,0xC2,0x71,0xFB,0x31,0x1E,0xF5,0x67,0x1F,0xA3,0xBA,0xE1,0x02,0x1B,0x80,0x2F,0xFF,0x4A,0xA3,0x0D,0xA0,0xDB,0xD8,0xFB,0xAF,0x30,0xCF,0x72,0xE2,0x71,0xA9,0xD1},
        {0xE2,0xFD,0x78,0xE8,0x62,0xFE,0x3D,0x69,0x5F,0xBC,0x2A,0xB8,0xD4,0xEB,0x98,0x57,0xF9,0x49,0xF8,0x82,0xCE,0x80,0x8C,0xD9,0x38,0x4D,0x18,0x8B,0xDE,0x60,0xB6,0xA2},
    },
    {
        UINT32_C(2598),
        UINT64_C(0x86EF8AB8F638B09D),
        UINT32_C(268),
        UINT32_C(38),
        {0x7A,0x04,0xB5,0xCD,0xEE,0x22,0x73,0x04,0xF6,0xAE,0xF3,0xD8,0x3C,0x02,0x24,0x4D,0x00,0x8A,0xCF,0xC4,0x42,0x7F,0x63,0x8E,0xAE,0x5C,0xD6,0x9F,0x34,0xB9,0xA6,0x50},
        {0x6D,0x2D,0xBD,0xEE,0xF2,0x59,0x7A,0xF2,0xAA,0x51,0x12,0x48,0x5A,0x24,0xDD,0x82,0x48,0x40,0x50,0x9B,0x52,0x8A,0x36,0xEB,0x37,0x3A,0xEF,0x35,0x04,0x0A,0x2F,0xFB},
    },
    {
        UINT32_C(2616),
        UINT64_C(0x9A3E489CD0A3AD09),
        UINT32_C(1024),
        UINT32_C(600),
        {0xD8,0x49,0x3E,0xCD,0xEC,0x99,0x3C,0x1D,0x14,0x2E,0x72,0x6F,0x80,0x3E,0xF8,0x74,0x02,0x72,0x18,0x5B,0x3B,0x3E,0xF2,0xF0,0x80,0x1C,0x37,0x0A,0x49,0xCD,0x71,0x6C},
        {0x14,0xB6,0x0B,0xAE,0xB9,0x3E,0x40,0xAE,0xB4,0xCD,0xBD,0x26,0xCE,0x85,0xAA,0x14,0x66,0x19,0x69,0xE5,0xA1,0x36,0xFC,0xAE,0xF4,0x3C,0x86,0xA6,0x52,0x12,0x48,0x22},
    },
    {
        UINT32_C(2624),
        UINT64_C(0x88C0DF8CEBA702B0),
        UINT32_C(268),
        UINT32_C(38),
        {0x54,0x82,0xEC,0xB6,0xCD,0x45,0xC8,0xB6,0x92,0x89,0x30,0x4B,0x4F,0x17,0xAF,0xF0,0xD9,0xBD,0x24,0x5F,0x12,0x7A,0xB7,0xB8,0x67,0x07,0x3C,0xDA,0x46,0x25,0xD2,0x54},
        {0x1F,0xF0,0x7A,0xFE,0x17,0x12,0x62,0x73,0xB2,0xDC,0xF2,0x75,0x91,0xCF,0xB8,0x0B,0x9F,0xE4,0x77,0x80,0xCE,0xD2,0x52,0x33,0x5E,0xCE,0x8A,0x25,0x2A,0x7B,0xA8,0xFD},
    },
    {
        UINT32_C(2624),
        UINT64_C(0x9E21E99C857F86BB),
        UINT32_C(1024),
        UINT32_C(600),
        {0xD8,0x49,0x3E,0xCD,0xEC,0x99,0x3C,0x1D,0x14,0x2E,0x72,0x6F,0x80,0x3E,0xF8,0x74,0x02,0x72,0x18,0x5B,0x3B,0x3E,0xF2,0xF0,0x80,0x1C,0x37,0x0A,0x49,0xCD,0x71,0x6C},
        {0x14,0xB6,0x0B,0xAE,0xB9,0x3E,0x40,0xAE,0xB4,0xCD,0xBD,0x26,0xCE,0x85,0xAA,0x14,0x66,0x19,0x69,0xE5,0xA1,0x36,0xFC,0xAE,0xF4,0x3C,0x86,0xA6,0x52,0x12,0x48,0x22},
    },
    {
        UINT32_C(2688),
        UINT64_C(0x05F6E443B814F7DA),
        UINT32_C(268),
        UINT32_C(38),
        {0xF8,0x24,0x21,0xEB,0x54,0xF2,0xBE,0xE6,0xAB,0xAF,0x6F,0x53,0xB3,0x66,0x23,0xD5,0x8D,0x3A,0xD1,0xCA,0x89,0x0A,0xBA,0xA7,0xD0,0x6D,0x1A,0xDA,0x98,0x29,0x0D,0x51},
        {0x6A,0x6B,0xBD,0x05,0x57,0xE1,0x92,0x6E,0x73,0xF3,0x7F,0xFC,0x5A,0x7F,0xDA,0xCE,0x03,0xBE,0xE2,0x91,0x0F,0x41,0x32,0x5A,0xD6,0x31,0x59,0x17,0x91,0xD5,0xF3,0xE0},
    },
    {
        UINT32_C(2688),
        UINT64_C(0x1CE5BEAC00B6767C),
        UINT32_C(240),
        UINT32_C(50),
        {0x49,0xC1,0xA4,0x86,0x13,0xB2,0x52,0x0D,0xF7,0x9D,0x0F,0x5C,0x1A,0x86,0xDA,0xBB,0x07,0xC2,0x54,0x54,0x8C,0x8D,0x33,0x77,0x14,0x6D,0x91,0xBB,0xF1,0x2C,0x28,0x03},
        {0x44,0x70,0x32,0xEE,0x0D,0x95,0x9A,0xD1,0x03,0xE4,0x58,0x8D,0xB7,0x25,0x0F,0x51,0x33,0x88,0x69,0xDD,0x2A,0x70,0x88,0x4B,0xFD,0x3E,0x0E,0x0F,0xD4,0x53,0xEF,0xA1},
    },
    {
        UINT32_C(2696),
        UINT64_C(0xF59367E12230240A),
        UINT32_C(268),
        UINT32_C(38),
        {0x9B,0xBA,0x59,0x8D,0xDD,0xC6,0xE7,0xF0,0xE1,0x40,0x1D,0x51,0x60,0xA9,0x9D,0xB1,0xE4,0xDF,0x0A,0x1D,0xB3,0x93,0x18,0x54,0xEE,0x6E,0x4D,0x3D,0x7F,0xAA,0x2B,0x26},
        {0x7F,0xE6,0x04,0xA8,0x6D,0xDD,0xC2,0x49,0x9B,0xB1,0xD6,0x45,0x0F,0xA9,0x98,0x5F,0x3B,0xB3,0x14,0xD3,0x46,0x95,0xF2,0x08,0x03,0xB9,0x03,0x16,0x47,0xEB,0x80,0x09},
    },
    {
        UINT32_C(2704),
        UINT64_C(0x1182829D8AEE90F9),
        UINT32_C(240),
        UINT32_C(50),
        {0x0E,0xF2,0x8C,0xBD,0xD1,0x9A,0x3A,0xD5,0xBB,0x02,0xE1,0x25,0xC4,0x29,0x13,0x21,0x21,0xD1,0x85,0xA1,0xD3,0x46,0xB8,0xB2,0xB9,0x18,0x40,0x02,0x6D,0x93,0xAE,0x02},
        {0x54,0x33,0x78,0x7C,0x4E,0xEE,0x2D,0x3E,0x41,0x19,0xB9,0xCE,0x3F,0x46,0x69,0x11,0xD9,0x1E,0x8B,0x61,0x6A,0x40,0x9E,0xD8,0x13,0x85,0x04,0x6A,0x61,0x61,0xCD,0x20},
    },
    {
        UINT32_C(2746),
        UINT64_C(0xA7D22D72943C0B49),
        UINT32_C(268),
        UINT32_C(38),
        {0x93,0xA4,0x8B,0x17,0xA7,0x60,0xC8,0x02,0x9F,0xB9,0x10,0xEF,0xBA,0xE5,0xA3,0x29,0x94,0x1A,0xB4,0x60,0xF9,0x69,0x14,0xF7,0xA6,0x63,0x27,0xF4,0x72,0xD6,0x66,0x40},
        {0x78,0xA4,0x28,0xDB,0x88,0xB1,0x39,0xA9,0x16,0x13,0x61,0x38,0xA4,0x9A,0xA8,0x9E,0xB7,0xAC,0x35,0xEC,0x7B,0x1A,0x38,0x01,0x19,0xF7,0x4E,0x16,0x5E,0x66,0x21,0xD5},
    },
    {
        UINT32_C(2776),
        UINT64_C(0x5A428CE4CDBF2B91),
        UINT32_C(240),
        UINT32_C(50),
        {0xF3,0x99,0xD1,0x1D,0x23,0xA3,0xB1,0x38,0x61,0xE1,0x0B,0x05,0xA8,0x11,0xD2,0xD6,0x77,0x00,0x40,0x1D,0xF1,0x16,0xF1,0x10,0xBF,0x40,0x51,0xA4,0xDC,0x25,0x9A,0x5C},
        {0xE5,0x3B,0x65,0xC1,0x35,0xAF,0x21,0x7C,0xC6,0xB1,0xAD,0x02,0x63,0x4F,0xB5,0x69,0x5A,0xC9,0xF0,0x8F,0x7F,0x73,0x1C,0xA5,0x1F,0xEE,0xCC,0xD5,0xDA,0xB8,0x95,0x74},
    },
    {
        UINT32_C(2780),
        UINT64_C(0x11E9A7F3994251B8),
        UINT32_C(240),
        UINT32_C(50),
        {0xA6,0x7C,0xF5,0x56,0xF1,0x48,0x8E,0xFB,0x56,0x76,0xFD,0xDB,0xC3,0xB1,0x62,0x5A,0x4A,0x96,0x20,0x21,0x40,0xCC,0x71,0x02,0xD9,0x81,0x62,0x9A,0x54,0x22,0x3D,0x9C},
        {0xFB,0xE9,0x1F,0xBF,0x56,0x1E,0x23,0xA5,0xB9,0xBC,0x88,0x88,0x6A,0x86,0x5D,0x83,0x96,0xE5,0xFE,0xD6,0xD4,0x38,0xFC,0x08,0xF5,0x1E,0x53,0x9D,0xE4,0xCE,0x88,0x17},
    },
    {
        UINT32_C(2798),
        UINT64_C(0x36B75E21242BB8B2),
        UINT32_C(1024),
        UINT32_C(600),
        {0x8A,0xEA,0xBE,0x1E,0x54,0x5D,0x82,0xA0,0x07,0x6F,0x7C,0x1E,0xC1,0x8A,0xC9,0x45,0xA3,0x2F,0xC9,0xED,0x02,0xDF,0x12,0x6F,0x2B,0xEB,0xD1,0x05,0x6C,0x97,0x56,0x97},
        {0xB2,0x50,0x22,0xC1,0xA1,0xEE,0x33,0x5D,0x45,0x59,0xBD,0xF1,0xE6,0x50,0x35,0xEF,0x63,0x36,0xA9,0x03,0x9B,0x47,0xC2,0x4E,0x4C,0x62,0xA2,0x36,0x26,0xC5,0x1D,0x86},
    },
    {
        UINT32_C(2806),
        UINT64_C(0xD0681D89021CD9DC),
        UINT32_C(268),
        UINT32_C(38),
        {0x2E,0x4D,0x54,0x77,0x91,0xFE,0xDB,0x5D,0xDE,0xC3,0x2F,0x1A,0xC2,0xB9,0x86,0x2C,0x4B,0x3C,0x2D,0x68,0xC7,0xE2,0x1E,0xD8,0xF3,0x7E,0xDF,0xB4,0xB2,0x41,0xAE,0x58},
        {0x54,0x46,0xAF,0x3F,0xB8,0xD5,0xEE,0xEA,0x4F,0xB7,0x0C,0x91,0x54,0x20,0x86,0x51,0x51,0x65,0x2D,0x2D,0x1D,0x0A,0x5D,0x15,0x77,0x9B,0x14,0xC7,0xD3,0x31,0x23,0x7C},
    },
    {
        UINT32_C(2860),
        UINT64_C(0x95C9BECD805A9EBE),
        UINT32_C(1024),
        UINT32_C(600),
        {0x8A,0xEA,0xBE,0x1E,0x54,0x5D,0x82,0xA0,0x07,0x6F,0x7C,0x1E,0xC1,0x8A,0xC9,0x45,0xA3,0x2F,0xC9,0xED,0x02,0xDF,0x12,0x6F,0x2B,0xEB,0xD1,0x05,0x6C,0x97,0x56,0x97},
        {0xB2,0x50,0x22,0xC1,0xA1,0xEE,0x33,0x5D,0x45,0x59,0xBD,0xF1,0xE6,0x50,0x35,0xEF,0x63,0x36,0xA9,0x03,0x9B,0x47,0xC2,0x4E,0x4C,0x62,0xA2,0x36,0x26,0xC5,0x1D,0x86},
    },
    {
        UINT32_C(2896),
        UINT64_C(0x31DB9519EAADD78C),
        UINT32_C(304),
        UINT32_C(48),
        {0x45,0x96,0x0A,0x5D,0xB5,0xBD,0xC2,0x9E,0x28,0x87,0x66,0x58,0x00,0x62,0xB5,0x1C,0xAB,0x8A,0x53,0x65,0xFA,0xC4,0x59,0x24,0x95,0x57,0x71,0x7C,0xB9,0x51,0xC1,0xDB},
        {0xED,0xAE,0x8E,0x5C,0xAD,0xAC,0x28,0x6D,0x89,0x4A,0x6F,0x3E,0x1F,0xC0,0xF1,0xD5,0x26,0x45,0x6D,0xF7,0x82,0xF1,0x5C,0x67,0x48,0x39,0x5F,0xDB,0x4B,0x58,0x14,0x83},
    },
    {
        UINT32_C(2922),
        UINT64_C(0x798EEA84ED776E90),
        UINT32_C(268),
        UINT32_C(38),
        {0x40,0xF4,0x1E,0xEF,0xC3,0x84,0x8E,0x0C,0x1E,0x35,0xE1,0x41,0x9D,0x1A,0x37,0x97,0xB8,0x61,0xEB,0xE7,0x74,0xBA,0x01,0xFF,0x5D,0x9A,0x8B,0x5E,0xEA,0xA7,0x61,0x95},
        {0xF0,0xEF,0xE3,0x6A,0xFB,0x8A,0xE6,0x6D,0x67,0xBF,0x25,0x48,0xB0,0xF9,0x9F,0xE6,0xC5,0x42,0x2C,0x81,0x8C,0xDD,0x8B,0xDB,0xB6,0x98,0xCD,0xF3,0x9C,0x70,0x72,0x3D},
    },
    {
        UINT32_C(2936),
        UINT64_C(0x2DA30B3E5311D9E5),
        UINT32_C(902),
        UINT32_C(100),
        {0xE5,0xD2,0xF6,0xD0,0xE1,0x6F,0x1A,0x45,0x68,0x53,0x61,0x45,0x97,0xFC,0x23,0xBD,0x4D,0xAE,0x81,0x07,0x88,0x98,0x14,0x32,0x9F,0x50,0xDE,0xBA,0xBA,0x3D,0x52,0x9F},
        {0x30,0x88,0x72,0x29,0x75,0xFB,0xA3,0x93,0xA6,0xAE,0x61,0x04,0x04,0x11,0x70,0xAE,0xCB,0x50,0xFE,0xB2,0x5F,0x37,0x2A,0xBA,0x84,0x28,0x2F,0xDA,0x2B,0xF2,0x22,0xA7},
    },
    {
        UINT32_C(2938),
        UINT64_C(0x80B51A3285706FBD),
        UINT32_C(240),
        UINT32_C(50),
        {0x00,0x48,0xE4,0x13,0xA1,0x3F,0xAB,0x33,0x16,0x75,0x9F,0x4C,0x04,0x82,0x77,0x43,0x70,0x21,0x0D,0x7D,0x81,0x94,0xE1,0x35,0x8D,0x16,0xA6,0xE2,0xA2,0x16,0xAC,0xDA},
        {0xB0,0x49,0x98,0xE1,0x7C,0xA1,0xFC,0xB1,0x08,0x19,0x9D,0x2D,0x0E,0x0E,0x03,0x66,0x15,0x7E,0x85,0xEE,0x5C,0xF1,0x46,0x08,0x94,0x9F,0xF3,0x70,0x7A,0xB1,0x1A,0x7E},
    },
    {
        UINT32_C(2976),
        UINT64_C(0x43179774C7864EDF),
        UINT32_C(268),
        UINT32_C(38),
        {0xEB,0xDD,0xC3,0x37,0x74,0xFF,0xCC,0xE6,0x7C,0x05,0x1E,0xA2,0xE4,0x6B,0x88,0xB9,0x0D,0x62,0x36,0xC2,0x70,0xCD,0xF1,0xED,0x40,0x25,0xA4,0x2E,0x94,0xDA,0x0C,0xB2},
        {0x54,0x13,0xB2,0xD4,0x2D,0x67,0x4B,0x7A,0x4C,0x4D,0xAA,0xF7,0x4D,0x07,0x79,0x44,0x1A,0xEE,0x52,0x3E,0x62,0xD1,0xE4,0x85,0xD6,0xED,0xE1,0xEE,0xE5,0x4E,0x68,0x52},
    },
    {
        UINT32_C(2976),
        UINT64_C(0x6306C854E4E6692F),
        UINT32_C(268),
        UINT32_C(38),
        {0x91,0x8E,0x87,0x4D,0xA0,0xC8,0x36,0x17,0xD0,0x7E,0x19,0xA6,0x63,0x70,0xC6,0x23,0x1F,0xAF,0xE7,0xB4,0x4A,0xE3,0xC7,0x9A,0x88,0x9C,0x40,0x5D,0x7B,0x2F,0x78,0xA4},
        {0xA2,0x16,0x2B,0xA9,0x28,0xF7,0x1C,0x79,0xC8,0x29,0x1A,0x56,0xBA,0x23,0x00,0x3D,0x1C,0xCC,0xF4,0x99,0x21,0x53,0xD5,0xCF,0x13,0x0B,0xD7,0x76,0x93,0x34,0x85,0x11},
    },
    {
        UINT32_C(2976),
        UINT64_C(0xE629715692111BE1),
        UINT32_C(1024),
        UINT32_C(600),
        {0x86,0x9D,0x26,0x6C,0x38,0xB2,0xF2,0x38,0x59,0xAD,0xF3,0x84,0xC8,0x77,0x7A,0x26,0xDF,0x49,0xD0,0x12,0x40,0x44,0x5E,0x0C,0xBA,0x71,0x5E,0x4D,0x0A,0x91,0x2F,0xDD},
        {0x4C,0x50,0xF4,0xF8,0x71,0xCA,0x4F,0x99,0xE7,0x4E,0x88,0x7D,0xFA,0x0B,0x27,0xD4,0xF2,0xF6,0xAA,0xDD,0x59,0xDA,0x1D,0xBB,0x07,0xFD,0xD8,0xED,0xC7,0x94,0xD3,0x68},
    },
    {
        UINT32_C(2994),
        UINT64_C(0x38C07AE725212BC2),
        UINT32_C(270),
        UINT32_C(45),
        {0xFA,0xDF,0x11,0xEB,0x28,0x6C,0x35,0x18,0x65,0xBE,0x25,0x9B,0x93,0xD1,0xEA,0xBC,0x55,0x10,0x02,0x1D,0x40,0x33,0x8C,0x67,0xF0,0x12,0x60,0x8D,0x2B,0x7E,0x8A,0x3F},
        {0xB0,0xF1,0x27,0x59,0x6C,0x85,0xFB,0x6E,0xAB,0x36,0xBF,0xA9,0xB4,0x5C,0xBB,0xC3,0x11,0x3C,0x86,0x21,0x2B,0x59,0x37,0x9B,0xB1,0x28,0xCD,0x72,0xD0,0xD8,0x44,0x7B},
    },
    {
        UINT32_C(2998),
        UINT64_C(0xA05DC55DB36BB733),
        UINT32_C(268),
        UINT32_C(38),
        {0xBD,0xAD,0x87,0x34,0x41,0x96,0x1A,0xAE,0xC0,0xC6,0xA9,0x6F,0x06,0x19,0x77,0x7D,0x62,0x77,0x75,0xC5,0x15,0x70,0xC9,0xB1,0xCE,0x33,0x55,0xFF,0x02,0xC3,0x3E,0x49},
        {0x20,0xCB,0xB0,0x06,0x03,0x57,0x2E,0x71,0x91,0x1E,0x46,0x6E,0x64,0x14,0x0E,0x5E,0xB7,0xF1,0x97,0x3C,0xB4,0x57,0xA6,0x90,0x60,0xD0,0x4C,0x6B,0xD6,0xBF,0xEC,0x07},
    },
    {
        UINT32_C(3100),
        UINT64_C(0x502EC026BD91C8D5),
        UINT32_C(240),
        UINT32_C(50),
        {0x85,0xA1,0x24,0x90,0x8F,0x6B,0x40,0xE2,0xC2,0xD9,0x90,0x17,0x4A,0x9F,0x73,0xD8,0xF1,0x0F,0xE5,0x32,0x5A,0x13,0x9F,0xF8,0x36,0xA9,0x25,0x40,0x3F,0xEB,0x83,0x8A},
        {0xEA,0x31,0x91,0xEE,0x04,0x1C,0x95,0x81,0xA2,0x2D,0xC5,0x79,0x04,0xF3,0x51,0x43,0xC1,0x78,0x74,0x28,0xA3,0x5F,0xFD,0x63,0x9D,0xC6,0xF8,0x3B,0xED,0xF2,0x85,0xEE},
    },
    {
        UINT32_C(3106),
        UINT64_C(0xA7099EC57E79B575),
        UINT32_C(380),
        UINT32_C(52),
        {0x65,0x1B,0xE0,0x07,0x79,0xED,0x4B,0xFA,0x3E,0x43,0x56,0x1B,0x08,0x16,0xAF,0x56,0x69,0x81,0x99,0x57,0xB2,0xDA,0x8A,0x81,0x76,0x66,0xE3,0x74,0xFA,0x8B,0x6F,0xF3},
        {0x9C,0x4F,0x49,0xC1,0x73,0x6B,0x45,0x45,0x90,0x8E,0x6D,0xC4,0x92,0x41,0xED,0x4B,0x04,0x6D,0xEC,0x2F,0x1E,0x13,0x94,0x80,0xF0,0x1E,0xDA,0x2D,0x2A,0x31,0x0C,0x6A},
    },
    {
        UINT32_C(3112),
        UINT64_C(0xF30824C54C66C103),
        UINT32_C(268),
        UINT32_C(38),
        {0x77,0x7E,0x83,0xC8,0x9B,0x65,0x77,0x69,0x38,0xD1,0x1F,0x2E,0x81,0x6C,0x54,0x7F,0x7F,0x0A,0x04,0x73,0xB5,0xE0,0x61,0x79,0xD2,0x56,0xC9,0xE7,0x35,0x10,0xB6,0x26},
        {0xB9,0xA1,0x81,0xBF,0x8B,0xEC,0xD3,0x70,0xE0,0xCA,0xE5,0xC0,0xA6,0x49,0xE9,0x9A,0x92,0x53,0x0F,0xBB,0x71,0xAA,0xFD,0xB4,0xA2,0x6E,0xDF,0x22,0xC8,0x86,0xD6,0x37},
    },
    {
        UINT32_C(3116),
        UINT64_C(0x84BA4FC2FD922FDA),
        UINT32_C(1024),
        UINT32_C(600),
        {0x86,0x9D,0x26,0x6C,0x38,0xB2,0xF2,0x38,0x59,0xAD,0xF3,0x84,0xC8,0x77,0x7A,0x26,0xDF,0x49,0xD0,0x12,0x40,0x44,0x5E,0x0C,0xBA,0x71,0x5E,0x4D,0x0A,0x91,0x2F,0xDD},
        {0x4C,0x50,0xF4,0xF8,0x71,0xCA,0x4F,0x99,0xE7,0x4E,0x88,0x7D,0xFA,0x0B,0x27,0xD4,0xF2,0xF6,0xAA,0xDD,0x59,0xDA,0x1D,0xBB,0x07,0xFD,0xD8,0xED,0xC7,0x94,0xD3,0x68},
    },
    {
        UINT32_C(3206),
        UINT64_C(0xDD3675C954AF96EB),
        UINT32_C(268),
        UINT32_C(38),
        {0x6C,0xB6,0xEC,0xF6,0x09,0x96,0xEE,0x56,0x74,0xB4,0xB8,0x58,0x36,0x24,0xB9,0xA1,0x82,0x00,0x4E,0xD8,0x29,0x55,0x52,0x69,0x89,0x10,0x20,0x47,0xD7,0x28,0xB4,0x26},
        {0xA6,0xE9,0x31,0xA3,0x1D,0xBD,0x4E,0xC6,0x5D,0x08,0xB3,0x52,0x8F,0xBA,0x6C,0x96,0x8E,0xFA,0x98,0xE5,0x17,0x2F,0xCD,0xEE,0x7B,0x04,0xD8,0xDB,0xC3,0x28,0xBC,0x4A},
    },
    {
        UINT32_C(3224),
        UINT64_C(0xB1E22373F9BD4522),
        UINT32_C(268),
        UINT32_C(38),
        {0x68,0x6D,0x8A,0x2C,0x8F,0x63,0x2E,0x93,0x93,0x7C,0x44,0x50,0x3F,0x9D,0xF8,0x82,0x96,0xF5,0xF6,0xE3,0xB0,0x07,0xAC,0x0D,0xF7,0x98,0x08,0x63,0x85,0x32,0x90,0xF8},
        {0x6B,0xD5,0x42,0xC1,0x41,0x42,0x85,0x11,0x25,0x64,0x56,0xA5,0xDE,0xD9,0xE0,0xA2,0xD6,0x52,0x4E,0x06,0xD9,0x54,0x66,0x05,0xC9,0x2E,0x17,0x02,0x15,0xFB,0x51,0xC9},
    },
    {
        UINT32_C(3224),
        UINT64_C(0xE8F5F8405563E6E5),
        UINT32_C(1024),
        UINT32_C(600),
        {0xCB,0xC7,0x51,0xF0,0xA7,0xCB,0x09,0x9E,0x57,0xBF,0x85,0x2D,0x7B,0x15,0x2F,0xD0,0x5E,0x5B,0xE8,0x08,0xC1,0x65,0x17,0xFC,0x7A,0x4C,0x75,0xF5,0x27,0xB6,0x76,0x79},
        {0xDD,0x94,0x5A,0x6F,0x5A,0x8E,0x8F,0x24,0x24,0xDD,0x31,0x70,0xAC,0xB0,0x11,0xC2,0x4A,0x35,0xD0,0x4D,0x0A,0x1C,0x99,0xE4,0x0B,0x47,0xE2,0xDF,0x99,0x14,0x40,0x4B},
    },
    {
        UINT32_C(3226),
        UINT64_C(0x9FC7B434E49A2232),
        UINT32_C(268),
        UINT32_C(38),
        {0x84,0xCB,0xC7,0xBC,0x37,0x69,0x92,0xEE,0x56,0x00,0x90,0x6C,0x4B,0xEB,0x43,0x38,0xDC,0x29,0x22,0x26,0x3C,0x66,0x21,0x83,0x79,0xC9,0x6F,0xF3,0x1A,0x8D,0xC2,0x80},
        {0x5A,0xAA,0xF6,0x2E,0x0A,0xCA,0x77,0x78,0x6F,0x38,0xC3,0x72,0x7D,0x6B,0x7A,0x23,0x8F,0x52,0x19,0x5B,0xC7,0xAA,0xC2,0x5F,0x97,0x11,0x60,0x53,0x78,0x94,0xC2,0x04},
    },
    {
        UINT32_C(3274),
        UINT64_C(0xF81A67D858A21DDD),
        UINT32_C(188),
        UINT32_C(60),
        {0x5D,0x7C,0xF2,0xEE,0x16,0xCA,0xF3,0xF8,0x45,0x9D,0x04,0x2F,0x84,0xE2,0xBB,0x06,0xD4,0x16,0x7E,0xAE,0xE3,0x2A,0x4B,0x9A,0x8C,0x7B,0xA4,0xD6,0x1C,0x21,0x08,0xC5},
        {0x8D,0x32,0x71,0xA7,0xFE,0x3C,0x32,0x4B,0x10,0xE2,0xE1,0x74,0xB7,0xFF,0x5C,0x74,0x6C,0x83,0xEC,0x0F,0x65,0x53,0xDF,0x53,0x11,0xE4,0x66,0xF0,0x4B,0x30,0x80,0x67},
    },
    {
        UINT32_C(3288),
        UINT64_C(0x8EC158F687C15550),
        UINT32_C(1024),
        UINT32_C(600),
        {0x0A,0x1C,0x08,0x00,0x57,0xCE,0x0F,0x1F,0x95,0x32,0x85,0x08,0xAB,0xB9,0x89,0x62,0xC9,0xF0,0xCA,0xC2,0x19,0x26,0x06,0x94,0x97,0xC4,0xFE,0x91,0x0B,0xDF,0x6C,0x06},
        {0xC3,0x41,0x0D,0x4E,0x72,0xD7,0x1D,0x71,0xBE,0x30,0xB5,0x8C,0xB4,0x66,0x39,0x96,0xE6,0x5A,0x89,0x6D,0xC7,0xA7,0x1A,0x1D,0x30,0x67,0xC3,0xB9,0xC7,0x5E,0x09,0x84},
    },
    {
        UINT32_C(3290),
        UINT64_C(0x7C1F4E19515A4E35),
        UINT32_C(268),
        UINT32_C(38),
        {0xC9,0x5A,0xEE,0x26,0x0B,0xF2,0xC8,0x95,0xED,0x04,0x18,0x9D,0x9A,0x01,0x83,0xEE,0xEF,0x57,0x91,0xD6,0xB4,0x66,0xDA,0x92,0xE9,0x42,0xC9,0x99,0xFF,0x47,0x59,0x52},
        {0x58,0x22,0x00,0xE8,0x4E,0xDF,0x3D,0xE8,0xDA,0xF3,0x69,0xD6,0x14,0x87,0x61,0x9D,0x3F,0x51,0xDB,0x8A,0x1F,0x3C,0xB3,0xBB,0x9D,0x51,0xB1,0x95,0xB9,0xDA,0x85,0x1F},
    },
    {
        UINT32_C(3320),
        UINT64_C(0x12035C6116174DEA),
        UINT32_C(902),
        UINT32_C(100),
        {0x2E,0xB6,0x81,0x9C,0xB7,0x7C,0x44,0xCF,0xB1,0xD2,0xE6,0x09,0x33,0x90,0x4E,0xD3,0x13,0xDD,0x6D,0xF5,0x8A,0xC8,0x1F,0x94,0x1A,0x54,0x56,0xB2,0xA4,0x4B,0xC5,0x58},
        {0xCF,0xD8,0x18,0x2E,0xC0,0xCA,0x84,0xF8,0x25,0x4F,0x97,0xD4,0xF4,0x7E,0x13,0xAB,0xAC,0xA2,0x95,0x4A,0x20,0xEC,0x05,0x9B,0xCA,0xBB,0xFA,0x11,0x9A,0x98,0xC6,0x31},
    },
    {
        UINT32_C(3328),
        UINT64_C(0xD8C3A6E9A9F397E5),
        UINT32_C(408),
        UINT32_C(38),
        {0xCB,0x62,0xA1,0x73,0x3F,0x4B,0xC7,0x2F,0xD7,0x3F,0xF0,0xB2,0x31,0xAB,0x4E,0xEA,0x94,0x63,0x28,0x66,0x49,0x78,0xB4,0xC7,0xEE,0xEF,0xE1,0xFA,0x33,0x9D,0x62,0xB2},
        {0xE6,0x8A,0x6A,0x0F,0x46,0x8C,0x84,0x7F,0x13,0x81,0x6E,0xE1,0x0C,0x16,0x4C,0xE5,0x55,0x66,0x18,0xFD,0xC3,0x40,0x06,0xCC,0x5C,0x4D,0x69,0x39,0xCC,0x6F,0x0F,0xA4},
    },
    {
        UINT32_C(3348),
        UINT64_C(0x3D0BF935B554332C),
        UINT32_C(380),
        UINT32_C(52),
        {0xD8,0xE1,0xE5,0x2E,0xAD,0x64,0x5C,0xB7,0x97,0xE0,0x38,0x4C,0x39,0x79,0x84,0x3A,0x97,0xF9,0xE6,0x84,0x56,0x29,0x21,0x8B,0xB0,0x26,0xAF,0xEB,0x58,0x86,0x35,0x22},
        {0x42,0xD7,0xC8,0xF3,0x3B,0xC3,0x37,0x22,0xD1,0xCE,0x5F,0x76,0xCC,0x7E,0xD7,0xEB,0x7E,0xB1,0x06,0xBC,0x86,0x08,0x85,0xB1,0x1E,0x35,0x4D,0x33,0x41,0x73,0x38,0x6F},
    },
    {
        UINT32_C(3372),
        UINT64_C(0xEF31618B2F3E2ED5),
        UINT32_C(268),
        UINT32_C(38),
        {0x1E,0x90,0x47,0xA1,0x43,0x1A,0x4F,0xE5,0x6B,0x71,0xB7,0xCD,0x02,0xE7,0x8F,0x49,0x8B,0xA2,0x4B,0x34,0xC1,0xEC,0x3A,0x21,0xFF,0xD6,0x6F,0x19,0x00,0xA7,0x20,0x15},
        {0x51,0x35,0xFB,0x89,0xB8,0x68,0xD4,0xDF,0xA5,0x38,0x1B,0x54,0xF1,0xF8,0xBB,0x1D,0x5C,0xE7,0xAD,0xDE,0x68,0x47,0xEC,0x05,0xCE,0x6C,0x09,0xC2,0xC2,0x17,0x7F,0x7A},
    },
    {
        UINT32_C(3396),
        UINT64_C(0x294718095E875AE3),
        UINT32_C(268),
        UINT32_C(38),
        {0xFA,0x7D,0xCC,0xB6,0x05,0x87,0x77,0x49,0x1F,0x44,0xBE,0x95,0x99,0x66,0x67,0x11,0xCF,0xC2,0x41,0x60,0x04,0x2B,0xF5,0xBA,0x3A,0x77,0x7E,0x32,0x94,0xF7,0x58,0x0B},
        {0x80,0x43,0x3E,0x9A,0xBB,0x20,0xF5,0xE8,0x59,0xA9,0x1E,0xE0,0xC1,0x41,0xD1,0x5B,0x56,0x91,0xB8,0x40,0x4D,0x74,0x71,0x1B,0x07,0x87,0x23,0x1E,0x4E,0x9A,0x39,0xB5},
    },
    {
        UINT32_C(3416),
        UINT64_C(0x65D019F89E1E627C),
        UINT32_C(408),
        UINT32_C(38),
        {0xD0,0x55,0x6D,0xAD,0x98,0x99,0x1A,0x4F,0x42,0xB1,0xC9,0xD1,0x05,0xCE,0xE8,0x93,0xB9,0x5C,0x13,0x20,0x16,0xCD,0x54,0x0F,0xAF,0xD7,0x8B,0xCC,0x45,0x77,0xC4,0x99},
        {0x5D,0x71,0xCE,0x36,0x1E,0x1F,0xE6,0xFB,0x17,0x28,0xDD,0xE1,0xA5,0x4E,0x27,0xDA,0xCB,0xBB,0xF2,0x15,0xEA,0xFE,0xAC,0xA2,0xD9,0x23,0x43,0x69,0x26,0x4A,0x66,0x51},
    },
    {
        UINT32_C(3430),
        UINT64_C(0x06FD598F5BEA316E),
        UINT32_C(217),
        UINT32_C(34),
        {0x3A,0x15,0x13,0x43,0x8F,0x93,0x8E,0x42,0x33,0xD8,0xFB,0xFA,0x9F,0x1C,0x44,0xAE,0x2E,0x15,0x0F,0xCE,0x49,0xF5,0x5E,0x4E,0xB8,0xE0,0xEF,0x5E,0x94,0x21,0x8D,0xE0},
        {0xA6,0x4D,0xD7,0xE0,0x00,0xC1,0x1E,0xAA,0x77,0x0F,0x9B,0x11,0xE0,0x4F,0xEE,0x09,0xDC,0x01,0x3A,0xC0,0x14,0x3D,0xBA,0x24,0xAE,0xF7,0x7B,0x6C,0xA1,0x74,0x2D,0xAC},
    },
    {
        UINT32_C(3454),
        UINT64_C(0x4D69A233C82D74A6),
        UINT32_C(268),
        UINT32_C(38),
        {0xEA,0xF3,0x99,0x77,0x35,0x5D,0xA5,0xF3,0x41,0x25,0xA4,0x3C,0x49,0xC9,0xE3,0x44,0x6C,0x6F,0x20,0x91,0x90,0xAC,0x35,0xB7,0xFF,0xBD,0x29,0x1A,0x27,0x1D,0x76,0x91},
        {0x1B,0x63,0x27,0x44,0xD2,0xA6,0x54,0x4F,0xC0,0xA4,0x9B,0x63,0xDE,0x7B,0x43,0x77,0x50,0x8B,0xED,0xCD,0x4F,0x18,0x62,0xCA,0x4B,0x7B,0x8D,0x82,0xEF,0x0D,0xA8,0x54},
    },
    {
        UINT32_C(3522),
        UINT64_C(0x6294C8205F71353A),
        UINT32_C(1126),
        UINT32_C(100),
        {0x1C,0x4A,0x6F,0x1A,0xE5,0x5B,0x4B,0x60,0x3C,0x0B,0x49,0xA3,0x41,0xA7,0xB5,0x49,0x4E,0xCF,0xB1,0x73,0x11,0xF0,0x6B,0x4F,0x44,0x71,0x63,0x25,0xC4,0x02,0x50,0xAF},
        {0x79,0x11,0x9A,0x1C,0x77,0x13,0xC0,0x3E,0x7A,0x64,0x96,0xAF,0x42,0xE9,0x08,0xC2,0x24,0x0B,0x81,0x47,0xF3,0x90,0x93,0xD8,0x20,0xC9,0xB1,0xF4,0xDD,0x47,0x51,0x97},
    },
    {
        UINT32_C(3526),
        UINT64_C(0x0E3A4611981374BB),
        UINT32_C(902),
        UINT32_C(100),
        {0xC6,0x9E,0xED,0x0E,0x85,0xDA,0xE5,0x10,0xAC,0xD3,0x78,0xF9,0x44,0xB7,0x35,0xD4,0x07,0x04,0x59,0xCC,0xB4,0x34,0x04,0x62,0xAD,0x58,0xA1,0x41,0x20,0xF2,0x51,0x70},
        {0xC8,0x9A,0x5C,0x7B,0x03,0x58,0x99,0xF0,0x3C,0x41,0xEA,0xA1,0xAD,0xE9,0xE0,0xCD,0x14,0x9A,0x86,0x62,0x58,0x1C,0xBB,0x09,0x20,0xB8,0x18,0xE2,0xDB,0x13,0x5E,0x5B},
    },
    {
        UINT32_C(3528),
        UINT64_C(0x78414209C97333CE),
        UINT32_C(1024),
        UINT32_C(600),
        {0xCB,0xC7,0x51,0xF0,0xA7,0xCB,0x09,0x9E,0x57,0xBF,0x85,0x2D,0x7B,0x15,0x2F,0xD0,0x5E,0x5B,0xE8,0x08,0xC1,0x65,0x17,0xFC,0x7A,0x4C,0x75,0xF5,0x27,0xB6,0x76,0x79},
        {0xDD,0x94,0x5A,0x6F,0x5A,0x8E,0x8F,0x24,0x24,0xDD,0x31,0x70,0xAC,0xB0,0x11,0xC2,0x4A,0x35,0xD0,0x4D,0x0A,0x1C,0x99,0xE4,0x0B,0x47,0xE2,0xDF,0x99,0x14,0x40,0x4B},
    },
    {
        UINT32_C(3574),
        UINT64_C(0xC57D2F9DE91E93BB),
        UINT32_C(408),
        UINT32_C(38),
        {0x6C,0x29,0xF9,0x3F,0xC7,0x45,0x73,0x45,0x1F,0xF7,0xAE,0x70,0x95,0xAE,0xC0,0x5A,0xF2,0xC7,0x50,0xB6,0x30,0xA3,0x7F,0xFD,0x00,0x94,0x3B,0xA9,0x51,0x90,0xFC,0x1F},
        {0x61,0x3F,0xFB,0x1E,0xA6,0xB8,0xB8,0x5B,0xBF,0xDE,0x9A,0x0B,0xD3,0x14,0x8B,0xCC,0xDE,0x91,0x63,0x58,0x6C,0xC4,0xE7,0x7F,0x58,0x49,0x9F,0x26,0x2F,0x9C,0x58,0x68},
    },
    {
        UINT32_C(3606),
        UINT64_C(0x0AB2FA0FF20E25C8),
        UINT32_C(408),
        UINT32_C(38),
        {0xF8,0xAB,0x8D,0xD4,0xD9,0x7A,0x95,0x60,0xAF,0xEA,0x1E,0x36,0x73,0x6E,0x05,0x9B,0x81,0xA3,0xE2,0xF9,0x89,0xBC,0x5E,0x50,0x4E,0x4A,0x76,0x1B,0xB3,0x08,0x79,0x69},
        {0x5E,0x2E,0x8E,0xC5,0x29,0x81,0xF2,0x33,0x8A,0x85,0x21,0xDD,0xB3,0x7D,0x86,0xA8,0xD1,0x4A,0x2A,0xF7,0xF3,0x85,0x7F,0xA7,0x8B,0x12,0x0E,0x0B,0x11,0xE8,0xF9,0x81},
    },
    {
        UINT32_C(3608),
        UINT64_C(0x5D8F5E966D6F2CF4),
        UINT32_C(268),
        UINT32_C(38),
        {0x46,0x0D,0x5E,0xC3,0xF7,0xAF,0xDB,0x94,0xB7,0xF6,0x9F,0x2E,0x18,0xC2,0x87,0x75,0x33,0xA8,0x3A,0x9D,0x6B,0x4C,0x88,0x43,0xE7,0x20,0xB7,0x72,0x9D,0x88,0xC0,0xA9},
        {0xCB,0xAF,0x35,0xC4,0x7D,0x90,0x9E,0x77,0x8B,0xBE,0xEE,0x8B,0xE9,0xA6,0xED,0x47,0x6E,0x3B,0xDB,0x91,0xFB,0x8A,0x5C,0x67,0x8C,0xA9,0x3A,0x7C,0x7D,0xE8,0x7B,0x4D},
    },
    {
        UINT32_C(3656),
        UINT64_C(0x4C0DB395D615F6E2),
        UINT32_C(1024),
        UINT32_C(600),
        {0xF1,0x6F,0x49,0xA6,0x0F,0xBF,0xF3,0x2E,0xA8,0xAA,0x87,0xFA,0x34,0x0E,0xCD,0x3D,0x2D,0xE9,0x0D,0xEA,0x92,0x6B,0xAD,0xF9,0x08,0xC6,0x34,0x60,0xEB,0x30,0x34,0x06},
        {0x5B,0x0F,0x8C,0xAE,0xE9,0x71,0x32,0x69,0x81,0xE2,0x58,0x3B,0x3F,0x54,0x4C,0xDF,0x92,0x15,0x5C,0xD3,0x55,0x97,0xC3,0x7C,0x22,0x79,0xC1,0x84,0x69,0xC8,0xEA,0xC6},
    },
    {
        UINT32_C(3704),
        UINT64_C(0x17E02E965EE30E25),
        UINT32_C(408),
        UINT32_C(38),
        {0x65,0x24,0x11,0xFE,0xD2,0xBF,0x54,0x4E,0x91,0xAF,0xDE,0x9D,0x0B,0xE6,0xD6,0xA8,0xBE,0xA5,0x11,0x60,0xD0,0x80,0x1D,0x0C,0xFA,0x9F,0xD2,0x38,0x07,0xF4,0x6C,0x89},
        {0x72,0x77,0x80,0xE5,0xE8,0xBB,0x22,0x81,0xC4,0x50,0x08,0xB0,0x4D,0xE3,0x99,0x45,0x40,0xF7,0x66,0xF0,0x30,0x1A,0x71,0xE0,0x6D,0xE9,0x34,0x4A,0x93,0x3E,0x07,0x53},
    },
    {
        UINT32_C(3740),
        UINT64_C(0x6796B0241C1F6FC6),
        UINT32_C(902),
        UINT32_C(100),
        {0x91,0x8B,0x0D,0xF2,0x3C,0xD0,0x80,0x27,0x00,0x9B,0x41,0x77,0x08,0xF5,0x6C,0x0F,0xC0,0x88,0x83,0xEA,0x9B,0x20,0x44,0xD8,0x7E,0x3D,0x0A,0xDA,0x29,0xA6,0xA7,0x74},
        {0xA6,0xDA,0x9E,0xC2,0xE0,0xDD,0xC2,0x5A,0xA5,0x11,0x95,0x06,0x3B,0xB8,0xC5,0x35,0x42,0xED,0xD5,0xBC,0xBA,0x62,0x42,0x2F,0x8C,0x20,0x91,0x37,0x12,0xED,0x3F,0xC4},
    },
    {
        UINT32_C(3762),
        UINT64_C(0x7EBFAB851634CD23),
        UINT32_C(1024),
        UINT32_C(600),
        {0x0A,0x1C,0x08,0x00,0x57,0xCE,0x0F,0x1F,0x95,0x32,0x85,0x08,0xAB,0xB9,0x89,0x62,0xC9,0xF0,0xCA,0xC2,0x19,0x26,0x06,0x94,0x97,0xC4,0xFE,0x91,0x0B,0xDF,0x6C,0x06},
        {0xC3,0x41,0x0D,0x4E,0x72,0xD7,0x1D,0x71,0xBE,0x30,0xB5,0x8C,0xB4,0x66,0x39,0x96,0xE6,0x5A,0x89,0x6D,0xC7,0xA7,0x1A,0x1D,0x30,0x67,0xC3,0xB9,0xC7,0x5E,0x09,0x84},
    },
    {
        UINT32_C(3812),
        UINT64_C(0xAF8D6AA8F4CBA58E),
        UINT32_C(408),
        UINT32_C(38),
        {0x02,0x1B,0x33,0x4E,0x21,0x23,0xC5,0x4F,0x1B,0x41,0xCC,0xDF,0x62,0x61,0x56,0xAA,0x0A,0x7A,0xE2,0x4E,0x03,0x7C,0xE9,0x7D,0x87,0x3F,0x04,0x13,0x7F,0xAB,0x5A,0x5B},
        {0x71,0xCE,0x01,0x14,0x52,0x5D,0x0C,0x6F,0xD2,0x71,0xC5,0x61,0x60,0x8F,0x15,0x8F,0x71,0xFF,0x1D,0xB4,0x2D,0xF6,0xB4,0x17,0xB4,0xF0,0xF2,0x74,0x2F,0x69,0xA2,0xF3},
    },
    {
        UINT32_C(3818),
        UINT64_C(0x3BCFCC02025EC864),
        UINT32_C(902),
        UINT32_C(100),
        {0xFD,0x63,0x70,0xD4,0x44,0x67,0x78,0xBF,0xE4,0x7F,0xF1,0x5D,0xA2,0x51,0xF3,0xE9,0xA2,0x5A,0x98,0x6B,0x01,0x35,0xE4,0x69,0xBA,0xAB,0x6B,0xAA,0x18,0xB9,0x6B,0x5C},
        {0x79,0xED,0x0C,0xD8,0x22,0x2F,0xC8,0xB5,0xFA,0xD8,0x6B,0xAC,0xA7,0x6D,0x08,0xC2,0xFF,0x72,0x70,0xE5,0xA5,0x7F,0x98,0x9B,0xF5,0x63,0xCD,0x4A,0x89,0x60,0xB6,0x39},
    },
    {
        UINT32_C(3830),
        UINT64_C(0x915AE430A1072BB4),
        UINT32_C(408),
        UINT32_C(38),
        {0xBA,0x0B,0x65,0xEA,0x2D,0xEC,0x66,0xAF,0x14,0x7B,0x9E,0xBB,0xF6,0xA2,0xA5,0x1D,0xC3,0x28,0x5E,0x5B,0x18,0xAE,0xC1,0xD6,0x2F,0x61,0x46,0x90,0x3C,0x39,0x1D,0xD7},
        {0xDE,0xFA,0xB5,0x3D,0xAE,0xC8,0x4F,0x15,0x3D,0x41,0x64,0x56,0xBE,0xC1,0x5E,0xA0,0x55,0xBE,0x72,0x11,0xEF,0x28,0x4F,0x5E,0x92,0x32,0x48,0xC0,0x10,0xFC,0xA0,0x60},
    },
    {
        UINT32_C(3834),
        UINT64_C(0x28FF86E9FF1C8C08),
        UINT32_C(1280),
        UINT32_C(100),
        {0xC7,0xB4,0x75,0x85,0xB8,0xD7,0xA8,0x2C,0xB8,0x8A,0xE5,0x11,0x82,0x23,0x8F,0xFB,0xB4,0x48,0xD8,0x83,0x73,0x2F,0x81,0x36,0x42,0x07,0x77,0xC8,0x59,0xD3,0xF0,0x36},
        {0xFC,0x6E,0x10,0xC3,0x62,0x53,0xED,0xEB,0xFA,0x56,0x69,0xE4,0x24,0xA7,0xCC,0xF3,0xAE,0x58,0x91,0x45,0x98,0xDB,0x8C,0xB9,0xDB,0x49,0x32,0x7C,0x5D,0x2F,0xFB,0xA8},
    },
    {
        UINT32_C(3842),
        UINT64_C(0xAB4C3736CCA578B0),
        UINT32_C(268),
        UINT32_C(38),
        {0x6D,0xA0,0xEC,0x96,0xB6,0xBA,0x43,0xD4,0x4B,0x67,0xD0,0x3B,0x9F,0x9C,0x58,0x2B,0xA5,0x6E,0x99,0x2D,0x30,0xA8,0x76,0x5F,0x7F,0xC5,0xC7,0xE7,0x1C,0xA6,0xCC,0x95},
        {0x1A,0x19,0x54,0xDE,0xCC,0x0F,0x68,0x06,0x82,0x15,0x07,0xD2,0x48,0x0B,0xCE,0x83,0x9D,0x32,0x5B,0x0E,0xB6,0x67,0xC1,0x7B,0x6B,0x2D,0xC3,0x03,0x93,0x8A,0x65,0x13},
    },
    {
        UINT32_C(3848),
        UINT64_C(0x848F49597B76CBFD),
        UINT32_C(304),
        UINT32_C(48),
        {0x1A,0x37,0xB6,0xAC,0x50,0x8D,0xD0,0xF7,0x7F,0x54,0x19,0x92,0xBA,0xAE,0xA9,0xDE,0xCD,0xCD,0x9F,0x47,0x8C,0x06,0x0D,0x9E,0x8E,0x9E,0x98,0x20,0x31,0x12,0x9F,0x72},
        {0xA5,0x0C,0xEF,0x9C,0x7E,0x54,0x63,0x6C,0xB3,0x18,0x37,0x54,0x4F,0x01,0x58,0x12,0x22,0x41,0x06,0x17,0x76,0x4B,0x17,0x56,0xA3,0x51,0xB9,0xB2,0xC6,0x45,0xB7,0x88},
    },
    {
        UINT32_C(3862),
        UINT64_C(0xDD6FCDA8AD0E2232),
        UINT32_C(188),
        UINT32_C(60),
        {0x5D,0x7C,0xF2,0xEE,0x16,0xCA,0xF3,0xF8,0x45,0x9D,0x04,0x2F,0x84,0xE2,0xBB,0x06,0xD4,0x16,0x7E,0xAE,0xE3,0x2A,0x4B,0x9A,0x8C,0x7B,0xA4,0xD6,0x1C,0x21,0x08,0xC5},
        {0x8D,0x32,0x71,0xA7,0xFE,0x3C,0x32,0x4B,0x10,0xE2,0xE1,0x74,0xB7,0xFF,0x5C,0x74,0x6C,0x83,0xEC,0x0F,0x65,0x53,0xDF,0x53,0x11,0xE4,0x66,0xF0,0x4B,0x30,0x80,0x67},
    },
    {
        UINT32_C(3876),
        UINT64_C(0x9B0E349F0B903B12),
        UINT32_C(408),
        UINT32_C(38),
        {0x82,0xA7,0x15,0xFE,0xAB,0x34,0x9F,0x2C,0x17,0x35,0x30,0x33,0xC8,0xAF,0xEE,0x0A,0x33,0x05,0xF6,0xDA,0x10,0xDD,0x06,0xEE,0x3E,0xD5,0x91,0x2D,0x01,0x72,0x0A,0x31},
        {0x40,0x92,0x0F,0xA3,0xB2,0x1C,0x72,0x3E,0x5E,0xD1,0xA1,0xCF,0x15,0x00,0x3E,0xAC,0x88,0xAA,0xC6,0xCB,0xA7,0xC4,0xCD,0x1B,0x96,0x1D,0xDC,0x10,0xE9,0xA9,0xF3,0xDD},
    },
    {
        UINT32_C(3890),
        UINT64_C(0xA8DD6272658DA279),
        UINT32_C(1024),
        UINT32_C(600),
        {0x0B,0x37,0x1A,0xDE,0x34,0x43,0xB4,0x4E,0x16,0xE7,0x56,0xE8,0xD4,0x25,0xDB,0xA2,0x88,0x78,0x73,0xCB,0x71,0x57,0x72,0xA6,0xB1,0xB6,0x29,0x57,0x79,0xB1,0x4A,0x6C},
        {0x98,0x8E,0xEB,0x4F,0xB1,0xC1,0x38,0xE4,0x25,0x79,0xF0,0x3F,0x5E,0xD3,0x65,0xE9,0xF8,0xC2,0x9E,0x80,0x2C,0xCA,0xCE,0x60,0x44,0x0C,0xC7,0xD1,0xD3,0xE8,0xE1,0xD5},
    },
    {
        UINT32_C(3894),
        UINT64_C(0x45B8084BB61AD90A),
        UINT32_C(408),
        UINT32_C(38),
        {0x9C,0x29,0xB8,0x69,0x49,0xC7,0x44,0xB5,0xA8,0xCF,0x1F,0xB5,0x9E,0xE3,0x0E,0xEA,0xA4,0x3E,0x40,0xE9,0x00,0x09,0xC6,0x37,0xD3,0xEE,0x40,0x73,0x1B,0x8D,0xAD,0x34},
        {0x30,0x40,0xC6,0xDF,0xD5,0x9A,0x45,0x90,0x03,0xC3,0x11,0x58,0xC0,0xD5,0xD5,0xC8,0xB0,0x58,0x53,0x13,0x1E,0x67,0xCC,0x7F,0xCE,0x49,0x68,0xF5,0x9D,0x21,0x3B,0xB7},
    },
    {
        UINT32_C(3906),
        UINT64_C(0xD0D6389F3F9DE756),
        UINT32_C(902),
        UINT32_C(100),
        {0x2E,0xB6,0x81,0x9C,0xB7,0x7C,0x44,0xCF,0xB1,0xD2,0xE6,0x09,0x33,0x90,0x4E,0xD3,0x13,0xDD,0x6D,0xF5,0x8A,0xC8,0x1F,0x94,0x1A,0x54,0x56,0xB2,0xA4,0x4B,0xC5,0x58},
        {0xCF,0xD8,0x18,0x2E,0xC0,0xCA,0x84,0xF8,0x25,0x4F,0x97,0xD4,0xF4,0x7E,0x13,0xAB,0xAC,0xA2,0x95,0x4A,0x20,0xEC,0x05,0x9B,0xCA,0xBB,0xFA,0x11,0x9A,0x98,0xC6,0x31},
    },
    {
        UINT32_C(3944),
        UINT64_C(0x5BA4E44B9D8A0BB9),
        UINT32_C(408),
        UINT32_C(38),
        {0xBD,0x3B,0xC8,0x93,0x6E,0x37,0x0E,0x15,0x5F,0xD8,0x10,0xD1,0x52,0x8A,0xC0,0xC8,0xA3,0x3D,0x7F,0xF3,0x27,0x8F,0x94,0xEB,0x18,0x79,0x70,0x42,0x83,0x00,0x8E,0x93},
        {0xEC,0x75,0x71,0x34,0x7B,0xAD,0xF2,0xB4,0xAF,0x70,0x7A,0x36,0x76,0xFE,0xAE,0x18,0x54,0x1B,0x03,0xE0,0x03,0x09,0xAA,0x15,0x89,0x99,0xD0,0x3C,0x76,0xF6,0xCA,0x5C},
    },
    {
        UINT32_C(3962),
        UINT64_C(0x91B7B7DA3503B384),
        UINT32_C(1024),
        UINT32_C(600),
        {0x00,0x0D,0x68,0x1E,0xAE,0x72,0xBD,0x57,0xA7,0x5D,0xD5,0x46,0x52,0xAD,0x1B,0x0A,0xA4,0x75,0xAC,0x67,0xFB,0x82,0x0F,0x5D,0x41,0xFA,0xBE,0x50,0x9C,0x70,0x13,0x8A},
        {0xF8,0x80,0xA2,0x08,0x48,0xA0,0x54,0x21,0x90,0xAC,0x6E,0xA0,0x73,0x92,0x84,0x08,0x6C,0xD0,0x80,0x4D,0x2C,0x17,0x64,0x5C,0x48,0xFB,0xA2,0xA2,0x1E,0x32,0x9B,0xC1},
    },
    {
        UINT32_C(3988),
        UINT64_C(0x2A1C18C2E8F1B6A5),
        UINT32_C(408),
        UINT32_C(38),
        {0x6C,0x29,0xF9,0x3F,0xC7,0x45,0x73,0x45,0x1F,0xF7,0xAE,0x70,0x95,0xAE,0xC0,0x5A,0xF2,0xC7,0x50,0xB6,0x30,0xA3,0x7F,0xFD,0x00,0x94,0x3B,0xA9,0x51,0x90,0xFC,0x1F},
        {0x61,0x3F,0xFB,0x1E,0xA6,0xB8,0xB8,0x5B,0xBF,0xDE,0x9A,0x0B,0xD3,0x14,0x8B,0xCC,0xDE,0x91,0x63,0x58,0x6C,0xC4,0xE7,0x7F,0x58,0x49,0x9F,0x26,0x2F,0x9C,0x58,0x68},
    },
    {
        UINT32_C(3996),
        UINT64_C(0xD9DCBD74A95622C2),
        UINT32_C(408),
        UINT32_C(38),
        {0xD3,0x8E,0x96,0xD4,0xA1,0xB7,0x56,0xDF,0x3A,0x77,0x77,0xF2,0x63,0xA4,0x79,0x83,0x0F,0xF3,0x5F,0x74,0xE6,0x16,0x02,0x52,0x74,0x28,0x95,0x08,0xB6,0xDC,0x34,0xCD},
        {0x84,0xB6,0xA9,0xDD,0x8C,0x36,0xEA,0x76,0x70,0x20,0xAA,0x19,0x65,0x01,0x81,0xF7,0xD3,0x22,0xAE,0x7A,0x8D,0x29,0xEC,0xD2,0xBA,0x31,0x35,0x9F,0x94,0x8D,0xC9,0x5F},
    },
    {
        UINT32_C(4010),
        UINT64_C(0xEE74AF4617F85F5D),
        UINT32_C(268),
        UINT32_C(38),
        {0x72,0x46,0x2B,0x8A,0x97,0x12,0x00,0x9A,0xA2,0x05,0x6C,0x79,0x94,0xDC,0xEE,0x5A,0xEF,0x20,0xC6,0x2F,0x4E,0x1C,0xBE,0x24,0xD4,0x65,0x31,0xB9,0xD4,0x6F,0x47,0x09},
        {0x86,0xB8,0x47,0xC0,0x5D,0x9B,0x70,0x33,0x4A,0x30,0xA9,0xC0,0x7F,0x52,0xED,0xB0,0x7A,0xE9,0x44,0xFF,0x09,0x33,0x10,0x22,0x99,0x86,0x63,0x4F,0x01,0x5D,0xBE,0xC9},
    },
    {
        UINT32_C(4010),
        UINT64_C(0xF3FD208AB6458FF3),
        UINT32_C(408),
        UINT32_C(38),
        {0x73,0x31,0xA3,0xC1,0x0A,0x21,0x8B,0x05,0x6D,0x74,0x5D,0xE4,0xBD,0x7F,0x27,0xFF,0x7D,0x33,0x67,0xC8,0x72,0x33,0x2B,0x8D,0x2C,0x4B,0x6D,0xC6,0xA2,0x6C,0xC1,0x6B},
        {0xD5,0x58,0x4E,0x2C,0x60,0xEC,0x70,0x39,0x39,0x1B,0x15,0x3E,0x22,0x8B,0xB6,0x54,0xE3,0x5D,0xF7,0x73,0x40,0x88,0x06,0xD3,0x2D,0x89,0xA3,0x46,0x45,0xCE,0x2A,0xD1},
    },
    {
        UINT32_C(4026),
        UINT64_C(0x49D68A2504686ECA),
        UINT32_C(408),
        UINT32_C(38),
        {0xB9,0x67,0x63,0x0A,0x37,0xE0,0x31,0x2C,0x1C,0xF4,0xA2,0xA5,0x76,0x10,0xCB,0x39,0x93,0xD7,0x5B,0x36,0xE9,0x40,0xC9,0x42,0x7B,0x46,0xDC,0x32,0xFF,0x0F,0x31,0x1C},
        {0xAE,0xF7,0xFA,0xC2,0xB0,0x49,0x2F,0x90,0x22,0xD4,0x8D,0xDC,0x1A,0x74,0x9A,0x37,0x54,0xC7,0xA2,0x0D,0x1A,0xC7,0xCD,0x7C,0x82,0x6C,0x76,0x49,0x13,0xF0,0xDA,0xF0},
    },
    {
        UINT32_C(4106),
        UINT64_C(0x1219B77473E48CFD),
        UINT32_C(1024),
        UINT32_C(600),
        {0x19,0xD8,0x80,0x9C,0x44,0x79,0x84,0xA8,0x96,0x60,0xC0,0x47,0xA3,0x59,0xA5,0x22,0xF1,0xA8,0xFC,0x07,0x5B,0x87,0x5C,0x80,0xED,0x96,0xDB,0x6C,0xBA,0x87,0x85,0x0E},
        {0x03,0xCB,0xE8,0x76,0xB5,0x84,0xE5,0xB5,0x07,0x7C,0xA6,0xA2,0xF7,0x9C,0x53,0x98,0x01,0xED,0xAB,0x22,0x2A,0x97,0x10,0xE7,0x6C,0x14,0x36,0xDA,0xEA,0x04,0x30,0x07},
    },
    {
        UINT32_C(4112),
        UINT64_C(0x8AE0F156E50F033B),
        UINT32_C(408),
        UINT32_C(38),
        {0x02,0x1B,0x33,0x4E,0x21,0x23,0xC5,0x4F,0x1B,0x41,0xCC,0xDF,0x62,0x61,0x56,0xAA,0x0A,0x7A,0xE2,0x4E,0x03,0x7C,0xE9,0x7D,0x87,0x3F,0x04,0x13,0x7F,0xAB,0x5A,0x5B},
        {0x71,0xCE,0x01,0x14,0x52,0x5D,0x0C,0x6F,0xD2,0x71,0xC5,0x61,0x60,0x8F,0x15,0x8F,0x71,0xFF,0x1D,0xB4,0x2D,0xF6,0xB4,0x17,0xB4,0xF0,0xF2,0x74,0x2F,0x69,0xA2,0xF3},
    },
    {
        UINT32_C(4258),
        UINT64_C(0x4B5FFE875CFDE1D9),
        UINT32_C(1024),
        UINT32_C(600),
        {0xF1,0x6F,0x49,0xA6,0x0F,0xBF,0xF3,0x2E,0xA8,0xAA,0x87,0xFA,0x34,0x0E,0xCD,0x3D,0x2D,0xE9,0x0D,0xEA,0x92,0x6B,0xAD,0xF9,0x08,0xC6,0x34,0x60,0xEB,0x30,0x34,0x06},
        {0x5B,0x0F,0x8C,0xAE,0xE9,0x71,0x32,0x69,0x81,0xE2,0x58,0x3B,0x3F,0x54,0x4C,0xDF,0x92,0x15,0x5C,0xD3,0x55,0x97,0xC3,0x7C,0x22,0x79,0xC1,0x84,0x69,0xC8,0xEA,0xC6},
    },
    {
        UINT32_C(4296),
        UINT64_C(0x116934362FAD3CDA),
        UINT32_C(408),
        UINT32_C(38),
        {0xBF,0x97,0xEF,0x5F,0x41,0x24,0x4D,0xC6,0x5E,0xC2,0x7B,0x08,0x58,0x95,0x81,0x96,0xF9,0x15,0x82,0x7F,0x9B,0x7E,0x1D,0x16,0xD2,0x04,0x40,0x77,0xF1,0x8F,0x81,0x44},
        {0x16,0xF8,0x5A,0xE2,0x51,0xDA,0x04,0xA4,0x0F,0x9C,0xDE,0x69,0x79,0x60,0xE5,0xE4,0x03,0x20,0xE4,0xEC,0x47,0x83,0x8D,0x24,0xC3,0xF0,0xA5,0xFB,0xB9,0xDE,0xBC,0x40},
    },
    {
        UINT32_C(4320),
        UINT64_C(0x1936C15EF32002E0),
        UINT32_C(268),
        UINT32_C(38),
        {0xB3,0xD0,0x6B,0xAA,0xB9,0x03,0xD5,0xCD,0x93,0xD0,0x41,0x19,0x82,0x5D,0x52,0x82,0x55,0x5F,0x36,0xCF,0x02,0xA7,0x46,0x83,0xCB,0x05,0x7A,0x62,0x92,0xF2,0x79,0x7D},
        {0x31,0x01,0xCF,0x0C,0x36,0x4F,0xEF,0x08,0x47,0xA4,0xAF,0x62,0xB4,0x6F,0xEE,0x40,0xA6,0x1F,0x36,0x37,0x45,0x1D,0x69,0x59,0xA5,0xFF,0xAA,0xDE,0xD2,0x12,0x84,0x65},
    },
    {
        UINT32_C(4336),
        UINT64_C(0x80A2A830FB4897A8),
        UINT32_C(1126),
        UINT32_C(100),
        {0x6E,0x1A,0xCA,0x38,0xA7,0xBC,0x07,0x50,0xC3,0xAA,0x22,0xF6,0x7F,0x6E,0xE9,0x04,0x06,0x26,0xDA,0x47,0x05,0xD2,0xC8,0xCE,0x98,0x92,0x8B,0x97,0x7E,0x9C,0xEC,0x46},
        {0xE5,0x43,0x62,0x71,0x5E,0xD9,0x59,0x55,0xAE,0x22,0x3E,0x03,0x0F,0x23,0xD1,0x8A,0xA2,0xE4,0xC1,0xC5,0x48,0xBD,0x86,0x40,0x55,0xB8,0x88,0x82,0xA2,0xCC,0xB2,0x2B},
    },
    {
        UINT32_C(4348),
        UINT64_C(0x018C1D71C991DFE2),
        UINT32_C(1126),
        UINT32_C(100),
        {0x1C,0x4A,0x6F,0x1A,0xE5,0x5B,0x4B,0x60,0x3C,0x0B,0x49,0xA3,0x41,0xA7,0xB5,0x49,0x4E,0xCF,0xB1,0x73,0x11,0xF0,0x6B,0x4F,0x44,0x71,0x63,0x25,0xC4,0x02,0x50,0xAF},
        {0x79,0x11,0x9A,0x1C,0x77,0x13,0xC0,0x3E,0x7A,0x64,0x96,0xAF,0x42,0xE9,0x08,0xC2,0x24,0x0B,0x81,0x47,0xF3,0x90,0x93,0xD8,0x20,0xC9,0xB1,0xF4,0xDD,0x47,0x51,0x97},
    },
    {
        UINT32_C(4382),
        UINT64_C(0xF2CC9F7CBF54669A),
        UINT32_C(408),
        UINT32_C(38),
        {0xDC,0xE0,0x41,0x6E,0x53,0xEC,0xCE,0x38,0x48,0x47,0x59,0x6F,0xEA,0x92,0x2B,0x7A,0xAD,0x4D,0x69,0xF5,0xC6,0xBE,0x1C,0xBE,0x1F,0x26,0x28,0x7D,0x4E,0x55,0xEF,0x5E},
        {0xE3,0x49,0xF4,0x7F,0x24,0xA3,0xC0,0xA5,0xD0,0x6D,0xF3,0x88,0x8C,0xE0,0xC4,0x4C,0x11,0xE1,0x10,0xEE,0x83,0x84,0x3A,0x78,0x4F,0x66,0xA8,0x70,0x64,0x01,0x5D,0x5D},
    },
    {
        UINT32_C(4410),
        UINT64_C(0x2A206FE937F2F2E8),
        UINT32_C(1024),
        UINT32_C(600),
        {0xA5,0xAF,0x86,0x11,0xC8,0x5F,0x09,0xD6,0xDA,0xF5,0xC8,0x94,0xF8,0xCE,0x50,0x4F,0xBC,0x2F,0x81,0xEC,0x4A,0xC2,0xE5,0xDE,0x7D,0xA9,0xDE,0x18,0xC7,0xE2,0xA7,0xD0},
        {0x91,0xF5,0x3E,0x0C,0x05,0x9A,0x62,0x6B,0x0E,0x5C,0x30,0x10,0x1D,0x28,0x44,0x97,0xE1,0x21,0x93,0x47,0x15,0x71,0xBE,0x7D,0xF3,0xD4,0xA6,0x14,0x3E,0x0F,0x78,0x51},
    },
    {
        UINT32_C(4412),
        UINT64_C(0x09E13BB8754C7B82),
        UINT32_C(902),
        UINT32_C(100),
        {0xC6,0x9E,0xED,0x0E,0x85,0xDA,0xE5,0x10,0xAC,0xD3,0x78,0xF9,0x44,0xB7,0x35,0xD4,0x07,0x04,0x59,0xCC,0xB4,0x34,0x04,0x62,0xAD,0x58,0xA1,0x41,0x20,0xF2,0x51,0x70},
        {0xC8,0x9A,0x5C,0x7B,0x03,0x58,0x99,0xF0,0x3C,0x41,0xEA,0xA1,0xAD,0xE9,0xE0,0xCD,0x14,0x9A,0x86,0x62,0x58,0x1C,0xBB,0x09,0x20,0xB8,0x18,0xE2,0xDB,0x13,0x5E,0x5B},
    },
    {
        UINT32_C(4422),
        UINT64_C(0xB51A9F14DD791329),
        UINT32_C(408),
        UINT32_C(38),
        {0x09,0x55,0x33,0x9F,0x41,0x7B,0x3E,0x10,0x77,0x2D,0x78,0x0D,0xF9,0xEC,0x9A,0x08,0xC6,0x5B,0x2B,0xA4,0x50,0xE3,0x93,0xBB,0x79,0xB2,0x31,0xC2,0x61,0x0B,0x9E,0x3D},
        {0x28,0x8B,0xD9,0xFD,0xB1,0x9D,0x92,0x1C,0x1D,0x19,0x45,0x12,0xFA,0x65,0x12,0x4B,0x26,0xF3,0x83,0x56,0xC5,0xF5,0x44,0xC1,0x8F,0xA7,0x07,0xA5,0x41,0xE1,0x65,0x93},
    },
    {
        UINT32_C(4434),
        UINT64_C(0x4AAFEA27CC8CF2EE),
        UINT32_C(380),
        UINT32_C(52),
        {0x8A,0x50,0xC2,0x3D,0x88,0xB7,0x00,0xCF,0x53,0x48,0x67,0x1A,0xE8,0x9C,0xF2,0xD9,0xD5,0x89,0x08,0x52,0x27,0x81,0x60,0xC7,0x19,0x0B,0xE6,0x0E,0xBC,0xA8,0xBB,0x9D},
        {0x63,0x04,0xC8,0xE6,0x65,0xC4,0xF2,0xA2,0xF8,0x29,0x80,0xF4,0x31,0x6D,0x91,0x6B,0x3C,0x9C,0x4F,0x94,0x61,0x62,0xA1,0xF0,0x20,0xE1,0x4B,0x75,0xDF,0x96,0x2C,0x4D},
    },
    {
        UINT32_C(4436),
        UINT64_C(0x4F809EB308B0F0E2),
        UINT32_C(902),
        UINT32_C(100),
        {0x91,0x8B,0x0D,0xF2,0x3C,0xD0,0x80,0x27,0x00,0x9B,0x41,0x77,0x08,0xF5,0x6C,0x0F,0xC0,0x88,0x83,0xEA,0x9B,0x20,0x44,0xD8,0x7E,0x3D,0x0A,0xDA,0x29,0xA6,0xA7,0x74},
        {0xA6,0xDA,0x9E,0xC2,0xE0,0xDD,0xC2,0x5A,0xA5,0x11,0x95,0x06,0x3B,0xB8,0xC5,0x35,0x42,0xED,0xD5,0xBC,0xBA,0x62,0x42,0x2F,0x8C,0x20,0x91,0x37,0x12,0xED,0x3F,0xC4},
    },
    {
        UINT32_C(4476),
        UINT64_C(0x59FDCB05FD5BDD9A),
        UINT32_C(214),
        UINT32_C(60),
        {0x45,0x24,0xB3,0xD7,0xA8,0x90,0x14,0x75,0x32,0x44,0xF6,0x02,0x39,0x85,0xBF,0x78,0x8D,0x58,0xD1,0x7C,0x11,0xEE,0x75,0x68,0xFB,0x83,0x50,0x15,0x31,0x8A,0xBE,0x02},
        {0x8B,0x3E,0x89,0x1C,0x32,0x94,0xFF,0x7F,0x7C,0xC3,0x8A,0x84,0x08,0xD5,0x2A,0x2D,0xF9,0xA4,0x7E,0x84,0x7B,0x57,0x79,0x3B,0x33,0xDA,0x97,0x62,0xAF,0x5A,0x15,0x16},
    },
    {
        UINT32_C(4490),
        UINT64_C(0xEA20B23A4106A94F),
        UINT32_C(408),
        UINT32_C(38),
        {0xBA,0x0B,0x65,0xEA,0x2D,0xEC,0x66,0xAF,0x14,0x7B,0x9E,0xBB,0xF6,0xA2,0xA5,0x1D,0xC3,0x28,0x5E,0x5B,0x18,0xAE,0xC1,0xD6,0x2F,0x61,0x46,0x90,0x3C,0x39,0x1D,0xD7},
        {0xDE,0xFA,0xB5,0x3D,0xAE,0xC8,0x4F,0x15,0x3D,0x41,0x64,0x56,0xBE,0xC1,0x5E,0xA0,0x55,0xBE,0x72,0x11,0xEF,0x28,0x4F,0x5E,0x92,0x32,0x48,0xC0,0x10,0xFC,0xA0,0x60},
    },
    {
        UINT32_C(4514),
        UINT64_C(0x9CBCD83C82041D03),
        UINT32_C(408),
        UINT32_C(38),
        {0xBB,0x99,0x53,0xC4,0x37,0xA9,0xD3,0x3F,0x17,0x7E,0xEA,0x5C,0x44,0x08,0x6A,0xDB,0xD7,0xFF,0xD6,0x73,0x89,0xBB,0x42,0x8A,0xEF,0x4A,0xAE,0xDF,0x58,0x7E,0xDE,0x0D},
        {0xFC,0x25,0x43,0x2A,0xC5,0x4C,0xD6,0x02,0xC9,0xBE,0xB0,0x90,0x4D,0x9C,0xA3,0xBA,0x94,0xE9,0x5C,0x41,0x2E,0x9F,0x11,0x9F,0x42,0x5F,0x20,0x42,0x4F,0xB1,0xB7,0x49},
    },
    {
        UINT32_C(4584),
        UINT64_C(0xF2C9E4E61AD77462),
        UINT32_C(304),
        UINT32_C(48),
        {0xC3,0xEA,0xDB,0x76,0xA9,0x3F,0xAE,0x24,0x0C,0x23,0xDC,0xAB,0xA1,0x77,0xD7,0x93,0x44,0xAB,0x7B,0xB8,0x5C,0x9F,0x77,0xA8,0xEE,0x62,0x0C,0x26,0x6A,0x7D,0x89,0x38},
        {0xE7,0xAF,0xAF,0x2B,0xC8,0xDB,0xEB,0x0D,0x0D,0xB2,0x2A,0x94,0x02,0x31,0x51,0xB2,0x86,0x63,0x30,0x56,0x8C,0xE5,0x4E,0xF4,0x6E,0x02,0x0E,0xD1,0x2E,0x8C,0xC2,0xD7},
    },
    {
        UINT32_C(4648),
        UINT64_C(0xDA84AC284EC3685A),
        UINT32_C(408),
        UINT32_C(38),
        {0xD9,0xF4,0x10,0x56,0x41,0xAF,0xF5,0x85,0xFF,0xBD,0xED,0x03,0x6C,0x89,0x53,0x23,0xE7,0x6F,0x01,0x8D,0xAA,0xCB,0x93,0x55,0xEF,0xA4,0xA1,0x0D,0xE6,0x47,0x9B,0xD3},
        {0x1F,0xA0,0x06,0x47,0xFE,0x81,0xC4,0x03,0xB0,0xFA,0x30,0x9C,0xC5,0xD1,0xF9,0x85,0xC9,0x08,0x9E,0xFA,0x4F,0x28,0x19,0xA9,0xD4,0xF3,0x0C,0x72,0x7E,0xA9,0x1E,0x2F},
    },
    {
        UINT32_C(4660),
        UINT64_C(0x49124FE0D436B0BA),
        UINT32_C(1024),
        UINT32_C(600),
        {0x6F,0x0A,0x27,0x5D,0xBD,0xEF,0xA1,0x97,0xE3,0xA1,0x05,0xB7,0xC0,0x2E,0x68,0x09,0x43,0x36,0xBB,0x81,0x7F,0x4D,0xD2,0xE7,0x2A,0x3A,0xA2,0x98,0x31,0x1F,0x00,0xDC},
        {0x93,0xED,0x12,0x1F,0xCA,0xF0,0xCD,0x62,0xD9,0x5D,0xCD,0x6F,0x42,0x98,0xED,0xD1,0xB3,0xAF,0x54,0xF8,0xF0,0x1A,0xD5,0x01,0xDA,0x57,0x62,0x28,0x1F,0x26,0x44,0x74},
    },
    {
        UINT32_C(4678),
        UINT64_C(0x0E4B43CBADFEDACB),
        UINT32_C(408),
        UINT32_C(38),
        {0x0B,0xA6,0x4A,0x40,0xDE,0xC7,0xBC,0xCA,0x23,0xD7,0xBE,0xCA,0x14,0x44,0xBC,0xC4,0x05,0x51,0xC4,0x15,0x1F,0x84,0xEB,0x3B,0x29,0xE4,0xE2,0x1A,0x2A,0x34,0x6A,0x78},
        {0x4E,0xBC,0xBE,0xCC,0x85,0xB1,0x16,0x9E,0xE0,0xA3,0xD8,0xAB,0xB1,0x98,0x27,0x7D,0x9E,0x99,0xB0,0x24,0xBF,0x33,0xEA,0x5D,0xC7,0x58,0xBC,0xF7,0x20,0x69,0x58,0xD0},
    },
    {
        UINT32_C(4712),
        UINT64_C(0xFCBCC8759939A6B8),
        UINT32_C(408),
        UINT32_C(38),
        {0x9C,0x29,0xB8,0x69,0x49,0xC7,0x44,0xB5,0xA8,0xCF,0x1F,0xB5,0x9E,0xE3,0x0E,0xEA,0xA4,0x3E,0x40,0xE9,0x00,0x09,0xC6,0x37,0xD3,0xEE,0x40,0x73,0x1B,0x8D,0xAD,0x34},
        {0x30,0x40,0xC6,0xDF,0xD5,0x9A,0x45,0x90,0x03,0xC3,0x11,0x58,0xC0,0xD5,0xD5,0xC8,0xB0,0x58,0x53,0x13,0x1E,0x67,0xCC,0x7F,0xCE,0x49,0x68,0xF5,0x9D,0x21,0x3B,0xB7},
    },
    {
        UINT32_C(4754),
        UINT64_C(0xA34A0D0C187908B5),
        UINT32_C(408),
        UINT32_C(38),
        {0xBD,0x3B,0xC8,0x93,0x6E,0x37,0x0E,0x15,0x5F,0xD8,0x10,0xD1,0x52,0x8A,0xC0,0xC8,0xA3,0x3D,0x7F,0xF3,0x27,0x8F,0x94,0xEB,0x18,0x79,0x70,0x42,0x83,0x00,0x8E,0x93},
        {0xEC,0x75,0x71,0x34,0x7B,0xAD,0xF2,0xB4,0xAF,0x70,0x7A,0x36,0x76,0xFE,0xAE,0x18,0x54,0x1B,0x03,0xE0,0x03,0x09,0xAA,0x15,0x89,0x99,0xD0,0x3C,0x76,0xF6,0xCA,0x5C},
    },
    {
        UINT32_C(4772),
        UINT64_C(0x88DC626921072F45),
        UINT32_C(902),
        UINT32_C(100),
        {0x89,0xF5,0x26,0x0A,0x53,0x5A,0x45,0x4C,0xB5,0x83,0xEF,0xBE,0xF1,0x85,0x01,0x7C,0x39,0xE0,0x75,0xAD,0x28,0x2B,0x10,0x79,0x03,0xDB,0x76,0xE6,0x00,0x09,0xCE,0xC1},
        {0x8D,0x05,0xB1,0x4B,0xBD,0x78,0x0F,0x32,0x5A,0x67,0x52,0x7C,0xC9,0x27,0xEC,0xA7,0xB8,0x43,0xBB,0x26,0x7D,0xF0,0x21,0x28,0xD5,0x31,0xE0,0x16,0xE2,0x36,0x06,0x79},
    },
    {
        UINT32_C(4788),
        UINT64_C(0xAE1CC39C0AD20AC7),
        UINT32_C(1280),
        UINT32_C(100),
        {0x35,0x5E,0xC6,0x59,0xA8,0x25,0xCF,0x3E,0x98,0x9A,0x43,0xCD,0x3F,0x32,0x1D,0x5C,0xFE,0x5B,0x08,0xD2,0x15,0x84,0x00,0xA7,0x20,0x0D,0x51,0x43,0xC9,0x23,0xA0,0xD0},
        {0x23,0x42,0xE0,0x76,0x78,0xBB,0x3F,0xA5,0x18,0x5E,0x85,0x39,0x5B,0x6B,0x6F,0x0E,0x5E,0x73,0x38,0x38,0x08,0xB8,0x7B,0xA3,0x0D,0xCC,0xE1,0x65,0x4A,0xF1,0x35,0x08},
    },
    {
        UINT32_C(4812),
        UINT64_C(0xDCA1FF69A9153A85),
        UINT32_C(408),
        UINT32_C(38),
        {0xF8,0xAB,0x8D,0xD4,0xD9,0x7A,0x95,0x60,0xAF,0xEA,0x1E,0x36,0x73,0x6E,0x05,0x9B,0x81,0xA3,0xE2,0xF9,0x89,0xBC,0x5E,0x50,0x4E,0x4A,0x76,0x1B,0xB3,0x08,0x79,0x69},
        {0x5E,0x2E,0x8E,0xC5,0x29,0x81,0xF2,0x33,0x8A,0x85,0x21,0xDD,0xB3,0x7D,0x86,0xA8,0xD1,0x4A,0x2A,0xF7,0xF3,0x85,0x7F,0xA7,0x8B,0x12,0x0E,0x0B,0x11,0xE8,0xF9,0x81},
    },
    {
        UINT32_C(4816),
        UINT64_C(0x896870AAD109D0AC),
        UINT32_C(902),
        UINT32_C(100),
        {0xFD,0x63,0x70,0xD4,0x44,0x67,0x78,0xBF,0xE4,0x7F,0xF1,0x5D,0xA2,0x51,0xF3,0xE9,0xA2,0x5A,0x98,0x6B,0x01,0x35,0xE4,0x69,0xBA,0xAB,0x6B,0xAA,0x18,0xB9,0x6B,0x5C},
        {0x79,0xED,0x0C,0xD8,0x22,0x2F,0xC8,0xB5,0xFA,0xD8,0x6B,0xAC,0xA7,0x6D,0x08,0xC2,0xFF,0x72,0x70,0xE5,0xA5,0x7F,0x98,0x9B,0xF5,0x63,0xCD,0x4A,0x89,0x60,0xB6,0x39},
    },
    {
        UINT32_C(4816),
        UINT64_C(0xA707815CFA655A58),
        UINT32_C(1024),
        UINT32_C(600),
        {0x0B,0x37,0x1A,0xDE,0x34,0x43,0xB4,0x4E,0x16,0xE7,0x56,0xE8,0xD4,0x25,0xDB,0xA2,0x88,0x78,0x73,0xCB,0x71,0x57,0x72,0xA6,0xB1,0xB6,0x29,0x57,0x79,0xB1,0x4A,0x6C},
        {0x98,0x8E,0xEB,0x4F,0xB1,0xC1,0x38,0xE4,0x25,0x79,0xF0,0x3F,0x5E,0xD3,0x65,0xE9,0xF8,0xC2,0x9E,0x80,0x2C,0xCA,0xCE,0x60,0x44,0x0C,0xC7,0xD1,0xD3,0xE8,0xE1,0xD5},
    },
    {
        UINT32_C(4818),
        UINT64_C(0x2073C3079966A22F),
        UINT32_C(1024),
        UINT32_C(600),
        {0x77,0xBA,0xC3,0x9B,0x7E,0xEC,0xA9,0xFB,0x5A,0x90,0xD0,0xC5,0xF6,0x98,0xC4,0x97,0x95,0x57,0xC6,0x63,0xB7,0x35,0x31,0x57,0x6E,0x20,0x6A,0x98,0x2B,0x6B,0x1C,0xE2},
        {0xF0,0x07,0x5D,0x02,0x2E,0x05,0xCE,0x04,0x4F,0x4C,0x24,0x94,0xEC,0xA8,0xAC,0x70,0x36,0xA9,0x3C,0x19,0x14,0xBB,0xAE,0x37,0xAF,0x95,0x42,0xD1,0x42,0x73,0x77,0x9E},
    },
    {
        UINT32_C(4840),
        UINT64_C(0x8CA3E20720E0B901),
        UINT32_C(1280),
        UINT32_C(100),
        {0xC7,0xB4,0x75,0x85,0xB8,0xD7,0xA8,0x2C,0xB8,0x8A,0xE5,0x11,0x82,0x23,0x8F,0xFB,0xB4,0x48,0xD8,0x83,0x73,0x2F,0x81,0x36,0x42,0x07,0x77,0xC8,0x59,0xD3,0xF0,0x36},
        {0xFC,0x6E,0x10,0xC3,0x62,0x53,0xED,0xEB,0xFA,0x56,0x69,0xE4,0x24,0xA7,0xCC,0xF3,0xAE,0x58,0x91,0x45,0x98,0xDB,0x8C,0xB9,0xDB,0x49,0x32,0x7C,0x5D,0x2F,0xFB,0xA8},
    },
    {
        UINT32_C(4874),
        UINT64_C(0x746748CF23450D55),
        UINT32_C(304),
        UINT32_C(48),
        {0xC3,0xEA,0xDB,0x76,0xA9,0x3F,0xAE,0x24,0x0C,0x23,0xDC,0xAB,0xA1,0x77,0xD7,0x93,0x44,0xAB,0x7B,0xB8,0x5C,0x9F,0x77,0xA8,0xEE,0x62,0x0C,0x26,0x6A,0x7D,0x89,0x38},
        {0xE7,0xAF,0xAF,0x2B,0xC8,0xDB,0xEB,0x0D,0x0D,0xB2,0x2A,0x94,0x02,0x31,0x51,0xB2,0x86,0x63,0x30,0x56,0x8C,0xE5,0x4E,0xF4,0x6E,0x02,0x0E,0xD1,0x2E,0x8C,0xC2,0xD7},
    },
    {
        UINT32_C(4946),
        UINT64_C(0xA8E8B13D97D0915F),
        UINT32_C(408),
        UINT32_C(38),
        {0x98,0x2C,0xD3,0xB2,0xEE,0x5F,0x9E,0x56,0x41,0x9D,0xFF,0x28,0xE2,0x57,0x2B,0x95,0x4C,0xBF,0x86,0xEE,0xCD,0xB6,0x1D,0xFC,0x1D,0x04,0xC8,0xAB,0x12,0x0B,0x9B,0xBE},
        {0x4B,0x94,0x8D,0x92,0x86,0xDC,0x18,0x8B,0xCF,0x61,0xAC,0xCA,0x0E,0xCA,0xFE,0x4D,0x95,0xB0,0x96,0xFA,0xB1,0xB6,0x9D,0x92,0x4D,0x64,0x37,0x38,0x26,0xED,0x76,0xE9},
    },
    {
        UINT32_C(4966),
        UINT64_C(0xCB70BF73DD9A00B5),
        UINT32_C(1024),
        UINT32_C(600),
        {0x1A,0xAD,0x5A,0x30,0x2C,0xF4,0x14,0x88,0x1B,0x7C,0x5B,0x1A,0x81,0x54,0x07,0x64,0x03,0x68,0xED,0x11,0x13,0x3F,0x73,0xA2,0x77,0x89,0xF4,0xC2,0x48,0x77,0x20,0x71},
        {0x86,0xC7,0xD1,0x32,0x38,0x7F,0x7F,0x04,0x50,0x69,0x3C,0x86,0x5D,0x5E,0xE4,0xFE,0xC6,0x5D,0x67,0x8A,0xEF,0xAF,0xF3,0x76,0x3C,0x4D,0xDF,0x38,0xBE,0xD3,0xD7,0x37},
    },
    {
        UINT32_C(5008),
        UINT64_C(0x836713FBDD00A681),
        UINT32_C(1126),
        UINT32_C(100),
        {0x6E,0x1A,0xCA,0x38,0xA7,0xBC,0x07,0x50,0xC3,0xAA,0x22,0xF6,0x7F,0x6E,0xE9,0x04,0x06,0x26,0xDA,0x47,0x05,0xD2,0xC8,0xCE,0x98,0x92,0x8B,0x97,0x7E,0x9C,0xEC,0x46},
        {0xE5,0x43,0x62,0x71,0x5E,0xD9,0x59,0x55,0xAE,0x22,0x3E,0x03,0x0F,0x23,0xD1,0x8A,0xA2,0xE4,0xC1,0xC5,0x48,0xBD,0x86,0x40,0x55,0xB8,0x88,0x82,0xA2,0xCC,0xB2,0x2B},
    },
    {
        UINT32_C(5062),
        UINT64_C(0x4E4814FCE925411D),
        UINT32_C(214),
        UINT32_C(60),
        {0x3A,0x72,0xC1,0xB9,0x0B,0xA3,0x37,0xA7,0xC4,0x69,0x41,0xA1,0xCD,0xD0,0xFC,0x9C,0xFD,0xB3,0xB3,0x56,0x11,0x8F,0x65,0x66,0x20,0x8A,0xFC,0xE3,0x03,0x59,0x37,0xA6},
        {0x64,0x30,0xC9,0x80,0x00,0x4E,0x95,0xD5,0xBF,0x7B,0xF8,0x9D,0xC3,0x9E,0x4B,0x31,0xE9,0x74,0x4F,0x3E,0x73,0x8C,0x9B,0xAC,0x9B,0xBD,0xCE,0xA8,0x18,0x60,0x1C,0x8C},
    },
    {
        UINT32_C(5076),
        UINT64_C(0xAABCCA130E29BBF6),
        UINT32_C(304),
        UINT32_C(48),
        {0xA5,0xC5,0x30,0x25,0xF7,0x97,0xB0,0xD7,0x5E,0x05,0x94,0xAB,0xB0,0x67,0x2E,0x23,0xB4,0xB3,0x5E,0xFA,0x0C,0x59,0x3A,0x1E,0xB9,0xE3,0x61,0x7A,0x53,0x99,0x5A,0x31},
        {0xBA,0x44,0x4D,0x5B,0x47,0xEF,0xF5,0xDF,0x01,0xC5,0x78,0x02,0x6C,0x20,0x10,0x14,0x8D,0xAA,0x13,0x76,0x3B,0xFC,0x7D,0xD0,0x42,0xD3,0x35,0x5E,0x4E,0xCE,0xEC,0x63},
    },
    {
        UINT32_C(5078),
        UINT64_C(0xCA764851571E691F),
        UINT32_C(304),
        UINT32_C(48),
        {0x56,0xCD,0xBD,0x6C,0xD2,0xF4,0x2A,0x88,0xF4,0x2A,0x4A,0x08,0xB1,0xD5,0x78,0xB0,0x9A,0x95,0x00,0x56,0xB9,0x94,0xBF,0x2C,0xE4,0xB5,0xFD,0x63,0x71,0x66,0x7B,0xF9},
        {0x03,0x7D,0x5E,0xBA,0xD1,0x12,0xBD,0xD9,0xE3,0x75,0x3B,0xD3,0x15,0x64,0xBF,0xBA,0x39,0xD0,0x1B,0x06,0x10,0xBF,0xA3,0x91,0x1F,0xE1,0x5D,0xF4,0x05,0xAA,0xAA,0x8E},
    },
    {
        UINT32_C(5080),
        UINT64_C(0xA6EDD2197BA24B7C),
        UINT32_C(268),
        UINT32_C(38),
        {0xA1,0xC5,0x56,0xED,0xCD,0x48,0x50,0xA4,0x6D,0x8A,0xDC,0x81,0x2A,0x10,0xD8,0x17,0x55,0x81,0x23,0x23,0x6A,0x4E,0x73,0x7F,0xA9,0xDB,0x9F,0x9A,0x42,0xB6,0xD0,0x03},
        {0x72,0xCC,0x8D,0x41,0x44,0x25,0xBE,0x80,0x35,0xD8,0x3F,0x52,0x12,0x66,0x8D,0x70,0xB3,0x9C,0x8F,0x88,0xBF,0x8D,0x28,0xC1,0x0C,0x53,0xB5,0x79,0xAB,0xF1,0x3E,0x11},
    },
    {
        UINT32_C(5084),
        UINT64_C(0x91F00CDA654ACF42),
        UINT32_C(408),
        UINT32_C(38),
        {0x73,0x31,0xA3,0xC1,0x0A,0x21,0x8B,0x05,0x6D,0x74,0x5D,0xE4,0xBD,0x7F,0x27,0xFF,0x7D,0x33,0x67,0xC8,0x72,0x33,0x2B,0x8D,0x2C,0x4B,0x6D,0xC6,0xA2,0x6C,0xC1,0x6B},
        {0xD5,0x58,0x4E,0x2C,0x60,0xEC,0x70,0x39,0x39,0x1B,0x15,0x3E,0x22,0x8B,0xB6,0x54,0xE3,0x5D,0xF7,0x73,0x40,0x88,0x06,0xD3,0x2D,0x89,0xA3,0x46,0x45,0xCE,0x2A,0xD1},
    },
    {
        UINT32_C(5086),
        UINT64_C(0x9CC8369C03902FE2),
        UINT32_C(408),
        UINT32_C(38),
        {0x9C,0x27,0xB5,0x16,0xB9,0x9E,0xE7,0x27,0xE7,0x4C,0x66,0x4F,0xDD,0x42,0x9A,0xB6,0xA5,0xAE,0x3D,0x23,0x69,0xC3,0x4D,0x93,0xA6,0xFE,0x72,0x58,0x3D,0x99,0x4B,0x19},
        {0x88,0xA1,0x54,0x38,0xE2,0x97,0x58,0xB1,0xEB,0xF5,0xE1,0xA6,0x94,0x2D,0x08,0x25,0xA8,0x3F,0xDD,0x66,0xEB,0x36,0xA7,0xFA,0xCE,0x09,0xCF,0xD2,0xFA,0xAD,0x4F,0xEE},
    },
    {
        UINT32_C(5096),
        UINT64_C(0xA496E61B5623826D),
        UINT32_C(408),
        UINT32_C(38),
        {0x82,0xA7,0x15,0xFE,0xAB,0x34,0x9F,0x2C,0x17,0x35,0x30,0x33,0xC8,0xAF,0xEE,0x0A,0x33,0x05,0xF6,0xDA,0x10,0xDD,0x06,0xEE,0x3E,0xD5,0x91,0x2D,0x01,0x72,0x0A,0x31},
        {0x40,0x92,0x0F,0xA3,0xB2,0x1C,0x72,0x3E,0x5E,0xD1,0xA1,0xCF,0x15,0x00,0x3E,0xAC,0x88,0xAA,0xC6,0xCB,0xA7,0xC4,0xCD,0x1B,0x96,0x1D,0xDC,0x10,0xE9,0xA9,0xF3,0xDD},
    },
    {
        UINT32_C(5130),
        UINT64_C(0x0E82F3265E2BF6A7),
        UINT32_C(408),
        UINT32_C(38),
        {0x65,0x24,0x11,0xFE,0xD2,0xBF,0x54,0x4E,0x91,0xAF,0xDE,0x9D,0x0B,0xE6,0xD6,0xA8,0xBE,0xA5,0x11,0x60,0xD0,0x80,0x1D,0x0C,0xFA,0x9F,0xD2,0x38,0x07,0xF4,0x6C,0x89},
        {0x72,0x77,0x80,0xE5,0xE8,0xBB,0x22,0x81,0xC4,0x50,0x08,0xB0,0x4D,0xE3,0x99,0x45,0x40,0xF7,0x66,0xF0,0x30,0x1A,0x71,0xE0,0x6D,0xE9,0x34,0x4A,0x93,0x3E,0x07,0x53},
    },
    {
        UINT32_C(5158),
        UINT64_C(0x553E21437BEF2656),
        UINT32_C(902),
        UINT32_C(100),
        {0x89,0xF5,0x26,0x0A,0x53,0x5A,0x45,0x4C,0xB5,0x83,0xEF,0xBE,0xF1,0x85,0x01,0x7C,0x39,0xE0,0x75,0xAD,0x28,0x2B,0x10,0x79,0x03,0xDB,0x76,0xE6,0x00,0x09,0xCE,0xC1},
        {0x8D,0x05,0xB1,0x4B,0xBD,0x78,0x0F,0x32,0x5A,0x67,0x52,0x7C,0xC9,0x27,0xEC,0xA7,0xB8,0x43,0xBB,0x26,0x7D,0xF0,0x21,0x28,0xD5,0x31,0xE0,0x16,0xE2,0x36,0x06,0x79},
    },
    {
        UINT32_C(5184),
        UINT64_C(0x12E74DC3B181C492),
        UINT32_C(1280),
        UINT32_C(100),
        {0x35,0x5E,0xC6,0x59,0xA8,0x25,0xCF,0x3E,0x98,0x9A,0x43,0xCD,0x3F,0x32,0x1D,0x5C,0xFE,0x5B,0x08,0xD2,0x15,0x84,0x00,0xA7,0x20,0x0D,0x51,0x43,0xC9,0x23,0xA0,0xD0},
        {0x23,0x42,0xE0,0x76,0x78,0xBB,0x3F,0xA5,0x18,0x5E,0x85,0x39,0x5B,0x6B,0x6F,0x0E,0x5E,0x73,0x38,0x38,0x08,0xB8,0x7B,0xA3,0x0D,0xCC,0xE1,0x65,0x4A,0xF1,0x35,0x08},
    },
    {
        UINT32_C(5238),
        UINT64_C(0xC13A6510D0A5445B),
        UINT32_C(408),
        UINT32_C(38),
        {0x4B,0x53,0x0A,0x20,0x2C,0x77,0x8F,0x22,0x1C,0xA9,0xA6,0xE8,0xEA,0x49,0x4C,0xDA,0x9E,0x19,0xE5,0x08,0x2D,0x68,0x84,0x43,0x55,0x9D,0x84,0xC4,0xBB,0x4A,0xB5,0xB8},
        {0xB2,0xB5,0x97,0xBD,0x8D,0x94,0xAD,0xEC,0x4F,0xC8,0xFB,0x10,0xAA,0xAE,0x96,0x55,0xC7,0x36,0x90,0xD8,0x67,0x0E,0x52,0x1B,0x76,0xD5,0xF6,0xBA,0x4D,0x1D,0x45,0xF7},
    },
    {
        UINT32_C(5276),
        UINT64_C(0xF4F7F1688D8E9625),
        UINT32_C(1024),
        UINT32_C(600),
        {0x00,0x0D,0x68,0x1E,0xAE,0x72,0xBD,0x57,0xA7,0x5D,0xD5,0x46,0x52,0xAD,0x1B,0x0A,0xA4,0x75,0xAC,0x67,0xFB,0x82,0x0F,0x5D,0x41,0xFA,0xBE,0x50,0x9C,0x70,0x13,0x8A},
        {0xF8,0x80,0xA2,0x08,0x48,0xA0,0x54,0x21,0x90,0xAC,0x6E,0xA0,0x73,0x92,0x84,0x08,0x6C,0xD0,0x80,0x4D,0x2C,0x17,0x64,0x5C,0x48,0xFB,0xA2,0xA2,0x1E,0x32,0x9B,0xC1},
    },
    {
        UINT32_C(5334),
        UINT64_C(0x1879BD59A30B4900),
        UINT32_C(1024),
        UINT32_C(600),
        {0x93,0x8D,0x12,0x36,0x2C,0x73,0xFF,0x57,0xAA,0x36,0x0D,0x10,0xFC,0xBB,0x20,0x99,0x57,0x29,0xB3,0x68,0xDB,0xB1,0x75,0x8C,0x0E,0x55,0x7D,0x83,0x8E,0xA3,0xAB,0xCD},
        {0x75,0xB5,0x4A,0x8B,0xCA,0xE1,0xDC,0x0A,0xA6,0xDE,0xAD,0xC9,0x30,0x91,0x30,0x9B,0x72,0xFD,0x0E,0x1E,0xB8,0xEA,0x36,0x13,0xA4,0xA8,0xCF,0xF6,0xF4,0x1F,0xF4,0x97},
    },
    {
        UINT32_C(5360),
        UINT64_C(0x18E17462B9ECEF36),
        UINT32_C(408),
        UINT32_C(38),
        {0x0E,0x11,0x2F,0x2C,0x76,0xD2,0x29,0xDA,0x60,0x6B,0x20,0xC5,0x5C,0xD1,0x29,0x1E,0x43,0x74,0x6E,0xCC,0xC8,0x23,0x8B,0x8D,0x63,0x65,0x46,0xDF,0xEB,0x15,0xD6,0x28},
        {0x25,0x9C,0x3B,0x37,0x32,0x50,0x67,0xCE,0x7F,0x22,0x75,0x4A,0x19,0xC4,0xFA,0x93,0xD0,0xE4,0x3C,0x18,0x89,0x26,0x2C,0x57,0x23,0xA2,0xD4,0xE1,0x41,0x58,0x93,0x5A},
    },
    {
        UINT32_C(5408),
        UINT64_C(0x3733AEB303DCDAAC),
        UINT32_C(408),
        UINT32_C(38),
        {0xCB,0x62,0xA1,0x73,0x3F,0x4B,0xC7,0x2F,0xD7,0x3F,0xF0,0xB2,0x31,0xAB,0x4E,0xEA,0x94,0x63,0x28,0x66,0x49,0x78,0xB4,0xC7,0xEE,0xEF,0xE1,0xFA,0x33,0x9D,0x62,0xB2},
        {0xE6,0x8A,0x6A,0x0F,0x46,0x8C,0x84,0x7F,0x13,0x81,0x6E,0xE1,0x0C,0x16,0x4C,0xE5,0x55,0x66,0x18,0xFD,0xC3,0x40,0x06,0xCC,0x5C,0x4D,0x69,0x39,0xCC,0x6F,0x0F,0xA4},
    },
    {
        UINT32_C(5524),
        UINT64_C(0x24FBC18EF566EDB7),
        UINT32_C(408),
        UINT32_C(38),
        {0xD3,0x8E,0x96,0xD4,0xA1,0xB7,0x56,0xDF,0x3A,0x77,0x77,0xF2,0x63,0xA4,0x79,0x83,0x0F,0xF3,0x5F,0x74,0xE6,0x16,0x02,0x52,0x74,0x28,0x95,0x08,0xB6,0xDC,0x34,0xCD},
        {0x84,0xB6,0xA9,0xDD,0x8C,0x36,0xEA,0x76,0x70,0x20,0xAA,0x19,0x65,0x01,0x81,0xF7,0xD3,0x22,0xAE,0x7A,0x8D,0x29,0xEC,0xD2,0xBA,0x31,0x35,0x9F,0x94,0x8D,0xC9,0x5F},
    },
    {
        UINT32_C(5556),
        UINT64_C(0x7EB9A852BFC89A72),
        UINT32_C(268),
        UINT32_C(38),
        {0x13,0xDD,0x34,0x5B,0x58,0x71,0x96,0x32,0x09,0x3B,0x26,0x09,0x18,0x2F,0x1B,0x58,0xD4,0x7F,0xD4,0x70,0x4E,0xEB,0x92,0xB1,0x52,0xF3,0xC8,0x79,0x0B,0xEF,0x6B,0x57},
        {0x9F,0x5B,0x2A,0xDB,0x81,0x7F,0x71,0x91,0x4A,0x9D,0x3E,0x87,0x09,0xA9,0x1E,0xC3,0x55,0xA2,0x76,0x34,0x1E,0x44,0xE1,0xD4,0xF7,0xD2,0x19,0xBF,0x06,0xF1,0x6B,0xCE},
    },
    {
        UINT32_C(5630),
        UINT64_C(0x42A77538B0E45296),
        UINT32_C(220),
        UINT32_C(43),
        {0x19,0x29,0x45,0x83,0x05,0xD1,0xDB,0x1C,0x8A,0x48,0x31,0xF4,0xB2,0x38,0x81,0x84,0x33,0x1E,0xF6,0x93,0x66,0xC7,0x56,0x8F,0x3C,0x18,0xD8,0x88,0x38,0xF7,0xAC,0xBE},
        {0xED,0x3B,0xAD,0x4E,0x2C,0x53,0x60,0xEC,0xFA,0xF7,0x28,0x5A,0xF1,0x46,0xD1,0x9B,0xFB,0xF3,0x0E,0xC4,0x35,0xA2,0xB8,0xD7,0x6A,0x45,0xBA,0xF7,0x5E,0x34,0x31,0xF0},
    },
    {
        UINT32_C(5658),
        UINT64_C(0x3B17F77785FE2D49),
        UINT32_C(408),
        UINT32_C(38),
        {0x98,0x2C,0xD3,0xB2,0xEE,0x5F,0x9E,0x56,0x41,0x9D,0xFF,0x28,0xE2,0x57,0x2B,0x95,0x4C,0xBF,0x86,0xEE,0xCD,0xB6,0x1D,0xFC,0x1D,0x04,0xC8,0xAB,0x12,0x0B,0x9B,0xBE},
        {0x4B,0x94,0x8D,0x92,0x86,0xDC,0x18,0x8B,0xCF,0x61,0xAC,0xCA,0x0E,0xCA,0xFE,0x4D,0x95,0xB0,0x96,0xFA,0xB1,0xB6,0x9D,0x92,0x4D,0x64,0x37,0x38,0x26,0xED,0x76,0xE9},
    },
    {
        UINT32_C(5774),
        UINT64_C(0xC3772FC351DF46B7),
        UINT32_C(268),
        UINT32_C(38),
        {0xD3,0x30,0x5F,0xAE,0x0C,0x3E,0xF1,0xFA,0xAD,0xE3,0x46,0x0D,0xF3,0x49,0xC6,0x4F,0x90,0x1F,0xFF,0x4B,0xC1,0xE1,0x04,0x5D,0x1F,0xC5,0xF1,0x41,0x7E,0x18,0xB1,0x6D},
        {0x9C,0x53,0xAE,0xE2,0x56,0xAE,0xC9,0xCA,0x97,0xCE,0x4F,0x13,0x48,0x29,0x0A,0xEB,0x5E,0xAF,0x24,0x49,0x24,0x9C,0xCB,0x25,0xF2,0xD5,0xEA,0x03,0x50,0xC7,0xD2,0x45},
    },
    {
        UINT32_C(5778),
        UINT64_C(0x2CF4C4A9EC5D8806),
        UINT32_C(1024),
        UINT32_C(600),
        {0x4B,0x17,0xD2,0x3C,0x98,0xAD,0xD5,0x5B,0x98,0x51,0xBB,0x61,0x5C,0x9D,0x03,0x46,0x98,0x24,0xE9,0xD3,0x22,0x13,0xFC,0x42,0x86,0x84,0xCF,0x0E,0x46,0x5C,0x38,0xD2},
        {0xD6,0x9C,0x9D,0xE0,0x53,0x39,0x82,0xC2,0xB7,0xCF,0xF8,0x9B,0x98,0x6D,0x59,0x99,0x18,0x1E,0x9F,0xBF,0x50,0x14,0xE9,0x10,0x86,0xE5,0x86,0xD5,0xDA,0x64,0xBE,0xD0},
    },
    {
        UINT32_C(5810),
        UINT64_C(0x344AEA8E4FE578AB),
        UINT32_C(1024),
        UINT32_C(600),
        {0x19,0xD8,0x80,0x9C,0x44,0x79,0x84,0xA8,0x96,0x60,0xC0,0x47,0xA3,0x59,0xA5,0x22,0xF1,0xA8,0xFC,0x07,0x5B,0x87,0x5C,0x80,0xED,0x96,0xDB,0x6C,0xBA,0x87,0x85,0x0E},
        {0x03,0xCB,0xE8,0x76,0xB5,0x84,0xE5,0xB5,0x07,0x7C,0xA6,0xA2,0xF7,0x9C,0x53,0x98,0x01,0xED,0xAB,0x22,0x2A,0x97,0x10,0xE7,0x6C,0x14,0x36,0xDA,0xEA,0x04,0x30,0x07},
    },
    {
        UINT32_C(5822),
        UINT64_C(0x4A785BDABF8FBB2F),
        UINT32_C(408),
        UINT32_C(38),
        {0x0E,0x11,0x2F,0x2C,0x76,0xD2,0x29,0xDA,0x60,0x6B,0x20,0xC5,0x5C,0xD1,0x29,0x1E,0x43,0x74,0x6E,0xCC,0xC8,0x23,0x8B,0x8D,0x63,0x65,0x46,0xDF,0xEB,0x15,0xD6,0x28},
        {0x25,0x9C,0x3B,0x37,0x32,0x50,0x67,0xCE,0x7F,0x22,0x75,0x4A,0x19,0xC4,0xFA,0x93,0xD0,0xE4,0x3C,0x18,0x89,0x26,0x2C,0x57,0x23,0xA2,0xD4,0xE1,0x41,0x58,0x93,0x5A},
    },
    {
        UINT32_C(5822),
        UINT64_C(0x604D9661B2054C90),
        UINT32_C(220),
        UINT32_C(43),
        {0x19,0x29,0x45,0x83,0x05,0xD1,0xDB,0x1C,0x8A,0x48,0x31,0xF4,0xB2,0x38,0x81,0x84,0x33,0x1E,0xF6,0x93,0x66,0xC7,0x56,0x8F,0x3C,0x18,0xD8,0x88,0x38,0xF7,0xAC,0xBE},
        {0xED,0x3B,0xAD,0x4E,0x2C,0x53,0x60,0xEC,0xFA,0xF7,0x28,0x5A,0xF1,0x46,0xD1,0x9B,0xFB,0xF3,0x0E,0xC4,0x35,0xA2,0xB8,0xD7,0x6A,0x45,0xBA,0xF7,0x5E,0x34,0x31,0xF0},
    },
    {
        UINT32_C(5840),
        UINT64_C(0x12031D7703007FA7),
        UINT32_C(408),
        UINT32_C(38),
        {0xD0,0x55,0x6D,0xAD,0x98,0x99,0x1A,0x4F,0x42,0xB1,0xC9,0xD1,0x05,0xCE,0xE8,0x93,0xB9,0x5C,0x13,0x20,0x16,0xCD,0x54,0x0F,0xAF,0xD7,0x8B,0xCC,0x45,0x77,0xC4,0x99},
        {0x5D,0x71,0xCE,0x36,0x1E,0x1F,0xE6,0xFB,0x17,0x28,0xDD,0xE1,0xA5,0x4E,0x27,0xDA,0xCB,0xBB,0xF2,0x15,0xEA,0xFE,0xAC,0xA2,0xD9,0x23,0x43,0x69,0x26,0x4A,0x66,0x51},
    },
    {
        UINT32_C(5996),
        UINT64_C(0xB3A56E2B6A46A190),
        UINT32_C(304),
        UINT32_C(48),
        {0x56,0xCD,0xBD,0x6C,0xD2,0xF4,0x2A,0x88,0xF4,0x2A,0x4A,0x08,0xB1,0xD5,0x78,0xB0,0x9A,0x95,0x00,0x56,0xB9,0x94,0xBF,0x2C,0xE4,0xB5,0xFD,0x63,0x71,0x66,0x7B,0xF9},
        {0x03,0x7D,0x5E,0xBA,0xD1,0x12,0xBD,0xD9,0xE3,0x75,0x3B,0xD3,0x15,0x64,0xBF,0xBA,0x39,0xD0,0x1B,0x06,0x10,0xBF,0xA3,0x91,0x1F,0xE1,0x5D,0xF4,0x05,0xAA,0xAA,0x8E},
    },
    {
        UINT32_C(6066),
        UINT64_C(0xDADE112F07A378A9),
        UINT32_C(1024),
        UINT32_C(600),
        {0x83,0x7C,0xD3,0x50,0xFC,0x5C,0x54,0xF3,0x33,0x14,0x69,0x24,0x99,0xE0,0x7B,0x31,0x65,0xC0,0xF2,0xA4,0x1D,0xAA,0x27,0x66,0x99,0x15,0x65,0xFE,0x8B,0x7C,0x16,0x4D},
        {0x22,0xF0,0x3C,0x9D,0x22,0xF9,0xDB,0x1A,0x8D,0xE6,0xC5,0x9B,0x20,0x40,0x46,0x62,0xE5,0xC9,0xBA,0x9C,0x7A,0x4A,0x8E,0x1F,0x7D,0x3C,0x9F,0x06,0x11,0xB5,0x68,0x7D},
    },
    {
        UINT32_C(6164),
        UINT64_C(0xBC5D7954AEBE5823),
        UINT32_C(380),
        UINT32_C(52),
        {0x54,0x01,0xA3,0xB6,0xE4,0xD3,0x14,0x14,0x7A,0x07,0x62,0xA2,0xA7,0x8E,0x78,0x45,0x8E,0xC9,0xAD,0xB9,0x7D,0x2B,0x87,0x5D,0xE3,0xD1,0x58,0xFC,0x81,0xD6,0xCB,0x72},
        {0x14,0x5F,0xA3,0x73,0xEB,0xF5,0x62,0x0C,0xC3,0xE2,0x2C,0xA4,0x5A,0xF3,0x49,0xC1,0x31,0x14,0x87,0xB0,0xB1,0x83,0x6B,0xF0,0x85,0xCF,0x6E,0xCD,0x45,0x6E,0x8B,0xEE},
    },
    {
        UINT32_C(6324),
        UINT64_C(0xB58D16406A7B3A3D),
        UINT32_C(214),
        UINT32_C(60),
        {0x16,0xD9,0x6F,0xE9,0x87,0x21,0x7B,0x25,0x3E,0x79,0x1A,0xC3,0xC7,0x41,0xEC,0x63,0x84,0x1F,0xC9,0xB7,0xFD,0x16,0xCF,0x3B,0x34,0xDC,0xB6,0x82,0x77,0x45,0x2D,0x6F},
        {0x18,0xB2,0x82,0x0E,0x0C,0x56,0x57,0xF3,0x93,0xEF,0x29,0xC6,0xFE,0xAE,0xA1,0xEF,0xCC,0x6C,0xE3,0x8F,0x4B,0x2C,0x34,0x34,0xA9,0xDF,0xFD,0x50,0x67,0xD9,0xF1,0x81},
    },
    {
        UINT32_C(6350),
        UINT64_C(0x61A067421E4383D2),
        UINT32_C(1024),
        UINT32_C(600),
        {0xA5,0xAF,0x86,0x11,0xC8,0x5F,0x09,0xD6,0xDA,0xF5,0xC8,0x94,0xF8,0xCE,0x50,0x4F,0xBC,0x2F,0x81,0xEC,0x4A,0xC2,0xE5,0xDE,0x7D,0xA9,0xDE,0x18,0xC7,0xE2,0xA7,0xD0},
        {0x91,0xF5,0x3E,0x0C,0x05,0x9A,0x62,0x6B,0x0E,0x5C,0x30,0x10,0x1D,0x28,0x44,0x97,0xE1,0x21,0x93,0x47,0x15,0x71,0xBE,0x7D,0xF3,0xD4,0xA6,0x14,0x3E,0x0F,0x78,0x51},
    },
    {
        UINT32_C(6360),
        UINT64_C(0x38592D7E6B01D945),
        UINT32_C(1024),
        UINT32_C(600),
        {0xD7,0x48,0x06,0x04,0xFD,0x56,0x47,0x03,0xD2,0x4E,0xE4,0x68,0xBA,0x8B,0xC9,0xE1,0x6C,0x8A,0x14,0xCF,0x71,0xDA,0x08,0xF3,0x9E,0x62,0x0C,0x13,0x37,0x1A,0x85,0x75},
        {0xB5,0x47,0xE1,0x8B,0x1D,0x56,0xDB,0x26,0x23,0x59,0x34,0xC4,0x72,0x2F,0x57,0xC1,0x4C,0xCB,0x64,0xB0,0x26,0x90,0x95,0x40,0x4A,0xBC,0x87,0x70,0x7D,0x60,0xB3,0xE5},
    },
    {
        UINT32_C(6366),
        UINT64_C(0x6799A41F35C570D0),
        UINT32_C(240),
        UINT32_C(50),
        {0x1B,0xDC,0xD6,0x3D,0x74,0xAD,0x48,0x0D,0x9A,0x5F,0x56,0xE7,0x7B,0xC8,0xB0,0xFD,0x0D,0x83,0x24,0x99,0xCC,0x35,0x9D,0xB9,0x10,0xA8,0xFE,0xFF,0x57,0xFC,0x1F,0x09},
        {0xD5,0x9B,0xEA,0xB6,0x04,0x42,0xCE,0xDC,0xCE,0x02,0xDF,0x47,0x24,0x9C,0xED,0x43,0x1D,0x0F,0x30,0xB6,0xAD,0xB5,0x3A,0x12,0x59,0x50,0xCA,0xDC,0x32,0xED,0xBC,0x4D},
    },
    {
        UINT32_C(6444),
        UINT64_C(0x8684E604026333A4),
        UINT32_C(240),
        UINT32_C(50),
        {0x1B,0x4D,0xD6,0xAE,0x89,0xEA,0xB2,0x9C,0xBD,0x5E,0x0E,0xBD,0xA0,0x39,0x8C,0xBA,0x73,0xD3,0x14,0x69,0x2C,0x45,0x69,0xF7,0x9E,0x38,0x12,0x92,0x5A,0x7A,0x76,0xA7},
        {0x10,0x49,0x61,0x55,0xBD,0x8F,0xFE,0x30,0xAC,0xBE,0x59,0x84,0xB8,0xDF,0xA3,0x0C,0x9F,0xB0,0x98,0x55,0x49,0x83,0x8F,0x92,0xAF,0xA6,0x27,0x1F,0x77,0x9C,0xAF,0x01},
    },
    {
        UINT32_C(6446),
        UINT64_C(0x6874CDEF76E8ECA9),
        UINT32_C(902),
        UINT32_C(100),
        {0xC6,0x9E,0xED,0x0E,0x85,0xDA,0xE5,0x10,0xAC,0xD3,0x78,0xF9,0x44,0xB7,0x35,0xD4,0x07,0x04,0x59,0xCC,0xB4,0x34,0x04,0x62,0xAD,0x58,0xA1,0x41,0x20,0xF2,0x51,0x70},
        {0xC8,0x9A,0x5C,0x7B,0x03,0x58,0x99,0xF0,0x3C,0x41,0xEA,0xA1,0xAD,0xE9,0xE0,0xCD,0x14,0x9A,0x86,0x62,0x58,0x1C,0xBB,0x09,0x20,0xB8,0x18,0xE2,0xDB,0x13,0x5E,0x5B},
    },
    {
        UINT32_C(6516),
        UINT64_C(0xFFEB292F78B8DB59),
        UINT32_C(408),
        UINT32_C(38),
        {0x0E,0x81,0x6F,0x9B,0x8D,0xBE,0xAF,0x1C,0x96,0x14,0x6B,0xCB,0xEE,0xA8,0x1A,0xE2,0xF0,0x8B,0xC9,0x55,0xF8,0x16,0x6B,0x1F,0xC1,0x7B,0xC3,0xAC,0x8C,0xB8,0xE7,0x68},
        {0x1E,0xCA,0xA3,0x70,0xBA,0x12,0xE2,0x31,0xFF,0xB2,0x69,0x34,0x58,0x16,0x99,0x4A,0xD2,0x8B,0x17,0xB1,0x69,0x1F,0x59,0x64,0xA0,0xB4,0x04,0x2C,0x14,0x6D,0x18,0x39},
    },
    {
        UINT32_C(6568),
        UINT64_C(0xCF38D4EE58FD1F1D),
        UINT32_C(408),
        UINT32_C(38),
        {0xB9,0x67,0x63,0x0A,0x37,0xE0,0x31,0x2C,0x1C,0xF4,0xA2,0xA5,0x76,0x10,0xCB,0x39,0x93,0xD7,0x5B,0x36,0xE9,0x40,0xC9,0x42,0x7B,0x46,0xDC,0x32,0xFF,0x0F,0x31,0x1C},
        {0xAE,0xF7,0xFA,0xC2,0xB0,0x49,0x2F,0x90,0x22,0xD4,0x8D,0xDC,0x1A,0x74,0x9A,0x37,0x54,0xC7,0xA2,0x0D,0x1A,0xC7,0xCD,0x7C,0x82,0x6C,0x76,0x49,0x13,0xF0,0xDA,0xF0},
    },
    {
        UINT32_C(6642),
        UINT64_C(0x500E196FB4A542A2),
        UINT32_C(408),
        UINT32_C(38),
        {0x37,0x7C,0x6C,0x9E,0x31,0x04,0x6D,0x08,0x94,0xD0,0xE9,0xDB,0x5B,0xF3,0xAA,0x82,0x64,0x38,0x34,0x05,0x03,0x03,0xC4,0xC4,0x01,0x32,0x7B,0x96,0xC7,0x6B,0xE6,0xD1},
        {0x96,0xCC,0x02,0x53,0x67,0x1C,0x43,0x53,0x7C,0x3D,0x27,0x98,0xB2,0x76,0x30,0xB9,0xD4,0xC6,0x26,0x88,0x27,0x4C,0xC6,0xFA,0x33,0xE5,0xE6,0x35,0x09,0x3A,0xE0,0x4E},
    },
    {
        UINT32_C(6646),
        UINT64_C(0xBEFE320107888629),
        UINT32_C(1024),
        UINT32_C(600),
        {0xED,0x43,0xA0,0x1D,0x29,0xEC,0x3A,0xFB,0x86,0xB4,0x23,0x7C,0x44,0xAD,0x64,0x0C,0xB9,0x37,0xEA,0x0C,0xA3,0x06,0x50,0xCD,0x33,0x11,0xE8,0x41,0x79,0x8B,0x67,0x80},
        {0x69,0xD8,0x4B,0x64,0xD7,0xAC,0x0F,0x64,0xCF,0x4A,0x3D,0xA6,0xCD,0x9F,0xA0,0xA6,0xB1,0xDE,0x17,0xC6,0xE8,0x4B,0xC4,0x81,0x4E,0x6E,0x2F,0x6B,0x68,0x1E,0x89,0x37},
    },
    {
        UINT32_C(6704),
        UINT64_C(0x19E6B50CCC60CEEA),
        UINT32_C(408),
        UINT32_C(38),
        {0x76,0x2D,0x3C,0xE4,0x85,0x17,0xBC,0xA7,0xF9,0xE5,0xB5,0x1A,0x39,0xBF,0x4E,0x4A,0x84,0xC1,0xEF,0x9E,0x44,0xBD,0x09,0xA1,0xF6,0xF7,0x17,0xAC,0x01,0x9A,0x48,0xE9},
        {0x19,0xAB,0xE9,0x89,0x2E,0xB7,0x14,0x0A,0x59,0xF6,0x76,0xD7,0x49,0x39,0x16,0x4D,0xB9,0xE4,0xB0,0xCC,0x6A,0x84,0x88,0x3C,0xD2,0x3E,0x3E,0xB9,0x16,0x7B,0x78,0xF7},
    },
    {
        UINT32_C(6718),
        UINT64_C(0x7DED1A74CEF7B8A9),
        UINT32_C(304),
        UINT32_C(48),
        {0xA9,0xB2,0x48,0x89,0x94,0xA5,0xE8,0x4C,0x0C,0xA9,0xB2,0x77,0x1F,0x57,0x62,0x3A,0x5A,0xE7,0xA1,0x6B,0xE7,0xE7,0xC0,0x92,0x3F,0xE8,0x98,0x76,0x52,0xEF,0xCF,0x0E},
        {0xA0,0xAA,0xC1,0xC8,0xF8,0xD1,0x53,0x2E,0xB3,0x09,0xAB,0x81,0x73,0xC1,0xB5,0x6F,0x8F,0x52,0x64,0x17,0x3C,0xE2,0xEA,0xA2,0x6A,0x0B,0x11,0x2D,0x56,0x8A,0xEA,0x01},
    },
    {
        UINT32_C(6738),
        UINT64_C(0xA8D5084E014C3D31),
        UINT32_C(1024),
        UINT32_C(600),
        {0x6F,0x0A,0x27,0x5D,0xBD,0xEF,0xA1,0x97,0xE3,0xA1,0x05,0xB7,0xC0,0x2E,0x68,0x09,0x43,0x36,0xBB,0x81,0x7F,0x4D,0xD2,0xE7,0x2A,0x3A,0xA2,0x98,0x31,0x1F,0x00,0xDC},
        {0x93,0xED,0x12,0x1F,0xCA,0xF0,0xCD,0x62,0xD9,0x5D,0xCD,0x6F,0x42,0x98,0xED,0xD1,0xB3,0xAF,0x54,0xF8,0xF0,0x1A,0xD5,0x01,0xDA,0x57,0x62,0x28,0x1F,0x26,0x44,0x74},
    },
    {
        UINT32_C(6766),
        UINT64_C(0x268431D4E8DD885A),
        UINT32_C(408),
        UINT32_C(38),
        {0xDC,0xE0,0x41,0x6E,0x53,0xEC,0xCE,0x38,0x48,0x47,0x59,0x6F,0xEA,0x92,0x2B,0x7A,0xAD,0x4D,0x69,0xF5,0xC6,0xBE,0x1C,0xBE,0x1F,0x26,0x28,0x7D,0x4E,0x55,0xEF,0x5E},
        {0xE3,0x49,0xF4,0x7F,0x24,0xA3,0xC0,0xA5,0xD0,0x6D,0xF3,0x88,0x8C,0xE0,0xC4,0x4C,0x11,0xE1,0x10,0xEE,0x83,0x84,0x3A,0x78,0x4F,0x66,0xA8,0x70,0x64,0x01,0x5D,0x5D},
    },
    {
        UINT32_C(6794),
        UINT64_C(0xEECB819300DDA584),
        UINT32_C(220),
        UINT32_C(43),
        {0xD1,0x35,0x0B,0x96,0x94,0x7F,0x9F,0x95,0x6E,0x95,0xFD,0xEC,0x69,0x37,0x5A,0x7B,0x2D,0xAD,0x48,0x5A,0x70,0xF7,0xDB,0x3A,0xCD,0x61,0x2E,0xDC,0xF3,0x69,0xDF,0xF5},
        {0x58,0xF1,0x82,0x63,0x78,0xF0,0xDC,0x0C,0x72,0x2E,0xE9,0x6A,0xE0,0x33,0xF8,0x30,0xAD,0x70,0x7E,0x71,0x91,0xDF,0x9A,0x7D,0x23,0xF3,0x09,0x2E,0x62,0x04,0x7D,0x78},
    },
    {
        UINT32_C(6814),
        UINT64_C(0x487013B097222FCA),
        UINT32_C(380),
        UINT32_C(52),
        {0x0C,0x3C,0x50,0x4C,0xB0,0x8C,0x95,0x9B,0x4E,0xF0,0x01,0x96,0x90,0x65,0x1D,0x43,0x68,0x44,0x23,0x3B,0x4E,0xF5,0x94,0x75,0xC5,0x73,0x27,0xE8,0x6D,0x42,0xA3,0x69},
        {0x87,0x2C,0x1A,0x71,0xD2,0x53,0xE2,0x97,0xEA,0xC4,0xD1,0x6B,0x72,0x65,0xDC,0x66,0xBB,0x48,0x39,0xBF,0x27,0xE0,0x30,0x2B,0x10,0xA7,0x69,0x2D,0xBC,0x76,0x5E,0x66},
    },
    {
        UINT32_C(6816),
        UINT64_C(0x1928D73B0C6D4876),
        UINT32_C(408),
        UINT32_C(38),
        {0x6B,0x38,0x48,0xEE,0xA8,0x87,0xAC,0xFB,0xBD,0xD0,0xDC,0x8F,0xCB,0x32,0x12,0xBB,0x20,0x2B,0xCD,0xF4,0x30,0xFA,0x0E,0x4B,0x73,0xA0,0xD9,0xFF,0x18,0x71,0x87,0xAA},
        {0x9E,0x8C,0x34,0xC4,0xC3,0x8C,0x5D,0xFC,0x17,0x94,0x60,0x5C,0x26,0xB1,0xD5,0x1E,0x56,0x6A,0x49,0x0E,0x60,0x0E,0x10,0x18,0xCD,0x08,0xA9,0x11,0xBC,0xCA,0xC4,0x1F},
    },
    {
        UINT32_C(6850),
        UINT64_C(0xF4A5CF249D641B4B),
        UINT32_C(1024),
        UINT32_C(600),
        {0x7E,0x04,0xAB,0x1E,0x04,0x58,0x50,0x45,0xFE,0x9B,0xB2,0x5D,0xC0,0x72,0x71,0x78,0x51,0x92,0xB3,0x7B,0x2D,0xD3,0x01,0x6F,0x17,0x56,0x14,0x30,0x7B,0x96,0xB7,0xA8},
        {0xE0,0x0C,0x16,0x9F,0x20,0x45,0x34,0xA7,0x5F,0x0B,0xE2,0xF7,0xB4,0x89,0x1A,0x89,0x39,0x3F,0xEB,0x67,0xB4,0xD8,0x7B,0x0E,0xFD,0x0A,0x53,0x9F,0xD3,0xB3,0x32,0x09},
    },
    {
        UINT32_C(6870),
        UINT64_C(0xA242A39CBE3453D2),
        UINT32_C(1280),
        UINT32_C(80),
        {0xCE,0xEC,0x43,0x9A,0x05,0xDA,0x58,0xF0,0x91,0xFB,0xCA,0x6E,0x82,0xBE,0xEB,0x29,0xA4,0xDB,0xF4,0xCD,0x62,0xCC,0x24,0x71,0x5D,0x5B,0xEA,0xB0,0xF9,0x83,0x7E,0x54},
        {0x2C,0xA4,0x23,0x6F,0xA8,0x1F,0xA1,0x6B,0x0F,0x4D,0x8A,0x7C,0x95,0xDB,0x2F,0x16,0xE7,0xF3,0xD7,0xD1,0x60,0x3F,0x32,0xF9,0x8A,0xAC,0xCE,0x22,0x47,0xBB,0xC8,0x01},
    },
    {
        UINT32_C(6908),
        UINT64_C(0x0D0D30DD804FF101),
        UINT32_C(408),
        UINT32_C(38),
        {0x07,0x49,0x3B,0x62,0x8A,0xE1,0xDB,0xF3,0xC1,0x78,0x74,0xB4,0xAB,0x6D,0x50,0x21,0x39,0xAB,0xCA,0x28,0x86,0x99,0x90,0xDC,0xBA,0xE8,0x5A,0x95,0x9E,0x5A,0x14,0xCE},
        {0xBE,0xCC,0xEE,0x6D,0x77,0x02,0xD6,0xE0,0xA3,0x99,0x05,0xE4,0xE2,0xE5,0xED,0xCF,0x92,0x37,0x94,0xC6,0xAA,0xC0,0x5E,0xBD,0x9F,0x35,0x72,0x45,0x51,0xA0,0x45,0xFA},
    },
    {
        UINT32_C(6946),
        UINT64_C(0xC28532E3CF10FDD0),
        UINT32_C(408),
        UINT32_C(38),
        {0x0F,0xC2,0x35,0xC0,0x98,0xD5,0xDA,0xA8,0xC1,0xD2,0xFD,0xBD,0x48,0x9E,0x9B,0x39,0x5D,0x87,0x7F,0xD5,0xB8,0xA6,0xDE,0xFE,0x1E,0x36,0xA8,0x0B,0x51,0x65,0xC2,0x64},
        {0x98,0x95,0x86,0xC1,0x3E,0x51,0x12,0x14,0x2B,0x15,0x92,0xF4,0x4B,0x55,0x6F,0xF8,0x8D,0x91,0x7C,0x02,0xEC,0x08,0x75,0x80,0xC1,0x2B,0x51,0x92,0x0E,0x5B,0x6C,0xEB},
    },
    {
        UINT32_C(6972),
        UINT64_C(0xDDFE5C9DF12040A5),
        UINT32_C(1280),
        UINT32_C(80),
        {0x32,0xD7,0x35,0xFA,0x5F,0xD9,0x3E,0xF0,0x4D,0x72,0xD3,0x2D,0xC3,0x26,0x00,0x2D,0x4A,0xCD,0x8A,0x9A,0x6D,0x17,0x91,0xB9,0x46,0x7B,0xED,0x2A,0x1C,0x16,0x0F,0xE1},
        {0xEB,0x42,0x43,0x95,0xBD,0x64,0xED,0x17,0x8E,0xE0,0x9A,0x5C,0x47,0x04,0x69,0x6E,0x40,0x6A,0xEB,0xE7,0x7E,0x71,0x4C,0x60,0x11,0x28,0x82,0x56,0x88,0xFF,0x8D,0xA6},
    },
    {
        UINT32_C(6980),
        UINT64_C(0x145B9C833911A9DD),
        UINT32_C(1280),
        UINT32_C(80),
        {0xD1,0x25,0x60,0x78,0x46,0x4C,0x10,0x57,0x90,0xCD,0xEE,0x8A,0x54,0x8E,0x5F,0xF1,0x78,0xAF,0xE8,0xC0,0x7B,0xC0,0xA7,0x16,0x34,0x74,0x39,0x4C,0x7C,0x9C,0x35,0xA1},
        {0x9B,0x0A,0xE0,0x80,0x47,0xBF,0x90,0x6F,0x5C,0xBF,0xE8,0x08,0x37,0x4A,0xDA,0x10,0x9D,0xA7,0x1D,0x02,0xB1,0x71,0x64,0x1E,0x29,0xF8,0xF8,0xF6,0xDC,0x2F,0xFA,0x28},
    },
    {
        UINT32_C(6996),
        UINT64_C(0x2FAD41A761612C13),
        UINT32_C(270),
        UINT32_C(45),
        {0xFA,0xDF,0x11,0xEB,0x28,0x6C,0x35,0x18,0x65,0xBE,0x25,0x9B,0x93,0xD1,0xEA,0xBC,0x55,0x10,0x02,0x1D,0x40,0x33,0x8C,0x67,0xF0,0x12,0x60,0x8D,0x2B,0x7E,0x8A,0x3F},
        {0xB0,0xF1,0x27,0x59,0x6C,0x85,0xFB,0x6E,0xAB,0x36,0xBF,0xA9,0xB4,0x5C,0xBB,0xC3,0x11,0x3C,0x86,0x21,0x2B,0x59,0x37,0x9B,0xB1,0x28,0xCD,0x72,0xD0,0xD8,0x44,0x7B},
    },
    {
        UINT32_C(6998),
        UINT64_C(0xD12E6AC0AC9586BE),
        UINT32_C(380),
        UINT32_C(52),
        {0x65,0x1B,0xE0,0x07,0x79,0xED,0x4B,0xFA,0x3E,0x43,0x56,0x1B,0x08,0x16,0xAF,0x56,0x69,0x81,0x99,0x57,0xB2,0xDA,0x8A,0x81,0x76,0x66,0xE3,0x74,0xFA,0x8B,0x6F,0xF3},
        {0x9C,0x4F,0x49,0xC1,0x73,0x6B,0x45,0x45,0x90,0x8E,0x6D,0xC4,0x92,0x41,0xED,0x4B,0x04,0x6D,0xEC,0x2F,0x1E,0x13,0x94,0x80,0xF0,0x1E,0xDA,0x2D,0x2A,0x31,0x0C,0x6A},
    },
    {
        UINT32_C(7022),
        UINT64_C(0xF5FFB61A16B8BEC5),
        UINT32_C(1280),
        UINT32_C(80),
        {0x45,0xE4,0xDA,0xF1,0x43,0x02,0x5A,0x6A,0x59,0x65,0x48,0x55,0xD6,0x4C,0x6E,0x1C,0x40,0x02,0x65,0x1C,0x31,0xBF,0x15,0x5D,0x49,0x06,0x2F,0x7D,0x49,0xD8,0x13,0x25},
        {0x46,0x1F,0xEC,0x5F,0xB4,0x98,0x4B,0x7C,0x49,0x48,0x38,0xA9,0x20,0x06,0xAA,0xFB,0xA0,0x63,0x27,0xB7,0xA9,0x9A,0x2F,0xC4,0xAD,0x38,0x4F,0x3E,0x74,0xD5,0x07,0x43},
    },
    {
        UINT32_C(7036),
        UINT64_C(0x540FFF31157B7D6F),
        UINT32_C(1280),
        UINT32_C(80),
        {0x53,0x15,0xC2,0x0C,0x68,0x1B,0x3B,0x41,0xF9,0xC1,0xAF,0xC1,0x8A,0x5A,0x75,0x91,0x11,0x41,0x53,0x3A,0x66,0x6A,0xAB,0xC7,0xC8,0x66,0x8B,0xD6,0xDA,0x3A,0xD1,0x57},
        {0x57,0xA7,0x6D,0x69,0xEE,0x7F,0x48,0xCD,0x7B,0xE5,0xF1,0x16,0x0D,0xD3,0xFE,0x73,0x5D,0xF7,0xAD,0xB9,0x38,0x60,0x6F,0x27,0x28,0x30,0x86,0xD9,0x58,0x5F,0x69,0x5B},
    },
    {
        UINT32_C(7048),
        UINT64_C(0xE0E97F486C6F3B83),
        UINT32_C(1280),
        UINT32_C(80),
        {0xC9,0x7D,0x1C,0x3C,0x11,0xA3,0x20,0x8A,0x4D,0x27,0xD2,0xF2,0xFB,0x97,0xE9,0x9D,0xB4,0xF7,0x0F,0x03,0xB9,0x9F,0x8B,0xBF,0x2E,0xF5,0x6A,0xD5,0xEE,0x11,0x83,0x55},
        {0x2F,0x38,0x80,0x7A,0x58,0xC4,0xB9,0xB4,0xDF,0x76,0x5B,0x37,0x91,0xCC,0xAA,0x11,0xDD,0x09,0xD5,0xC0,0xE3,0xDB,0x19,0x71,0x02,0xC1,0xE5,0x4D,0xEB,0x67,0x96,0xBA},
    },
    {
        UINT32_C(7102),
        UINT64_C(0x0F2E30CFD7E98AF4),
        UINT32_C(408),
        UINT32_C(38),
        {0x95,0x2B,0xFA,0x9A,0x87,0x51,0x76,0xB4,0x89,0x8B,0xE3,0xBC,0x74,0x2F,0x6D,0x83,0xAF,0x64,0xB7,0x7D,0x9A,0xC2,0x01,0x47,0xD5,0x98,0xA4,0xB2,0xC9,0x05,0x5E,0xD5},
        {0x2C,0x98,0x22,0xB4,0xF1,0xBB,0xDE,0x5C,0xB7,0xE3,0xC8,0x1E,0x13,0x27,0x83,0xB4,0x5F,0x86,0x7A,0xA6,0x01,0xD4,0xEF,0x5B,0x27,0xD4,0xE6,0xD6,0xFD,0x15,0x89,0x47},
    },
    {
        UINT32_C(7108),
        UINT64_C(0x60DCDAA0B13136AA),
        UINT32_C(214),
        UINT32_C(60),
        {0x55,0xD2,0xCC,0xBE,0x51,0x76,0x58,0x71,0xC5,0xB9,0x41,0x3D,0x79,0x71,0x18,0x39,0x20,0x9E,0xA6,0x74,0xE3,0xDD,0x5E,0xB3,0xC3,0x1B,0xC5,0xB0,0x63,0x62,0x77,0xA7},
        {0x9F,0x1F,0xD2,0x33,0x70,0x11,0x2F,0x8B,0xF7,0x00,0x2F,0x11,0x94,0x05,0x63,0xF0,0xE5,0x3E,0xA3,0x25,0x73,0xA0,0xDF,0x99,0xCE,0x19,0xC5,0x33,0x5E,0x5C,0x0F,0x83},
    },
    {
        UINT32_C(7108),
        UINT64_C(0xFFAD561711EB72FF),
        UINT32_C(408),
        UINT32_C(38),
        {0xEE,0x04,0x42,0x69,0x5D,0x4B,0x5E,0xF2,0x9C,0x2C,0x7C,0x74,0x3F,0xAA,0x09,0xA1,0xD8,0xAA,0x7B,0x3D,0x64,0x0C,0xBB,0xE5,0x31,0x7D,0xD9,0x81,0x1D,0x1C,0x60,0xDE},
        {0x45,0xD6,0x8F,0x58,0xF9,0x64,0xE0,0x00,0x5D,0xED,0x44,0x3A,0x19,0x0E,0xDE,0xC3,0xB9,0x95,0x4E,0x99,0x70,0x3C,0x85,0x6E,0x9C,0xEC,0xF5,0xA0,0xC7,0x6D,0xAD,0x2A},
    },
    {
        UINT32_C(7110),
        UINT64_C(0x309B2E3D793C2B28),
        UINT32_C(1024),
        UINT32_C(600),
        {0xFB,0x10,0xE6,0xFF,0x02,0x66,0x4D,0x9F,0xDE,0x28,0x64,0x1C,0x05,0xE2,0xDF,0x1B,0xF4,0xA0,0xED,0x5C,0xA6,0x49,0x28,0x40,0xF6,0x4E,0x01,0xCF,0xB6,0x3E,0xBC,0x6E},
        {0x1B,0xDB,0x0E,0x2C,0xC1,0x6B,0x01,0x7D,0x99,0x26,0x81,0x66,0x7D,0x6F,0x5B,0xCC,0xB5,0x2B,0x46,0xA5,0x92,0x46,0xB6,0x25,0xFF,0x6F,0x94,0x36,0x43,0x93,0xD6,0xED},
    },
    {
        UINT32_C(7126),
        UINT64_C(0x7760E5B1DE66E2AD),
        UINT32_C(1280),
        UINT32_C(80),
        {0xCE,0xEC,0x43,0x9A,0x05,0xDA,0x58,0xF0,0x91,0xFB,0xCA,0x6E,0x82,0xBE,0xEB,0x29,0xA4,0xDB,0xF4,0xCD,0x62,0xCC,0x24,0x71,0x5D,0x5B,0xEA,0xB0,0xF9,0x83,0x7E,0x54},
        {0x2C,0xA4,0x23,0x6F,0xA8,0x1F,0xA1,0x6B,0x0F,0x4D,0x8A,0x7C,0x95,0xDB,0x2F,0x16,0xE7,0xF3,0xD7,0xD1,0x60,0x3F,0x32,0xF9,0x8A,0xAC,0xCE,0x22,0x47,0xBB,0xC8,0x01},
    },
    {
        UINT32_C(7148),
        UINT64_C(0x14850A6C01EEFC89),
        UINT32_C(1280),
        UINT32_C(80),
        {0xD1,0x25,0x60,0x78,0x46,0x4C,0x10,0x57,0x90,0xCD,0xEE,0x8A,0x54,0x8E,0x5F,0xF1,0x78,0xAF,0xE8,0xC0,0x7B,0xC0,0xA7,0x16,0x34,0x74,0x39,0x4C,0x7C,0x9C,0x35,0xA1},
        {0x9B,0x0A,0xE0,0x80,0x47,0xBF,0x90,0x6F,0x5C,0xBF,0xE8,0x08,0x37,0x4A,0xDA,0x10,0x9D,0xA7,0x1D,0x02,0xB1,0x71,0x64,0x1E,0x29,0xF8,0xF8,0xF6,0xDC,0x2F,0xFA,0x28},
    },
    {
        UINT32_C(7180),
        UINT64_C(0x2BF9C6709A72A62F),
        UINT32_C(1280),
        UINT32_C(80),
        {0x32,0xD7,0x35,0xFA,0x5F,0xD9,0x3E,0xF0,0x4D,0x72,0xD3,0x2D,0xC3,0x26,0x00,0x2D,0x4A,0xCD,0x8A,0x9A,0x6D,0x17,0x91,0xB9,0x46,0x7B,0xED,0x2A,0x1C,0x16,0x0F,0xE1},
        {0xEB,0x42,0x43,0x95,0xBD,0x64,0xED,0x17,0x8E,0xE0,0x9A,0x5C,0x47,0x04,0x69,0x6E,0x40,0x6A,0xEB,0xE7,0x7E,0x71,0x4C,0x60,0x11,0x28,0x82,0x56,0x88,0xFF,0x8D,0xA6},
    },
    {
        UINT32_C(7190),
        UINT64_C(0xB87CDCDA17322275),
        UINT32_C(380),
        UINT32_C(52),
        {0xF6,0x79,0xE7,0xE1,0x43,0xA2,0xC2,0xF5,0xBE,0x6D,0x41,0xE1,0xBD,0x7B,0x50,0x31,0xC6,0xC2,0xD0,0x02,0xF9,0x1A,0xB0,0x8E,0x8C,0x84,0x2E,0xB2,0x67,0xB4,0xC5,0x28},
        {0x9B,0x50,0xA9,0x1E,0x2D,0x59,0x6E,0xF3,0xAA,0x55,0x45,0x11,0x7D,0x77,0x27,0x84,0x47,0x97,0x9F,0xC8,0x47,0x84,0x56,0xA5,0x98,0x69,0xF8,0xA7,0x0B,0x1E,0x17,0xCA},
    },
    {
        UINT32_C(7234),
        UINT64_C(0xF9849394FCE88812),
        UINT32_C(1280),
        UINT32_C(80),
        {0x45,0xE4,0xDA,0xF1,0x43,0x02,0x5A,0x6A,0x59,0x65,0x48,0x55,0xD6,0x4C,0x6E,0x1C,0x40,0x02,0x65,0x1C,0x31,0xBF,0x15,0x5D,0x49,0x06,0x2F,0x7D,0x49,0xD8,0x13,0x25},
        {0x46,0x1F,0xEC,0x5F,0xB4,0x98,0x4B,0x7C,0x49,0x48,0x38,0xA9,0x20,0x06,0xAA,0xFB,0xA0,0x63,0x27,0xB7,0xA9,0x9A,0x2F,0xC4,0xAD,0x38,0x4F,0x3E,0x74,0xD5,0x07,0x43},
    },
    {
        UINT32_C(7242),
        UINT64_C(0x1660ED6E4A19011B),
        UINT32_C(1024),
        UINT32_C(600),
        {0x77,0xBA,0xC3,0x9B,0x7E,0xEC,0xA9,0xFB,0x5A,0x90,0xD0,0xC5,0xF6,0x98,0xC4,0x97,0x95,0x57,0xC6,0x63,0xB7,0x35,0x31,0x57,0x6E,0x20,0x6A,0x98,0x2B,0x6B,0x1C,0xE2},
        {0xF0,0x07,0x5D,0x02,0x2E,0x05,0xCE,0x04,0x4F,0x4C,0x24,0x94,0xEC,0xA8,0xAC,0x70,0x36,0xA9,0x3C,0x19,0x14,0xBB,0xAE,0x37,0xAF,0x95,0x42,0xD1,0x42,0x73,0x77,0x9E},
    },
    {
        UINT32_C(7250),
        UINT64_C(0x5ADE740CE45450E2),
        UINT32_C(1280),
        UINT32_C(80),
        {0x53,0x15,0xC2,0x0C,0x68,0x1B,0x3B,0x41,0xF9,0xC1,0xAF,0xC1,0x8A,0x5A,0x75,0x91,0x11,0x41,0x53,0x3A,0x66,0x6A,0xAB,0xC7,0xC8,0x66,0x8B,0xD6,0xDA,0x3A,0xD1,0x57},
        {0x57,0xA7,0x6D,0x69,0xEE,0x7F,0x48,0xCD,0x7B,0xE5,0xF1,0x16,0x0D,0xD3,0xFE,0x73,0x5D,0xF7,0xAD,0xB9,0x38,0x60,0x6F,0x27,0x28,0x30,0x86,0xD9,0x58,0x5F,0x69,0x5B},
    },
    {
        UINT32_C(7262),
        UINT64_C(0x92DE8F8CF5BC95BE),
        UINT32_C(1280),
        UINT32_C(80),
        {0xC9,0x7D,0x1C,0x3C,0x11,0xA3,0x20,0x8A,0x4D,0x27,0xD2,0xF2,0xFB,0x97,0xE9,0x9D,0xB4,0xF7,0x0F,0x03,0xB9,0x9F,0x8B,0xBF,0x2E,0xF5,0x6A,0xD5,0xEE,0x11,0x83,0x55},
        {0x2F,0x38,0x80,0x7A,0x58,0xC4,0xB9,0xB4,0xDF,0x76,0x5B,0x37,0x91,0xCC,0xAA,0x11,0xDD,0x09,0xD5,0xC0,0xE3,0xDB,0x19,0x71,0x02,0xC1,0xE5,0x4D,0xEB,0x67,0x96,0xBA},
    },
    {
        UINT32_C(7286),
        UINT64_C(0xD520747E44365DE7),
        UINT32_C(1280),
        UINT32_C(80),
        {0x6E,0xB4,0x0C,0xAA,0x7E,0xE9,0x0C,0x15,0xD0,0x45,0xDC,0x52,0xF6,0x86,0x6C,0xCD,0x99,0xA1,0xCD,0xE4,0xAE,0x2F,0x2B,0x8F,0xAD,0xD6,0x52,0x4B,0xB5,0xF1,0x20,0x23},
        {0x7D,0x82,0xC6,0xA8,0xA7,0xAF,0xE2,0x63,0x4A,0xE0,0xA7,0x53,0x61,0xFD,0x1B,0x9F,0x89,0xF4,0xD3,0xA3,0x07,0x10,0x3E,0x07,0xDF,0xC9,0x10,0x86,0x60,0x08,0x45,0x2F},
    },
    {
        UINT32_C(7308),
        UINT64_C(0x40134B5EC2E9430B),
        UINT32_C(408),
        UINT32_C(38),
        {0x27,0x69,0x89,0x82,0xD4,0x35,0x45,0x2F,0x84,0x00,0xBC,0x25,0x32,0x6A,0x18,0xD8,0xAB,0x1B,0xEC,0x85,0xA2,0xD5,0x93,0x8A,0xFE,0x64,0x4B,0x46,0xF0,0x84,0x78,0x97},
        {0xA2,0x95,0x1D,0x73,0xBA,0x3A,0x15,0xD2,0x15,0x35,0x79,0x40,0x38,0x5B,0xCA,0x64,0x44,0x53,0x69,0x90,0x22,0xBF,0x7C,0x67,0xDE,0xAA,0x21,0xB8,0x11,0xB4,0x4F,0x0D},
    },
    {
        UINT32_C(7310),
        UINT64_C(0x4709B822B0027B1D),
        UINT32_C(1024),
        UINT32_C(600),
        {0x63,0x8B,0x24,0x8A,0x56,0xEA,0x4A,0x2E,0xA8,0xDC,0x65,0x6D,0x8F,0xAC,0x3D,0xD1,0xCD,0xDF,0xD7,0xBC,0xF6,0x76,0x82,0x9F,0x82,0x96,0x3E,0x02,0x64,0x18,0x98,0x47},
        {0xB2,0xC1,0x8C,0x54,0xF6,0xE6,0xE6,0xED,0x34,0xBA,0x78,0x68,0x94,0x4E,0x88,0xE9,0x59,0x4F,0x23,0x9A,0x4D,0x5C,0x13,0x5B,0xC3,0x6A,0xB3,0x9C,0x79,0x0E,0x87,0x4C},
    },
    {
        UINT32_C(7408),
        UINT64_C(0x509C1A607E85E466),
        UINT32_C(1024),
        UINT32_C(600),
        {0x22,0x23,0x49,0x8D,0x52,0xA8,0x6E,0xC5,0x51,0x73,0xCC,0x2C,0xAE,0x7F,0x70,0xCB,0xF4,0xFD,0xEB,0xC2,0x1D,0x80,0x57,0xCF,0x53,0xC7,0xAA,0x21,0xC4,0x5A,0xAD,0x0B},
        {0xBB,0x9C,0xC5,0xE0,0xF4,0x7F,0x82,0x34,0xF1,0x12,0x09,0x41,0x5B,0xDA,0xA6,0xCB,0x19,0x06,0xA7,0x00,0xD5,0x6E,0xE8,0xE1,0xE0,0x0F,0x23,0xA7,0x85,0x37,0x4A,0x7C},
    },
    {
        UINT32_C(7414),
        UINT64_C(0x8E84C3C2EC0C96FC),
        UINT32_C(220),
        UINT32_C(43),
        {0xD1,0x35,0x0B,0x96,0x94,0x7F,0x9F,0x95,0x6E,0x95,0xFD,0xEC,0x69,0x37,0x5A,0x7B,0x2D,0xAD,0x48,0x5A,0x70,0xF7,0xDB,0x3A,0xCD,0x61,0x2E,0xDC,0xF3,0x69,0xDF,0xF5},
        {0x58,0xF1,0x82,0x63,0x78,0xF0,0xDC,0x0C,0x72,0x2E,0xE9,0x6A,0xE0,0x33,0xF8,0x30,0xAD,0x70,0x7E,0x71,0x91,0xDF,0x9A,0x7D,0x23,0xF3,0x09,0x2E,0x62,0x04,0x7D,0x78},
    },
    {
        UINT32_C(7416),
        UINT64_C(0x4526DF51788A784D),
        UINT32_C(1280),
        UINT32_C(80),
        {0x2E,0xAE,0x00,0x33,0x81,0xD4,0xBE,0x0D,0x5E,0x43,0xD2,0x57,0xD0,0xBD,0xB6,0x23,0xF6,0x15,0x4B,0x2A,0x36,0xB5,0x1D,0x55,0x2C,0x6C,0x77,0xA8,0x32,0x62,0x28,0x76},
        {0x51,0x94,0x73,0x0C,0x2C,0xD9,0x82,0x5A,0x46,0x57,0xC1,0x16,0x4F,0x52,0xFD,0x3B,0xFB,0xD3,0x12,0x9A,0x13,0x99,0xCA,0xF2,0x68,0x69,0x6C,0x07,0xB9,0x96,0x3E,0x40},
    },
    {
        UINT32_C(7418),
        UINT64_C(0xC9960AAA0203D4C7),
        UINT32_C(217),
        UINT32_C(34),
        {0x3A,0x15,0x13,0x43,0x8F,0x93,0x8E,0x42,0x33,0xD8,0xFB,0xFA,0x9F,0x1C,0x44,0xAE,0x2E,0x15,0x0F,0xCE,0x49,0xF5,0x5E,0x4E,0xB8,0xE0,0xEF,0x5E,0x94,0x21,0x8D,0xE0},
        {0xA6,0x4D,0xD7,0xE0,0x00,0xC1,0x1E,0xAA,0x77,0x0F,0x9B,0x11,0xE0,0x4F,0xEE,0x09,0xDC,0x01,0x3A,0xC0,0x14,0x3D,0xBA,0x24,0xAE,0xF7,0x7B,0x6C,0xA1,0x74,0x2D,0xAC},
    },
    {
        UINT32_C(7432),
        UINT64_C(0x27755E5EB423A30B),
        UINT32_C(1024),
        UINT32_C(600),
        {0x4B,0x5F,0x4F,0xF1,0xB6,0xD5,0xB4,0xD3,0x67,0x32,0x94,0xCB,0xB9,0xA2,0xB6,0x43,0x67,0xCB,0x35,0x6D,0xF9,0x54,0x77,0x2B,0x54,0x07,0xA4,0x29,0xC8,0x55,0xE3,0x1D},
        {0x35,0xDB,0xBB,0x9F,0x84,0x8F,0x79,0xD1,0x0E,0x83,0xAF,0x25,0xB2,0x3A,0x0F,0x4C,0x38,0x8B,0xCA,0xA8,0xBE,0x0D,0xA9,0x06,0xD0,0x4C,0xAF,0x00,0x76,0xBF,0x73,0x8D},
    },
    {
        UINT32_C(7454),
        UINT64_C(0x175DE11FEBCFC5D6),
        UINT32_C(408),
        UINT32_C(38),
        {0xBF,0x97,0xEF,0x5F,0x41,0x24,0x4D,0xC6,0x5E,0xC2,0x7B,0x08,0x58,0x95,0x81,0x96,0xF9,0x15,0x82,0x7F,0x9B,0x7E,0x1D,0x16,0xD2,0x04,0x40,0x77,0xF1,0x8F,0x81,0x44},
        {0x16,0xF8,0x5A,0xE2,0x51,0xDA,0x04,0xA4,0x0F,0x9C,0xDE,0x69,0x79,0x60,0xE5,0xE4,0x03,0x20,0xE4,0xEC,0x47,0x83,0x8D,0x24,0xC3,0xF0,0xA5,0xFB,0xB9,0xDE,0xBC,0x40},
    },
    {
        UINT32_C(7454),
        UINT64_C(0x8E28DD52EDD80845),
        UINT32_C(1280),
        UINT32_C(80),
        {0x09,0x28,0x57,0x1E,0x14,0x2B,0xE3,0x25,0xF7,0x74,0x17,0x03,0xD7,0x32,0xF0,0x15,0xA5,0x68,0x7F,0xD8,0x72,0x4D,0x63,0x78,0xD6,0x6E,0x35,0xE0,0xE5,0xA8,0x48,0x40},
        {0x3B,0x2E,0x22,0xE3,0x1E,0xE3,0x64,0xD3,0x7A,0x42,0x5E,0x3A,0xF3,0x15,0xF5,0xE0,0x51,0xD2,0x79,0xE3,0xB3,0xC6,0x30,0x83,0x46,0xC5,0xE0,0xF9,0x86,0xA0,0x8E,0xCF},
    },
    {
        UINT32_C(7474),
        UINT64_C(0x2DBD86B5585629CC),
        UINT32_C(1280),
        UINT32_C(80),
        {0xFF,0x0D,0x43,0xA7,0xA7,0x53,0xF7,0x1D,0x5D,0x13,0xB6,0xC8,0x41,0xA8,0x47,0xB2,0xE0,0xFE,0xD5,0x39,0x5F,0xFF,0xC0,0xAF,0x50,0xC6,0x5C,0x9D,0x98,0xA7,0x97,0x49},
        {0x76,0x88,0xEE,0xEF,0x80,0x47,0x5A,0x86,0x32,0x56,0x2F,0x82,0xC9,0x68,0x04,0x77,0xDD,0xF7,0x16,0xE6,0xD5,0x79,0xDC,0xDB,0x52,0x30,0x53,0xE1,0x04,0x3C,0xD8,0xE4},
    },
    {
        UINT32_C(7484),
        UINT64_C(0x435A6C1C644B61A7),
        UINT32_C(1280),
        UINT32_C(80),
        {0xDD,0x89,0x21,0xBA,0xC8,0xE5,0x0D,0x60,0x05,0x72,0x21,0xAE,0xB0,0xAA,0xED,0xC2,0x13,0xC8,0x72,0x90,0x16,0xF1,0xB2,0x00,0xCF,0x9A,0xEA,0x55,0x0B,0xC9,0x04,0x7F},
        {0x6A,0x16,0x99,0x55,0xAA,0x7F,0xA0,0xAC,0xE3,0xFB,0x52,0xEA,0x5D,0x7F,0x2F,0x59,0xFC,0x04,0xFE,0xFF,0x1F,0x09,0xB9,0x1B,0x79,0x64,0x87,0xE9,0xF1,0xF2,0x43,0x19},
    },
    {
        UINT32_C(7500),
        UINT64_C(0x9A28DA48DE5E2E98),
        UINT32_C(1280),
        UINT32_C(80),
        {0x27,0x57,0xFC,0x81,0xFD,0x7C,0xFA,0x7D,0xD6,0x1D,0xD3,0xD5,0x68,0x5F,0x32,0xD0,0x23,0x9F,0xA5,0x7D,0x2E,0x27,0xAD,0x5C,0x74,0x11,0x4E,0xAF,0x7D,0x09,0xD9,0xCA},
        {0x4F,0xD6,0x3B,0xE3,0x24,0xDA,0x87,0x10,0xE5,0xC1,0xD1,0x3F,0x42,0xC6,0x8A,0x3A,0x10,0x36,0x87,0xF2,0x53,0x98,0xE0,0x0A,0x32,0x73,0x48,0xB7,0xA9,0x55,0xC8,0x1F},
    },
    {
        UINT32_C(7560),
        UINT64_C(0x766C64704820DFAC),
        UINT32_C(302),
        UINT32_C(72),
        {0xC0,0x51,0x82,0xE0,0x75,0x99,0xEB,0xEC,0x7C,0x72,0x18,0x7B,0xCA,0xFC,0xE7,0x95,0x9D,0xA5,0xE1,0xCB,0x5D,0x3A,0xCB,0x24,0x44,0x39,0x8E,0x93,0x18,0x31,0x1A,0xA6},
        {0x25,0xF3,0x4C,0x0A,0x5B,0xEB,0x55,0xCB,0xDF,0x2E,0x2C,0x35,0xE5,0xAF,0x12,0x61,0x4D,0x36,0xF9,0x9D,0x2E,0x54,0xB1,0xD0,0xA0,0x2B,0xF5,0xD9,0x2D,0xD8,0xBA,0x53},
    },
    {
        UINT32_C(7624),
        UINT64_C(0x5124E62FA189386C),
        UINT32_C(1280),
        UINT32_C(80),
        {0x6E,0xB4,0x0C,0xAA,0x7E,0xE9,0x0C,0x15,0xD0,0x45,0xDC,0x52,0xF6,0x86,0x6C,0xCD,0x99,0xA1,0xCD,0xE4,0xAE,0x2F,0x2B,0x8F,0xAD,0xD6,0x52,0x4B,0xB5,0xF1,0x20,0x23},
        {0x7D,0x82,0xC6,0xA8,0xA7,0xAF,0xE2,0x63,0x4A,0xE0,0xA7,0x53,0x61,0xFD,0x1B,0x9F,0x89,0xF4,0xD3,0xA3,0x07,0x10,0x3E,0x07,0xDF,0xC9,0x10,0x86,0x60,0x08,0x45,0x2F},
    },
    {
        UINT32_C(7634),
        UINT64_C(0xCC2D657C7E6D1128),
        UINT32_C(1280),
        UINT32_C(80),
        {0x33,0xFD,0x4B,0x2E,0xF2,0x1E,0xC6,0x8F,0x5A,0x49,0x17,0x86,0x4D,0x1B,0x01,0xF5,0x60,0x7E,0xFB,0xEA,0xB6,0x75,0x8A,0xA6,0xDD,0x13,0xF4,0x8B,0xBC,0xD8,0xD1,0x06},
        {0x75,0x5C,0xD0,0x24,0x8A,0x07,0x88,0xD9,0xB0,0x92,0x5A,0xB2,0x2E,0xCE,0x5E,0xAD,0xBC,0x46,0x6E,0x72,0xA4,0x2C,0x5C,0x36,0x64,0x74,0x11,0x56,0x6A,0xA6,0xDB,0xD9},
    },
    {
        UINT32_C(7666),
        UINT64_C(0x831AB16BE97BD3C6),
        UINT32_C(1024),
        UINT32_C(600),
        {0x1A,0xAD,0x5A,0x30,0x2C,0xF4,0x14,0x88,0x1B,0x7C,0x5B,0x1A,0x81,0x54,0x07,0x64,0x03,0x68,0xED,0x11,0x13,0x3F,0x73,0xA2,0x77,0x89,0xF4,0xC2,0x48,0x77,0x20,0x71},
        {0x86,0xC7,0xD1,0x32,0x38,0x7F,0x7F,0x04,0x50,0x69,0x3C,0x86,0x5D,0x5E,0xE4,0xFE,0xC6,0x5D,0x67,0x8A,0xEF,0xAF,0xF3,0x76,0x3C,0x4D,0xDF,0x38,0xBE,0xD3,0xD7,0x37},
    },
    {
        UINT32_C(7696),
        UINT64_C(0x24E844FE505776B4),
        UINT32_C(302),
        UINT32_C(72),
        {0x13,0x14,0x5A,0x08,0xDD,0xF7,0xA3,0xC9,0x63,0xA3,0xDB,0xC5,0x0D,0x73,0x9F,0x4F,0xAD,0xC1,0x86,0x41,0x52,0x08,0x80,0x3C,0xC1,0x78,0x61,0xF7,0x11,0xE9,0x40,0x59},
        {0x8E,0x78,0x10,0xA3,0x1D,0x18,0xAF,0xE7,0xC4,0xDC,0xF0,0x4F,0x09,0x5E,0xDB,0x65,0x0A,0x58,0xBF,0xEB,0x01,0x59,0x55,0xDD,0x53,0x8B,0x28,0xDB,0xC9,0x71,0xA2,0x0B},
    },
    {
        UINT32_C(7710),
        UINT64_C(0x8A909B5597EE129B),
        UINT32_C(1280),
        UINT32_C(80),
        {0x09,0x28,0x57,0x1E,0x14,0x2B,0xE3,0x25,0xF7,0x74,0x17,0x03,0xD7,0x32,0xF0,0x15,0xA5,0x68,0x7F,0xD8,0x72,0x4D,0x63,0x78,0xD6,0x6E,0x35,0xE0,0xE5,0xA8,0x48,0x40},
        {0x3B,0x2E,0x22,0xE3,0x1E,0xE3,0x64,0xD3,0x7A,0x42,0x5E,0x3A,0xF3,0x15,0xF5,0xE0,0x51,0xD2,0x79,0xE3,0xB3,0xC6,0x30,0x83,0x46,0xC5,0xE0,0xF9,0x86,0xA0,0x8E,0xCF},
    },
    {
        UINT32_C(7712),
        UINT64_C(0x2C118D36C41980DA),
        UINT32_C(1280),
        UINT32_C(80),
        {0x2E,0xAE,0x00,0x33,0x81,0xD4,0xBE,0x0D,0x5E,0x43,0xD2,0x57,0xD0,0xBD,0xB6,0x23,0xF6,0x15,0x4B,0x2A,0x36,0xB5,0x1D,0x55,0x2C,0x6C,0x77,0xA8,0x32,0x62,0x28,0x76},
        {0x51,0x94,0x73,0x0C,0x2C,0xD9,0x82,0x5A,0x46,0x57,0xC1,0x16,0x4F,0x52,0xFD,0x3B,0xFB,0xD3,0x12,0x9A,0x13,0x99,0xCA,0xF2,0x68,0x69,0x6C,0x07,0xB9,0x96,0x3E,0x40},
    },
    {
        UINT32_C(7722),
        UINT64_C(0x0AF1BD42CD36C302),
        UINT32_C(408),
        UINT32_C(38),
        {0xBB,0x99,0x53,0xC4,0x37,0xA9,0xD3,0x3F,0x17,0x7E,0xEA,0x5C,0x44,0x08,0x6A,0xDB,0xD7,0xFF,0xD6,0x73,0x89,0xBB,0x42,0x8A,0xEF,0x4A,0xAE,0xDF,0x58,0x7E,0xDE,0x0D},
        {0xFC,0x25,0x43,0x2A,0xC5,0x4C,0xD6,0x02,0xC9,0xBE,0xB0,0x90,0x4D,0x9C,0xA3,0xBA,0x94,0xE9,0x5C,0x41,0x2E,0x9F,0x11,0x9F,0x42,0x5F,0x20,0x42,0x4F,0xB1,0xB7,0x49},
    },
    {
        UINT32_C(7762),
        UINT64_C(0x53866C8DAFE14CA9),
        UINT32_C(1280),
        UINT32_C(80),
        {0xFF,0x0D,0x43,0xA7,0xA7,0x53,0xF7,0x1D,0x5D,0x13,0xB6,0xC8,0x41,0xA8,0x47,0xB2,0xE0,0xFE,0xD5,0x39,0x5F,0xFF,0xC0,0xAF,0x50,0xC6,0x5C,0x9D,0x98,0xA7,0x97,0x49},
        {0x76,0x88,0xEE,0xEF,0x80,0x47,0x5A,0x86,0x32,0x56,0x2F,0x82,0xC9,0x68,0x04,0x77,0xDD,0xF7,0x16,0xE6,0xD5,0x79,0xDC,0xDB,0x52,0x30,0x53,0xE1,0x04,0x3C,0xD8,0xE4},
    },
    {
        UINT32_C(7776),
        UINT64_C(0xED5F24A960B925FB),
        UINT32_C(1280),
        UINT32_C(80),
        {0xDD,0x89,0x21,0xBA,0xC8,0xE5,0x0D,0x60,0x05,0x72,0x21,0xAE,0xB0,0xAA,0xED,0xC2,0x13,0xC8,0x72,0x90,0x16,0xF1,0xB2,0x00,0xCF,0x9A,0xEA,0x55,0x0B,0xC9,0x04,0x7F},
        {0x6A,0x16,0x99,0x55,0xAA,0x7F,0xA0,0xAC,0xE3,0xFB,0x52,0xEA,0x5D,0x7F,0x2F,0x59,0xFC,0x04,0xFE,0xFF,0x1F,0x09,0xB9,0x1B,0x79,0x64,0x87,0xE9,0xF1,0xF2,0x43,0x19},
    },
    {
        UINT32_C(7796),
        UINT64_C(0xDA0BD0C7BB228267),
        UINT32_C(1280),
        UINT32_C(80),
        {0x27,0x57,0xFC,0x81,0xFD,0x7C,0xFA,0x7D,0xD6,0x1D,0xD3,0xD5,0x68,0x5F,0x32,0xD0,0x23,0x9F,0xA5,0x7D,0x2E,0x27,0xAD,0x5C,0x74,0x11,0x4E,0xAF,0x7D,0x09,0xD9,0xCA},
        {0x4F,0xD6,0x3B,0xE3,0x24,0xDA,0x87,0x10,0xE5,0xC1,0xD1,0x3F,0x42,0xC6,0x8A,0x3A,0x10,0x36,0x87,0xF2,0x53,0x98,0xE0,0x0A,0x32,0x73,0x48,0xB7,0xA9,0x55,0xC8,0x1F},
    },
    {
        UINT32_C(7800),
        UINT64_C(0x69B6E68571B2B8E0),
        UINT32_C(1024),
        UINT32_C(600),
        {0x09,0xC2,0x65,0x7E,0xF6,0xAC,0x3B,0x11,0x38,0x20,0x24,0x3B,0xB3,0xEE,0xB0,0xCE,0xE5,0xF9,0x1A,0x8F,0x37,0x0C,0x78,0xF3,0x09,0xBF,0x81,0x9B,0x5A,0xB7,0x01,0xA2},
        {0xCF,0xCA,0x4E,0x3A,0xBC,0x51,0x11,0x19,0xDF,0x3A,0xDC,0x83,0xCA,0x3D,0x3B,0xBB,0x73,0x77,0x7F,0xEC,0x93,0x57,0x18,0xB2,0xD9,0x40,0x55,0x95,0x9B,0x8A,0x56,0x2F},
    },
    {
        UINT32_C(7806),
        UINT64_C(0xD55FC68BCEF0CDDA),
        UINT32_C(1280),
        UINT32_C(80),
        {0x33,0xFD,0x4B,0x2E,0xF2,0x1E,0xC6,0x8F,0x5A,0x49,0x17,0x86,0x4D,0x1B,0x01,0xF5,0x60,0x7E,0xFB,0xEA,0xB6,0x75,0x8A,0xA6,0xDD,0x13,0xF4,0x8B,0xBC,0xD8,0xD1,0x06},
        {0x75,0x5C,0xD0,0x24,0x8A,0x07,0x88,0xD9,0xB0,0x92,0x5A,0xB2,0x2E,0xCE,0x5E,0xAD,0xBC,0x46,0x6E,0x72,0xA4,0x2C,0x5C,0x36,0x64,0x74,0x11,0x56,0x6A,0xA6,0xDB,0xD9},
    },
    {
        UINT32_C(7870),
        UINT64_C(0x39DF913EB9002BC3),
        UINT32_C(148),
        UINT32_C(228),
        {0xBA,0xE0,0x3A,0xDA,0xFF,0xC9,0x5A,0x07,0xBF,0xFB,0x40,0xCF,0xB9,0xA8,0xC4,0x57,0x23,0x04,0xCC,0x8D,0x6B,0x7B,0x33,0xF8,0xE1,0xEC,0x26,0x13,0xB2,0xC9,0x79,0xDF},
        {0x6C,0x90,0x3C,0xB4,0x0F,0xCA,0xFF,0x5E,0xAE,0x1B,0x6B,0xCA,0x3A,0x4F,0xF1,0xC1,0x7C,0x4B,0x89,0xCC,0xDD,0x55,0x5D,0xF3,0x8F,0x0A,0x1B,0x72,0xFF,0x2B,0xB8,0xB4},
    },
    {
        UINT32_C(7874),
        UINT64_C(0x7A283036926F6F8C),
        UINT32_C(302),
        UINT32_C(72),
        {0x58,0x4A,0x0A,0x43,0x7C,0xD2,0x34,0xC8,0x9D,0xAB,0xC9,0x79,0x9B,0xC4,0x71,0x00,0x3E,0x32,0x73,0xE7,0xB5,0x99,0x14,0x58,0x19,0x7E,0x5C,0x5F,0xA2,0x4F,0x4A,0xC7},
        {0x52,0x47,0x9C,0x37,0x07,0xCC,0x57,0x31,0x57,0x70,0x09,0x31,0x17,0xFC,0x61,0xB8,0xD0,0x38,0xE6,0x25,0xEA,0x44,0x8F,0xB0,0xFF,0x0E,0xD3,0xB2,0x6E,0x54,0x9D,0x31},
    },
    {
        UINT32_C(7904),
        UINT64_C(0x29E7308D1A997FA4),
        UINT32_C(302),
        UINT32_C(72),
        {0xBF,0x26,0xE0,0xDC,0xA5,0x50,0x35,0x55,0xE2,0x04,0x9A,0xB7,0xBF,0xF4,0xF8,0x5E,0xCC,0xC8,0x9D,0xEB,0x9E,0x15,0xF8,0xD7,0x58,0x7D,0xF2,0x67,0x2B,0x2E,0xC7,0xB9},
        {0x40,0x7F,0xE4,0xB1,0x86,0xAA,0x75,0x25,0xA5,0xA6,0x9A,0x21,0x24,0xE6,0x83,0x25,0x48,0xBE,0x7E,0x4B,0xFF,0xB6,0x2A,0x60,0x8C,0xE1,0x3C,0x2D,0x1D,0x5F,0x5A,0x73},
    },
    {
        UINT32_C(8014),
        UINT64_C(0xF894CD6280368382),
        UINT32_C(408),
        UINT32_C(38),
        {0xCB,0x74,0x4B,0x4D,0xDB,0x0A,0x00,0xD6,0x1D,0xBD,0xB8,0x26,0x44,0x38,0x2C,0x5B,0xF8,0x94,0x3C,0xE1,0x8A,0x30,0x2F,0xE6,0x37,0xFD,0xF7,0x27,0x06,0x89,0x03,0x9A},
        {0xF3,0xCA,0xF4,0x0C,0x2B,0x75,0xB4,0x45,0x7E,0xB7,0xB7,0x01,0x0C,0x69,0x30,0x75,0x28,0x7D,0x89,0x94,0xD0,0x53,0xE7,0xA9,0xE8,0x2A,0x4D,0x67,0xE9,0x30,0x61,0xE9},
    },
    {
        UINT32_C(8032),
        UINT64_C(0xFA7670B52F7797E7),
        UINT32_C(1024),
        UINT32_C(600),
        {0x71,0x2B,0xBA,0x78,0x83,0x2E,0xA5,0xB2,0xCA,0x35,0x89,0x52,0xEA,0x08,0x8F,0x48,0x33,0xBE,0x77,0x0B,0x2F,0x0F,0xEC,0x05,0x10,0x96,0x1C,0xB5,0x57,0xEF,0x26,0xB0},
        {0x28,0x04,0xDD,0xFC,0x32,0x10,0xB9,0x00,0x9F,0xD3,0xB9,0xBA,0x2D,0x72,0x16,0xBF,0x12,0x12,0x99,0xCE,0xA2,0xC7,0xE4,0x33,0x0E,0x52,0xB6,0xB5,0xFD,0x13,0x59,0xB0},
    },
    {
        UINT32_C(8058),
        UINT64_C(0x1FC1971B7D3CF62A),
        UINT32_C(408),
        UINT32_C(38),
        {0x09,0x55,0x33,0x9F,0x41,0x7B,0x3E,0x10,0x77,0x2D,0x78,0x0D,0xF9,0xEC,0x9A,0x08,0xC6,0x5B,0x2B,0xA4,0x50,0xE3,0x93,0xBB,0x79,0xB2,0x31,0xC2,0x61,0x0B,0x9E,0x3D},
        {0x28,0x8B,0xD9,0xFD,0xB1,0x9D,0x92,0x1C,0x1D,0x19,0x45,0x12,0xFA,0x65,0x12,0x4B,0x26,0xF3,0x83,0x56,0xC5,0xF5,0x44,0xC1,0x8F,0xA7,0x07,0xA5,0x41,0xE1,0x65,0x93},
    },
    {
        UINT32_C(8060),
        UINT64_C(0x8F8E83C35B0279D3),
        UINT32_C(302),
        UINT32_C(72),
        {0x79,0x75,0xA6,0x86,0xA4,0xC7,0x5F,0xE5,0xFD,0xE5,0x61,0xF8,0x5C,0xA6,0x68,0x10,0x1A,0xCD,0xCC,0x7F,0x57,0x75,0xE0,0x26,0xB8,0xB0,0x2D,0x2F,0xD8,0x2D,0xEF,0xEC},
        {0x7D,0x3C,0xF8,0x86,0x12,0xA3,0x15,0x3B,0xDB,0xEF,0xFC,0x32,0xDD,0x17,0xBF,0x9B,0xF4,0x35,0x66,0xB7,0x1E,0x7A,0xA0,0x86,0x88,0x52,0x54,0xF7,0x7D,0xFE,0x06,0x21},
    },
    {
        UINT32_C(8072),
        UINT64_C(0xFF166054D42FED2C),
        UINT32_C(1024),
        UINT32_C(600),
        {0x93,0x8D,0x12,0x36,0x2C,0x73,0xFF,0x57,0xAA,0x36,0x0D,0x10,0xFC,0xBB,0x20,0x99,0x57,0x29,0xB3,0x68,0xDB,0xB1,0x75,0x8C,0x0E,0x55,0x7D,0x83,0x8E,0xA3,0xAB,0xCD},
        {0x75,0xB5,0x4A,0x8B,0xCA,0xE1,0xDC,0x0A,0xA6,0xDE,0xAD,0xC9,0x30,0x91,0x30,0x9B,0x72,0xFD,0x0E,0x1E,0xB8,0xEA,0x36,0x13,0xA4,0xA8,0xCF,0xF6,0xF4,0x1F,0xF4,0x97},
    },
    {
        UINT32_C(8094),
        UINT64_C(0x52BF68ADA5D4664E),
        UINT32_C(148),
        UINT32_C(228),
        {0x77,0x48,0x26,0x02,0xF1,0xAD,0x9E,0x7F,0x59,0xD7,0x75,0x58,0xE8,0x5C,0x8E,0x25,0x79,0xBE,0x38,0x71,0xCD,0x44,0xE1,0xF2,0xA0,0x5F,0x8B,0xA8,0x6F,0x1F,0xB3,0x79},
        {0x4C,0xCC,0x83,0xED,0xD2,0x87,0x9D,0x51,0xAD,0xD1,0xCE,0xDF,0x70,0xCF,0x0B,0xBC,0xDE,0x30,0x81,0x9B,0x9E,0xAB,0x80,0x96,0x9E,0x6D,0xAA,0x6B,0x11,0x55,0xA4,0xCC},
    },
    {
        UINT32_C(8118),
        UINT64_C(0x1033A28E0F650E2E),
        UINT32_C(1024),
        UINT32_C(600),
        {0x2C,0xEC,0x48,0x22,0x50,0x43,0x3D,0x69,0x18,0xBE,0xB2,0xC6,0xA3,0xB4,0xB8,0xB9,0x8C,0x79,0x57,0x8D,0x66,0xDB,0xC2,0x39,0xE8,0xD3,0xBD,0x7F,0x04,0xD0,0x3F,0x1C},
        {0x5C,0xB7,0x9D,0x76,0x94,0x22,0x31,0x2F,0x09,0x92,0xAC,0x4C,0x48,0x10,0x3F,0x81,0xAD,0x00,0xD8,0x15,0xA3,0x3B,0xE8,0x31,0xD2,0x7B,0x85,0x5A,0x0F,0x9F,0xAE,0xDE},
    },
    {
        UINT32_C(8216),
        UINT64_C(0xCE66EC9AAFBB704A),
        UINT32_C(1024),
        UINT32_C(600),
        {0x19,0xD8,0x59,0x3A,0xF0,0x29,0x6B,0xD6,0xD6,0xD3,0x96,0xB6,0xF3,0x0E,0xF9,0x77,0xEA,0xE3,0x4D,0x4C,0x13,0x32,0x9A,0x26,0x3C,0xCA,0x3A,0xFC,0x53,0xD1,0xD9,0xCE},
        {0xBF,0x3F,0x83,0x60,0xB7,0xAD,0x96,0x14,0x50,0x5E,0xC2,0xC6,0x1A,0x6A,0x71,0x9A,0x5C,0xF8,0xB1,0xDA,0x34,0x65,0x4B,0xAC,0xEF,0x35,0x92,0xCD,0x3E,0xD5,0x99,0x90},
    },
    {
        UINT32_C(8218),
        UINT64_C(0xB682835C5F21A994),
        UINT32_C(340),
        UINT32_C(128),
        {0x52,0xCF,0x03,0xBD,0x0B,0xD3,0x63,0xB4,0x30,0x7D,0x9A,0x4E,0x26,0x6B,0x33,0x5C,0x62,0xFB,0x68,0xAC,0x33,0x3E,0x12,0xE4,0x13,0x20,0x3B,0x6A,0x05,0xB2,0x23,0x65},
        {0x0E,0x3F,0x32,0xBD,0xF1,0x4D,0xCA,0x36,0x4C,0x8D,0x85,0xEE,0xFE,0x48,0xAF,0x5D,0x2F,0x54,0x09,0x48,0x9D,0x7B,0xB9,0x46,0x0A,0xB2,0xA5,0x45,0x2D,0xB1,0x9B,0x0C},
    },
    {
        UINT32_C(8328),
        UINT64_C(0xB029E6FBECC987D2),
        UINT32_C(302),
        UINT32_C(72),
        {0x84,0xA5,0x0C,0x1F,0xF3,0x57,0x1C,0x11,0x0B,0x92,0xA4,0x56,0x2F,0x2F,0xF4,0x35,0x23,0x43,0xB0,0xE9,0xF9,0xFC,0xE9,0x99,0x87,0xA2,0xF7,0x65,0xD4,0xC0,0xB7,0x72},
        {0x8A,0x6E,0x6B,0xF6,0x41,0x69,0x91,0x56,0xEA,0xE7,0x45,0x11,0x79,0xB8,0x97,0xB8,0x36,0x80,0x40,0x2B,0xAD,0x82,0xAC,0x6C,0x5B,0x84,0x31,0xB0,0xCB,0x49,0x3E,0xA7},
    },
    {
        UINT32_C(8344),
        UINT64_C(0x1BF5D5BAA551498B),
        UINT32_C(1280),
        UINT32_C(80),
        {0xC7,0xFA,0x76,0x13,0xB1,0x65,0xD8,0x2E,0xA8,0x26,0x64,0xAE,0xCA,0x2F,0x5D,0x13,0x4A,0xC4,0x8D,0x96,0x0B,0xAC,0x79,0xA9,0x25,0x7B,0x1C,0x95,0xBD,0xA6,0xB1,0x0C},
        {0xB2,0x7E,0x47,0x97,0x99,0xDF,0x09,0xE5,0x0E,0x61,0x43,0x79,0xDB,0x93,0x92,0x70,0x89,0x13,0x2F,0xFF,0x91,0x5C,0xB8,0x35,0xE7,0x07,0x8B,0x48,0x50,0xAF,0x6B,0xEF},
    },
    {
        UINT32_C(8394),
        UINT64_C(0xAC4B3C365CD3DD35),
        UINT32_C(408),
        UINT32_C(38),
        {0xD9,0xF4,0x10,0x56,0x41,0xAF,0xF5,0x85,0xFF,0xBD,0xED,0x03,0x6C,0x89,0x53,0x23,0xE7,0x6F,0x01,0x8D,0xAA,0xCB,0x93,0x55,0xEF,0xA4,0xA1,0x0D,0xE6,0x47,0x9B,0xD3},
        {0x1F,0xA0,0x06,0x47,0xFE,0x81,0xC4,0x03,0xB0,0xFA,0x30,0x9C,0xC5,0xD1,0xF9,0x85,0xC9,0x08,0x9E,0xFA,0x4F,0x28,0x19,0xA9,0xD4,0xF3,0x0C,0x72,0x7E,0xA9,0x1E,0x2F},
    },
    {
        UINT32_C(8402),
        UINT64_C(0xB3C96C987F9DC078),
        UINT32_C(1024),
        UINT32_C(600),
        {0x4B,0x17,0xD2,0x3C,0x98,0xAD,0xD5,0x5B,0x98,0x51,0xBB,0x61,0x5C,0x9D,0x03,0x46,0x98,0x24,0xE9,0xD3,0x22,0x13,0xFC,0x42,0x86,0x84,0xCF,0x0E,0x46,0x5C,0x38,0xD2},
        {0xD6,0x9C,0x9D,0xE0,0x53,0x39,0x82,0xC2,0xB7,0xCF,0xF8,0x9B,0x98,0x6D,0x59,0x99,0x18,0x1E,0x9F,0xBF,0x50,0x14,0xE9,0x10,0x86,0xE5,0x86,0xD5,0xDA,0x64,0xBE,0xD0},
    },
    {
        UINT32_C(8520),
        UINT64_C(0x3F1472FF438089AD),
        UINT32_C(1024),
        UINT32_C(600),
        {0x65,0x52,0x3A,0x86,0x77,0x65,0x11,0xAF,0x66,0x19,0x68,0x6C,0xAC,0x1B,0xDF,0x23,0x3A,0xE6,0x1A,0x83,0xB6,0x0D,0x9F,0x75,0x8B,0x5A,0xC0,0xF7,0x06,0x97,0x41,0x03},
        {0x46,0x91,0x25,0xAA,0x68,0xFA,0x09,0x4F,0x19,0x6A,0x7D,0xE8,0xF2,0x22,0xE3,0x7F,0xC4,0xF1,0xA8,0x14,0xFC,0xE2,0x61,0x8D,0x9E,0x48,0xA1,0xD6,0x26,0x6A,0x53,0x75},
    },
    {
        UINT32_C(8538),
        UINT64_C(0x6E78C16462E1544C),
        UINT32_C(1280),
        UINT32_C(80),
        {0xC7,0xFA,0x76,0x13,0xB1,0x65,0xD8,0x2E,0xA8,0x26,0x64,0xAE,0xCA,0x2F,0x5D,0x13,0x4A,0xC4,0x8D,0x96,0x0B,0xAC,0x79,0xA9,0x25,0x7B,0x1C,0x95,0xBD,0xA6,0xB1,0x0C},
        {0xB2,0x7E,0x47,0x97,0x99,0xDF,0x09,0xE5,0x0E,0x61,0x43,0x79,0xDB,0x93,0x92,0x70,0x89,0x13,0x2F,0xFF,0x91,0x5C,0xB8,0x35,0xE7,0x07,0x8B,0x48,0x50,0xAF,0x6B,0xEF},
    },
    {
        UINT32_C(8630),
        UINT64_C(0x90E4A4E478C356B7),
        UINT32_C(340),
        UINT32_C(128),
        {0x0E,0xAA,0x5F,0x4E,0x3D,0xFB,0x1A,0x2D,0x56,0x90,0xE7,0x34,0x1B,0x99,0x98,0x85,0xCC,0xED,0x3E,0xC3,0xE5,0x21,0x33,0x0A,0x0F,0x4E,0x4C,0x4A,0x24,0x99,0xB0,0x1E},
        {0xD3,0x02,0x1E,0xB9,0x40,0x26,0x66,0x60,0xB3,0x21,0x6C,0xAF,0xE3,0x31,0xCF,0x3F,0xE3,0x18,0xEE,0x57,0x31,0x61,0xF6,0x4A,0x08,0x8E,0x6C,0xD1,0x90,0xFC,0x1A,0xD2},
    },
    {
        UINT32_C(8696),
        UINT64_C(0x049875BB19A8DA58),
        UINT32_C(240),
        UINT32_C(50),
        {0x48,0x03,0x6E,0x53,0xA6,0x74,0x5D,0x0C,0x40,0xD5,0x2E,0x31,0x93,0x62,0x28,0xB7,0x6A,0x20,0x2F,0xB9,0x93,0xC8,0xCA,0xFF,0x7D,0xBF,0x05,0x17,0x32,0x0E,0x8D,0xBB},
        {0xCA,0x50,0xF9,0x36,0x34,0x3E,0xB7,0xE4,0x55,0xFF,0x3D,0x31,0x34,0xA4,0x83,0x93,0x00,0x43,0xA4,0x7A,0x58,0xD9,0xC8,0x0A,0x0A,0xEE,0x40,0x76,0xC4,0xB6,0x64,0xDC},
    },
    {
        UINT32_C(8736),
        UINT64_C(0x771B2163ACC89593),
        UINT32_C(302),
        UINT32_C(72),
        {0x0D,0xC6,0x24,0x7D,0x2D,0x6D,0x9F,0x8E,0xB8,0xE8,0x2A,0x05,0xC9,0x0D,0x5E,0xB1,0x8F,0x3B,0x97,0xA7,0x24,0x53,0x8D,0xD5,0x71,0xB4,0x5E,0x25,0xC8,0xED,0x36,0x26},
        {0xFC,0x20,0xEB,0x14,0x08,0xDA,0xD4,0xE7,0xEE,0xFE,0x7B,0x79,0x79,0x6C,0x54,0x5B,0xBF,0x54,0xBC,0x47,0xC1,0x0C,0x00,0xD9,0x9F,0x41,0x19,0xF9,0xE9,0x61,0x14,0xD0},
    },
    {
        UINT32_C(8782),
        UINT64_C(0x6C4E59B2CF794332),
        UINT32_C(302),
        UINT32_C(72),
        {0x5B,0xD4,0x7D,0x9C,0xCD,0x2D,0x15,0xAB,0x95,0xFC,0x89,0xFD,0xC6,0xE1,0x05,0x2C,0x31,0x00,0x71,0x63,0x4D,0x06,0x39,0x33,0xAE,0x95,0xC7,0xEC,0x3E,0xB3,0x34,0xC7},
        {0x31,0xBD,0x40,0xC4,0x13,0x71,0x12,0x33,0x24,0xE7,0x68,0x1F,0x6A,0xB5,0xC5,0x53,0xD8,0x91,0x9E,0xD3,0x39,0x3F,0xD9,0xAC,0x5E,0xB6,0x61,0x15,0x70,0xC2,0x93,0xA5},
    },
    {
        UINT32_C(8786),
        UINT64_C(0x6C1441CCEAB9EBED),
        UINT32_C(302),
        UINT32_C(72),
        {0xDD,0x07,0x18,0x2E,0x49,0xF7,0x82,0x32,0xF5,0x73,0x95,0x44,0xCD,0x62,0xB8,0x6C,0x36,0x43,0x50,0x63,0x05,0x00,0x4A,0xCC,0x20,0xE9,0xE8,0xD4,0x71,0x57,0xA1,0x28},
        {0x33,0xE8,0xBB,0xC1,0x96,0x08,0x77,0x10,0xC2,0x7C,0x4A,0x95,0x94,0x58,0x76,0x36,0x9E,0xB2,0xB8,0x0A,0x29,0xDC,0x1D,0x26,0xE3,0x6C,0x8C,0xFC,0xA9,0x98,0xD6,0x4B},
    },
    {
        UINT32_C(8808),
        UINT64_C(0x2A495058D5311901),
        UINT32_C(1024),
        UINT32_C(600),
        {0xCC,0x89,0xAA,0x09,0x28,0xE5,0x79,0x07,0x5F,0xD8,0xD4,0xAE,0xF4,0x94,0xCD,0x20,0x48,0xA5,0x5D,0x0F,0xC4,0xB4,0x58,0x13,0x5F,0x2F,0x9E,0xE3,0x0A,0x10,0xF1,0x25},
        {0x9A,0xA3,0xC6,0x45,0x07,0x7C,0x49,0x9D,0x57,0x0E,0x2B,0x2E,0x16,0xB3,0xF3,0x30,0xB5,0x63,0xCE,0x1D,0x1D,0xEF,0x29,0x4A,0xF9,0x50,0x8A,0xA0,0xE5,0x39,0xAB,0x91},
    },
    {
        UINT32_C(8812),
        UINT64_C(0x474E86B1081BF376),
        UINT32_C(408),
        UINT32_C(38),
        {0x0F,0xC2,0x35,0xC0,0x98,0xD5,0xDA,0xA8,0xC1,0xD2,0xFD,0xBD,0x48,0x9E,0x9B,0x39,0x5D,0x87,0x7F,0xD5,0xB8,0xA6,0xDE,0xFE,0x1E,0x36,0xA8,0x0B,0x51,0x65,0xC2,0x64},
        {0x98,0x95,0x86,0xC1,0x3E,0x51,0x12,0x14,0x2B,0x15,0x92,0xF4,0x4B,0x55,0x6F,0xF8,0x8D,0x91,0x7C,0x02,0xEC,0x08,0x75,0x80,0xC1,0x2B,0x51,0x92,0x0E,0x5B,0x6C,0xEB},
    },
    {
        UINT32_C(8842),
        UINT64_C(0xB5B23E59373B3DE9),
        UINT32_C(408),
        UINT32_C(38),
        {0x0B,0xA6,0x4A,0x40,0xDE,0xC7,0xBC,0xCA,0x23,0xD7,0xBE,0xCA,0x14,0x44,0xBC,0xC4,0x05,0x51,0xC4,0x15,0x1F,0x84,0xEB,0x3B,0x29,0xE4,0xE2,0x1A,0x2A,0x34,0x6A,0x78},
        {0x4E,0xBC,0xBE,0xCC,0x85,0xB1,0x16,0x9E,0xE0,0xA3,0xD8,0xAB,0xB1,0x98,0x27,0x7D,0x9E,0x99,0xB0,0x24,0xBF,0x33,0xEA,0x5D,0xC7,0x58,0xBC,0xF7,0x20,0x69,0x58,0xD0},
    },
    {
        UINT32_C(8876),
        UINT64_C(0x49B696954DCF7718),
        UINT32_C(1024),
        UINT32_C(600),
        {0x80,0x22,0x58,0xE1,0xBD,0x87,0xD2,0x6A,0x39,0xC7,0x97,0x73,0x68,0x85,0x51,0xD2,0xEA,0x3F,0x9B,0x57,0xDA,0x69,0x1E,0x18,0x25,0x6C,0xB8,0x00,0x76,0x05,0x84,0x4E},
        {0x63,0xBF,0x36,0x91,0xB4,0x0B,0xDC,0x30,0xBF,0x65,0x85,0xC5,0xD7,0xC7,0x86,0x96,0x21,0x4C,0x49,0xEE,0x89,0x5D,0x98,0xF5,0x82,0x3D,0x99,0x25,0x22,0x5D,0x32,0x72},
    },
    {
        UINT32_C(8888),
        UINT64_C(0x6940241BE23DB8E3),
        UINT32_C(1024),
        UINT32_C(600),
        {0x83,0x7C,0xD3,0x50,0xFC,0x5C,0x54,0xF3,0x33,0x14,0x69,0x24,0x99,0xE0,0x7B,0x31,0x65,0xC0,0xF2,0xA4,0x1D,0xAA,0x27,0x66,0x99,0x15,0x65,0xFE,0x8B,0x7C,0x16,0x4D},
        {0x22,0xF0,0x3C,0x9D,0x22,0xF9,0xDB,0x1A,0x8D,0xE6,0xC5,0x9B,0x20,0x40,0x46,0x62,0xE5,0xC9,0xBA,0x9C,0x7A,0x4A,0x8E,0x1F,0x7D,0x3C,0x9F,0x06,0x11,0xB5,0x68,0x7D},
    },
    {
        UINT32_C(8952),
        UINT64_C(0x84E70DF778B74D35),
        UINT32_C(240),
        UINT32_C(50),
        {0x17,0xCB,0xEF,0xD5,0x53,0x68,0x16,0x65,0x20,0xF3,0x70,0xC9,0x09,0x26,0x3C,0xA7,0x99,0x47,0x39,0x89,0xBF,0xA3,0xFB,0xDD,0xC5,0xEE,0xAA,0x89,0x7D,0xA4,0x87,0xD6},
        {0x84,0x42,0x5F,0x4B,0xCF,0x8D,0x33,0xB3,0x05,0xCF,0x34,0x84,0x99,0xF7,0x78,0x84,0xC0,0x22,0x86,0x1F,0x34,0x7E,0x33,0x13,0x5F,0x27,0x7F,0xBC,0xCF,0x9A,0xBD,0xBA},
    },
    {
        UINT32_C(9042),
        UINT64_C(0xA672FEFAF50F1B79),
        UINT32_C(543),
        UINT32_C(60),
        {0x55,0xC1,0x29,0xD6,0x3E,0x9B,0xF5,0x1C,0xBA,0x15,0xB5,0xDA,0x6D,0xDF,0x55,0x21,0x22,0x17,0xA8,0x63,0x46,0xC1,0x53,0x85,0xC3,0x61,0xC3,0x5D,0x6A,0x95,0x6B,0xFB},
        {0xED,0xF2,0x32,0x86,0x75,0xBD,0x48,0x2E,0x0D,0x91,0x9A,0xCE,0xB7,0x16,0xD8,0x21,0x25,0xC8,0x72,0x54,0x74,0x67,0x7A,0x27,0xB7,0x49,0x11,0x32,0x2D,0x95,0x68,0x2E},
    },
    {
        UINT32_C(9068),
        UINT64_C(0x02EE18F331F7315B),
        UINT32_C(1024),
        UINT32_C(600),
        {0xF4,0x3C,0xC0,0x20,0xF5,0x43,0x54,0x00,0x37,0xEB,0x5F,0x90,0xFF,0x52,0x1B,0x15,0xF3,0x99,0xAB,0x92,0x49,0xEE,0xEC,0xE6,0x07,0x4B,0xE9,0x40,0x13,0x4B,0xB7,0x99},
        {0x5A,0x5B,0x06,0xB2,0xD5,0x1A,0xFA,0x80,0x71,0xBE,0x92,0xAF,0xE1,0xF7,0x84,0x19,0x25,0x96,0x8B,0x5A,0xC5,0xE7,0xEC,0x28,0xB8,0xBD,0x1B,0xA8,0xEA,0xBC,0x59,0x18},
    },
    {
        UINT32_C(9084),
        UINT64_C(0xA9F77CBB986AEE89),
        UINT32_C(244),
        UINT32_C(65),
        {0x50,0x7F,0x81,0xB5,0xCA,0x3A,0x88,0x73,0x75,0xA3,0xAE,0xD8,0x70,0xD8,0x4A,0xE3,0xCF,0x28,0xDC,0xC7,0x68,0x41,0xAB,0x1E,0x53,0x0D,0x52,0x9B,0xDD,0x14,0xAC,0xBB},
        {0x3C,0xE2,0x0C,0x61,0x1A,0x03,0x04,0x7E,0xC2,0x0A,0xA9,0xD2,0x56,0x8A,0x8B,0x27,0xDC,0x70,0xFC,0x62,0xC6,0x0C,0x1D,0xE5,0x94,0xF6,0x55,0xD5,0x97,0x1C,0x24,0xB5},
    },
    {
        UINT32_C(9118),
        UINT64_C(0x5196C5C90D403C12),
        UINT32_C(1024),
        UINT32_C(600),
        {0xB8,0x3E,0x3D,0xD9,0x7D,0x71,0x0A,0xDC,0xE5,0xB8,0x81,0x45,0x2E,0x99,0x86,0x46,0x8E,0x9C,0xB4,0xC0,0x40,0x88,0x8A,0x03,0xC0,0x83,0x52,0xDB,0x17,0x69,0x13,0x4A},
        {0x79,0x3C,0x0E,0xCA,0x48,0xF7,0xFB,0x5D,0x76,0xCC,0x8E,0x71,0xE1,0x16,0x77,0x76,0x28,0x9F,0x63,0xD7,0x8A,0xA0,0x56,0x7F,0x87,0xCE,0x76,0x80,0x4C,0xC9,0xF4,0x19},
    },
    {
        UINT32_C(9124),
        UINT64_C(0xA362B46C46C3DF47),
        UINT32_C(302),
        UINT32_C(72),
        {0x01,0xBC,0xA9,0x29,0x80,0xBE,0xF1,0x52,0x86,0xD3,0xCE,0xA1,0xF2,0x0F,0x8B,0x08,0xE0,0x8E,0x42,0xD2,0x19,0xFC,0x54,0xA0,0x2A,0xBB,0xF6,0xAF,0x3D,0xC0,0x66,0x21},
        {0x4C,0x6C,0xCB,0x16,0x16,0x45,0x27,0xE2,0x11,0x13,0x1D,0xA6,0xC1,0x9F,0xCC,0x98,0xBD,0x8A,0xC1,0xE6,0xFF,0x31,0x88,0x33,0x2A,0x15,0xD3,0xCB,0xD8,0x37,0xD8,0x09},
    },
    {
        UINT32_C(9128),
        UINT64_C(0x95934DECFDDBFF09),
        UINT32_C(340),
        UINT32_C(128),
        {0xEF,0xA7,0x80,0xAD,0x56,0xDE,0xD1,0xBC,0xE3,0xF9,0xB7,0x7C,0x34,0xA5,0x62,0x27,0x7D,0x37,0xC0,0x61,0x51,0x04,0xD2,0xAA,0x5D,0xC9,0xCD,0x90,0x84,0x45,0xD0,0x47},
        {0xD3,0xFB,0x87,0x87,0x67,0x6D,0x7E,0xAB,0xEE,0x74,0xEA,0x72,0x18,0xF8,0x46,0x68,0x47,0xD9,0x92,0x78,0x33,0xA2,0x44,0x1C,0x5B,0x40,0xDC,0x46,0xDF,0x6B,0x54,0x9F},
    },
    {
        UINT32_C(9176),
        UINT64_C(0xD8815A5016A20472),
        UINT32_C(1024),
        UINT32_C(600),
        {0x9E,0x3A,0xAB,0x28,0x42,0x2B,0x9A,0xFD,0xDF,0x4F,0xF4,0xEB,0x62,0x89,0x53,0x0B,0x98,0x26,0xB3,0x5D,0xA1,0x40,0x81,0xAD,0xDE,0x74,0x08,0xB5,0x32,0xF0,0x48,0x47},
        {0xE0,0xDB,0x31,0xB6,0xD5,0x90,0xFB,0x7D,0xBE,0xFF,0xF3,0xF0,0x69,0x39,0x50,0x63,0x00,0x12,0x90,0x87,0x74,0xE1,0x1C,0x5C,0x36,0x86,0x14,0x17,0x0D,0x8E,0xFC,0x9C},
    },
    {
        UINT32_C(9200),
        UINT64_C(0x42874DF91C6AB7F9),
        UINT32_C(1024),
        UINT32_C(600),
        {0x3A,0x51,0x7E,0x03,0xFC,0x44,0x98,0x34,0x7B,0x1D,0xBD,0x6B,0xBE,0xF4,0x23,0x8C,0xE5,0x5E,0x15,0x85,0xE5,0x82,0x5E,0x4F,0x06,0xFA,0xDA,0x79,0x96,0xC8,0xCC,0x0F},
        {0xDD,0xFD,0x8D,0x7C,0x37,0x1C,0xCB,0x73,0x91,0xA3,0x3C,0xBE,0x82,0x33,0x56,0x8E,0x19,0x19,0xA8,0xE4,0x8A,0x4B,0xDA,0x82,0x8E,0x1E,0x2A,0x69,0x83,0x72,0x16,0x97},
    },
    {
        UINT32_C(9224),
        UINT64_C(0x039EC4BC5458C021),
        UINT32_C(753),
        UINT32_C(51),
        {0x78,0x78,0xB5,0x8F,0x0A,0xA7,0x30,0xEA,0xBA,0x4C,0xE4,0x03,0x83,0x4B,0xC6,0x33,0xF6,0xAB,0x5D,0xB7,0x12,0xA0,0x42,0x53,0xC4,0x93,0x66,0x12,0xD4,0xE8,0x4A,0x99},
        {0xDD,0x70,0x2E,0x50,0x92,0xFB,0x7A,0x27,0xD9,0xFF,0x2A,0xCC,0x13,0x08,0x20,0x07,0x7E,0xD9,0x55,0xF2,0x44,0xA3,0x8F,0xB6,0xC8,0x70,0x1D,0x46,0x9B,0x83,0x91,0x94},
    },
    {
        UINT32_C(9274),
        UINT64_C(0x185243E87E0F2A5D),
        UINT32_C(408),
        UINT32_C(38),
        {0x0E,0x81,0x6F,0x9B,0x8D,0xBE,0xAF,0x1C,0x96,0x14,0x6B,0xCB,0xEE,0xA8,0x1A,0xE2,0xF0,0x8B,0xC9,0x55,0xF8,0x16,0x6B,0x1F,0xC1,0x7B,0xC3,0xAC,0x8C,0xB8,0xE7,0x68},
        {0x1E,0xCA,0xA3,0x70,0xBA,0x12,0xE2,0x31,0xFF,0xB2,0x69,0x34,0x58,0x16,0x99,0x4A,0xD2,0x8B,0x17,0xB1,0x69,0x1F,0x59,0x64,0xA0,0xB4,0x04,0x2C,0x14,0x6D,0x18,0x39},
    },
    {
        UINT32_C(9274),
        UINT64_C(0x5842C05E1E14CA40),
        UINT32_C(340),
        UINT32_C(128),
        {0x3F,0x5C,0x43,0x01,0x51,0x12,0x26,0x04,0x73,0x31,0x1D,0x42,0x1A,0x07,0xF1,0xB0,0x7E,0x07,0xA6,0xA1,0xCE,0xBD,0x0D,0xEC,0xF0,0x2E,0x4E,0x91,0xC7,0x16,0x27,0x98},
        {0x87,0x3E,0xE1,0x33,0x47,0xBA,0xE9,0x20,0xFF,0x40,0x8E,0xE0,0x82,0xF7,0x53,0xC8,0x5E,0x97,0x9E,0xA1,0x7C,0x41,0xEC,0xBE,0xDD,0x06,0x06,0x45,0x1D,0x3A,0x6D,0xBC},
    },
    {
        UINT32_C(9352),
        UINT64_C(0x6259E25B3DC83D91),
        UINT32_C(1024),
        UINT32_C(600),
        {0xD7,0x48,0x06,0x04,0xFD,0x56,0x47,0x03,0xD2,0x4E,0xE4,0x68,0xBA,0x8B,0xC9,0xE1,0x6C,0x8A,0x14,0xCF,0x71,0xDA,0x08,0xF3,0x9E,0x62,0x0C,0x13,0x37,0x1A,0x85,0x75},
        {0xB5,0x47,0xE1,0x8B,0x1D,0x56,0xDB,0x26,0x23,0x59,0x34,0xC4,0x72,0x2F,0x57,0xC1,0x4C,0xCB,0x64,0xB0,0x26,0x90,0x95,0x40,0x4A,0xBC,0x87,0x70,0x7D,0x60,0xB3,0xE5},
    },
    {
        UINT32_C(9360),
        UINT64_C(0x5F307449E6720048),
        UINT32_C(148),
        UINT32_C(228),
        {0xBA,0xE0,0x3A,0xDA,0xFF,0xC9,0x5A,0x07,0xBF,0xFB,0x40,0xCF,0xB9,0xA8,0xC4,0x57,0x23,0x04,0xCC,0x8D,0x6B,0x7B,0x33,0xF8,0xE1,0xEC,0x26,0x13,0xB2,0xC9,0x79,0xDF},
        {0x6C,0x90,0x3C,0xB4,0x0F,0xCA,0xFF,0x5E,0xAE,0x1B,0x6B,0xCA,0x3A,0x4F,0xF1,0xC1,0x7C,0x4B,0x89,0xCC,0xDD,0x55,0x5D,0xF3,0x8F,0x0A,0x1B,0x72,0xFF,0x2B,0xB8,0xB4},
    },
    {
        UINT32_C(9362),
        UINT64_C(0xD43DC132C05A4BE1),
        UINT32_C(340),
        UINT32_C(128),
        {0x09,0x7A,0x28,0x0A,0x50,0xF3,0xBA,0xDC,0x38,0xE8,0x23,0x9E,0xD3,0xBE,0x1F,0x9B,0x01,0x12,0xDA,0xB7,0xA6,0xB3,0xC7,0x14,0x45,0x59,0x58,0x4C,0xB6,0x22,0xBB,0xFB},
        {0xDA,0x5E,0xB9,0x86,0xA4,0x68,0xAC,0xE8,0x89,0x3E,0x76,0x6F,0xA2,0x1A,0x8F,0x23,0x29,0xDA,0x3A,0x2A,0xCF,0x4A,0xCF,0xF3,0x3F,0xB5,0x56,0xC1,0xE9,0x25,0x2F,0x94},
    },
    {
        UINT32_C(9390),
        UINT64_C(0xDB944D06A393C5CF),
        UINT32_C(1024),
        UINT32_C(600),
        {0x5F,0x5A,0x60,0xD9,0xB8,0xB0,0x82,0x4F,0x20,0xB0,0x51,0xB6,0x9F,0xEE,0x81,0x2E,0x65,0x88,0x56,0xB1,0x96,0xC8,0x50,0x69,0x2F,0x0D,0x15,0x96,0x94,0xBC,0xBE,0xA4},
        {0x3C,0x27,0xF9,0x3E,0x0B,0xF6,0x22,0xFC,0x00,0xBA,0x33,0x24,0xC4,0x6B,0x25,0xD6,0x36,0x72,0xDE,0xF6,0x6D,0xF6,0xEC,0xCA,0x6B,0xAC,0xD3,0x7A,0x16,0x13,0x1A,0x4F},
    },
    {
        UINT32_C(9424),
        UINT64_C(0xF5322CB98AF0D1DA),
        UINT32_C(148),
        UINT32_C(228),
        {0xA9,0xDD,0xE4,0xA5,0x47,0xE0,0xBE,0x5B,0x27,0xB0,0xB2,0x0C,0x66,0xE3,0xC8,0x35,0xF1,0x0E,0x57,0x8B,0xE8,0x2E,0xB9,0x72,0x30,0x61,0xA6,0xFF,0x3A,0x65,0xEB,0x5E},
        {0x3D,0x16,0xC2,0x96,0xF0,0x83,0x47,0xA0,0xDB,0x47,0xDF,0xEA,0xD9,0xEA,0x9F,0x0E,0xC7,0xA6,0x85,0x64,0xEB,0x9B,0x30,0xD9,0x73,0xF4,0x01,0x52,0x34,0xE8,0xB5,0x54},
    },
    {
        UINT32_C(9456),
        UINT64_C(0xA8D5B68752911DBC),
        UINT32_C(148),
        UINT32_C(228),
        {0x77,0x48,0x26,0x02,0xF1,0xAD,0x9E,0x7F,0x59,0xD7,0x75,0x58,0xE8,0x5C,0x8E,0x25,0x79,0xBE,0x38,0x71,0xCD,0x44,0xE1,0xF2,0xA0,0x5F,0x8B,0xA8,0x6F,0x1F,0xB3,0x79},
        {0x4C,0xCC,0x83,0xED,0xD2,0x87,0x9D,0x51,0xAD,0xD1,0xCE,0xDF,0x70,0xCF,0x0B,0xBC,0xDE,0x30,0x81,0x9B,0x9E,0xAB,0x80,0x96,0x9E,0x6D,0xAA,0x6B,0x11,0x55,0xA4,0xCC},
    },
    {
        UINT32_C(9476),
        UINT64_C(0x8DAE5F90C447EC97),
        UINT32_C(148),
        UINT32_C(228),
        {0xB7,0x98,0x7B,0x7A,0xD3,0x7B,0xCD,0xB3,0x52,0xE3,0x1F,0xA4,0xCC,0xC7,0x45,0x35,0x07,0x41,0x83,0xF7,0x4D,0x1C,0x9B,0x0B,0x81,0x14,0xDF,0xB1,0xB9,0x8D,0x75,0x5A},
        {0xE5,0xA4,0x8D,0x83,0xD7,0xC9,0xCF,0x9C,0xCA,0x20,0x30,0xFA,0x9D,0xAF,0x21,0xA5,0x93,0xE3,0xE7,0xE0,0x41,0xEF,0xD1,0x6F,0x59,0xB6,0xC0,0xF1,0x47,0x41,0x65,0x18},
    },
    {
        UINT32_C(9476),
        UINT64_C(0xE89F85FC4F136AD4),
        UINT32_C(244),
        UINT32_C(65),
        {0x50,0x7F,0x81,0xB5,0xCA,0x3A,0x88,0x73,0x75,0xA3,0xAE,0xD8,0x70,0xD8,0x4A,0xE3,0xCF,0x28,0xDC,0xC7,0x68,0x41,0xAB,0x1E,0x53,0x0D,0x52,0x9B,0xDD,0x14,0xAC,0xBB},
        {0x3C,0xE2,0x0C,0x61,0x1A,0x03,0x04,0x7E,0xC2,0x0A,0xA9,0xD2,0x56,0x8A,0x8B,0x27,0xDC,0x70,0xFC,0x62,0xC6,0x0C,0x1D,0xE5,0x94,0xF6,0x55,0xD5,0x97,0x1C,0x24,0xB5},
    },
    {
        UINT32_C(9554),
        UINT64_C(0x373CA7C611CA9804),
        UINT32_C(340),
        UINT32_C(128),
        {0x86,0x75,0x04,0x96,0x65,0xAB,0xBF,0x7E,0xA5,0xDF,0x38,0xC2,0x9F,0xE3,0x28,0x70,0xCD,0x7C,0xE9,0x83,0x0A,0x2A,0x41,0xFA,0x05,0x04,0x73,0x40,0xD9,0x33,0xE4,0x10},
        {0x69,0xA2,0xDE,0xD0,0xBC,0x9C,0x98,0x63,0x4A,0xA7,0x14,0x1D,0xAA,0x6F,0x7C,0x2E,0x3B,0x08,0xBC,0x1E,0x4C,0x21,0x7D,0x5B,0x8E,0xC8,0xA7,0xC4,0xCC,0x68,0xEA,0x23},
    },
    {
        UINT32_C(9554),
        UINT64_C(0x4FDCFB3C8595886F),
        UINT32_C(1024),
        UINT32_C(600),
        {0x13,0xE1,0x20,0x01,0xBA,0xC0,0x0C,0x82,0x3D,0x2C,0xF2,0xCB,0xFF,0x87,0x11,0x09,0x60,0x38,0x7B,0x79,0x81,0xCA,0xE2,0xFC,0x1E,0xD2,0x96,0x45,0x64,0x40,0xEE,0xDF},
        {0xFD,0x63,0xF6,0xF2,0xEE,0xF3,0xA4,0x8E,0xE9,0xA5,0xC7,0xBA,0x04,0xE0,0xFE,0x15,0x94,0xC6,0x08,0xD6,0x5D,0x03,0x93,0x1D,0x7F,0x4F,0x05,0xFC,0xBA,0xAC,0x91,0x23},
    },
    {
        UINT32_C(9564),
        UINT64_C(0xCD1F4DFFB1140072),
        UINT32_C(302),
        UINT32_C(72),
        {0xF0,0x34,0x5B,0x8B,0xE5,0x5F,0x6B,0xBF,0x24,0x2A,0xE9,0xFB,0x7A,0x3A,0x1E,0x82,0xB0,0xB0,0x28,0x3B,0xF1,0x63,0xD6,0xFB,0x69,0x19,0x7C,0xF2,0x96,0xDD,0x72,0x04},
        {0x7B,0x86,0x39,0x87,0xC3,0x77,0x9D,0x34,0x4F,0xDD,0xF3,0xC7,0x2D,0x96,0xA9,0x6A,0xD7,0x0D,0xA2,0x70,0x25,0x9E,0xFB,0xEF,0x43,0x7A,0xF8,0x28,0x38,0xDF,0x06,0xC4},
    },
    {
        UINT32_C(9588),
        UINT64_C(0x9824A7614D966D22),
        UINT32_C(244),
        UINT32_C(65),
        {0xDF,0x67,0x83,0x5D,0x6E,0x02,0xBD,0x3C,0x17,0x7C,0x04,0xA0,0x36,0x73,0xB3,0xA2,0x4D,0x79,0x82,0x71,0xE5,0xBC,0xB8,0x1B,0x7E,0x07,0x77,0x00,0x43,0x2B,0x08,0x9C},
        {0x6B,0x98,0x4E,0xA0,0xB2,0x41,0xEB,0xB8,0x4D,0x89,0x1D,0x4E,0x85,0x3E,0xA8,0x94,0xEA,0x70,0x69,0xC8,0xC9,0x7A,0xFC,0xAA,0xF0,0x8C,0x1F,0xB6,0x07,0xF2,0x38,0xDD},
    },
    {
        UINT32_C(9600),
        UINT64_C(0x8366DAA349621FB9),
        UINT32_C(287),
        UINT32_C(32),
        {0xD2,0x46,0xF7,0xF9,0x1D,0x6F,0x75,0x9B,0x52,0xD8,0xBB,0x02,0x98,0xFF,0x10,0xA8,0x28,0x98,0x30,0xFD,0xF3,0x62,0x5D,0x9D,0x34,0xD4,0x0F,0xDC,0x45,0xF1,0xE5,0x72},
        {0xBB,0xA1,0x11,0x52,0x21,0x2C,0x0D,0xA2,0x4D,0x5B,0xD1,0x76,0x77,0x0D,0x1E,0xC3,0x20,0x42,0x90,0xB8,0xDF,0x80,0xDF,0xB4,0x4B,0xB9,0xD8,0xAB,0x3E,0x66,0x09,0xBC},
    },
    {
        UINT32_C(9618),
        UINT64_C(0x389D25824245B9A3),
        UINT32_C(1024),
        UINT32_C(600),
        {0xE7,0x18,0x38,0x8B,0x31,0x1A,0xFE,0xB6,0x57,0xFD,0x5B,0x87,0x0A,0xA6,0x50,0xFC,0xCB,0x93,0x4A,0xAB,0xFC,0x35,0x14,0x37,0xE4,0x7A,0x39,0x08,0x77,0x9D,0x9D,0xB3},
        {0x6D,0xD1,0x08,0x7D,0x83,0x81,0x08,0x8D,0x0C,0xE1,0xB1,0xC0,0xFC,0x28,0x93,0xFC,0xAC,0x3B,0x7F,0xE6,0x59,0x5A,0xAD,0x58,0xB0,0x8F,0x90,0x94,0x9B,0x5C,0x9E,0x67},
    },
    {
        UINT32_C(9696),
        UINT64_C(0x254FB2DC4008159C),
        UINT32_C(408),
        UINT32_C(38),
        {0xCB,0x74,0x4B,0x4D,0xDB,0x0A,0x00,0xD6,0x1D,0xBD,0xB8,0x26,0x44,0x38,0x2C,0x5B,0xF8,0x94,0x3C,0xE1,0x8A,0x30,0x2F,0xE6,0x37,0xFD,0xF7,0x27,0x06,0x89,0x03,0x9A},
        {0xF3,0xCA,0xF4,0x0C,0x2B,0x75,0xB4,0x45,0x7E,0xB7,0xB7,0x01,0x0C,0x69,0x30,0x75,0x28,0x7D,0x89,0x94,0xD0,0x53,0xE7,0xA9,0xE8,0x2A,0x4D,0x67,0xE9,0x30,0x61,0xE9},
    },
    {
        UINT32_C(9768),
        UINT64_C(0x89B83F82B32BD6DC),
        UINT32_C(302),
        UINT32_C(72),
        {0xF0,0x34,0x5B,0x8B,0xE5,0x5F,0x6B,0xBF,0x24,0x2A,0xE9,0xFB,0x7A,0x3A,0x1E,0x82,0xB0,0xB0,0x28,0x3B,0xF1,0x63,0xD6,0xFB,0x69,0x19,0x7C,0xF2,0x96,0xDD,0x72,0x04},
        {0x7B,0x86,0x39,0x87,0xC3,0x77,0x9D,0x34,0x4F,0xDD,0xF3,0xC7,0x2D,0x96,0xA9,0x6A,0xD7,0x0D,0xA2,0x70,0x25,0x9E,0xFB,0xEF,0x43,0x7A,0xF8,0x28,0x38,0xDF,0x06,0xC4},
    },
    {
        UINT32_C(9786),
        UINT64_C(0x1D40C3B5CB7FA533),
        UINT32_C(340),
        UINT32_C(128),
        {0xC1,0x80,0xFF,0x18,0xD7,0x66,0xB7,0x35,0xBC,0xF6,0xC9,0x8D,0x95,0x40,0x4A,0xF7,0xD9,0xE0,0x36,0xC0,0x78,0x40,0xD5,0xB9,0x4C,0x6C,0x1C,0xAC,0xDD,0x4F,0x15,0x53},
        {0xCF,0x70,0xC1,0xCB,0x48,0x7A,0x0D,0xA9,0x0F,0x59,0x16,0xD7,0xD5,0xF4,0x73,0x1A,0x92,0x42,0x86,0xF2,0xE4,0x27,0x2A,0x7C,0x18,0xEE,0x7C,0x94,0xE1,0xAF,0x71,0x2F},
    },
    {
        UINT32_C(9820),
        UINT64_C(0x698A1909FC181C3F),
        UINT32_C(1024),
        UINT32_C(600),
        {0x2F,0x9D,0x1A,0x18,0x3B,0xAF,0xE4,0x17,0xA3,0x14,0xFE,0xF8,0xA4,0xF7,0x8F,0xE0,0x62,0x82,0x73,0x8B,0x85,0xBF,0x0C,0x29,0xEB,0x8F,0xEB,0x47,0x8C,0xB9,0x15,0xCB},
        {0xF2,0xA3,0x9E,0x71,0x88,0x33,0xFE,0x32,0x26,0x55,0xCC,0x32,0x04,0x08,0x03,0xBF,0x5E,0xAD,0xE7,0x3C,0x2E,0x44,0x55,0x41,0xFB,0x68,0xBB,0xBA,0x7F,0x2F,0xD3,0xCE},
    },
    {
        UINT32_C(9830),
        UINT64_C(0x06119B07E46AE0A9),
        UINT32_C(340),
        UINT32_C(128),
        {0x61,0xBC,0x24,0xD3,0xEA,0x1C,0x19,0xE0,0x5D,0x29,0x8F,0x0D,0x17,0x94,0x7E,0xE4,0x36,0x93,0xBC,0xF2,0x29,0x36,0x17,0xBC,0x2A,0x66,0x66,0xFF,0x5A,0x29,0x94,0x3D},
        {0x71,0xA2,0x6A,0x02,0xA1,0xD0,0xED,0xB7,0x6F,0xE3,0xCF,0x1D,0x6D,0x0B,0x4D,0x53,0x23,0xDA,0xD1,0x29,0xF6,0xC6,0x9F,0x59,0xF0,0xC1,0x7E,0xA5,0x32,0x16,0xA0,0x82},
    },
    {
        UINT32_C(9840),
        UINT64_C(0xC3145D18AD8257E7),
        UINT32_C(1024),
        UINT32_C(600),
        {0x8C,0xFB,0xAD,0x95,0xAD,0x2F,0x22,0xAF,0x52,0x12,0x0E,0x15,0x62,0x75,0x0F,0x1A,0xF9,0x13,0x54,0x15,0xF4,0x90,0xE3,0x96,0x3E,0x45,0x88,0xDF,0xFE,0x62,0x18,0xE2},
        {0xF6,0xA8,0xAE,0x55,0xE6,0x00,0x63,0x9D,0x82,0x1D,0x1B,0x37,0xEC,0x4F,0xD3,0xFC,0x58,0xB0,0x77,0xCF,0x9C,0x7B,0xA1,0x0F,0xA5,0xE1,0xB2,0x85,0xC0,0x48,0x5D,0x5C},
    },
    {
        UINT32_C(9844),
        UINT64_C(0xD8028D60AE532682),
        UINT32_C(1024),
        UINT32_C(600),
        {0x7F,0x79,0x28,0x83,0x35,0xA4,0xEE,0x4C,0xFD,0x89,0x80,0xE8,0xE8,0x66,0xF5,0xF1,0xC8,0x2F,0x8D,0x9A,0x93,0x3F,0x15,0x6F,0x52,0xE4,0xBE,0x3D,0x8C,0xFD,0x17,0x92},
        {0x3C,0xEB,0x95,0x2D,0x2B,0xF0,0x6C,0x43,0xA6,0x29,0xF5,0x6D,0xE4,0x5D,0x95,0x08,0x64,0xB6,0xFF,0x60,0x69,0x38,0x8D,0x99,0xB7,0x1D,0xEF,0x8A,0xF7,0x4E,0xFF,0xA5},
    },
    {
        UINT32_C(9852),
        UINT64_C(0x4F7C3881E013ADE9),
        UINT32_C(302),
        UINT32_C(72),
        {0xD2,0xF7,0x73,0x8F,0xBF,0x9F,0xC0,0x19,0xB1,0x73,0x90,0xE9,0xB7,0x32,0x5E,0x6E,0x49,0xDD,0x2F,0xFD,0xA1,0x1A,0xB3,0x18,0x63,0xF4,0xAC,0x6D,0xA8,0xA4,0xA6,0x5F},
        {0x67,0x8D,0x7E,0xD3,0x61,0xBB,0xA7,0x4B,0x21,0x22,0xAD,0x0F,0x10,0x2C,0xE9,0x1E,0x47,0x30,0xEF,0x8E,0xE8,0xD2,0x86,0xBF,0x69,0x2E,0x2A,0xDD,0x6B,0xBC,0x69,0x0E},
    },
    {
        UINT32_C(9910),
        UINT64_C(0x7ADE570888E85393),
        UINT32_C(1024),
        UINT32_C(600),
        {0xED,0x43,0xA0,0x1D,0x29,0xEC,0x3A,0xFB,0x86,0xB4,0x23,0x7C,0x44,0xAD,0x64,0x0C,0xB9,0x37,0xEA,0x0C,0xA3,0x06,0x50,0xCD,0x33,0x11,0xE8,0x41,0x79,0x8B,0x67,0x80},
        {0x69,0xD8,0x4B,0x64,0xD7,0xAC,0x0F,0x64,0xCF,0x4A,0x3D,0xA6,0xCD,0x9F,0xA0,0xA6,0xB1,0xDE,0x17,0xC6,0xE8,0x4B,0xC4,0x81,0x4E,0x6E,0x2F,0x6B,0x68,0x1E,0x89,0x37},
    },
    {
        UINT32_C(9942),
        UINT64_C(0x25E04E73329ECDA1),
        UINT32_C(1024),
        UINT32_C(600),
        {0x2F,0x9D,0x1A,0x18,0x3B,0xAF,0xE4,0x17,0xA3,0x14,0xFE,0xF8,0xA4,0xF7,0x8F,0xE0,0x62,0x82,0x73,0x8B,0x85,0xBF,0x0C,0x29,0xEB,0x8F,0xEB,0x47,0x8C,0xB9,0x15,0xCB},
        {0xF2,0xA3,0x9E,0x71,0x88,0x33,0xFE,0x32,0x26,0x55,0xCC,0x32,0x04,0x08,0x03,0xBF,0x5E,0xAD,0xE7,0x3C,0x2E,0x44,0x55,0x41,0xFB,0x68,0xBB,0xBA,0x7F,0x2F,0xD3,0xCE},
    },
    {
        UINT32_C(9948),
        UINT64_C(0xEB3CB53B9BACE62E),
        UINT32_C(340),
        UINT32_C(128),
        {0xE3,0x66,0x9E,0xD2,0xD7,0xF5,0x74,0x07,0x6F,0x1E,0x82,0xA8,0x91,0xFD,0x33,0x7B,0x49,0xD1,0x3A,0x00,0x0C,0x05,0x7A,0x1B,0x8D,0xDC,0x5C,0xCA,0x4E,0x1B,0x48,0xF3},
        {0xC4,0x98,0xEC,0x45,0x83,0xC4,0xAF,0x59,0x57,0xD2,0xA0,0xCC,0xBF,0xFC,0x89,0x96,0x3E,0x1F,0x2B,0x5F,0x92,0x1A,0xE2,0xEB,0x8C,0xF3,0x28,0x36,0xD3,0xC9,0x66,0xDC},
    },
    {
        UINT32_C(10008),
        UINT64_C(0x37B9F97E18C6A488),
        UINT32_C(244),
        UINT32_C(65),
        {0xDF,0x67,0x83,0x5D,0x6E,0x02,0xBD,0x3C,0x17,0x7C,0x04,0xA0,0x36,0x73,0xB3,0xA2,0x4D,0x79,0x82,0x71,0xE5,0xBC,0xB8,0x1B,0x7E,0x07,0x77,0x00,0x43,0x2B,0x08,0x9C},
        {0x6B,0x98,0x4E,0xA0,0xB2,0x41,0xEB,0xB8,0x4D,0x89,0x1D,0x4E,0x85,0x3E,0xA8,0x94,0xEA,0x70,0x69,0xC8,0xC9,0x7A,0xFC,0xAA,0xF0,0x8C,0x1F,0xB6,0x07,0xF2,0x38,0xDD},
    },
    {
        UINT32_C(10036),
        UINT64_C(0x931DE271F5457107),
        UINT32_C(340),
        UINT32_C(128),
        {0xD4,0xCC,0xCC,0xFE,0x72,0x82,0x96,0x32,0x90,0x1E,0x17,0x17,0x08,0x53,0x82,0x6B,0x27,0x71,0x30,0xAF,0x81,0x13,0xE5,0xA0,0x4C,0x5A,0x1B,0xC9,0x37,0x24,0x00,0x83},
        {0xFB,0x90,0x2B,0x5A,0xF8,0xED,0xB5,0xDE,0xB4,0xBA,0x76,0x05,0x46,0x89,0x1F,0xA7,0xD8,0xF4,0x0A,0xDD,0x91,0x5E,0x77,0x7C,0x95,0xC4,0xEB,0xA2,0x2D,0xB2,0xBA,0x06},
    },
    {
        UINT32_C(10062),
        UINT64_C(0x3386656568734BAC),
        UINT32_C(1024),
        UINT32_C(600),
        {0x24,0xE4,0xE3,0xF5,0x65,0x8C,0x80,0x6C,0xE2,0x97,0x9B,0x20,0x38,0x9C,0xA1,0xD3,0x06,0xB0,0x12,0x37,0x9E,0xC6,0x18,0xFD,0x04,0xC2,0x58,0x23,0x1F,0x11,0x0E,0x06},
        {0x29,0x86,0x77,0xCC,0xAA,0x54,0xDB,0x6A,0xC7,0x14,0x9D,0x05,0x9C,0x54,0x8D,0x7A,0x93,0xA1,0x2E,0xAD,0x38,0x54,0xF5,0x40,0xEF,0x01,0x2D,0x3F,0xD8,0xD8,0xBC,0xA9},
    },
    {
        UINT32_C(10082),
        UINT64_C(0xD97419A5CB5C12B2),
        UINT32_C(340),
        UINT32_C(128),
        {0x9D,0x4A,0x07,0x2A,0xCA,0xE0,0x36,0xFC,0x3B,0x42,0x42,0xC4,0x91,0x7B,0x76,0x8E,0x18,0xD5,0x1C,0xF9,0x5A,0x53,0x77,0x04,0x47,0x41,0x80,0x38,0x15,0xA6,0x8B,0xF6},
        {0xBD,0xC0,0xE1,0x7E,0x36,0xE2,0x66,0x41,0x9B,0x16,0x72,0x8E,0xFD,0x14,0x91,0x42,0x64,0xE8,0x85,0x3E,0x28,0xBD,0x3A,0x59,0xBE,0x7A,0xCE,0xB6,0x1B,0x86,0x01,0x0B},
    },
    {
        UINT32_C(10098),
        UINT64_C(0xF7E1F25593FC0DD2),
        UINT32_C(408),
        UINT32_C(38),
        {0x76,0x2D,0x3C,0xE4,0x85,0x17,0xBC,0xA7,0xF9,0xE5,0xB5,0x1A,0x39,0xBF,0x4E,0x4A,0x84,0xC1,0xEF,0x9E,0x44,0xBD,0x09,0xA1,0xF6,0xF7,0x17,0xAC,0x01,0x9A,0x48,0xE9},
        {0x19,0xAB,0xE9,0x89,0x2E,0xB7,0x14,0x0A,0x59,0xF6,0x76,0xD7,0x49,0x39,0x16,0x4D,0xB9,0xE4,0xB0,0xCC,0x6A,0x84,0x88,0x3C,0xD2,0x3E,0x3E,0xB9,0x16,0x7B,0x78,0xF7},
    },
    {
        UINT32_C(10148),
        UINT64_C(0x214AAADBBF671E7C),
        UINT32_C(244),
        UINT32_C(65),
        {0x4A,0x2E,0x15,0x0C,0x84,0x9A,0xCE,0x30,0x1E,0x8F,0x34,0x47,0xEF,0x9B,0x92,0xE1,0xB8,0x89,0x81,0x4C,0x47,0x2A,0xEB,0x3F,0x06,0x98,0x78,0xA8,0x8E,0xD2,0xDF,0x5B},
        {0xE6,0x85,0x19,0xAF,0xAD,0x02,0x19,0x0D,0x80,0x9C,0x54,0xAB,0xA1,0x84,0x07,0x97,0xED,0x9D,0x6F,0xA6,0x3C,0xAF,0xC1,0xB7,0x46,0x40,0x51,0x60,0xCA,0xE1,0xA4,0x2D},
    },
    {
        UINT32_C(10148),
        UINT64_C(0x8B9AEE510597910C),
        UINT32_C(214),
        UINT32_C(60),
        {0x45,0x24,0xB3,0xD7,0xA8,0x90,0x14,0x75,0x32,0x44,0xF6,0x02,0x39,0x85,0xBF,0x78,0x8D,0x58,0xD1,0x7C,0x11,0xEE,0x75,0x68,0xFB,0x83,0x50,0x15,0x31,0x8A,0xBE,0x02},
        {0x8B,0x3E,0x89,0x1C,0x32,0x94,0xFF,0x7F,0x7C,0xC3,0x8A,0x84,0x08,0xD5,0x2A,0x2D,0xF9,0xA4,0x7E,0x84,0x7B,0x57,0x79,0x3B,0x33,0xDA,0x97,0x62,0xAF,0x5A,0x15,0x16},
    },
    {
        UINT32_C(10226),
        UINT64_C(0x71754E0510B3D4B1),
        UINT32_C(302),
        UINT32_C(72),
        {0xDD,0x07,0x18,0x2E,0x49,0xF7,0x82,0x32,0xF5,0x73,0x95,0x44,0xCD,0x62,0xB8,0x6C,0x36,0x43,0x50,0x63,0x05,0x00,0x4A,0xCC,0x20,0xE9,0xE8,0xD4,0x71,0x57,0xA1,0x28},
        {0x33,0xE8,0xBB,0xC1,0x96,0x08,0x77,0x10,0xC2,0x7C,0x4A,0x95,0x94,0x58,0x76,0x36,0x9E,0xB2,0xB8,0x0A,0x29,0xDC,0x1D,0x26,0xE3,0x6C,0x8C,0xFC,0xA9,0x98,0xD6,0x4B},
    },
    {
        UINT32_C(10238),
        UINT64_C(0x587BA2A1DF3338D0),
        UINT32_C(340),
        UINT32_C(128),
        {0x13,0x01,0xF8,0x89,0x7D,0x3E,0xEC,0x9F,0x13,0xDD,0x82,0x16,0xDF,0x78,0x22,0x7B,0xBC,0x3B,0x5F,0x45,0x20,0x33,0x05,0x92,0x8A,0xAC,0x0E,0x7E,0x16,0x6D,0x31,0xCD},
        {0x93,0x92,0xF8,0x7A,0x81,0xDF,0xC0,0x2A,0xA4,0x0E,0xA3,0x19,0xE9,0x44,0xD8,0xC6,0x03,0x84,0xED,0xEF,0x77,0xE4,0xDF,0x31,0x1C,0x9B,0x8D,0x5B,0xEA,0xF7,0x57,0xFD},
    },
    {
        UINT32_C(10380),
        UINT64_C(0x67B810173FAFB864),
        UINT32_C(1024),
        UINT32_C(600),
        {0xF2,0x5E,0x74,0x37,0xF9,0xCB,0x0B,0x4F,0x81,0x51,0x2A,0xED,0x96,0x1E,0x37,0x82,0xA0,0x1F,0x1A,0xFC,0x7A,0xA3,0x5E,0x3E,0x82,0xD5,0x56,0xEE,0xC6,0xB2,0x15,0x7B},
        {0x9F,0x59,0x68,0x1B,0x74,0xAC,0x2C,0x55,0xA5,0x30,0x55,0x1A,0xBC,0x7E,0xAA,0xB0,0x8B,0x3B,0x36,0x54,0x16,0x1F,0x49,0xDA,0x23,0x5C,0x89,0x06,0xDD,0xA0,0x60,0x30},
    },
    {
        UINT32_C(10380),
        UINT64_C(0xA34ADAD44FE71A17),
        UINT32_C(408),
        UINT32_C(38),
        {0x9C,0x27,0xB5,0x16,0xB9,0x9E,0xE7,0x27,0xE7,0x4C,0x66,0x4F,0xDD,0x42,0x9A,0xB6,0xA5,0xAE,0x3D,0x23,0x69,0xC3,0x4D,0x93,0xA6,0xFE,0x72,0x58,0x3D,0x99,0x4B,0x19},
        {0x88,0xA1,0x54,0x38,0xE2,0x97,0x58,0xB1,0xEB,0xF5,0xE1,0xA6,0x94,0x2D,0x08,0x25,0xA8,0x3F,0xDD,0x66,0xEB,0x36,0xA7,0xFA,0xCE,0x09,0xCF,0xD2,0xFA,0xAD,0x4F,0xEE},
    },
    {
        UINT32_C(10396),
        UINT64_C(0xB04F81A5D2BA5BD9),
        UINT32_C(1024),
        UINT32_C(600),
        {0x7E,0x04,0xAB,0x1E,0x04,0x58,0x50,0x45,0xFE,0x9B,0xB2,0x5D,0xC0,0x72,0x71,0x78,0x51,0x92,0xB3,0x7B,0x2D,0xD3,0x01,0x6F,0x17,0x56,0x14,0x30,0x7B,0x96,0xB7,0xA8},
        {0xE0,0x0C,0x16,0x9F,0x20,0x45,0x34,0xA7,0x5F,0x0B,0xE2,0xF7,0xB4,0x89,0x1A,0x89,0x39,0x3F,0xEB,0x67,0xB4,0xD8,0x7B,0x0E,0xFD,0x0A,0x53,0x9F,0xD3,0xB3,0x32,0x09},
    },
    {
        UINT32_C(10400),
        UINT64_C(0xA7B94B0C609C58E9),
        UINT32_C(340),
        UINT32_C(128),
        {0x3E,0xD0,0xE2,0x25,0x4A,0x01,0x68,0xA3,0x34,0xBB,0x63,0xE6,0xC6,0x1F,0xD9,0x6A,0x9F,0xE7,0x9F,0x41,0xF6,0x0E,0xB7,0x26,0x5D,0xD7,0x97,0xBB,0x34,0xD0,0x38,0x07},
        {0x3E,0x89,0xDD,0xDE,0x5E,0x58,0x3A,0xC9,0x21,0x69,0x6B,0x7A,0xA1,0x5B,0xA7,0xD3,0x4E,0x37,0x35,0xF2,0x8A,0x0B,0x6E,0x5E,0x70,0x98,0xDC,0x52,0xDC,0x44,0x51,0xD1},
    },
    {
        UINT32_C(10454),
        UINT64_C(0x1CCBEBDFF8F608B1),
        UINT32_C(340),
        UINT32_C(128),
        {0xF5,0x3B,0xB1,0x40,0xDB,0x17,0xE9,0x68,0x9F,0x88,0x2D,0xCB,0x30,0x5C,0xA9,0xF5,0x01,0xB9,0xAF,0x1C,0x2C,0x93,0x18,0x74,0x9D,0x7C,0x34,0x5C,0xE6,0x7A,0xED,0x6A},
        {0xDC,0x2C,0x88,0xDF,0x72,0xEE,0x20,0xB7,0x8F,0xE8,0xB9,0xE1,0xAD,0x32,0x7A,0xD7,0x46,0xE7,0x2B,0x26,0x9D,0x33,0x7B,0xF2,0xBF,0x7D,0xB1,0x58,0x54,0xCF,0x5E,0x2E},
    },
    {
        UINT32_C(10480),
        UINT64_C(0x30B2224827381ACF),
        UINT32_C(302),
        UINT32_C(72),
        {0x20,0x76,0xE3,0xFE,0xF7,0xF9,0x3E,0x55,0x2C,0xC3,0x7A,0x22,0xB2,0xEB,0x77,0xE8,0xD0,0x6E,0x4A,0x82,0x50,0x92,0xBA,0x8F,0x6A,0x03,0xB6,0x8D,0xC3,0x7C,0xA6,0xD9},
        {0x9F,0x6A,0x7D,0x6C,0x03,0x01,0xEA,0x3D,0xC9,0x7A,0x5B,0x74,0x3A,0x16,0xAC,0xEA,0xC6,0x11,0x66,0x95,0x4E,0x76,0xC9,0x2D,0x2A,0x50,0x57,0x5C,0x57,0x19,0xCA,0x49},
    },
    {
        UINT32_C(10486),
        UINT64_C(0x35681B917C18AA2F),
        UINT32_C(460),
        UINT32_C(64),
        {0x7B,0x32,0xA5,0xE4,0x2E,0xAC,0x1F,0x2E,0x5C,0x22,0x3C,0xDD,0x68,0x63,0x5B,0xD4,0x80,0x69,0x49,0xF9,0x59,0x75,0xF2,0x2F,0x19,0x15,0xD1,0x9B,0xB6,0xD1,0xA3,0x9B},
        {0x2C,0x7F,0xDB,0xC3,0x2D,0x10,0x09,0xAA,0x24,0x66,0x98,0x3A,0xEB,0xE5,0xB3,0xE3,0x90,0xD6,0x01,0xFF,0x10,0x49,0xF2,0xC3,0x76,0x55,0xCD,0xFB,0x84,0xAA,0x59,0x0E},
    },
    {
        UINT32_C(10534),
        UINT64_C(0xC432973E60B9C56C),
        UINT32_C(240),
        UINT32_C(50),
        {0x1B,0xDC,0xD6,0x3D,0x74,0xAD,0x48,0x0D,0x9A,0x5F,0x56,0xE7,0x7B,0xC8,0xB0,0xFD,0x0D,0x83,0x24,0x99,0xCC,0x35,0x9D,0xB9,0x10,0xA8,0xFE,0xFF,0x57,0xFC,0x1F,0x09},
        {0xD5,0x9B,0xEA,0xB6,0x04,0x42,0xCE,0xDC,0xCE,0x02,0xDF,0x47,0x24,0x9C,0xED,0x43,0x1D,0x0F,0x30,0xB6,0xAD,0xB5,0x3A,0x12,0x59,0x50,0xCA,0xDC,0x32,0xED,0xBC,0x4D},
    },
    {
        UINT32_C(10546),
        UINT64_C(0x223E8AB8F2E3ED3E),
        UINT32_C(340),
        UINT32_C(128),
        {0xE4,0x10,0x69,0xD9,0x39,0x8B,0x8B,0x18,0xEA,0x1F,0x37,0x4E,0xF0,0xAE,0xB1,0x16,0x5B,0x28,0x60,0xC1,0x96,0x47,0x45,0xDC,0xFE,0x08,0x24,0x8F,0x35,0xA8,0x69,0x09},
        {0xF6,0xE5,0xF3,0x11,0x82,0x15,0x36,0xB1,0x0C,0x9D,0x32,0x6B,0x79,0xE9,0xAE,0xEF,0xE2,0xB9,0x34,0xD6,0x4B,0x06,0xC1,0x0F,0xF1,0x08,0x6F,0xC7,0xB9,0xE4,0xE8,0x1B},
    },
    {
        UINT32_C(10610),
        UINT64_C(0x06E110BD3A62A9E1),
        UINT32_C(302),
        UINT32_C(72),
        {0x14,0xC3,0xC9,0x61,0x4B,0xA8,0x15,0x73,0x7D,0x38,0x1C,0x68,0x4C,0x47,0x0F,0x8A,0x39,0xA6,0xFF,0x8B,0x8A,0x8A,0x26,0x46,0xE2,0x0E,0x21,0x83,0xCF,0x97,0x4F,0xDE},
        {0x4B,0x9E,0x2E,0x53,0x05,0x32,0xE9,0xA7,0x5A,0x4B,0x70,0x6D,0x9A,0xF6,0x36,0xB8,0xF6,0xEB,0x3D,0x10,0xB6,0x70,0x46,0x5F,0x28,0x2D,0x6F,0xC0,0x2B,0x47,0xCF,0xF7},
    },
    {
        UINT32_C(10618),
        UINT64_C(0xA85951188ED02FC9),
        UINT32_C(244),
        UINT32_C(65),
        {0x4A,0x2E,0x15,0x0C,0x84,0x9A,0xCE,0x30,0x1E,0x8F,0x34,0x47,0xEF,0x9B,0x92,0xE1,0xB8,0x89,0x81,0x4C,0x47,0x2A,0xEB,0x3F,0x06,0x98,0x78,0xA8,0x8E,0xD2,0xDF,0x5B},
        {0xE6,0x85,0x19,0xAF,0xAD,0x02,0x19,0x0D,0x80,0x9C,0x54,0xAB,0xA1,0x84,0x07,0x97,0xED,0x9D,0x6F,0xA6,0x3C,0xAF,0xC1,0xB7,0x46,0x40,0x51,0x60,0xCA,0xE1,0xA4,0x2D},
    },
    {
        UINT32_C(10626),
        UINT64_C(0xA0E5F08C1276F196),
        UINT32_C(240),
        UINT32_C(50),
        {0x1B,0x4D,0xD6,0xAE,0x89,0xEA,0xB2,0x9C,0xBD,0x5E,0x0E,0xBD,0xA0,0x39,0x8C,0xBA,0x73,0xD3,0x14,0x69,0x2C,0x45,0x69,0xF7,0x9E,0x38,0x12,0x92,0x5A,0x7A,0x76,0xA7},
        {0x10,0x49,0x61,0x55,0xBD,0x8F,0xFE,0x30,0xAC,0xBE,0x59,0x84,0xB8,0xDF,0xA3,0x0C,0x9F,0xB0,0x98,0x55,0x49,0x83,0x8F,0x92,0xAF,0xA6,0x27,0x1F,0x77,0x9C,0xAF,0x01},
    },
    {
        UINT32_C(10640),
        UINT64_C(0x563577430ED76373),
        UINT32_C(408),
        UINT32_C(38),
        {0xEE,0x04,0x42,0x69,0x5D,0x4B,0x5E,0xF2,0x9C,0x2C,0x7C,0x74,0x3F,0xAA,0x09,0xA1,0xD8,0xAA,0x7B,0x3D,0x64,0x0C,0xBB,0xE5,0x31,0x7D,0xD9,0x81,0x1D,0x1C,0x60,0xDE},
        {0x45,0xD6,0x8F,0x58,0xF9,0x64,0xE0,0x00,0x5D,0xED,0x44,0x3A,0x19,0x0E,0xDE,0xC3,0xB9,0x95,0x4E,0x99,0x70,0x3C,0x85,0x6E,0x9C,0xEC,0xF5,0xA0,0xC7,0x6D,0xAD,0x2A},
    },
    {
        UINT32_C(10752),
        UINT64_C(0xAE08D46D37E518AC),
        UINT32_C(1024),
        UINT32_C(600),
        {0xAF,0x82,0xD4,0xB5,0x0A,0xC7,0x75,0x4E,0xFE,0x45,0xE8,0xB9,0x13,0x8C,0x47,0x34,0x9E,0x0B,0x47,0x5B,0xD6,0x1E,0x7A,0x5F,0x45,0x82,0xE3,0xC5,0x2F,0x68,0x17,0xC6},
        {0x9C,0x93,0xF4,0x56,0x16,0xD1,0xA9,0x3E,0xA6,0xB7,0xCA,0xCE,0xD1,0x94,0x48,0x04,0x34,0x7D,0xFA,0x08,0x7F,0xAA,0x65,0x19,0xF4,0x5A,0x3F,0xFE,0xBF,0xAE,0xCB,0xF9},
    },
    {
        UINT32_C(10762),
        UINT64_C(0x7322646B230862D7),
        UINT32_C(340),
        UINT32_C(128),
        {0x4F,0x60,0x6A,0x1D,0x69,0x76,0x22,0x6C,0x35,0xB9,0xDD,0x99,0xDB,0x8E,0xAD,0x08,0x4D,0x8A,0x6C,0x76,0x7C,0x3C,0x55,0xDA,0x88,0x9C,0x23,0x2F,0x5D,0xA3,0xAB,0xF0},
        {0xA9,0x92,0x8E,0x21,0x29,0x91,0xEE,0xA1,0x6A,0xDE,0x0D,0x8A,0xE6,0x45,0x8C,0x4B,0x9C,0xED,0x70,0x1C,0x46,0x9B,0xD4,0x2C,0xAB,0x44,0x52,0x41,0xF9,0x8A,0x84,0x57},
    },
    {
        UINT32_C(10770),
        UINT64_C(0xA229E359C76ACF03),
        UINT32_C(244),
        UINT32_C(65),
        {0x74,0x5E,0xDA,0xE1,0x1D,0x5A,0x3A,0x3F,0xBF,0xF9,0xF9,0x12,0x68,0xD0,0xE7,0xDD,0xD9,0x1D,0x53,0x66,0x40,0x33,0xE4,0x4F,0xF6,0xAE,0x4B,0x57,0xEA,0x9C,0x02,0xC9},
        {0x33,0x8C,0xBB,0x8D,0x77,0xCB,0x22,0x40,0xB9,0x6A,0x3E,0x23,0x0E,0xBE,0x73,0x11,0xD0,0xE2,0x38,0xB1,0x06,0xDF,0xF5,0x59,0xC5,0xFE,0xF9,0xD2,0x93,0xDF,0x9A,0x73},
    },
    {
        UINT32_C(10830),
        UINT64_C(0xCC7A671DD74D9C24),
        UINT32_C(340),
        UINT32_C(128),
        {0x52,0xA0,0xB3,0x09,0x19,0x61,0xE5,0x46,0xFC,0x03,0x54,0x50,0xE2,0xD6,0x95,0xBE,0x44,0x02,0xA4,0xA1,0xCA,0x72,0xDD,0xA5,0xD0,0xD6,0xC4,0x16,0x3E,0xA7,0xB6,0x0B},
        {0xD2,0xE0,0xCC,0xF6,0x93,0xCD,0x03,0xE9,0x51,0x4D,0x72,0xE2,0x84,0xE7,0xEB,0x2B,0x9A,0xCE,0x53,0xA8,0xA1,0x99,0x09,0x41,0xCA,0x9C,0x62,0x77,0xE4,0x7C,0xC0,0x80},
    },
    {
        UINT32_C(10840),
        UINT64_C(0xF6E7875A7038EF1E),
        UINT32_C(302),
        UINT32_C(72),
        {0xAE,0x06,0x1D,0x16,0x89,0xA1,0xF8,0xAC,0x14,0x56,0x81,0x20,0x84,0xAC,0xFB,0x53,0x40,0xB1,0x62,0x1E,0x3B,0x7D,0xA7,0x84,0x51,0xB8,0x84,0x90,0xCE,0x9C,0x8D,0x43},
        {0x2F,0x86,0xEA,0x9F,0x06,0xE4,0xC6,0xD1,0xFB,0xCF,0xF2,0x95,0x03,0x3E,0xDE,0x9E,0xA8,0x4C,0xCF,0xDB,0x27,0xF0,0xD7,0x41,0x91,0xFB,0xA7,0x20,0x34,0x56,0xF0,0xC2},
    },
    {
        UINT32_C(10938),
        UINT64_C(0x2CA8E83C936EA787),
        UINT32_C(460),
        UINT32_C(64),
        {0x1C,0x83,0x95,0xBE,0xA2,0x3A,0xDF,0x71,0x3D,0xE3,0x40,0x42,0x1C,0x78,0x38,0x48,0x46,0x93,0x3E,0xC5,0x1F,0xC5,0x29,0x73,0x34,0x4E,0x28,0xCE,0x8F,0x3A,0x39,0xE8},
        {0xC7,0x78,0x1B,0xC4,0xC8,0x3B,0x0E,0x2A,0x5C,0x80,0x10,0xD4,0x9C,0xD1,0x2C,0xE6,0x2F,0x8F,0x5C,0xF5,0x44,0x57,0x7C,0x70,0x79,0xF4,0x27,0xDD,0xF7,0x6D,0x07,0xBC},
    },
    {
        UINT32_C(10956),
        UINT64_C(0x98038B302E4839E0),
        UINT32_C(1024),
        UINT32_C(600),
        {0xFB,0x10,0xE6,0xFF,0x02,0x66,0x4D,0x9F,0xDE,0x28,0x64,0x1C,0x05,0xE2,0xDF,0x1B,0xF4,0xA0,0xED,0x5C,0xA6,0x49,0x28,0x40,0xF6,0x4E,0x01,0xCF,0xB6,0x3E,0xBC,0x6E},
        {0x1B,0xDB,0x0E,0x2C,0xC1,0x6B,0x01,0x7D,0x99,0x26,0x81,0x66,0x7D,0x6F,0x5B,0xCC,0xB5,0x2B,0x46,0xA5,0x92,0x46,0xB6,0x25,0xFF,0x6F,0x94,0x36,0x43,0x93,0xD6,0xED},
    },
    {
        UINT32_C(11004),
        UINT64_C(0x6F63099084D46ED5),
        UINT32_C(1024),
        UINT32_C(600),
        {0x0C,0x39,0x9D,0x4F,0x61,0x70,0x17,0xF1,0x21,0x81,0x57,0xC9,0x90,0xF7,0x92,0xB7,0xEF,0xAC,0x93,0x4D,0xA2,0xA0,0xB8,0x33,0x45,0xBB,0x87,0xF0,0x98,0x1D,0x75,0x17},
        {0x8A,0xFE,0x30,0xE3,0x3E,0x45,0xE6,0x2B,0xAE,0xC0,0x55,0x5F,0xE6,0x00,0x2A,0x77,0x04,0xA6,0xA6,0xCE,0xE9,0xC6,0x6D,0x57,0xF5,0xF9,0x36,0x1D,0x91,0xEF,0xE2,0xA1},
    },
    {
        UINT32_C(11166),
        UINT64_C(0x8440665B310091B0),
        UINT32_C(408),
        UINT32_C(38),
        {0x07,0x49,0x3B,0x62,0x8A,0xE1,0xDB,0xF3,0xC1,0x78,0x74,0xB4,0xAB,0x6D,0x50,0x21,0x39,0xAB,0xCA,0x28,0x86,0x99,0x90,0xDC,0xBA,0xE8,0x5A,0x95,0x9E,0x5A,0x14,0xCE},
        {0xBE,0xCC,0xEE,0x6D,0x77,0x02,0xD6,0xE0,0xA3,0x99,0x05,0xE4,0xE2,0xE5,0xED,0xCF,0x92,0x37,0x94,0xC6,0xAA,0xC0,0x5E,0xBD,0x9F,0x35,0x72,0x45,0x51,0xA0,0x45,0xFA},
    },
    {
        UINT32_C(11174),
        UINT64_C(0xCF7CEA14DED1F178),
        UINT32_C(340),
        UINT32_C(128),
        {0x10,0xDC,0xD3,0x9E,0xEA,0xAD,0x7F,0x0D,0xBE,0x7F,0xE0,0x03,0x61,0xD2,0xD4,0x9B,0x2F,0x13,0xDE,0x22,0x36,0x5A,0xC4,0xBC,0x34,0xD1,0xE7,0x24,0x35,0x48,0x8A,0x69},
        {0xD2,0x24,0x91,0x0C,0x31,0x04,0xBE,0x75,0x8A,0x64,0x5F,0x5C,0x28,0x7B,0x83,0xD9,0xDC,0xCE,0x12,0x5F,0x57,0xAF,0x0D,0x01,0x61,0x38,0x30,0x84,0x1B,0xA6,0xEA,0x83},
    },
    {
        UINT32_C(11184),
        UINT64_C(0xB933D5AD97B06D52),
        UINT32_C(340),
        UINT32_C(128),
        {0xFE,0x97,0x55,0xAB,0x23,0x13,0x61,0x8C,0x91,0xC3,0xFC,0x29,0x80,0xEA,0xB7,0x4B,0x3C,0x1D,0x75,0x30,0x7B,0xAE,0x8E,0x92,0xCE,0xA4,0x07,0x8C,0xE4,0x52,0x1F,0x21},
        {0x80,0x82,0x0A,0x52,0xC6,0xD1,0x37,0x87,0x4B,0x6C,0x1A,0x53,0xDA,0x79,0x94,0x95,0x88,0xCC,0x97,0xDB,0x1C,0xC3,0xBF,0x32,0x12,0x20,0xF5,0x7A,0x49,0x5C,0x32,0xBB},
    },
    {
        UINT32_C(11196),
        UINT64_C(0xE73DBE83A9443760),
        UINT32_C(1024),
        UINT32_C(600),
        {0x63,0x8B,0x24,0x8A,0x56,0xEA,0x4A,0x2E,0xA8,0xDC,0x65,0x6D,0x8F,0xAC,0x3D,0xD1,0xCD,0xDF,0xD7,0xBC,0xF6,0x76,0x82,0x9F,0x82,0x96,0x3E,0x02,0x64,0x18,0x98,0x47},
        {0xB2,0xC1,0x8C,0x54,0xF6,0xE6,0xE6,0xED,0x34,0xBA,0x78,0x68,0x94,0x4E,0x88,0xE9,0x59,0x4F,0x23,0x9A,0x4D,0x5C,0x13,0x5B,0xC3,0x6A,0xB3,0x9C,0x79,0x0E,0x87,0x4C},
    },
    {
        UINT32_C(11216),
        UINT64_C(0xF0CBEE88278CD4B8),
        UINT32_C(408),
        UINT32_C(38),
        {0x4B,0x53,0x0A,0x20,0x2C,0x77,0x8F,0x22,0x1C,0xA9,0xA6,0xE8,0xEA,0x49,0x4C,0xDA,0x9E,0x19,0xE5,0x08,0x2D,0x68,0x84,0x43,0x55,0x9D,0x84,0xC4,0xBB,0x4A,0xB5,0xB8},
        {0xB2,0xB5,0x97,0xBD,0x8D,0x94,0xAD,0xEC,0x4F,0xC8,0xFB,0x10,0xAA,0xAE,0x96,0x55,0xC7,0x36,0x90,0xD8,0x67,0x0E,0x52,0x1B,0x76,0xD5,0xF6,0xBA,0x4D,0x1D,0x45,0xF7},
    },
    {
        UINT32_C(11220),
        UINT64_C(0x95BEB55A63A30C9B),
        UINT32_C(1024),
        UINT32_C(600),
        {0xCA,0x6D,0x21,0x2E,0x17,0x2A,0xD6,0x3C,0x3C,0x70,0xB9,0xC0,0x76,0x23,0x86,0x80,0xC4,0x36,0xBB,0xB9,0x77,0x93,0x47,0xA0,0x8B,0x2F,0x65,0x7B,0x44,0x0E,0x01,0xB5},
        {0x89,0x4E,0x6C,0xED,0x9D,0xAE,0x28,0x1F,0xD6,0x46,0xF4,0x74,0xA2,0xE6,0xF6,0xA6,0x43,0xD3,0x49,0x39,0x2F,0x58,0x02,0xC8,0xF5,0x29,0x4B,0x71,0xCC,0xFE,0x0A,0x68},
    },
    {
        UINT32_C(11260),
        UINT64_C(0x35BF6516CBB1425C),
        UINT32_C(302),
        UINT32_C(72),
        {0x6F,0x80,0xF1,0x7A,0xD5,0xD0,0x75,0xDB,0xDB,0xDB,0x78,0x06,0xCE,0xA2,0x71,0x94,0x23,0x72,0x42,0x5F,0x22,0xE7,0xE8,0xEF,0x82,0xA7,0x40,0x33,0x3E,0xAB,0xD9,0x70},
        {0xAE,0x6E,0xD0,0x81,0x23,0x83,0xB0,0x6E,0x68,0xC3,0x31,0xBC,0xD0,0xDE,0x3D,0x62,0x09,0xF0,0xF4,0x0F,0x50,0x1C,0xCC,0x1B,0x88,0x14,0xC7,0x02,0xA6,0xBC,0xD3,0xBF},
    },
    {
        UINT32_C(11334),
        UINT64_C(0x363E9E4BB1E0A15C),
        UINT32_C(340),
        UINT32_C(128),
        {0xD2,0x56,0x5F,0x80,0xB7,0x95,0xA8,0x9A,0x5F,0xF4,0xF4,0xC2,0xAE,0x02,0x51,0xD3,0x9A,0x72,0x1D,0x47,0x43,0x61,0xB7,0x41,0xE6,0xF9,0x92,0x24,0x0C,0xB0,0xAC,0x66},
        {0x74,0x09,0x54,0x14,0x70,0xE8,0x36,0xDE,0x20,0x19,0x77,0x42,0x74,0xC3,0xA3,0x3C,0x35,0xBD,0x85,0xD2,0xC6,0x25,0x19,0x5D,0x2D,0xB1,0x87,0x33,0x18,0xC3,0xD0,0xE4},
    },
    {
        UINT32_C(11376),
        UINT64_C(0x72EEAF1271FF8834),
        UINT32_C(340),
        UINT32_C(128),
        {0xED,0xF4,0x6D,0x3F,0x8A,0xC7,0x64,0x4F,0x25,0x56,0x2E,0x9E,0x52,0xDA,0x15,0xA8,0xF2,0x9F,0x47,0x48,0x31,0x92,0x2C,0x18,0xE2,0x45,0x00,0xD5,0xC6,0x9D,0x94,0xB3},
        {0xC8,0x79,0xB0,0x7C,0x29,0x7A,0xE3,0x10,0xF9,0x14,0xC4,0xF9,0xF0,0x8D,0x3C,0x97,0x6F,0x2F,0xCB,0xC9,0x38,0x14,0x98,0x06,0x85,0x1D,0x68,0x75,0x55,0x23,0x91,0x51},
    },
    {
        UINT32_C(11434),
        UINT64_C(0xCC19A1A0F4214837),
        UINT32_C(340),
        UINT32_C(128),
        {0x28,0xD8,0xA2,0x84,0xA6,0xFD,0xD0,0x90,0x3A,0x4E,0xEB,0x07,0x64,0x20,0x73,0xC8,0xCB,0x3A,0x5A,0x6A,0xF9,0xD4,0xB0,0x55,0xF5,0x1C,0x5A,0xB6,0xB5,0xED,0x16,0xB9},
        {0x5A,0x45,0x67,0xDC,0xF9,0x30,0x51,0x20,0xB7,0xB4,0xDE,0xFC,0x08,0xF2,0xD3,0x9B,0x53,0x44,0x61,0xD4,0xD9,0xF5,0x0B,0xE3,0x14,0xDB,0x99,0xDD,0x38,0x0E,0x90,0x0D},
    },
    {
        UINT32_C(11470),
        UINT64_C(0x88A7E2ECADC53615),
        UINT32_C(340),
        UINT32_C(128),
        {0x17,0xA4,0xE0,0x32,0xE7,0x5E,0xCC,0x37,0x58,0x9A,0x97,0xBE,0x76,0xAC,0xFB,0x84,0x79,0x7A,0x10,0xB2,0x4A,0x78,0xD9,0x0F,0xFA,0x11,0x0C,0x84,0x42,0xCE,0x68,0xD2},
        {0x1A,0x1F,0x2E,0x26,0xDD,0xBC,0xB9,0x6B,0x4C,0x6B,0xF6,0x69,0x9E,0x64,0xFB,0x99,0xDB,0x31,0x0B,0x77,0xB3,0x72,0x35,0x63,0xC7,0xC8,0xAB,0xB9,0x3D,0xC1,0x33,0x66},
    },
    {
        UINT32_C(11484),
        UINT64_C(0x4ADB1182C4199E0D),
        UINT32_C(244),
        UINT32_C(65),
        {0x74,0x5E,0xDA,0xE1,0x1D,0x5A,0x3A,0x3F,0xBF,0xF9,0xF9,0x12,0x68,0xD0,0xE7,0xDD,0xD9,0x1D,0x53,0x66,0x40,0x33,0xE4,0x4F,0xF6,0xAE,0x4B,0x57,0xEA,0x9C,0x02,0xC9},
        {0x33,0x8C,0xBB,0x8D,0x77,0xCB,0x22,0x40,0xB9,0x6A,0x3E,0x23,0x0E,0xBE,0x73,0x11,0xD0,0xE2,0x38,0xB1,0x06,0xDF,0xF5,0x59,0xC5,0xFE,0xF9,0xD2,0x93,0xDF,0x9A,0x73},
    },
    {
        UINT32_C(11498),
        UINT64_C(0x21042EF955C195F0),
        UINT32_C(340),
        UINT32_C(128),
        {0x43,0x5A,0x1A,0x1F,0xBB,0x91,0xCC,0x8E,0x6D,0x98,0xDC,0x8B,0x88,0x99,0x25,0x37,0x39,0xF0,0x65,0xEE,0x60,0xCE,0x5D,0x27,0x91,0xF7,0xDA,0x98,0xD4,0x13,0x43,0x95},
        {0xA0,0x63,0xC5,0x3D,0x22,0xD1,0x53,0x58,0x24,0x32,0xDB,0xEC,0x09,0x89,0xB2,0xF1,0xD8,0x53,0x92,0xD6,0x5E,0x0E,0xF9,0x00,0x59,0xC9,0xD4,0x5C,0x3D,0x0A,0xD4,0xF9},
    },
    {
        UINT32_C(11522),
        UINT64_C(0x2212B4D59647CAE8),
        UINT32_C(214),
        UINT32_C(60),
        {0x55,0xD2,0xCC,0xBE,0x51,0x76,0x58,0x71,0xC5,0xB9,0x41,0x3D,0x79,0x71,0x18,0x39,0x20,0x9E,0xA6,0x74,0xE3,0xDD,0x5E,0xB3,0xC3,0x1B,0xC5,0xB0,0x63,0x62,0x77,0xA7},
        {0x9F,0x1F,0xD2,0x33,0x70,0x11,0x2F,0x8B,0xF7,0x00,0x2F,0x11,0x94,0x05,0x63,0xF0,0xE5,0x3E,0xA3,0x25,0x73,0xA0,0xDF,0x99,0xCE,0x19,0xC5,0x33,0x5E,0x5C,0x0F,0x83},
    },
    {
        UINT32_C(11528),
        UINT64_C(0x7B25941F56376E65),
        UINT32_C(302),
        UINT32_C(72),
        {0x8C,0xE1,0x33,0x3B,0xA3,0x11,0x2B,0x76,0xDF,0x4E,0xEF,0x9E,0x49,0x9A,0x2A,0x16,0xD9,0x15,0x8B,0x28,0xEC,0xD6,0x9D,0x66,0xEA,0x15,0x15,0x1B,0x2D,0x72,0x3E,0x42},
        {0x35,0xC0,0x49,0xB1,0x26,0x79,0xD0,0xEE,0x44,0xAE,0x62,0xF9,0x8A,0xAF,0x73,0xA4,0x61,0xBC,0x27,0x78,0x36,0x88,0xAA,0x60,0xB5,0x42,0x68,0xED,0xBB,0x72,0x3B,0x23},
    },
    {
        UINT32_C(11532),
        UINT64_C(0x323A3E72EE3F067C),
        UINT32_C(408),
        UINT32_C(38),
        {0x27,0x69,0x89,0x82,0xD4,0x35,0x45,0x2F,0x84,0x00,0xBC,0x25,0x32,0x6A,0x18,0xD8,0xAB,0x1B,0xEC,0x85,0xA2,0xD5,0x93,0x8A,0xFE,0x64,0x4B,0x46,0xF0,0x84,0x78,0x97},
        {0xA2,0x95,0x1D,0x73,0xBA,0x3A,0x15,0xD2,0x15,0x35,0x79,0x40,0x38,0x5B,0xCA,0x64,0x44,0x53,0x69,0x90,0x22,0xBF,0x7C,0x67,0xDE,0xAA,0x21,0xB8,0x11,0xB4,0x4F,0x0D},
    },
    {
        UINT32_C(11542),
        UINT64_C(0xB0C81C14C9BCB705),
        UINT32_C(1024),
        UINT32_C(600),
        {0xDE,0x79,0xDA,0x14,0x79,0x0A,0xFE,0x27,0xA2,0x40,0x4C,0x3F,0x00,0x20,0xAE,0x39,0xCE,0xE4,0xCC,0x24,0xDB,0x3E,0xAC,0x15,0xCB,0xC3,0x82,0x3E,0x3D,0x6F,0x95,0x19},
        {0xAE,0xA1,0x20,0x49,0x2E,0xEA,0xF6,0x51,0x5C,0xBD,0x76,0x2B,0x89,0xA8,0x13,0xA5,0x1E,0x57,0xE9,0x20,0xB7,0x6B,0xA7,0x5E,0xCE,0xC5,0x80,0xFD,0x21,0x60,0x5C,0x9C},
    },
    {
        UINT32_C(11606),
        UINT64_C(0xC948171F596D087F),
        UINT32_C(340),
        UINT32_C(128),
        {0xA6,0x73,0x99,0x13,0x69,0x82,0xAD,0xA1,0xF9,0x15,0x08,0x5A,0x46,0x2C,0xB0,0xFC,0x80,0x28,0x68,0x59,0x7F,0x45,0x33,0x06,0x12,0x11,0x0D,0xBB,0x19,0x5D,0xE0,0x55},
        {0x5C,0xBB,0x6C,0xAE,0x51,0x9C,0x92,0x41,0xCA,0x4A,0xB9,0x0B,0xD8,0xD2,0x91,0x23,0x25,0x5F,0x1B,0xBF,0xD8,0xC9,0x22,0xD0,0x20,0xBE,0x0A,0x76,0x26,0xDF,0x4A,0x90},
    },
    {
        UINT32_C(11620),
        UINT64_C(0x42A1437E5C3CF862),
        UINT32_C(1024),
        UINT32_C(600),
        {0x09,0xC2,0x65,0x7E,0xF6,0xAC,0x3B,0x11,0x38,0x20,0x24,0x3B,0xB3,0xEE,0xB0,0xCE,0xE5,0xF9,0x1A,0x8F,0x37,0x0C,0x78,0xF3,0x09,0xBF,0x81,0x9B,0x5A,0xB7,0x01,0xA2},
        {0xCF,0xCA,0x4E,0x3A,0xBC,0x51,0x11,0x19,0xDF,0x3A,0xDC,0x83,0xCA,0x3D,0x3B,0xBB,0x73,0x77,0x7F,0xEC,0x93,0x57,0x18,0xB2,0xD9,0x40,0x55,0x95,0x9B,0x8A,0x56,0x2F},
    },
    {
        UINT32_C(11644),
        UINT64_C(0xCEB6DD4AB2230CA8),
        UINT32_C(380),
        UINT32_C(52),
        {0xD8,0xE1,0xE5,0x2E,0xAD,0x64,0x5C,0xB7,0x97,0xE0,0x38,0x4C,0x39,0x79,0x84,0x3A,0x97,0xF9,0xE6,0x84,0x56,0x29,0x21,0x8B,0xB0,0x26,0xAF,0xEB,0x58,0x86,0x35,0x22},
        {0x42,0xD7,0xC8,0xF3,0x3B,0xC3,0x37,0x22,0xD1,0xCE,0x5F,0x76,0xCC,0x7E,0xD7,0xEB,0x7E,0xB1,0x06,0xBC,0x86,0x08,0x85,0xB1,0x1E,0x35,0x4D,0x33,0x41,0x73,0x38,0x6F},
    },
    {
        UINT32_C(11646),
        UINT64_C(0x11D4753A7A599F7E),
        UINT32_C(340),
        UINT32_C(128),
        {0x66,0x1E,0x93,0xC8,0x47,0x0D,0xC1,0xF0,0xAE,0x02,0xFB,0x5E,0x7D,0x2E,0xE1,0x44,0x79,0x27,0xA0,0x1C,0x88,0x63,0xD1,0x1E,0x2A,0x4B,0x95,0xAA,0xAA,0xA5,0x22,0xD2},
        {0x11,0xB5,0xAC,0x3B,0x26,0x72,0x5A,0x40,0x98,0x7E,0x22,0xD3,0x68,0x79,0x42,0x7B,0x00,0x5B,0xC8,0xDE,0x94,0x41,0xE4,0xCF,0xCB,0xFB,0xC5,0x40,0xD5,0x49,0x7F,0x08},
    },
    {
        UINT32_C(11652),
        UINT64_C(0x1E05712A55C8C9AA),
        UINT32_C(340),
        UINT32_C(128),
        {0x76,0x4A,0x41,0xBF,0xA3,0x69,0x39,0x37,0xBB,0xAD,0xD9,0x5A,0x2E,0xD1,0x92,0x0C,0xC1,0x34,0x80,0xB9,0xE1,0x61,0x88,0xDF,0x88,0x74,0x2A,0x93,0xC6,0x25,0x36,0x25},
        {0x90,0x06,0x08,0x4A,0x00,0xA6,0x4C,0x17,0xD1,0xF2,0xD8,0x9B,0xEC,0xF4,0x00,0xA5,0x6B,0xD1,0xB0,0xA0,0xA7,0xD2,0x2D,0x77,0xCC,0xC6,0x68,0x5C,0xBB,0x56,0xF0,0x28},
    },
    {
        UINT32_C(11696),
        UINT64_C(0xF3C5111436B44EBC),
        UINT32_C(340),
        UINT32_C(128),
        {0x73,0x9C,0x52,0xAE,0x91,0x87,0xD8,0x39,0x49,0x5F,0x5D,0x4C,0x6F,0xFE,0xC0,0xD4,0xC9,0x0D,0x40,0xD6,0x26,0x28,0x98,0xB7,0xCF,0x5B,0xCA,0xEC,0x8A,0xDE,0x4B,0x24},
        {0x95,0x20,0x8B,0xD7,0x78,0xCF,0x95,0xE6,0x31,0xA6,0x3F,0xEB,0xC2,0x18,0xB2,0xDB,0x90,0x05,0xCF,0x70,0xBE,0x9E,0x2C,0xDE,0x11,0xA9,0x50,0xFA,0x19,0xE3,0x05,0x5A},
    },
    {
        UINT32_C(11804),
        UINT64_C(0x1DF07B8A040526F6),
        UINT32_C(340),
        UINT32_C(128),
        {0x9F,0xE7,0x59,0x32,0x7E,0x8A,0xA1,0x8E,0x53,0x76,0x5A,0x16,0x1D,0xB0,0x59,0xA8,0x45,0x7B,0x0B,0xDC,0xB2,0xAE,0x3E,0x0A,0x08,0x05,0xFA,0x99,0xBA,0xAD,0x4D,0x12},
        {0x02,0xE6,0xBF,0xEA,0x71,0x2E,0x2D,0x7A,0xEA,0xA9,0xCE,0x0B,0xEF,0x05,0xB1,0x86,0x72,0x18,0x9B,0x7B,0xFE,0x57,0x58,0x06,0x85,0xAC,0xAB,0xD8,0xEA,0x87,0x92,0x38},
    },
    {
        UINT32_C(11836),
        UINT64_C(0x96B142650C6033B6),
        UINT32_C(460),
        UINT32_C(64),
        {0xFE,0xCB,0x98,0x67,0x8D,0x59,0x02,0x89,0x01,0x0F,0x2A,0x78,0xDA,0x13,0x63,0xD2,0xEC,0x0C,0x78,0xFE,0x97,0xAB,0xA0,0x6A,0x36,0xD7,0x69,0x29,0xB5,0xEF,0x0B,0xA5},
        {0xC7,0xF2,0xAB,0x6D,0x63,0x96,0xB5,0x06,0xDC,0x62,0x92,0x7C,0x07,0x6D,0xBF,0x52,0xDC,0x0C,0x57,0x16,0x69,0x15,0xC3,0x61,0xF1,0xE4,0x21,0x1D,0xA7,0x20,0x6D,0x1F},
    },
    {
        UINT32_C(11890),
        UINT64_C(0x46180EF12458C92A),
        UINT32_C(302),
        UINT32_C(72),
        {0x8C,0xE1,0x33,0x3B,0xA3,0x11,0x2B,0x76,0xDF,0x4E,0xEF,0x9E,0x49,0x9A,0x2A,0x16,0xD9,0x15,0x8B,0x28,0xEC,0xD6,0x9D,0x66,0xEA,0x15,0x15,0x1B,0x2D,0x72,0x3E,0x42},
        {0x35,0xC0,0x49,0xB1,0x26,0x79,0xD0,0xEE,0x44,0xAE,0x62,0xF9,0x8A,0xAF,0x73,0xA4,0x61,0xBC,0x27,0x78,0x36,0x88,0xAA,0x60,0xB5,0x42,0x68,0xED,0xBB,0x72,0x3B,0x23},
    },
    {
        UINT32_C(11892),
        UINT64_C(0x600A24CE2C0C4DE1),
        UINT32_C(1024),
        UINT32_C(600),
        {0x8A,0xB4,0x97,0x70,0xB1,0xEB,0xCE,0xF2,0x98,0x38,0x4A,0x88,0x55,0xCE,0xDE,0xDD,0x46,0x7B,0x04,0x6B,0xAE,0x80,0xAE,0x12,0x92,0x72,0x07,0x7A,0x10,0xBF,0x03,0xC8},
        {0x87,0xB1,0xAF,0xD6,0x3A,0x9F,0x70,0xFA,0x2E,0xE2,0xA2,0xD6,0x67,0xB7,0x38,0x4D,0x8D,0x22,0xB0,0x79,0xBE,0xFD,0xFF,0x7E,0x83,0x57,0xBA,0xE9,0x6D,0x8E,0xAE,0x76},
    },
    {
        UINT32_C(11902),
        UINT64_C(0x561E8DA0D29EF76F),
        UINT32_C(302),
        UINT32_C(72),
        {0x73,0xE7,0x9B,0x32,0x23,0x99,0xE4,0x59,0x80,0x07,0x56,0x23,0x7A,0x38,0x9D,0x6F,0xD4,0x20,0xCB,0x57,0x15,0x65,0x84,0x97,0xAF,0x0D,0x61,0xBD,0xF3,0x8C,0x01,0xEE},
        {0xF7,0x09,0xE6,0x0C,0xEC,0x34,0x8A,0xB6,0x56,0x8B,0xD7,0x5A,0x30,0xD5,0x1B,0x3A,0x44,0x79,0x8D,0xB4,0xA3,0x9E,0x1E,0xD5,0x73,0xB8,0x0F,0x04,0xFB,0x9E,0x31,0x2D},
    },
    {
        UINT32_C(11928),
        UINT64_C(0xD1AB3018478DCA70),
        UINT32_C(1024),
        UINT32_C(600),
        {0x71,0x2B,0xBA,0x78,0x83,0x2E,0xA5,0xB2,0xCA,0x35,0x89,0x52,0xEA,0x08,0x8F,0x48,0x33,0xBE,0x77,0x0B,0x2F,0x0F,0xEC,0x05,0x10,0x96,0x1C,0xB5,0x57,0xEF,0x26,0xB0},
        {0x28,0x04,0xDD,0xFC,0x32,0x10,0xB9,0x00,0x9F,0xD3,0xB9,0xBA,0x2D,0x72,0x16,0xBF,0x12,0x12,0x99,0xCE,0xA2,0xC7,0xE4,0x33,0x0E,0x52,0xB6,0xB5,0xFD,0x13,0x59,0xB0},
    },
    {
        UINT32_C(12082),
        UINT64_C(0x3BE69AD6E8D71BC0),
        UINT32_C(1024),
        UINT32_C(600),
        {0x49,0xCF,0xBE,0xA5,0x76,0x17,0x61,0xB8,0x2B,0x8F,0xB8,0x88,0x9E,0x64,0xED,0xB7,0x35,0x75,0x34,0xBE,0x8F,0x8A,0xE9,0xEE,0x50,0x5D,0xC1,0x81,0x84,0x22,0x32,0xCD},
        {0x91,0x73,0xFA,0x87,0x7B,0x01,0x5E,0xCA,0x74,0x4F,0xC9,0x0B,0x2C,0xC8,0x6B,0x2F,0xDD,0x42,0xD1,0x26,0x69,0x21,0x3C,0x07,0x44,0xB0,0x1D,0x28,0x84,0xB3,0x7E,0xE3},
    },
    {
        UINT32_C(12124),
        UINT64_C(0x6E684541D5B94689),
        UINT32_C(408),
        UINT32_C(38),
        {0x95,0x2B,0xFA,0x9A,0x87,0x51,0x76,0xB4,0x89,0x8B,0xE3,0xBC,0x74,0x2F,0x6D,0x83,0xAF,0x64,0xB7,0x7D,0x9A,0xC2,0x01,0x47,0xD5,0x98,0xA4,0xB2,0xC9,0x05,0x5E,0xD5},
        {0x2C,0x98,0x22,0xB4,0xF1,0xBB,0xDE,0x5C,0xB7,0xE3,0xC8,0x1E,0x13,0x27,0x83,0xB4,0x5F,0x86,0x7A,0xA6,0x01,0xD4,0xEF,0x5B,0x27,0xD4,0xE6,0xD6,0xFD,0x15,0x89,0x47},
    },
    {
        UINT32_C(12126),
        UINT64_C(0x6AFE7E29562CC33A),
        UINT32_C(340),
        UINT32_C(128),
        {0xBD,0x32,0x91,0x99,0xE1,0x57,0x31,0xF1,0xFF,0x68,0xC1,0x32,0x9C,0x52,0x30,0x4B,0x01,0x5D,0xE6,0xCB,0xAF,0xAC,0x0C,0x04,0xF3,0xA9,0x20,0xC4,0x74,0x1B,0x35,0xE7},
        {0x7C,0x67,0x52,0xA7,0xE4,0xE4,0xD5,0xD2,0x82,0xDD,0x1F,0xF1,0xFF,0x86,0x8C,0x3A,0x13,0x0D,0xA1,0x3C,0xF9,0x0D,0x2F,0xC6,0x14,0x33,0x75,0xEB,0x3D,0xA4,0x66,0xA0},
    },
    {
        UINT32_C(12184),
        UINT64_C(0xBCED6B517B09F1E2),
        UINT32_C(1024),
        UINT32_C(600),
        {0x19,0xD8,0x59,0x3A,0xF0,0x29,0x6B,0xD6,0xD6,0xD3,0x96,0xB6,0xF3,0x0E,0xF9,0x77,0xEA,0xE3,0x4D,0x4C,0x13,0x32,0x9A,0x26,0x3C,0xCA,0x3A,0xFC,0x53,0xD1,0xD9,0xCE},
        {0xBF,0x3F,0x83,0x60,0xB7,0xAD,0x96,0x14,0x50,0x5E,0xC2,0xC6,0x1A,0x6A,0x71,0x9A,0x5C,0xF8,0xB1,0xDA,0x34,0x65,0x4B,0xAC,0xEF,0x35,0x92,0xCD,0x3E,0xD5,0x99,0x90},
    },
    {
        UINT32_C(12202),
        UINT64_C(0x0EA63E42E48D087C),
        UINT32_C(340),
        UINT32_C(128),
        {0x9A,0x47,0x0F,0x7B,0x44,0xD3,0x6A,0x95,0x4F,0xF5,0x90,0x30,0x17,0x2C,0xEF,0xFC,0xCD,0xF0,0x47,0xDF,0xE5,0xEC,0xE7,0x42,0x99,0x0D,0x00,0x56,0x0D,0x56,0x87,0x5A},
        {0x47,0x81,0x14,0x77,0xBB,0xD7,0x84,0x5C,0x1B,0x44,0x79,0x18,0x8C,0xC2,0x7D,0x45,0x4F,0x75,0x79,0x4C,0x59,0x22,0xF4,0x13,0xD2,0x74,0x12,0xE5,0xED,0x44,0xEA,0x68},
    },
    {
        UINT32_C(12208),
        UINT64_C(0x669633ECDC8B7FAD),
        UINT32_C(302),
        UINT32_C(72),
        {0x6F,0x80,0xF1,0x7A,0xD5,0xD0,0x75,0xDB,0xDB,0xDB,0x78,0x06,0xCE,0xA2,0x71,0x94,0x23,0x72,0x42,0x5F,0x22,0xE7,0xE8,0xEF,0x82,0xA7,0x40,0x33,0x3E,0xAB,0xD9,0x70},
        {0xAE,0x6E,0xD0,0x81,0x23,0x83,0xB0,0x6E,0x68,0xC3,0x31,0xBC,0xD0,0xDE,0x3D,0x62,0x09,0xF0,0xF4,0x0F,0x50,0x1C,0xCC,0x1B,0x88,0x14,0xC7,0x02,0xA6,0xBC,0xD3,0xBF},
    },
    {
        UINT32_C(12316),
        UINT64_C(0x09E65331979397D6),
        UINT32_C(1024),
        UINT32_C(600),
        {0x2C,0x97,0x38,0xFE,0x28,0x13,0xD7,0x36,0xE2,0x86,0xA9,0xF9,0xF2,0xA1,0xA0,0xDA,0xCD,0x04,0xB2,0xB7,0x40,0x6A,0x81,0x49,0xB0,0x47,0x54,0x8E,0x75,0x89,0xF6,0x7C},
        {0x51,0xA3,0x31,0x39,0xF3,0x68,0x65,0x61,0x55,0x48,0xD9,0x90,0xDE,0x61,0x9F,0xEC,0x0F,0x04,0xE0,0x38,0x03,0x64,0x78,0x10,0xC1,0xBB,0xA4,0x2C,0x72,0x98,0x65,0x33},
    },
    {
        UINT32_C(12380),
        UINT64_C(0x7DC86816EA3FD919),
        UINT32_C(340),
        UINT32_C(128),
        {0x13,0xE4,0x4E,0xEA,0x62,0x9F,0xB0,0x73,0xC7,0x9B,0x70,0x23,0xB3,0xC4,0xD3,0xAE,0x4F,0x18,0x75,0xB7,0xD9,0x87,0x3C,0xCD,0xA3,0x1D,0x03,0x22,0xE0,0x15,0x6B,0xF6},
        {0x23,0xD7,0xBA,0x65,0x7D,0xE3,0xD7,0x19,0x07,0x2A,0x78,0x1F,0x13,0x1D,0x13,0xB4,0x59,0x57,0xF8,0xBE,0x24,0xFD,0x68,0x00,0xA8,0x1A,0x9D,0x9C,0x85,0xDE,0x58,0x79},
    },
    {
        UINT32_C(12394),
        UINT64_C(0xFC3870C810D072A3),
        UINT32_C(304),
        UINT32_C(48),
        {0xA5,0xC5,0x30,0x25,0xF7,0x97,0xB0,0xD7,0x5E,0x05,0x94,0xAB,0xB0,0x67,0x2E,0x23,0xB4,0xB3,0x5E,0xFA,0x0C,0x59,0x3A,0x1E,0xB9,0xE3,0x61,0x7A,0x53,0x99,0x5A,0x31},
        {0xBA,0x44,0x4D,0x5B,0x47,0xEF,0xF5,0xDF,0x01,0xC5,0x78,0x02,0x6C,0x20,0x10,0x14,0x8D,0xAA,0x13,0x76,0x3B,0xFC,0x7D,0xD0,0x42,0xD3,0x35,0x5E,0x4E,0xCE,0xEC,0x63},
    },
    {
        UINT32_C(12544),
        UINT64_C(0x2E6D070EB167DEBE),
        UINT32_C(408),
        UINT32_C(38),
        {0x37,0x7C,0x6C,0x9E,0x31,0x04,0x6D,0x08,0x94,0xD0,0xE9,0xDB,0x5B,0xF3,0xAA,0x82,0x64,0x38,0x34,0x05,0x03,0x03,0xC4,0xC4,0x01,0x32,0x7B,0x96,0xC7,0x6B,0xE6,0xD1},
        {0x96,0xCC,0x02,0x53,0x67,0x1C,0x43,0x53,0x7C,0x3D,0x27,0x98,0xB2,0x76,0x30,0xB9,0xD4,0xC6,0x26,0x88,0x27,0x4C,0xC6,0xFA,0x33,0xE5,0xE6,0x35,0x09,0x3A,0xE0,0x4E},
    },
    {
        UINT32_C(12576),
        UINT64_C(0xD56AB366C33EFA77),
        UINT32_C(340),
        UINT32_C(128),
        {0xEA,0x05,0xC2,0x0B,0x60,0xFC,0x12,0xD8,0x25,0x91,0x67,0xB2,0xF5,0x25,0x79,0x87,0x8F,0x76,0x18,0xC5,0x74,0x4E,0x90,0x76,0x41,0x58,0xD9,0x19,0x6B,0x5C,0x5D,0xB0},
        {0x66,0x5D,0x38,0x44,0x19,0x46,0x21,0x4D,0x9C,0x96,0xE8,0x1E,0xFF,0xFF,0x3C,0xCB,0x62,0xD0,0x65,0xA6,0x91,0x9A,0xAC,0x70,0x93,0xEA,0x90,0xA9,0x33,0xB7,0x67,0x77},
    },
    {
        UINT32_C(12682),
        UINT64_C(0xB1B6BDD3DF9472D5),
        UINT32_C(340),
        UINT32_C(128),
        {0xB1,0xE6,0x68,0xB3,0x27,0x07,0xC1,0x5B,0xAA,0x3A,0xB8,0x62,0x48,0x67,0xCA,0xE5,0x1E,0xF6,0xAF,0x98,0xA2,0xA9,0x63,0x4B,0x7D,0xA5,0xE6,0x4A,0x49,0x10,0x06,0x33},
        {0xF8,0x39,0x37,0xC9,0x58,0x3F,0xA6,0x16,0x80,0xCF,0x70,0x17,0xC5,0xB7,0xCA,0xDB,0x56,0x1B,0x38,0x75,0x53,0x6A,0x3C,0x54,0x3A,0x3D,0x8C,0x92,0xAB,0x70,0xCE,0x91},
    },
    {
        UINT32_C(12690),
        UINT64_C(0x12BFD1E03EB83972),
        UINT32_C(1024),
        UINT32_C(600),
        {0x65,0x52,0x3A,0x86,0x77,0x65,0x11,0xAF,0x66,0x19,0x68,0x6C,0xAC,0x1B,0xDF,0x23,0x3A,0xE6,0x1A,0x83,0xB6,0x0D,0x9F,0x75,0x8B,0x5A,0xC0,0xF7,0x06,0x97,0x41,0x03},
        {0x46,0x91,0x25,0xAA,0x68,0xFA,0x09,0x4F,0x19,0x6A,0x7D,0xE8,0xF2,0x22,0xE3,0x7F,0xC4,0xF1,0xA8,0x14,0xFC,0xE2,0x61,0x8D,0x9E,0x48,0xA1,0xD6,0x26,0x6A,0x53,0x75},
    },
    {
        UINT32_C(12694),
        UINT64_C(0x4EA61378DB0E06C9),
        UINT32_C(340),
        UINT32_C(128),
        {0xB6,0x5A,0x85,0x68,0xD1,0x37,0x69,0xEE,0x4A,0xF1,0x28,0x25,0x3B,0x93,0x1A,0xF6,0x0C,0x72,0xD2,0x89,0x8E,0xAC,0xD2,0xDE,0x69,0xD4,0x26,0xC1,0x13,0x98,0xB6,0x8A},
        {0x24,0x6F,0x0E,0x6D,0xB1,0x6E,0xAA,0xD5,0x5D,0x63,0x75,0x49,0xDB,0x8F,0x80,0x3A,0x90,0x5B,0x43,0x2E,0xBD,0xA6,0x49,0xC5,0x1E,0xE3,0x6E,0x5B,0x58,0xC2,0x97,0x6F},
    },
    {
        UINT32_C(12710),
        UINT64_C(0x2082E8C5241B8676),
        UINT32_C(340),
        UINT32_C(128),
        {0xB0,0xA8,0x55,0x7C,0x1B,0x55,0xC3,0xD5,0xFF,0x46,0xB9,0x38,0x34,0x71,0x1D,0xB4,0xCB,0xA7,0x70,0xD9,0xED,0xF8,0xBE,0xAF,0x25,0x73,0xBA,0x53,0xAD,0x7F,0x07,0x9E},
        {0x01,0x46,0xCD,0x88,0xCE,0x44,0xAE,0xBA,0xFF,0x91,0x36,0x79,0x89,0x1F,0x45,0x78,0x1E,0xAB,0x95,0xE5,0x99,0x4E,0x48,0x6C,0x58,0x34,0xC7,0x11,0x93,0x70,0x96,0x81},
    },
    {
        UINT32_C(12728),
        UINT64_C(0xADB9B61C00704742),
        UINT32_C(340),
        UINT32_C(128),
        {0x75,0x3E,0x79,0x82,0xEF,0xDD,0x30,0x94,0x64,0xF0,0x4A,0xB9,0xF1,0x27,0x5D,0x6A,0x65,0xD2,0xBA,0xC8,0x84,0x71,0x43,0xA4,0x9C,0xD4,0xB8,0x89,0xB7,0x35,0xE7,0x00},
        {0xCF,0x9E,0x2A,0x13,0xA2,0xF6,0x43,0x80,0x59,0x4B,0x80,0x68,0x9E,0x51,0x9E,0x0D,0xF1,0x40,0x6D,0xAC,0xA1,0xB1,0x00,0x1A,0x3B,0x04,0xA3,0x1B,0x18,0x1E,0xAC,0x87},
    },
    {
        UINT32_C(12784),
        UINT64_C(0xD8F249E35D1DB02F),
        UINT32_C(340),
        UINT32_C(128),
        {0xB9,0x58,0x40,0x85,0x3C,0x8B,0x29,0x26,0xC1,0x4E,0x91,0x99,0xB2,0xBD,0x9E,0x7A,0xD5,0xA0,0xAD,0x45,0x7A,0x1C,0xCB,0xE8,0x5A,0xD1,0xEF,0x01,0x2E,0xC8,0x4F,0xD9},
        {0xBE,0x56,0xE0,0x36,0x27,0xBA,0x71,0xCF,0x3E,0xCC,0x57,0xB7,0x90,0x82,0xEF,0x98,0x69,0x64,0x06,0x2F,0x86,0xA4,0x2C,0xCA,0x82,0x41,0x54,0xF1,0x45,0xFA,0x4E,0x92},
    },
    {
        UINT32_C(12824),
        UINT64_C(0x96AABF037530FAEC),
        UINT32_C(340),
        UINT32_C(128),
        {0x3C,0x6A,0xF3,0xD6,0x2E,0x7F,0xB6,0xFF,0x36,0x2F,0x43,0x8E,0x51,0x73,0xC1,0x6B,0x1F,0x50,0x3C,0xE4,0x66,0xEF,0x05,0xE7,0x7C,0x51,0xFE,0x2E,0xE6,0x7A,0xFF,0xE7},
        {0xA9,0x23,0x67,0xD4,0x94,0x3C,0x64,0xF0,0x3A,0x4E,0x1C,0xC0,0xE0,0x77,0x53,0x45,0x77,0x7F,0x75,0xC4,0x2C,0x31,0xE0,0xE8,0xFB,0xB9,0x86,0x5C,0x4F,0xC4,0x76,0x6C},
    },
    {
        UINT32_C(13068),
        UINT64_C(0x8D2C69EEEF3FF37C),
        UINT32_C(1280),
        UINT32_C(80),
        {0x8C,0xD3,0x37,0x6A,0x64,0xF1,0xE1,0x17,0x38,0xE1,0xC9,0x9A,0x69,0x13,0x52,0x1B,0xDC,0x52,0x24,0x96,0x08,0x82,0x4B,0x55,0xCD,0x82,0x87,0x9D,0xEF,0x11,0x35,0x8B},
        {0x89,0x9F,0xE1,0xFB,0x43,0xBC,0x59,0x4A,0xAD,0x12,0x93,0x7E,0x62,0x03,0xF9,0x25,0x80,0x90,0x44,0x1B,0x8F,0x30,0x7F,0xD7,0xC5,0xD1,0xC5,0xEC,0x5D,0x5A,0x49,0xC8},
    },
    {
        UINT32_C(13074),
        UINT64_C(0xA81C1456F1A3B619),
        UINT32_C(543),
        UINT32_C(60),
        {0x9D,0xB9,0x1D,0x2C,0xDC,0x50,0x57,0x13,0x88,0x28,0xA9,0x19,0xC9,0xF0,0xCC,0x92,0x0A,0xBB,0x24,0xA7,0xA1,0xC3,0xA5,0xAE,0xCB,0x66,0x33,0x49,0x70,0xD8,0x4F,0x05},
        {0x36,0xEB,0xAC,0xEF,0x1F,0xBE,0x2C,0xE3,0x56,0x4A,0x01,0xB4,0xEA,0x38,0xEB,0x17,0x63,0x81,0x7A,0x8C,0xCB,0xD6,0xC2,0xA2,0x21,0x3F,0x44,0xB1,0x54,0x5D,0x43,0xFF},
    },
    {
        UINT32_C(13168),
        UINT64_C(0x5E93C2A1524627E0),
        UINT32_C(1280),
        UINT32_C(80),
        {0x9C,0x5E,0xC2,0x61,0xF8,0x6A,0x07,0x1D,0x61,0xA5,0xED,0xFB,0x4F,0x80,0x94,0xA8,0xD4,0xB3,0x47,0xE3,0xD0,0x52,0xD7,0x5F,0x6E,0x76,0x77,0x4F,0x18,0x49,0x91,0x11},
        {0x80,0x21,0x2B,0xF9,0xAC,0x0E,0x4C,0x37,0x49,0x3A,0x62,0xA7,0x43,0x28,0x16,0x9A,0xD0,0x15,0x46,0xCE,0xE0,0xF7,0xA0,0x3E,0x38,0x4D,0x77,0x13,0x6D,0x74,0x95,0xFC},
    },
    {
        UINT32_C(13170),
        UINT64_C(0x2A9076A3CFCE77BD),
        UINT32_C(1280),
        UINT32_C(80),
        {0xAB,0xC1,0xFB,0x69,0x26,0xD4,0xE9,0x88,0xD2,0x77,0x7F,0x9C,0x6E,0x78,0x9C,0xF7,0x73,0x3B,0x89,0x34,0xA4,0xF3,0x0D,0xBD,0xC6,0xAA,0xF3,0x78,0x4B,0xB4,0xC5,0x78},
        {0x06,0x05,0xAD,0x4B,0xBA,0x10,0xA6,0x7F,0x8A,0xA9,0x82,0x9E,0x64,0xD5,0xC0,0xCA,0xA3,0x7E,0x79,0x26,0x96,0x21,0x4E,0x1C,0x51,0x06,0xA9,0xAD,0x65,0x20,0xD9,0x47},
    },
    {
        UINT32_C(13180),
        UINT64_C(0x51E37412CB407628),
        UINT32_C(340),
        UINT32_C(128),
        {0x2F,0x8E,0x15,0x68,0xF3,0x0D,0x0D,0xDA,0xDA,0x57,0x5E,0xA7,0xDC,0xB2,0x17,0x1E,0xB6,0x35,0xF4,0x5B,0xEA,0x5E,0x52,0x88,0x35,0xAD,0x0F,0x12,0x37,0x18,0x20,0xC9},
        {0x27,0xD4,0x21,0xAF,0x47,0x4F,0x43,0x09,0xB9,0xD5,0xB8,0x06,0x8E,0xAF,0x33,0x5A,0x7D,0x77,0x34,0x62,0x81,0x3D,0x89,0xE9,0xF5,0x50,0x2A,0x00,0xAF,0xD2,0x00,0x6C},
    },
    {
        UINT32_C(13190),
        UINT64_C(0xC2CC8D3D91016C65),
        UINT32_C(753),
        UINT32_C(51),
        {0x40,0xBA,0x11,0xC5,0x21,0x0B,0xFB,0x3F,0x23,0xA9,0x39,0x1E,0x27,0x80,0xFD,0x8B,0xDC,0x53,0x7D,0xF7,0x84,0xB4,0xB0,0x03,0x50,0x65,0xCB,0x1D,0xD5,0xBE,0x8B,0x71},
        {0xE9,0x73,0xB2,0x90,0x66,0x65,0xCD,0xB8,0xA3,0x88,0x19,0xE2,0x27,0x80,0xE0,0x80,0x1C,0xFD,0x4D,0x8C,0x0F,0x30,0xB5,0x77,0x34,0xD1,0x63,0x99,0x5B,0xC0,0x97,0x7F},
    },
    {
        UINT32_C(13214),
        UINT64_C(0x42862352CE83086D),
        UINT32_C(1280),
        UINT32_C(80),
        {0xA7,0xF4,0xA4,0x5D,0x60,0x5E,0x36,0x05,0xB9,0x92,0x1F,0x06,0xA8,0x69,0x52,0x7B,0x3C,0xF0,0x05,0xB8,0xAF,0x8A,0x18,0x6F,0xF1,0xD3,0x48,0xB3,0x6C,0x6E,0x17,0x0E},
        {0x69,0xA3,0x57,0x5D,0xB5,0x5E,0x5F,0xE7,0xD4,0xD6,0x4F,0xC8,0x77,0x01,0x75,0x65,0xBE,0xB5,0x26,0x11,0x64,0x2C,0x5C,0x2A,0x08,0xDB,0x46,0x63,0xFE,0x02,0xE5,0x34},
    },
    {
        UINT32_C(13226),
        UINT64_C(0x8A11B7DBB2E43064),
        UINT32_C(1280),
        UINT32_C(80),
        {0xE3,0xA9,0xDA,0x8A,0xB1,0x6E,0x45,0x7B,0x3E,0x89,0xBD,0x86,0xFD,0x2F,0x54,0xDF,0x7F,0xB0,0x76,0x87,0x51,0x7A,0x81,0x8A,0xF8,0x95,0x66,0xC8,0x04,0xD2,0xF6,0xEA},
        {0x14,0x94,0x04,0x1A,0x85,0x1E,0x5B,0xE7,0xD3,0x50,0x2A,0x0E,0xE3,0x10,0x01,0xDB,0x56,0x29,0x60,0x92,0x59,0x62,0xC8,0xAB,0xD7,0xBA,0x78,0xDF,0x21,0xD4,0x24,0xDF},
    },
    {
        UINT32_C(13240),
        UINT64_C(0xCCAB6EE710AD594F),
        UINT32_C(1280),
        UINT32_C(80),
        {0x2A,0xC9,0x42,0x86,0x71,0x90,0xD5,0x50,0x56,0xFC,0x49,0xCC,0x1B,0x7A,0xD8,0x9E,0xD9,0x7E,0x1E,0x78,0x56,0x6D,0x1C,0xFA,0x4A,0x11,0x26,0x37,0xD5,0x8A,0x1E,0xD3},
        {0x39,0x8A,0xB7,0x28,0x7D,0x0C,0xFD,0x03,0x2E,0x83,0xCE,0x15,0xF9,0x55,0x7C,0xB4,0x2E,0x60,0x12,0x34,0x53,0x4A,0x82,0x65,0x9C,0x6B,0xA2,0x50,0x79,0xAE,0x27,0x26},
    },
    {
        UINT32_C(13264),
        UINT64_C(0x5A74E4CC6AF7B6F1),
        UINT32_C(1024),
        UINT32_C(600),
        {0xCC,0x89,0xAA,0x09,0x28,0xE5,0x79,0x07,0x5F,0xD8,0xD4,0xAE,0xF4,0x94,0xCD,0x20,0x48,0xA5,0x5D,0x0F,0xC4,0xB4,0x58,0x13,0x5F,0x2F,0x9E,0xE3,0x0A,0x10,0xF1,0x25},
        {0x9A,0xA3,0xC6,0x45,0x07,0x7C,0x49,0x9D,0x57,0x0E,0x2B,0x2E,0x16,0xB3,0xF3,0x30,0xB5,0x63,0xCE,0x1D,0x1D,0xEF,0x29,0x4A,0xF9,0x50,0x8A,0xA0,0xE5,0x39,0xAB,0x91},
    },
    {
        UINT32_C(13368),
        UINT64_C(0x925EB532134194F0),
        UINT32_C(340),
        UINT32_C(128),
        {0x51,0x77,0x3C,0x55,0x34,0xBC,0xD0,0x1D,0x86,0xC3,0x1B,0x7C,0x50,0x74,0xE7,0x7C,0x2F,0x7A,0x54,0xAC,0x68,0x7E,0x05,0x50,0x7A,0x48,0x9F,0x2E,0xF2,0x55,0xDD,0x73},
        {0xAD,0xE7,0x66,0x64,0x04,0x1A,0x09,0xB0,0xE5,0x98,0x7F,0xD9,0x7A,0x05,0x75,0x52,0x83,0xAB,0x26,0xB7,0x9A,0x67,0x0E,0xB1,0xB8,0x79,0xE0,0x50,0x7C,0xBC,0x92,0x40},
    },
    {
        UINT32_C(13422),
        UINT64_C(0x94E145DF65727725),
        UINT32_C(340),
        UINT32_C(128),
        {0x7E,0xD8,0xA3,0x2C,0x61,0x5F,0x07,0x16,0x4B,0xDF,0x78,0x4F,0xDF,0x47,0x43,0xB9,0x04,0x27,0x83,0x6C,0x07,0xAF,0xF0,0x9F,0x4A,0x3B,0x1F,0x34,0xC1,0x7C,0x06,0xC1},
        {0x5A,0x50,0xF5,0x8C,0xE3,0xA6,0x0F,0xCF,0x75,0xA3,0x93,0x20,0xD9,0x4D,0xF6,0x01,0xD3,0x0B,0x4B,0x2D,0xBF,0xE8,0xA8,0xAD,0xFC,0x26,0x34,0x30,0xC7,0x70,0xB2,0xAE},
    },
    {
        UINT32_C(13538),
        UINT64_C(0x5E19F329B6B1C252),
        UINT32_C(340),
        UINT32_C(128),
        {0xB7,0x73,0xE5,0xA1,0x7E,0x2F,0x1C,0x4F,0x86,0x2B,0x62,0x8D,0x88,0x64,0xE6,0x92,0xC3,0xB9,0x16,0xEF,0xCB,0x0D,0x08,0x0F,0xCD,0x59,0x72,0x81,0x50,0xD2,0x50,0x33},
        {0x6C,0x0E,0x6D,0x80,0x23,0x0C,0x61,0xD1,0x15,0xA9,0x00,0xF0,0x4D,0xDE,0xC5,0x02,0xBA,0xCF,0xDC,0xBE,0xB2,0x29,0xDE,0x58,0x44,0x6E,0xA1,0xAD,0xAE,0xD1,0x2D,0xA9},
    },
    {
        UINT32_C(13562),
        UINT64_C(0x44E34F1B57A8364B),
        UINT32_C(1024),
        UINT32_C(600),
        {0xC6,0x44,0x60,0xD0,0x74,0xDA,0x1C,0xE6,0x1A,0x6D,0x2B,0xCD,0xE7,0x6A,0x05,0x7D,0xC0,0x78,0xFD,0x2D,0xAE,0x84,0xB3,0x0B,0xC7,0xC4,0xF5,0x9B,0x4C,0x99,0x84,0x5D},
        {0xDD,0xBA,0xC5,0x45,0xB5,0xEC,0x78,0x01,0x9F,0x9A,0x34,0x9B,0x52,0x4E,0x33,0x92,0xCB,0x5D,0x4B,0x03,0x38,0x73,0x1F,0xAE,0xE0,0x30,0x47,0x06,0x5B,0xFC,0xDE,0xB4},
    },
    {
        UINT32_C(13602),
        UINT64_C(0x3EBF58BE98BE69AA),
        UINT32_C(408),
        UINT32_C(38),
        {0x6B,0x38,0x48,0xEE,0xA8,0x87,0xAC,0xFB,0xBD,0xD0,0xDC,0x8F,0xCB,0x32,0x12,0xBB,0x20,0x2B,0xCD,0xF4,0x30,0xFA,0x0E,0x4B,0x73,0xA0,0xD9,0xFF,0x18,0x71,0x87,0xAA},
        {0x9E,0x8C,0x34,0xC4,0xC3,0x8C,0x5D,0xFC,0x17,0x94,0x60,0x5C,0x26,0xB1,0xD5,0x1E,0x56,0x6A,0x49,0x0E,0x60,0x0E,0x10,0x18,0xCD,0x08,0xA9,0x11,0xBC,0xCA,0xC4,0x1F},
    },
    {
        UINT32_C(13678),
        UINT64_C(0x6651954C7D20C683),
        UINT32_C(1280),
        UINT32_C(80),
        {0xCF,0x03,0x12,0x69,0xF0,0xD2,0x2D,0xC4,0x4A,0xF6,0x5F,0x5C,0xE0,0x8C,0x0A,0x36,0x92,0x9F,0x3A,0xE4,0x4A,0x40,0xF6,0x5B,0x45,0x1A,0xEB,0x06,0x83,0xA4,0xB5,0x71},
        {0x89,0x9F,0xE1,0xFB,0x43,0xBC,0x59,0x4A,0xAD,0x12,0x93,0x7E,0x62,0x03,0xF9,0x25,0x80,0x90,0x44,0x1B,0x8F,0x30,0x7F,0xD7,0xC5,0xD1,0xC5,0xEC,0x5D,0x5A,0x49,0xC8},
    },
    {
        UINT32_C(13750),
        UINT64_C(0x3AB25DC7CD4F24D5),
        UINT32_C(1024),
        UINT32_C(600),
        {0xF4,0x3C,0xC0,0x20,0xF5,0x43,0x54,0x00,0x37,0xEB,0x5F,0x90,0xFF,0x52,0x1B,0x15,0xF3,0x99,0xAB,0x92,0x49,0xEE,0xEC,0xE6,0x07,0x4B,0xE9,0x40,0x13,0x4B,0xB7,0x99},
        {0x5A,0x5B,0x06,0xB2,0xD5,0x1A,0xFA,0x80,0x71,0xBE,0x92,0xAF,0xE1,0xF7,0x84,0x19,0x25,0x96,0x8B,0x5A,0xC5,0xE7,0xEC,0x28,0xB8,0xBD,0x1B,0xA8,0xEA,0xBC,0x59,0x18},
    },
    {
        UINT32_C(13774),
        UINT64_C(0x2CF34C494E954D8E),
        UINT32_C(1280),
        UINT32_C(80),
        {0x40,0x8D,0x7E,0x2C,0x10,0xB3,0x8B,0xE7,0x57,0x2E,0x1E,0x62,0x9F,0x03,0x3E,0xC2,0x8D,0xC4,0xCE,0x4E,0x47,0x41,0x02,0xD7,0xA4,0xF1,0xA4,0x74,0x09,0x6E,0xA8,0xD4},
        {0x80,0x21,0x2B,0xF9,0xAC,0x0E,0x4C,0x37,0x49,0x3A,0x62,0xA7,0x43,0x28,0x16,0x9A,0xD0,0x15,0x46,0xCE,0xE0,0xF7,0xA0,0x3E,0x38,0x4D,0x77,0x13,0x6D,0x74,0x95,0xFC},
    },
    {
        UINT32_C(13786),
        UINT64_C(0xB432042A472F9489),
        UINT32_C(1280),
        UINT32_C(80),
        {0x82,0x49,0x55,0x0D,0x66,0x89,0x01,0x99,0xAD,0x8C,0x19,0xD0,0xF4,0x6A,0x94,0x67,0xD0,0x19,0xB2,0xF9,0x6F,0x23,0xCD,0xF9,0x93,0x12,0xE8,0xE9,0xEA,0xA7,0xD1,0xCA},
        {0x06,0x05,0xAD,0x4B,0xBA,0x10,0xA6,0x7F,0x8A,0xA9,0x82,0x9E,0x64,0xD5,0xC0,0xCA,0xA3,0x7E,0x79,0x26,0x96,0x21,0x4E,0x1C,0x51,0x06,0xA9,0xAD,0x65,0x20,0xD9,0x47},
    },
    {
        UINT32_C(13794),
        UINT64_C(0x6F554DA8806BFA30),
        UINT32_C(1280),
        UINT32_C(80),
        {0x9D,0x2E,0xF2,0xCA,0xAA,0xD0,0xBD,0x3D,0xB5,0xAB,0x42,0x40,0xE1,0xEF,0x09,0x27,0xB1,0x62,0x0B,0x2A,0x8A,0x79,0xA7,0xF8,0x0E,0x63,0xF1,0x88,0x18,0xFA,0x57,0xD7},
        {0xD9,0x25,0x9F,0x59,0x4A,0x9B,0x0E,0x4E,0xAD,0x96,0x88,0xEF,0x73,0xE9,0xEC,0x81,0x34,0xDA,0xD5,0x86,0xF2,0x09,0xFE,0x24,0x69,0xE8,0x02,0x86,0xAA,0xB3,0x16,0x3E},
    },
    {
        UINT32_C(13818),
        UINT64_C(0x49E7ECD148784774),
        UINT32_C(1280),
        UINT32_C(80),
        {0x0C,0xB1,0x6B,0x5B,0xC2,0x23,0x5F,0xFD,0xD2,0x88,0x39,0x94,0x47,0xB0,0x8F,0x63,0x6C,0x3D,0x38,0x4B,0x3B,0xA1,0xA5,0x0C,0xD3,0xA1,0x4F,0x66,0x31,0x16,0x71,0x9A},
        {0x69,0xA3,0x57,0x5D,0xB5,0x5E,0x5F,0xE7,0xD4,0xD6,0x4F,0xC8,0x77,0x01,0x75,0x65,0xBE,0xB5,0x26,0x11,0x64,0x2C,0x5C,0x2A,0x08,0xDB,0x46,0x63,0xFE,0x02,0xE5,0x34},
    },
    {
        UINT32_C(13830),
        UINT64_C(0xB0A373FECEF01974),
        UINT32_C(1280),
        UINT32_C(80),
        {0x05,0x59,0x83,0x96,0x5B,0xE4,0x9F,0xC8,0xA9,0x18,0x69,0x51,0x9B,0x36,0x7C,0xA6,0xC8,0xCE,0x5D,0x68,0x45,0xCA,0x8F,0xC1,0xF0,0x5E,0xE4,0x42,0x8B,0x6F,0xE2,0x28},
        {0x14,0x94,0x04,0x1A,0x85,0x1E,0x5B,0xE7,0xD3,0x50,0x2A,0x0E,0xE3,0x10,0x01,0xDB,0x56,0x29,0x60,0x92,0x59,0x62,0xC8,0xAB,0xD7,0xBA,0x78,0xDF,0x21,0xD4,0x24,0xDF},
    },
    {
        UINT32_C(13852),
        UINT64_C(0x991C00A8E202F34F),
        UINT32_C(1280),
        UINT32_C(80),
        {0xEE,0xFC,0x35,0x13,0xE1,0x56,0x48,0xD5,0x69,0xCB,0x04,0x90,0xF7,0xAC,0x56,0x24,0xCE,0x84,0x33,0x14,0x62,0x8E,0x80,0x18,0x25,0xAF,0xD9,0xBD,0xE7,0x1D,0xA4,0x6C},
        {0x39,0x8A,0xB7,0x28,0x7D,0x0C,0xFD,0x03,0x2E,0x83,0xCE,0x15,0xF9,0x55,0x7C,0xB4,0x2E,0x60,0x12,0x34,0x53,0x4A,0x82,0x65,0x9C,0x6B,0xA2,0x50,0x79,0xAE,0x27,0x26},
    },
    {
        UINT32_C(13898),
        UINT64_C(0x4381CDCEDEA917A4),
        UINT32_C(1024),
        UINT32_C(600),
        {0xB8,0x3E,0x3D,0xD9,0x7D,0x71,0x0A,0xDC,0xE5,0xB8,0x81,0x45,0x2E,0x99,0x86,0x46,0x8E,0x9C,0xB4,0xC0,0x40,0x88,0x8A,0x03,0xC0,0x83,0x52,0xDB,0x17,0x69,0x13,0x4A},
        {0x79,0x3C,0x0E,0xCA,0x48,0xF7,0xFB,0x5D,0x76,0xCC,0x8E,0x71,0xE1,0x16,0x77,0x76,0x28,0x9F,0x63,0xD7,0x8A,0xA0,0x56,0x7F,0x87,0xCE,0x76,0x80,0x4C,0xC9,0xF4,0x19},
    },
    {
        UINT32_C(13930),
        UINT64_C(0x656FA1EC998821A8),
        UINT32_C(340),
        UINT32_C(128),
        {0xA6,0xDB,0x57,0x71,0x62,0x19,0xFA,0x30,0x0C,0xFF,0x06,0x38,0xF6,0x0C,0x6B,0x4E,0xD5,0x77,0x5E,0x1E,0x99,0xD2,0x29,0xF1,0x8C,0xBE,0xD6,0xC5,0xBD,0xDE,0x56,0x9B},
        {0x96,0xAE,0x27,0x4A,0xF3,0xD1,0xF3,0x88,0x5A,0x6D,0x7A,0x74,0xEC,0x2E,0x50,0x5A,0x8D,0x43,0xB5,0x4C,0x92,0x2D,0xEA,0x03,0xAE,0xB4,0xF2,0x1E,0xC6,0x2E,0x12,0xB5},
    },
    {
        UINT32_C(14012),
        UINT64_C(0x87453037A8D64EDC),
        UINT32_C(340),
        UINT32_C(128),
        {0xD3,0x93,0x4C,0xAD,0xB2,0xFB,0x27,0x89,0xFF,0x61,0x9C,0x26,0x23,0x78,0xA1,0x70,0x3B,0xE7,0x56,0x47,0xC7,0xFC,0x4B,0xCC,0x0B,0x13,0x0F,0x32,0x54,0x0B,0x76,0x4C},
        {0xD1,0xC4,0x3E,0x2C,0x2D,0xB7,0x9C,0x98,0x40,0x4F,0x86,0xC2,0xD1,0xBC,0x4D,0xBA,0x73,0x32,0x33,0x33,0x12,0xDB,0xC3,0x3A,0x14,0xC5,0x19,0x24,0x34,0xFB,0x65,0x60},
    },
    {
        UINT32_C(14036),
        UINT64_C(0xA5FDD167562BE7F0),
        UINT32_C(1024),
        UINT32_C(600),
        {0x9E,0x3A,0xAB,0x28,0x42,0x2B,0x9A,0xFD,0xDF,0x4F,0xF4,0xEB,0x62,0x89,0x53,0x0B,0x98,0x26,0xB3,0x5D,0xA1,0x40,0x81,0xAD,0xDE,0x74,0x08,0xB5,0x32,0xF0,0x48,0x47},
        {0xE0,0xDB,0x31,0xB6,0xD5,0x90,0xFB,0x7D,0xBE,0xFF,0xF3,0xF0,0x69,0x39,0x50,0x63,0x00,0x12,0x90,0x87,0x74,0xE1,0x1C,0x5C,0x36,0x86,0x14,0x17,0x0D,0x8E,0xFC,0x9C},
    },
    {
        UINT32_C(14124),
        UINT64_C(0xDD02855E857593F6),
        UINT32_C(1280),
        UINT32_C(80),
        {0xCF,0x03,0x12,0x69,0xF0,0xD2,0x2D,0xC4,0x4A,0xF6,0x5F,0x5C,0xE0,0x8C,0x0A,0x36,0x92,0x9F,0x3A,0xE4,0x4A,0x40,0xF6,0x5B,0x45,0x1A,0xEB,0x06,0x83,0xA4,0xB5,0x71},
        {0x89,0x9F,0xE1,0xFB,0x43,0xBC,0x59,0x4A,0xAD,0x12,0x93,0x7E,0x62,0x03,0xF9,0x25,0x80,0x90,0x44,0x1B,0x8F,0x30,0x7F,0xD7,0xC5,0xD1,0xC5,0xEC,0x5D,0x5A,0x49,0xC8},
    },
    {
        UINT32_C(14166),
        UINT64_C(0x9BF725B15BBD4207),
        UINT32_C(340),
        UINT32_C(128),
        {0x5C,0xE3,0x2C,0xE9,0x04,0xF0,0x38,0x70,0x23,0x2B,0x8C,0xE6,0x62,0x6D,0x31,0xF7,0x9C,0x7C,0x0C,0xAE,0xF6,0xC9,0xF2,0xA7,0xBB,0x5F,0xBA,0x9D,0x66,0x2E,0x91,0xF0},
        {0x8B,0x39,0x21,0x39,0x0D,0x04,0xC1,0x59,0xC0,0xE5,0xAD,0x51,0x9A,0x0F,0xA7,0x3E,0x55,0x7C,0x3F,0x94,0x11,0x6D,0x2B,0x76,0x81,0xCA,0x08,0xE0,0x9F,0xDE,0xD8,0xAE},
    },
    {
        UINT32_C(14168),
        UINT64_C(0x9F147AC7DA0FB921),
        UINT32_C(1024),
        UINT32_C(600),
        {0x22,0x23,0x49,0x8D,0x52,0xA8,0x6E,0xC5,0x51,0x73,0xCC,0x2C,0xAE,0x7F,0x70,0xCB,0xF4,0xFD,0xEB,0xC2,0x1D,0x80,0x57,0xCF,0x53,0xC7,0xAA,0x21,0xC4,0x5A,0xAD,0x0B},
        {0xBB,0x9C,0xC5,0xE0,0xF4,0x7F,0x82,0x34,0xF1,0x12,0x09,0x41,0x5B,0xDA,0xA6,0xCB,0x19,0x06,0xA7,0x00,0xD5,0x6E,0xE8,0xE1,0xE0,0x0F,0x23,0xA7,0x85,0x37,0x4A,0x7C},
    },
    {
        UINT32_C(14170),
        UINT64_C(0xF47336EA42625F77),
        UINT32_C(1024),
        UINT32_C(600),
        {0x3A,0x51,0x7E,0x03,0xFC,0x44,0x98,0x34,0x7B,0x1D,0xBD,0x6B,0xBE,0xF4,0x23,0x8C,0xE5,0x5E,0x15,0x85,0xE5,0x82,0x5E,0x4F,0x06,0xFA,0xDA,0x79,0x96,0xC8,0xCC,0x0F},
        {0xDD,0xFD,0x8D,0x7C,0x37,0x1C,0xCB,0x73,0x91,0xA3,0x3C,0xBE,0x82,0x33,0x56,0x8E,0x19,0x19,0xA8,0xE4,0x8A,0x4B,0xDA,0x82,0x8E,0x1E,0x2A,0x69,0x83,0x72,0x16,0x97},
    },
    {
        UINT32_C(14186),
        UINT64_C(0x526C0A3FDFB120D8),
        UINT32_C(340),
        UINT32_C(128),
        {0x48,0xF1,0x77,0x63,0x3D,0xB7,0x68,0x53,0xDC,0x5B,0xC7,0x0E,0xB7,0x58,0xFC,0x9C,0x8C,0xBA,0xB1,0x61,0x56,0x35,0x86,0xE9,0x1C,0x0A,0xBB,0x65,0x32,0x03,0x7B,0x0A},
        {0xAF,0xC2,0xE6,0x2C,0x59,0xD7,0x8F,0xEE,0x41,0x4D,0xAB,0xB2,0x63,0x84,0x80,0x1E,0x6B,0x05,0x42,0x4F,0x37,0x74,0x45,0x9B,0xBA,0x6B,0x3B,0x95,0xD4,0xCE,0x98,0xC5},
    },
    {
        UINT32_C(14248),
        UINT64_C(0x844A3B43F6859C26),
        UINT32_C(1024),
        UINT32_C(600),
        {0x2C,0xEC,0x48,0x22,0x50,0x43,0x3D,0x69,0x18,0xBE,0xB2,0xC6,0xA3,0xB4,0xB8,0xB9,0x8C,0x79,0x57,0x8D,0x66,0xDB,0xC2,0x39,0xE8,0xD3,0xBD,0x7F,0x04,0xD0,0x3F,0x1C},
        {0x5C,0xB7,0x9D,0x76,0x94,0x22,0x31,0x2F,0x09,0x92,0xAC,0x4C,0x48,0x10,0x3F,0x81,0xAD,0x00,0xD8,0x15,0xA3,0x3B,0xE8,0x31,0xD2,0x7B,0x85,0x5A,0x0F,0x9F,0xAE,0xDE},
    },
    {
        UINT32_C(14250),
        UINT64_C(0x489E069ED11A054F),
        UINT32_C(1280),
        UINT32_C(80),
        {0x40,0x8D,0x7E,0x2C,0x10,0xB3,0x8B,0xE7,0x57,0x2E,0x1E,0x62,0x9F,0x03,0x3E,0xC2,0x8D,0xC4,0xCE,0x4E,0x47,0x41,0x02,0xD7,0xA4,0xF1,0xA4,0x74,0x09,0x6E,0xA8,0xD4},
        {0x80,0x21,0x2B,0xF9,0xAC,0x0E,0x4C,0x37,0x49,0x3A,0x62,0xA7,0x43,0x28,0x16,0x9A,0xD0,0x15,0x46,0xCE,0xE0,0xF7,0xA0,0x3E,0x38,0x4D,0x77,0x13,0x6D,0x74,0x95,0xFC},
    },
    {
        UINT32_C(14268),
        UINT64_C(0x56872EEFE2576849),
        UINT32_C(340),
        UINT32_C(128),
        {0x1E,0x20,0x4E,0xC0,0x99,0x1D,0xA8,0x5E,0x04,0x63,0xA1,0xCE,0xB5,0x49,0x22,0xDC,0x0F,0xFF,0xD1,0x80,0x4E,0x16,0x74,0xB7,0x08,0x54,0x77,0x31,0x8D,0x92,0xC3,0x41},
        {0x6D,0x1E,0xDE,0x9A,0x60,0x81,0xDC,0xB3,0xD4,0xB3,0xC1,0x58,0xA4,0x0B,0xEB,0x3F,0x8B,0x0E,0x5A,0xDB,0x9B,0xA7,0xC9,0x63,0x31,0x20,0x96,0x65,0xF2,0xD8,0xFD,0xF3},
    },
    {
        UINT32_C(14272),
        UINT64_C(0xA40EEA00DC42ECBF),
        UINT32_C(340),
        UINT32_C(128),
        {0x72,0xC5,0x1E,0x40,0x69,0x28,0x2D,0xE9,0x16,0xCA,0x18,0xF5,0xCC,0x88,0x21,0xF7,0x16,0x58,0x57,0xFF,0x79,0x0F,0x93,0x3E,0x0B,0x84,0x0C,0x02,0x8D,0x5F,0x05,0x42},
        {0x72,0x23,0x50,0x0E,0x28,0x73,0x4A,0x34,0xDD,0x00,0xC7,0x1B,0xC0,0x87,0x03,0xD9,0x5B,0x34,0xD3,0x5E,0x60,0x0E,0x98,0x51,0x0B,0x28,0x09,0x80,0x57,0x2C,0xC4,0xC9},
    },
    {
        UINT32_C(14276),
        UINT64_C(0x9A1A4DDCF3C88720),
        UINT32_C(1280),
        UINT32_C(80),
        {0x82,0x49,0x55,0x0D,0x66,0x89,0x01,0x99,0xAD,0x8C,0x19,0xD0,0xF4,0x6A,0x94,0x67,0xD0,0x19,0xB2,0xF9,0x6F,0x23,0xCD,0xF9,0x93,0x12,0xE8,0xE9,0xEA,0xA7,0xD1,0xCA},
        {0x06,0x05,0xAD,0x4B,0xBA,0x10,0xA6,0x7F,0x8A,0xA9,0x82,0x9E,0x64,0xD5,0xC0,0xCA,0xA3,0x7E,0x79,0x26,0x96,0x21,0x4E,0x1C,0x51,0x06,0xA9,0xAD,0x65,0x20,0xD9,0x47},
    },
    {
        UINT32_C(14296),
        UINT64_C(0xEDD25044D6F4A464),
        UINT32_C(302),
        UINT32_C(72),
        {0xD2,0xF7,0x73,0x8F,0xBF,0x9F,0xC0,0x19,0xB1,0x73,0x90,0xE9,0xB7,0x32,0x5E,0x6E,0x49,0xDD,0x2F,0xFD,0xA1,0x1A,0xB3,0x18,0x63,0xF4,0xAC,0x6D,0xA8,0xA4,0xA6,0x5F},
        {0x67,0x8D,0x7E,0xD3,0x61,0xBB,0xA7,0x4B,0x21,0x22,0xAD,0x0F,0x10,0x2C,0xE9,0x1E,0x47,0x30,0xEF,0x8E,0xE8,0xD2,0x86,0xBF,0x69,0x2E,0x2A,0xDD,0x6B,0xBC,0x69,0x0E},
    },
    {
        UINT32_C(14300),
        UINT64_C(0x678CB7BFFD53D013),
        UINT32_C(1280),
        UINT32_C(80),
        {0x0C,0xB1,0x6B,0x5B,0xC2,0x23,0x5F,0xFD,0xD2,0x88,0x39,0x94,0x47,0xB0,0x8F,0x63,0x6C,0x3D,0x38,0x4B,0x3B,0xA1,0xA5,0x0C,0xD3,0xA1,0x4F,0x66,0x31,0x16,0x71,0x9A},
        {0x69,0xA3,0x57,0x5D,0xB5,0x5E,0x5F,0xE7,0xD4,0xD6,0x4F,0xC8,0x77,0x01,0x75,0x65,0xBE,0xB5,0x26,0x11,0x64,0x2C,0x5C,0x2A,0x08,0xDB,0x46,0x63,0xFE,0x02,0xE5,0x34},
    },
    {
        UINT32_C(14308),
        UINT64_C(0x542CF9CD49461BED),
        UINT32_C(1280),
        UINT32_C(80),
        {0x05,0x59,0x83,0x96,0x5B,0xE4,0x9F,0xC8,0xA9,0x18,0x69,0x51,0x9B,0x36,0x7C,0xA6,0xC8,0xCE,0x5D,0x68,0x45,0xCA,0x8F,0xC1,0xF0,0x5E,0xE4,0x42,0x8B,0x6F,0xE2,0x28},
        {0x14,0x94,0x04,0x1A,0x85,0x1E,0x5B,0xE7,0xD3,0x50,0x2A,0x0E,0xE3,0x10,0x01,0xDB,0x56,0x29,0x60,0x92,0x59,0x62,0xC8,0xAB,0xD7,0xBA,0x78,0xDF,0x21,0xD4,0x24,0xDF},
    },
    {
        UINT32_C(14328),
        UINT64_C(0x1D68142C6388BDB0),
        UINT32_C(1280),
        UINT32_C(80),
        {0xEE,0xFC,0x35,0x13,0xE1,0x56,0x48,0xD5,0x69,0xCB,0x04,0x90,0xF7,0xAC,0x56,0x24,0xCE,0x84,0x33,0x14,0x62,0x8E,0x80,0x18,0x25,0xAF,0xD9,0xBD,0xE7,0x1D,0xA4,0x6C},
        {0x39,0x8A,0xB7,0x28,0x7D,0x0C,0xFD,0x03,0x2E,0x83,0xCE,0x15,0xF9,0x55,0x7C,0xB4,0x2E,0x60,0x12,0x34,0x53,0x4A,0x82,0x65,0x9C,0x6B,0xA2,0x50,0x79,0xAE,0x27,0x26},
    },
    {
        UINT32_C(14376),
        UINT64_C(0xE4D43026F17142CB),
        UINT32_C(1024),
        UINT32_C(600),
        {0x5F,0x5A,0x60,0xD9,0xB8,0xB0,0x82,0x4F,0x20,0xB0,0x51,0xB6,0x9F,0xEE,0x81,0x2E,0x65,0x88,0x56,0xB1,0x96,0xC8,0x50,0x69,0x2F,0x0D,0x15,0x96,0x94,0xBC,0xBE,0xA4},
        {0x3C,0x27,0xF9,0x3E,0x0B,0xF6,0x22,0xFC,0x00,0xBA,0x33,0x24,0xC4,0x6B,0x25,0xD6,0x36,0x72,0xDE,0xF6,0x6D,0xF6,0xEC,0xCA,0x6B,0xAC,0xD3,0x7A,0x16,0x13,0x1A,0x4F},
    },
    {
        UINT32_C(14564),
        UINT64_C(0x74659B668263A4EC),
        UINT32_C(1280),
        UINT32_C(80),
        {0x8D,0xE3,0x8B,0x48,0x00,0x04,0xA2,0xBA,0x40,0x49,0xDB,0x35,0x5B,0x7E,0x9A,0x63,0x46,0x62,0xA7,0x7F,0x48,0x2C,0x4A,0xE7,0x51,0xC3,0x9C,0x7A,0x87,0x9B,0xA1,0xAB},
        {0xD9,0x25,0x9F,0x59,0x4A,0x9B,0x0E,0x4E,0xAD,0x96,0x88,0xEF,0x73,0xE9,0xEC,0x81,0x34,0xDA,0xD5,0x86,0xF2,0x09,0xFE,0x24,0x69,0xE8,0x02,0x86,0xAA,0xB3,0x16,0x3E},
    },
    {
        UINT32_C(14586),
        UINT64_C(0x4B62487101AD5D75),
        UINT32_C(1024),
        UINT32_C(600),
        {0x13,0xE1,0x20,0x01,0xBA,0xC0,0x0C,0x82,0x3D,0x2C,0xF2,0xCB,0xFF,0x87,0x11,0x09,0x60,0x38,0x7B,0x79,0x81,0xCA,0xE2,0xFC,0x1E,0xD2,0x96,0x45,0x64,0x40,0xEE,0xDF},
        {0xFD,0x63,0xF6,0xF2,0xEE,0xF3,0xA4,0x8E,0xE9,0xA5,0xC7,0xBA,0x04,0xE0,0xFE,0x15,0x94,0xC6,0x08,0xD6,0x5D,0x03,0x93,0x1D,0x7F,0x4F,0x05,0xFC,0xBA,0xAC,0x91,0x23},
    },
    {
        UINT32_C(14680),
        UINT64_C(0x5BC4DB99781C5216),
        UINT32_C(1024),
        UINT32_C(600),
        {0xE7,0x18,0x38,0x8B,0x31,0x1A,0xFE,0xB6,0x57,0xFD,0x5B,0x87,0x0A,0xA6,0x50,0xFC,0xCB,0x93,0x4A,0xAB,0xFC,0x35,0x14,0x37,0xE4,0x7A,0x39,0x08,0x77,0x9D,0x9D,0xB3},
        {0x6D,0xD1,0x08,0x7D,0x83,0x81,0x08,0x8D,0x0C,0xE1,0xB1,0xC0,0xFC,0x28,0x93,0xFC,0xAC,0x3B,0x7F,0xE6,0x59,0x5A,0xAD,0x58,0xB0,0x8F,0x90,0x94,0x9B,0x5C,0x9E,0x67},
    },
    {
        UINT32_C(14698),
        UINT64_C(0x72EA40953CADD276),
        UINT32_C(340),
        UINT32_C(128),
        {0x7F,0x1F,0xA7,0xB2,0xD9,0x5C,0x1D,0xD8,0x55,0x3E,0xC3,0x93,0x98,0x44,0xF6,0xD4,0xAF,0x7C,0x2C,0x2B,0x03,0x89,0x60,0xC3,0x50,0x2F,0x88,0xF2,0x3F,0x67,0x1F,0xAF},
        {0x7C,0x90,0xF8,0xB7,0x10,0xDA,0x99,0xFA,0xEB,0x42,0x1B,0xD1,0x37,0x98,0x19,0x70,0x9F,0x16,0x2E,0x09,0xE4,0xF2,0xAA,0x58,0xF6,0x26,0x58,0x86,0x36,0xC3,0x33,0x51},
    },
    {
        UINT32_C(14860),
        UINT64_C(0xDB7D1A65B9FA70EC),
        UINT32_C(1024),
        UINT32_C(600),
        {0x7F,0x79,0x28,0x83,0x35,0xA4,0xEE,0x4C,0xFD,0x89,0x80,0xE8,0xE8,0x66,0xF5,0xF1,0xC8,0x2F,0x8D,0x9A,0x93,0x3F,0x15,0x6F,0x52,0xE4,0xBE,0x3D,0x8C,0xFD,0x17,0x92},
        {0x3C,0xEB,0x95,0x2D,0x2B,0xF0,0x6C,0x43,0xA6,0x29,0xF5,0x6D,0xE4,0x5D,0x95,0x08,0x64,0xB6,0xFF,0x60,0x69,0x38,0x8D,0x99,0xB7,0x1D,0xEF,0x8A,0xF7,0x4E,0xFF,0xA5},
    },
    {
        UINT32_C(14918),
        UINT64_C(0x70F86F1B8D973617),
        UINT32_C(340),
        UINT32_C(128),
        {0x5F,0x4D,0xC6,0xDC,0x92,0x83,0xA2,0x7C,0x3D,0xF6,0x7D,0xB5,0xF1,0x04,0x75,0x32,0x69,0x36,0xB2,0xAB,0xD8,0xFA,0xE8,0x20,0x0D,0xE6,0xE1,0xD1,0xBF,0x8F,0x95,0xDA},
        {0x53,0x6A,0x4D,0xC3,0xF0,0xB2,0x58,0x4B,0xF3,0xF7,0x3E,0x5E,0x99,0xDC,0x95,0x69,0x87,0x43,0xA4,0x25,0x3F,0x09,0xFD,0x0B,0xE4,0x94,0xB7,0x9B,0xB1,0x80,0x7A,0x2B},
    },
    {
        UINT32_C(15034),
        UINT64_C(0x6BA1C2CEE19E85C9),
        UINT32_C(340),
        UINT32_C(128),
        {0x80,0xFB,0xD1,0x3E,0x37,0xE8,0xBF,0xEE,0xF4,0x3F,0x44,0x46,0x7D,0x3F,0x1A,0xFF,0x90,0xB0,0x5D,0x58,0x5A,0xBB,0x78,0x80,0xEB,0xDD,0x2B,0x56,0xBE,0xAF,0x74,0x75},
        {0xD3,0x5C,0xD6,0x65,0xE4,0x3C,0x1A,0xDD,0x9C,0xB4,0xD6,0x2C,0x0F,0xF3,0xE8,0x26,0xCD,0xB5,0x79,0xD0,0x94,0x31,0xCB,0x82,0x73,0xCF,0x83,0x4C,0x82,0xD7,0x37,0x81},
    },
    {
        UINT32_C(15042),
        UINT64_C(0x28473873CAF87562),
        UINT32_C(340),
        UINT32_C(128),
        {0xE3,0x66,0x9E,0xD2,0xD7,0xF5,0x74,0x07,0x6F,0x1E,0x82,0xA8,0x91,0xFD,0x33,0x7B,0x49,0xD1,0x3A,0x00,0x0C,0x05,0x7A,0x1B,0x8D,0xDC,0x5C,0xCA,0x4E,0x1B,0x48,0xF3},
        {0xC4,0x98,0xEC,0x45,0x83,0xC4,0xAF,0x59,0x57,0xD2,0xA0,0xCC,0xBF,0xFC,0x89,0x96,0x3E,0x1F,0x2B,0x5F,0x92,0x1A,0xE2,0xEB,0x8C,0xF3,0x28,0x36,0xD3,0xC9,0x66,0xDC},
    },
    {
        UINT32_C(15044),
        UINT64_C(0x2794EB9E10A8EF60),
        UINT32_C(1024),
        UINT32_C(600),
        {0x24,0xE4,0xE3,0xF5,0x65,0x8C,0x80,0x6C,0xE2,0x97,0x9B,0x20,0x38,0x9C,0xA1,0xD3,0x06,0xB0,0x12,0x37,0x9E,0xC6,0x18,0xFD,0x04,0xC2,0x58,0x23,0x1F,0x11,0x0E,0x06},
        {0x29,0x86,0x77,0xCC,0xAA,0x54,0xDB,0x6A,0xC7,0x14,0x9D,0x05,0x9C,0x54,0x8D,0x7A,0x93,0xA1,0x2E,0xAD,0x38,0x54,0xF5,0x40,0xEF,0x01,0x2D,0x3F,0xD8,0xD8,0xBC,0xA9},
    },
    {
        UINT32_C(15126),
        UINT64_C(0x91A431ADDBC1FA81),
        UINT32_C(1280),
        UINT32_C(80),
        {0x8D,0xE3,0x8B,0x48,0x00,0x04,0xA2,0xBA,0x40,0x49,0xDB,0x35,0x5B,0x7E,0x9A,0x63,0x46,0x62,0xA7,0x7F,0x48,0x2C,0x4A,0xE7,0x51,0xC3,0x9C,0x7A,0x87,0x9B,0xA1,0xAB},
        {0xD9,0x25,0x9F,0x59,0x4A,0x9B,0x0E,0x4E,0xAD,0x96,0x88,0xEF,0x73,0xE9,0xEC,0x81,0x34,0xDA,0xD5,0x86,0xF2,0x09,0xFE,0x24,0x69,0xE8,0x02,0x86,0xAA,0xB3,0x16,0x3E},
    },
    {
        UINT32_C(15154),
        UINT64_C(0xFE2ADCD9803352D0),
        UINT32_C(1280),
        UINT32_C(28),
        {0x25,0x30,0xC1,0xE9,0x19,0x24,0x11,0xAA,0x20,0xED,0x8A,0x92,0x9F,0x9D,0x48,0x26,0xE4,0xEE,0x50,0xAB,0xF9,0x41,0x3D,0x56,0x82,0x4E,0x48,0x81,0x69,0xA4,0x82,0xD8},
        {0xCF,0x96,0x1E,0xB7,0x84,0x68,0xCB,0x7A,0x75,0xF0,0x3E,0x6E,0xCB,0x63,0xE0,0x30,0xEC,0x34,0x71,0x04,0xA0,0x4A,0x8A,0x03,0xC2,0x8E,0xC4,0x03,0xAC,0x23,0xA5,0x77},
    },
    {
        UINT32_C(15166),
        UINT64_C(0x385E6C97EFC5FE32),
        UINT32_C(1280),
        UINT32_C(80),
        {0x6A,0x16,0x6B,0x35,0x21,0x88,0xB8,0x54,0xAD,0xFF,0x59,0x23,0x2C,0x9F,0xDB,0x53,0xA9,0xA2,0x64,0xCD,0x99,0xD7,0x6E,0xB0,0x25,0x33,0x53,0xB9,0xF1,0xD9,0x8C,0x3F},
        {0x73,0x10,0xD4,0x9D,0x07,0x34,0xEE,0x0B,0x34,0xD0,0xCB,0x29,0x69,0x0B,0x6C,0x75,0x5E,0x6C,0xD5,0x42,0x37,0x56,0x07,0xAD,0x1C,0x7E,0x01,0x30,0x91,0xE6,0x7F,0x92},
    },
    {
        UINT32_C(15222),
        UINT64_C(0xCD25D783FC8D2F68),
        UINT32_C(1280),
        UINT32_C(80),
        {0xA9,0xA2,0x4B,0x9B,0x73,0x75,0xAF,0x72,0xC8,0xB3,0xD2,0xA7,0xD7,0xB1,0x4C,0xAB,0x3C,0x89,0x3E,0x10,0xEF,0x7C,0xEC,0xB0,0x36,0x36,0x02,0xB1,0xBF,0x7F,0x02,0xB0},
        {0x12,0x0F,0xDD,0x53,0xC9,0x61,0xD7,0x1A,0x07,0x7B,0xFF,0x16,0x48,0x2B,0xE3,0xCF,0x47,0x3B,0x3F,0x4C,0x5C,0x96,0xBC,0x12,0x13,0x6D,0x20,0xAA,0x70,0xC6,0xAB,0xD4},
    },
    {
        UINT32_C(15274),
        UINT64_C(0xD38E8D98AA49A1A3),
        UINT32_C(1280),
        UINT32_C(80),
        {0xBC,0x0E,0xFC,0x05,0x17,0x79,0x84,0xE5,0xD9,0x15,0x9C,0xEB,0x94,0x98,0xF3,0x49,0x79,0x25,0xAF,0xF8,0x97,0x4A,0x83,0x8E,0x26,0xF0,0x0C,0x12,0xF8,0xF5,0x71,0x24},
        {0xD5,0x94,0x82,0xE5,0xEC,0x06,0x2B,0xC4,0xDB,0xEC,0x32,0x78,0xDE,0xE9,0x06,0x04,0x1F,0xD2,0xC9,0xA2,0xFB,0xD5,0x4C,0x66,0xD5,0x4B,0x51,0x5F,0xBD,0x3A,0xE9,0x71},
    },
    {
        UINT32_C(15292),
        UINT64_C(0x1D5B72F6E2A0278D),
        UINT32_C(1280),
        UINT32_C(80),
        {0xD6,0x3B,0x7F,0x48,0xF1,0x68,0x2E,0x7A,0x3E,0x47,0x50,0x0B,0xAD,0xB9,0xBB,0xF6,0xF8,0x98,0x5F,0x2E,0x5A,0x7F,0x28,0x97,0xD0,0x47,0x2E,0x7B,0xB8,0x5A,0x8F,0x46},
        {0x51,0x36,0xD8,0xBF,0xA2,0x44,0x47,0xC9,0x95,0xE1,0x84,0xB6,0xC2,0x2E,0xCB,0xF9,0xB4,0x5D,0x9C,0x51,0x12,0xD6,0x2C,0xC1,0x81,0x38,0x32,0xA0,0xC4,0x7A,0xD5,0x3A},
    },
    {
        UINT32_C(15312),
        UINT64_C(0x8F83F31B46F810AC),
        UINT32_C(1280),
        UINT32_C(80),
        {0x50,0xE3,0xEC,0x5C,0xDE,0x67,0x26,0xDA,0xE7,0x7B,0x29,0xEB,0x84,0x33,0x11,0xB3,0x59,0x29,0x66,0x13,0x4C,0xDE,0x34,0x3C,0xDB,0xB3,0x8C,0x1A,0xF7,0x92,0xA0,0xF1},
        {0x09,0x19,0x32,0x81,0xFB,0x1D,0x59,0x03,0x45,0x43,0xD3,0xC9,0x07,0xF4,0x0B,0x95,0x64,0x3A,0xA0,0x6D,0x13,0x42,0xD2,0x0B,0xAE,0x15,0xE8,0x06,0xBC,0x58,0x06,0x53},
    },
    {
        UINT32_C(15318),
        UINT64_C(0x56928235C3A1B6FE),
        UINT32_C(1280),
        UINT32_C(80),
        {0xEB,0x5A,0x37,0x62,0x16,0x04,0x65,0x77,0x8D,0x99,0x53,0xA5,0xB7,0xF6,0x23,0x95,0x26,0x42,0x98,0xC7,0x83,0x7E,0x2F,0x43,0x46,0x54,0x87,0x5A,0x88,0x21,0x9A,0x56},
        {0x37,0x69,0x7E,0x4E,0xB8,0x8C,0xE9,0xCC,0x66,0x4B,0xBD,0x79,0x88,0x19,0x70,0x3A,0x2B,0x23,0x6B,0x87,0x81,0xEA,0xF6,0xC7,0x2A,0x95,0x41,0xA7,0x48,0x34,0x59,0x30},
    },
    {
        UINT32_C(15320),
        UINT64_C(0x2D53F5C8B20561C5),
        UINT32_C(1280),
        UINT32_C(80),
        {0xC7,0x5C,0xE5,0xCE,0x87,0x47,0x15,0x3F,0x3A,0x7A,0xBD,0x4F,0xCD,0xF3,0x23,0xA3,0x7F,0x09,0x36,0xF9,0x31,0x73,0xB9,0xAC,0x2A,0xD0,0x61,0x31,0x1B,0x8D,0x65,0x0C},
        {0x77,0x40,0x68,0xEE,0xF9,0xA7,0x93,0x36,0xA8,0xB3,0xF9,0x0A,0x4B,0x91,0xDA,0xCD,0x63,0x90,0xB2,0x9F,0xF2,0x49,0xF9,0xBF,0x43,0xCF,0x20,0xA2,0xBE,0x98,0x46,0x9E},
    },
    {
        UINT32_C(15328),
        UINT64_C(0x53AB467DF55FBAB1),
        UINT32_C(1280),
        UINT32_C(80),
        {0xD9,0x4C,0x53,0x29,0xAF,0x9E,0xE4,0x80,0x5E,0xF8,0xC8,0x8C,0xF8,0x7D,0xEA,0x3A,0xFE,0x81,0x0A,0xB5,0x39,0x86,0xD0,0xAF,0x12,0x81,0x75,0xDF,0x6B,0x32,0x03,0x6E},
        {0x01,0xC1,0x46,0x53,0x2C,0x0E,0x6A,0x33,0xBF,0x87,0x5B,0xDF,0x9A,0xE3,0x1B,0x28,0xE3,0xE6,0x3F,0xF0,0x6E,0x7C,0x13,0x6D,0x71,0xED,0x2C,0xC2,0x9B,0x99,0x1B,0xE6},
    },
    {
        UINT32_C(15334),
        UINT64_C(0xDD8EB041AD46DEB6),
        UINT32_C(1280),
        UINT32_C(80),
        {0x4E,0xC2,0x1E,0xC7,0x95,0x6E,0x9C,0xAA,0x95,0x2C,0x9F,0xA1,0xC6,0xE5,0x7E,0xB3,0x8B,0x47,0x9C,0x56,0x36,0x7B,0xD3,0x96,0xB4,0xEA,0x73,0x66,0x8B,0x70,0x7A,0xF0},
        {0x92,0x7F,0x3F,0xFC,0x38,0xA7,0x17,0x1C,0x32,0x65,0xC7,0x6E,0xEC,0x4C,0xD5,0x0F,0xEE,0x71,0x35,0xAF,0x5D,0x1C,0x94,0x86,0xC0,0xA3,0x89,0xCC,0x42,0xCB,0x06,0xF9},
    },
    {
        UINT32_C(15340),
        UINT64_C(0x9B3803755B0A7F01),
        UINT32_C(1280),
        UINT32_C(80),
        {0xC8,0x6F,0xBB,0xA2,0xA6,0x07,0xAA,0x46,0xEC,0x67,0x30,0x81,0x8D,0x53,0x40,0x60,0x57,0xAF,0x23,0xAF,0x59,0x9C,0x34,0x78,0x35,0x3B,0x6C,0x06,0x72,0x4D,0xEB,0x53},
        {0x78,0x5C,0x9D,0xFD,0x93,0xC5,0x68,0x36,0x7D,0x18,0x71,0xC8,0x53,0x30,0xC3,0x26,0x18,0x30,0x75,0x75,0xD3,0xA7,0x67,0xB8,0x04,0x84,0xB8,0x0A,0x32,0xC6,0xE4,0x82},
    },
    {
        UINT32_C(15340),
        UINT64_C(0xA0241FDF680677DD),
        UINT32_C(1280),
        UINT32_C(80),
        {0xA7,0x62,0xB8,0x6E,0xCA,0x2B,0x72,0xC9,0x0C,0xEA,0x2D,0x49,0x72,0xE0,0x97,0x42,0x23,0xAA,0x78,0x85,0x5B,0x98,0x70,0xF2,0xE5,0x00,0xB2,0xB3,0x4D,0xF7,0x42,0xE6},
        {0xB2,0x8F,0x7B,0x45,0x6A,0xFB,0xB9,0x36,0x4F,0x60,0x06,0x9E,0x0F,0x4B,0x28,0x67,0x31,0x8A,0x18,0xCD,0xFB,0x5F,0x4C,0xF1,0x5B,0x92,0x50,0xB5,0x0C,0x47,0x90,0xB6},
    },
    {
        UINT32_C(15346),
        UINT64_C(0xEFD06549CD54D147),
        UINT32_C(1280),
        UINT32_C(80),
        {0xE0,0x65,0xDE,0x86,0x3E,0xFA,0xDE,0x58,0x90,0x7B,0xC2,0xC5,0x04,0x83,0x43,0x29,0x0B,0x72,0x65,0x06,0x8F,0xD7,0x67,0x10,0x39,0xC1,0x4E,0x06,0x92,0x2F,0xC8,0xBD},
        {0xA0,0x89,0x82,0x4B,0x18,0xC2,0xCC,0x1D,0x1C,0x08,0xFC,0x34,0x51,0xA7,0x68,0xA3,0x2B,0x3E,0x3B,0x12,0xED,0x2B,0x5C,0x20,0xD0,0x26,0xDB,0xD0,0xB6,0x7B,0xAC,0xC3},
    },
    {
        UINT32_C(15348),
        UINT64_C(0xE35A47C55E098609),
        UINT32_C(1280),
        UINT32_C(80),
        {0x63,0x20,0x1E,0x1A,0x30,0xB1,0x05,0x07,0x05,0x9F,0xF6,0x27,0xEA,0x00,0xEE,0x56,0x8C,0x31,0xA5,0x41,0x35,0x23,0x4A,0xD6,0x49,0x9D,0xFA,0xF1,0x5A,0x59,0xBA,0xBE},
        {0x51,0x86,0x09,0x2E,0x96,0x00,0x3B,0x6B,0x8F,0x2F,0x08,0xF7,0xBB,0xD0,0x1C,0x12,0x95,0xC8,0xC7,0xC3,0x56,0xD2,0x61,0xB3,0x74,0x2F,0xEF,0x0C,0x7E,0xBA,0x74,0x47},
    },
    {
        UINT32_C(15352),
        UINT64_C(0x1471C49FFE351AC7),
        UINT32_C(1280),
        UINT32_C(80),
        {0x3C,0xDE,0x6A,0x58,0x69,0x9B,0xD1,0x36,0x2D,0x9A,0x34,0xA1,0x84,0x0C,0xBA,0xBE,0x6B,0xFF,0xA2,0x18,0xCA,0x30,0xB9,0x28,0x45,0x0F,0xF8,0x2C,0x2C,0x38,0xBC,0x41},
        {0xC2,0x71,0x71,0xCF,0xFC,0xF9,0x05,0xE2,0xE7,0x1F,0xC8,0x5F,0x7B,0xF2,0x0C,0xE1,0x2B,0xAD,0x3D,0xC9,0x6D,0x04,0xC5,0x4B,0xB8,0xAC,0xD3,0xDA,0x3E,0x3C,0x5E,0x7F},
    },
    {
        UINT32_C(15356),
        UINT64_C(0x12F3ADECA0291358),
        UINT32_C(1024),
        UINT32_C(600),
        {0xF2,0x5E,0x74,0x37,0xF9,0xCB,0x0B,0x4F,0x81,0x51,0x2A,0xED,0x96,0x1E,0x37,0x82,0xA0,0x1F,0x1A,0xFC,0x7A,0xA3,0x5E,0x3E,0x82,0xD5,0x56,0xEE,0xC6,0xB2,0x15,0x7B},
        {0x9F,0x59,0x68,0x1B,0x74,0xAC,0x2C,0x55,0xA5,0x30,0x55,0x1A,0xBC,0x7E,0xAA,0xB0,0x8B,0x3B,0x36,0x54,0x16,0x1F,0x49,0xDA,0x23,0x5C,0x89,0x06,0xDD,0xA0,0x60,0x30},
    },
    {
        UINT32_C(15366),
        UINT64_C(0x6AF8E744F75B8DC2),
        UINT32_C(1280),
        UINT32_C(80),
        {0x92,0x7D,0x3F,0xF8,0x80,0xE5,0x96,0xFA,0x87,0x4F,0x03,0x1D,0xCC,0x03,0x1F,0x0C,0x66,0xDF,0x8F,0x05,0xFA,0xB9,0x81,0x9D,0x39,0x11,0xD2,0xDF,0x33,0x10,0xB0,0x57},
        {0x4A,0xD8,0x46,0x8B,0xC1,0xF3,0xFF,0xAD,0x84,0xF4,0xAC,0xAA,0x45,0x88,0x8E,0x18,0x7E,0x83,0x97,0x77,0xBD,0xD7,0x3C,0xE3,0x6F,0x03,0x0E,0x0B,0xA5,0x6A,0x4C,0x82},
    },
    {
        UINT32_C(15368),
        UINT64_C(0xC670499E023DD64E),
        UINT32_C(1280),
        UINT32_C(80),
        {0xC8,0x70,0xA9,0x4D,0xE8,0xBD,0xC6,0x4E,0xF7,0x54,0xE0,0x28,0xCF,0xC4,0xFB,0x2C,0x7F,0x26,0xE6,0xD4,0x1A,0x75,0x21,0xC7,0x2D,0xEC,0x80,0x31,0x4D,0x07,0x61,0x1E},
        {0xE9,0xB6,0x85,0xD6,0x82,0xC5,0xC3,0xCD,0x83,0xA5,0xE1,0xBF,0x2E,0x8D,0xDC,0x43,0xBE,0x51,0x0E,0xC0,0x82,0x06,0xE9,0xD6,0xFD,0x5A,0x76,0xD0,0xC4,0x01,0xE3,0x45},
    },
    {
        UINT32_C(15392),
        UINT64_C(0x2EE4F569A4B6FF1A),
        UINT32_C(1280),
        UINT32_C(80),
        {0x04,0xB4,0xDE,0xC5,0x6D,0x71,0x50,0xA2,0x93,0xBC,0xC6,0xDE,0xB1,0xEC,0x12,0x35,0x3F,0x84,0x7C,0x55,0x53,0x14,0xD6,0x78,0xD8,0xD1,0xA4,0xA1,0x37,0x18,0x74,0xFC},
        {0xC2,0x60,0x7A,0x57,0x72,0x0D,0x83,0x84,0xD0,0x74,0xD1,0x00,0x77,0x52,0xF9,0x6A,0xD1,0x3F,0xA8,0xF9,0x31,0x72,0xBC,0x1B,0x09,0x0C,0xF4,0x58,0xEF,0xB1,0x99,0xFB},
    },
    {
        UINT32_C(15396),
        UINT64_C(0x2AD2559F28CF0F22),
        UINT32_C(1280),
        UINT32_C(80),
        {0x4E,0x38,0xF5,0x3E,0x35,0x40,0x1E,0x24,0xA8,0xD3,0x25,0x8D,0x13,0x50,0xA9,0x59,0x58,0xA3,0xBA,0xA8,0x67,0x80,0x96,0x27,0x6A,0xEB,0x81,0xDD,0x45,0xAE,0x98,0xB1},
        {0x6A,0x70,0x30,0x85,0xD5,0x71,0xF5,0xC4,0x67,0x77,0x26,0xDA,0xBA,0x04,0x52,0x08,0x21,0x22,0x8F,0x80,0xAF,0x8D,0x89,0x6C,0x1B,0x36,0xAF,0x9C,0x9F,0x94,0xBB,0xFD},
    },
    {
        UINT32_C(15424),
        UINT64_C(0x99988E599F979F05),
        UINT32_C(1280),
        UINT32_C(80),
        {0xED,0xEC,0xCD,0x8E,0xA1,0xB1,0x9E,0x4F,0xFB,0x84,0x9B,0x63,0x75,0xC5,0xFE,0x97,0x83,0x3D,0x80,0x9A,0x9B,0xA0,0x6A,0xD1,0xF2,0x54,0x9B,0x36,0xE7,0xAC,0xBB,0xEC},
        {0x06,0x94,0x17,0x15,0x70,0x95,0xD5,0x6C,0x7D,0x6E,0x1D,0x78,0xD4,0x05,0xBA,0x89,0xDF,0x92,0x6E,0x20,0x38,0xBD,0x1D,0x41,0x27,0x67,0x6C,0x2C,0x74,0x28,0x0F,0xF7},
    },
    {
        UINT32_C(15426),
        UINT64_C(0x686396ED72ADF994),
        UINT32_C(1280),
        UINT32_C(80),
        {0x6A,0x16,0x6B,0x35,0x21,0x88,0xB8,0x54,0xAD,0xFF,0x59,0x23,0x2C,0x9F,0xDB,0x53,0xA9,0xA2,0x64,0xCD,0x99,0xD7,0x6E,0xB0,0x25,0x33,0x53,0xB9,0xF1,0xD9,0x8C,0x3F},
        {0x73,0x10,0xD4,0x9D,0x07,0x34,0xEE,0x0B,0x34,0xD0,0xCB,0x29,0x69,0x0B,0x6C,0x75,0x5E,0x6C,0xD5,0x42,0x37,0x56,0x07,0xAD,0x1C,0x7E,0x01,0x30,0x91,0xE6,0x7F,0x92},
    },
    {
        UINT32_C(15438),
        UINT64_C(0xEFC71FB8D6A48B80),
        UINT32_C(340),
        UINT32_C(128),
        {0x61,0xD0,0x56,0xE3,0xF3,0xDF,0xE3,0x89,0xFA,0x77,0xBB,0xCB,0x87,0x85,0xAD,0xB6,0x9E,0x53,0x44,0xF3,0x0A,0xEC,0x29,0x7A,0xDA,0xCB,0x98,0xED,0x49,0xF3,0x63,0x36},
        {0x5A,0xDC,0x33,0xD2,0xF2,0x6C,0xDB,0x7E,0x95,0xFF,0xCF,0xF1,0xC5,0xFC,0x79,0x64,0x78,0xC9,0xC9,0x8A,0x81,0x95,0x28,0x42,0xA9,0x1E,0x10,0x6D,0xD2,0x5A,0xCC,0x63},
    },
    {
        UINT32_C(15440),
        UINT64_C(0x3C5943D3F87C278C),
        UINT32_C(1280),
        UINT32_C(80),
        {0xA9,0xA2,0x4B,0x9B,0x73,0x75,0xAF,0x72,0xC8,0xB3,0xD2,0xA7,0xD7,0xB1,0x4C,0xAB,0x3C,0x89,0x3E,0x10,0xEF,0x7C,0xEC,0xB0,0x36,0x36,0x02,0xB1,0xBF,0x7F,0x02,0xB0},
        {0x12,0x0F,0xDD,0x53,0xC9,0x61,0xD7,0x1A,0x07,0x7B,0xFF,0x16,0x48,0x2B,0xE3,0xCF,0x47,0x3B,0x3F,0x4C,0x5C,0x96,0xBC,0x12,0x13,0x6D,0x20,0xAA,0x70,0xC6,0xAB,0xD4},
    },
    {
        UINT32_C(15442),
        UINT64_C(0x7518397A2BF24A99),
        UINT32_C(1280),
        UINT32_C(80),
        {0xC2,0x21,0x7C,0x00,0x8A,0x1C,0x0F,0x5F,0x52,0x29,0x7A,0xFE,0x62,0xFD,0x0D,0x95,0x46,0xEB,0x8F,0x39,0x66,0x25,0x47,0x71,0x65,0xC5,0x06,0xB1,0xA0,0xB0,0x9D,0xB5},
        {0x0A,0x0F,0xFF,0x95,0x35,0xE3,0xFE,0x7E,0x4E,0xB1,0xD5,0xCE,0xC9,0x03,0x19,0x7E,0x85,0x44,0x1C,0x0C,0x97,0xB5,0xB4,0x7C,0x05,0x62,0xE0,0xF2,0x02,0x3B,0x96,0x48},
    },
    {
        UINT32_C(15454),
        UINT64_C(0x53F3BB8079F2B823),
        UINT32_C(1280),
        UINT32_C(80),
        {0x35,0xDC,0x9E,0xEA,0x67,0x1E,0x2E,0xE7,0x16,0x4C,0xCC,0x76,0xEA,0x27,0x88,0xB8,0xD7,0x0E,0x13,0x02,0xE9,0x5A,0x2D,0xCC,0xB6,0xE5,0xF2,0x28,0xD9,0xC2,0xEA,0x07},
        {0x79,0x9D,0x46,0x7E,0x16,0x7E,0x05,0xD6,0xCB,0x92,0xF8,0x6F,0x22,0xF0,0xD4,0x2C,0x36,0x22,0x26,0xBF,0x76,0xD5,0x61,0x93,0xAE,0x99,0x83,0x93,0x26,0x5E,0x42,0xAC},
    },
    {
        UINT32_C(15468),
        UINT64_C(0x1EF25C33BC73D3B6),
        UINT32_C(1280),
        UINT32_C(80),
        {0xB0,0xD1,0xC5,0xDE,0xD2,0x9D,0x8F,0xBE,0x08,0xD5,0x5A,0xCC,0x62,0x9A,0xD8,0x7C,0xC3,0x07,0x98,0x91,0x6D,0x57,0x6F,0xE6,0xE2,0x71,0xB4,0x7D,0xC1,0xC8,0x4A,0xFE},
        {0x5A,0xD0,0xCF,0x88,0xDE,0xE5,0x05,0xAA,0x06,0x35,0x60,0xE4,0xC9,0xA2,0x67,0x22,0x9A,0xF3,0x82,0x6D,0xEF,0x6A,0x08,0xAC,0x76,0x33,0xC4,0xB4,0x5A,0x52,0xA5,0xEA},
    },
    {
        UINT32_C(15488),
        UINT64_C(0x0956DF73C7091A78),
        UINT32_C(1280),
        UINT32_C(80),
        {0xBC,0x0E,0xFC,0x05,0x17,0x79,0x84,0xE5,0xD9,0x15,0x9C,0xEB,0x94,0x98,0xF3,0x49,0x79,0x25,0xAF,0xF8,0x97,0x4A,0x83,0x8E,0x26,0xF0,0x0C,0x12,0xF8,0xF5,0x71,0x24},
        {0xD5,0x94,0x82,0xE5,0xEC,0x06,0x2B,0xC4,0xDB,0xEC,0x32,0x78,0xDE,0xE9,0x06,0x04,0x1F,0xD2,0xC9,0xA2,0xFB,0xD5,0x4C,0x66,0xD5,0x4B,0x51,0x5F,0xBD,0x3A,0xE9,0x71},
    },
    {
        UINT32_C(15502),
        UINT64_C(0xE9FEDF53FCD4D065),
        UINT32_C(1280),
        UINT32_C(80),
        {0xBF,0x77,0xC0,0x78,0x24,0xC6,0xB5,0x3E,0xA0,0x73,0xC8,0x26,0x4D,0x4A,0xF6,0x13,0x8D,0x34,0x1F,0xB8,0x81,0xA0,0x37,0x79,0xEA,0x0E,0x6F,0x7B,0x73,0xB6,0xCF,0xDD},
        {0xFB,0xED,0xB8,0xC2,0x2F,0xC0,0x55,0x9C,0xB6,0xD2,0xF8,0xD4,0xA6,0xA0,0xB8,0xBA,0xB7,0x4A,0xE7,0xCC,0x91,0x84,0x2E,0xDB,0x4D,0x09,0xD0,0x79,0x3F,0xF8,0xE2,0x47},
    },
    {
        UINT32_C(15506),
        UINT64_C(0x6417260B81C9598F),
        UINT32_C(1280),
        UINT32_C(80),
        {0xD6,0x3B,0x7F,0x48,0xF1,0x68,0x2E,0x7A,0x3E,0x47,0x50,0x0B,0xAD,0xB9,0xBB,0xF6,0xF8,0x98,0x5F,0x2E,0x5A,0x7F,0x28,0x97,0xD0,0x47,0x2E,0x7B,0xB8,0x5A,0x8F,0x46},
        {0x51,0x36,0xD8,0xBF,0xA2,0x44,0x47,0xC9,0x95,0xE1,0x84,0xB6,0xC2,0x2E,0xCB,0xF9,0xB4,0x5D,0x9C,0x51,0x12,0xD6,0x2C,0xC1,0x81,0x38,0x32,0xA0,0xC4,0x7A,0xD5,0x3A},
    },
    {
        UINT32_C(15516),
        UINT64_C(0xD57FEDDCE8974C66),
        UINT32_C(1024),
        UINT32_C(600),
        {0xAF,0x82,0xD4,0xB5,0x0A,0xC7,0x75,0x4E,0xFE,0x45,0xE8,0xB9,0x13,0x8C,0x47,0x34,0x9E,0x0B,0x47,0x5B,0xD6,0x1E,0x7A,0x5F,0x45,0x82,0xE3,0xC5,0x2F,0x68,0x17,0xC6},
        {0x9C,0x93,0xF4,0x56,0x16,0xD1,0xA9,0x3E,0xA6,0xB7,0xCA,0xCE,0xD1,0x94,0x48,0x04,0x34,0x7D,0xFA,0x08,0x7F,0xAA,0x65,0x19,0xF4,0x5A,0x3F,0xFE,0xBF,0xAE,0xCB,0xF9},
    },
    {
        UINT32_C(15524),
        UINT64_C(0x9C0E2E4C4722BBE8),
        UINT32_C(1280),
        UINT32_C(80),
        {0x50,0xE3,0xEC,0x5C,0xDE,0x67,0x26,0xDA,0xE7,0x7B,0x29,0xEB,0x84,0x33,0x11,0xB3,0x59,0x29,0x66,0x13,0x4C,0xDE,0x34,0x3C,0xDB,0xB3,0x8C,0x1A,0xF7,0x92,0xA0,0xF1},
        {0x09,0x19,0x32,0x81,0xFB,0x1D,0x59,0x03,0x45,0x43,0xD3,0xC9,0x07,0xF4,0x0B,0x95,0x64,0x3A,0xA0,0x6D,0x13,0x42,0xD2,0x0B,0xAE,0x15,0xE8,0x06,0xBC,0x58,0x06,0x53},
    },
    {
        UINT32_C(15526),
        UINT64_C(0xBA4215751AC64CBF),
        UINT32_C(1280),
        UINT32_C(80),
        {0xEB,0x5A,0x37,0x62,0x16,0x04,0x65,0x77,0x8D,0x99,0x53,0xA5,0xB7,0xF6,0x23,0x95,0x26,0x42,0x98,0xC7,0x83,0x7E,0x2F,0x43,0x46,0x54,0x87,0x5A,0x88,0x21,0x9A,0x56},
        {0x37,0x69,0x7E,0x4E,0xB8,0x8C,0xE9,0xCC,0x66,0x4B,0xBD,0x79,0x88,0x19,0x70,0x3A,0x2B,0x23,0x6B,0x87,0x81,0xEA,0xF6,0xC7,0x2A,0x95,0x41,0xA7,0x48,0x34,0x59,0x30},
    },
    {
        UINT32_C(15530),
        UINT64_C(0x8D9604503655CC56),
        UINT32_C(1280),
        UINT32_C(80),
        {0x14,0xBA,0x64,0x11,0x3E,0xFB,0x55,0xA8,0xEB,0x38,0x47,0x2B,0xCB,0xD4,0x8A,0x59,0x9E,0xA2,0xF5,0xBA,0xAC,0xC1,0x2E,0xAC,0x7E,0x48,0xB0,0xF4,0x67,0x70,0xD0,0x12},
        {0xC8,0x95,0x1C,0x19,0x96,0xB1,0xB7,0x15,0x74,0xFD,0x5B,0x2D,0x1E,0x77,0xD6,0x9F,0xFE,0xEF,0x9A,0x94,0xB0,0x83,0xF9,0x9B,0xF8,0xCC,0x2B,0xE4,0x7F,0x38,0x4F,0xE8},
    },
    {
        UINT32_C(15532),
        UINT64_C(0xBBCF3380D2AB83D3),
        UINT32_C(1280),
        UINT32_C(80),
        {0xC7,0x5C,0xE5,0xCE,0x87,0x47,0x15,0x3F,0x3A,0x7A,0xBD,0x4F,0xCD,0xF3,0x23,0xA3,0x7F,0x09,0x36,0xF9,0x31,0x73,0xB9,0xAC,0x2A,0xD0,0x61,0x31,0x1B,0x8D,0x65,0x0C},
        {0x77,0x40,0x68,0xEE,0xF9,0xA7,0x93,0x36,0xA8,0xB3,0xF9,0x0A,0x4B,0x91,0xDA,0xCD,0x63,0x90,0xB2,0x9F,0xF2,0x49,0xF9,0xBF,0x43,0xCF,0x20,0xA2,0xBE,0x98,0x46,0x9E},
    },
    {
        UINT32_C(15534),
        UINT64_C(0x2D0FF1526275B34D),
        UINT32_C(1280),
        UINT32_C(80),
        {0xD9,0x4C,0x53,0x29,0xAF,0x9E,0xE4,0x80,0x5E,0xF8,0xC8,0x8C,0xF8,0x7D,0xEA,0x3A,0xFE,0x81,0x0A,0xB5,0x39,0x86,0xD0,0xAF,0x12,0x81,0x75,0xDF,0x6B,0x32,0x03,0x6E},
        {0x01,0xC1,0x46,0x53,0x2C,0x0E,0x6A,0x33,0xBF,0x87,0x5B,0xDF,0x9A,0xE3,0x1B,0x28,0xE3,0xE6,0x3F,0xF0,0x6E,0x7C,0x13,0x6D,0x71,0xED,0x2C,0xC2,0x9B,0x99,0x1B,0xE6},
    },
    {
        UINT32_C(15548),
        UINT64_C(0xA9282F737614012F),
        UINT32_C(1280),
        UINT32_C(80),
        {0x4E,0xC2,0x1E,0xC7,0x95,0x6E,0x9C,0xAA,0x95,0x2C,0x9F,0xA1,0xC6,0xE5,0x7E,0xB3,0x8B,0x47,0x9C,0x56,0x36,0x7B,0xD3,0x96,0xB4,0xEA,0x73,0x66,0x8B,0x70,0x7A,0xF0},
        {0x92,0x7F,0x3F,0xFC,0x38,0xA7,0x17,0x1C,0x32,0x65,0xC7,0x6E,0xEC,0x4C,0xD5,0x0F,0xEE,0x71,0x35,0xAF,0x5D,0x1C,0x94,0x86,0xC0,0xA3,0x89,0xCC,0x42,0xCB,0x06,0xF9},
    },
    {
        UINT32_C(15550),
        UINT64_C(0x24719799EE05BB8D),
        UINT32_C(1280),
        UINT32_C(80),
        {0xC8,0x6F,0xBB,0xA2,0xA6,0x07,0xAA,0x46,0xEC,0x67,0x30,0x81,0x8D,0x53,0x40,0x60,0x57,0xAF,0x23,0xAF,0x59,0x9C,0x34,0x78,0x35,0x3B,0x6C,0x06,0x72,0x4D,0xEB,0x53},
        {0x78,0x5C,0x9D,0xFD,0x93,0xC5,0x68,0x36,0x7D,0x18,0x71,0xC8,0x53,0x30,0xC3,0x26,0x18,0x30,0x75,0x75,0xD3,0xA7,0x67,0xB8,0x04,0x84,0xB8,0x0A,0x32,0xC6,0xE4,0x82},
    },
    {
        UINT32_C(15550),
        UINT64_C(0x665D9A35E5BBA586),
        UINT32_C(1280),
        UINT32_C(80),
        {0xA7,0x62,0xB8,0x6E,0xCA,0x2B,0x72,0xC9,0x0C,0xEA,0x2D,0x49,0x72,0xE0,0x97,0x42,0x23,0xAA,0x78,0x85,0x5B,0x98,0x70,0xF2,0xE5,0x00,0xB2,0xB3,0x4D,0xF7,0x42,0xE6},
        {0xB2,0x8F,0x7B,0x45,0x6A,0xFB,0xB9,0x36,0x4F,0x60,0x06,0x9E,0x0F,0x4B,0x28,0x67,0x31,0x8A,0x18,0xCD,0xFB,0x5F,0x4C,0xF1,0x5B,0x92,0x50,0xB5,0x0C,0x47,0x90,0xB6},
    },
    {
        UINT32_C(15554),
        UINT64_C(0x747FEFB71A7C0C84),
        UINT32_C(1280),
        UINT32_C(80),
        {0xFB,0x0A,0xCB,0x98,0xD9,0x4F,0x48,0x44,0xEC,0x6B,0x29,0xF3,0xF6,0xBD,0x74,0x57,0x4A,0x6C,0x7B,0x64,0xC1,0xAA,0x2A,0xAD,0x0F,0x38,0x91,0x73,0x1E,0x36,0x76,0x7A},
        {0x46,0x0B,0xDA,0xA7,0x08,0x24,0x92,0x72,0x1C,0xD1,0x67,0xBC,0x8A,0x45,0xC7,0x35,0x93,0xF4,0xE9,0x40,0xAD,0x76,0xE8,0x21,0x77,0x4C,0x79,0xE0,0x7E,0x8C,0x7E,0x0F},
    },
    {
        UINT32_C(15556),
        UINT64_C(0x077093FC28A1D528),
        UINT32_C(1280),
        UINT32_C(80),
        {0x3C,0xDE,0x6A,0x58,0x69,0x9B,0xD1,0x36,0x2D,0x9A,0x34,0xA1,0x84,0x0C,0xBA,0xBE,0x6B,0xFF,0xA2,0x18,0xCA,0x30,0xB9,0x28,0x45,0x0F,0xF8,0x2C,0x2C,0x38,0xBC,0x41},
        {0xC2,0x71,0x71,0xCF,0xFC,0xF9,0x05,0xE2,0xE7,0x1F,0xC8,0x5F,0x7B,0xF2,0x0C,0xE1,0x2B,0xAD,0x3D,0xC9,0x6D,0x04,0xC5,0x4B,0xB8,0xAC,0xD3,0xDA,0x3E,0x3C,0x5E,0x7F},
    },
    {
        UINT32_C(15556),
        UINT64_C(0x987CCED83AA35D65),
        UINT32_C(1280),
        UINT32_C(80),
        {0xAF,0x99,0x38,0x52,0x9E,0x23,0x70,0x43,0x05,0xC4,0xD5,0x81,0xDA,0xA9,0x64,0x64,0x5E,0x40,0xD2,0x5E,0x92,0xF3,0xFE,0x6A,0xEA,0x49,0xF1,0xBD,0x7B,0xC8,0x4F,0x22},
        {0xED,0xF2,0x06,0x6B,0x0B,0x60,0x1D,0xBE,0xFA,0xBD,0x98,0x7B,0xE4,0xFD,0x62,0x92,0xCD,0xFD,0x54,0x98,0xD0,0xFC,0x82,0x43,0xBE,0x07,0x98,0xAB,0x41,0x9F,0x6C,0x89},
    },
    {
        UINT32_C(15560),
        UINT64_C(0x52D0FBC87F1D7598),
        UINT32_C(1280),
        UINT32_C(80),
        {0xE0,0x65,0xDE,0x86,0x3E,0xFA,0xDE,0x58,0x90,0x7B,0xC2,0xC5,0x04,0x83,0x43,0x29,0x0B,0x72,0x65,0x06,0x8F,0xD7,0x67,0x10,0x39,0xC1,0x4E,0x06,0x92,0x2F,0xC8,0xBD},
        {0xA0,0x89,0x82,0x4B,0x18,0xC2,0xCC,0x1D,0x1C,0x08,0xFC,0x34,0x51,0xA7,0x68,0xA3,0x2B,0x3E,0x3B,0x12,0xED,0x2B,0x5C,0x20,0xD0,0x26,0xDB,0xD0,0xB6,0x7B,0xAC,0xC3},
    },
    {
        UINT32_C(15560),
        UINT64_C(0xA92F1F8CBFF85430),
        UINT32_C(1280),
        UINT32_C(80),
        {0x63,0x20,0x1E,0x1A,0x30,0xB1,0x05,0x07,0x05,0x9F,0xF6,0x27,0xEA,0x00,0xEE,0x56,0x8C,0x31,0xA5,0x41,0x35,0x23,0x4A,0xD6,0x49,0x9D,0xFA,0xF1,0x5A,0x59,0xBA,0xBE},
        {0x51,0x86,0x09,0x2E,0x96,0x00,0x3B,0x6B,0x8F,0x2F,0x08,0xF7,0xBB,0xD0,0x1C,0x12,0x95,0xC8,0xC7,0xC3,0x56,0xD2,0x61,0xB3,0x74,0x2F,0xEF,0x0C,0x7E,0xBA,0x74,0x47},
    },
    {
        UINT32_C(15566),
        UINT64_C(0x2377F5BDC663AABD),
        UINT32_C(1280),
        UINT32_C(80),
        {0xEF,0xB1,0x6B,0x73,0x84,0x28,0x8A,0xBF,0x76,0x5E,0x93,0xA5,0x0C,0x43,0xAC,0x09,0xC9,0x1F,0x9B,0xEC,0xC9,0xAE,0xAC,0xB1,0x99,0xFA,0x90,0x0F,0xF7,0xE2,0x6C,0x29},
        {0x82,0xEA,0xCF,0xB8,0x9E,0x0A,0x68,0x98,0x8D,0x39,0xAA,0xAA,0x88,0x7B,0xEC,0x96,0x36,0x59,0xFA,0x6D,0x8F,0x82,0x3F,0x3B,0xEA,0xA1,0xBA,0x19,0xF2,0xD3,0x71,0xB6},
    },
    {
        UINT32_C(15568),
        UINT64_C(0xA17977B7F2A2A4E5),
        UINT32_C(1280),
        UINT32_C(80),
        {0xD9,0xF1,0x86,0x44,0x31,0xC7,0x1C,0x1B,0x62,0xEB,0x85,0x48,0x39,0x60,0xC1,0xDB,0x7C,0xFA,0x48,0xA4,0xBD,0xA4,0xE3,0xEC,0x24,0xC7,0x21,0x87,0x23,0x36,0x42,0xC7},
        {0x8C,0x3E,0x55,0xB6,0x8F,0xBF,0x26,0x9B,0x6A,0x17,0x82,0xEF,0x97,0xAE,0x24,0x9B,0xF1,0x7D,0xB1,0x53,0xBA,0xE3,0xE4,0xCA,0x65,0x36,0x2D,0xDE,0x9E,0xA1,0xC2,0x95},
    },
    {
        UINT32_C(15570),
        UINT64_C(0xFCD4176967483E31),
        UINT32_C(1280),
        UINT32_C(80),
        {0x9D,0x9E,0x53,0xF9,0xF6,0x82,0x89,0x39,0xA0,0x6F,0x09,0x31,0x2D,0x38,0x82,0x5C,0x8A,0xC6,0x55,0xBF,0x44,0xAB,0xCB,0x23,0x7F,0x5D,0x5A,0xBC,0x72,0x6C,0x50,0x82},
        {0x29,0x84,0xBF,0xF4,0xC9,0xFD,0x25,0x49,0xFF,0xB8,0xC2,0x31,0x5A,0x56,0xE4,0xE6,0xBA,0x21,0x95,0xD5,0x46,0xC2,0x68,0xF6,0x10,0xC4,0xB0,0xB3,0x9D,0x8F,0x98,0xF5},
    },
    {
        UINT32_C(15576),
        UINT64_C(0x19CCDC69C2668BE0),
        UINT32_C(1280),
        UINT32_C(80),
        {0x92,0x7D,0x3F,0xF8,0x80,0xE5,0x96,0xFA,0x87,0x4F,0x03,0x1D,0xCC,0x03,0x1F,0x0C,0x66,0xDF,0x8F,0x05,0xFA,0xB9,0x81,0x9D,0x39,0x11,0xD2,0xDF,0x33,0x10,0xB0,0x57},
        {0x4A,0xD8,0x46,0x8B,0xC1,0xF3,0xFF,0xAD,0x84,0xF4,0xAC,0xAA,0x45,0x88,0x8E,0x18,0x7E,0x83,0x97,0x77,0xBD,0xD7,0x3C,0xE3,0x6F,0x03,0x0E,0x0B,0xA5,0x6A,0x4C,0x82},
    },
    {
        UINT32_C(15584),
        UINT64_C(0x4E4DCA05AE7BEC3D),
        UINT32_C(1280),
        UINT32_C(80),
        {0x66,0x33,0xFB,0x77,0xA4,0x83,0xA2,0xB1,0xF4,0x88,0xCA,0xE6,0x0A,0xEF,0xAB,0x38,0xA7,0x65,0x9A,0x88,0x77,0x07,0xCC,0xD1,0xF0,0x3E,0xE4,0x5A,0x0F,0x0E,0x99,0x59},
        {0x1E,0x8D,0xDB,0xA4,0x08,0x71,0x82,0xAB,0x54,0x01,0x2D,0x31,0x16,0x9E,0xAF,0xAE,0xA4,0xC2,0x45,0xE0,0x36,0x4B,0xFA,0x01,0xF5,0xDA,0xFC,0x8C,0xC6,0x9C,0x56,0x71},
    },
    {
        UINT32_C(15594),
        UINT64_C(0xA02AA5073E5D06BA),
        UINT32_C(1280),
        UINT32_C(80),
        {0x72,0x52,0xCD,0x3F,0xD1,0x72,0xC5,0x8A,0xA0,0xB8,0x94,0x23,0x02,0xE1,0xD9,0xC9,0x6A,0x1A,0x8F,0x1D,0x0C,0xC1,0xAC,0x3B,0x82,0xCC,0x0E,0x5F,0xA1,0x8A,0x09,0x06},
        {0xA1,0xAF,0x65,0xD3,0x40,0x12,0x97,0x75,0x70,0x43,0xDC,0xB9,0x21,0x37,0x6C,0x33,0xEC,0xF8,0x5F,0x29,0x14,0xCE,0xE1,0x66,0xB0,0x04,0x54,0xF7,0x58,0x06,0xD9,0x9F},
    },
    {
        UINT32_C(15598),
        UINT64_C(0x5A3261D537FD532E),
        UINT32_C(1280),
        UINT32_C(80),
        {0x4E,0x38,0xF5,0x3E,0x35,0x40,0x1E,0x24,0xA8,0xD3,0x25,0x8D,0x13,0x50,0xA9,0x59,0x58,0xA3,0xBA,0xA8,0x67,0x80,0x96,0x27,0x6A,0xEB,0x81,0xDD,0x45,0xAE,0x98,0xB1},
        {0x6A,0x70,0x30,0x85,0xD5,0x71,0xF5,0xC4,0x67,0x77,0x26,0xDA,0xBA,0x04,0x52,0x08,0x21,0x22,0x8F,0x80,0xAF,0x8D,0x89,0x6C,0x1B,0x36,0xAF,0x9C,0x9F,0x94,0xBB,0xFD},
    },
    {
        UINT32_C(15598),
        UINT64_C(0xE16E0EB788B21476),
        UINT32_C(1280),
        UINT32_C(80),
        {0xF6,0xD9,0xF2,0x68,0xDF,0x79,0xB9,0x04,0xB9,0x9A,0x8F,0xE2,0x5F,0x86,0xEA,0x04,0xCF,0x8A,0xB1,0xE8,0x74,0xF6,0x6B,0xCB,0x8B,0xD7,0xDB,0x11,0x40,0x59,0xFB,0x74},
        {0x6D,0x04,0xB4,0xB7,0xE2,0x0D,0x5C,0x37,0x45,0x95,0x07,0x74,0x01,0x4D,0x04,0x83,0xD3,0x90,0x75,0xEB,0x9E,0x37,0x07,0xCF,0xAB,0xEE,0xE3,0x5D,0x2C,0x10,0xF5,0x85},
    },
    {
        UINT32_C(15602),
        UINT64_C(0xAD6204FB33B52453),
        UINT32_C(1280),
        UINT32_C(80),
        {0x04,0xB4,0xDE,0xC5,0x6D,0x71,0x50,0xA2,0x93,0xBC,0xC6,0xDE,0xB1,0xEC,0x12,0x35,0x3F,0x84,0x7C,0x55,0x53,0x14,0xD6,0x78,0xD8,0xD1,0xA4,0xA1,0x37,0x18,0x74,0xFC},
        {0xC2,0x60,0x7A,0x57,0x72,0x0D,0x83,0x84,0xD0,0x74,0xD1,0x00,0x77,0x52,0xF9,0x6A,0xD1,0x3F,0xA8,0xF9,0x31,0x72,0xBC,0x1B,0x09,0x0C,0xF4,0x58,0xEF,0xB1,0x99,0xFB},
    },
    {
        UINT32_C(15604),
        UINT64_C(0x7523C4A8ABDD4AE1),
        UINT32_C(1280),
        UINT32_C(80),
        {0x0B,0x30,0xEC,0xB7,0x17,0x8B,0xE0,0x15,0xDF,0x0A,0xE4,0x9F,0xEE,0x2C,0x14,0x81,0x5C,0x3D,0xDF,0xC1,0x38,0x0D,0x4C,0xEB,0xC2,0x0E,0x0C,0x5E,0xE5,0xFF,0x6A,0x79},
        {0x2E,0x7A,0x9A,0x76,0x71,0x2C,0x83,0x01,0x62,0xD0,0x05,0x27,0x9B,0x4A,0x93,0xBE,0x46,0xA3,0x0A,0x3E,0x15,0x3C,0xC8,0xD3,0xC1,0xD9,0x5E,0xDE,0xC1,0xC8,0x2E,0xF3},
    },
    {
        UINT32_C(15612),
        UINT64_C(0x521CC65B1284F75A),
        UINT32_C(1280),
        UINT32_C(80),
        {0xB0,0xD1,0xC5,0xDE,0xD2,0x9D,0x8F,0xBE,0x08,0xD5,0x5A,0xCC,0x62,0x9A,0xD8,0x7C,0xC3,0x07,0x98,0x91,0x6D,0x57,0x6F,0xE6,0xE2,0x71,0xB4,0x7D,0xC1,0xC8,0x4A,0xFE},
        {0x5A,0xD0,0xCF,0x88,0xDE,0xE5,0x05,0xAA,0x06,0x35,0x60,0xE4,0xC9,0xA2,0x67,0x22,0x9A,0xF3,0x82,0x6D,0xEF,0x6A,0x08,0xAC,0x76,0x33,0xC4,0xB4,0x5A,0x52,0xA5,0xEA},
    },
    {
        UINT32_C(15616),
        UINT64_C(0xA9F5F00D038EAF10),
        UINT32_C(1280),
        UINT32_C(80),
        {0x4D,0x88,0x0C,0x41,0x4F,0xB9,0x30,0xB7,0x0F,0x2B,0xF6,0xC2,0x60,0x79,0xD5,0x43,0x86,0x32,0x70,0xF2,0x39,0x77,0x4D,0x73,0xFA,0x1E,0x84,0x8A,0xEA,0xEB,0x6F,0x05},
        {0xE2,0xDB,0xA5,0x6A,0xE4,0x1D,0xAD,0x92,0x43,0xB3,0xCD,0xC3,0x26,0x65,0x1B,0x59,0x94,0x45,0x19,0x32,0x2E,0x97,0xDC,0x8C,0xD4,0xDF,0x10,0x33,0x3D,0x61,0x69,0x27},
    },
    {
        UINT32_C(15624),
        UINT64_C(0x9FBED3AF64D3B595),
        UINT32_C(1280),
        UINT32_C(80),
        {0xBE,0x83,0x93,0x77,0xAA,0x4B,0x9C,0xFE,0x2E,0x6B,0x66,0x56,0xD6,0xE7,0x87,0xC5,0xA2,0xB6,0xCC,0xBA,0xAA,0x0E,0xC7,0x43,0xCA,0xC7,0x01,0xE7,0x81,0x2C,0xD6,0xB1},
        {0x2C,0x92,0x97,0x02,0xE8,0x38,0x9F,0x47,0x20,0x6A,0x39,0x43,0x6C,0x59,0x93,0xD1,0x82,0x3A,0x83,0xA0,0x81,0x4D,0x08,0x31,0x36,0x6B,0xA8,0xD9,0xA6,0xCE,0x66,0xE1},
    },
    {
        UINT32_C(15626),
        UINT64_C(0xE5ECC3BEE4AF921E),
        UINT32_C(1280),
        UINT32_C(80),
        {0xED,0xEC,0xCD,0x8E,0xA1,0xB1,0x9E,0x4F,0xFB,0x84,0x9B,0x63,0x75,0xC5,0xFE,0x97,0x83,0x3D,0x80,0x9A,0x9B,0xA0,0x6A,0xD1,0xF2,0x54,0x9B,0x36,0xE7,0xAC,0xBB,0xEC},
        {0x06,0x94,0x17,0x15,0x70,0x95,0xD5,0x6C,0x7D,0x6E,0x1D,0x78,0xD4,0x05,0xBA,0x89,0xDF,0x92,0x6E,0x20,0x38,0xBD,0x1D,0x41,0x27,0x67,0x6C,0x2C,0x74,0x28,0x0F,0xF7},
    },
    {
        UINT32_C(15650),
        UINT64_C(0xE5F07FC26C783896),
        UINT32_C(1280),
        UINT32_C(80),
        {0x35,0xDC,0x9E,0xEA,0x67,0x1E,0x2E,0xE7,0x16,0x4C,0xCC,0x76,0xEA,0x27,0x88,0xB8,0xD7,0x0E,0x13,0x02,0xE9,0x5A,0x2D,0xCC,0xB6,0xE5,0xF2,0x28,0xD9,0xC2,0xEA,0x07},
        {0x79,0x9D,0x46,0x7E,0x16,0x7E,0x05,0xD6,0xCB,0x92,0xF8,0x6F,0x22,0xF0,0xD4,0x2C,0x36,0x22,0x26,0xBF,0x76,0xD5,0x61,0x93,0xAE,0x99,0x83,0x93,0x26,0x5E,0x42,0xAC},
    },
    {
        UINT32_C(15672),
        UINT64_C(0xCAC8C52915EA31BA),
        UINT32_C(1280),
        UINT32_C(80),
        {0x99,0x3B,0x23,0x04,0x8C,0x2D,0x31,0xED,0x6A,0x07,0xE9,0x73,0xBB,0x0E,0x56,0xD2,0x28,0x26,0x2C,0xA6,0x21,0x80,0xCC,0x09,0x39,0x10,0xDB,0xB0,0xAD,0xE6,0xEE,0x88},
        {0x41,0xF6,0xF4,0xC4,0x79,0x71,0xBF,0x8D,0x7B,0xC1,0x4F,0x4A,0xAD,0x98,0x73,0x05,0xAB,0xFE,0x8D,0x0C,0x2D,0x68,0xC0,0x0D,0xB8,0x2B,0xC5,0x00,0x97,0x43,0x79,0x02},
    },
    {
        UINT32_C(15686),
        UINT64_C(0x63D11C19F698C54D),
        UINT32_C(1280),
        UINT32_C(80),
        {0x3E,0xB7,0x02,0x8B,0x74,0x81,0x0F,0xBC,0x25,0xD3,0x60,0x75,0xCC,0x48,0xD9,0x08,0x53,0x66,0xE0,0xF8,0xB4,0xF6,0xBD,0xFF,0xD7,0xDE,0x58,0x0F,0xD3,0x40,0xB2,0xC7},
        {0xD5,0x74,0xFE,0xDB,0x2E,0x0C,0x7C,0x07,0x72,0xFC,0xC1,0x79,0xA5,0xDE,0x6A,0x6A,0x80,0x04,0x6A,0xC6,0xF1,0x83,0x76,0xF0,0xD2,0x68,0xF5,0x82,0xE6,0xF3,0x06,0xA4},
    },
    {
        UINT32_C(15688),
        UINT64_C(0x8F6FE4FCB3598A5B),
        UINT32_C(1280),
        UINT32_C(80),
        {0x0B,0xF4,0x2F,0x29,0x61,0xCE,0xA4,0xDF,0xCD,0x85,0xFA,0xE1,0x30,0x43,0x51,0x1E,0xA5,0x7C,0x89,0x98,0x86,0x12,0xC8,0xFF,0x2C,0x6E,0x46,0xFF,0x05,0x22,0x62,0x93},
        {0x17,0xCA,0x77,0xFB,0x82,0xBC,0xD4,0xCD,0x20,0xBE,0xC6,0xDD,0x59,0x8D,0x46,0x55,0x80,0xFB,0x63,0x92,0x7A,0x9C,0xCF,0x90,0x9F,0xCE,0x70,0xFF,0xBB,0x61,0x24,0xA7},
    },
    {
        UINT32_C(15748),
        UINT64_C(0x96E617E7A9A04ED3),
        UINT32_C(1280),
        UINT32_C(80),
        {0xF0,0x32,0x64,0x35,0xDC,0x20,0xAC,0xDD,0xE0,0xD2,0x6A,0x34,0x92,0x5A,0xE0,0x65,0x31,0x4F,0x40,0x40,0x36,0x33,0x75,0xFA,0x5F,0x5C,0xF5,0xC9,0x93,0x2A,0x90,0x9D},
        {0x51,0xAA,0xF6,0x92,0x9B,0xAA,0x91,0xBC,0xCB,0x7C,0x64,0x2C,0x1C,0x07,0xBA,0x0C,0x69,0x7F,0x68,0xF6,0x90,0xFD,0x1C,0xEA,0xCD,0xC4,0x45,0xFA,0x44,0xE3,0x19,0xF2},
    },
    {
        UINT32_C(15768),
        UINT64_C(0x81A86C5997B7AC95),
        UINT32_C(1280),
        UINT32_C(80),
        {0xC8,0x70,0xA9,0x4D,0xE8,0xBD,0xC6,0x4E,0xF7,0x54,0xE0,0x28,0xCF,0xC4,0xFB,0x2C,0x7F,0x26,0xE6,0xD4,0x1A,0x75,0x21,0xC7,0x2D,0xEC,0x80,0x31,0x4D,0x07,0x61,0x1E},
        {0xE9,0xB6,0x85,0xD6,0x82,0xC5,0xC3,0xCD,0x83,0xA5,0xE1,0xBF,0x2E,0x8D,0xDC,0x43,0xBE,0x51,0x0E,0xC0,0x82,0x06,0xE9,0xD6,0xFD,0x5A,0x76,0xD0,0xC4,0x01,0xE3,0x45},
    },
    {
        UINT32_C(15788),
        UINT64_C(0x25B3E613C30E009D),
        UINT32_C(1280),
        UINT32_C(80),
        {0x52,0x94,0x5B,0x05,0xD8,0xC4,0x58,0x4A,0x66,0xE2,0x9A,0xD4,0x11,0xCB,0x5B,0x1F,0x83,0x74,0x2C,0x66,0x3D,0xE5,0x60,0x3D,0x38,0x53,0xF8,0x48,0xE0,0x84,0x2B,0x8B},
        {0x55,0xA9,0x64,0x12,0x0A,0x86,0xBF,0x15,0x31,0xEF,0xF6,0x20,0x73,0xA4,0xFC,0x2C,0x48,0x03,0x82,0xD4,0x77,0x6D,0xE7,0x0C,0x13,0x5D,0x45,0x77,0x67,0x2A,0x27,0x07},
    },
    {
        UINT32_C(15788),
        UINT64_C(0xAB9038A6221A06DD),
        UINT32_C(340),
        UINT32_C(128),
        {0xA7,0x54,0x21,0x25,0x6A,0x8B,0x8C,0xC3,0x1B,0xE0,0x68,0xBC,0x6B,0x76,0xFC,0x5B,0x94,0x18,0x3B,0x28,0x99,0x70,0xDB,0x7F,0x8C,0xB3,0x3E,0xBF,0x02,0x52,0x50,0x5F},
        {0x24,0x66,0x0C,0xBB,0xC1,0xAF,0x81,0x75,0xEF,0x31,0x61,0x99,0xD5,0x8F,0xBC,0x91,0x6B,0x63,0x9C,0x3F,0x52,0xCE,0x39,0x0C,0x74,0xA2,0x08,0xFA,0x8F,0x8B,0x39,0x4E},
    },
    {
        UINT32_C(15804),
        UINT64_C(0x7EDC6B1B03709E46),
        UINT32_C(1280),
        UINT32_C(80),
        {0xC2,0x21,0x7C,0x00,0x8A,0x1C,0x0F,0x5F,0x52,0x29,0x7A,0xFE,0x62,0xFD,0x0D,0x95,0x46,0xEB,0x8F,0x39,0x66,0x25,0x47,0x71,0x65,0xC5,0x06,0xB1,0xA0,0xB0,0x9D,0xB5},
        {0x0A,0x0F,0xFF,0x95,0x35,0xE3,0xFE,0x7E,0x4E,0xB1,0xD5,0xCE,0xC9,0x03,0x19,0x7E,0x85,0x44,0x1C,0x0C,0x97,0xB5,0xB4,0x7C,0x05,0x62,0xE0,0xF2,0x02,0x3B,0x96,0x48},
    },
    {
        UINT32_C(15828),
        UINT64_C(0xF1A37538F3B1B3CC),
        UINT32_C(340),
        UINT32_C(128),
        {0x94,0x78,0xA2,0xE8,0x38,0x1A,0xCF,0x7D,0x55,0xA5,0xAD,0x53,0x88,0xCF,0x45,0x10,0x57,0xAD,0x77,0x19,0x4D,0x74,0x76,0xF3,0x10,0x64,0x18,0x93,0xA1,0x97,0x22,0x18},
        {0x9D,0x82,0x23,0x0A,0x05,0xE8,0x5B,0xAE,0xEF,0x0D,0xA4,0x56,0xEF,0xA7,0xC8,0x98,0x54,0x6D,0xBA,0x87,0x1C,0xA4,0xC5,0x7E,0xB3,0xA2,0x9F,0x2A,0x00,0x18,0x4F,0x41},
    },
    {
        UINT32_C(15864),
        UINT64_C(0xA20C45196E236A75),
        UINT32_C(1280),
        UINT32_C(80),
        {0xBF,0x77,0xC0,0x78,0x24,0xC6,0xB5,0x3E,0xA0,0x73,0xC8,0x26,0x4D,0x4A,0xF6,0x13,0x8D,0x34,0x1F,0xB8,0x81,0xA0,0x37,0x79,0xEA,0x0E,0x6F,0x7B,0x73,0xB6,0xCF,0xDD},
        {0xFB,0xED,0xB8,0xC2,0x2F,0xC0,0x55,0x9C,0xB6,0xD2,0xF8,0xD4,0xA6,0xA0,0xB8,0xBA,0xB7,0x4A,0xE7,0xCC,0x91,0x84,0x2E,0xDB,0x4D,0x09,0xD0,0x79,0x3F,0xF8,0xE2,0x47},
    },
    {
        UINT32_C(15874),
        UINT64_C(0xD958ED922BEFEBED),
        UINT32_C(1280),
        UINT32_C(80),
        {0x14,0xBA,0x64,0x11,0x3E,0xFB,0x55,0xA8,0xEB,0x38,0x47,0x2B,0xCB,0xD4,0x8A,0x59,0x9E,0xA2,0xF5,0xBA,0xAC,0xC1,0x2E,0xAC,0x7E,0x48,0xB0,0xF4,0x67,0x70,0xD0,0x12},
        {0xC8,0x95,0x1C,0x19,0x96,0xB1,0xB7,0x15,0x74,0xFD,0x5B,0x2D,0x1E,0x77,0xD6,0x9F,0xFE,0xEF,0x9A,0x94,0xB0,0x83,0xF9,0x9B,0xF8,0xCC,0x2B,0xE4,0x7F,0x38,0x4F,0xE8},
    },
    {
        UINT32_C(15898),
        UINT64_C(0x41FC6728182C3DC6),
        UINT32_C(1280),
        UINT32_C(80),
        {0xFB,0x0A,0xCB,0x98,0xD9,0x4F,0x48,0x44,0xEC,0x6B,0x29,0xF3,0xF6,0xBD,0x74,0x57,0x4A,0x6C,0x7B,0x64,0xC1,0xAA,0x2A,0xAD,0x0F,0x38,0x91,0x73,0x1E,0x36,0x76,0x7A},
        {0x46,0x0B,0xDA,0xA7,0x08,0x24,0x92,0x72,0x1C,0xD1,0x67,0xBC,0x8A,0x45,0xC7,0x35,0x93,0xF4,0xE9,0x40,0xAD,0x76,0xE8,0x21,0x77,0x4C,0x79,0xE0,0x7E,0x8C,0x7E,0x0F},
    },
    {
        UINT32_C(15906),
        UINT64_C(0xEF613CE095FE5636),
        UINT32_C(1280),
        UINT32_C(80),
        {0xAF,0x99,0x38,0x52,0x9E,0x23,0x70,0x43,0x05,0xC4,0xD5,0x81,0xDA,0xA9,0x64,0x64,0x5E,0x40,0xD2,0x5E,0x92,0xF3,0xFE,0x6A,0xEA,0x49,0xF1,0xBD,0x7B,0xC8,0x4F,0x22},
        {0xED,0xF2,0x06,0x6B,0x0B,0x60,0x1D,0xBE,0xFA,0xBD,0x98,0x7B,0xE4,0xFD,0x62,0x92,0xCD,0xFD,0x54,0x98,0xD0,0xFC,0x82,0x43,0xBE,0x07,0x98,0xAB,0x41,0x9F,0x6C,0x89},
    },
    {
        UINT32_C(15908),
        UINT64_C(0x77DAD50B17D0D39F),
        UINT32_C(1280),
        UINT32_C(80),
        {0xD9,0xF1,0x86,0x44,0x31,0xC7,0x1C,0x1B,0x62,0xEB,0x85,0x48,0x39,0x60,0xC1,0xDB,0x7C,0xFA,0x48,0xA4,0xBD,0xA4,0xE3,0xEC,0x24,0xC7,0x21,0x87,0x23,0x36,0x42,0xC7},
        {0x8C,0x3E,0x55,0xB6,0x8F,0xBF,0x26,0x9B,0x6A,0x17,0x82,0xEF,0x97,0xAE,0x24,0x9B,0xF1,0x7D,0xB1,0x53,0xBA,0xE3,0xE4,0xCA,0x65,0x36,0x2D,0xDE,0x9E,0xA1,0xC2,0x95},
    },
    {
        UINT32_C(15920),
        UINT64_C(0x733E47146AE43C47),
        UINT32_C(1280),
        UINT32_C(80),
        {0xEF,0xB1,0x6B,0x73,0x84,0x28,0x8A,0xBF,0x76,0x5E,0x93,0xA5,0x0C,0x43,0xAC,0x09,0xC9,0x1F,0x9B,0xEC,0xC9,0xAE,0xAC,0xB1,0x99,0xFA,0x90,0x0F,0xF7,0xE2,0x6C,0x29},
        {0x82,0xEA,0xCF,0xB8,0x9E,0x0A,0x68,0x98,0x8D,0x39,0xAA,0xAA,0x88,0x7B,0xEC,0x96,0x36,0x59,0xFA,0x6D,0x8F,0x82,0x3F,0x3B,0xEA,0xA1,0xBA,0x19,0xF2,0xD3,0x71,0xB6},
    },
    {
        UINT32_C(15922),
        UINT64_C(0x16AE59954ADE8DBE),
        UINT32_C(1024),
        UINT32_C(600),
        {0x0C,0x39,0x9D,0x4F,0x61,0x70,0x17,0xF1,0x21,0x81,0x57,0xC9,0x90,0xF7,0x92,0xB7,0xEF,0xAC,0x93,0x4D,0xA2,0xA0,0xB8,0x33,0x45,0xBB,0x87,0xF0,0x98,0x1D,0x75,0x17},
        {0x8A,0xFE,0x30,0xE3,0x3E,0x45,0xE6,0x2B,0xAE,0xC0,0x55,0x5F,0xE6,0x00,0x2A,0x77,0x04,0xA6,0xA6,0xCE,0xE9,0xC6,0x6D,0x57,0xF5,0xF9,0x36,0x1D,0x91,0xEF,0xE2,0xA1},
    },
    {
        UINT32_C(15924),
        UINT64_C(0x5E4D51F216CAFC5C),
        UINT32_C(1280),
        UINT32_C(80),
        {0x9D,0x9E,0x53,0xF9,0xF6,0x82,0x89,0x39,0xA0,0x6F,0x09,0x31,0x2D,0x38,0x82,0x5C,0x8A,0xC6,0x55,0xBF,0x44,0xAB,0xCB,0x23,0x7F,0x5D,0x5A,0xBC,0x72,0x6C,0x50,0x82},
        {0x29,0x84,0xBF,0xF4,0xC9,0xFD,0x25,0x49,0xFF,0xB8,0xC2,0x31,0x5A,0x56,0xE4,0xE6,0xBA,0x21,0x95,0xD5,0x46,0xC2,0x68,0xF6,0x10,0xC4,0xB0,0xB3,0x9D,0x8F,0x98,0xF5},
    },
    {
        UINT32_C(15928),
        UINT64_C(0x91B420C28D99CA8D),
        UINT32_C(1280),
        UINT32_C(80),
        {0x72,0x52,0xCD,0x3F,0xD1,0x72,0xC5,0x8A,0xA0,0xB8,0x94,0x23,0x02,0xE1,0xD9,0xC9,0x6A,0x1A,0x8F,0x1D,0x0C,0xC1,0xAC,0x3B,0x82,0xCC,0x0E,0x5F,0xA1,0x8A,0x09,0x06},
        {0xA1,0xAF,0x65,0xD3,0x40,0x12,0x97,0x75,0x70,0x43,0xDC,0xB9,0x21,0x37,0x6C,0x33,0xEC,0xF8,0x5F,0x29,0x14,0xCE,0xE1,0x66,0xB0,0x04,0x54,0xF7,0x58,0x06,0xD9,0x9F},
    },
    {
        UINT32_C(15928),
        UINT64_C(0xD94797B25A7B5500),
        UINT32_C(1280),
        UINT32_C(80),
        {0xF6,0xD9,0xF2,0x68,0xDF,0x79,0xB9,0x04,0xB9,0x9A,0x8F,0xE2,0x5F,0x86,0xEA,0x04,0xCF,0x8A,0xB1,0xE8,0x74,0xF6,0x6B,0xCB,0x8B,0xD7,0xDB,0x11,0x40,0x59,0xFB,0x74},
        {0x6D,0x04,0xB4,0xB7,0xE2,0x0D,0x5C,0x37,0x45,0x95,0x07,0x74,0x01,0x4D,0x04,0x83,0xD3,0x90,0x75,0xEB,0x9E,0x37,0x07,0xCF,0xAB,0xEE,0xE3,0x5D,0x2C,0x10,0xF5,0x85},
    },
    {
        UINT32_C(15940),
        UINT64_C(0xA1C4493CC8186812),
        UINT32_C(1280),
        UINT32_C(80),
        {0x66,0x33,0xFB,0x77,0xA4,0x83,0xA2,0xB1,0xF4,0x88,0xCA,0xE6,0x0A,0xEF,0xAB,0x38,0xA7,0x65,0x9A,0x88,0x77,0x07,0xCC,0xD1,0xF0,0x3E,0xE4,0x5A,0x0F,0x0E,0x99,0x59},
        {0x1E,0x8D,0xDB,0xA4,0x08,0x71,0x82,0xAB,0x54,0x01,0x2D,0x31,0x16,0x9E,0xAF,0xAE,0xA4,0xC2,0x45,0xE0,0x36,0x4B,0xFA,0x01,0xF5,0xDA,0xFC,0x8C,0xC6,0x9C,0x56,0x71},
    },
    {
        UINT32_C(15956),
        UINT64_C(0x2D324AD832D9AFB2),
        UINT32_C(1280),
        UINT32_C(80),
        {0x4D,0x88,0x0C,0x41,0x4F,0xB9,0x30,0xB7,0x0F,0x2B,0xF6,0xC2,0x60,0x79,0xD5,0x43,0x86,0x32,0x70,0xF2,0x39,0x77,0x4D,0x73,0xFA,0x1E,0x84,0x8A,0xEA,0xEB,0x6F,0x05},
        {0xE2,0xDB,0xA5,0x6A,0xE4,0x1D,0xAD,0x92,0x43,0xB3,0xCD,0xC3,0x26,0x65,0x1B,0x59,0x94,0x45,0x19,0x32,0x2E,0x97,0xDC,0x8C,0xD4,0xDF,0x10,0x33,0x3D,0x61,0x69,0x27},
    },
    {
        UINT32_C(15960),
        UINT64_C(0x57B81517C190EA93),
        UINT32_C(1280),
        UINT32_C(80),
        {0x0B,0x30,0xEC,0xB7,0x17,0x8B,0xE0,0x15,0xDF,0x0A,0xE4,0x9F,0xEE,0x2C,0x14,0x81,0x5C,0x3D,0xDF,0xC1,0x38,0x0D,0x4C,0xEB,0xC2,0x0E,0x0C,0x5E,0xE5,0xFF,0x6A,0x79},
        {0x2E,0x7A,0x9A,0x76,0x71,0x2C,0x83,0x01,0x62,0xD0,0x05,0x27,0x9B,0x4A,0x93,0xBE,0x46,0xA3,0x0A,0x3E,0x15,0x3C,0xC8,0xD3,0xC1,0xD9,0x5E,0xDE,0xC1,0xC8,0x2E,0xF3},
    },
    {
        UINT32_C(15960),
        UINT64_C(0xCFFB90BB46EA328E),
        UINT32_C(460),
        UINT32_C(64),
        {0x7B,0x32,0xA5,0xE4,0x2E,0xAC,0x1F,0x2E,0x5C,0x22,0x3C,0xDD,0x68,0x63,0x5B,0xD4,0x80,0x69,0x49,0xF9,0x59,0x75,0xF2,0x2F,0x19,0x15,0xD1,0x9B,0xB6,0xD1,0xA3,0x9B},
        {0x2C,0x7F,0xDB,0xC3,0x2D,0x10,0x09,0xAA,0x24,0x66,0x98,0x3A,0xEB,0xE5,0xB3,0xE3,0x90,0xD6,0x01,0xFF,0x10,0x49,0xF2,0xC3,0x76,0x55,0xCD,0xFB,0x84,0xAA,0x59,0x0E},
    },
    {
        UINT32_C(15962),
        UINT64_C(0xC28EF83F5085F764),
        UINT32_C(1280),
        UINT32_C(80),
        {0xBE,0x83,0x93,0x77,0xAA,0x4B,0x9C,0xFE,0x2E,0x6B,0x66,0x56,0xD6,0xE7,0x87,0xC5,0xA2,0xB6,0xCC,0xBA,0xAA,0x0E,0xC7,0x43,0xCA,0xC7,0x01,0xE7,0x81,0x2C,0xD6,0xB1},
        {0x2C,0x92,0x97,0x02,0xE8,0x38,0x9F,0x47,0x20,0x6A,0x39,0x43,0x6C,0x59,0x93,0xD1,0x82,0x3A,0x83,0xA0,0x81,0x4D,0x08,0x31,0x36,0x6B,0xA8,0xD9,0xA6,0xCE,0x66,0xE1},
    },
    {
        UINT32_C(16008),
        UINT64_C(0x8E630547643FE56B),
        UINT32_C(1280),
        UINT32_C(80),
        {0x99,0x3B,0x23,0x04,0x8C,0x2D,0x31,0xED,0x6A,0x07,0xE9,0x73,0xBB,0x0E,0x56,0xD2,0x28,0x26,0x2C,0xA6,0x21,0x80,0xCC,0x09,0x39,0x10,0xDB,0xB0,0xAD,0xE6,0xEE,0x88},
        {0x41,0xF6,0xF4,0xC4,0x79,0x71,0xBF,0x8D,0x7B,0xC1,0x4F,0x4A,0xAD,0x98,0x73,0x05,0xAB,0xFE,0x8D,0x0C,0x2D,0x68,0xC0,0x0D,0xB8,0x2B,0xC5,0x00,0x97,0x43,0x79,0x02},
    },
    {
        UINT32_C(16008),
        UINT64_C(0xD3613A471EDF2B06),
        UINT32_C(1280),
        UINT32_C(80),
        {0x3E,0xB7,0x02,0x8B,0x74,0x81,0x0F,0xBC,0x25,0xD3,0x60,0x75,0xCC,0x48,0xD9,0x08,0x53,0x66,0xE0,0xF8,0xB4,0xF6,0xBD,0xFF,0xD7,0xDE,0x58,0x0F,0xD3,0x40,0xB2,0xC7},
        {0xD5,0x74,0xFE,0xDB,0x2E,0x0C,0x7C,0x07,0x72,0xFC,0xC1,0x79,0xA5,0xDE,0x6A,0x6A,0x80,0x04,0x6A,0xC6,0xF1,0x83,0x76,0xF0,0xD2,0x68,0xF5,0x82,0xE6,0xF3,0x06,0xA4},
    },
    {
        UINT32_C(16020),
        UINT64_C(0x011F1E5F97A67FC9),
        UINT32_C(1280),
        UINT32_C(80),
        {0x0B,0xF4,0x2F,0x29,0x61,0xCE,0xA4,0xDF,0xCD,0x85,0xFA,0xE1,0x30,0x43,0x51,0x1E,0xA5,0x7C,0x89,0x98,0x86,0x12,0xC8,0xFF,0x2C,0x6E,0x46,0xFF,0x05,0x22,0x62,0x93},
        {0x17,0xCA,0x77,0xFB,0x82,0xBC,0xD4,0xCD,0x20,0xBE,0xC6,0xDD,0x59,0x8D,0x46,0x55,0x80,0xFB,0x63,0x92,0x7A,0x9C,0xCF,0x90,0x9F,0xCE,0x70,0xFF,0xBB,0x61,0x24,0xA7},
    },
    {
        UINT32_C(16060),
        UINT64_C(0x1B63B3F4646EEBE6),
        UINT32_C(1280),
        UINT32_C(80),
        {0x52,0x94,0x5B,0x05,0xD8,0xC4,0x58,0x4A,0x66,0xE2,0x9A,0xD4,0x11,0xCB,0x5B,0x1F,0x83,0x74,0x2C,0x66,0x3D,0xE5,0x60,0x3D,0x38,0x53,0xF8,0x48,0xE0,0x84,0x2B,0x8B},
        {0x55,0xA9,0x64,0x12,0x0A,0x86,0xBF,0x15,0x31,0xEF,0xF6,0x20,0x73,0xA4,0xFC,0x2C,0x48,0x03,0x82,0xD4,0x77,0x6D,0xE7,0x0C,0x13,0x5D,0x45,0x77,0x67,0x2A,0x27,0x07},
    },
    {
        UINT32_C(16070),
        UINT64_C(0xE7F79BF8DC133447),
        UINT32_C(302),
        UINT32_C(72),
        {0x73,0xE7,0x9B,0x32,0x23,0x99,0xE4,0x59,0x80,0x07,0x56,0x23,0x7A,0x38,0x9D,0x6F,0xD4,0x20,0xCB,0x57,0x15,0x65,0x84,0x97,0xAF,0x0D,0x61,0xBD,0xF3,0x8C,0x01,0xEE},
        {0xF7,0x09,0xE6,0x0C,0xEC,0x34,0x8A,0xB6,0x56,0x8B,0xD7,0x5A,0x30,0xD5,0x1B,0x3A,0x44,0x79,0x8D,0xB4,0xA3,0x9E,0x1E,0xD5,0x73,0xB8,0x0F,0x04,0xFB,0x9E,0x31,0x2D},
    },
    {
        UINT32_C(16076),
        UINT64_C(0xBF58DF79955C682C),
        UINT32_C(1280),
        UINT32_C(80),
        {0xF0,0x32,0x64,0x35,0xDC,0x20,0xAC,0xDD,0xE0,0xD2,0x6A,0x34,0x92,0x5A,0xE0,0x65,0x31,0x4F,0x40,0x40,0x36,0x33,0x75,0xFA,0x5F,0x5C,0xF5,0xC9,0x93,0x2A,0x90,0x9D},
        {0x51,0xAA,0xF6,0x92,0x9B,0xAA,0x91,0xBC,0xCB,0x7C,0x64,0x2C,0x1C,0x07,0xBA,0x0C,0x69,0x7F,0x68,0xF6,0x90,0xFD,0x1C,0xEA,0xCD,0xC4,0x45,0xFA,0x44,0xE3,0x19,0xF2},
    },
    {
        UINT32_C(16142),
        UINT64_C(0x6A9BEED51E17A1B1),
        UINT32_C(1024),
        UINT32_C(600),
        {0x4B,0x5F,0x4F,0xF1,0xB6,0xD5,0xB4,0xD3,0x67,0x32,0x94,0xCB,0xB9,0xA2,0xB6,0x43,0x67,0xCB,0x35,0x6D,0xF9,0x54,0x77,0x2B,0x54,0x07,0xA4,0x29,0xC8,0x55,0xE3,0x1D},
        {0x35,0xDB,0xBB,0x9F,0x84,0x8F,0x79,0xD1,0x0E,0x83,0xAF,0x25,0xB2,0x3A,0x0F,0x4C,0x38,0x8B,0xCA,0xA8,0xBE,0x0D,0xA9,0x06,0xD0,0x4C,0xAF,0x00,0x76,0xBF,0x73,0x8D},
    },
    {
        UINT32_C(16166),
        UINT64_C(0x8B6BB2A65EB79AEE),
        UINT32_C(1024),
        UINT32_C(600),
        {0xCA,0x6D,0x21,0x2E,0x17,0x2A,0xD6,0x3C,0x3C,0x70,0xB9,0xC0,0x76,0x23,0x86,0x80,0xC4,0x36,0xBB,0xB9,0x77,0x93,0x47,0xA0,0x8B,0x2F,0x65,0x7B,0x44,0x0E,0x01,0xB5},
        {0x89,0x4E,0x6C,0xED,0x9D,0xAE,0x28,0x1F,0xD6,0x46,0xF4,0x74,0xA2,0xE6,0xF6,0xA6,0x43,0xD3,0x49,0x39,0x2F,0x58,0x02,0xC8,0xF5,0x29,0x4B,0x71,0xCC,0xFE,0x0A,0x68},
    },
    {
        UINT32_C(16180),
        UINT64_C(0x675357A96CF08A46),
        UINT32_C(340),
        UINT32_C(128),
        {0x10,0x1E,0x12,0xCE,0xA2,0xCA,0xE3,0x3E,0x07,0xA9,0x76,0xEE,0xF8,0x2D,0xAF,0xD1,0xCE,0xBE,0x66,0xD6,0x2B,0xDE,0x39,0xE3,0x8C,0x5E,0xB1,0x3D,0x40,0xE1,0xBF,0x25},
        {0xD3,0xA4,0x76,0x6D,0x38,0x71,0x09,0x9C,0x0B,0x8D,0x75,0x87,0x23,0x84,0x23,0xA4,0x8D,0x06,0x88,0x1E,0x59,0x8E,0x82,0x36,0xF3,0x6B,0x04,0x71,0x22,0xF0,0x3F,0x90},
    },
    {
        UINT32_C(16240),
        UINT64_C(0x0594BFDA807E9DB1),
        UINT32_C(340),
        UINT32_C(128),
        {0xA2,0x21,0xB7,0xF0,0x21,0x4E,0xBB,0x8B,0xDF,0xCF,0x8A,0x71,0x62,0xA5,0x6A,0x72,0x92,0xDC,0xB4,0xD0,0xC9,0x2F,0x26,0x75,0x5E,0x1D,0xE4,0xD0,0x54,0xBD,0x9F,0x17},
        {0x0C,0xFB,0xBC,0x2C,0x3B,0x42,0xA1,0xC8,0x5C,0x3C,0x3A,0x30,0x8E,0x49,0xBA,0xCA,0x79,0xB5,0xDB,0x83,0x1C,0x29,0x45,0x70,0x93,0x11,0xD3,0x39,0xE1,0x4C,0xCD,0x4B},
    },
    {
        UINT32_C(16266),
        UINT64_C(0x93BFF6A66C221015),
        UINT32_C(672),
        UINT32_C(88),
        {0xD9,0x4E,0x99,0x9F,0x81,0xA8,0x96,0xB7,0xC5,0x3C,0x41,0x2B,0x77,0x0F,0x60,0xE3,0x19,0xD2,0xEE,0x88,0x34,0x6E,0x81,0x9B,0xE8,0x90,0xCD,0x9C,0x25,0x3F,0x15,0x87},
        {0xDB,0x02,0xF2,0x50,0x76,0x36,0x86,0x66,0x10,0x81,0xB8,0xF9,0x9F,0x4A,0x65,0x23,0x21,0xF2,0x9F,0x66,0x87,0x36,0xF0,0xA5,0x38,0x00,0x10,0x8D,0xAD,0xCA,0x07,0xE7},
    },
    {
        UINT32_C(16330),
        UINT64_C(0x4E5BE44E17AAAF6D),
        UINT32_C(340),
        UINT32_C(128),
        {0x42,0x1A,0x95,0xF7,0x0C,0xE4,0x32,0x61,0x41,0xA6,0x09,0xA2,0x2D,0x61,0x84,0xA9,0x14,0xD9,0x74,0x58,0xF5,0xDC,0xE9,0x91,0xC1,0xA1,0xFC,0x44,0x77,0x8D,0x0A,0x7B},
        {0x0D,0x90,0x75,0xCB,0xA2,0xEC,0xAE,0xD0,0x05,0x4B,0xC6,0x7A,0x7D,0x2B,0xC4,0x15,0x55,0x82,0xEA,0xE0,0x5B,0x9D,0xB7,0x3E,0xB7,0x50,0x08,0x12,0xA5,0xB8,0x05,0xEE},
    },
    {
        UINT32_C(16360),
        UINT64_C(0xBC4C8B6E96A60C90),
        UINT32_C(340),
        UINT32_C(128),
        {0xE4,0x10,0x69,0xD9,0x39,0x8B,0x8B,0x18,0xEA,0x1F,0x37,0x4E,0xF0,0xAE,0xB1,0x16,0x5B,0x28,0x60,0xC1,0x96,0x47,0x45,0xDC,0xFE,0x08,0x24,0x8F,0x35,0xA8,0x69,0x09},
        {0xF6,0xE5,0xF3,0x11,0x82,0x15,0x36,0xB1,0x0C,0x9D,0x32,0x6B,0x79,0xE9,0xAE,0xEF,0xE2,0xB9,0x34,0xD6,0x4B,0x06,0xC1,0x0F,0xF1,0x08,0x6F,0xC7,0xB9,0xE4,0xE8,0x1B},
    },
    {
        UINT32_C(16390),
        UINT64_C(0x05886167ADB84E9D),
        UINT32_C(672),
        UINT32_C(88),
        {0x08,0x31,0xED,0xC0,0x3E,0x90,0xF0,0xA9,0xDB,0x4F,0xC5,0x90,0xF6,0xBE,0xB3,0x2B,0xC8,0x94,0xD1,0x7E,0x6C,0xCB,0x61,0xB0,0xEF,0xFE,0xF6,0xC2,0xF0,0x55,0x0D,0xDA},
        {0xE4,0x90,0x7F,0x49,0x9F,0xA1,0xF1,0x59,0x5B,0x45,0xDD,0x2B,0xE5,0xB5,0xC5,0x93,0x54,0xD1,0xA2,0x9A,0x9F,0xA0,0x85,0xEF,0x1A,0x9E,0xE4,0x1D,0x08,0xEC,0xAF,0xBB},
    },
    {
        UINT32_C(16486),
        UINT64_C(0x930BA99C28615B15),
        UINT32_C(340),
        UINT32_C(128),
        {0xB5,0x62,0xCE,0x04,0x1B,0x73,0x65,0xF7,0xD5,0x4A,0x63,0x5C,0x3D,0xDE,0x47,0x08,0xFE,0x90,0x6D,0x3B,0x9C,0x36,0xD0,0xB2,0x82,0xEC,0x1F,0x0E,0xFE,0xE8,0x71,0xD8},
        {0xC4,0xC7,0x8B,0xD3,0x63,0x0B,0xF2,0x27,0x9A,0x0F,0xED,0x95,0xF3,0x0D,0x9E,0x31,0x5F,0x97,0xA2,0x63,0x4B,0x9E,0x09,0x0D,0xF9,0x04,0x29,0x5A,0x93,0xAD,0x9A,0x84},
    },
    {
        UINT32_C(16500),
        UINT64_C(0x36F9F79A67AE4AF3),
        UINT32_C(340),
        UINT32_C(128),
        {0x1A,0xAC,0xFC,0x7A,0x64,0xDC,0x69,0x92,0x4C,0xCF,0x34,0x6B,0xF9,0xED,0x66,0x44,0x66,0x59,0xEC,0xB2,0x8F,0x90,0x71,0x7C,0x71,0xA0,0xA2,0x73,0xE9,0x40,0xBB,0x1E},
        {0x49,0xDA,0xB9,0x77,0x9B,0x04,0x5D,0x00,0x00,0x13,0xED,0xF7,0xFD,0x77,0x3B,0x11,0xDE,0x44,0x9D,0x3C,0xC4,0x7B,0xC2,0xDA,0xEC,0x6F,0xF4,0xFF,0x7D,0xDA,0xC4,0x8A},
    },
    {
        UINT32_C(16586),
        UINT64_C(0xF56C5708BF62A517),
        UINT32_C(1024),
        UINT32_C(600),
        {0xDE,0x79,0xDA,0x14,0x79,0x0A,0xFE,0x27,0xA2,0x40,0x4C,0x3F,0x00,0x20,0xAE,0x39,0xCE,0xE4,0xCC,0x24,0xDB,0x3E,0xAC,0x15,0xCB,0xC3,0x82,0x3E,0x3D,0x6F,0x95,0x19},
        {0xAE,0xA1,0x20,0x49,0x2E,0xEA,0xF6,0x51,0x5C,0xBD,0x76,0x2B,0x89,0xA8,0x13,0xA5,0x1E,0x57,0xE9,0x20,0xB7,0x6B,0xA7,0x5E,0xCE,0xC5,0x80,0xFD,0x21,0x60,0x5C,0x9C},
    },
    {
        UINT32_C(16612),
        UINT64_C(0xD440169E4367058A),
        UINT32_C(340),
        UINT32_C(128),
        {0x43,0x5A,0x1A,0x1F,0xBB,0x91,0xCC,0x8E,0x6D,0x98,0xDC,0x8B,0x88,0x99,0x25,0x37,0x39,0xF0,0x65,0xEE,0x60,0xCE,0x5D,0x27,0x91,0xF7,0xDA,0x98,0xD4,0x13,0x43,0x95},
        {0xA0,0x63,0xC5,0x3D,0x22,0xD1,0x53,0x58,0x24,0x32,0xDB,0xEC,0x09,0x89,0xB2,0xF1,0xD8,0x53,0x92,0xD6,0x5E,0x0E,0xF9,0x00,0x59,0xC9,0xD4,0x5C,0x3D,0x0A,0xD4,0xF9},
    },
    {
        UINT32_C(16818),
        UINT64_C(0xBC266064F7A6E05A),
        UINT32_C(1024),
        UINT32_C(600),
        {0x8A,0xB4,0x97,0x70,0xB1,0xEB,0xCE,0xF2,0x98,0x38,0x4A,0x88,0x55,0xCE,0xDE,0xDD,0x46,0x7B,0x04,0x6B,0xAE,0x80,0xAE,0x12,0x92,0x72,0x07,0x7A,0x10,0xBF,0x03,0xC8},
        {0x87,0xB1,0xAF,0xD6,0x3A,0x9F,0x70,0xFA,0x2E,0xE2,0xA2,0xD6,0x67,0xB7,0x38,0x4D,0x8D,0x22,0xB0,0x79,0xBE,0xFD,0xFF,0x7E,0x83,0x57,0xBA,0xE9,0x6D,0x8E,0xAE,0x76},
    },
    {
        UINT32_C(16856),
        UINT64_C(0xD5346B3381B20EC6),
        UINT32_C(340),
        UINT32_C(128),
        {0xB0,0xA8,0x55,0x7C,0x1B,0x55,0xC3,0xD5,0xFF,0x46,0xB9,0x38,0x34,0x71,0x1D,0xB4,0xCB,0xA7,0x70,0xD9,0xED,0xF8,0xBE,0xAF,0x25,0x73,0xBA,0x53,0xAD,0x7F,0x07,0x9E},
        {0x01,0x46,0xCD,0x88,0xCE,0x44,0xAE,0xBA,0xFF,0x91,0x36,0x79,0x89,0x1F,0x45,0x78,0x1E,0xAB,0x95,0xE5,0x99,0x4E,0x48,0x6C,0x58,0x34,0xC7,0x11,0x93,0x70,0x96,0x81},
    },
    {
        UINT32_C(17002),
        UINT64_C(0x1515633DE9FF7BBB),
        UINT32_C(1024),
        UINT32_C(600),
        {0x49,0xCF,0xBE,0xA5,0x76,0x17,0x61,0xB8,0x2B,0x8F,0xB8,0x88,0x9E,0x64,0xED,0xB7,0x35,0x75,0x34,0xBE,0x8F,0x8A,0xE9,0xEE,0x50,0x5D,0xC1,0x81,0x84,0x22,0x32,0xCD},
        {0x91,0x73,0xFA,0x87,0x7B,0x01,0x5E,0xCA,0x74,0x4F,0xC9,0x0B,0x2C,0xC8,0x6B,0x2F,0xDD,0x42,0xD1,0x26,0x69,0x21,0x3C,0x07,0x44,0xB0,0x1D,0x28,0x84,0xB3,0x7E,0xE3},
    },
    {
        UINT32_C(17010),
        UINT64_C(0x883C43EF3A4FDC59),
        UINT32_C(194),
        UINT32_C(116),
        {0xEC,0x13,0x65,0x8B,0xA1,0x51,0x7F,0x39,0xE7,0x22,0x82,0xB9,0xB9,0x5E,0x94,0xE1,0x8E,0x4B,0x03,0x3A,0x06,0xC8,0x4E,0x3B,0x3D,0xAC,0x9F,0x1E,0x48,0x14,0x91,0x3A},
        {0x92,0x66,0xF5,0x49,0x96,0xE8,0x9F,0xCE,0x8D,0xA7,0xBB,0x73,0x1A,0x11,0x8A,0x25,0xF8,0x25,0xC1,0xD9,0x5A,0xAF,0x6B,0xE2,0x23,0xD1,0x43,0xDD,0x55,0xB5,0xAC,0x82},
    },
    {
        UINT32_C(17064),
        UINT64_C(0xB5F50A79B33A4450),
        UINT32_C(1280),
        UINT32_C(28),
        {0x2C,0x66,0x38,0x13,0x8D,0x40,0xBB,0x02,0x18,0x26,0x60,0x7B,0xA0,0xEC,0xCD,0x20,0xB9,0x02,0x8A,0x8A,0x5A,0x75,0xB8,0xC6,0xAA,0x0A,0xDC,0xFE,0x6E,0x73,0xB3,0x5F},
        {0xC3,0x15,0xD4,0x53,0x24,0x07,0x42,0x88,0x27,0xEB,0x22,0x99,0x42,0x19,0x22,0x0E,0xDD,0xD6,0xD2,0xC7,0x4E,0xD8,0x0C,0xE0,0xBF,0xF6,0x2A,0x18,0xD1,0x18,0xB5,0x57},
    },
    {
        UINT32_C(17224),
        UINT64_C(0x9C7A56938EAB9BA4),
        UINT32_C(340),
        UINT32_C(128),
        {0xED,0xBB,0x9E,0xF1,0xEE,0x56,0xFF,0xB7,0x9C,0x1F,0x40,0x99,0xEA,0xD8,0xE9,0x85,0x3E,0x83,0xF7,0x78,0x73,0x86,0x9F,0xFF,0x9B,0x60,0x27,0xE4,0xC8,0x51,0x63,0x99},
        {0xC1,0x6C,0x6D,0x4F,0x63,0x5F,0x35,0xD5,0x2C,0xC6,0x6D,0xC2,0x99,0xBD,0xAD,0xBB,0x75,0xBD,0x68,0xF8,0x66,0xF2,0x8C,0x3A,0xCD,0xCF,0x34,0x5F,0x18,0xB3,0xF4,0x6A},
    },
    {
        UINT32_C(17232),
        UINT64_C(0x64501392C78F414C),
        UINT32_C(340),
        UINT32_C(128),
        {0xEF,0xA7,0x80,0xAD,0x56,0xDE,0xD1,0xBC,0xE3,0xF9,0xB7,0x7C,0x34,0xA5,0x62,0x27,0x7D,0x37,0xC0,0x61,0x51,0x04,0xD2,0xAA,0x5D,0xC9,0xCD,0x90,0x84,0x45,0xD0,0x47},
        {0xD3,0xFB,0x87,0x87,0x67,0x6D,0x7E,0xAB,0xEE,0x74,0xEA,0x72,0x18,0xF8,0x46,0x68,0x47,0xD9,0x92,0x78,0x33,0xA2,0x44,0x1C,0x5B,0x40,0xDC,0x46,0xDF,0x6B,0x54,0x9F},
    },
    {
        UINT32_C(17284),
        UINT64_C(0xF82019ED0896062B),
        UINT32_C(340),
        UINT32_C(128),
        {0xFC,0x88,0x68,0xE3,0x20,0x48,0xD5,0x6E,0x73,0xF2,0x27,0x09,0xDB,0x09,0xCE,0xD8,0x5C,0x9E,0x71,0x1B,0xC7,0x1D,0xD4,0xB3,0xCD,0xFD,0xC3,0x74,0x30,0x18,0x65,0x69},
        {0x0E,0x09,0x0B,0xBC,0xAF,0xE5,0x30,0xCF,0x16,0x5A,0x11,0x93,0x69,0x85,0x2F,0x8D,0xBD,0x1D,0x65,0xAF,0xEC,0x2C,0xC4,0x49,0x42,0xBB,0x31,0x56,0xB8,0xF5,0xC0,0xCB},
    },
    {
        UINT32_C(17412),
        UINT64_C(0xEA2296D7FFA3EE6A),
        UINT32_C(340),
        UINT32_C(128),
        {0x86,0x75,0x04,0x96,0x65,0xAB,0xBF,0x7E,0xA5,0xDF,0x38,0xC2,0x9F,0xE3,0x28,0x70,0xCD,0x7C,0xE9,0x83,0x0A,0x2A,0x41,0xFA,0x05,0x04,0x73,0x40,0xD9,0x33,0xE4,0x10},
        {0x69,0xA2,0xDE,0xD0,0xBC,0x9C,0x98,0x63,0x4A,0xA7,0x14,0x1D,0xAA,0x6F,0x7C,0x2E,0x3B,0x08,0xBC,0x1E,0x4C,0x21,0x7D,0x5B,0x8E,0xC8,0xA7,0xC4,0xCC,0x68,0xEA,0x23},
    },
    {
        UINT32_C(17420),
        UINT64_C(0x4E846CEFF19E71F0),
        UINT32_C(352),
        UINT32_C(163),
        {0x09,0xE8,0x41,0xE3,0x61,0x60,0x03,0x0E,0xC3,0x66,0xF7,0x0A,0x48,0x2C,0x27,0x01,0xC4,0xD2,0x95,0x12,0x98,0x97,0x38,0x4B,0x03,0xDC,0x1E,0x62,0xA5,0xB5,0x8C,0x04},
        {0xC8,0xCC,0x71,0x9E,0x02,0xC1,0x52,0x73,0x29,0xEA,0x5C,0xC9,0xDC,0x01,0xC9,0x12,0xD9,0xDA,0x6D,0xF4,0x95,0xF9,0xCA,0xBB,0x8C,0x11,0x42,0x8A,0xB1,0x4B,0x74,0xD6},
    },
    {
        UINT32_C(17442),
        UINT64_C(0x7FE87C7505186BA4),
        UINT32_C(672),
        UINT32_C(88),
        {0x52,0x7B,0xE9,0xFB,0xF0,0x05,0xEF,0x27,0xF5,0x0A,0x4F,0x28,0xB3,0x07,0x58,0x7C,0x9D,0x5C,0xED,0xAB,0x7E,0xF3,0xE1,0x34,0xE9,0x8F,0x57,0x0C,0x1B,0xAE,0x0D,0xB2},
        {0xF3,0x63,0x49,0xBB,0xE7,0x21,0xF0,0xAD,0xCC,0x4A,0xA3,0x0B,0x2D,0x3C,0x1A,0x60,0x1C,0x30,0xB2,0xE1,0xEC,0x3D,0xB9,0x6C,0xCB,0xD8,0x1B,0x3E,0xAF,0x1A,0xCA,0xDB},
    },
    {
        UINT32_C(17540),
        UINT64_C(0xC9EE0F41CADE1EC5),
        UINT32_C(340),
        UINT32_C(128),
        {0x3F,0x5C,0x43,0x01,0x51,0x12,0x26,0x04,0x73,0x31,0x1D,0x42,0x1A,0x07,0xF1,0xB0,0x7E,0x07,0xA6,0xA1,0xCE,0xBD,0x0D,0xEC,0xF0,0x2E,0x4E,0x91,0xC7,0x16,0x27,0x98},
        {0x87,0x3E,0xE1,0x33,0x47,0xBA,0xE9,0x20,0xFF,0x40,0x8E,0xE0,0x82,0xF7,0x53,0xC8,0x5E,0x97,0x9E,0xA1,0x7C,0x41,0xEC,0xBE,0xDD,0x06,0x06,0x45,0x1D,0x3A,0x6D,0xBC},
    },
    {
        UINT32_C(17676),
        UINT64_C(0xB7C56EBA482E3AD1),
        UINT32_C(340),
        UINT32_C(128),
        {0xA1,0xE5,0xC0,0x20,0xFD,0x9A,0xCB,0xD3,0xBF,0x33,0x73,0x58,0xD7,0xF5,0xF2,0xB2,0x00,0x49,0x82,0x30,0xD0,0x57,0x14,0x22,0xA1,0xD5,0x39,0x08,0x53,0x20,0x1C,0xAB},
        {0x49,0xAA,0x35,0x9D,0x1D,0xE1,0xAD,0x88,0x7F,0xC7,0x4A,0x11,0x9F,0x31,0xF0,0x37,0xD1,0xF4,0x18,0x72,0xCE,0x6F,0x66,0x58,0x8F,0x32,0x6C,0xA5,0xB3,0x18,0x29,0xEC},
    },
    {
        UINT32_C(17706),
        UINT64_C(0x8C1ACD0EEC2FA6E8),
        UINT32_C(672),
        UINT32_C(88),
        {0xC8,0xBE,0x0E,0x55,0xAF,0x01,0xAC,0x56,0x89,0x9C,0xF5,0x0E,0x12,0x6D,0xF0,0x5F,0xEA,0xEF,0x3C,0x80,0x4D,0x3B,0x1C,0x41,0x69,0x1A,0xA8,0x99,0xAE,0xC5,0x39,0x99},
        {0xFE,0xE3,0xC3,0xBE,0x41,0x87,0xC9,0x79,0xC5,0xD9,0xC7,0xEF,0x9B,0x02,0x9C,0x8F,0x45,0xA0,0x6E,0x11,0x1B,0xEE,0xD0,0xE4,0x52,0xC8,0xA5,0x28,0x31,0xEE,0xE8,0x53},
    },
    {
        UINT32_C(17748),
        UINT64_C(0xFD3A1D53B1BC1860),
        UINT32_C(340),
        UINT32_C(128),
        {0x69,0xF1,0x5E,0x3D,0x9F,0x3B,0x85,0x22,0x1E,0x2D,0x63,0x90,0x73,0xF6,0x21,0xB3,0x4E,0xE2,0xFD,0x5F,0xA0,0x1E,0x1F,0xB5,0xA3,0x8B,0xE7,0x56,0x29,0xDE,0x68,0x54},
        {0x1B,0x7A,0xF3,0x2E,0x8A,0x8C,0xDB,0x10,0xE2,0xAE,0xA3,0x1F,0x51,0x2C,0xEC,0x8A,0x6C,0x82,0xD6,0x8F,0xF1,0x9D,0x05,0x19,0x96,0x77,0x14,0x8F,0x0F,0xF4,0x03,0xAB},
    },
    {
        UINT32_C(17814),
        UINT64_C(0x0BB964B6F9706F01),
        UINT32_C(340),
        UINT32_C(128),
        {0xB0,0x25,0x22,0x29,0xE8,0xB3,0xA3,0xE4,0x35,0x97,0xDB,0x9D,0xCD,0xCC,0x24,0xD9,0x77,0x15,0xC6,0xDE,0xF5,0xA7,0x4D,0x4A,0x8C,0xB3,0xA8,0x6C,0x16,0x84,0x89,0xD5},
        {0x53,0xB0,0xEF,0x06,0x58,0x00,0x26,0xD1,0x0A,0xDF,0x6D,0x78,0x61,0xA1,0x0C,0x0B,0xE6,0xEE,0x14,0x2A,0x1A,0x46,0xF4,0x85,0x71,0x63,0x20,0x90,0x79,0x17,0x68,0x01},
    },
    {
        UINT32_C(17944),
        UINT64_C(0x41B947FEDBCFA2E0),
        UINT32_C(340),
        UINT32_C(128),
        {0x61,0xBC,0x24,0xD3,0xEA,0x1C,0x19,0xE0,0x5D,0x29,0x8F,0x0D,0x17,0x94,0x7E,0xE4,0x36,0x93,0xBC,0xF2,0x29,0x36,0x17,0xBC,0x2A,0x66,0x66,0xFF,0x5A,0x29,0x94,0x3D},
        {0x71,0xA2,0x6A,0x02,0xA1,0xD0,0xED,0xB7,0x6F,0xE3,0xCF,0x1D,0x6D,0x0B,0x4D,0x53,0x23,0xDA,0xD1,0x29,0xF6,0xC6,0x9F,0x59,0xF0,0xC1,0x7E,0xA5,0x32,0x16,0xA0,0x82},
    },
    {
        UINT32_C(18076),
        UINT64_C(0x357A088C8211B45A),
        UINT32_C(340),
        UINT32_C(128),
        {0x52,0xCF,0x03,0xBD,0x0B,0xD3,0x63,0xB4,0x30,0x7D,0x9A,0x4E,0x26,0x6B,0x33,0x5C,0x62,0xFB,0x68,0xAC,0x33,0x3E,0x12,0xE4,0x13,0x20,0x3B,0x6A,0x05,0xB2,0x23,0x65},
        {0x0E,0x3F,0x32,0xBD,0xF1,0x4D,0xCA,0x36,0x4C,0x8D,0x85,0xEE,0xFE,0x48,0xAF,0x5D,0x2F,0x54,0x09,0x48,0x9D,0x7B,0xB9,0x46,0x0A,0xB2,0xA5,0x45,0x2D,0xB1,0x9B,0x0C},
    },
    {
        UINT32_C(18154),
        UINT64_C(0x0F2F404CC3E7E03B),
        UINT32_C(340),
        UINT32_C(128),
        {0xC0,0x05,0x1E,0xD8,0x7C,0x62,0x8F,0xEA,0xC2,0xA6,0x4D,0x95,0x9C,0x29,0x44,0xA1,0x4C,0xEC,0x5D,0x22,0x62,0xB1,0xBF,0x18,0x4E,0x1C,0xCB,0x2D,0xC1,0xC1,0x9B,0x0D},
        {0xCD,0xBF,0x6B,0x92,0x5F,0xBD,0x4E,0x1E,0x67,0x9C,0xC9,0x64,0xB5,0x01,0x32,0x7A,0x73,0x8F,0x1D,0x69,0x2A,0x04,0x91,0x3E,0x7F,0xEE,0x89,0xB8,0x7F,0x5B,0x30,0xD8},
    },
    {
        UINT32_C(18156),
        UINT64_C(0x915F32782D1469F5),
        UINT32_C(340),
        UINT32_C(128),
        {0xC1,0x80,0xFF,0x18,0xD7,0x66,0xB7,0x35,0xBC,0xF6,0xC9,0x8D,0x95,0x40,0x4A,0xF7,0xD9,0xE0,0x36,0xC0,0x78,0x40,0xD5,0xB9,0x4C,0x6C,0x1C,0xAC,0xDD,0x4F,0x15,0x53},
        {0xCF,0x70,0xC1,0xCB,0x48,0x7A,0x0D,0xA9,0x0F,0x59,0x16,0xD7,0xD5,0xF4,0x73,0x1A,0x92,0x42,0x86,0xF2,0xE4,0x27,0x2A,0x7C,0x18,0xEE,0x7C,0x94,0xE1,0xAF,0x71,0x2F},
    },
    {
        UINT32_C(18264),
        UINT64_C(0xE18106DEADC94CD4),
        UINT32_C(340),
        UINT32_C(128),
        {0x3E,0xD0,0xE2,0x25,0x4A,0x01,0x68,0xA3,0x34,0xBB,0x63,0xE6,0xC6,0x1F,0xD9,0x6A,0x9F,0xE7,0x9F,0x41,0xF6,0x0E,0xB7,0x26,0x5D,0xD7,0x97,0xBB,0x34,0xD0,0x38,0x07},
        {0x3E,0x89,0xDD,0xDE,0x5E,0x58,0x3A,0xC9,0x21,0x69,0x6B,0x7A,0xA1,0x5B,0xA7,0xD3,0x4E,0x37,0x35,0xF2,0x8A,0x0B,0x6E,0x5E,0x70,0x98,0xDC,0x52,0xDC,0x44,0x51,0xD1},
    },
    {
        UINT32_C(18270),
        UINT64_C(0x18F142B3DB1D2F10),
        UINT32_C(340),
        UINT32_C(128),
        {0x10,0xDC,0xD3,0x9E,0xEA,0xAD,0x7F,0x0D,0xBE,0x7F,0xE0,0x03,0x61,0xD2,0xD4,0x9B,0x2F,0x13,0xDE,0x22,0x36,0x5A,0xC4,0xBC,0x34,0xD1,0xE7,0x24,0x35,0x48,0x8A,0x69},
        {0xD2,0x24,0x91,0x0C,0x31,0x04,0xBE,0x75,0x8A,0x64,0x5F,0x5C,0x28,0x7B,0x83,0xD9,0xDC,0xCE,0x12,0x5F,0x57,0xAF,0x0D,0x01,0x61,0x38,0x30,0x84,0x1B,0xA6,0xEA,0x83},
    },
    {
        UINT32_C(18282),
        UINT64_C(0x227D4CB22D8B9800),
        UINT32_C(340),
        UINT32_C(128),
        {0xED,0xF4,0x6D,0x3F,0x8A,0xC7,0x64,0x4F,0x25,0x56,0x2E,0x9E,0x52,0xDA,0x15,0xA8,0xF2,0x9F,0x47,0x48,0x31,0x92,0x2C,0x18,0xE2,0x45,0x00,0xD5,0xC6,0x9D,0x94,0xB3},
        {0xC8,0x79,0xB0,0x7C,0x29,0x7A,0xE3,0x10,0xF9,0x14,0xC4,0xF9,0xF0,0x8D,0x3C,0x97,0x6F,0x2F,0xCB,0xC9,0x38,0x14,0x98,0x06,0x85,0x1D,0x68,0x75,0x55,0x23,0x91,0x51},
    },
    {
        UINT32_C(18342),
        UINT64_C(0xC150D27D40D001A2),
        UINT32_C(340),
        UINT32_C(128),
        {0x9D,0x4A,0x07,0x2A,0xCA,0xE0,0x36,0xFC,0x3B,0x42,0x42,0xC4,0x91,0x7B,0x76,0x8E,0x18,0xD5,0x1C,0xF9,0x5A,0x53,0x77,0x04,0x47,0x41,0x80,0x38,0x15,0xA6,0x8B,0xF6},
        {0xBD,0xC0,0xE1,0x7E,0x36,0xE2,0x66,0x41,0x9B,0x16,0x72,0x8E,0xFD,0x14,0x91,0x42,0x64,0xE8,0x85,0x3E,0x28,0xBD,0x3A,0x59,0xBE,0x7A,0xCE,0xB6,0x1B,0x86,0x01,0x0B},
    },
    {
        UINT32_C(18528),
        UINT64_C(0x7E7AEF2F72F3A1A6),
        UINT32_C(352),
        UINT32_C(163),
        {0x61,0x27,0x0E,0x5D,0xD3,0xA9,0x91,0xA4,0x84,0xB4,0xA6,0x6F,0x7B,0x87,0x50,0x25,0x46,0xA1,0xA0,0x87,0x5B,0x51,0x41,0x58,0x95,0x02,0x08,0x29,0x35,0x39,0xC3,0x6D},
        {0x38,0x16,0x19,0x5B,0x00,0x11,0xBE,0x84,0x2E,0x92,0x8F,0x32,0x26,0xD5,0xB7,0xA8,0x3F,0x58,0xFC,0xEB,0xA6,0xC4,0x7A,0x85,0x17,0x50,0x77,0x35,0x66,0x9D,0xD9,0x86},
    },
    {
        UINT32_C(18576),
        UINT64_C(0xE2FCAE59E2235D77),
        UINT32_C(340),
        UINT32_C(128),
        {0xC0,0x17,0x70,0xA7,0x15,0x0A,0x7F,0x21,0x78,0x12,0xD5,0x28,0xDD,0x71,0xC0,0x3A,0x4E,0x4C,0x9E,0xFE,0x8D,0x0D,0xBE,0xCE,0x51,0x79,0xC0,0xF8,0x17,0x15,0x7F,0x89},
        {0x35,0xF9,0x3E,0x64,0x2E,0x12,0x8C,0xBD,0x36,0x84,0x2E,0x90,0xC5,0x36,0x53,0xC2,0xD5,0xCE,0xD3,0x9E,0x24,0xF9,0xDB,0x67,0x5E,0x5C,0xA9,0xAB,0x6D,0x0D,0x38,0x4A},
    },
    {
        UINT32_C(18620),
        UINT64_C(0x7587782B1B29C77B),
        UINT32_C(340),
        UINT32_C(128),
        {0xF5,0x3B,0xB1,0x40,0xDB,0x17,0xE9,0x68,0x9F,0x88,0x2D,0xCB,0x30,0x5C,0xA9,0xF5,0x01,0xB9,0xAF,0x1C,0x2C,0x93,0x18,0x74,0x9D,0x7C,0x34,0x5C,0xE6,0x7A,0xED,0x6A},
        {0xDC,0x2C,0x88,0xDF,0x72,0xEE,0x20,0xB7,0x8F,0xE8,0xB9,0xE1,0xAD,0x32,0x7A,0xD7,0x46,0xE7,0x2B,0x26,0x9D,0x33,0x7B,0xF2,0xBF,0x7D,0xB1,0x58,0x54,0xCF,0x5E,0x2E},
    },
    {
        UINT32_C(18656),
        UINT64_C(0xE2933332B6A61614),
        UINT32_C(753),
        UINT32_C(51),
        {0x78,0x78,0xB5,0x8F,0x0A,0xA7,0x30,0xEA,0xBA,0x4C,0xE4,0x03,0x83,0x4B,0xC6,0x33,0xF6,0xAB,0x5D,0xB7,0x12,0xA0,0x42,0x53,0xC4,0x93,0x66,0x12,0xD4,0xE8,0x4A,0x99},
        {0xDD,0x70,0x2E,0x50,0x92,0xFB,0x7A,0x27,0xD9,0xFF,0x2A,0xCC,0x13,0x08,0x20,0x07,0x7E,0xD9,0x55,0xF2,0x44,0xA3,0x8F,0xB6,0xC8,0x70,0x1D,0x46,0x9B,0x83,0x91,0x94},
    },
    {
        UINT32_C(18708),
        UINT64_C(0xEBD93A2B1A401A96),
        UINT32_C(340),
        UINT32_C(128),
        {0x3C,0x6A,0xF3,0xD6,0x2E,0x7F,0xB6,0xFF,0x36,0x2F,0x43,0x8E,0x51,0x73,0xC1,0x6B,0x1F,0x50,0x3C,0xE4,0x66,0xEF,0x05,0xE7,0x7C,0x51,0xFE,0x2E,0xE6,0x7A,0xFF,0xE7},
        {0xA9,0x23,0x67,0xD4,0x94,0x3C,0x64,0xF0,0x3A,0x4E,0x1C,0xC0,0xE0,0x77,0x53,0x45,0x77,0x7F,0x75,0xC4,0x2C,0x31,0xE0,0xE8,0xFB,0xB9,0x86,0x5C,0x4F,0xC4,0x76,0x6C},
    },
    {
        UINT32_C(18760),
        UINT64_C(0x356AA9DF77CE031E),
        UINT32_C(340),
        UINT32_C(128),
        {0x52,0xA0,0xB3,0x09,0x19,0x61,0xE5,0x46,0xFC,0x03,0x54,0x50,0xE2,0xD6,0x95,0xBE,0x44,0x02,0xA4,0xA1,0xCA,0x72,0xDD,0xA5,0xD0,0xD6,0xC4,0x16,0x3E,0xA7,0xB6,0x0B},
        {0xD2,0xE0,0xCC,0xF6,0x93,0xCD,0x03,0xE9,0x51,0x4D,0x72,0xE2,0x84,0xE7,0xEB,0x2B,0x9A,0xCE,0x53,0xA8,0xA1,0x99,0x09,0x41,0xCA,0x9C,0x62,0x77,0xE4,0x7C,0xC0,0x80},
    },
    {
        UINT32_C(19092),
        UINT64_C(0xC8CC135BB46FCAD6),
        UINT32_C(460),
        UINT32_C(64),
        {0xFE,0xCB,0x98,0x67,0x8D,0x59,0x02,0x89,0x01,0x0F,0x2A,0x78,0xDA,0x13,0x63,0xD2,0xEC,0x0C,0x78,0xFE,0x97,0xAB,0xA0,0x6A,0x36,0xD7,0x69,0x29,0xB5,0xEF,0x0B,0xA5},
        {0xC7,0xF2,0xAB,0x6D,0x63,0x96,0xB5,0x06,0xDC,0x62,0x92,0x7C,0x07,0x6D,0xBF,0x52,0xDC,0x0C,0x57,0x16,0x69,0x15,0xC3,0x61,0xF1,0xE4,0x21,0x1D,0xA7,0x20,0x6D,0x1F},
    },
    {
        UINT32_C(19130),
        UINT64_C(0x0B68E208E42CE685),
        UINT32_C(340),
        UINT32_C(128),
        {0x66,0x1E,0x93,0xC8,0x47,0x0D,0xC1,0xF0,0xAE,0x02,0xFB,0x5E,0x7D,0x2E,0xE1,0x44,0x79,0x27,0xA0,0x1C,0x88,0x63,0xD1,0x1E,0x2A,0x4B,0x95,0xAA,0xAA,0xA5,0x22,0xD2},
        {0x11,0xB5,0xAC,0x3B,0x26,0x72,0x5A,0x40,0x98,0x7E,0x22,0xD3,0x68,0x79,0x42,0x7B,0x00,0x5B,0xC8,0xDE,0x94,0x41,0xE4,0xCF,0xCB,0xFB,0xC5,0x40,0xD5,0x49,0x7F,0x08},
    },
    {
        UINT32_C(19152),
        UINT64_C(0x451311ED304B40C5),
        UINT32_C(194),
        UINT32_C(116),
        {0xA8,0xA4,0x44,0x64,0xF8,0x6D,0x13,0x78,0xC9,0x71,0xD1,0xA1,0xA1,0x95,0x3C,0x74,0x5F,0x50,0xBF,0x6E,0xC1,0x02,0x54,0xA5,0xC4,0x57,0x64,0xB7,0x0E,0xFA,0x2E,0xB3},
        {0xA5,0x5D,0x6D,0x9D,0x21,0xCB,0x8E,0x77,0x58,0xAF,0xDE,0x53,0x7F,0x2E,0x77,0x02,0xAD,0xA0,0x7E,0xCB,0xB6,0xB7,0x9D,0x7D,0x12,0xC6,0xEC,0xB7,0xE7,0x37,0x34,0x83},
    },
    {
        UINT32_C(19194),
        UINT64_C(0xB6B60612A99AA406),
        UINT32_C(352),
        UINT32_C(163),
        {0x78,0x1C,0x38,0x62,0x91,0x7D,0xCE,0x12,0xE9,0x6D,0x16,0xD7,0xD8,0x91,0x57,0x6A,0x9E,0xBA,0xCB,0x85,0xE2,0xEE,0x91,0xD0,0xEB,0x27,0x3A,0x15,0x07,0x0C,0x00,0x19},
        {0x33,0xC9,0xE6,0xFF,0xC2,0x6D,0x4A,0xFE,0x0E,0xE3,0x93,0xDE,0x89,0x10,0x91,0x01,0x92,0xBE,0xA0,0xFF,0x9A,0x0C,0x14,0xE1,0xFA,0x51,0xCD,0xDA,0xB3,0xC5,0x0C,0x31},
    },
    {
        UINT32_C(19270),
        UINT64_C(0xBAA2CF78596E7FCD),
        UINT32_C(1024),
        UINT32_C(600),
        {0xCD,0x6B,0x70,0xDC,0x63,0xF1,0xC5,0x84,0x7A,0x94,0x69,0x07,0x88,0xBC,0x62,0x6C,0x34,0x6F,0xF2,0x7D,0x2B,0xF4,0x91,0x79,0x0D,0xF5,0xD8,0xBE,0x48,0xBB,0x02,0x38},
        {0xD5,0x67,0xD9,0x04,0x3E,0xAD,0x17,0xB0,0x71,0x00,0xD1,0x89,0x8A,0xD2,0x62,0x31,0x3C,0x6D,0x59,0x10,0x0E,0x99,0x31,0xD9,0xBC,0xC2,0xFD,0x3C,0x88,0x69,0xD8,0x20},
    },
    {
        UINT32_C(19272),
        UINT64_C(0x46AC0806CCD8C1FE),
        UINT32_C(194),
        UINT32_C(116),
        {0xB1,0x19,0xB6,0x73,0x73,0xF3,0x1E,0x79,0xC6,0x40,0x1E,0xF7,0xB1,0x33,0xA7,0x52,0x17,0x34,0x86,0x95,0x8A,0xD7,0x67,0x05,0x97,0x00,0xE0,0x3E,0xFD,0x3B,0x20,0xEA},
        {0xA3,0x62,0x99,0x07,0xA8,0x0C,0x4F,0x0D,0xC8,0x51,0x9B,0x70,0xF8,0x90,0xCB,0x10,0x03,0x9D,0x3D,0x0B,0xDC,0x1B,0xD3,0x92,0xDB,0x0C,0x66,0xE4,0xA8,0x81,0x8D,0xC3},
    },
    {
        UINT32_C(19298),
        UINT64_C(0xBDA760869457A7B3),
        UINT32_C(194),
        UINT32_C(116),
        {0xA8,0xA4,0x44,0x64,0xF8,0x6D,0x13,0x78,0xC9,0x71,0xD1,0xA1,0xA1,0x95,0x3C,0x74,0x5F,0x50,0xBF,0x6E,0xC1,0x02,0x54,0xA5,0xC4,0x57,0x64,0xB7,0x0E,0xFA,0x2E,0xB3},
        {0xA5,0x5D,0x6D,0x9D,0x21,0xCB,0x8E,0x77,0x58,0xAF,0xDE,0x53,0x7F,0x2E,0x77,0x02,0xAD,0xA0,0x7E,0xCB,0xB6,0xB7,0x9D,0x7D,0x12,0xC6,0xEC,0xB7,0xE7,0x37,0x34,0x83},
    },
    {
        UINT32_C(19344),
        UINT64_C(0xA20C13D39077AA86),
        UINT32_C(352),
        UINT32_C(163),
        {0x5A,0x81,0xFB,0xE2,0xB0,0xE7,0xF0,0x20,0x1D,0x05,0x85,0x16,0x6F,0xAA,0x0E,0x11,0x6E,0x81,0x6A,0xE0,0xBF,0xEE,0xFD,0xF1,0x88,0xE8,0x2A,0xD8,0x97,0x58,0x58,0xB3},
        {0xF1,0xB4,0x28,0xC1,0x21,0x61,0xB2,0x45,0x62,0x52,0xC6,0xC1,0x7A,0x13,0x02,0xC8,0x2F,0xE8,0xEB,0x89,0xDA,0xCA,0x3E,0x5D,0x10,0x7C,0x6B,0x53,0x6E,0xCE,0xFB,0x60},
    },
    {
        UINT32_C(19354),
        UINT64_C(0x9A48427DEAAB2F52),
        UINT32_C(340),
        UINT32_C(128),
        {0xC8,0x6C,0xA4,0x83,0xEC,0x8B,0x2D,0x2C,0xE7,0x78,0xCA,0x0F,0x90,0x79,0xCF,0x68,0xCB,0xA3,0x4A,0x0D,0x0D,0xF6,0xC4,0xE4,0xF3,0xBB,0x2C,0x2B,0x22,0xF8,0x30,0x31},
        {0x1F,0x6E,0xAE,0x57,0xC5,0x86,0xD7,0x1F,0x5C,0xE3,0xE6,0xA8,0x0B,0x72,0xE9,0x72,0xDA,0x3B,0x5A,0x74,0xF7,0xE1,0x21,0x56,0x55,0xC6,0x39,0x2E,0x77,0x5C,0x28,0x03},
    },
    {
        UINT32_C(19388),
        UINT64_C(0x2910953B7D82488B),
        UINT32_C(1280),
        UINT32_C(80),
        {0xBD,0x10,0xE0,0x1E,0x85,0xBD,0xEF,0xAD,0xE7,0x98,0x9D,0xB5,0x31,0xC0,0x1C,0xB4,0x46,0x4B,0x26,0xB1,0x72,0xAF,0xA2,0xEE,0xED,0x5B,0x87,0x0F,0x6A,0x00,0x92,0x6B},
        {0xC2,0xAC,0x16,0xB0,0xC9,0x9A,0x0A,0xEB,0x3A,0xCE,0x2C,0x65,0xD9,0xC0,0xD8,0x59,0x78,0xE9,0x8D,0x8B,0x31,0x5C,0x31,0x6A,0xCB,0x13,0xCB,0xC7,0x2F,0x7E,0x37,0x35},
    },
    {
        UINT32_C(19450),
        UINT64_C(0xABE9B23CDF1626FE),
        UINT32_C(460),
        UINT32_C(64),
        {0x1C,0x83,0x95,0xBE,0xA2,0x3A,0xDF,0x71,0x3D,0xE3,0x40,0x42,0x1C,0x78,0x38,0x48,0x46,0x93,0x3E,0xC5,0x1F,0xC5,0x29,0x73,0x34,0x4E,0x28,0xCE,0x8F,0x3A,0x39,0xE8},
        {0xC7,0x78,0x1B,0xC4,0xC8,0x3B,0x0E,0x2A,0x5C,0x80,0x10,0xD4,0x9C,0xD1,0x2C,0xE6,0x2F,0x8F,0x5C,0xF5,0x44,0x57,0x7C,0x70,0x79,0xF4,0x27,0xDD,0xF7,0x6D,0x07,0xBC},
    },
    {
        UINT32_C(19454),
        UINT64_C(0x3AEAACA2289720B4),
        UINT32_C(1280),
        UINT32_C(80),
        {0xBD,0x10,0xE0,0x1E,0x85,0xBD,0xEF,0xAD,0xE7,0x98,0x9D,0xB5,0x31,0xC0,0x1C,0xB4,0x46,0x4B,0x26,0xB1,0x72,0xAF,0xA2,0xEE,0xED,0x5B,0x87,0x0F,0x6A,0x00,0x92,0x6B},
        {0xC2,0xAC,0x16,0xB0,0xC9,0x9A,0x0A,0xEB,0x3A,0xCE,0x2C,0x65,0xD9,0xC0,0xD8,0x59,0x78,0xE9,0x8D,0x8B,0x31,0x5C,0x31,0x6A,0xCB,0x13,0xCB,0xC7,0x2F,0x7E,0x37,0x35},
    },
    {
        UINT32_C(19478),
        UINT64_C(0x67D66697D22E8CB3),
        UINT32_C(340),
        UINT32_C(128),
        {0x13,0xE4,0x4E,0xEA,0x62,0x9F,0xB0,0x73,0xC7,0x9B,0x70,0x23,0xB3,0xC4,0xD3,0xAE,0x4F,0x18,0x75,0xB7,0xD9,0x87,0x3C,0xCD,0xA3,0x1D,0x03,0x22,0xE0,0x15,0x6B,0xF6},
        {0x23,0xD7,0xBA,0x65,0x7D,0xE3,0xD7,0x19,0x07,0x2A,0x78,0x1F,0x13,0x1D,0x13,0xB4,0x59,0x57,0xF8,0xBE,0x24,0xFD,0x68,0x00,0xA8,0x1A,0x9D,0x9C,0x85,0xDE,0x58,0x79},
    },
    {
        UINT32_C(19494),
        UINT64_C(0xC10E8DDACAFEF43F),
        UINT32_C(340),
        UINT32_C(128),
        {0x22,0xF0,0x71,0xA9,0x91,0x79,0xA0,0x9B,0xAF,0x8D,0xB2,0x38,0x53,0x4E,0x6C,0xB7,0x24,0x8D,0x27,0x31,0x3C,0x90,0xA1,0x8F,0xBB,0x32,0xDC,0xE5,0x19,0xE5,0xC0,0x14},
        {0xBC,0x2C,0xE0,0x99,0xDA,0xF0,0xDF,0xA8,0x73,0x4D,0x79,0x2F,0xB3,0x0B,0x76,0x6B,0x9E,0x17,0x8E,0xE0,0x52,0xF5,0x74,0x36,0xB5,0x0D,0x06,0x47,0xB6,0x14,0x68,0xF3},
    },
    {
        UINT32_C(19524),
        UINT64_C(0xE76448B6C1B7BEAC),
        UINT32_C(340),
        UINT32_C(128),
        {0x9F,0xE7,0x59,0x32,0x7E,0x8A,0xA1,0x8E,0x53,0x76,0x5A,0x16,0x1D,0xB0,0x59,0xA8,0x45,0x7B,0x0B,0xDC,0xB2,0xAE,0x3E,0x0A,0x08,0x05,0xFA,0x99,0xBA,0xAD,0x4D,0x12},
        {0x02,0xE6,0xBF,0xEA,0x71,0x2E,0x2D,0x7A,0xEA,0xA9,0xCE,0x0B,0xEF,0x05,0xB1,0x86,0x72,0x18,0x9B,0x7B,0xFE,0x57,0x58,0x06,0x85,0xAC,0xAB,0xD8,0xEA,0x87,0x92,0x38},
    },
    {
        UINT32_C(19532),
        UINT64_C(0x559CBE33945D2775),
        UINT32_C(340),
        UINT32_C(128),
        {0xF0,0xE3,0x68,0xB7,0xCF,0x6F,0x29,0x74,0x64,0x35,0xFC,0xAC,0x1D,0x0A,0x74,0xAA,0xDB,0xAD,0x69,0x52,0x6F,0xB3,0xD1,0xCF,0x31,0xFF,0x7A,0x63,0xA3,0x63,0x8C,0x40},
        {0x1E,0x70,0x22,0x6C,0xF8,0xCC,0x80,0x5E,0x79,0xFF,0x24,0xF7,0x5F,0x33,0x61,0xF6,0x07,0xDA,0x1D,0xB2,0x53,0x06,0xCA,0xB9,0x61,0x46,0xE0,0x8C,0xB3,0x3B,0xF4,0x99},
    },
    {
        UINT32_C(19588),
        UINT64_C(0x984966A85A531B67),
        UINT32_C(340),
        UINT32_C(128),
        {0x09,0x7A,0x28,0x0A,0x50,0xF3,0xBA,0xDC,0x38,0xE8,0x23,0x9E,0xD3,0xBE,0x1F,0x9B,0x01,0x12,0xDA,0xB7,0xA6,0xB3,0xC7,0x14,0x45,0x59,0x58,0x4C,0xB6,0x22,0xBB,0xFB},
        {0xDA,0x5E,0xB9,0x86,0xA4,0x68,0xAC,0xE8,0x89,0x3E,0x76,0x6F,0xA2,0x1A,0x8F,0x23,0x29,0xDA,0x3A,0x2A,0xCF,0x4A,0xCF,0xF3,0x3F,0xB5,0x56,0xC1,0xE9,0x25,0x2F,0x94},
    },
    {
        UINT32_C(19670),
        UINT64_C(0xF13F8C4EF5E2D299),
        UINT32_C(340),
        UINT32_C(128),
        {0xC1,0x04,0x07,0xFE,0x5E,0x82,0x0B,0x6F,0x39,0xEB,0xBB,0x62,0x75,0x3A,0x32,0x08,0x2E,0x04,0xDA,0x9C,0xCA,0x76,0x76,0xFF,0x6E,0x51,0x17,0xE6,0x42,0x5C,0x87,0x77},
        {0x92,0x18,0x85,0x1C,0x16,0xD0,0xC5,0x2F,0x2A,0x35,0xB7,0xC8,0x69,0x4B,0x1E,0xB6,0x17,0x88,0x56,0xA1,0x17,0xF3,0xCA,0x53,0x10,0xA5,0xA3,0x1F,0xD8,0xBB,0xC5,0x2F},
    },
    {
        UINT32_C(19844),
        UINT64_C(0x5BF4F99B09230C50),
        UINT32_C(340),
        UINT32_C(128),
        {0x75,0x3E,0x79,0x82,0xEF,0xDD,0x30,0x94,0x64,0xF0,0x4A,0xB9,0xF1,0x27,0x5D,0x6A,0x65,0xD2,0xBA,0xC8,0x84,0x71,0x43,0xA4,0x9C,0xD4,0xB8,0x89,0xB7,0x35,0xE7,0x00},
        {0xCF,0x9E,0x2A,0x13,0xA2,0xF6,0x43,0x80,0x59,0x4B,0x80,0x68,0x9E,0x51,0x9E,0x0D,0xF1,0x40,0x6D,0xAC,0xA1,0xB1,0x00,0x1A,0x3B,0x04,0xA3,0x1B,0x18,0x1E,0xAC,0x87},
    },
    {
        UINT32_C(19918),
        UINT64_C(0x362681821F45EF02),
        UINT32_C(340),
        UINT32_C(128),
        {0xF2,0x9F,0xA9,0xC1,0xB9,0x12,0xA3,0x22,0xE4,0xFD,0x2A,0x7E,0x1C,0x08,0x41,0x45,0x66,0x71,0xC6,0x9B,0xE4,0xD5,0x9F,0x6B,0xBB,0x6C,0x11,0xCE,0x62,0x77,0xE1,0x77},
        {0x00,0x62,0x2F,0x47,0xFD,0x04,0x7D,0x13,0x9F,0x8A,0xA5,0x17,0x9E,0xC6,0x4A,0xFE,0xB3,0x3A,0x4B,0xA2,0x44,0xAD,0x38,0xDB,0xB9,0x66,0xA5,0x83,0x6B,0xF1,0x44,0x1D},
    },
    {
        UINT32_C(19942),
        UINT64_C(0x94881B3F5654B488),
        UINT32_C(340),
        UINT32_C(128),
        {0x72,0xC5,0x1E,0x40,0x69,0x28,0x2D,0xE9,0x16,0xCA,0x18,0xF5,0xCC,0x88,0x21,0xF7,0x16,0x58,0x57,0xFF,0x79,0x0F,0x93,0x3E,0x0B,0x84,0x0C,0x02,0x8D,0x5F,0x05,0x42},
        {0x72,0x23,0x50,0x0E,0x28,0x73,0x4A,0x34,0xDD,0x00,0xC7,0x1B,0xC0,0x87,0x03,0xD9,0x5B,0x34,0xD3,0x5E,0x60,0x0E,0x98,0x51,0x0B,0x28,0x09,0x80,0x57,0x2C,0xC4,0xC9},
    },
    {
        UINT32_C(20028),
        UINT64_C(0x5D470FB3CA470087),
        UINT32_C(1302),
        UINT32_C(985),
        {0x75,0xC4,0x6F,0xFF,0x31,0xD0,0x57,0x13,0x05,0x58,0xA1,0xC9,0xB0,0x72,0xA5,0x7E,0x94,0x09,0x2D,0x04,0x2B,0xFD,0x2A,0x12,0x11,0x5C,0x77,0xC1,0x3F,0x61,0xC6,0x3A},
        {0x1C,0x3B,0x3C,0xBB,0x2C,0xD7,0xE6,0x8B,0xAF,0x25,0x36,0x2C,0x35,0x32,0xEB,0xBF,0x5E,0xE0,0x00,0x62,0x3F,0xDE,0x89,0x04,0x25,0xB5,0xBF,0x30,0x41,0x54,0x68,0xAD},
    },
    {
        UINT32_C(20048),
        UINT64_C(0x0C9E43B7C183E6C3),
        UINT32_C(340),
        UINT32_C(128),
        {0x4F,0x60,0x6A,0x1D,0x69,0x76,0x22,0x6C,0x35,0xB9,0xDD,0x99,0xDB,0x8E,0xAD,0x08,0x4D,0x8A,0x6C,0x76,0x7C,0x3C,0x55,0xDA,0x88,0x9C,0x23,0x2F,0x5D,0xA3,0xAB,0xF0},
        {0xA9,0x92,0x8E,0x21,0x29,0x91,0xEE,0xA1,0x6A,0xDE,0x0D,0x8A,0xE6,0x45,0x8C,0x4B,0x9C,0xED,0x70,0x1C,0x46,0x9B,0xD4,0x2C,0xAB,0x44,0x52,0x41,0xF9,0x8A,0x84,0x57},
    },
    {
        UINT32_C(20116),
        UINT64_C(0x72EE0AC42B589D07),
        UINT32_C(1024),
        UINT32_C(600),
        {0x80,0x22,0x58,0xE1,0xBD,0x87,0xD2,0x6A,0x39,0xC7,0x97,0x73,0x68,0x85,0x51,0xD2,0xEA,0x3F,0x9B,0x57,0xDA,0x69,0x1E,0x18,0x25,0x6C,0xB8,0x00,0x76,0x05,0x84,0x4E},
        {0x63,0xBF,0x36,0x91,0xB4,0x0B,0xDC,0x30,0xBF,0x65,0x85,0xC5,0xD7,0xC7,0x86,0x96,0x21,0x4C,0x49,0xEE,0x89,0x5D,0x98,0xF5,0x82,0x3D,0x99,0x25,0x22,0x5D,0x32,0x72},
    },
    {
        UINT32_C(20170),
        UINT64_C(0x7E8D9B3D07A33650),
        UINT32_C(352),
        UINT32_C(163),
        {0x68,0x94,0x5A,0x2A,0xDC,0x92,0x33,0xD9,0xA1,0xCC,0xAB,0xF4,0x12,0x76,0x38,0x1B,0x1A,0x2A,0x65,0xD8,0x2B,0x02,0x84,0x3D,0x89,0x63,0x85,0xD4,0xE9,0x11,0x03,0xA1},
        {0x4A,0x7B,0xFC,0x06,0x8E,0x1F,0x32,0xB9,0xF6,0xE3,0x60,0x49,0x23,0xB9,0x5C,0xE6,0x54,0x7D,0x20,0x74,0x86,0x9A,0xA6,0x52,0xC2,0x04,0xF1,0x5B,0xA6,0xCD,0x01,0xCA},
    },
    {
        UINT32_C(20184),
        UINT64_C(0x0EA94BB9E041AE50),
        UINT32_C(923),
        UINT32_C(30),
        {0x88,0xEB,0x47,0x44,0x8D,0x63,0xDF,0x7B,0xF8,0x61,0xD8,0x56,0x63,0x98,0x43,0x22,0xD3,0xEB,0xD1,0xBE,0x54,0x42,0x9F,0x8F,0x02,0x4C,0xE2,0xB5,0xA0,0xA1,0x06,0xC6},
        {0xAD,0x0F,0x82,0x9A,0xAE,0x7F,0x85,0x3E,0x07,0xC1,0xEE,0xAB,0x39,0x43,0xB3,0x0C,0x0F,0x62,0x00,0x77,0xCB,0x63,0x95,0x67,0x00,0x46,0x95,0xBC,0xBE,0x5D,0xC8,0x84},
    },
    {
        UINT32_C(20308),
        UINT64_C(0x5AEFE32122FAF11B),
        UINT32_C(340),
        UINT32_C(128),
        {0x9A,0x47,0x0F,0x7B,0x44,0xD3,0x6A,0x95,0x4F,0xF5,0x90,0x30,0x17,0x2C,0xEF,0xFC,0xCD,0xF0,0x47,0xDF,0xE5,0xEC,0xE7,0x42,0x99,0x0D,0x00,0x56,0x0D,0x56,0x87,0x5A},
        {0x47,0x81,0x14,0x77,0xBB,0xD7,0x84,0x5C,0x1B,0x44,0x79,0x18,0x8C,0xC2,0x7D,0x45,0x4F,0x75,0x79,0x4C,0x59,0x22,0xF4,0x13,0xD2,0x74,0x12,0xE5,0xED,0x44,0xEA,0x68},
    },
    {
        UINT32_C(20430),
        UINT64_C(0xF755FFE3A012E9E5),
        UINT32_C(352),
        UINT32_C(163),
        {0xAB,0x01,0x81,0x0F,0xF8,0x3D,0x08,0xD2,0xCA,0xB5,0x3D,0x3D,0x7D,0xEB,0x44,0x21,0x7D,0xFC,0xAF,0x3C,0x51,0x99,0xD7,0x07,0xC7,0x08,0xC2,0x8A,0xAA,0x05,0x97,0x0B},
        {0x23,0x55,0x1E,0xAF,0x2C,0x33,0xD0,0xBF,0xE0,0x1A,0x7B,0x76,0x34,0x97,0xC0,0x3C,0xB8,0xF8,0xD3,0xF7,0x0B,0x67,0xEB,0x51,0x26,0xAF,0x22,0xB2,0x44,0xA7,0x4C,0xEA},
    },
    {
        UINT32_C(20476),
        UINT64_C(0x7EDCC5D737DBD31D),
        UINT32_C(352),
        UINT32_C(163),
        {0x51,0x24,0x0D,0x0E,0xA1,0xF5,0xFE,0x8A,0x13,0xF1,0x97,0x31,0xCF,0xD0,0x39,0x00,0xD7,0x52,0x39,0x3B,0x12,0x74,0x17,0x13,0x6A,0x66,0x8B,0xE9,0x1E,0x5D,0x28,0xEE},
        {0x21,0x23,0x50,0x49,0xE1,0xD5,0x37,0xF7,0x0A,0x95,0x6B,0x28,0xEB,0x21,0xE4,0x02,0x1F,0x4D,0xB1,0x60,0x43,0xD3,0x66,0x76,0xE9,0x8D,0x7E,0xD8,0x94,0x15,0x9D,0x2A},
    },
    {
        UINT32_C(20762),
        UINT64_C(0x3FB5E59CFB709170),
        UINT32_C(148),
        UINT32_C(228),
        {0x82,0x7C,0x44,0xB5,0x0F,0x25,0x34,0xA7,0x8E,0x68,0x55,0xD4,0xC1,0xEA,0xBB,0xB2,0x8B,0x88,0x98,0x24,0x73,0x7F,0xF1,0x07,0xEC,0xCF,0x6C,0x8B,0xB5,0x4A,0xD7,0x94},
        {0xCF,0x3C,0xDB,0x35,0x34,0xB3,0xFD,0x12,0xAA,0x6A,0x78,0xBE,0xCA,0x8D,0x47,0xB3,0x54,0xD4,0x35,0xAF,0x47,0xB7,0xC8,0x22,0x1D,0x20,0xB3,0xC1,0x34,0x2A,0xA3,0x36},
    },
    {
        UINT32_C(20804),
        UINT64_C(0x9947408CBE73A2E4),
        UINT32_C(340),
        UINT32_C(128),
        {0xD4,0xCC,0xCC,0xFE,0x72,0x82,0x96,0x32,0x90,0x1E,0x17,0x17,0x08,0x53,0x82,0x6B,0x27,0x71,0x30,0xAF,0x81,0x13,0xE5,0xA0,0x4C,0x5A,0x1B,0xC9,0x37,0x24,0x00,0x83},
        {0xFB,0x90,0x2B,0x5A,0xF8,0xED,0xB5,0xDE,0xB4,0xBA,0x76,0x05,0x46,0x89,0x1F,0xA7,0xD8,0xF4,0x0A,0xDD,0x91,0x5E,0x77,0x7C,0x95,0xC4,0xEB,0xA2,0x2D,0xB2,0xBA,0x06},
    },
    {
        UINT32_C(20806),
        UINT64_C(0x0E6E41CD865118C8),
        UINT32_C(1280),
        UINT32_C(80),
        {0x6B,0x03,0x21,0x73,0x83,0x8F,0x46,0x28,0x07,0xCE,0x6C,0x60,0xBD,0xCB,0x7D,0x4D,0x98,0x89,0x8C,0x45,0x55,0x3C,0x9D,0x4E,0xB2,0x57,0xDF,0xBE,0xD4,0x14,0xF9,0xE5},
        {0x69,0x0F,0x14,0x17,0xB4,0x57,0xE4,0x2B,0xA6,0x20,0xDD,0x81,0x87,0x65,0x2B,0x9D,0x08,0xA0,0xCE,0xCA,0x35,0xBC,0x36,0xEC,0x6A,0x0D,0xF8,0x50,0x06,0xC5,0xDA,0x06},
    },
    {
        UINT32_C(20854),
        UINT64_C(0x29B719194DF71E65),
        UINT32_C(194),
        UINT32_C(116),
        {0xB1,0x19,0xB6,0x73,0x73,0xF3,0x1E,0x79,0xC6,0x40,0x1E,0xF7,0xB1,0x33,0xA7,0x52,0x17,0x34,0x86,0x95,0x8A,0xD7,0x67,0x05,0x97,0x00,0xE0,0x3E,0xFD,0x3B,0x20,0xEA},
        {0xA3,0x62,0x99,0x07,0xA8,0x0C,0x4F,0x0D,0xC8,0x51,0x9B,0x70,0xF8,0x90,0xCB,0x10,0x03,0x9D,0x3D,0x0B,0xDC,0x1B,0xD3,0x92,0xDB,0x0C,0x66,0xE4,0xA8,0x81,0x8D,0xC3},
    },
    {
        UINT32_C(20866),
        UINT64_C(0xE2E77F2A19F4B1C1),
        UINT32_C(340),
        UINT32_C(128),
        {0x0E,0xAA,0x5F,0x4E,0x3D,0xFB,0x1A,0x2D,0x56,0x90,0xE7,0x34,0x1B,0x99,0x98,0x85,0xCC,0xED,0x3E,0xC3,0xE5,0x21,0x33,0x0A,0x0F,0x4E,0x4C,0x4A,0x24,0x99,0xB0,0x1E},
        {0xD3,0x02,0x1E,0xB9,0x40,0x26,0x66,0x60,0xB3,0x21,0x6C,0xAF,0xE3,0x31,0xCF,0x3F,0xE3,0x18,0xEE,0x57,0x31,0x61,0xF6,0x4A,0x08,0x8E,0x6C,0xD1,0x90,0xFC,0x1A,0xD2},
    },
    {
        UINT32_C(20944),
        UINT64_C(0x72EF2BA20EDEC84E),
        UINT32_C(1280),
        UINT32_C(80),
        {0xDE,0xF5,0x93,0xFF,0x9A,0x37,0x33,0xF3,0x0D,0x73,0xFA,0x4D,0x44,0x8B,0x3C,0x1C,0x03,0x23,0x79,0x65,0x7D,0x86,0x0F,0x9F,0xCC,0xD7,0x60,0x95,0x85,0x73,0x9B,0xF9},
        {0xC9,0x0D,0x74,0x07,0xF8,0x96,0x8E,0x14,0x9B,0x75,0x4B,0x17,0x2B,0xBA,0x46,0x3B,0x63,0xB9,0xDB,0x03,0xEB,0x39,0x14,0x97,0x70,0x81,0xFB,0x56,0x54,0x94,0xF1,0xBC},
    },
    {
        UINT32_C(21112),
        UINT64_C(0xB3D15D168BAAB1CC),
        UINT32_C(1280),
        UINT32_C(80),
        {0x6B,0x03,0x21,0x73,0x83,0x8F,0x46,0x28,0x07,0xCE,0x6C,0x60,0xBD,0xCB,0x7D,0x4D,0x98,0x89,0x8C,0x45,0x55,0x3C,0x9D,0x4E,0xB2,0x57,0xDF,0xBE,0xD4,0x14,0xF9,0xE5},
        {0x69,0x0F,0x14,0x17,0xB4,0x57,0xE4,0x2B,0xA6,0x20,0xDD,0x81,0x87,0x65,0x2B,0x9D,0x08,0xA0,0xCE,0xCA,0x35,0xBC,0x36,0xEC,0x6A,0x0D,0xF8,0x50,0x06,0xC5,0xDA,0x06},
    },
    {
        UINT32_C(21128),
        UINT64_C(0xA665CFEE626F19A2),
        UINT32_C(340),
        UINT32_C(128),
        {0x48,0xF1,0x77,0x63,0x3D,0xB7,0x68,0x53,0xDC,0x5B,0xC7,0x0E,0xB7,0x58,0xFC,0x9C,0x8C,0xBA,0xB1,0x61,0x56,0x35,0x86,0xE9,0x1C,0x0A,0xBB,0x65,0x32,0x03,0x7B,0x0A},
        {0xAF,0xC2,0xE6,0x2C,0x59,0xD7,0x8F,0xEE,0x41,0x4D,0xAB,0xB2,0x63,0x84,0x80,0x1E,0x6B,0x05,0x42,0x4F,0x37,0x74,0x45,0x9B,0xBA,0x6B,0x3B,0x95,0xD4,0xCE,0x98,0xC5},
    },
    {
        UINT32_C(21352),
        UINT64_C(0xFB822641A845CB7D),
        UINT32_C(194),
        UINT32_C(116),
        {0xEC,0x13,0x65,0x8B,0xA1,0x51,0x7F,0x39,0xE7,0x22,0x82,0xB9,0xB9,0x5E,0x94,0xE1,0x8E,0x4B,0x03,0x3A,0x06,0xC8,0x4E,0x3B,0x3D,0xAC,0x9F,0x1E,0x48,0x14,0x91,0x3A},
        {0x92,0x66,0xF5,0x49,0x96,0xE8,0x9F,0xCE,0x8D,0xA7,0xBB,0x73,0x1A,0x11,0x8A,0x25,0xF8,0x25,0xC1,0xD9,0x5A,0xAF,0x6B,0xE2,0x23,0xD1,0x43,0xDD,0x55,0xB5,0xAC,0x82},
    },
    {
        UINT32_C(21550),
        UINT64_C(0x327475201C86FAA4),
        UINT32_C(148),
        UINT32_C(228),
        {0x46,0xDB,0x70,0x9D,0x1A,0xAB,0x97,0x1D,0xF2,0x2C,0xAB,0x82,0x3A,0x89,0x75,0x0A,0xA1,0x59,0x7C,0x13,0x92,0xFA,0x6D,0x40,0xFA,0x8A,0xFE,0x7E,0xE8,0xEF,0x38,0x0A},
        {0xBA,0x97,0xDB,0x95,0xAB,0x7A,0x3A,0x67,0x5A,0xED,0xA1,0x21,0xC6,0x82,0x9F,0xBE,0x38,0x16,0x15,0x49,0x08,0xA8,0x0B,0xE0,0x26,0x14,0xE3,0xDB,0x07,0x94,0xFB,0x36},
    },
    {
        UINT32_C(21568),
        UINT64_C(0x8150642169F67FC4),
        UINT32_C(352),
        UINT32_C(163),
        {0x7E,0x22,0x93,0xF1,0x7A,0xB9,0x10,0x5C,0xE0,0xE7,0x30,0x4D,0x50,0x49,0x7C,0xCD,0x34,0x59,0x51,0x7A,0x86,0xE9,0x95,0x3C,0xD0,0xED,0x6F,0x4D,0x97,0x89,0xA4,0x7C},
        {0x6E,0x06,0xBC,0x4C,0x73,0xC9,0x11,0xC3,0xD0,0x49,0x25,0x5A,0xC0,0x3F,0x37,0xDB,0x6A,0x8A,0xEB,0x17,0x4E,0xC8,0xA2,0x5C,0x55,0xDD,0xAF,0x5C,0xFE,0xFB,0x5B,0xFF},
    },
    {
        UINT32_C(21812),
        UINT64_C(0x319DB65ADB3CC11D),
        UINT32_C(148),
        UINT32_C(228),
        {0xB4,0x02,0x6E,0x71,0xEF,0x8A,0xED,0xCE,0x93,0x84,0xE7,0x25,0x6A,0xF5,0x16,0xEB,0x81,0x76,0xAE,0x8A,0x71,0xFE,0xA6,0xA2,0xF2,0xA4,0x1A,0x93,0xA8,0x12,0x07,0xBF},
        {0x4C,0x4D,0x5F,0x74,0xE4,0x95,0x32,0xBC,0x78,0x8D,0x61,0xD3,0x9F,0x1B,0xAF,0x9F,0x4B,0x69,0x52,0x2E,0x81,0x78,0xA2,0xDC,0x71,0x70,0x41,0x75,0xD5,0x8C,0x55,0xC6},
    },
    {
        UINT32_C(22118),
        UINT64_C(0x2B5E9B8737379239),
        UINT32_C(352),
        UINT32_C(163),
        {0x51,0x24,0x0D,0x0E,0xA1,0xF5,0xFE,0x8A,0x13,0xF1,0x97,0x31,0xCF,0xD0,0x39,0x00,0xD7,0x52,0x39,0x3B,0x12,0x74,0x17,0x13,0x6A,0x66,0x8B,0xE9,0x1E,0x5D,0x28,0xEE},
        {0x21,0x23,0x50,0x49,0xE1,0xD5,0x37,0xF7,0x0A,0x95,0x6B,0x28,0xEB,0x21,0xE4,0x02,0x1F,0x4D,0xB1,0x60,0x43,0xD3,0x66,0x76,0xE9,0x8D,0x7E,0xD8,0x94,0x15,0x9D,0x2A},
    },
    {
        UINT32_C(22744),
        UINT64_C(0xEBF875C584A1E7DD),
        UINT32_C(1280),
        UINT32_C(80),
        {0xCE,0x35,0x43,0x03,0xF3,0x2F,0x33,0x15,0x68,0xD1,0x51,0xF0,0xD8,0xDD,0xE0,0x25,0x56,0x0C,0x9B,0xDA,0xDF,0x99,0x9B,0x8A,0xA8,0x1C,0x3E,0x47,0x2D,0x23,0xE2,0xE7},
        {0xCE,0xDD,0x53,0x19,0xD2,0xB8,0xDC,0xC0,0xCE,0x98,0xF8,0x1C,0x56,0x7A,0x78,0x5B,0x27,0xB9,0xB2,0xA8,0x0A,0x3D,0x00,0xC5,0x50,0x27,0xAF,0x25,0x68,0xE9,0x26,0xB9},
    },
    {
        UINT32_C(22754),
        UINT64_C(0x458D9192A778E91E),
        UINT32_C(340),
        UINT32_C(128),
        {0x5C,0xE3,0x2C,0xE9,0x04,0xF0,0x38,0x70,0x23,0x2B,0x8C,0xE6,0x62,0x6D,0x31,0xF7,0x9C,0x7C,0x0C,0xAE,0xF6,0xC9,0xF2,0xA7,0xBB,0x5F,0xBA,0x9D,0x66,0x2E,0x91,0xF0},
        {0x8B,0x39,0x21,0x39,0x0D,0x04,0xC1,0x59,0xC0,0xE5,0xAD,0x51,0x9A,0x0F,0xA7,0x3E,0x55,0x7C,0x3F,0x94,0x11,0x6D,0x2B,0x76,0x81,0xCA,0x08,0xE0,0x9F,0xDE,0xD8,0xAE},
    },
    {
        UINT32_C(22864),
        UINT64_C(0xEFBFF28AB68FF973),
        UINT32_C(148),
        UINT32_C(228),
        {0xCF,0x28,0x47,0xC1,0xDD,0x30,0x14,0x5C,0x80,0xE7,0x16,0x1D,0x97,0xB4,0x45,0x7B,0xE8,0xB3,0xD9,0xBD,0x52,0xA1,0x8A,0x62,0x0C,0x11,0x04,0xB3,0xC5,0x9D,0xCC,0xCE},
        {0x31,0x5B,0xD1,0xD8,0xE4,0x6B,0x2B,0xB2,0xC5,0x53,0x75,0x21,0x5C,0x1C,0xB6,0xCB,0xA1,0x68,0x97,0x6B,0xE2,0x4B,0x2E,0x42,0x12,0x53,0xAE,0xB9,0xE6,0xB9,0x71,0x7F},
    },
    {
        UINT32_C(22896),
        UINT64_C(0xFA0D5522555C8223),
        UINT32_C(148),
        UINT32_C(228),
        {0xAD,0xDF,0x32,0xB5,0xB6,0x99,0xE7,0x85,0x4B,0xB3,0xEE,0xA7,0xB4,0xD8,0xCA,0x89,0x0F,0x91,0x9C,0x89,0x7C,0xC2,0x40,0x39,0xD0,0xDA,0xE1,0x04,0xF0,0xAE,0x39,0x00},
        {0xBF,0x91,0xD7,0x1C,0xFD,0x1C,0x64,0x1F,0x5E,0x94,0x00,0x83,0x88,0xC4,0x15,0x8E,0x53,0x1B,0x6A,0x6A,0xF5,0x46,0x61,0x17,0xFB,0x64,0x85,0x2A,0xD4,0xD0,0x0C,0x8E},
    },
    {
        UINT32_C(22914),
        UINT64_C(0x9E3CB1D7E420A393),
        UINT32_C(753),
        UINT32_C(51),
        {0x40,0xBA,0x11,0xC5,0x21,0x0B,0xFB,0x3F,0x23,0xA9,0x39,0x1E,0x27,0x80,0xFD,0x8B,0xDC,0x53,0x7D,0xF7,0x84,0xB4,0xB0,0x03,0x50,0x65,0xCB,0x1D,0xD5,0xBE,0x8B,0x71},
        {0xE9,0x73,0xB2,0x90,0x66,0x65,0xCD,0xB8,0xA3,0x88,0x19,0xE2,0x27,0x80,0xE0,0x80,0x1C,0xFD,0x4D,0x8C,0x0F,0x30,0xB5,0x77,0x34,0xD1,0x63,0x99,0x5B,0xC0,0x97,0x7F},
    },
    {
        UINT32_C(23240),
        UINT64_C(0x4B93BF125D2430E6),
        UINT32_C(340),
        UINT32_C(128),
        {0xB1,0xE6,0x68,0xB3,0x27,0x07,0xC1,0x5B,0xAA,0x3A,0xB8,0x62,0x48,0x67,0xCA,0xE5,0x1E,0xF6,0xAF,0x98,0xA2,0xA9,0x63,0x4B,0x7D,0xA5,0xE6,0x4A,0x49,0x10,0x06,0x33},
        {0xF8,0x39,0x37,0xC9,0x58,0x3F,0xA6,0x16,0x80,0xCF,0x70,0x17,0xC5,0xB7,0xCA,0xDB,0x56,0x1B,0x38,0x75,0x53,0x6A,0x3C,0x54,0x3A,0x3D,0x8C,0x92,0xAB,0x70,0xCE,0x91},
    },
    {
        UINT32_C(23264),
        UINT64_C(0x4179F7BF21F5F38A),
        UINT32_C(340),
        UINT32_C(128),
        {0xB6,0x5A,0x85,0x68,0xD1,0x37,0x69,0xEE,0x4A,0xF1,0x28,0x25,0x3B,0x93,0x1A,0xF6,0x0C,0x72,0xD2,0x89,0x8E,0xAC,0xD2,0xDE,0x69,0xD4,0x26,0xC1,0x13,0x98,0xB6,0x8A},
        {0x24,0x6F,0x0E,0x6D,0xB1,0x6E,0xAA,0xD5,0x5D,0x63,0x75,0x49,0xDB,0x8F,0x80,0x3A,0x90,0x5B,0x43,0x2E,0xBD,0xA6,0x49,0xC5,0x1E,0xE3,0x6E,0x5B,0x58,0xC2,0x97,0x6F},
    },
    {
        UINT32_C(23368),
        UINT64_C(0xDC3F8F81583BBE5D),
        UINT32_C(340),
        UINT32_C(128),
        {0x94,0x78,0xA2,0xE8,0x38,0x1A,0xCF,0x7D,0x55,0xA5,0xAD,0x53,0x88,0xCF,0x45,0x10,0x57,0xAD,0x77,0x19,0x4D,0x74,0x76,0xF3,0x10,0x64,0x18,0x93,0xA1,0x97,0x22,0x18},
        {0x9D,0x82,0x23,0x0A,0x05,0xE8,0x5B,0xAE,0xEF,0x0D,0xA4,0x56,0xEF,0xA7,0xC8,0x98,0x54,0x6D,0xBA,0x87,0x1C,0xA4,0xC5,0x7E,0xB3,0xA2,0x9F,0x2A,0x00,0x18,0x4F,0x41},
    },
    {
        UINT32_C(23372),
        UINT64_C(0x6F3822BD3568DA36),
        UINT32_C(340),
        UINT32_C(128),
        {0x61,0xD0,0x56,0xE3,0xF3,0xDF,0xE3,0x89,0xFA,0x77,0xBB,0xCB,0x87,0x85,0xAD,0xB6,0x9E,0x53,0x44,0xF3,0x0A,0xEC,0x29,0x7A,0xDA,0xCB,0x98,0xED,0x49,0xF3,0x63,0x36},
        {0x5A,0xDC,0x33,0xD2,0xF2,0x6C,0xDB,0x7E,0x95,0xFF,0xCF,0xF1,0xC5,0xFC,0x79,0x64,0x78,0xC9,0xC9,0x8A,0x81,0x95,0x28,0x42,0xA9,0x1E,0x10,0x6D,0xD2,0x5A,0xCC,0x63},
    },
    {
        UINT32_C(23402),
        UINT64_C(0xBB20B0AF6A52489D),
        UINT32_C(148),
        UINT32_C(228),
        {0xD8,0xFB,0xFB,0x73,0xE2,0xEC,0xA2,0x81,0xFB,0x02,0xD2,0x41,0x16,0x1D,0x25,0x6B,0xCF,0xE7,0xD2,0xAE,0x9E,0xEA,0xD6,0x55,0xE3,0x29,0x0D,0xD6,0x97,0xE8,0xCE,0xBB},
        {0x3C,0x67,0x5F,0x3E,0x4C,0x6F,0x23,0x96,0x9D,0x91,0xF9,0x2E,0x60,0xC5,0x52,0x06,0x2B,0x18,0xA2,0x09,0x23,0xB7,0x9F,0x3A,0x83,0x83,0x98,0x5F,0x34,0xD7,0x35,0x61},
    },
    {
        UINT32_C(23460),
        UINT64_C(0x8520C649F775CDA6),
        UINT32_C(148),
        UINT32_C(228),
        {0x82,0x7C,0x44,0xB5,0x0F,0x25,0x34,0xA7,0x8E,0x68,0x55,0xD4,0xC1,0xEA,0xBB,0xB2,0x8B,0x88,0x98,0x24,0x73,0x7F,0xF1,0x07,0xEC,0xCF,0x6C,0x8B,0xB5,0x4A,0xD7,0x94},
        {0xCF,0x3C,0xDB,0x35,0x34,0xB3,0xFD,0x12,0xAA,0x6A,0x78,0xBE,0xCA,0x8D,0x47,0xB3,0x54,0xD4,0x35,0xAF,0x47,0xB7,0xC8,0x22,0x1D,0x20,0xB3,0xC1,0x34,0x2A,0xA3,0x36},
    },
    {
        UINT32_C(23528),
        UINT64_C(0x1FA3C0F6B95A60D3),
        UINT32_C(352),
        UINT32_C(163),
        {0x7E,0x22,0x93,0xF1,0x7A,0xB9,0x10,0x5C,0xE0,0xE7,0x30,0x4D,0x50,0x49,0x7C,0xCD,0x34,0x59,0x51,0x7A,0x86,0xE9,0x95,0x3C,0xD0,0xED,0x6F,0x4D,0x97,0x89,0xA4,0x7C},
        {0x6E,0x06,0xBC,0x4C,0x73,0xC9,0x11,0xC3,0xD0,0x49,0x25,0x5A,0xC0,0x3F,0x37,0xDB,0x6A,0x8A,0xEB,0x17,0x4E,0xC8,0xA2,0x5C,0x55,0xDD,0xAF,0x5C,0xFE,0xFB,0x5B,0xFF},
    },
    {
        UINT32_C(23552),
        UINT64_C(0xD98ADB64636D98D3),
        UINT32_C(1302),
        UINT32_C(985),
        {0x5E,0xCB,0x5E,0x67,0xE8,0x7A,0xBB,0x0C,0xD1,0x3B,0x39,0x01,0xEF,0x13,0x96,0x5C,0x93,0xEB,0x49,0x6F,0x68,0x5E,0xE8,0x38,0x13,0x66,0xD0,0x7A,0xE4,0x01,0xA3,0xC5},
        {0xC4,0x33,0x9F,0x85,0x88,0x55,0x52,0x78,0xC5,0x0F,0x15,0x7F,0xA7,0xB9,0x43,0x07,0xA2,0x35,0x8D,0xA9,0x25,0x13,0x07,0xCD,0xFC,0xD2,0x39,0xDC,0xDA,0xEE,0x37,0x38},
    },
    {
        UINT32_C(23574),
        UINT64_C(0x9D6C677B6191CC57),
        UINT32_C(352),
        UINT32_C(163),
        {0x5A,0x81,0xFB,0xE2,0xB0,0xE7,0xF0,0x20,0x1D,0x05,0x85,0x16,0x6F,0xAA,0x0E,0x11,0x6E,0x81,0x6A,0xE0,0xBF,0xEE,0xFD,0xF1,0x88,0xE8,0x2A,0xD8,0x97,0x58,0x58,0xB3},
        {0xF1,0xB4,0x28,0xC1,0x21,0x61,0xB2,0x45,0x62,0x52,0xC6,0xC1,0x7A,0x13,0x02,0xC8,0x2F,0xE8,0xEB,0x89,0xDA,0xCA,0x3E,0x5D,0x10,0x7C,0x6B,0x53,0x6E,0xCE,0xFB,0x60},
    },
    {
        UINT32_C(23580),
        UINT64_C(0x2DD8F82758B0825F),
        UINT32_C(340),
        UINT32_C(128),
        {0x17,0xA4,0xE0,0x32,0xE7,0x5E,0xCC,0x37,0x58,0x9A,0x97,0xBE,0x76,0xAC,0xFB,0x84,0x79,0x7A,0x10,0xB2,0x4A,0x78,0xD9,0x0F,0xFA,0x11,0x0C,0x84,0x42,0xCE,0x68,0xD2},
        {0x1A,0x1F,0x2E,0x26,0xDD,0xBC,0xB9,0x6B,0x4C,0x6B,0xF6,0x69,0x9E,0x64,0xFB,0x99,0xDB,0x31,0x0B,0x77,0xB3,0x72,0x35,0x63,0xC7,0xC8,0xAB,0xB9,0x3D,0xC1,0x33,0x66},
    },
    {
        UINT32_C(23582),
        UINT64_C(0x225AD6143931C4CB),
        UINT32_C(148),
        UINT32_C(228),
        {0x22,0x6B,0x32,0xDA,0xC5,0xC9,0xC6,0x89,0x3B,0xE6,0xD5,0xD0,0x13,0xC0,0x39,0xFC,0xFE,0xA7,0x24,0x7C,0x2C,0x5C,0xD0,0x0A,0x2E,0x3F,0xCB,0xEE,0xF8,0x92,0x03,0x2F},
        {0x5E,0x36,0xF4,0x59,0xE5,0x52,0x3F,0x94,0xB1,0x9A,0x7C,0x64,0x9D,0xEC,0xD2,0x17,0x77,0x6A,0x00,0x04,0x1A,0xF1,0xB0,0x29,0x4A,0x27,0x7D,0xD3,0x35,0xA8,0x7E,0xDD},
    },
    {
        UINT32_C(23616),
        UINT64_C(0x8EE3BBF2ED32B28F),
        UINT32_C(148),
        UINT32_C(228),
        {0xAD,0xDF,0x32,0xB5,0xB6,0x99,0xE7,0x85,0x4B,0xB3,0xEE,0xA7,0xB4,0xD8,0xCA,0x89,0x0F,0x91,0x9C,0x89,0x7C,0xC2,0x40,0x39,0xD0,0xDA,0xE1,0x04,0xF0,0xAE,0x39,0x00},
        {0xBF,0x91,0xD7,0x1C,0xFD,0x1C,0x64,0x1F,0x5E,0x94,0x00,0x83,0x88,0xC4,0x15,0x8E,0x53,0x1B,0x6A,0x6A,0xF5,0x46,0x61,0x17,0xFB,0x64,0x85,0x2A,0xD4,0xD0,0x0C,0x8E},
    },
    {
        UINT32_C(23776),
        UINT64_C(0xB14BD8ACF7978058),
        UINT32_C(148),
        UINT32_C(228),
        {0xB4,0x02,0x6E,0x71,0xEF,0x8A,0xED,0xCE,0x93,0x84,0xE7,0x25,0x6A,0xF5,0x16,0xEB,0x81,0x76,0xAE,0x8A,0x71,0xFE,0xA6,0xA2,0xF2,0xA4,0x1A,0x93,0xA8,0x12,0x07,0xBF},
        {0x4C,0x4D,0x5F,0x74,0xE4,0x95,0x32,0xBC,0x78,0x8D,0x61,0xD3,0x9F,0x1B,0xAF,0x9F,0x4B,0x69,0x52,0x2E,0x81,0x78,0xA2,0xDC,0x71,0x70,0x41,0x75,0xD5,0x8C,0x55,0xC6},
    },
    {
        UINT32_C(23908),
        UINT64_C(0x6583394D5E7C8BB0),
        UINT32_C(340),
        UINT32_C(128),
        {0x76,0x4A,0x41,0xBF,0xA3,0x69,0x39,0x37,0xBB,0xAD,0xD9,0x5A,0x2E,0xD1,0x92,0x0C,0xC1,0x34,0x80,0xB9,0xE1,0x61,0x88,0xDF,0x88,0x74,0x2A,0x93,0xC6,0x25,0x36,0x25},
        {0x90,0x06,0x08,0x4A,0x00,0xA6,0x4C,0x17,0xD1,0xF2,0xD8,0x9B,0xEC,0xF4,0x00,0xA5,0x6B,0xD1,0xB0,0xA0,0xA7,0xD2,0x2D,0x77,0xCC,0xC6,0x68,0x5C,0xBB,0x56,0xF0,0x28},
    },
    {
        UINT32_C(23910),
        UINT64_C(0x596387860A12A6BA),
        UINT32_C(340),
        UINT32_C(128),
        {0xB7,0x73,0xE5,0xA1,0x7E,0x2F,0x1C,0x4F,0x86,0x2B,0x62,0x8D,0x88,0x64,0xE6,0x92,0xC3,0xB9,0x16,0xEF,0xCB,0x0D,0x08,0x0F,0xCD,0x59,0x72,0x81,0x50,0xD2,0x50,0x33},
        {0x6C,0x0E,0x6D,0x80,0x23,0x0C,0x61,0xD1,0x15,0xA9,0x00,0xF0,0x4D,0xDE,0xC5,0x02,0xBA,0xCF,0xDC,0xBE,0xB2,0x29,0xDE,0x58,0x44,0x6E,0xA1,0xAD,0xAE,0xD1,0x2D,0xA9},
    },
    {
        UINT32_C(24036),
        UINT64_C(0x5822EC0ADA48D559),
        UINT32_C(148),
        UINT32_C(228),
        {0x46,0xDB,0x70,0x9D,0x1A,0xAB,0x97,0x1D,0xF2,0x2C,0xAB,0x82,0x3A,0x89,0x75,0x0A,0xA1,0x59,0x7C,0x13,0x92,0xFA,0x6D,0x40,0xFA,0x8A,0xFE,0x7E,0xE8,0xEF,0x38,0x0A},
        {0xBA,0x97,0xDB,0x95,0xAB,0x7A,0x3A,0x67,0x5A,0xED,0xA1,0x21,0xC6,0x82,0x9F,0xBE,0x38,0x16,0x15,0x49,0x08,0xA8,0x0B,0xE0,0x26,0x14,0xE3,0xDB,0x07,0x94,0xFB,0x36},
    },
    {
        UINT32_C(24108),
        UINT64_C(0x5474B833B8F2AD6D),
        UINT32_C(352),
        UINT32_C(163),
        {0x09,0xE8,0x41,0xE3,0x61,0x60,0x03,0x0E,0xC3,0x66,0xF7,0x0A,0x48,0x2C,0x27,0x01,0xC4,0xD2,0x95,0x12,0x98,0x97,0x38,0x4B,0x03,0xDC,0x1E,0x62,0xA5,0xB5,0x8C,0x04},
        {0xC8,0xCC,0x71,0x9E,0x02,0xC1,0x52,0x73,0x29,0xEA,0x5C,0xC9,0xDC,0x01,0xC9,0x12,0xD9,0xDA,0x6D,0xF4,0x95,0xF9,0xCA,0xBB,0x8C,0x11,0x42,0x8A,0xB1,0x4B,0x74,0xD6},
    },
    {
        UINT32_C(24148),
        UINT64_C(0x0DF4E2619FB4C5E8),
        UINT32_C(340),
        UINT32_C(128),
        {0x13,0x01,0xF8,0x89,0x7D,0x3E,0xEC,0x9F,0x13,0xDD,0x82,0x16,0xDF,0x78,0x22,0x7B,0xBC,0x3B,0x5F,0x45,0x20,0x33,0x05,0x92,0x8A,0xAC,0x0E,0x7E,0x16,0x6D,0x31,0xCD},
        {0x93,0x92,0xF8,0x7A,0x81,0xDF,0xC0,0x2A,0xA4,0x0E,0xA3,0x19,0xE9,0x44,0xD8,0xC6,0x03,0x84,0xED,0xEF,0x77,0xE4,0xDF,0x31,0x1C,0x9B,0x8D,0x5B,0xEA,0xF7,0x57,0xFD},
    },
    {
        UINT32_C(24258),
        UINT64_C(0x2DAEF052AA9CD81D),
        UINT32_C(148),
        UINT32_C(228),
        {0x22,0x6B,0x32,0xDA,0xC5,0xC9,0xC6,0x89,0x3B,0xE6,0xD5,0xD0,0x13,0xC0,0x39,0xFC,0xFE,0xA7,0x24,0x7C,0x2C,0x5C,0xD0,0x0A,0x2E,0x3F,0xCB,0xEE,0xF8,0x92,0x03,0x2F},
        {0x5E,0x36,0xF4,0x59,0xE5,0x52,0x3F,0x94,0xB1,0x9A,0x7C,0x64,0x9D,0xEC,0xD2,0x17,0x77,0x6A,0x00,0x04,0x1A,0xF1,0xB0,0x29,0x4A,0x27,0x7D,0xD3,0x35,0xA8,0x7E,0xDD},
    },
    {
        UINT32_C(24276),
        UINT64_C(0x8307024182D269A2),
        UINT32_C(340),
        UINT32_C(128),
        {0x7E,0xD8,0xA3,0x2C,0x61,0x5F,0x07,0x16,0x4B,0xDF,0x78,0x4F,0xDF,0x47,0x43,0xB9,0x04,0x27,0x83,0x6C,0x07,0xAF,0xF0,0x9F,0x4A,0x3B,0x1F,0x34,0xC1,0x7C,0x06,0xC1},
        {0x5A,0x50,0xF5,0x8C,0xE3,0xA6,0x0F,0xCF,0x75,0xA3,0x93,0x20,0xD9,0x4D,0xF6,0x01,0xD3,0x0B,0x4B,0x2D,0xBF,0xE8,0xA8,0xAD,0xFC,0x26,0x34,0x30,0xC7,0x70,0xB2,0xAE},
    },
    {
        UINT32_C(24296),
        UINT64_C(0x9B7FA40D2C656A6F),
        UINT32_C(148),
        UINT32_C(228),
        {0x49,0xEB,0xD9,0xF7,0x34,0x7A,0xDE,0xE0,0xD6,0x91,0xD1,0xAE,0x59,0xD4,0x8B,0x34,0xAD,0x4D,0x29,0x83,0x0C,0x52,0x51,0x4C,0x75,0xA3,0x67,0xE3,0x49,0x8F,0xC9,0xE0},
        {0xBB,0x9A,0x6B,0xB2,0x01,0x80,0xC3,0xD9,0x23,0xF6,0xC6,0x4C,0x10,0x49,0xD2,0xCA,0xA8,0x1F,0x33,0xD3,0x46,0x0C,0x44,0xC4,0x7E,0x79,0x9D,0x26,0x9F,0xDA,0xCE,0x1B},
    },
    {
        UINT32_C(24362),
        UINT64_C(0x3B5756276F72AE46),
        UINT32_C(148),
        UINT32_C(228),
        {0x95,0x10,0x93,0x46,0x55,0x07,0x6E,0x60,0x0E,0x0D,0x2E,0x85,0xD9,0x87,0x7B,0x67,0xA2,0x34,0x6F,0x68,0x1D,0x16,0x48,0x3C,0x4B,0x42,0xF1,0x38,0x4A,0x87,0x37,0xFA},
        {0x2E,0x91,0xFB,0x86,0x6D,0x83,0xAB,0x96,0x38,0x56,0x61,0x3C,0x84,0x82,0xE7,0x0B,0x04,0x17,0xB7,0x74,0xF4,0x11,0x87,0x18,0x0F,0xA2,0x6A,0xCF,0x9B,0xF0,0x28,0x1B},
    },
    {
        UINT32_C(24412),
        UINT64_C(0xE5C46BEED85FA4A5),
        UINT32_C(340),
        UINT32_C(128),
        {0xA6,0x73,0x99,0x13,0x69,0x82,0xAD,0xA1,0xF9,0x15,0x08,0x5A,0x46,0x2C,0xB0,0xFC,0x80,0x28,0x68,0x59,0x7F,0x45,0x33,0x06,0x12,0x11,0x0D,0xBB,0x19,0x5D,0xE0,0x55},
        {0x5C,0xBB,0x6C,0xAE,0x51,0x9C,0x92,0x41,0xCA,0x4A,0xB9,0x0B,0xD8,0xD2,0x91,0x23,0x25,0x5F,0x1B,0xBF,0xD8,0xC9,0x22,0xD0,0x20,0xBE,0x0A,0x76,0x26,0xDF,0x4A,0x90},
    },
    {
        UINT32_C(24442),
        UINT64_C(0xB33DF657F3DC251C),
        UINT32_C(340),
        UINT32_C(128),
        {0x28,0xD8,0xA2,0x84,0xA6,0xFD,0xD0,0x90,0x3A,0x4E,0xEB,0x07,0x64,0x20,0x73,0xC8,0xCB,0x3A,0x5A,0x6A,0xF9,0xD4,0xB0,0x55,0xF5,0x1C,0x5A,0xB6,0xB5,0xED,0x16,0xB9},
        {0x5A,0x45,0x67,0xDC,0xF9,0x30,0x51,0x20,0xB7,0xB4,0xDE,0xFC,0x08,0xF2,0xD3,0x9B,0x53,0x44,0x61,0xD4,0xD9,0xF5,0x0B,0xE3,0x14,0xDB,0x99,0xDD,0x38,0x0E,0x90,0x0D},
    },
    {
        UINT32_C(24462),
        UINT64_C(0xD8E4189AACFDE4C1),
        UINT32_C(1280),
        UINT32_C(750),
        {0xCA,0xFB,0x31,0x3A,0x1D,0x8C,0x84,0x77,0xF1,0x94,0x3F,0xCE,0xAB,0xAA,0x0B,0x93,0xA2,0x45,0x5C,0xDB,0x55,0x2F,0xAB,0x25,0xE7,0x9A,0xD6,0x4F,0xEF,0x91,0xBE,0x61},
        {0xCC,0xF5,0x2C,0xF9,0x91,0x86,0x50,0x64,0x99,0x75,0x6A,0xD4,0x1C,0x6C,0x3A,0xE6,0xE1,0x9A,0x62,0xA2,0xBA,0x60,0xD6,0x9C,0x87,0x8C,0x26,0xC5,0xA7,0xE0,0x77,0xF6},
    },
    {
        UINT32_C(24580),
        UINT64_C(0x30B92F9F0CF06322),
        UINT32_C(148),
        UINT32_C(228),
        {0x75,0x68,0x57,0x92,0x22,0xF5,0x4D,0x08,0x13,0x1D,0x52,0x5F,0x02,0xD1,0x76,0x88,0xCC,0xDC,0xE5,0x4A,0x59,0x4E,0xFB,0xDB,0x5C,0x7A,0x51,0xE9,0x49,0x78,0x3C,0x8E},
        {0x48,0xDD,0x6E,0x2A,0xD7,0xB6,0x47,0x28,0x64,0x27,0x87,0x7A,0xEB,0x40,0x2B,0xFA,0x80,0xC3,0x71,0xF5,0x5A,0x52,0x46,0x39,0xED,0x79,0xAB,0xD8,0x26,0xC1,0x1C,0xCD},
    },
    {
        UINT32_C(24598),
        UINT64_C(0x5C6406CC168E91EE),
        UINT32_C(148),
        UINT32_C(228),
        {0x75,0x68,0x57,0x92,0x22,0xF5,0x4D,0x08,0x13,0x1D,0x52,0x5F,0x02,0xD1,0x76,0x88,0xCC,0xDC,0xE5,0x4A,0x59,0x4E,0xFB,0xDB,0x5C,0x7A,0x51,0xE9,0x49,0x78,0x3C,0x8E},
        {0x48,0xDD,0x6E,0x2A,0xD7,0xB6,0x47,0x28,0x64,0x27,0x87,0x7A,0xEB,0x40,0x2B,0xFA,0x80,0xC3,0x71,0xF5,0x5A,0x52,0x46,0x39,0xED,0x79,0xAB,0xD8,0x26,0xC1,0x1C,0xCD},
    },
    {
        UINT32_C(24634),
        UINT64_C(0xDB22EE6BB3D6C7F8),
        UINT32_C(340),
        UINT32_C(128),
        {0xEA,0x05,0xC2,0x0B,0x60,0xFC,0x12,0xD8,0x25,0x91,0x67,0xB2,0xF5,0x25,0x79,0x87,0x8F,0x76,0x18,0xC5,0x74,0x4E,0x90,0x76,0x41,0x58,0xD9,0x19,0x6B,0x5C,0x5D,0xB0},
        {0x66,0x5D,0x38,0x44,0x19,0x46,0x21,0x4D,0x9C,0x96,0xE8,0x1E,0xFF,0xFF,0x3C,0xCB,0x62,0xD0,0x65,0xA6,0x91,0x9A,0xAC,0x70,0x93,0xEA,0x90,0xA9,0x33,0xB7,0x67,0x77},
    },
    {
        UINT32_C(24868),
        UINT64_C(0xDEB445E611D305C2),
        UINT32_C(148),
        UINT32_C(228),
        {0x2D,0xEF,0x4E,0x2D,0x71,0xF1,0x33,0x5B,0xC2,0x90,0xA8,0xBF,0x00,0x45,0x07,0x6E,0xAC,0x28,0x67,0x4B,0x05,0xDE,0xD5,0x60,0x97,0xEC,0x7A,0x7A,0xF5,0xD5,0x1B,0x79},
        {0xBD,0xB3,0x7E,0x10,0x1D,0x0F,0x90,0x10,0x2C,0xD0,0xC9,0xAE,0x0E,0xBB,0xE3,0x88,0xEF,0x99,0x8B,0xD5,0xD6,0x58,0xA8,0x5F,0xCF,0x9A,0xC7,0x5D,0x5F,0x5F,0x54,0x2C},
    },
    {
        UINT32_C(24942),
        UINT64_C(0x3DAA2EFFDDA36DDB),
        UINT32_C(340),
        UINT32_C(128),
        {0xC0,0x05,0x1E,0xD8,0x7C,0x62,0x8F,0xEA,0xC2,0xA6,0x4D,0x95,0x9C,0x29,0x44,0xA1,0x4C,0xEC,0x5D,0x22,0x62,0xB1,0xBF,0x18,0x4E,0x1C,0xCB,0x2D,0xC1,0xC1,0x9B,0x0D},
        {0xCD,0xBF,0x6B,0x92,0x5F,0xBD,0x4E,0x1E,0x67,0x9C,0xC9,0x64,0xB5,0x01,0x32,0x7A,0x73,0x8F,0x1D,0x69,0x2A,0x04,0x91,0x3E,0x7F,0xEE,0x89,0xB8,0x7F,0x5B,0x30,0xD8},
    },
    {
        UINT32_C(24976),
        UINT64_C(0xA273DE18F29B21EB),
        UINT32_C(148),
        UINT32_C(228),
        {0xD8,0xFB,0xFB,0x73,0xE2,0xEC,0xA2,0x81,0xFB,0x02,0xD2,0x41,0x16,0x1D,0x25,0x6B,0xCF,0xE7,0xD2,0xAE,0x9E,0xEA,0xD6,0x55,0xE3,0x29,0x0D,0xD6,0x97,0xE8,0xCE,0xBB},
        {0x3C,0x67,0x5F,0x3E,0x4C,0x6F,0x23,0x96,0x9D,0x91,0xF9,0x2E,0x60,0xC5,0x52,0x06,0x2B,0x18,0xA2,0x09,0x23,0xB7,0x9F,0x3A,0x83,0x83,0x98,0x5F,0x34,0xD7,0x35,0x61},
    },
    {
        UINT32_C(24976),
        UINT64_C(0xB913B7B5FD1F0658),
        UINT32_C(148),
        UINT32_C(228),
        {0x90,0x9A,0xAF,0xAB,0x56,0x72,0x6E,0x4A,0x77,0x05,0x30,0xA7,0xCC,0xC0,0x40,0x21,0x50,0xE3,0x42,0x6B,0xDF,0xD2,0x9C,0x7A,0xD5,0x57,0xD0,0xA6,0xF2,0x7A,0x7D,0x18},
        {0x6C,0x08,0x64,0xB3,0x5D,0x91,0xDA,0x67,0x12,0x18,0x73,0xD5,0x70,0xF5,0xCE,0x0D,0x11,0xA6,0x6B,0x03,0x40,0x35,0xD6,0x2B,0x9F,0xE3,0x5C,0x05,0xF9,0xB2,0x2C,0x8F},
    },
    {
        UINT32_C(25018),
        UINT64_C(0xB5AD5C7E15AD28C1),
        UINT32_C(148),
        UINT32_C(228),
        {0x95,0x10,0x93,0x46,0x55,0x07,0x6E,0x60,0x0E,0x0D,0x2E,0x85,0xD9,0x87,0x7B,0x67,0xA2,0x34,0x6F,0x68,0x1D,0x16,0x48,0x3C,0x4B,0x42,0xF1,0x38,0x4A,0x87,0x37,0xFA},
        {0x2E,0x91,0xFB,0x86,0x6D,0x83,0xAB,0x96,0x38,0x56,0x61,0x3C,0x84,0x82,0xE7,0x0B,0x04,0x17,0xB7,0x74,0xF4,0x11,0x87,0x18,0x0F,0xA2,0x6A,0xCF,0x9B,0xF0,0x28,0x1B},
    },
    {
        UINT32_C(25026),
        UINT64_C(0xC508ECC90E55DB0E),
        UINT32_C(352),
        UINT32_C(163),
        {0xAB,0x01,0x81,0x0F,0xF8,0x3D,0x08,0xD2,0xCA,0xB5,0x3D,0x3D,0x7D,0xEB,0x44,0x21,0x7D,0xFC,0xAF,0x3C,0x51,0x99,0xD7,0x07,0xC7,0x08,0xC2,0x8A,0xAA,0x05,0x97,0x0B},
        {0x23,0x55,0x1E,0xAF,0x2C,0x33,0xD0,0xBF,0xE0,0x1A,0x7B,0x76,0x34,0x97,0xC0,0x3C,0xB8,0xF8,0xD3,0xF7,0x0B,0x67,0xEB,0x51,0x26,0xAF,0x22,0xB2,0x44,0xA7,0x4C,0xEA},
    },
    {
        UINT32_C(25032),
        UINT64_C(0xC90243EA7D2ADD77),
        UINT32_C(340),
        UINT32_C(128),
        {0xD2,0x56,0x5F,0x80,0xB7,0x95,0xA8,0x9A,0x5F,0xF4,0xF4,0xC2,0xAE,0x02,0x51,0xD3,0x9A,0x72,0x1D,0x47,0x43,0x61,0xB7,0x41,0xE6,0xF9,0x92,0x24,0x0C,0xB0,0xAC,0x66},
        {0x74,0x09,0x54,0x14,0x70,0xE8,0x36,0xDE,0x20,0x19,0x77,0x42,0x74,0xC3,0xA3,0x3C,0x35,0xBD,0x85,0xD2,0xC6,0x25,0x19,0x5D,0x2D,0xB1,0x87,0x33,0x18,0xC3,0xD0,0xE4},
    },
    {
        UINT32_C(25040),
        UINT64_C(0x24E8BACE523BFFB9),
        UINT32_C(148),
        UINT32_C(228),
        {0x17,0x48,0xCB,0x7F,0xBE,0xD8,0x02,0xC9,0x5B,0x9D,0xD7,0x02,0x7E,0x28,0x82,0x7F,0xAB,0x70,0x05,0xFA,0x21,0x35,0xF5,0x7B,0x49,0x8B,0x5B,0x66,0xF3,0x84,0x70,0xF0},
        {0x7E,0x1E,0xF9,0xED,0xC0,0x02,0x67,0x2E,0x19,0xA7,0x37,0xA1,0x3A,0xE3,0xFC,0xCC,0x45,0xB6,0xA3,0x68,0x91,0xFD,0x26,0x78,0x62,0x41,0x3C,0xAA,0x2E,0xC1,0x82,0xCD},
    },
    {
        UINT32_C(25092),
        UINT64_C(0x4B7814024923EDD3),
        UINT32_C(340),
        UINT32_C(128),
        {0xA6,0xDB,0x57,0x71,0x62,0x19,0xFA,0x30,0x0C,0xFF,0x06,0x38,0xF6,0x0C,0x6B,0x4E,0xD5,0x77,0x5E,0x1E,0x99,0xD2,0x29,0xF1,0x8C,0xBE,0xD6,0xC5,0xBD,0xDE,0x56,0x9B},
        {0x96,0xAE,0x27,0x4A,0xF3,0xD1,0xF3,0x88,0x5A,0x6D,0x7A,0x74,0xEC,0x2E,0x50,0x5A,0x8D,0x43,0xB5,0x4C,0x92,0x2D,0xEA,0x03,0xAE,0xB4,0xF2,0x1E,0xC6,0x2E,0x12,0xB5},
    },
    {
        UINT32_C(25230),
        UINT64_C(0x56A1C73FFF9CF42C),
        UINT32_C(148),
        UINT32_C(228),
        {0x78,0x2C,0xA5,0x36,0xD9,0xD1,0xD4,0x7C,0x39,0x34,0x0B,0x5B,0x49,0x79,0x9C,0xE1,0x5F,0x34,0x0D,0xF9,0x2B,0x5C,0xE0,0x2B,0x02,0x98,0x2C,0xBA,0x66,0xFD,0x60,0x45},
        {0x6C,0x6E,0xDA,0x6C,0xA3,0x87,0x03,0x30,0xB6,0x7D,0x95,0x81,0xFE,0xB3,0xA4,0x70,0xB8,0x7F,0x73,0x51,0xDA,0xE6,0x55,0xBC,0xEC,0xFD,0x22,0xB7,0x5E,0x26,0x34,0x1B},
    },
    {
        UINT32_C(25354),
        UINT64_C(0x06AF9976DB556789),
        UINT32_C(148),
        UINT32_C(228),
        {0x78,0x2C,0xA5,0x36,0xD9,0xD1,0xD4,0x7C,0x39,0x34,0x0B,0x5B,0x49,0x79,0x9C,0xE1,0x5F,0x34,0x0D,0xF9,0x2B,0x5C,0xE0,0x2B,0x02,0x98,0x2C,0xBA,0x66,0xFD,0x60,0x45},
        {0x6C,0x6E,0xDA,0x6C,0xA3,0x87,0x03,0x30,0xB6,0x7D,0x95,0x81,0xFE,0xB3,0xA4,0x70,0xB8,0x7F,0x73,0x51,0xDA,0xE6,0x55,0xBC,0xEC,0xFD,0x22,0xB7,0x5E,0x26,0x34,0x1B},
    },
    {
        UINT32_C(25388),
        UINT64_C(0x93ADF108716138DC),
        UINT32_C(340),
        UINT32_C(128),
        {0xD3,0x93,0x4C,0xAD,0xB2,0xFB,0x27,0x89,0xFF,0x61,0x9C,0x26,0x23,0x78,0xA1,0x70,0x3B,0xE7,0x56,0x47,0xC7,0xFC,0x4B,0xCC,0x0B,0x13,0x0F,0x32,0x54,0x0B,0x76,0x4C},
        {0xD1,0xC4,0x3E,0x2C,0x2D,0xB7,0x9C,0x98,0x40,0x4F,0x86,0xC2,0xD1,0xBC,0x4D,0xBA,0x73,0x32,0x33,0x33,0x12,0xDB,0xC3,0x3A,0x14,0xC5,0x19,0x24,0x34,0xFB,0x65,0x60},
    },
    {
        UINT32_C(25482),
        UINT64_C(0x274068D20D355121),
        UINT32_C(340),
        UINT32_C(128),
        {0xA7,0x54,0x21,0x25,0x6A,0x8B,0x8C,0xC3,0x1B,0xE0,0x68,0xBC,0x6B,0x76,0xFC,0x5B,0x94,0x18,0x3B,0x28,0x99,0x70,0xDB,0x7F,0x8C,0xB3,0x3E,0xBF,0x02,0x52,0x50,0x5F},
        {0x24,0x66,0x0C,0xBB,0xC1,0xAF,0x81,0x75,0xEF,0x31,0x61,0x99,0xD5,0x8F,0xBC,0x91,0x6B,0x63,0x9C,0x3F,0x52,0xCE,0x39,0x0C,0x74,0xA2,0x08,0xFA,0x8F,0x8B,0x39,0x4E},
    },
    {
        UINT32_C(25502),
        UINT64_C(0x7D821E44254801DE),
        UINT32_C(340),
        UINT32_C(128),
        {0xB9,0x58,0x40,0x85,0x3C,0x8B,0x29,0x26,0xC1,0x4E,0x91,0x99,0xB2,0xBD,0x9E,0x7A,0xD5,0xA0,0xAD,0x45,0x7A,0x1C,0xCB,0xE8,0x5A,0xD1,0xEF,0x01,0x2E,0xC8,0x4F,0xD9},
        {0xBE,0x56,0xE0,0x36,0x27,0xBA,0x71,0xCF,0x3E,0xCC,0x57,0xB7,0x90,0x82,0xEF,0x98,0x69,0x64,0x06,0x2F,0x86,0xA4,0x2C,0xCA,0x82,0x41,0x54,0xF1,0x45,0xFA,0x4E,0x92},
    },
    {
        UINT32_C(25520),
        UINT64_C(0xF194B3A412BCED12),
        UINT32_C(352),
        UINT32_C(163),
        {0x61,0x27,0x0E,0x5D,0xD3,0xA9,0x91,0xA4,0x84,0xB4,0xA6,0x6F,0x7B,0x87,0x50,0x25,0x46,0xA1,0xA0,0x87,0x5B,0x51,0x41,0x58,0x95,0x02,0x08,0x29,0x35,0x39,0xC3,0x6D},
        {0x38,0x16,0x19,0x5B,0x00,0x11,0xBE,0x84,0x2E,0x92,0x8F,0x32,0x26,0xD5,0xB7,0xA8,0x3F,0x58,0xFC,0xEB,0xA6,0xC4,0x7A,0x85,0x17,0x50,0x77,0x35,0x66,0x9D,0xD9,0x86},
    },
    {
        UINT32_C(25524),
        UINT64_C(0x5AEE4ADED9FA3C6F),
        UINT32_C(1280),
        UINT32_C(80),
        {0xDE,0xF5,0x93,0xFF,0x9A,0x37,0x33,0xF3,0x0D,0x73,0xFA,0x4D,0x44,0x8B,0x3C,0x1C,0x03,0x23,0x79,0x65,0x7D,0x86,0x0F,0x9F,0xCC,0xD7,0x60,0x95,0x85,0x73,0x9B,0xF9},
        {0xC9,0x0D,0x74,0x07,0xF8,0x96,0x8E,0x14,0x9B,0x75,0x4B,0x17,0x2B,0xBA,0x46,0x3B,0x63,0xB9,0xDB,0x03,0xEB,0x39,0x14,0x97,0x70,0x81,0xFB,0x56,0x54,0x94,0xF1,0xBC},
    },
    {
        UINT32_C(25712),
        UINT64_C(0x77DA9EFC125358D7),
        UINT32_C(148),
        UINT32_C(228),
        {0x17,0x48,0xCB,0x7F,0xBE,0xD8,0x02,0xC9,0x5B,0x9D,0xD7,0x02,0x7E,0x28,0x82,0x7F,0xAB,0x70,0x05,0xFA,0x21,0x35,0xF5,0x7B,0x49,0x8B,0x5B,0x66,0xF3,0x84,0x70,0xF0},
        {0x7E,0x1E,0xF9,0xED,0xC0,0x02,0x67,0x2E,0x19,0xA7,0x37,0xA1,0x3A,0xE3,0xFC,0xCC,0x45,0xB6,0xA3,0x68,0x91,0xFD,0x26,0x78,0x62,0x41,0x3C,0xAA,0x2E,0xC1,0x82,0xCD},
    },
    {
        UINT32_C(25730),
        UINT64_C(0xE3AF7D879C30B53E),
        UINT32_C(148),
        UINT32_C(228),
        {0x86,0xC8,0xBD,0xAF,0x2D,0xCE,0x3C,0xAD,0x0D,0xA9,0xCE,0xA4,0x28,0x26,0x8D,0xB0,0x9E,0xD0,0x6E,0x41,0x1B,0x20,0xDF,0xAB,0xC9,0x07,0xAC,0x48,0xF4,0x91,0x93,0x1C},
        {0x3F,0x55,0x1B,0xAF,0x87,0xD4,0xFF,0x3A,0xC2,0xCE,0x6D,0x7C,0x19,0xF3,0x0D,0x86,0xC6,0x0D,0x9F,0x73,0xF2,0xE1,0x6D,0xE9,0x5E,0x0A,0xAF,0xB1,0x84,0x55,0xF3,0xBD},
    },
    {
        UINT32_C(25744),
        UINT64_C(0x69BB9FBF2C21D976),
        UINT32_C(148),
        UINT32_C(228),
        {0xE3,0x5B,0xBC,0x0B,0x5A,0x96,0xFB,0x7D,0x29,0xC1,0x0C,0xB2,0xE5,0x95,0xA3,0xAF,0x9E,0x68,0x1F,0x1D,0x13,0x92,0xCE,0x43,0x95,0x09,0x03,0xF6,0x28,0x47,0x0A,0x7E},
        {0x94,0xC0,0xE8,0xB2,0xE0,0x47,0xEB,0x5E,0x4C,0x47,0xD8,0x9C,0xAE,0x4B,0x5F,0x58,0xD5,0xDB,0x40,0xC1,0x88,0x1F,0x22,0xFC,0x56,0x54,0xCA,0x0F,0xC1,0xC0,0xA3,0x32},
    },
    {
        UINT32_C(25890),
        UINT64_C(0xE069F045AE69C913),
        UINT32_C(148),
        UINT32_C(228),
        {0xCF,0x28,0x47,0xC1,0xDD,0x30,0x14,0x5C,0x80,0xE7,0x16,0x1D,0x97,0xB4,0x45,0x7B,0xE8,0xB3,0xD9,0xBD,0x52,0xA1,0x8A,0x62,0x0C,0x11,0x04,0xB3,0xC5,0x9D,0xCC,0xCE},
        {0x31,0x5B,0xD1,0xD8,0xE4,0x6B,0x2B,0xB2,0xC5,0x53,0x75,0x21,0x5C,0x1C,0xB6,0xCB,0xA1,0x68,0x97,0x6B,0xE2,0x4B,0x2E,0x42,0x12,0x53,0xAE,0xB9,0xE6,0xB9,0x71,0x7F},
    },
    {
        UINT32_C(25960),
        UINT64_C(0x127E977AEC410E8A),
        UINT32_C(340),
        UINT32_C(128),
        {0x7F,0x1F,0xA7,0xB2,0xD9,0x5C,0x1D,0xD8,0x55,0x3E,0xC3,0x93,0x98,0x44,0xF6,0xD4,0xAF,0x7C,0x2C,0x2B,0x03,0x89,0x60,0xC3,0x50,0x2F,0x88,0xF2,0x3F,0x67,0x1F,0xAF},
        {0x7C,0x90,0xF8,0xB7,0x10,0xDA,0x99,0xFA,0xEB,0x42,0x1B,0xD1,0x37,0x98,0x19,0x70,0x9F,0x16,0x2E,0x09,0xE4,0xF2,0xAA,0x58,0xF6,0x26,0x58,0x86,0x36,0xC3,0x33,0x51},
    },
    {
        UINT32_C(25986),
        UINT64_C(0x2C3025A986759F97),
        UINT32_C(340),
        UINT32_C(128),
        {0x1A,0xAC,0xFC,0x7A,0x64,0xDC,0x69,0x92,0x4C,0xCF,0x34,0x6B,0xF9,0xED,0x66,0x44,0x66,0x59,0xEC,0xB2,0x8F,0x90,0x71,0x7C,0x71,0xA0,0xA2,0x73,0xE9,0x40,0xBB,0x1E},
        {0x49,0xDA,0xB9,0x77,0x9B,0x04,0x5D,0x00,0x00,0x13,0xED,0xF7,0xFD,0x77,0x3B,0x11,0xDE,0x44,0x9D,0x3C,0xC4,0x7B,0xC2,0xDA,0xEC,0x6F,0xF4,0xFF,0x7D,0xDA,0xC4,0x8A},
    },
    {
        UINT32_C(26142),
        UINT64_C(0x23428A6A638E82AF),
        UINT32_C(340),
        UINT32_C(128),
        {0xFE,0x97,0x55,0xAB,0x23,0x13,0x61,0x8C,0x91,0xC3,0xFC,0x29,0x80,0xEA,0xB7,0x4B,0x3C,0x1D,0x75,0x30,0x7B,0xAE,0x8E,0x92,0xCE,0xA4,0x07,0x8C,0xE4,0x52,0x1F,0x21},
        {0x80,0x82,0x0A,0x52,0xC6,0xD1,0x37,0x87,0x4B,0x6C,0x1A,0x53,0xDA,0x79,0x94,0x95,0x88,0xCC,0x97,0xDB,0x1C,0xC3,0xBF,0x32,0x12,0x20,0xF5,0x7A,0x49,0x5C,0x32,0xBB},
    },
    {
        UINT32_C(26164),
        UINT64_C(0x40916169BA858C33),
        UINT32_C(340),
        UINT32_C(128),
        {0x5F,0x4D,0xC6,0xDC,0x92,0x83,0xA2,0x7C,0x3D,0xF6,0x7D,0xB5,0xF1,0x04,0x75,0x32,0x69,0x36,0xB2,0xAB,0xD8,0xFA,0xE8,0x20,0x0D,0xE6,0xE1,0xD1,0xBF,0x8F,0x95,0xDA},
        {0x53,0x6A,0x4D,0xC3,0xF0,0xB2,0x58,0x4B,0xF3,0xF7,0x3E,0x5E,0x99,0xDC,0x95,0x69,0x87,0x43,0xA4,0x25,0x3F,0x09,0xFD,0x0B,0xE4,0x94,0xB7,0x9B,0xB1,0x80,0x7A,0x2B},
    },
    {
        UINT32_C(26176),
        UINT64_C(0xE5CEC1DCC6F1CF38),
        UINT32_C(340),
        UINT32_C(128),
        {0x1E,0x20,0x4E,0xC0,0x99,0x1D,0xA8,0x5E,0x04,0x63,0xA1,0xCE,0xB5,0x49,0x22,0xDC,0x0F,0xFF,0xD1,0x80,0x4E,0x16,0x74,0xB7,0x08,0x54,0x77,0x31,0x8D,0x92,0xC3,0x41},
        {0x6D,0x1E,0xDE,0x9A,0x60,0x81,0xDC,0xB3,0xD4,0xB3,0xC1,0x58,0xA4,0x0B,0xEB,0x3F,0x8B,0x0E,0x5A,0xDB,0x9B,0xA7,0xC9,0x63,0x31,0x20,0x96,0x65,0xF2,0xD8,0xFD,0xF3},
    },
    {
        UINT32_C(26178),
        UINT64_C(0x69F9102AB6D7E426),
        UINT32_C(148),
        UINT32_C(228),
        {0x17,0x24,0xF2,0xBF,0xC0,0x62,0x1D,0x26,0x19,0x27,0xDC,0x74,0x0F,0x49,0x7C,0xD0,0xF8,0x8F,0xBA,0xFE,0x8F,0x76,0xE8,0x82,0xC7,0xBD,0xAD,0x83,0x45,0x71,0xB7,0xEF},
        {0xDC,0x91,0x88,0x51,0x71,0xEA,0xFE,0x5A,0xE0,0x18,0xCE,0x4C,0xA1,0xC3,0xC1,0xCB,0xAC,0xC5,0x64,0x71,0xE6,0x3D,0x7A,0xBA,0xDD,0xC0,0xB8,0xA2,0x18,0x4E,0x50,0xF7},
    },
    {
        UINT32_C(26292),
        UINT64_C(0xEC8792E519F71446),
        UINT32_C(340),
        UINT32_C(128),
        {0xBD,0x32,0x91,0x99,0xE1,0x57,0x31,0xF1,0xFF,0x68,0xC1,0x32,0x9C,0x52,0x30,0x4B,0x01,0x5D,0xE6,0xCB,0xAF,0xAC,0x0C,0x04,0xF3,0xA9,0x20,0xC4,0x74,0x1B,0x35,0xE7},
        {0x7C,0x67,0x52,0xA7,0xE4,0xE4,0xD5,0xD2,0x82,0xDD,0x1F,0xF1,0xFF,0x86,0x8C,0x3A,0x13,0x0D,0xA1,0x3C,0xF9,0x0D,0x2F,0xC6,0x14,0x33,0x75,0xEB,0x3D,0xA4,0x66,0xA0},
    },
    {
        UINT32_C(26354),
        UINT64_C(0x3317D484EC047FBD),
        UINT32_C(148),
        UINT32_C(228),
        {0x56,0x29,0xBF,0xAA,0x94,0xC3,0x02,0x5B,0x9A,0xBC,0x3E,0xC4,0x99,0xDF,0x48,0x60,0xCA,0x54,0x1D,0xE8,0xFC,0x15,0xFB,0x4E,0x8B,0xB1,0x20,0x1A,0xB6,0x10,0x88,0xE1},
        {0x21,0x9E,0x05,0xB6,0x4C,0x44,0xC5,0x7C,0xBB,0xE4,0xD2,0x5C,0xF4,0xBB,0x3D,0x95,0xEA,0xC2,0xA6,0x12,0x2C,0xDB,0x0A,0x84,0xAB,0xDD,0xF0,0xAB,0x16,0xD0,0xA7,0xF6},
    },
    {
        UINT32_C(26436),
        UINT64_C(0x622E9E4A621D502B),
        UINT32_C(148),
        UINT32_C(228),
        {0x2E,0xAB,0xEF,0x52,0x74,0x6E,0x4C,0x3A,0x5C,0xC3,0xC0,0x8E,0x1D,0x5B,0x85,0x52,0x60,0xB9,0x86,0x1C,0x31,0xF8,0x0F,0x8E,0xAB,0x87,0xA7,0x78,0x88,0x77,0x3F,0xDE},
        {0x74,0x0D,0x1A,0xFA,0x97,0x4E,0xF4,0x52,0x8D,0xB4,0xCA,0x54,0x80,0x1B,0x83,0x7E,0x81,0x38,0xF8,0x71,0x45,0x94,0xBC,0x1B,0x0B,0xFE,0xE6,0x0D,0x1D,0x09,0x3F,0x19},
    },
    {
        UINT32_C(26480),
        UINT64_C(0xBBBF9ABB13225AF9),
        UINT32_C(340),
        UINT32_C(128),
        {0x80,0xFB,0xD1,0x3E,0x37,0xE8,0xBF,0xEE,0xF4,0x3F,0x44,0x46,0x7D,0x3F,0x1A,0xFF,0x90,0xB0,0x5D,0x58,0x5A,0xBB,0x78,0x80,0xEB,0xDD,0x2B,0x56,0xBE,0xAF,0x74,0x75},
        {0xD3,0x5C,0xD6,0x65,0xE4,0x3C,0x1A,0xDD,0x9C,0xB4,0xD6,0x2C,0x0F,0xF3,0xE8,0x26,0xCD,0xB5,0x79,0xD0,0x94,0x31,0xCB,0x82,0x73,0xCF,0x83,0x4C,0x82,0xD7,0x37,0x81},
    },
    {
        UINT32_C(26544),
        UINT64_C(0x28F2EA7A4DB6D295),
        UINT32_C(148),
        UINT32_C(228),
        {0xEB,0xA4,0x9B,0xE2,0x5E,0x04,0x74,0xC2,0x12,0xC5,0xE2,0x40,0x50,0x8B,0xEB,0xB5,0x00,0xB8,0x8C,0xC9,0xF0,0x52,0x96,0x39,0x2A,0x60,0x59,0x36,0x77,0x6F,0xD9,0x8D},
        {0xE0,0x69,0xFC,0xC0,0x7F,0xC4,0xF1,0x3F,0xDD,0x98,0xBB,0x9A,0xB5,0x22,0x79,0x2B,0xB0,0x8C,0x93,0xBA,0xE3,0xFD,0x28,0xCD,0xC2,0x99,0x10,0x84,0x05,0x86,0x21,0x0F},
    },
    {
        UINT32_C(26568),
        UINT64_C(0x9B4E2317EBB0D129),
        UINT32_C(1024),
        UINT32_C(600),
        {0x8C,0xFB,0xAD,0x95,0xAD,0x2F,0x22,0xAF,0x52,0x12,0x0E,0x15,0x62,0x75,0x0F,0x1A,0xF9,0x13,0x54,0x15,0xF4,0x90,0xE3,0x96,0x3E,0x45,0x88,0xDF,0xFE,0x62,0x18,0xE2},
        {0xF6,0xA8,0xAE,0x55,0xE6,0x00,0x63,0x9D,0x82,0x1D,0x1B,0x37,0xEC,0x4F,0xD3,0xFC,0x58,0xB0,0x77,0xCF,0x9C,0x7B,0xA1,0x0F,0xA5,0xE1,0xB2,0x85,0xC0,0x48,0x5D,0x5C},
    },
    {
        UINT32_C(26702),
        UINT64_C(0xB308B8FEF0F42048),
        UINT32_C(1302),
        UINT32_C(985),
        {0x01,0x7D,0x0F,0x46,0x57,0xE1,0x80,0x8D,0x60,0x6A,0x89,0x82,0x73,0xAB,0x13,0xCA,0x1C,0x86,0xC2,0xFF,0x8A,0x3E,0x1E,0xBB,0xF4,0x36,0xC1,0x2A,0x79,0x2A,0x1A,0x21},
        {0x0E,0xA2,0xEF,0xB8,0x3B,0x70,0x29,0x4F,0x93,0x30,0x32,0xF3,0xDB,0xDD,0x56,0x7D,0x86,0x0C,0xFD,0x51,0xFB,0xFD,0x29,0xFB,0xAB,0x2C,0x58,0x86,0xED,0xB3,0x57,0x6F},
    },
    {
        UINT32_C(26726),
        UINT64_C(0xA2FC30CA2F12CD9B),
        UINT32_C(340),
        UINT32_C(128),
        {0x51,0x77,0x3C,0x55,0x34,0xBC,0xD0,0x1D,0x86,0xC3,0x1B,0x7C,0x50,0x74,0xE7,0x7C,0x2F,0x7A,0x54,0xAC,0x68,0x7E,0x05,0x50,0x7A,0x48,0x9F,0x2E,0xF2,0x55,0xDD,0x73},
        {0xAD,0xE7,0x66,0x64,0x04,0x1A,0x09,0xB0,0xE5,0x98,0x7F,0xD9,0x7A,0x05,0x75,0x52,0x83,0xAB,0x26,0xB7,0x9A,0x67,0x0E,0xB1,0xB8,0x79,0xE0,0x50,0x7C,0xBC,0x92,0x40},
    },
    {
        UINT32_C(26792),
        UINT64_C(0x3ED13898F081C3A9),
        UINT32_C(340),
        UINT32_C(128),
        {0xED,0xBB,0x9E,0xF1,0xEE,0x56,0xFF,0xB7,0x9C,0x1F,0x40,0x99,0xEA,0xD8,0xE9,0x85,0x3E,0x83,0xF7,0x78,0x73,0x86,0x9F,0xFF,0x9B,0x60,0x27,0xE4,0xC8,0x51,0x63,0x99},
        {0xC1,0x6C,0x6D,0x4F,0x63,0x5F,0x35,0xD5,0x2C,0xC6,0x6D,0xC2,0x99,0xBD,0xAD,0xBB,0x75,0xBD,0x68,0xF8,0x66,0xF2,0x8C,0x3A,0xCD,0xCF,0x34,0x5F,0x18,0xB3,0xF4,0x6A},
    },
    {
        UINT32_C(26858),
        UINT64_C(0x0A29934954B82627),
        UINT32_C(148),
        UINT32_C(228),
        {0x83,0x2C,0xBC,0x9A,0x04,0xDD,0x0B,0x47,0xCA,0x22,0x8A,0x1C,0x67,0x03,0xC0,0x68,0x36,0xC7,0x3D,0x90,0x6C,0x05,0x25,0x8B,0xA4,0xCF,0x0F,0x84,0x9C,0xE6,0xF7,0x7B},
        {0x52,0x92,0x67,0x4B,0x23,0xF4,0xA2,0xAC,0x62,0x41,0x75,0x45,0xCA,0x86,0x4C,0xC0,0x0A,0x4B,0x4B,0xED,0x7A,0x46,0x04,0xE4,0x53,0x1F,0xC5,0xF7,0x1F,0x3F,0x13,0xCC},
    },
    {
        UINT32_C(26934),
        UINT64_C(0xB836F17455C20DEB),
        UINT32_C(148),
        UINT32_C(228),
        {0x6F,0x43,0xEA,0xB1,0x30,0x4D,0xD5,0xBC,0x2E,0xDA,0x7A,0x8E,0x6D,0x2F,0x64,0x61,0xF2,0x30,0x6A,0x02,0x7F,0xEA,0xBD,0xEC,0xAB,0x1B,0x0B,0x05,0x29,0x68,0x48,0x53},
        {0x62,0xD1,0x97,0xCE,0x85,0x36,0xF8,0xF3,0x00,0x43,0x52,0x02,0x44,0x0B,0x28,0x66,0xDF,0x7A,0x41,0xA0,0x66,0x08,0x46,0xAA,0xCB,0x5D,0x7C,0x23,0x1B,0x6D,0x17,0xD0},
    },
    {
        UINT32_C(26948),
        UINT64_C(0xFC2E2D65B837B120),
        UINT32_C(340),
        UINT32_C(128),
        {0x2F,0x8E,0x15,0x68,0xF3,0x0D,0x0D,0xDA,0xDA,0x57,0x5E,0xA7,0xDC,0xB2,0x17,0x1E,0xB6,0x35,0xF4,0x5B,0xEA,0x5E,0x52,0x88,0x35,0xAD,0x0F,0x12,0x37,0x18,0x20,0xC9},
        {0x27,0xD4,0x21,0xAF,0x47,0x4F,0x43,0x09,0xB9,0xD5,0xB8,0x06,0x8E,0xAF,0x33,0x5A,0x7D,0x77,0x34,0x62,0x81,0x3D,0x89,0xE9,0xF5,0x50,0x2A,0x00,0xAF,0xD2,0x00,0x6C},
    },
    {
        UINT32_C(26950),
        UINT64_C(0xF386A6D364B31A63),
        UINT32_C(340),
        UINT32_C(128),
        {0x73,0x9C,0x52,0xAE,0x91,0x87,0xD8,0x39,0x49,0x5F,0x5D,0x4C,0x6F,0xFE,0xC0,0xD4,0xC9,0x0D,0x40,0xD6,0x26,0x28,0x98,0xB7,0xCF,0x5B,0xCA,0xEC,0x8A,0xDE,0x4B,0x24},
        {0x95,0x20,0x8B,0xD7,0x78,0xCF,0x95,0xE6,0x31,0xA6,0x3F,0xEB,0xC2,0x18,0xB2,0xDB,0x90,0x05,0xCF,0x70,0xBE,0x9E,0x2C,0xDE,0x11,0xA9,0x50,0xFA,0x19,0xE3,0x05,0x5A},
    },
    {
        UINT32_C(26992),
        UINT64_C(0x408840EA04066642),
        UINT32_C(340),
        UINT32_C(128),
        {0x22,0xF0,0x71,0xA9,0x91,0x79,0xA0,0x9B,0xAF,0x8D,0xB2,0x38,0x53,0x4E,0x6C,0xB7,0x24,0x8D,0x27,0x31,0x3C,0x90,0xA1,0x8F,0xBB,0x32,0xDC,0xE5,0x19,0xE5,0xC0,0x14},
        {0xBC,0x2C,0xE0,0x99,0xDA,0xF0,0xDF,0xA8,0x73,0x4D,0x79,0x2F,0xB3,0x0B,0x76,0x6B,0x9E,0x17,0x8E,0xE0,0x52,0xF5,0x74,0x36,0xB5,0x0D,0x06,0x47,0xB6,0x14,0x68,0xF3},
    },
    {
        UINT32_C(27152),
        UINT64_C(0x390EE408B473153A),
        UINT32_C(148),
        UINT32_C(228),
        {0xA9,0xDD,0xE4,0xA5,0x47,0xE0,0xBE,0x5B,0x27,0xB0,0xB2,0x0C,0x66,0xE3,0xC8,0x35,0xF1,0x0E,0x57,0x8B,0xE8,0x2E,0xB9,0x72,0x30,0x61,0xA6,0xFF,0x3A,0x65,0xEB,0x5E},
        {0x3D,0x16,0xC2,0x96,0xF0,0x83,0x47,0xA0,0xDB,0x47,0xDF,0xEA,0xD9,0xEA,0x9F,0x0E,0xC7,0xA6,0x85,0x64,0xEB,0x9B,0x30,0xD9,0x73,0xF4,0x01,0x52,0x34,0xE8,0xB5,0x54},
    },
    {
        UINT32_C(27184),
        UINT64_C(0x210FB211A8FF98EA),
        UINT32_C(194),
        UINT32_C(116),
        {0x08,0xF1,0x28,0xC6,0x3C,0xF5,0x00,0x60,0x95,0x9E,0x2C,0xA4,0x0B,0x2B,0x92,0xAB,0x58,0x87,0x49,0xB2,0x82,0xDB,0x86,0x87,0x47,0x93,0x0B,0xD2,0xD6,0x28,0x90,0xE3},
        {0x25,0xAE,0xB6,0x64,0x41,0x61,0x40,0x92,0x0F,0xD6,0xD5,0xB1,0xC7,0xB0,0x5A,0x21,0x0D,0x3D,0x93,0xEE,0xD1,0x2B,0x89,0xF4,0x11,0x21,0x04,0x90,0xC7,0x71,0xA2,0x42},
    },
    {
        UINT32_C(27218),
        UINT64_C(0xDA7EB6F81146DDF7),
        UINT32_C(148),
        UINT32_C(228),
        {0xB7,0x98,0x7B,0x7A,0xD3,0x7B,0xCD,0xB3,0x52,0xE3,0x1F,0xA4,0xCC,0xC7,0x45,0x35,0x07,0x41,0x83,0xF7,0x4D,0x1C,0x9B,0x0B,0x81,0x14,0xDF,0xB1,0xB9,0x8D,0x75,0x5A},
        {0xE5,0xA4,0x8D,0x83,0xD7,0xC9,0xCF,0x9C,0xCA,0x20,0x30,0xFA,0x9D,0xAF,0x21,0xA5,0x93,0xE3,0xE7,0xE0,0x41,0xEF,0xD1,0x6F,0x59,0xB6,0xC0,0xF1,0x47,0x41,0x65,0x18},
    },
    {
        UINT32_C(27580),
        UINT64_C(0x54D47B8C75B9C71C),
        UINT32_C(148),
        UINT32_C(228),
        {0x20,0x47,0x07,0xCB,0x79,0x03,0xD6,0x30,0x3E,0xA8,0x50,0xC7,0xF3,0x4C,0x9E,0x7E,0x34,0x80,0x46,0xD3,0x69,0xE5,0x42,0xF5,0x75,0x63,0x5E,0x9B,0x3B,0x51,0xD9,0x63},
        {0x26,0xE8,0x33,0x0B,0x08,0x6F,0x56,0x5A,0x3E,0x8F,0x93,0xE2,0xD9,0x24,0xED,0x4E,0x1F,0x01,0x57,0x6D,0xD4,0xAA,0x04,0x16,0x47,0x5B,0xCE,0x7D,0x52,0x3A,0xE8,0x06},
    },
    {
        UINT32_C(27672),
        UINT64_C(0x6326A99255B88E38),
        UINT32_C(148),
        UINT32_C(228),
        {0xE3,0x5B,0xBC,0x0B,0x5A,0x96,0xFB,0x7D,0x29,0xC1,0x0C,0xB2,0xE5,0x95,0xA3,0xAF,0x9E,0x68,0x1F,0x1D,0x13,0x92,0xCE,0x43,0x95,0x09,0x03,0xF6,0x28,0x47,0x0A,0x7E},
        {0x94,0xC0,0xE8,0xB2,0xE0,0x47,0xEB,0x5E,0x4C,0x47,0xD8,0x9C,0xAE,0x4B,0x5F,0x58,0xD5,0xDB,0x40,0xC1,0x88,0x1F,0x22,0xFC,0x56,0x54,0xCA,0x0F,0xC1,0xC0,0xA3,0x32},
    },
    {
        UINT32_C(27706),
        UINT64_C(0xAA3C514D1112BF8E),
        UINT32_C(148),
        UINT32_C(228),
        {0x17,0x24,0xF2,0xBF,0xC0,0x62,0x1D,0x26,0x19,0x27,0xDC,0x74,0x0F,0x49,0x7C,0xD0,0xF8,0x8F,0xBA,0xFE,0x8F,0x76,0xE8,0x82,0xC7,0xBD,0xAD,0x83,0x45,0x71,0xB7,0xEF},
        {0xDC,0x91,0x88,0x51,0x71,0xEA,0xFE,0x5A,0xE0,0x18,0xCE,0x4C,0xA1,0xC3,0xC1,0xCB,0xAC,0xC5,0x64,0x71,0xE6,0x3D,0x7A,0xBA,0xDD,0xC0,0xB8,0xA2,0x18,0x4E,0x50,0xF7},
    },
    {
        UINT32_C(27750),
        UINT64_C(0xBF4B3AB10C1C968D),
        UINT32_C(148),
        UINT32_C(228),
        {0x90,0x9A,0xAF,0xAB,0x56,0x72,0x6E,0x4A,0x77,0x05,0x30,0xA7,0xCC,0xC0,0x40,0x21,0x50,0xE3,0x42,0x6B,0xDF,0xD2,0x9C,0x7A,0xD5,0x57,0xD0,0xA6,0xF2,0x7A,0x7D,0x18},
        {0x6C,0x08,0x64,0xB3,0x5D,0x91,0xDA,0x67,0x12,0x18,0x73,0xD5,0x70,0xF5,0xCE,0x0D,0x11,0xA6,0x6B,0x03,0x40,0x35,0xD6,0x2B,0x9F,0xE3,0x5C,0x05,0xF9,0xB2,0x2C,0x8F},
    },
    {
        UINT32_C(27764),
        UINT64_C(0x318D7E995552C892),
        UINT32_C(340),
        UINT32_C(128),
        {0xB5,0x62,0xCE,0x04,0x1B,0x73,0x65,0xF7,0xD5,0x4A,0x63,0x5C,0x3D,0xDE,0x47,0x08,0xFE,0x90,0x6D,0x3B,0x9C,0x36,0xD0,0xB2,0x82,0xEC,0x1F,0x0E,0xFE,0xE8,0x71,0xD8},
        {0xC4,0xC7,0x8B,0xD3,0x63,0x0B,0xF2,0x27,0x9A,0x0F,0xED,0x95,0xF3,0x0D,0x9E,0x31,0x5F,0x97,0xA2,0x63,0x4B,0x9E,0x09,0x0D,0xF9,0x04,0x29,0x5A,0x93,0xAD,0x9A,0x84},
    },
    {
        UINT32_C(27866),
        UINT64_C(0x345B2DBF5108D87C),
        UINT32_C(148),
        UINT32_C(228),
        {0x49,0xEB,0xD9,0xF7,0x34,0x7A,0xDE,0xE0,0xD6,0x91,0xD1,0xAE,0x59,0xD4,0x8B,0x34,0xAD,0x4D,0x29,0x83,0x0C,0x52,0x51,0x4C,0x75,0xA3,0x67,0xE3,0x49,0x8F,0xC9,0xE0},
        {0xBB,0x9A,0x6B,0xB2,0x01,0x80,0xC3,0xD9,0x23,0xF6,0xC6,0x4C,0x10,0x49,0xD2,0xCA,0xA8,0x1F,0x33,0xD3,0x46,0x0C,0x44,0xC4,0x7E,0x79,0x9D,0x26,0x9F,0xDA,0xCE,0x1B},
    },
    {
        UINT32_C(27886),
        UINT64_C(0x4F785C44EFE72ABE),
        UINT32_C(340),
        UINT32_C(128),
        {0xC1,0x04,0x07,0xFE,0x5E,0x82,0x0B,0x6F,0x39,0xEB,0xBB,0x62,0x75,0x3A,0x32,0x08,0x2E,0x04,0xDA,0x9C,0xCA,0x76,0x76,0xFF,0x6E,0x51,0x17,0xE6,0x42,0x5C,0x87,0x77},
        {0x92,0x18,0x85,0x1C,0x16,0xD0,0xC5,0x2F,0x2A,0x35,0xB7,0xC8,0x69,0x4B,0x1E,0xB6,0x17,0x88,0x56,0xA1,0x17,0xF3,0xCA,0x53,0x10,0xA5,0xA3,0x1F,0xD8,0xBB,0xC5,0x2F},
    },
    {
        UINT32_C(28086),
        UINT64_C(0x1E12FB472AF165D2),
        UINT32_C(148),
        UINT32_C(228),
        {0xA3,0x7A,0x23,0x56,0x57,0x64,0x02,0x4E,0xEA,0x94,0x92,0xBD,0x0C,0x0B,0xCE,0x77,0x78,0xD2,0x7E,0x45,0x1E,0x43,0x46,0x9F,0x83,0xBE,0xAF,0x16,0x13,0xE2,0x32,0x53},
        {0x59,0xFA,0x8C,0xEC,0xDD,0x66,0xFA,0x63,0xF8,0xE1,0xED,0xD8,0x8B,0xEF,0x9C,0xE6,0x8A,0xC0,0x62,0xFC,0x47,0x87,0x4A,0x69,0x73,0x16,0xF5,0x6B,0x4F,0xDD,0xFD,0xC0},
    },
    {
        UINT32_C(28324),
        UINT64_C(0xBC6F49F391FE7219),
        UINT32_C(340),
        UINT32_C(128),
        {0xFC,0x88,0x68,0xE3,0x20,0x48,0xD5,0x6E,0x73,0xF2,0x27,0x09,0xDB,0x09,0xCE,0xD8,0x5C,0x9E,0x71,0x1B,0xC7,0x1D,0xD4,0xB3,0xCD,0xFD,0xC3,0x74,0x30,0x18,0x65,0x69},
        {0x0E,0x09,0x0B,0xBC,0xAF,0xE5,0x30,0xCF,0x16,0x5A,0x11,0x93,0x69,0x85,0x2F,0x8D,0xBD,0x1D,0x65,0xAF,0xEC,0x2C,0xC4,0x49,0x42,0xBB,0x31,0x56,0xB8,0xF5,0xC0,0xCB},
    },
    {
        UINT32_C(28324),
        UINT64_C(0xF34E884CDB8B16DA),
        UINT32_C(148),
        UINT32_C(228),
        {0x2E,0xAB,0xEF,0x52,0x74,0x6E,0x4C,0x3A,0x5C,0xC3,0xC0,0x8E,0x1D,0x5B,0x85,0x52,0x60,0xB9,0x86,0x1C,0x31,0xF8,0x0F,0x8E,0xAB,0x87,0xA7,0x78,0x88,0x77,0x3F,0xDE},
        {0x74,0x0D,0x1A,0xFA,0x97,0x4E,0xF4,0x52,0x8D,0xB4,0xCA,0x54,0x80,0x1B,0x83,0x7E,0x81,0x38,0xF8,0x71,0x45,0x94,0xBC,0x1B,0x0B,0xFE,0xE6,0x0D,0x1D,0x09,0x3F,0x19},
    },
    {
        UINT32_C(28390),
        UINT64_C(0x0EBD05E064A75F6A),
        UINT32_C(148),
        UINT32_C(228),
        {0x97,0xEA,0x5A,0x52,0xB3,0x24,0x6F,0x24,0xAF,0x68,0x24,0xDD,0x38,0x21,0xCE,0x29,0xBB,0x6B,0x1F,0x5C,0x70,0x38,0x7F,0x80,0x8A,0xEC,0x2F,0x3E,0x63,0xC5,0x31,0x7E},
        {0x51,0x1C,0xEE,0xF7,0x4E,0xA3,0x20,0xE9,0x20,0xBF,0x89,0x1A,0x67,0x10,0xD3,0xDE,0xC3,0xA1,0xD2,0x90,0xFE,0x67,0x63,0x2B,0xFE,0x7C,0x5A,0xEC,0x74,0x65,0x8F,0x68},
    },
    {
        UINT32_C(28498),
        UINT64_C(0xE4C1452F29B145D7),
        UINT32_C(148),
        UINT32_C(228),
        {0x26,0x4E,0x8D,0x31,0x61,0x2A,0x42,0xC3,0x4E,0xF5,0xEC,0xB3,0x33,0x44,0x98,0x5F,0x5C,0x42,0x96,0x02,0xAA,0x6B,0xA0,0xF1,0xA1,0x56,0x1A,0x68,0xC5,0xCB,0xD7,0xC0},
        {0xBB,0xB7,0x5F,0x8B,0x76,0xC7,0x10,0x2A,0x7F,0x1B,0x1C,0xD7,0x7B,0xDE,0xCA,0x73,0xE2,0x3F,0xEF,0x41,0xB8,0x4D,0xE3,0xC2,0x72,0xE5,0xE9,0xCF,0x36,0x40,0x7B,0x7B},
    },
    {
        UINT32_C(28544),
        UINT64_C(0xED2366EF18951D1F),
        UINT32_C(148),
        UINT32_C(228),
        {0x6F,0x43,0xEA,0xB1,0x30,0x4D,0xD5,0xBC,0x2E,0xDA,0x7A,0x8E,0x6D,0x2F,0x64,0x61,0xF2,0x30,0x6A,0x02,0x7F,0xEA,0xBD,0xEC,0xAB,0x1B,0x0B,0x05,0x29,0x68,0x48,0x53},
        {0x62,0xD1,0x97,0xCE,0x85,0x36,0xF8,0xF3,0x00,0x43,0x52,0x02,0x44,0x0B,0x28,0x66,0xDF,0x7A,0x41,0xA0,0x66,0x08,0x46,0xAA,0xCB,0x5D,0x7C,0x23,0x1B,0x6D,0x17,0xD0},
    },
    {
        UINT32_C(28638),
        UINT64_C(0xC28177B8EC9D0597),
        UINT32_C(148),
        UINT32_C(228),
        {0x29,0x70,0x14,0x4B,0xBF,0x87,0xE0,0x83,0xE4,0x19,0xCE,0xD6,0x9B,0x5A,0x6D,0xE4,0xCD,0x22,0x96,0xAA,0xC8,0xFF,0x4C,0x0C,0x72,0x64,0xAD,0x42,0x8E,0x66,0x00,0xFA},
        {0x89,0xCF,0x2A,0x0F,0xFE,0xE2,0xD0,0x27,0xFB,0xD9,0x1D,0xD0,0x69,0xA2,0xB6,0x9E,0x80,0x36,0x69,0xC0,0xA8,0x71,0xBB,0x2A,0xCF,0xC7,0xDB,0xD3,0x1F,0xCB,0x87,0x09},
    },
    {
        UINT32_C(28648),
        UINT64_C(0x06D2B870966055A1),
        UINT32_C(148),
        UINT32_C(228),
        {0x9C,0x6F,0x7A,0x06,0xBD,0xC5,0x08,0xA0,0x3B,0x39,0x8A,0x40,0xAF,0x08,0x7C,0xEC,0xC0,0xA4,0x98,0x1B,0xEE,0xB2,0xF4,0xC3,0x2D,0x07,0xB5,0xCB,0xD3,0xBE,0x69,0x40},
        {0x77,0x72,0xC9,0xDB,0x10,0xD4,0x6C,0x02,0x0D,0x70,0x0C,0x4F,0x93,0x90,0x63,0x60,0xA7,0x38,0xDE,0xCB,0xBC,0x52,0x12,0xBB,0x6C,0xC5,0xA3,0xC9,0x55,0x1E,0x78,0x4B},
    },
    {
        UINT32_C(28662),
        UINT64_C(0x8CC10D25E80E3A9B),
        UINT32_C(194),
        UINT32_C(116),
        {0x08,0xF1,0x28,0xC6,0x3C,0xF5,0x00,0x60,0x95,0x9E,0x2C,0xA4,0x0B,0x2B,0x92,0xAB,0x58,0x87,0x49,0xB2,0x82,0xDB,0x86,0x87,0x47,0x93,0x0B,0xD2,0xD6,0x28,0x90,0xE3},
        {0x25,0xAE,0xB6,0x64,0x41,0x61,0x40,0x92,0x0F,0xD6,0xD5,0xB1,0xC7,0xB0,0x5A,0x21,0x0D,0x3D,0x93,0xEE,0xD1,0x2B,0x89,0xF4,0x11,0x21,0x04,0x90,0xC7,0x71,0xA2,0x42},
    },
    {
        UINT32_C(28996),
        UINT64_C(0xD7320A6238CB6ED1),
        UINT32_C(148),
        UINT32_C(228),
        {0xCF,0x67,0xE7,0x92,0xAC,0x99,0xCE,0x9A,0xAF,0x67,0x65,0x82,0xE0,0xEB,0x0D,0x4B,0xC5,0xCC,0x83,0x79,0x76,0xCA,0x39,0xE2,0xD6,0x7A,0x65,0xDF,0xE1,0x41,0x7B,0x0F},
        {0x04,0xDB,0x45,0x41,0xB6,0xF8,0xE0,0xF6,0x35,0xD8,0xBE,0xFD,0x21,0x3F,0x0F,0xF3,0x50,0x25,0x9C,0xAC,0x6C,0xE1,0x73,0x8D,0x8F,0x30,0x7F,0x2B,0x11,0x99,0x06,0xD4},
    },
    {
        UINT32_C(29010),
        UINT64_C(0xCD76FBAE9CE3FAFF),
        UINT32_C(148),
        UINT32_C(228),
        {0x86,0xC8,0xBD,0xAF,0x2D,0xCE,0x3C,0xAD,0x0D,0xA9,0xCE,0xA4,0x28,0x26,0x8D,0xB0,0x9E,0xD0,0x6E,0x41,0x1B,0x20,0xDF,0xAB,0xC9,0x07,0xAC,0x48,0xF4,0x91,0x93,0x1C},
        {0x3F,0x55,0x1B,0xAF,0x87,0xD4,0xFF,0x3A,0xC2,0xCE,0x6D,0x7C,0x19,0xF3,0x0D,0x86,0xC6,0x0D,0x9F,0x73,0xF2,0xE1,0x6D,0xE9,0x5E,0x0A,0xAF,0xB1,0x84,0x55,0xF3,0xBD},
    },
    {
        UINT32_C(29078),
        UINT64_C(0xD6C1498F3967F911),
        UINT32_C(148),
        UINT32_C(228),
        {0x2D,0xEF,0x4E,0x2D,0x71,0xF1,0x33,0x5B,0xC2,0x90,0xA8,0xBF,0x00,0x45,0x07,0x6E,0xAC,0x28,0x67,0x4B,0x05,0xDE,0xD5,0x60,0x97,0xEC,0x7A,0x7A,0xF5,0xD5,0x1B,0x79},
        {0xBD,0xB3,0x7E,0x10,0x1D,0x0F,0x90,0x10,0x2C,0xD0,0xC9,0xAE,0x0E,0xBB,0xE3,0x88,0xEF,0x99,0x8B,0xD5,0xD6,0x58,0xA8,0x5F,0xCF,0x9A,0xC7,0x5D,0x5F,0x5F,0x54,0x2C},
    },
    {
        UINT32_C(29322),
        UINT64_C(0xF0E6D93E912FE442),
        UINT32_C(148),
        UINT32_C(228),
        {0xD7,0x8E,0x28,0x8E,0xCE,0xF5,0xD8,0xF0,0x06,0x91,0xA9,0xCC,0x56,0x97,0x48,0xD9,0x10,0x70,0x6A,0xB7,0x66,0x5B,0x5B,0xF4,0x00,0x71,0xA2,0xF1,0x4C,0x33,0x27,0x2B},
        {0xA6,0xB8,0x83,0x11,0xD8,0x1B,0xC0,0x8B,0xA1,0x59,0x13,0x43,0x25,0xDA,0xCE,0x24,0x0D,0xC0,0xBC,0x0A,0x8C,0xAF,0x67,0x22,0x6B,0x72,0x10,0x0C,0xC0,0xD3,0x15,0xDA},
    },
    {
        UINT32_C(29366),
        UINT64_C(0x7951A0FEDA58C823),
        UINT32_C(148),
        UINT32_C(228),
        {0xE6,0xCC,0x7E,0x9E,0x85,0xA5,0x9F,0xD5,0x1D,0x6C,0xC9,0x52,0xB9,0x3E,0x45,0xD3,0x4D,0x89,0x48,0xE6,0xA8,0x6B,0xB5,0xFF,0xCC,0x84,0xD0,0x44,0x60,0xE4,0x30,0x83},
        {0x9F,0x74,0x2C,0x0A,0x4B,0xCF,0xFD,0x67,0x7C,0x3A,0x4F,0xA4,0xD5,0x60,0xCC,0x1D,0xF4,0xA6,0xCF,0x72,0x0D,0x6F,0xC7,0x81,0x51,0xC7,0x8B,0x62,0x87,0x62,0xCA,0x2F},
    },
    {
        UINT32_C(29372),
        UINT64_C(0x8D737BC48EC129A3),
        UINT32_C(148),
        UINT32_C(228),
        {0xA3,0x7A,0x23,0x56,0x57,0x64,0x02,0x4E,0xEA,0x94,0x92,0xBD,0x0C,0x0B,0xCE,0x77,0x78,0xD2,0x7E,0x45,0x1E,0x43,0x46,0x9F,0x83,0xBE,0xAF,0x16,0x13,0xE2,0x32,0x53},
        {0x59,0xFA,0x8C,0xEC,0xDD,0x66,0xFA,0x63,0xF8,0xE1,0xED,0xD8,0x8B,0xEF,0x9C,0xE6,0x8A,0xC0,0x62,0xFC,0x47,0x87,0x4A,0x69,0x73,0x16,0xF5,0x6B,0x4F,0xDD,0xFD,0xC0},
    },
    {
        UINT32_C(29376),
        UINT64_C(0xE1CE7ADD89F2537A),
        UINT32_C(148),
        UINT32_C(228),
        {0x4E,0x31,0xDA,0x9C,0xA8,0x46,0xE5,0xCF,0x9B,0x3F,0x3A,0xB7,0x6C,0xEF,0x46,0xC2,0x8E,0x64,0x7F,0x43,0x3F,0xEA,0x38,0x4F,0x52,0xC2,0x26,0xD2,0x92,0x95,0x37,0xF0},
        {0x65,0x70,0xB7,0xD7,0x18,0xB8,0x2E,0x0F,0xBB,0x83,0xB6,0x7A,0xCD,0xDA,0x18,0xA6,0x35,0xA9,0xBD,0x04,0xA4,0xB4,0x69,0xB5,0xE5,0x03,0xA2,0xB8,0x2F,0x59,0x86,0x35},
    },
    {
        UINT32_C(29400),
        UINT64_C(0xBB8505A8D5F9FB43),
        UINT32_C(148),
        UINT32_C(228),
        {0xE6,0xCC,0x7E,0x9E,0x85,0xA5,0x9F,0xD5,0x1D,0x6C,0xC9,0x52,0xB9,0x3E,0x45,0xD3,0x4D,0x89,0x48,0xE6,0xA8,0x6B,0xB5,0xFF,0xCC,0x84,0xD0,0x44,0x60,0xE4,0x30,0x83},
        {0x9F,0x74,0x2C,0x0A,0x4B,0xCF,0xFD,0x67,0x7C,0x3A,0x4F,0xA4,0xD5,0x60,0xCC,0x1D,0xF4,0xA6,0xCF,0x72,0x0D,0x6F,0xC7,0x81,0x51,0xC7,0x8B,0x62,0x87,0x62,0xCA,0x2F},
    },
    {
        UINT32_C(29470),
        UINT64_C(0x1D3997FEC0D61A2C),
        UINT32_C(348),
        UINT32_C(152),
        {0x88,0xA8,0xBF,0xD6,0x28,0x93,0x5E,0x94,0xF3,0x2C,0xB1,0x91,0xA4,0x9F,0x06,0x89,0x1A,0x7F,0x76,0x3C,0x4B,0x0C,0xF0,0xC7,0x8A,0x47,0x92,0xEC,0x5A,0x5D,0x0F,0x91},
        {0xA8,0xED,0x0D,0x3C,0x7D,0xCB,0x51,0xDA,0x37,0x86,0x7A,0xCE,0x36,0xDE,0xB8,0xEA,0x6C,0xC5,0x44,0x9A,0x50,0x6D,0x31,0xFD,0xDD,0x9D,0x3F,0x81,0xD2,0x32,0x29,0x44},
    },
    {
        UINT32_C(29502),
        UINT64_C(0x2204FC8E2CD12DA7),
        UINT32_C(148),
        UINT32_C(228),
        {0x7F,0x7C,0x83,0xD8,0xAB,0xA8,0xAE,0xF8,0x10,0xD3,0x6C,0x6C,0x82,0xDB,0x90,0xC6,0x25,0xEC,0x7A,0xBA,0xEE,0x39,0x1C,0xFC,0x6A,0xBE,0x02,0xA3,0xD0,0x70,0xA3,0xFB},
        {0x2B,0xE5,0x42,0x16,0x5F,0x08,0x0E,0xAD,0x38,0x38,0x19,0x9F,0xA0,0x04,0xCE,0x03,0x7F,0x67,0xEF,0x2C,0x24,0xAD,0xA8,0x03,0xB7,0x94,0xF1,0xC2,0x7F,0x4B,0xFA,0xFA},
    },
    {
        UINT32_C(29508),
        UINT64_C(0x79EB8217129EE8CD),
        UINT32_C(148),
        UINT32_C(228),
        {0x76,0x5A,0x81,0x41,0x00,0x54,0xA3,0xEA,0x13,0x53,0xAE,0x30,0xCC,0x1E,0x6E,0x24,0x3D,0x69,0xB4,0x00,0xCF,0x7F,0x0A,0xB3,0x05,0x6B,0x4B,0x17,0x8F,0xEC,0xBD,0xFE},
        {0x7F,0xE5,0x17,0xE7,0xF2,0xBF,0x9D,0x42,0x40,0x34,0xD2,0xD8,0xBC,0xF8,0xB5,0xC3,0x41,0x8D,0x7F,0x51,0x49,0x6A,0xC9,0xF2,0xD9,0x40,0x95,0x1D,0x61,0xA4,0x74,0x87},
    },
    {
        UINT32_C(29586),
        UINT64_C(0xDEA628E6B8813523),
        UINT32_C(148),
        UINT32_C(228),
        {0x7D,0xEB,0x9A,0x90,0xA6,0xC5,0x91,0x7C,0xB3,0x5E,0x69,0xB0,0x63,0xD1,0x17,0xCC,0xB4,0xBD,0x10,0x65,0xA0,0xB1,0x14,0xBF,0xF5,0x46,0xC6,0xBF,0xBA,0xD1,0xA6,0x26},
        {0xDA,0xCC,0xE8,0x46,0x16,0x33,0x13,0x6E,0xDD,0x56,0x98,0xB9,0x8E,0x5C,0xAC,0xE7,0x52,0x57,0x5C,0x56,0x32,0xDB,0x7E,0xAA,0xE6,0xDF,0x77,0xAF,0x8A,0xB7,0xE3,0xF3},
    },
    {
        UINT32_C(29592),
        UINT64_C(0x3765F8B0CF0B13C6),
        UINT32_C(148),
        UINT32_C(228),
        {0x5F,0xD2,0x0C,0x92,0x73,0x38,0xFF,0xBC,0x91,0xDA,0xEC,0x96,0x00,0xCF,0x8B,0xCC,0x6E,0x77,0x87,0x14,0xD3,0x15,0x63,0xE6,0x70,0x5D,0x40,0x18,0xD2,0xA0,0xF5,0x02},
        {0xA0,0xB4,0xE8,0x79,0x3C,0x80,0x3D,0xAC,0x5B,0xB1,0xA7,0x60,0x01,0x7D,0xB2,0x10,0x7D,0x4B,0x5D,0x51,0xD1,0x82,0x23,0xAD,0x96,0x20,0xBB,0xED,0xB5,0x01,0x2D,0x13},
    },
    {
        UINT32_C(29670),
        UINT64_C(0x6515E143B9C33AB9),
        UINT32_C(1280),
        UINT32_C(80),
        {0xCE,0x35,0x43,0x03,0xF3,0x2F,0x33,0x15,0x68,0xD1,0x51,0xF0,0xD8,0xDD,0xE0,0x25,0x56,0x0C,0x9B,0xDA,0xDF,0x99,0x9B,0x8A,0xA8,0x1C,0x3E,0x47,0x2D,0x23,0xE2,0xE7},
        {0xCE,0xDD,0x53,0x19,0xD2,0xB8,0xDC,0xC0,0xCE,0x98,0xF8,0x1C,0x56,0x7A,0x78,0x5B,0x27,0xB9,0xB2,0xA8,0x0A,0x3D,0x00,0xC5,0x50,0x27,0xAF,0x25,0x68,0xE9,0x26,0xB9},
    },
    {
        UINT32_C(29710),
        UINT64_C(0x59FD2180EDEA6B46),
        UINT32_C(348),
        UINT32_C(152),
        {0xAF,0x1F,0xFB,0x53,0x60,0xF8,0xC6,0xE3,0x34,0x02,0x67,0x83,0xFC,0x88,0xC7,0xA3,0xF5,0x08,0xEE,0xC0,0x51,0x8F,0xD5,0x49,0xE0,0xB2,0x8C,0xC3,0x74,0x68,0x8F,0x9D},
        {0xC7,0xFD,0xDF,0x59,0x05,0xD9,0x83,0xBA,0x3C,0xE9,0x12,0x37,0x94,0xA7,0xC1,0x9C,0x2D,0xD4,0x75,0xF8,0x61,0x3E,0x30,0x53,0x3F,0xC8,0xF3,0xEA,0x7F,0xA0,0x62,0xE2},
    },
    {
        UINT32_C(29720),
        UINT64_C(0xFB32F7F221EC15D3),
        UINT32_C(148),
        UINT32_C(228),
        {0x26,0x4E,0x8D,0x31,0x61,0x2A,0x42,0xC3,0x4E,0xF5,0xEC,0xB3,0x33,0x44,0x98,0x5F,0x5C,0x42,0x96,0x02,0xAA,0x6B,0xA0,0xF1,0xA1,0x56,0x1A,0x68,0xC5,0xCB,0xD7,0xC0},
        {0xBB,0xB7,0x5F,0x8B,0x76,0xC7,0x10,0x2A,0x7F,0x1B,0x1C,0xD7,0x7B,0xDE,0xCA,0x73,0xE2,0x3F,0xEF,0x41,0xB8,0x4D,0xE3,0xC2,0x72,0xE5,0xE9,0xCF,0x36,0x40,0x7B,0x7B},
    },
    {
        UINT32_C(29724),
        UINT64_C(0xC064A35685398D48),
        UINT32_C(148),
        UINT32_C(228),
        {0x56,0x29,0xBF,0xAA,0x94,0xC3,0x02,0x5B,0x9A,0xBC,0x3E,0xC4,0x99,0xDF,0x48,0x60,0xCA,0x54,0x1D,0xE8,0xFC,0x15,0xFB,0x4E,0x8B,0xB1,0x20,0x1A,0xB6,0x10,0x88,0xE1},
        {0x21,0x9E,0x05,0xB6,0x4C,0x44,0xC5,0x7C,0xBB,0xE4,0xD2,0x5C,0xF4,0xBB,0x3D,0x95,0xEA,0xC2,0xA6,0x12,0x2C,0xDB,0x0A,0x84,0xAB,0xDD,0xF0,0xAB,0x16,0xD0,0xA7,0xF6},
    },
    {
        UINT32_C(29740),
        UINT64_C(0xF8691C7056AB2AE8),
        UINT32_C(148),
        UINT32_C(228),
        {0x7F,0x7C,0x83,0xD8,0xAB,0xA8,0xAE,0xF8,0x10,0xD3,0x6C,0x6C,0x82,0xDB,0x90,0xC6,0x25,0xEC,0x7A,0xBA,0xEE,0x39,0x1C,0xFC,0x6A,0xBE,0x02,0xA3,0xD0,0x70,0xA3,0xFB},
        {0x2B,0xE5,0x42,0x16,0x5F,0x08,0x0E,0xAD,0x38,0x38,0x19,0x9F,0xA0,0x04,0xCE,0x03,0x7F,0x67,0xEF,0x2C,0x24,0xAD,0xA8,0x03,0xB7,0x94,0xF1,0xC2,0x7F,0x4B,0xFA,0xFA},
    },
    {
        UINT32_C(29770),
        UINT64_C(0xE0DDFBEC29878AA8),
        UINT32_C(148),
        UINT32_C(228),
        {0xD7,0x8E,0x28,0x8E,0xCE,0xF5,0xD8,0xF0,0x06,0x91,0xA9,0xCC,0x56,0x97,0x48,0xD9,0x10,0x70,0x6A,0xB7,0x66,0x5B,0x5B,0xF4,0x00,0x71,0xA2,0xF1,0x4C,0x33,0x27,0x2B},
        {0xA6,0xB8,0x83,0x11,0xD8,0x1B,0xC0,0x8B,0xA1,0x59,0x13,0x43,0x25,0xDA,0xCE,0x24,0x0D,0xC0,0xBC,0x0A,0x8C,0xAF,0x67,0x22,0x6B,0x72,0x10,0x0C,0xC0,0xD3,0x15,0xDA},
    },
    {
        UINT32_C(29874),
        UINT64_C(0xBEF117457EA8D298),
        UINT32_C(148),
        UINT32_C(228),
        {0x53,0x36,0xC6,0x5E,0x4A,0x23,0x83,0x28,0x7A,0x12,0x87,0x0F,0x2F,0xB8,0x69,0xC6,0x75,0xAC,0x8D,0x10,0x48,0xD4,0x8A,0xC3,0x7E,0x93,0xA2,0xD5,0x69,0x9A,0xEF,0xD9},
        {0x0A,0x5A,0x9E,0xAD,0x4D,0xDC,0x65,0x19,0x52,0xD6,0x5E,0x48,0x9D,0xBC,0x97,0xF8,0x15,0xA9,0x06,0x7F,0xEE,0xBD,0xDB,0x39,0x39,0xCD,0x77,0xDA,0x0D,0x6D,0x5B,0x68},
    },
    {
        UINT32_C(29888),
        UINT64_C(0x7CDDCCE6A8EAC04C),
        UINT32_C(148),
        UINT32_C(228),
        {0xFD,0x90,0x89,0xC2,0x96,0x08,0x5A,0xE8,0x76,0x46,0xC4,0x5D,0x7E,0x04,0x21,0x00,0x83,0xA0,0x52,0xAB,0x63,0xE7,0xEB,0x00,0xD2,0x3B,0x4D,0x90,0x8C,0x55,0xC6,0x19},
        {0xE0,0xC5,0x6E,0xB7,0x2B,0x3C,0xA5,0x28,0x58,0x20,0x71,0x70,0xCF,0x39,0x4F,0xC9,0x51,0x7E,0xB4,0x1B,0xEC,0x5A,0x49,0xFA,0xF2,0x81,0x6A,0x40,0x1D,0x7D,0x9F,0x24},
    },
    {
        UINT32_C(29914),
        UINT64_C(0x8BA8149D7CFC7064),
        UINT32_C(148),
        UINT32_C(228),
        {0x97,0xEA,0x5A,0x52,0xB3,0x24,0x6F,0x24,0xAF,0x68,0x24,0xDD,0x38,0x21,0xCE,0x29,0xBB,0x6B,0x1F,0x5C,0x70,0x38,0x7F,0x80,0x8A,0xEC,0x2F,0x3E,0x63,0xC5,0x31,0x7E},
        {0x51,0x1C,0xEE,0xF7,0x4E,0xA3,0x20,0xE9,0x20,0xBF,0x89,0x1A,0x67,0x10,0xD3,0xDE,0xC3,0xA1,0xD2,0x90,0xFE,0x67,0x63,0x2B,0xFE,0x7C,0x5A,0xEC,0x74,0x65,0x8F,0x68},
    },
    {
        UINT32_C(29974),
        UINT64_C(0x55A29F50CF480AD9),
        UINT32_C(148),
        UINT32_C(228),
        {0x29,0x70,0x14,0x4B,0xBF,0x87,0xE0,0x83,0xE4,0x19,0xCE,0xD6,0x9B,0x5A,0x6D,0xE4,0xCD,0x22,0x96,0xAA,0xC8,0xFF,0x4C,0x0C,0x72,0x64,0xAD,0x42,0x8E,0x66,0x00,0xFA},
        {0x89,0xCF,0x2A,0x0F,0xFE,0xE2,0xD0,0x27,0xFB,0xD9,0x1D,0xD0,0x69,0xA2,0xB6,0x9E,0x80,0x36,0x69,0xC0,0xA8,0x71,0xBB,0x2A,0xCF,0xC7,0xDB,0xD3,0x1F,0xCB,0x87,0x09},
    },
    {
        UINT32_C(29992),
        UINT64_C(0xA9736380707D5FB8),
        UINT32_C(148),
        UINT32_C(228),
        {0xE1,0x95,0x98,0x56,0x44,0x0B,0xB3,0x22,0xC5,0x67,0x77,0xDD,0x32,0xA9,0x0B,0x66,0x0A,0xF4,0xD1,0x86,0xD5,0x34,0xF7,0x70,0xD2,0xA5,0x33,0x0F,0x27,0xD1,0xFE,0x4C},
        {0xA3,0xD0,0x3C,0x3B,0x00,0xF6,0x53,0x5C,0x0B,0xDE,0x4D,0x2B,0xF6,0xCC,0xE7,0xDF,0x66,0x29,0x6D,0xAA,0x50,0x48,0x0F,0xF3,0x47,0x3B,0xEE,0xD9,0x98,0x18,0xC2,0xCE},
    },
    {
        UINT32_C(30014),
        UINT64_C(0xF23B242EFB496DB4),
        UINT32_C(148),
        UINT32_C(228),
        {0x08,0xAE,0x59,0x3F,0x80,0x3A,0x8E,0x1C,0xE0,0xA4,0x4E,0x69,0xE3,0xC3,0xF6,0x34,0xC2,0x2A,0x27,0x39,0x0F,0x8F,0xBE,0x79,0xBF,0x4E,0x48,0x42,0x34,0x10,0xAB,0xEE},
        {0xCD,0xE3,0x37,0x7E,0xEF,0x4F,0xE6,0xEB,0xD3,0x2E,0x07,0x06,0x7B,0x40,0xD2,0x4D,0x80,0x3F,0x17,0xC6,0xE6,0xFB,0xAD,0x8A,0xE2,0xCF,0xAB,0x72,0xE6,0x1E,0x69,0x77},
    },
    {
        UINT32_C(30044),
        UINT64_C(0xD565A39007F9F707),
        UINT32_C(148),
        UINT32_C(228),
        {0xE1,0x66,0x75,0xDE,0x54,0x30,0xC5,0x1A,0xAF,0x05,0xFB,0x4C,0xA0,0x26,0xC5,0xF7,0x3C,0x71,0x4F,0xFC,0xE6,0x8D,0x38,0x94,0xC3,0x56,0x32,0x91,0x73,0x4E,0xB0,0xBA},
        {0x3C,0x21,0xF7,0x93,0xFE,0x99,0xE2,0xC2,0x63,0x1B,0x76,0x16,0x88,0xD5,0x6D,0x93,0xC9,0x75,0x87,0x20,0x5F,0x0F,0xEF,0xF5,0x82,0x57,0xA0,0x03,0x65,0x9F,0x3C,0xF8},
    },
    {
        UINT32_C(30072),
        UINT64_C(0x3F072B8ADFBD6BD8),
        UINT32_C(194),
        UINT32_C(116),
        {0x4B,0x56,0x35,0x5F,0x2B,0x42,0x71,0x7D,0xD3,0x1F,0xFD,0xC0,0x2B,0xFD,0x65,0x9E,0x53,0x60,0x6F,0xE2,0x5E,0xE3,0xFA,0xE5,0xD0,0x57,0x03,0x16,0x74,0xB4,0xF1,0x01},
        {0xC1,0x45,0x75,0xF3,0xF7,0x05,0x7B,0xDA,0xD7,0x2B,0xE7,0x99,0x24,0x0C,0xEC,0xFB,0xB5,0xC9,0xAF,0x15,0xDD,0xB4,0x30,0x17,0xFE,0xD3,0xA4,0x7F,0x9A,0x0D,0x3D,0x90},
    },
    {
        UINT32_C(30148),
        UINT64_C(0xE82FA4F5CF455FC7),
        UINT32_C(148),
        UINT32_C(228),
        {0x20,0x47,0x07,0xCB,0x79,0x03,0xD6,0x30,0x3E,0xA8,0x50,0xC7,0xF3,0x4C,0x9E,0x7E,0x34,0x80,0x46,0xD3,0x69,0xE5,0x42,0xF5,0x75,0x63,0x5E,0x9B,0x3B,0x51,0xD9,0x63},
        {0x26,0xE8,0x33,0x0B,0x08,0x6F,0x56,0x5A,0x3E,0x8F,0x93,0xE2,0xD9,0x24,0xED,0x4E,0x1F,0x01,0x57,0x6D,0xD4,0xAA,0x04,0x16,0x47,0x5B,0xCE,0x7D,0x52,0x3A,0xE8,0x06},
    },
    {
        UINT32_C(30192),
        UINT64_C(0x3F9A203990DAB71D),
        UINT32_C(148),
        UINT32_C(228),
        {0xFA,0xF8,0x31,0x26,0x50,0xE8,0x99,0xF8,0xB2,0x7B,0x4D,0xF2,0xA0,0xB3,0x6B,0x2B,0x7E,0x8C,0x0F,0x38,0xB2,0xBE,0xC2,0xCE,0x37,0x6B,0xB0,0x60,0x88,0x37,0x7E,0x70},
        {0x9B,0xF1,0xBD,0x69,0x51,0x18,0x5E,0x42,0xFB,0x1B,0x4D,0x8D,0x07,0xA6,0x09,0xE4,0x68,0x09,0x78,0x67,0x07,0x39,0x77,0xB0,0xEA,0x3A,0x6D,0xA8,0xE3,0x49,0x17,0xD5},
    },
    {
        UINT32_C(30206),
        UINT64_C(0x1906B63FE180C897),
        UINT32_C(148),
        UINT32_C(228),
        {0x4E,0x31,0xDA,0x9C,0xA8,0x46,0xE5,0xCF,0x9B,0x3F,0x3A,0xB7,0x6C,0xEF,0x46,0xC2,0x8E,0x64,0x7F,0x43,0x3F,0xEA,0x38,0x4F,0x52,0xC2,0x26,0xD2,0x92,0x95,0x37,0xF0},
        {0x65,0x70,0xB7,0xD7,0x18,0xB8,0x2E,0x0F,0xBB,0x83,0xB6,0x7A,0xCD,0xDA,0x18,0xA6,0x35,0xA9,0xBD,0x04,0xA4,0xB4,0x69,0xB5,0xE5,0x03,0xA2,0xB8,0x2F,0x59,0x86,0x35},
    },
    {
        UINT32_C(30308),
        UINT64_C(0x2E578BB6F8BFEA03),
        UINT32_C(148),
        UINT32_C(228),
        {0x83,0x2C,0xBC,0x9A,0x04,0xDD,0x0B,0x47,0xCA,0x22,0x8A,0x1C,0x67,0x03,0xC0,0x68,0x36,0xC7,0x3D,0x90,0x6C,0x05,0x25,0x8B,0xA4,0xCF,0x0F,0x84,0x9C,0xE6,0xF7,0x7B},
        {0x52,0x92,0x67,0x4B,0x23,0xF4,0xA2,0xAC,0x62,0x41,0x75,0x45,0xCA,0x86,0x4C,0xC0,0x0A,0x4B,0x4B,0xED,0x7A,0x46,0x04,0xE4,0x53,0x1F,0xC5,0xF7,0x1F,0x3F,0x13,0xCC},
    },
    {
        UINT32_C(30424),
        UINT64_C(0x62BABA687FDF9AA4),
        UINT32_C(148),
        UINT32_C(228),
        {0xCF,0x67,0xE7,0x92,0xAC,0x99,0xCE,0x9A,0xAF,0x67,0x65,0x82,0xE0,0xEB,0x0D,0x4B,0xC5,0xCC,0x83,0x79,0x76,0xCA,0x39,0xE2,0xD6,0x7A,0x65,0xDF,0xE1,0x41,0x7B,0x0F},
        {0x04,0xDB,0x45,0x41,0xB6,0xF8,0xE0,0xF6,0x35,0xD8,0xBE,0xFD,0x21,0x3F,0x0F,0xF3,0x50,0x25,0x9C,0xAC,0x6C,0xE1,0x73,0x8D,0x8F,0x30,0x7F,0x2B,0x11,0x99,0x06,0xD4},
    },
    {
        UINT32_C(30430),
        UINT64_C(0x422FAF34043DD46D),
        UINT32_C(148),
        UINT32_C(228),
        {0x11,0xD7,0x60,0x18,0x11,0x66,0xE5,0xDD,0x79,0x42,0xDB,0xE9,0x59,0x37,0xC6,0xA4,0xA1,0x6E,0xAB,0xB0,0x9E,0x14,0xA1,0x2F,0xB3,0x02,0x21,0xB1,0xA9,0x61,0x35,0x6A},
        {0x16,0x08,0x5B,0x6B,0xF3,0xEE,0xBC,0x45,0xEC,0x8C,0x2D,0xC0,0x48,0xF5,0x74,0x8E,0x6E,0xED,0x84,0x85,0x60,0x14,0x1B,0x14,0x61,0xEA,0xDE,0xC4,0x3F,0xB3,0xA0,0xB4},
    },
    {
        UINT32_C(30456),
        UINT64_C(0x4F9B441BBB9FE63C),
        UINT32_C(340),
        UINT32_C(128),
        {0x69,0xF1,0x5E,0x3D,0x9F,0x3B,0x85,0x22,0x1E,0x2D,0x63,0x90,0x73,0xF6,0x21,0xB3,0x4E,0xE2,0xFD,0x5F,0xA0,0x1E,0x1F,0xB5,0xA3,0x8B,0xE7,0x56,0x29,0xDE,0x68,0x54},
        {0x1B,0x7A,0xF3,0x2E,0x8A,0x8C,0xDB,0x10,0xE2,0xAE,0xA3,0x1F,0x51,0x2C,0xEC,0x8A,0x6C,0x82,0xD6,0x8F,0xF1,0x9D,0x05,0x19,0x96,0x77,0x14,0x8F,0x0F,0xF4,0x03,0xAB},
    },
    {
        UINT32_C(30474),
        UINT64_C(0xB373B6E6DFE07BB8),
        UINT32_C(148),
        UINT32_C(228),
        {0x76,0x5A,0x81,0x41,0x00,0x54,0xA3,0xEA,0x13,0x53,0xAE,0x30,0xCC,0x1E,0x6E,0x24,0x3D,0x69,0xB4,0x00,0xCF,0x7F,0x0A,0xB3,0x05,0x6B,0x4B,0x17,0x8F,0xEC,0xBD,0xFE},
        {0x7F,0xE5,0x17,0xE7,0xF2,0xBF,0x9D,0x42,0x40,0x34,0xD2,0xD8,0xBC,0xF8,0xB5,0xC3,0x41,0x8D,0x7F,0x51,0x49,0x6A,0xC9,0xF2,0xD9,0x40,0x95,0x1D,0x61,0xA4,0x74,0x87},
    },
    {
        UINT32_C(30546),
        UINT64_C(0xE3A74FA58D1F273E),
        UINT32_C(148),
        UINT32_C(228),
        {0xEB,0xA4,0x9B,0xE2,0x5E,0x04,0x74,0xC2,0x12,0xC5,0xE2,0x40,0x50,0x8B,0xEB,0xB5,0x00,0xB8,0x8C,0xC9,0xF0,0x52,0x96,0x39,0x2A,0x60,0x59,0x36,0x77,0x6F,0xD9,0x8D},
        {0xE0,0x69,0xFC,0xC0,0x7F,0xC4,0xF1,0x3F,0xDD,0x98,0xBB,0x9A,0xB5,0x22,0x79,0x2B,0xB0,0x8C,0x93,0xBA,0xE3,0xFD,0x28,0xCD,0xC2,0x99,0x10,0x84,0x05,0x86,0x21,0x0F},
    },
    {
        UINT32_C(30606),
        UINT64_C(0x3B42A8D95762C6C5),
        UINT32_C(148),
        UINT32_C(228),
        {0xE1,0x95,0x98,0x56,0x44,0x0B,0xB3,0x22,0xC5,0x67,0x77,0xDD,0x32,0xA9,0x0B,0x66,0x0A,0xF4,0xD1,0x86,0xD5,0x34,0xF7,0x70,0xD2,0xA5,0x33,0x0F,0x27,0xD1,0xFE,0x4C},
        {0xA3,0xD0,0x3C,0x3B,0x00,0xF6,0x53,0x5C,0x0B,0xDE,0x4D,0x2B,0xF6,0xCC,0xE7,0xDF,0x66,0x29,0x6D,0xAA,0x50,0x48,0x0F,0xF3,0x47,0x3B,0xEE,0xD9,0x98,0x18,0xC2,0xCE},
    },
    {
        UINT32_C(30654),
        UINT64_C(0x852276DC37225675),
        UINT32_C(148),
        UINT32_C(228),
        {0x00,0x0C,0x7B,0xB2,0xA8,0x3F,0x5B,0x6F,0x2B,0xBE,0x19,0x7A,0x81,0x1F,0x79,0x8E,0x06,0x91,0x10,0x34,0x3A,0x01,0x61,0x52,0x1F,0xD1,0x81,0x69,0x7E,0xD1,0xA0,0xAA},
        {0xC8,0xDC,0xE2,0xE9,0x8C,0xA6,0x6D,0xC2,0x93,0x27,0x3F,0x70,0x56,0xE6,0x7B,0x42,0x8C,0x94,0x31,0x40,0x29,0x01,0x52,0x44,0x93,0x06,0xD5,0xB1,0x6D,0x2A,0x68,0x41},
    },
    {
        UINT32_C(30658),
        UINT64_C(0x052745CAF53FF6DE),
        UINT32_C(340),
        UINT32_C(128),
        {0x42,0x1A,0x95,0xF7,0x0C,0xE4,0x32,0x61,0x41,0xA6,0x09,0xA2,0x2D,0x61,0x84,0xA9,0x14,0xD9,0x74,0x58,0xF5,0xDC,0xE9,0x91,0xC1,0xA1,0xFC,0x44,0x77,0x8D,0x0A,0x7B},
        {0x0D,0x90,0x75,0xCB,0xA2,0xEC,0xAE,0xD0,0x05,0x4B,0xC6,0x7A,0x7D,0x2B,0xC4,0x15,0x55,0x82,0xEA,0xE0,0x5B,0x9D,0xB7,0x3E,0xB7,0x50,0x08,0x12,0xA5,0xB8,0x05,0xEE},
    },
    {
        UINT32_C(30660),
        UINT64_C(0x6DC2454275A1CEB6),
        UINT32_C(194),
        UINT32_C(116),
        {0x4B,0x56,0x35,0x5F,0x2B,0x42,0x71,0x7D,0xD3,0x1F,0xFD,0xC0,0x2B,0xFD,0x65,0x9E,0x53,0x60,0x6F,0xE2,0x5E,0xE3,0xFA,0xE5,0xD0,0x57,0x03,0x16,0x74,0xB4,0xF1,0x01},
        {0xC1,0x45,0x75,0xF3,0xF7,0x05,0x7B,0xDA,0xD7,0x2B,0xE7,0x99,0x24,0x0C,0xEC,0xFB,0xB5,0xC9,0xAF,0x15,0xDD,0xB4,0x30,0x17,0xFE,0xD3,0xA4,0x7F,0x9A,0x0D,0x3D,0x90},
    },
    {
        UINT32_C(30838),
        UINT64_C(0xD5BA511427B5F104),
        UINT32_C(148),
        UINT32_C(228),
        {0x2D,0xC3,0x96,0xE9,0xDF,0xB4,0x91,0x6E,0x42,0xD7,0x29,0x20,0x62,0x6E,0x49,0x39,0xCF,0xA8,0xB1,0x35,0x1F,0xB2,0x80,0xB7,0x15,0xEE,0x56,0x1A,0x72,0x73,0x45,0xCD},
        {0xA5,0x59,0x63,0xB7,0x78,0xD4,0xCE,0x2D,0x22,0xBC,0xD4,0xD4,0xCD,0x79,0x85,0x15,0xC5,0x43,0x30,0x3F,0x38,0xD3,0x78,0x92,0xDB,0x91,0x23,0xD4,0xC1,0x65,0xDC,0xC4},
    },
    {
        UINT32_C(30872),
        UINT64_C(0x1BD93745DEDC9841),
        UINT32_C(148),
        UINT32_C(228),
        {0x9C,0x6F,0x7A,0x06,0xBD,0xC5,0x08,0xA0,0x3B,0x39,0x8A,0x40,0xAF,0x08,0x7C,0xEC,0xC0,0xA4,0x98,0x1B,0xEE,0xB2,0xF4,0xC3,0x2D,0x07,0xB5,0xCB,0xD3,0xBE,0x69,0x40},
        {0x77,0x72,0xC9,0xDB,0x10,0xD4,0x6C,0x02,0x0D,0x70,0x0C,0x4F,0x93,0x90,0x63,0x60,0xA7,0x38,0xDE,0xCB,0xBC,0x52,0x12,0xBB,0x6C,0xC5,0xA3,0xC9,0x55,0x1E,0x78,0x4B},
    },
    {
        UINT32_C(30912),
        UINT64_C(0x137967CFCEB18637),
        UINT32_C(340),
        UINT32_C(128),
        {0xC8,0x6C,0xA4,0x83,0xEC,0x8B,0x2D,0x2C,0xE7,0x78,0xCA,0x0F,0x90,0x79,0xCF,0x68,0xCB,0xA3,0x4A,0x0D,0x0D,0xF6,0xC4,0xE4,0xF3,0xBB,0x2C,0x2B,0x22,0xF8,0x30,0x31},
        {0x1F,0x6E,0xAE,0x57,0xC5,0x86,0xD7,0x1F,0x5C,0xE3,0xE6,0xA8,0x0B,0x72,0xE9,0x72,0xDA,0x3B,0x5A,0x74,0xF7,0xE1,0x21,0x56,0x55,0xC6,0x39,0x2E,0x77,0x5C,0x28,0x03},
    },
    {
        UINT32_C(30948),
        UINT64_C(0xFADBB9503C6E4717),
        UINT32_C(148),
        UINT32_C(228),
        {0x3B,0xE4,0xD5,0x03,0x72,0x3E,0x6F,0xFB,0x80,0xD9,0x4E,0x5A,0x73,0xCA,0xA0,0xAA,0xA9,0x92,0x24,0x5E,0x67,0xBD,0xF2,0x6D,0x59,0x73,0x2F,0xA3,0x81,0x11,0x9A,0xB2},
        {0x01,0x2E,0x97,0x8A,0xB2,0x07,0xF1,0xC1,0x11,0x41,0x1C,0xA4,0x2B,0xFB,0x74,0x7A,0xC1,0x6B,0xE9,0x3A,0x1E,0x8E,0x85,0x9D,0xC5,0xCB,0xE7,0x4B,0x9D,0xF1,0xF2,0xC4},
    },
    {
        UINT32_C(30958),
        UINT64_C(0xFE6C6C13651B6A52),
        UINT32_C(148),
        UINT32_C(228),
        {0xF9,0x53,0x22,0x27,0xF3,0x43,0x00,0x3D,0xBF,0x81,0xE7,0x99,0xA9,0x0B,0xA3,0xEB,0x41,0x32,0x63,0x0B,0x89,0xA4,0x21,0xAB,0xFD,0x59,0x81,0x93,0x89,0x76,0x01,0xDC},
        {0x91,0x49,0xC7,0x3C,0x32,0x14,0x37,0x8B,0x0C,0xCE,0xDB,0x64,0xAE,0xD3,0xC7,0xAD,0x9C,0x05,0xBC,0xAB,0xCF,0xAA,0x52,0xBE,0xD8,0x9C,0x44,0x5D,0xE8,0x61,0x1F,0xC5},
    },
    {
        UINT32_C(30984),
        UINT64_C(0x878BCE244C976709),
        UINT32_C(148),
        UINT32_C(228),
        {0x74,0x70,0x6C,0x79,0xC5,0x8C,0xC5,0x6C,0xB9,0x09,0xD1,0x27,0x14,0x22,0xEB,0x2E,0x0D,0x4C,0xBA,0xCC,0xE3,0x45,0x54,0x03,0xD3,0xAF,0xC3,0x2E,0xBC,0x95,0x91,0xE7},
        {0xEC,0x48,0x5B,0x17,0x20,0xC8,0xF2,0x9F,0x10,0x0C,0x37,0xFB,0xD8,0x25,0x39,0xD8,0xE2,0x09,0x53,0xDF,0x1F,0x89,0xCF,0x5D,0x63,0x74,0xE8,0xFA,0xA3,0x92,0x05,0xFE},
    },
    {
        UINT32_C(31040),
        UINT64_C(0xFF88482C038AE74C),
        UINT32_C(148),
        UINT32_C(228),
        {0x53,0x36,0xC6,0x5E,0x4A,0x23,0x83,0x28,0x7A,0x12,0x87,0x0F,0x2F,0xB8,0x69,0xC6,0x75,0xAC,0x8D,0x10,0x48,0xD4,0x8A,0xC3,0x7E,0x93,0xA2,0xD5,0x69,0x9A,0xEF,0xD9},
        {0x0A,0x5A,0x9E,0xAD,0x4D,0xDC,0x65,0x19,0x52,0xD6,0x5E,0x48,0x9D,0xBC,0x97,0xF8,0x15,0xA9,0x06,0x7F,0xEE,0xBD,0xDB,0x39,0x39,0xCD,0x77,0xDA,0x0D,0x6D,0x5B,0x68},
    },
    {
        UINT32_C(31054),
        UINT64_C(0x36CB8F83EF9F6FDE),
        UINT32_C(148),
        UINT32_C(228),
        {0x77,0x7C,0xC1,0x5A,0x88,0x4D,0xD1,0x17,0x39,0x82,0xCB,0xA2,0xFF,0x96,0x20,0x02,0x2F,0x88,0x50,0x4D,0xE3,0x48,0xC1,0x41,0x8A,0x84,0x9A,0x6F,0xDD,0xDC,0xEE,0x85},
        {0x2B,0xBD,0xCF,0x7C,0xBF,0x3D,0x63,0x91,0x5D,0x6D,0x43,0x49,0x29,0x23,0x02,0xD5,0xE5,0x7D,0x0C,0x9D,0x28,0xFF,0x7C,0xC8,0xBB,0xC7,0x3E,0xB8,0xB5,0x7C,0x04,0xD9},
    },
    {
        UINT32_C(31084),
        UINT64_C(0x57BDC4B848D142D8),
        UINT32_C(148),
        UINT32_C(228),
        {0x80,0xA4,0x41,0x07,0x2B,0x48,0x49,0xE1,0x7B,0x18,0x8F,0x0D,0xA0,0xF4,0xAE,0x8D,0x12,0x2B,0x06,0x24,0x30,0x93,0x2A,0xFA,0xFD,0x3C,0x41,0xE5,0xE9,0xC3,0xA0,0x41},
        {0x84,0xFE,0x25,0x92,0x81,0x00,0xBC,0x74,0xB0,0xA2,0x90,0x16,0xB9,0x6E,0x1C,0x48,0x4C,0x6D,0x4D,0x01,0xA3,0x73,0xBA,0x6E,0x6B,0xD3,0x20,0x3A,0x77,0xA9,0x14,0x57},
    },
    {
        UINT32_C(31144),
        UINT64_C(0xB3B80008BB4F5767),
        UINT32_C(148),
        UINT32_C(228),
        {0x00,0x0C,0x7B,0xB2,0xA8,0x3F,0x5B,0x6F,0x2B,0xBE,0x19,0x7A,0x81,0x1F,0x79,0x8E,0x06,0x91,0x10,0x34,0x3A,0x01,0x61,0x52,0x1F,0xD1,0x81,0x69,0x7E,0xD1,0xA0,0xAA},
        {0xC8,0xDC,0xE2,0xE9,0x8C,0xA6,0x6D,0xC2,0x93,0x27,0x3F,0x70,0x56,0xE6,0x7B,0x42,0x8C,0x94,0x31,0x40,0x29,0x01,0x52,0x44,0x93,0x06,0xD5,0xB1,0x6D,0x2A,0x68,0x41},
    },
    {
        UINT32_C(31274),
        UINT64_C(0x5DD217B6282062CC),
        UINT32_C(148),
        UINT32_C(228),
        {0x7A,0x72,0x40,0x40,0x89,0x7B,0x3C,0xEC,0x98,0x83,0xD6,0xDD,0x27,0xC3,0x8B,0x0F,0xF1,0x28,0xB2,0xCD,0xA9,0x0D,0xF5,0x54,0x82,0x44,0x65,0x94,0xBC,0xF0,0x76,0x26},
        {0x24,0x6B,0x73,0x76,0xB7,0x28,0xEF,0xB2,0xFF,0x15,0x9A,0x9C,0x74,0xB5,0x05,0xFD,0x97,0xC6,0x3D,0xF6,0x89,0xD3,0xA8,0xB9,0x8D,0xCF,0xEC,0xD2,0xFC,0xF7,0xC8,0x55},
    },
    {
        UINT32_C(31294),
        UINT64_C(0x820CD402B554C426),
        UINT32_C(148),
        UINT32_C(228),
        {0x16,0x75,0x25,0x7E,0x7A,0x90,0xDA,0x6B,0xDF,0xA1,0xB1,0x73,0x8D,0xBC,0xBE,0x0E,0x34,0x40,0x5C,0xDE,0x5A,0x72,0x38,0xF4,0x61,0xFC,0x2C,0x26,0x2F,0xD3,0x63,0xE0},
        {0x71,0x34,0x67,0xB1,0x6C,0x7C,0x1F,0x9A,0x72,0x07,0xC7,0xE7,0x48,0xB8,0xD8,0xF7,0xFF,0x47,0xA5,0x2A,0x87,0xE8,0x80,0x92,0xF8,0x3D,0xD5,0xF7,0x40,0xA2,0xC6,0x99},
    },
    {
        UINT32_C(31336),
        UINT64_C(0x9D459AE4C27D8FAD),
        UINT32_C(148),
        UINT32_C(228),
        {0xFD,0x90,0x89,0xC2,0x96,0x08,0x5A,0xE8,0x76,0x46,0xC4,0x5D,0x7E,0x04,0x21,0x00,0x83,0xA0,0x52,0xAB,0x63,0xE7,0xEB,0x00,0xD2,0x3B,0x4D,0x90,0x8C,0x55,0xC6,0x19},
        {0xE0,0xC5,0x6E,0xB7,0x2B,0x3C,0xA5,0x28,0x58,0x20,0x71,0x70,0xCF,0x39,0x4F,0xC9,0x51,0x7E,0xB4,0x1B,0xEC,0x5A,0x49,0xFA,0xF2,0x81,0x6A,0x40,0x1D,0x7D,0x9F,0x24},
    },
    {
        UINT32_C(31374),
        UINT64_C(0xE9F824C696EE19EA),
        UINT32_C(340),
        UINT32_C(128),
        {0xF0,0xE3,0x68,0xB7,0xCF,0x6F,0x29,0x74,0x64,0x35,0xFC,0xAC,0x1D,0x0A,0x74,0xAA,0xDB,0xAD,0x69,0x52,0x6F,0xB3,0xD1,0xCF,0x31,0xFF,0x7A,0x63,0xA3,0x63,0x8C,0x40},
        {0x1E,0x70,0x22,0x6C,0xF8,0xCC,0x80,0x5E,0x79,0xFF,0x24,0xF7,0x5F,0x33,0x61,0xF6,0x07,0xDA,0x1D,0xB2,0x53,0x06,0xCA,0xB9,0x61,0x46,0xE0,0x8C,0xB3,0x3B,0xF4,0x99},
    },
    {
        UINT32_C(31432),
        UINT64_C(0x61C79C570322408F),
        UINT32_C(148),
        UINT32_C(228),
        {0x68,0x6E,0x79,0xCB,0xD3,0x73,0x8F,0xED,0xD6,0x83,0x78,0xD7,0xD2,0x52,0x32,0x87,0x68,0xA6,0xF7,0x3F,0x06,0x1C,0x1D,0x54,0xAE,0x11,0x4E,0xB1,0xD8,0x50,0xB1,0xB7},
        {0xDC,0x9B,0xEB,0x15,0x0C,0xD2,0x3C,0x22,0x98,0x9C,0x9A,0xEA,0x6A,0x98,0x58,0x46,0xB0,0x8C,0x23,0x2B,0xC6,0x4D,0xBA,0xB5,0xCA,0x81,0xA7,0xD3,0xF7,0x0D,0x4A,0xF1},
    },
    {
        UINT32_C(31444),
        UINT64_C(0x13D890CD5FFB5D01),
        UINT32_C(340),
        UINT32_C(128),
        {0xC0,0x17,0x70,0xA7,0x15,0x0A,0x7F,0x21,0x78,0x12,0xD5,0x28,0xDD,0x71,0xC0,0x3A,0x4E,0x4C,0x9E,0xFE,0x8D,0x0D,0xBE,0xCE,0x51,0x79,0xC0,0xF8,0x17,0x15,0x7F,0x89},
        {0x35,0xF9,0x3E,0x64,0x2E,0x12,0x8C,0xBD,0x36,0x84,0x2E,0x90,0xC5,0x36,0x53,0xC2,0xD5,0xCE,0xD3,0x9E,0x24,0xF9,0xDB,0x67,0x5E,0x5C,0xA9,0xAB,0x6D,0x0D,0x38,0x4A},
    },
    {
        UINT32_C(31444),
        UINT64_C(0x789D4A94530311FD),
        UINT32_C(148),
        UINT32_C(228),
        {0x47,0x1B,0x63,0xA9,0x3A,0x88,0x2D,0xD3,0x3C,0x4F,0x6C,0x8C,0x91,0x47,0x09,0xE9,0xD1,0xA5,0x9E,0x5D,0x45,0x34,0x42,0xE1,0x8E,0x13,0x7C,0xF3,0xA1,0xD0,0x47,0x76},
        {0x09,0xF2,0x71,0x82,0x2C,0x1C,0xF0,0xB9,0xBB,0x73,0x11,0x6C,0x68,0x9D,0x6E,0x77,0x50,0x33,0x33,0x7F,0xF2,0x9F,0x66,0x4A,0x40,0xBC,0xEF,0xAB,0xBE,0x64,0x72,0x55},
    },
    {
        UINT32_C(31590),
        UINT64_C(0xDF939E48DE1105E0),
        UINT32_C(148),
        UINT32_C(228),
        {0x8C,0xE0,0xC6,0xF0,0x6C,0x2A,0xC8,0x6D,0x5C,0x08,0x06,0x61,0xA6,0x1D,0x66,0x5B,0x20,0x87,0x82,0x45,0xD9,0xD7,0x16,0x65,0x39,0x86,0x0C,0x9B,0x53,0x75,0xA6,0x88},
        {0x74,0x04,0xFD,0x89,0xCC,0x2F,0x0C,0x06,0x3B,0x6B,0x0B,0x0B,0x8E,0x83,0xB7,0x23,0x28,0x57,0x09,0xD6,0x2C,0xD3,0x89,0x76,0xA2,0xEF,0x6D,0x5F,0xE1,0xFB,0x7E,0x20},
    },
    {
        UINT32_C(31626),
        UINT64_C(0x107EC14A471E991A),
        UINT32_C(340),
        UINT32_C(128),
        {0xA1,0xE5,0xC0,0x20,0xFD,0x9A,0xCB,0xD3,0xBF,0x33,0x73,0x58,0xD7,0xF5,0xF2,0xB2,0x00,0x49,0x82,0x30,0xD0,0x57,0x14,0x22,0xA1,0xD5,0x39,0x08,0x53,0x20,0x1C,0xAB},
        {0x49,0xAA,0x35,0x9D,0x1D,0xE1,0xAD,0x88,0x7F,0xC7,0x4A,0x11,0x9F,0x31,0xF0,0x37,0xD1,0xF4,0x18,0x72,0xCE,0x6F,0x66,0x58,0x8F,0x32,0x6C,0xA5,0xB3,0x18,0x29,0xEC},
    },
    {
        UINT32_C(31702),
        UINT64_C(0xD05CF3AFEBCB70B4),
        UINT32_C(148),
        UINT32_C(228),
        {0x75,0xBE,0x67,0x14,0x0B,0x54,0x96,0xD6,0x2A,0x0E,0xAA,0x5E,0x5A,0xC0,0x5A,0xE0,0xC4,0x36,0xA6,0x58,0xC3,0x3E,0x37,0x55,0x17,0x01,0xB9,0x03,0x9B,0xB7,0x72,0x18},
        {0xD7,0x98,0x69,0x82,0x25,0xB0,0xCE,0x5A,0x66,0x3B,0x10,0x25,0x06,0x2B,0xBE,0x22,0x8B,0xEF,0xBB,0x0F,0xF8,0x17,0x13,0xBF,0xBD,0x88,0xC1,0x93,0x45,0xCF,0x41,0x69},
    },
    {
        UINT32_C(31766),
        UINT64_C(0x44BCA97822441E48),
        UINT32_C(148),
        UINT32_C(228),
        {0x11,0xD7,0x60,0x18,0x11,0x66,0xE5,0xDD,0x79,0x42,0xDB,0xE9,0x59,0x37,0xC6,0xA4,0xA1,0x6E,0xAB,0xB0,0x9E,0x14,0xA1,0x2F,0xB3,0x02,0x21,0xB1,0xA9,0x61,0x35,0x6A},
        {0x16,0x08,0x5B,0x6B,0xF3,0xEE,0xBC,0x45,0xEC,0x8C,0x2D,0xC0,0x48,0xF5,0x74,0x8E,0x6E,0xED,0x84,0x85,0x60,0x14,0x1B,0x14,0x61,0xEA,0xDE,0xC4,0x3F,0xB3,0xA0,0xB4},
    },
    {
        UINT32_C(31836),
        UINT64_C(0xB2AF71E24D25CA43),
        UINT32_C(340),
        UINT32_C(128),
        {0xF2,0x9F,0xA9,0xC1,0xB9,0x12,0xA3,0x22,0xE4,0xFD,0x2A,0x7E,0x1C,0x08,0x41,0x45,0x66,0x71,0xC6,0x9B,0xE4,0xD5,0x9F,0x6B,0xBB,0x6C,0x11,0xCE,0x62,0x77,0xE1,0x77},
        {0x00,0x62,0x2F,0x47,0xFD,0x04,0x7D,0x13,0x9F,0x8A,0xA5,0x17,0x9E,0xC6,0x4A,0xFE,0xB3,0x3A,0x4B,0xA2,0x44,0xAD,0x38,0xDB,0xB9,0x66,0xA5,0x83,0x6B,0xF1,0x44,0x1D},
    },
    {
        UINT32_C(31838),
        UINT64_C(0x166EAA81DCA6F81B),
        UINT32_C(148),
        UINT32_C(228),
        {0x68,0x6E,0x79,0xCB,0xD3,0x73,0x8F,0xED,0xD6,0x83,0x78,0xD7,0xD2,0x52,0x32,0x87,0x68,0xA6,0xF7,0x3F,0x06,0x1C,0x1D,0x54,0xAE,0x11,0x4E,0xB1,0xD8,0x50,0xB1,0xB7},
        {0xDC,0x9B,0xEB,0x15,0x0C,0xD2,0x3C,0x22,0x98,0x9C,0x9A,0xEA,0x6A,0x98,0x58,0x46,0xB0,0x8C,0x23,0x2B,0xC6,0x4D,0xBA,0xB5,0xCA,0x81,0xA7,0xD3,0xF7,0x0D,0x4A,0xF1},
    },
    {
        UINT32_C(31838),
        UINT64_C(0x62DD00C65E65B8BE),
        UINT32_C(148),
        UINT32_C(228),
        {0xFA,0xF8,0x31,0x26,0x50,0xE8,0x99,0xF8,0xB2,0x7B,0x4D,0xF2,0xA0,0xB3,0x6B,0x2B,0x7E,0x8C,0x0F,0x38,0xB2,0xBE,0xC2,0xCE,0x37,0x6B,0xB0,0x60,0x88,0x37,0x7E,0x70},
        {0x9B,0xF1,0xBD,0x69,0x51,0x18,0x5E,0x42,0xFB,0x1B,0x4D,0x8D,0x07,0xA6,0x09,0xE4,0x68,0x09,0x78,0x67,0x07,0x39,0x77,0xB0,0xEA,0x3A,0x6D,0xA8,0xE3,0x49,0x17,0xD5},
    },
    {
        UINT32_C(31966),
        UINT64_C(0xCF9E7AA2529B22D6),
        UINT32_C(148),
        UINT32_C(228),
        {0x74,0x70,0x6C,0x79,0xC5,0x8C,0xC5,0x6C,0xB9,0x09,0xD1,0x27,0x14,0x22,0xEB,0x2E,0x0D,0x4C,0xBA,0xCC,0xE3,0x45,0x54,0x03,0xD3,0xAF,0xC3,0x2E,0xBC,0x95,0x91,0xE7},
        {0xEC,0x48,0x5B,0x17,0x20,0xC8,0xF2,0x9F,0x10,0x0C,0x37,0xFB,0xD8,0x25,0x39,0xD8,0xE2,0x09,0x53,0xDF,0x1F,0x89,0xCF,0x5D,0x63,0x74,0xE8,0xFA,0xA3,0x92,0x05,0xFE},
    },
    {
        UINT32_C(32032),
        UINT64_C(0x23C7551C452F41C6),
        UINT32_C(148),
        UINT32_C(228),
        {0x2D,0xC3,0x96,0xE9,0xDF,0xB4,0x91,0x6E,0x42,0xD7,0x29,0x20,0x62,0x6E,0x49,0x39,0xCF,0xA8,0xB1,0x35,0x1F,0xB2,0x80,0xB7,0x15,0xEE,0x56,0x1A,0x72,0x73,0x45,0xCD},
        {0xA5,0x59,0x63,0xB7,0x78,0xD4,0xCE,0x2D,0x22,0xBC,0xD4,0xD4,0xCD,0x79,0x85,0x15,0xC5,0x43,0x30,0x3F,0x38,0xD3,0x78,0x92,0xDB,0x91,0x23,0xD4,0xC1,0x65,0xDC,0xC4},
    },
    {
        UINT32_C(32068),
        UINT64_C(0x168B552A2E063ACB),
        UINT32_C(148),
        UINT32_C(228),
        {0x75,0xBE,0x67,0x14,0x0B,0x54,0x96,0xD6,0x2A,0x0E,0xAA,0x5E,0x5A,0xC0,0x5A,0xE0,0xC4,0x36,0xA6,0x58,0xC3,0x3E,0x37,0x55,0x17,0x01,0xB9,0x03,0x9B,0xB7,0x72,0x18},
        {0xD7,0x98,0x69,0x82,0x25,0xB0,0xCE,0x5A,0x66,0x3B,0x10,0x25,0x06,0x2B,0xBE,0x22,0x8B,0xEF,0xBB,0x0F,0xF8,0x17,0x13,0xBF,0xBD,0x88,0xC1,0x93,0x45,0xCF,0x41,0x69},
    },
    {
        UINT32_C(32088),
        UINT64_C(0x30B0B497D2DDCF86),
        UINT32_C(348),
        UINT32_C(152),
        {0xF1,0x38,0xF7,0x7C,0x57,0xE2,0x1A,0x34,0xE6,0x4B,0xDB,0xAB,0x16,0x18,0xC4,0xA9,0xED,0x46,0xAA,0x2E,0x72,0xF8,0x53,0xEE,0xEB,0xCF,0x55,0xBE,0x82,0xF0,0x8C,0x96},
        {0xBC,0x7F,0x3E,0x54,0xB9,0xFE,0x74,0x65,0x80,0x0A,0xC7,0xA4,0x7E,0x05,0xCA,0x6E,0xFF,0x18,0xE3,0xA1,0x9A,0x32,0xED,0xA2,0x2A,0xD5,0x6B,0xE3,0x4B,0x22,0x81,0x11},
    },
    {
        UINT32_C(32150),
        UINT64_C(0x46BA98E43E0036A6),
        UINT32_C(348),
        UINT32_C(152),
        {0x96,0x08,0x55,0xDD,0x41,0x42,0x17,0x4C,0x22,0x82,0x06,0xBF,0x4E,0x26,0xAB,0xA7,0xE6,0x0B,0x91,0x08,0x27,0x43,0xA9,0x55,0x66,0x25,0xC5,0xC2,0x7C,0xFB,0x86,0x2E},
        {0xFD,0xED,0xFE,0x25,0x04,0xC2,0x20,0xD2,0xF3,0x39,0xF6,0x68,0x2F,0x74,0xDE,0x55,0x92,0x96,0xBD,0xCC,0x6B,0x29,0xDC,0xB6,0x5D,0x99,0xC6,0x6E,0x1A,0xEC,0x99,0x6A},
    },
    {
        UINT32_C(32192),
        UINT64_C(0x39C8C35A6E8AA4E0),
        UINT32_C(148),
        UINT32_C(228),
        {0x77,0x7C,0xC1,0x5A,0x88,0x4D,0xD1,0x17,0x39,0x82,0xCB,0xA2,0xFF,0x96,0x20,0x02,0x2F,0x88,0x50,0x4D,0xE3,0x48,0xC1,0x41,0x8A,0x84,0x9A,0x6F,0xDD,0xDC,0xEE,0x85},
        {0x2B,0xBD,0xCF,0x7C,0xBF,0x3D,0x63,0x91,0x5D,0x6D,0x43,0x49,0x29,0x23,0x02,0xD5,0xE5,0x7D,0x0C,0x9D,0x28,0xFF,0x7C,0xC8,0xBB,0xC7,0x3E,0xB8,0xB5,0x7C,0x04,0xD9},
    },
    {
        UINT32_C(32254),
        UINT64_C(0x7653119687DA3601),
        UINT32_C(340),
        UINT32_C(128),
        {0x10,0x1E,0x12,0xCE,0xA2,0xCA,0xE3,0x3E,0x07,0xA9,0x76,0xEE,0xF8,0x2D,0xAF,0xD1,0xCE,0xBE,0x66,0xD6,0x2B,0xDE,0x39,0xE3,0x8C,0x5E,0xB1,0x3D,0x40,0xE1,0xBF,0x25},
        {0xD3,0xA4,0x76,0x6D,0x38,0x71,0x09,0x9C,0x0B,0x8D,0x75,0x87,0x23,0x84,0x23,0xA4,0x8D,0x06,0x88,0x1E,0x59,0x8E,0x82,0x36,0xF3,0x6B,0x04,0x71,0x22,0xF0,0x3F,0x90},
    },
    {
        UINT32_C(32508),
        UINT64_C(0x89CA888953485752),
        UINT32_C(148),
        UINT32_C(228),
        {0xF9,0x53,0x22,0x27,0xF3,0x43,0x00,0x3D,0xBF,0x81,0xE7,0x99,0xA9,0x0B,0xA3,0xEB,0x41,0x32,0x63,0x0B,0x89,0xA4,0x21,0xAB,0xFD,0x59,0x81,0x93,0x89,0x76,0x01,0xDC},
        {0x91,0x49,0xC7,0x3C,0x32,0x14,0x37,0x8B,0x0C,0xCE,0xDB,0x64,0xAE,0xD3,0xC7,0xAD,0x9C,0x05,0xBC,0xAB,0xCF,0xAA,0x52,0xBE,0xD8,0x9C,0x44,0x5D,0xE8,0x61,0x1F,0xC5},
    },
    {
        UINT32_C(32520),
        UINT64_C(0x3FC3830684C4A2F5),
        UINT32_C(148),
        UINT32_C(228),
        {0x58,0x43,0x7D,0x4B,0x90,0x4D,0x88,0x46,0x81,0x29,0xBF,0x37,0xB9,0x52,0x2A,0x9A,0x26,0xEF,0xAE,0x14,0xDF,0x5E,0x6F,0xCB,0xDA,0xCA,0x63,0xDB,0xC8,0x36,0x15,0x39},
        {0xF8,0x6C,0x45,0x19,0xC7,0x0F,0x9A,0x21,0x0B,0x5B,0xE2,0x51,0xBE,0x7A,0x9D,0x24,0x8C,0x0C,0xAB,0xC0,0x4B,0xB2,0x53,0x9E,0x7B,0x37,0xDE,0xC4,0xD4,0x81,0x1D,0x8A},
    },
    {
        UINT32_C(32554),
        UINT64_C(0xD3670997620AF653),
        UINT32_C(148),
        UINT32_C(228),
        {0x77,0xD6,0x76,0x63,0xC8,0x58,0x7E,0x12,0xEB,0xC5,0xC1,0x9B,0x65,0x54,0xF4,0xF0,0x34,0x55,0xDF,0xF5,0x43,0x08,0x2B,0xD3,0xE5,0xB8,0xBC,0xF5,0x9A,0x7B,0x27,0xDA},
        {0x2D,0x4F,0x2B,0x2F,0x98,0x65,0x9C,0xC2,0x8A,0x20,0xB8,0xA7,0xC9,0xC9,0x57,0x34,0x66,0x46,0x79,0x3C,0x88,0xF2,0x98,0xC2,0x14,0xF4,0x16,0x15,0x78,0xB6,0x3E,0xE7},
    },
    {
        UINT32_C(32558),
        UINT64_C(0x4140D2F1C9A7D322),
        UINT32_C(148),
        UINT32_C(228),
        {0xED,0xF9,0xF3,0x8F,0xC8,0xFC,0x43,0xDF,0x55,0x64,0xC1,0x55,0xBF,0xFF,0x2C,0x6C,0xED,0xE8,0xB9,0x44,0xBB,0x04,0xA6,0xAD,0x33,0x4E,0x4F,0x33,0x03,0xE6,0xB0,0x3F},
        {0xC6,0x18,0x95,0x67,0x51,0xC4,0x28,0xC4,0xE1,0xC6,0x17,0xED,0xFB,0x98,0x41,0xDB,0xBC,0x59,0xE9,0x2E,0x46,0x23,0x60,0x0A,0x90,0xA3,0xD7,0x32,0x9A,0x22,0x5F,0xDF},
    },
    {
        UINT32_C(32678),
        UINT64_C(0xAAC1F032C72F52B5),
        UINT32_C(148),
        UINT32_C(228),
        {0x7A,0x72,0x40,0x40,0x89,0x7B,0x3C,0xEC,0x98,0x83,0xD6,0xDD,0x27,0xC3,0x8B,0x0F,0xF1,0x28,0xB2,0xCD,0xA9,0x0D,0xF5,0x54,0x82,0x44,0x65,0x94,0xBC,0xF0,0x76,0x26},
        {0x24,0x6B,0x73,0x76,0xB7,0x28,0xEF,0xB2,0xFF,0x15,0x9A,0x9C,0x74,0xB5,0x05,0xFD,0x97,0xC6,0x3D,0xF6,0x89,0xD3,0xA8,0xB9,0x8D,0xCF,0xEC,0xD2,0xFC,0xF7,0xC8,0x55},
    },
    {
        UINT32_C(32892),
        UINT64_C(0xEB9A9256AF158F97),
        UINT32_C(148),
        UINT32_C(228),
        {0x8E,0x6F,0x51,0xD3,0x8F,0xC1,0xD1,0x2C,0xC7,0xD7,0x09,0x7E,0x63,0x4A,0x9A,0x2C,0x55,0xC5,0xAE,0x18,0x6E,0x01,0x1C,0xEC,0x47,0x05,0x08,0x0A,0x2C,0x02,0x25,0xA6},
        {0x04,0x98,0xB2,0x15,0xCF,0xC7,0x49,0x07,0xE6,0xA8,0x69,0x51,0xB0,0xE5,0x58,0x49,0xB7,0x73,0x30,0xC4,0xF6,0x89,0x94,0xE4,0x0E,0xD0,0xAD,0x14,0x21,0x63,0xED,0x4F},
    },
    {
        UINT32_C(32908),
        UINT64_C(0xE6F61129CC4CCBCE),
        UINT32_C(148),
        UINT32_C(228),
        {0x47,0x1B,0x63,0xA9,0x3A,0x88,0x2D,0xD3,0x3C,0x4F,0x6C,0x8C,0x91,0x47,0x09,0xE9,0xD1,0xA5,0x9E,0x5D,0x45,0x34,0x42,0xE1,0x8E,0x13,0x7C,0xF3,0xA1,0xD0,0x47,0x76},
        {0x09,0xF2,0x71,0x82,0x2C,0x1C,0xF0,0xB9,0xBB,0x73,0x11,0x6C,0x68,0x9D,0x6E,0x77,0x50,0x33,0x33,0x7F,0xF2,0x9F,0x66,0x4A,0x40,0xBC,0xEF,0xAB,0xBE,0x64,0x72,0x55},
    },
    {
        UINT32_C(32918),
        UINT64_C(0x98537A874E3EDE75),
        UINT32_C(148),
        UINT32_C(228),
        {0xA7,0x9A,0x97,0x5F,0x9B,0x63,0x99,0x36,0x59,0x95,0xCE,0x6A,0xEC,0x88,0x04,0x53,0xBF,0xD7,0x12,0xFD,0x94,0xBB,0x52,0x70,0xA7,0x8A,0x54,0xA9,0x7E,0xDC,0xEF,0x73},
        {0xC8,0x33,0x30,0x37,0xDF,0x36,0x6D,0xDB,0x4C,0xFD,0x02,0x4B,0xCC,0x71,0x18,0x56,0x7D,0x52,0x41,0x05,0xE9,0xD8,0xC0,0x4F,0xBD,0xA6,0xB6,0x03,0xE2,0x31,0x28,0x84},
    },
    {
        UINT32_C(32958),
        UINT64_C(0xC2E7274A275D0F95),
        UINT32_C(368),
        UINT32_C(222),
        {0x92,0x11,0x89,0x77,0x34,0xFB,0x3D,0xC1,0x61,0x46,0x5E,0x4A,0x94,0x81,0x70,0xB5,0x25,0xB7,0xAB,0xD4,0xB4,0xD0,0x7F,0xA7,0xFB,0xC3,0x1F,0xC2,0xDC,0x38,0x76,0xB4},
        {0x53,0x9B,0xA7,0xCA,0x84,0x60,0x5B,0xAB,0xE2,0x56,0xB5,0x97,0x8C,0xBC,0x8E,0x6C,0x19,0xF2,0x00,0x85,0xBB,0x8C,0xE1,0xFB,0xE5,0x87,0xAB,0xA2,0xA5,0x71,0x85,0xD8},
    },
    {
        UINT32_C(32994),
        UINT64_C(0x06571D6C003E2925),
        UINT32_C(148),
        UINT32_C(228),
        {0x9C,0x37,0x73,0xD6,0xEA,0x14,0x9D,0x77,0x8E,0xE7,0xB5,0x94,0x2A,0xA5,0x95,0x3B,0xF0,0x8B,0x1F,0x72,0xB9,0x84,0x51,0x7B,0x97,0x30,0xF4,0x92,0x41,0xC1,0x1A,0x2A},
        {0x48,0xBA,0xB3,0xBE,0x29,0x58,0xB6,0x5D,0x5B,0x5B,0x0B,0xFF,0xA6,0x25,0xD5,0x77,0xDD,0x85,0xB5,0x52,0xC5,0x2B,0x71,0x4F,0x46,0x81,0xAB,0xD0,0x77,0x8E,0xC3,0x21},
    },
    {
        UINT32_C(33028),
        UINT64_C(0x70F2236DF99FBFB1),
        UINT32_C(148),
        UINT32_C(228),
        {0x9A,0x2C,0x01,0xD1,0x1F,0x81,0x28,0xE3,0x9A,0xE4,0x4F,0x76,0x8D,0x21,0x71,0x35,0x38,0xA6,0x70,0x7D,0x80,0x75,0xF0,0x95,0x7C,0x80,0x34,0x4C,0x28,0x2F,0x5B,0x79},
        {0x85,0xCB,0x8A,0x1D,0x43,0xCD,0x8E,0xAD,0x7A,0xA4,0xD8,0xD5,0xEE,0x69,0x3F,0xE5,0x4A,0xBD,0x0A,0xF8,0xB8,0xD5,0xA6,0xEA,0xBD,0xBF,0x93,0xD2,0xBF,0x1A,0xD5,0x89},
    },
    {
        UINT32_C(33056),
        UINT64_C(0x3134BABA140F43CA),
        UINT32_C(148),
        UINT32_C(228),
        {0x34,0xD5,0x3C,0x82,0xAB,0x0B,0x82,0x8B,0x3A,0x94,0x10,0xC0,0x2D,0xCE,0x22,0x5D,0xC7,0xE3,0x24,0x48,0xCF,0xA3,0xF5,0x2B,0x5F,0x93,0x2B,0x5D,0x5A,0x3F,0x4B,0x4D},
        {0x5D,0x8E,0x7C,0x52,0x27,0x07,0x4D,0xD6,0xAE,0x73,0x94,0x6B,0x89,0x58,0xE2,0xDE,0x8D,0x52,0xD5,0x34,0xB5,0xAD,0x65,0x70,0xB0,0x5B,0x0A,0x7B,0x3D,0xD3,0x14,0x4B},
    },
    {
        UINT32_C(33200),
        UINT64_C(0x2567C87E636B6631),
        UINT32_C(148),
        UINT32_C(228),
        {0x8C,0xE0,0xC6,0xF0,0x6C,0x2A,0xC8,0x6D,0x5C,0x08,0x06,0x61,0xA6,0x1D,0x66,0x5B,0x20,0x87,0x82,0x45,0xD9,0xD7,0x16,0x65,0x39,0x86,0x0C,0x9B,0x53,0x75,0xA6,0x88},
        {0x74,0x04,0xFD,0x89,0xCC,0x2F,0x0C,0x06,0x3B,0x6B,0x0B,0x0B,0x8E,0x83,0xB7,0x23,0x28,0x57,0x09,0xD6,0x2C,0xD3,0x89,0x76,0xA2,0xEF,0x6D,0x5F,0xE1,0xFB,0x7E,0x20},
    },
    {
        UINT32_C(33258),
        UINT64_C(0x8EB4427FD946CFEA),
        UINT32_C(148),
        UINT32_C(228),
        {0x10,0xFB,0xA4,0x16,0xF9,0xB2,0x96,0xBC,0x07,0xEE,0x4D,0x9F,0x6C,0x6F,0xCB,0x66,0x0A,0x3A,0x23,0x50,0x63,0x8D,0xD7,0x44,0x36,0xFF,0xB9,0x7F,0x9C,0x3D,0x01,0x91},
        {0x77,0x91,0x69,0x61,0xB1,0x3A,0xD7,0x84,0xC3,0x64,0xB5,0x82,0x93,0xEB,0x91,0xBE,0x99,0x68,0x56,0x9F,0x7D,0xB2,0x2A,0x3B,0x47,0x49,0x0E,0x49,0x30,0xC9,0xC8,0x68},
    },
    {
        UINT32_C(33372),
        UINT64_C(0x70DBBDC2D20FAA27),
        UINT32_C(340),
        UINT32_C(128),
        {0xB0,0x25,0x22,0x29,0xE8,0xB3,0xA3,0xE4,0x35,0x97,0xDB,0x9D,0xCD,0xCC,0x24,0xD9,0x77,0x15,0xC6,0xDE,0xF5,0xA7,0x4D,0x4A,0x8C,0xB3,0xA8,0x6C,0x16,0x84,0x89,0xD5},
        {0x53,0xB0,0xEF,0x06,0x58,0x00,0x26,0xD1,0x0A,0xDF,0x6D,0x78,0x61,0xA1,0x0C,0x0B,0xE6,0xEE,0x14,0x2A,0x1A,0x46,0xF4,0x85,0x71,0x63,0x20,0x90,0x79,0x17,0x68,0x01},
    },
    {
        UINT32_C(33378),
        UINT64_C(0x5907E674FC955C41),
        UINT32_C(148),
        UINT32_C(228),
        {0xAD,0x12,0x01,0xB3,0x2A,0x00,0x77,0x3F,0x8D,0x9D,0x35,0xD2,0xDD,0x91,0xD7,0x53,0x19,0x70,0x92,0x96,0xAF,0x7D,0xB7,0xF0,0x85,0x26,0x9A,0x5F,0x1E,0xB7,0xD9,0xB4},
        {0xAA,0x5D,0x03,0x8B,0xEB,0x0E,0x52,0x72,0x97,0xAD,0x1C,0xD4,0x6A,0x89,0x6B,0x32,0x2A,0x56,0x59,0x2F,0x2E,0x7A,0x4A,0x20,0x77,0x3F,0xD3,0xFE,0xDD,0x9A,0x9D,0x68},
    },
    {
        UINT32_C(33414),
        UINT64_C(0x63C7A0AA55DD1303),
        UINT32_C(148),
        UINT32_C(228),
        {0x16,0x75,0x25,0x7E,0x7A,0x90,0xDA,0x6B,0xDF,0xA1,0xB1,0x73,0x8D,0xBC,0xBE,0x0E,0x34,0x40,0x5C,0xDE,0x5A,0x72,0x38,0xF4,0x61,0xFC,0x2C,0x26,0x2F,0xD3,0x63,0xE0},
        {0x71,0x34,0x67,0xB1,0x6C,0x7C,0x1F,0x9A,0x72,0x07,0xC7,0xE7,0x48,0xB8,0xD8,0xF7,0xFF,0x47,0xA5,0x2A,0x87,0xE8,0x80,0x92,0xF8,0x3D,0xD5,0xF7,0x40,0xA2,0xC6,0x99},
    },
    {
        UINT32_C(33562),
        UINT64_C(0x7168251224C9993A),
        UINT32_C(148),
        UINT32_C(228),
        {0xBA,0x92,0xE8,0xD3,0x0B,0x58,0x28,0x7C,0x12,0xDD,0xC9,0x1B,0x0E,0x6C,0x6D,0xC2,0x12,0x40,0x33,0xC3,0xD6,0x0D,0x2D,0x17,0x2B,0x1B,0xF5,0x09,0xD1,0x04,0x1D,0xB7},
        {0xD2,0x87,0xBC,0xE3,0x0C,0x38,0xB9,0x2D,0x85,0x44,0xA8,0x75,0xF5,0x01,0x38,0x02,0x58,0x37,0x67,0x89,0x0A,0x90,0xCA,0x88,0xE3,0xF5,0xFF,0x01,0x12,0x1D,0x8F,0x37},
    },
    {
        UINT32_C(33708),
        UINT64_C(0xBD1748E009776DEB),
        UINT32_C(148),
        UINT32_C(228),
        {0xF8,0x23,0x7B,0x3B,0xA2,0x10,0x28,0x55,0x4B,0x01,0x95,0xAA,0x7A,0x2A,0xA6,0x19,0xF0,0x2E,0x2D,0x2E,0x51,0xC5,0x60,0xA7,0xC0,0x61,0xD1,0x3B,0x4D,0xCE,0x01,0x11},
        {0x9D,0x60,0xF5,0x77,0x63,0x02,0xEB,0x72,0xF0,0x30,0xF5,0xF7,0xB9,0x6D,0x51,0x74,0x3C,0x2A,0x5D,0xD4,0x58,0x29,0x46,0xEA,0xD9,0x6C,0xE1,0x2B,0xE1,0xB7,0x94,0x47},
    },
    {
        UINT32_C(33714),
        UINT64_C(0xEBBA58B2FCF00261),
        UINT32_C(340),
        UINT32_C(128),
        {0xA2,0x21,0xB7,0xF0,0x21,0x4E,0xBB,0x8B,0xDF,0xCF,0x8A,0x71,0x62,0xA5,0x6A,0x72,0x92,0xDC,0xB4,0xD0,0xC9,0x2F,0x26,0x75,0x5E,0x1D,0xE4,0xD0,0x54,0xBD,0x9F,0x17},
        {0x0C,0xFB,0xBC,0x2C,0x3B,0x42,0xA1,0xC8,0x5C,0x3C,0x3A,0x30,0x8E,0x49,0xBA,0xCA,0x79,0xB5,0xDB,0x83,0x1C,0x29,0x45,0x70,0x93,0x11,0xD3,0x39,0xE1,0x4C,0xCD,0x4B},
    },
    {
        UINT32_C(33730),
        UINT64_C(0xCE3FC80DBCEA9C85),
        UINT32_C(148),
        UINT32_C(228),
        {0x84,0xCF,0x88,0x8A,0xBF,0x3E,0x27,0x52,0xC0,0x7A,0x86,0x26,0xBF,0xD5,0x5B,0x8B,0xB8,0xF4,0xB4,0x68,0x44,0x9B,0xE4,0x63,0x77,0xD5,0x10,0x18,0x66,0x20,0x25,0x35},
        {0x43,0xAA,0xB8,0xF5,0x1A,0x28,0xE7,0xAA,0x78,0x4C,0x48,0x97,0x13,0xB3,0xAA,0x3C,0x20,0x4B,0xFB,0xB0,0x44,0x57,0xCA,0xC0,0xEA,0x12,0x5F,0x0A,0x13,0xEC,0x1A,0x98},
    },
    {
        UINT32_C(33732),
        UINT64_C(0x2B79F444D01158CC),
        UINT32_C(148),
        UINT32_C(228),
        {0x7E,0x0D,0xC0,0x50,0x12,0x25,0x87,0xFA,0x94,0x6A,0x05,0xFA,0xD4,0x58,0x4B,0xF9,0xC3,0xF3,0xCC,0xB3,0x49,0xA4,0xDC,0xD3,0x39,0x79,0x84,0xCB,0x6F,0xAD,0x6E,0x4D},
        {0x86,0x7B,0x5D,0x6C,0xBE,0x40,0x0C,0xB0,0x36,0x06,0xD8,0x66,0x34,0xA2,0x79,0xA9,0xEF,0xC8,0x69,0x31,0xC4,0xDF,0x11,0x82,0x53,0x23,0x43,0xF9,0x9C,0x1D,0xE4,0x87},
    },
    {
        UINT32_C(33804),
        UINT64_C(0xA54681C5A8203BED),
        UINT32_C(148),
        UINT32_C(228),
        {0x1F,0x6F,0x54,0x19,0xD7,0x5D,0x3D,0x81,0x02,0xF8,0x57,0x50,0x52,0x32,0xA7,0xF1,0x6A,0xAF,0x65,0x4A,0xC4,0x19,0x7F,0x75,0x4E,0x9D,0x5B,0x6F,0xAA,0x97,0x88,0x7F},
        {0x7D,0xB4,0xD1,0xB8,0xB9,0xD5,0x33,0xCF,0x88,0xDB,0x12,0x4C,0x04,0x8D,0xBF,0xDE,0x2B,0xA9,0x0B,0x24,0x78,0x52,0x7C,0xF6,0x52,0x9C,0x8C,0x16,0x51,0xAC,0xBA,0xFC},
    },
    {
        UINT32_C(33820),
        UINT64_C(0x5EDB4C6481584F97),
        UINT32_C(148),
        UINT32_C(228),
        {0x58,0x43,0x7D,0x4B,0x90,0x4D,0x88,0x46,0x81,0x29,0xBF,0x37,0xB9,0x52,0x2A,0x9A,0x26,0xEF,0xAE,0x14,0xDF,0x5E,0x6F,0xCB,0xDA,0xCA,0x63,0xDB,0xC8,0x36,0x15,0x39},
        {0xF8,0x6C,0x45,0x19,0xC7,0x0F,0x9A,0x21,0x0B,0x5B,0xE2,0x51,0xBE,0x7A,0x9D,0x24,0x8C,0x0C,0xAB,0xC0,0x4B,0xB2,0x53,0x9E,0x7B,0x37,0xDE,0xC4,0xD4,0x81,0x1D,0x8A},
    },
    {
        UINT32_C(33840),
        UINT64_C(0x58456A14FB7002D0),
        UINT32_C(148),
        UINT32_C(228),
        {0x72,0x04,0xDC,0xC3,0xD5,0x7C,0x30,0x90,0xE5,0xC0,0xC5,0xE4,0x74,0xA1,0x84,0xF4,0xC3,0x8B,0x32,0x64,0x20,0x29,0x0E,0x8F,0xE6,0x97,0xFE,0xCE,0x6A,0x0F,0x5A,0x02},
        {0xEB,0x33,0x63,0xA0,0x21,0x3B,0x0D,0x08,0x44,0xD8,0xC6,0x8B,0x0B,0x86,0x37,0xE7,0x47,0x3D,0xCB,0x95,0xA5,0x33,0xD2,0x3F,0x5A,0x0D,0xE4,0x52,0xA8,0x22,0xCC,0x50},
    },
    {
        UINT32_C(33908),
        UINT64_C(0xEB2EB666770A6C14),
        UINT32_C(148),
        UINT32_C(228),
        {0x9A,0x2C,0x01,0xD1,0x1F,0x81,0x28,0xE3,0x9A,0xE4,0x4F,0x76,0x8D,0x21,0x71,0x35,0x38,0xA6,0x70,0x7D,0x80,0x75,0xF0,0x95,0x7C,0x80,0x34,0x4C,0x28,0x2F,0x5B,0x79},
        {0x85,0xCB,0x8A,0x1D,0x43,0xCD,0x8E,0xAD,0x7A,0xA4,0xD8,0xD5,0xEE,0x69,0x3F,0xE5,0x4A,0xBD,0x0A,0xF8,0xB8,0xD5,0xA6,0xEA,0xBD,0xBF,0x93,0xD2,0xBF,0x1A,0xD5,0x89},
    },
    {
        UINT32_C(34060),
        UINT64_C(0xB8655C779FFB5AB6),
        UINT32_C(368),
        UINT32_C(222),
        {0xC0,0x0B,0x3A,0xCF,0x86,0xC0,0x7C,0x93,0xC3,0x8E,0x3F,0xDC,0xAD,0xF5,0x99,0x0B,0x37,0x4A,0x82,0xD6,0x1B,0x98,0x5B,0xA2,0x53,0x27,0xED,0x8F,0x1D,0x42,0x20,0xA0},
        {0x43,0xC9,0x45,0x81,0xBE,0xA4,0x55,0x13,0x27,0x9D,0xA6,0x69,0x91,0x0F,0x2A,0x4F,0xAC,0x1E,0xF4,0xFE,0x30,0x8B,0x03,0xF6,0xEA,0xBB,0x97,0x64,0xB0,0x80,0xFA,0x1C},
    },
    {
        UINT32_C(34094),
        UINT64_C(0x7331F57F7F0D67D1),
        UINT32_C(1302),
        UINT32_C(985),
        {0x5E,0xCB,0x5E,0x67,0xE8,0x7A,0xBB,0x0C,0xD1,0x3B,0x39,0x01,0xEF,0x13,0x96,0x5C,0x93,0xEB,0x49,0x6F,0x68,0x5E,0xE8,0x38,0x13,0x66,0xD0,0x7A,0xE4,0x01,0xA3,0xC5},
        {0xC4,0x33,0x9F,0x85,0x88,0x55,0x52,0x78,0xC5,0x0F,0x15,0x7F,0xA7,0xB9,0x43,0x07,0xA2,0x35,0x8D,0xA9,0x25,0x13,0x07,0xCD,0xFC,0xD2,0x39,0xDC,0xDA,0xEE,0x37,0x38},
    },
    {
        UINT32_C(34178),
        UINT64_C(0xEA2A9DFAFBEED81E),
        UINT32_C(148),
        UINT32_C(228),
        {0xEF,0x15,0x8A,0xF8,0x06,0x16,0x37,0xB9,0xFF,0x2F,0xA1,0x13,0xDB,0x08,0xE8,0xE3,0xE1,0xD2,0x57,0x86,0xD1,0xE0,0xF1,0x8D,0x4B,0x8C,0x66,0x0F,0xDE,0xAF,0x5B,0xBB},
        {0xFE,0xBD,0xC4,0x86,0xED,0x33,0xF3,0x24,0xEC,0x5C,0x44,0x32,0x8B,0xB6,0xE3,0x3C,0xDC,0x07,0x0B,0x64,0x8B,0x7C,0x8C,0xA9,0x4B,0xD9,0xF2,0xE5,0x14,0x9D,0xC8,0x62},
    },
    {
        UINT32_C(34346),
        UINT64_C(0xBD93938DE0E6EDA6),
        UINT32_C(148),
        UINT32_C(228),
        {0x73,0x14,0x12,0x72,0x50,0xFE,0x7E,0xE1,0x16,0xC4,0x55,0xA6,0x98,0x7D,0x21,0xBD,0xEB,0xE1,0x5F,0x47,0xB5,0x2A,0x7F,0xA4,0x70,0x51,0xC5,0x10,0xF6,0x82,0x9A,0xB0},
        {0xBF,0x69,0x44,0xC7,0x3A,0xAC,0xE8,0xC6,0x44,0xEE,0xA1,0xD3,0x39,0xB7,0x2C,0x4E,0x4F,0x76,0xE7,0x9F,0xB6,0x23,0x57,0x45,0x1B,0xD5,0x8D,0x38,0xDD,0xD9,0xC2,0xBD},
    },
    {
        UINT32_C(34366),
        UINT64_C(0x72D57B9A44B2C184),
        UINT32_C(148),
        UINT32_C(228),
        {0x4B,0x87,0x77,0xBA,0x9B,0x35,0x16,0x7A,0x31,0x0F,0xCC,0xD9,0x6B,0xEA,0x86,0x77,0xDE,0x2F,0xA5,0x4A,0x2E,0xB7,0xDB,0xD1,0x42,0x19,0xE7,0xEF,0x5B,0x0F,0xD0,0x0F},
        {0x45,0xE8,0xFC,0x09,0x3D,0xA8,0x2B,0xBC,0x82,0x1B,0xD2,0x14,0x64,0x46,0xFE,0x27,0x35,0xC0,0x20,0x85,0x12,0xD1,0x6B,0xF6,0x15,0x32,0x8B,0x8C,0x92,0x98,0x77,0x44},
    },
    {
        UINT32_C(34392),
        UINT64_C(0x3D63C9DAD0BB7100),
        UINT32_C(148),
        UINT32_C(228),
        {0x4A,0x92,0x20,0xB9,0xA8,0x71,0xED,0x0B,0x28,0x37,0xEC,0x50,0xE7,0xA7,0x4E,0x35,0x99,0x2B,0xC9,0xBE,0x7D,0xE9,0x7B,0xC5,0x1F,0x8F,0xA1,0xC4,0xD2,0x64,0x0C,0xB9},
        {0x2C,0x18,0x9F,0xD8,0x35,0xB7,0x9D,0x95,0x99,0x4B,0xA0,0x29,0x5A,0x3D,0xB3,0x09,0x57,0x5C,0xA1,0x7D,0xBC,0x54,0x1C,0xF2,0x10,0x31,0xB9,0x26,0xD5,0x82,0x10,0xE7},
    },
    {
        UINT32_C(34564),
        UINT64_C(0xFC8D9427A8992175),
        UINT32_C(148),
        UINT32_C(228),
        {0x65,0xBA,0xC4,0x0A,0xD8,0x32,0x67,0xE5,0xE6,0x80,0x75,0x4E,0xB9,0xE1,0xB2,0xF4,0xD2,0xA3,0x1A,0x39,0xCD,0x6B,0x11,0xFD,0xEF,0x6C,0x11,0x03,0x5D,0xEE,0x9A,0xC3},
        {0xB5,0xDE,0xCE,0xC5,0xCE,0x5E,0x23,0xA8,0x33,0xEA,0x61,0x4C,0x88,0xEE,0x08,0xCF,0xB5,0x97,0x25,0x44,0x8C,0x0A,0x67,0xB3,0x52,0x8F,0x0F,0xAD,0xC5,0x2E,0xA7,0x3B},
    },
    {
        UINT32_C(34678),
        UINT64_C(0x39BC7122EEB19B36),
        UINT32_C(148),
        UINT32_C(228),
        {0x34,0xD5,0x3C,0x82,0xAB,0x0B,0x82,0x8B,0x3A,0x94,0x10,0xC0,0x2D,0xCE,0x22,0x5D,0xC7,0xE3,0x24,0x48,0xCF,0xA3,0xF5,0x2B,0x5F,0x93,0x2B,0x5D,0x5A,0x3F,0x4B,0x4D},
        {0x5D,0x8E,0x7C,0x52,0x27,0x07,0x4D,0xD6,0xAE,0x73,0x94,0x6B,0x89,0x58,0xE2,0xDE,0x8D,0x52,0xD5,0x34,0xB5,0xAD,0x65,0x70,0xB0,0x5B,0x0A,0x7B,0x3D,0xD3,0x14,0x4B},
    },
    {
        UINT32_C(34714),
        UINT64_C(0x43DB75D307F4929D),
        UINT32_C(148),
        UINT32_C(228),
        {0x77,0x82,0xCA,0x0B,0xC6,0x5B,0x75,0xA4,0x56,0x0B,0x2F,0x6B,0xFC,0x18,0xBC,0x29,0x20,0x24,0x64,0xAD,0x08,0xD5,0xF1,0xF3,0x26,0x4B,0xAE,0x7B,0xC5,0x95,0x6A,0xA1},
        {0xF7,0x11,0x81,0xC2,0xC0,0x56,0xC0,0x0A,0x1B,0xC1,0x77,0x9D,0xC7,0x40,0x34,0x65,0x03,0x9A,0x76,0xE8,0x82,0x54,0x29,0x09,0x4C,0xA1,0x35,0x1E,0xE0,0x3C,0x40,0x75},
    },
    {
        UINT32_C(34718),
        UINT64_C(0xC22EFB6407F87847),
        UINT32_C(148),
        UINT32_C(228),
        {0x9C,0x37,0x73,0xD6,0xEA,0x14,0x9D,0x77,0x8E,0xE7,0xB5,0x94,0x2A,0xA5,0x95,0x3B,0xF0,0x8B,0x1F,0x72,0xB9,0x84,0x51,0x7B,0x97,0x30,0xF4,0x92,0x41,0xC1,0x1A,0x2A},
        {0x48,0xBA,0xB3,0xBE,0x29,0x58,0xB6,0x5D,0x5B,0x5B,0x0B,0xFF,0xA6,0x25,0xD5,0x77,0xDD,0x85,0xB5,0x52,0xC5,0x2B,0x71,0x4F,0x46,0x81,0xAB,0xD0,0x77,0x8E,0xC3,0x21},
    },
    {
        UINT32_C(34736),
        UINT64_C(0xD5D9C77B3D6CDED7),
        UINT32_C(148),
        UINT32_C(228),
        {0x6C,0xFC,0xD3,0xE6,0x88,0x0C,0x3E,0xA3,0xFF,0x3C,0x31,0xD1,0xD3,0x8C,0x76,0xB7,0x7B,0xDE,0x09,0x12,0x6A,0x7C,0x7E,0xE1,0xFB,0x06,0x97,0xC0,0x87,0x4E,0x45,0x7B},
        {0x01,0x33,0xA7,0xC2,0x42,0x0E,0x65,0xD0,0x42,0x0A,0x3D,0xEF,0xAD,0xCF,0xF1,0x76,0xCC,0x74,0x64,0x26,0xAB,0xD0,0xAE,0x0E,0x8C,0x93,0x42,0x16,0x90,0x5D,0x0A,0xB2},
    },
    {
        UINT32_C(34784),
        UINT64_C(0x0272ED1AE3C3C8AF),
        UINT32_C(1024),
        UINT32_C(600),
        {0xCD,0x6B,0x70,0xDC,0x63,0xF1,0xC5,0x84,0x7A,0x94,0x69,0x07,0x88,0xBC,0x62,0x6C,0x34,0x6F,0xF2,0x7D,0x2B,0xF4,0x91,0x79,0x0D,0xF5,0xD8,0xBE,0x48,0xBB,0x02,0x38},
        {0xD5,0x67,0xD9,0x04,0x3E,0xAD,0x17,0xB0,0x71,0x00,0xD1,0x89,0x8A,0xD2,0x62,0x31,0x3C,0x6D,0x59,0x10,0x0E,0x99,0x31,0xD9,0xBC,0xC2,0xFD,0x3C,0x88,0x69,0xD8,0x20},
    },
    {
        UINT32_C(34834),
        UINT64_C(0xC2745EEC3D047D46),
        UINT32_C(148),
        UINT32_C(228),
        {0x6C,0x16,0x1B,0x98,0x07,0xEF,0xBD,0xCF,0x37,0x6E,0x50,0x7B,0x33,0x2D,0x11,0x31,0x4F,0x44,0x6A,0x6A,0x8B,0xD5,0xC2,0x52,0xB7,0x31,0xAE,0x5F,0x73,0xAC,0x78,0xEB},
        {0xD0,0x25,0xB1,0xB3,0xDB,0x4B,0x29,0x0B,0xBD,0x47,0x20,0xE2,0xE9,0x44,0x0A,0x14,0x3E,0x83,0x48,0x7C,0x2D,0x4C,0x7B,0x3F,0xDB,0x11,0x8B,0x35,0x04,0x64,0xDE,0x9F},
    },
    {
        UINT32_C(34976),
        UINT64_C(0x7828C36609B8D593),
        UINT32_C(148),
        UINT32_C(228),
        {0x77,0x82,0xCA,0x0B,0xC6,0x5B,0x75,0xA4,0x56,0x0B,0x2F,0x6B,0xFC,0x18,0xBC,0x29,0x20,0x24,0x64,0xAD,0x08,0xD5,0xF1,0xF3,0x26,0x4B,0xAE,0x7B,0xC5,0x95,0x6A,0xA1},
        {0xF7,0x11,0x81,0xC2,0xC0,0x56,0xC0,0x0A,0x1B,0xC1,0x77,0x9D,0xC7,0x40,0x34,0x65,0x03,0x9A,0x76,0xE8,0x82,0x54,0x29,0x09,0x4C,0xA1,0x35,0x1E,0xE0,0x3C,0x40,0x75},
    },
    {
        UINT32_C(35064),
        UINT64_C(0x4E9C49BEBD129004),
        UINT32_C(148),
        UINT32_C(228),
        {0x4A,0x92,0x20,0xB9,0xA8,0x71,0xED,0x0B,0x28,0x37,0xEC,0x50,0xE7,0xA7,0x4E,0x35,0x99,0x2B,0xC9,0xBE,0x7D,0xE9,0x7B,0xC5,0x1F,0x8F,0xA1,0xC4,0xD2,0x64,0x0C,0xB9},
        {0x2C,0x18,0x9F,0xD8,0x35,0xB7,0x9D,0x95,0x99,0x4B,0xA0,0x29,0x5A,0x3D,0xB3,0x09,0x57,0x5C,0xA1,0x7D,0xBC,0x54,0x1C,0xF2,0x10,0x31,0xB9,0x26,0xD5,0x82,0x10,0xE7},
    },
    {
        UINT32_C(35098),
        UINT64_C(0x51DF3AE19AFA8CFC),
        UINT32_C(148),
        UINT32_C(228),
        {0xD5,0x45,0x71,0x0B,0xAB,0xAC,0x05,0x34,0x55,0xF2,0xD9,0x5E,0x77,0x9A,0x7D,0x23,0xBD,0x5F,0xAD,0xEA,0xC0,0x8D,0x62,0x76,0x1D,0xAC,0xCB,0xA4,0xC3,0xC9,0xC7,0x91},
        {0x27,0x38,0x52,0xBE,0xCF,0xA5,0x12,0x6D,0x5A,0xB9,0x0A,0x23,0x46,0xD8,0xD0,0x25,0xE4,0xFC,0xAA,0x86,0x3C,0x8E,0xFC,0xBB,0x4B,0x8F,0xDE,0xA2,0x53,0x16,0x46,0x8E},
    },
    {
        UINT32_C(35184),
        UINT64_C(0x1DBD0D13E277BE7C),
        UINT32_C(148),
        UINT32_C(228),
        {0x7E,0x39,0xCE,0x99,0x00,0x1B,0x14,0x73,0x0B,0xB7,0x9F,0x92,0x5E,0xF0,0x89,0xC7,0x2C,0x72,0xC2,0x40,0x78,0xDD,0x1C,0x7E,0x7A,0xA2,0x5A,0x10,0x4D,0xD0,0x68,0xBE},
        {0x53,0x63,0x58,0x21,0x3B,0xEE,0x6E,0xEE,0x66,0xB4,0x3E,0xB6,0xC1,0xAA,0xA8,0x17,0x55,0x19,0x85,0x4E,0x65,0x9D,0x8C,0xBD,0x96,0x71,0x32,0x40,0x75,0x3A,0xBC,0xF1},
    },
    {
        UINT32_C(35922),
        UINT64_C(0xD0DACC5A74B0E570),
        UINT32_C(148),
        UINT32_C(228),
        {0x26,0x93,0x5B,0xFD,0x48,0x74,0xA3,0x10,0xA3,0xFE,0xB9,0xC3,0xED,0x3D,0xC9,0x6D,0x0C,0x12,0x40,0xBF,0xD2,0x12,0x7B,0xC5,0x71,0x9A,0xA8,0x47,0xC6,0x38,0xCC,0x62},
        {0xE8,0x11,0x81,0xDD,0x60,0x6B,0xB0,0xFD,0x14,0xDF,0xAE,0xE4,0x07,0xF0,0xF2,0x7E,0x8C,0x9B,0x2F,0xAD,0xA5,0x41,0xFA,0xD0,0x97,0x69,0x9F,0x73,0xDD,0x0B,0xA8,0x1A},
    },
    {
        UINT32_C(35966),
        UINT64_C(0xE62CA44922EADDE6),
        UINT32_C(348),
        UINT32_C(152),
        {0x11,0x99,0xCA,0x35,0x7D,0x93,0xF7,0x7A,0x0C,0xC4,0xBA,0x75,0x95,0x71,0xD7,0x3F,0x2C,0x2C,0xB6,0x21,0x58,0x00,0xF4,0x2E,0x9F,0xFF,0x4A,0xC4,0x6E,0xAE,0x64,0x18},
        {0xFF,0xEF,0x34,0xA3,0xFA,0x23,0xBA,0xDA,0x80,0x55,0xF9,0x77,0x04,0xA0,0x40,0x4D,0xAB,0xE7,0xB0,0xC1,0x5D,0x93,0x4F,0xDF,0xF6,0x14,0xB1,0x1C,0x3F,0xC8,0x21,0xE0},
    },
    {
        UINT32_C(36030),
        UINT64_C(0xED7D7C4F46C5055C),
        UINT32_C(148),
        UINT32_C(228),
        {0xE4,0x96,0x33,0xF8,0xAC,0xB7,0xD2,0x4D,0xB4,0x84,0xF5,0x18,0x12,0xE5,0xFF,0xAF,0xBA,0xD1,0xD1,0x60,0x43,0xBF,0xFB,0xBE,0x0D,0x37,0xC4,0xC6,0xEB,0xB7,0x5F,0xFD},
        {0xD9,0x48,0xF6,0x03,0xBE,0x10,0x24,0x0A,0xC8,0xBA,0x19,0xE5,0xE0,0x80,0xDE,0x1B,0x00,0xE2,0xFF,0xEE,0xDE,0x7B,0x91,0x6E,0x12,0x88,0xF0,0x88,0xED,0xD6,0x80,0x2E},
    },
    {
        UINT32_C(36466),
        UINT64_C(0x05040DBB84339BDF),
        UINT32_C(148),
        UINT32_C(228),
        {0x57,0x42,0x1E,0x07,0x7A,0xA8,0x05,0x22,0x8A,0x8F,0x68,0xD7,0xAA,0xDC,0x3D,0xE9,0x86,0x4C,0x82,0x6F,0x18,0xFC,0x59,0x7F,0x9F,0x44,0x96,0x77,0xD0,0x5D,0xA8,0x3D},
        {0xC3,0xF8,0x95,0x31,0x51,0x3C,0xF6,0xFC,0x58,0xE8,0x34,0x8B,0xCF,0x1C,0x80,0x35,0x0D,0xFD,0x5A,0xDC,0xD1,0x93,0x69,0x49,0x5B,0x99,0x8E,0x1B,0x46,0xF5,0x68,0x33},
    },
    {
        UINT32_C(36740),
        UINT64_C(0x7200956FAD6F203F),
        UINT32_C(148),
        UINT32_C(228),
        {0x6C,0x16,0x1B,0x98,0x07,0xEF,0xBD,0xCF,0x37,0x6E,0x50,0x7B,0x33,0x2D,0x11,0x31,0x4F,0x44,0x6A,0x6A,0x8B,0xD5,0xC2,0x52,0xB7,0x31,0xAE,0x5F,0x73,0xAC,0x78,0xEB},
        {0xD0,0x25,0xB1,0xB3,0xDB,0x4B,0x29,0x0B,0xBD,0x47,0x20,0xE2,0xE9,0x44,0x0A,0x14,0x3E,0x83,0x48,0x7C,0x2D,0x4C,0x7B,0x3F,0xDB,0x11,0x8B,0x35,0x04,0x64,0xDE,0x9F},
    },
    {
        UINT32_C(36742),
        UINT64_C(0x3794DA5984A104BA),
        UINT32_C(148),
        UINT32_C(228),
        {0xED,0x62,0xE0,0x01,0x31,0xB5,0x6B,0xD9,0xED,0x2B,0x20,0xEA,0x9C,0xC5,0x00,0xBA,0x2A,0x72,0x6E,0xCF,0x2A,0x8E,0xD0,0x3A,0x53,0xAC,0x76,0x74,0xE7,0xCA,0x64,0xCA},
        {0xBF,0xF6,0x5C,0x9D,0x2A,0x71,0x9E,0x63,0x88,0x2C,0x06,0x8C,0xCB,0x3E,0xB9,0x37,0xB4,0x1D,0x7D,0x1C,0x0C,0x99,0xF4,0x9A,0x52,0x88,0x15,0x6A,0x5D,0xD8,0xDD,0xCD},
    },
    {
        UINT32_C(37062),
        UINT64_C(0x73C1E41D55034718),
        UINT32_C(148),
        UINT32_C(228),
        {0x2F,0xD3,0xF1,0x20,0xB3,0x98,0x26,0x15,0xF8,0x5E,0xC9,0x03,0xEC,0x21,0xA5,0xE0,0x0E,0xBF,0x3C,0x73,0xEE,0x43,0x1C,0xDE,0xEE,0x98,0x49,0x01,0x91,0x63,0x45,0x16},
        {0x9E,0x39,0xCC,0xCD,0xB9,0x5A,0x29,0x90,0xD2,0x7E,0x60,0xAD,0xBC,0xC3,0x08,0x16,0x90,0xA7,0x65,0x23,0xB2,0x16,0xE8,0x79,0x3B,0x79,0x59,0xDA,0xCF,0x39,0x11,0xB3},
    },
    {
        UINT32_C(37102),
        UINT64_C(0x5BC5C9CBEC92D333),
        UINT32_C(148),
        UINT32_C(228),
        {0xED,0x62,0xE0,0x01,0x31,0xB5,0x6B,0xD9,0xED,0x2B,0x20,0xEA,0x9C,0xC5,0x00,0xBA,0x2A,0x72,0x6E,0xCF,0x2A,0x8E,0xD0,0x3A,0x53,0xAC,0x76,0x74,0xE7,0xCA,0x64,0xCA},
        {0xBF,0xF6,0x5C,0x9D,0x2A,0x71,0x9E,0x63,0x88,0x2C,0x06,0x8C,0xCB,0x3E,0xB9,0x37,0xB4,0x1D,0x7D,0x1C,0x0C,0x99,0xF4,0x9A,0x52,0x88,0x15,0x6A,0x5D,0xD8,0xDD,0xCD},
    },
    {
        UINT32_C(37138),
        UINT64_C(0x4B66DDA0A49B1BB6),
        UINT32_C(148),
        UINT32_C(228),
        {0x25,0x0E,0x2B,0xD6,0xA5,0xB3,0xB6,0x24,0x08,0xD1,0x66,0xC0,0xA1,0xE6,0xF0,0x02,0xB1,0x66,0xDD,0x68,0x00,0xDF,0x74,0x83,0xF4,0xC3,0x8A,0xFF,0x56,0x42,0x97,0x02},
        {0x54,0x1E,0xCB,0x0B,0xED,0x75,0x3E,0x37,0x16,0xE3,0x3D,0xFC,0xE5,0x7E,0x7F,0x03,0xFC,0x1C,0x24,0x6A,0x2F,0x1A,0x56,0x43,0xDD,0xA7,0xCC,0x26,0x2C,0xE8,0x3E,0xB8},
    },
    {
        UINT32_C(37228),
        UINT64_C(0xC1F72DD14EADB51C),
        UINT32_C(148),
        UINT32_C(228),
        {0x72,0x04,0xDC,0xC3,0xD5,0x7C,0x30,0x90,0xE5,0xC0,0xC5,0xE4,0x74,0xA1,0x84,0xF4,0xC3,0x8B,0x32,0x64,0x20,0x29,0x0E,0x8F,0xE6,0x97,0xFE,0xCE,0x6A,0x0F,0x5A,0x02},
        {0xEB,0x33,0x63,0xA0,0x21,0x3B,0x0D,0x08,0x44,0xD8,0xC6,0x8B,0x0B,0x86,0x37,0xE7,0x47,0x3D,0xCB,0x95,0xA5,0x33,0xD2,0x3F,0x5A,0x0D,0xE4,0x52,0xA8,0x22,0xCC,0x50},
    },
    {
        UINT32_C(37232),
        UINT64_C(0xBA7D2D388CE065AD),
        UINT32_C(148),
        UINT32_C(228),
        {0xBD,0x65,0x25,0x8D,0x44,0x80,0x49,0x4F,0x1E,0x96,0xA2,0x11,0x42,0xC1,0xE9,0x10,0xDC,0x52,0x4E,0xC4,0x01,0x66,0xE7,0x83,0xEA,0x6F,0xBB,0xB4,0x13,0xD3,0x2B,0x98},
        {0x2A,0x20,0xE8,0x68,0xD2,0x86,0x39,0xC4,0xE2,0x85,0x04,0x69,0xC8,0x07,0xF1,0x9C,0xA6,0xAA,0x76,0xB5,0x65,0x59,0x14,0xCF,0x2D,0xC8,0xCD,0x03,0x8A,0x31,0x5D,0x08},
    },
    {
        UINT32_C(37322),
        UINT64_C(0xD623616E3211A3ED),
        UINT32_C(148),
        UINT32_C(228),
        {0xEF,0x15,0x8A,0xF8,0x06,0x16,0x37,0xB9,0xFF,0x2F,0xA1,0x13,0xDB,0x08,0xE8,0xE3,0xE1,0xD2,0x57,0x86,0xD1,0xE0,0xF1,0x8D,0x4B,0x8C,0x66,0x0F,0xDE,0xAF,0x5B,0xBB},
        {0xFE,0xBD,0xC4,0x86,0xED,0x33,0xF3,0x24,0xEC,0x5C,0x44,0x32,0x8B,0xB6,0xE3,0x3C,0xDC,0x07,0x0B,0x64,0x8B,0x7C,0x8C,0xA9,0x4B,0xD9,0xF2,0xE5,0x14,0x9D,0xC8,0x62},
    },
    {
        UINT32_C(37514),
        UINT64_C(0x25BFC87A9542C380),
        UINT32_C(148),
        UINT32_C(228),
        {0xBD,0xF4,0x92,0x65,0xF2,0xD7,0xC4,0xC7,0x5D,0x65,0xB5,0x5D,0x80,0xA9,0x24,0xE3,0x3D,0x53,0xF0,0xC7,0x1B,0x90,0x32,0xD6,0xE0,0x16,0x54,0xFB,0x91,0x03,0x13,0x68},
        {0x32,0x13,0x49,0x1F,0xA5,0x28,0x28,0xC2,0xC4,0xBF,0x64,0xBE,0x75,0xCC,0x7E,0x83,0x26,0x89,0x7A,0x42,0xA3,0x50,0xD7,0xBD,0xB1,0x8D,0x48,0xEB,0x7E,0xCD,0x43,0x7F},
    },
    {
        UINT32_C(37558),
        UINT64_C(0x089B2E46108C468B),
        UINT32_C(148),
        UINT32_C(228),
        {0x84,0x44,0x79,0xF5,0x91,0x4A,0x8F,0x2A,0x3B,0x44,0x75,0xF1,0x5A,0x3B,0xC8,0x90,0x4B,0x5B,0x93,0xFA,0x2C,0x3E,0xAA,0xA7,0xE7,0xC1,0x6A,0x57,0xF0,0x06,0x5D,0x68},
        {0x94,0x90,0x88,0xA3,0xC8,0x84,0x2B,0xD4,0x31,0x9B,0x5E,0xBA,0x52,0x7F,0x8C,0x5E,0x64,0xEB,0x82,0x66,0x9A,0x6C,0x2C,0x2C,0x66,0xAD,0x08,0xF4,0x80,0x25,0x1E,0x31},
    },
    {
        UINT32_C(37572),
        UINT64_C(0xC956392D0BE24A25),
        UINT32_C(368),
        UINT32_C(222),
        {0xD8,0xBC,0x0E,0x59,0x09,0xE1,0x53,0xCB,0xFD,0xD8,0x0C,0xA1,0x24,0x03,0xBA,0xD0,0x65,0xB7,0x9E,0x3F,0xF5,0xE7,0x7E,0x66,0x01,0xC8,0x9C,0x0E,0x60,0x2A,0xC8,0x77},
        {0x3B,0xFD,0x2A,0x1C,0x41,0xC4,0xEC,0x76,0x5C,0x16,0x9C,0xFC,0xA7,0x34,0xE0,0x89,0x47,0xF4,0x1D,0x13,0xD0,0x58,0x21,0x0F,0x1D,0x9B,0xB3,0x3C,0x61,0x20,0x79,0xA4},
    },
    {
        UINT32_C(37598),
        UINT64_C(0x1B5FE07F1A34BB0E),
        UINT32_C(368),
        UINT32_C(222),
        {0x3B,0x03,0x6A,0x5C,0x16,0xD0,0x4E,0x28,0x7B,0x09,0x92,0x8F,0xB3,0x7A,0xA5,0x5B,0xCB,0xD3,0xC2,0x35,0x46,0x0E,0x89,0x67,0xE6,0xD9,0x7F,0x75,0x28,0x62,0xDC,0x88},
        {0xA8,0x53,0x35,0xDA,0x46,0xE8,0xC9,0xC8,0x6A,0x2A,0xBC,0xB0,0x4B,0xEE,0x4D,0x38,0x3B,0xD3,0x47,0x94,0xA7,0x25,0x00,0x95,0xAE,0x01,0x3B,0xC7,0x94,0xCE,0xA1,0x6B},
    },
    {
        UINT32_C(37610),
        UINT64_C(0x876C084E96AE7A8E),
        UINT32_C(1280),
        UINT32_C(750),
        {0xCA,0x26,0x0D,0x11,0xF2,0x5C,0x0A,0xDB,0xB1,0xCA,0x22,0xAF,0x7C,0x34,0xCE,0x51,0xBB,0x89,0x29,0x26,0x9B,0x8E,0x85,0x2A,0xBF,0x12,0xF5,0x67,0xB9,0xC5,0xB8,0x67},
        {0x94,0xD1,0x2E,0x2A,0x2B,0x3B,0x9D,0x25,0x57,0xE3,0x5B,0x84,0x0A,0x68,0x19,0x51,0x0A,0x9D,0xF8,0xD2,0x41,0x72,0x85,0xF8,0x4F,0xFD,0x6E,0xC5,0x16,0x79,0x27,0x08},
    },
    {
        UINT32_C(37628),
        UINT64_C(0xB2D60A8452DC7C02),
        UINT32_C(148),
        UINT32_C(228),
        {0x4A,0x17,0xD1,0x92,0xEA,0xF4,0x83,0x3D,0x99,0xD3,0xC0,0x6D,0x5C,0xA4,0xAD,0x16,0xCF,0xAB,0xB5,0xD1,0x3A,0xE2,0x58,0x2A,0x18,0x7C,0x1C,0x8F,0x31,0xCA,0x63,0xDD},
        {0x02,0x6E,0x03,0x71,0x8C,0x5F,0x95,0x11,0xF4,0xBC,0xCC,0x43,0x9F,0xD1,0x48,0x8C,0xEC,0x19,0x7E,0x7E,0xC0,0xF2,0x76,0x0D,0x1C,0x14,0x00,0x31,0xC4,0xB0,0x7F,0x44},
    },
    {
        UINT32_C(37668),
        UINT64_C(0x83EF10729ABD9DA3),
        UINT32_C(148),
        UINT32_C(228),
        {0x14,0xE9,0x0F,0xDD,0xAE,0x2E,0x4B,0x9F,0xC1,0x74,0x52,0x1A,0x70,0x96,0x06,0x72,0xD4,0xDD,0xEA,0xE4,0x4D,0xC2,0xD1,0xF8,0xD0,0xF0,0x26,0x4A,0xB1,0xED,0x84,0x39},
        {0xE2,0xCE,0xD7,0x87,0xBC,0x56,0xC4,0x6E,0x92,0xDD,0x37,0x83,0xFF,0xAE,0x7C,0x85,0xAD,0x6A,0xF3,0xC5,0xA8,0x06,0x50,0x13,0x10,0xBC,0xA2,0xBB,0x00,0x68,0xC0,0xAE},
    },
    {
        UINT32_C(37702),
        UINT64_C(0x728F385CE6ACCD79),
        UINT32_C(148),
        UINT32_C(228),
        {0xBB,0x8B,0x2D,0x06,0xB8,0x10,0x20,0xED,0xE4,0xAA,0xD7,0xD2,0xA4,0xD8,0xA7,0xD2,0x7C,0xCF,0x71,0x80,0xE4,0x16,0xED,0x2F,0xC2,0x78,0x1E,0xB6,0x43,0x06,0x0A,0xC8},
        {0x2D,0x07,0x9E,0xDD,0x41,0xCD,0x1D,0x92,0xCA,0xFD,0x92,0x47,0xCE,0x92,0xA2,0xB0,0x93,0x6D,0xE6,0x6E,0xC3,0x5C,0x4A,0x67,0x1A,0xF1,0xC1,0xA6,0x26,0x35,0xDF,0xFC},
    },
    {
        UINT32_C(37714),
        UINT64_C(0x32EF3877CF0E0C73),
        UINT32_C(148),
        UINT32_C(228),
        {0x6C,0xFC,0xD3,0xE6,0x88,0x0C,0x3E,0xA3,0xFF,0x3C,0x31,0xD1,0xD3,0x8C,0x76,0xB7,0x7B,0xDE,0x09,0x12,0x6A,0x7C,0x7E,0xE1,0xFB,0x06,0x97,0xC0,0x87,0x4E,0x45,0x7B},
        {0x01,0x33,0xA7,0xC2,0x42,0x0E,0x65,0xD0,0x42,0x0A,0x3D,0xEF,0xAD,0xCF,0xF1,0x76,0xCC,0x74,0x64,0x26,0xAB,0xD0,0xAE,0x0E,0x8C,0x93,0x42,0x16,0x90,0x5D,0x0A,0xB2},
    },
    {
        UINT32_C(37808),
        UINT64_C(0xF778AA41CF94EB8B),
        UINT32_C(148),
        UINT32_C(228),
        {0xD7,0x8F,0x6E,0x6F,0x91,0x2D,0x90,0x33,0x87,0x1E,0x27,0xB5,0xC8,0xF8,0x9C,0x70,0x0C,0x8F,0x5D,0x07,0x15,0xC1,0x3A,0xA6,0x28,0x58,0x97,0x73,0xD4,0x25,0x7E,0x0B},
        {0xD6,0xFA,0x17,0x15,0xD7,0x57,0x81,0x02,0x4D,0x7F,0xA7,0x11,0x1C,0x51,0x14,0x95,0x95,0x32,0xE5,0xD9,0xDE,0x5A,0xEA,0xCF,0x99,0xF7,0x55,0xE9,0xF8,0x45,0x9B,0x55},
    },
    {
        UINT32_C(37840),
        UINT64_C(0x09760AC5FF53193C),
        UINT32_C(148),
        UINT32_C(228),
        {0xC1,0x9D,0xFC,0xBB,0x11,0x60,0x36,0xFA,0x57,0x35,0xFA,0xCA,0xE8,0x76,0x6E,0x2B,0xF9,0x02,0x9B,0x58,0x74,0x35,0x2A,0x0D,0xEB,0xD6,0xDD,0x90,0x2E,0xD3,0x18,0xF6},
        {0x1D,0x98,0x66,0x41,0x47,0xA4,0xC7,0x0F,0x7C,0xEA,0xB3,0x0E,0x2A,0x8B,0x4E,0x6F,0x8A,0xF6,0x06,0xB7,0xCE,0x8B,0x33,0x51,0x04,0x48,0xAE,0xF6,0x3F,0xFF,0x6F,0x04},
    },
    {
        UINT32_C(37994),
        UINT64_C(0x8ADA778D878496A8),
        UINT32_C(1302),
        UINT32_C(985),
        {0x75,0xC4,0x6F,0xFF,0x31,0xD0,0x57,0x13,0x05,0x58,0xA1,0xC9,0xB0,0x72,0xA5,0x7E,0x94,0x09,0x2D,0x04,0x2B,0xFD,0x2A,0x12,0x11,0x5C,0x77,0xC1,0x3F,0x61,0xC6,0x3A},
        {0x1C,0x3B,0x3C,0xBB,0x2C,0xD7,0xE6,0x8B,0xAF,0x25,0x36,0x2C,0x35,0x32,0xEB,0xBF,0x5E,0xE0,0x00,0x62,0x3F,0xDE,0x89,0x04,0x25,0xB5,0xBF,0x30,0x41,0x54,0x68,0xAD},
    },
    {
        UINT32_C(38070),
        UINT64_C(0xF816CAF2134AF7D9),
        UINT32_C(148),
        UINT32_C(228),
        {0x51,0xA8,0xE8,0x7F,0x6F,0x1F,0xF1,0x03,0xD8,0x94,0x09,0xD1,0x3C,0xF0,0x3C,0x7F,0x32,0x11,0x38,0x47,0x0C,0x5D,0x9B,0x6E,0x84,0xB7,0x01,0x4F,0x02,0xC6,0x63,0x38},
        {0xE9,0x27,0xA4,0xD5,0x49,0xCE,0xC3,0xB4,0x41,0x59,0x28,0xC8,0xBE,0x71,0x35,0x8C,0xC3,0xB4,0xDD,0x82,0xEC,0x90,0x6D,0x64,0x80,0xFF,0xDC,0x88,0x27,0x84,0x88,0xDB},
    },
    {
        UINT32_C(38126),
        UINT64_C(0x7EAD8234BC2D3869),
        UINT32_C(148),
        UINT32_C(228),
        {0x54,0xD9,0xEA,0x93,0xF9,0x86,0xE9,0x3B,0x28,0xBA,0x2E,0x63,0x1C,0xB5,0x40,0x92,0x28,0xFF,0x2A,0xB2,0x14,0x60,0x0F,0xD3,0x21,0x04,0xED,0xCC,0x1F,0x0A,0x6D,0x6B},
        {0x4E,0x08,0x26,0x7D,0xCD,0xD1,0xC1,0x0D,0xC4,0x08,0x68,0x9A,0x02,0x94,0x58,0xB7,0x07,0x9B,0x48,0x69,0x49,0x7A,0x23,0xAF,0x0C,0xB9,0xD3,0xB9,0x03,0x1B,0xF4,0xA3},
    },
    {
        UINT32_C(38366),
        UINT64_C(0x5B3CD189D8A5A403),
        UINT32_C(148),
        UINT32_C(228),
        {0x29,0xC2,0x4E,0xD2,0xA7,0x87,0x1F,0xEC,0xD4,0x0B,0x4C,0x1C,0xC4,0x92,0xDE,0x55,0x38,0x26,0x33,0x9B,0xCA,0xE8,0x65,0x08,0x07,0xFC,0x2A,0x57,0x46,0xB3,0x83,0x13},
        {0x14,0x12,0x84,0x21,0x3E,0xA7,0x38,0xC2,0xB3,0x1F,0x37,0x62,0xE5,0x0D,0xA4,0x02,0xDD,0x6D,0x73,0x8C,0x16,0xF9,0x4E,0x6C,0x9E,0x74,0xA4,0xBE,0x47,0xF7,0xCD,0x93},
    },
    {
        UINT32_C(38372),
        UINT64_C(0x7FE36E614CDBDFFB),
        UINT32_C(348),
        UINT32_C(152),
        {0xFB,0xE3,0x00,0x60,0x5A,0xC0,0x2F,0x94,0xC8,0x4E,0x73,0x2E,0x9C,0xCD,0x02,0xF7,0xD5,0x59,0x7A,0x50,0x5E,0x76,0xF7,0x71,0x0C,0xB9,0xC3,0xC8,0xB7,0x0A,0x37,0x89},
        {0x51,0x1E,0x2E,0x39,0x29,0x65,0xFB,0xF6,0xF3,0xDE,0xC2,0xF2,0x65,0x7B,0x13,0xFE,0x40,0x81,0x3B,0xDB,0xDE,0x32,0xB3,0xC2,0xF7,0xAA,0x4B,0x61,0xBC,0x85,0x42,0x13},
    },
    {
        UINT32_C(38402),
        UINT64_C(0xCB522EEFC4B92460),
        UINT32_C(148),
        UINT32_C(228),
        {0xFA,0xFA,0x38,0xE9,0x4A,0xE0,0x29,0xB8,0x66,0x28,0x09,0xE7,0x26,0xD6,0x43,0x4E,0x57,0x99,0x1E,0x4C,0x40,0xCB,0x57,0x06,0x05,0xB5,0x40,0x4B,0xFE,0x85,0xA4,0x57},
        {0x4E,0x20,0xF8,0x5A,0x94,0x11,0xEA,0xCB,0x86,0x2D,0xF8,0x70,0xED,0xA5,0x3A,0x99,0x94,0xAC,0x2C,0x97,0x74,0xCA,0x4D,0x76,0xB2,0x40,0x2C,0xD5,0x8E,0x1D,0x34,0x1A},
    },
    {
        UINT32_C(38606),
        UINT64_C(0x9363B7FBE698D4FC),
        UINT32_C(148),
        UINT32_C(228),
        {0x8B,0xB9,0x20,0x0E,0x62,0x96,0xCB,0x49,0x8A,0xBC,0x0F,0x9F,0xEA,0x6D,0x01,0x2B,0x53,0x1B,0x18,0x15,0xDC,0xB2,0x4F,0xCE,0xE1,0x45,0x48,0xCD,0x8C,0x1C,0x35,0x62},
        {0x8E,0x11,0x1F,0xC2,0x6A,0x09,0x83,0x85,0x4B,0x61,0x88,0xAE,0x17,0x1B,0x87,0xAA,0x40,0xF4,0x7D,0xF6,0xE6,0x6C,0xA3,0x59,0xE9,0x94,0x73,0x36,0x80,0x3C,0x35,0xFF},
    },
    {
        UINT32_C(38618),
        UINT64_C(0xC687A449D40D295C),
        UINT32_C(368),
        UINT32_C(222),
        {0xC0,0x0B,0x3A,0xCF,0x86,0xC0,0x7C,0x93,0xC3,0x8E,0x3F,0xDC,0xAD,0xF5,0x99,0x0B,0x37,0x4A,0x82,0xD6,0x1B,0x98,0x5B,0xA2,0x53,0x27,0xED,0x8F,0x1D,0x42,0x20,0xA0},
        {0x43,0xC9,0x45,0x81,0xBE,0xA4,0x55,0x13,0x27,0x9D,0xA6,0x69,0x91,0x0F,0x2A,0x4F,0xAC,0x1E,0xF4,0xFE,0x30,0x8B,0x03,0xF6,0xEA,0xBB,0x97,0x64,0xB0,0x80,0xFA,0x1C},
    },
    {
        UINT32_C(38704),
        UINT64_C(0xDEEDFBE97012596D),
        UINT32_C(148),
        UINT32_C(228),
        {0xA8,0x42,0xC8,0xD1,0xF0,0xB0,0x95,0x41,0xF9,0x8D,0x71,0x83,0x7B,0xC8,0x63,0x3D,0xFE,0x05,0x7A,0x9C,0xD6,0xC6,0x3C,0xFB,0xE5,0xA1,0x44,0x20,0xDA,0x5B,0x68,0xE6},
        {0xC2,0xB0,0x93,0x51,0xAA,0x69,0xAD,0x18,0x2D,0xB0,0x30,0x73,0x80,0x39,0x5C,0xB4,0xEF,0x13,0xF6,0xEB,0x9F,0xAD,0xCC,0x71,0x1D,0x24,0x22,0x25,0x66,0xB5,0x8A,0xCB},
    },
    {
        UINT32_C(38840),
        UINT64_C(0x7BDEE9CAC3B36814),
        UINT32_C(148),
        UINT32_C(228),
        {0xD3,0xF9,0xD8,0x7E,0x6C,0xE1,0x8E,0xAD,0xA7,0xE9,0x9E,0xF3,0x40,0x50,0xA3,0x6F,0xFA,0x1B,0xE9,0xE4,0x24,0x44,0x90,0xDB,0x67,0xFB,0xB6,0x15,0xB8,0xBF,0x14,0x47},
        {0x19,0x5A,0x6A,0x19,0xEC,0xA8,0x72,0x12,0x12,0x37,0x3C,0xD0,0xFF,0x10,0x6B,0x47,0x65,0x58,0x8A,0xEC,0x0D,0x03,0x1D,0x8D,0x94,0xC0,0x83,0xB6,0x91,0x3D,0xC9,0x38},
    },
    {
        UINT32_C(39460),
        UINT64_C(0xAB5ACE8BB30C046F),
        UINT32_C(148),
        UINT32_C(228),
        {0x10,0x02,0xF0,0xBB,0x86,0xBC,0xF1,0x8A,0x8C,0x3D,0x2E,0x26,0x8C,0x7A,0x13,0x17,0x0D,0x62,0x16,0x8C,0x89,0xBA,0xC5,0x9B,0x99,0xAD,0x93,0xC9,0xF6,0x92,0xFC,0x74},
        {0x24,0x4B,0xC4,0x86,0xF4,0x36,0x62,0xB1,0xC1,0x19,0x24,0x89,0xA5,0x02,0xD8,0xFD,0x35,0x60,0xC1,0x75,0x26,0x2F,0xA0,0xAD,0x50,0x7C,0xE8,0xEA,0x93,0x38,0x27,0xF0},
    },
    {
        UINT32_C(39724),
        UINT64_C(0xE99079418D30A0E6),
        UINT32_C(148),
        UINT32_C(228),
        {0xE6,0x2E,0xE5,0x3A,0x7E,0x51,0x99,0x04,0x06,0xBF,0xD9,0x5A,0xD8,0x02,0x59,0x9F,0xBD,0xEB,0x5D,0xFD,0xBF,0x4B,0xFF,0xB8,0x4D,0x1F,0x93,0x68,0x9A,0xD3,0x62,0x80},
        {0x0D,0xC2,0x7D,0xE8,0x2A,0x85,0x9D,0xF8,0x0B,0x54,0xB2,0x6F,0x4E,0xAC,0xAA,0x4A,0x08,0xAC,0x17,0x4C,0x55,0x83,0x2E,0x45,0x9A,0xBA,0x25,0xF8,0x16,0x31,0x63,0x6D},
    },
    {
        UINT32_C(39744),
        UINT64_C(0xEB558E4A2DBF0744),
        UINT32_C(148),
        UINT32_C(228),
        {0xD0,0x20,0x5C,0xD5,0x20,0xB6,0x76,0xF9,0x20,0xC3,0x86,0xA1,0x1E,0x83,0x83,0x8C,0xE0,0x29,0x46,0x4F,0x92,0xB3,0xC9,0xDD,0x83,0x49,0x54,0x87,0x2C,0x23,0x91,0x34},
        {0xE3,0xDB,0x1F,0x00,0x6C,0xCE,0xFC,0x08,0xDB,0x87,0x43,0x18,0xBA,0x4F,0xF2,0x98,0xF2,0xE8,0x99,0x07,0xD6,0xF1,0x33,0x2E,0x5E,0x36,0xD2,0x53,0xBA,0xD3,0xF8,0x59},
    },
    {
        UINT32_C(40552),
        UINT64_C(0xD0C2D2D26E4FF7B5),
        UINT32_C(368),
        UINT32_C(222),
        {0xD8,0xBC,0x0E,0x59,0x09,0xE1,0x53,0xCB,0xFD,0xD8,0x0C,0xA1,0x24,0x03,0xBA,0xD0,0x65,0xB7,0x9E,0x3F,0xF5,0xE7,0x7E,0x66,0x01,0xC8,0x9C,0x0E,0x60,0x2A,0xC8,0x77},
        {0x3B,0xFD,0x2A,0x1C,0x41,0xC4,0xEC,0x76,0x5C,0x16,0x9C,0xFC,0xA7,0x34,0xE0,0x89,0x47,0xF4,0x1D,0x13,0xD0,0x58,0x21,0x0F,0x1D,0x9B,0xB3,0x3C,0x61,0x20,0x79,0xA4},
    },
    {
        UINT32_C(40642),
        UINT64_C(0x174DBE22A5E8EEB2),
        UINT32_C(148),
        UINT32_C(228),
        {0xAB,0xFD,0x2A,0x57,0xFD,0xCF,0x83,0x85,0x7A,0xD6,0xE6,0x79,0x57,0xE0,0x13,0xEB,0xEC,0xDE,0x62,0x8E,0xAF,0xEF,0x15,0x56,0x27,0x17,0x91,0x93,0xF6,0xB7,0xB5,0xE7},
        {0xC6,0xB0,0xAB,0x36,0xD7,0x71,0x7D,0x14,0x4E,0x70,0xE5,0xAF,0xC5,0x26,0x82,0xCB,0x64,0xE2,0xE7,0x0F,0x54,0x07,0x10,0xCB,0x23,0xE0,0x00,0xB2,0x6F,0xB5,0xCF,0xB9},
    },
    {
        UINT32_C(40780),
        UINT64_C(0x5622FA947855AE9B),
        UINT32_C(148),
        UINT32_C(228),
        {0x74,0x69,0xA0,0x22,0xCD,0x10,0x90,0x69,0xDF,0xAD,0x56,0xF2,0xEC,0x18,0x5C,0x0F,0xCC,0x67,0xE2,0xA2,0x54,0x27,0x93,0x10,0x77,0x21,0x7B,0xE2,0xDE,0x93,0x93,0x53},
        {0x10,0xED,0x60,0xD6,0x57,0x96,0xFA,0x6A,0x19,0x93,0xBC,0x09,0x9C,0x6D,0x42,0xE7,0x18,0xA3,0x18,0x4D,0x18,0x2D,0x90,0xD0,0x8E,0x0B,0x34,0x9C,0x44,0x50,0x12,0x79},
    },
    {
        UINT32_C(40956),
        UINT64_C(0x50D867D6CD7845A7),
        UINT32_C(800),
        UINT32_C(600),
        {0xAB,0xFC,0xA8,0x99,0x75,0x35,0x80,0xBE,0xA1,0xC9,0x5B,0x47,0x39,0x50,0x57,0xE1,0xB3,0xB8,0x09,0xAA,0x07,0x4F,0x0D,0xA5,0x9F,0x77,0x28,0x0B,0xBF,0x2C,0xF9,0xE8},
        {0xF6,0x9E,0x11,0x8E,0x7C,0x73,0x65,0xE3,0x5E,0xEF,0xD8,0x99,0xB0,0x5C,0xF4,0x48,0x09,0xB6,0xFA,0x4C,0x3E,0xC8,0x5A,0x60,0x8A,0x4F,0x3C,0xDC,0xFF,0xF8,0x18,0x2B},
    },
    {
        UINT32_C(41048),
        UINT64_C(0xBD623C37637896C2),
        UINT32_C(148),
        UINT32_C(228),
        {0x01,0xDC,0xD8,0x86,0x0C,0xAB,0x12,0x8C,0x80,0x84,0x61,0x27,0x73,0x67,0xC4,0x54,0x02,0xF1,0xAB,0xD4,0x80,0x29,0x58,0x56,0x85,0x3C,0xB9,0xE2,0xE4,0x37,0xCF,0xFC},
        {0xE6,0xA9,0xBC,0xE5,0xBD,0xEB,0x6E,0x6E,0xB5,0x1F,0x45,0xA4,0xCA,0x82,0x63,0x49,0x71,0xD7,0x09,0x33,0x11,0x91,0x4B,0x85,0x2E,0xB7,0x13,0xC5,0xC8,0xAC,0xC6,0x04},
    },
    {
        UINT32_C(41292),
        UINT64_C(0x3AA14244ECA1C40E),
        UINT32_C(1000),
        UINT32_C(300),
        {0xB7,0xF5,0xAE,0x9B,0x3D,0x78,0x36,0x38,0x1F,0x0F,0x3F,0xF5,0xC0,0x66,0x5A,0x81,0xB7,0xB4,0x3E,0x28,0xAD,0x89,0xD4,0x47,0x17,0xE8,0xB1,0x34,0x39,0x9B,0x29,0x68},
        {0x13,0x85,0x55,0xD0,0x62,0xF3,0x3D,0x4E,0x6D,0x5B,0x93,0x26,0x48,0xD4,0x24,0xE6,0x9F,0xDA,0x28,0xB6,0xE0,0x94,0xD7,0xEA,0x43,0xC5,0x5B,0xF1,0x36,0xE7,0x7B,0xD0},
    },
    {
        UINT32_C(41736),
        UINT64_C(0xB257FE89B4079B9F),
        UINT32_C(148),
        UINT32_C(228),
        {0x64,0x8A,0x71,0x6D,0xE3,0xDD,0xEF,0x7C,0xBD,0x6D,0x9A,0x93,0x78,0x9B,0xFC,0x99,0x95,0xC2,0x76,0x6C,0x27,0xCB,0x30,0x28,0xA5,0xFC,0x3F,0x28,0xC4,0x79,0xDB,0xBF},
        {0x0A,0xEB,0xD3,0x59,0x8A,0x30,0x5D,0x0A,0x73,0x7E,0x34,0xA2,0x6E,0x7E,0x1A,0xF6,0x33,0x02,0x2B,0xC8,0x2F,0xF7,0x9E,0x70,0x4F,0xFC,0xB7,0x89,0x86,0x0F,0xF9,0xA9},
    },
    {
        UINT32_C(41766),
        UINT64_C(0x024F5B7EB170FD25),
        UINT32_C(148),
        UINT32_C(228),
        {0x87,0x6B,0xAA,0xFD,0x7A,0x7C,0xCA,0xF6,0x04,0x54,0xD7,0xE9,0x94,0x28,0x58,0x5E,0x92,0x9E,0x88,0xC4,0x42,0x8B,0x60,0xC9,0xB2,0xE7,0xC5,0x72,0x3E,0x38,0xFF,0x3B},
        {0x57,0x58,0x7F,0x71,0xA3,0xA4,0xC2,0x38,0x40,0x15,0xCF,0xD9,0x58,0x63,0x63,0xCD,0x2B,0x5F,0x71,0x68,0xFC,0x8F,0xFE,0xCA,0xC8,0x33,0xCE,0x0D,0x4E,0xD1,0x6D,0x02},
    },
    {
        UINT32_C(41832),
        UINT64_C(0x4D9EF88E30A8844D),
        UINT32_C(148),
        UINT32_C(228),
        {0x74,0xFE,0xCC,0xC1,0x32,0xA3,0x83,0x70,0x62,0x23,0xAE,0x36,0xC5,0x05,0x47,0x87,0x26,0x75,0xB3,0x82,0x4F,0x8D,0x86,0x94,0xC0,0x69,0xE4,0xEE,0x6D,0x74,0xDF,0xC6},
        {0x4A,0x7E,0x69,0x09,0x9E,0x01,0xCC,0x50,0x6F,0x17,0x2E,0x19,0x1A,0x2D,0x6D,0xA2,0x44,0x9C,0xC1,0xF4,0x52,0x17,0x51,0x36,0x92,0x13,0x57,0x33,0x18,0x26,0xC3,0x36},
    },
    {
        UINT32_C(42208),
        UINT64_C(0xB5F4CA31A5B0D892),
        UINT32_C(148),
        UINT32_C(228),
        {0x05,0x25,0xFE,0x9D,0x22,0xC9,0xE8,0x02,0x51,0xAD,0x38,0xDC,0x29,0x8F,0x2A,0x0C,0x60,0x48,0x75,0x92,0xEF,0x92,0xB3,0xA7,0x14,0xF2,0xBA,0x40,0x9B,0xC1,0x67,0x16},
        {0x76,0x24,0xE6,0xFD,0x59,0xDF,0x5C,0x5A,0xA7,0x59,0xA7,0x62,0x44,0x71,0x48,0x3C,0x8E,0x68,0x62,0x69,0x8F,0xC0,0xC3,0xDF,0x0E,0x1C,0x28,0x09,0xE4,0xD6,0x0F,0xAE},
    },
    {
        UINT32_C(42232),
        UINT64_C(0xA034EDB46DC86E8E),
        UINT32_C(148),
        UINT32_C(228),
        {0x5F,0xD2,0x0C,0x92,0x73,0x38,0xFF,0xBC,0x91,0xDA,0xEC,0x96,0x00,0xCF,0x8B,0xCC,0x6E,0x77,0x87,0x14,0xD3,0x15,0x63,0xE6,0x70,0x5D,0x40,0x18,0xD2,0xA0,0xF5,0x02},
        {0xA0,0xB4,0xE8,0x79,0x3C,0x80,0x3D,0xAC,0x5B,0xB1,0xA7,0x60,0x01,0x7D,0xB2,0x10,0x7D,0x4B,0x5D,0x51,0xD1,0x82,0x23,0xAD,0x96,0x20,0xBB,0xED,0xB5,0x01,0x2D,0x13},
    },
    {
        UINT32_C(42314),
        UINT64_C(0x06B5F65369F42616),
        UINT32_C(148),
        UINT32_C(228),
        {0xC5,0x8A,0x84,0x70,0x34,0x3A,0xFE,0xE8,0xD3,0x41,0xE7,0x82,0x60,0x92,0x1C,0x76,0x80,0x9E,0xB8,0x4E,0x18,0xF9,0xFC,0x98,0x74,0x12,0xE0,0x60,0xAA,0x8F,0x38,0x3D},
        {0x16,0xEB,0xCA,0x25,0xD3,0xAF,0xF3,0xF8,0x44,0x2A,0x47,0x63,0x41,0xB3,0x30,0xD4,0x0C,0xE4,0xF3,0x1B,0x42,0x44,0x9A,0x9F,0x8B,0x95,0xAC,0x50,0x90,0x1A,0x46,0x49},
    },
    {
        UINT32_C(42420),
        UINT64_C(0xF97926682816921C),
        UINT32_C(148),
        UINT32_C(228),
        {0xD8,0xEC,0x40,0xEE,0x7A,0x8D,0x0A,0xEA,0xF3,0x46,0x10,0x5E,0x30,0x3D,0x99,0x3B,0xFF,0xAB,0x1A,0x57,0xFE,0x43,0xD3,0xF2,0x54,0xDB,0xE0,0x13,0x91,0x4C,0xE5,0x1F},
        {0x00,0x93,0xD0,0xCF,0x3F,0x5E,0x68,0xC9,0xB7,0xA7,0xE0,0xB1,0x69,0xE0,0x0C,0xE2,0x6E,0x11,0x13,0xC3,0xB9,0x53,0xEA,0x1A,0x17,0xD0,0x6A,0x07,0xD4,0x89,0x44,0xEC},
    },
    {
        UINT32_C(42536),
        UINT64_C(0xF3E4AEE1585E56A4),
        UINT32_C(148),
        UINT32_C(228),
        {0x9F,0x66,0xD5,0xC9,0x45,0xA9,0x67,0x3F,0x3A,0x2F,0xB5,0x5D,0xFD,0xF2,0x92,0x6E,0xB1,0x6F,0x6D,0x46,0xA3,0xC6,0x86,0xD3,0x80,0x67,0xD1,0x65,0x65,0x87,0x86,0xCD},
        {0xA6,0x1C,0x27,0x54,0xF0,0x31,0x57,0xC1,0xA7,0xFA,0x47,0xFD,0x8E,0xA0,0x3A,0x7F,0xFB,0x93,0x8A,0x94,0x87,0x7B,0x52,0xC7,0x2D,0x11,0xA2,0xEA,0x94,0xDB,0xC7,0xB6},
    },
    {
        UINT32_C(42604),
        UINT64_C(0x64EB5A9F74EDF5F2),
        UINT32_C(148),
        UINT32_C(228),
        {0x3B,0xE4,0xD5,0x03,0x72,0x3E,0x6F,0xFB,0x80,0xD9,0x4E,0x5A,0x73,0xCA,0xA0,0xAA,0xA9,0x92,0x24,0x5E,0x67,0xBD,0xF2,0x6D,0x59,0x73,0x2F,0xA3,0x81,0x11,0x9A,0xB2},
        {0x01,0x2E,0x97,0x8A,0xB2,0x07,0xF1,0xC1,0x11,0x41,0x1C,0xA4,0x2B,0xFB,0x74,0x7A,0xC1,0x6B,0xE9,0x3A,0x1E,0x8E,0x85,0x9D,0xC5,0xCB,0xE7,0x4B,0x9D,0xF1,0xF2,0xC4},
    },
    {
        UINT32_C(43062),
        UINT64_C(0xA9016568A28A341A),
        UINT32_C(148),
        UINT32_C(228),
        {0x7D,0xEB,0x9A,0x90,0xA6,0xC5,0x91,0x7C,0xB3,0x5E,0x69,0xB0,0x63,0xD1,0x17,0xCC,0xB4,0xBD,0x10,0x65,0xA0,0xB1,0x14,0xBF,0xF5,0x46,0xC6,0xBF,0xBA,0xD1,0xA6,0x26},
        {0xDA,0xCC,0xE8,0x46,0x16,0x33,0x13,0x6E,0xDD,0x56,0x98,0xB9,0x8E,0x5C,0xAC,0xE7,0x52,0x57,0x5C,0x56,0x32,0xDB,0x7E,0xAA,0xE6,0xDF,0x77,0xAF,0x8A,0xB7,0xE3,0xF3},
    },
    {
        UINT32_C(43278),
        UINT64_C(0x208E73328F4A2E4E),
        UINT32_C(148),
        UINT32_C(228),
        {0x80,0xA4,0x41,0x07,0x2B,0x48,0x49,0xE1,0x7B,0x18,0x8F,0x0D,0xA0,0xF4,0xAE,0x8D,0x12,0x2B,0x06,0x24,0x30,0x93,0x2A,0xFA,0xFD,0x3C,0x41,0xE5,0xE9,0xC3,0xA0,0x41},
        {0x84,0xFE,0x25,0x92,0x81,0x00,0xBC,0x74,0xB0,0xA2,0x90,0x16,0xB9,0x6E,0x1C,0x48,0x4C,0x6D,0x4D,0x01,0xA3,0x73,0xBA,0x6E,0x6B,0xD3,0x20,0x3A,0x77,0xA9,0x14,0x57},
    },
    {
        UINT32_C(43432),
        UINT64_C(0x4F7C8F747A348503),
        UINT32_C(148),
        UINT32_C(228),
        {0x08,0xAE,0x59,0x3F,0x80,0x3A,0x8E,0x1C,0xE0,0xA4,0x4E,0x69,0xE3,0xC3,0xF6,0x34,0xC2,0x2A,0x27,0x39,0x0F,0x8F,0xBE,0x79,0xBF,0x4E,0x48,0x42,0x34,0x10,0xAB,0xEE},
        {0xCD,0xE3,0x37,0x7E,0xEF,0x4F,0xE6,0xEB,0xD3,0x2E,0x07,0x06,0x7B,0x40,0xD2,0x4D,0x80,0x3F,0x17,0xC6,0xE6,0xFB,0xAD,0x8A,0xE2,0xCF,0xAB,0x72,0xE6,0x1E,0x69,0x77},
    },
    {
        UINT32_C(43686),
        UINT64_C(0x3B7FAA6B7A413FDC),
        UINT32_C(148),
        UINT32_C(228),
        {0xE1,0x66,0x75,0xDE,0x54,0x30,0xC5,0x1A,0xAF,0x05,0xFB,0x4C,0xA0,0x26,0xC5,0xF7,0x3C,0x71,0x4F,0xFC,0xE6,0x8D,0x38,0x94,0xC3,0x56,0x32,0x91,0x73,0x4E,0xB0,0xBA},
        {0x3C,0x21,0xF7,0x93,0xFE,0x99,0xE2,0xC2,0x63,0x1B,0x76,0x16,0x88,0xD5,0x6D,0x93,0xC9,0x75,0x87,0x20,0x5F,0x0F,0xEF,0xF5,0x82,0x57,0xA0,0x03,0x65,0x9F,0x3C,0xF8},
    },
    {
        UINT32_C(43710),
        UINT64_C(0xE08674782F3BA985),
        UINT32_C(148),
        UINT32_C(228),
        {0xF4,0x4B,0xE7,0xF7,0xBA,0x69,0x9B,0xFC,0x1C,0xE4,0x48,0x7F,0x22,0xD7,0x69,0xB3,0xA2,0xE0,0x4A,0x15,0x0D,0x6C,0xF0,0x12,0x7A,0x90,0xC4,0xAA,0x1A,0xDD,0x92,0xBB},
        {0x2B,0x98,0xEC,0x97,0x13,0xEC,0x90,0x2E,0x1C,0x6B,0x1C,0x8C,0x51,0x85,0x3A,0xF9,0xC4,0x40,0x68,0xE2,0x16,0x89,0x81,0x8E,0xD7,0x4E,0xF0,0xFD,0xFA,0xC7,0x37,0xE9},
    },
    {
        UINT32_C(43990),
        UINT64_C(0x1EA4CB59FFA78855),
        UINT32_C(148),
        UINT32_C(228),
        {0x97,0x57,0x21,0x92,0x24,0xE5,0x81,0xB1,0xDB,0x2C,0x70,0xDB,0xEF,0x42,0xB8,0x18,0x40,0xF4,0xF0,0x00,0x6F,0x11,0xF8,0xC3,0x6B,0x2F,0xFA,0x5C,0xEA,0x31,0x37,0xE6},
        {0x60,0xC3,0xC4,0xF8,0x13,0x17,0xCE,0x3A,0xA0,0x83,0x23,0xC8,0xFF,0x6C,0x83,0x8C,0xB4,0x7E,0xFC,0x2F,0x80,0xAA,0xF5,0x10,0x42,0x33,0x77,0xD6,0x83,0x3D,0x03,0x82},
    },
    {
        UINT32_C(44014),
        UINT64_C(0x2F0B7EEA75439986),
        UINT32_C(148),
        UINT32_C(228),
        {0xA4,0xF0,0x5D,0x1F,0x2C,0x16,0xC9,0x44,0x83,0xA2,0x82,0xF8,0x2B,0xEF,0x48,0xF8,0x28,0x7A,0x74,0xF3,0x53,0x3A,0xA2,0x24,0xED,0x3A,0x6F,0xCB,0xDC,0xE0,0x15,0x02},
        {0x82,0x5B,0xD7,0xD7,0x2E,0xFD,0x2A,0xA6,0x76,0x99,0x24,0xE0,0xEA,0x17,0xDF,0xEE,0x45,0x1A,0x97,0x64,0xCF,0x7D,0x40,0x7E,0xFF,0x95,0x22,0x60,0x61,0x11,0x79,0x2C},
    },
    {
        UINT32_C(44536),
        UINT64_C(0xEA2D3BDE1CEB5533),
        UINT32_C(148),
        UINT32_C(228),
        {0x6D,0xBA,0xD9,0xE3,0xC6,0x2D,0x02,0x3A,0x68,0x7F,0x1B,0x11,0xD6,0xDF,0xA1,0xCB,0x1C,0xD7,0xB1,0xE4,0x7A,0x39,0xBA,0xDA,0xC4,0x88,0x7C,0xCF,0xA8,0x9B,0x7F,0x08},
        {0x2A,0x82,0x0A,0x46,0xC6,0x77,0xB1,0x66,0x7A,0xC8,0x9B,0x16,0x2D,0x42,0xC0,0x3E,0x39,0xB5,0xE6,0xE6,0xD6,0xCD,0xE0,0xE3,0x0C,0x7D,0x7A,0x21,0xF7,0x60,0xE5,0xDB},
    },
    {
        UINT32_C(44990),
        UINT64_C(0x1FC71C6E570F8377),
        UINT32_C(148),
        UINT32_C(228),
        {0x3E,0x7C,0xAB,0xAA,0x08,0x27,0x6B,0x84,0x9A,0xA2,0xE0,0xD9,0xF7,0x86,0x97,0x45,0x78,0x3A,0x80,0x34,0xC7,0xF4,0xAC,0x9F,0x34,0x50,0xD1,0x5A,0xB8,0x7D,0x9B,0x32},
        {0xDD,0x49,0x6C,0xFC,0x87,0xD5,0x1A,0xB6,0xBA,0x20,0x92,0xB1,0xC3,0x28,0xD9,0x25,0x91,0xC4,0x26,0xF5,0x37,0xE1,0xAE,0x8B,0x1B,0xAE,0x80,0xC2,0xA2,0x63,0xA2,0x59},
    },
    {
        UINT32_C(45130),
        UINT64_C(0x6D871BDE5EA94B84),
        UINT32_C(148),
        UINT32_C(228),
        {0x78,0x27,0x1F,0x66,0x4D,0xA4,0x90,0x0F,0xF7,0x69,0xF1,0x75,0x8B,0x37,0x54,0xA3,0x5F,0x09,0xC3,0x31,0x6E,0x34,0x73,0xFD,0x1C,0xFC,0x59,0x22,0xD1,0xE4,0x3B,0xEB},
        {0xB2,0x87,0x42,0xA8,0x0D,0x93,0xD7,0x16,0xD1,0x2F,0xFC,0x8D,0xF5,0xD1,0xAE,0x0F,0x1A,0xFD,0x7C,0xFC,0x9E,0x68,0x52,0xF0,0xAB,0x07,0x54,0x20,0x9B,0xA2,0xFC,0xE2},
    },
    {
        UINT32_C(45218),
        UINT64_C(0x7C942F15B9BB08C3),
        UINT32_C(148),
        UINT32_C(228),
        {0x19,0xFB,0x78,0x43,0xB0,0xA2,0x57,0xF4,0x6C,0x49,0x43,0xDF,0xAA,0x08,0x04,0xC7,0x79,0x8C,0x68,0xD9,0x21,0x41,0x90,0xBA,0xE8,0x69,0xDB,0x4A,0x87,0x8A,0x55,0x0A},
        {0xE8,0xF6,0x2B,0xAA,0x23,0xA8,0x0F,0x5A,0x8C,0xE9,0xA9,0x83,0x08,0x16,0x6F,0xA1,0x1F,0x38,0x22,0x2C,0xF4,0x70,0x14,0x5C,0xAE,0x8C,0x8C,0x56,0x88,0x9E,0xC5,0x6B},
    },
    {
        UINT32_C(45288),
        UINT64_C(0xA808E1ADB4C747A4),
        UINT32_C(148),
        UINT32_C(228),
        {0x56,0x91,0x8D,0xC5,0xB5,0xAE,0x88,0xD6,0x59,0x19,0xB1,0x20,0x35,0xC8,0x27,0x70,0xFE,0xF6,0xB5,0x01,0xC5,0x35,0x4A,0xD5,0x00,0xFC,0xEA,0xFE,0x03,0x85,0xBB,0x07},
        {0x99,0x8D,0xC5,0xCA,0x83,0xD7,0x3B,0x90,0x1E,0x70,0x9F,0xF9,0x27,0x56,0x73,0xD9,0x74,0x53,0x24,0xAC,0xD3,0x7F,0x9F,0xEC,0xEF,0xF4,0xA7,0x3B,0x4A,0xAF,0x41,0x96},
    },
    {
        UINT32_C(45496),
        UINT64_C(0xF3BBB52FF74236D9),
        UINT32_C(148),
        UINT32_C(228),
        {0x77,0xD6,0x76,0x63,0xC8,0x58,0x7E,0x12,0xEB,0xC5,0xC1,0x9B,0x65,0x54,0xF4,0xF0,0x34,0x55,0xDF,0xF5,0x43,0x08,0x2B,0xD3,0xE5,0xB8,0xBC,0xF5,0x9A,0x7B,0x27,0xDA},
        {0x2D,0x4F,0x2B,0x2F,0x98,0x65,0x9C,0xC2,0x8A,0x20,0xB8,0xA7,0xC9,0xC9,0x57,0x34,0x66,0x46,0x79,0x3C,0x88,0xF2,0x98,0xC2,0x14,0xF4,0x16,0x15,0x78,0xB6,0x3E,0xE7},
    },
    {
        UINT32_C(45892),
        UINT64_C(0x71B4389AF0B91294),
        UINT32_C(368),
        UINT32_C(222),
        {0x07,0xC1,0x43,0xDC,0x28,0x53,0x9A,0x1C,0xB7,0xF0,0x86,0x99,0x10,0x4E,0xE6,0x7A,0x7A,0x30,0x50,0xBA,0x88,0x40,0xC6,0x41,0xF9,0x9D,0x92,0x6C,0xB0,0x5F,0x38,0x97},
        {0xA1,0x2F,0xC0,0xE9,0xCC,0x14,0x2C,0x21,0x11,0x13,0xEC,0xCF,0x02,0x9F,0x07,0x4E,0xCC,0xC8,0xFF,0x32,0x99,0x84,0xD0,0xDF,0x57,0x0A,0x0B,0x74,0xC7,0x29,0x1A,0xFB},
    },
    {
        UINT32_C(46794),
        UINT64_C(0xFC030AF8D359D40E),
        UINT32_C(148),
        UINT32_C(228),
        {0x73,0x14,0x12,0x72,0x50,0xFE,0x7E,0xE1,0x16,0xC4,0x55,0xA6,0x98,0x7D,0x21,0xBD,0xEB,0xE1,0x5F,0x47,0xB5,0x2A,0x7F,0xA4,0x70,0x51,0xC5,0x10,0xF6,0x82,0x9A,0xB0},
        {0xBF,0x69,0x44,0xC7,0x3A,0xAC,0xE8,0xC6,0x44,0xEE,0xA1,0xD3,0x39,0xB7,0x2C,0x4E,0x4F,0x76,0xE7,0x9F,0xB6,0x23,0x57,0x45,0x1B,0xD5,0x8D,0x38,0xDD,0xD9,0xC2,0xBD},
    },
    {
        UINT32_C(47260),
        UINT64_C(0xEB64FCA2479BFF86),
        UINT32_C(148),
        UINT32_C(228),
        {0xAD,0x12,0x01,0xB3,0x2A,0x00,0x77,0x3F,0x8D,0x9D,0x35,0xD2,0xDD,0x91,0xD7,0x53,0x19,0x70,0x92,0x96,0xAF,0x7D,0xB7,0xF0,0x85,0x26,0x9A,0x5F,0x1E,0xB7,0xD9,0xB4},
        {0xAA,0x5D,0x03,0x8B,0xEB,0x0E,0x52,0x72,0x97,0xAD,0x1C,0xD4,0x6A,0x89,0x6B,0x32,0x2A,0x56,0x59,0x2F,0x2E,0x7A,0x4A,0x20,0x77,0x3F,0xD3,0xFE,0xDD,0x9A,0x9D,0x68},
    },
    {
        UINT32_C(47380),
        UINT64_C(0x0B54A7801075E7DC),
        UINT32_C(148),
        UINT32_C(228),
        {0xF8,0x23,0x7B,0x3B,0xA2,0x10,0x28,0x55,0x4B,0x01,0x95,0xAA,0x7A,0x2A,0xA6,0x19,0xF0,0x2E,0x2D,0x2E,0x51,0xC5,0x60,0xA7,0xC0,0x61,0xD1,0x3B,0x4D,0xCE,0x01,0x11},
        {0x9D,0x60,0xF5,0x77,0x63,0x02,0xEB,0x72,0xF0,0x30,0xF5,0xF7,0xB9,0x6D,0x51,0x74,0x3C,0x2A,0x5D,0xD4,0x58,0x29,0x46,0xEA,0xD9,0x6C,0xE1,0x2B,0xE1,0xB7,0x94,0x47},
    },
    {
        UINT32_C(47544),
        UINT64_C(0x6ABB4E941852C6F2),
        UINT32_C(148),
        UINT32_C(228),
        {0x7E,0x0D,0xC0,0x50,0x12,0x25,0x87,0xFA,0x94,0x6A,0x05,0xFA,0xD4,0x58,0x4B,0xF9,0xC3,0xF3,0xCC,0xB3,0x49,0xA4,0xDC,0xD3,0x39,0x79,0x84,0xCB,0x6F,0xAD,0x6E,0x4D},
        {0x86,0x7B,0x5D,0x6C,0xBE,0x40,0x0C,0xB0,0x36,0x06,0xD8,0x66,0x34,0xA2,0x79,0xA9,0xEF,0xC8,0x69,0x31,0xC4,0xDF,0x11,0x82,0x53,0x23,0x43,0xF9,0x9C,0x1D,0xE4,0x87},
    },
    {
        UINT32_C(47796),
        UINT64_C(0x7F89EEAE3D8DA9ED),
        UINT32_C(148),
        UINT32_C(228),
        {0x4B,0x87,0x77,0xBA,0x9B,0x35,0x16,0x7A,0x31,0x0F,0xCC,0xD9,0x6B,0xEA,0x86,0x77,0xDE,0x2F,0xA5,0x4A,0x2E,0xB7,0xDB,0xD1,0x42,0x19,0xE7,0xEF,0x5B,0x0F,0xD0,0x0F},
        {0x45,0xE8,0xFC,0x09,0x3D,0xA8,0x2B,0xBC,0x82,0x1B,0xD2,0x14,0x64,0x46,0xFE,0x27,0x35,0xC0,0x20,0x85,0x12,0xD1,0x6B,0xF6,0x15,0x32,0x8B,0x8C,0x92,0x98,0x77,0x44},
    },
    {
        UINT32_C(47970),
        UINT64_C(0x3D493569DA9CEECA),
        UINT32_C(148),
        UINT32_C(228),
        {0x8E,0x6F,0x51,0xD3,0x8F,0xC1,0xD1,0x2C,0xC7,0xD7,0x09,0x7E,0x63,0x4A,0x9A,0x2C,0x55,0xC5,0xAE,0x18,0x6E,0x01,0x1C,0xEC,0x47,0x05,0x08,0x0A,0x2C,0x02,0x25,0xA6},
        {0x04,0x98,0xB2,0x15,0xCF,0xC7,0x49,0x07,0xE6,0xA8,0x69,0x51,0xB0,0xE5,0x58,0x49,0xB7,0x73,0x30,0xC4,0xF6,0x89,0x94,0xE4,0x0E,0xD0,0xAD,0x14,0x21,0x63,0xED,0x4F},
    },
    {
        UINT32_C(48550),
        UINT64_C(0x78388D4FF4222F4A),
        UINT32_C(148),
        UINT32_C(228),
        {0xBA,0x92,0xE8,0xD3,0x0B,0x58,0x28,0x7C,0x12,0xDD,0xC9,0x1B,0x0E,0x6C,0x6D,0xC2,0x12,0x40,0x33,0xC3,0xD6,0x0D,0x2D,0x17,0x2B,0x1B,0xF5,0x09,0xD1,0x04,0x1D,0xB7},
        {0xD2,0x87,0xBC,0xE3,0x0C,0x38,0xB9,0x2D,0x85,0x44,0xA8,0x75,0xF5,0x01,0x38,0x02,0x58,0x37,0x67,0x89,0x0A,0x90,0xCA,0x88,0xE3,0xF5,0xFF,0x01,0x12,0x1D,0x8F,0x37},
    },
    {
        UINT32_C(48738),
        UINT64_C(0xA72F1F15CD25FBF6),
        UINT32_C(148),
        UINT32_C(228),
        {0xA7,0x9A,0x97,0x5F,0x9B,0x63,0x99,0x36,0x59,0x95,0xCE,0x6A,0xEC,0x88,0x04,0x53,0xBF,0xD7,0x12,0xFD,0x94,0xBB,0x52,0x70,0xA7,0x8A,0x54,0xA9,0x7E,0xDC,0xEF,0x73},
        {0xC8,0x33,0x30,0x37,0xDF,0x36,0x6D,0xDB,0x4C,0xFD,0x02,0x4B,0xCC,0x71,0x18,0x56,0x7D,0x52,0x41,0x05,0xE9,0xD8,0xC0,0x4F,0xBD,0xA6,0xB6,0x03,0xE2,0x31,0x28,0x84},
    },
    {
        UINT32_C(49458),
        UINT64_C(0x914FBFD292BECCB9),
        UINT32_C(1280),
        UINT32_C(750),
        {0x9E,0x5A,0xF8,0x1F,0xE0,0x23,0x9A,0x50,0x10,0xBB,0x98,0x13,0x57,0xBF,0x96,0x46,0x0A,0xD8,0xAB,0x04,0x74,0x20,0x20,0x10,0x56,0x8D,0x6F,0xA3,0x93,0xCD,0x0E,0x84},
        {0x79,0x16,0x24,0x63,0xFF,0xFD,0x36,0xF1,0x43,0xA7,0x1A,0x74,0x63,0xDD,0xEB,0x9D,0x37,0x50,0xF1,0x1D,0x48,0xE4,0xD4,0xD3,0xC5,0x49,0x76,0xF3,0x20,0x8F,0x2F,0xF6},
    },
    {
        UINT32_C(49524),
        UINT64_C(0x3584ED39FCCC6D8E),
        UINT32_C(148),
        UINT32_C(228),
        {0x7E,0x39,0xCE,0x99,0x00,0x1B,0x14,0x73,0x0B,0xB7,0x9F,0x92,0x5E,0xF0,0x89,0xC7,0x2C,0x72,0xC2,0x40,0x78,0xDD,0x1C,0x7E,0x7A,0xA2,0x5A,0x10,0x4D,0xD0,0x68,0xBE},
        {0x53,0x63,0x58,0x21,0x3B,0xEE,0x6E,0xEE,0x66,0xB4,0x3E,0xB6,0xC1,0xAA,0xA8,0x17,0x55,0x19,0x85,0x4E,0x65,0x9D,0x8C,0xBD,0x96,0x71,0x32,0x40,0x75,0x3A,0xBC,0xF1},
    },
    {
        UINT32_C(50024),
        UINT64_C(0x70A4F690E6CADEB4),
        UINT32_C(148),
        UINT32_C(228),
        {0x2F,0xD3,0xF1,0x20,0xB3,0x98,0x26,0x15,0xF8,0x5E,0xC9,0x03,0xEC,0x21,0xA5,0xE0,0x0E,0xBF,0x3C,0x73,0xEE,0x43,0x1C,0xDE,0xEE,0x98,0x49,0x01,0x91,0x63,0x45,0x16},
        {0x9E,0x39,0xCC,0xCD,0xB9,0x5A,0x29,0x90,0xD2,0x7E,0x60,0xAD,0xBC,0xC3,0x08,0x16,0x90,0xA7,0x65,0x23,0xB2,0x16,0xE8,0x79,0x3B,0x79,0x59,0xDA,0xCF,0x39,0x11,0xB3},
    },
    {
        UINT32_C(50184),
        UINT64_C(0x334CF8B42B859C22),
        UINT32_C(148),
        UINT32_C(228),
        {0xD5,0x45,0x71,0x0B,0xAB,0xAC,0x05,0x34,0x55,0xF2,0xD9,0x5E,0x77,0x9A,0x7D,0x23,0xBD,0x5F,0xAD,0xEA,0xC0,0x8D,0x62,0x76,0x1D,0xAC,0xCB,0xA4,0xC3,0xC9,0xC7,0x91},
        {0x27,0x38,0x52,0xBE,0xCF,0xA5,0x12,0x6D,0x5A,0xB9,0x0A,0x23,0x46,0xD8,0xD0,0x25,0xE4,0xFC,0xAA,0x86,0x3C,0x8E,0xFC,0xBB,0x4B,0x8F,0xDE,0xA2,0x53,0x16,0x46,0x8E},
    },
    {
        UINT32_C(50742),
        UINT64_C(0x44775A7761BED281),
        UINT32_C(148),
        UINT32_C(228),
        {0x25,0x0E,0x2B,0xD6,0xA5,0xB3,0xB6,0x24,0x08,0xD1,0x66,0xC0,0xA1,0xE6,0xF0,0x02,0xB1,0x66,0xDD,0x68,0x00,0xDF,0x74,0x83,0xF4,0xC3,0x8A,0xFF,0x56,0x42,0x97,0x02},
        {0x54,0x1E,0xCB,0x0B,0xED,0x75,0x3E,0x37,0x16,0xE3,0x3D,0xFC,0xE5,0x7E,0x7F,0x03,0xFC,0x1C,0x24,0x6A,0x2F,0x1A,0x56,0x43,0xDD,0xA7,0xCC,0x26,0x2C,0xE8,0x3E,0xB8},
    },
    {
        UINT32_C(51212),
        UINT64_C(0x6AA13AB77AFF53BA),
        UINT32_C(148),
        UINT32_C(228),
        {0xD7,0x8F,0x6E,0x6F,0x91,0x2D,0x90,0x33,0x87,0x1E,0x27,0xB5,0xC8,0xF8,0x9C,0x70,0x0C,0x8F,0x5D,0x07,0x15,0xC1,0x3A,0xA6,0x28,0x58,0x97,0x73,0xD4,0x25,0x7E,0x0B},
        {0xD6,0xFA,0x17,0x15,0xD7,0x57,0x81,0x02,0x4D,0x7F,0xA7,0x11,0x1C,0x51,0x14,0x95,0x95,0x32,0xE5,0xD9,0xDE,0x5A,0xEA,0xCF,0x99,0xF7,0x55,0xE9,0xF8,0x45,0x9B,0x55},
    },
    {
        UINT32_C(51300),
        UINT64_C(0xC69F9575692720F7),
        UINT32_C(430),
        UINT32_C(330),
        {0xD8,0x39,0x66,0xFA,0xF1,0x0C,0x9D,0xC6,0x3D,0x6B,0xD7,0x1A,0x92,0x93,0x5F,0xF9,0x9A,0x3C,0xD2,0xC4,0xC5,0x65,0x95,0x81,0x70,0x5E,0xAB,0x1A,0xBB,0x09,0x4B,0x1B},
        {0x92,0xEF,0x8A,0x5A,0x45,0xDC,0xD7,0x77,0xE6,0x34,0x40,0x1B,0xA6,0xC7,0x3C,0x38,0x61,0xEB,0x7E,0x0F,0x68,0x44,0x41,0x90,0xDD,0x81,0x90,0x1D,0xA9,0x2E,0x9F,0x2A},
    },
    {
        UINT32_C(51304),
        UINT64_C(0x15899CCDC581C88E),
        UINT32_C(148),
        UINT32_C(228),
        {0xD3,0xF9,0xD8,0x7E,0x6C,0xE1,0x8E,0xAD,0xA7,0xE9,0x9E,0xF3,0x40,0x50,0xA3,0x6F,0xFA,0x1B,0xE9,0xE4,0x24,0x44,0x90,0xDB,0x67,0xFB,0xB6,0x15,0xB8,0xBF,0x14,0x47},
        {0x19,0x5A,0x6A,0x19,0xEC,0xA8,0x72,0x12,0x12,0x37,0x3C,0xD0,0xFF,0x10,0x6B,0x47,0x65,0x58,0x8A,0xEC,0x0D,0x03,0x1D,0x8D,0x94,0xC0,0x83,0xB6,0x91,0x3D,0xC9,0x38},
    },
    {
        UINT32_C(51332),
        UINT64_C(0xE02D571A45B20659),
        UINT32_C(148),
        UINT32_C(228),
        {0x84,0x44,0x79,0xF5,0x91,0x4A,0x8F,0x2A,0x3B,0x44,0x75,0xF1,0x5A,0x3B,0xC8,0x90,0x4B,0x5B,0x93,0xFA,0x2C,0x3E,0xAA,0xA7,0xE7,0xC1,0x6A,0x57,0xF0,0x06,0x5D,0x68},
        {0x94,0x90,0x88,0xA3,0xC8,0x84,0x2B,0xD4,0x31,0x9B,0x5E,0xBA,0x52,0x7F,0x8C,0x5E,0x64,0xEB,0x82,0x66,0x9A,0x6C,0x2C,0x2C,0x66,0xAD,0x08,0xF4,0x80,0x25,0x1E,0x31},
    },
    {
        UINT32_C(51804),
        UINT64_C(0xC90BCD0019888740),
        UINT32_C(148),
        UINT32_C(228),
        {0xC1,0x9D,0xFC,0xBB,0x11,0x60,0x36,0xFA,0x57,0x35,0xFA,0xCA,0xE8,0x76,0x6E,0x2B,0xF9,0x02,0x9B,0x58,0x74,0x35,0x2A,0x0D,0xEB,0xD6,0xDD,0x90,0x2E,0xD3,0x18,0xF6},
        {0x1D,0x98,0x66,0x41,0x47,0xA4,0xC7,0x0F,0x7C,0xEA,0xB3,0x0E,0x2A,0x8B,0x4E,0x6F,0x8A,0xF6,0x06,0xB7,0xCE,0x8B,0x33,0x51,0x04,0x48,0xAE,0xF6,0x3F,0xFF,0x6F,0x04},
    },
    {
        UINT32_C(52062),
        UINT64_C(0x05659C7090B8E03B),
        UINT32_C(430),
        UINT32_C(330),
        {0x64,0x90,0x32,0xC8,0x88,0x01,0x08,0xED,0x9A,0x16,0xE2,0x96,0x12,0x65,0x49,0xD0,0x6B,0x70,0x67,0xD4,0x1F,0x61,0x37,0x38,0x38,0xCF,0x52,0x26,0xFE,0x8D,0x6B,0xB1},
        {0x9C,0xE8,0x67,0xD4,0xD1,0x7F,0x78,0x85,0xFF,0xAE,0x66,0xA6,0xC3,0xED,0x09,0x68,0x51,0x3D,0x65,0x05,0xDE,0x05,0xD8,0x3F,0x59,0xF8,0x2C,0x2A,0xFE,0xE0,0x92,0xD5},
    },
    {
        UINT32_C(52420),
        UINT64_C(0xD61971D2EB365B55),
        UINT32_C(148),
        UINT32_C(228),
        {0xBB,0x8B,0x2D,0x06,0xB8,0x10,0x20,0xED,0xE4,0xAA,0xD7,0xD2,0xA4,0xD8,0xA7,0xD2,0x7C,0xCF,0x71,0x80,0xE4,0x16,0xED,0x2F,0xC2,0x78,0x1E,0xB6,0x43,0x06,0x0A,0xC8},
        {0x2D,0x07,0x9E,0xDD,0x41,0xCD,0x1D,0x92,0xCA,0xFD,0x92,0x47,0xCE,0x92,0xA2,0xB0,0x93,0x6D,0xE6,0x6E,0xC3,0x5C,0x4A,0x67,0x1A,0xF1,0xC1,0xA6,0x26,0x35,0xDF,0xFC},
    },
    {
        UINT32_C(52854),
        UINT64_C(0x01653A6587D941D6),
        UINT32_C(148),
        UINT32_C(228),
        {0x8B,0xB9,0x20,0x0E,0x62,0x96,0xCB,0x49,0x8A,0xBC,0x0F,0x9F,0xEA,0x6D,0x01,0x2B,0x53,0x1B,0x18,0x15,0xDC,0xB2,0x4F,0xCE,0xE1,0x45,0x48,0xCD,0x8C,0x1C,0x35,0x62},
        {0x8E,0x11,0x1F,0xC2,0x6A,0x09,0x83,0x85,0x4B,0x61,0x88,0xAE,0x17,0x1B,0x87,0xAA,0x40,0xF4,0x7D,0xF6,0xE6,0x6C,0xA3,0x59,0xE9,0x94,0x73,0x36,0x80,0x3C,0x35,0xFF},
    },
    {
        UINT32_C(52900),
        UINT64_C(0xC28C4C97D2ABEC98),
        UINT32_C(148),
        UINT32_C(228),
        {0xBD,0x65,0x25,0x8D,0x44,0x80,0x49,0x4F,0x1E,0x96,0xA2,0x11,0x42,0xC1,0xE9,0x10,0xDC,0x52,0x4E,0xC4,0x01,0x66,0xE7,0x83,0xEA,0x6F,0xBB,0xB4,0x13,0xD3,0x2B,0x98},
        {0x2A,0x20,0xE8,0x68,0xD2,0x86,0x39,0xC4,0xE2,0x85,0x04,0x69,0xC8,0x07,0xF1,0x9C,0xA6,0xAA,0x76,0xB5,0x65,0x59,0x14,0xCF,0x2D,0xC8,0xCD,0x03,0x8A,0x31,0x5D,0x08},
    },
    {
        UINT32_C(53028),
        UINT64_C(0x29AB05ED31E7F6BE),
        UINT32_C(569),
        UINT32_C(240),
        {0x1A,0xC1,0x45,0x9A,0xD2,0xCC,0x3F,0xBC,0x41,0x01,0x74,0x7F,0x05,0xCF,0xB1,0x18,0x1E,0xBC,0xC4,0xA6,0xCB,0x3A,0x16,0x8F,0xAF,0xD4,0xBD,0x86,0x09,0x1B,0xAD,0xD8},
        {0x2A,0x4D,0xB8,0x96,0x2A,0xAF,0x1E,0x7F,0x7D,0xCC,0xE5,0x7C,0x70,0x9C,0x6E,0xED,0x93,0xEF,0xFA,0x34,0xD7,0x22,0x3E,0x0F,0xA5,0xD4,0x0B,0x31,0x74,0xEF,0xE3,0xD6},
    },
    {
        UINT32_C(53434),
        UINT64_C(0xEF84230553526444),
        UINT32_C(569),
        UINT32_C(240),
        {0x35,0x79,0xBB,0xD2,0x7F,0x86,0xBC,0x5F,0x90,0xF0,0x62,0x97,0x8C,0x9C,0xE8,0x98,0x48,0xE6,0x09,0x6D,0x34,0x4D,0x89,0xC8,0xC8,0x17,0xF1,0xCA,0x91,0x1A,0x65,0xAD},
        {0x80,0x98,0xB9,0xFD,0x2C,0x84,0xCA,0x59,0xD4,0x87,0x90,0x41,0xFE,0xF9,0x1C,0x8D,0xB4,0x76,0x8D,0x03,0x93,0xE2,0x7D,0x26,0x20,0x2D,0xD7,0xBE,0xD8,0x4A,0x9A,0xA4},
    },
    {
        UINT32_C(53442),
        UINT64_C(0x24DFFF492D0A77F9),
        UINT32_C(1302),
        UINT32_C(985),
        {0x01,0x7D,0x0F,0x46,0x57,0xE1,0x80,0x8D,0x60,0x6A,0x89,0x82,0x73,0xAB,0x13,0xCA,0x1C,0x86,0xC2,0xFF,0x8A,0x3E,0x1E,0xBB,0xF4,0x36,0xC1,0x2A,0x79,0x2A,0x1A,0x21},
        {0x0E,0xA2,0xEF,0xB8,0x3B,0x70,0x29,0x4F,0x93,0x30,0x32,0xF3,0xDB,0xDD,0x56,0x7D,0x86,0x0C,0xFD,0x51,0xFB,0xFD,0x29,0xFB,0xAB,0x2C,0x58,0x86,0xED,0xB3,0x57,0x6F},
    },
    {
        UINT32_C(53466),
        UINT64_C(0x8715B91272F94603),
        UINT32_C(148),
        UINT32_C(228),
        {0x10,0x02,0xF0,0xBB,0x86,0xBC,0xF1,0x8A,0x8C,0x3D,0x2E,0x26,0x8C,0x7A,0x13,0x17,0x0D,0x62,0x16,0x8C,0x89,0xBA,0xC5,0x9B,0x99,0xAD,0x93,0xC9,0xF6,0x92,0xFC,0x74},
        {0x24,0x4B,0xC4,0x86,0xF4,0x36,0x62,0xB1,0xC1,0x19,0x24,0x89,0xA5,0x02,0xD8,0xFD,0x35,0x60,0xC1,0x75,0x26,0x2F,0xA0,0xAD,0x50,0x7C,0xE8,0xEA,0x93,0x38,0x27,0xF0},
    },
    {
        UINT32_C(55244),
        UINT64_C(0xA8E555F87E5D8FE5),
        UINT32_C(148),
        UINT32_C(228),
        {0x74,0xFE,0xCC,0xC1,0x32,0xA3,0x83,0x70,0x62,0x23,0xAE,0x36,0xC5,0x05,0x47,0x87,0x26,0x75,0xB3,0x82,0x4F,0x8D,0x86,0x94,0xC0,0x69,0xE4,0xEE,0x6D,0x74,0xDF,0xC6},
        {0x4A,0x7E,0x69,0x09,0x9E,0x01,0xCC,0x50,0x6F,0x17,0x2E,0x19,0x1A,0x2D,0x6D,0xA2,0x44,0x9C,0xC1,0xF4,0x52,0x17,0x51,0x36,0x92,0x13,0x57,0x33,0x18,0x26,0xC3,0x36},
    },
    {
        UINT32_C(55488),
        UINT64_C(0x8E4B4952189BF4AF),
        UINT32_C(1024),
        UINT32_C(600),
        {0xD6,0x1B,0x7F,0xA1,0xE4,0x1F,0xFB,0x4D,0x7A,0xDD,0xDB,0x4F,0x12,0x97,0x7E,0x11,0xCF,0x8A,0x5D,0xB7,0xE0,0x2C,0xFE,0x3C,0xC2,0x93,0x72,0xC7,0x97,0xCA,0x96,0x81},
        {0xD8,0x48,0xC9,0x8C,0xD3,0xFA,0x1E,0x9B,0x78,0x5C,0xC0,0x54,0x36,0x7C,0xD9,0x90,0x53,0x98,0x16,0x88,0x26,0x5C,0xAD,0x5F,0x52,0x84,0x63,0x56,0x9C,0x7E,0x85,0x77},
    },
    {
        UINT32_C(55500),
        UINT64_C(0x024BC698ABD5E623),
        UINT32_C(148),
        UINT32_C(228),
        {0x9F,0x66,0xD5,0xC9,0x45,0xA9,0x67,0x3F,0x3A,0x2F,0xB5,0x5D,0xFD,0xF2,0x92,0x6E,0xB1,0x6F,0x6D,0x46,0xA3,0xC6,0x86,0xD3,0x80,0x67,0xD1,0x65,0x65,0x87,0x86,0xCD},
        {0xA6,0x1C,0x27,0x54,0xF0,0x31,0x57,0xC1,0xA7,0xFA,0x47,0xFD,0x8E,0xA0,0x3A,0x7F,0xFB,0x93,0x8A,0x94,0x87,0x7B,0x52,0xC7,0x2D,0x11,0xA2,0xEA,0x94,0xDB,0xC7,0xB6},
    },
    {
        UINT32_C(55798),
        UINT64_C(0xA4D84DB9D0B4640E),
        UINT32_C(148),
        UINT32_C(228),
        {0x97,0x57,0x21,0x92,0x24,0xE5,0x81,0xB1,0xDB,0x2C,0x70,0xDB,0xEF,0x42,0xB8,0x18,0x40,0xF4,0xF0,0x00,0x6F,0x11,0xF8,0xC3,0x6B,0x2F,0xFA,0x5C,0xEA,0x31,0x37,0xE6},
        {0x60,0xC3,0xC4,0xF8,0x13,0x17,0xCE,0x3A,0xA0,0x83,0x23,0xC8,0xFF,0x6C,0x83,0x8C,0xB4,0x7E,0xFC,0x2F,0x80,0xAA,0xF5,0x10,0x42,0x33,0x77,0xD6,0x83,0x3D,0x03,0x82},
    },
    {
        UINT32_C(55974),
        UINT64_C(0x07CD75F5EE696A94),
        UINT32_C(148),
        UINT32_C(228),
        {0xD8,0xEC,0x40,0xEE,0x7A,0x8D,0x0A,0xEA,0xF3,0x46,0x10,0x5E,0x30,0x3D,0x99,0x3B,0xFF,0xAB,0x1A,0x57,0xFE,0x43,0xD3,0xF2,0x54,0xDB,0xE0,0x13,0x91,0x4C,0xE5,0x1F},
        {0x00,0x93,0xD0,0xCF,0x3F,0x5E,0x68,0xC9,0xB7,0xA7,0xE0,0xB1,0x69,0xE0,0x0C,0xE2,0x6E,0x11,0x13,0xC3,0xB9,0x53,0xEA,0x1A,0x17,0xD0,0x6A,0x07,0xD4,0x89,0x44,0xEC},
    },
    {
        UINT32_C(56008),
        UINT64_C(0xAD74A2A01EA9F4B7),
        UINT32_C(148),
        UINT32_C(228),
        {0x05,0x25,0xFE,0x9D,0x22,0xC9,0xE8,0x02,0x51,0xAD,0x38,0xDC,0x29,0x8F,0x2A,0x0C,0x60,0x48,0x75,0x92,0xEF,0x92,0xB3,0xA7,0x14,0xF2,0xBA,0x40,0x9B,0xC1,0x67,0x16},
        {0x76,0x24,0xE6,0xFD,0x59,0xDF,0x5C,0x5A,0xA7,0x59,0xA7,0x62,0x44,0x71,0x48,0x3C,0x8E,0x68,0x62,0x69,0x8F,0xC0,0xC3,0xDF,0x0E,0x1C,0x28,0x09,0xE4,0xD6,0x0F,0xAE},
    },
    {
        UINT32_C(56948),
        UINT64_C(0xC8C2C31845F56737),
        UINT32_C(148),
        UINT32_C(228),
        {0x6D,0xBA,0xD9,0xE3,0xC6,0x2D,0x02,0x3A,0x68,0x7F,0x1B,0x11,0xD6,0xDF,0xA1,0xCB,0x1C,0xD7,0xB1,0xE4,0x7A,0x39,0xBA,0xDA,0xC4,0x88,0x7C,0xCF,0xA8,0x9B,0x7F,0x08},
        {0x2A,0x82,0x0A,0x46,0xC6,0x77,0xB1,0x66,0x7A,0xC8,0x9B,0x16,0x2D,0x42,0xC0,0x3E,0x39,0xB5,0xE6,0xE6,0xD6,0xCD,0xE0,0xE3,0x0C,0x7D,0x7A,0x21,0xF7,0x60,0xE5,0xDB},
    },
    {
        UINT32_C(57368),
        UINT64_C(0x5FFBC90FC19038D9),
        UINT32_C(148),
        UINT32_C(228),
        {0x78,0x27,0x1F,0x66,0x4D,0xA4,0x90,0x0F,0xF7,0x69,0xF1,0x75,0x8B,0x37,0x54,0xA3,0x5F,0x09,0xC3,0x31,0x6E,0x34,0x73,0xFD,0x1C,0xFC,0x59,0x22,0xD1,0xE4,0x3B,0xEB},
        {0xB2,0x87,0x42,0xA8,0x0D,0x93,0xD7,0x16,0xD1,0x2F,0xFC,0x8D,0xF5,0xD1,0xAE,0x0F,0x1A,0xFD,0x7C,0xFC,0x9E,0x68,0x52,0xF0,0xAB,0x07,0x54,0x20,0x9B,0xA2,0xFC,0xE2},
    },
    {
        UINT32_C(57420),
        UINT64_C(0x75283571FCD3E866),
        UINT32_C(569),
        UINT32_C(240),
        {0xED,0x7F,0x1C,0x99,0x7E,0x94,0x2B,0x77,0xC2,0xCB,0x7B,0x97,0xB8,0x62,0x0E,0x43,0x2C,0x38,0x8D,0x96,0x5F,0x3D,0xA6,0x3D,0x86,0x09,0x50,0x21,0x35,0x89,0x16,0xDA},
        {0x23,0x01,0xEC,0xA0,0x2F,0x51,0x9A,0x29,0xC4,0x80,0xA3,0x2E,0x53,0x3B,0x20,0x8E,0x69,0x9E,0xFD,0x15,0x6C,0xA7,0xAB,0x52,0x93,0xF7,0x95,0x7A,0xF2,0xE6,0x10,0xB0},
    },
    {
        UINT32_C(57686),
        UINT64_C(0x74F454CE1391EE10),
        UINT32_C(430),
        UINT32_C(330),
        {0xF7,0x48,0xAA,0xCC,0x04,0xBD,0x38,0x14,0x95,0xCA,0xC5,0xD2,0x22,0x1E,0x43,0x42,0x4F,0x47,0xDE,0xC2,0xBF,0x84,0xDD,0xCC,0x55,0x45,0xA2,0x6F,0xD9,0xF7,0xF8,0x7C},
        {0x61,0x91,0x69,0xA9,0xC4,0x8F,0x5E,0xF2,0x0A,0xF6,0x68,0x85,0x47,0xBD,0xDD,0xDA,0xBA,0xEF,0x30,0x67,0xA4,0xAD,0x57,0x8B,0x07,0x57,0xF9,0xAF,0x6A,0xFE,0x03,0xF4},
    },
    {
        UINT32_C(57772),
        UINT64_C(0xCAC0AECB793413CA),
        UINT32_C(1024),
        UINT32_C(600),
        {0xD6,0x1B,0x7F,0xA1,0xE4,0x1F,0xFB,0x4D,0x7A,0xDD,0xDB,0x4F,0x12,0x97,0x7E,0x11,0xCF,0x8A,0x5D,0xB7,0xE0,0x2C,0xFE,0x3C,0xC2,0x93,0x72,0xC7,0x97,0xCA,0x96,0x81},
        {0xD8,0x48,0xC9,0x8C,0xD3,0xFA,0x1E,0x9B,0x78,0x5C,0xC0,0x54,0x36,0x7C,0xD9,0x90,0x53,0x98,0x16,0x88,0x26,0x5C,0xAD,0x5F,0x52,0x84,0x63,0x56,0x9C,0x7E,0x85,0x77},
    },
    {
        UINT32_C(57978),
        UINT64_C(0xD5208889F9818911),
        UINT32_C(148),
        UINT32_C(228),
        {0x19,0xFB,0x78,0x43,0xB0,0xA2,0x57,0xF4,0x6C,0x49,0x43,0xDF,0xAA,0x08,0x04,0xC7,0x79,0x8C,0x68,0xD9,0x21,0x41,0x90,0xBA,0xE8,0x69,0xDB,0x4A,0x87,0x8A,0x55,0x0A},
        {0xE8,0xF6,0x2B,0xAA,0x23,0xA8,0x0F,0x5A,0x8C,0xE9,0xA9,0x83,0x08,0x16,0x6F,0xA1,0x1F,0x38,0x22,0x2C,0xF4,0x70,0x14,0x5C,0xAE,0x8C,0x8C,0x56,0x88,0x9E,0xC5,0x6B},
    },
    {
        UINT32_C(58080),
        UINT64_C(0x99BC9687E9DBAD19),
        UINT32_C(148),
        UINT32_C(228),
        {0xF4,0x4B,0xE7,0xF7,0xBA,0x69,0x9B,0xFC,0x1C,0xE4,0x48,0x7F,0x22,0xD7,0x69,0xB3,0xA2,0xE0,0x4A,0x15,0x0D,0x6C,0xF0,0x12,0x7A,0x90,0xC4,0xAA,0x1A,0xDD,0x92,0xBB},
        {0x2B,0x98,0xEC,0x97,0x13,0xEC,0x90,0x2E,0x1C,0x6B,0x1C,0x8C,0x51,0x85,0x3A,0xF9,0xC4,0x40,0x68,0xE2,0x16,0x89,0x81,0x8E,0xD7,0x4E,0xF0,0xFD,0xFA,0xC7,0x37,0xE9},
    },
    {
        UINT32_C(58524),
        UINT64_C(0x87178037862879EB),
        UINT32_C(148),
        UINT32_C(228),
        {0x3E,0x7C,0xAB,0xAA,0x08,0x27,0x6B,0x84,0x9A,0xA2,0xE0,0xD9,0xF7,0x86,0x97,0x45,0x78,0x3A,0x80,0x34,0xC7,0xF4,0xAC,0x9F,0x34,0x50,0xD1,0x5A,0xB8,0x7D,0x9B,0x32},
        {0xDD,0x49,0x6C,0xFC,0x87,0xD5,0x1A,0xB6,0xBA,0x20,0x92,0xB1,0xC3,0x28,0xD9,0x25,0x91,0xC4,0x26,0xF5,0x37,0xE1,0xAE,0x8B,0x1B,0xAE,0x80,0xC2,0xA2,0x63,0xA2,0x59},
    },
    {
        UINT32_C(58898),
        UINT64_C(0xFFA70CB329A096B1),
        UINT32_C(569),
        UINT32_C(240),
        {0x8D,0xB5,0x84,0x0C,0x05,0x10,0x37,0x6A,0xD8,0x09,0x81,0x51,0x9C,0x84,0x3B,0x8C,0xC0,0xCB,0xB1,0x49,0xEC,0x0C,0xF6,0x20,0x43,0xF2,0x39,0x81,0xAF,0x94,0x71,0x10},
        {0xE2,0x81,0xBA,0xFA,0x42,0xF9,0x2E,0x3A,0xB2,0x89,0xD5,0xA9,0x8B,0x5A,0x7A,0x4F,0xDB,0xF1,0xCC,0xD7,0x57,0xA0,0x28,0x24,0x39,0x7C,0x11,0x88,0x3C,0x44,0x51,0x93},
    },
    {
        UINT32_C(59036),
        UINT64_C(0x54871295F7DEB6AE),
        UINT32_C(148),
        UINT32_C(228),
        {0xC5,0x8A,0x84,0x70,0x34,0x3A,0xFE,0xE8,0xD3,0x41,0xE7,0x82,0x60,0x92,0x1C,0x76,0x80,0x9E,0xB8,0x4E,0x18,0xF9,0xFC,0x98,0x74,0x12,0xE0,0x60,0xAA,0x8F,0x38,0x3D},
        {0x16,0xEB,0xCA,0x25,0xD3,0xAF,0xF3,0xF8,0x44,0x2A,0x47,0x63,0x41,0xB3,0x30,0xD4,0x0C,0xE4,0xF3,0x1B,0x42,0x44,0x9A,0x9F,0x8B,0x95,0xAC,0x50,0x90,0x1A,0x46,0x49},
    },
    {
        UINT32_C(59594),
        UINT64_C(0x379C75630B39F394),
        UINT32_C(1024),
        UINT32_C(600),
        {0xBE,0xCD,0xF6,0xF8,0xA2,0x8F,0xB3,0xEC,0x0E,0x2E,0x8D,0xAB,0x61,0x14,0x41,0xF3,0xBB,0xFC,0x36,0xD5,0xC5,0x1E,0xC5,0xB0,0x69,0x8A,0xF0,0xA5,0xE2,0xAC,0x89,0x1A},
        {0xE5,0x9B,0x1E,0x51,0xFC,0x88,0xAB,0x25,0x20,0x33,0x97,0x77,0xB2,0x60,0x60,0x1D,0xBE,0xF5,0x41,0x22,0xF7,0xA8,0x3F,0x6E,0x5F,0x29,0xEE,0x6F,0xB5,0x3E,0x07,0x23},
    },
    {
        UINT32_C(60122),
        UINT64_C(0x21C6EE89BC4F622D),
        UINT32_C(569),
        UINT32_C(240),
        {0x20,0xAC,0xA7,0xED,0xF2,0x33,0xC4,0xE0,0x62,0xED,0x83,0xDF,0xEF,0x74,0x7A,0xA0,0xA6,0x16,0x58,0x81,0x82,0x27,0x45,0x74,0xC0,0xFC,0x7C,0x67,0x82,0x97,0xCC,0x3F},
        {0xEC,0x19,0x43,0x24,0x00,0xC1,0x8B,0xE7,0x51,0x5B,0x40,0x97,0xAD,0x71,0x0E,0xFE,0x15,0xC5,0x6E,0xB9,0x7C,0xBA,0x8C,0xFC,0xC7,0xB7,0x4D,0x29,0x40,0x0B,0x4A,0xBC},
    },
    {
        UINT32_C(62156),
        UINT64_C(0xAC0264FB8FB50CB5),
        UINT32_C(800),
        UINT32_C(600),
        {0xAB,0xFC,0xA8,0x99,0x75,0x35,0x80,0xBE,0xA1,0xC9,0x5B,0x47,0x39,0x50,0x57,0xE1,0xB3,0xB8,0x09,0xAA,0x07,0x4F,0x0D,0xA5,0x9F,0x77,0x28,0x0B,0xBF,0x2C,0xF9,0xE8},
        {0xF6,0x9E,0x11,0x8E,0x7C,0x73,0x65,0xE3,0x5E,0xEF,0xD8,0x99,0xB0,0x5C,0xF4,0x48,0x09,0xB6,0xFA,0x4C,0x3E,0xC8,0x5A,0x60,0x8A,0x4F,0x3C,0xDC,0xFF,0xF8,0x18,0x2B},
    },
    {
        UINT32_C(62644),
        UINT64_C(0x27807F2EA0A2FB05),
        UINT32_C(430),
        UINT32_C(330),
        {0xD9,0xAA,0x1D,0xEF,0x03,0xEA,0x68,0xB6,0x10,0x9B,0xEB,0x55,0x75,0xB7,0x04,0x74,0xEC,0x51,0x85,0x29,0xCD,0x5C,0x07,0x8E,0xAC,0xC9,0x99,0x99,0x0E,0x3A,0xC4,0xBC},
        {0x6F,0x0E,0xE2,0xBA,0x55,0xBC,0x9B,0xFE,0x8E,0xB0,0x5F,0xDA,0x2C,0x91,0xFE,0x3E,0x01,0x04,0x30,0x20,0xD3,0x19,0xD9,0x26,0x88,0xDA,0xA8,0xCD,0xE2,0xBF,0xE1,0xCF},
    },
    {
        UINT32_C(63978),
        UINT64_C(0x9B8DEC847ACEEDB5),
        UINT32_C(1024),
        UINT32_C(600),
        {0x14,0x17,0x58,0x35,0xCC,0x8D,0xAF,0x4B,0x13,0x48,0x34,0xF2,0x9F,0x04,0xBF,0x2F,0xB2,0xCB,0x34,0xD0,0x71,0xCE,0xF9,0x1D,0xBB,0x82,0x32,0xD4,0x5E,0xB9,0xFF,0x9A},
        {0x81,0x0A,0xBC,0x25,0x0F,0xB9,0xB6,0x97,0x79,0x37,0xE1,0x7F,0xD7,0x99,0x11,0x3D,0x44,0x76,0x80,0xBD,0x79,0xE5,0x2F,0x1B,0xF0,0xEB,0xE9,0x36,0x50,0xCF,0xFD,0x24},
    },
    {
        UINT32_C(64808),
        UINT64_C(0x04C84C86E01599EF),
        UINT32_C(1024),
        UINT32_C(600),
        {0xBE,0xCD,0xF6,0xF8,0xA2,0x8F,0xB3,0xEC,0x0E,0x2E,0x8D,0xAB,0x61,0x14,0x41,0xF3,0xBB,0xFC,0x36,0xD5,0xC5,0x1E,0xC5,0xB0,0x69,0x8A,0xF0,0xA5,0xE2,0xAC,0x89,0x1A},
        {0xE5,0x9B,0x1E,0x51,0xFC,0x88,0xAB,0x25,0x20,0x33,0x97,0x77,0xB2,0x60,0x60,0x1D,0xBE,0xF5,0x41,0x22,0xF7,0xA8,0x3F,0x6E,0x5F,0x29,0xEE,0x6F,0xB5,0x3E,0x07,0x23},
    },
    {
        UINT32_C(65992),
        UINT64_C(0x8A9883848E34CD96),
        UINT32_C(1000),
        UINT32_C(300),
        {0xB7,0xF5,0xAE,0x9B,0x3D,0x78,0x36,0x38,0x1F,0x0F,0x3F,0xF5,0xC0,0x66,0x5A,0x81,0xB7,0xB4,0x3E,0x28,0xAD,0x89,0xD4,0x47,0x17,0xE8,0xB1,0x34,0x39,0x9B,0x29,0x68},
        {0x13,0x85,0x55,0xD0,0x62,0xF3,0x3D,0x4E,0x6D,0x5B,0x93,0x26,0x48,0xD4,0x24,0xE6,0x9F,0xDA,0x28,0xB6,0xE0,0x94,0xD7,0xEA,0x43,0xC5,0x5B,0xF1,0x36,0xE7,0x7B,0xD0},
    },
    {
        UINT32_C(68056),
        UINT64_C(0xD80768F6C9351260),
        UINT32_C(1024),
        UINT32_C(600),
        {0x7D,0x58,0xDD,0x84,0x05,0xAF,0xB8,0x0B,0xC9,0x2E,0x9A,0x69,0xF5,0x59,0xAC,0x60,0x2C,0x8E,0x54,0x93,0x58,0xE7,0x9A,0xB3,0xC0,0x41,0x39,0xFD,0xB2,0x4E,0x3A,0xC0},
        {0x5A,0x7C,0x83,0xBC,0x8F,0x24,0x9F,0xB9,0xE9,0x29,0x3A,0xB1,0x88,0x4F,0xB5,0xD6,0x1A,0x0F,0xAB,0xAA,0x94,0x6F,0x7A,0xD1,0xAC,0xBA,0x78,0x67,0x84,0x7C,0x71,0x90},
    },
    {
        UINT32_C(68646),
        UINT64_C(0x8A2F5C7F40474639),
        UINT32_C(1024),
        UINT32_C(600),
        {0x14,0x17,0x58,0x35,0xCC,0x8D,0xAF,0x4B,0x13,0x48,0x34,0xF2,0x9F,0x04,0xBF,0x2F,0xB2,0xCB,0x34,0xD0,0x71,0xCE,0xF9,0x1D,0xBB,0x82,0x32,0xD4,0x5E,0xB9,0xFF,0x9A},
        {0x81,0x0A,0xBC,0x25,0x0F,0xB9,0xB6,0x97,0x79,0x37,0xE1,0x7F,0xD7,0x99,0x11,0x3D,0x44,0x76,0x80,0xBD,0x79,0xE5,0x2F,0x1B,0xF0,0xEB,0xE9,0x36,0x50,0xCF,0xFD,0x24},
    },
    {
        UINT32_C(71234),
        UINT64_C(0x2DB560618F445F37),
        UINT32_C(1024),
        UINT32_C(600),
        {0x7D,0x58,0xDD,0x84,0x05,0xAF,0xB8,0x0B,0xC9,0x2E,0x9A,0x69,0xF5,0x59,0xAC,0x60,0x2C,0x8E,0x54,0x93,0x58,0xE7,0x9A,0xB3,0xC0,0x41,0x39,0xFD,0xB2,0x4E,0x3A,0xC0},
        {0x5A,0x7C,0x83,0xBC,0x8F,0x24,0x9F,0xB9,0xE9,0x29,0x3A,0xB1,0x88,0x4F,0xB5,0xD6,0x1A,0x0F,0xAB,0xAA,0x94,0x6F,0x7A,0xD1,0xAC,0xBA,0x78,0x67,0x84,0x7C,0x71,0x90},
    },
    {
        UINT32_C(77374),
        UINT64_C(0x21746A9534D06EE3),
        UINT32_C(1280),
        UINT32_C(750),
        {0x6E,0x48,0x86,0x2F,0x03,0xA1,0x6E,0xB8,0x69,0xA6,0xA6,0xD1,0x6E,0x33,0x1C,0xF1,0x79,0x95,0x93,0x0A,0x19,0x3A,0x02,0x39,0xFE,0xB7,0x25,0xA7,0xED,0x9F,0x37,0x61},
        {0xBA,0x09,0x5C,0xC6,0x08,0x95,0x53,0xF9,0x96,0x44,0x84,0xC6,0x91,0x5D,0x9B,0x1F,0x16,0x9B,0xED,0xB9,0xD3,0xA2,0x4F,0x4B,0x08,0x14,0x41,0x52,0x95,0x97,0x8E,0x91},
    },
    {
        UINT32_C(78396),
        UINT64_C(0x39E281B934D1660E),
        UINT32_C(430),
        UINT32_C(330),
        {0xA2,0x12,0x01,0x0F,0xD2,0xF0,0x5E,0xB8,0xB5,0xD3,0x3F,0xC7,0x90,0x3C,0x23,0x8B,0x01,0xE6,0x50,0xEA,0x6F,0xA8,0xED,0x39,0x97,0xA4,0x0E,0x6D,0x0A,0x57,0x90,0x95},
        {0xD0,0x72,0xCC,0x9E,0x98,0x31,0x32,0x63,0x4A,0xF1,0x95,0xB6,0x84,0x0A,0x7D,0xAE,0x75,0xCE,0x8A,0x22,0x8B,0xB1,0x6A,0x81,0x56,0xD4,0xE2,0x8C,0x53,0xFE,0xDD,0x3A},
    },
    {
        UINT32_C(79148),
        UINT64_C(0x7E804EA998E303BC),
        UINT32_C(1024),
        UINT32_C(600),
        {0x91,0x7A,0x85,0x80,0x99,0x8D,0x43,0x53,0xDA,0xC9,0xD4,0xCE,0xDF,0xFE,0x81,0xBC,0x8F,0xB4,0xC2,0x93,0xD6,0xFC,0x99,0x44,0x2E,0xBE,0xB8,0x13,0xA1,0x70,0xDB,0xFD},
        {0xD7,0x09,0x0E,0x46,0x3D,0x24,0x30,0xBE,0x7C,0x93,0x0D,0xCD,0x37,0x73,0xD0,0xD5,0x86,0x02,0x91,0x33,0xAE,0x25,0xAE,0x77,0x2C,0x06,0x6F,0xFF,0xE8,0xF7,0x2F,0x79},
    },
    {
        UINT32_C(80776),
        UINT64_C(0xD94047FAAD2CA92D),
        UINT32_C(569),
        UINT32_C(240),
        {0x1A,0xC1,0x45,0x9A,0xD2,0xCC,0x3F,0xBC,0x41,0x01,0x74,0x7F,0x05,0xCF,0xB1,0x18,0x1E,0xBC,0xC4,0xA6,0xCB,0x3A,0x16,0x8F,0xAF,0xD4,0xBD,0x86,0x09,0x1B,0xAD,0xD8},
        {0x2A,0x4D,0xB8,0x96,0x2A,0xAF,0x1E,0x7F,0x7D,0xCC,0xE5,0x7C,0x70,0x9C,0x6E,0xED,0x93,0xEF,0xFA,0x34,0xD7,0x22,0x3E,0x0F,0xA5,0xD4,0x0B,0x31,0x74,0xEF,0xE3,0xD6},
    },
    {
        UINT32_C(83606),
        UINT64_C(0x2D47AFF7E98A5BD3),
        UINT32_C(430),
        UINT32_C(330),
        {0x5D,0x34,0x3A,0xF4,0x50,0xB7,0x14,0xFF,0xC4,0xB7,0x0C,0x0A,0x46,0x88,0x26,0x5F,0x80,0x93,0x4E,0xBD,0x8F,0xF7,0x4D,0x5A,0xB3,0x35,0x13,0x69,0x1B,0x17,0xB7,0x40},
        {0x99,0xFA,0x0D,0x57,0x2C,0x4E,0x82,0xD2,0x78,0x49,0xC5,0x1B,0x83,0x16,0x2B,0x37,0x2C,0xEF,0x18,0xE8,0x62,0x10,0x5E,0xD5,0xE9,0xC8,0xFC,0x6D,0xBF,0xDD,0xA7,0x6A},
    },
    {
        UINT32_C(86000),
        UINT64_C(0x61B6BE009172AFA2),
        UINT32_C(1024),
        UINT32_C(600),
        {0x91,0x7A,0x85,0x80,0x99,0x8D,0x43,0x53,0xDA,0xC9,0xD4,0xCE,0xDF,0xFE,0x81,0xBC,0x8F,0xB4,0xC2,0x93,0xD6,0xFC,0x99,0x44,0x2E,0xBE,0xB8,0x13,0xA1,0x70,0xDB,0xFD},
        {0xD7,0x09,0x0E,0x46,0x3D,0x24,0x30,0xBE,0x7C,0x93,0x0D,0xCD,0x37,0x73,0xD0,0xD5,0x86,0x02,0x91,0x33,0xAE,0x25,0xAE,0x77,0x2C,0x06,0x6F,0xFF,0xE8,0xF7,0x2F,0x79},
    },
    {
        UINT32_C(86820),
        UINT64_C(0xF0C5F04B9236F466),
        UINT32_C(430),
        UINT32_C(330),
        {0x0E,0x0E,0x56,0x22,0x22,0xB5,0xFA,0x01,0x54,0xE9,0xDD,0x03,0x48,0xD5,0x52,0x4F,0xE6,0xA1,0xC0,0x8F,0xBE,0x9B,0x09,0x8C,0xE9,0xB3,0x33,0x27,0x5C,0x98,0x47,0xEE},
        {0xB5,0x2B,0xB9,0xB6,0x6F,0x46,0xD3,0x65,0x62,0x7E,0x74,0xFC,0xDE,0xF3,0xDD,0x6C,0x4D,0x0C,0xBC,0x6F,0x66,0x39,0xE2,0x3B,0x6F,0xC6,0x02,0x77,0xBC,0x50,0x1E,0x58},
    },
    {
        UINT32_C(87860),
        UINT64_C(0xBB704BD507298EB4),
        UINT32_C(570),
        UINT32_C(262),
        {0xB8,0x46,0x41,0x1E,0xEE,0x22,0x39,0xD7,0xB3,0xE7,0x9F,0x31,0x51,0x34,0x20,0x07,0xB7,0x58,0x6E,0xE1,0x26,0x5F,0x01,0x34,0x01,0x38,0x56,0x71,0xEE,0xDC,0x2C,0xFF},
        {0xDE,0xC2,0xA7,0xA8,0x9A,0xE3,0x1A,0x40,0x9E,0x27,0x21,0x3C,0x59,0xB9,0x3F,0x5E,0xDB,0xCF,0x0C,0x39,0x76,0xDF,0x75,0x0D,0xCE,0x33,0x7D,0x78,0x4F,0xBD,0x27,0xCB},
    },
    {
        UINT32_C(88888),
        UINT64_C(0x538B79C21532909B),
        UINT32_C(569),
        UINT32_C(240),
        {0x8D,0xB5,0x84,0x0C,0x05,0x10,0x37,0x6A,0xD8,0x09,0x81,0x51,0x9C,0x84,0x3B,0x8C,0xC0,0xCB,0xB1,0x49,0xEC,0x0C,0xF6,0x20,0x43,0xF2,0x39,0x81,0xAF,0x94,0x71,0x10},
        {0xE2,0x81,0xBA,0xFA,0x42,0xF9,0x2E,0x3A,0xB2,0x89,0xD5,0xA9,0x8B,0x5A,0x7A,0x4F,0xDB,0xF1,0xCC,0xD7,0x57,0xA0,0x28,0x24,0x39,0x7C,0x11,0x88,0x3C,0x44,0x51,0x93},
    },
    {
        UINT32_C(89614),
        UINT64_C(0xAB7CC462458669E8),
        UINT32_C(569),
        UINT32_C(240),
        {0xED,0x7F,0x1C,0x99,0x7E,0x94,0x2B,0x77,0xC2,0xCB,0x7B,0x97,0xB8,0x62,0x0E,0x43,0x2C,0x38,0x8D,0x96,0x5F,0x3D,0xA6,0x3D,0x86,0x09,0x50,0x21,0x35,0x89,0x16,0xDA},
        {0x23,0x01,0xEC,0xA0,0x2F,0x51,0x9A,0x29,0xC4,0x80,0xA3,0x2E,0x53,0x3B,0x20,0x8E,0x69,0x9E,0xFD,0x15,0x6C,0xA7,0xAB,0x52,0x93,0xF7,0x95,0x7A,0xF2,0xE6,0x10,0xB0},
    },
    {
        UINT32_C(91022),
        UINT64_C(0x7263496A164F6110),
        UINT32_C(569),
        UINT32_C(240),
        {0x35,0x79,0xBB,0xD2,0x7F,0x86,0xBC,0x5F,0x90,0xF0,0x62,0x97,0x8C,0x9C,0xE8,0x98,0x48,0xE6,0x09,0x6D,0x34,0x4D,0x89,0xC8,0xC8,0x17,0xF1,0xCA,0x91,0x1A,0x65,0xAD},
        {0x80,0x98,0xB9,0xFD,0x2C,0x84,0xCA,0x59,0xD4,0x87,0x90,0x41,0xFE,0xF9,0x1C,0x8D,0xB4,0x76,0x8D,0x03,0x93,0xE2,0x7D,0x26,0x20,0x2D,0xD7,0xBE,0xD8,0x4A,0x9A,0xA4},
    },
    {
        UINT32_C(91750),
        UINT64_C(0xE30E51BD544C4754),
        UINT32_C(1086),
        UINT32_C(507),
        {0x99,0xBF,0xA1,0x66,0x04,0x06,0xBD,0x0D,0xFA,0x21,0xBB,0x00,0x75,0x2A,0x19,0x8E,0x00,0xB9,0x69,0x91,0x62,0xF0,0xEF,0xE8,0x10,0x5C,0xC0,0x45,0x45,0xC3,0xDF,0x79},
        {0x5A,0x22,0xC3,0xE1,0x6F,0x8A,0x00,0x28,0xBE,0x1C,0xB9,0x3C,0x0C,0x98,0x24,0xE7,0xD5,0x46,0x69,0x48,0x53,0xBF,0x0B,0x68,0x35,0xBC,0x40,0x97,0xDC,0xE5,0xBD,0x8E},
    },
    {
        UINT32_C(91762),
        UINT64_C(0xDB120CA7CD4666F6),
        UINT32_C(1086),
        UINT32_C(507),
        {0x57,0x56,0x2C,0x09,0x6F,0x90,0x9F,0xBB,0x07,0x6B,0x49,0x33,0x54,0x6C,0x4E,0x4B,0x00,0x10,0x87,0x82,0xFE,0xAE,0x56,0x25,0xCD,0x79,0x69,0x80,0xEF,0xF5,0xFC,0x1E},
        {0x1A,0x3B,0x2E,0xA9,0x29,0x66,0xC4,0x9B,0xA3,0x32,0x57,0x39,0x4A,0xA9,0x05,0xC7,0x4A,0x8E,0x3D,0x4D,0xB2,0x50,0x19,0x13,0x5C,0xC5,0x86,0x25,0x75,0xBC,0x69,0x64},
    },
    {
        UINT32_C(94842),
        UINT64_C(0xEC1927B40730F17F),
        UINT32_C(570),
        UINT32_C(262),
        {0x7A,0x21,0x1B,0xC6,0x52,0x07,0x81,0x03,0xF2,0xCD,0xEC,0x60,0x36,0x2E,0xD1,0xEC,0x08,0xAB,0x61,0xA4,0xEC,0xA9,0x52,0x74,0x0E,0x49,0x26,0x02,0xF3,0x17,0xAC,0x8F},
        {0x3D,0xBC,0x3A,0x7D,0x60,0x8C,0xF7,0x0D,0xDC,0xFA,0xF8,0xA8,0xF7,0x72,0xF3,0x49,0xFF,0x05,0x4C,0xD2,0x8F,0xA3,0x3A,0xB4,0xD8,0xA5,0x9C,0xF8,0x6E,0x4A,0xF2,0x04},
    },
    {
        UINT32_C(96334),
        UINT64_C(0x82ECB483065DC8BC),
        UINT32_C(570),
        UINT32_C(262),
        {0x7A,0x21,0x1B,0xC6,0x52,0x07,0x81,0x03,0xF2,0xCD,0xEC,0x60,0x36,0x2E,0xD1,0xEC,0x08,0xAB,0x61,0xA4,0xEC,0xA9,0x52,0x74,0x0E,0x49,0x26,0x02,0xF3,0x17,0xAC,0x8F},
        {0x3D,0xBC,0x3A,0x7D,0x60,0x8C,0xF7,0x0D,0xDC,0xFA,0xF8,0xA8,0xF7,0x72,0xF3,0x49,0xFF,0x05,0x4C,0xD2,0x8F,0xA3,0x3A,0xB4,0xD8,0xA5,0x9C,0xF8,0x6E,0x4A,0xF2,0x04},
    },
    {
        UINT32_C(100136),
        UINT64_C(0x44850EF199CD2558),
        UINT32_C(430),
        UINT32_C(330),
        {0xFE,0xDD,0x0E,0x66,0xC7,0xA4,0xFB,0x3D,0xDD,0x0E,0x07,0xA0,0x3C,0xBB,0x3C,0xDF,0x4D,0xE1,0x6F,0xFF,0xE1,0x81,0xED,0xCB,0x41,0x61,0x79,0xA6,0x65,0x35,0xB4,0xFC},
        {0x6D,0xC4,0x39,0x0A,0xE8,0x24,0x27,0x7A,0x2F,0x1A,0xEF,0x84,0xAE,0x21,0xFF,0x49,0xFF,0x55,0xD8,0x08,0xA7,0x38,0xE3,0x41,0x9A,0x52,0xFC,0xF5,0x66,0xFE,0xF5,0x36},
    },
    {
        UINT32_C(101980),
        UINT64_C(0xCA269F5FA246F17A),
        UINT32_C(1280),
        UINT32_C(750),
        {0x51,0x18,0x0F,0x89,0x77,0x7B,0xE7,0x1C,0xA9,0x5D,0x54,0x4B,0xC6,0xCA,0x8A,0x68,0x8C,0xF7,0x6E,0x6B,0x41,0xBD,0xC7,0xF7,0xB5,0x5D,0x48,0x49,0x88,0x30,0xC8,0xCF},
        {0x00,0x28,0x15,0x6F,0xE2,0x40,0x7C,0x4A,0xB6,0x0A,0x10,0x49,0x5F,0x3C,0x18,0x65,0x98,0xC5,0xF4,0x2A,0xF2,0x76,0x5C,0x3D,0xB7,0xD3,0xDE,0x9F,0x17,0xB2,0x3A,0xC9},
    },
    {
        UINT32_C(103220),
        UINT64_C(0x47FBF528C4906E58),
        UINT32_C(570),
        UINT32_C(262),
        {0x66,0x2B,0x06,0x26,0x1E,0x8F,0x68,0xCB,0x51,0xE5,0xBF,0x0A,0x71,0xF4,0x65,0xDD,0x0A,0x13,0xEF,0x18,0x59,0xEE,0xC7,0x3D,0x41,0x0B,0xD1,0x54,0xB6,0x38,0x6A,0xEC},
        {0xAF,0xE2,0x78,0x2B,0xAC,0xEA,0x83,0x03,0x4A,0xB0,0x85,0x57,0x88,0xD5,0xAB,0x71,0x46,0x51,0xA8,0x4E,0xD5,0xA1,0x5A,0xC3,0x18,0xA8,0x4F,0x9A,0x15,0xB6,0x39,0x11},
    },
    {
        UINT32_C(103662),
        UINT64_C(0xF7BC3D37AE967A5A),
        UINT32_C(1024),
        UINT32_C(600),
        {0x93,0x56,0x32,0x35,0x4A,0xA2,0xCB,0xE4,0x8C,0xF7,0x4A,0x9B,0x94,0x70,0xCD,0x6E,0xE9,0x1D,0x84,0x45,0x42,0x85,0xB1,0x23,0x47,0xFF,0xF6,0x30,0xC3,0x17,0xB7,0xD1},
        {0x11,0xD1,0xCC,0x92,0x84,0xEC,0x88,0xF4,0x9D,0x88,0x92,0xD9,0xBE,0xBD,0x5D,0xA6,0x32,0xB4,0x62,0x2F,0xC3,0x1C,0x74,0x42,0x49,0x5B,0xC0,0x9F,0x32,0x7A,0xCC,0x3A},
    },
    {
        UINT32_C(104642),
        UINT64_C(0x4BCBA920886221DC),
        UINT32_C(1024),
        UINT32_C(600),
        {0xBF,0xB9,0xD7,0x87,0x1D,0x44,0x54,0xB7,0x80,0x60,0x58,0x6F,0x2F,0x7B,0x0C,0xC4,0x5F,0x4A,0x43,0xF5,0x50,0x87,0x07,0xBD,0x8E,0x0D,0x84,0xE2,0x96,0x22,0x82,0xCF},
        {0x9E,0xF7,0x7F,0x5E,0xF4,0x4B,0x9E,0xBB,0x4E,0xC2,0x6F,0x84,0x4C,0xFF,0x79,0x0E,0xD9,0x57,0xC2,0x04,0x71,0x5C,0x21,0xF9,0x4F,0x6B,0x6C,0x2A,0xD9,0x41,0x41,0x2B},
    },
    {
        UINT32_C(105330),
        UINT64_C(0x52044570BA345FA2),
        UINT32_C(569),
        UINT32_C(240),
        {0x20,0xAC,0xA7,0xED,0xF2,0x33,0xC4,0xE0,0x62,0xED,0x83,0xDF,0xEF,0x74,0x7A,0xA0,0xA6,0x16,0x58,0x81,0x82,0x27,0x45,0x74,0xC0,0xFC,0x7C,0x67,0x82,0x97,0xCC,0x3F},
        {0xEC,0x19,0x43,0x24,0x00,0xC1,0x8B,0xE7,0x51,0x5B,0x40,0x97,0xAD,0x71,0x0E,0xFE,0x15,0xC5,0x6E,0xB9,0x7C,0xBA,0x8C,0xFC,0xC7,0xB7,0x4D,0x29,0x40,0x0B,0x4A,0xBC},
    },
    {
        UINT32_C(106756),
        UINT64_C(0x91F3B0028A382460),
        UINT32_C(1024),
        UINT32_C(600),
        {0x7F,0x02,0x14,0x87,0x1E,0x33,0xF6,0x8B,0x83,0x84,0xC8,0xF3,0x8C,0xC1,0x5F,0x1F,0x0E,0xDD,0x70,0x7E,0xE8,0xFC,0xCB,0xD1,0x2B,0xFA,0x62,0xA7,0x19,0x77,0x85,0x64},
        {0x3E,0xCE,0xBD,0x90,0x59,0x4F,0xBB,0xC0,0xF2,0xAC,0x01,0xBE,0xF8,0x02,0xC5,0x3A,0x5D,0xBD,0x6F,0x08,0xCE,0x0B,0x06,0x33,0xE9,0xD5,0x46,0xDE,0x35,0xB8,0x32,0xCE},
    },
    {
        UINT32_C(107206),
        UINT64_C(0xF4CD0FE986E97AA4),
        UINT32_C(1024),
        UINT32_C(600),
        {0x93,0x56,0x32,0x35,0x4A,0xA2,0xCB,0xE4,0x8C,0xF7,0x4A,0x9B,0x94,0x70,0xCD,0x6E,0xE9,0x1D,0x84,0x45,0x42,0x85,0xB1,0x23,0x47,0xFF,0xF6,0x30,0xC3,0x17,0xB7,0xD1},
        {0x11,0xD1,0xCC,0x92,0x84,0xEC,0x88,0xF4,0x9D,0x88,0x92,0xD9,0xBE,0xBD,0x5D,0xA6,0x32,0xB4,0x62,0x2F,0xC3,0x1C,0x74,0x42,0x49,0x5B,0xC0,0x9F,0x32,0x7A,0xCC,0x3A},
    },
    {
        UINT32_C(108288),
        UINT64_C(0xE462A501D12AE5E8),
        UINT32_C(1024),
        UINT32_C(600),
        {0xBF,0xB9,0xD7,0x87,0x1D,0x44,0x54,0xB7,0x80,0x60,0x58,0x6F,0x2F,0x7B,0x0C,0xC4,0x5F,0x4A,0x43,0xF5,0x50,0x87,0x07,0xBD,0x8E,0x0D,0x84,0xE2,0x96,0x22,0x82,0xCF},
        {0x9E,0xF7,0x7F,0x5E,0xF4,0x4B,0x9E,0xBB,0x4E,0xC2,0x6F,0x84,0x4C,0xFF,0x79,0x0E,0xD9,0x57,0xC2,0x04,0x71,0x5C,0x21,0xF9,0x4F,0x6B,0x6C,0x2A,0xD9,0x41,0x41,0x2B},
    },
    {
        UINT32_C(109370),
        UINT64_C(0xC0EA956F3EF56DCD),
        UINT32_C(1024),
        UINT32_C(600),
        {0x95,0xB2,0x46,0x6B,0x9E,0x16,0x09,0x80,0xBC,0xC7,0x1B,0x33,0x2A,0x4D,0xA9,0x89,0xE9,0xB1,0xDF,0xA3,0x59,0x9D,0x13,0xF0,0xA5,0xFA,0xEA,0x06,0x87,0xB9,0x45,0xA5},
        {0xB8,0x84,0x3D,0x2C,0xD3,0x9A,0x63,0x99,0x28,0x6B,0x36,0xD7,0xF5,0x4B,0x8D,0x3D,0xFE,0x5E,0xFD,0xBF,0xA4,0xD3,0xF1,0xF3,0x38,0x0F,0x16,0xAF,0x43,0x1D,0x66,0x4C},
    },
    {
        UINT32_C(109828),
        UINT64_C(0xDF2434DF1732C086),
        UINT32_C(570),
        UINT32_C(262),
        {0xF6,0x44,0x3A,0xDE,0x17,0x5C,0xDB,0x8D,0x3D,0xE2,0x86,0x35,0x9C,0xFE,0x5D,0x02,0xEB,0x78,0xAD,0x6B,0x9E,0xE9,0x0F,0xE7,0x2A,0xF9,0x92,0x30,0x5D,0xD7,0x65,0x62},
        {0xF6,0x46,0x62,0x43,0x6E,0x7F,0xE0,0xB4,0x1F,0xB9,0x31,0x14,0x94,0x73,0x5E,0x65,0xF0,0xE7,0x88,0x14,0xD4,0x46,0x26,0x02,0xA6,0x0E,0xA2,0x06,0x6A,0x48,0x43,0x32},
    },
    {
        UINT32_C(111522),
        UINT64_C(0x53C38CC1D5D5E343),
        UINT32_C(570),
        UINT32_C(262),
        {0x91,0xD0,0x8A,0x00,0x9D,0x48,0x46,0x1A,0x87,0x4A,0x3C,0x26,0xF4,0x3E,0x72,0x0F,0x09,0xEC,0x1C,0xBF,0xB4,0x2B,0xA2,0x8D,0xA7,0xEE,0x6E,0xDC,0xBA,0x21,0x4E,0xEC},
        {0xDC,0x28,0x4B,0x5F,0x34,0x86,0x32,0xA7,0xB8,0x4B,0x66,0xF3,0x81,0xC9,0x87,0x80,0xF9,0x39,0x37,0xDB,0x4F,0x4E,0x52,0xE3,0x2E,0xFC,0x16,0x40,0x06,0x48,0x70,0xCF},
    },
    {
        UINT32_C(112504),
        UINT64_C(0xDCABD476B022625F),
        UINT32_C(1024),
        UINT32_C(600),
        {0x33,0xF8,0x22,0x7E,0xE8,0xFC,0xCC,0x86,0x12,0x77,0x2F,0x09,0x96,0x12,0x86,0xF8,0x0D,0xC7,0x9B,0x34,0xB1,0x68,0x28,0xF1,0xD6,0xCF,0x94,0x91,0x7B,0x3E,0x6C,0xDC},
        {0x7F,0x6E,0xCF,0x15,0xE9,0x85,0x52,0xF2,0xA0,0x42,0x16,0x9A,0xBA,0x21,0x84,0x53,0x0C,0xD4,0x5A,0x97,0xD3,0x14,0xF2,0xCA,0xEA,0x68,0xEE,0x6D,0xDA,0x88,0xD9,0x6A},
    },
    {
        UINT32_C(112722),
        UINT64_C(0x1895F6DD8816B87C),
        UINT32_C(570),
        UINT32_C(262),
        {0xB8,0x46,0x41,0x1E,0xEE,0x22,0x39,0xD7,0xB3,0xE7,0x9F,0x31,0x51,0x34,0x20,0x07,0xB7,0x58,0x6E,0xE1,0x26,0x5F,0x01,0x34,0x01,0x38,0x56,0x71,0xEE,0xDC,0x2C,0xFF},
        {0xDE,0xC2,0xA7,0xA8,0x9A,0xE3,0x1A,0x40,0x9E,0x27,0x21,0x3C,0x59,0xB9,0x3F,0x5E,0xDB,0xCF,0x0C,0x39,0x76,0xDF,0x75,0x0D,0xCE,0x33,0x7D,0x78,0x4F,0xBD,0x27,0xCB},
    },
    {
        UINT32_C(114892),
        UINT64_C(0xE1BDDFDB7856D99B),
        UINT32_C(1024),
        UINT32_C(600),
        {0x6A,0xF6,0xAC,0x1A,0xE3,0x54,0xF2,0x01,0x13,0x13,0xB3,0x7C,0x0D,0xFE,0x0B,0xB0,0x95,0x6B,0x44,0x07,0x71,0x64,0x1D,0xF1,0xCB,0x06,0x5A,0x79,0xFE,0x4B,0x64,0x75},
        {0xB7,0xF9,0x45,0xAB,0xF3,0x37,0x94,0xEB,0x41,0xAB,0x10,0xE7,0xC4,0xAD,0x41,0x86,0xB3,0x83,0xE4,0xC5,0x3D,0xEC,0x25,0x45,0xA7,0x89,0x40,0x27,0x90,0xBF,0x3F,0x1E},
    },
    {
        UINT32_C(115128),
        UINT64_C(0x515A5D4E25D226E2),
        UINT32_C(570),
        UINT32_C(262),
        {0x68,0x43,0x26,0xB1,0xAC,0xCD,0x65,0xFF,0x79,0x6C,0x99,0xEE,0x5C,0x0D,0xA8,0x42,0x33,0x36,0x95,0x54,0x2D,0xAC,0x7F,0x74,0x1B,0x12,0x3B,0x79,0x2A,0x7A,0xE9,0x20},
        {0xCA,0x4C,0xCE,0xE0,0xD3,0xB6,0xFD,0x51,0x94,0xFF,0x33,0x7F,0x15,0x3F,0xB0,0xBB,0x18,0x21,0xF6,0xFF,0xFA,0x72,0xB9,0x9A,0x08,0xB7,0xD8,0xE0,0x67,0x00,0x6C,0xA3},
    },
    {
        UINT32_C(118520),
        UINT64_C(0x86E4D286CDD89236),
        UINT32_C(1024),
        UINT32_C(600),
        {0x95,0xB2,0x46,0x6B,0x9E,0x16,0x09,0x80,0xBC,0xC7,0x1B,0x33,0x2A,0x4D,0xA9,0x89,0xE9,0xB1,0xDF,0xA3,0x59,0x9D,0x13,0xF0,0xA5,0xFA,0xEA,0x06,0x87,0xB9,0x45,0xA5},
        {0xB8,0x84,0x3D,0x2C,0xD3,0x9A,0x63,0x99,0x28,0x6B,0x36,0xD7,0xF5,0x4B,0x8D,0x3D,0xFE,0x5E,0xFD,0xBF,0xA4,0xD3,0xF1,0xF3,0x38,0x0F,0x16,0xAF,0x43,0x1D,0x66,0x4C},
    },
    {
        UINT32_C(118614),
        UINT64_C(0x13C15E811061B694),
        UINT32_C(1024),
        UINT32_C(600),
        {0x4A,0xE7,0xCB,0xB4,0x76,0x0D,0xDA,0xD0,0x36,0xE5,0x4B,0x12,0x99,0x12,0xC2,0x7C,0xEF,0x6C,0x30,0xF4,0x42,0x9C,0x3C,0x66,0x3F,0xC6,0xD0,0xDF,0xA9,0xD6,0x48,0x92},
        {0x9F,0x15,0x62,0xD5,0xF5,0x94,0x38,0x55,0x2E,0x71,0x74,0xFB,0x50,0xD0,0x69,0xF8,0xF4,0xE7,0x68,0x76,0x78,0x26,0x8C,0xAD,0x51,0x50,0xD3,0xA9,0x0B,0x10,0xD9,0x76},
    },
    {
        UINT32_C(119960),
        UINT64_C(0xB6515FAAA799337F),
        UINT32_C(1024),
        UINT32_C(600),
        {0xE1,0x7B,0xD8,0xC4,0xEE,0x06,0xD6,0x84,0x71,0x5B,0x3F,0xD1,0x13,0x6C,0x1F,0x03,0x62,0x20,0xBA,0xED,0xB7,0xCE,0xA8,0x4D,0x41,0xEF,0x8F,0x0B,0xF1,0x61,0xA4,0x0E},
        {0x1E,0x9E,0x6B,0x7D,0x0F,0x26,0x2E,0x90,0xB2,0xEF,0xA9,0x2D,0x6C,0x15,0xDF,0x4F,0x84,0x01,0xBE,0x5A,0xC2,0xFD,0x30,0x46,0xDD,0xFE,0x89,0x57,0x4A,0x91,0x17,0xDC},
    },
    {
        UINT32_C(121396),
        UINT64_C(0xE65F919FC4CC6E32),
        UINT32_C(1024),
        UINT32_C(600),
        {0x4A,0xE7,0xCB,0xB4,0x76,0x0D,0xDA,0xD0,0x36,0xE5,0x4B,0x12,0x99,0x12,0xC2,0x7C,0xEF,0x6C,0x30,0xF4,0x42,0x9C,0x3C,0x66,0x3F,0xC6,0xD0,0xDF,0xA9,0xD6,0x48,0x92},
        {0x9F,0x15,0x62,0xD5,0xF5,0x94,0x38,0x55,0x2E,0x71,0x74,0xFB,0x50,0xD0,0x69,0xF8,0xF4,0xE7,0x68,0x76,0x78,0x26,0x8C,0xAD,0x51,0x50,0xD3,0xA9,0x0B,0x10,0xD9,0x76},
    },
    {
        UINT32_C(123197),
        UINT64_C(0x5F4829579B11A07C),
        UINT32_C(800),
        UINT32_C(600),
        {0x04,0xB1,0xBE,0x8D,0x44,0x04,0xAA,0xD1,0x0C,0x8F,0x64,0xCB,0x23,0x53,0xC5,0xB6,0xD1,0x35,0xCF,0x2B,0x9E,0xB6,0xEB,0x6E,0xD2,0x36,0x1F,0x9B,0x7A,0x68,0x7D,0xAA},
        {0xA8,0xFF,0x90,0x0B,0xF6,0xE7,0xE5,0xCD,0x5F,0x0B,0x49,0x77,0xF7,0x54,0x80,0x57,0x80,0x9D,0xCE,0x67,0xD6,0xA4,0x31,0x94,0x27,0x79,0x95,0x2B,0xC1,0x15,0xD3,0xB2},
    },
    {
        UINT32_C(123898),
        UINT64_C(0xA34E01135A5E4B67),
        UINT32_C(1024),
        UINT32_C(600),
        {0x7F,0x02,0x14,0x87,0x1E,0x33,0xF6,0x8B,0x83,0x84,0xC8,0xF3,0x8C,0xC1,0x5F,0x1F,0x0E,0xDD,0x70,0x7E,0xE8,0xFC,0xCB,0xD1,0x2B,0xFA,0x62,0xA7,0x19,0x77,0x85,0x64},
        {0x3E,0xCE,0xBD,0x90,0x59,0x4F,0xBB,0xC0,0xF2,0xAC,0x01,0xBE,0xF8,0x02,0xC5,0x3A,0x5D,0xBD,0x6F,0x08,0xCE,0x0B,0x06,0x33,0xE9,0xD5,0x46,0xDE,0x35,0xB8,0x32,0xCE},
    },
    {
        UINT32_C(123916),
        UINT64_C(0xE91010165C7667B5),
        UINT32_C(800),
        UINT32_C(600),
        {0xFA,0xC8,0x5B,0xAD,0x4A,0xED,0x0B,0x16,0x45,0x78,0x7C,0xCC,0xE5,0x65,0x12,0x00,0x92,0x8E,0x9E,0x29,0x8E,0x96,0xA7,0x58,0x2F,0x41,0xF6,0xD4,0x8D,0xE4,0x15,0x21},
        {0x82,0x71,0x19,0x3B,0x33,0x47,0x9C,0xCB,0x61,0x4B,0xC7,0x8A,0xC7,0x70,0xA3,0xEE,0x3E,0x4F,0x7C,0xDD,0xDE,0x53,0x2A,0x16,0x1E,0x0C,0x24,0xBE,0x09,0x3B,0xA2,0x5C},
    },
    {
        UINT32_C(124182),
        UINT64_C(0x6C9AD9B168DF03A4),
        UINT32_C(800),
        UINT32_C(600),
        {0x32,0xB6,0xE1,0xA9,0xDD,0xEE,0xE3,0x9A,0x89,0xF2,0xA8,0x67,0xD5,0xFB,0xE5,0x28,0xFC,0x8C,0x05,0xDF,0x64,0x07,0x0C,0xDE,0xDF,0x50,0x41,0xA3,0x20,0x2E,0x00,0x01},
        {0xE0,0x3E,0xBA,0x09,0xBA,0xE3,0xFD,0x50,0x68,0x9C,0xEA,0xBF,0xF2,0x30,0x89,0x2B,0xEF,0x98,0x69,0xDA,0x67,0xB3,0xB8,0xDD,0x78,0x91,0xBC,0x83,0xC7,0xB6,0x2C,0x32},
    },
    {
        UINT32_C(124220),
        UINT64_C(0x9EFC27D8B27A1F57),
        UINT32_C(800),
        UINT32_C(600),
        {0x4A,0x7C,0xAA,0x4A,0x3A,0x14,0x1A,0xA4,0xE4,0x13,0xBD,0x0B,0x99,0x25,0x62,0xE6,0x40,0x5C,0xA9,0x74,0xCC,0x6B,0xAD,0x39,0x0F,0x42,0x00,0x57,0x70,0xA6,0xBF,0x21},
        {0xE0,0xF4,0xA3,0xBA,0x42,0x5E,0x27,0xAA,0xE9,0x6F,0xB8,0x9E,0x63,0x33,0x67,0x14,0x41,0x14,0xD1,0x29,0x2B,0x88,0x25,0x7B,0xC2,0xD7,0x05,0xB4,0xCC,0xDF,0x00,0x48},
    },
    {
        UINT32_C(124429),
        UINT64_C(0x3A02073A5DE72398),
        UINT32_C(800),
        UINT32_C(600),
        {0xB9,0x2A,0x83,0x06,0x8E,0x52,0x69,0xB0,0x1C,0xC4,0xEF,0x1E,0x4E,0x4B,0x8D,0x9D,0xF3,0x8F,0x1F,0xB7,0x40,0xEE,0x2E,0x9C,0xC3,0x27,0xD4,0xED,0xDA,0xF4,0x68,0x55},
        {0x17,0xC1,0x81,0xE3,0xED,0x51,0xB4,0x24,0xC6,0xB0,0x19,0xF0,0xD3,0xFD,0xA4,0x2D,0xB4,0x8B,0x6E,0x18,0x43,0x55,0x10,0x39,0xA9,0x4D,0xC1,0x6C,0x77,0x4C,0x2E,0xE7},
    },
    {
        UINT32_C(124542),
        UINT64_C(0x657D2D93F7AF6CD8),
        UINT32_C(800),
        UINT32_C(600),
        {0x1C,0x35,0xE4,0x3C,0x35,0xE6,0xE8,0x82,0x53,0xD5,0xFA,0x81,0x54,0xE4,0xC0,0x2B,0x0B,0x9A,0x3B,0x3E,0x9C,0x49,0x20,0xDE,0x98,0x2B,0x89,0x30,0x15,0x62,0x82,0x72},
        {0x3D,0x46,0xFC,0x13,0x57,0x81,0x0C,0xC7,0xEA,0xE8,0xBA,0x6A,0x54,0xBA,0xE3,0x8F,0xF5,0xB5,0x71,0xC2,0x22,0x1A,0x29,0x59,0x28,0xFF,0x14,0x07,0x7E,0x57,0x7E,0xD7},
    },
    {
        UINT32_C(124559),
        UINT64_C(0x984471C48DCFDD3C),
        UINT32_C(800),
        UINT32_C(600),
        {0x07,0xDB,0xBF,0x44,0x67,0x22,0x37,0xD9,0xF3,0x35,0x8F,0x5E,0x03,0x2D,0x1A,0xEB,0x4A,0x3B,0x2E,0x7E,0xA6,0x97,0x69,0xD9,0x9D,0x16,0x2B,0x92,0xF6,0xDE,0xF4,0xDA},
        {0x90,0xE9,0x52,0xAF,0xF8,0x8C,0xAE,0x1A,0xA1,0x42,0xCE,0x00,0x0B,0x34,0x61,0x17,0x51,0x1A,0x45,0xFC,0x5C,0xF2,0x7E,0xDC,0xFD,0xDB,0x7D,0xFF,0x1E,0xFF,0x42,0x1B},
    },
    {
        UINT32_C(124580),
        UINT64_C(0xAE6CB200B3428A22),
        UINT32_C(800),
        UINT32_C(600),
        {0xFC,0xA7,0x53,0xB0,0xAD,0x04,0x33,0x44,0x28,0x31,0xF8,0xC3,0x3F,0xBF,0xF0,0xBA,0x35,0x4C,0x02,0xAB,0xEA,0xA5,0xC4,0x62,0x97,0x37,0xC1,0x10,0x40,0x23,0x18,0x24},
        {0x5C,0xA0,0x08,0x49,0xDC,0x7D,0x16,0x00,0x7F,0xA8,0x82,0x72,0x8B,0x3A,0xCC,0xE0,0xD2,0x44,0x56,0xB2,0x5D,0x50,0x93,0x8F,0x5D,0x5A,0xB4,0x4E,0x8F,0x1B,0x21,0x98},
    },
    {
        UINT32_C(124605),
        UINT64_C(0x0AA8E7AE19B59634),
        UINT32_C(800),
        UINT32_C(600),
        {0xDB,0x22,0xA5,0x08,0x33,0xC4,0x25,0x69,0xDF,0xD6,0xBB,0x1A,0x75,0x03,0x0E,0x9F,0xBE,0x4D,0x83,0x04,0x96,0x9C,0x12,0x10,0x6B,0x7B,0xAD,0x41,0x53,0x84,0x58,0x2F},
        {0xE0,0xDD,0xDF,0x4C,0x00,0x8E,0xB2,0x82,0xD0,0xE0,0xEC,0x31,0xA5,0x4F,0xA5,0xE9,0xB7,0x2E,0x1D,0xFE,0x32,0xA9,0xD8,0xD4,0x65,0x4B,0x72,0xE9,0x5C,0x75,0x87,0xC3},
    },
    {
        UINT32_C(124706),
        UINT64_C(0xC021D10CF22EBDD5),
        UINT32_C(800),
        UINT32_C(600),
        {0x44,0x55,0x0E,0x36,0xB7,0x5D,0x41,0x19,0xF2,0xE0,0xA0,0x47,0x0C,0x34,0xC0,0x15,0x8C,0xC9,0xAD,0x63,0xB1,0x36,0x49,0x1B,0x3F,0x8B,0x7A,0x9A,0x5D,0x72,0x24,0xFE},
        {0x9A,0xBF,0x27,0xEE,0x27,0xCA,0x78,0x16,0x24,0xF3,0x99,0x8F,0x43,0xCE,0xAF,0x00,0x91,0x5D,0x7A,0x2E,0x9D,0xB2,0xBB,0x57,0x5F,0x67,0xC3,0x25,0x2D,0x8F,0x8B,0xD1},
    },
    {
        UINT32_C(124933),
        UINT64_C(0x4F4CAB66373A3EF8),
        UINT32_C(800),
        UINT32_C(600),
        {0x22,0xED,0x4F,0xE9,0x8A,0x22,0x68,0xBD,0x23,0xF7,0x98,0xB7,0x28,0x57,0xAE,0x7F,0xB4,0x76,0xA7,0xA1,0x56,0x64,0x0C,0x16,0x51,0x3C,0xC2,0x12,0xCC,0x7E,0x69,0x41},
        {0xBF,0x7C,0x37,0x22,0x5B,0x68,0x04,0x0E,0x5E,0xD4,0xAF,0x80,0xB9,0xD6,0x3E,0x4F,0xC6,0x53,0x52,0x4F,0x16,0x10,0x52,0x26,0x4A,0x5B,0x28,0x81,0x5F,0x99,0x94,0xE8},
    },
    {
        UINT32_C(124972),
        UINT64_C(0x1E3448BE7ACD2C5F),
        UINT32_C(800),
        UINT32_C(600),
        {0xC9,0x00,0x58,0x83,0xBF,0x6A,0x41,0xB6,0x4F,0xBD,0x3C,0x0C,0xCA,0x80,0x1B,0x4D,0xFF,0xC4,0xB9,0xC9,0x69,0xF5,0xCE,0x5A,0x14,0xEC,0xDF,0x46,0xD2,0x80,0xA0,0x48},
        {0x22,0x1C,0xB3,0x54,0x2C,0x93,0x74,0x54,0x91,0x19,0xDD,0x45,0xA3,0x89,0x9C,0x8C,0x29,0x8B,0xD0,0x7F,0xEF,0xB1,0x49,0xB2,0xA9,0x4C,0xAE,0xED,0x92,0xCA,0x4A,0x8F},
    },
    {
        UINT32_C(125076),
        UINT64_C(0xE59324E2BD262AAF),
        UINT32_C(800),
        UINT32_C(600),
        {0x52,0x3B,0x2C,0x14,0xE7,0x72,0xB8,0x2B,0xCF,0xEE,0x44,0x96,0x00,0x0B,0xED,0x2B,0xEF,0x1C,0x9B,0xBD,0x3C,0x7E,0xF8,0xEB,0x5A,0x14,0xE1,0x3B,0x23,0xFB,0xB1,0x4B},
        {0x67,0x1D,0x50,0x2B,0x02,0xA5,0x8F,0x62,0x90,0x03,0xA1,0x58,0x79,0xB9,0xEC,0x6D,0x3E,0x49,0x9D,0x64,0x6C,0xA7,0xCE,0xA1,0x5F,0x53,0x88,0x1B,0xC7,0x92,0x17,0x9E},
    },
    {
        UINT32_C(125189),
        UINT64_C(0x4DC74AE5B2D14132),
        UINT32_C(800),
        UINT32_C(600),
        {0xA3,0x1A,0xA6,0xDC,0x0A,0x73,0x65,0x82,0x8C,0x9C,0x8B,0x47,0x53,0x13,0xB5,0xE5,0x58,0x91,0x39,0xA9,0xAA,0x02,0x7F,0x6E,0xF3,0xB1,0x81,0x12,0x9C,0x49,0x56,0xD7},
        {0x03,0x9D,0x3C,0x76,0x79,0x90,0xCD,0xD8,0xB3,0x7A,0xD7,0x1F,0x4D,0x1C,0xB6,0xF0,0xB5,0x5C,0x11,0xB1,0xCB,0xDC,0xD0,0x72,0xDF,0x94,0x26,0x30,0x37,0x8B,0xFA,0x35},
    },
    {
        UINT32_C(125280),
        UINT64_C(0xE5BC96CB880D943A),
        UINT32_C(800),
        UINT32_C(600),
        {0x13,0xAE,0x37,0x54,0x17,0x82,0xF8,0x2E,0x73,0xA2,0x07,0x5C,0xBD,0x31,0xD0,0xBE,0x59,0x4D,0xEA,0x69,0x8D,0xE9,0x7E,0xB2,0x82,0x88,0x2F,0xE8,0x71,0x6C,0xF3,0xF5},
        {0x13,0x28,0x08,0x04,0x50,0xD0,0xC5,0xF4,0xB5,0xE5,0xBF,0x8B,0x21,0xAE,0x2A,0x96,0x3C,0xE7,0x02,0xD3,0x01,0xE1,0x43,0x67,0x73,0x4A,0x7E,0x22,0x02,0x37,0xDC,0x48},
    },
    {
        UINT32_C(125400),
        UINT64_C(0xFB9663FEE6DB18BD),
        UINT32_C(800),
        UINT32_C(600),
        {0x91,0x89,0xF7,0x93,0x33,0xA9,0x3E,0x1C,0xCA,0xA5,0xE4,0x0A,0x68,0x19,0x5D,0x36,0x32,0x2F,0xB4,0x35,0xBC,0x85,0xC3,0xE9,0xE8,0xF9,0x94,0xA9,0xAE,0x06,0x91,0x9B},
        {0x2C,0x11,0x02,0xB9,0x70,0x1B,0xEC,0xE7,0x26,0x47,0xC3,0x72,0x68,0xBB,0xBF,0x54,0xEF,0x60,0x01,0xCA,0xBE,0x15,0x3D,0x75,0xF6,0x08,0xE3,0x69,0x50,0xE8,0x4E,0x60},
    },
    {
        UINT32_C(125932),
        UINT64_C(0x7E53110DCE417D64),
        UINT32_C(800),
        UINT32_C(600),
        {0x60,0x7E,0x30,0xD6,0x26,0xCD,0xE7,0x10,0x84,0xC9,0x43,0x6A,0xA0,0xFF,0x47,0x8B,0xBA,0xEE,0x2F,0x50,0x03,0x8A,0xBC,0xD8,0xF3,0x7B,0x22,0xFA,0xE3,0x46,0x3E,0x1F},
        {0x05,0x15,0x64,0x4E,0x7B,0xED,0xC8,0x1A,0x88,0x88,0xD2,0x88,0x83,0x12,0x6D,0x94,0x3D,0x73,0x5F,0x7C,0x2F,0x45,0x71,0xF8,0xFC,0x4D,0xBD,0x04,0x81,0xD5,0xE0,0x36},
    },
    {
        UINT32_C(125945),
        UINT64_C(0x2F950CD4F063BF19),
        UINT32_C(800),
        UINT32_C(600),
        {0xF3,0x99,0x34,0x8A,0xC8,0x43,0x77,0xE4,0xEB,0xA7,0x38,0xDB,0x93,0xAD,0x81,0x18,0xA4,0xFC,0x8A,0xDB,0xAA,0x2E,0x81,0xF2,0x3B,0x9E,0xC2,0x85,0x7A,0x1C,0xFC,0x25},
        {0xDA,0x18,0x7F,0x08,0x42,0xB0,0xB1,0x5E,0xB6,0xDC,0x24,0x1F,0x5A,0x72,0x80,0x3C,0x7C,0xC4,0x07,0x27,0x85,0x6A,0x9E,0xE0,0x6D,0x48,0xF5,0x1E,0x1D,0x17,0xAE,0x4E},
    },
    {
        UINT32_C(125964),
        UINT64_C(0xE27BE3BAA666C8FD),
        UINT32_C(800),
        UINT32_C(600),
        {0x3C,0xBC,0xD7,0x88,0x2A,0xDA,0x01,0xA9,0x51,0xED,0x56,0xF9,0xDB,0xC5,0x2B,0x8E,0x60,0x85,0x66,0x04,0xB0,0x14,0x90,0xD5,0x5C,0x3D,0xBA,0xA8,0x59,0xE3,0xBC,0x2B},
        {0x70,0xB7,0xB1,0xCD,0xB4,0x61,0x67,0xEA,0x12,0xDA,0x4D,0x81,0x6D,0xFF,0x90,0x43,0xF9,0x21,0x02,0x54,0x65,0x2A,0x2A,0xCD,0xB3,0x2A,0x30,0x4D,0x47,0xC7,0x1D,0x02},
    },
    {
        UINT32_C(126952),
        UINT64_C(0xD15A10F9733AA07E),
        UINT32_C(1024),
        UINT32_C(600),
        {0xE1,0x7B,0xD8,0xC4,0xEE,0x06,0xD6,0x84,0x71,0x5B,0x3F,0xD1,0x13,0x6C,0x1F,0x03,0x62,0x20,0xBA,0xED,0xB7,0xCE,0xA8,0x4D,0x41,0xEF,0x8F,0x0B,0xF1,0x61,0xA4,0x0E},
        {0x1E,0x9E,0x6B,0x7D,0x0F,0x26,0x2E,0x90,0xB2,0xEF,0xA9,0x2D,0x6C,0x15,0xDF,0x4F,0x84,0x01,0xBE,0x5A,0xC2,0xFD,0x30,0x46,0xDD,0xFE,0x89,0x57,0x4A,0x91,0x17,0xDC},
    },
    {
        UINT32_C(127550),
        UINT64_C(0xE3F09F72C6F2D3C6),
        UINT32_C(570),
        UINT32_C(262),
        {0xD4,0xF4,0x0F,0xDC,0xC7,0xEB,0x1D,0x7D,0x93,0xDA,0x35,0xA2,0x06,0x64,0x57,0xA5,0x6E,0xB0,0x60,0x27,0xD5,0x46,0x06,0x39,0xB9,0x53,0xBE,0x38,0x9F,0x5E,0xDF,0xEC},
        {0x68,0x02,0x9C,0x03,0x2C,0x0A,0xCB,0x62,0xA1,0xDB,0xA3,0x2F,0x23,0x97,0x5E,0xA9,0xB8,0x9C,0x12,0xE5,0x62,0x6E,0xAC,0x19,0xC0,0x71,0x19,0x27,0x9D,0x10,0x7E,0x96},
    },
    {
        UINT32_C(127778),
        UINT64_C(0xE363857A0D421D36),
        UINT32_C(1024),
        UINT32_C(600),
        {0x33,0xF8,0x22,0x7E,0xE8,0xFC,0xCC,0x86,0x12,0x77,0x2F,0x09,0x96,0x12,0x86,0xF8,0x0D,0xC7,0x9B,0x34,0xB1,0x68,0x28,0xF1,0xD6,0xCF,0x94,0x91,0x7B,0x3E,0x6C,0xDC},
        {0x7F,0x6E,0xCF,0x15,0xE9,0x85,0x52,0xF2,0xA0,0x42,0x16,0x9A,0xBA,0x21,0x84,0x53,0x0C,0xD4,0x5A,0x97,0xD3,0x14,0xF2,0xCA,0xEA,0x68,0xEE,0x6D,0xDA,0x88,0xD9,0x6A},
    },
    {
        UINT32_C(130480),
        UINT64_C(0xD0BBAC6C2DCADD93),
        UINT32_C(1024),
        UINT32_C(600),
        {0x6A,0xF6,0xAC,0x1A,0xE3,0x54,0xF2,0x01,0x13,0x13,0xB3,0x7C,0x0D,0xFE,0x0B,0xB0,0x95,0x6B,0x44,0x07,0x71,0x64,0x1D,0xF1,0xCB,0x06,0x5A,0x79,0xFE,0x4B,0x64,0x75},
        {0xB7,0xF9,0x45,0xAB,0xF3,0x37,0x94,0xEB,0x41,0xAB,0x10,0xE7,0xC4,0xAD,0x41,0x86,0xB3,0x83,0xE4,0xC5,0x3D,0xEC,0x25,0x45,0xA7,0x89,0x40,0x27,0x90,0xBF,0x3F,0x1E},
    },
    {
        UINT32_C(135722),
        UINT64_C(0x51AEE109A59594C0),
        UINT32_C(1024),
        UINT32_C(600),
        {0x00,0x47,0xBB,0xD2,0x97,0x53,0xBD,0x21,0x9A,0xC6,0xDD,0x47,0x5A,0x33,0xA0,0x74,0xF0,0xC2,0x00,0xBA,0x2E,0x17,0x9D,0x29,0xBC,0x2D,0xC7,0xC9,0xA7,0xC2,0x57,0x34},
        {0xBB,0xFA,0x8D,0xDE,0x0C,0x1D,0x67,0x82,0x28,0xA3,0x5B,0x89,0x19,0x31,0x71,0x49,0xEE,0xB0,0xB3,0x06,0x48,0xE4,0x69,0x17,0xC4,0x7D,0x66,0x04,0x29,0xA1,0xFF,0xF5},
    },
    {
        UINT32_C(136088),
        UINT64_C(0xCFE79D0E72AB2FD3),
        UINT32_C(1024),
        UINT32_C(600),
        {0xD7,0xEF,0xD9,0x71,0xC8,0x73,0x8A,0xB4,0x05,0xDF,0xFD,0x2D,0x16,0xB8,0x0D,0x90,0xB8,0xA9,0xC2,0xF6,0xFD,0xC3,0x1F,0x34,0x49,0x61,0x20,0x56,0xA5,0xEC,0x9E,0x22},
        {0x09,0x53,0x08,0x16,0x4F,0x26,0xC1,0xC0,0x19,0x91,0xB7,0x5B,0xBF,0xCF,0x18,0x25,0xBA,0xFC,0x33,0x6A,0x5F,0x96,0x91,0xD3,0x36,0x33,0x59,0x29,0x59,0x58,0xF7,0xD8},
    },
    {
        UINT32_C(137892),
        UINT64_C(0x93C8F51AF62022E6),
        UINT32_C(1024),
        UINT32_C(600),
        {0x8A,0x7B,0xD8,0xC0,0x85,0xA5,0x63,0xA9,0xC5,0x3D,0x46,0x41,0x80,0x91,0x69,0x33,0x9D,0x7E,0xDB,0x16,0x9D,0xA2,0xA9,0x05,0x0E,0x2C,0x0E,0x46,0xD9,0x4A,0x0A,0xE9},
        {0x9F,0x76,0xF5,0x39,0xB1,0x8B,0x62,0xBE,0xDA,0x78,0xA9,0x63,0x94,0x17,0x08,0x72,0xB8,0x0D,0x9B,0x81,0x5A,0xC3,0x98,0x80,0xC8,0x45,0xBD,0x9E,0x81,0xDB,0xEE,0x2E},
    },
    {
        UINT32_C(137960),
        UINT64_C(0xC4AB2BBB03E3B0E4),
        UINT32_C(1024),
        UINT32_C(600),
        {0x0F,0x42,0xD7,0x4F,0x9E,0xCA,0x4D,0x93,0x67,0xAE,0xCB,0x8E,0x5A,0x20,0x57,0xD2,0x50,0xAD,0x27,0x17,0x1C,0xFF,0x26,0xC3,0x53,0x8C,0x86,0xE7,0xAE,0xE7,0xC2,0xEF},
        {0x97,0xD5,0x77,0xA5,0x0E,0xBF,0xD8,0xF1,0x81,0x46,0x4E,0x0B,0xED,0x0A,0x31,0x7B,0x0B,0x9B,0x9E,0xD1,0xE1,0x56,0x5C,0x0A,0xE0,0x29,0x1E,0xF6,0xD1,0x73,0xFB,0x64},
    },
    {
        UINT32_C(138454),
        UINT64_C(0xA5A3634BAB456299),
        UINT32_C(570),
        UINT32_C(262),
        {0xF6,0x44,0x3A,0xDE,0x17,0x5C,0xDB,0x8D,0x3D,0xE2,0x86,0x35,0x9C,0xFE,0x5D,0x02,0xEB,0x78,0xAD,0x6B,0x9E,0xE9,0x0F,0xE7,0x2A,0xF9,0x92,0x30,0x5D,0xD7,0x65,0x62},
        {0xF6,0x46,0x62,0x43,0x6E,0x7F,0xE0,0xB4,0x1F,0xB9,0x31,0x14,0x94,0x73,0x5E,0x65,0xF0,0xE7,0x88,0x14,0xD4,0x46,0x26,0x02,0xA6,0x0E,0xA2,0x06,0x6A,0x48,0x43,0x32},
    },
    {
        UINT32_C(139100),
        UINT64_C(0x5106294C43802A91),
        UINT32_C(1024),
        UINT32_C(600),
        {0x00,0x47,0xBB,0xD2,0x97,0x53,0xBD,0x21,0x9A,0xC6,0xDD,0x47,0x5A,0x33,0xA0,0x74,0xF0,0xC2,0x00,0xBA,0x2E,0x17,0x9D,0x29,0xBC,0x2D,0xC7,0xC9,0xA7,0xC2,0x57,0x34},
        {0xBB,0xFA,0x8D,0xDE,0x0C,0x1D,0x67,0x82,0x28,0xA3,0x5B,0x89,0x19,0x31,0x71,0x49,0xEE,0xB0,0xB3,0x06,0x48,0xE4,0x69,0x17,0xC4,0x7D,0x66,0x04,0x29,0xA1,0xFF,0xF5},
    },
    {
        UINT32_C(139848),
        UINT64_C(0x8DD1383817EEDB82),
        UINT32_C(1024),
        UINT32_C(600),
        {0x97,0xE5,0x4F,0x28,0x71,0xEB,0xB3,0x0C,0x35,0x18,0xA1,0xE1,0xC4,0x8E,0x03,0x8B,0xE1,0xF1,0xA3,0x92,0x73,0x66,0x09,0xE9,0xD5,0xBD,0xAC,0x1E,0x72,0x44,0x1C,0x72},
        {0xCB,0xFD,0x9E,0x17,0xAF,0x47,0x39,0xB9,0xD5,0x59,0x8C,0x6B,0xD3,0x0A,0xF9,0x93,0x5E,0xBB,0x3C,0x11,0xE5,0x50,0x57,0xC7,0x1C,0xC9,0x36,0x1B,0x02,0x8A,0x63,0x63},
    },
    {
        UINT32_C(141482),
        UINT64_C(0x8FD7C05582C3AC44),
        UINT32_C(1024),
        UINT32_C(600),
        {0x0F,0x42,0xD7,0x4F,0x9E,0xCA,0x4D,0x93,0x67,0xAE,0xCB,0x8E,0x5A,0x20,0x57,0xD2,0x50,0xAD,0x27,0x17,0x1C,0xFF,0x26,0xC3,0x53,0x8C,0x86,0xE7,0xAE,0xE7,0xC2,0xEF},
        {0x97,0xD5,0x77,0xA5,0x0E,0xBF,0xD8,0xF1,0x81,0x46,0x4E,0x0B,0xED,0x0A,0x31,0x7B,0x0B,0x9B,0x9E,0xD1,0xE1,0x56,0x5C,0x0A,0xE0,0x29,0x1E,0xF6,0xD1,0x73,0xFB,0x64},
    },
    {
        UINT32_C(141628),
        UINT64_C(0x246E67C42D0F71B5),
        UINT32_C(1024),
        UINT32_C(600),
        {0xE8,0xA0,0x64,0x39,0x58,0xDC,0x4A,0x01,0xF0,0xFE,0xEB,0x6D,0xB8,0xA0,0x8B,0x39,0xDD,0x2F,0x3C,0x30,0x2F,0x9C,0x9E,0xCC,0xCF,0xB0,0x12,0xE6,0xC0,0x8B,0x4B,0x4C},
        {0xF5,0x1E,0xDD,0xF1,0xAA,0xBB,0x9C,0xE5,0x05,0x02,0x2F,0xA3,0x3B,0x16,0x2A,0x37,0x0B,0xA5,0x73,0xCD,0x81,0x94,0x74,0xAA,0x90,0x01,0xF4,0x61,0xFD,0x44,0xC0,0xF8},
    },
    {
        UINT32_C(141684),
        UINT64_C(0x3CF02E68CA46A59E),
        UINT32_C(1024),
        UINT32_C(600),
        {0xE8,0xA0,0x64,0x39,0x58,0xDC,0x4A,0x01,0xF0,0xFE,0xEB,0x6D,0xB8,0xA0,0x8B,0x39,0xDD,0x2F,0x3C,0x30,0x2F,0x9C,0x9E,0xCC,0xCF,0xB0,0x12,0xE6,0xC0,0x8B,0x4B,0x4C},
        {0xF5,0x1E,0xDD,0xF1,0xAA,0xBB,0x9C,0xE5,0x05,0x02,0x2F,0xA3,0x3B,0x16,0x2A,0x37,0x0B,0xA5,0x73,0xCD,0x81,0x94,0x74,0xAA,0x90,0x01,0xF4,0x61,0xFD,0x44,0xC0,0xF8},
    },
    {
        UINT32_C(143324),
        UINT64_C(0x4DA6521143D8156F),
        UINT32_C(1024),
        UINT32_C(600),
        {0x8A,0x7B,0xD8,0xC0,0x85,0xA5,0x63,0xA9,0xC5,0x3D,0x46,0x41,0x80,0x91,0x69,0x33,0x9D,0x7E,0xDB,0x16,0x9D,0xA2,0xA9,0x05,0x0E,0x2C,0x0E,0x46,0xD9,0x4A,0x0A,0xE9},
        {0x9F,0x76,0xF5,0x39,0xB1,0x8B,0x62,0xBE,0xDA,0x78,0xA9,0x63,0x94,0x17,0x08,0x72,0xB8,0x0D,0x9B,0x81,0x5A,0xC3,0x98,0x80,0xC8,0x45,0xBD,0x9E,0x81,0xDB,0xEE,0x2E},
    },
    {
        UINT32_C(145170),
        UINT64_C(0xEB45C67A4A5C52E4),
        UINT32_C(1024),
        UINT32_C(600),
        {0xD7,0xEF,0xD9,0x71,0xC8,0x73,0x8A,0xB4,0x05,0xDF,0xFD,0x2D,0x16,0xB8,0x0D,0x90,0xB8,0xA9,0xC2,0xF6,0xFD,0xC3,0x1F,0x34,0x49,0x61,0x20,0x56,0xA5,0xEC,0x9E,0x22},
        {0x09,0x53,0x08,0x16,0x4F,0x26,0xC1,0xC0,0x19,0x91,0xB7,0x5B,0xBF,0xCF,0x18,0x25,0xBA,0xFC,0x33,0x6A,0x5F,0x96,0x91,0xD3,0x36,0x33,0x59,0x29,0x59,0x58,0xF7,0xD8},
    },
    {
        UINT32_C(145434),
        UINT64_C(0xC4C9E99EC7F3266B),
        UINT32_C(570),
        UINT32_C(262),
        {0x91,0xD0,0x8A,0x00,0x9D,0x48,0x46,0x1A,0x87,0x4A,0x3C,0x26,0xF4,0x3E,0x72,0x0F,0x09,0xEC,0x1C,0xBF,0xB4,0x2B,0xA2,0x8D,0xA7,0xEE,0x6E,0xDC,0xBA,0x21,0x4E,0xEC},
        {0xDC,0x28,0x4B,0x5F,0x34,0x86,0x32,0xA7,0xB8,0x4B,0x66,0xF3,0x81,0xC9,0x87,0x80,0xF9,0x39,0x37,0xDB,0x4F,0x4E,0x52,0xE3,0x2E,0xFC,0x16,0x40,0x06,0x48,0x70,0xCF},
    },
    {
        UINT32_C(145450),
        UINT64_C(0xDD8FB28C290B62CF),
        UINT32_C(1024),
        UINT32_C(600),
        {0x97,0xE5,0x4F,0x28,0x71,0xEB,0xB3,0x0C,0x35,0x18,0xA1,0xE1,0xC4,0x8E,0x03,0x8B,0xE1,0xF1,0xA3,0x92,0x73,0x66,0x09,0xE9,0xD5,0xBD,0xAC,0x1E,0x72,0x44,0x1C,0x72},
        {0xCB,0xFD,0x9E,0x17,0xAF,0x47,0x39,0xB9,0xD5,0x59,0x8C,0x6B,0xD3,0x0A,0xF9,0x93,0x5E,0xBB,0x3C,0x11,0xE5,0x50,0x57,0xC7,0x1C,0xC9,0x36,0x1B,0x02,0x8A,0x63,0x63},
    },
    {
        UINT32_C(153084),
        UINT64_C(0x255572F0AC956E2E),
        UINT32_C(1024),
        UINT32_C(600),
        {0x5A,0xD4,0x79,0x27,0x0A,0xC6,0x9D,0x20,0x7B,0x5F,0xF0,0xAB,0x69,0xD3,0x1A,0x55,0x93,0x58,0x3A,0xD9,0x80,0x19,0x60,0x18,0x85,0x02,0xFA,0xB3,0xBD,0x38,0xF5,0x0F},
        {0x3F,0xB5,0xAC,0xD5,0x68,0x2D,0xBF,0x0D,0x2C,0xF4,0x2A,0xDB,0x06,0x83,0xE1,0xC1,0xAB,0xB8,0xEA,0x56,0x43,0x0A,0xD1,0x3B,0x4A,0xD0,0xCB,0xE4,0xBD,0x71,0x6C,0x69},
    },
    {
        UINT32_C(155290),
        UINT64_C(0x78B072E28FC4BAD6),
        UINT32_C(1024),
        UINT32_C(600),
        {0x1F,0xB2,0xF1,0xB3,0xBC,0xD9,0xDE,0x1A,0x4C,0xCB,0x58,0x99,0xD3,0x12,0x3F,0x6F,0x17,0x87,0x02,0xBA,0x8D,0x53,0x5C,0x2A,0xBB,0x5E,0x38,0xB0,0x09,0x4C,0x49,0x59},
        {0x17,0xBD,0x58,0xFA,0x5C,0x3A,0xF8,0xAA,0xCC,0xB4,0x74,0x20,0x02,0xAF,0xB9,0x3E,0x95,0xD1,0xBB,0xD7,0x30,0x9A,0x8D,0x3C,0x7D,0x8A,0xD6,0xCC,0x31,0x4E,0x3C,0x72},
    },
    {
        UINT32_C(155382),
        UINT64_C(0x07F67C3EB79B9D86),
        UINT32_C(1024),
        UINT32_C(600),
        {0x1F,0xB2,0xF1,0xB3,0xBC,0xD9,0xDE,0x1A,0x4C,0xCB,0x58,0x99,0xD3,0x12,0x3F,0x6F,0x17,0x87,0x02,0xBA,0x8D,0x53,0x5C,0x2A,0xBB,0x5E,0x38,0xB0,0x09,0x4C,0x49,0x59},
        {0x17,0xBD,0x58,0xFA,0x5C,0x3A,0xF8,0xAA,0xCC,0xB4,0x74,0x20,0x02,0xAF,0xB9,0x3E,0x95,0xD1,0xBB,0xD7,0x30,0x9A,0x8D,0x3C,0x7D,0x8A,0xD6,0xCC,0x31,0x4E,0x3C,0x72},
    },
    {
        UINT32_C(156542),
        UINT64_C(0x0C2A6E1FAF3F8A76),
        UINT32_C(570),
        UINT32_C(262),
        {0x68,0x43,0x26,0xB1,0xAC,0xCD,0x65,0xFF,0x79,0x6C,0x99,0xEE,0x5C,0x0D,0xA8,0x42,0x33,0x36,0x95,0x54,0x2D,0xAC,0x7F,0x74,0x1B,0x12,0x3B,0x79,0x2A,0x7A,0xE9,0x20},
        {0xCA,0x4C,0xCE,0xE0,0xD3,0xB6,0xFD,0x51,0x94,0xFF,0x33,0x7F,0x15,0x3F,0xB0,0xBB,0x18,0x21,0xF6,0xFF,0xFA,0x72,0xB9,0x9A,0x08,0xB7,0xD8,0xE0,0x67,0x00,0x6C,0xA3},
    },
    {
        UINT32_C(156648),
        UINT64_C(0x47EF4FD96DE1E050),
        UINT32_C(1024),
        UINT32_C(600),
        {0x05,0x22,0x83,0xAC,0x5E,0x12,0x44,0xCF,0x38,0x05,0xA9,0x2B,0x1F,0x96,0x0E,0x13,0x66,0xBF,0xCC,0x64,0x83,0xE1,0x2F,0x17,0x79,0x37,0xEC,0x8D,0x84,0xA0,0xA4,0x09},
        {0x5E,0xC0,0x3A,0x34,0x8B,0xE9,0xF8,0xCC,0xFE,0xE1,0xD1,0xD6,0xAA,0x4E,0x30,0x3E,0x31,0xE3,0x64,0x33,0x65,0x9A,0x4C,0x29,0x7F,0x28,0xEA,0x26,0xAE,0x5B,0xBB,0xB4},
    },
    {
        UINT32_C(158568),
        UINT64_C(0x06FD4FE6F148308B),
        UINT32_C(1024),
        UINT32_C(600),
        {0x98,0x54,0x74,0x17,0x6E,0x3E,0xDA,0xB4,0x32,0x61,0x70,0xD0,0x67,0x26,0xE8,0x46,0x94,0x20,0x0B,0x78,0xED,0xA7,0x9F,0x4B,0x29,0xA6,0x27,0x4B,0x30,0x42,0xDF,0x90},
        {0x26,0x14,0x8B,0xAE,0xA3,0x8B,0x56,0x94,0xD9,0x60,0xE1,0x56,0x40,0x63,0x87,0xF9,0x4E,0x23,0x96,0x87,0xCE,0x8D,0xE3,0xAA,0x9D,0xDA,0x67,0x7E,0x12,0xE2,0x94,0x01},
    },
    {
        UINT32_C(159038),
        UINT64_C(0xDEBA62EBFA9FF664),
        UINT32_C(1024),
        UINT32_C(600),
        {0x05,0x22,0x83,0xAC,0x5E,0x12,0x44,0xCF,0x38,0x05,0xA9,0x2B,0x1F,0x96,0x0E,0x13,0x66,0xBF,0xCC,0x64,0x83,0xE1,0x2F,0x17,0x79,0x37,0xEC,0x8D,0x84,0xA0,0xA4,0x09},
        {0x5E,0xC0,0x3A,0x34,0x8B,0xE9,0xF8,0xCC,0xFE,0xE1,0xD1,0xD6,0xAA,0x4E,0x30,0x3E,0x31,0xE3,0x64,0x33,0x65,0x9A,0x4C,0x29,0x7F,0x28,0xEA,0x26,0xAE,0x5B,0xBB,0xB4},
    },
    {
        UINT32_C(159952),
        UINT64_C(0x3B1CF4C54846CBE2),
        UINT32_C(1024),
        UINT32_C(600),
        {0xF0,0x63,0xC5,0xCD,0x49,0x00,0xC5,0xA2,0x80,0xF4,0xDB,0x66,0x1D,0x84,0xA5,0xE7,0xA8,0x27,0x7B,0x0C,0x1A,0x25,0x01,0xF7,0x12,0x0D,0x19,0x7C,0x6B,0x62,0x79,0xA6},
        {0x5D,0xC4,0x0E,0x0E,0x06,0x83,0x2F,0x16,0xE0,0x9C,0x61,0x2D,0xCE,0x06,0x1B,0xCF,0x0A,0xBE,0xBD,0x89,0x64,0xFB,0x81,0xC4,0x55,0x85,0xCC,0x29,0x83,0x27,0x32,0xE7},
    },
    {
        UINT32_C(160458),
        UINT64_C(0xA425E5BC8ACCC264),
        UINT32_C(1024),
        UINT32_C(600),
        {0xEE,0xD9,0x65,0x88,0xE6,0xEC,0xC3,0x2D,0x6A,0x72,0x64,0x09,0x86,0xEF,0x38,0x46,0x16,0xC4,0x2E,0x6C,0x85,0xE9,0x9E,0x32,0xE2,0xAA,0x03,0xDC,0xA5,0xA5,0x3E,0xB9},
        {0x3F,0xF6,0xCD,0x6E,0x29,0x0A,0x9C,0xF9,0x2F,0x10,0x2B,0xAD,0xD1,0x3B,0xAF,0x0C,0x00,0x05,0x00,0xE0,0x04,0x8A,0x1F,0xD1,0x3A,0xA2,0x0F,0x41,0xAF,0x66,0xC0,0x75},
    },
    {
        UINT32_C(160590),
        UINT64_C(0xFAE2217887040BAD),
        UINT32_C(570),
        UINT32_C(262),
        {0xD4,0xF4,0x0F,0xDC,0xC7,0xEB,0x1D,0x7D,0x93,0xDA,0x35,0xA2,0x06,0x64,0x57,0xA5,0x6E,0xB0,0x60,0x27,0xD5,0x46,0x06,0x39,0xB9,0x53,0xBE,0x38,0x9F,0x5E,0xDF,0xEC},
        {0x68,0x02,0x9C,0x03,0x2C,0x0A,0xCB,0x62,0xA1,0xDB,0xA3,0x2F,0x23,0x97,0x5E,0xA9,0xB8,0x9C,0x12,0xE5,0x62,0x6E,0xAC,0x19,0xC0,0x71,0x19,0x27,0x9D,0x10,0x7E,0x96},
    },
    {
        UINT32_C(162250),
        UINT64_C(0x8913DBF5FA46F44E),
        UINT32_C(1024),
        UINT32_C(600),
        {0xBF,0x38,0x41,0x1B,0xB6,0xDF,0xE4,0x5C,0x7E,0x1E,0x65,0x35,0x20,0xA0,0xE7,0x8F,0xA2,0x6B,0x81,0x4F,0x5C,0xC1,0x90,0xDC,0xA2,0x8F,0xBD,0x1E,0xD9,0xED,0x28,0xF8},
        {0xFE,0xB6,0xFE,0xB2,0x22,0x1A,0x7B,0x07,0x5D,0x31,0x24,0x3B,0x88,0x9E,0x84,0x80,0x40,0xEA,0x31,0xEC,0x47,0x74,0xD2,0x6B,0x46,0x07,0x0F,0xC4,0x26,0xAA,0x96,0x79},
    },
    {
        UINT32_C(162416),
        UINT64_C(0x65D35CE80F0FC504),
        UINT32_C(580),
        UINT32_C(380),
        {0x79,0x2D,0xEC,0x1D,0xB3,0xC4,0x7D,0xB5,0x7A,0xF2,0x3E,0x14,0x80,0xF9,0x3D,0x57,0x0A,0xB4,0xF1,0xB3,0x1D,0xCA,0xF3,0x80,0xFE,0xE0,0x95,0x83,0xA6,0xAC,0x08,0x2C},
        {0x5B,0x98,0xEF,0xCF,0x38,0x6E,0xD7,0xF7,0xC7,0xF7,0x59,0x2A,0x40,0xD4,0xAE,0xDF,0x0D,0xDE,0x1E,0x65,0xFD,0xE4,0x8B,0x84,0xB5,0x30,0x92,0xFD,0x77,0x0D,0x6F,0x39},
    },
    {
        UINT32_C(162440),
        UINT64_C(0x6B6E072D098B81C1),
        UINT32_C(1024),
        UINT32_C(600),
        {0x22,0x0E,0x94,0x14,0x99,0x53,0x0F,0x97,0xFB,0xFF,0x90,0xEF,0xD7,0xE6,0x03,0x65,0xBA,0xF8,0x0A,0xE9,0xE1,0x28,0xC9,0xB6,0x81,0x4A,0xF9,0xD6,0x61,0xFD,0xD5,0xB2},
        {0xD3,0x1F,0x4E,0x04,0x06,0x21,0x56,0xEA,0x86,0x55,0x81,0x07,0xEB,0x1F,0x7B,0x95,0x5E,0x70,0xA0,0xF1,0xFB,0x04,0xC2,0x72,0x02,0x1F,0x19,0x5D,0xE5,0x64,0x58,0x37},
    },
    {
        UINT32_C(162910),
        UINT64_C(0x1ACA096293DF7139),
        UINT32_C(1024),
        UINT32_C(600),
        {0x5A,0xD4,0x79,0x27,0x0A,0xC6,0x9D,0x20,0x7B,0x5F,0xF0,0xAB,0x69,0xD3,0x1A,0x55,0x93,0x58,0x3A,0xD9,0x80,0x19,0x60,0x18,0x85,0x02,0xFA,0xB3,0xBD,0x38,0xF5,0x0F},
        {0x3F,0xB5,0xAC,0xD5,0x68,0x2D,0xBF,0x0D,0x2C,0xF4,0x2A,0xDB,0x06,0x83,0xE1,0xC1,0xAB,0xB8,0xEA,0x56,0x43,0x0A,0xD1,0x3B,0x4A,0xD0,0xCB,0xE4,0xBD,0x71,0x6C,0x69},
    },
    {
        UINT32_C(163448),
        UINT64_C(0x5A4C41B8BEDE7F5F),
        UINT32_C(570),
        UINT32_C(262),
        {0x66,0x2B,0x06,0x26,0x1E,0x8F,0x68,0xCB,0x51,0xE5,0xBF,0x0A,0x71,0xF4,0x65,0xDD,0x0A,0x13,0xEF,0x18,0x59,0xEE,0xC7,0x3D,0x41,0x0B,0xD1,0x54,0xB6,0x38,0x6A,0xEC},
        {0xAF,0xE2,0x78,0x2B,0xAC,0xEA,0x83,0x03,0x4A,0xB0,0x85,0x57,0x88,0xD5,0xAB,0x71,0x46,0x51,0xA8,0x4E,0xD5,0xA1,0x5A,0xC3,0x18,0xA8,0x4F,0x9A,0x15,0xB6,0x39,0x11},
    },
    {
        UINT32_C(163746),
        UINT64_C(0x27EC679210F6CE42),
        UINT32_C(1024),
        UINT32_C(600),
        {0x0F,0xAA,0xC9,0xA7,0xBA,0x76,0x21,0xAD,0x71,0xE4,0x43,0xDC,0x05,0x43,0x31,0x28,0xB3,0x7A,0xFB,0x56,0x2E,0xAE,0x52,0xAA,0x7A,0x58,0xD2,0x65,0x81,0x60,0xEC,0xE5},
        {0xFA,0x6C,0x40,0x2B,0x13,0x6F,0x82,0x55,0xDB,0xD9,0xD0,0xB0,0x2C,0x83,0xE9,0x1A,0x77,0xD1,0xD0,0x54,0x34,0x5E,0x71,0x8C,0x4A,0x61,0x47,0xC5,0xAF,0x12,0xB8,0xD2},
    },
    {
        UINT32_C(164324),
        UINT64_C(0x9F6DF8B9DC21D40D),
        UINT32_C(1024),
        UINT32_C(600),
        {0xF0,0x63,0xC5,0xCD,0x49,0x00,0xC5,0xA2,0x80,0xF4,0xDB,0x66,0x1D,0x84,0xA5,0xE7,0xA8,0x27,0x7B,0x0C,0x1A,0x25,0x01,0xF7,0x12,0x0D,0x19,0x7C,0x6B,0x62,0x79,0xA6},
        {0x5D,0xC4,0x0E,0x0E,0x06,0x83,0x2F,0x16,0xE0,0x9C,0x61,0x2D,0xCE,0x06,0x1B,0xCF,0x0A,0xBE,0xBD,0x89,0x64,0xFB,0x81,0xC4,0x55,0x85,0xCC,0x29,0x83,0x27,0x32,0xE7},
    },
    {
        UINT32_C(164384),
        UINT64_C(0x829A842010E4E2C4),
        UINT32_C(1024),
        UINT32_C(600),
        {0x98,0x54,0x74,0x17,0x6E,0x3E,0xDA,0xB4,0x32,0x61,0x70,0xD0,0x67,0x26,0xE8,0x46,0x94,0x20,0x0B,0x78,0xED,0xA7,0x9F,0x4B,0x29,0xA6,0x27,0x4B,0x30,0x42,0xDF,0x90},
        {0x26,0x14,0x8B,0xAE,0xA3,0x8B,0x56,0x94,0xD9,0x60,0xE1,0x56,0x40,0x63,0x87,0xF9,0x4E,0x23,0x96,0x87,0xCE,0x8D,0xE3,0xAA,0x9D,0xDA,0x67,0x7E,0x12,0xE2,0x94,0x01},
    },
    {
        UINT32_C(165066),
        UINT64_C(0x391D6B5343CFD30F),
        UINT32_C(1024),
        UINT32_C(600),
        {0xC8,0xA1,0x4D,0xFE,0xAF,0xE1,0x7A,0x36,0x7C,0x32,0xD7,0x36,0x55,0xBE,0xE0,0x96,0xCC,0xC1,0xE8,0x04,0x03,0xC3,0x4F,0xF8,0x0F,0x8D,0xA3,0x9B,0x59,0x57,0x87,0xA0},
        {0xF7,0x73,0xA6,0x8C,0xED,0x6C,0xB6,0x35,0x4B,0xEE,0x6F,0x0B,0x70,0xF7,0x68,0xE2,0xFB,0x99,0xFB,0xFA,0xCA,0xE3,0x05,0xCC,0x68,0xF6,0xF0,0xDB,0x7C,0x38,0xEF,0x30},
    },
    {
        UINT32_C(165970),
        UINT64_C(0x43A2B9DBA8D24BA7),
        UINT32_C(1024),
        UINT32_C(600),
        {0x0F,0xAA,0xC9,0xA7,0xBA,0x76,0x21,0xAD,0x71,0xE4,0x43,0xDC,0x05,0x43,0x31,0x28,0xB3,0x7A,0xFB,0x56,0x2E,0xAE,0x52,0xAA,0x7A,0x58,0xD2,0x65,0x81,0x60,0xEC,0xE5},
        {0xFA,0x6C,0x40,0x2B,0x13,0x6F,0x82,0x55,0xDB,0xD9,0xD0,0xB0,0x2C,0x83,0xE9,0x1A,0x77,0xD1,0xD0,0x54,0x34,0x5E,0x71,0x8C,0x4A,0x61,0x47,0xC5,0xAF,0x12,0xB8,0xD2},
    },
    {
        UINT32_C(166172),
        UINT64_C(0x035F10922EEC8F71),
        UINT32_C(1024),
        UINT32_C(600),
        {0x22,0x0E,0x94,0x14,0x99,0x53,0x0F,0x97,0xFB,0xFF,0x90,0xEF,0xD7,0xE6,0x03,0x65,0xBA,0xF8,0x0A,0xE9,0xE1,0x28,0xC9,0xB6,0x81,0x4A,0xF9,0xD6,0x61,0xFD,0xD5,0xB2},
        {0xD3,0x1F,0x4E,0x04,0x06,0x21,0x56,0xEA,0x86,0x55,0x81,0x07,0xEB,0x1F,0x7B,0x95,0x5E,0x70,0xA0,0xF1,0xFB,0x04,0xC2,0x72,0x02,0x1F,0x19,0x5D,0xE5,0x64,0x58,0x37},
    },
    {
        UINT32_C(166546),
        UINT64_C(0x14E2052BC3839487),
        UINT32_C(1024),
        UINT32_C(600),
        {0xEE,0xD9,0x65,0x88,0xE6,0xEC,0xC3,0x2D,0x6A,0x72,0x64,0x09,0x86,0xEF,0x38,0x46,0x16,0xC4,0x2E,0x6C,0x85,0xE9,0x9E,0x32,0xE2,0xAA,0x03,0xDC,0xA5,0xA5,0x3E,0xB9},
        {0x3F,0xF6,0xCD,0x6E,0x29,0x0A,0x9C,0xF9,0x2F,0x10,0x2B,0xAD,0xD1,0x3B,0xAF,0x0C,0x00,0x05,0x00,0xE0,0x04,0x8A,0x1F,0xD1,0x3A,0xA2,0x0F,0x41,0xAF,0x66,0xC0,0x75},
    },
    {
        UINT32_C(166972),
        UINT64_C(0x38AAC4BF92BECDCA),
        UINT32_C(580),
        UINT32_C(380),
        {0x79,0x2D,0xEC,0x1D,0xB3,0xC4,0x7D,0xB5,0x7A,0xF2,0x3E,0x14,0x80,0xF9,0x3D,0x57,0x0A,0xB4,0xF1,0xB3,0x1D,0xCA,0xF3,0x80,0xFE,0xE0,0x95,0x83,0xA6,0xAC,0x08,0x2C},
        {0x5B,0x98,0xEF,0xCF,0x38,0x6E,0xD7,0xF7,0xC7,0xF7,0x59,0x2A,0x40,0xD4,0xAE,0xDF,0x0D,0xDE,0x1E,0x65,0xFD,0xE4,0x8B,0x84,0xB5,0x30,0x92,0xFD,0x77,0x0D,0x6F,0x39},
    },
    {
        UINT32_C(169708),
        UINT64_C(0x33A948121E00CE8A),
        UINT32_C(1024),
        UINT32_C(600),
        {0xCA,0x00,0xA8,0x10,0x98,0xEB,0x27,0xE7,0x84,0xB8,0xAD,0x13,0xCF,0x72,0xEB,0x90,0xFA,0xC7,0xBF,0x75,0xA3,0x34,0x46,0x76,0x80,0xF4,0xB0,0x24,0x42,0xB8,0xE9,0xFF},
        {0x96,0x02,0x30,0xE9,0x22,0x52,0x21,0x36,0x99,0xDD,0x58,0x7D,0x6D,0x63,0x7F,0xF7,0xBF,0x98,0x27,0x29,0xAE,0xA9,0xC8,0x05,0x61,0x85,0x29,0x01,0x6D,0xEA,0x7F,0x62},
    },
    {
        UINT32_C(172214),
        UINT64_C(0xA7E94EC3C9B7A8D4),
        UINT32_C(1024),
        UINT32_C(600),
        {0xB6,0x48,0xDC,0xEA,0x3A,0xF1,0x56,0x6C,0xF2,0x44,0x4B,0xAB,0x8D,0xB8,0x9D,0x3D,0x84,0x7C,0x84,0xB7,0x7C,0x42,0xF4,0xF2,0xA9,0xFD,0x00,0x07,0xB0,0xED,0xF9,0x86},
        {0xF5,0x43,0x66,0xF5,0x2F,0xBF,0xDC,0x11,0x33,0x54,0xCF,0x01,0xC7,0x1A,0x33,0xB2,0x95,0xF3,0x16,0x54,0x12,0xEC,0xE2,0xD2,0x1B,0x0E,0x34,0x4A,0x07,0x97,0xA6,0xFE},
    },
    {
        UINT32_C(172678),
        UINT64_C(0x77CF94FDBA5433A7),
        UINT32_C(1024),
        UINT32_C(600),
        {0xF9,0x8A,0xE9,0x3F,0x24,0x38,0xA4,0x83,0xD0,0x93,0x6E,0x8E,0xCC,0x86,0x0C,0x5E,0xA5,0x00,0x41,0xD5,0x1A,0x0A,0xED,0x4B,0xB1,0x20,0xC9,0xB5,0xFA,0x4A,0x93,0xA2},
        {0x3E,0xDF,0xB6,0x18,0x53,0x5F,0x52,0x28,0xBE,0xEF,0x9B,0xC6,0x3D,0x1C,0x5C,0x2F,0x81,0xFD,0x25,0x9D,0x11,0x8C,0x0B,0x62,0x4C,0x90,0x4E,0xEC,0xFD,0x12,0x45,0x5D},
    },
    {
        UINT32_C(174852),
        UINT64_C(0xA82A71F3E9DA61DA),
        UINT32_C(1024),
        UINT32_C(600),
        {0xCA,0x00,0xA8,0x10,0x98,0xEB,0x27,0xE7,0x84,0xB8,0xAD,0x13,0xCF,0x72,0xEB,0x90,0xFA,0xC7,0xBF,0x75,0xA3,0x34,0x46,0x76,0x80,0xF4,0xB0,0x24,0x42,0xB8,0xE9,0xFF},
        {0x96,0x02,0x30,0xE9,0x22,0x52,0x21,0x36,0x99,0xDD,0x58,0x7D,0x6D,0x63,0x7F,0xF7,0xBF,0x98,0x27,0x29,0xAE,0xA9,0xC8,0x05,0x61,0x85,0x29,0x01,0x6D,0xEA,0x7F,0x62},
    },
    {
        UINT32_C(174854),
        UINT64_C(0xD5BEBA28A2447ADF),
        UINT32_C(1024),
        UINT32_C(600),
        {0xBF,0x38,0x41,0x1B,0xB6,0xDF,0xE4,0x5C,0x7E,0x1E,0x65,0x35,0x20,0xA0,0xE7,0x8F,0xA2,0x6B,0x81,0x4F,0x5C,0xC1,0x90,0xDC,0xA2,0x8F,0xBD,0x1E,0xD9,0xED,0x28,0xF8},
        {0xFE,0xB6,0xFE,0xB2,0x22,0x1A,0x7B,0x07,0x5D,0x31,0x24,0x3B,0x88,0x9E,0x84,0x80,0x40,0xEA,0x31,0xEC,0x47,0x74,0xD2,0x6B,0x46,0x07,0x0F,0xC4,0x26,0xAA,0x96,0x79},
    },
    {
        UINT32_C(176162),
        UINT64_C(0xAC4C1814C8B9C1F6),
        UINT32_C(1024),
        UINT32_C(600),
        {0xAD,0x1A,0xAE,0xB1,0x59,0x00,0x5B,0xEA,0x02,0xEB,0x69,0x34,0x64,0xA6,0xC2,0x2F,0xAF,0x5C,0x43,0x29,0x61,0x85,0x45,0xB8,0x73,0x5F,0xD9,0x1D,0x26,0x51,0x07,0xA2},
        {0x66,0x7C,0xDD,0x75,0xC9,0xE3,0x78,0x5C,0x55,0xE5,0x54,0x8E,0x75,0x4C,0xB4,0x23,0x5B,0x27,0x1A,0x02,0x68,0x86,0xCB,0x65,0xBA,0x73,0xE3,0xBB,0xF1,0x05,0xB7,0x8E},
    },
    {
        UINT32_C(176244),
        UINT64_C(0x97C3077A4D2CD2B8),
        UINT32_C(1024),
        UINT32_C(600),
        {0xC8,0xA1,0x4D,0xFE,0xAF,0xE1,0x7A,0x36,0x7C,0x32,0xD7,0x36,0x55,0xBE,0xE0,0x96,0xCC,0xC1,0xE8,0x04,0x03,0xC3,0x4F,0xF8,0x0F,0x8D,0xA3,0x9B,0x59,0x57,0x87,0xA0},
        {0xF7,0x73,0xA6,0x8C,0xED,0x6C,0xB6,0x35,0x4B,0xEE,0x6F,0x0B,0x70,0xF7,0x68,0xE2,0xFB,0x99,0xFB,0xFA,0xCA,0xE3,0x05,0xCC,0x68,0xF6,0xF0,0xDB,0x7C,0x38,0xEF,0x30},
    },
    {
        UINT32_C(177608),
        UINT64_C(0x6B23B96C81D0CA90),
        UINT32_C(1024),
        UINT32_C(600),
        {0xF9,0x8A,0xE9,0x3F,0x24,0x38,0xA4,0x83,0xD0,0x93,0x6E,0x8E,0xCC,0x86,0x0C,0x5E,0xA5,0x00,0x41,0xD5,0x1A,0x0A,0xED,0x4B,0xB1,0x20,0xC9,0xB5,0xFA,0x4A,0x93,0xA2},
        {0x3E,0xDF,0xB6,0x18,0x53,0x5F,0x52,0x28,0xBE,0xEF,0x9B,0xC6,0x3D,0x1C,0x5C,0x2F,0x81,0xFD,0x25,0x9D,0x11,0x8C,0x0B,0x62,0x4C,0x90,0x4E,0xEC,0xFD,0x12,0x45,0x5D},
    },
    {
        UINT32_C(179060),
        UINT64_C(0x63FEBF406DFCAC17),
        UINT32_C(1024),
        UINT32_C(600),
        {0x8A,0xEF,0xEB,0xBC,0x03,0xB0,0xE9,0x9B,0x4F,0x84,0x51,0x08,0x7C,0x75,0x46,0x8E,0x68,0xFC,0xA9,0xF1,0x26,0xFD,0x0B,0x59,0x82,0xB2,0xB0,0x38,0x48,0x96,0x94,0x33},
        {0x2F,0x05,0xD6,0xDE,0x99,0x94,0x8E,0xA6,0x1F,0x52,0xFE,0x02,0x6D,0x9F,0x43,0xB6,0x9D,0x75,0x73,0x7B,0x99,0x94,0x60,0x22,0x37,0x8A,0x60,0x85,0x99,0x80,0xD9,0x8A},
    },
    {
        UINT32_C(183646),
        UINT64_C(0x277814621D8747EB),
        UINT32_C(1024),
        UINT32_C(600),
        {0xAD,0x1A,0xAE,0xB1,0x59,0x00,0x5B,0xEA,0x02,0xEB,0x69,0x34,0x64,0xA6,0xC2,0x2F,0xAF,0x5C,0x43,0x29,0x61,0x85,0x45,0xB8,0x73,0x5F,0xD9,0x1D,0x26,0x51,0x07,0xA2},
        {0x66,0x7C,0xDD,0x75,0xC9,0xE3,0x78,0x5C,0x55,0xE5,0x54,0x8E,0x75,0x4C,0xB4,0x23,0x5B,0x27,0x1A,0x02,0x68,0x86,0xCB,0x65,0xBA,0x73,0xE3,0xBB,0xF1,0x05,0xB7,0x8E},
    },
    {
        UINT32_C(184382),
        UINT64_C(0xE59CDD435E99E0A7),
        UINT32_C(1024),
        UINT32_C(600),
        {0x66,0x02,0x0D,0x31,0x28,0x50,0x33,0xD0,0x4F,0x5E,0x88,0x44,0x08,0xA3,0x30,0x39,0xF7,0x7F,0xCF,0xCE,0x75,0x73,0x13,0xE4,0x17,0x7D,0x7A,0x7A,0xDD,0x07,0x85,0xB6},
        {0xB8,0x15,0xA4,0x13,0x41,0x5A,0x64,0x63,0x2D,0xA7,0xC3,0x59,0x68,0x5C,0xD2,0xE3,0x37,0xB3,0x8F,0x21,0x82,0xAE,0x62,0xD3,0x37,0x86,0x04,0x2F,0x7E,0x18,0x76,0x45},
    },
    {
        UINT32_C(185162),
        UINT64_C(0xE7F1C1CFB5F24BF9),
        UINT32_C(1024),
        UINT32_C(600),
        {0xB6,0x48,0xDC,0xEA,0x3A,0xF1,0x56,0x6C,0xF2,0x44,0x4B,0xAB,0x8D,0xB8,0x9D,0x3D,0x84,0x7C,0x84,0xB7,0x7C,0x42,0xF4,0xF2,0xA9,0xFD,0x00,0x07,0xB0,0xED,0xF9,0x86},
        {0xF5,0x43,0x66,0xF5,0x2F,0xBF,0xDC,0x11,0x33,0x54,0xCF,0x01,0xC7,0x1A,0x33,0xB2,0x95,0xF3,0x16,0x54,0x12,0xEC,0xE2,0xD2,0x1B,0x0E,0x34,0x4A,0x07,0x97,0xA6,0xFE},
    },
    {
        UINT32_C(188876),
        UINT64_C(0x04EF9F2B47E9C579),
        UINT32_C(1024),
        UINT32_C(600),
        {0x8A,0xEF,0xEB,0xBC,0x03,0xB0,0xE9,0x9B,0x4F,0x84,0x51,0x08,0x7C,0x75,0x46,0x8E,0x68,0xFC,0xA9,0xF1,0x26,0xFD,0x0B,0x59,0x82,0xB2,0xB0,0x38,0x48,0x96,0x94,0x33},
        {0x2F,0x05,0xD6,0xDE,0x99,0x94,0x8E,0xA6,0x1F,0x52,0xFE,0x02,0x6D,0x9F,0x43,0xB6,0x9D,0x75,0x73,0x7B,0x99,0x94,0x60,0x22,0x37,0x8A,0x60,0x85,0x99,0x80,0xD9,0x8A},
    },
    {
        UINT32_C(194650),
        UINT64_C(0xCEC0215AEC44880F),
        UINT32_C(1024),
        UINT32_C(600),
        {0x66,0x02,0x0D,0x31,0x28,0x50,0x33,0xD0,0x4F,0x5E,0x88,0x44,0x08,0xA3,0x30,0x39,0xF7,0x7F,0xCF,0xCE,0x75,0x73,0x13,0xE4,0x17,0x7D,0x7A,0x7A,0xDD,0x07,0x85,0xB6},
        {0xB8,0x15,0xA4,0x13,0x41,0x5A,0x64,0x63,0x2D,0xA7,0xC3,0x59,0x68,0x5C,0xD2,0xE3,0x37,0xB3,0x8F,0x21,0x82,0xAE,0x62,0xD3,0x37,0x86,0x04,0x2F,0x7E,0x18,0x76,0x45},
    },
    {
        UINT32_C(248819),
        UINT64_C(0x6FA69FFDAB431735),
        UINT32_C(800),
        UINT32_C(600),
        {0xA1,0x63,0xE6,0xBA,0x4D,0xE1,0x38,0x20,0x1F,0x82,0x5D,0xA4,0xC3,0x47,0x76,0xD8,0x6E,0x5A,0x8E,0x78,0xF7,0x03,0xD4,0x4A,0x8C,0x63,0xCE,0x15,0xD0,0x00,0x49,0x82},
        {0x5E,0xC8,0x2B,0x38,0xBE,0x1F,0x98,0xBD,0x26,0x2B,0x99,0x10,0x82,0x61,0x27,0x86,0x0D,0x8D,0xEA,0xAF,0x9E,0xE9,0x22,0xDA,0x28,0xB9,0x46,0x11,0x6B,0x7D,0xE5,0x65},
    },
    {
        UINT32_C(249808),
        UINT64_C(0xD86DD14BCA172733),
        UINT32_C(800),
        UINT32_C(600),
        {0xB4,0x2C,0xB7,0xE2,0xA2,0x21,0x45,0x75,0xFE,0xAD,0x68,0x73,0xDF,0xC1,0xC5,0x08,0x73,0xD8,0xA1,0x6C,0x14,0xFE,0x40,0x1A,0x01,0x2B,0x1F,0x2E,0xE5,0x93,0xF0,0x31},
        {0x59,0x5C,0xA3,0x23,0xEF,0x17,0x58,0x57,0x5F,0x0B,0xD5,0x19,0x77,0x6D,0x95,0x8C,0xE5,0xFF,0x3E,0x62,0x9B,0xB0,0x06,0xF8,0xDC,0xA0,0xA5,0xEE,0x36,0xA2,0xBE,0x6F},
    },
    {
        UINT32_C(252984),
        UINT64_C(0x617E782686305557),
        UINT32_C(800),
        UINT32_C(600),
        {0x23,0x99,0x1F,0x94,0x0B,0x3E,0x5B,0x7D,0x81,0x4F,0xFA,0x21,0x43,0xE7,0x63,0x79,0xF0,0xD2,0x6A,0xE7,0xAB,0x4F,0x60,0x2A,0x63,0x5A,0x07,0xC5,0x0A,0x4B,0x16,0x3C},
        {0x79,0xA5,0x90,0x9D,0x90,0x9A,0x97,0x71,0x2A,0xF1,0x78,0x38,0x61,0x1A,0x36,0xB7,0x0B,0xFA,0xE6,0x3E,0xD3,0x35,0xF3,0x2B,0xD2,0x22,0xD9,0x27,0xDF,0xA4,0x1F,0xA0},
    },
    {
        UINT32_C(259801),
        UINT64_C(0x5868DC7BD05A95AA),
        UINT32_C(800),
        UINT32_C(600),
        {0x13,0x6E,0xF3,0x87,0x59,0xA9,0x2C,0x79,0x7B,0xD7,0x34,0x83,0x53,0x88,0x52,0x9E,0x91,0xCF,0xEA,0xB7,0x64,0x3D,0x08,0x43,0x82,0x09,0xAF,0x5E,0xAD,0x42,0x5F,0x04},
        {0x14,0x73,0x79,0xD2,0x56,0x94,0x95,0x92,0x3E,0x2F,0x71,0xCB,0xBD,0x90,0x70,0xF0,0x90,0xC9,0x22,0x6D,0xDB,0xDC,0x60,0x17,0xA1,0xE2,0x3F,0x67,0x2F,0xE7,0x86,0x42},
    },
    {
        UINT32_C(318524),
        UINT64_C(0x214A2F1D8CE272A4),
        UINT32_C(1280),
        UINT32_C(750),
        {0x68,0x20,0x4B,0x48,0x77,0xA9,0x99,0x3C,0xBB,0xB0,0x88,0x05,0xDD,0x3D,0x41,0xB0,0xB9,0x4C,0x45,0x5C,0xE2,0xAC,0x08,0xE0,0x40,0x24,0x55,0xB1,0x4B,0x32,0x8E,0x2A},
        {0x69,0x69,0x3A,0x65,0xAE,0x0F,0x19,0x43,0xB7,0xE4,0x79,0x78,0x5C,0x6A,0x4F,0x25,0xF5,0x38,0xD1,0x29,0xFC,0x22,0xC4,0xEC,0x12,0xEF,0x8D,0x3B,0xD0,0xC4,0xBB,0xC0},
    },
    {
        UINT32_C(324234),
        UINT64_C(0xFC8DA790E0EA73FF),
        UINT32_C(1280),
        UINT32_C(750),
        {0x68,0x20,0x4B,0x48,0x77,0xA9,0x99,0x3C,0xBB,0xB0,0x88,0x05,0xDD,0x3D,0x41,0xB0,0xB9,0x4C,0x45,0x5C,0xE2,0xAC,0x08,0xE0,0x40,0x24,0x55,0xB1,0x4B,0x32,0x8E,0x2A},
        {0x69,0x69,0x3A,0x65,0xAE,0x0F,0x19,0x43,0xB7,0xE4,0x79,0x78,0x5C,0x6A,0x4F,0x25,0xF5,0x38,0xD1,0x29,0xFC,0x22,0xC4,0xEC,0x12,0xEF,0x8D,0x3B,0xD0,0xC4,0xBB,0xC0},
    },
    {
        UINT32_C(328632),
        UINT64_C(0x88D7C1DEA391FFE3),
        UINT32_C(1280),
        UINT32_C(750),
        {0xC8,0xA0,0xCF,0x03,0xCF,0x10,0x54,0x06,0x0B,0x36,0x0E,0xF2,0x25,0x84,0x15,0x91,0x30,0x95,0x8A,0x17,0xC0,0x4C,0x0F,0x83,0x14,0xBD,0x85,0xDA,0x53,0x86,0x36,0x24},
        {0x46,0x93,0xB1,0xD9,0x3C,0x6C,0x67,0xDA,0xE1,0xAE,0x08,0x6E,0x97,0x93,0xD8,0x69,0x3E,0x01,0x2B,0xA8,0x7A,0x7D,0x70,0x5E,0x43,0xD5,0x8A,0x57,0x8A,0x70,0x27,0x52},
    },
    {
        UINT32_C(335216),
        UINT64_C(0xB3AA39FD8F383C25),
        UINT32_C(1280),
        UINT32_C(750),
        {0xC8,0xA0,0xCF,0x03,0xCF,0x10,0x54,0x06,0x0B,0x36,0x0E,0xF2,0x25,0x84,0x15,0x91,0x30,0x95,0x8A,0x17,0xC0,0x4C,0x0F,0x83,0x14,0xBD,0x85,0xDA,0x53,0x86,0x36,0x24},
        {0x46,0x93,0xB1,0xD9,0x3C,0x6C,0x67,0xDA,0xE1,0xAE,0x08,0x6E,0x97,0x93,0xD8,0x69,0x3E,0x01,0x2B,0xA8,0x7A,0x7D,0x70,0x5E,0x43,0xD5,0x8A,0x57,0x8A,0x70,0x27,0x52},
    },
    {
        UINT32_C(348936),
        UINT64_C(0x4E81F1A1D0E70265),
        UINT32_C(1280),
        UINT32_C(750),
        {0x66,0x2F,0x9B,0x9E,0x62,0x3A,0xE4,0x9D,0x43,0x9F,0x7A,0x86,0x45,0xC7,0xF9,0x24,0x4B,0xFD,0xE1,0xFB,0xBF,0xED,0x47,0xC7,0x27,0x19,0xAA,0x44,0x8F,0x25,0x4D,0xBD},
        {0xB5,0x6B,0x5B,0xEF,0xD0,0x5B,0xEA,0x36,0x32,0xC9,0xA2,0xE9,0x95,0xF8,0x33,0x9A,0xE4,0x8B,0x1C,0xD6,0xC7,0x1D,0xDF,0x64,0xE4,0x83,0xD9,0x9F,0x67,0xB2,0x72,0x4F},
    },
    {
        UINT32_C(364022),
        UINT64_C(0x380960105E3CD99B),
        UINT32_C(1280),
        UINT32_C(750),
        {0x66,0x2F,0x9B,0x9E,0x62,0x3A,0xE4,0x9D,0x43,0x9F,0x7A,0x86,0x45,0xC7,0xF9,0x24,0x4B,0xFD,0xE1,0xFB,0xBF,0xED,0x47,0xC7,0x27,0x19,0xAA,0x44,0x8F,0x25,0x4D,0xBD},
        {0xB5,0x6B,0x5B,0xEF,0xD0,0x5B,0xEA,0x36,0x32,0xC9,0xA2,0xE9,0x95,0xF8,0x33,0x9A,0xE4,0x8B,0x1C,0xD6,0xC7,0x1D,0xDF,0x64,0xE4,0x83,0xD9,0x9F,0x67,0xB2,0x72,0x4F},
    },
    {
        UINT32_C(368386),
        UINT64_C(0xC367CD32E2ADFD78),
        UINT32_C(1280),
        UINT32_C(750),
        {0xE0,0xC2,0x60,0x8C,0x00,0x23,0xF1,0xC1,0xDF,0xA5,0xC8,0x1B,0x1E,0x84,0xFD,0xD8,0x50,0x5D,0x47,0xDB,0x85,0x46,0xEB,0x72,0x86,0x24,0xCD,0xD3,0xB8,0x56,0x85,0x73},
        {0x22,0x91,0xD0,0x35,0xC3,0x67,0x92,0x33,0xB5,0xEB,0xC7,0x8D,0xD1,0xF9,0x18,0x7D,0x9B,0xAF,0xD0,0xD4,0x23,0x62,0xEB,0xD6,0x7E,0xE7,0x19,0x1B,0x20,0x15,0x65,0xAF},
    },
    {
        UINT32_C(379504),
        UINT64_C(0x211FFCE8457894B2),
        UINT32_C(1280),
        UINT32_C(750),
        {0xE0,0xC2,0x60,0x8C,0x00,0x23,0xF1,0xC1,0xDF,0xA5,0xC8,0x1B,0x1E,0x84,0xFD,0xD8,0x50,0x5D,0x47,0xDB,0x85,0x46,0xEB,0x72,0x86,0x24,0xCD,0xD3,0xB8,0x56,0x85,0x73},
        {0x22,0x91,0xD0,0x35,0xC3,0x67,0x92,0x33,0xB5,0xEB,0xC7,0x8D,0xD1,0xF9,0x18,0x7D,0x9B,0xAF,0xD0,0xD4,0x23,0x62,0xEB,0xD6,0x7E,0xE7,0x19,0x1B,0x20,0x15,0x65,0xAF},
    },
    {
        UINT32_C(387022),
        UINT64_C(0x3C20063569CD6647),
        UINT32_C(1280),
        UINT32_C(750),
        {0xAD,0xEA,0xCB,0xCE,0x02,0xF0,0xE5,0x6E,0xF7,0xA8,0xB1,0x18,0xDB,0x94,0xA8,0xF2,0x43,0x52,0x3C,0xAF,0xA2,0x8B,0x11,0x73,0xEC,0x38,0xCF,0x3B,0x72,0x6E,0x9F,0x04},
        {0xB3,0xCA,0x87,0xF5,0x5D,0x26,0xB8,0xDB,0x03,0xFB,0x89,0x4B,0x5C,0xFF,0x41,0x37,0xBD,0x64,0xB7,0x61,0x36,0x72,0x0B,0x5E,0xD9,0x66,0xC0,0xD1,0xC7,0x2A,0x90,0x8E},
    },
    {
        UINT32_C(412132),
        UINT64_C(0xA3C736EF356F5146),
        UINT32_C(1280),
        UINT32_C(750),
        {0x63,0xD8,0x12,0xE6,0x6A,0xCC,0xB5,0x1D,0xC4,0xA6,0x71,0x39,0xC2,0x26,0x0A,0x66,0xBD,0xDD,0xF4,0x83,0x0D,0xCD,0x01,0xC1,0x6B,0xC7,0xFA,0x69,0x1A,0x7A,0xF4,0x7C},
        {0xAB,0xF6,0x57,0x17,0x58,0xDF,0x61,0x8A,0x05,0x48,0xE2,0x93,0xC2,0x4E,0xDC,0x10,0x39,0x63,0x16,0xCC,0xAE,0xC2,0xF2,0x80,0x75,0x96,0x3F,0x0D,0x54,0x9F,0x78,0x9C},
    },
    {
        UINT32_C(420794),
        UINT64_C(0xF50B105A7693D05D),
        UINT32_C(1280),
        UINT32_C(750),
        {0xAD,0xEA,0xCB,0xCE,0x02,0xF0,0xE5,0x6E,0xF7,0xA8,0xB1,0x18,0xDB,0x94,0xA8,0xF2,0x43,0x52,0x3C,0xAF,0xA2,0x8B,0x11,0x73,0xEC,0x38,0xCF,0x3B,0x72,0x6E,0x9F,0x04},
        {0xB3,0xCA,0x87,0xF5,0x5D,0x26,0xB8,0xDB,0x03,0xFB,0x89,0x4B,0x5C,0xFF,0x41,0x37,0xBD,0x64,0xB7,0x61,0x36,0x72,0x0B,0x5E,0xD9,0x66,0xC0,0xD1,0xC7,0x2A,0x90,0x8E},
    },
    {
        UINT32_C(421087),
        UINT64_C(0x1E70B121E8088DCD),
        UINT32_C(1000),
        UINT32_C(800),
        {0xC9,0x6B,0x3F,0x92,0x98,0xF4,0xBA,0x4E,0x10,0xDB,0x56,0x3B,0x1B,0xAC,0x9A,0x9E,0x17,0xE7,0x1C,0xFD,0x35,0x8F,0x66,0x6F,0x77,0xCB,0xC3,0x79,0x7B,0x4C,0x7F,0x6B},
        {0x31,0x09,0x12,0x33,0x1B,0x9E,0xA9,0x78,0x7E,0x55,0xBD,0xE0,0x99,0x5B,0xDD,0x30,0x39,0x14,0xA3,0x43,0x2D,0xD9,0x1D,0xE2,0x18,0xDB,0xB8,0xA7,0x8C,0x37,0x43,0x83},
    },
    {
        UINT32_C(426722),
        UINT64_C(0x91D1DDF435EDE428),
        UINT32_C(1280),
        UINT32_C(750),
        {0x63,0xD8,0x12,0xE6,0x6A,0xCC,0xB5,0x1D,0xC4,0xA6,0x71,0x39,0xC2,0x26,0x0A,0x66,0xBD,0xDD,0xF4,0x83,0x0D,0xCD,0x01,0xC1,0x6B,0xC7,0xFA,0x69,0x1A,0x7A,0xF4,0x7C},
        {0xAB,0xF6,0x57,0x17,0x58,0xDF,0x61,0x8A,0x05,0x48,0xE2,0x93,0xC2,0x4E,0xDC,0x10,0x39,0x63,0x16,0xCC,0xAE,0xC2,0xF2,0x80,0x75,0x96,0x3F,0x0D,0x54,0x9F,0x78,0x9C},
    },
    {
        UINT32_C(427184),
        UINT64_C(0xFBCE2612D5431399),
        UINT32_C(1280),
        UINT32_C(750),
        {0xA1,0xBD,0x2D,0xAA,0x7D,0xD0,0xC7,0xE1,0x43,0x64,0x2C,0xA1,0xDF,0x35,0xB0,0x29,0x1A,0x91,0x3E,0x14,0xE8,0x34,0xDA,0x2B,0xE7,0xB1,0x0B,0x93,0x8F,0x65,0x25,0x9A},
        {0x67,0x54,0x41,0x18,0x90,0xCD,0xCA,0x2A,0xA4,0x14,0xEE,0x4F,0xE7,0x02,0xDC,0xEA,0xA8,0x47,0xE7,0x28,0xBE,0x40,0x19,0x7D,0xE2,0xA1,0x24,0xC3,0xED,0xDD,0x60,0xF0},
    },
    {
        UINT32_C(432230),
        UINT64_C(0x3DD503BCCFEC7D29),
        UINT32_C(1280),
        UINT32_C(750),
        {0xA1,0xBD,0x2D,0xAA,0x7D,0xD0,0xC7,0xE1,0x43,0x64,0x2C,0xA1,0xDF,0x35,0xB0,0x29,0x1A,0x91,0x3E,0x14,0xE8,0x34,0xDA,0x2B,0xE7,0xB1,0x0B,0x93,0x8F,0x65,0x25,0x9A},
        {0x67,0x54,0x41,0x18,0x90,0xCD,0xCA,0x2A,0xA4,0x14,0xEE,0x4F,0xE7,0x02,0xDC,0xEA,0xA8,0x47,0xE7,0x28,0xBE,0x40,0x19,0x7D,0xE2,0xA1,0x24,0xC3,0xED,0xDD,0x60,0xF0},
    },
    {
        UINT32_C(448774),
        UINT64_C(0x8234EC4B1E0F3423),
        UINT32_C(1280),
        UINT32_C(750),
        {0xFD,0xEC,0x60,0x78,0x49,0x6E,0x80,0x81,0xCA,0x5F,0xFA,0x55,0xDF,0x68,0xB1,0x52,0x54,0x5E,0x98,0xDA,0x53,0xC0,0x60,0x79,0x57,0x05,0x8B,0x7D,0xD3,0xEA,0x38,0x41},
        {0xC5,0x22,0xDC,0x7B,0x3B,0xC0,0x18,0x07,0x4A,0x28,0xAE,0xB1,0xE1,0x82,0x39,0x5B,0xE0,0x38,0xFE,0xC6,0xEE,0x34,0xCA,0xED,0x45,0xC3,0x82,0x56,0x99,0x28,0xB7,0x8A},
    },
    {
        UINT32_C(452850),
        UINT64_C(0xE1EDBE6FB5C20348),
        UINT32_C(820),
        UINT32_C(2000),
        {0xAF,0x39,0xF6,0xBB,0x28,0xAF,0xA1,0x93,0x44,0xC4,0x0E,0xD7,0x15,0x37,0xB8,0x98,0x37,0x77,0x05,0x70,0xBD,0x51,0x09,0x70,0x7C,0x70,0x2E,0x5E,0x54,0x62,0xFF,0x5A},
        {0x3C,0x17,0x6B,0xF0,0xDF,0x5E,0x77,0x8D,0x0D,0x6E,0xF2,0x45,0xB7,0xD4,0xE9,0xEA,0xE8,0x47,0x6D,0xEB,0x6A,0x2F,0xCB,0x4D,0x86,0xC8,0x0E,0x74,0x53,0x75,0xE1,0xA9},
    },
    {
        UINT32_C(465794),
        UINT64_C(0x3CEBAA290DC2E460),
        UINT32_C(1280),
        UINT32_C(750),
        {0xFD,0xEC,0x60,0x78,0x49,0x6E,0x80,0x81,0xCA,0x5F,0xFA,0x55,0xDF,0x68,0xB1,0x52,0x54,0x5E,0x98,0xDA,0x53,0xC0,0x60,0x79,0x57,0x05,0x8B,0x7D,0xD3,0xEA,0x38,0x41},
        {0xC5,0x22,0xDC,0x7B,0x3B,0xC0,0x18,0x07,0x4A,0x28,0xAE,0xB1,0xE1,0x82,0x39,0x5B,0xE0,0x38,0xFE,0xC6,0xEE,0x34,0xCA,0xED,0x45,0xC3,0x82,0x56,0x99,0x28,0xB7,0x8A},
    },
    {
        UINT32_C(493830),
        UINT64_C(0x25C99E2D0DC4C1A1),
        UINT32_C(1280),
        UINT32_C(750),
        {0xEE,0xD1,0xB0,0x40,0xD7,0xBF,0xB8,0x8E,0x07,0xCC,0x85,0x18,0x79,0xBE,0xAA,0x57,0xAA,0x21,0x95,0x1D,0xDB,0xBF,0x9C,0xFE,0xDE,0xAD,0x4B,0xC7,0x95,0xAB,0x28,0xE6},
        {0x7C,0xFB,0xD3,0x78,0x73,0xA5,0xA3,0xAF,0xB9,0x34,0x41,0x65,0x49,0x2E,0x32,0xF5,0x00,0xCB,0x65,0x6E,0x07,0xE8,0x9C,0x46,0xC4,0x95,0x96,0x88,0xF3,0x9C,0xDB,0xC3},
    },
    {
        UINT32_C(508646),
        UINT64_C(0xBFC9143DB69D2885),
        UINT32_C(1280),
        UINT32_C(750),
        {0x1C,0x81,0xD6,0xAF,0x97,0x31,0x66,0xD0,0x7B,0xA4,0x1B,0x51,0xD1,0x30,0xB7,0x4F,0xA5,0x39,0xA4,0x19,0x50,0x92,0xB8,0x0A,0x19,0x40,0x2E,0x21,0x8C,0xB6,0x0C,0xAC},
        {0x8D,0x5E,0x80,0x13,0xAA,0x1D,0xF9,0x86,0x96,0xD9,0x38,0x4A,0xE9,0x24,0x8E,0x5A,0x9F,0x50,0xD7,0x46,0xBD,0x74,0x3D,0x8C,0x52,0x01,0xE0,0xD2,0xD8,0x0E,0xC0,0x0A},
    },
    {
        UINT32_C(518102),
        UINT64_C(0x2060B409562AA00F),
        UINT32_C(1280),
        UINT32_C(750),
        {0xEE,0xD1,0xB0,0x40,0xD7,0xBF,0xB8,0x8E,0x07,0xCC,0x85,0x18,0x79,0xBE,0xAA,0x57,0xAA,0x21,0x95,0x1D,0xDB,0xBF,0x9C,0xFE,0xDE,0xAD,0x4B,0xC7,0x95,0xAB,0x28,0xE6},
        {0x7C,0xFB,0xD3,0x78,0x73,0xA5,0xA3,0xAF,0xB9,0x34,0x41,0x65,0x49,0x2E,0x32,0xF5,0x00,0xCB,0x65,0x6E,0x07,0xE8,0x9C,0x46,0xC4,0x95,0x96,0x88,0xF3,0x9C,0xDB,0xC3},
    },
    {
        UINT32_C(534310),
        UINT64_C(0x65868396F4431EFF),
        UINT32_C(1280),
        UINT32_C(750),
        {0x1C,0x81,0xD6,0xAF,0x97,0x31,0x66,0xD0,0x7B,0xA4,0x1B,0x51,0xD1,0x30,0xB7,0x4F,0xA5,0x39,0xA4,0x19,0x50,0x92,0xB8,0x0A,0x19,0x40,0x2E,0x21,0x8C,0xB6,0x0C,0xAC},
        {0x8D,0x5E,0x80,0x13,0xAA,0x1D,0xF9,0x86,0x96,0xD9,0x38,0x4A,0xE9,0x24,0x8E,0x5A,0x9F,0x50,0xD7,0x46,0xBD,0x74,0x3D,0x8C,0x52,0x01,0xE0,0xD2,0xD8,0x0E,0xC0,0x0A},
    },
    {
        UINT32_C(551210),
        UINT64_C(0x2025E918FAC566CD),
        UINT32_C(1280),
        UINT32_C(750),
        {0xD9,0x11,0xEB,0x60,0x73,0x79,0x96,0xCF,0x82,0x59,0x77,0x99,0x00,0xC0,0xD3,0x0A,0xDE,0xC5,0xFD,0x22,0x8E,0x29,0xB9,0xB0,0xB8,0xB0,0xA4,0xF5,0x57,0x66,0x1E,0xFE},
        {0xCE,0x06,0x3E,0x4C,0xAE,0x9B,0xEB,0x96,0x8F,0xE5,0xD0,0x18,0x71,0x3E,0x3C,0xAC,0x9C,0xE7,0xE9,0xE1,0x8E,0x53,0xAC,0x7A,0x58,0xBA,0xFC,0x3C,0x2A,0x83,0x99,0xD3},
    },
    {
        UINT32_C(559824),
        UINT64_C(0xA1ECAB9E013040FC),
        UINT32_C(1280),
        UINT32_C(750),
        {0xD9,0x11,0xEB,0x60,0x73,0x79,0x96,0xCF,0x82,0x59,0x77,0x99,0x00,0xC0,0xD3,0x0A,0xDE,0xC5,0xFD,0x22,0x8E,0x29,0xB9,0xB0,0xB8,0xB0,0xA4,0xF5,0x57,0x66,0x1E,0xFE},
        {0xCE,0x06,0x3E,0x4C,0xAE,0x9B,0xEB,0x96,0x8F,0xE5,0xD0,0x18,0x71,0x3E,0x3C,0xAC,0x9C,0xE7,0xE9,0xE1,0x8E,0x53,0xAC,0x7A,0x58,0xBA,0xFC,0x3C,0x2A,0x83,0x99,0xD3},
    },
    {
        UINT32_C(660768),
        UINT64_C(0x5B9C290558370139),
        UINT32_C(1280),
        UINT32_C(750),
        {0x02,0xAE,0x22,0x8A,0x78,0x73,0x93,0xF7,0xE8,0xEF,0xBE,0xCC,0x2B,0x50,0x76,0x6A,0x6F,0xD1,0x0F,0x18,0xEF,0x24,0xE2,0xFA,0xE3,0x96,0x05,0x1D,0x55,0x6D,0x08,0xAE},
        {0x83,0xFE,0xCB,0x0E,0x3C,0x11,0xFE,0x14,0x10,0x6C,0xC6,0x25,0x11,0xB7,0x26,0x2F,0xF3,0x28,0x0C,0x64,0xC3,0xBA,0xFD,0xE2,0xA8,0xB7,0x9B,0x92,0x96,0x40,0x75,0x90},
    },
    {
        UINT32_C(667546),
        UINT64_C(0x69164525CB5E08C2),
        UINT32_C(1280),
        UINT32_C(750),
        {0x02,0xAE,0x22,0x8A,0x78,0x73,0x93,0xF7,0xE8,0xEF,0xBE,0xCC,0x2B,0x50,0x76,0x6A,0x6F,0xD1,0x0F,0x18,0xEF,0x24,0xE2,0xFA,0xE3,0x96,0x05,0x1D,0x55,0x6D,0x08,0xAE},
        {0x83,0xFE,0xCB,0x0E,0x3C,0x11,0xFE,0x14,0x10,0x6C,0xC6,0x25,0x11,0xB7,0x26,0x2F,0xF3,0x28,0x0C,0x64,0xC3,0xBA,0xFD,0xE2,0xA8,0xB7,0x9B,0x92,0x96,0x40,0x75,0x90},
    },
};
static const uint32_t photon_v6_pf_exact_rgba_count =
    UINT32_C(1082);

#endif /* PHOTON_V6_PF_EXACT_RGBA_TABLE_GENERATED_H */
