/* Generated from the sealed V6 exact-RGBA sidecar manifest. */
/* Do not edit by hand.  This file contains no image bytes. */
/* Source manifest SHA-256: 81A2A9BB9B0469D961557410664673DF461522621074BF37AB6F8544459711DC */
#ifndef PHOTON_V6_PM_EXACT_RGBA_TABLE_GENERATED_H
#define PHOTON_V6_PM_EXACT_RGBA_TABLE_GENERATED_H

#include <stdint.h>

#ifndef PHOTON_V6_EXACT_RGBA_ENTRY_DEFINED
#define PHOTON_V6_EXACT_RGBA_ENTRY_DEFINED
typedef struct PhotonV6ExactRgbaEntry {
    uint32_t payload_bytes;
    uint64_t payload_fnv1a64;
    uint32_t width;
    uint32_t height;
    uint8_t png_sha256[32];
    uint8_t logical_rgba_sha256[32];
} PhotonV6ExactRgbaEntry;
#endif

static const PhotonV6ExactRgbaEntry photon_v6_pm_exact_rgba[] = {
    {
        UINT32_C(936),
        UINT64_C(0x40F79CEDDC8E7B30),
        UINT32_C(268),
        UINT32_C(38),
        {0x21,0xFE,0xE7,0x4D,0x90,0x6A,0x96,0xBD,0xA9,0x59,0xEB,0x99,0x69,0x52,0xE4,0x83,0xDE,0x82,0x35,0xA6,0x6E,0x79,0xFD,0xF4,0x85,0x52,0x5F,0x91,0x5D,0x76,0xC0,0x6F},
        {0x99,0xBF,0xF6,0x3F,0x68,0xCE,0x29,0x23,0x12,0x2B,0xA5,0x2C,0xF4,0xDC,0xD4,0x80,0x52,0xF6,0x50,0xE5,0xB3,0x8F,0xB0,0x31,0x01,0x32,0x4F,0x46,0x63,0x30,0x2C,0xB5},
    },
    {
        UINT32_C(976),
        UINT64_C(0xA506C9E304904CCB),
        UINT32_C(268),
        UINT32_C(38),
        {0x1D,0x4D,0xB2,0x77,0xF6,0x11,0x65,0xDF,0xFC,0x63,0xE6,0x07,0xE9,0xA9,0x5C,0x6A,0xC0,0x67,0x07,0x6D,0x70,0xE0,0x4F,0xBC,0xFE,0xA5,0xD6,0xEE,0xCD,0xE6,0x37,0xDB},
        {0x14,0xFF,0x0A,0xF3,0x8E,0xBE,0xA6,0xDC,0x41,0x02,0xF8,0xFC,0xD8,0xBB,0x0E,0x6E,0x16,0x36,0xA4,0xBD,0xD8,0xD3,0x06,0xF9,0x29,0x55,0x97,0x00,0x2F,0xFE,0x36,0xCD},
    },
    {
        UINT32_C(1046),
        UINT64_C(0x47F229C429AD04BA),
        UINT32_C(314),
        UINT32_C(24),
        {0x50,0x58,0x0A,0x39,0x48,0xAA,0x46,0x61,0x97,0x51,0x1E,0x58,0xC6,0xE3,0xDC,0x9C,0x88,0xFD,0x49,0x86,0xCD,0xAE,0x20,0x60,0x32,0x88,0x3E,0xEA,0x20,0xDA,0xC3,0x47},
        {0xD7,0xC8,0x41,0x23,0x38,0xF2,0x85,0x36,0x24,0xDF,0x0F,0xF7,0x7B,0x30,0x7A,0x3F,0xBE,0xA8,0x8E,0xD0,0x1D,0xC2,0x1C,0x1B,0xB7,0x7A,0xF9,0x5B,0x15,0x6C,0x32,0x01},
    },
    {
        UINT32_C(1092),
        UINT64_C(0xC6D113D9A8EB068D),
        UINT32_C(268),
        UINT32_C(38),
        {0x3A,0x91,0xB2,0x04,0x40,0x23,0xA2,0xDD,0x01,0x3E,0x05,0x13,0xB5,0xCC,0xC0,0x42,0x95,0x9F,0xA7,0x1E,0x8D,0xC1,0x92,0x92,0xD9,0x18,0x41,0xDF,0x7E,0x5D,0xA6,0xC9},
        {0xEE,0x1C,0xFF,0xAC,0x7F,0xDE,0xA4,0xE0,0xD9,0x37,0xE2,0xDC,0x26,0x73,0x50,0xC0,0x8E,0x41,0x69,0x4F,0xD4,0x63,0x3F,0x76,0x30,0x9E,0x57,0x5F,0x07,0xF1,0x7F,0xF0},
    },
    {
        UINT32_C(1102),
        UINT64_C(0xF1B0F8F03253E200),
        UINT32_C(268),
        UINT32_C(38),
        {0xE5,0xDD,0xF9,0x75,0x9B,0x6B,0xA9,0xF0,0x85,0x3D,0x1B,0x66,0x80,0xF2,0x04,0x95,0x79,0xD8,0xA0,0x17,0x00,0xCF,0x73,0xB8,0x22,0x42,0xAA,0xA6,0x3D,0x15,0xC3,0x01},
        {0xEF,0x50,0xBA,0xEB,0x3A,0x42,0x1E,0x24,0xBC,0x81,0x3C,0x31,0x4A,0xAF,0x08,0xE1,0xA7,0x48,0xD8,0x0E,0x6C,0x87,0xC0,0x23,0xCA,0x80,0x00,0x51,0x9E,0xD3,0x7C,0x81},
    },
    {
        UINT32_C(1156),
        UINT64_C(0x29930D95F311C27C),
        UINT32_C(268),
        UINT32_C(38),
        {0x15,0xE6,0xD1,0xDC,0x48,0x2D,0xB2,0xBF,0xA7,0x81,0x58,0xA2,0x78,0xDA,0x11,0x06,0xEC,0x50,0x9B,0x56,0xB4,0xAF,0x67,0x30,0xA8,0x0D,0xF2,0xB7,0xE0,0xDE,0x67,0x59},
        {0xFB,0x7A,0x6A,0x53,0xBD,0xE5,0xF0,0x95,0xAC,0x54,0x2A,0x78,0xCD,0x93,0xFE,0x93,0x75,0xA5,0x0B,0x0A,0x28,0xCD,0x91,0x79,0x07,0xED,0x18,0x0A,0xB2,0xE5,0x0B,0xA1},
    },
    {
        UINT32_C(1166),
        UINT64_C(0x7742F715EC6EE2C0),
        UINT32_C(268),
        UINT32_C(38),
        {0xC9,0x65,0x08,0xCD,0xC6,0x4A,0x92,0x38,0xC0,0xCE,0x5D,0xED,0x7F,0x5E,0x69,0xE0,0xBA,0x13,0x00,0x84,0x7D,0xEE,0x50,0x96,0x4A,0x74,0x18,0x98,0x4E,0x9A,0xEF,0x2C},
        {0x4D,0x81,0x92,0x99,0x9A,0x9D,0xD3,0xD8,0x1D,0xF9,0xBB,0x97,0x2B,0xD9,0x5C,0xCB,0x06,0x28,0xDA,0xD4,0xC1,0x03,0xB9,0xEE,0x23,0xBC,0xB2,0x75,0x59,0xE2,0xB4,0x72},
    },
    {
        UINT32_C(1244),
        UINT64_C(0x82E094C9B7DBC79C),
        UINT32_C(314),
        UINT32_C(24),
        {0x50,0x58,0x0A,0x39,0x48,0xAA,0x46,0x61,0x97,0x51,0x1E,0x58,0xC6,0xE3,0xDC,0x9C,0x88,0xFD,0x49,0x86,0xCD,0xAE,0x20,0x60,0x32,0x88,0x3E,0xEA,0x20,0xDA,0xC3,0x47},
        {0xD7,0xC8,0x41,0x23,0x38,0xF2,0x85,0x36,0x24,0xDF,0x0F,0xF7,0x7B,0x30,0x7A,0x3F,0xBE,0xA8,0x8E,0xD0,0x1D,0xC2,0x1C,0x1B,0xB7,0x7A,0xF9,0x5B,0x15,0x6C,0x32,0x01},
    },
    {
        UINT32_C(1284),
        UINT64_C(0x86EE3A0428255F0C),
        UINT32_C(314),
        UINT32_C(24),
        {0x38,0xFB,0x3C,0x1D,0xEA,0xB7,0x03,0xCC,0x6F,0xA4,0x32,0x94,0xA4,0x40,0x3E,0x5A,0xC1,0xDB,0xD3,0xF7,0x90,0x70,0x99,0x42,0xC0,0xAD,0x3C,0x57,0xF3,0x2C,0x2E,0xE9},
        {0xF7,0x1F,0xCB,0xD1,0x7F,0xB2,0xED,0xDE,0xA8,0x83,0xC8,0xE4,0xF6,0x86,0xDC,0xD3,0xD0,0xBE,0x1D,0xD6,0xF1,0x3C,0xA5,0x28,0x48,0xC7,0x99,0xEB,0x1B,0xED,0x62,0x0F},
    },
    {
        UINT32_C(1322),
        UINT64_C(0x11456B7C422507A1),
        UINT32_C(268),
        UINT32_C(38),
        {0xCE,0xC2,0x80,0x90,0x65,0xFA,0x78,0x96,0x2E,0xF9,0xFB,0x8B,0x40,0x1A,0x60,0x5C,0xE7,0x07,0x00,0x71,0x59,0x6A,0x2F,0x05,0xCE,0x04,0xCC,0x4B,0x6D,0xCF,0xC8,0xEE},
        {0x4F,0xDA,0x66,0x42,0x94,0x6A,0x78,0xBC,0x87,0x0C,0x4D,0x45,0xD9,0x34,0x04,0xF8,0xCD,0x2F,0xAC,0x10,0xCA,0x9C,0x24,0x40,0xCC,0x68,0x34,0xAA,0x83,0xD1,0xD6,0x6C},
    },
    {
        UINT32_C(1386),
        UINT64_C(0x1F560EC11AD5120A),
        UINT32_C(268),
        UINT32_C(38),
        {0x58,0x87,0x66,0xA5,0xAA,0x85,0xA5,0xCB,0x9E,0xAD,0xD6,0xC7,0x03,0xE1,0x5A,0x11,0x7D,0x43,0xA2,0x3E,0x30,0xEB,0xA5,0x2B,0x70,0xB9,0xFA,0x28,0xF6,0x8E,0x12,0xF5},
        {0x71,0x6F,0x01,0x8E,0xE1,0xF2,0x4E,0xC1,0x6E,0x47,0x2C,0xB0,0xA6,0x82,0xCC,0x6B,0xCD,0x65,0xC2,0x85,0x7B,0x47,0x8E,0xCB,0x73,0xEF,0xFE,0xEA,0x6A,0x93,0xF0,0x27},
    },
    {
        UINT32_C(1416),
        UINT64_C(0xBB8748454C57045A),
        UINT32_C(268),
        UINT32_C(38),
        {0xD5,0x75,0xCE,0xAF,0x8D,0x85,0xD3,0xDF,0x8B,0x62,0xCD,0xEB,0x1C,0x50,0xFB,0xD6,0x0A,0x8C,0x94,0x09,0xD2,0xDE,0xD4,0xB2,0xB2,0x7C,0x2F,0x51,0x4A,0x7E,0x71,0xA2},
        {0x8F,0xB6,0x51,0x87,0xFF,0x38,0x5A,0xA0,0x0B,0x82,0x1F,0x13,0x8E,0xC5,0x22,0x55,0xE5,0xC4,0x82,0x86,0x63,0xD3,0xC5,0x10,0x7D,0xBC,0x18,0xD1,0xFB,0xA2,0x46,0x68},
    },
    {
        UINT32_C(1460),
        UINT64_C(0x1CDD74EC3F76088C),
        UINT32_C(268),
        UINT32_C(38),
        {0x59,0x2C,0xA8,0x60,0x4B,0x00,0x7D,0x3F,0x32,0x78,0xDD,0x31,0x0D,0xE0,0x89,0x8B,0x89,0x3D,0x3B,0x6D,0xDE,0xDE,0x07,0xF8,0x66,0xD2,0xB2,0x51,0x99,0x55,0x52,0x2D},
        {0xBF,0xC7,0x69,0x64,0xC4,0xB7,0xA6,0xA8,0x74,0xFE,0xDA,0xE1,0x38,0xB6,0xAA,0x6F,0x82,0x8D,0xFD,0x91,0x97,0x56,0x4A,0xC7,0xB7,0x59,0x5F,0x2F,0x49,0x65,0xD0,0xA1},
    },
    {
        UINT32_C(1580),
        UINT64_C(0x24B6B55034562EE0),
        UINT32_C(268),
        UINT32_C(38),
        {0xE5,0xDD,0xF9,0x75,0x9B,0x6B,0xA9,0xF0,0x85,0x3D,0x1B,0x66,0x80,0xF2,0x04,0x95,0x79,0xD8,0xA0,0x17,0x00,0xCF,0x73,0xB8,0x22,0x42,0xAA,0xA6,0x3D,0x15,0xC3,0x01},
        {0xEF,0x50,0xBA,0xEB,0x3A,0x42,0x1E,0x24,0xBC,0x81,0x3C,0x31,0x4A,0xAF,0x08,0xE1,0xA7,0x48,0xD8,0x0E,0x6C,0x87,0xC0,0x23,0xCA,0x80,0x00,0x51,0x9E,0xD3,0x7C,0x81},
    },
    {
        UINT32_C(1588),
        UINT64_C(0xB39FF923C824612F),
        UINT32_C(268),
        UINT32_C(38),
        {0x46,0xD9,0x4E,0x44,0xB3,0x7A,0x63,0x8F,0x98,0xF3,0x0E,0xBD,0x64,0x17,0xA4,0xDC,0x23,0x70,0x1C,0x87,0x55,0x9D,0x9F,0x6A,0x01,0x17,0x46,0xEB,0x19,0xB4,0x5C,0x3A},
        {0x27,0x88,0x13,0xF7,0x20,0x3E,0x85,0x89,0x2E,0xCF,0xED,0xCC,0x28,0xF6,0xD6,0xCD,0x26,0xE8,0x3C,0x1D,0xEA,0xB8,0x8C,0xEB,0x9E,0x02,0xFD,0xD0,0x8B,0xBF,0xE4,0xA9},
    },
    {
        UINT32_C(1660),
        UINT64_C(0x963D89B3B999799E),
        UINT32_C(268),
        UINT32_C(38),
        {0x22,0x51,0xBF,0xA4,0x79,0xC8,0x96,0x1E,0x9B,0x0D,0xD8,0x4C,0xE2,0x70,0xE8,0x8D,0x10,0xE1,0x9E,0x89,0x87,0xB8,0x5A,0x25,0x93,0x5C,0x73,0x4A,0x0D,0xED,0xBD,0x6C},
        {0x5C,0xBF,0x29,0x29,0x1C,0x17,0xB2,0x86,0x6E,0x9D,0x36,0x95,0x30,0x43,0x92,0x4C,0x7C,0xD4,0x8E,0x62,0x2D,0xA0,0xAC,0x05,0x49,0xF9,0x03,0xA6,0xD1,0xF6,0x16,0x17},
    },
    {
        UINT32_C(1664),
        UINT64_C(0xD6F41D83E26DF5A5),
        UINT32_C(268),
        UINT32_C(38),
        {0xEA,0xCF,0x72,0xB4,0xC5,0xA2,0xFD,0xCF,0xB7,0xED,0xC9,0xF9,0x53,0x88,0xCD,0x0A,0x1C,0x75,0x8B,0x0A,0x89,0x3F,0x64,0xC5,0x52,0xB5,0x3E,0x42,0x53,0xE8,0x33,0x23},
        {0x95,0x1E,0xE8,0x5D,0xA2,0x69,0x06,0x91,0xDA,0x9D,0x56,0x2C,0x7C,0xF5,0x82,0xBF,0x63,0xA4,0x38,0xAB,0x6A,0x0C,0x26,0xAF,0x48,0x5A,0xA2,0x8D,0x86,0x98,0x5A,0xB3},
    },
    {
        UINT32_C(1668),
        UINT64_C(0x573214B9BE39F9BC),
        UINT32_C(314),
        UINT32_C(24),
        {0xAA,0x8C,0x8A,0xFA,0x65,0xC3,0xED,0xFB,0x91,0x5E,0x59,0xE5,0x5C,0xC7,0xA3,0xBF,0x35,0x8E,0x62,0xC4,0x01,0xFC,0x59,0xAD,0x94,0x76,0x55,0x94,0xC5,0xD5,0xC0,0x33},
        {0x3C,0x58,0x67,0xD4,0x93,0x87,0x8C,0xE7,0xD3,0xC8,0xE8,0x8B,0x90,0x36,0x96,0x83,0x40,0x8F,0x38,0xF7,0xE5,0x41,0x65,0xCA,0xF2,0x55,0x77,0xA9,0x39,0xE2,0x7A,0xCC},
    },
    {
        UINT32_C(1670),
        UINT64_C(0x8BF564CC9B1AF906),
        UINT32_C(268),
        UINT32_C(38),
        {0xC9,0x65,0x08,0xCD,0xC6,0x4A,0x92,0x38,0xC0,0xCE,0x5D,0xED,0x7F,0x5E,0x69,0xE0,0xBA,0x13,0x00,0x84,0x7D,0xEE,0x50,0x96,0x4A,0x74,0x18,0x98,0x4E,0x9A,0xEF,0x2C},
        {0x4D,0x81,0x92,0x99,0x9A,0x9D,0xD3,0xD8,0x1D,0xF9,0xBB,0x97,0x2B,0xD9,0x5C,0xCB,0x06,0x28,0xDA,0xD4,0xC1,0x03,0xB9,0xEE,0x23,0xBC,0xB2,0x75,0x59,0xE2,0xB4,0x72},
    },
    {
        UINT32_C(1674),
        UINT64_C(0x5ACEF948ABE1B4EC),
        UINT32_C(314),
        UINT32_C(24),
        {0x38,0xFB,0x3C,0x1D,0xEA,0xB7,0x03,0xCC,0x6F,0xA4,0x32,0x94,0xA4,0x40,0x3E,0x5A,0xC1,0xDB,0xD3,0xF7,0x90,0x70,0x99,0x42,0xC0,0xAD,0x3C,0x57,0xF3,0x2C,0x2E,0xE9},
        {0xF7,0x1F,0xCB,0xD1,0x7F,0xB2,0xED,0xDE,0xA8,0x83,0xC8,0xE4,0xF6,0x86,0xDC,0xD3,0xD0,0xBE,0x1D,0xD6,0xF1,0x3C,0xA5,0x28,0x48,0xC7,0x99,0xEB,0x1B,0xED,0x62,0x0F},
    },
    {
        UINT32_C(1678),
        UINT64_C(0xED958E7D4B2094CF),
        UINT32_C(268),
        UINT32_C(38),
        {0xC7,0xFE,0x85,0xBD,0x97,0x52,0xD4,0x49,0x85,0xF3,0x57,0xAF,0xD8,0xBE,0x04,0xD4,0xEA,0x2E,0x94,0x7B,0xEC,0x5A,0x85,0x49,0xA6,0xAC,0xDB,0x2E,0xEA,0x16,0x9F,0xB9},
        {0xF8,0x57,0x8B,0xFC,0x2E,0x6C,0xAB,0x93,0xFE,0xBB,0xF7,0x01,0xC3,0x86,0xC8,0xA8,0x42,0xCF,0x74,0x0E,0xA0,0x9E,0x3E,0x60,0xF7,0x3F,0x16,0x9C,0xB0,0xF5,0x23,0x41},
    },
    {
        UINT32_C(1742),
        UINT64_C(0x57BC594C4736088D),
        UINT32_C(268),
        UINT32_C(38),
        {0xDF,0xBD,0xC0,0xA9,0x83,0x49,0xBA,0x40,0xF1,0x94,0xC9,0x17,0xED,0x92,0xD7,0x3B,0x85,0x4F,0x95,0xEF,0xF7,0x9E,0x73,0x48,0xE9,0xC4,0x51,0x59,0xB9,0x55,0x94,0xA7},
        {0xF7,0x69,0x5B,0x75,0x35,0xF0,0x7A,0x74,0x81,0x4E,0xCD,0x6A,0xD5,0x34,0x7F,0x3B,0xED,0x27,0x1F,0xAB,0xB1,0x1B,0xDF,0x6F,0x7A,0xB4,0x85,0xC4,0xE7,0x9D,0x9C,0x9E},
    },
    {
        UINT32_C(1832),
        UINT64_C(0xF283567749025E97),
        UINT32_C(1024),
        UINT32_C(600),
        {0xCB,0x63,0xA5,0x3B,0xE5,0xC1,0x1B,0x9A,0x98,0x8E,0xA2,0xD4,0x88,0x96,0xE0,0x44,0xCE,0x10,0x65,0xBF,0xCE,0x9D,0xFD,0xC2,0xBC,0xD6,0xE7,0x23,0x37,0x20,0x33,0x73},
        {0xA2,0x7D,0x41,0xDF,0xCD,0x76,0x08,0x74,0xD9,0x11,0xBC,0x69,0xF3,0x11,0x5D,0xFA,0xC8,0xB4,0xDC,0x69,0x5F,0xAF,0xB2,0xD2,0xF7,0x4D,0x7D,0xFD,0xD4,0x66,0xBC,0x60},
    },
    {
        UINT32_C(1862),
        UINT64_C(0xFFC37DDF983BE334),
        UINT32_C(268),
        UINT32_C(38),
        {0x26,0xEE,0x77,0x5C,0xE2,0x7C,0x3E,0xB3,0x23,0xF3,0xA6,0x6A,0x2B,0xCC,0x20,0x81,0x24,0x63,0xDB,0xA8,0xFD,0x7A,0xBC,0x03,0x9E,0x14,0x8D,0xD0,0x20,0x8A,0xD7,0x49},
        {0x12,0x91,0x1C,0xCE,0xE5,0xE7,0x61,0x03,0x62,0x06,0x79,0x93,0x98,0xD2,0x0F,0x2B,0x38,0xF5,0x1F,0x41,0x23,0xE6,0x71,0xFD,0x39,0xB3,0x50,0xD9,0x67,0x8A,0xDA,0x10},
    },
    {
        UINT32_C(1870),
        UINT64_C(0x4CCC85A5EC309074),
        UINT32_C(268),
        UINT32_C(38),
        {0x51,0x36,0x0A,0xB7,0xD0,0x15,0xA5,0x78,0x2A,0xF2,0x19,0xF0,0xD9,0xBE,0x5A,0x00,0x02,0x52,0xC4,0xDE,0xBC,0x5C,0xD2,0xDD,0x44,0x9C,0x68,0x4C,0x38,0x3A,0x44,0xF6},
        {0x97,0x26,0x29,0xDF,0xF2,0xC0,0x8E,0x36,0x05,0x94,0x8A,0xA5,0x5B,0x1A,0x02,0xDB,0xD4,0x4E,0x9D,0x50,0xC6,0x8A,0xBD,0x46,0x2E,0x3F,0x86,0xAD,0x05,0x76,0x89,0xF5},
    },
    {
        UINT32_C(1904),
        UINT64_C(0xB8991B5AF5FF0FFB),
        UINT32_C(314),
        UINT32_C(24),
        {0xF4,0x2E,0x33,0xD3,0x7F,0xA7,0xDE,0x34,0xB1,0x64,0xEC,0xA9,0x1B,0xA3,0xB9,0x7B,0xA6,0x4F,0xE6,0x1B,0xD3,0x66,0x80,0xD3,0x1F,0x10,0xC2,0x77,0x22,0xB0,0xA9,0xAC},
        {0x81,0x94,0xD1,0xFC,0xEB,0x02,0xDC,0xB3,0xE8,0xC6,0x5A,0x0B,0x57,0xF2,0x55,0x10,0x84,0xD9,0x31,0x78,0x30,0x6A,0x67,0x95,0x20,0x7A,0x0D,0x81,0xB0,0xFE,0xAD,0x15},
    },
    {
        UINT32_C(1928),
        UINT64_C(0x4F5326635AD2A157),
        UINT32_C(1024),
        UINT32_C(600),
        {0xCB,0x63,0xA5,0x3B,0xE5,0xC1,0x1B,0x9A,0x98,0x8E,0xA2,0xD4,0x88,0x96,0xE0,0x44,0xCE,0x10,0x65,0xBF,0xCE,0x9D,0xFD,0xC2,0xBC,0xD6,0xE7,0x23,0x37,0x20,0x33,0x73},
        {0xA2,0x7D,0x41,0xDF,0xCD,0x76,0x08,0x74,0xD9,0x11,0xBC,0x69,0xF3,0x11,0x5D,0xFA,0xC8,0xB4,0xDC,0x69,0x5F,0xAF,0xB2,0xD2,0xF7,0x4D,0x7D,0xFD,0xD4,0x66,0xBC,0x60},
    },
    {
        UINT32_C(1968),
        UINT64_C(0xD083DB3B7A3C5FC9),
        UINT32_C(268),
        UINT32_C(38),
        {0x20,0xB9,0xBF,0x87,0x7E,0x32,0x19,0x83,0x41,0xB2,0x55,0x99,0xBE,0x5A,0x9F,0xCC,0xB6,0xDE,0x3C,0xC7,0x2D,0x72,0x7A,0xD3,0x0D,0x0F,0xD3,0x3E,0x04,0x8A,0xBD,0x59},
        {0x1C,0x3B,0xA8,0x3D,0xDE,0x63,0x5D,0x04,0x66,0xA2,0xCE,0x92,0x38,0xF8,0x91,0x90,0x24,0x64,0x95,0xC8,0x7D,0x25,0x75,0xB2,0xFC,0xDB,0x38,0x68,0x90,0x2A,0x96,0xC7},
    },
    {
        UINT32_C(1970),
        UINT64_C(0xA90F54CD2E4745ED),
        UINT32_C(268),
        UINT32_C(38),
        {0x9B,0xCB,0x18,0x27,0x2F,0x14,0x7D,0x0F,0xCB,0x44,0x93,0xD5,0xFF,0x18,0x25,0x51,0x13,0x9A,0x91,0xEA,0x19,0x70,0x28,0x6D,0xC2,0xDD,0x2A,0x6B,0xCA,0x36,0x19,0x2F},
        {0xDD,0xFC,0x27,0x1B,0x6E,0xDB,0x65,0x03,0xE2,0x01,0xCF,0x37,0xC9,0xBD,0x5F,0x0F,0x4E,0x0E,0x7E,0x62,0xCB,0xA6,0xF6,0x1E,0xE6,0x82,0x0F,0x09,0xB1,0xBD,0xDE,0xBE},
    },
    {
        UINT32_C(1982),
        UINT64_C(0xD89E1CD24F0AE44C),
        UINT32_C(268),
        UINT32_C(38),
        {0x79,0x2E,0x9F,0x09,0xEC,0x33,0x1A,0x47,0x31,0x54,0x33,0xC6,0x09,0xA2,0x8D,0x4C,0x7C,0x20,0x0C,0x50,0x9F,0xCC,0x00,0x88,0xB7,0x5D,0x05,0x5E,0x89,0xFE,0x88,0xA7},
        {0x75,0xFC,0xF0,0x8B,0xA7,0x09,0x1F,0x14,0xF6,0x77,0xEA,0x17,0x9B,0x95,0x25,0xEE,0x81,0xAD,0x6A,0x12,0x31,0x60,0x1F,0x3D,0xB8,0x42,0x74,0xB6,0x43,0x2B,0x01,0x8C},
    },
    {
        UINT32_C(2000),
        UINT64_C(0xF99E34E51A0E8103),
        UINT32_C(314),
        UINT32_C(24),
        {0xAA,0x8C,0x8A,0xFA,0x65,0xC3,0xED,0xFB,0x91,0x5E,0x59,0xE5,0x5C,0xC7,0xA3,0xBF,0x35,0x8E,0x62,0xC4,0x01,0xFC,0x59,0xAD,0x94,0x76,0x55,0x94,0xC5,0xD5,0xC0,0x33},
        {0x3C,0x58,0x67,0xD4,0x93,0x87,0x8C,0xE7,0xD3,0xC8,0xE8,0x8B,0x90,0x36,0x96,0x83,0x40,0x8F,0x38,0xF7,0xE5,0x41,0x65,0xCA,0xF2,0x55,0x77,0xA9,0x39,0xE2,0x7A,0xCC},
    },
    {
        UINT32_C(2052),
        UINT64_C(0x253E92C9442E33BB),
        UINT32_C(268),
        UINT32_C(38),
        {0x21,0xFE,0xE7,0x4D,0x90,0x6A,0x96,0xBD,0xA9,0x59,0xEB,0x99,0x69,0x52,0xE4,0x83,0xDE,0x82,0x35,0xA6,0x6E,0x79,0xFD,0xF4,0x85,0x52,0x5F,0x91,0x5D,0x76,0xC0,0x6F},
        {0x99,0xBF,0xF6,0x3F,0x68,0xCE,0x29,0x23,0x12,0x2B,0xA5,0x2C,0xF4,0xDC,0xD4,0x80,0x52,0xF6,0x50,0xE5,0xB3,0x8F,0xB0,0x31,0x01,0x32,0x4F,0x46,0x63,0x30,0x2C,0xB5},
    },
    {
        UINT32_C(2058),
        UINT64_C(0xF9E1B7F24C681A4E),
        UINT32_C(268),
        UINT32_C(38),
        {0x5A,0x51,0x5C,0x65,0x28,0xC3,0x20,0x8B,0xAB,0xCA,0x86,0x40,0x6C,0xD4,0xA9,0x92,0x0E,0xA8,0xD7,0x1C,0xB7,0xC3,0x11,0x59,0xE0,0x40,0xF3,0x39,0x9E,0xEA,0xA2,0x7F},
        {0xFA,0x85,0x74,0xF3,0x6D,0x5A,0xDD,0x7C,0xB8,0xFD,0xA6,0xEB,0x98,0x18,0x6F,0xFD,0x75,0x0A,0xDB,0xC0,0xBA,0xFF,0x31,0x31,0x84,0x7A,0x81,0x99,0xC5,0xDD,0x1D,0x52},
    },
    {
        UINT32_C(2098),
        UINT64_C(0xBFDD176DB78849FC),
        UINT32_C(240),
        UINT32_C(50),
        {0xB1,0x80,0x47,0x49,0xAD,0x62,0xD9,0xF4,0xAD,0x70,0xDC,0xD0,0x69,0x25,0x25,0x34,0x3E,0x65,0x3B,0x7D,0x6F,0x9F,0x0D,0x72,0xF4,0xE8,0x41,0xD5,0xF8,0xEF,0x77,0xA7},
        {0x12,0xF7,0x11,0xAD,0x41,0x9E,0xB5,0x39,0xE4,0x7D,0x68,0xD8,0xAE,0xF6,0xBE,0x45,0xCA,0xDC,0x41,0xF4,0x77,0x89,0x7D,0x72,0x88,0x64,0xAB,0xDF,0x70,0x83,0x0B,0xBC},
    },
    {
        UINT32_C(2114),
        UINT64_C(0xF4801D3B2560DD7F),
        UINT32_C(268),
        UINT32_C(38),
        {0x79,0x32,0xF7,0xAD,0x9A,0x4A,0x95,0x8F,0x7B,0xBB,0x82,0x18,0xD5,0xFF,0xB0,0x6D,0x77,0x58,0x89,0xD4,0x49,0x3B,0x92,0xAC,0x93,0xA0,0x28,0x38,0xB9,0x88,0xC4,0xE5},
        {0x10,0x58,0xAC,0xB7,0x6B,0xE9,0x83,0x44,0xF8,0x6E,0x92,0x18,0x94,0x7F,0x5C,0xA5,0x1F,0x89,0x3A,0xAF,0x83,0x15,0xB3,0x6C,0x02,0x57,0xB8,0x9C,0x08,0xA2,0x51,0x31},
    },
    {
        UINT32_C(2140),
        UINT64_C(0x72231B1E19799DAA),
        UINT32_C(268),
        UINT32_C(38),
        {0xC0,0x9C,0xBC,0x97,0xBC,0x08,0x8E,0x0C,0x41,0x91,0x36,0x29,0x04,0x0C,0x58,0x95,0xEF,0x5E,0xCF,0x6C,0x37,0x85,0x33,0x1C,0xF4,0x6C,0x34,0x5F,0x0D,0x23,0x91,0x80},
        {0x0D,0xB1,0xA6,0x13,0x6A,0xD1,0x70,0xF1,0x4A,0x76,0x77,0x35,0x3F,0x52,0xF4,0x26,0xF0,0x42,0xC9,0xB8,0xC7,0xE7,0x33,0x45,0x6C,0x12,0xB5,0xCF,0xBE,0xEB,0x8E,0xCA},
    },
    {
        UINT32_C(2156),
        UINT64_C(0x8E1153B070F8BBA8),
        UINT32_C(268),
        UINT32_C(38),
        {0xCE,0xC2,0x80,0x90,0x65,0xFA,0x78,0x96,0x2E,0xF9,0xFB,0x8B,0x40,0x1A,0x60,0x5C,0xE7,0x07,0x00,0x71,0x59,0x6A,0x2F,0x05,0xCE,0x04,0xCC,0x4B,0x6D,0xCF,0xC8,0xEE},
        {0x4F,0xDA,0x66,0x42,0x94,0x6A,0x78,0xBC,0x87,0x0C,0x4D,0x45,0xD9,0x34,0x04,0xF8,0xCD,0x2F,0xAC,0x10,0xCA,0x9C,0x24,0x40,0xCC,0x68,0x34,0xAA,0x83,0xD1,0xD6,0x6C},
    },
    {
        UINT32_C(2178),
        UINT64_C(0x42EBF8C1B750F830),
        UINT32_C(314),
        UINT32_C(24),
        {0xF4,0x2E,0x33,0xD3,0x7F,0xA7,0xDE,0x34,0xB1,0x64,0xEC,0xA9,0x1B,0xA3,0xB9,0x7B,0xA6,0x4F,0xE6,0x1B,0xD3,0x66,0x80,0xD3,0x1F,0x10,0xC2,0x77,0x22,0xB0,0xA9,0xAC},
        {0x81,0x94,0xD1,0xFC,0xEB,0x02,0xDC,0xB3,0xE8,0xC6,0x5A,0x0B,0x57,0xF2,0x55,0x10,0x84,0xD9,0x31,0x78,0x30,0x6A,0x67,0x95,0x20,0x7A,0x0D,0x81,0xB0,0xFE,0xAD,0x15},
    },
    {
        UINT32_C(2186),
        UINT64_C(0x75DB25D415BE7BEF),
        UINT32_C(268),
        UINT32_C(38),
        {0x25,0xE4,0x1F,0xE5,0xE0,0x73,0xBF,0xEA,0xA8,0xC3,0x5B,0x67,0x22,0x50,0x71,0xDE,0xF1,0x54,0x8D,0x4B,0x14,0x0A,0x40,0x2E,0x6E,0x70,0xF6,0x46,0x40,0xB7,0xAB,0xF9},
        {0xE9,0x0D,0xE5,0x82,0xED,0xCD,0xA6,0x7A,0x2E,0xD5,0x1C,0xA4,0xC8,0xC9,0x93,0x54,0xE9,0x7C,0x57,0x22,0x77,0xDD,0x17,0xB0,0xE6,0xE6,0x6E,0x1A,0xD0,0x59,0xC7,0xFE},
    },
    {
        UINT32_C(2216),
        UINT64_C(0x1DEAFF470F582E0A),
        UINT32_C(268),
        UINT32_C(38),
        {0x93,0xA6,0xD1,0x5E,0x7B,0x5C,0x06,0x83,0x4A,0x52,0xA4,0xE6,0xAD,0x8C,0xCE,0xE7,0x4D,0x64,0xAF,0xEA,0xB2,0x00,0x21,0x88,0xA9,0x2E,0x1A,0x50,0x84,0xB9,0x10,0x6E},
        {0xD7,0x50,0xF8,0x1B,0x3E,0x86,0x63,0x94,0xED,0xF3,0x44,0xC6,0xAF,0x3F,0x53,0x8B,0xBD,0x97,0xC6,0xC0,0xE1,0x30,0x1B,0xEC,0x26,0x46,0xF6,0xC3,0xD9,0x94,0x39,0xEB},
    },
    {
        UINT32_C(2222),
        UINT64_C(0x5A1B3C817E407E36),
        UINT32_C(326),
        UINT32_C(51),
        {0x65,0x1F,0x55,0x5D,0x29,0xBA,0xEB,0xAC,0x81,0x31,0x3A,0x55,0x77,0x87,0x9F,0x37,0xEA,0x6E,0x58,0x74,0x02,0x0B,0xA9,0x59,0x40,0x28,0xF3,0xD7,0x0A,0xDA,0xD9,0x52},
        {0xCE,0x22,0x71,0x29,0xEF,0xD7,0xFE,0x6F,0xE7,0xCC,0xED,0xDB,0x08,0x8A,0xA5,0x79,0x38,0xB5,0x08,0x99,0x10,0xF7,0x25,0x8D,0xFC,0x0E,0xB4,0x91,0xB3,0xAF,0x8B,0x24},
    },
    {
        UINT32_C(2232),
        UINT64_C(0xEDCD9A5873CAA09A),
        UINT32_C(268),
        UINT32_C(38),
        {0x1D,0x4D,0xB2,0x77,0xF6,0x11,0x65,0xDF,0xFC,0x63,0xE6,0x07,0xE9,0xA9,0x5C,0x6A,0xC0,0x67,0x07,0x6D,0x70,0xE0,0x4F,0xBC,0xFE,0xA5,0xD6,0xEE,0xCD,0xE6,0x37,0xDB},
        {0x14,0xFF,0x0A,0xF3,0x8E,0xBE,0xA6,0xDC,0x41,0x02,0xF8,0xFC,0xD8,0xBB,0x0E,0x6E,0x16,0x36,0xA4,0xBD,0xD8,0xD3,0x06,0xF9,0x29,0x55,0x97,0x00,0x2F,0xFE,0x36,0xCD},
    },
    {
        UINT32_C(2240),
        UINT64_C(0x33C3EBCDB9050C48),
        UINT32_C(268),
        UINT32_C(38),
        {0xBC,0xDF,0x23,0x36,0x91,0xB3,0x8E,0x90,0xED,0xB9,0x70,0xA7,0x9B,0xFD,0xDA,0x7B,0xB0,0x56,0xC9,0xB0,0x5E,0x4F,0xDC,0xD4,0xD9,0xB7,0xC4,0x91,0x5A,0xEA,0x43,0xE8},
        {0x61,0x6A,0xD2,0x04,0x55,0xF0,0xDB,0xA7,0x38,0x9E,0x21,0x06,0x69,0x61,0x73,0x17,0x2A,0xFC,0x53,0x32,0xE3,0x1D,0xA4,0xF6,0x84,0x5F,0x73,0xAD,0x16,0x20,0xCE,0xE8},
    },
    {
        UINT32_C(2242),
        UINT64_C(0xF5D5A78608856C4E),
        UINT32_C(240),
        UINT32_C(50),
        {0x32,0x97,0x60,0xDB,0xDF,0x13,0x4C,0x6A,0x66,0xD4,0x52,0xDC,0x4F,0x0F,0xDE,0xB6,0xAD,0xE0,0x37,0xFC,0x13,0xD0,0x09,0xAF,0x7B,0x20,0x60,0xA7,0xB7,0xBF,0xCE,0x33},
        {0xAC,0xF1,0xB1,0xE7,0x2F,0x98,0x5C,0x0C,0x3A,0x9A,0x5E,0xC8,0x1A,0xAE,0x0B,0xAF,0x17,0xCE,0x61,0x4A,0x75,0x84,0x36,0x14,0xA3,0x1D,0x9E,0xD6,0xEA,0xE1,0x88,0xDB},
    },
    {
        UINT32_C(2264),
        UINT64_C(0xB24FCA069333D24F),
        UINT32_C(268),
        UINT32_C(38),
        {0xEC,0xD7,0x7C,0xF6,0x44,0x5D,0x0D,0x64,0x45,0xFF,0xA7,0x6A,0x24,0x59,0x94,0xBB,0xCE,0xBB,0x26,0x12,0x4D,0x9D,0xC7,0x03,0x9F,0x78,0x9C,0xD7,0xA5,0x46,0x7B,0x6C},
        {0xE8,0x0B,0x8D,0x5F,0xB1,0x69,0x77,0x68,0xBB,0xFB,0x68,0x2A,0xF4,0x3C,0x4C,0x62,0x72,0xEA,0xAA,0x39,0x4F,0x08,0xEE,0xBD,0x74,0xDB,0x16,0xBF,0x0C,0x36,0x5D,0xE0},
    },
    {
        UINT32_C(2298),
        UINT64_C(0x0A83C59539EB7DC2),
        UINT32_C(268),
        UINT32_C(38),
        {0x58,0x87,0x66,0xA5,0xAA,0x85,0xA5,0xCB,0x9E,0xAD,0xD6,0xC7,0x03,0xE1,0x5A,0x11,0x7D,0x43,0xA2,0x3E,0x30,0xEB,0xA5,0x2B,0x70,0xB9,0xFA,0x28,0xF6,0x8E,0x12,0xF5},
        {0x71,0x6F,0x01,0x8E,0xE1,0xF2,0x4E,0xC1,0x6E,0x47,0x2C,0xB0,0xA6,0x82,0xCC,0x6B,0xCD,0x65,0xC2,0x85,0x7B,0x47,0x8E,0xCB,0x73,0xEF,0xFE,0xEA,0x6A,0x93,0xF0,0x27},
    },
    {
        UINT32_C(2352),
        UINT64_C(0x4C8884C6472E9BB3),
        UINT32_C(268),
        UINT32_C(38),
        {0x6D,0x68,0xBC,0x9C,0x3E,0x4D,0x77,0xE2,0xC5,0x32,0x6D,0x77,0x5C,0x99,0x2A,0x7B,0xD5,0xC1,0x0A,0x9F,0x52,0x22,0x20,0xC9,0xB9,0x63,0xEC,0xF0,0x97,0x41,0xE1,0xF8},
        {0x7E,0xB6,0x20,0xCB,0xD1,0x33,0xF3,0x76,0x74,0x7E,0xFD,0x40,0x04,0xF2,0xE9,0xEB,0xA6,0x15,0x25,0x46,0x37,0x4C,0x1F,0x3E,0xC5,0x2F,0x39,0xD3,0x48,0x80,0xF9,0x07},
    },
    {
        UINT32_C(2368),
        UINT64_C(0x788706B23A9C9232),
        UINT32_C(268),
        UINT32_C(38),
        {0xC2,0xCA,0x76,0x96,0x10,0xCD,0x3E,0x6A,0x97,0x12,0x2F,0x44,0xC4,0xD3,0x1E,0x58,0x12,0xEF,0x26,0xCE,0xBB,0xD7,0xD5,0xEF,0x93,0xB2,0x39,0x36,0x0F,0xED,0x19,0x2F},
        {0x39,0x5F,0xD7,0x3B,0x23,0xB6,0x99,0x92,0x2F,0x10,0x49,0xC9,0x93,0x20,0xB0,0xF6,0xBB,0x6A,0x87,0xF7,0xE6,0xB1,0x23,0x70,0x73,0x3F,0xBC,0x97,0xEF,0x23,0x2E,0xDE},
    },
    {
        UINT32_C(2416),
        UINT64_C(0x8D52E0DD9287D5AC),
        UINT32_C(268),
        UINT32_C(38),
        {0x26,0xEE,0x77,0x5C,0xE2,0x7C,0x3E,0xB3,0x23,0xF3,0xA6,0x6A,0x2B,0xCC,0x20,0x81,0x24,0x63,0xDB,0xA8,0xFD,0x7A,0xBC,0x03,0x9E,0x14,0x8D,0xD0,0x20,0x8A,0xD7,0x49},
        {0x12,0x91,0x1C,0xCE,0xE5,0xE7,0x61,0x03,0x62,0x06,0x79,0x93,0x98,0xD2,0x0F,0x2B,0x38,0xF5,0x1F,0x41,0x23,0xE6,0x71,0xFD,0x39,0xB3,0x50,0xD9,0x67,0x8A,0xDA,0x10},
    },
    {
        UINT32_C(2418),
        UINT64_C(0x71A41BB258E6B447),
        UINT32_C(1024),
        UINT32_C(600),
        {0x92,0x0B,0x97,0x0E,0x5C,0x54,0xDA,0x33,0x69,0x8F,0x54,0xDA,0xBD,0x69,0xD5,0x7E,0x61,0x7A,0xFB,0xA2,0xC8,0x4B,0x19,0xAC,0xFA,0x7C,0x43,0xF2,0x82,0xE1,0x24,0x7A},
        {0x11,0xA6,0xB7,0xF0,0x66,0xF5,0xB5,0x77,0xE4,0x46,0xD8,0x1C,0x9C,0xD1,0x1C,0xB2,0x4A,0x32,0xBC,0xA6,0xCC,0xB3,0xF0,0x44,0x14,0x42,0xA3,0xEE,0x64,0xA6,0x21,0xD2},
    },
    {
        UINT32_C(2420),
        UINT64_C(0xF9BA70968A356E02),
        UINT32_C(268),
        UINT32_C(38),
        {0xCC,0x09,0x0C,0x85,0xD1,0x0B,0x91,0x0B,0x19,0xD1,0x1B,0x95,0xCD,0x5A,0x10,0x81,0xAF,0x53,0xEB,0xEC,0x43,0x53,0x28,0xDE,0x13,0xFD,0x9E,0x0E,0x46,0xF4,0x8C,0xD1},
        {0xFA,0xE2,0x65,0x87,0x19,0xF0,0xDC,0x54,0xED,0x55,0xE9,0x01,0x39,0x76,0xE6,0xFC,0x31,0xC8,0xD6,0x1F,0x1E,0xFE,0x79,0x37,0x12,0x2F,0xC7,0xFA,0xE7,0x6E,0x84,0xE0},
    },
    {
        UINT32_C(2422),
        UINT64_C(0xDC1B1993212CB01E),
        UINT32_C(1024),
        UINT32_C(600),
        {0x92,0x0B,0x97,0x0E,0x5C,0x54,0xDA,0x33,0x69,0x8F,0x54,0xDA,0xBD,0x69,0xD5,0x7E,0x61,0x7A,0xFB,0xA2,0xC8,0x4B,0x19,0xAC,0xFA,0x7C,0x43,0xF2,0x82,0xE1,0x24,0x7A},
        {0x11,0xA6,0xB7,0xF0,0x66,0xF5,0xB5,0x77,0xE4,0x46,0xD8,0x1C,0x9C,0xD1,0x1C,0xB2,0x4A,0x32,0xBC,0xA6,0xCC,0xB3,0xF0,0x44,0x14,0x42,0xA3,0xEE,0x64,0xA6,0x21,0xD2},
    },
    {
        UINT32_C(2436),
        UINT64_C(0x5B69FC3A10438B4B),
        UINT32_C(268),
        UINT32_C(38),
        {0xA2,0xE5,0xA5,0xF9,0x69,0xA6,0x78,0x00,0x53,0x85,0x09,0xB0,0x7E,0xF4,0x2F,0x0D,0x7F,0xC4,0xB3,0x78,0xA8,0x5B,0x8F,0xE9,0x52,0x70,0xD9,0x04,0xBB,0xAA,0x36,0x0C},
        {0xD5,0x48,0x8A,0xA6,0x2B,0x0B,0x67,0x71,0xC9,0xC6,0x13,0x69,0x88,0x8F,0x5B,0x16,0xC4,0x0B,0x56,0x3D,0xE3,0xAD,0xAF,0xBC,0x01,0xEA,0x8D,0xD9,0xC6,0x1F,0x88,0x4E},
    },
    {
        UINT32_C(2446),
        UINT64_C(0x3991093DFF0EFCF4),
        UINT32_C(258),
        UINT32_C(33),
        {0xDA,0x5E,0xBF,0x70,0xA9,0x72,0x77,0xCC,0x50,0xFB,0x43,0xC0,0x70,0xF0,0xA1,0xE7,0x02,0xF2,0xD0,0xCC,0xA6,0x3B,0x57,0xC8,0xA6,0xB7,0xAC,0x95,0x84,0x33,0x6E,0xF7},
        {0x16,0x08,0x31,0x83,0xB6,0x3A,0x97,0x79,0xD0,0x2E,0x09,0x91,0x9B,0x7E,0x7C,0xA0,0x86,0x15,0x20,0x4E,0xE2,0x65,0x5B,0x21,0xF5,0xA8,0x7F,0xBC,0xBF,0x19,0x00,0xFD},
    },
    {
        UINT32_C(2478),
        UINT64_C(0xC71E993D39CE1D85),
        UINT32_C(268),
        UINT32_C(38),
        {0x63,0xE5,0x12,0x47,0x2D,0xB0,0x0E,0xA0,0x2B,0xC2,0x73,0x3D,0xC7,0x33,0xDB,0xCD,0x98,0x98,0x64,0x67,0x37,0x71,0xBC,0xF0,0xEE,0xA8,0xC0,0x5C,0xCC,0xCF,0xEE,0x3A},
        {0x6F,0x43,0x57,0x0C,0xB9,0x7F,0x27,0x1B,0x9D,0x7E,0x65,0xE7,0xE8,0x6D,0x4B,0x9A,0xB8,0xDE,0xF7,0x36,0x65,0x55,0x22,0x20,0x1E,0xF0,0x19,0x62,0xF6,0x7A,0xF9,0xB4},
    },
    {
        UINT32_C(2480),
        UINT64_C(0xB1AC6A58918E5876),
        UINT32_C(240),
        UINT32_C(50),
        {0x7E,0x5F,0x12,0x28,0xDF,0x9B,0x3A,0x67,0x1D,0x68,0x83,0x89,0x17,0x87,0xA3,0xEC,0x2A,0xE6,0x11,0xE2,0x6B,0xD5,0x7F,0x4A,0x18,0x6A,0x40,0xF1,0x5C,0xE5,0xB4,0xED},
        {0xEA,0xEA,0xF5,0x10,0x06,0x09,0xC4,0x78,0xAC,0x39,0x08,0x11,0x4B,0x8E,0x3A,0xD6,0xE8,0xFB,0x74,0xDD,0x85,0x50,0xEE,0x52,0xC6,0x88,0xCE,0xC4,0x8C,0xE7,0xC0,0x5B},
    },
    {
        UINT32_C(2518),
        UINT64_C(0x1BE9036138060D59),
        UINT32_C(268),
        UINT32_C(38),
        {0x11,0x3D,0xB9,0xEF,0xA6,0x88,0x73,0x46,0xCC,0x75,0xBD,0x31,0x34,0xBC,0xCF,0xA4,0x7A,0xE8,0x8C,0xD1,0x06,0x1B,0xF2,0xE6,0xF5,0x42,0x84,0xA6,0xFA,0xBF,0xDD,0x08},
        {0x21,0x4B,0x32,0x1D,0xA5,0x12,0x6B,0xF5,0x08,0x9E,0x77,0x8D,0x3B,0xD4,0x1D,0x1C,0x88,0x4A,0x11,0x1A,0x16,0x8D,0xA4,0x2A,0x2A,0xBC,0xAE,0xED,0x85,0x94,0x3B,0x91},
    },
    {
        UINT32_C(2520),
        UINT64_C(0x225ACD4C051831EB),
        UINT32_C(326),
        UINT32_C(51),
        {0xC1,0xB3,0xB5,0x75,0x8B,0xD5,0x22,0x28,0x06,0x45,0xB9,0xE7,0x09,0xE7,0xAF,0xD9,0x8A,0x67,0x58,0x61,0xFA,0xE1,0x55,0x61,0xF6,0x9A,0x07,0xAD,0x6C,0xBF,0xF2,0x1A},
        {0x1C,0x33,0xAE,0xC1,0x2B,0xFB,0x18,0xDF,0x4E,0x19,0x4B,0x2D,0x84,0xA4,0x82,0x50,0x10,0x4F,0x58,0xA8,0x53,0x36,0xC3,0x15,0x3C,0x0D,0x88,0x7D,0x6C,0x1D,0xB2,0x8A},
    },
    {
        UINT32_C(2524),
        UINT64_C(0xD129C46CF3C4695E),
        UINT32_C(240),
        UINT32_C(50),
        {0x7E,0x5F,0x12,0x28,0xDF,0x9B,0x3A,0x67,0x1D,0x68,0x83,0x89,0x17,0x87,0xA3,0xEC,0x2A,0xE6,0x11,0xE2,0x6B,0xD5,0x7F,0x4A,0x18,0x6A,0x40,0xF1,0x5C,0xE5,0xB4,0xED},
        {0xEA,0xEA,0xF5,0x10,0x06,0x09,0xC4,0x78,0xAC,0x39,0x08,0x11,0x4B,0x8E,0x3A,0xD6,0xE8,0xFB,0x74,0xDD,0x85,0x50,0xEE,0x52,0xC6,0x88,0xCE,0xC4,0x8C,0xE7,0xC0,0x5B},
    },
    {
        UINT32_C(2528),
        UINT64_C(0x7F6CB1318F9258CD),
        UINT32_C(240),
        UINT32_C(50),
        {0x74,0x15,0x6D,0xD8,0xC6,0x00,0x7B,0x27,0x3E,0xFD,0x6B,0x6C,0xF5,0x13,0x98,0x11,0x96,0xCE,0x3B,0x12,0xB2,0xA7,0xDD,0xF9,0x90,0xAC,0xB6,0x34,0x73,0x4B,0xD6,0x9D},
        {0xE6,0x0C,0x8C,0x88,0x3B,0xDF,0x3F,0x0F,0x84,0x64,0x0D,0xBA,0xB1,0x30,0x6C,0xA5,0xDF,0x76,0xDB,0xD6,0x6B,0xBE,0x83,0xBD,0x8F,0x4E,0xCD,0x49,0x2D,0x12,0x36,0x66},
    },
    {
        UINT32_C(2530),
        UINT64_C(0x33FAE25500173248),
        UINT32_C(268),
        UINT32_C(38),
        {0x79,0x2E,0x9F,0x09,0xEC,0x33,0x1A,0x47,0x31,0x54,0x33,0xC6,0x09,0xA2,0x8D,0x4C,0x7C,0x20,0x0C,0x50,0x9F,0xCC,0x00,0x88,0xB7,0x5D,0x05,0x5E,0x89,0xFE,0x88,0xA7},
        {0x75,0xFC,0xF0,0x8B,0xA7,0x09,0x1F,0x14,0xF6,0x77,0xEA,0x17,0x9B,0x95,0x25,0xEE,0x81,0xAD,0x6A,0x12,0x31,0x60,0x1F,0x3D,0xB8,0x42,0x74,0xB6,0x43,0x2B,0x01,0x8C},
    },
    {
        UINT32_C(2556),
        UINT64_C(0x9A535CC7DCA8E7C0),
        UINT32_C(268),
        UINT32_C(38),
        {0xE1,0xE9,0x96,0x17,0x62,0x61,0x0E,0x6D,0xC8,0x2F,0x54,0x76,0x7B,0x93,0x51,0x7C,0xBF,0x90,0x2E,0xA5,0xC2,0xBA,0xCD,0x4A,0xC1,0x6B,0x24,0x9D,0xF4,0xD3,0x75,0x04},
        {0xC7,0x1F,0x11,0x6B,0xF3,0xF2,0x9E,0x05,0xC9,0x28,0x5A,0x20,0x0C,0xD9,0xA9,0xE1,0xC5,0x7C,0x26,0x08,0x59,0x82,0x7B,0x77,0x8A,0x6B,0x9A,0x11,0x82,0xEA,0x1C,0xF8},
    },
    {
        UINT32_C(2572),
        UINT64_C(0xBEA6E3158D255E99),
        UINT32_C(268),
        UINT32_C(38),
        {0xB4,0x54,0x79,0xF5,0x77,0xCF,0x8A,0x5E,0xB6,0x6D,0x33,0x6F,0x52,0x88,0xB4,0x8A,0x83,0x68,0x77,0x53,0x22,0x08,0xD2,0x42,0x8D,0xD4,0xED,0x1A,0x86,0xFA,0x73,0xF3},
        {0x2D,0xD7,0xE3,0xB0,0x35,0xDE,0x94,0xAD,0xA7,0xA1,0x3B,0x64,0xC2,0xFA,0x98,0xDA,0x94,0x72,0xFC,0xF4,0xAD,0xAE,0x33,0x55,0xE3,0xA4,0x02,0xD9,0xE5,0xD0,0x21,0x09},
    },
    {
        UINT32_C(2590),
        UINT64_C(0x4AD206E22A23A296),
        UINT32_C(240),
        UINT32_C(50),
        {0x4E,0x58,0xB8,0x6C,0x3C,0x32,0x16,0xAB,0xE5,0x91,0xCF,0x2C,0x0B,0x62,0x7E,0x02,0x3E,0xC3,0xEA,0x65,0x01,0x22,0xCF,0xBA,0x1B,0x02,0xBC,0xD4,0x93,0x8F,0x69,0x30},
        {0x5B,0x3B,0x8A,0x4D,0xFC,0xF8,0x93,0x48,0xCE,0x3B,0xEA,0x9B,0xE4,0x93,0xAF,0xC2,0xEE,0x3C,0xC0,0xD8,0x1F,0x13,0xFA,0x68,0x43,0xFB,0xCF,0xAF,0x68,0xEF,0x5A,0x9E},
    },
    {
        UINT32_C(2614),
        UINT64_C(0xCAC09D86BC73D0B9),
        UINT32_C(268),
        UINT32_C(38),
        {0xE3,0x7A,0x45,0x16,0x1D,0xB1,0xCE,0x2F,0xD0,0x10,0x65,0xEA,0x82,0xBB,0xD7,0x40,0xD7,0xC1,0xFE,0x06,0xA9,0x37,0xD4,0x11,0x87,0x36,0x83,0x14,0x20,0x0E,0x20,0xE7},
        {0xD1,0x7E,0xEC,0x1F,0x70,0x61,0xE4,0x42,0x02,0x70,0x7B,0xCF,0xE6,0x7E,0x3D,0x2D,0x17,0x60,0x86,0x6B,0x41,0x1B,0x23,0x52,0x0E,0x39,0xB1,0x97,0x2C,0x82,0xB8,0x59},
    },
    {
        UINT32_C(2616),
        UINT64_C(0x9A3E489CD0A3AD09),
        UINT32_C(1024),
        UINT32_C(600),
        {0xD8,0x49,0x3E,0xCD,0xEC,0x99,0x3C,0x1D,0x14,0x2E,0x72,0x6F,0x80,0x3E,0xF8,0x74,0x02,0x72,0x18,0x5B,0x3B,0x3E,0xF2,0xF0,0x80,0x1C,0x37,0x0A,0x49,0xCD,0x71,0x6C},
        {0x14,0xB6,0x0B,0xAE,0xB9,0x3E,0x40,0xAE,0xB4,0xCD,0xBD,0x26,0xCE,0x85,0xAA,0x14,0x66,0x19,0x69,0xE5,0xA1,0x36,0xFC,0xAE,0xF4,0x3C,0x86,0xA6,0x52,0x12,0x48,0x22},
    },
    {
        UINT32_C(2624),
        UINT64_C(0x9E21E99C857F86BB),
        UINT32_C(1024),
        UINT32_C(600),
        {0xD8,0x49,0x3E,0xCD,0xEC,0x99,0x3C,0x1D,0x14,0x2E,0x72,0x6F,0x80,0x3E,0xF8,0x74,0x02,0x72,0x18,0x5B,0x3B,0x3E,0xF2,0xF0,0x80,0x1C,0x37,0x0A,0x49,0xCD,0x71,0x6C},
        {0x14,0xB6,0x0B,0xAE,0xB9,0x3E,0x40,0xAE,0xB4,0xCD,0xBD,0x26,0xCE,0x85,0xAA,0x14,0x66,0x19,0x69,0xE5,0xA1,0x36,0xFC,0xAE,0xF4,0x3C,0x86,0xA6,0x52,0x12,0x48,0x22},
    },
    {
        UINT32_C(2628),
        UINT64_C(0x63276AD6424888E4),
        UINT32_C(268),
        UINT32_C(38),
        {0x4C,0x1F,0xEB,0xC7,0xC5,0x62,0x33,0x0E,0x7F,0x15,0x85,0xF7,0x5F,0x13,0xC8,0x45,0x3C,0x3E,0x8C,0xDB,0xA6,0xA0,0xF7,0x57,0xF8,0x23,0x2C,0x43,0x38,0x1A,0x91,0xF1},
        {0xE9,0x43,0xDB,0x07,0x01,0x41,0xBF,0xBC,0x89,0x16,0xBA,0x26,0xA5,0x93,0x1B,0x55,0xAD,0xB6,0x64,0x24,0x86,0x81,0xC8,0x0B,0x82,0xA2,0xE2,0x78,0x1A,0x30,0xAE,0xDE},
    },
    {
        UINT32_C(2630),
        UINT64_C(0x6C177DEC2AC9A55A),
        UINT32_C(240),
        UINT32_C(50),
        {0xBF,0xEA,0x0C,0x05,0x94,0x4B,0xAC,0x51,0x33,0xF1,0xD8,0x51,0x21,0x88,0x14,0xD3,0xF3,0x3F,0x3E,0x14,0x96,0x11,0xDD,0xD9,0xC5,0xB8,0xC6,0x91,0x29,0xC8,0x74,0xD2},
        {0xE6,0x87,0x10,0x46,0x6C,0xC9,0x01,0x7D,0x3D,0x65,0x4A,0x2D,0xCC,0x3B,0x9A,0x56,0x15,0xD4,0xBD,0xB7,0xD3,0xEA,0x6B,0x09,0x68,0x2E,0xA7,0x2E,0x8C,0x1E,0x51,0x95},
    },
    {
        UINT32_C(2650),
        UINT64_C(0xF79228586E9A4E38),
        UINT32_C(268),
        UINT32_C(38),
        {0xE2,0x45,0xE8,0x4C,0xA6,0x34,0x5C,0x55,0x70,0x6D,0x16,0x14,0xBD,0x71,0xCE,0x70,0xFE,0xED,0x75,0xEA,0x0D,0xB2,0x9F,0x1E,0x1E,0xC0,0x29,0x7C,0xAC,0x48,0xE1,0xE8},
        {0x40,0xD6,0x0D,0xA7,0x87,0x55,0x49,0x54,0xF3,0xB7,0x4B,0x3B,0x84,0x69,0x28,0xC2,0xFE,0xC5,0x43,0xBF,0x1C,0x91,0x73,0xB9,0xA0,0x7E,0x71,0x0E,0x02,0xC1,0x94,0x4C},
    },
    {
        UINT32_C(2680),
        UINT64_C(0xD0AA8AB41231BCF2),
        UINT32_C(268),
        UINT32_C(38),
        {0xA9,0xE1,0x68,0xCE,0xA8,0xFB,0x6A,0x1C,0xE8,0xEC,0xC6,0xD6,0x1C,0xCB,0x2D,0x3D,0x15,0x3A,0x6C,0xA6,0xC5,0x13,0xF7,0xF6,0xF2,0x1B,0x59,0x47,0x55,0x36,0x82,0xA5},
        {0xF9,0x9B,0xDE,0x14,0x37,0x2A,0x29,0xAD,0x11,0x0E,0x35,0x3D,0xF3,0x5B,0x23,0xEB,0x61,0xCD,0xCF,0x4E,0x26,0x6D,0x34,0x3B,0x0E,0xF6,0x93,0xD5,0xE3,0xB7,0x33,0x84},
    },
    {
        UINT32_C(2774),
        UINT64_C(0xB898C648D62E01A7),
        UINT32_C(240),
        UINT32_C(50),
        {0x28,0x5F,0x78,0x4C,0xB9,0x94,0x40,0x7C,0xBC,0xC1,0x14,0xA0,0xEA,0x2E,0x64,0xF9,0x5C,0xCE,0x5F,0xD9,0x41,0x59,0x66,0xFC,0x07,0x10,0x92,0x94,0xF3,0xC4,0x06,0xB8},
        {0xD3,0x72,0x9B,0xE9,0x4E,0x48,0xBA,0xF7,0x5A,0x01,0xF3,0x67,0x67,0x22,0x6D,0x34,0x68,0x85,0x81,0x4E,0x46,0x43,0xBD,0x2D,0x2A,0x19,0x04,0x08,0xF5,0x23,0x86,0x92},
    },
    {
        UINT32_C(2790),
        UINT64_C(0x6B15866C3365EA6A),
        UINT32_C(268),
        UINT32_C(38),
        {0x67,0x27,0x0B,0xBB,0x65,0x11,0x32,0xB2,0x8A,0x1A,0x1D,0xF2,0xBC,0x11,0xC8,0x46,0x33,0xAE,0x83,0x61,0x95,0x22,0x4A,0x5C,0x69,0xB3,0xC6,0xAF,0x7A,0x38,0x88,0xBE},
        {0x76,0x24,0xE3,0xE6,0xA2,0x63,0x8C,0x07,0x8D,0x0C,0xD3,0xA1,0x44,0xAF,0xDA,0xD7,0xF5,0x13,0x96,0x13,0x5A,0x29,0xE1,0xE5,0x2C,0xD3,0xA9,0x76,0x7B,0xEE,0xAD,0x14},
    },
    {
        UINT32_C(2798),
        UINT64_C(0x36B75E21242BB8B2),
        UINT32_C(1024),
        UINT32_C(600),
        {0x8A,0xEA,0xBE,0x1E,0x54,0x5D,0x82,0xA0,0x07,0x6F,0x7C,0x1E,0xC1,0x8A,0xC9,0x45,0xA3,0x2F,0xC9,0xED,0x02,0xDF,0x12,0x6F,0x2B,0xEB,0xD1,0x05,0x6C,0x97,0x56,0x97},
        {0xB2,0x50,0x22,0xC1,0xA1,0xEE,0x33,0x5D,0x45,0x59,0xBD,0xF1,0xE6,0x50,0x35,0xEF,0x63,0x36,0xA9,0x03,0x9B,0x47,0xC2,0x4E,0x4C,0x62,0xA2,0x36,0x26,0xC5,0x1D,0x86},
    },
    {
        UINT32_C(2800),
        UINT64_C(0xB85DB946E0385D27),
        UINT32_C(326),
        UINT32_C(51),
        {0x9F,0xA6,0x47,0x75,0xC0,0xF1,0x60,0xF9,0xAA,0xF5,0x48,0xF8,0xE9,0xF9,0x03,0xC1,0x83,0x41,0x43,0xAF,0xD8,0x92,0x62,0x2C,0x12,0x91,0xE3,0x65,0xF1,0xC6,0x11,0xF3},
        {0x68,0x05,0x20,0xDD,0x00,0x8B,0xC8,0xE0,0x3F,0x51,0x4C,0x78,0x47,0xF0,0xB2,0x56,0x61,0x04,0xEC,0x55,0x45,0x72,0x83,0x61,0x60,0x95,0xFE,0xA9,0x97,0x29,0xC0,0xC4},
    },
    {
        UINT32_C(2860),
        UINT64_C(0x7B93B5F34516F38A),
        UINT32_C(240),
        UINT32_C(50),
        {0x32,0x97,0x60,0xDB,0xDF,0x13,0x4C,0x6A,0x66,0xD4,0x52,0xDC,0x4F,0x0F,0xDE,0xB6,0xAD,0xE0,0x37,0xFC,0x13,0xD0,0x09,0xAF,0x7B,0x20,0x60,0xA7,0xB7,0xBF,0xCE,0x33},
        {0xAC,0xF1,0xB1,0xE7,0x2F,0x98,0x5C,0x0C,0x3A,0x9A,0x5E,0xC8,0x1A,0xAE,0x0B,0xAF,0x17,0xCE,0x61,0x4A,0x75,0x84,0x36,0x14,0xA3,0x1D,0x9E,0xD6,0xEA,0xE1,0x88,0xDB},
    },
    {
        UINT32_C(2860),
        UINT64_C(0x95C9BECD805A9EBE),
        UINT32_C(1024),
        UINT32_C(600),
        {0x8A,0xEA,0xBE,0x1E,0x54,0x5D,0x82,0xA0,0x07,0x6F,0x7C,0x1E,0xC1,0x8A,0xC9,0x45,0xA3,0x2F,0xC9,0xED,0x02,0xDF,0x12,0x6F,0x2B,0xEB,0xD1,0x05,0x6C,0x97,0x56,0x97},
        {0xB2,0x50,0x22,0xC1,0xA1,0xEE,0x33,0x5D,0x45,0x59,0xBD,0xF1,0xE6,0x50,0x35,0xEF,0x63,0x36,0xA9,0x03,0x9B,0x47,0xC2,0x4E,0x4C,0x62,0xA2,0x36,0x26,0xC5,0x1D,0x86},
    },
    {
        UINT32_C(2870),
        UINT64_C(0x5EB4F594D43D5A5B),
        UINT32_C(240),
        UINT32_C(50),
        {0xB1,0x80,0x47,0x49,0xAD,0x62,0xD9,0xF4,0xAD,0x70,0xDC,0xD0,0x69,0x25,0x25,0x34,0x3E,0x65,0x3B,0x7D,0x6F,0x9F,0x0D,0x72,0xF4,0xE8,0x41,0xD5,0xF8,0xEF,0x77,0xA7},
        {0x12,0xF7,0x11,0xAD,0x41,0x9E,0xB5,0x39,0xE4,0x7D,0x68,0xD8,0xAE,0xF6,0xBE,0x45,0xCA,0xDC,0x41,0xF4,0x77,0x89,0x7D,0x72,0x88,0x64,0xAB,0xDF,0x70,0x83,0x0B,0xBC},
    },
    {
        UINT32_C(2870),
        UINT64_C(0x8DC2A5A3F233CF50),
        UINT32_C(326),
        UINT32_C(51),
        {0xE8,0x25,0x2D,0xAB,0x7D,0xC6,0xC9,0xE8,0x91,0x4D,0xFF,0x94,0x6B,0x2C,0x54,0xB7,0xCE,0x4C,0x15,0x9F,0x24,0x31,0xCA,0xF8,0x6B,0xFD,0x6C,0x0B,0x75,0x37,0x4D,0xEC},
        {0x94,0xC3,0x5C,0xDE,0xF6,0x96,0x12,0x69,0xB7,0x8D,0xC1,0x65,0xDE,0xA9,0xE8,0x1D,0xF5,0x29,0x09,0xED,0x4E,0x08,0x63,0x57,0xF6,0xC6,0x3C,0x76,0x4B,0xDD,0x9C,0x5C},
    },
    {
        UINT32_C(2872),
        UINT64_C(0x0F0B37ADD790AEC2),
        UINT32_C(240),
        UINT32_C(50),
        {0x96,0x1D,0x3C,0x62,0xF2,0xCC,0x5B,0x4F,0x42,0x23,0xE5,0x00,0x70,0x35,0x1C,0x8A,0x01,0xC7,0x6A,0x9A,0x04,0x44,0x46,0x17,0xCC,0xD6,0x9A,0x86,0xCF,0x8B,0x94,0xDF},
        {0xF8,0x6A,0x62,0xB9,0x4F,0xE9,0xD6,0x42,0x48,0xFC,0x28,0x39,0xEC,0x91,0xCF,0xB9,0xAD,0x60,0x39,0xED,0x09,0x71,0x2E,0xDF,0x82,0xF3,0xB2,0xC3,0xE2,0x5F,0x88,0x81},
    },
    {
        UINT32_C(2880),
        UINT64_C(0x6422B46E1672B44D),
        UINT32_C(240),
        UINT32_C(50),
        {0x5F,0x01,0xA3,0x36,0x94,0x7B,0xA5,0xEA,0xA0,0x4B,0xE2,0xE5,0xDB,0xC1,0xF2,0x8E,0xCB,0x60,0xE7,0x25,0xBB,0xEF,0x71,0x7F,0xF4,0x88,0x46,0x08,0xF9,0x9A,0xDA,0x06},
        {0x03,0x26,0x01,0x9B,0x98,0xE7,0x09,0x29,0x19,0x99,0xF4,0x35,0xF7,0x8C,0x70,0x94,0x87,0x80,0x3C,0x20,0x4C,0xA0,0xF8,0xBA,0x36,0x5E,0xA6,0x54,0x8B,0xAD,0x12,0xA9},
    },
    {
        UINT32_C(2922),
        UINT64_C(0x3E056C4E1E98CB25),
        UINT32_C(268),
        UINT32_C(38),
        {0xD1,0x9E,0x7D,0x5B,0x63,0x79,0x4D,0x3E,0x76,0x64,0xFA,0xDA,0x92,0x12,0x0B,0x4E,0x4C,0xCA,0x72,0x1F,0x0B,0x7C,0xAB,0x3B,0x6C,0x73,0x69,0x25,0x5C,0xD4,0x06,0xF7},
        {0x59,0xA7,0x13,0x5C,0xAC,0x17,0xA1,0x30,0xB4,0xEC,0x6C,0x36,0x7B,0xE5,0xE1,0x59,0xC2,0xF1,0x99,0xCE,0x4A,0x4D,0x2A,0x27,0x9E,0x55,0x16,0x55,0x31,0x3F,0x2C,0xF8},
    },
    {
        UINT32_C(2922),
        UINT64_C(0x6199C8F31DF10756),
        UINT32_C(268),
        UINT32_C(38),
        {0x87,0xD6,0x52,0x02,0x14,0xB7,0x5D,0x4F,0xE7,0x57,0x50,0xE3,0xFB,0x2D,0xD7,0xD5,0xA9,0x40,0xA5,0x23,0xAB,0xE4,0x32,0xD5,0x0B,0x5F,0x2E,0xD1,0x5B,0xD3,0xE3,0x74},
        {0x68,0xE6,0x67,0x80,0x72,0x05,0xB2,0xBE,0xF5,0x56,0x05,0x72,0xBD,0x15,0x21,0xE1,0x8E,0x68,0x48,0xE9,0xF2,0x16,0x6F,0x52,0x2C,0x56,0x0C,0xF5,0x68,0xB1,0xE0,0x93},
    },
    {
        UINT32_C(2976),
        UINT64_C(0xE629715692111BE1),
        UINT32_C(1024),
        UINT32_C(600),
        {0x86,0x9D,0x26,0x6C,0x38,0xB2,0xF2,0x38,0x59,0xAD,0xF3,0x84,0xC8,0x77,0x7A,0x26,0xDF,0x49,0xD0,0x12,0x40,0x44,0x5E,0x0C,0xBA,0x71,0x5E,0x4D,0x0A,0x91,0x2F,0xDD},
        {0x4C,0x50,0xF4,0xF8,0x71,0xCA,0x4F,0x99,0xE7,0x4E,0x88,0x7D,0xFA,0x0B,0x27,0xD4,0xF2,0xF6,0xAA,0xDD,0x59,0xDA,0x1D,0xBB,0x07,0xFD,0xD8,0xED,0xC7,0x94,0xD3,0x68},
    },
    {
        UINT32_C(3042),
        UINT64_C(0x4E6FC11AFFEF600E),
        UINT32_C(408),
        UINT32_C(38),
        {0xAC,0x14,0xCC,0x99,0xBC,0x7E,0x87,0xED,0x66,0xB2,0x7C,0x28,0x6B,0x93,0x86,0x4F,0x98,0xB4,0x56,0x08,0x26,0x94,0xDE,0x87,0xB9,0x1C,0x18,0x3F,0x73,0xC1,0xA1,0xE7},
        {0x8F,0xF3,0x49,0x99,0x53,0x96,0x08,0x29,0xB1,0xF7,0xA2,0x5D,0x49,0x96,0x40,0x66,0x57,0xB7,0xDF,0x60,0xD7,0xA1,0xFE,0x29,0x8F,0x2C,0x7C,0xE8,0x98,0xAB,0x23,0x80},
    },
    {
        UINT32_C(3096),
        UINT64_C(0xF1DCB1D1F068E557),
        UINT32_C(268),
        UINT32_C(38),
        {0x0D,0xC8,0xFF,0xFE,0x32,0x7D,0x8C,0x72,0x66,0xBB,0x92,0x58,0xE4,0x0C,0x4A,0xB4,0x7F,0x9F,0xBF,0xD7,0xFC,0x28,0x7A,0x81,0xD7,0x1A,0x4A,0xBB,0x4A,0x0C,0x54,0x8B},
        {0x9F,0xA8,0x3B,0xC2,0x31,0x07,0xA0,0xBC,0x53,0x49,0x90,0xFC,0x9B,0x92,0x9C,0x07,0x63,0x8B,0xBF,0x50,0x78,0x53,0x72,0x6F,0x92,0x52,0xB5,0x2F,0x18,0x02,0x08,0xCB},
    },
    {
        UINT32_C(3102),
        UINT64_C(0xD518F08BE71F764E),
        UINT32_C(902),
        UINT32_C(100),
        {0xD1,0x50,0x56,0xAC,0x97,0x40,0x1B,0x69,0x42,0x87,0x2E,0xA5,0x74,0x36,0x74,0xDA,0x4F,0xC5,0x15,0x3A,0xB4,0xD6,0x71,0xE1,0x33,0xFA,0xCF,0xE0,0x5C,0xB3,0x35,0x10},
        {0x7B,0x20,0x29,0xE5,0x04,0x1D,0xAB,0x75,0x08,0x71,0x21,0xB3,0x1E,0xF2,0xDC,0x04,0x93,0xA9,0x56,0xB8,0xF0,0x83,0x4E,0x5F,0x0C,0x9E,0x33,0xED,0x6F,0x38,0x21,0xB6},
    },
    {
        UINT32_C(3108),
        UINT64_C(0x8CA32205D63F638D),
        UINT32_C(326),
        UINT32_C(51),
        {0xF8,0x6C,0x16,0xD3,0xA9,0x8A,0xAA,0xF4,0x2C,0x09,0xF4,0x86,0xE6,0x0F,0x65,0x02,0x68,0x29,0xA1,0xFF,0xCB,0xBB,0xF8,0x95,0x92,0xF7,0xC7,0xBD,0xF3,0x9E,0x06,0x35},
        {0x5C,0x6A,0x21,0xB4,0x2E,0xF1,0xA4,0x27,0xD8,0xB8,0x47,0xEF,0x9C,0x95,0xAB,0x89,0x04,0xC6,0x56,0xDB,0xDA,0xFC,0x1B,0x9D,0x4E,0x11,0xDE,0x91,0xAF,0x2A,0x27,0xCB},
    },
    {
        UINT32_C(3116),
        UINT64_C(0x84BA4FC2FD922FDA),
        UINT32_C(1024),
        UINT32_C(600),
        {0x86,0x9D,0x26,0x6C,0x38,0xB2,0xF2,0x38,0x59,0xAD,0xF3,0x84,0xC8,0x77,0x7A,0x26,0xDF,0x49,0xD0,0x12,0x40,0x44,0x5E,0x0C,0xBA,0x71,0x5E,0x4D,0x0A,0x91,0x2F,0xDD},
        {0x4C,0x50,0xF4,0xF8,0x71,0xCA,0x4F,0x99,0xE7,0x4E,0x88,0x7D,0xFA,0x0B,0x27,0xD4,0xF2,0xF6,0xAA,0xDD,0x59,0xDA,0x1D,0xBB,0x07,0xFD,0xD8,0xED,0xC7,0x94,0xD3,0x68},
    },
    {
        UINT32_C(3118),
        UINT64_C(0x83EA880941770E87),
        UINT32_C(268),
        UINT32_C(38),
        {0x79,0x32,0xF7,0xAD,0x9A,0x4A,0x95,0x8F,0x7B,0xBB,0x82,0x18,0xD5,0xFF,0xB0,0x6D,0x77,0x58,0x89,0xD4,0x49,0x3B,0x92,0xAC,0x93,0xA0,0x28,0x38,0xB9,0x88,0xC4,0xE5},
        {0x10,0x58,0xAC,0xB7,0x6B,0xE9,0x83,0x44,0xF8,0x6E,0x92,0x18,0x94,0x7F,0x5C,0xA5,0x1F,0x89,0x3A,0xAF,0x83,0x15,0xB3,0x6C,0x02,0x57,0xB8,0x9C,0x08,0xA2,0x51,0x31},
    },
    {
        UINT32_C(3144),
        UINT64_C(0xAA105E20C4BA9C2E),
        UINT32_C(326),
        UINT32_C(51),
        {0x65,0x2A,0xA5,0x7D,0x93,0x17,0x0E,0x19,0xF6,0x9A,0x0F,0x0B,0xDC,0xD0,0x1D,0x9A,0x7E,0x42,0x0F,0xC3,0xEB,0xA1,0xBB,0xC6,0xC6,0xCB,0xB7,0xD5,0xCC,0xF3,0x25,0x9A},
        {0x99,0x46,0x90,0xA8,0x0C,0xD6,0x07,0x7F,0x9C,0xDF,0x7F,0xC0,0xD8,0xB8,0x4A,0xC1,0x47,0x1D,0x14,0x65,0x2B,0x25,0xB4,0xE4,0xAB,0x63,0xC0,0x0A,0x1B,0x40,0xD5,0xF3},
    },
    {
        UINT32_C(3144),
        UINT64_C(0xE5A883211ADBB051),
        UINT32_C(408),
        UINT32_C(38),
        {0x7F,0x76,0x04,0xD8,0xEE,0x5C,0x8B,0x65,0xB1,0x3E,0x9D,0x9B,0x42,0x35,0x7B,0xCF,0x66,0xF6,0xE2,0x63,0x56,0x7B,0x59,0x99,0x93,0xFF,0x22,0x87,0xFF,0x71,0xF8,0xC5},
        {0x09,0xD4,0x0D,0x97,0x73,0xFF,0x19,0x83,0x7E,0x44,0x7B,0x9E,0x40,0x0E,0x9D,0xCC,0x85,0x4F,0x8F,0x02,0xDF,0xF5,0x6A,0xF2,0xCD,0x9C,0x04,0xFE,0xCA,0x77,0xDE,0x5E},
    },
    {
        UINT32_C(3154),
        UINT64_C(0xD94038448CACBCCA),
        UINT32_C(1280),
        UINT32_C(100),
        {0xB1,0xE5,0x95,0xC1,0xCE,0x46,0x39,0xCD,0xB6,0x07,0x92,0x74,0x4C,0x13,0x40,0x75,0x0E,0xE3,0xF0,0x62,0x5E,0x35,0x7E,0x95,0x6A,0x6B,0xEF,0x96,0x38,0xCE,0x49,0x47},
        {0x12,0x7A,0x37,0x35,0x88,0xD0,0xAE,0xF2,0x7C,0xC0,0x9C,0xC5,0xE8,0x14,0xD4,0xBE,0x18,0x42,0x73,0x02,0x50,0x59,0x1D,0xEF,0x8F,0x9E,0x54,0x71,0x54,0x9C,0xE9,0xDC},
    },
    {
        UINT32_C(3158),
        UINT64_C(0xDEADFC304F542A58),
        UINT32_C(268),
        UINT32_C(38),
        {0x9A,0x26,0x0A,0x33,0xA2,0x08,0xDB,0xE3,0xBA,0xD0,0xA2,0xAE,0x73,0x0F,0xB5,0x19,0xC7,0xAD,0x58,0xC3,0xAB,0x29,0x31,0x39,0xD0,0x94,0xFB,0xB1,0xED,0x97,0xDE,0x08},
        {0xA4,0xDB,0xC4,0x46,0x36,0x37,0x9C,0x54,0xC0,0xF2,0x10,0xB7,0x8F,0xF9,0x8D,0x96,0xEB,0xC7,0xE7,0xF1,0x74,0xC1,0x50,0xE4,0x15,0x15,0x3B,0x31,0xE2,0xF1,0x00,0xFA},
    },
    {
        UINT32_C(3164),
        UINT64_C(0x891EF431E3D0AADB),
        UINT32_C(268),
        UINT32_C(38),
        {0x93,0xB9,0x67,0x88,0xF5,0xC2,0x1A,0x39,0x0B,0x36,0xE4,0x35,0x8C,0x0A,0x28,0xA9,0x6A,0xC6,0x15,0x42,0xA9,0x19,0x66,0xC5,0xF9,0xBE,0x50,0xBB,0x62,0xA8,0x7E,0x49},
        {0x7B,0xFE,0x6C,0xAE,0x12,0xB9,0x19,0x36,0xFA,0x89,0xAF,0x4C,0x26,0x2B,0x3D,0x29,0xBE,0x07,0xD6,0xCA,0x59,0x5A,0xCD,0x4D,0x38,0x18,0x19,0x0D,0x37,0x58,0xF0,0x73},
    },
    {
        UINT32_C(3172),
        UINT64_C(0x1D29B23258525C2B),
        UINT32_C(240),
        UINT32_C(50),
        {0x74,0x15,0x6D,0xD8,0xC6,0x00,0x7B,0x27,0x3E,0xFD,0x6B,0x6C,0xF5,0x13,0x98,0x11,0x96,0xCE,0x3B,0x12,0xB2,0xA7,0xDD,0xF9,0x90,0xAC,0xB6,0x34,0x73,0x4B,0xD6,0x9D},
        {0xE6,0x0C,0x8C,0x88,0x3B,0xDF,0x3F,0x0F,0x84,0x64,0x0D,0xBA,0xB1,0x30,0x6C,0xA5,0xDF,0x76,0xDB,0xD6,0x6B,0xBE,0x83,0xBD,0x8F,0x4E,0xCD,0x49,0x2D,0x12,0x36,0x66},
    },
    {
        UINT32_C(3224),
        UINT64_C(0xE8F5F8405563E6E5),
        UINT32_C(1024),
        UINT32_C(600),
        {0xCB,0xC7,0x51,0xF0,0xA7,0xCB,0x09,0x9E,0x57,0xBF,0x85,0x2D,0x7B,0x15,0x2F,0xD0,0x5E,0x5B,0xE8,0x08,0xC1,0x65,0x17,0xFC,0x7A,0x4C,0x75,0xF5,0x27,0xB6,0x76,0x79},
        {0xDD,0x94,0x5A,0x6F,0x5A,0x8E,0x8F,0x24,0x24,0xDD,0x31,0x70,0xAC,0xB0,0x11,0xC2,0x4A,0x35,0xD0,0x4D,0x0A,0x1C,0x99,0xE4,0x0B,0x47,0xE2,0xDF,0x99,0x14,0x40,0x4B},
    },
    {
        UINT32_C(3262),
        UINT64_C(0x01B274A1C8035DF3),
        UINT32_C(902),
        UINT32_C(100),
        {0xFD,0xE8,0xA8,0xB9,0x2B,0xD9,0x29,0xB0,0xDC,0xFC,0x38,0xFC,0x5A,0xF7,0x69,0xF0,0x70,0x01,0x57,0xBF,0xAC,0xC9,0xE4,0xEB,0xA0,0x88,0x20,0x2D,0xDB,0x1C,0xB3,0xE7},
        {0xD9,0x58,0x2D,0xBF,0xDE,0xB4,0x8F,0x30,0x7E,0x1C,0x5B,0x97,0x70,0x71,0x80,0x0E,0x04,0xE7,0x31,0xFB,0xAE,0x90,0xAE,0x07,0xE5,0x94,0x9D,0xFD,0xE2,0xA7,0x0B,0xED},
    },
    {
        UINT32_C(3288),
        UINT64_C(0x8EC158F687C15550),
        UINT32_C(1024),
        UINT32_C(600),
        {0x0A,0x1C,0x08,0x00,0x57,0xCE,0x0F,0x1F,0x95,0x32,0x85,0x08,0xAB,0xB9,0x89,0x62,0xC9,0xF0,0xCA,0xC2,0x19,0x26,0x06,0x94,0x97,0xC4,0xFE,0x91,0x0B,0xDF,0x6C,0x06},
        {0xC3,0x41,0x0D,0x4E,0x72,0xD7,0x1D,0x71,0xBE,0x30,0xB5,0x8C,0xB4,0x66,0x39,0x96,0xE6,0x5A,0x89,0x6D,0xC7,0xA7,0x1A,0x1D,0x30,0x67,0xC3,0xB9,0xC7,0x5E,0x09,0x84},
    },
    {
        UINT32_C(3294),
        UINT64_C(0x51D22D8C0DC6D6D8),
        UINT32_C(1280),
        UINT32_C(100),
        {0x8E,0x1F,0x74,0x06,0x6E,0xCD,0x8B,0x8B,0xA5,0x88,0xA9,0x75,0x0D,0xAF,0x15,0xD8,0x37,0x1F,0x9E,0x63,0x77,0xB3,0xA6,0x0C,0x1D,0xA8,0xAD,0x7B,0x6B,0x36,0x9F,0x73},
        {0x22,0xF0,0x62,0xBA,0xB4,0x83,0x44,0x2F,0x6D,0xBE,0x58,0x61,0x9E,0xAB,0x3C,0xC3,0xF8,0x1D,0xA2,0xAE,0x94,0xD2,0x6E,0xAE,0xEE,0x91,0x68,0xCD,0xDE,0x62,0xED,0x13},
    },
    {
        UINT32_C(3330),
        UINT64_C(0x1E304DD30B2D4E80),
        UINT32_C(1280),
        UINT32_C(100),
        {0x37,0x71,0x59,0x6E,0x32,0x95,0xCB,0xD5,0x53,0x70,0x36,0xEB,0xDE,0xE8,0x6E,0xC0,0x5D,0x41,0xB9,0xED,0x2D,0x08,0x22,0x01,0xFC,0x29,0xEF,0x06,0xFB,0xA5,0xED,0xB8},
        {0xBC,0x02,0xAD,0xCF,0x1E,0x4A,0x5C,0xA9,0xFC,0xD3,0xFD,0x04,0xC0,0x60,0x67,0x91,0x6B,0x5E,0xD0,0xA6,0x1C,0x01,0x69,0xBF,0x22,0xDD,0x8E,0xBE,0x42,0x30,0xCB,0x17},
    },
    {
        UINT32_C(3354),
        UINT64_C(0x4A23C4AD87C0CDF4),
        UINT32_C(268),
        UINT32_C(38),
        {0x16,0x11,0xA6,0x5F,0xED,0x36,0xCE,0x7D,0x71,0xBD,0x8F,0x93,0xD5,0x08,0xB0,0x32,0xA5,0x3E,0xB2,0xF3,0xC2,0x60,0xE9,0xDD,0x57,0x21,0x2B,0xF9,0x33,0x7F,0x16,0x42},
        {0x2F,0x42,0xE2,0xF5,0xFB,0x8D,0x8E,0x47,0x70,0xFA,0xCB,0x01,0x5E,0xCA,0x49,0xB5,0x2A,0x20,0x5D,0xCD,0x68,0x85,0x9B,0x3D,0xAF,0xC1,0xD0,0x6A,0x4D,0x94,0xFC,0x90},
    },
    {
        UINT32_C(3366),
        UINT64_C(0x3D7DBA41E7488C28),
        UINT32_C(268),
        UINT32_C(38),
        {0xF4,0x95,0xA3,0xC5,0xDA,0x07,0xC0,0xA3,0xCB,0x30,0x90,0xBF,0x56,0x81,0x90,0xE1,0x2C,0x30,0x72,0x92,0x20,0xA8,0xD1,0xE1,0x8B,0x63,0x7F,0x56,0x80,0xCB,0x87,0xA6},
        {0x40,0x47,0x33,0x1F,0x51,0xD7,0x3E,0x03,0x3C,0x2D,0xA4,0x9E,0x69,0xA2,0x21,0xD7,0xF6,0xE6,0x68,0x22,0x7F,0x64,0xDC,0x6F,0x7E,0x38,0x6D,0x9C,0x96,0xAD,0x72,0x08},
    },
    {
        UINT32_C(3368),
        UINT64_C(0x9E2F0106D92D1ED4),
        UINT32_C(268),
        UINT32_C(38),
        {0xBC,0xDF,0x23,0x36,0x91,0xB3,0x8E,0x90,0xED,0xB9,0x70,0xA7,0x9B,0xFD,0xDA,0x7B,0xB0,0x56,0xC9,0xB0,0x5E,0x4F,0xDC,0xD4,0xD9,0xB7,0xC4,0x91,0x5A,0xEA,0x43,0xE8},
        {0x61,0x6A,0xD2,0x04,0x55,0xF0,0xDB,0xA7,0x38,0x9E,0x21,0x06,0x69,0x61,0x73,0x17,0x2A,0xFC,0x53,0x32,0xE3,0x1D,0xA4,0xF6,0x84,0x5F,0x73,0xAD,0x16,0x20,0xCE,0xE8},
    },
    {
        UINT32_C(3422),
        UINT64_C(0x7105DE5F468FEA00),
        UINT32_C(408),
        UINT32_C(38),
        {0x50,0x1C,0x87,0x4D,0xB9,0x0E,0xBD,0x6C,0x33,0x4F,0x49,0x2C,0x3B,0xCA,0x2D,0x84,0x83,0x63,0xF8,0x7D,0x38,0x8C,0x04,0xF0,0xF4,0xE7,0xC0,0x60,0x6B,0x9E,0x6A,0x19},
        {0x02,0x02,0x82,0x9F,0xEE,0x4B,0xA9,0xAF,0x34,0xDE,0x41,0x61,0xFC,0x8A,0x94,0x29,0x77,0x5E,0xAA,0x36,0x5D,0xB7,0xF3,0xD2,0x62,0x32,0xC6,0xB2,0x94,0x28,0x10,0xAA},
    },
    {
        UINT32_C(3430),
        UINT64_C(0x06FD598F5BEA316E),
        UINT32_C(217),
        UINT32_C(34),
        {0x3A,0x15,0x13,0x43,0x8F,0x93,0x8E,0x42,0x33,0xD8,0xFB,0xFA,0x9F,0x1C,0x44,0xAE,0x2E,0x15,0x0F,0xCE,0x49,0xF5,0x5E,0x4E,0xB8,0xE0,0xEF,0x5E,0x94,0x21,0x8D,0xE0},
        {0xA6,0x4D,0xD7,0xE0,0x00,0xC1,0x1E,0xAA,0x77,0x0F,0x9B,0x11,0xE0,0x4F,0xEE,0x09,0xDC,0x01,0x3A,0xC0,0x14,0x3D,0xBA,0x24,0xAE,0xF7,0x7B,0x6C,0xA1,0x74,0x2D,0xAC},
    },
    {
        UINT32_C(3442),
        UINT64_C(0x0F9925C489FC2B31),
        UINT32_C(408),
        UINT32_C(38),
        {0xD2,0x88,0xD2,0x1F,0x57,0x8B,0x34,0xBC,0xC2,0x58,0x9A,0x40,0xD3,0x52,0xF0,0x3B,0x2F,0x97,0x8E,0x1D,0x3A,0xF9,0x77,0xA2,0x9E,0xE7,0x5B,0xA9,0x23,0x88,0xEF,0xBF},
        {0x9F,0x8B,0xDC,0xC9,0x37,0x5A,0xDF,0x04,0x75,0x61,0x8D,0x85,0x65,0x88,0xE5,0x95,0x66,0x09,0x28,0x23,0xDF,0xB6,0xD7,0x50,0xBA,0x2A,0xA6,0x47,0xFC,0xAE,0xBD,0x2F},
    },
    {
        UINT32_C(3442),
        UINT64_C(0xE92EE1E4990563A8),
        UINT32_C(1024),
        UINT32_C(600),
        {0x66,0xA5,0xA9,0x9B,0xB1,0xF3,0xC9,0x06,0x08,0x7A,0x3C,0x63,0x29,0x1F,0x1D,0xAC,0x4E,0x35,0x8A,0xEB,0x83,0xF8,0x8D,0x04,0x55,0x67,0x54,0x48,0x94,0x26,0xDA,0xFC},
        {0x2A,0xD9,0xBE,0x7A,0x80,0x2C,0x63,0xD4,0xB4,0xE4,0x06,0xA6,0x3D,0x30,0x64,0x86,0x9E,0x82,0xDD,0xA0,0xC1,0xA6,0xF7,0x7B,0x3A,0xFC,0x25,0x57,0x5E,0xF4,0xB3,0x5C},
    },
    {
        UINT32_C(3458),
        UINT64_C(0x49C85FD9FD2DE070),
        UINT32_C(1024),
        UINT32_C(600),
        {0xA3,0xCD,0xA2,0x6A,0x70,0xBF,0xC6,0x9B,0xDE,0x1D,0x01,0xB8,0xE7,0x93,0xD3,0x39,0x34,0x9C,0x32,0xAC,0x2A,0x1D,0x63,0x83,0xB3,0x43,0x76,0x16,0x9D,0x71,0x47,0xE9},
        {0xD2,0xF2,0xDB,0x9D,0xD5,0x7E,0xED,0x66,0x6A,0x1D,0x45,0x11,0xF8,0x4E,0x18,0x10,0xE9,0xAC,0x0E,0x95,0xCF,0x93,0x02,0xD4,0xBB,0x6B,0x94,0x6B,0x9D,0xC8,0xE7,0xD4},
    },
    {
        UINT32_C(3468),
        UINT64_C(0x0FC29A70760036E9),
        UINT32_C(1024),
        UINT32_C(600),
        {0xBE,0xFD,0xA6,0x15,0xA5,0xB4,0xCA,0xEE,0xB8,0x02,0x0B,0x3E,0xB1,0xD2,0xE8,0x05,0x04,0xCA,0xF8,0xF0,0xFB,0x87,0x78,0x54,0x56,0xA2,0x24,0x54,0x3C,0x6B,0x30,0xA3},
        {0xFA,0x81,0x4D,0xDF,0x73,0xC5,0x26,0xC6,0x5F,0xC0,0x1D,0x89,0x63,0x43,0x33,0x61,0x47,0xBF,0x75,0x3A,0x4E,0x04,0x23,0xF4,0xC0,0x59,0x61,0x27,0x9B,0x7E,0x30,0x21},
    },
    {
        UINT32_C(3470),
        UINT64_C(0xE74B3E482001738F),
        UINT32_C(408),
        UINT32_C(38),
        {0xD0,0x16,0x10,0xDE,0x71,0x47,0x79,0xCC,0x8D,0x17,0xF2,0x05,0x40,0x0D,0x6E,0xD2,0x67,0xB2,0xB0,0x24,0x06,0x14,0xE6,0x86,0xFC,0x9A,0xC1,0x3E,0xD5,0x77,0xEB,0x43},
        {0x69,0x9C,0xAA,0xA1,0x56,0xB9,0x1D,0xA2,0x6D,0xB2,0x28,0x78,0x05,0x25,0xCE,0x61,0x9A,0x3B,0xC9,0x42,0x05,0xFB,0x1C,0x56,0x71,0x11,0x38,0xC9,0x7E,0x5E,0x2D,0xA4},
    },
    {
        UINT32_C(3490),
        UINT64_C(0xFE0844B7B22D7187),
        UINT32_C(1280),
        UINT32_C(100),
        {0xF8,0x66,0x0F,0xFE,0x8A,0xF6,0xBF,0x0A,0x11,0x13,0x7C,0x1D,0x08,0xFB,0xF0,0xA6,0x15,0xD2,0x84,0xDB,0xAB,0x9B,0x98,0x43,0xCD,0x67,0x06,0x9E,0xDA,0x2F,0x3A,0xF3},
        {0x26,0x61,0x8A,0xDB,0x61,0x85,0xAF,0x49,0xCE,0x3C,0xB0,0xE1,0x3F,0x9B,0xA2,0xE9,0x37,0xC9,0x20,0xA7,0x55,0xCF,0xCF,0x16,0x1E,0x42,0x00,0x0F,0x72,0x78,0xB7,0x54},
    },
    {
        UINT32_C(3522),
        UINT64_C(0x6294C8205F71353A),
        UINT32_C(1126),
        UINT32_C(100),
        {0x61,0x91,0xED,0xF5,0xCD,0x9F,0x0E,0x81,0x99,0xCF,0x66,0x7B,0x01,0xD4,0x5B,0xBB,0xA4,0x1A,0xBE,0x05,0x42,0x10,0xAD,0x94,0xEB,0x22,0x2C,0x4B,0xBE,0x87,0xFB,0xB0},
        {0xD1,0x83,0x0F,0x19,0xDB,0x17,0x99,0x7F,0x6F,0x31,0x17,0x7E,0x6D,0x36,0x06,0x93,0x9F,0x9F,0xCF,0xC2,0x1F,0xE8,0xC1,0xD0,0x5C,0xED,0xB7,0x22,0xF0,0xA7,0x61,0x85},
    },
    {
        UINT32_C(3528),
        UINT64_C(0x78414209C97333CE),
        UINT32_C(1024),
        UINT32_C(600),
        {0xCB,0xC7,0x51,0xF0,0xA7,0xCB,0x09,0x9E,0x57,0xBF,0x85,0x2D,0x7B,0x15,0x2F,0xD0,0x5E,0x5B,0xE8,0x08,0xC1,0x65,0x17,0xFC,0x7A,0x4C,0x75,0xF5,0x27,0xB6,0x76,0x79},
        {0xDD,0x94,0x5A,0x6F,0x5A,0x8E,0x8F,0x24,0x24,0xDD,0x31,0x70,0xAC,0xB0,0x11,0xC2,0x4A,0x35,0xD0,0x4D,0x0A,0x1C,0x99,0xE4,0x0B,0x47,0xE2,0xDF,0x99,0x14,0x40,0x4B},
    },
    {
        UINT32_C(3550),
        UINT64_C(0x3262D4CD8E672DF9),
        UINT32_C(1024),
        UINT32_C(600),
        {0x24,0xAF,0xDB,0xDD,0xCF,0x67,0x10,0x22,0xB1,0xC5,0xBB,0x76,0x07,0x64,0x9D,0xE9,0xDB,0xF8,0x96,0xC3,0xFA,0x99,0x68,0xE3,0xF5,0xF4,0x1C,0xEE,0x92,0x81,0x4F,0x64},
        {0x52,0x28,0x0A,0x94,0x5A,0x9A,0x10,0xE2,0x5B,0x69,0x30,0xB4,0xFF,0x23,0xD3,0xA4,0xD5,0x7C,0xFD,0xFB,0x43,0x0E,0x08,0xBD,0x65,0x40,0xF4,0xBD,0x38,0x19,0xBC,0x11},
    },
    {
        UINT32_C(3578),
        UINT64_C(0xB89D6C06185CDFE9),
        UINT32_C(408),
        UINT32_C(38),
        {0xBF,0xC7,0xC5,0xE4,0x7A,0xCD,0x3F,0xB4,0x97,0xF0,0x5F,0x22,0xD2,0x52,0x8D,0x83,0xB8,0x2B,0xFB,0x8E,0xA2,0xB4,0xCA,0xF5,0xA3,0xC6,0x70,0x6D,0xE9,0x85,0xF9,0x76},
        {0x89,0x25,0x90,0x26,0xA3,0xCF,0xC8,0x4D,0x25,0x02,0xE9,0x15,0x60,0x13,0x06,0xD0,0x5F,0xEF,0x30,0x20,0x65,0x4A,0x6E,0x94,0xDA,0xE9,0x9A,0x4E,0xFC,0x88,0xB9,0x7E},
    },
    {
        UINT32_C(3584),
        UINT64_C(0x57F597247BBC737B),
        UINT32_C(1024),
        UINT32_C(600),
        {0xAF,0xE0,0xC7,0x8D,0x51,0x46,0x31,0x88,0x8A,0x10,0xD8,0x09,0x3F,0xA8,0x4B,0x4D,0x73,0x54,0x2C,0x82,0x6C,0x2C,0x4A,0x36,0x2D,0xCB,0xC5,0xEF,0xAF,0xC6,0x7A,0x1E},
        {0xA3,0x24,0xBF,0x5A,0xBC,0xFF,0x94,0x54,0x4C,0x2D,0xDA,0xF1,0xED,0x89,0x16,0x06,0x6A,0xCF,0xDB,0x73,0x3F,0x99,0x9C,0xD4,0x09,0x14,0x7C,0xBE,0xAF,0xF5,0x0E,0xA2},
    },
    {
        UINT32_C(3586),
        UINT64_C(0x14CB621824E568B1),
        UINT32_C(268),
        UINT32_C(38),
        {0x6A,0xBD,0x65,0xC1,0x92,0x50,0xC3,0xC5,0x27,0x2F,0x72,0x31,0xD1,0x87,0x44,0x41,0x19,0xC2,0x8C,0x20,0xEF,0xCD,0x1E,0x64,0xE1,0x50,0x2C,0x24,0xBC,0x84,0x3E,0x17},
        {0xE0,0x2D,0x0B,0x3D,0x17,0xA0,0xF6,0x30,0xB2,0xDA,0xFF,0xFB,0x38,0x9A,0x1E,0x3C,0x14,0xC1,0x1A,0x73,0xED,0x6C,0xB1,0xE2,0x7F,0x91,0x0F,0x0D,0x40,0x38,0x2D,0x6F},
    },
    {
        UINT32_C(3598),
        UINT64_C(0xC08917D062D825BF),
        UINT32_C(220),
        UINT32_C(65),
        {0x1C,0x06,0xCA,0x0C,0x57,0x21,0xD0,0xD8,0x28,0x23,0x91,0x5D,0x22,0x0F,0xB2,0x9D,0xB0,0x1F,0x96,0x98,0x7F,0xFA,0x3A,0x96,0xCB,0xC1,0x7B,0xEF,0xF4,0x23,0xDB,0x0E},
        {0x2A,0xEF,0x03,0x47,0x92,0xBC,0x63,0xEC,0x8E,0x6A,0x52,0x2E,0x07,0xFD,0xAA,0x21,0x45,0x4A,0x13,0x5A,0x83,0xF8,0x6C,0x92,0x47,0x10,0x50,0x6B,0x4B,0xB1,0x4F,0x11},
    },
    {
        UINT32_C(3626),
        UINT64_C(0x36E07A8AEF86C3AB),
        UINT32_C(240),
        UINT32_C(50),
        {0x06,0x21,0xF5,0x0F,0x2B,0x38,0x9D,0xAB,0xCF,0x34,0x98,0x1A,0x9E,0x35,0xB3,0xBA,0x3F,0xDF,0x94,0x67,0x39,0xC1,0xD8,0x84,0x30,0xB1,0x2E,0x95,0x8D,0x93,0xF3,0x28},
        {0x0D,0x17,0xD4,0x4B,0xC6,0x90,0x78,0xC0,0x4B,0x77,0x82,0x1E,0x0E,0x79,0xA7,0xF5,0x65,0x90,0x6B,0x93,0x0B,0x1C,0x0D,0x6E,0xFC,0xB8,0xC9,0x5A,0xD0,0xDA,0xDE,0xEB},
    },
    {
        UINT32_C(3636),
        UINT64_C(0xAA0A3E2490FCF352),
        UINT32_C(1024),
        UINT32_C(600),
        {0x99,0xFA,0x4F,0x6E,0xC5,0x77,0x09,0xBE,0x19,0x70,0x11,0x50,0x25,0x49,0x46,0x69,0xED,0x0D,0x8E,0x66,0x3E,0xAB,0x85,0xB8,0x20,0x9A,0x4D,0x61,0x25,0xE4,0x28,0x50},
        {0xA8,0x77,0xC9,0x39,0x7F,0xD5,0x57,0x63,0x58,0x4A,0xCB,0x20,0xDC,0x97,0x2D,0x87,0x7B,0x10,0xC2,0x7C,0xDE,0x8A,0xBF,0x69,0x8D,0x92,0x37,0xC8,0x1A,0xE3,0xD9,0xA9},
    },
    {
        UINT32_C(3650),
        UINT64_C(0x9CC3DC0164ECEB61),
        UINT32_C(408),
        UINT32_C(38),
        {0xC4,0x5D,0x21,0x6A,0x75,0x4A,0x35,0x60,0xD5,0xE8,0xFC,0xE4,0xBB,0xD0,0xDE,0xDB,0xF8,0x21,0x27,0xEC,0x44,0x0B,0x70,0xB6,0xE2,0xD2,0x20,0x1C,0x2F,0x1C,0x80,0xDD},
        {0x6F,0xA1,0x29,0xAF,0x2B,0xBD,0xBA,0x38,0xF7,0x75,0x0C,0x3C,0x4A,0x7B,0xD3,0xA8,0x1D,0x76,0x0E,0xE6,0x23,0xE0,0xC6,0x4D,0xC3,0x01,0x83,0x64,0xD2,0x1D,0xCC,0xEB},
    },
    {
        UINT32_C(3656),
        UINT64_C(0x4C0DB395D615F6E2),
        UINT32_C(1024),
        UINT32_C(600),
        {0xF1,0x6F,0x49,0xA6,0x0F,0xBF,0xF3,0x2E,0xA8,0xAA,0x87,0xFA,0x34,0x0E,0xCD,0x3D,0x2D,0xE9,0x0D,0xEA,0x92,0x6B,0xAD,0xF9,0x08,0xC6,0x34,0x60,0xEB,0x30,0x34,0x06},
        {0x5B,0x0F,0x8C,0xAE,0xE9,0x71,0x32,0x69,0x81,0xE2,0x58,0x3B,0x3F,0x54,0x4C,0xDF,0x92,0x15,0x5C,0xD3,0x55,0x97,0xC3,0x7C,0x22,0x79,0xC1,0x84,0x69,0xC8,0xEA,0xC6},
    },
    {
        UINT32_C(3668),
        UINT64_C(0x1CA4C8BAEB2B0CED),
        UINT32_C(408),
        UINT32_C(38),
        {0x50,0x5F,0x86,0x7C,0x0F,0x69,0xFA,0xED,0x2D,0xF7,0x3E,0x08,0xE5,0x35,0x02,0x8D,0x1B,0x6B,0xDB,0x06,0x25,0x7E,0x22,0xE9,0x48,0xB0,0x94,0x31,0xA9,0x81,0xCF,0x80},
        {0x1D,0x35,0xDE,0x72,0x17,0x0B,0x66,0x19,0x41,0xFA,0x97,0x5F,0x30,0xD9,0xCD,0xEE,0xF0,0x13,0x63,0xD8,0x66,0x24,0xC0,0x1F,0xAB,0x61,0x5D,0xA8,0x95,0x17,0x23,0x70},
    },
    {
        UINT32_C(3670),
        UINT64_C(0x890FE20B49A76733),
        UINT32_C(220),
        UINT32_C(65),
        {0xCD,0x7E,0x91,0x46,0x3D,0x17,0xC6,0xFD,0x90,0x0C,0xBD,0xAC,0x32,0x7D,0x5C,0xEC,0xA7,0xAC,0x8D,0x76,0xB8,0x8C,0xBA,0xC5,0x90,0xE9,0x7F,0x2D,0xA5,0x39,0x4C,0xB2},
        {0x60,0x76,0xE1,0xFA,0x91,0xAF,0xDE,0xBC,0x83,0x11,0xB3,0x19,0x9D,0xE9,0x72,0x4C,0x6F,0x22,0xD6,0xBF,0x39,0x32,0x08,0x75,0xAC,0xF0,0xB6,0xBC,0xEC,0xA7,0x09,0xAF},
    },
    {
        UINT32_C(3698),
        UINT64_C(0xFF52DC43E9CBDDAB),
        UINT32_C(268),
        UINT32_C(38),
        {0xB1,0x8B,0x8D,0x09,0x04,0x3F,0xE0,0x08,0x62,0x7E,0xCC,0x5A,0xB8,0x88,0x22,0xC1,0x8C,0x42,0x0C,0xB1,0xCE,0xCC,0x31,0xBB,0x77,0xF4,0x09,0x08,0xF8,0x53,0x5E,0xF3},
        {0xBB,0x8C,0xAC,0x53,0x96,0xED,0x95,0x1A,0x92,0xC6,0xF3,0x4A,0xC6,0xDB,0x30,0x7C,0xA6,0x0F,0x3E,0x93,0x99,0x1F,0x0F,0x24,0xFF,0x44,0x0B,0x0A,0x57,0x61,0xE3,0x8E},
    },
    {
        UINT32_C(3702),
        UINT64_C(0x0CA517047261B807),
        UINT32_C(1024),
        UINT32_C(600),
        {0x18,0x2D,0x2C,0xD9,0x68,0x3B,0xBA,0xB4,0x20,0x8F,0xB2,0x5A,0x8D,0xDD,0x25,0x2A,0x90,0xA8,0xF3,0xA1,0x67,0x42,0x35,0x02,0xB5,0x26,0x92,0x7C,0x1E,0xDA,0x36,0xC1},
        {0x67,0xAB,0x47,0xF2,0xE9,0xF5,0x1E,0x95,0x55,0x99,0x8D,0xA7,0x5B,0x35,0x26,0xD0,0x3C,0x4D,0x3F,0xE8,0x21,0xB9,0xEB,0x50,0x26,0x20,0x4C,0x0C,0x44,0xEB,0x49,0x25},
    },
    {
        UINT32_C(3702),
        UINT64_C(0xBBE3D9528C5C7679),
        UINT32_C(1024),
        UINT32_C(600),
        {0xBF,0xF4,0x6D,0x1B,0xC7,0x25,0xA3,0xC4,0xE5,0x7D,0x97,0x2F,0x72,0x39,0xC2,0x1B,0x91,0xFE,0x12,0x12,0xCF,0xBC,0x03,0x33,0x05,0x61,0xC0,0x26,0xF1,0x2F,0x93,0xB9},
        {0x1D,0xE1,0xCA,0x41,0x06,0x2E,0x1D,0x4D,0x50,0x47,0xC5,0x04,0xD2,0xE9,0xC0,0x0E,0x6E,0xBD,0xAA,0xF6,0x1A,0x7E,0xB6,0x98,0x86,0xC9,0xD6,0x04,0x11,0x5B,0xA0,0x5E},
    },
    {
        UINT32_C(3714),
        UINT64_C(0xBBB63ECB8BA73833),
        UINT32_C(408),
        UINT32_C(38),
        {0xF1,0xF3,0x40,0xD7,0x44,0x33,0x27,0xB8,0x85,0xF0,0x3C,0x00,0x18,0xC9,0xDD,0x82,0x94,0x38,0x0F,0xA2,0xCE,0x76,0x54,0x5D,0x86,0x21,0x1D,0xF7,0x30,0x0A,0x32,0x8B},
        {0xF3,0x78,0x13,0x58,0x45,0x75,0x5E,0x6D,0xCE,0x9C,0x7E,0x96,0x4B,0xC1,0x13,0x3B,0x00,0x64,0x8A,0x48,0x48,0xA3,0x28,0x72,0xE6,0xA7,0x03,0x76,0xE0,0xA9,0x0B,0x66},
    },
    {
        UINT32_C(3736),
        UINT64_C(0x11FBA7FC4FF0788A),
        UINT32_C(1024),
        UINT32_C(600),
        {0x57,0x81,0x6B,0xC0,0xB8,0xD0,0xDB,0xDF,0x81,0x14,0xE6,0x81,0xA0,0xDF,0x36,0xE4,0xAF,0x99,0xE4,0x20,0x36,0x46,0x2E,0xE7,0x3E,0x7F,0xB8,0xDA,0xAF,0xD3,0xE5,0x92},
        {0x6F,0x91,0x28,0xD8,0x48,0x9A,0xF6,0xC9,0xE3,0x91,0x03,0xCB,0x88,0xE7,0xF5,0xE7,0xA5,0x83,0xF2,0xE9,0x65,0xA6,0x55,0x7F,0x1A,0x81,0x66,0x91,0x3A,0x3D,0x5C,0x96},
    },
    {
        UINT32_C(3746),
        UINT64_C(0x46FBC18E4AAFAF44),
        UINT32_C(408),
        UINT32_C(38),
        {0xAC,0x14,0xCC,0x99,0xBC,0x7E,0x87,0xED,0x66,0xB2,0x7C,0x28,0x6B,0x93,0x86,0x4F,0x98,0xB4,0x56,0x08,0x26,0x94,0xDE,0x87,0xB9,0x1C,0x18,0x3F,0x73,0xC1,0xA1,0xE7},
        {0x8F,0xF3,0x49,0x99,0x53,0x96,0x08,0x29,0xB1,0xF7,0xA2,0x5D,0x49,0x96,0x40,0x66,0x57,0xB7,0xDF,0x60,0xD7,0xA1,0xFE,0x29,0x8F,0x2C,0x7C,0xE8,0x98,0xAB,0x23,0x80},
    },
    {
        UINT32_C(3762),
        UINT64_C(0x7E04C05633F0CB35),
        UINT32_C(408),
        UINT32_C(38),
        {0x4B,0x1D,0x63,0x44,0xBF,0x55,0xA7,0xAB,0x09,0xF0,0x0D,0xA5,0x30,0x9C,0xC5,0x0D,0xA0,0x40,0x90,0x92,0xCE,0x22,0x9C,0xA5,0xD0,0x44,0x70,0xF4,0x39,0x58,0xA2,0x85},
        {0xF5,0x1F,0x59,0xCC,0x98,0x05,0xAC,0x0D,0xD3,0x1C,0x6F,0x37,0xC3,0x5F,0xBC,0xAA,0x4F,0x87,0x53,0x7E,0xBF,0x83,0x89,0xC6,0xF9,0x60,0xBA,0xEE,0x84,0x8E,0xF5,0x01},
    },
    {
        UINT32_C(3762),
        UINT64_C(0x7EBFAB851634CD23),
        UINT32_C(1024),
        UINT32_C(600),
        {0x0A,0x1C,0x08,0x00,0x57,0xCE,0x0F,0x1F,0x95,0x32,0x85,0x08,0xAB,0xB9,0x89,0x62,0xC9,0xF0,0xCA,0xC2,0x19,0x26,0x06,0x94,0x97,0xC4,0xFE,0x91,0x0B,0xDF,0x6C,0x06},
        {0xC3,0x41,0x0D,0x4E,0x72,0xD7,0x1D,0x71,0xBE,0x30,0xB5,0x8C,0xB4,0x66,0x39,0x96,0xE6,0x5A,0x89,0x6D,0xC7,0xA7,0x1A,0x1D,0x30,0x67,0xC3,0xB9,0xC7,0x5E,0x09,0x84},
    },
    {
        UINT32_C(3812),
        UINT64_C(0x03D47D91619E568B),
        UINT32_C(408),
        UINT32_C(38),
        {0xBF,0xC7,0xC5,0xE4,0x7A,0xCD,0x3F,0xB4,0x97,0xF0,0x5F,0x22,0xD2,0x52,0x8D,0x83,0xB8,0x2B,0xFB,0x8E,0xA2,0xB4,0xCA,0xF5,0xA3,0xC6,0x70,0x6D,0xE9,0x85,0xF9,0x76},
        {0x89,0x25,0x90,0x26,0xA3,0xCF,0xC8,0x4D,0x25,0x02,0xE9,0x15,0x60,0x13,0x06,0xD0,0x5F,0xEF,0x30,0x20,0x65,0x4A,0x6E,0x94,0xDA,0xE9,0x9A,0x4E,0xFC,0x88,0xB9,0x7E},
    },
    {
        UINT32_C(3828),
        UINT64_C(0x7D8295EBE05538BB),
        UINT32_C(902),
        UINT32_C(100),
        {0xFD,0xE8,0xA8,0xB9,0x2B,0xD9,0x29,0xB0,0xDC,0xFC,0x38,0xFC,0x5A,0xF7,0x69,0xF0,0x70,0x01,0x57,0xBF,0xAC,0xC9,0xE4,0xEB,0xA0,0x88,0x20,0x2D,0xDB,0x1C,0xB3,0xE7},
        {0xD9,0x58,0x2D,0xBF,0xDE,0xB4,0x8F,0x30,0x7E,0x1C,0x5B,0x97,0x70,0x71,0x80,0x0E,0x04,0xE7,0x31,0xFB,0xAE,0x90,0xAE,0x07,0xE5,0x94,0x9D,0xFD,0xE2,0xA7,0x0B,0xED},
    },
    {
        UINT32_C(3858),
        UINT64_C(0x7EDEB56A2B54655F),
        UINT32_C(902),
        UINT32_C(100),
        {0xD1,0x50,0x56,0xAC,0x97,0x40,0x1B,0x69,0x42,0x87,0x2E,0xA5,0x74,0x36,0x74,0xDA,0x4F,0xC5,0x15,0x3A,0xB4,0xD6,0x71,0xE1,0x33,0xFA,0xCF,0xE0,0x5C,0xB3,0x35,0x10},
        {0x7B,0x20,0x29,0xE5,0x04,0x1D,0xAB,0x75,0x08,0x71,0x21,0xB3,0x1E,0xF2,0xDC,0x04,0x93,0xA9,0x56,0xB8,0xF0,0x83,0x4E,0x5F,0x0C,0x9E,0x33,0xED,0x6F,0x38,0x21,0xB6},
    },
    {
        UINT32_C(3890),
        UINT64_C(0xA8DD6272658DA279),
        UINT32_C(1024),
        UINT32_C(600),
        {0x0B,0x37,0x1A,0xDE,0x34,0x43,0xB4,0x4E,0x16,0xE7,0x56,0xE8,0xD4,0x25,0xDB,0xA2,0x88,0x78,0x73,0xCB,0x71,0x57,0x72,0xA6,0xB1,0xB6,0x29,0x57,0x79,0xB1,0x4A,0x6C},
        {0x98,0x8E,0xEB,0x4F,0xB1,0xC1,0x38,0xE4,0x25,0x79,0xF0,0x3F,0x5E,0xD3,0x65,0xE9,0xF8,0xC2,0x9E,0x80,0x2C,0xCA,0xCE,0x60,0x44,0x0C,0xC7,0xD1,0xD3,0xE8,0xE1,0xD5},
    },
    {
        UINT32_C(3932),
        UINT64_C(0xFDE36E6E0DBDD5FB),
        UINT32_C(220),
        UINT32_C(65),
        {0x1C,0x06,0xCA,0x0C,0x57,0x21,0xD0,0xD8,0x28,0x23,0x91,0x5D,0x22,0x0F,0xB2,0x9D,0xB0,0x1F,0x96,0x98,0x7F,0xFA,0x3A,0x96,0xCB,0xC1,0x7B,0xEF,0xF4,0x23,0xDB,0x0E},
        {0x2A,0xEF,0x03,0x47,0x92,0xBC,0x63,0xEC,0x8E,0x6A,0x52,0x2E,0x07,0xFD,0xAA,0x21,0x45,0x4A,0x13,0x5A,0x83,0xF8,0x6C,0x92,0x47,0x10,0x50,0x6B,0x4B,0xB1,0x4F,0x11},
    },
    {
        UINT32_C(3948),
        UINT64_C(0xF04BAA219F1D604C),
        UINT32_C(408),
        UINT32_C(38),
        {0x4B,0x15,0xD3,0x14,0xC4,0xCF,0x1D,0x46,0x61,0x41,0xA2,0x08,0x3D,0x4C,0x47,0x5D,0x5B,0x5C,0xAA,0x3F,0xEF,0x18,0x71,0xBD,0x4A,0x2C,0x11,0x2E,0x05,0x8A,0x38,0x63},
        {0x18,0x34,0x5A,0x09,0x08,0x73,0xB3,0xB9,0xDC,0xB5,0xC3,0x21,0xEC,0xF3,0x61,0x87,0xEA,0x15,0x7F,0x1B,0xCF,0xE7,0x9A,0xE8,0x72,0xE3,0x97,0xD0,0x74,0x42,0x46,0xFC},
    },
    {
        UINT32_C(3962),
        UINT64_C(0x91B7B7DA3503B384),
        UINT32_C(1024),
        UINT32_C(600),
        {0x00,0x0D,0x68,0x1E,0xAE,0x72,0xBD,0x57,0xA7,0x5D,0xD5,0x46,0x52,0xAD,0x1B,0x0A,0xA4,0x75,0xAC,0x67,0xFB,0x82,0x0F,0x5D,0x41,0xFA,0xBE,0x50,0x9C,0x70,0x13,0x8A},
        {0xF8,0x80,0xA2,0x08,0x48,0xA0,0x54,0x21,0x90,0xAC,0x6E,0xA0,0x73,0x92,0x84,0x08,0x6C,0xD0,0x80,0x4D,0x2C,0x17,0x64,0x5C,0x48,0xFB,0xA2,0xA2,0x1E,0x32,0x9B,0xC1},
    },
    {
        UINT32_C(3986),
        UINT64_C(0x87D9DCABC683ED8D),
        UINT32_C(268),
        UINT32_C(38),
        {0x68,0x1B,0x94,0xA3,0x23,0xA8,0x76,0x81,0x73,0x82,0x70,0x31,0x16,0x3B,0x6A,0xD7,0x17,0x6F,0x26,0x40,0x4B,0xA6,0x33,0x0E,0xA1,0x22,0x66,0x4D,0xEB,0x11,0xA3,0xA9},
        {0xBB,0x80,0xC2,0x80,0x8C,0x77,0xC7,0xB2,0x3C,0xEE,0x37,0xB9,0x5D,0xBC,0xB1,0xBB,0x92,0x46,0x87,0x62,0x37,0x52,0x0C,0x59,0xFE,0x3C,0x6B,0x95,0xFD,0x5D,0x0B,0xB2},
    },
    {
        UINT32_C(3988),
        UINT64_C(0xF2FC390FE21E1808),
        UINT32_C(408),
        UINT32_C(38),
        {0x50,0x5F,0x86,0x7C,0x0F,0x69,0xFA,0xED,0x2D,0xF7,0x3E,0x08,0xE5,0x35,0x02,0x8D,0x1B,0x6B,0xDB,0x06,0x25,0x7E,0x22,0xE9,0x48,0xB0,0x94,0x31,0xA9,0x81,0xCF,0x80},
        {0x1D,0x35,0xDE,0x72,0x17,0x0B,0x66,0x19,0x41,0xFA,0x97,0x5F,0x30,0xD9,0xCD,0xEE,0xF0,0x13,0x63,0xD8,0x66,0x24,0xC0,0x1F,0xAB,0x61,0x5D,0xA8,0x95,0x17,0x23,0x70},
    },
    {
        UINT32_C(4000),
        UINT64_C(0x0AD63EA99AF1383F),
        UINT32_C(408),
        UINT32_C(38),
        {0xE7,0x4B,0x3C,0x34,0x3C,0x1E,0xB1,0xC3,0x0C,0x4B,0x57,0x7E,0x1A,0x57,0x3A,0xF3,0x43,0x6A,0x5F,0x93,0x02,0xEA,0x50,0xCB,0xE0,0xD5,0x71,0x70,0xC6,0xF5,0x41,0x56},
        {0xBE,0xA8,0x98,0x4E,0x43,0xA3,0xCE,0xB0,0xA5,0xC6,0x34,0x85,0x14,0x75,0xEC,0x99,0x55,0x62,0x24,0x63,0x0E,0xDE,0x72,0xBE,0x00,0x84,0x8B,0xF9,0xC6,0x72,0xEE,0xCF},
    },
    {
        UINT32_C(4028),
        UINT64_C(0xD4C90156F4EBF445),
        UINT32_C(408),
        UINT32_C(38),
        {0xB9,0xF7,0x1A,0x08,0x54,0xEE,0x04,0xED,0xF6,0x9A,0xCC,0x50,0xF6,0x53,0x8D,0xDB,0xEA,0xC8,0x77,0xB2,0x4C,0x72,0xD4,0xA9,0xCF,0xD0,0xE7,0xD7,0xA1,0x3C,0x70,0x82},
        {0x54,0x23,0xFB,0x49,0x9C,0x40,0xF3,0x02,0x35,0x85,0xE6,0xE6,0xBB,0xFB,0x81,0x68,0x72,0xCE,0x48,0xDA,0x9D,0x77,0x7F,0xAF,0x84,0x3A,0x86,0x09,0x9E,0x65,0x08,0xE9},
    },
    {
        UINT32_C(4044),
        UINT64_C(0xEED1DD3D7D2DDB7D),
        UINT32_C(408),
        UINT32_C(38),
        {0x91,0x40,0x31,0xB1,0xDA,0x20,0x74,0x44,0xC8,0x87,0x7A,0x41,0xED,0x8E,0x79,0x73,0x62,0x86,0x7D,0x52,0x3F,0xA0,0xAB,0xBF,0xB3,0x0D,0x05,0xF3,0x4F,0x74,0xD4,0x32},
        {0xB6,0x0D,0x9D,0x46,0x16,0xE5,0xD6,0x0D,0xD1,0xA7,0x2E,0xED,0xFE,0xA4,0xD4,0x22,0xB8,0x17,0xFA,0x39,0x61,0xDD,0xBD,0x85,0xC6,0xFA,0x5D,0x4F,0xD7,0xD9,0x2E,0x1D},
    },
    {
        UINT32_C(4088),
        UINT64_C(0x0941E1C0FE738516),
        UINT32_C(408),
        UINT32_C(38),
        {0x50,0x1C,0x87,0x4D,0xB9,0x0E,0xBD,0x6C,0x33,0x4F,0x49,0x2C,0x3B,0xCA,0x2D,0x84,0x83,0x63,0xF8,0x7D,0x38,0x8C,0x04,0xF0,0xF4,0xE7,0xC0,0x60,0x6B,0x9E,0x6A,0x19},
        {0x02,0x02,0x82,0x9F,0xEE,0x4B,0xA9,0xAF,0x34,0xDE,0x41,0x61,0xFC,0x8A,0x94,0x29,0x77,0x5E,0xAA,0x36,0x5D,0xB7,0xF3,0xD2,0x62,0x32,0xC6,0xB2,0x94,0x28,0x10,0xAA},
    },
    {
        UINT32_C(4106),
        UINT64_C(0x1219B77473E48CFD),
        UINT32_C(1024),
        UINT32_C(600),
        {0x19,0xD8,0x80,0x9C,0x44,0x79,0x84,0xA8,0x96,0x60,0xC0,0x47,0xA3,0x59,0xA5,0x22,0xF1,0xA8,0xFC,0x07,0x5B,0x87,0x5C,0x80,0xED,0x96,0xDB,0x6C,0xBA,0x87,0x85,0x0E},
        {0x03,0xCB,0xE8,0x76,0xB5,0x84,0xE5,0xB5,0x07,0x7C,0xA6,0xA2,0xF7,0x9C,0x53,0x98,0x01,0xED,0xAB,0x22,0x2A,0x97,0x10,0xE7,0x6C,0x14,0x36,0xDA,0xEA,0x04,0x30,0x07},
    },
    {
        UINT32_C(4110),
        UINT64_C(0xF9B8040D8F603AE8),
        UINT32_C(268),
        UINT32_C(38),
        {0x34,0x62,0xA2,0x9A,0xC2,0xA2,0x31,0xE4,0x0F,0x2C,0x83,0x90,0x45,0x7C,0x9E,0xA5,0x90,0x98,0x22,0x67,0x02,0xEF,0xBD,0x48,0x6E,0x1D,0x6A,0xB6,0xEF,0x7D,0xD7,0x66},
        {0x08,0xCB,0x33,0xA7,0x48,0xA1,0x1D,0xCB,0x2C,0xA4,0x03,0x38,0xB8,0x34,0xB3,0xC0,0xCC,0xD6,0x23,0x46,0xB3,0xCB,0xC8,0xB8,0x44,0x07,0x6E,0xA2,0xD1,0x45,0x60,0x75},
    },
    {
        UINT32_C(4116),
        UINT64_C(0x9EDEA97FF97A3480),
        UINT32_C(408),
        UINT32_C(38),
        {0x4B,0x1D,0x63,0x44,0xBF,0x55,0xA7,0xAB,0x09,0xF0,0x0D,0xA5,0x30,0x9C,0xC5,0x0D,0xA0,0x40,0x90,0x92,0xCE,0x22,0x9C,0xA5,0xD0,0x44,0x70,0xF4,0x39,0x58,0xA2,0x85},
        {0xF5,0x1F,0x59,0xCC,0x98,0x05,0xAC,0x0D,0xD3,0x1C,0x6F,0x37,0xC3,0x5F,0xBC,0xAA,0x4F,0x87,0x53,0x7E,0xBF,0x83,0x89,0xC6,0xF9,0x60,0xBA,0xEE,0x84,0x8E,0xF5,0x01},
    },
    {
        UINT32_C(4184),
        UINT64_C(0x0790C045F7A6F409),
        UINT32_C(408),
        UINT32_C(38),
        {0x40,0x96,0x32,0x8D,0x3F,0xA0,0x72,0xB8,0x69,0xA3,0x2E,0xC5,0xD8,0x9E,0x33,0xBE,0xFF,0xFC,0x58,0x96,0xDC,0x6C,0xDE,0x1C,0x22,0xF3,0xA8,0x7A,0x90,0x75,0x5F,0x9C},
        {0x39,0x3E,0xA9,0x63,0x81,0xAB,0xC4,0x9D,0xE0,0xE4,0x76,0xA6,0x72,0xE9,0x4B,0x49,0x60,0xDE,0xA3,0xBC,0x20,0xDB,0xC3,0xC2,0x3B,0xC8,0x98,0xA1,0x72,0x90,0x1F,0x52},
    },
    {
        UINT32_C(4232),
        UINT64_C(0xC8079CD951C2CA0F),
        UINT32_C(408),
        UINT32_C(38),
        {0xC5,0x6D,0xE4,0x34,0xD0,0x5E,0x68,0x07,0x29,0x2A,0xDF,0x7D,0x6C,0xC9,0xD6,0x10,0xFC,0xE9,0x88,0xEC,0xD6,0xBE,0xBF,0x54,0x45,0x2D,0x10,0x63,0x59,0x5B,0x2B,0xB7},
        {0xB9,0x81,0xAF,0x02,0xA6,0x54,0x6D,0x60,0x41,0x4F,0xAC,0x6A,0xBA,0x6B,0xA8,0xEA,0xC3,0xA6,0xCE,0xEA,0x75,0x73,0xBD,0xE2,0x52,0x2C,0x62,0x29,0x09,0xFD,0x39,0xE5},
    },
    {
        UINT32_C(4248),
        UINT64_C(0xEC577E00F70C5616),
        UINT32_C(1024),
        UINT32_C(600),
        {0x58,0x84,0x1C,0x88,0xA7,0x75,0x46,0x81,0x55,0xB8,0x28,0x75,0xD1,0xFF,0x28,0x60,0xEF,0x0F,0x52,0xF9,0xF4,0x11,0x27,0xB1,0x20,0xBA,0x1E,0x4A,0xC9,0x53,0x15,0x1D},
        {0x80,0x61,0x9C,0x6C,0x23,0x13,0xC8,0xAF,0x60,0xFB,0x8C,0x47,0xA1,0x24,0x6B,0x4C,0x79,0x17,0xF1,0xE7,0xB7,0x9C,0xD7,0x8D,0x7A,0x3C,0x7A,0xA3,0x53,0xAA,0x69,0xDB},
    },
    {
        UINT32_C(4258),
        UINT64_C(0x4B5FFE875CFDE1D9),
        UINT32_C(1024),
        UINT32_C(600),
        {0xF1,0x6F,0x49,0xA6,0x0F,0xBF,0xF3,0x2E,0xA8,0xAA,0x87,0xFA,0x34,0x0E,0xCD,0x3D,0x2D,0xE9,0x0D,0xEA,0x92,0x6B,0xAD,0xF9,0x08,0xC6,0x34,0x60,0xEB,0x30,0x34,0x06},
        {0x5B,0x0F,0x8C,0xAE,0xE9,0x71,0x32,0x69,0x81,0xE2,0x58,0x3B,0x3F,0x54,0x4C,0xDF,0x92,0x15,0x5C,0xD3,0x55,0x97,0xC3,0x7C,0x22,0x79,0xC1,0x84,0x69,0xC8,0xEA,0xC6},
    },
    {
        UINT32_C(4260),
        UINT64_C(0xFF1E1E84C601B926),
        UINT32_C(408),
        UINT32_C(38),
        {0xFA,0x67,0x65,0x88,0xCD,0x8C,0xE5,0x9A,0x5C,0x86,0xD9,0x3C,0x69,0xF6,0xE4,0xF9,0xB5,0x5E,0x6A,0xE3,0x59,0xA8,0xBB,0x82,0x2A,0x2A,0x98,0x57,0x08,0x0C,0xE3,0xC1},
        {0xC5,0x37,0x09,0x7A,0xD9,0xC9,0x44,0x86,0xA8,0xE3,0x77,0xB7,0xED,0xE6,0x44,0x98,0x92,0xDC,0xC4,0xDB,0x9A,0x70,0x66,0x4A,0x07,0xD8,0x1D,0xC4,0xA3,0xD4,0xBB,0x67},
    },
    {
        UINT32_C(4274),
        UINT64_C(0xF639924C07AD0A62),
        UINT32_C(408),
        UINT32_C(38),
        {0x52,0x69,0x3C,0x47,0xB8,0xA1,0x65,0xA3,0x5F,0x43,0xA3,0xA5,0x2F,0x28,0x3B,0x53,0x1B,0xEE,0x0B,0xEA,0xE2,0x13,0x1C,0x4C,0xCA,0xCD,0xF8,0x3F,0x70,0x4F,0xDB,0x87},
        {0x26,0xEB,0xFB,0x8A,0xA0,0x76,0x4B,0xE9,0xF7,0x9F,0xE9,0xEC,0xEF,0x68,0x3B,0xA6,0x9A,0xF4,0xA1,0x52,0xDE,0xAE,0xEB,0x66,0x1F,0x83,0x54,0xCB,0xB8,0xE3,0x90,0x74},
    },
    {
        UINT32_C(4286),
        UINT64_C(0x663C4660FCDA9DF3),
        UINT32_C(902),
        UINT32_C(100),
        {0x8C,0x3E,0x72,0xAD,0x96,0x3F,0x5A,0xF4,0x23,0xBA,0xD3,0xBB,0xAC,0x73,0x62,0x58,0x81,0x22,0x3C,0x51,0x4E,0x54,0x0D,0xD3,0x08,0x1E,0x2A,0xDF,0x4D,0x33,0xF6,0x04},
        {0x5D,0x70,0x1D,0x9A,0xB6,0xB7,0x87,0xBD,0x48,0xE7,0xEF,0xA1,0xA7,0x18,0x12,0xD6,0x20,0x27,0xAD,0x4F,0x5A,0x43,0x1E,0x14,0x6F,0xE3,0x67,0x94,0xE6,0x62,0xBA,0xBD},
    },
    {
        UINT32_C(4300),
        UINT64_C(0xEE15690ADB3E93D2),
        UINT32_C(408),
        UINT32_C(38),
        {0xC4,0x5D,0x21,0x6A,0x75,0x4A,0x35,0x60,0xD5,0xE8,0xFC,0xE4,0xBB,0xD0,0xDE,0xDB,0xF8,0x21,0x27,0xEC,0x44,0x0B,0x70,0xB6,0xE2,0xD2,0x20,0x1C,0x2F,0x1C,0x80,0xDD},
        {0x6F,0xA1,0x29,0xAF,0x2B,0xBD,0xBA,0x38,0xF7,0x75,0x0C,0x3C,0x4A,0x7B,0xD3,0xA8,0x1D,0x76,0x0E,0xE6,0x23,0xE0,0xC6,0x4D,0xC3,0x01,0x83,0x64,0xD2,0x1D,0xCC,0xEB},
    },
    {
        UINT32_C(4314),
        UINT64_C(0x7C4B85DCFCF5B288),
        UINT32_C(268),
        UINT32_C(38),
        {0xE2,0x78,0xA3,0x73,0xE8,0x5B,0xBE,0x31,0xE6,0x90,0xBA,0xCD,0x3D,0x35,0xD3,0x52,0xE0,0xC3,0x38,0x57,0xDD,0x6E,0x7E,0xDC,0x2B,0x4A,0x52,0x67,0x96,0x92,0x97,0x71},
        {0xA0,0x6D,0x19,0xB3,0xD6,0x65,0xF6,0x54,0xA0,0x7A,0x47,0xDB,0x95,0x96,0x65,0xEB,0x3B,0xD9,0x61,0xBB,0x52,0x02,0x66,0x90,0xC9,0x23,0x31,0xB7,0x74,0xB2,0x61,0x9C},
    },
    {
        UINT32_C(4336),
        UINT64_C(0x80A2A830FB4897A8),
        UINT32_C(1126),
        UINT32_C(100),
        {0x07,0xE0,0x04,0xA4,0x51,0x94,0xE9,0x5C,0xF7,0xD5,0x9A,0xD0,0xC6,0x8B,0x66,0x7A,0xF9,0x9B,0x59,0x48,0xC7,0xDF,0x37,0x97,0x50,0x44,0x67,0x9E,0xCB,0xA5,0x3D,0x4B},
        {0x78,0xA8,0x1B,0x01,0x24,0x78,0x17,0x7A,0x32,0x02,0x19,0x31,0xF9,0x62,0x04,0xF5,0x9C,0xB1,0xCB,0xA5,0xCE,0xBA,0xE0,0x65,0x8D,0x61,0x5C,0xCD,0x05,0xC3,0x50,0x4B},
    },
    {
        UINT32_C(4410),
        UINT64_C(0x2A206FE937F2F2E8),
        UINT32_C(1024),
        UINT32_C(600),
        {0xA5,0xAF,0x86,0x11,0xC8,0x5F,0x09,0xD6,0xDA,0xF5,0xC8,0x94,0xF8,0xCE,0x50,0x4F,0xBC,0x2F,0x81,0xEC,0x4A,0xC2,0xE5,0xDE,0x7D,0xA9,0xDE,0x18,0xC7,0xE2,0xA7,0xD0},
        {0x91,0xF5,0x3E,0x0C,0x05,0x9A,0x62,0x6B,0x0E,0x5C,0x30,0x10,0x1D,0x28,0x44,0x97,0xE1,0x21,0x93,0x47,0x15,0x71,0xBE,0x7D,0xF3,0xD4,0xA6,0x14,0x3E,0x0F,0x78,0x51},
    },
    {
        UINT32_C(4454),
        UINT64_C(0x34CD580A559702E5),
        UINT32_C(408),
        UINT32_C(38),
        {0x0F,0x40,0x7B,0x8C,0x77,0x15,0x25,0x54,0xB6,0x6A,0x5F,0x0C,0xFE,0xC9,0x8D,0x16,0x8B,0x17,0xC3,0x5A,0x7A,0x99,0x29,0x4F,0x98,0x8E,0xA0,0xE5,0xBE,0x6E,0x50,0x09},
        {0xF9,0x96,0x41,0x68,0xF6,0x97,0xBF,0xDE,0x3F,0xEF,0xF9,0x16,0x18,0x99,0xBD,0x00,0xC9,0x09,0x76,0xFA,0xA7,0x8E,0xD9,0x8C,0x26,0x08,0xAD,0x70,0xF3,0xE8,0x80,0xEA},
    },
    {
        UINT32_C(4530),
        UINT64_C(0xC27DA68F0AABF289),
        UINT32_C(1024),
        UINT32_C(600),
        {0x66,0xA5,0xA9,0x9B,0xB1,0xF3,0xC9,0x06,0x08,0x7A,0x3C,0x63,0x29,0x1F,0x1D,0xAC,0x4E,0x35,0x8A,0xEB,0x83,0xF8,0x8D,0x04,0x55,0x67,0x54,0x48,0x94,0x26,0xDA,0xFC},
        {0x2A,0xD9,0xBE,0x7A,0x80,0x2C,0x63,0xD4,0xB4,0xE4,0x06,0xA6,0x3D,0x30,0x64,0x86,0x9E,0x82,0xDD,0xA0,0xC1,0xA6,0xF7,0x7B,0x3A,0xFC,0x25,0x57,0x5E,0xF4,0xB3,0x5C},
    },
    {
        UINT32_C(4554),
        UINT64_C(0x73449A82FA3C787A),
        UINT32_C(462),
        UINT32_C(28),
        {0xC9,0xDB,0xDC,0x79,0x4C,0xEC,0xB2,0xDE,0x50,0xC3,0x5C,0xEF,0x0F,0x17,0x37,0xE4,0x61,0x61,0xD8,0xC2,0xDF,0xE2,0x58,0x91,0x55,0x16,0xE0,0x1B,0x64,0x73,0x79,0x31},
        {0xC6,0x93,0x51,0x53,0xF9,0x2F,0xF8,0xFD,0xA4,0x4A,0xCE,0x6E,0x0B,0xAA,0x08,0xBB,0xEB,0xC6,0x61,0x3F,0x5E,0x8D,0x95,0x52,0xDA,0x29,0x5F,0xFD,0x68,0x49,0xD8,0x06},
    },
    {
        UINT32_C(4560),
        UINT64_C(0xD2FF347A7F648418),
        UINT32_C(408),
        UINT32_C(38),
        {0x7F,0x76,0x04,0xD8,0xEE,0x5C,0x8B,0x65,0xB1,0x3E,0x9D,0x9B,0x42,0x35,0x7B,0xCF,0x66,0xF6,0xE2,0x63,0x56,0x7B,0x59,0x99,0x93,0xFF,0x22,0x87,0xFF,0x71,0xF8,0xC5},
        {0x09,0xD4,0x0D,0x97,0x73,0xFF,0x19,0x83,0x7E,0x44,0x7B,0x9E,0x40,0x0E,0x9D,0xCC,0x85,0x4F,0x8F,0x02,0xDF,0xF5,0x6A,0xF2,0xCD,0x9C,0x04,0xFE,0xCA,0x77,0xDE,0x5E},
    },
    {
        UINT32_C(4620),
        UINT64_C(0x4BB29A285FC77186),
        UINT32_C(1126),
        UINT32_C(100),
        {0x61,0x91,0xED,0xF5,0xCD,0x9F,0x0E,0x81,0x99,0xCF,0x66,0x7B,0x01,0xD4,0x5B,0xBB,0xA4,0x1A,0xBE,0x05,0x42,0x10,0xAD,0x94,0xEB,0x22,0x2C,0x4B,0xBE,0x87,0xFB,0xB0},
        {0xD1,0x83,0x0F,0x19,0xDB,0x17,0x99,0x7F,0x6F,0x31,0x17,0x7E,0x6D,0x36,0x06,0x93,0x9F,0x9F,0xCF,0xC2,0x1F,0xE8,0xC1,0xD0,0x5C,0xED,0xB7,0x22,0xF0,0xA7,0x61,0x85},
    },
    {
        UINT32_C(4656),
        UINT64_C(0x9A957A5E061285D8),
        UINT32_C(1024),
        UINT32_C(600),
        {0x89,0x00,0xAC,0xC5,0xED,0x1E,0xBD,0x35,0xED,0xD3,0x1B,0xC8,0x40,0x41,0x4A,0x41,0x6B,0x32,0xFB,0x42,0xA9,0x86,0x4E,0x18,0x77,0x04,0x2D,0x39,0x2D,0x90,0x4D,0xFF},
        {0xD1,0x7D,0x94,0x9E,0x2B,0xE1,0x91,0xD3,0x63,0x99,0xF2,0xE1,0xCB,0x86,0x34,0x41,0xFE,0xA9,0x21,0xE3,0xE2,0xFE,0xC2,0x8A,0x2C,0x50,0x74,0xF5,0xF3,0x31,0xDC,0xC0},
    },
    {
        UINT32_C(4660),
        UINT64_C(0x49124FE0D436B0BA),
        UINT32_C(1024),
        UINT32_C(600),
        {0x6F,0x0A,0x27,0x5D,0xBD,0xEF,0xA1,0x97,0xE3,0xA1,0x05,0xB7,0xC0,0x2E,0x68,0x09,0x43,0x36,0xBB,0x81,0x7F,0x4D,0xD2,0xE7,0x2A,0x3A,0xA2,0x98,0x31,0x1F,0x00,0xDC},
        {0x93,0xED,0x12,0x1F,0xCA,0xF0,0xCD,0x62,0xD9,0x5D,0xCD,0x6F,0x42,0x98,0xED,0xD1,0xB3,0xAF,0x54,0xF8,0xF0,0x1A,0xD5,0x01,0xDA,0x57,0x62,0x28,0x1F,0x26,0x44,0x74},
    },
    {
        UINT32_C(4662),
        UINT64_C(0x0C3247FFD64F4E4C),
        UINT32_C(408),
        UINT32_C(38),
        {0x4B,0x15,0xD3,0x14,0xC4,0xCF,0x1D,0x46,0x61,0x41,0xA2,0x08,0x3D,0x4C,0x47,0x5D,0x5B,0x5C,0xAA,0x3F,0xEF,0x18,0x71,0xBD,0x4A,0x2C,0x11,0x2E,0x05,0x8A,0x38,0x63},
        {0x18,0x34,0x5A,0x09,0x08,0x73,0xB3,0xB9,0xDC,0xB5,0xC3,0x21,0xEC,0xF3,0x61,0x87,0xEA,0x15,0x7F,0x1B,0xCF,0xE7,0x9A,0xE8,0x72,0xE3,0x97,0xD0,0x74,0x42,0x46,0xFC},
    },
    {
        UINT32_C(4672),
        UINT64_C(0xA4735608947A9221),
        UINT32_C(408),
        UINT32_C(38),
        {0xA2,0xB5,0xE9,0x58,0x5F,0x18,0x96,0x87,0xAB,0x24,0xF5,0x65,0x8E,0xA9,0x25,0xAA,0xF3,0xAF,0x97,0x0D,0x4C,0x41,0x71,0x40,0xC1,0x9C,0x23,0x84,0x8E,0x58,0x69,0xF2},
        {0x51,0xE3,0x4C,0x0E,0x16,0x5D,0x8A,0x30,0xE9,0x8B,0x78,0x90,0x89,0x0E,0xCE,0xDA,0x6F,0x91,0x80,0xF6,0x8A,0xFA,0x3D,0x47,0x74,0x89,0x5E,0x68,0x69,0x4A,0xEF,0x84},
    },
    {
        UINT32_C(4716),
        UINT64_C(0x089A143D3A1233E5),
        UINT32_C(408),
        UINT32_C(38),
        {0xBC,0xE1,0x27,0x34,0x2B,0x94,0x86,0xA1,0x46,0xBA,0x19,0x74,0x97,0xBC,0x5F,0x74,0x7F,0xEE,0xB9,0x59,0x70,0xAD,0xDB,0xB2,0x4D,0xA4,0x5F,0x09,0xC0,0xFE,0xC4,0x73},
        {0x5A,0x09,0xA7,0x89,0xBB,0x64,0xD7,0xA9,0x79,0xF4,0xF8,0x0C,0x42,0x09,0x3D,0x80,0xDC,0xD7,0x14,0xFF,0x20,0xCD,0x81,0xB9,0x9B,0xC3,0x6B,0x3C,0x38,0x53,0x82,0xFF},
    },
    {
        UINT32_C(4768),
        UINT64_C(0xEFC1776E232574F8),
        UINT32_C(408),
        UINT32_C(38),
        {0xC7,0x35,0xDF,0x86,0x81,0x52,0xD0,0x51,0xC3,0x88,0x98,0x3A,0x23,0x39,0x29,0x45,0x10,0xAF,0xBA,0x7F,0x8C,0x21,0x45,0x3D,0xF3,0x91,0x20,0x54,0xF0,0x66,0x3A,0x55},
        {0x43,0xC2,0x6D,0xAC,0xB2,0x35,0x2F,0xB5,0xD4,0xB8,0xC3,0x72,0x10,0xD5,0x19,0x13,0xD8,0xF8,0x38,0x27,0x5F,0x52,0x90,0x74,0x1D,0x07,0xE6,0xA9,0x43,0x78,0x57,0xB9},
    },
    {
        UINT32_C(4816),
        UINT64_C(0x896870AAD109D0AC),
        UINT32_C(902),
        UINT32_C(100),
        {0x8C,0x3E,0x72,0xAD,0x96,0x3F,0x5A,0xF4,0x23,0xBA,0xD3,0xBB,0xAC,0x73,0x62,0x58,0x81,0x22,0x3C,0x51,0x4E,0x54,0x0D,0xD3,0x08,0x1E,0x2A,0xDF,0x4D,0x33,0xF6,0x04},
        {0x5D,0x70,0x1D,0x9A,0xB6,0xB7,0x87,0xBD,0x48,0xE7,0xEF,0xA1,0xA7,0x18,0x12,0xD6,0x20,0x27,0xAD,0x4F,0x5A,0x43,0x1E,0x14,0x6F,0xE3,0x67,0x94,0xE6,0x62,0xBA,0xBD},
    },
    {
        UINT32_C(4816),
        UINT64_C(0xA707815CFA655A58),
        UINT32_C(1024),
        UINT32_C(600),
        {0x0B,0x37,0x1A,0xDE,0x34,0x43,0xB4,0x4E,0x16,0xE7,0x56,0xE8,0xD4,0x25,0xDB,0xA2,0x88,0x78,0x73,0xCB,0x71,0x57,0x72,0xA6,0xB1,0xB6,0x29,0x57,0x79,0xB1,0x4A,0x6C},
        {0x98,0x8E,0xEB,0x4F,0xB1,0xC1,0x38,0xE4,0x25,0x79,0xF0,0x3F,0x5E,0xD3,0x65,0xE9,0xF8,0xC2,0x9E,0x80,0x2C,0xCA,0xCE,0x60,0x44,0x0C,0xC7,0xD1,0xD3,0xE8,0xE1,0xD5},
    },
    {
        UINT32_C(4818),
        UINT64_C(0x2073C3079966A22F),
        UINT32_C(1024),
        UINT32_C(600),
        {0x77,0xBA,0xC3,0x9B,0x7E,0xEC,0xA9,0xFB,0x5A,0x90,0xD0,0xC5,0xF6,0x98,0xC4,0x97,0x95,0x57,0xC6,0x63,0xB7,0x35,0x31,0x57,0x6E,0x20,0x6A,0x98,0x2B,0x6B,0x1C,0xE2},
        {0xF0,0x07,0x5D,0x02,0x2E,0x05,0xCE,0x04,0x4F,0x4C,0x24,0x94,0xEC,0xA8,0xAC,0x70,0x36,0xA9,0x3C,0x19,0x14,0xBB,0xAE,0x37,0xAF,0x95,0x42,0xD1,0x42,0x73,0x77,0x9E},
    },
    {
        UINT32_C(4818),
        UINT64_C(0xB409DD6AD094D7C3),
        UINT32_C(214),
        UINT32_C(60),
        {0x8C,0xCB,0x8E,0xCB,0x66,0x18,0x56,0xD1,0xD4,0xE4,0x61,0x37,0xBF,0x0F,0x36,0xF6,0x0B,0x2B,0xFB,0x7A,0x06,0x20,0xEF,0x9B,0x0A,0x54,0x25,0xBA,0x1A,0x8B,0xAA,0x79},
        {0x33,0xBE,0x7E,0x4E,0xF9,0x00,0x63,0xB4,0x8E,0xBA,0x05,0x67,0xA1,0x25,0xBA,0xE5,0x83,0xBD,0x6C,0xD4,0xBE,0x83,0x03,0x38,0x7E,0x85,0x6F,0x48,0x33,0x32,0xE8,0xDF},
    },
    {
        UINT32_C(4946),
        UINT64_C(0x3E2A2A21981265BF),
        UINT32_C(315),
        UINT32_C(65),
        {0x2D,0x89,0x14,0x5D,0xB6,0xA5,0x4D,0xC5,0xE8,0x6B,0x90,0x4B,0xCA,0x36,0x88,0xFC,0x98,0x76,0xCC,0x63,0xCC,0xA0,0xB9,0xA3,0xB8,0x53,0xEF,0xBF,0x72,0x90,0x95,0x19},
        {0xE8,0x7F,0x1C,0x8C,0x19,0x42,0x7B,0xB0,0xC6,0x1C,0x60,0xA9,0xC4,0xA1,0x56,0x02,0x7D,0x78,0x0B,0x68,0x21,0x1C,0xFE,0x95,0xF8,0x22,0xEE,0x4A,0x36,0x3A,0x93,0xC9},
    },
    {
        UINT32_C(4966),
        UINT64_C(0xCB70BF73DD9A00B5),
        UINT32_C(1024),
        UINT32_C(600),
        {0x1A,0xAD,0x5A,0x30,0x2C,0xF4,0x14,0x88,0x1B,0x7C,0x5B,0x1A,0x81,0x54,0x07,0x64,0x03,0x68,0xED,0x11,0x13,0x3F,0x73,0xA2,0x77,0x89,0xF4,0xC2,0x48,0x77,0x20,0x71},
        {0x86,0xC7,0xD1,0x32,0x38,0x7F,0x7F,0x04,0x50,0x69,0x3C,0x86,0x5D,0x5E,0xE4,0xFE,0xC6,0x5D,0x67,0x8A,0xEF,0xAF,0xF3,0x76,0x3C,0x4D,0xDF,0x38,0xBE,0xD3,0xD7,0x37},
    },
    {
        UINT32_C(5004),
        UINT64_C(0x24ACD61B92BD13A6),
        UINT32_C(408),
        UINT32_C(38),
        {0xB9,0xF7,0x1A,0x08,0x54,0xEE,0x04,0xED,0xF6,0x9A,0xCC,0x50,0xF6,0x53,0x8D,0xDB,0xEA,0xC8,0x77,0xB2,0x4C,0x72,0xD4,0xA9,0xCF,0xD0,0xE7,0xD7,0xA1,0x3C,0x70,0x82},
        {0x54,0x23,0xFB,0x49,0x9C,0x40,0xF3,0x02,0x35,0x85,0xE6,0xE6,0xBB,0xFB,0x81,0x68,0x72,0xCE,0x48,0xDA,0x9D,0x77,0x7F,0xAF,0x84,0x3A,0x86,0x09,0x9E,0x65,0x08,0xE9},
    },
    {
        UINT32_C(5102),
        UINT64_C(0x08DC848F0D491854),
        UINT32_C(408),
        UINT32_C(38),
        {0xF1,0xF3,0x40,0xD7,0x44,0x33,0x27,0xB8,0x85,0xF0,0x3C,0x00,0x18,0xC9,0xDD,0x82,0x94,0x38,0x0F,0xA2,0xCE,0x76,0x54,0x5D,0x86,0x21,0x1D,0xF7,0x30,0x0A,0x32,0x8B},
        {0xF3,0x78,0x13,0x58,0x45,0x75,0x5E,0x6D,0xCE,0x9C,0x7E,0x96,0x4B,0xC1,0x13,0x3B,0x00,0x64,0x8A,0x48,0x48,0xA3,0x28,0x72,0xE6,0xA7,0x03,0x76,0xE0,0xA9,0x0B,0x66},
    },
    {
        UINT32_C(5142),
        UINT64_C(0x3FC8C7D68AC65321),
        UINT32_C(220),
        UINT32_C(65),
        {0x4B,0xA3,0xCD,0xF0,0x00,0xEC,0x20,0x1E,0x5F,0xC5,0x0B,0xC1,0x3E,0x69,0x52,0x10,0xA3,0xF1,0x90,0x41,0xB6,0x41,0x53,0x9B,0xA7,0x48,0x53,0x30,0xE3,0x6F,0x0F,0x8B},
        {0x7F,0x41,0x3B,0xA8,0xA7,0xFC,0x6A,0x77,0xCA,0x75,0xD4,0xEB,0x19,0x7B,0xAD,0xC9,0xC8,0x43,0xEF,0x6C,0x2C,0xE6,0x3F,0x20,0xDA,0x92,0xD7,0xA8,0x07,0x37,0xDD,0x93},
    },
    {
        UINT32_C(5158),
        UINT64_C(0x553E21437BEF2656),
        UINT32_C(902),
        UINT32_C(100),
        {0x05,0xB3,0xBB,0xF7,0xC4,0xF5,0xC4,0xDF,0x42,0xD6,0x13,0x99,0xFC,0x47,0x1F,0x34,0xB5,0x00,0x46,0x1D,0xFC,0x59,0x6E,0x77,0x02,0x45,0xC5,0xA0,0x82,0x07,0x4A,0xEC},
        {0x44,0x8A,0xBF,0xE0,0x7A,0xA7,0x14,0x5F,0xDA,0x44,0x62,0x2A,0x03,0x4B,0x00,0x71,0x83,0x54,0x72,0x19,0x0C,0x17,0x13,0x6C,0x2F,0x22,0xFE,0x80,0xC6,0xA1,0x6A,0x72},
    },
    {
        UINT32_C(5224),
        UINT64_C(0x7BB48C820FC3DE83),
        UINT32_C(326),
        UINT32_C(51),
        {0x0B,0x67,0xEB,0x88,0x5D,0x88,0x1F,0xF2,0x71,0xCB,0xAC,0xA3,0x3E,0x20,0x4E,0x45,0x7B,0xFE,0x29,0x8A,0xE5,0xB0,0xA5,0x6B,0x05,0xCA,0x62,0xDF,0x03,0x2C,0x30,0xC7},
        {0x79,0x36,0x6F,0xA9,0x6D,0xD2,0x02,0xF2,0xA3,0x4A,0x71,0xB6,0x3E,0x18,0x98,0x22,0x23,0xC5,0x32,0xD4,0x6B,0x45,0x88,0xC1,0xBF,0xA8,0x40,0x4A,0x2F,0xE7,0xD2,0x4F},
    },
    {
        UINT32_C(5238),
        UINT64_C(0x340A59877D4FDF9F),
        UINT32_C(408),
        UINT32_C(38),
        {0x64,0x71,0xBE,0xF1,0x8F,0x2C,0x3D,0xCC,0xF2,0xCE,0x36,0xDE,0x59,0xED,0x92,0x80,0x24,0x81,0x0C,0x9E,0x0B,0x87,0x16,0xFF,0xE0,0x9F,0x37,0x88,0xD1,0x24,0xDF,0x3F},
        {0x30,0xD4,0x02,0x53,0xB1,0x8D,0x94,0x3A,0x9E,0x88,0x45,0xB2,0xA0,0xFE,0x83,0xA0,0x48,0x7C,0x9B,0xD9,0xA6,0x35,0x0E,0x6E,0x4A,0xA9,0x10,0x57,0x19,0xD9,0xA5,0x12},
    },
    {
        UINT32_C(5258),
        UINT64_C(0x51F03ACAE703E369),
        UINT32_C(408),
        UINT32_C(38),
        {0xBA,0xC4,0x38,0x2F,0xA4,0x34,0x01,0xBD,0x4E,0xD6,0xE7,0xB0,0xA5,0x22,0x29,0x2B,0x5D,0xE2,0x92,0x46,0x6A,0x57,0x8E,0xB8,0x97,0x7E,0xD9,0xF7,0x7D,0xBD,0x2F,0x35},
        {0xEE,0xAD,0xDC,0x99,0xAC,0xB0,0xC3,0xB6,0x1A,0x75,0x69,0x12,0xA9,0x49,0xBC,0x90,0xA6,0xAB,0xB5,0xB4,0x8A,0x5F,0x9E,0xD5,0x0D,0x11,0x18,0x44,0xB6,0xF1,0x83,0x81},
    },
    {
        UINT32_C(5276),
        UINT64_C(0xF4F7F1688D8E9625),
        UINT32_C(1024),
        UINT32_C(600),
        {0x00,0x0D,0x68,0x1E,0xAE,0x72,0xBD,0x57,0xA7,0x5D,0xD5,0x46,0x52,0xAD,0x1B,0x0A,0xA4,0x75,0xAC,0x67,0xFB,0x82,0x0F,0x5D,0x41,0xFA,0xBE,0x50,0x9C,0x70,0x13,0x8A},
        {0xF8,0x80,0xA2,0x08,0x48,0xA0,0x54,0x21,0x90,0xAC,0x6E,0xA0,0x73,0x92,0x84,0x08,0x6C,0xD0,0x80,0x4D,0x2C,0x17,0x64,0x5C,0x48,0xFB,0xA2,0xA2,0x1E,0x32,0x9B,0xC1},
    },
    {
        UINT32_C(5314),
        UINT64_C(0xCDFC47E12392E765),
        UINT32_C(268),
        UINT32_C(38),
        {0x1C,0x8F,0x14,0x2D,0xFC,0xA3,0x91,0x50,0x56,0x9A,0x06,0x10,0xE4,0x68,0x79,0x61,0x8E,0xE1,0x4E,0xD7,0x08,0x26,0x09,0x39,0x3A,0xAE,0xA7,0x43,0xB5,0x62,0x0F,0x7F},
        {0xBB,0x77,0xD0,0x6A,0xAB,0x56,0xC7,0x31,0xC3,0x43,0x08,0x1F,0xFF,0xAF,0xE7,0x7B,0x6F,0x32,0x42,0x04,0xFF,0xEE,0xB7,0x3E,0x4F,0x40,0x92,0x33,0x4A,0x9C,0xB3,0xC3},
    },
    {
        UINT32_C(5320),
        UINT64_C(0x1468645D745AAD2C),
        UINT32_C(408),
        UINT32_C(38),
        {0x40,0x96,0x32,0x8D,0x3F,0xA0,0x72,0xB8,0x69,0xA3,0x2E,0xC5,0xD8,0x9E,0x33,0xBE,0xFF,0xFC,0x58,0x96,0xDC,0x6C,0xDE,0x1C,0x22,0xF3,0xA8,0x7A,0x90,0x75,0x5F,0x9C},
        {0x39,0x3E,0xA9,0x63,0x81,0xAB,0xC4,0x9D,0xE0,0xE4,0x76,0xA6,0x72,0xE9,0x4B,0x49,0x60,0xDE,0xA3,0xBC,0x20,0xDB,0xC3,0xC2,0x3B,0xC8,0x98,0xA1,0x72,0x90,0x1F,0x52},
    },
    {
        UINT32_C(5334),
        UINT64_C(0x1879BD59A30B4900),
        UINT32_C(1024),
        UINT32_C(600),
        {0x93,0x8D,0x12,0x36,0x2C,0x73,0xFF,0x57,0xAA,0x36,0x0D,0x10,0xFC,0xBB,0x20,0x99,0x57,0x29,0xB3,0x68,0xDB,0xB1,0x75,0x8C,0x0E,0x55,0x7D,0x83,0x8E,0xA3,0xAB,0xCD},
        {0x75,0xB5,0x4A,0x8B,0xCA,0xE1,0xDC,0x0A,0xA6,0xDE,0xAD,0xC9,0x30,0x91,0x30,0x9B,0x72,0xFD,0x0E,0x1E,0xB8,0xEA,0x36,0x13,0xA4,0xA8,0xCF,0xF6,0xF4,0x1F,0xF4,0x97},
    },
    {
        UINT32_C(5356),
        UINT64_C(0x2D589900032E6282),
        UINT32_C(902),
        UINT32_C(100),
        {0xD1,0x50,0x56,0xAC,0x97,0x40,0x1B,0x69,0x42,0x87,0x2E,0xA5,0x74,0x36,0x74,0xDA,0x4F,0xC5,0x15,0x3A,0xB4,0xD6,0x71,0xE1,0x33,0xFA,0xCF,0xE0,0x5C,0xB3,0x35,0x10},
        {0x7B,0x20,0x29,0xE5,0x04,0x1D,0xAB,0x75,0x08,0x71,0x21,0xB3,0x1E,0xF2,0xDC,0x04,0x93,0xA9,0x56,0xB8,0xF0,0x83,0x4E,0x5F,0x0C,0x9E,0x33,0xED,0x6F,0x38,0x21,0xB6},
    },
    {
        UINT32_C(5364),
        UINT64_C(0xE44D24E9D9517D59),
        UINT32_C(902),
        UINT32_C(100),
        {0x05,0xB3,0xBB,0xF7,0xC4,0xF5,0xC4,0xDF,0x42,0xD6,0x13,0x99,0xFC,0x47,0x1F,0x34,0xB5,0x00,0x46,0x1D,0xFC,0x59,0x6E,0x77,0x02,0x45,0xC5,0xA0,0x82,0x07,0x4A,0xEC},
        {0x44,0x8A,0xBF,0xE0,0x7A,0xA7,0x14,0x5F,0xDA,0x44,0x62,0x2A,0x03,0x4B,0x00,0x71,0x83,0x54,0x72,0x19,0x0C,0x17,0x13,0x6C,0x2F,0x22,0xFE,0x80,0xC6,0xA1,0x6A,0x72},
    },
    {
        UINT32_C(5394),
        UINT64_C(0x2702BD6A604B1FCB),
        UINT32_C(408),
        UINT32_C(38),
        {0xE7,0x4B,0x3C,0x34,0x3C,0x1E,0xB1,0xC3,0x0C,0x4B,0x57,0x7E,0x1A,0x57,0x3A,0xF3,0x43,0x6A,0x5F,0x93,0x02,0xEA,0x50,0xCB,0xE0,0xD5,0x71,0x70,0xC6,0xF5,0x41,0x56},
        {0xBE,0xA8,0x98,0x4E,0x43,0xA3,0xCE,0xB0,0xA5,0xC6,0x34,0x85,0x14,0x75,0xEC,0x99,0x55,0x62,0x24,0x63,0x0E,0xDE,0x72,0xBE,0x00,0x84,0x8B,0xF9,0xC6,0x72,0xEE,0xCF},
    },
    {
        UINT32_C(5450),
        UINT64_C(0xB5BC63154DD090AA),
        UINT32_C(1280),
        UINT32_C(100),
        {0x37,0x71,0x59,0x6E,0x32,0x95,0xCB,0xD5,0x53,0x70,0x36,0xEB,0xDE,0xE8,0x6E,0xC0,0x5D,0x41,0xB9,0xED,0x2D,0x08,0x22,0x01,0xFC,0x29,0xEF,0x06,0xFB,0xA5,0xED,0xB8},
        {0xBC,0x02,0xAD,0xCF,0x1E,0x4A,0x5C,0xA9,0xFC,0xD3,0xFD,0x04,0xC0,0x60,0x67,0x91,0x6B,0x5E,0xD0,0xA6,0x1C,0x01,0x69,0xBF,0x22,0xDD,0x8E,0xBE,0x42,0x30,0xCB,0x17},
    },
    {
        UINT32_C(5470),
        UINT64_C(0xBFF45EA544142910),
        UINT32_C(326),
        UINT32_C(51),
        {0x65,0x1F,0x55,0x5D,0x29,0xBA,0xEB,0xAC,0x81,0x31,0x3A,0x55,0x77,0x87,0x9F,0x37,0xEA,0x6E,0x58,0x74,0x02,0x0B,0xA9,0x59,0x40,0x28,0xF3,0xD7,0x0A,0xDA,0xD9,0x52},
        {0xCE,0x22,0x71,0x29,0xEF,0xD7,0xFE,0x6F,0xE7,0xCC,0xED,0xDB,0x08,0x8A,0xA5,0x79,0x38,0xB5,0x08,0x99,0x10,0xF7,0x25,0x8D,0xFC,0x0E,0xB4,0x91,0xB3,0xAF,0x8B,0x24},
    },
    {
        UINT32_C(5496),
        UINT64_C(0xA530F356F2467D0D),
        UINT32_C(1280),
        UINT32_C(100),
        {0xB1,0xE5,0x95,0xC1,0xCE,0x46,0x39,0xCD,0xB6,0x07,0x92,0x74,0x4C,0x13,0x40,0x75,0x0E,0xE3,0xF0,0x62,0x5E,0x35,0x7E,0x95,0x6A,0x6B,0xEF,0x96,0x38,0xCE,0x49,0x47},
        {0x12,0x7A,0x37,0x35,0x88,0xD0,0xAE,0xF2,0x7C,0xC0,0x9C,0xC5,0xE8,0x14,0xD4,0xBE,0x18,0x42,0x73,0x02,0x50,0x59,0x1D,0xEF,0x8F,0x9E,0x54,0x71,0x54,0x9C,0xE9,0xDC},
    },
    {
        UINT32_C(5626),
        UINT64_C(0xAE6C9BC320BE007E),
        UINT32_C(220),
        UINT32_C(43),
        {0x22,0x0C,0x22,0x20,0x19,0x90,0xA6,0xFF,0x9B,0x4C,0x36,0xAC,0x0D,0x15,0x04,0xA3,0xBA,0xC6,0xD2,0x99,0xB9,0xE4,0xE3,0x02,0x43,0xD9,0xA0,0x82,0x58,0x9D,0x03,0x07},
        {0xD1,0xD8,0xB3,0x95,0x46,0xEE,0x94,0xAC,0x39,0x37,0x47,0x3F,0x8A,0xC7,0x9B,0x5B,0x90,0x26,0x86,0x7B,0xFB,0x3E,0x7E,0x04,0x85,0x63,0x00,0xA9,0xB6,0xF9,0x49,0xD4},
    },
    {
        UINT32_C(5660),
        UINT64_C(0x8CF398283D8A109D),
        UINT32_C(408),
        UINT32_C(38),
        {0xD2,0x88,0xD2,0x1F,0x57,0x8B,0x34,0xBC,0xC2,0x58,0x9A,0x40,0xD3,0x52,0xF0,0x3B,0x2F,0x97,0x8E,0x1D,0x3A,0xF9,0x77,0xA2,0x9E,0xE7,0x5B,0xA9,0x23,0x88,0xEF,0xBF},
        {0x9F,0x8B,0xDC,0xC9,0x37,0x5A,0xDF,0x04,0x75,0x61,0x8D,0x85,0x65,0x88,0xE5,0x95,0x66,0x09,0x28,0x23,0xDF,0xB6,0xD7,0x50,0xBA,0x2A,0xA6,0x47,0xFC,0xAE,0xBD,0x2F},
    },
    {
        UINT32_C(5682),
        UINT64_C(0x004248D00DC21E37),
        UINT32_C(326),
        UINT32_C(51),
        {0x45,0xC8,0x30,0x21,0xB6,0x2C,0x7C,0xF4,0xDC,0xDE,0xEA,0x37,0x51,0x05,0xD7,0x5D,0xB1,0xB6,0x2D,0x29,0x16,0x62,0x20,0x94,0x02,0xBB,0xF9,0xB8,0x97,0x9A,0xA6,0x23},
        {0xAC,0x31,0xC2,0xAB,0x5D,0xD0,0x22,0xEE,0xD3,0xA3,0xDA,0x3D,0x05,0xEC,0xBB,0xB4,0x8C,0x9F,0x3D,0xEF,0xB0,0xED,0x5D,0xEF,0x79,0xD4,0x68,0x06,0x50,0x84,0xDD,0xB9},
    },
    {
        UINT32_C(5692),
        UINT64_C(0x8F0B505F15C06BB8),
        UINT32_C(326),
        UINT32_C(51),
        {0xC1,0xB3,0xB5,0x75,0x8B,0xD5,0x22,0x28,0x06,0x45,0xB9,0xE7,0x09,0xE7,0xAF,0xD9,0x8A,0x67,0x58,0x61,0xFA,0xE1,0x55,0x61,0xF6,0x9A,0x07,0xAD,0x6C,0xBF,0xF2,0x1A},
        {0x1C,0x33,0xAE,0xC1,0x2B,0xFB,0x18,0xDF,0x4E,0x19,0x4B,0x2D,0x84,0xA4,0x82,0x50,0x10,0x4F,0x58,0xA8,0x53,0x36,0xC3,0x15,0x3C,0x0D,0x88,0x7D,0x6C,0x1D,0xB2,0x8A},
    },
    {
        UINT32_C(5696),
        UINT64_C(0x8E5BFDB85A21A4B7),
        UINT32_C(153),
        UINT32_C(99),
        {0x59,0x13,0xCF,0xB4,0xB7,0x4D,0x39,0xB9,0x20,0xB8,0x3A,0xEC,0x94,0xF2,0x50,0x1A,0xAF,0x45,0x67,0x76,0x5E,0xAE,0x52,0x93,0xF3,0xB3,0xBA,0xB3,0xCE,0x1F,0xBB,0x8E},
        {0xC2,0x43,0x43,0xD2,0x25,0x98,0xDD,0xD0,0x6E,0x34,0x33,0xD8,0x96,0xD3,0xE2,0x20,0xA9,0x26,0x72,0xCE,0x9C,0x74,0x68,0xC2,0x52,0xCB,0x81,0x45,0x0A,0x12,0xBF,0xB8},
    },
    {
        UINT32_C(5774),
        UINT64_C(0xC5B1396BD9730D85),
        UINT32_C(220),
        UINT32_C(43),
        {0x24,0x13,0x65,0x26,0x8F,0xD9,0xC6,0xF0,0xC7,0xCF,0x7D,0xD5,0x78,0xD7,0x8B,0x1E,0x05,0x09,0xE6,0xAE,0xB3,0xEE,0xE2,0x84,0x90,0x92,0x29,0x95,0x49,0x86,0x0B,0x91},
        {0x50,0xC3,0x39,0xEE,0x42,0x8A,0x41,0xF7,0x8A,0xBB,0xCA,0xFD,0x2D,0xC9,0x37,0xB3,0x76,0x24,0x98,0x5A,0xF2,0xAB,0x4B,0x98,0x0F,0xDC,0xBD,0x21,0x5B,0x84,0xCC,0x7C},
    },
    {
        UINT32_C(5778),
        UINT64_C(0x2CF4C4A9EC5D8806),
        UINT32_C(1024),
        UINT32_C(600),
        {0x4B,0x17,0xD2,0x3C,0x98,0xAD,0xD5,0x5B,0x98,0x51,0xBB,0x61,0x5C,0x9D,0x03,0x46,0x98,0x24,0xE9,0xD3,0x22,0x13,0xFC,0x42,0x86,0x84,0xCF,0x0E,0x46,0x5C,0x38,0xD2},
        {0xD6,0x9C,0x9D,0xE0,0x53,0x39,0x82,0xC2,0xB7,0xCF,0xF8,0x9B,0x98,0x6D,0x59,0x99,0x18,0x1E,0x9F,0xBF,0x50,0x14,0xE9,0x10,0x86,0xE5,0x86,0xD5,0xDA,0x64,0xBE,0xD0},
    },
    {
        UINT32_C(5780),
        UINT64_C(0x06E2D2F69457D90F),
        UINT32_C(268),
        UINT32_C(38),
        {0xBE,0x28,0xFA,0x01,0x9D,0xE5,0x68,0x17,0x33,0xBA,0x9A,0x93,0x20,0x66,0xBC,0x1C,0x22,0xA7,0xC8,0xBE,0xCC,0x3E,0xBB,0x2F,0xEB,0xF8,0xB0,0x29,0x64,0x6A,0xF6,0x69},
        {0xBA,0xC0,0x0C,0x6A,0x3E,0x4C,0xDC,0xAE,0xF5,0xA7,0x21,0xE5,0x6E,0x68,0xAD,0xF9,0xC9,0x87,0x76,0x91,0xBA,0x19,0x8B,0xDB,0x83,0x85,0xEE,0x4C,0xAD,0x61,0x8C,0xE1},
    },
    {
        UINT32_C(5810),
        UINT64_C(0x344AEA8E4FE578AB),
        UINT32_C(1024),
        UINT32_C(600),
        {0x19,0xD8,0x80,0x9C,0x44,0x79,0x84,0xA8,0x96,0x60,0xC0,0x47,0xA3,0x59,0xA5,0x22,0xF1,0xA8,0xFC,0x07,0x5B,0x87,0x5C,0x80,0xED,0x96,0xDB,0x6C,0xBA,0x87,0x85,0x0E},
        {0x03,0xCB,0xE8,0x76,0xB5,0x84,0xE5,0xB5,0x07,0x7C,0xA6,0xA2,0xF7,0x9C,0x53,0x98,0x01,0xED,0xAB,0x22,0x2A,0x97,0x10,0xE7,0x6C,0x14,0x36,0xDA,0xEA,0x04,0x30,0x07},
    },
    {
        UINT32_C(5840),
        UINT64_C(0x5E7408D0CB85C88F),
        UINT32_C(1280),
        UINT32_C(100),
        {0x37,0x71,0x59,0x6E,0x32,0x95,0xCB,0xD5,0x53,0x70,0x36,0xEB,0xDE,0xE8,0x6E,0xC0,0x5D,0x41,0xB9,0xED,0x2D,0x08,0x22,0x01,0xFC,0x29,0xEF,0x06,0xFB,0xA5,0xED,0xB8},
        {0xBC,0x02,0xAD,0xCF,0x1E,0x4A,0x5C,0xA9,0xFC,0xD3,0xFD,0x04,0xC0,0x60,0x67,0x91,0x6B,0x5E,0xD0,0xA6,0x1C,0x01,0x69,0xBF,0x22,0xDD,0x8E,0xBE,0x42,0x30,0xCB,0x17},
    },
    {
        UINT32_C(5854),
        UINT64_C(0x62E8711ECBD49392),
        UINT32_C(408),
        UINT32_C(38),
        {0x64,0x71,0xBE,0xF1,0x8F,0x2C,0x3D,0xCC,0xF2,0xCE,0x36,0xDE,0x59,0xED,0x92,0x80,0x24,0x81,0x0C,0x9E,0x0B,0x87,0x16,0xFF,0xE0,0x9F,0x37,0x88,0xD1,0x24,0xDF,0x3F},
        {0x30,0xD4,0x02,0x53,0xB1,0x8D,0x94,0x3A,0x9E,0x88,0x45,0xB2,0xA0,0xFE,0x83,0xA0,0x48,0x7C,0x9B,0xD9,0xA6,0x35,0x0E,0x6E,0x4A,0xA9,0x10,0x57,0x19,0xD9,0xA5,0x12},
    },
    {
        UINT32_C(5994),
        UINT64_C(0xB26E22011C5C793A),
        UINT32_C(326),
        UINT32_C(51),
        {0x51,0x6E,0xED,0x79,0xEC,0xF6,0x37,0xF5,0x3B,0x1E,0xF2,0x9A,0xEC,0x61,0x9B,0x39,0xF8,0x44,0x14,0xF1,0xE4,0xC3,0x14,0xFA,0xC5,0x43,0xD6,0xA3,0x58,0xBC,0x5F,0x7F},
        {0xCE,0x11,0x36,0xCC,0xC0,0x46,0x6C,0x80,0x07,0x5A,0xB2,0xAB,0xE8,0x69,0x35,0x5D,0xCF,0x2A,0x8C,0xD3,0x7D,0x6C,0xFA,0xBF,0xA4,0x39,0xC0,0xF3,0x80,0x56,0xF4,0xD3},
    },
    {
        UINT32_C(6016),
        UINT64_C(0xC0C11EB85C711BE5),
        UINT32_C(153),
        UINT32_C(99),
        {0xE8,0xB7,0xF3,0xBA,0x16,0x53,0x90,0xE9,0x6B,0x6F,0xDE,0x5D,0x2D,0x77,0xF3,0x90,0x3D,0x5E,0xFA,0x69,0x23,0xAE,0x17,0x77,0xDC,0x4B,0x3F,0x41,0x96,0x67,0xA1,0x65},
        {0xDF,0x03,0xE1,0x81,0x66,0xCF,0x2F,0x17,0xAE,0x8D,0x0D,0x5F,0x28,0xD7,0x58,0x45,0x14,0xDC,0xBC,0xB0,0xF3,0x50,0x65,0x28,0xCC,0x75,0x2A,0x99,0x38,0x41,0x3E,0x99},
    },
    {
        UINT32_C(6066),
        UINT64_C(0xDADE112F07A378A9),
        UINT32_C(1024),
        UINT32_C(600),
        {0x83,0x7C,0xD3,0x50,0xFC,0x5C,0x54,0xF3,0x33,0x14,0x69,0x24,0x99,0xE0,0x7B,0x31,0x65,0xC0,0xF2,0xA4,0x1D,0xAA,0x27,0x66,0x99,0x15,0x65,0xFE,0x8B,0x7C,0x16,0x4D},
        {0x22,0xF0,0x3C,0x9D,0x22,0xF9,0xDB,0x1A,0x8D,0xE6,0xC5,0x9B,0x20,0x40,0x46,0x62,0xE5,0xC9,0xBA,0x9C,0x7A,0x4A,0x8E,0x1F,0x7D,0x3C,0x9F,0x06,0x11,0xB5,0x68,0x7D},
    },
    {
        UINT32_C(6074),
        UINT64_C(0x9211A62F9F17709E),
        UINT32_C(326),
        UINT32_C(51),
        {0x07,0x9E,0xD4,0x8B,0x11,0x8B,0xB2,0xDC,0xD3,0xA6,0x76,0x3F,0xE6,0xF0,0x6E,0xB9,0x97,0xFE,0xA6,0x85,0xF7,0x01,0x2A,0x4B,0x0B,0x70,0x1C,0x78,0x33,0x68,0x74,0x5C},
        {0x31,0xFA,0x6C,0x3B,0xC0,0x66,0x64,0xD3,0xD6,0x52,0x16,0xF3,0x7A,0xCD,0x35,0xB6,0x2A,0x0F,0x4A,0x4F,0x9E,0xA6,0x86,0xF0,0x86,0x0A,0x7A,0xAE,0xC8,0xE9,0x00,0x58},
    },
    {
        UINT32_C(6086),
        UINT64_C(0xF6FE93D67A411ECC),
        UINT32_C(1126),
        UINT32_C(100),
        {0x07,0xE0,0x04,0xA4,0x51,0x94,0xE9,0x5C,0xF7,0xD5,0x9A,0xD0,0xC6,0x8B,0x66,0x7A,0xF9,0x9B,0x59,0x48,0xC7,0xDF,0x37,0x97,0x50,0x44,0x67,0x9E,0xCB,0xA5,0x3D,0x4B},
        {0x78,0xA8,0x1B,0x01,0x24,0x78,0x17,0x7A,0x32,0x02,0x19,0x31,0xF9,0x62,0x04,0xF5,0x9C,0xB1,0xCB,0xA5,0xCE,0xBA,0xE0,0x65,0x8D,0x61,0x5C,0xCD,0x05,0xC3,0x50,0x4B},
    },
    {
        UINT32_C(6104),
        UINT64_C(0xADD30F5B750E45F0),
        UINT32_C(408),
        UINT32_C(38),
        {0xD0,0x16,0x10,0xDE,0x71,0x47,0x79,0xCC,0x8D,0x17,0xF2,0x05,0x40,0x0D,0x6E,0xD2,0x67,0xB2,0xB0,0x24,0x06,0x14,0xE6,0x86,0xFC,0x9A,0xC1,0x3E,0xD5,0x77,0xEB,0x43},
        {0x69,0x9C,0xAA,0xA1,0x56,0xB9,0x1D,0xA2,0x6D,0xB2,0x28,0x78,0x05,0x25,0xCE,0x61,0x9A,0x3B,0xC9,0x42,0x05,0xFB,0x1C,0x56,0x71,0x11,0x38,0xC9,0x7E,0x5E,0x2D,0xA4},
    },
    {
        UINT32_C(6116),
        UINT64_C(0xA064DA04F565F88E),
        UINT32_C(408),
        UINT32_C(38),
        {0xE5,0x93,0x82,0x6F,0xE0,0xAA,0xA4,0x74,0x49,0x1B,0xDD,0xC9,0x54,0xB7,0x40,0x7B,0x00,0xBB,0x02,0xBE,0x10,0x8B,0x9F,0x3A,0x20,0xF1,0xB9,0x36,0x4E,0x02,0xE5,0xA0},
        {0x45,0x1A,0x6B,0x0A,0x71,0x0C,0xAD,0x01,0x7C,0xE9,0x3B,0xE5,0x99,0x89,0x9B,0x11,0x11,0x62,0xC9,0x97,0x1B,0xBF,0x0F,0x6F,0x95,0x0D,0x37,0xB9,0x57,0xA1,0x78,0x20},
    },
    {
        UINT32_C(6150),
        UINT64_C(0xA3EBC41883ECDD72),
        UINT32_C(220),
        UINT32_C(43),
        {0x22,0x0C,0x22,0x20,0x19,0x90,0xA6,0xFF,0x9B,0x4C,0x36,0xAC,0x0D,0x15,0x04,0xA3,0xBA,0xC6,0xD2,0x99,0xB9,0xE4,0xE3,0x02,0x43,0xD9,0xA0,0x82,0x58,0x9D,0x03,0x07},
        {0xD1,0xD8,0xB3,0x95,0x46,0xEE,0x94,0xAC,0x39,0x37,0x47,0x3F,0x8A,0xC7,0x9B,0x5B,0x90,0x26,0x86,0x7B,0xFB,0x3E,0x7E,0x04,0x85,0x63,0x00,0xA9,0xB6,0xF9,0x49,0xD4},
    },
    {
        UINT32_C(6172),
        UINT64_C(0xECEC6F4F7C903A39),
        UINT32_C(1280),
        UINT32_C(100),
        {0x8E,0x1F,0x74,0x06,0x6E,0xCD,0x8B,0x8B,0xA5,0x88,0xA9,0x75,0x0D,0xAF,0x15,0xD8,0x37,0x1F,0x9E,0x63,0x77,0xB3,0xA6,0x0C,0x1D,0xA8,0xAD,0x7B,0x6B,0x36,0x9F,0x73},
        {0x22,0xF0,0x62,0xBA,0xB4,0x83,0x44,0x2F,0x6D,0xBE,0x58,0x61,0x9E,0xAB,0x3C,0xC3,0xF8,0x1D,0xA2,0xAE,0x94,0xD2,0x6E,0xAE,0xEE,0x91,0x68,0xCD,0xDE,0x62,0xED,0x13},
    },
    {
        UINT32_C(6234),
        UINT64_C(0x2FB72F3F675B2700),
        UINT32_C(408),
        UINT32_C(38),
        {0xB4,0x37,0xF3,0x46,0xEC,0x23,0x97,0xE9,0xED,0x64,0x49,0x2E,0x14,0x20,0xB8,0xF7,0xA7,0x96,0x48,0xB9,0x63,0x6B,0xAE,0x61,0xAE,0x2F,0xC2,0x38,0xCE,0x34,0xDE,0xE7},
        {0xD9,0x9C,0xC5,0xF3,0xF0,0xB7,0xB1,0x65,0xA3,0xE8,0x52,0xAB,0x7A,0x59,0x0E,0xB3,0xDA,0xAB,0x75,0x05,0x70,0x07,0x27,0x13,0x29,0x9F,0xD5,0x00,0xD3,0x2B,0x75,0xB2},
    },
    {
        UINT32_C(6240),
        UINT64_C(0x5EA4A6AEA51EE7B6),
        UINT32_C(408),
        UINT32_C(38),
        {0x91,0x40,0x31,0xB1,0xDA,0x20,0x74,0x44,0xC8,0x87,0x7A,0x41,0xED,0x8E,0x79,0x73,0x62,0x86,0x7D,0x52,0x3F,0xA0,0xAB,0xBF,0xB3,0x0D,0x05,0xF3,0x4F,0x74,0xD4,0x32},
        {0xB6,0x0D,0x9D,0x46,0x16,0xE5,0xD6,0x0D,0xD1,0xA7,0x2E,0xED,0xFE,0xA4,0xD4,0x22,0xB8,0x17,0xFA,0x39,0x61,0xDD,0xBD,0x85,0xC6,0xFA,0x5D,0x4F,0xD7,0xD9,0x2E,0x1D},
    },
    {
        UINT32_C(6240),
        UINT64_C(0xB07344DC8878C80C),
        UINT32_C(214),
        UINT32_C(60),
        {0x81,0xCB,0xD0,0x94,0x49,0xAE,0x12,0xF1,0x8B,0xD2,0x93,0xA0,0x49,0x42,0x80,0x69,0x1A,0x01,0x9F,0xE0,0x40,0x4E,0x88,0xD2,0x69,0x2D,0x04,0xAD,0x41,0x53,0x0B,0x1B},
        {0x3D,0x18,0x1C,0x0C,0x1A,0x91,0x39,0x66,0xCD,0xE3,0x13,0xB8,0x29,0x6C,0x05,0xB3,0xB4,0xA2,0xA9,0x39,0x70,0xEF,0x4D,0x10,0xA8,0x1C,0xC2,0x78,0x2C,0xEA,0x99,0x77},
    },
    {
        UINT32_C(6262),
        UINT64_C(0x7BBB9BC74C4F6DDD),
        UINT32_C(326),
        UINT32_C(51),
        {0xAB,0x5E,0xD3,0x44,0x78,0xA0,0x5E,0xFA,0x63,0x09,0xB4,0x88,0x14,0x69,0x1F,0x82,0x5A,0x9A,0x3F,0xBB,0xA8,0x6B,0x80,0x94,0xE9,0x37,0x46,0x86,0xCA,0x2D,0xB8,0xA8},
        {0x29,0xA8,0x1B,0x71,0x90,0x42,0x30,0x71,0x31,0xBF,0x3C,0x1F,0xD2,0x94,0x9F,0xFB,0xC2,0xE1,0xDC,0x4B,0xF4,0xF1,0xE2,0xB9,0x98,0x1A,0xBF,0xF6,0xA8,0xE4,0xDA,0x27},
    },
    {
        UINT32_C(6346),
        UINT64_C(0xB3494176B60DC4D8),
        UINT32_C(326),
        UINT32_C(51),
        {0x7D,0xFC,0x76,0xA0,0xEA,0xB8,0x27,0xCB,0x74,0x9C,0x09,0x4A,0xA1,0xFC,0x61,0x49,0xC4,0x62,0xE0,0xAE,0x5C,0x25,0xE6,0x6F,0x6F,0x71,0x91,0x27,0xF4,0x87,0x4E,0xDE},
        {0xB7,0x9C,0x4B,0x07,0xAD,0xB4,0x8B,0x72,0xF0,0x92,0x61,0x2D,0xAB,0x64,0xD4,0xEB,0x32,0x86,0xE8,0xBF,0xF6,0x50,0x3A,0x66,0xC3,0x55,0xCD,0xE5,0x6C,0x13,0x4B,0x08},
    },
    {
        UINT32_C(6350),
        UINT64_C(0x61A067421E4383D2),
        UINT32_C(1024),
        UINT32_C(600),
        {0xA5,0xAF,0x86,0x11,0xC8,0x5F,0x09,0xD6,0xDA,0xF5,0xC8,0x94,0xF8,0xCE,0x50,0x4F,0xBC,0x2F,0x81,0xEC,0x4A,0xC2,0xE5,0xDE,0x7D,0xA9,0xDE,0x18,0xC7,0xE2,0xA7,0xD0},
        {0x91,0xF5,0x3E,0x0C,0x05,0x9A,0x62,0x6B,0x0E,0x5C,0x30,0x10,0x1D,0x28,0x44,0x97,0xE1,0x21,0x93,0x47,0x15,0x71,0xBE,0x7D,0xF3,0xD4,0xA6,0x14,0x3E,0x0F,0x78,0x51},
    },
    {
        UINT32_C(6360),
        UINT64_C(0x38592D7E6B01D945),
        UINT32_C(1024),
        UINT32_C(600),
        {0xD7,0x48,0x06,0x04,0xFD,0x56,0x47,0x03,0xD2,0x4E,0xE4,0x68,0xBA,0x8B,0xC9,0xE1,0x6C,0x8A,0x14,0xCF,0x71,0xDA,0x08,0xF3,0x9E,0x62,0x0C,0x13,0x37,0x1A,0x85,0x75},
        {0xB5,0x47,0xE1,0x8B,0x1D,0x56,0xDB,0x26,0x23,0x59,0x34,0xC4,0x72,0x2F,0x57,0xC1,0x4C,0xCB,0x64,0xB0,0x26,0x90,0x95,0x40,0x4A,0xBC,0x87,0x70,0x7D,0x60,0xB3,0xE5},
    },
    {
        UINT32_C(6366),
        UINT64_C(0xD4A2FC0814AE57DA),
        UINT32_C(220),
        UINT32_C(43),
        {0x24,0x13,0x65,0x26,0x8F,0xD9,0xC6,0xF0,0xC7,0xCF,0x7D,0xD5,0x78,0xD7,0x8B,0x1E,0x05,0x09,0xE6,0xAE,0xB3,0xEE,0xE2,0x84,0x90,0x92,0x29,0x95,0x49,0x86,0x0B,0x91},
        {0x50,0xC3,0x39,0xEE,0x42,0x8A,0x41,0xF7,0x8A,0xBB,0xCA,0xFD,0x2D,0xC9,0x37,0xB3,0x76,0x24,0x98,0x5A,0xF2,0xAB,0x4B,0x98,0x0F,0xDC,0xBD,0x21,0x5B,0x84,0xCC,0x7C},
    },
    {
        UINT32_C(6448),
        UINT64_C(0x3ED92F7A43F4F958),
        UINT32_C(1280),
        UINT32_C(80),
        {0xCC,0xA6,0xB2,0xFF,0xD3,0x45,0x28,0x1D,0x6C,0xC9,0x53,0xFF,0x91,0x91,0xE8,0xA0,0xB1,0x89,0xE1,0x96,0x8B,0x63,0x69,0x1F,0x7C,0x45,0x90,0x61,0x39,0x09,0xC9,0x65},
        {0x4F,0xCD,0x91,0xF1,0x78,0xF3,0xAA,0x1C,0x41,0x84,0xEF,0xA5,0xFB,0x95,0x1D,0x55,0x69,0x9E,0xE3,0x0A,0x1D,0x32,0x50,0xF8,0x68,0xFB,0x17,0x52,0x00,0x0E,0xD2,0x04},
    },
    {
        UINT32_C(6482),
        UINT64_C(0x882DDFF8ABD4F36B),
        UINT32_C(408),
        UINT32_C(38),
        {0x43,0xEE,0x0C,0x57,0x0D,0xA0,0xA0,0x9C,0xBD,0x03,0xAC,0xC8,0xDE,0x50,0x23,0xF2,0x4D,0xB3,0xB6,0x0A,0xC7,0xDE,0xE4,0x43,0xC3,0x3E,0x29,0x73,0xA4,0xF1,0x4C,0x64},
        {0xD2,0x9D,0xB5,0xD2,0xDF,0xFB,0xAD,0x38,0x81,0xB4,0xB0,0x16,0x4B,0xB1,0x31,0xF2,0x1E,0x99,0x7B,0x3C,0x21,0xC0,0xC9,0xD1,0x7C,0xE5,0xFE,0xFE,0xF5,0x49,0xD3,0xF6},
    },
    {
        UINT32_C(6536),
        UINT64_C(0x3F94B47125D3A73E),
        UINT32_C(408),
        UINT32_C(38),
        {0xC5,0x6D,0xE4,0x34,0xD0,0x5E,0x68,0x07,0x29,0x2A,0xDF,0x7D,0x6C,0xC9,0xD6,0x10,0xFC,0xE9,0x88,0xEC,0xD6,0xBE,0xBF,0x54,0x45,0x2D,0x10,0x63,0x59,0x5B,0x2B,0xB7},
        {0xB9,0x81,0xAF,0x02,0xA6,0x54,0x6D,0x60,0x41,0x4F,0xAC,0x6A,0xBA,0x6B,0xA8,0xEA,0xC3,0xA6,0xCE,0xEA,0x75,0x73,0xBD,0xE2,0x52,0x2C,0x62,0x29,0x09,0xFD,0x39,0xE5},
    },
    {
        UINT32_C(6552),
        UINT64_C(0x40909DF4A5940F48),
        UINT32_C(1280),
        UINT32_C(80),
        {0x33,0x5C,0x99,0x32,0xEA,0x86,0xEC,0xFC,0xA5,0x55,0x94,0xEA,0x7A,0xA8,0x6B,0xE1,0x97,0x1D,0xCE,0x2C,0xC8,0x71,0x22,0x8C,0x05,0xAC,0x8B,0x5A,0xC6,0x50,0x77,0x61},
        {0x82,0xCA,0xC2,0x61,0xAE,0x3F,0xD0,0x5A,0x5C,0x5A,0x92,0x7F,0xCF,0x78,0xA5,0x34,0x10,0xF4,0xE9,0xC3,0xE3,0x9F,0xC1,0x33,0xB9,0x33,0x5F,0x77,0x08,0x53,0x0C,0x2F},
    },
    {
        UINT32_C(6564),
        UINT64_C(0x163DB98C319EB64C),
        UINT32_C(1280),
        UINT32_C(80),
        {0x99,0x81,0xF4,0xA6,0x0B,0x63,0x54,0x92,0xD5,0x77,0xE3,0x33,0x78,0xED,0xE5,0x78,0x5C,0x52,0x85,0x79,0x70,0xEB,0x89,0x5D,0x3B,0x0F,0x59,0x43,0x8D,0x2E,0x1A,0x10},
        {0x2F,0xC9,0xB8,0xE9,0x61,0x3C,0xD6,0xCB,0x9C,0x5E,0x59,0xA2,0x2C,0xC8,0xD9,0x2C,0x9F,0x28,0xA5,0x44,0x1C,0x33,0xD6,0xAE,0x7F,0xAD,0xA2,0x8B,0x27,0xEF,0xA9,0x31},
    },
    {
        UINT32_C(6568),
        UINT64_C(0xB3413D212FE99805),
        UINT32_C(1280),
        UINT32_C(80),
        {0xC0,0xD4,0x90,0xB5,0x61,0x58,0x9E,0x30,0xB7,0xCF,0xDF,0xA6,0x69,0xF0,0x3A,0xAD,0x25,0x69,0x45,0xAB,0x46,0xAA,0x96,0xB2,0xD0,0x4D,0x36,0x40,0x50,0x25,0x00,0x30},
        {0x98,0x31,0xD8,0x36,0x64,0x17,0x0F,0x6A,0x97,0xE7,0x33,0x5E,0x86,0x6C,0x14,0x2E,0x94,0x99,0x70,0x8C,0xD8,0x36,0x57,0xCC,0x80,0x9A,0x03,0x1B,0xEF,0x1A,0x8B,0x64},
    },
    {
        UINT32_C(6580),
        UINT64_C(0x0A4A060DA46540AC),
        UINT32_C(1280),
        UINT32_C(100),
        {0xF8,0x66,0x0F,0xFE,0x8A,0xF6,0xBF,0x0A,0x11,0x13,0x7C,0x1D,0x08,0xFB,0xF0,0xA6,0x15,0xD2,0x84,0xDB,0xAB,0x9B,0x98,0x43,0xCD,0x67,0x06,0x9E,0xDA,0x2F,0x3A,0xF3},
        {0x26,0x61,0x8A,0xDB,0x61,0x85,0xAF,0x49,0xCE,0x3C,0xB0,0xE1,0x3F,0x9B,0xA2,0xE9,0x37,0xC9,0x20,0xA7,0x55,0xCF,0xCF,0x16,0x1E,0x42,0x00,0x0F,0x72,0x78,0xB7,0x54},
    },
    {
        UINT32_C(6592),
        UINT64_C(0xD7928CB1D8BFB5ED),
        UINT32_C(153),
        UINT32_C(99),
        {0x96,0xE8,0x34,0xD2,0x31,0x00,0x80,0xA1,0xCE,0x65,0x72,0xD2,0xF7,0xA5,0x93,0x2A,0x04,0x75,0xD9,0x17,0x00,0xE3,0xB8,0x78,0x1F,0x36,0x03,0xFC,0xFF,0xD9,0xAE,0x8E},
        {0x0E,0x0F,0xC1,0x25,0xAB,0x1A,0xED,0x41,0x7C,0xEE,0x43,0x00,0x31,0xBE,0x9F,0xA5,0xE2,0x1B,0x1E,0x61,0xC5,0x75,0xC3,0x54,0x52,0x60,0x54,0x00,0xDE,0x43,0xAE,0x53},
    },
    {
        UINT32_C(6596),
        UINT64_C(0x045C91294ECE5552),
        UINT32_C(1280),
        UINT32_C(80),
        {0xCF,0xC6,0x35,0x84,0x6F,0x47,0xD1,0xED,0xDA,0x06,0x35,0x05,0x22,0xA3,0xB0,0xC9,0xBC,0x6B,0xCE,0xAE,0x83,0x9E,0xD9,0xF2,0x31,0xA5,0x0E,0x53,0x6D,0x35,0xDC,0x49},
        {0x57,0xAA,0xBB,0xA3,0x21,0xFB,0xC5,0x05,0x96,0xDE,0xAA,0x5F,0x66,0xC6,0x17,0xD7,0xE5,0x36,0xC2,0x2D,0xD2,0x76,0xDE,0x74,0xC7,0x3A,0xF4,0x1B,0x63,0x9C,0xF9,0x48},
    },
    {
        UINT32_C(6606),
        UINT64_C(0x4A57ED55AD195DAA),
        UINT32_C(1280),
        UINT32_C(80),
        {0x4B,0x48,0x78,0x73,0xB2,0x81,0x93,0xD8,0xCB,0x76,0x90,0xF9,0xB0,0xD2,0xCB,0x14,0x45,0xE7,0xA5,0x63,0xB0,0x71,0x21,0xAD,0xFE,0x1D,0xA0,0x9E,0x6B,0xE1,0xC1,0x50},
        {0x8E,0x48,0x53,0x7C,0xFA,0x9C,0x47,0xEB,0x3B,0xAF,0xFD,0xC5,0xB9,0xA9,0x91,0xCC,0x8C,0x6F,0x07,0x00,0x75,0x30,0x23,0xDA,0x52,0xFD,0x81,0x0B,0x4F,0x4B,0xDC,0x52},
    },
    {
        UINT32_C(6646),
        UINT64_C(0xBEFE320107888629),
        UINT32_C(1024),
        UINT32_C(600),
        {0xED,0x43,0xA0,0x1D,0x29,0xEC,0x3A,0xFB,0x86,0xB4,0x23,0x7C,0x44,0xAD,0x64,0x0C,0xB9,0x37,0xEA,0x0C,0xA3,0x06,0x50,0xCD,0x33,0x11,0xE8,0x41,0x79,0x8B,0x67,0x80},
        {0x69,0xD8,0x4B,0x64,0xD7,0xAC,0x0F,0x64,0xCF,0x4A,0x3D,0xA6,0xCD,0x9F,0xA0,0xA6,0xB1,0xDE,0x17,0xC6,0xE8,0x4B,0xC4,0x81,0x4E,0x6E,0x2F,0x6B,0x68,0x1E,0x89,0x37},
    },
    {
        UINT32_C(6656),
        UINT64_C(0xBDB8DA3DBC0622E4),
        UINT32_C(408),
        UINT32_C(38),
        {0x66,0x92,0x3C,0xD3,0xA3,0x43,0x65,0xCC,0x29,0x13,0xCD,0xDF,0x3F,0x7E,0xA7,0x71,0xCD,0x62,0xA0,0x57,0x6B,0xF4,0xDD,0x87,0x27,0xC3,0xF9,0xBA,0x17,0xA4,0x2F,0xAF},
        {0x19,0x70,0x62,0xFC,0x65,0x82,0x7D,0xEE,0xF4,0xA4,0xE6,0x61,0x97,0x58,0xFC,0x68,0x73,0xE3,0x2C,0x63,0xB5,0x17,0x35,0x9D,0x3A,0xE9,0x60,0xA5,0xBC,0x9F,0x83,0x3B},
    },
    {
        UINT32_C(6720),
        UINT64_C(0xF05948E12ED70FDA),
        UINT32_C(240),
        UINT32_C(50),
        {0x01,0x5B,0x0F,0x4C,0x99,0x57,0x36,0x1B,0xD1,0x8E,0x75,0xC6,0xB9,0xA7,0xBA,0x35,0x5A,0x83,0xE6,0xE8,0x5E,0x20,0x4E,0x9C,0xFB,0xD2,0x78,0x94,0x5E,0xAA,0xD2,0xCF},
        {0x5E,0x22,0x4F,0x04,0x78,0x2A,0xCD,0xE2,0xF0,0xF8,0x5E,0x1C,0x4A,0x31,0x80,0x6E,0x23,0x03,0xD2,0x66,0x6D,0x0F,0x58,0x1C,0x8B,0xED,0x2D,0x34,0x9A,0x01,0xF7,0x80},
    },
    {
        UINT32_C(6738),
        UINT64_C(0xA8D5084E014C3D31),
        UINT32_C(1024),
        UINT32_C(600),
        {0x6F,0x0A,0x27,0x5D,0xBD,0xEF,0xA1,0x97,0xE3,0xA1,0x05,0xB7,0xC0,0x2E,0x68,0x09,0x43,0x36,0xBB,0x81,0x7F,0x4D,0xD2,0xE7,0x2A,0x3A,0xA2,0x98,0x31,0x1F,0x00,0xDC},
        {0x93,0xED,0x12,0x1F,0xCA,0xF0,0xCD,0x62,0xD9,0x5D,0xCD,0x6F,0x42,0x98,0xED,0xD1,0xB3,0xAF,0x54,0xF8,0xF0,0x1A,0xD5,0x01,0xDA,0x57,0x62,0x28,0x1F,0x26,0x44,0x74},
    },
    {
        UINT32_C(6750),
        UINT64_C(0xB49CD266E3B1ADD2),
        UINT32_C(408),
        UINT32_C(38),
        {0x48,0x49,0xF8,0xA7,0xA7,0xE7,0xDB,0x63,0xA6,0x37,0x23,0x9F,0xCB,0xED,0x94,0x9A,0x29,0x63,0xC5,0x7A,0xF2,0xA6,0xA7,0x2E,0xD3,0x70,0xB8,0xC2,0x62,0xE3,0x43,0x73},
        {0x0F,0x9C,0x69,0xD9,0x75,0xF6,0x0A,0xB7,0x00,0x35,0x77,0xE0,0x3D,0xAF,0x4E,0x5E,0x0D,0x30,0xCB,0xEE,0x0F,0x49,0x04,0x10,0xF7,0x17,0xE3,0x75,0x55,0x2A,0x65,0xFE},
    },
    {
        UINT32_C(6786),
        UINT64_C(0x747D1B23AF9C1632),
        UINT32_C(408),
        UINT32_C(38),
        {0xFA,0x67,0x65,0x88,0xCD,0x8C,0xE5,0x9A,0x5C,0x86,0xD9,0x3C,0x69,0xF6,0xE4,0xF9,0xB5,0x5E,0x6A,0xE3,0x59,0xA8,0xBB,0x82,0x2A,0x2A,0x98,0x57,0x08,0x0C,0xE3,0xC1},
        {0xC5,0x37,0x09,0x7A,0xD9,0xC9,0x44,0x86,0xA8,0xE3,0x77,0xB7,0xED,0xE6,0x44,0x98,0x92,0xDC,0xC4,0xDB,0x9A,0x70,0x66,0x4A,0x07,0xD8,0x1D,0xC4,0xA3,0xD4,0xBB,0x67},
    },
    {
        UINT32_C(6800),
        UINT64_C(0x651E0EB31FBDFEA5),
        UINT32_C(240),
        UINT32_C(50),
        {0x2B,0xAC,0x9B,0x30,0x4C,0x37,0x39,0xF6,0x0C,0x2B,0xF1,0xDE,0x2F,0xBD,0x62,0x6B,0xC6,0x61,0x90,0xAD,0x36,0xCA,0x11,0x31,0x32,0xE8,0xD2,0xA2,0x81,0x9B,0xE9,0x33},
        {0xEB,0xF7,0xF8,0xD1,0x88,0x74,0x99,0x0B,0xB3,0x34,0x32,0x8C,0xFF,0xFD,0x4C,0x37,0xF2,0xD4,0x3C,0xE7,0xBE,0xD5,0xD7,0x91,0x83,0x34,0xAA,0x97,0x51,0xF5,0x29,0x44},
    },
    {
        UINT32_C(6814),
        UINT64_C(0xB1E2B0AF07BBD228),
        UINT32_C(408),
        UINT32_C(38),
        {0x52,0x69,0x3C,0x47,0xB8,0xA1,0x65,0xA3,0x5F,0x43,0xA3,0xA5,0x2F,0x28,0x3B,0x53,0x1B,0xEE,0x0B,0xEA,0xE2,0x13,0x1C,0x4C,0xCA,0xCD,0xF8,0x3F,0x70,0x4F,0xDB,0x87},
        {0x26,0xEB,0xFB,0x8A,0xA0,0x76,0x4B,0xE9,0xF7,0x9F,0xE9,0xEC,0xEF,0x68,0x3B,0xA6,0x9A,0xF4,0xA1,0x52,0xDE,0xAE,0xEB,0x66,0x1F,0x83,0x54,0xCB,0xB8,0xE3,0x90,0x74},
    },
    {
        UINT32_C(6850),
        UINT64_C(0xF4A5CF249D641B4B),
        UINT32_C(1024),
        UINT32_C(600),
        {0x7E,0x04,0xAB,0x1E,0x04,0x58,0x50,0x45,0xFE,0x9B,0xB2,0x5D,0xC0,0x72,0x71,0x78,0x51,0x92,0xB3,0x7B,0x2D,0xD3,0x01,0x6F,0x17,0x56,0x14,0x30,0x7B,0x96,0xB7,0xA8},
        {0xE0,0x0C,0x16,0x9F,0x20,0x45,0x34,0xA7,0x5F,0x0B,0xE2,0xF7,0xB4,0x89,0x1A,0x89,0x39,0x3F,0xEB,0x67,0xB4,0xD8,0x7B,0x0E,0xFD,0x0A,0x53,0x9F,0xD3,0xB3,0x32,0x09},
    },
    {
        UINT32_C(6878),
        UINT64_C(0xB5EE5D4B01CCA408),
        UINT32_C(326),
        UINT32_C(51),
        {0x0B,0x67,0xEB,0x88,0x5D,0x88,0x1F,0xF2,0x71,0xCB,0xAC,0xA3,0x3E,0x20,0x4E,0x45,0x7B,0xFE,0x29,0x8A,0xE5,0xB0,0xA5,0x6B,0x05,0xCA,0x62,0xDF,0x03,0x2C,0x30,0xC7},
        {0x79,0x36,0x6F,0xA9,0x6D,0xD2,0x02,0xF2,0xA3,0x4A,0x71,0xB6,0x3E,0x18,0x98,0x22,0x23,0xC5,0x32,0xD4,0x6B,0x45,0x88,0xC1,0xBF,0xA8,0x40,0x4A,0x2F,0xE7,0xD2,0x4F},
    },
    {
        UINT32_C(6888),
        UINT64_C(0x32DB80B8BBD2C1AD),
        UINT32_C(408),
        UINT32_C(38),
        {0x1A,0x32,0xAF,0x2F,0x42,0x04,0xD6,0xAB,0x19,0xE5,0x5F,0x64,0x61,0xAB,0xD2,0xD0,0xE1,0x76,0x5B,0x06,0xDF,0xA1,0x7D,0xB6,0x31,0x0B,0xF2,0x54,0xE3,0x6F,0x3C,0x21},
        {0xFF,0x8F,0x4B,0x92,0xCB,0xAA,0x0F,0x54,0xFE,0xFB,0x6C,0x1B,0x75,0xAB,0x54,0xB7,0xC8,0xAF,0x00,0x10,0x58,0xC6,0x17,0x94,0x87,0xD4,0x31,0x62,0x34,0x65,0x78,0x45},
    },
    {
        UINT32_C(6972),
        UINT64_C(0xA28D047E7E09CB5E),
        UINT32_C(1280),
        UINT32_C(80),
        {0x12,0xF9,0x03,0x8F,0x07,0xCD,0x63,0x70,0xFB,0xB2,0xB6,0x6B,0x71,0x38,0xF5,0x1D,0xF9,0xDE,0xFA,0x13,0x0C,0x70,0xA0,0xF0,0x53,0x45,0x91,0x4A,0xD8,0x1B,0xC3,0xF7},
        {0x7A,0x09,0x86,0x9F,0x9F,0x0C,0x64,0x68,0xE7,0x9F,0xEC,0x37,0x4F,0x49,0x3D,0x6C,0x87,0x0C,0x48,0x16,0x93,0x27,0x54,0xE4,0x1E,0x21,0xD2,0xB4,0x16,0xFC,0x8C,0x3F},
    },
    {
        UINT32_C(7024),
        UINT64_C(0xDB9BC84770363767),
        UINT32_C(326),
        UINT32_C(51),
        {0x45,0xC8,0x30,0x21,0xB6,0x2C,0x7C,0xF4,0xDC,0xDE,0xEA,0x37,0x51,0x05,0xD7,0x5D,0xB1,0xB6,0x2D,0x29,0x16,0x62,0x20,0x94,0x02,0xBB,0xF9,0xB8,0x97,0x9A,0xA6,0x23},
        {0xAC,0x31,0xC2,0xAB,0x5D,0xD0,0x22,0xEE,0xD3,0xA3,0xDA,0x3D,0x05,0xEC,0xBB,0xB4,0x8C,0x9F,0x3D,0xEF,0xB0,0xED,0x5D,0xEF,0x79,0xD4,0x68,0x06,0x50,0x84,0xDD,0xB9},
    },
    {
        UINT32_C(7070),
        UINT64_C(0x146A9064B97D21C5),
        UINT32_C(1280),
        UINT32_C(80),
        {0xF0,0x34,0x64,0xF9,0x98,0x87,0xED,0x5F,0x69,0xD6,0x1D,0x13,0xDC,0x2A,0xD1,0x21,0xBC,0x88,0xC4,0xC1,0xE9,0x69,0x48,0x9B,0x1B,0xC8,0x01,0x45,0x8F,0xC1,0x3D,0x2F},
        {0x3C,0x26,0xA6,0xDA,0xF6,0x7D,0x5D,0x8D,0x96,0xA6,0x86,0x6F,0x39,0x70,0x0D,0x38,0x3D,0x37,0x8C,0x40,0x33,0xE2,0xA3,0xB4,0xB3,0x37,0x5F,0xF7,0xF9,0x53,0x12,0xB7},
    },
    {
        UINT32_C(7096),
        UINT64_C(0x4F008BC585B50A87),
        UINT32_C(326),
        UINT32_C(51),
        {0x65,0x2A,0xA5,0x7D,0x93,0x17,0x0E,0x19,0xF6,0x9A,0x0F,0x0B,0xDC,0xD0,0x1D,0x9A,0x7E,0x42,0x0F,0xC3,0xEB,0xA1,0xBB,0xC6,0xC6,0xCB,0xB7,0xD5,0xCC,0xF3,0x25,0x9A},
        {0x99,0x46,0x90,0xA8,0x0C,0xD6,0x07,0x7F,0x9C,0xDF,0x7F,0xC0,0xD8,0xB8,0x4A,0xC1,0x47,0x1D,0x14,0x65,0x2B,0x25,0xB4,0xE4,0xAB,0x63,0xC0,0x0A,0x1B,0x40,0xD5,0xF3},
    },
    {
        UINT32_C(7104),
        UINT64_C(0x1DD2EB242DD07804),
        UINT32_C(1280),
        UINT32_C(80),
        {0xF0,0x80,0xEA,0x59,0x43,0x9F,0xA4,0xDB,0xB5,0xFF,0xA0,0x75,0xE7,0x90,0xE7,0x07,0xD2,0xC2,0x50,0xF8,0x4F,0x00,0x41,0x09,0xDA,0x82,0x5C,0x0B,0x05,0x99,0x87,0x17},
        {0x74,0xEE,0x58,0xCA,0xA1,0xBD,0x19,0x54,0x82,0x61,0x8F,0x51,0x88,0x32,0x70,0x00,0x17,0x80,0xC5,0x44,0x92,0xF8,0xBB,0xF7,0xC1,0x1A,0x18,0x30,0x55,0x78,0x7F,0x6E},
    },
    {
        UINT32_C(7110),
        UINT64_C(0x309B2E3D793C2B28),
        UINT32_C(1024),
        UINT32_C(600),
        {0xFB,0x10,0xE6,0xFF,0x02,0x66,0x4D,0x9F,0xDE,0x28,0x64,0x1C,0x05,0xE2,0xDF,0x1B,0xF4,0xA0,0xED,0x5C,0xA6,0x49,0x28,0x40,0xF6,0x4E,0x01,0xCF,0xB6,0x3E,0xBC,0x6E},
        {0x1B,0xDB,0x0E,0x2C,0xC1,0x6B,0x01,0x7D,0x99,0x26,0x81,0x66,0x7D,0x6F,0x5B,0xCC,0xB5,0x2B,0x46,0xA5,0x92,0x46,0xB6,0x25,0xFF,0x6F,0x94,0x36,0x43,0x93,0xD6,0xED},
    },
    {
        UINT32_C(7130),
        UINT64_C(0x63FA7909579513E9),
        UINT32_C(1280),
        UINT32_C(80),
        {0x8E,0xAF,0x24,0x0C,0x0E,0x90,0xBF,0x0C,0xFD,0xE6,0xF1,0x7E,0xF2,0x00,0x9C,0x0B,0xA5,0x51,0xD0,0x1D,0xE4,0x11,0x62,0xD9,0x43,0x76,0x46,0xF3,0xBF,0x2D,0xCF,0x60},
        {0x01,0xF3,0xF0,0xE8,0x29,0x40,0xBE,0x43,0x5B,0x20,0xA8,0x32,0xD6,0x35,0xF6,0xB3,0x1E,0xF0,0x8D,0x3C,0x1A,0x7C,0xFC,0x10,0xE1,0xF7,0x17,0x35,0xB9,0xD9,0xF6,0x0F},
    },
    {
        UINT32_C(7134),
        UINT64_C(0x41188A9E84849B06),
        UINT32_C(1280),
        UINT32_C(80),
        {0x06,0x0D,0xE3,0x5F,0x7D,0xC4,0x14,0xC9,0x50,0xC4,0x28,0xAE,0x18,0x4F,0xED,0xA6,0xB7,0x8F,0xBD,0x76,0xA5,0x35,0x0B,0x48,0x11,0x2A,0x81,0xED,0x6C,0x63,0xEF,0x59},
        {0x01,0x46,0x55,0xE7,0x52,0x73,0x11,0x56,0x25,0x90,0xD9,0x37,0xD3,0xE4,0xC1,0x00,0xFA,0x5E,0xFE,0x0B,0x69,0x86,0xD1,0x3F,0x18,0x18,0x46,0xD7,0x86,0x1C,0xB8,0x50},
    },
    {
        UINT32_C(7146),
        UINT64_C(0x9DA52098C5A72CF1),
        UINT32_C(1280),
        UINT32_C(80),
        {0x3D,0x51,0x04,0x37,0x1A,0x58,0x97,0xCF,0x85,0xBE,0xFA,0xB4,0x2B,0x24,0x55,0x97,0x83,0xFF,0x58,0x0E,0xF8,0x40,0x6D,0x48,0x67,0xFF,0x92,0x08,0xD9,0x48,0x9E,0x37},
        {0x0E,0x30,0xEA,0xB3,0x3B,0x42,0x94,0x54,0xCE,0x31,0x8B,0x1E,0xD7,0x68,0xB3,0x78,0xF3,0x1B,0xCF,0xA0,0x86,0x8B,0x4C,0x8F,0x23,0x44,0x7D,0x29,0x3B,0xDC,0x00,0x4D},
    },
    {
        UINT32_C(7150),
        UINT64_C(0x58A913D9DDA4AA42),
        UINT32_C(408),
        UINT32_C(38),
        {0x61,0xA5,0x48,0x8C,0xEC,0xD2,0xC5,0x7A,0x23,0xAF,0x21,0x42,0xEF,0x0A,0xDC,0x8D,0xB5,0xAF,0x53,0x40,0xD1,0x95,0x26,0x4E,0x33,0xEB,0x92,0x1D,0xD3,0x5A,0x48,0xFD},
        {0x5C,0xB9,0xC9,0x3B,0x66,0x9F,0x22,0xD0,0x66,0x68,0x0D,0xE6,0xD2,0x1C,0x3E,0xF7,0xD8,0x14,0x9D,0xA2,0x4A,0x3B,0xA7,0xE2,0xE0,0x99,0x76,0xC5,0x30,0xDC,0x9C,0x34},
    },
    {
        UINT32_C(7172),
        UINT64_C(0x8F6CB4658B806AF1),
        UINT32_C(1280),
        UINT32_C(80),
        {0x5C,0x4D,0x09,0xF1,0xDB,0x99,0xD6,0xEC,0x0D,0x80,0x19,0xDC,0xAB,0xFE,0x78,0x64,0x11,0xBA,0xF4,0x0D,0x55,0x6E,0x6D,0x6E,0xCC,0xFE,0xEB,0x4E,0xC2,0xB1,0x04,0x21},
        {0xF6,0xFF,0x23,0x05,0x39,0x36,0xFB,0xB0,0xFC,0x58,0xF5,0x83,0xC3,0x45,0x0A,0x6C,0x17,0x91,0x04,0xAD,0xA1,0x46,0x51,0xED,0xC9,0x70,0xF6,0xFB,0xA7,0xD4,0xC3,0x12},
    },
    {
        UINT32_C(7192),
        UINT64_C(0x317B805F17EDCA8F),
        UINT32_C(153),
        UINT32_C(99),
        {0x59,0x13,0xCF,0xB4,0xB7,0x4D,0x39,0xB9,0x20,0xB8,0x3A,0xEC,0x94,0xF2,0x50,0x1A,0xAF,0x45,0x67,0x76,0x5E,0xAE,0x52,0x93,0xF3,0xB3,0xBA,0xB3,0xCE,0x1F,0xBB,0x8E},
        {0xC2,0x43,0x43,0xD2,0x25,0x98,0xDD,0xD0,0x6E,0x34,0x33,0xD8,0x96,0xD3,0xE2,0x20,0xA9,0x26,0x72,0xCE,0x9C,0x74,0x68,0xC2,0x52,0xCB,0x81,0x45,0x0A,0x12,0xBF,0xB8},
    },
    {
        UINT32_C(7242),
        UINT64_C(0x1660ED6E4A19011B),
        UINT32_C(1024),
        UINT32_C(600),
        {0x77,0xBA,0xC3,0x9B,0x7E,0xEC,0xA9,0xFB,0x5A,0x90,0xD0,0xC5,0xF6,0x98,0xC4,0x97,0x95,0x57,0xC6,0x63,0xB7,0x35,0x31,0x57,0x6E,0x20,0x6A,0x98,0x2B,0x6B,0x1C,0xE2},
        {0xF0,0x07,0x5D,0x02,0x2E,0x05,0xCE,0x04,0x4F,0x4C,0x24,0x94,0xEC,0xA8,0xAC,0x70,0x36,0xA9,0x3C,0x19,0x14,0xBB,0xAE,0x37,0xAF,0x95,0x42,0xD1,0x42,0x73,0x77,0x9E},
    },
    {
        UINT32_C(7310),
        UINT64_C(0x4709B822B0027B1D),
        UINT32_C(1024),
        UINT32_C(600),
        {0x63,0x8B,0x24,0x8A,0x56,0xEA,0x4A,0x2E,0xA8,0xDC,0x65,0x6D,0x8F,0xAC,0x3D,0xD1,0xCD,0xDF,0xD7,0xBC,0xF6,0x76,0x82,0x9F,0x82,0x96,0x3E,0x02,0x64,0x18,0x98,0x47},
        {0xB2,0xC1,0x8C,0x54,0xF6,0xE6,0xE6,0xED,0x34,0xBA,0x78,0x68,0x94,0x4E,0x88,0xE9,0x59,0x4F,0x23,0x9A,0x4D,0x5C,0x13,0x5B,0xC3,0x6A,0xB3,0x9C,0x79,0x0E,0x87,0x4C},
    },
    {
        UINT32_C(7328),
        UINT64_C(0x6A4FBB7A34C0AA2B),
        UINT32_C(326),
        UINT32_C(51),
        {0xE8,0x25,0x2D,0xAB,0x7D,0xC6,0xC9,0xE8,0x91,0x4D,0xFF,0x94,0x6B,0x2C,0x54,0xB7,0xCE,0x4C,0x15,0x9F,0x24,0x31,0xCA,0xF8,0x6B,0xFD,0x6C,0x0B,0x75,0x37,0x4D,0xEC},
        {0x94,0xC3,0x5C,0xDE,0xF6,0x96,0x12,0x69,0xB7,0x8D,0xC1,0x65,0xDE,0xA9,0xE8,0x1D,0xF5,0x29,0x09,0xED,0x4E,0x08,0x63,0x57,0xF6,0xC6,0x3C,0x76,0x4B,0xDD,0x9C,0x5C},
    },
    {
        UINT32_C(7362),
        UINT64_C(0xB64D2B0A4059A414),
        UINT32_C(408),
        UINT32_C(38),
        {0x29,0x21,0x40,0x4E,0x0D,0x08,0x17,0xC6,0xD4,0x4C,0x63,0x4A,0x86,0xD9,0x09,0xAA,0x78,0x86,0x8D,0x2A,0x7F,0x4D,0xCB,0xDF,0x0C,0x23,0x68,0xD1,0x4C,0x5B,0x83,0x2E},
        {0x75,0x44,0x75,0x6E,0x21,0xF9,0x08,0xB4,0xFB,0xD2,0x43,0xCE,0x56,0x77,0xD3,0x29,0x79,0xF0,0xF1,0xDB,0x6C,0xE7,0xFE,0x26,0xF9,0xFA,0xAA,0xC4,0xD0,0x05,0x40,0x31},
    },
    {
        UINT32_C(7408),
        UINT64_C(0x509C1A607E85E466),
        UINT32_C(1024),
        UINT32_C(600),
        {0x22,0x23,0x49,0x8D,0x52,0xA8,0x6E,0xC5,0x51,0x73,0xCC,0x2C,0xAE,0x7F,0x70,0xCB,0xF4,0xFD,0xEB,0xC2,0x1D,0x80,0x57,0xCF,0x53,0xC7,0xAA,0x21,0xC4,0x5A,0xAD,0x0B},
        {0xBB,0x9C,0xC5,0xE0,0xF4,0x7F,0x82,0x34,0xF1,0x12,0x09,0x41,0x5B,0xDA,0xA6,0xCB,0x19,0x06,0xA7,0x00,0xD5,0x6E,0xE8,0xE1,0xE0,0x0F,0x23,0xA7,0x85,0x37,0x4A,0x7C},
    },
    {
        UINT32_C(7418),
        UINT64_C(0xC9960AAA0203D4C7),
        UINT32_C(217),
        UINT32_C(34),
        {0x3A,0x15,0x13,0x43,0x8F,0x93,0x8E,0x42,0x33,0xD8,0xFB,0xFA,0x9F,0x1C,0x44,0xAE,0x2E,0x15,0x0F,0xCE,0x49,0xF5,0x5E,0x4E,0xB8,0xE0,0xEF,0x5E,0x94,0x21,0x8D,0xE0},
        {0xA6,0x4D,0xD7,0xE0,0x00,0xC1,0x1E,0xAA,0x77,0x0F,0x9B,0x11,0xE0,0x4F,0xEE,0x09,0xDC,0x01,0x3A,0xC0,0x14,0x3D,0xBA,0x24,0xAE,0xF7,0x7B,0x6C,0xA1,0x74,0x2D,0xAC},
    },
    {
        UINT32_C(7432),
        UINT64_C(0x27755E5EB423A30B),
        UINT32_C(1024),
        UINT32_C(600),
        {0x4B,0x5F,0x4F,0xF1,0xB6,0xD5,0xB4,0xD3,0x67,0x32,0x94,0xCB,0xB9,0xA2,0xB6,0x43,0x67,0xCB,0x35,0x6D,0xF9,0x54,0x77,0x2B,0x54,0x07,0xA4,0x29,0xC8,0x55,0xE3,0x1D},
        {0x35,0xDB,0xBB,0x9F,0x84,0x8F,0x79,0xD1,0x0E,0x83,0xAF,0x25,0xB2,0x3A,0x0F,0x4C,0x38,0x8B,0xCA,0xA8,0xBE,0x0D,0xA9,0x06,0xD0,0x4C,0xAF,0x00,0x76,0xBF,0x73,0x8D},
    },
    {
        UINT32_C(7448),
        UINT64_C(0xC41E39062DF4ABCC),
        UINT32_C(1024),
        UINT32_C(600),
        {0x50,0x24,0x2D,0xF0,0x93,0xC1,0x2B,0xD6,0x1D,0x74,0xDD,0x8D,0x62,0x10,0x17,0xB9,0x53,0x56,0x34,0x53,0xA0,0xAC,0xD1,0x14,0x65,0xE7,0x5C,0x3B,0xED,0xCC,0xBA,0x5A},
        {0xD2,0x74,0x6C,0xAC,0xE6,0x43,0xE1,0x47,0x3C,0xF0,0x14,0x54,0x5E,0x23,0xA5,0x8F,0xCF,0x2D,0x08,0x31,0xEC,0x02,0xB8,0x00,0xC9,0xE0,0xCA,0xEB,0x1B,0xDF,0x12,0x13},
    },
    {
        UINT32_C(7666),
        UINT64_C(0x831AB16BE97BD3C6),
        UINT32_C(1024),
        UINT32_C(600),
        {0x1A,0xAD,0x5A,0x30,0x2C,0xF4,0x14,0x88,0x1B,0x7C,0x5B,0x1A,0x81,0x54,0x07,0x64,0x03,0x68,0xED,0x11,0x13,0x3F,0x73,0xA2,0x77,0x89,0xF4,0xC2,0x48,0x77,0x20,0x71},
        {0x86,0xC7,0xD1,0x32,0x38,0x7F,0x7F,0x04,0x50,0x69,0x3C,0x86,0x5D,0x5E,0xE4,0xFE,0xC6,0x5D,0x67,0x8A,0xEF,0xAF,0xF3,0x76,0x3C,0x4D,0xDF,0x38,0xBE,0xD3,0xD7,0x37},
    },
    {
        UINT32_C(7794),
        UINT64_C(0xD0E2ADA2D0E5B912),
        UINT32_C(148),
        UINT32_C(228),
        {0x0E,0x7A,0x3E,0x3B,0x76,0x4E,0xBB,0xDE,0x8B,0x14,0x93,0xCD,0x37,0xA5,0x89,0xD0,0x3D,0xF6,0x5D,0x3B,0xA1,0xED,0xB6,0xCC,0x78,0x99,0x77,0x1A,0xD5,0x29,0x23,0xA1},
        {0xA6,0x3D,0x2E,0x9F,0x38,0xBA,0x3C,0x0D,0xCC,0x23,0x39,0xB3,0xE9,0x7B,0x62,0x0F,0xB2,0xD6,0x5E,0x73,0xAA,0xF7,0x81,0x4E,0xB8,0x79,0x63,0x4F,0xF7,0xE1,0x63,0x51},
    },
    {
        UINT32_C(7800),
        UINT64_C(0x69B6E68571B2B8E0),
        UINT32_C(1024),
        UINT32_C(600),
        {0x09,0xC2,0x65,0x7E,0xF6,0xAC,0x3B,0x11,0x38,0x20,0x24,0x3B,0xB3,0xEE,0xB0,0xCE,0xE5,0xF9,0x1A,0x8F,0x37,0x0C,0x78,0xF3,0x09,0xBF,0x81,0x9B,0x5A,0xB7,0x01,0xA2},
        {0xCF,0xCA,0x4E,0x3A,0xBC,0x51,0x11,0x19,0xDF,0x3A,0xDC,0x83,0xCA,0x3D,0x3B,0xBB,0x73,0x77,0x7F,0xEC,0x93,0x57,0x18,0xB2,0xD9,0x40,0x55,0x95,0x9B,0x8A,0x56,0x2F},
    },
    {
        UINT32_C(7822),
        UINT64_C(0xDA4076F6EE1B48B4),
        UINT32_C(408),
        UINT32_C(38),
        {0x0F,0x40,0x7B,0x8C,0x77,0x15,0x25,0x54,0xB6,0x6A,0x5F,0x0C,0xFE,0xC9,0x8D,0x16,0x8B,0x17,0xC3,0x5A,0x7A,0x99,0x29,0x4F,0x98,0x8E,0xA0,0xE5,0xBE,0x6E,0x50,0x09},
        {0xF9,0x96,0x41,0x68,0xF6,0x97,0xBF,0xDE,0x3F,0xEF,0xF9,0x16,0x18,0x99,0xBD,0x00,0xC9,0x09,0x76,0xFA,0xA7,0x8E,0xD9,0x8C,0x26,0x08,0xAD,0x70,0xF3,0xE8,0x80,0xEA},
    },
    {
        UINT32_C(7828),
        UINT64_C(0x181B437F2B28A703),
        UINT32_C(302),
        UINT32_C(72),
        {0xCC,0x13,0x01,0xB0,0x41,0x01,0x5B,0xE2,0x9A,0xD8,0xFC,0xF2,0x14,0xA1,0x94,0xFD,0xB1,0xB7,0xEC,0x08,0x39,0x6B,0x38,0x55,0x45,0xA7,0x08,0x33,0x58,0xBC,0x3B,0xF2},
        {0x9F,0x41,0x98,0x20,0x8F,0xFB,0x8B,0x94,0x1C,0xAF,0xE2,0x46,0x7B,0xAC,0xB6,0xEA,0x68,0x06,0xD3,0xE5,0x16,0x29,0x8D,0xBB,0xDE,0x0E,0xDC,0xFC,0xD2,0xC5,0xF8,0x0D},
    },
    {
        UINT32_C(7830),
        UINT64_C(0xF3E6EA9071A5F40B),
        UINT32_C(874),
        UINT32_C(28),
        {0xFF,0xCD,0x27,0xFF,0x2E,0x8A,0xD9,0x85,0x80,0xB9,0xE2,0x95,0x82,0xCF,0x60,0x94,0x37,0x5C,0xC6,0x06,0x88,0x04,0xBA,0x60,0x38,0x8D,0x6D,0xCE,0x3B,0xD5,0x02,0xF5},
        {0x56,0xA7,0xCC,0x15,0x87,0x41,0xF0,0x09,0xE5,0x49,0xCF,0x6C,0x22,0x2C,0x6E,0x01,0x32,0x02,0xB7,0x2A,0x46,0x63,0xAE,0x9F,0x30,0xB2,0x27,0x93,0x56,0x3B,0x06,0xCB},
    },
    {
        UINT32_C(7890),
        UINT64_C(0x14A823685389807E),
        UINT32_C(408),
        UINT32_C(38),
        {0xE5,0x93,0x82,0x6F,0xE0,0xAA,0xA4,0x74,0x49,0x1B,0xDD,0xC9,0x54,0xB7,0x40,0x7B,0x00,0xBB,0x02,0xBE,0x10,0x8B,0x9F,0x3A,0x20,0xF1,0xB9,0x36,0x4E,0x02,0xE5,0xA0},
        {0x45,0x1A,0x6B,0x0A,0x71,0x0C,0xAD,0x01,0x7C,0xE9,0x3B,0xE5,0x99,0x89,0x9B,0x11,0x11,0x62,0xC9,0x97,0x1B,0xBF,0x0F,0x6F,0x95,0x0D,0x37,0xB9,0x57,0xA1,0x78,0x20},
    },
    {
        UINT32_C(7910),
        UINT64_C(0xC0BBA6C2F36702AF),
        UINT32_C(302),
        UINT32_C(72),
        {0xC8,0xA3,0x7A,0xCA,0xED,0xF7,0x97,0x48,0xC7,0x59,0xB9,0x5E,0xC9,0x3F,0x6B,0xD1,0xCC,0x2C,0x21,0xAF,0x08,0x2F,0x2B,0xE7,0xFB,0xAE,0x7A,0x6A,0xE0,0x30,0x25,0x2D},
        {0x03,0x8F,0x8A,0x23,0xF2,0x3F,0x59,0x3E,0x0E,0x29,0x1B,0x37,0x19,0x16,0x85,0xBF,0x9F,0xDC,0xBD,0xD0,0xFF,0x01,0x34,0x45,0xA8,0x44,0x63,0x29,0xD5,0xF8,0x7E,0x12},
    },
    {
        UINT32_C(7916),
        UINT64_C(0xBC2B496082FEB587),
        UINT32_C(302),
        UINT32_C(72),
        {0xB8,0x07,0xAC,0x05,0x43,0xEE,0xD2,0x7E,0x89,0xFD,0xBB,0x5B,0xE7,0xD9,0xFF,0x4B,0xCE,0xF5,0x1A,0xA3,0x3C,0xB6,0xC6,0xBB,0x5A,0xB1,0xAE,0xE6,0xE2,0xC9,0x57,0x35},
        {0x19,0xB8,0x14,0xC6,0x79,0xBA,0x08,0xE1,0xF4,0x08,0x18,0x88,0x5D,0xFA,0xD2,0xE4,0x58,0x03,0xB4,0x74,0x07,0x46,0x3D,0x10,0x97,0x48,0x0C,0x00,0x9A,0xC2,0xBC,0x2C},
    },
    {
        UINT32_C(7920),
        UINT64_C(0x90CBCD4403B37B53),
        UINT32_C(1280),
        UINT32_C(80),
        {0xFA,0xB0,0xBA,0x00,0x7F,0xE4,0x99,0x18,0xAF,0x4F,0x96,0x21,0x44,0x01,0xDB,0xB8,0x1D,0x9D,0x1D,0x75,0x2A,0xC3,0xE4,0x40,0xD3,0x4D,0x61,0x35,0x14,0x3D,0xE3,0xE2},
        {0x87,0x94,0xF7,0xF1,0xA3,0x39,0x8B,0xFA,0x36,0xF0,0xF6,0x0E,0xBE,0x85,0xD5,0xA9,0xC5,0xCE,0x3B,0x08,0x7B,0x35,0xFB,0xAA,0x91,0x7B,0x6D,0xAC,0x23,0x18,0x7C,0xB3},
    },
    {
        UINT32_C(7922),
        UINT64_C(0x32E9AA76EF60F793),
        UINT32_C(408),
        UINT32_C(38),
        {0xEC,0x13,0xFD,0x49,0x1C,0x00,0x9E,0x87,0x32,0xF7,0x3F,0xBA,0x0D,0x61,0x3D,0x32,0x0F,0x9A,0xC4,0x2C,0xBF,0xC2,0xFA,0x0E,0x0C,0x72,0x6D,0xFA,0xBA,0xFE,0x4F,0xB3},
        {0x26,0x7C,0x16,0x66,0x01,0xC6,0x35,0xAD,0x1A,0xD1,0x1B,0xCB,0xB2,0x38,0x63,0xFA,0xD6,0x51,0x44,0x55,0x41,0xAC,0xB2,0xCD,0xAF,0xCB,0x00,0xB5,0x78,0xC0,0xF0,0xA0},
    },
    {
        UINT32_C(7998),
        UINT64_C(0xF94113E8AD6F4B59),
        UINT32_C(302),
        UINT32_C(72),
        {0x7B,0x0C,0x5D,0xA3,0x5E,0xFC,0xC0,0x2E,0x24,0xC6,0xC3,0x6E,0xB6,0x20,0x8D,0xEE,0x9C,0xD4,0x2F,0x36,0x75,0x57,0x0B,0x99,0xD0,0x1E,0x25,0xFF,0x2D,0xF3,0x28,0xAC},
        {0x0C,0xCF,0x64,0x53,0xA7,0x61,0xDB,0x47,0xC4,0x2C,0x0E,0x53,0xD6,0xE2,0xBC,0xB9,0xC8,0xDC,0x5B,0xB2,0x45,0x81,0x0F,0x31,0x52,0xFC,0xB2,0x52,0x47,0x87,0x7E,0x2E},
    },
    {
        UINT32_C(8032),
        UINT64_C(0xFA7670B52F7797E7),
        UINT32_C(1024),
        UINT32_C(600),
        {0x71,0x2B,0xBA,0x78,0x83,0x2E,0xA5,0xB2,0xCA,0x35,0x89,0x52,0xEA,0x08,0x8F,0x48,0x33,0xBE,0x77,0x0B,0x2F,0x0F,0xEC,0x05,0x10,0x96,0x1C,0xB5,0x57,0xEF,0x26,0xB0},
        {0x28,0x04,0xDD,0xFC,0x32,0x10,0xB9,0x00,0x9F,0xD3,0xB9,0xBA,0x2D,0x72,0x16,0xBF,0x12,0x12,0x99,0xCE,0xA2,0xC7,0xE4,0x33,0x0E,0x52,0xB6,0xB5,0xFD,0x13,0x59,0xB0},
    },
    {
        UINT32_C(8038),
        UINT64_C(0x88326B72F69C4FF7),
        UINT32_C(302),
        UINT32_C(72),
        {0x87,0x8F,0x34,0xF7,0xF7,0xA4,0x96,0xD0,0x28,0x9D,0xF3,0xE2,0xA9,0x8D,0xB7,0x5C,0xD1,0xC6,0x63,0x7E,0x84,0x82,0x3A,0x76,0xD3,0x8D,0x70,0x7D,0x3F,0x4E,0x98,0x78},
        {0x06,0xCF,0x9C,0x46,0x0B,0x3E,0x6D,0xC7,0x0F,0x43,0x39,0x2F,0x0B,0xD3,0x9A,0xF8,0xAE,0x29,0xA7,0x02,0x5D,0x8C,0xBF,0xF8,0xCC,0xED,0x10,0x92,0x45,0x03,0x92,0xDD},
    },
    {
        UINT32_C(8046),
        UINT64_C(0x07A08F640442ED6F),
        UINT32_C(153),
        UINT32_C(99),
        {0xE8,0xB7,0xF3,0xBA,0x16,0x53,0x90,0xE9,0x6B,0x6F,0xDE,0x5D,0x2D,0x77,0xF3,0x90,0x3D,0x5E,0xFA,0x69,0x23,0xAE,0x17,0x77,0xDC,0x4B,0x3F,0x41,0x96,0x67,0xA1,0x65},
        {0xDF,0x03,0xE1,0x81,0x66,0xCF,0x2F,0x17,0xAE,0x8D,0x0D,0x5F,0x28,0xD7,0x58,0x45,0x14,0xDC,0xBC,0xB0,0xF3,0x50,0x65,0x28,0xCC,0x75,0x2A,0x99,0x38,0x41,0x3E,0x99},
    },
    {
        UINT32_C(8062),
        UINT64_C(0x90D93D18BBDF2FC5),
        UINT32_C(1024),
        UINT32_C(600),
        {0xC5,0xF0,0xD5,0x4D,0x02,0xBD,0xD1,0x5B,0xF5,0x6B,0xC4,0xAD,0x99,0x64,0xA6,0xB0,0x1E,0x29,0x6D,0xAA,0xDD,0x12,0x13,0x8B,0x11,0x69,0x48,0xAF,0x17,0x0B,0x5A,0x2A},
        {0xA4,0x5C,0xAB,0x6D,0x99,0xA4,0x9D,0x6B,0xC6,0xCD,0xDD,0xB9,0x6C,0x23,0xF5,0x3F,0xE5,0x67,0x5B,0x39,0x87,0xEC,0xE6,0x68,0xEB,0xBF,0x5F,0xE9,0xE5,0xD1,0x60,0x71},
    },
    {
        UINT32_C(8072),
        UINT64_C(0xFF166054D42FED2C),
        UINT32_C(1024),
        UINT32_C(600),
        {0x93,0x8D,0x12,0x36,0x2C,0x73,0xFF,0x57,0xAA,0x36,0x0D,0x10,0xFC,0xBB,0x20,0x99,0x57,0x29,0xB3,0x68,0xDB,0xB1,0x75,0x8C,0x0E,0x55,0x7D,0x83,0x8E,0xA3,0xAB,0xCD},
        {0x75,0xB5,0x4A,0x8B,0xCA,0xE1,0xDC,0x0A,0xA6,0xDE,0xAD,0xC9,0x30,0x91,0x30,0x9B,0x72,0xFD,0x0E,0x1E,0xB8,0xEA,0x36,0x13,0xA4,0xA8,0xCF,0xF6,0xF4,0x1F,0xF4,0x97},
    },
    {
        UINT32_C(8092),
        UINT64_C(0xD43D96C51AA5BE76),
        UINT32_C(408),
        UINT32_C(38),
        {0xA2,0xB5,0xE9,0x58,0x5F,0x18,0x96,0x87,0xAB,0x24,0xF5,0x65,0x8E,0xA9,0x25,0xAA,0xF3,0xAF,0x97,0x0D,0x4C,0x41,0x71,0x40,0xC1,0x9C,0x23,0x84,0x8E,0x58,0x69,0xF2},
        {0x51,0xE3,0x4C,0x0E,0x16,0x5D,0x8A,0x30,0xE9,0x8B,0x78,0x90,0x89,0x0E,0xCE,0xDA,0x6F,0x91,0x80,0xF6,0x8A,0xFA,0x3D,0x47,0x74,0x89,0x5E,0x68,0x69,0x4A,0xEF,0x84},
    },
    {
        UINT32_C(8118),
        UINT64_C(0x1033A28E0F650E2E),
        UINT32_C(1024),
        UINT32_C(600),
        {0x2C,0xEC,0x48,0x22,0x50,0x43,0x3D,0x69,0x18,0xBE,0xB2,0xC6,0xA3,0xB4,0xB8,0xB9,0x8C,0x79,0x57,0x8D,0x66,0xDB,0xC2,0x39,0xE8,0xD3,0xBD,0x7F,0x04,0xD0,0x3F,0x1C},
        {0x5C,0xB7,0x9D,0x76,0x94,0x22,0x31,0x2F,0x09,0x92,0xAC,0x4C,0x48,0x10,0x3F,0x81,0xAD,0x00,0xD8,0x15,0xA3,0x3B,0xE8,0x31,0xD2,0x7B,0x85,0x5A,0x0F,0x9F,0xAE,0xDE},
    },
    {
        UINT32_C(8124),
        UINT64_C(0x6490ABEA1EB7D5AC),
        UINT32_C(340),
        UINT32_C(128),
        {0x85,0xD4,0x60,0xDA,0xA9,0xE3,0xAA,0xEB,0xF9,0x7B,0x61,0x94,0x7E,0xE8,0xEF,0x06,0xD2,0x67,0x6D,0xB3,0xDC,0xD3,0xC9,0x54,0x11,0xBA,0xD1,0x3C,0xE9,0x9B,0x2B,0x54},
        {0xD6,0xC1,0x83,0x8F,0x03,0xF4,0xF9,0x92,0x73,0xAB,0x47,0xDA,0x16,0x97,0x45,0x21,0xEF,0x62,0x3B,0x28,0x6D,0x2E,0x90,0x05,0xD5,0x73,0x75,0xBD,0x47,0x67,0x6D,0x9B},
    },
    {
        UINT32_C(8128),
        UINT64_C(0x9086FD7D73024A6F),
        UINT32_C(408),
        UINT32_C(38),
        {0x88,0x1B,0x2A,0x18,0x1E,0x95,0x43,0xBF,0x41,0x0C,0xA1,0xD1,0xDF,0x50,0xD0,0x5F,0x8A,0xC2,0xDF,0x53,0x5E,0xA4,0x6C,0x17,0xB0,0x62,0xFD,0xA5,0xB1,0x60,0x4C,0xD9},
        {0x54,0x4E,0xD1,0x7E,0xD8,0x73,0xC3,0x5C,0xEB,0xAB,0xDA,0xA0,0xCF,0xD0,0xC6,0x86,0x23,0x20,0xBA,0xF2,0xF6,0x67,0x39,0x76,0xF0,0x66,0xC8,0x38,0x80,0x3B,0x89,0xEF},
    },
    {
        UINT32_C(8148),
        UINT64_C(0x9CB2199761426770),
        UINT32_C(148),
        UINT32_C(228),
        {0x00,0x8C,0x6B,0x96,0x1D,0xD1,0xFE,0xAA,0x83,0x27,0x23,0xA2,0x52,0x8B,0xEB,0x01,0x9F,0x83,0x8D,0xC1,0x90,0xA7,0xBA,0xB7,0xD5,0x6A,0x08,0xF6,0xF4,0x3F,0x7F,0x83},
        {0x62,0xF7,0x43,0x6C,0xC1,0x6D,0xF5,0xAA,0xF6,0xFB,0x12,0xE4,0x2B,0x86,0xDC,0x96,0x11,0xDE,0xDB,0xF9,0x89,0xEF,0xDB,0x1A,0x25,0x73,0xE7,0x94,0xA4,0x79,0x84,0xD3},
    },
    {
        UINT32_C(8178),
        UINT64_C(0xA74E42B928D3A102),
        UINT32_C(302),
        UINT32_C(72),
        {0xC7,0x9D,0x01,0x00,0x1E,0x70,0x9C,0xE7,0x97,0x2A,0x78,0x5B,0x2B,0x26,0xC8,0xAA,0x82,0xE2,0x3B,0x1E,0x8F,0xA9,0x28,0x6B,0x76,0xC6,0xB4,0x29,0x85,0xA5,0xD1,0x42},
        {0x29,0x1B,0x46,0xE9,0x99,0x60,0x27,0x9E,0x0B,0x1D,0x11,0x67,0xFE,0xB6,0x3D,0x3D,0x93,0x57,0x1E,0x50,0x0A,0xE6,0xF3,0x92,0x0B,0x9C,0x0C,0x18,0x44,0xAB,0xDE,0x37},
    },
    {
        UINT32_C(8192),
        UINT64_C(0x5D0B1C0FCCB45F0E),
        UINT32_C(340),
        UINT32_C(128),
        {0x3E,0x83,0x4B,0xA3,0x2E,0x92,0x34,0xAE,0x3B,0x81,0x94,0x69,0x53,0xF2,0xAF,0x34,0x9B,0xA3,0x97,0xA6,0xD7,0x2F,0x40,0x48,0xFE,0xBE,0x94,0xCE,0x1C,0x10,0x6B,0x68},
        {0xEF,0xE0,0xC9,0x45,0xE7,0x60,0xEC,0x6D,0xE7,0xEB,0x1F,0x87,0xA5,0xDB,0xB4,0xAB,0xE0,0xD0,0x9D,0xDF,0x03,0x8B,0x8E,0x49,0x61,0x7E,0x88,0x4E,0xB6,0xCA,0x21,0x78},
    },
    {
        UINT32_C(8216),
        UINT64_C(0xCE66EC9AAFBB704A),
        UINT32_C(1024),
        UINT32_C(600),
        {0x19,0xD8,0x59,0x3A,0xF0,0x29,0x6B,0xD6,0xD6,0xD3,0x96,0xB6,0xF3,0x0E,0xF9,0x77,0xEA,0xE3,0x4D,0x4C,0x13,0x32,0x9A,0x26,0x3C,0xCA,0x3A,0xFC,0x53,0xD1,0xD9,0xCE},
        {0xBF,0x3F,0x83,0x60,0xB7,0xAD,0x96,0x14,0x50,0x5E,0xC2,0xC6,0x1A,0x6A,0x71,0x9A,0x5C,0xF8,0xB1,0xDA,0x34,0x65,0x4B,0xAC,0xEF,0x35,0x92,0xCD,0x3E,0xD5,0x99,0x90},
    },
    {
        UINT32_C(8250),
        UINT64_C(0xD046A621A994FBD5),
        UINT32_C(1024),
        UINT32_C(600),
        {0xCB,0xDD,0x55,0x86,0x72,0x25,0xDB,0x05,0x89,0x38,0x38,0x7A,0xED,0x5F,0x23,0x60,0x36,0x32,0x65,0x5D,0xF0,0xAD,0xEC,0xEA,0x36,0xA2,0x6A,0x12,0x68,0xD0,0xE9,0x2B},
        {0x9F,0x24,0x5A,0x7F,0x96,0x0A,0x59,0xE5,0x98,0x73,0x68,0x69,0xF6,0x39,0x43,0xC2,0x9E,0x3E,0x32,0x5E,0x40,0x6E,0xAB,0x77,0xBF,0x99,0x8E,0x75,0x2D,0xD1,0x86,0xE7},
    },
    {
        UINT32_C(8268),
        UINT64_C(0x64BDDCFEC22E4E27),
        UINT32_C(302),
        UINT32_C(72),
        {0xB8,0x07,0xAC,0x05,0x43,0xEE,0xD2,0x7E,0x89,0xFD,0xBB,0x5B,0xE7,0xD9,0xFF,0x4B,0xCE,0xF5,0x1A,0xA3,0x3C,0xB6,0xC6,0xBB,0x5A,0xB1,0xAE,0xE6,0xE2,0xC9,0x57,0x35},
        {0x19,0xB8,0x14,0xC6,0x79,0xBA,0x08,0xE1,0xF4,0x08,0x18,0x88,0x5D,0xFA,0xD2,0xE4,0x58,0x03,0xB4,0x74,0x07,0x46,0x3D,0x10,0x97,0x48,0x0C,0x00,0x9A,0xC2,0xBC,0x2C},
    },
    {
        UINT32_C(8338),
        UINT64_C(0xB472A7021792D96C),
        UINT32_C(302),
        UINT32_C(72),
        {0xCC,0x13,0x01,0xB0,0x41,0x01,0x5B,0xE2,0x9A,0xD8,0xFC,0xF2,0x14,0xA1,0x94,0xFD,0xB1,0xB7,0xEC,0x08,0x39,0x6B,0x38,0x55,0x45,0xA7,0x08,0x33,0x58,0xBC,0x3B,0xF2},
        {0x9F,0x41,0x98,0x20,0x8F,0xFB,0x8B,0x94,0x1C,0xAF,0xE2,0x46,0x7B,0xAC,0xB6,0xEA,0x68,0x06,0xD3,0xE5,0x16,0x29,0x8D,0xBB,0xDE,0x0E,0xDC,0xFC,0xD2,0xC5,0xF8,0x0D},
    },
    {
        UINT32_C(8402),
        UINT64_C(0xB3C96C987F9DC078),
        UINT32_C(1024),
        UINT32_C(600),
        {0x4B,0x17,0xD2,0x3C,0x98,0xAD,0xD5,0x5B,0x98,0x51,0xBB,0x61,0x5C,0x9D,0x03,0x46,0x98,0x24,0xE9,0xD3,0x22,0x13,0xFC,0x42,0x86,0x84,0xCF,0x0E,0x46,0x5C,0x38,0xD2},
        {0xD6,0x9C,0x9D,0xE0,0x53,0x39,0x82,0xC2,0xB7,0xCF,0xF8,0x9B,0x98,0x6D,0x59,0x99,0x18,0x1E,0x9F,0xBF,0x50,0x14,0xE9,0x10,0x86,0xE5,0x86,0xD5,0xDA,0x64,0xBE,0xD0},
    },
    {
        UINT32_C(8510),
        UINT64_C(0x52E11C0C90C76746),
        UINT32_C(244),
        UINT32_C(65),
        {0x3D,0x31,0x95,0x77,0x60,0x38,0x92,0xF6,0x9B,0x63,0x3A,0xA1,0xFD,0x28,0x22,0x3D,0x33,0x01,0x7D,0x1F,0x94,0x78,0xE3,0xF3,0xDF,0x63,0xA5,0x9B,0x30,0x39,0x27,0x96},
        {0xD5,0xF7,0xC1,0x64,0x17,0x68,0xDA,0xD9,0xA7,0x2D,0x61,0x00,0x31,0x87,0xC6,0x83,0x90,0x85,0x61,0xB6,0x88,0x41,0x1A,0x07,0x98,0x4F,0x53,0xB1,0x39,0x34,0x47,0xCA},
    },
    {
        UINT32_C(8514),
        UINT64_C(0x03735D974A8CE0C7),
        UINT32_C(244),
        UINT32_C(65),
        {0xFE,0xD6,0xA4,0xEC,0xF7,0xB7,0x3A,0x77,0x2F,0x64,0x92,0xA5,0xA5,0x9A,0xAD,0xE1,0xC1,0xF7,0xD0,0x0B,0x60,0x73,0x92,0xF7,0x02,0x37,0x91,0xF6,0xF0,0x00,0xB4,0xED},
        {0x86,0x5D,0xFF,0x57,0xAA,0x2A,0xD9,0xAC,0x6C,0x6B,0xC2,0x22,0x01,0xF6,0x90,0xC3,0x56,0xB5,0x62,0x3C,0x28,0x68,0xE4,0xF1,0x08,0x29,0xC3,0x23,0x46,0x14,0xEF,0x21},
    },
    {
        UINT32_C(8520),
        UINT64_C(0x3F1472FF438089AD),
        UINT32_C(1024),
        UINT32_C(600),
        {0x65,0x52,0x3A,0x86,0x77,0x65,0x11,0xAF,0x66,0x19,0x68,0x6C,0xAC,0x1B,0xDF,0x23,0x3A,0xE6,0x1A,0x83,0xB6,0x0D,0x9F,0x75,0x8B,0x5A,0xC0,0xF7,0x06,0x97,0x41,0x03},
        {0x46,0x91,0x25,0xAA,0x68,0xFA,0x09,0x4F,0x19,0x6A,0x7D,0xE8,0xF2,0x22,0xE3,0x7F,0xC4,0xF1,0xA8,0x14,0xFC,0xE2,0x61,0x8D,0x9E,0x48,0xA1,0xD6,0x26,0x6A,0x53,0x75},
    },
    {
        UINT32_C(8552),
        UINT64_C(0xE5B3E1883E43FF23),
        UINT32_C(340),
        UINT32_C(128),
        {0x31,0x6A,0x23,0x66,0xB2,0xC4,0xD1,0x66,0x8D,0x07,0x70,0xB1,0x52,0x8D,0x91,0xF7,0x01,0xCC,0xD2,0xFD,0xFC,0x0F,0x22,0xEF,0x18,0x98,0x20,0x85,0xF7,0x9D,0xB1,0xB9},
        {0x28,0xFC,0x13,0x6D,0xB5,0xC6,0x12,0x2C,0x30,0xB1,0x6A,0xBE,0xBA,0x5D,0xB4,0x99,0x73,0xF0,0xF4,0x96,0xC6,0x9F,0xA3,0x57,0x63,0x36,0x68,0xCA,0x06,0x57,0x1E,0xAB},
    },
    {
        UINT32_C(8620),
        UINT64_C(0x7CD30D566F67CFFA),
        UINT32_C(244),
        UINT32_C(65),
        {0xFE,0xD6,0xA4,0xEC,0xF7,0xB7,0x3A,0x77,0x2F,0x64,0x92,0xA5,0xA5,0x9A,0xAD,0xE1,0xC1,0xF7,0xD0,0x0B,0x60,0x73,0x92,0xF7,0x02,0x37,0x91,0xF6,0xF0,0x00,0xB4,0xED},
        {0x86,0x5D,0xFF,0x57,0xAA,0x2A,0xD9,0xAC,0x6C,0x6B,0xC2,0x22,0x01,0xF6,0x90,0xC3,0x56,0xB5,0x62,0x3C,0x28,0x68,0xE4,0xF1,0x08,0x29,0xC3,0x23,0x46,0x14,0xEF,0x21},
    },
    {
        UINT32_C(8634),
        UINT64_C(0x210289BC056113E7),
        UINT32_C(408),
        UINT32_C(38),
        {0xBC,0xE1,0x27,0x34,0x2B,0x94,0x86,0xA1,0x46,0xBA,0x19,0x74,0x97,0xBC,0x5F,0x74,0x7F,0xEE,0xB9,0x59,0x70,0xAD,0xDB,0xB2,0x4D,0xA4,0x5F,0x09,0xC0,0xFE,0xC4,0x73},
        {0x5A,0x09,0xA7,0x89,0xBB,0x64,0xD7,0xA9,0x79,0xF4,0xF8,0x0C,0x42,0x09,0x3D,0x80,0xDC,0xD7,0x14,0xFF,0x20,0xCD,0x81,0xB9,0x9B,0xC3,0x6B,0x3C,0x38,0x53,0x82,0xFF},
    },
    {
        UINT32_C(8648),
        UINT64_C(0x5F607E7267A052FB),
        UINT32_C(340),
        UINT32_C(128),
        {0xF6,0xEF,0xB2,0xC2,0xE2,0x36,0x19,0x93,0x94,0xF3,0x30,0xA9,0x0E,0x6C,0x85,0xDE,0xCE,0x9B,0x6A,0xDF,0x0D,0xC7,0x66,0x0B,0xC1,0xD5,0xF7,0x25,0x5E,0xB8,0x7B,0xF4},
        {0x96,0xFF,0x03,0xD4,0xFE,0x1E,0xB9,0xD8,0xAB,0x7C,0x2D,0xFD,0x55,0x95,0xAA,0x8E,0x9F,0xE9,0x91,0xFE,0xE2,0x06,0x6B,0x0A,0x49,0xBB,0x28,0x5D,0x2C,0x3A,0xB1,0x8F},
    },
    {
        UINT32_C(8670),
        UINT64_C(0x78130851D47E1ECE),
        UINT32_C(302),
        UINT32_C(72),
        {0xCA,0x0B,0xE3,0xE5,0x98,0x1E,0xA5,0x39,0x21,0xA5,0x8D,0xAC,0x44,0x24,0x4E,0xAE,0xAF,0x88,0x85,0x0B,0x96,0x21,0x43,0x82,0xB4,0x1C,0xE9,0xB1,0x2B,0x30,0x21,0x83},
        {0xEB,0xDA,0x30,0x1A,0x64,0x2D,0xB3,0xDE,0x71,0x11,0x18,0x15,0x4B,0xB8,0xCB,0xEF,0x19,0x8B,0x86,0x1A,0x3A,0xAF,0xB0,0x9D,0xD1,0x22,0xBE,0x10,0x62,0xD1,0x1D,0x4D},
    },
    {
        UINT32_C(8694),
        UINT64_C(0x1C4E4067CD937F36),
        UINT32_C(153),
        UINT32_C(99),
        {0x96,0xE8,0x34,0xD2,0x31,0x00,0x80,0xA1,0xCE,0x65,0x72,0xD2,0xF7,0xA5,0x93,0x2A,0x04,0x75,0xD9,0x17,0x00,0xE3,0xB8,0x78,0x1F,0x36,0x03,0xFC,0xFF,0xD9,0xAE,0x8E},
        {0x0E,0x0F,0xC1,0x25,0xAB,0x1A,0xED,0x41,0x7C,0xEE,0x43,0x00,0x31,0xBE,0x9F,0xA5,0xE2,0x1B,0x1E,0x61,0xC5,0x75,0xC3,0x54,0x52,0x60,0x54,0x00,0xDE,0x43,0xAE,0x53},
    },
    {
        UINT32_C(8758),
        UINT64_C(0x766C62688D605C30),
        UINT32_C(408),
        UINT32_C(38),
        {0xC7,0x35,0xDF,0x86,0x81,0x52,0xD0,0x51,0xC3,0x88,0x98,0x3A,0x23,0x39,0x29,0x45,0x10,0xAF,0xBA,0x7F,0x8C,0x21,0x45,0x3D,0xF3,0x91,0x20,0x54,0xF0,0x66,0x3A,0x55},
        {0x43,0xC2,0x6D,0xAC,0xB2,0x35,0x2F,0xB5,0xD4,0xB8,0xC3,0x72,0x10,0xD5,0x19,0x13,0xD8,0xF8,0x38,0x27,0x5F,0x52,0x90,0x74,0x1D,0x07,0xE6,0xA9,0x43,0x78,0x57,0xB9},
    },
    {
        UINT32_C(8762),
        UINT64_C(0x4E2F9F641D4BEEFD),
        UINT32_C(302),
        UINT32_C(72),
        {0xA0,0x57,0xEB,0xC0,0xF5,0xB1,0xC7,0x67,0x1A,0x26,0x1F,0xD0,0x20,0x05,0x9D,0x58,0xB1,0xD7,0xB3,0xD7,0x14,0xC1,0x0D,0x15,0xE6,0x39,0x84,0x42,0x1F,0x78,0x93,0x1B},
        {0x65,0x94,0xB6,0xEA,0x70,0x29,0x46,0x09,0xBB,0x87,0x95,0x70,0x92,0xB0,0x2B,0x8A,0x47,0x9C,0xCD,0x1B,0x16,0x63,0xD2,0x8C,0x12,0x7F,0xC9,0x61,0x88,0xA1,0xAF,0xD1},
    },
    {
        UINT32_C(8808),
        UINT64_C(0x2A495058D5311901),
        UINT32_C(1024),
        UINT32_C(600),
        {0xCC,0x89,0xAA,0x09,0x28,0xE5,0x79,0x07,0x5F,0xD8,0xD4,0xAE,0xF4,0x94,0xCD,0x20,0x48,0xA5,0x5D,0x0F,0xC4,0xB4,0x58,0x13,0x5F,0x2F,0x9E,0xE3,0x0A,0x10,0xF1,0x25},
        {0x9A,0xA3,0xC6,0x45,0x07,0x7C,0x49,0x9D,0x57,0x0E,0x2B,0x2E,0x16,0xB3,0xF3,0x30,0xB5,0x63,0xCE,0x1D,0x1D,0xEF,0x29,0x4A,0xF9,0x50,0x8A,0xA0,0xE5,0x39,0xAB,0x91},
    },
    {
        UINT32_C(8812),
        UINT64_C(0xFD6606492C3FE4CB),
        UINT32_C(244),
        UINT32_C(65),
        {0x79,0x55,0x10,0x0A,0x35,0xE4,0x4A,0x3D,0x4B,0x61,0xB3,0xB6,0x10,0x7C,0xB6,0xB8,0x21,0xA6,0xD6,0xD9,0xF9,0x30,0x41,0x15,0x8B,0xDC,0x94,0xA3,0x0C,0x75,0x66,0xE5},
        {0x05,0x3A,0x90,0x31,0x39,0x13,0xA7,0x99,0xFB,0x56,0xCD,0x69,0xB6,0xCF,0x35,0xA4,0x29,0x6A,0xB5,0x0A,0xD3,0x45,0x0A,0x07,0x42,0x30,0x4E,0xE9,0x26,0x7C,0xFF,0x4F},
    },
    {
        UINT32_C(8816),
        UINT64_C(0xDAC9D17455ABE71E),
        UINT32_C(967),
        UINT32_C(28),
        {0x85,0x70,0xAA,0x36,0x41,0x2B,0xCF,0x84,0xE6,0x1A,0x47,0x0E,0xC3,0xB4,0x63,0x7D,0xA8,0x1F,0xC6,0x7C,0xC8,0xC7,0xFF,0x60,0x94,0xEE,0x3B,0x26,0x6E,0xFD,0xD0,0x5F},
        {0x1F,0xB8,0x1F,0xA5,0x2F,0x8C,0xBB,0x7A,0x52,0x4E,0x73,0x62,0x76,0x0D,0x87,0x3A,0x93,0xD0,0x53,0xF7,0x93,0x5B,0xE7,0x71,0x9D,0x3F,0xFD,0x36,0x12,0x83,0xA6,0x5D},
    },
    {
        UINT32_C(8818),
        UINT64_C(0xC4425DE397E8AC15),
        UINT32_C(1024),
        UINT32_C(600),
        {0xF9,0x54,0x7B,0x47,0x89,0x07,0x9D,0x92,0xF2,0x44,0xA7,0xE7,0x59,0xA3,0x8D,0x34,0x41,0x44,0xC4,0x76,0xFD,0x86,0xE1,0x8E,0x71,0xD2,0x19,0x81,0x26,0x1A,0x4A,0xFD},
        {0x77,0xB3,0xD4,0x2C,0xCC,0x14,0x55,0x99,0xC3,0x9F,0x15,0xA0,0xFA,0x46,0x9B,0x2B,0xBF,0x80,0xF5,0xAA,0x48,0xD2,0x9D,0xA5,0x9D,0xD0,0x20,0x3B,0x1D,0xDF,0x16,0xDC},
    },
    {
        UINT32_C(8842),
        UINT64_C(0x645C9C58A9B43A25),
        UINT32_C(244),
        UINT32_C(65),
        {0x79,0x55,0x10,0x0A,0x35,0xE4,0x4A,0x3D,0x4B,0x61,0xB3,0xB6,0x10,0x7C,0xB6,0xB8,0x21,0xA6,0xD6,0xD9,0xF9,0x30,0x41,0x15,0x8B,0xDC,0x94,0xA3,0x0C,0x75,0x66,0xE5},
        {0x05,0x3A,0x90,0x31,0x39,0x13,0xA7,0x99,0xFB,0x56,0xCD,0x69,0xB6,0xCF,0x35,0xA4,0x29,0x6A,0xB5,0x0A,0xD3,0x45,0x0A,0x07,0x42,0x30,0x4E,0xE9,0x26,0x7C,0xFF,0x4F},
    },
    {
        UINT32_C(8854),
        UINT64_C(0x2157BEA48C747A3B),
        UINT32_C(302),
        UINT32_C(72),
        {0x4B,0x7F,0x2B,0x17,0x2E,0x86,0xF1,0xF4,0xD3,0x2A,0xEE,0x28,0x24,0x21,0x90,0x7A,0xC1,0x0C,0x09,0x7B,0x08,0xDC,0xEC,0x3E,0x4E,0x80,0x24,0xF0,0x6C,0x8F,0x38,0xEE},
        {0x60,0xEC,0x42,0xA7,0x44,0x64,0x49,0xF3,0xCB,0x18,0xA6,0xBF,0x30,0x63,0xDD,0x84,0x03,0x3C,0x30,0x23,0xFA,0xF1,0xF7,0xEA,0x1C,0x9E,0x35,0x21,0x9E,0xF8,0x8B,0xEB},
    },
    {
        UINT32_C(8876),
        UINT64_C(0x49B696954DCF7718),
        UINT32_C(1024),
        UINT32_C(600),
        {0x80,0x22,0x58,0xE1,0xBD,0x87,0xD2,0x6A,0x39,0xC7,0x97,0x73,0x68,0x85,0x51,0xD2,0xEA,0x3F,0x9B,0x57,0xDA,0x69,0x1E,0x18,0x25,0x6C,0xB8,0x00,0x76,0x05,0x84,0x4E},
        {0x63,0xBF,0x36,0x91,0xB4,0x0B,0xDC,0x30,0xBF,0x65,0x85,0xC5,0xD7,0xC7,0x86,0x96,0x21,0x4C,0x49,0xEE,0x89,0x5D,0x98,0xF5,0x82,0x3D,0x99,0x25,0x22,0x5D,0x32,0x72},
    },
    {
        UINT32_C(8888),
        UINT64_C(0x6940241BE23DB8E3),
        UINT32_C(1024),
        UINT32_C(600),
        {0x83,0x7C,0xD3,0x50,0xFC,0x5C,0x54,0xF3,0x33,0x14,0x69,0x24,0x99,0xE0,0x7B,0x31,0x65,0xC0,0xF2,0xA4,0x1D,0xAA,0x27,0x66,0x99,0x15,0x65,0xFE,0x8B,0x7C,0x16,0x4D},
        {0x22,0xF0,0x3C,0x9D,0x22,0xF9,0xDB,0x1A,0x8D,0xE6,0xC5,0x9B,0x20,0x40,0x46,0x62,0xE5,0xC9,0xBA,0x9C,0x7A,0x4A,0x8E,0x1F,0x7D,0x3C,0x9F,0x06,0x11,0xB5,0x68,0x7D},
    },
    {
        UINT32_C(8892),
        UINT64_C(0x3C1DB8EB05086DA3),
        UINT32_C(326),
        UINT32_C(51),
        {0x51,0x6E,0xED,0x79,0xEC,0xF6,0x37,0xF5,0x3B,0x1E,0xF2,0x9A,0xEC,0x61,0x9B,0x39,0xF8,0x44,0x14,0xF1,0xE4,0xC3,0x14,0xFA,0xC5,0x43,0xD6,0xA3,0x58,0xBC,0x5F,0x7F},
        {0xCE,0x11,0x36,0xCC,0xC0,0x46,0x6C,0x80,0x07,0x5A,0xB2,0xAB,0xE8,0x69,0x35,0x5D,0xCF,0x2A,0x8C,0xD3,0x7D,0x6C,0xFA,0xBF,0xA4,0x39,0xC0,0xF3,0x80,0x56,0xF4,0xD3},
    },
    {
        UINT32_C(8972),
        UINT64_C(0x32E057C598DA7C58),
        UINT32_C(340),
        UINT32_C(128),
        {0x27,0x83,0x43,0x82,0x32,0xEB,0xFC,0x3C,0xE2,0x7D,0x05,0x5A,0x43,0xA7,0x7A,0xF2,0x2F,0xCC,0x17,0x36,0xE1,0xBC,0xC1,0x24,0xBA,0x44,0xA3,0xE4,0x7C,0x13,0x62,0x07},
        {0x00,0xD7,0x95,0x5E,0x07,0x24,0xE6,0x54,0x53,0x34,0x41,0xF2,0xD0,0x0E,0xEB,0x15,0xED,0x45,0x1A,0xD6,0xBF,0xB7,0xE3,0x26,0x32,0xDF,0x4A,0x13,0xC9,0xE1,0x9A,0x62},
    },
    {
        UINT32_C(8978),
        UINT64_C(0x1A818CC7B45F4F5E),
        UINT32_C(408),
        UINT32_C(38),
        {0x66,0x92,0x3C,0xD3,0xA3,0x43,0x65,0xCC,0x29,0x13,0xCD,0xDF,0x3F,0x7E,0xA7,0x71,0xCD,0x62,0xA0,0x57,0x6B,0xF4,0xDD,0x87,0x27,0xC3,0xF9,0xBA,0x17,0xA4,0x2F,0xAF},
        {0x19,0x70,0x62,0xFC,0x65,0x82,0x7D,0xEE,0xF4,0xA4,0xE6,0x61,0x97,0x58,0xFC,0x68,0x73,0xE3,0x2C,0x63,0xB5,0x17,0x35,0x9D,0x3A,0xE9,0x60,0xA5,0xBC,0x9F,0x83,0x3B},
    },
    {
        UINT32_C(8984),
        UINT64_C(0x6541654B23B0493A),
        UINT32_C(148),
        UINT32_C(228),
        {0x49,0x59,0x46,0x3B,0x7B,0x3B,0x02,0x62,0x9E,0x2B,0xC8,0x23,0x02,0x2D,0x2F,0x3F,0x72,0xA4,0x00,0xD8,0x29,0xF1,0x31,0xA4,0x3D,0x07,0xE2,0xC6,0xC6,0x60,0xFD,0x94},
        {0x9B,0x0D,0x47,0xA0,0x6D,0x2C,0x02,0xAF,0xAD,0xB4,0xC3,0xBE,0x8C,0x53,0xC6,0xF2,0x80,0x22,0x6A,0x70,0x16,0x60,0x63,0x93,0x28,0x55,0xC5,0xF4,0xCB,0x38,0x42,0xA2},
    },
    {
        UINT32_C(8986),
        UINT64_C(0x279974131F7B2D69),
        UINT32_C(302),
        UINT32_C(72),
        {0x5C,0x14,0x6E,0x7C,0xD2,0xB2,0xD1,0x84,0x10,0x43,0x8F,0xC9,0x58,0xEC,0xF6,0x52,0x34,0xAD,0xBE,0x7E,0xE8,0xD5,0xC6,0xD2,0xAC,0x8F,0xC6,0xD0,0xBF,0xCE,0xB9,0x3A},
        {0xC2,0x00,0xE4,0x16,0xDD,0xCE,0x98,0xAE,0x9C,0xB3,0x3A,0x6E,0xC4,0x68,0x23,0x6F,0x1C,0x2C,0xE3,0xFF,0xCA,0xAE,0xA0,0x5F,0x9B,0x8E,0x6B,0x8C,0xDA,0x97,0xFE,0xED},
    },
    {
        UINT32_C(8990),
        UINT64_C(0x6B8AE4F23E0420D8),
        UINT32_C(408),
        UINT32_C(38),
        {0x88,0x1B,0x2A,0x18,0x1E,0x95,0x43,0xBF,0x41,0x0C,0xA1,0xD1,0xDF,0x50,0xD0,0x5F,0x8A,0xC2,0xDF,0x53,0x5E,0xA4,0x6C,0x17,0xB0,0x62,0xFD,0xA5,0xB1,0x60,0x4C,0xD9},
        {0x54,0x4E,0xD1,0x7E,0xD8,0x73,0xC3,0x5C,0xEB,0xAB,0xDA,0xA0,0xCF,0xD0,0xC6,0x86,0x23,0x20,0xBA,0xF2,0xF6,0x67,0x39,0x76,0xF0,0x66,0xC8,0x38,0x80,0x3B,0x89,0xEF},
    },
    {
        UINT32_C(9008),
        UINT64_C(0x99139A3D0857A752),
        UINT32_C(302),
        UINT32_C(72),
        {0xE2,0x9A,0x5C,0x47,0xF9,0xCA,0x5B,0xF8,0x49,0x98,0x75,0x71,0xBE,0xAD,0xED,0xD6,0x66,0x21,0x3E,0xB8,0x40,0xC7,0x7D,0xBE,0x5F,0x06,0x4F,0xD9,0x39,0x52,0xD4,0xA3},
        {0xCA,0x67,0x76,0xC3,0xB9,0x10,0xFA,0xD4,0xB0,0x30,0x80,0xCC,0x1D,0x87,0x65,0x9A,0x74,0x0B,0xD5,0xD7,0xE8,0x91,0xFE,0x0B,0x1D,0x12,0xB8,0x88,0x6E,0xB6,0x7A,0xF2},
    },
    {
        UINT32_C(9032),
        UINT64_C(0xC27215DAAD2E8794),
        UINT32_C(258),
        UINT32_C(33),
        {0xDA,0x5E,0xBF,0x70,0xA9,0x72,0x77,0xCC,0x50,0xFB,0x43,0xC0,0x70,0xF0,0xA1,0xE7,0x02,0xF2,0xD0,0xCC,0xA6,0x3B,0x57,0xC8,0xA6,0xB7,0xAC,0x95,0x84,0x33,0x6E,0xF7},
        {0x16,0x08,0x31,0x83,0xB6,0x3A,0x97,0x79,0xD0,0x2E,0x09,0x91,0x9B,0x7E,0x7C,0xA0,0x86,0x15,0x20,0x4E,0xE2,0x65,0x5B,0x21,0xF5,0xA8,0x7F,0xBC,0xBF,0x19,0x00,0xFD},
    },
    {
        UINT32_C(9038),
        UINT64_C(0x1FB029A4EF55765F),
        UINT32_C(412),
        UINT32_C(55),
        {0x5C,0xE6,0x19,0x62,0xC3,0xCD,0x9F,0x1A,0x34,0x4B,0x6B,0xD0,0x15,0x08,0xD1,0x1A,0x23,0x6F,0xBD,0x60,0x54,0xDA,0x04,0x89,0xB0,0x89,0x38,0x64,0x9B,0xBB,0x2D,0x6B},
        {0x76,0xB9,0x22,0xA5,0x66,0xC6,0x7E,0xEA,0x59,0x36,0x88,0xED,0x3C,0xFF,0x51,0x84,0x66,0x7A,0x20,0x62,0x96,0x12,0xF0,0x26,0x22,0x63,0xB1,0xB2,0xD4,0x1B,0xA8,0x38},
    },
    {
        UINT32_C(9056),
        UINT64_C(0x86C49D4CDDBEE2CE),
        UINT32_C(244),
        UINT32_C(65),
        {0x3D,0x31,0x95,0x77,0x60,0x38,0x92,0xF6,0x9B,0x63,0x3A,0xA1,0xFD,0x28,0x22,0x3D,0x33,0x01,0x7D,0x1F,0x94,0x78,0xE3,0xF3,0xDF,0x63,0xA5,0x9B,0x30,0x39,0x27,0x96},
        {0xD5,0xF7,0xC1,0x64,0x17,0x68,0xDA,0xD9,0xA7,0x2D,0x61,0x00,0x31,0x87,0xC6,0x83,0x90,0x85,0x61,0xB6,0x88,0x41,0x1A,0x07,0x98,0x4F,0x53,0xB1,0x39,0x34,0x47,0xCA},
    },
    {
        UINT32_C(9058),
        UINT64_C(0x7E73928BE157E655),
        UINT32_C(340),
        UINT32_C(128),
        {0x8E,0x8A,0xEA,0xBE,0x25,0xDB,0x1A,0xF5,0x49,0xE8,0x2D,0xEC,0xBC,0x89,0x01,0x88,0x6A,0x52,0xC2,0x9B,0x9B,0xAC,0x9A,0x8B,0x60,0xD1,0x22,0x00,0xAC,0x3B,0x23,0xFF},
        {0xBD,0x9E,0x6B,0x93,0x95,0x33,0x88,0x95,0x0C,0x41,0xF7,0x2E,0xA2,0xDC,0xF6,0x21,0xC9,0x3B,0xA1,0x04,0xE1,0x3C,0xA9,0xE9,0x26,0xBA,0xBE,0x0B,0x61,0x6D,0xDC,0xC0},
    },
    {
        UINT32_C(9068),
        UINT64_C(0x02EE18F331F7315B),
        UINT32_C(1024),
        UINT32_C(600),
        {0xF4,0x3C,0xC0,0x20,0xF5,0x43,0x54,0x00,0x37,0xEB,0x5F,0x90,0xFF,0x52,0x1B,0x15,0xF3,0x99,0xAB,0x92,0x49,0xEE,0xEC,0xE6,0x07,0x4B,0xE9,0x40,0x13,0x4B,0xB7,0x99},
        {0x5A,0x5B,0x06,0xB2,0xD5,0x1A,0xFA,0x80,0x71,0xBE,0x92,0xAF,0xE1,0xF7,0x84,0x19,0x25,0x96,0x8B,0x5A,0xC5,0xE7,0xEC,0x28,0xB8,0xBD,0x1B,0xA8,0xEA,0xBC,0x59,0x18},
    },
    {
        UINT32_C(9108),
        UINT64_C(0x878186B8983B3F6F),
        UINT32_C(148),
        UINT32_C(228),
        {0xB6,0xB0,0x0F,0x3D,0x3A,0x94,0xC8,0x8F,0x61,0xBB,0x44,0x80,0x33,0xD9,0xF5,0x13,0x2A,0x43,0x42,0x1C,0xFE,0x23,0xC3,0x73,0xB3,0x4A,0x35,0xC0,0x2A,0xE7,0x35,0x49},
        {0x6D,0x73,0x00,0x2A,0xFF,0x79,0xFF,0x5A,0x14,0xBD,0x2E,0x11,0x59,0xBC,0x9A,0xEC,0x18,0xD1,0x7F,0xF3,0x7F,0x47,0xFA,0xD8,0xB2,0xB9,0x74,0xBC,0xAF,0x15,0xF9,0x8F},
    },
    {
        UINT32_C(9118),
        UINT64_C(0x5196C5C90D403C12),
        UINT32_C(1024),
        UINT32_C(600),
        {0xB8,0x3E,0x3D,0xD9,0x7D,0x71,0x0A,0xDC,0xE5,0xB8,0x81,0x45,0x2E,0x99,0x86,0x46,0x8E,0x9C,0xB4,0xC0,0x40,0x88,0x8A,0x03,0xC0,0x83,0x52,0xDB,0x17,0x69,0x13,0x4A},
        {0x79,0x3C,0x0E,0xCA,0x48,0xF7,0xFB,0x5D,0x76,0xCC,0x8E,0x71,0xE1,0x16,0x77,0x76,0x28,0x9F,0x63,0xD7,0x8A,0xA0,0x56,0x7F,0x87,0xCE,0x76,0x80,0x4C,0xC9,0xF4,0x19},
    },
    {
        UINT32_C(9132),
        UINT64_C(0x2BFEFFB1927F6986),
        UINT32_C(302),
        UINT32_C(72),
        {0x1F,0x86,0x53,0xD7,0x5C,0x4B,0x8C,0x2D,0xD2,0x29,0x2D,0x5D,0x1C,0xE1,0x7F,0xDD,0xAC,0xFF,0x42,0x0A,0x13,0x73,0x1B,0xC2,0x03,0x58,0xFF,0xA2,0x13,0xBC,0x4B,0x4F},
        {0x02,0x10,0xF3,0x64,0xD1,0x2F,0x79,0x45,0x1C,0x45,0x1B,0xE7,0xA0,0x71,0xFF,0x15,0xD5,0xE6,0xEC,0x34,0xC3,0xEB,0x33,0xF5,0x04,0x81,0x69,0x5A,0x47,0x6B,0x7C,0x63},
    },
    {
        UINT32_C(9176),
        UINT64_C(0xD8815A5016A20472),
        UINT32_C(1024),
        UINT32_C(600),
        {0x9E,0x3A,0xAB,0x28,0x42,0x2B,0x9A,0xFD,0xDF,0x4F,0xF4,0xEB,0x62,0x89,0x53,0x0B,0x98,0x26,0xB3,0x5D,0xA1,0x40,0x81,0xAD,0xDE,0x74,0x08,0xB5,0x32,0xF0,0x48,0x47},
        {0xE0,0xDB,0x31,0xB6,0xD5,0x90,0xFB,0x7D,0xBE,0xFF,0xF3,0xF0,0x69,0x39,0x50,0x63,0x00,0x12,0x90,0x87,0x74,0xE1,0x1C,0x5C,0x36,0x86,0x14,0x17,0x0D,0x8E,0xFC,0x9C},
    },
    {
        UINT32_C(9200),
        UINT64_C(0x42874DF91C6AB7F9),
        UINT32_C(1024),
        UINT32_C(600),
        {0x3A,0x51,0x7E,0x03,0xFC,0x44,0x98,0x34,0x7B,0x1D,0xBD,0x6B,0xBE,0xF4,0x23,0x8C,0xE5,0x5E,0x15,0x85,0xE5,0x82,0x5E,0x4F,0x06,0xFA,0xDA,0x79,0x96,0xC8,0xCC,0x0F},
        {0xDD,0xFD,0x8D,0x7C,0x37,0x1C,0xCB,0x73,0x91,0xA3,0x3C,0xBE,0x82,0x33,0x56,0x8E,0x19,0x19,0xA8,0xE4,0x8A,0x4B,0xDA,0x82,0x8E,0x1E,0x2A,0x69,0x83,0x72,0x16,0x97},
    },
    {
        UINT32_C(9214),
        UINT64_C(0x9294619AB35CE6BF),
        UINT32_C(326),
        UINT32_C(51),
        {0x07,0x9E,0xD4,0x8B,0x11,0x8B,0xB2,0xDC,0xD3,0xA6,0x76,0x3F,0xE6,0xF0,0x6E,0xB9,0x97,0xFE,0xA6,0x85,0xF7,0x01,0x2A,0x4B,0x0B,0x70,0x1C,0x78,0x33,0x68,0x74,0x5C},
        {0x31,0xFA,0x6C,0x3B,0xC0,0x66,0x64,0xD3,0xD6,0x52,0x16,0xF3,0x7A,0xCD,0x35,0xB6,0x2A,0x0F,0x4A,0x4F,0x9E,0xA6,0x86,0xF0,0x86,0x0A,0x7A,0xAE,0xC8,0xE9,0x00,0x58},
    },
    {
        UINT32_C(9228),
        UINT64_C(0x2EDA1211EBAB73C6),
        UINT32_C(302),
        UINT32_C(72),
        {0x7B,0x0C,0x5D,0xA3,0x5E,0xFC,0xC0,0x2E,0x24,0xC6,0xC3,0x6E,0xB6,0x20,0x8D,0xEE,0x9C,0xD4,0x2F,0x36,0x75,0x57,0x0B,0x99,0xD0,0x1E,0x25,0xFF,0x2D,0xF3,0x28,0xAC},
        {0x0C,0xCF,0x64,0x53,0xA7,0x61,0xDB,0x47,0xC4,0x2C,0x0E,0x53,0xD6,0xE2,0xBC,0xB9,0xC8,0xDC,0x5B,0xB2,0x45,0x81,0x0F,0x31,0x52,0xFC,0xB2,0x52,0x47,0x87,0x7E,0x2E},
    },
    {
        UINT32_C(9352),
        UINT64_C(0x6259E25B3DC83D91),
        UINT32_C(1024),
        UINT32_C(600),
        {0xD7,0x48,0x06,0x04,0xFD,0x56,0x47,0x03,0xD2,0x4E,0xE4,0x68,0xBA,0x8B,0xC9,0xE1,0x6C,0x8A,0x14,0xCF,0x71,0xDA,0x08,0xF3,0x9E,0x62,0x0C,0x13,0x37,0x1A,0x85,0x75},
        {0xB5,0x47,0xE1,0x8B,0x1D,0x56,0xDB,0x26,0x23,0x59,0x34,0xC4,0x72,0x2F,0x57,0xC1,0x4C,0xCB,0x64,0xB0,0x26,0x90,0x95,0x40,0x4A,0xBC,0x87,0x70,0x7D,0x60,0xB3,0xE5},
    },
    {
        UINT32_C(9358),
        UINT64_C(0xBF8AFD812DBB205A),
        UINT32_C(340),
        UINT32_C(128),
        {0x55,0xDA,0x65,0xA5,0x94,0x98,0x67,0xBC,0x50,0x6E,0x51,0x43,0x5A,0x15,0x84,0xC0,0x03,0x4A,0x52,0xED,0x19,0x3F,0xA9,0x62,0x0C,0x5F,0x64,0x34,0x71,0x5A,0xAF,0x1C},
        {0x84,0xC6,0xAE,0x36,0x99,0xE0,0xF9,0x9D,0x3A,0xF7,0xFE,0x57,0xD3,0x8C,0x10,0xE6,0x94,0x4D,0x13,0xE6,0x95,0xB5,0x2F,0x96,0xCA,0xBE,0xEB,0xAE,0x70,0xBD,0x1C,0x7A},
    },
    {
        UINT32_C(9360),
        UINT64_C(0x5EC241C59AA54838),
        UINT32_C(240),
        UINT32_C(50),
        {0xF6,0xCA,0xF5,0x44,0xE4,0x2D,0xE3,0xB4,0xE5,0xAD,0xE8,0xCE,0x62,0x86,0x1D,0x5D,0x44,0x22,0xA8,0x8B,0x54,0xC8,0x9C,0xE1,0x2E,0xB1,0xFC,0x8C,0x2D,0x98,0x78,0xDB},
        {0x88,0xA9,0x8C,0x40,0xBA,0x5C,0x96,0x79,0x88,0x03,0xA6,0xDB,0xF3,0x84,0x70,0x4F,0x1B,0x04,0xD1,0x9F,0xF2,0xCC,0x11,0x66,0xA7,0xC4,0x3C,0xC9,0xE3,0x63,0x69,0x27},
    },
    {
        UINT32_C(9376),
        UINT64_C(0x9A57B617E71783EC),
        UINT32_C(302),
        UINT32_C(72),
        {0xC8,0xA3,0x7A,0xCA,0xED,0xF7,0x97,0x48,0xC7,0x59,0xB9,0x5E,0xC9,0x3F,0x6B,0xD1,0xCC,0x2C,0x21,0xAF,0x08,0x2F,0x2B,0xE7,0xFB,0xAE,0x7A,0x6A,0xE0,0x30,0x25,0x2D},
        {0x03,0x8F,0x8A,0x23,0xF2,0x3F,0x59,0x3E,0x0E,0x29,0x1B,0x37,0x19,0x16,0x85,0xBF,0x9F,0xDC,0xBD,0xD0,0xFF,0x01,0x34,0x45,0xA8,0x44,0x63,0x29,0xD5,0xF8,0x7E,0x12},
    },
    {
        UINT32_C(9390),
        UINT64_C(0xA6C96EFC9C586266),
        UINT32_C(302),
        UINT32_C(72),
        {0xE2,0x9A,0x5C,0x47,0xF9,0xCA,0x5B,0xF8,0x49,0x98,0x75,0x71,0xBE,0xAD,0xED,0xD6,0x66,0x21,0x3E,0xB8,0x40,0xC7,0x7D,0xBE,0x5F,0x06,0x4F,0xD9,0x39,0x52,0xD4,0xA3},
        {0xCA,0x67,0x76,0xC3,0xB9,0x10,0xFA,0xD4,0xB0,0x30,0x80,0xCC,0x1D,0x87,0x65,0x9A,0x74,0x0B,0xD5,0xD7,0xE8,0x91,0xFE,0x0B,0x1D,0x12,0xB8,0x88,0x6E,0xB6,0x7A,0xF2},
    },
    {
        UINT32_C(9390),
        UINT64_C(0xDB944D06A393C5CF),
        UINT32_C(1024),
        UINT32_C(600),
        {0x5F,0x5A,0x60,0xD9,0xB8,0xB0,0x82,0x4F,0x20,0xB0,0x51,0xB6,0x9F,0xEE,0x81,0x2E,0x65,0x88,0x56,0xB1,0x96,0xC8,0x50,0x69,0x2F,0x0D,0x15,0x96,0x94,0xBC,0xBE,0xA4},
        {0x3C,0x27,0xF9,0x3E,0x0B,0xF6,0x22,0xFC,0x00,0xBA,0x33,0x24,0xC4,0x6B,0x25,0xD6,0x36,0x72,0xDE,0xF6,0x6D,0xF6,0xEC,0xCA,0x6B,0xAC,0xD3,0x7A,0x16,0x13,0x1A,0x4F},
    },
    {
        UINT32_C(9410),
        UINT64_C(0xB1A487857B5DA29F),
        UINT32_C(240),
        UINT32_C(50),
        {0x34,0x49,0xA3,0x2F,0x66,0x02,0x5B,0x89,0xBB,0x33,0x02,0xCC,0x1B,0xF3,0xDB,0xC4,0x19,0xA3,0x25,0xF1,0x62,0x25,0x90,0x32,0x2E,0x87,0x69,0xAE,0x80,0x5E,0x2D,0xAD},
        {0xF2,0x5C,0x61,0x33,0xD1,0x29,0xC2,0x37,0x0C,0x0A,0x05,0x0C,0xD6,0xE2,0x04,0x72,0xC1,0x4A,0x2B,0x7A,0x1B,0x6C,0x1D,0x32,0xDB,0x59,0x0E,0xD3,0x34,0x04,0x0A,0x3A},
    },
    {
        UINT32_C(9430),
        UINT64_C(0x003787C3AE2C5533),
        UINT32_C(244),
        UINT32_C(65),
        {0x9C,0xD3,0xE9,0xE1,0xDE,0x4A,0xB2,0xD6,0xEE,0xEE,0x5E,0x41,0x74,0x58,0x37,0x2F,0x8F,0x69,0xB2,0xB4,0xDF,0x23,0x4C,0x82,0xD5,0xFB,0x43,0xD5,0x6B,0x1D,0xDF,0x43},
        {0x75,0x31,0xAD,0x51,0x12,0x8F,0xBE,0x38,0xC7,0xA5,0x15,0x49,0xEE,0x03,0x98,0x93,0x4A,0xCE,0x16,0x2A,0xA9,0x54,0xA5,0x60,0x68,0x7A,0xF8,0x2F,0x51,0xB3,0xF7,0x63},
    },
    {
        UINT32_C(9436),
        UINT64_C(0x063A10868A163CD8),
        UINT32_C(408),
        UINT32_C(38),
        {0x43,0xEE,0x0C,0x57,0x0D,0xA0,0xA0,0x9C,0xBD,0x03,0xAC,0xC8,0xDE,0x50,0x23,0xF2,0x4D,0xB3,0xB6,0x0A,0xC7,0xDE,0xE4,0x43,0xC3,0x3E,0x29,0x73,0xA4,0xF1,0x4C,0x64},
        {0xD2,0x9D,0xB5,0xD2,0xDF,0xFB,0xAD,0x38,0x81,0xB4,0xB0,0x16,0x4B,0xB1,0x31,0xF2,0x1E,0x99,0x7B,0x3C,0x21,0xC0,0xC9,0xD1,0x7C,0xE5,0xFE,0xFE,0xF5,0x49,0xD3,0xF6},
    },
    {
        UINT32_C(9458),
        UINT64_C(0xD947535031E2DFE1),
        UINT32_C(340),
        UINT32_C(128),
        {0x9E,0x6E,0xAF,0x39,0x35,0x55,0x7B,0xFB,0x96,0xB1,0x24,0xAB,0x18,0x58,0x8E,0x8C,0x23,0x06,0x71,0x2C,0x08,0x37,0x9C,0xBD,0x03,0x59,0x44,0x83,0xE8,0x11,0xD9,0xD4},
        {0xA0,0x6B,0xB6,0x2B,0x45,0x06,0xEF,0x08,0x1D,0x76,0xB8,0x0D,0xBF,0xFE,0x3C,0x05,0x37,0xBD,0xF1,0xBC,0x12,0xD9,0x9D,0xBA,0xCB,0xAD,0x3A,0xAF,0xAF,0xB7,0x5D,0xCC},
    },
    {
        UINT32_C(9554),
        UINT64_C(0x4FDCFB3C8595886F),
        UINT32_C(1024),
        UINT32_C(600),
        {0x13,0xE1,0x20,0x01,0xBA,0xC0,0x0C,0x82,0x3D,0x2C,0xF2,0xCB,0xFF,0x87,0x11,0x09,0x60,0x38,0x7B,0x79,0x81,0xCA,0xE2,0xFC,0x1E,0xD2,0x96,0x45,0x64,0x40,0xEE,0xDF},
        {0xFD,0x63,0xF6,0xF2,0xEE,0xF3,0xA4,0x8E,0xE9,0xA5,0xC7,0xBA,0x04,0xE0,0xFE,0x15,0x94,0xC6,0x08,0xD6,0x5D,0x03,0x93,0x1D,0x7F,0x4F,0x05,0xFC,0xBA,0xAC,0x91,0x23},
    },
    {
        UINT32_C(9568),
        UINT64_C(0x65C510D0A43D6C37),
        UINT32_C(1024),
        UINT32_C(600),
        {0x52,0x69,0xF2,0x2C,0x5D,0x4F,0x1F,0x69,0x05,0x47,0xA9,0xD1,0xFF,0x37,0x1D,0x52,0x06,0xF5,0xCD,0xDC,0x63,0x8E,0x38,0x4C,0xB9,0xBA,0x42,0x44,0xC0,0x83,0x08,0xF9},
        {0xDF,0x94,0x90,0x37,0xB9,0x4E,0xFD,0x9C,0xD6,0xA7,0x12,0xF1,0xC5,0x2C,0x15,0x89,0xB0,0x47,0x1E,0x82,0xBF,0x76,0xAA,0x4D,0x00,0xC3,0x23,0x0B,0x9C,0xA9,0xF2,0x9B},
    },
    {
        UINT32_C(9584),
        UINT64_C(0xAB7DD726EB1C3D96),
        UINT32_C(753),
        UINT32_C(51),
        {0x56,0x3C,0x2F,0x07,0xF6,0x0C,0x3C,0xBA,0x21,0x63,0xF7,0xB3,0xCD,0x5B,0x4C,0x46,0x07,0x40,0xAA,0x77,0x6B,0x2A,0x6E,0x7D,0x3E,0xBE,0x67,0x27,0x1F,0xDB,0x6B,0x8A},
        {0x8B,0xA8,0xE0,0x2E,0x21,0x57,0xF6,0x62,0x26,0x35,0xEA,0x4F,0xE1,0xC4,0xDA,0x45,0xC2,0x9B,0x21,0x06,0x86,0x6C,0x72,0xD0,0xBA,0xC2,0xB8,0x38,0xC0,0x54,0xB1,0x28},
    },
    {
        UINT32_C(9600),
        UINT64_C(0x8366DAA349621FB9),
        UINT32_C(287),
        UINT32_C(32),
        {0xD2,0x46,0xF7,0xF9,0x1D,0x6F,0x75,0x9B,0x52,0xD8,0xBB,0x02,0x98,0xFF,0x10,0xA8,0x28,0x98,0x30,0xFD,0xF3,0x62,0x5D,0x9D,0x34,0xD4,0x0F,0xDC,0x45,0xF1,0xE5,0x72},
        {0xBB,0xA1,0x11,0x52,0x21,0x2C,0x0D,0xA2,0x4D,0x5B,0xD1,0x76,0x77,0x0D,0x1E,0xC3,0x20,0x42,0x90,0xB8,0xDF,0x80,0xDF,0xB4,0x4B,0xB9,0xD8,0xAB,0x3E,0x66,0x09,0xBC},
    },
    {
        UINT32_C(9612),
        UINT64_C(0x6A2FC79A3B01D7AF),
        UINT32_C(240),
        UINT32_C(50),
        {0x2B,0xAC,0x9B,0x30,0x4C,0x37,0x39,0xF6,0x0C,0x2B,0xF1,0xDE,0x2F,0xBD,0x62,0x6B,0xC6,0x61,0x90,0xAD,0x36,0xCA,0x11,0x31,0x32,0xE8,0xD2,0xA2,0x81,0x9B,0xE9,0x33},
        {0xEB,0xF7,0xF8,0xD1,0x88,0x74,0x99,0x0B,0xB3,0x34,0x32,0x8C,0xFF,0xFD,0x4C,0x37,0xF2,0xD4,0x3C,0xE7,0xBE,0xD5,0xD7,0x91,0x83,0x34,0xAA,0x97,0x51,0xF5,0x29,0x44},
    },
    {
        UINT32_C(9618),
        UINT64_C(0x389D25824245B9A3),
        UINT32_C(1024),
        UINT32_C(600),
        {0xE7,0x18,0x38,0x8B,0x31,0x1A,0xFE,0xB6,0x57,0xFD,0x5B,0x87,0x0A,0xA6,0x50,0xFC,0xCB,0x93,0x4A,0xAB,0xFC,0x35,0x14,0x37,0xE4,0x7A,0x39,0x08,0x77,0x9D,0x9D,0xB3},
        {0x6D,0xD1,0x08,0x7D,0x83,0x81,0x08,0x8D,0x0C,0xE1,0xB1,0xC0,0xFC,0x28,0x93,0xFC,0xAC,0x3B,0x7F,0xE6,0x59,0x5A,0xAD,0x58,0xB0,0x8F,0x90,0x94,0x9B,0x5C,0x9E,0x67},
    },
    {
        UINT32_C(9696),
        UINT64_C(0xA7D1617A7EBBABA7),
        UINT32_C(340),
        UINT32_C(128),
        {0x15,0xD3,0x35,0xCB,0x7B,0xC8,0x15,0x14,0x08,0x5F,0xA7,0x1F,0xBC,0x32,0x47,0xB7,0x13,0xC7,0x28,0x12,0x6A,0xC7,0xBB,0x7D,0xEC,0x1D,0x9F,0x73,0xFE,0xB3,0x7C,0x76},
        {0x19,0xD8,0x14,0x1B,0xA9,0x47,0x4D,0x78,0x9F,0x8C,0xA4,0x2E,0x79,0x7C,0x37,0x7B,0x64,0x96,0x00,0x9E,0x19,0xB7,0x4C,0x11,0xC0,0xD3,0xAC,0xEB,0xFA,0x2C,0xB8,0x80},
    },
    {
        UINT32_C(9700),
        UINT64_C(0x0C82F4EB5CD94A0A),
        UINT32_C(966),
        UINT32_C(28),
        {0xAF,0x2B,0x0C,0x2D,0x89,0xD1,0x7B,0xB6,0x98,0x61,0x27,0xB6,0x61,0xB1,0x15,0x9D,0x3C,0xD7,0x69,0x71,0x57,0xE6,0xE7,0xA3,0xD0,0x9F,0x4D,0x40,0x25,0x7E,0x10,0xDF},
        {0x6E,0xE4,0xA3,0xF3,0x54,0x79,0x1D,0x2E,0x4C,0x88,0xC0,0x97,0xA2,0x9B,0xA2,0xE4,0xE1,0xF5,0x13,0x08,0x9D,0xE9,0xE8,0x8C,0xC8,0x62,0x98,0x2D,0x39,0x18,0xC4,0xDF},
    },
    {
        UINT32_C(9740),
        UINT64_C(0x8BF6CBF31A1BB826),
        UINT32_C(340),
        UINT32_C(128),
        {0xCD,0x64,0xC7,0x6B,0x52,0xA5,0x78,0xE5,0x57,0x22,0x36,0x31,0x9D,0xC5,0xCB,0xC9,0xFE,0xFF,0x7A,0x26,0x29,0xA7,0x2E,0x4B,0x67,0x93,0xA8,0x54,0xF6,0x9A,0xC7,0x72},
        {0xE8,0xFC,0x1A,0x38,0xA3,0x3E,0xE4,0x4C,0xC2,0x54,0x7D,0x73,0x61,0xF6,0x04,0x0E,0x17,0xDE,0xA5,0x41,0x0D,0x6E,0xDA,0x1B,0xD9,0xD5,0xF7,0x58,0x2C,0x12,0x27,0xF0},
    },
    {
        UINT32_C(9748),
        UINT64_C(0x990B592D4DF99740),
        UINT32_C(408),
        UINT32_C(38),
        {0xEC,0x13,0xFD,0x49,0x1C,0x00,0x9E,0x87,0x32,0xF7,0x3F,0xBA,0x0D,0x61,0x3D,0x32,0x0F,0x9A,0xC4,0x2C,0xBF,0xC2,0xFA,0x0E,0x0C,0x72,0x6D,0xFA,0xBA,0xFE,0x4F,0xB3},
        {0x26,0x7C,0x16,0x66,0x01,0xC6,0x35,0xAD,0x1A,0xD1,0x1B,0xCB,0xB2,0x38,0x63,0xFA,0xD6,0x51,0x44,0x55,0x41,0xAC,0xB2,0xCD,0xAF,0xCB,0x00,0xB5,0x78,0xC0,0xF0,0xA0},
    },
    {
        UINT32_C(9772),
        UINT64_C(0xF1ED35BBC93093F1),
        UINT32_C(1024),
        UINT32_C(600),
        {0x4A,0xA5,0x7F,0x42,0xEC,0x81,0x54,0x4F,0x9F,0x2C,0xA1,0xA1,0x17,0xA0,0x90,0xFA,0x8D,0xFA,0x4A,0x88,0x64,0x88,0x78,0xD0,0x1A,0x55,0xA8,0x56,0x0F,0xDD,0x9E,0x88},
        {0x8B,0x47,0x6B,0xFB,0x02,0x64,0x4B,0x96,0x7E,0x90,0x67,0xC3,0x42,0x43,0x9A,0x91,0xA4,0x53,0x41,0x14,0x5D,0x1A,0x7A,0x2C,0xF1,0x91,0xE0,0x87,0x6B,0xCA,0xB1,0xC0},
    },
    {
        UINT32_C(9780),
        UINT64_C(0x38BB2EDEBC4009E6),
        UINT32_C(1024),
        UINT32_C(600),
        {0xF9,0x54,0x7B,0x47,0x89,0x07,0x9D,0x92,0xF2,0x44,0xA7,0xE7,0x59,0xA3,0x8D,0x34,0x41,0x44,0xC4,0x76,0xFD,0x86,0xE1,0x8E,0x71,0xD2,0x19,0x81,0x26,0x1A,0x4A,0xFD},
        {0x77,0xB3,0xD4,0x2C,0xCC,0x14,0x55,0x99,0xC3,0x9F,0x15,0xA0,0xFA,0x46,0x9B,0x2B,0xBF,0x80,0xF5,0xAA,0x48,0xD2,0x9D,0xA5,0x9D,0xD0,0x20,0x3B,0x1D,0xDF,0x16,0xDC},
    },
    {
        UINT32_C(9812),
        UINT64_C(0x3201DDC5BEE2D76D),
        UINT32_C(302),
        UINT32_C(72),
        {0x99,0xE9,0x0B,0xB6,0x30,0x32,0x12,0x10,0x70,0x61,0xD7,0x5D,0xE2,0xED,0x4F,0x29,0x8D,0x41,0x11,0x36,0xDB,0xC8,0xCE,0xDA,0xA1,0x68,0xD1,0xA9,0xBC,0x71,0x56,0x6B},
        {0xDE,0xC4,0xDA,0x4C,0x3A,0xA7,0x29,0x9B,0xE0,0x61,0x34,0xEA,0xED,0x14,0x51,0xED,0xA4,0x6B,0xEE,0xA1,0x64,0x04,0x08,0x9F,0x22,0x44,0x8D,0x32,0x15,0xCA,0x13,0x19},
    },
    {
        UINT32_C(9820),
        UINT64_C(0x698A1909FC181C3F),
        UINT32_C(1024),
        UINT32_C(600),
        {0x2F,0x9D,0x1A,0x18,0x3B,0xAF,0xE4,0x17,0xA3,0x14,0xFE,0xF8,0xA4,0xF7,0x8F,0xE0,0x62,0x82,0x73,0x8B,0x85,0xBF,0x0C,0x29,0xEB,0x8F,0xEB,0x47,0x8C,0xB9,0x15,0xCB},
        {0xF2,0xA3,0x9E,0x71,0x88,0x33,0xFE,0x32,0x26,0x55,0xCC,0x32,0x04,0x08,0x03,0xBF,0x5E,0xAD,0xE7,0x3C,0x2E,0x44,0x55,0x41,0xFB,0x68,0xBB,0xBA,0x7F,0x2F,0xD3,0xCE},
    },
    {
        UINT32_C(9840),
        UINT64_C(0xC3145D18AD8257E7),
        UINT32_C(1024),
        UINT32_C(600),
        {0x8C,0xFB,0xAD,0x95,0xAD,0x2F,0x22,0xAF,0x52,0x12,0x0E,0x15,0x62,0x75,0x0F,0x1A,0xF9,0x13,0x54,0x15,0xF4,0x90,0xE3,0x96,0x3E,0x45,0x88,0xDF,0xFE,0x62,0x18,0xE2},
        {0xF6,0xA8,0xAE,0x55,0xE6,0x00,0x63,0x9D,0x82,0x1D,0x1B,0x37,0xEC,0x4F,0xD3,0xFC,0x58,0xB0,0x77,0xCF,0x9C,0x7B,0xA1,0x0F,0xA5,0xE1,0xB2,0x85,0xC0,0x48,0x5D,0x5C},
    },
    {
        UINT32_C(9844),
        UINT64_C(0xD8028D60AE532682),
        UINT32_C(1024),
        UINT32_C(600),
        {0x7F,0x79,0x28,0x83,0x35,0xA4,0xEE,0x4C,0xFD,0x89,0x80,0xE8,0xE8,0x66,0xF5,0xF1,0xC8,0x2F,0x8D,0x9A,0x93,0x3F,0x15,0x6F,0x52,0xE4,0xBE,0x3D,0x8C,0xFD,0x17,0x92},
        {0x3C,0xEB,0x95,0x2D,0x2B,0xF0,0x6C,0x43,0xA6,0x29,0xF5,0x6D,0xE4,0x5D,0x95,0x08,0x64,0xB6,0xFF,0x60,0x69,0x38,0x8D,0x99,0xB7,0x1D,0xEF,0x8A,0xF7,0x4E,0xFF,0xA5},
    },
    {
        UINT32_C(9858),
        UINT64_C(0x6025D40D03D4E279),
        UINT32_C(302),
        UINT32_C(72),
        {0x85,0xE4,0x73,0x55,0x74,0x5F,0xF8,0xA8,0xAA,0xF6,0x5B,0xA1,0x35,0x9A,0x52,0x4B,0x5C,0x5A,0x5D,0x1D,0x48,0xC9,0x8F,0x45,0xB8,0x83,0x98,0x5B,0xF8,0x61,0xAD,0x2D},
        {0xB4,0x19,0xB3,0x09,0xD5,0x96,0x84,0x0D,0x01,0x7D,0xA2,0x46,0xF0,0xEA,0xB9,0xB2,0x2E,0x9C,0xC9,0xA9,0xA8,0xEF,0xD6,0x2A,0x01,0x1D,0x46,0xA8,0x75,0xC5,0x33,0xDD},
    },
    {
        UINT32_C(9876),
        UINT64_C(0x7DAA1AA18778E08B),
        UINT32_C(340),
        UINT32_C(128),
        {0x61,0x77,0x28,0x23,0x62,0x13,0xB2,0xFA,0x9C,0xE3,0x04,0xBF,0xA6,0x14,0xEB,0xAB,0xF1,0xE2,0x69,0xE7,0xE2,0x88,0x3B,0xD8,0x08,0x63,0x48,0x53,0x59,0x73,0x6D,0x71},
        {0x96,0x6C,0xD7,0x22,0x6B,0xC5,0x3F,0x47,0x7E,0xD1,0xF1,0x24,0x1B,0x6D,0xD9,0x15,0x9E,0x8A,0x15,0xDC,0x2D,0x23,0xE4,0xC6,0xA7,0x4C,0xC8,0xAF,0x77,0xF5,0xBD,0xD5},
    },
    {
        UINT32_C(9900),
        UINT64_C(0x3FDDDC76E9D970CD),
        UINT32_C(408),
        UINT32_C(38),
        {0x48,0x49,0xF8,0xA7,0xA7,0xE7,0xDB,0x63,0xA6,0x37,0x23,0x9F,0xCB,0xED,0x94,0x9A,0x29,0x63,0xC5,0x7A,0xF2,0xA6,0xA7,0x2E,0xD3,0x70,0xB8,0xC2,0x62,0xE3,0x43,0x73},
        {0x0F,0x9C,0x69,0xD9,0x75,0xF6,0x0A,0xB7,0x00,0x35,0x77,0xE0,0x3D,0xAF,0x4E,0x5E,0x0D,0x30,0xCB,0xEE,0x0F,0x49,0x04,0x10,0xF7,0x17,0xE3,0x75,0x55,0x2A,0x65,0xFE},
    },
    {
        UINT32_C(9910),
        UINT64_C(0x7ADE570888E85393),
        UINT32_C(1024),
        UINT32_C(600),
        {0xED,0x43,0xA0,0x1D,0x29,0xEC,0x3A,0xFB,0x86,0xB4,0x23,0x7C,0x44,0xAD,0x64,0x0C,0xB9,0x37,0xEA,0x0C,0xA3,0x06,0x50,0xCD,0x33,0x11,0xE8,0x41,0x79,0x8B,0x67,0x80},
        {0x69,0xD8,0x4B,0x64,0xD7,0xAC,0x0F,0x64,0xCF,0x4A,0x3D,0xA6,0xCD,0x9F,0xA0,0xA6,0xB1,0xDE,0x17,0xC6,0xE8,0x4B,0xC4,0x81,0x4E,0x6E,0x2F,0x6B,0x68,0x1E,0x89,0x37},
    },
    {
        UINT32_C(9912),
        UINT64_C(0x72BE310858A6722F),
        UINT32_C(340),
        UINT32_C(128),
        {0x19,0x25,0x18,0x5C,0xAF,0x1E,0x80,0x9F,0x64,0x05,0x58,0x5A,0xDB,0x7C,0x50,0xB5,0xDD,0x10,0x79,0x63,0xC5,0x58,0x91,0x3F,0x82,0x42,0x49,0xA8,0x47,0xD7,0x7F,0xF9},
        {0xAE,0x08,0x29,0x54,0x59,0x1B,0x4D,0xB5,0x2D,0x32,0x3A,0xAA,0x3F,0x56,0x28,0x10,0x93,0x0B,0x28,0x90,0xA5,0xED,0xA5,0xBB,0x7F,0xC3,0xBD,0x10,0xF2,0x9B,0x77,0x05},
    },
    {
        UINT32_C(9942),
        UINT64_C(0x25E04E73329ECDA1),
        UINT32_C(1024),
        UINT32_C(600),
        {0x2F,0x9D,0x1A,0x18,0x3B,0xAF,0xE4,0x17,0xA3,0x14,0xFE,0xF8,0xA4,0xF7,0x8F,0xE0,0x62,0x82,0x73,0x8B,0x85,0xBF,0x0C,0x29,0xEB,0x8F,0xEB,0x47,0x8C,0xB9,0x15,0xCB},
        {0xF2,0xA3,0x9E,0x71,0x88,0x33,0xFE,0x32,0x26,0x55,0xCC,0x32,0x04,0x08,0x03,0xBF,0x5E,0xAD,0xE7,0x3C,0x2E,0x44,0x55,0x41,0xFB,0x68,0xBB,0xBA,0x7F,0x2F,0xD3,0xCE},
    },
    {
        UINT32_C(9958),
        UINT64_C(0x0FD5E7C72D55CAC4),
        UINT32_C(340),
        UINT32_C(128),
        {0x10,0x17,0x30,0xE8,0x1D,0x3D,0x28,0x7A,0x49,0xAC,0x73,0xEB,0x15,0x0B,0x31,0x7C,0xFA,0x03,0x6E,0x39,0xEB,0x55,0x7A,0xC0,0x5F,0x2B,0xDD,0x88,0x45,0xD1,0xBA,0xB6},
        {0x72,0xA0,0x33,0x7E,0x0B,0x2C,0x98,0x78,0x2E,0x9E,0xCD,0x7D,0xD9,0xE6,0xD9,0x26,0x96,0xF5,0xAB,0x01,0xDD,0xB4,0x1A,0x20,0xD6,0x35,0xB4,0x42,0x7A,0x61,0xA4,0xAA},
    },
    {
        UINT32_C(10032),
        UINT64_C(0xA437E55BF46F519B),
        UINT32_C(214),
        UINT32_C(60),
        {0x8C,0xCB,0x8E,0xCB,0x66,0x18,0x56,0xD1,0xD4,0xE4,0x61,0x37,0xBF,0x0F,0x36,0xF6,0x0B,0x2B,0xFB,0x7A,0x06,0x20,0xEF,0x9B,0x0A,0x54,0x25,0xBA,0x1A,0x8B,0xAA,0x79},
        {0x33,0xBE,0x7E,0x4E,0xF9,0x00,0x63,0xB4,0x8E,0xBA,0x05,0x67,0xA1,0x25,0xBA,0xE5,0x83,0xBD,0x6C,0xD4,0xBE,0x83,0x03,0x38,0x7E,0x85,0x6F,0x48,0x33,0x32,0xE8,0xDF},
    },
    {
        UINT32_C(10062),
        UINT64_C(0x3386656568734BAC),
        UINT32_C(1024),
        UINT32_C(600),
        {0x24,0xE4,0xE3,0xF5,0x65,0x8C,0x80,0x6C,0xE2,0x97,0x9B,0x20,0x38,0x9C,0xA1,0xD3,0x06,0xB0,0x12,0x37,0x9E,0xC6,0x18,0xFD,0x04,0xC2,0x58,0x23,0x1F,0x11,0x0E,0x06},
        {0x29,0x86,0x77,0xCC,0xAA,0x54,0xDB,0x6A,0xC7,0x14,0x9D,0x05,0x9C,0x54,0x8D,0x7A,0x93,0xA1,0x2E,0xAD,0x38,0x54,0xF5,0x40,0xEF,0x01,0x2D,0x3F,0xD8,0xD8,0xBC,0xA9},
    },
    {
        UINT32_C(10126),
        UINT64_C(0x667B58EA1CB62D30),
        UINT32_C(1024),
        UINT32_C(600),
        {0x31,0x99,0x74,0xE3,0xAF,0x04,0x3C,0xE2,0xAA,0x69,0xB3,0x41,0xF1,0x6A,0x97,0xFA,0x60,0xC8,0x56,0x1A,0x64,0xAA,0x51,0xF6,0xD3,0x63,0x97,0x99,0xC4,0x68,0xE3,0xBA},
        {0x1C,0x3E,0x01,0xB8,0xBD,0xB0,0xB9,0x8E,0xBF,0xA1,0x61,0xE1,0x02,0x4E,0x10,0xE0,0xDF,0x38,0x88,0xFE,0xA6,0x42,0xE5,0x5B,0xA3,0x17,0x13,0xA0,0xCC,0x29,0xF9,0x3D},
    },
    {
        UINT32_C(10216),
        UINT64_C(0x4C867CB502798039),
        UINT32_C(302),
        UINT32_C(72),
        {0x15,0xAB,0xBA,0x48,0x6F,0x5D,0x77,0xD7,0xA0,0x5F,0xD8,0x04,0x4E,0x60,0xEB,0x7B,0x2C,0x01,0x57,0x6D,0xD0,0x6A,0xD2,0x33,0x6E,0x3B,0x1C,0xF3,0xCF,0xCA,0xBA,0xD1},
        {0x2B,0x3D,0xB0,0x18,0x29,0x8F,0xD4,0xFB,0x79,0x51,0x60,0xB4,0x28,0x99,0x92,0x58,0x43,0xF9,0xE0,0xBF,0x7F,0x4B,0x0E,0x16,0x16,0x50,0xAE,0xCD,0x2A,0x78,0x69,0xBD},
    },
    {
        UINT32_C(10232),
        UINT64_C(0x0599110654DC893C),
        UINT32_C(244),
        UINT32_C(65),
        {0x9C,0xD3,0xE9,0xE1,0xDE,0x4A,0xB2,0xD6,0xEE,0xEE,0x5E,0x41,0x74,0x58,0x37,0x2F,0x8F,0x69,0xB2,0xB4,0xDF,0x23,0x4C,0x82,0xD5,0xFB,0x43,0xD5,0x6B,0x1D,0xDF,0x43},
        {0x75,0x31,0xAD,0x51,0x12,0x8F,0xBE,0x38,0xC7,0xA5,0x15,0x49,0xEE,0x03,0x98,0x93,0x4A,0xCE,0x16,0x2A,0xA9,0x54,0xA5,0x60,0x68,0x7A,0xF8,0x2F,0x51,0xB3,0xF7,0x63},
    },
    {
        UINT32_C(10234),
        UINT64_C(0xB14D1BFCBC07B90C),
        UINT32_C(412),
        UINT32_C(55),
        {0xC4,0x26,0xE1,0x4C,0x26,0xA5,0x3D,0x87,0x8C,0x7D,0x03,0x84,0xAE,0xE7,0xD8,0x10,0xC3,0x17,0xEE,0xDE,0x08,0xA0,0x8F,0xD7,0x86,0x42,0x6A,0xCF,0x7F,0xB9,0x92,0xA5},
        {0x2B,0xCD,0x90,0x77,0x69,0x75,0xFB,0x1A,0x5D,0x1D,0x3C,0x5B,0x87,0x8C,0xE7,0xE5,0xF7,0xE3,0x84,0x78,0x04,0x68,0x2C,0x31,0xFF,0x9F,0xB0,0x69,0xEE,0x50,0xA8,0x6E},
    },
    {
        UINT32_C(10260),
        UINT64_C(0xA619C2B19FBDC702),
        UINT32_C(340),
        UINT32_C(128),
        {0x01,0xF3,0x32,0xE1,0xC3,0x5E,0x94,0xD1,0x43,0xBF,0xCA,0x90,0x8F,0xD2,0x06,0xB3,0x0C,0x05,0x4E,0x05,0x1E,0x31,0xDF,0x48,0x02,0x9D,0x67,0xEF,0x21,0x83,0x39,0xEE},
        {0x54,0x5A,0x4B,0xBC,0x61,0xAF,0xD5,0x06,0xA0,0x53,0x8A,0xBA,0x43,0x9A,0x97,0x76,0xB4,0xFC,0xA9,0x72,0xAB,0x82,0x35,0xAC,0xD4,0x53,0xCE,0x8B,0x47,0x0D,0xD6,0xC9},
    },
    {
        UINT32_C(10292),
        UINT64_C(0x0A48DE9006C02FD9),
        UINT32_C(1024),
        UINT32_C(600),
        {0x35,0xA8,0x37,0xB2,0xCB,0x41,0xE5,0xF2,0x01,0x1D,0xAD,0xF8,0x1F,0xB3,0x0C,0x13,0x97,0xAD,0xA3,0xAB,0xE7,0xA1,0xD0,0xD0,0x7A,0x74,0xC7,0x45,0x0F,0xEB,0xA0,0x09},
        {0xA0,0xAF,0xD8,0xCD,0x6F,0xA5,0xDC,0xD7,0x6F,0x9F,0x98,0x81,0xB4,0x27,0x6F,0x14,0xE8,0x73,0x3E,0x8E,0x5F,0x55,0xE0,0xA4,0x41,0x36,0x13,0xC2,0x20,0xF4,0x9F,0x4C},
    },
    {
        UINT32_C(10296),
        UINT64_C(0xD3150B38381825CB),
        UINT32_C(340),
        UINT32_C(128),
        {0xD0,0xBE,0x13,0xF5,0x9B,0x54,0x54,0x5E,0xD4,0xDD,0x4E,0x5F,0xE9,0xE0,0x6D,0x9E,0x4F,0xDB,0x2A,0x02,0x60,0xE3,0x71,0xD3,0x5D,0xC7,0x55,0x63,0x80,0x9D,0x88,0x1E},
        {0xC8,0xCF,0xB6,0xF1,0xE8,0xD4,0x73,0xCC,0x47,0x9D,0x21,0x1E,0xF4,0x87,0xC2,0xA7,0xF5,0x1B,0xAC,0x9F,0x06,0x96,0x24,0x16,0x99,0x83,0x79,0xCD,0x6A,0x5E,0x1F,0x60},
    },
    {
        UINT32_C(10316),
        UINT64_C(0xC5FF5A67E88475C2),
        UINT32_C(412),
        UINT32_C(55),
        {0xA4,0x24,0xFB,0x77,0x99,0xB3,0x8F,0x6C,0x97,0x04,0x80,0xF5,0x3C,0x72,0x7B,0x9B,0xA2,0x61,0xCA,0xE0,0x5F,0xE3,0x7F,0x22,0xC6,0x12,0xF9,0x29,0x99,0x0E,0x2B,0xB5},
        {0x93,0x9A,0x0E,0xC5,0x7B,0x9F,0xB0,0x81,0x26,0x15,0xE2,0x17,0x24,0x43,0xE2,0xB2,0xAD,0x82,0x63,0x6F,0x80,0xBD,0x2D,0x01,0xF2,0x64,0xF8,0xD4,0x10,0x1E,0xCB,0x7D},
    },
    {
        UINT32_C(10338),
        UINT64_C(0x9BB90AC65ABE7794),
        UINT32_C(412),
        UINT32_C(55),
        {0xB3,0xCD,0x63,0x32,0x2C,0x1B,0x35,0x9A,0x53,0x74,0x8E,0x81,0x37,0x5F,0x6A,0x72,0x46,0x13,0x34,0xEA,0x50,0xB1,0x6B,0x66,0x63,0xAD,0x84,0x70,0x48,0xA4,0x54,0x12},
        {0x25,0x61,0xB6,0xD3,0xDC,0xB3,0x4A,0xBA,0x47,0x85,0xBF,0x1F,0x9A,0x02,0xCA,0xC9,0x9D,0x79,0x66,0xD5,0x5D,0xF7,0xFB,0x03,0xEA,0x59,0x51,0xE9,0xAF,0x8F,0x66,0x6C},
    },
    {
        UINT32_C(10340),
        UINT64_C(0xE96188EDC1AF7BCA),
        UINT32_C(340),
        UINT32_C(128),
        {0xF6,0x26,0xA0,0x45,0x0B,0xA0,0xD1,0xF5,0x29,0x4B,0x1D,0xA9,0x0F,0x45,0xBB,0x74,0x50,0x6B,0x68,0x5D,0x9E,0x1D,0x0D,0x36,0xCA,0x2E,0xDD,0x9C,0x98,0xC9,0x85,0x0B},
        {0x4F,0x08,0xE3,0x22,0x31,0xD2,0x83,0xB0,0x2B,0xFE,0x87,0xFC,0xBB,0x96,0x4E,0xFA,0x8D,0x76,0x85,0xCC,0x9A,0x5D,0xCD,0x34,0xC9,0x1D,0x17,0xFF,0x38,0x66,0xC7,0x0B},
    },
    {
        UINT32_C(10358),
        UINT64_C(0x27FD0FB959805FF4),
        UINT32_C(302),
        UINT32_C(72),
        {0xA0,0x57,0xEB,0xC0,0xF5,0xB1,0xC7,0x67,0x1A,0x26,0x1F,0xD0,0x20,0x05,0x9D,0x58,0xB1,0xD7,0xB3,0xD7,0x14,0xC1,0x0D,0x15,0xE6,0x39,0x84,0x42,0x1F,0x78,0x93,0x1B},
        {0x65,0x94,0xB6,0xEA,0x70,0x29,0x46,0x09,0xBB,0x87,0x95,0x70,0x92,0xB0,0x2B,0x8A,0x47,0x9C,0xCD,0x1B,0x16,0x63,0xD2,0x8C,0x12,0x7F,0xC9,0x61,0x88,0xA1,0xAF,0xD1},
    },
    {
        UINT32_C(10380),
        UINT64_C(0x67B810173FAFB864),
        UINT32_C(1024),
        UINT32_C(600),
        {0xF2,0x5E,0x74,0x37,0xF9,0xCB,0x0B,0x4F,0x81,0x51,0x2A,0xED,0x96,0x1E,0x37,0x82,0xA0,0x1F,0x1A,0xFC,0x7A,0xA3,0x5E,0x3E,0x82,0xD5,0x56,0xEE,0xC6,0xB2,0x15,0x7B},
        {0x9F,0x59,0x68,0x1B,0x74,0xAC,0x2C,0x55,0xA5,0x30,0x55,0x1A,0xBC,0x7E,0xAA,0xB0,0x8B,0x3B,0x36,0x54,0x16,0x1F,0x49,0xDA,0x23,0x5C,0x89,0x06,0xDD,0xA0,0x60,0x30},
    },
    {
        UINT32_C(10382),
        UINT64_C(0xD444739974C64773),
        UINT32_C(302),
        UINT32_C(72),
        {0x1F,0x86,0x53,0xD7,0x5C,0x4B,0x8C,0x2D,0xD2,0x29,0x2D,0x5D,0x1C,0xE1,0x7F,0xDD,0xAC,0xFF,0x42,0x0A,0x13,0x73,0x1B,0xC2,0x03,0x58,0xFF,0xA2,0x13,0xBC,0x4B,0x4F},
        {0x02,0x10,0xF3,0x64,0xD1,0x2F,0x79,0x45,0x1C,0x45,0x1B,0xE7,0xA0,0x71,0xFF,0x15,0xD5,0xE6,0xEC,0x34,0xC3,0xEB,0x33,0xF5,0x04,0x81,0x69,0x5A,0x47,0x6B,0x7C,0x63},
    },
    {
        UINT32_C(10396),
        UINT64_C(0xB04F81A5D2BA5BD9),
        UINT32_C(1024),
        UINT32_C(600),
        {0x7E,0x04,0xAB,0x1E,0x04,0x58,0x50,0x45,0xFE,0x9B,0xB2,0x5D,0xC0,0x72,0x71,0x78,0x51,0x92,0xB3,0x7B,0x2D,0xD3,0x01,0x6F,0x17,0x56,0x14,0x30,0x7B,0x96,0xB7,0xA8},
        {0xE0,0x0C,0x16,0x9F,0x20,0x45,0x34,0xA7,0x5F,0x0B,0xE2,0xF7,0xB4,0x89,0x1A,0x89,0x39,0x3F,0xEB,0x67,0xB4,0xD8,0x7B,0x0E,0xFD,0x0A,0x53,0x9F,0xD3,0xB3,0x32,0x09},
    },
    {
        UINT32_C(10402),
        UINT64_C(0x12DA5A8EBBB676CE),
        UINT32_C(302),
        UINT32_C(72),
        {0x69,0xA8,0x98,0x9A,0x9F,0xB3,0x20,0xD0,0xA6,0x20,0xCE,0xD3,0xD6,0xE4,0xA4,0xAD,0x94,0x34,0x33,0xFB,0xF3,0x45,0x11,0xC9,0xF1,0xBB,0x1C,0xDE,0x08,0xF3,0xEA,0xED},
        {0x5B,0x43,0x33,0xD2,0x2D,0x23,0x01,0xFA,0xCE,0x4A,0x29,0x37,0x40,0xCE,0x54,0xC8,0x29,0xF6,0x75,0xCE,0x97,0x2E,0xCF,0x0D,0xD9,0x9D,0xC6,0xED,0x8B,0x54,0x5F,0x5E},
    },
    {
        UINT32_C(10468),
        UINT64_C(0x2CF5E07988419E19),
        UINT32_C(412),
        UINT32_C(55),
        {0xDB,0xC1,0x4F,0x8D,0xEF,0xF9,0xE3,0x77,0x0B,0xC8,0x31,0xD9,0xC6,0x8E,0xFC,0xAE,0xB7,0x98,0x08,0xA7,0x61,0x0E,0x91,0x44,0x8E,0xCD,0xA9,0xB0,0x48,0x11,0xC0,0xF3},
        {0x4C,0x30,0x4D,0x93,0x1F,0x78,0xA4,0x41,0x6C,0xA0,0x45,0xF4,0xC7,0x7A,0xD7,0x69,0xC1,0x5F,0x7C,0x4D,0xCF,0xD9,0x62,0xA0,0x03,0x3A,0x7A,0xF5,0xBF,0xB9,0xCB,0x39},
    },
    {
        UINT32_C(10474),
        UINT64_C(0x50ACFDED78CC7DA7),
        UINT32_C(412),
        UINT32_C(55),
        {0xE0,0xD2,0x50,0x11,0xCB,0x32,0xE2,0xCF,0x77,0x1B,0x45,0x61,0xC6,0x26,0xFC,0xAA,0x50,0x9D,0x29,0x0D,0x05,0x1D,0x49,0x19,0xA5,0x9C,0xD7,0x3E,0x6B,0x45,0xB5,0x59},
        {0xAE,0x9F,0x42,0x5C,0x06,0x25,0xA0,0x26,0x38,0x55,0xF4,0x61,0xD9,0x63,0xD2,0x07,0xFD,0x15,0x59,0xE4,0x63,0xFB,0x86,0x0F,0x1E,0x77,0x75,0x81,0x1E,0xD7,0x40,0xE6},
    },
    {
        UINT32_C(10476),
        UINT64_C(0xE6CF6AB86EE3DA5F),
        UINT32_C(302),
        UINT32_C(72),
        {0xAC,0x8A,0xA9,0x96,0x94,0x46,0xAB,0x39,0xFE,0xB1,0x6B,0x58,0x0E,0xD9,0x40,0x58,0x60,0xD2,0x98,0x76,0xFA,0x05,0x75,0x79,0x3B,0x16,0x6D,0x9E,0x09,0x6C,0x95,0x53},
        {0x82,0x62,0x52,0x2C,0xE9,0xCB,0x49,0xB6,0x4E,0xA2,0xA7,0xC2,0x82,0x4E,0x5B,0x4D,0xA1,0x59,0x19,0xC7,0x53,0xCF,0xF1,0x87,0x57,0x9B,0xA1,0x50,0x86,0x25,0x5E,0xEC},
    },
    {
        UINT32_C(10494),
        UINT64_C(0x1797AFA2DCF2A9C8),
        UINT32_C(340),
        UINT32_C(128),
        {0x01,0xE7,0xB5,0xD6,0xA1,0x4E,0x9D,0x42,0x37,0x50,0xE4,0x1E,0x89,0x78,0xA3,0xB4,0x15,0x72,0xFB,0xE3,0x3E,0xE3,0x10,0x25,0x61,0x3A,0xF5,0xC6,0x1E,0xA3,0xB7,0x42},
        {0x05,0x53,0x9C,0x57,0x92,0xB1,0xB6,0x54,0x38,0x40,0x5F,0x1F,0xF5,0xFE,0xDC,0x76,0x67,0x2F,0xFE,0xAA,0x4C,0xEC,0x75,0x62,0xD7,0x99,0xB3,0x23,0x66,0xBA,0x40,0x34},
    },
    {
        UINT32_C(10504),
        UINT64_C(0x84050A95E55CE845),
        UINT32_C(315),
        UINT32_C(65),
        {0x2D,0x89,0x14,0x5D,0xB6,0xA5,0x4D,0xC5,0xE8,0x6B,0x90,0x4B,0xCA,0x36,0x88,0xFC,0x98,0x76,0xCC,0x63,0xCC,0xA0,0xB9,0xA3,0xB8,0x53,0xEF,0xBF,0x72,0x90,0x95,0x19},
        {0xE8,0x7F,0x1C,0x8C,0x19,0x42,0x7B,0xB0,0xC6,0x1C,0x60,0xA9,0xC4,0xA1,0x56,0x02,0x7D,0x78,0x0B,0x68,0x21,0x1C,0xFE,0x95,0xF8,0x22,0xEE,0x4A,0x36,0x3A,0x93,0xC9},
    },
    {
        UINT32_C(10508),
        UINT64_C(0x321A7E270E18F9FC),
        UINT32_C(412),
        UINT32_C(55),
        {0xAC,0x98,0x59,0x9E,0x39,0xD0,0x52,0x9C,0xA0,0x81,0x45,0x1E,0x7B,0xB6,0xF5,0xF2,0x41,0xB6,0xCB,0x9C,0xAD,0x4A,0x09,0x98,0x7F,0xC9,0x1D,0x19,0xB4,0xC2,0xA6,0x66},
        {0x3A,0x40,0x72,0x1F,0x47,0xC7,0x00,0x2E,0x56,0x21,0xBB,0x66,0x62,0xFF,0x95,0x5A,0x8A,0xD3,0x33,0xF8,0x88,0x7F,0x6F,0x61,0x86,0x5B,0xDC,0x1B,0x4F,0x54,0xE4,0x10},
    },
    {
        UINT32_C(10540),
        UINT64_C(0x7500A9DB58B20789),
        UINT32_C(412),
        UINT32_C(55),
        {0x1F,0x91,0x0A,0xFC,0x46,0xD9,0xE8,0x5B,0xE0,0x35,0x66,0x94,0xDC,0x4C,0x65,0x25,0xAE,0xBD,0xE0,0x2E,0x2D,0xF2,0x42,0xFD,0x92,0xF6,0x47,0x78,0xBB,0xD8,0x69,0xF0},
        {0x21,0x27,0x50,0xC5,0xBC,0x24,0xAF,0x23,0x20,0x74,0xE4,0xB8,0x3F,0x04,0x1A,0x49,0xE8,0xC7,0xD0,0x1B,0x36,0x89,0xB8,0x88,0x28,0xB6,0xB8,0xEF,0x87,0x43,0x23,0x55},
    },
    {
        UINT32_C(10578),
        UINT64_C(0xE6FABCDC4B34865E),
        UINT32_C(408),
        UINT32_C(38),
        {0xB4,0x37,0xF3,0x46,0xEC,0x23,0x97,0xE9,0xED,0x64,0x49,0x2E,0x14,0x20,0xB8,0xF7,0xA7,0x96,0x48,0xB9,0x63,0x6B,0xAE,0x61,0xAE,0x2F,0xC2,0x38,0xCE,0x34,0xDE,0xE7},
        {0xD9,0x9C,0xC5,0xF3,0xF0,0xB7,0xB1,0x65,0xA3,0xE8,0x52,0xAB,0x7A,0x59,0x0E,0xB3,0xDA,0xAB,0x75,0x05,0x70,0x07,0x27,0x13,0x29,0x9F,0xD5,0x00,0xD3,0x2B,0x75,0xB2},
    },
    {
        UINT32_C(10620),
        UINT64_C(0xDD4701A698D0BB61),
        UINT32_C(214),
        UINT32_C(60),
        {0x81,0xCB,0xD0,0x94,0x49,0xAE,0x12,0xF1,0x8B,0xD2,0x93,0xA0,0x49,0x42,0x80,0x69,0x1A,0x01,0x9F,0xE0,0x40,0x4E,0x88,0xD2,0x69,0x2D,0x04,0xAD,0x41,0x53,0x0B,0x1B},
        {0x3D,0x18,0x1C,0x0C,0x1A,0x91,0x39,0x66,0xCD,0xE3,0x13,0xB8,0x29,0x6C,0x05,0xB3,0xB4,0xA2,0xA9,0x39,0x70,0xEF,0x4D,0x10,0xA8,0x1C,0xC2,0x78,0x2C,0xEA,0x99,0x77},
    },
    {
        UINT32_C(10676),
        UINT64_C(0xB85978520CA00C3B),
        UINT32_C(1024),
        UINT32_C(600),
        {0x38,0x55,0x02,0x8F,0xD9,0x26,0x36,0x67,0x9B,0x57,0xCD,0x53,0xB1,0x97,0xED,0xFC,0x73,0x09,0xA0,0xCB,0xC0,0x49,0x80,0x4F,0xA1,0x26,0xFA,0xC7,0x17,0x85,0xD3,0x9D},
        {0xA2,0xEE,0xC6,0xE4,0xAD,0x09,0x71,0xF7,0xB6,0xB0,0xEB,0xAF,0xE7,0xF7,0x73,0x40,0x41,0x81,0xED,0x2E,0xFC,0x9C,0x31,0x55,0xBA,0x40,0x81,0x11,0xA4,0x93,0x12,0xD5},
    },
    {
        UINT32_C(10718),
        UINT64_C(0x472244A8C0E4232C),
        UINT32_C(412),
        UINT32_C(55),
        {0x97,0x47,0x5D,0x32,0xCB,0x41,0x58,0xD4,0x8D,0xBA,0x11,0x46,0xE3,0x19,0x6A,0x43,0x21,0x2B,0x47,0x03,0xB6,0xAA,0xEB,0x18,0x0F,0x9E,0x2B,0x61,0xCB,0xFE,0xA5,0x64},
        {0x1D,0x9A,0x53,0xBE,0xA5,0x69,0x03,0xDB,0x87,0xF8,0x8C,0x90,0x9C,0x8B,0x35,0x5B,0x61,0x3B,0xA5,0x90,0x54,0x6E,0xA8,0x69,0x17,0xA6,0x27,0xCF,0x3E,0x01,0x2F,0x71},
    },
    {
        UINT32_C(10726),
        UINT64_C(0xFA8E5A69A1922917),
        UINT32_C(340),
        UINT32_C(128),
        {0x4D,0x1E,0x24,0x71,0x86,0x4A,0xC9,0x02,0x4D,0x29,0xFC,0x90,0xB9,0xA8,0xA6,0x3B,0xFA,0xE4,0x6F,0x99,0x22,0x68,0xF0,0x8A,0x16,0xEA,0x9A,0xEC,0x03,0x98,0x47,0xAE},
        {0x5F,0x43,0xBF,0x5C,0x0C,0x96,0x26,0x2B,0x3B,0x95,0x2A,0x3A,0x47,0xE0,0xAE,0xE0,0xEB,0x04,0x64,0x7D,0x8B,0x23,0xCD,0x43,0x79,0x79,0x3D,0x96,0x89,0x2C,0x35,0x03},
    },
    {
        UINT32_C(10752),
        UINT64_C(0xAE08D46D37E518AC),
        UINT32_C(1024),
        UINT32_C(600),
        {0xAF,0x82,0xD4,0xB5,0x0A,0xC7,0x75,0x4E,0xFE,0x45,0xE8,0xB9,0x13,0x8C,0x47,0x34,0x9E,0x0B,0x47,0x5B,0xD6,0x1E,0x7A,0x5F,0x45,0x82,0xE3,0xC5,0x2F,0x68,0x17,0xC6},
        {0x9C,0x93,0xF4,0x56,0x16,0xD1,0xA9,0x3E,0xA6,0xB7,0xCA,0xCE,0xD1,0x94,0x48,0x04,0x34,0x7D,0xFA,0x08,0x7F,0xAA,0x65,0x19,0xF4,0x5A,0x3F,0xFE,0xBF,0xAE,0xCB,0xF9},
    },
    {
        UINT32_C(10774),
        UINT64_C(0x3751BE9B1F4BB4F1),
        UINT32_C(340),
        UINT32_C(128),
        {0x13,0x7C,0xA5,0x3C,0xBE,0xB5,0x43,0x9A,0x96,0x56,0x18,0x1C,0x10,0x56,0x1E,0x0D,0x45,0x22,0xD3,0x2F,0xAD,0xDC,0xBE,0x76,0xFE,0x2D,0x4A,0x32,0x60,0xAF,0x4E,0xE1},
        {0x4C,0xCA,0xAF,0x06,0xF9,0x71,0xD6,0x26,0x32,0x65,0x52,0x0C,0x2C,0x31,0xA3,0xD6,0xDE,0x22,0x5E,0xCB,0xE4,0x11,0x72,0xA2,0x3D,0xE1,0xC3,0xDD,0x99,0x4B,0x51,0x0F},
    },
    {
        UINT32_C(10800),
        UINT64_C(0xD57E72DC133718EA),
        UINT32_C(412),
        UINT32_C(55),
        {0xE6,0x4F,0xA7,0xD2,0x03,0xAF,0x5D,0xBC,0x99,0x7E,0x6E,0xF1,0x73,0xD8,0x71,0x37,0xA4,0x34,0xF8,0x79,0x7D,0xBD,0xC4,0x7B,0xD1,0x05,0x50,0x71,0x7A,0x9E,0x5D,0x7F},
        {0x45,0x5A,0x09,0xE0,0xA1,0xD8,0xAB,0x9E,0x2C,0x50,0x86,0x86,0x32,0xC9,0x40,0x09,0xF3,0xDB,0x25,0x49,0x37,0x6F,0x87,0x95,0xCC,0x2B,0xAD,0x4F,0xAF,0x2B,0xEE,0x9E},
    },
    {
        UINT32_C(10804),
        UINT64_C(0xA6BAD8663730AEDB),
        UINT32_C(462),
        UINT32_C(28),
        {0xEB,0x86,0xE8,0x28,0x7B,0xC6,0x86,0x46,0x00,0xBF,0xE7,0x32,0x5E,0xE0,0x76,0xCE,0xE1,0xC7,0xEF,0xB4,0x20,0x21,0xF1,0x23,0xBE,0xDA,0x17,0x5B,0xFF,0xA2,0x88,0x48},
        {0xB3,0xBB,0x52,0xA9,0x81,0xCD,0xD2,0x2B,0x57,0x8B,0xDD,0x5F,0x83,0x21,0xAC,0x32,0xA6,0x96,0x4C,0x8D,0x4A,0xCC,0x65,0x3E,0x7B,0x5A,0x18,0x66,0xA8,0xF4,0x08,0x03},
    },
    {
        UINT32_C(10876),
        UINT64_C(0x31D846CD298B549A),
        UINT32_C(340),
        UINT32_C(128),
        {0xFE,0xE2,0xC4,0x16,0x5E,0xF3,0xA7,0x62,0xA6,0x05,0x46,0xFE,0xD6,0x95,0xC1,0x42,0x87,0x47,0x8F,0x51,0x5A,0xF4,0x0C,0xB3,0xEF,0x57,0x41,0x4F,0x8F,0x02,0xDD,0x34},
        {0xE3,0x83,0x24,0xBC,0x8B,0xB2,0x5B,0x1D,0x9E,0x0E,0xFF,0x0C,0x3A,0x09,0x7A,0x2F,0x86,0x01,0x09,0xB4,0x7F,0xAC,0xD8,0x32,0x53,0xFF,0xF5,0x6A,0x32,0xFD,0xC9,0x17},
    },
    {
        UINT32_C(10900),
        UINT64_C(0x6CD5F5CDF3F1E4CA),
        UINT32_C(1024),
        UINT32_C(600),
        {0xF5,0xFC,0xA8,0x02,0x7A,0x11,0x76,0x9B,0x29,0xBA,0xB6,0xA1,0xCC,0x8A,0x71,0xE5,0x7D,0x21,0xF3,0x9C,0x01,0xD2,0xBD,0x4A,0x55,0x49,0x97,0x55,0xC9,0x76,0x00,0xF4},
        {0xF8,0x5B,0xE4,0xBC,0x0D,0x54,0xCD,0x08,0xB4,0xAC,0xC5,0x58,0xDF,0x3D,0xD7,0xAC,0xFA,0x1B,0x35,0xEC,0x8D,0xBB,0x85,0xD4,0xA5,0x4D,0x13,0x5F,0xCE,0x8B,0xE0,0xF0},
    },
    {
        UINT32_C(10910),
        UINT64_C(0xB0873AECFC6ECEFA),
        UINT32_C(302),
        UINT32_C(72),
        {0xC1,0xA4,0xD0,0xDA,0x16,0x90,0x29,0xBB,0xA4,0x07,0x5F,0x87,0x5E,0x94,0xFA,0xCA,0x6C,0xC9,0x07,0x55,0xA7,0x4C,0x7A,0x43,0xDD,0x55,0xAA,0x39,0xD5,0x2D,0x14,0x7D},
        {0x5F,0x60,0x5B,0x32,0x23,0x79,0x16,0xA1,0xDE,0xB9,0x08,0xE2,0xA6,0x3E,0xB6,0xBB,0x08,0xC1,0x29,0xD5,0x7D,0x9B,0x49,0xC3,0x57,0x24,0xE6,0x6D,0xB5,0xD7,0xD7,0x60},
    },
    {
        UINT32_C(10910),
        UINT64_C(0xC8DEC219EB260768),
        UINT32_C(412),
        UINT32_C(55),
        {0x80,0x5A,0xDA,0xC3,0x80,0x17,0x1B,0xD5,0xF2,0x30,0x7D,0x0B,0x1F,0xD0,0x9B,0xF0,0x27,0xAF,0xC4,0xB6,0x87,0x72,0xC4,0x08,0xC8,0xE4,0x59,0xD0,0xA0,0xE1,0xF0,0x6D},
        {0x80,0x2E,0x54,0x7C,0xA7,0x3E,0xA7,0xD9,0x83,0x02,0x0A,0xF8,0xEC,0x33,0x47,0x0C,0x7B,0xF3,0x05,0xA8,0xFD,0xA6,0x19,0x47,0x6D,0xAB,0x46,0xE5,0xFB,0xC2,0xEB,0x32},
    },
    {
        UINT32_C(10912),
        UINT64_C(0x93A4C5CD6D4D91ED),
        UINT32_C(408),
        UINT32_C(38),
        {0xBA,0xC4,0x38,0x2F,0xA4,0x34,0x01,0xBD,0x4E,0xD6,0xE7,0xB0,0xA5,0x22,0x29,0x2B,0x5D,0xE2,0x92,0x46,0x6A,0x57,0x8E,0xB8,0x97,0x7E,0xD9,0xF7,0x7D,0xBD,0x2F,0x35},
        {0xEE,0xAD,0xDC,0x99,0xAC,0xB0,0xC3,0xB6,0x1A,0x75,0x69,0x12,0xA9,0x49,0xBC,0x90,0xA6,0xAB,0xB5,0xB4,0x8A,0x5F,0x9E,0xD5,0x0D,0x11,0x18,0x44,0xB6,0xF1,0x83,0x81},
    },
    {
        UINT32_C(10956),
        UINT64_C(0x98038B302E4839E0),
        UINT32_C(1024),
        UINT32_C(600),
        {0xFB,0x10,0xE6,0xFF,0x02,0x66,0x4D,0x9F,0xDE,0x28,0x64,0x1C,0x05,0xE2,0xDF,0x1B,0xF4,0xA0,0xED,0x5C,0xA6,0x49,0x28,0x40,0xF6,0x4E,0x01,0xCF,0xB6,0x3E,0xBC,0x6E},
        {0x1B,0xDB,0x0E,0x2C,0xC1,0x6B,0x01,0x7D,0x99,0x26,0x81,0x66,0x7D,0x6F,0x5B,0xCC,0xB5,0x2B,0x46,0xA5,0x92,0x46,0xB6,0x25,0xFF,0x6F,0x94,0x36,0x43,0x93,0xD6,0xED},
    },
    {
        UINT32_C(10958),
        UINT64_C(0xEFE8E2AB9ED29FAC),
        UINT32_C(340),
        UINT32_C(128),
        {0x13,0x27,0x1B,0xC7,0x87,0x31,0x8D,0x97,0x15,0x76,0xB7,0xE1,0x30,0x74,0xF7,0xF3,0xF0,0x99,0x31,0xA2,0xD4,0x89,0x67,0x29,0x28,0x2F,0xDB,0xD9,0x10,0x85,0x27,0x4B},
        {0xF8,0x7A,0x50,0x4E,0x13,0xA1,0x78,0xD2,0xED,0xB1,0xA1,0x2C,0xE5,0xD0,0x85,0x7B,0x9A,0xEB,0xE1,0x5E,0xF2,0x1C,0xF2,0x7C,0x90,0xB7,0x48,0x1A,0x92,0x31,0x1A,0xAF},
    },
    {
        UINT32_C(10960),
        UINT64_C(0xC70A1036B6C4B406),
        UINT32_C(302),
        UINT32_C(72),
        {0x15,0xAB,0xBA,0x48,0x6F,0x5D,0x77,0xD7,0xA0,0x5F,0xD8,0x04,0x4E,0x60,0xEB,0x7B,0x2C,0x01,0x57,0x6D,0xD0,0x6A,0xD2,0x33,0x6E,0x3B,0x1C,0xF3,0xCF,0xCA,0xBA,0xD1},
        {0x2B,0x3D,0xB0,0x18,0x29,0x8F,0xD4,0xFB,0x79,0x51,0x60,0xB4,0x28,0x99,0x92,0x58,0x43,0xF9,0xE0,0xBF,0x7F,0x4B,0x0E,0x16,0x16,0x50,0xAE,0xCD,0x2A,0x78,0x69,0xBD},
    },
    {
        UINT32_C(11004),
        UINT64_C(0x6F63099084D46ED5),
        UINT32_C(1024),
        UINT32_C(600),
        {0x0C,0x39,0x9D,0x4F,0x61,0x70,0x17,0xF1,0x21,0x81,0x57,0xC9,0x90,0xF7,0x92,0xB7,0xEF,0xAC,0x93,0x4D,0xA2,0xA0,0xB8,0x33,0x45,0xBB,0x87,0xF0,0x98,0x1D,0x75,0x17},
        {0x8A,0xFE,0x30,0xE3,0x3E,0x45,0xE6,0x2B,0xAE,0xC0,0x55,0x5F,0xE6,0x00,0x2A,0x77,0x04,0xA6,0xA6,0xCE,0xE9,0xC6,0x6D,0x57,0xF5,0xF9,0x36,0x1D,0x91,0xEF,0xE2,0xA1},
    },
    {
        UINT32_C(11042),
        UINT64_C(0x1C1E9A42C75A587A),
        UINT32_C(340),
        UINT32_C(128),
        {0xA9,0x40,0x41,0x9D,0x95,0xEC,0x1E,0x61,0x06,0x59,0x4E,0xB1,0x60,0xA1,0xAE,0x89,0x76,0x98,0x56,0xF7,0x7A,0xEA,0x55,0x23,0xB0,0xBF,0xCB,0x1C,0xE7,0x77,0xD4,0x91},
        {0x58,0x34,0x16,0x38,0xBE,0x78,0xDC,0x6B,0xAB,0xE2,0xE9,0xE1,0x9E,0x58,0x81,0x7B,0x4E,0x66,0xC5,0x9D,0xC3,0x95,0x35,0xE0,0xDF,0x17,0x02,0x4B,0x84,0x02,0x93,0x37},
    },
    {
        UINT32_C(11088),
        UINT64_C(0x49F5C96A20F7D2B4),
        UINT32_C(340),
        UINT32_C(128),
        {0x0F,0xD4,0x23,0xF8,0xF2,0x46,0x37,0x01,0x89,0x64,0xF1,0x46,0x0E,0x11,0x21,0x00,0x38,0x40,0xF1,0xDA,0x4F,0xDA,0xFB,0x6E,0x9B,0xDE,0x02,0x3F,0xAE,0x23,0x1C,0xE3},
        {0x2A,0x35,0xA2,0x96,0xDE,0x5F,0xFF,0xB4,0x0B,0x43,0x80,0x3D,0x66,0x12,0x1B,0xF5,0xE5,0x86,0xDB,0xC5,0x2B,0xC7,0x17,0x25,0x66,0x2B,0xE3,0xE6,0x21,0x1F,0x09,0x2E},
    },
    {
        UINT32_C(11134),
        UINT64_C(0x5EF39A8C1C818D46),
        UINT32_C(408),
        UINT32_C(38),
        {0x29,0x21,0x40,0x4E,0x0D,0x08,0x17,0xC6,0xD4,0x4C,0x63,0x4A,0x86,0xD9,0x09,0xAA,0x78,0x86,0x8D,0x2A,0x7F,0x4D,0xCB,0xDF,0x0C,0x23,0x68,0xD1,0x4C,0x5B,0x83,0x2E},
        {0x75,0x44,0x75,0x6E,0x21,0xF9,0x08,0xB4,0xFB,0xD2,0x43,0xCE,0x56,0x77,0xD3,0x29,0x79,0xF0,0xF1,0xDB,0x6C,0xE7,0xFE,0x26,0xF9,0xFA,0xAA,0xC4,0xD0,0x05,0x40,0x31},
    },
    {
        UINT32_C(11146),
        UINT64_C(0x748C222688AE5F4C),
        UINT32_C(340),
        UINT32_C(128),
        {0xCC,0x5E,0x8F,0xA2,0x99,0xFA,0x3D,0x12,0x87,0x05,0xC4,0x4D,0x79,0x12,0x5C,0xC6,0xEB,0x0E,0x8B,0xA2,0xEA,0x69,0x17,0x05,0xA5,0x19,0x17,0xE2,0xEF,0x64,0x3F,0x3A},
        {0x3B,0x78,0x90,0xC6,0x40,0x24,0xDD,0x6B,0xF7,0x5F,0x8D,0xC9,0xCD,0xA0,0xF2,0x10,0x3B,0xB4,0xB1,0x02,0xB1,0x16,0x0E,0x22,0xA1,0xBF,0x62,0x3F,0x05,0xEA,0x84,0xAD},
    },
    {
        UINT32_C(11156),
        UINT64_C(0x9DF585569CCA7EE7),
        UINT32_C(340),
        UINT32_C(128),
        {0xF3,0x89,0x05,0x2B,0xDD,0xF8,0x03,0x9C,0xA3,0x75,0x25,0xB9,0x67,0xDF,0x43,0x00,0xBB,0x89,0xE7,0x0C,0x37,0x4F,0x3E,0x21,0x2F,0x4E,0x02,0x6B,0x97,0xEB,0x65,0xBF},
        {0x3D,0x9F,0x43,0xB0,0xA4,0x6E,0x3D,0x0F,0xE6,0xDD,0x00,0x08,0xE3,0x1A,0x8F,0x80,0xA8,0x34,0x4A,0x3C,0x7E,0xEF,0xD3,0xEC,0xC6,0xD3,0xE3,0xFD,0x13,0x50,0x15,0x88},
    },
    {
        UINT32_C(11172),
        UINT64_C(0xD138A695F21F11FE),
        UINT32_C(1024),
        UINT32_C(600),
        {0x50,0x24,0x2D,0xF0,0x93,0xC1,0x2B,0xD6,0x1D,0x74,0xDD,0x8D,0x62,0x10,0x17,0xB9,0x53,0x56,0x34,0x53,0xA0,0xAC,0xD1,0x14,0x65,0xE7,0x5C,0x3B,0xED,0xCC,0xBA,0x5A},
        {0xD2,0x74,0x6C,0xAC,0xE6,0x43,0xE1,0x47,0x3C,0xF0,0x14,0x54,0x5E,0x23,0xA5,0x8F,0xCF,0x2D,0x08,0x31,0xEC,0x02,0xB8,0x00,0xC9,0xE0,0xCA,0xEB,0x1B,0xDF,0x12,0x13},
    },
    {
        UINT32_C(11176),
        UINT64_C(0x09BF8348B3A6FF10),
        UINT32_C(340),
        UINT32_C(128),
        {0xC8,0xBF,0x53,0x19,0x77,0xD3,0xD2,0xFA,0x8D,0x66,0x27,0x79,0xCC,0x2C,0x4F,0xC1,0x51,0xA9,0x0A,0x32,0x51,0x08,0x4F,0x95,0x7E,0xCC,0x19,0xB4,0x0C,0x20,0x54,0x5A},
        {0xFB,0x9A,0xE3,0x5F,0x6E,0xC4,0x25,0xBD,0x6B,0xCC,0x65,0x05,0x4F,0x11,0xFC,0x97,0xDA,0xF0,0x10,0x60,0x76,0x2B,0x67,0x3C,0xCA,0xA6,0x43,0xE2,0x0B,0x73,0xC9,0x81},
    },
    {
        UINT32_C(11196),
        UINT64_C(0xE73DBE83A9443760),
        UINT32_C(1024),
        UINT32_C(600),
        {0x63,0x8B,0x24,0x8A,0x56,0xEA,0x4A,0x2E,0xA8,0xDC,0x65,0x6D,0x8F,0xAC,0x3D,0xD1,0xCD,0xDF,0xD7,0xBC,0xF6,0x76,0x82,0x9F,0x82,0x96,0x3E,0x02,0x64,0x18,0x98,0x47},
        {0xB2,0xC1,0x8C,0x54,0xF6,0xE6,0xE6,0xED,0x34,0xBA,0x78,0x68,0x94,0x4E,0x88,0xE9,0x59,0x4F,0x23,0x9A,0x4D,0x5C,0x13,0x5B,0xC3,0x6A,0xB3,0x9C,0x79,0x0E,0x87,0x4C},
    },
    {
        UINT32_C(11216),
        UINT64_C(0x03576C982718C5F2),
        UINT32_C(340),
        UINT32_C(128),
        {0xAA,0x50,0xFA,0x28,0xB1,0x64,0x09,0x34,0x7E,0xFE,0xDC,0x81,0x57,0x63,0xA6,0xE7,0x6F,0xF7,0x58,0x59,0xB8,0x6A,0x16,0x1F,0xCC,0xB7,0xB0,0x87,0xC2,0xE5,0x05,0x2A},
        {0x34,0x08,0xA6,0x4B,0xEF,0xE6,0xE6,0x8B,0xBC,0x3C,0x76,0xD7,0xD9,0x01,0xD5,0xBA,0xA5,0x39,0xA1,0x9E,0xCF,0xAE,0x7E,0x5A,0x21,0x8E,0xE8,0x5E,0xB1,0xEC,0x79,0x04},
    },
    {
        UINT32_C(11220),
        UINT64_C(0x95BEB55A63A30C9B),
        UINT32_C(1024),
        UINT32_C(600),
        {0xCA,0x6D,0x21,0x2E,0x17,0x2A,0xD6,0x3C,0x3C,0x70,0xB9,0xC0,0x76,0x23,0x86,0x80,0xC4,0x36,0xBB,0xB9,0x77,0x93,0x47,0xA0,0x8B,0x2F,0x65,0x7B,0x44,0x0E,0x01,0xB5},
        {0x89,0x4E,0x6C,0xED,0x9D,0xAE,0x28,0x1F,0xD6,0x46,0xF4,0x74,0xA2,0xE6,0xF6,0xA6,0x43,0xD3,0x49,0x39,0x2F,0x58,0x02,0xC8,0xF5,0x29,0x4B,0x71,0xCC,0xFE,0x0A,0x68},
    },
    {
        UINT32_C(11264),
        UINT64_C(0x6CB40B9404F37CCE),
        UINT32_C(340),
        UINT32_C(128),
        {0x07,0xF5,0x9A,0xB5,0xA2,0x11,0x60,0x9B,0xFA,0xF1,0x43,0x40,0x52,0x97,0x2F,0x4E,0x8E,0x59,0x15,0x25,0x90,0xD3,0x9F,0xD6,0x2D,0x4C,0xC5,0x5F,0x03,0xA9,0x0D,0x59},
        {0x1E,0xA1,0x79,0xC2,0x4E,0x6C,0x1A,0x2C,0x6C,0x8A,0xD9,0x5E,0x01,0x8E,0xBD,0xEB,0x14,0x2F,0x11,0x68,0xF7,0x70,0xD0,0x97,0x44,0x5E,0x7A,0x42,0xD4,0x46,0xE7,0xA5},
    },
    {
        UINT32_C(11426),
        UINT64_C(0xF1E8619D2C40CBDF),
        UINT32_C(302),
        UINT32_C(72),
        {0x85,0xE4,0x73,0x55,0x74,0x5F,0xF8,0xA8,0xAA,0xF6,0x5B,0xA1,0x35,0x9A,0x52,0x4B,0x5C,0x5A,0x5D,0x1D,0x48,0xC9,0x8F,0x45,0xB8,0x83,0x98,0x5B,0xF8,0x61,0xAD,0x2D},
        {0xB4,0x19,0xB3,0x09,0xD5,0x96,0x84,0x0D,0x01,0x7D,0xA2,0x46,0xF0,0xEA,0xB9,0xB2,0x2E,0x9C,0xC9,0xA9,0xA8,0xEF,0xD6,0x2A,0x01,0x1D,0x46,0xA8,0x75,0xC5,0x33,0xDD},
    },
    {
        UINT32_C(11434),
        UINT64_C(0xAD11FB85B14E5184),
        UINT32_C(302),
        UINT32_C(72),
        {0x4B,0x7F,0x2B,0x17,0x2E,0x86,0xF1,0xF4,0xD3,0x2A,0xEE,0x28,0x24,0x21,0x90,0x7A,0xC1,0x0C,0x09,0x7B,0x08,0xDC,0xEC,0x3E,0x4E,0x80,0x24,0xF0,0x6C,0x8F,0x38,0xEE},
        {0x60,0xEC,0x42,0xA7,0x44,0x64,0x49,0xF3,0xCB,0x18,0xA6,0xBF,0x30,0x63,0xDD,0x84,0x03,0x3C,0x30,0x23,0xFA,0xF1,0xF7,0xEA,0x1C,0x9E,0x35,0x21,0x9E,0xF8,0x8B,0xEB},
    },
    {
        UINT32_C(11444),
        UINT64_C(0x8676392D717E6639),
        UINT32_C(340),
        UINT32_C(128),
        {0x5B,0x62,0xB3,0x5B,0xBC,0xA4,0xDA,0x11,0x51,0x51,0xB6,0xDB,0x3B,0xFD,0x03,0x7C,0x0E,0x05,0xE6,0xC7,0x23,0x78,0x39,0xCB,0x78,0xDE,0x33,0x68,0x73,0x80,0xAD,0x2D},
        {0x93,0xCC,0x07,0x12,0x58,0x2D,0x3D,0x44,0x60,0xF8,0x73,0xA7,0x79,0x6F,0x64,0x93,0x39,0x50,0x77,0x8E,0xEA,0x6E,0x90,0x83,0x45,0x51,0x59,0x30,0x3E,0xD5,0x08,0x00},
    },
    {
        UINT32_C(11522),
        UINT64_C(0xE33753EBC655BB49),
        UINT32_C(340),
        UINT32_C(128),
        {0xB0,0x8E,0x87,0xCE,0xCF,0x71,0x7B,0xB2,0x4C,0x21,0x88,0x54,0x44,0x07,0x3B,0x21,0x30,0x50,0x96,0xD5,0xF4,0x58,0xDC,0x33,0xF4,0x95,0x4F,0x27,0xFC,0x3D,0x87,0x45},
        {0xE7,0xEF,0x80,0x3F,0x36,0xCA,0x5F,0x0B,0x52,0x0D,0xFD,0xEF,0xCB,0x3E,0x1D,0x03,0x4B,0xD8,0xB2,0x69,0x26,0x79,0x90,0xF9,0xC9,0x9C,0x43,0xDA,0x98,0xEC,0x4C,0x2A},
    },
    {
        UINT32_C(11542),
        UINT64_C(0xB0C81C14C9BCB705),
        UINT32_C(1024),
        UINT32_C(600),
        {0xDE,0x79,0xDA,0x14,0x79,0x0A,0xFE,0x27,0xA2,0x40,0x4C,0x3F,0x00,0x20,0xAE,0x39,0xCE,0xE4,0xCC,0x24,0xDB,0x3E,0xAC,0x15,0xCB,0xC3,0x82,0x3E,0x3D,0x6F,0x95,0x19},
        {0xAE,0xA1,0x20,0x49,0x2E,0xEA,0xF6,0x51,0x5C,0xBD,0x76,0x2B,0x89,0xA8,0x13,0xA5,0x1E,0x57,0xE9,0x20,0xB7,0x6B,0xA7,0x5E,0xCE,0xC5,0x80,0xFD,0x21,0x60,0x5C,0x9C},
    },
    {
        UINT32_C(11620),
        UINT64_C(0x42A1437E5C3CF862),
        UINT32_C(1024),
        UINT32_C(600),
        {0x09,0xC2,0x65,0x7E,0xF6,0xAC,0x3B,0x11,0x38,0x20,0x24,0x3B,0xB3,0xEE,0xB0,0xCE,0xE5,0xF9,0x1A,0x8F,0x37,0x0C,0x78,0xF3,0x09,0xBF,0x81,0x9B,0x5A,0xB7,0x01,0xA2},
        {0xCF,0xCA,0x4E,0x3A,0xBC,0x51,0x11,0x19,0xDF,0x3A,0xDC,0x83,0xCA,0x3D,0x3B,0xBB,0x73,0x77,0x7F,0xEC,0x93,0x57,0x18,0xB2,0xD9,0x40,0x55,0x95,0x9B,0x8A,0x56,0x2F},
    },
    {
        UINT32_C(11642),
        UINT64_C(0xCBE966861E7F6C07),
        UINT32_C(340),
        UINT32_C(128),
        {0xE2,0xBF,0x2B,0x8E,0x84,0x2A,0x7B,0x29,0x1D,0x87,0xF9,0x59,0xF2,0x7D,0x06,0x0A,0x10,0x79,0xB9,0xF5,0x36,0x89,0xD4,0x08,0x28,0x14,0xAD,0xAD,0xFF,0xBF,0xC2,0x11},
        {0x16,0x47,0x39,0xD3,0xD9,0xC4,0xF8,0x1C,0x6C,0x64,0x97,0xE9,0xCC,0xA1,0x36,0x9E,0xA9,0xC6,0x4A,0x3B,0xC1,0x42,0x85,0x1B,0xC6,0xCA,0xEA,0xE5,0x7A,0x3D,0x95,0x55},
    },
    {
        UINT32_C(11686),
        UINT64_C(0x7BCD8F97A8A14ED8),
        UINT32_C(340),
        UINT32_C(128),
        {0x26,0x39,0x54,0x70,0x22,0x2A,0x2B,0x11,0x08,0x19,0xBD,0xAF,0x24,0x01,0x6E,0x7A,0x06,0x33,0x36,0xAE,0x7C,0x08,0x86,0x84,0xB8,0xB5,0x23,0x86,0xA6,0xF9,0x83,0xCE},
        {0x8C,0x14,0x9B,0x85,0x4E,0x5F,0x1D,0x12,0x67,0xD0,0xBB,0xEF,0xA5,0x71,0xC0,0x9E,0x1C,0x25,0x90,0xE8,0xBB,0xE8,0xF5,0xCB,0xDD,0xDA,0xFE,0x76,0xEA,0xD1,0x10,0xBF},
    },
    {
        UINT32_C(11716),
        UINT64_C(0xD277F6873D7008B7),
        UINT32_C(1024),
        UINT32_C(600),
        {0x89,0x00,0xAC,0xC5,0xED,0x1E,0xBD,0x35,0xED,0xD3,0x1B,0xC8,0x40,0x41,0x4A,0x41,0x6B,0x32,0xFB,0x42,0xA9,0x86,0x4E,0x18,0x77,0x04,0x2D,0x39,0x2D,0x90,0x4D,0xFF},
        {0xD1,0x7D,0x94,0x9E,0x2B,0xE1,0x91,0xD3,0x63,0x99,0xF2,0xE1,0xCB,0x86,0x34,0x41,0xFE,0xA9,0x21,0xE3,0xE2,0xFE,0xC2,0x8A,0x2C,0x50,0x74,0xF5,0xF3,0x31,0xDC,0xC0},
    },
    {
        UINT32_C(11774),
        UINT64_C(0xF302F194817BF4E6),
        UINT32_C(408),
        UINT32_C(38),
        {0x61,0xA5,0x48,0x8C,0xEC,0xD2,0xC5,0x7A,0x23,0xAF,0x21,0x42,0xEF,0x0A,0xDC,0x8D,0xB5,0xAF,0x53,0x40,0xD1,0x95,0x26,0x4E,0x33,0xEB,0x92,0x1D,0xD3,0x5A,0x48,0xFD},
        {0x5C,0xB9,0xC9,0x3B,0x66,0x9F,0x22,0xD0,0x66,0x68,0x0D,0xE6,0xD2,0x1C,0x3E,0xF7,0xD8,0x14,0x9D,0xA2,0x4A,0x3B,0xA7,0xE2,0xE0,0x99,0x76,0xC5,0x30,0xDC,0x9C,0x34},
    },
    {
        UINT32_C(11828),
        UINT64_C(0x665F5190297E961C),
        UINT32_C(340),
        UINT32_C(128),
        {0xAE,0x15,0x9C,0xFC,0xDE,0x46,0xE6,0x4F,0x13,0xB7,0x01,0xA1,0x29,0x43,0x8E,0xEC,0xB6,0x01,0x65,0xA8,0x0E,0x6F,0x94,0x0F,0x09,0xB4,0xA6,0x31,0x63,0xB8,0x7E,0xEF},
        {0x43,0xF4,0xEA,0xA6,0xF3,0x42,0xD0,0xDC,0x83,0xCD,0x12,0x73,0x27,0xD9,0xF6,0xE6,0x64,0xFC,0x9C,0xC6,0xF0,0xE7,0x2B,0x20,0x3E,0xF1,0x60,0xF7,0xBF,0x88,0x37,0x45},
    },
    {
        UINT32_C(11892),
        UINT64_C(0x600A24CE2C0C4DE1),
        UINT32_C(1024),
        UINT32_C(600),
        {0x8A,0xB4,0x97,0x70,0xB1,0xEB,0xCE,0xF2,0x98,0x38,0x4A,0x88,0x55,0xCE,0xDE,0xDD,0x46,0x7B,0x04,0x6B,0xAE,0x80,0xAE,0x12,0x92,0x72,0x07,0x7A,0x10,0xBF,0x03,0xC8},
        {0x87,0xB1,0xAF,0xD6,0x3A,0x9F,0x70,0xFA,0x2E,0xE2,0xA2,0xD6,0x67,0xB7,0x38,0x4D,0x8D,0x22,0xB0,0x79,0xBE,0xFD,0xFF,0x7E,0x83,0x57,0xBA,0xE9,0x6D,0x8E,0xAE,0x76},
    },
    {
        UINT32_C(11928),
        UINT64_C(0xD1AB3018478DCA70),
        UINT32_C(1024),
        UINT32_C(600),
        {0x71,0x2B,0xBA,0x78,0x83,0x2E,0xA5,0xB2,0xCA,0x35,0x89,0x52,0xEA,0x08,0x8F,0x48,0x33,0xBE,0x77,0x0B,0x2F,0x0F,0xEC,0x05,0x10,0x96,0x1C,0xB5,0x57,0xEF,0x26,0xB0},
        {0x28,0x04,0xDD,0xFC,0x32,0x10,0xB9,0x00,0x9F,0xD3,0xB9,0xBA,0x2D,0x72,0x16,0xBF,0x12,0x12,0x99,0xCE,0xA2,0xC7,0xE4,0x33,0x0E,0x52,0xB6,0xB5,0xFD,0x13,0x59,0xB0},
    },
    {
        UINT32_C(12082),
        UINT64_C(0x3BE69AD6E8D71BC0),
        UINT32_C(1024),
        UINT32_C(600),
        {0x49,0xCF,0xBE,0xA5,0x76,0x17,0x61,0xB8,0x2B,0x8F,0xB8,0x88,0x9E,0x64,0xED,0xB7,0x35,0x75,0x34,0xBE,0x8F,0x8A,0xE9,0xEE,0x50,0x5D,0xC1,0x81,0x84,0x22,0x32,0xCD},
        {0x91,0x73,0xFA,0x87,0x7B,0x01,0x5E,0xCA,0x74,0x4F,0xC9,0x0B,0x2C,0xC8,0x6B,0x2F,0xDD,0x42,0xD1,0x26,0x69,0x21,0x3C,0x07,0x44,0xB0,0x1D,0x28,0x84,0xB3,0x7E,0xE3},
    },
    {
        UINT32_C(12142),
        UINT64_C(0x0F6DF41653771923),
        UINT32_C(1024),
        UINT32_C(600),
        {0xC5,0xF0,0xD5,0x4D,0x02,0xBD,0xD1,0x5B,0xF5,0x6B,0xC4,0xAD,0x99,0x64,0xA6,0xB0,0x1E,0x29,0x6D,0xAA,0xDD,0x12,0x13,0x8B,0x11,0x69,0x48,0xAF,0x17,0x0B,0x5A,0x2A},
        {0xA4,0x5C,0xAB,0x6D,0x99,0xA4,0x9D,0x6B,0xC6,0xCD,0xDD,0xB9,0x6C,0x23,0xF5,0x3F,0xE5,0x67,0x5B,0x39,0x87,0xEC,0xE6,0x68,0xEB,0xBF,0x5F,0xE9,0xE5,0xD1,0x60,0x71},
    },
    {
        UINT32_C(12180),
        UINT64_C(0x17FD886EA20B55F2),
        UINT32_C(340),
        UINT32_C(128),
        {0xF4,0x33,0x9D,0xF3,0x19,0xB2,0x47,0x55,0xB2,0xCE,0xC8,0x96,0x4E,0x7C,0x15,0x05,0x5A,0x24,0xD1,0x1D,0x9F,0x41,0xAA,0xEE,0x5E,0xAF,0xA2,0xAB,0xE7,0x5F,0xEF,0x22},
        {0x62,0x7B,0xF5,0x6F,0x1E,0x8C,0x22,0x68,0x33,0x26,0xEA,0x40,0xE7,0xA8,0x04,0x70,0x71,0x2E,0x93,0x97,0x65,0x0F,0x93,0x35,0xB4,0x78,0x61,0x9A,0x71,0xD0,0x1E,0x12},
    },
    {
        UINT32_C(12184),
        UINT64_C(0xBCED6B517B09F1E2),
        UINT32_C(1024),
        UINT32_C(600),
        {0x19,0xD8,0x59,0x3A,0xF0,0x29,0x6B,0xD6,0xD6,0xD3,0x96,0xB6,0xF3,0x0E,0xF9,0x77,0xEA,0xE3,0x4D,0x4C,0x13,0x32,0x9A,0x26,0x3C,0xCA,0x3A,0xFC,0x53,0xD1,0xD9,0xCE},
        {0xBF,0x3F,0x83,0x60,0xB7,0xAD,0x96,0x14,0x50,0x5E,0xC2,0xC6,0x1A,0x6A,0x71,0x9A,0x5C,0xF8,0xB1,0xDA,0x34,0x65,0x4B,0xAC,0xEF,0x35,0x92,0xCD,0x3E,0xD5,0x99,0x90},
    },
    {
        UINT32_C(12256),
        UINT64_C(0xE2BFC305734A77D1),
        UINT32_C(340),
        UINT32_C(128),
        {0x48,0xA5,0x09,0x9F,0x11,0x79,0xDD,0x9C,0x7D,0xFF,0x39,0xD0,0x53,0xB8,0x70,0x9E,0x51,0x71,0x0F,0x86,0x3D,0x5A,0x6C,0x7B,0xC6,0x4C,0x10,0xD2,0xCA,0x21,0x3A,0xD6},
        {0x9D,0xEF,0xF4,0xF7,0xA3,0x30,0x75,0xD5,0x7B,0x0A,0x7C,0x52,0x21,0xBC,0x77,0xF3,0xDC,0xA3,0x42,0x32,0x01,0xDF,0xD0,0xA4,0xDE,0x1C,0xAF,0x39,0x38,0xFE,0x94,0x4B},
    },
    {
        UINT32_C(12260),
        UINT64_C(0x8D773BA9DC200A85),
        UINT32_C(753),
        UINT32_C(51),
        {0x74,0xFB,0x94,0xBD,0x09,0x37,0xA9,0x62,0x72,0x5F,0x21,0x1E,0x8E,0x48,0xE1,0x71,0xC2,0x1E,0x41,0xDC,0x55,0x89,0xF8,0x7E,0x2D,0x32,0xF1,0x58,0x77,0x8A,0x42,0xBB},
        {0xB8,0xE4,0xC3,0x27,0x86,0xD2,0xFF,0x3A,0x78,0x44,0x10,0x5F,0x1D,0xE9,0x98,0xED,0x40,0xA7,0x8F,0xCB,0x20,0x4A,0x15,0x3D,0x42,0x95,0xD6,0x75,0x54,0x61,0x52,0x9E},
    },
    {
        UINT32_C(12264),
        UINT64_C(0x8CC481DBF6D6F6F4),
        UINT32_C(1024),
        UINT32_C(600),
        {0x85,0x5D,0x2D,0xAE,0x53,0x7D,0x5C,0xEC,0x61,0xF3,0xE8,0xBA,0x8B,0xE8,0xE0,0x43,0x6F,0xCF,0x27,0x78,0x04,0x72,0xF6,0x14,0x69,0x82,0xC2,0x11,0x5C,0x09,0x36,0xFF},
        {0x37,0x62,0xAB,0xB8,0xD6,0x42,0xCD,0xDF,0x12,0x81,0x17,0x28,0x1E,0x5E,0xCD,0x7F,0xEF,0x27,0x60,0xCB,0x2F,0xE9,0x94,0x9D,0x1F,0x08,0x72,0xC3,0x85,0x05,0x22,0x6F},
    },
    {
        UINT32_C(12294),
        UINT64_C(0x6F60359F6E318577),
        UINT32_C(302),
        UINT32_C(72),
        {0xC1,0xA4,0xD0,0xDA,0x16,0x90,0x29,0xBB,0xA4,0x07,0x5F,0x87,0x5E,0x94,0xFA,0xCA,0x6C,0xC9,0x07,0x55,0xA7,0x4C,0x7A,0x43,0xDD,0x55,0xAA,0x39,0xD5,0x2D,0x14,0x7D},
        {0x5F,0x60,0x5B,0x32,0x23,0x79,0x16,0xA1,0xDE,0xB9,0x08,0xE2,0xA6,0x3E,0xB6,0xBB,0x08,0xC1,0x29,0xD5,0x7D,0x9B,0x49,0xC3,0x57,0x24,0xE6,0x6D,0xB5,0xD7,0xD7,0x60},
    },
    {
        UINT32_C(12300),
        UINT64_C(0xC227F7D5751CE3F2),
        UINT32_C(1280),
        UINT32_C(80),
        {0xCC,0xA6,0xB2,0xFF,0xD3,0x45,0x28,0x1D,0x6C,0xC9,0x53,0xFF,0x91,0x91,0xE8,0xA0,0xB1,0x89,0xE1,0x96,0x8B,0x63,0x69,0x1F,0x7C,0x45,0x90,0x61,0x39,0x09,0xC9,0x65},
        {0x4F,0xCD,0x91,0xF1,0x78,0xF3,0xAA,0x1C,0x41,0x84,0xEF,0xA5,0xFB,0x95,0x1D,0x55,0x69,0x9E,0xE3,0x0A,0x1D,0x32,0x50,0xF8,0x68,0xFB,0x17,0x52,0x00,0x0E,0xD2,0x04},
    },
    {
        UINT32_C(12318),
        UINT64_C(0xA4DDD5A019E616E6),
        UINT32_C(340),
        UINT32_C(128),
        {0x02,0xD8,0x3E,0xF9,0x38,0xDD,0xD8,0xE3,0xFB,0x1D,0xF4,0x20,0x33,0x01,0x70,0x2A,0x10,0x16,0xA2,0xBE,0x49,0xB5,0xF0,0x48,0xB3,0xC9,0xBE,0xE8,0xEA,0xDE,0x73,0x3A},
        {0xAC,0x04,0xF8,0x1A,0x9C,0xCC,0x2B,0xA4,0x6B,0x0E,0x24,0x81,0x74,0xA3,0x50,0xE1,0xB0,0x20,0x17,0x57,0xC0,0x2F,0xCC,0xBD,0x85,0x31,0x19,0x7C,0xC1,0x8A,0x35,0xB1},
    },
    {
        UINT32_C(12364),
        UINT64_C(0x66408E89AADDDC85),
        UINT32_C(1280),
        UINT32_C(80),
        {0x22,0x51,0x01,0x8D,0xF3,0xDB,0x57,0x2C,0x84,0x63,0xB8,0xA9,0x3E,0x44,0x31,0x27,0x2D,0x19,0x45,0x8A,0xF0,0x33,0xB3,0x69,0x99,0x38,0xC2,0x8C,0x9A,0x26,0xE0,0x02},
        {0xF7,0x56,0xED,0x91,0x36,0x37,0xEF,0xEF,0xB3,0xED,0xBE,0xAE,0x18,0xDC,0x85,0x98,0x40,0xD3,0x2D,0xF9,0xCF,0xCC,0xAF,0x1F,0x22,0x23,0x45,0xA9,0x6B,0xEE,0x3D,0x81},
    },
    {
        UINT32_C(12372),
        UINT64_C(0x0C3A20A98CB4E6B4),
        UINT32_C(340),
        UINT32_C(128),
        {0xEE,0x91,0x40,0x82,0x55,0x56,0xEA,0x13,0x1A,0x17,0x5F,0x72,0xD3,0x17,0xAA,0x44,0x95,0x83,0x59,0xBD,0x77,0x85,0xB5,0xC7,0xEF,0x0B,0xA3,0x33,0x28,0x9C,0x36,0xD2},
        {0x1A,0xFF,0x05,0x03,0x1B,0x9F,0x3C,0x69,0xB3,0xF8,0xE5,0x11,0xD8,0x49,0x89,0x71,0xC4,0xEB,0x57,0x51,0xDC,0x9D,0x31,0x1B,0xD5,0x03,0xB4,0x11,0xC6,0x26,0x6B,0x7D},
    },
    {
        UINT32_C(12380),
        UINT64_C(0xEA708AEAB9E205F4),
        UINT32_C(1280),
        UINT32_C(80),
        {0x9A,0x80,0xAC,0xF1,0xD8,0x6E,0x58,0x6E,0xBD,0xFD,0x73,0xBA,0x96,0x37,0xFE,0xA3,0x2A,0x31,0xE5,0xEA,0xC8,0xDC,0xA6,0xF6,0x05,0x27,0xD3,0x1D,0x42,0x50,0x73,0x39},
        {0x1F,0xAE,0x4D,0xB2,0xBC,0xDD,0x1A,0x14,0x9A,0xAA,0x64,0x61,0xA4,0xF8,0xB3,0x85,0x32,0x78,0xC4,0xF2,0x13,0x1B,0xB4,0xEB,0x4B,0x10,0xDE,0xFE,0xE1,0x4B,0x0C,0x32},
    },
    {
        UINT32_C(12388),
        UINT64_C(0x0C840F61506DA149),
        UINT32_C(1280),
        UINT32_C(80),
        {0x33,0x5C,0x99,0x32,0xEA,0x86,0xEC,0xFC,0xA5,0x55,0x94,0xEA,0x7A,0xA8,0x6B,0xE1,0x97,0x1D,0xCE,0x2C,0xC8,0x71,0x22,0x8C,0x05,0xAC,0x8B,0x5A,0xC6,0x50,0x77,0x61},
        {0x82,0xCA,0xC2,0x61,0xAE,0x3F,0xD0,0x5A,0x5C,0x5A,0x92,0x7F,0xCF,0x78,0xA5,0x34,0x10,0xF4,0xE9,0xC3,0xE3,0x9F,0xC1,0x33,0xB9,0x33,0x5F,0x77,0x08,0x53,0x0C,0x2F},
    },
    {
        UINT32_C(12388),
        UINT64_C(0x7561950E3E497DB9),
        UINT32_C(1280),
        UINT32_C(80),
        {0x99,0x81,0xF4,0xA6,0x0B,0x63,0x54,0x92,0xD5,0x77,0xE3,0x33,0x78,0xED,0xE5,0x78,0x5C,0x52,0x85,0x79,0x70,0xEB,0x89,0x5D,0x3B,0x0F,0x59,0x43,0x8D,0x2E,0x1A,0x10},
        {0x2F,0xC9,0xB8,0xE9,0x61,0x3C,0xD6,0xCB,0x9C,0x5E,0x59,0xA2,0x2C,0xC8,0xD9,0x2C,0x9F,0x28,0xA5,0x44,0x1C,0x33,0xD6,0xAE,0x7F,0xAD,0xA2,0x8B,0x27,0xEF,0xA9,0x31},
    },
    {
        UINT32_C(12394),
        UINT64_C(0x0918C74CF4CFF7DC),
        UINT32_C(1280),
        UINT32_C(80),
        {0xC0,0xD4,0x90,0xB5,0x61,0x58,0x9E,0x30,0xB7,0xCF,0xDF,0xA6,0x69,0xF0,0x3A,0xAD,0x25,0x69,0x45,0xAB,0x46,0xAA,0x96,0xB2,0xD0,0x4D,0x36,0x40,0x50,0x25,0x00,0x30},
        {0x98,0x31,0xD8,0x36,0x64,0x17,0x0F,0x6A,0x97,0xE7,0x33,0x5E,0x86,0x6C,0x14,0x2E,0x94,0x99,0x70,0x8C,0xD8,0x36,0x57,0xCC,0x80,0x9A,0x03,0x1B,0xEF,0x1A,0x8B,0x64},
    },
    {
        UINT32_C(12410),
        UINT64_C(0xAD0B76DA35C6E94C),
        UINT32_C(326),
        UINT32_C(51),
        {0xF8,0x6C,0x16,0xD3,0xA9,0x8A,0xAA,0xF4,0x2C,0x09,0xF4,0x86,0xE6,0x0F,0x65,0x02,0x68,0x29,0xA1,0xFF,0xCB,0xBB,0xF8,0x95,0x92,0xF7,0xC7,0xBD,0xF3,0x9E,0x06,0x35},
        {0x5C,0x6A,0x21,0xB4,0x2E,0xF1,0xA4,0x27,0xD8,0xB8,0x47,0xEF,0x9C,0x95,0xAB,0x89,0x04,0xC6,0x56,0xDB,0xDA,0xFC,0x1B,0x9D,0x4E,0x11,0xDE,0x91,0xAF,0x2A,0x27,0xCB},
    },
    {
        UINT32_C(12422),
        UINT64_C(0xBAA7DA22905EA292),
        UINT32_C(1280),
        UINT32_C(80),
        {0xCF,0xC6,0x35,0x84,0x6F,0x47,0xD1,0xED,0xDA,0x06,0x35,0x05,0x22,0xA3,0xB0,0xC9,0xBC,0x6B,0xCE,0xAE,0x83,0x9E,0xD9,0xF2,0x31,0xA5,0x0E,0x53,0x6D,0x35,0xDC,0x49},
        {0x57,0xAA,0xBB,0xA3,0x21,0xFB,0xC5,0x05,0x96,0xDE,0xAA,0x5F,0x66,0xC6,0x17,0xD7,0xE5,0x36,0xC2,0x2D,0xD2,0x76,0xDE,0x74,0xC7,0x3A,0xF4,0x1B,0x63,0x9C,0xF9,0x48},
    },
    {
        UINT32_C(12444),
        UINT64_C(0xB02ED25389E20494),
        UINT32_C(1280),
        UINT32_C(80),
        {0x4B,0x48,0x78,0x73,0xB2,0x81,0x93,0xD8,0xCB,0x76,0x90,0xF9,0xB0,0xD2,0xCB,0x14,0x45,0xE7,0xA5,0x63,0xB0,0x71,0x21,0xAD,0xFE,0x1D,0xA0,0x9E,0x6B,0xE1,0xC1,0x50},
        {0x8E,0x48,0x53,0x7C,0xFA,0x9C,0x47,0xEB,0x3B,0xAF,0xFD,0xC5,0xB9,0xA9,0x91,0xCC,0x8C,0x6F,0x07,0x00,0x75,0x30,0x23,0xDA,0x52,0xFD,0x81,0x0B,0x4F,0x4B,0xDC,0x52},
    },
    {
        UINT32_C(12468),
        UINT64_C(0x8356B640C0BCBB88),
        UINT32_C(1280),
        UINT32_C(80),
        {0xD3,0xD1,0x79,0x01,0xBD,0x05,0x37,0xF4,0xE4,0x66,0x33,0x19,0x28,0x47,0xA8,0xCA,0x64,0x83,0xF0,0xE6,0x7C,0x6E,0x33,0x35,0x35,0xBF,0xC5,0x80,0x1F,0xA4,0xD3,0x1A},
        {0x83,0x6F,0x4E,0xA3,0x38,0xBB,0x63,0x3F,0x5C,0x4A,0xE2,0xA1,0x1F,0x4B,0xF1,0x80,0x23,0xB6,0x1B,0x28,0x52,0xC6,0xD0,0xEC,0x7B,0xA3,0x5B,0x1E,0x2A,0x21,0xAF,0x07},
    },
    {
        UINT32_C(12480),
        UINT64_C(0x8E6D11C35CB3B062),
        UINT32_C(1280),
        UINT32_C(80),
        {0x8E,0xA3,0xD0,0x47,0x77,0x18,0xC6,0x95,0x0F,0xE4,0xD0,0x7A,0xBC,0x65,0x67,0x58,0x22,0x25,0x8A,0x35,0x31,0xEC,0x14,0x63,0x87,0x17,0x50,0x36,0xD6,0x2B,0x95,0x4F},
        {0x31,0xE8,0x61,0x77,0x16,0x33,0x0C,0x73,0x86,0x91,0xC8,0x54,0x0A,0x02,0x76,0xFB,0x12,0x83,0xFB,0x33,0xBA,0x6B,0xD5,0xEB,0x92,0x97,0xC5,0xE8,0x5D,0xCF,0x6C,0x01},
    },
    {
        UINT32_C(12500),
        UINT64_C(0x031DB04B9A6E79A7),
        UINT32_C(1280),
        UINT32_C(80),
        {0xFC,0xB1,0x39,0x1C,0x7C,0x95,0xCC,0x1B,0xDC,0x43,0x92,0x75,0xF1,0x32,0xAA,0x2E,0x5B,0x56,0xD1,0xB6,0x48,0xC9,0xD3,0xFE,0x62,0x41,0xBD,0x65,0x29,0x5D,0xA8,0xAD},
        {0x06,0xCB,0xDC,0x5D,0xEA,0xA6,0x99,0x9F,0x96,0x2C,0x5B,0x79,0xB2,0xD6,0x35,0xAB,0x2B,0x2D,0xC3,0xCF,0xB5,0xEA,0x6F,0xAF,0xB8,0xE4,0x35,0x0E,0x02,0xC1,0xE0,0x7F},
    },
    {
        UINT32_C(12512),
        UINT64_C(0x646A6A9FF890238F),
        UINT32_C(1280),
        UINT32_C(80),
        {0xD6,0x7E,0x86,0x89,0x68,0xF2,0x78,0xDA,0x6B,0xE0,0x49,0xE1,0x60,0xDA,0xDA,0xCA,0x2A,0xCA,0x79,0xE6,0x1A,0xFF,0xC9,0xA0,0xED,0x26,0x4F,0xDC,0x97,0x69,0x41,0x44},
        {0x2C,0x8B,0x14,0x74,0x9A,0x89,0xEE,0x27,0xA4,0x3E,0xC9,0x4E,0xE6,0x07,0x4D,0x74,0xBA,0x1A,0x6B,0x52,0x31,0x2A,0xBB,0xDA,0xEC,0xA2,0xEC,0xD1,0xDD,0xE6,0xD4,0x2F},
    },
    {
        UINT32_C(12514),
        UINT64_C(0x02C0C8812895A651),
        UINT32_C(1280),
        UINT32_C(80),
        {0x9A,0x80,0xAC,0xF1,0xD8,0x6E,0x58,0x6E,0xBD,0xFD,0x73,0xBA,0x96,0x37,0xFE,0xA3,0x2A,0x31,0xE5,0xEA,0xC8,0xDC,0xA6,0xF6,0x05,0x27,0xD3,0x1D,0x42,0x50,0x73,0x39},
        {0x1F,0xAE,0x4D,0xB2,0xBC,0xDD,0x1A,0x14,0x9A,0xAA,0x64,0x61,0xA4,0xF8,0xB3,0x85,0x32,0x78,0xC4,0xF2,0x13,0x1B,0xB4,0xEB,0x4B,0x10,0xDE,0xFE,0xE1,0x4B,0x0C,0x32},
    },
    {
        UINT32_C(12516),
        UINT64_C(0x17F61AD78ABE746A),
        UINT32_C(1280),
        UINT32_C(80),
        {0x89,0xC5,0x9B,0xF5,0x7A,0x82,0x9C,0xF7,0xF5,0xE9,0xC1,0xE7,0xFF,0x51,0x76,0x23,0xF7,0x41,0xDC,0x23,0x3F,0x33,0x87,0x82,0x83,0x8B,0x4B,0x3F,0xC3,0xE4,0x2C,0x95},
        {0xC9,0xD9,0x83,0xCC,0x95,0xB4,0x39,0x86,0xD2,0x7F,0x19,0x90,0xFC,0x0E,0x1E,0xB7,0xBF,0xFD,0x4A,0xC3,0x29,0x90,0xF0,0x4B,0xE6,0x91,0x65,0x40,0x32,0x67,0xAD,0x6C},
    },
    {
        UINT32_C(12530),
        UINT64_C(0xEE3E255E68D3E9EC),
        UINT32_C(1280),
        UINT32_C(80),
        {0x22,0x51,0x01,0x8D,0xF3,0xDB,0x57,0x2C,0x84,0x63,0xB8,0xA9,0x3E,0x44,0x31,0x27,0x2D,0x19,0x45,0x8A,0xF0,0x33,0xB3,0x69,0x99,0x38,0xC2,0x8C,0x9A,0x26,0xE0,0x02},
        {0xF7,0x56,0xED,0x91,0x36,0x37,0xEF,0xEF,0xB3,0xED,0xBE,0xAE,0x18,0xDC,0x85,0x98,0x40,0xD3,0x2D,0xF9,0xCF,0xCC,0xAF,0x1F,0x22,0x23,0x45,0xA9,0x6B,0xEE,0x3D,0x81},
    },
    {
        UINT32_C(12606),
        UINT64_C(0xE594B1087652E015),
        UINT32_C(1280),
        UINT32_C(80),
        {0xD3,0xD1,0x79,0x01,0xBD,0x05,0x37,0xF4,0xE4,0x66,0x33,0x19,0x28,0x47,0xA8,0xCA,0x64,0x83,0xF0,0xE6,0x7C,0x6E,0x33,0x35,0x35,0xBF,0xC5,0x80,0x1F,0xA4,0xD3,0x1A},
        {0x83,0x6F,0x4E,0xA3,0x38,0xBB,0x63,0x3F,0x5C,0x4A,0xE2,0xA1,0x1F,0x4B,0xF1,0x80,0x23,0xB6,0x1B,0x28,0x52,0xC6,0xD0,0xEC,0x7B,0xA3,0x5B,0x1E,0x2A,0x21,0xAF,0x07},
    },
    {
        UINT32_C(12622),
        UINT64_C(0xF355C018F04D52CE),
        UINT32_C(1280),
        UINT32_C(80),
        {0x8E,0xA3,0xD0,0x47,0x77,0x18,0xC6,0x95,0x0F,0xE4,0xD0,0x7A,0xBC,0x65,0x67,0x58,0x22,0x25,0x8A,0x35,0x31,0xEC,0x14,0x63,0x87,0x17,0x50,0x36,0xD6,0x2B,0x95,0x4F},
        {0x31,0xE8,0x61,0x77,0x16,0x33,0x0C,0x73,0x86,0x91,0xC8,0x54,0x0A,0x02,0x76,0xFB,0x12,0x83,0xFB,0x33,0xBA,0x6B,0xD5,0xEB,0x92,0x97,0xC5,0xE8,0x5D,0xCF,0x6C,0x01},
    },
    {
        UINT32_C(12640),
        UINT64_C(0x69585313D8190442),
        UINT32_C(1280),
        UINT32_C(80),
        {0xFC,0xB1,0x39,0x1C,0x7C,0x95,0xCC,0x1B,0xDC,0x43,0x92,0x75,0xF1,0x32,0xAA,0x2E,0x5B,0x56,0xD1,0xB6,0x48,0xC9,0xD3,0xFE,0x62,0x41,0xBD,0x65,0x29,0x5D,0xA8,0xAD},
        {0x06,0xCB,0xDC,0x5D,0xEA,0xA6,0x99,0x9F,0x96,0x2C,0x5B,0x79,0xB2,0xD6,0x35,0xAB,0x2B,0x2D,0xC3,0xCF,0xB5,0xEA,0x6F,0xAF,0xB8,0xE4,0x35,0x0E,0x02,0xC1,0xE0,0x7F},
    },
    {
        UINT32_C(12654),
        UINT64_C(0xC0812B7EBB748157),
        UINT32_C(1280),
        UINT32_C(80),
        {0xD6,0x7E,0x86,0x89,0x68,0xF2,0x78,0xDA,0x6B,0xE0,0x49,0xE1,0x60,0xDA,0xDA,0xCA,0x2A,0xCA,0x79,0xE6,0x1A,0xFF,0xC9,0xA0,0xED,0x26,0x4F,0xDC,0x97,0x69,0x41,0x44},
        {0x2C,0x8B,0x14,0x74,0x9A,0x89,0xEE,0x27,0xA4,0x3E,0xC9,0x4E,0xE6,0x07,0x4D,0x74,0xBA,0x1A,0x6B,0x52,0x31,0x2A,0xBB,0xDA,0xEC,0xA2,0xEC,0xD1,0xDD,0xE6,0xD4,0x2F},
    },
    {
        UINT32_C(12662),
        UINT64_C(0x9B0ABBFEB3236FAB),
        UINT32_C(1280),
        UINT32_C(80),
        {0x89,0xC5,0x9B,0xF5,0x7A,0x82,0x9C,0xF7,0xF5,0xE9,0xC1,0xE7,0xFF,0x51,0x76,0x23,0xF7,0x41,0xDC,0x23,0x3F,0x33,0x87,0x82,0x83,0x8B,0x4B,0x3F,0xC3,0xE4,0x2C,0x95},
        {0xC9,0xD9,0x83,0xCC,0x95,0xB4,0x39,0x86,0xD2,0x7F,0x19,0x90,0xFC,0x0E,0x1E,0xB7,0xBF,0xFD,0x4A,0xC3,0x29,0x90,0xF0,0x4B,0xE6,0x91,0x65,0x40,0x32,0x67,0xAD,0x6C},
    },
    {
        UINT32_C(12690),
        UINT64_C(0x12BFD1E03EB83972),
        UINT32_C(1024),
        UINT32_C(600),
        {0x65,0x52,0x3A,0x86,0x77,0x65,0x11,0xAF,0x66,0x19,0x68,0x6C,0xAC,0x1B,0xDF,0x23,0x3A,0xE6,0x1A,0x83,0xB6,0x0D,0x9F,0x75,0x8B,0x5A,0xC0,0xF7,0x06,0x97,0x41,0x03},
        {0x46,0x91,0x25,0xAA,0x68,0xFA,0x09,0x4F,0x19,0x6A,0x7D,0xE8,0xF2,0x22,0xE3,0x7F,0xC4,0xF1,0xA8,0x14,0xFC,0xE2,0x61,0x8D,0x9E,0x48,0xA1,0xD6,0x26,0x6A,0x53,0x75},
    },
    {
        UINT32_C(12728),
        UINT64_C(0xD7A3A60BC4303D8F),
        UINT32_C(340),
        UINT32_C(128),
        {0x49,0xD4,0xC6,0xFF,0xC1,0x2F,0xDC,0x35,0xD5,0x19,0x19,0x6A,0x2B,0xE7,0x89,0x81,0x4D,0x91,0xCF,0xD8,0xE4,0xE2,0x3D,0xA1,0xE8,0xBA,0x27,0x63,0x53,0x44,0x50,0x81},
        {0x7D,0x23,0xB5,0xB2,0xA4,0xD5,0x8D,0x34,0x49,0x66,0x0A,0x55,0x0A,0x44,0x4B,0x67,0x55,0x6F,0xC9,0x40,0x31,0x26,0x73,0xE6,0xD8,0x64,0x48,0x5C,0x71,0x08,0xA7,0x65},
    },
    {
        UINT32_C(12730),
        UINT64_C(0x03A977C69C31F0DA),
        UINT32_C(1280),
        UINT32_C(80),
        {0x12,0xF9,0x03,0x8F,0x07,0xCD,0x63,0x70,0xFB,0xB2,0xB6,0x6B,0x71,0x38,0xF5,0x1D,0xF9,0xDE,0xFA,0x13,0x0C,0x70,0xA0,0xF0,0x53,0x45,0x91,0x4A,0xD8,0x1B,0xC3,0xF7},
        {0x7A,0x09,0x86,0x9F,0x9F,0x0C,0x64,0x68,0xE7,0x9F,0xEC,0x37,0x4F,0x49,0x3D,0x6C,0x87,0x0C,0x48,0x16,0x93,0x27,0x54,0xE4,0x1E,0x21,0xD2,0xB4,0x16,0xFC,0x8C,0x3F},
    },
    {
        UINT32_C(12732),
        UINT64_C(0x7FD334BA45AE8680),
        UINT32_C(340),
        UINT32_C(128),
        {0x16,0x88,0xCA,0x62,0xA8,0xAD,0x50,0xAF,0x15,0xAC,0xF5,0x84,0x78,0x45,0x1D,0x8B,0x6F,0x67,0xCD,0x7D,0x29,0x8A,0x65,0x5B,0x30,0x44,0xAF,0x1F,0x1F,0xE8,0x0A,0x02},
        {0x3D,0xFF,0x57,0x05,0xD9,0x41,0x38,0x20,0x91,0xDC,0x43,0x28,0xFD,0x9C,0x27,0xEB,0x34,0xED,0xFF,0xAA,0x7E,0xAD,0xD7,0xAF,0xC5,0x81,0xFA,0xB7,0x34,0xFA,0x54,0xAB},
    },
    {
        UINT32_C(12774),
        UINT64_C(0xCF9ACBE8D3DC8ED4),
        UINT32_C(1024),
        UINT32_C(600),
        {0x58,0x84,0x1C,0x88,0xA7,0x75,0x46,0x81,0x55,0xB8,0x28,0x75,0xD1,0xFF,0x28,0x60,0xEF,0x0F,0x52,0xF9,0xF4,0x11,0x27,0xB1,0x20,0xBA,0x1E,0x4A,0xC9,0x53,0x15,0x1D},
        {0x80,0x61,0x9C,0x6C,0x23,0x13,0xC8,0xAF,0x60,0xFB,0x8C,0x47,0xA1,0x24,0x6B,0x4C,0x79,0x17,0xF1,0xE7,0xB7,0x9C,0xD7,0x8D,0x7A,0x3C,0x7A,0xA3,0x53,0xAA,0x69,0xDB},
    },
    {
        UINT32_C(12794),
        UINT64_C(0x4808644F12E272AF),
        UINT32_C(340),
        UINT32_C(128),
        {0xB2,0x56,0x5C,0x0B,0x5F,0x65,0x28,0x1B,0x9A,0xD3,0xBD,0x89,0xB3,0xA9,0x1E,0x8A,0x56,0xDE,0xB2,0xA3,0x74,0x0D,0x49,0xB4,0x3B,0x4A,0x22,0x8A,0xDD,0xD3,0x7B,0xED},
        {0xA6,0x68,0x27,0xE4,0xE2,0x42,0xF1,0x6E,0xCC,0x8C,0x63,0x24,0xDD,0x9A,0x48,0x87,0x9B,0x7E,0x1B,0x6D,0x27,0x95,0x51,0xC3,0xEA,0x33,0x20,0xCF,0xB5,0x95,0x73,0x41},
    },
    {
        UINT32_C(12820),
        UINT64_C(0x8A21DE124FC3160E),
        UINT32_C(1280),
        UINT32_C(80),
        {0xF0,0x80,0xEA,0x59,0x43,0x9F,0xA4,0xDB,0xB5,0xFF,0xA0,0x75,0xE7,0x90,0xE7,0x07,0xD2,0xC2,0x50,0xF8,0x4F,0x00,0x41,0x09,0xDA,0x82,0x5C,0x0B,0x05,0x99,0x87,0x17},
        {0x74,0xEE,0x58,0xCA,0xA1,0xBD,0x19,0x54,0x82,0x61,0x8F,0x51,0x88,0x32,0x70,0x00,0x17,0x80,0xC5,0x44,0x92,0xF8,0xBB,0xF7,0xC1,0x1A,0x18,0x30,0x55,0x78,0x7F,0x6E},
    },
    {
        UINT32_C(12832),
        UINT64_C(0x4630001E9917B4CA),
        UINT32_C(1280),
        UINT32_C(80),
        {0x8E,0xAF,0x24,0x0C,0x0E,0x90,0xBF,0x0C,0xFD,0xE6,0xF1,0x7E,0xF2,0x00,0x9C,0x0B,0xA5,0x51,0xD0,0x1D,0xE4,0x11,0x62,0xD9,0x43,0x76,0x46,0xF3,0xBF,0x2D,0xCF,0x60},
        {0x01,0xF3,0xF0,0xE8,0x29,0x40,0xBE,0x43,0x5B,0x20,0xA8,0x32,0xD6,0x35,0xF6,0xB3,0x1E,0xF0,0x8D,0x3C,0x1A,0x7C,0xFC,0x10,0xE1,0xF7,0x17,0x35,0xB9,0xD9,0xF6,0x0F},
    },
    {
        UINT32_C(12838),
        UINT64_C(0xEB2719B83DF94DE6),
        UINT32_C(1280),
        UINT32_C(80),
        {0x06,0x0D,0xE3,0x5F,0x7D,0xC4,0x14,0xC9,0x50,0xC4,0x28,0xAE,0x18,0x4F,0xED,0xA6,0xB7,0x8F,0xBD,0x76,0xA5,0x35,0x0B,0x48,0x11,0x2A,0x81,0xED,0x6C,0x63,0xEF,0x59},
        {0x01,0x46,0x55,0xE7,0x52,0x73,0x11,0x56,0x25,0x90,0xD9,0x37,0xD3,0xE4,0xC1,0x00,0xFA,0x5E,0xFE,0x0B,0x69,0x86,0xD1,0x3F,0x18,0x18,0x46,0xD7,0x86,0x1C,0xB8,0x50},
    },
    {
        UINT32_C(12862),
        UINT64_C(0x8E5350F81B6B7243),
        UINT32_C(1280),
        UINT32_C(80),
        {0x3D,0x51,0x04,0x37,0x1A,0x58,0x97,0xCF,0x85,0xBE,0xFA,0xB4,0x2B,0x24,0x55,0x97,0x83,0xFF,0x58,0x0E,0xF8,0x40,0x6D,0x48,0x67,0xFF,0x92,0x08,0xD9,0x48,0x9E,0x37},
        {0x0E,0x30,0xEA,0xB3,0x3B,0x42,0x94,0x54,0xCE,0x31,0x8B,0x1E,0xD7,0x68,0xB3,0x78,0xF3,0x1B,0xCF,0xA0,0x86,0x8B,0x4C,0x8F,0x23,0x44,0x7D,0x29,0x3B,0xDC,0x00,0x4D},
    },
    {
        UINT32_C(12886),
        UINT64_C(0x132817B6B3125F58),
        UINT32_C(1280),
        UINT32_C(80),
        {0x5C,0x4D,0x09,0xF1,0xDB,0x99,0xD6,0xEC,0x0D,0x80,0x19,0xDC,0xAB,0xFE,0x78,0x64,0x11,0xBA,0xF4,0x0D,0x55,0x6E,0x6D,0x6E,0xCC,0xFE,0xEB,0x4E,0xC2,0xB1,0x04,0x21},
        {0xF6,0xFF,0x23,0x05,0x39,0x36,0xFB,0xB0,0xFC,0x58,0xF5,0x83,0xC3,0x45,0x0A,0x6C,0x17,0x91,0x04,0xAD,0xA1,0x46,0x51,0xED,0xC9,0x70,0xF6,0xFB,0xA7,0xD4,0xC3,0x12},
    },
    {
        UINT32_C(12932),
        UINT64_C(0xFE9ACB5CB1DC15F2),
        UINT32_C(326),
        UINT32_C(51),
        {0x9F,0xA6,0x47,0x75,0xC0,0xF1,0x60,0xF9,0xAA,0xF5,0x48,0xF8,0xE9,0xF9,0x03,0xC1,0x83,0x41,0x43,0xAF,0xD8,0x92,0x62,0x2C,0x12,0x91,0xE3,0x65,0xF1,0xC6,0x11,0xF3},
        {0x68,0x05,0x20,0xDD,0x00,0x8B,0xC8,0xE0,0x3F,0x51,0x4C,0x78,0x47,0xF0,0xB2,0x56,0x61,0x04,0xEC,0x55,0x45,0x72,0x83,0x61,0x60,0x95,0xFE,0xA9,0x97,0x29,0xC0,0xC4},
    },
    {
        UINT32_C(12934),
        UINT64_C(0xA748F4720C5B9B97),
        UINT32_C(1280),
        UINT32_C(80),
        {0xF0,0x34,0x64,0xF9,0x98,0x87,0xED,0x5F,0x69,0xD6,0x1D,0x13,0xDC,0x2A,0xD1,0x21,0xBC,0x88,0xC4,0xC1,0xE9,0x69,0x48,0x9B,0x1B,0xC8,0x01,0x45,0x8F,0xC1,0x3D,0x2F},
        {0x3C,0x26,0xA6,0xDA,0xF6,0x7D,0x5D,0x8D,0x96,0xA6,0x86,0x6F,0x39,0x70,0x0D,0x38,0x3D,0x37,0x8C,0x40,0x33,0xE2,0xA3,0xB4,0xB3,0x37,0x5F,0xF7,0xF9,0x53,0x12,0xB7},
    },
    {
        UINT32_C(12954),
        UINT64_C(0xE136006026298525),
        UINT32_C(340),
        UINT32_C(128),
        {0x84,0x3E,0xC4,0x08,0xAC,0x49,0x06,0x30,0xAC,0xEF,0xFB,0xF4,0xFF,0x33,0xFA,0xAF,0x37,0x96,0x97,0xF3,0xD1,0x45,0x4E,0xFF,0xFA,0x4A,0x33,0xFF,0x91,0xAE,0x0B,0xF7},
        {0x26,0xA4,0x68,0x83,0x42,0x9B,0x4A,0xA5,0x2A,0xB1,0xBF,0xF4,0x09,0xAC,0x25,0x8C,0xF6,0x96,0x4A,0x01,0x1D,0xF4,0x18,0x7F,0x9F,0xB4,0x1B,0x5B,0x1F,0x01,0x25,0x52},
    },
    {
        UINT32_C(12986),
        UINT64_C(0x26FFD75176998D79),
        UINT32_C(302),
        UINT32_C(72),
        {0x69,0xA8,0x98,0x9A,0x9F,0xB3,0x20,0xD0,0xA6,0x20,0xCE,0xD3,0xD6,0xE4,0xA4,0xAD,0x94,0x34,0x33,0xFB,0xF3,0x45,0x11,0xC9,0xF1,0xBB,0x1C,0xDE,0x08,0xF3,0xEA,0xED},
        {0x5B,0x43,0x33,0xD2,0x2D,0x23,0x01,0xFA,0xCE,0x4A,0x29,0x37,0x40,0xCE,0x54,0xC8,0x29,0xF6,0x75,0xCE,0x97,0x2E,0xCF,0x0D,0xD9,0x9D,0xC6,0xED,0x8B,0x54,0x5F,0x5E},
    },
    {
        UINT32_C(13054),
        UINT64_C(0xA831FD797F916F27),
        UINT32_C(1024),
        UINT32_C(600),
        {0xA3,0xCD,0xA2,0x6A,0x70,0xBF,0xC6,0x9B,0xDE,0x1D,0x01,0xB8,0xE7,0x93,0xD3,0x39,0x34,0x9C,0x32,0xAC,0x2A,0x1D,0x63,0x83,0xB3,0x43,0x76,0x16,0x9D,0x71,0x47,0xE9},
        {0xD2,0xF2,0xDB,0x9D,0xD5,0x7E,0xED,0x66,0x6A,0x1D,0x45,0x11,0xF8,0x4E,0x18,0x10,0xE9,0xAC,0x0E,0x95,0xCF,0x93,0x02,0xD4,0xBB,0x6B,0x94,0x6B,0x9D,0xC8,0xE7,0xD4},
    },
    {
        UINT32_C(13056),
        UINT64_C(0x65ABE7EED014E8BC),
        UINT32_C(1280),
        UINT32_C(80),
        {0x54,0xDF,0x51,0x97,0x87,0xFD,0x57,0xF6,0x70,0x9C,0x0B,0x8F,0xE4,0x14,0x05,0x81,0x17,0x33,0x7F,0x55,0xCC,0xC6,0xEB,0x16,0x29,0x57,0xF7,0x78,0xEA,0x78,0xCE,0x60},
        {0x80,0x74,0xA0,0x24,0x47,0x68,0xE7,0x0D,0x3C,0x80,0xEB,0xC0,0xE7,0x16,0xB8,0x1F,0x6A,0x5E,0x8F,0xE6,0x03,0x05,0xA8,0xBA,0x6E,0x9F,0xF1,0x20,0x61,0xC3,0x61,0xB9},
    },
    {
        UINT32_C(13066),
        UINT64_C(0x2CAF7AFA0023618B),
        UINT32_C(1024),
        UINT32_C(600),
        {0xBE,0xFD,0xA6,0x15,0xA5,0xB4,0xCA,0xEE,0xB8,0x02,0x0B,0x3E,0xB1,0xD2,0xE8,0x05,0x04,0xCA,0xF8,0xF0,0xFB,0x87,0x78,0x54,0x56,0xA2,0x24,0x54,0x3C,0x6B,0x30,0xA3},
        {0xFA,0x81,0x4D,0xDF,0x73,0xC5,0x26,0xC6,0x5F,0xC0,0x1D,0x89,0x63,0x43,0x33,0x61,0x47,0xBF,0x75,0x3A,0x4E,0x04,0x23,0xF4,0xC0,0x59,0x61,0x27,0x9B,0x7E,0x30,0x21},
    },
    {
        UINT32_C(13088),
        UINT64_C(0xDC1CF7DC93F65CE0),
        UINT32_C(1280),
        UINT32_C(80),
        {0x7B,0x39,0xBE,0x82,0xB7,0x1A,0xF4,0x09,0x13,0x00,0x37,0xAF,0x4A,0xA1,0x37,0x5B,0x63,0x2A,0xF6,0xE7,0x3C,0x29,0xD0,0x35,0xF5,0x2F,0x4D,0xFA,0xCF,0x57,0xF7,0x3A},
        {0xD7,0xFB,0x2F,0xB9,0x38,0x45,0xAA,0xB7,0x90,0x62,0x93,0x8A,0x0F,0x18,0x33,0x23,0xB5,0xD7,0x18,0x5F,0x64,0x55,0x56,0x2C,0x02,0x58,0xEC,0xC1,0x01,0x87,0xB3,0x13},
    },
    {
        UINT32_C(13090),
        UINT64_C(0x3B47EA61ADE03D01),
        UINT32_C(340),
        UINT32_C(128),
        {0x73,0x6A,0x28,0x01,0xD1,0x4F,0x74,0xA9,0x7D,0x04,0x89,0xC7,0x2F,0xF6,0xE4,0x4A,0x04,0xE5,0x6E,0x75,0xDB,0x98,0xFB,0x79,0x79,0x14,0xF5,0x5C,0xE3,0x44,0x53,0x1E},
        {0xFD,0x29,0x21,0x6E,0xF6,0x0A,0x24,0x83,0xEE,0xBD,0xE5,0xAA,0x40,0x2A,0x5D,0x92,0x46,0x57,0x6A,0xBC,0x57,0x01,0x51,0x99,0xEF,0xA4,0x12,0x0F,0x5C,0xFC,0xD8,0x71},
    },
    {
        UINT32_C(13096),
        UINT64_C(0xA898CC8C8D5C61A5),
        UINT32_C(340),
        UINT32_C(128),
        {0x3A,0x1C,0x5F,0x30,0x33,0xFA,0x74,0xC0,0x27,0x82,0x9B,0x5B,0x03,0x90,0x6A,0xC7,0xEA,0x2F,0x39,0xAB,0xB7,0xF7,0xE0,0xCF,0x49,0xF4,0x3C,0x63,0xD0,0x39,0xA9,0x5B},
        {0xCA,0x8D,0x07,0xBD,0x26,0x8C,0xDB,0xCE,0x7E,0xDF,0x3A,0x16,0x56,0xA0,0x8C,0xCC,0x26,0x77,0x09,0xE4,0x61,0xD8,0xA1,0x12,0xD8,0x58,0x51,0x62,0x33,0xA2,0x8C,0xC8},
    },
    {
        UINT32_C(13126),
        UINT64_C(0xDE4BFFE5A52E4DA0),
        UINT32_C(340),
        UINT32_C(128),
        {0x29,0x9E,0x1F,0x82,0xB3,0xD8,0xBE,0x79,0x67,0x75,0xD1,0x83,0xA5,0xBA,0x4A,0x9E,0xDB,0xE5,0xBA,0x8F,0x4B,0x48,0x29,0x4C,0x7A,0x4D,0xAD,0x3A,0x7F,0x2A,0xAE,0xE3},
        {0x1A,0x27,0x4A,0x89,0x75,0x23,0xEF,0x0A,0x42,0x8E,0xF3,0x83,0xB5,0xD8,0x82,0x57,0x02,0xE4,0x68,0xDD,0xC4,0x05,0x0A,0xF6,0x67,0xF4,0xE5,0xF5,0x2F,0xA9,0xFD,0xE9},
    },
    {
        UINT32_C(13146),
        UINT64_C(0x02756C213F373590),
        UINT32_C(1280),
        UINT32_C(80),
        {0x72,0x2A,0x3A,0xC1,0xE4,0x2D,0xA5,0xA7,0x2F,0x5F,0x5F,0x74,0xF4,0x1E,0x08,0x94,0x4C,0x5C,0xD3,0x62,0x7D,0x9C,0xC2,0xE3,0x08,0xF3,0x84,0xA1,0x03,0x05,0x9F,0x63},
        {0xD6,0x43,0x47,0x33,0x42,0x42,0x19,0x33,0xF1,0x4F,0x9C,0x75,0x0A,0xAD,0xBC,0xBA,0x30,0x4E,0xB6,0x04,0x43,0xD2,0xFB,0x0D,0xC9,0x82,0x2B,0x2A,0xAC,0x88,0x5C,0x3F},
    },
    {
        UINT32_C(13148),
        UINT64_C(0x6D463E5CDC5674C1),
        UINT32_C(1280),
        UINT32_C(80),
        {0xE1,0xEF,0x0A,0x1F,0x89,0x9E,0x78,0xD6,0xEB,0xF7,0xDF,0x61,0x50,0xBA,0x5A,0xE6,0xD0,0x83,0xEF,0xA2,0x0E,0x49,0x70,0x2C,0x11,0xB5,0xDA,0xBB,0xE3,0xB2,0x40,0xDC},
        {0x63,0xB8,0x6F,0x82,0x38,0x27,0x47,0xDC,0x44,0xDF,0xFC,0xD9,0xB2,0x6D,0x2D,0xC0,0x0F,0x7E,0x72,0xAD,0xB5,0xC0,0x15,0x77,0x97,0xCA,0x26,0x4D,0x6D,0x44,0xEA,0x18},
    },
    {
        UINT32_C(13180),
        UINT64_C(0x0FB81CF0B0B35247),
        UINT32_C(1280),
        UINT32_C(80),
        {0x10,0xF4,0x31,0x91,0x1D,0x8B,0x02,0x33,0xA3,0x59,0xB3,0x82,0xD5,0xC8,0x15,0x04,0xF7,0x90,0xA7,0xCB,0xFA,0x9B,0xB1,0xDC,0x07,0xB7,0x87,0xF6,0x68,0xCE,0xF7,0xDB},
        {0x6F,0xEF,0x91,0x6D,0x42,0xEE,0x11,0xB5,0xA8,0x4D,0x1A,0xA2,0x4C,0xD9,0xBF,0x7F,0x67,0x1A,0x67,0xFB,0x17,0x1F,0xA9,0x01,0xCE,0xCD,0x78,0xCF,0x5A,0x79,0x34,0xDF},
    },
    {
        UINT32_C(13180),
        UINT64_C(0x2C499B29845D4786),
        UINT32_C(340),
        UINT32_C(128),
        {0x6B,0x34,0x57,0xC7,0xFD,0x97,0x32,0x8D,0x23,0xC1,0xF6,0xC4,0x5D,0x2B,0x46,0xA5,0x12,0x0D,0x17,0xA3,0x8D,0x74,0x9C,0xF1,0x39,0x37,0xB0,0x2C,0x8C,0x8A,0x51,0xA7},
        {0xC9,0x04,0x1F,0xD0,0x70,0xE6,0x79,0x73,0xAC,0x74,0x8C,0x9C,0xC2,0x18,0xB4,0xD9,0x21,0x6F,0x67,0xB5,0x15,0xDE,0x28,0x9F,0x11,0xC1,0xC7,0x9F,0x7B,0x1A,0x38,0x2E},
    },
    {
        UINT32_C(13210),
        UINT64_C(0x826C0D23C374B6EF),
        UINT32_C(1280),
        UINT32_C(80),
        {0x84,0xD8,0xB9,0x55,0x6A,0xE3,0x10,0x9A,0xAB,0x16,0xA5,0xE8,0x9C,0x9F,0x9E,0x33,0x9E,0x7F,0x32,0x26,0x8F,0xCB,0x05,0x8C,0x6B,0x78,0xCC,0x8C,0x0E,0xAE,0x30,0xA6},
        {0x1F,0xFC,0xFA,0x9F,0xE8,0xA6,0x53,0x1F,0x54,0x27,0x5F,0xCD,0x81,0x82,0x8E,0x9D,0xA1,0xC3,0x9D,0x0A,0xA1,0x1E,0x0D,0xE0,0x28,0x28,0x94,0xD7,0x31,0x09,0xEC,0x0B},
    },
    {
        UINT32_C(13216),
        UINT64_C(0x071AAD47E7CF015D),
        UINT32_C(340),
        UINT32_C(128),
        {0xC7,0x8F,0x9D,0x58,0xAC,0x73,0x49,0xCA,0xCC,0xDF,0x65,0xF7,0xC2,0x00,0xD0,0xBC,0x9C,0x92,0x87,0xE5,0x24,0xDD,0x2E,0x65,0x9C,0xD6,0x6A,0x5C,0x34,0xA1,0x58,0x2E},
        {0xAF,0x19,0x4A,0x00,0xF8,0xEE,0x5A,0x9B,0x5D,0x2D,0xEE,0x1A,0x30,0x48,0x2F,0x41,0x06,0x4F,0xB8,0xF1,0x4F,0x97,0xFA,0x90,0x74,0xF6,0xD1,0xE5,0xD6,0xB4,0xED,0x53},
    },
    {
        UINT32_C(13218),
        UINT64_C(0x7BE1D2B6A060D9B0),
        UINT32_C(1280),
        UINT32_C(80),
        {0xE2,0x8A,0x8B,0xDA,0x53,0xE6,0x92,0x3A,0x65,0x9C,0x93,0x0D,0x60,0x5E,0x8C,0x07,0x5A,0xBD,0x84,0xE9,0xE3,0xCB,0x7C,0x57,0xEA,0xB2,0xEE,0x50,0xAE,0x25,0x8D,0x8C},
        {0xD0,0xA0,0x28,0x01,0x0C,0x91,0x02,0x69,0xB9,0x93,0xBD,0xF6,0xAC,0x6C,0x9B,0x89,0x75,0xCA,0x19,0xE7,0x56,0xA4,0x5A,0x1C,0x7E,0x12,0xA1,0x88,0xC3,0x4D,0x1B,0x01},
    },
    {
        UINT32_C(13234),
        UINT64_C(0xFF5BF3168C42AF7B),
        UINT32_C(340),
        UINT32_C(128),
        {0x71,0x45,0x90,0xBD,0x06,0x3A,0xF8,0x3C,0x28,0x17,0xD0,0x1C,0xAF,0x69,0xCB,0x68,0xC8,0xDF,0x38,0x30,0x9C,0x2C,0x0B,0xF5,0xEA,0xDF,0x3E,0xB0,0x0C,0x53,0xB9,0x56},
        {0xB0,0x0A,0xF7,0x03,0x1E,0x8D,0x6A,0x09,0x3E,0x93,0xE2,0x8A,0xAB,0x39,0x20,0x1E,0x7A,0x1F,0xF2,0x49,0x4F,0x73,0x4A,0x76,0x30,0x3F,0xA8,0xFD,0x0C,0xED,0x91,0x24},
    },
    {
        UINT32_C(13244),
        UINT64_C(0xB8C46708BAFA0527),
        UINT32_C(1280),
        UINT32_C(80),
        {0x7B,0x39,0xBE,0x82,0xB7,0x1A,0xF4,0x09,0x13,0x00,0x37,0xAF,0x4A,0xA1,0x37,0x5B,0x63,0x2A,0xF6,0xE7,0x3C,0x29,0xD0,0x35,0xF5,0x2F,0x4D,0xFA,0xCF,0x57,0xF7,0x3A},
        {0xD7,0xFB,0x2F,0xB9,0x38,0x45,0xAA,0xB7,0x90,0x62,0x93,0x8A,0x0F,0x18,0x33,0x23,0xB5,0xD7,0x18,0x5F,0x64,0x55,0x56,0x2C,0x02,0x58,0xEC,0xC1,0x01,0x87,0xB3,0x13},
    },
    {
        UINT32_C(13260),
        UINT64_C(0x7A63C93ED175E1C7),
        UINT32_C(340),
        UINT32_C(128),
        {0xD6,0xFD,0x20,0x48,0x78,0x2E,0xA9,0x24,0xD4,0xA9,0x48,0x90,0x9E,0x23,0xAC,0xE3,0x9D,0xA2,0x9D,0xD6,0x09,0x39,0x29,0x67,0xDE,0x50,0x6E,0x6C,0x2F,0x14,0x65,0x61},
        {0xCD,0x34,0xCE,0x68,0xDB,0x78,0xBE,0x5B,0x33,0xA0,0x71,0xC9,0x58,0xDF,0x8C,0xC1,0xF7,0xCB,0x80,0x94,0x39,0x2C,0xEB,0xCB,0x8A,0xCF,0x9E,0xAF,0xDB,0x12,0x5A,0x6E},
    },
    {
        UINT32_C(13264),
        UINT64_C(0x5A74E4CC6AF7B6F1),
        UINT32_C(1024),
        UINT32_C(600),
        {0xCC,0x89,0xAA,0x09,0x28,0xE5,0x79,0x07,0x5F,0xD8,0xD4,0xAE,0xF4,0x94,0xCD,0x20,0x48,0xA5,0x5D,0x0F,0xC4,0xB4,0x58,0x13,0x5F,0x2F,0x9E,0xE3,0x0A,0x10,0xF1,0x25},
        {0x9A,0xA3,0xC6,0x45,0x07,0x7C,0x49,0x9D,0x57,0x0E,0x2B,0x2E,0x16,0xB3,0xF3,0x30,0xB5,0x63,0xCE,0x1D,0x1D,0xEF,0x29,0x4A,0xF9,0x50,0x8A,0xA0,0xE5,0x39,0xAB,0x91},
    },
    {
        UINT32_C(13276),
        UINT64_C(0x7A391FFCD391F390),
        UINT32_C(408),
        UINT32_C(38),
        {0x1A,0x32,0xAF,0x2F,0x42,0x04,0xD6,0xAB,0x19,0xE5,0x5F,0x64,0x61,0xAB,0xD2,0xD0,0xE1,0x76,0x5B,0x06,0xDF,0xA1,0x7D,0xB6,0x31,0x0B,0xF2,0x54,0xE3,0x6F,0x3C,0x21},
        {0xFF,0x8F,0x4B,0x92,0xCB,0xAA,0x0F,0x54,0xFE,0xFB,0x6C,0x1B,0x75,0xAB,0x54,0xB7,0xC8,0xAF,0x00,0x10,0x58,0xC6,0x17,0x94,0x87,0xD4,0x31,0x62,0x34,0x65,0x78,0x45},
    },
    {
        UINT32_C(13360),
        UINT64_C(0xDED966C5F051B3F5),
        UINT32_C(1024),
        UINT32_C(600),
        {0x24,0xAF,0xDB,0xDD,0xCF,0x67,0x10,0x22,0xB1,0xC5,0xBB,0x76,0x07,0x64,0x9D,0xE9,0xDB,0xF8,0x96,0xC3,0xFA,0x99,0x68,0xE3,0xF5,0xF4,0x1C,0xEE,0x92,0x81,0x4F,0x64},
        {0x52,0x28,0x0A,0x94,0x5A,0x9A,0x10,0xE2,0x5B,0x69,0x30,0xB4,0xFF,0x23,0xD3,0xA4,0xD5,0x7C,0xFD,0xFB,0x43,0x0E,0x08,0xBD,0x65,0x40,0xF4,0xBD,0x38,0x19,0xBC,0x11},
    },
    {
        UINT32_C(13412),
        UINT64_C(0x1A3F87A6F2D29C9A),
        UINT32_C(340),
        UINT32_C(128),
        {0xF4,0x50,0xC5,0x13,0x88,0xB5,0x42,0x48,0x44,0xFB,0x45,0x5B,0xCF,0xC8,0x9B,0x64,0x11,0xED,0x7C,0x0D,0x76,0x3D,0x98,0x61,0xEA,0x62,0xBB,0x13,0xA7,0x6A,0x37,0x09},
        {0x74,0x40,0x1A,0x71,0xB1,0x28,0xEC,0xFF,0xA7,0x48,0x7C,0x8F,0x2D,0x42,0x30,0x96,0x1D,0x3D,0xDE,0xA0,0xD1,0x79,0x9B,0xCF,0xE3,0x1A,0xD8,0xBF,0x9E,0x6D,0x31,0x78},
    },
    {
        UINT32_C(13430),
        UINT64_C(0x89B07EB3DA3249E4),
        UINT32_C(1024),
        UINT32_C(600),
        {0xAF,0xE0,0xC7,0x8D,0x51,0x46,0x31,0x88,0x8A,0x10,0xD8,0x09,0x3F,0xA8,0x4B,0x4D,0x73,0x54,0x2C,0x82,0x6C,0x2C,0x4A,0x36,0x2D,0xCB,0xC5,0xEF,0xAF,0xC6,0x7A,0x1E},
        {0xA3,0x24,0xBF,0x5A,0xBC,0xFF,0x94,0x54,0x4C,0x2D,0xDA,0xF1,0xED,0x89,0x16,0x06,0x6A,0xCF,0xDB,0x73,0x3F,0x99,0x9C,0xD4,0x09,0x14,0x7C,0xBE,0xAF,0xF5,0x0E,0xA2},
    },
    {
        UINT32_C(13520),
        UINT64_C(0x8D16F57D933990A5),
        UINT32_C(1280),
        UINT32_C(80),
        {0xFA,0xB0,0xBA,0x00,0x7F,0xE4,0x99,0x18,0xAF,0x4F,0x96,0x21,0x44,0x01,0xDB,0xB8,0x1D,0x9D,0x1D,0x75,0x2A,0xC3,0xE4,0x40,0xD3,0x4D,0x61,0x35,0x14,0x3D,0xE3,0xE2},
        {0x87,0x94,0xF7,0xF1,0xA3,0x39,0x8B,0xFA,0x36,0xF0,0xF6,0x0E,0xBE,0x85,0xD5,0xA9,0xC5,0xCE,0x3B,0x08,0x7B,0x35,0xFB,0xAA,0x91,0x7B,0x6D,0xAC,0x23,0x18,0x7C,0xB3},
    },
    {
        UINT32_C(13528),
        UINT64_C(0x22E074529B74CA3C),
        UINT32_C(1024),
        UINT32_C(600),
        {0x38,0x55,0x02,0x8F,0xD9,0x26,0x36,0x67,0x9B,0x57,0xCD,0x53,0xB1,0x97,0xED,0xFC,0x73,0x09,0xA0,0xCB,0xC0,0x49,0x80,0x4F,0xA1,0x26,0xFA,0xC7,0x17,0x85,0xD3,0x9D},
        {0xA2,0xEE,0xC6,0xE4,0xAD,0x09,0x71,0xF7,0xB6,0xB0,0xEB,0xAF,0xE7,0xF7,0x73,0x40,0x41,0x81,0xED,0x2E,0xFC,0x9C,0x31,0x55,0xBA,0x40,0x81,0x11,0xA4,0x93,0x12,0xD5},
    },
    {
        UINT32_C(13562),
        UINT64_C(0x44E34F1B57A8364B),
        UINT32_C(1024),
        UINT32_C(600),
        {0xC6,0x44,0x60,0xD0,0x74,0xDA,0x1C,0xE6,0x1A,0x6D,0x2B,0xCD,0xE7,0x6A,0x05,0x7D,0xC0,0x78,0xFD,0x2D,0xAE,0x84,0xB3,0x0B,0xC7,0xC4,0xF5,0x9B,0x4C,0x99,0x84,0x5D},
        {0xDD,0xBA,0xC5,0x45,0xB5,0xEC,0x78,0x01,0x9F,0x9A,0x34,0x9B,0x52,0x4E,0x33,0x92,0xCB,0x5D,0x4B,0x03,0x38,0x73,0x1F,0xAE,0xE0,0x30,0x47,0x06,0x5B,0xFC,0xDE,0xB4},
    },
    {
        UINT32_C(13674),
        UINT64_C(0x905C96A6E5DAF021),
        UINT32_C(1280),
        UINT32_C(80),
        {0x54,0xDF,0x51,0x97,0x87,0xFD,0x57,0xF6,0x70,0x9C,0x0B,0x8F,0xE4,0x14,0x05,0x81,0x17,0x33,0x7F,0x55,0xCC,0xC6,0xEB,0x16,0x29,0x57,0xF7,0x78,0xEA,0x78,0xCE,0x60},
        {0x80,0x74,0xA0,0x24,0x47,0x68,0xE7,0x0D,0x3C,0x80,0xEB,0xC0,0xE7,0x16,0xB8,0x1F,0x6A,0x5E,0x8F,0xE6,0x03,0x05,0xA8,0xBA,0x6E,0x9F,0xF1,0x20,0x61,0xC3,0x61,0xB9},
    },
    {
        UINT32_C(13674),
        UINT64_C(0xB8745B5DB5CB95F6),
        UINT32_C(1024),
        UINT32_C(600),
        {0x18,0x2D,0x2C,0xD9,0x68,0x3B,0xBA,0xB4,0x20,0x8F,0xB2,0x5A,0x8D,0xDD,0x25,0x2A,0x90,0xA8,0xF3,0xA1,0x67,0x42,0x35,0x02,0xB5,0x26,0x92,0x7C,0x1E,0xDA,0x36,0xC1},
        {0x67,0xAB,0x47,0xF2,0xE9,0xF5,0x1E,0x95,0x55,0x99,0x8D,0xA7,0x5B,0x35,0x26,0xD0,0x3C,0x4D,0x3F,0xE8,0x21,0xB9,0xEB,0x50,0x26,0x20,0x4C,0x0C,0x44,0xEB,0x49,0x25},
    },
    {
        UINT32_C(13674),
        UINT64_C(0xF59FB6AF2354414A),
        UINT32_C(1024),
        UINT32_C(600),
        {0xBF,0xF4,0x6D,0x1B,0xC7,0x25,0xA3,0xC4,0xE5,0x7D,0x97,0x2F,0x72,0x39,0xC2,0x1B,0x91,0xFE,0x12,0x12,0xCF,0xBC,0x03,0x33,0x05,0x61,0xC0,0x26,0xF1,0x2F,0x93,0xB9},
        {0x1D,0xE1,0xCA,0x41,0x06,0x2E,0x1D,0x4D,0x50,0x47,0xC5,0x04,0xD2,0xE9,0xC0,0x0E,0x6E,0xBD,0xAA,0xF6,0x1A,0x7E,0xB6,0x98,0x86,0xC9,0xD6,0x04,0x11,0x5B,0xA0,0x5E},
    },
    {
        UINT32_C(13676),
        UINT64_C(0x2A2A22427848E46C),
        UINT32_C(340),
        UINT32_C(128),
        {0xFA,0x8A,0x46,0x24,0x5D,0x11,0x04,0x24,0xA7,0x54,0x8E,0xA0,0x57,0x59,0xAC,0xF2,0x0E,0x4D,0x3A,0x87,0x8D,0x59,0x56,0x44,0x1E,0x45,0x7E,0x62,0x92,0xDB,0xF0,0x83},
        {0x97,0x2D,0x1B,0x68,0x19,0xE8,0x41,0x5E,0x9B,0x44,0x78,0x06,0xAB,0x36,0xA4,0xD4,0x30,0x86,0xA1,0xBB,0xE6,0x1A,0xEA,0x47,0x92,0xB1,0x08,0x1B,0x9F,0x2D,0xA4,0x0C},
    },
    {
        UINT32_C(13688),
        UINT64_C(0xFF36734988553601),
        UINT32_C(1024),
        UINT32_C(600),
        {0x99,0xFA,0x4F,0x6E,0xC5,0x77,0x09,0xBE,0x19,0x70,0x11,0x50,0x25,0x49,0x46,0x69,0xED,0x0D,0x8E,0x66,0x3E,0xAB,0x85,0xB8,0x20,0x9A,0x4D,0x61,0x25,0xE4,0x28,0x50},
        {0xA8,0x77,0xC9,0x39,0x7F,0xD5,0x57,0x63,0x58,0x4A,0xCB,0x20,0xDC,0x97,0x2D,0x87,0x7B,0x10,0xC2,0x7C,0xDE,0x8A,0xBF,0x69,0x8D,0x92,0x37,0xC8,0x1A,0xE3,0xD9,0xA9},
    },
    {
        UINT32_C(13750),
        UINT64_C(0x3AB25DC7CD4F24D5),
        UINT32_C(1024),
        UINT32_C(600),
        {0xF4,0x3C,0xC0,0x20,0xF5,0x43,0x54,0x00,0x37,0xEB,0x5F,0x90,0xFF,0x52,0x1B,0x15,0xF3,0x99,0xAB,0x92,0x49,0xEE,0xEC,0xE6,0x07,0x4B,0xE9,0x40,0x13,0x4B,0xB7,0x99},
        {0x5A,0x5B,0x06,0xB2,0xD5,0x1A,0xFA,0x80,0x71,0xBE,0x92,0xAF,0xE1,0xF7,0x84,0x19,0x25,0x96,0x8B,0x5A,0xC5,0xE7,0xEC,0x28,0xB8,0xBD,0x1B,0xA8,0xEA,0xBC,0x59,0x18},
    },
    {
        UINT32_C(13812),
        UINT64_C(0x4B6F64B583CBD59F),
        UINT32_C(1280),
        UINT32_C(80),
        {0xE1,0xEF,0x0A,0x1F,0x89,0x9E,0x78,0xD6,0xEB,0xF7,0xDF,0x61,0x50,0xBA,0x5A,0xE6,0xD0,0x83,0xEF,0xA2,0x0E,0x49,0x70,0x2C,0x11,0xB5,0xDA,0xBB,0xE3,0xB2,0x40,0xDC},
        {0x63,0xB8,0x6F,0x82,0x38,0x27,0x47,0xDC,0x44,0xDF,0xFC,0xD9,0xB2,0x6D,0x2D,0xC0,0x0F,0x7E,0x72,0xAD,0xB5,0xC0,0x15,0x77,0x97,0xCA,0x26,0x4D,0x6D,0x44,0xEA,0x18},
    },
    {
        UINT32_C(13816),
        UINT64_C(0xA6C4DD48D90C5E5B),
        UINT32_C(1280),
        UINT32_C(80),
        {0x72,0x2A,0x3A,0xC1,0xE4,0x2D,0xA5,0xA7,0x2F,0x5F,0x5F,0x74,0xF4,0x1E,0x08,0x94,0x4C,0x5C,0xD3,0x62,0x7D,0x9C,0xC2,0xE3,0x08,0xF3,0x84,0xA1,0x03,0x05,0x9F,0x63},
        {0xD6,0x43,0x47,0x33,0x42,0x42,0x19,0x33,0xF1,0x4F,0x9C,0x75,0x0A,0xAD,0xBC,0xBA,0x30,0x4E,0xB6,0x04,0x43,0xD2,0xFB,0x0D,0xC9,0x82,0x2B,0x2A,0xAC,0x88,0x5C,0x3F},
    },
    {
        UINT32_C(13842),
        UINT64_C(0x07A416E212C9F10A),
        UINT32_C(1280),
        UINT32_C(80),
        {0x10,0xF4,0x31,0x91,0x1D,0x8B,0x02,0x33,0xA3,0x59,0xB3,0x82,0xD5,0xC8,0x15,0x04,0xF7,0x90,0xA7,0xCB,0xFA,0x9B,0xB1,0xDC,0x07,0xB7,0x87,0xF6,0x68,0xCE,0xF7,0xDB},
        {0x6F,0xEF,0x91,0x6D,0x42,0xEE,0x11,0xB5,0xA8,0x4D,0x1A,0xA2,0x4C,0xD9,0xBF,0x7F,0x67,0x1A,0x67,0xFB,0x17,0x1F,0xA9,0x01,0xCE,0xCD,0x78,0xCF,0x5A,0x79,0x34,0xDF},
    },
    {
        UINT32_C(13874),
        UINT64_C(0x0E9DC46FFED0F55A),
        UINT32_C(340),
        UINT32_C(128),
        {0x48,0x20,0xEF,0xCD,0x89,0xB8,0xA3,0x56,0xB0,0x32,0x29,0x6D,0x98,0xFA,0x82,0xB3,0x63,0xAD,0x86,0x9B,0x81,0x27,0x0B,0x13,0xE1,0x7B,0x2A,0xE1,0xC4,0x97,0x25,0x11},
        {0x09,0x37,0x80,0x1E,0x71,0xCA,0x7E,0x8E,0x27,0x6B,0xF7,0xC0,0xED,0x83,0x5D,0x01,0x97,0xF1,0xD5,0x5F,0x63,0x7B,0x6B,0xD1,0x18,0x0E,0x50,0x9B,0xA8,0xA6,0xE9,0xD9},
    },
    {
        UINT32_C(13874),
        UINT64_C(0xE378B2D350B212D6),
        UINT32_C(1280),
        UINT32_C(80),
        {0x84,0xD8,0xB9,0x55,0x6A,0xE3,0x10,0x9A,0xAB,0x16,0xA5,0xE8,0x9C,0x9F,0x9E,0x33,0x9E,0x7F,0x32,0x26,0x8F,0xCB,0x05,0x8C,0x6B,0x78,0xCC,0x8C,0x0E,0xAE,0x30,0xA6},
        {0x1F,0xFC,0xFA,0x9F,0xE8,0xA6,0x53,0x1F,0x54,0x27,0x5F,0xCD,0x81,0x82,0x8E,0x9D,0xA1,0xC3,0x9D,0x0A,0xA1,0x1E,0x0D,0xE0,0x28,0x28,0x94,0xD7,0x31,0x09,0xEC,0x0B},
    },
    {
        UINT32_C(13876),
        UINT64_C(0x79592EE25AE9E4FB),
        UINT32_C(1024),
        UINT32_C(600),
        {0x52,0x69,0xF2,0x2C,0x5D,0x4F,0x1F,0x69,0x05,0x47,0xA9,0xD1,0xFF,0x37,0x1D,0x52,0x06,0xF5,0xCD,0xDC,0x63,0x8E,0x38,0x4C,0xB9,0xBA,0x42,0x44,0xC0,0x83,0x08,0xF9},
        {0xDF,0x94,0x90,0x37,0xB9,0x4E,0xFD,0x9C,0xD6,0xA7,0x12,0xF1,0xC5,0x2C,0x15,0x89,0xB0,0x47,0x1E,0x82,0xBF,0x76,0xAA,0x4D,0x00,0xC3,0x23,0x0B,0x9C,0xA9,0xF2,0x9B},
    },
    {
        UINT32_C(13880),
        UINT64_C(0x5512F3F029F4F734),
        UINT32_C(1024),
        UINT32_C(600),
        {0x57,0x81,0x6B,0xC0,0xB8,0xD0,0xDB,0xDF,0x81,0x14,0xE6,0x81,0xA0,0xDF,0x36,0xE4,0xAF,0x99,0xE4,0x20,0x36,0x46,0x2E,0xE7,0x3E,0x7F,0xB8,0xDA,0xAF,0xD3,0xE5,0x92},
        {0x6F,0x91,0x28,0xD8,0x48,0x9A,0xF6,0xC9,0xE3,0x91,0x03,0xCB,0x88,0xE7,0xF5,0xE7,0xA5,0x83,0xF2,0xE9,0x65,0xA6,0x55,0x7F,0x1A,0x81,0x66,0x91,0x3A,0x3D,0x5C,0x96},
    },
    {
        UINT32_C(13882),
        UINT64_C(0x67526CFD875C964D),
        UINT32_C(1280),
        UINT32_C(80),
        {0xE2,0x8A,0x8B,0xDA,0x53,0xE6,0x92,0x3A,0x65,0x9C,0x93,0x0D,0x60,0x5E,0x8C,0x07,0x5A,0xBD,0x84,0xE9,0xE3,0xCB,0x7C,0x57,0xEA,0xB2,0xEE,0x50,0xAE,0x25,0x8D,0x8C},
        {0xD0,0xA0,0x28,0x01,0x0C,0x91,0x02,0x69,0xB9,0x93,0xBD,0xF6,0xAC,0x6C,0x9B,0x89,0x75,0xCA,0x19,0xE7,0x56,0xA4,0x5A,0x1C,0x7E,0x12,0xA1,0x88,0xC3,0x4D,0x1B,0x01},
    },
    {
        UINT32_C(13898),
        UINT64_C(0x05D30137BA4563C1),
        UINT32_C(340),
        UINT32_C(128),
        {0x7D,0xF7,0xFB,0x85,0xDC,0x24,0x03,0x7B,0x81,0xC9,0x13,0x09,0x59,0xB7,0x01,0x20,0xB1,0x5F,0x91,0x91,0xDD,0x3D,0xE0,0x05,0xF9,0x97,0xA2,0xCE,0xEC,0x3C,0x69,0x87},
        {0xAF,0x75,0x4A,0x2A,0x3A,0xD2,0x11,0x85,0xD3,0x3E,0x20,0x91,0xA6,0x41,0xE2,0xF2,0x37,0xF1,0x7D,0x38,0x02,0x2D,0xC5,0x0A,0x4D,0xD8,0x78,0x5E,0xC8,0x27,0x41,0x31},
    },
    {
        UINT32_C(13898),
        UINT64_C(0x4381CDCEDEA917A4),
        UINT32_C(1024),
        UINT32_C(600),
        {0xB8,0x3E,0x3D,0xD9,0x7D,0x71,0x0A,0xDC,0xE5,0xB8,0x81,0x45,0x2E,0x99,0x86,0x46,0x8E,0x9C,0xB4,0xC0,0x40,0x88,0x8A,0x03,0xC0,0x83,0x52,0xDB,0x17,0x69,0x13,0x4A},
        {0x79,0x3C,0x0E,0xCA,0x48,0xF7,0xFB,0x5D,0x76,0xCC,0x8E,0x71,0xE1,0x16,0x77,0x76,0x28,0x9F,0x63,0xD7,0x8A,0xA0,0x56,0x7F,0x87,0xCE,0x76,0x80,0x4C,0xC9,0xF4,0x19},
    },
    {
        UINT32_C(13920),
        UINT64_C(0x60AD67D395216A0A),
        UINT32_C(753),
        UINT32_C(51),
        {0x74,0xFB,0x94,0xBD,0x09,0x37,0xA9,0x62,0x72,0x5F,0x21,0x1E,0x8E,0x48,0xE1,0x71,0xC2,0x1E,0x41,0xDC,0x55,0x89,0xF8,0x7E,0x2D,0x32,0xF1,0x58,0x77,0x8A,0x42,0xBB},
        {0xB8,0xE4,0xC3,0x27,0x86,0xD2,0xFF,0x3A,0x78,0x44,0x10,0x5F,0x1D,0xE9,0x98,0xED,0x40,0xA7,0x8F,0xCB,0x20,0x4A,0x15,0x3D,0x42,0x95,0xD6,0x75,0x54,0x61,0x52,0x9E},
    },
    {
        UINT32_C(13926),
        UINT64_C(0x39A932A9EC21BE2E),
        UINT32_C(1280),
        UINT32_C(80),
        {0x3A,0xD8,0xF2,0x4F,0xC6,0x2F,0x54,0xF2,0xAC,0x53,0x81,0x6C,0x31,0x80,0x0D,0x8C,0x04,0xA7,0x9A,0x53,0x38,0xEC,0x6F,0xBA,0x02,0xF5,0x0C,0x42,0x4F,0xCC,0xE7,0x79},
        {0xCA,0x7F,0xC5,0x84,0x51,0x9E,0x34,0xCB,0x05,0x86,0x99,0x56,0xAF,0xCC,0xFE,0x6B,0xE6,0xAB,0x5B,0xD2,0x3E,0xEC,0x95,0xD9,0x1B,0x80,0xF5,0x4D,0xE6,0x84,0x2B,0xC6},
    },
    {
        UINT32_C(13990),
        UINT64_C(0x52F1C51957B987F0),
        UINT32_C(340),
        UINT32_C(128),
        {0x6B,0x17,0x5A,0x01,0xCF,0xF5,0x48,0xB3,0x21,0x57,0xD8,0xA9,0xEE,0x07,0x5C,0x99,0x09,0xD6,0x81,0x94,0x43,0x67,0x6F,0xE3,0x90,0x86,0x40,0xB0,0x3F,0x83,0x0E,0xC6},
        {0xF0,0xD0,0xA8,0xD6,0xB5,0xD0,0x2C,0xAC,0xA8,0x1F,0xFA,0xA4,0x64,0x00,0x3F,0x7C,0xA3,0x7B,0xD3,0x9E,0xAA,0xF7,0xDD,0xFA,0x3C,0xF0,0xB7,0x64,0x65,0xB9,0x6A,0xEA},
    },
    {
        UINT32_C(13996),
        UINT64_C(0x0DF8136FEF022280),
        UINT32_C(726),
        UINT32_C(44),
        {0x34,0xF2,0x7C,0x44,0xE8,0x0F,0x3D,0xA0,0x44,0x23,0x21,0x72,0x38,0x68,0x80,0xB6,0xDB,0x58,0x83,0xF4,0x18,0x5F,0x4F,0xCC,0x85,0x47,0x53,0x52,0xDD,0x4E,0x08,0xC9},
        {0x1F,0x2C,0x6D,0x5A,0x18,0x50,0x88,0x0D,0x40,0xCD,0xC4,0x88,0x42,0x60,0x95,0x82,0xAB,0x9A,0x55,0x30,0x5D,0x77,0xC7,0xCC,0x79,0xEE,0xD6,0x3C,0xFF,0x81,0x93,0x43},
    },
    {
        UINT32_C(14036),
        UINT64_C(0xA5FDD167562BE7F0),
        UINT32_C(1024),
        UINT32_C(600),
        {0x9E,0x3A,0xAB,0x28,0x42,0x2B,0x9A,0xFD,0xDF,0x4F,0xF4,0xEB,0x62,0x89,0x53,0x0B,0x98,0x26,0xB3,0x5D,0xA1,0x40,0x81,0xAD,0xDE,0x74,0x08,0xB5,0x32,0xF0,0x48,0x47},
        {0xE0,0xDB,0x31,0xB6,0xD5,0x90,0xFB,0x7D,0xBE,0xFF,0xF3,0xF0,0x69,0x39,0x50,0x63,0x00,0x12,0x90,0x87,0x74,0xE1,0x1C,0x5C,0x36,0x86,0x14,0x17,0x0D,0x8E,0xFC,0x9C},
    },
    {
        UINT32_C(14072),
        UINT64_C(0xB328260BC8C5DD4F),
        UINT32_C(726),
        UINT32_C(44),
        {0xA7,0x2A,0x3F,0x37,0x8D,0xA7,0x82,0x7E,0xDA,0x4B,0x47,0x16,0xEC,0xD1,0x1A,0x02,0xF4,0x29,0xAA,0x41,0x4D,0xD1,0x77,0xAB,0x3D,0x8E,0x4F,0x11,0x05,0x85,0x83,0x13},
        {0xF6,0x64,0x5A,0x3F,0x13,0x24,0xB0,0x1F,0x46,0x57,0xD3,0xD2,0x04,0xB7,0xE8,0x1B,0xAE,0x51,0xD0,0x59,0x02,0x57,0xBE,0x55,0xBF,0xF9,0xDE,0x4B,0x1C,0xC0,0xAD,0x95},
    },
    {
        UINT32_C(14168),
        UINT64_C(0x9F147AC7DA0FB921),
        UINT32_C(1024),
        UINT32_C(600),
        {0x22,0x23,0x49,0x8D,0x52,0xA8,0x6E,0xC5,0x51,0x73,0xCC,0x2C,0xAE,0x7F,0x70,0xCB,0xF4,0xFD,0xEB,0xC2,0x1D,0x80,0x57,0xCF,0x53,0xC7,0xAA,0x21,0xC4,0x5A,0xAD,0x0B},
        {0xBB,0x9C,0xC5,0xE0,0xF4,0x7F,0x82,0x34,0xF1,0x12,0x09,0x41,0x5B,0xDA,0xA6,0xCB,0x19,0x06,0xA7,0x00,0xD5,0x6E,0xE8,0xE1,0xE0,0x0F,0x23,0xA7,0x85,0x37,0x4A,0x7C},
    },
    {
        UINT32_C(14170),
        UINT64_C(0xF47336EA42625F77),
        UINT32_C(1024),
        UINT32_C(600),
        {0x3A,0x51,0x7E,0x03,0xFC,0x44,0x98,0x34,0x7B,0x1D,0xBD,0x6B,0xBE,0xF4,0x23,0x8C,0xE5,0x5E,0x15,0x85,0xE5,0x82,0x5E,0x4F,0x06,0xFA,0xDA,0x79,0x96,0xC8,0xCC,0x0F},
        {0xDD,0xFD,0x8D,0x7C,0x37,0x1C,0xCB,0x73,0x91,0xA3,0x3C,0xBE,0x82,0x33,0x56,0x8E,0x19,0x19,0xA8,0xE4,0x8A,0x4B,0xDA,0x82,0x8E,0x1E,0x2A,0x69,0x83,0x72,0x16,0x97},
    },
    {
        UINT32_C(14214),
        UINT64_C(0x162363CEF93BF944),
        UINT32_C(340),
        UINT32_C(128),
        {0x88,0xF3,0xE6,0x1B,0x25,0xDF,0x73,0xF9,0x63,0x8D,0x9E,0xB9,0x05,0x60,0xF3,0x1B,0xB8,0x8E,0xD3,0xE1,0xC1,0x8A,0x0C,0x3A,0x61,0xE0,0x2B,0xEF,0xC0,0xE3,0xB3,0xC0},
        {0xC4,0x95,0x45,0x78,0x87,0x1C,0xFD,0x4D,0x4B,0xD3,0x4D,0x02,0x78,0xDE,0x30,0xB1,0x1C,0xC9,0x45,0xC4,0x0D,0xE0,0x6C,0x13,0x18,0x9B,0xAB,0x53,0xF0,0xFD,0x21,0xB6},
    },
    {
        UINT32_C(14222),
        UINT64_C(0x4C1E366EB9A9AEE0),
        UINT32_C(340),
        UINT32_C(128),
        {0xFC,0x14,0x90,0xAD,0xBD,0xA5,0xE3,0x26,0x25,0xC0,0x6E,0x19,0x5D,0xC2,0xD4,0xCC,0xA6,0x72,0x5D,0x66,0xC9,0xC8,0x39,0x75,0xCC,0x44,0xC5,0x4F,0x7D,0x4C,0xC8,0x1C},
        {0x8E,0xD7,0xC7,0xFD,0xB2,0x97,0xBB,0x1E,0xAC,0x9F,0x11,0x09,0xD1,0x22,0xD8,0xC4,0xDC,0xBD,0x7F,0x56,0x82,0xD8,0xCE,0xB6,0xB4,0x6C,0x70,0x46,0xDC,0xFC,0x66,0xD6},
    },
    {
        UINT32_C(14248),
        UINT64_C(0x844A3B43F6859C26),
        UINT32_C(1024),
        UINT32_C(600),
        {0x2C,0xEC,0x48,0x22,0x50,0x43,0x3D,0x69,0x18,0xBE,0xB2,0xC6,0xA3,0xB4,0xB8,0xB9,0x8C,0x79,0x57,0x8D,0x66,0xDB,0xC2,0x39,0xE8,0xD3,0xBD,0x7F,0x04,0xD0,0x3F,0x1C},
        {0x5C,0xB7,0x9D,0x76,0x94,0x22,0x31,0x2F,0x09,0x92,0xAC,0x4C,0x48,0x10,0x3F,0x81,0xAD,0x00,0xD8,0x15,0xA3,0x3B,0xE8,0x31,0xD2,0x7B,0x85,0x5A,0x0F,0x9F,0xAE,0xDE},
    },
    {
        UINT32_C(14298),
        UINT64_C(0x50151DCF55F7FB2D),
        UINT32_C(340),
        UINT32_C(128),
        {0x26,0xA5,0x0B,0x80,0x69,0x7D,0x4F,0xA3,0xF5,0x0D,0x24,0xE1,0x7B,0x14,0x42,0xFF,0xDA,0xAB,0x6C,0x0A,0xB5,0x84,0xCD,0xA7,0x5D,0xD0,0xD9,0x4B,0x47,0x0B,0xBB,0x4D},
        {0x4F,0xEA,0x87,0x10,0x73,0x09,0xF7,0x94,0x39,0xF7,0x1D,0x0B,0x1A,0x85,0x1F,0xDC,0xC9,0xEB,0xEA,0x87,0x88,0x72,0x79,0x0E,0x97,0x56,0xFF,0x4C,0x64,0x82,0x60,0x5F},
    },
    {
        UINT32_C(14328),
        UINT64_C(0x1D402783E74C3E22),
        UINT32_C(340),
        UINT32_C(128),
        {0x26,0x3C,0x8B,0x16,0x04,0xD2,0x73,0x00,0xC8,0x94,0xCB,0x0F,0x22,0x08,0x88,0x21,0x0E,0x8B,0xBB,0xF0,0xEC,0x2E,0xB6,0x49,0x8E,0x71,0xF4,0x10,0xD6,0xFD,0xA6,0x4D},
        {0x12,0x1A,0xA0,0x4A,0x1D,0x4E,0x3F,0x12,0xBC,0x03,0x15,0xF7,0xA6,0x38,0x40,0x01,0x3D,0x5E,0x50,0x68,0x42,0x99,0x16,0x92,0x23,0xD5,0xE6,0x54,0x07,0x2D,0xD2,0x35},
    },
    {
        UINT32_C(14376),
        UINT64_C(0xE4D43026F17142CB),
        UINT32_C(1024),
        UINT32_C(600),
        {0x5F,0x5A,0x60,0xD9,0xB8,0xB0,0x82,0x4F,0x20,0xB0,0x51,0xB6,0x9F,0xEE,0x81,0x2E,0x65,0x88,0x56,0xB1,0x96,0xC8,0x50,0x69,0x2F,0x0D,0x15,0x96,0x94,0xBC,0xBE,0xA4},
        {0x3C,0x27,0xF9,0x3E,0x0B,0xF6,0x22,0xFC,0x00,0xBA,0x33,0x24,0xC4,0x6B,0x25,0xD6,0x36,0x72,0xDE,0xF6,0x6D,0xF6,0xEC,0xCA,0x6B,0xAC,0xD3,0x7A,0x16,0x13,0x1A,0x4F},
    },
    {
        UINT32_C(14420),
        UINT64_C(0x2D5847474662D4EE),
        UINT32_C(340),
        UINT32_C(128),
        {0x08,0xE6,0x18,0xD1,0x6C,0xB8,0x30,0x36,0x59,0x1A,0x8D,0xD9,0x45,0xA9,0x87,0x0D,0x51,0x99,0xBE,0xE4,0x80,0x1A,0x7D,0x83,0xA1,0x20,0xFF,0xE4,0xAD,0x5A,0x40,0x49},
        {0xDE,0xDD,0x06,0x24,0x3D,0x96,0xE8,0x33,0xC0,0x0F,0x15,0x36,0x55,0x91,0x2F,0x85,0x38,0x46,0xC9,0x43,0xE9,0x94,0x1D,0xCA,0x96,0x19,0x25,0xF5,0xD5,0xE4,0x71,0xC5},
    },
    {
        UINT32_C(14586),
        UINT64_C(0x4B62487101AD5D75),
        UINT32_C(1024),
        UINT32_C(600),
        {0x13,0xE1,0x20,0x01,0xBA,0xC0,0x0C,0x82,0x3D,0x2C,0xF2,0xCB,0xFF,0x87,0x11,0x09,0x60,0x38,0x7B,0x79,0x81,0xCA,0xE2,0xFC,0x1E,0xD2,0x96,0x45,0x64,0x40,0xEE,0xDF},
        {0xFD,0x63,0xF6,0xF2,0xEE,0xF3,0xA4,0x8E,0xE9,0xA5,0xC7,0xBA,0x04,0xE0,0xFE,0x15,0x94,0xC6,0x08,0xD6,0x5D,0x03,0x93,0x1D,0x7F,0x4F,0x05,0xFC,0xBA,0xAC,0x91,0x23},
    },
    {
        UINT32_C(14626),
        UINT64_C(0xEA036F56DB8F3948),
        UINT32_C(1280),
        UINT32_C(80),
        {0x63,0x32,0xCA,0xD7,0xDA,0x59,0x53,0x46,0x9D,0xD4,0xD3,0x9F,0x8F,0xEC,0x7A,0x89,0xD0,0x05,0x80,0xF5,0x98,0x7D,0x54,0xEC,0xE6,0xEE,0xC1,0xA6,0xF9,0x36,0xB1,0x70},
        {0xE5,0x11,0x6D,0x52,0x76,0xC4,0x1C,0x80,0x80,0xFA,0xC4,0x8D,0x4C,0xE0,0xA8,0x8A,0xB0,0x39,0x38,0xA9,0x8A,0xFA,0x99,0xE2,0x9C,0x9A,0x2E,0x37,0x46,0x26,0x82,0x20},
    },
    {
        UINT32_C(14678),
        UINT64_C(0xE6CDB9D45A5C266E),
        UINT32_C(1280),
        UINT32_C(80),
        {0x3A,0xD8,0xF2,0x4F,0xC6,0x2F,0x54,0xF2,0xAC,0x53,0x81,0x6C,0x31,0x80,0x0D,0x8C,0x04,0xA7,0x9A,0x53,0x38,0xEC,0x6F,0xBA,0x02,0xF5,0x0C,0x42,0x4F,0xCC,0xE7,0x79},
        {0xCA,0x7F,0xC5,0x84,0x51,0x9E,0x34,0xCB,0x05,0x86,0x99,0x56,0xAF,0xCC,0xFE,0x6B,0xE6,0xAB,0x5B,0xD2,0x3E,0xEC,0x95,0xD9,0x1B,0x80,0xF5,0x4D,0xE6,0x84,0x2B,0xC6},
    },
    {
        UINT32_C(14680),
        UINT64_C(0x5BC4DB99781C5216),
        UINT32_C(1024),
        UINT32_C(600),
        {0xE7,0x18,0x38,0x8B,0x31,0x1A,0xFE,0xB6,0x57,0xFD,0x5B,0x87,0x0A,0xA6,0x50,0xFC,0xCB,0x93,0x4A,0xAB,0xFC,0x35,0x14,0x37,0xE4,0x7A,0x39,0x08,0x77,0x9D,0x9D,0xB3},
        {0x6D,0xD1,0x08,0x7D,0x83,0x81,0x08,0x8D,0x0C,0xE1,0xB1,0xC0,0xFC,0x28,0x93,0xFC,0xAC,0x3B,0x7F,0xE6,0x59,0x5A,0xAD,0x58,0xB0,0x8F,0x90,0x94,0x9B,0x5C,0x9E,0x67},
    },
    {
        UINT32_C(14684),
        UINT64_C(0x4C116EFE7371869A),
        UINT32_C(1280),
        UINT32_C(80),
        {0x26,0x9A,0xEC,0x43,0xA2,0xB6,0x03,0xC5,0x4F,0x3E,0x81,0x3A,0x00,0xA1,0xC8,0x4B,0x57,0x2E,0xA7,0xDA,0xFE,0xA2,0xE8,0x7F,0xB4,0x67,0xD0,0xDE,0x1F,0xF8,0x21,0x85},
        {0x6C,0xD0,0x0F,0xBA,0x03,0x95,0xA3,0x2A,0x9A,0xB9,0xFF,0x8C,0x1C,0xF3,0xE0,0xA9,0x28,0x80,0x88,0x17,0x78,0x96,0x70,0x16,0x99,0x5A,0x7B,0x84,0xAD,0x6A,0xCB,0x7B},
    },
    {
        UINT32_C(14724),
        UINT64_C(0x27C3891440D7BF94),
        UINT32_C(1280),
        UINT32_C(80),
        {0x81,0x15,0x0A,0x3A,0x79,0x2D,0xB5,0x5A,0xE2,0xBD,0xF8,0xD4,0xFF,0xB7,0xAF,0x9D,0x56,0xC3,0x5B,0x40,0x4D,0xE2,0xE6,0xCB,0x60,0x2D,0x0A,0xB5,0xC4,0x6D,0x9C,0x9B},
        {0xF8,0x4A,0xDF,0x19,0xD1,0x2A,0x80,0xA7,0x55,0x40,0xDD,0x42,0xCD,0x13,0xE6,0xC9,0xB5,0x8B,0x3B,0xA1,0x08,0xEC,0xF2,0x7B,0x84,0x79,0x1A,0x32,0x22,0x9A,0xD7,0x0C},
    },
    {
        UINT32_C(14732),
        UINT64_C(0x811C73194B64275B),
        UINT32_C(1280),
        UINT32_C(80),
        {0x5F,0xCF,0x24,0x89,0x3E,0x0E,0x34,0x56,0x19,0x63,0xD0,0x69,0xC1,0xCC,0x46,0x93,0xB0,0xF7,0x78,0xD9,0xD3,0x97,0xC9,0x5B,0xE7,0x85,0x54,0xF4,0x9E,0x05,0xB0,0x10},
        {0x1D,0x95,0x53,0x47,0xEF,0x39,0xEA,0xC8,0xC6,0xDC,0xD0,0x34,0xCD,0x7A,0x63,0x57,0x4C,0x4C,0x7C,0x25,0xFF,0xD5,0x82,0xBE,0xE2,0x16,0x9F,0x5C,0x18,0xA4,0x64,0x2F},
    },
    {
        UINT32_C(14734),
        UINT64_C(0x057201F1A1AF69DB),
        UINT32_C(1280),
        UINT32_C(80),
        {0xA4,0x31,0xBE,0x41,0x78,0x96,0x1A,0x22,0x22,0xAA,0xAB,0xC0,0x5F,0xF5,0xAD,0xC4,0xA3,0x0C,0x6A,0xD7,0x8E,0xFB,0xE8,0x9C,0x13,0x29,0xBF,0x43,0x46,0x60,0x56,0x95},
        {0x6A,0x70,0xB0,0x8D,0x2F,0xD5,0xD0,0x87,0x81,0xDA,0xAB,0x1E,0xE3,0xA5,0xC9,0xF9,0x11,0x6F,0x9D,0xE4,0xA5,0x9E,0x2C,0x08,0x76,0xC6,0x5B,0x7B,0x5F,0x80,0x8F,0x7C},
    },
    {
        UINT32_C(14746),
        UINT64_C(0x263E31340987FA6D),
        UINT32_C(1280),
        UINT32_C(80),
        {0x9D,0xEB,0x7D,0x1A,0x13,0x1D,0xC3,0x19,0xC3,0x9B,0x7D,0x15,0xE7,0xBC,0x25,0x2D,0xE1,0xE2,0x89,0xD1,0xE5,0xC8,0xE9,0x84,0x85,0x98,0x97,0x63,0x8F,0x7A,0x4A,0xD4},
        {0xF5,0x5C,0x9D,0x57,0x91,0x45,0xC7,0x89,0xD3,0x7A,0xDA,0xC0,0xF3,0xFC,0xE1,0x45,0x97,0x44,0xB3,0x46,0x2A,0xF3,0x07,0x87,0xA6,0xF7,0x46,0xAC,0xD3,0x83,0x30,0x30},
    },
    {
        UINT32_C(14756),
        UINT64_C(0x3B77FDB296C19416),
        UINT32_C(1280),
        UINT32_C(80),
        {0xC8,0x48,0x23,0xD6,0x52,0xEB,0x31,0xF3,0x02,0x83,0x9A,0xFE,0xEB,0xF0,0xBC,0xB7,0x67,0x84,0xAD,0xE0,0x7A,0xA0,0x05,0x85,0x4F,0x62,0xE0,0xE6,0x14,0xD3,0x2F,0x7D},
        {0x3E,0xBB,0x87,0x40,0xC6,0x89,0xF5,0x46,0x32,0x3E,0x74,0xC6,0x12,0xEF,0xD6,0x64,0x3D,0x78,0xF2,0xB2,0x94,0xEF,0x5B,0x25,0x97,0x38,0x84,0x11,0x7C,0xE6,0xA4,0x61},
    },
    {
        UINT32_C(14758),
        UINT64_C(0x553D5A1BA637BEF8),
        UINT32_C(1280),
        UINT32_C(80),
        {0x46,0x87,0xE7,0xB6,0x9D,0x49,0xBB,0x2A,0x40,0xF2,0xDB,0x84,0x05,0x9C,0xA8,0x12,0x0F,0xDC,0xB3,0x82,0xD2,0xA9,0xCA,0xF8,0x7B,0x02,0xBF,0x87,0xCA,0xC5,0x41,0x7B},
        {0x65,0x96,0xB1,0xDC,0x4A,0x86,0x7D,0x13,0x6B,0x80,0xCC,0x85,0x82,0x84,0x64,0xBE,0x49,0x5A,0x2A,0xF8,0x54,0xA7,0x66,0x76,0x61,0x10,0x1D,0x31,0x4A,0xB4,0xAF,0x6F},
    },
    {
        UINT32_C(14770),
        UINT64_C(0x8403C11344DC0547),
        UINT32_C(1280),
        UINT32_C(80),
        {0x4F,0x50,0x5F,0xA9,0x07,0xAC,0xE4,0x0C,0x52,0x3D,0xEE,0xAE,0x7C,0xA8,0x37,0x2A,0x3A,0xAC,0x1F,0x24,0x9D,0x12,0x75,0x2F,0x6C,0x3B,0x31,0xD1,0x65,0xFE,0xF7,0xE7},
        {0x2F,0x70,0xC9,0x41,0x3F,0x7C,0x2A,0x4B,0xBE,0xE1,0x2E,0xC1,0xC4,0x03,0x08,0x98,0xC7,0x9C,0xFA,0xC5,0xC2,0xFF,0x75,0xD1,0xD3,0xD2,0x29,0xEC,0xA4,0xE1,0xF0,0x87},
    },
    {
        UINT32_C(14772),
        UINT64_C(0xDF302DA4926EE79C),
        UINT32_C(1280),
        UINT32_C(80),
        {0xBC,0x05,0x13,0x63,0x56,0x9A,0x77,0x39,0xEB,0x98,0x3C,0x30,0xF5,0xE7,0xEA,0xA2,0x96,0xE8,0xE7,0x77,0xC9,0x5F,0x43,0x87,0xE0,0x69,0x3F,0xA5,0x05,0x23,0xB7,0x04},
        {0xD2,0xF6,0xD0,0xEE,0x27,0x17,0x0D,0xE4,0x7A,0x11,0xBF,0x31,0xED,0x04,0x9D,0xC9,0x18,0x57,0xA4,0xD5,0x5C,0x19,0x6E,0xEC,0x7E,0x7A,0xE0,0xBB,0x2F,0x71,0x4A,0x5B},
    },
    {
        UINT32_C(14776),
        UINT64_C(0xEB593B0BC6D3B86F),
        UINT32_C(1280),
        UINT32_C(80),
        {0x3C,0xB7,0x15,0xD7,0x34,0xC9,0x7E,0xD6,0x1C,0x87,0x36,0x59,0x2D,0xBC,0xDA,0xE2,0x08,0xD3,0xAD,0x31,0x57,0x0E,0x84,0xAF,0x60,0x33,0xAA,0xDA,0xC2,0x34,0x54,0x9C},
        {0xF0,0x09,0x7A,0x0A,0xE1,0x2A,0x29,0x7E,0x31,0x81,0x25,0xEA,0xD8,0x47,0xD3,0x30,0xD4,0xDC,0x7E,0x91,0x12,0x2E,0xDB,0x88,0x6D,0xBA,0x3E,0x0A,0x2C,0x00,0x71,0x56},
    },
    {
        UINT32_C(14784),
        UINT64_C(0x668BA236DC74612D),
        UINT32_C(1280),
        UINT32_C(80),
        {0x3F,0x4F,0x47,0x87,0x6E,0xF6,0x05,0xC9,0xF5,0x49,0xE4,0x56,0x5D,0xBA,0x85,0x5C,0x22,0x94,0x8C,0xEA,0x49,0x76,0x78,0xD0,0xC5,0x4E,0x52,0x67,0x42,0x67,0xF2,0xAC},
        {0x19,0xB7,0x90,0xD2,0x44,0x94,0xFE,0x1D,0xD7,0xB8,0xA5,0x65,0x34,0x73,0x4D,0xF1,0xDE,0x86,0x02,0x52,0xB5,0xC7,0x51,0xDC,0xAA,0x4C,0xD5,0x5C,0x8A,0xDB,0xD4,0xDF},
    },
    {
        UINT32_C(14786),
        UINT64_C(0x31D15BE23303BEEB),
        UINT32_C(1280),
        UINT32_C(80),
        {0x5A,0x5B,0xAE,0x2F,0x03,0xE1,0x2E,0xF2,0x06,0x97,0x9B,0x8B,0x1F,0xEC,0xE9,0x23,0x62,0x4C,0xDD,0x00,0xF0,0xA9,0xA7,0xC8,0xAB,0x36,0xF1,0x3B,0xA2,0xA1,0x1D,0xC5},
        {0x78,0x05,0xCA,0x5D,0x4F,0x1B,0xC1,0x49,0xB3,0xA6,0x62,0x4D,0x39,0xEA,0x03,0xF9,0x5B,0x6B,0x0E,0xE1,0xFD,0x9C,0xFA,0xC4,0x91,0x70,0x87,0x84,0xFC,0x0A,0x65,0x3D},
    },
    {
        UINT32_C(14792),
        UINT64_C(0x2AE289D2A779416E),
        UINT32_C(1280),
        UINT32_C(80),
        {0x50,0xA8,0xD6,0x37,0x01,0x7B,0x2E,0xDC,0xD7,0x97,0xFB,0x58,0x2A,0xE8,0xDF,0x6B,0xBD,0x99,0x98,0x2F,0x9F,0x79,0x61,0xC0,0x86,0x59,0x74,0x71,0x2A,0xCC,0x53,0x71},
        {0x32,0x96,0x9A,0x10,0xDE,0xE0,0xC7,0xC6,0xC9,0x23,0x60,0x82,0x29,0x78,0x40,0x66,0xE8,0xD5,0x48,0xBD,0xBE,0x90,0x1C,0x34,0xA7,0xAF,0xDC,0xCC,0xFA,0x66,0xD6,0x63},
    },
    {
        UINT32_C(14798),
        UINT64_C(0xFE48609FEEE3CB54),
        UINT32_C(1280),
        UINT32_C(80),
        {0xB2,0x70,0x0B,0x5F,0x92,0x31,0xE1,0xC2,0xF0,0x87,0xEC,0xEB,0x97,0xDF,0xAB,0xCD,0x1E,0xCE,0x76,0x67,0xB0,0x76,0x31,0x60,0xA6,0x03,0xD4,0x97,0x5C,0x3F,0xE4,0x0F},
        {0x2A,0xBE,0x8E,0x39,0x2B,0xB8,0x56,0x05,0xA2,0x4A,0xEC,0x6B,0xBA,0xBD,0xFF,0x11,0x9A,0x01,0xE3,0xA3,0xC4,0xA1,0x38,0x8F,0x85,0x14,0x48,0x94,0x7C,0xAF,0x29,0x2D},
    },
    {
        UINT32_C(14816),
        UINT64_C(0x19A551BAC7670FA3),
        UINT32_C(1280),
        UINT32_C(80),
        {0x9A,0x19,0x85,0x8E,0xB1,0xF5,0xE6,0xDC,0x08,0x38,0xAC,0x19,0xF6,0xAC,0x1A,0x4D,0xB5,0xE3,0x57,0x39,0xDC,0x79,0xB4,0x04,0x16,0xDF,0x84,0xE2,0xF9,0x2E,0x37,0xE6},
        {0xDE,0x1D,0x94,0x01,0x4E,0x11,0x26,0xA5,0xD5,0x21,0xD0,0x03,0xB8,0xF9,0xE3,0xB3,0x99,0x00,0xD1,0x5C,0xC5,0x2D,0x5D,0x79,0x26,0x4B,0x89,0x11,0xD2,0xB8,0xA7,0x28},
    },
    {
        UINT32_C(14822),
        UINT64_C(0xCEC3CFCE6C5D5F61),
        UINT32_C(1280),
        UINT32_C(80),
        {0x4E,0x2C,0x21,0x17,0x35,0xDB,0xD8,0x2B,0xB1,0x69,0x5F,0x1A,0x83,0xB7,0xC5,0xAA,0x99,0x40,0xC1,0xDC,0xDC,0x43,0x0C,0xA3,0x89,0xCB,0x28,0xB3,0x95,0x9C,0x7F,0x39},
        {0xBC,0x9B,0x62,0x70,0xCE,0xB5,0x25,0x84,0x53,0x8A,0xEF,0x76,0x35,0x00,0x4A,0xE4,0x1E,0x4C,0x66,0x8B,0x9E,0xBE,0xA8,0x62,0x6D,0xD7,0x29,0x39,0x4A,0x08,0xDA,0x9E},
    },
    {
        UINT32_C(14846),
        UINT64_C(0x5B199079A5E8DDD7),
        UINT32_C(1280),
        UINT32_C(80),
        {0x11,0x2B,0xB1,0xA2,0x80,0xD9,0x05,0x94,0x14,0xC5,0xA6,0x67,0xD5,0x5B,0xD3,0xB0,0xC0,0xBC,0x4E,0xCA,0x6F,0x98,0xA4,0x99,0x7A,0x7A,0xC9,0xBB,0x2D,0xB9,0x6E,0x8B},
        {0x7B,0xCF,0xD3,0x37,0xB8,0x71,0xB6,0xB9,0x0C,0xB0,0x2E,0xFE,0xBC,0x53,0x85,0xE9,0x4A,0x80,0x21,0x28,0xD8,0x01,0xB7,0xE8,0x7F,0x53,0xB3,0xF9,0x77,0x7A,0x0E,0x6B},
    },
    {
        UINT32_C(14848),
        UINT64_C(0x75CA6E35C34D87BA),
        UINT32_C(1280),
        UINT32_C(80),
        {0x04,0x0C,0xFB,0xAA,0xD0,0x5E,0xD6,0xBD,0xA6,0x70,0x00,0xAC,0x2B,0x17,0x0C,0xFA,0xCC,0xF8,0x4C,0xDB,0x13,0xF3,0x87,0xB2,0x8B,0xAD,0xDF,0x9A,0x0C,0x21,0xD0,0x9D},
        {0x12,0xE0,0x97,0xC5,0x0A,0x46,0x74,0x68,0x08,0xC0,0x17,0x4C,0xC7,0xC6,0xAE,0x54,0x36,0xF1,0x13,0x75,0xF6,0xDC,0x04,0x57,0xDB,0x7E,0x8C,0xB6,0xCF,0x03,0xF5,0x71},
    },
    {
        UINT32_C(14860),
        UINT64_C(0xDB7D1A65B9FA70EC),
        UINT32_C(1024),
        UINT32_C(600),
        {0x7F,0x79,0x28,0x83,0x35,0xA4,0xEE,0x4C,0xFD,0x89,0x80,0xE8,0xE8,0x66,0xF5,0xF1,0xC8,0x2F,0x8D,0x9A,0x93,0x3F,0x15,0x6F,0x52,0xE4,0xBE,0x3D,0x8C,0xFD,0x17,0x92},
        {0x3C,0xEB,0x95,0x2D,0x2B,0xF0,0x6C,0x43,0xA6,0x29,0xF5,0x6D,0xE4,0x5D,0x95,0x08,0x64,0xB6,0xFF,0x60,0x69,0x38,0x8D,0x99,0xB7,0x1D,0xEF,0x8A,0xF7,0x4E,0xFF,0xA5},
    },
    {
        UINT32_C(14880),
        UINT64_C(0xFC30ED72BC7A4950),
        UINT32_C(1280),
        UINT32_C(80),
        {0x4F,0x90,0x46,0x29,0xDC,0x7C,0x0E,0xED,0x73,0x12,0xCA,0xF2,0x8A,0xF3,0x84,0x59,0x3F,0x8D,0x22,0x49,0x49,0xF2,0x98,0x8C,0xCB,0xBF,0x65,0xF0,0x1A,0xD3,0x49,0x15},
        {0xFE,0xBA,0x13,0x1D,0x06,0xF1,0xDB,0x7E,0xCB,0xF0,0x80,0x0A,0xDA,0xE1,0x1D,0xFF,0x86,0x92,0xEE,0xCA,0xBE,0x55,0x9A,0x44,0x02,0x5F,0x7C,0x63,0x70,0xEC,0x05,0xB9},
    },
    {
        UINT32_C(14906),
        UINT64_C(0xBA58AC738B6EB5E0),
        UINT32_C(326),
        UINT32_C(51),
        {0xAB,0x5E,0xD3,0x44,0x78,0xA0,0x5E,0xFA,0x63,0x09,0xB4,0x88,0x14,0x69,0x1F,0x82,0x5A,0x9A,0x3F,0xBB,0xA8,0x6B,0x80,0x94,0xE9,0x37,0x46,0x86,0xCA,0x2D,0xB8,0xA8},
        {0x29,0xA8,0x1B,0x71,0x90,0x42,0x30,0x71,0x31,0xBF,0x3C,0x1F,0xD2,0x94,0x9F,0xFB,0xC2,0xE1,0xDC,0x4B,0xF4,0xF1,0xE2,0xB9,0x98,0x1A,0xBF,0xF6,0xA8,0xE4,0xDA,0x27},
    },
    {
        UINT32_C(14970),
        UINT64_C(0x436FFA12B8F6CCEB),
        UINT32_C(302),
        UINT32_C(72),
        {0xCA,0x0B,0xE3,0xE5,0x98,0x1E,0xA5,0x39,0x21,0xA5,0x8D,0xAC,0x44,0x24,0x4E,0xAE,0xAF,0x88,0x85,0x0B,0x96,0x21,0x43,0x82,0xB4,0x1C,0xE9,0xB1,0x2B,0x30,0x21,0x83},
        {0xEB,0xDA,0x30,0x1A,0x64,0x2D,0xB3,0xDE,0x71,0x11,0x18,0x15,0x4B,0xB8,0xCB,0xEF,0x19,0x8B,0x86,0x1A,0x3A,0xAF,0xB0,0x9D,0xD1,0x22,0xBE,0x10,0x62,0xD1,0x1D,0x4D},
    },
    {
        UINT32_C(15002),
        UINT64_C(0x6078A80AFEF6D385),
        UINT32_C(1280),
        UINT32_C(80),
        {0x2E,0xE4,0xD6,0x6B,0xC7,0x5E,0x22,0x58,0xD2,0x73,0x40,0xEB,0x02,0xA0,0xF6,0xB1,0xE4,0xEB,0x5F,0x07,0xD0,0xA1,0xDA,0x95,0x86,0x60,0x45,0x5F,0xB5,0xE6,0x34,0x36},
        {0x37,0x12,0xA5,0x7E,0xA7,0x54,0x57,0x90,0xD5,0x5A,0x63,0x0C,0xBF,0x9E,0x23,0xF6,0x35,0x35,0x82,0x68,0xC5,0x8D,0x92,0xE7,0xD9,0x73,0xC1,0xAE,0x9D,0xFC,0xEF,0x96},
    },
    {
        UINT32_C(15044),
        UINT64_C(0x2794EB9E10A8EF60),
        UINT32_C(1024),
        UINT32_C(600),
        {0x24,0xE4,0xE3,0xF5,0x65,0x8C,0x80,0x6C,0xE2,0x97,0x9B,0x20,0x38,0x9C,0xA1,0xD3,0x06,0xB0,0x12,0x37,0x9E,0xC6,0x18,0xFD,0x04,0xC2,0x58,0x23,0x1F,0x11,0x0E,0x06},
        {0x29,0x86,0x77,0xCC,0xAA,0x54,0xDB,0x6A,0xC7,0x14,0x9D,0x05,0x9C,0x54,0x8D,0x7A,0x93,0xA1,0x2E,0xAD,0x38,0x54,0xF5,0x40,0xEF,0x01,0x2D,0x3F,0xD8,0xD8,0xBC,0xA9},
    },
    {
        UINT32_C(15074),
        UINT64_C(0xCE25084A66AB09DB),
        UINT32_C(1280),
        UINT32_C(80),
        {0x48,0x32,0x45,0x22,0xCB,0x2A,0x04,0xBC,0x48,0x1E,0x57,0x0E,0xDA,0xCE,0xF4,0xF1,0x3F,0x24,0x8C,0x64,0x7A,0x05,0xAE,0x59,0x9A,0x3D,0xD6,0xBB,0xBD,0xC0,0x9D,0x82},
        {0xDE,0xD6,0xA0,0x81,0xE4,0x41,0x6A,0x2A,0x27,0x20,0xD4,0x7C,0x85,0xA7,0xCB,0x13,0x19,0xE2,0x43,0xF3,0x92,0x37,0x22,0x6F,0xA6,0x69,0x02,0x40,0x8B,0x2D,0xCE,0xBA},
    },
    {
        UINT32_C(15102),
        UINT64_C(0xE03B0D570D6BCFA0),
        UINT32_C(340),
        UINT32_C(128),
        {0xCC,0x5E,0x8F,0xA2,0x99,0xFA,0x3D,0x12,0x87,0x05,0xC4,0x4D,0x79,0x12,0x5C,0xC6,0xEB,0x0E,0x8B,0xA2,0xEA,0x69,0x17,0x05,0xA5,0x19,0x17,0xE2,0xEF,0x64,0x3F,0x3A},
        {0x3B,0x78,0x90,0xC6,0x40,0x24,0xDD,0x6B,0xF7,0x5F,0x8D,0xC9,0xCD,0xA0,0xF2,0x10,0x3B,0xB4,0xB1,0x02,0xB1,0x16,0x0E,0x22,0xA1,0xBF,0x62,0x3F,0x05,0xEA,0x84,0xAD},
    },
    {
        UINT32_C(15136),
        UINT64_C(0x6E0E0849F2C6EBAC),
        UINT32_C(1280),
        UINT32_C(80),
        {0x99,0xC7,0xFA,0xB9,0x90,0x25,0xDA,0x1C,0x1D,0x34,0xF6,0x94,0xED,0x92,0x30,0x85,0x50,0xA5,0x4C,0xE6,0x3B,0x53,0xD3,0x10,0x7F,0xA2,0xA8,0x41,0xA9,0x03,0x98,0x2F},
        {0x4D,0xAD,0x34,0xCE,0xE1,0xE4,0x96,0x4C,0xDB,0x5D,0x96,0xA6,0xFF,0x5F,0xD2,0x88,0xF0,0xDA,0xD3,0x8F,0xB6,0x47,0xEF,0x18,0x6B,0x7E,0xBE,0x34,0x51,0xA8,0x15,0xF4},
    },
    {
        UINT32_C(15142),
        UINT64_C(0x3325BB8BE48F9B60),
        UINT32_C(1280),
        UINT32_C(80),
        {0x2F,0x1D,0x46,0x67,0x8D,0x3A,0xF9,0x28,0x16,0x1A,0x66,0x5E,0x13,0xFF,0x61,0x70,0x1F,0x0E,0x5C,0x9F,0xC3,0x5F,0x91,0xDF,0xFB,0x85,0xE9,0xAA,0xA3,0xA8,0x74,0x28},
        {0x78,0xDE,0x1B,0x04,0x1D,0xFC,0x47,0xF6,0x54,0xE8,0x90,0xD8,0xFD,0x2C,0x69,0x1E,0x96,0xE4,0x38,0x30,0x6A,0xD4,0x27,0x49,0x96,0x2C,0x0C,0xD5,0x47,0xCE,0x7F,0xBE},
    },
    {
        UINT32_C(15146),
        UINT64_C(0xA1FE76D1FE743F66),
        UINT32_C(302),
        UINT32_C(72),
        {0xC7,0x9D,0x01,0x00,0x1E,0x70,0x9C,0xE7,0x97,0x2A,0x78,0x5B,0x2B,0x26,0xC8,0xAA,0x82,0xE2,0x3B,0x1E,0x8F,0xA9,0x28,0x6B,0x76,0xC6,0xB4,0x29,0x85,0xA5,0xD1,0x42},
        {0x29,0x1B,0x46,0xE9,0x99,0x60,0x27,0x9E,0x0B,0x1D,0x11,0x67,0xFE,0xB6,0x3D,0x3D,0x93,0x57,0x1E,0x50,0x0A,0xE6,0xF3,0x92,0x0B,0x9C,0x0C,0x18,0x44,0xAB,0xDE,0x37},
    },
    {
        UINT32_C(15150),
        UINT64_C(0xFB68840E39AAD00C),
        UINT32_C(1280),
        UINT32_C(80),
        {0x5E,0xEC,0x4F,0xA1,0x0F,0xB3,0xB6,0x95,0x43,0x4F,0x47,0xB7,0xD3,0xE2,0x02,0xB6,0xEB,0xB0,0xE8,0x9E,0x74,0xF5,0x10,0x7F,0x7C,0xE9,0x93,0x88,0xDD,0x0D,0x27,0x55},
        {0xA7,0x0F,0x82,0xFE,0x58,0xF6,0x0A,0x38,0x99,0xAE,0xCE,0x62,0x07,0xF4,0x67,0x6D,0x39,0x45,0x5C,0x63,0x35,0x73,0xF8,0x0F,0x4B,0x9C,0xD1,0x1A,0x42,0xE0,0x83,0xFD},
    },
    {
        UINT32_C(15154),
        UINT64_C(0x3F90EC91DBD98D8B),
        UINT32_C(340),
        UINT32_C(128),
        {0xBC,0xBE,0xE6,0xB1,0x94,0x65,0x84,0x11,0x13,0x39,0x91,0x10,0x48,0xB1,0xD0,0x1D,0x91,0x90,0x6E,0x89,0xF5,0x40,0x69,0x1C,0xD5,0x02,0x6F,0xA2,0x4E,0xAF,0xAD,0x0B},
        {0xB2,0xDF,0xD8,0xA1,0xBB,0xA6,0xC1,0x4A,0x01,0xE0,0x6F,0x33,0x28,0xF2,0x3E,0x81,0x14,0x85,0x0C,0x28,0x1C,0x69,0xA1,0x04,0xE0,0x35,0x5B,0x0D,0xE9,0x8E,0xD4,0xCE},
    },
    {
        UINT32_C(15162),
        UINT64_C(0xF63B8830C6C59162),
        UINT32_C(1280),
        UINT32_C(80),
        {0xCB,0x45,0xAC,0x51,0x4C,0x90,0x57,0x69,0x3E,0x43,0xC3,0x11,0x8C,0xBD,0x07,0x3B,0xFD,0x04,0xEC,0x53,0x54,0x51,0x9E,0xA5,0xDD,0xCD,0x8B,0x21,0x95,0xA4,0x60,0xF9},
        {0x0C,0xBF,0x78,0xFC,0xF0,0x4F,0xBD,0xA0,0x0F,0xBB,0x81,0x31,0x1B,0x8F,0xFB,0x0F,0x09,0xEF,0x9D,0xDE,0x07,0x52,0x71,0xD8,0x39,0xE5,0xD2,0x68,0xAD,0x55,0xD0,0xC9},
    },
    {
        UINT32_C(15176),
        UINT64_C(0xAF1968FE6E9285E7),
        UINT32_C(1280),
        UINT32_C(80),
        {0x05,0x36,0x4D,0x0D,0x2A,0xD6,0xDE,0x76,0x15,0x5B,0x87,0x66,0x12,0x7C,0x9F,0x4C,0x16,0x61,0x55,0xCD,0x8D,0x0D,0x71,0x2F,0x4B,0x93,0xD7,0xC1,0x09,0x8D,0x70,0x30},
        {0xE1,0x5F,0x53,0xC4,0x80,0x64,0x11,0x2C,0x9D,0xA1,0xDE,0x9A,0xEA,0x2D,0x65,0xCA,0x9A,0x0A,0x22,0xB8,0xE1,0xE6,0x1E,0x2A,0xD8,0x8F,0x36,0xDB,0x06,0x99,0xB7,0xBD},
    },
    {
        UINT32_C(15184),
        UINT64_C(0xF3F681DD2564A077),
        UINT32_C(1280),
        UINT32_C(80),
        {0xB3,0x74,0xCA,0x31,0x3F,0x73,0xB8,0x81,0xB4,0xD0,0x41,0x88,0x1A,0xAD,0xE1,0x21,0x06,0x91,0x76,0x2A,0x54,0xED,0xB7,0xAE,0x39,0x4D,0x27,0x55,0x9B,0x0F,0x12,0x25},
        {0x3F,0x29,0xBC,0x80,0xAE,0x25,0xF4,0x81,0xBB,0xCB,0xB1,0x4C,0xE6,0x45,0x7D,0x9C,0xA4,0x2C,0x99,0x36,0xE9,0x41,0xD0,0x1B,0x81,0x52,0x8F,0x96,0xF2,0x99,0xAA,0x62},
    },
    {
        UINT32_C(15190),
        UINT64_C(0x2CE5B1BC418CF26D),
        UINT32_C(1280),
        UINT32_C(80),
        {0xAC,0xB4,0xEE,0x20,0x49,0x75,0xAA,0x84,0x07,0x20,0x7A,0x66,0x0B,0x7A,0x1A,0x04,0x07,0x41,0x74,0x0D,0x50,0x6E,0xC4,0xFD,0xF0,0x01,0x23,0x8A,0xD7,0x48,0xC8,0x58},
        {0x8A,0xC6,0x96,0x97,0x6A,0xC4,0x07,0x46,0x54,0xF2,0xD0,0x45,0x00,0x44,0x3D,0x84,0x82,0xA8,0x5A,0x30,0x5D,0x0C,0x41,0x3F,0xD8,0x52,0x76,0x8A,0xC1,0x38,0x1B,0xD8},
    },
    {
        UINT32_C(15198),
        UINT64_C(0xF10C3301BD216AAA),
        UINT32_C(1280),
        UINT32_C(80),
        {0x4C,0x20,0xF0,0xCD,0x3E,0xC7,0xDB,0x99,0x17,0x9B,0xF0,0xB9,0xE5,0x0B,0x68,0xE4,0x19,0x03,0xC7,0x75,0xB0,0xDA,0xA7,0x0C,0x21,0x92,0x03,0x5A,0x67,0x39,0xA0,0x78},
        {0x98,0x15,0x54,0x2D,0x57,0xA0,0x7C,0xFE,0xB8,0x05,0xD3,0x25,0x64,0x61,0x83,0x74,0xB6,0xAE,0x71,0xBF,0x8F,0x45,0x3B,0x49,0x4D,0x1B,0x16,0x20,0xF6,0x6B,0xA4,0x47},
    },
    {
        UINT32_C(15200),
        UINT64_C(0xAB1DE9468176F89E),
        UINT32_C(1280),
        UINT32_C(80),
        {0xB0,0x1E,0xD4,0xAD,0x5A,0x7D,0x60,0x06,0x7A,0x03,0x1F,0x1D,0x57,0x83,0x63,0x6F,0x5E,0xA4,0x4A,0xA6,0x9C,0xC0,0xCD,0x6C,0xEF,0x51,0xAE,0xC6,0xF0,0xB4,0xFD,0xB6},
        {0xE5,0xA9,0xB1,0x23,0x9E,0x54,0x5A,0xB2,0x4D,0x30,0x2E,0xEB,0x5C,0x19,0x87,0xDA,0xAD,0xB7,0xC9,0x2D,0x6D,0xFF,0x4E,0x42,0xB6,0x7A,0x67,0xC7,0x59,0x8A,0xAB,0xD5},
    },
    {
        UINT32_C(15204),
        UINT64_C(0xC7651C1C45EB47D0),
        UINT32_C(1280),
        UINT32_C(80),
        {0xEF,0xF2,0xCA,0xBB,0x4C,0xDB,0xB6,0x15,0x1D,0x9F,0x97,0x06,0xDB,0x57,0x00,0x31,0xCB,0xEE,0xF4,0x13,0x74,0x3A,0xF6,0x56,0x79,0xC2,0x2B,0xE0,0xB7,0xFA,0xED,0x9D},
        {0xED,0xCE,0xDC,0x3D,0x03,0xAD,0x51,0x74,0xFF,0xF7,0x91,0xEF,0x46,0x8D,0x2B,0x35,0x22,0x21,0xDF,0x2C,0x86,0x9A,0x34,0x94,0xDB,0x50,0x82,0xEC,0x6E,0x81,0x32,0x4C},
    },
    {
        UINT32_C(15224),
        UINT64_C(0x77F2CE76503B4E70),
        UINT32_C(1280),
        UINT32_C(80),
        {0xA9,0x06,0xFC,0x7C,0x32,0x60,0x1C,0x62,0xBB,0x70,0x93,0x04,0xB5,0xAF,0x78,0x9C,0x04,0xAE,0x40,0x88,0xEB,0x39,0x59,0x16,0x84,0xB2,0x19,0x27,0x8D,0x59,0x1B,0x6F},
        {0xA4,0xE1,0x45,0xD5,0x20,0x09,0x99,0x08,0x4C,0xA9,0xE1,0xC8,0x84,0x1A,0xFA,0xD9,0x42,0x25,0xDC,0x34,0x99,0x0D,0xF9,0x2C,0xD3,0x46,0x8C,0xDD,0x8A,0x74,0xE3,0x08},
    },
    {
        UINT32_C(15226),
        UINT64_C(0x05339599F460ADBF),
        UINT32_C(1280),
        UINT32_C(80),
        {0x2E,0xEF,0xD6,0x6B,0x3B,0x66,0x13,0x48,0x67,0x09,0xE3,0x39,0x02,0x3E,0x60,0x27,0x5A,0xEC,0xEB,0xC0,0x1C,0xF6,0xAE,0x18,0x47,0xBA,0x35,0x38,0xC9,0x63,0x26,0xFE},
        {0xD3,0x4B,0x0B,0xEF,0xB4,0x07,0x01,0xBB,0xDF,0x9C,0xB8,0x23,0x09,0x1E,0x83,0x98,0xCC,0x93,0x5E,0x7B,0x97,0xCC,0xAD,0xDB,0xA6,0x78,0xAE,0xA9,0x6E,0x6C,0x27,0xDE},
    },
    {
        UINT32_C(15232),
        UINT64_C(0x211817BEC3EA60B3),
        UINT32_C(326),
        UINT32_C(51),
        {0x7D,0xFC,0x76,0xA0,0xEA,0xB8,0x27,0xCB,0x74,0x9C,0x09,0x4A,0xA1,0xFC,0x61,0x49,0xC4,0x62,0xE0,0xAE,0x5C,0x25,0xE6,0x6F,0x6F,0x71,0x91,0x27,0xF4,0x87,0x4E,0xDE},
        {0xB7,0x9C,0x4B,0x07,0xAD,0xB4,0x8B,0x72,0xF0,0x92,0x61,0x2D,0xAB,0x64,0xD4,0xEB,0x32,0x86,0xE8,0xBF,0xF6,0x50,0x3A,0x66,0xC3,0x55,0xCD,0xE5,0x6C,0x13,0x4B,0x08},
    },
    {
        UINT32_C(15236),
        UINT64_C(0x2BE7F052880A9115),
        UINT32_C(1280),
        UINT32_C(80),
        {0x1D,0xD5,0x3B,0x96,0x32,0x50,0xF8,0xD9,0xDF,0xA8,0xC9,0xE4,0xE6,0x21,0xBB,0xD1,0xE1,0x8B,0x3D,0xE2,0x30,0xCC,0xBD,0xA5,0x8A,0x70,0x38,0x01,0x56,0x10,0x50,0x48},
        {0xDA,0x89,0x5F,0xFB,0x73,0x99,0xE7,0xE9,0x34,0x07,0x84,0x0A,0xEF,0xAD,0xB9,0x17,0x96,0x75,0x9B,0x28,0x41,0x04,0x04,0x50,0xFE,0x1C,0xD4,0x0D,0x7E,0xD7,0x68,0x29},
    },
    {
        UINT32_C(15278),
        UINT64_C(0x6777FA766E1A228C),
        UINT32_C(1280),
        UINT32_C(80),
        {0x31,0x6E,0xF1,0x62,0x86,0xE4,0xA1,0xDD,0x3E,0x39,0xBF,0xEF,0x01,0x10,0x4A,0xCD,0x56,0x2F,0xA1,0x54,0x36,0x86,0xF2,0xEE,0x7D,0x1B,0xE2,0x22,0xDA,0x36,0x6D,0x28},
        {0xFD,0x16,0x7B,0x42,0x30,0x8C,0xD4,0xA3,0xD3,0xB2,0x31,0x5F,0x42,0x01,0x0A,0xDF,0xCE,0x63,0xFE,0xC4,0xED,0x84,0xD0,0x59,0x94,0xF5,0xA5,0xB8,0xC9,0xEA,0xB8,0x0F},
    },
    {
        UINT32_C(15280),
        UINT64_C(0x985BFA9D45FA8FC9),
        UINT32_C(1280),
        UINT32_C(80),
        {0x13,0x63,0x8F,0x2E,0x0F,0xB1,0xFB,0x1A,0xDD,0x27,0x83,0xA2,0xB2,0x9C,0x88,0x92,0x43,0xB9,0x43,0xAA,0xB3,0x93,0x93,0xAC,0xD2,0x8E,0xE1,0x1C,0xF0,0x02,0x02,0x6E},
        {0x32,0xB2,0x25,0x3C,0x96,0x33,0x09,0xF8,0xEC,0x05,0x2D,0x96,0x14,0xE8,0xB2,0x0C,0xB9,0xEF,0xFB,0x09,0x74,0xA8,0xB9,0x1B,0x63,0xBB,0xED,0xC9,0xA5,0x00,0x74,0x4A},
    },
    {
        UINT32_C(15286),
        UINT64_C(0xE3D811C31BF92DF4),
        UINT32_C(1280),
        UINT32_C(80),
        {0xCB,0xC7,0x9F,0xEC,0xE1,0x11,0x3D,0x7B,0x1C,0xB1,0x7E,0x15,0xC9,0xBB,0xF6,0x5A,0x5C,0xF3,0x51,0x21,0x14,0xA6,0x60,0xF5,0xBC,0xBA,0x16,0x0A,0x60,0xC0,0x1D,0xC4},
        {0xF7,0xA5,0x0A,0x61,0x26,0xB3,0xC7,0x1D,0xBA,0xAE,0xCF,0x7A,0x29,0x8A,0x19,0x9E,0x7F,0x68,0x25,0x24,0x13,0x4E,0x9D,0x87,0x22,0x40,0xD1,0x6A,0x46,0xB9,0x8F,0xCB},
    },
    {
        UINT32_C(15318),
        UINT64_C(0xFA07D9041D955EFE),
        UINT32_C(1280),
        UINT32_C(80),
        {0x43,0xDC,0x38,0xC6,0x51,0xA6,0x43,0x57,0xCD,0xAA,0x46,0x78,0x3F,0x6B,0x4D,0xCE,0x65,0x9F,0x5B,0xFF,0xA0,0x0E,0x99,0xDC,0xD5,0x1D,0xBB,0x74,0x82,0x51,0xE0,0x80},
        {0x48,0xF1,0xBF,0x6A,0x7A,0x97,0x18,0xFD,0xE0,0xC8,0x6F,0x19,0x80,0x2E,0x22,0x9D,0xAD,0x81,0xBC,0xF8,0x2E,0x7A,0x25,0x90,0xF9,0x7D,0x90,0xD9,0x31,0x2F,0x71,0x54},
    },
    {
        UINT32_C(15336),
        UINT64_C(0x83EAAB869DACEE09),
        UINT32_C(340),
        UINT32_C(128),
        {0x5A,0x92,0xA5,0x74,0xD0,0xCD,0x4A,0x61,0xA9,0x8A,0x7E,0xCD,0xAD,0xFD,0x95,0xA8,0x2A,0x75,0xD3,0xB0,0xC5,0x7B,0xCF,0x1D,0x5B,0x3C,0x71,0x51,0x16,0x5F,0x92,0xFA},
        {0xC0,0x3E,0x22,0x33,0x91,0xB3,0x37,0x44,0xDA,0xC5,0x6C,0x04,0x3E,0xB5,0xD5,0x86,0xA4,0x68,0x74,0x00,0x8A,0xAE,0xCC,0x3A,0xA8,0x7C,0xDD,0xEC,0x1A,0x79,0xC7,0x3E},
    },
    {
        UINT32_C(15338),
        UINT64_C(0xC904873BC71B116E),
        UINT32_C(302),
        UINT32_C(72),
        {0x87,0x8F,0x34,0xF7,0xF7,0xA4,0x96,0xD0,0x28,0x9D,0xF3,0xE2,0xA9,0x8D,0xB7,0x5C,0xD1,0xC6,0x63,0x7E,0x84,0x82,0x3A,0x76,0xD3,0x8D,0x70,0x7D,0x3F,0x4E,0x98,0x78},
        {0x06,0xCF,0x9C,0x46,0x0B,0x3E,0x6D,0xC7,0x0F,0x43,0x39,0x2F,0x0B,0xD3,0x9A,0xF8,0xAE,0x29,0xA7,0x02,0x5D,0x8C,0xBF,0xF8,0xCC,0xED,0x10,0x92,0x45,0x03,0x92,0xDD},
    },
    {
        UINT32_C(15348),
        UINT64_C(0xE470D4B2C1061E60),
        UINT32_C(1024),
        UINT32_C(600),
        {0x35,0xA8,0x37,0xB2,0xCB,0x41,0xE5,0xF2,0x01,0x1D,0xAD,0xF8,0x1F,0xB3,0x0C,0x13,0x97,0xAD,0xA3,0xAB,0xE7,0xA1,0xD0,0xD0,0x7A,0x74,0xC7,0x45,0x0F,0xEB,0xA0,0x09},
        {0xA0,0xAF,0xD8,0xCD,0x6F,0xA5,0xDC,0xD7,0x6F,0x9F,0x98,0x81,0xB4,0x27,0x6F,0x14,0xE8,0x73,0x3E,0x8E,0x5F,0x55,0xE0,0xA4,0x41,0x36,0x13,0xC2,0x20,0xF4,0x9F,0x4C},
    },
    {
        UINT32_C(15356),
        UINT64_C(0x12F3ADECA0291358),
        UINT32_C(1024),
        UINT32_C(600),
        {0xF2,0x5E,0x74,0x37,0xF9,0xCB,0x0B,0x4F,0x81,0x51,0x2A,0xED,0x96,0x1E,0x37,0x82,0xA0,0x1F,0x1A,0xFC,0x7A,0xA3,0x5E,0x3E,0x82,0xD5,0x56,0xEE,0xC6,0xB2,0x15,0x7B},
        {0x9F,0x59,0x68,0x1B,0x74,0xAC,0x2C,0x55,0xA5,0x30,0x55,0x1A,0xBC,0x7E,0xAA,0xB0,0x8B,0x3B,0x36,0x54,0x16,0x1F,0x49,0xDA,0x23,0x5C,0x89,0x06,0xDD,0xA0,0x60,0x30},
    },
    {
        UINT32_C(15360),
        UINT64_C(0xB32D7DD3FEB72764),
        UINT32_C(1280),
        UINT32_C(80),
        {0xB9,0x0B,0xC5,0xBC,0xAD,0x65,0x84,0x0A,0x3D,0x23,0x74,0x00,0x58,0xA3,0x0A,0xF5,0x96,0x43,0xCF,0xA5,0xAE,0xDF,0xD4,0x30,0x0E,0x67,0x07,0x58,0x85,0xF0,0x77,0x4B},
        {0x09,0x51,0x53,0xC9,0xAF,0x96,0x53,0x01,0x74,0xEB,0x73,0x56,0x45,0x15,0x69,0xD7,0x38,0x9C,0x21,0x57,0xA7,0xA8,0xAB,0xE6,0x15,0x1B,0x85,0x6D,0xB6,0xB8,0x34,0xE5},
    },
    {
        UINT32_C(15506),
        UINT64_C(0xA1764E31ADB28CA9),
        UINT32_C(1280),
        UINT32_C(80),
        {0x63,0x32,0xCA,0xD7,0xDA,0x59,0x53,0x46,0x9D,0xD4,0xD3,0x9F,0x8F,0xEC,0x7A,0x89,0xD0,0x05,0x80,0xF5,0x98,0x7D,0x54,0xEC,0xE6,0xEE,0xC1,0xA6,0xF9,0x36,0xB1,0x70},
        {0xE5,0x11,0x6D,0x52,0x76,0xC4,0x1C,0x80,0x80,0xFA,0xC4,0x8D,0x4C,0xE0,0xA8,0x8A,0xB0,0x39,0x38,0xA9,0x8A,0xFA,0x99,0xE2,0x9C,0x9A,0x2E,0x37,0x46,0x26,0x82,0x20},
    },
    {
        UINT32_C(15516),
        UINT64_C(0xD57FEDDCE8974C66),
        UINT32_C(1024),
        UINT32_C(600),
        {0xAF,0x82,0xD4,0xB5,0x0A,0xC7,0x75,0x4E,0xFE,0x45,0xE8,0xB9,0x13,0x8C,0x47,0x34,0x9E,0x0B,0x47,0x5B,0xD6,0x1E,0x7A,0x5F,0x45,0x82,0xE3,0xC5,0x2F,0x68,0x17,0xC6},
        {0x9C,0x93,0xF4,0x56,0x16,0xD1,0xA9,0x3E,0xA6,0xB7,0xCA,0xCE,0xD1,0x94,0x48,0x04,0x34,0x7D,0xFA,0x08,0x7F,0xAA,0x65,0x19,0xF4,0x5A,0x3F,0xFE,0xBF,0xAE,0xCB,0xF9},
    },
    {
        UINT32_C(15542),
        UINT64_C(0x215717BD1940F8F4),
        UINT32_C(1280),
        UINT32_C(80),
        {0x26,0x9A,0xEC,0x43,0xA2,0xB6,0x03,0xC5,0x4F,0x3E,0x81,0x3A,0x00,0xA1,0xC8,0x4B,0x57,0x2E,0xA7,0xDA,0xFE,0xA2,0xE8,0x7F,0xB4,0x67,0xD0,0xDE,0x1F,0xF8,0x21,0x85},
        {0x6C,0xD0,0x0F,0xBA,0x03,0x95,0xA3,0x2A,0x9A,0xB9,0xFF,0x8C,0x1C,0xF3,0xE0,0xA9,0x28,0x80,0x88,0x17,0x78,0x96,0x70,0x16,0x99,0x5A,0x7B,0x84,0xAD,0x6A,0xCB,0x7B},
    },
    {
        UINT32_C(15576),
        UINT64_C(0x45E799E9F78BDCFF),
        UINT32_C(340),
        UINT32_C(128),
        {0xF7,0x9E,0xC9,0x9A,0xA7,0x36,0x29,0x2D,0x24,0xC0,0xAC,0x67,0x5E,0x27,0x68,0x9E,0x6D,0xB7,0x4B,0xB5,0xDA,0x20,0xBF,0xF7,0xC1,0x76,0xBA,0x4A,0x5D,0x69,0x8B,0x74},
        {0x14,0x2E,0xE4,0xFD,0xB6,0x3B,0xD1,0xBE,0xC0,0xFE,0x61,0x85,0x52,0xBC,0x70,0x87,0xDB,0x56,0xFD,0x43,0x13,0xCB,0x2E,0xCF,0xF6,0x89,0x4A,0xD4,0x64,0x13,0xE5,0x34},
    },
    {
        UINT32_C(15586),
        UINT64_C(0x5884EEC6C6803CB6),
        UINT32_C(1280),
        UINT32_C(80),
        {0x81,0x15,0x0A,0x3A,0x79,0x2D,0xB5,0x5A,0xE2,0xBD,0xF8,0xD4,0xFF,0xB7,0xAF,0x9D,0x56,0xC3,0x5B,0x40,0x4D,0xE2,0xE6,0xCB,0x60,0x2D,0x0A,0xB5,0xC4,0x6D,0x9C,0x9B},
        {0xF8,0x4A,0xDF,0x19,0xD1,0x2A,0x80,0xA7,0x55,0x40,0xDD,0x42,0xCD,0x13,0xE6,0xC9,0xB5,0x8B,0x3B,0xA1,0x08,0xEC,0xF2,0x7B,0x84,0x79,0x1A,0x32,0x22,0x9A,0xD7,0x0C},
    },
    {
        UINT32_C(15588),
        UINT64_C(0x6D7E5A5D50EA4FA8),
        UINT32_C(1280),
        UINT32_C(80),
        {0xA4,0x31,0xBE,0x41,0x78,0x96,0x1A,0x22,0x22,0xAA,0xAB,0xC0,0x5F,0xF5,0xAD,0xC4,0xA3,0x0C,0x6A,0xD7,0x8E,0xFB,0xE8,0x9C,0x13,0x29,0xBF,0x43,0x46,0x60,0x56,0x95},
        {0x6A,0x70,0xB0,0x8D,0x2F,0xD5,0xD0,0x87,0x81,0xDA,0xAB,0x1E,0xE3,0xA5,0xC9,0xF9,0x11,0x6F,0x9D,0xE4,0xA5,0x9E,0x2C,0x08,0x76,0xC6,0x5B,0x7B,0x5F,0x80,0x8F,0x7C},
    },
    {
        UINT32_C(15598),
        UINT64_C(0x03013FAE839FF15C),
        UINT32_C(1280),
        UINT32_C(80),
        {0x9D,0xEB,0x7D,0x1A,0x13,0x1D,0xC3,0x19,0xC3,0x9B,0x7D,0x15,0xE7,0xBC,0x25,0x2D,0xE1,0xE2,0x89,0xD1,0xE5,0xC8,0xE9,0x84,0x85,0x98,0x97,0x63,0x8F,0x7A,0x4A,0xD4},
        {0xF5,0x5C,0x9D,0x57,0x91,0x45,0xC7,0x89,0xD3,0x7A,0xDA,0xC0,0xF3,0xFC,0xE1,0x45,0x97,0x44,0xB3,0x46,0x2A,0xF3,0x07,0x87,0xA6,0xF7,0x46,0xAC,0xD3,0x83,0x30,0x30},
    },
    {
        UINT32_C(15598),
        UINT64_C(0x915B73500DDB7672),
        UINT32_C(1280),
        UINT32_C(80),
        {0x5F,0xCF,0x24,0x89,0x3E,0x0E,0x34,0x56,0x19,0x63,0xD0,0x69,0xC1,0xCC,0x46,0x93,0xB0,0xF7,0x78,0xD9,0xD3,0x97,0xC9,0x5B,0xE7,0x85,0x54,0xF4,0x9E,0x05,0xB0,0x10},
        {0x1D,0x95,0x53,0x47,0xEF,0x39,0xEA,0xC8,0xC6,0xDC,0xD0,0x34,0xCD,0x7A,0x63,0x57,0x4C,0x4C,0x7C,0x25,0xFF,0xD5,0x82,0xBE,0xE2,0x16,0x9F,0x5C,0x18,0xA4,0x64,0x2F},
    },
    {
        UINT32_C(15608),
        UINT64_C(0xA78D2FD85F3744CA),
        UINT32_C(1280),
        UINT32_C(80),
        {0xC8,0x48,0x23,0xD6,0x52,0xEB,0x31,0xF3,0x02,0x83,0x9A,0xFE,0xEB,0xF0,0xBC,0xB7,0x67,0x84,0xAD,0xE0,0x7A,0xA0,0x05,0x85,0x4F,0x62,0xE0,0xE6,0x14,0xD3,0x2F,0x7D},
        {0x3E,0xBB,0x87,0x40,0xC6,0x89,0xF5,0x46,0x32,0x3E,0x74,0xC6,0x12,0xEF,0xD6,0x64,0x3D,0x78,0xF2,0xB2,0x94,0xEF,0x5B,0x25,0x97,0x38,0x84,0x11,0x7C,0xE6,0xA4,0x61},
    },
    {
        UINT32_C(15620),
        UINT64_C(0x0EC2F6FA35814ED0),
        UINT32_C(1024),
        UINT32_C(600),
        {0x85,0x5D,0x2D,0xAE,0x53,0x7D,0x5C,0xEC,0x61,0xF3,0xE8,0xBA,0x8B,0xE8,0xE0,0x43,0x6F,0xCF,0x27,0x78,0x04,0x72,0xF6,0x14,0x69,0x82,0xC2,0x11,0x5C,0x09,0x36,0xFF},
        {0x37,0x62,0xAB,0xB8,0xD6,0x42,0xCD,0xDF,0x12,0x81,0x17,0x28,0x1E,0x5E,0xCD,0x7F,0xEF,0x27,0x60,0xCB,0x2F,0xE9,0x94,0x9D,0x1F,0x08,0x72,0xC3,0x85,0x05,0x22,0x6F},
    },
    {
        UINT32_C(15620),
        UINT64_C(0xA35BD633830227C8),
        UINT32_C(1280),
        UINT32_C(80),
        {0x46,0x87,0xE7,0xB6,0x9D,0x49,0xBB,0x2A,0x40,0xF2,0xDB,0x84,0x05,0x9C,0xA8,0x12,0x0F,0xDC,0xB3,0x82,0xD2,0xA9,0xCA,0xF8,0x7B,0x02,0xBF,0x87,0xCA,0xC5,0x41,0x7B},
        {0x65,0x96,0xB1,0xDC,0x4A,0x86,0x7D,0x13,0x6B,0x80,0xCC,0x85,0x82,0x84,0x64,0xBE,0x49,0x5A,0x2A,0xF8,0x54,0xA7,0x66,0x76,0x61,0x10,0x1D,0x31,0x4A,0xB4,0xAF,0x6F},
    },
    {
        UINT32_C(15622),
        UINT64_C(0xB4C91BD38D2E046A),
        UINT32_C(1280),
        UINT32_C(80),
        {0x4F,0x50,0x5F,0xA9,0x07,0xAC,0xE4,0x0C,0x52,0x3D,0xEE,0xAE,0x7C,0xA8,0x37,0x2A,0x3A,0xAC,0x1F,0x24,0x9D,0x12,0x75,0x2F,0x6C,0x3B,0x31,0xD1,0x65,0xFE,0xF7,0xE7},
        {0x2F,0x70,0xC9,0x41,0x3F,0x7C,0x2A,0x4B,0xBE,0xE1,0x2E,0xC1,0xC4,0x03,0x08,0x98,0xC7,0x9C,0xFA,0xC5,0xC2,0xFF,0x75,0xD1,0xD3,0xD2,0x29,0xEC,0xA4,0xE1,0xF0,0x87},
    },
    {
        UINT32_C(15626),
        UINT64_C(0x707AA6FE764D8250),
        UINT32_C(1280),
        UINT32_C(80),
        {0xBC,0x05,0x13,0x63,0x56,0x9A,0x77,0x39,0xEB,0x98,0x3C,0x30,0xF5,0xE7,0xEA,0xA2,0x96,0xE8,0xE7,0x77,0xC9,0x5F,0x43,0x87,0xE0,0x69,0x3F,0xA5,0x05,0x23,0xB7,0x04},
        {0xD2,0xF6,0xD0,0xEE,0x27,0x17,0x0D,0xE4,0x7A,0x11,0xBF,0x31,0xED,0x04,0x9D,0xC9,0x18,0x57,0xA4,0xD5,0x5C,0x19,0x6E,0xEC,0x7E,0x7A,0xE0,0xBB,0x2F,0x71,0x4A,0x5B},
    },
    {
        UINT32_C(15634),
        UINT64_C(0x70F00F8F2D21412B),
        UINT32_C(1280),
        UINT32_C(80),
        {0x3C,0xB7,0x15,0xD7,0x34,0xC9,0x7E,0xD6,0x1C,0x87,0x36,0x59,0x2D,0xBC,0xDA,0xE2,0x08,0xD3,0xAD,0x31,0x57,0x0E,0x84,0xAF,0x60,0x33,0xAA,0xDA,0xC2,0x34,0x54,0x9C},
        {0xF0,0x09,0x7A,0x0A,0xE1,0x2A,0x29,0x7E,0x31,0x81,0x25,0xEA,0xD8,0x47,0xD3,0x30,0xD4,0xDC,0x7E,0x91,0x12,0x2E,0xDB,0x88,0x6D,0xBA,0x3E,0x0A,0x2C,0x00,0x71,0x56},
    },
    {
        UINT32_C(15638),
        UINT64_C(0xA9725A45836DC69C),
        UINT32_C(1280),
        UINT32_C(80),
        {0x2E,0xE4,0xD6,0x6B,0xC7,0x5E,0x22,0x58,0xD2,0x73,0x40,0xEB,0x02,0xA0,0xF6,0xB1,0xE4,0xEB,0x5F,0x07,0xD0,0xA1,0xDA,0x95,0x86,0x60,0x45,0x5F,0xB5,0xE6,0x34,0x36},
        {0x37,0x12,0xA5,0x7E,0xA7,0x54,0x57,0x90,0xD5,0x5A,0x63,0x0C,0xBF,0x9E,0x23,0xF6,0x35,0x35,0x82,0x68,0xC5,0x8D,0x92,0xE7,0xD9,0x73,0xC1,0xAE,0x9D,0xFC,0xEF,0x96},
    },
    {
        UINT32_C(15644),
        UINT64_C(0xE357805AF8BD9BF8),
        UINT32_C(1280),
        UINT32_C(80),
        {0x5A,0x5B,0xAE,0x2F,0x03,0xE1,0x2E,0xF2,0x06,0x97,0x9B,0x8B,0x1F,0xEC,0xE9,0x23,0x62,0x4C,0xDD,0x00,0xF0,0xA9,0xA7,0xC8,0xAB,0x36,0xF1,0x3B,0xA2,0xA1,0x1D,0xC5},
        {0x78,0x05,0xCA,0x5D,0x4F,0x1B,0xC1,0x49,0xB3,0xA6,0x62,0x4D,0x39,0xEA,0x03,0xF9,0x5B,0x6B,0x0E,0xE1,0xFD,0x9C,0xFA,0xC4,0x91,0x70,0x87,0x84,0xFC,0x0A,0x65,0x3D},
    },
    {
        UINT32_C(15650),
        UINT64_C(0x65C14310396FB8A1),
        UINT32_C(1280),
        UINT32_C(80),
        {0x3F,0x4F,0x47,0x87,0x6E,0xF6,0x05,0xC9,0xF5,0x49,0xE4,0x56,0x5D,0xBA,0x85,0x5C,0x22,0x94,0x8C,0xEA,0x49,0x76,0x78,0xD0,0xC5,0x4E,0x52,0x67,0x42,0x67,0xF2,0xAC},
        {0x19,0xB7,0x90,0xD2,0x44,0x94,0xFE,0x1D,0xD7,0xB8,0xA5,0x65,0x34,0x73,0x4D,0xF1,0xDE,0x86,0x02,0x52,0xB5,0xC7,0x51,0xDC,0xAA,0x4C,0xD5,0x5C,0x8A,0xDB,0xD4,0xDF},
    },
    {
        UINT32_C(15652),
        UINT64_C(0x160859C51B67A2C0),
        UINT32_C(1280),
        UINT32_C(80),
        {0xB2,0x70,0x0B,0x5F,0x92,0x31,0xE1,0xC2,0xF0,0x87,0xEC,0xEB,0x97,0xDF,0xAB,0xCD,0x1E,0xCE,0x76,0x67,0xB0,0x76,0x31,0x60,0xA6,0x03,0xD4,0x97,0x5C,0x3F,0xE4,0x0F},
        {0x2A,0xBE,0x8E,0x39,0x2B,0xB8,0x56,0x05,0xA2,0x4A,0xEC,0x6B,0xBA,0xBD,0xFF,0x11,0x9A,0x01,0xE3,0xA3,0xC4,0xA1,0x38,0x8F,0x85,0x14,0x48,0x94,0x7C,0xAF,0x29,0x2D},
    },
    {
        UINT32_C(15658),
        UINT64_C(0x197A46B59D100890),
        UINT32_C(1280),
        UINT32_C(80),
        {0x50,0xA8,0xD6,0x37,0x01,0x7B,0x2E,0xDC,0xD7,0x97,0xFB,0x58,0x2A,0xE8,0xDF,0x6B,0xBD,0x99,0x98,0x2F,0x9F,0x79,0x61,0xC0,0x86,0x59,0x74,0x71,0x2A,0xCC,0x53,0x71},
        {0x32,0x96,0x9A,0x10,0xDE,0xE0,0xC7,0xC6,0xC9,0x23,0x60,0x82,0x29,0x78,0x40,0x66,0xE8,0xD5,0x48,0xBD,0xBE,0x90,0x1C,0x34,0xA7,0xAF,0xDC,0xCC,0xFA,0x66,0xD6,0x63},
    },
    {
        UINT32_C(15670),
        UINT64_C(0x02BE98E3E78E409B),
        UINT32_C(1280),
        UINT32_C(80),
        {0x48,0x32,0x45,0x22,0xCB,0x2A,0x04,0xBC,0x48,0x1E,0x57,0x0E,0xDA,0xCE,0xF4,0xF1,0x3F,0x24,0x8C,0x64,0x7A,0x05,0xAE,0x59,0x9A,0x3D,0xD6,0xBB,0xBD,0xC0,0x9D,0x82},
        {0xDE,0xD6,0xA0,0x81,0xE4,0x41,0x6A,0x2A,0x27,0x20,0xD4,0x7C,0x85,0xA7,0xCB,0x13,0x19,0xE2,0x43,0xF3,0x92,0x37,0x22,0x6F,0xA6,0x69,0x02,0x40,0x8B,0x2D,0xCE,0xBA},
    },
    {
        UINT32_C(15670),
        UINT64_C(0x7B48385EBC1DCA14),
        UINT32_C(340),
        UINT32_C(128),
        {0xD9,0xB1,0x5E,0x0B,0xF4,0x82,0xB7,0x40,0x87,0x04,0x09,0x82,0x6B,0x31,0xE7,0x00,0x84,0x30,0xD5,0x18,0xE0,0x9A,0x47,0xAC,0x60,0x64,0x03,0x68,0xE0,0xE4,0xC9,0xA6},
        {0x74,0x40,0x1A,0x71,0xB1,0x28,0xEC,0xFF,0xA7,0x48,0x7C,0x8F,0x2D,0x42,0x30,0x96,0x1D,0x3D,0xDE,0xA0,0xD1,0x79,0x9B,0xCF,0xE3,0x1A,0xD8,0xBF,0x9E,0x6D,0x31,0x78},
    },
    {
        UINT32_C(15678),
        UINT64_C(0x215AD0E397A2EA9A),
        UINT32_C(340),
        UINT32_C(128),
        {0xFC,0x14,0x90,0xAD,0xBD,0xA5,0xE3,0x26,0x25,0xC0,0x6E,0x19,0x5D,0xC2,0xD4,0xCC,0xA6,0x72,0x5D,0x66,0xC9,0xC8,0x39,0x75,0xCC,0x44,0xC5,0x4F,0x7D,0x4C,0xC8,0x1C},
        {0x8E,0xD7,0xC7,0xFD,0xB2,0x97,0xBB,0x1E,0xAC,0x9F,0x11,0x09,0xD1,0x22,0xD8,0xC4,0xDC,0xBD,0x7F,0x56,0x82,0xD8,0xCE,0xB6,0xB4,0x6C,0x70,0x46,0xDC,0xFC,0x66,0xD6},
    },
    {
        UINT32_C(15680),
        UINT64_C(0x7EF8D726698194B6),
        UINT32_C(1280),
        UINT32_C(80),
        {0x4E,0x2C,0x21,0x17,0x35,0xDB,0xD8,0x2B,0xB1,0x69,0x5F,0x1A,0x83,0xB7,0xC5,0xAA,0x99,0x40,0xC1,0xDC,0xDC,0x43,0x0C,0xA3,0x89,0xCB,0x28,0xB3,0x95,0x9C,0x7F,0x39},
        {0xBC,0x9B,0x62,0x70,0xCE,0xB5,0x25,0x84,0x53,0x8A,0xEF,0x76,0x35,0x00,0x4A,0xE4,0x1E,0x4C,0x66,0x8B,0x9E,0xBE,0xA8,0x62,0x6D,0xD7,0x29,0x39,0x4A,0x08,0xDA,0x9E},
    },
    {
        UINT32_C(15682),
        UINT64_C(0x001EBC64E1370C82),
        UINT32_C(1280),
        UINT32_C(80),
        {0x9A,0x19,0x85,0x8E,0xB1,0xF5,0xE6,0xDC,0x08,0x38,0xAC,0x19,0xF6,0xAC,0x1A,0x4D,0xB5,0xE3,0x57,0x39,0xDC,0x79,0xB4,0x04,0x16,0xDF,0x84,0xE2,0xF9,0x2E,0x37,0xE6},
        {0xDE,0x1D,0x94,0x01,0x4E,0x11,0x26,0xA5,0xD5,0x21,0xD0,0x03,0xB8,0xF9,0xE3,0xB3,0x99,0x00,0xD1,0x5C,0xC5,0x2D,0x5D,0x79,0x26,0x4B,0x89,0x11,0xD2,0xB8,0xA7,0x28},
    },
    {
        UINT32_C(15700),
        UINT64_C(0x47C27DECCC4D4D6A),
        UINT32_C(1280),
        UINT32_C(80),
        {0x11,0x2B,0xB1,0xA2,0x80,0xD9,0x05,0x94,0x14,0xC5,0xA6,0x67,0xD5,0x5B,0xD3,0xB0,0xC0,0xBC,0x4E,0xCA,0x6F,0x98,0xA4,0x99,0x7A,0x7A,0xC9,0xBB,0x2D,0xB9,0x6E,0x8B},
        {0x7B,0xCF,0xD3,0x37,0xB8,0x71,0xB6,0xB9,0x0C,0xB0,0x2E,0xFE,0xBC,0x53,0x85,0xE9,0x4A,0x80,0x21,0x28,0xD8,0x01,0xB7,0xE8,0x7F,0x53,0xB3,0xF9,0x77,0x7A,0x0E,0x6B},
    },
    {
        UINT32_C(15706),
        UINT64_C(0xB8AD503A660FF946),
        UINT32_C(1280),
        UINT32_C(80),
        {0x4F,0x90,0x46,0x29,0xDC,0x7C,0x0E,0xED,0x73,0x12,0xCA,0xF2,0x8A,0xF3,0x84,0x59,0x3F,0x8D,0x22,0x49,0x49,0xF2,0x98,0x8C,0xCB,0xBF,0x65,0xF0,0x1A,0xD3,0x49,0x15},
        {0xFE,0xBA,0x13,0x1D,0x06,0xF1,0xDB,0x7E,0xCB,0xF0,0x80,0x0A,0xDA,0xE1,0x1D,0xFF,0x86,0x92,0xEE,0xCA,0xBE,0x55,0x9A,0x44,0x02,0x5F,0x7C,0x63,0x70,0xEC,0x05,0xB9},
    },
    {
        UINT32_C(15712),
        UINT64_C(0xB198E94E2CD7F4FF),
        UINT32_C(340),
        UINT32_C(128),
        {0xB2,0x0F,0x8E,0xD5,0xC3,0xB1,0x47,0x88,0xF6,0x62,0x83,0x31,0x8D,0x7C,0x6D,0xBB,0x0B,0xBC,0xFF,0xC2,0x0E,0xDF,0xAA,0xEA,0x57,0x88,0x58,0x8C,0xF5,0x84,0xAE,0x15},
        {0x7C,0xAF,0x2F,0xF5,0x95,0x73,0x47,0x7E,0x74,0xA5,0xCE,0x8E,0x6B,0x6C,0xEE,0xD7,0x62,0x9C,0xD0,0x1B,0x9B,0xDB,0xBD,0x4F,0xB9,0xC1,0x4E,0xCC,0x34,0xAC,0xE6,0xFA},
    },
    {
        UINT32_C(15720),
        UINT64_C(0x585BB96831E73875),
        UINT32_C(1280),
        UINT32_C(80),
        {0x5E,0xEC,0x4F,0xA1,0x0F,0xB3,0xB6,0x95,0x43,0x4F,0x47,0xB7,0xD3,0xE2,0x02,0xB6,0xEB,0xB0,0xE8,0x9E,0x74,0xF5,0x10,0x7F,0x7C,0xE9,0x93,0x88,0xDD,0x0D,0x27,0x55},
        {0xA7,0x0F,0x82,0xFE,0x58,0xF6,0x0A,0x38,0x99,0xAE,0xCE,0x62,0x07,0xF4,0x67,0x6D,0x39,0x45,0x5C,0x63,0x35,0x73,0xF8,0x0F,0x4B,0x9C,0xD1,0x1A,0x42,0xE0,0x83,0xFD},
    },
    {
        UINT32_C(15726),
        UINT64_C(0xB14337EBD24203EE),
        UINT32_C(1280),
        UINT32_C(80),
        {0x04,0x0C,0xFB,0xAA,0xD0,0x5E,0xD6,0xBD,0xA6,0x70,0x00,0xAC,0x2B,0x17,0x0C,0xFA,0xCC,0xF8,0x4C,0xDB,0x13,0xF3,0x87,0xB2,0x8B,0xAD,0xDF,0x9A,0x0C,0x21,0xD0,0x9D},
        {0x12,0xE0,0x97,0xC5,0x0A,0x46,0x74,0x68,0x08,0xC0,0x17,0x4C,0xC7,0xC6,0xAE,0x54,0x36,0xF1,0x13,0x75,0xF6,0xDC,0x04,0x57,0xDB,0x7E,0x8C,0xB6,0xCF,0x03,0xF5,0x71},
    },
    {
        UINT32_C(15730),
        UINT64_C(0xE289D2D8B8DA381C),
        UINT32_C(1280),
        UINT32_C(80),
        {0x2F,0x1D,0x46,0x67,0x8D,0x3A,0xF9,0x28,0x16,0x1A,0x66,0x5E,0x13,0xFF,0x61,0x70,0x1F,0x0E,0x5C,0x9F,0xC3,0x5F,0x91,0xDF,0xFB,0x85,0xE9,0xAA,0xA3,0xA8,0x74,0x28},
        {0x78,0xDE,0x1B,0x04,0x1D,0xFC,0x47,0xF6,0x54,0xE8,0x90,0xD8,0xFD,0x2C,0x69,0x1E,0x96,0xE4,0x38,0x30,0x6A,0xD4,0x27,0x49,0x96,0x2C,0x0C,0xD5,0x47,0xCE,0x7F,0xBE},
    },
    {
        UINT32_C(15734),
        UINT64_C(0x831A80D5D9B75DD0),
        UINT32_C(1280),
        UINT32_C(80),
        {0x99,0xC7,0xFA,0xB9,0x90,0x25,0xDA,0x1C,0x1D,0x34,0xF6,0x94,0xED,0x92,0x30,0x85,0x50,0xA5,0x4C,0xE6,0x3B,0x53,0xD3,0x10,0x7F,0xA2,0xA8,0x41,0xA9,0x03,0x98,0x2F},
        {0x4D,0xAD,0x34,0xCE,0xE1,0xE4,0x96,0x4C,0xDB,0x5D,0x96,0xA6,0xFF,0x5F,0xD2,0x88,0xF0,0xDA,0xD3,0x8F,0xB6,0x47,0xEF,0x18,0x6B,0x7E,0xBE,0x34,0x51,0xA8,0x15,0xF4},
    },
    {
        UINT32_C(15742),
        UINT64_C(0xB22C7198DB8E38AD),
        UINT32_C(1280),
        UINT32_C(80),
        {0xCB,0x45,0xAC,0x51,0x4C,0x90,0x57,0x69,0x3E,0x43,0xC3,0x11,0x8C,0xBD,0x07,0x3B,0xFD,0x04,0xEC,0x53,0x54,0x51,0x9E,0xA5,0xDD,0xCD,0x8B,0x21,0x95,0xA4,0x60,0xF9},
        {0x0C,0xBF,0x78,0xFC,0xF0,0x4F,0xBD,0xA0,0x0F,0xBB,0x81,0x31,0x1B,0x8F,0xFB,0x0F,0x09,0xEF,0x9D,0xDE,0x07,0x52,0x71,0xD8,0x39,0xE5,0xD2,0x68,0xAD,0x55,0xD0,0xC9},
    },
    {
        UINT32_C(15752),
        UINT64_C(0x9477F3419F251EC5),
        UINT32_C(1280),
        UINT32_C(80),
        {0xB0,0x1E,0xD4,0xAD,0x5A,0x7D,0x60,0x06,0x7A,0x03,0x1F,0x1D,0x57,0x83,0x63,0x6F,0x5E,0xA4,0x4A,0xA6,0x9C,0xC0,0xCD,0x6C,0xEF,0x51,0xAE,0xC6,0xF0,0xB4,0xFD,0xB6},
        {0xE5,0xA9,0xB1,0x23,0x9E,0x54,0x5A,0xB2,0x4D,0x30,0x2E,0xEB,0x5C,0x19,0x87,0xDA,0xAD,0xB7,0xC9,0x2D,0x6D,0xFF,0x4E,0x42,0xB6,0x7A,0x67,0xC7,0x59,0x8A,0xAB,0xD5},
    },
    {
        UINT32_C(15756),
        UINT64_C(0x56A50D01D8A3A9E6),
        UINT32_C(1280),
        UINT32_C(80),
        {0xAC,0xB4,0xEE,0x20,0x49,0x75,0xAA,0x84,0x07,0x20,0x7A,0x66,0x0B,0x7A,0x1A,0x04,0x07,0x41,0x74,0x0D,0x50,0x6E,0xC4,0xFD,0xF0,0x01,0x23,0x8A,0xD7,0x48,0xC8,0x58},
        {0x8A,0xC6,0x96,0x97,0x6A,0xC4,0x07,0x46,0x54,0xF2,0xD0,0x45,0x00,0x44,0x3D,0x84,0x82,0xA8,0x5A,0x30,0x5D,0x0C,0x41,0x3F,0xD8,0x52,0x76,0x8A,0xC1,0x38,0x1B,0xD8},
    },
    {
        UINT32_C(15758),
        UINT64_C(0x71FAA3E3236B97A4),
        UINT32_C(340),
        UINT32_C(128),
        {0x84,0x29,0xF0,0x7B,0x0B,0xB1,0x2C,0x4E,0x5D,0x7C,0x34,0x14,0x8A,0x27,0xE2,0xC0,0x98,0x98,0x49,0x3E,0x0D,0x9B,0x05,0xCA,0x7B,0xA2,0x63,0x69,0x85,0x31,0xA0,0x89},
        {0xE2,0x4D,0x91,0x8E,0x0B,0x1A,0x04,0xDB,0xDF,0x56,0x23,0x02,0x74,0x66,0x2D,0xED,0xE8,0xB8,0x36,0x67,0x8E,0x7B,0x8F,0x45,0x07,0x7B,0x13,0xBE,0xEC,0xC5,0x4C,0xC0},
    },
    {
        UINT32_C(15766),
        UINT64_C(0xE21AEB32B3C99920),
        UINT32_C(1280),
        UINT32_C(80),
        {0x4C,0x20,0xF0,0xCD,0x3E,0xC7,0xDB,0x99,0x17,0x9B,0xF0,0xB9,0xE5,0x0B,0x68,0xE4,0x19,0x03,0xC7,0x75,0xB0,0xDA,0xA7,0x0C,0x21,0x92,0x03,0x5A,0x67,0x39,0xA0,0x78},
        {0x98,0x15,0x54,0x2D,0x57,0xA0,0x7C,0xFE,0xB8,0x05,0xD3,0x25,0x64,0x61,0x83,0x74,0xB6,0xAE,0x71,0xBF,0x8F,0x45,0x3B,0x49,0x4D,0x1B,0x16,0x20,0xF6,0x6B,0xA4,0x47},
    },
    {
        UINT32_C(15770),
        UINT64_C(0x8ABDC94E2FED102E),
        UINT32_C(1280),
        UINT32_C(80),
        {0x05,0x36,0x4D,0x0D,0x2A,0xD6,0xDE,0x76,0x15,0x5B,0x87,0x66,0x12,0x7C,0x9F,0x4C,0x16,0x61,0x55,0xCD,0x8D,0x0D,0x71,0x2F,0x4B,0x93,0xD7,0xC1,0x09,0x8D,0x70,0x30},
        {0xE1,0x5F,0x53,0xC4,0x80,0x64,0x11,0x2C,0x9D,0xA1,0xDE,0x9A,0xEA,0x2D,0x65,0xCA,0x9A,0x0A,0x22,0xB8,0xE1,0xE6,0x1E,0x2A,0xD8,0x8F,0x36,0xDB,0x06,0x99,0xB7,0xBD},
    },
    {
        UINT32_C(15778),
        UINT64_C(0x9B997D750C5F43AF),
        UINT32_C(1280),
        UINT32_C(80),
        {0xB3,0x74,0xCA,0x31,0x3F,0x73,0xB8,0x81,0xB4,0xD0,0x41,0x88,0x1A,0xAD,0xE1,0x21,0x06,0x91,0x76,0x2A,0x54,0xED,0xB7,0xAE,0x39,0x4D,0x27,0x55,0x9B,0x0F,0x12,0x25},
        {0x3F,0x29,0xBC,0x80,0xAE,0x25,0xF4,0x81,0xBB,0xCB,0xB1,0x4C,0xE6,0x45,0x7D,0x9C,0xA4,0x2C,0x99,0x36,0xE9,0x41,0xD0,0x1B,0x81,0x52,0x8F,0x96,0xF2,0x99,0xAA,0x62},
    },
    {
        UINT32_C(15796),
        UINT64_C(0x2EBAD48B0F508DFC),
        UINT32_C(1280),
        UINT32_C(80),
        {0xEF,0xF2,0xCA,0xBB,0x4C,0xDB,0xB6,0x15,0x1D,0x9F,0x97,0x06,0xDB,0x57,0x00,0x31,0xCB,0xEE,0xF4,0x13,0x74,0x3A,0xF6,0x56,0x79,0xC2,0x2B,0xE0,0xB7,0xFA,0xED,0x9D},
        {0xED,0xCE,0xDC,0x3D,0x03,0xAD,0x51,0x74,0xFF,0xF7,0x91,0xEF,0x46,0x8D,0x2B,0x35,0x22,0x21,0xDF,0x2C,0x86,0x9A,0x34,0x94,0xDB,0x50,0x82,0xEC,0x6E,0x81,0x32,0x4C},
    },
    {
        UINT32_C(15800),
        UINT64_C(0x89E57A8794AB42D2),
        UINT32_C(1280),
        UINT32_C(80),
        {0xA9,0x06,0xFC,0x7C,0x32,0x60,0x1C,0x62,0xBB,0x70,0x93,0x04,0xB5,0xAF,0x78,0x9C,0x04,0xAE,0x40,0x88,0xEB,0x39,0x59,0x16,0x84,0xB2,0x19,0x27,0x8D,0x59,0x1B,0x6F},
        {0xA4,0xE1,0x45,0xD5,0x20,0x09,0x99,0x08,0x4C,0xA9,0xE1,0xC8,0x84,0x1A,0xFA,0xD9,0x42,0x25,0xDC,0x34,0x99,0x0D,0xF9,0x2C,0xD3,0x46,0x8C,0xDD,0x8A,0x74,0xE3,0x08},
    },
    {
        UINT32_C(15802),
        UINT64_C(0xD42B44BCD2D943A6),
        UINT32_C(1280),
        UINT32_C(80),
        {0x1D,0xD5,0x3B,0x96,0x32,0x50,0xF8,0xD9,0xDF,0xA8,0xC9,0xE4,0xE6,0x21,0xBB,0xD1,0xE1,0x8B,0x3D,0xE2,0x30,0xCC,0xBD,0xA5,0x8A,0x70,0x38,0x01,0x56,0x10,0x50,0x48},
        {0xDA,0x89,0x5F,0xFB,0x73,0x99,0xE7,0xE9,0x34,0x07,0x84,0x0A,0xEF,0xAD,0xB9,0x17,0x96,0x75,0x9B,0x28,0x41,0x04,0x04,0x50,0xFE,0x1C,0xD4,0x0D,0x7E,0xD7,0x68,0x29},
    },
    {
        UINT32_C(15810),
        UINT64_C(0x11FBCBF55B3BEB38),
        UINT32_C(1280),
        UINT32_C(80),
        {0x2E,0xEF,0xD6,0x6B,0x3B,0x66,0x13,0x48,0x67,0x09,0xE3,0x39,0x02,0x3E,0x60,0x27,0x5A,0xEC,0xEB,0xC0,0x1C,0xF6,0xAE,0x18,0x47,0xBA,0x35,0x38,0xC9,0x63,0x26,0xFE},
        {0xD3,0x4B,0x0B,0xEF,0xB4,0x07,0x01,0xBB,0xDF,0x9C,0xB8,0x23,0x09,0x1E,0x83,0x98,0xCC,0x93,0x5E,0x7B,0x97,0xCC,0xAD,0xDB,0xA6,0x78,0xAE,0xA9,0x6E,0x6C,0x27,0xDE},
    },
    {
        UINT32_C(15824),
        UINT64_C(0xEDB002CB1F11EA88),
        UINT32_C(340),
        UINT32_C(128),
        {0x0D,0x24,0x66,0x46,0xA0,0x11,0x1B,0x7D,0x61,0xB9,0x59,0xB4,0x53,0x21,0x35,0xC0,0x60,0xE0,0x34,0x79,0x78,0xC8,0x67,0xFE,0x28,0xEE,0xD0,0xB4,0x27,0x8E,0xC1,0x1E},
        {0xBC,0x5E,0x45,0x7B,0x77,0xDF,0xBD,0x16,0x2F,0xCB,0xE9,0x5C,0xDB,0x39,0x8D,0xE7,0x65,0x62,0x6A,0xD5,0xEC,0x03,0xE3,0xA2,0x7B,0x8E,0x8C,0x45,0xB8,0xC6,0x29,0x49},
    },
    {
        UINT32_C(15832),
        UINT64_C(0x4B52794FBEB2ED1D),
        UINT32_C(1280),
        UINT32_C(80),
        {0x31,0x6E,0xF1,0x62,0x86,0xE4,0xA1,0xDD,0x3E,0x39,0xBF,0xEF,0x01,0x10,0x4A,0xCD,0x56,0x2F,0xA1,0x54,0x36,0x86,0xF2,0xEE,0x7D,0x1B,0xE2,0x22,0xDA,0x36,0x6D,0x28},
        {0xFD,0x16,0x7B,0x42,0x30,0x8C,0xD4,0xA3,0xD3,0xB2,0x31,0x5F,0x42,0x01,0x0A,0xDF,0xCE,0x63,0xFE,0xC4,0xED,0x84,0xD0,0x59,0x94,0xF5,0xA5,0xB8,0xC9,0xEA,0xB8,0x0F},
    },
    {
        UINT32_C(15838),
        UINT64_C(0x6B5CD4F4402DA722),
        UINT32_C(1280),
        UINT32_C(80),
        {0x13,0x63,0x8F,0x2E,0x0F,0xB1,0xFB,0x1A,0xDD,0x27,0x83,0xA2,0xB2,0x9C,0x88,0x92,0x43,0xB9,0x43,0xAA,0xB3,0x93,0x93,0xAC,0xD2,0x8E,0xE1,0x1C,0xF0,0x02,0x02,0x6E},
        {0x32,0xB2,0x25,0x3C,0x96,0x33,0x09,0xF8,0xEC,0x05,0x2D,0x96,0x14,0xE8,0xB2,0x0C,0xB9,0xEF,0xFB,0x09,0x74,0xA8,0xB9,0x1B,0x63,0xBB,0xED,0xC9,0xA5,0x00,0x74,0x4A},
    },
    {
        UINT32_C(15844),
        UINT64_C(0x81C8317EE9017D5C),
        UINT32_C(1280),
        UINT32_C(80),
        {0xCB,0xC7,0x9F,0xEC,0xE1,0x11,0x3D,0x7B,0x1C,0xB1,0x7E,0x15,0xC9,0xBB,0xF6,0x5A,0x5C,0xF3,0x51,0x21,0x14,0xA6,0x60,0xF5,0xBC,0xBA,0x16,0x0A,0x60,0xC0,0x1D,0xC4},
        {0xF7,0xA5,0x0A,0x61,0x26,0xB3,0xC7,0x1D,0xBA,0xAE,0xCF,0x7A,0x29,0x8A,0x19,0x9E,0x7F,0x68,0x25,0x24,0x13,0x4E,0x9D,0x87,0x22,0x40,0xD1,0x6A,0x46,0xB9,0x8F,0xCB},
    },
    {
        UINT32_C(15862),
        UINT64_C(0xCB7AE6460862BAE0),
        UINT32_C(340),
        UINT32_C(128),
        {0x34,0x1B,0x6F,0xAA,0x7D,0x5D,0xCA,0x75,0x8B,0x11,0x46,0x27,0xC8,0x05,0x03,0x92,0xAE,0xFF,0x74,0xBD,0xF9,0x5B,0xBC,0xD4,0xF9,0x9F,0xF9,0x74,0x65,0xF9,0xBE,0xB1},
        {0x5D,0xFB,0x41,0xDB,0xD8,0x2B,0x9F,0x3C,0x5D,0x32,0xF6,0x6E,0x9B,0x31,0x86,0xE8,0x1B,0x64,0xE4,0x37,0x47,0x99,0x26,0x11,0xFD,0xC5,0x83,0x1E,0x36,0x11,0x94,0xF8},
    },
    {
        UINT32_C(15874),
        UINT64_C(0x2D19085D1A57BC2A),
        UINT32_C(1280),
        UINT32_C(80),
        {0xB9,0x0B,0xC5,0xBC,0xAD,0x65,0x84,0x0A,0x3D,0x23,0x74,0x00,0x58,0xA3,0x0A,0xF5,0x96,0x43,0xCF,0xA5,0xAE,0xDF,0xD4,0x30,0x0E,0x67,0x07,0x58,0x85,0xF0,0x77,0x4B},
        {0x09,0x51,0x53,0xC9,0xAF,0x96,0x53,0x01,0x74,0xEB,0x73,0x56,0x45,0x15,0x69,0xD7,0x38,0x9C,0x21,0x57,0xA7,0xA8,0xAB,0xE6,0x15,0x1B,0x85,0x6D,0xB6,0xB8,0x34,0xE5},
    },
    {
        UINT32_C(15874),
        UINT64_C(0x8FE707AD36AAC719),
        UINT32_C(874),
        UINT32_C(28),
        {0xFF,0xCD,0x27,0xFF,0x2E,0x8A,0xD9,0x85,0x80,0xB9,0xE2,0x95,0x82,0xCF,0x60,0x94,0x37,0x5C,0xC6,0x06,0x88,0x04,0xBA,0x60,0x38,0x8D,0x6D,0xCE,0x3B,0xD5,0x02,0xF5},
        {0x56,0xA7,0xCC,0x15,0x87,0x41,0xF0,0x09,0xE5,0x49,0xCF,0x6C,0x22,0x2C,0x6E,0x01,0x32,0x02,0xB7,0x2A,0x46,0x63,0xAE,0x9F,0x30,0xB2,0x27,0x93,0x56,0x3B,0x06,0xCB},
    },
    {
        UINT32_C(15902),
        UINT64_C(0x81EE36EB49569360),
        UINT32_C(1280),
        UINT32_C(80),
        {0x43,0xDC,0x38,0xC6,0x51,0xA6,0x43,0x57,0xCD,0xAA,0x46,0x78,0x3F,0x6B,0x4D,0xCE,0x65,0x9F,0x5B,0xFF,0xA0,0x0E,0x99,0xDC,0xD5,0x1D,0xBB,0x74,0x82,0x51,0xE0,0x80},
        {0x48,0xF1,0xBF,0x6A,0x7A,0x97,0x18,0xFD,0xE0,0xC8,0x6F,0x19,0x80,0x2E,0x22,0x9D,0xAD,0x81,0xBC,0xF8,0x2E,0x7A,0x25,0x90,0xF9,0x7D,0x90,0xD9,0x31,0x2F,0x71,0x54},
    },
    {
        UINT32_C(15922),
        UINT64_C(0x16AE59954ADE8DBE),
        UINT32_C(1024),
        UINT32_C(600),
        {0x0C,0x39,0x9D,0x4F,0x61,0x70,0x17,0xF1,0x21,0x81,0x57,0xC9,0x90,0xF7,0x92,0xB7,0xEF,0xAC,0x93,0x4D,0xA2,0xA0,0xB8,0x33,0x45,0xBB,0x87,0xF0,0x98,0x1D,0x75,0x17},
        {0x8A,0xFE,0x30,0xE3,0x3E,0x45,0xE6,0x2B,0xAE,0xC0,0x55,0x5F,0xE6,0x00,0x2A,0x77,0x04,0xA6,0xA6,0xCE,0xE9,0xC6,0x6D,0x57,0xF5,0xF9,0x36,0x1D,0x91,0xEF,0xE2,0xA1},
    },
    {
        UINT32_C(16094),
        UINT64_C(0x7F5FC5CAEA8C23A2),
        UINT32_C(340),
        UINT32_C(128),
        {0x61,0x77,0x28,0x23,0x62,0x13,0xB2,0xFA,0x9C,0xE3,0x04,0xBF,0xA6,0x14,0xEB,0xAB,0xF1,0xE2,0x69,0xE7,0xE2,0x88,0x3B,0xD8,0x08,0x63,0x48,0x53,0x59,0x73,0x6D,0x71},
        {0x96,0x6C,0xD7,0x22,0x6B,0xC5,0x3F,0x47,0x7E,0xD1,0xF1,0x24,0x1B,0x6D,0xD9,0x15,0x9E,0x8A,0x15,0xDC,0x2D,0x23,0xE4,0xC6,0xA7,0x4C,0xC8,0xAF,0x77,0xF5,0xBD,0xD5},
    },
    {
        UINT32_C(16132),
        UINT64_C(0xB6564E5EBCB69D49),
        UINT32_C(302),
        UINT32_C(72),
        {0x99,0xE9,0x0B,0xB6,0x30,0x32,0x12,0x10,0x70,0x61,0xD7,0x5D,0xE2,0xED,0x4F,0x29,0x8D,0x41,0x11,0x36,0xDB,0xC8,0xCE,0xDA,0xA1,0x68,0xD1,0xA9,0xBC,0x71,0x56,0x6B},
        {0xDE,0xC4,0xDA,0x4C,0x3A,0xA7,0x29,0x9B,0xE0,0x61,0x34,0xEA,0xED,0x14,0x51,0xED,0xA4,0x6B,0xEE,0xA1,0x64,0x04,0x08,0x9F,0x22,0x44,0x8D,0x32,0x15,0xCA,0x13,0x19},
    },
    {
        UINT32_C(16142),
        UINT64_C(0x6A9BEED51E17A1B1),
        UINT32_C(1024),
        UINT32_C(600),
        {0x4B,0x5F,0x4F,0xF1,0xB6,0xD5,0xB4,0xD3,0x67,0x32,0x94,0xCB,0xB9,0xA2,0xB6,0x43,0x67,0xCB,0x35,0x6D,0xF9,0x54,0x77,0x2B,0x54,0x07,0xA4,0x29,0xC8,0x55,0xE3,0x1D},
        {0x35,0xDB,0xBB,0x9F,0x84,0x8F,0x79,0xD1,0x0E,0x83,0xAF,0x25,0xB2,0x3A,0x0F,0x4C,0x38,0x8B,0xCA,0xA8,0xBE,0x0D,0xA9,0x06,0xD0,0x4C,0xAF,0x00,0x76,0xBF,0x73,0x8D},
    },
    {
        UINT32_C(16166),
        UINT64_C(0x8B6BB2A65EB79AEE),
        UINT32_C(1024),
        UINT32_C(600),
        {0xCA,0x6D,0x21,0x2E,0x17,0x2A,0xD6,0x3C,0x3C,0x70,0xB9,0xC0,0x76,0x23,0x86,0x80,0xC4,0x36,0xBB,0xB9,0x77,0x93,0x47,0xA0,0x8B,0x2F,0x65,0x7B,0x44,0x0E,0x01,0xB5},
        {0x89,0x4E,0x6C,0xED,0x9D,0xAE,0x28,0x1F,0xD6,0x46,0xF4,0x74,0xA2,0xE6,0xF6,0xA6,0x43,0xD3,0x49,0x39,0x2F,0x58,0x02,0xC8,0xF5,0x29,0x4B,0x71,0xCC,0xFE,0x0A,0x68},
    },
    {
        UINT32_C(16190),
        UINT64_C(0x7BEC7503AA6610A0),
        UINT32_C(340),
        UINT32_C(128),
        {0x1E,0xC5,0x11,0xB6,0x8D,0x10,0x0E,0xFA,0x8E,0x97,0xDA,0xD2,0xF1,0xF6,0xF1,0x87,0x4D,0x76,0xC0,0xF5,0x70,0x6C,0xA8,0x78,0x21,0xEC,0x99,0x7A,0xA6,0xFE,0x2B,0x92},
        {0xBA,0x21,0x73,0x9B,0xA0,0x3E,0x01,0xF8,0x7A,0xB8,0x38,0x19,0x37,0x86,0x60,0x82,0xEC,0xF0,0xD3,0x28,0x50,0x7A,0xBA,0x12,0x7B,0xC7,0xE6,0x0D,0x26,0x86,0xA7,0xB8},
    },
    {
        UINT32_C(16192),
        UINT64_C(0x9BBCC88AB0815467),
        UINT32_C(340),
        UINT32_C(128),
        {0x5C,0x90,0x78,0x8A,0x44,0x69,0x0B,0xDF,0xF2,0xE5,0x4E,0xCB,0xA8,0x0C,0x5F,0xB7,0x63,0x2F,0xD9,0xC6,0xB6,0x0E,0xBB,0x6C,0x7D,0x6A,0xA2,0x13,0x71,0xB3,0x66,0xA4},
        {0x33,0x2C,0x1A,0xC0,0xFE,0x83,0x0A,0x98,0xDE,0x29,0x38,0x7E,0x09,0xFC,0xDA,0xAB,0x83,0xBD,0x8F,0xB8,0xBC,0x9C,0x22,0xE7,0x90,0x82,0x69,0x6F,0x50,0xF8,0x23,0xB1},
    },
    {
        UINT32_C(16266),
        UINT64_C(0x93BFF6A66C221015),
        UINT32_C(672),
        UINT32_C(88),
        {0x85,0xD1,0x4B,0x57,0xCF,0x47,0xD3,0x9E,0x4D,0x20,0x3F,0x63,0x04,0xF1,0x2E,0x3B,0x56,0x7E,0x34,0x17,0x2B,0x5A,0xEE,0x93,0x3E,0xC9,0xF4,0x0E,0x19,0xBD,0x15,0x02},
        {0xD7,0x21,0x53,0xA2,0x2A,0xD1,0x80,0x74,0x1A,0x06,0x7B,0x74,0x75,0x29,0x55,0x1C,0x52,0xF2,0x2E,0x37,0x17,0xF3,0x0E,0xC2,0xAB,0x1E,0x49,0x17,0x8E,0xB7,0x37,0x0F},
    },
    {
        UINT32_C(16330),
        UINT64_C(0x4E5BE44E17AAAF6D),
        UINT32_C(340),
        UINT32_C(128),
        {0x8D,0x9A,0x4D,0x2F,0xF9,0xA6,0x18,0x9C,0x29,0x2A,0x8F,0x63,0x44,0xD6,0x32,0xA9,0xF5,0x85,0xCB,0xF6,0x57,0x94,0x14,0x72,0x8B,0x2B,0xB6,0x90,0x1C,0x54,0xBE,0x2B},
        {0x4B,0xEB,0xCD,0xD2,0x6E,0x34,0x49,0xE0,0xDE,0x60,0x12,0x3B,0xAA,0x0D,0x7E,0x9A,0x23,0x3A,0xEA,0x1C,0xB4,0xE7,0x41,0xF2,0x20,0x95,0xD6,0xEC,0xA7,0xA8,0x65,0x52},
    },
    {
        UINT32_C(16390),
        UINT64_C(0x05886167ADB84E9D),
        UINT32_C(672),
        UINT32_C(88),
        {0x74,0xAF,0x11,0x4B,0x19,0x6A,0x44,0x32,0x00,0xA4,0xD7,0x78,0xE7,0x96,0xD1,0xD9,0xB7,0x58,0xA4,0xD6,0xE7,0x5A,0x28,0x20,0xE2,0xE0,0x97,0x90,0xDC,0x3D,0xE7,0x7C},
        {0x49,0x88,0x78,0x18,0x9E,0x33,0x15,0xCC,0x61,0x44,0xEA,0xE1,0x01,0x6D,0xCC,0xA6,0xD8,0x05,0x7A,0x3F,0xA2,0x07,0x0F,0xA7,0xD8,0x3D,0x67,0xF4,0x06,0x63,0x03,0x93},
    },
    {
        UINT32_C(16426),
        UINT64_C(0x6B3570EF33C0D78B),
        UINT32_C(340),
        UINT32_C(128),
        {0xD9,0xB1,0x5E,0x0B,0xF4,0x82,0xB7,0x40,0x87,0x04,0x09,0x82,0x6B,0x31,0xE7,0x00,0x84,0x30,0xD5,0x18,0xE0,0x9A,0x47,0xAC,0x60,0x64,0x03,0x68,0xE0,0xE4,0xC9,0xA6},
        {0x74,0x40,0x1A,0x71,0xB1,0x28,0xEC,0xFF,0xA7,0x48,0x7C,0x8F,0x2D,0x42,0x30,0x96,0x1D,0x3D,0xDE,0xA0,0xD1,0x79,0x9B,0xCF,0xE3,0x1A,0xD8,0xBF,0x9E,0x6D,0x31,0x78},
    },
    {
        UINT32_C(16586),
        UINT64_C(0xF56C5708BF62A517),
        UINT32_C(1024),
        UINT32_C(600),
        {0xDE,0x79,0xDA,0x14,0x79,0x0A,0xFE,0x27,0xA2,0x40,0x4C,0x3F,0x00,0x20,0xAE,0x39,0xCE,0xE4,0xCC,0x24,0xDB,0x3E,0xAC,0x15,0xCB,0xC3,0x82,0x3E,0x3D,0x6F,0x95,0x19},
        {0xAE,0xA1,0x20,0x49,0x2E,0xEA,0xF6,0x51,0x5C,0xBD,0x76,0x2B,0x89,0xA8,0x13,0xA5,0x1E,0x57,0xE9,0x20,0xB7,0x6B,0xA7,0x5E,0xCE,0xC5,0x80,0xFD,0x21,0x60,0x5C,0x9C},
    },
    {
        UINT32_C(16636),
        UINT64_C(0xB7A1330AAAB03758),
        UINT32_C(340),
        UINT32_C(128),
        {0xD2,0x34,0x8B,0xA2,0x46,0x34,0x9A,0xBB,0x6B,0x95,0x93,0x63,0xD0,0xA4,0x63,0xA4,0x2B,0x5C,0x91,0x73,0x72,0xE6,0xC2,0x58,0x06,0xE6,0x9D,0x7C,0x96,0xBB,0x88,0x82},
        {0x09,0x37,0x80,0x1E,0x71,0xCA,0x7E,0x8E,0x27,0x6B,0xF7,0xC0,0xED,0x83,0x5D,0x01,0x97,0xF1,0xD5,0x5F,0x63,0x7B,0x6B,0xD1,0x18,0x0E,0x50,0x9B,0xA8,0xA6,0xE9,0xD9},
    },
    {
        UINT32_C(16660),
        UINT64_C(0xA5643359317C6F80),
        UINT32_C(302),
        UINT32_C(72),
        {0x5C,0x14,0x6E,0x7C,0xD2,0xB2,0xD1,0x84,0x10,0x43,0x8F,0xC9,0x58,0xEC,0xF6,0x52,0x34,0xAD,0xBE,0x7E,0xE8,0xD5,0xC6,0xD2,0xAC,0x8F,0xC6,0xD0,0xBF,0xCE,0xB9,0x3A},
        {0xC2,0x00,0xE4,0x16,0xDD,0xCE,0x98,0xAE,0x9C,0xB3,0x3A,0x6E,0xC4,0x68,0x23,0x6F,0x1C,0x2C,0xE3,0xFF,0xCA,0xAE,0xA0,0x5F,0x9B,0x8E,0x6B,0x8C,0xDA,0x97,0xFE,0xED},
    },
    {
        UINT32_C(16818),
        UINT64_C(0xBC266064F7A6E05A),
        UINT32_C(1024),
        UINT32_C(600),
        {0x8A,0xB4,0x97,0x70,0xB1,0xEB,0xCE,0xF2,0x98,0x38,0x4A,0x88,0x55,0xCE,0xDE,0xDD,0x46,0x7B,0x04,0x6B,0xAE,0x80,0xAE,0x12,0x92,0x72,0x07,0x7A,0x10,0xBF,0x03,0xC8},
        {0x87,0xB1,0xAF,0xD6,0x3A,0x9F,0x70,0xFA,0x2E,0xE2,0xA2,0xD6,0x67,0xB7,0x38,0x4D,0x8D,0x22,0xB0,0x79,0xBE,0xFD,0xFF,0x7E,0x83,0x57,0xBA,0xE9,0x6D,0x8E,0xAE,0x76},
    },
    {
        UINT32_C(16830),
        UINT64_C(0x615D764F137D37C4),
        UINT32_C(1024),
        UINT32_C(600),
        {0xFC,0x82,0x32,0x75,0x5E,0xFF,0xA8,0xF5,0x38,0xE1,0xFB,0x61,0x6C,0x2D,0x22,0xAD,0x81,0xBF,0x4A,0xAA,0xAF,0x18,0x83,0x9A,0xD5,0x55,0x5A,0xD9,0x6C,0xE3,0x87,0x9B},
        {0x81,0x5A,0xA8,0xED,0x71,0x4C,0xDF,0x62,0xEC,0x45,0x13,0xE9,0xEE,0x9A,0x77,0xEB,0xF3,0x65,0x09,0x44,0xA2,0xDB,0x77,0xD7,0x60,0xF2,0x76,0xB4,0xDE,0xC8,0x20,0x25},
    },
    {
        UINT32_C(16860),
        UINT64_C(0x1E05E5B061596E6F),
        UINT32_C(340),
        UINT32_C(128),
        {0xC7,0xD3,0x25,0x2F,0xFD,0x56,0x25,0xD4,0x0D,0x6F,0x0D,0x8F,0x79,0x28,0x15,0xF8,0x9C,0x46,0xE4,0xBE,0x51,0x68,0x23,0x34,0xDE,0x6F,0xF3,0xB4,0x74,0x91,0x5E,0xE8},
        {0xC1,0x45,0x6E,0x56,0xD2,0x2C,0xA3,0xA4,0x47,0xA9,0x6F,0x32,0x0D,0x5B,0x3C,0xEB,0x1D,0x5B,0x39,0xBD,0xEA,0x1F,0x4D,0x5E,0xCA,0x80,0xC3,0x92,0x1A,0x45,0x7C,0x96},
    },
    {
        UINT32_C(16906),
        UINT64_C(0x5B07894643FDE929),
        UINT32_C(340),
        UINT32_C(128),
        {0xCD,0x64,0xC7,0x6B,0x52,0xA5,0x78,0xE5,0x57,0x22,0x36,0x31,0x9D,0xC5,0xCB,0xC9,0xFE,0xFF,0x7A,0x26,0x29,0xA7,0x2E,0x4B,0x67,0x93,0xA8,0x54,0xF6,0x9A,0xC7,0x72},
        {0xE8,0xFC,0x1A,0x38,0xA3,0x3E,0xE4,0x4C,0xC2,0x54,0x7D,0x73,0x61,0xF6,0x04,0x0E,0x17,0xDE,0xA5,0x41,0x0D,0x6E,0xDA,0x1B,0xD9,0xD5,0xF7,0x58,0x2C,0x12,0x27,0xF0},
    },
    {
        UINT32_C(16928),
        UINT64_C(0x0F042C6CE838DAAC),
        UINT32_C(352),
        UINT32_C(163),
        {0x14,0x5B,0x06,0xBD,0x3F,0x84,0x35,0x52,0x46,0x3D,0x9D,0x9C,0x57,0xC5,0xCA,0x22,0xD9,0x0C,0x40,0x9E,0xD3,0xB5,0xEC,0x37,0x38,0x64,0x2A,0x27,0x7C,0xDB,0x0A,0x66},
        {0x42,0x88,0xD7,0x38,0xE3,0xC0,0xFE,0x58,0x06,0x48,0x78,0xD5,0x21,0xDC,0xA2,0x8D,0x7E,0x85,0xE2,0xE4,0x24,0xE0,0x65,0x2B,0x9B,0xE4,0xDD,0x8B,0x01,0xD3,0x75,0x14},
    },
    {
        UINT32_C(17002),
        UINT64_C(0x1515633DE9FF7BBB),
        UINT32_C(1024),
        UINT32_C(600),
        {0x49,0xCF,0xBE,0xA5,0x76,0x17,0x61,0xB8,0x2B,0x8F,0xB8,0x88,0x9E,0x64,0xED,0xB7,0x35,0x75,0x34,0xBE,0x8F,0x8A,0xE9,0xEE,0x50,0x5D,0xC1,0x81,0x84,0x22,0x32,0xCD},
        {0x91,0x73,0xFA,0x87,0x7B,0x01,0x5E,0xCA,0x74,0x4F,0xC9,0x0B,0x2C,0xC8,0x6B,0x2F,0xDD,0x42,0xD1,0x26,0x69,0x21,0x3C,0x07,0x44,0xB0,0x1D,0x28,0x84,0xB3,0x7E,0xE3},
    },
    {
        UINT32_C(17312),
        UINT64_C(0x52037202A3F91079),
        UINT32_C(967),
        UINT32_C(28),
        {0x85,0x70,0xAA,0x36,0x41,0x2B,0xCF,0x84,0xE6,0x1A,0x47,0x0E,0xC3,0xB4,0x63,0x7D,0xA8,0x1F,0xC6,0x7C,0xC8,0xC7,0xFF,0x60,0x94,0xEE,0x3B,0x26,0x6E,0xFD,0xD0,0x5F},
        {0x1F,0xB8,0x1F,0xA5,0x2F,0x8C,0xBB,0x7A,0x52,0x4E,0x73,0x62,0x76,0x0D,0x87,0x3A,0x93,0xD0,0x53,0xF7,0x93,0x5B,0xE7,0x71,0x9D,0x3F,0xFD,0x36,0x12,0x83,0xA6,0x5D},
    },
    {
        UINT32_C(17314),
        UINT64_C(0x03E3F35A42CE4E35),
        UINT32_C(672),
        UINT32_C(88),
        {0x85,0xD1,0x4B,0x57,0xCF,0x47,0xD3,0x9E,0x4D,0x20,0x3F,0x63,0x04,0xF1,0x2E,0x3B,0x56,0x7E,0x34,0x17,0x2B,0x5A,0xEE,0x93,0x3E,0xC9,0xF4,0x0E,0x19,0xBD,0x15,0x02},
        {0xD7,0x21,0x53,0xA2,0x2A,0xD1,0x80,0x74,0x1A,0x06,0x7B,0x74,0x75,0x29,0x55,0x1C,0x52,0xF2,0x2E,0x37,0x17,0xF3,0x0E,0xC2,0xAB,0x1E,0x49,0x17,0x8E,0xB7,0x37,0x0F},
    },
    {
        UINT32_C(17322),
        UINT64_C(0x1E867A29D9B702A7),
        UINT32_C(966),
        UINT32_C(28),
        {0xAF,0x2B,0x0C,0x2D,0x89,0xD1,0x7B,0xB6,0x98,0x61,0x27,0xB6,0x61,0xB1,0x15,0x9D,0x3C,0xD7,0x69,0x71,0x57,0xE6,0xE7,0xA3,0xD0,0x9F,0x4D,0x40,0x25,0x7E,0x10,0xDF},
        {0x6E,0xE4,0xA3,0xF3,0x54,0x79,0x1D,0x2E,0x4C,0x88,0xC0,0x97,0xA2,0x9B,0xA2,0xE4,0xE1,0xF5,0x13,0x08,0x9D,0xE9,0xE8,0x8C,0xC8,0x62,0x98,0x2D,0x39,0x18,0xC4,0xDF},
    },
    {
        UINT32_C(17432),
        UINT64_C(0xD76A4DD93CD5513C),
        UINT32_C(340),
        UINT32_C(128),
        {0xB0,0x8E,0x87,0xCE,0xCF,0x71,0x7B,0xB2,0x4C,0x21,0x88,0x54,0x44,0x07,0x3B,0x21,0x30,0x50,0x96,0xD5,0xF4,0x58,0xDC,0x33,0xF4,0x95,0x4F,0x27,0xFC,0x3D,0x87,0x45},
        {0xE7,0xEF,0x80,0x3F,0x36,0xCA,0x5F,0x0B,0x52,0x0D,0xFD,0xEF,0xCB,0x3E,0x1D,0x03,0x4B,0xD8,0xB2,0x69,0x26,0x79,0x90,0xF9,0xC9,0x9C,0x43,0xDA,0x98,0xEC,0x4C,0x2A},
    },
    {
        UINT32_C(17442),
        UINT64_C(0x7FE87C7505186BA4),
        UINT32_C(672),
        UINT32_C(88),
        {0xDB,0x5F,0xA1,0xBA,0xE4,0x14,0xBA,0x88,0x81,0x8E,0xC0,0x24,0xF4,0x8F,0x83,0x52,0x77,0x00,0x11,0x19,0x3D,0x42,0x74,0x0B,0x74,0x5C,0x61,0x40,0x3F,0x42,0xDF,0xF4},
        {0xF9,0x3A,0xC5,0xAC,0xBB,0x69,0xF6,0x28,0x9B,0x1D,0x12,0x13,0x14,0xA0,0x37,0x0E,0x53,0x54,0x90,0xD5,0x4B,0xAE,0xC8,0xA2,0x00,0x9B,0x31,0xCB,0x8F,0xBD,0xCE,0x04},
    },
    {
        UINT32_C(17456),
        UINT64_C(0xA794D88459520302),
        UINT32_C(340),
        UINT32_C(128),
        {0x55,0xDA,0x65,0xA5,0x94,0x98,0x67,0xBC,0x50,0x6E,0x51,0x43,0x5A,0x15,0x84,0xC0,0x03,0x4A,0x52,0xED,0x19,0x3F,0xA9,0x62,0x0C,0x5F,0x64,0x34,0x71,0x5A,0xAF,0x1C},
        {0x84,0xC6,0xAE,0x36,0x99,0xE0,0xF9,0x9D,0x3A,0xF7,0xFE,0x57,0xD3,0x8C,0x10,0xE6,0x94,0x4D,0x13,0xE6,0x95,0xB5,0x2F,0x96,0xCA,0xBE,0xEB,0xAE,0x70,0xBD,0x1C,0x7A},
    },
    {
        UINT32_C(17510),
        UINT64_C(0x7F2E9CDD6D1092EC),
        UINT32_C(340),
        UINT32_C(128),
        {0x31,0x6A,0x23,0x66,0xB2,0xC4,0xD1,0x66,0x8D,0x07,0x70,0xB1,0x52,0x8D,0x91,0xF7,0x01,0xCC,0xD2,0xFD,0xFC,0x0F,0x22,0xEF,0x18,0x98,0x20,0x85,0xF7,0x9D,0xB1,0xB9},
        {0x28,0xFC,0x13,0x6D,0xB5,0xC6,0x12,0x2C,0x30,0xB1,0x6A,0xBE,0xBA,0x5D,0xB4,0x99,0x73,0xF0,0xF4,0x96,0xC6,0x9F,0xA3,0x57,0x63,0x36,0x68,0xCA,0x06,0x57,0x1E,0xAB},
    },
    {
        UINT32_C(17520),
        UINT64_C(0x280EEFE44E2ED779),
        UINT32_C(340),
        UINT32_C(128),
        {0xF6,0xEF,0xB2,0xC2,0xE2,0x36,0x19,0x93,0x94,0xF3,0x30,0xA9,0x0E,0x6C,0x85,0xDE,0xCE,0x9B,0x6A,0xDF,0x0D,0xC7,0x66,0x0B,0xC1,0xD5,0xF7,0x25,0x5E,0xB8,0x7B,0xF4},
        {0x96,0xFF,0x03,0xD4,0xFE,0x1E,0xB9,0xD8,0xAB,0x7C,0x2D,0xFD,0x55,0x95,0xAA,0x8E,0x9F,0xE9,0x91,0xFE,0xE2,0x06,0x6B,0x0A,0x49,0xBB,0x28,0x5D,0x2C,0x3A,0xB1,0x8F},
    },
    {
        UINT32_C(17524),
        UINT64_C(0x3FDC6F9FD0215999),
        UINT32_C(340),
        UINT32_C(128),
        {0x9E,0x6E,0xAF,0x39,0x35,0x55,0x7B,0xFB,0x96,0xB1,0x24,0xAB,0x18,0x58,0x8E,0x8C,0x23,0x06,0x71,0x2C,0x08,0x37,0x9C,0xBD,0x03,0x59,0x44,0x83,0xE8,0x11,0xD9,0xD4},
        {0xA0,0x6B,0xB6,0x2B,0x45,0x06,0xEF,0x08,0x1D,0x76,0xB8,0x0D,0xBF,0xFE,0x3C,0x05,0x37,0xBD,0xF1,0xBC,0x12,0xD9,0x9D,0xBA,0xCB,0xAD,0x3A,0xAF,0xAF,0xB7,0x5D,0xCC},
    },
    {
        UINT32_C(17524),
        UINT64_C(0xD4CCEF475A5B7162),
        UINT32_C(672),
        UINT32_C(88),
        {0x84,0x02,0xE2,0x52,0x64,0x95,0x7A,0x85,0xCC,0x52,0xC9,0x84,0xAC,0xCF,0xD8,0x93,0x53,0x7C,0x4D,0x29,0x8C,0x93,0x9B,0xC3,0x1B,0xE3,0x49,0x6A,0xA1,0xAF,0xA4,0x3C},
        {0x06,0xA8,0xAF,0x33,0x39,0x76,0xC4,0xA9,0xCB,0x67,0xB3,0x6C,0xAB,0xE4,0xC5,0xB0,0x39,0x36,0x33,0x13,0x1B,0xC7,0xF1,0x8A,0x19,0x25,0xD4,0xE7,0x7F,0x35,0x9B,0x88},
    },
    {
        UINT32_C(17538),
        UINT64_C(0x35B7B1FDCCF6C1C7),
        UINT32_C(230),
        UINT32_C(130),
        {0xE6,0xD9,0x53,0x6A,0xDA,0xED,0x61,0x70,0x06,0x3B,0x2C,0x8F,0x72,0x73,0x31,0x23,0xE5,0x4B,0x65,0x94,0x2F,0x8B,0x03,0x77,0x09,0xCE,0x73,0xEE,0xAB,0x92,0x13,0xFC},
        {0x83,0xE0,0xAA,0x19,0x85,0x4D,0xC2,0x63,0xAD,0xB5,0xC5,0x32,0x91,0x13,0xE2,0xB4,0x03,0xFE,0xA5,0x57,0x13,0x6B,0x25,0x57,0x44,0x74,0xAC,0xC9,0x1B,0x5A,0x91,0xBC},
    },
    {
        UINT32_C(17608),
        UINT64_C(0x80CEA1A2A959550F),
        UINT32_C(352),
        UINT32_C(163),
        {0xDE,0x52,0x76,0xAF,0x6C,0x32,0x98,0x45,0x4B,0x1C,0xB9,0x51,0x55,0x19,0xEF,0xA1,0x29,0x01,0x15,0x5C,0x43,0x89,0x8B,0x14,0x7A,0xCB,0xF6,0xDB,0x7D,0xCF,0x26,0x04},
        {0x7F,0xFE,0xC0,0xBC,0x16,0xCF,0x14,0xE6,0xE3,0xD8,0x4B,0xC5,0xF4,0xBF,0x5F,0x2B,0x34,0xC2,0xBA,0x5C,0xA3,0x99,0xD5,0xE7,0xE6,0x3C,0x19,0x85,0xFE,0x7E,0x30,0x1D},
    },
    {
        UINT32_C(17676),
        UINT64_C(0xB7C56EBA482E3AD1),
        UINT32_C(340),
        UINT32_C(128),
        {0x3B,0xCC,0x31,0x71,0xC8,0xD2,0x50,0xDF,0x75,0x04,0x0F,0x96,0x58,0x21,0xCE,0x3F,0xBA,0x1B,0x63,0xD2,0x77,0x90,0x78,0x4A,0xFC,0x1D,0x18,0x88,0x2E,0xE4,0x53,0x6F},
        {0x8A,0x23,0x70,0xBB,0xAA,0xCA,0xEE,0x98,0xFE,0xF5,0x1E,0x82,0xE3,0xD4,0xF3,0x39,0xBC,0x1E,0x60,0xEF,0x92,0xFD,0xF2,0x0C,0xDC,0x72,0xF9,0x4E,0xF8,0xEA,0xAF,0x1E},
    },
    {
        UINT32_C(17704),
        UINT64_C(0x5763303866C9085C),
        UINT32_C(230),
        UINT32_C(130),
        {0xE6,0xD9,0x53,0x6A,0xDA,0xED,0x61,0x70,0x06,0x3B,0x2C,0x8F,0x72,0x73,0x31,0x23,0xE5,0x4B,0x65,0x94,0x2F,0x8B,0x03,0x77,0x09,0xCE,0x73,0xEE,0xAB,0x92,0x13,0xFC},
        {0x83,0xE0,0xAA,0x19,0x85,0x4D,0xC2,0x63,0xAD,0xB5,0xC5,0x32,0x91,0x13,0xE2,0xB4,0x03,0xFE,0xA5,0x57,0x13,0x6B,0x25,0x57,0x44,0x74,0xAC,0xC9,0x1B,0x5A,0x91,0xBC},
    },
    {
        UINT32_C(17706),
        UINT64_C(0x8C1ACD0EEC2FA6E8),
        UINT32_C(672),
        UINT32_C(88),
        {0x84,0x02,0xE2,0x52,0x64,0x95,0x7A,0x85,0xCC,0x52,0xC9,0x84,0xAC,0xCF,0xD8,0x93,0x53,0x7C,0x4D,0x29,0x8C,0x93,0x9B,0xC3,0x1B,0xE3,0x49,0x6A,0xA1,0xAF,0xA4,0x3C},
        {0x06,0xA8,0xAF,0x33,0x39,0x76,0xC4,0xA9,0xCB,0x67,0xB3,0x6C,0xAB,0xE4,0xC5,0xB0,0x39,0x36,0x33,0x13,0x1B,0xC7,0xF1,0x8A,0x19,0x25,0xD4,0xE7,0x7F,0x35,0x9B,0x88},
    },
    {
        UINT32_C(17750),
        UINT64_C(0xD3DB84125883790E),
        UINT32_C(148),
        UINT32_C(228),
        {0x14,0xAB,0x9E,0x28,0xC9,0x0C,0xDE,0x99,0xC4,0x8F,0xFC,0xA3,0x86,0xE6,0xE9,0x40,0xD7,0xC8,0x21,0xDE,0xBB,0xD4,0xD5,0xCC,0xD8,0x13,0xA3,0x80,0x37,0xDE,0x3F,0xD0},
        {0xFE,0x14,0xC0,0x76,0xE4,0x63,0x7E,0xAB,0xAE,0xCB,0x3C,0x9E,0x8C,0xC0,0x97,0x81,0x7D,0x30,0xA4,0xBE,0x4D,0x75,0x6E,0xEF,0x51,0xAC,0x29,0xF1,0x21,0xA5,0x84,0x3C},
    },
    {
        UINT32_C(17938),
        UINT64_C(0x4DB9A8BEA33A2009),
        UINT32_C(340),
        UINT32_C(128),
        {0xF6,0x26,0xA0,0x45,0x0B,0xA0,0xD1,0xF5,0x29,0x4B,0x1D,0xA9,0x0F,0x45,0xBB,0x74,0x50,0x6B,0x68,0x5D,0x9E,0x1D,0x0D,0x36,0xCA,0x2E,0xDD,0x9C,0x98,0xC9,0x85,0x0B},
        {0x4F,0x08,0xE3,0x22,0x31,0xD2,0x83,0xB0,0x2B,0xFE,0x87,0xFC,0xBB,0x96,0x4E,0xFA,0x8D,0x76,0x85,0xCC,0x9A,0x5D,0xCD,0x34,0xC9,0x1D,0x17,0xFF,0x38,0x66,0xC7,0x0B},
    },
    {
        UINT32_C(17972),
        UINT64_C(0x1E807F82D045B6FA),
        UINT32_C(230),
        UINT32_C(130),
        {0x67,0x01,0x56,0x9B,0x96,0x10,0xE6,0xF6,0x8A,0xC6,0x36,0x95,0x94,0x3B,0x85,0xB5,0x34,0xE3,0x3F,0xE1,0xDA,0xC3,0xE8,0x1F,0x4C,0x55,0x8A,0x4C,0x35,0xCB,0xB7,0xBB},
        {0x8A,0x27,0x91,0xC7,0x3C,0x8C,0x9C,0x58,0x5F,0xB6,0x3A,0x75,0x7D,0xB2,0x7C,0x69,0xDF,0x51,0xCC,0xEA,0x3A,0x33,0xEB,0xC6,0x46,0xF1,0x21,0x6E,0xA5,0x3B,0xAA,0xD9},
    },
    {
        UINT32_C(17986),
        UINT64_C(0x8B36014AA09B6177),
        UINT32_C(1280),
        UINT32_C(80),
        {0xFE,0x8D,0xBC,0x75,0xA5,0x7D,0x6B,0xA1,0x80,0x0B,0xA3,0xC8,0x16,0x70,0x10,0x7A,0x4B,0x72,0x4F,0x10,0xF1,0xF0,0xE8,0x81,0xE0,0x81,0x54,0x73,0x45,0xDE,0x51,0x58},
        {0x82,0x3E,0x6F,0x7E,0xD3,0x1E,0xA1,0x3D,0x18,0x1A,0xA9,0x7C,0xB0,0xB5,0xCA,0xEF,0xBB,0x17,0x2D,0x8F,0x48,0x44,0xEA,0x15,0x0E,0x76,0x0F,0x1F,0x72,0x1D,0xDD,0x4F},
    },
    {
        UINT32_C(18084),
        UINT64_C(0xFA6F1DA63D43F66D),
        UINT32_C(340),
        UINT32_C(128),
        {0x01,0xF3,0x32,0xE1,0xC3,0x5E,0x94,0xD1,0x43,0xBF,0xCA,0x90,0x8F,0xD2,0x06,0xB3,0x0C,0x05,0x4E,0x05,0x1E,0x31,0xDF,0x48,0x02,0x9D,0x67,0xEF,0x21,0x83,0x39,0xEE},
        {0x54,0x5A,0x4B,0xBC,0x61,0xAF,0xD5,0x06,0xA0,0x53,0x8A,0xBA,0x43,0x9A,0x97,0x76,0xB4,0xFC,0xA9,0x72,0xAB,0x82,0x35,0xAC,0xD4,0x53,0xCE,0x8B,0x47,0x0D,0xD6,0xC9},
    },
    {
        UINT32_C(18300),
        UINT64_C(0x1999B998A832AC25),
        UINT32_C(753),
        UINT32_C(51),
        {0x56,0x3C,0x2F,0x07,0xF6,0x0C,0x3C,0xBA,0x21,0x63,0xF7,0xB3,0xCD,0x5B,0x4C,0x46,0x07,0x40,0xAA,0x77,0x6B,0x2A,0x6E,0x7D,0x3E,0xBE,0x67,0x27,0x1F,0xDB,0x6B,0x8A},
        {0x8B,0xA8,0xE0,0x2E,0x21,0x57,0xF6,0x62,0x26,0x35,0xEA,0x4F,0xE1,0xC4,0xDA,0x45,0xC2,0x9B,0x21,0x06,0x86,0x6C,0x72,0xD0,0xBA,0xC2,0xB8,0x38,0xC0,0x54,0xB1,0x28},
    },
    {
        UINT32_C(18464),
        UINT64_C(0x9DC692F1A7F24EED),
        UINT32_C(340),
        UINT32_C(128),
        {0xAE,0x15,0x9C,0xFC,0xDE,0x46,0xE6,0x4F,0x13,0xB7,0x01,0xA1,0x29,0x43,0x8E,0xEC,0xB6,0x01,0x65,0xA8,0x0E,0x6F,0x94,0x0F,0x09,0xB4,0xA6,0x31,0x63,0xB8,0x7E,0xEF},
        {0x43,0xF4,0xEA,0xA6,0xF3,0x42,0xD0,0xDC,0x83,0xCD,0x12,0x73,0x27,0xD9,0xF6,0xE6,0x64,0xFC,0x9C,0xC6,0xF0,0xE7,0x2B,0x20,0x3E,0xF1,0x60,0xF7,0xBF,0x88,0x37,0x45},
    },
    {
        UINT32_C(18480),
        UINT64_C(0x6031FB14F0B5275A),
        UINT32_C(352),
        UINT32_C(163),
        {0xA6,0x72,0x3B,0x5A,0x14,0x2C,0x84,0x96,0x31,0x33,0xCC,0x35,0xC5,0xC2,0x9F,0xC1,0xAE,0x4A,0xC8,0x30,0xBE,0x2C,0x02,0x35,0x9A,0x97,0x67,0x52,0x66,0x99,0xE1,0xA1},
        {0xFF,0x97,0x7C,0xF1,0xFD,0x07,0x37,0xBD,0xAF,0x70,0x16,0x57,0x70,0xA5,0xCA,0xC8,0xC6,0x16,0x10,0x08,0xEE,0x92,0xF9,0x1A,0xF3,0x5B,0xBE,0x6B,0xFF,0x01,0x3F,0xF9},
    },
    {
        UINT32_C(18590),
        UINT64_C(0x0F42C887E6E56665),
        UINT32_C(340),
        UINT32_C(128),
        {0xAA,0x50,0xFA,0x28,0xB1,0x64,0x09,0x34,0x7E,0xFE,0xDC,0x81,0x57,0x63,0xA6,0xE7,0x6F,0xF7,0x58,0x59,0xB8,0x6A,0x16,0x1F,0xCC,0xB7,0xB0,0x87,0xC2,0xE5,0x05,0x2A},
        {0x34,0x08,0xA6,0x4B,0xEF,0xE6,0xE6,0x8B,0xBC,0x3C,0x76,0xD7,0xD9,0x01,0xD5,0xBA,0xA5,0x39,0xA1,0x9E,0xCF,0xAE,0x7E,0x5A,0x21,0x8E,0xE8,0x5E,0xB1,0xEC,0x79,0x04},
    },
    {
        UINT32_C(18790),
        UINT64_C(0x05CE3CE965BC07A1),
        UINT32_C(340),
        UINT32_C(128),
        {0xC8,0xBF,0x53,0x19,0x77,0xD3,0xD2,0xFA,0x8D,0x66,0x27,0x79,0xCC,0x2C,0x4F,0xC1,0x51,0xA9,0x0A,0x32,0x51,0x08,0x4F,0x95,0x7E,0xCC,0x19,0xB4,0x0C,0x20,0x54,0x5A},
        {0xFB,0x9A,0xE3,0x5F,0x6E,0xC4,0x25,0xBD,0x6B,0xCC,0x65,0x05,0x4F,0x11,0xFC,0x97,0xDA,0xF0,0x10,0x60,0x76,0x2B,0x67,0x3C,0xCA,0xA6,0x43,0xE2,0x0B,0x73,0xC9,0x81},
    },
    {
        UINT32_C(18820),
        UINT64_C(0xBBB15664D574580D),
        UINT32_C(340),
        UINT32_C(128),
        {0x27,0x83,0x43,0x82,0x32,0xEB,0xFC,0x3C,0xE2,0x7D,0x05,0x5A,0x43,0xA7,0x7A,0xF2,0x2F,0xCC,0x17,0x36,0xE1,0xBC,0xC1,0x24,0xBA,0x44,0xA3,0xE4,0x7C,0x13,0x62,0x07},
        {0x00,0xD7,0x95,0x5E,0x07,0x24,0xE6,0x54,0x53,0x34,0x41,0xF2,0xD0,0x0E,0xEB,0x15,0xED,0x45,0x1A,0xD6,0xBF,0xB7,0xE3,0x26,0x32,0xDF,0x4A,0x13,0xC9,0xE1,0x9A,0x62},
    },
    {
        UINT32_C(18920),
        UINT64_C(0xE1306D6398D5622C),
        UINT32_C(1280),
        UINT32_C(80),
        {0xFE,0x8D,0xBC,0x75,0xA5,0x7D,0x6B,0xA1,0x80,0x0B,0xA3,0xC8,0x16,0x70,0x10,0x7A,0x4B,0x72,0x4F,0x10,0xF1,0xF0,0xE8,0x81,0xE0,0x81,0x54,0x73,0x45,0xDE,0x51,0x58},
        {0x82,0x3E,0x6F,0x7E,0xD3,0x1E,0xA1,0x3D,0x18,0x1A,0xA9,0x7C,0xB0,0xB5,0xCA,0xEF,0xBB,0x17,0x2D,0x8F,0x48,0x44,0xEA,0x15,0x0E,0x76,0x0F,0x1F,0x72,0x1D,0xDD,0x4F},
    },
    {
        UINT32_C(18940),
        UINT64_C(0xE91EBE0F8327FD33),
        UINT32_C(352),
        UINT32_C(163),
        {0x53,0xF6,0xBA,0x74,0x7C,0xEB,0x0C,0x8B,0x25,0xA8,0xDD,0x71,0x11,0x54,0x01,0x6D,0x10,0x62,0x89,0xF8,0x0C,0x62,0x2F,0x7E,0x41,0x8A,0x31,0x47,0x85,0xBE,0xA5,0xD1},
        {0x4F,0x9C,0xEB,0xFD,0xF8,0x9B,0xFC,0xE9,0xEC,0xD4,0xA3,0xF8,0x1A,0x38,0x1C,0x84,0x69,0x64,0xA9,0xEC,0x08,0x1C,0xD7,0x3D,0x27,0x4C,0x5F,0xE5,0x00,0x15,0x92,0x2F},
    },
    {
        UINT32_C(18970),
        UINT64_C(0x8508121078EF466D),
        UINT32_C(340),
        UINT32_C(128),
        {0x4D,0x1E,0x24,0x71,0x86,0x4A,0xC9,0x02,0x4D,0x29,0xFC,0x90,0xB9,0xA8,0xA6,0x3B,0xFA,0xE4,0x6F,0x99,0x22,0x68,0xF0,0x8A,0x16,0xEA,0x9A,0xEC,0x03,0x98,0x47,0xAE},
        {0x5F,0x43,0xBF,0x5C,0x0C,0x96,0x26,0x2B,0x3B,0x95,0x2A,0x3A,0x47,0xE0,0xAE,0xE0,0xEB,0x04,0x64,0x7D,0x8B,0x23,0xCD,0x43,0x79,0x79,0x3D,0x96,0x89,0x2C,0x35,0x03},
    },
    {
        UINT32_C(18978),
        UINT64_C(0x2132864909FA30B2),
        UINT32_C(302),
        UINT32_C(72),
        {0xAC,0x8A,0xA9,0x96,0x94,0x46,0xAB,0x39,0xFE,0xB1,0x6B,0x58,0x0E,0xD9,0x40,0x58,0x60,0xD2,0x98,0x76,0xFA,0x05,0x75,0x79,0x3B,0x16,0x6D,0x9E,0x09,0x6C,0x95,0x53},
        {0x82,0x62,0x52,0x2C,0xE9,0xCB,0x49,0xB6,0x4E,0xA2,0xA7,0xC2,0x82,0x4E,0x5B,0x4D,0xA1,0x59,0x19,0xC7,0x53,0xCF,0xF1,0x87,0x57,0x9B,0xA1,0x50,0x86,0x25,0x5E,0xEC},
    },
    {
        UINT32_C(19162),
        UINT64_C(0x6C355ECA0B6C9DFD),
        UINT32_C(148),
        UINT32_C(228),
        {0x14,0xAB,0x9E,0x28,0xC9,0x0C,0xDE,0x99,0xC4,0x8F,0xFC,0xA3,0x86,0xE6,0xE9,0x40,0xD7,0xC8,0x21,0xDE,0xBB,0xD4,0xD5,0xCC,0xD8,0x13,0xA3,0x80,0x37,0xDE,0x3F,0xD0},
        {0xFE,0x14,0xC0,0x76,0xE4,0x63,0x7E,0xAB,0xAE,0xCB,0x3C,0x9E,0x8C,0xC0,0x97,0x81,0x7D,0x30,0xA4,0xBE,0x4D,0x75,0x6E,0xEF,0x51,0xAC,0x29,0xF1,0x21,0xA5,0x84,0x3C},
    },
    {
        UINT32_C(19270),
        UINT64_C(0xBAA2CF78596E7FCD),
        UINT32_C(1024),
        UINT32_C(600),
        {0xCD,0x6B,0x70,0xDC,0x63,0xF1,0xC5,0x84,0x7A,0x94,0x69,0x07,0x88,0xBC,0x62,0x6C,0x34,0x6F,0xF2,0x7D,0x2B,0xF4,0x91,0x79,0x0D,0xF5,0xD8,0xBE,0x48,0xBB,0x02,0x38},
        {0xD5,0x67,0xD9,0x04,0x3E,0xAD,0x17,0xB0,0x71,0x00,0xD1,0x89,0x8A,0xD2,0x62,0x31,0x3C,0x6D,0x59,0x10,0x0E,0x99,0x31,0xD9,0xBC,0xC2,0xFD,0x3C,0x88,0x69,0xD8,0x20},
    },
    {
        UINT32_C(19288),
        UINT64_C(0x8C511286C8E4ADF8),
        UINT32_C(230),
        UINT32_C(130),
        {0x81,0xB5,0xB9,0x7D,0x58,0x72,0xE5,0xA7,0xD4,0x78,0x98,0xAD,0xE6,0x8E,0x6B,0x01,0xA1,0x56,0xA7,0xB6,0xAA,0xD1,0xF0,0xCD,0x67,0x9B,0x41,0xD1,0x43,0x2E,0xFF,0xC5},
        {0xDC,0x9C,0xDF,0x14,0x30,0x6F,0xB9,0x09,0x99,0xCE,0x64,0x1C,0x7B,0xF2,0x67,0x43,0x4E,0xD9,0x73,0x2F,0xD2,0x85,0xD7,0xDC,0x2F,0x13,0xC0,0x5E,0xFB,0xE6,0x9E,0x92},
    },
    {
        UINT32_C(19352),
        UINT64_C(0xFE9169B5DF424F51),
        UINT32_C(352),
        UINT32_C(163),
        {0xF2,0x01,0xE9,0xE2,0x5D,0x7E,0x12,0xED,0x68,0x23,0xF0,0xF4,0x4B,0x6E,0x17,0x2B,0x1F,0xE0,0x0D,0xFE,0x9F,0xE8,0x82,0xBC,0x29,0xB6,0x05,0x5B,0xC2,0x20,0x97,0x01},
        {0x25,0x5C,0xC1,0xB4,0xB3,0x85,0x44,0xC9,0x98,0xFA,0xD0,0xB3,0xF3,0x4F,0x1B,0x17,0xD2,0xA8,0x0B,0x09,0xF6,0x14,0xD2,0xD7,0x7D,0x9A,0x9C,0xD7,0xD5,0x9F,0xD6,0x08},
    },
    {
        UINT32_C(19410),
        UINT64_C(0x230F02AE16DFBAD9),
        UINT32_C(340),
        UINT32_C(128),
        {0x49,0xD4,0xC6,0xFF,0xC1,0x2F,0xDC,0x35,0xD5,0x19,0x19,0x6A,0x2B,0xE7,0x89,0x81,0x4D,0x91,0xCF,0xD8,0xE4,0xE2,0x3D,0xA1,0xE8,0xBA,0x27,0x63,0x53,0x44,0x50,0x81},
        {0x7D,0x23,0xB5,0xB2,0xA4,0xD5,0x8D,0x34,0x49,0x66,0x0A,0x55,0x0A,0x44,0x4B,0x67,0x55,0x6F,0xC9,0x40,0x31,0x26,0x73,0xE6,0xD8,0x64,0x48,0x5C,0x71,0x08,0xA7,0x65},
    },
    {
        UINT32_C(19418),
        UINT64_C(0x6AA7B40D7F8C3013),
        UINT32_C(352),
        UINT32_C(163),
        {0xF6,0x38,0x1D,0x2C,0xB4,0x76,0x87,0xE5,0xD3,0x79,0xFE,0xB8,0x5E,0xCE,0x64,0xC5,0x8F,0x66,0xF5,0xB6,0xA9,0xD1,0xE0,0xAD,0x62,0x89,0xCC,0x9F,0x68,0x0A,0x99,0x4D},
        {0xEF,0x02,0x40,0x43,0xCD,0x72,0xF7,0xF0,0x96,0x6E,0x57,0x0F,0x5B,0xC3,0xE3,0xEC,0x8B,0xCA,0xA9,0x44,0x88,0x0D,0x50,0xDC,0x07,0x9E,0xB1,0xC2,0x92,0xF1,0x1E,0xC8},
    },
    {
        UINT32_C(19470),
        UINT64_C(0xEF18381A4A614433),
        UINT32_C(340),
        UINT32_C(128),
        {0x8E,0x8A,0xEA,0xBE,0x25,0xDB,0x1A,0xF5,0x49,0xE8,0x2D,0xEC,0xBC,0x89,0x01,0x88,0x6A,0x52,0xC2,0x9B,0x9B,0xAC,0x9A,0x8B,0x60,0xD1,0x22,0x00,0xAC,0x3B,0x23,0xFF},
        {0xBD,0x9E,0x6B,0x93,0x95,0x33,0x88,0x95,0x0C,0x41,0xF7,0x2E,0xA2,0xDC,0xF6,0x21,0xC9,0x3B,0xA1,0x04,0xE1,0x3C,0xA9,0xE9,0x26,0xBA,0xBE,0x0B,0x61,0x6D,0xDC,0xC0},
    },
    {
        UINT32_C(19574),
        UINT64_C(0x4F87475E0FE95A1F),
        UINT32_C(340),
        UINT32_C(128),
        {0x10,0x17,0x30,0xE8,0x1D,0x3D,0x28,0x7A,0x49,0xAC,0x73,0xEB,0x15,0x0B,0x31,0x7C,0xFA,0x03,0x6E,0x39,0xEB,0x55,0x7A,0xC0,0x5F,0x2B,0xDD,0x88,0x45,0xD1,0xBA,0xB6},
        {0x72,0xA0,0x33,0x7E,0x0B,0x2C,0x98,0x78,0x2E,0x9E,0xCD,0x7D,0xD9,0xE6,0xD9,0x26,0x96,0xF5,0xAB,0x01,0xDD,0xB4,0x1A,0x20,0xD6,0x35,0xB4,0x42,0x7A,0x61,0xA4,0xAA},
    },
    {
        UINT32_C(19586),
        UINT64_C(0x95DB4148771A11B8),
        UINT32_C(340),
        UINT32_C(128),
        {0x3E,0x83,0x4B,0xA3,0x2E,0x92,0x34,0xAE,0x3B,0x81,0x94,0x69,0x53,0xF2,0xAF,0x34,0x9B,0xA3,0x97,0xA6,0xD7,0x2F,0x40,0x48,0xFE,0xBE,0x94,0xCE,0x1C,0x10,0x6B,0x68},
        {0xEF,0xE0,0xC9,0x45,0xE7,0x60,0xEC,0x6D,0xE7,0xEB,0x1F,0x87,0xA5,0xDB,0xB4,0xAB,0xE0,0xD0,0x9D,0xDF,0x03,0x8B,0x8E,0x49,0x61,0x7E,0x88,0x4E,0xB6,0xCA,0x21,0x78},
    },
    {
        UINT32_C(19592),
        UINT64_C(0x2CC98E0543A2DEE2),
        UINT32_C(340),
        UINT32_C(128),
        {0x15,0xD3,0x35,0xCB,0x7B,0xC8,0x15,0x14,0x08,0x5F,0xA7,0x1F,0xBC,0x32,0x47,0xB7,0x13,0xC7,0x28,0x12,0x6A,0xC7,0xBB,0x7D,0xEC,0x1D,0x9F,0x73,0xFE,0xB3,0x7C,0x76},
        {0x19,0xD8,0x14,0x1B,0xA9,0x47,0x4D,0x78,0x9F,0x8C,0xA4,0x2E,0x79,0x7C,0x37,0x7B,0x64,0x96,0x00,0x9E,0x19,0xB7,0x4C,0x11,0xC0,0xD3,0xAC,0xEB,0xFA,0x2C,0xB8,0x80},
    },
    {
        UINT32_C(19730),
        UINT64_C(0x9A8BCF88E0DA7A7B),
        UINT32_C(340),
        UINT32_C(128),
        {0x19,0x25,0x18,0x5C,0xAF,0x1E,0x80,0x9F,0x64,0x05,0x58,0x5A,0xDB,0x7C,0x50,0xB5,0xDD,0x10,0x79,0x63,0xC5,0x58,0x91,0x3F,0x82,0x42,0x49,0xA8,0x47,0xD7,0x7F,0xF9},
        {0xAE,0x08,0x29,0x54,0x59,0x1B,0x4D,0xB5,0x2D,0x32,0x3A,0xAA,0x3F,0x56,0x28,0x10,0x93,0x0B,0x28,0x90,0xA5,0xED,0xA5,0xBB,0x7F,0xC3,0xBD,0x10,0xF2,0x9B,0x77,0x05},
    },
    {
        UINT32_C(19736),
        UINT64_C(0x20A8B8C66BFE428A),
        UINT32_C(1280),
        UINT32_C(80),
        {0x28,0x17,0x0E,0x3A,0x3D,0x0D,0x20,0x56,0x61,0xC4,0xE8,0xEF,0x1F,0xCC,0xA6,0x45,0x98,0x4A,0xB8,0xC6,0xAB,0x8D,0x76,0x0C,0xFC,0x96,0xD6,0xFA,0xA0,0x5C,0xE6,0x61},
        {0x0E,0x8E,0xAF,0xD8,0x4A,0x30,0x21,0x0A,0xCA,0x08,0xE3,0xB8,0x75,0x13,0x4E,0x39,0x39,0xDF,0x6D,0x59,0x6D,0x97,0xAD,0xBF,0x7C,0xFF,0x61,0x38,0xA5,0x81,0xA9,0xFB},
    },
    {
        UINT32_C(19756),
        UINT64_C(0x7A72BC9406C18CE4),
        UINT32_C(352),
        UINT32_C(163),
        {0x85,0x12,0xA3,0xB5,0x53,0x57,0x3E,0xCE,0x8F,0x27,0x7C,0xBE,0x1F,0x30,0x2A,0xB7,0x6E,0xD8,0x5F,0x05,0xB2,0x09,0x81,0x91,0x11,0xDF,0xA6,0x8A,0xD1,0x76,0x79,0x81},
        {0xF6,0x4B,0x79,0xED,0xB4,0x9D,0xD6,0x57,0xD4,0x68,0xF3,0xC9,0x25,0x81,0x50,0x97,0x9F,0x93,0x95,0xE7,0x85,0x1D,0x32,0x6D,0x97,0xB8,0x62,0xFA,0x4F,0x01,0x5A,0x67},
    },
    {
        UINT32_C(19910),
        UINT64_C(0xD923D05B638CD966),
        UINT32_C(274),
        UINT32_C(76),
        {0xA3,0xED,0xC7,0xC0,0x8C,0x51,0x77,0xD3,0x18,0x28,0x92,0xC4,0xE4,0x73,0x10,0xA1,0x72,0x38,0x3C,0x04,0x20,0xB8,0xF3,0xC0,0xC1,0x86,0x0D,0x85,0x33,0x37,0x79,0x1F},
        {0x13,0x55,0x17,0xF2,0x0E,0x52,0x0B,0xBC,0x0C,0x9C,0x7E,0xC3,0x02,0xF0,0x1B,0xE8,0xC0,0x43,0x61,0xA8,0x36,0xD8,0xF5,0x37,0x32,0xDB,0x55,0x2F,0x2E,0xCE,0x6A,0xB6},
    },
    {
        UINT32_C(19974),
        UINT64_C(0x4692DA465F3AAF07),
        UINT32_C(1280),
        UINT32_C(80),
        {0x28,0x17,0x0E,0x3A,0x3D,0x0D,0x20,0x56,0x61,0xC4,0xE8,0xEF,0x1F,0xCC,0xA6,0x45,0x98,0x4A,0xB8,0xC6,0xAB,0x8D,0x76,0x0C,0xFC,0x96,0xD6,0xFA,0xA0,0x5C,0xE6,0x61},
        {0x0E,0x8E,0xAF,0xD8,0x4A,0x30,0x21,0x0A,0xCA,0x08,0xE3,0xB8,0x75,0x13,0x4E,0x39,0x39,0xDF,0x6D,0x59,0x6D,0x97,0xAD,0xBF,0x7C,0xFF,0x61,0x38,0xA5,0x81,0xA9,0xFB},
    },
    {
        UINT32_C(20028),
        UINT64_C(0x5D470FB3CA470087),
        UINT32_C(1302),
        UINT32_C(985),
        {0x75,0xC4,0x6F,0xFF,0x31,0xD0,0x57,0x13,0x05,0x58,0xA1,0xC9,0xB0,0x72,0xA5,0x7E,0x94,0x09,0x2D,0x04,0x2B,0xFD,0x2A,0x12,0x11,0x5C,0x77,0xC1,0x3F,0x61,0xC6,0x3A},
        {0x1C,0x3B,0x3C,0xBB,0x2C,0xD7,0xE6,0x8B,0xAF,0x25,0x36,0x2C,0x35,0x32,0xEB,0xBF,0x5E,0xE0,0x00,0x62,0x3F,0xDE,0x89,0x04,0x25,0xB5,0xBF,0x30,0x41,0x54,0x68,0xAD},
    },
    {
        UINT32_C(20100),
        UINT64_C(0x2CB0DD66CAAB7ED4),
        UINT32_C(148),
        UINT32_C(228),
        {0xD9,0x36,0xE7,0xBF,0x10,0xBD,0x19,0x21,0x9E,0x50,0x23,0xD6,0x35,0x64,0xD0,0x3C,0x49,0x46,0xC8,0x6D,0x37,0x56,0x1E,0x10,0x98,0xC4,0x09,0x41,0x96,0x9F,0xCA,0x60},
        {0x10,0x0D,0xBA,0x33,0x6F,0xF3,0x81,0xF7,0xA0,0x67,0xDF,0x4A,0xB7,0x4C,0x41,0x5C,0xB3,0x11,0xA8,0xC6,0x50,0xCD,0x70,0xCE,0x8F,0xC0,0x27,0xA4,0xDA,0x5E,0xE1,0x0C},
    },
    {
        UINT32_C(20116),
        UINT64_C(0x72EE0AC42B589D07),
        UINT32_C(1024),
        UINT32_C(600),
        {0x80,0x22,0x58,0xE1,0xBD,0x87,0xD2,0x6A,0x39,0xC7,0x97,0x73,0x68,0x85,0x51,0xD2,0xEA,0x3F,0x9B,0x57,0xDA,0x69,0x1E,0x18,0x25,0x6C,0xB8,0x00,0x76,0x05,0x84,0x4E},
        {0x63,0xBF,0x36,0x91,0xB4,0x0B,0xDC,0x30,0xBF,0x65,0x85,0xC5,0xD7,0xC7,0x86,0x96,0x21,0x4C,0x49,0xEE,0x89,0x5D,0x98,0xF5,0x82,0x3D,0x99,0x25,0x22,0x5D,0x32,0x72},
    },
    {
        UINT32_C(20192),
        UINT64_C(0x983618A1E343EB94),
        UINT32_C(352),
        UINT32_C(163),
        {0x9B,0x4F,0x76,0x53,0x4D,0xA5,0x0A,0x0F,0xDD,0xF8,0xB5,0xD7,0xED,0xAB,0xFE,0xEC,0x79,0x02,0x22,0xCD,0x6A,0x07,0x2D,0xE9,0x04,0x68,0x23,0xED,0xAE,0x58,0x0A,0x8D},
        {0xF5,0xF0,0x32,0xBF,0x24,0xE2,0xDE,0xB1,0x01,0x49,0x55,0x46,0x0B,0x6E,0xFE,0x40,0xDB,0x71,0xE1,0xE2,0x3D,0xBC,0xE8,0xD3,0xA5,0x6A,0xD5,0x96,0xE0,0xF8,0xAA,0xDD},
    },
    {
        UINT32_C(20288),
        UINT64_C(0xBE6E4145577B4466),
        UINT32_C(340),
        UINT32_C(128),
        {0x0F,0xD4,0x23,0xF8,0xF2,0x46,0x37,0x01,0x89,0x64,0xF1,0x46,0x0E,0x11,0x21,0x00,0x38,0x40,0xF1,0xDA,0x4F,0xDA,0xFB,0x6E,0x9B,0xDE,0x02,0x3F,0xAE,0x23,0x1C,0xE3},
        {0x2A,0x35,0xA2,0x96,0xDE,0x5F,0xFF,0xB4,0x0B,0x43,0x80,0x3D,0x66,0x12,0x1B,0xF5,0xE5,0x86,0xDB,0xC5,0x2B,0xC7,0x17,0x25,0x66,0x2B,0xE3,0xE6,0x21,0x1F,0x09,0x2E},
    },
    {
        UINT32_C(20384),
        UINT64_C(0x86849606E75D0F81),
        UINT32_C(340),
        UINT32_C(128),
        {0x85,0xD4,0x60,0xDA,0xA9,0xE3,0xAA,0xEB,0xF9,0x7B,0x61,0x94,0x7E,0xE8,0xEF,0x06,0xD2,0x67,0x6D,0xB3,0xDC,0xD3,0xC9,0x54,0x11,0xBA,0xD1,0x3C,0xE9,0x9B,0x2B,0x54},
        {0xD6,0xC1,0x83,0x8F,0x03,0xF4,0xF9,0x92,0x73,0xAB,0x47,0xDA,0x16,0x97,0x45,0x21,0xEF,0x62,0x3B,0x28,0x6D,0x2E,0x90,0x05,0xD5,0x73,0x75,0xBD,0x47,0x67,0x6D,0x9B},
    },
    {
        UINT32_C(20504),
        UINT64_C(0xEC6E0CBC1F5DB67D),
        UINT32_C(340),
        UINT32_C(128),
        {0xC7,0x8F,0x9D,0x58,0xAC,0x73,0x49,0xCA,0xCC,0xDF,0x65,0xF7,0xC2,0x00,0xD0,0xBC,0x9C,0x92,0x87,0xE5,0x24,0xDD,0x2E,0x65,0x9C,0xD6,0x6A,0x5C,0x34,0xA1,0x58,0x2E},
        {0xAF,0x19,0x4A,0x00,0xF8,0xEE,0x5A,0x9B,0x5D,0x2D,0xEE,0x1A,0x30,0x48,0x2F,0x41,0x06,0x4F,0xB8,0xF1,0x4F,0x97,0xFA,0x90,0x74,0xF6,0xD1,0xE5,0xD6,0xB4,0xED,0x53},
    },
    {
        UINT32_C(20618),
        UINT64_C(0x4CC60D5D8A7345B2),
        UINT32_C(340),
        UINT32_C(128),
        {0x26,0xA5,0x0B,0x80,0x69,0x7D,0x4F,0xA3,0xF5,0x0D,0x24,0xE1,0x7B,0x14,0x42,0xFF,0xDA,0xAB,0x6C,0x0A,0xB5,0x84,0xCD,0xA7,0x5D,0xD0,0xD9,0x4B,0x47,0x0B,0xBB,0x4D},
        {0x4F,0xEA,0x87,0x10,0x73,0x09,0xF7,0x94,0x39,0xF7,0x1D,0x0B,0x1A,0x85,0x1F,0xDC,0xC9,0xEB,0xEA,0x87,0x88,0x72,0x79,0x0E,0x97,0x56,0xFF,0x4C,0x64,0x82,0x60,0x5F},
    },
    {
        UINT32_C(20648),
        UINT64_C(0xA5B02CC6B5B48B7F),
        UINT32_C(1024),
        UINT32_C(600),
        {0x4A,0xA5,0x7F,0x42,0xEC,0x81,0x54,0x4F,0x9F,0x2C,0xA1,0xA1,0x17,0xA0,0x90,0xFA,0x8D,0xFA,0x4A,0x88,0x64,0x88,0x78,0xD0,0x1A,0x55,0xA8,0x56,0x0F,0xDD,0x9E,0x88},
        {0x8B,0x47,0x6B,0xFB,0x02,0x64,0x4B,0x96,0x7E,0x90,0x67,0xC3,0x42,0x43,0x9A,0x91,0xA4,0x53,0x41,0x14,0x5D,0x1A,0x7A,0x2C,0xF1,0x91,0xE0,0x87,0x6B,0xCA,0xB1,0xC0},
    },
    {
        UINT32_C(20882),
        UINT64_C(0x481148CA8C1C0D5A),
        UINT32_C(230),
        UINT32_C(130),
        {0x81,0xB5,0xB9,0x7D,0x58,0x72,0xE5,0xA7,0xD4,0x78,0x98,0xAD,0xE6,0x8E,0x6B,0x01,0xA1,0x56,0xA7,0xB6,0xAA,0xD1,0xF0,0xCD,0x67,0x9B,0x41,0xD1,0x43,0x2E,0xFF,0xC5},
        {0xDC,0x9C,0xDF,0x14,0x30,0x6F,0xB9,0x09,0x99,0xCE,0x64,0x1C,0x7B,0xF2,0x67,0x43,0x4E,0xD9,0x73,0x2F,0xD2,0x85,0xD7,0xDC,0x2F,0x13,0xC0,0x5E,0xFB,0xE6,0x9E,0x92},
    },
    {
        UINT32_C(21044),
        UINT64_C(0x3A5C13A98825FEA1),
        UINT32_C(1280),
        UINT32_C(80),
        {0x7F,0xB0,0x85,0xA7,0x47,0x9C,0x68,0x7E,0x7A,0x6D,0x24,0x67,0x83,0xA8,0xED,0x0D,0x98,0xD1,0x93,0xB1,0x43,0xEC,0xA8,0x6D,0xCE,0xEB,0xC1,0xB2,0xDF,0xE9,0xB1,0x3D},
        {0xC0,0x52,0xA1,0x34,0xF1,0xCC,0x33,0x3D,0x6A,0xFE,0xDF,0xF2,0x4C,0xB7,0x06,0x4E,0xA6,0x51,0xE7,0x3A,0x7E,0x91,0xA0,0x31,0xC4,0x71,0x78,0x81,0x84,0xF8,0xBA,0xF7},
    },
    {
        UINT32_C(21164),
        UINT64_C(0xBBC4ACF271BB03D5),
        UINT32_C(230),
        UINT32_C(130),
        {0x67,0x01,0x56,0x9B,0x96,0x10,0xE6,0xF6,0x8A,0xC6,0x36,0x95,0x94,0x3B,0x85,0xB5,0x34,0xE3,0x3F,0xE1,0xDA,0xC3,0xE8,0x1F,0x4C,0x55,0x8A,0x4C,0x35,0xCB,0xB7,0xBB},
        {0x8A,0x27,0x91,0xC7,0x3C,0x8C,0x9C,0x58,0x5F,0xB6,0x3A,0x75,0x7D,0xB2,0x7C,0x69,0xDF,0x51,0xCC,0xEA,0x3A,0x33,0xEB,0xC6,0x46,0xF1,0x21,0x6E,0xA5,0x3B,0xAA,0xD9},
    },
    {
        UINT32_C(21252),
        UINT64_C(0xFFE7744ACF4BFCC5),
        UINT32_C(340),
        UINT32_C(128),
        {0x7D,0xF7,0xFB,0x85,0xDC,0x24,0x03,0x7B,0x81,0xC9,0x13,0x09,0x59,0xB7,0x01,0x20,0xB1,0x5F,0x91,0x91,0xDD,0x3D,0xE0,0x05,0xF9,0x97,0xA2,0xCE,0xEC,0x3C,0x69,0x87},
        {0xAF,0x75,0x4A,0x2A,0x3A,0xD2,0x11,0x85,0xD3,0x3E,0x20,0x91,0xA6,0x41,0xE2,0xF2,0x37,0xF1,0x7D,0x38,0x02,0x2D,0xC5,0x0A,0x4D,0xD8,0x78,0x5E,0xC8,0x27,0x41,0x31},
    },
    {
        UINT32_C(21478),
        UINT64_C(0x731C9754B87BE79E),
        UINT32_C(148),
        UINT32_C(228),
        {0xD9,0x36,0xE7,0xBF,0x10,0xBD,0x19,0x21,0x9E,0x50,0x23,0xD6,0x35,0x64,0xD0,0x3C,0x49,0x46,0xC8,0x6D,0x37,0x56,0x1E,0x10,0x98,0xC4,0x09,0x41,0x96,0x9F,0xCA,0x60},
        {0x10,0x0D,0xBA,0x33,0x6F,0xF3,0x81,0xF7,0xA0,0x67,0xDF,0x4A,0xB7,0x4C,0x41,0x5C,0xB3,0x11,0xA8,0xC6,0x50,0xCD,0x70,0xCE,0x8F,0xC0,0x27,0xA4,0xDA,0x5E,0xE1,0x0C},
    },
    {
        UINT32_C(21730),
        UINT64_C(0xCDF17E2810FD2293),
        UINT32_C(148),
        UINT32_C(228),
        {0xE2,0x07,0x15,0xFC,0x4E,0x23,0x16,0xA8,0xC6,0xEE,0x4B,0xD9,0x13,0xE4,0x06,0x20,0x2D,0x01,0x74,0x21,0x39,0xAE,0x68,0x05,0xC4,0xC8,0xD3,0xB5,0x6D,0xD8,0x4B,0x1F},
        {0x9E,0xEE,0x17,0xA8,0xB6,0x0E,0x3C,0x96,0xFC,0xD7,0x3A,0x45,0x78,0xEC,0x34,0xFF,0x44,0x39,0x97,0x60,0xA3,0x35,0x38,0x3F,0x61,0x3B,0x01,0x58,0x5C,0xB5,0x8D,0xC6},
    },
    {
        UINT32_C(21736),
        UINT64_C(0x50627D0CD5747532),
        UINT32_C(148),
        UINT32_C(228),
        {0x14,0xBC,0x9C,0xDF,0x2E,0x2C,0xBD,0x22,0x37,0x24,0xCB,0x7B,0xC9,0xA5,0x93,0x64,0x9C,0x59,0xB1,0xCD,0xF0,0x21,0x81,0xF1,0x27,0x78,0xF8,0xBA,0x69,0x3E,0x54,0xC9},
        {0x29,0xEA,0xB1,0xB6,0x16,0x73,0xAA,0x6D,0xAE,0x92,0x42,0xFA,0xB9,0x4B,0xF4,0xD3,0x79,0x36,0x9A,0x4D,0xFD,0x0C,0x5D,0xA4,0xEB,0x47,0x45,0x68,0x86,0x4C,0x31,0xA7},
    },
    {
        UINT32_C(21748),
        UINT64_C(0x9D45E42032A5AB81),
        UINT32_C(274),
        UINT32_C(76),
        {0xA3,0xED,0xC7,0xC0,0x8C,0x51,0x77,0xD3,0x18,0x28,0x92,0xC4,0xE4,0x73,0x10,0xA1,0x72,0x38,0x3C,0x04,0x20,0xB8,0xF3,0xC0,0xC1,0x86,0x0D,0x85,0x33,0x37,0x79,0x1F},
        {0x13,0x55,0x17,0xF2,0x0E,0x52,0x0B,0xBC,0x0C,0x9C,0x7E,0xC3,0x02,0xF0,0x1B,0xE8,0xC0,0x43,0x61,0xA8,0x36,0xD8,0xF5,0x37,0x32,0xDB,0x55,0x2F,0x2E,0xCE,0x6A,0xB6},
    },
    {
        UINT32_C(21862),
        UINT64_C(0x69DE1B71088E168F),
        UINT32_C(1280),
        UINT32_C(80),
        {0x55,0x81,0x49,0x7E,0xED,0x80,0x8F,0xCB,0x69,0xDC,0xB8,0xB1,0x20,0x06,0x32,0x82,0xD0,0x5C,0xF0,0x58,0xC2,0x64,0x17,0x84,0xAB,0xDA,0xAD,0xC3,0x47,0xB1,0x63,0xA5},
        {0x49,0x60,0xB4,0x82,0x4D,0xF0,0x13,0xBF,0x2D,0x6E,0x3C,0x05,0x97,0x15,0x82,0xB4,0xAA,0x2F,0x04,0x48,0x4A,0x01,0xC3,0x8F,0x8D,0x1D,0x80,0x1F,0x10,0x6D,0xD4,0xAC},
    },
    {
        UINT32_C(22002),
        UINT64_C(0x6E7345BA4C99D705),
        UINT32_C(672),
        UINT32_C(88),
        {0x74,0xAF,0x11,0x4B,0x19,0x6A,0x44,0x32,0x00,0xA4,0xD7,0x78,0xE7,0x96,0xD1,0xD9,0xB7,0x58,0xA4,0xD6,0xE7,0x5A,0x28,0x20,0xE2,0xE0,0x97,0x90,0xDC,0x3D,0xE7,0x7C},
        {0x49,0x88,0x78,0x18,0x9E,0x33,0x15,0xCC,0x61,0x44,0xEA,0xE1,0x01,0x6D,0xCC,0xA6,0xD8,0x05,0x7A,0x3F,0xA2,0x07,0x0F,0xA7,0xD8,0x3D,0x67,0xF4,0x06,0x63,0x03,0x93},
    },
    {
        UINT32_C(22212),
        UINT64_C(0x77719039D2BE8693),
        UINT32_C(672),
        UINT32_C(88),
        {0xDB,0x5F,0xA1,0xBA,0xE4,0x14,0xBA,0x88,0x81,0x8E,0xC0,0x24,0xF4,0x8F,0x83,0x52,0x77,0x00,0x11,0x19,0x3D,0x42,0x74,0x0B,0x74,0x5C,0x61,0x40,0x3F,0x42,0xDF,0xF4},
        {0xF9,0x3A,0xC5,0xAC,0xBB,0x69,0xF6,0x28,0x9B,0x1D,0x12,0x13,0x14,0xA0,0x37,0x0E,0x53,0x54,0x90,0xD5,0x4B,0xAE,0xC8,0xA2,0x00,0x9B,0x31,0xCB,0x8F,0xBD,0xCE,0x04},
    },
    {
        UINT32_C(22372),
        UINT64_C(0xD7C27D8793D9BAF1),
        UINT32_C(340),
        UINT32_C(128),
        {0x6B,0x17,0x5A,0x01,0xCF,0xF5,0x48,0xB3,0x21,0x57,0xD8,0xA9,0xEE,0x07,0x5C,0x99,0x09,0xD6,0x81,0x94,0x43,0x67,0x6F,0xE3,0x90,0x86,0x40,0xB0,0x3F,0x83,0x0E,0xC6},
        {0xF0,0xD0,0xA8,0xD6,0xB5,0xD0,0x2C,0xAC,0xA8,0x1F,0xFA,0xA4,0x64,0x00,0x3F,0x7C,0xA3,0x7B,0xD3,0x9E,0xAA,0xF7,0xDD,0xFA,0x3C,0xF0,0xB7,0x64,0x65,0xB9,0x6A,0xEA},
    },
    {
        UINT32_C(22376),
        UINT64_C(0x61ED510B771A5689),
        UINT32_C(148),
        UINT32_C(228),
        {0xB0,0x23,0x66,0x4B,0x72,0xD5,0xC5,0xC9,0x50,0xA6,0x03,0x35,0x41,0x25,0x62,0x5B,0xBC,0x7E,0x6E,0x27,0x52,0xC3,0x1A,0x31,0xEA,0x5E,0xFC,0x99,0x57,0x60,0x5D,0x41},
        {0xA5,0xB6,0x70,0xA3,0xD8,0x86,0x9A,0x00,0x97,0xB0,0xF2,0x0C,0xA5,0x02,0xB7,0x71,0xDD,0x8D,0xC4,0x31,0x9C,0x78,0x8B,0x0D,0x9E,0x94,0x8B,0x74,0xC2,0x78,0x1D,0x6D},
    },
    {
        UINT32_C(22670),
        UINT64_C(0xB6592AF1087DDF09),
        UINT32_C(230),
        UINT32_C(130),
        {0xAE,0x1B,0x92,0x95,0x88,0x6A,0xDA,0x5D,0xEE,0x5A,0xA7,0xEC,0x25,0x48,0x1B,0xBE,0x3E,0xE2,0x16,0x0B,0x3D,0x69,0xFF,0xC9,0xC1,0x04,0xCD,0x9F,0xF7,0xDD,0x9E,0x40},
        {0x16,0xBF,0x18,0x26,0xBF,0x4E,0x1D,0x9A,0xFD,0x53,0x4C,0x8D,0x79,0x3D,0xEC,0x1C,0xD3,0x59,0xCB,0x0B,0x63,0x5A,0xF1,0xE7,0xDC,0x8F,0xBC,0xD9,0xC3,0x4F,0x30,0x5E},
    },
    {
        UINT32_C(22760),
        UINT64_C(0x5AD18CA0A85DF874),
        UINT32_C(340),
        UINT32_C(128),
        {0x6B,0x34,0x57,0xC7,0xFD,0x97,0x32,0x8D,0x23,0xC1,0xF6,0xC4,0x5D,0x2B,0x46,0xA5,0x12,0x0D,0x17,0xA3,0x8D,0x74,0x9C,0xF1,0x39,0x37,0xB0,0x2C,0x8C,0x8A,0x51,0xA7},
        {0xC9,0x04,0x1F,0xD0,0x70,0xE6,0x79,0x73,0xAC,0x74,0x8C,0x9C,0xC2,0x18,0xB4,0xD9,0x21,0x6F,0x67,0xB5,0x15,0xDE,0x28,0x9F,0x11,0xC1,0xC7,0x9F,0x7B,0x1A,0x38,0x2E},
    },
    {
        UINT32_C(22768),
        UINT64_C(0x873F21B508EE7D0A),
        UINT32_C(148),
        UINT32_C(228),
        {0xD3,0x67,0x74,0x84,0x72,0x84,0x5F,0x70,0x5F,0xEF,0x9A,0xF9,0xDC,0x31,0x62,0x5F,0x6D,0x79,0xCD,0xDB,0x5E,0x67,0xA6,0x18,0x4B,0x12,0xAD,0x36,0x27,0xE3,0x8F,0x1F},
        {0xA2,0x20,0x24,0x45,0x21,0xB2,0x48,0x63,0x7D,0x05,0xC6,0x1B,0x40,0x24,0xAC,0x13,0x22,0x01,0xA9,0x3D,0x74,0xC0,0x6C,0x4F,0x78,0x1D,0xB9,0x3F,0x4E,0x17,0x83,0x40},
    },
    {
        UINT32_C(22882),
        UINT64_C(0x2139316D20BA1539),
        UINT32_C(340),
        UINT32_C(128),
        {0xB2,0x56,0x5C,0x0B,0x5F,0x65,0x28,0x1B,0x9A,0xD3,0xBD,0x89,0xB3,0xA9,0x1E,0x8A,0x56,0xDE,0xB2,0xA3,0x74,0x0D,0x49,0xB4,0x3B,0x4A,0x22,0x8A,0xDD,0xD3,0x7B,0xED},
        {0xA6,0x68,0x27,0xE4,0xE2,0x42,0xF1,0x6E,0xCC,0x8C,0x63,0x24,0xDD,0x9A,0x48,0x87,0x9B,0x7E,0x1B,0x6D,0x27,0x95,0x51,0xC3,0xEA,0x33,0x20,0xCF,0xB5,0x95,0x73,0x41},
    },
    {
        UINT32_C(23368),
        UINT64_C(0xED94436DA59F2D4B),
        UINT32_C(340),
        UINT32_C(128),
        {0x3A,0x1C,0x5F,0x30,0x33,0xFA,0x74,0xC0,0x27,0x82,0x9B,0x5B,0x03,0x90,0x6A,0xC7,0xEA,0x2F,0x39,0xAB,0xB7,0xF7,0xE0,0xCF,0x49,0xF4,0x3C,0x63,0xD0,0x39,0xA9,0x5B},
        {0xCA,0x8D,0x07,0xBD,0x26,0x8C,0xDB,0xCE,0x7E,0xDF,0x3A,0x16,0x56,0xA0,0x8C,0xCC,0x26,0x77,0x09,0xE4,0x61,0xD8,0xA1,0x12,0xD8,0x58,0x51,0x62,0x33,0xA2,0x8C,0xC8},
    },
    {
        UINT32_C(23402),
        UINT64_C(0xF758D4F5AFDCB179),
        UINT32_C(148),
        UINT32_C(228),
        {0xA6,0x8F,0x60,0xAA,0x0D,0x0B,0xD9,0x19,0x7B,0x6E,0x2A,0x4C,0x90,0x81,0x90,0x5A,0x33,0xD1,0xE1,0x6F,0xB7,0xD1,0xC4,0xF6,0x92,0xA5,0xFC,0xDF,0xEB,0xD7,0xC7,0xCC},
        {0xC1,0xBE,0xD1,0xA2,0x6B,0x5A,0xB1,0x77,0x13,0x71,0x52,0x75,0xBC,0x8B,0xE6,0x8F,0x92,0xE9,0x43,0x70,0x00,0xD3,0x95,0x68,0xBC,0x2B,0xD7,0x47,0x83,0x61,0x80,0x97},
    },
    {
        UINT32_C(23454),
        UINT64_C(0x386FD1C531BA03E4),
        UINT32_C(148),
        UINT32_C(228),
        {0x2B,0x20,0x80,0x87,0x71,0x15,0x55,0x06,0x20,0x45,0xAD,0xC1,0x01,0x19,0xAC,0xCC,0x02,0x6B,0x9E,0x7C,0x5A,0x20,0x6F,0xC5,0x9B,0x08,0xC7,0xE7,0x92,0xB5,0x10,0x83},
        {0xEA,0xC3,0xEA,0xA9,0x3D,0xCC,0x8A,0xF9,0x6B,0x14,0xCF,0x7A,0x84,0xE6,0x19,0xA5,0x6C,0x9D,0xDC,0x18,0x7A,0xA7,0xFF,0xA6,0xA7,0xE1,0x52,0x78,0xB1,0xBE,0x02,0x1F},
    },
    {
        UINT32_C(23552),
        UINT64_C(0xD98ADB64636D98D3),
        UINT32_C(1302),
        UINT32_C(985),
        {0x5E,0xCB,0x5E,0x67,0xE8,0x7A,0xBB,0x0C,0xD1,0x3B,0x39,0x01,0xEF,0x13,0x96,0x5C,0x93,0xEB,0x49,0x6F,0x68,0x5E,0xE8,0x38,0x13,0x66,0xD0,0x7A,0xE4,0x01,0xA3,0xC5},
        {0xC4,0x33,0x9F,0x85,0x88,0x55,0x52,0x78,0xC5,0x0F,0x15,0x7F,0xA7,0xB9,0x43,0x07,0xA2,0x35,0x8D,0xA9,0x25,0x13,0x07,0xCD,0xFC,0xD2,0x39,0xDC,0xDA,0xEE,0x37,0x38},
    },
    {
        UINT32_C(23576),
        UINT64_C(0xFE69BD79A1D8621A),
        UINT32_C(340),
        UINT32_C(128),
        {0x02,0xD8,0x3E,0xF9,0x38,0xDD,0xD8,0xE3,0xFB,0x1D,0xF4,0x20,0x33,0x01,0x70,0x2A,0x10,0x16,0xA2,0xBE,0x49,0xB5,0xF0,0x48,0xB3,0xC9,0xBE,0xE8,0xEA,0xDE,0x73,0x3A},
        {0xAC,0x04,0xF8,0x1A,0x9C,0xCC,0x2B,0xA4,0x6B,0x0E,0x24,0x81,0x74,0xA3,0x50,0xE1,0xB0,0x20,0x17,0x57,0xC0,0x2F,0xCC,0xBD,0x85,0x31,0x19,0x7C,0xC1,0x8A,0x35,0xB1},
    },
    {
        UINT32_C(23592),
        UINT64_C(0xDF640F46121E0E18),
        UINT32_C(352),
        UINT32_C(163),
        {0x9B,0x4F,0x76,0x53,0x4D,0xA5,0x0A,0x0F,0xDD,0xF8,0xB5,0xD7,0xED,0xAB,0xFE,0xEC,0x79,0x02,0x22,0xCD,0x6A,0x07,0x2D,0xE9,0x04,0x68,0x23,0xED,0xAE,0x58,0x0A,0x8D},
        {0xF5,0xF0,0x32,0xBF,0x24,0xE2,0xDE,0xB1,0x01,0x49,0x55,0x46,0x0B,0x6E,0xFE,0x40,0xDB,0x71,0xE1,0xE2,0x3D,0xBC,0xE8,0xD3,0xA5,0x6A,0xD5,0x96,0xE0,0xF8,0xAA,0xDD},
    },
    {
        UINT32_C(23698),
        UINT64_C(0x2C1F72832F314E4C),
        UINT32_C(340),
        UINT32_C(128),
        {0x88,0xF3,0xE6,0x1B,0x25,0xDF,0x73,0xF9,0x63,0x8D,0x9E,0xB9,0x05,0x60,0xF3,0x1B,0xB8,0x8E,0xD3,0xE1,0xC1,0x8A,0x0C,0x3A,0x61,0xE0,0x2B,0xEF,0xC0,0xE3,0xB3,0xC0},
        {0xC4,0x95,0x45,0x78,0x87,0x1C,0xFD,0x4D,0x4B,0xD3,0x4D,0x02,0x78,0xDE,0x30,0xB1,0x1C,0xC9,0x45,0xC4,0x0D,0xE0,0x6C,0x13,0x18,0x9B,0xAB,0x53,0xF0,0xFD,0x21,0xB6},
    },
    {
        UINT32_C(23806),
        UINT64_C(0x93F77E06825D8164),
        UINT32_C(340),
        UINT32_C(128),
        {0x5A,0x92,0xA5,0x74,0xD0,0xCD,0x4A,0x61,0xA9,0x8A,0x7E,0xCD,0xAD,0xFD,0x95,0xA8,0x2A,0x75,0xD3,0xB0,0xC5,0x7B,0xCF,0x1D,0x5B,0x3C,0x71,0x51,0x16,0x5F,0x92,0xFA},
        {0xC0,0x3E,0x22,0x33,0x91,0xB3,0x37,0x44,0xDA,0xC5,0x6C,0x04,0x3E,0xB5,0xD5,0x86,0xA4,0x68,0x74,0x00,0x8A,0xAE,0xCC,0x3A,0xA8,0x7C,0xDD,0xEC,0x1A,0x79,0xC7,0x3E},
    },
    {
        UINT32_C(23960),
        UINT64_C(0x90EAA13EBED29717),
        UINT32_C(340),
        UINT32_C(128),
        {0xFE,0xE2,0xC4,0x16,0x5E,0xF3,0xA7,0x62,0xA6,0x05,0x46,0xFE,0xD6,0x95,0xC1,0x42,0x87,0x47,0x8F,0x51,0x5A,0xF4,0x0C,0xB3,0xEF,0x57,0x41,0x4F,0x8F,0x02,0xDD,0x34},
        {0xE3,0x83,0x24,0xBC,0x8B,0xB2,0x5B,0x1D,0x9E,0x0E,0xFF,0x0C,0x3A,0x09,0x7A,0x2F,0x86,0x01,0x09,0xB4,0x7F,0xAC,0xD8,0x32,0x53,0xFF,0xF5,0x6A,0x32,0xFD,0xC9,0x17},
    },
    {
        UINT32_C(23984),
        UINT64_C(0xB3C3C544D624D228),
        UINT32_C(148),
        UINT32_C(228),
        {0xA3,0x64,0xF4,0x2C,0xE6,0x58,0x2F,0x3C,0x7E,0x1F,0xA2,0x54,0x5A,0x9F,0x32,0xDB,0x77,0x9A,0x9E,0xD7,0x73,0xAF,0x6B,0x21,0x1A,0x80,0x73,0x74,0x51,0xC8,0x06,0x59},
        {0x9D,0x22,0x7F,0x8D,0x84,0xBC,0xCF,0x08,0xD8,0xCA,0x54,0x98,0x76,0x19,0xA0,0xE7,0xD1,0xB1,0xCD,0xCC,0x61,0xE5,0x25,0x93,0x3D,0x39,0x70,0x08,0xDF,0x38,0x8D,0x8B},
    },
    {
        UINT32_C(24008),
        UINT64_C(0xF17AFEF20B65C72E),
        UINT32_C(352),
        UINT32_C(163),
        {0xDE,0x52,0x76,0xAF,0x6C,0x32,0x98,0x45,0x4B,0x1C,0xB9,0x51,0x55,0x19,0xEF,0xA1,0x29,0x01,0x15,0x5C,0x43,0x89,0x8B,0x14,0x7A,0xCB,0xF6,0xDB,0x7D,0xCF,0x26,0x04},
        {0x7F,0xFE,0xC0,0xBC,0x16,0xCF,0x14,0xE6,0xE3,0xD8,0x4B,0xC5,0xF4,0xBF,0x5F,0x2B,0x34,0xC2,0xBA,0x5C,0xA3,0x99,0xD5,0xE7,0xE6,0x3C,0x19,0x85,0xFE,0x7E,0x30,0x1D},
    },
    {
        UINT32_C(24012),
        UINT64_C(0x274CA12E3BD44D7C),
        UINT32_C(340),
        UINT32_C(128),
        {0x08,0xE6,0x18,0xD1,0x6C,0xB8,0x30,0x36,0x59,0x1A,0x8D,0xD9,0x45,0xA9,0x87,0x0D,0x51,0x99,0xBE,0xE4,0x80,0x1A,0x7D,0x83,0xA1,0x20,0xFF,0xE4,0xAD,0x5A,0x40,0x49},
        {0xDE,0xDD,0x06,0x24,0x3D,0x96,0xE8,0x33,0xC0,0x0F,0x15,0x36,0x55,0x91,0x2F,0x85,0x38,0x46,0xC9,0x43,0xE9,0x94,0x1D,0xCA,0x96,0x19,0x25,0xF5,0xD5,0xE4,0x71,0xC5},
    },
    {
        UINT32_C(24046),
        UINT64_C(0xBDFBE8D03F41FA19),
        UINT32_C(340),
        UINT32_C(128),
        {0x26,0x3C,0x8B,0x16,0x04,0xD2,0x73,0x00,0xC8,0x94,0xCB,0x0F,0x22,0x08,0x88,0x21,0x0E,0x8B,0xBB,0xF0,0xEC,0x2E,0xB6,0x49,0x8E,0x71,0xF4,0x10,0xD6,0xFD,0xA6,0x4D},
        {0x12,0x1A,0xA0,0x4A,0x1D,0x4E,0x3F,0x12,0xBC,0x03,0x15,0xF7,0xA6,0x38,0x40,0x01,0x3D,0x5E,0x50,0x68,0x42,0x99,0x16,0x92,0x23,0xD5,0xE6,0x54,0x07,0x2D,0xD2,0x35},
    },
    {
        UINT32_C(24064),
        UINT64_C(0x0E2C6B02A15ECACC),
        UINT32_C(340),
        UINT32_C(128),
        {0xFA,0x8A,0x46,0x24,0x5D,0x11,0x04,0x24,0xA7,0x54,0x8E,0xA0,0x57,0x59,0xAC,0xF2,0x0E,0x4D,0x3A,0x87,0x8D,0x59,0x56,0x44,0x1E,0x45,0x7E,0x62,0x92,0xDB,0xF0,0x83},
        {0x97,0x2D,0x1B,0x68,0x19,0xE8,0x41,0x5E,0x9B,0x44,0x78,0x06,0xAB,0x36,0xA4,0xD4,0x30,0x86,0xA1,0xBB,0xE6,0x1A,0xEA,0x47,0x92,0xB1,0x08,0x1B,0x9F,0x2D,0xA4,0x0C},
    },
    {
        UINT32_C(24188),
        UINT64_C(0x4A45CF353AF8C1BD),
        UINT32_C(1024),
        UINT32_C(600),
        {0xCB,0xDD,0x55,0x86,0x72,0x25,0xDB,0x05,0x89,0x38,0x38,0x7A,0xED,0x5F,0x23,0x60,0x36,0x32,0x65,0x5D,0xF0,0xAD,0xEC,0xEA,0x36,0xA2,0x6A,0x12,0x68,0xD0,0xE9,0x2B},
        {0x9F,0x24,0x5A,0x7F,0x96,0x0A,0x59,0xE5,0x98,0x73,0x68,0x69,0xF6,0x39,0x43,0xC2,0x9E,0x3E,0x32,0x5E,0x40,0x6E,0xAB,0x77,0xBF,0x99,0x8E,0x75,0x2D,0xD1,0x86,0xE7},
    },
    {
        UINT32_C(24232),
        UINT64_C(0xFAB8EBED6CF2FC5B),
        UINT32_C(340),
        UINT32_C(128),
        {0x16,0x88,0xCA,0x62,0xA8,0xAD,0x50,0xAF,0x15,0xAC,0xF5,0x84,0x78,0x45,0x1D,0x8B,0x6F,0x67,0xCD,0x7D,0x29,0x8A,0x65,0x5B,0x30,0x44,0xAF,0x1F,0x1F,0xE8,0x0A,0x02},
        {0x3D,0xFF,0x57,0x05,0xD9,0x41,0x38,0x20,0x91,0xDC,0x43,0x28,0xFD,0x9C,0x27,0xEB,0x34,0xED,0xFF,0xAA,0x7E,0xAD,0xD7,0xAF,0xC5,0x81,0xFA,0xB7,0x34,0xFA,0x54,0xAB},
    },
    {
        UINT32_C(24268),
        UINT64_C(0xE73BFE0C1CE1BFBE),
        UINT32_C(340),
        UINT32_C(128),
        {0x07,0xF5,0x9A,0xB5,0xA2,0x11,0x60,0x9B,0xFA,0xF1,0x43,0x40,0x52,0x97,0x2F,0x4E,0x8E,0x59,0x15,0x25,0x90,0xD3,0x9F,0xD6,0x2D,0x4C,0xC5,0x5F,0x03,0xA9,0x0D,0x59},
        {0x1E,0xA1,0x79,0xC2,0x4E,0x6C,0x1A,0x2C,0x6C,0x8A,0xD9,0x5E,0x01,0x8E,0xBD,0xEB,0x14,0x2F,0x11,0x68,0xF7,0x70,0xD0,0x97,0x44,0x5E,0x7A,0x42,0xD4,0x46,0xE7,0xA5},
    },
    {
        UINT32_C(24292),
        UINT64_C(0xEE731D05FF65115A),
        UINT32_C(148),
        UINT32_C(228),
        {0x14,0xBC,0x9C,0xDF,0x2E,0x2C,0xBD,0x22,0x37,0x24,0xCB,0x7B,0xC9,0xA5,0x93,0x64,0x9C,0x59,0xB1,0xCD,0xF0,0x21,0x81,0xF1,0x27,0x78,0xF8,0xBA,0x69,0x3E,0x54,0xC9},
        {0x29,0xEA,0xB1,0xB6,0x16,0x73,0xAA,0x6D,0xAE,0x92,0x42,0xFA,0xB9,0x4B,0xF4,0xD3,0x79,0x36,0x9A,0x4D,0xFD,0x0C,0x5D,0xA4,0xEB,0x47,0x45,0x68,0x86,0x4C,0x31,0xA7},
    },
    {
        UINT32_C(24328),
        UINT64_C(0xCA50E8651145480C),
        UINT32_C(340),
        UINT32_C(128),
        {0x29,0x9E,0x1F,0x82,0xB3,0xD8,0xBE,0x79,0x67,0x75,0xD1,0x83,0xA5,0xBA,0x4A,0x9E,0xDB,0xE5,0xBA,0x8F,0x4B,0x48,0x29,0x4C,0x7A,0x4D,0xAD,0x3A,0x7F,0x2A,0xAE,0xE3},
        {0x1A,0x27,0x4A,0x89,0x75,0x23,0xEF,0x0A,0x42,0x8E,0xF3,0x83,0xB5,0xD8,0x82,0x57,0x02,0xE4,0x68,0xDD,0xC4,0x05,0x0A,0xF6,0x67,0xF4,0xE5,0xF5,0x2F,0xA9,0xFD,0xE9},
    },
    {
        UINT32_C(24384),
        UINT64_C(0x1192C7D6B366ED58),
        UINT32_C(230),
        UINT32_C(130),
        {0xAE,0x1B,0x92,0x95,0x88,0x6A,0xDA,0x5D,0xEE,0x5A,0xA7,0xEC,0x25,0x48,0x1B,0xBE,0x3E,0xE2,0x16,0x0B,0x3D,0x69,0xFF,0xC9,0xC1,0x04,0xCD,0x9F,0xF7,0xDD,0x9E,0x40},
        {0x16,0xBF,0x18,0x26,0xBF,0x4E,0x1D,0x9A,0xFD,0x53,0x4C,0x8D,0x79,0x3D,0xEC,0x1C,0xD3,0x59,0xCB,0x0B,0x63,0x5A,0xF1,0xE7,0xDC,0x8F,0xBC,0xD9,0xC3,0x4F,0x30,0x5E},
    },
    {
        UINT32_C(24462),
        UINT64_C(0xD8E4189AACFDE4C1),
        UINT32_C(1280),
        UINT32_C(750),
        {0xCA,0xFB,0x31,0x3A,0x1D,0x8C,0x84,0x77,0xF1,0x94,0x3F,0xCE,0xAB,0xAA,0x0B,0x93,0xA2,0x45,0x5C,0xDB,0x55,0x2F,0xAB,0x25,0xE7,0x9A,0xD6,0x4F,0xEF,0x91,0xBE,0x61},
        {0xCC,0xF5,0x2C,0xF9,0x91,0x86,0x50,0x64,0x99,0x75,0x6A,0xD4,0x1C,0x6C,0x3A,0xE6,0xE1,0x9A,0x62,0xA2,0xBA,0x60,0xD6,0x9C,0x87,0x8C,0x26,0xC5,0xA7,0xE0,0x77,0xF6},
    },
    {
        UINT32_C(24464),
        UINT64_C(0x4CA3130CD431FE0D),
        UINT32_C(148),
        UINT32_C(228),
        {0xA6,0x8F,0x60,0xAA,0x0D,0x0B,0xD9,0x19,0x7B,0x6E,0x2A,0x4C,0x90,0x81,0x90,0x5A,0x33,0xD1,0xE1,0x6F,0xB7,0xD1,0xC4,0xF6,0x92,0xA5,0xFC,0xDF,0xEB,0xD7,0xC7,0xCC},
        {0xC1,0xBE,0xD1,0xA2,0x6B,0x5A,0xB1,0x77,0x13,0x71,0x52,0x75,0xBC,0x8B,0xE6,0x8F,0x92,0xE9,0x43,0x70,0x00,0xD3,0x95,0x68,0xBC,0x2B,0xD7,0x47,0x83,0x61,0x80,0x97},
    },
    {
        UINT32_C(24470),
        UINT64_C(0xE8F9FF5E3E23CA43),
        UINT32_C(1280),
        UINT32_C(80),
        {0x55,0x81,0x49,0x7E,0xED,0x80,0x8F,0xCB,0x69,0xDC,0xB8,0xB1,0x20,0x06,0x32,0x82,0xD0,0x5C,0xF0,0x58,0xC2,0x64,0x17,0x84,0xAB,0xDA,0xAD,0xC3,0x47,0xB1,0x63,0xA5},
        {0x49,0x60,0xB4,0x82,0x4D,0xF0,0x13,0xBF,0x2D,0x6E,0x3C,0x05,0x97,0x15,0x82,0xB4,0xAA,0x2F,0x04,0x48,0x4A,0x01,0xC3,0x8F,0x8D,0x1D,0x80,0x1F,0x10,0x6D,0xD4,0xAC},
    },
    {
        UINT32_C(24498),
        UINT64_C(0x9A7FDC3FA9DE40FB),
        UINT32_C(148),
        UINT32_C(228),
        {0xE0,0x52,0xD7,0xC0,0xFD,0xFE,0xE1,0xD2,0x07,0x9A,0x50,0x1B,0x2B,0x27,0xDB,0x24,0x80,0xE7,0x7F,0xD5,0x0F,0x00,0xA0,0xBB,0x61,0xB4,0x3C,0xAF,0xCA,0x60,0x58,0x7B},
        {0x24,0xF4,0xFB,0x1B,0x81,0x01,0xDA,0xE8,0xE7,0xFD,0x89,0x14,0x08,0x87,0xAC,0xE7,0xCF,0x0E,0x0F,0x7B,0x0A,0x5E,0x60,0xEE,0x0E,0x1B,0x87,0x23,0xA4,0x08,0xAE,0x9F},
    },
    {
        UINT32_C(24508),
        UINT64_C(0xBBF725CC8BD01F4E),
        UINT32_C(148),
        UINT32_C(228),
        {0x3D,0x5F,0x82,0x56,0x29,0x2F,0x75,0x4F,0x67,0xA6,0xBD,0x70,0x88,0x03,0xC7,0x51,0x2B,0xB2,0xB4,0x12,0x8C,0xBA,0x21,0x68,0x07,0x9C,0x54,0x51,0x47,0x02,0x3C,0x7D},
        {0x0E,0x62,0xDF,0xE6,0xF1,0xBD,0xDE,0xB4,0xA1,0xCC,0x16,0x69,0x28,0xCE,0xC5,0x25,0x85,0x43,0xD9,0x67,0x0A,0x76,0x5A,0x4E,0xEB,0xB0,0xF5,0x58,0x69,0x2F,0x77,0xD7},
    },
    {
        UINT32_C(24632),
        UINT64_C(0xFC2E8F34D70E6C96),
        UINT32_C(340),
        UINT32_C(128),
        {0xD0,0xBE,0x13,0xF5,0x9B,0x54,0x54,0x5E,0xD4,0xDD,0x4E,0x5F,0xE9,0xE0,0x6D,0x9E,0x4F,0xDB,0x2A,0x02,0x60,0xE3,0x71,0xD3,0x5D,0xC7,0x55,0x63,0x80,0x9D,0x88,0x1E},
        {0xC8,0xCF,0xB6,0xF1,0xE8,0xD4,0x73,0xCC,0x47,0x9D,0x21,0x1E,0xF4,0x87,0xC2,0xA7,0xF5,0x1B,0xAC,0x9F,0x06,0x96,0x24,0x16,0x99,0x83,0x79,0xCD,0x6A,0x5E,0x1F,0x60},
    },
    {
        UINT32_C(24634),
        UINT64_C(0xE4B7271CA2B1DC60),
        UINT32_C(340),
        UINT32_C(128),
        {0xE2,0xBF,0x2B,0x8E,0x84,0x2A,0x7B,0x29,0x1D,0x87,0xF9,0x59,0xF2,0x7D,0x06,0x0A,0x10,0x79,0xB9,0xF5,0x36,0x89,0xD4,0x08,0x28,0x14,0xAD,0xAD,0xFF,0xBF,0xC2,0x11},
        {0x16,0x47,0x39,0xD3,0xD9,0xC4,0xF8,0x1C,0x6C,0x64,0x97,0xE9,0xCC,0xA1,0x36,0x9E,0xA9,0xC6,0x4A,0x3B,0xC1,0x42,0x85,0x1B,0xC6,0xCA,0xEA,0xE5,0x7A,0x3D,0x95,0x55},
    },
    {
        UINT32_C(24784),
        UINT64_C(0x83D6BD69AA2BA2B7),
        UINT32_C(340),
        UINT32_C(128),
        {0x48,0x20,0xEF,0xCD,0x89,0xB8,0xA3,0x56,0xB0,0x32,0x29,0x6D,0x98,0xFA,0x82,0xB3,0x63,0xAD,0x86,0x9B,0x81,0x27,0x0B,0x13,0xE1,0x7B,0x2A,0xE1,0xC4,0x97,0x25,0x11},
        {0x09,0x37,0x80,0x1E,0x71,0xCA,0x7E,0x8E,0x27,0x6B,0xF7,0xC0,0xED,0x83,0x5D,0x01,0x97,0xF1,0xD5,0x5F,0x63,0x7B,0x6B,0xD1,0x18,0x0E,0x50,0x9B,0xA8,0xA6,0xE9,0xD9},
    },
    {
        UINT32_C(24794),
        UINT64_C(0x90773D592F158584),
        UINT32_C(352),
        UINT32_C(163),
        {0x85,0x12,0xA3,0xB5,0x53,0x57,0x3E,0xCE,0x8F,0x27,0x7C,0xBE,0x1F,0x30,0x2A,0xB7,0x6E,0xD8,0x5F,0x05,0xB2,0x09,0x81,0x91,0x11,0xDF,0xA6,0x8A,0xD1,0x76,0x79,0x81},
        {0xF6,0x4B,0x79,0xED,0xB4,0x9D,0xD6,0x57,0xD4,0x68,0xF3,0xC9,0x25,0x81,0x50,0x97,0x9F,0x93,0x95,0xE7,0x85,0x1D,0x32,0x6D,0x97,0xB8,0x62,0xFA,0x4F,0x01,0x5A,0x67},
    },
    {
        UINT32_C(24888),
        UINT64_C(0x9BD2788626EB0500),
        UINT32_C(230),
        UINT32_C(130),
        {0x83,0x81,0x30,0x33,0xE7,0xF2,0xEB,0x6B,0x1C,0x23,0x26,0xBD,0xCF,0x1D,0x02,0x8B,0x08,0x5B,0x34,0x58,0x77,0x7C,0xAD,0x8C,0x2F,0xDF,0xAD,0xB7,0x92,0x13,0xCC,0x73},
        {0x17,0x94,0xFB,0x70,0xF4,0xF5,0xF5,0x8A,0x50,0xAA,0xAA,0x88,0x2C,0xA1,0xBF,0x9E,0x99,0x3C,0x07,0x32,0xCC,0x6D,0x06,0x76,0x78,0xFB,0x3D,0x60,0x7C,0x57,0x71,0xB2},
    },
    {
        UINT32_C(25006),
        UINT64_C(0xF22B7513B3157DA0),
        UINT32_C(340),
        UINT32_C(128),
        {0xF3,0x89,0x05,0x2B,0xDD,0xF8,0x03,0x9C,0xA3,0x75,0x25,0xB9,0x67,0xDF,0x43,0x00,0xBB,0x89,0xE7,0x0C,0x37,0x4F,0x3E,0x21,0x2F,0x4E,0x02,0x6B,0x97,0xEB,0x65,0xBF},
        {0x3D,0x9F,0x43,0xB0,0xA4,0x6E,0x3D,0x0F,0xE6,0xDD,0x00,0x08,0xE3,0x1A,0x8F,0x80,0xA8,0x34,0x4A,0x3C,0x7E,0xEF,0xD3,0xEC,0xC6,0xD3,0xE3,0xFD,0x13,0x50,0x15,0x88},
    },
    {
        UINT32_C(25046),
        UINT64_C(0xE29ADF150B84135B),
        UINT32_C(340),
        UINT32_C(128),
        {0x71,0x45,0x90,0xBD,0x06,0x3A,0xF8,0x3C,0x28,0x17,0xD0,0x1C,0xAF,0x69,0xCB,0x68,0xC8,0xDF,0x38,0x30,0x9C,0x2C,0x0B,0xF5,0xEA,0xDF,0x3E,0xB0,0x0C,0x53,0xB9,0x56},
        {0xB0,0x0A,0xF7,0x03,0x1E,0x8D,0x6A,0x09,0x3E,0x93,0xE2,0x8A,0xAB,0x39,0x20,0x1E,0x7A,0x1F,0xF2,0x49,0x4F,0x73,0x4A,0x76,0x30,0x3F,0xA8,0xFD,0x0C,0xED,0x91,0x24},
    },
    {
        UINT32_C(25078),
        UINT64_C(0x3E612DA652498ABD),
        UINT32_C(340),
        UINT32_C(128),
        {0x34,0x1B,0x6F,0xAA,0x7D,0x5D,0xCA,0x75,0x8B,0x11,0x46,0x27,0xC8,0x05,0x03,0x92,0xAE,0xFF,0x74,0xBD,0xF9,0x5B,0xBC,0xD4,0xF9,0x9F,0xF9,0x74,0x65,0xF9,0xBE,0xB1},
        {0x5D,0xFB,0x41,0xDB,0xD8,0x2B,0x9F,0x3C,0x5D,0x32,0xF6,0x6E,0x9B,0x31,0x86,0xE8,0x1B,0x64,0xE4,0x37,0x47,0x99,0x26,0x11,0xFD,0xC5,0x83,0x1E,0x36,0x11,0x94,0xF8},
    },
    {
        UINT32_C(25152),
        UINT64_C(0xEA4E906811DE694C),
        UINT32_C(230),
        UINT32_C(130),
        {0x43,0x62,0x2B,0x5A,0x41,0xB4,0x30,0x77,0xCD,0xBE,0x66,0x5C,0x04,0x79,0x16,0xFF,0xEA,0x36,0x58,0xE3,0x96,0x1D,0x0C,0xCC,0x9F,0x96,0x4E,0xCE,0x72,0xCB,0x96,0x65},
        {0x7B,0x76,0x99,0x64,0x00,0x39,0xDD,0x55,0xDF,0xDC,0x09,0xF3,0x3A,0x44,0x6D,0x67,0x10,0xDE,0x5D,0x55,0xEE,0xE4,0x70,0x82,0xE3,0xC9,0xB3,0x18,0xCD,0x9C,0xD2,0x45},
    },
    {
        UINT32_C(25218),
        UINT64_C(0x6B2ED32B1FA204C4),
        UINT32_C(230),
        UINT32_C(130),
        {0x68,0x38,0x21,0xC8,0x04,0x0E,0x75,0xA9,0x8C,0xFE,0x64,0x15,0x11,0x02,0xFE,0x0C,0x46,0xC3,0xD5,0x82,0xF9,0x62,0xE9,0xED,0x87,0x44,0x00,0x46,0xF3,0xFD,0x33,0x58},
        {0xD5,0xB8,0x90,0x6D,0x48,0xAB,0xC3,0x73,0x0E,0xD7,0x35,0xC7,0x8C,0x62,0x51,0xDA,0x3D,0x4C,0x9F,0xDB,0x92,0x4D,0xC2,0x40,0x4D,0x00,0x1A,0x71,0x6B,0xB2,0x66,0x8D},
    },
    {
        UINT32_C(25254),
        UINT64_C(0x94D7747F593737ED),
        UINT32_C(340),
        UINT32_C(128),
        {0xF4,0x50,0xC5,0x13,0x88,0xB5,0x42,0x48,0x44,0xFB,0x45,0x5B,0xCF,0xC8,0x9B,0x64,0x11,0xED,0x7C,0x0D,0x76,0x3D,0x98,0x61,0xEA,0x62,0xBB,0x13,0xA7,0x6A,0x37,0x09},
        {0x74,0x40,0x1A,0x71,0xB1,0x28,0xEC,0xFF,0xA7,0x48,0x7C,0x8F,0x2D,0x42,0x30,0x96,0x1D,0x3D,0xDE,0xA0,0xD1,0x79,0x9B,0xCF,0xE3,0x1A,0xD8,0xBF,0x9E,0x6D,0x31,0x78},
    },
    {
        UINT32_C(25264),
        UINT64_C(0x91216AE593B18702),
        UINT32_C(274),
        UINT32_C(76),
        {0xA3,0xED,0xC7,0xC0,0x8C,0x51,0x77,0xD3,0x18,0x28,0x92,0xC4,0xE4,0x73,0x10,0xA1,0x72,0x38,0x3C,0x04,0x20,0xB8,0xF3,0xC0,0xC1,0x86,0x0D,0x85,0x33,0x37,0x79,0x1F},
        {0x13,0x55,0x17,0xF2,0x0E,0x52,0x0B,0xBC,0x0C,0x9C,0x7E,0xC3,0x02,0xF0,0x1B,0xE8,0xC0,0x43,0x61,0xA8,0x36,0xD8,0xF5,0x37,0x32,0xDB,0x55,0x2F,0x2E,0xCE,0x6A,0xB6},
    },
    {
        UINT32_C(25364),
        UINT64_C(0x4481EDCE603F0016),
        UINT32_C(230),
        UINT32_C(130),
        {0x7E,0xF8,0xAF,0xBD,0xBA,0xE8,0x3C,0x78,0xF3,0x64,0x71,0x38,0x52,0xE6,0x7A,0xB1,0x3E,0x4C,0xF8,0x2C,0xC0,0xF9,0x1C,0x6B,0x42,0xB1,0x34,0x4B,0xB2,0x9C,0x85,0xCB},
        {0x21,0x4B,0x56,0x4D,0x9F,0x66,0xD7,0x61,0xC0,0x5A,0x82,0xF2,0x8E,0xD1,0xED,0x0E,0xCA,0xB2,0xF9,0xD6,0x10,0xDC,0x0E,0x77,0x23,0x04,0x9C,0x6E,0xC2,0xB3,0xF4,0xB7},
    },
    {
        UINT32_C(25440),
        UINT64_C(0x147F27E91C303E1B),
        UINT32_C(340),
        UINT32_C(128),
        {0xF4,0x33,0x9D,0xF3,0x19,0xB2,0x47,0x55,0xB2,0xCE,0xC8,0x96,0x4E,0x7C,0x15,0x05,0x5A,0x24,0xD1,0x1D,0x9F,0x41,0xAA,0xEE,0x5E,0xAF,0xA2,0xAB,0xE7,0x5F,0xEF,0x22},
        {0x62,0x7B,0xF5,0x6F,0x1E,0x8C,0x22,0x68,0x33,0x26,0xEA,0x40,0xE7,0xA8,0x04,0x70,0x71,0x2E,0x93,0x97,0x65,0x0F,0x93,0x35,0xB4,0x78,0x61,0x9A,0x71,0xD0,0x1E,0x12},
    },
    {
        UINT32_C(25458),
        UINT64_C(0xB2CB67C3EC5F12BE),
        UINT32_C(340),
        UINT32_C(128),
        {0xC7,0xD3,0x25,0x2F,0xFD,0x56,0x25,0xD4,0x0D,0x6F,0x0D,0x8F,0x79,0x28,0x15,0xF8,0x9C,0x46,0xE4,0xBE,0x51,0x68,0x23,0x34,0xDE,0x6F,0xF3,0xB4,0x74,0x91,0x5E,0xE8},
        {0xC1,0x45,0x6E,0x56,0xD2,0x2C,0xA3,0xA4,0x47,0xA9,0x6F,0x32,0x0D,0x5B,0x3C,0xEB,0x1D,0x5B,0x39,0xBD,0xEA,0x1F,0x4D,0x5E,0xCA,0x80,0xC3,0x92,0x1A,0x45,0x7C,0x96},
    },
    {
        UINT32_C(25488),
        UINT64_C(0xC24BD6FA97F9788A),
        UINT32_C(148),
        UINT32_C(228),
        {0x3D,0x3C,0x9F,0x72,0x27,0x36,0x0A,0x38,0xED,0xFB,0xED,0xF2,0x31,0x08,0x76,0x2E,0xB9,0xDC,0xF6,0x04,0xDF,0xB4,0x28,0xFC,0xC2,0x28,0x59,0x95,0x7D,0x7F,0x58,0x80},
        {0x58,0x7A,0xE0,0x63,0x9E,0xBD,0x95,0xF6,0x0A,0xAD,0x53,0x80,0x6E,0x00,0xF9,0xDC,0xD2,0xD1,0x0F,0xA0,0xBA,0x3E,0x84,0xEC,0x7F,0xDA,0x94,0x0A,0xB0,0xEA,0x6B,0x8D},
    },
    {
        UINT32_C(25732),
        UINT64_C(0xFA6E7D6855CD46C1),
        UINT32_C(148),
        UINT32_C(228),
        {0xE2,0x07,0x15,0xFC,0x4E,0x23,0x16,0xA8,0xC6,0xEE,0x4B,0xD9,0x13,0xE4,0x06,0x20,0x2D,0x01,0x74,0x21,0x39,0xAE,0x68,0x05,0xC4,0xC8,0xD3,0xB5,0x6D,0xD8,0x4B,0x1F},
        {0x9E,0xEE,0x17,0xA8,0xB6,0x0E,0x3C,0x96,0xFC,0xD7,0x3A,0x45,0x78,0xEC,0x34,0xFF,0x44,0x39,0x97,0x60,0xA3,0x35,0x38,0x3F,0x61,0x3B,0x01,0x58,0x5C,0xB5,0x8D,0xC6},
    },
    {
        UINT32_C(25734),
        UINT64_C(0xCDEABE7A95B7EC17),
        UINT32_C(1280),
        UINT32_C(80),
        {0x7F,0xB0,0x85,0xA7,0x47,0x9C,0x68,0x7E,0x7A,0x6D,0x24,0x67,0x83,0xA8,0xED,0x0D,0x98,0xD1,0x93,0xB1,0x43,0xEC,0xA8,0x6D,0xCE,0xEB,0xC1,0xB2,0xDF,0xE9,0xB1,0x3D},
        {0xC0,0x52,0xA1,0x34,0xF1,0xCC,0x33,0x3D,0x6A,0xFE,0xDF,0xF2,0x4C,0xB7,0x06,0x4E,0xA6,0x51,0xE7,0x3A,0x7E,0x91,0xA0,0x31,0xC4,0x71,0x78,0x81,0x84,0xF8,0xBA,0xF7},
    },
    {
        UINT32_C(25738),
        UINT64_C(0x6A695CF8D87E8188),
        UINT32_C(148),
        UINT32_C(228),
        {0xB0,0x23,0x66,0x4B,0x72,0xD5,0xC5,0xC9,0x50,0xA6,0x03,0x35,0x41,0x25,0x62,0x5B,0xBC,0x7E,0x6E,0x27,0x52,0xC3,0x1A,0x31,0xEA,0x5E,0xFC,0x99,0x57,0x60,0x5D,0x41},
        {0xA5,0xB6,0x70,0xA3,0xD8,0x86,0x9A,0x00,0x97,0xB0,0xF2,0x0C,0xA5,0x02,0xB7,0x71,0xDD,0x8D,0xC4,0x31,0x9C,0x78,0x8B,0x0D,0x9E,0x94,0x8B,0x74,0xC2,0x78,0x1D,0x6D},
    },
    {
        UINT32_C(25766),
        UINT64_C(0x6249042ED312511A),
        UINT32_C(148),
        UINT32_C(228),
        {0x5A,0xEB,0xBD,0x00,0xDC,0xDF,0x3B,0x38,0xB3,0xE6,0xB9,0xB1,0x94,0x40,0x0B,0xD1,0xC0,0x52,0x21,0x38,0xF4,0x81,0x66,0xD1,0xCE,0x45,0xD3,0xE9,0x7E,0xDE,0xEB,0xFD},
        {0x4B,0xD4,0xDF,0x45,0xF6,0x86,0x55,0xA4,0x9B,0x27,0x97,0x65,0x66,0xDA,0xD2,0x77,0x7F,0xD9,0xFB,0xCB,0x3D,0x14,0xA5,0xC6,0xF2,0x17,0x3D,0x69,0x8D,0x01,0x99,0xF0},
    },
    {
        UINT32_C(25800),
        UINT64_C(0x38B08645D1077BC7),
        UINT32_C(340),
        UINT32_C(128),
        {0x48,0xA5,0x09,0x9F,0x11,0x79,0xDD,0x9C,0x7D,0xFF,0x39,0xD0,0x53,0xB8,0x70,0x9E,0x51,0x71,0x0F,0x86,0x3D,0x5A,0x6C,0x7B,0xC6,0x4C,0x10,0xD2,0xCA,0x21,0x3A,0xD6},
        {0x9D,0xEF,0xF4,0xF7,0xA3,0x30,0x75,0xD5,0x7B,0x0A,0x7C,0x52,0x21,0xBC,0x77,0xF3,0xDC,0xA3,0x42,0x32,0x01,0xDF,0xD0,0xA4,0xDE,0x1C,0xAF,0x39,0x38,0xFE,0x94,0x4B},
    },
    {
        UINT32_C(25862),
        UINT64_C(0x83324E7470749C3A),
        UINT32_C(340),
        UINT32_C(128),
        {0x73,0x6A,0x28,0x01,0xD1,0x4F,0x74,0xA9,0x7D,0x04,0x89,0xC7,0x2F,0xF6,0xE4,0x4A,0x04,0xE5,0x6E,0x75,0xDB,0x98,0xFB,0x79,0x79,0x14,0xF5,0x5C,0xE3,0x44,0x53,0x1E},
        {0xFD,0x29,0x21,0x6E,0xF6,0x0A,0x24,0x83,0xEE,0xBD,0xE5,0xAA,0x40,0x2A,0x5D,0x92,0x46,0x57,0x6A,0xBC,0x57,0x01,0x51,0x99,0xEF,0xA4,0x12,0x0F,0x5C,0xFC,0xD8,0x71},
    },
    {
        UINT32_C(25880),
        UINT64_C(0x17A476C273E57363),
        UINT32_C(230),
        UINT32_C(130),
        {0x03,0xF5,0xB1,0x96,0x72,0xFF,0x74,0x1D,0x15,0x4F,0x36,0x44,0xA5,0x41,0x19,0xBB,0x3A,0x45,0x5C,0x7F,0x21,0xAE,0x9D,0x3F,0x60,0x1B,0x80,0x7F,0x3D,0x65,0xD0,0xB5},
        {0xBD,0xAE,0x22,0xA1,0x62,0x68,0x25,0xFF,0xEF,0x5B,0x5E,0x75,0x84,0xE0,0x50,0x47,0xA3,0xD8,0x00,0x7B,0x99,0x7B,0x14,0xFD,0xC8,0x5F,0x15,0xF2,0xE7,0x15,0x20,0x85},
    },
    {
        UINT32_C(25972),
        UINT64_C(0x2B9386987EC3E24F),
        UINT32_C(148),
        UINT32_C(228),
        {0x5F,0xE5,0xBF,0x4B,0x06,0xAF,0xCE,0x47,0xFF,0xEF,0x2B,0x5C,0x58,0xBB,0xB0,0xEF,0x45,0x86,0x2E,0x88,0xF7,0x67,0xE8,0x25,0x16,0xB4,0x72,0xB0,0xCF,0xFF,0x47,0x0D},
        {0xFE,0x4E,0xCB,0x8E,0x0E,0x5D,0x22,0x4D,0x66,0x42,0x59,0xB2,0xDB,0x78,0xC0,0xB7,0xDE,0xE1,0x01,0x43,0x48,0xAA,0x61,0x1F,0xDA,0x5D,0x96,0x8F,0xE9,0xAD,0x3D,0xD5},
    },
    {
        UINT32_C(25984),
        UINT64_C(0x6C5C2FBCA428B067),
        UINT32_C(148),
        UINT32_C(228),
        {0x9F,0x4D,0x87,0x75,0xF5,0xB4,0x77,0xE2,0xC1,0xD9,0xA4,0xE5,0x67,0x43,0x58,0xFB,0x23,0x73,0xE8,0xD7,0x09,0xA3,0x6E,0xC1,0xC9,0x8B,0xE3,0x9D,0xD0,0xBC,0x52,0x71},
        {0x22,0x1E,0x37,0x24,0x54,0x61,0x90,0xB0,0xA4,0xA9,0x8B,0xB9,0x36,0x12,0xEF,0xF8,0x52,0x4F,0x14,0x43,0x51,0xF6,0xA8,0xFF,0xA9,0x72,0x2E,0x6B,0xB3,0xFB,0x8D,0x78},
    },
    {
        UINT32_C(26074),
        UINT64_C(0x44A04AD3E60C7D48),
        UINT32_C(340),
        UINT32_C(128),
        {0x26,0x39,0x54,0x70,0x22,0x2A,0x2B,0x11,0x08,0x19,0xBD,0xAF,0x24,0x01,0x6E,0x7A,0x06,0x33,0x36,0xAE,0x7C,0x08,0x86,0x84,0xB8,0xB5,0x23,0x86,0xA6,0xF9,0x83,0xCE},
        {0x8C,0x14,0x9B,0x85,0x4E,0x5F,0x1D,0x12,0x67,0xD0,0xBB,0xEF,0xA5,0x71,0xC0,0x9E,0x1C,0x25,0x90,0xE8,0xBB,0xE8,0xF5,0xCB,0xDD,0xDA,0xFE,0x76,0xEA,0xD1,0x10,0xBF},
    },
    {
        UINT32_C(26142),
        UINT64_C(0x76C848A75AC279E4),
        UINT32_C(148),
        UINT32_C(228),
        {0xA3,0x64,0xF4,0x2C,0xE6,0x58,0x2F,0x3C,0x7E,0x1F,0xA2,0x54,0x5A,0x9F,0x32,0xDB,0x77,0x9A,0x9E,0xD7,0x73,0xAF,0x6B,0x21,0x1A,0x80,0x73,0x74,0x51,0xC8,0x06,0x59},
        {0x9D,0x22,0x7F,0x8D,0x84,0xBC,0xCF,0x08,0xD8,0xCA,0x54,0x98,0x76,0x19,0xA0,0xE7,0xD1,0xB1,0xCD,0xCC,0x61,0xE5,0x25,0x93,0x3D,0x39,0x70,0x08,0xDF,0x38,0x8D,0x8B},
    },
    {
        UINT32_C(26174),
        UINT64_C(0x23B2D78F9E08F3FE),
        UINT32_C(148),
        UINT32_C(228),
        {0xB5,0x70,0x5E,0x42,0x0D,0xB3,0xB1,0x4D,0x1D,0x83,0x31,0xBC,0xC9,0x98,0xD0,0xED,0xA5,0x8A,0x6B,0x22,0x85,0x41,0x27,0x5C,0x4C,0x18,0x34,0x94,0x35,0x27,0xFD,0x00},
        {0xB2,0x2F,0x44,0xD1,0x4C,0x86,0xA0,0x85,0x63,0x58,0x8E,0x73,0x64,0x24,0x41,0x4F,0xDE,0xA3,0xA9,0x78,0xFD,0x3D,0x76,0x65,0x12,0x37,0x51,0x8E,0x0D,0x1F,0x06,0xA6},
    },
    {
        UINT32_C(26184),
        UINT64_C(0x668B8D6B0EACBA1E),
        UINT32_C(340),
        UINT32_C(128),
        {0xEE,0x91,0x40,0x82,0x55,0x56,0xEA,0x13,0x1A,0x17,0x5F,0x72,0xD3,0x17,0xAA,0x44,0x95,0x83,0x59,0xBD,0x77,0x85,0xB5,0xC7,0xEF,0x0B,0xA3,0x33,0x28,0x9C,0x36,0xD2},
        {0x1A,0xFF,0x05,0x03,0x1B,0x9F,0x3C,0x69,0xB3,0xF8,0xE5,0x11,0xD8,0x49,0x89,0x71,0xC4,0xEB,0x57,0x51,0xDC,0x9D,0x31,0x1B,0xD5,0x03,0xB4,0x11,0xC6,0x26,0x6B,0x7D},
    },
    {
        UINT32_C(26196),
        UINT64_C(0x9CCF5785E2975E38),
        UINT32_C(340),
        UINT32_C(128),
        {0xFC,0x14,0x90,0xAD,0xBD,0xA5,0xE3,0x26,0x25,0xC0,0x6E,0x19,0x5D,0xC2,0xD4,0xCC,0xA6,0x72,0x5D,0x66,0xC9,0xC8,0x39,0x75,0xCC,0x44,0xC5,0x4F,0x7D,0x4C,0xC8,0x1C},
        {0x8E,0xD7,0xC7,0xFD,0xB2,0x97,0xBB,0x1E,0xAC,0x9F,0x11,0x09,0xD1,0x22,0xD8,0xC4,0xDC,0xBD,0x7F,0x56,0x82,0xD8,0xCE,0xB6,0xB4,0x6C,0x70,0x46,0xDC,0xFC,0x66,0xD6},
    },
    {
        UINT32_C(26256),
        UINT64_C(0x7EDE9EDA9245DCBB),
        UINT32_C(148),
        UINT32_C(228),
        {0x7C,0xFC,0x53,0x2A,0xE1,0x51,0x4C,0x81,0x8D,0x89,0x53,0x65,0x07,0x16,0x62,0xA6,0x2B,0x4D,0x8A,0x99,0x47,0xC2,0x3F,0xDF,0x74,0x8C,0x46,0x35,0x43,0x0E,0x41,0x75},
        {0x61,0xED,0xEC,0x6F,0x10,0x10,0x00,0xB1,0x03,0x83,0xD9,0xA0,0xBF,0xC5,0x65,0x51,0x18,0x93,0x62,0xE8,0x5A,0x6B,0x00,0x2D,0x48,0x0F,0x56,0xC6,0x74,0x3F,0x8C,0x28},
    },
    {
        UINT32_C(26262),
        UINT64_C(0x5D90BE35B60B3543),
        UINT32_C(340),
        UINT32_C(128),
        {0xA9,0x40,0x41,0x9D,0x95,0xEC,0x1E,0x61,0x06,0x59,0x4E,0xB1,0x60,0xA1,0xAE,0x89,0x76,0x98,0x56,0xF7,0x7A,0xEA,0x55,0x23,0xB0,0xBF,0xCB,0x1C,0xE7,0x77,0xD4,0x91},
        {0x58,0x34,0x16,0x38,0xBE,0x78,0xDC,0x6B,0xAB,0xE2,0xE9,0xE1,0x9E,0x58,0x81,0x7B,0x4E,0x66,0xC5,0x9D,0xC3,0x95,0x35,0xE0,0xDF,0x17,0x02,0x4B,0x84,0x02,0x93,0x37},
    },
    {
        UINT32_C(26352),
        UINT64_C(0xD154360E7C197D2D),
        UINT32_C(148),
        UINT32_C(228),
        {0xD3,0x67,0x74,0x84,0x72,0x84,0x5F,0x70,0x5F,0xEF,0x9A,0xF9,0xDC,0x31,0x62,0x5F,0x6D,0x79,0xCD,0xDB,0x5E,0x67,0xA6,0x18,0x4B,0x12,0xAD,0x36,0x27,0xE3,0x8F,0x1F},
        {0xA2,0x20,0x24,0x45,0x21,0xB2,0x48,0x63,0x7D,0x05,0xC6,0x1B,0x40,0x24,0xAC,0x13,0x22,0x01,0xA9,0x3D,0x74,0xC0,0x6C,0x4F,0x78,0x1D,0xB9,0x3F,0x4E,0x17,0x83,0x40},
    },
    {
        UINT32_C(26474),
        UINT64_C(0x5BEBB74342483716),
        UINT32_C(148),
        UINT32_C(228),
        {0xA8,0x2C,0xD0,0x67,0x37,0x69,0xA5,0x0F,0x5C,0x0A,0x86,0xCF,0xF2,0x90,0x07,0x3A,0x97,0xCE,0x16,0x4C,0x33,0xC1,0x8A,0x3F,0xA4,0xF0,0x80,0x83,0x71,0x08,0x14,0x77},
        {0x44,0x89,0xFB,0x90,0xEB,0x96,0x79,0xAB,0x06,0x9E,0xA6,0xF0,0x49,0x00,0x30,0x3F,0xB8,0x3E,0x00,0xDA,0xBE,0x4E,0x97,0xE6,0xE2,0xE1,0x7F,0x12,0x14,0xC6,0x41,0xB5},
    },
    {
        UINT32_C(26522),
        UINT64_C(0xF5465B5FBD7BF04F),
        UINT32_C(148),
        UINT32_C(228),
        {0x7B,0x47,0xEA,0x26,0xF3,0x7D,0x12,0xE2,0x48,0x40,0x46,0xF1,0xC7,0x51,0xAE,0x77,0xE5,0xF5,0x89,0x08,0xC9,0x02,0x41,0x30,0x74,0xBD,0x80,0x1B,0x7E,0xD5,0x9E,0xAC},
        {0xF6,0xDB,0xF0,0x15,0x06,0x88,0xF4,0x2F,0x53,0x0B,0x7C,0x18,0x8C,0x71,0x7F,0x2A,0xFE,0x50,0x6C,0xCD,0x7E,0xEA,0xD3,0xC7,0xC8,0xC1,0x19,0xBE,0x2F,0x7E,0xBC,0x42},
    },
    {
        UINT32_C(26544),
        UINT64_C(0xFBF54A044495777E),
        UINT32_C(148),
        UINT32_C(228),
        {0x09,0xEA,0xBA,0x13,0x81,0x5D,0x86,0xB0,0xE0,0xC9,0x36,0xCE,0x31,0xCA,0x65,0x25,0x2B,0x41,0x34,0x69,0x48,0x18,0xD4,0x62,0x8C,0xC3,0x1B,0x3D,0x21,0x87,0x5C,0x67},
        {0x1D,0x74,0xCB,0xF8,0x31,0x36,0xD9,0x08,0x34,0x7B,0xC0,0x6F,0x27,0xBB,0x78,0xD3,0xD1,0x2A,0x48,0xD4,0x21,0x36,0x88,0x4B,0x15,0x92,0x5E,0xA4,0xB5,0x86,0x2A,0xDE},
    },
    {
        UINT32_C(26546),
        UINT64_C(0x4BF353D83DC8A501),
        UINT32_C(148),
        UINT32_C(228),
        {0x09,0xEA,0xBA,0x13,0x81,0x5D,0x86,0xB0,0xE0,0xC9,0x36,0xCE,0x31,0xCA,0x65,0x25,0x2B,0x41,0x34,0x69,0x48,0x18,0xD4,0x62,0x8C,0xC3,0x1B,0x3D,0x21,0x87,0x5C,0x67},
        {0x1D,0x74,0xCB,0xF8,0x31,0x36,0xD9,0x08,0x34,0x7B,0xC0,0x6F,0x27,0xBB,0x78,0xD3,0xD1,0x2A,0x48,0xD4,0x21,0x36,0x88,0x4B,0x15,0x92,0x5E,0xA4,0xB5,0x86,0x2A,0xDE},
    },
    {
        UINT32_C(26568),
        UINT64_C(0x9B4E2317EBB0D129),
        UINT32_C(1024),
        UINT32_C(600),
        {0x8C,0xFB,0xAD,0x95,0xAD,0x2F,0x22,0xAF,0x52,0x12,0x0E,0x15,0x62,0x75,0x0F,0x1A,0xF9,0x13,0x54,0x15,0xF4,0x90,0xE3,0x96,0x3E,0x45,0x88,0xDF,0xFE,0x62,0x18,0xE2},
        {0xF6,0xA8,0xAE,0x55,0xE6,0x00,0x63,0x9D,0x82,0x1D,0x1B,0x37,0xEC,0x4F,0xD3,0xFC,0x58,0xB0,0x77,0xCF,0x9C,0x7B,0xA1,0x0F,0xA5,0xE1,0xB2,0x85,0xC0,0x48,0x5D,0x5C},
    },
    {
        UINT32_C(26586),
        UINT64_C(0x518BFBD7328C58A0),
        UINT32_C(148),
        UINT32_C(228),
        {0x37,0x44,0x89,0x85,0x60,0x1B,0x3E,0x9D,0x30,0x43,0x82,0xDA,0xFA,0x76,0x23,0x3D,0xD2,0x24,0x71,0x18,0xDD,0x88,0xEA,0x19,0x14,0xDE,0xF8,0x51,0xE5,0xD4,0x3A,0x4C},
        {0x1E,0x9C,0x10,0x76,0x59,0x6F,0x13,0x8A,0x9E,0x46,0xBF,0x59,0xCE,0xCC,0x4F,0x07,0x6A,0x33,0x97,0xA1,0x16,0x59,0xFC,0x27,0xE4,0xD9,0xFA,0x15,0x68,0x9D,0x34,0x7B},
    },
    {
        UINT32_C(26600),
        UINT64_C(0xB21572A297804D9A),
        UINT32_C(340),
        UINT32_C(128),
        {0x5B,0x62,0xB3,0x5B,0xBC,0xA4,0xDA,0x11,0x51,0x51,0xB6,0xDB,0x3B,0xFD,0x03,0x7C,0x0E,0x05,0xE6,0xC7,0x23,0x78,0x39,0xCB,0x78,0xDE,0x33,0x68,0x73,0x80,0xAD,0x2D},
        {0x93,0xCC,0x07,0x12,0x58,0x2D,0x3D,0x44,0x60,0xF8,0x73,0xA7,0x79,0x6F,0x64,0x93,0x39,0x50,0x77,0x8E,0xEA,0x6E,0x90,0x83,0x45,0x51,0x59,0x30,0x3E,0xD5,0x08,0x00},
    },
    {
        UINT32_C(26642),
        UINT64_C(0x7B82B9230E114397),
        UINT32_C(148),
        UINT32_C(228),
        {0x3D,0x5F,0x82,0x56,0x29,0x2F,0x75,0x4F,0x67,0xA6,0xBD,0x70,0x88,0x03,0xC7,0x51,0x2B,0xB2,0xB4,0x12,0x8C,0xBA,0x21,0x68,0x07,0x9C,0x54,0x51,0x47,0x02,0x3C,0x7D},
        {0x0E,0x62,0xDF,0xE6,0xF1,0xBD,0xDE,0xB4,0xA1,0xCC,0x16,0x69,0x28,0xCE,0xC5,0x25,0x85,0x43,0xD9,0x67,0x0A,0x76,0x5A,0x4E,0xEB,0xB0,0xF5,0x58,0x69,0x2F,0x77,0xD7},
    },
    {
        UINT32_C(26680),
        UINT64_C(0xB693AABEA47AB43D),
        UINT32_C(340),
        UINT32_C(128),
        {0x01,0xE7,0xB5,0xD6,0xA1,0x4E,0x9D,0x42,0x37,0x50,0xE4,0x1E,0x89,0x78,0xA3,0xB4,0x15,0x72,0xFB,0xE3,0x3E,0xE3,0x10,0x25,0x61,0x3A,0xF5,0xC6,0x1E,0xA3,0xB7,0x42},
        {0x05,0x53,0x9C,0x57,0x92,0xB1,0xB6,0x54,0x38,0x40,0x5F,0x1F,0xF5,0xFE,0xDC,0x76,0x67,0x2F,0xFE,0xAA,0x4C,0xEC,0x75,0x62,0xD7,0x99,0xB3,0x23,0x66,0xBA,0x40,0x34},
    },
    {
        UINT32_C(26702),
        UINT64_C(0xB308B8FEF0F42048),
        UINT32_C(1302),
        UINT32_C(985),
        {0x01,0x7D,0x0F,0x46,0x57,0xE1,0x80,0x8D,0x60,0x6A,0x89,0x82,0x73,0xAB,0x13,0xCA,0x1C,0x86,0xC2,0xFF,0x8A,0x3E,0x1E,0xBB,0xF4,0x36,0xC1,0x2A,0x79,0x2A,0x1A,0x21},
        {0x0E,0xA2,0xEF,0xB8,0x3B,0x70,0x29,0x4F,0x93,0x30,0x32,0xF3,0xDB,0xDD,0x56,0x7D,0x86,0x0C,0xFD,0x51,0xFB,0xFD,0x29,0xFB,0xAB,0x2C,0x58,0x86,0xED,0xB3,0x57,0x6F},
    },
    {
        UINT32_C(26714),
        UINT64_C(0x14AA22E9729A35D4),
        UINT32_C(1024),
        UINT32_C(600),
        {0xF5,0xFC,0xA8,0x02,0x7A,0x11,0x76,0x9B,0x29,0xBA,0xB6,0xA1,0xCC,0x8A,0x71,0xE5,0x7D,0x21,0xF3,0x9C,0x01,0xD2,0xBD,0x4A,0x55,0x49,0x97,0x55,0xC9,0x76,0x00,0xF4},
        {0xF8,0x5B,0xE4,0xBC,0x0D,0x54,0xCD,0x08,0xB4,0xAC,0xC5,0x58,0xDF,0x3D,0xD7,0xAC,0xFA,0x1B,0x35,0xEC,0x8D,0xBB,0x85,0xD4,0xA5,0x4D,0x13,0x5F,0xCE,0x8B,0xE0,0xF0},
    },
    {
        UINT32_C(26784),
        UINT64_C(0x54E76B443190953F),
        UINT32_C(148),
        UINT32_C(228),
        {0xB5,0x70,0x5E,0x42,0x0D,0xB3,0xB1,0x4D,0x1D,0x83,0x31,0xBC,0xC9,0x98,0xD0,0xED,0xA5,0x8A,0x6B,0x22,0x85,0x41,0x27,0x5C,0x4C,0x18,0x34,0x94,0x35,0x27,0xFD,0x00},
        {0xB2,0x2F,0x44,0xD1,0x4C,0x86,0xA0,0x85,0x63,0x58,0x8E,0x73,0x64,0x24,0x41,0x4F,0xDE,0xA3,0xA9,0x78,0xFD,0x3D,0x76,0x65,0x12,0x37,0x51,0x8E,0x0D,0x1F,0x06,0xA6},
    },
    {
        UINT32_C(26806),
        UINT64_C(0x51BFE58CACB72612),
        UINT32_C(340),
        UINT32_C(128),
        {0x13,0x7C,0xA5,0x3C,0xBE,0xB5,0x43,0x9A,0x96,0x56,0x18,0x1C,0x10,0x56,0x1E,0x0D,0x45,0x22,0xD3,0x2F,0xAD,0xDC,0xBE,0x76,0xFE,0x2D,0x4A,0x32,0x60,0xAF,0x4E,0xE1},
        {0x4C,0xCA,0xAF,0x06,0xF9,0x71,0xD6,0x26,0x32,0x65,0x52,0x0C,0x2C,0x31,0xA3,0xD6,0xDE,0x22,0x5E,0xCB,0xE4,0x11,0x72,0xA2,0x3D,0xE1,0xC3,0xDD,0x99,0x4B,0x51,0x0F},
    },
    {
        UINT32_C(26926),
        UINT64_C(0xB24833B732EF5DFA),
        UINT32_C(230),
        UINT32_C(130),
        {0xD4,0x67,0xB4,0xF2,0x0E,0x6A,0xDB,0x11,0x22,0xD7,0x97,0xC9,0xB2,0x19,0xF1,0x8F,0x59,0x16,0x36,0xD1,0x4B,0x4F,0x7E,0xD5,0x02,0xB5,0x50,0xDF,0xA0,0x4F,0xC1,0x76},
        {0x35,0xBC,0x7F,0xA3,0xC6,0xD0,0x89,0xC1,0xE2,0x1D,0xEE,0x0B,0x02,0xCC,0xFA,0xB2,0x35,0xCB,0xFA,0x90,0x23,0x10,0x3D,0xA1,0xD0,0x76,0xB7,0x17,0x98,0xC5,0x5C,0xBE},
    },
    {
        UINT32_C(27256),
        UINT64_C(0xECF552BE1653BCBE),
        UINT32_C(148),
        UINT32_C(228),
        {0x8F,0x7E,0x60,0x0C,0x01,0x18,0x2E,0xEC,0x0F,0x85,0xEB,0x23,0x12,0x8D,0x7C,0xCC,0x59,0xC9,0x29,0xE5,0x1D,0x0E,0x5D,0x10,0xB0,0x1A,0xE0,0x7D,0x8A,0x0A,0x2B,0x94},
        {0xCD,0x54,0x39,0xD6,0xB1,0xE3,0x6A,0x91,0x0F,0x51,0xBC,0x04,0x60,0xF8,0x1A,0xF2,0x9A,0x97,0x9C,0x09,0x99,0xC0,0x22,0xBA,0xAD,0x70,0x8D,0xEF,0x7A,0x8B,0xCF,0x34},
    },
    {
        UINT32_C(27572),
        UINT64_C(0x53743C08BE8582BF),
        UINT32_C(148),
        UINT32_C(228),
        {0x1A,0x67,0x63,0xEF,0x62,0xDC,0x75,0x67,0x43,0xE5,0x1B,0x96,0xD3,0x66,0xBB,0xA9,0xFC,0x1C,0xEF,0x51,0xFC,0x7D,0x72,0xF5,0xE7,0x33,0xC1,0xA3,0x59,0x4D,0x87,0x58},
        {0xE9,0x13,0x52,0x52,0xC8,0x32,0x2F,0xE7,0xC2,0x85,0xB3,0x30,0x93,0x88,0xD1,0xC8,0x6C,0x93,0x1A,0xCE,0x27,0x0F,0x74,0x7B,0xAC,0xD4,0x14,0x61,0x30,0x24,0x0A,0xE1},
    },
    {
        UINT32_C(27582),
        UINT64_C(0xF63E5B828AB9FAA9),
        UINT32_C(148),
        UINT32_C(228),
        {0x5B,0x7C,0xE4,0x5D,0xCE,0xDB,0x7E,0xB8,0xC5,0xF7,0x2B,0x4E,0xCF,0x11,0x4A,0xE0,0x9D,0x33,0xEA,0x14,0xD8,0xEE,0xB9,0x1A,0x0B,0xEA,0xC3,0xC8,0xCF,0x9B,0x07,0x01},
        {0xA5,0x3C,0x24,0x31,0x51,0x49,0x9D,0x8C,0xD2,0xFD,0x41,0x0D,0x69,0x30,0x37,0xD1,0x81,0x38,0xA6,0x8E,0x33,0x84,0x37,0x58,0x1E,0x1A,0x53,0x19,0x8A,0xA7,0x0D,0x7B},
    },
    {
        UINT32_C(27642),
        UINT64_C(0x5C78EA27E0C11AF2),
        UINT32_C(148),
        UINT32_C(228),
        {0x2B,0x20,0x80,0x87,0x71,0x15,0x55,0x06,0x20,0x45,0xAD,0xC1,0x01,0x19,0xAC,0xCC,0x02,0x6B,0x9E,0x7C,0x5A,0x20,0x6F,0xC5,0x9B,0x08,0xC7,0xE7,0x92,0xB5,0x10,0x83},
        {0xEA,0xC3,0xEA,0xA9,0x3D,0xCC,0x8A,0xF9,0x6B,0x14,0xCF,0x7A,0x84,0xE6,0x19,0xA5,0x6C,0x9D,0xDC,0x18,0x7A,0xA7,0xFF,0xA6,0xA7,0xE1,0x52,0x78,0xB1,0xBE,0x02,0x1F},
    },
    {
        UINT32_C(27700),
        UINT64_C(0xFDB8C713A596686B),
        UINT32_C(148),
        UINT32_C(228),
        {0x54,0x43,0xE2,0x9D,0x04,0x2C,0x3E,0x15,0x01,0x26,0xDF,0xD4,0x7C,0x7E,0x2D,0x5E,0x6A,0x3C,0x6F,0x94,0x53,0x9E,0x15,0x4F,0xEB,0xC7,0xF8,0xC0,0xC8,0xF4,0x27,0xD1},
        {0xD1,0x67,0xA7,0x16,0xA9,0xF7,0x15,0xEF,0xCD,0xF8,0x37,0xD6,0x3B,0xAF,0x75,0xCE,0xCA,0x43,0x7C,0x4E,0x67,0x05,0x54,0xF2,0xAB,0xAD,0xD9,0x73,0xBE,0x0A,0x7F,0x14},
    },
    {
        UINT32_C(27778),
        UINT64_C(0x659D4151EBB4DE60),
        UINT32_C(148),
        UINT32_C(228),
        {0x7C,0xFC,0x53,0x2A,0xE1,0x51,0x4C,0x81,0x8D,0x89,0x53,0x65,0x07,0x16,0x62,0xA6,0x2B,0x4D,0x8A,0x99,0x47,0xC2,0x3F,0xDF,0x74,0x8C,0x46,0x35,0x43,0x0E,0x41,0x75},
        {0x61,0xED,0xEC,0x6F,0x10,0x10,0x00,0xB1,0x03,0x83,0xD9,0xA0,0xBF,0xC5,0x65,0x51,0x18,0x93,0x62,0xE8,0x5A,0x6B,0x00,0x2D,0x48,0x0F,0x56,0xC6,0x74,0x3F,0x8C,0x28},
    },
    {
        UINT32_C(27792),
        UINT64_C(0x6A816AF0DFA8E0AE),
        UINT32_C(148),
        UINT32_C(228),
        {0xB6,0xB0,0x0F,0x3D,0x3A,0x94,0xC8,0x8F,0x61,0xBB,0x44,0x80,0x33,0xD9,0xF5,0x13,0x2A,0x43,0x42,0x1C,0xFE,0x23,0xC3,0x73,0xB3,0x4A,0x35,0xC0,0x2A,0xE7,0x35,0x49},
        {0x6D,0x73,0x00,0x2A,0xFF,0x79,0xFF,0x5A,0x14,0xBD,0x2E,0x11,0x59,0xBC,0x9A,0xEC,0x18,0xD1,0x7F,0xF3,0x7F,0x47,0xFA,0xD8,0xB2,0xB9,0x74,0xBC,0xAF,0x15,0xF9,0x8F},
    },
    {
        UINT32_C(27836),
        UINT64_C(0x69F55F75E0B2D832),
        UINT32_C(148),
        UINT32_C(228),
        {0x40,0xD4,0x82,0x09,0x89,0xAA,0x0B,0x0B,0x89,0x7E,0xAF,0x6A,0xCF,0x8E,0xD9,0x0A,0xC3,0xA1,0x66,0x99,0x3E,0x6C,0xB2,0xC8,0x99,0xC1,0x32,0x08,0x67,0x55,0x9E,0xBF},
        {0xAF,0xD9,0xD5,0x99,0x38,0x4E,0xCB,0xD7,0x99,0x37,0x7B,0xA5,0x70,0x25,0x74,0x2D,0x1F,0x93,0xAF,0x6A,0x67,0xB1,0xF0,0x35,0x2F,0xBD,0x63,0x4B,0x42,0xDB,0x84,0xB8},
    },
    {
        UINT32_C(27868),
        UINT64_C(0xC1DD4962642DFDF3),
        UINT32_C(340),
        UINT32_C(128),
        {0x84,0x3E,0xC4,0x08,0xAC,0x49,0x06,0x30,0xAC,0xEF,0xFB,0xF4,0xFF,0x33,0xFA,0xAF,0x37,0x96,0x97,0xF3,0xD1,0x45,0x4E,0xFF,0xFA,0x4A,0x33,0xFF,0x91,0xAE,0x0B,0xF7},
        {0x26,0xA4,0x68,0x83,0x42,0x9B,0x4A,0xA5,0x2A,0xB1,0xBF,0xF4,0x09,0xAC,0x25,0x8C,0xF6,0x96,0x4A,0x01,0x1D,0xF4,0x18,0x7F,0x9F,0xB4,0x1B,0x5B,0x1F,0x01,0x25,0x52},
    },
    {
        UINT32_C(27898),
        UINT64_C(0xD96AD961710C7EFA),
        UINT32_C(303),
        UINT32_C(210),
        {0x77,0x3A,0xBD,0xC1,0xF1,0x53,0xFC,0x1C,0x36,0xFD,0xBA,0x3A,0x5A,0xFB,0x39,0x76,0x3B,0x2D,0xB4,0x40,0x3C,0xF3,0xF4,0x3B,0xA3,0xC6,0x78,0x64,0xC9,0x69,0xBD,0xD8},
        {0xF5,0xDE,0xC3,0xFA,0xFB,0x59,0xD2,0xB4,0x7F,0xB3,0x9B,0x28,0x0C,0x65,0x0C,0x41,0x33,0xD2,0x4E,0x5B,0x8F,0xD5,0xE6,0x82,0xA7,0x1F,0xEB,0x29,0x68,0x32,0x49,0xF9},
    },
    {
        UINT32_C(27958),
        UINT64_C(0xC4A0E2171CBC6A01),
        UINT32_C(148),
        UINT32_C(228),
        {0x5E,0x71,0x65,0x31,0x61,0xB1,0x27,0x36,0xF2,0xFC,0x8A,0xFB,0x7A,0x64,0xFE,0x95,0xEE,0x39,0xA6,0xF8,0x1D,0x0C,0x2A,0x92,0xC3,0xEE,0x37,0xAA,0xBC,0x9E,0xCA,0x34},
        {0xFB,0x5E,0x1D,0x00,0x71,0x19,0xFF,0xB1,0x1F,0xE0,0x7A,0xDE,0x7A,0xB9,0xBC,0xAA,0x53,0xA9,0x6A,0x3A,0x44,0xE9,0xD8,0xF1,0x85,0x73,0x40,0x6D,0x00,0x00,0xB4,0xCE},
    },
    {
        UINT32_C(27980),
        UINT64_C(0x9B139ECBDBC8BD89),
        UINT32_C(148),
        UINT32_C(228),
        {0x66,0x8A,0x3B,0x65,0x01,0x86,0x30,0x2A,0x3A,0x3A,0x51,0x91,0xFC,0x9D,0x93,0x54,0x9B,0x4D,0xE7,0xEF,0x0C,0x6C,0x15,0xCC,0xEF,0xEA,0xC9,0xE0,0x89,0xB9,0xA2,0x23},
        {0xA2,0x66,0xC3,0x4A,0x38,0x0C,0xBB,0x7A,0xDD,0x4E,0xF8,0xBE,0xAE,0x3C,0x9B,0x43,0x40,0xB5,0x91,0xD7,0x46,0x82,0x90,0x21,0xE8,0xA9,0x84,0x2E,0xE9,0xF0,0x0F,0x72},
    },
    {
        UINT32_C(28002),
        UINT64_C(0x3AB8094AC08E5B28),
        UINT32_C(148),
        UINT32_C(228),
        {0x59,0x9A,0x36,0x38,0xAD,0xD0,0x54,0x15,0xAF,0xCC,0xE4,0x4C,0xF1,0xDD,0xA7,0xD1,0xC6,0xCE,0x9E,0x44,0x14,0x12,0x96,0xE5,0x9C,0x91,0x20,0xAE,0x1B,0xD1,0xB5,0xA3},
        {0xA2,0x0A,0x83,0xE0,0x90,0xD8,0x8B,0xE7,0xF2,0x38,0xFE,0x05,0x82,0xE7,0x3C,0xD1,0x51,0x92,0xAB,0x53,0x1B,0x67,0xB9,0xF7,0x15,0xFD,0x5F,0x9F,0x8F,0xEF,0xD4,0x13},
    },
    {
        UINT32_C(28094),
        UINT64_C(0x760C8264D5D94A87),
        UINT32_C(148),
        UINT32_C(228),
        {0x75,0x1D,0xC8,0x83,0x5B,0x6D,0xD3,0x70,0xF0,0x70,0x84,0x34,0xF4,0x1B,0x3B,0xD5,0x06,0x2F,0x09,0x32,0x2D,0xB4,0x71,0x27,0x01,0x1C,0x21,0x26,0x7E,0x36,0xF2,0x8C},
        {0x25,0xE3,0x3F,0x39,0x7C,0x7A,0x28,0x3B,0x19,0x7D,0x22,0xD6,0x55,0x0A,0xD0,0xB6,0x3C,0x4C,0xCB,0xDA,0xC3,0x95,0xC1,0x08,0xB0,0x0A,0x35,0x1B,0x16,0xE4,0xC9,0x44},
    },
    {
        UINT32_C(28220),
        UINT64_C(0xD7BBF0F26F5CBFC6),
        UINT32_C(148),
        UINT32_C(228),
        {0xF1,0xC3,0xEF,0x47,0x47,0x58,0x98,0xA5,0x5C,0x33,0xA3,0x1A,0x7B,0x92,0xD0,0x2E,0xCD,0x5D,0x61,0x86,0xBB,0x59,0x4B,0x8C,0x03,0xAD,0x7F,0x8C,0x71,0x5F,0x26,0x8A},
        {0xA0,0x47,0x9C,0x08,0x1A,0xA1,0x51,0x9F,0xC1,0xAC,0x3A,0x4E,0x59,0x73,0x0B,0xAD,0xB9,0xC4,0x40,0x95,0x4F,0x78,0xD8,0xAD,0x60,0xA7,0xCB,0x45,0x10,0x6D,0x3C,0x04},
    },
    {
        UINT32_C(28308),
        UINT64_C(0x7BD7A49E37663813),
        UINT32_C(210),
        UINT32_C(123),
        {0x06,0x3E,0xFF,0xE8,0x1B,0x53,0x81,0xD7,0x01,0xB6,0xBD,0x48,0x2D,0xE9,0x98,0xC7,0xE2,0xF1,0x8D,0x7E,0x8E,0xF0,0xE5,0xFF,0x3C,0x75,0xE8,0xE3,0x06,0x95,0xD0,0x6C},
        {0x55,0xAC,0xAC,0x06,0x5A,0x1D,0xEB,0x25,0x4C,0xF4,0xF0,0x16,0x02,0x16,0x5D,0x8F,0x49,0xAA,0x9B,0xA2,0x78,0xAC,0x36,0xB3,0xC0,0x27,0xE3,0x5A,0xF6,0xBE,0x92,0xAF},
    },
    {
        UINT32_C(28444),
        UINT64_C(0x8F1C58874EA3BAE8),
        UINT32_C(210),
        UINT32_C(123),
        {0xD2,0xA7,0x98,0xB9,0x0A,0x16,0xB6,0x11,0xAB,0x07,0x1F,0x6C,0xBD,0x26,0x08,0xEF,0x4A,0xC9,0x76,0x47,0xAB,0x13,0xBF,0x73,0x67,0xD6,0xD4,0xBD,0xB6,0x92,0x5A,0xF9},
        {0x8D,0x3D,0xDD,0x77,0x29,0x0C,0xA2,0xC2,0x9D,0x04,0x48,0xA6,0x61,0xAE,0xDF,0x3B,0x53,0x7F,0x32,0x23,0x69,0x01,0xC8,0xD3,0x19,0x4C,0x7B,0x97,0xA9,0x2B,0x73,0xF6},
    },
    {
        UINT32_C(28476),
        UINT64_C(0x6D85F68552381742),
        UINT32_C(148),
        UINT32_C(228),
        {0x49,0x59,0x46,0x3B,0x7B,0x3B,0x02,0x62,0x9E,0x2B,0xC8,0x23,0x02,0x2D,0x2F,0x3F,0x72,0xA4,0x00,0xD8,0x29,0xF1,0x31,0xA4,0x3D,0x07,0xE2,0xC6,0xC6,0x60,0xFD,0x94},
        {0x9B,0x0D,0x47,0xA0,0x6D,0x2C,0x02,0xAF,0xAD,0xB4,0xC3,0xBE,0x8C,0x53,0xC6,0xF2,0x80,0x22,0x6A,0x70,0x16,0x60,0x63,0x93,0x28,0x55,0xC5,0xF4,0xCB,0x38,0x42,0xA2},
    },
    {
        UINT32_C(28504),
        UINT64_C(0x9C3C14B1A7A042B1),
        UINT32_C(148),
        UINT32_C(228),
        {0xE8,0x1A,0x06,0xA7,0xBF,0xFA,0xC7,0xA4,0x26,0xB8,0xF7,0x50,0x8B,0xAD,0x03,0x1B,0x3C,0x4F,0x56,0xC9,0x8E,0x8B,0x80,0xDF,0x71,0xD2,0xAD,0xC5,0x8A,0x08,0xDD,0xEE},
        {0xCD,0x54,0x30,0xF8,0x16,0xA4,0x93,0xF1,0x6A,0x17,0x52,0x10,0x8D,0xDC,0xCE,0x01,0xE0,0x56,0x43,0x30,0x5F,0xFA,0x13,0x5F,0x5A,0xBE,0x21,0xB4,0xE2,0xBF,0x9E,0x3B},
    },
    {
        UINT32_C(28574),
        UINT64_C(0x72C45E6DCE430A5A),
        UINT32_C(148),
        UINT32_C(228),
        {0x75,0x1D,0xC8,0x83,0x5B,0x6D,0xD3,0x70,0xF0,0x70,0x84,0x34,0xF4,0x1B,0x3B,0xD5,0x06,0x2F,0x09,0x32,0x2D,0xB4,0x71,0x27,0x01,0x1C,0x21,0x26,0x7E,0x36,0xF2,0x8C},
        {0x25,0xE3,0x3F,0x39,0x7C,0x7A,0x28,0x3B,0x19,0x7D,0x22,0xD6,0x55,0x0A,0xD0,0xB6,0x3C,0x4C,0xCB,0xDA,0xC3,0x95,0xC1,0x08,0xB0,0x0A,0x35,0x1B,0x16,0xE4,0xC9,0x44},
    },
    {
        UINT32_C(28746),
        UINT64_C(0x8C17B930A92FB679),
        UINT32_C(340),
        UINT32_C(128),
        {0xD6,0xFD,0x20,0x48,0x78,0x2E,0xA9,0x24,0xD4,0xA9,0x48,0x90,0x9E,0x23,0xAC,0xE3,0x9D,0xA2,0x9D,0xD6,0x09,0x39,0x29,0x67,0xDE,0x50,0x6E,0x6C,0x2F,0x14,0x65,0x61},
        {0xCD,0x34,0xCE,0x68,0xDB,0x78,0xBE,0x5B,0x33,0xA0,0x71,0xC9,0x58,0xDF,0x8C,0xC1,0xF7,0xCB,0x80,0x94,0x39,0x2C,0xEB,0xCB,0x8A,0xCF,0x9E,0xAF,0xDB,0x12,0x5A,0x6E},
    },
    {
        UINT32_C(28766),
        UINT64_C(0x77F826221F703A61),
        UINT32_C(340),
        UINT32_C(128),
        {0x13,0x27,0x1B,0xC7,0x87,0x31,0x8D,0x97,0x15,0x76,0xB7,0xE1,0x30,0x74,0xF7,0xF3,0xF0,0x99,0x31,0xA2,0xD4,0x89,0x67,0x29,0x28,0x2F,0xDB,0xD9,0x10,0x85,0x27,0x4B},
        {0xF8,0x7A,0x50,0x4E,0x13,0xA1,0x78,0xD2,0xED,0xB1,0xA1,0x2C,0xE5,0xD0,0x85,0x7B,0x9A,0xEB,0xE1,0x5E,0xF2,0x1C,0xF2,0x7C,0x90,0xB7,0x48,0x1A,0x92,0x31,0x1A,0xAF},
    },
    {
        UINT32_C(28792),
        UINT64_C(0x64CD7CED588EBB96),
        UINT32_C(148),
        UINT32_C(228),
        {0x48,0x7F,0x06,0x6F,0x54,0x36,0x83,0x86,0x08,0x86,0xF5,0xC6,0x4B,0x0A,0xC0,0xA3,0x10,0x34,0x5B,0x3E,0x23,0x32,0x8F,0x53,0x84,0xA3,0x2A,0x68,0x75,0x8E,0x08,0x0A},
        {0x92,0xCC,0x8A,0x26,0xF6,0xF8,0x87,0xE7,0x28,0x70,0x17,0xDB,0xA8,0x49,0xFF,0x9A,0xA5,0xF9,0xDE,0xE1,0x1D,0x8A,0xD2,0xE9,0x31,0x01,0x48,0x65,0xCE,0x69,0xA4,0x83},
    },
    {
        UINT32_C(28838),
        UINT64_C(0x6580D4C397BE3133),
        UINT32_C(148),
        UINT32_C(228),
        {0xC4,0xAA,0x26,0x43,0x63,0xFD,0xCF,0xC5,0x93,0x69,0x5E,0x60,0x0E,0xAB,0x2F,0x96,0xBA,0xA4,0x4F,0x18,0xCB,0x80,0xEE,0xAB,0xD8,0x63,0xA3,0x89,0x70,0x86,0x5A,0xF4},
        {0x38,0x00,0xA8,0xBC,0xD5,0x07,0x76,0x61,0x45,0xFC,0x7C,0x8F,0x71,0xCC,0x12,0x0B,0x43,0x66,0xC3,0x52,0xF3,0xDC,0xB5,0x77,0x7C,0x75,0x2A,0x5F,0x9B,0x50,0x99,0xC9},
    },
    {
        UINT32_C(28850),
        UINT64_C(0x9CA5BFC8BE3CD3E1),
        UINT32_C(148),
        UINT32_C(228),
        {0x62,0xC7,0x14,0xA1,0x2A,0x06,0xAA,0x39,0xA2,0x62,0x41,0x6A,0xBB,0xF9,0x97,0x44,0xAC,0xA8,0xE8,0x21,0x22,0xE5,0xEE,0xB9,0xF1,0xB1,0x52,0x30,0xDF,0x10,0xAA,0xED},
        {0x80,0x0E,0xE3,0xD0,0x74,0x6C,0xC7,0xF3,0x4F,0xE9,0xD0,0x34,0xB8,0x79,0xCB,0xAF,0x3B,0x75,0x66,0xA9,0xAF,0x29,0xDA,0x72,0xFB,0x89,0xFA,0x4A,0x4B,0x93,0x61,0xCE},
    },
    {
        UINT32_C(28890),
        UINT64_C(0xA5EBCCC8E51B289F),
        UINT32_C(148),
        UINT32_C(228),
        {0xDC,0x8D,0x4C,0x63,0x8F,0x7E,0x87,0x9C,0x57,0xB4,0x51,0x83,0x00,0x62,0xF1,0xF6,0xAE,0x78,0xD3,0xEA,0x36,0x08,0xE0,0xF8,0x72,0xE0,0xB9,0x5C,0xDB,0x34,0x57,0x89},
        {0x58,0x03,0xCB,0x1E,0xAF,0xC6,0x88,0xB2,0x49,0xE2,0xD4,0xE8,0x6F,0x66,0x73,0x1C,0xFE,0x33,0xCA,0x02,0x10,0x85,0xE6,0xC4,0xA0,0xC7,0x83,0x87,0xE8,0x3B,0xA9,0xBB},
    },
    {
        UINT32_C(28942),
        UINT64_C(0x5BB2016424617502),
        UINT32_C(340),
        UINT32_C(128),
        {0x1E,0xC5,0x11,0xB6,0x8D,0x10,0x0E,0xFA,0x8E,0x97,0xDA,0xD2,0xF1,0xF6,0xF1,0x87,0x4D,0x76,0xC0,0xF5,0x70,0x6C,0xA8,0x78,0x21,0xEC,0x99,0x7A,0xA6,0xFE,0x2B,0x92},
        {0xBA,0x21,0x73,0x9B,0xA0,0x3E,0x01,0xF8,0x7A,0xB8,0x38,0x19,0x37,0x86,0x60,0x82,0xEC,0xF0,0xD3,0x28,0x50,0x7A,0xBA,0x12,0x7B,0xC7,0xE6,0x0D,0x26,0x86,0xA7,0xB8},
    },
    {
        UINT32_C(28956),
        UINT64_C(0x2102158AAA352CB1),
        UINT32_C(230),
        UINT32_C(130),
        {0x7E,0x71,0xB4,0xF8,0x89,0x90,0xDC,0x50,0x7E,0x5C,0x86,0x9F,0xD0,0x37,0xB0,0x6F,0xEE,0x1E,0x37,0xF8,0x25,0x48,0xF7,0xA6,0xD3,0xD8,0xA1,0x08,0xF6,0x42,0xF0,0x87},
        {0xF2,0x35,0x28,0xFE,0x9B,0xE6,0xA1,0xE5,0x7A,0x37,0x38,0x0D,0xD0,0xD9,0x6F,0x6E,0x9D,0xA4,0x90,0x9A,0xBF,0xE5,0x83,0x6D,0x55,0x4E,0x4B,0xC4,0x04,0x3A,0x3D,0x8E},
    },
    {
        UINT32_C(28996),
        UINT64_C(0x9E42237EF36A88EF),
        UINT32_C(210),
        UINT32_C(123),
        {0xC3,0xC6,0x3F,0xE8,0x3C,0xF9,0xB0,0x3F,0x8A,0x47,0xC0,0x01,0x5C,0x34,0x53,0x61,0x0B,0x3E,0x69,0x1B,0xD0,0xF9,0x28,0x1F,0x8C,0xB5,0x19,0x7F,0x28,0x9B,0x70,0x31},
        {0x7A,0x67,0x2B,0x5E,0xF5,0xB7,0x8D,0x4F,0xF3,0xA0,0x59,0xBF,0xEA,0x98,0x76,0x56,0xED,0xB5,0x0F,0xF4,0x47,0xA4,0xB5,0xD2,0x00,0xCA,0x26,0x8C,0x6D,0xE3,0x5F,0x33},
    },
    {
        UINT32_C(28996),
        UINT64_C(0xE8CC32A9C8D31B8B),
        UINT32_C(148),
        UINT32_C(228),
        {0x89,0x48,0x08,0xD2,0x0D,0x16,0x34,0x30,0xB4,0x02,0xF2,0xED,0x76,0xA4,0x15,0x40,0x68,0x67,0x49,0x63,0xBA,0xF8,0x4D,0x86,0xB2,0x68,0x71,0x09,0xAF,0xD1,0x59,0x3F},
        {0x05,0xD9,0xE0,0x59,0x3F,0x08,0x0B,0x81,0x41,0x5B,0x34,0xA0,0x91,0x30,0xF9,0xA8,0xF4,0x56,0xCA,0xB5,0x8F,0x25,0x65,0x99,0x0E,0x16,0x1E,0xB2,0xE1,0x3F,0x8C,0x14},
    },
    {
        UINT32_C(29056),
        UINT64_C(0x6BD004B6CAA4147E),
        UINT32_C(340),
        UINT32_C(128),
        {0x84,0x29,0xF0,0x7B,0x0B,0xB1,0x2C,0x4E,0x5D,0x7C,0x34,0x14,0x8A,0x27,0xE2,0xC0,0x98,0x98,0x49,0x3E,0x0D,0x9B,0x05,0xCA,0x7B,0xA2,0x63,0x69,0x85,0x31,0xA0,0x89},
        {0xE2,0x4D,0x91,0x8E,0x0B,0x1A,0x04,0xDB,0xDF,0x56,0x23,0x02,0x74,0x66,0x2D,0xED,0xE8,0xB8,0x36,0x67,0x8E,0x7B,0x8F,0x45,0x07,0x7B,0x13,0xBE,0xEC,0xC5,0x4C,0xC0},
    },
    {
        UINT32_C(29190),
        UINT64_C(0x66B75D078C9D9378),
        UINT32_C(210),
        UINT32_C(123),
        {0xBA,0x6D,0xD4,0x05,0x8A,0x13,0xA6,0x54,0xDB,0xBB,0xDC,0x29,0x85,0xCE,0x3B,0x08,0x67,0x50,0x77,0xAF,0x75,0x98,0xAB,0xA1,0xF8,0x87,0x0B,0x2E,0x3A,0x76,0x94,0xB3},
        {0x83,0x64,0x30,0x55,0x8E,0xD8,0x21,0xDD,0x70,0xC6,0xFB,0x68,0xA5,0xD9,0x46,0xD3,0x95,0x31,0x7A,0x79,0xDD,0xF4,0x5A,0x7B,0x07,0xCD,0xEE,0x12,0x2F,0x11,0x89,0xFF},
    },
    {
        UINT32_C(29244),
        UINT64_C(0xF6E6C76E9306DDB1),
        UINT32_C(340),
        UINT32_C(128),
        {0xBC,0xBE,0xE6,0xB1,0x94,0x65,0x84,0x11,0x13,0x39,0x91,0x10,0x48,0xB1,0xD0,0x1D,0x91,0x90,0x6E,0x89,0xF5,0x40,0x69,0x1C,0xD5,0x02,0x6F,0xA2,0x4E,0xAF,0xAD,0x0B},
        {0xB2,0xDF,0xD8,0xA1,0xBB,0xA6,0xC1,0x4A,0x01,0xE0,0x6F,0x33,0x28,0xF2,0x3E,0x81,0x14,0x85,0x0C,0x28,0x1C,0x69,0xA1,0x04,0xE0,0x35,0x5B,0x0D,0xE9,0x8E,0xD4,0xCE},
    },
    {
        UINT32_C(29254),
        UINT64_C(0xBDAF61F5D00B3F67),
        UINT32_C(148),
        UINT32_C(228),
        {0x3D,0x3C,0x9F,0x72,0x27,0x36,0x0A,0x38,0xED,0xFB,0xED,0xF2,0x31,0x08,0x76,0x2E,0xB9,0xDC,0xF6,0x04,0xDF,0xB4,0x28,0xFC,0xC2,0x28,0x59,0x95,0x7D,0x7F,0x58,0x80},
        {0x58,0x7A,0xE0,0x63,0x9E,0xBD,0x95,0xF6,0x0A,0xAD,0x53,0x80,0x6E,0x00,0xF9,0xDC,0xD2,0xD1,0x0F,0xA0,0xBA,0x3E,0x84,0xEC,0x7F,0xDA,0x94,0x0A,0xB0,0xEA,0x6B,0x8D},
    },
    {
        UINT32_C(29338),
        UINT64_C(0x2980C1C2BC90A123),
        UINT32_C(148),
        UINT32_C(228),
        {0x22,0xF3,0xFA,0xCD,0x70,0x04,0x1F,0x9B,0xD0,0x3E,0x04,0xB0,0x2F,0x71,0x06,0xE2,0x6D,0xDD,0xF1,0xB4,0xAB,0x7A,0x29,0x8A,0x2A,0x22,0xA5,0xE1,0xAB,0xBB,0x27,0xC3},
        {0xFA,0x9A,0xB1,0x84,0x5C,0x89,0xDF,0x9F,0x73,0x6A,0xDD,0x38,0x3D,0xF7,0x0B,0x33,0x86,0x68,0xD6,0x94,0x0D,0x61,0x30,0x58,0xA5,0xF0,0x1F,0xAD,0xF5,0x9C,0x53,0x17},
    },
    {
        UINT32_C(29384),
        UINT64_C(0x34C403877048A5A4),
        UINT32_C(148),
        UINT32_C(228),
        {0x6C,0x76,0xD3,0x2F,0x2E,0x94,0x75,0xDC,0xEB,0x86,0x3D,0x0A,0x09,0xDB,0xBF,0x5C,0x6B,0xD1,0xD7,0x6D,0x57,0xC9,0xD9,0x62,0x36,0x27,0xB6,0x7F,0x12,0x7C,0x6E,0x31},
        {0xC6,0x96,0x60,0x29,0xCA,0xC8,0xC1,0xE3,0x3D,0x2C,0x91,0x61,0xEF,0xE1,0xE0,0xD9,0xFF,0x57,0xC5,0x00,0x59,0x0A,0xD8,0x50,0xD8,0x1D,0xC7,0x66,0x05,0xA8,0x43,0x1B},
    },
    {
        UINT32_C(29454),
        UINT64_C(0x4E485713DF6C8E5C),
        UINT32_C(148),
        UINT32_C(228),
        {0xA3,0x58,0xFF,0x78,0xDB,0xEB,0x68,0x01,0x78,0xBE,0xEA,0xB5,0x7B,0x99,0xE8,0x04,0xF4,0xDD,0x41,0xEF,0x3C,0x36,0x6D,0xAB,0x46,0x00,0xBB,0xA9,0xBB,0xA4,0x62,0xAE},
        {0x6F,0xC5,0x03,0xD3,0x91,0x9C,0x2B,0x46,0x6A,0xAE,0x04,0xDB,0xB8,0x55,0x3F,0x5B,0x05,0x48,0xD0,0x0F,0x37,0x27,0x93,0xC2,0xA4,0xC5,0x55,0x3B,0x58,0xA4,0x4E,0x50},
    },
    {
        UINT32_C(29522),
        UINT64_C(0xAE999216050A7547),
        UINT32_C(148),
        UINT32_C(228),
        {0xF3,0x44,0x6E,0xDD,0xBD,0xF3,0x6E,0x41,0x53,0xE2,0x14,0xB4,0x19,0x8F,0x33,0x2B,0x0E,0x27,0xF7,0x05,0xF7,0xCE,0xD3,0xBA,0xC3,0x41,0x40,0xE2,0xB0,0xF1,0xE5,0x32},
        {0x68,0x43,0xE6,0x83,0xB8,0xEE,0x0B,0x74,0xD6,0xEA,0x70,0xAB,0x46,0x47,0xC3,0xBC,0x09,0xD4,0xC0,0x39,0xA7,0x65,0x49,0xDE,0xB1,0x2B,0x4E,0xBE,0xDC,0x8F,0xE3,0x35},
    },
    {
        UINT32_C(29538),
        UINT64_C(0x545062466C1166FC),
        UINT32_C(148),
        UINT32_C(228),
        {0x19,0x4C,0xFB,0x64,0x3C,0x20,0xAA,0x4D,0x05,0x9E,0x77,0xD4,0x7E,0xBD,0xBE,0x47,0xCF,0x21,0x6E,0xBB,0xE9,0x1B,0x5F,0x0F,0x19,0x81,0x31,0xD2,0xEE,0x70,0xB4,0x5C},
        {0xE8,0x87,0x31,0x1E,0xF3,0x8B,0xF6,0x0F,0xC3,0xAD,0x63,0xCD,0xD5,0x05,0x59,0xC0,0x93,0x54,0xC3,0x72,0xB1,0x7A,0x1D,0x18,0xC0,0x2D,0x09,0xA5,0x25,0xC6,0xE8,0x55},
    },
    {
        UINT32_C(29550),
        UINT64_C(0xF0C14FA12FE8D947),
        UINT32_C(210),
        UINT32_C(123),
        {0x8E,0xE5,0x4D,0x5E,0x75,0xF2,0xED,0xCA,0xC9,0x78,0x1F,0xB4,0xBC,0x8E,0xFD,0x34,0x88,0x7D,0xBA,0x7E,0xDA,0xAA,0xB8,0x48,0x93,0xD6,0x2E,0x69,0xEA,0x53,0x98,0xCD},
        {0x82,0x56,0x8D,0x01,0x3E,0x7E,0x2B,0x0D,0xBD,0xD5,0xCB,0xF0,0xF6,0x53,0x37,0xF6,0xE5,0xF1,0xCE,0x5B,0x44,0x29,0x7B,0x2E,0xFA,0xBE,0xD8,0x91,0xCC,0x18,0x7E,0xC1},
    },
    {
        UINT32_C(29584),
        UINT64_C(0xE8E9E4B3422C2C36),
        UINT32_C(148),
        UINT32_C(228),
        {0x62,0xC7,0x14,0xA1,0x2A,0x06,0xAA,0x39,0xA2,0x62,0x41,0x6A,0xBB,0xF9,0x97,0x44,0xAC,0xA8,0xE8,0x21,0x22,0xE5,0xEE,0xB9,0xF1,0xB1,0x52,0x30,0xDF,0x10,0xAA,0xED},
        {0x80,0x0E,0xE3,0xD0,0x74,0x6C,0xC7,0xF3,0x4F,0xE9,0xD0,0x34,0xB8,0x79,0xCB,0xAF,0x3B,0x75,0x66,0xA9,0xAF,0x29,0xDA,0x72,0xFB,0x89,0xFA,0x4A,0x4B,0x93,0x61,0xCE},
    },
    {
        UINT32_C(29624),
        UINT64_C(0x23980667ABDA16F8),
        UINT32_C(340),
        UINT32_C(128),
        {0xB2,0x0F,0x8E,0xD5,0xC3,0xB1,0x47,0x88,0xF6,0x62,0x83,0x31,0x8D,0x7C,0x6D,0xBB,0x0B,0xBC,0xFF,0xC2,0x0E,0xDF,0xAA,0xEA,0x57,0x88,0x58,0x8C,0xF5,0x84,0xAE,0x15},
        {0x7C,0xAF,0x2F,0xF5,0x95,0x73,0x47,0x7E,0x74,0xA5,0xCE,0x8E,0x6B,0x6C,0xEE,0xD7,0x62,0x9C,0xD0,0x1B,0x9B,0xDB,0xBD,0x4F,0xB9,0xC1,0x4E,0xCC,0x34,0xAC,0xE6,0xFA},
    },
    {
        UINT32_C(29660),
        UINT64_C(0xE0AA78DDF9C1549F),
        UINT32_C(230),
        UINT32_C(130),
        {0xD1,0xAB,0xFE,0xF6,0x99,0xA0,0x04,0x44,0x65,0x1D,0x97,0x2A,0xB9,0xA6,0x6E,0x62,0xC5,0xFC,0xDB,0x36,0x2C,0xE1,0x44,0xC6,0x28,0x88,0x9B,0xB4,0x1B,0x6A,0xC7,0xFE},
        {0x26,0x1E,0x1B,0xEA,0xC7,0x82,0x22,0xF8,0xBB,0xA2,0xB7,0xA0,0x78,0x09,0x95,0xC5,0xEB,0xE0,0x32,0xEB,0x96,0x8B,0x9B,0xDB,0x10,0x93,0xDD,0x82,0x08,0x9E,0x9F,0xC5},
    },
    {
        UINT32_C(29684),
        UINT64_C(0x7D54109FE635F001),
        UINT32_C(148),
        UINT32_C(228),
        {0xE0,0x52,0xD7,0xC0,0xFD,0xFE,0xE1,0xD2,0x07,0x9A,0x50,0x1B,0x2B,0x27,0xDB,0x24,0x80,0xE7,0x7F,0xD5,0x0F,0x00,0xA0,0xBB,0x61,0xB4,0x3C,0xAF,0xCA,0x60,0x58,0x7B},
        {0x24,0xF4,0xFB,0x1B,0x81,0x01,0xDA,0xE8,0xE7,0xFD,0x89,0x14,0x08,0x87,0xAC,0xE7,0xCF,0x0E,0x0F,0x7B,0x0A,0x5E,0x60,0xEE,0x0E,0x1B,0x87,0x23,0xA4,0x08,0xAE,0x9F},
    },
    {
        UINT32_C(29814),
        UINT64_C(0xE6B23EF0D657171A),
        UINT32_C(148),
        UINT32_C(228),
        {0xA3,0x58,0xFF,0x78,0xDB,0xEB,0x68,0x01,0x78,0xBE,0xEA,0xB5,0x7B,0x99,0xE8,0x04,0xF4,0xDD,0x41,0xEF,0x3C,0x36,0x6D,0xAB,0x46,0x00,0xBB,0xA9,0xBB,0xA4,0x62,0xAE},
        {0x6F,0xC5,0x03,0xD3,0x91,0x9C,0x2B,0x46,0x6A,0xAE,0x04,0xDB,0xB8,0x55,0x3F,0x5B,0x05,0x48,0xD0,0x0F,0x37,0x27,0x93,0xC2,0xA4,0xC5,0x55,0x3B,0x58,0xA4,0x4E,0x50},
    },
    {
        UINT32_C(29846),
        UINT64_C(0xD90B8D41168BED0E),
        UINT32_C(148),
        UINT32_C(228),
        {0xBB,0xD0,0xD4,0xB6,0xF1,0x23,0xD0,0x69,0x21,0x40,0xF9,0x23,0x38,0x99,0x22,0xCC,0x68,0x0E,0x92,0x84,0x41,0xA4,0x67,0x0C,0x97,0x68,0xE8,0x4E,0x8B,0x49,0xF7,0x36},
        {0x73,0x6E,0x2D,0xDA,0xEF,0x41,0xE7,0x47,0x5E,0x71,0x53,0x8E,0x15,0xE5,0xC5,0x6D,0x3E,0x48,0xEA,0x64,0x35,0x64,0x4C,0xA7,0x98,0x99,0xB4,0xF2,0xDC,0x71,0xF8,0xE7},
    },
    {
        UINT32_C(29868),
        UINT64_C(0xFBE81F209904822F),
        UINT32_C(148),
        UINT32_C(228),
        {0x0B,0x9A,0x67,0x63,0x5E,0x45,0xC8,0x8F,0xEE,0xE9,0xC0,0x4F,0x75,0x1B,0x85,0xE5,0xE7,0x1D,0x98,0xE8,0x6B,0x1D,0xE1,0xC7,0x50,0x98,0xE2,0x82,0x4F,0x93,0x5D,0xF9},
        {0x3D,0x75,0x7D,0xB4,0xB1,0xB1,0x5F,0x32,0xEE,0x9A,0xAC,0xEA,0x99,0xA4,0x3A,0x38,0xE9,0x0C,0xF3,0x4E,0x9A,0x13,0xCF,0x72,0x27,0x92,0xC6,0xD4,0x18,0xE1,0xE0,0x0E},
    },
    {
        UINT32_C(29892),
        UINT64_C(0x702832E959E95183),
        UINT32_C(148),
        UINT32_C(228),
        {0xA8,0x2C,0xD0,0x67,0x37,0x69,0xA5,0x0F,0x5C,0x0A,0x86,0xCF,0xF2,0x90,0x07,0x3A,0x97,0xCE,0x16,0x4C,0x33,0xC1,0x8A,0x3F,0xA4,0xF0,0x80,0x83,0x71,0x08,0x14,0x77},
        {0x44,0x89,0xFB,0x90,0xEB,0x96,0x79,0xAB,0x06,0x9E,0xA6,0xF0,0x49,0x00,0x30,0x3F,0xB8,0x3E,0x00,0xDA,0xBE,0x4E,0x97,0xE6,0xE2,0xE1,0x7F,0x12,0x14,0xC6,0x41,0xB5},
    },
    {
        UINT32_C(29896),
        UINT64_C(0x2385978D00A09F50),
        UINT32_C(148),
        UINT32_C(228),
        {0x36,0xB0,0xAD,0x25,0x10,0xCD,0x62,0x9A,0x74,0x31,0x32,0x3C,0x76,0xC0,0x19,0x1E,0xC4,0xAB,0xF5,0x4F,0x52,0x0E,0x71,0x8A,0x92,0x9D,0x85,0xCF,0x99,0x9C,0xCC,0x3A},
        {0xF6,0xC2,0x4B,0x92,0xA4,0xB6,0xA3,0x35,0x81,0xA3,0x21,0x98,0xA8,0x49,0xFD,0x9C,0xB5,0xAD,0x37,0x07,0x28,0x69,0xF4,0x55,0x51,0xF8,0x70,0xE3,0xD1,0x0B,0x96,0xA3},
    },
    {
        UINT32_C(29948),
        UINT64_C(0x498AA920E1D84F23),
        UINT32_C(230),
        UINT32_C(130),
        {0x05,0x10,0xE1,0x21,0xA2,0x99,0x2D,0x7E,0x43,0x50,0xCB,0x18,0xD9,0xB3,0x64,0xF7,0x41,0xE2,0x8B,0x1E,0x5E,0xDA,0xD2,0x38,0xE1,0x28,0x0A,0xA6,0x33,0x74,0xFD,0xDF},
        {0x49,0x20,0x64,0x37,0xED,0xCE,0xBA,0x1C,0xE3,0x97,0x6C,0x3A,0xE0,0x93,0xF2,0x62,0x2A,0x7E,0x09,0x07,0xB2,0x8E,0xC8,0x90,0x57,0xBD,0x63,0x51,0x4C,0xAD,0x36,0x9F},
    },
    {
        UINT32_C(29984),
        UINT64_C(0x2BD912880F9A4EC6),
        UINT32_C(340),
        UINT32_C(128),
        {0xF7,0x9E,0xC9,0x9A,0xA7,0x36,0x29,0x2D,0x24,0xC0,0xAC,0x67,0x5E,0x27,0x68,0x9E,0x6D,0xB7,0x4B,0xB5,0xDA,0x20,0xBF,0xF7,0xC1,0x76,0xBA,0x4A,0x5D,0x69,0x8B,0x74},
        {0x14,0x2E,0xE4,0xFD,0xB6,0x3B,0xD1,0xBE,0xC0,0xFE,0x61,0x85,0x52,0xBC,0x70,0x87,0xDB,0x56,0xFD,0x43,0x13,0xCB,0x2E,0xCF,0xF6,0x89,0x4A,0xD4,0x64,0x13,0xE5,0x34},
    },
    {
        UINT32_C(30044),
        UINT64_C(0x3067751BB9F8A52E),
        UINT32_C(148),
        UINT32_C(228),
        {0x0A,0x58,0x8D,0x05,0x78,0xAD,0x1A,0x69,0x45,0xB7,0x3A,0x0A,0x06,0x9D,0xC2,0x7C,0xD5,0x3B,0xD0,0xE3,0xC4,0x6A,0xEC,0x7E,0x7D,0x6A,0x5A,0xE5,0x32,0x18,0x87,0x41},
        {0x04,0x8D,0x6A,0x05,0x12,0xA1,0x5D,0x3F,0x1A,0x09,0x66,0xEE,0x45,0x1B,0x44,0x94,0x73,0x2F,0xBD,0x02,0xC5,0x79,0x76,0x6E,0x9D,0x75,0xD9,0x03,0x92,0xBC,0x77,0x92},
    },
    {
        UINT32_C(30124),
        UINT64_C(0x1C9193416BC31331),
        UINT32_C(148),
        UINT32_C(228),
        {0x40,0xD4,0x82,0x09,0x89,0xAA,0x0B,0x0B,0x89,0x7E,0xAF,0x6A,0xCF,0x8E,0xD9,0x0A,0xC3,0xA1,0x66,0x99,0x3E,0x6C,0xB2,0xC8,0x99,0xC1,0x32,0x08,0x67,0x55,0x9E,0xBF},
        {0xAF,0xD9,0xD5,0x99,0x38,0x4E,0xCB,0xD7,0x99,0x37,0x7B,0xA5,0x70,0x25,0x74,0x2D,0x1F,0x93,0xAF,0x6A,0x67,0xB1,0xF0,0x35,0x2F,0xBD,0x63,0x4B,0x42,0xDB,0x84,0xB8},
    },
    {
        UINT32_C(30180),
        UINT64_C(0x467295AE9D5FC82C),
        UINT32_C(148),
        UINT32_C(228),
        {0x22,0xF3,0xFA,0xCD,0x70,0x04,0x1F,0x9B,0xD0,0x3E,0x04,0xB0,0x2F,0x71,0x06,0xE2,0x6D,0xDD,0xF1,0xB4,0xAB,0x7A,0x29,0x8A,0x2A,0x22,0xA5,0xE1,0xAB,0xBB,0x27,0xC3},
        {0xFA,0x9A,0xB1,0x84,0x5C,0x89,0xDF,0x9F,0x73,0x6A,0xDD,0x38,0x3D,0xF7,0x0B,0x33,0x86,0x68,0xD6,0x94,0x0D,0x61,0x30,0x58,0xA5,0xF0,0x1F,0xAD,0xF5,0x9C,0x53,0x17},
    },
    {
        UINT32_C(30216),
        UINT64_C(0xDB516D7E43CB4EE0),
        UINT32_C(230),
        UINT32_C(130),
        {0x2B,0xD6,0x0C,0xE8,0x04,0x5B,0xA4,0xFD,0x80,0xC1,0xD5,0x1C,0x6D,0x59,0x6C,0xAB,0xB0,0x80,0x3E,0x97,0x97,0xF0,0x95,0x2A,0x0A,0xD4,0x6D,0xD9,0xCE,0x25,0x05,0xBB},
        {0xD3,0x18,0x6A,0x55,0xA8,0xC8,0x61,0x9C,0xE8,0xFE,0x25,0x50,0x03,0x20,0x47,0xFA,0x87,0x9D,0xE0,0xCD,0x35,0x58,0x37,0xBD,0x9D,0xF5,0x79,0x4A,0x17,0x03,0x61,0xB0},
    },
    {
        UINT32_C(30254),
        UINT64_C(0xE4934D90711C042B),
        UINT32_C(230),
        UINT32_C(130),
        {0xA7,0xE5,0x8F,0xB3,0xFE,0xE2,0x54,0x82,0xC7,0xFD,0x18,0xCD,0x6B,0x24,0x2D,0x0E,0x17,0x0A,0xCA,0xD2,0xD0,0xA7,0xE9,0x10,0xF3,0xC2,0xBD,0x1F,0x72,0xDB,0x17,0x3A},
        {0x32,0x6F,0x44,0x31,0xC0,0x17,0x26,0x01,0x15,0x99,0x9A,0xE9,0x51,0xDD,0xDE,0x85,0xB9,0x15,0x8A,0x1B,0xBC,0x41,0x2D,0xD0,0x3F,0xB5,0xA1,0x29,0xE9,0x63,0xF8,0xC0},
    },
    {
        UINT32_C(30270),
        UINT64_C(0x545F4063B22ABAAC),
        UINT32_C(148),
        UINT32_C(228),
        {0x00,0x54,0x6D,0x37,0x4C,0x61,0xB2,0x60,0xA7,0x05,0x4B,0x10,0xEE,0x05,0x13,0x56,0xB2,0x2C,0xD0,0xF0,0xB3,0xEC,0x2E,0xCE,0x3D,0xD7,0x53,0x47,0x62,0x27,0xC1,0x87},
        {0xA4,0x67,0xA3,0x2B,0x03,0xE5,0xCF,0x97,0x2C,0x9A,0xAF,0xB6,0xA2,0xFD,0xE0,0xB1,0xB3,0xF9,0xA3,0x05,0x77,0x7E,0x52,0x3B,0xEA,0x8E,0xFF,0x44,0x02,0x75,0x76,0x61},
    },
    {
        UINT32_C(30272),
        UINT64_C(0xF0020DEEC03E897B),
        UINT32_C(230),
        UINT32_C(130),
        {0xF4,0xB4,0xEE,0x06,0x03,0x68,0x4B,0x89,0xBA,0x52,0xA2,0x7F,0x68,0x55,0x06,0x77,0x8A,0xDE,0x58,0xB5,0x84,0x21,0x35,0xB5,0x7C,0xEF,0x8A,0x70,0xD8,0xB4,0x7F,0x2C},
        {0x4A,0xB3,0xBA,0xF7,0x9B,0xE9,0x4F,0xFB,0xF4,0x8E,0x5A,0x3C,0xD6,0x08,0x67,0xF4,0x6B,0x69,0x28,0xD2,0xCF,0xF2,0x40,0x13,0x3D,0x62,0xAC,0x73,0x33,0xDC,0x96,0x4A},
    },
    {
        UINT32_C(30310),
        UINT64_C(0xEF239DFEF1EB8C7D),
        UINT32_C(148),
        UINT32_C(228),
        {0xBF,0x97,0x57,0x34,0x44,0x4C,0x0C,0x8D,0xF8,0x72,0xD5,0x76,0x1A,0x1C,0xCD,0x43,0xC6,0x41,0x32,0xFE,0x07,0x9D,0xDE,0xAA,0x8D,0x97,0x4F,0xB5,0xE1,0x7F,0x16,0x79},
        {0x93,0x90,0x1B,0xE7,0xD9,0x66,0x37,0x87,0x9E,0xEB,0x69,0x37,0x9D,0x2B,0xF4,0xE2,0x89,0x89,0xFB,0xD4,0x06,0x76,0x67,0x31,0x80,0x5D,0xF8,0xD4,0x4E,0x21,0x33,0xD8},
    },
    {
        UINT32_C(30366),
        UINT64_C(0x9015941276BA3271),
        UINT32_C(230),
        UINT32_C(130),
        {0x9E,0x81,0x17,0x5F,0x8E,0x34,0xDE,0x17,0x7F,0x71,0x21,0xE7,0xF5,0x11,0xE3,0xD1,0xEB,0xE8,0x8E,0x14,0x1B,0xB8,0xF1,0x30,0x7D,0x66,0x7C,0x6B,0x69,0x0A,0xAC,0xAC},
        {0x19,0xD3,0xD9,0xF1,0xBA,0xA1,0xF9,0xDB,0x56,0x36,0x16,0x64,0x3F,0xC9,0x5C,0x3F,0xB6,0x90,0xE6,0x64,0xDE,0x33,0x2B,0xA9,0x9E,0xCF,0x34,0xB0,0x1C,0x5F,0x71,0x1E},
    },
    {
        UINT32_C(30386),
        UINT64_C(0xBDF64FE5D3EBD435),
        UINT32_C(148),
        UINT32_C(228),
        {0xBB,0xD0,0xD4,0xB6,0xF1,0x23,0xD0,0x69,0x21,0x40,0xF9,0x23,0x38,0x99,0x22,0xCC,0x68,0x0E,0x92,0x84,0x41,0xA4,0x67,0x0C,0x97,0x68,0xE8,0x4E,0x8B,0x49,0xF7,0x36},
        {0x73,0x6E,0x2D,0xDA,0xEF,0x41,0xE7,0x47,0x5E,0x71,0x53,0x8E,0x15,0xE5,0xC5,0x6D,0x3E,0x48,0xEA,0x64,0x35,0x64,0x4C,0xA7,0x98,0x99,0xB4,0xF2,0xDC,0x71,0xF8,0xE7},
    },
    {
        UINT32_C(30410),
        UINT64_C(0x59F0279A3C2FA320),
        UINT32_C(148),
        UINT32_C(228),
        {0xB7,0xEA,0x82,0x51,0xE8,0xBD,0x0D,0x86,0xCA,0x33,0xB3,0x31,0x45,0xDA,0xEA,0x34,0x7A,0x80,0x3A,0x7E,0xD6,0x02,0x64,0x6C,0x43,0x48,0x45,0xA7,0xCB,0x7D,0x5A,0xDD},
        {0xDF,0xDF,0x5D,0x30,0xE2,0x84,0x94,0x63,0x25,0x83,0xFF,0x55,0xDA,0x9E,0x11,0x40,0x22,0x62,0xC6,0xF3,0x53,0xC2,0x4A,0x76,0xB7,0xAF,0xA0,0x94,0x0D,0x55,0xDA,0xB6},
    },
    {
        UINT32_C(30548),
        UINT64_C(0x2F7D5D1B33BFE0E8),
        UINT32_C(148),
        UINT32_C(228),
        {0xE7,0xC8,0xCD,0xA2,0xC9,0x00,0x72,0x23,0x36,0x8C,0x58,0xEC,0xB4,0x26,0x3A,0xE3,0xF9,0x68,0xF6,0x5F,0x96,0x1A,0x90,0x4F,0xFC,0x9B,0x04,0xCC,0x54,0x03,0xD8,0x72},
        {0xDD,0xEB,0x1E,0xF8,0x7E,0xD8,0xF6,0x7C,0x3D,0xC0,0x03,0x1F,0x6A,0x2E,0x64,0x70,0x2E,0x92,0x0C,0x0C,0xE8,0x8F,0x46,0xB7,0xE8,0x59,0xCA,0xB3,0xE5,0x62,0x16,0x61},
    },
    {
        UINT32_C(30562),
        UINT64_C(0x5F069D5A66E61792),
        UINT32_C(148),
        UINT32_C(228),
        {0xC4,0xAA,0x26,0x43,0x63,0xFD,0xCF,0xC5,0x93,0x69,0x5E,0x60,0x0E,0xAB,0x2F,0x96,0xBA,0xA4,0x4F,0x18,0xCB,0x80,0xEE,0xAB,0xD8,0x63,0xA3,0x89,0x70,0x86,0x5A,0xF4},
        {0x38,0x00,0xA8,0xBC,0xD5,0x07,0x76,0x61,0x45,0xFC,0x7C,0x8F,0x71,0xCC,0x12,0x0B,0x43,0x66,0xC3,0x52,0xF3,0xDC,0xB5,0x77,0x7C,0x75,0x2A,0x5F,0x9B,0x50,0x99,0xC9},
    },
    {
        UINT32_C(30632),
        UINT64_C(0xB04663E06225AB7B),
        UINT32_C(210),
        UINT32_C(123),
        {0x08,0x2B,0xA4,0x90,0xC4,0x3E,0xA3,0xC9,0x14,0x64,0x3B,0x08,0xEF,0x98,0xA2,0x8B,0x1D,0xE2,0xC0,0x5C,0xA5,0xA7,0x76,0xE9,0x11,0x60,0xC7,0x3E,0x77,0xA3,0x27,0x3B},
        {0xF2,0x07,0x20,0x47,0x8F,0x67,0xCC,0xD2,0xA0,0x1A,0x97,0x30,0xDE,0x92,0xDA,0x06,0x32,0x7D,0xF0,0x56,0x27,0x68,0xA3,0xC9,0xB1,0xDE,0x09,0x8D,0xF8,0xA0,0xAC,0x56},
    },
    {
        UINT32_C(30634),
        UINT64_C(0xD3B4207AE5477734),
        UINT32_C(230),
        UINT32_C(130),
        {0x2C,0x55,0x21,0xF1,0xF3,0xA5,0xAE,0xD8,0xEA,0x1C,0x9F,0xBB,0x72,0x35,0xEA,0x52,0x43,0x09,0x52,0x6D,0x66,0x3F,0x23,0xDD,0xF4,0xAE,0x99,0x6A,0xD9,0xB3,0x7C,0x39},
        {0x16,0xED,0x32,0xB4,0xE6,0xD6,0xF0,0xE0,0xAC,0xED,0xBC,0xC7,0x47,0x85,0xF6,0x8C,0x3E,0x1E,0xD4,0xBB,0x84,0xCF,0x1B,0x2B,0x7C,0x39,0x75,0x50,0x86,0x2E,0xEB,0xBC},
    },
    {
        UINT32_C(30642),
        UINT64_C(0x6C33411738B64E39),
        UINT32_C(148),
        UINT32_C(228),
        {0x1E,0xD7,0x13,0xAC,0x9A,0x95,0x94,0x00,0x7C,0xA5,0x8C,0xAA,0x03,0x50,0x61,0xDD,0x79,0xF5,0x32,0xE0,0xED,0x89,0xDB,0xCD,0x5C,0xB9,0x4E,0xFC,0xE5,0x1E,0x68,0xBF},
        {0xC4,0x50,0x73,0xEE,0x9C,0x79,0x65,0x7E,0xD2,0x0B,0xE9,0x40,0xA3,0x70,0xB9,0x9C,0x8B,0x18,0xED,0x55,0x73,0xF2,0xCC,0x1F,0x6D,0xAD,0x6F,0xCC,0x42,0xF8,0x6B,0x43},
    },
    {
        UINT32_C(30794),
        UINT64_C(0x5F2AE1604070CE91),
        UINT32_C(340),
        UINT32_C(128),
        {0x5C,0x90,0x78,0x8A,0x44,0x69,0x0B,0xDF,0xF2,0xE5,0x4E,0xCB,0xA8,0x0C,0x5F,0xB7,0x63,0x2F,0xD9,0xC6,0xB6,0x0E,0xBB,0x6C,0x7D,0x6A,0xA2,0x13,0x71,0xB3,0x66,0xA4},
        {0x33,0x2C,0x1A,0xC0,0xFE,0x83,0x0A,0x98,0xDE,0x29,0x38,0x7E,0x09,0xFC,0xDA,0xAB,0x83,0xBD,0x8F,0xB8,0xBC,0x9C,0x22,0xE7,0x90,0x82,0x69,0x6F,0x50,0xF8,0x23,0xB1},
    },
    {
        UINT32_C(30802),
        UINT64_C(0x254B5D75218A50E9),
        UINT32_C(148),
        UINT32_C(228),
        {0x42,0x0D,0xEA,0x8F,0x82,0xED,0xE8,0xEB,0xB6,0x4A,0xF3,0x6F,0x06,0xE1,0x7D,0x78,0x9A,0x11,0xF7,0x8E,0x99,0x9A,0x9A,0x89,0xAC,0x82,0xBC,0x53,0x36,0x3D,0xF9,0x89},
        {0x1A,0x37,0x88,0xA0,0xF4,0x7F,0xB9,0x89,0xB0,0xAF,0x3E,0x31,0xE8,0x34,0xF6,0x23,0x6F,0x83,0xB8,0x72,0xD7,0xF7,0xB4,0xCF,0x7C,0xFB,0x9A,0xAB,0x46,0x96,0xCC,0xDE},
    },
    {
        UINT32_C(30812),
        UINT64_C(0xA6EA88076D67935D),
        UINT32_C(148),
        UINT32_C(228),
        {0xCA,0xA7,0x58,0xF1,0xCB,0x42,0xD4,0xB3,0x86,0x3E,0x94,0x79,0xBC,0x70,0x1B,0xFB,0xF7,0x0C,0x40,0x88,0xA5,0x6C,0x29,0xA9,0xCC,0x07,0xE8,0x40,0xC2,0xB9,0x23,0xA7},
        {0x84,0x27,0x3B,0xA7,0x67,0xCE,0x54,0x33,0x1C,0x53,0xEB,0x89,0x12,0x67,0x8C,0x26,0xA0,0x42,0x79,0x55,0x60,0xBB,0x04,0xE6,0xCE,0xC6,0xA0,0x85,0xD0,0x24,0xB9,0xB4},
    },
    {
        UINT32_C(30814),
        UINT64_C(0xAC5CE695C37ECF4D),
        UINT32_C(148),
        UINT32_C(228),
        {0x0B,0x9A,0x67,0x63,0x5E,0x45,0xC8,0x8F,0xEE,0xE9,0xC0,0x4F,0x75,0x1B,0x85,0xE5,0xE7,0x1D,0x98,0xE8,0x6B,0x1D,0xE1,0xC7,0x50,0x98,0xE2,0x82,0x4F,0x93,0x5D,0xF9},
        {0x3D,0x75,0x7D,0xB4,0xB1,0xB1,0x5F,0x32,0xEE,0x9A,0xAC,0xEA,0x99,0xA4,0x3A,0x38,0xE9,0x0C,0xF3,0x4E,0x9A,0x13,0xCF,0x72,0x27,0x92,0xC6,0xD4,0x18,0xE1,0xE0,0x0E},
    },
    {
        UINT32_C(30892),
        UINT64_C(0x3BFBD1A15E9587F0),
        UINT32_C(210),
        UINT32_C(123),
        {0xFB,0xB6,0x5E,0x96,0xAB,0x6E,0x72,0x71,0x1B,0xF8,0xB7,0xD3,0x78,0xAF,0x17,0x15,0x8C,0x77,0x2E,0x66,0x9F,0xC9,0x96,0x63,0x3B,0x50,0xC2,0xFE,0xFE,0xC6,0x7A,0x79},
        {0xA5,0x4B,0x11,0x4B,0x65,0xF0,0x36,0xE9,0xD5,0x3D,0x47,0x0B,0x96,0x8F,0x12,0x03,0xB2,0x8E,0xDE,0x9F,0x51,0xDB,0x0F,0x65,0xB1,0xE6,0x7B,0x1F,0xC2,0x58,0xF5,0xEC},
    },
    {
        UINT32_C(30912),
        UINT64_C(0xCDB49ADE99B7B1CE),
        UINT32_C(148),
        UINT32_C(228),
        {0x6C,0x76,0xD3,0x2F,0x2E,0x94,0x75,0xDC,0xEB,0x86,0x3D,0x0A,0x09,0xDB,0xBF,0x5C,0x6B,0xD1,0xD7,0x6D,0x57,0xC9,0xD9,0x62,0x36,0x27,0xB6,0x7F,0x12,0x7C,0x6E,0x31},
        {0xC6,0x96,0x60,0x29,0xCA,0xC8,0xC1,0xE3,0x3D,0x2C,0x91,0x61,0xEF,0xE1,0xE0,0xD9,0xFF,0x57,0xC5,0x00,0x59,0x0A,0xD8,0x50,0xD8,0x1D,0xC7,0x66,0x05,0xA8,0x43,0x1B},
    },
    {
        UINT32_C(30948),
        UINT64_C(0x6B7D16BC524901B1),
        UINT32_C(148),
        UINT32_C(228),
        {0xF1,0xC3,0xEF,0x47,0x47,0x58,0x98,0xA5,0x5C,0x33,0xA3,0x1A,0x7B,0x92,0xD0,0x2E,0xCD,0x5D,0x61,0x86,0xBB,0x59,0x4B,0x8C,0x03,0xAD,0x7F,0x8C,0x71,0x5F,0x26,0x8A},
        {0xA0,0x47,0x9C,0x08,0x1A,0xA1,0x51,0x9F,0xC1,0xAC,0x3A,0x4E,0x59,0x73,0x0B,0xAD,0xB9,0xC4,0x40,0x95,0x4F,0x78,0xD8,0xAD,0x60,0xA7,0xCB,0x45,0x10,0x6D,0x3C,0x04},
    },
    {
        UINT32_C(30978),
        UINT64_C(0x601A2BF4E85E406C),
        UINT32_C(148),
        UINT32_C(228),
        {0xAF,0xCE,0x89,0xF0,0x96,0x1C,0x0A,0xA4,0xFA,0x90,0xB8,0x02,0xDF,0xAE,0x71,0xDA,0x5E,0x16,0xA8,0xBD,0x0E,0xAE,0x34,0xA8,0x13,0xC9,0xF5,0xCE,0x7B,0x13,0x2F,0xBB},
        {0x63,0x98,0x51,0x9C,0xA7,0xF4,0x21,0x3B,0x76,0xBD,0x5D,0xB7,0x9C,0x51,0xA6,0x7C,0x0D,0xB4,0xFD,0x26,0x64,0x54,0xA1,0x2F,0xDE,0xFB,0x3C,0x91,0x63,0x8E,0x6A,0x6B},
    },
    {
        UINT32_C(31020),
        UINT64_C(0x7B8D6075A66689AA),
        UINT32_C(340),
        UINT32_C(128),
        {0x8D,0x9A,0x4D,0x2F,0xF9,0xA6,0x18,0x9C,0x29,0x2A,0x8F,0x63,0x44,0xD6,0x32,0xA9,0xF5,0x85,0xCB,0xF6,0x57,0x94,0x14,0x72,0x8B,0x2B,0xB6,0x90,0x1C,0x54,0xBE,0x2B},
        {0x4B,0xEB,0xCD,0xD2,0x6E,0x34,0x49,0xE0,0xDE,0x60,0x12,0x3B,0xAA,0x0D,0x7E,0x9A,0x23,0x3A,0xEA,0x1C,0xB4,0xE7,0x41,0xF2,0x20,0x95,0xD6,0xEC,0xA7,0xA8,0x65,0x52},
    },
    {
        UINT32_C(31026),
        UINT64_C(0x7BBBEF65A28AD94D),
        UINT32_C(340),
        UINT32_C(128),
        {0x3B,0xCC,0x31,0x71,0xC8,0xD2,0x50,0xDF,0x75,0x04,0x0F,0x96,0x58,0x21,0xCE,0x3F,0xBA,0x1B,0x63,0xD2,0x77,0x90,0x78,0x4A,0xFC,0x1D,0x18,0x88,0x2E,0xE4,0x53,0x6F},
        {0x8A,0x23,0x70,0xBB,0xAA,0xCA,0xEE,0x98,0xFE,0xF5,0x1E,0x82,0xE3,0xD4,0xF3,0x39,0xBC,0x1E,0x60,0xEF,0x92,0xFD,0xF2,0x0C,0xDC,0x72,0xF9,0x4E,0xF8,0xEA,0xAF,0x1E},
    },
    {
        UINT32_C(31034),
        UINT64_C(0x6AB2E6CF6B1491F8),
        UINT32_C(148),
        UINT32_C(228),
        {0x1A,0x67,0x63,0xEF,0x62,0xDC,0x75,0x67,0x43,0xE5,0x1B,0x96,0xD3,0x66,0xBB,0xA9,0xFC,0x1C,0xEF,0x51,0xFC,0x7D,0x72,0xF5,0xE7,0x33,0xC1,0xA3,0x59,0x4D,0x87,0x58},
        {0xE9,0x13,0x52,0x52,0xC8,0x32,0x2F,0xE7,0xC2,0x85,0xB3,0x30,0x93,0x88,0xD1,0xC8,0x6C,0x93,0x1A,0xCE,0x27,0x0F,0x74,0x7B,0xAC,0xD4,0x14,0x61,0x30,0x24,0x0A,0xE1},
    },
    {
        UINT32_C(31066),
        UINT64_C(0x66EE77633F7E50A4),
        UINT32_C(210),
        UINT32_C(123),
        {0x6D,0xF2,0xD7,0x0C,0xB1,0xC8,0xF7,0x63,0x34,0x81,0xC0,0x1B,0x6A,0x97,0x86,0xDC,0xD9,0xC4,0xDA,0x56,0x2B,0xDD,0x22,0x7D,0x7F,0x4E,0x5B,0x98,0x41,0xA9,0x74,0x37},
        {0xF7,0x8E,0x94,0x35,0xCF,0x36,0xFF,0x24,0xAF,0x02,0x80,0x3C,0xBD,0x45,0x01,0x35,0x79,0xCB,0xA7,0x57,0xA2,0xB6,0x00,0x82,0x9C,0x41,0x7F,0x2F,0x5B,0x09,0x09,0x34},
    },
    {
        UINT32_C(31072),
        UINT64_C(0xF359B496CEF0C1CA),
        UINT32_C(148),
        UINT32_C(228),
        {0x54,0x43,0xE2,0x9D,0x04,0x2C,0x3E,0x15,0x01,0x26,0xDF,0xD4,0x7C,0x7E,0x2D,0x5E,0x6A,0x3C,0x6F,0x94,0x53,0x9E,0x15,0x4F,0xEB,0xC7,0xF8,0xC0,0xC8,0xF4,0x27,0xD1},
        {0xD1,0x67,0xA7,0x16,0xA9,0xF7,0x15,0xEF,0xCD,0xF8,0x37,0xD6,0x3B,0xAF,0x75,0xCE,0xCA,0x43,0x7C,0x4E,0x67,0x05,0x54,0xF2,0xAB,0xAD,0xD9,0x73,0xBE,0x0A,0x7F,0x14},
    },
    {
        UINT32_C(31146),
        UINT64_C(0x79B695C63F6CFA74),
        UINT32_C(230),
        UINT32_C(130),
        {0xA8,0x4F,0xA8,0x93,0xAF,0x14,0xBB,0x9E,0xEB,0xE1,0xD6,0x6F,0x6E,0x11,0xF3,0x71,0x26,0x79,0xDD,0x1A,0x5D,0x5B,0x75,0xFC,0x09,0xE3,0x4C,0x38,0xCE,0x6A,0x6E,0xDD},
        {0x32,0x29,0xA2,0xCC,0x19,0xEC,0x15,0x39,0xD5,0x9D,0x77,0xB7,0xE0,0x49,0xD6,0xED,0x63,0xCB,0xDF,0x43,0xAE,0xD1,0x68,0x0A,0xC4,0x7E,0x98,0x01,0x88,0x9A,0x85,0xC3},
    },
    {
        UINT32_C(31160),
        UINT64_C(0xC7F5D15F68423CE4),
        UINT32_C(148),
        UINT32_C(228),
        {0x1E,0xD7,0x13,0xAC,0x9A,0x95,0x94,0x00,0x7C,0xA5,0x8C,0xAA,0x03,0x50,0x61,0xDD,0x79,0xF5,0x32,0xE0,0xED,0x89,0xDB,0xCD,0x5C,0xB9,0x4E,0xFC,0xE5,0x1E,0x68,0xBF},
        {0xC4,0x50,0x73,0xEE,0x9C,0x79,0x65,0x7E,0xD2,0x0B,0xE9,0x40,0xA3,0x70,0xB9,0x9C,0x8B,0x18,0xED,0x55,0x73,0xF2,0xCC,0x1F,0x6D,0xAD,0x6F,0xCC,0x42,0xF8,0x6B,0x43},
    },
    {
        UINT32_C(31170),
        UINT64_C(0xEDB6B8572356EBB0),
        UINT32_C(148),
        UINT32_C(228),
        {0x0A,0x58,0x8D,0x05,0x78,0xAD,0x1A,0x69,0x45,0xB7,0x3A,0x0A,0x06,0x9D,0xC2,0x7C,0xD5,0x3B,0xD0,0xE3,0xC4,0x6A,0xEC,0x7E,0x7D,0x6A,0x5A,0xE5,0x32,0x18,0x87,0x41},
        {0x04,0x8D,0x6A,0x05,0x12,0xA1,0x5D,0x3F,0x1A,0x09,0x66,0xEE,0x45,0x1B,0x44,0x94,0x73,0x2F,0xBD,0x02,0xC5,0x79,0x76,0x6E,0x9D,0x75,0xD9,0x03,0x92,0xBC,0x77,0x92},
    },
    {
        UINT32_C(31184),
        UINT64_C(0x0D41E7393A6CEE54),
        UINT32_C(210),
        UINT32_C(123),
        {0xFA,0x9E,0x4E,0x9F,0x10,0xB1,0x64,0x90,0x16,0x7A,0xC9,0xF9,0xCC,0x26,0x8B,0x4B,0xD7,0xE8,0xD1,0xBA,0x9D,0x41,0xDD,0x69,0x57,0x69,0x73,0x1E,0x9B,0xD3,0x98,0x4F},
        {0xEB,0x9D,0x39,0xD0,0x81,0x0A,0xA4,0xD8,0xB3,0xFA,0xFC,0x32,0x40,0xDB,0xFF,0x30,0x0D,0x9B,0x8C,0x4F,0x57,0xDB,0x7C,0xF7,0xCC,0x40,0x54,0xD7,0x76,0x67,0x15,0xB9},
    },
    {
        UINT32_C(31214),
        UINT64_C(0x4D15293E79A22C6F),
        UINT32_C(148),
        UINT32_C(228),
        {0x19,0x89,0xC1,0x9C,0xBD,0x03,0xF3,0x4F,0x99,0x5F,0x28,0xAD,0x1F,0x84,0x43,0x43,0x7F,0x66,0xD3,0x2A,0xEA,0xAD,0x6F,0x83,0xF7,0xE2,0xF0,0x5A,0x7E,0xC2,0x6E,0x21},
        {0xC3,0x61,0x5F,0xEA,0x40,0xEB,0xA9,0x5A,0xF8,0x70,0xA1,0x19,0x88,0x24,0x10,0x32,0x27,0x78,0x55,0x8D,0x1A,0x30,0x1D,0xBD,0xD4,0x9F,0x15,0x63,0x68,0x4E,0xF0,0x98},
    },
    {
        UINT32_C(31254),
        UINT64_C(0x5F75F2E5DFC49CF1),
        UINT32_C(148),
        UINT32_C(228),
        {0x0C,0x57,0x83,0x23,0xA8,0x66,0xA5,0xD8,0x4D,0xA3,0xFB,0xE9,0xE1,0xA1,0xD5,0xC2,0xBC,0x43,0x53,0x93,0x64,0x8F,0xE1,0xB3,0xF9,0xA8,0x95,0xB6,0x43,0x30,0x01,0x94},
        {0x1C,0xCE,0x4C,0xD8,0x0E,0xF5,0x5D,0xD4,0x30,0x08,0x95,0x92,0x6E,0x0E,0xB3,0x01,0x54,0x0F,0xCF,0xE4,0xE3,0xF1,0xBF,0x36,0xEA,0x65,0x50,0xD7,0x95,0x5C,0xDD,0x62},
    },
    {
        UINT32_C(31294),
        UINT64_C(0xFE1DDD6FB0A35924),
        UINT32_C(148),
        UINT32_C(228),
        {0x21,0x27,0x6E,0x8F,0x2F,0x1C,0x64,0x72,0xA1,0xB8,0x57,0x39,0x90,0xA8,0x2C,0x73,0xF0,0x41,0x21,0xE3,0x99,0x54,0x05,0x6C,0x87,0xAE,0x69,0x01,0x16,0x1D,0x7A,0xE8},
        {0x91,0xC6,0x41,0x31,0x7A,0x18,0xAE,0xF8,0x9F,0xF8,0xF7,0x06,0xD5,0x85,0x3A,0x4D,0x8C,0x3F,0x94,0x14,0x8E,0xFA,0x60,0x5D,0x7C,0x96,0x50,0xDD,0x6D,0x83,0x96,0xC1},
    },
    {
        UINT32_C(31326),
        UINT64_C(0x31FCA3D84B1FEB31),
        UINT32_C(148),
        UINT32_C(228),
        {0x6B,0x9A,0x27,0x0B,0x3E,0x17,0xB1,0xC0,0xF6,0x03,0x15,0x27,0x28,0x83,0x4E,0x43,0x57,0x9C,0xE9,0xF4,0x85,0x56,0xD7,0xAB,0x57,0xD7,0xB5,0xAE,0x72,0xE6,0x56,0x3F},
        {0x54,0x44,0x8D,0x9A,0x03,0xDC,0x24,0x7D,0x46,0xED,0xC8,0x3E,0x6C,0xF7,0xE2,0x11,0xCB,0xAA,0xD9,0xD4,0x46,0x03,0xDD,0xCB,0x42,0x77,0xB1,0xF2,0x56,0x91,0x5C,0xAA},
    },
    {
        UINT32_C(31340),
        UINT64_C(0x639E64890EF09EC9),
        UINT32_C(303),
        UINT32_C(210),
        {0x77,0x3A,0xBD,0xC1,0xF1,0x53,0xFC,0x1C,0x36,0xFD,0xBA,0x3A,0x5A,0xFB,0x39,0x76,0x3B,0x2D,0xB4,0x40,0x3C,0xF3,0xF4,0x3B,0xA3,0xC6,0x78,0x64,0xC9,0x69,0xBD,0xD8},
        {0xF5,0xDE,0xC3,0xFA,0xFB,0x59,0xD2,0xB4,0x7F,0xB3,0x9B,0x28,0x0C,0x65,0x0C,0x41,0x33,0xD2,0x4E,0x5B,0x8F,0xD5,0xE6,0x82,0xA7,0x1F,0xEB,0x29,0x68,0x32,0x49,0xF9},
    },
    {
        UINT32_C(31466),
        UINT64_C(0xE45E5F05427CCFE5),
        UINT32_C(148),
        UINT32_C(228),
        {0x0C,0x57,0x83,0x23,0xA8,0x66,0xA5,0xD8,0x4D,0xA3,0xFB,0xE9,0xE1,0xA1,0xD5,0xC2,0xBC,0x43,0x53,0x93,0x64,0x8F,0xE1,0xB3,0xF9,0xA8,0x95,0xB6,0x43,0x30,0x01,0x94},
        {0x1C,0xCE,0x4C,0xD8,0x0E,0xF5,0x5D,0xD4,0x30,0x08,0x95,0x92,0x6E,0x0E,0xB3,0x01,0x54,0x0F,0xCF,0xE4,0xE3,0xF1,0xBF,0x36,0xEA,0x65,0x50,0xD7,0x95,0x5C,0xDD,0x62},
    },
    {
        UINT32_C(31472),
        UINT64_C(0x58F0F72AB746A14E),
        UINT32_C(148),
        UINT32_C(228),
        {0xAF,0xCE,0x89,0xF0,0x96,0x1C,0x0A,0xA4,0xFA,0x90,0xB8,0x02,0xDF,0xAE,0x71,0xDA,0x5E,0x16,0xA8,0xBD,0x0E,0xAE,0x34,0xA8,0x13,0xC9,0xF5,0xCE,0x7B,0x13,0x2F,0xBB},
        {0x63,0x98,0x51,0x9C,0xA7,0xF4,0x21,0x3B,0x76,0xBD,0x5D,0xB7,0x9C,0x51,0xA6,0x7C,0x0D,0xB4,0xFD,0x26,0x64,0x54,0xA1,0x2F,0xDE,0xFB,0x3C,0x91,0x63,0x8E,0x6A,0x6B},
    },
    {
        UINT32_C(31482),
        UINT64_C(0x854A65052A8F58A8),
        UINT32_C(148),
        UINT32_C(228),
        {0xF3,0x44,0x6E,0xDD,0xBD,0xF3,0x6E,0x41,0x53,0xE2,0x14,0xB4,0x19,0x8F,0x33,0x2B,0x0E,0x27,0xF7,0x05,0xF7,0xCE,0xD3,0xBA,0xC3,0x41,0x40,0xE2,0xB0,0xF1,0xE5,0x32},
        {0x68,0x43,0xE6,0x83,0xB8,0xEE,0x0B,0x74,0xD6,0xEA,0x70,0xAB,0x46,0x47,0xC3,0xBC,0x09,0xD4,0xC0,0x39,0xA7,0x65,0x49,0xDE,0xB1,0x2B,0x4E,0xBE,0xDC,0x8F,0xE3,0x35},
    },
    {
        UINT32_C(31490),
        UINT64_C(0x593464AEF3B509E4),
        UINT32_C(210),
        UINT32_C(123),
        {0xBA,0x6D,0xD4,0x05,0x8A,0x13,0xA6,0x54,0xDB,0xBB,0xDC,0x29,0x85,0xCE,0x3B,0x08,0x67,0x50,0x77,0xAF,0x75,0x98,0xAB,0xA1,0xF8,0x87,0x0B,0x2E,0x3A,0x76,0x94,0xB3},
        {0x83,0x64,0x30,0x55,0x8E,0xD8,0x21,0xDD,0x70,0xC6,0xFB,0x68,0xA5,0xD9,0x46,0xD3,0x95,0x31,0x7A,0x79,0xDD,0xF4,0x5A,0x7B,0x07,0xCD,0xEE,0x12,0x2F,0x11,0x89,0xFF},
    },
    {
        UINT32_C(31492),
        UINT64_C(0x2F588666F08E1352),
        UINT32_C(148),
        UINT32_C(228),
        {0x93,0x29,0xC2,0x3B,0x8C,0x50,0x7F,0xA2,0x7F,0x8F,0x2D,0x9D,0xD7,0x47,0xA8,0x51,0xC3,0x55,0x85,0xB5,0xF3,0x1E,0x68,0x0F,0x7B,0x9A,0xDA,0x05,0x36,0xA1,0xF6,0xB7},
        {0xE5,0xF1,0xEC,0x5A,0x22,0x8D,0xCF,0x2D,0xBA,0xB6,0xE8,0x6C,0x2B,0xA2,0x99,0xF2,0x99,0x5C,0x41,0x6C,0x60,0x83,0x2F,0xCF,0xCB,0x6F,0x68,0x71,0xE1,0xF0,0x93,0x29},
    },
    {
        UINT32_C(31572),
        UINT64_C(0xC1B8720F5C655F4E),
        UINT32_C(210),
        UINT32_C(123),
        {0x55,0xE4,0xD1,0x4D,0x82,0x15,0x05,0xFD,0xB4,0xDB,0xFB,0x9D,0xD6,0xBD,0xE8,0xDD,0x14,0xBB,0x24,0xBE,0x94,0x13,0x4F,0xAC,0x80,0xAB,0x89,0x0F,0xDA,0x0F,0x59,0xFE},
        {0x2F,0xB5,0xAC,0x02,0x2C,0xF3,0x38,0xA2,0x24,0xD1,0xA3,0xD6,0xD5,0x81,0x57,0x91,0x48,0xCE,0x06,0x1F,0x81,0xD2,0x6A,0x79,0x9C,0xCB,0xE4,0xD4,0x73,0xE1,0x27,0xF8},
    },
    {
        UINT32_C(31618),
        UINT64_C(0x64E94760143BFAB5),
        UINT32_C(148),
        UINT32_C(228),
        {0x61,0x4C,0xCC,0x17,0x50,0x6A,0x93,0x27,0xF5,0x6F,0xF1,0x78,0x80,0x61,0x1D,0x17,0xD3,0xBB,0x32,0xD0,0x52,0x1B,0x39,0x4C,0x78,0x89,0x1E,0x1D,0x9C,0x87,0x86,0x89},
        {0xBE,0x14,0x39,0x30,0x3A,0xB7,0x19,0x34,0xC9,0xDA,0xE7,0xFF,0xE7,0x20,0xC2,0xDD,0x35,0x49,0x56,0x69,0x9D,0x98,0x02,0x77,0xD8,0xB9,0xEA,0x98,0xED,0x80,0x55,0xDC},
    },
    {
        UINT32_C(31648),
        UINT64_C(0x9491756B782C3266),
        UINT32_C(230),
        UINT32_C(130),
        {0xD8,0xFE,0xBF,0x05,0xC1,0x58,0x3B,0xD4,0xCF,0xCA,0x62,0xC1,0x11,0xBB,0x41,0xF2,0xE3,0x05,0x0B,0x3F,0xA6,0xFA,0xE4,0xBD,0xBC,0x63,0xF5,0xFF,0xEF,0x2D,0x06,0xB5},
        {0x30,0xC4,0xB1,0x94,0x8B,0x26,0x38,0x19,0x41,0xFD,0xF7,0x38,0x1E,0xD5,0x40,0x03,0x34,0xBD,0x28,0xDC,0xE9,0x1A,0xC1,0x17,0xCC,0xCF,0xA5,0xEC,0x18,0x71,0x8B,0x1C},
    },
    {
        UINT32_C(31654),
        UINT64_C(0x300CD4794DA63074),
        UINT32_C(303),
        UINT32_C(210),
        {0x73,0x84,0x42,0x2C,0x6A,0x5C,0x8D,0x21,0x5A,0xF6,0x3F,0xD5,0xB9,0x32,0xC9,0x49,0xE8,0xCA,0xA2,0x8B,0xEF,0x7D,0x85,0xB5,0x0A,0x14,0xD1,0x45,0x55,0xC1,0x35,0xC0},
        {0xCB,0xB2,0x81,0x17,0x45,0x0A,0xA4,0x10,0x55,0x74,0x86,0x93,0x43,0xF0,0x6C,0xCE,0x54,0x27,0x3C,0x31,0x43,0xDB,0x66,0x98,0x2F,0xF6,0xE2,0x04,0xF4,0xAF,0xD8,0x2B},
    },
    {
        UINT32_C(31668),
        UINT64_C(0x898BD6B95EF1349F),
        UINT32_C(148),
        UINT32_C(228),
        {0x11,0x7F,0x33,0xCF,0xDA,0x62,0xE1,0x04,0xB0,0xCA,0xC0,0xED,0x71,0x1B,0x07,0x16,0x14,0x45,0xAF,0x78,0xFC,0x97,0x69,0xEE,0x44,0xFB,0x21,0xBC,0x63,0x6F,0xE4,0xA2},
        {0x25,0x0B,0xA8,0x92,0x64,0x2A,0xF0,0xE5,0x16,0xE9,0x9A,0x6B,0x05,0xBF,0x6B,0xE8,0x8C,0x7F,0x70,0x6F,0x2C,0x00,0x47,0x74,0x3B,0xA3,0x9B,0xBC,0x73,0xC2,0x63,0xD5},
    },
    {
        UINT32_C(31674),
        UINT64_C(0xFFDE4B7F50838A47),
        UINT32_C(148),
        UINT32_C(228),
        {0x49,0x01,0x76,0xAD,0x17,0xF8,0xE0,0x48,0x14,0x9E,0x94,0x1E,0xA3,0xEB,0x24,0xAD,0x1C,0x03,0xEC,0xE2,0xC2,0xD8,0x3E,0x89,0x3B,0x7B,0xA7,0x2E,0x10,0x6B,0x93,0x90},
        {0x45,0xA6,0xD5,0x76,0x17,0x04,0x72,0xD7,0x99,0xED,0x21,0xB6,0xCE,0x55,0x76,0x52,0xF1,0xB9,0x55,0xF9,0x1E,0x77,0x76,0x84,0x8B,0x6E,0x63,0xFF,0x24,0x2B,0xB1,0xF1},
    },
    {
        UINT32_C(31854),
        UINT64_C(0xED9430284DFE50A4),
        UINT32_C(148),
        UINT32_C(228),
        {0x97,0x1D,0x21,0x3F,0x0A,0x32,0xA1,0x14,0x54,0x25,0xD9,0xFE,0x7C,0xAE,0x16,0x67,0xBF,0x80,0x55,0x40,0x36,0x72,0xC2,0xA8,0xED,0xF5,0xC2,0x21,0x37,0x6C,0xEC,0xFF},
        {0x3A,0x44,0x08,0x4E,0xC4,0x48,0x1C,0xC6,0x20,0x65,0x23,0x85,0x59,0x92,0xB3,0xF4,0x86,0xAF,0x9C,0xC7,0x16,0xA8,0x02,0x16,0xA8,0x04,0x4E,0x80,0x44,0x49,0x05,0x50},
    },
    {
        UINT32_C(31864),
        UINT64_C(0x26F59BA9E51803BD),
        UINT32_C(148),
        UINT32_C(228),
        {0x45,0xE8,0xC5,0x8F,0x74,0x3F,0x33,0x9B,0xEC,0x18,0x71,0x5A,0x29,0x59,0xC1,0xC0,0x00,0x81,0xED,0xB9,0xC4,0xD0,0x7F,0x18,0x3A,0x74,0x98,0x2A,0xC8,0x54,0x56,0x00},
        {0x36,0xEA,0x22,0x79,0x1C,0x4C,0xD4,0xBC,0x36,0x27,0xC6,0x30,0x3D,0xBD,0x9F,0xB6,0xB9,0xDD,0x16,0xA3,0xCE,0xC8,0xA3,0xA9,0x52,0x06,0xEA,0x33,0x5E,0x1D,0xAE,0xB8},
    },
    {
        UINT32_C(31940),
        UINT64_C(0xE7649824AAD8DBB7),
        UINT32_C(148),
        UINT32_C(228),
        {0x61,0x4C,0xCC,0x17,0x50,0x6A,0x93,0x27,0xF5,0x6F,0xF1,0x78,0x80,0x61,0x1D,0x17,0xD3,0xBB,0x32,0xD0,0x52,0x1B,0x39,0x4C,0x78,0x89,0x1E,0x1D,0x9C,0x87,0x86,0x89},
        {0xBE,0x14,0x39,0x30,0x3A,0xB7,0x19,0x34,0xC9,0xDA,0xE7,0xFF,0xE7,0x20,0xC2,0xDD,0x35,0x49,0x56,0x69,0x9D,0x98,0x02,0x77,0xD8,0xB9,0xEA,0x98,0xED,0x80,0x55,0xDC},
    },
    {
        UINT32_C(31984),
        UINT64_C(0x63613E4AC257A955),
        UINT32_C(148),
        UINT32_C(228),
        {0xD2,0x09,0x69,0x81,0x1F,0x1B,0x89,0x3D,0x12,0x77,0x4C,0x71,0xA8,0x24,0x23,0x1B,0x50,0x1F,0x60,0xCA,0xCD,0x13,0xD6,0xEA,0x96,0x60,0x26,0xA6,0x79,0xEC,0xF8,0xC0},
        {0x39,0x81,0x4F,0x40,0x83,0xCA,0xB8,0x0A,0x62,0x8D,0xD6,0x7C,0xF5,0xEB,0x79,0x3C,0xFD,0x7B,0x22,0xF7,0x36,0xEA,0x7F,0x33,0xFE,0x1D,0xC2,0x7E,0x5A,0x5E,0x83,0x1F},
    },
    {
        UINT32_C(32030),
        UINT64_C(0x2FBCB293FBF7EB9A),
        UINT32_C(230),
        UINT32_C(130),
        {0x78,0x3A,0x1F,0xA4,0x8F,0xC3,0x0D,0x1B,0x1B,0x51,0x56,0x92,0x4E,0x29,0xEB,0x6A,0x89,0xA8,0x87,0xE8,0x30,0x3A,0xA7,0x4A,0x19,0xC3,0xAD,0xBC,0xC0,0x90,0xF3,0xE8},
        {0x81,0x0F,0xE0,0x1C,0x73,0x26,0xDA,0xB5,0xB0,0x85,0x83,0x03,0x4A,0x4D,0xCB,0xCF,0x31,0x88,0x69,0x62,0x6D,0xBC,0xD9,0x0B,0x68,0x44,0xF1,0x3D,0x44,0x07,0x12,0xB9},
    },
    {
        UINT32_C(32062),
        UINT64_C(0x111C7468E63EFC6B),
        UINT32_C(148),
        UINT32_C(228),
        {0x00,0xCE,0x50,0x4D,0x07,0xFD,0xA1,0xE3,0xE3,0x50,0x2E,0xD5,0x32,0xEE,0x78,0x4F,0xA7,0xF1,0xE2,0x5B,0xA8,0xF2,0x3C,0x36,0x1E,0x01,0x70,0x95,0x7B,0xD2,0x08,0x39},
        {0x6F,0x5A,0x35,0xD5,0x86,0x3D,0xE1,0xCA,0xD1,0xD9,0xB5,0xFE,0x4D,0x11,0x0A,0x3C,0xB0,0xD0,0x69,0x0D,0x87,0xB4,0xCF,0x50,0x97,0xC6,0x6A,0x48,0xF3,0x81,0x6F,0x3C},
    },
    {
        UINT32_C(32092),
        UINT64_C(0xFAE31A26509D6C6A),
        UINT32_C(340),
        UINT32_C(128),
        {0x0D,0x24,0x66,0x46,0xA0,0x11,0x1B,0x7D,0x61,0xB9,0x59,0xB4,0x53,0x21,0x35,0xC0,0x60,0xE0,0x34,0x79,0x78,0xC8,0x67,0xFE,0x28,0xEE,0xD0,0xB4,0x27,0x8E,0xC1,0x1E},
        {0xBC,0x5E,0x45,0x7B,0x77,0xDF,0xBD,0x16,0x2F,0xCB,0xE9,0x5C,0xDB,0x39,0x8D,0xE7,0x65,0x62,0x6A,0xD5,0xEC,0x03,0xE3,0xA2,0x7B,0x8E,0x8C,0x45,0xB8,0xC6,0x29,0x49},
    },
    {
        UINT32_C(32144),
        UINT64_C(0x1BF6A1E0F63DE719),
        UINT32_C(210),
        UINT32_C(123),
        {0x45,0xE0,0x51,0x71,0x8D,0x11,0x8C,0x4B,0x67,0xBD,0x0B,0xE9,0x79,0x86,0x7C,0xB5,0x0F,0x99,0x5D,0x4B,0x38,0x67,0xC9,0xED,0xA2,0x4F,0x5B,0xC1,0xBB,0x81,0x26,0x3A},
        {0x48,0x4D,0xEF,0x08,0x20,0xCE,0x94,0x83,0x73,0x6B,0x29,0x43,0xB9,0xC1,0x9E,0xFE,0xE3,0xE9,0x10,0xD3,0x6E,0x0E,0x87,0xEA,0xED,0x3E,0xA9,0xA0,0x0D,0xA8,0x4C,0x71},
    },
    {
        UINT32_C(32158),
        UINT64_C(0x9B29304067DA915C),
        UINT32_C(210),
        UINT32_C(123),
        {0x20,0x07,0xE8,0x3A,0xE7,0xB7,0x9C,0xB7,0xAA,0x98,0xA3,0x51,0xE2,0x3A,0xF2,0x2F,0xF6,0x5C,0xBF,0x60,0x87,0x20,0xF3,0xE6,0x39,0xF7,0xCC,0x90,0x5C,0xEB,0x97,0xE4},
        {0xE1,0x53,0xA4,0x56,0xAD,0x72,0xB4,0x12,0x4B,0x2D,0x74,0x96,0x84,0xB9,0xF9,0xA8,0x42,0xFF,0xAD,0xF3,0xFD,0xD4,0xF3,0xD2,0xF8,0xD5,0xC1,0x08,0xC7,0xE4,0x01,0x44},
    },
    {
        UINT32_C(32202),
        UINT64_C(0xD870A50944D0EA89),
        UINT32_C(148),
        UINT32_C(228),
        {0x19,0x89,0xC1,0x9C,0xBD,0x03,0xF3,0x4F,0x99,0x5F,0x28,0xAD,0x1F,0x84,0x43,0x43,0x7F,0x66,0xD3,0x2A,0xEA,0xAD,0x6F,0x83,0xF7,0xE2,0xF0,0x5A,0x7E,0xC2,0x6E,0x21},
        {0xC3,0x61,0x5F,0xEA,0x40,0xEB,0xA9,0x5A,0xF8,0x70,0xA1,0x19,0x88,0x24,0x10,0x32,0x27,0x78,0x55,0x8D,0x1A,0x30,0x1D,0xBD,0xD4,0x9F,0x15,0x63,0x68,0x4E,0xF0,0x98},
    },
    {
        UINT32_C(32240),
        UINT64_C(0xAB1A3D52CB824F79),
        UINT32_C(210),
        UINT32_C(123),
        {0x4B,0x2B,0xB4,0x85,0x14,0xE6,0x18,0xBF,0xBA,0xCC,0x93,0x61,0x44,0xF6,0xF9,0xC9,0x2E,0x5F,0xDA,0xC5,0xD2,0xF2,0x91,0x5D,0xD1,0xF1,0xB2,0xE6,0xB1,0x7B,0x24,0x12},
        {0xBA,0xD3,0x8A,0x3D,0x0E,0xBD,0x22,0x18,0x21,0x92,0xCB,0xFE,0x94,0xE0,0x34,0x32,0x73,0x52,0x57,0x1C,0xD6,0x45,0xE6,0x8E,0xD5,0x0A,0x14,0xCA,0x43,0x06,0xFF,0xC1},
    },
    {
        UINT32_C(32242),
        UINT64_C(0xB7FFBAB2BCB5E9F1),
        UINT32_C(148),
        UINT32_C(228),
        {0x84,0xA5,0x2C,0xED,0x89,0x51,0xFC,0xD6,0x0D,0xC1,0x60,0x34,0x3A,0x37,0x7D,0x12,0xCD,0xEF,0x87,0x4D,0x52,0x2E,0x40,0xBC,0x60,0xD1,0x6C,0x81,0x40,0x0A,0x78,0xA1},
        {0xD1,0x56,0x43,0x9D,0x84,0x04,0x12,0xD8,0x12,0x76,0xB9,0x15,0xD8,0xB4,0x3F,0xDE,0x1A,0x8E,0x54,0x5C,0x25,0x33,0xBB,0x09,0xFA,0xC6,0x4B,0x95,0xEC,0x1F,0x29,0x58},
    },
    {
        UINT32_C(32274),
        UINT64_C(0x1108F4FF9B8FD12D),
        UINT32_C(148),
        UINT32_C(228),
        {0x11,0x7F,0x33,0xCF,0xDA,0x62,0xE1,0x04,0xB0,0xCA,0xC0,0xED,0x71,0x1B,0x07,0x16,0x14,0x45,0xAF,0x78,0xFC,0x97,0x69,0xEE,0x44,0xFB,0x21,0xBC,0x63,0x6F,0xE4,0xA2},
        {0x25,0x0B,0xA8,0x92,0x64,0x2A,0xF0,0xE5,0x16,0xE9,0x9A,0x6B,0x05,0xBF,0x6B,0xE8,0x8C,0x7F,0x70,0x6F,0x2C,0x00,0x47,0x74,0x3B,0xA3,0x9B,0xBC,0x73,0xC2,0x63,0xD5},
    },
    {
        UINT32_C(32330),
        UINT64_C(0xB329D908831F7034),
        UINT32_C(230),
        UINT32_C(130),
        {0xF4,0x98,0xE3,0x1E,0x9E,0xB7,0x2D,0xCD,0x07,0xE0,0x5B,0xFF,0x69,0xA0,0xBA,0x1B,0x89,0xF0,0xC2,0x17,0x53,0xA5,0x7D,0xE5,0x04,0x57,0xF7,0xD5,0x83,0x5D,0x2D,0x3C},
        {0x5C,0x19,0x6A,0xA7,0x5D,0x6A,0x36,0xA3,0xA1,0x64,0x2B,0x1B,0x6D,0xF3,0xF0,0x63,0x26,0x24,0x8B,0x2F,0x82,0x83,0x38,0x41,0x3A,0xF1,0xE5,0x50,0x9E,0x6B,0x4A,0x60},
    },
    {
        UINT32_C(32362),
        UINT64_C(0x3D529F7AD3F9962E),
        UINT32_C(230),
        UINT32_C(130),
        {0xE9,0x15,0x08,0xE7,0x87,0x15,0x91,0x76,0x6B,0x89,0x84,0xD9,0x1E,0x3C,0xDF,0x02,0x0C,0xEF,0x9E,0x79,0x1D,0x1B,0xCA,0xEE,0x60,0x15,0x50,0xE6,0x49,0xAB,0xF8,0xF7},
        {0xC0,0xA9,0x24,0x47,0xD8,0xB2,0x7D,0x2F,0x05,0xB2,0x1C,0x53,0xA0,0x03,0xDD,0xF4,0x15,0x6E,0xDB,0x7B,0x16,0xA3,0x00,0x82,0x89,0xFB,0x8E,0x89,0x34,0x44,0x92,0x11},
    },
    {
        UINT32_C(32380),
        UINT64_C(0xB3D085F364D8C688),
        UINT32_C(230),
        UINT32_C(130),
        {0xD7,0x2C,0xC1,0xB7,0x9F,0x6F,0x36,0xF9,0xC2,0xA2,0x77,0x12,0xA8,0x95,0xD0,0x06,0x3B,0x91,0x4A,0x09,0x71,0xD0,0xC3,0xE0,0xAF,0x2C,0x86,0x38,0xDB,0x43,0xBB,0xEF},
        {0x13,0x89,0x7E,0x4B,0x6D,0x4F,0x83,0x25,0x4C,0x1F,0x3E,0xC6,0x54,0x62,0x6F,0x5B,0x6A,0x6C,0x53,0x2B,0x7B,0xE0,0x0A,0x3A,0x58,0x9E,0x5F,0xB2,0x9A,0x99,0xF2,0x00},
    },
    {
        UINT32_C(32382),
        UINT64_C(0xEAC21F1B89D76CA2),
        UINT32_C(148),
        UINT32_C(228),
        {0x26,0x29,0x86,0xD9,0xB7,0xC9,0x1D,0x56,0x2D,0x89,0x00,0x6E,0x2E,0xC6,0x71,0xEB,0x44,0x68,0x69,0x95,0x1A,0x5C,0x60,0x14,0x57,0x7B,0x20,0x11,0xE4,0xEA,0x5A,0x7C},
        {0x1C,0xC4,0x7C,0x36,0x81,0x4C,0x80,0x8E,0xCD,0x09,0x42,0xF7,0x7D,0xA5,0x1F,0x13,0xCB,0xAA,0xDE,0xE9,0xC9,0xB9,0x65,0xE0,0x63,0x6C,0x1B,0x8E,0xB5,0x04,0x20,0x7B},
    },
    {
        UINT32_C(32420),
        UINT64_C(0xBFB44FF2E7D7E773),
        UINT32_C(210),
        UINT32_C(123),
        {0xD2,0xA7,0x98,0xB9,0x0A,0x16,0xB6,0x11,0xAB,0x07,0x1F,0x6C,0xBD,0x26,0x08,0xEF,0x4A,0xC9,0x76,0x47,0xAB,0x13,0xBF,0x73,0x67,0xD6,0xD4,0xBD,0xB6,0x92,0x5A,0xF9},
        {0x8D,0x3D,0xDD,0x77,0x29,0x0C,0xA2,0xC2,0x9D,0x04,0x48,0xA6,0x61,0xAE,0xDF,0x3B,0x53,0x7F,0x32,0x23,0x69,0x01,0xC8,0xD3,0x19,0x4C,0x7B,0x97,0xA9,0x2B,0x73,0xF6},
    },
    {
        UINT32_C(32428),
        UINT64_C(0xDA000BAA347FBA33),
        UINT32_C(303),
        UINT32_C(210),
        {0x74,0xC2,0xED,0x9B,0xC4,0xF9,0x7C,0x59,0x2B,0x46,0x80,0xD2,0x34,0xAD,0xAF,0x1D,0x3A,0x96,0x21,0x8F,0x95,0x1F,0xE0,0x94,0xFF,0x5A,0xA9,0xDB,0x8A,0x19,0x49,0xD3},
        {0x93,0x1F,0x42,0xEC,0x12,0xDF,0x01,0x8A,0xB2,0xB4,0x16,0xA9,0x24,0x5E,0xF5,0xBF,0x34,0x37,0x92,0x9E,0xD9,0x93,0x77,0xDD,0xF7,0x93,0x3A,0xFF,0x2A,0xC8,0xB6,0xA9},
    },
    {
        UINT32_C(32444),
        UINT64_C(0x26ADCE11B8CDB9B8),
        UINT32_C(230),
        UINT32_C(130),
        {0x1E,0xD3,0xDC,0x94,0xBD,0xE8,0xBD,0x9F,0x5B,0xC4,0x17,0x9A,0x81,0xEE,0x64,0xA6,0x60,0xD3,0x38,0x3A,0x8B,0xCE,0x39,0x7D,0x5D,0xD0,0x0D,0x77,0xD6,0xF3,0x6F,0x6F},
        {0x1C,0x34,0xC9,0x0A,0x7C,0x73,0xCC,0x42,0x11,0xE9,0x98,0x92,0x35,0xB9,0xA8,0x49,0x9C,0x1F,0xFE,0x32,0x77,0x96,0x69,0xA1,0xF1,0x63,0xAE,0x4D,0x97,0x38,0x9C,0xCF},
    },
    {
        UINT32_C(32464),
        UINT64_C(0x8FBFCED7CD59BF67),
        UINT32_C(148),
        UINT32_C(228),
        {0x84,0xA5,0x2C,0xED,0x89,0x51,0xFC,0xD6,0x0D,0xC1,0x60,0x34,0x3A,0x37,0x7D,0x12,0xCD,0xEF,0x87,0x4D,0x52,0x2E,0x40,0xBC,0x60,0xD1,0x6C,0x81,0x40,0x0A,0x78,0xA1},
        {0xD1,0x56,0x43,0x9D,0x84,0x04,0x12,0xD8,0x12,0x76,0xB9,0x15,0xD8,0xB4,0x3F,0xDE,0x1A,0x8E,0x54,0x5C,0x25,0x33,0xBB,0x09,0xFA,0xC6,0x4B,0x95,0xEC,0x1F,0x29,0x58},
    },
    {
        UINT32_C(32474),
        UINT64_C(0x0CEEE74D609D8A91),
        UINT32_C(148),
        UINT32_C(228),
        {0x00,0x54,0x6D,0x37,0x4C,0x61,0xB2,0x60,0xA7,0x05,0x4B,0x10,0xEE,0x05,0x13,0x56,0xB2,0x2C,0xD0,0xF0,0xB3,0xEC,0x2E,0xCE,0x3D,0xD7,0x53,0x47,0x62,0x27,0xC1,0x87},
        {0xA4,0x67,0xA3,0x2B,0x03,0xE5,0xCF,0x97,0x2C,0x9A,0xAF,0xB6,0xA2,0xFD,0xE0,0xB1,0xB3,0xF9,0xA3,0x05,0x77,0x7E,0x52,0x3B,0xEA,0x8E,0xFF,0x44,0x02,0x75,0x76,0x61},
    },
    {
        UINT32_C(32566),
        UINT64_C(0x93568AC3CD81FA14),
        UINT32_C(210),
        UINT32_C(123),
        {0x14,0xA3,0x1F,0xFD,0x89,0x5A,0x61,0x59,0x0C,0xAF,0x0D,0x05,0x23,0x35,0x28,0x3F,0x87,0x9A,0x82,0x58,0x0A,0x0B,0x37,0xAA,0x69,0x3F,0xCB,0x0B,0xE2,0x60,0x04,0xDC},
        {0xC5,0x0F,0x30,0x8C,0xE2,0x81,0x1E,0x18,0xE6,0xF6,0x35,0x71,0x4C,0x7D,0xE1,0xD3,0xEF,0xD0,0x22,0x61,0xBD,0xA5,0x54,0xAB,0x40,0xEF,0xDD,0x42,0x43,0x03,0x29,0xD6},
    },
    {
        UINT32_C(32578),
        UINT64_C(0x2CB26B63566845FA),
        UINT32_C(230),
        UINT32_C(130),
        {0xD6,0x41,0x17,0xFC,0xCC,0xDD,0x35,0xED,0x61,0xB1,0x4B,0x1E,0xA0,0x0C,0xFB,0x5D,0x7B,0x76,0xC8,0xBF,0xB5,0x8A,0x0C,0x95,0x6E,0x71,0xD0,0x7C,0xAB,0x72,0xD3,0x06},
        {0x20,0x13,0x8F,0xFC,0x57,0x00,0x0C,0x83,0x7B,0x6E,0x13,0x60,0x40,0xB5,0xD8,0x61,0xA1,0x0C,0x8C,0xFB,0x7C,0xFF,0xEC,0xC7,0x77,0x4D,0xAB,0xD0,0xED,0xB1,0x72,0x10},
    },
    {
        UINT32_C(32602),
        UINT64_C(0x93649E6E615AF886),
        UINT32_C(210),
        UINT32_C(123),
        {0x2F,0xE1,0xE4,0xD6,0xA6,0x96,0x24,0x2B,0x0E,0x5C,0x30,0xC5,0xE5,0x74,0x67,0xB2,0x4D,0x6D,0x2F,0xB2,0xF9,0xB3,0x06,0x0C,0xFD,0x05,0xC0,0x33,0x8F,0x9A,0xD6,0x8C},
        {0x3F,0x98,0x7E,0xC5,0x7B,0x86,0x3D,0xB7,0x8D,0x38,0x80,0xBF,0xEC,0x17,0xFA,0xC4,0x7D,0x81,0xAE,0x6D,0xD6,0xCE,0xAF,0xCA,0xA5,0x9A,0x7A,0xDA,0x0A,0xF0,0xF7,0xFB},
    },
    {
        UINT32_C(32668),
        UINT64_C(0x87C7E466E8AB543F),
        UINT32_C(148),
        UINT32_C(228),
        {0xB1,0xD0,0x74,0x0B,0xE3,0xE0,0xF9,0xAE,0xBF,0x56,0xB8,0x43,0x33,0xC6,0xA0,0xBD,0x5D,0xDD,0xA5,0x18,0xE3,0x84,0x71,0xFA,0xF0,0xA1,0xDF,0x10,0xA1,0x35,0x36,0x0F},
        {0x18,0x5D,0xC9,0xA5,0x00,0x8C,0x70,0xCA,0x1C,0xF3,0xE0,0x6E,0x58,0xA2,0x57,0x38,0x45,0xF3,0xDB,0x07,0x6F,0xDF,0xE0,0x07,0x62,0x44,0x9B,0x97,0x76,0x22,0xF1,0xC2},
    },
    {
        UINT32_C(32674),
        UINT64_C(0xB7AA9ED924E17C92),
        UINT32_C(148),
        UINT32_C(228),
        {0x28,0x4E,0xFA,0x5C,0xA4,0x31,0x82,0xBC,0xD5,0x02,0xED,0xC5,0xA1,0x77,0xCE,0xF7,0xB4,0xDC,0x3E,0x6A,0x70,0xB4,0xD2,0xC5,0xEC,0xBF,0xDF,0xA9,0xE2,0x5A,0x64,0x76},
        {0xF1,0xA9,0xE9,0x84,0xBE,0x44,0x45,0x1F,0x7C,0x23,0x52,0xD8,0xFC,0x72,0xC9,0x3D,0x77,0xC0,0xBC,0xB4,0x71,0xE7,0x9F,0x7A,0xCB,0x33,0x3E,0xF8,0x3A,0x6F,0xDD,0xFA},
    },
    {
        UINT32_C(32686),
        UINT64_C(0xEA544B1D93818BAF),
        UINT32_C(148),
        UINT32_C(228),
        {0x5E,0x11,0x04,0x19,0xF8,0xD6,0xA1,0x33,0xDA,0xC7,0x08,0x58,0x9B,0x4D,0xF5,0x4B,0x2E,0x5D,0x59,0x53,0x97,0x33,0x72,0xFF,0x30,0x84,0x02,0x28,0xC8,0x41,0xDB,0x00},
        {0x49,0xCE,0x34,0x66,0x9F,0x08,0x7C,0x6C,0xD1,0xFF,0x7C,0x8E,0x7F,0x41,0xBA,0x4E,0x68,0xCD,0x62,0x6E,0x88,0x47,0xBF,0x96,0xB4,0x4E,0x0C,0x4C,0x06,0xB3,0xEF,0x3C},
    },
    {
        UINT32_C(32756),
        UINT64_C(0x8695BFD7DE995479),
        UINT32_C(148),
        UINT32_C(228),
        {0xFD,0xAA,0x98,0x00,0xC9,0x97,0x06,0x40,0x08,0x8F,0x4E,0x59,0x2E,0x12,0x05,0xC5,0x9C,0xB4,0x61,0xF0,0x12,0x8A,0xBA,0x4D,0x7C,0xAD,0x35,0x06,0x48,0xC7,0x5F,0xCE},
        {0xDC,0x63,0xFC,0x2C,0x19,0xFF,0xBA,0xF8,0xBD,0x38,0x8C,0x57,0xF1,0x2D,0xB6,0x4F,0x8F,0x5F,0x94,0x79,0x7C,0xA4,0x96,0x7A,0x00,0xDD,0xB5,0xA5,0xE2,0x63,0x6F,0xEB},
    },
    {
        UINT32_C(32784),
        UINT64_C(0xCE99FA030C356672),
        UINT32_C(148),
        UINT32_C(228),
        {0xD1,0x83,0x34,0xF4,0xBE,0x5A,0x11,0xCA,0x23,0x8D,0x03,0x0A,0xB6,0x99,0x07,0x0D,0x8C,0x64,0x06,0xC2,0x8A,0xF2,0x8C,0xE5,0x4A,0x74,0xA0,0x78,0x42,0x3A,0x7A,0x5E},
        {0x8A,0x7B,0xAE,0xA8,0x8B,0x44,0x1B,0xAC,0x5E,0x1A,0xA4,0x0D,0xB4,0x03,0x7C,0xBA,0xD9,0x35,0xA2,0x7C,0xF0,0xEF,0xFD,0x41,0x95,0x80,0x65,0x7A,0x36,0x65,0x1D,0xF0},
    },
    {
        UINT32_C(32792),
        UINT64_C(0xE3891DA26095660C),
        UINT32_C(210),
        UINT32_C(123),
        {0x18,0x57,0xEE,0xAB,0xC4,0xEA,0x93,0x93,0x4A,0x8B,0x7F,0x30,0x34,0xF8,0x10,0xFD,0x20,0x4C,0xA5,0xC5,0xB2,0x8D,0x21,0xAC,0x83,0x24,0x4F,0xF1,0x2B,0xB3,0x1E,0x74},
        {0xBB,0x40,0xE0,0x22,0xBA,0xE9,0x79,0x97,0x9A,0x42,0x74,0x36,0xEE,0x27,0x51,0x55,0x0A,0x44,0x04,0xC0,0xEC,0xE9,0x6A,0x2E,0x09,0x50,0x77,0x1F,0x86,0xDF,0xA0,0x2F},
    },
    {
        UINT32_C(32798),
        UINT64_C(0x8318757F05277E4E),
        UINT32_C(148),
        UINT32_C(228),
        {0x6E,0xA3,0x2B,0x3A,0x0A,0x64,0xF4,0x3B,0x5E,0x65,0x36,0x7C,0x45,0x93,0x00,0xAD,0x49,0xAB,0x63,0x43,0xD8,0x2C,0x77,0xE6,0x2F,0x93,0x8B,0xA5,0x02,0xAE,0xEC,0x48},
        {0x30,0x4B,0x1E,0xA2,0x7D,0x0E,0x83,0x7D,0x1D,0xD1,0xD0,0x51,0x54,0x32,0x6D,0xD2,0x0D,0xEC,0xC9,0xC1,0x0A,0x9A,0x30,0x73,0xB3,0x2F,0x83,0x35,0xFA,0x12,0xC6,0xA5},
    },
    {
        UINT32_C(32824),
        UINT64_C(0x920A3B0E47B73088),
        UINT32_C(148),
        UINT32_C(228),
        {0x80,0x02,0x1C,0xC4,0x4A,0x8C,0xBC,0xA9,0xD6,0x11,0xDE,0xEA,0xDB,0x5A,0x1C,0xE6,0x7D,0x39,0x6A,0x6A,0xAA,0x51,0x50,0xA8,0xBC,0x60,0xA5,0x04,0xF4,0xC3,0x71,0x93},
        {0x36,0xA9,0xC2,0x6F,0x86,0xE2,0x7D,0xC4,0xC6,0xCC,0x9E,0x08,0x9F,0xB1,0xB4,0xF5,0x59,0x92,0x14,0x37,0xC5,0xEC,0xB4,0xEB,0xA9,0xA8,0x95,0xD0,0x1F,0xEE,0x98,0x55},
    },
    {
        UINT32_C(32874),
        UINT64_C(0xA13A53B6875D7369),
        UINT32_C(148),
        UINT32_C(228),
        {0x95,0xDA,0x00,0x2D,0x74,0x10,0x44,0x20,0x2B,0x1B,0x00,0x25,0xC2,0x7C,0x3B,0x6E,0xCB,0xEA,0x2C,0x39,0xAF,0x85,0xC2,0x11,0x7B,0xE2,0x92,0xEC,0x53,0x65,0x1C,0x57},
        {0xC9,0xCF,0x59,0x52,0x3F,0xCD,0x23,0x06,0x14,0x7A,0x79,0xCE,0x2E,0xB6,0x87,0x63,0x3A,0xB9,0x60,0xA3,0x67,0x4D,0xAD,0x5C,0x1C,0xF3,0x44,0xAA,0x58,0xB6,0xA9,0x14},
    },
    {
        UINT32_C(32882),
        UINT64_C(0xF85B94B0ADE816D8),
        UINT32_C(210),
        UINT32_C(123),
        {0x05,0xCF,0x30,0x8D,0xAF,0x92,0x0A,0xD3,0xD8,0x32,0xD2,0xC1,0x56,0x53,0x15,0xBA,0x86,0xDB,0x7E,0x09,0x64,0x59,0x58,0xE5,0x61,0xB2,0x06,0xE3,0xB7,0x64,0x8F,0x7B},
        {0x09,0xEE,0xF8,0x29,0x5A,0x77,0x7A,0x6F,0xA0,0x6B,0xE6,0x30,0x97,0xEC,0x4A,0xFB,0xB3,0xCF,0x08,0x79,0x77,0x35,0x1D,0xD4,0xFC,0x96,0xD2,0xA7,0x94,0x65,0xAA,0x58},
    },
    {
        UINT32_C(32932),
        UINT64_C(0x8D293FEEE567F45D),
        UINT32_C(148),
        UINT32_C(228),
        {0x7F,0xE3,0x68,0x4B,0xCC,0xAF,0x13,0x87,0xEE,0x1C,0x00,0x5F,0x2A,0x05,0xF6,0x1F,0x0B,0x71,0x72,0x8C,0xAB,0xDB,0x9D,0x15,0xD7,0xC5,0xE4,0x3C,0xE1,0x83,0x4E,0x7F},
        {0x90,0x16,0x65,0x15,0x94,0xEC,0x33,0x95,0x93,0x05,0xB3,0x4D,0xBC,0xD0,0x54,0x8C,0xFB,0x9F,0xD3,0x17,0xA2,0xF1,0x15,0x34,0xDC,0x56,0x91,0xE3,0x8F,0xB9,0xC4,0x08},
    },
    {
        UINT32_C(32994),
        UINT64_C(0xE437D280F58D48E0),
        UINT32_C(148),
        UINT32_C(228),
        {0x79,0xD9,0x5F,0xAF,0x78,0x06,0x43,0xDE,0x4D,0xC0,0xAB,0x3E,0xE6,0x7B,0x3E,0x23,0xAE,0x87,0x9E,0xC7,0xA0,0x36,0x2D,0xA9,0xF4,0x4E,0x1B,0x2C,0x15,0x89,0x44,0x33},
        {0xC8,0xE3,0x42,0xB1,0x5F,0x64,0xDC,0x49,0x83,0x44,0xDD,0x7B,0x0E,0x68,0xEA,0x57,0xA5,0x95,0x92,0x41,0xA5,0x2F,0x37,0xD4,0x52,0xCC,0x23,0x7F,0x47,0xAA,0x1E,0x51},
    },
    {
        UINT32_C(33048),
        UINT64_C(0x981732B41D3E672F),
        UINT32_C(210),
        UINT32_C(123),
        {0xC3,0xC6,0x3F,0xE8,0x3C,0xF9,0xB0,0x3F,0x8A,0x47,0xC0,0x01,0x5C,0x34,0x53,0x61,0x0B,0x3E,0x69,0x1B,0xD0,0xF9,0x28,0x1F,0x8C,0xB5,0x19,0x7F,0x28,0x9B,0x70,0x31},
        {0x7A,0x67,0x2B,0x5E,0xF5,0xB7,0x8D,0x4F,0xF3,0xA0,0x59,0xBF,0xEA,0x98,0x76,0x56,0xED,0xB5,0x0F,0xF4,0x47,0xA4,0xB5,0xD2,0x00,0xCA,0x26,0x8C,0x6D,0xE3,0x5F,0x33},
    },
    {
        UINT32_C(33054),
        UINT64_C(0x1EFE594B77B3FC8C),
        UINT32_C(210),
        UINT32_C(123),
        {0xDB,0x3B,0xD7,0x7C,0x88,0x22,0xD1,0xFB,0xA2,0x45,0x56,0x8C,0x87,0x03,0xDA,0x70,0x48,0x22,0x0F,0x07,0xF1,0xCE,0x1A,0x1D,0x7D,0x20,0x2B,0x57,0x94,0x7E,0x60,0x59},
        {0x02,0xF5,0x94,0xA3,0xB6,0x4A,0x51,0x4D,0xE6,0x68,0x34,0xCE,0x5F,0xA6,0xE4,0x06,0xDA,0x0D,0x49,0x10,0xE8,0x3B,0xF2,0xBB,0x79,0xC0,0xCF,0x5E,0xBC,0x55,0x54,0xC3},
    },
    {
        UINT32_C(33098),
        UINT64_C(0x21D22BEFEE5CCAE2),
        UINT32_C(148),
        UINT32_C(228),
        {0x30,0xF1,0x50,0x5C,0x44,0x8D,0xAD,0x42,0x77,0x5F,0xDF,0xE3,0x26,0xA6,0x0E,0x78,0x7D,0x8A,0x03,0xB9,0x68,0xC7,0x8E,0xB1,0x5C,0x53,0x44,0x0F,0x0F,0xE6,0xFA,0x96},
        {0xD2,0x6B,0xFF,0xF9,0x0C,0x9C,0xF3,0x1F,0x67,0xE6,0xA8,0x7B,0xF5,0x2E,0x12,0x1F,0xED,0x68,0xBA,0x0D,0x31,0xE8,0x35,0x7D,0x2E,0x9B,0x53,0x08,0x83,0x85,0x7C,0x21},
    },
    {
        UINT32_C(33132),
        UINT64_C(0xDC1301CA013CC90C),
        UINT32_C(148),
        UINT32_C(228),
        {0x90,0xB9,0x5A,0x1C,0x2F,0x84,0xD4,0x23,0x7B,0x40,0xBA,0xAF,0xDA,0xA1,0xEE,0xC0,0x1E,0x69,0x76,0x92,0x59,0x36,0xE8,0x76,0xE4,0x8F,0x58,0x33,0x33,0xCB,0x2C,0x69},
        {0xA2,0xDF,0xA0,0x87,0x95,0xB7,0x47,0x4A,0x7F,0xC2,0x46,0xD8,0xDE,0x06,0xA3,0xF6,0xB3,0xEC,0x83,0xB2,0xEE,0x9F,0xE7,0xA5,0x8F,0x8E,0x40,0x2E,0x7B,0x3D,0x45,0x0C},
    },
    {
        UINT32_C(33132),
        UINT64_C(0xEDEDCBDA9EF10842),
        UINT32_C(148),
        UINT32_C(228),
        {0x70,0xCE,0xC7,0xEC,0xF6,0xAB,0x2C,0xAA,0xE4,0xB2,0x37,0xDA,0x4E,0xF6,0xB2,0x02,0x41,0x1B,0xED,0xA3,0xA3,0x64,0x7C,0x6A,0xCB,0x21,0x9B,0x85,0x0D,0x6B,0xEC,0x80},
        {0xE6,0xA2,0xA3,0x60,0xCE,0xE9,0xEE,0x7B,0x7D,0x13,0x2C,0x64,0xE5,0x98,0x40,0x35,0x5A,0x53,0x7D,0x8D,0xC9,0x81,0xA3,0xE8,0xB5,0xCD,0x73,0x96,0xC4,0xC2,0x12,0x76},
    },
    {
        UINT32_C(33182),
        UINT64_C(0xC2762814F67279B2),
        UINT32_C(210),
        UINT32_C(123),
        {0xC4,0x01,0x80,0xFE,0xCF,0xE8,0x6C,0xB5,0x64,0xB2,0x99,0xC9,0xFB,0x08,0xF1,0x92,0x0D,0x30,0xB6,0x0C,0xA0,0xB5,0x65,0x73,0xBD,0xA7,0x42,0x6B,0xEF,0xE9,0x63,0xD6},
        {0x19,0xE3,0x92,0x0F,0x3D,0x48,0xDC,0x1C,0x00,0x4C,0x3A,0x41,0x90,0xF1,0xCD,0x40,0xB0,0x1D,0x1E,0xDC,0xE7,0x13,0x64,0x24,0xEA,0x28,0xAD,0x3D,0xBE,0x1C,0x75,0xA9},
    },
    {
        UINT32_C(33206),
        UINT64_C(0xAAFC6485AEDDB7FD),
        UINT32_C(230),
        UINT32_C(130),
        {0x30,0xFB,0xF0,0xC0,0xB3,0xCE,0xA4,0x24,0xBF,0x4E,0x9F,0x06,0x7A,0x38,0xBE,0x41,0x15,0x3A,0xF4,0x96,0x40,0x3A,0x3C,0x78,0xCB,0xB3,0x02,0x35,0xDD,0x44,0x31,0xF4},
        {0x7C,0x93,0xCE,0x1E,0x25,0x2B,0xA7,0xC6,0xF3,0x91,0x96,0xB5,0xD2,0xA6,0xC8,0x3E,0x0B,0x58,0x21,0xF0,0xDB,0x39,0x07,0xD2,0x5A,0x23,0x51,0x75,0xEE,0x7C,0x73,0xBF},
    },
    {
        UINT32_C(33236),
        UINT64_C(0x8A429D75094D3C36),
        UINT32_C(148),
        UINT32_C(228),
        {0xE0,0x15,0xFE,0x60,0x3E,0x4A,0x27,0x05,0x57,0xA8,0x42,0x9D,0x96,0xD1,0x9C,0x7F,0x23,0xF2,0x21,0xAD,0xB9,0x2E,0xBD,0xAB,0x15,0x22,0xAF,0x1F,0x6A,0x94,0xA1,0x94},
        {0xF0,0x76,0x25,0xAC,0x47,0xC6,0xF4,0xC4,0xBF,0x56,0x10,0x16,0x3A,0xD1,0x34,0x7C,0x6D,0x57,0xAE,0xD9,0x1A,0x5B,0x59,0x9A,0x2C,0x94,0x9F,0x31,0x71,0x9F,0x28,0xC4},
    },
    {
        UINT32_C(33238),
        UINT64_C(0x1904AB564A97FD3D),
        UINT32_C(148),
        UINT32_C(228),
        {0x85,0x74,0xC5,0xA3,0x24,0x0F,0x46,0x95,0xC5,0xE0,0x54,0x4D,0x1C,0x60,0x0C,0xFC,0xB1,0x80,0x55,0x69,0x2B,0x82,0x61,0x34,0x0F,0x1B,0x6C,0xDB,0xC9,0x47,0x27,0x24},
        {0xFA,0xD0,0xCF,0xF5,0xFC,0xD1,0xDA,0x52,0x0D,0x61,0x1D,0x6B,0x49,0x97,0x96,0x98,0x27,0xA4,0xAA,0xB5,0xA3,0x4A,0xBB,0x71,0x7F,0xA5,0x5B,0xD1,0x13,0x06,0x54,0xF7},
    },
    {
        UINT32_C(33244),
        UINT64_C(0x388BD35E5DCACBE7),
        UINT32_C(148),
        UINT32_C(228),
        {0x9E,0xAB,0x4B,0x71,0xC2,0xA0,0x9E,0x1C,0xFD,0x5C,0x2B,0x67,0xEB,0xF2,0xC8,0x1A,0x49,0x66,0x48,0x48,0x9A,0x75,0x1A,0xA6,0x4B,0x4E,0x63,0xF6,0x82,0xFD,0xB9,0xA0},
        {0x79,0x76,0xF2,0xBC,0x02,0x0B,0xB6,0x2B,0xC8,0x71,0x42,0x70,0xAE,0x5F,0xF1,0x38,0x1E,0xCC,0xFA,0xCB,0xAC,0xBE,0x7D,0xCF,0x39,0x1F,0x90,0x58,0xEE,0x1D,0x60,0xA2},
    },
    {
        UINT32_C(33318),
        UINT64_C(0x0918F6040CDD7AD9),
        UINT32_C(210),
        UINT32_C(123),
        {0x14,0xA3,0x1F,0xFD,0x89,0x5A,0x61,0x59,0x0C,0xAF,0x0D,0x05,0x23,0x35,0x28,0x3F,0x87,0x9A,0x82,0x58,0x0A,0x0B,0x37,0xAA,0x69,0x3F,0xCB,0x0B,0xE2,0x60,0x04,0xDC},
        {0xC5,0x0F,0x30,0x8C,0xE2,0x81,0x1E,0x18,0xE6,0xF6,0x35,0x71,0x4C,0x7D,0xE1,0xD3,0xEF,0xD0,0x22,0x61,0xBD,0xA5,0x54,0xAB,0x40,0xEF,0xDD,0x42,0x43,0x03,0x29,0xD6},
    },
    {
        UINT32_C(33418),
        UINT64_C(0x55D813CD248C400F),
        UINT32_C(210),
        UINT32_C(123),
        {0xB3,0x8B,0x98,0x9E,0x31,0xC0,0x19,0x1C,0xD4,0xC3,0xD8,0xF7,0x60,0x66,0xC7,0x4B,0x86,0xAE,0x4E,0xBC,0xED,0x24,0x77,0x58,0xCA,0x21,0xA0,0x5A,0x20,0xC2,0x26,0x72},
        {0x7B,0x39,0xB5,0x28,0x1C,0x6F,0x96,0x80,0x7B,0xCC,0x84,0xE9,0x03,0xC6,0x9E,0x9C,0x4B,0x69,0x28,0x26,0xE4,0xE2,0x2B,0xB5,0x13,0xAE,0xCC,0x22,0x6D,0x11,0xA3,0x96},
    },
    {
        UINT32_C(33424),
        UINT64_C(0x69B3DDE318A609CF),
        UINT32_C(210),
        UINT32_C(123),
        {0x06,0x3E,0xFF,0xE8,0x1B,0x53,0x81,0xD7,0x01,0xB6,0xBD,0x48,0x2D,0xE9,0x98,0xC7,0xE2,0xF1,0x8D,0x7E,0x8E,0xF0,0xE5,0xFF,0x3C,0x75,0xE8,0xE3,0x06,0x95,0xD0,0x6C},
        {0x55,0xAC,0xAC,0x06,0x5A,0x1D,0xEB,0x25,0x4C,0xF4,0xF0,0x16,0x02,0x16,0x5D,0x8F,0x49,0xAA,0x9B,0xA2,0x78,0xAC,0x36,0xB3,0xC0,0x27,0xE3,0x5A,0xF6,0xBE,0x92,0xAF},
    },
    {
        UINT32_C(33430),
        UINT64_C(0xDD7D3A3CBEBD0EE5),
        UINT32_C(148),
        UINT32_C(228),
        {0x49,0x01,0x76,0xAD,0x17,0xF8,0xE0,0x48,0x14,0x9E,0x94,0x1E,0xA3,0xEB,0x24,0xAD,0x1C,0x03,0xEC,0xE2,0xC2,0xD8,0x3E,0x89,0x3B,0x7B,0xA7,0x2E,0x10,0x6B,0x93,0x90},
        {0x45,0xA6,0xD5,0x76,0x17,0x04,0x72,0xD7,0x99,0xED,0x21,0xB6,0xCE,0x55,0x76,0x52,0xF1,0xB9,0x55,0xF9,0x1E,0x77,0x76,0x84,0x8B,0x6E,0x63,0xFF,0x24,0x2B,0xB1,0xF1},
    },
    {
        UINT32_C(33442),
        UINT64_C(0x1E8F425558E6D579),
        UINT32_C(148),
        UINT32_C(228),
        {0xF8,0xEA,0xAE,0x1B,0x68,0xE1,0xD6,0x93,0xC4,0xFB,0xBB,0x2F,0x36,0x45,0xA7,0xC4,0x2D,0x7F,0x03,0xEF,0x13,0x41,0x00,0x2A,0x54,0x0E,0x1D,0x86,0x6B,0x2C,0x54,0xB9},
        {0x25,0xDF,0x3E,0x04,0x69,0x30,0x4D,0x3F,0xFF,0x2A,0xD3,0x29,0x44,0x64,0x9F,0x25,0x6A,0x7C,0x60,0xF8,0xED,0x74,0xF3,0xE9,0xB6,0xEE,0xA7,0x8B,0xC8,0xD4,0xF0,0x44},
    },
    {
        UINT32_C(33452),
        UINT64_C(0x097C6857BC378AC0),
        UINT32_C(230),
        UINT32_C(130),
        {0x5F,0x69,0xED,0x7D,0x38,0x25,0xAC,0x82,0xD2,0x7D,0x12,0xE5,0xB7,0x24,0x49,0x73,0xF7,0x1C,0x4A,0x37,0x35,0x20,0x00,0xB9,0x5C,0xB0,0xC8,0xF9,0xAC,0x44,0x59,0x76},
        {0xE5,0x71,0x08,0x5F,0xC9,0x33,0xDB,0x52,0x06,0xA3,0x4E,0xE8,0xA6,0xC3,0xF1,0x88,0xD9,0x3A,0x9B,0x5F,0x84,0x30,0xDB,0xE6,0x01,0xC4,0x2D,0x53,0x5C,0x2A,0x2F,0x86},
    },
    {
        UINT32_C(33454),
        UINT64_C(0xDAE946A6A0A7B3E5),
        UINT32_C(230),
        UINT32_C(130),
        {0xD6,0x41,0x17,0xFC,0xCC,0xDD,0x35,0xED,0x61,0xB1,0x4B,0x1E,0xA0,0x0C,0xFB,0x5D,0x7B,0x76,0xC8,0xBF,0xB5,0x8A,0x0C,0x95,0x6E,0x71,0xD0,0x7C,0xAB,0x72,0xD3,0x06},
        {0x20,0x13,0x8F,0xFC,0x57,0x00,0x0C,0x83,0x7B,0x6E,0x13,0x60,0x40,0xB5,0xD8,0x61,0xA1,0x0C,0x8C,0xFB,0x7C,0xFF,0xEC,0xC7,0x77,0x4D,0xAB,0xD0,0xED,0xB1,0x72,0x10},
    },
    {
        UINT32_C(33524),
        UINT64_C(0x127E32F07D2AF471),
        UINT32_C(148),
        UINT32_C(228),
        {0x00,0xCE,0x50,0x4D,0x07,0xFD,0xA1,0xE3,0xE3,0x50,0x2E,0xD5,0x32,0xEE,0x78,0x4F,0xA7,0xF1,0xE2,0x5B,0xA8,0xF2,0x3C,0x36,0x1E,0x01,0x70,0x95,0x7B,0xD2,0x08,0x39},
        {0x6F,0x5A,0x35,0xD5,0x86,0x3D,0xE1,0xCA,0xD1,0xD9,0xB5,0xFE,0x4D,0x11,0x0A,0x3C,0xB0,0xD0,0x69,0x0D,0x87,0xB4,0xCF,0x50,0x97,0xC6,0x6A,0x48,0xF3,0x81,0x6F,0x3C},
    },
    {
        UINT32_C(33554),
        UINT64_C(0x02D8642BB97F6DAF),
        UINT32_C(148),
        UINT32_C(228),
        {0x9E,0xAB,0x4B,0x71,0xC2,0xA0,0x9E,0x1C,0xFD,0x5C,0x2B,0x67,0xEB,0xF2,0xC8,0x1A,0x49,0x66,0x48,0x48,0x9A,0x75,0x1A,0xA6,0x4B,0x4E,0x63,0xF6,0x82,0xFD,0xB9,0xA0},
        {0x79,0x76,0xF2,0xBC,0x02,0x0B,0xB6,0x2B,0xC8,0x71,0x42,0x70,0xAE,0x5F,0xF1,0x38,0x1E,0xCC,0xFA,0xCB,0xAC,0xBE,0x7D,0xCF,0x39,0x1F,0x90,0x58,0xEE,0x1D,0x60,0xA2},
    },
    {
        UINT32_C(33576),
        UINT64_C(0xA7E2241AB0831AFF),
        UINT32_C(148),
        UINT32_C(228),
        {0xD1,0x83,0x34,0xF4,0xBE,0x5A,0x11,0xCA,0x23,0x8D,0x03,0x0A,0xB6,0x99,0x07,0x0D,0x8C,0x64,0x06,0xC2,0x8A,0xF2,0x8C,0xE5,0x4A,0x74,0xA0,0x78,0x42,0x3A,0x7A,0x5E},
        {0x8A,0x7B,0xAE,0xA8,0x8B,0x44,0x1B,0xAC,0x5E,0x1A,0xA4,0x0D,0xB4,0x03,0x7C,0xBA,0xD9,0x35,0xA2,0x7C,0xF0,0xEF,0xFD,0x41,0x95,0x80,0x65,0x7A,0x36,0x65,0x1D,0xF0},
    },
    {
        UINT32_C(33610),
        UINT64_C(0xD6308DF4813972AC),
        UINT32_C(148),
        UINT32_C(228),
        {0xF8,0xEA,0xAE,0x1B,0x68,0xE1,0xD6,0x93,0xC4,0xFB,0xBB,0x2F,0x36,0x45,0xA7,0xC4,0x2D,0x7F,0x03,0xEF,0x13,0x41,0x00,0x2A,0x54,0x0E,0x1D,0x86,0x6B,0x2C,0x54,0xB9},
        {0x25,0xDF,0x3E,0x04,0x69,0x30,0x4D,0x3F,0xFF,0x2A,0xD3,0x29,0x44,0x64,0x9F,0x25,0x6A,0x7C,0x60,0xF8,0xED,0x74,0xF3,0xE9,0xB6,0xEE,0xA7,0x8B,0xC8,0xD4,0xF0,0x44},
    },
    {
        UINT32_C(33644),
        UINT64_C(0xF5A325AE7891012E),
        UINT32_C(210),
        UINT32_C(123),
        {0xB3,0x8B,0x98,0x9E,0x31,0xC0,0x19,0x1C,0xD4,0xC3,0xD8,0xF7,0x60,0x66,0xC7,0x4B,0x86,0xAE,0x4E,0xBC,0xED,0x24,0x77,0x58,0xCA,0x21,0xA0,0x5A,0x20,0xC2,0x26,0x72},
        {0x7B,0x39,0xB5,0x28,0x1C,0x6F,0x96,0x80,0x7B,0xCC,0x84,0xE9,0x03,0xC6,0x9E,0x9C,0x4B,0x69,0x28,0x26,0xE4,0xE2,0x2B,0xB5,0x13,0xAE,0xCC,0x22,0x6D,0x11,0xA3,0x96},
    },
    {
        UINT32_C(33690),
        UINT64_C(0x0BF6077C967E9873),
        UINT32_C(148),
        UINT32_C(228),
        {0x7F,0xE3,0x68,0x4B,0xCC,0xAF,0x13,0x87,0xEE,0x1C,0x00,0x5F,0x2A,0x05,0xF6,0x1F,0x0B,0x71,0x72,0x8C,0xAB,0xDB,0x9D,0x15,0xD7,0xC5,0xE4,0x3C,0xE1,0x83,0x4E,0x7F},
        {0x90,0x16,0x65,0x15,0x94,0xEC,0x33,0x95,0x93,0x05,0xB3,0x4D,0xBC,0xD0,0x54,0x8C,0xFB,0x9F,0xD3,0x17,0xA2,0xF1,0x15,0x34,0xDC,0x56,0x91,0xE3,0x8F,0xB9,0xC4,0x08},
    },
    {
        UINT32_C(33714),
        UINT64_C(0x23B82CA17FD6759C),
        UINT32_C(210),
        UINT32_C(123),
        {0xD2,0x74,0x7B,0xAE,0xF2,0x7C,0x8C,0x8C,0x5C,0x59,0x25,0x7D,0x80,0x4E,0xBB,0x45,0x8D,0x0D,0x37,0x45,0x7A,0x3B,0x5F,0xAA,0xE2,0xC8,0xC2,0x1E,0x53,0x6C,0x5C,0xA1},
        {0xAA,0x2A,0x17,0x34,0x9F,0xB5,0x13,0xA8,0xED,0x78,0xEB,0xC7,0xB0,0x05,0x43,0xC4,0x01,0x5B,0x6C,0xB4,0xB1,0xC5,0x64,0x37,0x89,0x7B,0x86,0x36,0xDF,0x72,0x0F,0xEF},
    },
    {
        UINT32_C(33718),
        UINT64_C(0x02D50EE29638EDBF),
        UINT32_C(148),
        UINT32_C(228),
        {0x6E,0xA3,0x2B,0x3A,0x0A,0x64,0xF4,0x3B,0x5E,0x65,0x36,0x7C,0x45,0x93,0x00,0xAD,0x49,0xAB,0x63,0x43,0xD8,0x2C,0x77,0xE6,0x2F,0x93,0x8B,0xA5,0x02,0xAE,0xEC,0x48},
        {0x30,0x4B,0x1E,0xA2,0x7D,0x0E,0x83,0x7D,0x1D,0xD1,0xD0,0x51,0x54,0x32,0x6D,0xD2,0x0D,0xEC,0xC9,0xC1,0x0A,0x9A,0x30,0x73,0xB3,0x2F,0x83,0x35,0xFA,0x12,0xC6,0xA5},
    },
    {
        UINT32_C(33746),
        UINT64_C(0x7E7AECA8740FFE19),
        UINT32_C(148),
        UINT32_C(228),
        {0xB1,0xD0,0x74,0x0B,0xE3,0xE0,0xF9,0xAE,0xBF,0x56,0xB8,0x43,0x33,0xC6,0xA0,0xBD,0x5D,0xDD,0xA5,0x18,0xE3,0x84,0x71,0xFA,0xF0,0xA1,0xDF,0x10,0xA1,0x35,0x36,0x0F},
        {0x18,0x5D,0xC9,0xA5,0x00,0x8C,0x70,0xCA,0x1C,0xF3,0xE0,0x6E,0x58,0xA2,0x57,0x38,0x45,0xF3,0xDB,0x07,0x6F,0xDF,0xE0,0x07,0x62,0x44,0x9B,0x97,0x76,0x22,0xF1,0xC2},
    },
    {
        UINT32_C(33770),
        UINT64_C(0xE3D4AFB4211EDE75),
        UINT32_C(148),
        UINT32_C(228),
        {0x38,0xBB,0xAA,0x50,0x51,0xDD,0x80,0x82,0x06,0x72,0x1C,0xF5,0x4B,0xE0,0xE1,0xF3,0xB3,0x7A,0x7C,0xBB,0x1F,0xB8,0x9E,0x14,0xA6,0x38,0x3A,0x73,0xD7,0xE6,0xAE,0x0D},
        {0x69,0x22,0xD9,0xF6,0x42,0xDE,0x5D,0x38,0x15,0x5C,0xCB,0x30,0x06,0xA6,0xA0,0xBE,0x96,0xF3,0x5C,0x9B,0x7D,0x62,0xE8,0xDB,0x55,0x3D,0xE3,0xE4,0x83,0x06,0xA0,0xA0},
    },
    {
        UINT32_C(33804),
        UINT64_C(0xD9B18DADDA4EC8DF),
        UINT32_C(148),
        UINT32_C(228),
        {0x34,0x6B,0x9D,0xF3,0xC2,0xF9,0x8F,0x98,0xF9,0x9E,0xE4,0x1A,0x97,0x51,0x90,0xFB,0xCC,0x54,0xA4,0xB6,0xB6,0x1D,0x7D,0xC9,0x14,0x59,0x6E,0x0D,0x9B,0x3E,0x30,0xC5},
        {0x88,0xA3,0xDA,0x48,0x79,0x66,0x33,0x5A,0x6E,0x39,0x64,0x67,0xEA,0x13,0xB0,0x67,0x91,0x35,0x9E,0x3B,0x20,0xEC,0x20,0xAF,0x9D,0x86,0x09,0xC9,0x97,0xFE,0x9C,0xBC},
    },
    {
        UINT32_C(33806),
        UINT64_C(0x885B8AEAF2F058C0),
        UINT32_C(210),
        UINT32_C(123),
        {0x05,0xCF,0x30,0x8D,0xAF,0x92,0x0A,0xD3,0xD8,0x32,0xD2,0xC1,0x56,0x53,0x15,0xBA,0x86,0xDB,0x7E,0x09,0x64,0x59,0x58,0xE5,0x61,0xB2,0x06,0xE3,0xB7,0x64,0x8F,0x7B},
        {0x09,0xEE,0xF8,0x29,0x5A,0x77,0x7A,0x6F,0xA0,0x6B,0xE6,0x30,0x97,0xEC,0x4A,0xFB,0xB3,0xCF,0x08,0x79,0x77,0x35,0x1D,0xD4,0xFC,0x96,0xD2,0xA7,0x94,0x65,0xAA,0x58},
    },
    {
        UINT32_C(33824),
        UINT64_C(0x0E4B35F6380CDD07),
        UINT32_C(148),
        UINT32_C(228),
        {0x90,0xB9,0x5A,0x1C,0x2F,0x84,0xD4,0x23,0x7B,0x40,0xBA,0xAF,0xDA,0xA1,0xEE,0xC0,0x1E,0x69,0x76,0x92,0x59,0x36,0xE8,0x76,0xE4,0x8F,0x58,0x33,0x33,0xCB,0x2C,0x69},
        {0xA2,0xDF,0xA0,0x87,0x95,0xB7,0x47,0x4A,0x7F,0xC2,0x46,0xD8,0xDE,0x06,0xA3,0xF6,0xB3,0xEC,0x83,0xB2,0xEE,0x9F,0xE7,0xA5,0x8F,0x8E,0x40,0x2E,0x7B,0x3D,0x45,0x0C},
    },
    {
        UINT32_C(33940),
        UINT64_C(0x01346FC8CAD43A73),
        UINT32_C(230),
        UINT32_C(130),
        {0x68,0xC4,0x2C,0xAD,0x57,0xC2,0xE9,0xFD,0x32,0x90,0x87,0x0C,0x9C,0xBA,0xE5,0xB7,0xF6,0x04,0xF8,0x60,0xC6,0xA3,0x26,0x37,0x04,0x4F,0x51,0x84,0x70,0x6E,0x36,0x21},
        {0xCB,0x61,0x42,0x0B,0x9A,0xD3,0x88,0x32,0xF8,0x06,0xAA,0x3A,0x51,0xC3,0xCE,0x81,0x2A,0x56,0x2B,0x82,0x25,0x51,0x23,0x3E,0x9C,0xFF,0x22,0xCC,0xA7,0xA8,0x93,0xDA},
    },
    {
        UINT32_C(33984),
        UINT64_C(0x7EC2C39A098588D3),
        UINT32_C(148),
        UINT32_C(228),
        {0x46,0xCA,0x67,0x61,0xBD,0xD9,0x8A,0x9C,0x7D,0x42,0x30,0x96,0xAB,0x47,0xF4,0xFC,0x04,0x0B,0x6F,0x34,0x9A,0x84,0xC3,0xF4,0x3F,0xE5,0xE5,0x52,0x16,0x8B,0xE8,0xF2},
        {0x46,0x73,0x4A,0xE5,0x02,0x56,0xDD,0xDF,0x2D,0x13,0xE7,0xE7,0x2E,0xB8,0x56,0xF7,0x20,0x63,0xF5,0xAE,0x3C,0xEB,0xB0,0x31,0xDD,0xF4,0xF7,0xC8,0xE7,0x65,0xE4,0x59},
    },
    {
        UINT32_C(34010),
        UINT64_C(0x423DC9D8DF2C8449),
        UINT32_C(148),
        UINT32_C(228),
        {0xE0,0x15,0xFE,0x60,0x3E,0x4A,0x27,0x05,0x57,0xA8,0x42,0x9D,0x96,0xD1,0x9C,0x7F,0x23,0xF2,0x21,0xAD,0xB9,0x2E,0xBD,0xAB,0x15,0x22,0xAF,0x1F,0x6A,0x94,0xA1,0x94},
        {0xF0,0x76,0x25,0xAC,0x47,0xC6,0xF4,0xC4,0xBF,0x56,0x10,0x16,0x3A,0xD1,0x34,0x7C,0x6D,0x57,0xAE,0xD9,0x1A,0x5B,0x59,0x9A,0x2C,0x94,0x9F,0x31,0x71,0x9F,0x28,0xC4},
    },
    {
        UINT32_C(34018),
        UINT64_C(0xFF9A557E6D2CF3DF),
        UINT32_C(148),
        UINT32_C(228),
        {0xA3,0x58,0x8F,0xEB,0x0F,0x42,0xC2,0x2F,0x33,0xDE,0x14,0xEC,0x98,0x16,0x52,0x26,0xD2,0x41,0x4C,0xD2,0x1A,0xF7,0x92,0x03,0xA9,0xEA,0x50,0xD2,0x1D,0xD0,0x1A,0x16},
        {0x17,0x61,0xC6,0xB6,0xC1,0x20,0x58,0x22,0xEE,0x67,0x9A,0x99,0x9B,0xD7,0xCE,0xC4,0xC5,0x9D,0x3C,0x57,0x63,0xE7,0x62,0x50,0x24,0x19,0x88,0x38,0xFA,0x52,0x4D,0xCA},
    },
    {
        UINT32_C(34094),
        UINT64_C(0x7331F57F7F0D67D1),
        UINT32_C(1302),
        UINT32_C(985),
        {0x5E,0xCB,0x5E,0x67,0xE8,0x7A,0xBB,0x0C,0xD1,0x3B,0x39,0x01,0xEF,0x13,0x96,0x5C,0x93,0xEB,0x49,0x6F,0x68,0x5E,0xE8,0x38,0x13,0x66,0xD0,0x7A,0xE4,0x01,0xA3,0xC5},
        {0xC4,0x33,0x9F,0x85,0x88,0x55,0x52,0x78,0xC5,0x0F,0x15,0x7F,0xA7,0xB9,0x43,0x07,0xA2,0x35,0x8D,0xA9,0x25,0x13,0x07,0xCD,0xFC,0xD2,0x39,0xDC,0xDA,0xEE,0x37,0x38},
    },
    {
        UINT32_C(34178),
        UINT64_C(0xA3245FDC561660A1),
        UINT32_C(148),
        UINT32_C(228),
        {0x95,0x8A,0x54,0x9B,0x7F,0x4F,0x5B,0xEE,0x0F,0x33,0xBE,0x10,0xE4,0xD5,0xCC,0x29,0x14,0x51,0xB3,0x29,0x8D,0x83,0xEC,0x29,0xB5,0x84,0x6F,0x08,0x18,0xFA,0x4B,0xA8},
        {0x15,0x83,0xFD,0x76,0x25,0x03,0x6E,0x05,0xC0,0x9F,0x77,0xC4,0x0E,0xC8,0x45,0x6F,0xE1,0x42,0x61,0x5C,0x86,0xC8,0xC3,0xE3,0x34,0x7F,0x0C,0xA9,0xA4,0x72,0x29,0x22},
    },
    {
        UINT32_C(34244),
        UINT64_C(0xA6FD79F71887AF97),
        UINT32_C(148),
        UINT32_C(228),
        {0xFF,0xBC,0x05,0xB7,0x6F,0x0B,0xD1,0xF8,0x5E,0x45,0xDA,0x4E,0x90,0x31,0x37,0xE2,0x2E,0xB5,0x73,0x1D,0x0C,0x06,0x79,0xEE,0x77,0x98,0xB8,0x10,0xEA,0x39,0x58,0xE4},
        {0x3D,0xB4,0x91,0x19,0xDF,0x2E,0x19,0xD0,0xE9,0x13,0x4A,0x68,0x47,0x80,0x1F,0xA4,0x07,0xDA,0x2D,0x81,0x38,0x51,0x33,0x32,0x14,0x63,0xF7,0xD1,0xC9,0x5A,0x2A,0xD4},
    },
    {
        UINT32_C(34288),
        UINT64_C(0x7E34FF73E4EE26F5),
        UINT32_C(230),
        UINT32_C(130),
        {0x4F,0xE6,0xFE,0x29,0x5C,0x78,0xC4,0x95,0x3E,0x9E,0x8D,0x3C,0x15,0xD3,0x9F,0xA3,0xA7,0x21,0xF6,0x42,0x5B,0xEE,0xEB,0x25,0x40,0x5C,0x7E,0xC2,0x72,0x61,0xBC,0xC6},
        {0x9E,0xD5,0x81,0x47,0x6E,0x7D,0x3B,0x57,0x27,0xFE,0x07,0xA3,0xB2,0xA2,0xE7,0x5F,0xAE,0xFC,0x5F,0x0C,0xB9,0xE4,0x79,0xF4,0x07,0x00,0xB3,0x37,0x92,0xE2,0x8D,0x05},
    },
    {
        UINT32_C(34316),
        UINT64_C(0x5C0A480F8F50AE8C),
        UINT32_C(148),
        UINT32_C(228),
        {0x15,0xFF,0x0A,0xB4,0x4C,0x8E,0x37,0xA9,0x33,0x48,0xDB,0x90,0x32,0x61,0x27,0xC3,0xC2,0x97,0x8C,0x8A,0x7D,0x30,0x22,0xA5,0xD6,0x78,0x7F,0xAC,0xED,0x88,0xC5,0xCB},
        {0x9B,0xEC,0xAF,0xC0,0x2D,0x71,0xAE,0xF3,0x4F,0x2B,0x41,0x7E,0x30,0xC8,0x16,0xD6,0x0B,0x4B,0x2D,0x64,0x8C,0x2E,0x28,0xDB,0xB3,0x48,0x3F,0x24,0x4A,0x28,0x5F,0x94},
    },
    {
        UINT32_C(34324),
        UINT64_C(0x87EE65BC1ED11B17),
        UINT32_C(230),
        UINT32_C(130),
        {0x22,0xFD,0x7F,0x86,0x5A,0xE8,0xCA,0x86,0xB4,0x62,0xCB,0x88,0xFD,0x68,0x1C,0xBA,0xF4,0xE4,0xE8,0x42,0x85,0xEC,0x61,0xBE,0x01,0xB1,0xE8,0xFC,0xAE,0xFC,0x4C,0x6E},
        {0xA4,0x47,0xDD,0x85,0x00,0x07,0x76,0x51,0xC9,0xAA,0xB3,0x50,0xCB,0xCF,0xCB,0x76,0x0C,0x2B,0x86,0x77,0x68,0x91,0xE0,0xE6,0x85,0x9B,0x5F,0x83,0x08,0xB2,0xF1,0xD6},
    },
    {
        UINT32_C(34396),
        UINT64_C(0x21F7C536DD6DFFE6),
        UINT32_C(230),
        UINT32_C(130),
        {0x1F,0x55,0x09,0x97,0xF4,0x7A,0xBA,0xF5,0x07,0x72,0xF0,0xE6,0xE4,0x87,0x66,0x71,0xE1,0xE3,0x85,0xEB,0xB2,0xA8,0x59,0x3B,0x7E,0xE6,0x0E,0x57,0x82,0xC5,0xD7,0x26},
        {0xC6,0xBA,0x60,0xCB,0xD6,0xA5,0x92,0x25,0x9F,0x8C,0x04,0x20,0x3F,0xD2,0x32,0xB3,0xA2,0xFA,0x66,0x9C,0x60,0x6B,0x29,0x42,0x40,0x68,0xAE,0x3B,0x74,0xF8,0xA2,0xCF},
    },
    {
        UINT32_C(34658),
        UINT64_C(0xF1BA27D00D780065),
        UINT32_C(230),
        UINT32_C(130),
        {0x35,0x43,0xBF,0x97,0x78,0x0F,0xC2,0x94,0xB1,0xAE,0x15,0x26,0x8C,0x8E,0x60,0xB4,0x82,0x5D,0xC6,0xC0,0x60,0x4B,0xC2,0x21,0xB7,0x1D,0x6A,0x09,0x21,0x56,0x68,0x70},
        {0x4D,0xC7,0x46,0x13,0x3B,0xBE,0x43,0x43,0x42,0x8B,0x2E,0x46,0x4C,0x7B,0x57,0x9F,0x1C,0x84,0x00,0x89,0x74,0x6D,0x99,0x75,0x76,0xF4,0xDE,0x53,0xAF,0x74,0x5D,0xE3},
    },
    {
        UINT32_C(34686),
        UINT64_C(0x948B8CA0BC3F60D2),
        UINT32_C(148),
        UINT32_C(228),
        {0xA1,0xAC,0xE0,0x16,0xF0,0xF0,0xBC,0xBD,0x16,0x9B,0x21,0x58,0xBF,0x6B,0x57,0x3A,0x59,0xE7,0x26,0x4E,0x4E,0xAC,0x11,0x64,0x10,0x78,0x52,0x8C,0x37,0xA7,0x9C,0xC8},
        {0xC4,0x39,0x14,0x30,0xD1,0x1D,0x24,0xD1,0x1F,0xCC,0x2A,0xFB,0xD7,0x2B,0xF0,0x5B,0x01,0x21,0x48,0x1C,0x5E,0x79,0x86,0x16,0x2F,0x6B,0xDF,0xFD,0xE2,0xDE,0x87,0xF9},
    },
    {
        UINT32_C(34706),
        UINT64_C(0xB6570F27E46F96E0),
        UINT32_C(230),
        UINT32_C(130),
        {0xA1,0x1D,0x71,0xB1,0x86,0x4D,0xED,0x61,0x68,0xAF,0xBC,0x44,0x66,0xA3,0xCA,0x7C,0x20,0x2A,0x82,0x23,0x32,0x1C,0x4E,0x1A,0xF4,0x80,0xE1,0xFB,0x62,0x2B,0xE9,0x24},
        {0x04,0x7C,0xBF,0x55,0x77,0xA4,0x67,0xD9,0xC2,0x42,0xD8,0xC2,0x80,0xC1,0x9B,0xB9,0x4E,0x68,0xF4,0xAB,0xB5,0x00,0xB9,0x96,0xBF,0x70,0x87,0x0B,0x5C,0x53,0x59,0xEF},
    },
    {
        UINT32_C(34712),
        UINT64_C(0x94C02B73D4B7F456),
        UINT32_C(230),
        UINT32_C(130),
        {0xDF,0x11,0x90,0xDD,0x6F,0x77,0xAA,0x84,0xC5,0xDE,0x49,0x4F,0xA9,0xCF,0x79,0x46,0x33,0xCE,0xEB,0xB7,0x2D,0x63,0xBC,0xB2,0x99,0x6E,0x30,0x29,0xFA,0xDC,0x3C,0x58},
        {0x54,0x11,0xC0,0xAA,0xDB,0x29,0x94,0x48,0x13,0xFE,0xB1,0x13,0x37,0x5D,0x15,0x93,0x99,0xCE,0x95,0x70,0x23,0xFC,0x6B,0xE2,0x68,0x21,0x50,0xCA,0x78,0xD0,0x81,0x95},
    },
    {
        UINT32_C(34716),
        UINT64_C(0xAB4F7430D5AFA512),
        UINT32_C(210),
        UINT32_C(123),
        {0x5F,0x67,0x1C,0x5E,0x45,0xA3,0xD2,0x13,0x4B,0xF5,0x67,0x3D,0xA1,0xE6,0x76,0x4F,0xDE,0x13,0x51,0x95,0xE9,0x66,0xC7,0x22,0x7B,0x75,0xF2,0xE1,0x3F,0xE3,0xA7,0x1A},
        {0x02,0x25,0xEB,0x6C,0xAE,0x62,0xC3,0xC9,0x4F,0xF2,0xAD,0xDD,0xE1,0xFE,0x91,0x71,0xA9,0x54,0xEB,0x67,0x51,0x79,0x50,0x5F,0x18,0x92,0xE5,0x7F,0xE5,0x0B,0xCA,0x7B},
    },
    {
        UINT32_C(34784),
        UINT64_C(0x0272ED1AE3C3C8AF),
        UINT32_C(1024),
        UINT32_C(600),
        {0xCD,0x6B,0x70,0xDC,0x63,0xF1,0xC5,0x84,0x7A,0x94,0x69,0x07,0x88,0xBC,0x62,0x6C,0x34,0x6F,0xF2,0x7D,0x2B,0xF4,0x91,0x79,0x0D,0xF5,0xD8,0xBE,0x48,0xBB,0x02,0x38},
        {0xD5,0x67,0xD9,0x04,0x3E,0xAD,0x17,0xB0,0x71,0x00,0xD1,0x89,0x8A,0xD2,0x62,0x31,0x3C,0x6D,0x59,0x10,0x0E,0x99,0x31,0xD9,0xBC,0xC2,0xFD,0x3C,0x88,0x69,0xD8,0x20},
    },
    {
        UINT32_C(34828),
        UINT64_C(0x26535767B8EDF9B7),
        UINT32_C(230),
        UINT32_C(130),
        {0x68,0xC4,0x2C,0xAD,0x57,0xC2,0xE9,0xFD,0x32,0x90,0x87,0x0C,0x9C,0xBA,0xE5,0xB7,0xF6,0x04,0xF8,0x60,0xC6,0xA3,0x26,0x37,0x04,0x4F,0x51,0x84,0x70,0x6E,0x36,0x21},
        {0xCB,0x61,0x42,0x0B,0x9A,0xD3,0x88,0x32,0xF8,0x06,0xAA,0x3A,0x51,0xC3,0xCE,0x81,0x2A,0x56,0x2B,0x82,0x25,0x51,0x23,0x3E,0x9C,0xFF,0x22,0xCC,0xA7,0xA8,0x93,0xDA},
    },
    {
        UINT32_C(34842),
        UINT64_C(0x154405FDCF0965DF),
        UINT32_C(210),
        UINT32_C(123),
        {0x2F,0xF8,0x28,0xB2,0xF3,0x61,0x0E,0x5B,0x29,0x0C,0xE7,0x7F,0x75,0x5D,0x21,0xDD,0xB2,0xED,0xAA,0xC2,0xEB,0xB3,0x37,0xBF,0x1D,0xC2,0xDC,0x37,0x5A,0x50,0xD5,0x57},
        {0xD2,0xEE,0x2B,0x9D,0x31,0xDE,0x95,0x4A,0x98,0xFA,0x86,0x7F,0x76,0xF4,0xCF,0x8B,0x1A,0xA8,0xE5,0xC2,0x11,0x4C,0x45,0xBE,0x01,0x27,0xA2,0xB8,0x15,0x6B,0x81,0xCF},
    },
    {
        UINT32_C(34880),
        UINT64_C(0x11A90A265330C544),
        UINT32_C(148),
        UINT32_C(228),
        {0x42,0x0D,0xEA,0x8F,0x82,0xED,0xE8,0xEB,0xB6,0x4A,0xF3,0x6F,0x06,0xE1,0x7D,0x78,0x9A,0x11,0xF7,0x8E,0x99,0x9A,0x9A,0x89,0xAC,0x82,0xBC,0x53,0x36,0x3D,0xF9,0x89},
        {0x1A,0x37,0x88,0xA0,0xF4,0x7F,0xB9,0x89,0xB0,0xAF,0x3E,0x31,0xE8,0x34,0xF6,0x23,0x6F,0x83,0xB8,0x72,0xD7,0xF7,0xB4,0xCF,0x7C,0xFB,0x9A,0xAB,0x46,0x96,0xCC,0xDE},
    },
    {
        UINT32_C(34916),
        UINT64_C(0x28037FC97EAC1110),
        UINT32_C(148),
        UINT32_C(228),
        {0x32,0xFA,0xED,0x34,0xB1,0x50,0x88,0x2B,0xBA,0xE4,0x2A,0x88,0x28,0xC0,0x5D,0xBA,0x17,0xF7,0xF9,0x9C,0x5D,0x0C,0x45,0x3A,0x2E,0x5C,0xC5,0x1F,0x27,0x61,0x15,0x9B},
        {0x49,0xEC,0x4B,0x89,0x77,0x1D,0x6E,0xD3,0x9F,0xE0,0x5E,0x26,0x0F,0x66,0x57,0xA4,0x48,0x94,0xE8,0xEC,0x23,0x73,0x35,0x8C,0xA3,0x0D,0xA2,0xC1,0x20,0x0B,0xCE,0x43},
    },
    {
        UINT32_C(34978),
        UINT64_C(0xDBB950FAB4FC1B36),
        UINT32_C(210),
        UINT32_C(123),
        {0x08,0x2B,0xA4,0x90,0xC4,0x3E,0xA3,0xC9,0x14,0x64,0x3B,0x08,0xEF,0x98,0xA2,0x8B,0x1D,0xE2,0xC0,0x5C,0xA5,0xA7,0x76,0xE9,0x11,0x60,0xC7,0x3E,0x77,0xA3,0x27,0x3B},
        {0xF2,0x07,0x20,0x47,0x8F,0x67,0xCC,0xD2,0xA0,0x1A,0x97,0x30,0xDE,0x92,0xDA,0x06,0x32,0x7D,0xF0,0x56,0x27,0x68,0xA3,0xC9,0xB1,0xDE,0x09,0x8D,0xF8,0xA0,0xAC,0x56},
    },
    {
        UINT32_C(35000),
        UINT64_C(0x9B0EE1E1CDDEF8C3),
        UINT32_C(230),
        UINT32_C(130),
        {0x5A,0x9D,0x99,0x9E,0x77,0x1A,0xAD,0xEB,0x94,0x8D,0x5E,0x67,0x0B,0xD2,0x5A,0xD9,0x19,0x95,0x54,0x9A,0x0E,0xD1,0x3C,0xC6,0x24,0x4E,0x3D,0xA7,0xCA,0xEC,0x22,0xEA},
        {0xED,0x09,0x7D,0x38,0x87,0x4E,0xC7,0x75,0x5C,0xBC,0xA1,0xC2,0x0B,0xAD,0x14,0xF9,0x0C,0x4D,0x0B,0xC5,0x25,0xEC,0xD6,0xE5,0x0F,0x1C,0x8F,0xB1,0xC6,0xCB,0x29,0x6A},
    },
    {
        UINT32_C(35020),
        UINT64_C(0x2FF721F26CD5D7D3),
        UINT32_C(148),
        UINT32_C(228),
        {0x38,0xBB,0xAA,0x50,0x51,0xDD,0x80,0x82,0x06,0x72,0x1C,0xF5,0x4B,0xE0,0xE1,0xF3,0xB3,0x7A,0x7C,0xBB,0x1F,0xB8,0x9E,0x14,0xA6,0x38,0x3A,0x73,0xD7,0xE6,0xAE,0x0D},
        {0x69,0x22,0xD9,0xF6,0x42,0xDE,0x5D,0x38,0x15,0x5C,0xCB,0x30,0x06,0xA6,0xA0,0xBE,0x96,0xF3,0x5C,0x9B,0x7D,0x62,0xE8,0xDB,0x55,0x3D,0xE3,0xE4,0x83,0x06,0xA0,0xA0},
    },
    {
        UINT32_C(35048),
        UINT64_C(0x94351A8F13BF214A),
        UINT32_C(230),
        UINT32_C(130),
        {0x6C,0x78,0xA5,0x41,0x36,0x67,0x0E,0x6C,0x6D,0x26,0xBB,0x4F,0xEB,0x66,0xF3,0xBC,0x1B,0x3A,0x09,0x1D,0xE0,0xF2,0x74,0x85,0xE3,0xF9,0x6C,0x0F,0x98,0x28,0x2B,0xA1},
        {0xB5,0x26,0xF0,0xD7,0x7E,0x51,0x1E,0x6B,0x66,0x7D,0xD3,0x90,0xC8,0x32,0xE5,0x27,0xFE,0xB4,0xD0,0x08,0x3A,0xE1,0x7D,0x44,0x7E,0xAA,0xE6,0x9A,0xBD,0xB7,0xA9,0x07},
    },
    {
        UINT32_C(35090),
        UINT64_C(0x85DCBD5369AA76B0),
        UINT32_C(148),
        UINT32_C(228),
        {0xA9,0x14,0xE0,0xF5,0x31,0x0A,0x28,0x36,0x4A,0xB7,0xBB,0xA3,0x79,0x77,0x4F,0x78,0x3D,0xD6,0x33,0xF9,0x8E,0xCC,0x7F,0x91,0xF7,0x9E,0x98,0x41,0xDE,0x9B,0xFE,0xD9},
        {0xBC,0x39,0x16,0x4D,0x6A,0x0C,0xBD,0x80,0x89,0xE9,0x12,0x13,0x92,0x03,0x0A,0x28,0x2E,0x5D,0x26,0xCF,0x9E,0xF6,0x86,0x05,0x4A,0xAE,0xB6,0x0B,0x3E,0x6F,0xBC,0xA1},
    },
    {
        UINT32_C(35198),
        UINT64_C(0xA805E7BC999A0B80),
        UINT32_C(210),
        UINT32_C(123),
        {0xA0,0xD8,0xA9,0x19,0xFA,0x38,0x56,0xB0,0x70,0x93,0xD8,0xBA,0xE9,0x96,0x9D,0xA1,0x90,0x3B,0x76,0x31,0x19,0xF5,0x94,0x5D,0x2A,0x01,0xDB,0x87,0x45,0xAD,0xE1,0x77},
        {0xF4,0x47,0xB2,0x72,0x48,0x27,0xE8,0xCF,0xDB,0xD2,0x00,0x20,0x5A,0xD5,0x2E,0xBA,0xC1,0x64,0x8E,0xE6,0x0F,0xFB,0x9F,0x33,0x13,0xEB,0x8A,0x18,0x6D,0x2D,0xAA,0x89},
    },
    {
        UINT32_C(35266),
        UINT64_C(0xC963AAF30788D644),
        UINT32_C(230),
        UINT32_C(130),
        {0x46,0xAA,0x8D,0x51,0xFD,0x53,0x74,0x1A,0xAB,0xDE,0x8F,0x19,0x2D,0x5C,0xD5,0xD2,0x1C,0x79,0x77,0x59,0x73,0x01,0x08,0x5E,0xA3,0xA7,0xE7,0xEC,0xA7,0x3F,0x85,0x37},
        {0xA6,0x07,0xE1,0x08,0xD5,0xAE,0x9A,0x85,0x25,0x50,0x5A,0x21,0xBA,0xA3,0x90,0x95,0xAA,0x62,0x3C,0x4D,0x8F,0x99,0x4E,0x96,0x86,0x69,0x92,0x70,0xFC,0xDE,0xFC,0x46},
    },
    {
        UINT32_C(35276),
        UINT64_C(0xBF448438F5903781),
        UINT32_C(148),
        UINT32_C(228),
        {0xCB,0x02,0x74,0x9E,0xB0,0xF3,0x3D,0xFD,0x80,0xAD,0xAA,0x96,0xD2,0x6F,0xCE,0x56,0x8C,0xAE,0x23,0x9B,0x2E,0x0A,0x6A,0x20,0x6C,0x39,0xCE,0x05,0x70,0xB0,0x1E,0xC3},
        {0x04,0x69,0x90,0x3A,0xF1,0x22,0x40,0x72,0x27,0x95,0x62,0xF4,0x36,0x69,0x1B,0xB3,0xB0,0x99,0x24,0xB3,0x45,0x91,0x37,0xAC,0x6B,0x7A,0xB7,0x84,0x45,0x87,0xC2,0x17},
    },
    {
        UINT32_C(35288),
        UINT64_C(0x013287E1654F20DC),
        UINT32_C(230),
        UINT32_C(130),
        {0xA1,0x1D,0x71,0xB1,0x86,0x4D,0xED,0x61,0x68,0xAF,0xBC,0x44,0x66,0xA3,0xCA,0x7C,0x20,0x2A,0x82,0x23,0x32,0x1C,0x4E,0x1A,0xF4,0x80,0xE1,0xFB,0x62,0x2B,0xE9,0x24},
        {0x04,0x7C,0xBF,0x55,0x77,0xA4,0x67,0xD9,0xC2,0x42,0xD8,0xC2,0x80,0xC1,0x9B,0xB9,0x4E,0x68,0xF4,0xAB,0xB5,0x00,0xB9,0x96,0xBF,0x70,0x87,0x0B,0x5C,0x53,0x59,0xEF},
    },
    {
        UINT32_C(35348),
        UINT64_C(0x241B001D3B9373DE),
        UINT32_C(210),
        UINT32_C(123),
        {0x03,0x4A,0x5C,0xF6,0x7E,0x54,0xF3,0x84,0xBC,0x3E,0x4F,0xC7,0xB8,0x29,0x4E,0xE7,0x95,0x2A,0xC0,0x5D,0xE8,0x8B,0x95,0xBE,0x74,0x4F,0x82,0x0F,0xD3,0x77,0xFB,0x2A},
        {0x34,0x1C,0x46,0x99,0xD4,0x6A,0x1A,0x02,0x37,0x7A,0x28,0x8B,0x27,0xAF,0xEB,0x03,0xC6,0xE0,0x0C,0x59,0xA6,0x9D,0xB3,0xD6,0x23,0x0A,0xBA,0x44,0x70,0xD5,0xAC,0xFF},
    },
    {
        UINT32_C(35404),
        UINT64_C(0xB3F60E57B5F98D58),
        UINT32_C(210),
        UINT32_C(123),
        {0x55,0x78,0x5A,0x5A,0xB7,0x2D,0x3D,0xD8,0x86,0xFF,0x7C,0xAA,0x3A,0x2C,0x0C,0x47,0x28,0xB7,0xD8,0x3D,0xA0,0x9E,0xD8,0xA3,0x8F,0xD8,0x86,0x1D,0x4F,0x75,0xBA,0x6F},
        {0x0D,0x75,0x56,0x91,0xB1,0x5D,0x3D,0xA7,0x7B,0x32,0x1C,0x94,0x27,0xAE,0xB5,0x0A,0xB7,0x4E,0xEF,0xF0,0x0E,0x03,0xB4,0x6C,0x5F,0x74,0x67,0xD0,0xF2,0xF4,0x06,0x04},
    },
    {
        UINT32_C(35420),
        UINT64_C(0x2B1A4C7EF839EFE8),
        UINT32_C(230),
        UINT32_C(130),
        {0x9A,0x25,0x02,0xE5,0x39,0x20,0x94,0x81,0x6F,0xA5,0x3E,0x8C,0x8F,0xB0,0x85,0xFF,0xEE,0xDA,0xFE,0x53,0x62,0xC7,0xAB,0x2F,0x0B,0xF8,0xD5,0x1A,0x55,0x84,0x02,0xE4},
        {0x6B,0x0F,0x7A,0x34,0xEB,0xAE,0x35,0x0D,0xEC,0xB5,0xFE,0xF8,0x37,0x43,0xC0,0xF8,0x96,0xC0,0x17,0x2A,0x6D,0xFF,0x91,0x20,0xDB,0x99,0x3E,0x67,0x0F,0x5B,0x86,0x19},
    },
    {
        UINT32_C(35456),
        UINT64_C(0xD04C91ABAE10FF24),
        UINT32_C(148),
        UINT32_C(228),
        {0xF7,0x82,0xBC,0x2A,0x6D,0x5B,0xAE,0x58,0x0F,0x3E,0x31,0xB1,0x00,0x67,0xEE,0x85,0x16,0x84,0x71,0x0A,0xAB,0x32,0x49,0xDA,0x73,0x45,0x48,0x66,0xD2,0xFD,0x72,0x20},
        {0x99,0x2B,0x35,0xCE,0xA9,0x38,0x75,0xB3,0x49,0x02,0x6C,0x0C,0x02,0x8D,0xA3,0x45,0x9C,0xD3,0xA4,0x1E,0x8E,0xD3,0x4C,0xA4,0x4C,0x1E,0xB2,0x98,0x9C,0x7E,0x6B,0xA9},
    },
    {
        UINT32_C(35558),
        UINT64_C(0xF6B26AF9D24C86FC),
        UINT32_C(148),
        UINT32_C(228),
        {0xCB,0x02,0x74,0x9E,0xB0,0xF3,0x3D,0xFD,0x80,0xAD,0xAA,0x96,0xD2,0x6F,0xCE,0x56,0x8C,0xAE,0x23,0x9B,0x2E,0x0A,0x6A,0x20,0x6C,0x39,0xCE,0x05,0x70,0xB0,0x1E,0xC3},
        {0x04,0x69,0x90,0x3A,0xF1,0x22,0x40,0x72,0x27,0x95,0x62,0xF4,0x36,0x69,0x1B,0xB3,0xB0,0x99,0x24,0xB3,0x45,0x91,0x37,0xAC,0x6B,0x7A,0xB7,0x84,0x45,0x87,0xC2,0x17},
    },
    {
        UINT32_C(35614),
        UINT64_C(0xD4E052DC29358767),
        UINT32_C(148),
        UINT32_C(228),
        {0x78,0xC6,0xAF,0x13,0x29,0xB1,0x12,0x9D,0xEF,0x0B,0xB3,0xC1,0x16,0xA8,0xFB,0x54,0x59,0xD0,0x00,0xF9,0xF8,0x93,0x10,0xF7,0xFF,0xF7,0x46,0x62,0xD3,0x48,0xF7,0x4D},
        {0x79,0x18,0xDC,0x02,0xE8,0x88,0xBA,0xF4,0x16,0x08,0x57,0x75,0x3D,0x23,0xE2,0x63,0x91,0xBC,0x4F,0x09,0xF3,0x28,0xAC,0x86,0x39,0x82,0x2F,0x12,0x8C,0x6E,0x0F,0x18},
    },
    {
        UINT32_C(35632),
        UINT64_C(0x1A3512D3A00163F5),
        UINT32_C(230),
        UINT32_C(130),
        {0xF9,0x59,0x55,0x63,0x57,0x71,0xB1,0xEE,0x92,0x6A,0xD4,0xA1,0x74,0xF9,0xAD,0xFB,0xC0,0x3D,0x28,0x25,0xEF,0xED,0xD7,0x18,0x8F,0x11,0xC1,0xAE,0xD5,0xD2,0x31,0xCF},
        {0x98,0x9E,0x4C,0xDA,0x56,0x81,0x8D,0x2B,0xAE,0xCC,0x95,0x75,0xCF,0xFE,0x30,0xC7,0xD2,0x2B,0xFC,0x6F,0x61,0x2E,0xE2,0x60,0xC0,0x53,0xCF,0x86,0x45,0x0D,0x7E,0x2C},
    },
    {
        UINT32_C(35636),
        UINT64_C(0x7049F82CB2C37C21),
        UINT32_C(230),
        UINT32_C(130),
        {0x4D,0x29,0xA4,0x81,0x41,0x47,0x3F,0x3E,0xEF,0x24,0x59,0xB8,0xC1,0xEA,0x5F,0x9D,0xBD,0x51,0x0A,0x1B,0x16,0xAB,0xD3,0xA9,0x8A,0xAA,0xF6,0x2E,0x46,0xCC,0x10,0x7F},
        {0x27,0x5D,0x97,0x1A,0x43,0xD9,0x1B,0xB2,0x3A,0xE1,0xA1,0x53,0xE9,0xF2,0x89,0x86,0xFA,0x21,0xC7,0x70,0xD4,0xB3,0x7B,0x4C,0x9C,0xF5,0x27,0x2E,0x69,0x6C,0xF1,0xC0},
    },
    {
        UINT32_C(35646),
        UINT64_C(0xA47C0F69F4CC27CF),
        UINT32_C(210),
        UINT32_C(123),
        {0x3B,0x6A,0x20,0x16,0x8B,0x94,0x65,0x02,0x18,0x8C,0x81,0x96,0x37,0x84,0xD0,0x95,0x1D,0x7A,0x3B,0x91,0x62,0xD4,0x59,0x34,0xD5,0xAF,0x05,0xD2,0xEE,0x1B,0x7A,0x3B},
        {0xE4,0xE0,0x5F,0x45,0xA4,0x46,0x77,0xDB,0xFE,0x38,0x15,0x9A,0x54,0xBB,0x97,0xE6,0xD4,0x46,0x17,0x67,0x54,0x10,0x9D,0xE7,0xF3,0xD1,0x5C,0xFD,0x99,0xD4,0x7F,0x16},
    },
    {
        UINT32_C(35686),
        UINT64_C(0x5560EC4F2182DA5E),
        UINT32_C(148),
        UINT32_C(228),
        {0x78,0xC6,0xAF,0x13,0x29,0xB1,0x12,0x9D,0xEF,0x0B,0xB3,0xC1,0x16,0xA8,0xFB,0x54,0x59,0xD0,0x00,0xF9,0xF8,0x93,0x10,0xF7,0xFF,0xF7,0x46,0x62,0xD3,0x48,0xF7,0x4D},
        {0x79,0x18,0xDC,0x02,0xE8,0x88,0xBA,0xF4,0x16,0x08,0x57,0x75,0x3D,0x23,0xE2,0x63,0x91,0xBC,0x4F,0x09,0xF3,0x28,0xAC,0x86,0x39,0x82,0x2F,0x12,0x8C,0x6E,0x0F,0x18},
    },
    {
        UINT32_C(35716),
        UINT64_C(0x7C501582EA350AA4),
        UINT32_C(148),
        UINT32_C(228),
        {0x1D,0xB1,0x80,0x58,0x2B,0x9F,0xE5,0x50,0x5A,0x10,0xA0,0xDD,0x2D,0xD8,0x10,0x8F,0x14,0xC8,0xC9,0xFF,0xB9,0x6A,0x43,0xFF,0xCB,0xBA,0x40,0xF6,0x00,0x4F,0x3D,0xDA},
        {0x7E,0xA5,0xB5,0x25,0xDB,0xDB,0x9B,0x5E,0x2B,0x38,0x47,0xB4,0xA8,0x41,0xBA,0xF7,0x38,0xAC,0xA3,0x88,0x47,0x9C,0xFD,0xD8,0xAC,0x40,0x4E,0x0D,0x9B,0xDD,0x69,0xDA},
    },
    {
        UINT32_C(35726),
        UINT64_C(0xE4FAD30D8EC06082),
        UINT32_C(148),
        UINT32_C(228),
        {0xC6,0x6A,0x57,0x47,0x61,0xE4,0x7B,0xAD,0x5A,0xA2,0x10,0xE9,0xE5,0x99,0x70,0x55,0xBA,0x00,0x15,0x0E,0x16,0xB6,0x25,0x96,0x5E,0x20,0x14,0x52,0x74,0x14,0xE5,0x05},
        {0xA8,0x3C,0xD1,0x08,0xBA,0xE1,0xBF,0x6D,0x4A,0xBC,0x53,0xD7,0x3E,0x04,0x52,0x0F,0xC3,0x2E,0xD2,0x6F,0xBF,0x5E,0x01,0xC9,0xD2,0x37,0x12,0x89,0x36,0xF0,0xED,0xC6},
    },
    {
        UINT32_C(35748),
        UINT64_C(0x3094EFBB9F486AF2),
        UINT32_C(148),
        UINT32_C(228),
        {0xFB,0x8C,0x3B,0x8D,0x56,0x27,0xB0,0x8E,0x25,0x92,0x67,0x9A,0x26,0xCE,0xBC,0x50,0xAD,0x14,0x1B,0x55,0xE3,0x55,0x65,0xFC,0x85,0xC2,0x37,0x28,0xE3,0x15,0xD7,0x4D},
        {0xC5,0x52,0xEC,0x48,0xC3,0x00,0xD9,0x6C,0xC5,0x61,0x12,0x9C,0xD5,0xBA,0x32,0xBC,0xD8,0x23,0xEF,0x92,0x17,0x10,0x2B,0xAF,0xD6,0x8F,0xD1,0x7B,0x1A,0x62,0xDD,0x49},
    },
    {
        UINT32_C(35760),
        UINT64_C(0xE48D2E0AC95FF86F),
        UINT32_C(230),
        UINT32_C(130),
        {0x80,0x15,0x26,0x29,0x53,0x0B,0xA0,0x07,0x44,0x32,0x62,0xE6,0x43,0x96,0x3D,0x03,0x58,0x3F,0xE9,0x31,0x37,0xE0,0x1C,0x1F,0x30,0x3D,0x61,0x33,0xD8,0x3E,0xFF,0xCC},
        {0x87,0xCF,0x8E,0x1B,0x09,0x18,0x19,0xF7,0xB4,0xB8,0xFB,0x82,0x19,0x12,0x02,0x49,0x78,0x10,0xFC,0xA9,0x70,0x2A,0x34,0xEB,0x95,0x60,0x5A,0x4E,0x73,0xF4,0x78,0x68},
    },
    {
        UINT32_C(35790),
        UINT64_C(0x4F349D2240AAE282),
        UINT32_C(230),
        UINT32_C(130),
        {0x8F,0x57,0x78,0x68,0x60,0x59,0x92,0x4E,0x68,0x44,0x2A,0xC2,0x2B,0xBE,0x69,0x2A,0xCC,0xDF,0x4A,0xF5,0x19,0x84,0x67,0xCE,0x66,0x01,0xEF,0xD8,0xBA,0xEB,0x42,0x47},
        {0x2A,0x8E,0x92,0x5C,0xF6,0xB7,0x90,0xF3,0x77,0x61,0x50,0xE7,0x52,0x3C,0x6A,0xB4,0x26,0x33,0x04,0xCA,0x28,0x1F,0xDA,0xD7,0xE8,0xA6,0xEB,0x67,0xD2,0xDA,0x57,0x36},
    },
    {
        UINT32_C(35790),
        UINT64_C(0xA71FBA09811EAA41),
        UINT32_C(230),
        UINT32_C(130),
        {0xDB,0x0A,0x70,0x1F,0xB9,0x0C,0x3B,0x0C,0x22,0xD5,0xC6,0x16,0x0D,0x8D,0x3A,0x63,0xD1,0xE3,0x92,0xFD,0x69,0x1C,0xEC,0x17,0x47,0x1A,0xF7,0x84,0x67,0xFF,0x3C,0x64},
        {0xCA,0xBF,0x02,0x8B,0x82,0x04,0x35,0x9D,0xC9,0x6E,0x30,0x1A,0x96,0x33,0x97,0x17,0xA5,0xF0,0x0D,0x7D,0xAD,0x80,0x65,0x75,0x42,0x85,0xAE,0x25,0xA3,0x3A,0x17,0xF1},
    },
    {
        UINT32_C(35852),
        UINT64_C(0x7855ADAE848D4A23),
        UINT32_C(148),
        UINT32_C(228),
        {0x27,0xAD,0x81,0x64,0x63,0xC3,0x82,0x73,0x9C,0x2A,0xF3,0xC6,0x10,0x7B,0xAF,0x29,0xC7,0x9E,0x2B,0xF6,0x88,0x4F,0x40,0x5C,0xBA,0x02,0xC8,0x9A,0xC9,0x4E,0xFE,0x03},
        {0x98,0x87,0x58,0x09,0xAD,0xAD,0x8E,0x3A,0x60,0xA2,0x50,0x03,0x14,0x36,0x10,0xDC,0x0F,0x70,0x51,0x3F,0x49,0xEE,0x9B,0x16,0x67,0xE6,0x6E,0x70,0x29,0xFC,0x80,0xD8},
    },
    {
        UINT32_C(35874),
        UINT64_C(0x56B074FBBA54E579),
        UINT32_C(230),
        UINT32_C(130),
        {0x21,0x63,0x6B,0x32,0x10,0x5D,0x05,0xA5,0xAC,0x68,0x22,0xFD,0x17,0xCC,0xC4,0xE1,0x70,0x81,0x55,0x7A,0xE4,0x5A,0xDE,0x27,0xAF,0x3C,0xCE,0x93,0x8F,0x3D,0x1A,0x9B},
        {0x10,0x87,0x0D,0x8A,0xEE,0x1B,0x9C,0x46,0x9A,0x24,0x49,0x92,0x67,0xE4,0xA3,0x14,0xCB,0x9F,0xA3,0x17,0x5A,0x0C,0xA1,0xB1,0xDD,0xDD,0x0B,0x59,0x1E,0xF2,0x9F,0xAE},
    },
    {
        UINT32_C(35882),
        UINT64_C(0x19794A1544D66C33),
        UINT32_C(148),
        UINT32_C(228),
        {0xFB,0x8C,0x3B,0x8D,0x56,0x27,0xB0,0x8E,0x25,0x92,0x67,0x9A,0x26,0xCE,0xBC,0x50,0xAD,0x14,0x1B,0x55,0xE3,0x55,0x65,0xFC,0x85,0xC2,0x37,0x28,0xE3,0x15,0xD7,0x4D},
        {0xC5,0x52,0xEC,0x48,0xC3,0x00,0xD9,0x6C,0xC5,0x61,0x12,0x9C,0xD5,0xBA,0x32,0xBC,0xD8,0x23,0xEF,0x92,0x17,0x10,0x2B,0xAF,0xD6,0x8F,0xD1,0x7B,0x1A,0x62,0xDD,0x49},
    },
    {
        UINT32_C(35916),
        UINT64_C(0xF1BD0267312E7C9E),
        UINT32_C(210),
        UINT32_C(123),
        {0x18,0x57,0xEE,0xAB,0xC4,0xEA,0x93,0x93,0x4A,0x8B,0x7F,0x30,0x34,0xF8,0x10,0xFD,0x20,0x4C,0xA5,0xC5,0xB2,0x8D,0x21,0xAC,0x83,0x24,0x4F,0xF1,0x2B,0xB3,0x1E,0x74},
        {0xBB,0x40,0xE0,0x22,0xBA,0xE9,0x79,0x97,0x9A,0x42,0x74,0x36,0xEE,0x27,0x51,0x55,0x0A,0x44,0x04,0xC0,0xEC,0xE9,0x6A,0x2E,0x09,0x50,0x77,0x1F,0x86,0xDF,0xA0,0x2F},
    },
    {
        UINT32_C(35930),
        UINT64_C(0x158BBF6D45967929),
        UINT32_C(210),
        UINT32_C(123),
        {0xFB,0xB6,0x5E,0x96,0xAB,0x6E,0x72,0x71,0x1B,0xF8,0xB7,0xD3,0x78,0xAF,0x17,0x15,0x8C,0x77,0x2E,0x66,0x9F,0xC9,0x96,0x63,0x3B,0x50,0xC2,0xFE,0xFE,0xC6,0x7A,0x79},
        {0xA5,0x4B,0x11,0x4B,0x65,0xF0,0x36,0xE9,0xD5,0x3D,0x47,0x0B,0x96,0x8F,0x12,0x03,0xB2,0x8E,0xDE,0x9F,0x51,0xDB,0x0F,0x65,0xB1,0xE6,0x7B,0x1F,0xC2,0x58,0xF5,0xEC},
    },
    {
        UINT32_C(35950),
        UINT64_C(0x59C105DD66DA85E2),
        UINT32_C(148),
        UINT32_C(228),
        {0x09,0x94,0x2D,0x7B,0xE6,0xA3,0x1B,0x75,0x42,0xB9,0xF4,0x38,0x6A,0xC0,0x26,0x30,0xAA,0x4A,0xBA,0x64,0x0A,0xC4,0xF9,0xB5,0xD7,0xFB,0xE1,0x99,0x53,0xA3,0xE6,0xEE},
        {0x85,0x40,0xB6,0x9D,0x4E,0xEA,0x4F,0x83,0x72,0x15,0x91,0xC6,0x5A,0x44,0x29,0xEF,0x9C,0x9B,0xB3,0x0E,0x11,0x0F,0xBC,0xB7,0xE4,0xD6,0x0F,0xFE,0x16,0x6A,0xE2,0x92},
    },
    {
        UINT32_C(35972),
        UINT64_C(0x9CEDAA013CE4D36D),
        UINT32_C(230),
        UINT32_C(130),
        {0x21,0x63,0x6B,0x32,0x10,0x5D,0x05,0xA5,0xAC,0x68,0x22,0xFD,0x17,0xCC,0xC4,0xE1,0x70,0x81,0x55,0x7A,0xE4,0x5A,0xDE,0x27,0xAF,0x3C,0xCE,0x93,0x8F,0x3D,0x1A,0x9B},
        {0x10,0x87,0x0D,0x8A,0xEE,0x1B,0x9C,0x46,0x9A,0x24,0x49,0x92,0x67,0xE4,0xA3,0x14,0xCB,0x9F,0xA3,0x17,0x5A,0x0C,0xA1,0xB1,0xDD,0xDD,0x0B,0x59,0x1E,0xF2,0x9F,0xAE},
    },
    {
        UINT32_C(35986),
        UINT64_C(0xCB76EE4442562F59),
        UINT32_C(148),
        UINT32_C(228),
        {0xBC,0xF7,0x1B,0x55,0xF5,0xF1,0x81,0x23,0x97,0xCB,0x54,0xE4,0x8F,0xE7,0x4F,0x72,0x8E,0xF0,0x4A,0x4D,0xC4,0x9E,0xF9,0xAB,0x3F,0xF5,0x7A,0xD7,0x30,0x0B,0xDA,0xE4},
        {0x0D,0x93,0x7D,0xBB,0xF3,0x6F,0x26,0x17,0x4C,0xFC,0x6B,0x4C,0x3B,0xA2,0xF1,0xB7,0x2C,0x1D,0xEF,0x7D,0x81,0x8E,0x50,0x3F,0x90,0x27,0xAC,0xFC,0xE5,0x3F,0xE9,0xDF},
    },
    {
        UINT32_C(36030),
        UINT64_C(0x636DB552C62186F8),
        UINT32_C(210),
        UINT32_C(123),
        {0x37,0x61,0xD7,0x50,0xA6,0xAC,0x2C,0x09,0xF3,0x87,0xC8,0xC6,0xA7,0x64,0x8B,0x30,0x06,0x08,0xF6,0xB8,0x14,0x8E,0x5E,0x65,0x1D,0x3E,0x25,0xA3,0xE1,0xBF,0x18,0xF9},
        {0x39,0x27,0xBC,0xA4,0x98,0x66,0xBC,0x1C,0x8A,0xC6,0x8A,0x18,0xF6,0x5C,0x63,0x3C,0x0E,0x50,0x4B,0xFA,0x2E,0xE9,0xFA,0xE0,0xD0,0xDC,0xE2,0xD7,0xA4,0x47,0x59,0x08},
    },
    {
        UINT32_C(36042),
        UINT64_C(0x16131560CA9392F8),
        UINT32_C(210),
        UINT32_C(123),
        {0xAD,0x9E,0x89,0x84,0xA4,0xBC,0x38,0xC7,0x0F,0x4C,0x58,0x36,0x9F,0xC1,0x11,0x49,0x14,0x1B,0x6B,0xD7,0xC4,0xF7,0x5D,0xFF,0x84,0x63,0xA4,0x84,0x56,0xED,0xF1,0xDA},
        {0xA4,0xEE,0x73,0xE9,0x2B,0x65,0x4E,0xBD,0xE0,0xED,0xD5,0xF6,0x11,0xA6,0xCE,0xD1,0x59,0x73,0xA7,0xFD,0xAB,0x71,0x79,0x4D,0x5D,0x31,0x60,0x7B,0x1B,0xB0,0x21,0x16},
    },
    {
        UINT32_C(36068),
        UINT64_C(0x1B9688E762FDE182),
        UINT32_C(148),
        UINT32_C(228),
        {0x9F,0x4D,0x87,0x75,0xF5,0xB4,0x77,0xE2,0xC1,0xD9,0xA4,0xE5,0x67,0x43,0x58,0xFB,0x23,0x73,0xE8,0xD7,0x09,0xA3,0x6E,0xC1,0xC9,0x8B,0xE3,0x9D,0xD0,0xBC,0x52,0x71},
        {0x22,0x1E,0x37,0x24,0x54,0x61,0x90,0xB0,0xA4,0xA9,0x8B,0xB9,0x36,0x12,0xEF,0xF8,0x52,0x4F,0x14,0x43,0x51,0xF6,0xA8,0xFF,0xA9,0x72,0x2E,0x6B,0xB3,0xFB,0x8D,0x78},
    },
    {
        UINT32_C(36098),
        UINT64_C(0xFD2A28B73C822809),
        UINT32_C(148),
        UINT32_C(228),
        {0xAF,0xC4,0x59,0xC1,0x07,0x69,0xAE,0x69,0xE7,0xA5,0x39,0x73,0x6A,0x92,0xCE,0xDC,0xC2,0xFE,0x7C,0x1C,0x5F,0x99,0x0A,0xD2,0xA4,0xBD,0x00,0xE7,0x31,0xFF,0x4B,0x98},
        {0xD7,0x10,0x08,0x04,0x1E,0x15,0x2F,0xA4,0x56,0xEE,0x54,0x0B,0x07,0xAD,0x40,0x5B,0xDF,0xFB,0x7E,0x18,0xBB,0x04,0xC0,0xB6,0x50,0x12,0xAE,0x58,0xF0,0x95,0xAF,0xD3},
    },
    {
        UINT32_C(36180),
        UINT64_C(0x2406210B543FA70E),
        UINT32_C(230),
        UINT32_C(130),
        {0x95,0x0F,0xD9,0xAF,0x07,0x7C,0x48,0x6E,0x98,0x6E,0xD8,0xC8,0x7E,0xAB,0x83,0xD0,0x5E,0x34,0x6C,0x8C,0x81,0x9A,0x64,0x84,0xB7,0x7E,0x87,0x65,0x26,0x15,0xEE,0x8F},
        {0xD1,0x5F,0xAB,0xFE,0xCB,0x0C,0xF1,0x7E,0xB2,0xE6,0x4D,0x5E,0x05,0x45,0x34,0x8F,0xB7,0x1B,0xBA,0x66,0xBF,0xF6,0xA7,0xE1,0x97,0xF3,0xBC,0xDF,0xF6,0x19,0x5D,0xE0},
    },
    {
        UINT32_C(36212),
        UINT64_C(0xA197378BC190138F),
        UINT32_C(210),
        UINT32_C(123),
        {0xFA,0x9E,0x4E,0x9F,0x10,0xB1,0x64,0x90,0x16,0x7A,0xC9,0xF9,0xCC,0x26,0x8B,0x4B,0xD7,0xE8,0xD1,0xBA,0x9D,0x41,0xDD,0x69,0x57,0x69,0x73,0x1E,0x9B,0xD3,0x98,0x4F},
        {0xEB,0x9D,0x39,0xD0,0x81,0x0A,0xA4,0xD8,0xB3,0xFA,0xFC,0x32,0x40,0xDB,0xFF,0x30,0x0D,0x9B,0x8C,0x4F,0x57,0xDB,0x7C,0xF7,0xCC,0x40,0x54,0xD7,0x76,0x67,0x15,0xB9},
    },
    {
        UINT32_C(36252),
        UINT64_C(0x40BC95540FEBF1E1),
        UINT32_C(148),
        UINT32_C(228),
        {0xAF,0xC4,0x59,0xC1,0x07,0x69,0xAE,0x69,0xE7,0xA5,0x39,0x73,0x6A,0x92,0xCE,0xDC,0xC2,0xFE,0x7C,0x1C,0x5F,0x99,0x0A,0xD2,0xA4,0xBD,0x00,0xE7,0x31,0xFF,0x4B,0x98},
        {0xD7,0x10,0x08,0x04,0x1E,0x15,0x2F,0xA4,0x56,0xEE,0x54,0x0B,0x07,0xAD,0x40,0x5B,0xDF,0xFB,0x7E,0x18,0xBB,0x04,0xC0,0xB6,0x50,0x12,0xAE,0x58,0xF0,0x95,0xAF,0xD3},
    },
    {
        UINT32_C(36288),
        UINT64_C(0xE7739E0F5FA06BD2),
        UINT32_C(148),
        UINT32_C(228),
        {0x35,0x2D,0x3B,0xB3,0xB5,0x67,0x99,0x88,0xAB,0x3B,0xD8,0x54,0xE5,0xF0,0xFF,0xF9,0xD5,0x32,0x1A,0xC6,0x1F,0x96,0x57,0x1E,0x3D,0x98,0x55,0xAE,0xC3,0x66,0x6D,0x6D},
        {0x58,0xEB,0xA4,0x96,0xC0,0xEC,0xA3,0x1D,0xFF,0x65,0x3B,0x1E,0x12,0x87,0xEA,0x22,0xF1,0xB7,0xCD,0xA5,0x82,0x8B,0xB8,0xEE,0x86,0xCF,0x2B,0xE1,0xFA,0x78,0x27,0xD1},
    },
    {
        UINT32_C(36296),
        UINT64_C(0x4D2FCFBAD7C774D7),
        UINT32_C(230),
        UINT32_C(130),
        {0x25,0x86,0x91,0x3B,0xAE,0x26,0xCE,0x37,0x60,0xD4,0xCE,0x53,0xAC,0x4A,0x6F,0xF2,0xFD,0x5A,0x9A,0x2D,0xA9,0xB4,0xAB,0x45,0x05,0xE5,0x81,0x43,0x1F,0xDB,0xB5,0xE7},
        {0x0E,0x5C,0xF9,0x7C,0x18,0x0C,0xDA,0x4F,0xEE,0xFF,0xCD,0xAD,0x27,0x10,0x6E,0x74,0x3A,0xB6,0x44,0xE9,0xA0,0x36,0xB2,0xA3,0xC8,0xA0,0x45,0xC0,0x3A,0xD8,0x7B,0x55},
    },
    {
        UINT32_C(36302),
        UINT64_C(0xDFF6FAA64536D861),
        UINT32_C(148),
        UINT32_C(228),
        {0x75,0xFF,0x62,0x98,0x99,0x6A,0x08,0x4B,0xE6,0x54,0x19,0xBF,0x7B,0x66,0xC9,0xA7,0x02,0x6C,0x38,0xE2,0xD9,0xDE,0x2B,0xD6,0x0F,0xA6,0xB4,0xD2,0x7D,0x53,0xC7,0x68},
        {0xF0,0xBF,0xE3,0x82,0xC4,0xB2,0xA9,0xAA,0x9A,0x12,0x35,0xB9,0x55,0x5F,0x25,0x0D,0x8C,0xD6,0x22,0x4B,0xD7,0xDA,0x59,0xAB,0xA2,0xC6,0xE2,0xBC,0x55,0xE6,0xD8,0x86},
    },
    {
        UINT32_C(36374),
        UINT64_C(0x2EB76B9E71C71F20),
        UINT32_C(210),
        UINT32_C(123),
        {0x8E,0xE5,0x4D,0x5E,0x75,0xF2,0xED,0xCA,0xC9,0x78,0x1F,0xB4,0xBC,0x8E,0xFD,0x34,0x88,0x7D,0xBA,0x7E,0xDA,0xAA,0xB8,0x48,0x93,0xD6,0x2E,0x69,0xEA,0x53,0x98,0xCD},
        {0x82,0x56,0x8D,0x01,0x3E,0x7E,0x2B,0x0D,0xBD,0xD5,0xCB,0xF0,0xF6,0x53,0x37,0xF6,0xE5,0xF1,0xCE,0x5B,0x44,0x29,0x7B,0x2E,0xFA,0xBE,0xD8,0x91,0xCC,0x18,0x7E,0xC1},
    },
    {
        UINT32_C(36376),
        UINT64_C(0x5C7E88543E9BE15E),
        UINT32_C(230),
        UINT32_C(130),
        {0x4B,0xCA,0xAE,0xE7,0x49,0x51,0x4C,0x8D,0x83,0x2E,0x1A,0xA8,0xC3,0x0E,0x17,0x37,0x54,0x5C,0xCA,0x05,0x88,0x62,0xD9,0x28,0x14,0x47,0xB7,0xD7,0xC7,0x49,0x2F,0x46},
        {0x69,0xAB,0xEF,0xA5,0xC3,0xB0,0x8D,0xB2,0x63,0x42,0x39,0xBA,0x98,0xF7,0xF4,0x6D,0x71,0xF0,0x0E,0x4A,0xAB,0xF7,0xFE,0x8F,0xFE,0xBC,0xBA,0x68,0x2C,0xC4,0xA3,0x8A},
    },
    {
        UINT32_C(36398),
        UINT64_C(0x3A93F69121499AF0),
        UINT32_C(210),
        UINT32_C(123),
        {0x8A,0xC3,0x27,0x64,0x2D,0x86,0x0A,0x6C,0xC3,0x14,0xD6,0x34,0x20,0xB1,0xEE,0x86,0xC1,0xAF,0xD8,0x5E,0x96,0xC1,0x50,0xB8,0x64,0x14,0xB9,0xB8,0x10,0x76,0x25,0x38},
        {0x6C,0x6C,0xA5,0x4A,0x0E,0x90,0x28,0x19,0xB1,0xE5,0xC2,0xF8,0xC0,0xA1,0x22,0x0C,0x52,0x89,0xF9,0x6A,0xB7,0x7A,0xEA,0x92,0xF6,0x40,0x75,0x25,0xE6,0x89,0xDC,0xA1},
    },
    {
        UINT32_C(36548),
        UINT64_C(0xA29AD8D09B8B1B1B),
        UINT32_C(210),
        UINT32_C(123),
        {0x03,0x4A,0x5C,0xF6,0x7E,0x54,0xF3,0x84,0xBC,0x3E,0x4F,0xC7,0xB8,0x29,0x4E,0xE7,0x95,0x2A,0xC0,0x5D,0xE8,0x8B,0x95,0xBE,0x74,0x4F,0x82,0x0F,0xD3,0x77,0xFB,0x2A},
        {0x34,0x1C,0x46,0x99,0xD4,0x6A,0x1A,0x02,0x37,0x7A,0x28,0x8B,0x27,0xAF,0xEB,0x03,0xC6,0xE0,0x0C,0x59,0xA6,0x9D,0xB3,0xD6,0x23,0x0A,0xBA,0x44,0x70,0xD5,0xAC,0xFF},
    },
    {
        UINT32_C(36568),
        UINT64_C(0x076662727E37BBB5),
        UINT32_C(148),
        UINT32_C(228),
        {0x1F,0xB5,0x0E,0xBD,0x86,0x0F,0x26,0x78,0x6F,0x03,0x6F,0x00,0x09,0x45,0x8F,0xB9,0x62,0x13,0x3E,0x4F,0x33,0x47,0x07,0x98,0x57,0xA3,0xBB,0x37,0x3C,0x11,0x4A,0x5F},
        {0x05,0x96,0xF1,0x45,0x67,0x30,0x04,0x4C,0xEE,0xEB,0x14,0xE3,0x86,0x3D,0xCA,0x4C,0x17,0x9E,0x93,0xD1,0xCF,0xCA,0xBF,0x4D,0x6E,0x5B,0x8D,0x75,0xB4,0xD4,0xB8,0x55},
    },
    {
        UINT32_C(36568),
        UINT64_C(0x886688231BD1EB3C),
        UINT32_C(230),
        UINT32_C(130),
        {0x0F,0xFC,0xD9,0x94,0x08,0xAD,0x78,0xF9,0x29,0x8E,0xC1,0xC3,0x50,0x88,0xC8,0x8B,0x53,0x2C,0x59,0x81,0x38,0x36,0x9A,0xE2,0xC0,0x45,0x21,0xE1,0xE4,0x36,0x01,0x49},
        {0xBF,0x99,0x1E,0x2E,0x74,0xE2,0x91,0xEB,0xF1,0xC8,0xC8,0x41,0x1F,0xFE,0xDB,0xB0,0x97,0x71,0x86,0xF1,0x86,0x84,0xFE,0x6B,0x05,0x03,0xDF,0x67,0xF7,0xF0,0x36,0x8C},
    },
    {
        UINT32_C(36636),
        UINT64_C(0xC3C452E7ADE009DC),
        UINT32_C(210),
        UINT32_C(123),
        {0x55,0xE4,0xD1,0x4D,0x82,0x15,0x05,0xFD,0xB4,0xDB,0xFB,0x9D,0xD6,0xBD,0xE8,0xDD,0x14,0xBB,0x24,0xBE,0x94,0x13,0x4F,0xAC,0x80,0xAB,0x89,0x0F,0xDA,0x0F,0x59,0xFE},
        {0x2F,0xB5,0xAC,0x02,0x2C,0xF3,0x38,0xA2,0x24,0xD1,0xA3,0xD6,0xD5,0x81,0x57,0x91,0x48,0xCE,0x06,0x1F,0x81,0xD2,0x6A,0x79,0x9C,0xCB,0xE4,0xD4,0x73,0xE1,0x27,0xF8},
    },
    {
        UINT32_C(36640),
        UINT64_C(0x1CF3DAC29528969D),
        UINT32_C(148),
        UINT32_C(228),
        {0x79,0x87,0x1A,0xC4,0x41,0x07,0x02,0x88,0xC2,0xB1,0x2B,0xF0,0x53,0xA5,0xD5,0xBB,0x54,0xB1,0x67,0x71,0xEC,0x83,0x54,0xEC,0x08,0x2D,0xFF,0x99,0x93,0x1B,0x6E,0x6A},
        {0x6B,0xC8,0xC7,0x3D,0x4F,0x44,0x46,0x5A,0xFF,0x50,0x67,0x21,0xB7,0x07,0xA5,0xCA,0x1C,0x31,0x91,0xF3,0xD6,0x16,0xB3,0x34,0x15,0xF8,0x0B,0xEE,0x50,0x64,0xE9,0x86},
    },
    {
        UINT32_C(36662),
        UINT64_C(0xB0EC92BED3A4D9CD),
        UINT32_C(148),
        UINT32_C(228),
        {0x19,0x0F,0xFE,0x5D,0x1A,0xF8,0xB5,0xE6,0xB5,0xBF,0xAC,0x12,0x8C,0xEB,0x68,0xFA,0x3E,0x3D,0x70,0x30,0x3C,0x50,0x38,0x40,0xC1,0x1B,0xDD,0xF4,0x57,0x29,0x24,0x18},
        {0x22,0x8A,0x40,0xEF,0x54,0x32,0x8D,0x53,0x9D,0x79,0x57,0x6C,0xA8,0x9A,0xB4,0xFD,0x67,0x14,0xA1,0x32,0xA6,0x86,0xBF,0xED,0xCA,0x4F,0xF0,0xA3,0xFB,0x92,0x1D,0x61},
    },
    {
        UINT32_C(36696),
        UINT64_C(0x2B17CE9920A25B72),
        UINT32_C(148),
        UINT32_C(228),
        {0x85,0x74,0xC5,0xA3,0x24,0x0F,0x46,0x95,0xC5,0xE0,0x54,0x4D,0x1C,0x60,0x0C,0xFC,0xB1,0x80,0x55,0x69,0x2B,0x82,0x61,0x34,0x0F,0x1B,0x6C,0xDB,0xC9,0x47,0x27,0x24},
        {0xFA,0xD0,0xCF,0xF5,0xFC,0xD1,0xDA,0x52,0x0D,0x61,0x1D,0x6B,0x49,0x97,0x96,0x98,0x27,0xA4,0xAA,0xB5,0xA3,0x4A,0xBB,0x71,0x7F,0xA5,0x5B,0xD1,0x13,0x06,0x54,0xF7},
    },
    {
        UINT32_C(36700),
        UINT64_C(0xBF1D6C3CE894C222),
        UINT32_C(230),
        UINT32_C(130),
        {0x84,0xD4,0xE3,0xB8,0x3C,0xEE,0x70,0x07,0x7D,0xE0,0xBE,0x82,0xD7,0x75,0x11,0x2E,0x6A,0xB7,0xC9,0xB2,0xF1,0xE9,0x54,0x6E,0xF3,0x21,0xC1,0xCB,0x5F,0xCA,0xAA,0x0C},
        {0xB6,0x36,0xF6,0x3A,0x01,0x36,0xBF,0x66,0xCA,0x7F,0x6E,0x22,0x1B,0xD5,0x3C,0xD5,0x61,0xA4,0x13,0x5A,0x14,0x8A,0x0F,0xA2,0xFB,0x9D,0x1F,0xFD,0x99,0x53,0x78,0xF9},
    },
    {
        UINT32_C(36820),
        UINT64_C(0x197501090D4B6349),
        UINT32_C(210),
        UINT32_C(123),
        {0x6D,0xF2,0xD7,0x0C,0xB1,0xC8,0xF7,0x63,0x34,0x81,0xC0,0x1B,0x6A,0x97,0x86,0xDC,0xD9,0xC4,0xDA,0x56,0x2B,0xDD,0x22,0x7D,0x7F,0x4E,0x5B,0x98,0x41,0xA9,0x74,0x37},
        {0xF7,0x8E,0x94,0x35,0xCF,0x36,0xFF,0x24,0xAF,0x02,0x80,0x3C,0xBD,0x45,0x01,0x35,0x79,0xCB,0xA7,0x57,0xA2,0xB6,0x00,0x82,0x9C,0x41,0x7F,0x2F,0x5B,0x09,0x09,0x34},
    },
    {
        UINT32_C(36828),
        UINT64_C(0x509B4D7653A5D19C),
        UINT32_C(230),
        UINT32_C(130),
        {0xD4,0xB4,0x97,0x98,0x36,0x67,0x00,0x1D,0x30,0x57,0x4B,0x17,0x37,0x02,0x9E,0x40,0x43,0x89,0x9E,0x6B,0xB8,0xBF,0x8E,0xCE,0x9B,0xE1,0x33,0x3A,0xC6,0x35,0x3F,0xC0},
        {0x13,0x37,0xB5,0xE2,0x69,0x99,0x2E,0x77,0x78,0x5B,0x65,0x01,0x58,0xA5,0xB5,0xD4,0xA8,0x89,0x3A,0xA2,0x41,0xE0,0x1D,0xB0,0x17,0x28,0x64,0x8D,0x82,0xC0,0x1B,0x4E},
    },
    {
        UINT32_C(36846),
        UINT64_C(0xA9F02C1F11E2BDB0),
        UINT32_C(148),
        UINT32_C(228),
        {0x4F,0x4B,0x82,0x29,0x42,0xF2,0x00,0xF0,0x97,0xC0,0x82,0xE5,0x1F,0xEB,0x96,0x65,0x2C,0xD1,0x68,0x36,0x5C,0x19,0x03,0xEF,0x97,0x07,0x2C,0x59,0xBF,0x5B,0x66,0x55},
        {0xCB,0x25,0x4E,0xFF,0xC1,0x4F,0xF2,0xB6,0xF6,0x2A,0x68,0x0E,0x3B,0x86,0x75,0xF2,0x54,0x9D,0x37,0xA5,0x5F,0x99,0x60,0xD2,0x98,0xA8,0x04,0x58,0x92,0x49,0x7B,0x51},
    },
    {
        UINT32_C(36848),
        UINT64_C(0x0A038CCB70FB0250),
        UINT32_C(148),
        UINT32_C(228),
        {0xB4,0x8A,0xD4,0x9C,0x56,0x6C,0x39,0xB0,0xB1,0x2B,0x8C,0x07,0xC0,0x4B,0x33,0x6F,0xBA,0xFE,0x7F,0x6C,0x9F,0xBA,0xE5,0x44,0x4F,0x27,0xCB,0x5E,0x73,0x2F,0x73,0xED},
        {0xFE,0x74,0x41,0x15,0xB8,0xC3,0x6F,0xB9,0x56,0xE2,0xFA,0x59,0x72,0x36,0xA8,0xD4,0x4A,0x20,0xA5,0x6F,0xF0,0xA6,0x3F,0x35,0x07,0xEF,0xD5,0x38,0x0A,0xF9,0xA8,0x86},
    },
    {
        UINT32_C(36878),
        UINT64_C(0x58139E6BED84B106),
        UINT32_C(148),
        UINT32_C(228),
        {0x75,0xFF,0x62,0x98,0x99,0x6A,0x08,0x4B,0xE6,0x54,0x19,0xBF,0x7B,0x66,0xC9,0xA7,0x02,0x6C,0x38,0xE2,0xD9,0xDE,0x2B,0xD6,0x0F,0xA6,0xB4,0xD2,0x7D,0x53,0xC7,0x68},
        {0xF0,0xBF,0xE3,0x82,0xC4,0xB2,0xA9,0xAA,0x9A,0x12,0x35,0xB9,0x55,0x5F,0x25,0x0D,0x8C,0xD6,0x22,0x4B,0xD7,0xDA,0x59,0xAB,0xA2,0xC6,0xE2,0xBC,0x55,0xE6,0xD8,0x86},
    },
    {
        UINT32_C(36986),
        UINT64_C(0xE4C7EE04173C09C8),
        UINT32_C(148),
        UINT32_C(228),
        {0x66,0x8A,0x3B,0x65,0x01,0x86,0x30,0x2A,0x3A,0x3A,0x51,0x91,0xFC,0x9D,0x93,0x54,0x9B,0x4D,0xE7,0xEF,0x0C,0x6C,0x15,0xCC,0xEF,0xEA,0xC9,0xE0,0x89,0xB9,0xA2,0x23},
        {0xA2,0x66,0xC3,0x4A,0x38,0x0C,0xBB,0x7A,0xDD,0x4E,0xF8,0xBE,0xAE,0x3C,0x9B,0x43,0x40,0xB5,0x91,0xD7,0x46,0x82,0x90,0x21,0xE8,0xA9,0x84,0x2E,0xE9,0xF0,0x0F,0x72},
    },
    {
        UINT32_C(36998),
        UINT64_C(0xC55B8422B6020D74),
        UINT32_C(210),
        UINT32_C(123),
        {0x5A,0xB2,0x88,0x97,0x23,0x6D,0x33,0x73,0x36,0x9B,0xE5,0x5D,0xFC,0xFA,0x6B,0x7D,0x6C,0x7D,0x7E,0x06,0x44,0x1D,0x8A,0xAD,0x2D,0xF3,0x5A,0x7B,0xBF,0xAD,0xC1,0xA2},
        {0x34,0xC4,0x49,0x31,0xC8,0x79,0x84,0x97,0x36,0x44,0xAF,0x8D,0xC2,0x34,0xCC,0x02,0x21,0x9E,0x2E,0x66,0x09,0x1D,0xCA,0x7A,0xF2,0xE2,0xA2,0x2C,0x97,0x05,0xD7,0x35},
    },
    {
        UINT32_C(37114),
        UINT64_C(0xF4DB5CFA3E6B1337),
        UINT32_C(148),
        UINT32_C(228),
        {0x48,0x06,0x55,0x07,0xC9,0x20,0x8E,0xE2,0x7E,0x8E,0x6E,0xD3,0xBA,0x80,0x06,0x5D,0xF0,0x6A,0x26,0x4D,0x20,0xCB,0x72,0xD9,0xAD,0x93,0x87,0x2F,0x91,0xB6,0x5A,0x12},
        {0xAB,0x2E,0xE6,0x37,0xB0,0x89,0x77,0xF1,0xC3,0xCE,0x72,0xC9,0x84,0x1A,0xB0,0xF0,0x35,0x67,0x44,0x32,0x7C,0x2E,0xF7,0x60,0x5C,0x4F,0xFB,0x7B,0x45,0xD8,0xBD,0xE5},
    },
    {
        UINT32_C(37206),
        UINT64_C(0x84F6DE9AA51EB4B7),
        UINT32_C(210),
        UINT32_C(123),
        {0x72,0x07,0x42,0xDC,0x2F,0xDA,0x25,0xBD,0x20,0x47,0x55,0xF0,0x7B,0xC4,0x3B,0x7B,0x17,0xA4,0xB5,0x12,0xE5,0x6D,0x28,0x31,0x32,0x26,0x86,0x7D,0x32,0xE9,0x70,0x30},
        {0x0C,0xC2,0x93,0x2B,0x27,0xC3,0x57,0xA2,0x4C,0x4B,0x19,0xE9,0x14,0xFD,0xE3,0xA8,0xBB,0x46,0xE0,0x29,0xB3,0x49,0xF6,0x8B,0xDE,0xF3,0x23,0x28,0x0C,0x16,0x31,0x3C},
    },
    {
        UINT32_C(37210),
        UINT64_C(0xFEEBFF58976104B0),
        UINT32_C(148),
        UINT32_C(228),
        {0x37,0xCD,0xED,0x9A,0xDB,0xC6,0xF0,0x84,0x87,0xED,0xB0,0xB0,0x40,0xD7,0x8B,0xCA,0x0D,0xCD,0x9D,0x1E,0xEC,0x21,0x92,0xD0,0x38,0x7E,0x1E,0x74,0x00,0xCA,0xE9,0xEA},
        {0x49,0xB7,0xB1,0xE7,0xD0,0x55,0x6F,0xA4,0x82,0xA4,0x77,0x45,0x82,0x3C,0xD5,0x08,0xF5,0x57,0xDE,0xEF,0x55,0x8E,0x05,0x03,0xB3,0x28,0x9C,0x13,0x67,0x7B,0xFD,0x15},
    },
    {
        UINT32_C(37260),
        UINT64_C(0x88F028019EA9A8D0),
        UINT32_C(210),
        UINT32_C(123),
        {0x2F,0xF8,0x28,0xB2,0xF3,0x61,0x0E,0x5B,0x29,0x0C,0xE7,0x7F,0x75,0x5D,0x21,0xDD,0xB2,0xED,0xAA,0xC2,0xEB,0xB3,0x37,0xBF,0x1D,0xC2,0xDC,0x37,0x5A,0x50,0xD5,0x57},
        {0xD2,0xEE,0x2B,0x9D,0x31,0xDE,0x95,0x4A,0x98,0xFA,0x86,0x7F,0x76,0xF4,0xCF,0x8B,0x1A,0xA8,0xE5,0xC2,0x11,0x4C,0x45,0xBE,0x01,0x27,0xA2,0xB8,0x15,0x6B,0x81,0xCF},
    },
    {
        UINT32_C(37314),
        UINT64_C(0x9AD240B6189E4CE0),
        UINT32_C(148),
        UINT32_C(228),
        {0x9D,0x0C,0x7E,0xBC,0x77,0x62,0x54,0x6B,0xDA,0x24,0x30,0xC6,0x43,0x06,0xDA,0xA4,0xBA,0xEC,0xBB,0xAC,0x8E,0xF2,0x18,0x6C,0x57,0x85,0x60,0xBC,0x7C,0xC0,0xD0,0x14},
        {0x7A,0xE8,0x56,0xF1,0x96,0x3A,0xD4,0x03,0x0C,0x20,0x28,0x34,0xBE,0x72,0x39,0x54,0x63,0xC7,0xEA,0x0B,0xC6,0x52,0x2A,0xFA,0x62,0x75,0x37,0xE1,0x8B,0x74,0xDD,0xE9},
    },
    {
        UINT32_C(37334),
        UINT64_C(0x996B131B4AB55086),
        UINT32_C(148),
        UINT32_C(228),
        {0x1F,0xB5,0x0E,0xBD,0x86,0x0F,0x26,0x78,0x6F,0x03,0x6F,0x00,0x09,0x45,0x8F,0xB9,0x62,0x13,0x3E,0x4F,0x33,0x47,0x07,0x98,0x57,0xA3,0xBB,0x37,0x3C,0x11,0x4A,0x5F},
        {0x05,0x96,0xF1,0x45,0x67,0x30,0x04,0x4C,0xEE,0xEB,0x14,0xE3,0x86,0x3D,0xCA,0x4C,0x17,0x9E,0x93,0xD1,0xCF,0xCA,0xBF,0x4D,0x6E,0x5B,0x8D,0x75,0xB4,0xD4,0xB8,0x55},
    },
    {
        UINT32_C(37382),
        UINT64_C(0x55C0D2C81599BB3F),
        UINT32_C(210),
        UINT32_C(123),
        {0xDB,0x3B,0xD7,0x7C,0x88,0x22,0xD1,0xFB,0xA2,0x45,0x56,0x8C,0x87,0x03,0xDA,0x70,0x48,0x22,0x0F,0x07,0xF1,0xCE,0x1A,0x1D,0x7D,0x20,0x2B,0x57,0x94,0x7E,0x60,0x59},
        {0x02,0xF5,0x94,0xA3,0xB6,0x4A,0x51,0x4D,0xE6,0x68,0x34,0xCE,0x5F,0xA6,0xE4,0x06,0xDA,0x0D,0x49,0x10,0xE8,0x3B,0xF2,0xBB,0x79,0xC0,0xCF,0x5E,0xBC,0x55,0x54,0xC3},
    },
    {
        UINT32_C(37412),
        UINT64_C(0xC1E72C15A541BFC1),
        UINT32_C(148),
        UINT32_C(228),
        {0x3C,0xCE,0x6C,0x1B,0x77,0x64,0x3B,0x4A,0xC1,0xD3,0xDE,0x61,0x19,0xEE,0x2C,0xBC,0x8E,0x16,0x63,0x80,0x10,0x57,0x00,0x1E,0xB7,0xC4,0xBE,0xF9,0x2F,0x1F,0xC8,0x9A},
        {0xE7,0x7C,0xB9,0xB2,0x17,0x40,0xC5,0x1F,0xDB,0x6D,0xED,0xB1,0x64,0x04,0xB9,0x4E,0xD1,0x1F,0x9B,0x53,0x31,0x83,0x92,0x88,0x0F,0x9D,0xCF,0x21,0xF7,0xF7,0x6E,0xB9},
    },
    {
        UINT32_C(37484),
        UINT64_C(0x702F38176702D364),
        UINT32_C(148),
        UINT32_C(228),
        {0x40,0x76,0x06,0x5C,0xC1,0xB7,0x73,0x83,0xA1,0xEA,0x26,0xA4,0x08,0xFD,0x16,0x1C,0x85,0x91,0x6F,0x9D,0x40,0xB3,0x43,0x9A,0x26,0xE6,0x61,0x1C,0x7C,0x9E,0x20,0x19},
        {0x49,0xD3,0x03,0x6B,0x55,0x32,0xA9,0xB3,0x75,0x7F,0x8C,0xDA,0xA9,0xFB,0x7C,0x5A,0x63,0x90,0x4E,0xF8,0x87,0xEE,0x7B,0xF2,0xDD,0xC1,0x7D,0x3A,0xC5,0x01,0xF2,0x76},
    },
    {
        UINT32_C(37486),
        UINT64_C(0xA12D7EBAA2C68241),
        UINT32_C(210),
        UINT32_C(123),
        {0xD0,0xE3,0x99,0xC6,0x33,0xF1,0x0D,0xC4,0xB0,0xE4,0xB6,0xE6,0x90,0x46,0x02,0x3F,0x4F,0x6B,0x2B,0xDA,0xA0,0x7A,0xCB,0x4A,0xBE,0xF6,0x1E,0xD2,0x08,0x85,0xED,0xE9},
        {0xBF,0x08,0x43,0x76,0x36,0x71,0xB1,0x10,0x09,0x8D,0x1F,0x2B,0x0D,0x4E,0x9C,0x8B,0x86,0xA8,0x5A,0x19,0x3D,0xE6,0xFC,0x2F,0xCE,0x49,0xB1,0x03,0x71,0x4C,0x70,0xDD},
    },
    {
        UINT32_C(37520),
        UINT64_C(0x5666C91B2F1C4D74),
        UINT32_C(303),
        UINT32_C(210),
        {0x74,0xC2,0xED,0x9B,0xC4,0xF9,0x7C,0x59,0x2B,0x46,0x80,0xD2,0x34,0xAD,0xAF,0x1D,0x3A,0x96,0x21,0x8F,0x95,0x1F,0xE0,0x94,0xFF,0x5A,0xA9,0xDB,0x8A,0x19,0x49,0xD3},
        {0x93,0x1F,0x42,0xEC,0x12,0xDF,0x01,0x8A,0xB2,0xB4,0x16,0xA9,0x24,0x5E,0xF5,0xBF,0x34,0x37,0x92,0x9E,0xD9,0x93,0x77,0xDD,0xF7,0x93,0x3A,0xFF,0x2A,0xC8,0xB6,0xA9},
    },
    {
        UINT32_C(37576),
        UINT64_C(0x291ABEAF59744D1E),
        UINT32_C(148),
        UINT32_C(228),
        {0x35,0x2D,0x3B,0xB3,0xB5,0x67,0x99,0x88,0xAB,0x3B,0xD8,0x54,0xE5,0xF0,0xFF,0xF9,0xD5,0x32,0x1A,0xC6,0x1F,0x96,0x57,0x1E,0x3D,0x98,0x55,0xAE,0xC3,0x66,0x6D,0x6D},
        {0x58,0xEB,0xA4,0x96,0xC0,0xEC,0xA3,0x1D,0xFF,0x65,0x3B,0x1E,0x12,0x87,0xEA,0x22,0xF1,0xB7,0xCD,0xA5,0x82,0x8B,0xB8,0xEE,0x86,0xCF,0x2B,0xE1,0xFA,0x78,0x27,0xD1},
    },
    {
        UINT32_C(37610),
        UINT64_C(0x876C084E96AE7A8E),
        UINT32_C(1280),
        UINT32_C(750),
        {0xCA,0x26,0x0D,0x11,0xF2,0x5C,0x0A,0xDB,0xB1,0xCA,0x22,0xAF,0x7C,0x34,0xCE,0x51,0xBB,0x89,0x29,0x26,0x9B,0x8E,0x85,0x2A,0xBF,0x12,0xF5,0x67,0xB9,0xC5,0xB8,0x67},
        {0x94,0xD1,0x2E,0x2A,0x2B,0x3B,0x9D,0x25,0x57,0xE3,0x5B,0x84,0x0A,0x68,0x19,0x51,0x0A,0x9D,0xF8,0xD2,0x41,0x72,0x85,0xF8,0x4F,0xFD,0x6E,0xC5,0x16,0x79,0x27,0x08},
    },
    {
        UINT32_C(37658),
        UINT64_C(0x6386337777C04A87),
        UINT32_C(210),
        UINT32_C(123),
        {0x45,0xE0,0x51,0x71,0x8D,0x11,0x8C,0x4B,0x67,0xBD,0x0B,0xE9,0x79,0x86,0x7C,0xB5,0x0F,0x99,0x5D,0x4B,0x38,0x67,0xC9,0xED,0xA2,0x4F,0x5B,0xC1,0xBB,0x81,0x26,0x3A},
        {0x48,0x4D,0xEF,0x08,0x20,0xCE,0x94,0x83,0x73,0x6B,0x29,0x43,0xB9,0xC1,0x9E,0xFE,0xE3,0xE9,0x10,0xD3,0x6E,0x0E,0x87,0xEA,0xED,0x3E,0xA9,0xA0,0x0D,0xA8,0x4C,0x71},
    },
    {
        UINT32_C(37676),
        UINT64_C(0xB6579AC9D72316CD),
        UINT32_C(230),
        UINT32_C(130),
        {0xFD,0x44,0xA7,0xFA,0x22,0x62,0x23,0x14,0x35,0xDF,0x30,0xB0,0x4C,0x03,0x5E,0xB5,0x7E,0xCE,0xEF,0xA6,0xB9,0xA4,0x83,0x64,0x61,0x30,0xFD,0x49,0xA8,0xD4,0x73,0xDC},
        {0x6D,0xFD,0xA1,0xB3,0xA3,0x16,0xCB,0x77,0x31,0x34,0xA2,0xF0,0x0B,0x64,0x81,0xC2,0x05,0x54,0x23,0xE1,0x15,0x2E,0x58,0x0D,0x41,0x56,0x3D,0x0D,0x68,0x42,0x3B,0x24},
    },
    {
        UINT32_C(37690),
        UINT64_C(0x216BFF5F1187A51E),
        UINT32_C(210),
        UINT32_C(123),
        {0xD2,0x74,0x7B,0xAE,0xF2,0x7C,0x8C,0x8C,0x5C,0x59,0x25,0x7D,0x80,0x4E,0xBB,0x45,0x8D,0x0D,0x37,0x45,0x7A,0x3B,0x5F,0xAA,0xE2,0xC8,0xC2,0x1E,0x53,0x6C,0x5C,0xA1},
        {0xAA,0x2A,0x17,0x34,0x9F,0xB5,0x13,0xA8,0xED,0x78,0xEB,0xC7,0xB0,0x05,0x43,0xC4,0x01,0x5B,0x6C,0xB4,0xB1,0xC5,0x64,0x37,0x89,0x7B,0x86,0x36,0xDF,0x72,0x0F,0xEF},
    },
    {
        UINT32_C(37724),
        UINT64_C(0x895448E871602D13),
        UINT32_C(148),
        UINT32_C(228),
        {0xB4,0x8A,0xD4,0x9C,0x56,0x6C,0x39,0xB0,0xB1,0x2B,0x8C,0x07,0xC0,0x4B,0x33,0x6F,0xBA,0xFE,0x7F,0x6C,0x9F,0xBA,0xE5,0x44,0x4F,0x27,0xCB,0x5E,0x73,0x2F,0x73,0xED},
        {0xFE,0x74,0x41,0x15,0xB8,0xC3,0x6F,0xB9,0x56,0xE2,0xFA,0x59,0x72,0x36,0xA8,0xD4,0x4A,0x20,0xA5,0x6F,0xF0,0xA6,0x3F,0x35,0x07,0xEF,0xD5,0x38,0x0A,0xF9,0xA8,0x86},
    },
    {
        UINT32_C(37738),
        UINT64_C(0xEDE6287252DE21D3),
        UINT32_C(210),
        UINT32_C(123),
        {0x14,0xAD,0x10,0xEB,0x82,0xD8,0xA0,0x83,0x8F,0x32,0x46,0x66,0x61,0x39,0x24,0x55,0x8B,0x15,0x75,0xA7,0x54,0x3D,0x3B,0x90,0x2B,0xFF,0xB2,0x88,0x26,0xC6,0x29,0x63},
        {0x27,0x45,0x27,0xC2,0xCA,0x52,0xA3,0xD3,0xC3,0xCF,0xB4,0x9E,0x46,0xDF,0xD8,0x80,0xEF,0x9B,0x5C,0xD8,0x24,0x04,0x40,0xD6,0xBD,0xC7,0x2D,0xDA,0xD8,0xA5,0xEF,0x21},
    },
    {
        UINT32_C(37766),
        UINT64_C(0x92F036BE7B2F33FA),
        UINT32_C(148),
        UINT32_C(228),
        {0x6B,0x21,0x27,0x61,0x82,0x11,0xAE,0x19,0x8F,0xE1,0xF2,0xF3,0xDB,0x08,0x58,0xF0,0xDE,0x42,0xA0,0x0A,0xFD,0xFE,0xDF,0x4C,0x40,0x5D,0x8A,0x9F,0x37,0x62,0xD4,0x4D},
        {0x40,0xA5,0x6A,0x97,0xB6,0xF6,0x0A,0x1E,0x8B,0xDC,0xB3,0x45,0x9C,0x9E,0x7B,0x62,0x51,0x2A,0x7E,0x56,0x3F,0xC6,0xB9,0xA9,0x20,0x10,0x22,0x31,0x29,0x64,0xDA,0x87},
    },
    {
        UINT32_C(37840),
        UINT64_C(0x027BDD3E18AB6429),
        UINT32_C(148),
        UINT32_C(228),
        {0xA0,0xB9,0xDA,0x98,0xFC,0x17,0x54,0x04,0x68,0xF3,0xCE,0x5C,0xFA,0xFA,0xD3,0xAE,0xE1,0x9E,0x13,0x66,0x56,0xEF,0x02,0x32,0x61,0xA4,0xFD,0x53,0x52,0x15,0x20,0x1B},
        {0x30,0xDE,0xE0,0xBD,0x57,0xF6,0x31,0xFA,0x6E,0x24,0x27,0x2B,0x68,0x3E,0x76,0xE7,0x59,0x4C,0x22,0x38,0x5B,0x66,0xD6,0x29,0xDE,0x06,0x4E,0x13,0x6E,0x5E,0x9F,0xD5},
    },
    {
        UINT32_C(37858),
        UINT64_C(0x17EAC248A9EF5198),
        UINT32_C(210),
        UINT32_C(123),
        {0xF1,0x26,0x96,0x53,0xA4,0x95,0x7F,0xA0,0x64,0xDB,0xEF,0x83,0xA0,0x05,0x1F,0x62,0x0F,0xE1,0x60,0x58,0xB1,0x74,0xFF,0xBB,0x97,0x3A,0xBC,0x67,0x9A,0xC5,0x63,0x82},
        {0x65,0x44,0x5D,0xAF,0xA9,0xBB,0x47,0xC0,0x6F,0xED,0x03,0xF2,0xF1,0xB4,0xC4,0xE2,0x61,0xD2,0xCB,0xAE,0x51,0x2D,0x7F,0x75,0xA7,0xA6,0x72,0xB5,0x6C,0xA8,0xA9,0xEC},
    },
    {
        UINT32_C(37874),
        UINT64_C(0xAD13A8ECC2F24E80),
        UINT32_C(230),
        UINT32_C(130),
        {0x1A,0xF1,0x14,0x19,0x85,0x7D,0x89,0xDE,0xA9,0x22,0x80,0x57,0xFA,0x82,0x5D,0x69,0xCF,0x41,0xA8,0xBE,0xEC,0x04,0xC1,0x29,0x3A,0x6B,0xBA,0x14,0x58,0xBA,0x2E,0xAA},
        {0xBD,0x03,0xF7,0x65,0xB8,0x10,0xEE,0xBA,0x59,0x1A,0xE0,0x2B,0x41,0x42,0xDC,0x9B,0x3F,0xFA,0x17,0xBC,0xDA,0xEC,0x9E,0x34,0x69,0xA0,0xB1,0xBE,0x6D,0x46,0x9E,0x12},
    },
    {
        UINT32_C(37878),
        UINT64_C(0xC9EF277652297C05),
        UINT32_C(148),
        UINT32_C(228),
        {0x28,0x0F,0x0F,0x03,0x7E,0x8A,0xEA,0x98,0xD0,0x22,0x4D,0xC2,0xBF,0x64,0x3C,0x80,0xC3,0xD1,0x48,0x74,0x26,0x93,0x22,0xCD,0x98,0x1F,0x60,0xE4,0x22,0x1F,0xB7,0x0F},
        {0x5F,0xB8,0x50,0x1F,0x80,0xE6,0x1A,0x05,0x62,0x7F,0xAE,0x1D,0xE2,0xC0,0x9B,0x6F,0xAA,0x8E,0xBC,0x4C,0x40,0xDF,0x5D,0x8C,0xD2,0xE7,0x8B,0xE2,0x28,0xA4,0xAF,0x5F},
    },
    {
        UINT32_C(37926),
        UINT64_C(0xC4E5F93FE0B168C2),
        UINT32_C(148),
        UINT32_C(228),
        {0xE5,0xDC,0x2C,0x9E,0x96,0xA7,0xB4,0x4A,0xB0,0x9E,0x36,0x0A,0x02,0x63,0xA7,0x1F,0x4D,0x5D,0x45,0xD3,0xEE,0xC2,0x69,0x56,0xD7,0x36,0x56,0xC3,0x4D,0x83,0x78,0xE4},
        {0x83,0x50,0xC7,0xE5,0x9C,0xF0,0x84,0xFB,0xC9,0xC8,0xAC,0x99,0x46,0x75,0x41,0x53,0xF5,0x18,0xA4,0x50,0xA0,0x14,0x58,0xCB,0xAB,0x5F,0x23,0xAF,0x27,0xBD,0xD8,0xA8},
    },
    {
        UINT32_C(37956),
        UINT64_C(0xAB6A7D0888039491),
        UINT32_C(1024),
        UINT32_C(600),
        {0x31,0x99,0x74,0xE3,0xAF,0x04,0x3C,0xE2,0xAA,0x69,0xB3,0x41,0xF1,0x6A,0x97,0xFA,0x60,0xC8,0x56,0x1A,0x64,0xAA,0x51,0xF6,0xD3,0x63,0x97,0x99,0xC4,0x68,0xE3,0xBA},
        {0x1C,0x3E,0x01,0xB8,0xBD,0xB0,0xB9,0x8E,0xBF,0xA1,0x61,0xE1,0x02,0x4E,0x10,0xE0,0xDF,0x38,0x88,0xFE,0xA6,0x42,0xE5,0x5B,0xA3,0x17,0x13,0xA0,0xCC,0x29,0xF9,0x3D},
    },
    {
        UINT32_C(37962),
        UINT64_C(0x4EE8F0BF5AAC6E42),
        UINT32_C(148),
        UINT32_C(228),
        {0xF7,0x82,0xBC,0x2A,0x6D,0x5B,0xAE,0x58,0x0F,0x3E,0x31,0xB1,0x00,0x67,0xEE,0x85,0x16,0x84,0x71,0x0A,0xAB,0x32,0x49,0xDA,0x73,0x45,0x48,0x66,0xD2,0xFD,0x72,0x20},
        {0x99,0x2B,0x35,0xCE,0xA9,0x38,0x75,0xB3,0x49,0x02,0x6C,0x0C,0x02,0x8D,0xA3,0x45,0x9C,0xD3,0xA4,0x1E,0x8E,0xD3,0x4C,0xA4,0x4C,0x1E,0xB2,0x98,0x9C,0x7E,0x6B,0xA9},
    },
    {
        UINT32_C(37994),
        UINT64_C(0x8ADA778D878496A8),
        UINT32_C(1302),
        UINT32_C(985),
        {0x75,0xC4,0x6F,0xFF,0x31,0xD0,0x57,0x13,0x05,0x58,0xA1,0xC9,0xB0,0x72,0xA5,0x7E,0x94,0x09,0x2D,0x04,0x2B,0xFD,0x2A,0x12,0x11,0x5C,0x77,0xC1,0x3F,0x61,0xC6,0x3A},
        {0x1C,0x3B,0x3C,0xBB,0x2C,0xD7,0xE6,0x8B,0xAF,0x25,0x36,0x2C,0x35,0x32,0xEB,0xBF,0x5E,0xE0,0x00,0x62,0x3F,0xDE,0x89,0x04,0x25,0xB5,0xBF,0x30,0x41,0x54,0x68,0xAD},
    },
    {
        UINT32_C(38072),
        UINT64_C(0x3F1C2BD40A7602BF),
        UINT32_C(230),
        UINT32_C(130),
        {0x1E,0x93,0x16,0xAD,0x0D,0x6F,0xB8,0x2F,0x82,0xA2,0x79,0x89,0x67,0x0B,0x11,0xBB,0x46,0x45,0x43,0xD7,0x6D,0x63,0xC1,0x74,0xBD,0x3D,0xEB,0x5E,0x20,0x99,0x4F,0x6B},
        {0x2F,0x2A,0xFB,0xA3,0x34,0x28,0x64,0xBB,0x54,0x4D,0x2E,0xC2,0x7B,0xB8,0x2C,0x86,0x5F,0xC7,0x65,0x3F,0x0A,0xBA,0x8D,0x4B,0x89,0xD0,0x95,0x56,0x21,0x05,0x60,0xC2},
    },
    {
        UINT32_C(38072),
        UINT64_C(0xF0C538A41F941D0C),
        UINT32_C(148),
        UINT32_C(228),
        {0x4B,0x27,0xD0,0x23,0x8C,0x4F,0x57,0x8F,0xC8,0x31,0x1B,0x6A,0xDE,0x62,0x4D,0x49,0xEB,0x76,0xD7,0x9C,0xA9,0x07,0x70,0xB5,0x60,0x8E,0xE5,0x70,0x1A,0x41,0x12,0xFE},
        {0x4F,0x9B,0x86,0xB6,0x69,0x89,0x8B,0x79,0x24,0x8E,0x4F,0xBE,0x26,0x53,0x50,0x70,0xBC,0xE2,0x19,0x1B,0x4D,0x75,0xCA,0xA3,0xAD,0xB2,0xB8,0xFA,0x55,0x85,0xBA,0x6E},
    },
    {
        UINT32_C(38132),
        UINT64_C(0x686A153DE9611DBE),
        UINT32_C(210),
        UINT32_C(123),
        {0x8A,0xC3,0x27,0x64,0x2D,0x86,0x0A,0x6C,0xC3,0x14,0xD6,0x34,0x20,0xB1,0xEE,0x86,0xC1,0xAF,0xD8,0x5E,0x96,0xC1,0x50,0xB8,0x64,0x14,0xB9,0xB8,0x10,0x76,0x25,0x38},
        {0x6C,0x6C,0xA5,0x4A,0x0E,0x90,0x28,0x19,0xB1,0xE5,0xC2,0xF8,0xC0,0xA1,0x22,0x0C,0x52,0x89,0xF9,0x6A,0xB7,0x7A,0xEA,0x92,0xF6,0x40,0x75,0x25,0xE6,0x89,0xDC,0xA1},
    },
    {
        UINT32_C(38188),
        UINT64_C(0x410C68BC29F2ED80),
        UINT32_C(148),
        UINT32_C(228),
        {0x64,0x24,0xB4,0x4D,0x4B,0x25,0x5C,0x8B,0x9D,0x09,0x8F,0x9F,0x73,0x95,0xBE,0x1E,0x64,0x59,0x68,0x1D,0xB6,0x32,0x67,0x23,0x19,0x92,0xAE,0xA4,0x98,0x28,0xB6,0x55},
        {0x63,0x93,0x28,0x54,0xA8,0xBD,0xC8,0x22,0x1D,0x46,0x1C,0x68,0x06,0x84,0x8A,0xDD,0x89,0x60,0xAC,0x75,0x19,0x42,0x74,0xF9,0xE0,0x93,0x67,0x49,0x9D,0x3B,0x9C,0x75},
    },
    {
        UINT32_C(38220),
        UINT64_C(0x646F67EFADDC5EEA),
        UINT32_C(148),
        UINT32_C(228),
        {0x39,0x59,0x03,0xC0,0x37,0xB5,0x5F,0xC1,0x86,0xD0,0xA4,0x9C,0xAC,0x8A,0x4C,0xDC,0x38,0x49,0xCF,0x1E,0x8D,0x3E,0x72,0xFE,0x34,0xDC,0x8D,0x69,0x57,0x16,0xDC,0x40},
        {0x96,0xD6,0xCA,0x20,0xC9,0xAF,0x67,0x07,0xFA,0x17,0x6C,0xF5,0xB8,0xC3,0xF3,0x24,0x43,0x35,0x6B,0x2B,0x9E,0x74,0x15,0x3C,0x55,0x46,0x10,0xAD,0x54,0x4B,0x10,0x72},
    },
    {
        UINT32_C(38226),
        UINT64_C(0xA4E53DC2E9CBA819),
        UINT32_C(148),
        UINT32_C(228),
        {0xBC,0x62,0x37,0x2A,0xBB,0x4F,0xDC,0xA6,0xEA,0x51,0x45,0xDE,0xB1,0xFF,0x58,0x0C,0x8B,0x57,0xCE,0xA5,0x95,0x5D,0x3F,0xD4,0xCE,0x06,0x4F,0xF2,0xC8,0x32,0x45,0x1A},
        {0x32,0xE7,0x86,0xF8,0xED,0x22,0x4F,0x64,0x02,0xE2,0xEA,0x35,0xCC,0xF7,0x5B,0x22,0x73,0xBC,0x07,0xED,0xA8,0xA5,0xC1,0x9E,0x2D,0xE1,0x11,0x70,0x63,0x2D,0xB6,0x2D},
    },
    {
        UINT32_C(38336),
        UINT64_C(0xAE02008AF7957130),
        UINT32_C(210),
        UINT32_C(123),
        {0x3B,0x6A,0x20,0x16,0x8B,0x94,0x65,0x02,0x18,0x8C,0x81,0x96,0x37,0x84,0xD0,0x95,0x1D,0x7A,0x3B,0x91,0x62,0xD4,0x59,0x34,0xD5,0xAF,0x05,0xD2,0xEE,0x1B,0x7A,0x3B},
        {0xE4,0xE0,0x5F,0x45,0xA4,0x46,0x77,0xDB,0xFE,0x38,0x15,0x9A,0x54,0xBB,0x97,0xE6,0xD4,0x46,0x17,0x67,0x54,0x10,0x9D,0xE7,0xF3,0xD1,0x5C,0xFD,0x99,0xD4,0x7F,0x16},
    },
    {
        UINT32_C(38340),
        UINT64_C(0xBD5777D5CFE9FF33),
        UINT32_C(230),
        UINT32_C(130),
        {0x1A,0xF1,0x14,0x19,0x85,0x7D,0x89,0xDE,0xA9,0x22,0x80,0x57,0xFA,0x82,0x5D,0x69,0xCF,0x41,0xA8,0xBE,0xEC,0x04,0xC1,0x29,0x3A,0x6B,0xBA,0x14,0x58,0xBA,0x2E,0xAA},
        {0xBD,0x03,0xF7,0x65,0xB8,0x10,0xEE,0xBA,0x59,0x1A,0xE0,0x2B,0x41,0x42,0xDC,0x9B,0x3F,0xFA,0x17,0xBC,0xDA,0xEC,0x9E,0x34,0x69,0xA0,0xB1,0xBE,0x6D,0x46,0x9E,0x12},
    },
    {
        UINT32_C(38406),
        UINT64_C(0x2A9A15BD3A6392CE),
        UINT32_C(148),
        UINT32_C(228),
        {0x02,0x53,0x86,0x89,0xA5,0x91,0x3E,0x07,0xC9,0x10,0xA9,0x38,0xCD,0x22,0x3F,0x10,0x61,0x16,0x74,0xF7,0xE3,0x23,0xDF,0xD3,0x51,0x22,0xA9,0xC8,0x1E,0x03,0xDB,0x91},
        {0x99,0x01,0x2C,0xA9,0xEB,0x0B,0xC2,0xB7,0xF5,0xEB,0x11,0x8D,0xB5,0xA2,0x8B,0xFD,0xA7,0x16,0xC3,0xA6,0x82,0xFE,0x79,0x52,0x1A,0xBC,0x8A,0x47,0x34,0x21,0x2B,0xC9},
    },
    {
        UINT32_C(38468),
        UINT64_C(0xB75DD434AC910449),
        UINT32_C(148),
        UINT32_C(228),
        {0xF0,0xAA,0xB2,0xA2,0xED,0x7D,0xCB,0xC9,0xAA,0x20,0x80,0x6F,0x05,0x02,0xFB,0xA7,0xF8,0xBB,0x63,0xF5,0x20,0x6A,0x17,0x47,0x61,0x1A,0xA6,0xCE,0xDC,0xA0,0x6B,0xDF},
        {0xBC,0x3D,0x4B,0x65,0xDA,0x16,0x46,0x49,0x34,0xE7,0xC9,0xB6,0x68,0x0A,0x88,0xD8,0x55,0x9B,0x96,0xDB,0x69,0xD5,0x25,0xDC,0xFC,0xE5,0x65,0x04,0xDD,0xA3,0x90,0x8C},
    },
    {
        UINT32_C(38522),
        UINT64_C(0x2EF491A2656BFF12),
        UINT32_C(148),
        UINT32_C(228),
        {0x9A,0x2E,0x98,0xA3,0x70,0x6C,0x5D,0x55,0x1B,0x6E,0x2E,0xE4,0x3D,0x63,0xEC,0xEC,0xF7,0x8D,0x9B,0x02,0xB7,0x97,0x23,0x2A,0x28,0x1C,0x77,0x8B,0x9B,0x45,0xEF,0xAB},
        {0x5F,0x9C,0x2E,0x81,0x2D,0x88,0x35,0xB1,0x8B,0x72,0xAD,0xED,0xBF,0xDA,0xA1,0xE2,0x3D,0x5F,0x67,0xDE,0x51,0x71,0xD8,0xE6,0xB9,0x2C,0x0F,0xDF,0x1A,0xB8,0x22,0x9A},
    },
    {
        UINT32_C(38662),
        UINT64_C(0x9C63D77F9D30610E),
        UINT32_C(148),
        UINT32_C(228),
        {0x05,0xFA,0xBC,0x00,0x9E,0x5A,0x11,0x97,0x17,0xCF,0xDB,0xD6,0xDA,0x80,0x49,0xEF,0x60,0x2F,0x69,0xB3,0x43,0xBE,0xD6,0xB6,0x9C,0x76,0x94,0x57,0x8C,0x4E,0xEC,0x0F},
        {0xAC,0x51,0xCB,0xB0,0x0B,0x01,0x72,0x62,0xBD,0xD7,0xE9,0x8E,0xEA,0x51,0x0E,0x59,0x89,0x3B,0x74,0x8A,0xD5,0x87,0x25,0x1F,0x7A,0xB4,0x21,0xC1,0xE0,0x3D,0x5A,0x9F},
    },
    {
        UINT32_C(38742),
        UINT64_C(0x0188AD91C929ED79),
        UINT32_C(210),
        UINT32_C(123),
        {0x4B,0x2B,0xB4,0x85,0x14,0xE6,0x18,0xBF,0xBA,0xCC,0x93,0x61,0x44,0xF6,0xF9,0xC9,0x2E,0x5F,0xDA,0xC5,0xD2,0xF2,0x91,0x5D,0xD1,0xF1,0xB2,0xE6,0xB1,0x7B,0x24,0x12},
        {0xBA,0xD3,0x8A,0x3D,0x0E,0xBD,0x22,0x18,0x21,0x92,0xCB,0xFE,0x94,0xE0,0x34,0x32,0x73,0x52,0x57,0x1C,0xD6,0x45,0xE6,0x8E,0xD5,0x0A,0x14,0xCA,0x43,0x06,0xFF,0xC1},
    },
    {
        UINT32_C(38748),
        UINT64_C(0xF96C0858F9383F97),
        UINT32_C(210),
        UINT32_C(123),
        {0xE5,0x3E,0xB8,0x8A,0x81,0xBD,0x3C,0x8A,0x2D,0x68,0xF9,0xF8,0xF3,0x8E,0xD0,0x02,0x0A,0xB9,0xDB,0xB2,0xA1,0x04,0x78,0xFA,0x1B,0xFD,0x22,0xE9,0xF5,0xF1,0x1B,0x29},
        {0x47,0xA1,0xAE,0x50,0x97,0xF6,0x13,0xE9,0x11,0xA5,0xDE,0x73,0xCB,0xFD,0x36,0x0A,0xD1,0x64,0x9F,0xE6,0x96,0x27,0x9C,0xBF,0x47,0x1C,0xB7,0x0E,0x89,0xB6,0xE3,0xC9},
    },
    {
        UINT32_C(38760),
        UINT64_C(0x98D7597E0D9806F6),
        UINT32_C(210),
        UINT32_C(123),
        {0x77,0x74,0x1E,0x5E,0xB5,0x34,0xEF,0xFF,0xE9,0x24,0x61,0x46,0xD5,0x20,0x80,0xF3,0xA6,0x87,0x41,0xAF,0x6D,0x5B,0xBA,0x27,0xA9,0xF5,0x23,0x90,0x6B,0x1A,0xDE,0xFD},
        {0x8E,0x6D,0xF2,0x87,0x7C,0x45,0x78,0xC5,0xFB,0xB3,0x2E,0x45,0x82,0x97,0xB2,0x44,0x65,0x35,0xE8,0x3D,0xCE,0x09,0x33,0xF0,0x29,0x18,0x8B,0xFB,0xCF,0xC0,0x7C,0x54},
    },
    {
        UINT32_C(38782),
        UINT64_C(0x48092888B2172DA0),
        UINT32_C(210),
        UINT32_C(123),
        {0xAD,0x9E,0x89,0x84,0xA4,0xBC,0x38,0xC7,0x0F,0x4C,0x58,0x36,0x9F,0xC1,0x11,0x49,0x14,0x1B,0x6B,0xD7,0xC4,0xF7,0x5D,0xFF,0x84,0x63,0xA4,0x84,0x56,0xED,0xF1,0xDA},
        {0xA4,0xEE,0x73,0xE9,0x2B,0x65,0x4E,0xBD,0xE0,0xED,0xD5,0xF6,0x11,0xA6,0xCE,0xD1,0x59,0x73,0xA7,0xFD,0xAB,0x71,0x79,0x4D,0x5D,0x31,0x60,0x7B,0x1B,0xB0,0x21,0x16},
    },
    {
        UINT32_C(38838),
        UINT64_C(0x9E7F40EB47DCA61D),
        UINT32_C(230),
        UINT32_C(130),
        {0x48,0xF1,0x0C,0x14,0x7A,0x11,0xF1,0x16,0xAE,0xB2,0x45,0x16,0xE9,0x17,0x52,0xA1,0xF1,0x3B,0xAA,0xF2,0xDB,0x31,0x29,0x39,0xE8,0x5B,0x02,0x5C,0x1B,0x93,0x12,0x2E},
        {0x4B,0x0E,0x9A,0x97,0x4A,0xE7,0xA9,0x16,0xAB,0x68,0x67,0xD3,0x23,0xE8,0x8C,0x73,0xAB,0x4A,0xDE,0xA8,0x1D,0xD2,0x03,0x93,0xA9,0xCE,0xB4,0x7E,0x00,0x0D,0x6A,0x6A},
    },
    {
        UINT32_C(38864),
        UINT64_C(0x0BFBAED063FD3FB9),
        UINT32_C(230),
        UINT32_C(130),
        {0x58,0x7B,0xB6,0x36,0xF9,0x02,0x4A,0x0B,0x4D,0xE7,0xC0,0xBD,0x42,0xFD,0x94,0xD6,0x62,0xC4,0x7C,0xF9,0x13,0xD4,0xFB,0xCB,0x32,0xEA,0x8D,0x28,0xD3,0xD4,0xD5,0xD0},
        {0x70,0x58,0xE5,0x9C,0x03,0x9E,0xC2,0x8F,0x47,0x18,0x68,0xC0,0xE5,0x80,0x06,0xE5,0xCB,0x39,0xF9,0xEF,0xB1,0x8A,0x3A,0x1F,0x5B,0xD2,0x7E,0x3C,0x80,0xBD,0x8D,0xA7},
    },
    {
        UINT32_C(38906),
        UINT64_C(0x1D142A21912FB0EC),
        UINT32_C(230),
        UINT32_C(130),
        {0xE9,0x4B,0x87,0xB4,0x31,0x3A,0xAF,0xBD,0x2D,0x2E,0x04,0xFB,0x18,0x23,0x89,0x55,0xB6,0x09,0xBB,0x02,0x5C,0x2F,0xF0,0x9C,0xB6,0x21,0x8B,0x81,0xEC,0x19,0xD5,0x0D},
        {0xDF,0xCC,0x31,0xB1,0xAB,0xDD,0x1F,0x25,0x1E,0x16,0x6B,0x9E,0x11,0xEE,0x63,0x7C,0x09,0x4E,0xFE,0x4B,0x9D,0x8A,0x02,0x7B,0x4F,0xA4,0x1D,0xBF,0xC0,0x7D,0xFC,0x50},
    },
    {
        UINT32_C(38956),
        UINT64_C(0x60360F0DA684B09A),
        UINT32_C(210),
        UINT32_C(123),
        {0x2F,0xE1,0xE4,0xD6,0xA6,0x96,0x24,0x2B,0x0E,0x5C,0x30,0xC5,0xE5,0x74,0x67,0xB2,0x4D,0x6D,0x2F,0xB2,0xF9,0xB3,0x06,0x0C,0xFD,0x05,0xC0,0x33,0x8F,0x9A,0xD6,0x8C},
        {0x3F,0x98,0x7E,0xC5,0x7B,0x86,0x3D,0xB7,0x8D,0x38,0x80,0xBF,0xEC,0x17,0xFA,0xC4,0x7D,0x81,0xAE,0x6D,0xD6,0xCE,0xAF,0xCA,0xA5,0x9A,0x7A,0xDA,0x0A,0xF0,0xF7,0xFB},
    },
    {
        UINT32_C(38972),
        UINT64_C(0x1B5B4138F4856C0E),
        UINT32_C(210),
        UINT32_C(123),
        {0xE1,0x89,0x0F,0x13,0x6E,0xAF,0xB1,0xB3,0x53,0x8E,0x35,0x3E,0x2A,0x1A,0xFC,0x47,0x9F,0x90,0x7E,0xF9,0xB9,0x7D,0x3B,0x96,0xA5,0x18,0xB4,0xE8,0x5E,0xB0,0x60,0xF4},
        {0xF1,0x7E,0xEC,0xD4,0x0D,0xDF,0x2C,0x9F,0x7B,0x03,0xA9,0x72,0xF5,0xA6,0x62,0x34,0xE1,0x78,0x2B,0x71,0xB9,0x6B,0xAB,0x7F,0xCF,0x8C,0xAF,0x1C,0xC4,0x8E,0xE7,0x6F},
    },
    {
        UINT32_C(39014),
        UINT64_C(0x026F43BBBE22A286),
        UINT32_C(148),
        UINT32_C(228),
        {0x46,0x63,0xDF,0x31,0xC8,0x85,0x49,0xD8,0xF1,0xDD,0x84,0xA9,0x05,0x6E,0xB8,0x49,0xE5,0xD3,0xEE,0x1E,0xAC,0x95,0x6E,0x8C,0x30,0x9A,0xCB,0x8C,0x3D,0xAE,0x1B,0x96},
        {0xD6,0xA7,0x36,0x1D,0x3B,0x4C,0xD7,0x15,0xD3,0x94,0xBB,0x7F,0xBE,0x23,0x6E,0x04,0x09,0xFF,0xC2,0x7C,0x6E,0x2B,0x98,0xCB,0x26,0x7F,0x62,0x70,0x8C,0x21,0x85,0x86},
    },
    {
        UINT32_C(39052),
        UINT64_C(0xEAE2E592059CCBBF),
        UINT32_C(148),
        UINT32_C(228),
        {0xE5,0xDC,0x2C,0x9E,0x96,0xA7,0xB4,0x4A,0xB0,0x9E,0x36,0x0A,0x02,0x63,0xA7,0x1F,0x4D,0x5D,0x45,0xD3,0xEE,0xC2,0x69,0x56,0xD7,0x36,0x56,0xC3,0x4D,0x83,0x78,0xE4},
        {0x83,0x50,0xC7,0xE5,0x9C,0xF0,0x84,0xFB,0xC9,0xC8,0xAC,0x99,0x46,0x75,0x41,0x53,0xF5,0x18,0xA4,0x50,0xA0,0x14,0x58,0xCB,0xAB,0x5F,0x23,0xAF,0x27,0xBD,0xD8,0xA8},
    },
    {
        UINT32_C(39056),
        UINT64_C(0x80CFC8FFD746045C),
        UINT32_C(210),
        UINT32_C(123),
        {0x3A,0x37,0x24,0xD4,0xC4,0x47,0xC5,0x6C,0x7E,0xBC,0x63,0x92,0x58,0xD7,0x5A,0x76,0x0A,0xFE,0x80,0xC4,0x0B,0xD3,0x8F,0xBD,0x55,0x9F,0x01,0xE2,0x31,0x8B,0xB1,0xF5},
        {0xAF,0x14,0xC5,0xA9,0x63,0x24,0x24,0xC4,0xA3,0xA2,0x48,0x33,0x4A,0xD5,0x1D,0x6B,0x0E,0x71,0x18,0x68,0xC9,0xFE,0x6A,0xB4,0x1C,0x9A,0x56,0x3B,0x54,0x68,0xE1,0x6F},
    },
    {
        UINT32_C(39058),
        UINT64_C(0x281500052EC1CE35),
        UINT32_C(148),
        UINT32_C(228),
        {0x43,0x06,0x78,0x85,0x8F,0xE4,0xED,0x0C,0x92,0x60,0xDE,0x99,0xB4,0x30,0xBC,0x46,0xA8,0x11,0xC4,0x9E,0xDA,0x59,0x89,0x03,0x9B,0x1B,0x09,0xFA,0x86,0xCF,0xBE,0x34},
        {0x9D,0xE7,0xB8,0x62,0xFF,0x5D,0xA3,0x78,0xC5,0xCC,0x60,0x7D,0x66,0xBE,0xA3,0xC0,0x2C,0x93,0xEF,0xB7,0xF4,0x59,0xC4,0xD9,0x81,0xA6,0x0D,0x43,0x00,0x01,0xB9,0x3C},
    },
    {
        UINT32_C(39080),
        UINT64_C(0x9D8DA876BBD1A4DB),
        UINT32_C(148),
        UINT32_C(228),
        {0x09,0xE3,0xCE,0xD7,0xF5,0x64,0x7E,0x66,0x2E,0xD2,0xAC,0xEF,0x69,0x6B,0xC8,0x7B,0x7F,0x82,0xD5,0x8A,0xF9,0xE3,0x21,0x63,0x4E,0x64,0xFF,0xA5,0x09,0x01,0x0A,0xD0},
        {0x49,0xE8,0xDB,0xBE,0x8D,0xEE,0xA3,0xDF,0x78,0x5B,0xDC,0xB3,0xEA,0xB1,0x16,0xBE,0x7F,0x8D,0x00,0x48,0x47,0x95,0xB4,0xF6,0x4E,0xB6,0xC9,0x53,0x89,0x1A,0x38,0x47},
    },
    {
        UINT32_C(39122),
        UINT64_C(0xB3D784023E27055D),
        UINT32_C(148),
        UINT32_C(228),
        {0xA9,0x81,0x82,0xC1,0x10,0xF7,0xAE,0x24,0xDC,0x51,0x5D,0x6B,0x60,0x33,0xBD,0xFD,0x09,0x12,0xF2,0x6F,0xFA,0x13,0xA3,0x8F,0x56,0x8F,0x9A,0xBC,0xA9,0x0B,0x9D,0xE0},
        {0x9E,0xB6,0xD5,0xDD,0x41,0xFB,0xCC,0x10,0x63,0x0C,0xB9,0x76,0x33,0x91,0x0B,0x37,0x0D,0x38,0xB6,0x30,0x10,0x48,0x2B,0x29,0x4B,0x8B,0xA7,0x9B,0xFE,0xE4,0x7D,0x1D},
    },
    {
        UINT32_C(39218),
        UINT64_C(0x2DD735EADF2049FE),
        UINT32_C(148),
        UINT32_C(228),
        {0x5A,0xEB,0xBD,0x00,0xDC,0xDF,0x3B,0x38,0xB3,0xE6,0xB9,0xB1,0x94,0x40,0x0B,0xD1,0xC0,0x52,0x21,0x38,0xF4,0x81,0x66,0xD1,0xCE,0x45,0xD3,0xE9,0x7E,0xDE,0xEB,0xFD},
        {0x4B,0xD4,0xDF,0x45,0xF6,0x86,0x55,0xA4,0x9B,0x27,0x97,0x65,0x66,0xDA,0xD2,0x77,0x7F,0xD9,0xFB,0xCB,0x3D,0x14,0xA5,0xC6,0xF2,0x17,0x3D,0x69,0x8D,0x01,0x99,0xF0},
    },
    {
        UINT32_C(39234),
        UINT64_C(0xC953243E36165BE3),
        UINT32_C(230),
        UINT32_C(130),
        {0xE9,0x4B,0x87,0xB4,0x31,0x3A,0xAF,0xBD,0x2D,0x2E,0x04,0xFB,0x18,0x23,0x89,0x55,0xB6,0x09,0xBB,0x02,0x5C,0x2F,0xF0,0x9C,0xB6,0x21,0x8B,0x81,0xEC,0x19,0xD5,0x0D},
        {0xDF,0xCC,0x31,0xB1,0xAB,0xDD,0x1F,0x25,0x1E,0x16,0x6B,0x9E,0x11,0xEE,0x63,0x7C,0x09,0x4E,0xFE,0x4B,0x9D,0x8A,0x02,0x7B,0x4F,0xA4,0x1D,0xBF,0xC0,0x7D,0xFC,0x50},
    },
    {
        UINT32_C(39338),
        UINT64_C(0xD3AF3CCA78F0A6BE),
        UINT32_C(148),
        UINT32_C(228),
        {0xBF,0xCD,0x89,0x7E,0xD8,0xD4,0x08,0xCC,0xF3,0x79,0x9E,0xA8,0xC0,0x2B,0xC8,0xAF,0xBD,0x7F,0x1A,0x46,0xD7,0x68,0x80,0x41,0x37,0xDC,0x3B,0x02,0x7A,0x03,0x58,0x5F},
        {0xA9,0xBA,0xF0,0x9A,0xC5,0x76,0xFA,0x6B,0x08,0x9F,0x1F,0x68,0x3D,0xA4,0x75,0xA8,0x09,0x22,0x75,0xF1,0xCA,0x9B,0x5E,0x28,0xD7,0x8C,0x06,0xE0,0xA6,0x8C,0x34,0x8B},
    },
    {
        UINT32_C(39390),
        UINT64_C(0x462E5BE00C2F0E01),
        UINT32_C(148),
        UINT32_C(228),
        {0xA9,0x14,0xE0,0xF5,0x31,0x0A,0x28,0x36,0x4A,0xB7,0xBB,0xA3,0x79,0x77,0x4F,0x78,0x3D,0xD6,0x33,0xF9,0x8E,0xCC,0x7F,0x91,0xF7,0x9E,0x98,0x41,0xDE,0x9B,0xFE,0xD9},
        {0xBC,0x39,0x16,0x4D,0x6A,0x0C,0xBD,0x80,0x89,0xE9,0x12,0x13,0x92,0x03,0x0A,0x28,0x2E,0x5D,0x26,0xCF,0x9E,0xF6,0x86,0x05,0x4A,0xAE,0xB6,0x0B,0x3E,0x6F,0xBC,0xA1},
    },
    {
        UINT32_C(39418),
        UINT64_C(0xA592255982BBC5C5),
        UINT32_C(148),
        UINT32_C(228),
        {0xBC,0x62,0x37,0x2A,0xBB,0x4F,0xDC,0xA6,0xEA,0x51,0x45,0xDE,0xB1,0xFF,0x58,0x0C,0x8B,0x57,0xCE,0xA5,0x95,0x5D,0x3F,0xD4,0xCE,0x06,0x4F,0xF2,0xC8,0x32,0x45,0x1A},
        {0x32,0xE7,0x86,0xF8,0xED,0x22,0x4F,0x64,0x02,0xE2,0xEA,0x35,0xCC,0xF7,0x5B,0x22,0x73,0xBC,0x07,0xED,0xA8,0xA5,0xC1,0x9E,0x2D,0xE1,0x11,0x70,0x63,0x2D,0xB6,0x2D},
    },
    {
        UINT32_C(39446),
        UINT64_C(0xD38FFCAC76BAF400),
        UINT32_C(210),
        UINT32_C(123),
        {0xD0,0xE3,0x99,0xC6,0x33,0xF1,0x0D,0xC4,0xB0,0xE4,0xB6,0xE6,0x90,0x46,0x02,0x3F,0x4F,0x6B,0x2B,0xDA,0xA0,0x7A,0xCB,0x4A,0xBE,0xF6,0x1E,0xD2,0x08,0x85,0xED,0xE9},
        {0xBF,0x08,0x43,0x76,0x36,0x71,0xB1,0x10,0x09,0x8D,0x1F,0x2B,0x0D,0x4E,0x9C,0x8B,0x86,0xA8,0x5A,0x19,0x3D,0xE6,0xFC,0x2F,0xCE,0x49,0xB1,0x03,0x71,0x4C,0x70,0xDD},
    },
    {
        UINT32_C(39468),
        UINT64_C(0x79BAF64EDE4BC23F),
        UINT32_C(148),
        UINT32_C(228),
        {0x5F,0xE5,0xBF,0x4B,0x06,0xAF,0xCE,0x47,0xFF,0xEF,0x2B,0x5C,0x58,0xBB,0xB0,0xEF,0x45,0x86,0x2E,0x88,0xF7,0x67,0xE8,0x25,0x16,0xB4,0x72,0xB0,0xCF,0xFF,0x47,0x0D},
        {0xFE,0x4E,0xCB,0x8E,0x0E,0x5D,0x22,0x4D,0x66,0x42,0x59,0xB2,0xDB,0x78,0xC0,0xB7,0xDE,0xE1,0x01,0x43,0x48,0xAA,0x61,0x1F,0xDA,0x5D,0x96,0x8F,0xE9,0xAD,0x3D,0xD5},
    },
    {
        UINT32_C(39478),
        UINT64_C(0x55A83253071E1A35),
        UINT32_C(210),
        UINT32_C(123),
        {0xC4,0x01,0x80,0xFE,0xCF,0xE8,0x6C,0xB5,0x64,0xB2,0x99,0xC9,0xFB,0x08,0xF1,0x92,0x0D,0x30,0xB6,0x0C,0xA0,0xB5,0x65,0x73,0xBD,0xA7,0x42,0x6B,0xEF,0xE9,0x63,0xD6},
        {0x19,0xE3,0x92,0x0F,0x3D,0x48,0xDC,0x1C,0x00,0x4C,0x3A,0x41,0x90,0xF1,0xCD,0x40,0xB0,0x1D,0x1E,0xDC,0xE7,0x13,0x64,0x24,0xEA,0x28,0xAD,0x3D,0xBE,0x1C,0x75,0xA9},
    },
    {
        UINT32_C(39500),
        UINT64_C(0x6644E956F786FB5C),
        UINT32_C(148),
        UINT32_C(228),
        {0xCA,0xA7,0x58,0xF1,0xCB,0x42,0xD4,0xB3,0x86,0x3E,0x94,0x79,0xBC,0x70,0x1B,0xFB,0xF7,0x0C,0x40,0x88,0xA5,0x6C,0x29,0xA9,0xCC,0x07,0xE8,0x40,0xC2,0xB9,0x23,0xA7},
        {0x84,0x27,0x3B,0xA7,0x67,0xCE,0x54,0x33,0x1C,0x53,0xEB,0x89,0x12,0x67,0x8C,0x26,0xA0,0x42,0x79,0x55,0x60,0xBB,0x04,0xE6,0xCE,0xC6,0xA0,0x85,0xD0,0x24,0xB9,0xB4},
    },
    {
        UINT32_C(39516),
        UINT64_C(0x0CAA1A1A81C165D4),
        UINT32_C(148),
        UINT32_C(228),
        {0xDA,0xBC,0xEB,0x23,0x6D,0x88,0x1B,0x3B,0x18,0x38,0xE4,0xFD,0x40,0x11,0x97,0xAF,0x52,0x50,0x87,0x5F,0x83,0xCB,0x3F,0x0B,0x30,0x1D,0x3C,0xB6,0x4E,0xF1,0x6F,0x14},
        {0xA7,0x03,0x4A,0x8B,0xB1,0xC7,0xA6,0x25,0x93,0x37,0xD8,0x02,0x20,0xF5,0xA0,0x14,0x69,0x6C,0x84,0xB3,0x9B,0x95,0x76,0x5F,0x7B,0x8F,0x70,0x6D,0xF8,0x8A,0x09,0xF4},
    },
    {
        UINT32_C(39618),
        UINT64_C(0xC5D0987DC0FAF0A6),
        UINT32_C(148),
        UINT32_C(228),
        {0x28,0x0F,0x0F,0x03,0x7E,0x8A,0xEA,0x98,0xD0,0x22,0x4D,0xC2,0xBF,0x64,0x3C,0x80,0xC3,0xD1,0x48,0x74,0x26,0x93,0x22,0xCD,0x98,0x1F,0x60,0xE4,0x22,0x1F,0xB7,0x0F},
        {0x5F,0xB8,0x50,0x1F,0x80,0xE6,0x1A,0x05,0x62,0x7F,0xAE,0x1D,0xE2,0xC0,0x9B,0x6F,0xAA,0x8E,0xBC,0x4C,0x40,0xDF,0x5D,0x8C,0xD2,0xE7,0x8B,0xE2,0x28,0xA4,0xAF,0x5F},
    },
    {
        UINT32_C(39668),
        UINT64_C(0xA4F261296D24EB5A),
        UINT32_C(148),
        UINT32_C(228),
        {0x2F,0xE5,0x41,0x2B,0xE3,0x84,0xC2,0xC2,0xAD,0x30,0x31,0xEC,0xCE,0x5A,0xD6,0x89,0xD2,0x19,0x07,0x9A,0x53,0xD3,0xD7,0x5B,0xE8,0x55,0xAE,0x91,0x25,0xDF,0x37,0x2C},
        {0x31,0x32,0x13,0x41,0xA0,0xF0,0x5F,0xCC,0x85,0xF6,0xA2,0x9C,0x7B,0xD3,0x74,0x18,0xC4,0x93,0x68,0x79,0xC4,0xB4,0xAB,0x6D,0xAC,0x0B,0x06,0xBD,0x80,0xED,0x90,0x3A},
    },
    {
        UINT32_C(39718),
        UINT64_C(0x4B4E6115934214C9),
        UINT32_C(148),
        UINT32_C(228),
        {0x2F,0xE5,0x41,0x2B,0xE3,0x84,0xC2,0xC2,0xAD,0x30,0x31,0xEC,0xCE,0x5A,0xD6,0x89,0xD2,0x19,0x07,0x9A,0x53,0xD3,0xD7,0x5B,0xE8,0x55,0xAE,0x91,0x25,0xDF,0x37,0x2C},
        {0x31,0x32,0x13,0x41,0xA0,0xF0,0x5F,0xCC,0x85,0xF6,0xA2,0x9C,0x7B,0xD3,0x74,0x18,0xC4,0x93,0x68,0x79,0xC4,0xB4,0xAB,0x6D,0xAC,0x0B,0x06,0xBD,0x80,0xED,0x90,0x3A},
    },
    {
        UINT32_C(39752),
        UINT64_C(0xFEC01F908F44D9AD),
        UINT32_C(148),
        UINT32_C(228),
        {0x02,0x53,0x86,0x89,0xA5,0x91,0x3E,0x07,0xC9,0x10,0xA9,0x38,0xCD,0x22,0x3F,0x10,0x61,0x16,0x74,0xF7,0xE3,0x23,0xDF,0xD3,0x51,0x22,0xA9,0xC8,0x1E,0x03,0xDB,0x91},
        {0x99,0x01,0x2C,0xA9,0xEB,0x0B,0xC2,0xB7,0xF5,0xEB,0x11,0x8D,0xB5,0xA2,0x8B,0xFD,0xA7,0x16,0xC3,0xA6,0x82,0xFE,0x79,0x52,0x1A,0xBC,0x8A,0x47,0x34,0x21,0x2B,0xC9},
    },
    {
        UINT32_C(39804),
        UINT64_C(0x7CE82151D5FB2D9E),
        UINT32_C(148),
        UINT32_C(228),
        {0x79,0x87,0x1A,0xC4,0x41,0x07,0x02,0x88,0xC2,0xB1,0x2B,0xF0,0x53,0xA5,0xD5,0xBB,0x54,0xB1,0x67,0x71,0xEC,0x83,0x54,0xEC,0x08,0x2D,0xFF,0x99,0x93,0x1B,0x6E,0x6A},
        {0x6B,0xC8,0xC7,0x3D,0x4F,0x44,0x46,0x5A,0xFF,0x50,0x67,0x21,0xB7,0x07,0xA5,0xCA,0x1C,0x31,0x91,0xF3,0xD6,0x16,0xB3,0x34,0x15,0xF8,0x0B,0xEE,0x50,0x64,0xE9,0x86},
    },
    {
        UINT32_C(39878),
        UINT64_C(0x6FE49A18A1DE0491),
        UINT32_C(148),
        UINT32_C(228),
        {0x5B,0x7C,0xE4,0x5D,0xCE,0xDB,0x7E,0xB8,0xC5,0xF7,0x2B,0x4E,0xCF,0x11,0x4A,0xE0,0x9D,0x33,0xEA,0x14,0xD8,0xEE,0xB9,0x1A,0x0B,0xEA,0xC3,0xC8,0xCF,0x9B,0x07,0x01},
        {0xA5,0x3C,0x24,0x31,0x51,0x49,0x9D,0x8C,0xD2,0xFD,0x41,0x0D,0x69,0x30,0x37,0xD1,0x81,0x38,0xA6,0x8E,0x33,0x84,0x37,0x58,0x1E,0x1A,0x53,0x19,0x8A,0xA7,0x0D,0x7B},
    },
    {
        UINT32_C(39910),
        UINT64_C(0xB073631E6B626F28),
        UINT32_C(148),
        UINT32_C(228),
        {0x4F,0x4B,0x82,0x29,0x42,0xF2,0x00,0xF0,0x97,0xC0,0x82,0xE5,0x1F,0xEB,0x96,0x65,0x2C,0xD1,0x68,0x36,0x5C,0x19,0x03,0xEF,0x97,0x07,0x2C,0x59,0xBF,0x5B,0x66,0x55},
        {0xCB,0x25,0x4E,0xFF,0xC1,0x4F,0xF2,0xB6,0xF6,0x2A,0x68,0x0E,0x3B,0x86,0x75,0xF2,0x54,0x9D,0x37,0xA5,0x5F,0x99,0x60,0xD2,0x98,0xA8,0x04,0x58,0x92,0x49,0x7B,0x51},
    },
    {
        UINT32_C(39948),
        UINT64_C(0x67E5BEC8DD1D664F),
        UINT32_C(148),
        UINT32_C(228),
        {0xA9,0x81,0x82,0xC1,0x10,0xF7,0xAE,0x24,0xDC,0x51,0x5D,0x6B,0x60,0x33,0xBD,0xFD,0x09,0x12,0xF2,0x6F,0xFA,0x13,0xA3,0x8F,0x56,0x8F,0x9A,0xBC,0xA9,0x0B,0x9D,0xE0},
        {0x9E,0xB6,0xD5,0xDD,0x41,0xFB,0xCC,0x10,0x63,0x0C,0xB9,0x76,0x33,0x91,0x0B,0x37,0x0D,0x38,0xB6,0x30,0x10,0x48,0x2B,0x29,0x4B,0x8B,0xA7,0x9B,0xFE,0xE4,0x7D,0x1D},
    },
    {
        UINT32_C(39954),
        UINT64_C(0x1C4209C4C6D9AB6B),
        UINT32_C(230),
        UINT32_C(130),
        {0x58,0x7B,0xB6,0x36,0xF9,0x02,0x4A,0x0B,0x4D,0xE7,0xC0,0xBD,0x42,0xFD,0x94,0xD6,0x62,0xC4,0x7C,0xF9,0x13,0xD4,0xFB,0xCB,0x32,0xEA,0x8D,0x28,0xD3,0xD4,0xD5,0xD0},
        {0x70,0x58,0xE5,0x9C,0x03,0x9E,0xC2,0x8F,0x47,0x18,0x68,0xC0,0xE5,0x80,0x06,0xE5,0xCB,0x39,0xF9,0xEF,0xB1,0x8A,0x3A,0x1F,0x5B,0xD2,0x7E,0x3C,0x80,0xBD,0x8D,0xA7},
    },
    {
        UINT32_C(39958),
        UINT64_C(0xE8F421602CFF06E6),
        UINT32_C(210),
        UINT32_C(123),
        {0x08,0xC7,0x5E,0x7E,0x9F,0xF1,0xD2,0x85,0xDF,0xF5,0xA1,0x08,0xE5,0x03,0x33,0x2B,0xE0,0xBE,0xF5,0x0A,0x30,0x20,0x13,0x65,0x4E,0x6D,0x7A,0x3C,0x42,0x70,0xE3,0xB4},
        {0xDA,0xA1,0xA5,0x9D,0x2F,0x3F,0x81,0x68,0x66,0x9C,0x5C,0xEB,0x69,0x8A,0xF6,0x14,0xE5,0x93,0x25,0x6B,0x94,0xBE,0x27,0xDE,0xD7,0xD4,0xBA,0xD1,0x45,0xE3,0x1E,0xF7},
    },
    {
        UINT32_C(39964),
        UINT64_C(0x8F783794F6C11099),
        UINT32_C(210),
        UINT32_C(123),
        {0xEB,0xE2,0x3D,0xE6,0xAE,0x7B,0xC7,0x52,0x27,0xC2,0x66,0x77,0xF0,0x7F,0x86,0xAF,0xAE,0xE3,0x1A,0xCD,0xB7,0xF3,0x82,0xA2,0x6A,0xA5,0x2D,0x54,0x26,0x6F,0xD4,0x92},
        {0x57,0xB5,0x1D,0xD7,0x99,0xE9,0x50,0xA2,0xF8,0xBC,0x08,0x63,0xD0,0xA4,0xD5,0x8D,0xC5,0x3A,0x2B,0x01,0x24,0x66,0x38,0x80,0x97,0x99,0xE6,0x17,0x10,0xDE,0xFA,0xB4},
    },
    {
        UINT32_C(40024),
        UINT64_C(0x638BD83837072EC3),
        UINT32_C(148),
        UINT32_C(228),
        {0x5E,0x71,0x65,0x31,0x61,0xB1,0x27,0x36,0xF2,0xFC,0x8A,0xFB,0x7A,0x64,0xFE,0x95,0xEE,0x39,0xA6,0xF8,0x1D,0x0C,0x2A,0x92,0xC3,0xEE,0x37,0xAA,0xBC,0x9E,0xCA,0x34},
        {0xFB,0x5E,0x1D,0x00,0x71,0x19,0xFF,0xB1,0x1F,0xE0,0x7A,0xDE,0x7A,0xB9,0xBC,0xAA,0x53,0xA9,0x6A,0x3A,0x44,0xE9,0xD8,0xF1,0x85,0x73,0x40,0x6D,0x00,0x00,0xB4,0xCE},
    },
    {
        UINT32_C(40034),
        UINT64_C(0xEC812BFAD6810F9E),
        UINT32_C(148),
        UINT32_C(228),
        {0xBF,0x97,0x57,0x34,0x44,0x4C,0x0C,0x8D,0xF8,0x72,0xD5,0x76,0x1A,0x1C,0xCD,0x43,0xC6,0x41,0x32,0xFE,0x07,0x9D,0xDE,0xAA,0x8D,0x97,0x4F,0xB5,0xE1,0x7F,0x16,0x79},
        {0x93,0x90,0x1B,0xE7,0xD9,0x66,0x37,0x87,0x9E,0xEB,0x69,0x37,0x9D,0x2B,0xF4,0xE2,0x89,0x89,0xFB,0xD4,0x06,0x76,0x67,0x31,0x80,0x5D,0xF8,0xD4,0x4E,0x21,0x33,0xD8},
    },
    {
        UINT32_C(40056),
        UINT64_C(0x26DC9ACC3BF8043B),
        UINT32_C(148),
        UINT32_C(228),
        {0x6B,0x21,0x27,0x61,0x82,0x11,0xAE,0x19,0x8F,0xE1,0xF2,0xF3,0xDB,0x08,0x58,0xF0,0xDE,0x42,0xA0,0x0A,0xFD,0xFE,0xDF,0x4C,0x40,0x5D,0x8A,0x9F,0x37,0x62,0xD4,0x4D},
        {0x40,0xA5,0x6A,0x97,0xB6,0xF6,0x0A,0x1E,0x8B,0xDC,0xB3,0x45,0x9C,0x9E,0x7B,0x62,0x51,0x2A,0x7E,0x56,0x3F,0xC6,0xB9,0xA9,0x20,0x10,0x22,0x31,0x29,0x64,0xDA,0x87},
    },
    {
        UINT32_C(40266),
        UINT64_C(0xBBA8A74B78C5B178),
        UINT32_C(210),
        UINT32_C(123),
        {0x92,0x80,0x9B,0xB9,0xD0,0xBE,0x63,0x76,0xF9,0x48,0xF8,0x8C,0x45,0xED,0x49,0x79,0x29,0x81,0x67,0x2D,0x72,0xF0,0x61,0x02,0x6F,0x63,0xDF,0x7E,0xED,0xB3,0x60,0x3F},
        {0x5E,0x49,0x2D,0x50,0x1D,0xD8,0x8F,0xCF,0x11,0x09,0x36,0xDE,0x68,0xA6,0x88,0xED,0x9A,0xC6,0xDD,0xFE,0x13,0x71,0x1D,0x1C,0x50,0xB2,0x90,0xDD,0x7F,0x99,0xE1,0xAB},
    },
    {
        UINT32_C(40370),
        UINT64_C(0x8DB3C0100F9CB1F6),
        UINT32_C(210),
        UINT32_C(123),
        {0x5F,0x67,0x1C,0x5E,0x45,0xA3,0xD2,0x13,0x4B,0xF5,0x67,0x3D,0xA1,0xE6,0x76,0x4F,0xDE,0x13,0x51,0x95,0xE9,0x66,0xC7,0x22,0x7B,0x75,0xF2,0xE1,0x3F,0xE3,0xA7,0x1A},
        {0x02,0x25,0xEB,0x6C,0xAE,0x62,0xC3,0xC9,0x4F,0xF2,0xAD,0xDD,0xE1,0xFE,0x91,0x71,0xA9,0x54,0xEB,0x67,0x51,0x79,0x50,0x5F,0x18,0x92,0xE5,0x7F,0xE5,0x0B,0xCA,0x7B},
    },
    {
        UINT32_C(40422),
        UINT64_C(0x514F3247F6BB1E51),
        UINT32_C(210),
        UINT32_C(123),
        {0xC7,0x4B,0x34,0xD3,0x13,0x4F,0xD7,0x06,0x75,0xA0,0xDB,0xDD,0x3F,0x61,0x73,0x19,0xED,0x64,0x4D,0xCD,0xA8,0x1F,0x31,0x92,0xE5,0xBA,0x04,0x01,0x65,0x6E,0xB7,0x4D},
        {0x6B,0xBD,0xCD,0x21,0xDC,0x2C,0x6B,0xD5,0x86,0xD9,0xB0,0xF6,0x72,0x42,0x46,0xBE,0xE8,0x67,0x00,0xD4,0xF1,0xCD,0xC3,0xE7,0xBF,0xAB,0x41,0x6C,0xA1,0xAF,0x34,0x53},
    },
    {
        UINT32_C(40498),
        UINT64_C(0xDC2049FB19570879),
        UINT32_C(148),
        UINT32_C(228),
        {0x5A,0xF3,0xA9,0x4B,0x34,0xA2,0xC0,0x7B,0x89,0xAC,0x27,0x24,0xE2,0x20,0x6F,0xAB,0x55,0xFD,0x46,0x08,0x19,0xA8,0xDC,0xAF,0xE0,0x13,0x7D,0xB9,0x21,0x9D,0x24,0x3C},
        {0x33,0xBA,0x74,0xCC,0x09,0x17,0x4D,0xF0,0xAF,0xF6,0xF5,0xC3,0xAA,0xE7,0x6A,0x20,0x0D,0x17,0xEF,0x57,0x3A,0x50,0x1E,0x0B,0x22,0x26,0xBE,0xDD,0x14,0xEF,0xE7,0x71},
    },
    {
        UINT32_C(40506),
        UINT64_C(0xA183DC9BD88909F2),
        UINT32_C(148),
        UINT32_C(228),
        {0xDA,0xBC,0xEB,0x23,0x6D,0x88,0x1B,0x3B,0x18,0x38,0xE4,0xFD,0x40,0x11,0x97,0xAF,0x52,0x50,0x87,0x5F,0x83,0xCB,0x3F,0x0B,0x30,0x1D,0x3C,0xB6,0x4E,0xF1,0x6F,0x14},
        {0xA7,0x03,0x4A,0x8B,0xB1,0xC7,0xA6,0x25,0x93,0x37,0xD8,0x02,0x20,0xF5,0xA0,0x14,0x69,0x6C,0x84,0xB3,0x9B,0x95,0x76,0x5F,0x7B,0x8F,0x70,0x6D,0xF8,0x8A,0x09,0xF4},
    },
    {
        UINT32_C(40614),
        UINT64_C(0x567F42DD0DFA6D36),
        UINT32_C(148),
        UINT32_C(228),
        {0x08,0x01,0xA1,0xC7,0x96,0x8E,0x82,0x85,0xD0,0xDC,0x4B,0x3A,0xE9,0xBE,0xA1,0xA9,0xCB,0x94,0x79,0x20,0xB9,0x46,0x5C,0xB1,0x4A,0x12,0x16,0x82,0xF7,0x15,0x5C,0x32},
        {0xC7,0x24,0xC8,0x0D,0x49,0x7D,0x34,0xB8,0xD1,0xCB,0x14,0xC5,0xBA,0xAD,0xDF,0x7A,0x08,0x70,0x40,0x41,0x49,0xBF,0xAF,0xBE,0x9C,0x58,0x1F,0x0C,0xE0,0xDE,0x38,0xF7},
    },
    {
        UINT32_C(40618),
        UINT64_C(0xD61930E8AAB16D06),
        UINT32_C(148),
        UINT32_C(228),
        {0x7B,0x47,0xEA,0x26,0xF3,0x7D,0x12,0xE2,0x48,0x40,0x46,0xF1,0xC7,0x51,0xAE,0x77,0xE5,0xF5,0x89,0x08,0xC9,0x02,0x41,0x30,0x74,0xBD,0x80,0x1B,0x7E,0xD5,0x9E,0xAC},
        {0xF6,0xDB,0xF0,0x15,0x06,0x88,0xF4,0x2F,0x53,0x0B,0x7C,0x18,0x8C,0x71,0x7F,0x2A,0xFE,0x50,0x6C,0xCD,0x7E,0xEA,0xD3,0xC7,0xC8,0xC1,0x19,0xBE,0x2F,0x7E,0xBC,0x42},
    },
    {
        UINT32_C(40704),
        UINT64_C(0x7D2885F101469C87),
        UINT32_C(148),
        UINT32_C(228),
        {0xB4,0x64,0x13,0x5B,0x9F,0x29,0x8E,0x21,0xC1,0x2F,0x18,0x70,0x10,0xB2,0xCA,0xB4,0xBE,0x98,0xF3,0x57,0x4A,0xD9,0x27,0xFE,0xD8,0x38,0x76,0xAE,0x92,0x40,0x4A,0x98},
        {0x82,0x5D,0xFD,0x59,0xF5,0xBE,0xFE,0x98,0x7C,0xE0,0x44,0xDD,0x5D,0xE9,0x28,0xCD,0xF9,0x14,0xD6,0xBD,0x83,0x31,0x1C,0x41,0xF1,0x9D,0xA4,0x64,0xF5,0xC4,0x86,0x05},
    },
    {
        UINT32_C(40760),
        UINT64_C(0xB3CC098905C85CCF),
        UINT32_C(210),
        UINT32_C(123),
        {0xA0,0xD8,0xA9,0x19,0xFA,0x38,0x56,0xB0,0x70,0x93,0xD8,0xBA,0xE9,0x96,0x9D,0xA1,0x90,0x3B,0x76,0x31,0x19,0xF5,0x94,0x5D,0x2A,0x01,0xDB,0x87,0x45,0xAD,0xE1,0x77},
        {0xF4,0x47,0xB2,0x72,0x48,0x27,0xE8,0xCF,0xDB,0xD2,0x00,0x20,0x5A,0xD5,0x2E,0xBA,0xC1,0x64,0x8E,0xE6,0x0F,0xFB,0x9F,0x33,0x13,0xEB,0x8A,0x18,0x6D,0x2D,0xAA,0x89},
    },
    {
        UINT32_C(40824),
        UINT64_C(0xCEB3E239928C3C18),
        UINT32_C(148),
        UINT32_C(228),
        {0x46,0x63,0xDF,0x31,0xC8,0x85,0x49,0xD8,0xF1,0xDD,0x84,0xA9,0x05,0x6E,0xB8,0x49,0xE5,0xD3,0xEE,0x1E,0xAC,0x95,0x6E,0x8C,0x30,0x9A,0xCB,0x8C,0x3D,0xAE,0x1B,0x96},
        {0xD6,0xA7,0x36,0x1D,0x3B,0x4C,0xD7,0x15,0xD3,0x94,0xBB,0x7F,0xBE,0x23,0x6E,0x04,0x09,0xFF,0xC2,0x7C,0x6E,0x2B,0x98,0xCB,0x26,0x7F,0x62,0x70,0x8C,0x21,0x85,0x86},
    },
    {
        UINT32_C(40956),
        UINT64_C(0x50D867D6CD7845A7),
        UINT32_C(800),
        UINT32_C(600),
        {0xAB,0xFC,0xA8,0x99,0x75,0x35,0x80,0xBE,0xA1,0xC9,0x5B,0x47,0x39,0x50,0x57,0xE1,0xB3,0xB8,0x09,0xAA,0x07,0x4F,0x0D,0xA5,0x9F,0x77,0x28,0x0B,0xBF,0x2C,0xF9,0xE8},
        {0xF6,0x9E,0x11,0x8E,0x7C,0x73,0x65,0xE3,0x5E,0xEF,0xD8,0x99,0xB0,0x5C,0xF4,0x48,0x09,0xB6,0xFA,0x4C,0x3E,0xC8,0x5A,0x60,0x8A,0x4F,0x3C,0xDC,0xFF,0xF8,0x18,0x2B},
    },
    {
        UINT32_C(41022),
        UINT64_C(0x8A128C3138387CB2),
        UINT32_C(148),
        UINT32_C(228),
        {0x1C,0x5E,0xF6,0xF0,0x6D,0x9D,0x3F,0x78,0x36,0x19,0x27,0xFA,0xD1,0xD0,0x09,0x0D,0xCD,0x00,0x19,0x05,0x52,0xE3,0x37,0x32,0xF4,0xDC,0x60,0xA5,0x23,0x7E,0x9B,0x3A},
        {0xF0,0x6A,0x01,0xCB,0x12,0x1B,0x4D,0xD3,0xA1,0x4C,0x14,0x72,0xCA,0xE8,0x7F,0x20,0xB4,0xC7,0xB2,0x91,0xB8,0x00,0xC4,0x6B,0x33,0x26,0x1B,0xC9,0x33,0x3E,0x4C,0xB9},
    },
    {
        UINT32_C(41160),
        UINT64_C(0x1374F8B43460D22E),
        UINT32_C(148),
        UINT32_C(228),
        {0x5A,0xF3,0xA9,0x4B,0x34,0xA2,0xC0,0x7B,0x89,0xAC,0x27,0x24,0xE2,0x20,0x6F,0xAB,0x55,0xFD,0x46,0x08,0x19,0xA8,0xDC,0xAF,0xE0,0x13,0x7D,0xB9,0x21,0x9D,0x24,0x3C},
        {0x33,0xBA,0x74,0xCC,0x09,0x17,0x4D,0xF0,0xAF,0xF6,0xF5,0xC3,0xAA,0xE7,0x6A,0x20,0x0D,0x17,0xEF,0x57,0x3A,0x50,0x1E,0x0B,0x22,0x26,0xBE,0xDD,0x14,0xEF,0xE7,0x71},
    },
    {
        UINT32_C(41170),
        UINT64_C(0xE352E6ABCAC7670C),
        UINT32_C(210),
        UINT32_C(123),
        {0xF1,0x26,0x96,0x53,0xA4,0x95,0x7F,0xA0,0x64,0xDB,0xEF,0x83,0xA0,0x05,0x1F,0x62,0x0F,0xE1,0x60,0x58,0xB1,0x74,0xFF,0xBB,0x97,0x3A,0xBC,0x67,0x9A,0xC5,0x63,0x82},
        {0x65,0x44,0x5D,0xAF,0xA9,0xBB,0x47,0xC0,0x6F,0xED,0x03,0xF2,0xF1,0xB4,0xC4,0xE2,0x61,0xD2,0xCB,0xAE,0x51,0x2D,0x7F,0x75,0xA7,0xA6,0x72,0xB5,0x6C,0xA8,0xA9,0xEC},
    },
    {
        UINT32_C(41228),
        UINT64_C(0xC3D57321622A1BBE),
        UINT32_C(230),
        UINT32_C(130),
        {0xFC,0xAC,0xCD,0xCD,0xF8,0x7C,0x25,0xE2,0xFA,0x25,0x7A,0x1C,0x85,0x77,0xE3,0x59,0xAA,0x43,0x18,0xBE,0xDA,0x79,0x32,0x9D,0xF6,0x3C,0x8E,0xCA,0x0D,0x61,0x80,0x19},
        {0x09,0xE1,0xB7,0x0B,0xAB,0x30,0xBB,0xBB,0xA8,0xA4,0xFB,0xED,0x93,0xFF,0x3E,0xCB,0xA1,0x3B,0x19,0xD5,0x75,0xAC,0x4C,0x53,0x1B,0x8A,0xF5,0x1A,0x50,0xBA,0xDA,0x07},
    },
    {
        UINT32_C(41242),
        UINT64_C(0xCA63AB3208574014),
        UINT32_C(210),
        UINT32_C(123),
        {0x81,0xE2,0x79,0x41,0x4B,0x86,0x16,0x4F,0xCA,0xCA,0x66,0xDD,0x37,0xF4,0x66,0x06,0x6F,0xDB,0x87,0x45,0x24,0xCE,0xC1,0xD7,0x9E,0x28,0x7C,0x41,0xCD,0x04,0x83,0xE9},
        {0x8F,0x2A,0xBB,0x0B,0x3D,0xD1,0x28,0xA0,0xAC,0xBF,0x70,0x4C,0x22,0x7F,0x10,0xE8,0x70,0x6F,0xAF,0x74,0x8A,0xCA,0x92,0x1B,0xD9,0xDC,0xDB,0xE9,0x34,0xAD,0x67,0xDC},
    },
    {
        UINT32_C(41264),
        UINT64_C(0x6E5389509F40A954),
        UINT32_C(148),
        UINT32_C(228),
        {0x9D,0x0C,0x7E,0xBC,0x77,0x62,0x54,0x6B,0xDA,0x24,0x30,0xC6,0x43,0x06,0xDA,0xA4,0xBA,0xEC,0xBB,0xAC,0x8E,0xF2,0x18,0x6C,0x57,0x85,0x60,0xBC,0x7C,0xC0,0xD0,0x14},
        {0x7A,0xE8,0x56,0xF1,0x96,0x3A,0xD4,0x03,0x0C,0x20,0x28,0x34,0xBE,0x72,0x39,0x54,0x63,0xC7,0xEA,0x0B,0xC6,0x52,0x2A,0xFA,0x62,0x75,0x37,0xE1,0x8B,0x74,0xDD,0xE9},
    },
    {
        UINT32_C(41274),
        UINT64_C(0xE6BC54DC1B3F800B),
        UINT32_C(148),
        UINT32_C(228),
        {0x43,0x06,0x78,0x85,0x8F,0xE4,0xED,0x0C,0x92,0x60,0xDE,0x99,0xB4,0x30,0xBC,0x46,0xA8,0x11,0xC4,0x9E,0xDA,0x59,0x89,0x03,0x9B,0x1B,0x09,0xFA,0x86,0xCF,0xBE,0x34},
        {0x9D,0xE7,0xB8,0x62,0xFF,0x5D,0xA3,0x78,0xC5,0xCC,0x60,0x7D,0x66,0xBE,0xA3,0xC0,0x2C,0x93,0xEF,0xB7,0xF4,0x59,0xC4,0xD9,0x81,0xA6,0x0D,0x43,0x00,0x01,0xB9,0x3C},
    },
    {
        UINT32_C(41288),
        UINT64_C(0x7B2592CEF5EF4E73),
        UINT32_C(148),
        UINT32_C(228),
        {0xC5,0xBF,0x77,0xF1,0xE1,0x1F,0xF8,0x71,0xFC,0x9B,0x4B,0x3A,0xF0,0x09,0x00,0x78,0x99,0xEA,0x8B,0x9C,0xD9,0x12,0xBC,0xD9,0xC7,0x74,0x50,0x1D,0x0E,0x28,0x39,0xF1},
        {0x5A,0x51,0xDB,0xC8,0xBD,0xDC,0x23,0x7D,0xDF,0x5F,0xEC,0x8A,0x21,0xE1,0x9B,0x66,0xAD,0xAD,0x2C,0x99,0x98,0x3A,0x13,0x08,0xAD,0xA5,0x7B,0x88,0x55,0x4F,0x86,0x09},
    },
    {
        UINT32_C(41292),
        UINT64_C(0x3AA14244ECA1C40E),
        UINT32_C(1000),
        UINT32_C(300),
        {0xB7,0xF5,0xAE,0x9B,0x3D,0x78,0x36,0x38,0x1F,0x0F,0x3F,0xF5,0xC0,0x66,0x5A,0x81,0xB7,0xB4,0x3E,0x28,0xAD,0x89,0xD4,0x47,0x17,0xE8,0xB1,0x34,0x39,0x9B,0x29,0x68},
        {0x13,0x85,0x55,0xD0,0x62,0xF3,0x3D,0x4E,0x6D,0x5B,0x93,0x26,0x48,0xD4,0x24,0xE6,0x9F,0xDA,0x28,0xB6,0xE0,0x94,0xD7,0xEA,0x43,0xC5,0x5B,0xF1,0x36,0xE7,0x7B,0xD0},
    },
    {
        UINT32_C(41320),
        UINT64_C(0x489720F5BC25CC29),
        UINT32_C(148),
        UINT32_C(228),
        {0xC5,0xBF,0x77,0xF1,0xE1,0x1F,0xF8,0x71,0xFC,0x9B,0x4B,0x3A,0xF0,0x09,0x00,0x78,0x99,0xEA,0x8B,0x9C,0xD9,0x12,0xBC,0xD9,0xC7,0x74,0x50,0x1D,0x0E,0x28,0x39,0xF1},
        {0x5A,0x51,0xDB,0xC8,0xBD,0xDC,0x23,0x7D,0xDF,0x5F,0xEC,0x8A,0x21,0xE1,0x9B,0x66,0xAD,0xAD,0x2C,0x99,0x98,0x3A,0x13,0x08,0xAD,0xA5,0x7B,0x88,0x55,0x4F,0x86,0x09},
    },
    {
        UINT32_C(41526),
        UINT64_C(0x270F947FC89A6C82),
        UINT32_C(148),
        UINT32_C(228),
        {0xDC,0x8D,0x4C,0x63,0x8F,0x7E,0x87,0x9C,0x57,0xB4,0x51,0x83,0x00,0x62,0xF1,0xF6,0xAE,0x78,0xD3,0xEA,0x36,0x08,0xE0,0xF8,0x72,0xE0,0xB9,0x5C,0xDB,0x34,0x57,0x89},
        {0x58,0x03,0xCB,0x1E,0xAF,0xC6,0x88,0xB2,0x49,0xE2,0xD4,0xE8,0x6F,0x66,0x73,0x1C,0xFE,0x33,0xCA,0x02,0x10,0x85,0xE6,0xC4,0xA0,0xC7,0x83,0x87,0xE8,0x3B,0xA9,0xBB},
    },
    {
        UINT32_C(41562),
        UINT64_C(0xC5E24ED2DEA049EA),
        UINT32_C(210),
        UINT32_C(123),
        {0x5E,0x44,0x31,0x26,0x42,0xD4,0xCE,0xA9,0x24,0x5E,0x36,0x63,0x85,0x18,0xFD,0x47,0x95,0xA9,0xC2,0x81,0xA1,0x92,0x2A,0xE9,0x82,0xD8,0x5A,0xF3,0x11,0xB7,0xCC,0xDC},
        {0x67,0x82,0x6B,0xC8,0xFA,0xF4,0x13,0x7D,0xEE,0x80,0xC0,0x19,0xFA,0x7C,0x7F,0x02,0xF0,0xA6,0x55,0x8C,0x57,0x41,0xBE,0x6C,0x82,0x3F,0x5A,0x84,0x68,0x88,0xC8,0xA5},
    },
    {
        UINT32_C(41582),
        UINT64_C(0xB1B4F9909737F2C5),
        UINT32_C(210),
        UINT32_C(123),
        {0x37,0x61,0xD7,0x50,0xA6,0xAC,0x2C,0x09,0xF3,0x87,0xC8,0xC6,0xA7,0x64,0x8B,0x30,0x06,0x08,0xF6,0xB8,0x14,0x8E,0x5E,0x65,0x1D,0x3E,0x25,0xA3,0xE1,0xBF,0x18,0xF9},
        {0x39,0x27,0xBC,0xA4,0x98,0x66,0xBC,0x1C,0x8A,0xC6,0x8A,0x18,0xF6,0x5C,0x63,0x3C,0x0E,0x50,0x4B,0xFA,0x2E,0xE9,0xFA,0xE0,0xD0,0xDC,0xE2,0xD7,0xA4,0x47,0x59,0x08},
    },
    {
        UINT32_C(41772),
        UINT64_C(0x86E2FFBB46B0DDEB),
        UINT32_C(210),
        UINT32_C(123),
        {0x55,0x78,0x5A,0x5A,0xB7,0x2D,0x3D,0xD8,0x86,0xFF,0x7C,0xAA,0x3A,0x2C,0x0C,0x47,0x28,0xB7,0xD8,0x3D,0xA0,0x9E,0xD8,0xA3,0x8F,0xD8,0x86,0x1D,0x4F,0x75,0xBA,0x6F},
        {0x0D,0x75,0x56,0x91,0xB1,0x5D,0x3D,0xA7,0x7B,0x32,0x1C,0x94,0x27,0xAE,0xB5,0x0A,0xB7,0x4E,0xEF,0xF0,0x0E,0x03,0xB4,0x6C,0x5F,0x74,0x67,0xD0,0xF2,0xF4,0x06,0x04},
    },
    {
        UINT32_C(41776),
        UINT64_C(0x5E7A61D10B53BB1D),
        UINT32_C(210),
        UINT32_C(123),
        {0x57,0x4F,0xB1,0x19,0x82,0xEB,0x5D,0x3E,0x5B,0x9A,0xA4,0xAA,0x1E,0x52,0x86,0xFD,0x38,0x7E,0x04,0x93,0xAE,0x0C,0x4E,0x0C,0xE6,0xC0,0x84,0x59,0xB1,0xF8,0x0B,0xD6},
        {0xFB,0x8A,0xD9,0x3E,0x49,0xFE,0x65,0x46,0x6B,0x53,0x40,0xCE,0xEC,0x6B,0x92,0x28,0x13,0xF5,0xF6,0x8F,0x8A,0x98,0x43,0x34,0x91,0x93,0x38,0x4F,0x10,0xC5,0x78,0x48},
    },
    {
        UINT32_C(41858),
        UINT64_C(0x93E0D2767385BF23),
        UINT32_C(148),
        UINT32_C(228),
        {0xD2,0x09,0x69,0x81,0x1F,0x1B,0x89,0x3D,0x12,0x77,0x4C,0x71,0xA8,0x24,0x23,0x1B,0x50,0x1F,0x60,0xCA,0xCD,0x13,0xD6,0xEA,0x96,0x60,0x26,0xA6,0x79,0xEC,0xF8,0xC0},
        {0x39,0x81,0x4F,0x40,0x83,0xCA,0xB8,0x0A,0x62,0x8D,0xD6,0x7C,0xF5,0xEB,0x79,0x3C,0xFD,0x7B,0x22,0xF7,0x36,0xEA,0x7F,0x33,0xFE,0x1D,0xC2,0x7E,0x5A,0x5E,0x83,0x1F},
    },
    {
        UINT32_C(41950),
        UINT64_C(0x7FF9B90D48F0F77B),
        UINT32_C(210),
        UINT32_C(123),
        {0x3A,0x60,0xA8,0x7A,0xDB,0xB9,0x6E,0x57,0x89,0x7A,0x0B,0x78,0xBA,0x55,0xFB,0xD7,0x7F,0x95,0x55,0x8F,0xA4,0x54,0x91,0x99,0x1D,0xE3,0xFC,0x3A,0xA8,0xEC,0xC9,0x16},
        {0x7A,0x7E,0x66,0xEE,0x33,0x91,0xB5,0x79,0x2E,0xB3,0x20,0x3A,0x84,0x1E,0xFA,0x63,0xC8,0xE9,0x3C,0x1B,0x28,0xA1,0x62,0xEE,0x62,0x12,0x40,0x8F,0x89,0xDA,0xFB,0x6D},
    },
    {
        UINT32_C(41998),
        UINT64_C(0x1EFF277C892D5911),
        UINT32_C(230),
        UINT32_C(130),
        {0xFC,0xAC,0xCD,0xCD,0xF8,0x7C,0x25,0xE2,0xFA,0x25,0x7A,0x1C,0x85,0x77,0xE3,0x59,0xAA,0x43,0x18,0xBE,0xDA,0x79,0x32,0x9D,0xF6,0x3C,0x8E,0xCA,0x0D,0x61,0x80,0x19},
        {0x09,0xE1,0xB7,0x0B,0xAB,0x30,0xBB,0xBB,0xA8,0xA4,0xFB,0xED,0x93,0xFF,0x3E,0xCB,0xA1,0x3B,0x19,0xD5,0x75,0xAC,0x4C,0x53,0x1B,0x8A,0xF5,0x1A,0x50,0xBA,0xDA,0x07},
    },
    {
        UINT32_C(42024),
        UINT64_C(0x4EDD4BC0E7C9F6C3),
        UINT32_C(210),
        UINT32_C(123),
        {0x5A,0xB6,0xA1,0x2D,0x34,0x0F,0xF3,0x64,0x03,0x61,0xD0,0xBA,0x9F,0x9C,0x79,0x48,0x65,0xC4,0x13,0xBF,0x03,0x08,0x05,0xA3,0x98,0x89,0x92,0xF0,0x95,0xCF,0x17,0x16},
        {0x27,0x09,0xDD,0x9C,0x1B,0xDC,0xEA,0x95,0x52,0x9B,0xC4,0x31,0x97,0x58,0x02,0x05,0x60,0x82,0x96,0x01,0xB3,0x1B,0x55,0x7B,0x91,0x8B,0x03,0xFE,0xB0,0x15,0xBE,0x28},
    },
    {
        UINT32_C(42104),
        UINT64_C(0x7580A2FDC96C99F2),
        UINT32_C(148),
        UINT32_C(228),
        {0x36,0xB0,0xAD,0x25,0x10,0xCD,0x62,0x9A,0x74,0x31,0x32,0x3C,0x76,0xC0,0x19,0x1E,0xC4,0xAB,0xF5,0x4F,0x52,0x0E,0x71,0x8A,0x92,0x9D,0x85,0xCF,0x99,0x9C,0xCC,0x3A},
        {0xF6,0xC2,0x4B,0x92,0xA4,0xB6,0xA3,0x35,0x81,0xA3,0x21,0x98,0xA8,0x49,0xFD,0x9C,0xB5,0xAD,0x37,0x07,0x28,0x69,0xF4,0x55,0x51,0xF8,0x70,0xE3,0xD1,0x0B,0x96,0xA3},
    },
    {
        UINT32_C(42114),
        UINT64_C(0xD3905487F15BF808),
        UINT32_C(148),
        UINT32_C(228),
        {0xB8,0x0B,0x7A,0x22,0xAB,0x6C,0xF7,0x29,0x51,0xD2,0x52,0xC2,0x69,0x11,0x97,0x20,0x3A,0x38,0xCD,0x78,0x97,0x77,0xEE,0xD0,0xB9,0x2B,0x76,0x7D,0xF9,0x53,0x39,0x48},
        {0xB2,0x17,0x14,0x2E,0x08,0xFA,0xE1,0x42,0x09,0xFA,0x5E,0x8A,0x1B,0x84,0x6D,0xCC,0x74,0x03,0xA9,0xF0,0xE9,0x7F,0x40,0x36,0x49,0x46,0xE2,0x05,0x76,0x47,0xBA,0x40},
    },
    {
        UINT32_C(42142),
        UINT64_C(0x5DBA1C1CA63029D6),
        UINT32_C(210),
        UINT32_C(123),
        {0x72,0x07,0x42,0xDC,0x2F,0xDA,0x25,0xBD,0x20,0x47,0x55,0xF0,0x7B,0xC4,0x3B,0x7B,0x17,0xA4,0xB5,0x12,0xE5,0x6D,0x28,0x31,0x32,0x26,0x86,0x7D,0x32,0xE9,0x70,0x30},
        {0x0C,0xC2,0x93,0x2B,0x27,0xC3,0x57,0xA2,0x4C,0x4B,0x19,0xE9,0x14,0xFD,0xE3,0xA8,0xBB,0x46,0xE0,0x29,0xB3,0x49,0xF6,0x8B,0xDE,0xF3,0x23,0x28,0x0C,0x16,0x31,0x3C},
    },
    {
        UINT32_C(42258),
        UINT64_C(0x2F127D09968C84A5),
        UINT32_C(210),
        UINT32_C(123),
        {0xFD,0x78,0x7E,0xF7,0xEC,0xB8,0x45,0x13,0xB7,0x84,0x7A,0xDB,0xB6,0xC7,0x80,0x5B,0x95,0x06,0x80,0x9F,0x92,0x36,0x63,0x53,0x22,0x72,0x60,0xF1,0xDB,0x9D,0x1E,0x53},
        {0x2E,0x17,0xC7,0x89,0x09,0x68,0x07,0x82,0xBD,0xCA,0xAF,0x64,0xCC,0xE3,0xBB,0x40,0x1C,0xDB,0x08,0xEE,0xA4,0xDE,0x1C,0x99,0xE7,0xCC,0x15,0xE4,0xFF,0x03,0x5F,0x7E},
    },
    {
        UINT32_C(42330),
        UINT64_C(0xC5AB6AD678E95073),
        UINT32_C(148),
        UINT32_C(228),
        {0x19,0x4C,0xFB,0x64,0x3C,0x20,0xAA,0x4D,0x05,0x9E,0x77,0xD4,0x7E,0xBD,0xBE,0x47,0xCF,0x21,0x6E,0xBB,0xE9,0x1B,0x5F,0x0F,0x19,0x81,0x31,0xD2,0xEE,0x70,0xB4,0x5C},
        {0xE8,0x87,0x31,0x1E,0xF3,0x8B,0xF6,0x0F,0xC3,0xAD,0x63,0xCD,0xD5,0x05,0x59,0xC0,0x93,0x54,0xC3,0x72,0xB1,0x7A,0x1D,0x18,0xC0,0x2D,0x09,0xA5,0x25,0xC6,0xE8,0x55},
    },
    {
        UINT32_C(42352),
        UINT64_C(0x6F115CF3FF5FC83D),
        UINT32_C(148),
        UINT32_C(228),
        {0x48,0x7F,0x06,0x6F,0x54,0x36,0x83,0x86,0x08,0x86,0xF5,0xC6,0x4B,0x0A,0xC0,0xA3,0x10,0x34,0x5B,0x3E,0x23,0x32,0x8F,0x53,0x84,0xA3,0x2A,0x68,0x75,0x8E,0x08,0x0A},
        {0x92,0xCC,0x8A,0x26,0xF6,0xF8,0x87,0xE7,0x28,0x70,0x17,0xDB,0xA8,0x49,0xFF,0x9A,0xA5,0xF9,0xDE,0xE1,0x1D,0x8A,0xD2,0xE9,0x31,0x01,0x48,0x65,0xCE,0x69,0xA4,0x83},
    },
    {
        UINT32_C(42508),
        UINT64_C(0xCA8D0823AF3BCD61),
        UINT32_C(148),
        UINT32_C(228),
        {0x8F,0x7E,0x60,0x0C,0x01,0x18,0x2E,0xEC,0x0F,0x85,0xEB,0x23,0x12,0x8D,0x7C,0xCC,0x59,0xC9,0x29,0xE5,0x1D,0x0E,0x5D,0x10,0xB0,0x1A,0xE0,0x7D,0x8A,0x0A,0x2B,0x94},
        {0xCD,0x54,0x39,0xD6,0xB1,0xE3,0x6A,0x91,0x0F,0x51,0xBC,0x04,0x60,0xF8,0x1A,0xF2,0x9A,0x97,0x9C,0x09,0x99,0xC0,0x22,0xBA,0xAD,0x70,0x8D,0xEF,0x7A,0x8B,0xCF,0x34},
    },
    {
        UINT32_C(42512),
        UINT64_C(0x3872EEDADD79FB95),
        UINT32_C(210),
        UINT32_C(123),
        {0xBA,0x01,0x97,0x6B,0x3B,0x99,0xC2,0xB9,0x7D,0xC7,0x4A,0x86,0x88,0x8D,0x5B,0x19,0x99,0x52,0xD2,0x75,0x36,0xBB,0x50,0x78,0x14,0xF0,0xCB,0x1B,0x11,0x4B,0xB3,0xD6},
        {0x22,0xEB,0xDF,0x7C,0xE2,0xA2,0x83,0xA2,0xDF,0x77,0xF6,0x08,0x53,0x77,0x90,0x58,0x16,0x57,0x71,0x22,0x0A,0x06,0x94,0xA0,0x0E,0xFC,0x85,0x1E,0x95,0xB7,0xE0,0x6A},
    },
    {
        UINT32_C(42572),
        UINT64_C(0x047361E52887DFEA),
        UINT32_C(210),
        UINT32_C(123),
        {0x5A,0xB2,0x88,0x97,0x23,0x6D,0x33,0x73,0x36,0x9B,0xE5,0x5D,0xFC,0xFA,0x6B,0x7D,0x6C,0x7D,0x7E,0x06,0x44,0x1D,0x8A,0xAD,0x2D,0xF3,0x5A,0x7B,0xBF,0xAD,0xC1,0xA2},
        {0x34,0xC4,0x49,0x31,0xC8,0x79,0x84,0x97,0x36,0x44,0xAF,0x8D,0xC2,0x34,0xCC,0x02,0x21,0x9E,0x2E,0x66,0x09,0x1D,0xCA,0x7A,0xF2,0xE2,0xA2,0x2C,0x97,0x05,0xD7,0x35},
    },
    {
        UINT32_C(42728),
        UINT64_C(0xAB72448577C4A040),
        UINT32_C(210),
        UINT32_C(123),
        {0x1C,0xB3,0x93,0xB0,0xD5,0xDD,0x3F,0x15,0xD7,0x19,0x43,0x4A,0x78,0x94,0x6F,0xBD,0x98,0x98,0xFB,0x49,0x06,0xE7,0x04,0x27,0x6A,0xD8,0x07,0x58,0xFC,0x64,0x26,0x73},
        {0x8D,0x21,0x10,0x1C,0x7F,0x2D,0x66,0xA2,0x45,0xD3,0xF6,0x6E,0x0A,0x64,0x5C,0x90,0x37,0xB6,0x61,0x17,0x44,0x06,0x13,0x16,0xA3,0x2B,0x98,0x7F,0x7C,0xFC,0x5D,0x62},
    },
    {
        UINT32_C(42766),
        UINT64_C(0xC51253237FDBB2DA),
        UINT32_C(210),
        UINT32_C(123),
        {0xB5,0x81,0x83,0xEA,0xEC,0x75,0x99,0x0C,0xE4,0x08,0xC5,0xDF,0x73,0x37,0xD3,0xBD,0x96,0x60,0xA4,0x31,0xFF,0x72,0x2E,0xC6,0x3F,0xD1,0x6D,0xF5,0xFB,0xFF,0xED,0x1A},
        {0x90,0x03,0xEF,0x3B,0x24,0xAC,0x8C,0xF1,0x5B,0x74,0x7B,0x76,0x04,0x20,0x62,0xE1,0x5D,0x90,0xF5,0x7B,0xE4,0x35,0x5F,0xAB,0x8F,0x79,0x3C,0xC2,0x38,0x57,0x62,0x4A},
    },
    {
        UINT32_C(42832),
        UINT64_C(0x02B6D1AF8BCA6DD9),
        UINT32_C(210),
        UINT32_C(123),
        {0x0A,0x6F,0x8D,0xDC,0x91,0x3C,0xB0,0xE3,0xB2,0xF6,0xCE,0x65,0x7E,0x3B,0x2C,0xD1,0x2B,0xDD,0xF8,0x48,0xAE,0x11,0x98,0x4D,0x37,0x64,0x28,0x33,0xE9,0x34,0x8C,0x90},
        {0x5B,0x98,0x0E,0x8F,0xE7,0x1F,0x2E,0xE8,0xB2,0x3E,0x23,0xC4,0x3E,0xC8,0x77,0x86,0xEF,0x6A,0x64,0x73,0x2D,0xB3,0x1F,0xC1,0x52,0x30,0x56,0x6E,0xFE,0x5B,0x6C,0x26},
    },
    {
        UINT32_C(42844),
        UINT64_C(0xDE87A1C2F03A426F),
        UINT32_C(210),
        UINT32_C(123),
        {0xE5,0x3E,0xB8,0x8A,0x81,0xBD,0x3C,0x8A,0x2D,0x68,0xF9,0xF8,0xF3,0x8E,0xD0,0x02,0x0A,0xB9,0xDB,0xB2,0xA1,0x04,0x78,0xFA,0x1B,0xFD,0x22,0xE9,0xF5,0xF1,0x1B,0x29},
        {0x47,0xA1,0xAE,0x50,0x97,0xF6,0x13,0xE9,0x11,0xA5,0xDE,0x73,0xCB,0xFD,0x36,0x0A,0xD1,0x64,0x9F,0xE6,0x96,0x27,0x9C,0xBF,0x47,0x1C,0xB7,0x0E,0x89,0xB6,0xE3,0xC9},
    },
    {
        UINT32_C(42872),
        UINT64_C(0xB7C7C6D880756A04),
        UINT32_C(148),
        UINT32_C(228),
        {0x37,0x44,0x89,0x85,0x60,0x1B,0x3E,0x9D,0x30,0x43,0x82,0xDA,0xFA,0x76,0x23,0x3D,0xD2,0x24,0x71,0x18,0xDD,0x88,0xEA,0x19,0x14,0xDE,0xF8,0x51,0xE5,0xD4,0x3A,0x4C},
        {0x1E,0x9C,0x10,0x76,0x59,0x6F,0x13,0x8A,0x9E,0x46,0xBF,0x59,0xCE,0xCC,0x4F,0x07,0x6A,0x33,0x97,0xA1,0x16,0x59,0xFC,0x27,0xE4,0xD9,0xFA,0x15,0x68,0x9D,0x34,0x7B},
    },
    {
        UINT32_C(42892),
        UINT64_C(0xF30508765DF23CA5),
        UINT32_C(303),
        UINT32_C(210),
        {0x63,0xFF,0x07,0xA1,0x3D,0xD9,0x5F,0xBE,0x85,0xC3,0x63,0xA6,0x4D,0x62,0x21,0x24,0xF2,0xE9,0x10,0xCB,0x82,0xCE,0x09,0x29,0x2C,0x23,0x0C,0x4C,0x6F,0x36,0xA8,0xE5},
        {0x18,0x05,0x6C,0xBA,0x0E,0xD6,0xDA,0xBF,0x53,0x83,0x3E,0xF2,0xDA,0x5B,0x1F,0x4A,0xE1,0xAF,0xFF,0xBA,0x75,0x62,0x8D,0xB7,0x5A,0xAF,0xF3,0xB2,0xC5,0xE4,0x25,0x86},
    },
    {
        UINT32_C(42924),
        UINT64_C(0xFF23F02FCB8253D0),
        UINT32_C(148),
        UINT32_C(228),
        {0x59,0x9A,0x36,0x38,0xAD,0xD0,0x54,0x15,0xAF,0xCC,0xE4,0x4C,0xF1,0xDD,0xA7,0xD1,0xC6,0xCE,0x9E,0x44,0x14,0x12,0x96,0xE5,0x9C,0x91,0x20,0xAE,0x1B,0xD1,0xB5,0xA3},
        {0xA2,0x0A,0x83,0xE0,0x90,0xD8,0x8B,0xE7,0xF2,0x38,0xFE,0x05,0x82,0xE7,0x3C,0xD1,0x51,0x92,0xAB,0x53,0x1B,0x67,0xB9,0xF7,0x15,0xFD,0x5F,0x9F,0x8F,0xEF,0xD4,0x13},
    },
    {
        UINT32_C(42928),
        UINT64_C(0x67A5804CE6E45D27),
        UINT32_C(210),
        UINT32_C(123),
        {0x3A,0x37,0x24,0xD4,0xC4,0x47,0xC5,0x6C,0x7E,0xBC,0x63,0x92,0x58,0xD7,0x5A,0x76,0x0A,0xFE,0x80,0xC4,0x0B,0xD3,0x8F,0xBD,0x55,0x9F,0x01,0xE2,0x31,0x8B,0xB1,0xF5},
        {0xAF,0x14,0xC5,0xA9,0x63,0x24,0x24,0xC4,0xA3,0xA2,0x48,0x33,0x4A,0xD5,0x1D,0x6B,0x0E,0x71,0x18,0x68,0xC9,0xFE,0x6A,0xB4,0x1C,0x9A,0x56,0x3B,0x54,0x68,0xE1,0x6F},
    },
    {
        UINT32_C(43008),
        UINT64_C(0x0FD24C809D052716),
        UINT32_C(210),
        UINT32_C(123),
        {0xCF,0x0D,0x0D,0x11,0x6E,0xBA,0xC1,0x21,0x2A,0x3F,0x0F,0xF3,0x10,0x0B,0xCA,0x18,0xDA,0x7B,0xDA,0xC4,0x21,0xE0,0x57,0xD6,0x2C,0x3B,0xD8,0xAF,0xE7,0x08,0xB6,0xAB},
        {0x52,0xE7,0x10,0x08,0x10,0x3E,0x03,0x10,0xB2,0xED,0x1D,0xAB,0xEE,0xA4,0x21,0x7A,0xD3,0xEE,0x9B,0xCC,0xFD,0x4B,0x48,0x90,0xBB,0x63,0xE7,0x78,0xAD,0x0D,0xE2,0x80},
    },
    {
        UINT32_C(43014),
        UINT64_C(0xC99D9947F5D54833),
        UINT32_C(148),
        UINT32_C(228),
        {0x84,0xAB,0x37,0x68,0xD6,0xD9,0x2B,0xE3,0xFE,0x76,0xF9,0x5F,0xDA,0x67,0xC3,0xF1,0x75,0xE7,0xD6,0x76,0x78,0xD8,0x7C,0xED,0x0D,0xE4,0x1B,0x7E,0xFF,0x31,0xA4,0x86},
        {0xE2,0x86,0x9D,0x2B,0xE5,0xB2,0xDE,0xBD,0x36,0x43,0xA5,0x17,0xFD,0xDE,0x5D,0x1D,0x9B,0x3B,0xB1,0x15,0xCB,0x1F,0x87,0x7E,0x90,0xCD,0xE3,0x70,0x30,0x5E,0xA0,0xE8},
    },
    {
        UINT32_C(43024),
        UINT64_C(0x6C3F533445AA598B),
        UINT32_C(148),
        UINT32_C(228),
        {0x58,0xCE,0xAC,0xF3,0x9B,0x1B,0x72,0x1F,0x5B,0xEC,0xDD,0x3D,0x1A,0x77,0x0F,0xCE,0x11,0xE6,0x02,0x34,0x37,0x57,0x16,0xF8,0xBA,0x35,0x9A,0x2B,0xCB,0xBA,0x30,0xAC},
        {0x7A,0x38,0x22,0x44,0xEB,0xB6,0x8F,0xC2,0xEA,0x3E,0x6B,0xF0,0x7D,0x82,0xDA,0x56,0x83,0x32,0xC8,0x69,0xDE,0x9F,0x35,0x35,0x42,0xB6,0x29,0x3E,0xC8,0x86,0x28,0x59},
    },
    {
        UINT32_C(43048),
        UINT64_C(0xF7CC6EB543FB7EEC),
        UINT32_C(148),
        UINT32_C(228),
        {0xB1,0x51,0x0E,0x50,0xB2,0x71,0xF1,0x93,0x6D,0xCF,0x06,0xEB,0xC6,0xD1,0x84,0x06,0x22,0x0B,0xF1,0x71,0x86,0x93,0x5E,0x71,0x57,0x3B,0x8D,0xF5,0xD4,0x30,0x52,0xD4},
        {0x1F,0x5C,0x22,0x69,0x07,0x31,0x30,0x4E,0xAB,0x8B,0x27,0x97,0x39,0xB8,0x09,0x8E,0xDF,0x44,0x2B,0x5B,0x64,0xDA,0xC5,0xC5,0xB2,0x9A,0x89,0x75,0x7A,0x5D,0x15,0xBC},
    },
    {
        UINT32_C(43050),
        UINT64_C(0xBE6940706D94BE28),
        UINT32_C(148),
        UINT32_C(228),
        {0x58,0xCE,0xAC,0xF3,0x9B,0x1B,0x72,0x1F,0x5B,0xEC,0xDD,0x3D,0x1A,0x77,0x0F,0xCE,0x11,0xE6,0x02,0x34,0x37,0x57,0x16,0xF8,0xBA,0x35,0x9A,0x2B,0xCB,0xBA,0x30,0xAC},
        {0x7A,0x38,0x22,0x44,0xEB,0xB6,0x8F,0xC2,0xEA,0x3E,0x6B,0xF0,0x7D,0x82,0xDA,0x56,0x83,0x32,0xC8,0x69,0xDE,0x9F,0x35,0x35,0x42,0xB6,0x29,0x3E,0xC8,0x86,0x28,0x59},
    },
    {
        UINT32_C(43082),
        UINT64_C(0x08D5B80BEC7D4FCE),
        UINT32_C(148),
        UINT32_C(228),
        {0xBA,0xAC,0xF5,0x81,0x2E,0x02,0x80,0x64,0xDE,0x2C,0xF2,0x85,0x38,0x50,0x40,0x15,0x50,0x73,0x0B,0xC9,0x14,0x9D,0xC9,0xCD,0x10,0xD7,0xF2,0x11,0xC5,0x1D,0x27,0xDF},
        {0x18,0x4A,0xBE,0x6D,0x8C,0xED,0x48,0xFB,0x3D,0xDB,0x44,0x01,0x73,0x20,0x55,0x47,0x1E,0xC9,0xA4,0x53,0xFC,0x78,0xE1,0xFA,0xEA,0x27,0x64,0xAD,0xB4,0xD3,0x52,0x72},
    },
    {
        UINT32_C(43152),
        UINT64_C(0xCCB1C2A33D9A23B3),
        UINT32_C(210),
        UINT32_C(123),
        {0x77,0x74,0x1E,0x5E,0xB5,0x34,0xEF,0xFF,0xE9,0x24,0x61,0x46,0xD5,0x20,0x80,0xF3,0xA6,0x87,0x41,0xAF,0x6D,0x5B,0xBA,0x27,0xA9,0xF5,0x23,0x90,0x6B,0x1A,0xDE,0xFD},
        {0x8E,0x6D,0xF2,0x87,0x7C,0x45,0x78,0xC5,0xFB,0xB3,0x2E,0x45,0x82,0x97,0xB2,0x44,0x65,0x35,0xE8,0x3D,0xCE,0x09,0x33,0xF0,0x29,0x18,0x8B,0xFB,0xCF,0xC0,0x7C,0x54},
    },
    {
        UINT32_C(43242),
        UINT64_C(0x295A7C147DA5BF3E),
        UINT32_C(210),
        UINT32_C(123),
        {0xAD,0x8E,0x0A,0x28,0x15,0x5D,0x6D,0x0E,0x81,0x7F,0xE1,0xD2,0x21,0xD7,0x44,0x64,0xB5,0x1E,0x86,0x63,0x99,0x26,0xEB,0x4E,0x63,0xF5,0xFF,0x50,0x22,0x66,0xF8,0x94},
        {0xE3,0x25,0x96,0xD6,0xC2,0xA6,0xA5,0x89,0x6F,0xA1,0x28,0x4F,0x9F,0x49,0x3E,0x9B,0x86,0x97,0x5E,0x33,0x56,0x78,0x65,0x60,0x00,0xEA,0x7B,0x28,0x50,0x82,0x72,0x4A},
    },
    {
        UINT32_C(43348),
        UINT64_C(0xAB539971AA58B7F8),
        UINT32_C(148),
        UINT32_C(228),
        {0xEE,0x94,0x82,0x09,0x80,0xB8,0xAC,0xE2,0xAB,0xC7,0xA3,0x44,0xD9,0xAE,0x36,0x0F,0x6A,0xCD,0xC6,0x11,0xC4,0x2C,0xE3,0xDB,0x66,0x43,0x47,0x02,0xFF,0xEC,0x65,0xFB},
        {0xA9,0xF7,0x4D,0xB1,0xA4,0x29,0xC6,0xBF,0x0C,0x8D,0xFC,0xAF,0xF4,0x55,0x30,0xA6,0x89,0x81,0xA4,0x6D,0xC4,0xB0,0xD3,0x4A,0xB4,0x81,0x4B,0xFB,0x6A,0xBE,0x80,0xB0},
    },
    {
        UINT32_C(43382),
        UINT64_C(0xC8DC7AD65BCE0401),
        UINT32_C(148),
        UINT32_C(228),
        {0xEE,0x94,0x82,0x09,0x80,0xB8,0xAC,0xE2,0xAB,0xC7,0xA3,0x44,0xD9,0xAE,0x36,0x0F,0x6A,0xCD,0xC6,0x11,0xC4,0x2C,0xE3,0xDB,0x66,0x43,0x47,0x02,0xFF,0xEC,0x65,0xFB},
        {0xA9,0xF7,0x4D,0xB1,0xA4,0x29,0xC6,0xBF,0x0C,0x8D,0xFC,0xAF,0xF4,0x55,0x30,0xA6,0x89,0x81,0xA4,0x6D,0xC4,0xB0,0xD3,0x4A,0xB4,0x81,0x4B,0xFB,0x6A,0xBE,0x80,0xB0},
    },
    {
        UINT32_C(43908),
        UINT64_C(0x64AFDB9672D58687),
        UINT32_C(148),
        UINT32_C(228),
        {0x6B,0xA1,0x76,0x38,0xA3,0x7D,0x3C,0x73,0xCD,0xCB,0xB8,0xDD,0x9B,0x6F,0x65,0xCF,0x41,0xA7,0x67,0x26,0x92,0x8F,0xE6,0xF8,0xCB,0x60,0x7B,0x9A,0x99,0xFF,0xEF,0x04},
        {0xA5,0xEE,0x06,0x50,0xED,0x37,0xA2,0x17,0x70,0x61,0x3D,0xB1,0xBA,0x86,0x7B,0xA8,0x26,0x88,0x79,0x74,0x23,0x63,0x1F,0x13,0x5A,0xB9,0x85,0x88,0x38,0xB7,0x36,0x72},
    },
    {
        UINT32_C(44028),
        UINT64_C(0x9893A4F2A174F3C9),
        UINT32_C(148),
        UINT32_C(228),
        {0xBA,0xAC,0xF5,0x81,0x2E,0x02,0x80,0x64,0xDE,0x2C,0xF2,0x85,0x38,0x50,0x40,0x15,0x50,0x73,0x0B,0xC9,0x14,0x9D,0xC9,0xCD,0x10,0xD7,0xF2,0x11,0xC5,0x1D,0x27,0xDF},
        {0x18,0x4A,0xBE,0x6D,0x8C,0xED,0x48,0xFB,0x3D,0xDB,0x44,0x01,0x73,0x20,0x55,0x47,0x1E,0xC9,0xA4,0x53,0xFC,0x78,0xE1,0xFA,0xEA,0x27,0x64,0xAD,0xB4,0xD3,0x52,0x72},
    },
    {
        UINT32_C(44108),
        UINT64_C(0x3BA194C02C536B4F),
        UINT32_C(148),
        UINT32_C(228),
        {0xB7,0xEA,0x82,0x51,0xE8,0xBD,0x0D,0x86,0xCA,0x33,0xB3,0x31,0x45,0xDA,0xEA,0x34,0x7A,0x80,0x3A,0x7E,0xD6,0x02,0x64,0x6C,0x43,0x48,0x45,0xA7,0xCB,0x7D,0x5A,0xDD},
        {0xDF,0xDF,0x5D,0x30,0xE2,0x84,0x94,0x63,0x25,0x83,0xFF,0x55,0xDA,0x9E,0x11,0x40,0x22,0x62,0xC6,0xF3,0x53,0xC2,0x4A,0x76,0xB7,0xAF,0xA0,0x94,0x0D,0x55,0xDA,0xB6},
    },
    {
        UINT32_C(44124),
        UINT64_C(0xA8C241994A670103),
        UINT32_C(148),
        UINT32_C(228),
        {0xB1,0x51,0x0E,0x50,0xB2,0x71,0xF1,0x93,0x6D,0xCF,0x06,0xEB,0xC6,0xD1,0x84,0x06,0x22,0x0B,0xF1,0x71,0x86,0x93,0x5E,0x71,0x57,0x3B,0x8D,0xF5,0xD4,0x30,0x52,0xD4},
        {0x1F,0x5C,0x22,0x69,0x07,0x31,0x30,0x4E,0xAB,0x8B,0x27,0x97,0x39,0xB8,0x09,0x8E,0xDF,0x44,0x2B,0x5B,0x64,0xDA,0xC5,0xC5,0xB2,0x9A,0x89,0x75,0x7A,0x5D,0x15,0xBC},
    },
    {
        UINT32_C(44168),
        UINT64_C(0x584DEA3076D038A6),
        UINT32_C(148),
        UINT32_C(228),
        {0x8C,0xD6,0x5D,0x11,0x49,0xB0,0x8C,0xBA,0xC8,0xE4,0xB7,0x56,0xBB,0xD4,0xC2,0xCF,0xFB,0x41,0x7C,0xBD,0x72,0x44,0x4A,0x14,0xD7,0x61,0xFC,0xB3,0xF8,0x03,0xE3,0xE6},
        {0xD0,0xC3,0x75,0x64,0x1D,0x7B,0x87,0xA4,0x90,0xC5,0xA4,0x2D,0x22,0x39,0xBF,0x05,0x89,0x2D,0xD0,0x33,0x7C,0xC8,0x25,0x75,0x97,0x34,0x24,0x7D,0x85,0x35,0x80,0x33},
    },
    {
        UINT32_C(44280),
        UINT64_C(0x0D19A077AFE0700D),
        UINT32_C(148),
        UINT32_C(228),
        {0xE7,0xC8,0xCD,0xA2,0xC9,0x00,0x72,0x23,0x36,0x8C,0x58,0xEC,0xB4,0x26,0x3A,0xE3,0xF9,0x68,0xF6,0x5F,0x96,0x1A,0x90,0x4F,0xFC,0x9B,0x04,0xCC,0x54,0x03,0xD8,0x72},
        {0xDD,0xEB,0x1E,0xF8,0x7E,0xD8,0xF6,0x7C,0x3D,0xC0,0x03,0x1F,0x6A,0x2E,0x64,0x70,0x2E,0x92,0x0C,0x0C,0xE8,0x8F,0x46,0xB7,0xE8,0x59,0xCA,0xB3,0xE5,0x62,0x16,0x61},
    },
    {
        UINT32_C(44292),
        UINT64_C(0xDA7F0E308DDBE4EE),
        UINT32_C(210),
        UINT32_C(123),
        {0xF4,0x37,0xAC,0xE2,0x94,0x82,0x7E,0xAB,0x6C,0x11,0x20,0x19,0xCB,0xA8,0xEB,0xEE,0x7D,0x5C,0xD2,0x84,0x1A,0x8A,0x25,0x88,0x41,0x39,0x17,0x30,0xA9,0x48,0xE1,0x86},
        {0x45,0xB7,0x5C,0x97,0x28,0x63,0xBF,0x01,0x8A,0xA5,0x1B,0x8C,0x29,0x0E,0x62,0x65,0x63,0x58,0x66,0x03,0xE6,0xE0,0x10,0xC1,0x0F,0x52,0x6C,0x84,0x13,0x72,0xCB,0xCC},
    },
    {
        UINT32_C(44484),
        UINT64_C(0x9158915920A736D5),
        UINT32_C(210),
        UINT32_C(123),
        {0x81,0xE2,0x79,0x41,0x4B,0x86,0x16,0x4F,0xCA,0xCA,0x66,0xDD,0x37,0xF4,0x66,0x06,0x6F,0xDB,0x87,0x45,0x24,0xCE,0xC1,0xD7,0x9E,0x28,0x7C,0x41,0xCD,0x04,0x83,0xE9},
        {0x8F,0x2A,0xBB,0x0B,0x3D,0xD1,0x28,0xA0,0xAC,0xBF,0x70,0x4C,0x22,0x7F,0x10,0xE8,0x70,0x6F,0xAF,0x74,0x8A,0xCA,0x92,0x1B,0xD9,0xDC,0xDB,0xE9,0x34,0xAD,0x67,0xDC},
    },
    {
        UINT32_C(44526),
        UINT64_C(0x54A0CC15E96F7804),
        UINT32_C(148),
        UINT32_C(228),
        {0x6B,0xA1,0x76,0x38,0xA3,0x7D,0x3C,0x73,0xCD,0xCB,0xB8,0xDD,0x9B,0x6F,0x65,0xCF,0x41,0xA7,0x67,0x26,0x92,0x8F,0xE6,0xF8,0xCB,0x60,0x7B,0x9A,0x99,0xFF,0xEF,0x04},
        {0xA5,0xEE,0x06,0x50,0xED,0x37,0xA2,0x17,0x70,0x61,0x3D,0xB1,0xBA,0x86,0x7B,0xA8,0x26,0x88,0x79,0x74,0x23,0x63,0x1F,0x13,0x5A,0xB9,0x85,0x88,0x38,0xB7,0x36,0x72},
    },
    {
        UINT32_C(44562),
        UINT64_C(0xCF9CFF5E368EF739),
        UINT32_C(210),
        UINT32_C(123),
        {0x04,0x15,0x96,0x19,0xA7,0xD1,0x74,0xAD,0x0E,0x0F,0x0C,0xA1,0xD7,0x14,0xCC,0x05,0x07,0xCB,0x6A,0x85,0x67,0xB5,0xE3,0xDF,0x6C,0x93,0x5D,0xBB,0xD3,0x46,0xFF,0x61},
        {0x87,0xC5,0x70,0x06,0x1E,0xAE,0x73,0x04,0xF2,0x6E,0x63,0xA5,0xA1,0x29,0x5D,0x3B,0xCE,0xC0,0x55,0x05,0x32,0xF1,0xFC,0x85,0x21,0xD3,0xBE,0xB0,0x13,0x93,0xA0,0xA3},
    },
    {
        UINT32_C(44566),
        UINT64_C(0xAB884F0C7C198800),
        UINT32_C(148),
        UINT32_C(228),
        {0x26,0x29,0x86,0xD9,0xB7,0xC9,0x1D,0x56,0x2D,0x89,0x00,0x6E,0x2E,0xC6,0x71,0xEB,0x44,0x68,0x69,0x95,0x1A,0x5C,0x60,0x14,0x57,0x7B,0x20,0x11,0xE4,0xEA,0x5A,0x7C},
        {0x1C,0xC4,0x7C,0x36,0x81,0x4C,0x80,0x8E,0xCD,0x09,0x42,0xF7,0x7D,0xA5,0x1F,0x13,0xCB,0xAA,0xDE,0xE9,0xC9,0xB9,0x65,0xE0,0x63,0x6C,0x1B,0x8E,0xB5,0x04,0x20,0x7B},
    },
    {
        UINT32_C(44638),
        UINT64_C(0x0420E9947D26E257),
        UINT32_C(148),
        UINT32_C(228),
        {0xCB,0x8A,0x1A,0xEE,0x20,0x21,0xA4,0x32,0x33,0x0C,0xB0,0x06,0x4C,0xE4,0x8B,0x56,0xAF,0x75,0xDF,0x41,0x23,0x2E,0xFD,0xBF,0xB3,0xB9,0xD8,0xAB,0x82,0xC4,0x70,0xD2},
        {0x5A,0x73,0x6D,0x00,0x8E,0x04,0xF6,0x62,0xD9,0x3C,0xA5,0x8B,0xF3,0xF3,0xB8,0x90,0xFC,0x6C,0xC8,0xAC,0x7D,0x40,0xC8,0x16,0x67,0x2B,0x11,0xF4,0x64,0x1D,0x92,0x4E},
    },
    {
        UINT32_C(44658),
        UINT64_C(0x31D9749E52190E44),
        UINT32_C(148),
        UINT32_C(228),
        {0xB9,0x29,0x98,0xD0,0x84,0x6D,0xDF,0xF4,0x71,0x70,0x0F,0xD3,0xFA,0x35,0xB1,0x63,0xE2,0x0B,0xC5,0x5C,0xC0,0x9B,0xA1,0x91,0x4E,0x15,0x38,0xA9,0xDE,0x37,0xC2,0xE9},
        {0x92,0x3C,0x70,0x5A,0x85,0x9C,0x49,0x98,0x95,0xE4,0x23,0x61,0x36,0xC9,0xE3,0x1E,0x97,0xA0,0x30,0xA5,0xC2,0xF3,0x6A,0x60,0x4C,0x75,0x7E,0x7E,0xDF,0x6D,0x29,0xDB},
    },
    {
        UINT32_C(44820),
        UINT64_C(0xF49090DFCCC2491A),
        UINT32_C(210),
        UINT32_C(123),
        {0x31,0x0F,0x94,0xD6,0xB5,0x3D,0xE6,0xE1,0xE1,0x20,0x98,0x72,0xBB,0x4A,0x95,0xCB,0x80,0xF9,0x32,0x48,0x2A,0x46,0x5E,0x4E,0x6F,0x0E,0x64,0x13,0x59,0xCA,0xF0,0x3D},
        {0x27,0xFF,0x5F,0x63,0x83,0xAC,0x10,0x58,0x24,0x5B,0x0A,0x4C,0xED,0xFC,0xFC,0xAC,0xED,0x6B,0x6C,0x31,0xB5,0x0C,0x22,0x7D,0x99,0xEA,0x51,0x16,0x9C,0x80,0x18,0xD7},
    },
    {
        UINT32_C(45026),
        UINT64_C(0x60895FEFAC759B24),
        UINT32_C(210),
        UINT32_C(123),
        {0x08,0xC7,0x5E,0x7E,0x9F,0xF1,0xD2,0x85,0xDF,0xF5,0xA1,0x08,0xE5,0x03,0x33,0x2B,0xE0,0xBE,0xF5,0x0A,0x30,0x20,0x13,0x65,0x4E,0x6D,0x7A,0x3C,0x42,0x70,0xE3,0xB4},
        {0xDA,0xA1,0xA5,0x9D,0x2F,0x3F,0x81,0x68,0x66,0x9C,0x5C,0xEB,0x69,0x8A,0xF6,0x14,0xE5,0x93,0x25,0x6B,0x94,0xBE,0x27,0xDE,0xD7,0xD4,0xBA,0xD1,0x45,0xE3,0x1E,0xF7},
    },
    {
        UINT32_C(45036),
        UINT64_C(0xFAA64875CC136CA1),
        UINT32_C(210),
        UINT32_C(123),
        {0xC7,0x4B,0x34,0xD3,0x13,0x4F,0xD7,0x06,0x75,0xA0,0xDB,0xDD,0x3F,0x61,0x73,0x19,0xED,0x64,0x4D,0xCD,0xA8,0x1F,0x31,0x92,0xE5,0xBA,0x04,0x01,0x65,0x6E,0xB7,0x4D},
        {0x6B,0xBD,0xCD,0x21,0xDC,0x2C,0x6B,0xD5,0x86,0xD9,0xB0,0xF6,0x72,0x42,0x46,0xBE,0xE8,0x67,0x00,0xD4,0xF1,0xCD,0xC3,0xE7,0xBF,0xAB,0x41,0x6C,0xA1,0xAF,0x34,0x53},
    },
    {
        UINT32_C(45086),
        UINT64_C(0x36673F9A5A619991),
        UINT32_C(210),
        UINT32_C(123),
        {0x14,0xAD,0x10,0xEB,0x82,0xD8,0xA0,0x83,0x8F,0x32,0x46,0x66,0x61,0x39,0x24,0x55,0x8B,0x15,0x75,0xA7,0x54,0x3D,0x3B,0x90,0x2B,0xFF,0xB2,0x88,0x26,0xC6,0x29,0x63},
        {0x27,0x45,0x27,0xC2,0xCA,0x52,0xA3,0xD3,0xC3,0xCF,0xB4,0x9E,0x46,0xDF,0xD8,0x80,0xEF,0x9B,0x5C,0xD8,0x24,0x04,0x40,0xD6,0xBD,0xC7,0x2D,0xDA,0xD8,0xA5,0xEF,0x21},
    },
    {
        UINT32_C(45160),
        UINT64_C(0x9FFBD16E67336724),
        UINT32_C(148),
        UINT32_C(228),
        {0x15,0xFF,0x0A,0xB4,0x4C,0x8E,0x37,0xA9,0x33,0x48,0xDB,0x90,0x32,0x61,0x27,0xC3,0xC2,0x97,0x8C,0x8A,0x7D,0x30,0x22,0xA5,0xD6,0x78,0x7F,0xAC,0xED,0x88,0xC5,0xCB},
        {0x9B,0xEC,0xAF,0xC0,0x2D,0x71,0xAE,0xF3,0x4F,0x2B,0x41,0x7E,0x30,0xC8,0x16,0xD6,0x0B,0x4B,0x2D,0x64,0x8C,0x2E,0x28,0xDB,0xB3,0x48,0x3F,0x24,0x4A,0x28,0x5F,0x94},
    },
    {
        UINT32_C(45192),
        UINT64_C(0xBDC5F44B464DDC89),
        UINT32_C(148),
        UINT32_C(228),
        {0x45,0xE8,0xC5,0x8F,0x74,0x3F,0x33,0x9B,0xEC,0x18,0x71,0x5A,0x29,0x59,0xC1,0xC0,0x00,0x81,0xED,0xB9,0xC4,0xD0,0x7F,0x18,0x3A,0x74,0x98,0x2A,0xC8,0x54,0x56,0x00},
        {0x36,0xEA,0x22,0x79,0x1C,0x4C,0xD4,0xBC,0x36,0x27,0xC6,0x30,0x3D,0xBD,0x9F,0xB6,0xB9,0xDD,0x16,0xA3,0xCE,0xC8,0xA3,0xA9,0x52,0x06,0xEA,0x33,0x5E,0x1D,0xAE,0xB8},
    },
    {
        UINT32_C(45266),
        UINT64_C(0x7DE402213BDCAEBB),
        UINT32_C(210),
        UINT32_C(123),
        {0xA8,0xD3,0x86,0x2C,0xD2,0xA2,0x6F,0xA7,0xE5,0xD2,0x54,0x5B,0x03,0x2A,0x80,0xA3,0xC1,0x25,0x5C,0x12,0x2C,0x3B,0xEB,0x3A,0xBF,0xDE,0xD8,0x2B,0x9B,0x5D,0x6B,0x6E},
        {0x1D,0x0D,0x5D,0x99,0x0D,0xB3,0x3E,0x48,0x03,0x40,0x62,0x41,0xAB,0x94,0xD2,0x4C,0xE1,0x52,0x7C,0xA4,0xDA,0xF0,0x16,0xDF,0x9A,0x4F,0x0C,0x92,0xB6,0xC9,0x79,0xBB},
    },
    {
        UINT32_C(45304),
        UINT64_C(0x2B2F95A07E433F51),
        UINT32_C(148),
        UINT32_C(228),
        {0xB8,0x0B,0x7A,0x22,0xAB,0x6C,0xF7,0x29,0x51,0xD2,0x52,0xC2,0x69,0x11,0x97,0x20,0x3A,0x38,0xCD,0x78,0x97,0x77,0xEE,0xD0,0xB9,0x2B,0x76,0x7D,0xF9,0x53,0x39,0x48},
        {0xB2,0x17,0x14,0x2E,0x08,0xFA,0xE1,0x42,0x09,0xFA,0x5E,0x8A,0x1B,0x84,0x6D,0xCC,0x74,0x03,0xA9,0xF0,0xE9,0x7F,0x40,0x36,0x49,0x46,0xE2,0x05,0x76,0x47,0xBA,0x40},
    },
    {
        UINT32_C(45370),
        UINT64_C(0x1957C31AEADBD042),
        UINT32_C(148),
        UINT32_C(228),
        {0xB9,0x29,0x98,0xD0,0x84,0x6D,0xDF,0xF4,0x71,0x70,0x0F,0xD3,0xFA,0x35,0xB1,0x63,0xE2,0x0B,0xC5,0x5C,0xC0,0x9B,0xA1,0x91,0x4E,0x15,0x38,0xA9,0xDE,0x37,0xC2,0xE9},
        {0x92,0x3C,0x70,0x5A,0x85,0x9C,0x49,0x98,0x95,0xE4,0x23,0x61,0x36,0xC9,0xE3,0x1E,0x97,0xA0,0x30,0xA5,0xC2,0xF3,0x6A,0x60,0x4C,0x75,0x7E,0x7E,0xDF,0x6D,0x29,0xDB},
    },
    {
        UINT32_C(45378),
        UINT64_C(0xC72F3C8A7F5F610E),
        UINT32_C(210),
        UINT32_C(123),
        {0xB5,0x81,0x83,0xEA,0xEC,0x75,0x99,0x0C,0xE4,0x08,0xC5,0xDF,0x73,0x37,0xD3,0xBD,0x96,0x60,0xA4,0x31,0xFF,0x72,0x2E,0xC6,0x3F,0xD1,0x6D,0xF5,0xFB,0xFF,0xED,0x1A},
        {0x90,0x03,0xEF,0x3B,0x24,0xAC,0x8C,0xF1,0x5B,0x74,0x7B,0x76,0x04,0x20,0x62,0xE1,0x5D,0x90,0xF5,0x7B,0xE4,0x35,0x5F,0xAB,0x8F,0x79,0x3C,0xC2,0x38,0x57,0x62,0x4A},
    },
    {
        UINT32_C(45400),
        UINT64_C(0x2F0D06DAEA62D2A6),
        UINT32_C(210),
        UINT32_C(123),
        {0x00,0xA8,0xEB,0xDB,0xEF,0xA4,0xCB,0x68,0x11,0x0A,0xB2,0x55,0xC1,0xC8,0xA0,0x00,0x53,0x00,0xB2,0x6C,0xA4,0x15,0x06,0x1A,0x35,0xBA,0x45,0xA9,0x90,0x6D,0xE6,0x00},
        {0x1D,0xDE,0x01,0x45,0x89,0xC7,0xC0,0x6D,0x71,0xDF,0xCF,0xE1,0x4C,0x0E,0xD9,0x68,0xD7,0x03,0x15,0xAF,0x00,0x83,0x27,0x13,0x4D,0x61,0x0C,0xDB,0xD6,0xC0,0x73,0x34},
    },
    {
        UINT32_C(45402),
        UINT64_C(0xC468F33AB04AD890),
        UINT32_C(148),
        UINT32_C(228),
        {0x8C,0xD6,0x5D,0x11,0x49,0xB0,0x8C,0xBA,0xC8,0xE4,0xB7,0x56,0xBB,0xD4,0xC2,0xCF,0xFB,0x41,0x7C,0xBD,0x72,0x44,0x4A,0x14,0xD7,0x61,0xFC,0xB3,0xF8,0x03,0xE3,0xE6},
        {0xD0,0xC3,0x75,0x64,0x1D,0x7B,0x87,0xA4,0x90,0xC5,0xA4,0x2D,0x22,0x39,0xBF,0x05,0x89,0x2D,0xD0,0x33,0x7C,0xC8,0x25,0x75,0x97,0x34,0x24,0x7D,0x85,0x35,0x80,0x33},
    },
    {
        UINT32_C(45424),
        UINT64_C(0x643ED7DAC31F2833),
        UINT32_C(210),
        UINT32_C(123),
        {0x83,0xD2,0xCF,0x33,0xA3,0x67,0xAC,0x0F,0x10,0x93,0xC2,0x1F,0x1C,0xAF,0x11,0x21,0xC4,0x0E,0x10,0x4F,0xFC,0x5D,0xD5,0x4C,0x16,0xE3,0x29,0x72,0x09,0x3E,0x5F,0xC1},
        {0xE4,0x8E,0x31,0x69,0x9C,0x13,0xEF,0x70,0x45,0xBD,0xD0,0xEA,0x7E,0x77,0x46,0x6D,0x34,0x01,0xAC,0xB0,0xBD,0xDB,0x78,0xD9,0xA0,0xA4,0xC6,0xA8,0xCC,0x08,0x56,0x49},
    },
    {
        UINT32_C(45428),
        UINT64_C(0x19BA27557F352791),
        UINT32_C(210),
        UINT32_C(123),
        {0xCD,0xAC,0xEB,0x67,0x8E,0xE0,0xCB,0x45,0xB3,0x0E,0x6C,0xC0,0x04,0xFE,0x83,0xD8,0x5D,0x3A,0x5A,0x78,0x2B,0x03,0xF9,0x60,0x98,0xB8,0x40,0x6B,0xC5,0x73,0x98,0xDB},
        {0xA4,0x48,0x0E,0xFD,0x28,0xAB,0x18,0xB1,0x9D,0x4C,0xE8,0xFC,0x53,0xAC,0x0A,0x60,0xE8,0x4E,0x7E,0x50,0xFD,0x66,0xD8,0x47,0xC3,0x31,0x27,0x3D,0x1D,0x68,0x41,0x7E},
    },
    {
        UINT32_C(45432),
        UINT64_C(0x652C9169FF2F1960),
        UINT32_C(210),
        UINT32_C(123),
        {0xEB,0xE2,0x3D,0xE6,0xAE,0x7B,0xC7,0x52,0x27,0xC2,0x66,0x77,0xF0,0x7F,0x86,0xAF,0xAE,0xE3,0x1A,0xCD,0xB7,0xF3,0x82,0xA2,0x6A,0xA5,0x2D,0x54,0x26,0x6F,0xD4,0x92},
        {0x57,0xB5,0x1D,0xD7,0x99,0xE9,0x50,0xA2,0xF8,0xBC,0x08,0x63,0xD0,0xA4,0xD5,0x8D,0xC5,0x3A,0x2B,0x01,0x24,0x66,0x38,0x80,0x97,0x99,0xE6,0x17,0x10,0xDE,0xFA,0xB4},
    },
    {
        UINT32_C(45520),
        UINT64_C(0x2EF50DB7DE33414A),
        UINT32_C(148),
        UINT32_C(228),
        {0xCB,0x8A,0x1A,0xEE,0x20,0x21,0xA4,0x32,0x33,0x0C,0xB0,0x06,0x4C,0xE4,0x8B,0x56,0xAF,0x75,0xDF,0x41,0x23,0x2E,0xFD,0xBF,0xB3,0xB9,0xD8,0xAB,0x82,0xC4,0x70,0xD2},
        {0x5A,0x73,0x6D,0x00,0x8E,0x04,0xF6,0x62,0xD9,0x3C,0xA5,0x8B,0xF3,0xF3,0xB8,0x90,0xFC,0x6C,0xC8,0xAC,0x7D,0x40,0xC8,0x16,0x67,0x2B,0x11,0xF4,0x64,0x1D,0x92,0x4E},
    },
    {
        UINT32_C(45672),
        UINT64_C(0xB10A0964687195E4),
        UINT32_C(148),
        UINT32_C(228),
        {0x28,0x4E,0xFA,0x5C,0xA4,0x31,0x82,0xBC,0xD5,0x02,0xED,0xC5,0xA1,0x77,0xCE,0xF7,0xB4,0xDC,0x3E,0x6A,0x70,0xB4,0xD2,0xC5,0xEC,0xBF,0xDF,0xA9,0xE2,0x5A,0x64,0x76},
        {0xF1,0xA9,0xE9,0x84,0xBE,0x44,0x45,0x1F,0x7C,0x23,0x52,0xD8,0xFC,0x72,0xC9,0x3D,0x77,0xC0,0xBC,0xB4,0x71,0xE7,0x9F,0x7A,0xCB,0x33,0x3E,0xF8,0x3A,0x6F,0xDD,0xFA},
    },
    {
        UINT32_C(45742),
        UINT64_C(0x4DF948C4E4820101),
        UINT32_C(148),
        UINT32_C(228),
        {0x95,0xDA,0x00,0x2D,0x74,0x10,0x44,0x20,0x2B,0x1B,0x00,0x25,0xC2,0x7C,0x3B,0x6E,0xCB,0xEA,0x2C,0x39,0xAF,0x85,0xC2,0x11,0x7B,0xE2,0x92,0xEC,0x53,0x65,0x1C,0x57},
        {0xC9,0xCF,0x59,0x52,0x3F,0xCD,0x23,0x06,0x14,0x7A,0x79,0xCE,0x2E,0xB6,0x87,0x63,0x3A,0xB9,0x60,0xA3,0x67,0x4D,0xAD,0x5C,0x1C,0xF3,0x44,0xAA,0x58,0xB6,0xA9,0x14},
    },
    {
        UINT32_C(45838),
        UINT64_C(0x829CAEBA652F8378),
        UINT32_C(148),
        UINT32_C(228),
        {0x34,0x6B,0x9D,0xF3,0xC2,0xF9,0x8F,0x98,0xF9,0x9E,0xE4,0x1A,0x97,0x51,0x90,0xFB,0xCC,0x54,0xA4,0xB6,0xB6,0x1D,0x7D,0xC9,0x14,0x59,0x6E,0x0D,0x9B,0x3E,0x30,0xC5},
        {0x88,0xA3,0xDA,0x48,0x79,0x66,0x33,0x5A,0x6E,0x39,0x64,0x67,0xEA,0x13,0xB0,0x67,0x91,0x35,0x9E,0x3B,0x20,0xEC,0x20,0xAF,0x9D,0x86,0x09,0xC9,0x97,0xFE,0x9C,0xBC},
    },
    {
        UINT32_C(45892),
        UINT64_C(0xBF96AAF5C45D8616),
        UINT32_C(210),
        UINT32_C(123),
        {0x0A,0x62,0x52,0x6F,0xB4,0x82,0x9F,0x38,0x0D,0x1D,0x05,0x38,0xDF,0xD6,0xD8,0xF0,0xF2,0xEE,0x3B,0x77,0xA0,0x3F,0xD2,0x74,0x2E,0x39,0xF1,0x48,0x01,0xBA,0x53,0x8D},
        {0xE8,0x1C,0xB9,0x71,0x27,0xCC,0xF3,0xCE,0x1E,0x4C,0x20,0x90,0xD8,0xB4,0xFF,0x07,0xCD,0x9E,0x66,0x63,0x63,0x6B,0xF3,0xB1,0xE0,0x8A,0x9D,0x6D,0x89,0xDD,0x3B,0xBB},
    },
    {
        UINT32_C(45922),
        UINT64_C(0xAE165724EC3ECC8E),
        UINT32_C(148),
        UINT32_C(228),
        {0x89,0x48,0x08,0xD2,0x0D,0x16,0x34,0x30,0xB4,0x02,0xF2,0xED,0x76,0xA4,0x15,0x40,0x68,0x67,0x49,0x63,0xBA,0xF8,0x4D,0x86,0xB2,0x68,0x71,0x09,0xAF,0xD1,0x59,0x3F},
        {0x05,0xD9,0xE0,0x59,0x3F,0x08,0x0B,0x81,0x41,0x5B,0x34,0xA0,0x91,0x30,0xF9,0xA8,0xF4,0x56,0xCA,0xB5,0x8F,0x25,0x65,0x99,0x0E,0x16,0x1E,0xB2,0xE1,0x3F,0x8C,0x14},
    },
    {
        UINT32_C(46084),
        UINT64_C(0x72629ABF81AA3CA8),
        UINT32_C(210),
        UINT32_C(123),
        {0x80,0x4D,0x82,0x73,0x93,0x0A,0x11,0xB8,0x04,0x1A,0xD1,0xE6,0x06,0xAF,0xE7,0x29,0x05,0x79,0x46,0x72,0xFA,0xC6,0x9F,0x05,0x87,0xD4,0x74,0x0B,0xE5,0x43,0x7D,0x0E},
        {0xB2,0xCE,0x81,0x58,0x9A,0x6F,0x50,0xD3,0x44,0x03,0x55,0xB8,0xC6,0xD5,0x56,0x58,0xB7,0x35,0x65,0x89,0x45,0x70,0x4E,0xF2,0xBE,0xF6,0x62,0x92,0x08,0x83,0x5C,0xA5},
    },
    {
        UINT32_C(46090),
        UINT64_C(0x8FD5C2B3F593DF72),
        UINT32_C(148),
        UINT32_C(228),
        {0x32,0xFA,0xED,0x34,0xB1,0x50,0x88,0x2B,0xBA,0xE4,0x2A,0x88,0x28,0xC0,0x5D,0xBA,0x17,0xF7,0xF9,0x9C,0x5D,0x0C,0x45,0x3A,0x2E,0x5C,0xC5,0x1F,0x27,0x61,0x15,0x9B},
        {0x49,0xEC,0x4B,0x89,0x77,0x1D,0x6E,0xD3,0x9F,0xE0,0x5E,0x26,0x0F,0x66,0x57,0xA4,0x48,0x94,0xE8,0xEC,0x23,0x73,0x35,0x8C,0xA3,0x0D,0xA2,0xC1,0x20,0x0B,0xCE,0x43},
    },
    {
        UINT32_C(46260),
        UINT64_C(0x6AED56AC38A994CE),
        UINT32_C(210),
        UINT32_C(123),
        {0x92,0x80,0x9B,0xB9,0xD0,0xBE,0x63,0x76,0xF9,0x48,0xF8,0x8C,0x45,0xED,0x49,0x79,0x29,0x81,0x67,0x2D,0x72,0xF0,0x61,0x02,0x6F,0x63,0xDF,0x7E,0xED,0xB3,0x60,0x3F},
        {0x5E,0x49,0x2D,0x50,0x1D,0xD8,0x8F,0xCF,0x11,0x09,0x36,0xDE,0x68,0xA6,0x88,0xED,0x9A,0xC6,0xDD,0xFE,0x13,0x71,0x1D,0x1C,0x50,0xB2,0x90,0xDD,0x7F,0x99,0xE1,0xAB},
    },
    {
        UINT32_C(46332),
        UINT64_C(0xAE124936D9C9E87C),
        UINT32_C(148),
        UINT32_C(228),
        {0xE8,0x1A,0x06,0xA7,0xBF,0xFA,0xC7,0xA4,0x26,0xB8,0xF7,0x50,0x8B,0xAD,0x03,0x1B,0x3C,0x4F,0x56,0xC9,0x8E,0x8B,0x80,0xDF,0x71,0xD2,0xAD,0xC5,0x8A,0x08,0xDD,0xEE},
        {0xCD,0x54,0x30,0xF8,0x16,0xA4,0x93,0xF1,0x6A,0x17,0x52,0x10,0x8D,0xDC,0xCE,0x01,0xE0,0x56,0x43,0x30,0x5F,0xFA,0x13,0x5F,0x5A,0xBE,0x21,0xB4,0xE2,0xBF,0x9E,0x3B},
    },
    {
        UINT32_C(46572),
        UINT64_C(0xF9FFCE04EED9BF6E),
        UINT32_C(148),
        UINT32_C(228),
        {0x37,0xD7,0x3A,0x4F,0x8A,0xA8,0x5E,0x7D,0xDF,0x4E,0x05,0xD0,0x5E,0xB5,0x7F,0x49,0xBD,0x34,0xA6,0x9B,0x87,0x59,0x2D,0xFB,0x69,0xCA,0x02,0xD6,0xDE,0xE7,0xD8,0x3A},
        {0x69,0xB6,0xFC,0x94,0x59,0xF8,0x1C,0x80,0xE5,0x8C,0xF7,0x20,0x35,0x45,0x1C,0x8F,0xDE,0x29,0xEA,0x4B,0x2F,0x0B,0xF9,0xDB,0x27,0xD9,0xAC,0x02,0x7E,0xDF,0x27,0x10},
    },
    {
        UINT32_C(46576),
        UINT64_C(0xBF6DC160462C64C7),
        UINT32_C(148),
        UINT32_C(228),
        {0xFF,0xBC,0x05,0xB7,0x6F,0x0B,0xD1,0xF8,0x5E,0x45,0xDA,0x4E,0x90,0x31,0x37,0xE2,0x2E,0xB5,0x73,0x1D,0x0C,0x06,0x79,0xEE,0x77,0x98,0xB8,0x10,0xEA,0x39,0x58,0xE4},
        {0x3D,0xB4,0x91,0x19,0xDF,0x2E,0x19,0xD0,0xE9,0x13,0x4A,0x68,0x47,0x80,0x1F,0xA4,0x07,0xDA,0x2D,0x81,0x38,0x51,0x33,0x32,0x14,0x63,0xF7,0xD1,0xC9,0x5A,0x2A,0xD4},
    },
    {
        UINT32_C(46708),
        UINT64_C(0x142EC9F17570A602),
        UINT32_C(210),
        UINT32_C(123),
        {0x0A,0x6F,0x8D,0xDC,0x91,0x3C,0xB0,0xE3,0xB2,0xF6,0xCE,0x65,0x7E,0x3B,0x2C,0xD1,0x2B,0xDD,0xF8,0x48,0xAE,0x11,0x98,0x4D,0x37,0x64,0x28,0x33,0xE9,0x34,0x8C,0x90},
        {0x5B,0x98,0x0E,0x8F,0xE7,0x1F,0x2E,0xE8,0xB2,0x3E,0x23,0xC4,0x3E,0xC8,0x77,0x86,0xEF,0x6A,0x64,0x73,0x2D,0xB3,0x1F,0xC1,0x52,0x30,0x56,0x6E,0xFE,0x5B,0x6C,0x26},
    },
    {
        UINT32_C(46712),
        UINT64_C(0x51DFFE9B7DF3FD1F),
        UINT32_C(210),
        UINT32_C(123),
        {0x3E,0x19,0xBD,0x23,0xFD,0x81,0xCC,0xC4,0xD6,0xDD,0xBF,0x05,0x77,0xB6,0x85,0x00,0x73,0xAB,0x01,0x58,0x17,0x3A,0x8E,0x0B,0xCC,0x54,0x6F,0x77,0xD6,0x0A,0x4E,0x4C},
        {0x69,0x66,0x9E,0xB5,0x55,0x1B,0xB6,0xC7,0x75,0x1D,0xA5,0xA4,0x52,0xAE,0x73,0xE7,0x49,0x24,0x6A,0x2A,0x77,0x24,0xBC,0x85,0xC3,0x76,0x79,0xF1,0x67,0xAB,0x9B,0x70},
    },
    {
        UINT32_C(46714),
        UINT64_C(0x6C09D939218D1B47),
        UINT32_C(210),
        UINT32_C(123),
        {0x3A,0x60,0xA8,0x7A,0xDB,0xB9,0x6E,0x57,0x89,0x7A,0x0B,0x78,0xBA,0x55,0xFB,0xD7,0x7F,0x95,0x55,0x8F,0xA4,0x54,0x91,0x99,0x1D,0xE3,0xFC,0x3A,0xA8,0xEC,0xC9,0x16},
        {0x7A,0x7E,0x66,0xEE,0x33,0x91,0xB5,0x79,0x2E,0xB3,0x20,0x3A,0x84,0x1E,0xFA,0x63,0xC8,0xE9,0x3C,0x1B,0x28,0xA1,0x62,0xEE,0x62,0x12,0x40,0x8F,0x89,0xDA,0xFB,0x6D},
    },
    {
        UINT32_C(46734),
        UINT64_C(0x9143055AA1D4E37F),
        UINT32_C(148),
        UINT32_C(228),
        {0x79,0xD9,0x5F,0xAF,0x78,0x06,0x43,0xDE,0x4D,0xC0,0xAB,0x3E,0xE6,0x7B,0x3E,0x23,0xAE,0x87,0x9E,0xC7,0xA0,0x36,0x2D,0xA9,0xF4,0x4E,0x1B,0x2C,0x15,0x89,0x44,0x33},
        {0xC8,0xE3,0x42,0xB1,0x5F,0x64,0xDC,0x49,0x83,0x44,0xDD,0x7B,0x0E,0x68,0xEA,0x57,0xA5,0x95,0x92,0x41,0xA5,0x2F,0x37,0xD4,0x52,0xCC,0x23,0x7F,0x47,0xAA,0x1E,0x51},
    },
    {
        UINT32_C(46752),
        UINT64_C(0x87B748E22ACB8A1A),
        UINT32_C(148),
        UINT32_C(228),
        {0x21,0x27,0x6E,0x8F,0x2F,0x1C,0x64,0x72,0xA1,0xB8,0x57,0x39,0x90,0xA8,0x2C,0x73,0xF0,0x41,0x21,0xE3,0x99,0x54,0x05,0x6C,0x87,0xAE,0x69,0x01,0x16,0x1D,0x7A,0xE8},
        {0x91,0xC6,0x41,0x31,0x7A,0x18,0xAE,0xF8,0x9F,0xF8,0xF7,0x06,0xD5,0x85,0x3A,0x4D,0x8C,0x3F,0x94,0x14,0x8E,0xFA,0x60,0x5D,0x7C,0x96,0x50,0xDD,0x6D,0x83,0x96,0xC1},
    },
    {
        UINT32_C(46876),
        UINT64_C(0x7068494BEB69252B),
        UINT32_C(148),
        UINT32_C(228),
        {0x97,0x1D,0x21,0x3F,0x0A,0x32,0xA1,0x14,0x54,0x25,0xD9,0xFE,0x7C,0xAE,0x16,0x67,0xBF,0x80,0x55,0x40,0x36,0x72,0xC2,0xA8,0xED,0xF5,0xC2,0x21,0x37,0x6C,0xEC,0xFF},
        {0x3A,0x44,0x08,0x4E,0xC4,0x48,0x1C,0xC6,0x20,0x65,0x23,0x85,0x59,0x92,0xB3,0xF4,0x86,0xAF,0x9C,0xC7,0x16,0xA8,0x02,0x16,0xA8,0x04,0x4E,0x80,0x44,0x49,0x05,0x50},
    },
    {
        UINT32_C(46898),
        UINT64_C(0xD29F1B3892911640),
        UINT32_C(210),
        UINT32_C(123),
        {0x5E,0x55,0xA7,0x9E,0xC7,0x93,0x1B,0x8C,0xA5,0xC2,0x77,0x27,0xEA,0x17,0x50,0x44,0x32,0xB2,0x79,0x63,0x68,0x0E,0x5F,0xA5,0x9E,0xF4,0x27,0x32,0x01,0x1A,0x8A,0xE0},
        {0x7C,0xEC,0xA8,0xF9,0xB5,0x50,0x68,0xB3,0x56,0x0E,0x9B,0xEC,0x9F,0xAA,0x93,0x44,0x49,0x6F,0x7A,0x65,0x83,0x57,0x80,0xE6,0x75,0xAE,0x45,0xBF,0x1D,0xE6,0xEE,0xA5},
    },
    {
        UINT32_C(46946),
        UINT64_C(0x1E6BBBD351450021),
        UINT32_C(148),
        UINT32_C(228),
        {0x6B,0x9A,0x27,0x0B,0x3E,0x17,0xB1,0xC0,0xF6,0x03,0x15,0x27,0x28,0x83,0x4E,0x43,0x57,0x9C,0xE9,0xF4,0x85,0x56,0xD7,0xAB,0x57,0xD7,0xB5,0xAE,0x72,0xE6,0x56,0x3F},
        {0x54,0x44,0x8D,0x9A,0x03,0xDC,0x24,0x7D,0x46,0xED,0xC8,0x3E,0x6C,0xF7,0xE2,0x11,0xCB,0xAA,0xD9,0xD4,0x46,0x03,0xDD,0xCB,0x42,0x77,0xB1,0xF2,0x56,0x91,0x5C,0xAA},
    },
    {
        UINT32_C(46990),
        UINT64_C(0xDBCDA9F0F99918D0),
        UINT32_C(210),
        UINT32_C(123),
        {0x57,0x4F,0xB1,0x19,0x82,0xEB,0x5D,0x3E,0x5B,0x9A,0xA4,0xAA,0x1E,0x52,0x86,0xFD,0x38,0x7E,0x04,0x93,0xAE,0x0C,0x4E,0x0C,0xE6,0xC0,0x84,0x59,0xB1,0xF8,0x0B,0xD6},
        {0xFB,0x8A,0xD9,0x3E,0x49,0xFE,0x65,0x46,0x6B,0x53,0x40,0xCE,0xEC,0x6B,0x92,0x28,0x13,0xF5,0xF6,0x8F,0x8A,0x98,0x43,0x34,0x91,0x93,0x38,0x4F,0x10,0xC5,0x78,0x48},
    },
    {
        UINT32_C(46998),
        UINT64_C(0x4183EA51752A6D36),
        UINT32_C(148),
        UINT32_C(228),
        {0xFD,0xAA,0x98,0x00,0xC9,0x97,0x06,0x40,0x08,0x8F,0x4E,0x59,0x2E,0x12,0x05,0xC5,0x9C,0xB4,0x61,0xF0,0x12,0x8A,0xBA,0x4D,0x7C,0xAD,0x35,0x06,0x48,0xC7,0x5F,0xCE},
        {0xDC,0x63,0xFC,0x2C,0x19,0xFF,0xBA,0xF8,0xBD,0x38,0x8C,0x57,0xF1,0x2D,0xB6,0x4F,0x8F,0x5F,0x94,0x79,0x7C,0xA4,0x96,0x7A,0x00,0xDD,0xB5,0xA5,0xE2,0x63,0x6F,0xEB},
    },
    {
        UINT32_C(47356),
        UINT64_C(0x1845B5CBDDC71136),
        UINT32_C(303),
        UINT32_C(210),
        {0x6B,0x18,0x9A,0xB6,0xAF,0xF9,0x4C,0xC5,0xFF,0x07,0xD8,0x1E,0x5C,0x26,0x2D,0x63,0xE5,0x9E,0x45,0xEA,0xBC,0xF7,0x47,0x81,0x59,0x66,0x37,0xB9,0x0D,0xC0,0x03,0x99},
        {0x7B,0xE4,0x33,0x4E,0x5F,0x12,0x00,0x69,0xBB,0x5C,0xEF,0x50,0x0B,0xCC,0xFE,0x4C,0x29,0x7F,0x90,0x10,0xBC,0x26,0xC2,0x01,0x24,0x79,0x6D,0x95,0xEA,0x47,0x66,0xB8},
    },
    {
        UINT32_C(47492),
        UINT64_C(0x5F394D5BA29A3E70),
        UINT32_C(148),
        UINT32_C(228),
        {0x37,0xD7,0x3A,0x4F,0x8A,0xA8,0x5E,0x7D,0xDF,0x4E,0x05,0xD0,0x5E,0xB5,0x7F,0x49,0xBD,0x34,0xA6,0x9B,0x87,0x59,0x2D,0xFB,0x69,0xCA,0x02,0xD6,0xDE,0xE7,0xD8,0x3A},
        {0x69,0xB6,0xFC,0x94,0x59,0xF8,0x1C,0x80,0xE5,0x8C,0xF7,0x20,0x35,0x45,0x1C,0x8F,0xDE,0x29,0xEA,0x4B,0x2F,0x0B,0xF9,0xDB,0x27,0xD9,0xAC,0x02,0x7E,0xDF,0x27,0x10},
    },
    {
        UINT32_C(47504),
        UINT64_C(0x695AE15B1BCAE807),
        UINT32_C(148),
        UINT32_C(228),
        {0x70,0xCE,0xC7,0xEC,0xF6,0xAB,0x2C,0xAA,0xE4,0xB2,0x37,0xDA,0x4E,0xF6,0xB2,0x02,0x41,0x1B,0xED,0xA3,0xA3,0x64,0x7C,0x6A,0xCB,0x21,0x9B,0x85,0x0D,0x6B,0xEC,0x80},
        {0xE6,0xA2,0xA3,0x60,0xCE,0xE9,0xEE,0x7B,0x7D,0x13,0x2C,0x64,0xE5,0x98,0x40,0x35,0x5A,0x53,0x7D,0x8D,0xC9,0x81,0xA3,0xE8,0xB5,0xCD,0x73,0x96,0xC4,0xC2,0x12,0x76},
    },
    {
        UINT32_C(47726),
        UINT64_C(0x6CD82CCA8CC9C8AB),
        UINT32_C(210),
        UINT32_C(123),
        {0x5A,0xB6,0xA1,0x2D,0x34,0x0F,0xF3,0x64,0x03,0x61,0xD0,0xBA,0x9F,0x9C,0x79,0x48,0x65,0xC4,0x13,0xBF,0x03,0x08,0x05,0xA3,0x98,0x89,0x92,0xF0,0x95,0xCF,0x17,0x16},
        {0x27,0x09,0xDD,0x9C,0x1B,0xDC,0xEA,0x95,0x52,0x9B,0xC4,0x31,0x97,0x58,0x02,0x05,0x60,0x82,0x96,0x01,0xB3,0x1B,0x55,0x7B,0x91,0x8B,0x03,0xFE,0xB0,0x15,0xBE,0x28},
    },
    {
        UINT32_C(47774),
        UINT64_C(0xC14E0B1FD8F92E5E),
        UINT32_C(210),
        UINT32_C(123),
        {0xFD,0x78,0x7E,0xF7,0xEC,0xB8,0x45,0x13,0xB7,0x84,0x7A,0xDB,0xB6,0xC7,0x80,0x5B,0x95,0x06,0x80,0x9F,0x92,0x36,0x63,0x53,0x22,0x72,0x60,0xF1,0xDB,0x9D,0x1E,0x53},
        {0x2E,0x17,0xC7,0x89,0x09,0x68,0x07,0x82,0xBD,0xCA,0xAF,0x64,0xCC,0xE3,0xBB,0x40,0x1C,0xDB,0x08,0xEE,0xA4,0xDE,0x1C,0x99,0xE7,0xCC,0x15,0xE4,0xFF,0x03,0x5F,0x7E},
    },
    {
        UINT32_C(47802),
        UINT64_C(0x76E9F3E44C0EEA21),
        UINT32_C(148),
        UINT32_C(228),
        {0x5E,0x11,0x04,0x19,0xF8,0xD6,0xA1,0x33,0xDA,0xC7,0x08,0x58,0x9B,0x4D,0xF5,0x4B,0x2E,0x5D,0x59,0x53,0x97,0x33,0x72,0xFF,0x30,0x84,0x02,0x28,0xC8,0x41,0xDB,0x00},
        {0x49,0xCE,0x34,0x66,0x9F,0x08,0x7C,0x6C,0xD1,0xFF,0x7C,0x8E,0x7F,0x41,0xBA,0x4E,0x68,0xCD,0x62,0x6E,0x88,0x47,0xBF,0x96,0xB4,0x4E,0x0C,0x4C,0x06,0xB3,0xEF,0x3C},
    },
    {
        UINT32_C(47960),
        UINT64_C(0x17A4A0D4AD53B87E),
        UINT32_C(210),
        UINT32_C(123),
        {0xCF,0x0D,0x0D,0x11,0x6E,0xBA,0xC1,0x21,0x2A,0x3F,0x0F,0xF3,0x10,0x0B,0xCA,0x18,0xDA,0x7B,0xDA,0xC4,0x21,0xE0,0x57,0xD6,0x2C,0x3B,0xD8,0xAF,0xE7,0x08,0xB6,0xAB},
        {0x52,0xE7,0x10,0x08,0x10,0x3E,0x03,0x10,0xB2,0xED,0x1D,0xAB,0xEE,0xA4,0x21,0x7A,0xD3,0xEE,0x9B,0xCC,0xFD,0x4B,0x48,0x90,0xBB,0x63,0xE7,0x78,0xAD,0x0D,0xE2,0x80},
    },
    {
        UINT32_C(48098),
        UINT64_C(0x5FB4A6D6338007A9),
        UINT32_C(148),
        UINT32_C(228),
        {0x95,0x8A,0x54,0x9B,0x7F,0x4F,0x5B,0xEE,0x0F,0x33,0xBE,0x10,0xE4,0xD5,0xCC,0x29,0x14,0x51,0xB3,0x29,0x8D,0x83,0xEC,0x29,0xB5,0x84,0x6F,0x08,0x18,0xFA,0x4B,0xA8},
        {0x15,0x83,0xFD,0x76,0x25,0x03,0x6E,0x05,0xC0,0x9F,0x77,0xC4,0x0E,0xC8,0x45,0x6F,0xE1,0x42,0x61,0x5C,0x86,0xC8,0xC3,0xE3,0x34,0x7F,0x0C,0xA9,0xA4,0x72,0x29,0x22},
    },
    {
        UINT32_C(48138),
        UINT64_C(0x29537285FC63EF8C),
        UINT32_C(210),
        UINT32_C(123),
        {0x5E,0x44,0x31,0x26,0x42,0xD4,0xCE,0xA9,0x24,0x5E,0x36,0x63,0x85,0x18,0xFD,0x47,0x95,0xA9,0xC2,0x81,0xA1,0x92,0x2A,0xE9,0x82,0xD8,0x5A,0xF3,0x11,0xB7,0xCC,0xDC},
        {0x67,0x82,0x6B,0xC8,0xFA,0xF4,0x13,0x7D,0xEE,0x80,0xC0,0x19,0xFA,0x7C,0x7F,0x02,0xF0,0xA6,0x55,0x8C,0x57,0x41,0xBE,0x6C,0x82,0x3F,0x5A,0x84,0x68,0x88,0xC8,0xA5},
    },
    {
        UINT32_C(48292),
        UINT64_C(0xB7178FAC4BA509DA),
        UINT32_C(210),
        UINT32_C(123),
        {0xAD,0x8E,0x0A,0x28,0x15,0x5D,0x6D,0x0E,0x81,0x7F,0xE1,0xD2,0x21,0xD7,0x44,0x64,0xB5,0x1E,0x86,0x63,0x99,0x26,0xEB,0x4E,0x63,0xF5,0xFF,0x50,0x22,0x66,0xF8,0x94},
        {0xE3,0x25,0x96,0xD6,0xC2,0xA6,0xA5,0x89,0x6F,0xA1,0x28,0x4F,0x9F,0x49,0x3E,0x9B,0x86,0x97,0x5E,0x33,0x56,0x78,0x65,0x60,0x00,0xEA,0x7B,0x28,0x50,0x82,0x72,0x4A},
    },
    {
        UINT32_C(48402),
        UINT64_C(0xB0C8922E6648627A),
        UINT32_C(303),
        UINT32_C(210),
        {0x63,0xFF,0x07,0xA1,0x3D,0xD9,0x5F,0xBE,0x85,0xC3,0x63,0xA6,0x4D,0x62,0x21,0x24,0xF2,0xE9,0x10,0xCB,0x82,0xCE,0x09,0x29,0x2C,0x23,0x0C,0x4C,0x6F,0x36,0xA8,0xE5},
        {0x18,0x05,0x6C,0xBA,0x0E,0xD6,0xDA,0xBF,0x53,0x83,0x3E,0xF2,0xDA,0x5B,0x1F,0x4A,0xE1,0xAF,0xFF,0xBA,0x75,0x62,0x8D,0xB7,0x5A,0xAF,0xF3,0xB2,0xC5,0xE4,0x25,0x86},
    },
    {
        UINT32_C(48514),
        UINT64_C(0xE7B97500FBB8B015),
        UINT32_C(148),
        UINT32_C(228),
        {0xA1,0xAC,0xE0,0x16,0xF0,0xF0,0xBC,0xBD,0x16,0x9B,0x21,0x58,0xBF,0x6B,0x57,0x3A,0x59,0xE7,0x26,0x4E,0x4E,0xAC,0x11,0x64,0x10,0x78,0x52,0x8C,0x37,0xA7,0x9C,0xC8},
        {0xC4,0x39,0x14,0x30,0xD1,0x1D,0x24,0xD1,0x1F,0xCC,0x2A,0xFB,0xD7,0x2B,0xF0,0x5B,0x01,0x21,0x48,0x1C,0x5E,0x79,0x86,0x16,0x2F,0x6B,0xDF,0xFD,0xE2,0xDE,0x87,0xF9},
    },
    {
        UINT32_C(48724),
        UINT64_C(0x8139F90CF880ED0F),
        UINT32_C(148),
        UINT32_C(228),
        {0xBC,0xF7,0x1B,0x55,0xF5,0xF1,0x81,0x23,0x97,0xCB,0x54,0xE4,0x8F,0xE7,0x4F,0x72,0x8E,0xF0,0x4A,0x4D,0xC4,0x9E,0xF9,0xAB,0x3F,0xF5,0x7A,0xD7,0x30,0x0B,0xDA,0xE4},
        {0x0D,0x93,0x7D,0xBB,0xF3,0x6F,0x26,0x17,0x4C,0xFC,0x6B,0x4C,0x3B,0xA2,0xF1,0xB7,0x2C,0x1D,0xEF,0x7D,0x81,0x8E,0x50,0x3F,0x90,0x27,0xAC,0xFC,0xE5,0x3F,0xE9,0xDF},
    },
    {
        UINT32_C(48790),
        UINT64_C(0x9D6B955120206D79),
        UINT32_C(148),
        UINT32_C(228),
        {0x46,0xCA,0x67,0x61,0xBD,0xD9,0x8A,0x9C,0x7D,0x42,0x30,0x96,0xAB,0x47,0xF4,0xFC,0x04,0x0B,0x6F,0x34,0x9A,0x84,0xC3,0xF4,0x3F,0xE5,0xE5,0x52,0x16,0x8B,0xE8,0xF2},
        {0x46,0x73,0x4A,0xE5,0x02,0x56,0xDD,0xDF,0x2D,0x13,0xE7,0xE7,0x2E,0xB8,0x56,0xF7,0x20,0x63,0xF5,0xAE,0x3C,0xEB,0xB0,0x31,0xDD,0xF4,0xF7,0xC8,0xE7,0x65,0xE4,0x59},
    },
    {
        UINT32_C(48792),
        UINT64_C(0x770000980B025897),
        UINT32_C(210),
        UINT32_C(123),
        {0x1C,0xB3,0x93,0xB0,0xD5,0xDD,0x3F,0x15,0xD7,0x19,0x43,0x4A,0x78,0x94,0x6F,0xBD,0x98,0x98,0xFB,0x49,0x06,0xE7,0x04,0x27,0x6A,0xD8,0x07,0x58,0xFC,0x64,0x26,0x73},
        {0x8D,0x21,0x10,0x1C,0x7F,0x2D,0x66,0xA2,0x45,0xD3,0xF6,0x6E,0x0A,0x64,0x5C,0x90,0x37,0xB6,0x61,0x17,0x44,0x06,0x13,0x16,0xA3,0x2B,0x98,0x7F,0x7C,0xFC,0x5D,0x62},
    },
    {
        UINT32_C(49262),
        UINT64_C(0x55FA5E54BDCE3E5F),
        UINT32_C(148),
        UINT32_C(228),
        {0x1D,0xB1,0x80,0x58,0x2B,0x9F,0xE5,0x50,0x5A,0x10,0xA0,0xDD,0x2D,0xD8,0x10,0x8F,0x14,0xC8,0xC9,0xFF,0xB9,0x6A,0x43,0xFF,0xCB,0xBA,0x40,0xF6,0x00,0x4F,0x3D,0xDA},
        {0x7E,0xA5,0xB5,0x25,0xDB,0xDB,0x9B,0x5E,0x2B,0x38,0x47,0xB4,0xA8,0x41,0xBA,0xF7,0x38,0xAC,0xA3,0x88,0x47,0x9C,0xFD,0xD8,0xAC,0x40,0x4E,0x0D,0x9B,0xDD,0x69,0xDA},
    },
    {
        UINT32_C(49452),
        UINT64_C(0x0C28161653525175),
        UINT32_C(210),
        UINT32_C(123),
        {0xEC,0x9E,0x2D,0xFE,0x20,0xD6,0xE8,0x4E,0x61,0xD7,0x6B,0x49,0xAD,0xCD,0xEE,0xC5,0xDB,0xA7,0x16,0x46,0x53,0xCA,0x19,0xA8,0xBC,0x65,0x27,0xBC,0x9D,0x52,0x29,0x0E},
        {0x65,0x90,0xC4,0xE7,0x8A,0x9F,0xD9,0x0A,0x08,0x4D,0x12,0x53,0x77,0xB4,0xA4,0xEB,0xF9,0x4F,0x07,0x03,0x4C,0x8E,0x69,0x28,0xBB,0x59,0xED,0x22,0x9A,0xA1,0x0C,0x76},
    },
    {
        UINT32_C(49458),
        UINT64_C(0x914FBFD292BECCB9),
        UINT32_C(1280),
        UINT32_C(750),
        {0x9E,0x5A,0xF8,0x1F,0xE0,0x23,0x9A,0x50,0x10,0xBB,0x98,0x13,0x57,0xBF,0x96,0x46,0x0A,0xD8,0xAB,0x04,0x74,0x20,0x20,0x10,0x56,0x8D,0x6F,0xA3,0x93,0xCD,0x0E,0x84},
        {0x79,0x16,0x24,0x63,0xFF,0xFD,0x36,0xF1,0x43,0xA7,0x1A,0x74,0x63,0xDD,0xEB,0x9D,0x37,0x50,0xF1,0x1D,0x48,0xE4,0xD4,0xD3,0xC5,0x49,0x76,0xF3,0x20,0x8F,0x2F,0xF6},
    },
    {
        UINT32_C(49592),
        UINT64_C(0x784258D9FF8FE7A8),
        UINT32_C(148),
        UINT32_C(228),
        {0x30,0xF1,0x50,0x5C,0x44,0x8D,0xAD,0x42,0x77,0x5F,0xDF,0xE3,0x26,0xA6,0x0E,0x78,0x7D,0x8A,0x03,0xB9,0x68,0xC7,0x8E,0xB1,0x5C,0x53,0x44,0x0F,0x0F,0xE6,0xFA,0x96},
        {0xD2,0x6B,0xFF,0xF9,0x0C,0x9C,0xF3,0x1F,0x67,0xE6,0xA8,0x7B,0xF5,0x2E,0x12,0x1F,0xED,0x68,0xBA,0x0D,0x31,0xE8,0x35,0x7D,0x2E,0x9B,0x53,0x08,0x83,0x85,0x7C,0x21},
    },
    {
        UINT32_C(49646),
        UINT64_C(0x6711A8D36C8D13A1),
        UINT32_C(148),
        UINT32_C(228),
        {0x27,0xAD,0x81,0x64,0x63,0xC3,0x82,0x73,0x9C,0x2A,0xF3,0xC6,0x10,0x7B,0xAF,0x29,0xC7,0x9E,0x2B,0xF6,0x88,0x4F,0x40,0x5C,0xBA,0x02,0xC8,0x9A,0xC9,0x4E,0xFE,0x03},
        {0x98,0x87,0x58,0x09,0xAD,0xAD,0x8E,0x3A,0x60,0xA2,0x50,0x03,0x14,0x36,0x10,0xDC,0x0F,0x70,0x51,0x3F,0x49,0xEE,0x9B,0x16,0x67,0xE6,0x6E,0x70,0x29,0xFC,0x80,0xD8},
    },
    {
        UINT32_C(49698),
        UINT64_C(0xF988F52AA6AC31B0),
        UINT32_C(148),
        UINT32_C(228),
        {0x93,0x29,0xC2,0x3B,0x8C,0x50,0x7F,0xA2,0x7F,0x8F,0x2D,0x9D,0xD7,0x47,0xA8,0x51,0xC3,0x55,0x85,0xB5,0xF3,0x1E,0x68,0x0F,0x7B,0x9A,0xDA,0x05,0x36,0xA1,0xF6,0xB7},
        {0xE5,0xF1,0xEC,0x5A,0x22,0x8D,0xCF,0x2D,0xBA,0xB6,0xE8,0x6C,0x2B,0xA2,0x99,0xF2,0x99,0x5C,0x41,0x6C,0x60,0x83,0x2F,0xCF,0xCB,0x6F,0x68,0x71,0xE1,0xF0,0x93,0x29},
    },
    {
        UINT32_C(49732),
        UINT64_C(0xE17250E57A2D53E6),
        UINT32_C(148),
        UINT32_C(228),
        {0x09,0x94,0x2D,0x7B,0xE6,0xA3,0x1B,0x75,0x42,0xB9,0xF4,0x38,0x6A,0xC0,0x26,0x30,0xAA,0x4A,0xBA,0x64,0x0A,0xC4,0xF9,0xB5,0xD7,0xFB,0xE1,0x99,0x53,0xA3,0xE6,0xEE},
        {0x85,0x40,0xB6,0x9D,0x4E,0xEA,0x4F,0x83,0x72,0x15,0x91,0xC6,0x5A,0x44,0x29,0xEF,0x9C,0x9B,0xB3,0x0E,0x11,0x0F,0xBC,0xB7,0xE4,0xD6,0x0F,0xFE,0x16,0x6A,0xE2,0x92},
    },
    {
        UINT32_C(49898),
        UINT64_C(0x40427798D55EC09E),
        UINT32_C(210),
        UINT32_C(123),
        {0xF4,0x37,0xAC,0xE2,0x94,0x82,0x7E,0xAB,0x6C,0x11,0x20,0x19,0xCB,0xA8,0xEB,0xEE,0x7D,0x5C,0xD2,0x84,0x1A,0x8A,0x25,0x88,0x41,0x39,0x17,0x30,0xA9,0x48,0xE1,0x86},
        {0x45,0xB7,0x5C,0x97,0x28,0x63,0xBF,0x01,0x8A,0xA5,0x1B,0x8C,0x29,0x0E,0x62,0x65,0x63,0x58,0x66,0x03,0xE6,0xE0,0x10,0xC1,0x0F,0x52,0x6C,0x84,0x13,0x72,0xCB,0xCC},
    },
    {
        UINT32_C(49976),
        UINT64_C(0xB39D0BAEEB253933),
        UINT32_C(148),
        UINT32_C(228),
        {0x3C,0xCE,0x6C,0x1B,0x77,0x64,0x3B,0x4A,0xC1,0xD3,0xDE,0x61,0x19,0xEE,0x2C,0xBC,0x8E,0x16,0x63,0x80,0x10,0x57,0x00,0x1E,0xB7,0xC4,0xBE,0xF9,0x2F,0x1F,0xC8,0x9A},
        {0xE7,0x7C,0xB9,0xB2,0x17,0x40,0xC5,0x1F,0xDB,0x6D,0xED,0xB1,0x64,0x04,0xB9,0x4E,0xD1,0x1F,0x9B,0x53,0x31,0x83,0x92,0x88,0x0F,0x9D,0xCF,0x21,0xF7,0xF7,0x6E,0xB9},
    },
    {
        UINT32_C(49980),
        UINT64_C(0x504C7DA485D3DBFB),
        UINT32_C(210),
        UINT32_C(123),
        {0x0A,0x62,0x52,0x6F,0xB4,0x82,0x9F,0x38,0x0D,0x1D,0x05,0x38,0xDF,0xD6,0xD8,0xF0,0xF2,0xEE,0x3B,0x77,0xA0,0x3F,0xD2,0x74,0x2E,0x39,0xF1,0x48,0x01,0xBA,0x53,0x8D},
        {0xE8,0x1C,0xB9,0x71,0x27,0xCC,0xF3,0xCE,0x1E,0x4C,0x20,0x90,0xD8,0xB4,0xFF,0x07,0xCD,0x9E,0x66,0x63,0x63,0x6B,0xF3,0xB1,0xE0,0x8A,0x9D,0x6D,0x89,0xDD,0x3B,0xBB},
    },
    {
        UINT32_C(50004),
        UINT64_C(0x228773B635951FEC),
        UINT32_C(148),
        UINT32_C(228),
        {0xA0,0xB9,0xDA,0x98,0xFC,0x17,0x54,0x04,0x68,0xF3,0xCE,0x5C,0xFA,0xFA,0xD3,0xAE,0xE1,0x9E,0x13,0x66,0x56,0xEF,0x02,0x32,0x61,0xA4,0xFD,0x53,0x52,0x15,0x20,0x1B},
        {0x30,0xDE,0xE0,0xBD,0x57,0xF6,0x31,0xFA,0x6E,0x24,0x27,0x2B,0x68,0x3E,0x76,0xE7,0x59,0x4C,0x22,0x38,0x5B,0x66,0xD6,0x29,0xDE,0x06,0x4E,0x13,0x6E,0x5E,0x9F,0xD5},
    },
    {
        UINT32_C(50092),
        UINT64_C(0x1248FB1123FE4724),
        UINT32_C(148),
        UINT32_C(228),
        {0x40,0x76,0x06,0x5C,0xC1,0xB7,0x73,0x83,0xA1,0xEA,0x26,0xA4,0x08,0xFD,0x16,0x1C,0x85,0x91,0x6F,0x9D,0x40,0xB3,0x43,0x9A,0x26,0xE6,0x61,0x1C,0x7C,0x9E,0x20,0x19},
        {0x49,0xD3,0x03,0x6B,0x55,0x32,0xA9,0xB3,0x75,0x7F,0x8C,0xDA,0xA9,0xFB,0x7C,0x5A,0x63,0x90,0x4E,0xF8,0x87,0xEE,0x7B,0xF2,0xDD,0xC1,0x7D,0x3A,0xC5,0x01,0xF2,0x76},
    },
    {
        UINT32_C(50362),
        UINT64_C(0x9D8B00DFC1FC067D),
        UINT32_C(148),
        UINT32_C(228),
        {0xA3,0x58,0x8F,0xEB,0x0F,0x42,0xC2,0x2F,0x33,0xDE,0x14,0xEC,0x98,0x16,0x52,0x26,0xD2,0x41,0x4C,0xD2,0x1A,0xF7,0x92,0x03,0xA9,0xEA,0x50,0xD2,0x1D,0xD0,0x1A,0x16},
        {0x17,0x61,0xC6,0xB6,0xC1,0x20,0x58,0x22,0xEE,0x67,0x9A,0x99,0x9B,0xD7,0xCE,0xC4,0xC5,0x9D,0x3C,0x57,0x63,0xE7,0x62,0x50,0x24,0x19,0x88,0x38,0xFA,0x52,0x4D,0xCA},
    },
    {
        UINT32_C(50496),
        UINT64_C(0x59E58417E11D4050),
        UINT32_C(148),
        UINT32_C(228),
        {0x80,0x02,0x1C,0xC4,0x4A,0x8C,0xBC,0xA9,0xD6,0x11,0xDE,0xEA,0xDB,0x5A,0x1C,0xE6,0x7D,0x39,0x6A,0x6A,0xAA,0x51,0x50,0xA8,0xBC,0x60,0xA5,0x04,0xF4,0xC3,0x71,0x93},
        {0x36,0xA9,0xC2,0x6F,0x86,0xE2,0x7D,0xC4,0xC6,0xCC,0x9E,0x08,0x9F,0xB1,0xB4,0xF5,0x59,0x92,0x14,0x37,0xC5,0xEC,0xB4,0xEB,0xA9,0xA8,0x95,0xD0,0x1F,0xEE,0x98,0x55},
    },
    {
        UINT32_C(50650),
        UINT64_C(0xBFD3DCA321D37012),
        UINT32_C(148),
        UINT32_C(228),
        {0x48,0x06,0x55,0x07,0xC9,0x20,0x8E,0xE2,0x7E,0x8E,0x6E,0xD3,0xBA,0x80,0x06,0x5D,0xF0,0x6A,0x26,0x4D,0x20,0xCB,0x72,0xD9,0xAD,0x93,0x87,0x2F,0x91,0xB6,0x5A,0x12},
        {0xAB,0x2E,0xE6,0x37,0xB0,0x89,0x77,0xF1,0xC3,0xCE,0x72,0xC9,0x84,0x1A,0xB0,0xF0,0x35,0x67,0x44,0x32,0x7C,0x2E,0xF7,0x60,0x5C,0x4F,0xFB,0x7B,0x45,0xD8,0xBD,0xE5},
    },
    {
        UINT32_C(50676),
        UINT64_C(0xE2DF9A4E082E5A24),
        UINT32_C(148),
        UINT32_C(228),
        {0x37,0xCD,0xED,0x9A,0xDB,0xC6,0xF0,0x84,0x87,0xED,0xB0,0xB0,0x40,0xD7,0x8B,0xCA,0x0D,0xCD,0x9D,0x1E,0xEC,0x21,0x92,0xD0,0x38,0x7E,0x1E,0x74,0x00,0xCA,0xE9,0xEA},
        {0x49,0xB7,0xB1,0xE7,0xD0,0x55,0x6F,0xA4,0x82,0xA4,0x77,0x45,0x82,0x3C,0xD5,0x08,0xF5,0x57,0xDE,0xEF,0x55,0x8E,0x05,0x03,0xB3,0x28,0x9C,0x13,0x67,0x7B,0xFD,0x15},
    },
    {
        UINT32_C(50720),
        UINT64_C(0xF95BC59A2CC7EF55),
        UINT32_C(210),
        UINT32_C(123),
        {0x83,0xD2,0xCF,0x33,0xA3,0x67,0xAC,0x0F,0x10,0x93,0xC2,0x1F,0x1C,0xAF,0x11,0x21,0xC4,0x0E,0x10,0x4F,0xFC,0x5D,0xD5,0x4C,0x16,0xE3,0x29,0x72,0x09,0x3E,0x5F,0xC1},
        {0xE4,0x8E,0x31,0x69,0x9C,0x13,0xEF,0x70,0x45,0xBD,0xD0,0xEA,0x7E,0x77,0x46,0x6D,0x34,0x01,0xAC,0xB0,0xBD,0xDB,0x78,0xD9,0xA0,0xA4,0xC6,0xA8,0xCC,0x08,0x56,0x49},
    },
    {
        UINT32_C(50774),
        UINT64_C(0x9ED44F17E9C14D0D),
        UINT32_C(148),
        UINT32_C(228),
        {0x39,0x59,0x03,0xC0,0x37,0xB5,0x5F,0xC1,0x86,0xD0,0xA4,0x9C,0xAC,0x8A,0x4C,0xDC,0x38,0x49,0xCF,0x1E,0x8D,0x3E,0x72,0xFE,0x34,0xDC,0x8D,0x69,0x57,0x16,0xDC,0x40},
        {0x96,0xD6,0xCA,0x20,0xC9,0xAF,0x67,0x07,0xFA,0x17,0x6C,0xF5,0xB8,0xC3,0xF3,0x24,0x43,0x35,0x6B,0x2B,0x9E,0x74,0x15,0x3C,0x55,0x46,0x10,0xAD,0x54,0x4B,0x10,0x72},
    },
    {
        UINT32_C(50792),
        UINT64_C(0xDB956E0FAAFC9E90),
        UINT32_C(210),
        UINT32_C(123),
        {0x31,0x0F,0x94,0xD6,0xB5,0x3D,0xE6,0xE1,0xE1,0x20,0x98,0x72,0xBB,0x4A,0x95,0xCB,0x80,0xF9,0x32,0x48,0x2A,0x46,0x5E,0x4E,0x6F,0x0E,0x64,0x13,0x59,0xCA,0xF0,0x3D},
        {0x27,0xFF,0x5F,0x63,0x83,0xAC,0x10,0x58,0x24,0x5B,0x0A,0x4C,0xED,0xFC,0xFC,0xAC,0xED,0x6B,0x6C,0x31,0xB5,0x0C,0x22,0x7D,0x99,0xEA,0x51,0x16,0x9C,0x80,0x18,0xD7},
    },
    {
        UINT32_C(50798),
        UINT64_C(0x70666D97CB41F8C3),
        UINT32_C(210),
        UINT32_C(123),
        {0xCD,0xAC,0xEB,0x67,0x8E,0xE0,0xCB,0x45,0xB3,0x0E,0x6C,0xC0,0x04,0xFE,0x83,0xD8,0x5D,0x3A,0x5A,0x78,0x2B,0x03,0xF9,0x60,0x98,0xB8,0x40,0x6B,0xC5,0x73,0x98,0xDB},
        {0xA4,0x48,0x0E,0xFD,0x28,0xAB,0x18,0xB1,0x9D,0x4C,0xE8,0xFC,0x53,0xAC,0x0A,0x60,0xE8,0x4E,0x7E,0x50,0xFD,0x66,0xD8,0x47,0xC3,0x31,0x27,0x3D,0x1D,0x68,0x41,0x7E},
    },
    {
        UINT32_C(50826),
        UINT64_C(0xA03464036FF846FC),
        UINT32_C(148),
        UINT32_C(228),
        {0x64,0x24,0xB4,0x4D,0x4B,0x25,0x5C,0x8B,0x9D,0x09,0x8F,0x9F,0x73,0x95,0xBE,0x1E,0x64,0x59,0x68,0x1D,0xB6,0x32,0x67,0x23,0x19,0x92,0xAE,0xA4,0x98,0x28,0xB6,0x55},
        {0x63,0x93,0x28,0x54,0xA8,0xBD,0xC8,0x22,0x1D,0x46,0x1C,0x68,0x06,0x84,0x8A,0xDD,0x89,0x60,0xAC,0x75,0x19,0x42,0x74,0xF9,0xE0,0x93,0x67,0x49,0x9D,0x3B,0x9C,0x75},
    },
    {
        UINT32_C(50926),
        UINT64_C(0xC6F795EF771E2764),
        UINT32_C(210),
        UINT32_C(123),
        {0x91,0x59,0xA9,0xFD,0xCA,0x09,0x1A,0x86,0x58,0x5E,0xAF,0x49,0x0A,0x42,0x11,0xB0,0x03,0xFD,0x47,0x35,0x7D,0x3A,0x91,0x54,0xE6,0x4C,0x9E,0x5B,0xA5,0xD4,0xA4,0x1E},
        {0x50,0xFB,0x36,0x97,0xBE,0xF1,0xD6,0xE6,0x76,0x28,0x68,0xB0,0xC5,0x93,0x3D,0xDD,0x00,0x1C,0x65,0xC5,0xC1,0x92,0x9D,0x84,0x36,0x5F,0xE3,0x82,0x88,0x10,0x46,0x54},
    },
    {
        UINT32_C(51038),
        UINT64_C(0xA2C9FBE04F22AFEC),
        UINT32_C(210),
        UINT32_C(123),
        {0x00,0xA8,0xEB,0xDB,0xEF,0xA4,0xCB,0x68,0x11,0x0A,0xB2,0x55,0xC1,0xC8,0xA0,0x00,0x53,0x00,0xB2,0x6C,0xA4,0x15,0x06,0x1A,0x35,0xBA,0x45,0xA9,0x90,0x6D,0xE6,0x00},
        {0x1D,0xDE,0x01,0x45,0x89,0xC7,0xC0,0x6D,0x71,0xDF,0xCF,0xE1,0x4C,0x0E,0xD9,0x68,0xD7,0x03,0x15,0xAF,0x00,0x83,0x27,0x13,0x4D,0x61,0x0C,0xDB,0xD6,0xC0,0x73,0x34},
    },
    {
        UINT32_C(51130),
        UINT64_C(0x73DB0D29E63C23C3),
        UINT32_C(148),
        UINT32_C(228),
        {0x19,0x0F,0xFE,0x5D,0x1A,0xF8,0xB5,0xE6,0xB5,0xBF,0xAC,0x12,0x8C,0xEB,0x68,0xFA,0x3E,0x3D,0x70,0x30,0x3C,0x50,0x38,0x40,0xC1,0x1B,0xDD,0xF4,0x57,0x29,0x24,0x18},
        {0x22,0x8A,0x40,0xEF,0x54,0x32,0x8D,0x53,0x9D,0x79,0x57,0x6C,0xA8,0x9A,0xB4,0xFD,0x67,0x14,0xA1,0x32,0xA6,0x86,0xBF,0xED,0xCA,0x4F,0xF0,0xA3,0xFB,0x92,0x1D,0x61},
    },
    {
        UINT32_C(51176),
        UINT64_C(0xFF1E1DDBB416A3B5),
        UINT32_C(210),
        UINT32_C(123),
        {0x04,0x15,0x96,0x19,0xA7,0xD1,0x74,0xAD,0x0E,0x0F,0x0C,0xA1,0xD7,0x14,0xCC,0x05,0x07,0xCB,0x6A,0x85,0x67,0xB5,0xE3,0xDF,0x6C,0x93,0x5D,0xBB,0xD3,0x46,0xFF,0x61},
        {0x87,0xC5,0x70,0x06,0x1E,0xAE,0x73,0x04,0xF2,0x6E,0x63,0xA5,0xA1,0x29,0x5D,0x3B,0xCE,0xC0,0x55,0x05,0x32,0xF1,0xFC,0x85,0x21,0xD3,0xBE,0xB0,0x13,0x93,0xA0,0xA3},
    },
    {
        UINT32_C(51352),
        UINT64_C(0xCA1A6AB05B74C852),
        UINT32_C(210),
        UINT32_C(123),
        {0xA8,0xD3,0x86,0x2C,0xD2,0xA2,0x6F,0xA7,0xE5,0xD2,0x54,0x5B,0x03,0x2A,0x80,0xA3,0xC1,0x25,0x5C,0x12,0x2C,0x3B,0xEB,0x3A,0xBF,0xDE,0xD8,0x2B,0x9B,0x5D,0x6B,0x6E},
        {0x1D,0x0D,0x5D,0x99,0x0D,0xB3,0x3E,0x48,0x03,0x40,0x62,0x41,0xAB,0x94,0xD2,0x4C,0xE1,0x52,0x7C,0xA4,0xDA,0xF0,0x16,0xDF,0x9A,0x4F,0x0C,0x92,0xB6,0xC9,0x79,0xBB},
    },
    {
        UINT32_C(51686),
        UINT64_C(0xEF23489AAABD2FCD),
        UINT32_C(210),
        UINT32_C(123),
        {0xCA,0x8E,0x97,0x34,0x42,0xB5,0x8E,0x59,0x8F,0xE1,0x40,0xEB,0xBC,0x0A,0x34,0x42,0x17,0xAF,0x68,0xEA,0x5B,0x15,0xCC,0x01,0x9F,0xED,0xF2,0xED,0x1F,0x0E,0x81,0x78},
        {0x5A,0x85,0xDA,0xDA,0x4C,0xC6,0xB7,0x83,0xCB,0x96,0x78,0x43,0x93,0xB6,0x25,0x76,0xC9,0xCA,0x90,0x88,0x52,0xC3,0x27,0x34,0x12,0xEE,0x29,0x18,0x28,0x4F,0x4F,0x3A},
    },
    {
        UINT32_C(51718),
        UINT64_C(0x5718BE7940C69B59),
        UINT32_C(148),
        UINT32_C(228),
        {0x4B,0x27,0xD0,0x23,0x8C,0x4F,0x57,0x8F,0xC8,0x31,0x1B,0x6A,0xDE,0x62,0x4D,0x49,0xEB,0x76,0xD7,0x9C,0xA9,0x07,0x70,0xB5,0x60,0x8E,0xE5,0x70,0x1A,0x41,0x12,0xFE},
        {0x4F,0x9B,0x86,0xB6,0x69,0x89,0x8B,0x79,0x24,0x8E,0x4F,0xBE,0x26,0x53,0x50,0x70,0xBC,0xE2,0x19,0x1B,0x4D,0x75,0xCA,0xA3,0xAD,0xB2,0xB8,0xFA,0x55,0x85,0xBA,0x6E},
    },
    {
        UINT32_C(51780),
        UINT64_C(0x6933EE601217216B),
        UINT32_C(148),
        UINT32_C(228),
        {0xF0,0xAA,0xB2,0xA2,0xED,0x7D,0xCB,0xC9,0xAA,0x20,0x80,0x6F,0x05,0x02,0xFB,0xA7,0xF8,0xBB,0x63,0xF5,0x20,0x6A,0x17,0x47,0x61,0x1A,0xA6,0xCE,0xDC,0xA0,0x6B,0xDF},
        {0xBC,0x3D,0x4B,0x65,0xDA,0x16,0x46,0x49,0x34,0xE7,0xC9,0xB6,0x68,0x0A,0x88,0xD8,0x55,0x9B,0x96,0xDB,0x69,0xD5,0x25,0xDC,0xFC,0xE5,0x65,0x04,0xDD,0xA3,0x90,0x8C},
    },
    {
        UINT32_C(52106),
        UINT64_C(0x89621E994E5D00D2),
        UINT32_C(210),
        UINT32_C(123),
        {0x5E,0x55,0xA7,0x9E,0xC7,0x93,0x1B,0x8C,0xA5,0xC2,0x77,0x27,0xEA,0x17,0x50,0x44,0x32,0xB2,0x79,0x63,0x68,0x0E,0x5F,0xA5,0x9E,0xF4,0x27,0x32,0x01,0x1A,0x8A,0xE0},
        {0x7C,0xEC,0xA8,0xF9,0xB5,0x50,0x68,0xB3,0x56,0x0E,0x9B,0xEC,0x9F,0xAA,0x93,0x44,0x49,0x6F,0x7A,0x65,0x83,0x57,0x80,0xE6,0x75,0xAE,0x45,0xBF,0x1D,0xE6,0xEE,0xA5},
    },
    {
        UINT32_C(52126),
        UINT64_C(0x9F67D7D2AE9EF30C),
        UINT32_C(210),
        UINT32_C(123),
        {0x12,0x2B,0xE7,0xD4,0xC4,0x05,0xCE,0xA1,0x57,0xF6,0xF4,0x12,0xF1,0xC6,0xDB,0xB9,0x7C,0x2D,0xCA,0x7D,0xC1,0x9D,0x3C,0xFB,0xAF,0x56,0x4B,0x50,0x8C,0x6D,0xD0,0xB8},
        {0x31,0x38,0x60,0x28,0xC1,0x73,0x06,0x27,0x47,0x07,0x85,0x73,0x76,0x3F,0xF8,0x22,0x25,0xB3,0x81,0x36,0x36,0x46,0x23,0x75,0x66,0x47,0x32,0x49,0x71,0x64,0xFE,0x04},
    },
    {
        UINT32_C(52354),
        UINT64_C(0x04B5A839FC12D0B1),
        UINT32_C(210),
        UINT32_C(123),
        {0x80,0x4D,0x82,0x73,0x93,0x0A,0x11,0xB8,0x04,0x1A,0xD1,0xE6,0x06,0xAF,0xE7,0x29,0x05,0x79,0x46,0x72,0xFA,0xC6,0x9F,0x05,0x87,0xD4,0x74,0x0B,0xE5,0x43,0x7D,0x0E},
        {0xB2,0xCE,0x81,0x58,0x9A,0x6F,0x50,0xD3,0x44,0x03,0x55,0xB8,0xC6,0xD5,0x56,0x58,0xB7,0x35,0x65,0x89,0x45,0x70,0x4E,0xF2,0xBE,0xF6,0x62,0x92,0x08,0x83,0x5C,0xA5},
    },
    {
        UINT32_C(52438),
        UINT64_C(0x7449F94D25717474),
        UINT32_C(148),
        UINT32_C(228),
        {0x9A,0x2E,0x98,0xA3,0x70,0x6C,0x5D,0x55,0x1B,0x6E,0x2E,0xE4,0x3D,0x63,0xEC,0xEC,0xF7,0x8D,0x9B,0x02,0xB7,0x97,0x23,0x2A,0x28,0x1C,0x77,0x8B,0x9B,0x45,0xEF,0xAB},
        {0x5F,0x9C,0x2E,0x81,0x2D,0x88,0x35,0xB1,0x8B,0x72,0xAD,0xED,0xBF,0xDA,0xA1,0xE2,0x3D,0x5F,0x67,0xDE,0x51,0x71,0xD8,0xE6,0xB9,0x2C,0x0F,0xDF,0x1A,0xB8,0x22,0x9A},
    },
    {
        UINT32_C(52542),
        UINT64_C(0xAA8BAD34585F5D04),
        UINT32_C(148),
        UINT32_C(228),
        {0xC6,0x6A,0x57,0x47,0x61,0xE4,0x7B,0xAD,0x5A,0xA2,0x10,0xE9,0xE5,0x99,0x70,0x55,0xBA,0x00,0x15,0x0E,0x16,0xB6,0x25,0x96,0x5E,0x20,0x14,0x52,0x74,0x14,0xE5,0x05},
        {0xA8,0x3C,0xD1,0x08,0xBA,0xE1,0xBF,0x6D,0x4A,0xBC,0x53,0xD7,0x3E,0x04,0x52,0x0F,0xC3,0x2E,0xD2,0x6F,0xBF,0x5E,0x01,0xC9,0xD2,0x37,0x12,0x89,0x36,0xF0,0xED,0xC6},
    },
    {
        UINT32_C(52688),
        UINT64_C(0xA58BB83F0367C3BE),
        UINT32_C(148),
        UINT32_C(228),
        {0x05,0xFA,0xBC,0x00,0x9E,0x5A,0x11,0x97,0x17,0xCF,0xDB,0xD6,0xDA,0x80,0x49,0xEF,0x60,0x2F,0x69,0xB3,0x43,0xBE,0xD6,0xB6,0x9C,0x76,0x94,0x57,0x8C,0x4E,0xEC,0x0F},
        {0xAC,0x51,0xCB,0xB0,0x0B,0x01,0x72,0x62,0xBD,0xD7,0xE9,0x8E,0xEA,0x51,0x0E,0x59,0x89,0x3B,0x74,0x8A,0xD5,0x87,0x25,0x1F,0x7A,0xB4,0x21,0xC1,0xE0,0x3D,0x5A,0x9F},
    },
    {
        UINT32_C(52790),
        UINT64_C(0x3586DEA4E47C2C69),
        UINT32_C(303),
        UINT32_C(210),
        {0x6B,0x18,0x9A,0xB6,0xAF,0xF9,0x4C,0xC5,0xFF,0x07,0xD8,0x1E,0x5C,0x26,0x2D,0x63,0xE5,0x9E,0x45,0xEA,0xBC,0xF7,0x47,0x81,0x59,0x66,0x37,0xB9,0x0D,0xC0,0x03,0x99},
        {0x7B,0xE4,0x33,0x4E,0x5F,0x12,0x00,0x69,0xBB,0x5C,0xEF,0x50,0x0B,0xCC,0xFE,0x4C,0x29,0x7F,0x90,0x10,0xBC,0x26,0xC2,0x01,0x24,0x79,0x6D,0x95,0xEA,0x47,0x66,0xB8},
    },
    {
        UINT32_C(53070),
        UINT64_C(0x3F0EBA08C9611B09),
        UINT32_C(430),
        UINT32_C(330),
        {0x7C,0xC8,0xF6,0x19,0x6C,0x54,0x4E,0x75,0x9C,0xA2,0x73,0xC0,0xEA,0x3D,0x4B,0x75,0x8B,0x9F,0x16,0x9F,0x83,0x2B,0x4C,0x8A,0xC6,0x01,0x82,0x16,0x57,0x5C,0x58,0x6F},
        {0xD3,0x6D,0x46,0x23,0x89,0x2A,0x1B,0x5D,0x4F,0xEB,0x67,0xAB,0xCF,0xF1,0xDA,0x45,0x43,0x0F,0x10,0xC8,0x0F,0xA7,0x57,0x33,0xE4,0xE5,0x27,0x63,0x37,0x6E,0x2E,0x49},
    },
    {
        UINT32_C(53212),
        UINT64_C(0xF6C3D33986835368),
        UINT32_C(210),
        UINT32_C(123),
        {0x3E,0x19,0xBD,0x23,0xFD,0x81,0xCC,0xC4,0xD6,0xDD,0xBF,0x05,0x77,0xB6,0x85,0x00,0x73,0xAB,0x01,0x58,0x17,0x3A,0x8E,0x0B,0xCC,0x54,0x6F,0x77,0xD6,0x0A,0x4E,0x4C},
        {0x69,0x66,0x9E,0xB5,0x55,0x1B,0xB6,0xC7,0x75,0x1D,0xA5,0xA4,0x52,0xAE,0x73,0xE7,0x49,0x24,0x6A,0x2A,0x77,0x24,0xBC,0x85,0xC3,0x76,0x79,0xF1,0x67,0xAB,0x9B,0x70},
    },
    {
        UINT32_C(53442),
        UINT64_C(0x24DFFF492D0A77F9),
        UINT32_C(1302),
        UINT32_C(985),
        {0x01,0x7D,0x0F,0x46,0x57,0xE1,0x80,0x8D,0x60,0x6A,0x89,0x82,0x73,0xAB,0x13,0xCA,0x1C,0x86,0xC2,0xFF,0x8A,0x3E,0x1E,0xBB,0xF4,0x36,0xC1,0x2A,0x79,0x2A,0x1A,0x21},
        {0x0E,0xA2,0xEF,0xB8,0x3B,0x70,0x29,0x4F,0x93,0x30,0x32,0xF3,0xDB,0xDD,0x56,0x7D,0x86,0x0C,0xFD,0x51,0xFB,0xFD,0x29,0xFB,0xAB,0x2C,0x58,0x86,0xED,0xB3,0x57,0x6F},
    },
    {
        UINT32_C(53894),
        UINT64_C(0x17EA8232B160682B),
        UINT32_C(148),
        UINT32_C(228),
        {0xBF,0xCD,0x89,0x7E,0xD8,0xD4,0x08,0xCC,0xF3,0x79,0x9E,0xA8,0xC0,0x2B,0xC8,0xAF,0xBD,0x7F,0x1A,0x46,0xD7,0x68,0x80,0x41,0x37,0xDC,0x3B,0x02,0x7A,0x03,0x58,0x5F},
        {0xA9,0xBA,0xF0,0x9A,0xC5,0x76,0xFA,0x6B,0x08,0x9F,0x1F,0x68,0x3D,0xA4,0x75,0xA8,0x09,0x22,0x75,0xF1,0xCA,0x9B,0x5E,0x28,0xD7,0x8C,0x06,0xE0,0xA6,0x8C,0x34,0x8B},
    },
    {
        UINT32_C(54302),
        UINT64_C(0xB37F93FE288C3BD7),
        UINT32_C(148),
        UINT32_C(228),
        {0x08,0x01,0xA1,0xC7,0x96,0x8E,0x82,0x85,0xD0,0xDC,0x4B,0x3A,0xE9,0xBE,0xA1,0xA9,0xCB,0x94,0x79,0x20,0xB9,0x46,0x5C,0xB1,0x4A,0x12,0x16,0x82,0xF7,0x15,0x5C,0x32},
        {0xC7,0x24,0xC8,0x0D,0x49,0x7D,0x34,0xB8,0xD1,0xCB,0x14,0xC5,0xBA,0xAD,0xDF,0x7A,0x08,0x70,0x40,0x41,0x49,0xBF,0xAF,0xBE,0x9C,0x58,0x1F,0x0C,0xE0,0xDE,0x38,0xF7},
    },
    {
        UINT32_C(54330),
        UINT64_C(0x186D32EDE4FF4175),
        UINT32_C(148),
        UINT32_C(228),
        {0x09,0xE3,0xCE,0xD7,0xF5,0x64,0x7E,0x66,0x2E,0xD2,0xAC,0xEF,0x69,0x6B,0xC8,0x7B,0x7F,0x82,0xD5,0x8A,0xF9,0xE3,0x21,0x63,0x4E,0x64,0xFF,0xA5,0x09,0x01,0x0A,0xD0},
        {0x49,0xE8,0xDB,0xBE,0x8D,0xEE,0xA3,0xDF,0x78,0x5B,0xDC,0xB3,0xEA,0xB1,0x16,0xBE,0x7F,0x8D,0x00,0x48,0x47,0x95,0xB4,0xF6,0x4E,0xB6,0xC9,0x53,0x89,0x1A,0x38,0x47},
    },
    {
        UINT32_C(54436),
        UINT64_C(0xA8B41C5AF3C57A1F),
        UINT32_C(210),
        UINT32_C(123),
        {0xEC,0x9E,0x2D,0xFE,0x20,0xD6,0xE8,0x4E,0x61,0xD7,0x6B,0x49,0xAD,0xCD,0xEE,0xC5,0xDB,0xA7,0x16,0x46,0x53,0xCA,0x19,0xA8,0xBC,0x65,0x27,0xBC,0x9D,0x52,0x29,0x0E},
        {0x65,0x90,0xC4,0xE7,0x8A,0x9F,0xD9,0x0A,0x08,0x4D,0x12,0x53,0x77,0xB4,0xA4,0xEB,0xF9,0x4F,0x07,0x03,0x4C,0x8E,0x69,0x28,0xBB,0x59,0xED,0x22,0x9A,0xA1,0x0C,0x76},
    },
    {
        UINT32_C(54988),
        UINT64_C(0xE14C4635088BDFF7),
        UINT32_C(148),
        UINT32_C(228),
        {0x1C,0x5E,0xF6,0xF0,0x6D,0x9D,0x3F,0x78,0x36,0x19,0x27,0xFA,0xD1,0xD0,0x09,0x0D,0xCD,0x00,0x19,0x05,0x52,0xE3,0x37,0x32,0xF4,0xDC,0x60,0xA5,0x23,0x7E,0x9B,0x3A},
        {0xF0,0x6A,0x01,0xCB,0x12,0x1B,0x4D,0xD3,0xA1,0x4C,0x14,0x72,0xCA,0xE8,0x7F,0x20,0xB4,0xC7,0xB2,0x91,0xB8,0x00,0xC4,0x6B,0x33,0x26,0x1B,0xC9,0x33,0x3E,0x4C,0xB9},
    },
    {
        UINT32_C(55052),
        UINT64_C(0x7FA05B527AA6DF9C),
        UINT32_C(148),
        UINT32_C(228),
        {0xB4,0x64,0x13,0x5B,0x9F,0x29,0x8E,0x21,0xC1,0x2F,0x18,0x70,0x10,0xB2,0xCA,0xB4,0xBE,0x98,0xF3,0x57,0x4A,0xD9,0x27,0xFE,0xD8,0x38,0x76,0xAE,0x92,0x40,0x4A,0x98},
        {0x82,0x5D,0xFD,0x59,0xF5,0xBE,0xFE,0x98,0x7C,0xE0,0x44,0xDD,0x5D,0xE9,0x28,0xCD,0xF9,0x14,0xD6,0xBD,0x83,0x31,0x1C,0x41,0xF1,0x9D,0xA4,0x64,0xF5,0xC4,0x86,0x05},
    },
    {
        UINT32_C(55488),
        UINT64_C(0x8E4B4952189BF4AF),
        UINT32_C(1024),
        UINT32_C(600),
        {0xD6,0x1B,0x7F,0xA1,0xE4,0x1F,0xFB,0x4D,0x7A,0xDD,0xDB,0x4F,0x12,0x97,0x7E,0x11,0xCF,0x8A,0x5D,0xB7,0xE0,0x2C,0xFE,0x3C,0xC2,0x93,0x72,0xC7,0x97,0xCA,0x96,0x81},
        {0xD8,0x48,0xC9,0x8C,0xD3,0xFA,0x1E,0x9B,0x78,0x5C,0xC0,0x54,0x36,0x7C,0xD9,0x90,0x53,0x98,0x16,0x88,0x26,0x5C,0xAD,0x5F,0x52,0x84,0x63,0x56,0x9C,0x7E,0x85,0x77},
    },
    {
        UINT32_C(56570),
        UINT64_C(0xB5F64B95E661ADA4),
        UINT32_C(430),
        UINT32_C(330),
        {0x09,0x6E,0x47,0xFB,0x7F,0x54,0xC6,0x89,0x83,0x4B,0x92,0x0C,0x5C,0x8B,0x4D,0xC7,0x61,0x6D,0x72,0xAF,0xC5,0x3F,0xB9,0xCD,0x95,0xD8,0x6E,0xB5,0x98,0xB2,0xFE,0x49},
        {0x98,0x40,0x32,0x1C,0xF9,0x56,0x28,0x7E,0x34,0x14,0x21,0x01,0xDE,0x47,0x1F,0x63,0xE5,0x50,0x7B,0xE9,0x84,0x3E,0xEE,0x67,0x17,0xE5,0x56,0x87,0xBF,0xD3,0x72,0xFD},
    },
    {
        UINT32_C(56926),
        UINT64_C(0x0A0E217F2625CE64),
        UINT32_C(148),
        UINT32_C(228),
        {0x84,0xAB,0x37,0x68,0xD6,0xD9,0x2B,0xE3,0xFE,0x76,0xF9,0x5F,0xDA,0x67,0xC3,0xF1,0x75,0xE7,0xD6,0x76,0x78,0xD8,0x7C,0xED,0x0D,0xE4,0x1B,0x7E,0xFF,0x31,0xA4,0x86},
        {0xE2,0x86,0x9D,0x2B,0xE5,0xB2,0xDE,0xBD,0x36,0x43,0xA5,0x17,0xFD,0xDE,0x5D,0x1D,0x9B,0x3B,0xB1,0x15,0xCB,0x1F,0x87,0x7E,0x90,0xCD,0xE3,0x70,0x30,0x5E,0xA0,0xE8},
    },
    {
        UINT32_C(57398),
        UINT64_C(0xB6F029E226567012),
        UINT32_C(1075),
        UINT32_C(660),
        {0x49,0xEB,0xFA,0x3B,0x06,0x5B,0x01,0xEE,0xE8,0x0F,0xCA,0x44,0xDD,0xA5,0x7D,0x10,0x80,0xD6,0xF1,0x1D,0x95,0xD3,0x37,0x39,0x78,0x52,0x04,0xCD,0x2E,0xD6,0x74,0x91},
        {0x3F,0x59,0xD8,0xC5,0xF6,0x88,0xF4,0xA0,0x27,0x64,0x36,0xF9,0x86,0x24,0xEF,0xB0,0xBA,0xC2,0xD1,0x57,0xFB,0x4A,0x7D,0x59,0xD3,0xAA,0xA6,0x76,0x6D,0x2D,0xBB,0x6D},
    },
    {
        UINT32_C(57670),
        UINT64_C(0xD6E6432AECB95882),
        UINT32_C(430),
        UINT32_C(330),
        {0xB7,0x11,0xC8,0x55,0xE3,0x61,0x26,0x6A,0xFF,0x35,0xB4,0xE9,0x4A,0xDA,0xDE,0x89,0x90,0xCA,0x20,0xF5,0x00,0x16,0x77,0x5F,0xE7,0x4B,0x91,0x09,0x12,0xC4,0xF5,0xD7},
        {0x5D,0x23,0x39,0x55,0xC3,0x2C,0xDC,0x37,0x55,0x8C,0xB6,0x8D,0xE9,0xA8,0xDC,0x93,0x8B,0x47,0x31,0xBC,0x38,0x9B,0x66,0xA9,0xD2,0xA0,0xFD,0x7D,0x64,0x11,0x4F,0x95},
    },
    {
        UINT32_C(57722),
        UINT64_C(0xF943D3298E7AB65B),
        UINT32_C(1075),
        UINT32_C(660),
        {0x4A,0x5A,0xBF,0xAC,0x71,0x56,0x17,0xA2,0x25,0x8E,0xC5,0x43,0x89,0x9F,0x0C,0x7F,0x7E,0xFC,0x23,0x59,0xD2,0x8A,0x19,0x94,0x2E,0x3C,0xA0,0x58,0x45,0x62,0xD5,0xA8},
        {0x70,0x96,0x71,0x81,0x9C,0x95,0xB1,0x02,0x57,0x8E,0x8C,0x97,0x76,0x3E,0xE9,0xDC,0xEB,0x60,0x13,0x24,0xA8,0x18,0xF3,0x83,0x45,0x85,0x34,0x3A,0x86,0x5D,0x16,0xA2},
    },
    {
        UINT32_C(57770),
        UINT64_C(0x5AB7CFAC8767DD7A),
        UINT32_C(210),
        UINT32_C(123),
        {0x91,0x59,0xA9,0xFD,0xCA,0x09,0x1A,0x86,0x58,0x5E,0xAF,0x49,0x0A,0x42,0x11,0xB0,0x03,0xFD,0x47,0x35,0x7D,0x3A,0x91,0x54,0xE6,0x4C,0x9E,0x5B,0xA5,0xD4,0xA4,0x1E},
        {0x50,0xFB,0x36,0x97,0xBE,0xF1,0xD6,0xE6,0x76,0x28,0x68,0xB0,0xC5,0x93,0x3D,0xDD,0x00,0x1C,0x65,0xC5,0xC1,0x92,0x9D,0x84,0x36,0x5F,0xE3,0x82,0x88,0x10,0x46,0x54},
    },
    {
        UINT32_C(57772),
        UINT64_C(0xCAC0AECB793413CA),
        UINT32_C(1024),
        UINT32_C(600),
        {0xD6,0x1B,0x7F,0xA1,0xE4,0x1F,0xFB,0x4D,0x7A,0xDD,0xDB,0x4F,0x12,0x97,0x7E,0x11,0xCF,0x8A,0x5D,0xB7,0xE0,0x2C,0xFE,0x3C,0xC2,0x93,0x72,0xC7,0x97,0xCA,0x96,0x81},
        {0xD8,0x48,0xC9,0x8C,0xD3,0xFA,0x1E,0x9B,0x78,0x5C,0xC0,0x54,0x36,0x7C,0xD9,0x90,0x53,0x98,0x16,0x88,0x26,0x5C,0xAD,0x5F,0x52,0x84,0x63,0x56,0x9C,0x7E,0x85,0x77},
    },
    {
        UINT32_C(58096),
        UINT64_C(0xE89FF3766B17CCA6),
        UINT32_C(210),
        UINT32_C(123),
        {0xCA,0x8E,0x97,0x34,0x42,0xB5,0x8E,0x59,0x8F,0xE1,0x40,0xEB,0xBC,0x0A,0x34,0x42,0x17,0xAF,0x68,0xEA,0x5B,0x15,0xCC,0x01,0x9F,0xED,0xF2,0xED,0x1F,0x0E,0x81,0x78},
        {0x5A,0x85,0xDA,0xDA,0x4C,0xC6,0xB7,0x83,0xCB,0x96,0x78,0x43,0x93,0xB6,0x25,0x76,0xC9,0xCA,0x90,0x88,0x52,0xC3,0x27,0x34,0x12,0xEE,0x29,0x18,0x28,0x4F,0x4F,0x3A},
    },
    {
        UINT32_C(59012),
        UINT64_C(0xED1ED737D99D8C56),
        UINT32_C(1075),
        UINT32_C(660),
        {0x49,0xEB,0xFA,0x3B,0x06,0x5B,0x01,0xEE,0xE8,0x0F,0xCA,0x44,0xDD,0xA5,0x7D,0x10,0x80,0xD6,0xF1,0x1D,0x95,0xD3,0x37,0x39,0x78,0x52,0x04,0xCD,0x2E,0xD6,0x74,0x91},
        {0x3F,0x59,0xD8,0xC5,0xF6,0x88,0xF4,0xA0,0x27,0x64,0x36,0xF9,0x86,0x24,0xEF,0xB0,0xBA,0xC2,0xD1,0x57,0xFB,0x4A,0x7D,0x59,0xD3,0xAA,0xA6,0x76,0x6D,0x2D,0xBB,0x6D},
    },
    {
        UINT32_C(59280),
        UINT64_C(0xDA9C4601570F340B),
        UINT32_C(1075),
        UINT32_C(660),
        {0x4A,0x5A,0xBF,0xAC,0x71,0x56,0x17,0xA2,0x25,0x8E,0xC5,0x43,0x89,0x9F,0x0C,0x7F,0x7E,0xFC,0x23,0x59,0xD2,0x8A,0x19,0x94,0x2E,0x3C,0xA0,0x58,0x45,0x62,0xD5,0xA8},
        {0x70,0x96,0x71,0x81,0x9C,0x95,0xB1,0x02,0x57,0x8E,0x8C,0x97,0x76,0x3E,0xE9,0xDC,0xEB,0x60,0x13,0x24,0xA8,0x18,0xF3,0x83,0x45,0x85,0x34,0x3A,0x86,0x5D,0x16,0xA2},
    },
    {
        UINT32_C(59558),
        UINT64_C(0x09B21F53F0EFF309),
        UINT32_C(1024),
        UINT32_C(600),
        {0xFC,0x82,0x32,0x75,0x5E,0xFF,0xA8,0xF5,0x38,0xE1,0xFB,0x61,0x6C,0x2D,0x22,0xAD,0x81,0xBF,0x4A,0xAA,0xAF,0x18,0x83,0x9A,0xD5,0x55,0x5A,0xD9,0x6C,0xE3,0x87,0x9B},
        {0x81,0x5A,0xA8,0xED,0x71,0x4C,0xDF,0x62,0xEC,0x45,0x13,0xE9,0xEE,0x9A,0x77,0xEB,0xF3,0x65,0x09,0x44,0xA2,0xDB,0x77,0xD7,0x60,0xF2,0x76,0xB4,0xDE,0xC8,0x20,0x25},
    },
    {
        UINT32_C(59594),
        UINT64_C(0x379C75630B39F394),
        UINT32_C(1024),
        UINT32_C(600),
        {0xBE,0xCD,0xF6,0xF8,0xA2,0x8F,0xB3,0xEC,0x0E,0x2E,0x8D,0xAB,0x61,0x14,0x41,0xF3,0xBB,0xFC,0x36,0xD5,0xC5,0x1E,0xC5,0xB0,0x69,0x8A,0xF0,0xA5,0xE2,0xAC,0x89,0x1A},
        {0xE5,0x9B,0x1E,0x51,0xFC,0x88,0xAB,0x25,0x20,0x33,0x97,0x77,0xB2,0x60,0x60,0x1D,0xBE,0xF5,0x41,0x22,0xF7,0xA8,0x3F,0x6E,0x5F,0x29,0xEE,0x6F,0xB5,0x3E,0x07,0x23},
    },
    {
        UINT32_C(59748),
        UINT64_C(0x2CA000FB70F002B2),
        UINT32_C(210),
        UINT32_C(123),
        {0x12,0x2B,0xE7,0xD4,0xC4,0x05,0xCE,0xA1,0x57,0xF6,0xF4,0x12,0xF1,0xC6,0xDB,0xB9,0x7C,0x2D,0xCA,0x7D,0xC1,0x9D,0x3C,0xFB,0xAF,0x56,0x4B,0x50,0x8C,0x6D,0xD0,0xB8},
        {0x31,0x38,0x60,0x28,0xC1,0x73,0x06,0x27,0x47,0x07,0x85,0x73,0x76,0x3F,0xF8,0x22,0x25,0xB3,0x81,0x36,0x36,0x46,0x23,0x75,0x66,0x47,0x32,0x49,0x71,0x64,0xFE,0x04},
    },
    {
        UINT32_C(62156),
        UINT64_C(0xAC0264FB8FB50CB5),
        UINT32_C(800),
        UINT32_C(600),
        {0xAB,0xFC,0xA8,0x99,0x75,0x35,0x80,0xBE,0xA1,0xC9,0x5B,0x47,0x39,0x50,0x57,0xE1,0xB3,0xB8,0x09,0xAA,0x07,0x4F,0x0D,0xA5,0x9F,0x77,0x28,0x0B,0xBF,0x2C,0xF9,0xE8},
        {0xF6,0x9E,0x11,0x8E,0x7C,0x73,0x65,0xE3,0x5E,0xEF,0xD8,0x99,0xB0,0x5C,0xF4,0x48,0x09,0xB6,0xFA,0x4C,0x3E,0xC8,0x5A,0x60,0x8A,0x4F,0x3C,0xDC,0xFF,0xF8,0x18,0x2B},
    },
    {
        UINT32_C(63978),
        UINT64_C(0x9B8DEC847ACEEDB5),
        UINT32_C(1024),
        UINT32_C(600),
        {0x14,0x17,0x58,0x35,0xCC,0x8D,0xAF,0x4B,0x13,0x48,0x34,0xF2,0x9F,0x04,0xBF,0x2F,0xB2,0xCB,0x34,0xD0,0x71,0xCE,0xF9,0x1D,0xBB,0x82,0x32,0xD4,0x5E,0xB9,0xFF,0x9A},
        {0x81,0x0A,0xBC,0x25,0x0F,0xB9,0xB6,0x97,0x79,0x37,0xE1,0x7F,0xD7,0x99,0x11,0x3D,0x44,0x76,0x80,0xBD,0x79,0xE5,0x2F,0x1B,0xF0,0xEB,0xE9,0x36,0x50,0xCF,0xFD,0x24},
    },
    {
        UINT32_C(64100),
        UINT64_C(0xA37F1A578A38B81D),
        UINT32_C(369),
        UINT32_C(750),
        {0x0B,0x04,0xDF,0x3B,0xCE,0x15,0x47,0x7F,0xD0,0xCF,0xC2,0x2D,0xAC,0xFF,0xCA,0xFB,0xF0,0x29,0x41,0x6F,0x57,0xBF,0x00,0xA0,0x30,0x9F,0x98,0x8F,0x4B,0x19,0x49,0x7A},
        {0x87,0x28,0x84,0xA5,0x25,0x60,0xCC,0xC2,0x9E,0x87,0xC6,0x70,0x51,0xA8,0xD1,0x6B,0xF2,0xD0,0xD7,0xB1,0xCF,0x34,0xFE,0xB3,0xD8,0x7B,0x0B,0xD0,0xA4,0x19,0x17,0xF4},
    },
    {
        UINT32_C(64808),
        UINT64_C(0x04C84C86E01599EF),
        UINT32_C(1024),
        UINT32_C(600),
        {0xBE,0xCD,0xF6,0xF8,0xA2,0x8F,0xB3,0xEC,0x0E,0x2E,0x8D,0xAB,0x61,0x14,0x41,0xF3,0xBB,0xFC,0x36,0xD5,0xC5,0x1E,0xC5,0xB0,0x69,0x8A,0xF0,0xA5,0xE2,0xAC,0x89,0x1A},
        {0xE5,0x9B,0x1E,0x51,0xFC,0x88,0xAB,0x25,0x20,0x33,0x97,0x77,0xB2,0x60,0x60,0x1D,0xBE,0xF5,0x41,0x22,0xF7,0xA8,0x3F,0x6E,0x5F,0x29,0xEE,0x6F,0xB5,0x3E,0x07,0x23},
    },
    {
        UINT32_C(65992),
        UINT64_C(0x8A9883848E34CD96),
        UINT32_C(1000),
        UINT32_C(300),
        {0xB7,0xF5,0xAE,0x9B,0x3D,0x78,0x36,0x38,0x1F,0x0F,0x3F,0xF5,0xC0,0x66,0x5A,0x81,0xB7,0xB4,0x3E,0x28,0xAD,0x89,0xD4,0x47,0x17,0xE8,0xB1,0x34,0x39,0x9B,0x29,0x68},
        {0x13,0x85,0x55,0xD0,0x62,0xF3,0x3D,0x4E,0x6D,0x5B,0x93,0x26,0x48,0xD4,0x24,0xE6,0x9F,0xDA,0x28,0xB6,0xE0,0x94,0xD7,0xEA,0x43,0xC5,0x5B,0xF1,0x36,0xE7,0x7B,0xD0},
    },
    {
        UINT32_C(67222),
        UINT64_C(0x298F45D559CF3E87),
        UINT32_C(369),
        UINT32_C(750),
        {0x9D,0x31,0x8A,0x95,0x52,0xFD,0xB1,0xD8,0x3E,0xE0,0x73,0x2D,0x0A,0xE9,0xFC,0xF6,0x80,0x69,0x09,0xD6,0x6E,0x68,0x2D,0x4D,0x93,0xDE,0x74,0x0E,0x7B,0x35,0xC6,0x33},
        {0xE1,0x05,0x43,0xA6,0x02,0x59,0xCA,0x77,0x9A,0xB6,0xC2,0xB9,0x93,0xE3,0x9D,0xB6,0x49,0x97,0x61,0x6A,0x73,0x26,0x19,0xAE,0x2F,0xFD,0xC0,0xA9,0xC0,0x0C,0x92,0x4A},
    },
    {
        UINT32_C(68056),
        UINT64_C(0xD80768F6C9351260),
        UINT32_C(1024),
        UINT32_C(600),
        {0x7D,0x58,0xDD,0x84,0x05,0xAF,0xB8,0x0B,0xC9,0x2E,0x9A,0x69,0xF5,0x59,0xAC,0x60,0x2C,0x8E,0x54,0x93,0x58,0xE7,0x9A,0xB3,0xC0,0x41,0x39,0xFD,0xB2,0x4E,0x3A,0xC0},
        {0x5A,0x7C,0x83,0xBC,0x8F,0x24,0x9F,0xB9,0xE9,0x29,0x3A,0xB1,0x88,0x4F,0xB5,0xD6,0x1A,0x0F,0xAB,0xAA,0x94,0x6F,0x7A,0xD1,0xAC,0xBA,0x78,0x67,0x84,0x7C,0x71,0x90},
    },
    {
        UINT32_C(68118),
        UINT64_C(0xC89B87CEB230FC72),
        UINT32_C(430),
        UINT32_C(330),
        {0x71,0xA7,0x9C,0xF2,0x14,0x09,0x3F,0x30,0x5D,0xF6,0xEE,0x14,0xEC,0xE3,0x5D,0xED,0x1B,0xB4,0x2B,0x72,0x94,0x73,0x97,0xE6,0xAD,0x63,0xCB,0x4B,0xD4,0x3D,0xB5,0x09},
        {0x93,0x31,0xC7,0xCF,0x8E,0xFB,0x51,0xDE,0x50,0x06,0x61,0x0D,0x25,0x39,0x03,0xDD,0x01,0xA8,0x0B,0x93,0xB4,0x55,0x0F,0x7B,0x03,0x74,0xFC,0x23,0x98,0xCA,0x4F,0x3F},
    },
    {
        UINT32_C(68646),
        UINT64_C(0x8A2F5C7F40474639),
        UINT32_C(1024),
        UINT32_C(600),
        {0x14,0x17,0x58,0x35,0xCC,0x8D,0xAF,0x4B,0x13,0x48,0x34,0xF2,0x9F,0x04,0xBF,0x2F,0xB2,0xCB,0x34,0xD0,0x71,0xCE,0xF9,0x1D,0xBB,0x82,0x32,0xD4,0x5E,0xB9,0xFF,0x9A},
        {0x81,0x0A,0xBC,0x25,0x0F,0xB9,0xB6,0x97,0x79,0x37,0xE1,0x7F,0xD7,0x99,0x11,0x3D,0x44,0x76,0x80,0xBD,0x79,0xE5,0x2F,0x1B,0xF0,0xEB,0xE9,0x36,0x50,0xCF,0xFD,0x24},
    },
    {
        UINT32_C(69162),
        UINT64_C(0x92627D14DD0FEF0F),
        UINT32_C(1075),
        UINT32_C(660),
        {0x16,0x93,0x4B,0xCE,0xB7,0x84,0x82,0x77,0x8B,0x22,0x4C,0xE3,0x88,0x3F,0xAC,0x7B,0x6E,0xEB,0x55,0x0B,0xB3,0xD7,0x40,0x9C,0x11,0x9D,0x98,0x8A,0xD5,0x98,0x99,0xED},
        {0x7B,0x8F,0xED,0xDB,0x22,0xF7,0x5C,0x37,0xF3,0x5A,0x2A,0xEC,0x85,0x26,0x21,0x79,0x02,0x29,0xC8,0x55,0x19,0xE2,0xBD,0xD6,0x5C,0x01,0xD2,0x7A,0xB5,0x80,0xDC,0xEE},
    },
    {
        UINT32_C(69288),
        UINT64_C(0xE93344F364E4BB4D),
        UINT32_C(1075),
        UINT32_C(660),
        {0x96,0xFC,0x63,0x09,0x27,0xC4,0x73,0x7F,0x2F,0x77,0xEF,0x63,0x6E,0x1A,0x2A,0xA9,0x4C,0x6C,0x17,0xEA,0x8F,0x0B,0x33,0x50,0x10,0x6A,0x91,0xDA,0x78,0xB0,0x4D,0x86},
        {0x20,0x0D,0x96,0x42,0xD9,0x8C,0x42,0x1B,0xA7,0xCC,0xF2,0xC1,0x02,0x4A,0x68,0x1A,0xD2,0x3A,0xDA,0x40,0x6F,0xD7,0xE0,0x4C,0x07,0xC1,0x78,0xA9,0x2D,0x93,0x1E,0xE6},
    },
    {
        UINT32_C(70256),
        UINT64_C(0xA080CA0E85EDBFB2),
        UINT32_C(1075),
        UINT32_C(660),
        {0x96,0xFC,0x63,0x09,0x27,0xC4,0x73,0x7F,0x2F,0x77,0xEF,0x63,0x6E,0x1A,0x2A,0xA9,0x4C,0x6C,0x17,0xEA,0x8F,0x0B,0x33,0x50,0x10,0x6A,0x91,0xDA,0x78,0xB0,0x4D,0x86},
        {0x20,0x0D,0x96,0x42,0xD9,0x8C,0x42,0x1B,0xA7,0xCC,0xF2,0xC1,0x02,0x4A,0x68,0x1A,0xD2,0x3A,0xDA,0x40,0x6F,0xD7,0xE0,0x4C,0x07,0xC1,0x78,0xA9,0x2D,0x93,0x1E,0xE6},
    },
    {
        UINT32_C(71234),
        UINT64_C(0x2DB560618F445F37),
        UINT32_C(1024),
        UINT32_C(600),
        {0x7D,0x58,0xDD,0x84,0x05,0xAF,0xB8,0x0B,0xC9,0x2E,0x9A,0x69,0xF5,0x59,0xAC,0x60,0x2C,0x8E,0x54,0x93,0x58,0xE7,0x9A,0xB3,0xC0,0x41,0x39,0xFD,0xB2,0x4E,0x3A,0xC0},
        {0x5A,0x7C,0x83,0xBC,0x8F,0x24,0x9F,0xB9,0xE9,0x29,0x3A,0xB1,0x88,0x4F,0xB5,0xD6,0x1A,0x0F,0xAB,0xAA,0x94,0x6F,0x7A,0xD1,0xAC,0xBA,0x78,0x67,0x84,0x7C,0x71,0x90},
    },
    {
        UINT32_C(71262),
        UINT64_C(0xD4A7A4F854827652),
        UINT32_C(303),
        UINT32_C(210),
        {0x7F,0x1D,0x80,0xD9,0x08,0x94,0xFA,0x29,0xE6,0x45,0x13,0x67,0x47,0xC0,0xA8,0x37,0x86,0x91,0x84,0xA6,0xDC,0x2B,0x42,0x6A,0x30,0x44,0x3B,0xB9,0x5A,0x04,0x49,0x26},
        {0xF9,0x37,0xC6,0x14,0xFD,0x2D,0x17,0x81,0xC2,0x5A,0xEB,0xEE,0x42,0xC8,0x7F,0x28,0x2D,0x29,0x87,0x5F,0xC9,0xEA,0x52,0x33,0xFA,0x42,0x84,0x03,0xB0,0x22,0xE1,0xAA},
    },
    {
        UINT32_C(77330),
        UINT64_C(0xF4E004A2303EFFDC),
        UINT32_C(1075),
        UINT32_C(660),
        {0x16,0x93,0x4B,0xCE,0xB7,0x84,0x82,0x77,0x8B,0x22,0x4C,0xE3,0x88,0x3F,0xAC,0x7B,0x6E,0xEB,0x55,0x0B,0xB3,0xD7,0x40,0x9C,0x11,0x9D,0x98,0x8A,0xD5,0x98,0x99,0xED},
        {0x7B,0x8F,0xED,0xDB,0x22,0xF7,0x5C,0x37,0xF3,0x5A,0x2A,0xEC,0x85,0x26,0x21,0x79,0x02,0x29,0xC8,0x55,0x19,0xE2,0xBD,0xD6,0x5C,0x01,0xD2,0x7A,0xB5,0x80,0xDC,0xEE},
    },
    {
        UINT32_C(77374),
        UINT64_C(0x21746A9534D06EE3),
        UINT32_C(1280),
        UINT32_C(750),
        {0x6E,0x48,0x86,0x2F,0x03,0xA1,0x6E,0xB8,0x69,0xA6,0xA6,0xD1,0x6E,0x33,0x1C,0xF1,0x79,0x95,0x93,0x0A,0x19,0x3A,0x02,0x39,0xFE,0xB7,0x25,0xA7,0xED,0x9F,0x37,0x61},
        {0xBA,0x09,0x5C,0xC6,0x08,0x95,0x53,0xF9,0x96,0x44,0x84,0xC6,0x91,0x5D,0x9B,0x1F,0x16,0x9B,0xED,0xB9,0xD3,0xA2,0x4F,0x4B,0x08,0x14,0x41,0x52,0x95,0x97,0x8E,0x91},
    },
    {
        UINT32_C(78942),
        UINT64_C(0xEF483CBBF8EAC053),
        UINT32_C(430),
        UINT32_C(330),
        {0x7C,0x53,0xC7,0xFF,0x4B,0x48,0x2D,0x6E,0xD3,0x4F,0xDB,0x70,0x66,0x09,0x6A,0xFB,0x01,0x15,0xBE,0x29,0x35,0x1F,0x25,0x8F,0x5E,0x29,0x0C,0x81,0xAB,0x34,0x53,0x0D},
        {0x86,0x10,0x42,0xE3,0x99,0xE0,0x66,0x1A,0xD8,0xA7,0xE9,0xE3,0xDE,0xA1,0x1E,0x34,0x5F,0x3D,0xAB,0x6C,0x1E,0xD3,0x41,0x78,0x4C,0xB5,0xD6,0xA4,0x6D,0x6B,0xD5,0xFE},
    },
    {
        UINT32_C(79148),
        UINT64_C(0x7E804EA998E303BC),
        UINT32_C(1024),
        UINT32_C(600),
        {0x91,0x7A,0x85,0x80,0x99,0x8D,0x43,0x53,0xDA,0xC9,0xD4,0xCE,0xDF,0xFE,0x81,0xBC,0x8F,0xB4,0xC2,0x93,0xD6,0xFC,0x99,0x44,0x2E,0xBE,0xB8,0x13,0xA1,0x70,0xDB,0xFD},
        {0xD7,0x09,0x0E,0x46,0x3D,0x24,0x30,0xBE,0x7C,0x93,0x0D,0xCD,0x37,0x73,0xD0,0xD5,0x86,0x02,0x91,0x33,0xAE,0x25,0xAE,0x77,0x2C,0x06,0x6F,0xFF,0xE8,0xF7,0x2F,0x79},
    },
    {
        UINT32_C(82442),
        UINT64_C(0xE1411701B21C3264),
        UINT32_C(430),
        UINT32_C(330),
        {0x5A,0x10,0x86,0x3C,0x68,0xAA,0x4F,0x4C,0x17,0x03,0x9C,0xD2,0x67,0x10,0x70,0x8D,0x04,0x00,0x30,0x85,0x84,0xCD,0x00,0xB3,0x97,0x61,0xE9,0x8F,0x17,0x6E,0x08,0x7A},
        {0xE0,0xEA,0xFF,0x0F,0x7B,0xF2,0xE6,0x0D,0x95,0x28,0xBC,0xA9,0x46,0x0C,0x9F,0xE5,0x73,0xB4,0xCD,0xF5,0x49,0x8A,0x86,0x34,0x49,0x5A,0x86,0x6B,0x23,0x87,0x99,0xD5},
    },
    {
        UINT32_C(83624),
        UINT64_C(0x0569D4DD38907A13),
        UINT32_C(303),
        UINT32_C(210),
        {0x7F,0x1D,0x80,0xD9,0x08,0x94,0xFA,0x29,0xE6,0x45,0x13,0x67,0x47,0xC0,0xA8,0x37,0x86,0x91,0x84,0xA6,0xDC,0x2B,0x42,0x6A,0x30,0x44,0x3B,0xB9,0x5A,0x04,0x49,0x26},
        {0xF9,0x37,0xC6,0x14,0xFD,0x2D,0x17,0x81,0xC2,0x5A,0xEB,0xEE,0x42,0xC8,0x7F,0x28,0x2D,0x29,0x87,0x5F,0xC9,0xEA,0x52,0x33,0xFA,0x42,0x84,0x03,0xB0,0x22,0xE1,0xAA},
    },
    {
        UINT32_C(86000),
        UINT64_C(0x61B6BE009172AFA2),
        UINT32_C(1024),
        UINT32_C(600),
        {0x91,0x7A,0x85,0x80,0x99,0x8D,0x43,0x53,0xDA,0xC9,0xD4,0xCE,0xDF,0xFE,0x81,0xBC,0x8F,0xB4,0xC2,0x93,0xD6,0xFC,0x99,0x44,0x2E,0xBE,0xB8,0x13,0xA1,0x70,0xDB,0xFD},
        {0xD7,0x09,0x0E,0x46,0x3D,0x24,0x30,0xBE,0x7C,0x93,0x0D,0xCD,0x37,0x73,0xD0,0xD5,0x86,0x02,0x91,0x33,0xAE,0x25,0xAE,0x77,0x2C,0x06,0x6F,0xFF,0xE8,0xF7,0x2F,0x79},
    },
    {
        UINT32_C(86616),
        UINT64_C(0xCF758290611B5B22),
        UINT32_C(369),
        UINT32_C(750),
        {0xFE,0x1C,0x9F,0x54,0x60,0xE8,0x77,0xFC,0xC7,0x59,0x23,0x10,0x0E,0x7A,0x91,0xE4,0x90,0x50,0x76,0x93,0x0E,0x8E,0x4A,0xCD,0x95,0x6D,0xAE,0xB8,0x46,0xC9,0xCD,0x94},
        {0x06,0xE8,0x30,0x40,0xE9,0x8B,0xEF,0x02,0x95,0xCF,0x5C,0xB3,0x46,0xB0,0x37,0x03,0x8A,0xEA,0x63,0xB6,0x94,0x01,0x03,0x0A,0xFE,0xA3,0x2A,0x17,0xFC,0x45,0x60,0x7E},
    },
    {
        UINT32_C(87378),
        UINT64_C(0x0353C885F232DA59),
        UINT32_C(1075),
        UINT32_C(660),
        {0xD6,0xD6,0x87,0xD0,0xBF,0xA4,0x8E,0x5C,0x82,0xED,0xC1,0xAD,0xBB,0x4D,0x64,0xBA,0x6A,0x84,0x73,0xEF,0x74,0xB1,0xD2,0xA5,0x2E,0xD2,0xAC,0xC3,0x8A,0x79,0x8A,0x77},
        {0x60,0x01,0x0D,0x92,0x0B,0x70,0x90,0x60,0xFF,0x52,0xFF,0xCB,0x9E,0x32,0x72,0x40,0x0C,0xB1,0x5D,0x4E,0x0D,0x19,0x24,0xF1,0x46,0xB5,0x90,0x50,0xA4,0xBE,0x2A,0x21},
    },
    {
        UINT32_C(88662),
        UINT64_C(0xE073E1CFA6ED04F9),
        UINT32_C(1075),
        UINT32_C(660),
        {0xD6,0xD6,0x87,0xD0,0xBF,0xA4,0x8E,0x5C,0x82,0xED,0xC1,0xAD,0xBB,0x4D,0x64,0xBA,0x6A,0x84,0x73,0xEF,0x74,0xB1,0xD2,0xA5,0x2E,0xD2,0xAC,0xC3,0x8A,0x79,0x8A,0x77},
        {0x60,0x01,0x0D,0x92,0x0B,0x70,0x90,0x60,0xFF,0x52,0xFF,0xCB,0x9E,0x32,0x72,0x40,0x0C,0xB1,0x5D,0x4E,0x0D,0x19,0x24,0xF1,0x46,0xB5,0x90,0x50,0xA4,0xBE,0x2A,0x21},
    },
    {
        UINT32_C(88912),
        UINT64_C(0xF90C180DF987D0B8),
        UINT32_C(430),
        UINT32_C(330),
        {0x23,0x32,0xBE,0xE8,0x26,0x3F,0x8E,0x76,0xCA,0x02,0xBC,0x5C,0xA7,0xDE,0xDB,0xE7,0x00,0xE4,0xA5,0x8E,0xA5,0x50,0x66,0x57,0xF9,0x13,0x83,0x06,0x22,0xAC,0x4A,0xFD},
        {0xAE,0x7F,0x79,0x46,0x61,0xEF,0x20,0xD6,0x50,0xCC,0x36,0x35,0x98,0x71,0x57,0xFF,0x42,0x5F,0xA9,0x9F,0x5D,0xD1,0x03,0xD2,0xA0,0x52,0x33,0x86,0x9B,0x31,0x11,0x3D},
    },
    {
        UINT32_C(89438),
        UINT64_C(0x9395D76F16B71610),
        UINT32_C(1086),
        UINT32_C(507),
        {0x77,0x06,0x2D,0xB2,0xD3,0xFF,0x63,0xE3,0xF3,0x99,0xB0,0xA2,0x79,0xFA,0x7C,0x98,0x71,0xE0,0x8C,0xFD,0xFB,0x52,0x08,0xBC,0x10,0x1E,0xBD,0x46,0xBB,0xA2,0x5D,0x44},
        {0x61,0x01,0xDF,0x1A,0x8E,0xD1,0xF1,0x7F,0xB2,0x4C,0x4B,0x6E,0xFC,0xB7,0x24,0x29,0xEF,0x27,0xB1,0x1C,0x5D,0xD1,0x79,0x88,0x07,0x34,0xD8,0x01,0x50,0xC9,0x8D,0xA4},
    },
    {
        UINT32_C(89574),
        UINT64_C(0x335DEFC67D412F5D),
        UINT32_C(1086),
        UINT32_C(507),
        {0x44,0x9F,0xDD,0x01,0x1F,0xBD,0x77,0x65,0x75,0xD0,0x74,0x0F,0xF8,0x24,0x39,0x1D,0xA0,0x71,0x84,0x72,0xAF,0x50,0xB1,0x9F,0xD2,0xC8,0x88,0xE5,0xBA,0xC4,0xC6,0x7C},
        {0x00,0xD7,0xF8,0x9E,0x6D,0x7A,0xA9,0x3B,0xB9,0xFD,0x07,0x06,0x04,0xB0,0xD6,0x29,0x9B,0xCD,0x12,0x30,0x39,0xB0,0xAC,0x1A,0xA2,0x75,0xA2,0x7A,0x23,0xC4,0x70,0xF3},
    },
    {
        UINT32_C(89654),
        UINT64_C(0xC7435CABF678C05E),
        UINT32_C(1086),
        UINT32_C(507),
        {0x52,0x38,0x94,0x41,0xAB,0x04,0xE6,0x64,0xDE,0x15,0x8B,0xAD,0x1C,0xFE,0x14,0x00,0xD0,0x56,0x94,0x51,0xDB,0xF1,0x58,0xC7,0x62,0xE4,0xED,0xAA,0x1F,0xA0,0x1D,0x37},
        {0x23,0xCC,0xFC,0x99,0xBD,0xF3,0x08,0x14,0x95,0x68,0x2F,0x7E,0x95,0x5D,0x5C,0x5D,0x78,0xFC,0x8A,0x2A,0x65,0x38,0xDD,0x59,0xFD,0x4A,0x49,0xCE,0x72,0x91,0xF9,0x05},
    },
    {
        UINT32_C(89714),
        UINT64_C(0x9705B4273F57FEA2),
        UINT32_C(1086),
        UINT32_C(507),
        {0x9A,0x4A,0x74,0xA3,0xC7,0x64,0x38,0x3F,0xC5,0xC3,0x1B,0x53,0x75,0xC9,0x4B,0x2A,0x1F,0xC2,0xE8,0x7C,0x5F,0x6C,0xEE,0x2B,0x1D,0xAF,0x78,0x99,0x31,0x8B,0xDA,0xDC},
        {0x19,0x29,0xF2,0xBB,0x9C,0xAF,0x95,0x8A,0xC8,0xC6,0x04,0xB4,0xB3,0x51,0x28,0x84,0x11,0x17,0x25,0xC7,0xB7,0x32,0xDA,0x10,0x4A,0x80,0x8B,0xC8,0x4B,0xA7,0xF2,0xE6},
    },
    {
        UINT32_C(90496),
        UINT64_C(0x840E1CFEBD8E31EB),
        UINT32_C(1086),
        UINT32_C(507),
        {0x44,0x9F,0xDD,0x01,0x1F,0xBD,0x77,0x65,0x75,0xD0,0x74,0x0F,0xF8,0x24,0x39,0x1D,0xA0,0x71,0x84,0x72,0xAF,0x50,0xB1,0x9F,0xD2,0xC8,0x88,0xE5,0xBA,0xC4,0xC6,0x7C},
        {0x00,0xD7,0xF8,0x9E,0x6D,0x7A,0xA9,0x3B,0xB9,0xFD,0x07,0x06,0x04,0xB0,0xD6,0x29,0x9B,0xCD,0x12,0x30,0x39,0xB0,0xAC,0x1A,0xA2,0x75,0xA2,0x7A,0x23,0xC4,0x70,0xF3},
    },
    {
        UINT32_C(90604),
        UINT64_C(0x8036FAC0D10D7262),
        UINT32_C(1086),
        UINT32_C(507),
        {0x9A,0x4A,0x74,0xA3,0xC7,0x64,0x38,0x3F,0xC5,0xC3,0x1B,0x53,0x75,0xC9,0x4B,0x2A,0x1F,0xC2,0xE8,0x7C,0x5F,0x6C,0xEE,0x2B,0x1D,0xAF,0x78,0x99,0x31,0x8B,0xDA,0xDC},
        {0x19,0x29,0xF2,0xBB,0x9C,0xAF,0x95,0x8A,0xC8,0xC6,0x04,0xB4,0xB3,0x51,0x28,0x84,0x11,0x17,0x25,0xC7,0xB7,0x32,0xDA,0x10,0x4A,0x80,0x8B,0xC8,0x4B,0xA7,0xF2,0xE6},
    },
    {
        UINT32_C(90662),
        UINT64_C(0xECC44C6E25B9C363),
        UINT32_C(1086),
        UINT32_C(507),
        {0x52,0x38,0x94,0x41,0xAB,0x04,0xE6,0x64,0xDE,0x15,0x8B,0xAD,0x1C,0xFE,0x14,0x00,0xD0,0x56,0x94,0x51,0xDB,0xF1,0x58,0xC7,0x62,0xE4,0xED,0xAA,0x1F,0xA0,0x1D,0x37},
        {0x23,0xCC,0xFC,0x99,0xBD,0xF3,0x08,0x14,0x95,0x68,0x2F,0x7E,0x95,0x5D,0x5C,0x5D,0x78,0xFC,0x8A,0x2A,0x65,0x38,0xDD,0x59,0xFD,0x4A,0x49,0xCE,0x72,0x91,0xF9,0x05},
    },
    {
        UINT32_C(90980),
        UINT64_C(0x7429CDBDC662F87A),
        UINT32_C(1086),
        UINT32_C(507),
        {0x77,0x06,0x2D,0xB2,0xD3,0xFF,0x63,0xE3,0xF3,0x99,0xB0,0xA2,0x79,0xFA,0x7C,0x98,0x71,0xE0,0x8C,0xFD,0xFB,0x52,0x08,0xBC,0x10,0x1E,0xBD,0x46,0xBB,0xA2,0x5D,0x44},
        {0x61,0x01,0xDF,0x1A,0x8E,0xD1,0xF1,0x7F,0xB2,0x4C,0x4B,0x6E,0xFC,0xB7,0x24,0x29,0xEF,0x27,0xB1,0x1C,0x5D,0xD1,0x79,0x88,0x07,0x34,0xD8,0x01,0x50,0xC9,0x8D,0xA4},
    },
    {
        UINT32_C(98838),
        UINT64_C(0x1480A854E174B031),
        UINT32_C(430),
        UINT32_C(330),
        {0x33,0xC8,0x7F,0x36,0x0A,0xFB,0xD2,0xCD,0xE7,0x7D,0x85,0xD6,0x97,0x5B,0xA2,0xE1,0x63,0x0B,0x93,0x89,0x10,0xBE,0xB9,0xCF,0xC7,0x0D,0x71,0x1F,0xF8,0x91,0x73,0xC5},
        {0x5A,0x28,0xEE,0x56,0x5B,0xCD,0x3B,0x3C,0x42,0xCB,0x53,0x71,0x68,0x19,0x74,0x5A,0xD4,0xC6,0x3D,0x29,0xA0,0xAD,0x86,0x39,0x5D,0x4C,0x8F,0x21,0x4D,0xE7,0xB9,0x1A},
    },
    {
        UINT32_C(101980),
        UINT64_C(0xCA269F5FA246F17A),
        UINT32_C(1280),
        UINT32_C(750),
        {0x51,0x18,0x0F,0x89,0x77,0x7B,0xE7,0x1C,0xA9,0x5D,0x54,0x4B,0xC6,0xCA,0x8A,0x68,0x8C,0xF7,0x6E,0x6B,0x41,0xBD,0xC7,0xF7,0xB5,0x5D,0x48,0x49,0x88,0x30,0xC8,0xCF},
        {0x00,0x28,0x15,0x6F,0xE2,0x40,0x7C,0x4A,0xB6,0x0A,0x10,0x49,0x5F,0x3C,0x18,0x65,0x98,0xC5,0xF4,0x2A,0xF2,0x76,0x5C,0x3D,0xB7,0xD3,0xDE,0x9F,0x17,0xB2,0x3A,0xC9},
    },
    {
        UINT32_C(103662),
        UINT64_C(0xF7BC3D37AE967A5A),
        UINT32_C(1024),
        UINT32_C(600),
        {0x93,0x56,0x32,0x35,0x4A,0xA2,0xCB,0xE4,0x8C,0xF7,0x4A,0x9B,0x94,0x70,0xCD,0x6E,0xE9,0x1D,0x84,0x45,0x42,0x85,0xB1,0x23,0x47,0xFF,0xF6,0x30,0xC3,0x17,0xB7,0xD1},
        {0x11,0xD1,0xCC,0x92,0x84,0xEC,0x88,0xF4,0x9D,0x88,0x92,0xD9,0xBE,0xBD,0x5D,0xA6,0x32,0xB4,0x62,0x2F,0xC3,0x1C,0x74,0x42,0x49,0x5B,0xC0,0x9F,0x32,0x7A,0xCC,0x3A},
    },
    {
        UINT32_C(104642),
        UINT64_C(0x4BCBA920886221DC),
        UINT32_C(1024),
        UINT32_C(600),
        {0xBF,0xB9,0xD7,0x87,0x1D,0x44,0x54,0xB7,0x80,0x60,0x58,0x6F,0x2F,0x7B,0x0C,0xC4,0x5F,0x4A,0x43,0xF5,0x50,0x87,0x07,0xBD,0x8E,0x0D,0x84,0xE2,0x96,0x22,0x82,0xCF},
        {0x9E,0xF7,0x7F,0x5E,0xF4,0x4B,0x9E,0xBB,0x4E,0xC2,0x6F,0x84,0x4C,0xFF,0x79,0x0E,0xD9,0x57,0xC2,0x04,0x71,0x5C,0x21,0xF9,0x4F,0x6B,0x6C,0x2A,0xD9,0x41,0x41,0x2B},
    },
    {
        UINT32_C(106524),
        UINT64_C(0xA57E9FFC4C7FA3E7),
        UINT32_C(500),
        UINT32_C(580),
        {0xCE,0x16,0x68,0xE4,0x7A,0x3C,0xC6,0x58,0x2B,0x98,0xA2,0x81,0x33,0x74,0x9D,0x90,0x9F,0xEB,0xBF,0x18,0x27,0x96,0x24,0x3C,0x47,0x78,0x82,0x66,0xF8,0x3E,0x8D,0xC0},
        {0x0C,0xB6,0xB3,0xC7,0x7E,0x5A,0x34,0x23,0x0C,0x3C,0xD2,0x35,0x12,0xBE,0xC0,0xAD,0x94,0x22,0x86,0x44,0x6D,0x22,0xBD,0x8F,0x88,0x8E,0x97,0x94,0x42,0x85,0xB4,0x93},
    },
    {
        UINT32_C(106602),
        UINT64_C(0xBD533905E9980870),
        UINT32_C(500),
        UINT32_C(580),
        {0x2B,0x5E,0xD8,0x63,0x0A,0xC4,0x0F,0xB8,0xCC,0x56,0xF6,0x6F,0x7C,0x69,0x42,0xCF,0x3D,0x11,0xF7,0x77,0xE4,0x14,0xD6,0xB8,0x94,0x98,0x28,0x18,0xDA,0xF9,0xD1,0xEE},
        {0xCF,0x32,0x5C,0x47,0xF7,0x5A,0x3B,0x9E,0xF6,0x8D,0x66,0x17,0x25,0xAC,0x57,0x8D,0xEC,0xFD,0xD6,0x3D,0x0D,0x90,0x5C,0x6D,0x54,0x87,0xBF,0x7A,0xB2,0x03,0x59,0xC8},
    },
    {
        UINT32_C(106756),
        UINT64_C(0x91F3B0028A382460),
        UINT32_C(1024),
        UINT32_C(600),
        {0x7F,0x02,0x14,0x87,0x1E,0x33,0xF6,0x8B,0x83,0x84,0xC8,0xF3,0x8C,0xC1,0x5F,0x1F,0x0E,0xDD,0x70,0x7E,0xE8,0xFC,0xCB,0xD1,0x2B,0xFA,0x62,0xA7,0x19,0x77,0x85,0x64},
        {0x3E,0xCE,0xBD,0x90,0x59,0x4F,0xBB,0xC0,0xF2,0xAC,0x01,0xBE,0xF8,0x02,0xC5,0x3A,0x5D,0xBD,0x6F,0x08,0xCE,0x0B,0x06,0x33,0xE9,0xD5,0x46,0xDE,0x35,0xB8,0x32,0xCE},
    },
    {
        UINT32_C(107206),
        UINT64_C(0xF4CD0FE986E97AA4),
        UINT32_C(1024),
        UINT32_C(600),
        {0x93,0x56,0x32,0x35,0x4A,0xA2,0xCB,0xE4,0x8C,0xF7,0x4A,0x9B,0x94,0x70,0xCD,0x6E,0xE9,0x1D,0x84,0x45,0x42,0x85,0xB1,0x23,0x47,0xFF,0xF6,0x30,0xC3,0x17,0xB7,0xD1},
        {0x11,0xD1,0xCC,0x92,0x84,0xEC,0x88,0xF4,0x9D,0x88,0x92,0xD9,0xBE,0xBD,0x5D,0xA6,0x32,0xB4,0x62,0x2F,0xC3,0x1C,0x74,0x42,0x49,0x5B,0xC0,0x9F,0x32,0x7A,0xCC,0x3A},
    },
    {
        UINT32_C(108288),
        UINT64_C(0xE462A501D12AE5E8),
        UINT32_C(1024),
        UINT32_C(600),
        {0xBF,0xB9,0xD7,0x87,0x1D,0x44,0x54,0xB7,0x80,0x60,0x58,0x6F,0x2F,0x7B,0x0C,0xC4,0x5F,0x4A,0x43,0xF5,0x50,0x87,0x07,0xBD,0x8E,0x0D,0x84,0xE2,0x96,0x22,0x82,0xCF},
        {0x9E,0xF7,0x7F,0x5E,0xF4,0x4B,0x9E,0xBB,0x4E,0xC2,0x6F,0x84,0x4C,0xFF,0x79,0x0E,0xD9,0x57,0xC2,0x04,0x71,0x5C,0x21,0xF9,0x4F,0x6B,0x6C,0x2A,0xD9,0x41,0x41,0x2B},
    },
    {
        UINT32_C(109370),
        UINT64_C(0xC0EA956F3EF56DCD),
        UINT32_C(1024),
        UINT32_C(600),
        {0x95,0xB2,0x46,0x6B,0x9E,0x16,0x09,0x80,0xBC,0xC7,0x1B,0x33,0x2A,0x4D,0xA9,0x89,0xE9,0xB1,0xDF,0xA3,0x59,0x9D,0x13,0xF0,0xA5,0xFA,0xEA,0x06,0x87,0xB9,0x45,0xA5},
        {0xB8,0x84,0x3D,0x2C,0xD3,0x9A,0x63,0x99,0x28,0x6B,0x36,0xD7,0xF5,0x4B,0x8D,0x3D,0xFE,0x5E,0xFD,0xBF,0xA4,0xD3,0xF1,0xF3,0x38,0x0F,0x16,0xAF,0x43,0x1D,0x66,0x4C},
    },
    {
        UINT32_C(112504),
        UINT64_C(0xDCABD476B022625F),
        UINT32_C(1024),
        UINT32_C(600),
        {0x33,0xF8,0x22,0x7E,0xE8,0xFC,0xCC,0x86,0x12,0x77,0x2F,0x09,0x96,0x12,0x86,0xF8,0x0D,0xC7,0x9B,0x34,0xB1,0x68,0x28,0xF1,0xD6,0xCF,0x94,0x91,0x7B,0x3E,0x6C,0xDC},
        {0x7F,0x6E,0xCF,0x15,0xE9,0x85,0x52,0xF2,0xA0,0x42,0x16,0x9A,0xBA,0x21,0x84,0x53,0x0C,0xD4,0x5A,0x97,0xD3,0x14,0xF2,0xCA,0xEA,0x68,0xEE,0x6D,0xDA,0x88,0xD9,0x6A},
    },
    {
        UINT32_C(114892),
        UINT64_C(0xE1BDDFDB7856D99B),
        UINT32_C(1024),
        UINT32_C(600),
        {0x6A,0xF6,0xAC,0x1A,0xE3,0x54,0xF2,0x01,0x13,0x13,0xB3,0x7C,0x0D,0xFE,0x0B,0xB0,0x95,0x6B,0x44,0x07,0x71,0x64,0x1D,0xF1,0xCB,0x06,0x5A,0x79,0xFE,0x4B,0x64,0x75},
        {0xB7,0xF9,0x45,0xAB,0xF3,0x37,0x94,0xEB,0x41,0xAB,0x10,0xE7,0xC4,0xAD,0x41,0x86,0xB3,0x83,0xE4,0xC5,0x3D,0xEC,0x25,0x45,0xA7,0x89,0x40,0x27,0x90,0xBF,0x3F,0x1E},
    },
    {
        UINT32_C(116832),
        UINT64_C(0x66CC9050BABED021),
        UINT32_C(1075),
        UINT32_C(660),
        {0x21,0x67,0x91,0x36,0x1F,0x13,0x20,0x52,0xD9,0xB6,0xDA,0x61,0x8F,0x2E,0x45,0x4E,0x50,0xAF,0x94,0xD9,0x48,0x28,0x6C,0x80,0xF9,0xD3,0xDF,0x64,0x75,0x85,0x4C,0x30},
        {0x78,0x29,0x6D,0xD3,0x42,0x15,0x50,0xDD,0x74,0x1A,0xA4,0x77,0x3D,0xEF,0x45,0x89,0x4C,0xE7,0x4F,0x52,0x94,0xAF,0x2D,0x09,0x32,0xBB,0xC8,0x38,0x4F,0xE1,0x4B,0x0E},
    },
    {
        UINT32_C(117152),
        UINT64_C(0x711E52C0F323AFEC),
        UINT32_C(1075),
        UINT32_C(660),
        {0x21,0x67,0x91,0x36,0x1F,0x13,0x20,0x52,0xD9,0xB6,0xDA,0x61,0x8F,0x2E,0x45,0x4E,0x50,0xAF,0x94,0xD9,0x48,0x28,0x6C,0x80,0xF9,0xD3,0xDF,0x64,0x75,0x85,0x4C,0x30},
        {0x78,0x29,0x6D,0xD3,0x42,0x15,0x50,0xDD,0x74,0x1A,0xA4,0x77,0x3D,0xEF,0x45,0x89,0x4C,0xE7,0x4F,0x52,0x94,0xAF,0x2D,0x09,0x32,0xBB,0xC8,0x38,0x4F,0xE1,0x4B,0x0E},
    },
    {
        UINT32_C(118520),
        UINT64_C(0x86E4D286CDD89236),
        UINT32_C(1024),
        UINT32_C(600),
        {0x95,0xB2,0x46,0x6B,0x9E,0x16,0x09,0x80,0xBC,0xC7,0x1B,0x33,0x2A,0x4D,0xA9,0x89,0xE9,0xB1,0xDF,0xA3,0x59,0x9D,0x13,0xF0,0xA5,0xFA,0xEA,0x06,0x87,0xB9,0x45,0xA5},
        {0xB8,0x84,0x3D,0x2C,0xD3,0x9A,0x63,0x99,0x28,0x6B,0x36,0xD7,0xF5,0x4B,0x8D,0x3D,0xFE,0x5E,0xFD,0xBF,0xA4,0xD3,0xF1,0xF3,0x38,0x0F,0x16,0xAF,0x43,0x1D,0x66,0x4C},
    },
    {
        UINT32_C(118614),
        UINT64_C(0x13C15E811061B694),
        UINT32_C(1024),
        UINT32_C(600),
        {0x4A,0xE7,0xCB,0xB4,0x76,0x0D,0xDA,0xD0,0x36,0xE5,0x4B,0x12,0x99,0x12,0xC2,0x7C,0xEF,0x6C,0x30,0xF4,0x42,0x9C,0x3C,0x66,0x3F,0xC6,0xD0,0xDF,0xA9,0xD6,0x48,0x92},
        {0x9F,0x15,0x62,0xD5,0xF5,0x94,0x38,0x55,0x2E,0x71,0x74,0xFB,0x50,0xD0,0x69,0xF8,0xF4,0xE7,0x68,0x76,0x78,0x26,0x8C,0xAD,0x51,0x50,0xD3,0xA9,0x0B,0x10,0xD9,0x76},
    },
    {
        UINT32_C(119960),
        UINT64_C(0xB6515FAAA799337F),
        UINT32_C(1024),
        UINT32_C(600),
        {0xE1,0x7B,0xD8,0xC4,0xEE,0x06,0xD6,0x84,0x71,0x5B,0x3F,0xD1,0x13,0x6C,0x1F,0x03,0x62,0x20,0xBA,0xED,0xB7,0xCE,0xA8,0x4D,0x41,0xEF,0x8F,0x0B,0xF1,0x61,0xA4,0x0E},
        {0x1E,0x9E,0x6B,0x7D,0x0F,0x26,0x2E,0x90,0xB2,0xEF,0xA9,0x2D,0x6C,0x15,0xDF,0x4F,0x84,0x01,0xBE,0x5A,0xC2,0xFD,0x30,0x46,0xDD,0xFE,0x89,0x57,0x4A,0x91,0x17,0xDC},
    },
    {
        UINT32_C(121396),
        UINT64_C(0xE65F919FC4CC6E32),
        UINT32_C(1024),
        UINT32_C(600),
        {0x4A,0xE7,0xCB,0xB4,0x76,0x0D,0xDA,0xD0,0x36,0xE5,0x4B,0x12,0x99,0x12,0xC2,0x7C,0xEF,0x6C,0x30,0xF4,0x42,0x9C,0x3C,0x66,0x3F,0xC6,0xD0,0xDF,0xA9,0xD6,0x48,0x92},
        {0x9F,0x15,0x62,0xD5,0xF5,0x94,0x38,0x55,0x2E,0x71,0x74,0xFB,0x50,0xD0,0x69,0xF8,0xF4,0xE7,0x68,0x76,0x78,0x26,0x8C,0xAD,0x51,0x50,0xD3,0xA9,0x0B,0x10,0xD9,0x76},
    },
    {
        UINT32_C(123197),
        UINT64_C(0x5F4829579B11A07C),
        UINT32_C(800),
        UINT32_C(600),
        {0x07,0xFF,0x62,0x64,0x6B,0x1F,0x67,0xD5,0xB8,0x42,0x88,0xD6,0x36,0xFC,0x31,0xEB,0xF2,0x19,0xD7,0x92,0x29,0x7C,0x28,0xA4,0xE5,0x24,0x59,0xAC,0x4D,0xDE,0xEE,0x27},
        {0x05,0x46,0x27,0xB0,0x38,0x18,0xCD,0xAE,0x5D,0xCE,0xBC,0xD5,0x0C,0xCD,0x27,0x3A,0x20,0xCD,0xD1,0xDB,0x00,0x53,0x15,0x8C,0xA5,0x50,0x39,0x37,0x72,0x6B,0x8B,0x21},
    },
    {
        UINT32_C(123898),
        UINT64_C(0xA34E01135A5E4B67),
        UINT32_C(1024),
        UINT32_C(600),
        {0x7F,0x02,0x14,0x87,0x1E,0x33,0xF6,0x8B,0x83,0x84,0xC8,0xF3,0x8C,0xC1,0x5F,0x1F,0x0E,0xDD,0x70,0x7E,0xE8,0xFC,0xCB,0xD1,0x2B,0xFA,0x62,0xA7,0x19,0x77,0x85,0x64},
        {0x3E,0xCE,0xBD,0x90,0x59,0x4F,0xBB,0xC0,0xF2,0xAC,0x01,0xBE,0xF8,0x02,0xC5,0x3A,0x5D,0xBD,0x6F,0x08,0xCE,0x0B,0x06,0x33,0xE9,0xD5,0x46,0xDE,0x35,0xB8,0x32,0xCE},
    },
    {
        UINT32_C(123916),
        UINT64_C(0xE91010165C7667B5),
        UINT32_C(800),
        UINT32_C(600),
        {0x9A,0xE6,0x5C,0xE3,0xB6,0xF5,0xA3,0x59,0x51,0x0D,0x37,0x6E,0x8B,0xFE,0x9D,0x93,0x4C,0x85,0x8D,0xA0,0xC7,0xFA,0x50,0x77,0x00,0x6F,0x3D,0x7F,0x75,0x44,0x9D,0xA7},
        {0x3E,0x94,0xF0,0xD6,0xBB,0xD0,0x59,0xAA,0xF6,0xC3,0x24,0xA2,0x56,0x9D,0xDF,0x10,0x50,0xDF,0xE1,0xFE,0xF1,0x32,0x6E,0xE5,0xCB,0x24,0x8A,0x3F,0xA1,0xEA,0xEB,0x4A},
    },
    {
        UINT32_C(124182),
        UINT64_C(0x6C9AD9B168DF03A4),
        UINT32_C(800),
        UINT32_C(600),
        {0xE1,0x7E,0x80,0xDF,0x6E,0x0A,0x94,0xC7,0x91,0x72,0x0A,0x2C,0xA7,0xFB,0xB5,0x2E,0xD0,0xD1,0xA8,0x49,0x34,0xE9,0xDC,0x1F,0x25,0xE7,0x02,0xF8,0x90,0xEC,0x37,0xE5},
        {0xA4,0x95,0x64,0x68,0x06,0xA9,0x73,0x20,0x98,0x9E,0x63,0xDF,0x1C,0xA9,0x90,0x4B,0x50,0x8D,0xB2,0xF4,0x75,0x03,0x1A,0x59,0x94,0x27,0xE4,0x85,0x20,0x1B,0x4F,0x65},
    },
    {
        UINT32_C(124220),
        UINT64_C(0x9EFC27D8B27A1F57),
        UINT32_C(800),
        UINT32_C(600),
        {0x71,0xD1,0x4C,0xE8,0x6E,0x20,0x89,0x86,0xE3,0x47,0x7F,0xD4,0x8E,0x5D,0x63,0x2B,0xB0,0xF8,0x98,0x40,0x1B,0xDD,0xCA,0x54,0xD1,0x32,0x69,0xA4,0x02,0xF3,0x14,0xFB},
        {0x77,0x32,0xBA,0xB9,0xAB,0x95,0xC9,0x77,0xCD,0xBE,0xA2,0x55,0x4C,0x69,0xEC,0x4D,0xCF,0xBA,0x43,0xE0,0x66,0x1D,0x85,0x3A,0x69,0xC3,0x8A,0x58,0x32,0x4A,0x8A,0x49},
    },
    {
        UINT32_C(124429),
        UINT64_C(0x3A02073A5DE72398),
        UINT32_C(800),
        UINT32_C(600),
        {0xE1,0x07,0x4C,0xA6,0x5D,0x1A,0x5F,0x66,0xB6,0x66,0xF9,0x62,0x41,0x3C,0x33,0x3A,0x63,0x1B,0x63,0x31,0x90,0x62,0xED,0xF4,0xBC,0xFA,0x53,0xD3,0x6A,0x40,0x38,0xA4},
        {0x3B,0x44,0x17,0x13,0x9A,0x89,0xA4,0x9D,0x42,0xD7,0x0C,0xF9,0xB7,0x5A,0xA2,0x85,0x8B,0x0C,0xDD,0x7C,0x94,0xC9,0x7C,0x9B,0x02,0x49,0x41,0xB4,0x95,0xBE,0xDB,0xE0},
    },
    {
        UINT32_C(124542),
        UINT64_C(0x657D2D93F7AF6CD8),
        UINT32_C(800),
        UINT32_C(600),
        {0xE8,0x6D,0x3E,0x60,0x1E,0x64,0x24,0xF1,0x68,0x5E,0x2C,0xFE,0x06,0x34,0xCE,0x93,0x21,0x4B,0xD1,0xDD,0x8D,0x61,0x8C,0xE6,0xDC,0x11,0xBE,0xF2,0x5D,0xE4,0xCF,0x03},
        {0x7E,0x3F,0xA4,0x13,0x6F,0xBA,0x39,0x0C,0xE5,0xDD,0x94,0xBC,0xAB,0xA0,0x9F,0x56,0xB7,0x1A,0x75,0x90,0xFE,0x15,0x29,0x53,0xE1,0x4B,0x64,0x53,0x8C,0xFA,0xC8,0x05},
    },
    {
        UINT32_C(124559),
        UINT64_C(0x984471C48DCFDD3C),
        UINT32_C(800),
        UINT32_C(600),
        {0x6C,0x7A,0x3A,0xD5,0x33,0x25,0x9E,0x6B,0x29,0xB7,0xDD,0xDD,0x89,0x90,0x1C,0xD0,0x2A,0x52,0x8E,0x91,0xF5,0xB8,0x67,0x57,0x46,0x24,0x4B,0xCC,0xB0,0xD3,0x7C,0x73},
        {0xDC,0x6C,0x20,0x5C,0x3F,0xC5,0x04,0x71,0xA5,0x34,0xEE,0xD9,0x96,0xF7,0x87,0x3E,0x74,0x47,0x06,0x37,0x88,0xD0,0xA3,0x4D,0x01,0x68,0xD4,0x43,0x3B,0x77,0xB4,0x5F},
    },
    {
        UINT32_C(124580),
        UINT64_C(0xAE6CB200B3428A22),
        UINT32_C(800),
        UINT32_C(600),
        {0x64,0x7C,0x7C,0xAE,0xFF,0x32,0x50,0xC2,0xB9,0xCE,0x9E,0x0F,0xC2,0x19,0x95,0x40,0x69,0xB9,0x63,0xAB,0x6F,0x2B,0x61,0x42,0xC7,0x64,0x61,0x99,0xAB,0x4C,0x3A,0x8A},
        {0xDE,0x10,0x24,0xD0,0x35,0x24,0x24,0x35,0x35,0xA5,0x35,0x14,0x35,0x1B,0x4C,0x26,0x9D,0x73,0x4A,0xDE,0xC8,0xB8,0x25,0xB9,0x59,0x4C,0xDB,0xB9,0x3B,0xA8,0x4A,0x11},
    },
    {
        UINT32_C(124605),
        UINT64_C(0x0AA8E7AE19B59634),
        UINT32_C(800),
        UINT32_C(600),
        {0x24,0xAF,0xE2,0x6C,0x22,0x72,0x8D,0xFF,0x42,0xB2,0x7A,0xC1,0x9A,0x21,0xFB,0xC0,0xFF,0xD3,0x5B,0x02,0xAB,0x55,0x50,0xDC,0xD1,0x57,0x48,0x17,0xD1,0x99,0x28,0x48},
        {0x31,0xB7,0x1C,0x2B,0x4E,0xC9,0x12,0xB7,0x13,0xBD,0xA1,0xC2,0xE6,0xAB,0x59,0xDC,0x6D,0xD6,0xFA,0x02,0x64,0xD8,0xF8,0x60,0xE4,0xF7,0x85,0x13,0x40,0xCF,0xEF,0x48},
    },
    {
        UINT32_C(124706),
        UINT64_C(0xC021D10CF22EBDD5),
        UINT32_C(800),
        UINT32_C(600),
        {0x50,0xBD,0x33,0xA0,0x38,0x4B,0x0A,0x2E,0x07,0x1E,0x10,0x5D,0xDE,0x29,0x27,0x7C,0x52,0xA4,0x99,0xDF,0x55,0xC7,0x73,0xE6,0xB0,0xC1,0x6D,0x01,0xB6,0x8E,0x93,0x25},
        {0x09,0x0F,0xB8,0xE6,0xC8,0xFD,0x3A,0x24,0x4C,0xE4,0x02,0x7E,0x90,0x5C,0x44,0x78,0xD7,0xF3,0xB3,0xD4,0x4D,0x0D,0xDF,0x48,0x15,0x1E,0xD8,0x18,0xF3,0x48,0xA4,0x5A},
    },
    {
        UINT32_C(124933),
        UINT64_C(0x4F4CAB66373A3EF8),
        UINT32_C(800),
        UINT32_C(600),
        {0x37,0x59,0x8B,0x1C,0x0D,0x50,0x33,0xB5,0xBF,0x0D,0xB9,0x52,0x9F,0x3C,0x04,0x14,0x1E,0x80,0x00,0xDC,0xE2,0xE7,0x63,0x38,0xFB,0x85,0x8F,0x45,0x85,0x90,0xB9,0x84},
        {0xE4,0x40,0x26,0xB2,0xF5,0xD0,0x4A,0x16,0xB4,0xD1,0xB9,0xBA,0xF2,0xB3,0xD0,0x14,0xDE,0x21,0xF1,0x30,0xE5,0xA9,0x0B,0x80,0xCB,0xCC,0x33,0x6B,0x9A,0x1D,0xD0,0xEB},
    },
    {
        UINT32_C(124972),
        UINT64_C(0x1E3448BE7ACD2C5F),
        UINT32_C(800),
        UINT32_C(600),
        {0x08,0xB5,0xFE,0x32,0x92,0x6D,0xDA,0x6F,0xB2,0x8F,0x7A,0x91,0x63,0x98,0x70,0xFD,0x32,0x2B,0x8F,0x8F,0xC6,0x16,0xB3,0x94,0x93,0x50,0x73,0xA7,0x4A,0x87,0x9B,0xBF},
        {0x1C,0x59,0xB2,0xBE,0x6C,0x1F,0xB9,0x2A,0xB9,0xE1,0xF6,0x0E,0x79,0xF3,0x02,0x7C,0x19,0x50,0x4C,0x88,0xF0,0x90,0x1E,0xB3,0x6C,0x64,0xCC,0x12,0x48,0x42,0x11,0x20},
    },
    {
        UINT32_C(125076),
        UINT64_C(0xE59324E2BD262AAF),
        UINT32_C(800),
        UINT32_C(600),
        {0xB2,0x65,0x2B,0x01,0x98,0xAF,0x1B,0x18,0xD2,0x45,0x34,0xCB,0xC3,0xEB,0x41,0xF6,0x4A,0x99,0x33,0x50,0xE6,0xDF,0xE1,0x64,0x36,0x65,0x2E,0x88,0xD9,0x52,0xA9,0x57},
        {0xA8,0x5B,0xED,0xBA,0xF3,0x53,0x02,0x1A,0x50,0x05,0xE0,0x92,0x0A,0xD7,0x9C,0x25,0x50,0x0D,0x7C,0x85,0xAB,0xEB,0x05,0xD6,0x03,0xC3,0x8D,0xDF,0xCD,0x8B,0xF9,0x2B},
    },
    {
        UINT32_C(125189),
        UINT64_C(0x4DC74AE5B2D14132),
        UINT32_C(800),
        UINT32_C(600),
        {0xEE,0x06,0x48,0x2A,0x56,0xD4,0x74,0x08,0xF0,0xFE,0x5D,0xEE,0xAF,0xFC,0xEF,0x8A,0xCD,0xC1,0x0C,0x06,0x6E,0x48,0xA0,0xA4,0x85,0x57,0xE1,0x23,0x84,0x1B,0xBD,0x54},
        {0x4A,0x46,0x0C,0x1D,0x57,0xF9,0x64,0x45,0xD3,0xDD,0xA6,0x4E,0x2E,0x1A,0x34,0xF2,0x9C,0xF8,0x0B,0x7A,0x5F,0xC9,0x32,0xDF,0x37,0x0B,0xB5,0xB4,0x33,0x59,0x8A,0x0C},
    },
    {
        UINT32_C(125280),
        UINT64_C(0xE5BC96CB880D943A),
        UINT32_C(800),
        UINT32_C(600),
        {0x9F,0x9F,0x67,0x5A,0xB8,0xEE,0xA9,0x4C,0x5B,0x3C,0x43,0x36,0x11,0x80,0x3B,0x43,0x6B,0xA0,0x4E,0x01,0xB7,0x17,0xCF,0x25,0xF8,0x25,0x4D,0x15,0x9A,0xCC,0x3C,0xC4},
        {0xF5,0xAC,0x9C,0xAC,0x44,0xAD,0x1D,0x2F,0x79,0x81,0x08,0xC7,0x32,0xA7,0x6E,0x90,0xA8,0x56,0xFD,0xEB,0x39,0xA3,0x18,0x6C,0x5B,0x88,0xDB,0x73,0xB3,0x7F,0xC0,0x58},
    },
    {
        UINT32_C(125400),
        UINT64_C(0xFB9663FEE6DB18BD),
        UINT32_C(800),
        UINT32_C(600),
        {0x11,0xBD,0x23,0x70,0xBE,0xC7,0x4C,0x81,0x1C,0x3B,0xFB,0x5A,0xDE,0xF6,0xDA,0x6C,0xEC,0x62,0xBE,0xF4,0xE8,0x29,0x25,0x4F,0x27,0x90,0xF4,0xC1,0x0C,0x79,0xCB,0x08},
        {0x24,0x38,0x89,0x7E,0xF0,0x9C,0x78,0x28,0x25,0x1E,0x3F,0xD0,0xBF,0x77,0x8A,0xA5,0x56,0xAD,0x8E,0x48,0x32,0x2C,0x5F,0x01,0x06,0x17,0x28,0xB7,0x86,0x52,0x85,0x45},
    },
    {
        UINT32_C(125932),
        UINT64_C(0x7E53110DCE417D64),
        UINT32_C(800),
        UINT32_C(600),
        {0xBF,0xD9,0xD3,0xF0,0x51,0x3B,0xFC,0xDA,0x96,0xAC,0xCD,0x2D,0xC6,0x84,0x13,0xA2,0xE8,0x71,0xC8,0x83,0xC0,0x6C,0x84,0x94,0xE0,0xA7,0x0B,0x56,0xE1,0x58,0x28,0x94},
        {0x53,0x7D,0x50,0x51,0xA0,0x9E,0x45,0xF0,0x71,0xDF,0x78,0x8E,0x2C,0x62,0xEF,0x5F,0xA0,0x06,0x6D,0xFA,0x61,0xC7,0x46,0x74,0x5B,0x2F,0xD9,0x28,0x9B,0x79,0xF4,0x4D},
    },
    {
        UINT32_C(125945),
        UINT64_C(0x2F950CD4F063BF19),
        UINT32_C(800),
        UINT32_C(600),
        {0x80,0x37,0xA0,0xCB,0x47,0xE1,0xE9,0xA1,0xB9,0xAE,0x30,0x8F,0x03,0xAE,0x0F,0xED,0xAE,0x8D,0x2C,0x60,0xA3,0x8C,0xD6,0x12,0xE4,0xCD,0x64,0x6F,0xFD,0xFD,0x31,0xAF},
        {0x28,0x7F,0xB9,0xE1,0xEC,0x1E,0x10,0xB9,0x2F,0xB7,0x70,0xBC,0x52,0x95,0x75,0x0B,0x75,0x0B,0x40,0x89,0xC6,0x44,0x56,0x66,0x60,0xD7,0x0C,0x87,0x1A,0x1A,0x20,0x6B},
    },
    {
        UINT32_C(125964),
        UINT64_C(0xE27BE3BAA666C8FD),
        UINT32_C(800),
        UINT32_C(600),
        {0x52,0x6D,0x38,0xF1,0x2F,0xF5,0x8D,0x9E,0x51,0x63,0xE9,0xB3,0xFD,0x50,0x94,0xDB,0x29,0xA9,0xBB,0x32,0xDC,0xA8,0x13,0x00,0xC4,0x32,0xEB,0x8C,0xAC,0xE8,0x84,0x12},
        {0x05,0x95,0x20,0xB2,0xC8,0xA2,0x46,0x67,0x8B,0xAB,0x0D,0xFD,0xB8,0xA6,0xF4,0x78,0xB9,0x88,0x07,0x4F,0x4D,0xAB,0x9D,0x3C,0xF5,0x53,0xAC,0xDF,0x73,0x53,0x5C,0xDD},
    },
    {
        UINT32_C(126952),
        UINT64_C(0xD15A10F9733AA07E),
        UINT32_C(1024),
        UINT32_C(600),
        {0xE1,0x7B,0xD8,0xC4,0xEE,0x06,0xD6,0x84,0x71,0x5B,0x3F,0xD1,0x13,0x6C,0x1F,0x03,0x62,0x20,0xBA,0xED,0xB7,0xCE,0xA8,0x4D,0x41,0xEF,0x8F,0x0B,0xF1,0x61,0xA4,0x0E},
        {0x1E,0x9E,0x6B,0x7D,0x0F,0x26,0x2E,0x90,0xB2,0xEF,0xA9,0x2D,0x6C,0x15,0xDF,0x4F,0x84,0x01,0xBE,0x5A,0xC2,0xFD,0x30,0x46,0xDD,0xFE,0x89,0x57,0x4A,0x91,0x17,0xDC},
    },
    {
        UINT32_C(127778),
        UINT64_C(0xE363857A0D421D36),
        UINT32_C(1024),
        UINT32_C(600),
        {0x33,0xF8,0x22,0x7E,0xE8,0xFC,0xCC,0x86,0x12,0x77,0x2F,0x09,0x96,0x12,0x86,0xF8,0x0D,0xC7,0x9B,0x34,0xB1,0x68,0x28,0xF1,0xD6,0xCF,0x94,0x91,0x7B,0x3E,0x6C,0xDC},
        {0x7F,0x6E,0xCF,0x15,0xE9,0x85,0x52,0xF2,0xA0,0x42,0x16,0x9A,0xBA,0x21,0x84,0x53,0x0C,0xD4,0x5A,0x97,0xD3,0x14,0xF2,0xCA,0xEA,0x68,0xEE,0x6D,0xDA,0x88,0xD9,0x6A},
    },
    {
        UINT32_C(130480),
        UINT64_C(0xD0BBAC6C2DCADD93),
        UINT32_C(1024),
        UINT32_C(600),
        {0x6A,0xF6,0xAC,0x1A,0xE3,0x54,0xF2,0x01,0x13,0x13,0xB3,0x7C,0x0D,0xFE,0x0B,0xB0,0x95,0x6B,0x44,0x07,0x71,0x64,0x1D,0xF1,0xCB,0x06,0x5A,0x79,0xFE,0x4B,0x64,0x75},
        {0xB7,0xF9,0x45,0xAB,0xF3,0x37,0x94,0xEB,0x41,0xAB,0x10,0xE7,0xC4,0xAD,0x41,0x86,0xB3,0x83,0xE4,0xC5,0x3D,0xEC,0x25,0x45,0xA7,0x89,0x40,0x27,0x90,0xBF,0x3F,0x1E},
    },
    {
        UINT32_C(132282),
        UINT64_C(0x47FB0CD1958F4CA8),
        UINT32_C(1075),
        UINT32_C(660),
        {0x38,0xA8,0xC4,0xFD,0x49,0x4F,0x2A,0xB6,0x2A,0x51,0x6D,0xE7,0xDC,0x96,0x47,0x08,0xC6,0x7D,0xCE,0x14,0x5A,0x54,0xDB,0x40,0x76,0x78,0x2A,0xA8,0xC5,0x89,0xFA,0xEF},
        {0xF2,0xF3,0x57,0x9A,0x30,0x28,0xD4,0xA7,0x1E,0x81,0xA9,0xF4,0x25,0x7D,0xF5,0x3D,0x55,0x48,0x4C,0x07,0x0E,0xBB,0xE2,0x36,0xCD,0x11,0x5F,0x6D,0x4B,0x36,0xAE,0x65},
    },
    {
        UINT32_C(134250),
        UINT64_C(0xEB6A7604A0B1E6C0),
        UINT32_C(1075),
        UINT32_C(660),
        {0x38,0xA8,0xC4,0xFD,0x49,0x4F,0x2A,0xB6,0x2A,0x51,0x6D,0xE7,0xDC,0x96,0x47,0x08,0xC6,0x7D,0xCE,0x14,0x5A,0x54,0xDB,0x40,0x76,0x78,0x2A,0xA8,0xC5,0x89,0xFA,0xEF},
        {0xF2,0xF3,0x57,0x9A,0x30,0x28,0xD4,0xA7,0x1E,0x81,0xA9,0xF4,0x25,0x7D,0xF5,0x3D,0x55,0x48,0x4C,0x07,0x0E,0xBB,0xE2,0x36,0xCD,0x11,0x5F,0x6D,0x4B,0x36,0xAE,0x65},
    },
    {
        UINT32_C(134418),
        UINT64_C(0x47CD12C45495DA3A),
        UINT32_C(1075),
        UINT32_C(660),
        {0x9F,0x97,0xD1,0xB8,0x48,0xC3,0xDC,0x0F,0xC3,0xD7,0x6D,0xAD,0xEE,0xEF,0x57,0x4F,0xFC,0x42,0x65,0x65,0x14,0xE4,0x2F,0x4D,0xF4,0xB0,0x97,0xB0,0xDA,0x7B,0x93,0x1B},
        {0xE6,0x25,0x6F,0x03,0xDE,0x26,0x3A,0x26,0xDD,0x83,0x58,0xC9,0x74,0x92,0x76,0xA3,0xDC,0xF1,0x4D,0xAB,0x1D,0x1E,0x4F,0x62,0xB7,0xB7,0x5C,0x4C,0xFE,0x45,0xE3,0x1D},
    },
    {
        UINT32_C(134788),
        UINT64_C(0x2CCE10DA9372C3E1),
        UINT32_C(1075),
        UINT32_C(660),
        {0x9F,0x97,0xD1,0xB8,0x48,0xC3,0xDC,0x0F,0xC3,0xD7,0x6D,0xAD,0xEE,0xEF,0x57,0x4F,0xFC,0x42,0x65,0x65,0x14,0xE4,0x2F,0x4D,0xF4,0xB0,0x97,0xB0,0xDA,0x7B,0x93,0x1B},
        {0xE6,0x25,0x6F,0x03,0xDE,0x26,0x3A,0x26,0xDD,0x83,0x58,0xC9,0x74,0x92,0x76,0xA3,0xDC,0xF1,0x4D,0xAB,0x1D,0x1E,0x4F,0x62,0xB7,0xB7,0x5C,0x4C,0xFE,0x45,0xE3,0x1D},
    },
    {
        UINT32_C(135722),
        UINT64_C(0x51AEE109A59594C0),
        UINT32_C(1024),
        UINT32_C(600),
        {0x00,0x47,0xBB,0xD2,0x97,0x53,0xBD,0x21,0x9A,0xC6,0xDD,0x47,0x5A,0x33,0xA0,0x74,0xF0,0xC2,0x00,0xBA,0x2E,0x17,0x9D,0x29,0xBC,0x2D,0xC7,0xC9,0xA7,0xC2,0x57,0x34},
        {0xBB,0xFA,0x8D,0xDE,0x0C,0x1D,0x67,0x82,0x28,0xA3,0x5B,0x89,0x19,0x31,0x71,0x49,0xEE,0xB0,0xB3,0x06,0x48,0xE4,0x69,0x17,0xC4,0x7D,0x66,0x04,0x29,0xA1,0xFF,0xF5},
    },
    {
        UINT32_C(136088),
        UINT64_C(0xCFE79D0E72AB2FD3),
        UINT32_C(1024),
        UINT32_C(600),
        {0xD7,0xEF,0xD9,0x71,0xC8,0x73,0x8A,0xB4,0x05,0xDF,0xFD,0x2D,0x16,0xB8,0x0D,0x90,0xB8,0xA9,0xC2,0xF6,0xFD,0xC3,0x1F,0x34,0x49,0x61,0x20,0x56,0xA5,0xEC,0x9E,0x22},
        {0x09,0x53,0x08,0x16,0x4F,0x26,0xC1,0xC0,0x19,0x91,0xB7,0x5B,0xBF,0xCF,0x18,0x25,0xBA,0xFC,0x33,0x6A,0x5F,0x96,0x91,0xD3,0x36,0x33,0x59,0x29,0x59,0x58,0xF7,0xD8},
    },
    {
        UINT32_C(137692),
        UINT64_C(0x30EDBC8603AE8EDC),
        UINT32_C(500),
        UINT32_C(580),
        {0xCE,0x16,0x68,0xE4,0x7A,0x3C,0xC6,0x58,0x2B,0x98,0xA2,0x81,0x33,0x74,0x9D,0x90,0x9F,0xEB,0xBF,0x18,0x27,0x96,0x24,0x3C,0x47,0x78,0x82,0x66,0xF8,0x3E,0x8D,0xC0},
        {0x0C,0xB6,0xB3,0xC7,0x7E,0x5A,0x34,0x23,0x0C,0x3C,0xD2,0x35,0x12,0xBE,0xC0,0xAD,0x94,0x22,0x86,0x44,0x6D,0x22,0xBD,0x8F,0x88,0x8E,0x97,0x94,0x42,0x85,0xB4,0x93},
    },
    {
        UINT32_C(137892),
        UINT64_C(0x93C8F51AF62022E6),
        UINT32_C(1024),
        UINT32_C(600),
        {0x8A,0x7B,0xD8,0xC0,0x85,0xA5,0x63,0xA9,0xC5,0x3D,0x46,0x41,0x80,0x91,0x69,0x33,0x9D,0x7E,0xDB,0x16,0x9D,0xA2,0xA9,0x05,0x0E,0x2C,0x0E,0x46,0xD9,0x4A,0x0A,0xE9},
        {0x9F,0x76,0xF5,0x39,0xB1,0x8B,0x62,0xBE,0xDA,0x78,0xA9,0x63,0x94,0x17,0x08,0x72,0xB8,0x0D,0x9B,0x81,0x5A,0xC3,0x98,0x80,0xC8,0x45,0xBD,0x9E,0x81,0xDB,0xEE,0x2E},
    },
    {
        UINT32_C(137960),
        UINT64_C(0xC4AB2BBB03E3B0E4),
        UINT32_C(1024),
        UINT32_C(600),
        {0x0F,0x42,0xD7,0x4F,0x9E,0xCA,0x4D,0x93,0x67,0xAE,0xCB,0x8E,0x5A,0x20,0x57,0xD2,0x50,0xAD,0x27,0x17,0x1C,0xFF,0x26,0xC3,0x53,0x8C,0x86,0xE7,0xAE,0xE7,0xC2,0xEF},
        {0x97,0xD5,0x77,0xA5,0x0E,0xBF,0xD8,0xF1,0x81,0x46,0x4E,0x0B,0xED,0x0A,0x31,0x7B,0x0B,0x9B,0x9E,0xD1,0xE1,0x56,0x5C,0x0A,0xE0,0x29,0x1E,0xF6,0xD1,0x73,0xFB,0x64},
    },
    {
        UINT32_C(139100),
        UINT64_C(0x5106294C43802A91),
        UINT32_C(1024),
        UINT32_C(600),
        {0x00,0x47,0xBB,0xD2,0x97,0x53,0xBD,0x21,0x9A,0xC6,0xDD,0x47,0x5A,0x33,0xA0,0x74,0xF0,0xC2,0x00,0xBA,0x2E,0x17,0x9D,0x29,0xBC,0x2D,0xC7,0xC9,0xA7,0xC2,0x57,0x34},
        {0xBB,0xFA,0x8D,0xDE,0x0C,0x1D,0x67,0x82,0x28,0xA3,0x5B,0x89,0x19,0x31,0x71,0x49,0xEE,0xB0,0xB3,0x06,0x48,0xE4,0x69,0x17,0xC4,0x7D,0x66,0x04,0x29,0xA1,0xFF,0xF5},
    },
    {
        UINT32_C(139848),
        UINT64_C(0x8DD1383817EEDB82),
        UINT32_C(1024),
        UINT32_C(600),
        {0x97,0xE5,0x4F,0x28,0x71,0xEB,0xB3,0x0C,0x35,0x18,0xA1,0xE1,0xC4,0x8E,0x03,0x8B,0xE1,0xF1,0xA3,0x92,0x73,0x66,0x09,0xE9,0xD5,0xBD,0xAC,0x1E,0x72,0x44,0x1C,0x72},
        {0xCB,0xFD,0x9E,0x17,0xAF,0x47,0x39,0xB9,0xD5,0x59,0x8C,0x6B,0xD3,0x0A,0xF9,0x93,0x5E,0xBB,0x3C,0x11,0xE5,0x50,0x57,0xC7,0x1C,0xC9,0x36,0x1B,0x02,0x8A,0x63,0x63},
    },
    {
        UINT32_C(141482),
        UINT64_C(0x8FD7C05582C3AC44),
        UINT32_C(1024),
        UINT32_C(600),
        {0x0F,0x42,0xD7,0x4F,0x9E,0xCA,0x4D,0x93,0x67,0xAE,0xCB,0x8E,0x5A,0x20,0x57,0xD2,0x50,0xAD,0x27,0x17,0x1C,0xFF,0x26,0xC3,0x53,0x8C,0x86,0xE7,0xAE,0xE7,0xC2,0xEF},
        {0x97,0xD5,0x77,0xA5,0x0E,0xBF,0xD8,0xF1,0x81,0x46,0x4E,0x0B,0xED,0x0A,0x31,0x7B,0x0B,0x9B,0x9E,0xD1,0xE1,0x56,0x5C,0x0A,0xE0,0x29,0x1E,0xF6,0xD1,0x73,0xFB,0x64},
    },
    {
        UINT32_C(141628),
        UINT64_C(0x246E67C42D0F71B5),
        UINT32_C(1024),
        UINT32_C(600),
        {0xE8,0xA0,0x64,0x39,0x58,0xDC,0x4A,0x01,0xF0,0xFE,0xEB,0x6D,0xB8,0xA0,0x8B,0x39,0xDD,0x2F,0x3C,0x30,0x2F,0x9C,0x9E,0xCC,0xCF,0xB0,0x12,0xE6,0xC0,0x8B,0x4B,0x4C},
        {0xF5,0x1E,0xDD,0xF1,0xAA,0xBB,0x9C,0xE5,0x05,0x02,0x2F,0xA3,0x3B,0x16,0x2A,0x37,0x0B,0xA5,0x73,0xCD,0x81,0x94,0x74,0xAA,0x90,0x01,0xF4,0x61,0xFD,0x44,0xC0,0xF8},
    },
    {
        UINT32_C(141684),
        UINT64_C(0x3CF02E68CA46A59E),
        UINT32_C(1024),
        UINT32_C(600),
        {0xE8,0xA0,0x64,0x39,0x58,0xDC,0x4A,0x01,0xF0,0xFE,0xEB,0x6D,0xB8,0xA0,0x8B,0x39,0xDD,0x2F,0x3C,0x30,0x2F,0x9C,0x9E,0xCC,0xCF,0xB0,0x12,0xE6,0xC0,0x8B,0x4B,0x4C},
        {0xF5,0x1E,0xDD,0xF1,0xAA,0xBB,0x9C,0xE5,0x05,0x02,0x2F,0xA3,0x3B,0x16,0x2A,0x37,0x0B,0xA5,0x73,0xCD,0x81,0x94,0x74,0xAA,0x90,0x01,0xF4,0x61,0xFD,0x44,0xC0,0xF8},
    },
    {
        UINT32_C(143324),
        UINT64_C(0x4DA6521143D8156F),
        UINT32_C(1024),
        UINT32_C(600),
        {0x8A,0x7B,0xD8,0xC0,0x85,0xA5,0x63,0xA9,0xC5,0x3D,0x46,0x41,0x80,0x91,0x69,0x33,0x9D,0x7E,0xDB,0x16,0x9D,0xA2,0xA9,0x05,0x0E,0x2C,0x0E,0x46,0xD9,0x4A,0x0A,0xE9},
        {0x9F,0x76,0xF5,0x39,0xB1,0x8B,0x62,0xBE,0xDA,0x78,0xA9,0x63,0x94,0x17,0x08,0x72,0xB8,0x0D,0x9B,0x81,0x5A,0xC3,0x98,0x80,0xC8,0x45,0xBD,0x9E,0x81,0xDB,0xEE,0x2E},
    },
    {
        UINT32_C(145170),
        UINT64_C(0xEB45C67A4A5C52E4),
        UINT32_C(1024),
        UINT32_C(600),
        {0xD7,0xEF,0xD9,0x71,0xC8,0x73,0x8A,0xB4,0x05,0xDF,0xFD,0x2D,0x16,0xB8,0x0D,0x90,0xB8,0xA9,0xC2,0xF6,0xFD,0xC3,0x1F,0x34,0x49,0x61,0x20,0x56,0xA5,0xEC,0x9E,0x22},
        {0x09,0x53,0x08,0x16,0x4F,0x26,0xC1,0xC0,0x19,0x91,0xB7,0x5B,0xBF,0xCF,0x18,0x25,0xBA,0xFC,0x33,0x6A,0x5F,0x96,0x91,0xD3,0x36,0x33,0x59,0x29,0x59,0x58,0xF7,0xD8},
    },
    {
        UINT32_C(145450),
        UINT64_C(0xDD8FB28C290B62CF),
        UINT32_C(1024),
        UINT32_C(600),
        {0x97,0xE5,0x4F,0x28,0x71,0xEB,0xB3,0x0C,0x35,0x18,0xA1,0xE1,0xC4,0x8E,0x03,0x8B,0xE1,0xF1,0xA3,0x92,0x73,0x66,0x09,0xE9,0xD5,0xBD,0xAC,0x1E,0x72,0x44,0x1C,0x72},
        {0xCB,0xFD,0x9E,0x17,0xAF,0x47,0x39,0xB9,0xD5,0x59,0x8C,0x6B,0xD3,0x0A,0xF9,0x93,0x5E,0xBB,0x3C,0x11,0xE5,0x50,0x57,0xC7,0x1C,0xC9,0x36,0x1B,0x02,0x8A,0x63,0x63},
    },
    {
        UINT32_C(146258),
        UINT64_C(0x076B5831CCE4844E),
        UINT32_C(369),
        UINT32_C(750),
        {0xDE,0xE7,0x7D,0x70,0x69,0x79,0x24,0x6B,0x8D,0xA1,0xBC,0xF4,0x95,0x16,0x0B,0x6D,0xCE,0x78,0x97,0x88,0x2B,0xFD,0xE4,0x7F,0xE3,0x4D,0x3A,0x52,0xE4,0xA3,0xDE,0x10},
        {0x81,0xBC,0x1B,0x50,0x1C,0xE0,0x23,0x3A,0x07,0xEA,0x93,0x79,0x29,0x40,0xC9,0x68,0x70,0xFC,0x55,0x58,0xB5,0x32,0x41,0xEC,0x9C,0xFB,0x9B,0xDA,0x1A,0x1C,0xC8,0xF6},
    },
    {
        UINT32_C(151268),
        UINT64_C(0xE5C6A7F488D3CD77),
        UINT32_C(500),
        UINT32_C(580),
        {0x2B,0x5E,0xD8,0x63,0x0A,0xC4,0x0F,0xB8,0xCC,0x56,0xF6,0x6F,0x7C,0x69,0x42,0xCF,0x3D,0x11,0xF7,0x77,0xE4,0x14,0xD6,0xB8,0x94,0x98,0x28,0x18,0xDA,0xF9,0xD1,0xEE},
        {0xCF,0x32,0x5C,0x47,0xF7,0x5A,0x3B,0x9E,0xF6,0x8D,0x66,0x17,0x25,0xAC,0x57,0x8D,0xEC,0xFD,0xD6,0x3D,0x0D,0x90,0x5C,0x6D,0x54,0x87,0xBF,0x7A,0xB2,0x03,0x59,0xC8},
    },
    {
        UINT32_C(153084),
        UINT64_C(0x255572F0AC956E2E),
        UINT32_C(1024),
        UINT32_C(600),
        {0x5A,0xD4,0x79,0x27,0x0A,0xC6,0x9D,0x20,0x7B,0x5F,0xF0,0xAB,0x69,0xD3,0x1A,0x55,0x93,0x58,0x3A,0xD9,0x80,0x19,0x60,0x18,0x85,0x02,0xFA,0xB3,0xBD,0x38,0xF5,0x0F},
        {0x3F,0xB5,0xAC,0xD5,0x68,0x2D,0xBF,0x0D,0x2C,0xF4,0x2A,0xDB,0x06,0x83,0xE1,0xC1,0xAB,0xB8,0xEA,0x56,0x43,0x0A,0xD1,0x3B,0x4A,0xD0,0xCB,0xE4,0xBD,0x71,0x6C,0x69},
    },
    {
        UINT32_C(154604),
        UINT64_C(0x609A8D7FE36D8251),
        UINT32_C(500),
        UINT32_C(580),
        {0xFA,0x29,0x50,0x03,0x70,0x66,0xC4,0xCA,0xDC,0x76,0xBB,0x82,0x77,0xF2,0x9D,0x99,0x77,0x64,0x65,0x6D,0xE0,0x39,0xDE,0xA9,0xB9,0x5C,0xC4,0xE1,0xAC,0x42,0x81,0xB1},
        {0x92,0x87,0x15,0xCC,0x62,0x80,0xA2,0x8C,0x94,0x2D,0x07,0x15,0xDE,0x0B,0x6E,0xC6,0x61,0xD3,0x10,0x2E,0x11,0xA6,0x95,0xAB,0xE8,0xED,0xCA,0x29,0x35,0x24,0x4D,0x30},
    },
    {
        UINT32_C(155290),
        UINT64_C(0x78B072E28FC4BAD6),
        UINT32_C(1024),
        UINT32_C(600),
        {0x1F,0xB2,0xF1,0xB3,0xBC,0xD9,0xDE,0x1A,0x4C,0xCB,0x58,0x99,0xD3,0x12,0x3F,0x6F,0x17,0x87,0x02,0xBA,0x8D,0x53,0x5C,0x2A,0xBB,0x5E,0x38,0xB0,0x09,0x4C,0x49,0x59},
        {0x17,0xBD,0x58,0xFA,0x5C,0x3A,0xF8,0xAA,0xCC,0xB4,0x74,0x20,0x02,0xAF,0xB9,0x3E,0x95,0xD1,0xBB,0xD7,0x30,0x9A,0x8D,0x3C,0x7D,0x8A,0xD6,0xCC,0x31,0x4E,0x3C,0x72},
    },
    {
        UINT32_C(155382),
        UINT64_C(0x07F67C3EB79B9D86),
        UINT32_C(1024),
        UINT32_C(600),
        {0x1F,0xB2,0xF1,0xB3,0xBC,0xD9,0xDE,0x1A,0x4C,0xCB,0x58,0x99,0xD3,0x12,0x3F,0x6F,0x17,0x87,0x02,0xBA,0x8D,0x53,0x5C,0x2A,0xBB,0x5E,0x38,0xB0,0x09,0x4C,0x49,0x59},
        {0x17,0xBD,0x58,0xFA,0x5C,0x3A,0xF8,0xAA,0xCC,0xB4,0x74,0x20,0x02,0xAF,0xB9,0x3E,0x95,0xD1,0xBB,0xD7,0x30,0x9A,0x8D,0x3C,0x7D,0x8A,0xD6,0xCC,0x31,0x4E,0x3C,0x72},
    },
    {
        UINT32_C(155532),
        UINT64_C(0x6F5FBC3C13EFBBEE),
        UINT32_C(369),
        UINT32_C(750),
        {0x6E,0xBD,0x31,0x17,0xE8,0xCE,0xA8,0x97,0x00,0x39,0x31,0x80,0xCE,0xD8,0xDE,0xC2,0xBC,0x44,0x04,0xDC,0xAA,0xD2,0x4C,0x93,0xA4,0x86,0x99,0x23,0x90,0xFA,0x7A,0x6E},
        {0x4B,0xBD,0x2B,0xC1,0x4C,0xB9,0x39,0xD8,0xC6,0x3F,0x62,0xA6,0x86,0xBA,0xBE,0x10,0x52,0x3B,0xAD,0x97,0xC1,0x06,0x57,0xFB,0x39,0xD5,0x2C,0xE3,0xDD,0xC1,0xD1,0xF9},
    },
    {
        UINT32_C(156648),
        UINT64_C(0x47EF4FD96DE1E050),
        UINT32_C(1024),
        UINT32_C(600),
        {0x05,0x22,0x83,0xAC,0x5E,0x12,0x44,0xCF,0x38,0x05,0xA9,0x2B,0x1F,0x96,0x0E,0x13,0x66,0xBF,0xCC,0x64,0x83,0xE1,0x2F,0x17,0x79,0x37,0xEC,0x8D,0x84,0xA0,0xA4,0x09},
        {0x5E,0xC0,0x3A,0x34,0x8B,0xE9,0xF8,0xCC,0xFE,0xE1,0xD1,0xD6,0xAA,0x4E,0x30,0x3E,0x31,0xE3,0x64,0x33,0x65,0x9A,0x4C,0x29,0x7F,0x28,0xEA,0x26,0xAE,0x5B,0xBB,0xB4},
    },
    {
        UINT32_C(158568),
        UINT64_C(0x06FD4FE6F148308B),
        UINT32_C(1024),
        UINT32_C(600),
        {0x98,0x54,0x74,0x17,0x6E,0x3E,0xDA,0xB4,0x32,0x61,0x70,0xD0,0x67,0x26,0xE8,0x46,0x94,0x20,0x0B,0x78,0xED,0xA7,0x9F,0x4B,0x29,0xA6,0x27,0x4B,0x30,0x42,0xDF,0x90},
        {0x26,0x14,0x8B,0xAE,0xA3,0x8B,0x56,0x94,0xD9,0x60,0xE1,0x56,0x40,0x63,0x87,0xF9,0x4E,0x23,0x96,0x87,0xCE,0x8D,0xE3,0xAA,0x9D,0xDA,0x67,0x7E,0x12,0xE2,0x94,0x01},
    },
    {
        UINT32_C(159038),
        UINT64_C(0xDEBA62EBFA9FF664),
        UINT32_C(1024),
        UINT32_C(600),
        {0x05,0x22,0x83,0xAC,0x5E,0x12,0x44,0xCF,0x38,0x05,0xA9,0x2B,0x1F,0x96,0x0E,0x13,0x66,0xBF,0xCC,0x64,0x83,0xE1,0x2F,0x17,0x79,0x37,0xEC,0x8D,0x84,0xA0,0xA4,0x09},
        {0x5E,0xC0,0x3A,0x34,0x8B,0xE9,0xF8,0xCC,0xFE,0xE1,0xD1,0xD6,0xAA,0x4E,0x30,0x3E,0x31,0xE3,0x64,0x33,0x65,0x9A,0x4C,0x29,0x7F,0x28,0xEA,0x26,0xAE,0x5B,0xBB,0xB4},
    },
    {
        UINT32_C(159952),
        UINT64_C(0x3B1CF4C54846CBE2),
        UINT32_C(1024),
        UINT32_C(600),
        {0xF0,0x63,0xC5,0xCD,0x49,0x00,0xC5,0xA2,0x80,0xF4,0xDB,0x66,0x1D,0x84,0xA5,0xE7,0xA8,0x27,0x7B,0x0C,0x1A,0x25,0x01,0xF7,0x12,0x0D,0x19,0x7C,0x6B,0x62,0x79,0xA6},
        {0x5D,0xC4,0x0E,0x0E,0x06,0x83,0x2F,0x16,0xE0,0x9C,0x61,0x2D,0xCE,0x06,0x1B,0xCF,0x0A,0xBE,0xBD,0x89,0x64,0xFB,0x81,0xC4,0x55,0x85,0xCC,0x29,0x83,0x27,0x32,0xE7},
    },
    {
        UINT32_C(160458),
        UINT64_C(0xA425E5BC8ACCC264),
        UINT32_C(1024),
        UINT32_C(600),
        {0xEE,0xD9,0x65,0x88,0xE6,0xEC,0xC3,0x2D,0x6A,0x72,0x64,0x09,0x86,0xEF,0x38,0x46,0x16,0xC4,0x2E,0x6C,0x85,0xE9,0x9E,0x32,0xE2,0xAA,0x03,0xDC,0xA5,0xA5,0x3E,0xB9},
        {0x3F,0xF6,0xCD,0x6E,0x29,0x0A,0x9C,0xF9,0x2F,0x10,0x2B,0xAD,0xD1,0x3B,0xAF,0x0C,0x00,0x05,0x00,0xE0,0x04,0x8A,0x1F,0xD1,0x3A,0xA2,0x0F,0x41,0xAF,0x66,0xC0,0x75},
    },
    {
        UINT32_C(162250),
        UINT64_C(0x8913DBF5FA46F44E),
        UINT32_C(1024),
        UINT32_C(600),
        {0xBF,0x38,0x41,0x1B,0xB6,0xDF,0xE4,0x5C,0x7E,0x1E,0x65,0x35,0x20,0xA0,0xE7,0x8F,0xA2,0x6B,0x81,0x4F,0x5C,0xC1,0x90,0xDC,0xA2,0x8F,0xBD,0x1E,0xD9,0xED,0x28,0xF8},
        {0xFE,0xB6,0xFE,0xB2,0x22,0x1A,0x7B,0x07,0x5D,0x31,0x24,0x3B,0x88,0x9E,0x84,0x80,0x40,0xEA,0x31,0xEC,0x47,0x74,0xD2,0x6B,0x46,0x07,0x0F,0xC4,0x26,0xAA,0x96,0x79},
    },
    {
        UINT32_C(162440),
        UINT64_C(0x6B6E072D098B81C1),
        UINT32_C(1024),
        UINT32_C(600),
        {0x22,0x0E,0x94,0x14,0x99,0x53,0x0F,0x97,0xFB,0xFF,0x90,0xEF,0xD7,0xE6,0x03,0x65,0xBA,0xF8,0x0A,0xE9,0xE1,0x28,0xC9,0xB6,0x81,0x4A,0xF9,0xD6,0x61,0xFD,0xD5,0xB2},
        {0xD3,0x1F,0x4E,0x04,0x06,0x21,0x56,0xEA,0x86,0x55,0x81,0x07,0xEB,0x1F,0x7B,0x95,0x5E,0x70,0xA0,0xF1,0xFB,0x04,0xC2,0x72,0x02,0x1F,0x19,0x5D,0xE5,0x64,0x58,0x37},
    },
    {
        UINT32_C(162910),
        UINT64_C(0x1ACA096293DF7139),
        UINT32_C(1024),
        UINT32_C(600),
        {0x5A,0xD4,0x79,0x27,0x0A,0xC6,0x9D,0x20,0x7B,0x5F,0xF0,0xAB,0x69,0xD3,0x1A,0x55,0x93,0x58,0x3A,0xD9,0x80,0x19,0x60,0x18,0x85,0x02,0xFA,0xB3,0xBD,0x38,0xF5,0x0F},
        {0x3F,0xB5,0xAC,0xD5,0x68,0x2D,0xBF,0x0D,0x2C,0xF4,0x2A,0xDB,0x06,0x83,0xE1,0xC1,0xAB,0xB8,0xEA,0x56,0x43,0x0A,0xD1,0x3B,0x4A,0xD0,0xCB,0xE4,0xBD,0x71,0x6C,0x69},
    },
    {
        UINT32_C(163746),
        UINT64_C(0x27EC679210F6CE42),
        UINT32_C(1024),
        UINT32_C(600),
        {0x0F,0xAA,0xC9,0xA7,0xBA,0x76,0x21,0xAD,0x71,0xE4,0x43,0xDC,0x05,0x43,0x31,0x28,0xB3,0x7A,0xFB,0x56,0x2E,0xAE,0x52,0xAA,0x7A,0x58,0xD2,0x65,0x81,0x60,0xEC,0xE5},
        {0xFA,0x6C,0x40,0x2B,0x13,0x6F,0x82,0x55,0xDB,0xD9,0xD0,0xB0,0x2C,0x83,0xE9,0x1A,0x77,0xD1,0xD0,0x54,0x34,0x5E,0x71,0x8C,0x4A,0x61,0x47,0xC5,0xAF,0x12,0xB8,0xD2},
    },
    {
        UINT32_C(164324),
        UINT64_C(0x9F6DF8B9DC21D40D),
        UINT32_C(1024),
        UINT32_C(600),
        {0xF0,0x63,0xC5,0xCD,0x49,0x00,0xC5,0xA2,0x80,0xF4,0xDB,0x66,0x1D,0x84,0xA5,0xE7,0xA8,0x27,0x7B,0x0C,0x1A,0x25,0x01,0xF7,0x12,0x0D,0x19,0x7C,0x6B,0x62,0x79,0xA6},
        {0x5D,0xC4,0x0E,0x0E,0x06,0x83,0x2F,0x16,0xE0,0x9C,0x61,0x2D,0xCE,0x06,0x1B,0xCF,0x0A,0xBE,0xBD,0x89,0x64,0xFB,0x81,0xC4,0x55,0x85,0xCC,0x29,0x83,0x27,0x32,0xE7},
    },
    {
        UINT32_C(164384),
        UINT64_C(0x829A842010E4E2C4),
        UINT32_C(1024),
        UINT32_C(600),
        {0x98,0x54,0x74,0x17,0x6E,0x3E,0xDA,0xB4,0x32,0x61,0x70,0xD0,0x67,0x26,0xE8,0x46,0x94,0x20,0x0B,0x78,0xED,0xA7,0x9F,0x4B,0x29,0xA6,0x27,0x4B,0x30,0x42,0xDF,0x90},
        {0x26,0x14,0x8B,0xAE,0xA3,0x8B,0x56,0x94,0xD9,0x60,0xE1,0x56,0x40,0x63,0x87,0xF9,0x4E,0x23,0x96,0x87,0xCE,0x8D,0xE3,0xAA,0x9D,0xDA,0x67,0x7E,0x12,0xE2,0x94,0x01},
    },
    {
        UINT32_C(165066),
        UINT64_C(0x391D6B5343CFD30F),
        UINT32_C(1024),
        UINT32_C(600),
        {0xC8,0xA1,0x4D,0xFE,0xAF,0xE1,0x7A,0x36,0x7C,0x32,0xD7,0x36,0x55,0xBE,0xE0,0x96,0xCC,0xC1,0xE8,0x04,0x03,0xC3,0x4F,0xF8,0x0F,0x8D,0xA3,0x9B,0x59,0x57,0x87,0xA0},
        {0xF7,0x73,0xA6,0x8C,0xED,0x6C,0xB6,0x35,0x4B,0xEE,0x6F,0x0B,0x70,0xF7,0x68,0xE2,0xFB,0x99,0xFB,0xFA,0xCA,0xE3,0x05,0xCC,0x68,0xF6,0xF0,0xDB,0x7C,0x38,0xEF,0x30},
    },
    {
        UINT32_C(165970),
        UINT64_C(0x43A2B9DBA8D24BA7),
        UINT32_C(1024),
        UINT32_C(600),
        {0x0F,0xAA,0xC9,0xA7,0xBA,0x76,0x21,0xAD,0x71,0xE4,0x43,0xDC,0x05,0x43,0x31,0x28,0xB3,0x7A,0xFB,0x56,0x2E,0xAE,0x52,0xAA,0x7A,0x58,0xD2,0x65,0x81,0x60,0xEC,0xE5},
        {0xFA,0x6C,0x40,0x2B,0x13,0x6F,0x82,0x55,0xDB,0xD9,0xD0,0xB0,0x2C,0x83,0xE9,0x1A,0x77,0xD1,0xD0,0x54,0x34,0x5E,0x71,0x8C,0x4A,0x61,0x47,0xC5,0xAF,0x12,0xB8,0xD2},
    },
    {
        UINT32_C(166172),
        UINT64_C(0x035F10922EEC8F71),
        UINT32_C(1024),
        UINT32_C(600),
        {0x22,0x0E,0x94,0x14,0x99,0x53,0x0F,0x97,0xFB,0xFF,0x90,0xEF,0xD7,0xE6,0x03,0x65,0xBA,0xF8,0x0A,0xE9,0xE1,0x28,0xC9,0xB6,0x81,0x4A,0xF9,0xD6,0x61,0xFD,0xD5,0xB2},
        {0xD3,0x1F,0x4E,0x04,0x06,0x21,0x56,0xEA,0x86,0x55,0x81,0x07,0xEB,0x1F,0x7B,0x95,0x5E,0x70,0xA0,0xF1,0xFB,0x04,0xC2,0x72,0x02,0x1F,0x19,0x5D,0xE5,0x64,0x58,0x37},
    },
    {
        UINT32_C(166546),
        UINT64_C(0x14E2052BC3839487),
        UINT32_C(1024),
        UINT32_C(600),
        {0xEE,0xD9,0x65,0x88,0xE6,0xEC,0xC3,0x2D,0x6A,0x72,0x64,0x09,0x86,0xEF,0x38,0x46,0x16,0xC4,0x2E,0x6C,0x85,0xE9,0x9E,0x32,0xE2,0xAA,0x03,0xDC,0xA5,0xA5,0x3E,0xB9},
        {0x3F,0xF6,0xCD,0x6E,0x29,0x0A,0x9C,0xF9,0x2F,0x10,0x2B,0xAD,0xD1,0x3B,0xAF,0x0C,0x00,0x05,0x00,0xE0,0x04,0x8A,0x1F,0xD1,0x3A,0xA2,0x0F,0x41,0xAF,0x66,0xC0,0x75},
    },
    {
        UINT32_C(169708),
        UINT64_C(0x33A948121E00CE8A),
        UINT32_C(1024),
        UINT32_C(600),
        {0xCA,0x00,0xA8,0x10,0x98,0xEB,0x27,0xE7,0x84,0xB8,0xAD,0x13,0xCF,0x72,0xEB,0x90,0xFA,0xC7,0xBF,0x75,0xA3,0x34,0x46,0x76,0x80,0xF4,0xB0,0x24,0x42,0xB8,0xE9,0xFF},
        {0x96,0x02,0x30,0xE9,0x22,0x52,0x21,0x36,0x99,0xDD,0x58,0x7D,0x6D,0x63,0x7F,0xF7,0xBF,0x98,0x27,0x29,0xAE,0xA9,0xC8,0x05,0x61,0x85,0x29,0x01,0x6D,0xEA,0x7F,0x62},
    },
    {
        UINT32_C(172214),
        UINT64_C(0xA7E94EC3C9B7A8D4),
        UINT32_C(1024),
        UINT32_C(600),
        {0xB6,0x48,0xDC,0xEA,0x3A,0xF1,0x56,0x6C,0xF2,0x44,0x4B,0xAB,0x8D,0xB8,0x9D,0x3D,0x84,0x7C,0x84,0xB7,0x7C,0x42,0xF4,0xF2,0xA9,0xFD,0x00,0x07,0xB0,0xED,0xF9,0x86},
        {0xF5,0x43,0x66,0xF5,0x2F,0xBF,0xDC,0x11,0x33,0x54,0xCF,0x01,0xC7,0x1A,0x33,0xB2,0x95,0xF3,0x16,0x54,0x12,0xEC,0xE2,0xD2,0x1B,0x0E,0x34,0x4A,0x07,0x97,0xA6,0xFE},
    },
    {
        UINT32_C(172678),
        UINT64_C(0x77CF94FDBA5433A7),
        UINT32_C(1024),
        UINT32_C(600),
        {0xF9,0x8A,0xE9,0x3F,0x24,0x38,0xA4,0x83,0xD0,0x93,0x6E,0x8E,0xCC,0x86,0x0C,0x5E,0xA5,0x00,0x41,0xD5,0x1A,0x0A,0xED,0x4B,0xB1,0x20,0xC9,0xB5,0xFA,0x4A,0x93,0xA2},
        {0x3E,0xDF,0xB6,0x18,0x53,0x5F,0x52,0x28,0xBE,0xEF,0x9B,0xC6,0x3D,0x1C,0x5C,0x2F,0x81,0xFD,0x25,0x9D,0x11,0x8C,0x0B,0x62,0x4C,0x90,0x4E,0xEC,0xFD,0x12,0x45,0x5D},
    },
    {
        UINT32_C(174852),
        UINT64_C(0xA82A71F3E9DA61DA),
        UINT32_C(1024),
        UINT32_C(600),
        {0xCA,0x00,0xA8,0x10,0x98,0xEB,0x27,0xE7,0x84,0xB8,0xAD,0x13,0xCF,0x72,0xEB,0x90,0xFA,0xC7,0xBF,0x75,0xA3,0x34,0x46,0x76,0x80,0xF4,0xB0,0x24,0x42,0xB8,0xE9,0xFF},
        {0x96,0x02,0x30,0xE9,0x22,0x52,0x21,0x36,0x99,0xDD,0x58,0x7D,0x6D,0x63,0x7F,0xF7,0xBF,0x98,0x27,0x29,0xAE,0xA9,0xC8,0x05,0x61,0x85,0x29,0x01,0x6D,0xEA,0x7F,0x62},
    },
    {
        UINT32_C(174854),
        UINT64_C(0xD5BEBA28A2447ADF),
        UINT32_C(1024),
        UINT32_C(600),
        {0xBF,0x38,0x41,0x1B,0xB6,0xDF,0xE4,0x5C,0x7E,0x1E,0x65,0x35,0x20,0xA0,0xE7,0x8F,0xA2,0x6B,0x81,0x4F,0x5C,0xC1,0x90,0xDC,0xA2,0x8F,0xBD,0x1E,0xD9,0xED,0x28,0xF8},
        {0xFE,0xB6,0xFE,0xB2,0x22,0x1A,0x7B,0x07,0x5D,0x31,0x24,0x3B,0x88,0x9E,0x84,0x80,0x40,0xEA,0x31,0xEC,0x47,0x74,0xD2,0x6B,0x46,0x07,0x0F,0xC4,0x26,0xAA,0x96,0x79},
    },
    {
        UINT32_C(176162),
        UINT64_C(0xAC4C1814C8B9C1F6),
        UINT32_C(1024),
        UINT32_C(600),
        {0xAD,0x1A,0xAE,0xB1,0x59,0x00,0x5B,0xEA,0x02,0xEB,0x69,0x34,0x64,0xA6,0xC2,0x2F,0xAF,0x5C,0x43,0x29,0x61,0x85,0x45,0xB8,0x73,0x5F,0xD9,0x1D,0x26,0x51,0x07,0xA2},
        {0x66,0x7C,0xDD,0x75,0xC9,0xE3,0x78,0x5C,0x55,0xE5,0x54,0x8E,0x75,0x4C,0xB4,0x23,0x5B,0x27,0x1A,0x02,0x68,0x86,0xCB,0x65,0xBA,0x73,0xE3,0xBB,0xF1,0x05,0xB7,0x8E},
    },
    {
        UINT32_C(176244),
        UINT64_C(0x97C3077A4D2CD2B8),
        UINT32_C(1024),
        UINT32_C(600),
        {0xC8,0xA1,0x4D,0xFE,0xAF,0xE1,0x7A,0x36,0x7C,0x32,0xD7,0x36,0x55,0xBE,0xE0,0x96,0xCC,0xC1,0xE8,0x04,0x03,0xC3,0x4F,0xF8,0x0F,0x8D,0xA3,0x9B,0x59,0x57,0x87,0xA0},
        {0xF7,0x73,0xA6,0x8C,0xED,0x6C,0xB6,0x35,0x4B,0xEE,0x6F,0x0B,0x70,0xF7,0x68,0xE2,0xFB,0x99,0xFB,0xFA,0xCA,0xE3,0x05,0xCC,0x68,0xF6,0xF0,0xDB,0x7C,0x38,0xEF,0x30},
    },
    {
        UINT32_C(177608),
        UINT64_C(0x6B23B96C81D0CA90),
        UINT32_C(1024),
        UINT32_C(600),
        {0xF9,0x8A,0xE9,0x3F,0x24,0x38,0xA4,0x83,0xD0,0x93,0x6E,0x8E,0xCC,0x86,0x0C,0x5E,0xA5,0x00,0x41,0xD5,0x1A,0x0A,0xED,0x4B,0xB1,0x20,0xC9,0xB5,0xFA,0x4A,0x93,0xA2},
        {0x3E,0xDF,0xB6,0x18,0x53,0x5F,0x52,0x28,0xBE,0xEF,0x9B,0xC6,0x3D,0x1C,0x5C,0x2F,0x81,0xFD,0x25,0x9D,0x11,0x8C,0x0B,0x62,0x4C,0x90,0x4E,0xEC,0xFD,0x12,0x45,0x5D},
    },
    {
        UINT32_C(179060),
        UINT64_C(0x63FEBF406DFCAC17),
        UINT32_C(1024),
        UINT32_C(600),
        {0x8A,0xEF,0xEB,0xBC,0x03,0xB0,0xE9,0x9B,0x4F,0x84,0x51,0x08,0x7C,0x75,0x46,0x8E,0x68,0xFC,0xA9,0xF1,0x26,0xFD,0x0B,0x59,0x82,0xB2,0xB0,0x38,0x48,0x96,0x94,0x33},
        {0x2F,0x05,0xD6,0xDE,0x99,0x94,0x8E,0xA6,0x1F,0x52,0xFE,0x02,0x6D,0x9F,0x43,0xB6,0x9D,0x75,0x73,0x7B,0x99,0x94,0x60,0x22,0x37,0x8A,0x60,0x85,0x99,0x80,0xD9,0x8A},
    },
    {
        UINT32_C(179478),
        UINT64_C(0x3AC517D78774CCEE),
        UINT32_C(1149),
        UINT32_C(626),
        {0xEC,0x97,0x41,0x05,0x7E,0x12,0x8F,0x00,0x81,0x26,0x55,0x71,0x88,0xD4,0x75,0xB3,0xC0,0x82,0x1B,0x46,0xC7,0x30,0xB0,0x99,0x06,0xD8,0x36,0x16,0xEB,0xA0,0x5B,0x05},
        {0x29,0x6C,0x57,0xEF,0xEB,0x72,0x3E,0x13,0x20,0x95,0xE0,0xC4,0x8A,0xA7,0x51,0x6A,0x3F,0xC2,0x0C,0xC3,0xDB,0xF0,0x0A,0x21,0xD2,0xAE,0x09,0x89,0xEB,0xE8,0x29,0x90},
    },
    {
        UINT32_C(183646),
        UINT64_C(0x277814621D8747EB),
        UINT32_C(1024),
        UINT32_C(600),
        {0xAD,0x1A,0xAE,0xB1,0x59,0x00,0x5B,0xEA,0x02,0xEB,0x69,0x34,0x64,0xA6,0xC2,0x2F,0xAF,0x5C,0x43,0x29,0x61,0x85,0x45,0xB8,0x73,0x5F,0xD9,0x1D,0x26,0x51,0x07,0xA2},
        {0x66,0x7C,0xDD,0x75,0xC9,0xE3,0x78,0x5C,0x55,0xE5,0x54,0x8E,0x75,0x4C,0xB4,0x23,0x5B,0x27,0x1A,0x02,0x68,0x86,0xCB,0x65,0xBA,0x73,0xE3,0xBB,0xF1,0x05,0xB7,0x8E},
    },
    {
        UINT32_C(184382),
        UINT64_C(0xE59CDD435E99E0A7),
        UINT32_C(1024),
        UINT32_C(600),
        {0x66,0x02,0x0D,0x31,0x28,0x50,0x33,0xD0,0x4F,0x5E,0x88,0x44,0x08,0xA3,0x30,0x39,0xF7,0x7F,0xCF,0xCE,0x75,0x73,0x13,0xE4,0x17,0x7D,0x7A,0x7A,0xDD,0x07,0x85,0xB6},
        {0xB8,0x15,0xA4,0x13,0x41,0x5A,0x64,0x63,0x2D,0xA7,0xC3,0x59,0x68,0x5C,0xD2,0xE3,0x37,0xB3,0x8F,0x21,0x82,0xAE,0x62,0xD3,0x37,0x86,0x04,0x2F,0x7E,0x18,0x76,0x45},
    },
    {
        UINT32_C(185162),
        UINT64_C(0xE7F1C1CFB5F24BF9),
        UINT32_C(1024),
        UINT32_C(600),
        {0xB6,0x48,0xDC,0xEA,0x3A,0xF1,0x56,0x6C,0xF2,0x44,0x4B,0xAB,0x8D,0xB8,0x9D,0x3D,0x84,0x7C,0x84,0xB7,0x7C,0x42,0xF4,0xF2,0xA9,0xFD,0x00,0x07,0xB0,0xED,0xF9,0x86},
        {0xF5,0x43,0x66,0xF5,0x2F,0xBF,0xDC,0x11,0x33,0x54,0xCF,0x01,0xC7,0x1A,0x33,0xB2,0x95,0xF3,0x16,0x54,0x12,0xEC,0xE2,0xD2,0x1B,0x0E,0x34,0x4A,0x07,0x97,0xA6,0xFE},
    },
    {
        UINT32_C(188876),
        UINT64_C(0x04EF9F2B47E9C579),
        UINT32_C(1024),
        UINT32_C(600),
        {0x8A,0xEF,0xEB,0xBC,0x03,0xB0,0xE9,0x9B,0x4F,0x84,0x51,0x08,0x7C,0x75,0x46,0x8E,0x68,0xFC,0xA9,0xF1,0x26,0xFD,0x0B,0x59,0x82,0xB2,0xB0,0x38,0x48,0x96,0x94,0x33},
        {0x2F,0x05,0xD6,0xDE,0x99,0x94,0x8E,0xA6,0x1F,0x52,0xFE,0x02,0x6D,0x9F,0x43,0xB6,0x9D,0x75,0x73,0x7B,0x99,0x94,0x60,0x22,0x37,0x8A,0x60,0x85,0x99,0x80,0xD9,0x8A},
    },
    {
        UINT32_C(194650),
        UINT64_C(0xCEC0215AEC44880F),
        UINT32_C(1024),
        UINT32_C(600),
        {0x66,0x02,0x0D,0x31,0x28,0x50,0x33,0xD0,0x4F,0x5E,0x88,0x44,0x08,0xA3,0x30,0x39,0xF7,0x7F,0xCF,0xCE,0x75,0x73,0x13,0xE4,0x17,0x7D,0x7A,0x7A,0xDD,0x07,0x85,0xB6},
        {0xB8,0x15,0xA4,0x13,0x41,0x5A,0x64,0x63,0x2D,0xA7,0xC3,0x59,0x68,0x5C,0xD2,0xE3,0x37,0xB3,0x8F,0x21,0x82,0xAE,0x62,0xD3,0x37,0x86,0x04,0x2F,0x7E,0x18,0x76,0x45},
    },
    {
        UINT32_C(194768),
        UINT64_C(0x5B03FFBF85747AD9),
        UINT32_C(500),
        UINT32_C(580),
        {0x3D,0x80,0x24,0x06,0x98,0x93,0x31,0xD6,0xD8,0x08,0xE6,0xF7,0xAD,0x43,0xA6,0x67,0x28,0x87,0x59,0x04,0xE9,0x82,0xFB,0x3E,0x0B,0xAA,0xCF,0x22,0xB8,0x71,0xD0,0x84},
        {0xE4,0x2C,0x69,0x2A,0xEE,0xDE,0x11,0xDC,0xE7,0xDA,0xC7,0x2E,0xC0,0x82,0xC2,0x51,0x22,0xFE,0x72,0xDF,0xA5,0x08,0xB0,0xD7,0xFF,0xEF,0x60,0xEE,0xA5,0x34,0xD0,0xF9},
    },
    {
        UINT32_C(204024),
        UINT64_C(0x79D480DEC957DE82),
        UINT32_C(369),
        UINT32_C(750),
        {0xFF,0x5A,0x98,0x96,0x43,0x85,0x40,0x30,0x52,0x0A,0x60,0xE2,0xA8,0x76,0x88,0x3F,0x20,0xD4,0x63,0x35,0x66,0x59,0x21,0xB8,0xF0,0x27,0x90,0xAD,0x6F,0x7A,0xF1,0xEE},
        {0xFC,0x94,0x2D,0xA2,0x8B,0x7F,0xB5,0xDC,0xB0,0x7E,0x6C,0xFD,0x19,0xD5,0x3E,0x54,0x25,0x47,0x13,0x46,0xBD,0x8E,0x6E,0xD6,0xE2,0xC9,0x5D,0xE4,0x64,0x2F,0x4D,0x9E},
    },
    {
        UINT32_C(225944),
        UINT64_C(0x1F7B8B7CB8712E33),
        UINT32_C(500),
        UINT32_C(580),
        {0x70,0xAF,0x19,0x4F,0x0B,0x47,0x25,0xE7,0x98,0x5C,0x4A,0xD8,0xC4,0x01,0x65,0xBE,0x95,0x40,0x29,0x84,0xAF,0x7B,0x17,0x15,0x58,0xC2,0x02,0x70,0x37,0x62,0xA3,0x8C},
        {0xA1,0xA5,0x72,0x70,0xDF,0x42,0x46,0x3D,0xE1,0x45,0xA4,0x7D,0x10,0x1F,0x92,0xCD,0xB1,0x61,0x75,0x54,0x77,0xDC,0xEB,0x75,0x6E,0x02,0xB4,0x44,0xC5,0x7B,0x7F,0x6D},
    },
    {
        UINT32_C(230962),
        UINT64_C(0x19C1F9FC8EE4E6FB),
        UINT32_C(500),
        UINT32_C(580),
        {0x70,0xAF,0x19,0x4F,0x0B,0x47,0x25,0xE7,0x98,0x5C,0x4A,0xD8,0xC4,0x01,0x65,0xBE,0x95,0x40,0x29,0x84,0xAF,0x7B,0x17,0x15,0x58,0xC2,0x02,0x70,0x37,0x62,0xA3,0x8C},
        {0xA1,0xA5,0x72,0x70,0xDF,0x42,0x46,0x3D,0xE1,0x45,0xA4,0x7D,0x10,0x1F,0x92,0xCD,0xB1,0x61,0x75,0x54,0x77,0xDC,0xEB,0x75,0x6E,0x02,0xB4,0x44,0xC5,0x7B,0x7F,0x6D},
    },
    {
        UINT32_C(236594),
        UINT64_C(0x464EB3D0418EEAD7),
        UINT32_C(500),
        UINT32_C(580),
        {0x3D,0x80,0x24,0x06,0x98,0x93,0x31,0xD6,0xD8,0x08,0xE6,0xF7,0xAD,0x43,0xA6,0x67,0x28,0x87,0x59,0x04,0xE9,0x82,0xFB,0x3E,0x0B,0xAA,0xCF,0x22,0xB8,0x71,0xD0,0x84},
        {0xE4,0x2C,0x69,0x2A,0xEE,0xDE,0x11,0xDC,0xE7,0xDA,0xC7,0x2E,0xC0,0x82,0xC2,0x51,0x22,0xFE,0x72,0xDF,0xA5,0x08,0xB0,0xD7,0xFF,0xEF,0x60,0xEE,0xA5,0x34,0xD0,0xF9},
    },
    {
        UINT32_C(238014),
        UINT64_C(0x9DEC86A6A75AEBC7),
        UINT32_C(500),
        UINT32_C(580),
        {0xFA,0x29,0x50,0x03,0x70,0x66,0xC4,0xCA,0xDC,0x76,0xBB,0x82,0x77,0xF2,0x9D,0x99,0x77,0x64,0x65,0x6D,0xE0,0x39,0xDE,0xA9,0xB9,0x5C,0xC4,0xE1,0xAC,0x42,0x81,0xB1},
        {0x92,0x87,0x15,0xCC,0x62,0x80,0xA2,0x8C,0x94,0x2D,0x07,0x15,0xDE,0x0B,0x6E,0xC6,0x61,0xD3,0x10,0x2E,0x11,0xA6,0x95,0xAB,0xE8,0xED,0xCA,0x29,0x35,0x24,0x4D,0x30},
    },
    {
        UINT32_C(248828),
        UINT64_C(0xD82CF682CC48130F),
        UINT32_C(1280),
        UINT32_C(750),
        {0x1F,0x20,0xB1,0x73,0x0E,0x20,0x3B,0x9C,0xED,0xAF,0xC3,0x47,0xA8,0xC3,0xBA,0x97,0x51,0xA1,0xD7,0xA6,0xF1,0xAA,0x38,0xD0,0xE3,0x07,0xC9,0x6A,0xF7,0xC5,0xA0,0xB0},
        {0x79,0x03,0x39,0x04,0x48,0x88,0xEC,0x0B,0x09,0xAC,0x0E,0x54,0x6B,0x81,0xCA,0x92,0x89,0x64,0x51,0x9F,0xBC,0x23,0x9A,0x1A,0xF9,0xF1,0xD7,0x23,0xC9,0x82,0xBD,0xA9},
    },
    {
        UINT32_C(249251),
        UINT64_C(0x3751E1BEBC6B0E6D),
        UINT32_C(800),
        UINT32_C(600),
        {0xDD,0xCC,0x2C,0x74,0x75,0x0D,0x5B,0x11,0x2C,0x49,0xE2,0x52,0xA8,0x94,0x9E,0x2C,0x0D,0x4C,0x7A,0xDA,0x54,0xB1,0x7E,0x2C,0x7B,0xE6,0x90,0x44,0xE9,0xD4,0xA0,0x51},
        {0xF4,0x99,0x05,0xBB,0x93,0x65,0xE7,0x64,0xE1,0x3E,0xFF,0x06,0x38,0xBB,0x81,0x13,0x87,0x7E,0xA1,0x25,0xC3,0x2B,0x83,0xAE,0x9E,0x4D,0x94,0xA2,0xB6,0xA5,0x10,0xDB},
    },
    {
        UINT32_C(250197),
        UINT64_C(0xAB9215A228217425),
        UINT32_C(800),
        UINT32_C(600),
        {0x44,0xE5,0x84,0x58,0xAB,0xBD,0x62,0x39,0x91,0x33,0x53,0xAE,0xA0,0xE5,0x9B,0x01,0x7F,0x77,0xB7,0x4D,0xC4,0x83,0x99,0x9B,0x02,0x0F,0x21,0xD7,0x76,0x82,0x00,0x1C},
        {0xFD,0xFA,0x66,0x39,0x5D,0xFC,0xF0,0xEB,0x5F,0xC0,0x10,0xE9,0x2A,0x6D,0xE7,0x47,0xB3,0x16,0xC5,0xA7,0x1A,0x7A,0x1B,0x08,0xA4,0x96,0x4B,0x31,0xCA,0xE2,0xA8,0x47},
    },
    {
        UINT32_C(253326),
        UINT64_C(0x92F8D083AC76A194),
        UINT32_C(800),
        UINT32_C(600),
        {0x7B,0x2E,0xA4,0xE8,0x83,0xB7,0x93,0x47,0x17,0xF7,0xC9,0xFE,0x58,0xCC,0xD2,0x0D,0x11,0xE6,0x0B,0xC0,0x88,0xC8,0xA7,0x8E,0xF9,0x88,0x7C,0xDF,0xFE,0x60,0x18,0x33},
        {0x2E,0xB9,0xBD,0xC8,0x6A,0xD6,0x0F,0x42,0xF2,0x91,0x5D,0xB5,0x72,0x93,0x42,0x1C,0x67,0xCC,0x99,0x09,0x5B,0x32,0xF4,0xCB,0x87,0x70,0x55,0x61,0x30,0xE9,0x3F,0xB1},
    },
    {
        UINT32_C(261554),
        UINT64_C(0xF89C3E0E9452AF13),
        UINT32_C(800),
        UINT32_C(600),
        {0x54,0xEA,0xC6,0x3E,0x41,0xBE,0x43,0xDE,0x1D,0xAD,0xF4,0x0D,0x1A,0x0A,0xB7,0x1D,0x80,0xBB,0x2E,0xCA,0x20,0x44,0x0C,0x89,0xBE,0x1F,0x28,0xC7,0x22,0xFA,0x25,0x64},
        {0x28,0x14,0x91,0x1C,0x3A,0xBA,0xF0,0x46,0xEB,0x49,0x05,0x4B,0x8B,0xEA,0xCC,0x97,0x51,0x33,0xF2,0x01,0x59,0xBE,0xC6,0x2C,0x66,0x2C,0xF3,0x96,0xFC,0x2D,0x6C,0xCE},
    },
    {
        UINT32_C(263844),
        UINT64_C(0x19D9EA59D8F0162D),
        UINT32_C(1149),
        UINT32_C(626),
        {0x01,0x3B,0x88,0x2D,0x6E,0x52,0x2C,0x23,0xBD,0x72,0xFF,0xAC,0x72,0x07,0x5A,0xA3,0x1A,0x7F,0xAE,0x9F,0x61,0x7F,0x85,0xFB,0xEA,0x5D,0x1D,0x3B,0x47,0x93,0x14,0xDB},
        {0x3A,0xF6,0x13,0x0A,0x94,0x50,0xBA,0x19,0xCA,0x5D,0x3B,0x7B,0x05,0x09,0xDA,0xBA,0x04,0xAA,0xBF,0xFA,0xC4,0x15,0x00,0x8D,0xF7,0xEB,0x00,0x8B,0xD4,0x01,0xA8,0xE5},
    },
    {
        UINT32_C(280206),
        UINT64_C(0x3126A16A2D706331),
        UINT32_C(1149),
        UINT32_C(626),
        {0xEC,0x97,0x41,0x05,0x7E,0x12,0x8F,0x00,0x81,0x26,0x55,0x71,0x88,0xD4,0x75,0xB3,0xC0,0x82,0x1B,0x46,0xC7,0x30,0xB0,0x99,0x06,0xD8,0x36,0x16,0xEB,0xA0,0x5B,0x05},
        {0x29,0x6C,0x57,0xEF,0xEB,0x72,0x3E,0x13,0x20,0x95,0xE0,0xC4,0x8A,0xA7,0x51,0x6A,0x3F,0xC2,0x0C,0xC3,0xDB,0xF0,0x0A,0x21,0xD2,0xAE,0x09,0x89,0xEB,0xE8,0x29,0x90},
    },
    {
        UINT32_C(290292),
        UINT64_C(0x131EE55FA1FE09AD),
        UINT32_C(2048),
        UINT32_C(1200),
        {0xB6,0xEE,0xE6,0x0A,0xE1,0x32,0x42,0xE0,0x1F,0x8D,0x9A,0x73,0x5E,0x0D,0x5F,0x1E,0xFE,0x7E,0x56,0x55,0x48,0x41,0xD1,0x97,0xDD,0x64,0x60,0xEE,0xCD,0x2E,0xB7,0xAB},
        {0xC2,0x8D,0xB3,0x46,0x68,0xE8,0x15,0xEE,0x6D,0x32,0xC4,0xDA,0xA2,0x01,0x2D,0x74,0x32,0xC9,0x82,0x6D,0xCE,0x38,0x64,0x9A,0x07,0xFA,0xC3,0x70,0x97,0x3E,0xA1,0x9E},
    },
    {
        UINT32_C(291702),
        UINT64_C(0xA15F2861F6B1E2E7),
        UINT32_C(2048),
        UINT32_C(1200),
        {0x4C,0x3F,0xBB,0x1F,0x92,0x20,0x80,0xC2,0xC6,0xB3,0x45,0xD0,0xD1,0x13,0x81,0xF5,0x03,0xE6,0xBD,0x9D,0x18,0xE3,0x60,0xD3,0x07,0xD5,0x92,0xF3,0x28,0x1C,0xDD,0x35},
        {0x10,0x6E,0x21,0x1A,0x20,0xF7,0x71,0xA0,0x79,0xFA,0x88,0xFA,0xE5,0x6B,0x2D,0x92,0x32,0x68,0x68,0x56,0x6E,0x62,0x86,0xBB,0xB2,0x7C,0xB6,0x1C,0xA0,0x50,0xB8,0xEA},
    },
    {
        UINT32_C(292296),
        UINT64_C(0xC2537FB9DA364E3B),
        UINT32_C(2048),
        UINT32_C(1200),
        {0x35,0x36,0xE1,0xF4,0x9D,0x01,0x67,0x84,0x60,0x19,0xE0,0x9D,0xEB,0x3C,0xDA,0x55,0xBF,0x9F,0xA7,0x39,0x44,0x34,0x08,0xD1,0x65,0x54,0x1E,0x75,0x01,0x5F,0xCD,0x4A},
        {0x99,0xBA,0xDD,0x5A,0x37,0x52,0x3A,0x2A,0x0B,0x94,0x47,0x55,0xAA,0xA1,0xF9,0x47,0x8B,0xBE,0x6F,0x75,0xB2,0x52,0x22,0x69,0x31,0xF3,0xE2,0xA1,0x42,0xAB,0x0A,0x08},
    },
    {
        UINT32_C(292460),
        UINT64_C(0xFA38B2A4D271AA5F),
        UINT32_C(1024),
        UINT32_C(600),
        {0xDC,0x34,0x5D,0x99,0xCE,0x46,0xDA,0xD0,0x65,0x32,0xEA,0x93,0x96,0x99,0xC0,0x96,0x00,0x23,0x98,0x6E,0xBE,0xCA,0x18,0x13,0x28,0xCE,0x1E,0xFC,0x02,0xA5,0xBD,0x1D},
        {0x29,0xA0,0xB1,0x84,0xD1,0xBD,0x9C,0xBF,0x14,0xB4,0xD1,0x3D,0x10,0x92,0x9A,0xC2,0xD5,0x31,0xCB,0xA1,0xE0,0xDD,0xF2,0x1C,0xB6,0xFE,0x01,0x03,0x85,0x99,0xFE,0xA0},
    },
    {
        UINT32_C(293222),
        UINT64_C(0x96A512A8763CA68F),
        UINT32_C(2048),
        UINT32_C(1200),
        {0x14,0x36,0x7C,0xB8,0xFD,0x3A,0xFE,0x2C,0x9A,0xC3,0xCB,0x27,0xF0,0x98,0xC4,0x44,0xD2,0x5B,0x12,0xFC,0x71,0xBB,0xB7,0x84,0x13,0xDE,0x4B,0x79,0x2A,0x95,0x47,0x6B},
        {0x13,0xB7,0xEB,0x5B,0x68,0xD1,0xF2,0xB0,0x23,0x18,0x6F,0x45,0x66,0xB8,0x82,0xFF,0xCC,0xBC,0x54,0x0D,0x43,0x97,0xD7,0xB6,0x5D,0x77,0x98,0x4B,0x48,0x9C,0x75,0x47},
    },
    {
        UINT32_C(295866),
        UINT64_C(0xA19D103DFE2A0C13),
        UINT32_C(2048),
        UINT32_C(1200),
        {0xF6,0x72,0xCD,0x70,0x61,0x5B,0x90,0x3F,0xCF,0xC1,0xF0,0x7C,0x1B,0xE6,0x34,0x46,0x4F,0x26,0x79,0x8F,0x80,0x42,0xD3,0xE7,0xEF,0xFC,0xDE,0x1C,0x1B,0x55,0x66,0xF1},
        {0x49,0x7E,0xE4,0x70,0x6C,0x66,0x73,0xB6,0x25,0x3F,0xFB,0x0F,0x89,0xB0,0x3F,0x61,0x59,0xD1,0x27,0xE9,0xFB,0x6A,0x7C,0x9C,0xAF,0xF1,0x85,0x6B,0x66,0x28,0xF1,0xB9},
    },
    {
        UINT32_C(296102),
        UINT64_C(0x89DF9418ED426E33),
        UINT32_C(2048),
        UINT32_C(1200),
        {0x07,0x5D,0x02,0xEF,0xC9,0xB6,0x68,0x0D,0xC6,0x98,0x2A,0x7C,0x0D,0x9C,0x8D,0x8A,0xDA,0xD7,0x4B,0xB9,0xC1,0xBF,0x86,0x1B,0x29,0x5A,0xE1,0x9C,0xB3,0xDB,0x47,0xE7},
        {0x0D,0x25,0x93,0x51,0x79,0x6F,0x0C,0x5B,0x98,0x8C,0xB2,0x54,0x43,0xFE,0x90,0x84,0xBD,0x87,0x9F,0x76,0x52,0x6F,0x6E,0x88,0xD0,0xB0,0xD7,0xCD,0xCF,0xCB,0xAA,0xB1},
    },
    {
        UINT32_C(297506),
        UINT64_C(0x7687C7FC4F3EBFF4),
        UINT32_C(2048),
        UINT32_C(1200),
        {0x8B,0x53,0x77,0x4D,0x07,0xFC,0x13,0x2E,0x9A,0xC0,0xBA,0x43,0x35,0xFD,0x07,0xAD,0xF8,0xEC,0x56,0x57,0x98,0x32,0x9B,0x04,0x21,0xEA,0x41,0x21,0x32,0xDF,0x84,0xE8},
        {0xA3,0xA7,0xB7,0x51,0xF7,0x35,0x8C,0x2F,0x58,0x5E,0x62,0x53,0xEA,0x52,0x1D,0x54,0x92,0x88,0xA4,0x5D,0x6F,0x9A,0xD2,0x42,0xD5,0xF9,0xE1,0x46,0x01,0x6F,0xDE,0x1F},
    },
    {
        UINT32_C(297688),
        UINT64_C(0x46F03F1DDFCF7436),
        UINT32_C(2048),
        UINT32_C(1200),
        {0x60,0x7F,0xD5,0x19,0x48,0x9B,0xE2,0xA4,0x0B,0x1A,0x97,0x8A,0xB9,0xFD,0x29,0x40,0xE3,0x2E,0x52,0x0A,0x22,0x8E,0x48,0xD3,0xBC,0x26,0x37,0x92,0xD3,0xED,0x22,0x7E},
        {0x62,0xCB,0x50,0x56,0x99,0xB9,0xB8,0x63,0x4C,0x51,0x29,0x82,0x0E,0x43,0x2B,0xCD,0x1A,0xFB,0x5C,0xEA,0xD6,0x87,0x9C,0x1F,0x6E,0x09,0x44,0x2A,0x47,0x49,0x7C,0xCF},
    },
    {
        UINT32_C(298648),
        UINT64_C(0x199A90735FBAE16B),
        UINT32_C(2048),
        UINT32_C(1200),
        {0x25,0x88,0x36,0xCE,0xF4,0xBF,0xC2,0x9D,0x64,0x3B,0xAC,0x0A,0x35,0x42,0x7D,0x6D,0xB2,0x96,0x62,0x51,0x68,0xE3,0x9F,0x78,0x0F,0x68,0x3C,0x96,0x5D,0xF8,0xA3,0x99},
        {0xF1,0x10,0x3D,0xCD,0x95,0x46,0x64,0x7F,0xFA,0xE3,0x54,0xE5,0x79,0x23,0xF2,0xFE,0xB8,0x59,0xC0,0xB5,0x04,0x51,0xA7,0x98,0x07,0xAA,0x7C,0xD9,0xFC,0x3E,0x6C,0xA6},
    },
    {
        UINT32_C(298878),
        UINT64_C(0x8CD1FF027A20C6A4),
        UINT32_C(2048),
        UINT32_C(1200),
        {0x7D,0x92,0x17,0x97,0x98,0x0F,0x78,0x3E,0x3F,0x21,0xA0,0x02,0x0B,0x98,0x60,0x67,0x1A,0xD9,0x85,0x00,0xAD,0x6C,0xD2,0x1C,0xB9,0x85,0x00,0xE7,0xF4,0x06,0x62,0x02},
        {0x1D,0xA1,0x9E,0x73,0xDA,0x9B,0xB6,0xA0,0x64,0xC3,0xF7,0x79,0xC3,0xA2,0xDE,0xE2,0x2B,0x3D,0x70,0x49,0x8D,0xD9,0x9C,0x1C,0x55,0x85,0x5E,0xFB,0x11,0x52,0x42,0x60},
    },
    {
        UINT32_C(299578),
        UINT64_C(0x46E4916DD2B4F689),
        UINT32_C(2048),
        UINT32_C(1200),
        {0x95,0x26,0x06,0x59,0x0F,0x27,0xB1,0x91,0x03,0x7C,0x91,0x36,0xCB,0x22,0xC1,0xCB,0x2A,0x65,0xF8,0xF4,0x27,0xF1,0x71,0xB9,0x04,0x88,0x78,0x3E,0x35,0xC8,0x55,0x48},
        {0x67,0xA7,0x58,0x75,0xA6,0xAF,0x1C,0x06,0x9C,0x5A,0x0A,0xC1,0x17,0x33,0x94,0x4F,0x53,0x60,0xD5,0x0F,0x08,0x4C,0xF9,0x4D,0x97,0xF8,0x7F,0xB2,0xEC,0x12,0xF3,0xAF},
    },
    {
        UINT32_C(331472),
        UINT64_C(0x0570B8DC4C64CAD2),
        UINT32_C(1149),
        UINT32_C(626),
        {0x38,0xCE,0xA0,0xE6,0xAB,0x7C,0x07,0x10,0x87,0xAE,0x27,0x51,0x5A,0x0F,0xB7,0x9B,0x7A,0xC9,0xA1,0x4A,0x06,0x3C,0xB1,0x30,0x0D,0x8A,0x34,0x03,0xAA,0xDF,0x0F,0x70},
        {0xBC,0xB4,0xD4,0xBD,0x8D,0xD9,0xAA,0x6F,0xD9,0xED,0x1B,0xF0,0xA3,0x96,0xD9,0xB1,0x03,0x3F,0x3E,0x03,0xD5,0xB0,0x55,0x05,0x48,0x0A,0x1F,0xDF,0x04,0xEB,0xC6,0x21},
    },
    {
        UINT32_C(366162),
        UINT64_C(0x15FC88EDEE257506),
        UINT32_C(1149),
        UINT32_C(626),
        {0x01,0x3B,0x88,0x2D,0x6E,0x52,0x2C,0x23,0xBD,0x72,0xFF,0xAC,0x72,0x07,0x5A,0xA3,0x1A,0x7F,0xAE,0x9F,0x61,0x7F,0x85,0xFB,0xEA,0x5D,0x1D,0x3B,0x47,0x93,0x14,0xDB},
        {0x3A,0xF6,0x13,0x0A,0x94,0x50,0xBA,0x19,0xCA,0x5D,0x3B,0x7B,0x05,0x09,0xDA,0xBA,0x04,0xAA,0xBF,0xFA,0xC4,0x15,0x00,0x8D,0xF7,0xEB,0x00,0x8B,0xD4,0x01,0xA8,0xE5},
    },
    {
        UINT32_C(418917),
        UINT64_C(0xCCF57C0667C7527A),
        UINT32_C(1000),
        UINT32_C(800),
        {0x9B,0x0B,0x99,0x13,0x3D,0xD9,0x17,0x36,0x9D,0xDE,0x5F,0x08,0xD1,0x3A,0xE8,0xF0,0x6D,0xF7,0xB4,0x50,0xA3,0xAF,0xA2,0x45,0x6F,0x66,0x98,0x2F,0x82,0x85,0x60,0x29},
        {0x20,0x4A,0xCA,0x96,0x3E,0x7E,0x4B,0x2D,0xB3,0x01,0xC4,0x8B,0x3D,0xF0,0xCE,0x96,0x99,0xA4,0x92,0xFA,0x83,0xA4,0xDE,0x3C,0xD7,0x26,0x5D,0xC2,0x5F,0xBA,0x8D,0xE0},
    },
    {
        UINT32_C(457380),
        UINT64_C(0x439E7BD708375B40),
        UINT32_C(1280),
        UINT32_C(750),
        {0x24,0x42,0xD6,0x0E,0xD9,0xDE,0xE0,0xB9,0x82,0x0F,0x9D,0x99,0x0D,0x88,0xB5,0x9A,0x76,0x7A,0xFA,0xAA,0xED,0x11,0xB7,0xD7,0x5A,0xCE,0xF0,0x2B,0x59,0x08,0xED,0x7A},
        {0x05,0x8E,0x9D,0xE7,0x59,0x0C,0xBB,0x76,0x20,0x5C,0xBC,0x5A,0xD6,0x29,0x93,0x05,0xAD,0x22,0xE7,0xF5,0x7A,0x63,0x51,0x31,0xFC,0xA2,0x5E,0x48,0xFD,0xF3,0x1D,0x5D},
    },
    {
        UINT32_C(461154),
        UINT64_C(0xF69A2D78FF6A9F40),
        UINT32_C(1280),
        UINT32_C(750),
        {0x43,0x3D,0xD0,0xC0,0x31,0xFC,0x66,0x6C,0xA2,0x76,0xA0,0xB6,0xAA,0x8A,0x87,0x1D,0xA4,0x2E,0x31,0xA7,0x23,0xB2,0x48,0x8E,0x50,0xD9,0xFA,0x8D,0x75,0xFB,0x95,0xAD},
        {0xDF,0xE4,0x44,0x0B,0x23,0x03,0x3C,0xC9,0xA5,0xF3,0xFB,0x7D,0xF3,0x4C,0xA1,0xC6,0x32,0x2F,0x68,0xDB,0x35,0x26,0xBB,0x89,0x5E,0xC0,0xF1,0x4D,0xFA,0x0A,0x47,0xB3},
    },
    {
        UINT32_C(529826),
        UINT64_C(0xDF0E2BFDC152AD03),
        UINT32_C(1280),
        UINT32_C(750),
        {0x7F,0x01,0x17,0x83,0xD3,0x45,0xE4,0x63,0x30,0x12,0xB6,0x19,0x33,0x12,0x38,0xBB,0x8E,0x34,0xEC,0x41,0x5E,0x2F,0xE7,0x03,0xC0,0x45,0x2A,0xC4,0x80,0xDF,0xA2,0x84},
        {0x0C,0x18,0xA3,0x5B,0xAD,0x32,0xFF,0x04,0x6F,0x34,0xF2,0xA6,0xC0,0x7B,0xA2,0xFD,0xF2,0x4F,0xC3,0x6C,0xBB,0x37,0xC9,0xB1,0x82,0x26,0x73,0xD2,0xB3,0x24,0xFA,0x05},
    },
    {
        UINT32_C(543824),
        UINT64_C(0xEAE1DC71A9A7CE66),
        UINT32_C(1280),
        UINT32_C(750),
        {0x27,0xA9,0x82,0xA7,0x8F,0x68,0xDE,0x8E,0x58,0xF3,0x84,0xF3,0xD8,0xF3,0xCC,0xB0,0x49,0x3F,0x46,0x83,0x39,0xEB,0xAE,0xF1,0xAF,0x7C,0xDE,0x09,0xFF,0xA8,0xD5,0x27},
        {0x79,0xBF,0x1B,0x13,0x27,0x49,0x20,0x75,0xC2,0x28,0xFB,0xA8,0xE1,0x6D,0xD3,0xD9,0xD1,0x0B,0x22,0x0B,0x92,0xF4,0x47,0x55,0x20,0xB8,0x52,0xCD,0x57,0x9A,0xEC,0xD0},
    },
    {
        UINT32_C(588752),
        UINT64_C(0xE6AB27B93B508544),
        UINT32_C(1280),
        UINT32_C(750),
        {0xD7,0x51,0xEA,0xC1,0xAA,0x0B,0x7C,0xF8,0x47,0x7E,0x61,0xED,0xC6,0x1E,0x59,0xA4,0x1A,0x28,0x03,0xF1,0x2D,0x0E,0x2D,0x15,0xA7,0x62,0xB6,0x45,0x0F,0x95,0x11,0xE4},
        {0x87,0xE2,0x1E,0x6F,0x5D,0x97,0xA9,0x29,0x9D,0xBC,0x5F,0x8B,0x86,0x82,0x62,0x8E,0xC4,0x59,0x17,0xC3,0xA1,0x9A,0xE1,0x67,0xA0,0x4E,0x0E,0xFC,0x68,0x85,0x6D,0xC1},
    },
    {
        UINT32_C(593538),
        UINT64_C(0x0D9A132560F5B799),
        UINT32_C(1280),
        UINT32_C(750),
        {0xB3,0x64,0xD7,0xF3,0x0D,0xF9,0x5B,0x2B,0x01,0x0B,0x31,0xE8,0x46,0xDC,0xBD,0x5F,0x45,0x1C,0x7C,0x5E,0x40,0x39,0x66,0x59,0x18,0x87,0xAA,0xF3,0xB5,0x2C,0xF1,0xA2},
        {0xE1,0xA2,0xD4,0xD8,0xE6,0xA5,0x4F,0x13,0x86,0x78,0x60,0xA1,0x96,0xD6,0x5A,0xFC,0x55,0x4D,0xE0,0x6C,0xD2,0xF8,0x05,0x7A,0x5F,0x96,0x40,0xB6,0x8D,0x7B,0x46,0x50},
    },
    {
        UINT32_C(607140),
        UINT64_C(0xF27715E027AC5730),
        UINT32_C(1280),
        UINT32_C(750),
        {0x39,0x96,0x8E,0xBE,0x1B,0x63,0xC2,0xA4,0x3D,0xBB,0x8B,0x73,0x29,0xEC,0x68,0x66,0x24,0x50,0x5A,0xA9,0xA6,0x00,0x25,0x33,0xE3,0x05,0x9E,0xD6,0x3E,0x16,0x9E,0xC2},
        {0x85,0x81,0xD5,0x34,0x1B,0x11,0x34,0xA3,0x26,0xB0,0x6A,0x73,0x71,0x2B,0xEE,0x2A,0xAF,0x9D,0xD7,0x28,0x33,0x82,0x3A,0xEB,0x23,0xD0,0x13,0x41,0x46,0x2B,0x9C,0xC1},
    },
    {
        UINT32_C(611928),
        UINT64_C(0x8687AC0B91919EB9),
        UINT32_C(1280),
        UINT32_C(750),
        {0x14,0x78,0xBB,0xB7,0x1D,0x43,0xB7,0x69,0x00,0x48,0x90,0x22,0x5C,0x7F,0x84,0x2D,0x12,0x11,0x3C,0xF5,0x2A,0xE0,0xF8,0x5E,0xBC,0xD5,0x9A,0x84,0x83,0x93,0x36,0x31},
        {0x04,0x33,0x94,0x1F,0xA2,0x43,0x7F,0x63,0x5C,0x96,0x14,0x85,0x51,0x94,0xBE,0xEB,0xF1,0x73,0x59,0x27,0x38,0x65,0x7E,0xE2,0x0D,0x98,0xFD,0x80,0xC2,0xFE,0xBE,0x2B},
    },
    {
        UINT32_C(706044),
        UINT64_C(0x6C5555DA1400BD8E),
        UINT32_C(1149),
        UINT32_C(626),
        {0x38,0xCE,0xA0,0xE6,0xAB,0x7C,0x07,0x10,0x87,0xAE,0x27,0x51,0x5A,0x0F,0xB7,0x9B,0x7A,0xC9,0xA1,0x4A,0x06,0x3C,0xB1,0x30,0x0D,0x8A,0x34,0x03,0xAA,0xDF,0x0F,0x70},
        {0xBC,0xB4,0xD4,0xBD,0x8D,0xD9,0xAA,0x6F,0xD9,0xED,0x1B,0xF0,0xA3,0x96,0xD9,0xB1,0x03,0x3F,0x3E,0x03,0xD5,0xB0,0x55,0x05,0x48,0x0A,0x1F,0xDF,0x04,0xEB,0xC6,0x21},
    },
    {
        UINT32_C(718310),
        UINT64_C(0x0CF54D228E8A0810),
        UINT32_C(1280),
        UINT32_C(750),
        {0xE3,0xA2,0x52,0xAF,0xBD,0xA8,0x83,0x43,0x6F,0xFA,0x54,0x87,0x04,0x18,0xDA,0xC9,0x82,0x38,0x13,0xAC,0x65,0x92,0x59,0x5E,0x35,0x42,0xAD,0x9C,0x71,0x66,0x23,0x9C},
        {0x3D,0xE5,0xF4,0x18,0x0F,0xD8,0x22,0xD0,0x9F,0x0F,0x4C,0xF8,0xEF,0x9C,0x40,0xD1,0xAF,0xCC,0xE5,0xAF,0x5F,0x97,0xCF,0x9A,0x63,0x34,0xFB,0x8C,0xF4,0xFA,0xB5,0x20},
    },
    {
        UINT32_C(875076),
        UINT64_C(0x85AEA41202980DE4),
        UINT32_C(1280),
        UINT32_C(750),
        {0x4C,0x7A,0xA1,0xC0,0xAA,0xFB,0xBB,0x5C,0x6E,0x90,0x3B,0xBB,0xBC,0x44,0x7D,0x0B,0x9B,0xCE,0x16,0x1F,0xC2,0x89,0xC5,0x0C,0xB4,0xDC,0x76,0xE0,0x02,0x15,0xE8,0xAB},
        {0xC9,0x23,0x94,0x02,0xB4,0x57,0x12,0x40,0xA8,0x1C,0x06,0x5E,0xF6,0xB7,0xE0,0x8F,0x6C,0x4D,0xE3,0x53,0x98,0xB6,0xD1,0xBC,0xB2,0xAB,0x15,0x3C,0x7A,0xBE,0x95,0x44},
    },
    {
        UINT32_C(1132782),
        UINT64_C(0x96C2ABD4521298EB),
        UINT32_C(1280),
        UINT32_C(750),
        {0xF4,0x67,0xCC,0xEC,0xC4,0x89,0x97,0x6E,0xE9,0x5A,0x77,0x3C,0xB4,0xFE,0x16,0x5C,0x78,0xE7,0xD1,0x46,0x06,0xBD,0xD9,0x1C,0x64,0x91,0x4E,0x43,0xFD,0x41,0xB4,0x6E},
        {0xBD,0xD9,0x7E,0xC9,0x27,0xB4,0x8F,0xBD,0x52,0xE2,0xA2,0x3E,0x0B,0xA8,0x7A,0x17,0x7C,0xB8,0x2D,0x19,0x93,0x30,0x4F,0x09,0x29,0xD1,0x50,0x13,0xC9,0xD8,0xE7,0xBB},
    },
};
static const uint32_t photon_v6_pm_exact_rgba_count =
    UINT32_C(1475);

#endif /* PHOTON_V6_PM_EXACT_RGBA_TABLE_GENERATED_H */
