jp,cn,status,chapter,source,source_row,source_status,occurrences,basis
アイアンサイド大尉,艾恩赛德上尉,contextual,本作；详见使用限制,selected-tda02,2,provisional-selected,,仅作翻译审校参考；确认对应专名/军事称谓后使用，不自动替换正文；来自上一轮暂定专表，不是历史全量基线。
イーグル,鹰,contextual,本作；详见使用限制,selected-tda02,3,provisional-selected,,仅作翻译审校参考；确认对应专名/军事称谓后使用，不自动替换正文；来自上一轮暂定专表，不是历史全量基线。
ウォードッグ,战犬,contextual,本作；详见使用限制,selected-tda02,4,provisional-selected,,仅作翻译审校参考；确认对应专名/军事称谓后使用，不自动替换正文；来自上一轮暂定专表，不是历史全量基线。
ウォードッグス,战犬,contextual,本作；详见使用限制,selected-tda02,5,provisional-selected,,仅作翻译审校参考；确认对应专名/军事称谓后使用，不自动替换正文；来自上一轮暂定专表，不是历史全量基线。
ウォードッグ小隊,战犬小队,contextual,本作；详见使用限制,selected-tda02,6,provisional-selected,,仅作翻译审校参考；确认对应专名/军事称谓后使用，不自动替换正文；来自上一轮暂定专表，不是历史全量基线。
ウォードッグ隊,战犬队,contextual,本作；详见使用限制,selected-tda02,7,provisional-selected,,仅作翻译审校参考；确认对应专名/军事称谓后使用，不自动替换正文；来自上一轮暂定专表，不是历史全量基线。
エレン,艾伦,contextual,本作；详见使用限制,selected-tda02,8,provisional-selected,,仅作翻译审校参考；确认对应专名/军事称谓后使用，不自动替换正文；来自上一轮暂定专表，不是历史全量基线。
エレン・エイス,艾伦·艾斯,contextual,本作；详见使用限制,selected-tda02,9,provisional-selected,,仅作翻译审校参考；确认对应专名/军事称谓后使用，不自动替换正文；来自上一轮暂定专表，不是历史全量基线。
エレン・エイス少尉,艾伦·艾斯少尉,contextual,本作；详见使用限制,selected-tda02,10,provisional-selected,,仅作翻译审校参考；确认对应专名/军事称谓后使用，不自动替换正文；来自上一轮暂定专表，不是历史全量基线。
オーストラリア,澳大利亚,contextual,本作；详见使用限制,selected-tda02,11,provisional-selected,,仅作翻译审校参考；确认对应专名/军事称谓后使用，不自动替换正文；来自上一轮暂定专表，不是历史全量基线。
クレイン,鹤,contextual,本作；详见使用限制,selected-tda02,12,provisional-selected,,仅作翻译审校参考；确认对应专名/军事称谓后使用，不自动替换正文；来自上一轮暂定专表，不是历史全量基线。
クレイン中隊,鹤中队,contextual,本作；详见使用限制,selected-tda02,13,provisional-selected,,仅作翻译审校参考；确认对应专名/军事称谓后使用，不自动替换正文；来自上一轮暂定专表，不是历史全量基线。
シアトル,西雅图,contextual,本作；详见使用限制,selected-tda02,14,provisional-selected,,仅作翻译审校参考；确认对应专名/军事称谓后使用，不自动替换正文；来自上一轮暂定专表，不是历史全量基线。
シェルベリ,谢尔贝里,contextual,本作；详见使用限制,selected-tda02,15,provisional-selected,,仅作翻译审校参考；确认对应专名/军事称谓后使用，不自动替换正文；来自上一轮暂定专表，不是历史全量基线。
ジョン・Ｆ・ケネディ,约翰·F·肯尼迪,contextual,本作；详见使用限制,selected-tda02,16,provisional-selected,,仅作翻译审校参考；确认对应专名/军事称谓后使用，不自动替换正文；来自上一轮暂定专表，不是历史全量基线。
タコマ,塔科马,contextual,本作；详见使用限制,selected-tda02,17,provisional-selected,,仅作翻译审校参考；确认对应专名/军事称谓后使用，不自动替换正文；来自上一轮暂定专表，不是历史全量基线。
ナイトオウル,夜枭,contextual,本作；详见使用限制,selected-tda02,18,provisional-selected,,仅作翻译审校参考；确认对应专名/军事称谓后使用，不自动替换正文；来自上一轮暂定专表，不是历史全量基线。
ナイヴス・リード,黑刃长机,contextual,本作；详见使用限制,selected-tda02,19,provisional-selected,,仅作翻译审校参考；确认对应专名/军事称谓后使用，不自动替换正文；来自上一轮暂定专表，不是历史全量基线。
ナイヴス１,黑刃1,contextual,本作；详见使用限制,selected-tda02,20,provisional-selected,,仅作翻译审校参考；确认对应专名/军事称谓后使用，不自动替换正文；来自上一轮暂定专表，不是历史全量基线。
ハワイ,夏威夷,contextual,本作；详见使用限制,selected-tda02,21,provisional-selected,,仅作翻译审校参考；确认对应专名/军事称谓后使用，不自动替换正文；来自上一轮暂定专表，不是历史全量基线。
ハンター,猎人,contextual,本作；详见使用限制,selected-tda02,22,provisional-selected,,仅作翻译审校参考；确认对应专名/军事称谓后使用，不自动替换正文；来自上一轮暂定专表，不是历史全量基线。
バビロン,巴比伦,contextual,本作；详见使用限制,selected-tda02,23,provisional-selected,,仅作翻译审校参考；确认对应专名/军事称谓后使用，不自动替换正文；来自上一轮暂定专表，不是历史全量基线。
バビロン作戦,巴比伦作战,contextual,本作；详见使用限制,selected-tda02,24,provisional-selected,,仅作翻译审校参考；确认对应专名/军事称谓后使用，不自动替换正文；来自上一轮暂定专表，不是历史全量基线。
ヒル中尉,希尔中尉,contextual,本作；详见使用限制,selected-tda02,25,provisional-selected,,仅作翻译审校参考；确认对应专名/军事称谓后使用，不自动替换正文；来自上一轮暂定专表，不是历史全量基线。
フェザント,雉鸡,contextual,本作；详见使用限制,selected-tda02,26,provisional-selected,,仅作翻译审校参考；确认对应专名/军事称谓后使用，不自动替换正文；来自上一轮暂定专表，不是历史全量基线。
フォートルイス,刘易斯堡,contextual,本作；详见使用限制,selected-tda02,27,provisional-selected,,仅作翻译审校参考；确认对应专名/军事称谓后使用，不自动替换正文；来自上一轮暂定专表，不是历史全量基线。
フォートルイス基地,刘易斯堡基地,contextual,本作；详见使用限制,selected-tda02,28,provisional-selected,,仅作翻译审校参考；确认对应专名/军事称谓后使用，不自动替换正文；来自上一轮暂定专表，不是历史全量基线。
フォートルイス米軍基地,刘易斯堡美军基地,contextual,本作；详见使用限制,selected-tda02,29,provisional-selected,,仅作翻译审校参考；确认对应专名/军事称谓后使用，不自动替换正文；来自上一轮暂定专表，不是历史全量基线。
フランス軍,法军,contextual,本作；详见使用限制,selected-tda02,30,provisional-selected,,仅作翻译审校参考；确认对应专名/军事称谓后使用，不自动替换正文；来自上一轮暂定专表，不是历史全量基线。
ボクサー,拳师号,contextual,本作；详见使用限制,selected-tda02,31,provisional-selected,,仅作翻译审校参考；确认对应专名/军事称谓后使用，不自动替换正文；来自上一轮暂定专表，不是历史全量基线。
マクガイヤ准将,麦圭尔准将,contextual,本作；详见使用限制,selected-tda02,32,provisional-selected,,仅作翻译审校参考；确认对应专名/军事称谓后使用，不自动替换正文；来自上一轮暂定专表，不是历史全量基线。
ミラージュ,幻影,contextual,本作；详见使用限制,selected-tda02,33,provisional-selected,,仅作翻译审校参考；确认对应专名/军事称谓后使用，不自动替换正文；来自上一轮暂定专表，不是历史全量基线。
リリア・シェルベリ,莉莉娅·谢尔贝里,contextual,本作；详见使用限制,selected-tda02,34,provisional-selected,,仅作翻译审校参考；确认对应专名/军事称谓后使用，不自动替换正文；来自上一轮暂定专表，不是历史全量基线。
一郎,一郎,contextual,本作；详见使用限制,selected-tda02,35,provisional-selected,,仅作翻译审校参考；确认对应专名/军事称谓后使用，不自动替换正文；来自上一轮暂定专表，不是历史全量基线。
千堂,千堂,contextual,本作；详见使用限制,selected-tda02,36,provisional-selected,,仅作翻译审校参考；确认对应专名/军事称谓后使用，不自动替换正文；来自上一轮暂定专表，不是历史全量基线。
千堂少尉,千堂少尉,contextual,本作；详见使用限制,selected-tda02,37,provisional-selected,,仅作翻译审校参考；确认对应专名/军事称谓后使用，不自动替换正文；来自上一轮暂定专表，不是历史全量基线。
千堂柚香,千堂柚香,contextual,本作；详见使用限制,selected-tda02,38,provisional-selected,,仅作翻译审校参考；确认对应专名/军事称谓后使用，不自动替换正文；来自上一轮暂定专表，不是历史全量基线。
千堂柚香少尉,千堂柚香少尉,contextual,本作；详见使用限制,selected-tda02,39,provisional-selected,,仅作翻译审校参考；确认对应专名/军事称谓后使用，不自动替换正文；来自上一轮暂定专表，不是历史全量基线。
古手川先生,古手川老师,contextual,本作；详见使用限制,selected-tda02,40,provisional-selected,,仅作翻译审校参考；确认对应专名/军事称谓后使用，不自动替换正文；来自上一轮暂定专表，不是历史全量基线。
合衆国,合众国,contextual,本作；详见使用限制,selected-tda02,41,provisional-selected,,仅作翻译审校参考；确认对应专名/军事称谓后使用，不自动替换正文；来自上一轮暂定专表，不是历史全量基线。
大上中尉,大上中尉,contextual,本作；详见使用限制,selected-tda02,42,provisional-selected,,仅作翻译审校参考；确认对应专名/军事称谓后使用，不自动替换正文；来自上一轮暂定专表，不是历史全量基线。
大上律子中尉,大上律子中尉,contextual,本作；详见使用限制,selected-tda02,43,provisional-selected,,仅作翻译审校参考；确认对应专名/军事称谓后使用，不自动替换正文；来自上一轮暂定专表，不是历史全量基线。
寺本,寺本,contextual,本作；详见使用限制,selected-tda02,44,provisional-selected,,仅作翻译审校参考；确认对应专名/军事称谓后使用，不自动替换正文；来自上一轮暂定专表，不是历史全量基线。
巴少尉,巴少尉,contextual,本作；详见使用限制,selected-tda02,45,provisional-selected,,仅作翻译审校参考；确认对应专名/军事称谓后使用，不自动替换正文；来自上一轮暂定专表，不是历史全量基线。
帝国軍兵士,帝国军士兵,contextual,本作；详见使用限制,selected-tda02,46,provisional-selected,,仅作翻译审校参考；确认对应专名/军事称谓后使用，不自动替换正文；来自上一轮暂定专表，不是历史全量基线。
帝国軍衛士,帝国军卫士,contextual,本作；详见使用限制,selected-tda02,47,provisional-selected,,仅作翻译审校参考；确认对应专名/军事称谓后使用，不自动替换正文；来自上一轮暂定专表，不是历史全量基线。
帝国陸軍特殊作戦団第一歩兵連隊第一中隊,帝国陆军特殊作战团第一步兵连第一中队,contextual,本作；详见使用限制,selected-tda02,48,provisional-selected,,仅作翻译审校参考；确认对应专名/军事称谓后使用，不自动替换正文；来自上一轮暂定专表，不是历史全量基线。
強襲揚陸艦ボクサー,强袭登陆舰拳师号,contextual,本作；详见使用限制,selected-tda02,49,provisional-selected,,仅作翻译审校参考；确认对应专名/军事称谓后使用，不自动替换正文；来自上一轮暂定专表，不是历史全量基线。
悠陽,悠阳,contextual,本作；详见使用限制,selected-tda02,50,provisional-selected,,仅作翻译审校参考；确认对应专名/军事称谓后使用，不自动替换正文；来自上一轮暂定专表，不是历史全量基线。
悠陽殿下,悠阳殿下,contextual,本作；详见使用限制,selected-tda02,51,provisional-selected,,仅作翻译审校参考；确认对应专名/军事称谓后使用，不自动替换正文；来自上一轮暂定专表，不是历史全量基线。
戦術機母艦,战术机母舰,contextual,本作；详见使用限制,selected-tda02,52,provisional-selected,,仅作翻译审校参考；确认对应专名/军事称谓后使用，不自动替换正文；来自上一轮暂定专表，不是历史全量基线。
戦術機部隊,战术机部队,contextual,本作；详见使用限制,selected-tda02,53,provisional-selected,,仅作翻译审校参考；确认对应专名/军事称谓后使用，不自动替换正文；来自上一轮暂定专表，不是历史全量基线。
整備班長,整备班长,contextual,本作；详见使用限制,selected-tda02,54,provisional-selected,,仅作翻译审校参考；确认对应专名/军事称谓后使用，不自动替换正文；来自上一轮暂定专表，不是历史全量基线。
斑鳩,斑鸠,contextual,本作；详见使用限制,selected-tda02,55,provisional-selected,,仅作翻译审校参考；确认对应专名/军事称谓后使用，不自动替换正文；来自上一轮暂定专表，不是历史全量基线。
斑鳩閣下,斑鸠阁下,contextual,本作；详见使用限制,selected-tda02,56,provisional-selected,,仅作翻译审校参考；确认对应专名/军事称谓后使用，不自动替换正文；来自上一轮暂定专表，不是历史全量基线。
日本帝国欧州派遣軍イーグル中隊,日本帝国欧洲派遣军鹰中队,contextual,本作；详见使用限制,selected-tda02,57,provisional-selected,,仅作翻译审校参考；确认对应专名/军事称谓后使用，不自动替换正文；来自上一轮暂定专表，不是历史全量基线。
月詠中尉,月咏中尉,contextual,本作；详见使用限制,selected-tda02,58,provisional-selected,,仅作翻译审校参考；确认对应专名/军事称谓后使用，不自动替换正文；来自上一轮暂定专表，不是历史全量基线。
松風,松风,contextual,本作；详见使用限制,selected-tda02,59,provisional-selected,,仅作翻译审校参考；确认对应专名/军事称谓后使用，不自动替换正文；来自上一轮暂定专表，不是历史全量基线。
松風諒一,松风谅一,contextual,本作；详见使用限制,selected-tda02,60,provisional-selected,,仅作翻译审校参考；确认对应专名/军事称谓后使用，不自动替换正文；来自上一轮暂定专表，不是历史全量基线。
柚香,柚香,contextual,本作；详见使用限制,selected-tda02,61,provisional-selected,,仅作翻译审校参考；确认对应专名/军事称谓后使用，不自动替换正文；来自上一轮暂定专表，不是历史全量基线。
楠本,楠本,contextual,本作；详见使用限制,selected-tda02,62,provisional-selected,,仅作翻译审校参考；确认对应专名/军事称谓后使用，不自动替换正文；来自上一轮暂定专表，不是历史全量基线。
楠本さやか,楠本沙也加,contextual,本作；详见使用限制,selected-tda02,63,provisional-selected,,仅作翻译审校参考；确认对应专名/军事称谓后使用，不自动替换正文；来自上一轮暂定专表，不是历史全量基线。
沙霧大尉,沙雾上尉,contextual,本作；详见使用限制,selected-tda02,64,provisional-selected,,仅作翻译审校参考；确认对应专名/军事称谓后使用，不自动替换正文；来自上一轮暂定专表，不是历史全量基线。
浅葱,浅葱,contextual,本作；详见使用限制,selected-tda02,65,provisional-selected,,仅作翻译审校参考；确认对应专名/军事称谓后使用，不自动替换正文；来自上一轮暂定专表，不是历史全量基线。
海軍戦術機部隊,海军战术机部队,contextual,本作；详见使用限制,selected-tda02,66,provisional-selected,,仅作翻译审校参考；确认对应专名/军事称谓后使用，不自动替换正文；来自上一轮暂定专表，不是历史全量基线。
神代少尉,神代少尉,contextual,本作；详见使用限制,selected-tda02,67,provisional-selected,,仅作翻译审校参考；确认对应专名/军事称谓后使用，不自动替换正文；来自上一轮暂定专表，不是历史全量基线。
神宮司,神宫司,contextual,本作；详见使用限制,selected-tda02,68,provisional-selected,,仅作翻译审校参考；确认对应专名/军事称谓后使用，不自动替换正文；来自上一轮暂定专表，不是历史全量基线。
米国,美国,contextual,本作；详见使用限制,selected-tda02,69,provisional-selected,,仅作翻译审校参考；确认对应专名/军事称谓后使用，不自动替换正文；来自上一轮暂定专表，不是历史全量基线。
米国人,美国人,contextual,本作；详见使用限制,selected-tda02,70,provisional-selected,,仅作翻译审校参考；确认对应专名/军事称谓后使用，不自动替换正文；来自上一轮暂定专表，不是历史全量基线。
米国海兵隊,美国海军陆战队,contextual,本作；详见使用限制,selected-tda02,71,provisional-selected,,仅作翻译审校参考；确认对应专名/军事称谓后使用，不自动替换正文；来自上一轮暂定专表，不是历史全量基线。
米国海兵隊戦術機部隊ブラックナイヴス,美国海军陆战队战术机部队黑刃队,contextual,本作；详见使用限制,selected-tda02,72,provisional-selected,,仅作翻译审校参考；确认对应专名/军事称谓后使用，不自动替换正文；来自上一轮暂定专表，不是历史全量基线。
米国陸軍第１軍団第６６戦術機甲大隊,美国陆军第1军团第66战术机甲大队,contextual,本作；详见使用限制,selected-tda02,73,provisional-selected,,仅作翻译审校参考；确认对应专名/军事称谓后使用，不自动替换正文；来自上一轮暂定专表，不是历史全量基线。
米軍,美军,contextual,本作；详见使用限制,selected-tda02,74,provisional-selected,,仅作翻译审校参考；确认对应专名/军事称谓后使用，不自动替换正文；来自上一轮暂定专表，不是历史全量基线。
米軍衛士,美军卫士,contextual,本作；详见使用限制,selected-tda02,75,provisional-selected,,仅作翻译审校参考；确认对应专名/军事称谓后使用，不自动替换正文；来自上一轮暂定专表，不是历史全量基线。
美桜乃少尉,美樱乃少尉,contextual,本作；详见使用限制,selected-tda02,76,provisional-selected,,仅作翻译审校参考；确认对应专名/军事称谓后使用，不自动替换正文；来自上一轮暂定专表，不是历史全量基线。
美桜乃雫,美樱乃雫,contextual,本作；详见使用限制,selected-tda02,77,provisional-selected,,仅作翻译审校参考；确认对应专名/军事称谓后使用，不自动替换正文；来自上一轮暂定专表，不是历史全量基线。
美桜乃雫少尉,美樱乃雫少尉,contextual,本作；详见使用限制,selected-tda02,78,provisional-selected,,仅作翻译审校参考；确认对应专名/军事称谓后使用，不自动替换正文；来自上一轮暂定专表，不是历史全量基线。
軌道降下兵,轨道降下兵,contextual,本作；详见使用限制,selected-tda02,79,provisional-selected,,本作采用轨道降下兵；旧表轨道潜水员错误，不自动改正文中的其他译法；来自上一轮暂定专表，不是历史全量基线。
雫,雫,contextual,本作；详见使用限制,selected-tda02,80,provisional-selected,,仅作翻译审校参考；确认对应专名/军事称谓后使用，不自动替换正文；来自上一轮暂定专表，不是历史全量基线。
響,响,contextual,本作；详见使用限制,selected-tda02,81,provisional-selected,,仅作翻译审校参考；确认对应专名/军事称谓后使用，不自动替换正文；来自上一轮暂定专表，不是历史全量基线。
龍浪,龙浪,contextual,本作；详见使用限制,selected-tda02,82,provisional-selected,,仅作翻译审校参考；确认对应专名/军事称谓后使用，不自动替换正文；来自上一轮暂定专表，不是历史全量基线。
龍浪中尉,龙浪中尉,contextual,本作；详见使用限制,selected-tda02,83,provisional-selected,,仅作翻译审校参考；确认对应专名/军事称谓后使用，不自动替换正文；来自上一轮暂定专表，不是历史全量基线。
龍浪響,龙浪响,contextual,本作；详见使用限制,selected-tda02,84,provisional-selected,,仅作翻译审校参考；确认对应专名/军事称谓后使用，不自动替换正文；来自上一轮暂定专表，不是历史全量基线。
龍浪響中尉,龙浪响中尉,contextual,本作；详见使用限制,selected-tda02,85,provisional-selected,,仅作翻译审校参考；确认对应专名/军事称谓后使用，不自动替换正文；来自上一轮暂定专表，不是历史全量基线。
Ｂ小隊,B小队,contextual,本作；详见使用限制,selected-tda02,86,provisional-selected,,仅作翻译审校参考；确认对应专名/军事称谓后使用，不自动替换正文；来自上一轮暂定专表，不是历史全量基线。
ァァ,啊啊,excluded,150_２００５年１２月２４日（土）_169_松風奮闘,mixed,10,unscoped,1,旧混合表；出现不等于译法正确；仅证实在本作出现；译法、单字子串及称谓语境仍需审定。
アルフレッド・ウォーケン,阿尔弗雷德·沃肯,candidate,120_２００５年１２月２２日（木）_147_プラント外３島嶼地区,mixed,20,unscoped,2,旧混合表；出现不等于译法正确；仅证实在本作出现；译法、单字子串及称谓语境仍需审定。
アルフレッド・ウォーケン少佐,阿尔弗雷德·沃肯少佐,candidate,120_２００５年１２月２２日（木）_147_プラント外３島嶼地区,mixed,22,unscoped,2,旧混合表；出现不等于译法正确；仅证实在本作出现；译法、单字子串及称谓语境仍需审定。
イーグル,鹰,candidate,050_２００５年１２月０４日（日）_052_欧州派遣軍参戦 / 050_２００５年１２月０４日（日）_054_カナダ軍特攻 / 070_２００５年１２月０７日（水）_070_悪夢　尊厳,mixed,32,unscoped,4,旧混合表；出现不等于译法正确；仅证实在本作出现；译法、单字子串及称谓语境仍需审定。
ウォーケン,沃肯,candidate,080_２００５年１２月０８日（木）_086_米軍デブリーフィング / 100_２００５年１２月１０日（土）_102_まりもと食事 / 120_２００５年１２月２２日（木）_121_レセプション・ウォーケン登場 / 120_２００５年１２月２２日（木）_126_帰宅し丘の上にて / 120_２００５年１２月２２日（木）_129_同時刻：米軍サイド / 120_２００５年１２月２２日（木）_135_響吶喊 / 120_２００５年１２月２２日（木）_147_プラント外３島嶼地区 / 150_２００５年１２月２４日（土）_152_格納庫にて待機する響 / 150_２００５年１２月２４日（土）_162_駒木の苦悩,mixed,42,unscoped,15,旧混合表；出现不等于译法正确；仅证实在本作出现；译法、单字子串及称谓语境仍需审定。
ウォーケン少佐,沃肯少佐,candidate,080_２００５年１２月０８日（木）_086_米軍デブリーフィング / 100_２００５年１２月１０日（土）_102_まりもと食事 / 120_２００５年１２月２２日（木）_121_レセプション・ウォーケン登場 / 120_２００５年１２月２２日（木）_126_帰宅し丘の上にて / 120_２００５年１２月２２日（木）_129_同時刻：米軍サイド / 120_２００５年１２月２２日（木）_135_響吶喊 / 120_２００５年１２月２２日（木）_147_プラント外３島嶼地区 / 150_２００５年１２月２４日（土）_152_格納庫にて待機する響 / 150_２００５年１２月２４日（土）_162_駒木の苦悩,mixed,44,unscoped,15,旧混合表；出现不等于译法正确；仅证实在本作出现；译法、单字子串及称谓语境仍需审定。
ウォードッグ,战犬,candidate,030_２００５年１２月０２日（金）_033_対光線級演習 / 030_２００５年１２月０２日（金）_034_演習後デブリーフィング / 030_２００５年１２月０２日（金）_035_格納庫で落ち込む雫＆律子登場 / 060_２００５年１２月０５日（月）_061_プラント警備 / 080_２００５年１２月０８日（木）_085_ウォードッグの戦い / 110_２００５年１２月１１日（日）_110_生産プラントで決意する響 / 120_２００５年１２月２２日（木）_131_序盤戦 / 120_２００５年１２月２２日（木）_134_窮地 / 120_２００５年１２月２２日（木）_135_響吶喊 / 120_２００５年１２月２２日（木）_137_残されたウォードッグ / 120_２００５年１２月２２日（木）_138_生産プラントに侵入した響 / 120_２００５年１２月２２日（木）_145_プラント外の戦術機部隊 / 120_２００５年１２月２２日（木）_148_安全確保 / 150_２００５年１２月２４日（土）_174_ナウシカ,mixed,45,unscoped,26,旧混合表；出现不等于译法正确；仅证实在本作出现；译法、单字子串及称谓语境仍需审定。
ウォードッグス,战犬,candidate,120_２００５年１２月２２日（木）_130_戦闘開始 / 120_２００５年１２月２２日（木）_135_響吶喊 / 120_２００５年１２月２２日（木）_148_安全確保,mixed,46,unscoped,3,旧混合表；出现不等于译法正确；仅证实在本作出现；译法、单字子串及称谓语境仍需审定。
ウォードッグ小隊,战犬小队,candidate,030_２００５年１２月０２日（金）_035_格納庫で落ち込む雫＆律子登場 / 120_２００５年１２月２２日（木）_148_安全確保,mixed,47,unscoped,2,旧混合表；出现不等于译法正确；仅证实在本作出现；译法、单字子串及称谓语境仍需审定。
ウォードッグ隊,战犬队,candidate,030_２００５年１２月０２日（金）_034_演習後デブリーフィング,mixed,48,unscoped,1,旧混合表；出现不等于译法正确；仅证实在本作出现；译法、单字子串及称谓语境仍需审定。
ウチ,我方/本舰,excluded,010_プロローグ_012_プロローグ２　ニュース概況 / 030_２００５年１２月０２日（金）_035_格納庫で落ち込む雫＆律子登場 / 050_２００５年１２月０４日（日）_050_悪夢の始まり：大海崩後の世界 / 050_２００５年１２月０４日（日）_058_シミュレーター特訓後のデブリーフィング / 110_２００５年１２月１１日（日）_110_生産プラントで決意する響,mixed,49,unscoped,5,旧混合表；出现不等于译法正确；仅证实在本作出现；译法、单字子串及称谓语境仍需审定。
エリア,区域,candidate,010_プロローグ_012_プロローグ２　ニュース概況 / 030_２００５年１２月０２日（金）_033_対光線級演習 / 080_２００５年１２月０８日（木）_085_ウォードッグの戦い,mixed,51,unscoped,3,旧混合表；出现不等于译法正确；仅证实在本作出现；译法、单字子串及称谓语境仍需审定。
エレメント,分队,candidate,120_２００５年１２月２２日（木）_134_窮地 / 120_２００５年１２月２２日（木）_135_響吶喊,mixed,52,unscoped,4,旧混合表；出现不等于译法正确；仅证实在本作出现；译法、单字子串及称谓语境仍需审定。
エレン,艾伦,candidate,010_プロローグ_012_プロローグ２　ニュース概況 / 020_２００５年１２月０１日（木）_021_格納庫にて / 030_２００５年１２月０２日（金）_032_食堂 / 030_２００５年１２月０２日（金）_035_格納庫で落ち込む雫＆律子登場 / 030_２００５年１２月０２日（金）_036_丘の上で柚香、エレンと / 050_２００５年１２月０４日（日）_058_シミュレーター特訓後のデブリーフィング / 050_２００５年１２月０４日（日）_059_龍浪と律子 / 060_２００５年１２月０５日（月）_060_プラントへ向かう道 / 060_２００５年１２月０５日（月）_061_プラント警備 / 060_２００５年１２月０５日（月）_062_孤児施設 / 080_２００５年１２月０８日（木）_087_落ち込む雫 / 090_２００５年１２月０９日（金）_091_医局にて診察を受ける雫 / 090_２００５年１２月０９日（金）_093_丘の上にてエレンと / 100_２００５年１２月１０日（土）_100_エレン私室 / 110_２００５年１２月１１日（日）_110_生産プラントで決意する響 / 120_２００５年１２月２２日（木）_120_プラント・レセプション / 120_２００５年１２月２２日（木）_121_レセプション・ウォーケン登場 / 120_２００５年１２月２２日（木）_135_響吶喊 / 150_２００５年１２月２４日（土）_152_格納庫にて待機する響 / 150_２００５年１２月２４日（土）_153_孤児院に赴く雫 / 150_２００５年１２月２４日（土）_173_停戦命令,mixed,53,unscoped,50,旧混合表；出现不等于译法正确；仅证实在本作出现；译法、单字子串及称谓语境仍需审定。
エレン・エイス,艾伦·艾斯,candidate,120_２００５年１２月２２日（木）_121_レセプション・ウォーケン登場,mixed,54,unscoped,2,旧混合表；出现不等于译法正确；仅证实在本作出现；译法、单字子串及称谓语境仍需审定。
エレン・エイス少尉,艾伦·艾斯少尉,candidate,120_２００５年１２月２２日（木）_121_レセプション・ウォーケン登場,mixed,56,unscoped,1,旧混合表；出现不等于译法正确；仅证实在本作出现；译法、单字子串及称谓语境仍需审定。
オペレーター,操作员,candidate,090_２００５年１２月０９日（金）_093_丘の上にてエレンと,mixed,62,unscoped,1,旧混合表；出现不等于译法正确；仅证实在本作出现；译法、单字子串及称谓语境仍需审定。
オーストラリア,澳大利亚,candidate,080_２００５年１２月０８日（木）_086_米軍デブリーフィング,mixed,66,unscoped,1,旧混合表；出现不等于译法正确；仅证实在本作出现；译法、单字子串及称谓语境仍需审定。
オール・ナイヴス,黑刃全机,candidate,080_２００５年１２月０８日（木）_084_シミュレーションバトル,mixed,68,unscoped,1,旧混合表；出现不等于译法正确；仅证实在本作出现；译法、单字子串及称谓语境仍需审定。
カメラ,摄像机,candidate,020_２００５年１２月０１日（木）_021_格納庫にて,mixed,76,unscoped,1,旧混合表；出现不等于译法正确；仅证实在本作出现；译法、单字子串及称谓语境仍需审定。
クソ,该死,candidate,030_２００５年１２月０２日（金）_030_悪夢　大陸放浪 / 050_２００５年１２月０４日（日）_051_米軍ＶＳ仏軍 / 050_２００５年１２月０４日（日）_052_欧州派遣軍参戦 / 060_２００５年１２月０５日（月）_062_孤児施設 / 080_２００５年１２月０８日（木）_081_悪夢　浅葱と響 / 110_２００５年１２月１１日（日）_112_医局にて催眠暗示を受ける / 120_２００５年１２月２２日（木）_135_響吶喊 / 120_２００５年１２月２２日（木）_143_駒木の差配 / 120_２００５年１２月２２日（木）_147_プラント外３島嶼地区 / 150_２００５年１２月２４日（土）_162_駒木の苦悩 / 150_２００５年１２月２４日（土）_182_作戦中止,mixed,84,unscoped,15,旧混合表；出现不等于译法正确；仅证实在本作出现；译法、单字子串及称谓语境仍需审定。
クレイン,鹤,candidate,150_２００５年１２月２４日（土）_158_日米同盟ＶＳ仏加連合 / 150_２００５年１２月２４日（土）_163_松風は馬じゃない,mixed,88,unscoped,4,旧混合表；出现不等于译法正确；仅证实在本作出现；译法、单字子串及称谓语境仍需审定。
クレイン中隊,鹤中队,candidate,150_２００５年１２月２４日（土）_163_松風は馬じゃない,mixed,90,unscoped,1,旧混合表；出现不等于译法正确；仅证实在本作出现；译法、单字子串及称谓语境仍需审定。
コントロール,管制,candidate,060_２００５年１２月０５日（月）_063_ハンガー＆食堂 / 090_２００５年１２月０９日（金）_093_丘の上にてエレンと,mixed,104,unscoped,2,旧混合表；出现不等于译法正确；仅证实在本作出现；译法、单字子串及称谓语境仍需审定。
シアトル,西雅图,candidate,010_プロローグ_012_プロローグ２　ニュース概況 / 020_２００５年１２月０１日（木）_020_インタビュー後半 / 020_２００５年１２月０１日（木）_021_格納庫にて / 060_２００５年１２月０５日（月）_061_プラント警備 / 060_２００５年１２月０５日（月）_062_孤児施設 / 080_２００５年１２月０８日（木）_083_日米共同演習シミュレーション / 080_２００５年１２月０８日（木）_086_米軍デブリーフィング / 100_２００５年１２月１０日（土）_102_まりもと食事 / 110_２００５年１２月１１日（日）_110_生産プラントで決意する響 / 120_２００５年１２月２２日（木）_121_レセプション・ウォーケン登場 / 120_２００５年１２月２２日（木）_123_悠陽登場 / 120_２００５年１２月２２日（木）_127_ブリーフィングルームにて作戦説明 / 120_２００５年１２月２２日（木）_132_作戦展開・まりもと駒木 / 120_２００５年１２月２２日（木）_135_響吶喊 / 120_２００５年１２月２２日（木）_144_プラント内、合流 / 120_２００５年１２月２２日（木）_147_プラント外３島嶼地区 / 150_２００５年１２月２４日（土）_150_プラント脱出後、米軍と日本軍 / 150_２００５年１２月２４日（土）_157_悠陽宿舎にて密談,mixed,113,unscoped,36,旧混合表；出现不等于译法正确；仅证实在本作出现；译法、单字子串及称谓语境仍需审定。
シェルベリ,谢尔贝里,candidate,080_２００５年１２月０８日（木）_086_米軍デブリーフィング / 120_２００５年１２月２２日（木）_121_レセプション・ウォーケン登場,mixed,116,unscoped,2,旧混合表；出现不等于译法正确；仅证实在本作出现；译法、单字子串及称谓语境仍需审定。
ジョン・Ｆ・ケネディ,约翰·F·肯尼迪,candidate,080_２００５年１２月０８日（木）_086_米軍デブリーフィング,mixed,129,unscoped,1,旧混合表；出现不等于译法正确；仅证实在本作出现；译法、单字子串及称谓语境仍需审定。
ステーション,站位,candidate,090_２００５年１２月０９日（金）_093_丘の上にてエレンと,mixed,136,unscoped,3,旧混合表；出现不等于译法正确；仅证实在本作出现；译法、单字子串及称谓语境仍需审定。
センサー,传感器,candidate,120_２００５年１２月２２日（木）_127_ブリーフィングルームにて作戦説明 / 120_２００５年１２月２２日（木）_131_序盤戦 / 120_２００５年１２月２２日（木）_133_総攻撃開始 / 150_２００５年１２月２４日（土）_156_ラファールの中,mixed,142,unscoped,11,旧混合表；出现不等于译法正确；仅证实在本作出现；译法、单字子串及称谓语境仍需审定。
タイプ,类型,candidate,050_２００５年１２月０４日（日）_059_龍浪と律子 / 060_２００５年１２月０５日（月）_060_プラントへ向かう道 / 090_２００５年１２月０９日（金）_093_丘の上にてエレンと / 190_エピローグ_190_斑鳩登場,mixed,146,unscoped,5,旧混合表；出现不等于译法正确；仅证实在本作出现；译法、单字子串及称谓语境仍需审定。
タコマ,塔科马,candidate,060_２００５年１２月０５日（月）_061_プラント警備 / 110_２００５年１２月１１日（日）_111_同時刻・律子と雫 / 120_２００５年１２月２２日（木）_128_プラントへの出撃 / 150_２００５年１２月２４日（土）_150_プラント脱出後、米軍と日本軍,mixed,147,unscoped,6,旧混合表；出现不等于译法正确；仅证实在本作出现；译法、单字子串及称谓语境仍需审定。
テメェ,你这混蛋,candidate,030_２００５年１２月０２日（金）_030_悪夢　大陸放浪,mixed,159,unscoped,1,旧混合表；出现不等于译法正确；仅证实在本作出现；译法、单字子串及称谓语境仍需审定。
データリンク,数据链,candidate,080_２００５年１２月０８日（木）_083_日米共同演習シミュレーション / 120_２００５年１２月２２日（木）_133_総攻撃開始 / 120_２００５年１２月２２日（木）_138_生産プラントに侵入した響 / 150_２００５年１２月２４日（土）_158_日米同盟ＶＳ仏加連合,mixed,168,unscoped,4,旧混合表；出现不等于译法正确；仅证实在本作出现；译法、单字子串及称谓语境仍需审定。
トラブル,麻烦,candidate,060_２００５年１２月０５日（月）_060_プラントへ向かう道 / 060_２００５年１２月０５日（月）_061_プラント警備 / 090_２００５年１２月０９日（金）_093_丘の上にてエレンと / 100_２００５年１２月１０日（土）_102_まりもと食事,mixed,170,unscoped,4,旧混合表；出现不等于译法正确；仅证实在本作出现；译法、单字子串及称谓语境仍需审定。
ナイトオウル,夜枭,candidate,050_２００５年１２月０４日（日）_057_律子と特訓 / 120_２００５年１２月２２日（木）_134_窮地,mixed,176,unscoped,5,旧混合表；出现不等于译法正确；仅证实在本作出现；译法、单字子串及称谓语境仍需审定。
ナイヴス,黑刃,candidate,080_２００５年１２月０８日（木）_084_シミュレーションバトル,mixed,178,unscoped,1,旧混合表；出现不等于译法正确；仅证实在本作出现；译法、单字子串及称谓语境仍需审定。
ナイヴス・リード,黑刃长机,candidate,150_２００５年１２月２４日（土）_160_ブラックナイヴス,mixed,179,unscoped,1,旧混合表；出现不等于译法正确；仅证实在本作出现；译法、单字子串及称谓语境仍需审定。
ナイヴス１,黑刃1,candidate,080_２００５年１２月０８日（木）_084_シミュレーションバトル,mixed,180,unscoped,1,旧混合表；出现不等于译法正确；仅证实在本作出现；译法、单字子串及称谓语境仍需审定。
ハワイ,夏威夷,candidate,030_２００５年１２月０２日（金）_032_食堂 / 080_２００５年１２月０８日（木）_086_米軍デブリーフィング / 150_２００５年１２月２４日（土）_150_プラント脱出後、米軍と日本軍 / 150_２００５年１２月２４日（土）_159_悠陽と響 / 150_２００５年１２月２４日（土）_166_日米会議 / 150_２００５年１２月２４日（土）_172_現地へ向かう響,mixed,190,unscoped,11,旧混合表；出现不等于译法正确；仅证实在本作出现；译法、单字子串及称谓语境仍需审定。
ハンター,猎人,candidate,120_２００５年１２月２２日（木）_147_プラント外３島嶼地区 / 150_２００５年１２月２４日（土）_162_駒木の苦悩 / 150_２００５年１２月２４日（土）_171_ウォーケンの苦悩,mixed,191,unscoped,4,旧混合表；出现不等于译法正确；仅证实在本作出现；译法、单字子串及称谓语境仍需审定。
バビロン,巴比伦,candidate,090_２００５年１２月０９日（金）_093_丘の上にてエレンと / 100_２００５年１２月１０日（土）_102_まりもと食事 / 120_２００５年１２月２２日（木）_121_レセプション・ウォーケン登場,mixed,201,unscoped,4,旧混合表；出现不等于译法正确；仅证实在本作出现；译法、单字子串及称谓语境仍需审定。
バビロン作戦,巴比伦作战,candidate,090_２００５年１２月０９日（金）_093_丘の上にてエレンと / 120_２００５年１２月２２日（木）_121_レセプション・ウォーケン登場,mixed,202,unscoped,2,旧混合表；出现不等于译法正确；仅证实在本作出现；译法、单字子串及称谓语境仍需审定。
ヒル中尉,希尔中尉,candidate,080_２００５年１２月０８日（木）_086_米軍デブリーフィング,mixed,207,unscoped,5,旧混合表；出现不等于译法正确；仅证实在本作出现；译法、单字子串及称谓语境仍需审定。
フェザント,雉鸡,candidate,120_２００５年１２月２２日（木）_134_窮地,mixed,223,unscoped,1,旧混合表；出现不等于译法正确；仅证实在本作出现；译法、单字子串及称谓语境仍需审定。
フォートルイス,刘易斯堡,candidate,030_２００５年１２月０２日（金）_032_食堂 / 050_２００５年１２月０４日（日）_058_シミュレーター特訓後のデブリーフィング / 120_２００５年１２月２２日（木）_128_プラントへの出撃 / 150_２００５年１２月２４日（土）_152_格納庫にて待機する響,mixed,228,unscoped,5,旧混合表；出现不等于译法正确；仅证实在本作出现；译法、单字子串及称谓语境仍需审定。
フォートルイス基地,刘易斯堡基地,candidate,030_２００５年１２月０２日（金）_032_食堂 / 120_２００５年１２月２２日（木）_128_プラントへの出撃,mixed,229,unscoped,3,旧混合表；出现不等于译法正确；仅证实在本作出现；译法、单字子串及称谓语境仍需审定。
フォートルイス米軍基地,刘易斯堡美军基地,candidate,050_２００５年１２月０４日（日）_058_シミュレーター特訓後のデブリーフィング,mixed,230,unscoped,1,旧混合表；出现不等于译法正确；仅证实在本作出现；译法、单字子串及称谓语境仍需审定。
フランス軍,法军,candidate,120_２００５年１２月２２日（木）_129_同時刻：米軍サイド / 150_２００５年１２月２４日（土）_150_プラント脱出後、米軍と日本軍 / 150_２００５年１２月２４日（土）_162_駒木の苦悩 / 150_２００５年１２月２４日（土）_176_駒木の反応,mixed,238,unscoped,4,旧混合表；出现不等于译法正确；仅证实在本作出现；译法、单字子串及称谓语境仍需审定。
ブラックナイヴス,黑刃,candidate,120_２００５年１２月２２日（木）_135_響吶喊,mixed,247,unscoped,1,旧混合表；出现不等于译法正确；仅证实在本作出现；译法、单字子串及称谓语境仍需审定。
ブリーフィング,简报,candidate,080_２００５年１２月０８日（木）_083_日米共同演習シミュレーション / 120_２００５年１２月２２日（木）_127_ブリーフィングルームにて作戦説明,mixed,254,unscoped,5,旧混合表；出现不等于译法正确；仅证实在本作出现；译法、单字子串及称谓语境仍需审定。
プログラム,程序,candidate,090_２００５年１２月０９日（金）_090_駒木との会談 / 120_２００５年１２月２２日（木）_127_ブリーフィングルームにて作戦説明,mixed,259,unscoped,2,旧混合表；出现不等于译法正确；仅证实在本作出现；译法、单字子串及称谓语境仍需审定。
ボクサー,拳师号,candidate,020_２００５年１２月０１日（木）_020_インタビュー後半 / 050_２００５年１２月０４日（日）_050_悪夢の始まり：大海崩後の世界 / 100_２００５年１２月１０日（土）_102_まりもと食事,mixed,269,unscoped,4,旧混合表；出现不等于译法正确；仅证实在本作出现；译法、单字子串及称谓语境仍需审定。
マクガイヤ准将,麦圭尔准将,candidate,150_２００５年１２月２４日（土）_166_日米会議,mixed,274,unscoped,2,旧混合表；出现不等于译法正确；仅证实在本作出现；译法、单字子串及称谓语境仍需审定。
ミサイル,导弹,candidate,050_２００５年１２月０４日（日）_051_米軍ＶＳ仏軍 / 150_２００５年１２月２４日（土）_151_国境で睨み合う,mixed,281,unscoped,2,旧混合表；出现不等于译法正确；仅证实在本作出现；译法、单字子串及称谓语境仍需审定。
ミラージュ,幻影,candidate,150_２００５年１２月２４日（土）_163_松風は馬じゃない,mixed,282,unscoped,1,旧混合表；出现不等于译法正确；仅证实在本作出现；译法、单字子串及称谓语境仍需审定。
メートル,米,candidate,120_２００５年１２月２２日（木）_133_総攻撃開始 / 120_２００５年１２月２２日（木）_136_水中戦闘 / 120_２００５年１２月２２日（木）_140_まりもと合流 / 120_２００５年１２月２２日（木）_142_生産プラント内での死闘,mixed,288,unscoped,5,旧混合表；出现不等于译法正确；仅证实在本作出现；译法、单字子串及称谓语境仍需审定。
ユニット,单元,candidate,120_２００５年１２月２２日（木）_134_窮地,mixed,295,unscoped,1,旧混合表；出现不等于译法正确；仅证实在本作出现；译法、单字子串及称谓语境仍需审定。
ラファール,阵风,candidate,050_２００５年１２月０４日（日）_052_欧州派遣軍参戦 / 050_２００５年１２月０４日（日）_053_響の過去 / 050_２００５年１２月０４日（日）_054_カナダ軍特攻 / 150_２００５年１２月２４日（土）_152_格納庫にて待機する響,mixed,306,unscoped,4,旧混合表；出现不等于译法正确；仅证实在本作出现；译法、单字子串及称谓语境仍需审定。
リリア・シェルベリ,莉莉娅·谢尔贝里,candidate,080_２００５年１２月０８日（木）_086_米軍デブリーフィング / 120_２００５年１２月２２日（木）_135_響吶喊,mixed,318,unscoped,3,旧混合表；出现不等于译法正确；仅证实在本作出现；译法、单字子串及称谓语境仍需审定。
リヴィエール大尉,里维埃上尉,candidate,150_２００５年１２月２４日（土）_175_フランス・リヴィエール大尉,mixed,322,unscoped,1,旧混合表；出现不等于译法正确；仅证实在本作出现；译法、单字子串及称谓语境仍需审定。
レア・ゲグラン,蕾娅·盖克兰,candidate,150_２００５年１２月２４日（土）_156_ラファールの中,mixed,326,unscoped,1,旧混合表；出现不等于译法正确；仅证实在本作出现；译法、单字子串及称谓语境仍需审定。
レポーター,记者,candidate,010_プロローグ_012_プロローグ２　ニュース概況,mixed,333,unscoped,1,旧混合表；出现不等于译法正确；仅证实在本作出现；译法、单字子串及称谓语境仍需审定。
一郎,一郎,candidate,060_２００５年１２月０５日（月）_061_プラント警備 / 060_２００５年１２月０５日（月）_062_孤児施設 / 060_２００５年１２月０５日（月）_063_ハンガー＆食堂 / 100_２００５年１２月１０日（土）_102_まりもと食事 / 150_２００５年１２月２４日（土）_152_格納庫にて待機する響 / 150_２００５年１２月２４日（土）_153_孤児院に赴く雫,mixed,346,unscoped,21,旧混合表；出现不等于译法正确；仅证实在本作出现；译法、单字子串及称谓语境仍需审定。
不知火,不知火,candidate,030_２００５年１２月０２日（金）_035_格納庫で落ち込む雫＆律子登場 / 120_２００５年１２月２２日（木）_127_ブリーフィングルームにて作戦説明 / 120_２００５年１２月２２日（木）_148_安全確保 / 150_２００５年１２月２４日（土）_174_ナウシカ,mixed,351,unscoped,6,旧混合表；出现不等于译法正确；仅证实在本作出现；译法、单字子串及称谓语境仍需审定。
中尉,中尉,candidate,010_プロローグ_012_プロローグ２　ニュース概況 / 020_２００５年１２月０１日（木）_020_インタビュー後半 / 020_２００５年１２月０１日（木）_021_格納庫にて / 030_２００５年１２月０２日（金）_030_悪夢　大陸放浪 / 030_２００５年１２月０２日（金）_031_私室での目覚め / 030_２００５年１２月０２日（金）_032_食堂 / 030_２００５年１２月０２日（金）_034_演習後デブリーフィング / 030_２００５年１２月０２日（金）_035_格納庫で落ち込む雫＆律子登場 / 030_２００５年１２月０２日（金）_036_丘の上で柚香、エレンと / 040_２００５年１２月０３日（土）_040_忙しい男 / 050_２００５年１２月０４日（日）_050_悪夢の始まり：大海崩後の世界 / 050_２００５年１２月０４日（日）_055_悪夢は続くよ、いつまでも / 050_２００５年１２月０４日（日）_056_演習後に叱責を受ける響 / 050_２００５年１２月０４日（日）_057_律子と特訓 / 050_２００５年１２月０４日（日）_058_シミュレーター特訓後のデブリーフィング / 050_２００５年１２月０４日（日）_059_龍浪と律子 / 060_２００５年１２月０５日（月）_061_プラント警備 / 060_２００５年１２月０５日（月）_062_孤児施設 / 060_２００５年１２月０５日（月）_063_ハンガー＆食堂 / 070_２００５年１２月０７日（水）_070_悪夢　尊厳 / 070_２００５年１２月０７日（水）_071_私室にて / 080_２００５年１２月０８日（木）_082_私室　静かな目覚め / 080_２００５年１２月０８日（木）_085_ウォードッグの戦い / 080_２００５年１２月０８日（木）_086_米軍デブリーフィング / 080_２００５年１２月０８日（木）_087_落ち込む雫 / 090_２００５年１２月０９日（金）_090_駒木との会談 / 090_２００５年１２月０９日（金）_091_医局にて診察を受ける雫 / 100_２００５年１２月１０日（土）_102_まりもと食事 / 110_２００５年１２月１１日（日）_110_生産プラントで決意する響 / 110_２００５年１２月１１日（日）_111_同時刻・律子と雫 / 110_２００５年１２月１１日（日）_112_医局にて催眠暗示を受ける / 110_２００５年１２月１１日（日）_113_記憶遡行 / 110_２００５年１２月１１日（日）_114_大陸横断 / 110_２００５年１２月１１日（日）_115_医局にて目を覚ます響 / 110_２００５年１２月１１日（日）_117_丘の上・断固たる決意 / 120_２００５年１２月２２日（木）_120_プラント・レセプション / 120_２００５年１２月２２日（木）_121_レセプション・ウォーケン登場 / 120_２００５年１２月２２日（木）_123_悠陽登場 / 120_２００５年１２月２２日（木）_124_悠陽と側近 / 120_２００５年１２月２２日（木）_126_帰宅し丘の上にて / 120_２００５年１２月２２日（木）_127_ブリーフィングルームにて作戦説明 / 120_２００５年１２月２２日（木）_128_プラントへの出撃 / 120_２００５年１２月２２日（木）_129_同時刻：米軍サイド / 120_２００５年１２月２２日（木）_134_窮地 / 120_２００５年１２月２２日（木）_135_響吶喊 / 120_２００５年１２月２２日（木）_137_残されたウォードッグ / 120_２００５年１２月２２日（木）_144_プラント内、合流 / 120_２００５年１２月２２日（木）_145_プラント外の戦術機部隊 / 120_２００５年１２月２２日（木）_146_陸戦部隊の活躍 / 120_２００５年１２月２２日（木）_148_安全確保 / 150_２００５年１２月２４日（土）_151_国境で睨み合う / 150_２００５年１２月２４日（土）_152_格納庫にて待機する響 / 150_２００５年１２月２４日（土）_153_孤児院に赴く雫 / 150_２００５年１２月２４日（土）_154_民政局にて柚香とまりも / 150_２００５年１２月２４日（土）_155_悠陽宿舎廊下 / 150_２００５年１２月２４日（土）_157_悠陽宿舎にて密談 / 150_２００５年１２月２４日（土）_166_日米会議 / 150_２００５年１２月２４日（土）_167_格納庫にて出撃準備 / 150_２００５年１２月２４日（土）_171_ウォーケンの苦悩 / 150_２００５年１２月２４日（土）_172_現地へ向かう響 / 150_２００５年１２月２４日（土）_173_停戦命令 / 150_２００５年１２月２４日（土）_174_ナウシカ / 150_２００５年１２月２４日（土）_181_ウォードッグの反応 / 150_２００５年１２月２４日（土）_184_病室,mixed,354,unscoped,314,旧混合表；出现不等于译法正确；仅证实在本作出现；译法、单字子串及称谓语境仍需审定。
中隊,中队,candidate,030_２００５年１２月０２日（金）_035_格納庫で落ち込む雫＆律子登場 / 050_２００５年１２月０４日（日）_052_欧州派遣軍参戦 / 080_２００５年１２月０８日（木）_083_日米共同演習シミュレーション / 080_２００５年１２月０８日（木）_085_ウォードッグの戦い / 120_２００５年１２月２２日（木）_127_ブリーフィングルームにて作戦説明 / 120_２００５年１２月２２日（木）_128_プラントへの出撃 / 120_２００５年１２月２２日（木）_137_残されたウォードッグ / 120_２００５年１２月２２日（木）_146_陸戦部隊の活躍 / 150_２００５年１２月２４日（土）_163_松風は馬じゃない / 150_２００５年１２月２４日（土）_177_フランス側反応,mixed,360,unscoped,26,旧混合表；出现不等于译法正确；仅证实在本作出现；译法、单字子串及称谓语境仍需审定。
事務官,事务官,candidate,100_２００５年１２月１０日（土）_101_管理局民政課にてまりもと,mixed,361,unscoped,1,旧混合表；出现不等于译法正确；仅证实在本作出现；译法、单字子串及称谓语境仍需审定。
個中隊,个中队,candidate,120_２００５年１２月２２日（木）_127_ブリーフィングルームにて作戦説明 / 120_２００５年１２月２２日（木）_128_プラントへの出撃,mixed,380,unscoped,2,旧混合表；出现不等于译法正确；仅证实在本作出现；译法、单字子串及称谓语境仍需审定。
個小隊,个小队,candidate,030_２００５年１２月０２日（金）_035_格納庫で落ち込む雫＆律子登場,mixed,381,unscoped,1,旧混合表；出现不等于译法正确；仅证实在本作出现；译法、单字子串及称谓语境仍需审定。
側近,侧近,candidate,120_２００５年１２月２２日（木）_148_安全確保,mixed,382,unscoped,1,旧混合表；出现不等于译法正确；仅证实在本作出现；译法、单字子串及称谓语境仍需审定。
光線級,光线级,candidate,030_２００５年１２月０２日（金）_033_対光線級演習 / 030_２００５年１２月０２日（金）_034_演習後デブリーフィング / 030_２００５年１２月０２日（金）_035_格納庫で落ち込む雫＆律子登場 / 030_２００５年１２月０２日（金）_036_丘の上で柚香、エレンと / 050_２００５年１２月０４日（日）_056_演習後に叱責を受ける響 / 050_２００５年１２月０４日（日）_058_シミュレーター特訓後のデブリーフィング / 080_２００５年１２月０８日（木）_083_日米共同演習シミュレーション / 080_２００５年１２月０８日（木）_084_シミュレーションバトル / 080_２００５年１２月０８日（木）_085_ウォードッグの戦い / 080_２００５年１２月０８日（木）_086_米軍デブリーフィング / 080_２００５年１２月０８日（木）_087_落ち込む雫 / 090_２００５年１２月０９日（金）_091_医局にて診察を受ける雫 / 110_２００５年１２月１１日（日）_111_同時刻・律子と雫 / 120_２００５年１２月２２日（木）_127_ブリーフィングルームにて作戦説明 / 120_２００５年１２月２２日（木）_130_戦闘開始,mixed,387,unscoped,50,旧混合表；出现不等于译法正确；仅证实在本作出现；译法、单字子串及称谓语境仍需审定。
全戦術機部隊,全战术机部队,candidate,080_２００５年１２月０８日（木）_084_シミュレーションバトル / 080_２００５年１２月０８日（木）_085_ウォードッグの戦い,mixed,389,unscoped,3,旧混合表；出现不等于译法正确；仅证实在本作出现；译法、单字子串及称谓语境仍需审定。
兵士,士兵,candidate,020_２００５年１２月０１日（木）_020_インタビュー後半 / 030_２００５年１２月０２日（金）_034_演習後デブリーフィング / 090_２００５年１２月０９日（金）_091_医局にて診察を受ける雫 / 110_２００５年１２月１１日（日）_111_同時刻・律子と雫 / 120_２００５年１２月２２日（木）_129_同時刻：米軍サイド / 150_２００５年１２月２４日（土）_152_格納庫にて待機する響 / 150_２００５年１２月２４日（土）_166_日米会議,mixed,391,unscoped,8,旧混合表；出现不等于译法正确；仅证实在本作出现；译法、单字子串及称谓语境仍需审定。
准将,准将,candidate,150_２００５年１２月２４日（土）_166_日米会議,mixed,396,unscoped,13,旧混合表；出现不等于译法正确；仅证实在本作出现；译法、单字子串及称谓语境仍需审定。
副長,副长,candidate,150_２００５年１２月２４日（土）_170_帝国艦隊,mixed,401,unscoped,2,旧混合表；出现不等于译法正确；仅证实在本作出现；译法、单字子串及称谓语境仍需审定。
労働者,工人,candidate,120_２００５年１２月２２日（木）_127_ブリーフィングルームにて作戦説明,mixed,404,unscoped,1,旧混合表；出现不等于译法正确；仅证实在本作出现；译法、单字子串及称谓语境仍需审定。
医者,医生,candidate,090_２００５年１２月０９日（金）_091_医局にて診察を受ける雫 / 110_２００５年１２月１１日（日）_110_生産プラントで決意する響 / 110_２００５年１２月１１日（日）_112_医局にて催眠暗示を受ける / 110_２００５年１２月１１日（日）_115_医局にて目を覚ます響 / 120_２００５年１２月２２日（木）_148_安全確保 / 150_２００５年１２月２４日（土）_181_ウォードッグの反応,mixed,407,unscoped,6,旧混合表；出现不等于译法正确；仅证实在本作出现；译法、单字子串及称谓语境仍需审定。
千堂,千堂,candidate,010_プロローグ_012_プロローグ２　ニュース概況 / 030_２００５年１２月０２日（金）_030_悪夢　大陸放浪 / 030_２００５年１２月０２日（金）_035_格納庫で落ち込む雫＆律子登場 / 050_２００５年１２月０４日（日）_050_悪夢の始まり：大海崩後の世界 / 050_２００５年１２月０４日（日）_053_響の過去 / 050_２００５年１２月０４日（日）_058_シミュレーター特訓後のデブリーフィング / 050_２００５年１２月０４日（日）_059_龍浪と律子 / 060_２００５年１２月０５日（月）_061_プラント警備 / 080_２００５年１２月０８日（木）_081_悪夢　浅葱と響 / 080_２００５年１２月０８日（木）_087_落ち込む雫 / 090_２００５年１２月０９日（金）_092_まりもと柚香 / 110_２００５年１２月１１日（日）_113_記憶遡行 / 110_２００５年１２月１１日（日）_115_医局にて目を覚ます響 / 150_２００５年１２月２４日（土）_152_格納庫にて待機する響 / 150_２００５年１２月２４日（土）_181_ウォードッグの反応,mixed,408,unscoped,23,旧混合表；出现不等于译法正确；仅证实在本作出现；译法、单字子串及称谓语境仍需审定。
千堂少尉,千堂少尉,candidate,010_プロローグ_012_プロローグ２　ニュース概況 / 030_２００５年１２月０２日（金）_035_格納庫で落ち込む雫＆律子登場 / 050_２００５年１２月０４日（日）_058_シミュレーター特訓後のデブリーフィング / 050_２００５年１２月０４日（日）_059_龍浪と律子 / 060_２００５年１２月０５日（月）_061_プラント警備 / 110_２００５年１２月１１日（日）_115_医局にて目を覚ます響 / 150_２００５年１２月２４日（土）_152_格納庫にて待機する響,mixed,413,unscoped,12,旧混合表；出现不等于译法正确；仅证实在本作出现；译法、单字子串及称谓语境仍需审定。
千堂柚香,千堂柚香,candidate,030_２００５年１２月０２日（金）_035_格納庫で落ち込む雫＆律子登場,mixed,414,unscoped,1,旧混合表；出现不等于译法正确；仅证实在本作出现；译法、单字子串及称谓语境仍需审定。
千堂柚香少尉,千堂柚香少尉,candidate,030_２００５年１２月０２日（金）_035_格納庫で落ち込む雫＆律子登場,mixed,416,unscoped,1,旧混合表；出现不等于译法正确；仅证实在本作出现；译法、单字子串及称谓语境仍需审定。
参加者,参加者,candidate,150_２００５年１２月２４日（土）_151_国境で睨み合う,mixed,418,unscoped,1,旧混合表；出现不等于译法正确；仅证实在本作出现；译法、单字子串及称谓语境仍需审定。
古手川先生,古手川老师,candidate,150_２００５年１２月２４日（土）_153_孤児院に赴く雫,mixed,420,unscoped,1,旧混合表；出现不等于译法正确；仅证实在本作出现；译法、单字子串及称谓语境仍需审定。
司令部,司令部,candidate,050_２００５年１２月０４日（日）_050_悪夢の始まり：大海崩後の世界 / 050_２００５年１２月０４日（日）_052_欧州派遣軍参戦 / 120_２００５年１２月２２日（木）_133_総攻撃開始 / 150_２００５年１２月２４日（土）_157_悠陽宿舎にて密談 / 150_２００５年１２月２４日（土）_170_帝国艦隊 / 150_２００５年１２月２４日（土）_174_ナウシカ / 150_２００５年１２月２４日（土）_176_駒木の反応,mixed,421,unscoped,11,旧混合表；出现不等于译法正确；仅证实在本作出现；译法、单字子串及称谓语境仍需审定。
各小隊長,各小队长,candidate,080_２００５年１２月０８日（木）_083_日米共同演習シミュレーション,mixed,423,unscoped,1,旧混合表；出现不等于译法正确；仅证实在本作出现；译法、单字子串及称谓语境仍需审定。
合衆国,合众国,candidate,150_２００５年１２月２４日（土）_166_日米会議,mixed,425,unscoped,1,旧混合表；出现不等于译法正确；仅证实在本作出现；译法、单字子串及称谓语境仍需审定。
国連,联合国,candidate,010_プロローグ_012_プロローグ２　ニュース概況 / 060_２００５年１２月０５日（月）_060_プラントへ向かう道 / 060_２００５年１２月０５日（月）_061_プラント警備 / 090_２００５年１２月０９日（金）_093_丘の上にてエレンと / 120_２００５年１２月２２日（木）_120_プラント・レセプション / 120_２００５年１２月２２日（木）_121_レセプション・ウォーケン登場 / 120_２００５年１２月２２日（木）_124_悠陽と側近 / 120_２００５年１２月２２日（木）_127_ブリーフィングルームにて作戦説明 / 120_２００５年１２月２２日（木）_128_プラントへの出撃,mixed,434,unscoped,12,旧混合表；出现不等于译法正确；仅证实在本作出现；译法、单字子串及称谓语境仍需审定。
国連軍,联合国军,candidate,010_プロローグ_012_プロローグ２　ニュース概況 / 120_２００５年１２月２２日（木）_120_プラント・レセプション / 120_２００５年１２月２２日（木）_121_レセプション・ウォーケン登場,mixed,438,unscoped,3,旧混合表；出现不等于译法正确；仅证实在本作出现；译法、单字子串及称谓语境仍需审定。
地球,地球,candidate,090_２００５年１２月０９日（金）_093_丘の上にてエレンと / 100_２００５年１２月１０日（土）_102_まりもと食事 / 110_２００５年１２月１１日（日）_114_大陸横断,mixed,440,unscoped,6,旧混合表；出现不等于译法正确；仅证实在本作出现；译法、单字子串及称谓语境仍需审定。
基地,基地,candidate,020_２００５年１２月０１日（木）_021_格納庫にて / 030_２００５年１２月０２日（金）_032_食堂 / 050_２００５年１２月０４日（日）_058_シミュレーター特訓後のデブリーフィング / 060_２００５年１２月０５日（月）_061_プラント警備 / 080_２００５年１２月０８日（木）_081_悪夢　浅葱と響 / 120_２００５年１２月２２日（木）_120_プラント・レセプション / 120_２００５年１２月２２日（木）_128_プラントへの出撃 / 150_２００５年１２月２４日（土）_150_プラント脱出後、米軍と日本軍 / 150_２００５年１２月２４日（土）_159_悠陽と響 / 150_２００５年１２月２４日（土）_182_作戦中止,mixed,441,unscoped,19,旧混合表；出现不等于译法正确；仅证实在本作出现；译法、单字子串及称谓语境仍需审定。
塩の荒野,盐之荒野,candidate,050_２００５年１２月０４日（日）_052_欧州派遣軍参戦,mixed,442,unscoped,1,旧混合表；出现不等于译法正确；仅证实在本作出现；译法、单字子串及称谓语境仍需审定。
声,声音,candidate,010_プロローグ_012_プロローグ２　ニュース概況 / 030_２００５年１２月０２日（金）_032_食堂 / 050_２００５年１２月０４日（日）_054_カナダ軍特攻 / 050_２００５年１２月０４日（日）_055_悪夢は続くよ、いつまでも / 080_２００５年１２月０８日（木）_080_悪夢　追跡 / 080_２００５年１２月０８日（木）_086_米軍デブリーフィング / 110_２００５年１２月１１日（日）_110_生産プラントで決意する響 / 120_２００５年１２月２２日（木）_121_レセプション・ウォーケン登場 / 120_２００５年１２月２２日（木）_123_悠陽登場 / 120_２００５年１２月２２日（木）_127_ブリーフィングルームにて作戦説明 / 120_２００５年１２月２２日（木）_129_同時刻：米軍サイド / 120_２００５年１２月２２日（木）_144_プラント内、合流 / 150_２００５年１２月２４日（土）_152_格納庫にて待機する響 / 150_２００５年１２月２４日（土）_153_孤児院に赴く雫 / 150_２００５年１２月２４日（土）_166_日米会議 / 150_２００５年１２月２４日（土）_167_格納庫にて出撃準備 / 190_エピローグ_190_斑鳩登場,mixed,443,unscoped,21,旧混合表；出现不等于译法正确；仅证实在本作出现；译法、单字子串及称谓语境仍需审定。
大上中尉,大上中尉,candidate,030_２００５年１２月０２日（金）_035_格納庫で落ち込む雫＆律子登場 / 050_２００５年１２月０４日（日）_057_律子と特訓 / 050_２００５年１２月０４日（日）_058_シミュレーター特訓後のデブリーフィング / 050_２００５年１２月０４日（日）_059_龍浪と律子 / 060_２００５年１２月０５日（月）_063_ハンガー＆食堂 / 090_２００５年１２月０９日（金）_091_医局にて診察を受ける雫 / 110_２００５年１２月１１日（日）_110_生産プラントで決意する響 / 110_２００５年１２月１１日（日）_111_同時刻・律子と雫 / 120_２００５年１２月２２日（木）_120_プラント・レセプション / 120_２００５年１２月２２日（木）_134_窮地 / 120_２００５年１２月２２日（木）_148_安全確保 / 150_２００５年１２月２４日（土）_152_格納庫にて待機する響 / 150_２００５年１２月２４日（土）_153_孤児院に赴く雫 / 150_２００５年１２月２４日（土）_184_病室,mixed,448,unscoped,31,旧混合表；出现不等于译法正确；仅证实在本作出现；译法、单字子串及称谓语境仍需审定。
大上律子,大上律子,candidate,030_２００５年１２月０２日（金）_035_格納庫で落ち込む雫＆律子登場,mixed,449,unscoped,1,旧混合表；出现不等于译法正确；仅证实在本作出现；译法、单字子串及称谓语境仍需审定。
大上律子中尉,大上律子中尉,candidate,030_２００５年１２月０２日（金）_035_格納庫で落ち込む雫＆律子登場,mixed,451,unscoped,1,旧混合表；出现不等于译法正确；仅证实在本作出现；译法、单字子串及称谓语境仍需审定。
大尉,上尉,candidate,030_２００５年１２月０２日（金）_032_食堂 / 030_２００５年１２月０２日（金）_034_演習後デブリーフィング / 050_２００５年１２月０４日（日）_058_シミュレーター特訓後のデブリーフィング / 080_２００５年１２月０８日（木）_086_米軍デブリーフィング / 090_２００５年１２月０９日（金）_090_駒木との会談 / 090_２００５年１２月０９日（金）_093_丘の上にてエレンと / 100_２００５年１２月１０日（土）_102_まりもと食事 / 110_２００５年１２月１１日（日）_116_丘の上・駒木、まりもとの会話を回想 / 120_２００５年１２月２２日（木）_121_レセプション・ウォーケン登場 / 120_２００５年１２月２２日（木）_127_ブリーフィングルームにて作戦説明 / 120_２００５年１２月２２日（木）_131_序盤戦 / 120_２００５年１２月２２日（木）_135_響吶喊 / 120_２００５年１２月２２日（木）_140_まりもと合流 / 120_２００５年１２月２２日（木）_147_プラント外３島嶼地区 / 120_２００５年１２月２２日（木）_148_安全確保 / 150_２００５年１２月２４日（土）_150_プラント脱出後、米軍と日本軍 / 150_２００５年１２月２４日（土）_152_格納庫にて待機する響 / 150_２００５年１２月２４日（土）_162_駒木の苦悩 / 150_２００５年１２月２４日（土）_174_ナウシカ / 150_２００５年１２月２４日（土）_175_フランス・リヴィエール大尉,mixed,457,unscoped,38,旧混合表；出现不等于译法正确；仅证实在本作出现；译法、单字子串及称谓语境仍需审定。
大隊長,大队长,candidate,030_２００５年１２月０２日（金）_034_演習後デブリーフィング / 090_２００５年１２月０９日（金）_090_駒木との会談,mixed,463,unscoped,2,旧混合表；出现不等于译法正确；仅证实在本作出现；译法、单字子串及称谓语境仍需审定。
女,女性,candidate,010_プロローグ_012_プロローグ２　ニュース概況 / 020_２００５年１２月０１日（木）_021_格納庫にて / 030_２００５年１２月０２日（金）_032_食堂 / 030_２００５年１２月０２日（金）_036_丘の上で柚香、エレンと / 050_２００５年１２月０４日（日）_050_悪夢の始まり：大海崩後の世界 / 050_２００５年１２月０４日（日）_058_シミュレーター特訓後のデブリーフィング / 050_２００５年１２月０４日（日）_059_龍浪と律子 / 060_２００５年１２月０５日（月）_062_孤児施設 / 080_２００５年１２月０８日（木）_081_悪夢　浅葱と響 / 080_２００５年１２月０８日（木）_086_米軍デブリーフィング / 090_２００５年１２月０９日（金）_093_丘の上にてエレンと / 110_２００５年１２月１１日（日）_110_生産プラントで決意する響 / 110_２００５年１２月１１日（日）_111_同時刻・律子と雫 / 120_２００５年１２月２２日（木）_121_レセプション・ウォーケン登場 / 120_２００５年１２月２２日（木）_135_響吶喊 / 150_２００５年１２月２４日（土）_152_格納庫にて待機する響 / 150_２００５年１２月２４日（土）_157_悠陽宿舎にて密談 / 190_エピローグ_190_斑鳩登場,mixed,465,unscoped,37,旧混合表；出现不等于译法正确；仅证实在本作出现；译法、单字子串及称谓语境仍需审定。
女の子,女孩,candidate,020_２００５年１２月０１日（木）_021_格納庫にて / 030_２００５年１２月０２日（金）_032_食堂,mixed,467,unscoped,2,旧混合表；出现不等于译法正确；仅证实在本作出现；译法、单字子串及称谓语境仍需审定。
子ども,孩子,candidate,060_２００５年１２月０５日（月）_061_プラント警備 / 080_２００５年１２月０８日（木）_082_私室　静かな目覚め / 090_２００５年１２月０９日（金）_091_医局にて診察を受ける雫 / 100_２００５年１２月１０日（土）_101_管理局民政課にてまりもと / 120_２００５年１２月２２日（木）_127_ブリーフィングルームにて作戦説明 / 150_２００５年１２月２４日（土）_153_孤児院に赴く雫,mixed,472,unscoped,9,旧混合表；出现不等于译法正确；仅证实在本作出现；译法、单字子串及称谓语境仍需审定。
子どもたち,孩子们,candidate,100_２００５年１２月１０日（土）_101_管理局民政課にてまりもと,mixed,473,unscoped,1,旧混合表；出现不等于译法正确；仅证实在本作出现；译法、单字子串及称谓语境仍需审定。
子供,孩子,candidate,030_２００５年１２月０２日（金）_032_食堂 / 030_２００５年１２月０２日（金）_035_格納庫で落ち込む雫＆律子登場 / 050_２００５年１２月０４日（日）_054_カナダ軍特攻 / 050_２００５年１２月０４日（日）_059_龍浪と律子 / 060_２００５年１２月０５日（月）_062_孤児施設 / 060_２００５年１２月０５日（月）_063_ハンガー＆食堂 / 090_２００５年１２月０９日（金）_093_丘の上にてエレンと / 100_２００５年１２月１０日（土）_102_まりもと食事 / 120_２００５年１２月２２日（木）_124_悠陽と側近 / 150_２００５年１２月２４日（土）_152_格納庫にて待機する響,mixed,475,unscoped,20,旧混合表；出现不等于译法正确；仅证实在本作出现；译法、单字子串及称谓语境仍需审定。
寺本,寺本,candidate,030_２００５年１２月０２日（金）_030_悪夢　大陸放浪 / 030_２００５年１２月０２日（金）_036_丘の上で柚香、エレンと / 050_２００５年１２月０４日（日）_052_欧州派遣軍参戦 / 070_２００５年１２月０７日（水）_070_悪夢　尊厳 / 080_２００５年１２月０８日（木）_082_私室　静かな目覚め / 110_２００５年１２月１１日（日）_117_丘の上・断固たる決意,mixed,479,unscoped,11,旧混合表；出现不等于译法正确；仅证实在本作出现；译法、单字子串及称谓语境仍需审定。
小隊,小队,candidate,030_２００５年１２月０２日（金）_032_食堂 / 030_２００５年１２月０２日（金）_033_対光線級演習 / 030_２００５年１２月０２日（金）_034_演習後デブリーフィング / 030_２００５年１２月０２日（金）_035_格納庫で落ち込む雫＆律子登場 / 050_２００５年１２月０４日（日）_053_響の過去 / 050_２００５年１２月０４日（日）_054_カナダ軍特攻 / 050_２００５年１２月０４日（日）_056_演習後に叱責を受ける響 / 050_２００５年１２月０４日（日）_058_シミュレーター特訓後のデブリーフィング / 050_２００５年１２月０４日（日）_059_龍浪と律子 / 080_２００５年１２月０８日（木）_083_日米共同演習シミュレーション / 080_２００５年１２月０８日（木）_084_シミュレーションバトル / 080_２００５年１２月０８日（木）_085_ウォードッグの戦い / 090_２００５年１２月０９日（金）_090_駒木との会談 / 120_２００５年１２月２２日（木）_123_悠陽登場 / 120_２００５年１２月２２日（木）_127_ブリーフィングルームにて作戦説明 / 120_２００５年１２月２２日（木）_128_プラントへの出撃 / 120_２００５年１２月２２日（木）_130_戦闘開始 / 120_２００５年１２月２２日（木）_132_作戦展開・まりもと駒木 / 120_２００５年１２月２２日（木）_148_安全確保 / 150_２００５年１２月２４日（土）_152_格納庫にて待機する響 / 150_２００５年１２月２４日（土）_158_日米同盟ＶＳ仏加連合 / 150_２００５年１２月２４日（土）_167_格納庫にて出撃準備 / 150_２００５年１２月２４日（土）_173_停戦命令 / 150_２００５年１２月２４日（土）_176_駒木の反応 / 150_２００５年１２月２４日（土）_178_松風の反応,mixed,486,unscoped,43,旧混合表；出现不等于译法正确；仅证实在本作出现；译法、单字子串及称谓语境仍需审定。
少尉,少尉,candidate,010_プロローグ_012_プロローグ２　ニュース概況 / 020_２００５年１２月０１日（木）_021_格納庫にて / 030_２００５年１２月０２日（金）_030_悪夢　大陸放浪 / 030_２００５年１２月０２日（金）_032_食堂 / 030_２００５年１２月０２日（金）_035_格納庫で落ち込む雫＆律子登場 / 030_２００５年１２月０２日（金）_036_丘の上で柚香、エレンと / 050_２００５年１２月０４日（日）_056_演習後に叱責を受ける響 / 050_２００５年１２月０４日（日）_058_シミュレーター特訓後のデブリーフィング / 050_２００５年１２月０４日（日）_059_龍浪と律子 / 060_２００５年１２月０５日（月）_061_プラント警備 / 060_２００５年１２月０５日（月）_063_ハンガー＆食堂 / 070_２００５年１２月０７日（水）_070_悪夢　尊厳 / 080_２００５年１２月０８日（木）_085_ウォードッグの戦い / 080_２００５年１２月０８日（木）_087_落ち込む雫 / 090_２００５年１２月０９日（金）_090_駒木との会談 / 110_２００５年１２月１１日（日）_110_生産プラントで決意する響 / 110_２００５年１２月１１日（日）_113_記憶遡行 / 110_２００５年１２月１１日（日）_115_医局にて目を覚ます響 / 120_２００５年１２月２２日（木）_121_レセプション・ウォーケン登場 / 120_２００５年１２月２２日（木）_123_悠陽登場 / 150_２００５年１２月２４日（土）_152_格納庫にて待機する響 / 150_２００５年１２月２４日（土）_167_格納庫にて出撃準備,mixed,491,unscoped,49,旧混合表；出现不等于译法正确；仅证实在本作出现；译法、单字子串及称谓语境仍需审定。
巴少尉,巴少尉,candidate,150_２００５年１２月２４日（土）_152_格納庫にて待機する響,mixed,508,unscoped,1,旧混合表；出现不等于译法正确；仅证实在本作出现；译法、单字子串及称谓语境仍需审定。
市民,市民,candidate,020_２００５年１２月０１日（木）_020_インタビュー後半 / 040_２００５年１２月０３日（土）_040_忙しい男 / 100_２００５年１２月１０日（土）_102_まりもと食事 / 120_２００５年１２月２２日（木）_140_まりもと合流 / 150_２００５年１２月２４日（土）_150_プラント脱出後、米軍と日本軍 / 150_２００５年１２月２４日（土）_151_国境で睨み合う / 150_２００５年１２月２４日（土）_156_ラファールの中 / 150_２００５年１２月２４日（土）_157_悠陽宿舎にて密談 / 150_２００５年１２月２４日（土）_160_ブラックナイヴス / 150_２００５年１２月２４日（土）_166_日米会議,mixed,509,unscoped,22,旧混合表；出现不等于译法正确；仅证实在本作出现；译法、单字子串及称谓语境仍需审定。
帝国斯衛軍,帝国斯卫军,candidate,120_２００５年１２月２２日（木）_123_悠陽登場,mixed,511,unscoped,1,旧混合表；出现不等于译法正确；仅证实在本作出现；译法、单字子串及称谓语境仍需审定。
帝国欧州派遣軍,帝国欧洲远征军,candidate,050_２００５年１２月０４日（日）_052_欧州派遣軍参戦 / 050_２００５年１２月０４日（日）_054_カナダ軍特攻,mixed,512,unscoped,2,旧混合表；出现不等于译法正确；仅证实在本作出现；译法、单字子串及称谓语境仍需审定。
帝国軍,帝国军,candidate,010_プロローグ_012_プロローグ２　ニュース概況 / 020_２００５年１２月０１日（木）_020_インタビュー後半 / 020_２００５年１２月０１日（木）_021_格納庫にて / 030_２００５年１２月０２日（金）_032_食堂 / 080_２００５年１２月０８日（木）_086_米軍デブリーフィング / 120_２００５年１２月２２日（木）_121_レセプション・ウォーケン登場 / 120_２００５年１２月２２日（木）_135_響吶喊 / 120_２００５年１２月２２日（木）_144_プラント内、合流 / 120_２００５年１２月２２日（木）_146_陸戦部隊の活躍 / 120_２００５年１２月２２日（木）_147_プラント外３島嶼地区 / 150_２００５年１２月２４日（土）_150_プラント脱出後、米軍と日本軍 / 150_２００５年１２月２４日（土）_155_悠陽宿舎廊下 / 150_２００５年１２月２４日（土）_162_駒木の苦悩 / 150_２００５年１２月２４日（土）_166_日米会議 / 150_２００５年１２月２４日（土）_173_停戦命令 / 150_２００５年１２月２４日（土）_176_駒木の反応 / 150_２００５年１２月２４日（土）_184_病室,mixed,517,unscoped,26,旧混合表；出现不等于译法正确；仅证实在本作出现；译法、单字子串及称谓语境仍需审定。
帝国軍兵士,帝国军士兵,candidate,020_２００５年１２月０１日（木）_020_インタビュー後半,mixed,518,unscoped,2,旧混合表；出现不等于译法正确；仅证实在本作出现；译法、单字子串及称谓语境仍需审定。
帝国軍衛士,帝国军卫士,candidate,020_２００５年１２月０１日（木）_020_インタビュー後半,mixed,521,unscoped,1,旧混合表；出现不等于译法正确；仅证实在本作出现；译法、单字子串及称谓语境仍需审定。
帝国陸軍特殊作戦団第一歩兵連隊第一中隊,帝国陆军特殊作战团第一步兵连第一中队,candidate,120_２００５年１２月２２日（木）_146_陸戦部隊の活躍,mixed,524,unscoped,3,旧混合表；出现不等于译法正确；仅证实在本作出现；译法、单字子串及称谓语境仍需审定。
広報官,公关军官,candidate,090_２００５年１２月０９日（金）_090_駒木との会談,mixed,527,unscoped,2,旧混合表；出现不等于译法正确；仅证实在本作出现；译法、单字子串及称谓语境仍需审定。
強襲揚陸艦ボクサー,强袭登陆舰拳师号,candidate,020_２００５年１２月０１日（木）_020_インタビュー後半,mixed,529,unscoped,1,旧混合表；出现不等于译法正确；仅证实在本作出现；译法、单字子串及称谓语境仍需审定。
悠陽,悠阳,candidate,010_プロローグ_012_プロローグ２　ニュース概況 / 020_２００５年１２月０１日（木）_020_インタビュー後半 / 030_２００５年１２月０２日（金）_032_食堂 / 120_２００５年１２月２２日（木）_123_悠陽登場 / 120_２００５年１２月２２日（木）_127_ブリーフィングルームにて作戦説明 / 120_２００５年１２月２２日（木）_138_生産プラントに侵入した響 / 120_２００５年１２月２２日（木）_146_陸戦部隊の活躍 / 150_２００５年１２月２４日（土）_159_悠陽と響 / 150_２００５年１２月２４日（土）_166_日米会議 / 150_２００５年１２月２４日（土）_167_格納庫にて出撃準備 / 150_２００５年１２月２４日（土）_176_駒木の反応 / 150_２００５年１２月２４日（土）_184_病室,mixed,537,unscoped,18,旧混合表；出现不等于译法正确；仅证实在本作出现；译法、单字子串及称谓语境仍需审定。
悠陽殿下,悠阳殿下,candidate,010_プロローグ_012_プロローグ２　ニュース概況 / 020_２００５年１２月０１日（木）_020_インタビュー後半 / 030_２００５年１２月０２日（金）_032_食堂 / 120_２００５年１２月２２日（木）_123_悠陽登場 / 120_２００５年１２月２２日（木）_127_ブリーフィングルームにて作戦説明 / 120_２００５年１２月２２日（木）_138_生産プラントに侵入した響 / 120_２００５年１２月２２日（木）_146_陸戦部隊の活躍 / 150_２００５年１２月２４日（土）_166_日米会議 / 150_２００５年１２月２４日（土）_167_格納庫にて出撃準備 / 150_２００５年１２月２４日（土）_184_病室,mixed,538,unscoped,16,旧混合表；出现不等于译法正确；仅证实在本作出现；译法、单字子串及称谓语境仍需审定。
戦術機,战术机,candidate,020_２００５年１２月０１日（木）_021_格納庫にて / 030_２００５年１２月０２日（金）_032_食堂 / 030_２００５年１２月０２日（金）_033_対光線級演習 / 030_２００５年１２月０２日（金）_035_格納庫で落ち込む雫＆律子登場 / 050_２００５年１２月０４日（日）_050_悪夢の始まり：大海崩後の世界 / 050_２００５年１２月０４日（日）_053_響の過去 / 050_２００５年１２月０４日（日）_054_カナダ軍特攻 / 050_２００５年１２月０４日（日）_056_演習後に叱責を受ける響 / 070_２００５年１２月０７日（水）_071_私室にて / 080_２００５年１２月０８日（木）_084_シミュレーションバトル / 080_２００５年１２月０８日（木）_085_ウォードッグの戦い / 080_２００５年１２月０８日（木）_086_米軍デブリーフィング / 090_２００５年１２月０９日（金）_093_丘の上にてエレンと / 110_２００５年１２月１１日（日）_110_生産プラントで決意する響 / 120_２００５年１２月２２日（木）_123_悠陽登場 / 120_２００５年１２月２２日（木）_127_ブリーフィングルームにて作戦説明 / 120_２００５年１２月２２日（木）_128_プラントへの出撃 / 120_２００５年１２月２２日（木）_130_戦闘開始 / 120_２００５年１２月２２日（木）_131_序盤戦 / 120_２００５年１２月２２日（木）_132_作戦展開・まりもと駒木 / 120_２００５年１２月２２日（木）_133_総攻撃開始 / 120_２００５年１２月２２日（木）_134_窮地 / 120_２００５年１２月２２日（木）_135_響吶喊 / 120_２００５年１２月２２日（木）_137_残されたウォードッグ / 120_２００５年１２月２２日（木）_141_プラント外の戦い / 120_２００５年１２月２２日（木）_145_プラント外の戦術機部隊 / 120_２００５年１２月２２日（木）_147_プラント外３島嶼地区 / 150_２００５年１２月２４日（土）_150_プラント脱出後、米軍と日本軍 / 150_２００５年１２月２４日（土）_152_格納庫にて待機する響 / 150_２００５年１２月２４日（土）_156_ラファールの中 / 150_２００５年１２月２４日（土）_168_挟撃 / 150_２００５年１２月２４日（土）_170_帝国艦隊 / 150_２００５年１２月２４日（土）_173_停戦命令 / 150_２００５年１２月２４日（土）_174_ナウシカ / 150_２００５年１２月２４日（土）_176_駒木の反応,mixed,543,unscoped,69,旧混合表；出现不等于译法正确；仅证实在本作出现；译法、单字子串及称谓语境仍需审定。
戦術機母艦,战术机母舰,candidate,120_２００５年１２月２２日（木）_123_悠陽登場,mixed,546,unscoped,1,旧混合表；出现不等于译法正确；仅证实在本作出现；译法、单字子串及称谓语境仍需审定。
戦術機部隊,战术机部队,candidate,050_２００５年１２月０４日（日）_053_響の過去 / 080_２００５年１２月０８日（木）_084_シミュレーションバトル / 080_２００５年１２月０８日（木）_085_ウォードッグの戦い / 080_２００５年１２月０８日（木）_086_米軍デブリーフィング / 120_２００５年１２月２２日（木）_127_ブリーフィングルームにて作戦説明 / 120_２００５年１２月２２日（木）_128_プラントへの出撃 / 120_２００５年１２月２２日（木）_133_総攻撃開始 / 120_２００５年１２月２２日（木）_135_響吶喊 / 150_２００５年１２月２４日（土）_170_帝国艦隊,mixed,547,unscoped,12,旧混合表；出现不等于译法正确；仅证实在本作出现；译法、单字子串及称谓语境仍需审定。
戦術機隊,战术机队,candidate,080_２００５年１２月０８日（木）_086_米軍デブリーフィング,mixed,548,unscoped,2,旧混合表；出现不等于译法正确；仅证实在本作出现；译法、单字子串及称谓语境仍需审定。
担当官,值班军官,candidate,120_２００５年１２月２２日（木）_124_悠陽と側近,mixed,554,unscoped,1,旧混合表；出现不等于译法正确；仅证实在本作出现；译法、单字子串及称谓语境仍需审定。
援軍,援军,candidate,120_２００５年１２月２２日（木）_129_同時刻：米軍サイド,mixed,559,unscoped,1,旧混合表；出现不等于译法正确；仅证实在本作出现；译法、单字子串及称谓语境仍需审定。
整備班長,整备班长,candidate,060_２００５年１２月０５日（月）_063_ハンガー＆食堂 / 150_２００５年１２月２４日（土）_157_悠陽宿舎にて密談,mixed,565,unscoped,2,旧混合表；出现不等于译法正确；仅证实在本作出现；译法、单字子串及称谓语境仍需审定。
斑鳩,斑鸠,candidate,150_２００５年１２月２４日（土）_166_日米会議 / 190_エピローグ_190_斑鳩登場,mixed,569,unscoped,2,旧混合表；出现不等于译法正确；仅证实在本作出现；译法、单字子串及称谓语境仍需审定。
斑鳩閣下,斑鸠阁下,candidate,190_エピローグ_190_斑鳩登場,mixed,572,unscoped,1,旧混合表；出现不等于译法正确；仅证实在本作出现；译法、单字子串及称谓语境仍需审定。
斯衛,斯卫,candidate,030_２００５年１２月０２日（金）_032_食堂 / 120_２００５年１２月２２日（木）_123_悠陽登場 / 120_２００５年１２月２２日（木）_146_陸戦部隊の活躍 / 150_２００５年１２月２４日（土）_151_国境で睨み合う / 150_２００５年１２月２４日（土）_152_格納庫にて待機する響 / 150_２００５年１２月２４日（土）_157_悠陽宿舎にて密談 / 150_２００５年１２月２４日（土）_166_日米会議,mixed,573,unscoped,20,旧混合表；出现不等于译法正确；仅证实在本作出现；译法、单字子串及称谓语境仍需审定。
斯衛軍,斯卫军,candidate,120_２００５年１２月２２日（木）_123_悠陽登場,mixed,575,unscoped,1,旧混合表；出现不等于译法正确；仅证实在本作出现；译法、单字子串及称谓语境仍需审定。
日本帝国,日本帝国,candidate,010_プロローグ_012_プロローグ２　ニュース概況 / 030_２００５年１２月０２日（金）_035_格納庫で落ち込む雫＆律子登場 / 050_２００５年１２月０４日（日）_052_欧州派遣軍参戦 / 120_２００５年１２月２２日（木）_123_悠陽登場 / 120_２００５年１２月２２日（木）_127_ブリーフィングルームにて作戦説明 / 120_２００５年１２月２２日（木）_135_響吶喊 / 150_２００５年１２月２４日（土）_152_格納庫にて待機する響 / 150_２００５年１２月２４日（土）_157_悠陽宿舎にて密談 / 150_２００５年１２月２４日（土）_166_日米会議 / 150_２００５年１２月２４日（土）_173_停戦命令 / 150_２００５年１２月２４日（土）_176_駒木の反応 / 190_エピローグ_190_斑鳩登場,mixed,579,unscoped,15,旧混合表；出现不等于译法正确；仅证实在本作出现；译法、单字子串及称谓语境仍需审定。
日本帝国欧州派遣軍,日本帝国欧洲派遣军,candidate,050_２００５年１２月０４日（日）_052_欧州派遣軍参戦,mixed,580,unscoped,1,旧混合表；出现不等于译法正确；仅证实在本作出现；译法、单字子串及称谓语境仍需审定。
日本帝国欧州派遣軍イーグル中隊,日本帝国欧洲派遣军鹰中队,candidate,050_２００５年１２月０４日（日）_052_欧州派遣軍参戦,mixed,581,unscoped,1,旧混合表；出现不等于译法正确；仅证实在本作出现；译法、单字子串及称谓语境仍需审定。
月詠中尉,月咏中尉,candidate,120_２００５年１２月２２日（木）_144_プラント内、合流,mixed,590,unscoped,1,旧混合表；出现不等于译法正确；仅证实在本作出现；译法、单字子串及称谓语境仍需审定。
本国,本国,candidate,120_２００５年１２月２２日（木）_123_悠陽登場 / 120_２００５年１２月２２日（木）_127_ブリーフィングルームにて作戦説明,mixed,593,unscoped,2,旧混合表；出现不等于译法正确；仅证实在本作出现；译法、单字子串及称谓语境仍需审定。
松風,松风,candidate,020_２００５年１２月０１日（木）_021_格納庫にて / 030_２００５年１２月０２日（金）_032_食堂 / 030_２００５年１２月０２日（金）_035_格納庫で落ち込む雫＆律子登場 / 080_２００５年１２月０８日（木）_082_私室　静かな目覚め / 120_２００５年１２月２２日（木）_127_ブリーフィングルームにて作戦説明 / 120_２００５年１２月２２日（木）_128_プラントへの出撃 / 120_２００５年１２月２２日（木）_133_総攻撃開始 / 150_２００５年１２月２４日（土）_152_格納庫にて待機する響 / 150_２００５年１２月２４日（土）_181_ウォードッグの反応,mixed,596,unscoped,18,旧混合表；出现不等于译法正确；仅证实在本作出现；译法、单字子串及称谓语境仍需审定。
松風諒一,松风谅一,candidate,030_２００５年１２月０２日（金）_032_食堂,mixed,599,unscoped,1,旧混合表；出现不等于译法正确；仅证实在本作出现；译法、单字子串及称谓语境仍需审定。
柚香,柚香,candidate,030_２００５年１２月０２日（金）_032_食堂 / 030_２００５年１２月０２日（金）_035_格納庫で落ち込む雫＆律子登場 / 030_２００５年１２月０２日（金）_036_丘の上で柚香、エレンと / 050_２００５年１２月０４日（日）_050_悪夢の始まり：大海崩後の世界 / 050_２００５年１２月０４日（日）_055_悪夢は続くよ、いつまでも / 050_２００５年１２月０４日（日）_058_シミュレーター特訓後のデブリーフィング / 050_２００５年１２月０４日（日）_059_龍浪と律子 / 060_２００５年１２月０５日（月）_063_ハンガー＆食堂 / 070_２００５年１２月０７日（水）_071_私室にて / 080_２００５年１２月０８日（木）_081_悪夢　浅葱と響 / 080_２００５年１２月０８日（木）_086_米軍デブリーフィング / 080_２００５年１２月０８日（木）_087_落ち込む雫 / 090_２００５年１２月０９日（金）_091_医局にて診察を受ける雫 / 090_２００５年１２月０９日（金）_093_丘の上にてエレンと / 100_２００５年１２月１０日（土）_102_まりもと食事 / 110_２００５年１２月１１日（日）_110_生産プラントで決意する響 / 110_２００５年１２月１１日（日）_114_大陸横断 / 110_２００５年１２月１１日（日）_115_医局にて目を覚ます響 / 110_２００５年１２月１１日（日）_116_丘の上・駒木、まりもとの会話を回想 / 110_２００５年１２月１１日（日）_117_丘の上・断固たる決意 / 120_２００５年１２月２２日（木）_126_帰宅し丘の上にて / 120_２００５年１２月２２日（木）_135_響吶喊 / 150_２００５年１２月２４日（土）_152_格納庫にて待機する響 / 150_２００５年１２月２４日（土）_167_格納庫にて出撃準備 / 150_２００５年１２月２４日（土）_173_停戦命令 / 150_２００５年１２月２４日（土）_174_ナウシカ,mixed,608,unscoped,50,旧混合表；出现不等于译法正确；仅证实在本作出现；译法、单字子串及称谓语境仍需审定。
楠本,楠本,candidate,010_プロローグ_012_プロローグ２　ニュース概況 / 020_２００５年１２月０１日（木）_021_格納庫にて / 030_２００５年１２月０２日（金）_035_格納庫で落ち込む雫＆律子登場 / 060_２００５年１２月０５日（月）_061_プラント警備 / 060_２００５年１２月０５日（月）_063_ハンガー＆食堂 / 150_２００５年１２月２４日（土）_152_格納庫にて待機する響,mixed,614,unscoped,12,旧混合表；出现不等于译法正确；仅证实在本作出现；译法、单字子串及称谓语境仍需审定。
楠本さやか,楠本沙也加,candidate,030_２００５年１２月０２日（金）_035_格納庫で落ち込む雫＆律子登場,mixed,617,unscoped,1,旧混合表；出现不等于译法正确；仅证实在本作出现；译法、单字子串及称谓语境仍需审定。
武御雷,武御雷,candidate,030_２００５年１２月０２日（金）_032_食堂 / 150_２００５年１２月２４日（土）_183_悠陽の呟き,mixed,627,unscoped,2,旧混合表；出现不等于译法正确；仅证实在本作出现；译法、单字子串及称谓语境仍需审定。
母艦級,母舰级,candidate,080_２００５年１２月０８日（木）_083_日米共同演習シミュレーション / 080_２００５年１２月０８日（木）_085_ウォードッグの戦い / 080_２００５年１２月０８日（木）_086_米軍デブリーフィング,mixed,633,unscoped,8,旧混合表；出现不等于译法正确；仅证实在本作出现；译法、单字子串及称谓语境仍需审定。
沙霧大尉,沙雾上尉,candidate,150_２００５年１２月２４日（土）_162_駒木の苦悩,mixed,636,unscoped,1,旧混合表；出现不等于译法正确；仅证实在本作出现；译法、单字子串及称谓语境仍需审定。
浅葱,浅葱,candidate,030_２００５年１２月０２日（金）_030_悪夢　大陸放浪 / 030_２００５年１２月０２日（金）_036_丘の上で柚香、エレンと / 050_２００５年１２月０４日（日）_050_悪夢の始まり：大海崩後の世界 / 050_２００５年１２月０４日（日）_055_悪夢は続くよ、いつまでも / 070_２００５年１２月０７日（水）_070_悪夢　尊厳 / 070_２００５年１２月０７日（水）_071_私室にて / 080_２００５年１２月０８日（木）_081_悪夢　浅葱と響 / 080_２００５年１２月０８日（木）_082_私室　静かな目覚め / 080_２００５年１２月０８日（木）_086_米軍デブリーフィング / 110_２００５年１２月１１日（日）_113_記憶遡行 / 110_２００５年１２月１１日（日）_115_医局にて目を覚ます響 / 110_２００５年１２月１１日（日）_116_丘の上・駒木、まりもとの会話を回想 / 110_２００５年１２月１１日（日）_117_丘の上・断固たる決意,mixed,639,unscoped,27,旧混合表；出现不等于译法正确；仅证实在本作出现；译法、单字子串及称谓语境仍需审定。
海兵戦術機隊,海军陆战队战术机队,candidate,080_２００５年１２月０８日（木）_086_米軍デブリーフィング,mixed,641,unscoped,2,旧混合表；出现不等于译法正确；仅证实在本作出现；译法、单字子串及称谓语境仍需审定。
海兵隊,海军陆战队,candidate,080_２００５年１２月０８日（木）_084_シミュレーションバトル / 080_２００５年１２月０８日（木）_086_米軍デブリーフィング / 120_２００５年１２月２２日（木）_121_レセプション・ウォーケン登場 / 120_２００５年１２月２２日（木）_129_同時刻：米軍サイド / 120_２００５年１２月２２日（木）_135_響吶喊 / 150_２００５年１２月２４日（土）_157_悠陽宿舎にて密談,mixed,643,unscoped,12,旧混合表；出现不等于译法正确；仅证实在本作出现；译法、单字子串及称谓语境仍需审定。
海軍,海军,candidate,050_２００５年１２月０４日（日）_053_響の過去 / 080_２００５年１２月０８日（木）_086_米軍デブリーフィング / 120_２００５年１２月２２日（木）_127_ブリーフィングルームにて作戦説明 / 120_２００５年１２月２２日（木）_128_プラントへの出撃 / 120_２００５年１２月２２日（木）_129_同時刻：米軍サイド / 120_２００５年１２月２２日（木）_147_プラント外３島嶼地区 / 150_２００５年１２月２４日（土）_150_プラント脱出後、米軍と日本軍 / 150_２００５年１２月２４日（土）_151_国境で睨み合う / 150_２００５年１２月２４日（土）_162_駒木の苦悩 / 150_２００５年１２月２４日（土）_170_帝国艦隊,mixed,650,unscoped,19,旧混合表；出现不等于译法正确；仅证实在本作出现；译法、单字子串及称谓语境仍需审定。
海軍戦術機部隊,海军战术机部队,candidate,050_２００５年１２月０４日（日）_053_響の過去,mixed,652,unscoped,1,旧混合表；出现不等于译法正确；仅证实在本作出现；译法、单字子串及称谓语境仍需审定。
煌武院悠陽,煌武院悠阳,candidate,010_プロローグ_012_プロローグ２　ニュース概況 / 030_２００５年１２月０２日（金）_032_食堂 / 120_２００５年１２月２２日（木）_123_悠陽登場 / 120_２００５年１２月２２日（木）_127_ブリーフィングルームにて作戦説明 / 120_２００５年１２月２２日（木）_146_陸戦部隊の活躍 / 150_２００５年１２月２４日（土）_166_日米会議 / 150_２００５年１２月２４日（土）_176_駒木の反応 / 150_２００５年１２月２４日（土）_184_病室,mixed,662,unscoped,11,旧混合表；出现不等于译法正确；仅证实在本作出现；译法、单字子串及称谓语境仍需审定。
生産プラント,生产设施,candidate,010_プロローグ_012_プロローグ２　ニュース概況 / 030_２００５年１２月０２日（金）_032_食堂 / 030_２００５年１２月０２日（金）_035_格納庫で落ち込む雫＆律子登場 / 060_２００５年１２月０５日（月）_060_プラントへ向かう道 / 060_２００５年１２月０５日（月）_061_プラント警備 / 080_２００５年１２月０８日（木）_082_私室　静かな目覚め / 090_２００５年１２月０９日（金）_092_まりもと柚香 / 120_２００５年１２月２２日（木）_121_レセプション・ウォーケン登場 / 120_２００５年１２月２２日（木）_126_帰宅し丘の上にて / 120_２００５年１２月２２日（木）_127_ブリーフィングルームにて作戦説明 / 120_２００５年１２月２２日（木）_128_プラントへの出撃 / 120_２００５年１２月２２日（木）_129_同時刻：米軍サイド / 120_２００５年１２月２２日（木）_131_序盤戦 / 120_２００５年１２月２２日（木）_132_作戦展開・まりもと駒木 / 120_２００５年１２月２２日（木）_133_総攻撃開始 / 120_２００５年１２月２２日（木）_135_響吶喊 / 120_２００５年１２月２２日（木）_144_プラント内、合流 / 120_２００５年１２月２２日（木）_147_プラント外３島嶼地区 / 120_２００５年１２月２２日（木）_148_安全確保 / 150_２００５年１２月２４日（土）_150_プラント脱出後、米軍と日本軍 / 150_２００５年１２月２４日（土）_157_悠陽宿舎にて密談 / 150_２００５年１２月２４日（土）_166_日米会議 / 150_２００５年１２月２４日（土）_174_ナウシカ / 190_エピローグ_190_斑鳩登場,mixed,671,unscoped,78,旧混合表；出现不等于译法正确；仅证实在本作出现；译法、单字子串及称谓语境仍需审定。
男,男性,candidate,030_２００５年１２月０２日（金）_036_丘の上で柚香、エレンと / 050_２００５年１２月０４日（日）_050_悪夢の始まり：大海崩後の世界 / 050_２００５年１２月０４日（日）_058_シミュレーター特訓後のデブリーフィング / 050_２００５年１２月０４日（日）_059_龍浪と律子 / 100_２００５年１２月１０日（土）_102_まりもと食事 / 120_２００５年１２月２２日（木）_126_帰宅し丘の上にて / 150_２００５年１２月２４日（土）_153_孤児院に赴く雫 / 150_２００５年１２月２４日（土）_170_帝国艦隊 / 150_２００５年１２月２４日（土）_173_停戦命令 / 150_２００５年１２月２４日（土）_176_駒木の反応,mixed,675,unscoped,12,旧混合表；出现不等于译法正确；仅证实在本作出现；译法、单字子串及称谓语境仍需审定。
男の子,少年,candidate,150_２００５年１２月２４日（土）_153_孤児院に赴く雫,mixed,676,unscoped,1,旧混合表；出现不等于译法正确；仅证实在本作出现；译法、单字子串及称谓语境仍需审定。
目的地,目的地,candidate,100_２００５年１２月１０日（土）_102_まりもと食事 / 150_２００５年１２月２４日（土）_172_現地へ向かう響,mixed,684,unscoped,2,旧混合表；出现不等于译法正确；仅证实在本作出现；译法、单字子串及称谓语境仍需审定。
神代少尉,神代少尉,candidate,150_２００５年１２月２４日（土）_167_格納庫にて出撃準備,mixed,698,unscoped,1,旧混合表；出现不等于译法正确；仅证实在本作出现；译法、单字子串及称谓语境仍需审定。
神宮司,神宫司,candidate,010_プロローグ_011_プロローグ　神宮司まりも更迭 / 020_２００５年１２月０１日（木）_020_インタビュー後半 / 020_２００５年１２月０１日（木）_021_格納庫にて / 030_２００５年１２月０２日（金）_032_食堂 / 030_２００５年１２月０２日（金）_034_演習後デブリーフィング / 030_２００５年１２月０２日（金）_036_丘の上で柚香、エレンと / 040_２００５年１２月０３日（土）_040_忙しい男 / 050_２００５年１２月０４日（日）_056_演習後に叱責を受ける響 / 060_２００５年１２月０５日（月）_062_孤児施設 / 080_２００５年１２月０８日（木）_082_私室　静かな目覚め / 080_２００５年１２月０８日（木）_086_米軍デブリーフィング / 090_２００５年１２月０９日（金）_093_丘の上にてエレンと / 100_２００５年１２月１０日（土）_101_管理局民政課にてまりもと / 100_２００５年１２月１０日（土）_102_まりもと食事 / 110_２００５年１２月１１日（日）_116_丘の上・駒木、まりもとの会話を回想 / 120_２００５年１２月２２日（木）_121_レセプション・ウォーケン登場 / 120_２００５年１２月２２日（木）_123_悠陽登場 / 120_２００５年１２月２２日（木）_126_帰宅し丘の上にて / 120_２００５年１２月２２日（木）_131_序盤戦 / 120_２００５年１２月２２日（木）_132_作戦展開・まりもと駒木 / 120_２００５年１２月２２日（木）_140_まりもと合流 / 120_２００５年１２月２２日（木）_142_生産プラント内での死闘 / 120_２００５年１２月２２日（木）_144_プラント内、合流 / 120_２００５年１２月２２日（木）_146_陸戦部隊の活躍 / 120_２００５年１２月２２日（木）_148_安全確保 / 150_２００５年１２月２４日（土）_152_格納庫にて待機する響 / 150_２００５年１２月２４日（土）_157_悠陽宿舎にて密談,mixed,706,unscoped,65,旧混合表；出现不等于译法正确；仅证实在本作出现；译法、单字子串及称谓语境仍需审定。
神宮司少佐,神宫司少佐,candidate,010_プロローグ_011_プロローグ　神宮司まりも更迭 / 020_２００５年１２月０１日（木）_020_インタビュー後半 / 020_２００５年１２月０１日（木）_021_格納庫にて / 030_２００５年１２月０２日（金）_032_食堂 / 030_２００５年１２月０２日（金）_034_演習後デブリーフィング / 030_２００５年１２月０２日（金）_036_丘の上で柚香、エレンと / 040_２００５年１２月０３日（土）_040_忙しい男 / 050_２００５年１２月０４日（日）_056_演習後に叱責を受ける響 / 060_２００５年１２月０５日（月）_062_孤児施設 / 080_２００５年１２月０８日（木）_082_私室　静かな目覚め / 080_２００５年１２月０８日（木）_086_米軍デブリーフィング / 090_２００５年１２月０９日（金）_093_丘の上にてエレンと / 100_２００５年１２月１０日（土）_102_まりもと食事 / 110_２００５年１２月１１日（日）_116_丘の上・駒木、まりもとの会話を回想 / 120_２００５年１２月２２日（木）_121_レセプション・ウォーケン登場 / 120_２００５年１２月２２日（木）_123_悠陽登場 / 120_２００５年１２月２２日（木）_126_帰宅し丘の上にて / 120_２００５年１２月２２日（木）_131_序盤戦 / 120_２００５年１２月２２日（木）_132_作戦展開・まりもと駒木 / 120_２００５年１２月２２日（木）_142_生産プラント内での死闘 / 120_２００５年１２月２２日（木）_144_プラント内、合流 / 120_２００５年１２月２２日（木）_146_陸戦部隊の活躍 / 120_２００５年１２月２２日（木）_148_安全確保 / 150_２００５年１２月２４日（土）_152_格納庫にて待機する響 / 150_２００５年１２月２４日（土）_157_悠陽宿舎にて密談,mixed,711,unscoped,60,旧混合表；出现不等于译法正确；仅证实在本作出现；译法、单字子串及称谓语境仍需审定。
突入部隊,突入部队,candidate,080_２００５年１２月０８日（木）_085_ウォードッグの戦い / 120_２００５年１２月２２日（木）_127_ブリーフィングルームにて作戦説明,mixed,714,unscoped,3,旧混合表；出现不等于译法正确；仅证实在本作出现；译法、单字子串及称谓语境仍需审定。
突撃級,突击级,candidate,050_２００５年１２月０４日（日）_057_律子と特訓,mixed,716,unscoped,2,旧混合表；出现不等于译法正确；仅证实在本作出现；译法、单字子串及称谓语境仍需审定。
米国,美国,candidate,010_プロローグ_011_プロローグ　神宮司まりも更迭 / 010_プロローグ_012_プロローグ２　ニュース概況 / 020_２００５年１２月０１日（木）_020_インタビュー後半 / 030_２００５年１２月０２日（金）_030_悪夢　大陸放浪 / 030_２００５年１２月０２日（金）_032_食堂 / 050_２００５年１２月０４日（日）_052_欧州派遣軍参戦 / 050_２００５年１２月０４日（日）_053_響の過去 / 060_２００５年１２月０５日（月）_060_プラントへ向かう道 / 060_２００５年１２月０５日（月）_061_プラント警備 / 080_２００５年１２月０８日（木）_082_私室　静かな目覚め / 080_２００５年１２月０８日（木）_083_日米共同演習シミュレーション / 080_２００５年１２月０８日（木）_084_シミュレーションバトル / 080_２００５年１２月０８日（木）_086_米軍デブリーフィング / 100_２００５年１２月１０日（土）_102_まりもと食事 / 120_２００５年１２月２２日（木）_120_プラント・レセプション / 120_２００５年１２月２２日（木）_123_悠陽登場 / 120_２００５年１２月２２日（木）_127_ブリーフィングルームにて作戦説明 / 120_２００５年１２月２２日（木）_128_プラントへの出撃 / 120_２００５年１２月２２日（木）_132_作戦展開・まりもと駒木 / 120_２００５年１２月２２日（木）_135_響吶喊 / 120_２００５年１２月２２日（木）_147_プラント外３島嶼地区 / 150_２００５年１２月２４日（土）_150_プラント脱出後、米軍と日本軍 / 150_２００５年１２月２４日（土）_151_国境で睨み合う / 150_２００５年１２月２４日（土）_152_格納庫にて待機する響 / 150_２００５年１２月２４日（土）_157_悠陽宿舎にて密談 / 150_２００５年１２月２４日（土）_158_日米同盟ＶＳ仏加連合 / 150_２００５年１２月２４日（土）_159_悠陽と響 / 150_２００５年１２月２４日（土）_162_駒木の苦悩 / 150_２００５年１２月２４日（土）_166_日米会議 / 150_２００５年１２月２４日（土）_168_挟撃 / 150_２００５年１２月２４日（土）_170_帝国艦隊 / 150_２００５年１２月２４日（土）_173_停戦命令 / 150_２００５年１２月２４日（土）_174_ナウシカ / 150_２００５年１２月２４日（土）_176_駒木の反応 / 150_２００５年１２月２４日（土）_183_悠陽の呟き / 150_２００５年１２月２４日（土）_184_病室 / 190_エピローグ_190_斑鳩登場,mixed,739,unscoped,83,旧混合表；出现不等于译法正确；仅证实在本作出现；译法、单字子串及称谓语境仍需审定。
米国人,美国人,candidate,020_２００５年１２月０１日（木）_020_インタビュー後半 / 080_２００５年１２月０８日（木）_086_米軍デブリーフィング / 100_２００５年１２月１０日（土）_102_まりもと食事 / 150_２００５年１２月２４日（土）_166_日米会議,mixed,740,unscoped,4,旧混合表；出现不等于译法正确；仅证实在本作出现；译法、单字子串及称谓语境仍需审定。
米国海兵隊,美国海军陆战队,candidate,080_２００５年１２月０８日（木）_084_シミュレーションバトル / 080_２００５年１２月０８日（木）_086_米軍デブリーフィング / 120_２００５年１２月２２日（木）_135_響吶喊,mixed,744,unscoped,4,旧混合表；出现不等于译法正确；仅证实在本作出现；译法、单字子串及称谓语境仍需审定。
米国海兵隊戦術機部隊ブラックナイヴス,美国海军陆战队战术机部队黑刃队,candidate,120_２００５年１２月２２日（木）_135_響吶喊,mixed,746,unscoped,1,旧混合表；出现不等于译法正确；仅证实在本作出现；译法、单字子串及称谓语境仍需审定。
米国空軍,美国空军士兵,candidate,080_２００５年１２月０８日（木）_086_米軍デブリーフィング / 150_２００５年１２月２４日（土）_162_駒木の苦悩 / 150_２００５年１２月２４日（土）_170_帝国艦隊,mixed,749,unscoped,5,旧混合表；出现不等于译法正确；仅证实在本作出现；译法、单字子串及称谓语境仍需审定。
米国軍人,美国军人,candidate,020_２００５年１２月０１日（木）_020_インタビュー後半,mixed,756,unscoped,1,旧混合表；出现不等于译法正确；仅证实在本作出现；译法、单字子串及称谓语境仍需审定。
米国陸軍第１軍団第６６戦術機甲大隊,美国陆军第1军团第66战术机甲大队,candidate,120_２００５年１２月２２日（木）_147_プラント外３島嶼地区,mixed,757,unscoped,1,旧混合表；出现不等于译法正确；仅证实在本作出现；译法、单字子串及称谓语境仍需审定。
米軍,美军,candidate,020_２００５年１２月０１日（木）_020_インタビュー後半 / 030_２００５年１２月０２日（金）_032_食堂 / 050_２００５年１２月０４日（日）_050_悪夢の始まり：大海崩後の世界 / 050_２００５年１２月０４日（日）_052_欧州派遣軍参戦 / 050_２００５年１２月０４日（日）_056_演習後に叱責を受ける響 / 050_２００５年１２月０４日（日）_058_シミュレーター特訓後のデブリーフィング / 080_２００５年１２月０８日（木）_086_米軍デブリーフィング / 090_２００５年１２月０９日（金）_093_丘の上にてエレンと / 110_２００５年１２月１１日（日）_114_大陸横断 / 120_２００５年１２月２２日（木）_123_悠陽登場 / 120_２００５年１２月２２日（木）_127_ブリーフィングルームにて作戦説明 / 120_２００５年１２月２２日（木）_132_作戦展開・まりもと駒木 / 120_２００５年１２月２２日（木）_135_響吶喊 / 120_２００５年１２月２２日（木）_147_プラント外３島嶼地区 / 150_２００５年１２月２４日（土）_150_プラント脱出後、米軍と日本軍 / 150_２００５年１２月２４日（土）_151_国境で睨み合う / 150_２００５年１２月２４日（土）_152_格納庫にて待機する響 / 150_２００５年１２月２４日（土）_157_悠陽宿舎にて密談 / 150_２００５年１２月２４日（土）_161_帝国海軍,mixed,759,unscoped,33,旧混合表；出现不等于译法正确；仅证实在本作出现；译法、单字子串及称谓语境仍需审定。
米軍衛士,美军卫士,candidate,020_２００５年１２月０１日（木）_020_インタビュー後半,mixed,762,unscoped,1,旧混合表；出现不等于译法正确；仅证实在本作出现；译法、单字子串及称谓语境仍需审定。
美桜乃少尉,美樱乃少尉,candidate,010_プロローグ_012_プロローグ２　ニュース概況 / 020_２００５年１２月０１日（木）_021_格納庫にて / 030_２００５年１２月０２日（金）_032_食堂 / 030_２００５年１２月０２日（金）_035_格納庫で落ち込む雫＆律子登場 / 050_２００５年１２月０４日（日）_058_シミュレーター特訓後のデブリーフィング / 060_２００５年１２月０５日（月）_061_プラント警備 / 060_２００５年１２月０５日（月）_063_ハンガー＆食堂 / 080_２００５年１２月０８日（木）_085_ウォードッグの戦い / 080_２００５年１２月０８日（木）_087_落ち込む雫 / 090_２００５年１２月０９日（金）_090_駒木との会談 / 110_２００５年１２月１１日（日）_110_生産プラントで決意する響 / 120_２００５年１２月２２日（木）_121_レセプション・ウォーケン登場 / 150_２００５年１２月２４日（土）_152_格納庫にて待機する響,mixed,768,unscoped,18,旧混合表；出现不等于译法正确；仅证实在本作出现；译法、单字子串及称谓语境仍需审定。
美桜乃雫,美樱乃雫,candidate,050_２００５年１２月０４日（日）_056_演習後に叱責を受ける響 / 150_２００５年１２月２４日（土）_184_病室,mixed,769,unscoped,2,旧混合表；出现不等于译法正确；仅证实在本作出现；译法、单字子串及称谓语境仍需审定。
美桜乃雫少尉,美樱乃雫少尉,candidate,050_２００５年１２月０４日（日）_056_演習後に叱責を受ける響,mixed,771,unscoped,1,旧混合表；出现不等于译法正确；仅证实在本作出现；译法、单字子串及称谓语境仍需审定。
職員,工作人员,candidate,100_２００５年１２月１０日（土）_102_まりもと食事,mixed,775,unscoped,1,旧混合表；出现不等于译法正确；仅证实在本作出现；译法、单字子串及称谓语境仍需审定。
艦長,舰长,candidate,150_２００５年１２月２４日（土）_161_帝国海軍 / 150_２００５年１２月２４日（土）_170_帝国艦隊 / 150_２００５年１２月２４日（土）_179_大和の反応,mixed,779,unscoped,3,旧混合表；出现不等于译法正确；仅证实在本作出现；译法、单字子串及称谓语境仍需审定。
艦隊,舰队,candidate,050_２００５年１２月０４日（日）_053_響の過去,mixed,780,unscoped,2,旧混合表；出现不等于译法正确；仅证实在本作出现；译法、单字子串及称谓语境仍需审定。
衛士,卫士,candidate,020_２００５年１２月０１日（木）_020_インタビュー後半 / 020_２００５年１２月０１日（木）_021_格納庫にて / 030_２００５年１２月０２日（金）_032_食堂 / 030_２００５年１２月０２日（金）_034_演習後デブリーフィング / 030_２００５年１２月０２日（金）_035_格納庫で落ち込む雫＆律子登場 / 040_２００５年１２月０３日（土）_040_忙しい男 / 050_２００５年１２月０４日（日）_056_演習後に叱責を受ける響 / 050_２００５年１２月０４日（日）_059_龍浪と律子 / 060_２００５年１２月０５日（月）_062_孤児施設 / 060_２００５年１２月０５日（月）_063_ハンガー＆食堂 / 080_２００５年１２月０８日（木）_084_シミュレーションバトル / 080_２００５年１２月０８日（木）_086_米軍デブリーフィング / 080_２００５年１２月０８日（木）_087_落ち込む雫 / 090_２００５年１２月０９日（金）_090_駒木との会談 / 090_２００５年１２月０９日（金）_093_丘の上にてエレンと / 110_２００５年１２月１１日（日）_111_同時刻・律子と雫 / 120_２００５年１２月２２日（木）_121_レセプション・ウォーケン登場 / 120_２００５年１２月２２日（木）_127_ブリーフィングルームにて作戦説明 / 120_２００５年１２月２２日（木）_130_戦闘開始 / 150_２００５年１２月２４日（土）_152_格納庫にて待機する響 / 150_２００５年１２月２４日（土）_153_孤児院に赴く雫 / 150_２００５年１２月２４日（土）_174_ナウシカ / 190_エピローグ_190_斑鳩登場,mixed,786,unscoped,40,旧混合表；出现不等于译法正确；仅证实在本作出现；译法、单字子串及称谓语境仍需审定。
要塞級,要塞级,candidate,080_２００５年１２月０８日（木）_085_ウォードッグの戦い,mixed,791,unscoped,1,旧混合表；出现不等于译法正确；仅证实在本作出现；译法、单字子串及称谓语境仍需审定。
要撃級,要击级,candidate,080_２００５年１２月０８日（木）_085_ウォードッグの戦い,mixed,792,unscoped,4,旧混合表；出现不等于译法正确；仅证实在本作出现；译法、单字子串及称谓语境仍需审定。
要領,要领,candidate,080_２００５年１２月０８日（木）_085_ウォードッグの戦い,mixed,793,unscoped,1,旧混合表；出现不等于译法正确；仅证实在本作出现；译法、单字子串及称谓语境仍需审定。
記者,记者,candidate,020_２００５年１２月０１日（木）_020_インタビュー後半,mixed,794,unscoped,1,旧混合表；出现不等于译法正确；仅证实在本作出现；译法、单字子串及称谓语境仍需审定。
誘導弾,诱导弹,candidate,050_２００５年１２月０４日（日）_054_カナダ軍特攻 / 070_２００５年１２月０７日（水）_070_悪夢　尊厳 / 080_２００５年１２月０８日（木）_084_シミュレーションバトル / 120_２００５年１２月２２日（木）_128_プラントへの出撃 / 120_２００５年１２月２２日（木）_134_窮地 / 150_２００５年１２月２４日（土）_170_帝国艦隊,mixed,795,unscoped,8,旧混合表；出现不等于译法正确；仅证实在本作出现；译法、单字子串及称谓语境仍需审定。
跳躍ユニット,跳跃单元,candidate,120_２００５年１２月２２日（木）_134_窮地,mixed,799,unscoped,1,旧混合表；出现不等于译法正确；仅证实在本作出现；译法、单字子串及称谓语境仍需审定。
軌道降下兵,轨道潜水员,excluded,090_２００５年１２月０９日（金）_093_丘の上にてエレンと,mixed,803,unscoped,6,旧混合表；出现不等于译法正确；仅证实在本作出现；译法、单字子串及称谓语境仍需审定。
軌道降下兵団,轨道降下兵团,candidate,090_２００５年１２月０９日（金）_093_丘の上にてエレンと,mixed,805,unscoped,3,旧混合表；出现不等于译法正确；仅证实在本作出现；译法、单字子串及称谓语境仍需审定。
軍人,军人,candidate,020_２００５年１２月０１日（木）_020_インタビュー後半 / 030_２００５年１２月０２日（金）_032_食堂 / 060_２００５年１２月０５日（月）_062_孤児施設 / 150_２００５年１２月２４日（土）_150_プラント脱出後、米軍と日本軍 / 150_２００５年１２月２４日（土）_151_国境で睨み合う / 150_２００５年１２月２４日（土）_152_格納庫にて待機する響 / 150_２００５年１２月２４日（土）_162_駒木の苦悩 / 150_２００５年１２月２４日（土）_167_格納庫にて出撃準備 / 150_２００５年１２月２４日（土）_170_帝国艦隊,mixed,806,unscoped,22,旧混合表；出现不等于译法正确；仅证实在本作出现；译法、单字子串及称谓语境仍需审定。
軍隊,军队,candidate,030_２００５年１２月０２日（金）_032_食堂 / 100_２００５年１２月１０日（土）_102_まりもと食事 / 150_２００５年１２月２４日（土）_151_国境で睨み合う,mixed,812,unscoped,3,旧混合表；出现不等于译法正确；仅证实在本作出现；译法、单字子串及称谓语境仍需审定。
部隊,部队,candidate,030_２００５年１２月０２日（金）_034_演習後デブリーフィング / 030_２００５年１２月０２日（金）_035_格納庫で落ち込む雫＆律子登場 / 050_２００５年１２月０４日（日）_051_米軍ＶＳ仏軍 / 050_２００５年１２月０４日（日）_053_響の過去 / 050_２００５年１２月０４日（日）_056_演習後に叱責を受ける響 / 050_２００５年１２月０４日（日）_059_龍浪と律子 / 060_２００５年１２月０５日（月）_063_ハンガー＆食堂 / 080_２００５年１２月０８日（木）_083_日米共同演習シミュレーション / 080_２００５年１２月０８日（木）_084_シミュレーションバトル / 080_２００５年１２月０８日（木）_085_ウォードッグの戦い / 080_２００５年１２月０８日（木）_086_米軍デブリーフィング / 090_２００５年１２月０９日（金）_093_丘の上にてエレンと / 120_２００５年１２月２２日（木）_121_レセプション・ウォーケン登場 / 120_２００５年１２月２２日（木）_127_ブリーフィングルームにて作戦説明 / 120_２００５年１２月２２日（木）_128_プラントへの出撃 / 120_２００５年１２月２２日（木）_130_戦闘開始 / 120_２００５年１２月２２日（木）_133_総攻撃開始 / 120_２００５年１２月２２日（木）_134_窮地 / 120_２００５年１２月２２日（木）_135_響吶喊 / 120_２００５年１２月２２日（木）_138_生産プラントに侵入した響 / 120_２００５年１２月２２日（木）_140_まりもと合流 / 120_２００５年１２月２２日（木）_141_プラント外の戦い / 120_２００５年１２月２２日（木）_143_駒木の差配 / 120_２００５年１２月２２日（木）_144_プラント内、合流 / 120_２００５年１２月２２日（木）_145_プラント外の戦術機部隊 / 120_２００５年１２月２２日（木）_148_安全確保 / 150_２００５年１２月２４日（土）_150_プラント脱出後、米軍と日本軍 / 150_２００５年１２月２４日（土）_157_悠陽宿舎にて密談 / 150_２００５年１２月２４日（土）_162_駒木の苦悩 / 150_２００５年１２月２４日（土）_170_帝国艦隊 / 150_２００５年１２月２４日（土）_174_ナウシカ / 150_２００５年１２月２４日（土）_177_フランス側反応,mixed,818,unscoped,66,旧混合表；出现不等于译法正确；仅证实在本作出现；译法、单字子串及称谓语境仍需审定。
闘士級,斗士级,candidate,110_２００５年１２月１１日（日）_113_記憶遡行,mixed,835,unscoped,1,旧混合表；出现不等于译法正确；仅证实在本作出现；译法、单字子串及称谓语境仍需审定。
隊員,部队成员,candidate,030_２００５年１２月０２日（金）_032_食堂 / 050_２００５年１２月０４日（日）_056_演習後に叱責を受ける響 / 120_２００５年１２月２２日（木）_127_ブリーフィングルームにて作戦説明,mixed,839,unscoped,4,旧混合表；出现不等于译法正确；仅证实在本作出现；译法、单字子串及称谓语境仍需审定。
隊長,队长,candidate,010_プロローグ_012_プロローグ２　ニュース概況 / 030_２００５年１２月０２日（金）_030_悪夢　大陸放浪 / 030_２００５年１２月０２日（金）_032_食堂 / 030_２００５年１２月０２日（金）_034_演習後デブリーフィング / 030_２００５年１２月０２日（金）_035_格納庫で落ち込む雫＆律子登場 / 030_２００５年１２月０２日（金）_036_丘の上で柚香、エレンと / 050_２００５年１２月０４日（日）_050_悪夢の始まり：大海崩後の世界 / 050_２００５年１２月０４日（日）_054_カナダ軍特攻 / 050_２００５年１２月０４日（日）_055_悪夢は続くよ、いつまでも / 050_２００５年１２月０４日（日）_058_シミュレーター特訓後のデブリーフィング / 050_２００５年１２月０４日（日）_059_龍浪と律子 / 070_２００５年１２月０７日（水）_070_悪夢　尊厳 / 080_２００５年１２月０８日（木）_081_悪夢　浅葱と響 / 080_２００５年１２月０８日（木）_082_私室　静かな目覚め / 080_２００５年１２月０８日（木）_083_日米共同演習シミュレーション / 090_２００５年１２月０９日（金）_090_駒木との会談 / 110_２００５年１２月１１日（日）_114_大陸横断 / 110_２００５年１２月１１日（日）_116_丘の上・駒木、まりもとの会話を回想 / 110_２００５年１２月１１日（日）_117_丘の上・断固たる決意 / 120_２００５年１２月２２日（木）_123_悠陽登場 / 120_２００５年１２月２２日（木）_130_戦闘開始 / 150_２００５年１２月２４日（土）_151_国境で睨み合う / 150_２００５年１２月２４日（土）_157_悠陽宿舎にて密談 / 150_２００５年１２月２４日（土）_169_松風奮闘 / 150_２００５年１２月２４日（土）_174_ナウシカ / 150_２００５年１２月２４日（土）_180_リリアの反応,mixed,840,unscoped,51,旧混合表；出现不等于译法正确；仅证实在本作出现；译法、单字子串及称谓语境仍需审定。
雫,雫,candidate,020_２００５年１２月０１日（木）_021_格納庫にて / 030_２００５年１２月０２日（金）_032_食堂 / 030_２００５年１２月０２日（金）_035_格納庫で落ち込む雫＆律子登場 / 050_２００５年１２月０４日（日）_056_演習後に叱責を受ける響 / 050_２００５年１２月０４日（日）_058_シミュレーター特訓後のデブリーフィング / 050_２００５年１２月０４日（日）_059_龍浪と律子 / 060_２００５年１２月０５日（月）_062_孤児施設 / 080_２００５年１２月０８日（木）_085_ウォードッグの戦い / 110_２００５年１２月１１日（日）_111_同時刻・律子と雫 / 120_２００５年１２月２２日（木）_135_響吶喊 / 120_２００５年１２月２２日（木）_149_律子回収 / 150_２００５年１２月２４日（土）_152_格納庫にて待機する響 / 150_２００５年１２月２４日（土）_153_孤児院に赴く雫 / 150_２００５年１２月２４日（土）_184_病室,mixed,842,unscoped,53,旧混合表；出现不等于译法正确；仅证实在本作出现；译法、单字子串及称谓语境仍需审定。
響,响,candidate,010_プロローグ_012_プロローグ２　ニュース概況 / 020_２００５年１２月０１日（木）_020_インタビュー後半 / 030_２００５年１２月０２日（金）_032_食堂 / 030_２００５年１２月０２日（金）_036_丘の上で柚香、エレンと / 040_２００５年１２月０３日（土）_040_忙しい男 / 050_２００５年１２月０４日（日）_056_演習後に叱責を受ける響 / 080_２００５年１２月０８日（木）_086_米軍デブリーフィング / 080_２００５年１２月０８日（木）_087_落ち込む雫 / 090_２００５年１２月０９日（金）_093_丘の上にてエレンと / 120_２００５年１２月２２日（木）_123_悠陽登場 / 120_２００５年１２月２２日（木）_126_帰宅し丘の上にて / 120_２００５年１２月２２日（木）_127_ブリーフィングルームにて作戦説明 / 150_２００５年１２月２４日（土）_161_帝国海軍 / 150_２００５年１２月２４日（土）_162_駒木の苦悩 / 150_２００５年１２月２４日（土）_166_日米会議 / 150_２００５年１２月２４日（土）_173_停戦命令 / 150_２００５年１２月２４日（土）_184_病室,mixed,844,unscoped,25,旧混合表；出现不等于译法正确；仅证实在本作出现；译法、单字子串及称谓语境仍需审定。
食料生産プラント,食料生产工厂,candidate,010_プロローグ_012_プロローグ２　ニュース概況 / 060_２００５年１２月０５日（月）_060_プラントへ向かう道,mixed,854,unscoped,2,旧混合表；出现不等于译法正确；仅证实在本作出现；译法、单字子串及称谓语境仍需审定。
駒木大尉,驹木大尉,candidate,030_２００５年１２月０２日（金）_032_食堂 / 030_２００５年１２月０２日（金）_034_演習後デブリーフィング / 050_２００５年１２月０４日（日）_058_シミュレーター特訓後のデブリーフィング / 080_２００５年１２月０８日（木）_086_米軍デブリーフィング / 090_２００５年１２月０９日（金）_090_駒木との会談 / 090_２００５年１２月０９日（金）_093_丘の上にてエレンと / 100_２００５年１２月１０日（土）_102_まりもと食事 / 110_２００５年１２月１１日（日）_116_丘の上・駒木、まりもとの会話を回想 / 120_２００５年１２月２２日（木）_121_レセプション・ウォーケン登場 / 120_２００５年１２月２２日（木）_131_序盤戦 / 120_２００５年１２月２２日（木）_135_響吶喊 / 120_２００５年１２月２２日（木）_140_まりもと合流 / 120_２００５年１２月２２日（木）_148_安全確保 / 150_２００５年１２月２４日（土）_150_プラント脱出後、米軍と日本軍 / 150_２００５年１２月２４日（土）_152_格納庫にて待機する響 / 150_２００５年１２月２４日（土）_174_ナウシカ,mixed,857,unscoped,22,旧混合表；出现不等于译法正确；仅证实在本作出现；译法、单字子串及称谓语境仍需审定。
龍浪,龙浪,candidate,010_プロローグ_012_プロローグ２　ニュース概況 / 020_２００５年１２月０１日（木）_020_インタビュー後半 / 020_２００５年１２月０１日（木）_021_格納庫にて / 030_２００５年１２月０２日（金）_030_悪夢　大陸放浪 / 030_２００５年１２月０２日（金）_031_私室での目覚め / 030_２００５年１２月０２日（金）_032_食堂 / 030_２００５年１２月０２日（金）_034_演習後デブリーフィング / 030_２００５年１２月０２日（金）_035_格納庫で落ち込む雫＆律子登場 / 030_２００５年１２月０２日（金）_036_丘の上で柚香、エレンと / 040_２００５年１２月０３日（土）_040_忙しい男 / 050_２００５年１２月０４日（日）_050_悪夢の始まり：大海崩後の世界 / 050_２００５年１２月０４日（日）_054_カナダ軍特攻 / 050_２００５年１２月０４日（日）_056_演習後に叱責を受ける響 / 050_２００５年１２月０４日（日）_058_シミュレーター特訓後のデブリーフィング / 050_２００５年１２月０４日（日）_059_龍浪と律子 / 060_２００５年１２月０５日（月）_062_孤児施設 / 070_２００５年１２月０７日（水）_071_私室にて / 080_２００５年１２月０８日（木）_081_悪夢　浅葱と響 / 080_２００５年１２月０８日（木）_082_私室　静かな目覚め / 080_２００５年１２月０８日（木）_083_日米共同演習シミュレーション / 080_２００５年１２月０８日（木）_084_シミュレーションバトル / 080_２００５年１２月０８日（木）_086_米軍デブリーフィング / 080_２００５年１２月０８日（木）_087_落ち込む雫 / 090_２００５年１２月０９日（金）_090_駒木との会談 / 100_２００５年１２月１０日（土）_101_管理局民政課にてまりもと / 100_２００５年１２月１０日（土）_102_まりもと食事 / 110_２００５年１２月１１日（日）_110_生産プラントで決意する響 / 110_２００５年１２月１１日（日）_111_同時刻・律子と雫 / 110_２００５年１２月１１日（日）_113_記憶遡行 / 110_２００５年１２月１１日（日）_114_大陸横断 / 110_２００５年１２月１１日（日）_115_医局にて目を覚ます響 / 110_２００５年１２月１１日（日）_117_丘の上・断固たる決意 / 120_２００５年１２月２２日（木）_121_レセプション・ウォーケン登場 / 120_２００５年１２月２２日（木）_123_悠陽登場 / 120_２００５年１２月２２日（木）_124_悠陽と側近 / 120_２００５年１２月２２日（木）_126_帰宅し丘の上にて / 120_２００５年１２月２２日（木）_135_響吶喊 / 120_２００５年１２月２２日（木）_137_残されたウォードッグ / 120_２００５年１２月２２日（木）_140_まりもと合流 / 120_２００５年１２月２２日（木）_142_生産プラント内での死闘 / 120_２００５年１２月２２日（木）_144_プラント内、合流 / 120_２００５年１２月２２日（木）_146_陸戦部隊の活躍 / 120_２００５年１２月２２日（木）_148_安全確保 / 150_２００５年１２月２４日（土）_151_国境で睨み合う / 150_２００５年１２月２４日（土）_152_格納庫にて待機する響 / 150_２００５年１２月２４日（土）_154_民政局にて柚香とまりも / 150_２００５年１２月２４日（土）_155_悠陽宿舎廊下 / 150_２００５年１２月２４日（土）_157_悠陽宿舎にて密談 / 150_２００５年１２月２４日（土）_159_悠陽と響 / 150_２００５年１２月２４日（土）_166_日米会議 / 150_２００５年１２月２４日（土）_167_格納庫にて出撃準備 / 150_２００５年１２月２４日（土）_173_停戦命令 / 150_２００５年１２月２４日（土）_174_ナウシカ / 150_２００５年１２月２４日（土）_176_駒木の反応 / 150_２００５年１２月２４日（土）_181_ウォードッグの反応 / 150_２００５年１２月２４日（土）_184_病室 / 190_エピローグ_190_斑鳩登場,mixed,860,unscoped,174,旧混合表；出现不等于译法正确；仅证实在本作出现；译法、单字子串及称谓语境仍需审定。
龍浪中尉,龙浪中尉,candidate,010_プロローグ_012_プロローグ２　ニュース概況 / 020_２００５年１２月０１日（木）_020_インタビュー後半 / 020_２００５年１２月０１日（木）_021_格納庫にて / 030_２００５年１２月０２日（金）_030_悪夢　大陸放浪 / 030_２００５年１２月０２日（金）_031_私室での目覚め / 030_２００５年１２月０２日（金）_032_食堂 / 030_２００５年１２月０２日（金）_034_演習後デブリーフィング / 030_２００５年１２月０２日（金）_035_格納庫で落ち込む雫＆律子登場 / 030_２００５年１２月０２日（金）_036_丘の上で柚香、エレンと / 040_２００５年１２月０３日（土）_040_忙しい男 / 050_２００５年１２月０４日（日）_050_悪夢の始まり：大海崩後の世界 / 050_２００５年１２月０４日（日）_056_演習後に叱責を受ける響 / 050_２００５年１２月０４日（日）_058_シミュレーター特訓後のデブリーフィング / 050_２００５年１２月０４日（日）_059_龍浪と律子 / 060_２００５年１２月０５日（月）_062_孤児施設 / 070_２００５年１２月０７日（水）_071_私室にて / 080_２００５年１２月０８日（木）_082_私室　静かな目覚め / 080_２００５年１２月０８日（木）_086_米軍デブリーフィング / 080_２００５年１２月０８日（木）_087_落ち込む雫 / 100_２００５年１２月１０日（土）_102_まりもと食事 / 110_２００５年１２月１１日（日）_111_同時刻・律子と雫 / 110_２００５年１２月１１日（日）_113_記憶遡行 / 110_２００５年１２月１１日（日）_114_大陸横断 / 110_２００５年１２月１１日（日）_115_医局にて目を覚ます響 / 110_２００５年１２月１１日（日）_117_丘の上・断固たる決意 / 120_２００５年１２月２２日（木）_121_レセプション・ウォーケン登場 / 120_２００５年１２月２２日（木）_123_悠陽登場 / 120_２００５年１２月２２日（木）_124_悠陽と側近 / 120_２００５年１２月２２日（木）_135_響吶喊 / 120_２００５年１２月２２日（木）_137_残されたウォードッグ / 120_２００５年１２月２２日（木）_144_プラント内、合流 / 120_２００５年１２月２２日（木）_146_陸戦部隊の活躍 / 120_２００５年１２月２２日（木）_148_安全確保 / 150_２００５年１２月２４日（土）_152_格納庫にて待機する響 / 150_２００５年１２月２４日（土）_154_民政局にて柚香とまりも / 150_２００５年１２月２４日（土）_155_悠陽宿舎廊下 / 150_２００５年１２月２４日（土）_157_悠陽宿舎にて密談 / 150_２００５年１２月２４日（土）_166_日米会議 / 150_２００５年１２月２４日（土）_167_格納庫にて出撃準備 / 150_２００５年１２月２４日（土）_174_ナウシカ / 150_２００５年１２月２４日（土）_181_ウォードッグの反応 / 150_２００５年１２月２４日（土）_184_病室,mixed,863,unscoped,108,旧混合表；出现不等于译法正确；仅证实在本作出现；译法、单字子串及称谓语境仍需审定。
龍浪響,龙浪响,candidate,010_プロローグ_012_プロローグ２　ニュース概況 / 030_２００５年１２月０２日（金）_032_食堂 / 040_２００５年１２月０３日（土）_040_忙しい男 / 080_２００５年１２月０８日（木）_086_米軍デブリーフィング / 120_２００５年１２月２２日（木）_123_悠陽登場 / 120_２００５年１２月２２日（木）_126_帰宅し丘の上にて / 150_２００５年１２月２４日（土）_173_停戦命令,mixed,864,unscoped,10,旧混合表；出现不等于译法正确；仅证实在本作出现；译法、单字子串及称谓语境仍需审定。
龍浪響中尉,龙浪响中尉,candidate,010_プロローグ_012_プロローグ２　ニュース概況 / 080_２００５年１２月０８日（木）_086_米軍デブリーフィング / 120_２００５年１２月２２日（木）_123_悠陽登場 / 120_２００５年１２月２２日（木）_126_帰宅し丘の上にて / 150_２００５年１２月２４日（土）_173_停戦命令,mixed,866,unscoped,8,旧混合表；出现不等于译法正确；仅证实在本作出现；译法、单字子串及称谓语境仍需审定。
Ｂ小隊,B小队,candidate,050_２００５年１２月０４日（日）_053_響の過去 / 050_２００５年１２月０４日（日）_054_カナダ軍特攻 / 150_２００５年１２月２４日（土）_178_松風の反応,mixed,868,unscoped,3,旧混合表；出现不等于译法正确；仅证实在本作出现；译法、单字子串及称谓语境仍需审定。
誘導弾,诱导弹,candidate,050_２００５年１２月０４日（日）_054_カナダ軍特攻 / 070_２００５年１２月０７日（水）_070_悪夢　尊厳 / 080_２００５年１２月０８日（木）_084_シミュレーションバトル / 120_２００５年１２月２２日（木）_128_プラントへの出撃 / 120_２００５年１２月２２日（木）_134_窮地 / 150_２００５年１２月２４日（土）_170_帝国艦隊,legacy,2,武器术语,8,TDA fixed: do not mix with missile；仅证实在本作出现；译法、单字子串及称谓语境仍需审定。
ミサイル,导弹,candidate,050_２００５年１２月０４日（日）_051_米軍ＶＳ仏軍 / 150_２００５年１２月２４日（土）_151_国境で睨み合う,legacy,3,武器术语,2,TDA fixed: Japanese missile katakana；仅证实在本作出现；译法、单字子串及称谓语境仍需审定。
Muv-Luv,Muv-Luv,candidate,__staffroll__,legacy,5,作品标题,1,系列标题保留英文官方写法；仅证实在本作出现；译法、单字子串及称谓语境仍需审定。
煌武院悠陽,煌武院悠阳,candidate,010_プロローグ_012_プロローグ２　ニュース概況 / 030_２００５年１２月０２日（金）_032_食堂 / 120_２００５年１２月２２日（木）_123_悠陽登場 / 120_２００５年１２月２２日（木）_127_ブリーフィングルームにて作戦説明 / 120_２００５年１２月２２日（木）_146_陸戦部隊の活躍 / 150_２００５年１２月２４日（土）_166_日米会議 / 150_２００５年１２月２４日（土）_176_駒木の反応 / 150_２００５年１２月２４日（土）_184_病室,legacy,52,帝国/斯卫,11,将军家姓名；仅证实在本作出现；译法、单字子串及称谓语境仍需审定。
戦術機,战术机,candidate,020_２００５年１２月０１日（木）_021_格納庫にて / 030_２００５年１２月０２日（金）_032_食堂 / 030_２００５年１２月０２日（金）_033_対光線級演習 / 030_２００５年１２月０２日（金）_035_格納庫で落ち込む雫＆律子登場 / 050_２００５年１２月０４日（日）_050_悪夢の始まり：大海崩後の世界 / 050_２００５年１２月０４日（日）_053_響の過去 / 050_２００５年１２月０４日（日）_054_カナダ軍特攻 / 050_２００５年１２月０４日（日）_056_演習後に叱責を受ける響 / 070_２００５年１２月０７日（水）_071_私室にて / 080_２００５年１２月０８日（木）_084_シミュレーションバトル / 080_２００５年１２月０８日（木）_085_ウォードッグの戦い / 080_２００５年１２月０８日（木）_086_米軍デブリーフィング / 090_２００５年１２月０９日（金）_093_丘の上にてエレンと / 110_２００５年１２月１１日（日）_110_生産プラントで決意する響 / 120_２００５年１２月２２日（木）_123_悠陽登場 / 120_２００５年１２月２２日（木）_127_ブリーフィングルームにて作戦説明 / 120_２００５年１２月２２日（木）_128_プラントへの出撃 / 120_２００５年１２月２２日（木）_130_戦闘開始 / 120_２００５年１２月２２日（木）_131_序盤戦 / 120_２００５年１２月２２日（木）_132_作戦展開・まりもと駒木 / 120_２００５年１２月２２日（木）_133_総攻撃開始 / 120_２００５年１２月２２日（木）_134_窮地 / 120_２００５年１２月２２日（木）_135_響吶喊 / 120_２００５年１２月２２日（木）_137_残されたウォードッグ / 120_２００５年１２月２２日（木）_141_プラント外の戦い / 120_２００５年１２月２２日（木）_145_プラント外の戦術機部隊 / 120_２００５年１２月２２日（木）_147_プラント外３島嶼地区 / 150_２００５年１２月２４日（土）_150_プラント脱出後、米軍と日本軍 / 150_２００５年１２月２４日（土）_152_格納庫にて待機する響 / 150_２００５年１２月２４日（土）_156_ラファールの中 / 150_２００５年１２月２４日（土）_168_挟撃 / 150_２００５年１２月２４日（土）_170_帝国艦隊 / 150_２００５年１２月２４日（土）_173_停戦命令 / 150_２００５年１２月２４日（土）_174_ナウシカ / 150_２００５年１２月２４日（土）_176_駒木の反応,legacy,107,世界观术语,69,日本简称；仅证实在本作出现；译法、单字子串及称谓语境仍需审定。
衛士,卫士,candidate,020_２００５年１２月０１日（木）_020_インタビュー後半 / 020_２００５年１２月０１日（木）_021_格納庫にて / 030_２００５年１２月０２日（金）_032_食堂 / 030_２００５年１２月０２日（金）_034_演習後デブリーフィング / 030_２００５年１２月０２日（金）_035_格納庫で落ち込む雫＆律子登場 / 040_２００５年１２月０３日（土）_040_忙しい男 / 050_２００５年１２月０４日（日）_056_演習後に叱責を受ける響 / 050_２００５年１２月０４日（日）_059_龍浪と律子 / 060_２００５年１２月０５日（月）_062_孤児施設 / 060_２００５年１２月０５日（月）_063_ハンガー＆食堂 / 080_２００５年１２月０８日（木）_084_シミュレーションバトル / 080_２００５年１２月０８日（木）_086_米軍デブリーフィング / 080_２００５年１２月０８日（木）_087_落ち込む雫 / 090_２００５年１２月０９日（金）_090_駒木との会談 / 090_２００５年１２月０９日（金）_093_丘の上にてエレンと / 110_２００５年１２月１１日（日）_111_同時刻・律子と雫 / 120_２００５年１２月２２日（木）_121_レセプション・ウォーケン登場 / 120_２００５年１２月２２日（木）_127_ブリーフィングルームにて作戦説明 / 120_２００５年１２月２２日（木）_130_戦闘開始 / 150_２００５年１２月２４日（土）_152_格納庫にて待機する響 / 150_２００５年１２月２４日（土）_153_孤児院に赴く雫 / 150_２００５年１２月２４日（土）_174_ナウシカ / 190_エピローグ_190_斑鳩登場,legacy,109,世界观术语,40,TSF pilot / surface pilot 固定译名；仅证实在本作出现；译法、单字子串及称谓语境仍需审定。
艦長,舰长,candidate,150_２００５年１２月２４日（土）_161_帝国海軍 / 150_２００５年１２月２４日（土）_170_帝国艦隊 / 150_２００５年１２月２４日（土）_179_大和の反応,legacy,212,称谓,3,军事称谓；仅证实在本作出现；译法、单字子串及称谓语境仍需审定。
ミラージュ,幻影,candidate,150_２００５年１２月２４日（土）_163_松風は馬じゃない,legacy,426,战术机,1,日文变体；仅证实在本作出现；译法、单字子串及称谓语境仍需审定。
ラファール,阵风,candidate,050_２００５年１２月０４日（日）_052_欧州派遣軍参戦 / 050_２００５年１２月０４日（日）_053_響の過去 / 050_２００５年１２月０４日（日）_054_カナダ軍特攻 / 150_２００５年１２月２４日（土）_152_格納庫にて待機する響,legacy,427,战术机,4,日文变体；仅证实在本作出现；译法、单字子串及称谓语境仍需审定。
バビロン作戦,巴比伦作战,candidate,090_２００５年１２月０９日（金）_093_丘の上にてエレンと / 120_２００５年１２月２２日（木）_121_レセプション・ウォーケン登場,legacy,599,作战名,2,用户确认：不用巴比伦行动；仅证实在本作出现；译法、单字子串及称谓语境仍需审定。
塩の荒野,盐之荒野,candidate,050_２００５年１２月０４日（日）_052_欧州派遣軍参戦,legacy,603,TDA,1,TDA地理；仅证实在本作出现；译法、单字子串及称谓语境仍需审定。
シアトル,西雅图,candidate,010_プロローグ_012_プロローグ２　ニュース概況 / 020_２００５年１２月０１日（木）_020_インタビュー後半 / 020_２００５年１２月０１日（木）_021_格納庫にて / 060_２００５年１２月０５日（月）_061_プラント警備 / 060_２００５年１２月０５日（月）_062_孤児施設 / 080_２００５年１２月０８日（木）_083_日米共同演習シミュレーション / 080_２００５年１２月０８日（木）_086_米軍デブリーフィング / 100_２００５年１２月１０日（土）_102_まりもと食事 / 110_２００５年１２月１１日（日）_110_生産プラントで決意する響 / 120_２００５年１２月２２日（木）_121_レセプション・ウォーケン登場 / 120_２００５年１２月２２日（木）_123_悠陽登場 / 120_２００５年１２月２２日（木）_127_ブリーフィングルームにて作戦説明 / 120_２００５年１２月２２日（木）_132_作戦展開・まりもと駒木 / 120_２００５年１２月２２日（木）_135_響吶喊 / 120_２００５年１２月２２日（木）_144_プラント内、合流 / 120_２００５年１２月２２日（木）_147_プラント外３島嶼地区 / 150_２００５年１２月２４日（土）_150_プラント脱出後、米軍と日本軍 / 150_２００５年１２月２４日（土）_157_悠陽宿舎にて密談,legacy,605,TDA,36,TDA地点；仅证实在本作出现；译法、单字子串及称谓语境仍需审定。
タコマ,塔科马,candidate,060_２００５年１２月０５日（月）_061_プラント警備 / 110_２００５年１２月１１日（日）_111_同時刻・律子と雫 / 120_２００５年１２月２２日（木）_128_プラントへの出撃 / 150_２００５年１２月２４日（土）_150_プラント脱出後、米軍と日本軍,legacy,606,TDA,6,TDA地点；仅证实在本作出现；译法、单字子串及称谓语境仍需审定。
食料生産プラント,食料生产工厂,candidate,010_プロローグ_012_プロローグ２　ニュース概況 / 060_２００５年１２月０５日（月）_060_プラントへ向かう道,legacy,610,TDA,2,TDA地点/事件；仅证实在本作出现；译法、单字子串及称谓语境仍需审定。
戦術機母艦,战术机母舰,candidate,120_２００５年１２月２２日（木）_123_悠陽登場,legacy,616,TDA,1,舰船；仅证实在本作出现；译法、单字子串及称谓语境仍需审定。
軌道降下兵団,轨道降下兵团,candidate,090_２００５年１２月０９日（金）_093_丘の上にてエレンと,legacy,619,TDA/Photon,3,部队；仅证实在本作出现；译法、单字子串及称谓语境仍需审定。
千堂柚香,千堂柚香,candidate,030_２００５年１２月０２日（金）_035_格納庫で落ち込む雫＆律子登場,legacy,639,TDA角色,1,Episode 01-03；仅证实在本作出现；译法、单字子串及称谓语境仍需审定。
エレン・エイス,艾伦·艾斯,candidate,120_２００５年１２月２２日（木）_121_レセプション・ウォーケン登場,legacy,645,TDA角色,2,Episode 01-03；仅证实在本作出现；译法、单字子串及称谓语境仍需审定。
美桜乃雫,美樱乃雫,candidate,050_２００５年１２月０４日（日）_056_演習後に叱責を受ける響 / 150_２００５年１２月２４日（土）_184_病室,legacy,651,TDA角色,2,Episode 01-03；仅证实在本作出现；译法、单字子串及称谓语境仍需审定。
松風諒一,松风谅一,candidate,030_２００５年１２月０２日（金）_032_食堂,legacy,656,TDA角色,1,Episode 01-03；仅证实在本作出现；译法、单字子串及称谓语境仍需审定。
楠本さやか,楠本沙也加,candidate,030_２００５年１２月０２日（金）_035_格納庫で落ち込む雫＆律子登場,legacy,661,TDA角色,1,Episode 01-03；仅证实在本作出现；译法、单字子串及称谓语境仍需审定。
大上律子,大上律子,candidate,030_２００５年１２月０２日（金）_035_格納庫で落ち込む雫＆律子登場,legacy,665,TDA角色,1,Episode 02；仅证实在本作出现；译法、单字子串及称谓语境仍需审定。
ウォードッグ,战犬,candidate,030_２００５年１２月０２日（金）_033_対光線級演習 / 030_２００５年１２月０２日（金）_034_演習後デブリーフィング / 030_２００５年１２月０２日（金）_035_格納庫で落ち込む雫＆律子登場 / 060_２００５年１２月０５日（月）_061_プラント警備 / 080_２００５年１２月０８日（木）_085_ウォードッグの戦い / 110_２００５年１２月１１日（日）_110_生産プラントで決意する響 / 120_２００５年１２月２２日（木）_131_序盤戦 / 120_２００５年１２月２２日（木）_134_窮地 / 120_２００５年１２月２２日（木）_135_響吶喊 / 120_２００５年１２月２２日（木）_137_残されたウォードッグ / 120_２００５年１２月２２日（木）_138_生産プラントに侵入した響 / 120_２００５年１２月２２日（木）_145_プラント外の戦術機部隊 / 120_２００５年１２月２２日（木）_148_安全確保 / 150_２００５年１２月２４日（土）_174_ナウシカ,legacy,682,呼号,26,TDA专有名词固定；英文对应：Wardog / Wardogs；仅证实在本作出现；译法、单字子串及称谓语境仍需审定。
クレイン,鹤,candidate,150_２００５年１２月２４日（土）_158_日米同盟ＶＳ仏加連合 / 150_２００５年１２月２４日（土）_163_松風は馬じゃない,legacy,686,呼号,4,TDA专有名词固定；英文对应：Crane；仅证实在本作出现；译法、单字子串及称谓语境仍需审定。
ハンター,猎人,candidate,120_２００５年１２月２２日（木）_147_プラント外３島嶼地区 / 150_２００５年１２月２４日（土）_162_駒木の苦悩 / 150_２００５年１２月２４日（土）_171_ウォーケンの苦悩,legacy,688,呼号,4,TDA专有名词固定；英文对应：Hunter；仅证实在本作出现；译法、单字子串及称谓语境仍需审定。
龍浪中尉,龙浪中尉,candidate,010_プロローグ_012_プロローグ２　ニュース概況 / 020_２００５年１２月０１日（木）_020_インタビュー後半 / 020_２００５年１２月０１日（木）_021_格納庫にて / 030_２００５年１２月０２日（金）_030_悪夢　大陸放浪 / 030_２００５年１２月０２日（金）_031_私室での目覚め / 030_２００５年１２月０２日（金）_032_食堂 / 030_２００５年１２月０２日（金）_034_演習後デブリーフィング / 030_２００５年１２月０２日（金）_035_格納庫で落ち込む雫＆律子登場 / 030_２００５年１２月０２日（金）_036_丘の上で柚香、エレンと / 040_２００５年１２月０３日（土）_040_忙しい男 / 050_２００５年１２月０４日（日）_050_悪夢の始まり：大海崩後の世界 / 050_２００５年１２月０４日（日）_056_演習後に叱責を受ける響 / 050_２００５年１２月０４日（日）_058_シミュレーター特訓後のデブリーフィング / 050_２００５年１２月０４日（日）_059_龍浪と律子 / 060_２００５年１２月０５日（月）_062_孤児施設 / 070_２００５年１２月０７日（水）_071_私室にて / 080_２００５年１２月０８日（木）_082_私室　静かな目覚め / 080_２００５年１２月０８日（木）_086_米軍デブリーフィング / 080_２００５年１２月０８日（木）_087_落ち込む雫 / 100_２００５年１２月１０日（土）_102_まりもと食事 / 110_２００５年１２月１１日（日）_111_同時刻・律子と雫 / 110_２００５年１２月１１日（日）_113_記憶遡行 / 110_２００５年１２月１１日（日）_114_大陸横断 / 110_２００５年１２月１１日（日）_115_医局にて目を覚ます響 / 110_２００５年１２月１１日（日）_117_丘の上・断固たる決意 / 120_２００５年１２月２２日（木）_121_レセプション・ウォーケン登場 / 120_２００５年１２月２２日（木）_123_悠陽登場 / 120_２００５年１２月２２日（木）_124_悠陽と側近 / 120_２００５年１２月２２日（木）_135_響吶喊 / 120_２００５年１２月２２日（木）_137_残されたウォードッグ / 120_２００５年１２月２２日（木）_144_プラント内、合流 / 120_２００５年１２月２２日（木）_146_陸戦部隊の活躍 / 120_２００５年１２月２２日（木）_148_安全確保 / 150_２００５年１２月２４日（土）_152_格納庫にて待機する響 / 150_２００５年１２月２４日（土）_154_民政局にて柚香とまりも / 150_２００５年１２月２４日（土）_155_悠陽宿舎廊下 / 150_２００５年１２月２４日（土）_157_悠陽宿舎にて密談 / 150_２００５年１２月２４日（土）_166_日米会議 / 150_２００５年１２月２４日（土）_167_格納庫にて出撃準備 / 150_２００５年１２月２４日（土）_174_ナウシカ / 150_２００５年１２月２４日（土）_181_ウォードッグの反応 / 150_２００５年１２月２４日（土）_184_病室,legacy,799,TDA军衔,108,称呼；仅证实在本作出现；译法、单字子串及称谓语境仍需审定。
千堂少尉,千堂少尉,candidate,010_プロローグ_012_プロローグ２　ニュース概況 / 030_２００５年１２月０２日（金）_035_格納庫で落ち込む雫＆律子登場 / 050_２００５年１２月０４日（日）_058_シミュレーター特訓後のデブリーフィング / 050_２００５年１２月０４日（日）_059_龍浪と律子 / 060_２００５年１２月０５日（月）_061_プラント警備 / 110_２００５年１２月１１日（日）_115_医局にて目を覚ます響 / 150_２００５年１２月２４日（土）_152_格納庫にて待機する響,legacy,808,TDA军衔,12,称呼；仅证实在本作出现；译法、单字子串及称谓语境仍需审定。
美桜乃少尉,美樱乃少尉,candidate,010_プロローグ_012_プロローグ２　ニュース概況 / 020_２００５年１２月０１日（木）_021_格納庫にて / 030_２００５年１２月０２日（金）_032_食堂 / 030_２００５年１２月０２日（金）_035_格納庫で落ち込む雫＆律子登場 / 050_２００５年１２月０４日（日）_058_シミュレーター特訓後のデブリーフィング / 060_２００５年１２月０５日（月）_061_プラント警備 / 060_２００５年１２月０５日（月）_063_ハンガー＆食堂 / 080_２００５年１２月０８日（木）_085_ウォードッグの戦い / 080_２００５年１２月０８日（木）_087_落ち込む雫 / 090_２００５年１２月０９日（金）_090_駒木との会談 / 110_２００５年１２月１１日（日）_110_生産プラントで決意する響 / 120_２００５年１２月２２日（木）_121_レセプション・ウォーケン登場 / 150_２００５年１２月２４日（土）_152_格納庫にて待機する響,legacy,820,TDA军衔,18,称呼；仅证实在本作出现；译法、单字子串及称谓语境仍需审定。
神宮司少佐,神宫司少佐,candidate,010_プロローグ_011_プロローグ　神宮司まりも更迭 / 020_２００５年１２月０１日（木）_020_インタビュー後半 / 020_２００５年１２月０１日（木）_021_格納庫にて / 030_２００５年１２月０２日（金）_032_食堂 / 030_２００５年１２月０２日（金）_034_演習後デブリーフィング / 030_２００５年１２月０２日（金）_036_丘の上で柚香、エレンと / 040_２００５年１２月０３日（土）_040_忙しい男 / 050_２００５年１２月０４日（日）_056_演習後に叱責を受ける響 / 060_２００５年１２月０５日（月）_062_孤児施設 / 080_２００５年１２月０８日（木）_082_私室　静かな目覚め / 080_２００５年１２月０８日（木）_086_米軍デブリーフィング / 090_２００５年１２月０９日（金）_093_丘の上にてエレンと / 100_２００５年１２月１０日（土）_102_まりもと食事 / 110_２００５年１２月１１日（日）_116_丘の上・駒木、まりもとの会話を回想 / 120_２００５年１２月２２日（木）_121_レセプション・ウォーケン登場 / 120_２００５年１２月２２日（木）_123_悠陽登場 / 120_２００５年１２月２２日（木）_126_帰宅し丘の上にて / 120_２００５年１２月２２日（木）_131_序盤戦 / 120_２００５年１２月２２日（木）_132_作戦展開・まりもと駒木 / 120_２００５年１２月２２日（木）_142_生産プラント内での死闘 / 120_２００５年１２月２２日（木）_144_プラント内、合流 / 120_２００５年１２月２２日（木）_146_陸戦部隊の活躍 / 120_２００５年１２月２２日（木）_148_安全確保 / 150_２００５年１２月２４日（土）_152_格納庫にて待機する響 / 150_２００５年１２月２４日（土）_157_悠陽宿舎にて密談,legacy,828,人物/军衔,60,按日文原文军衔固定；仅证实在本作出现；译法、单字子串及称谓语境仍需审定。
ウォーケン少佐,沃肯少佐,candidate,080_２００５年１２月０８日（木）_086_米軍デブリーフィング / 100_２００５年１２月１０日（土）_102_まりもと食事 / 120_２００５年１２月２２日（木）_121_レセプション・ウォーケン登場 / 120_２００５年１２月２２日（木）_126_帰宅し丘の上にて / 120_２００５年１２月２２日（木）_129_同時刻：米軍サイド / 120_２００５年１２月２２日（木）_135_響吶喊 / 120_２００５年１２月２２日（木）_147_プラント外３島嶼地区 / 150_２００５年１２月２４日（土）_152_格納庫にて待機する響 / 150_２００５年１２月２４日（土）_162_駒木の苦悩,legacy,844,人物,15,用户确认：TDA01-03 固定译名；仅证实在本作出现；译法、单字子串及称谓语境仍需审定。
ウォーケン,沃肯,candidate,080_２００５年１２月０８日（木）_086_米軍デブリーフィング / 100_２００５年１２月１０日（土）_102_まりもと食事 / 120_２００５年１２月２２日（木）_121_レセプション・ウォーケン登場 / 120_２００５年１２月２２日（木）_126_帰宅し丘の上にて / 120_２００５年１２月２２日（木）_129_同時刻：米軍サイド / 120_２００５年１２月２２日（木）_135_響吶喊 / 120_２００５年１２月２２日（木）_147_プラント外３島嶼地区 / 150_２００５年１２月２４日（土）_152_格納庫にて待機する響 / 150_２００５年１２月２４日（土）_162_駒木の苦悩,legacy,888,人物,15,用户确认：TDA01-03 固定译名；仅证实在本作出现；译法、单字子串及称谓语境仍需审定。
アルフレッド・ウォーケン,阿尔弗雷德·沃肯,candidate,120_２００５年１２月２２日（木）_147_プラント外３島嶼地区,legacy,889,人物,2,用户确认：TDA01-03 固定译名；仅证实在本作出现；译法、单字子串及称谓语境仍需审定。
神宮司,神宫司,candidate,010_プロローグ_011_プロローグ　神宮司まりも更迭 / 020_２００５年１２月０１日（木）_020_インタビュー後半 / 020_２００５年１２月０１日（木）_021_格納庫にて / 030_２００５年１２月０２日（金）_032_食堂 / 030_２００５年１２月０２日（金）_034_演習後デブリーフィング / 030_２００５年１２月０２日（金）_036_丘の上で柚香、エレンと / 040_２００５年１２月０３日（土）_040_忙しい男 / 050_２００５年１２月０４日（日）_056_演習後に叱責を受ける響 / 060_２００５年１２月０５日（月）_062_孤児施設 / 080_２００５年１２月０８日（木）_082_私室　静かな目覚め / 080_２００５年１２月０８日（木）_086_米軍デブリーフィング / 090_２００５年１２月０９日（金）_093_丘の上にてエレンと / 100_２００５年１２月１０日（土）_101_管理局民政課にてまりもと / 100_２００５年１２月１０日（土）_102_まりもと食事 / 110_２００５年１２月１１日（日）_116_丘の上・駒木、まりもとの会話を回想 / 120_２００５年１２月２２日（木）_121_レセプション・ウォーケン登場 / 120_２００５年１２月２２日（木）_123_悠陽登場 / 120_２００５年１２月２２日（木）_126_帰宅し丘の上にて / 120_２００５年１２月２２日（木）_131_序盤戦 / 120_２００５年１２月２２日（木）_132_作戦展開・まりもと駒木 / 120_２００５年１２月２２日（木）_140_まりもと合流 / 120_２００５年１２月２２日（木）_142_生産プラント内での死闘 / 120_２００５年１２月２２日（木）_144_プラント内、合流 / 120_２００５年１２月２２日（木）_146_陸戦部隊の活躍 / 120_２００５年１２月２２日（木）_148_安全確保 / 150_２００５年１２月２４日（土）_152_格納庫にて待機する響 / 150_２００５年１２月２４日（土）_157_悠陽宿舎にて密談,legacy,890,人物,65,姓氏；全名按神宫司麻理茉；仅证实在本作出现；译法、单字子串及称谓语境仍需审定。
米軍衛士,美军卫士,candidate,020_２００５年１２月０１日（木）_020_インタビュー後半,legacy,891,世界观术语,1,米军语境下的卫士；仅证实在本作出现；译法、单字子串及称谓语境仍需审定。
フォートルイス,刘易斯堡,candidate,030_２００５年１２月０２日（金）_032_食堂 / 050_２００５年１２月０４日（日）_058_シミュレーター特訓後のデブリーフィング / 120_２００５年１２月２２日（木）_128_プラントへの出撃 / 150_２００５年１２月２４日（土）_152_格納庫にて待機する響,legacy,893,TDA固定术语,5,逐行校对追加；仅证实在本作出现；译法、单字子串及称谓语境仍需审定。
フォートルイス基地,刘易斯堡基地,candidate,030_２００５年１２月０２日（金）_032_食堂 / 120_２００５年１２月２２日（木）_128_プラントへの出撃,legacy,894,TDA固定术语,3,逐行校对追加；仅证实在本作出现；译法、单字子串及称谓语境仍需审定。
フォートルイス米軍基地,刘易斯堡美军基地,candidate,050_２００５年１２月０４日（日）_058_シミュレーター特訓後のデブリーフィング,legacy,895,TDA固定术语,1,逐行校对追加；仅证实在本作出现；译法、单字子串及称谓语境仍需审定。
レア・ゲグラン,蕾娅·盖克兰,candidate,150_２００５年１２月２４日（土）_156_ラファールの中,legacy,897,TDA角色,1,Episode 03；仅证实在本作出现；译法、单字子串及称谓语境仍需审定。
ボクサー,拳师号,candidate,020_２００５年１２月０１日（木）_020_インタビュー後半 / 050_２００５年１２月０４日（日）_050_悪夢の始まり：大海崩後の世界 / 100_２００５年１２月１０日（土）_102_まりもと食事,legacy,898,舰名,4,TDA专有名词固定；英文对应：Boxer；仅证实在本作出现；译法、单字子串及称谓语境仍需审定。
Ｂ小隊,B小队,candidate,050_２００５年１２月０４日（日）_053_響の過去 / 050_２００５年１２月０４日（日）_054_カナダ軍特攻 / 150_２００５年１２月２４日（土）_178_松風の反応,legacy,901,TDA说话人（日文源）,3,从 TDA02/TDA03 __speakers__.egpack 的 jp 槽抽取，禁止用英文 speaker 作为原文；仅证实在本作出现；译法、单字子串及称谓语境仍需审定。
ウォードッグス,战犬,candidate,120_２００５年１２月２２日（木）_130_戦闘開始 / 120_２００５年１２月２２日（木）_135_響吶喊 / 120_２００５年１２月２２日（木）_148_安全確保,legacy,908,TDA说话人（日文源）,3,从 TDA02/TDA03 __speakers__.egpack 的 jp 槽抽取，禁止用英文 speaker 作为原文；仅证实在本作出现；译法、单字子串及称谓语境仍需审定。
ウォードッグ小隊,战犬小队,candidate,030_２００５年１２月０２日（金）_035_格納庫で落ち込む雫＆律子登場 / 120_２００５年１２月２２日（木）_148_安全確保,legacy,909,部队名,2,TDA专有名词固定；英文对应：Wardog Platoon / Wardog Flight；仅证实在本作出现；译法、单字子串及称谓语境仍需审定。
エレン,艾伦,candidate,010_プロローグ_012_プロローグ２　ニュース概況 / 020_２００５年１２月０１日（木）_021_格納庫にて / 030_２００５年１２月０２日（金）_032_食堂 / 030_２００５年１２月０２日（金）_035_格納庫で落ち込む雫＆律子登場 / 030_２００５年１２月０２日（金）_036_丘の上で柚香、エレンと / 050_２００５年１２月０４日（日）_058_シミュレーター特訓後のデブリーフィング / 050_２００５年１２月０４日（日）_059_龍浪と律子 / 060_２００５年１２月０５日（月）_060_プラントへ向かう道 / 060_２００５年１２月０５日（月）_061_プラント警備 / 060_２００５年１２月０５日（月）_062_孤児施設 / 080_２００５年１２月０８日（木）_087_落ち込む雫 / 090_２００５年１２月０９日（金）_091_医局にて診察を受ける雫 / 090_２００５年１２月０９日（金）_093_丘の上にてエレンと / 100_２００５年１２月１０日（土）_100_エレン私室 / 110_２００５年１２月１１日（日）_110_生産プラントで決意する響 / 120_２００５年１２月２２日（木）_120_プラント・レセプション / 120_２００５年１２月２２日（木）_121_レセプション・ウォーケン登場 / 120_２００５年１２月２２日（木）_135_響吶喊 / 150_２００５年１２月２４日（土）_152_格納庫にて待機する響 / 150_２００５年１２月２４日（土）_153_孤児院に赴く雫 / 150_２００５年１２月２４日（土）_173_停戦命令,legacy,910,TDA说话人（日文源）,50,从 TDA02/TDA03 __speakers__.egpack 的 jp 槽抽取，禁止用英文 speaker 作为原文；仅证实在本作出现；译法、单字子串及称谓语境仍需审定。
オペレーター,操作员,candidate,090_２００５年１２月０９日（金）_093_丘の上にてエレンと,legacy,914,TDA说话人（日文源）,1,从 TDA02/TDA03 __speakers__.egpack 的 jp 槽抽取，禁止用英文 speaker 作为原文；仅证实在本作出现；译法、单字子串及称谓语境仍需审定。
ヒル中尉,希尔中尉,candidate,080_２００５年１２月０８日（木）_086_米軍デブリーフィング,legacy,935,TDA说话人（日文源）,5,从 TDA02/TDA03 __speakers__.egpack 的 jp 槽抽取，禁止用英文 speaker 作为原文；仅证实在本作出现；译法、单字子串及称谓语境仍需审定。
ブラックナイヴス,黑刃队,candidate,120_２００５年１２月２２日（木）_135_響吶喊,legacy,938,部队名,1,TDA专有名词固定；英文对应：Black Knives；仅证实在本作出现；译法、单字子串及称谓语境仍需审定。
フランス軍,法军,candidate,120_２００５年１２月２２日（木）_129_同時刻：米軍サイド / 150_２００５年１２月２４日（土）_150_プラント脱出後、米軍と日本軍 / 150_２００５年１２月２４日（土）_162_駒木の苦悩 / 150_２００５年１２月２４日（土）_176_駒木の反応,legacy,940,TDA说话人（日文源）,4,从 TDA02/TDA03 __speakers__.egpack 的 jp 槽抽取，禁止用英文 speaker 作为原文；仅证实在本作出现；译法、单字子串及称谓语境仍需审定。
マクガイヤ准将,麦圭尔准将,candidate,150_２００５年１２月２４日（土）_166_日米会議,legacy,954,TDA说话人（日文源）,2,从 TDA02/TDA03 __speakers__.egpack 的 jp 槽抽取，禁止用英文 speaker 作为原文；仅证实在本作出现；译法、单字子串及称谓语境仍需审定。
リヴィエール大尉,里维埃上尉,candidate,150_２００５年１２月２４日（土）_175_フランス・リヴィエール大尉,legacy,960,TDA说话人（日文源）,1,从 TDA02/TDA03 __speakers__.egpack 的 jp 槽抽取，禁止用英文 speaker 作为原文；仅证实在本作出现；译法、单字子串及称谓语境仍需审定。
レポーター,记者,candidate,010_プロローグ_012_プロローグ２　ニュース概況,legacy,962,TDA说话人（日文源）,1,从 TDA02/TDA03 __speakers__.egpack 的 jp 槽抽取，禁止用英文 speaker 作为原文；仅证实在本作出现；译法、单字子串及称谓语境仍需审定。
医者,医生,candidate,090_２００５年１２月０９日（金）_091_医局にて診察を受ける雫 / 110_２００５年１２月１１日（日）_110_生産プラントで決意する響 / 110_２００５年１２月１１日（日）_112_医局にて催眠暗示を受ける / 110_２００５年１２月１１日（日）_115_医局にて目を覚ます響 / 120_２００５年１２月２２日（木）_148_安全確保 / 150_２００５年１２月２４日（土）_181_ウォードッグの反応,legacy,964,TDA说话人（日文源）,6,从 TDA02/TDA03 __speakers__.egpack 的 jp 槽抽取，禁止用英文 speaker 作为原文；仅证实在本作出现；译法、单字子串及称谓语境仍需审定。
一郎,一郎,candidate,060_２００５年１２月０５日（月）_061_プラント警備 / 060_２００５年１２月０５日（月）_062_孤児施設 / 060_２００５年１２月０５日（月）_063_ハンガー＆食堂 / 100_２００５年１２月１０日（土）_102_まりもと食事 / 150_２００５年１２月２４日（土）_152_格納庫にて待機する響 / 150_２００５年１２月２４日（土）_153_孤児院に赴く雫,legacy,966,TDA说话人（日文源）,21,从 TDA02/TDA03 __speakers__.egpack 的 jp 槽抽取，禁止用英文 speaker 作为原文；仅证实在本作出现；译法、单字子串及称谓语境仍需审定。
記者,记者,candidate,020_２００５年１２月０１日（木）_020_インタビュー後半,legacy,973,TDA说话人（日文源）,1,从 TDA02/TDA03 __speakers__.egpack 的 jp 槽抽取，禁止用英文 speaker 作为原文；仅证实在本作出现；译法、单字子串及称谓语境仍需审定。
軌道降下兵,轨道降下兵,candidate,090_２００５年１２月０９日（金）_093_丘の上にてエレンと,legacy,975,TDA说话人（日文源）,6,从 TDA02/TDA03 __speakers__.egpack 的 jp 槽抽取，禁止用英文 speaker 作为原文；仅证实在本作出现；译法、单字子串及称谓语境仍需审定。
響,响,candidate,010_プロローグ_012_プロローグ２　ニュース概況 / 020_２００５年１２月０１日（木）_020_インタビュー後半 / 030_２００５年１２月０２日（金）_032_食堂 / 030_２００５年１２月０２日（金）_036_丘の上で柚香、エレンと / 040_２００５年１２月０３日（土）_040_忙しい男 / 050_２００５年１２月０４日（日）_056_演習後に叱責を受ける響 / 080_２００５年１２月０８日（木）_086_米軍デブリーフィング / 080_２００５年１２月０８日（木）_087_落ち込む雫 / 090_２００５年１２月０９日（金）_093_丘の上にてエレンと / 120_２００５年１２月２２日（木）_123_悠陽登場 / 120_２００５年１２月２２日（木）_126_帰宅し丘の上にて / 120_２００５年１２月２２日（木）_127_ブリーフィングルームにて作戦説明 / 150_２００５年１２月２４日（土）_161_帝国海軍 / 150_２００５年１２月２４日（土）_162_駒木の苦悩 / 150_２００５年１２月２４日（土）_166_日米会議 / 150_２００５年１２月２４日（土）_173_停戦命令 / 150_２００５年１２月２４日（土）_184_病室,legacy,977,TDA说话人（日文源）,25,从 TDA02/TDA03 __speakers__.egpack 的 jp 槽抽取，禁止用英文 speaker 作为原文；仅证实在本作出现；译法、单字子串及称谓语境仍需审定。
駒木大尉,驹木上尉,candidate,030_２００５年１２月０２日（金）_032_食堂 / 030_２００５年１２月０２日（金）_034_演習後デブリーフィング / 050_２００５年１２月０４日（日）_058_シミュレーター特訓後のデブリーフィング / 080_２００５年１２月０８日（木）_086_米軍デブリーフィング / 090_２００５年１２月０９日（金）_090_駒木との会談 / 090_２００５年１２月０９日（金）_093_丘の上にてエレンと / 100_２００５年１２月１０日（土）_102_まりもと食事 / 110_２００５年１２月１１日（日）_116_丘の上・駒木、まりもとの会話を回想 / 120_２００５年１２月２２日（木）_121_レセプション・ウォーケン登場 / 120_２００５年１２月２２日（木）_131_序盤戦 / 120_２００５年１２月２２日（木）_135_響吶喊 / 120_２００５年１２月２２日（木）_140_まりもと合流 / 120_２００５年１２月２２日（木）_148_安全確保 / 150_２００５年１２月２４日（土）_150_プラント脱出後、米軍と日本軍 / 150_２００５年１２月２４日（土）_152_格納庫にて待機する響 / 150_２００５年１２月２４日（土）_174_ナウシカ,legacy,983,TDA说话人（日文源）,22,从 TDA02/TDA03 __speakers__.egpack 的 jp 槽抽取，禁止用英文 speaker 作为原文；仅证实在本作出现；译法、单字子串及称谓语境仍需审定。
月詠中尉,月咏中尉,candidate,120_２００５年１２月２２日（木）_144_プラント内、合流,legacy,984,TDA说话人（日文源）,1,从 TDA02/TDA03 __speakers__.egpack 的 jp 槽抽取，禁止用英文 speaker 作为原文；仅证实在本作出现；译法、单字子串及称谓语境仍需审定。
古手川先生,古手川老师,candidate,150_２００５年１２月２４日（土）_153_孤児院に赴く雫,legacy,987,TDA说话人（日文源）,1,从 TDA02/TDA03 __speakers__.egpack 的 jp 槽抽取，禁止用英文 speaker 作为原文；仅证实在本作出现；译法、单字子串及称谓语境仍需审定。
広報官,宣传官,candidate,090_２００５年１２月０９日（金）_090_駒木との会談,legacy,989,TDA说话人（日文源）,2,从 TDA02/TDA03 __speakers__.egpack 的 jp 槽抽取，禁止用英文 speaker 作为原文；仅证实在本作出现；译法、单字子串及称谓语境仍需审定。
沙霧大尉,沙雾上尉,candidate,150_２００５年１２月２４日（土）_162_駒木の苦悩,legacy,990,TDA说话人（日文源）,1,从 TDA02/TDA03 __speakers__.egpack 的 jp 槽抽取，禁止用英文 speaker 作为原文；仅证实在本作出现；译法、单字子串及称谓语境仍需审定。
参加者,参加者,candidate,150_２００５年１２月２４日（土）_151_国境で睨み合う,legacy,992,TDA说话人（日文源）,1,从 TDA02/TDA03 __speakers__.egpack 的 jp 槽抽取，禁止用英文 speaker 作为原文；仅证实在本作出现；译法、单字子串及称谓语境仍需审定。
子ども,孩子,candidate,060_２００５年１２月０５日（月）_061_プラント警備 / 080_２００５年１２月０８日（木）_082_私室　静かな目覚め / 090_２００５年１２月０９日（金）_091_医局にて診察を受ける雫 / 100_２００５年１２月１０日（土）_101_管理局民政課にてまりもと / 120_２００５年１２月２２日（木）_127_ブリーフィングルームにて作戦説明 / 150_２００５年１２月２４日（土）_153_孤児院に赴く雫,legacy,994,TDA说话人（日文源）,9,从 TDA02/TDA03 __speakers__.egpack 的 jp 槽抽取，禁止用英文 speaker 作为原文；仅证实在本作出现；译法、单字子串及称谓语境仍需审定。
子どもたち,孩子们,candidate,100_２００５年１２月１０日（土）_101_管理局民政課にてまりもと,legacy,995,TDA说话人（日文源）,1,从 TDA02/TDA03 __speakers__.egpack 的 jp 槽抽取，禁止用英文 speaker 作为原文；仅证实在本作出现；译法、单字子串及称谓语境仍需审定。
子供,孩子,candidate,030_２００５年１２月０２日（金）_032_食堂 / 030_２００５年１２月０２日（金）_035_格納庫で落ち込む雫＆律子登場 / 050_２００５年１２月０４日（日）_054_カナダ軍特攻 / 050_２００５年１２月０４日（日）_059_龍浪と律子 / 060_２００５年１２月０５日（月）_062_孤児施設 / 060_２００５年１２月０５日（月）_063_ハンガー＆食堂 / 090_２００５年１２月０９日（金）_093_丘の上にてエレンと / 100_２００５年１２月１０日（土）_102_まりもと食事 / 120_２００５年１２月２２日（木）_124_悠陽と側近 / 150_２００５年１２月２４日（土）_152_格納庫にて待機する響,legacy,997,TDA说话人（日文源）,20,从 TDA02/TDA03 __speakers__.egpack 的 jp 槽抽取，禁止用英文 speaker 作为原文；仅证实在本作出现；译法、单字子串及称谓语境仍需审定。
市民,市民,candidate,020_２００５年１２月０１日（木）_020_インタビュー後半 / 040_２００５年１２月０３日（土）_040_忙しい男 / 100_２００５年１２月１０日（土）_102_まりもと食事 / 120_２００５年１２月２２日（木）_140_まりもと合流 / 150_２００５年１２月２４日（土）_150_プラント脱出後、米軍と日本軍 / 150_２００５年１２月２４日（土）_151_国境で睨み合う / 150_２００５年１２月２４日（土）_156_ラファールの中 / 150_２００５年１２月２４日（土）_157_悠陽宿舎にて密談 / 150_２００５年１２月２４日（土）_160_ブラックナイヴス / 150_２００５年１２月２４日（土）_166_日米会議,legacy,998,TDA说话人（日文源）,22,从 TDA02/TDA03 __speakers__.egpack 的 jp 槽抽取，禁止用英文 speaker 作为原文；仅证实在本作出现；译法、单字子串及称谓语境仍需审定。
斯衛,斯卫,candidate,030_２００５年１２月０２日（金）_032_食堂 / 120_２００５年１２月２２日（木）_123_悠陽登場 / 120_２００５年１２月２２日（木）_146_陸戦部隊の活躍 / 150_２００５年１２月２４日（土）_151_国境で睨み合う / 150_２００５年１２月２４日（土）_152_格納庫にて待機する響 / 150_２００５年１２月２４日（土）_157_悠陽宿舎にて密談 / 150_２００５年１２月２４日（土）_166_日米会議,legacy,999,TDA说话人（日文源）,20,从 TDA02/TDA03 __speakers__.egpack 的 jp 槽抽取，禁止用英文 speaker 作为原文；仅证实在本作出现；译法、单字子串及称谓语境仍需审定。
事務官,事务官,candidate,100_２００５年１２月１０日（土）_101_管理局民政課にてまりもと,legacy,1004,TDA说话人（日文源）,1,从 TDA02/TDA03 __speakers__.egpack 的 jp 槽抽取，禁止用英文 speaker 作为原文；仅证实在本作出现；译法、单字子串及称谓语境仍需审定。
寺本,寺本,candidate,030_２００５年１２月０２日（金）_030_悪夢　大陸放浪 / 030_２００５年１２月０２日（金）_036_丘の上で柚香、エレンと / 050_２００５年１２月０４日（日）_052_欧州派遣軍参戦 / 070_２００５年１２月０７日（水）_070_悪夢　尊厳 / 080_２００５年１２月０８日（木）_082_私室　静かな目覚め / 110_２００５年１２月１１日（日）_117_丘の上・断固たる決意,legacy,1005,TDA说话人（日文源）,11,从 TDA02/TDA03 __speakers__.egpack 的 jp 槽抽取，禁止用英文 speaker 作为原文；仅证实在本作出现；译法、单字子串及称谓语境仍需审定。
雫,雫,candidate,020_２００５年１２月０１日（木）_021_格納庫にて / 030_２００５年１２月０２日（金）_032_食堂 / 030_２００５年１２月０２日（金）_035_格納庫で落ち込む雫＆律子登場 / 050_２００５年１２月０４日（日）_056_演習後に叱責を受ける響 / 050_２００５年１２月０４日（日）_058_シミュレーター特訓後のデブリーフィング / 050_２００５年１２月０４日（日）_059_龍浪と律子 / 060_２００５年１２月０５日（月）_062_孤児施設 / 080_２００５年１２月０８日（木）_085_ウォードッグの戦い / 110_２００５年１２月１１日（日）_111_同時刻・律子と雫 / 120_２００５年１２月２２日（木）_135_響吶喊 / 120_２００５年１２月２２日（木）_149_律子回収 / 150_２００５年１２月２４日（土）_152_格納庫にて待機する響 / 150_２００５年１２月２４日（土）_153_孤児院に赴く雫 / 150_２００５年１２月２４日（土）_184_病室,legacy,1006,TDA说话人（日文源）,53,从 TDA02/TDA03 __speakers__.egpack 的 jp 槽抽取，禁止用英文 speaker 作为原文；仅证实在本作出现；译法、单字子串及称谓语境仍需审定。
女,女性,candidate,010_プロローグ_012_プロローグ２　ニュース概況 / 020_２００５年１２月０１日（木）_021_格納庫にて / 030_２００５年１２月０２日（金）_032_食堂 / 030_２００５年１２月０２日（金）_036_丘の上で柚香、エレンと / 050_２００５年１２月０４日（日）_050_悪夢の始まり：大海崩後の世界 / 050_２００５年１２月０４日（日）_058_シミュレーター特訓後のデブリーフィング / 050_２００５年１２月０４日（日）_059_龍浪と律子 / 060_２００５年１２月０５日（月）_062_孤児施設 / 080_２００５年１２月０８日（木）_081_悪夢　浅葱と響 / 080_２００５年１２月０８日（木）_086_米軍デブリーフィング / 090_２００５年１２月０９日（金）_093_丘の上にてエレンと / 110_２００５年１２月１１日（日）_110_生産プラントで決意する響 / 110_２００５年１２月１１日（日）_111_同時刻・律子と雫 / 120_２００５年１２月２２日（木）_121_レセプション・ウォーケン登場 / 120_２００５年１２月２２日（木）_135_響吶喊 / 150_２００５年１２月２４日（土）_152_格納庫にて待機する響 / 150_２００５年１２月２４日（土）_157_悠陽宿舎にて密談 / 190_エピローグ_190_斑鳩登場,legacy,1009,TDA说话人（日文源）,37,从 TDA02/TDA03 __speakers__.egpack 的 jp 槽抽取，禁止用英文 speaker 作为原文；仅证实在本作出现；译法、单字子串及称谓语境仍需审定。
女の子,女孩,candidate,020_２００５年１２月０１日（木）_021_格納庫にて / 030_２００５年１２月０２日（金）_032_食堂,legacy,1010,TDA说话人（日文源）,2,从 TDA02/TDA03 __speakers__.egpack 的 jp 槽抽取，禁止用英文 speaker 作为原文；仅证实在本作出现；译法、单字子串及称谓语境仍需审定。
松風,松风,candidate,020_２００５年１２月０１日（木）_021_格納庫にて / 030_２００５年１２月０２日（金）_032_食堂 / 030_２００５年１２月０２日（金）_035_格納庫で落ち込む雫＆律子登場 / 080_２００５年１２月０８日（木）_082_私室　静かな目覚め / 120_２００５年１２月２２日（木）_127_ブリーフィングルームにて作戦説明 / 120_２００５年１２月２２日（木）_128_プラントへの出撃 / 120_２００５年１２月２２日（木）_133_総攻撃開始 / 150_２００５年１２月２４日（土）_152_格納庫にて待機する響 / 150_２００５年１２月２４日（土）_181_ウォードッグの反応,legacy,1014,TDA说话人（日文源）,18,从 TDA02/TDA03 __speakers__.egpack 的 jp 槽抽取，禁止用英文 speaker 作为原文；仅证实在本作出现；译法、单字子串及称谓语境仍需审定。
職員,工作人员,candidate,100_２００５年１２月１０日（土）_102_まりもと食事,legacy,1018,TDA说话人（日文源）,1,从 TDA02/TDA03 __speakers__.egpack 的 jp 槽抽取，禁止用英文 speaker 作为原文；仅证实在本作出现；译法、单字子串及称谓语境仍需审定。
神代少尉,神代少尉,candidate,150_２００５年１２月２４日（土）_167_格納庫にて出撃準備,legacy,1023,TDA说话人（日文源）,1,从 TDA02/TDA03 __speakers__.egpack 的 jp 槽抽取，禁止用英文 speaker 作为原文；仅证实在本作出现；译法、单字子串及称谓语境仍需审定。
整備班長,整备班长,candidate,060_２００５年１２月０５日（月）_063_ハンガー＆食堂 / 150_２００５年１２月２４日（土）_157_悠陽宿舎にて密談,legacy,1025,TDA说话人（日文源）,2,从 TDA02/TDA03 __speakers__.egpack 的 jp 槽抽取，禁止用英文 speaker 作为原文；仅证实在本作出现；译法、单字子串及称谓语境仍需审定。
声,声音,candidate,010_プロローグ_012_プロローグ２　ニュース概況 / 030_２００５年１２月０２日（金）_032_食堂 / 050_２００５年１２月０４日（日）_054_カナダ軍特攻 / 050_２００５年１２月０４日（日）_055_悪夢は続くよ、いつまでも / 080_２００５年１２月０８日（木）_080_悪夢　追跡 / 080_２００５年１２月０８日（木）_086_米軍デブリーフィング / 110_２００５年１２月１１日（日）_110_生産プラントで決意する響 / 120_２００５年１２月２２日（木）_121_レセプション・ウォーケン登場 / 120_２００５年１２月２２日（木）_123_悠陽登場 / 120_２００５年１２月２２日（木）_127_ブリーフィングルームにて作戦説明 / 120_２００５年１２月２２日（木）_129_同時刻：米軍サイド / 120_２００５年１２月２２日（木）_144_プラント内、合流 / 150_２００５年１２月２４日（土）_152_格納庫にて待機する響 / 150_２００５年１２月２４日（土）_153_孤児院に赴く雫 / 150_２００５年１２月２４日（土）_166_日米会議 / 150_２００５年１２月２４日（土）_167_格納庫にて出撃準備 / 190_エピローグ_190_斑鳩登場,legacy,1026,TDA说话人（日文源）,21,从 TDA02/TDA03 __speakers__.egpack 的 jp 槽抽取，禁止用英文 speaker 作为原文；仅证实在本作出现；译法、单字子串及称谓语境仍需审定。
浅葱,浅葱,candidate,030_２００５年１２月０２日（金）_030_悪夢　大陸放浪 / 030_２００５年１２月０２日（金）_036_丘の上で柚香、エレンと / 050_２００５年１２月０４日（日）_050_悪夢の始まり：大海崩後の世界 / 050_２００５年１２月０４日（日）_055_悪夢は続くよ、いつまでも / 070_２００５年１２月０７日（水）_070_悪夢　尊厳 / 070_２００５年１２月０７日（水）_071_私室にて / 080_２００５年１２月０８日（木）_081_悪夢　浅葱と響 / 080_２００５年１２月０８日（木）_082_私室　静かな目覚め / 080_２００５年１２月０８日（木）_086_米軍デブリーフィング / 110_２００５年１２月１１日（日）_113_記憶遡行 / 110_２００５年１２月１１日（日）_115_医局にて目を覚ます響 / 110_２００５年１２月１１日（日）_116_丘の上・駒木、まりもとの会話を回想 / 110_２００５年１２月１１日（日）_117_丘の上・断固たる決意,legacy,1029,TDA说话人（日文源）,27,从 TDA02/TDA03 __speakers__.egpack 的 jp 槽抽取，禁止用英文 speaker 作为原文；仅证实在本作出现；译法、单字子串及称谓语境仍需审定。
側近,侧近,candidate,120_２００５年１２月２２日（木）_148_安全確保,legacy,1030,TDA说话人（日文源）,1,从 TDA02/TDA03 __speakers__.egpack 的 jp 槽抽取，禁止用英文 speaker 作为原文；仅证实在本作出现；译法、单字子串及称谓语境仍需审定。
隊員,队员,candidate,030_２００５年１２月０２日（金）_032_食堂 / 050_２００５年１２月０４日（日）_056_演習後に叱責を受ける響 / 120_２００５年１２月２２日（木）_127_ブリーフィングルームにて作戦説明,legacy,1032,TDA说话人（日文源）,4,从 TDA02/TDA03 __speakers__.egpack 的 jp 槽抽取，禁止用英文 speaker 作为原文；仅证实在本作出现；译法、单字子串及称谓语境仍需审定。
隊長,队长,candidate,010_プロローグ_012_プロローグ２　ニュース概況 / 030_２００５年１２月０２日（金）_030_悪夢　大陸放浪 / 030_２００５年１２月０２日（金）_032_食堂 / 030_２００５年１２月０２日（金）_034_演習後デブリーフィング / 030_２００５年１２月０２日（金）_035_格納庫で落ち込む雫＆律子登場 / 030_２００５年１２月０２日（金）_036_丘の上で柚香、エレンと / 050_２００５年１２月０４日（日）_050_悪夢の始まり：大海崩後の世界 / 050_２００５年１２月０４日（日）_054_カナダ軍特攻 / 050_２００５年１２月０４日（日）_055_悪夢は続くよ、いつまでも / 050_２００５年１２月０４日（日）_058_シミュレーター特訓後のデブリーフィング / 050_２００５年１２月０４日（日）_059_龍浪と律子 / 070_２００５年１２月０７日（水）_070_悪夢　尊厳 / 080_２００５年１２月０８日（木）_081_悪夢　浅葱と響 / 080_２００５年１２月０８日（木）_082_私室　静かな目覚め / 080_２００５年１２月０８日（木）_083_日米共同演習シミュレーション / 090_２００５年１２月０９日（金）_090_駒木との会談 / 110_２００５年１２月１１日（日）_114_大陸横断 / 110_２００５年１２月１１日（日）_116_丘の上・駒木、まりもとの会話を回想 / 110_２００５年１２月１１日（日）_117_丘の上・断固たる決意 / 120_２００５年１２月２２日（木）_123_悠陽登場 / 120_２００５年１２月２２日（木）_130_戦闘開始 / 150_２００５年１２月２４日（土）_151_国境で睨み合う / 150_２００５年１２月２４日（土）_157_悠陽宿舎にて密談 / 150_２００５年１２月２４日（土）_169_松風奮闘 / 150_２００５年１２月２４日（土）_174_ナウシカ / 150_２００５年１２月２４日（土）_180_リリアの反応,legacy,1033,TDA说话人（日文源）,51,从 TDA02/TDA03 __speakers__.egpack 的 jp 槽抽取，禁止用英文 speaker 作为原文；仅证实在本作出现；译法、单字子串及称谓语境仍需审定。
大上中尉,大上中尉,candidate,030_２００５年１２月０２日（金）_035_格納庫で落ち込む雫＆律子登場 / 050_２００５年１２月０４日（日）_057_律子と特訓 / 050_２００５年１２月０４日（日）_058_シミュレーター特訓後のデブリーフィング / 050_２００５年１２月０４日（日）_059_龍浪と律子 / 060_２００５年１２月０５日（月）_063_ハンガー＆食堂 / 090_２００５年１２月０９日（金）_091_医局にて診察を受ける雫 / 110_２００５年１２月１１日（日）_110_生産プラントで決意する響 / 110_２００５年１２月１１日（日）_111_同時刻・律子と雫 / 120_２００５年１２月２２日（木）_120_プラント・レセプション / 120_２００５年１２月２２日（木）_134_窮地 / 120_２００５年１２月２２日（木）_148_安全確保 / 150_２００５年１２月２４日（土）_152_格納庫にて待機する響 / 150_２００５年１２月２４日（土）_153_孤児院に赴く雫 / 150_２００５年１２月２４日（土）_184_病室,legacy,1034,TDA说话人（日文源）,31,从 TDA02/TDA03 __speakers__.egpack 的 jp 槽抽取，禁止用英文 speaker 作为原文；仅证实在本作出现；译法、单字子串及称谓语境仍需审定。
担当官,负责人,candidate,120_２００５年１２月２２日（木）_124_悠陽と側近,legacy,1037,TDA说话人（日文源）,1,从 TDA02/TDA03 __speakers__.egpack 的 jp 槽抽取，禁止用英文 speaker 作为原文；仅证实在本作出现；译法、单字子串及称谓语境仍需审定。
男,男性,candidate,030_２００５年１２月０２日（金）_036_丘の上で柚香、エレンと / 050_２００５年１２月０４日（日）_050_悪夢の始まり：大海崩後の世界 / 050_２００５年１２月０４日（日）_058_シミュレーター特訓後のデブリーフィング / 050_２００５年１２月０４日（日）_059_龍浪と律子 / 100_２００５年１２月１０日（土）_102_まりもと食事 / 120_２００５年１２月２２日（木）_126_帰宅し丘の上にて / 150_２００５年１２月２４日（土）_153_孤児院に赴く雫 / 150_２００５年１２月２４日（土）_170_帝国艦隊 / 150_２００５年１２月２４日（土）_173_停戦命令 / 150_２００５年１２月２４日（土）_176_駒木の反応,legacy,1038,TDA说话人（日文源）,12,从 TDA02/TDA03 __speakers__.egpack 的 jp 槽抽取，禁止用英文 speaker 作为原文；仅证实在本作出现；译法、单字子串及称谓语境仍需审定。
男の子,少年,candidate,150_２００５年１２月２４日（土）_153_孤児院に赴く雫,legacy,1039,TDA说话人（日文源）,1,从 TDA02/TDA03 __speakers__.egpack 的 jp 槽抽取，禁止用英文 speaker 作为原文；仅证实在本作出现；译法、单字子串及称谓语境仍需审定。
帝国欧州派遣軍,帝国欧洲派遣军,candidate,050_２００５年１２月０４日（日）_052_欧州派遣軍参戦 / 050_２００５年１２月０４日（日）_054_カナダ軍特攻,legacy,1044,TDA说话人（日文源）,2,从 TDA02/TDA03 __speakers__.egpack 的 jp 槽抽取，禁止用英文 speaker 作为原文；仅证实在本作出现；译法、单字子串及称谓语境仍需审定。
帝国軍衛士,帝国军卫士,candidate,020_２００５年１２月０１日（木）_020_インタビュー後半,legacy,1047,TDA说话人（日文源）,1,从 TDA02/TDA03 __speakers__.egpack 的 jp 槽抽取，禁止用英文 speaker 作为原文；仅证实在本作出现；译法、单字子串及称谓语境仍需审定。
帝国軍兵士,帝国军士兵,candidate,020_２００５年１２月０１日（木）_020_インタビュー後半,legacy,1050,TDA说话人（日文源）,2,从 TDA02/TDA03 __speakers__.egpack 的 jp 槽抽取，禁止用英文 speaker 作为原文；仅证实在本作出现；译法、单字子串及称谓语境仍需审定。
突入部隊,突入部队,candidate,080_２００５年１２月０８日（木）_085_ウォードッグの戦い / 120_２００５年１２月２２日（木）_127_ブリーフィングルームにて作戦説明,legacy,1054,TDA说话人（日文源）,3,从 TDA02/TDA03 __speakers__.egpack 的 jp 槽抽取，禁止用英文 speaker 作为原文；仅证实在本作出现；译法、单字子串及称谓语境仍需审定。
楠本,楠本,candidate,010_プロローグ_012_プロローグ２　ニュース概況 / 020_２００５年１２月０１日（木）_021_格納庫にて / 030_２００５年１２月０２日（金）_035_格納庫で落ち込む雫＆律子登場 / 060_２００５年１２月０５日（月）_061_プラント警備 / 060_２００５年１２月０５日（月）_063_ハンガー＆食堂 / 150_２００５年１２月２４日（土）_152_格納庫にて待機する響,legacy,1056,TDA说话人（日文源）,12,从 TDA02/TDA03 __speakers__.egpack 的 jp 槽抽取，禁止用英文 speaker 作为原文；仅证实在本作出现；译法、单字子串及称谓语境仍需审定。
巴少尉,巴少尉,candidate,150_２００５年１２月２４日（土）_152_格納庫にて待機する響,legacy,1058,TDA说话人（日文源）,1,从 TDA02/TDA03 __speakers__.egpack 的 jp 槽抽取，禁止用英文 speaker 作为原文；仅证实在本作出现；译法、单字子串及称谓语境仍需审定。
斑鳩,斑鸠,candidate,150_２００５年１２月２４日（土）_166_日米会議 / 190_エピローグ_190_斑鳩登場,legacy,1060,TDA说话人（日文源）,2,从 TDA02/TDA03 __speakers__.egpack 的 jp 槽抽取，禁止用英文 speaker 作为原文；仅证实在本作出现；译法、单字子串及称谓语境仍需审定。
斑鳩閣下,斑鸠阁下,candidate,190_エピローグ_190_斑鳩登場,legacy,1061,TDA说话人（日文源）,1,从 TDA02/TDA03 __speakers__.egpack 的 jp 槽抽取，禁止用英文 speaker 作为原文；仅证实在本作出现；译法、单字子串及称谓语境仍需审定。
副長,副长,candidate,150_２００５年１２月２４日（土）_170_帝国艦隊,legacy,1063,TDA说话人（日文源）,2,从 TDA02/TDA03 __speakers__.egpack 的 jp 槽抽取，禁止用英文 speaker 作为原文；仅证实在本作出现；译法、单字子串及称谓语境仍需审定。
兵士,士兵,candidate,020_２００５年１２月０１日（木）_020_インタビュー後半 / 030_２００５年１２月０２日（金）_034_演習後デブリーフィング / 090_２００５年１２月０９日（金）_091_医局にて診察を受ける雫 / 110_２００５年１２月１１日（日）_111_同時刻・律子と雫 / 120_２００５年１２月２２日（木）_129_同時刻：米軍サイド / 150_２００５年１２月２４日（土）_152_格納庫にて待機する響 / 150_２００５年１２月２４日（土）_166_日米会議,legacy,1065,TDA说话人（日文源）,8,从 TDA02/TDA03 __speakers__.egpack 的 jp 槽抽取，禁止用英文 speaker 作为原文；仅证实在本作出现；译法、单字子串及称谓语境仍需审定。
米国空軍,美国空军,candidate,080_２００５年１２月０８日（木）_086_米軍デブリーフィング / 150_２００５年１２月２４日（土）_162_駒木の苦悩 / 150_２００５年１２月２４日（土）_170_帝国艦隊,legacy,1071,TDA说话人（日文源）,5,从 TDA02/TDA03 __speakers__.egpack 的 jp 槽抽取，禁止用英文 speaker 作为原文；仅证实在本作出现；译法、单字子串及称谓语境仍需审定。
悠陽殿下,悠阳殿下,candidate,010_プロローグ_012_プロローグ２　ニュース概況 / 020_２００５年１２月０１日（木）_020_インタビュー後半 / 030_２００５年１２月０２日（金）_032_食堂 / 120_２００５年１２月２２日（木）_123_悠陽登場 / 120_２００５年１２月２２日（木）_127_ブリーフィングルームにて作戦説明 / 120_２００５年１２月２２日（木）_138_生産プラントに侵入した響 / 120_２００５年１２月２２日（木）_146_陸戦部隊の活躍 / 150_２００５年１２月２４日（土）_166_日米会議 / 150_２００５年１２月２４日（土）_167_格納庫にて出撃準備 / 150_２００５年１２月２４日（土）_184_病室,legacy,1075,TDA说话人（日文源）,16,从 TDA02/TDA03 __speakers__.egpack 的 jp 槽抽取，禁止用英文 speaker 作为原文；仅证实在本作出现；译法、单字子串及称谓语境仍需审定。
柚香,柚香,candidate,030_２００５年１２月０２日（金）_032_食堂 / 030_２００５年１２月０２日（金）_035_格納庫で落ち込む雫＆律子登場 / 030_２００５年１２月０２日（金）_036_丘の上で柚香、エレンと / 050_２００５年１２月０４日（日）_050_悪夢の始まり：大海崩後の世界 / 050_２００５年１２月０４日（日）_055_悪夢は続くよ、いつまでも / 050_２００５年１２月０４日（日）_058_シミュレーター特訓後のデブリーフィング / 050_２００５年１２月０４日（日）_059_龍浪と律子 / 060_２００５年１２月０５日（月）_063_ハンガー＆食堂 / 070_２００５年１２月０７日（水）_071_私室にて / 080_２００５年１２月０８日（木）_081_悪夢　浅葱と響 / 080_２００５年１２月０８日（木）_086_米軍デブリーフィング / 080_２００５年１２月０８日（木）_087_落ち込む雫 / 090_２００５年１２月０９日（金）_091_医局にて診察を受ける雫 / 090_２００５年１２月０９日（金）_093_丘の上にてエレンと / 100_２００５年１２月１０日（土）_102_まりもと食事 / 110_２００５年１２月１１日（日）_110_生産プラントで決意する響 / 110_２００５年１２月１１日（日）_114_大陸横断 / 110_２００５年１２月１１日（日）_115_医局にて目を覚ます響 / 110_２００５年１２月１１日（日）_116_丘の上・駒木、まりもとの会話を回想 / 110_２００５年１２月１１日（日）_117_丘の上・断固たる決意 / 120_２００５年１２月２２日（木）_126_帰宅し丘の上にて / 120_２００５年１２月２２日（木）_135_響吶喊 / 150_２００５年１２月２４日（土）_152_格納庫にて待機する響 / 150_２００５年１２月２４日（土）_167_格納庫にて出撃準備 / 150_２００５年１２月２４日（土）_173_停戦命令 / 150_２００５年１２月２４日（土）_174_ナウシカ,legacy,1076,TDA说话人（日文源）,50,从 TDA02/TDA03 __speakers__.egpack 的 jp 槽抽取，禁止用英文 speaker 作为原文；仅证实在本作出现；译法、单字子串及称谓语境仍需审定。
労働者,工人,candidate,120_２００５年１２月２２日（木）_127_ブリーフィングルームにて作戦説明,legacy,1080,TDA说话人（日文源）,1,从 TDA02/TDA03 __speakers__.egpack 的 jp 槽抽取，禁止用英文 speaker 作为原文；仅证实在本作出现；译法、单字子串及称谓语境仍需审定。
イーグル,鹰,candidate,050_２００５年１２月０４日（日）_052_欧州派遣軍参戦 / 050_２００５年１２月０４日（日）_054_カナダ軍特攻 / 070_２００５年１２月０７日（水）_070_悪夢　尊厳,legacy,1084,呼号,4,TDA专有名词固定；英文对应：Eagle；仅证实在本作出现；译法、单字子串及称谓语境仍需审定。
ウォードッグ隊,战犬队,candidate,030_２００５年１２月０２日（金）_034_演習後デブリーフィング,legacy,1085,部队名,1,TDA专有名词固定；英文对应：Wardog Unit；仅证实在本作出现；译法、单字子串及称谓语境仍需审定。
クレイン中隊,鹤中队,candidate,150_２００５年１２月２４日（土）_163_松風は馬じゃない,legacy,1090,部队名,1,TDA专有名词固定；英文对应：Crane Squadron；仅证实在本作出现；译法、单字子串及称谓语境仍需审定。
ナイトオウル,夜枭,candidate,050_２００５年１２月０４日（日）_057_律子と特訓 / 120_２００５年１２月２２日（木）_134_窮地,legacy,1093,呼号,5,TDA专有名词固定；英文对应：Night Owl；仅证实在本作出现；译法、单字子串及称谓语境仍需审定。
ナイヴス,黑刃,candidate,080_２００５年１２月０８日（木）_084_シミュレーションバトル,legacy,1094,呼号,1,TDA专有名词固定；英文对应：Knives；仅证实在本作出现；译法、单字子串及称谓语境仍需审定。
フェザント,雉鸡,candidate,120_２００５年１２月２２日（木）_134_窮地,legacy,1098,呼号,1,TDA专有名词固定；英文对应：Pheasant；仅证实在本作出现；译法、单字子串及称谓语境仍需审定。
強襲揚陸艦ボクサー,强袭登陆舰拳师号,candidate,020_２００５年１２月０１日（木）_020_インタビュー後半,legacy,1100,舰名,1,TDA专有名词固定；英文对应：USS Boxer / Amphibious Assault Ship Boxer；仅证实在本作出现；译法、单字子串及称谓语境仍需审定。
ＪＦＫ,JFK,candidate,080_２００５年１２月０８日（木）_086_米軍デブリーフィング / 150_２００５年１２月２４日（土）_166_日米会議,legacy,1106,舰名/作战相关,3,TDA专有名词固定；英文对应：JFK；仅证实在本作出现；译法、单字子串及称谓语境仍需审定。
日本帝国欧州派遣軍,日本帝国欧洲派遣军,candidate,050_２００５年１２月０４日（日）_052_欧州派遣軍参戦,legacy,1108,组织名,1,TDA专有名词固定；英文对应：Imperial Japanese European Expeditionary Force；仅证实在本作出现；译法、单字子串及称谓语境仍需审定。
日本帝国欧州派遣軍イーグル中隊,日本帝国欧洲派遣军鹰中队,candidate,050_２００５年１２月０４日（日）_052_欧州派遣軍参戦,legacy,1109,组织名,1,TDA专有名词固定；英文对应：Imperial Japanese European Expeditionary Force Eagle Squadron；仅证实在本作出现；译法、单字子串及称谓语境仍需审定。
帝国陸軍特殊作戦団第一歩兵連隊第一中隊,帝国陆军特殊作战团第一步兵连第一中队,candidate,120_２００５年１２月２２日（木）_146_陸戦部隊の活躍,legacy,1110,组织名,3,"TDA专有名词固定；英文对应：Imperial Army Special Operations Group, 1st Infantry Regiment, 1st Company；仅证实在本作出现；译法、单字子串及称谓语境仍需审定。"
米国海兵隊戦術機部隊ブラックナイヴス,美国海军陆战队战术机部队黑刃队,candidate,120_２００５年１２月２２日（木）_135_響吶喊,legacy,1111,组织名,1,TDA专有名词固定；英文对应：US Marine Corps TSF Unit Black Knives；仅证实在本作出现；译法、单字子串及称谓语境仍需审定。
米国陸軍第１軍団第６６戦術機甲大隊,美国陆军第1军团第66战术机甲大队,candidate,120_２００５年１２月２２日（木）_147_プラント外３島嶼地区,legacy,1113,组织名,1,TDA专有名词固定；英文对应：US Army I Corps 66th Tactical Armored Battalion；仅证实在本作出现；译法、单字子串及称谓语境仍需审定。
生産プラント,生产设施,candidate,010_プロローグ_012_プロローグ２　ニュース概況 / 030_２００５年１２月０２日（金）_032_食堂 / 030_２００５年１２月０２日（金）_035_格納庫で落ち込む雫＆律子登場 / 060_２００５年１２月０５日（月）_060_プラントへ向かう道 / 060_２００５年１２月０５日（月）_061_プラント警備 / 080_２００５年１２月０８日（木）_082_私室　静かな目覚め / 090_２００５年１２月０９日（金）_092_まりもと柚香 / 120_２００５年１２月２２日（木）_121_レセプション・ウォーケン登場 / 120_２００５年１２月２２日（木）_126_帰宅し丘の上にて / 120_２００５年１２月２２日（木）_127_ブリーフィングルームにて作戦説明 / 120_２００５年１２月２２日（木）_128_プラントへの出撃 / 120_２００５年１２月２２日（木）_129_同時刻：米軍サイド / 120_２００５年１２月２２日（木）_131_序盤戦 / 120_２００５年１２月２２日（木）_132_作戦展開・まりもと駒木 / 120_２００５年１２月２２日（木）_133_総攻撃開始 / 120_２００５年１２月２２日（木）_135_響吶喊 / 120_２００５年１２月２２日（木）_144_プラント内、合流 / 120_２００５年１２月２２日（木）_147_プラント外３島嶼地区 / 120_２００５年１２月２２日（木）_148_安全確保 / 150_２００５年１２月２４日（土）_150_プラント脱出後、米軍と日本軍 / 150_２００５年１２月２４日（土）_157_悠陽宿舎にて密談 / 150_２００５年１２月２４日（土）_166_日米会議 / 150_２００５年１２月２４日（土）_174_ナウシカ / 190_エピローグ_190_斑鳩登場,legacy,1117,设施术语,78,"TDA03 screenshot feedback 20260618: plant/facility, not platform/factory；仅证实在本作出现；译法、单字子串及称谓语境仍需审定。"
Muv-Luv,Muv-Luv,candidate,__staffroll__,legacy-tsv,2,unclassified,1,旧 TSV 专名词库；不能按文件名认定全系列通用；仅证实在本作出现；译法、单字子串及称谓语境仍需审定。
煌武院悠陽,煌武院悠阳,candidate,010_プロローグ_012_プロローグ２　ニュース概況 / 030_２００５年１２月０２日（金）_032_食堂 / 120_２００５年１２月２２日（木）_123_悠陽登場 / 120_２００５年１２月２２日（木）_127_ブリーフィングルームにて作戦説明 / 120_２００５年１２月２２日（木）_146_陸戦部隊の活躍 / 150_２００５年１２月２４日（土）_166_日米会議 / 150_２００５年１２月２４日（土）_176_駒木の反応 / 150_２００５年１２月２４日（土）_184_病室,legacy-tsv,142,unclassified,11,旧 TSV 专名词库；不能按文件名认定全系列通用；仅证实在本作出现；译法、单字子串及称谓语境仍需审定。
悠陽,悠阳,candidate,010_プロローグ_012_プロローグ２　ニュース概況 / 020_２００５年１２月０１日（木）_020_インタビュー後半 / 030_２００５年１２月０２日（金）_032_食堂 / 120_２００５年１２月２２日（木）_123_悠陽登場 / 120_２００５年１２月２２日（木）_127_ブリーフィングルームにて作戦説明 / 120_２００５年１２月２２日（木）_138_生産プラントに侵入した響 / 120_２００５年１２月２２日（木）_146_陸戦部隊の活躍 / 150_２００５年１２月２４日（土）_159_悠陽と響 / 150_２００５年１２月２４日（土）_166_日米会議 / 150_２００５年１２月２４日（土）_167_格納庫にて出撃準備 / 150_２００５年１２月２４日（土）_176_駒木の反応 / 150_２００５年１２月２４日（土）_184_病室,legacy-tsv,146,unclassified,18,旧 TSV 专名词库；不能按文件名认定全系列通用；仅证实在本作出现；译法、单字子串及称谓语境仍需审定。
ウォーケン,沃肯,candidate,080_２００５年１２月０８日（木）_086_米軍デブリーフィング / 100_２００５年１２月１０日（土）_102_まりもと食事 / 120_２００５年１２月２２日（木）_121_レセプション・ウォーケン登場 / 120_２００５年１２月２２日（木）_126_帰宅し丘の上にて / 120_２００５年１２月２２日（木）_129_同時刻：米軍サイド / 120_２００５年１２月２２日（木）_135_響吶喊 / 120_２００５年１２月２２日（木）_147_プラント外３島嶼地区 / 150_２００５年１２月２４日（土）_152_格納庫にて待機する響 / 150_２００５年１２月２４日（土）_162_駒木の苦悩,legacy-tsv,154,unclassified,15,旧 TSV 专名词库；不能按文件名认定全系列通用；仅证实在本作出现；译法、单字子串及称谓语境仍需审定。
アルフレッド・ウォーケン,阿尔弗雷德·沃肯,candidate,120_２００５年１２月２２日（木）_147_プラント外３島嶼地区,legacy-tsv,156,unclassified,2,旧 TSV 专名词库；不能按文件名认定全系列通用；仅证实在本作出现；译法、单字子串及称谓语境仍需审定。
龍浪響,龙浪响,candidate,010_プロローグ_012_プロローグ２　ニュース概況 / 030_２００５年１２月０２日（金）_032_食堂 / 040_２００５年１２月０３日（土）_040_忙しい男 / 080_２００５年１２月０８日（木）_086_米軍デブリーフィング / 120_２００５年１２月２２日（木）_123_悠陽登場 / 120_２００５年１２月２２日（木）_126_帰宅し丘の上にて / 150_２００５年１２月２４日（土）_173_停戦命令,legacy-tsv,252,unclassified,10,旧 TSV 专名词库；不能按文件名认定全系列通用；仅证实在本作出现；译法、单字子串及称谓语境仍需审定。
雫,雫,candidate,020_２００５年１２月０１日（木）_021_格納庫にて / 030_２００５年１２月０２日（金）_032_食堂 / 030_２００５年１２月０２日（金）_035_格納庫で落ち込む雫＆律子登場 / 050_２００５年１２月０４日（日）_056_演習後に叱責を受ける響 / 050_２００５年１２月０４日（日）_058_シミュレーター特訓後のデブリーフィング / 050_２００５年１２月０４日（日）_059_龍浪と律子 / 060_２００５年１２月０５日（月）_062_孤児施設 / 080_２００５年１２月０８日（木）_085_ウォードッグの戦い / 110_２００５年１２月１１日（日）_111_同時刻・律子と雫 / 120_２００５年１２月２２日（木）_135_響吶喊 / 120_２００５年１２月２２日（木）_149_律子回収 / 150_２００５年１２月２４日（土）_152_格納庫にて待機する響 / 150_２００５年１２月２４日（土）_153_孤児院に赴く雫 / 150_２００５年１２月２４日（土）_184_病室,legacy-tsv,253,unclassified,53,旧 TSV 专名词库；不能按文件名认定全系列通用；仅证实在本作出现；译法、单字子串及称谓语境仍需审定。
リリア・シェルベリ,莉莉娅·谢尔贝里,candidate,080_２００５年１２月０８日（木）_086_米軍デブリーフィング / 120_２００５年１２月２２日（木）_135_響吶喊,legacy-tsv,254,unclassified,3,旧 TSV 专名词库；不能按文件名认定全系列通用；仅证实在本作出现；译法、单字子串及称谓语境仍需审定。
戦術機,战术机,candidate,020_２００５年１２月０１日（木）_021_格納庫にて / 030_２００５年１２月０２日（金）_032_食堂 / 030_２００５年１２月０２日（金）_033_対光線級演習 / 030_２００５年１２月０２日（金）_035_格納庫で落ち込む雫＆律子登場 / 050_２００５年１２月０４日（日）_050_悪夢の始まり：大海崩後の世界 / 050_２００５年１２月０４日（日）_053_響の過去 / 050_２００５年１２月０４日（日）_054_カナダ軍特攻 / 050_２００５年１２月０４日（日）_056_演習後に叱責を受ける響 / 070_２００５年１２月０７日（水）_071_私室にて / 080_２００５年１２月０８日（木）_084_シミュレーションバトル / 080_２００５年１２月０８日（木）_085_ウォードッグの戦い / 080_２００５年１２月０８日（木）_086_米軍デブリーフィング / 090_２００５年１２月０９日（金）_093_丘の上にてエレンと / 110_２００５年１２月１１日（日）_110_生産プラントで決意する響 / 120_２００５年１２月２２日（木）_123_悠陽登場 / 120_２００５年１２月２２日（木）_127_ブリーフィングルームにて作戦説明 / 120_２００５年１２月２２日（木）_128_プラントへの出撃 / 120_２００５年１２月２２日（木）_130_戦闘開始 / 120_２００５年１２月２２日（木）_131_序盤戦 / 120_２００５年１２月２２日（木）_132_作戦展開・まりもと駒木 / 120_２００５年１２月２２日（木）_133_総攻撃開始 / 120_２００５年１２月２２日（木）_134_窮地 / 120_２００５年１２月２２日（木）_135_響吶喊 / 120_２００５年１２月２２日（木）_137_残されたウォードッグ / 120_２００５年１２月２２日（木）_141_プラント外の戦い / 120_２００５年１２月２２日（木）_145_プラント外の戦術機部隊 / 120_２００５年１２月２２日（木）_147_プラント外３島嶼地区 / 150_２００５年１２月２４日（土）_150_プラント脱出後、米軍と日本軍 / 150_２００５年１２月２４日（土）_152_格納庫にて待機する響 / 150_２００５年１２月２４日（土）_156_ラファールの中 / 150_２００５年１２月２４日（土）_168_挟撃 / 150_２００５年１２月２４日（土）_170_帝国艦隊 / 150_２００５年１２月２４日（土）_173_停戦命令 / 150_２００５年１２月２４日（土）_174_ナウシカ / 150_２００５年１２月２４日（土）_176_駒木の反応,legacy-tsv,257,unclassified,69,旧 TSV 专名词库；不能按文件名认定全系列通用；仅证实在本作出现；译法、单字子串及称谓语境仍需审定。
衛士,卫士,candidate,020_２００５年１２月０１日（木）_020_インタビュー後半 / 020_２００５年１２月０１日（木）_021_格納庫にて / 030_２００５年１２月０２日（金）_032_食堂 / 030_２００５年１２月０２日（金）_034_演習後デブリーフィング / 030_２００５年１２月０２日（金）_035_格納庫で落ち込む雫＆律子登場 / 040_２００５年１２月０３日（土）_040_忙しい男 / 050_２００５年１２月０４日（日）_056_演習後に叱責を受ける響 / 050_２００５年１２月０４日（日）_059_龍浪と律子 / 060_２００５年１２月０５日（月）_062_孤児施設 / 060_２００５年１２月０５日（月）_063_ハンガー＆食堂 / 080_２００５年１２月０８日（木）_084_シミュレーションバトル / 080_２００５年１２月０８日（木）_086_米軍デブリーフィング / 080_２００５年１２月０８日（木）_087_落ち込む雫 / 090_２００５年１２月０９日（金）_090_駒木との会談 / 090_２００５年１２月０９日（金）_093_丘の上にてエレンと / 110_２００５年１２月１１日（日）_111_同時刻・律子と雫 / 120_２００５年１２月２２日（木）_121_レセプション・ウォーケン登場 / 120_２００５年１２月２２日（木）_127_ブリーフィングルームにて作戦説明 / 120_２００５年１２月２２日（木）_130_戦闘開始 / 150_２００５年１２月２４日（土）_152_格納庫にて待機する響 / 150_２００５年１２月２４日（土）_153_孤児院に赴く雫 / 150_２００５年１２月２４日（土）_174_ナウシカ / 190_エピローグ_190_斑鳩登場,legacy-tsv,261,unclassified,40,旧 TSV 专名词库；不能按文件名认定全系列通用；仅证实在本作出现；译法、单字子串及称谓语境仍需审定。
国連軍,联合国军,candidate,010_プロローグ_012_プロローグ２　ニュース概況 / 120_２００５年１２月２２日（木）_120_プラント・レセプション / 120_２００５年１２月２２日（木）_121_レセプション・ウォーケン登場,legacy-tsv,277,unclassified,3,旧 TSV 专名词库；不能按文件名认定全系列通用；仅证实在本作出现；译法、单字子串及称谓语境仍需审定。
帝国軍,帝国军,candidate,010_プロローグ_012_プロローグ２　ニュース概況 / 020_２００５年１２月０１日（木）_020_インタビュー後半 / 020_２００５年１２月０１日（木）_021_格納庫にて / 030_２００５年１２月０２日（金）_032_食堂 / 080_２００５年１２月０８日（木）_086_米軍デブリーフィング / 120_２００５年１２月２２日（木）_121_レセプション・ウォーケン登場 / 120_２００５年１２月２２日（木）_135_響吶喊 / 120_２００５年１２月２２日（木）_144_プラント内、合流 / 120_２００５年１２月２２日（木）_146_陸戦部隊の活躍 / 120_２００５年１２月２２日（木）_147_プラント外３島嶼地区 / 150_２００５年１２月２４日（土）_150_プラント脱出後、米軍と日本軍 / 150_２００５年１２月２４日（土）_155_悠陽宿舎廊下 / 150_２００５年１２月２４日（土）_162_駒木の苦悩 / 150_２００５年１２月２４日（土）_166_日米会議 / 150_２００５年１２月２４日（土）_173_停戦命令 / 150_２００５年１２月２４日（土）_176_駒木の反応 / 150_２００５年１２月２４日（土）_184_病室,legacy-tsv,280,unclassified,26,旧 TSV 专名词库；不能按文件名认定全系列通用；仅证实在本作出现；译法、单字子串及称谓语境仍需审定。
帝国斯衛軍,帝国斯卫军,candidate,120_２００５年１２月２２日（木）_123_悠陽登場,legacy-tsv,282,unclassified,1,旧 TSV 专名词库；不能按文件名认定全系列通用；仅证实在本作出现；译法、单字子串及称谓语境仍需审定。
斯衛軍,斯卫军,candidate,120_２００５年１２月２２日（木）_123_悠陽登場,legacy-tsv,285,unclassified,1,旧 TSV 专名词库；不能按文件名认定全系列通用；仅证实在本作出现；译法、单字子串及称谓语境仍需审定。
日本帝国,日本帝国,candidate,010_プロローグ_012_プロローグ２　ニュース概況 / 030_２００５年１２月０２日（金）_035_格納庫で落ち込む雫＆律子登場 / 050_２００５年１２月０４日（日）_052_欧州派遣軍参戦 / 120_２００５年１２月２２日（木）_123_悠陽登場 / 120_２００５年１２月２２日（木）_127_ブリーフィングルームにて作戦説明 / 120_２００５年１２月２２日（木）_135_響吶喊 / 150_２００５年１２月２４日（土）_152_格納庫にて待機する響 / 150_２００５年１２月２４日（土）_157_悠陽宿舎にて密談 / 150_２００５年１２月２４日（土）_166_日米会議 / 150_２００５年１２月２４日（土）_173_停戦命令 / 150_２００５年１２月２４日（土）_176_駒木の反応 / 190_エピローグ_190_斑鳩登場,legacy-tsv,287,unclassified,15,旧 TSV 专名词库；不能按文件名认定全系列通用；仅证实在本作出现；译法、单字子串及称谓语境仍需审定。
米国,美国,candidate,010_プロローグ_011_プロローグ　神宮司まりも更迭 / 010_プロローグ_012_プロローグ２　ニュース概況 / 020_２００５年１２月０１日（木）_020_インタビュー後半 / 030_２００５年１２月０２日（金）_030_悪夢　大陸放浪 / 030_２００５年１２月０２日（金）_032_食堂 / 050_２００５年１２月０４日（日）_052_欧州派遣軍参戦 / 050_２００５年１２月０４日（日）_053_響の過去 / 060_２００５年１２月０５日（月）_060_プラントへ向かう道 / 060_２００５年１２月０５日（月）_061_プラント警備 / 080_２００５年１２月０８日（木）_082_私室　静かな目覚め / 080_２００５年１２月０８日（木）_083_日米共同演習シミュレーション / 080_２００５年１２月０８日（木）_084_シミュレーションバトル / 080_２００５年１２月０８日（木）_086_米軍デブリーフィング / 100_２００５年１２月１０日（土）_102_まりもと食事 / 120_２００５年１２月２２日（木）_120_プラント・レセプション / 120_２００５年１２月２２日（木）_123_悠陽登場 / 120_２００５年１２月２２日（木）_127_ブリーフィングルームにて作戦説明 / 120_２００５年１２月２２日（木）_128_プラントへの出撃 / 120_２００５年１２月２２日（木）_132_作戦展開・まりもと駒木 / 120_２００５年１２月２２日（木）_135_響吶喊 / 120_２００５年１２月２２日（木）_147_プラント外３島嶼地区 / 150_２００５年１２月２４日（土）_150_プラント脱出後、米軍と日本軍 / 150_２００５年１２月２４日（土）_151_国境で睨み合う / 150_２００５年１２月２４日（土）_152_格納庫にて待機する響 / 150_２００５年１２月２４日（土）_157_悠陽宿舎にて密談 / 150_２００５年１２月２４日（土）_158_日米同盟ＶＳ仏加連合 / 150_２００５年１２月２４日（土）_159_悠陽と響 / 150_２００５年１２月２４日（土）_162_駒木の苦悩 / 150_２００５年１２月２４日（土）_166_日米会議 / 150_２００５年１２月２４日（土）_168_挟撃 / 150_２００５年１２月２４日（土）_170_帝国艦隊 / 150_２００５年１２月２４日（土）_173_停戦命令 / 150_２００５年１２月２４日（土）_174_ナウシカ / 150_２００５年１２月２４日（土）_176_駒木の反応 / 150_２００５年１２月２４日（土）_183_悠陽の呟き / 150_２００５年１２月２４日（土）_184_病室 / 190_エピローグ_190_斑鳩登場,legacy-tsv,289,unclassified,83,旧 TSV 专名词库；不能按文件名认定全系列通用；仅证实在本作出现；译法、单字子串及称谓语境仍需审定。
光線級,光线级,candidate,030_２００５年１２月０２日（金）_033_対光線級演習 / 030_２００５年１２月０２日（金）_034_演習後デブリーフィング / 030_２００５年１２月０２日（金）_035_格納庫で落ち込む雫＆律子登場 / 030_２００５年１２月０２日（金）_036_丘の上で柚香、エレンと / 050_２００５年１２月０４日（日）_056_演習後に叱責を受ける響 / 050_２００５年１２月０４日（日）_058_シミュレーター特訓後のデブリーフィング / 080_２００５年１２月０８日（木）_083_日米共同演習シミュレーション / 080_２００５年１２月０８日（木）_084_シミュレーションバトル / 080_２００５年１２月０８日（木）_085_ウォードッグの戦い / 080_２００５年１２月０８日（木）_086_米軍デブリーフィング / 080_２００５年１２月０８日（木）_087_落ち込む雫 / 090_２００５年１２月０９日（金）_091_医局にて診察を受ける雫 / 110_２００５年１２月１１日（日）_111_同時刻・律子と雫 / 120_２００５年１２月２２日（木）_127_ブリーフィングルームにて作戦説明 / 120_２００５年１２月２２日（木）_130_戦闘開始,legacy-tsv,343,unclassified,50,旧 TSV 专名词库；不能按文件名认定全系列通用；仅证实在本作出现；译法、单字子串及称谓语境仍需审定。
要塞級,要塞级,candidate,080_２００５年１２月０８日（木）_085_ウォードッグの戦い,legacy-tsv,347,unclassified,1,旧 TSV 专名词库；不能按文件名认定全系列通用；仅证实在本作出现；译法、单字子串及称谓语境仍需审定。
突撃級,突击级,candidate,050_２００５年１２月０４日（日）_057_律子と特訓,legacy-tsv,349,unclassified,2,旧 TSV 专名词库；不能按文件名认定全系列通用；仅证实在本作出现；译法、单字子串及称谓语境仍需审定。
要撃級,要击级,candidate,080_２００５年１２月０８日（木）_085_ウォードッグの戦い,legacy-tsv,351,unclassified,4,旧 TSV 专名词库；不能按文件名认定全系列通用；仅证实在本作出现；译法、单字子串及称谓语境仍需审定。
闘士級,斗士级,candidate,110_２００５年１２月１１日（日）_113_記憶遡行,legacy-tsv,355,unclassified,1,旧 TSV 专名词库；不能按文件名认定全系列通用；仅证实在本作出现；译法、单字子串及称谓语境仍需审定。
母艦級,母舰级,candidate,080_２００５年１２月０８日（木）_083_日米共同演習シミュレーション / 080_２００５年１２月０８日（木）_085_ウォードッグの戦い / 080_２００５年１２月０８日（木）_086_米軍デブリーフィング,legacy-tsv,363,unclassified,8,旧 TSV 专名词库；不能按文件名认定全系列通用；仅证实在本作出现；译法、单字子串及称谓语境仍需审定。
不知火,不知火,candidate,030_２００５年１２月０２日（金）_035_格納庫で落ち込む雫＆律子登場 / 120_２００５年１２月２２日（木）_127_ブリーフィングルームにて作戦説明 / 120_２００５年１２月２２日（木）_148_安全確保 / 150_２００５年１２月２４日（土）_174_ナウシカ,legacy-tsv,381,unclassified,6,旧 TSV 专名词库；不能按文件名认定全系列通用；仅证实在本作出现；译法、单字子串及称谓语境仍需审定。
武御雷,武御雷,candidate,030_２００５年１２月０２日（金）_032_食堂 / 150_２００５年１２月２４日（土）_183_悠陽の呟き,legacy-tsv,386,unclassified,2,旧 TSV 专名词库；不能按文件名认定全系列通用；仅证实在本作出现；译法、单字子串及称谓语境仍需审定。
跳躍ユニット,跳跃单元,candidate,120_２００５年１２月２２日（木）_134_窮地,legacy-tsv,480,unclassified,1,旧 TSV 专名词库；不能按文件名认定全系列通用；仅证实在本作出现；译法、单字子串及称谓语境仍需审定。
艦長,舰长,candidate,150_２００５年１２月２４日（土）_161_帝国海軍 / 150_２００５年１２月２４日（土）_170_帝国艦隊 / 150_２００５年１２月２４日（土）_179_大和の反応,legacy-tsv,521,unclassified,3,旧 TSV 专名词库；不能按文件名认定全系列通用；仅证实在本作出现；译法、单字子串及称谓语境仍需审定。
ミラージュ,幻影,candidate,150_２００５年１２月２４日（土）_163_松風は馬じゃない,legacy-tsv,735,unclassified,1,旧 TSV 专名词库；不能按文件名认定全系列通用；仅证实在本作出现；译法、单字子串及称谓语境仍需审定。
ラファール,阵风,candidate,050_２００５年１２月０４日（日）_052_欧州派遣軍参戦 / 050_２００５年１２月０４日（日）_053_響の過去 / 050_２００５年１２月０４日（日）_054_カナダ軍特攻 / 150_２００５年１２月２４日（土）_152_格納庫にて待機する響,legacy-tsv,736,unclassified,4,旧 TSV 专名词库；不能按文件名认定全系列通用；仅证实在本作出现；译法、单字子串及称谓语境仍需审定。
バビロン作戦,巴比伦作战,candidate,090_２００５年１２月０９日（金）_093_丘の上にてエレンと / 120_２００５年１２月２２日（木）_121_レセプション・ウォーケン登場,legacy-tsv,903,unclassified,2,旧 TSV 专名词库；不能按文件名认定全系列通用；仅证实在本作出现；译法、单字子串及称谓语境仍需审定。
塩の荒野,盐之荒野,candidate,050_２００５年１２月０４日（日）_052_欧州派遣軍参戦,legacy-tsv,906,unclassified,1,旧 TSV 专名词库；不能按文件名认定全系列通用；仅证实在本作出现；译法、单字子串及称谓语境仍需审定。
シアトル,西雅图,candidate,010_プロローグ_012_プロローグ２　ニュース概況 / 020_２００５年１２月０１日（木）_020_インタビュー後半 / 020_２００５年１２月０１日（木）_021_格納庫にて / 060_２００５年１２月０５日（月）_061_プラント警備 / 060_２００５年１２月０５日（月）_062_孤児施設 / 080_２００５年１２月０８日（木）_083_日米共同演習シミュレーション / 080_２００５年１２月０８日（木）_086_米軍デブリーフィング / 100_２００５年１２月１０日（土）_102_まりもと食事 / 110_２００５年１２月１１日（日）_110_生産プラントで決意する響 / 120_２００５年１２月２２日（木）_121_レセプション・ウォーケン登場 / 120_２００５年１２月２２日（木）_123_悠陽登場 / 120_２００５年１２月２２日（木）_127_ブリーフィングルームにて作戦説明 / 120_２００５年１２月２２日（木）_132_作戦展開・まりもと駒木 / 120_２００５年１２月２２日（木）_135_響吶喊 / 120_２００５年１２月２２日（木）_144_プラント内、合流 / 120_２００５年１２月２２日（木）_147_プラント外３島嶼地区 / 150_２００５年１２月２４日（土）_150_プラント脱出後、米軍と日本軍 / 150_２００５年１２月２４日（土）_157_悠陽宿舎にて密談,legacy-tsv,908,unclassified,36,旧 TSV 专名词库；不能按文件名认定全系列通用；仅证实在本作出现；译法、单字子串及称谓语境仍需审定。
タコマ,塔科马,candidate,060_２００５年１２月０５日（月）_061_プラント警備 / 110_２００５年１２月１１日（日）_111_同時刻・律子と雫 / 120_２００５年１２月２２日（木）_128_プラントへの出撃 / 150_２００５年１２月２４日（土）_150_プラント脱出後、米軍と日本軍,legacy-tsv,909,unclassified,6,旧 TSV 专名词库；不能按文件名认定全系列通用；仅证实在本作出现；译法、单字子串及称谓语境仍需审定。
食料生産プラント,食料生产工厂,candidate,010_プロローグ_012_プロローグ２　ニュース概況 / 060_２００５年１２月０５日（月）_060_プラントへ向かう道,legacy-tsv,913,unclassified,2,旧 TSV 专名词库；不能按文件名认定全系列通用；仅证实在本作出现；译法、单字子串及称谓语境仍需审定。
戦術機母艦,战术机母舰,candidate,120_２００５年１２月２２日（木）_123_悠陽登場,legacy-tsv,919,unclassified,1,旧 TSV 专名词库；不能按文件名认定全系列通用；仅证实在本作出现；译法、单字子串及称谓语境仍需审定。
軌道降下兵団,轨道降下兵团,candidate,090_２００５年１２月０９日（金）_093_丘の上にてエレンと,legacy-tsv,922,unclassified,3,旧 TSV 专名词库；不能按文件名认定全系列通用；仅证实在本作出现；译法、单字子串及称谓语境仍需审定。
千堂柚香,千堂柚香,candidate,030_２００５年１２月０２日（金）_035_格納庫で落ち込む雫＆律子登場,legacy-tsv,940,unclassified,1,旧 TSV 专名词库；不能按文件名认定全系列通用；仅证实在本作出现；译法、单字子串及称谓语境仍需审定。
エレン・エイス,艾伦·艾斯,candidate,120_２００５年１２月２２日（木）_121_レセプション・ウォーケン登場,legacy-tsv,946,unclassified,2,旧 TSV 专名词库；不能按文件名认定全系列通用；仅证实在本作出现；译法、单字子串及称谓语境仍需审定。
美桜乃雫,美樱乃雫,candidate,050_２００５年１２月０４日（日）_056_演習後に叱責を受ける響 / 150_２００５年１２月２４日（土）_184_病室,legacy-tsv,952,unclassified,2,旧 TSV 专名词库；不能按文件名认定全系列通用；仅证实在本作出现；译法、单字子串及称谓语境仍需审定。
松風諒一,松风谅一,candidate,030_２００５年１２月０２日（金）_032_食堂,legacy-tsv,957,unclassified,1,旧 TSV 专名词库；不能按文件名认定全系列通用；仅证实在本作出现；译法、单字子串及称谓语境仍需审定。
楠本さやか,楠本沙也加,candidate,030_２００５年１２月０２日（金）_035_格納庫で落ち込む雫＆律子登場,legacy-tsv,962,unclassified,1,旧 TSV 专名词库；不能按文件名认定全系列通用；仅证实在本作出现；译法、单字子串及称谓语境仍需审定。
大上律子,大上律子,candidate,030_２００５年１２月０２日（金）_035_格納庫で落ち込む雫＆律子登場,legacy-tsv,966,unclassified,1,旧 TSV 专名词库；不能按文件名认定全系列通用；仅证实在本作出现；译法、单字子串及称谓语境仍需审定。
ウォードッグ,战犬,candidate,030_２００５年１２月０２日（金）_033_対光線級演習 / 030_２００５年１２月０２日（金）_034_演習後デブリーフィング / 030_２００５年１２月０２日（金）_035_格納庫で落ち込む雫＆律子登場 / 060_２００５年１２月０５日（月）_061_プラント警備 / 080_２００５年１２月０８日（木）_085_ウォードッグの戦い / 110_２００５年１２月１１日（日）_110_生産プラントで決意する響 / 120_２００５年１２月２２日（木）_131_序盤戦 / 120_２００５年１２月２２日（木）_134_窮地 / 120_２００５年１２月２２日（木）_135_響吶喊 / 120_２００５年１２月２２日（木）_137_残されたウォードッグ / 120_２００５年１２月２２日（木）_138_生産プラントに侵入した響 / 120_２００５年１２月２２日（木）_145_プラント外の戦術機部隊 / 120_２００５年１２月２２日（木）_148_安全確保 / 150_２００５年１２月２４日（土）_174_ナウシカ,legacy-tsv,983,unclassified,26,旧 TSV 专名词库；不能按文件名认定全系列通用；仅证实在本作出现；译法、单字子串及称谓语境仍需审定。
クレイン,鹤,candidate,150_２００５年１２月２４日（土）_158_日米同盟ＶＳ仏加連合 / 150_２００５年１２月２４日（土）_163_松風は馬じゃない,legacy-tsv,987,unclassified,4,旧 TSV 专名词库；不能按文件名认定全系列通用；仅证实在本作出现；译法、单字子串及称谓语境仍需审定。
ハンター,猎人,candidate,120_２００５年１２月２２日（木）_147_プラント外３島嶼地区 / 150_２００５年１２月２４日（土）_162_駒木の苦悩 / 150_２００５年１２月２４日（土）_171_ウォーケンの苦悩,legacy-tsv,989,unclassified,4,旧 TSV 专名词库；不能按文件名认定全系列通用；仅证实在本作出现；译法、单字子串及称谓语境仍需审定。
龍浪中尉,龙浪中尉,candidate,010_プロローグ_012_プロローグ２　ニュース概況 / 020_２００５年１２月０１日（木）_020_インタビュー後半 / 020_２００５年１２月０１日（木）_021_格納庫にて / 030_２００５年１２月０２日（金）_030_悪夢　大陸放浪 / 030_２００５年１２月０２日（金）_031_私室での目覚め / 030_２００５年１２月０２日（金）_032_食堂 / 030_２００５年１２月０２日（金）_034_演習後デブリーフィング / 030_２００５年１２月０２日（金）_035_格納庫で落ち込む雫＆律子登場 / 030_２００５年１２月０２日（金）_036_丘の上で柚香、エレンと / 040_２００５年１２月０３日（土）_040_忙しい男 / 050_２００５年１２月０４日（日）_050_悪夢の始まり：大海崩後の世界 / 050_２００５年１２月０４日（日）_056_演習後に叱責を受ける響 / 050_２００５年１２月０４日（日）_058_シミュレーター特訓後のデブリーフィング / 050_２００５年１２月０４日（日）_059_龍浪と律子 / 060_２００５年１２月０５日（月）_062_孤児施設 / 070_２００５年１２月０７日（水）_071_私室にて / 080_２００５年１２月０８日（木）_082_私室　静かな目覚め / 080_２００５年１２月０８日（木）_086_米軍デブリーフィング / 080_２００５年１２月０８日（木）_087_落ち込む雫 / 100_２００５年１２月１０日（土）_102_まりもと食事 / 110_２００５年１２月１１日（日）_111_同時刻・律子と雫 / 110_２００５年１２月１１日（日）_113_記憶遡行 / 110_２００５年１２月１１日（日）_114_大陸横断 / 110_２００５年１２月１１日（日）_115_医局にて目を覚ます響 / 110_２００５年１２月１１日（日）_117_丘の上・断固たる決意 / 120_２００５年１２月２２日（木）_121_レセプション・ウォーケン登場 / 120_２００５年１２月２２日（木）_123_悠陽登場 / 120_２００５年１２月２２日（木）_124_悠陽と側近 / 120_２００５年１２月２２日（木）_135_響吶喊 / 120_２００５年１２月２２日（木）_137_残されたウォードッグ / 120_２００５年１２月２２日（木）_144_プラント内、合流 / 120_２００５年１２月２２日（木）_146_陸戦部隊の活躍 / 120_２００５年１２月２２日（木）_148_安全確保 / 150_２００５年１２月２４日（土）_152_格納庫にて待機する響 / 150_２００５年１２月２４日（土）_154_民政局にて柚香とまりも / 150_２００５年１２月２４日（土）_155_悠陽宿舎廊下 / 150_２００５年１２月２４日（土）_157_悠陽宿舎にて密談 / 150_２００５年１２月２４日（土）_166_日米会議 / 150_２００５年１２月２４日（土）_167_格納庫にて出撃準備 / 150_２００５年１２月２４日（土）_174_ナウシカ / 150_２００５年１２月２４日（土）_181_ウォードッグの反応 / 150_２００５年１２月２４日（土）_184_病室,legacy-tsv,1100,unclassified,108,旧 TSV 专名词库；不能按文件名认定全系列通用；仅证实在本作出现；译法、单字子串及称谓语境仍需审定。
千堂少尉,千堂少尉,candidate,010_プロローグ_012_プロローグ２　ニュース概況 / 030_２００５年１２月０２日（金）_035_格納庫で落ち込む雫＆律子登場 / 050_２００５年１２月０４日（日）_058_シミュレーター特訓後のデブリーフィング / 050_２００５年１２月０４日（日）_059_龍浪と律子 / 060_２００５年１２月０５日（月）_061_プラント警備 / 110_２００５年１２月１１日（日）_115_医局にて目を覚ます響 / 150_２００５年１２月２４日（土）_152_格納庫にて待機する響,legacy-tsv,1109,unclassified,12,旧 TSV 专名词库；不能按文件名认定全系列通用；仅证实在本作出现；译法、单字子串及称谓语境仍需审定。
美桜乃少尉,美樱乃少尉,candidate,010_プロローグ_012_プロローグ２　ニュース概況 / 020_２００５年１２月０１日（木）_021_格納庫にて / 030_２００５年１２月０２日（金）_032_食堂 / 030_２００５年１２月０２日（金）_035_格納庫で落ち込む雫＆律子登場 / 050_２００５年１２月０４日（日）_058_シミュレーター特訓後のデブリーフィング / 060_２００５年１２月０５日（月）_061_プラント警備 / 060_２００５年１２月０５日（月）_063_ハンガー＆食堂 / 080_２００５年１２月０８日（木）_085_ウォードッグの戦い / 080_２００５年１２月０８日（木）_087_落ち込む雫 / 090_２００５年１２月０９日（金）_090_駒木との会談 / 110_２００５年１２月１１日（日）_110_生産プラントで決意する響 / 120_２００５年１２月２２日（木）_121_レセプション・ウォーケン登場 / 150_２００５年１２月２４日（土）_152_格納庫にて待機する響,legacy-tsv,1121,unclassified,18,旧 TSV 专名词库；不能按文件名认定全系列通用；仅证实在本作出现；译法、单字子串及称谓语境仍需审定。
神宮司少佐,神宫司少佐,candidate,010_プロローグ_011_プロローグ　神宮司まりも更迭 / 020_２００５年１２月０１日（木）_020_インタビュー後半 / 020_２００５年１２月０１日（木）_021_格納庫にて / 030_２００５年１２月０２日（金）_032_食堂 / 030_２００５年１２月０２日（金）_034_演習後デブリーフィング / 030_２００５年１２月０２日（金）_036_丘の上で柚香、エレンと / 040_２００５年１２月０３日（土）_040_忙しい男 / 050_２００５年１２月０４日（日）_056_演習後に叱責を受ける響 / 060_２００５年１２月０５日（月）_062_孤児施設 / 080_２００５年１２月０８日（木）_082_私室　静かな目覚め / 080_２００５年１２月０８日（木）_086_米軍デブリーフィング / 090_２００５年１２月０９日（金）_093_丘の上にてエレンと / 100_２００５年１２月１０日（土）_102_まりもと食事 / 110_２００５年１２月１１日（日）_116_丘の上・駒木、まりもとの会話を回想 / 120_２００５年１２月２２日（木）_121_レセプション・ウォーケン登場 / 120_２００５年１２月２２日（木）_123_悠陽登場 / 120_２００５年１２月２２日（木）_126_帰宅し丘の上にて / 120_２００５年１２月２２日（木）_131_序盤戦 / 120_２００５年１２月２２日（木）_132_作戦展開・まりもと駒木 / 120_２００５年１２月２２日（木）_142_生産プラント内での死闘 / 120_２００５年１２月２２日（木）_144_プラント内、合流 / 120_２００５年１２月２２日（木）_146_陸戦部隊の活躍 / 120_２００５年１２月２２日（木）_148_安全確保 / 150_２００５年１２月２４日（土）_152_格納庫にて待機する響 / 150_２００５年１２月２４日（土）_157_悠陽宿舎にて密談,legacy-tsv,1129,unclassified,60,旧 TSV 专名词库；不能按文件名认定全系列通用；仅证实在本作出现；译法、单字子串及称谓语境仍需审定。
ウォーケン少佐,沃肯少佐,candidate,080_２００５年１２月０８日（木）_086_米軍デブリーフィング / 100_２００５年１２月１０日（土）_102_まりもと食事 / 120_２００５年１２月２２日（木）_121_レセプション・ウォーケン登場 / 120_２００５年１２月２２日（木）_126_帰宅し丘の上にて / 120_２００５年１２月２２日（木）_129_同時刻：米軍サイド / 120_２００５年１２月２２日（木）_135_響吶喊 / 120_２００５年１２月２２日（木）_147_プラント外３島嶼地区 / 150_２００５年１２月２４日（土）_152_格納庫にて待機する響 / 150_２００５年１２月２４日（土）_162_駒木の苦悩,legacy-tsv,1145,unclassified,15,旧 TSV 专名词库；不能按文件名认定全系列通用；仅证实在本作出现；译法、单字子串及称谓语境仍需审定。
龍浪響中尉,龙浪响中尉,candidate,010_プロローグ_012_プロローグ２　ニュース概況 / 080_２００５年１２月０８日（木）_086_米軍デブリーフィング / 120_２００５年１２月２２日（木）_123_悠陽登場 / 120_２００５年１２月２２日（木）_126_帰宅し丘の上にて / 150_２００５年１２月２４日（土）_173_停戦命令,legacy-tsv,1222,unclassified,8,旧 TSV 专名词库；不能按文件名认定全系列通用；仅证实在本作出现；译法、单字子串及称谓语境仍需审定。
千堂柚香少尉,千堂柚香少尉,candidate,030_２００５年１２月０２日（金）_035_格納庫で落ち込む雫＆律子登場,legacy-tsv,1335,unclassified,1,旧 TSV 专名词库；不能按文件名认定全系列通用；仅证实在本作出现；译法、单字子串及称谓语境仍需审定。
エレン・エイス少尉,艾伦·艾斯少尉,candidate,120_２００５年１２月２２日（木）_121_レセプション・ウォーケン登場,legacy-tsv,1395,unclassified,1,旧 TSV 专名词库；不能按文件名认定全系列通用；仅证实在本作出现；译法、单字子串及称谓语境仍需审定。
美桜乃雫少尉,美樱乃雫少尉,candidate,050_２００５年１２月０４日（日）_056_演習後に叱責を受ける響,legacy-tsv,1489,unclassified,1,旧 TSV 专名词库；不能按文件名认定全系列通用；仅证实在本作出现；译法、单字子串及称谓语境仍需审定。
アルフレッド・ウォーケン少佐,阿尔弗雷德·沃肯少佐,candidate,120_２００５年１２月２２日（木）_147_プラント外３島嶼地区,legacy-tsv,1659,unclassified,2,旧 TSV 专名词库；不能按文件名认定全系列通用；仅证实在本作出现；译法、单字子串及称谓语境仍需审定。
大上律子中尉,大上律子中尉,candidate,030_２００５年１２月０２日（金）_035_格納庫で落ち込む雫＆律子登場,legacy-tsv,1733,unclassified,1,旧 TSV 专名词库；不能按文件名认定全系列通用；仅证实在本作出现；译法、单字子串及称谓语境仍需审定。
龍浪,龙浪,candidate,010_プロローグ_012_プロローグ２　ニュース概況 / 020_２００５年１２月０１日（木）_020_インタビュー後半 / 020_２００５年１２月０１日（木）_021_格納庫にて / 030_２００５年１２月０２日（金）_030_悪夢　大陸放浪 / 030_２００５年１２月０２日（金）_031_私室での目覚め / 030_２００５年１２月０２日（金）_032_食堂 / 030_２００５年１２月０２日（金）_034_演習後デブリーフィング / 030_２００５年１２月０２日（金）_035_格納庫で落ち込む雫＆律子登場 / 030_２００５年１２月０２日（金）_036_丘の上で柚香、エレンと / 040_２００５年１２月０３日（土）_040_忙しい男 / 050_２００５年１２月０４日（日）_050_悪夢の始まり：大海崩後の世界 / 050_２００５年１２月０４日（日）_054_カナダ軍特攻 / 050_２００５年１２月０４日（日）_056_演習後に叱責を受ける響 / 050_２００５年１２月０４日（日）_058_シミュレーター特訓後のデブリーフィング / 050_２００５年１２月０４日（日）_059_龍浪と律子 / 060_２００５年１２月０５日（月）_062_孤児施設 / 070_２００５年１２月０７日（水）_071_私室にて / 080_２００５年１２月０８日（木）_081_悪夢　浅葱と響 / 080_２００５年１２月０８日（木）_082_私室　静かな目覚め / 080_２００５年１２月０８日（木）_083_日米共同演習シミュレーション / 080_２００５年１２月０８日（木）_084_シミュレーションバトル / 080_２００５年１２月０８日（木）_086_米軍デブリーフィング / 080_２００５年１２月０８日（木）_087_落ち込む雫 / 090_２００５年１２月０９日（金）_090_駒木との会談 / 100_２００５年１２月１０日（土）_101_管理局民政課にてまりもと / 100_２００５年１２月１０日（土）_102_まりもと食事 / 110_２００５年１２月１１日（日）_110_生産プラントで決意する響 / 110_２００５年１２月１１日（日）_111_同時刻・律子と雫 / 110_２００５年１２月１１日（日）_113_記憶遡行 / 110_２００５年１２月１１日（日）_114_大陸横断 / 110_２００５年１２月１１日（日）_115_医局にて目を覚ます響 / 110_２００５年１２月１１日（日）_117_丘の上・断固たる決意 / 120_２００５年１２月２２日（木）_121_レセプション・ウォーケン登場 / 120_２００５年１２月２２日（木）_123_悠陽登場 / 120_２００５年１２月２２日（木）_124_悠陽と側近 / 120_２００５年１２月２２日（木）_126_帰宅し丘の上にて / 120_２００５年１２月２２日（木）_135_響吶喊 / 120_２００５年１２月２２日（木）_137_残されたウォードッグ / 120_２００５年１２月２２日（木）_140_まりもと合流 / 120_２００５年１２月２２日（木）_142_生産プラント内での死闘 / 120_２００５年１２月２２日（木）_144_プラント内、合流 / 120_２００５年１２月２２日（木）_146_陸戦部隊の活躍 / 120_２００５年１２月２２日（木）_148_安全確保 / 150_２００５年１２月２４日（土）_151_国境で睨み合う / 150_２００５年１２月２４日（土）_152_格納庫にて待機する響 / 150_２００５年１２月２４日（土）_154_民政局にて柚香とまりも / 150_２００５年１２月２４日（土）_155_悠陽宿舎廊下 / 150_２００５年１２月２４日（土）_157_悠陽宿舎にて密談 / 150_２００５年１２月２４日（土）_159_悠陽と響 / 150_２００５年１２月２４日（土）_166_日米会議 / 150_２００５年１２月２４日（土）_167_格納庫にて出撃準備 / 150_２００５年１２月２４日（土）_173_停戦命令 / 150_２００５年１２月２４日（土）_174_ナウシカ / 150_２００５年１２月２４日（土）_176_駒木の反応 / 150_２００５年１２月２４日（土）_181_ウォードッグの反応 / 150_２００５年１２月２４日（土）_184_病室 / 190_エピローグ_190_斑鳩登場,legacy-tsv,1857,unclassified,174,旧 TSV 专名词库；不能按文件名认定全系列通用；仅证实在本作出现；译法、单字子串及称谓语境仍需审定。
千堂,千堂,candidate,010_プロローグ_012_プロローグ２　ニュース概況 / 030_２００５年１２月０２日（金）_030_悪夢　大陸放浪 / 030_２００５年１２月０２日（金）_035_格納庫で落ち込む雫＆律子登場 / 050_２００５年１２月０４日（日）_050_悪夢の始まり：大海崩後の世界 / 050_２００５年１２月０４日（日）_053_響の過去 / 050_２００５年１２月０４日（日）_058_シミュレーター特訓後のデブリーフィング / 050_２００５年１２月０４日（日）_059_龍浪と律子 / 060_２００５年１２月０５日（月）_061_プラント警備 / 080_２００５年１２月０８日（木）_081_悪夢　浅葱と響 / 080_２００５年１２月０８日（木）_087_落ち込む雫 / 090_２００５年１２月０９日（金）_092_まりもと柚香 / 110_２００５年１２月１１日（日）_113_記憶遡行 / 110_２００５年１２月１１日（日）_115_医局にて目を覚ます響 / 150_２００５年１２月２４日（土）_152_格納庫にて待機する響 / 150_２００５年１２月２４日（土）_181_ウォードッグの反応,legacy-tsv,1861,unclassified,23,旧 TSV 专名词库；不能按文件名认定全系列通用；仅证实在本作出现；译法、单字子串及称谓语境仍需审定。
神宮司,神宫司,candidate,010_プロローグ_011_プロローグ　神宮司まりも更迭 / 020_２００５年１２月０１日（木）_020_インタビュー後半 / 020_２００５年１２月０１日（木）_021_格納庫にて / 030_２００５年１２月０２日（金）_032_食堂 / 030_２００５年１２月０２日（金）_034_演習後デブリーフィング / 030_２００５年１２月０２日（金）_036_丘の上で柚香、エレンと / 040_２００５年１２月０３日（土）_040_忙しい男 / 050_２００５年１２月０４日（日）_056_演習後に叱責を受ける響 / 060_２００５年１２月０５日（月）_062_孤児施設 / 080_２００５年１２月０８日（木）_082_私室　静かな目覚め / 080_２００５年１２月０８日（木）_086_米軍デブリーフィング / 090_２００５年１２月０９日（金）_093_丘の上にてエレンと / 100_２００５年１２月１０日（土）_101_管理局民政課にてまりもと / 100_２００５年１２月１０日（土）_102_まりもと食事 / 110_２００５年１２月１１日（日）_116_丘の上・駒木、まりもとの会話を回想 / 120_２００５年１２月２２日（木）_121_レセプション・ウォーケン登場 / 120_２００５年１２月２２日（木）_123_悠陽登場 / 120_２００５年１２月２２日（木）_126_帰宅し丘の上にて / 120_２００５年１２月２２日（木）_131_序盤戦 / 120_２００５年１２月２２日（木）_132_作戦展開・まりもと駒木 / 120_２００５年１２月２２日（木）_140_まりもと合流 / 120_２００５年１２月２２日（木）_142_生産プラント内での死闘 / 120_２００５年１２月２２日（木）_144_プラント内、合流 / 120_２００５年１２月２２日（木）_146_陸戦部隊の活躍 / 120_２００５年１２月２２日（木）_148_安全確保 / 150_２００５年１２月２４日（土）_152_格納庫にて待機する響 / 150_２００５年１２月２４日（土）_157_悠陽宿舎にて密談,legacy-tsv,1965,unclassified,65,旧 TSV 专名词库；不能按文件名认定全系列通用；仅证实在本作出现；译法、单字子串及称谓语境仍需审定。
米軍衛士,美军卫士,candidate,020_２００５年１２月０１日（木）_020_インタビュー後半,legacy-tsv,1966,unclassified,1,旧 TSV 专名词库；不能按文件名认定全系列通用；仅证实在本作出现；译法、单字子串及称谓语境仍需审定。
フォートルイス,刘易斯堡,candidate,030_２００５年１２月０２日（金）_032_食堂 / 050_２００５年１２月０４日（日）_058_シミュレーター特訓後のデブリーフィング / 120_２００５年１２月２２日（木）_128_プラントへの出撃 / 150_２００５年１２月２４日（土）_152_格納庫にて待機する響,legacy-tsv,1968,unclassified,5,旧 TSV 专名词库；不能按文件名认定全系列通用；仅证实在本作出现；译法、单字子串及称谓语境仍需审定。
フォートルイス基地,刘易斯堡基地,candidate,030_２００５年１２月０２日（金）_032_食堂 / 120_２００５年１２月２２日（木）_128_プラントへの出撃,legacy-tsv,1969,unclassified,3,旧 TSV 专名词库；不能按文件名认定全系列通用；仅证实在本作出现；译法、单字子串及称谓语境仍需审定。
フォートルイス米軍基地,刘易斯堡美军基地,candidate,050_２００５年１２月０４日（日）_058_シミュレーター特訓後のデブリーフィング,legacy-tsv,1970,unclassified,1,旧 TSV 专名词库；不能按文件名认定全系列通用；仅证实在本作出现；译法、单字子串及称谓语境仍需审定。
レア・ゲグラン,蕾娅·盖克兰,candidate,150_２００５年１２月２４日（土）_156_ラファールの中,legacy-tsv,1972,unclassified,1,旧 TSV 专名词库；不能按文件名认定全系列通用；仅证实在本作出现；译法、单字子串及称谓语境仍需审定。
ボクサー,拳师号,candidate,020_２００５年１２月０１日（木）_020_インタビュー後半 / 050_２００５年１２月０４日（日）_050_悪夢の始まり：大海崩後の世界 / 100_２００５年１２月１０日（土）_102_まりもと食事,legacy-tsv,1973,unclassified,4,旧 TSV 专名词库；不能按文件名认定全系列通用；仅证实在本作出现；译法、单字子串及称谓语境仍需审定。
Ｂ小隊,B小队,candidate,050_２００５年１２月０４日（日）_053_響の過去 / 050_２００５年１２月０４日（日）_054_カナダ軍特攻 / 150_２００５年１２月２４日（土）_178_松風の反応,legacy-tsv,1976,unclassified,3,旧 TSV 专名词库；不能按文件名认定全系列通用；仅证实在本作出现；译法、单字子串及称谓语境仍需审定。
ウォードッグス,战犬,candidate,120_２００５年１２月２２日（木）_130_戦闘開始 / 120_２００５年１２月２２日（木）_135_響吶喊 / 120_２００５年１２月２２日（木）_148_安全確保,legacy-tsv,1983,unclassified,3,旧 TSV 专名词库；不能按文件名认定全系列通用；仅证实在本作出现；译法、单字子串及称谓语境仍需审定。
ウォードッグ小隊,战犬小队,candidate,030_２００５年１２月０２日（金）_035_格納庫で落ち込む雫＆律子登場 / 120_２００５年１２月２２日（木）_148_安全確保,legacy-tsv,1984,unclassified,2,旧 TSV 专名词库；不能按文件名认定全系列通用；仅证实在本作出现；译法、单字子串及称谓语境仍需审定。
エレン,艾伦,candidate,010_プロローグ_012_プロローグ２　ニュース概況 / 020_２００５年１２月０１日（木）_021_格納庫にて / 030_２００５年１２月０２日（金）_032_食堂 / 030_２００５年１２月０２日（金）_035_格納庫で落ち込む雫＆律子登場 / 030_２００５年１２月０２日（金）_036_丘の上で柚香、エレンと / 050_２００５年１２月０４日（日）_058_シミュレーター特訓後のデブリーフィング / 050_２００５年１２月０４日（日）_059_龍浪と律子 / 060_２００５年１２月０５日（月）_060_プラントへ向かう道 / 060_２００５年１２月０５日（月）_061_プラント警備 / 060_２００５年１２月０５日（月）_062_孤児施設 / 080_２００５年１２月０８日（木）_087_落ち込む雫 / 090_２００５年１２月０９日（金）_091_医局にて診察を受ける雫 / 090_２００５年１２月０９日（金）_093_丘の上にてエレンと / 100_２００５年１２月１０日（土）_100_エレン私室 / 110_２００５年１２月１１日（日）_110_生産プラントで決意する響 / 120_２００５年１２月２２日（木）_120_プラント・レセプション / 120_２００５年１２月２２日（木）_121_レセプション・ウォーケン登場 / 120_２００５年１２月２２日（木）_135_響吶喊 / 150_２００５年１２月２４日（土）_152_格納庫にて待機する響 / 150_２００５年１２月２４日（土）_153_孤児院に赴く雫 / 150_２００５年１２月２４日（土）_173_停戦命令,legacy-tsv,1985,unclassified,50,旧 TSV 专名词库；不能按文件名认定全系列通用；仅证实在本作出现；译法、单字子串及称谓语境仍需审定。
オペレーター,操作员,candidate,090_２００５年１２月０９日（金）_093_丘の上にてエレンと,legacy-tsv,1989,unclassified,1,旧 TSV 专名词库；不能按文件名认定全系列通用；仅证实在本作出现；译法、单字子串及称谓语境仍需审定。
ヒル中尉,希尔中尉,candidate,080_２００５年１２月０８日（木）_086_米軍デブリーフィング,legacy-tsv,2010,unclassified,5,旧 TSV 专名词库；不能按文件名认定全系列通用；仅证实在本作出现；译法、单字子串及称谓语境仍需审定。
ブラックナイヴス,黑刃队,candidate,120_２００５年１２月２２日（木）_135_響吶喊,legacy-tsv,2013,unclassified,1,旧 TSV 专名词库；不能按文件名认定全系列通用；仅证实在本作出现；译法、单字子串及称谓语境仍需审定。
フランス軍,法军,candidate,120_２００５年１２月２２日（木）_129_同時刻：米軍サイド / 150_２００５年１２月２４日（土）_150_プラント脱出後、米軍と日本軍 / 150_２００５年１２月２４日（土）_162_駒木の苦悩 / 150_２００５年１２月２４日（土）_176_駒木の反応,legacy-tsv,2015,unclassified,4,旧 TSV 专名词库；不能按文件名认定全系列通用；仅证实在本作出现；译法、单字子串及称谓语境仍需审定。
マクガイヤ准将,麦圭尔准将,candidate,150_２００５年１２月２４日（土）_166_日米会議,legacy-tsv,2029,unclassified,2,旧 TSV 专名词库；不能按文件名认定全系列通用；仅证实在本作出现；译法、单字子串及称谓语境仍需审定。
リヴィエール大尉,里维埃上尉,candidate,150_２００５年１２月２４日（土）_175_フランス・リヴィエール大尉,legacy-tsv,2035,unclassified,1,旧 TSV 专名词库；不能按文件名认定全系列通用；仅证实在本作出现；译法、单字子串及称谓语境仍需审定。
レポーター,记者,candidate,010_プロローグ_012_プロローグ２　ニュース概況,legacy-tsv,2037,unclassified,1,旧 TSV 专名词库；不能按文件名认定全系列通用；仅证实在本作出现；译法、单字子串及称谓语境仍需审定。
医者,医生,candidate,090_２００５年１２月０９日（金）_091_医局にて診察を受ける雫 / 110_２００５年１２月１１日（日）_110_生産プラントで決意する響 / 110_２００５年１２月１１日（日）_112_医局にて催眠暗示を受ける / 110_２００５年１２月１１日（日）_115_医局にて目を覚ます響 / 120_２００５年１２月２２日（木）_148_安全確保 / 150_２００５年１２月２４日（土）_181_ウォードッグの反応,legacy-tsv,2039,unclassified,6,旧 TSV 专名词库；不能按文件名认定全系列通用；仅证实在本作出现；译法、单字子串及称谓语境仍需审定。
一郎,一郎,candidate,060_２００５年１２月０５日（月）_061_プラント警備 / 060_２００５年１２月０５日（月）_062_孤児施設 / 060_２００５年１２月０５日（月）_063_ハンガー＆食堂 / 100_２００５年１２月１０日（土）_102_まりもと食事 / 150_２００５年１２月２４日（土）_152_格納庫にて待機する響 / 150_２００５年１２月２４日（土）_153_孤児院に赴く雫,legacy-tsv,2041,unclassified,21,旧 TSV 专名词库；不能按文件名认定全系列通用；仅证实在本作出现；译法、单字子串及称谓语境仍需审定。
記者,记者,candidate,020_２００５年１２月０１日（木）_020_インタビュー後半,legacy-tsv,2048,unclassified,1,旧 TSV 专名词库；不能按文件名认定全系列通用；仅证实在本作出现；译法、单字子串及称谓语境仍需审定。
軌道降下兵,轨道降下兵,candidate,090_２００５年１２月０９日（金）_093_丘の上にてエレンと,legacy-tsv,2050,unclassified,6,旧 TSV 专名词库；不能按文件名认定全系列通用；仅证实在本作出现；译法、单字子串及称谓语境仍需审定。
響,响,candidate,010_プロローグ_012_プロローグ２　ニュース概況 / 020_２００５年１２月０１日（木）_020_インタビュー後半 / 030_２００５年１２月０２日（金）_032_食堂 / 030_２００５年１２月０２日（金）_036_丘の上で柚香、エレンと / 040_２００５年１２月０３日（土）_040_忙しい男 / 050_２００５年１２月０４日（日）_056_演習後に叱責を受ける響 / 080_２００５年１２月０８日（木）_086_米軍デブリーフィング / 080_２００５年１２月０８日（木）_087_落ち込む雫 / 090_２００５年１２月０９日（金）_093_丘の上にてエレンと / 120_２００５年１２月２２日（木）_123_悠陽登場 / 120_２００５年１２月２２日（木）_126_帰宅し丘の上にて / 120_２００５年１２月２２日（木）_127_ブリーフィングルームにて作戦説明 / 150_２００５年１２月２４日（土）_161_帝国海軍 / 150_２００５年１２月２４日（土）_162_駒木の苦悩 / 150_２００５年１２月２４日（土）_166_日米会議 / 150_２００５年１２月２４日（土）_173_停戦命令 / 150_２００５年１２月２４日（土）_184_病室,legacy-tsv,2052,unclassified,25,旧 TSV 专名词库；不能按文件名认定全系列通用；仅证实在本作出现；译法、单字子串及称谓语境仍需审定。
駒木大尉,驹木上尉,candidate,030_２００５年１２月０２日（金）_032_食堂 / 030_２００５年１２月０２日（金）_034_演習後デブリーフィング / 050_２００５年１２月０４日（日）_058_シミュレーター特訓後のデブリーフィング / 080_２００５年１２月０８日（木）_086_米軍デブリーフィング / 090_２００５年１２月０９日（金）_090_駒木との会談 / 090_２００５年１２月０９日（金）_093_丘の上にてエレンと / 100_２００５年１２月１０日（土）_102_まりもと食事 / 110_２００５年１２月１１日（日）_116_丘の上・駒木、まりもとの会話を回想 / 120_２００５年１２月２２日（木）_121_レセプション・ウォーケン登場 / 120_２００５年１２月２２日（木）_131_序盤戦 / 120_２００５年１２月２２日（木）_135_響吶喊 / 120_２００５年１２月２２日（木）_140_まりもと合流 / 120_２００５年１２月２２日（木）_148_安全確保 / 150_２００５年１２月２４日（土）_150_プラント脱出後、米軍と日本軍 / 150_２００５年１２月２４日（土）_152_格納庫にて待機する響 / 150_２００５年１２月２４日（土）_174_ナウシカ,legacy-tsv,2058,unclassified,22,旧 TSV 专名词库；不能按文件名认定全系列通用；仅证实在本作出现；译法、单字子串及称谓语境仍需审定。
月詠中尉,月咏中尉,candidate,120_２００５年１２月２２日（木）_144_プラント内、合流,legacy-tsv,2059,unclassified,1,旧 TSV 专名词库；不能按文件名认定全系列通用；仅证实在本作出现；译法、单字子串及称谓语境仍需审定。
古手川先生,古手川老师,candidate,150_２００５年１２月２４日（土）_153_孤児院に赴く雫,legacy-tsv,2062,unclassified,1,旧 TSV 专名词库；不能按文件名认定全系列通用；仅证实在本作出现；译法、单字子串及称谓语境仍需审定。
広報官,宣传官,candidate,090_２００５年１２月０９日（金）_090_駒木との会談,legacy-tsv,2064,unclassified,2,旧 TSV 专名词库；不能按文件名认定全系列通用；仅证实在本作出现；译法、单字子串及称谓语境仍需审定。
沙霧大尉,沙雾上尉,candidate,150_２００５年１２月２４日（土）_162_駒木の苦悩,legacy-tsv,2065,unclassified,1,旧 TSV 专名词库；不能按文件名认定全系列通用；仅证实在本作出现；译法、单字子串及称谓语境仍需审定。
参加者,参加者,candidate,150_２００５年１２月２４日（土）_151_国境で睨み合う,legacy-tsv,2067,unclassified,1,旧 TSV 专名词库；不能按文件名认定全系列通用；仅证实在本作出现；译法、单字子串及称谓语境仍需审定。
子ども,孩子,candidate,060_２００５年１２月０５日（月）_061_プラント警備 / 080_２００５年１２月０８日（木）_082_私室　静かな目覚め / 090_２００５年１２月０９日（金）_091_医局にて診察を受ける雫 / 100_２００５年１２月１０日（土）_101_管理局民政課にてまりもと / 120_２００５年１２月２２日（木）_127_ブリーフィングルームにて作戦説明 / 150_２００５年１２月２４日（土）_153_孤児院に赴く雫,legacy-tsv,2069,unclassified,9,旧 TSV 专名词库；不能按文件名认定全系列通用；仅证实在本作出现；译法、单字子串及称谓语境仍需审定。
子どもたち,孩子们,candidate,100_２００５年１２月１０日（土）_101_管理局民政課にてまりもと,legacy-tsv,2070,unclassified,1,旧 TSV 专名词库；不能按文件名认定全系列通用；仅证实在本作出现；译法、单字子串及称谓语境仍需审定。
子供,孩子,candidate,030_２００５年１２月０２日（金）_032_食堂 / 030_２００５年１２月０２日（金）_035_格納庫で落ち込む雫＆律子登場 / 050_２００５年１２月０４日（日）_054_カナダ軍特攻 / 050_２００５年１２月０４日（日）_059_龍浪と律子 / 060_２００５年１２月０５日（月）_062_孤児施設 / 060_２００５年１２月０５日（月）_063_ハンガー＆食堂 / 090_２００５年１２月０９日（金）_093_丘の上にてエレンと / 100_２００５年１２月１０日（土）_102_まりもと食事 / 120_２００５年１２月２２日（木）_124_悠陽と側近 / 150_２００５年１２月２４日（土）_152_格納庫にて待機する響,legacy-tsv,2072,unclassified,20,旧 TSV 专名词库；不能按文件名认定全系列通用；仅证实在本作出现；译法、单字子串及称谓语境仍需审定。
市民,市民,candidate,020_２００５年１２月０１日（木）_020_インタビュー後半 / 040_２００５年１２月０３日（土）_040_忙しい男 / 100_２００５年１２月１０日（土）_102_まりもと食事 / 120_２００５年１２月２２日（木）_140_まりもと合流 / 150_２００５年１２月２４日（土）_150_プラント脱出後、米軍と日本軍 / 150_２００５年１２月２４日（土）_151_国境で睨み合う / 150_２００５年１２月２４日（土）_156_ラファールの中 / 150_２００５年１２月２４日（土）_157_悠陽宿舎にて密談 / 150_２００５年１２月２４日（土）_160_ブラックナイヴス / 150_２００５年１２月２４日（土）_166_日米会議,legacy-tsv,2073,unclassified,22,旧 TSV 专名词库；不能按文件名认定全系列通用；仅证实在本作出现；译法、单字子串及称谓语境仍需审定。
斯衛,斯卫,candidate,030_２００５年１２月０２日（金）_032_食堂 / 120_２００５年１２月２２日（木）_123_悠陽登場 / 120_２００５年１２月２２日（木）_146_陸戦部隊の活躍 / 150_２００５年１２月２４日（土）_151_国境で睨み合う / 150_２００５年１２月２４日（土）_152_格納庫にて待機する響 / 150_２００５年１２月２４日（土）_157_悠陽宿舎にて密談 / 150_２００５年１２月２４日（土）_166_日米会議,legacy-tsv,2074,unclassified,20,旧 TSV 专名词库；不能按文件名认定全系列通用；仅证实在本作出现；译法、单字子串及称谓语境仍需审定。
事務官,事务官,candidate,100_２００５年１２月１０日（土）_101_管理局民政課にてまりもと,legacy-tsv,2079,unclassified,1,旧 TSV 专名词库；不能按文件名认定全系列通用；仅证实在本作出现；译法、单字子串及称谓语境仍需审定。
寺本,寺本,candidate,030_２００５年１２月０２日（金）_030_悪夢　大陸放浪 / 030_２００５年１２月０２日（金）_036_丘の上で柚香、エレンと / 050_２００５年１２月０４日（日）_052_欧州派遣軍参戦 / 070_２００５年１２月０７日（水）_070_悪夢　尊厳 / 080_２００５年１２月０８日（木）_082_私室　静かな目覚め / 110_２００５年１２月１１日（日）_117_丘の上・断固たる決意,legacy-tsv,2080,unclassified,11,旧 TSV 专名词库；不能按文件名认定全系列通用；仅证实在本作出现；译法、单字子串及称谓语境仍需审定。
女,女性,candidate,010_プロローグ_012_プロローグ２　ニュース概況 / 020_２００５年１２月０１日（木）_021_格納庫にて / 030_２００５年１２月０２日（金）_032_食堂 / 030_２００５年１２月０２日（金）_036_丘の上で柚香、エレンと / 050_２００５年１２月０４日（日）_050_悪夢の始まり：大海崩後の世界 / 050_２００５年１２月０４日（日）_058_シミュレーター特訓後のデブリーフィング / 050_２００５年１２月０４日（日）_059_龍浪と律子 / 060_２００５年１２月０５日（月）_062_孤児施設 / 080_２００５年１２月０８日（木）_081_悪夢　浅葱と響 / 080_２００５年１２月０８日（木）_086_米軍デブリーフィング / 090_２００５年１２月０９日（金）_093_丘の上にてエレンと / 110_２００５年１２月１１日（日）_110_生産プラントで決意する響 / 110_２００５年１２月１１日（日）_111_同時刻・律子と雫 / 120_２００５年１２月２２日（木）_121_レセプション・ウォーケン登場 / 120_２００５年１２月２２日（木）_135_響吶喊 / 150_２００５年１２月２４日（土）_152_格納庫にて待機する響 / 150_２００５年１２月２４日（土）_157_悠陽宿舎にて密談 / 190_エピローグ_190_斑鳩登場,legacy-tsv,2083,unclassified,37,旧 TSV 专名词库；不能按文件名认定全系列通用；仅证实在本作出现；译法、单字子串及称谓语境仍需审定。
女の子,女孩,candidate,020_２００５年１２月０１日（木）_021_格納庫にて / 030_２００５年１２月０２日（金）_032_食堂,legacy-tsv,2084,unclassified,2,旧 TSV 专名词库；不能按文件名认定全系列通用；仅证实在本作出现；译法、单字子串及称谓语境仍需审定。
松風,松风,candidate,020_２００５年１２月０１日（木）_021_格納庫にて / 030_２００５年１２月０２日（金）_032_食堂 / 030_２００５年１２月０２日（金）_035_格納庫で落ち込む雫＆律子登場 / 080_２００５年１２月０８日（木）_082_私室　静かな目覚め / 120_２００５年１２月２２日（木）_127_ブリーフィングルームにて作戦説明 / 120_２００５年１２月２２日（木）_128_プラントへの出撃 / 120_２００５年１２月２２日（木）_133_総攻撃開始 / 150_２００５年１２月２４日（土）_152_格納庫にて待機する響 / 150_２００５年１２月２４日（土）_181_ウォードッグの反応,legacy-tsv,2088,unclassified,18,旧 TSV 专名词库；不能按文件名认定全系列通用；仅证实在本作出现；译法、单字子串及称谓语境仍需审定。
職員,工作人员,candidate,100_２００５年１２月１０日（土）_102_まりもと食事,legacy-tsv,2092,unclassified,1,旧 TSV 专名词库；不能按文件名认定全系列通用；仅证实在本作出现；译法、单字子串及称谓语境仍需审定。
神代少尉,神代少尉,candidate,150_２００５年１２月２４日（土）_167_格納庫にて出撃準備,legacy-tsv,2097,unclassified,1,旧 TSV 专名词库；不能按文件名认定全系列通用；仅证实在本作出现；译法、单字子串及称谓语境仍需审定。
整備班長,整备班长,candidate,060_２００５年１２月０５日（月）_063_ハンガー＆食堂 / 150_２００５年１２月２４日（土）_157_悠陽宿舎にて密談,legacy-tsv,2099,unclassified,2,旧 TSV 专名词库；不能按文件名认定全系列通用；仅证实在本作出现；译法、单字子串及称谓语境仍需审定。
声,声音,candidate,010_プロローグ_012_プロローグ２　ニュース概況 / 030_２００５年１２月０２日（金）_032_食堂 / 050_２００５年１２月０４日（日）_054_カナダ軍特攻 / 050_２００５年１２月０４日（日）_055_悪夢は続くよ、いつまでも / 080_２００５年１２月０８日（木）_080_悪夢　追跡 / 080_２００５年１２月０８日（木）_086_米軍デブリーフィング / 110_２００５年１２月１１日（日）_110_生産プラントで決意する響 / 120_２００５年１２月２２日（木）_121_レセプション・ウォーケン登場 / 120_２００５年１２月２２日（木）_123_悠陽登場 / 120_２００５年１２月２２日（木）_127_ブリーフィングルームにて作戦説明 / 120_２００５年１２月２２日（木）_129_同時刻：米軍サイド / 120_２００５年１２月２２日（木）_144_プラント内、合流 / 150_２００５年１２月２４日（土）_152_格納庫にて待機する響 / 150_２００５年１２月２４日（土）_153_孤児院に赴く雫 / 150_２００５年１２月２４日（土）_166_日米会議 / 150_２００５年１２月２４日（土）_167_格納庫にて出撃準備 / 190_エピローグ_190_斑鳩登場,legacy-tsv,2100,unclassified,21,旧 TSV 专名词库；不能按文件名认定全系列通用；仅证实在本作出现；译法、单字子串及称谓语境仍需审定。
浅葱,浅葱,candidate,030_２００５年１２月０２日（金）_030_悪夢　大陸放浪 / 030_２００５年１２月０２日（金）_036_丘の上で柚香、エレンと / 050_２００５年１２月０４日（日）_050_悪夢の始まり：大海崩後の世界 / 050_２００５年１２月０４日（日）_055_悪夢は続くよ、いつまでも / 070_２００５年１２月０７日（水）_070_悪夢　尊厳 / 070_２００５年１２月０７日（水）_071_私室にて / 080_２００５年１２月０８日（木）_081_悪夢　浅葱と響 / 080_２００５年１２月０８日（木）_082_私室　静かな目覚め / 080_２００５年１２月０８日（木）_086_米軍デブリーフィング / 110_２００５年１２月１１日（日）_113_記憶遡行 / 110_２００５年１２月１１日（日）_115_医局にて目を覚ます響 / 110_２００５年１２月１１日（日）_116_丘の上・駒木、まりもとの会話を回想 / 110_２００５年１２月１１日（日）_117_丘の上・断固たる決意,legacy-tsv,2103,unclassified,27,旧 TSV 专名词库；不能按文件名认定全系列通用；仅证实在本作出现；译法、单字子串及称谓语境仍需审定。
側近,侧近,candidate,120_２００５年１２月２２日（木）_148_安全確保,legacy-tsv,2104,unclassified,1,旧 TSV 专名词库；不能按文件名认定全系列通用；仅证实在本作出现；译法、单字子串及称谓语境仍需审定。
隊員,队员,candidate,030_２００５年１２月０２日（金）_032_食堂 / 050_２００５年１２月０４日（日）_056_演習後に叱責を受ける響 / 120_２００５年１２月２２日（木）_127_ブリーフィングルームにて作戦説明,legacy-tsv,2106,unclassified,4,旧 TSV 专名词库；不能按文件名认定全系列通用；仅证实在本作出现；译法、单字子串及称谓语境仍需审定。
隊長,队长,candidate,010_プロローグ_012_プロローグ２　ニュース概況 / 030_２００５年１２月０２日（金）_030_悪夢　大陸放浪 / 030_２００５年１２月０２日（金）_032_食堂 / 030_２００５年１２月０２日（金）_034_演習後デブリーフィング / 030_２００５年１２月０２日（金）_035_格納庫で落ち込む雫＆律子登場 / 030_２００５年１２月０２日（金）_036_丘の上で柚香、エレンと / 050_２００５年１２月０４日（日）_050_悪夢の始まり：大海崩後の世界 / 050_２００５年１２月０４日（日）_054_カナダ軍特攻 / 050_２００５年１２月０４日（日）_055_悪夢は続くよ、いつまでも / 050_２００５年１２月０４日（日）_058_シミュレーター特訓後のデブリーフィング / 050_２００５年１２月０４日（日）_059_龍浪と律子 / 070_２００５年１２月０７日（水）_070_悪夢　尊厳 / 080_２００５年１２月０８日（木）_081_悪夢　浅葱と響 / 080_２００５年１２月０８日（木）_082_私室　静かな目覚め / 080_２００５年１２月０８日（木）_083_日米共同演習シミュレーション / 090_２００５年１２月０９日（金）_090_駒木との会談 / 110_２００５年１２月１１日（日）_114_大陸横断 / 110_２００５年１２月１１日（日）_116_丘の上・駒木、まりもとの会話を回想 / 110_２００５年１２月１１日（日）_117_丘の上・断固たる決意 / 120_２００５年１２月２２日（木）_123_悠陽登場 / 120_２００５年１２月２２日（木）_130_戦闘開始 / 150_２００５年１２月２４日（土）_151_国境で睨み合う / 150_２００５年１２月２４日（土）_157_悠陽宿舎にて密談 / 150_２００５年１２月２４日（土）_169_松風奮闘 / 150_２００５年１２月２４日（土）_174_ナウシカ / 150_２００５年１２月２４日（土）_180_リリアの反応,legacy-tsv,2107,unclassified,51,旧 TSV 专名词库；不能按文件名认定全系列通用；仅证实在本作出现；译法、单字子串及称谓语境仍需审定。
大上中尉,大上中尉,candidate,030_２００５年１２月０２日（金）_035_格納庫で落ち込む雫＆律子登場 / 050_２００５年１２月０４日（日）_057_律子と特訓 / 050_２００５年１２月０４日（日）_058_シミュレーター特訓後のデブリーフィング / 050_２００５年１２月０４日（日）_059_龍浪と律子 / 060_２００５年１２月０５日（月）_063_ハンガー＆食堂 / 090_２００５年１２月０９日（金）_091_医局にて診察を受ける雫 / 110_２００５年１２月１１日（日）_110_生産プラントで決意する響 / 110_２００５年１２月１１日（日）_111_同時刻・律子と雫 / 120_２００５年１２月２２日（木）_120_プラント・レセプション / 120_２００５年１２月２２日（木）_134_窮地 / 120_２００５年１２月２２日（木）_148_安全確保 / 150_２００５年１２月２４日（土）_152_格納庫にて待機する響 / 150_２００５年１２月２４日（土）_153_孤児院に赴く雫 / 150_２００５年１２月２４日（土）_184_病室,legacy-tsv,2108,unclassified,31,旧 TSV 专名词库；不能按文件名认定全系列通用；仅证实在本作出现；译法、单字子串及称谓语境仍需审定。
担当官,负责人,candidate,120_２００５年１２月２２日（木）_124_悠陽と側近,legacy-tsv,2111,unclassified,1,旧 TSV 专名词库；不能按文件名认定全系列通用；仅证实在本作出现；译法、单字子串及称谓语境仍需审定。
男,男性,candidate,030_２００５年１２月０２日（金）_036_丘の上で柚香、エレンと / 050_２００５年１２月０４日（日）_050_悪夢の始まり：大海崩後の世界 / 050_２００５年１２月０４日（日）_058_シミュレーター特訓後のデブリーフィング / 050_２００５年１２月０４日（日）_059_龍浪と律子 / 100_２００５年１２月１０日（土）_102_まりもと食事 / 120_２００５年１２月２２日（木）_126_帰宅し丘の上にて / 150_２００５年１２月２４日（土）_153_孤児院に赴く雫 / 150_２００５年１２月２４日（土）_170_帝国艦隊 / 150_２００５年１２月２４日（土）_173_停戦命令 / 150_２００５年１２月２４日（土）_176_駒木の反応,legacy-tsv,2112,unclassified,12,旧 TSV 专名词库；不能按文件名认定全系列通用；仅证实在本作出现；译法、单字子串及称谓语境仍需审定。
男の子,少年,candidate,150_２００５年１２月２４日（土）_153_孤児院に赴く雫,legacy-tsv,2113,unclassified,1,旧 TSV 专名词库；不能按文件名认定全系列通用；仅证实在本作出现；译法、单字子串及称谓语境仍需审定。
帝国欧州派遣軍,帝国欧洲派遣军,candidate,050_２００５年１２月０４日（日）_052_欧州派遣軍参戦 / 050_２００５年１２月０４日（日）_054_カナダ軍特攻,legacy-tsv,2118,unclassified,2,旧 TSV 专名词库；不能按文件名认定全系列通用；仅证实在本作出现；译法、单字子串及称谓语境仍需审定。
帝国軍衛士,帝国军卫士,candidate,020_２００５年１２月０１日（木）_020_インタビュー後半,legacy-tsv,2121,unclassified,1,旧 TSV 专名词库；不能按文件名认定全系列通用；仅证实在本作出现；译法、单字子串及称谓语境仍需审定。
帝国軍兵士,帝国军士兵,candidate,020_２００５年１２月０１日（木）_020_インタビュー後半,legacy-tsv,2124,unclassified,2,旧 TSV 专名词库；不能按文件名认定全系列通用；仅证实在本作出现；译法、单字子串及称谓语境仍需审定。
突入部隊,突入部队,candidate,080_２００５年１２月０８日（木）_085_ウォードッグの戦い / 120_２００５年１２月２２日（木）_127_ブリーフィングルームにて作戦説明,legacy-tsv,2128,unclassified,3,旧 TSV 专名词库；不能按文件名认定全系列通用；仅证实在本作出现；译法、单字子串及称谓语境仍需审定。
楠本,楠本,candidate,010_プロローグ_012_プロローグ２　ニュース概況 / 020_２００５年１２月０１日（木）_021_格納庫にて / 030_２００５年１２月０２日（金）_035_格納庫で落ち込む雫＆律子登場 / 060_２００５年１２月０５日（月）_061_プラント警備 / 060_２００５年１２月０５日（月）_063_ハンガー＆食堂 / 150_２００５年１２月２４日（土）_152_格納庫にて待機する響,legacy-tsv,2130,unclassified,12,旧 TSV 专名词库；不能按文件名认定全系列通用；仅证实在本作出现；译法、单字子串及称谓语境仍需审定。
巴少尉,巴少尉,candidate,150_２００５年１２月２４日（土）_152_格納庫にて待機する響,legacy-tsv,2132,unclassified,1,旧 TSV 专名词库；不能按文件名认定全系列通用；仅证实在本作出现；译法、单字子串及称谓语境仍需审定。
斑鳩,斑鸠,candidate,150_２００５年１２月２４日（土）_166_日米会議 / 190_エピローグ_190_斑鳩登場,legacy-tsv,2134,unclassified,2,旧 TSV 专名词库；不能按文件名认定全系列通用；仅证实在本作出现；译法、单字子串及称谓语境仍需审定。
斑鳩閣下,斑鸠阁下,candidate,190_エピローグ_190_斑鳩登場,legacy-tsv,2135,unclassified,1,旧 TSV 专名词库；不能按文件名认定全系列通用；仅证实在本作出现；译法、单字子串及称谓语境仍需审定。
副長,副长,candidate,150_２００５年１２月２４日（土）_170_帝国艦隊,legacy-tsv,2137,unclassified,2,旧 TSV 专名词库；不能按文件名认定全系列通用；仅证实在本作出现；译法、单字子串及称谓语境仍需审定。
兵士,士兵,candidate,020_２００５年１２月０１日（木）_020_インタビュー後半 / 030_２００５年１２月０２日（金）_034_演習後デブリーフィング / 090_２００５年１２月０９日（金）_091_医局にて診察を受ける雫 / 110_２００５年１２月１１日（日）_111_同時刻・律子と雫 / 120_２００５年１２月２２日（木）_129_同時刻：米軍サイド / 150_２００５年１２月２４日（土）_152_格納庫にて待機する響 / 150_２００５年１２月２４日（土）_166_日米会議,legacy-tsv,2139,unclassified,8,旧 TSV 专名词库；不能按文件名认定全系列通用；仅证实在本作出现；译法、单字子串及称谓语境仍需审定。
米国空軍,美国空军,candidate,080_２００５年１２月０８日（木）_086_米軍デブリーフィング / 150_２００５年１２月２４日（土）_162_駒木の苦悩 / 150_２００５年１２月２４日（土）_170_帝国艦隊,legacy-tsv,2145,unclassified,5,旧 TSV 专名词库；不能按文件名认定全系列通用；仅证实在本作出现；译法、单字子串及称谓语境仍需审定。
悠陽殿下,悠阳殿下,candidate,010_プロローグ_012_プロローグ２　ニュース概況 / 020_２００５年１２月０１日（木）_020_インタビュー後半 / 030_２００５年１２月０２日（金）_032_食堂 / 120_２００５年１２月２２日（木）_123_悠陽登場 / 120_２００５年１２月２２日（木）_127_ブリーフィングルームにて作戦説明 / 120_２００５年１２月２２日（木）_138_生産プラントに侵入した響 / 120_２００５年１２月２２日（木）_146_陸戦部隊の活躍 / 150_２００５年１２月２４日（土）_166_日米会議 / 150_２００５年１２月２４日（土）_167_格納庫にて出撃準備 / 150_２００５年１２月２４日（土）_184_病室,legacy-tsv,2149,unclassified,16,旧 TSV 专名词库；不能按文件名认定全系列通用；仅证实在本作出现；译法、单字子串及称谓语境仍需审定。
柚香,柚香,candidate,030_２００５年１２月０２日（金）_032_食堂 / 030_２００５年１２月０２日（金）_035_格納庫で落ち込む雫＆律子登場 / 030_２００５年１２月０２日（金）_036_丘の上で柚香、エレンと / 050_２００５年１２月０４日（日）_050_悪夢の始まり：大海崩後の世界 / 050_２００５年１２月０４日（日）_055_悪夢は続くよ、いつまでも / 050_２００５年１２月０４日（日）_058_シミュレーター特訓後のデブリーフィング / 050_２００５年１２月０４日（日）_059_龍浪と律子 / 060_２００５年１２月０５日（月）_063_ハンガー＆食堂 / 070_２００５年１２月０７日（水）_071_私室にて / 080_２００５年１２月０８日（木）_081_悪夢　浅葱と響 / 080_２００５年１２月０８日（木）_086_米軍デブリーフィング / 080_２００５年１２月０８日（木）_087_落ち込む雫 / 090_２００５年１２月０９日（金）_091_医局にて診察を受ける雫 / 090_２００５年１２月０９日（金）_093_丘の上にてエレンと / 100_２００５年１２月１０日（土）_102_まりもと食事 / 110_２００５年１２月１１日（日）_110_生産プラントで決意する響 / 110_２００５年１２月１１日（日）_114_大陸横断 / 110_２００５年１２月１１日（日）_115_医局にて目を覚ます響 / 110_２００５年１２月１１日（日）_116_丘の上・駒木、まりもとの会話を回想 / 110_２００５年１２月１１日（日）_117_丘の上・断固たる決意 / 120_２００５年１２月２２日（木）_126_帰宅し丘の上にて / 120_２００５年１２月２２日（木）_135_響吶喊 / 150_２００５年１２月２４日（土）_152_格納庫にて待機する響 / 150_２００５年１２月２４日（土）_167_格納庫にて出撃準備 / 150_２００５年１２月２４日（土）_173_停戦命令 / 150_２００５年１２月２４日（土）_174_ナウシカ,legacy-tsv,2150,unclassified,50,旧 TSV 专名词库；不能按文件名认定全系列通用；仅证实在本作出现；译法、单字子串及称谓语境仍需审定。
労働者,工人,candidate,120_２００５年１２月２２日（木）_127_ブリーフィングルームにて作戦説明,legacy-tsv,2154,unclassified,1,旧 TSV 专名词库；不能按文件名认定全系列通用；仅证实在本作出现；译法、单字子串及称谓语境仍需审定。
イーグル,鹰,candidate,050_２００５年１２月０４日（日）_052_欧州派遣軍参戦 / 050_２００５年１２月０４日（日）_054_カナダ軍特攻 / 070_２００５年１２月０７日（水）_070_悪夢　尊厳,legacy-tsv,2158,unclassified,4,旧 TSV 专名词库；不能按文件名认定全系列通用；仅证实在本作出现；译法、单字子串及称谓语境仍需审定。
ウォードッグ隊,战犬队,candidate,030_２００５年１２月０２日（金）_034_演習後デブリーフィング,legacy-tsv,2159,unclassified,1,旧 TSV 专名词库；不能按文件名认定全系列通用；仅证实在本作出现；译法、单字子串及称谓语境仍需审定。
クレイン中隊,鹤中队,candidate,150_２００５年１２月２４日（土）_163_松風は馬じゃない,legacy-tsv,2164,unclassified,1,旧 TSV 专名词库；不能按文件名认定全系列通用；仅证实在本作出现；译法、单字子串及称谓语境仍需审定。
ナイトオウル,夜枭,candidate,050_２００５年１２月０４日（日）_057_律子と特訓 / 120_２００５年１２月２２日（木）_134_窮地,legacy-tsv,2167,unclassified,5,旧 TSV 专名词库；不能按文件名认定全系列通用；仅证实在本作出现；译法、单字子串及称谓语境仍需审定。
ナイヴス,黑刃,candidate,080_２００５年１２月０８日（木）_084_シミュレーションバトル,legacy-tsv,2168,unclassified,1,旧 TSV 专名词库；不能按文件名认定全系列通用；仅证实在本作出现；译法、单字子串及称谓语境仍需审定。
フェザント,雉鸡,candidate,120_２００５年１２月２２日（木）_134_窮地,legacy-tsv,2172,unclassified,1,旧 TSV 专名词库；不能按文件名认定全系列通用；仅证实在本作出现；译法、单字子串及称谓语境仍需审定。
強襲揚陸艦ボクサー,强袭登陆舰拳师号,candidate,020_２００５年１２月０１日（木）_020_インタビュー後半,legacy-tsv,2174,unclassified,1,旧 TSV 专名词库；不能按文件名认定全系列通用；仅证实在本作出现；译法、单字子串及称谓语境仍需审定。
ＪＦＫ,JFK,candidate,080_２００５年１２月０８日（木）_086_米軍デブリーフィング / 150_２００５年１２月２４日（土）_166_日米会議,legacy-tsv,2179,unclassified,3,旧 TSV 专名词库；不能按文件名认定全系列通用；仅证实在本作出现；译法、单字子串及称谓语境仍需审定。
日本帝国欧州派遣軍,日本帝国欧洲派遣军,candidate,050_２００５年１２月０４日（日）_052_欧州派遣軍参戦,legacy-tsv,2181,unclassified,1,旧 TSV 专名词库；不能按文件名认定全系列通用；仅证实在本作出现；译法、单字子串及称谓语境仍需审定。
日本帝国欧州派遣軍イーグル中隊,日本帝国欧洲派遣军鹰中队,candidate,050_２００５年１２月０４日（日）_052_欧州派遣軍参戦,legacy-tsv,2182,unclassified,1,旧 TSV 专名词库；不能按文件名认定全系列通用；仅证实在本作出现；译法、单字子串及称谓语境仍需审定。
帝国陸軍特殊作戦団第一歩兵連隊第一中隊,帝国陆军特殊作战团第一步兵连第一中队,candidate,120_２００５年１２月２２日（木）_146_陸戦部隊の活躍,legacy-tsv,2183,unclassified,3,旧 TSV 专名词库；不能按文件名认定全系列通用；仅证实在本作出现；译法、单字子串及称谓语境仍需审定。
米国海兵隊戦術機部隊ブラックナイヴス,美国海军陆战队战术机部队黑刃队,candidate,120_２００５年１２月２２日（木）_135_響吶喊,legacy-tsv,2184,unclassified,1,旧 TSV 专名词库；不能按文件名认定全系列通用；仅证实在本作出现；译法、单字子串及称谓语境仍需审定。
米国陸軍第１軍団第６６戦術機甲大隊,美国陆军第1军团第66战术机甲大队,candidate,120_２００５年１２月２２日（木）_147_プラント外３島嶼地区,legacy-tsv,2186,unclassified,1,旧 TSV 专名词库；不能按文件名认定全系列通用；仅证实在本作出现；译法、单字子串及称谓语境仍需审定。
生産プラント,生产设施,candidate,010_プロローグ_012_プロローグ２　ニュース概況 / 030_２００５年１２月０２日（金）_032_食堂 / 030_２００５年１２月０２日（金）_035_格納庫で落ち込む雫＆律子登場 / 060_２００５年１２月０５日（月）_060_プラントへ向かう道 / 060_２００５年１２月０５日（月）_061_プラント警備 / 080_２００５年１２月０８日（木）_082_私室　静かな目覚め / 090_２００５年１２月０９日（金）_092_まりもと柚香 / 120_２００５年１２月２２日（木）_121_レセプション・ウォーケン登場 / 120_２００５年１２月２２日（木）_126_帰宅し丘の上にて / 120_２００５年１２月２２日（木）_127_ブリーフィングルームにて作戦説明 / 120_２００５年１２月２２日（木）_128_プラントへの出撃 / 120_２００５年１２月２２日（木）_129_同時刻：米軍サイド / 120_２００５年１２月２２日（木）_131_序盤戦 / 120_２００５年１２月２２日（木）_132_作戦展開・まりもと駒木 / 120_２００５年１２月２２日（木）_133_総攻撃開始 / 120_２００５年１２月２２日（木）_135_響吶喊 / 120_２００５年１２月２２日（木）_144_プラント内、合流 / 120_２００５年１２月２２日（木）_147_プラント外３島嶼地区 / 120_２００５年１２月２２日（木）_148_安全確保 / 150_２００５年１２月２４日（土）_150_プラント脱出後、米軍と日本軍 / 150_２００５年１２月２４日（土）_157_悠陽宿舎にて密談 / 150_２００５年１２月２４日（土）_166_日米会議 / 150_２００５年１２月２４日（土）_174_ナウシカ / 190_エピローグ_190_斑鳩登場,legacy-tsv,2190,unclassified,78,旧 TSV 专名词库；不能按文件名认定全系列通用；仅证实在本作出现；译法、单字子串及称谓语境仍需审定。
ボクサー,拳师号,confirmed,020_２００５年１２月０１日（木）_020_インタビュー後半 / 050_２００５年１２月０４日（日）_050_悪夢の始まり：大海崩後の世界 / 100_２００５年１２月１０日（土）_102_まりもと食事,tda-shared-decisions,1,documented-user-decision,4,旧 TDA 交接记录已确认；仅在本作命中范围使用。
イーグル,鹰,confirmed,050_２００５年１２月０４日（日）_052_欧州派遣軍参戦 / 050_２００５年１２月０４日（日）_054_カナダ軍特攻 / 070_２００５年１２月０７日（水）_070_悪夢　尊厳,tda-shared-decisions,2,documented-user-decision,4,旧 TDA 交接记录已确认；仅在本作命中范围使用。
フェザント,雉鸡,confirmed,120_２００５年１２月２２日（木）_134_窮地,tda-shared-decisions,3,documented-user-decision,1,旧 TDA 交接记录已确认；仅在本作命中范围使用。
クレイン,鹤,confirmed,150_２００５年１２月２４日（土）_158_日米同盟ＶＳ仏加連合 / 150_２００５年１２月２４日（土）_163_松風は馬じゃない,tda-shared-decisions,6,documented-user-decision,4,旧 TDA 交接记录已确认；仅在本作命中范围使用。
ウォードッグ,战犬,confirmed,030_２００５年１２月０２日（金）_033_対光線級演習 / 030_２００５年１２月０２日（金）_034_演習後デブリーフィング / 030_２００５年１２月０２日（金）_035_格納庫で落ち込む雫＆律子登場 / 060_２００５年１２月０５日（月）_061_プラント警備 / 080_２００５年１２月０８日（木）_085_ウォードッグの戦い / 110_２００５年１２月１１日（日）_110_生産プラントで決意する響 / 120_２００５年１２月２２日（木）_131_序盤戦 / 120_２００５年１２月２２日（木）_134_窮地 / 120_２００５年１２月２２日（木）_135_響吶喊 / 120_２００５年１２月２２日（木）_137_残されたウォードッグ / 120_２００５年１２月２２日（木）_138_生産プラントに侵入した響 / 120_２００５年１２月２２日（木）_145_プラント外の戦術機部隊 / 120_２００５年１２月２２日（木）_148_安全確保 / 150_２００５年１２月２４日（土）_174_ナウシカ,tda-shared-decisions,7,documented-user-decision,26,旧 TDA 交接记录已确认；仅在本作命中范围使用。
大尉,上尉,confirmed,030_２００５年１２月０２日（金）_032_食堂 / 030_２００５年１２月０２日（金）_034_演習後デブリーフィング / 050_２００５年１２月０４日（日）_058_シミュレーター特訓後のデブリーフィング / 080_２００５年１２月０８日（木）_086_米軍デブリーフィング / 090_２００５年１２月０９日（金）_090_駒木との会談 / 090_２００５年１２月０９日（金）_093_丘の上にてエレンと / 100_２００５年１２月１０日（土）_102_まりもと食事 / 110_２００５年１２月１１日（日）_116_丘の上・駒木、まりもとの会話を回想 / 120_２００５年１２月２２日（木）_121_レセプション・ウォーケン登場 / 120_２００５年１２月２２日（木）_127_ブリーフィングルームにて作戦説明 / 120_２００５年１２月２２日（木）_131_序盤戦 / 120_２００５年１２月２２日（木）_135_響吶喊 / 120_２００５年１２月２２日（木）_140_まりもと合流 / 120_２００５年１２月２２日（木）_147_プラント外３島嶼地区 / 120_２００５年１２月２２日（木）_148_安全確保 / 150_２００５年１２月２４日（土）_150_プラント脱出後、米軍と日本軍 / 150_２００５年１２月２４日（土）_152_格納庫にて待機する響 / 150_２００５年１２月２４日（土）_162_駒木の苦悩 / 150_２００５年１２月２４日（土）_174_ナウシカ / 150_２００５年１２月２４日（土）_175_フランス・リヴィエール大尉,tda-shared-decisions,13,documented-user-decision,38,旧 TDA 交接记录已确认；仅在本作命中范围使用。
