jp,cn,status,chapter,source,source_row,source_status,occurrences,basis
インド,印度,contextual,本作；详见使用限制,selected-tda00,2,provisional-selected,,仅作翻译审校参考；确认对应专名/军事称谓后使用，不自动替换正文；来自上一轮暂定专表，不是历史全量基线。
ウィル,威尔,contextual,本作；详见使用限制,selected-tda00,3,provisional-selected,,仅指人物威尔；不得匹配ウィルス等词的一部分；来自上一轮暂定专表，不是历史全量基线。
ウィルバート・コリンズ,威尔伯特·柯林斯,contextual,本作；详见使用限制,selected-tda00,4,provisional-selected,,仅作翻译审校参考；确认对应专名/军事称谓后使用，不自动替换正文；来自上一轮暂定专表，不是历史全量基线。
ウィルバート・Ｄ・コリンズ,威尔伯特·D·柯林斯,contextual,本作；详见使用限制,selected-tda00,5,provisional-selected,,仅作翻译审校参考；确认对应专名/军事称谓后使用，不自动替换正文；来自上一轮暂定专表，不是历史全量基线。
ウォードッグ,战犬,contextual,本作；详见使用限制,selected-tda00,6,provisional-selected,,仅作翻译审校参考；确认对应专名/军事称谓后使用，不自动替换正文；来自上一轮暂定专表，不是历史全量基线。
オーストラリア,澳大利亚,contextual,本作；详见使用限制,selected-tda00,7,provisional-selected,,仅作翻译审校参考；确认对应专名/军事称谓后使用，不自动替换正文；来自上一轮暂定专表，不是历史全量基线。
オールストン准将,奥尔斯顿准将,contextual,本作；详见使用限制,selected-tda00,8,provisional-selected,,仅作翻译审校参考；确认对应专名/军事称谓后使用，不自动替换正文；来自上一轮暂定专表，不是历史全量基线。
オール・ナイヴス,黑刃全机,contextual,本作；详见使用限制,selected-tda00,9,provisional-selected,,仅作翻译审校参考；确认对应专名/军事称谓后使用，不自动替换正文；来自上一轮暂定专表，不是历史全量基线。
オール・バスターズ,破坏者全机,contextual,本作；详见使用限制,selected-tda00,10,provisional-selected,,仅作翻译审校参考；确认对应专名/军事称谓后使用，不自动替换正文；来自上一轮暂定专表，不是历史全量基线。
カレン・グラーノ,卡伦·格拉诺,contextual,本作；详见使用限制,selected-tda00,11,provisional-selected,,仅作翻译审校参考；确认对应专名/军事称谓后使用，不自动替换正文；来自上一轮暂定专表，不是历史全量基线。
キング,国王号,contextual,本作；详见使用限制,selected-tda00,12,provisional-selected,,仅指相应舰名/呼号；不是普通名词 king 的统一译法；来自上一轮暂定专表，不是历史全量基线。
グラハム・ローゼンバーグ,格雷厄姆·罗森伯格,contextual,本作；详见使用限制,selected-tda00,13,provisional-selected,,仅作翻译审校参考；确认对应专名/军事称谓后使用，不自动替换正文；来自上一轮暂定专表，不是历史全量基线。
ケネディ,肯尼迪,contextual,本作；详见使用限制,selected-tda00,14,provisional-selected,,仅作翻译审校参考；确认对应专名/军事称谓后使用，不自动替换正文；来自上一轮暂定专表，不是历史全量基线。
ケネディ・コントロール,肯尼迪管制,contextual,本作；详见使用限制,selected-tda00,15,provisional-selected,,仅作翻译审校参考；确认对应专名/军事称谓后使用，不自动替换正文；来自上一轮暂定专表，不是历史全量基线。
ケネディ・ホテル,肯尼迪旅馆,contextual,本作；详见使用限制,selected-tda00,16,provisional-selected,,仅作翻译审校参考；确认对应专名/军事称谓后使用，不自动替换正文；来自上一轮暂定专表，不是历史全量基线。
ゲティスバーグ,葛底斯堡,contextual,本作；详见使用限制,selected-tda00,17,provisional-selected,,仅作翻译审校参考；确认对应专名/军事称谓后使用，不自动替换正文；来自上一轮暂定专表，不是历史全量基线。
コリンズ,柯林斯,contextual,本作；详见使用限制,selected-tda00,18,provisional-selected,,仅作翻译审校参考；确认对应专名/军事称谓后使用，不自动替换正文；来自上一轮暂定专表，不是历史全量基线。
コード８１１,代码811,contextual,本作；详见使用限制,selected-tda00,19,provisional-selected,,仅作翻译审校参考；确认对应专名/军事称谓后使用，不自动替换正文；来自上一轮暂定专表，不是历史全量基线。
ゴルフセット,高尔夫套件,contextual,本作；详见使用限制,selected-tda00,20,provisional-selected,,仅作翻译审校参考；确认对应专名/军事称谓后使用，不自动替换正文；来自上一轮暂定专表，不是历史全量基线。
ゴーファー・ステート,戈弗州,contextual,本作；详见使用限制,selected-tda00,21,provisional-selected,,仅作翻译审校参考；确认对应专名/军事称谓后使用，不自动替换正文；来自上一轮暂定专表，不是历史全量基线。
シアトル,西雅图,contextual,本作；详见使用限制,selected-tda00,22,provisional-selected,,仅作翻译审校参考；确认对应专名/军事称谓后使用，不自动替换正文；来自上一轮暂定专表，不是历史全量基线。
シェルベリ,谢尔贝里,contextual,本作；详见使用限制,selected-tda00,23,provisional-selected,,仅作翻译审校参考；确认对应专名/军事称谓后使用，不自动替换正文；来自上一轮暂定专表，不是历史全量基线。
シドニー,悉尼,contextual,本作；详见使用限制,selected-tda00,24,provisional-selected,,仅作翻译审校参考；确认对应专名/军事称谓后使用，不自动替换正文；来自上一轮暂定专表，不是历史全量基线。
ジャンヌ・デュカス,让娜·迪卡斯,contextual,本作；详见使用限制,selected-tda00,25,provisional-selected,,仅作翻译审校参考；确认对应专名/军事称谓后使用，不自动替换正文；来自上一轮暂定专表，不是历史全量基线。
ジョン・Ｆ・ケネディ,约翰·F·肯尼迪,contextual,本作；详见使用限制,selected-tda00,26,provisional-selected,,仅作翻译审校参考；确认对应专名/军事称谓后使用，不自动替换正文；来自上一轮暂定专表，不是历史全量基线。
ジョージ・オールストン,乔治·奥尔斯顿,contextual,本作；详见使用限制,selected-tda00,27,provisional-selected,,仅作翻译审校参考；确认对应专名/军事称谓后使用，不自动替换正文；来自上一轮暂定专表，不是历史全量基线。
ジョージ・ワシントン,乔治·华盛顿,contextual,本作；详见使用限制,selected-tda00,28,provisional-selected,,仅作翻译审校参考；确认对应专名/军事称谓后使用，不自动替换正文；来自上一轮暂定专表，不是历史全量基线。
ジーン・カミンスキー,吉恩·卡明斯基,contextual,本作；详见使用限制,selected-tda00,29,provisional-selected,,仅作翻译审校参考；确认对应专名/军事称谓后使用，不自动替换正文；来自上一轮暂定专表，不是历史全量基线。
ズムウォルト,朱姆沃尔特,contextual,本作；详见使用限制,selected-tda00,30,provisional-selected,,仅作翻译审校参考；确认对应专名/军事称谓后使用，不自动替换正文；来自上一轮暂定专表，不是历史全量基线。
ソルティ・ベース,索尔蒂基地,contextual,本作；详见使用限制,selected-tda00,31,provisional-selected,,仅作翻译审校参考；确认对应专名/军事称谓后使用，不自动替换正文；来自上一轮暂定专表，不是历史全量基线。
ダリル,达里尔,contextual,本作；详见使用限制,selected-tda00,32,provisional-selected,,仅作翻译审校参考；确认对应专名/军事称谓后使用，不自动替换正文；来自上一轮暂定专表，不是历史全量基线。
ダリル・ザ・ビッグマム・マクマナス,达里尔·“Big Mom”·麦克马纳斯,contextual,本作；详见使用限制,selected-tda00,33,provisional-selected,,仅作翻译审校参考；确认对应专名/军事称谓后使用，不自动替换正文；来自上一轮暂定专表，不是历史全量基线。
ダリル・マクマナス,达里尔·麦克马纳斯,contextual,本作；详见使用限制,selected-tda00,34,provisional-selected,,仅作翻译审校参考；确认对应专名/军事称谓后使用，不自动替换正文；来自上一轮暂定专表，不是历史全量基线。
ダリル・Ａ・マクマナス,达里尔·A·麦克马纳斯,contextual,本作；详见使用限制,selected-tda00,35,provisional-selected,,仅作翻译审校参考；确认对应专名/军事称谓后使用，不自动替换正文；来自上一轮暂定专表，不是历史全量基线。
デニス・モンロー,丹尼斯·门罗,contextual,本作；详见使用限制,selected-tda00,36,provisional-selected,,仅作翻译审校参考；确认对应专名/军事称谓后使用，不自动替换正文；来自上一轮暂定专表，不是历史全量基线。
ナイヴス,黑刃,contextual,本作；详见使用限制,selected-tda00,37,provisional-selected,,仅作翻译审校参考；确认对应专名/军事称谓后使用，不自动替换正文；来自上一轮暂定专表，不是历史全量基线。
ナイヴス・リード,黑刃长机,contextual,本作；详见使用限制,selected-tda00,38,provisional-selected,,仅作翻译审校参考；确认对应专名/军事称谓后使用，不自动替换正文；来自上一轮暂定专表，不是历史全量基线。
ナイヴス１,黑刃1,contextual,本作；详见使用限制,selected-tda00,39,provisional-selected,,仅作翻译审校参考；确认对应专名/军事称谓后使用，不自动替换正文；来自上一轮暂定专表，不是历史全量基线。
ナイヴス２,黑刃2,contextual,本作；详见使用限制,selected-tda00,40,provisional-selected,,仅作翻译审校参考；确认对应专名/军事称谓后使用，不自动替换正文；来自上一轮暂定专表，不是历史全量基线。
ナイヴス３,黑刃3,contextual,本作；详见使用限制,selected-tda00,41,provisional-selected,,仅作翻译审校参考；确认对应专名/军事称谓后使用，不自动替换正文；来自上一轮暂定专表，不是历史全量基线。
ナイヴス３カタパルト,黑刃3弹射器,contextual,本作；详见使用限制,selected-tda00,42,provisional-selected,,仅作翻译审校参考；确认对应专名/军事称谓后使用，不自动替换正文；来自上一轮暂定专表，不是历史全量基线。
ニミッツ,尼米兹,contextual,本作；详见使用限制,selected-tda00,43,provisional-selected,,仅作翻译审校参考；确认对应专名/军事称谓后使用，不自动替换正文；来自上一轮暂定专表，不是历史全量基线。
ハワイ,夏威夷,contextual,本作；详见使用限制,selected-tda00,44,provisional-selected,,仅作翻译审校参考；确认对应专名/军事称谓后使用，不自动替换正文；来自上一轮暂定专表，不是历史全量基线。
バスターズ,破坏者队,contextual,本作；详见使用限制,selected-tda00,45,provisional-selected,,仅作翻译审校参考；确认对应专名/军事称谓后使用，不自动替换正文；来自上一轮暂定专表，不是历史全量基线。
バスター１,破坏者1,contextual,本作；详见使用限制,selected-tda00,46,provisional-selected,,仅作翻译审校参考；确认对应专名/军事称谓后使用，不自动替换正文；来自上一轮暂定专表，不是历史全量基线。
バスター２,破坏者2,contextual,本作；详见使用限制,selected-tda00,47,provisional-selected,,仅作翻译审校参考；确认对应专名/军事称谓后使用，不自动替换正文；来自上一轮暂定专表，不是历史全量基线。
バビロン,巴比伦,contextual,本作；详见使用限制,selected-tda00,48,provisional-selected,,仅作翻译审校参考；确认对应专名/军事称谓后使用，不自动替换正文；来自上一轮暂定专表，不是历史全量基线。
バビロン作戦,巴比伦作战,contextual,本作；详见使用限制,selected-tda00,49,provisional-selected,,仅作翻译审校参考；确认对应专名/军事称谓后使用，不自动替换正文；来自上一轮暂定专表，不是历史全量基线。
ビッグマム・コンビ,Big Mom组合,contextual,本作；详见使用限制,selected-tda00,50,provisional-selected,,仅作翻译审校参考；确认对应专名/军事称谓后使用，不自动替换正文；来自上一轮暂定专表，不是历史全量基线。
ビッグ・ケネディ,大肯尼迪,contextual,本作；详见使用限制,selected-tda00,51,provisional-selected,,仅作翻译审校参考；确认对应专名/军事称谓后使用，不自动替换正文；来自上一轮暂定专表，不是历史全量基线。
ビッグ・マム２,Big Mom 2号,contextual,本作；详见使用限制,selected-tda00,52,provisional-selected,,仅作翻译审校参考；确认对应专名/军事称谓后使用，不自动替换正文；来自上一轮暂定专表，不是历史全量基线。
ビーコン,信标,contextual,本作；详见使用限制,selected-tda00,53,provisional-selected,,仅作翻译审校参考；确认对应专名/军事称谓后使用，不自动替换正文；来自上一轮暂定专表，不是历史全量基线。
ピクニック・プラン,野餐计划,contextual,本作；详见使用限制,selected-tda00,54,provisional-selected,,仅作翻译审校参考；确认对应专名/军事称谓后使用，不自动替换正文；来自上一轮暂定专表，不是历史全量基线。
フィリピン,菲律宾,contextual,本作；详见使用限制,selected-tda00,55,provisional-selected,,仅作翻译审校参考；确认对应专名/军事称谓后使用，不自动替换正文；来自上一轮暂定专表，不是历史全量基线。
フェデリカ・ベクレル,费德丽卡·贝克勒尔,contextual,本作；详见使用限制,selected-tda00,56,provisional-selected,,仅作翻译审校参考；确认对应专名/军事称谓后使用，不自动替换正文；来自上一轮暂定专表，不是历史全量基线。
フライング・ブーム作戦,飞杆作战,contextual,本作；详见使用限制,selected-tda00,57,provisional-selected,,仅作翻译审校参考；确认对应专名/军事称谓后使用，不自动替换正文；来自上一轮暂定专表，不是历史全量基线。
ブラック・ナイヴス,黑刃,contextual,本作；详见使用限制,selected-tda00,58,provisional-selected,,仅作翻译审校参考；确认对应专名/军事称谓后使用，不自动替换正文；来自上一轮暂定专表，不是历史全量基线。
ブラディ・ナイトメア,血色噩梦,contextual,本作；详见使用限制,selected-tda00,59,provisional-selected,,仅作翻译审校参考；确认对应专名/军事称谓后使用，不自动替换正文；来自上一轮暂定专表，不是历史全量基线。
ブルーオーシャン,蓝海,contextual,本作；详见使用限制,selected-tda00,60,provisional-selected,,仅作翻译审校参考；确认对应专名/军事称谓后使用，不自动替换正文；来自上一轮暂定专表，不是历史全量基线。
ブルーオーシャン作戦,蓝海作战,contextual,本作；详见使用限制,selected-tda00,61,provisional-selected,,仅作翻译审校参考；确认对应专名/军事称谓后使用，不自动替换正文；来自上一轮暂定专表，不是历史全量基线。
プランＤ,D计划,contextual,本作；详见使用限制,selected-tda00,62,provisional-selected,,仅作翻译审校参考；确认对应专名/军事称谓后使用，不自动替换正文；来自上一轮暂定专表，不是历史全量基线。
ホテル・ケネディ,肯尼迪旅馆,contextual,本作；详见使用限制,selected-tda00,63,provisional-selected,,仅作翻译审校参考；确认对应专名/军事称谓后使用，不自动替换正文；来自上一轮暂定专表，不是历史全量基线。
マクマナス中尉,麦克马纳斯中尉,contextual,本作；详见使用限制,selected-tda00,64,provisional-selected,,仅作翻译审校参考；确认对应专名/军事称谓后使用，不自动替换正文；来自上一轮暂定专表，不是历史全量基线。
マリア,玛丽亚,contextual,本作；详见使用限制,selected-tda00,65,provisional-selected,,仅作翻译审校参考；确认对应专名/军事称谓后使用，不自动替换正文；来自上一轮暂定专表，不是历史全量基线。
マルドゥーク,马尔杜克,contextual,本作；详见使用限制,selected-tda00,66,provisional-selected,,仅作翻译审校参考；确认对应专名/军事称谓后使用，不自动替换正文；来自上一轮暂定专表，不是历史全量基线。
メモリアル・デイ,阵亡将士纪念日,contextual,本作；详见使用限制,selected-tda00,67,provisional-selected,,仅作翻译审校参考；确认对应专名/军事称谓后使用，不自动替换正文；来自上一轮暂定专表，不是历史全量基线。
メルヴィナ,梅尔维娜,contextual,本作；详见使用限制,selected-tda00,68,provisional-selected,,仅作翻译审校参考；确认对应专名/军事称谓后使用，不自动替换正文；来自上一轮暂定专表，不是历史全量基线。
メルヴィナ・アードヴァニー,梅尔维娜·阿德瓦尼,contextual,本作；详见使用限制,selected-tda00,69,provisional-selected,,仅作翻译审校参考；确认对应专名/军事称谓后使用，不自动替换正文；来自上一轮暂定专表，不是历史全量基线。
モン・サン・ミシェル,圣米歇尔山,contextual,本作；详见使用限制,selected-tda00,70,provisional-selected,,仅作翻译审校参考；确认对应专名/军事称谓后使用，不自动替换正文；来自上一轮暂定专表，不是历史全量基线。
モード・オート・スペシャル,自动特殊模式,contextual,本作；详见使用限制,selected-tda00,71,provisional-selected,,仅作翻译审校参考；确认对应专名/军事称谓后使用，不自动替换正文；来自上一轮暂定专表，不是历史全量基线。
ヤンキー・ステーション,扬基站,contextual,本作；详见使用限制,selected-tda00,72,provisional-selected,,仅作翻译审校参考；确认对应专名/军事称谓后使用，不自动替换正文；来自上一轮暂定专表，不是历史全量基线。
ユーラシア,欧亚大陆,contextual,本作；详见使用限制,selected-tda00,73,provisional-selected,,仅作翻译审校参考；确认对应专名/军事称谓后使用，不自动替换正文；来自上一轮暂定专表，不是历史全量基线。
ヨコハマ,横滨,contextual,本作；详见使用限制,selected-tda00,74,provisional-selected,,仅作翻译审校参考；确认对应专名/军事称谓后使用，不自动替换正文；来自上一轮暂定专表，不是历史全量基线。
リリア,莉莉娅,contextual,本作；详见使用限制,selected-tda00,75,provisional-selected,,仅作翻译审校参考；确认对应专名/军事称谓后使用，不自动替换正文；来自上一轮暂定专表，不是历史全量基线。
リリア・シェル,莉莉娅·谢尔,contextual,本作；详见使用限制,selected-tda00,76,provisional-selected,,仅作翻译审校参考；确认对应专名/军事称谓后使用，不自动替换正文；来自上一轮暂定专表，不是历史全量基线。
リリア・シェルベリ,莉莉娅·谢尔贝里,contextual,本作；详见使用限制,selected-tda00,77,provisional-selected,,仅作翻译审校参考；确认对应专名/军事称谓后使用，不自动替换正文；来自上一轮暂定专表，不是历史全量基线。
レイジング・バスターズ,狂怒破坏者队,contextual,本作；详见使用限制,selected-tda00,78,provisional-selected,,仅作翻译审校参考；确认对应专名/军事称谓后使用，不自动替换正文；来自上一轮暂定专表，不是历史全量基线。
レナード,伦纳德,contextual,本作；详见使用限制,selected-tda00,79,provisional-selected,,仅作翻译审校参考；确认对应专名/军事称谓后使用，不自动替换正文；来自上一轮暂定专表，不是历史全量基线。
レナード・ヴァンゴーア,伦纳德·梵高尔,contextual,本作；详见使用限制,selected-tda00,80,provisional-selected,,仅作翻译审校参考；确认对应专名/军事称谓后使用，不自动替换正文；来自上一轮暂定专表，不是历史全量基线。
レベル４,第4层,contextual,本作；详见使用限制,selected-tda00,81,provisional-selected,,仅作翻译审校参考；确认对应专名/军事称谓后使用，不自动替换正文；来自上一轮暂定专表，不是历史全量基线。
ローゼンバーグ,罗森伯格,contextual,本作；详见使用限制,selected-tda00,82,provisional-selected,,仅作翻译审校参考；确认对应专名/军事称谓后使用，不自动替换正文；来自上一轮暂定专表，不是历史全量基线。
上陸部隊,登陆部队,contextual,本作；详见使用限制,selected-tda00,83,provisional-selected,,仅作翻译审校参考；确认对应专名/军事称谓后使用，不自动替换正文；来自上一轮暂定专表，不是历史全量基线。
伍長,伍长,contextual,本作；详见使用限制,selected-tda00,84,provisional-selected,,仅作翻译审校参考；确认对应专名/军事称谓后使用，不自动替换正文；来自上一轮暂定专表，不是历史全量基线。
儀杖隊,仪仗队,contextual,本作；详见使用限制,selected-tda00,85,provisional-selected,,仅作翻译审校参考；确认对应专名/军事称谓后使用，不自动替换正文；来自上一轮暂定专表，不是历史全量基线。
分遣隊,分遣队,contextual,本作；详见使用限制,selected-tda00,86,provisional-selected,,仅作翻译审校参考；确认对应专名/军事称谓后使用，不自动替换正文；来自上一轮暂定专表，不是历史全量基线。
分隊編成,分队编成,contextual,本作；详见使用限制,selected-tda00,87,provisional-selected,,仅作翻译审校参考；确认对应专名/军事称谓后使用，不自动替换正文；来自上一轮暂定专表，不是历史全量基线。
南太平洋,南太平洋,contextual,本作；详见使用限制,selected-tda00,88,provisional-selected,,仅作翻译审校参考；确认对应专名/军事称谓后使用，不自动替换正文；来自上一轮暂定专表，不是历史全量基线。
合衆国,合众国,contextual,本作；详见使用限制,selected-tda00,89,provisional-selected,,仅作翻译审校参考；确认对应专名/军事称谓后使用，不自动替换正文；来自上一轮暂定专表，不是历史全量基线。
合衆国海兵隊,合众国海军陆战队,contextual,本作；详见使用限制,selected-tda00,90,provisional-selected,,仅作翻译审校参考；确认对应专名/军事称谓后使用，不自动替换正文；来自上一轮暂定专表，不是历史全量基线。
太平洋,太平洋,contextual,本作；详见使用限制,selected-tda00,91,provisional-selected,,仅作翻译审校参考；确认对应专名/军事称谓后使用，不自动替换正文；来自上一轮暂定专表，不是历史全量基线。
弔銃隊,鸣枪队,contextual,本作；详见使用限制,selected-tda00,92,provisional-selected,,仅作翻译审校参考；确认对应专名/军事称谓后使用，不自动替换正文；来自上一轮暂定专表，不是历史全量基线。
戦術機分隊,战术机分队,contextual,本作；详见使用限制,selected-tda00,93,provisional-selected,,仅作翻译审校参考；确认对应专名/军事称谓后使用，不自动替换正文；来自上一轮暂定专表，不是历史全量基线。
戦術機小隊,战术机小队,contextual,本作；详见使用限制,selected-tda00,94,provisional-selected,,仅作翻译审校参考；确认对应专名/军事称谓后使用，不自动替换正文；来自上一轮暂定专表，不是历史全量基线。
戦術機母艦,战术机母舰,contextual,本作；详见使用限制,selected-tda00,95,provisional-selected,,仅作翻译审校参考；确认对应专名/军事称谓后使用，不自动替换正文；来自上一轮暂定专表，不是历史全量基线。
戦術機部隊,战术机部队,contextual,本作；详见使用限制,selected-tda00,96,provisional-selected,,仅作翻译审校参考；确认对应专名/军事称谓后使用，不自动替换正文；来自上一轮暂定专表，不是历史全量基线。
戦術機隊,战术机队,contextual,本作；详见使用限制,selected-tda00,97,provisional-selected,,仅作翻译审校参考；确认对应专名/军事称谓后使用，不自动替换正文；来自上一轮暂定专表，不是历史全量基线。
戦術歩行戦闘機隊,战术步行战斗机队,contextual,本作；详见使用限制,selected-tda00,98,provisional-selected,,仅作翻译审校参考；确认对应专名/军事称谓后使用，不自动替换正文；来自上一轮暂定专表，不是历史全量基线。
本艦海兵隊,本舰海军陆战队,contextual,本作；详见使用限制,selected-tda00,99,provisional-selected,,仅作翻译审校参考；确认对应专名/军事称谓后使用，不自动替换正文；来自上一轮暂定专表，不是历史全量基线。
機分隊,机分队,contextual,本作；详见使用限制,selected-tda00,100,provisional-selected,,仅作翻译审校参考；确认对应专名/军事称谓后使用，不自动替换正文；来自上一轮暂定专表，不是历史全量基线。
機械化装甲歩兵部隊,机械化装甲步兵部队,contextual,本作；详见使用限制,selected-tda00,101,provisional-selected,,仅作翻译审校参考；确认对应专名/军事称谓后使用，不自动替换正文；来自上一轮暂定专表，不是历史全量基线。
歩兵小隊,步兵小队,contextual,本作；详见使用限制,selected-tda00,102,provisional-selected,,仅作翻译审校参考；确认对应专名/军事称谓后使用，不自动替换正文；来自上一轮暂定专表，不是历史全量基线。
母艦戦術機隊,母舰战术机队,contextual,本作；详见使用限制,selected-tda00,103,provisional-selected,,仅作翻译审校参考；确认对应专名/军事称谓后使用，不自动替换正文；来自上一轮暂定专表，不是历史全量基线。
母艦打撃群司令部,母舰打击群司令部,contextual,本作；详见使用限制,selected-tda00,104,provisional-selected,,仅作翻译审校参考；确认对应专名/军事称谓后使用，不自动替换正文；来自上一轮暂定专表，不是历史全量基线。
決死隊,敢死队,contextual,本作；详见使用限制,selected-tda00,105,provisional-selected,,仅作翻译审校参考；确认对应专名/军事称谓后使用，不自动替换正文；来自上一轮暂定专表，不是历史全量基线。
海兵分遣隊,海军陆战队分遣队,contextual,本作；详见使用限制,selected-tda00,106,provisional-selected,,仅作翻译审校参考；确认对应专名/军事称谓后使用，不自动替换正文；来自上一轮暂定专表，不是历史全量基线。
海兵戦術機隊,海军陆战队战术机队,contextual,本作；详见使用限制,selected-tda00,107,provisional-selected,,仅作翻译审校参考；确认对应专名/军事称谓后使用，不自动替换正文；来自上一轮暂定专表，不是历史全量基线。
海兵隊員,海军陆战队员,contextual,本作；详见使用限制,selected-tda00,108,provisional-selected,,仅作翻译审校参考；确认对应专名/军事称谓后使用，不自动替换正文；来自上一轮暂定专表，不是历史全量基线。
海兵隊少尉,海军陆战队少尉,contextual,本作；详见使用限制,selected-tda00,109,provisional-selected,,仅作翻译审校参考；确认对应专名/军事称谓后使用，不自动替换正文；来自上一轮暂定专表，不是历史全量基线。
海兵隊歩兵小隊,海军陆战队步兵小队,contextual,本作；详见使用限制,selected-tda00,110,provisional-selected,,仅作翻译审校参考；确认对应专名/军事称谓后使用，不自动替换正文；来自上一轮暂定专表，不是历史全量基线。
海兵隊陸戦部隊,海军陆战队陆战部队,contextual,本作；详见使用限制,selected-tda00,111,provisional-selected,,仅作翻译审校参考；确认对应专名/军事称谓后使用，不自动替换正文；来自上一轮暂定专表，不是历史全量基线。
海軍戦術機部隊,海军战术机部队,contextual,本作；详见使用限制,selected-tda00,112,provisional-selected,,仅作翻译审校参考；确认对应专名/军事称谓后使用，不自动替换正文；来自上一轮暂定专表，不是历史全量基线。
海軍戦術機隊,海军战术机队,contextual,本作；详见使用限制,selected-tda00,113,provisional-selected,,仅作翻译审校参考；确认对应专名/军事称谓后使用，不自动替换正文；来自上一轮暂定专表，不是历史全量基线。
海軍補給部隊,海军补给部队,contextual,本作；详见使用限制,selected-tda00,114,provisional-selected,,仅作翻译审校参考；确认对应专名/军事称谓后使用，不自动替换正文；来自上一轮暂定专表，不是历史全量基线。
海軍駐留拠点,海军驻留据点,contextual,本作；详见使用限制,selected-tda00,115,provisional-selected,,仅作翻译审校参考；确认对应专名/军事称谓后使用，不自动替换正文；来自上一轮暂定专表，不是历史全量基线。
第３海兵連隊,第3海军陆战队团,contextual,本作；详见使用限制,selected-tda00,116,provisional-selected,,仅作翻译审校参考；确认对应专名/军事称谓后使用，不自动替换正文；来自上一轮暂定专表，不是历史全量基线。
第３１８戦術機隊,第318战术机队,contextual,本作；详见使用限制,selected-tda00,117,provisional-selected,,仅作翻译审校参考；确认对应专名/军事称谓后使用，不自动替换正文；来自上一轮暂定专表，不是历史全量基线。
第３１８海兵戦術機隊,第318海军陆战队战术机队,contextual,本作；详见使用限制,selected-tda00,118,provisional-selected,,仅作翻译审校参考；确认对应专名/军事称谓后使用，不自动替换正文；来自上一轮暂定专表，不是历史全量基线。
第５３６戦術機隊,第536战术机队,contextual,本作；详见使用限制,selected-tda00,119,provisional-selected,,仅作翻译审校参考；确认对应专名/军事称谓后使用，不自动替换正文；来自上一轮暂定专表，不是历史全量基线。
第５３６海兵戦術機隊,第536海军陆战队战术机队,contextual,本作；详见使用限制,selected-tda00,120,provisional-selected,,仅作翻译审校参考；确认对应专名/军事称谓后使用，不自动替换正文；来自上一轮暂定专表，不是历史全量基线。
米国,美国,contextual,本作；详见使用限制,selected-tda00,121,provisional-selected,,仅作翻译审校参考；确认对应专名/军事称谓后使用，不自动替换正文；来自上一轮暂定专表，不是历史全量基线。
米国人,美国人,contextual,本作；详见使用限制,selected-tda00,122,provisional-selected,,仅作翻译审校参考；确认对应专名/军事称谓后使用，不自动替换正文；来自上一轮暂定专表，不是历史全量基线。
米国海兵隊,美国海军陆战队,contextual,本作；详见使用限制,selected-tda00,123,provisional-selected,,仅作翻译审校参考；确认对应专名/军事称谓后使用，不自动替换正文；来自上一轮暂定专表，不是历史全量基线。
米国海兵隊員,美国海军陆战队员,contextual,本作；详见使用限制,selected-tda00,124,provisional-selected,,仅作翻译审校参考；确认对应专名/军事称谓后使用，不自动替换正文；来自上一轮暂定专表，不是历史全量基线。
米国軍人,美国军人,contextual,本作；详见使用限制,selected-tda00,125,provisional-selected,,仅作翻译审校参考；确认对应专名/军事称谓后使用，不自动替换正文；来自上一轮暂定专表，不是历史全量基线。
米軍,美军,contextual,本作；详见使用限制,selected-tda00,126,provisional-selected,,仅作翻译审校参考；确认对应专名/军事称谓后使用，不自动替换正文；来自上一轮暂定专表，不是历史全量基线。
米軍衛士,美军卫士,contextual,本作；详见使用限制,selected-tda00,127,provisional-selected,,仅作翻译审校参考；确认对应专名/军事称谓后使用，不自动替换正文；来自上一轮暂定专表，不是历史全量基线。
英国,英国,contextual,本作；详见使用限制,selected-tda00,128,provisional-selected,,仅作翻译审校参考；确认对应专名/军事称谓后使用，不自动替换正文；来自上一轮暂定专表，不是历史全量基线。
衛士たち,卫士们,contextual,本作；详见使用限制,selected-tda00,129,provisional-selected,,仅作翻译审校参考；确认对应专名/军事称谓后使用，不自动替换正文；来自上一轮暂定专表，不是历史全量基线。
豪州,澳洲,contextual,本作；详见使用限制,selected-tda00,130,provisional-selected,,仅作翻译审校参考；确认对应专名/军事称谓后使用，不自动替换正文；来自上一轮暂定专表，不是历史全量基线。
軍葬,军葬,contextual,本作；详见使用限制,selected-tda00,131,provisional-selected,,仅作翻译审校参考；确认对应专名/军事称谓后使用，不自动替换正文；来自上一轮暂定专表，不是历史全量基线。
部隊葬,部队葬,contextual,本作；详见使用限制,selected-tda00,132,provisional-selected,,仅作翻译审校参考；确认对应专名/军事称谓后使用，不自动替换正文；来自上一轮暂定专表，不是历史全量基线。
騎兵隊,骑兵队,contextual,本作；详见使用限制,selected-tda00,133,provisional-selected,,仅作翻译审校参考；确认对应专名/军事称谓后使用，不自动替换正文；来自上一轮暂定专表，不是历史全量基线。
Ｂ小隊,B小队,contextual,本作；详见使用限制,selected-tda00,134,provisional-selected,,仅作翻译审校参考；确认对应专名/军事称谓后使用，不自动替换正文；来自上一轮暂定专表，不是历史全量基线。
アイ・マム,是，长官,candidate,090_UAF_DAY99_02,mixed,13,unscoped,1,旧混合表；出现不等于译法正确；仅证实在本作出现；译法、单字子串及称谓语境仍需审定。
インド,印度,candidate,020_UAF_DAY91_01 / 040_UAF_DAY94_01 / 090_UAF_DAY99_03,mixed,30,unscoped,5,旧混合表；出现不等于译法正确；仅证实在本作出现；译法、单字子串及称谓语境仍需审定。
ウィル,威尔,candidate,020_UAF_DAY91_01 / 030_UAF_DAY93_01 / 040_UAF_DAY94_01 / 050_UAF_DAY95_01 / 060_UAF_DAY96_01 / 070_UAF_DAY97_01 / 080_UAF_DAY98_01 / 090_UAF_DAY99_01 / 090_UAF_DAY99_02 / 090_UAF_DAY99_03 / 100_UAF_DAY100_01,mixed,36,unscoped,861,旧混合表；出现不等于译法正确；仅证实在本作出现；译法、单字子串及称谓语境仍需审定。
ウィルバート・コリンズ,威尔伯特·柯林斯,candidate,030_UAF_DAY93_01 / 090_UAF_DAY99_01 / 090_UAF_DAY99_03,mixed,37,unscoped,6,旧混合表；出现不等于译法正确；仅证实在本作出现；译法、单字子串及称谓语境仍需审定。
ウィルバート・Ｄ・コリンズ,威尔伯特·D·柯林斯,candidate,020_UAF_DAY91_01 / 040_UAF_DAY94_01 / 050_UAF_DAY95_01,mixed,38,unscoped,3,旧混合表；出现不等于译法正确；仅证实在本作出现；译法、单字子串及称谓语境仍需审定。
ウィル・リリア,威尔·莉莉娅,candidate,040_UAF_DAY94_01 / 050_UAF_DAY95_01 / 060_UAF_DAY96_01 / 090_UAF_DAY99_01 / 090_UAF_DAY99_02 / 090_UAF_DAY99_03,mixed,39,unscoped,36,旧混合表；出现不等于译法正确；仅证实在本作出现；译法、单字子串及称谓语境仍需审定。
ウォードッグ,战犬,candidate,100_UAF_DAY100_01,mixed,45,unscoped,1,旧混合表；出现不等于译法正确；仅证实在本作出现；译法、单字子串及称谓语境仍需审定。
ウチ,我方/本舰,excluded,020_UAF_DAY91_01 / 040_UAF_DAY94_01 / 050_UAF_DAY95_01 / 070_UAF_DAY97_01 / 090_UAF_DAY99_01,mixed,49,unscoped,9,旧混合表；出现不等于译法正确；仅证实在本作出现；译法、单字子串及称谓语境仍需审定。
エリア,区域,candidate,030_UAF_DAY93_01 / 060_UAF_DAY96_01,mixed,51,unscoped,2,旧混合表；出现不等于译法正确；仅证实在本作出现；译法、单字子串及称谓语境仍需审定。
エンタープライズ,企业号,candidate,020_UAF_DAY91_01 / 040_UAF_DAY94_01,mixed,61,unscoped,3,旧混合表；出现不等于译法正确；仅证实在本作出现；译法、单字子串及称谓语境仍需审定。
オペレーター,操作员,candidate,010_UAFプロローグ / 020_UAF_DAY91_01 / 050_UAF_DAY95_01 / 060_UAF_DAY96_01 / 090_UAF_DAY99_01 / 090_UAF_DAY99_02 / 090_UAF_DAY99_03,mixed,62,unscoped,94,旧混合表；出现不等于译法正确；仅证实在本作出现；译法、单字子串及称谓语境仍需审定。
オリジナルハイヴ,原始HIVE,candidate,080_UAF_DAY98_01,mixed,63,unscoped,1,旧混合表；出现不等于译法正确；仅证实在本作出现；译法、单字子串及称谓语境仍需审定。
オーストラリア,澳大利亚,candidate,020_UAF_DAY91_01 / 030_UAF_DAY93_01 / 040_UAF_DAY94_01,mixed,66,unscoped,5,旧混合表；出现不等于译法正确；仅证实在本作出现；译法、单字子串及称谓语境仍需审定。
オールストン准将,奥尔斯顿准将,candidate,030_UAF_DAY93_01 / 060_UAF_DAY96_01 / 080_UAF_DAY98_01 / 090_UAF_DAY99_01 / 090_UAF_DAY99_02 / 090_UAF_DAY99_03,mixed,67,unscoped,126,旧混合表；出现不等于译法正确；仅证实在本作出现；译法、单字子串及称谓语境仍需审定。
オール・ナイヴス,黑刃全机,candidate,090_UAF_DAY99_01 / 090_UAF_DAY99_02 / 090_UAF_DAY99_03,mixed,68,unscoped,3,旧混合表；出现不等于译法正确；仅证实在本作出现；译法、单字子串及称谓语境仍需审定。
オール・バスターズ,破坏者全机,candidate,090_UAF_DAY99_02,mixed,69,unscoped,1,旧混合表；出现不等于译法正确；仅证实在本作出现；译法、单字子串及称谓语境仍需审定。
カタパルト,弹射器,candidate,090_UAF_DAY99_03,mixed,71,unscoped,4,旧混合表；出现不等于译法正确；仅证实在本作出现；译法、单字子串及称谓语境仍需审定。
カメラ,摄像机,candidate,020_UAF_DAY91_01,mixed,76,unscoped,2,旧混合表；出现不等于译法正确；仅证实在本作出现；译法、单字子串及称谓语境仍需审定。
キング,国王号,candidate,030_UAF_DAY93_01,mixed,83,unscoped,5,旧混合表；出现不等于译法正确；仅证实在本作出现；译法、单字子串及称谓语境仍需审定。
クソ,该死,candidate,020_UAF_DAY91_01 / 030_UAF_DAY93_01 / 040_UAF_DAY94_01 / 050_UAF_DAY95_01 / 090_UAF_DAY99_01 / 090_UAF_DAY99_02,mixed,84,unscoped,12,旧混合表；出现不等于译法正确；仅证实在本作出现；译法、单字子串及称谓语境仍需审定。
ケネディ,肯尼迪,candidate,030_UAF_DAY93_01 / 040_UAF_DAY94_01 / 060_UAF_DAY96_01,mixed,95,unscoped,5,旧混合表；出现不等于译法正确；仅证实在本作出现；译法、单字子串及称谓语境仍需审定。
ケネディ・コントロール,肯尼迪管制,candidate,020_UAF_DAY91_01,mixed,96,unscoped,2,旧混合表；出现不等于译法正确；仅证实在本作出现；译法、单字子串及称谓语境仍需审定。
ケネディ・ホテル,肯尼迪旅馆,candidate,030_UAF_DAY93_01,mixed,97,unscoped,1,旧混合表；出现不等于译法正确；仅证实在本作出现；译法、单字子串及称谓语境仍需审定。
ケーブル,电缆,candidate,020_UAF_DAY91_01,mixed,98,unscoped,2,旧混合表；出现不等于译法正确；仅证实在本作出现；译法、单字子串及称谓语境仍需审定。
ゲティスバーグ,葛底斯堡,candidate,030_UAF_DAY93_01 / 090_UAF_DAY99_01 / 090_UAF_DAY99_02 / 090_UAF_DAY99_03,mixed,100,unscoped,15,旧混合表；出现不等于译法正确；仅证实在本作出现；译法、单字子串及称谓语境仍需审定。
コスト,成本,candidate,050_UAF_DAY95_01 / 060_UAF_DAY96_01,mixed,102,unscoped,2,旧混合表；出现不等于译法正确；仅证实在本作出现；译法、单字子串及称谓语境仍需审定。
コリンズ,柯林斯,candidate,020_UAF_DAY91_01 / 040_UAF_DAY94_01 / 050_UAF_DAY95_01 / 060_UAF_DAY96_01,mixed,103,unscoped,4,旧混合表；出现不等于译法正确；仅证实在本作出现；译法、单字子串及称谓语境仍需审定。
コントロール,管制,candidate,020_UAF_DAY91_01,mixed,104,unscoped,4,旧混合表；出现不等于译法正确；仅证实在本作出现；译法、单字子串及称谓语境仍需审定。
コード８１１,代码811,candidate,090_UAF_DAY99_01,mixed,105,unscoped,1,旧混合表；出现不等于译法正确；仅证实在本作出现；译法、单字子串及称谓语境仍需审定。
ゴルフセット,高尔夫套件,candidate,090_UAF_DAY99_01 / 090_UAF_DAY99_03,mixed,106,unscoped,2,旧混合表；出现不等于译法正确；仅证实在本作出现；译法、单字子串及称谓语境仍需审定。
ゴーファー・ステート,戈弗州,candidate,030_UAF_DAY93_01 / 090_UAF_DAY99_01 / 090_UAF_DAY99_03,mixed,107,unscoped,5,旧混合表；出现不等于译法正确；仅证实在本作出现；译法、单字子串及称谓语境仍需审定。
シアトル,西雅图,candidate,020_UAF_DAY91_01 / 030_UAF_DAY93_01 / 040_UAF_DAY94_01 / 050_UAF_DAY95_01 / 060_UAF_DAY96_01,mixed,113,unscoped,9,旧混合表；出现不等于译法正确；仅证实在本作出现；译法、单字子串及称谓语境仍需审定。
シェルベリ,谢尔贝里,candidate,020_UAF_DAY91_01 / 030_UAF_DAY93_01 / 050_UAF_DAY95_01 / 060_UAF_DAY96_01 / 090_UAF_DAY99_01 / 100_UAF_DAY100_01,mixed,116,unscoped,12,旧混合表；出现不等于译法正确；仅证实在本作出现；译法、单字子串及称谓语境仍需审定。
シドニー,悉尼,candidate,030_UAF_DAY93_01 / 040_UAF_DAY94_01 / 090_UAF_DAY99_01 / 090_UAF_DAY99_02 / 090_UAF_DAY99_03,mixed,118,unscoped,23,旧混合表；出现不等于译法正确；仅证实在本作出现；译法、单字子串及称谓语境仍需审定。
ジェット,喷气,candidate,020_UAF_DAY91_01 / 050_UAF_DAY95_01,mixed,123,unscoped,2,旧混合表；出现不等于译法正确；仅证实在本作出现；译法、单字子串及称谓语境仍需审定。
ジェントル,绅士,candidate,020_UAF_DAY91_01,mixed,124,unscoped,2,旧混合表；出现不等于译法正确；仅证实在本作出现；译法、单字子串及称谓语境仍需审定。
ジョン・Ｆ・ケネディ,约翰·F·肯尼迪,candidate,020_UAF_DAY91_01 / 030_UAF_DAY93_01 / 060_UAF_DAY96_01,mixed,129,unscoped,5,旧混合表；出现不等于译法正确；仅证实在本作出现；译法、单字子串及称谓语境仍需审定。
ジョーク,玩笑,candidate,020_UAF_DAY91_01 / 060_UAF_DAY96_01,mixed,130,unscoped,2,旧混合表；出现不等于译法正确；仅证实在本作出现；译法、单字子串及称谓语境仍需审定。
ジョージ・オールストン,乔治·奥尔斯顿,candidate,030_UAF_DAY93_01 / 060_UAF_DAY96_01,mixed,131,unscoped,2,旧混合表；出现不等于译法正确；仅证实在本作出现；译法、单字子串及称谓语境仍需审定。
ジョージ・ワシントン,乔治·华盛顿,candidate,040_UAF_DAY94_01,mixed,132,unscoped,1,旧混合表；出现不等于译法正确；仅证实在本作出现；译法、单字子串及称谓语境仍需审定。
ジーン・カミンスキー,吉恩·卡明斯基,candidate,090_UAF_DAY99_03,mixed,134,unscoped,1,旧混合表；出现不等于译法正确；仅证实在本作出现；译法、单字子串及称谓语境仍需审定。
ステーション,站位,candidate,090_UAF_DAY99_02,mixed,136,unscoped,1,旧混合表；出现不等于译法正确；仅证实在本作出现；译法、单字子串及称谓语境仍需审定。
スパイク,锚钉,candidate,020_UAF_DAY91_01 / 050_UAF_DAY95_01,mixed,137,unscoped,2,旧混合表；出现不等于译法正确；仅证实在本作出现；译法、单字子串及称谓语境仍需审定。
ズムウォルト,朱姆沃尔特,candidate,030_UAF_DAY93_01,mixed,139,unscoped,2,旧混合表；出现不等于译法正确；仅证实在本作出现；译法、单字子串及称谓语境仍需审定。
センサー,传感器,candidate,090_UAF_DAY99_01,mixed,142,unscoped,1,旧混合表；出现不等于译法正确；仅证实在本作出现；译法、单字子串及称谓语境仍需审定。
ソルティ・ベース,索尔蒂基地,candidate,020_UAF_DAY91_01 / 050_UAF_DAY95_01 / 090_UAF_DAY99_01,mixed,144,unscoped,19,旧混合表；出现不等于译法正确；仅证实在本作出现；译法、单字子串及称谓语境仍需审定。
タイプ,类型,candidate,050_UAF_DAY95_01 / 060_UAF_DAY96_01,mixed,146,unscoped,2,旧混合表；出现不等于译法正确；仅证实在本作出现；译法、单字子串及称谓语境仍需审定。
ダイエット,减肥,candidate,040_UAF_DAY94_01 / 060_UAF_DAY96_01,mixed,149,unscoped,2,旧混合表；出现不等于译法正确；仅证实在本作出现；译法、单字子串及称谓语境仍需审定。
ダリル,达里尔,candidate,020_UAF_DAY91_01 / 030_UAF_DAY93_01 / 040_UAF_DAY94_01 / 050_UAF_DAY95_01 / 060_UAF_DAY96_01 / 080_UAF_DAY98_01 / 090_UAF_DAY99_01 / 090_UAF_DAY99_02 / 090_UAF_DAY99_03,mixed,150,unscoped,524,旧混合表；出现不等于译法正确；仅证实在本作出现；译法、单字子串及称谓语境仍需审定。
ダリル・マクマナス,达里尔·麦克马纳斯,candidate,090_UAF_DAY99_03,mixed,152,unscoped,1,旧混合表；出现不等于译法正确；仅证实在本作出现；译法、单字子串及称谓语境仍需审定。
テイラー大将,泰勒大将,candidate,010_UAFプロローグ,mixed,157,unscoped,9,旧混合表；出现不等于译法正确；仅证实在本作出现；译法、单字子串及称谓语境仍需审定。
テメェ,你这混蛋,candidate,090_UAF_DAY99_01 / 090_UAF_DAY99_02,mixed,159,unscoped,2,旧混合表；出现不等于译法正确；仅证实在本作出现；译法、单字子串及称谓语境仍需审定。
デポ方式,补给站方式,candidate,050_UAF_DAY95_01,mixed,162,unscoped,1,旧混合表；出现不等于译法正确；仅证实在本作出现；译法、单字子串及称谓语境仍需审定。
データベース,数据库,candidate,040_UAF_DAY94_01 / 060_UAF_DAY96_01,mixed,167,unscoped,2,旧混合表；出现不等于译法正确；仅证实在本作出现；译法、单字子串及称谓语境仍需审定。
データリンク,数据链,candidate,020_UAF_DAY91_01 / 030_UAF_DAY93_01 / 060_UAF_DAY96_01 / 090_UAF_DAY99_01 / 090_UAF_DAY99_02,mixed,168,unscoped,10,旧混合表；出现不等于译法正确；仅证实在本作出现；译法、单字子串及称谓语境仍需审定。
トラブル,麻烦,candidate,020_UAF_DAY91_01 / 060_UAF_DAY96_01,mixed,170,unscoped,2,旧混合表；出现不等于译法正确；仅证实在本作出现；译法、单字子串及称谓语境仍需审定。
ナイヴス,黑刃,candidate,020_UAF_DAY91_01 / 040_UAF_DAY94_01 / 050_UAF_DAY95_01 / 090_UAF_DAY99_01 / 090_UAF_DAY99_02 / 090_UAF_DAY99_03,mixed,178,unscoped,91,旧混合表；出现不等于译法正确；仅证实在本作出现；译法、单字子串及称谓语境仍需审定。
ナイヴス・リード,黑刃长机,candidate,020_UAF_DAY91_01 / 050_UAF_DAY95_01,mixed,179,unscoped,2,旧混合表；出现不等于译法正确；仅证实在本作出现；译法、单字子串及称谓语境仍需审定。
ナイヴス１,黑刃1,candidate,020_UAF_DAY91_01 / 090_UAF_DAY99_01 / 090_UAF_DAY99_02 / 090_UAF_DAY99_03,mixed,180,unscoped,34,旧混合表；出现不等于译法正确；仅证实在本作出现；译法、单字子串及称谓语境仍需审定。
ナイヴス２,黑刃2,candidate,020_UAF_DAY91_01 / 050_UAF_DAY95_01 / 090_UAF_DAY99_02 / 090_UAF_DAY99_03,mixed,181,unscoped,47,旧混合表；出现不等于译法正确；仅证实在本作出现；译法、单字子串及称谓语境仍需审定。
ナイヴス３,黑刃3,candidate,040_UAF_DAY94_01 / 050_UAF_DAY95_01 / 090_UAF_DAY99_01 / 090_UAF_DAY99_02 / 090_UAF_DAY99_03,mixed,182,unscoped,25,旧混合表；出现不等于译法正确；仅证实在本作出现；译法、单字子串及称谓语境仍需审定。
ナイヴス３カタパルト,黑刃3弹射器,candidate,090_UAF_DAY99_03,mixed,183,unscoped,2,旧混合表；出现不等于译法正确；仅证实在本作出现；译法、单字子串及称谓语境仍需审定。
ニミッツ,尼米兹,candidate,030_UAF_DAY93_01 / 040_UAF_DAY94_01,mixed,186,unscoped,4,旧混合表；出现不等于译法正确；仅证实在本作出现；译法、单字子串及称谓语境仍需审定。
ノー・マム,不，长官,candidate,030_UAF_DAY93_01 / 040_UAF_DAY94_01,mixed,188,unscoped,2,旧混合表；出现不等于译法正确；仅证实在本作出现；译法、单字子串及称谓语境仍需审定。
ハワイ,夏威夷,candidate,020_UAF_DAY91_01 / 030_UAF_DAY93_01 / 050_UAF_DAY95_01 / 060_UAF_DAY96_01 / 090_UAF_DAY99_03,mixed,190,unscoped,19,旧混合表；出现不等于译法正确；仅证实在本作出现；译法、单字子串及称谓语境仍需审定。
バスターズ,破坏者队,candidate,090_UAF_DAY99_01 / 090_UAF_DAY99_02,mixed,196,unscoped,6,旧混合表；出现不等于译法正确；仅证实在本作出现；译法、单字子串及称谓语境仍需审定。
バスター１,破坏者1,candidate,090_UAF_DAY99_01 / 090_UAF_DAY99_02,mixed,197,unscoped,16,旧混合表；出现不等于译法正确；仅证实在本作出现；译法、单字子串及称谓语境仍需审定。
バスター２,破坏者2,candidate,090_UAF_DAY99_02,mixed,198,unscoped,2,旧混合表；出现不等于译法正确；仅证实在本作出现；译法、单字子串及称谓语境仍需审定。
バッテリー,电池,candidate,020_UAF_DAY91_01 / 040_UAF_DAY94_01,mixed,199,unscoped,2,旧混合表；出现不等于译法正确；仅证实在本作出现；译法、单字子串及称谓语境仍需审定。
バビロン,巴比伦,candidate,010_UAFプロローグ / 030_UAF_DAY93_01 / 040_UAF_DAY94_01,mixed,201,unscoped,8,旧混合表；出现不等于译法正确；仅证实在本作出现；译法、单字子串及称谓语境仍需审定。
バビロン作戦,巴比伦作战,candidate,010_UAFプロローグ,mixed,202,unscoped,1,旧混合表；出现不等于译法正确；仅证实在本作出现；译法、单字子串及称谓语境仍需审定。
ビッグ・ケネディ,大肯尼迪,candidate,030_UAF_DAY93_01,mixed,211,unscoped,1,旧混合表；出现不等于译法正确；仅证实在本作出现；译法、单字子串及称谓语境仍需审定。
ビッグ・マム２,Big Mom 2号,candidate,050_UAF_DAY95_01,mixed,212,unscoped,1,旧混合表；出现不等于译法正确；仅证实在本作出现；译法、单字子串及称谓语境仍需审定。
ビーコン,信标,candidate,020_UAF_DAY91_01,mixed,214,unscoped,2,旧混合表；出现不等于译法正确；仅证实在本作出现；译法、单字子串及称谓语境仍需审定。
ピクニック・プラン,野餐计划,candidate,050_UAF_DAY95_01,mixed,216,unscoped,1,旧混合表；出现不等于译法正确；仅证实在本作出现；译法、单字子串及称谓语境仍需审定。
ファック,妈的,candidate,090_UAF_DAY99_01 / 090_UAF_DAY99_02,mixed,217,unscoped,3,旧混合表；出现不等于译法正确；仅证实在本作出现；译法、单字子串及称谓语境仍需审定。
フィリピン,菲律宾,candidate,030_UAF_DAY93_01 / 040_UAF_DAY94_01,mixed,221,unscoped,3,旧混合表；出现不等于译法正确；仅证实在本作出现；译法、单字子串及称谓语境仍需审定。
フェデリカ・ベクレル,费德丽卡·贝克勒尔,candidate,050_UAF_DAY95_01,mixed,226,unscoped,1,旧混合表；出现不等于译法正确；仅证实在本作出现；译法、单字子串及称谓语境仍需审定。
フライング・ブーム,飞杆,candidate,050_UAF_DAY95_01 / 060_UAF_DAY96_01,mixed,232,unscoped,5,旧混合表；出现不等于译法正确；仅证实在本作出现；译法、单字子串及称谓语境仍需审定。
フライング・ブーム作戦,飞杆作战,candidate,050_UAF_DAY95_01 / 060_UAF_DAY96_01,mixed,233,unscoped,5,旧混合表；出现不等于译法正确；仅证实在本作出现；译法、单字子串及称谓语境仍需审定。
ブラック・ナイヴス,黑刃,candidate,020_UAF_DAY91_01 / 050_UAF_DAY95_01 / 090_UAF_DAY99_02 / 090_UAF_DAY99_03 / 100_UAF_DAY100_01,mixed,250,unscoped,8,旧混合表；出现不等于译法正确；仅证实在本作出现；译法、单字子串及称谓语境仍需审定。
ブラディ・ナイトメア,血色噩梦,candidate,090_UAF_DAY99_01,mixed,252,unscoped,1,旧混合表；出现不等于译法正确；仅证实在本作出现；译法、单字子串及称谓语境仍需审定。
ブリーフィング,简报,candidate,060_UAF_DAY96_01 / 090_UAF_DAY99_01,mixed,254,unscoped,2,旧混合表；出现不等于译法正确；仅证实在本作出现；译法、单字子串及称谓语境仍需审定。
ブルーオーシャン,蓝海,candidate,030_UAF_DAY93_01 / 040_UAF_DAY94_01 / 050_UAF_DAY95_01 / 060_UAF_DAY96_01 / 080_UAF_DAY98_01,mixed,255,unscoped,11,旧混合表；出现不等于译法正确；仅证实在本作出现；译法、单字子串及称谓语境仍需审定。
ブルーオーシャン作戦,蓝海作战,candidate,030_UAF_DAY93_01 / 050_UAF_DAY95_01 / 060_UAF_DAY96_01 / 080_UAF_DAY98_01,mixed,256,unscoped,7,旧混合表；出现不等于译法正确；仅证实在本作出现；译法、单字子串及称谓语境仍需审定。
ブロック,区块,candidate,040_UAF_DAY94_01 / 060_UAF_DAY96_01,mixed,257,unscoped,4,旧混合表；出现不等于译法正确；仅证实在本作出现；译法、单字子串及称谓语境仍需审定。
プランＤ,D计划,candidate,090_UAF_DAY99_02,mixed,258,unscoped,3,旧混合表；出现不等于译法正确；仅证实在本作出现；译法、单字子串及称谓语境仍需审定。
プログラム,程序,candidate,040_UAF_DAY94_01,mixed,259,unscoped,2,旧混合表；出现不等于译法正确；仅证实在本作出现；译法、单字子串及称谓语境仍需审定。
ホテル・ケネディ,肯尼迪旅馆,candidate,040_UAF_DAY94_01,mixed,264,unscoped,1,旧混合表；出现不等于译法正确；仅证实在本作出现；译法、单字子串及称谓语境仍需审定。
マクマナス,麦克马纳斯,candidate,020_UAF_DAY91_01 / 030_UAF_DAY93_01 / 090_UAF_DAY99_01,mixed,275,unscoped,9,旧混合表；出现不等于译法正确；仅证实在本作出现；译法、单字子串及称谓语境仍需审定。
マクマナス中尉,麦克马纳斯中尉,candidate,020_UAF_DAY91_01 / 030_UAF_DAY93_01 / 090_UAF_DAY99_01,mixed,276,unscoped,9,旧混合表；出现不等于译法正确；仅证实在本作出现；译法、单字子串及称谓语境仍需审定。
マリア,玛丽亚,candidate,020_UAF_DAY91_01,mixed,279,unscoped,1,旧混合表；出现不等于译法正确；仅证实在本作出现；译法、单字子串及称谓语境仍需审定。
マルドゥーク,马尔杜克,candidate,010_UAFプロローグ,mixed,280,unscoped,4,旧混合表；出现不等于译法正确；仅证实在本作出现；译法、单字子串及称谓语境仍需审定。
ミサイル,导弹,candidate,090_UAF_DAY99_01,mixed,281,unscoped,3,旧混合表；出现不等于译法正确；仅证实在本作出现；译法、单字子串及称谓语境仍需审定。
メモリアル・デイ,阵亡将士纪念日,candidate,060_UAF_DAY96_01,mixed,284,unscoped,1,旧混合表；出现不等于译法正确；仅证实在本作出现；译法、单字子串及称谓语境仍需审定。
メルヴィナ,梅尔维娜,candidate,020_UAF_DAY91_01 / 040_UAF_DAY94_01 / 060_UAF_DAY96_01 / 070_UAF_DAY97_01 / 090_UAF_DAY99_01 / 090_UAF_DAY99_02 / 090_UAF_DAY99_03,mixed,285,unscoped,189,旧混合表；出现不等于译法正确；仅证实在本作出现；译法、单字子串及称谓语境仍需审定。
メルヴィナ・アードヴァニー,梅尔维娜·阿德瓦尼,candidate,040_UAF_DAY94_01 / 090_UAF_DAY99_03,mixed,286,unscoped,2,旧混合表；出现不等于译法正确；仅证实在本作出现；译法、单字子串及称谓语境仍需审定。
メートル,米,candidate,090_UAF_DAY99_02,mixed,288,unscoped,2,旧混合表；出现不等于译法正确；仅证实在本作出现；译法、单字子串及称谓语境仍需审定。
モットー,座右铭,candidate,040_UAF_DAY94_01 / 070_UAF_DAY97_01,mixed,289,unscoped,2,旧混合表；出现不等于译法正确；仅证实在本作出现；译法、单字子串及称谓语境仍需审定。
モン・サン・ミシェル,圣米歇尔山,candidate,040_UAF_DAY94_01,mixed,291,unscoped,1,旧混合表；出现不等于译法正确；仅证实在本作出现；译法、单字子串及称谓语境仍需审定。
モード・オート・スペシャル,自动特殊模式,candidate,090_UAF_DAY99_01,mixed,292,unscoped,1,旧混合表；出现不等于译法正确；仅证实在本作出现；译法、单字子串及称谓语境仍需审定。
ヤンキー・ステーション,扬基站,candidate,040_UAF_DAY94_01 / 060_UAF_DAY96_01,mixed,293,unscoped,2,旧混合表；出现不等于译法正确；仅证实在本作出现；译法、单字子串及称谓语境仍需审定。
ユニット,单元,candidate,090_UAF_DAY99_02 / 090_UAF_DAY99_03,mixed,295,unscoped,2,旧混合表；出现不等于译法正确；仅证实在本作出现；译法、单字子串及称谓语境仍需审定。
ユーラシア,欧亚大陆,candidate,010_UAFプロローグ / 040_UAF_DAY94_01 / 060_UAF_DAY96_01 / 070_UAF_DAY97_01 / 080_UAF_DAY98_01 / 090_UAF_DAY99_01,mixed,298,unscoped,7,旧混合表；出现不等于译法正确；仅证实在本作出现；译法、单字子串及称谓语境仍需审定。
ヨコハマ,横滨,candidate,030_UAF_DAY93_01 / 090_UAF_DAY99_01,mixed,299,unscoped,3,旧混合表；出现不等于译法正确；仅证实在本作出现；译法、单字子串及称谓语境仍需审定。
リスク,风险,candidate,050_UAF_DAY95_01,mixed,311,unscoped,2,旧混合表；出现不等于译法正确；仅证实在本作出现；译法、单字子串及称谓语境仍需审定。
リスト,名单,candidate,060_UAF_DAY96_01,mixed,312,unscoped,3,旧混合表；出现不等于译法正确；仅证实在本作出现；译法、单字子串及称谓语境仍需审定。
リソース,资源,candidate,040_UAF_DAY94_01,mixed,313,unscoped,1,旧混合表；出现不等于译法正确；仅证实在本作出现；译法、单字子串及称谓语境仍需审定。
リリア,莉莉娅,candidate,020_UAF_DAY91_01 / 030_UAF_DAY93_01 / 040_UAF_DAY94_01 / 050_UAF_DAY95_01 / 060_UAF_DAY96_01 / 070_UAF_DAY97_01 / 080_UAF_DAY98_01 / 090_UAF_DAY99_01 / 090_UAF_DAY99_02 / 090_UAF_DAY99_03 / 100_UAF_DAY100_01,mixed,316,unscoped,862,旧混合表；出现不等于译法正确；仅证实在本作出现；译法、单字子串及称谓语境仍需审定。
リリア・シェル,莉莉娅·谢尔,candidate,020_UAF_DAY91_01,mixed,317,unscoped,1,旧混合表；出现不等于译法正确；仅证实在本作出现；译法、单字子串及称谓语境仍需审定。
リリア・シェルベリ,莉莉娅·谢尔贝里,candidate,030_UAF_DAY93_01 / 040_UAF_DAY94_01 / 060_UAF_DAY96_01 / 090_UAF_DAY99_01 / 090_UAF_DAY99_03,mixed,318,unscoped,10,旧混合表；出现不等于译法正确；仅证实在本作出现；译法、单字子串及称谓语境仍需审定。
リンク,链路,candidate,020_UAF_DAY91_01 / 030_UAF_DAY93_01 / 090_UAF_DAY99_01,mixed,321,unscoped,4,旧混合表；出现不等于译法正确；仅证实在本作出现；译法、单字子串及称谓语境仍需审定。
レイジング・バスターズ,狂怒破坏者队,candidate,090_UAF_DAY99_01,mixed,327,unscoped,1,旧混合表；出现不等于译法正确；仅证实在本作出现；译法、单字子串及称谓语境仍需审定。
レナード,伦纳德,candidate,040_UAF_DAY94_01 / 060_UAF_DAY96_01 / 080_UAF_DAY98_01,mixed,330,unscoped,5,旧混合表；出现不等于译法正确；仅证实在本作出现；译法、单字子串及称谓语境仍需审定。
レベル４,第4层,candidate,040_UAF_DAY94_01 / 060_UAF_DAY96_01,mixed,332,unscoped,3,旧混合表；出现不等于译法正确；仅证实在本作出现；译法、单字子串及称谓语境仍需审定。
レーザー,激光,candidate,090_UAF_DAY99_01,mixed,334,unscoped,1,旧混合表；出现不等于译法正确；仅证实在本作出现；译法、单字子串及称谓语境仍需审定。
ロケットモーター,火箭发动机,candidate,050_UAF_DAY95_01,mixed,335,unscoped,1,旧混合表；出现不等于译法正确；仅证实在本作出现；译法、单字子串及称谓语境仍需审定。
ローカルデータベース,本地数据库,candidate,060_UAF_DAY96_01,mixed,337,unscoped,1,旧混合表；出现不等于译法正确；仅证实在本作出现；译法、单字子串及称谓语境仍需审定。
ローゼンバーグ,罗森伯格,candidate,020_UAF_DAY91_01 / 060_UAF_DAY96_01 / 080_UAF_DAY98_01,mixed,338,unscoped,3,旧混合表；出现不等于译法正确；仅证实在本作出现；译法、单字子串及称谓语境仍需审定。
一ヶ月,一个月,candidate,020_UAF_DAY91_01 / 040_UAF_DAY94_01,mixed,344,unscoped,2,旧混合表；出现不等于译法正确；仅证实在本作出现；译法、单字子串及称谓语境仍需审定。
一同,众人,candidate,030_UAF_DAY93_01 / 060_UAF_DAY96_01,mixed,345,unscoped,3,旧混合表；出现不等于译法正确；仅证实在本作出现；译法、单字子串及称谓语境仍需审定。
上陸部隊,登陆部队,candidate,030_UAF_DAY93_01 / 040_UAF_DAY94_01,mixed,350,unscoped,3,旧混合表；出现不等于译法正确；仅证实在本作出现；译法、单字子串及称谓语境仍需审定。
中尉,中尉,candidate,020_UAF_DAY91_01 / 030_UAF_DAY93_01 / 040_UAF_DAY94_01 / 050_UAF_DAY95_01 / 060_UAF_DAY96_01 / 080_UAF_DAY98_01 / 090_UAF_DAY99_01 / 090_UAF_DAY99_03,mixed,354,unscoped,40,旧混合表；出现不等于译法正确；仅证实在本作出现；译法、单字子串及称谓语境仍需审定。
中隊,中队,candidate,040_UAF_DAY94_01 / 090_UAF_DAY99_01 / 090_UAF_DAY99_02,mixed,360,unscoped,3,旧混合表；出现不等于译法正确；仅证实在本作出现；译法、单字子串及称谓语境仍需审定。
伍長,伍长,candidate,060_UAF_DAY96_01,mixed,375,unscoped,2,旧混合表；出现不等于译法正确；仅证实在本作出现；译法、单字子串及称谓语境仍需审定。
低軌道衛星,低轨道卫星,candidate,020_UAF_DAY91_01 / 030_UAF_DAY93_01 / 090_UAF_DAY99_01,mixed,376,unscoped,8,旧混合表；出现不等于译法正确；仅证实在本作出现；译法、单字子串及称谓语境仍需审定。
低軌道観測衛星,低轨道观测卫星,candidate,090_UAF_DAY99_01,mixed,377,unscoped,3,旧混合表；出现不等于译法正确；仅证实在本作出现；译法、单字子串及称谓语境仍需审定。
個中隊,个中队,candidate,040_UAF_DAY94_01 / 090_UAF_DAY99_01,mixed,380,unscoped,2,旧混合表；出现不等于译法正确；仅证实在本作出现；译法、单字子串及称谓语境仍需审定。
個小隊,个小队,candidate,030_UAF_DAY93_01 / 090_UAF_DAY99_01,mixed,381,unscoped,3,旧混合表；出现不等于译法正确；仅证实在本作出现；译法、单字子串及称谓语境仍需审定。
偵察衛星,侦察卫星,candidate,090_UAF_DAY99_01,mixed,384,unscoped,3,旧混合表；出现不等于译法正确；仅证实在本作出现；译法、单字子串及称谓语境仍需审定。
儀杖隊,仪仗队,candidate,070_UAF_DAY97_01,mixed,385,unscoped,2,旧混合表；出现不等于译法正确；仅证实在本作出现；译法、单字子串及称谓语境仍需审定。
先月,上个月,candidate,030_UAF_DAY93_01,mixed,386,unscoped,2,旧混合表；出现不等于译法正确；仅证实在本作出现；译法、单字子串及称谓语境仍需审定。
光線級,光线级,candidate,020_UAF_DAY91_01 / 060_UAF_DAY96_01 / 090_UAF_DAY99_01,mixed,387,unscoped,4,旧混合表；出现不等于译法正确；仅证实在本作出现；译法、单字子串及称谓语境仍需审定。
入隊,入队,candidate,040_UAF_DAY94_01,mixed,388,unscoped,1,旧混合表；出现不等于译法正确；仅证实在本作出现；译法、单字子串及称谓语境仍需审定。
全戦術機部隊,全战术机部队,candidate,090_UAF_DAY99_01 / 090_UAF_DAY99_02,mixed,389,unscoped,3,旧混合表；出现不等于译法正确；仅证实在本作出现；译法、单字子串及称谓语境仍需审定。
全部隊,全部队,candidate,090_UAF_DAY99_01,mixed,390,unscoped,1,旧混合表；出现不等于译法正确；仅证实在本作出现；译法、单字子串及称谓语境仍需审定。
准将,准将,candidate,030_UAF_DAY93_01 / 060_UAF_DAY96_01 / 080_UAF_DAY98_01 / 090_UAF_DAY99_01 / 090_UAF_DAY99_02 / 090_UAF_DAY99_03,mixed,396,unscoped,127,旧混合表；出现不等于译法正确；仅证实在本作出现；译法、单字子串及称谓语境仍需审定。
分遣隊,分遣队,candidate,030_UAF_DAY93_01 / 040_UAF_DAY94_01,mixed,399,unscoped,7,旧混合表；出现不等于译法正确；仅证实在本作出现；译法、单字子串及称谓语境仍需审定。
分隊編成,分队编成,candidate,060_UAF_DAY96_01,mixed,400,unscoped,3,旧混合表；出现不等于译法正确；仅证实在本作出现；译法、单字子串及称谓语境仍需审定。
南太平洋,南太平洋,candidate,020_UAF_DAY91_01 / 030_UAF_DAY93_01,mixed,417,unscoped,3,旧混合表；出现不等于译法正确；仅证实在本作出现；译法、单字子串及称谓语境仍需审定。
友軍,友军,candidate,030_UAF_DAY93_01 / 090_UAF_DAY99_01,mixed,419,unscoped,4,旧混合表；出现不等于译法正确；仅证实在本作出现；译法、单字子串及称谓语境仍需审定。
司令部,司令部,candidate,010_UAFプロローグ / 030_UAF_DAY93_01 / 040_UAF_DAY94_01 / 050_UAF_DAY95_01 / 090_UAF_DAY99_01 / 090_UAF_DAY99_02,mixed,421,unscoped,12,旧混合表；出现不等于译法正确；仅证实在本作出现；译法、单字子串及称谓语境仍需审定。
各部隊指揮官,各部队指挥官,candidate,090_UAF_DAY99_01,mixed,424,unscoped,3,旧混合表；出现不等于译法正确；仅证实在本作出现；译法、单字子串及称谓语境仍需审定。
合衆国,合众国,candidate,020_UAF_DAY91_01 / 030_UAF_DAY93_01 / 040_UAF_DAY94_01 / 050_UAF_DAY95_01 / 060_UAF_DAY96_01 / 070_UAF_DAY97_01 / 080_UAF_DAY98_01 / 090_UAF_DAY99_03 / 100_UAF_DAY100_01,mixed,425,unscoped,23,旧混合表；出现不等于译法正确；仅证实在本作出现；译法、单字子串及称谓语境仍需审定。
合衆国海兵隊,合众国海军陆战队,candidate,100_UAF_DAY100_01,mixed,426,unscoped,1,旧混合表；出现不等于译法正确；仅证实在本作出现；译法、单字子串及称谓语境仍需审定。
国連,联合国,candidate,010_UAFプロローグ / 020_UAF_DAY91_01 / 030_UAF_DAY93_01 / 040_UAF_DAY94_01 / 060_UAF_DAY96_01,mixed,434,unscoped,7,旧混合表；出现不等于译法正确；仅证实在本作出现；译法、单字子串及称谓语境仍需审定。
国連統合参謀会議,联合国联合参谋会议,candidate,010_UAFプロローグ,mixed,437,unscoped,2,旧混合表；出现不等于译法正确；仅证实在本作出现；译法、单字子串及称谓语境仍需审定。
国連軍,联合国军,candidate,020_UAF_DAY91_01 / 030_UAF_DAY93_01,mixed,438,unscoped,2,旧混合表；出现不等于译法正确；仅证实在本作出现；译法、单字子串及称谓语境仍需审定。
地上基地,地面基地,candidate,030_UAF_DAY93_01,mixed,439,unscoped,1,旧混合表；出现不等于译法正确；仅证实在本作出现；译法、单字子串及称谓语境仍需审定。
地球,地球,candidate,010_UAFプロローグ / 080_UAF_DAY98_01,mixed,440,unscoped,5,旧混合表；出现不等于译法正确；仅证实在本作出现；译法、单字子串及称谓语境仍需审定。
基地,基地,candidate,020_UAF_DAY91_01 / 030_UAF_DAY93_01,mixed,441,unscoped,3,旧混合表；出现不等于译法正确；仅证实在本作出现；译法、单字子串及称谓语境仍需审定。
声,声音,candidate,020_UAF_DAY91_01 / 040_UAF_DAY94_01 / 060_UAF_DAY96_01,mixed,443,unscoped,9,旧混合表；出现不等于译法正确；仅证实在本作出现；译法、单字子串及称谓语境仍需审定。
多分隊長,大概是队长,excluded,040_UAF_DAY94_01 / 080_UAF_DAY98_01,mixed,444,unscoped,2,旧混合表；出现不等于译法正确；仅证实在本作出现；译法、单字子串及称谓语境仍需审定。
大体作戦,大体作战,candidate,020_UAF_DAY91_01,mixed,452,unscoped,1,旧混合表；出现不等于译法正确；仅证实在本作出现；译法、单字子串及称谓语境仍需审定。
大規模作戦,大规模作战,candidate,090_UAF_DAY99_01,mixed,460,unscoped,1,旧混合表；出现不等于译法正确；仅证实在本作出现；译法、单字子串及称谓语境仍需审定。
太平洋,太平洋,candidate,020_UAF_DAY91_01 / 030_UAF_DAY93_01 / 040_UAF_DAY94_01 / 060_UAF_DAY96_01 / 070_UAF_DAY97_01,mixed,464,unscoped,8,旧混合表；出现不等于译法正确；仅证实在本作出现；译法、单字子串及称谓语境仍需审定。
女,女性,candidate,020_UAF_DAY91_01 / 030_UAF_DAY93_01 / 040_UAF_DAY94_01 / 050_UAF_DAY95_01 / 060_UAF_DAY96_01 / 090_UAF_DAY99_01 / 100_UAF_DAY100_01,mixed,465,unscoped,39,旧混合表；出现不等于译法正确；仅证实在本作出现；译法、单字子串及称谓语境仍需审定。
女の子,女孩,candidate,020_UAF_DAY91_01 / 030_UAF_DAY93_01 / 040_UAF_DAY94_01,mixed,467,unscoped,3,旧混合表；出现不等于译法正确；仅证实在本作出现；译法、单字子串及称谓语境仍需审定。
子供,孩子,candidate,040_UAF_DAY94_01,mixed,475,unscoped,1,旧混合表；出现不等于译法正确；仅证实在本作出现；译法、单字子串及称谓语境仍需审定。
小型種,小型种,candidate,090_UAF_DAY99_03,mixed,480,unscoped,1,旧混合表；出现不等于译法正确；仅证实在本作出现；译法、单字子串及称谓语境仍需审定。
小隊,小队,candidate,030_UAF_DAY93_01 / 040_UAF_DAY94_01 / 060_UAF_DAY96_01 / 070_UAF_DAY97_01 / 080_UAF_DAY98_01 / 090_UAF_DAY99_01 / 090_UAF_DAY99_02,mixed,486,unscoped,9,旧混合表；出现不等于译法正确；仅证实在本作出现；译法、单字子串及称谓语境仍需审定。
少尉,少尉,candidate,020_UAF_DAY91_01 / 030_UAF_DAY93_01 / 040_UAF_DAY94_01 / 050_UAF_DAY95_01 / 060_UAF_DAY96_01 / 070_UAF_DAY97_01 / 080_UAF_DAY98_01 / 090_UAF_DAY99_01 / 090_UAF_DAY99_03 / 100_UAF_DAY100_01,mixed,491,unscoped,80,旧混合表；出现不等于译法正确；仅证实在本作出现；译法、单字子串及称谓语境仍需审定。
市民,市民,candidate,040_UAF_DAY94_01,mixed,509,unscoped,3,旧混合表；出现不等于译法正确；仅证实在本作出现；译法、单字子串及称谓语境仍需审定。
帝国軍,帝国军,candidate,100_UAF_DAY100_01,mixed,517,unscoped,1,旧混合表；出现不等于译法正确；仅证实在本作出现；译法、单字子串及称谓语境仍需审定。
弔銃隊,鸣枪队,candidate,080_UAF_DAY98_01,mixed,528,unscoped,1,旧混合表；出现不等于译法正确；仅证实在本作出现；译法、单字子串及称谓语境仍需审定。
惑星,行星,candidate,090_UAF_DAY99_01 / 100_UAF_DAY100_01,mixed,539,unscoped,2,旧混合表；出现不等于译法正确；仅证实在本作出现；译法、单字子串及称谓语境仍需审定。
我々海兵戦術機隊,我方海军陆战队战术机队,candidate,090_UAF_DAY99_01,mixed,541,unscoped,1,旧混合表；出现不等于译法正确；仅证实在本作出现；译法、单字子串及称谓语境仍需审定。
我々海兵隊,我方海军陆战队,candidate,090_UAF_DAY99_01,mixed,542,unscoped,1,旧混合表；出现不等于译法正确；仅证实在本作出现；译法、单字子串及称谓语境仍需审定。
戦術機,战术机,candidate,020_UAF_DAY91_01 / 030_UAF_DAY93_01 / 040_UAF_DAY94_01 / 050_UAF_DAY95_01 / 060_UAF_DAY96_01 / 090_UAF_DAY99_01 / 090_UAF_DAY99_02 / 090_UAF_DAY99_03,mixed,543,unscoped,83,旧混合表；出现不等于译法正确；仅证实在本作出现；译法、单字子串及称谓语境仍需审定。
戦術機分隊,战术机分队,candidate,040_UAF_DAY94_01,mixed,544,unscoped,1,旧混合表；出现不等于译法正确；仅证实在本作出现；译法、单字子串及称谓语境仍需审定。
戦術機小隊,战术机小队,candidate,060_UAF_DAY96_01,mixed,545,unscoped,1,旧混合表；出现不等于译法正确；仅证实在本作出现；译法、单字子串及称谓语境仍需审定。
戦術機母艦,战术机母舰,candidate,020_UAF_DAY91_01 / 030_UAF_DAY93_01 / 040_UAF_DAY94_01 / 060_UAF_DAY96_01,mixed,546,unscoped,10,旧混合表；出现不等于译法正确；仅证实在本作出现；译法、单字子串及称谓语境仍需审定。
戦術機部隊,战术机部队,candidate,030_UAF_DAY93_01 / 090_UAF_DAY99_01 / 090_UAF_DAY99_02 / 090_UAF_DAY99_03,mixed,547,unscoped,18,旧混合表；出现不等于译法正确；仅证实在本作出现；译法、单字子串及称谓语境仍需审定。
戦術機隊,战术机队,candidate,020_UAF_DAY91_01 / 030_UAF_DAY93_01 / 040_UAF_DAY94_01 / 090_UAF_DAY99_01 / 090_UAF_DAY99_03,mixed,548,unscoped,13,旧混合表；出现不等于译法正确；仅证实在本作出现；译法、单字子串及称谓语境仍需审定。
戦術歩行戦闘機,战术机,candidate,020_UAF_DAY91_01 / 030_UAF_DAY93_01 / 050_UAF_DAY95_01 / 080_UAF_DAY98_01,mixed,549,unscoped,7,旧混合表；出现不等于译法正确；仅证实在本作出现；译法、单字子串及称谓语境仍需审定。
戦術歩行戦闘機隊,战术步行战斗机队,candidate,020_UAF_DAY91_01 / 030_UAF_DAY93_01 / 050_UAF_DAY95_01 / 080_UAF_DAY98_01,mixed,550,unscoped,7,旧混合表；出现不等于译法正确；仅证实在本作出现；译法、单字子串及称谓语境仍需审定。
戦車級,战车级,candidate,060_UAF_DAY96_01 / 090_UAF_DAY99_03,mixed,552,unscoped,2,旧混合表；出现不等于译法正确；仅证实在本作出现；译法、单字子串及称谓语境仍需审定。
捜索隊,搜索队,candidate,020_UAF_DAY91_01,mixed,555,unscoped,3,旧混合表；出现不等于译法正确；仅证实在本作出现；译法、单字子串及称谓语境仍需审定。
探検隊,探险队,candidate,020_UAF_DAY91_01,mixed,556,unscoped,2,旧混合表；出现不等于译法正确；仅证实在本作出现；译法、单字子串及称谓语境仍需审定。
探索部隊,探索部队,candidate,040_UAF_DAY94_01,mixed,557,unscoped,1,旧混合表；出现不等于译法正确；仅证实在本作出现；译法、单字子串及称谓语境仍需审定。
揚陸作戦,登陆作战,candidate,040_UAF_DAY94_01,mixed,558,unscoped,1,旧混合表；出现不等于译法正确；仅证实在本作出现；译法、单字子串及称谓语境仍需审定。
援軍,援军,candidate,090_UAF_DAY99_01,mixed,559,unscoped,2,旧混合表；出现不等于译法正确；仅证实在本作出现；译法、单字子串及称谓语境仍需审定。
攻略部隊,攻略部队,candidate,030_UAF_DAY93_01,mixed,563,unscoped,1,旧混合表；出现不等于译法正确；仅证实在本作出现；译法、单字子串及称谓语境仍需审定。
整備兵,整备兵,candidate,090_UAF_DAY99_01,mixed,564,unscoped,10,旧混合表；出现不等于译法正确；仅证实在本作出现；译法、单字子串及称谓语境仍需审定。
敵本隊,敌本队,candidate,090_UAF_DAY99_01,mixed,566,unscoped,1,旧混合表；出现不等于译法正确；仅证实在本作出现；译法、单字子串及称谓语境仍需审定。
日本帝国,日本帝国,candidate,040_UAF_DAY94_01 / 100_UAF_DAY100_01,mixed,579,unscoped,2,旧混合表；出现不等于译法正确；仅证实在本作出现；译法、单字子串及称谓语境仍需审定。
本国,本国,candidate,030_UAF_DAY93_01 / 040_UAF_DAY94_01 / 060_UAF_DAY96_01,mixed,593,unscoped,9,旧混合表；出现不等于译法正确；仅证实在本作出现；译法、单字子串及称谓语境仍需审定。
本艦海兵隊,本舰海军陆战队,candidate,030_UAF_DAY93_01,mixed,594,unscoped,1,旧混合表；出现不等于译法正确；仅证实在本作出现；译法、单字子串及称谓语境仍需审定。
機分隊,机分队,candidate,040_UAF_DAY94_01 / 050_UAF_DAY95_01,mixed,623,unscoped,3,旧混合表；出现不等于译法正确；仅证实在本作出现；译法、单字子串及称谓语境仍需审定。
機械化装甲歩兵部隊,机械化装甲步兵部队,candidate,090_UAF_DAY99_03,mixed,624,unscoped,1,旧混合表；出现不等于译法正确；仅证实在本作出现；译法、单字子串及称谓语境仍需审定。
歩兵小隊,步兵小队,candidate,030_UAF_DAY93_01 / 040_UAF_DAY94_01 / 070_UAF_DAY97_01 / 080_UAF_DAY98_01,mixed,628,unscoped,4,旧混合表；出现不等于译法正确；仅证实在本作出现；译法、单字子串及称谓语境仍需审定。
母艦戦術機隊,母舰战术机队,candidate,090_UAF_DAY99_01,mixed,631,unscoped,1,旧混合表；出现不等于译法正确；仅证实在本作出现；译法、单字子串及称谓语境仍需审定。
母艦打撃群司令部,母舰打击群司令部,candidate,090_UAF_DAY99_01,mixed,632,unscoped,4,旧混合表；出现不等于译法正确；仅证实在本作出现；译法、单字子串及称谓语境仍需审定。
決死隊,敢死队,candidate,030_UAF_DAY93_01,mixed,634,unscoped,1,旧混合表；出现不等于译法正确；仅证实在本作出现；译法、单字子串及称谓语境仍需审定。
海兵分遣隊,海军陆战队分遣队,candidate,040_UAF_DAY94_01,mixed,640,unscoped,1,旧混合表；出现不等于译法正确；仅证实在本作出现；译法、单字子串及称谓语境仍需审定。
海兵戦術機隊,海军陆战队战术机队,candidate,020_UAF_DAY91_01 / 090_UAF_DAY99_01 / 090_UAF_DAY99_03,mixed,641,unscoped,5,旧混合表；出现不等于译法正确；仅证实在本作出现；译法、单字子串及称谓语境仍需审定。
海兵連隊,海军陆战队团,candidate,030_UAF_DAY93_01,mixed,642,unscoped,1,旧混合表；出现不等于译法正确；仅证实在本作出现；译法、单字子串及称谓语境仍需审定。
海兵隊,海军陆战队,candidate,020_UAF_DAY91_01 / 030_UAF_DAY93_01 / 040_UAF_DAY94_01 / 050_UAF_DAY95_01 / 060_UAF_DAY96_01 / 070_UAF_DAY97_01 / 080_UAF_DAY98_01 / 090_UAF_DAY99_01 / 090_UAF_DAY99_02 / 090_UAF_DAY99_03 / 100_UAF_DAY100_01,mixed,643,unscoped,89,旧混合表；出现不等于译法正确；仅证实在本作出现；译法、单字子串及称谓语境仍需审定。
海兵隊同士,海军陆战队同僚,candidate,030_UAF_DAY93_01 / 040_UAF_DAY94_01 / 060_UAF_DAY96_01,mixed,644,unscoped,4,旧混合表；出现不等于译法正确；仅证实在本作出现；译法、单字子串及称谓语境仍需审定。
海兵隊員,海军陆战队员,candidate,020_UAF_DAY91_01 / 030_UAF_DAY93_01 / 040_UAF_DAY94_01 / 060_UAF_DAY96_01 / 070_UAF_DAY97_01 / 080_UAF_DAY98_01 / 090_UAF_DAY99_01 / 090_UAF_DAY99_02 / 090_UAF_DAY99_03,mixed,645,unscoped,26,旧混合表；出现不等于译法正确；仅证实在本作出现；译法、单字子串及称谓语境仍需审定。
海兵隊少尉,海军陆战队少尉,candidate,090_UAF_DAY99_01,mixed,646,unscoped,2,旧混合表；出现不等于译法正确；仅证实在本作出现；译法、单字子串及称谓语境仍需审定。
海兵隊歩兵小隊,海军陆战队步兵小队,candidate,080_UAF_DAY98_01,mixed,647,unscoped,1,旧混合表；出现不等于译法正确；仅证实在本作出现；译法、单字子串及称谓语境仍需审定。
海兵隊第,海军陆战队第,candidate,020_UAF_DAY91_01 / 030_UAF_DAY93_01 / 050_UAF_DAY95_01 / 080_UAF_DAY98_01,mixed,648,unscoped,9,旧混合表；出现不等于译法正确；仅证实在本作出现；译法、单字子串及称谓语境仍需审定。
海兵隊陸戦部隊,海军陆战队陆战部队,candidate,090_UAF_DAY99_01,mixed,649,unscoped,1,旧混合表；出现不等于译法正确；仅证实在本作出现；译法、单字子串及称谓语境仍需审定。
海軍,海军,candidate,020_UAF_DAY91_01 / 030_UAF_DAY93_01 / 040_UAF_DAY94_01 / 060_UAF_DAY96_01 / 070_UAF_DAY97_01 / 090_UAF_DAY99_01 / 090_UAF_DAY99_02 / 090_UAF_DAY99_03,mixed,650,unscoped,39,旧混合表；出现不等于译法正确；仅证实在本作出现；译法、单字子串及称谓语境仍需审定。
海軍側,海军方面,candidate,030_UAF_DAY93_01 / 090_UAF_DAY99_01,mixed,651,unscoped,2,旧混合表；出现不等于译法正确；仅证实在本作出现；译法、单字子串及称谓语境仍需审定。
海軍戦術機部隊,海军战术机部队,candidate,090_UAF_DAY99_01 / 090_UAF_DAY99_02,mixed,652,unscoped,3,旧混合表；出现不等于译法正确；仅证实在本作出现；译法、单字子串及称谓语境仍需审定。
海軍戦術機隊,海军战术机队,candidate,090_UAF_DAY99_01,mixed,653,unscoped,1,旧混合表；出现不等于译法正确；仅证实在本作出现；译法、单字子串及称谓语境仍需审定。
海軍補給部隊,海军补给部队,candidate,060_UAF_DAY96_01,mixed,654,unscoped,1,旧混合表；出现不等于译法正确；仅证实在本作出现；译法、单字子串及称谓语境仍需审定。
海軍駐留拠点,海军驻留据点,candidate,030_UAF_DAY93_01 / 060_UAF_DAY96_01,mixed,655,unscoped,3,旧混合表；出现不等于译法正确；仅证实在本作出现；译法、单字子串及称谓语境仍需审定。
男,男性,candidate,020_UAF_DAY91_01 / 030_UAF_DAY93_01 / 040_UAF_DAY94_01 / 050_UAF_DAY95_01 / 060_UAF_DAY96_01 / 090_UAF_DAY99_01,mixed,675,unscoped,20,旧混合表；出现不等于译法正确；仅证实在本作出现；译法、单字子串及称谓语境仍需审定。
男の子,少年,candidate,060_UAF_DAY96_01,mixed,676,unscoped,1,旧混合表；出现不等于译法正确；仅证实在本作出现；译法、单字子串及称谓语境仍需审定。
目的地,目的地,candidate,010_UAFプロローグ / 070_UAF_DAY97_01,mixed,684,unscoped,2,旧混合表；出现不等于译法正确；仅证实在本作出现；译法、单字子串及称谓语境仍需审定。
神宮司,神宫司,candidate,100_UAF_DAY100_01,mixed,706,unscoped,12,旧混合表；出现不等于译法正确；仅证实在本作出现；译法、单字子串及称谓语境仍需审定。
神宮司まりも,神宫司麻理茉,candidate,100_UAF_DAY100_01,mixed,708,unscoped,1,旧混合表；出现不等于译法正确；仅证实在本作出现；译法、单字子串及称谓语境仍需审定。
神宮司まりも少佐,神宫司麻理茉少佐,candidate,100_UAF_DAY100_01,mixed,710,unscoped,1,旧混合表；出现不等于译法正确；仅证实在本作出现；译法、单字子串及称谓语境仍需审定。
神宮司少佐,神宫司少佐,candidate,100_UAF_DAY100_01,mixed,711,unscoped,12,旧混合表；出现不等于译法正确；仅证实在本作出现；译法、单字子串及称谓语境仍需审定。
突撃砲,突击炮,candidate,090_UAF_DAY99_01,mixed,715,unscoped,2,旧混合表；出现不等于译法正确；仅证实在本作出现；译法、单字子串及称谓语境仍需审定。
突撃級,突击级,candidate,090_UAF_DAY99_01 / 090_UAF_DAY99_02 / 090_UAF_DAY99_03,mixed,716,unscoped,7,旧混合表；出现不等于译法正确；仅证实在本作出现；译法、单字子串及称谓语境仍需审定。
第三次作戦,第三次作战,candidate,030_UAF_DAY93_01,mixed,724,unscoped,2,旧混合表；出现不等于译法正确；仅证实在本作出现；译法、单字子串及称谓语境仍需审定。
第３海兵連隊,第3海军陆战队团,candidate,030_UAF_DAY93_01,mixed,726,unscoped,1,旧混合表；出现不等于译法正确；仅证实在本作出现；译法、单字子串及称谓语境仍需审定。
第３１８戦術機隊,第318战术机队,candidate,020_UAF_DAY91_01 / 030_UAF_DAY93_01 / 090_UAF_DAY99_01,mixed,727,unscoped,3,旧混合表；出现不等于译法正确；仅证实在本作出现；译法、单字子串及称谓语境仍需审定。
第３１８戦術歩行戦闘機隊,第318战术步行战斗机队,candidate,020_UAF_DAY91_01 / 050_UAF_DAY95_01 / 080_UAF_DAY98_01,mixed,728,unscoped,6,旧混合表；出现不等于译法正确；仅证实在本作出现；译法、单字子串及称谓语境仍需审定。
第３１８海兵戦術機隊,第318海军陆战队战术机队,candidate,020_UAF_DAY91_01,mixed,729,unscoped,1,旧混合表；出现不等于译法正确；仅证实在本作出现；译法、单字子串及称谓语境仍需审定。
第５３６戦術機隊,第536战术机队,candidate,040_UAF_DAY94_01,mixed,730,unscoped,1,旧混合表；出现不等于译法正确；仅证实在本作出现；译法、单字子串及称谓语境仍需审定。
第５３６戦術歩行戦闘機隊,第536战术步行战斗机队,candidate,030_UAF_DAY93_01,mixed,731,unscoped,1,旧混合表；出现不等于译法正确；仅证实在本作出现；译法、单字子串及称谓语境仍需审定。
第５３６海兵戦術機隊,第536海军陆战队战术机队,candidate,090_UAF_DAY99_01,mixed,732,unscoped,2,旧混合表；出现不等于译法正确；仅证实在本作出现；译法、单字子串及称谓语境仍需审定。
米国,美国,candidate,020_UAF_DAY91_01 / 030_UAF_DAY93_01 / 040_UAF_DAY94_01 / 050_UAF_DAY95_01 / 060_UAF_DAY96_01 / 070_UAF_DAY97_01 / 100_UAF_DAY100_01,mixed,739,unscoped,33,旧混合表；出现不等于译法正确；仅证实在本作出现；译法、单字子串及称谓语境仍需审定。
米国人,美国人,candidate,030_UAF_DAY93_01 / 040_UAF_DAY94_01 / 060_UAF_DAY96_01 / 070_UAF_DAY97_01,mixed,740,unscoped,9,旧混合表；出现不等于译法正确；仅证实在本作出现；译法、单字子串及称谓语境仍需审定。
米国海兵隊,美国海军陆战队,candidate,020_UAF_DAY91_01 / 030_UAF_DAY93_01 / 040_UAF_DAY94_01 / 050_UAF_DAY95_01 / 060_UAF_DAY96_01 / 070_UAF_DAY97_01 / 100_UAF_DAY100_01,mixed,744,unscoped,12,旧混合表；出现不等于译法正确；仅证实在本作出现；译法、单字子串及称谓语境仍需审定。
米国海兵隊員,美国海军陆战队员,candidate,020_UAF_DAY91_01 / 060_UAF_DAY96_01,mixed,745,unscoped,2,旧混合表；出现不等于译法正确；仅证实在本作出现；译法、单字子串及称谓语境仍需审定。
米国海兵隊第,美国海军陆战队第,candidate,020_UAF_DAY91_01 / 050_UAF_DAY95_01,mixed,747,unscoped,6,旧混合表；出现不等于译法正确；仅证实在本作出现；译法、单字子串及称谓语境仍需审定。
米国籍,美国国籍,candidate,040_UAF_DAY94_01,mixed,750,unscoped,2,旧混合表；出现不等于译法正确；仅证实在本作出现；译法、单字子串及称谓语境仍需审定。
米国軍人,美国军人,candidate,050_UAF_DAY95_01 / 060_UAF_DAY96_01,mixed,756,unscoped,2,旧混合表；出现不等于译法正确；仅证实在本作出现；译法、单字子串及称谓语境仍需审定。
米軍,美军,candidate,040_UAF_DAY94_01 / 090_UAF_DAY99_01,mixed,759,unscoped,6,旧混合表；出现不等于译法正确；仅证实在本作出现；译法、单字子串及称谓语境仍需审定。
米軍衛士,美军卫士,candidate,040_UAF_DAY94_01,mixed,762,unscoped,2,旧混合表；出现不等于译法正确；仅证实在本作出现；译法、单字子串及称谓语境仍需审定。
航海長,航海长,candidate,080_UAF_DAY98_01 / 090_UAF_DAY99_01 / 090_UAF_DAY99_02 / 090_UAF_DAY99_03,mixed,778,unscoped,24,旧混合表；出现不等于译法正确；仅证实在本作出现；译法、单字子串及称谓语境仍需审定。
艦長,舰长,candidate,030_UAF_DAY93_01 / 040_UAF_DAY94_01 / 060_UAF_DAY96_01 / 070_UAF_DAY97_01 / 080_UAF_DAY98_01 / 090_UAF_DAY99_01 / 090_UAF_DAY99_03,mixed,779,unscoped,31,旧混合表；出现不等于译法正确；仅证实在本作出现；译法、单字子串及称谓语境仍需审定。
艦隊,舰队,candidate,020_UAF_DAY91_01,mixed,780,unscoped,1,旧混合表；出现不等于译法正确；仅证实在本作出现；译法、单字子串及称谓语境仍需审定。
英国,英国,candidate,040_UAF_DAY94_01,mixed,781,unscoped,4,旧混合表；出现不等于译法正确；仅证实在本作出现；译法、单字子串及称谓语境仍需审定。
衛士,卫士,candidate,020_UAF_DAY91_01 / 030_UAF_DAY93_01 / 040_UAF_DAY94_01 / 050_UAF_DAY95_01 / 060_UAF_DAY96_01 / 090_UAF_DAY99_01 / 090_UAF_DAY99_03 / 100_UAF_DAY100_01,mixed,786,unscoped,29,旧混合表；出现不等于译法正确；仅证实在本作出现；译法、单字子串及称谓语境仍需审定。
衛士たち,卫士们,candidate,060_UAF_DAY96_01,mixed,788,unscoped,1,旧混合表；出现不等于译法正确；仅证实在本作出现；译法、单字子串及称谓语境仍需审定。
衛星,卫星,candidate,020_UAF_DAY91_01 / 030_UAF_DAY93_01 / 060_UAF_DAY96_01 / 090_UAF_DAY99_01,mixed,789,unscoped,36,旧混合表；出现不等于译法正确；仅证实在本作出现；译法、单字子串及称谓语境仍需审定。
要塞級,要塞级,candidate,090_UAF_DAY99_03,mixed,791,unscoped,9,旧混合表；出现不等于译法正确；仅证实在本作出现；译法、单字子串及称谓语境仍需审定。
要領,要领,candidate,050_UAF_DAY95_01 / 090_UAF_DAY99_01,mixed,793,unscoped,2,旧混合表；出现不等于译法正确；仅证实在本作出现；译法、单字子串及称谓语境仍需审定。
誘導弾,诱导弹,candidate,090_UAF_DAY99_01,mixed,795,unscoped,6,旧混合表；出现不等于译法正确；仅证实在本作出现；译法、单字子串及称谓语境仍需审定。
豪州,澳洲,candidate,040_UAF_DAY94_01 / 060_UAF_DAY96_01 / 070_UAF_DAY97_01 / 090_UAF_DAY99_01,mixed,797,unscoped,8,旧混合表；出现不等于译法正确；仅证实在本作出现；译法、单字子串及称谓语境仍需审定。
跳躍ユニット,跳跃单元,candidate,090_UAF_DAY99_02 / 090_UAF_DAY99_03,mixed,799,unscoped,2,旧混合表；出现不等于译法正确；仅证实在本作出现；译法、单字子串及称谓语境仍需审定。
軍人,军人,candidate,050_UAF_DAY95_01 / 060_UAF_DAY96_01,mixed,806,unscoped,7,旧混合表；出现不等于译法正确；仅证实在本作出现；译法、单字子串及称谓语境仍需审定。
軍医,军医,candidate,030_UAF_DAY93_01,mixed,807,unscoped,1,旧混合表；出现不等于译法正确；仅证实在本作出现；译法、单字子串及称谓语境仍需审定。
軍葬,军葬,candidate,060_UAF_DAY96_01 / 070_UAF_DAY97_01 / 080_UAF_DAY98_01,mixed,808,unscoped,3,旧混合表；出现不等于译法正确；仅证实在本作出现；译法、单字子串及称谓语境仍需审定。
軍隊,军队,candidate,060_UAF_DAY96_01 / 080_UAF_DAY98_01 / 090_UAF_DAY99_01,mixed,812,unscoped,3,旧混合表；出现不等于译法正确；仅证实在本作出现；译法、单字子串及称谓语境仍需审定。
通信可能全域部隊,通信范围内全体部队,candidate,090_UAF_DAY99_01,mixed,814,unscoped,1,旧混合表；出现不等于译法正确；仅证实在本作出现；译法、单字子串及称谓语境仍需审定。
部隊,部队,candidate,030_UAF_DAY93_01 / 040_UAF_DAY94_01 / 050_UAF_DAY95_01 / 060_UAF_DAY96_01 / 080_UAF_DAY98_01 / 090_UAF_DAY99_01 / 090_UAF_DAY99_02 / 090_UAF_DAY99_03,mixed,818,unscoped,39,旧混合表；出现不等于译法正确；仅证实在本作出现；译法、单字子串及称谓语境仍需审定。
部隊葬,部队葬,candidate,060_UAF_DAY96_01 / 080_UAF_DAY98_01,mixed,819,unscoped,4,旧混合表；出现不等于译法正确；仅证实在本作出现；译法、单字子串及称谓语境仍需审定。
陸地,陆地,candidate,020_UAF_DAY91_01 / 030_UAF_DAY93_01 / 050_UAF_DAY95_01,mixed,837,unscoped,5,旧混合表；出现不等于译法正确；仅证实在本作出现；译法、单字子串及称谓语境仍需审定。
隊員,部队成员,candidate,020_UAF_DAY91_01 / 030_UAF_DAY93_01 / 040_UAF_DAY94_01 / 060_UAF_DAY96_01 / 070_UAF_DAY97_01 / 080_UAF_DAY98_01 / 090_UAF_DAY99_01 / 090_UAF_DAY99_02 / 090_UAF_DAY99_03,mixed,839,unscoped,26,旧混合表；出现不等于译法正确；仅证实在本作出现；译法、单字子串及称谓语境仍需审定。
隊長,队长,candidate,020_UAF_DAY91_01 / 030_UAF_DAY93_01 / 040_UAF_DAY94_01 / 050_UAF_DAY95_01 / 060_UAF_DAY96_01 / 070_UAF_DAY97_01 / 080_UAF_DAY98_01 / 090_UAF_DAY99_01 / 090_UAF_DAY99_02 / 090_UAF_DAY99_03 / 100_UAF_DAY100_01,mixed,840,unscoped,82,旧混合表；出现不等于译法正确；仅证实在本作出现；译法、单字子串及称谓语境仍需审定。
集結予定地,预定集结地点,candidate,030_UAF_DAY93_01 / 060_UAF_DAY96_01,mixed,841,unscoped,2,旧混合表；出现不等于译法正确；仅证实在本作出现；译法、单字子串及称谓语境仍需审定。
静止衛星,静止卫星,candidate,020_UAF_DAY91_01 / 030_UAF_DAY93_01,mixed,843,unscoped,3,旧混合表；出现不等于译法正确；仅证实在本作出现；译法、单字子串及称谓语境仍需审定。
響,响,candidate,030_UAF_DAY93_01 / 040_UAF_DAY94_01 / 050_UAF_DAY95_01 / 060_UAF_DAY96_01 / 080_UAF_DAY98_01 / 090_UAF_DAY99_01,mixed,844,unscoped,8,旧混合表；出现不等于译法正确；仅证实在本作出现；译法、单字子串及称谓语境仍需审定。
騎兵隊,骑兵队,candidate,090_UAF_DAY99_01,mixed,858,unscoped,1,旧混合表；出现不等于译法正确；仅证实在本作出现；译法、单字子串及称谓语境仍需审定。
Ｂ小隊,B小队,candidate,090_UAF_DAY99_02,mixed,868,unscoped,1,旧混合表；出现不等于译法正确；仅证实在本作出现；译法、单字子串及称谓语境仍需审定。
ＪＦＫオペレーター,JFK操作员,candidate,020_UAF_DAY91_01 / 050_UAF_DAY95_01 / 060_UAF_DAY96_01 / 090_UAF_DAY99_01 / 090_UAF_DAY99_02 / 090_UAF_DAY99_03,mixed,869,unscoped,83,旧混合表；出现不等于译法正确；仅证实在本作出现；译法、单字子串及称谓语境仍需审定。
ＪＦＫオペレーター１,JFK操作员1,candidate,090_UAF_DAY99_01 / 090_UAF_DAY99_02 / 090_UAF_DAY99_03,mixed,870,unscoped,37,旧混合表；出现不等于译法正确；仅证实在本作出现；译法、单字子串及称谓语境仍需审定。
ＪＦＫオペレーター２,JFK操作员2,candidate,090_UAF_DAY99_01 / 090_UAF_DAY99_02 / 090_UAF_DAY99_03,mixed,871,unscoped,26,旧混合表；出现不等于译法正确；仅证实在本作出现；译法、单字子串及称谓语境仍需审定。
誘導弾,诱导弹,candidate,090_UAF_DAY99_01,legacy,2,武器术语,6,TDA fixed: do not mix with missile；仅证实在本作出现；译法、单字子串及称谓语境仍需审定。
ミサイル,导弹,candidate,090_UAF_DAY99_01,legacy,3,武器术语,3,TDA fixed: Japanese missile katakana；仅证实在本作出现；译法、单字子串及称谓语境仍需审定。
神宮司まりも,神宫司麻理茉,candidate,100_UAF_DAY100_01,legacy,43,人物,1,用户确认：TDA01-03 固定译名；仅证实在本作出现；译法、单字子串及称谓语境仍需审定。
戦術機,战术机,candidate,020_UAF_DAY91_01 / 030_UAF_DAY93_01 / 040_UAF_DAY94_01 / 050_UAF_DAY95_01 / 060_UAF_DAY96_01 / 090_UAF_DAY99_01 / 090_UAF_DAY99_02 / 090_UAF_DAY99_03,legacy,107,世界观术语,83,日本简称；仅证实在本作出现；译法、单字子串及称谓语境仍需审定。
戦術歩行戦闘機,战术机,candidate,020_UAF_DAY91_01 / 030_UAF_DAY93_01 / 050_UAF_DAY95_01 / 080_UAF_DAY98_01,legacy,108,世界观术语,7,日本全称；仅证实在本作出现；译法、单字子串及称谓语境仍需审定。
衛士,卫士,candidate,020_UAF_DAY91_01 / 030_UAF_DAY93_01 / 040_UAF_DAY94_01 / 050_UAF_DAY95_01 / 060_UAF_DAY96_01 / 090_UAF_DAY99_01 / 090_UAF_DAY99_03 / 100_UAF_DAY100_01,legacy,109,世界观术语,29,TSF pilot / surface pilot 固定译名；仅证实在本作出现；译法、单字子串及称谓语境仍需审定。
艦長,舰长,candidate,030_UAF_DAY93_01 / 040_UAF_DAY94_01 / 060_UAF_DAY96_01 / 070_UAF_DAY97_01 / 080_UAF_DAY98_01 / 090_UAF_DAY99_01 / 090_UAF_DAY99_03,legacy,212,称谓,31,军事称谓；仅证实在本作出现；译法、单字子串及称谓语境仍需审定。
バビロン作戦,巴比伦作战,candidate,010_UAFプロローグ,legacy,599,作战名,1,用户确认：不用巴比伦行动；仅证实在本作出现；译法、单字子串及称谓语境仍需审定。
シアトル,西雅图,candidate,020_UAF_DAY91_01 / 030_UAF_DAY93_01 / 040_UAF_DAY94_01 / 050_UAF_DAY95_01 / 060_UAF_DAY96_01,legacy,605,TDA,9,TDA地点；仅证实在本作出现；译法、单字子串及称谓语境仍需审定。
戦術機母艦,战术机母舰,candidate,020_UAF_DAY91_01 / 030_UAF_DAY93_01 / 040_UAF_DAY94_01 / 060_UAF_DAY96_01,legacy,616,TDA,10,舰船；仅证实在本作出现；译法、单字子串及称谓语境仍需审定。
ジョージ・オールストン,乔治·奥尔斯顿,candidate,030_UAF_DAY93_01 / 060_UAF_DAY96_01,legacy,630,TDA角色,2,Episode 00；仅证实在本作出现；译法、单字子串及称谓语境仍需审定。
ウォードッグ,战犬,candidate,100_UAF_DAY100_01,legacy,682,呼号,1,TDA专有名词固定；英文对应：Wardog / Wardogs；仅证实在本作出现；译法、单字子串及称谓语境仍需审定。
ブラック・ナイヴス,黑刀,candidate,020_UAF_DAY91_01 / 050_UAF_DAY95_01 / 090_UAF_DAY99_02 / 090_UAF_DAY99_03 / 100_UAF_DAY100_01,legacy,690,TDA部队,8,VMF-318；仅证实在本作出现；译法、单字子串及称谓语境仍需审定。
神宮司少佐,神宫司少佐,candidate,100_UAF_DAY100_01,legacy,828,人物/军衔,12,按日文原文军衔固定；仅证实在本作出现；译法、单字子串及称谓语境仍需审定。
神宮司,神宫司,candidate,100_UAF_DAY100_01,legacy,890,人物,12,姓氏；全名按神宫司麻理茉；仅证实在本作出现；译法、单字子串及称谓语境仍需审定。
米軍衛士,美军卫士,candidate,040_UAF_DAY94_01,legacy,891,世界观术语,2,米军语境下的卫士；仅证实在本作出现；译法、单字子串及称谓语境仍需审定。
Ｂ小隊,B小队,candidate,090_UAF_DAY99_02,legacy,901,TDA说话人（日文源）,1,从 TDA02/TDA03 __speakers__.egpack 的 jp 槽抽取，禁止用英文 speaker 作为原文；仅证实在本作出现；译法、单字子串及称谓语境仍需审定。
ウィル,威尔,candidate,020_UAF_DAY91_01 / 030_UAF_DAY93_01 / 040_UAF_DAY94_01 / 050_UAF_DAY95_01 / 060_UAF_DAY96_01 / 070_UAF_DAY97_01 / 080_UAF_DAY98_01 / 090_UAF_DAY99_01 / 090_UAF_DAY99_02 / 090_UAF_DAY99_03 / 100_UAF_DAY100_01,legacy,907,TDA说话人（日文源）,861,从 TDA02/TDA03 __speakers__.egpack 的 jp 槽抽取，禁止用英文 speaker 作为原文；仅证实在本作出现；译法、单字子串及称谓语境仍需审定。
オペレーター,操作员,candidate,010_UAFプロローグ / 020_UAF_DAY91_01 / 050_UAF_DAY95_01 / 060_UAF_DAY96_01 / 090_UAF_DAY99_01 / 090_UAF_DAY99_02 / 090_UAF_DAY99_03,legacy,914,TDA说话人（日文源）,94,从 TDA02/TDA03 __speakers__.egpack 的 jp 槽抽取，禁止用英文 speaker 作为原文；仅证实在本作出现；译法、单字子串及称谓语境仍需审定。
ダリル,达里尔,candidate,020_UAF_DAY91_01 / 030_UAF_DAY93_01 / 040_UAF_DAY94_01 / 050_UAF_DAY95_01 / 060_UAF_DAY96_01 / 080_UAF_DAY98_01 / 090_UAF_DAY99_01 / 090_UAF_DAY99_02 / 090_UAF_DAY99_03,legacy,925,TDA说话人（日文源）,524,从 TDA02/TDA03 __speakers__.egpack 的 jp 槽抽取，禁止用英文 speaker 作为原文；仅证实在本作出现；译法、单字子串及称谓语境仍需审定。
ナイヴス２,黑刀2,candidate,020_UAF_DAY91_01 / 050_UAF_DAY95_01 / 090_UAF_DAY99_02 / 090_UAF_DAY99_03,legacy,927,TDA说话人（日文源）,47,从 TDA02/TDA03 __speakers__.egpack 的 jp 槽抽取，禁止用英文 speaker 作为原文；仅证实在本作出现；译法、单字子串及称谓语境仍需审定。
ナイヴス３,黑刀3,candidate,040_UAF_DAY94_01 / 050_UAF_DAY95_01 / 090_UAF_DAY99_01 / 090_UAF_DAY99_02 / 090_UAF_DAY99_03,legacy,928,TDA说话人（日文源）,25,从 TDA02/TDA03 __speakers__.egpack 的 jp 槽抽取，禁止用英文 speaker 作为原文；仅证实在本作出现；译法、单字子串及称谓语境仍需审定。
マリア,玛丽亚,candidate,020_UAF_DAY91_01,legacy,956,TDA说话人（日文源）,1,从 TDA02/TDA03 __speakers__.egpack 的 jp 槽抽取，禁止用英文 speaker 作为原文；仅证实在本作出现；译法、单字子串及称谓语境仍需审定。
メルヴィナ,梅尔维娜,candidate,020_UAF_DAY91_01 / 040_UAF_DAY94_01 / 060_UAF_DAY96_01 / 070_UAF_DAY97_01 / 090_UAF_DAY99_01 / 090_UAF_DAY99_02 / 090_UAF_DAY99_03,legacy,957,TDA说话人（日文源）,189,从 TDA02/TDA03 __speakers__.egpack 的 jp 槽抽取，禁止用英文 speaker 作为原文；仅证实在本作出现；译法、单字子串及称谓语境仍需审定。
リリア,莉莉娅,candidate,020_UAF_DAY91_01 / 030_UAF_DAY93_01 / 040_UAF_DAY94_01 / 050_UAF_DAY95_01 / 060_UAF_DAY96_01 / 070_UAF_DAY97_01 / 080_UAF_DAY98_01 / 090_UAF_DAY99_01 / 090_UAF_DAY99_02 / 090_UAF_DAY99_03 / 100_UAF_DAY100_01,legacy,961,TDA说话人（日文源）,862,从 TDA02/TDA03 __speakers__.egpack 的 jp 槽抽取，禁止用英文 speaker 作为原文；仅证实在本作出现；译法、单字子串及称谓语境仍需审定。
一同,众人,candidate,030_UAF_DAY93_01 / 060_UAF_DAY96_01,legacy,965,TDA说话人（日文源）,3,从 TDA02/TDA03 __speakers__.egpack 的 jp 槽抽取，禁止用英文 speaker 作为原文；仅证实在本作出现；译法、单字子串及称谓语境仍需审定。
衛士たち,卫士们,candidate,060_UAF_DAY96_01,legacy,967,TDA说话人（日文源）,1,从 TDA02/TDA03 __speakers__.egpack 的 jp 槽抽取，禁止用英文 speaker 作为原文；仅证实在本作出现；译法、单字子串及称谓语境仍需审定。
響,响,candidate,030_UAF_DAY93_01 / 040_UAF_DAY94_01 / 050_UAF_DAY95_01 / 060_UAF_DAY96_01 / 080_UAF_DAY98_01 / 090_UAF_DAY99_01,legacy,977,TDA说话人（日文源）,8,从 TDA02/TDA03 __speakers__.egpack 的 jp 槽抽取，禁止用英文 speaker 作为原文；仅证实在本作出现；译法、单字子串及称谓语境仍需审定。
伍長,伍长,candidate,060_UAF_DAY96_01,legacy,988,TDA说话人（日文源）,2,从 TDA02/TDA03 __speakers__.egpack 的 jp 槽抽取，禁止用英文 speaker 作为原文；仅证实在本作出现；译法、单字子串及称谓语境仍需审定。
子供,孩子,candidate,040_UAF_DAY94_01,legacy,997,TDA说话人（日文源）,1,从 TDA02/TDA03 __speakers__.egpack 的 jp 槽抽取，禁止用英文 speaker 作为原文；仅证实在本作出现；译法、单字子串及称谓语境仍需审定。
市民,市民,candidate,040_UAF_DAY94_01,legacy,998,TDA说话人（日文源）,3,从 TDA02/TDA03 __speakers__.egpack 的 jp 槽抽取，禁止用英文 speaker 作为原文；仅证实在本作出现；译法、单字子串及称谓语境仍需审定。
女,女性,candidate,020_UAF_DAY91_01 / 030_UAF_DAY93_01 / 040_UAF_DAY94_01 / 050_UAF_DAY95_01 / 060_UAF_DAY96_01 / 090_UAF_DAY99_01 / 100_UAF_DAY100_01,legacy,1009,TDA说话人（日文源）,39,从 TDA02/TDA03 __speakers__.egpack 的 jp 槽抽取，禁止用英文 speaker 作为原文；仅证实在本作出现；译法、单字子串及称谓语境仍需审定。
女の子,女孩,candidate,020_UAF_DAY91_01 / 030_UAF_DAY93_01 / 040_UAF_DAY94_01,legacy,1010,TDA说话人（日文源）,3,从 TDA02/TDA03 __speakers__.egpack 的 jp 槽抽取，禁止用英文 speaker 作为原文；仅证实在本作出现；译法、单字子串及称谓语境仍需审定。
声,声音,candidate,020_UAF_DAY91_01 / 040_UAF_DAY94_01 / 060_UAF_DAY96_01,legacy,1026,TDA说话人（日文源）,9,从 TDA02/TDA03 __speakers__.egpack 的 jp 槽抽取，禁止用英文 speaker 作为原文；仅证实在本作出现；译法、单字子串及称谓语境仍需审定。
隊員,队员,candidate,020_UAF_DAY91_01 / 030_UAF_DAY93_01 / 040_UAF_DAY94_01 / 060_UAF_DAY96_01 / 070_UAF_DAY97_01 / 080_UAF_DAY98_01 / 090_UAF_DAY99_01 / 090_UAF_DAY99_02 / 090_UAF_DAY99_03,legacy,1032,TDA说话人（日文源）,26,从 TDA02/TDA03 __speakers__.egpack 的 jp 槽抽取，禁止用英文 speaker 作为原文；仅证实在本作出现；译法、单字子串及称谓语境仍需审定。
隊長,队长,candidate,020_UAF_DAY91_01 / 030_UAF_DAY93_01 / 040_UAF_DAY94_01 / 050_UAF_DAY95_01 / 060_UAF_DAY96_01 / 070_UAF_DAY97_01 / 080_UAF_DAY98_01 / 090_UAF_DAY99_01 / 090_UAF_DAY99_02 / 090_UAF_DAY99_03 / 100_UAF_DAY100_01,legacy,1033,TDA说话人（日文源）,82,从 TDA02/TDA03 __speakers__.egpack 的 jp 槽抽取，禁止用英文 speaker 作为原文；仅证实在本作出现；译法、单字子串及称谓语境仍需审定。
男,男性,candidate,020_UAF_DAY91_01 / 030_UAF_DAY93_01 / 040_UAF_DAY94_01 / 050_UAF_DAY95_01 / 060_UAF_DAY96_01 / 090_UAF_DAY99_01,legacy,1038,TDA说话人（日文源）,20,从 TDA02/TDA03 __speakers__.egpack 的 jp 槽抽取，禁止用英文 speaker 作为原文；仅证实在本作出现；译法、单字子串及称谓语境仍需审定。
男の子,少年,candidate,060_UAF_DAY96_01,legacy,1039,TDA说话人（日文源）,1,从 TDA02/TDA03 __speakers__.egpack 的 jp 槽抽取，禁止用英文 speaker 作为原文；仅证实在本作出现；译法、单字子串及称谓语境仍需审定。
ナイヴス,黑刃,candidate,020_UAF_DAY91_01 / 040_UAF_DAY94_01 / 050_UAF_DAY95_01 / 090_UAF_DAY99_01 / 090_UAF_DAY99_02 / 090_UAF_DAY99_03,legacy,1094,呼号,91,TDA专有名词固定；英文对应：Knives；仅证实在本作出现；译法、单字子串及称谓语境仍需审定。
ＪＦＫ,JFK,candidate,020_UAF_DAY91_01 / 030_UAF_DAY93_01 / 040_UAF_DAY94_01 / 050_UAF_DAY95_01 / 060_UAF_DAY96_01 / 070_UAF_DAY97_01 / 080_UAF_DAY98_01 / 090_UAF_DAY99_01 / 090_UAF_DAY99_02 / 090_UAF_DAY99_03 / 100_UAF_DAY100_01,legacy,1106,舰名/作战相关,135,TDA专有名词固定；英文对应：JFK；仅证实在本作出现；译法、单字子串及称谓语境仍需审定。
ゴルフセット,高尔夫套件,candidate,090_UAF_DAY99_01 / 090_UAF_DAY99_03,legacy,1118,代号,2,TDA00 user decision 20260620; appears around reactor compartment objective；仅证实在本作出现；译法、单字子串及称谓语境仍需审定。
デポ方式,补给站方式,candidate,050_UAF_DAY95_01,legacy,1119,军事/后勤术语,1,TDA00 context: relay/search plan uses coastline supply containers as depots；仅证实在本作出现；译法、单字子串及称谓语境仍需审定。
フライング・ブーム作戦,飞杆作战,candidate,050_UAF_DAY95_01 / 060_UAF_DAY96_01,legacy,1120,作战名,5,TDA00 user-facing Chinese term; avoid raw literal 飞行吊杆；仅证实在本作出现；译法、单字子串及称谓语境仍需审定。
フライング・ブーム,飞杆,candidate,050_UAF_DAY95_01 / 060_UAF_DAY96_01,legacy,1121,军事/作战名构成,5,TDA00 operation-name component；仅证实在本作出现；译法、单字子串及称谓语境仍需审定。
神宮司まりも,神宫司麻理茉,candidate,100_UAF_DAY100_01,legacy-tsv,81,unclassified,1,旧 TSV 专名词库；不能按文件名认定全系列通用；仅证实在本作出现；译法、单字子串及称谓语境仍需审定。
リリア・シェルベリ,莉莉娅·谢尔贝里,candidate,030_UAF_DAY93_01 / 040_UAF_DAY94_01 / 060_UAF_DAY96_01 / 090_UAF_DAY99_01 / 090_UAF_DAY99_03,legacy-tsv,254,unclassified,10,旧 TSV 专名词库；不能按文件名认定全系列通用；仅证实在本作出现；译法、单字子串及称谓语境仍需审定。
戦術歩行戦闘機,战术机,candidate,020_UAF_DAY91_01 / 030_UAF_DAY93_01 / 050_UAF_DAY95_01 / 080_UAF_DAY98_01,legacy-tsv,256,unclassified,7,旧 TSV 专名词库；不能按文件名认定全系列通用；仅证实在本作出现；译法、单字子串及称谓语境仍需审定。
戦術機,战术机,candidate,020_UAF_DAY91_01 / 030_UAF_DAY93_01 / 040_UAF_DAY94_01 / 050_UAF_DAY95_01 / 060_UAF_DAY96_01 / 090_UAF_DAY99_01 / 090_UAF_DAY99_02 / 090_UAF_DAY99_03,legacy-tsv,257,unclassified,83,旧 TSV 专名词库；不能按文件名认定全系列通用；仅证实在本作出现；译法、单字子串及称谓语境仍需审定。
衛士,卫士,candidate,020_UAF_DAY91_01 / 030_UAF_DAY93_01 / 040_UAF_DAY94_01 / 050_UAF_DAY95_01 / 060_UAF_DAY96_01 / 090_UAF_DAY99_01 / 090_UAF_DAY99_03 / 100_UAF_DAY100_01,legacy-tsv,261,unclassified,29,旧 TSV 专名词库；不能按文件名认定全系列通用；仅证实在本作出现；译法、单字子串及称谓语境仍需审定。
ハイヴ,HIVE,candidate,030_UAF_DAY93_01 / 060_UAF_DAY96_01 / 080_UAF_DAY98_01 / 090_UAF_DAY99_01,legacy-tsv,266,unclassified,8,旧 TSV 专名词库；不能按文件名认定全系列通用；仅证实在本作出现；译法、单字子串及称谓语境仍需审定。
オリジナルハイヴ,原始HIVE,candidate,080_UAF_DAY98_01,legacy-tsv,269,unclassified,1,旧 TSV 专名词库；不能按文件名认定全系列通用；仅证实在本作出现；译法、单字子串及称谓语境仍需审定。
国連軍,联合国军,candidate,020_UAF_DAY91_01 / 030_UAF_DAY93_01,legacy-tsv,277,unclassified,2,旧 TSV 专名词库；不能按文件名认定全系列通用；仅证实在本作出现；译法、单字子串及称谓语境仍需审定。
帝国軍,帝国军,candidate,100_UAF_DAY100_01,legacy-tsv,280,unclassified,1,旧 TSV 专名词库；不能按文件名认定全系列通用；仅证实在本作出现；译法、单字子串及称谓语境仍需审定。
日本帝国,日本帝国,candidate,040_UAF_DAY94_01 / 100_UAF_DAY100_01,legacy-tsv,287,unclassified,2,旧 TSV 专名词库；不能按文件名认定全系列通用；仅证实在本作出现；译法、单字子串及称谓语境仍需审定。
米国,美国,candidate,020_UAF_DAY91_01 / 030_UAF_DAY93_01 / 040_UAF_DAY94_01 / 050_UAF_DAY95_01 / 060_UAF_DAY96_01 / 070_UAF_DAY97_01 / 100_UAF_DAY100_01,legacy-tsv,289,unclassified,33,旧 TSV 专名词库；不能按文件名认定全系列通用；仅证实在本作出现；译法、单字子串及称谓语境仍需审定。
光線級,光线级,candidate,020_UAF_DAY91_01 / 060_UAF_DAY96_01 / 090_UAF_DAY99_01,legacy-tsv,343,unclassified,4,旧 TSV 专名词库；不能按文件名认定全系列通用；仅证实在本作出现；译法、单字子串及称谓语境仍需审定。
要塞級,要塞级,candidate,090_UAF_DAY99_03,legacy-tsv,347,unclassified,9,旧 TSV 专名词库；不能按文件名认定全系列通用；仅证实在本作出现；译法、单字子串及称谓语境仍需审定。
突撃級,突击级,candidate,090_UAF_DAY99_01 / 090_UAF_DAY99_02 / 090_UAF_DAY99_03,legacy-tsv,349,unclassified,7,旧 TSV 专名词库；不能按文件名认定全系列通用；仅证实在本作出现；译法、单字子串及称谓语境仍需审定。
戦車級,战车级,candidate,060_UAF_DAY96_01 / 090_UAF_DAY99_03,legacy-tsv,353,unclassified,2,旧 TSV 专名词库；不能按文件名认定全系列通用；仅证实在本作出现；译法、单字子串及称谓语境仍需审定。
小型種,小型种,candidate,090_UAF_DAY99_03,legacy-tsv,359,unclassified,1,旧 TSV 专名词库；不能按文件名认定全系列通用；仅证实在本作出现；译法、单字子串及称谓语境仍需审定。
突撃砲,突击炮,candidate,090_UAF_DAY99_01,legacy-tsv,474,unclassified,2,旧 TSV 专名词库；不能按文件名认定全系列通用；仅证实在本作出现；译法、单字子串及称谓语境仍需审定。
跳躍ユニット,跳跃单元,candidate,090_UAF_DAY99_02 / 090_UAF_DAY99_03,legacy-tsv,480,unclassified,2,旧 TSV 专名词库；不能按文件名认定全系列通用；仅证实在本作出现；译法、单字子串及称谓语境仍需审定。
艦長,舰长,candidate,030_UAF_DAY93_01 / 040_UAF_DAY94_01 / 060_UAF_DAY96_01 / 070_UAF_DAY97_01 / 080_UAF_DAY98_01 / 090_UAF_DAY99_01 / 090_UAF_DAY99_03,legacy-tsv,521,unclassified,31,旧 TSV 专名词库；不能按文件名认定全系列通用；仅证实在本作出现；译法、单字子串及称谓语境仍需审定。
バビロン作戦,巴比伦作战,candidate,010_UAFプロローグ,legacy-tsv,903,unclassified,1,旧 TSV 专名词库；不能按文件名认定全系列通用；仅证实在本作出现；译法、单字子串及称谓语境仍需审定。
シアトル,西雅图,candidate,020_UAF_DAY91_01 / 030_UAF_DAY93_01 / 040_UAF_DAY94_01 / 050_UAF_DAY95_01 / 060_UAF_DAY96_01,legacy-tsv,908,unclassified,9,旧 TSV 专名词库；不能按文件名认定全系列通用；仅证实在本作出现；译法、单字子串及称谓语境仍需审定。
戦術機母艦,战术机母舰,candidate,020_UAF_DAY91_01 / 030_UAF_DAY93_01 / 040_UAF_DAY94_01 / 060_UAF_DAY96_01,legacy-tsv,919,unclassified,10,旧 TSV 专名词库；不能按文件名认定全系列通用；仅证实在本作出现；译法、单字子串及称谓语境仍需审定。
ジョージ・オールストン,乔治·奥尔斯顿,candidate,030_UAF_DAY93_01 / 060_UAF_DAY96_01,legacy-tsv,933,unclassified,2,旧 TSV 专名词库；不能按文件名认定全系列通用；仅证实在本作出现；译法、单字子串及称谓语境仍需审定。
ウォードッグ,战犬,candidate,100_UAF_DAY100_01,legacy-tsv,983,unclassified,1,旧 TSV 专名词库；不能按文件名认定全系列通用；仅证实在本作出现；译法、单字子串及称谓语境仍需审定。
ブラック・ナイヴス,黑刀,candidate,020_UAF_DAY91_01 / 050_UAF_DAY95_01 / 090_UAF_DAY99_02 / 090_UAF_DAY99_03 / 100_UAF_DAY100_01,legacy-tsv,991,unclassified,8,旧 TSV 专名词库；不能按文件名认定全系列通用；仅证实在本作出现；译法、单字子串及称谓语境仍需审定。
神宮司少佐,神宫司少佐,candidate,100_UAF_DAY100_01,legacy-tsv,1129,unclassified,12,旧 TSV 专名词库；不能按文件名认定全系列通用；仅证实在本作出现；译法、单字子串及称谓语境仍需审定。
神宮司まりも少佐,神宫司麻理茉少佐,candidate,100_UAF_DAY100_01,legacy-tsv,1547,unclassified,1,旧 TSV 专名词库；不能按文件名认定全系列通用；仅证实在本作出现；译法、单字子串及称谓语境仍需审定。
神宮司,神宫司,candidate,100_UAF_DAY100_01,legacy-tsv,1965,unclassified,12,旧 TSV 专名词库；不能按文件名认定全系列通用；仅证实在本作出现；译法、单字子串及称谓语境仍需审定。
米軍衛士,美军卫士,candidate,040_UAF_DAY94_01,legacy-tsv,1966,unclassified,2,旧 TSV 专名词库；不能按文件名认定全系列通用；仅证实在本作出现；译法、单字子串及称谓语境仍需审定。
Ｂ小隊,B小队,candidate,090_UAF_DAY99_02,legacy-tsv,1976,unclassified,1,旧 TSV 专名词库；不能按文件名认定全系列通用；仅证实在本作出现；译法、单字子串及称谓语境仍需审定。
ウィル,威尔,candidate,020_UAF_DAY91_01 / 030_UAF_DAY93_01 / 040_UAF_DAY94_01 / 050_UAF_DAY95_01 / 060_UAF_DAY96_01 / 070_UAF_DAY97_01 / 080_UAF_DAY98_01 / 090_UAF_DAY99_01 / 090_UAF_DAY99_02 / 090_UAF_DAY99_03 / 100_UAF_DAY100_01,legacy-tsv,1982,unclassified,861,旧 TSV 专名词库；不能按文件名认定全系列通用；仅证实在本作出现；译法、单字子串及称谓语境仍需审定。
オペレーター,操作员,candidate,010_UAFプロローグ / 020_UAF_DAY91_01 / 050_UAF_DAY95_01 / 060_UAF_DAY96_01 / 090_UAF_DAY99_01 / 090_UAF_DAY99_02 / 090_UAF_DAY99_03,legacy-tsv,1989,unclassified,94,旧 TSV 专名词库；不能按文件名认定全系列通用；仅证实在本作出现；译法、单字子串及称谓语境仍需审定。
ダリル,达里尔,candidate,020_UAF_DAY91_01 / 030_UAF_DAY93_01 / 040_UAF_DAY94_01 / 050_UAF_DAY95_01 / 060_UAF_DAY96_01 / 080_UAF_DAY98_01 / 090_UAF_DAY99_01 / 090_UAF_DAY99_02 / 090_UAF_DAY99_03,legacy-tsv,2000,unclassified,524,旧 TSV 专名词库；不能按文件名认定全系列通用；仅证实在本作出现；译法、单字子串及称谓语境仍需审定。
ナイヴス２,黑刀2,candidate,020_UAF_DAY91_01 / 050_UAF_DAY95_01 / 090_UAF_DAY99_02 / 090_UAF_DAY99_03,legacy-tsv,2002,unclassified,47,旧 TSV 专名词库；不能按文件名认定全系列通用；仅证实在本作出现；译法、单字子串及称谓语境仍需审定。
ナイヴス３,黑刀3,candidate,040_UAF_DAY94_01 / 050_UAF_DAY95_01 / 090_UAF_DAY99_01 / 090_UAF_DAY99_02 / 090_UAF_DAY99_03,legacy-tsv,2003,unclassified,25,旧 TSV 专名词库；不能按文件名认定全系列通用；仅证实在本作出现；译法、单字子串及称谓语境仍需审定。
マリア,玛丽亚,candidate,020_UAF_DAY91_01,legacy-tsv,2031,unclassified,1,旧 TSV 专名词库；不能按文件名认定全系列通用；仅证实在本作出现；译法、单字子串及称谓语境仍需审定。
メルヴィナ,梅尔维娜,candidate,020_UAF_DAY91_01 / 040_UAF_DAY94_01 / 060_UAF_DAY96_01 / 070_UAF_DAY97_01 / 090_UAF_DAY99_01 / 090_UAF_DAY99_02 / 090_UAF_DAY99_03,legacy-tsv,2032,unclassified,189,旧 TSV 专名词库；不能按文件名认定全系列通用；仅证实在本作出现；译法、单字子串及称谓语境仍需审定。
リリア,莉莉娅,candidate,020_UAF_DAY91_01 / 030_UAF_DAY93_01 / 040_UAF_DAY94_01 / 050_UAF_DAY95_01 / 060_UAF_DAY96_01 / 070_UAF_DAY97_01 / 080_UAF_DAY98_01 / 090_UAF_DAY99_01 / 090_UAF_DAY99_02 / 090_UAF_DAY99_03 / 100_UAF_DAY100_01,legacy-tsv,2036,unclassified,862,旧 TSV 专名词库；不能按文件名认定全系列通用；仅证实在本作出现；译法、单字子串及称谓语境仍需审定。
一同,众人,candidate,030_UAF_DAY93_01 / 060_UAF_DAY96_01,legacy-tsv,2040,unclassified,3,旧 TSV 专名词库；不能按文件名认定全系列通用；仅证实在本作出现；译法、单字子串及称谓语境仍需审定。
衛士たち,卫士们,candidate,060_UAF_DAY96_01,legacy-tsv,2042,unclassified,1,旧 TSV 专名词库；不能按文件名认定全系列通用；仅证实在本作出现；译法、单字子串及称谓语境仍需审定。
響,响,candidate,030_UAF_DAY93_01 / 040_UAF_DAY94_01 / 050_UAF_DAY95_01 / 060_UAF_DAY96_01 / 080_UAF_DAY98_01 / 090_UAF_DAY99_01,legacy-tsv,2052,unclassified,8,旧 TSV 专名词库；不能按文件名认定全系列通用；仅证实在本作出现；译法、单字子串及称谓语境仍需审定。
伍長,伍长,candidate,060_UAF_DAY96_01,legacy-tsv,2063,unclassified,2,旧 TSV 专名词库；不能按文件名认定全系列通用；仅证实在本作出现；译法、单字子串及称谓语境仍需审定。
子供,孩子,candidate,040_UAF_DAY94_01,legacy-tsv,2072,unclassified,1,旧 TSV 专名词库；不能按文件名认定全系列通用；仅证实在本作出现；译法、单字子串及称谓语境仍需审定。
市民,市民,candidate,040_UAF_DAY94_01,legacy-tsv,2073,unclassified,3,旧 TSV 专名词库；不能按文件名认定全系列通用；仅证实在本作出现；译法、单字子串及称谓语境仍需审定。
女,女性,candidate,020_UAF_DAY91_01 / 030_UAF_DAY93_01 / 040_UAF_DAY94_01 / 050_UAF_DAY95_01 / 060_UAF_DAY96_01 / 090_UAF_DAY99_01 / 100_UAF_DAY100_01,legacy-tsv,2083,unclassified,39,旧 TSV 专名词库；不能按文件名认定全系列通用；仅证实在本作出现；译法、单字子串及称谓语境仍需审定。
女の子,女孩,candidate,020_UAF_DAY91_01 / 030_UAF_DAY93_01 / 040_UAF_DAY94_01,legacy-tsv,2084,unclassified,3,旧 TSV 专名词库；不能按文件名认定全系列通用；仅证实在本作出现；译法、单字子串及称谓语境仍需审定。
声,声音,candidate,020_UAF_DAY91_01 / 040_UAF_DAY94_01 / 060_UAF_DAY96_01,legacy-tsv,2100,unclassified,9,旧 TSV 专名词库；不能按文件名认定全系列通用；仅证实在本作出现；译法、单字子串及称谓语境仍需审定。
隊員,队员,candidate,020_UAF_DAY91_01 / 030_UAF_DAY93_01 / 040_UAF_DAY94_01 / 060_UAF_DAY96_01 / 070_UAF_DAY97_01 / 080_UAF_DAY98_01 / 090_UAF_DAY99_01 / 090_UAF_DAY99_02 / 090_UAF_DAY99_03,legacy-tsv,2106,unclassified,26,旧 TSV 专名词库；不能按文件名认定全系列通用；仅证实在本作出现；译法、单字子串及称谓语境仍需审定。
隊長,队长,candidate,020_UAF_DAY91_01 / 030_UAF_DAY93_01 / 040_UAF_DAY94_01 / 050_UAF_DAY95_01 / 060_UAF_DAY96_01 / 070_UAF_DAY97_01 / 080_UAF_DAY98_01 / 090_UAF_DAY99_01 / 090_UAF_DAY99_02 / 090_UAF_DAY99_03 / 100_UAF_DAY100_01,legacy-tsv,2107,unclassified,82,旧 TSV 专名词库；不能按文件名认定全系列通用；仅证实在本作出现；译法、单字子串及称谓语境仍需审定。
男,男性,candidate,020_UAF_DAY91_01 / 030_UAF_DAY93_01 / 040_UAF_DAY94_01 / 050_UAF_DAY95_01 / 060_UAF_DAY96_01 / 090_UAF_DAY99_01,legacy-tsv,2112,unclassified,20,旧 TSV 专名词库；不能按文件名认定全系列通用；仅证实在本作出现；译法、单字子串及称谓语境仍需审定。
男の子,少年,candidate,060_UAF_DAY96_01,legacy-tsv,2113,unclassified,1,旧 TSV 专名词库；不能按文件名认定全系列通用；仅证实在本作出现；译法、单字子串及称谓语境仍需审定。
ナイヴス,黑刃,candidate,020_UAF_DAY91_01 / 040_UAF_DAY94_01 / 050_UAF_DAY95_01 / 090_UAF_DAY99_01 / 090_UAF_DAY99_02 / 090_UAF_DAY99_03,legacy-tsv,2168,unclassified,91,旧 TSV 专名词库；不能按文件名认定全系列通用；仅证实在本作出现；译法、单字子串及称谓语境仍需审定。
ＪＦＫ,JFK,candidate,020_UAF_DAY91_01 / 030_UAF_DAY93_01 / 040_UAF_DAY94_01 / 050_UAF_DAY95_01 / 060_UAF_DAY96_01 / 070_UAF_DAY97_01 / 080_UAF_DAY98_01 / 090_UAF_DAY99_01 / 090_UAF_DAY99_02 / 090_UAF_DAY99_03 / 100_UAF_DAY100_01,legacy-tsv,2179,unclassified,135,旧 TSV 专名词库；不能按文件名认定全系列通用；仅证实在本作出现；译法、单字子串及称谓语境仍需审定。
ゴルフセット,高尔夫套件,candidate,090_UAF_DAY99_01 / 090_UAF_DAY99_03,legacy-tsv,2191,unclassified,2,旧 TSV 专名词库；不能按文件名认定全系列通用；仅证实在本作出现；译法、单字子串及称谓语境仍需审定。
デポ方式,补给站方式,candidate,050_UAF_DAY95_01,legacy-tsv,2192,unclassified,1,旧 TSV 专名词库；不能按文件名认定全系列通用；仅证实在本作出现；译法、单字子串及称谓语境仍需审定。
フライング・ブーム作戦,飞杆作战,candidate,050_UAF_DAY95_01 / 060_UAF_DAY96_01,legacy-tsv,2193,unclassified,5,旧 TSV 专名词库；不能按文件名认定全系列通用；仅证实在本作出现；译法、单字子串及称谓语境仍需审定。
フライング・ブーム,飞杆,candidate,050_UAF_DAY95_01 / 060_UAF_DAY96_01,legacy-tsv,2194,unclassified,5,旧 TSV 专名词库；不能按文件名认定全系列通用；仅证实在本作出现；译法、单字子串及称谓语境仍需审定。
リリア,莉莉娅,candidate,020_UAF_DAY91_01.egpack,tda00-draft,2,沿用已有,156,；历史候选草案，confirmed_translation 列有值不视作审核通过；原章定位 game_t00239
ウィル,威尔,candidate,020_UAF_DAY91_01.egpack,tda00-draft,3,沿用已有,128,；历史候选草案，confirmed_translation 列有值不视作审核通过；原章定位 game_t00028
隊長,队长,candidate,020_UAF_DAY91_01.egpack,tda00-draft,4,沿用已有,77,；历史候选草案，confirmed_translation 列有值不视作审核通过；原章定位 game_t00104
少尉,少尉,candidate,020_UAF_DAY91_01.egpack,tda00-draft,5,沿用已有,70,；历史候选草案，confirmed_translation 列有值不视作审核通过；原章定位 game_t00039
ＪＦＫ,JFK,candidate,020_UAF_DAY91_01.egpack,tda00-draft,6,沿用已有,59,；历史候选草案，confirmed_translation 列有值不视作审核通过；原章定位 game_t00281
ナイヴス２,黑刃2,candidate,020_UAF_DAY91_01.egpack,tda00-draft,7,建议,53,；历史候选草案，confirmed_translation 列有值不视作审核通过；原章定位 game_t00020
ＢＥＴＡ,BETA,candidate,020_UAF_DAY91_01.egpack,tda00-draft,8,沿用已有,50,；历史候选草案，confirmed_translation 列有值不视作审核通过；原章定位 game_t00527
海兵隊,海军陆战队,candidate,020_UAF_DAY91_01.egpack,tda00-draft,9,沿用已有,38,；历史候选草案，confirmed_translation 列有值不视作审核通过；原章定位 game_t00213
ナイヴス１,黑刃1,candidate,020_UAF_DAY91_01.egpack,tda00-draft,10,建议,35,；历史候选草案，confirmed_translation 列有值不视作审核通过；原章定位 game_t00020
中尉,中尉,candidate,020_UAF_DAY91_01.egpack,tda00-draft,11,沿用已有,32,；历史候选草案，confirmed_translation 列有值不视作审核通过；原章定位 game_t00031
ナイヴス３,黑刃3,candidate,040_UAF_DAY94_01.egpack,tda00-draft,12,建议,30,；历史候选草案，confirmed_translation 列有值不视作审核通过；原章定位 game_t01250
艦長,舰长,candidate,030_UAF_DAY93_01.egpack,tda00-draft,13,沿用已有,26,；历史候选草案，confirmed_translation 列有值不视作审核通过；原章定位 game_t00582
海兵隊員,海军陆战队员,candidate,020_UAF_DAY91_01.egpack,tda00-draft,14,沿用已有,23,；历史候选草案，confirmed_translation 列有值不视作审核通过；原章定位 game_t00086
ソルティ・ベース,索尔蒂基地,candidate,020_UAF_DAY91_01.egpack,tda00-draft,15,沿用已有,19,；历史候选草案，confirmed_translation 列有值不视作审核通过；原章定位 game_t00112
リリア・シェルベリ,莉莉娅·谢尔贝里,candidate,020_UAF_DAY91_01.egpack,tda00-draft,16,沿用已有,19,；历史候选草案，confirmed_translation 列有值不视作审核通过；原章定位 game_t00241
シェルベリ,谢尔贝里,candidate,020_UAF_DAY91_01.egpack,tda00-draft,17,沿用已有,18,；历史候选草案，confirmed_translation 列有值不视作审核通过；原章定位 game_t00283
シドニー,悉尼,candidate,030_UAF_DAY93_01.egpack,tda00-draft,18,沿用已有,18,；历史候选草案，confirmed_translation 列有值不视作审核通过；原章定位 game_t00719
海軍,海军,candidate,020_UAF_DAY91_01.egpack,tda00-draft,19,沿用已有,17,；历史候选草案，confirmed_translation 列有值不视作审核通过；原章定位 game_t00083
ハワイ,夏威夷,candidate,020_UAF_DAY91_01.egpack,tda00-draft,20,沿用已有,16,；历史候选草案，confirmed_translation 列有值不视作审核通过；原章定位 game_t00451
ダリル,达里尔,candidate,020_UAF_DAY91_01.egpack,tda00-draft,21,沿用已有,14,；历史候选草案，confirmed_translation 列有值不视作审核通过；原章定位 game_t00041
戦術機部隊,战术机部队,candidate,030_UAF_DAY93_01.egpack,tda00-draft,22,沿用已有,13,；历史候选草案，confirmed_translation 列有值不视作审核通过；原章定位 game_t00763
合衆国,合众国,candidate,020_UAF_DAY91_01.egpack,tda00-draft,23,沿用已有,13,；历史候选草案，confirmed_translation 列有值不视作审核通过；原章定位 game_t00087
衛星,卫星,candidate,030_UAF_DAY93_01.egpack,tda00-draft,24,沿用已有,12,；历史候选草案，confirmed_translation 列有值不视作审核通过；原章定位 game_t00853
ブルーオーシャン,蓝海,candidate,030_UAF_DAY93_01.egpack,tda00-draft,25,沿用已有,12,；历史候选草案，confirmed_translation 列有值不视作审核通过；原章定位 game_t00673
ＧＰＳ,GPS,candidate,020_UAF_DAY91_01.egpack,tda00-draft,26,沿用已有,11,；历史候选草案，confirmed_translation 列有值不视作审核通过；原章定位 game_t00026
ブルーオーシャン作戦,蓝海作战,candidate,030_UAF_DAY93_01.egpack,tda00-draft,27,沿用已有,10,；历史候选草案，confirmed_translation 列有值不视作审核通过；原章定位 game_t00673
データリンク,数据链,candidate,020_UAF_DAY91_01.egpack,tda00-draft,28,沿用已有,10,；历史候选草案，confirmed_translation 列有值不视作审核通过；原章定位 game_t00098
バビロン,巴比伦,candidate,010_UAFプロローグ.egpack,tda00-draft,29,沿用已有,9,；历史候选草案，confirmed_translation 列有值不视作审核通过；原章定位 game_t00011
ビッグ・マム,Big Mom,candidate,030_UAF_DAY93_01.egpack,tda00-draft,30,沿用已有,9,；历史候选草案，confirmed_translation 列有值不视作审核通过；原章定位 game_t00742
米国人,美国人,candidate,030_UAF_DAY93_01.egpack,tda00-draft,31,沿用已有,8,；历史候选草案，confirmed_translation 列有值不视作审核通过；原章定位 game_t00836
本国,本国,candidate,030_UAF_DAY93_01.egpack,tda00-draft,32,沿用已有,8,；历史候选草案，confirmed_translation 列有值不视作审核通过；原章定位 game_t00677
ブラック・ナイヴス,黑刃,candidate,020_UAF_DAY91_01.egpack,tda00-draft,33,建议,8,；历史候选草案，confirmed_translation 列有值不视作审核通过；原章定位 game_t00152
オーストラリア,澳大利亚,candidate,020_UAF_DAY91_01.egpack,tda00-draft,34,沿用已有,8,；历史候选草案，confirmed_translation 列有值不视作审核通过；原章定位 game_t00062
クソ,该死,candidate,040_UAF_DAY94_01.egpack,tda00-draft,35,沿用已有,8,；历史候选草案，confirmed_translation 列有值不视作审核通过；原章定位 game_t01510
ゲティスバーグ,葛底斯堡,candidate,090_UAF_DAY99_01.egpack,tda00-draft,36,沿用已有,8,；历史候选草案，confirmed_translation 列有值不视作审核通过；原章定位 game_t03134
ハイヴ,HIVE,candidate,060_UAF_DAY96_01.egpack,tda00-draft,37,沿用已有,8,；历史候选草案，confirmed_translation 列有值不视作审核通过；原章定位 game_t02320
ユーラシア,欧亚大陆,candidate,010_UAFプロローグ.egpack,tda00-draft,38,沿用已有,8,；历史候选草案，confirmed_translation 列有值不视作审核通过；原章定位 game_t00015
戦術機隊,战术机队,candidate,020_UAF_DAY91_01.egpack,tda00-draft,39,沿用已有,7,；历史候选草案，confirmed_translation 列有值不视作审核通过；原章定位 game_t00086
低軌道衛星,低轨道卫星,candidate,020_UAF_DAY91_01.egpack,tda00-draft,40,沿用已有,7,；历史候选草案，confirmed_translation 列有值不视作审核通过；原章定位 game_t00088
バスター１,破坏者1,candidate,090_UAF_DAY99_01.egpack,tda00-draft,41,沿用已有,7,；历史候选草案，confirmed_translation 列有值不视作审核通过；原章定位 game_t03326
シアトル,西雅图,candidate,020_UAF_DAY91_01.egpack,tda00-draft,42,沿用已有,7,；历史候选草案，confirmed_translation 列有值不视作审核通过；原章定位 game_t00254
ブルーオーシャン,蓝海,candidate,030_UAF_DAY93_01.egpack,tda00-draft,43,沿用已有,7,；历史候选草案，confirmed_translation 列有值不视作审核通过；原章定位 game_t00754
レナード,伦纳德,candidate,040_UAF_DAY94_01.egpack,tda00-draft,44,沿用已有,7,；历史候选草案，confirmed_translation 列有值不视作审核通过；原章定位 game_t01273
ゲティスバーグ,葛底斯堡,candidate,030_UAF_DAY93_01.egpack,tda00-draft,45,沿用已有,7,；历史候选草案，confirmed_translation 列有值不视作审核通过；原章定位 game_t00812
シドニー,悉尼,candidate,030_UAF_DAY93_01.egpack,tda00-draft,46,沿用已有,7,；历史候选草案，confirmed_translation 列有值不视作审核通过；原章定位 game_t00718
ハワイ,夏威夷,candidate,030_UAF_DAY93_01.egpack,tda00-draft,47,沿用已有,7,；历史候选草案，confirmed_translation 列有值不视作审核通过；原章定位 game_t00693
ウィルバート・コリンズ,威尔伯特·柯林斯,candidate,020_UAF_DAY91_01.egpack,tda00-draft,48,沿用已有,7,；历史候选草案，confirmed_translation 列有值不视作审核通过；原章定位 game_t00242
ジョン・Ｆ・ケネディ,约翰·F·肯尼迪,candidate,020_UAF_DAY91_01.egpack,tda00-draft,49,沿用已有,7,；历史候选草案，confirmed_translation 列有值不视作审核通过；原章定位 game_t00244
フライング・ブーム作戦,飞杆作战,candidate,050_UAF_DAY95_01.egpack,tda00-draft,50,沿用已有,6,；历史候选草案，confirmed_translation 列有值不视作审核通过；原章定位 game_t01636
戦術歩行戦闘機隊,战术步行战斗机队,candidate,020_UAF_DAY91_01.egpack,tda00-draft,51,沿用已有,6,；历史候选草案，confirmed_translation 列有值不视作审核通过；原章定位 game_t00152
第３１８戦術歩行戦闘機隊,第318战术步行战斗机队,candidate,020_UAF_DAY91_01.egpack,tda00-draft,52,沿用已有,6,；历史候选草案，confirmed_translation 列有值不视作审核通过；原章定位 game_t00152
米国海兵隊第,美国海军陆战队第,candidate,020_UAF_DAY91_01.egpack,tda00-draft,53,沿用已有,6,；历史候选草案，confirmed_translation 列有值不视作审核通过；原章定位 game_t00152
ナイヴス,黑刃,candidate,020_UAF_DAY91_01.egpack,tda00-draft,54,建议,6,；历史候选草案，confirmed_translation 列有值不视作审核通过；原章定位 game_t00115
バスターズ,破坏者队,candidate,090_UAF_DAY99_01.egpack,tda00-draft,55,沿用已有,6,；历史候选草案，confirmed_translation 列有值不视作审核通过；原章定位 game_t03278
インド,印度,candidate,020_UAF_DAY91_01.egpack,tda00-draft,56,沿用已有,6,；历史候选草案，confirmed_translation 列有值不视作审核通过；原章定位 game_t00058
フライング・ブーム,飞杆,candidate,050_UAF_DAY95_01.egpack,tda00-draft,57,沿用已有,6,；历史候选草案，confirmed_translation 列有值不视作审核通过；原章定位 game_t01636
マクマナス,麦克马纳斯,candidate,020_UAF_DAY91_01.egpack,tda00-draft,58,沿用已有,6,；历史候选草案，confirmed_translation 列有值不视作审核通过；原章定位 game_t00031
コリンズ,柯林斯,candidate,020_UAF_DAY91_01.egpack,tda00-draft,59,沿用已有,5,；历史候选草案，confirmed_translation 列有值不视作审核通过；原章定位 game_t00333
ケネディ,肯尼迪,candidate,030_UAF_DAY93_01.egpack,tda00-draft,60,沿用已有,5,；历史候选草案，confirmed_translation 列有值不视作审核通过；原章定位 game_t00668
マルドゥーク,马尔杜克,candidate,010_UAFプロローグ.egpack,tda00-draft,61,沿用已有,5,；历史候选草案，confirmed_translation 列有值不视作审核通过；原章定位 game_t00000
分遣隊,分遣队,candidate,030_UAF_DAY93_01.egpack,tda00-draft,62,沿用已有,4,；历史候选草案，confirmed_translation 列有值不视作审核通过；原章定位 game_t00738
司令部,司令部,candidate,050_UAF_DAY95_01.egpack,tda00-draft,63,沿用已有,4,；历史候选草案，confirmed_translation 列有值不视作审核通过；原章定位 game_t01581
母艦打撃群司令部,母舰打击群司令部,candidate,090_UAF_DAY99_01.egpack,tda00-draft,64,沿用已有,4,；历史候选草案，confirmed_translation 列有值不视作审核通过；原章定位 game_t03057
海兵戦術機隊,海军陆战队战术机队,candidate,020_UAF_DAY91_01.egpack,tda00-draft,65,沿用已有,4,；历史候选草案，confirmed_translation 列有值不视作审核通过；原章定位 game_t00242
海兵隊同士,海军陆战队同僚,candidate,030_UAF_DAY93_01.egpack,tda00-draft,66,沿用已有,4,；历史候选草案，confirmed_translation 列有值不视作审核通过；原章定位 game_t00602
米国,美国,candidate,020_UAF_DAY91_01.egpack,tda00-draft,67,沿用已有,4,；历史候选草案，confirmed_translation 列有值不视作审核通过；原章定位 game_t00062
軍人,军人,candidate,060_UAF_DAY96_01.egpack,tda00-draft,68,沿用已有,4,；历史候选草案，confirmed_translation 列有值不视作审核通过；原章定位 game_t02097
部隊,部队,candidate,030_UAF_DAY93_01.egpack,tda00-draft,69,沿用已有,4,；历史候选草案，confirmed_translation 列有值不视作审核通过；原章定位 game_t00686
地球,地球,candidate,010_UAFプロローグ.egpack,tda00-draft,70,沿用已有,4,；历史候选草案，confirmed_translation 列有值不视作审核通过；原章定位 game_t00002
ブロック,区块,candidate,040_UAF_DAY94_01.egpack,tda00-draft,71,沿用已有,4,；历史候选草案，confirmed_translation 列有值不视作审核通过；原章定位 game_t01562
ヤンキー・ステーション,扬基站,candidate,040_UAF_DAY94_01.egpack,tda00-draft,72,沿用已有,4,；历史候选草案，confirmed_translation 列有值不视作审核通过；原章定位 game_t00973
ニミッツ,尼米兹,candidate,030_UAF_DAY93_01.egpack,tda00-draft,73,沿用已有,4,；历史候选草案，confirmed_translation 列有值不视作审核通过；原章定位 game_t00691
バビロン,巴比伦,candidate,010_UAFプロローグ.egpack,tda00-draft,74,沿用已有,4,；历史候选草案，confirmed_translation 列有值不视作审核通过；原章定位 game_t00018
ウィルバート・Ｄ・コリンズ,威尔伯特·D·柯林斯,candidate,020_UAF_DAY91_01.egpack,tda00-draft,75,沿用已有,4,；历史候选草案，confirmed_translation 列有值不视作审核通过；原章定位 game_t00311
ジョージ・オールストン,乔治·奥尔斯顿,candidate,030_UAF_DAY93_01.egpack,tda00-draft,76,沿用已有,4,；历史候选草案，confirmed_translation 列有值不视作审核通过；原章定位 game_t00667
Ｃ２８,C28,candidate,040_UAF_DAY94_01.egpack,tda00-draft,77,沿用已有,4,；历史候选草案，confirmed_translation 列有值不视作审核通过；原章定位 game_t01562
Ｆ－１８Ｅ,F-18E,candidate,020_UAF_DAY91_01.egpack,tda00-draft,78,沿用已有,4,；历史候选草案，confirmed_translation 列有值不视作审核通过；原章定位 game_t00318
センパー・ファイ,永远忠诚,candidate,050_UAF_DAY95_01.egpack,tda00-draft,79,沿用已有,4,；历史候选草案，confirmed_translation 列有值不视作审核通过；原章定位 game_t01693_ruby
おっかさん,老妈,candidate,020_UAF_DAY91_01.egpack,tda00-draft,80,沿用已有,4,；历史候选草案，confirmed_translation 列有值不视作审核通过；原章定位 game_t00217_ruby
准将,准将,candidate,030_UAF_DAY93_01.egpack,tda00-draft,81,沿用已有,3,；历史候选草案，confirmed_translation 列有值不视作审核通过；原章定位 game_t00667
バビロン作戦,巴比伦作战,candidate,010_UAFプロローグ.egpack,tda00-draft,82,沿用已有,3,；历史候选草案，confirmed_translation 列有值不视作审核通过；原章定位 game_t00018
上陸部隊,登陆部队,candidate,030_UAF_DAY93_01.egpack,tda00-draft,83,沿用已有,3,；历史候选草案，confirmed_translation 列有值不视作审核通过；原章定位 game_t00688
個小隊,个小队,candidate,030_UAF_DAY93_01.egpack,tda00-draft,84,沿用已有,3,；历史候选草案，confirmed_translation 列有值不视作审核通过；原章定位 game_t00759
全戦術機部隊,全战术机部队,candidate,090_UAF_DAY99_01.egpack,tda00-draft,85,沿用已有,3,；历史候选草案，confirmed_translation 列有值不视作审核通过；原章定位 game_t03060
分隊編成,分队编成,candidate,060_UAF_DAY96_01.egpack,tda00-draft,86,沿用已有,3,；历史候选草案，confirmed_translation 列有值不视作审核通过；原章定位 game_t02217
友軍,友军,candidate,030_UAF_DAY93_01.egpack,tda00-draft,87,沿用已有,3,；历史候选草案，confirmed_translation 列有值不视作审核通过；原章定位 game_t00704
各部隊指揮官,各部队指挥官,candidate,090_UAF_DAY99_01.egpack,tda00-draft,88,沿用已有,3,；历史候选草案，confirmed_translation 列有值不视作审核通过；原章定位 game_t03043
捜索隊,搜索队,candidate,020_UAF_DAY91_01.egpack,tda00-draft,89,沿用已有,3,；历史候选草案，confirmed_translation 列有值不视作审核通过；原章定位 game_t00251
海兵隊第,海军陆战队第,candidate,030_UAF_DAY93_01.egpack,tda00-draft,90,沿用已有,3,；历史候选草案，confirmed_translation 列有值不视作审核通过；原章定位 game_t00665
海軍戦術機部隊,海军战术机部队,candidate,090_UAF_DAY99_01.egpack,tda00-draft,91,沿用已有,3,；历史候选草案，confirmed_translation 列有值不视作审核通过；原章定位 game_t03181
第３１８戦術機隊,第318战术机队,candidate,020_UAF_DAY91_01.egpack,tda00-draft,92,沿用已有,3,；历史候选草案，confirmed_translation 列有值不视作审核通过；原章定位 game_t00086
米軍,美军,candidate,040_UAF_DAY94_01.egpack,tda00-draft,93,沿用已有,3,；历史候选草案，confirmed_translation 列有值不视作审核通过；原章定位 game_t01096
軍葬,军葬,candidate,060_UAF_DAY96_01.egpack,tda00-draft,94,沿用已有,3,；历史候选草案，confirmed_translation 列有值不视作审核通过；原章定位 game_t02704
軍隊,军队,candidate,060_UAF_DAY96_01.egpack,tda00-draft,95,沿用已有,3,；历史候选草案，confirmed_translation 列有值不视作审核通过；原章定位 game_t02125
部隊葬,部队葬,candidate,060_UAF_DAY96_01.egpack,tda00-draft,96,沿用已有,3,；历史候选草案，confirmed_translation 列有值不视作审核通过；原章定位 game_t02533
低軌道観測衛星,低轨道观测卫星,candidate,090_UAF_DAY99_01.egpack,tda00-draft,97,沿用已有,3,；历史候选草案，confirmed_translation 列有值不视作审核通过；原章定位 game_t03036
偵察衛星,侦察卫星,candidate,090_UAF_DAY99_01.egpack,tda00-draft,98,沿用已有,3,；历史候选草案，confirmed_translation 列有值不视作审核通过；原章定位 game_t03096
南太平洋,南太平洋,candidate,020_UAF_DAY91_01.egpack,tda00-draft,99,沿用已有,3,；历史候选草案，confirmed_translation 列有值不视作审核通过；原章定位 game_t00451
太平洋,太平洋,candidate,030_UAF_DAY93_01.egpack,tda00-draft,100,沿用已有,3,；历史候选草案，confirmed_translation 列有值不视作审核通过；原章定位 game_t00823
陸地,陆地,candidate,020_UAF_DAY91_01.egpack,tda00-draft,101,沿用已有,3,；历史候选草案，confirmed_translation 列有值不视作审核通过；原章定位 game_t00442
静止衛星,静止卫星,candidate,020_UAF_DAY91_01.egpack,tda00-draft,102,沿用已有,3,；历史候选草案，confirmed_translation 列有值不视作审核通过；原章定位 game_t00090
オール・ナイヴス,黑刃全机,candidate,090_UAF_DAY99_01.egpack,tda00-draft,103,沿用已有,3,；历史候选草案，confirmed_translation 列有值不视作审核通过；原章定位 game_t03280
ナイヴス・リード,黑刃长机,candidate,020_UAF_DAY91_01.egpack,tda00-draft,104,沿用已有,3,；历史候选草案，confirmed_translation 列有值不视作审核通过；原章定位 game_t00533
カタパルト,弹射器,candidate,090_UAF_DAY99_03.egpack,tda00-draft,105,沿用已有,3,；历史候选草案，confirmed_translation 列有值不视作审核通过；原章定位 game_t03585
ゴーファー・ステート,戈弗州,candidate,090_UAF_DAY99_01.egpack,tda00-draft,106,沿用已有,3,；历史候选草案，confirmed_translation 列有值不视作审核通过；原章定位 game_t03134
センサー,传感器,candidate,050_UAF_DAY95_01.egpack,tda00-draft,107,沿用已有,3,；历史候选草案，confirmed_translation 列有值不视作审核通过；原章定位 game_t01687
プランＤ,D计划,candidate,090_UAF_DAY99_02.egpack,tda00-draft,108,沿用已有,3,；历史候选草案，confirmed_translation 列有值不视作审核通过；原章定位 game_t03415
ミサイル,导弹,candidate,090_UAF_DAY99_01.egpack,tda00-draft,109,沿用已有,3,；历史候选草案，confirmed_translation 列有值不视作审核通过；原章定位 game_t03256
レベル４,第4层,candidate,040_UAF_DAY94_01.egpack,tda00-draft,110,沿用已有,3,；历史候选草案，confirmed_translation 列有值不视作审核通过；原章定位 game_t01562
エンタープライズ,企业号,candidate,020_UAF_DAY91_01.egpack,tda00-draft,111,沿用已有,3,；历史候选草案，confirmed_translation 列有值不视作审核通过；原章定位 game_t00530
キング,国王号,candidate,030_UAF_DAY93_01.egpack,tda00-draft,112,沿用已有,3,；历史候选草案，confirmed_translation 列有值不视作审核通过；原章定位 game_t00722
シアトル,西雅图,candidate,040_UAF_DAY94_01.egpack,tda00-draft,113,沿用已有,3,；历史候选草案，confirmed_translation 列有值不视作审核通过；原章定位 game_t01400
プランＤ,D计划,candidate,090_UAF_DAY99_02.egpack,tda00-draft,114,沿用已有,3,；历史候选草案，confirmed_translation 列有值不视作审核通过；原章定位 game_t03408
ヨコハマ,横滨,candidate,030_UAF_DAY93_01.egpack,tda00-draft,115,沿用已有,3,；历史候选草案，confirmed_translation 列有值不视作审核通过；原章定位 game_t00692
リンク,链路,candidate,020_UAF_DAY91_01.egpack,tda00-draft,116,沿用已有,3,；历史候选草案，confirmed_translation 列有值不视作审核通过；原章定位 game_t00090
メルヴィナ,梅尔维娜,candidate,020_UAF_DAY91_01.egpack,tda00-draft,117,沿用已有,3,；历史候选草案，confirmed_translation 列有值不视作审核通过；原章定位 game_t00054
メルヴィナ・アードヴァニー,梅尔维娜·阿德瓦尼,candidate,040_UAF_DAY94_01.egpack,tda00-draft,118,沿用已有,3,；历史候选草案，confirmed_translation 列有值不视作审核通过；原章定位 game_t01113
Ｅ１２,E12,candidate,050_UAF_DAY95_01.egpack,tda00-draft,119,沿用已有,3,；历史候选草案，confirmed_translation 列有值不视作审核通过；原章定位 game_t01749
Ｇ－Ｄ,G-D,candidate,060_UAF_DAY96_01.egpack,tda00-draft,120,沿用已有,3,；历史候选草案，confirmed_translation 列有值不视作审核通过；原章定位 game_t02312
セキュリティ・クリアランス,安全许可,candidate,040_UAF_DAY94_01.egpack,tda00-draft,121,沿用已有,3,；历史候选草案，confirmed_translation 列有值不视作审核通过；原章定位 game_t01521_ruby
バディ,搭档,candidate,040_UAF_DAY94_01.egpack,tda00-draft,122,沿用已有,3,；历史候选草案，confirmed_translation 列有值不视作审核通过；原章定位 game_t01276_ruby
ホーム,归处,candidate,020_UAF_DAY91_01.egpack,tda00-draft,123,沿用已有,3,；历史候选草案，confirmed_translation 列有值不视作审核通过；原章定位 game_t00529_ruby
機密開示証明,安全许可,candidate,040_UAF_DAY94_01.egpack,tda00-draft,124,沿用已有,3,；历史候选草案，confirmed_translation 列有值不视作审核通过；原章定位 game_t01521_ruby
個中隊,个中队,candidate,040_UAF_DAY94_01.egpack,tda00-draft,125,沿用已有,2,；历史候选草案，confirmed_translation 列有值不视作审核通过；原章定位 game_t01354
儀杖隊,仪仗队,candidate,070_UAF_DAY97_01.egpack,tda00-draft,126,沿用已有,2,；历史候选草案，confirmed_translation 列有值不视作审核通过；原章定位 game_t02751
国連,联合国,candidate,040_UAF_DAY94_01.egpack,tda00-draft,127,沿用已有,2,；历史候选草案，confirmed_translation 列有值不视作审核通过；原章定位 game_t01115
国連統合参謀会議,联合国联合参谋会议,candidate,010_UAFプロローグ.egpack,tda00-draft,128,沿用已有,2,；历史候选草案，confirmed_translation 列有值不视作审核通过；原章定位 game_t00011
国連軍,联合国军,candidate,020_UAF_DAY91_01.egpack,tda00-draft,129,沿用已有,2,；历史候选草案，confirmed_translation 列有值不视作审核通过；原章定位 game_t00093
基地,基地,candidate,020_UAF_DAY91_01.egpack,tda00-draft,130,沿用已有,2,；历史候选草案，confirmed_translation 列有值不视作审核通过；原章定位 game_t00279
多分隊長,大概是队长,excluded,040_UAF_DAY94_01.egpack,tda00-draft,131,沿用已有,2,；历史候选草案，confirmed_translation 列有值不视作审核通过；原章定位 game_t01513
探検隊,探险队,candidate,020_UAF_DAY91_01.egpack,tda00-draft,132,沿用已有,2,；历史候选草案，confirmed_translation 列有值不视作审核通过；原章定位 game_t00089
援軍,援军,candidate,090_UAF_DAY99_01.egpack,tda00-draft,133,沿用已有,2,；历史候选草案，confirmed_translation 列有值不视作审核通过；原章定位 game_t03122
歩兵小隊,步兵小队,candidate,030_UAF_DAY93_01.egpack,tda00-draft,134,沿用已有,2,；历史候选草案，confirmed_translation 列有值不视作审核通过；原章定位 game_t00760
海兵隊少尉,海军陆战队少尉,candidate,090_UAF_DAY99_01.egpack,tda00-draft,135,沿用已有,2,；历史候选草案，confirmed_translation 列有值不视作审核通过；原章定位 game_t03232
海軍側,海军方面,candidate,030_UAF_DAY93_01.egpack,tda00-draft,136,沿用已有,2,；历史候选草案，confirmed_translation 列有值不视作审核通过；原章定位 game_t00775
海軍駐留拠点,海军驻留据点,candidate,030_UAF_DAY93_01.egpack,tda00-draft,137,沿用已有,2,；历史候选草案，confirmed_translation 列有值不视作审核通过；原章定位 game_t00715
第三次作戦,第三次作战,candidate,030_UAF_DAY93_01.egpack,tda00-draft,138,沿用已有,2,；历史候选草案，confirmed_translation 列有值不视作审核通过；原章定位 game_t00688
第５３６海兵戦術機隊,第536海军陆战队战术机队,candidate,090_UAF_DAY99_01.egpack,tda00-draft,139,沿用已有,2,；历史候选草案，confirmed_translation 列有值不视作审核通过；原章定位 game_t02986
米国海兵隊,美国海军陆战队,candidate,030_UAF_DAY93_01.egpack,tda00-draft,140,沿用已有,2,；历史候选草案，confirmed_translation 列有值不视作审核通过；原章定位 game_t00623
米国海兵隊員,美国海军陆战队员,candidate,020_UAF_DAY91_01.egpack,tda00-draft,141,沿用已有,2,；历史候选草案，confirmed_translation 列有值不视作审核通过；原章定位 game_t00075
米国籍,美国国籍,candidate,040_UAF_DAY94_01.egpack,tda00-draft,142,沿用已有,2,；历史候选草案，confirmed_translation 列有值不视作审核通过；原章定位 game_t01216
米国軍人,美国军人,candidate,050_UAF_DAY95_01.egpack,tda00-draft,143,沿用已有,2,；历史候选草案，confirmed_translation 列有值不视作审核通过；原章定位 game_t01912
米軍衛士,美军卫士,candidate,040_UAF_DAY94_01.egpack,tda00-draft,144,沿用已有,2,；历史候选草案，confirmed_translation 列有值不视作审核通过；原章定位 game_t00987
一ヶ月,一个月,candidate,020_UAF_DAY91_01.egpack,tda00-draft,145,沿用已有,2,；历史候选草案，confirmed_translation 列有值不视作审核通过；原章定位 game_t00120
先月,上个月,candidate,030_UAF_DAY93_01.egpack,tda00-draft,146,沿用已有,2,；历史候选草案，confirmed_translation 列有值不视作审核通过；原章定位 game_t00723
惑星,行星,candidate,090_UAF_DAY99_01.egpack,tda00-draft,147,沿用已有,2,；历史候选草案，confirmed_translation 列有值不视作审核通过；原章定位 game_t03238
目的地,目的地,candidate,010_UAFプロローグ.egpack,tda00-draft,148,沿用已有,2,；历史候选草案，confirmed_translation 列有值不视作审核通过；原章定位 game_t00006
英国,英国,candidate,040_UAF_DAY94_01.egpack,tda00-draft,149,沿用已有,2,；历史候选草案，confirmed_translation 列有值不视作审核通过；原章定位 game_t00982
要領,要领,candidate,050_UAF_DAY95_01.egpack,tda00-draft,150,沿用已有,2,；历史候选草案，confirmed_translation 列有值不视作审核通过；原章定位 game_t01597
豪州,澳洲,candidate,040_UAF_DAY94_01.egpack,tda00-draft,151,沿用已有,2,；历史候选草案，confirmed_translation 列有值不视作审核通过；原章定位 game_t01225
集結予定地,预定集结地点,candidate,030_UAF_DAY93_01.egpack,tda00-draft,152,沿用已有,2,；历史候选草案，confirmed_translation 列有值不视作审核通过；原章定位 game_t00723
ナイヴス３カタパルト,黑刃3弹射器,candidate,090_UAF_DAY99_03.egpack,tda00-draft,153,沿用已有,2,；历史候选草案，confirmed_translation 列有值不视作审核通过；原章定位 game_t03646
バスター２,破坏者2,candidate,090_UAF_DAY99_02.egpack,tda00-draft,154,沿用已有,2,；历史候选草案，confirmed_translation 列有值不视作审核通过；原章定位 game_t03384
ァァ,啊啊,excluded,090_UAF_DAY99_01.egpack,tda00-draft,155,沿用已有,2,；历史候选草案，confirmed_translation 列有值不视作审核通过；原章定位 game_t03046
エリア,区域,candidate,030_UAF_DAY93_01.egpack,tda00-draft,156,沿用已有,2,；历史候选草案，confirmed_translation 列有值不视作审核通过；原章定位 game_t00561
オリジナルハイヴ,原始HIVE,candidate,060_UAF_DAY96_01.egpack,tda00-draft,157,沿用已有,2,；历史候选草案，confirmed_translation 列有值不视作审核通过；原章定位 game_t02323
カメラ,摄像机,candidate,020_UAF_DAY91_01.egpack,tda00-draft,158,沿用已有,2,；历史候选草案，confirmed_translation 列有值不视作审核通过；原章定位 game_t00055
キング,国王号,candidate,030_UAF_DAY93_01.egpack,tda00-draft,159,沿用已有,2,；历史候选草案，confirmed_translation 列有值不视作审核通过；原章定位 game_t00724
ケーブル,电缆,candidate,020_UAF_DAY91_01.egpack,tda00-draft,160,沿用已有,2,；历史候选草案，confirmed_translation 列有值不视作审核通过；原章定位 game_t00386
コスト,成本,candidate,050_UAF_DAY95_01.egpack,tda00-draft,161,沿用已有,2,；历史候选草案，confirmed_translation 列有值不视作审核通过；原章定位 game_t01805
コントロール,管制,candidate,020_UAF_DAY91_01.egpack,tda00-draft,162,沿用已有,2,；历史候选草案，confirmed_translation 列有值不视作审核通过；原章定位 game_t00539
システムチェック,系统检查,candidate,020_UAF_DAY91_01.egpack,tda00-draft,163,沿用已有,2,；历史候选草案，confirmed_translation 列有值不视作审核通过；原章定位 game_t00080
ジェット,喷气,candidate,020_UAF_DAY91_01.egpack,tda00-draft,164,沿用已有,2,；历史候选草案，confirmed_translation 列有值不视作审核通过；原章定位 game_t00195
ジェントル,绅士,candidate,020_UAF_DAY91_01.egpack,tda00-draft,165,沿用已有,2,；历史候选草案，confirmed_translation 列有值不视作审核通过；原章定位 game_t00070
ジャンヌ・デュカス,让娜·迪卡斯,candidate,050_UAF_DAY95_01.egpack,tda00-draft,166,沿用已有,2,；历史候选草案，confirmed_translation 列有值不视作审核通过；原章定位 game_t01897
ジョーク,玩笑,candidate,020_UAF_DAY91_01.egpack,tda00-draft,167,沿用已有,2,；历史候选草案，confirmed_translation 列有值不视作审核通过；原章定位 game_t00537
スパイク,锚钉,candidate,020_UAF_DAY91_01.egpack,tda00-draft,168,沿用已有,2,；历史候选草案，confirmed_translation 列有值不视作审核通过；原章定位 game_t00080
タイプ,类型,candidate,050_UAF_DAY95_01.egpack,tda00-draft,169,沿用已有,2,；历史候选草案，confirmed_translation 列有值不视作审核通过；原章定位 game_t01807
ダイエット,减肥,candidate,040_UAF_DAY94_01.egpack,tda00-draft,170,沿用已有,2,；历史候选草案，confirmed_translation 列有值不视作审核通过；原章定位 game_t01462
テメェ,你这混蛋,candidate,090_UAF_DAY99_01.egpack,tda00-draft,171,沿用已有,2,；历史候选草案，confirmed_translation 列有值不视作审核通过；原章定位 game_t03358
データベース,数据库,candidate,040_UAF_DAY94_01.egpack,tda00-draft,172,沿用已有,2,；历史候选草案，confirmed_translation 列有值不视作审核通过；原章定位 game_t01527
トラブル,麻烦,candidate,020_UAF_DAY91_01.egpack,tda00-draft,173,沿用已有,2,；历史候选草案，confirmed_translation 列有值不视作审核通过；原章定位 game_t00050
ノー・マム,不，长官,candidate,030_UAF_DAY93_01.egpack,tda00-draft,174,沿用已有,2,；历史候选草案，confirmed_translation 列有值不视作审核通过；原章定位 game_t00746
バッテリー,电池,candidate,020_UAF_DAY91_01.egpack,tda00-draft,175,沿用已有,2,；历史候选草案，confirmed_translation 列有值不视作审核通过；原章定位 game_t00221
ビーコン,信标,candidate,020_UAF_DAY91_01.egpack,tda00-draft,176,沿用已有,2,；历史候选草案，confirmed_translation 列有值不视作审核通过；原章定位 game_t00108
ファック,妈的,candidate,090_UAF_DAY99_02.egpack,tda00-draft,177,沿用已有,2,；历史候选草案，confirmed_translation 列有值不视作审核通过；原章定位 game_t03459
ファランクス,密集阵,candidate,090_UAF_DAY99_02.egpack,tda00-draft,178,沿用已有,2,；历史候选草案，confirmed_translation 列有值不视作审核通过；原章定位 game_t03387
フィリピン,菲律宾,candidate,040_UAF_DAY94_01.egpack,tda00-draft,179,沿用已有,2,；历史候选草案，confirmed_translation 列有值不视作审核通过；原章定位 game_t00976
フェデリカ・ベクレル,费德丽卡·贝克勒尔,candidate,050_UAF_DAY95_01.egpack,tda00-draft,180,沿用已有,2,；历史候选草案，confirmed_translation 列有值不视作审核通过；原章定位 game_t01897
ブリーフィング,简报,candidate,060_UAF_DAY96_01.egpack,tda00-draft,181,沿用已有,2,；历史候选草案，confirmed_translation 列有值不视作审核通过；原章定位 game_t02247
プログラム,程序,candidate,040_UAF_DAY94_01.egpack,tda00-draft,182,沿用已有,2,；历史候选草案，confirmed_translation 列有值不视作审核通过；原章定位 game_t01279
ユニット,单元,candidate,090_UAF_DAY99_02.egpack,tda00-draft,183,沿用已有,2,；历史候选草案，confirmed_translation 列有值不视作审核通过；原章定位 game_t03383
ヨコハマ,横滨,candidate,040_UAF_DAY94_01.egpack,tda00-draft,184,沿用已有,2,；历史候选草案，confirmed_translation 列有值不视作审核通过；原章定位 game_t01059
リスク,风险,candidate,050_UAF_DAY95_01.egpack,tda00-draft,185,沿用已有,2,；历史候选草案，confirmed_translation 列有值不视作审核通过；原章定位 game_t01614
リスト,名单,candidate,060_UAF_DAY96_01.egpack,tda00-draft,186,沿用已有,2,；历史候选草案，confirmed_translation 列有值不视作审核通过；原章定位 game_t02044
ロケットモーター,火箭发动机,candidate,050_UAF_DAY95_01.egpack,tda00-draft,187,沿用已有,2,；历史候选草案，confirmed_translation 列有值不视作审核通过；原章定位 game_t01815
ローゼンバーグ,罗森伯格,candidate,020_UAF_DAY91_01.egpack,tda00-draft,188,沿用已有,2,；历史候选草案，confirmed_translation 列有值不视作审核通过；原章定位 game_t00079
コントロール,管制,candidate,020_UAF_DAY91_01.egpack,tda00-draft,189,沿用已有,2,；历史候选草案，confirmed_translation 列有值不视作审核通过；原章定位 game_t00540
ゴーファー・ステート,戈弗州,candidate,030_UAF_DAY93_01.egpack,tda00-draft,190,沿用已有,2,；历史候选草案，confirmed_translation 列有值不视作审核通过；原章定位 game_t00812
ジョージ・ワシントン,乔治·华盛顿,candidate,040_UAF_DAY94_01.egpack,tda00-draft,191,沿用已有,2,；历史候选草案，confirmed_translation 列有值不视作审核通过；原章定位 game_t00968
ズムウォルト,朱姆沃尔特,candidate,030_UAF_DAY93_01.egpack,tda00-draft,192,沿用已有,2,；历史候选草案，confirmed_translation 列有值不视作审核通过；原章定位 game_t00722
フィリピン,菲律宾,candidate,020_UAF_DAY91_01.egpack,tda00-draft,193,沿用已有,2,；历史候选草案，confirmed_translation 列有值不视作审核通过；原章定位 game_t00248
メートル,米,candidate,090_UAF_DAY99_02.egpack,tda00-draft,194,沿用已有,2,；历史候选草案，confirmed_translation 列有值不视作审核通过；原章定位 game_t03463
モットー,座右铭,candidate,040_UAF_DAY94_01.egpack,tda00-draft,195,沿用已有,2,；历史候选草案，confirmed_translation 列有值不视作审核通过；原章定位 game_t01218
モード・オート・スペシャル,自动特殊模式,candidate,090_UAF_DAY99_01.egpack,tda00-draft,196,沿用已有,2,；历史候选草案，confirmed_translation 列有值不视作审核通过；原章定位 game_t03268
レナード,伦纳德,candidate,060_UAF_DAY96_01.egpack,tda00-draft,197,沿用已有,2,；历史候选草案，confirmed_translation 列有值不视作审核通过；原章定位 game_t02643
ダリル・マクマナス,达里尔·麦克马纳斯,candidate,020_UAF_DAY91_01.egpack,tda00-draft,198,沿用已有,2,；历史候选草案，confirmed_translation 列有值不视作审核通过；原章定位 game_t00243
ケネディ・コントロール,肯尼迪管制,candidate,020_UAF_DAY91_01.egpack,tda00-draft,199,沿用已有,2,；历史候选草案，confirmed_translation 列有值不视作审核通过；原章定位 game_t00533
Ａ－６,A-6,candidate,040_UAF_DAY94_01.egpack,tda00-draft,200,沿用已有,2,；历史候选草案，confirmed_translation 列有值不视作审核通过；原章定位 game_t01294
ＣＶＮ－６７,CVN-67,candidate,020_UAF_DAY91_01.egpack,tda00-draft,201,沿用已有,2,；历史候选草案，confirmed_translation 列有值不视作审核通过；原章定位 game_t00530
ＫＩＡ,KIA,candidate,090_UAF_DAY99_03.egpack,tda00-draft,202,沿用已有,2,；历史候选草案，confirmed_translation 列有值不视作审核通过；原章定位 game_t03495
Ｍ－４,M-4,candidate,030_UAF_DAY93_01.egpack,tda00-draft,203,沿用已有,2,；历史候选草案，confirmed_translation 列有值不视作审核通过；原章定位 game_t00560
エレメント,分队,candidate,050_UAF_DAY95_01.egpack,tda00-draft,204,沿用已有,2,；历史候选草案，confirmed_translation 列有值不视作审核通过；原章定位 game_t01867_ruby
ドッグタグ,身份牌,candidate,050_UAF_DAY95_01.egpack,tda00-draft,205,沿用已有,2,；历史候选草案，confirmed_translation 列有值不视作审核通过；原章定位 game_t01896_ruby
ビッグマム,Big Mom,candidate,040_UAF_DAY94_01.egpack,tda00-draft,206,沿用已有,2,；历史候选草案，confirmed_translation 列有值不视作审核通过；原章定位 game_t00948_ruby
ビッグ・マム,Big Mom,candidate,020_UAF_DAY91_01.egpack,tda00-draft,207,沿用已有,2,；历史候选草案，confirmed_translation 列有值不视作审核通过；原章定位 game_t00217_ruby
ブラック・ナイヴス,黑刃,candidate,030_UAF_DAY93_01.egpack,tda00-draft,208,建议,2,；历史候选草案，confirmed_translation 列有值不视作审核通过；原章定位 game_t00738_ruby
メモリアル・デイ,阵亡将士纪念日,candidate,060_UAF_DAY96_01.egpack,tda00-draft,209,沿用已有,2,；历史候选草案，confirmed_translation 列有值不视作审核通过；原章定位 game_t02704_ruby
リソース,资源,candidate,060_UAF_DAY96_01.egpack,tda00-draft,210,沿用已有,2,；历史候选草案，confirmed_translation 列有值不视作审核通过；原章定位 game_t02221_ruby
僚機,僚机,candidate,040_UAF_DAY94_01.egpack,tda00-draft,211,沿用已有,2,；历史候选草案，confirmed_translation 列有值不视作审核通过；原章定位 game_t01276_ruby
常に忠誠,永远忠诚,candidate,070_UAF_DAY97_01.egpack,tda00-draft,212,沿用已有,2,；历史候选草案，confirmed_translation 列有值不视作审核通过；原章定位 game_t02793_ruby
常に忠誠を,永远忠诚,candidate,050_UAF_DAY95_01.egpack,tda00-draft,213,沿用已有,2,；历史候选草案，confirmed_translation 列有值不视作审核通过；原章定位 game_t01693_ruby
戦没将兵追悼記念日,阵亡将士纪念日,candidate,060_UAF_DAY96_01.egpack,tda00-draft,214,沿用已有,2,；历史候选草案，confirmed_translation 列有值不视作审核通过；原章定位 game_t02704_ruby
中隊,中队,candidate,090_UAF_DAY99_02.egpack,tda00-draft,215,沿用已有,1,；历史候选草案，confirmed_translation 列有值不视作审核通过；原章定位 game_t03428
元々分遣隊,原本是分遣队,candidate,040_UAF_DAY94_01.egpack,tda00-draft,216,沿用已有,1,；历史候选草案，confirmed_translation 列有值不视作审核通过；原章定位 game_t01490
入隊,入队,candidate,040_UAF_DAY94_01.egpack,tda00-draft,217,沿用已有,1,；历史候选草案，confirmed_translation 列有值不视作审核通过；原章定位 game_t01219
全部隊,全部队,candidate,090_UAF_DAY99_01.egpack,tda00-draft,218,沿用已有,1,；历史候选草案，confirmed_translation 列有值不视作审核通过；原章定位 game_t03129
合衆国海兵隊,合众国海军陆战队,candidate,100_UAF_DAY100_01.egpack,tda00-draft,219,沿用已有,1,；历史候选草案，confirmed_translation 列有值不视作审核通过；原章定位 game_t03707
地上基地,地面基地,candidate,030_UAF_DAY93_01.egpack,tda00-draft,220,沿用已有,1,；历史候选草案，confirmed_translation 列有值不视作审核通过；原章定位 game_t00591
大体作戦,大体作战,candidate,020_UAF_DAY91_01.egpack,tda00-draft,221,沿用已有,1,；历史候选草案，confirmed_translation 列有值不视作审核通过；原章定位 game_t00072
大規模作戦,大规模作战,candidate,090_UAF_DAY99_01.egpack,tda00-draft,222,沿用已有,1,；历史候选草案，confirmed_translation 列有值不视作审核通过；原章定位 game_t03320
小隊,小队,candidate,090_UAF_DAY99_02.egpack,tda00-draft,223,沿用已有,1,；历史候选草案，confirmed_translation 列有值不视作审核通过；原章定位 game_t03420
弔銃隊,鸣枪队,candidate,080_UAF_DAY98_01.egpack,tda00-draft,224,沿用已有,1,；历史候选草案，confirmed_translation 列有值不视作审核通过；原章定位 game_t02892
我々海兵戦術機隊,我方海军陆战队战术机队,candidate,090_UAF_DAY99_01.egpack,tda00-draft,225,沿用已有,1,；历史候选草案，confirmed_translation 列有值不视作审核通过；原章定位 game_t03145
我々海兵隊,我方海军陆战队,candidate,090_UAF_DAY99_01.egpack,tda00-draft,226,沿用已有,1,；历史候选草案，confirmed_translation 列有值不视作审核通过；原章定位 game_t03190
戦術機分隊,战术机分队,candidate,040_UAF_DAY94_01.egpack,tda00-draft,227,沿用已有,1,；历史候选草案，confirmed_translation 列有值不视作审核通过；原章定位 game_t01365
戦術機小隊,战术机小队,candidate,060_UAF_DAY96_01.egpack,tda00-draft,228,沿用已有,1,；历史候选草案，confirmed_translation 列有值不视作审核通过；原章定位 game_t02643
探索部隊,探索部队,candidate,040_UAF_DAY94_01.egpack,tda00-draft,229,沿用已有,1,；历史候选草案，confirmed_translation 列有值不视作审核通过；原章定位 game_t01191
揚陸作戦,登陆作战,candidate,040_UAF_DAY94_01.egpack,tda00-draft,230,沿用已有,1,；历史候选草案，confirmed_translation 列有值不视作审核通过；原章定位 game_t00984
攻略部隊,攻略部队,candidate,030_UAF_DAY93_01.egpack,tda00-draft,231,沿用已有,1,；历史候选草案，confirmed_translation 列有值不视作审核通过；原章定位 game_t00691
敵本隊,敌本队,candidate,090_UAF_DAY99_01.egpack,tda00-draft,232,沿用已有,1,；历史候选草案，confirmed_translation 列有值不视作审核通过；原章定位 game_t03149
本艦海兵隊,本舰海军陆战队,candidate,030_UAF_DAY93_01.egpack,tda00-draft,233,沿用已有,1,；历史候选草案，confirmed_translation 列有值不视作审核通过；原章定位 game_t00679
機分隊,机分队,candidate,040_UAF_DAY94_01.egpack,tda00-draft,234,沿用已有,1,；历史候选草案，confirmed_translation 列有值不视作审核通过；原章定位 game_t01369
機械化装甲歩兵部隊,机械化装甲步兵部队,candidate,090_UAF_DAY99_03.egpack,tda00-draft,235,沿用已有,1,；历史候选草案，confirmed_translation 列有值不视作审核通过；原章定位 game_t03564
母艦戦術機隊,母舰战术机队,candidate,090_UAF_DAY99_01.egpack,tda00-draft,236,沿用已有,1,；历史候选草案，confirmed_translation 列有值不视作审核通过；原章定位 game_t03145
決死隊,敢死队,candidate,030_UAF_DAY93_01.egpack,tda00-draft,237,沿用已有,1,；历史候选草案，confirmed_translation 列有值不视作审核通过；原章定位 game_t00817
海兵分遣隊,海军陆战队分遣队,candidate,040_UAF_DAY94_01.egpack,tda00-draft,238,沿用已有,1,；历史候选草案，confirmed_translation 列有值不视作审核通过；原章定位 game_t01556
海兵連隊,海军陆战队团,candidate,030_UAF_DAY93_01.egpack,tda00-draft,239,沿用已有,1,；历史候选草案，confirmed_translation 列有值不视作审核通过；原章定位 game_t00759
海兵隊歩兵小隊,海军陆战队步兵小队,candidate,080_UAF_DAY98_01.egpack,tda00-draft,240,沿用已有,1,；历史候选草案，confirmed_translation 列有值不视作审核通过；原章定位 game_t02868
海兵隊陸戦部隊,海军陆战队陆战部队,candidate,090_UAF_DAY99_01.egpack,tda00-draft,241,沿用已有,1,；历史候选草案，confirmed_translation 列有值不视作审核通过；原章定位 game_t03066
海軍戦術機隊,海军战术机队,candidate,090_UAF_DAY99_01.egpack,tda00-draft,242,沿用已有,1,；历史候选草案，confirmed_translation 列有值不视作审核通过；原章定位 game_t03199
海軍補給部隊,海军补给部队,candidate,060_UAF_DAY96_01.egpack,tda00-draft,243,沿用已有,1,；历史候选草案，confirmed_translation 列有值不视作审核通过；原章定位 game_t02027
第３海兵連隊,第3海军陆战队团,candidate,030_UAF_DAY93_01.egpack,tda00-draft,244,沿用已有,1,；历史候选草案，confirmed_translation 列有值不视作审核通过；原章定位 game_t00759
第３１８海兵戦術機隊,第318海军陆战队战术机队,candidate,020_UAF_DAY91_01.egpack,tda00-draft,245,沿用已有,1,；历史候选草案，confirmed_translation 列有值不视作审核通过；原章定位 game_t00242
第５３６戦術機隊,第536战术机队,candidate,040_UAF_DAY94_01.egpack,tda00-draft,246,沿用已有,1,；历史候选草案，confirmed_translation 列有值不视作审核通过；原章定位 game_t00994
第５３６戦術歩行戦闘機隊,第536战术步行战斗机队,candidate,030_UAF_DAY93_01.egpack,tda00-draft,247,沿用已有,1,；历史候选草案，confirmed_translation 列有值不视作审核通过；原章定位 game_t00665
艦隊,舰队,candidate,020_UAF_DAY91_01.egpack,tda00-draft,248,沿用已有,1,；历史候选草案，confirmed_translation 列有值不视作审核通过；原章定位 game_t00272
通信可能全域部隊,通信范围内全体部队,candidate,090_UAF_DAY99_01.egpack,tda00-draft,249,沿用已有,1,；历史候选草案，confirmed_translation 列有值不视作审核通过；原章定位 game_t03240
騎兵隊,骑兵队,candidate,090_UAF_DAY99_01.egpack,tda00-draft,250,沿用已有,1,；历史候选草案，confirmed_translation 列有值不视作审核通过；原章定位 game_t03125
オール・バスターズ,破坏者全机,candidate,090_UAF_DAY99_02.egpack,tda00-draft,251,沿用已有,1,；历史候选草案，confirmed_translation 列有值不视作审核通过；原章定位 game_t03419
レイジング・バスターズ,狂怒破坏者队,candidate,090_UAF_DAY99_01.egpack,tda00-draft,252,沿用已有,1,；历史候选草案，confirmed_translation 列有值不视作审核通过；原章定位 game_t03329
アイ・マム,是，长官,candidate,090_UAF_DAY99_02.egpack,tda00-draft,253,沿用已有,1,；历史候选草案，confirmed_translation 列有值不视作审核通过；原章定位 game_t03393
ウェルカム・ホーム,欢迎回家,candidate,020_UAF_DAY91_01.egpack,tda00-draft,254,沿用已有,1,；历史候选草案，confirmed_translation 列有值不视作审核通过；原章定位 game_t00558
カレン・グラーノ,卡伦·格拉诺,candidate,070_UAF_DAY97_01.egpack,tda00-draft,255,沿用已有,1,；历史候选草案，confirmed_translation 列有值不视作审核通过；原章定位 game_t02738
コード８１１,代码811,candidate,090_UAF_DAY99_01.egpack,tda00-draft,256,沿用已有,1,；历史候选草案，confirmed_translation 列有值不视作审核通过；原章定位 game_t03048
ジーン・カミンスキー,吉恩·卡明斯基,candidate,090_UAF_DAY99_03.egpack,tda00-draft,257,沿用已有,1,；历史候选草案，confirmed_translation 列有值不视作审核通过；原章定位 game_t03557
ステーション,站位,candidate,090_UAF_DAY99_02.egpack,tda00-draft,258,沿用已有,1,；历史候选草案，confirmed_translation 列有值不视作审核通过；原章定位 game_t03423
デニス・モンロー,丹尼斯·门罗,candidate,090_UAF_DAY99_03.egpack,tda00-draft,259,沿用已有,1,；历史候选草案，confirmed_translation 列有值不视作审核通过；原章定位 game_t03557
ビッグマム・コンビ,Big Mom组合,candidate,040_UAF_DAY94_01.egpack,tda00-draft,260,沿用已有,1,；历史候选草案，confirmed_translation 列有值不视作审核通过；原章定位 game_t01306
ビッグ・マム２,Big Mom 2号,candidate,050_UAF_DAY95_01.egpack,tda00-draft,261,沿用已有,1,；历史候选草案，confirmed_translation 列有值不视作审核通过；原章定位 game_t01828
ピクニック・プラン,野餐计划,candidate,050_UAF_DAY95_01.egpack,tda00-draft,262,沿用已有,1,；历史候选草案，confirmed_translation 列有值不视作审核通过；原章定位 game_t01576
メモリアル・デイ,阵亡将士纪念日,candidate,060_UAF_DAY96_01.egpack,tda00-draft,263,沿用已有,1,；历史候选草案，confirmed_translation 列有值不视作审核通过；原章定位 game_t02529
モン・サン・ミシェル,圣米歇尔山,candidate,040_UAF_DAY94_01.egpack,tda00-draft,264,沿用已有,1,；历史候选草案，confirmed_translation 列有值不视作审核通过；原章定位 game_t00988
モード・オート・スペシャル,自动特殊模式,candidate,090_UAF_DAY99_01.egpack,tda00-draft,265,沿用已有,1,；历史候选草案，confirmed_translation 列有值不视作审核通过；原章定位 game_t03267
グラハム・ローゼンバーグ,格雷厄姆·罗森伯格,candidate,080_UAF_DAY98_01.egpack,tda00-draft,266,沿用已有,1,；历史候选草案，confirmed_translation 列有值不视作审核通过；原章定位 game_t02866
ビッグ・マム,Big Mom,candidate,040_UAF_DAY94_01.egpack,tda00-draft,267,沿用已有,1,；历史候选草案，confirmed_translation 列有值不视作审核通过；原章定位 game_t01554
ブラディ・ナイトメア,血色噩梦,candidate,090_UAF_DAY99_01.egpack,tda00-draft,268,沿用已有,1,；历史候选草案，confirmed_translation 列有值不视作审核通过；原章定位 game_t02987
レナード・ヴァンゴーア,伦纳德·梵高尔,candidate,080_UAF_DAY98_01.egpack,tda00-draft,269,沿用已有,1,；历史候选草案，confirmed_translation 列有值不视作审核通过；原章定位 game_t02866
ローカルデータベース,本地数据库,candidate,060_UAF_DAY96_01.egpack,tda00-draft,270,沿用已有,1,；历史候选草案，confirmed_translation 列有值不视作审核通过；原章定位 game_t02027
ダリル・ザ・ビッグマム・マクマナス,达里尔·“Big Mom”·麦克马纳斯,candidate,040_UAF_DAY94_01.egpack,tda00-draft,271,沿用已有,1,；历史候选草案，confirmed_translation 列有值不视作审核通过；原章定位 game_t00953
ダリル・Ａ・マクマナス,达里尔·A·麦克马纳斯,candidate,040_UAF_DAY94_01.egpack,tda00-draft,272,沿用已有,1,；历史候选草案，confirmed_translation 列有值不视作审核通过；原章定位 game_t00952
リリア・シェル,莉莉娅·谢尔,candidate,020_UAF_DAY91_01.egpack,tda00-draft,273,沿用已有,1,；历史候选草案，confirmed_translation 列有值不视作审核通过；原章定位 game_t00166
ケネディ・ホテル,肯尼迪旅馆,candidate,030_UAF_DAY93_01.egpack,tda00-draft,274,沿用已有,1,；历史候选草案，confirmed_translation 列有值不视作审核通过；原章定位 game_t00649
ジョン・F・ケネディ,约翰·F·肯尼迪,candidate,080_UAF_DAY98_01.egpack,tda00-draft,275,沿用已有,1,；历史候选草案，confirmed_translation 列有值不视作审核通过；原章定位 game_t02907
ビッグ・ケネディ,大肯尼迪,candidate,030_UAF_DAY93_01.egpack,tda00-draft,276,沿用已有,1,；历史候选草案，confirmed_translation 列有值不视作审核通过；原章定位 game_t00804
ホテル・ケネディ,肯尼迪旅馆,candidate,040_UAF_DAY94_01.egpack,tda00-draft,277,沿用已有,1,；历史候选草案，confirmed_translation 列有值不视作审核通过；原章定位 game_t01177
アテンション・オン・デック,全员立正,candidate,030_UAF_DAY93_01.egpack,tda00-draft,278,沿用已有,1,；历史候选草案，confirmed_translation 列有值不视作审核通过；原章定位 game_t00664_ruby
インペリアル,帝国,candidate,040_UAF_DAY94_01.egpack,tda00-draft,279,沿用已有,1,；历史候选草案，confirmed_translation 列有值不视作审核通过；原章定位 game_t01499_ruby
ウチ,我方/本舰,excluded,020_UAF_DAY91_01.egpack,tda00-draft,280,沿用已有,1,；历史候选草案，confirmed_translation 列有值不视作审核通过；原章定位 game_t00091_ruby
クリーン・アメリカンズ,纯正美国人,candidate,040_UAF_DAY94_01.egpack,tda00-draft,281,沿用已有,1,；历史候选草案，confirmed_translation 列有值不视作审核通过；原章定位 game_t01532_ruby
グランド・オーシャン・スライド,大海崩,candidate,030_UAF_DAY93_01.egpack,tda00-draft,282,沿用已有,1,；历史候选草案，confirmed_translation 列有值不视作审核通过；原章定位 game_t00672_ruby
ジェーン・ドゥ,无名女尸,candidate,060_UAF_DAY96_01.egpack,tda00-draft,283,沿用已有,1,；历史候选草案，confirmed_translation 列有值不视作审核通过；原章定位 game_t02044_ruby
スーパーホーネット,超级大黄蜂,candidate,020_UAF_DAY91_01.egpack,tda00-draft,284,沿用已有,1,；历史候选草案，confirmed_translation 列有值不视作审核通过；原章定位 game_t00318_ruby
タイプ,类型,candidate,020_UAF_DAY91_01.egpack,tda00-draft,285,沿用已有,1,；历史候选草案，confirmed_translation 列有值不视作审核通过；原章定位 game_t00029_ruby
デストロイヤー,驱逐舰,candidate,090_UAF_DAY99_01.egpack,tda00-draft,286,沿用已有,1,；历史候选草案，confirmed_translation 列有值不视作审核通过；原章定位 game_t03214_ruby
トップヘビー,头重脚轻,candidate,030_UAF_DAY93_01.egpack,tda00-draft,287,沿用已有,1,；历史候选草案，confirmed_translation 列有值不视作审核通过；原章定位 game_t00803_ruby
パワーダイブ,动力俯冲,candidate,050_UAF_DAY95_01.egpack,tda00-draft,288,沿用已有,1,；历史候选草案，confirmed_translation 列有值不视作审核通过；原章定位 game_t01859_ruby
ビッグ・ケネディ,大肯尼迪,candidate,040_UAF_DAY94_01.egpack,tda00-draft,289,沿用已有,1,；历史候选草案，confirmed_translation 列有值不视作审核通过；原章定位 game_t00936_ruby
ビンゴ・フュエル,返航燃料,candidate,050_UAF_DAY95_01.egpack,tda00-draft,290,沿用已有,1,；历史候选草案，confirmed_translation 列有值不视作审核通过；原章定位 game_t01791_ruby
フネ,船,candidate,030_UAF_DAY93_01.egpack,tda00-draft,291,沿用已有,1,；历史候选草案，confirmed_translation 列有值不视作审核通过；原章定位 game_t00626_ruby
ブラック・ナイヴス・ドント・クイット,黑刃永不放弃,candidate,020_UAF_DAY91_01.egpack,tda00-draft,292,沿用已有,1,；历史候选草案，confirmed_translation 列有值不视作审核通过；原章定位 game_t00086_ruby
ブラディ・ナイトメア,血色噩梦,candidate,040_UAF_DAY94_01.egpack,tda00-draft,293,沿用已有,1,；历史候选草案，confirmed_translation 列有值不视作审核通过；原章定位 game_t00994_ruby
ボデイバッグ,尸袋,candidate,050_UAF_DAY95_01.egpack,tda00-draft,294,沿用已有,1,；历史候选草案，confirmed_translation 列有值不视作审核通过；原章定位 game_t01889_ruby
レイジング・バスターズ,狂怒破坏者队,candidate,090_UAF_DAY99_01.egpack,tda00-draft,295,沿用已有,1,；历史候选草案，confirmed_translation 列有值不视作审核通过；原章定位 game_t03199_ruby
レーザー,激光,candidate,090_UAF_DAY99_01.egpack,tda00-draft,296,沿用已有,1,；历史候选草案，confirmed_translation 列有值不视作审核通过；原章定位 game_t03302_ruby
あなたたち,你们,candidate,060_UAF_DAY96_01.egpack,tda00-draft,297,沿用已有,1,；历史候选草案，confirmed_translation 列有值不视作审核通过；原章定位 game_t02167_ruby
かもしれない,也许,candidate,040_UAF_DAY94_01.egpack,tda00-draft,298,沿用已有,1,；历史候选草案，confirmed_translation 列有值不视作审核通过；原章定位 game_t01473_ruby
これからも,今后也,candidate,050_UAF_DAY95_01.egpack,tda00-draft,299,沿用已有,1,；历史候选草案，confirmed_translation 列有值不视作审核通过；原章定位 game_t01726_ruby
そんなの必要ない,不需要那种东西,candidate,050_UAF_DAY95_01.egpack,tda00-draft,300,沿用已有,1,；历史候选草案，confirmed_translation 列有值不视作审核通过；原章定位 game_t01890_ruby
まだ,还,candidate,090_UAF_DAY99_01.egpack,tda00-draft,301,沿用已有,1,；历史候选草案，confirmed_translation 列有值不视作审核通过；原章定位 game_t03082_ruby
体重,体重,candidate,020_UAF_DAY91_01.egpack,tda00-draft,302,沿用已有,1,；历史候选草案，confirmed_translation 列有值不视作审核通过；原章定位 game_t00364_ruby
俺たちは皆,我们所有人,candidate,060_UAF_DAY96_01.egpack,tda00-draft,303,沿用已有,1,；历史候选草案，confirmed_translation 列有值不视作审核通过；原章定位 game_t02679_ruby
光線,激光,candidate,090_UAF_DAY99_01.egpack,tda00-draft,304,沿用已有,1,；历史候选草案，confirmed_translation 列有值不视作审核通过；原章定位 game_t03302_ruby
分隊編成,分队编成,candidate,060_UAF_DAY96_01.egpack,tda00-draft,305,沿用已有,1,；历史候选草案，confirmed_translation 列有值不视作审核通过；原章定位 game_t02431_ruby
到着予想時刻,预计到达时间,candidate,050_UAF_DAY95_01.egpack,tda00-draft,306,沿用已有,1,；历史候选草案，confirmed_translation 列有值不视作审核通过；原章定位 game_t01934_ruby
動力降下,动力下降,candidate,050_UAF_DAY95_01.egpack,tda00-draft,307,沿用已有,1,；历史候选草案，confirmed_translation 列有值不视作审核通过；原章定位 game_t01859_ruby
名無しの死体,无名尸体,candidate,060_UAF_DAY96_01.egpack,tda00-draft,308,沿用已有,1,；历史候选草案，confirmed_translation 列有值不视作审核通过；原章定位 game_t02044_ruby
大海崩,大海崩,candidate,030_UAF_DAY93_01.egpack,tda00-draft,309,沿用已有,1,；历史候选草案，confirmed_translation 列有值不视作审核通过；原章定位 game_t00672_ruby
孤島,孤岛,candidate,020_UAF_DAY91_01.egpack,tda00-draft,310,沿用已有,1,；历史候选草案，confirmed_translation 列有值不视作审核通过；原章定位 game_t00096_ruby
帰投可能推進剤残量,返航燃料余量,candidate,050_UAF_DAY95_01.egpack,tda00-draft,311,沿用已有,1,；历史候选草案，confirmed_translation 列有值不视作审核通过；原章定位 game_t01791_ruby
性能のいい,性能好的,candidate,050_UAF_DAY95_01.egpack,tda00-draft,312,沿用已有,1,；历史候选草案，confirmed_translation 列有值不视作审核通过；原章定位 game_t01723_ruby
捷報,捷报,candidate,010_UAFプロローグ.egpack,tda00-draft,313,沿用已有,1,；历史候选草案，confirmed_translation 列有值不视作审核通过；原章定位 game_t00009_ruby
日本帝国,日本帝国,candidate,040_UAF_DAY94_01.egpack,tda00-draft,314,沿用已有,1,；历史候选草案，confirmed_translation 列有值不视作审核通过；原章定位 game_t01499_ruby
未帰還,未归还,candidate,060_UAF_DAY96_01.egpack,tda00-draft,315,沿用已有,1,；历史候选草案，confirmed_translation 列有值不视作审核通过；原章定位 game_t02068_ruby
本来の隊長,原本的队长,candidate,060_UAF_DAY96_01.egpack,tda00-draft,316,沿用已有,1,；历史候选草案，confirmed_translation 列有值不视作审核通过；原章定位 game_t02644_ruby
正純米国主義,纯正美国主义,candidate,040_UAF_DAY94_01.egpack,tda00-draft,317,沿用已有,1,；历史候选草案，confirmed_translation 列有值不视作审核通过；原章定位 game_t01532_ruby
死体も出ない,连尸体都不会出现,candidate,060_UAF_DAY96_01.egpack,tda00-draft,318,沿用已有,1,；历史候选草案，confirmed_translation 列有值不视作审核通过；原章定位 game_t02064_ruby
死体袋,尸袋,candidate,050_UAF_DAY95_01.egpack,tda00-draft,319,沿用已有,1,；历史候选草案，confirmed_translation 列有值不视作审核通过；原章定位 game_t01889_ruby
母艦,母舰,candidate,030_UAF_DAY93_01.egpack,tda00-draft,320,沿用已有,1,；历史候选草案，confirmed_translation 列有值不视作审核通过；原章定位 game_t00626_ruby
母艦自体,母舰本身,candidate,020_UAF_DAY91_01.egpack,tda00-draft,321,沿用已有,1,；历史候选草案，confirmed_translation 列有值不视作审核通过；原章定位 game_t00091_ruby
汚れ,污垢,candidate,020_UAF_DAY91_01.egpack,tda00-draft,322,沿用已有,1,；历史候选草案，confirmed_translation 列有值不视作审核通过；原章定位 game_t00480_ruby
注意を怠るな,不得疏忽警戒,candidate,050_UAF_DAY95_01.egpack,tda00-draft,323,沿用已有,1,；历史候选草案，confirmed_translation 列有值不视作审核通过；原章定位 game_t01687_ruby
海兵第３１８戦術機隊,海军陆战队第318战术机队,candidate,090_UAF_DAY99_01.egpack,tda00-draft,324,沿用已有,1,；历史候选草案，confirmed_translation 列有值不视作审核通过；原章定位 game_t03238_ruby
海兵隊第３１８戦術機隊,海军陆战队第318战术机队,candidate,030_UAF_DAY93_01.egpack,tda00-draft,325,沿用已有,1,；历史候选草案，confirmed_translation 列有值不视作审核通过；原章定位 game_t00738_ruby
海軍戦術機隊,海军战术机队,candidate,090_UAF_DAY99_01.egpack,tda00-draft,326,沿用已有,1,；历史候选草案，confirmed_translation 列有值不视作审核通过；原章定位 game_t03199_ruby
物資,物资,candidate,060_UAF_DAY96_01.egpack,tda00-draft,327,沿用已有,1,；历史候选草案，confirmed_translation 列有值不视作审核通过；原章定位 game_t02576_ruby
特技,特长,candidate,040_UAF_DAY94_01.egpack,tda00-draft,328,沿用已有,1,；历史候选草案，confirmed_translation 列有值不视作审核通过；原章定位 game_t01558_ruby
状況に鑑み,鉴于情况,candidate,060_UAF_DAY96_01.egpack,tda00-draft,329,沿用已有,1,；历史候选草案，confirmed_translation 列有值不视作审核通过；原章定位 game_t02451_ruby
生涯忠誠,终身忠诚,candidate,090_UAF_DAY99_01.egpack,tda00-draft,330,沿用已有,1,；历史候选草案，confirmed_translation 列有值不视作审核通过；原章定位 game_t03229_ruby
相棒,搭档,candidate,060_UAF_DAY96_01.egpack,tda00-draft,331,沿用已有,1,；历史候选草案，confirmed_translation 列有值不视作审核通过；原章定位 game_t02645_ruby
突撃,突击,candidate,090_UAF_DAY99_01.egpack,tda00-draft,332,沿用已有,1,；历史候选草案，confirmed_translation 列有值不视作审核通过；原章定位 game_t03214_ruby
第３１８戦術機隊は諦めない,第318战术机队绝不放弃,candidate,020_UAF_DAY91_01.egpack,tda00-draft,333,沿用已有,1,；历史候选草案，confirmed_translation 列有值不视作审核通过；原章定位 game_t00086_ruby
第５３６戦術機隊,第536战术机队,candidate,040_UAF_DAY94_01.egpack,tda00-draft,334,沿用已有,1,；历史候选草案，confirmed_translation 列有值不视作审核通过；原章定位 game_t00994_ruby
米軍,美军,candidate,040_UAF_DAY94_01.egpack,tda00-draft,335,沿用已有,1,；历史候选草案，confirmed_translation 列有值不视作审核通过；原章定位 game_t00987_ruby
総員気をつけ,全员立正,candidate,030_UAF_DAY93_01.egpack,tda00-draft,336,沿用已有,1,；历史候选草案，confirmed_translation 列有值不视作审核通过；原章定位 game_t00664_ruby
西洋風の名前をつけてまで,甚至取了西式名字,candidate,040_UAF_DAY94_01.egpack,tda00-draft,337,沿用已有,1,；历史候选草案，confirmed_translation 列有值不视作审核通过；原章定位 game_t01229_ruby
認識票,身份牌,candidate,050_UAF_DAY95_01.egpack,tda00-draft,338,沿用已有,1,；历史候选草案，confirmed_translation 列有值不视作审核通过；原章定位 game_t01918_ruby
誰かが,有人,candidate,040_UAF_DAY94_01.egpack,tda00-draft,339,沿用已有,1,；历史候选草案，confirmed_translation 列有值不视作审核通过；原章定位 game_t01328_ruby
識別票,识别牌,candidate,050_UAF_DAY95_01.egpack,tda00-draft,340,沿用已有,1,；历史候选草案，confirmed_translation 列有值不视作审核通过；原章定位 game_t01896_ruby
輸送任務,运输任务,candidate,040_UAF_DAY94_01.egpack,tda00-draft,341,沿用已有,1,；历史候选草案，confirmed_translation 列有值不视作审核通过；原章定位 game_t01497_ruby
近接兵器,近接武器,candidate,090_UAF_DAY99_02.egpack,tda00-draft,342,沿用已有,1,；历史候选草案，confirmed_translation 列有值不视作审核通过；原章定位 game_t03493_ruby
選択肢,选项,candidate,060_UAF_DAY96_01.egpack,tda00-draft,343,沿用已有,1,；历史候选草案，confirmed_translation 列有值不视作审核通过；原章定位 game_t02221_ruby
重くても,再重也,candidate,020_UAF_DAY91_01.egpack,tda00-draft,344,沿用已有,1,；历史候选草案，confirmed_translation 列有值不视作审核通过；原章定位 game_t00374_ruby
頭でっかち,头重脚轻,candidate,030_UAF_DAY93_01.egpack,tda00-draft,345,沿用已有,1,；历史候选草案，confirmed_translation 列有值不视作审核通过；原章定位 game_t00803_ruby
２機分隊行動,双机分队行动,candidate,050_UAF_DAY95_01.egpack,tda00-draft,346,沿用已有,1,；历史候选草案，confirmed_translation 列有值不视作审核通过；原章定位 game_t01867_ruby
９６日が経ちました,已经过了96天,candidate,060_UAF_DAY96_01.egpack,tda00-draft,347,沿用已有,1,；历史候选草案，confirmed_translation 列有值不视作审核通过；原章定位 game_t02466_ruby
Ｆ－１８Ｅ,F-18E,candidate,020_UAF_DAY91_01.egpack,tda00-draft,348,沿用已有,1,；历史候选草案，confirmed_translation 列有值不视作审核通过；原章定位 game_t00318_ruby
ＪＦＫ,JFK,candidate,040_UAF_DAY94_01.egpack,tda00-draft,349,沿用已有,1,；历史候选草案，confirmed_translation 列有值不视作审核通过；原章定位 game_t00936_ruby
ウィル,威尔,candidate,__speakers__.egpack,tda00-draft,350,沿用已有,1,；历史候选草案，confirmed_translation 列有值不视作审核通过；原章定位 game_s00001
ウィル・リリア,威尔·莉莉娅,candidate,__speakers__.egpack,tda00-draft,351,沿用已有,1,；历史候选草案，confirmed_translation 列有值不视作审核通过；原章定位 game_s00002
オペレーター,操作员,candidate,__speakers__.egpack,tda00-draft,352,沿用已有,1,；历史候选草案，confirmed_translation 列有值不视作审核通过；原章定位 game_s00003
オールストン准将,奥尔斯顿准将,candidate,__speakers__.egpack,tda00-draft,353,沿用已有,1,；历史候选草案，confirmed_translation 列有值不视作审核通过；原章定位 game_s00004
ダリル,达里尔,candidate,__speakers__.egpack,tda00-draft,354,沿用已有,1,；历史候选草案，confirmed_translation 列有值不视作审核通过；原章定位 game_s00005
テイラー大将,泰勒大将,candidate,__speakers__.egpack,tda00-draft,355,沿用已有,1,；历史候选草案，confirmed_translation 列有值不视作审核通过；原章定位 game_s00006
バスター１,破坏者1,candidate,__speakers__.egpack,tda00-draft,356,沿用已有,1,；历史候选草案，confirmed_translation 列有值不视作审核通过；原章定位 game_s00007
バスター２,破坏者2,candidate,__speakers__.egpack,tda00-draft,357,沿用已有,1,；历史候选草案，confirmed_translation 列有值不视作审核通过；原章定位 game_s00008
マクマナス中尉,麦克马纳斯中尉,candidate,__speakers__.egpack,tda00-draft,358,沿用已有,1,；历史候选草案，confirmed_translation 列有值不视作审核通过；原章定位 game_s00009
メルヴィナ,梅尔维娜,candidate,__speakers__.egpack,tda00-draft,359,沿用已有,1,；历史候选草案，confirmed_translation 列有值不视作审核通过；原章定位 game_s00010
リリア,莉莉娅,candidate,__speakers__.egpack,tda00-draft,360,沿用已有,1,；历史候选草案，confirmed_translation 列有值不视作审核通过；原章定位 game_s00011
中尉,中尉,candidate,__speakers__.egpack,tda00-draft,361,沿用已有,1,；历史候选草案，confirmed_translation 列有值不视作审核通过；原章定位 game_s00012
少尉,少尉,candidate,__speakers__.egpack,tda00-draft,362,沿用已有,1,；历史候选草案，confirmed_translation 列有值不视作审核通过；原章定位 game_s00014
整備兵,整备兵,candidate,__speakers__.egpack,tda00-draft,363,沿用已有,1,；历史候选草案，confirmed_translation 列有值不视作审核通过；原章定位 game_s00015
神宮司少佐,神宫司少佐,candidate,__speakers__.egpack,tda00-draft,364,沿用已有,1,；历史候选草案，confirmed_translation 列有值不视作审核通过；原章定位 game_s00000
航海長,航海长,candidate,__speakers__.egpack,tda00-draft,365,沿用已有,1,；历史候选草案，confirmed_translation 列有值不视作审核通过；原章定位 game_s00016
軍医,军医,candidate,__speakers__.egpack,tda00-draft,366,沿用已有,1,；历史候选草案，confirmed_translation 列有值不视作审核通过；原章定位 game_s00017
ＪＦＫオペレーター,JFK操作员,candidate,__speakers__.egpack,tda00-draft,367,沿用已有,1,；历史候选草案，confirmed_translation 列有值不视作审核通过；原章定位 game_s00018
ＪＦＫオペレーター１,JFK操作员1,candidate,__speakers__.egpack,tda00-draft,368,沿用已有,1,；历史候选草案，confirmed_translation 列有值不视作审核通过；原章定位 game_s00019
ＪＦＫオペレーター２,JFK操作员2,candidate,__speakers__.egpack,tda00-draft,369,沿用已有,1,；历史候选草案，confirmed_translation 列有值不视作审核通过；原章定位 game_s00020
ゴルフセット,高尔夫套件,candidate,090_UAF_DAY99_01.egpack,tda00-draft,370,用户确认,2,TDA00 user decision 20260620；历史候选草案，confirmed_translation 列有值不视作审核通过；原章定位 game_t03066
ウォードッグ,战犬,confirmed,100_UAF_DAY100_01,tda-shared-decisions,7,documented-user-decision,1,旧 TDA 交接记录已确认；仅在本作命中范围使用。
