binding_id,kind,translated_text,cn_annotations,review_scope,jp_utf8_sha256,en_utf8_sha256
pm:vm:photonmelodies11.rio.003:1668688832:00002004:00001,cvm,【沃肯】「各位，通信器都带在身上了吗？」<01>,[],layout_only,371a6f32d4c4e5e78f6d7e4e1d6af33c2cc74e33913f4b2ef160835f6db4c0e6,53e2406c890f22a41c0243f1d8f90f61be6a0f2edd08a8f99ee06dd1aa051af2
pm:vm:photonmelodies11.rio.003:1668688832:00002060:00002,cvm,【武】「――是！」<0A>【B小队女生】「――是！」<01>,[],layout_only,cf0af8cbe827d17b7b2a315d355b4976e7b0f2d00c2ba4d8a74692b759577a38,b8fcb10db8d9a1c7eeee578d9b9ec509794b1cfd40a9b94f53f2652e42577798
pm:vm:photonmelodies11.rio.003:1668688832:00002300:00003,cvm,连通信器都发下来了，还真是够专业的啊……<0A>虽然我很想这么感慨……<01>,[],layout_only,535f68281682d3ea10611f6e89417a0045bc4e4dc0ad8849931392f51e2c09d7,90e539e0e4d5069fcfc84f1d1c292cb10fe6bdf2a3f5da129c790b4414ad2eae
pm:vm:photonmelodies11.rio.003:1668688832:00002524:00004,cvm,……不过，这也没办法。<0A>这种地方，敌人和自己人在哪儿都看不清。<0A>没有通信器的话肯定很难配合，<0A>更重要的是心里没底。<01>,[],layout_only,8c711df7fc1d148c2c8f7314ffd9d245b26e964774b2d81ebe11f1b5f94c415d,bde8d619c9cd064bd64cac5ceab8804b4cac3ded6b9c6dc4a30cfab015ad6075
pm:vm:photonmelodies11.rio.003:1668688832:00002568:00005,cvm,明明只要踏出场地一步就回到校园里……<0A>可这里简直就是密林，<0A>外面的景色一点都看不见，根本没法拿来当路标。<01>,[],layout_only,5af9c6021428ad90b5a897f22a675fbb2a5ecbb2ecf4a61a3c3bf6389ac8da4c,fc487392fc9771deb628f577c8e79fd97e631fd7527df0371a39593c31b1e68a
pm:vm:photonmelodies11.rio.003:1668688832:00002624:00006,cvm,【沃肯】「――下面说明作战方案」<01>,[],layout_only,b900df50a911c545d64bd3790fbfee4c7e3f45f4866cee9c7179a92934b21376,9f67ea0f7965a7b7b450c497645382a47c946e6449c55ffa6e103ed9458714a8
pm:vm:photonmelodies11.rio.003:1668688832:00003144:00007,cvm,【沃肯】「这片场地没有公开地图。<0A>因此，地形和敌方 CP 的位置都不明」<01>,[],layout_only,82b7cbfe6e0c70555f5f71e394f0de1f292e76785885a4f639c7a5f05983d713,def251e46e7ac00e201586af896d3f6e1372e01ac6096d5926de8070eeba81da
pm:vm:photonmelodies11.rio.003:1668688832:00003452:00008,cvm,【沃肯】「考虑到这里不仅是密林，<0A>地形也起伏不平，<0A>把歼灭敌军作为作战的首要目标并不现实」<01>,[],layout_only,bcffe550c90e0c51ac8fc91f66856868fdef173bf7c0a80f95ab4ecc18c5cba9,0c2faaeab6e88ef291760b784b038c1d6fe6421f3a85e7be6206da4325fd4fbd
pm:vm:photonmelodies11.rio.003:1668688832:00003496:00009,cvm,原来如此。要是对方一直埋伏着，<0A>我们基本不可能发现；<0A>可不动起来，又找不到敌方 CP。<01>,[],layout_only,70cca18c2b1ddf7caac09653e45f0c2e06867df6c5f357707c819c048a79c326,b3a78a6db4b37d2cb6f74d481f3188d450fe213d6d908d9e8746df8075f6d7c1
pm:vm:photonmelodies11.rio.003:1668688832:00003540:00010,cvm,就算发生交火，电动枪的威力也打不穿灌木丛。<0A>看来这下，会以近距离战斗为主了……。<01>,[],layout_only,df5431275b1ddb22308b03a2bbf67152d4762c3892319b855098bb32f6b6f162,b9bf1a9c4afee860ff9dcff85aba81772829002ae2818b89a5e6bb9e155360e4
pm:vm:photonmelodies11.rio.003:1668688832:00003848:00011,cvm,【沃肯】「因此，索敌与机动力至关重要，<0A>发现敌方 CP 后的协同精度将决定胜负」<01>,[],layout_only,ec5aa5d22d7510f39df426d777cb5df320f1ca22283fd6c736ebbced078cd408,741713f57c388118d2fc445d5a3c79578128ffdecf0229d29d269a4804d8860e
pm:vm:photonmelodies11.rio.003:1668688832:00003904:00012,cvm,【千鹤】「也就是说，<0A>先掌握敌方 CP 的位置并攻进去，<0A>拿下大将……说到底就是比速度，对吧？」<01>,[],layout_only,a49695eed48efe98c20354331832cc9047843662cd9496670e930e3305346e26,dc7241d4fd1147eb0f50f8d23ef6a274f29063e78c5b476484123987335013b2
pm:vm:photonmelodies11.rio.003:1668688832:00004156:00013,cvm,【沃肯】「正是。既然灌木丛可以作为掩护，<0A>就不要拘泥于单独的遭遇战。<0A>迅速脱离，优先索敌与协同。」<01>,[],layout_only,4d8da124a13e54e8262a7f4f7f18951ad3c698c9bda1d790d5a6f667fcea1c27,44d005f267aff9e8a00d25dcb5456573ec3ec3a3078c91ccf05074f8c33b16a4
pm:vm:photonmelodies11.rio.003:1668688832:00004212:00014,cvm,【武】「——是！」<0A>【B小队女生】「——是！」<01>,[],layout_only,cf0af8cbe827d17b7b2a315d355b4976e7b0f2d00c2ba4d8a74692b759577a38,b8fcb10db8d9a1c7eeee578d9b9ec509794b1cfd40a9b94f53f2652e42577798
pm:vm:photonmelodies11.rio.003:1668688832:00004604:00015,cvm,【沃肯】「――铠衣！」<01>,[],layout_only,d7c742ddaefaf0124e1f9bc87b2919c65b3e87f3b17caddef717f9cdde1bbd8f,a64ce9b3ea569ed776fab84d90fb689f85edfb1a1e383b1e6d68a679ba175f65
pm:vm:photonmelodies11.rio.003:1668688832:00005404:00016,cvm,【美琴】「――是、是！」<01>,[],layout_only,87f331727cf120fa05c827bbb0fd50780ea310be5ee50c85766ab7663c01338e,143d6bdd7f1f5625d3238ca343da646005705e2893d1171b42c0147f23455258
pm:vm:photonmelodies11.rio.003:1668688832:00005460:00017,cvm,【沃肯】「比赛一开始，你就去搜索整个场地，<0A>确认敌方 CP 的位置――」<01>,[],layout_only,3680077475afc462d45010984c3a0282bbe4f843a99e4aed4e918b176697fc83,15777ad54009d92bde933ef42aee1e810119c5cbac791eb007e8e8e31dde5391
pm:vm:photonmelodies11.rio.003:1668688832:00005504:00018,cvm,原来如此……美琴体验过真正的丛林，<0A>不管是机动力还是索敌，<0A>对她来说应该都不在话下……！<01>,[],layout_only,cd289955f8dc45dfa0788513a20b04563829bd6774d378c8f72189bb850bf9f7,42452c7657dbfb985f28e5f6fe17e4b48e785785b284e2ef4335c5fdc7889b99
pm:vm:photonmelodies11.rio.003:1668688832:00006080:00019,cvm,【沃肯】「――怎么样，能做到吗？」<01>,[],layout_only,6cb44e102463e981134192e305e82f0dee834fc7a3198c58c4283fef959955a1,01b6309368710dcf9afeb4eb8d5b12db25ff0564c95a4ebfcc06364b9c1316f8
pm:vm:photonmelodies11.rio.003:1668688832:00006448:00020,cvm,【美琴】「是，没问题！哎呀～，<0A>其实之前我和爸爸一起去亚马逊河流域――」<01>,[],layout_only,7f4d4c807b218ca232dee91723710b87dff0df9c0536a6e60377037728157125,2b6e69b6b9bb5da9a02947dbb79bd2bf5ead664b4c94624ba1713c9f0c2f1de3
pm:vm:photonmelodies11.rio.003:1668688832:00007016:00021,cvm,【沃肯】「等拿下冠军以后，再让我慢慢听你讲。<0A>发现敌方 CP 后立刻联络，并引导攻击部队」<01>,[],layout_only,f2e628c5fbac57b421fc821a30359824cd0630171b511e13be9406809a1b2ce7,4a22063ddda63602c81fa8e3adf552953552903d355ef67debaefd324440b309
pm:vm:photonmelodies11.rio.003:1668688832:00007072:00022,cvm,【美琴】「明白！」<01>,[],layout_only,c4b56371e5da92ecaf3e3668da97971aa99e55f6813e7942788c68ed37d95bb8,c13c3c68db7c698e5dd6651138a11d89e7db1d9b11fa76691971fbcaf613f46b
pm:vm:photonmelodies11.rio.003:1668688832:00007128:00023,cvm,【沃肯】「无论香月老师准备了什么策略，<0A>敌队中也不该存在能力足以匹敌铠衣的人。<0A>――抢占先机，就此结束战斗。」<01>,[],layout_only,ccde1d003e1867c48f31597c14cb87631ae74c85c51297828aac1db9242dd13f,67b844248630fa77856bb138e0c7bc8026eb567dc4303e19563fd62163b9cb6c
pm:vm:photonmelodies11.rio.003:1668688832:00007484:00024,cvm,【武】「美琴～～，有你在，<0A>我们这下是不是已经很有胜算了？！」<01>,[],layout_only,15539b7100978bbbf6ab443f3a54fd965ffb6b3e3c79a71d4cbc81afe123fa3f,ee3ca4629c9622f7f78f1573ed256dbc8ac660c0f00db3c7015d9792fbd05001
pm:vm:photonmelodies11.rio.003:1668688832:00007716:00025,cvm,【美琴】「嗯，我会加油的～～！！」<01>,[],layout_only,e110fc5ef11baec46de1bd504414fc9bc24ab74da7a741178721f447be55a9d6,ee042d1fadef93abe70e063fac94690940bc8e088c70fece6b1fa5a61cd9aa27
pm:vm:photonmelodies11.rio.003:1668688832:00008236:00026,cvm,【沃肯】「从现在起，<0A>决赛的作战名称定为『精灵王作战』。」<01>,"[""精灵王:奥伯龙""]",layout_only,ebeef8a172125bfd12049075d22f3c5e72f10b09a8ecdaf172462ce17b508cce,194e2b13ea5f8e4ebb3915f4f756abd67c7660a3b65b0bbe1df675c3d26cf732
pm:vm:photonmelodies11.rio.003:1668688832:00008488:00027,cvm,【纯夏、美琴、壬姬、柏木】「喔喔～～」<01>,[],layout_only,17167626e08fb15d5554a896b8178bae432d4eb8832be8fbb16c23d135c965f8,200eb39a6ca355a8a8acd6d02805980d7cf543329c5176b89efa44470173894f
pm:vm:photonmelodies11.rio.003:1668688832:00008532:00028,cvm,还是第一次给行动起名字啊，<0A>感觉气氛一下子就燃起来了！<01>,[],layout_only,ebe346319085f9de7a4a9ffea1ac71a7ba86fd5156e4c2d232e6487b65882880,35ca9d61249d0bd2a67caccdf26323cb76c74b5ed09ee38df9246d357058fbbb
pm:vm:photonmelodies11.rio.003:1668688832:00008576:00029,cvm,【武】「不过，精灵王是什么意思？」<01>,"[""精灵王:奥伯龙""]",layout_only,d6f359c6d01917591a25578fc7f6c208cd66647c09578654a6bd9df8acb3e433,218d72ce04f8adc9545b43e78ede76acf4f194f1c48adb22c469dc57c94ccfaa
pm:vm:photonmelodies11.rio.003:1668688832:00009060:00030,cvm,【冥夜】「那是莎士比亚戏剧中登场的<0A>森林妖精之王的名字」<01>,[],layout_only,af9cac5ddd8a0b9b2597f58e6d0647dd02135d2538c054ac3c779ba0ca599683,bba5e476bd553d04e621b6259ff47f54d770bff2aad77549dd442a4fc44bcd8b
pm:vm:photonmelodies11.rio.003:1668688832:00009116:00031,cvm,【悠阳】「统御这片森林之人……<0A>也就是指铠衣同学吧」<01>,[],layout_only,62288361109cfc3abefeaf0ff4a975eda5d2a6ff544b01e1ba3fdf5d68f198fe,8cba315037fae47efc44400c556f492ec5534362f932a2fae3002799064bb840
pm:vm:photonmelodies11.rio.003:1668688832:00009172:00032,cvm,【千鹤】「沃肯老师……没想到还挺浪漫的呢。」<01>,[],layout_only,93e7182b09b153891d03f7c4a9b0229d5ab40bf15384b43c4a00e15e9d7794f2,e071178d16df489de1c95c805ee565c4fadbee668a2c2be2ae485b4e9484efe2
pm:vm:photonmelodies11.rio.003:1668688832:00009352:00033,cvm,【武】「――喂喂，奥伯龙！<0A>你这责任可重大了啊～！」<01>,[],layout_only,82312ad7b6de78fa833b9b7686a14bd06c0882cf6b0c84fa4a3a291c76046873,4f36d8fd16734caf239a8d992d48ba2c3953ca129fd52f3acd88d3f6c9e4f592
pm:vm:photonmelodies11.rio.003:1668688832:00009584:00034,cvm,【美琴】「啊哈哈……有点不好意思呢。」<01>,[],layout_only,26a8c6b084549ce0b8ed522617a29b74788cb545e8168ac5b01de4734c9150e4,739642dc34ca9d6c57e2600c62b9137892d05e3dbc48b0f576dcc35ece9164b2
pm:vm:photonmelodies11.rio.003:1668688832:00010096:00035,cvm,【沃肯】「接下来说明配置。<0A>当然，一部分安排与之前不同。<0A>另外，使用无线通信时，<0A>采用训练时分配给你们的呼号。」<01>,[],layout_only,efe04f146f7ab3e2f8d0962d976255a2afeaa0e14d60db4d23153bc3dfbb2fd6,44c1175c52c594ded2e57d0dc8107e9496a39d7d3147b045c1fd30e15a016d60
pm:vm:photonmelodies11.rio.003:1668688832:00010152:00036,cvm,【沃肯】「这是为了隐藏姓名，<0A>防止敌人根据每个人的部署和行动<0A>识破作战内容。各自都记得吧？」<01>,[],layout_only,1c8b5f6fb9fc75e27f586c31b626dc96c6bc7a19236679a25c9af9e90879c6ab,7f494e40eb1402504e5a331acc505efca184454886dba8c119276ed6f9f7a822
pm:vm:photonmelodies11.rio.003:1668688832:00010196:00037,cvm,终于等到使用呼号的时候了！<0A>呵呵呵呵……兴奋度 MAX 啊！！<01>,[],layout_only,4df1b289f83fd069ef179996cd3bb29847b20469865ae9f6fa63831695048e5f,aa630ce6d78ea042bdd3b7b3b874dd65dfb11f916d64887128a5ff4bc9154223
pm:vm:photonmelodies11.rio.003:1668688832:00010252:00038,cvm,【沃肯】「以作战名‘奥伯龙’为前缀，<0A>再报出各自的编号。――铠衣！」<01>,[],layout_only,50004620a9331dd25cf0684fc9c919442c89e22437919963729c977c9acc85a9,c6fe07ddc68268a5d0fa12613edd48e358065129cc51f397aeb048e6dbaf742c
pm:vm:photonmelodies11.rio.003:1668688832:00011000:00039,cvm,【美琴】「――奥伯龙1！」<01>,[],layout_only,4a7c9448430a40b74ad777dc399ba5f04bd79bb95771d66ebfc474bfaaa3af2c,83332cc0e15291e01832c29e884388a6292c1ab0347204ef858b54fd1b75bdbb
pm:vm:photonmelodies11.rio.003:1668688832:00011408:00040,cvm,【沃肯】「――御剑！」<01>,[],layout_only,3422a553e1d8594654b414631141451b54d9851e39099baa00d683eebbdb2541,c063efb8d76f8628d8043531eed44561829c6eef712f58ec6484cf4ab8f9f275
pm:vm:photonmelodies11.rio.003:1668688832:00012108:00041,cvm,【冥夜】「――奥伯龙2！」<01>,[],layout_only,c999cdfba89639ffb58c1e1254daa39a574efdfaa969769a4b62af1ad8bca7a3,c4267d7ce9302bef45721d56b586d017d6308d04ef70044c9ddd7776b54cf303
pm:vm:photonmelodies11.rio.003:1668688832:00012516:00042,cvm,【沃肯】「你负责支援铠衣。<0A>如果可能，就由你们两人压制 CP」<01>,[],layout_only,94f1487f63b6dd41f1cb642bfc97e83e28341050ed63df8b668d45537a00054d,04016e7c84751a909d3bb56b23661a2c06c4de71a263974629b0e4158e54ff55
pm:vm:photonmelodies11.rio.003:1668688832:00013296:00043,cvm,【美琴】「――是！」<0A>【冥夜】「――是。」<01>,[],layout_only,e2366b6907d559c84be3757db9ad463532a07aa722565ed614594cb222c44d66,6acab963b2145eb3cd7c5640950d2e7a9660c77ffdad90cc89579b3910d10189
pm:vm:photonmelodies11.rio.003:1668688832:00013732:00044,cvm,【沃肯】「――白银，彩峰！」<01>,[],layout_only,b1b41584d47f71bc7c0e391e07666693e14aa53e29cf6243d701031028562e2f,3aea1e701bf0b0eb9b6a563025b4a1baff24a38990f324362616a21f7c039d75
pm:vm:photonmelodies11.rio.003:1668688832:00014792:00045,cvm,【武】「――奥伯龙3！」<0A>【慧】「奥伯龙4。」<01>,[],layout_only,134b7eb0499dac30cd3fbd60fcdfd245960e64d680363763864fa0f62a6c1d4b,d7281dfcd848b56059eb16b6f737320e987ed2e0788500ca778ab5d5a0240ad2
pm:vm:photonmelodies11.rio.003:1668688832:00015128:00046,cvm,【沃肯】「你们利用机动力从中央突进。<0A>吸引敌方攻击部队的注意，拖住他们。<0A>不必强求歼灭目标」<01>,[],layout_only,e5bcc3ace7a3b20ec5234af87333d3f728581cd1a15f1738ada55c47c308a2ed,0331d1c686246932e624e286dfecb8e8a001d5cb8f98ac525bb35929b6f4e38e
pm:vm:photonmelodies11.rio.003:1668688832:00015520:00047,cvm,【武】「――是！」<0A>【慧】「是。」<01>,[],layout_only,3efd9f683fae9fc5a042a9d0e670b666710e33386a4e5b1b1dde826b2ace591b,c41642a60e67afc354a8aa8fc12167fd798cdfe48fadae152aea3bc1cc5e5774
pm:vm:photonmelodies11.rio.003:1668688832:00016096:00048,cvm,【沃肯】「――榊！」<01>,[],layout_only,023b25d5b2cd3f097c4e8da279d2845fddc07e0ea18a0fd69edc2c2c51905ccb,14b5b11328e521455951c8bfaada28672fff62e3b48aa7b199924388f0dd7454
pm:vm:photonmelodies11.rio.003:1668688832:00016820:00049,cvm,【千鹤】「奥伯龙5！」<01>,[],layout_only,d88014295ed909c294acaa50acdaf86bfe26c2fa8cc4a7d863e69386a9656cf0,44eaa04c3f82505aa13c5eaf911af345e8ff5c0214604e0c9af3d659a5b2ab9e
pm:vm:photonmelodies11.rio.003:1668688832:00016904:00050,cvm,【沃肯】「你负责支援白银和彩峰。<0A>把被他们赶出来的目标逐一解决。」<01>,[],layout_only,db892a2ad6c2dff931c1e9ed69eda8391856239cfe4912944eb3a282d57493fc,ced449cc5af1c78ad13a9e5eaa1ac96338c8675483f69a03a228ca31d10e2f6c
pm:vm:photonmelodies11.rio.003:1668688832:00016960:00051,cvm,【千鹤】「是！」<01>,[],layout_only,928dd5004dec633f24f9e77cf249751a29f9d4859059071b8ba0aaca499c4707,05ac4ac72515b7bf78c9b65b1fe7c245da18a511a232d2a3191f52132d04e0b6
pm:vm:photonmelodies11.rio.003:1668688832:00017016:00052,cvm,【沃肯】「话说回来，<0A>你到目前为止一次都没有误射过彩峰吧？」<01>,[],layout_only,80c9e017f97f48fef5362924f1dd0f8633b4cd0768f4cbdbd3d808902e3929dd,850d8f90c8e07f99e066974eff7abb07356911a965199f2b38143ee39f332548
pm:vm:photonmelodies11.rio.003:1668688832:00017472:00053,cvm,【千鹤】「那、那个又不是我真的想打……」<01>,[],layout_only,a08f36fa163a55a15425ca8c5d973f4a7b49d346d85bdb2244fd8aeb75bb9b43,48624fea50c035942e71d1e7f9bf5b3e524e03a856bf6777baced99ce31ab133
pm:vm:photonmelodies11.rio.003:1668688832:00018052:00054,cvm,【慧】「……我是认真的哦。」<01>,[],layout_only,713eacf6735373d132199f93dbf6273354c8c3328a9fe75731cceee094d48cc6,a7bf44e873f647acc9dd0d2c68eb572ee143310d346e79ac29c6e731fea9c3d1
pm:vm:photonmelodies11.rio.003:1668688832:00018352:00055,cvm,【千鹤】「…………」<01>,[],layout_only,971b51691799990507f2d726a171be77472d0a23f6d18366eae2a9ed7d190c82,5b776887dad47585c5eaddb7e83487953a16c4b15c4a4be6486820a512ef3c6c
pm:vm:photonmelodies11.rio.003:1668688832:00018408:00056,cvm,【慧】「不过我也想赢。」<01>,[],layout_only,a91ce79de2bf93b70db87c1915c6603bcb2784472ddce64703829940379a8367,bd80f030b2cdb00ae99d38a7f5a1a3693efaae09594ed8c9a54650729f4c9c15
pm:vm:photonmelodies11.rio.003:1668688832:00019044:00057,cvm,【沃肯】「哼……要动手的话，<0A>这可是最后的机会了。」<01>,[],layout_only,b6d2f5a711fcaa40d6e3c2669cfd6fd6f598abd6a7d9eb584cd58bed5ed0dd33,032e5a31db10f37c795e91e7fcb109e12a70fcefa1d73fbd162d01a50e9995a6
pm:vm:photonmelodies11.rio.003:1668688832:00019412:00058,cvm,【千鹤】「我会记住的……」<01>,[],layout_only,d68f13ff12d80b7708208343246927eb2d55c501672075c4561684318a33772b,e2874eb809d76c1e55574f35426b1db87f211ee6b4223139cb5c805b25f30b2d
pm:vm:photonmelodies11.rio.003:1668688832:00019468:00059,cvm,【慧】「…………」<01>,[],layout_only,06bd3f7883ae880e1d2e23be206ad1ba874b905e38ce2b8f596153a282542865,e988c43f59a998e81ed9678a9edebfd9d31a258124764e3d6e90dfc3b2f409c4
pm:vm:photonmelodies11.rio.003:1668688832:00019848:00060,cvm,【沃肯】「――柏木，珠濑！」<01>,[],layout_only,1bc6fc135448700fc9b88d6af926fdd5ca5b4057e751f71ba911f9a0f6830d13,6145be38ab4a55403f21d485930fb243a2ebac1f0107267d322b367522643bd6
pm:vm:photonmelodies11.rio.003:1668688832:00021072:00061,cvm,【柏木】「奥伯龙6。」<0A>【壬姬】「――奥伯龙7！」<01>,[],layout_only,5f6026d5e72ec011ea371ec29c1d6457e1831a451836d2cc3bf20969626f8b52,00d57355d3101c7453839bb458d2181d90458103ca633dfb785251a502428ff9
pm:vm:photonmelodies11.rio.003:1668688832:00021480:00062,cvm,【沃肯】「你们部署在榊的左右两翼后方，<0A>自行判断时机伏击。<0A>消灭突破前卫、接近 CP 的敌人」<01>,[],layout_only,8d969e22017664ed1778ef15179ce68f2605f618a4571d4723bb808a8d3ca564,2510ae264ae06d2deb63f007abc875d7df381e748b75449466cc1db950b14d66
pm:vm:photonmelodies11.rio.003:1668688832:00022384:00063,cvm,【柏木】「――是！」<0A>【壬姬】「――是！」<01>,[],layout_only,d45a2be5385427e7c40bf0e29378d96060ff48c282308cee89689671cf82ece5,369c08ddf0842515b69683175256a1c2720d3a8590820d25309b8295039b5801
pm:vm:photonmelodies11.rio.003:1668688832:00022820:00064,cvm,【沃肯】「――鉴，社！」<01>,[],layout_only,8aedcd6a1c3912722b4e2d4278cc62d5db174cb50ee41a5733a4bccde4558d62,58ca6e713a41699c9bdc0f6c62e185eb015b09043e70ecccb21a1da8b12060f9
pm:vm:photonmelodies11.rio.003:1668688832:00024088:00065,cvm,【纯夏】「――奥伯龙8！」<0A>【霞】「奥伯龙9。」<01>,[],layout_only,a2a7ceff92dd6a9faa0c7a245d18aa057982d8e96f66541ff15968dc3a22f8a8,8d5f0472c2a3e8fc6b67c991d64a1f0006a24dc677fa4548fa4800dc097f07ac
pm:vm:photonmelodies11.rio.003:1668688832:00024144:00066,cvm,【沃肯】「你们负责佯动。<0A>大幅绕开中央，扰乱敌方防线。<0A>慢一点也没关系――要始终保持移动。<0A>不要忘记互相支援，明白吗？」<01>,[],layout_only,6ab13ea83697f2444e6e5e60fc353cac5ce8d27cc8d73fb6b330666404d51543,7b2802b7e2a1186e9bc8c53471aa3956d4000d0c39be6dffb229fc08fa120c12
pm:vm:photonmelodies11.rio.003:1668688832:00024208:00067,cvm,【纯夏】「――是！」<0A>【霞】「是。」<01>,[],layout_only,ca724068012cf991ee7c0c2913c8cd620eed05da3f416f5d40a7a1b6e3854e7e,2e4bd546896211055de698409e77575f4f803a80c667490db30ae96278fb0ca2
pm:vm:photonmelodies11.rio.003:1668688832:00024588:00068,cvm,【沃肯】「大将为奥伯龙0，<0A>呼叫我时就用‘CP’――明白吗？」<01>,[],layout_only,f673441ba10931a4152ad03c4370128571b295bddf24100d4e1b52813f521aa2,1b776d8403761114ae27bedfec9acd4e211399d66e590aa578a69def4b8ae3ea
pm:vm:photonmelodies11.rio.003:1668688832:00024824:00069,cvm,【武】「——是！」<0A>【B小队女生】「——是！」<01>,[],layout_only,cf0af8cbe827d17b7b2a315d355b4976e7b0f2d00c2ba4d8a74692b759577a38,b8fcb10db8d9a1c7eeee578d9b9ec509794b1cfd40a9b94f53f2652e42577798
pm:vm:photonmelodies11.rio.003:1668688832:00025060:00070,cvm,――距离比赛开始还有 30 秒<01>,[],layout_only,11570a58aac0137aa6a388e2f6efebe2a390ecbf23a9f5fee363e2f2910cc884,f7dfa5b287f6a9802a4bc08026c940c3831488a4244875ce5c3f18f23025e748
pm:vm:photonmelodies11.rio.003:1668688832:00025116:00071,cvm,【沃肯】「――全员，准备出击！」<01>,[],layout_only,b680947ae9e169b815c016e3e9d5eec7983b88a20787caad1bbc10ebd3919b0b,ec7c106e43310a0e429912556fe16e7d23bcc6c39df21fc5035db7d9c74e9442
pm:vm:photonmelodies11.rio.003:1668688832:00025296:00072,cvm,那么，D 班会怎么出招呢……。<01>,[],layout_only,953e62e68b312c59ac27090b54c2f0f534cdc9639e39f4b60eb6123cb2a239a3,5774e9f2f9fa7102a9d9305ea55d09678189349be96b2fd745b4c6b8cd5e9d74
pm:vm:photonmelodies11.rio.003:1668688832:00025340:00073,cvm,不管是什么看家绝招，<0A>在他们使出来之前，我们就一口气解决掉！！<01>,[],layout_only,789706944baa30bb5939396c6858e123b1e99d0a505358d00736f54696d54d33,bbf263bd0dddce6450ef782fb7b53cabb64ca35ca68e22648d02c4b1d4f873ef
pm:vm:photonmelodies11.rio.003:1668688832:00025396:00074,cvm,――距离比赛开始还有 10 秒<01>,[],layout_only,dc0310d9d23b7e7134acbcc47e8555db747ce50571235f390736a36750f96d56,ed4e82550edae256ff84d2b188e9e29bd9d986d23d4ae832a5c50c84f01b7250
pm:vm:photonmelodies11.rio.003:1668688832:00025576:00075,cvm,【武】「――拜托了，美琴！」<01>,[],layout_only,a0ff99ab7eca06ac4c3e1670e9c996ce575c80c5e7d2a9a65cb08d170f4ce9a9,738f034b88afc79e1c7b84017e6d1cbef720a0c4c36739bc6e46690f928977ca
pm:vm:photonmelodies11.rio.003:1668688832:00025944:00076,cvm,【美琴】「――嗯！冥夜，请多关照」<01>,[],layout_only,4e0b4857c81ec833fd3c046add26fc069139c935f6e9fbbc99855fecfd86f1d1,d4708c361c022bfde4361171ee1c6da8f9c367e07555e39e63383d9c64a0df8e
pm:vm:photonmelodies11.rio.003:1668688832:00026296:00077,cvm,【冥夜】「交给我便是。」<01>,[],layout_only,8500ecd724f44682ea5a1a15196dc6a748c90a90be28aebe13806a32fd192fae,6b11402c00bd263e3ed8bb993333febeb06949ad231431cb5633739c1f7565b5
pm:vm:photonmelodies11.rio.003:1668688832:00026796:00078,cvm,【柏木】「后面有我们看着，你们放心往前冲吧。」<01>,[],layout_only,654a5a732c2efc1869784e4462ab5a8912d4cc37382f7fdfd574d022656e4afb,6ac9b3ea88d14b1d6078ee326b6941bb21d4485bc47e9248d1b7afe7d03df2ab
pm:vm:photonmelodies11.rio.003:1668688832:00027156:00079,cvm,【武】「交给你们了！――纯夏――霞！」<01>,[],layout_only,01dab35f4043041ea3928098080de82e80af9c9306d89b4daf7d54243e756d7e,0fecbc59b2e58347a162ff5d7a7b1924605ab6d29f9ae3e7332c783e18ad3e9a
pm:vm:photonmelodies11.rio.003:1668688832:00027212:00080,cvm,还剩 5 秒！<01>,[],layout_only,b444a68b4e56e2f02f9ad3b2686ca40767cb501e9bcdada6967bd140d1e9c7b3,4930284e4b7c9abf7d01a9cd0346b157aef5cc0fe06d984e3e179902b5d5b083
pm:vm:photonmelodies11.rio.003:1668688832:00027564:00081,cvm,【纯夏】「包——在我身上！对吧，小霞！」<01>,[],layout_only,3de3748ac1df94ad4a0f6f5029f141fde70f476a5c0c81d1c33e40c340c8ec14,ef4b7cf714700caebb78f4b762061c42ce1d5f5a08c15caf07b9c71ce9c378c2
pm:vm:photonmelodies11.rio.003:1668688832:00027952:00082,cvm,【霞】「是……我会努力！」<01>,[],layout_only,f8043cf1a670c725560bf42d3630b5fad8da6ad54899c9c9edd3be0d4b2b3d80,92a82740950983f3c5bc6ae3148090f0847442172266a056ed754603586ce0f4
pm:vm:photonmelodies11.rio.003:1668688832:00028216:00083,cvm,——3<01>,[],layout_only,5dd909ba3713302a5c9e6017d5461a1c0584756bb04d6880caa50910318b1eea,4951e055f6eb53fdef6395bf4021e6625a4012848f598c5662620be0b2255e83
pm:vm:photonmelodies11.rio.003:1668688832:00028596:00084,cvm,——2<01>,[],layout_only,0b6b8aa292304bebc5f14f282e6daa40af2f0b72965a8e125e72ed5b91aa6373,435e85a1bb81fa8c51507004fefef2babf97806ee3c90fd42a5e9cbf8e57fdea
pm:vm:photonmelodies11.rio.003:1668688832:00028948:00085,cvm,——1<01>,[],layout_only,1239c656467cc12198402a66fbac29b9d8547716bf0ae4d521f8b1932f6f4718,a2aad2b4addfc448d6cf6f916bfbfc4598d8a5f003a5b8aecfc9a1068e160e66
pm:vm:photonmelodies11.rio.003:1668688832:00029208:00086,cvm,――开始！<01>,[],layout_only,9711b7314e35fc3d28bed74ffb2d491cdda52f145d16e624956e11b9abaa5f6a,deedf463e5396cb6b7828bcc8fe1154c3cd2d29a7050ca284d6fdf4d174215fe
pm:vm:photonmelodies11.rio.003:1668688832:00029796:00087,cvm,――冲啊啊啊！！！<01>,[],layout_only,0f0275c9ea4d592a444401848701fe6b1b1590119eeb2fb6f3a5a7fffae92289,5f2b4e5f7e653a1e3412faa7fe3974db0a19a02a5e433ffdf342643656638eab
pm:vm:photonmelodies11.rio.003:1668688832:00031564:00088,cvm,【麻理茉】「好、好像开始了……<0A>大家不会有事吧～～」<01>,[],layout_only,9bf1b0e7b493a7c4bb36b11dbb55dc2529958f1265805b882097f7e27dab3739,633e37db35f938b53082abd422adf9f29293b7ace13b6d13a6c86c31c75a22af
pm:vm:photonmelodies11.rio.003:1668688832:00031952:00089,cvm,【伊尔玛】「神宫司老师，冷静点～」<01>,[],layout_only,2182b30efd431d263b26d0578e11a33353a9ed715bca76f901303db777a4a0f0,c30b3f37795ca675e05f38c8907f15206ce4cb69d246d05a5ba40342b4fd5ddc
pm:vm:photonmelodies11.rio.003:1668688832:00032608:00090,cvm,【麻理茉】「呜呜呜……大家，加油啊～～」<01>,[],layout_only,c9f6969598ffe39467e85b0d4f32ce476d0e81aa043682d84ff19a6248893617,c41a1c862d1555c6ca55f90db4c57ca40932e21be6cd966280bf6f75335fcbf9
pm:vm:photonmelodies11.rio.003:1668688832:00033776:00091,cvm,【沃肯】「――什么！？<0A>奥伯龙1――报告具体情况！！」<01>,[],layout_only,ee5e0dfea89249f9857a765fe79e8fbe71cddbde46d68106343bd8d219e490a8,8eb168e85b7e5e9e79f981beb50e2ec4300c77694aefe5629f674f7e1d02902d
pm:vm:photonmelodies11.rio.003:1668688832:00033832:00092,cvm,【美琴】「――我也不知道啊～～！！」<01>,[],layout_only,9993474d834d12573c36fa40468ac95db1732990a025a4e945a8db069417162b,07129182ed59ec3b19a3d81639ac2e2344e2f14df0a448cc51d460de62e71df0
pm:vm:photonmelodies11.rio.003:1668688832:00033888:00093,cvm,【冥夜】「――这里是奥伯龙2！<0A>隔着灌木丛，敌人的攻击依然很准确――<0A>简直就像看得见我们一样！！」<01>,[],layout_only,255516f877182c9013bd64e8b6350d110d2ec74d3ca3acd5ea97843a21a41b5f,e472e04461b340d471f7f8585af3eda3b2134335a13be8abc7944107a01dd08a
pm:vm:photonmelodies11.rio.003:1668688832:00038360:00094,cvm,【武】「――这里是奥伯龙3！！<0A>这边也是――我们被打散，动不了了！！」<01>,[],layout_only,3b7cd9ab29599a34349e69b6b8ad53ac57cc02d5adb627793282f402b8270a24,225533a716822bf6cdda1a20ddfc757ca17b14a901bdd3a6fa8ea54e47f815ee
pm:vm:photonmelodies11.rio.003:1668688832:00038736:00095,cvm,――可恶……美琴……冥夜！！<01>,[],layout_only,38a6f9fad6917bfa580986e46714c64e96c42d051fad41f5fc10156bd852dcdc,e5715599953d945dbf6299556415256ca0e7418b339375a13a2bf086f759a2ef
pm:vm:photonmelodies11.rio.003:1668688832:00039740:00096,cvm,【慧】「――这是怎么回事！？」<01>,[],layout_only,d4e1520fc20d3ea3303ff9a5a9cb7d1e943b9f98c96fb6630c012658eda2c3f0,51c4c9da1f2e597bda93f41cc4d1e829d9800ff1c5b0bb819eeea4d4fbbd14a2
pm:vm:photonmelodies11.rio.003:1668688832:00040244:00097,cvm,【武】「――我哪知道啊！」<01>,[],layout_only,2018481c657c23e47ca4d3a68cba42a4623503de4fbe7ad2bff2002cba97bb4f,cde7ed6bc9db1c32d72f8ed13f9bab205152aa6db0ae3603a56c1b24dd7197fc
pm:vm:photonmelodies11.rio.003:1668688832:00041196:00098,cvm,【壬姬】「――这、这里是奥伯龙7！<0A>怎么想都太奇怪了～～！！」<01>,[],layout_only,9ce22e602fcb919dc8868727daaf63762c9802466fe639ea892a6c329673b20e,37d24319753ec7d71fcc62d6e101eff74bd566e340426c99b19d8a26f4c2195b
pm:vm:photonmelodies11.rio.003:1668688832:00041924:00099,cvm,【柏木】「――这里是奥伯龙6！<0A>我现在在树上观察……<0A>大概能看出敌人的动向――」<01>,[],layout_only,016dc7930a94ff8a21fc082684a191a273666c3fbca0a3a59c73aa6275979f9c,b935a6c3bbcdaf8cf8ed1b5070529540be161df21f4502e87fdf1a635848d8af
pm:vm:photonmelodies11.rio.003:1668688832:00042508:00100,cvm,【柏木】「――完全没有犹豫！！<0A>我们的行动和位置，<0A>已经被他们彻底掌握了！！」<01>,[],layout_only,0ce10a930762fb9d1609bb8de615f98f6ccaabd7ba8ca9e11c1b2c3cf35be72f,34db506a7f0ec257c16e6a174f1e4ea803e24488efca2d0fb825650d2d195b82
pm:vm:photonmelodies11.rio.003:1668688832:00042760:00101,cvm,【沃肯】「……不可能！！<0A>这、这到底是怎么回事！？」<01>,[],layout_only,7dfa6ea36d997e2d03d961b25fbba3c9b45a907105aa91103a2d8d1fed4278c9,5cc71fc896b215f16e000e08caba15d037cd02b1a6578ed11c8fbb63dd4ea307
pm:vm:photonmelodies11.rio.003:1668688832:00042984:00102,cvm,【悠阳】「…………」<01>,[],layout_only,cf8055a2bf7ca517121f0df4f6e9cb27cfb09e51c2a729ceabd2ff965136eedd,596cbe5acd9b31ef237a2ad0643688ea2ec23e26e6262f3786f2c9204fba795c
pm:vm:photonmelodies11.rio.003:1668688832:00043496:00103,cvm,【沃肯】「难道敌方有能力凌驾铠衣的人……！？」<01>,[],layout_only,27306c557e695d8c5a72a8f69385a7c08e9cefa2bfab8ecb75fa549fa06f4ca4,9552c3e3352d080a9610a82dfccc846161c50439cd2a61d8ecc244f816449619
pm:vm:photonmelodies11.rio.003:1668688832:00043848:00104,cvm,【悠阳】「……即便如此，<0A>他们的行动也未免太快了吧？」<01>,[],layout_only,6c9c91b1518954d10de78e03ff80315b90737ad7785644166b7a5b3b7ab58439,422d9cebfc1124f95441a8a4350bb07175981a51842e9a294f365820082faff7
pm:vm:photonmelodies11.rio.003:1668688832:00044416:00105,cvm,【沃肯】「――奥伯龙6！<0A>从情况来看，树上很危险！<0A>立刻与奥伯龙7会合，保护好自己！」<01>,[],layout_only,8a3a3719625a9c5a98e655d383691b34c97325d3f4d78b4ea175ec18625ab802,d7ea9ddca0061ebb65ef0815054713bb4dd4f470dbb95173f0cc1d4b1e6f9f8a
pm:vm:photonmelodies11.rio.003:1668688832:00045044:00106,cvm,【柏木】「――了解……！！」<01>,[],layout_only,06f3a4768f8b581070855af690f16deba7e393f43ecad6e595411db1c95b63ef,ba9d25b4c91e5b40d260aaf027201a2bba4a9734bfae3e2122dc7217ddc36262
pm:vm:photonmelodies11.rio.003:1668688832:00045556:00107,cvm,【沃肯】「――CP 呼叫全体单位！<0A>立刻与附近单位会合，采取防御态势！<0A>有被各个击破的危险！」<01>,[],layout_only,b99b0ed89a4e22a2128c9219946457d784e16f23fea02dcef311874e55c81079,4331f9d38cccf04dd2ff7942d5c364239bfdc6aee3ea014326a65b885789a576
pm:vm:photonmelodies11.rio.003:1668688832:00046564:00108,cvm,【千鹤】「……明明才刚开始五分钟……<0A>为什么会这么准确！？」<01>,[],layout_only,f50b800de904b255d68051ea0684a1fbc797eced9d1cc204c70f0a0d197e0f24,a4c421070b7223d05d3b6758924f7a062b12402ed0aa30b7cead0d0bcac8a6e0
pm:vm:photonmelodies11.rio.003:1668688832:00047492:00109,cvm,【千鹤】「――唔！！这些草……真是碍事！！」<01>,[],layout_only,3bba88636f0dd35413095542e076f933a682ef02c140324d994115c5183b5d74,b3aaed3f09e594a2c21cecd70776cdd4c1f5f9b6f0bddd7e53c5da804912ad83
pm:vm:photonmelodies11.rio.003:1668688832:00048148:00110,cvm,【夕呼】「……状况如何？」<01>,[],layout_only,01c52e244230bcb3aeaf3be30492fe9e7c1c14f639facac1e1f15b0e4990ceb6,3d7929e7cfd5f26adca24c66f7cbb036cf624b364b407a3b70d29ff272f92354
pm:vm:photonmelodies11.rio.003:1668688832:00048368:00111,cvm,【皮亚蒂芙】「――凉宫、筑地、高原、麻仓<0A>正在交战。<0A>其他人也很快会将各自目标纳入射程。」<01>,[],layout_only,c32ce58b7e1be9f48e6df138ad1ba92096bd5b57ccdedfec8525d25aeb775299,fdc7f66dd2d63de0cce7d945a4c90969cf8f399c677329414f7b36ac9e10b884
pm:vm:photonmelodies11.rio.003:1668688832:00048424:00112,cvm,【夕呼】「目标的位置都掌握了吗？」<01>,[],layout_only,e85edd07e722d12a6d9dcb82413f424959089ace6105a072b82b41940ba06b9f,928708a5abfa69cb78d5d926ac48f616ea4d2eb4d23d865cff3f478588e9cada
pm:vm:photonmelodies11.rio.003:1668688832:00048676:00113,cvm,【皮亚蒂芙】「……正在搜――！<0A>鉴和社的位置，已确定！」<01>,[],layout_only,24cf83d2e95dc976ff50630789aed41bceea8ac181cbc4533c8960ffea4e4607,33fd4d3547355938fa40f957101892691fba4815ae2538889f96c567e816f569
pm:vm:photonmelodies11.rio.003:1668688832:00048732:00114,cvm,【夕呼】「那就，通知全单位吧～」<01>,[],layout_only,63024101e58cc3fa608f4d4e083ca5b2c3300eaa817e7b97fcbd490974c9fc5d,938eeecad0a46cc868f2218306e3399b09eaf923796dc55d1d0b51720f501998
pm:vm:photonmelodies11.rio.003:1668688832:00048788:00115,cvm,【皮亚蒂芙】「――CP 呼叫全体单位。<0A>在 J-9 发现鉴与社――」<01>,[],layout_only,4f66b5a5c71712ea4dba336a06b27dfafbf4faf0bc7710e549a2f8600982cd91,41a7a254bf0ec57eca061a0b0d2f1ec6b2bbc282069f1122bb4f4252783ec296
pm:vm:photonmelodies11.rio.003:1668688832:00049308:00116,cvm,【夕呼】「这种状况下铠衣会大显身手，<0A>确实是没错啦……<0A>可这么直来直去的招，<0A>谁都想得到嘛……」<01>,[],layout_only,e90d6e56d55c145891f78d6c11bfd2c207a96147a37e256315b37fa065bbd25b,ff2c4f07e4e9cdadf60b65bfb465e07db36d65febfb48da66930fe91297236c0
pm:vm:photonmelodies11.rio.003:1668688832:00049676:00117,cvm,――呀啊啊！他们好像打过来了～～！！<01>,[],layout_only,520ace1fdef6f794502b3d65a17208cb43dbc9423a14701c8906bc766fcfbdc4,5331cc882db2c9c336e795f35d6593605e11de4701c1758686b4f377801300c9
pm:vm:photonmelodies11.rio.003:1668688832:00049732:00118,cvm,――纯夏，这边！<01>,[],layout_only,cb062168b604433f5e4b4f8f1626923092181f32e8baade359d196adb0554acb,c024aadbde0b61ad3d62244d830a394037bc5e28429e23a362c1869fa96e5c2d
pm:vm:photonmelodies11.rio.003:1668688832:00049788:00119,cvm,【夕呼】「我明明特地教过他们嘛～，<0A>周密准备和情报战有多重要……」<01>,[],layout_only,d922e03202b39c17e4952b543cafea98b7aeeddf14fae04d89929cc4394117c9,7e22bcd8ef3487d0ca898680e0e15061f512541c61e39e1039323722073720b7
pm:vm:photonmelodies11.rio.003:1668688832:00049844:00120,cvm,――为什么？为什么？<0A>为什么躲起来了还会被瞄准～！？<01>,[],layout_only,8ecb1c9522c6d8dff977e19701555f38666c1b94fc2bca0b094070c6f7a132f8,0f4f967fef65464d4a7b0e8a795b1766c908c2806dba575bcd3d07d89395703a
pm:vm:photonmelodies11.rio.003:1668688832:00050420:00121,cvm,【夕呼】「……呵呵呵。」<01>,[],layout_only,34cad1bec280c17b6a4474ec195878e080537f00513038e4b6d6f33915a4c863,c1f7213223e9b407eb13deb10d95c1f1a172fa755a9bee91b1f10e434bab7040
pm:vm:photonmelodies11.rio.003:1668688832:00054428:00122,cvm,【冥夜】「铠衣……你怎么看？」<01>,[],layout_only,50aa41a4fea106ca8133af36404dd7abd46036864774910267582c3794276351,5a0c1df211456fbc06031f36e107077ff7971903af6612732deb6c8c4d9364b0
pm:vm:photonmelodies11.rio.003:1668688832:00054660:00123,cvm,【美琴】「我还不知道……但怎么想都很奇怪。<0A>对方肯定已经掌握了我们所有人的位置」<01>,[],layout_only,b12a00d8e39acfcf1c35c7a634fba46745d527b6802ab32cddbca1a4157e6c3b,1ce79a0943167214b448d91ea4edf7ddd63e676a3cc8203a6900e2d700615dd6
pm:vm:photonmelodies11.rio.003:1668688832:00054892:00124,cvm,【冥夜】「我也同意。<0A>问题在于他们用了什么方法……」<01>,[],layout_only,7a17f732154be13d336810cb07802278ee3c9cf0ea6016e1a678fd02a068f9fc,75d43d29c8d61b76d8a0394d3b6ae24746778690f65e41a4030d4e2892f1cbfd
pm:vm:photonmelodies11.rio.003:1668688832:00055124:00125,cvm,【美琴】「我完全想不出来啊～！」<01>,[],layout_only,1fe1c0c892c7078e595563719b8c3a98c4e6870cc8f09995e9a3c8800be3aa0f,683b5c947ff306c8d75ca228095bee6c4f3ff17e00c92d183500a7d4d9eedefb
pm:vm:photonmelodies11.rio.003:1668688832:00055356:00126,cvm,【冥夜】「莫非……」<01>,[],layout_only,0583f758db8fb55ee590c4cb9b2883c59ac1367ccc51e6716bacc3bbe7f0379c,66e82950324c329d20a5bfe7b250890ec2edab9ff040b8b703956aca824b5fd3
pm:vm:photonmelodies11.rio.003:1668688832:00055412:00127,cvm,【美琴】「――咦？冥夜有头绪吗？」<01>,[],layout_only,8e63035dee035a1f187dc39846010b24366e77d2893977342c12b8d245596208,a640a4724baaa17ee1a8096e8e6ec2cd3511f72e659b0b900d12abd96c884c3f
pm:vm:photonmelodies11.rio.003:1668688832:00055636:00128,cvm,【冥夜】「……铠衣，我有事想拜托你。<0A>也是为了确认这一点……！！」<01>,[],layout_only,91e406209332a537e736c79384b4e9c95510b3bb35fd8921fa9df56ab9947967,dd160c5ce64232bf6987af15b28cb47b0175dc43240aacbcfac9c478c033f00f
pm:vm:photonmelodies11.rio.003:1668688832:00056892:00129,cvm,【壬姬】「――嘿！――嘿！！」<01>,[],layout_only,b150cb3a38421ad1593cc05326b4051a43d4e737cd002da6f069adbf7010d166,1ab033ea82e2789b9c1931eab510e01e2104abef4c09ecd295237e2f93cab6d8
pm:vm:photonmelodies11.rio.003:1668688832:00057708:00130,cvm,【柏木】「――奥伯龙6呼叫奥伯龙5！<0A>我们和奥伯龙3他们完全被分开了――<0A>能想想办法吗！？」<01>,"[""奥伯龙3:白银""]",layout_only,0bf6c1916e7b16ae3d7cab7d643fcd067931c6b949a97945184ff1de85743955,ecbeb97a678bd64f302ae46009382b62fd4e3dd491d3fff184fedd3c061be5d5
pm:vm:photonmelodies11.rio.003:1668688832:00057764:00131,cvm,【千鹤】「――不行！」<01>,[],layout_only,ec69769c2fbc5ca5ae5ba6b08384440581b01b6f42298c74e496ca45baeeeb00,c7b9306d620b43674a157f90055feb1a85fcaa28564102072dda88b588db3603
pm:vm:photonmelodies11.rio.003:1668688832:00058132:00132,cvm,【千鹤】「――这边被交叉火力压得动不了！<0A>弹匣也只剩一个了――老实说，<0A>我们这边也只是时间问题了！！」<01>,[],layout_only,b46ec45fa66872024fac887972e2523f989a2989752f9a86e30af9575b93282e,b0f91e7838510413b4434c654dc1adb5814cf829f38291a1a52d292af7d31a99
pm:vm:photonmelodies11.rio.003:1668688832:00058936:00133,cvm,【沃肯】「――CP 呼叫奥伯龙6、7！<0A>弹药还有富余吗？」<01>,[],layout_only,5509efdc4c0a8ce2407f6a33a8589d662b390f9c84ef67277ed6c25afbd6f344,12aed25a48edf25eb37f1d32fa811a013b2b2f9b2e60e66b4d7378aa0d7f1366
pm:vm:photonmelodies11.rio.003:1668688832:00059000:00134,cvm,【柏木】「――有！」<0A>【壬姬】「――没问题！」<01>,[],layout_only,5ab25200b5191a7838bc4a05ce94923a1fb1680cc715ab1440d4b2a91f4dc87d,66cbc9bdb23e8bddd42b8cdfa66d842cf27e06b8b42c1057649b4d8aa754e53f
pm:vm:photonmelodies11.rio.003:1668688832:00059780:00135,cvm,【沃肯】「――奥伯龙5，再撑三分钟。」<01>,[],layout_only,91b5b5727f8d33d8556f8d885430893893e6f0348f7ba02b8bf7e5652e8bcdfb,d296c4c534442e78d4e017def62ff3210f03b17be395c86b46f127eebc3c572d
pm:vm:photonmelodies11.rio.003:1668688832:00060012:00136,cvm,【千鹤】「――了、了解！」<01>,[],layout_only,a5e555131d71e0b13b97a1f64276f086c9e72981893ba3be39b1449388a23b28,d452acb48d76fa7536edd3c104ef620f094cba81d7de565ce44bcba4495729c2
pm:vm:photonmelodies11.rio.003:1668688832:00061204:00137,cvm,【沃肯】「――柏木暂时后撤，<0A>支援鉴和社，珠濑与榊会合！」<01>,"[""柏木:奥伯龙6;鉴:奥伯龙8;社:奥伯龙9;珠濑:奥伯龙7;榊:奥伯龙5""]",layout_only,1b53c017451a2a6facb77bc352d2bc3d3946846c52d88ff6da270b0823ae180f,70050cfc71ed97ca72a53e5c2c74b3dc2deb37d8c98bca42e5a7f7f28881d817
pm:vm:photonmelodies11.rio.003:1668688832:00062108:00138,cvm,【柏木、壬姬】「――了解！」<01>,[],layout_only,449a9088233a7196148afad4ca58e97d04d18fce0a763adc0f52c0fc6673ef89,e80916cb4c5750ee9bf8a51450a51e250056d9e1aaeadf8007a66181d06ed98b
pm:vm:photonmelodies11.rio.003:1668688832:00062648:00139,cvm,【沃肯】「――白银继续向前突进，<0A>与铠衣、御剑会合，彩峰负责掩护！」<01>,"[""白银:奥伯龙3;铠衣:奥伯龙1;御剑:奥伯龙2;彩峰:奥伯龙4""]",layout_only,98f9530551f37a97f711a1f92ef40d3a3ee2b3c69eb925e772458539707b0e10,f55c6decbc08313d8efd2c96ac60a15cc8516c0f6391fd8db5bed345807657b5
pm:vm:photonmelodies11.rio.003:1668688832:00062704:00140,cvm,【武】「――了解！」<0A>【慧】「――了解。」<01>,[],layout_only,fe9cf77caf523a7e6a4aa5c2388ba8ea60f1c122124569974be344ccc6d8aec3,56fc4ab1fc555094e7fe11b17c49f715e4242d854690ff3c45925f6f8d15c441
pm:vm:photonmelodies11.rio.003:1668688832:00062760:00141,cvm,【沃肯】「榊在珠濑掩护下撤回 CP，进行补给！」<01>,"[""榊:奥伯龙5;珠濑:奥伯龙7""]",layout_only,13eacc93eb88ec63b33f46d7f261da15349a21adc875485b45f4a2ab726df1ef,7d351c611aa5f0862c3db0254109b5d5bf89e0911b7a95be87d4fd3378e93192
pm:vm:photonmelodies11.rio.003:1668688832:00062816:00142,cvm,【千鹤】「――了解！！」<01>,[],layout_only,e65025dc4ed946c13f1cc646a0078270706790ba10736d0bc349fd48d0cf61cf,de134c62276ce5fc35d1cc94af73d3e94a9e1fac348a80a5f9bb43703fdf0cc4
pm:vm:photonmelodies11.rio.003:1668688832:00062872:00143,cvm,【沃肯】「――CP 呼叫全体奥伯龙！<0A>逼敌人开火来确认位置，<0A>然后贴身逼入近距离战！<0A>消除对方的优势！」<01>,[],layout_only,f8770ac2a60a148b2fb47d4c9459ae5ba1eedbcf0b05cc6431d84d70bce5fd62,03735d97d71a97719b42b8190dd3e49349c58aa08448ea65e0512c015ef586c8
pm:vm:photonmelodies11.rio.003:1668688832:00063108:00144,cvm,【全员】「――了解！」<01>,[],layout_only,ef9bde02166adae9f882e02d711940325b2d8bb5972bb870f01944c3e4293d7b,39f9186d408fa73d9b36f1113ef474471f96d2b881c9be3fbb0d59d155ad4e4b
pm:vm:photonmelodies11.rio.003:1668688832:00063460:00145,cvm,【悠阳】「真是高明。<0A>您反过来利用队伍被前后分断的局面，<0A>让他们分别作为攻击部队和防御部队行动」<01>,[],layout_only,8c01a3c91d1f076cca72e15f86a821e02f730ba9c0ad1f9c3bef25ccd384ff3e,796c32c735a6a5603b39a9f76cb8c9e8695f0fd03f160e0b35745fb573293fc1
pm:vm:photonmelodies11.rio.003:1668688832:00064028:00146,cvm,【沃肯】「重视速度的作战反而起了反效果。<0A>误判对方的索敌能力，<0A>是我最大的失误」<01>,[],layout_only,ebb8d4adbf2f012dbbf15bf23f3b314bd95e67d8d8a844123c41d45ca410b524,dada7edeba9e432fe5e0cd0677e0b5a1de2b72311c6f93ae76408b6385e9417d
pm:vm:photonmelodies11.rio.003:1668688832:00064084:00147,cvm,【悠阳】「那种程度本就无法预料。<0A>在如此超乎常理的局面下，<0A>您仍能当机立断……尤其是最后那道指示，<0A>并非谁都能下得出来」<01>,[],layout_only,2ea3aba2e031a75a8c498da4915b25873313496d00c46c54921b4d7486917361,2ee1c215d97b12ecdeb0ceaaec77ef036aabc83fdc11f3fc60126ce6c885221b
pm:vm:photonmelodies11.rio.003:1668688832:00064392:00148,cvm,【沃肯】「不，说来惭愧，<0A>我只是竭尽全力应对局面。<0A>这个布阵归根结底不过是在赌博」<01>,[],layout_only,ab3d07daa2634f356d4aec794bf38b11160d2d52501ccbb7a8f2618088a023d9,861f8546c8826699c8a745731705ab22909c393e08973785ab34c533a4a32e81
pm:vm:photonmelodies11.rio.003:1668688832:00064448:00149,cvm,【悠阳】「开枪和移动都会发出声音。<0A>无论索敌能力多高，<0A>一旦进入目视范围对峙，<0A>胜负便取决于战斗能力高下了。」<01>,[],layout_only,641f7c02bf25c0403ea3a983c367421ef36dc9e9d2c15fe19d59b8c983931689,41dd2584633f732876714527bf1ffb4d9c8f4eed93584af711967d38ed635028
pm:vm:photonmelodies11.rio.003:1668688832:00064504:00150,cvm,【悠阳】「能否扭转局面，就看这一点了吧？」<01>,[],layout_only,c62cacab3c613a60f94d4278f3b47fdded507eac8717654c45777e7eb090bde2,98498c4243140bb60a776a8b8f91817619cef9a99831bea7b58883b2459bffb9
pm:vm:photonmelodies11.rio.003:1668688832:00064812:00151,cvm,【沃肯】「只要他们能躲过第一击，就还有胜机。」<01>,[],layout_only,db539c7c35fec2e0ec7734b32cdc875284ee4e8a9e47a73424b177deb9c913dc,bf0cdbabb99027db72705438df4fc5795904c674e831dbd0d89757c24a9d5342
pm:vm:photonmelodies11.rio.003:1668688832:00064868:00152,cvm,【悠阳】「……大家都挺过了您的训练……<0A>相信他们的实力吧」<01>,[],layout_only,72bcbfb79ef0342eb6e0198fce44d0a2713b3968c9095f034f3a3810fc5024ec,8e87cfffc6d9d3479841489f17e192cd6ac6e568dd5bc620800cc70e909ee627
pm:vm:photonmelodies11.rio.003:1668688832:00065176:00153,cvm,【沃肯】「……是。」<01>,[],layout_only,fb0c82872d17d9fa49d6b9a2bc03ee2a639a18c50d2dccf8c2797dc70a0ba313,243a3d984b17a1e36a5c6805a86fe8383ba8e63248c040c78354c94804b2a177
pm:vm:photonmelodies11.rio.003:1668688832:00065600:00154,cvm,【武】「――哈啊……哈啊……<0A>哈啊……哈啊……！！」<01>,[],layout_only,3e981e6ce98875f3c6765702a7fdc6e60bcfb3c9db66f11c18d4ce8388f13615,de70025c949e23179ad77ba1b4064757b987eea6efb7122200ffaa6df3925e6a
pm:vm:photonmelodies11.rio.003:1668688832:00065780:00155,cvm,――可恶！<01>,[],layout_only,d43a4b3b0482a66852efec88803539e3c391353e0db4002f0cd8cf016bd661d9,b6213d95868cb97208ad6cca21a5a930031781be0e242e2047880ea7ec9e6786
pm:vm:photonmelodies11.rio.003:1668688832:00065824:00156,cvm,――为什么啊！<01>,[],layout_only,6913343f2c92850d00e4242c3a0d3251704f90586a48932bef0fd898dfe7e471,e77605badc637859afd0c20b0f033d9cd2404fc52358a548d61bbb8c2b8a5986
pm:vm:photonmelodies11.rio.003:1668688832:00065868:00157,cvm,――这不对劲吧？！<01>,[],layout_only,a6769d320bb89bbab60a18178a9e30f21101dabf4ef921b8ee94c5084f33c2b8,c067ca5b64ee66d9beca1d3d83bb0018e3baa96f52bb459e0001346610d5b3c6
pm:vm:photonmelodies11.rio.003:1668688832:00065912:00158,cvm,――怎么想都太奇怪了吧！！<01>,[],layout_only,b0704ae52c58c548ebcd2ba4ab2edb1aae54b918aadf52320848f634d4d4f2ae,9654485178366aae3b7461e605685e5e98325dfe64d4967ca267bc4944d3f373
pm:vm:photonmelodies11.rio.003:1668688832:00066092:00159,cvm,在这种连方向都辨不清的丛林里，<0A>D 班难道还有比美琴更能掌握状况的人吗？！<01>,[],layout_only,a9f7ce7b555e69680f08f79a506fa501ff7b801678bb7d91eed4592ca2149511,572acf9958ad23c52bc856649db2ab2b2f5914f0f9b8fdb198d434834e7b11a3
pm:vm:photonmelodies11.rio.003:1668688832:00067000:00160,cvm,――可恶……从刚才开始，只要一停下来就这样！<01>,[],layout_only,11f8cb05b30fdf0941cbfbd1b828f714d36b04fa96206188a390789bb07e3c24,47f1831cb906d0a8608041372d0f21373531238f11a10e4a469f47ba18a47133
pm:vm:photonmelodies11.rio.003:1668688832:00067316:00161,cvm,――开枪声来自――那里……还有那里！！<01>,[],layout_only,b06041b925bb87fe84be219f26b7ee6fc4fb247484c8d4d9e6456da96789fee9,3de56d328ca569949100d77eade118833d330452e51d6522d0f5b26dccfe2e98
pm:vm:photonmelodies11.rio.003:1668688832:00067360:00162,cvm,――好……！！<01>,[],layout_only,53d5ec8da797f1d6dd7235147fcaae8dd63c09185ec67547e882784dd2b4d5df,980c70df1a3bc59efbdad45d234b7be2cb6224e7cc0cc9046adbe4831f861939
pm:vm:photonmelodies11.rio.003:1668688832:00067612:00163,cvm,――只要子弹打中他们藏身的树，<0A>他们就动不了吧？！<0A>连我正迂回逼近都不知道――！<01>,[],layout_only,a07979e4b923f88c5fdf29e45bea288c41656325609e3684538899db05b3d64c,cd77ab0906d86dab32082b38fd5ed454c19e455ad5ad42e8817ed33bd0210b57
pm:vm:photonmelodies11.rio.003:1668688832:00067792:00164,cvm,看见了――！还拼命贴着树干呢……！<01>,[],layout_only,587d8b1e23c441e1842e17bb8c0f470d16236bda37255536e63949ac49c6dd3a,43c44d5d5d68ac9577b672781c67092c557ef47c4a150191577b7d31b3354777
pm:vm:photonmelodies11.rio.003:1668688832:00068020:00165,cvm,【声】「――中、中弹！！」<01>,[],layout_only,9a0ac6ab9be7cdf74f03bff78ad62b52e40748e6f4e61dc0c2e0ab69e349be8c,90790795049c8d1e7f405db523b8b4479e98c9cad5d78e6fd12de642a2947c19
pm:vm:photonmelodies11.rio.003:1668688832:00068288:00166,cvm,――喂喂，我这边可是全力冲刺啊？<0A>――从侧面追射怎么可能打得中！<01>,[],layout_only,65d9d5249c1753518d7f10def7f2715da5971a584281e80f92322e827a516483,a4f5be7b6f0cea8e1e126bf1810fa5efdb56082ad6f967b0cd4b31cdbe19b2aa
pm:vm:photonmelodies11.rio.003:1668688832:00069132:00167,cvm,――你们露得一清二楚啊！<01>,[],layout_only,2b798fd07f1c4488782a3974fbf5165fbc04e91252fe60820d992f3f2076e8e0,e214ad6cee8d6affec504683f6d0c1094b53569f6648da5afda399fe62f0fa02
pm:vm:photonmelodies11.rio.003:1668688832:00069380:00168,cvm,【声】「――啊～！……中弹！！」<01>,[],layout_only,b5a54e0e80005cf9d988e6ba33c294033d36628326cc5f3e802e05592c402080,2c0d5e39de10300ad40ab54da8cffaed710995e5c1567b2233ba9b1901ca5f20
pm:vm:photonmelodies11.rio.003:1668688832:00070148:00169,cvm,【武】「――噗哈……哈啊……<0A>哈啊……哈啊……！！」<01>,[],layout_only,72039f885c7a4e68cdaa6f81ff9354bc587b8bb8710d515cfaabe217f96e95c8,0918ac664579a294d4925bd99882c3ca192bb87cf1491b2f0efa19a0198018e2
pm:vm:photonmelodies11.rio.003:1668688832:00070220:00170,cvm,――好！沃肯老师的指示――真是太精准了！<01>,[],layout_only,bf586947e184b7e1d8eab6ca490b639ec9f1791ef6c4baadfe10ccce65cab726,57095319d63af4c9a36e0e282f7cbe9ab09b3282be36997aad1ecbe093a0abb4
pm:vm:photonmelodies11.rio.003:1668688832:00070264:00171,cvm,他们每个人的身体能力并不是强得离谱！<0A>只要不跟丢身影，就完全能打！<01>,[],layout_only,c68101ff47d41135816522287bd8530e9e0b1e776d563f36a0f8bbf65ad33aea,6be4b8a183c3c477c0fb6e6ec7888b0b7767075cfb43222aba751e8043d0e675
pm:vm:photonmelodies11.rio.003:1668688832:00070444:00172,cvm,【武】「――奥伯龙 3 呼叫 CP！<0A>击倒两人！<0A>老师的建议完全奏效了！」<01>,[],layout_only,7c89d052a4565f2a010f72a2a2805bad66cfba8ef9ec8a5dd6057a36b46ad1fb,d06c9d5e4dbe2513996b513e0a21807dfdbb72dada06a288b697e5f5bda3ac9f
pm:vm:photonmelodies11.rio.003:1668688832:00070500:00173,cvm,【沃肯】「――CP 收到！尽快会合！！」<01>,[],layout_only,5c962afbbf48a358314496295f9332d7ca480f15e7602a551bc20bf16986e636,61caf3f857bcfc138cfaaaf89fa59106aacabbb20f76f697a4c5f452dd23ac7f
pm:vm:photonmelodies11.rio.003:1668688832:00070740:00174,cvm,【武】「――呜哇！！」<01>,[],layout_only,8b2de5c3f3f134232491d9031b5474f4e755a8946817cccab13c61358a1df811,fb45cd58f227e9547b6633d7ecb0d41b4c9c0673fc7b362565374c4fd0ffc389
pm:vm:photonmelodies11.rio.003:1668688832:00070784:00175,cvm,――每次支援火力都来得太快了！<0A>――好歹让我喘口气啊……！！<01>,[],layout_only,74ca8bbf408bbdc253eb993f3c9f2342e9d761fe8ab9c549e79d789b3281fe33,f2b5b24cdb97b38889d4c1cb9199cbf38155f452983fefcdaeae04c9b06b95b0
pm:vm:photonmelodies11.rio.003:1668688832:00070936:00176,cvm,这里，还是逃为上策――！<01>,[],layout_only,27910afb175a2df37c80e70a22f31368cf8ea46372e0ef628bc034a81b597ee4,85bd46f12099385f4c6ab8e6543aeeefe8a7dd10f4a5edfc02f07ef832b7af7e
pm:vm:photonmelodies11.rio.003:1668688832:00071772:00177,cvm,【武】「――嗯？！」<01>,[],layout_only,b8be51756ae71f8d73ccbdf6cecadaaaa196775d206699a15804b0b73c38178a,d77f4922523c3190cb2db92fe7bf74539d45e3c8b2f41732c60d0241e2f1a214
pm:vm:photonmelodies11.rio.003:1668688832:00072196:00178,cvm,【冥夜】「――！武！？」<01>,[],layout_only,5e9b51229e62079da5ec4b97870ce3f1a1fcece9708d6864100d8ac0fd3b3d2e,f11d84a24fa42ef25c378532f3f4763bed81675cac0af9c41cb0ef1a8c085711
pm:vm:photonmelodies11.rio.003:1668688832:00072240:00179,cvm,【武】「――冥夜！情况――」<01>,[],layout_only,3082d27f54f7ab69367e75ddee42c60b94a91b9ea17c4002bd319c6786897a69,b1a1a95665dae9cec92498a1104e721bae0f28596890988a892e26b32af95e56
pm:vm:photonmelodies11.rio.003:1668688832:00076556:00180,cvm,【声】「好痛～～！中弹～～！」<01>,[],layout_only,846f44a7a21c455375f3e3b173c829f08a675dd5faa7406ae5147562cfcd3efe,41b33befccd2079b2ca9046c02a8cb9e20b9927c7366eb69d4769d6d3f1c8a6d
pm:vm:photonmelodies11.rio.003:1668688832:00076924:00181,cvm,【冥夜】「――奥伯龙 2 呼叫 CP！<0A>击倒一人，与奥伯龙 3 会合」<01>,[],layout_only,65c2a0f9a0fedf9845501c24c7b42840827c3748b23b6c951fce1584958c8159,f5c7c7a518cdc21073e1a073d2cb784154f8d87f42e840ee7feaaca20e3fad92
pm:vm:photonmelodies11.rio.003:1668688832:00076980:00182,cvm,【沃肯】「――CP 收到！别忘了检查剩余弹药！」<01>,[],layout_only,bd0ea15cfba30aa9317a4b849566d74777466d30ad039a01de6db74006a06fbb,3987f9ec90d48d7ec39a39cee90acc8bad3a125a13cd1500af32640ab460a91a
pm:vm:photonmelodies11.rio.003:1668688832:00077212:00183,cvm,【冥夜】「――武，过来！」<01>,[],layout_only,62480c96dc1af49dbbc9f56137582b7f44563fef20c6c2b7fcd1307870345af9,05142c1886d7378c06dc2026822cfb74a4456329b4dc99e9a61680e77f88e61f
pm:vm:photonmelodies11.rio.003:1668688832:00080312:00184,cvm,【美琴】「……果然是这样。<0A>难以置信…………」<01>,[],layout_only,1479de8d5b12beb0b6d0edc9bc715fdf16c4bee3b9186b3e787cf681ccdb80e0,ed3d3ea73f9ba4a20e2624d121b0304088cde0e20afed416a10a4380679f440e
pm:vm:photonmelodies11.rio.003:1668688832:00081088:00185,cvm,【冥夜】「――这里灌木很密，很安全。<0A>尽量伏低身体，待在那里别动。<0A>等铠衣回来」<01>,[],layout_only,0554ce73af5d6217d24a4de602ec4f1877c8b7f38ee2d147cdedc8d73959bd92,56430164399825fa3f88affb285fdf30844f4e9b26d4ce5e8e8a1e82195d329c
pm:vm:photonmelodies11.rio.003:1668688832:00081132:00186,cvm,【武】「……咦？<0A>你让她一个人跑到别处去了！？」<01>,[],layout_only,632709e1fb262757322ee5f1f0cd0522ec9c73361a0ae3eec94afc4e430599ff,62400d98939bf57a57902227e20ab1bfa234204604db48113992241c2d00bd04
pm:vm:photonmelodies11.rio.003:1668688832:00081496:00187,cvm,【冥夜】「……总之，先等她回来。」<01>,[],layout_only,fef0058409604d74db295c6e05ec30943bac341e9d58ebf3fd84d4e18567f82a,372b7bbf321b2d6b183b0f33a941b2356fbe4636041c7cd130461df33eab6319
pm:vm:photonmelodies11.rio.003:1668688832:00081676:00188,cvm,到底在盘算什么啊，偏偏挑这种时候……。<0A>再说，就算告诉我――<01>,[],layout_only,da011e6f15a7e57eb83c1b01551b5a5b9581e8db09c90c9a7d9f970d0cef4aa6,f22790eedba384fbedc2a95ab9f773b4de44de25ebe1366661d705774b812ce1
pm:vm:photonmelodies11.rio.003:1668688832:00081732:00189,cvm,【声】「――冥夜，冥夜！」<01>,[],layout_only,45c5808a747500357a0ea8774ee2ade89614a502fea8a453f44ad00f0fb66f21,e09f5ac6850666399f0448b15eb61a1e7f64f2ec6babd4881f9462ea6360e0ee
pm:vm:photonmelodies11.rio.003:1668688832:00081776:00190,cvm,――！？<01>,[],layout_only,65ad67059edb269e24f69ebabac50c4d9f7980dd9b69e2e299719fd9b38fbd7d,660912fa0b31290c31d4ed0f34dfcd79fbb7739aa94634f6c1d51c63ab12fff3
pm:vm:photonmelodies11.rio.003:1668688832:00082228:00191,cvm,――什么啊，是美琴……！<0A>别吓我啊……。<01>,[],layout_only,8d949673b4816a662b955bdc4c8f7317ce999268a0388ca057ab0278c367ed05,66712ebe19c8d1e702e1ac216f0ea8fb3719f5e15b5aff686b859abace99647a
pm:vm:photonmelodies11.rio.003:1668688832:00082584:00192,cvm,【冥夜】「――铠衣！来得正好。<0A>我刚与武会合。」<01>,[],layout_only,f10c0b339225eb069e9075cdfb1664875ff961ebd977a107bbc8628e31b7e1b2,a2232c572d81316fdc1d9387d0176138cae9665f850b81e384fb0823360e12a0
pm:vm:photonmelodies11.rio.003:1668688832:00082816:00193,cvm,【美琴】「……果然，冥夜说得没错」<01>,[],layout_only,ceb03b1597193ee58d78b6d4a1724756b4f8314d290669b9a7d2c41bf0367366,56bb26735369062412832e64bc41c26f671b81f498cfe37b2b6cf71815011b7d
pm:vm:photonmelodies11.rio.003:1668688832:00082860:00194,cvm,【武】「你们到底在说什么？」<01>,[],layout_only,85e423b534578a703ca9c0dcf8175d4dc76a2a08fd9c5bb3fe1d466d4509fb4d,b5aa56598f96d812f212e682d9984e51c426d308bcdfe6a93428a29b0ff5e295
pm:vm:photonmelodies11.rio.003:1668688832:00083208:00195,cvm,【美琴】「我知道为什么我们的行动和位置全都暴露了……」<01>,[],layout_only,30a3950ddc5f017b25bf2e0afddcd91ee9dc9e8d575fd773f362911e800a2c5e,83e7b9764850e9cdea72485c4a966a5652c9443eac72a26e31cca226d99513c9
pm:vm:photonmelodies11.rio.003:1668688832:00083252:00196,cvm,……咦？<01>,[],layout_only,fd14391c88328115dd2e94d1e52b7cc0e56f5c6c095ca2e103b9fcab3f526f30,276359225c55d915620932500686d990190e6c3327bfd142e050e4dceda8787b
pm:vm:photonmelodies11.rio.003:1668688832:00083308:00197,cvm,【冥夜】「监控摄像机的影像、<0A>各类传感器的部分数据，<0A>甚至可能是全部数据……。<0A>恐怕香月教谕能够看到这些数据」<01>,[],layout_only,85ee52817a2f39b5e18ce720b5ebc943a4621deb31d1ad64a32b27200fa3d0e2,ee51d71a8cb2e397ae8b3e3607d19090a3830f65a29a88d038603575bd25555f
pm:vm:photonmelodies11.rio.003:1668688832:00083488:00198,cvm,【武】「――什么！？」<01>,[],layout_only,c20ee979a22a3476eb04a7f09bef69c971b7c1193e4e322902eb285fc20637f2,45e5a29755d5eea7ad3953667742ede7649ad40ddc9d62ae0756c44d5ee96812
pm:vm:photonmelodies11.rio.003:1668688832:00083704:00199,cvm,【冥夜】「尚不清楚她是用什么方法做到的，<0A>但教谕一定是在这些数据的基础上制定作战，<0A>再下达指示」<01>,[],layout_only,ce9ed1f63bb8d74caeb708ede999124418dc0d5599bd5f2e4727c258c7bda2c8,24c9e2f113d0bb27cc3bb73406d0100bbbd4922ac83eb6992e7b4964ad6c7724
pm:vm:photonmelodies11.rio.003:1668688832:00083908:00200,cvm,【武】「你怎么知道这种事的？」<01>,[],layout_only,5ed6daab5dd1936af33a6fb24e8bc97f4ea88b8116c9c802345a789f118a253a,8f70b1e44f426d46f8c638ddfca54d0e5a262dcb8769d11a75b976d649538dd2
pm:vm:photonmelodies11.rio.003:1668688832:00083964:00201,cvm,【美琴】「这片丛林里，<0A>有些植物是为了预先装入设备而人工制成的」<01>,[],layout_only,6676298d80c01054cfb3b46f7119e74d3191ebe7ac42a4d940ce15eb697e9765,1b4a01a1cbe31b5211f43cd422010602b0e8ffe693645c90986391718a80f3da
pm:vm:photonmelodies11.rio.003:1668688832:00084144:00202,cvm,【武】「啊……这个我刚才也听说了。」<01>,[],layout_only,52108e9e3b90b2b7be2db011918814c1075b4c1f38bab2eaf8de55095a0dafe4,d43669bbcd95fba5959aa4461adf6f965cb4c7a5bd495c1ea897d1fef7c6b1f0
pm:vm:photonmelodies11.rio.003:1668688832:00084200:00203,cvm,【美琴】「我就把它找出来，稍微调查了一下。」<01>,[],layout_only,eac84e95bfae41c8dff86e38d014179a33a64e156cf07f036d58e4ba41c0137b,e3a797848af1acfc5d775a54a4b861192be8f8788a7bf31ccc2b2b213b1d6866
pm:vm:photonmelodies11.rio.003:1668688832:00084244:00204,cvm,【武】「找……你说，在这么大一片丛林里……？」<01>,[],layout_only,78ae9d1287819cde7f00f91ea7e6f5904ec5662ff82c5a958d9ade0bfd0baf3c,d0bf05520e80a24d9db9f8c942d19cb3a6f02c33083fc79d65e0352212e94881
pm:vm:photonmelodies11.rio.003:1668688832:00084476:00205,cvm,【冥夜】「这正说明铠衣的能力何等出众。」<01>,[],layout_only,fdb86ab07999efbd1ec39a6e4452f4e383a6e6e26492a1a4a4dd8594ce37d23b,3e43bef264d8564b7bdcc112f340958226ebdd9d8c72eb32b04b83c19228f52c
pm:vm:photonmelodies11.rio.003:1668688832:00084520:00206,cvm,……啊，也对。<01>,[],layout_only,758082499a82c0bc9c3a6e3789444c610bf0e0b4bdd6272956e2c3357b9ac1ab,f9aba121f59dd0c4ea3369b3147f50c7934f37cc21365d48d11b698e5fc766c4
pm:vm:photonmelodies11.rio.003:1668688832:00085080:00207,cvm,【美琴】「我找到一棵装了摄像机的树，<0A>故意进入它的视野之后，<0A>不到三秒就遭到了攻击。」<01>,[],layout_only,26f1844d297b3ef9d74b7ef2adb61b02ca68ce1bc9d3e5a94a8172b8e81d0eb4,9861eeac69229797e8f2afb3c409657bef565b108087d7258f30c8e7330d9031
pm:vm:photonmelodies11.rio.003:1668688832:00085124:00208,cvm,【武】「会不会是你移动时发出的声音暴露了你？」<01>,[],layout_only,a9bf47484e3ea6bd8c106b9530cb18f0c377ad39b8fbc1cc345cb9201964d352,44a4c727a8d8e5a5865729c5b61e38974ee7a00ae15010c639366a0bd246c7e0
pm:vm:photonmelodies11.rio.003:1668688832:00085180:00209,cvm,【冥夜】「刚才，你察觉到铠衣接近了吗？<0A>我也只是感到了气息而已。」<01>,[],layout_only,f4f109fd52cc07c8b37fd60ec5064f43bc9af2fb5b720dd2b9cea6bee93963d2,036bbbfca81b9a3df7223a1e61eeba51f2538ecf3e9d434ad954158520169697
pm:vm:photonmelodies11.rio.003:1668688832:00085224:00210,cvm,唔……这么一说，我完全没发现。<0A>也就是说，美琴的无声移动，<0A>不是一般人能察觉到的……。<01>,[],layout_only,cebb075c3889feb288b8f0b13e9997eef4b8c9a6d1184ffa3510b1e398c4503c,714d64e71fe150a21aa3fb4ce4d101e25ce8cf8f1a08086870196a50b9d0b322
pm:vm:photonmelodies11.rio.003:1668688832:00085280:00211,cvm,【美琴】「而且，他们是从相当远的地方打过来的。<0A>远到连我都没发现那里有人。」<01>,[],layout_only,dedaae98f9fd0daaedb52f639763a47990e3d387fd72334ebb2ed1e51826a268,366a03a97fa6ddc0e560f6033e276eff6952578363c1b6067986694da9debcb6
pm:vm:photonmelodies11.rio.003:1668688832:00085324:00212,cvm,【武】「原来如此……」<01>,[],layout_only,a8c983d50d3b63bca6d6c0f9659c992ade124c2758426a27cb94f6d52c39aea2,9d2a5bfdcd2ca772343ab89504a9def3fa88760c79bd978c0a3516f5cb783e92
pm:vm:photonmelodies11.rio.003:1668688832:00085368:00213,cvm,D 班……不，整个白陵都不可能有<0A>比美琴野性直觉更强的人……更别说凑出一整队了。<0A>像冥夜这种高手也许能凭气息察觉，<0A>但普通人绝对办不到。<01>,[],layout_only,2f072e69a23cb4b5ebdd4294cc416b89f08b8aab6d62f98245f1b771fb699381,6283b37adcee2352ebda6d8fe3d37a521f522bddef7fcf2d00a665851b245b6c
pm:vm:photonmelodies11.rio.003:1668688832:00085940:00214,cvm,【冥夜】「不止如此。<0A>既然对方做到这一步，<0A>自然也应当认为无线通信已经被监听。」<01>,[],layout_only,7069bb7343491db528021a0f18cc97b8a0ab50036d774990b14917460420beac,b9b3a097fec6b649b3142603e8852cf22433e2343751be59b912913d906870ae
pm:vm:photonmelodies11.rio.003:1668688832:00085984:00215,cvm,【武】「……！！」<01>,[],layout_only,c2af2d68eaf6088bdcf4b2210583f24956364983cf3b773a5e779664eef368fb,e2a826e2f362cc326a9a67e937af3be53310baf281ee923abf81d5098d0c89ad
pm:vm:photonmelodies11.rio.003:1668688832:00086028:00216,cvm,也就是说……他们拿到了游戏里所谓的<0A>“神视角”或者“玩家视角”吗？<01>,[],layout_only,5b8236a34d72c241ff5b422afc2ba64325e3dcbcc9e800a31044ef9cbd1d353f,61553b68634d3115db6c535c9c613fe8faac2fd2c32a4e6cd778c296affc5616
pm:vm:photonmelodies11.rio.003:1668688832:00086260:00217,cvm,【冥夜】「虽说这终究只是推测，<0A>但结合现状，这样判断应当无妨。<0A>不过看样子，他们还无法实时追踪」<01>,[],layout_only,6d343ac008bc80ecc36339c2b6bd3f73dd2bceb3edc5d986d130992aa1118aca,b2719da60974f73524466ce80c72c7bea4039595edc6f45257b8e307821fef42
pm:vm:photonmelodies11.rio.003:1668688832:00086316:00218,cvm,【美琴】「从被击中退场的 D 班成员来看，<0A>他们除了无线设备外没有佩戴特殊装置，<0A>所以可以确定，是 CP 具备那种功能」<01>,[],layout_only,956c3b7e3638da8299e654e011c14ab75c4b8cd2cbafc8d1ef2d14559d50774e,46fe8ba8b39c3ffbd34abf75e2a0d35d2416bd3439b380f291e8b33b6e99e794
pm:vm:photonmelodies11.rio.003:1668688832:00086360:00219,cvm,【武】「……可是……那不就是……！」<01>,[],layout_only,519bcc14724573b2570fb4e37b96070c07770b11668be3d0ef1aede47b6001fd,774e750610deccb3cdf856296b740fba64b99303aa51245f326f2de9f73e7cb6
pm:vm:photonmelodies11.rio.003:1668688832:00086416:00220,cvm,【冥夜】「规则禁止的是从场地外获取信息，<0A>从场地内部获取并不触犯规则。」<01>,[],layout_only,c3b081c9b290deff5ed96c6ce194d2fa571cd48f2d3fd909cc41cdecdd8425a1,b18ee68440166aba5b2855201d9030132876f63af759aaf22574ca9e432b324a
pm:vm:photonmelodies11.rio.003:1668688832:00086460:00221,cvm,――对了……摄像机和传感器都在场地里面……！<01>,[],layout_only,caf4483e1953776a89f9e6151cc127fb4f1a76b2775cbe48dd8a4d4d6824cfc3,f9c7bbfdb3a736accdc5c4ba5cfa746763ab519dffca5e4fab7e0b2c53dd529d
pm:vm:photonmelodies11.rio.003:1668688832:00087180:00222,cvm,【美琴】「如果那也算违规，那无线通信也不能用了嘛。」<01>,[],layout_only,a2139458f655b26842ac037e4f559b1d8714341162a3654eca0f8438720d4292,0c2c26c00a8f349b04bc0ec398ddc388fbcc27653e81aabb954b39a95aff8c02
pm:vm:photonmelodies11.rio.003:1668688832:00087224:00223,cvm,【武】「也是……」<01>,[],layout_only,a70fc21dd733f8570dd864a1fdad77e754a6664470561a65aca2454f52ce8517,dcf27cf414a2c9e51e33c947569a79d13cae7aeafbd40866bfe5c521813e9dfb
pm:vm:photonmelodies11.rio.003:1668688832:00087268:00224,cvm,……确实，要解释现在的状况，冥夜的推测最说得通。<01>,[],layout_only,d44ad662e37406c313445dc84e82e246b6e077a0d60fc1670bc4e369d4a118a2,d4ff08410a738dbe5ee2deb7f17200ec3ffc07b38c5a087eed63147b2ab401f2
pm:vm:photonmelodies11.rio.003:1668688832:00087448:00225,cvm,这就是夕呼老师说的“大人的战斗方式”吗？<01>,[],layout_only,a9e846eb9edf79e3f8703b5297653de340b9b62ae4743718e3abcfb1c932c1e3,5189b8bdbb732d8a3f16435abb402570aa5f3fc6541973daf59f20980f861f9b
pm:vm:photonmelodies11.rio.003:1668688832:00087672:00226,cvm,美琴的能力再优秀，也只是针对眼前状况做出最佳应对，<0A>说到底是后手。<01>,[],layout_only,5018c14de6fa08635edf921b6038a303c38a97eaaa75550abf34c21ce096e753,28bdc85ce00599986ae55c48ec6dcc60b995d2b1757cdc62943041a6e9488ac4
pm:vm:photonmelodies11.rio.003:1668688832:00087716:00227,cvm,在状况出现之前就把一切布置好，<0A>那种预见性、计划性……随便怎么说都行，<0A>总之就是对方先下手了。<01>,[],layout_only,29fbc5e422a438d5671933ec7c62f3653b345bf3d8314cbf1212c52e5d803fe5,6b47c8753f9e5e662fb7e7307f66600bea396f9b3b1968b9ac8e1d73dd4bebb3
pm:vm:photonmelodies11.rio.003:1668688832:00087760:00228,cvm,……这个差距，确实很大。<01>,[],layout_only,e403fe2b558ecffc17aba1602bdf7b52ae13bbf0869e85f9c450b5572360b7f2,66f45ccccdfde7d235f195d7d3c2147edc74cb58c2e6198ba663b1a43222e57e
pm:vm:photonmelodies11.rio.003:1668688832:00088280:00229,cvm,如果冥夜的推测没错，<0A>那对方应该带了电脑之类的东西进来，<0A>可规则里也没写那不行。<01>,[],layout_only,4a4d4fb062179091b01d3277ad2ae926f4d5451940a2023ba7a80dbf32d08e5f,9336d8d209b60b3e7fec4f3f650770fa3fb9c07b9fce8781fb6f8f4e913ea956
pm:vm:photonmelodies11.rio.003:1668688832:00088324:00230,cvm,我们不也是因为规则没写不行，所以才用了无线通信吗。<01>,[],layout_only,b50c68d466cb27c36d338a673e900dc894cca595d8b06da847ec3cf38c238149,7f85da91a473a641b1360d4ac5437a1f63f34e46d87f7ae8b8487c759f53cdf8
pm:vm:photonmelodies11.rio.003:1668688832:00088368:00231,cvm,【武】「…………」<01>,[],layout_only,770975bc8d76964cd0683d1a3ba2ec947971272f34819d29aa5c66d3964a88d7,6a17c608647a040376434d02fd50f1e4124a141fe417bdc98ba4d3f27bdee35c
pm:vm:photonmelodies11.rio.003:1668688832:00088412:00232,cvm,我们只是，<0A>被如今想来连理由都说不清的固有观念束缚，<0A>擅自给本来开放的规则加上了限制。<01>,[],layout_only,601c6e471191fd935b6d329291b3165dc71255ef1b13ba27d5b38f115e884fce,b678acd604a49fb7f03a2af0fd63fc877ca980ee1d63db6f4be7c8b9ef8b3ba8
pm:vm:photonmelodies11.rio.003:1668688832:00088768:00233,cvm,老师经常说吧……。<0A>能用的力量，就该拿来用……。<01>,[],layout_only,24f6f2461b161926daca564dafce062073b4fdffc071fc76307cd604ed6a404c,4b99ccb8e82115a5e732f671d70ff66edf1995d8fd03c9ff0476f9e7bc7ed487
pm:vm:photonmelodies11.rio.003:1668688832:00088812:00234,cvm,如果是出于自己的意志选择不用，那倒另说；<0A>明明能用却擅自认定不能用，<0A>那才是愚蠢……她想说的就是这个吧？<01>,[],layout_only,a7d5a87f039ff686d19bdf319cffdcb44109265a89d8ed59c54d614c26d65013,6a2d916e9e0975f772121bc7c2f8cfd4e40f8d8b748924632bf7f24f08adae52
pm:vm:photonmelodies11.rio.003:1668688832:00089504:00235,cvm,【武】「……可恶……！！」<01>,[],layout_only,5030dfca7a24b6e7ad677ce6a02c305be197073fb85b04abf9926d07f056913e,47b6a74169862db4e425b89ab31661e65d7a0e088e6b9c750ed70300f15390ec
pm:vm:photonmelodies11.rio.003:1668688832:00089548:00236,cvm,现在才意识到这些，已经太晚了……！<01>,[],layout_only,02f613bcee573cf7c99a7156e34b0fcd4ffadb18f6d4d6090bb919baadd690b9,c813f75cc46069919985e1a57732c7ba23590798971ee4578d1fab0dd0a5f6a7
pm:vm:photonmelodies11.rio.003:1668688832:00089780:00237,cvm,【美琴】「冥夜，怎么办……」<01>,[],layout_only,f17e9b5a72bbd13a6af3098fccb56cee9f372782c0d5747a0136895fc09ee661,ff820b8605ed3c952a21495c6c2c9d191a5093f19d39bb1f5eca19ea988c49cd
pm:vm:photonmelodies11.rio.003:1668688832:00090652:00238,cvm,【冥夜、美琴、武】「――！？」<01>,[],layout_only,a5cd5010c2a9099fd74f72dd1221657a202e2f1a911f2d32af4ffc8b405ddf2c,43e883ca9cd9aef4fc94a141815eb008b9fa6369ea55b1cba678f2f14cd335c4
pm:vm:photonmelodies11.rio.003:1668688832:00091156:00239,cvm,【壬姬】「――呀呜——！！」<01>,[],layout_only,74da4cc5d4aea91c47af253623fbdcc3d4c2d094366f384c5828555970d32512,d3661273b3fd652b62072497cf0a9d4ced35478f74772c070fe07a0723f08f14
pm:vm:photonmelodies11.rio.003:1668688832:00091248:00240,cvm,【冥夜】「――珠濑！」<0A>【美琴】「――壬姬！」<0A>【武】「――小珠！！」<01>,[],layout_only,8d36e8ff8ff6a408c3f1cfa00ac03f6bb4b0ecc5b00039743a2e3534b4112f3f,e81279698e65c5ffcb8482ab0fa67fc304fc2d7ddb9a59b8c3fa01805fa1f171
pm:vm:photonmelodies11.rio.003:1668688832:00092288:00241,cvm,【壬姬】「――好痛，好痛…………啊，大家！」<01>,[],layout_only,7fbc90a96cd8a2e201ec83373ebf515a6929a8017d2698c249735a011acc9585,90a58ba0fbace74624e59c913379f7960da789f1a7c4ab6653440f0a13563719
pm:vm:photonmelodies11.rio.003:1668688832:00092332:00242,cvm,【武】「你……不是要去和班长会合吗！？」<01>,[],layout_only,b284bc53098bf1e04f5417ed4e074cc97f75d3a7e44029593daaa65f07b715b4,3f4d54c5d717a55c296baa17f240f455ec7adc3d47f46ca904535699567e982d
pm:vm:photonmelodies11.rio.003:1668688832:00092564:00243,cvm,【壬姬】「嗯，已经会合了！<0A>可是，攻击越来越猛烈，<0A>千鹤没法撤退……」<01>,[],layout_only,c69ce23529adaa5134071d746a80ba7d14887a40556c57c8662c082b317cf173,e811334ab1b8524713564b2828edf2b35a7ca38ebe6e07720b2f146575a7fd42
pm:vm:photonmelodies11.rio.003:1668688832:00092620:00244,cvm,【冥夜】「发生什么了！？」<01>,[],layout_only,dc15645b08d487da44fad99c9578e5ff4f5feccaf7e1e3a907ed85188d5a9d8b,0130b0d41e35b94c259587484220130b0d3c46b94ffd1ae93f31be94917ebbd0
pm:vm:photonmelodies11.rio.003:1668688832:00092852:00245,cvm,【壬姬】「我把一半的弹匣分给她后，<0A>她说自己来当诱饵，<0A>让我去和慧她们会合……<0A>然后就跑到别处去了……」<01>,[],layout_only,903a2590802220adef8903181669bed80a9ad786844777a4d219697fc737eb1a,89353d93b2999a467fc18e68434bbde1c7e16b482b6d0a7144fceaec62ad4d30
pm:vm:photonmelodies11.rio.003:1668688832:00092896:00246,cvm,【武】「――她不是被击中了吧！？」<01>,[],layout_only,90bd9dea337b378d3c94217afcc2f307d5abf1d07a720bb550a0b7b64e8710da,05060e8660addbc99a9d1f0f234ea9648110ebb895f70013ccf060b9f784f656
pm:vm:photonmelodies11.rio.003:1668688832:00093128:00247,cvm,【壬姬】「出局的是…………慧啊～」<01>,[],layout_only,89a52087068676b469a44d40f07caad72203b3f97dcab039cad65cf0611c8c40,ad85df583e634add9805a9ea6bdfcfcac8cb483cbdce3c2df0f13e338c98f829
pm:vm:photonmelodies11.rio.003:1668688832:00093184:00248,cvm,【美琴】「――咦！慧她……？」<01>,[],layout_only,63cb5ed309a0bf427fbc572554265063fc427f161a78082e5401f4c8202743aa,76927e15174b7e6a34c3b077b801e6a6a14014285ac66781d41682ded72754ad
pm:vm:photonmelodies11.rio.003:1668688832:00093416:00249,cvm,【壬姬】「我们正在被一步步包围。<0A>慧为了让我逃出来，<0A>自己冲了出去…………」<01>,[],layout_only,9c189572b40727b4c214bb2b976debafe2140eee7f672f6b72ab890a5e36abbc,daba6491bf29d3f0381412da10e9902a468da3419ae0d1d6ad8d0189838334bc
pm:vm:photonmelodies11.rio.003:1668688832:00093460:00250,cvm,【武】「真的假的……还有谁被击中了？！」<01>,[],layout_only,1ffdf60db4dcea9c90dc87ab0a893e438be904dc068ec23ebfaaa05c9d9d44f2,072af5958710b7a3e8d42cc560bfc323151e87420e93c65dbede4eb320905835
pm:vm:photonmelodies11.rio.003:1668688832:00093516:00251,cvm,【壬姬】「――我、我不知道啊～！去问 CP 嘛～」<01>,[],layout_only,e61f6d5866d3c7b3b7d6fc83fd8074a769c1957975e981c5d3dcd48730dfee21,b9d1f7752beafd94c8fcb86bf89f00b1f66f48e264220a1facad29fd1385d12d
pm:vm:photonmelodies11.rio.003:1668688832:00093940:00252,cvm,【冥夜】「很遗憾，珠濑，通信很可能已经被监听了。」<01>,[],layout_only,0221e34f4cf63b4a6ffc6d143aff77ed4bd50a6feabcc553cf28b715e250f1d2,8b5f777b499aecca5cf42e3d7909924aebc6b33c577565f8295d8c01b9ba496d
pm:vm:photonmelodies11.rio.003:1668688832:00094172:00253,cvm,【壬姬】「――咦？！」<01>,[],layout_only,cc117a0d980fb42030a20cdbe784eaefa6741217c5b82215985bcfeb9382a2be,48cdfdd775a6acb634e16fd5f35bff364806d58c1288729783ed5aa825b86e04
pm:vm:photonmelodies11.rio.003:1668688832:00095660:00254,cvm,【柏木】「――你们两个快逃！」<01>,[],layout_only,fe8c87b0aaa35abfc5cab52f8ee400238e17ea7e058b785f44529769bc88de9b,e2a8dd37ffee18633b6c6c468fa2c07e8c9b5eb607a5020afca14728bd9bcbfc
pm:vm:photonmelodies11.rio.003:1668688832:00096144:00255,cvm,【纯夏】「――可、可是……！」<01>,[],layout_only,94c1694d0a5beb67d52b960f5bb6d39bf55042cc83aed93029b910aaedaca764,11ba75d2fc45462ecf20c528c74042e8f83a17c09ba3544c1db20db588a27542
pm:vm:photonmelodies11.rio.003:1668688832:00097380:00256,cvm,【柏木】「――要是在这种地方三个人一起被干掉，<0A>就真的没胜算了吧！<0A>――快走！」<01>,[],layout_only,341ba0ab863f31a487d3015d648df663679a8491c260797da611e84e9fc04435,97c819045f195c447ee0a97e55254027e629ec9c96e2b8fa5cf0e726aec74edf
pm:vm:photonmelodies11.rio.003:1668688832:00097612:00257,cvm,【纯夏】「……嗯、嗯！小霞！」<01>,[],layout_only,2ab595db0e02812ab549585c06115ed9300a51c5e016fa18edc0f6bf9a267034,447ff8830f4efd7fdd15074953a4d82275256463ef1366d10d77f0a9b666de40
pm:vm:photonmelodies11.rio.003:1668688832:00097924:00258,cvm,【霞】「好、好的……」<01>,[],layout_only,8ea7f7a1eb65a09cc2c0d62eb53fb11b2cf40ba49125ba4c94c6e55e64b957a1,e218a2dbe5bccd1fe523d2d0e2842bf0ae3f25ab22e64558a86f58931bb5095a
pm:vm:photonmelodies11.rio.003:1668688832:00098812:00259,cvm,【柏木】「――哎呀，动作太慢了！！」<01>,[],layout_only,c907a5e7b9be4511aa5cd49ee6e194d0fbe41cbdc205f9b5a3e1a377c1151de1,746cdf693707018d172b26495fd53e76ae8f4e8f2d00e58237cf55f885687dfb
pm:vm:photonmelodies11.rio.003:1668688832:00100096:00260,cvm,【声】「――好痛！中、中弹！中弹～～」<01>,[],layout_only,edf64d697ece695ce1f703f2b9693f2717db8899844acc1f20160bc5481ff59c,8a75b7a4db6dddc5433152d28d416c9b8fb1db55b043e0a308435450d10e069f
pm:vm:photonmelodies11.rio.003:1668688832:00100464:00261,cvm,【柏木】「――很痛吗？对不起啦！」<01>,[],layout_only,6ad81683c1a765b9de8a18a6f22f8ce4b6a28e456e579ac913a3b5520a8a8556,32c85f78912710482d381f73bced20819bd4c0df290a29af9292a17338467179
pm:vm:photonmelodies11.rio.003:1668688832:00100868:00262,cvm,【柏木】「――咦……！？」<01>,[],layout_only,8b14fde28698011e7714337d2ac45923e5f6c4e96f146f08fc55891c2f903085,fb62024fc71e529140e2ceb8d942359923844b3133f3d78bba7da53341b1c1dd
pm:vm:photonmelodies11.rio.003:1668688832:00102232:00263,cvm,【沃肯】「――奥伯龙 1，回应！<0A>――奥伯龙 2！3！！<0A>――可恶……为什么没人回应！？」<01>,[],layout_only,078a866ac74adc0763909a559960068c1369a21775aca854e0ed02a20a4e3a07,bbe10543f6e9c033042367f67d684aefa43bec8d08c254f5e72aeba6a3fd90c0
pm:vm:photonmelodies11.rio.003:1668688832:00102668:00264,cvm,【千鹤】「……哈啊……哈啊……<0A>到、到底怎么回事？<0A>白银同学他们……被击中了吗！？」<01>,[],layout_only,7f3ef2704041141ce0fd287c08cb02b654ecc0d6e70c3ba05e0df958694ece29,cbe38ba0f3302ff1318e29bad45f808e68dcfd5a0afa4a4ead650ec3e4497c66
pm:vm:photonmelodies11.rio.003:1668688832:00102724:00265,cvm,【沃肯】「――谁都行！还没出局的人立刻回应！！」<01>,[],layout_only,179f5213095db77c072d71cf124208345f6f134edda4e98ee46ff286399c7ac6,540a8f70e186644f3587c43aa67f7d53f5866eacc338a3b5d3a004e8d883f5a4
pm:vm:photonmelodies11.rio.003:1668688832:00102956:00266,cvm,【千鹤】「――！你就算……这么说……！」<01>,[],layout_only,916a2bdaccc56d552891fb537523d07a8ff4883cf46ec5091a7579aad015b0b3,aad384100fb375a936c1db554ee4155c938011f27cea819b43178613079a039b
pm:vm:photonmelodies11.rio.003:1668688832:00104756:00267,cvm,【千鹤】「――我这边根本顾不上那个啊……！！」<01>,[],layout_only,24e7bfba5388f1a9dc664c08c1bfa2859885283e145a6eb6681ca470cc82a350,a891e2706b5d51bb6b5aea47a3d50fa8d49d0645d8803332fe68c884bd80ed45
pm:vm:photonmelodies11.rio.003:1668688832:00105760:00268,cvm,【沃肯】「――唔……！竟然没有任何人回应……！」<01>,[],layout_only,4948917df96fe9e6f68d567826558a3cf8895822f28c74019a0416a01ba44b29,116b952d7585b24e03a41464649b2d4c155c43e14c794eb43b5fe44d1bed091b
pm:vm:photonmelodies11.rio.003:1668688832:00106356:00269,cvm,【悠阳】「确实奇怪。<0A>枪声仍在继续，应该还没有全灭……」<01>,[],layout_only,8c00aeadf2de34fd8baf72a3a30aef6d01f706cfdd27bb71d5b7f6f9aac2c6c9,11090b38090565224b1d3fc04a04064f7a43b5f2ef36a0371c23fa7c3b33b6d3
pm:vm:photonmelodies11.rio.003:1668688832:00106792:00270,cvm,【沃肯】「……恐怕，<0A>他们为了不让敌人掌握准确位置，<0A>现在无法出声回应」<01>,[],layout_only,e5c4f61872d8e115f77eb7a45b5625b6f811ce72f75fa1beb0a4f788dd63af62,453b488e7c811b06fb67ef6c8073fd9aca714c68412d933e5575a72d3be7200b
pm:vm:photonmelodies11.rio.003:1668688832:00107144:00271,cvm,【悠阳】「战况依然不妙呢……」<01>,[],layout_only,23bba8530ae4ba5c9f52bcd3e8ac8c448b8940c41da9638c12067156f542ce84,e14d69296b489e7f34b4f49bd20156cc5e51213457e7df312e632c572aef6d6b
pm:vm:photonmelodies11.rio.003:1668688832:00108000:00272,cvm,【武】「――大家，再靠近一点！」<01>,[],layout_only,9edbc93cf78fb9e05c557340e331229daaceda9027cbbd620bbf5cb244858e8c,30ecc52155d127cf612cdab4d49394c867daf3c653dc9810b3ac7bcc5e669b9f
pm:vm:photonmelodies11.rio.003:1668688832:00108572:00273,cvm,【冥夜】「――怎、怎么了，武？」<01>,[],layout_only,eb22bde8a9d81df173974f6d939bc8bb50fa09044d5e66a380dc57f4798bd3de,082b47afef9333bb9765d0cf7abd248a77d5e1e1c1fd38bbe05ae8783faad4a2
pm:vm:photonmelodies11.rio.003:1668688832:00108616:00274,cvm,【武】「――这里可能有拾音麦克风吧……<0A>尽量压低声音说话！<0A>无线也先关掉」<01>,[],layout_only,8682fbecce72742a34337116e87960137d714f23fa45b830acfd042b67ecd3f9,f8570cc7608e7c30cba69eb49491aa8e5267a6ab19f3e349dc754b2a3aa515a9
pm:vm:photonmelodies11.rio.003:1668688832:00108832:00275,cvm,【美琴】「明白了。那么，怎么了？<0A>你想到什么好主意了吗？」<01>,[],layout_only,88558de0ea7ab368d88e96923af47abd486314e21f67228539793d17d8ad6866,88a7f69e0a5e9a4f8033d9d77aea031bb7e8f26d6731cb176d36a3f561e43f70
pm:vm:photonmelodies11.rio.003:1668688832:00108876:00276,cvm,【武】「嗯……算是吧。」<01>,[],layout_only,9059191604d7711efff397d204ebe8c5ddb1966a56d60d31c67b5995e43b585d,829517de18426f33570befaa85805577a679d8c82be0fd86ff10282e81c440e5
pm:vm:photonmelodies11.rio.003:1668688832:00109108:00277,cvm,【壬姬】「――咦！？小武哥好厉害！」<01>,[],layout_only,7fbb32b45daf983e90f6528d29780dadbf7818782d47b2561c2211c523a0191a,e8a7bc8306707c0fc228a352c7b3e6930ab7533aa0050eeb27fd2b5398951dbd
pm:vm:photonmelodies11.rio.003:1668688832:00109324:00278,cvm,【冥夜】「――珠濑！声音太大了。」<01>,[],layout_only,ff1f966f94e442541f1362e5c815910bf1e20b54f81fb41528def204a6e1c781,8d688101d03275342a7fa6ad9c853c5c19ff5383c123285722e5bbda76576638
pm:vm:photonmelodies11.rio.003:1668688832:00109556:00279,cvm,【壬姬】「对……对不起～……」<01>,[],layout_only,b910449e5350002d25f1d25a6f85a7f2cc555ef0063e58d6492cfeb01dc48c9b,4f507955547a03be344d0408ae9ed36e33e7438821511e5cee6b9fc3a53c837c
pm:vm:photonmelodies11.rio.003:1668688832:00109772:00280,cvm,【美琴】「……那，要怎么做，武？」<01>,[],layout_only,3b61d8a2b6f4a2d1572648ee45dda07187c2188379d7c603972ba1797e053478,8ffd829ba4de471fe8e20b83bc9e497ec08113e10c88df56a905afe723c98b4c
pm:vm:photonmelodies11.rio.003:1668688832:00109816:00281,cvm,【武】「――关掉电源。」<01>,[],layout_only,59e7bcb2b2822555252590bec4fb76c15b40d00054f5833456532272ea48fec9,62ccf67a810b29a4d6111fbc79b9c3680a4b92d5281ced45398ddfd1bfaaee08
pm:vm:photonmelodies11.rio.003:1668688832:00110296:00282,cvm,【壬姬】「……咦……？」<01>,[],layout_only,0f766a9109fc6dccd088ecb63ae064bf5caa8d13abb966d7dc55ca32f55e5c48,294421f2dda9782e71bb236957e3348fba5a1f9224bf6e195f88ea1345e387bb
pm:vm:photonmelodies11.rio.003:1668688832:00110340:00283,cvm,【武】「这里的电子设备，是靠场地外电源车供电运转的吧？」<01>,[],layout_only,ea2209f9e4bb5c262bddcd87a146a97f55000dc7e85c4946acc5ee6f91b0f551,79602bfaf069df16ed95c8f535d96302f6f16d50dbf1d03dd4edd0d4a2b405e5
pm:vm:photonmelodies11.rio.003:1668688832:00110820:00284,cvm,【冥夜】「确实如此……所谓关掉电源，<0A>是指去操作电源车吗？」<01>,[],layout_only,53ad64bd507c01677e16e3c7bddee4a0ca73076cb19389aad39894a09e5bffb9,ec35dd2e8b4ed9d867514c8c9f261b3b8fe608de15b74bc76bf8c46cd2417279
pm:vm:photonmelodies11.rio.003:1668688832:00110864:00285,cvm,【武】「嗯，没错。」<01>,[],layout_only,89fe635d5d58d5a5a219783ae8745793343a307d6e5319efb7da18c84598036d,d8597caeafd253f326255fa1300d4e15fc3aca0f4a8b1b39ed4d4800a8bf9f70
pm:vm:photonmelodies11.rio.003:1668688832:00111344:00286,cvm,【美琴】「可是要怎么做……！？<0A>出了场地就会被判出局啊……？！」<01>,[],layout_only,2ed89538551cde839504fa967fb124147802e4d90f06f3ee84ec805569940901,112eda7cce878dbce8c5aa7f5de71ae261f4e41207d9a1f3486186e1da0eb888
pm:vm:photonmelodies11.rio.003:1668688832:00111388:00287,cvm,【武】「那出局之后，又会怎样？」<01>,[],layout_only,4c067c90cf3a2e264f392098a62125af70a4d8959ba762548a6b5bd9c55f0536,ac8a462727df7822dfd851345a8c78f60d8070d74715904f10b36db2f6b881b4
pm:vm:photonmelodies11.rio.003:1668688832:00111444:00288,cvm,【壬姬】「呃～，到比赛结束为止，要待在安全区里对吧～？」<01>,[],layout_only,f8558dccaa6689bc1b95045b40e2d3f28f9ea897a0c5a5330856d7f19c4e5fb7,6da09b80fdb8b85207502aedd17baff544974ee84d9202c2810fc5b613fa7d57
pm:vm:photonmelodies11.rio.003:1668688832:00111924:00289,cvm,【冥夜】「……原来如此。沃肯教谕吗……？！」<01>,[],layout_only,100a3f03c3e4cef0a5b5e7b117d58e7f96f423070d8830b47932fa5bdd60e002,35d71aacd3c6526968eb6f34d0dc40221f3296a686ac939c0022cf10a6a3f3f3
pm:vm:photonmelodies11.rio.003:1668688832:00111968:00290,cvm,【武】「对……！我们模仿夕呼老师教过的办法。」<01>,[],layout_only,e2692e473bb825aa9300515da12a91b75443408e6284b87813c20c44ecdfda23,ab1a758bee789340f6feeca0241cafa77a137ad69395b398a01ff1ae13713efd
pm:vm:photonmelodies11.rio.003:1668688832:00112024:00291,cvm,【美琴】「什么意思？」<01>,[],layout_only,f6d42afb70f2fe6f3201d7e7a0dc83064b89875a5425b540f0f98f97669dd873,b2e3870b6c4cdceecd62a8c6b9d9ce18924d7ae15443481f3e4f7500636330c9
pm:vm:photonmelodies11.rio.003:1668688832:00112068:00292,cvm,【武】「让自己人击中沃肯老师，<0A>让他退场，然后请他去切断电源车的供电」<01>,[],layout_only,36fa4766257a11e9989c2c4aa411af18eb2b233046d13f3ff5424bacae70e3ce,f70c2747f5e3b56577aa1e36541de9bab4d37e380210cccdb376f9dead232501
pm:vm:photonmelodies11.rio.003:1668688832:00112300:00293,cvm,【壬姬】「可是规则里……！」<01>,[],layout_only,7cedf4d9f2877f48119cefc82be6bb2ccd293d37977a796cd78124c6070d3fca,f874f40f175ac2cc5366a9b7aaf40a1a603e1e1ac12628ee383672ca19a4b55c
pm:vm:photonmelodies11.rio.003:1668688832:00112344:00294,cvm,【武】「这一点可没写啊。<0A>有义务在安全区待命的只是参赛者，<0A>至于观察员，<0A>规则只提到了从 CP 移动到安全区这一点」<01>,[],layout_only,bb873041c7be8f8526ae7d570c48e7cba313396487d7d1e1102e84a2b4a5b6d4,812c89b5170f4f83c074612d2b19bfaf0fbf3cb4888c34a7868f660ccd962528
pm:vm:photonmelodies11.rio.003:1668688832:00112388:00295,cvm,没想到在新兵训练营被逼着把规则背得滚瓜烂熟，<0A>竟会在这里派上用场……！<0A>当时烦得要命――<0A>现在倒真得感谢那场训练了！！<01>,[],layout_only,e772980beb9b62020792e8c2e4b41172010e6623c09ccc7da14d19debfa5d505,7eeacdce7704521ac4a2ce20664c95aba85253d7ba9c9fc52dfd3cab245ad0f7
pm:vm:photonmelodies11.rio.003:1668688832:00112752:00296,cvm,【冥夜】「顺便说一句，<0A>规则也没写不能切断电源车的供电」<01>,[],layout_only,a6ce5b328a1723abd290f9abfdbad210a372afe82e6bf2dec5a2bb25e433076e,d1793d2362058fdcb3986745e19188ef4293ca24185d8e83da50c96bd0976d4b
pm:vm:photonmelodies11.rio.003:1668688832:00112796:00297,cvm,【武】「没错。说到底，面向全校的转播<0A>多半只是夕呼老师为了满足表现欲搞的余兴，<0A>和她在 LHR 上大张旗鼓抛出的<0A>那些冠冕堂皇说辞根本无关吧」<01>,[],layout_only,073d4455fcd4c6749819ff872d603ed1a3152d6bb2d882c59ed8a0f4a5c4593b,c37ceccf5486508897da1df3126d1ba855ffd6a02fffdbad23abe0a30f16726a
pm:vm:photonmelodies11.rio.003:1668688832:00112852:00298,cvm,【美琴】「原来如此～。也就是说，<0A>就算我们切断转播，也不会影响比赛胜负。」<01>,[],layout_only,fe89a68011b60c210bb082b2b7aca0738787d790e68ed57b5bf17aaf3fd41b55,909c409febb2ef3016e3adbdc76125b3e2009e178d098aa7557df8430d25973b
pm:vm:photonmelodies11.rio.003:1668688832:00112896:00299,cvm,【武】「不过会影响夕呼老师就是了。」<01>,[],layout_only,119522ee3400881d977af585b4d42c6ed374a56762fccf8dd425e424037c8a2f,d65021312380e834ded811fbdd9735fe8d7e814cacdca390c37ea754447ca889
pm:vm:photonmelodies11.rio.003:1668688832:00113128:00300,cvm,【壬姬】「会、会不会太乱来了～～」<01>,[],layout_only,03ebe62b80604759d51ad1458de717010e1196ec73da187f76b31e88907c7cfc,6595bbba5931386aa85478a89b849db7fd81d5fb37f88b950250e26dc9e60544
pm:vm:photonmelodies11.rio.003:1668688832:00113172:00301,cvm,没错，就是乱来。<01>,[],layout_only,1b45f1723eed1ddcddde8fe1acd2b467f7bff9a4d5f9d7efa44bbe9f8dd7834f,6a326233e91c3cb3ffeec4ab20218e2939c5de304441f2afb37ac044bf5da853
pm:vm:photonmelodies11.rio.003:1668688832:00113392:00302,cvm,【武】「可是，这就是对方的做法。<0A>既然那边被默许，就没有理由说我们不行。」<01>,[],layout_only,03966a7d13f80c15daaedaf10f3fded682307f0b93ee428d16fcb0ab98e50492,5068a0b6c2ea6c6aa3eef96e8c0eeb15e2357d936f6970ba3d7114a49b4a27e4
pm:vm:photonmelodies11.rio.003:1668688832:00113624:00303,cvm,【冥夜】「但要如何传达给教谕？<0A>若使用无线通信，对方会先采取防范。」<01>,[],layout_only,c83d76f00b09adce5f0e34199601c83ed46bcb57e2199d3e51620fe66f6dbc83,7315f94a1159f617ce86cccc26dd9c98ca9ab89d51793836ca2286c1b2989abb
pm:vm:photonmelodies11.rio.003:1668688832:00113668:00304,cvm,【武】「……我回 CP，直接告诉沃肯老师」<01>,[],layout_only,ac2a8e5897feb4ea8cf291d9f486501227b87796a5eee05d6483bb37eda67436,b0658b3b6718ece77e87ebd17d755819584c14e6ded656fe4f65d70c01b69fd7
pm:vm:photonmelodies11.rio.003:1668688832:00114148:00305,cvm,【冥夜】「明白。拜托你了！」<01>,[],layout_only,4f3ce37617877b07f7f99d2842901ccdef480171cbf1687981c933d06ab22136,e709c0ef49ed2d7e85658cb8317c75cbfdee813fb424e6ae05f0e90757054016
pm:vm:photonmelodies11.rio.003:1668688832:00114192:00306,cvm,【武】「电源一断，我就用无线联系。<0A>在那之前，你们先撑住。<0A>只要照沃肯老师的建议做，<0A>至少不会马上被击倒。」<01>,[],layout_only,5053dc1a5a378297629e3955e77e6e33275b7d4c326d68f30a4ae4aa4f0aa415,c0656cd9a1919cdaaa4e4334ac702ef45c9788fb779d01b2fe57fbc67084244f
pm:vm:photonmelodies11.rio.003:1668688832:00114248:00307,cvm,【美琴】「我也去。<0A>一路辨认传感器前进的话，<0A>被发现的风险也会低一些」<01>,[],layout_only,c101f4bda1ff31f898d1f86bbc57090dfcda8c2ca0e5761228e34a9d68dc2008,31f1d852ce1dadfdb9a82bc3233c1be3c9784134011540ce94978a390c3c11c7
pm:vm:photonmelodies11.rio.003:1668688832:00114428:00308,cvm,【武】「不行。美琴继续搜索敌方 CP。<0A>让传感系统失效后，<0A>双方才终于回到对等状态。<0A>从那之后，才是你真正发挥本领的时候」<01>,[],layout_only,1837268c3924d55882a9891dc48b6dee4b430c5bb69237f4b95049add77b784e,174db622dd50d57e8397ad98205c9543d5775a1ff33b06a557c86fa42286ecba
pm:vm:photonmelodies11.rio.003:1668688832:00114660:00309,cvm,【美琴】「嗯，明白了……！」<01>,[],layout_only,65431fdb73800995a5cd51f83d7d0f3c348e51ce3e451218abe05f9bc52751d5,7bb7d7c72bfbbdfbdb8636bd08d67249bcf68aceac7fd4c0bcaa545e7a2d9e54
pm:vm:photonmelodies11.rio.003:1668688832:00114884:00310,cvm,【冥夜】「那么珠濑，支援武的任务就拜托你了」<01>,[],layout_only,9d421956f5fadd132f5c8712fba3a726a869a776ae3ca9fa75d4b8f7ead8b139,61e896471595f96b59c2e6db8dccb562fe01081c428383653374065ed6cb3d01
pm:vm:photonmelodies11.rio.003:1668688832:00114940:00311,cvm,【壬姬】「嗯！」<01>,[],layout_only,b106869c31e55df616e1fabcd7a2d3fd16e73d7215bfdfd5d7daca1aaf3a3f7e,413fb7fdad7876fffec8e03c32b413fdad16222f06bdac9dc2d6d764d1da2b47
pm:vm:photonmelodies11.rio.003:1668688832:00115120:00312,cvm,【武】「好，作战开始……<0A>另外，再继续一声不吭也会引人怀疑。<0A>不知道能骗到什么程度，<0A>但我们放些假情报，别让对方察觉真正的计划」<01>,[],layout_only,7cd8c1eae2189a872e044fbc9d63d0befee12403cfb7e9abf48211f956a9ad6e,a8ad07ae5f1ba395d6d42bfc1f07309ef0a35c3fd4167c4f25b407e1d62af011
pm:vm:photonmelodies11.rio.003:1668688832:00115468:00313,cvm,【美琴】「虽然有点对不起大家……<0A>不过都说要骗过敌人，<0A>就得先骗过自己人嘛」<01>,[],layout_only,c73aa9f9d7119d9aa52963b270e429c63a26c7eda019cdd99688df5794924723,b99a4d5d1639602f93f40c727f0b7b3e96f024a3ef0eaf2ca291dbd8e763dcbf
pm:vm:photonmelodies11.rio.003:1668688832:00115684:00314,cvm,【冥夜】「武，<0A>你可以在无线里说，自己正前去增援 CP 防卫」<01>,[],layout_only,5a4132c295fe924139f6f1fd53d19bafddacf9b3c9bfa2dab3af96c9a93792ca,05d2076bb0454af5d80636eb7fab60b5701e1fd6a3188d869de75f08b92087b0
pm:vm:photonmelodies11.rio.003:1668688832:00115728:00315,cvm,【武】「咦……？那不是特地告诉夕呼老师――」<01>,[],layout_only,cc7b2b256c0ca3e06414a09226b97da79faf954b53cf53c0fa0faa13025c8e70,25102d4f706c3bd21ecdb644612a74909a129de1d957624592d36ce10f4a9b21
pm:vm:photonmelodies11.rio.003:1668688832:00115944:00316,cvm,【冥夜】「无论如何，<0A>你们正在移动一事都会被香月教谕知晓。<0A>反倒是这样做，或许能提高安全性。」<01>,[],layout_only,8178e1ef6b86519eef57f7f656508630e7a183f22698633b5761c1df5f135400,c45116659f500aa744742d4753dd355789df63981e482898c1c897f06b39a1d5
pm:vm:photonmelodies11.rio.003:1668688832:00116176:00317,cvm,【壬姬】「冥夜，为什么呀？」<01>,[],layout_only,79c879b19e36134b156f835977fa85bcb86504a2b60040562a6c37d8d46e0ff9,8a2be6c22b64699137c16895a71d96e4133dd3a88e6bb187e277acd251770373
pm:vm:photonmelodies11.rio.003:1668688832:00116232:00318,cvm,【冥夜】「在如此有利的状况下，<0A>香月教谕仍未攻击 CP。<0A>也就是说，她很可能尚未掌握 CP 的位置」<01>,[],layout_only,dc04974a85a0b5ace236be3f3dafaf28e911e71c5f2d1a39a3a6891e23c57b85,2104c510bf684b2841c526f54a901bf568c7b8e0350e77bb480904ef4b9a93fc
pm:vm:photonmelodies11.rio.003:1668688832:00116464:00319,cvm,【美琴】「确实，不攻击 CP 很奇怪呢～」<01>,[],layout_only,1267d127175d8f7adb4c917fef0a3985aefcfe3a7d909f762af0e30b57fc95b3,16b82e29f0e0832d30b5072c65e3565914c30a12429c2bda99b29e7a975f84ca
pm:vm:photonmelodies11.rio.003:1668688832:00116684:00320,cvm,【武】「原来如此。按那个人的性格，<0A>她大概是特意把寻找 CP 这件事<0A>留作比赛的乐趣吧」<01>,[],layout_only,3901ffacb6f1311f20795d2acd5501537f813949061aea3782f05a9b9a6c798c,591f860d6287c0b2f71ac258612b83177c0e7317c0107b012f6854348d4114ba
pm:vm:photonmelodies11.rio.003:1668688832:00116728:00321,cvm,对。她确实就是这种人……。<0A>如果夕呼老师只想单方面取胜，<0A>预选赛时就会用这个『神视角』了。<01>,[],layout_only,7307c81ca6b981e2309419fb6a084b33ba1f3b074ae8143143f86980f2b02cbc,184dd565e5f8beabb1a9637e702bd6f8af0ec5c6bf77674b316ead41a08b7573
pm:vm:photonmelodies11.rio.003:1668688832:00116960:00322,cvm,【冥夜】「若她听说你要回 CP，<0A>很可能会为了确定位置而故意放你走。<0A>当然，这也有令 CP 暴露的风险」<01>,[],layout_only,7d247d201c0c7ce1f5deb360a884c4ffba98a6cc3e0fba8f6a3cd6933ce05c12,c11b89e05b71ffc06262f1b9b3cc2d2170a1e9156df630ce3f72927ca43a0fe7
pm:vm:photonmelodies11.rio.003:1668688832:00117180:00323,cvm,【武】「不，就这么办。<0A>就算暴露，我和小珠也会守住 CP。<0A>至少比现在这样毫无防备要好」<01>,[],layout_only,4fdc5fe1d4ce56d2dc4044df558dc88bc2a3189d8254fa822c6d7efdbe88116e,104ffcfdc65cb24e2bf496cb2eca9973d6b3344070a8c87a4b5d6bc7b48a610c
pm:vm:photonmelodies11.rio.003:1668688832:00117236:00324,cvm,【美琴】「CP 在那边。<0A>要是弄不清方向，<0A>就走到 DMZ 边缘，用外面的景色确认」<01>,[],layout_only,5087711083ce93ea2e7f022d7a47e59ffcd23e6481e2742072685aae1e0ab894,30f8a4c04da6ece8e52195e4775e077fe4ed6e3849063b25ea377552f56958f5
pm:vm:photonmelodies11.rio.003:1668688832:00117280:00325,cvm,【武】「明白。――那我去了！」<01>,[],layout_only,b7676a08b8088254bd0bbcfb643eb685b61359675d1cb1a168bc9983d6c7d73f,2a10eb7a51cd04141d474328a05c56656743eb41cbfb5921863fa950fbb4099d
pm:vm:photonmelodies11.rio.003:1668688832:00117336:00326,cvm,【冥夜】「――拜托了！」<01>,[],layout_only,80eea03905aa12dcc2bb92f5685ad04f71b1dc67b16d16bc390703ba51ed6544,e6d15115308236b25460b89822ad7dc5ce84c6317825db60488f351ff072e189
pm:vm:photonmelodies11.rio.003:1668688832:00117616:00327,cvm,【美琴】「――奥伯龙 1 呼叫 CP！<0A>奥伯龙 1 呼叫 CP！！」<01>,[],layout_only,b0dc0dce526e622bb8cf0a25cfacf1ae4739a809b4b6ba74b74bea3389680f5e,d9427da7f0ed976bfde819bc5ea5a3e372a2d798b7183b0e22af5bfbab9e33f8
pm:vm:photonmelodies11.rio.003:1668688832:00117952:00328,cvm,【沃肯】「――！？<0A>――CP 呼叫奥伯龙 1！报告状况！」<01>,[],layout_only,fe29e7e10128a6bfc9f58b3bca3a30fac356d24bcd858bc4cdd080b7fb023307,eaff22e768f161e29c489a43a20e1ef12d1e79f79cdcfa9a8f9f7cdf6f385436
pm:vm:photonmelodies11.rio.003:1668688832:00118008:00329,cvm,【美琴】「――对不起！<0A>敌人就在附近，所以我一直在隐蔽！」<01>,[],layout_only,6bdda19e92a6e10fa1d74103aba025ba791cc40bc44a2b4af120843076768f37,255851a8d696d15bffdfc5a5f5e213b8fc20e6cf242539d69bef5bae9b25333b
pm:vm:photonmelodies11.rio.003:1668688832:00118308:00330,cvm,【沃肯】「――敌方 CP 的位置确定了吗？！」<01>,[],layout_only,2307b6dbc07e0f128c667859de960c97b71fef98120b6514bb2b714c232d3e13,470e4a636e0529b7f59dc4f6c57c59d2b58248344da90b51ec6bdf7cd2817ffa
pm:vm:photonmelodies11.rio.003:1668688832:00118364:00331,cvm,【美琴】「――没有……我还被包围着。」<01>,[],layout_only,4beb8340df4eaa5c4b1a952d36ea64f6a9679d32ce99f0d8acf9a4c14dcd4a6f,56c2010816d46b8d7b21d9e7d7390a3cd0289f7a4949330462d0717cbee49e11
pm:vm:photonmelodies11.rio.003:1668688832:00118876:00332,cvm,【冥夜】「――这里是奥伯龙 2！<0A>我正在支援奥伯龙 1……<0A>但目前完全无法移动」<01>,[],layout_only,d5fe484af641d6b7090c49f7042a9bae9f1919fd66c5a7fbe556bbeef71d4a79,cd376314d0ed3cff94abf1a30f23355463c768d4d9810db9ebf945e0b36bcb10
pm:vm:photonmelodies11.rio.003:1668688832:00118932:00333,cvm,【霞】「――这、这里是奥伯龙 9」<01>,[],layout_only,35101aaad68621d03249bfdbdeec7c9d236f07351072827317560cdf37ae334d,4ba0ce928eda6f14dcdde36eff5a1cae9b0f5b9e47c70b7a66a657bc59f17edc
pm:vm:photonmelodies11.rio.003:1668688832:00119324:00334,cvm,【沃肯】「――奥伯龙 9，你没事吗！<0A>奥伯龙 8 怎么样了？」<01>,[],layout_only,ddee2e7aa486738bcdc79ad6d97ecd7715ef04f76d11f60b16c1190619668d4f,95d88e216eb5a2fa77f4292c8cf0caabc7fa9f5e5920a8c2d24f819b9c81492e
pm:vm:photonmelodies11.rio.003:1668688832:00119380:00335,cvm,【纯夏】「――奥伯龙 6 为了掩护我们撤离出局了！<0A>她和两个人交战，<0A>好像还击倒了其中一个！」<01>,[],layout_only,db35b8d1a625ed0c2a8c1754c60d17380a1cfc4540345b1e88f59c168f6fd01f,2e1ddddc6b1723a7d54aa04e230c422c3ce4c969b13bee83b21e44d652df4b6d
pm:vm:photonmelodies11.rio.003:1668688832:00119436:00336,cvm,【沃肯】「――了解。你们知道自己现在在哪里吗？」<01>,[],layout_only,62309e825ac1fbd69605fda161d53a9b388b770979eb1265de3c807447be13e9,03fdc1303815cfb3e3566d5bbbf2c9a114c99ad06c25528844ee9e243e05fe27
pm:vm:photonmelodies11.rio.003:1668688832:00119492:00337,cvm,【霞】「对不起……不太清楚。」<01>,[],layout_only,7e86c510315c4d7a053023398529a185628870a362f97f9196d7f9131b47a533,fdf6fd0ed61dbe038c327bb3d2e7a62db93eaf0d373922636acfeb237c6c3359
pm:vm:photonmelodies11.rio.003:1668688832:00119736:00338,cvm,【沃肯】「――好，原地待命，<0A>等候下一道命令。专心防守」<01>,[],layout_only,08027a2b800c97edc75f28ae4352939d77a404dc5a4151c3dccb3291d869f80e,2ed4c25d6e950bf36cd43a572988b4cd34a8349f863ad76038217371954484b5
pm:vm:photonmelodies11.rio.003:1668688832:00119792:00339,cvm,【霞】「……了解。」<01>,[],layout_only,4b7cbdbdb71f761e4c0832e2ca6fb988c9aea910d58a6b6c5985807496807ffa,3245bf280abd7120f67684b46bca88fb3eee1f12f7050e8d9230659c4ddac432
pm:vm:photonmelodies11.rio.003:1668688832:00119848:00340,cvm,【千鹤】「――奥伯龙 5 呼叫 CP！」<01>,[],layout_only,9ec08b575258833d76f7a4138bfdd4e70c5a23dba30381d174120bb8dec36321,14230ed3ff8a6dfaf925294e94ec1d5f87909c7b98a7105cedd7dcf7843dea46
pm:vm:photonmelodies11.rio.003:1668688832:00120148:00341,cvm,【沃肯】「――你没事吗，奥伯龙 5！」<01>,[],layout_only,c0093e9992822341e454432fc77c965cc25b2010846f24b7e4e308c5de49c174,d75060c41c08086442791f95aedca9e9739abad0b9adaebcea3f95ccbbd29d33
pm:vm:photonmelodies11.rio.003:1668688832:00120204:00342,cvm,【千鹤】「――击倒一名敌人！接下来尝试与奥伯龙 1 会合」<01>,[],layout_only,3a529d43e450b9a5fd396859782fe254fa5d0e81e7869a40b81c1d9684a2806c,3c3008d670a04e2287652b1fd459d7f7b6e4145879d4b15b5df91118159364e4
pm:vm:photonmelodies11.rio.003:1668688832:00120448:00343,cvm,【沃肯】「――等一下，先别动！<0A>――奥伯龙 3？奥伯龙 7？」<01>,[],layout_only,74c992c6a0dc9dadc74e0fcb378bef55ccdaf32cbee3e63f3dcca8334c87649a,dc5c44cbea018a96277e585d1aca9e11325cf990fceaa7135431d8bd4a3ad886
pm:vm:photonmelodies11.rio.003:1668688832:00120492:00344,cvm,【武】「――这里是奥伯龙 3！<0A>正和奥伯龙 7 一起向 CP 移动！<0A>我们去加强防守！！」<01>,[],layout_only,1909437e39fcd221770b2ad30a5e57bb461c26a267644e5d9b1a83e0a104bdc9,a83c74bca8f61d5d40f04eedb30c989288f4f9f49eb02212adfa5760675e77f8
pm:vm:photonmelodies11.rio.003:1668688832:00120928:00345,cvm,【沃肯】「――CP 收到！<0A>――通知所有单位！<0A>先重整态势！视情况后撤！」<01>,[],layout_only,0e408b27e59d24bdfc0c84593fba4e2c7dec6d1c91e334eb4be2509e67daba77,960ff3a34bbf3cb72cc77998c83cb5adeba5d8f7c81570793be1113988b410ec
pm:vm:photonmelodies11.rio.003:1668688832:00120984:00346,cvm,【武】「――了解！」<0A>【壬姬】「――了解！」<0A>【冥夜、千鹤、霞、纯夏、美琴】「――了解！」<01>,[],layout_only,4ca22f12991db8622c6b3a7ff1433ab2bbe97487853071d806d0bd786c0147c1,ddbdf5a623f659ebd05ac3e8610514f3086a2beb84fda1a8bc5edd83891724df
pm:vm:photonmelodies11.rio.003:1668688832:00121464:00347,cvm,不愧是冥夜……看来你果然猜中了……！<01>,[],layout_only,db3d63583ade788f6bbaec8a9f731b1ddd4a72787f7e6b58717dd781690cd9c9,c8de1a48d4749b046349465bca868f6db58b061eb528af48ed9d51647b2883bd
pm:vm:photonmelodies11.rio.003:1668688832:00121508:00348,cvm,我们为了抢时间，一路小跑还弄出了不少声音，<0A>可一次也没人朝我们开枪！！<01>,[],layout_only,8628dee97b249be14b59ba421247077cf90b6ffbc61ed0fbba287187eecc6118,de43fb86f1f315cea1d7d91409021302a111575163e805da8e92ab2892d7aa46
pm:vm:photonmelodies11.rio.003:1668688832:00121740:00349,cvm,【壬姬】「――小武哥，<0A>大概再走二三十米就是 CP 了。<0A>来的时候我看到过一棵形状很奇怪的树！」<01>,[],layout_only,40a6c71e564c3e74bc65d20346509e749139b03f4836ae8a20f06724e8300b9b,715f599118c43ebcdb482ebcf527d44bdfc70af2f7ab8d6c4496e83322fc80a8
pm:vm:photonmelodies11.rio.003:1668688832:00121784:00350,cvm,【武】「――是吗……！好，从这附近开始――」<01>,[],layout_only,7ac7b2deaca61a44f4ee9371f0cb2fe7e300aa711236a03b5790fa3210bce5de,9eadf73394f3d43821eb88c7c28c9116e688c13c9c825eab7eba3d3192eeb04f
pm:vm:photonmelodies11.rio.003:1668688832:00122340:00351,cvm,――！？<01>,[],layout_only,659aa12a710eca061a02a8d098067b11057d5722770a0149bf93c37a9b85a19b,660912fa0b31290c31d4ed0f34dfcd79fbb7739aa94634f6c1d51c63ab12fff3
pm:vm:photonmelodies11.rio.003:1668688832:00122384:00352,cvm,――有人朝我们开枪了！？――怎么回事？<01>,[],layout_only,cff5eb0600f29d3e39e80ebdd43b51b6c1b753d0d33b7e43a40a79667a8affd9,01ad1e1c43740b5f9c37959fa6846881b5a34dc64413e9d2d38ee5d43754dcaf
pm:vm:photonmelodies11.rio.003:1668688832:00122428:00353,cvm,难道……他们听到刚才的对话，<0A>觉得我们已经没用了！？<01>,[],layout_only,bd21a709bdb9ad208db6d9dce4ac8dd4c641493982922ed4991c35c22b3f7555,f3af92413139efe210f3869a0499d833e35b4a6db4c83e1d61b00210e55dbea2
pm:vm:photonmelodies11.rio.003:1668688832:00122836:00354,cvm,【壬姬】「――小武哥，快跑！」<01>,[],layout_only,49b2024607ad1ce11d9346e0e788fdb50a8f7caacc93e638c6d10e5c4e5dfdb6,bc22a12b1f05dbe66c4d67295cc1c63e9e311e563e903547b646b2f9cae510dd
pm:vm:photonmelodies11.rio.003:1668688832:00122880:00355,cvm,【武】「――你在干什么，快跑啊，小珠！！」<01>,[],layout_only,93f697ce79a3aa343921966fde52f46694487b9065924b297c638ee9acfea946,69615e2ca151a6c4c66977c84810361ed0a2bea90c28006421edf4d959fb7cda
pm:vm:photonmelodies11.rio.003:1668688832:00122936:00356,cvm,【壬姬】「――不行！」<01>,[],layout_only,a31cc5b847cf74679cd0421d7b0ff5468f756e8e572f497e56ca47133094bb77,de59a7f1fbeff6e371827cc835b49280ed9cb107a79b54d412e301c7cb8f430a
pm:vm:photonmelodies11.rio.003:1668688832:00122980:00357,cvm,【武】「――快点！」<01>,[],layout_only,e1597dbd4c3a138b36d7a0f4367294605ec915478213ef532934fedd4928e94b,3b4f89ad94e0e3b498e2cba1f8123d13030f5ee23a830d8c82e483ff0137b9ba
pm:vm:photonmelodies11.rio.003:1668688832:00123036:00358,cvm,【壬姬】「――壬姬在这里拦住他们！<0A>现在，要是让他们顺着这股势头<0A>一口气冲到 CP――<0A>就守不住了！！」<01>,[],layout_only,d31362e6709dcd0a891b58055a58d97476d4864e8878370b48912b26cd88be5d,bcbd4b62d73b1c8b63fb927d886b0c6532d09e84100cdef84a913cb90622cb17
pm:vm:photonmelodies11.rio.003:1668688832:00123668:00359,cvm,――可恶！！她说得确实没错！<01>,[],layout_only,86e00814b46bf65b4111bd2b5d243195b5e9cd2b4da914142f37ca4c2c727950,dcebc03952c7211fa31bab4732f4cac7c96faaf3f4a3ca55dff0dbe96db30682
pm:vm:photonmelodies11.rio.003:1668688832:00123712:00360,cvm,【武】「――知道了！拜托你了，小珠！！」<01>,[],layout_only,b9d5e8145b5f6c4c4614dee7a1ae65d39c5540e964a491d391d453f1b64e2fab,973baa568da80e57b6efe40fa0e390ef476ab79b13f7b6c3c0b0870ebe679720
pm:vm:photonmelodies11.rio.003:1668688832:00123784:00361,cvm,――敌人竟然已经摸到这么深的位置了吗！？<01>,[],layout_only,e3ac0e11d133fc21a0904b42675d20ca926aac1f8d8fdc9ffd309b8124283fb7,785aa4c9942e90cd85b3c1d79c8172d5c9a2224a02ddcd21e0fab304a5b55810
pm:vm:photonmelodies11.rio.003:1668688832:00123856:00362,cvm,……如果是这样，小珠的判断没错。<0A>我不可能一边向沃肯老师说明计划，<0A>一边战斗……！<01>,[],layout_only,2be4e89d06510c08dd35760791bb356eef080a19a67f6acb67b8cbc28f1d79e7,e37c04bd21ea8bbff0ee7d81a19878f835b6e81f77d74cd3297427904f22357c
pm:vm:photonmelodies11.rio.003:1668688832:00123928:00363,cvm,――可是……都已经放我们走到这里了，<0A>竟然又发动攻击……！<01>,[],layout_only,f6fb30346eef69ae01b8242382c48df4129b231c16b79803912e9eaad8e88a9b,d18c979667d2c5c976e7e162657ad6fed88998b91de767a687dde3998f7f2207
pm:vm:photonmelodies11.rio.003:1668688832:00123972:00364,cvm,难道 CP 的位置已经暴露了……？！<0A>所以他们才不再需要我们带路了吗……！？<01>,[],layout_only,3b8104206e5b338da460b0209f29d3276da862089810a1d6c11ca02035d5f5f6,6a18e2746dadf5a780ac6b16eed7ed077ba530468dc1a610d10a9bd9f5b43825
pm:vm:photonmelodies11.rio.003:1668688832:00124016:00365,cvm,――总之得快点……！！<01>,[],layout_only,9c2f237d1e97a73772a6b92a44d2e8893e058d3b02ff38eb6ed215a2c3bbd91a,adb8f3d35cb6c2919294a1e79395649d626bf3f1d2d9bc792eff2a5557969b1c
pm:vm:photonmelodies11.rio.003:1668688832:00124072:00366,cvm,【壬姬】「――中弹了！呜哇～，被打中了啦～！！」<01>,[],layout_only,161f5824dde90fa5c4ab03f65796f92decd9f9470db5e0ce7d131ddcc9ca0474,4ed63c31c00deaaa001bebb3ab359e08d4bee53b198c2f27ee065712d95fdf0d
pm:vm:photonmelodies11.rio.003:1668688832:00124520:00367,cvm,【武】「――！？」<01>,[],layout_only,145c5635753b0515bea8f41fb9a7ce7cc60381f800aad0b47d52d12ff17342de,d77f4922523c3190cb2db92fe7bf74539d45e3c8b2f41732c60d0241e2f1a214
pm:vm:photonmelodies11.rio.003:1668688832:00124564:00368,cvm,……对不起，小珠……！<0A>多亏你，我已经拉开不少距离了……！！<01>,[],layout_only,aa3a469d30f7e66fc32ec8bd7b150445903f2877d2e4012885c136f1204df3a9,539fe9cf48a8c20830e85b79db49459f66be1ef7fbef2b13b8517476ffb89969
pm:vm:photonmelodies11.rio.003:1668688832:00124848:00369,cvm,【武】「――哈啊――哈啊――哈啊――哈啊……！」<01>,[],layout_only,06f037298cae845d9fa6b6f2cc9a71db96de40cce26cfa152f62db295d549227,9c3dff5094abf5bc078b313b9a24dd4fe3a4184f0bd35027592d085f9ceda80d
pm:vm:photonmelodies11.rio.003:1668688832:00124920:00370,cvm,……从那之后既没有追兵，也没有攻击。<0A>是觉得只留一个人带路就够了吗――<0A>夕呼老师！？<01>,[],layout_only,4b8dc31820c96e3e68b835e36772f52a4b691265727ec62a89af48088a62756e,57b57075593dd788e1257ffe5aba1913fff62f2ace286904a641eb7d5d1a7ec4
pm:vm:photonmelodies11.rio.003:1668688832:00125100:00371,cvm,【武】「――！？」<01>,[],layout_only,77c66d110ae1481a155b07b7246c515264f03ddea7f438c9b3ae2f14065c8283,d77f4922523c3190cb2db92fe7bf74539d45e3c8b2f41732c60d0241e2f1a214
pm:vm:photonmelodies11.rio.003:1668688832:00125144:00372,cvm,――好！这个地方我有印象！<01>,[],layout_only,06ed11dc4a819271fa3a2f980c0a80d26a9ac4d6fb6805cf62b84dd07c04495b,e0ef9134edf468551073d933a3938509b081ec38cea913995b85c9731805b2f2
pm:vm:photonmelodies11.rio.003:1668688832:00125188:00373,cvm,再一点――就差一点了！离 CP 已经不远了――！<01>,[],layout_only,4d7eb54d7c8b64ab2b2c4099bb768fe769524a4d9396abc3d47a77320b02b81a,4201c3f9e518d935c423c7e64d3a7a736900f336191d1dc1d644295085e84330
pm:vm:photonmelodies11.rio.003:1668688832:00126888:00374,cvm,――好，就是那个！<01>,[],layout_only,a20f0d957c1aebff175bfaae256aa3a70522c2fc141b79e25e246bd01fb6380c,9350784b7fb746560668126d018734f8340cd3a202a39d4c64df690b37527c8a
pm:vm:photonmelodies11.rio.003:1668688832:00127068:00375,cvm,【武】「――悠阳！沃肯老――」<01>,[],layout_only,9be74a7cb7253ead752a2d531083fb539492f02746dfb3501e298625862d43f4,4a036653ff35bfb53b5450458046ebf3411864df109430bb8726783ae7eb50d9
pm:vm:photonmelodies11.rio.003:1668688832:00127456:00376,cvm,【武】「――呜哇！？」<01>,[],layout_only,8a7f4ad1f08a2d8dcca5ff98a6d1161c3058c4f497806cfed42d39d0ec8b2aef,a1c92b25ce741ca42e3fecf260c7e456ce9bdc2f16fb2fbf070bbc0a28f653e2
pm:vm:photonmelodies11.rio.003:1668688832:00128104:00377,cvm,【武】「――疼……死了……！」<01>,[],layout_only,accc73c2fcb53e7ba7fb3268f3738a4914a91a0a1a0c4216318faa4bd229d538,28c2754696930060831d5a61f006e5f1b4d318c62208df04e572046027d9ee31
pm:vm:photonmelodies11.rio.003:1668688832:00129104:00378,cvm,【武】「――呜哇…………等等，<0A>你是――扎乌伯搜查官！？」<01>,[],layout_only,5f7dabccbcfa4ba501f45982d5ece4c9aa8befd4d8f2e33c081cb79c5e5e3c71,ff0e64c490cb450f9a3f278f8b84c0b7a4bb9b2f36d3ecd6c53925c0b04e8f98
pm:vm:photonmelodies11.rio.003:1668688832:00129432:00379,cvm,【扎乌伯】「搞什么，原来是你――！<0A>我差点杀了你！！<0A>――你在这种地方干什么？！」<01>,[],layout_only,9268eac32a87f90fcadecd555830b6c09f1939a15995692aa29150ca4272fde1,cdb89429f6a43eb010d8880529a78e1714fc0ef8cd68b64502e3f745107c9ec3
pm:vm:photonmelodies11.rio.003:1668688832:00130044:00380,cvm,――这话该我来说吧！！<01>,[],layout_only,e7f12ea2681a51c19f3de3e09e16c77be317c19e4fb1dbca6413a14bab3870fc,1d1a1656c07187d9e919937a9317a49f5fd665fcc60314a6e42cee93c05cadb7
pm:vm:photonmelodies11.rio.003:1668688832:00131476:00381,cvm,【扎乌伯】「那么……笔记本弄到手了吗？」<01>,[],layout_only,cebb4e58fc559c52d615f03b7be369543ef841f967b89477f28583f1a62b8a25,8a4fc8919a5f9752cb42305f15dd72af5b50099deb73f7e4487108e90e570b1c
pm:vm:photonmelodies11.rio.003:1668688832:00132564:00382,cvm,【武】「不，还没有……」<01>,[],layout_only,1fc110bfb00cda271fa19c40f0240472fb77fc4a005e6a170a1800949275f753,668f1b0e493950ed20a6c5a9b7d2114e17fc4fec0d8bff101261311768bea81e
pm:vm:photonmelodies11.rio.003:1668688832:00133308:00383,cvm,【扎乌伯】「我就知道。其实那家伙不见了。」<01>,[],layout_only,08337783507a6ad422c58cf24199efc23f0594d9d9612475e98e6e8e7e8eda65,a3790598809b6d19b1c817456748934bd5986ff321d4816684a13e3e67a09da9
pm:vm:photonmelodies11.rio.003:1668688832:00133352:00384,cvm,【武】「那家伙？」<01>,[],layout_only,3d606596fca989dcaa1b1270427ac2cc324fed0d3c3a4831f092c2e7e6555ad5,1bbfc773b0d1f86f21c3ce7cdb360886ede7083b0c3a8d07d40415134aca0e7f
pm:vm:photonmelodies11.rio.003:1668688832:00134428:00385,cvm,【扎乌伯】「沃肯。<0A>就在我和你接触之后……这是怎么回事？」<01>,[],layout_only,805ada6f9c139e1541b6b7b6cc42e7c59e8f895f4ac4a0acee1d1d4d49aff074,ef3522f78a80c6d93352c99b538ae0f575ab642123420350b9907b2545f590bf
pm:vm:photonmelodies11.rio.003:1668688832:00134472:00386,cvm,【武】「你问我怎么回事……咦？他不见了？」<01>,[],layout_only,60e8d3924d4dadc20558ec8e4f4e15694d0f11ba3521cf02078300aac2d1afa6,48ed61b3da65c1f0d84276f1cf2f117c6b8d4ca057dfe0ec751be2bdee5cab7c
pm:vm:photonmelodies11.rio.003:1668688832:00135448:00387,cvm,【扎乌伯】「少装蒜！<0A>是你泄露了情报，所以那家伙才消失的！」<01>,[],layout_only,4443bda574cdb89601f5c8badb67fa4e104ae46c3d311f3faf4b5fbf88e6a467,df4bb04a4a119bff2ed7419c7bff15745b8d2e10299bf136a8dd0a3c36ee97b2
pm:vm:photonmelodies11.rio.003:1668688832:00135492:00388,cvm,【武】「呃……」<01>,[],layout_only,68cae6adf19fe21d97f7258a36ce8c3c1b04a9a41a5e109f4659e4d061ac4e5a,ca07acfce0d17ce88ab687408fb91112c513d16b9ce43c2d34ecd3292108742d
pm:vm:photonmelodies11.rio.003:1668688832:00136220:00389,cvm,【扎乌伯】「听着，你没有错……<0A>你只是被利用了。这一点我明白。」<01>,[],layout_only,beb0f9fad17c1212c0d1b6b050b35795723bdb00027d90d903eb722b26d9e829,d08478ab9225f41f121dd2aba38a60d356bdb69217e96335403cd8306093539d
pm:vm:photonmelodies11.rio.003:1668688832:00136868:00390,cvm,【扎乌伯】「听我说。<0A>我想要的只是那家伙的笔记本，仅此而已。<0A>只要你肯配合，就不会被追究罪责，<0A>我保证！」<01>,[],layout_only,cfdc0e9982c6a51e71ddf723127ff405875329d3217a528a482eb08d0135532a,521670f4eebcb26edd59f2283ca399ebf9a670a5436e53f3debfa35ab857d6b5
pm:vm:photonmelodies11.rio.003:1668688832:00137236:00391,cvm,【武】「不是，那个……」<01>,[],layout_only,0ffbb4f21e513a8a4de9e98cdea151f2a717f9933c2e26d12a0f43acfef0b13d,11cd1f8c981bc1cd18cebdb9c4763943c7d0b8228fb34c392657deff00a5fe30
pm:vm:photonmelodies11.rio.003:1668688832:00138260:00392,cvm,【扎乌伯】「接下来的事交给我，<0A>你只要老实回答。<0A>那家伙去哪了？」<01>,[],layout_only,0a1a2453b33387b802719905d71d32a005b9cd4aa5df7843a64560ac547a1aa3,8cc42337b55da932063e90e26a306cc17bbbc11ba9ada6ee1ad9e83f50aa5cf6
pm:vm:photonmelodies11.rio.003:1668688832:00138440:00393,cvm,【武】「那个～，扎乌伯先生。」<01>,[],layout_only,c5b83009ed9b3a51532ee19ff41ed4631126e714d721b06f57ee4a19ac4e081d,0bfb27308372ac89ade535c4329ac70e9e09572db6b2fbafe646b1060a5ba461
pm:vm:photonmelodies11.rio.003:1668688832:00139108:00394,cvm,【扎乌伯】「你终于肯回答了吗！？」<01>,[],layout_only,95bec0f41738b957e5a2a47f182b6022d7896ec9d8b49c147e9f7333c1ee3dbd,efb0363f72963896ac07c9cd2ef8fe96a347a8babbd72badf5ab2aa8c9d50f67
pm:vm:photonmelodies11.rio.003:1668688832:00139152:00395,cvm,【武】「我不太明白你在说什么……<0A>沃肯老师就在那边啊？」<01>,[],layout_only,4233d92203b04dd25804506ee20f7122e347ff63bd6fbe90cc9e023e713c5f52,59c4fccf27d7991fb03643e434a4aaf0d09574fe95f7930989fd6149ebf420b2
pm:vm:photonmelodies11.rio.003:1668688832:00139636:00396,cvm,【扎乌伯】「什么？」<01>,[],layout_only,9fc490a41c9613eb4efb194f1c737fe8b500068423eca776efd0d40355694d76,ffb6f1320f5738807707fcf5772c12b9e63607919da40bc2e1342748ae7aa3b9
pm:vm:photonmelodies11.rio.003:1668688832:00139912:00397,cvm,【扎乌伯】「…………」<01>,[],layout_only,1224d80ce8c9f9bc8ee17700c65098f4e384926fe89a15dbf8fb1a556af5f2d7,bdcd2aff9129d354cef701befba17fd0727de700d17560749816e2bfd8403965
pm:vm:photonmelodies11.rio.003:1668688832:00139956:00398,cvm,【武】「你没发现吗？」<01>,[],layout_only,4178731e5a08e5a427ca7d8a9980297edb1bfabfc7705b795dfe85ce17610be5,0a4da38a7528d028167fccb44b7b5543ab7bc949f8767a6b14224b5f0b574cd5
pm:vm:photonmelodies11.rio.003:1668688832:00140000:00399,cvm,【武】「老师，应该从一开始就一直在那里吧？」<01>,[],layout_only,c754fe0593cc5f781b9ecc1e59f156a0bfd3b31d1d9f95b83f356f64ea3d3dbe,5b20a898051b7ca3cb00b988f44e3febc8cd4528622d9055a6e38bcdd81ae932
pm:vm:photonmelodies11.rio.003:1668688832:00140044:00400,cvm,【扎乌伯】「…………」<01>,[],layout_only,1224d80ce8c9f9bc8ee17700c65098f4e384926fe89a15dbf8fb1a556af5f2d7,bdcd2aff9129d354cef701befba17fd0727de700d17560749816e2bfd8403965
pm:vm:photonmelodies11.rio.003:1668688832:00140088:00401,cvm,【武】「难不成……你跟着老师过来……<0A>然后迷路了，之类的？」<01>,[],layout_only,0d8659e427aa61b82f4d630789e919933478782e3d542196479e62ff3769e396,071b759739128c139ed41d75ab013fba44ca24632fb3dd2872bc6a8b2e126eec
pm:vm:photonmelodies11.rio.003:1668688832:00141268:00402,cvm,【扎乌伯】「想动摇我也没用。<0A>你就是想用这种话把我引进陷阱！！」<01>,[],layout_only,2dec2668e77cc161670b06928a1a249d4b91d5ecdcb23f5a02fdf02c427d021e,e2a62a4fe78ca26277435d3b1f48b3dfa9b9f701b065e02cb62e5b6d20a38dac
pm:vm:photonmelodies11.rio.003:1668688832:00141920:00403,cvm,【武】「――呜哇啊啊啊！！不是啦！」<01>,[],layout_only,12bfe095f676ee22089c82dc21b30cb42a60f60f463fc1aa04e012a83a2b64da,a894d86d625735fa4f83fea3d0276b7f070aa949d6b66e311b9edd6af0d7bfd0
pm:vm:photonmelodies11.rio.003:1668688832:00141964:00404,cvm,这人真的没问题吗！？<01>,[],layout_only,54bcce5f6bb25fd798f91bba8469d04e40435ae0bdca6fef505a847630bd7b98,4e5ec1e7ba751f403989fbffde3d6a1d013a78c17d54a3919ab53788d2499b83
pm:vm:photonmelodies11.rio.003:1668688832:00142300:00405,cvm,【扎乌伯】「那就证明给我看。<0A>现在你去那边，<0A>从那家伙手里把笔记本抢过来。」<01>,[],layout_only,5792ba33799632c4d15ecbe1c4aec11abffd769f13a0dfdad0f776a05e965eda,7108001b0addf726decbff7bba01b386ee3eed13bc242ccedbd017dfbdc3256f
pm:vm:photonmelodies11.rio.003:1668688832:00142368:00406,cvm,【武】「你自己去不就好了。」<01>,[],layout_only,a05c714c2ee4c5559869858fffe39c10c4d05b2c1655a1171fc08e208a51ca06,3c074f9d0c6fad839e6a84670d8bcf17f18504fc63555eaea689460c6d28c477
pm:vm:photonmelodies11.rio.003:1668688832:00142676:00407,cvm,【扎乌伯】「我刚才应该说过了。要是让人知道我在这里就糟了！」<01>,[],layout_only,29ef0353cf1d1fea35919043040c216b7b8a0bd2730f07da5ef9c293db7d804a,af1b8bf7fe0ce4ea29819d1451f8f7da21162e5a77a162eb57f3c03f8a9cc85d
pm:vm:photonmelodies11.rio.003:1668688832:00142720:00408,cvm,那就别跑到这种地方来啊～。<01>,[],layout_only,bc22ffb21e2ad35b23cb82d004c7ab69a0ba38fc2a41afe33d797bfc9ff40774,be3e7cf247c2b1f48d1e8bf86b4f49c136f2d9222fcc7fc9158c3607a9819cf2
pm:vm:photonmelodies11.rio.003:1668688832:00143028:00409,cvm,【扎乌伯】「你没有选择的余地。<0A>只有你能做到！<0A>只有你了……拜托，帮帮我。」<01>,[],layout_only,d24357dc0bbb610c91fc091458e8bbcc0700448e476484f17701ab5749ffd5a5,3352e557aa8a478f4fc532ce461b0cdf785f1dbf6d0882ed5db853880f06638d
pm:vm:photonmelodies11.rio.003:1668688832:00143072:00410,cvm,【武】「――你都说拜托了，那就先把枪放下啊！」<01>,[],layout_only,d0fe503130da0e27a2b5623a2f71a8f2c11239ae69c56af84824e4782b2c2257,d1fe428dfbffad21f7e7e9aafec0486070c24006b680cc2506b74a583ae7d843
pm:vm:photonmelodies11.rio.003:1668688832:00143932:00411,cvm,【扎乌伯】「…………好吧。」<01>,[],layout_only,3118233c3ecddc0bbee6e3247747fc7e956b291767e7e05c78c7975626d7fbb8,98fd41c7f715754d577f8c15c440370c1f9bcbf51b7f6d07925e6406f1aaf45f
pm:vm:photonmelodies11.rio.003:1668688832:00144256:00412,cvm,【武】「……真是的，我知道了。<0A>不过我拿回来之后，<0A>你得告诉我沃肯老师到底是什么人。<0A>还有你说的坏事到底是什么。」<01>,[],layout_only,dc875e513d13b072d09f4172d676474ca15f9438aec00079d072e24391c65ca4,2c47fb06a94bc90ec3393f0eb271a816c216dd3102d149ac50136b0fcc0296e5
pm:vm:photonmelodies11.rio.003:1668688832:00144336:00413,cvm,【扎乌伯】「……什么？」<01>,[],layout_only,8d835fe00506aa6534f04bc2aff4180058c293c41faa351f5242e9e10c80c7ee,3960d6845af22b6d8ce6f3d63f73f99b5333a7f1791739db7427b9d27fcc9c07
pm:vm:photonmelodies11.rio.003:1668688832:00144380:00414,cvm,【武】「我可以相信你，<0A>但你说沃肯老师可疑，这一点太莫名其妙了。」<01>,[],layout_only,dbcced728f4b35eddf891af958f0f9655f39ede0bb5b1571829aa844c13261df,4230d7472fee31599d10976f2d7802e7fdf21a940e99536996fd31258498d011
pm:vm:photonmelodies11.rio.003:1668688832:00144964:00415,cvm,【扎乌伯】「……好吧，我答应你」<01>,[],layout_only,22712ee275113667e59c3790e0c5c381fad51f98631d0f7fc121390ca2ee9358,17efc541f0b41af596f7a5b55b6f7a7c30dddac1e106722169fba3a86702f22d
pm:vm:photonmelodies11.rio.003:1668688832:00145008:00416,cvm,【武】「那，我试试看吧。反正我本来也得去那边。」<01>,[],layout_only,94efe0b573437162094b52f37e99db732d1fcc14f26c550bf3441235377a9036,80689e259970f190c11a26c67e588a1f460115475a70977d04ba5b8f4596d02c
pm:vm:photonmelodies11.rio.003:1668688832:00145064:00417,cvm,【扎乌伯】「感谢你。拜托了。」<01>,[],layout_only,160b5410356acb357f8901824d27d83a92ead7afefbac5b58d86ee3a973a543e,dd2d393bbd65d0917a306610c2b31625e29ff845dc4b4a6d4dba419055aef6d1
pm:vm:photonmelodies11.rio.003:1668688832:00145108:00418,cvm,真是的，这到底都是什么跟什么啊……。<01>,[],layout_only,28793ef7abcca41b95e914522b2d856f449cc794696ab903c89450b475713033,df094fea1d370ee39d897161614df2042a95b46fc11bab72931d7350623c08c5
pm:vm:photonmelodies11.rio.003:1668688832:00146612:00419,cvm,【悠阳】「――！武、武先生！？」<01>,[],layout_only,975a3efc4a4568963dcea42de282614e079c238a9caa8b18f38142f3b376e1a4,7172af1f7ceb15cc776a55badb0968e8cb59300a5d2cd48c29e23b4b2f903e05
pm:vm:photonmelodies11.rio.003:1668688832:00146656:00420,cvm,【武】「――悠阳！」<01>,[],layout_only,36a561f50f3a40513f1e22f950bd3e7c5d9bf33d802c60df18035bec5dad3bdc,de6990d946285de8756ae1126208b3401c6bc19f328310cff71aa0c4633d029e
pm:vm:photonmelodies11.rio.003:1668688832:00147176:00421,cvm,【沃肯】「――只有你一个人吗？珠濑三年级生怎么了？」<01>,[],layout_only,14c3e1d949ac28d7c1dc93e82e20dfa0fa991dd9b2496b47c3b882008ecc8574,d31068f57910efe75215d0cb3d8d5dff7f6ea6ce3d93a41f1a309d60c4363058
pm:vm:photonmelodies11.rio.003:1668688832:00147220:00422,cvm,【武】「小珠在回来的路上被击中了。<0A>――比起这个，老师！<0A>我有件紧急的事想拜托你！」<01>,[],layout_only,5f9b0581134b97650704f6d2ecd374c8442eb94ab49bd5f7d02ce8cb5b785fcc,d4ed90d89b0ff7b145caedcb35906952e8dfcd3c48ad2d90aa7d31fbe8c0c844
pm:vm:photonmelodies11.rio.003:1668688832:00148184:00423,cvm,【沃肯】「……你说什么！？」<01>,[],layout_only,04c0cd4eef812d5a71906f496ca3fa2204d18fc6b435d30ff7ddc6d76fbaa492,724edefb58c925de35749b492a364011c82fbee35a699ec9344c8a341109d3b6
pm:vm:photonmelodies11.rio.003:1668688832:00148688:00424,cvm,【悠阳】「原来如此……是这么回事。<0A>……这样的话就说得通了。」<01>,[],layout_only,56b0325e446001c492c78cd4ab17ba988c383056aa0b9c752955fdec6bbdc7fe,052b7121835d398ba0a26a5032f15a189e8aa6cdcc57c083902bcad8ef34b5bd
pm:vm:photonmelodies11.rio.003:1668688832:00149080:00425,cvm,【沃肯】「看来我至今仍然小看了香月老师……」<01>,[],layout_only,ffc53e5f5a85789d369ba28d08484be335574aba7a1e74fa38a45d276915d664,7c0377f5a55276564b188284206666fc3e7f22c20f123b13421488d52ead9090
pm:vm:photonmelodies11.rio.003:1668688832:00149588:00426,cvm,【武】「不……沃肯老师你没有任何责任。<0A>那个人在想什么，根本没人能预料得到。」<01>,[],layout_only,c15a7a8852aeb27645f91f318af632c37c3bd06aeb676362fe869e3668436c6a,20eccb2ec90eb266c018e5b3aa05a70d81c43032e322cec8cb9ff22fd63714f3
pm:vm:photonmelodies11.rio.003:1668688832:00150708:00427,cvm,啊……笔记本……。<01>,[],layout_only,8de71f111265e2b1a3d515d0d8e7775769c4f36525f69aab76fdef3dd85fe0e7,ed3c0384089eea57eb4293c91e57b3c4977dd68e9f58d28d039779b21567ffc8
pm:vm:photonmelodies11.rio.003:1668688832:00151660:00428,cvm,【沃肯】「――可恶！！」<01>,[],layout_only,bad8de98ae65798e7bd925042323f7168c7cc5bd340f8a48d71b058799603ee6,6bb699426c032c3f8f8f84fd9d5090c77efcc3d850add3e974ca6ee5483e5101
pm:vm:photonmelodies11.rio.003:1668688832:00151904:00429,cvm,【沃肯】「――好，白银三年级生，向我开枪。<0A>我明白你的计划了」<01>,[],layout_only,15373b4bb667d3241ebeb35d50077290ecd7d8b36cccd9fe52783570dca71081,6369754f7a12277c93be3d1fd0a8ab4d0ff3175e5e00cab03cff4c66acf04541
pm:vm:photonmelodies11.rio.003:1668688832:00151976:00430,cvm,【武】「老师，<0A>你成为出局者后我就不能再和你说话了，<0A>所以先提醒一下，<0A>请把联络用的通信器带走」<01>,[],layout_only,7d185c3ba4b600eff8b58d182fc383975a81fd6aca52eba86d8d2807d595f4b7,e744bf95da994f8b250357d8ce9ea199d245ce62ff6e18ae2d351d6d3f03e97c
pm:vm:photonmelodies11.rio.003:1668688832:00152032:00431,cvm,【沃肯】「我明白。――来吧，动手！」<01>,[],layout_only,107be9eed8555c0674c415b0f6460a34562cb807a48b738632c6786cb1b87f90,563734b12a69f1b2fcb2fffbc5dd75af3305ecdcdee7581109ec14dbde2ce2a4
pm:vm:photonmelodies11.rio.003:1668688832:00152704:00432,cvm,【沃肯】「――中弹！」<01>,[],layout_only,f2c48864a1e04bb0f50f926761ed9d8cd2fee16813dfcb1737465a515b34eef2,6fc33eb2220ea0bc66333ad6f127e6807b2e6ef08116664320543c235a0af82d
pm:vm:photonmelodies11.rio.003:1668688832:00153256:00433,cvm,老师，拜托你了……。<01>,[],layout_only,df1ea0e32beb65122a901169ac0336a401f7809c65ee756d7874c5836e2d0217,61282105019afce1da4bbd250259892e79f08606d8d4f1ec61800ff46a6e031e
pm:vm:photonmelodies11.rio.003:1668688832:00153300:00434,cvm,【武】「…………」<01>,[],layout_only,770975bc8d76964cd0683d1a3ba2ec947971272f34819d29aa5c66d3964a88d7,6a17c608647a040376434d02fd50f1e4124a141fe417bdc98ba4d3f27bdee35c
pm:vm:photonmelodies11.rio.003:1668688832:00153532:00435,cvm,老师，在笔记本上写了什么……。<01>,[],layout_only,889f4d461f3a492378dfbe39e918dc969afeda2739efd9d00fdc25db2a92b9c8,d25bf46b91fa490a0a1b26b1b7d676fdf62f9d78d5848e0e2439b53107f9700d
pm:vm:photonmelodies11.rio.003:1668688832:00153576:00436,cvm,【武】「…………」<01>,[],layout_only,770975bc8d76964cd0683d1a3ba2ec947971272f34819d29aa5c66d3964a88d7,6a17c608647a040376434d02fd50f1e4124a141fe417bdc98ba4d3f27bdee35c
pm:vm:photonmelodies11.rio.003:1668688832:00153620:00437,cvm,那个暴力搜查官想要的，就是这个吧。<01>,[],layout_only,d652e4486a81057ab576438265fb2ddb504b259f34dd5c662b1431d071b54136,b848f6a3ff8cefbe766c289f85bb1e7542096f191dee573c50f1ba3b2f9e78b6
pm:vm:photonmelodies11.rio.003:1668688832:00153664:00438,cvm,里面到底写了什么？<01>,[],layout_only,9668383ecb26bf861d7acb13d7de14265e2c7b624ed9d1c1c3cee9143b0130d3,bd419b48f6fbbb36859a8ab9cd97364a021195b9b53fda1b29622acdb680534b
pm:vm:photonmelodies11.rio.003:1668688832:00154184:00439,cvm,…………看了再说！<01>,[],layout_only,9e3a7d2b002858b8e68761ba8e77fd3a5fc99cad1c384c47c4b3b117adb4346b,32c0cb3087a53daa0357a7028bffe158314b9d53f22190b78c52d388dba1111d
pm:vm:photonmelodies11.rio.003:1668688832:00154460:00440,cvm,【武】「……这什么啊？」<01>,[],layout_only,8ef64e6ace506cf6079af74619ef6bbebe0efc8fcd9c638e427a0353c16e7506,7ca433391b9c29356c6ee799033508a50a18094d7c550fb983717191729b0a84
pm:vm:photonmelodies11.rio.003:1668688832:00154556:00441,cvm,那个人……明明是美国人，<0A>为什么用日语记笔记啊……？<01>,[],layout_only,accab3e3e83e1a7834fdb4429e853b17f3b26f9fb82201aeea881f32cd5f1948,728c2515ae6bbdd81ea8c3eebb69217be22965f1aef208deee5008041885b8ff
pm:vm:photonmelodies11.rio.003:1668688832:00154600:00442,cvm,而且还有什么将军、训练兵……<0A>霞那里居然写着“兔子”和“可爱”……。<01>,[],layout_only,7d7f370acfbb31a5fec16a0ae267e0d02b62d09722d0ee21f08ffb49e0963fc4,c6e45eeb0fe439b2bc5a835941c971ef815f63bddb7e564e7723db9ee45b9189
pm:vm:photonmelodies11.rio.003:1668688832:00154644:00443,cvm,夕呼老师这里……连名字都被划掉了……<0A>这是刚刚划的吧？<01>,[],layout_only,4db5f3bc2335f0973bac9bc1ca2f014e2439b4efb8221754a38f25815e8ccf5a,53eabe8ba54fa6422d23652426580bd21e9742529e588d90fd09468b051bd5a6
pm:vm:photonmelodies11.rio.003:1668688832:00154688:00444,cvm,旁边写的是……什么来着？<0A>我偶尔会在表格里看到这个……<0A>好像是……无对应项，<0A>差不多这种意思吧？<01>,[],layout_only,c2b30a1a964103a23721750a1291826a70ea11a37b47b6228341693366702034,08bb24ff39203ebab240b5f2f31072904f56917970cdc4bdd7d92a6c149db085
pm:vm:photonmelodies11.rio.003:1668688832:00154732:00445,cvm,明明原本就是无对应项，还又把它划掉了吗？<01>,[],layout_only,42974fd1c5379cbf61e9c8c934741bbf80d775c41ecd202e63cbc8c3af1ceda3,e9e67e960244ee62a5fec6b0a2500cd579c3a7aa7db7cea9ddba0005fcfa9d71
pm:vm:photonmelodies11.rio.003:1668688832:00154776:00446,cvm,唔～～～，完全搞不懂。<01>,[],layout_only,82026d4b6373be84463ba156805164d511870f90b59ecd3c05df8b6f9ae10f92,29b16317d64ef785ce27062d4efa13782b941ab13c45d39d6fc31a336d2ac6ba
pm:vm:photonmelodies11.rio.003:1668688832:00154820:00447,cvm,上面没写我的名字，也没有班里其他人的名字。<01>,[],layout_only,c0810573aab842ee8dd7a8901e14c7f6e793946bdd9534955d2e761b0b8ecb84,12573b7c3e54df58c5f13d87018e0a3cf9337099c2c1fe64fd9d09c0e4353b9a
pm:vm:photonmelodies11.rio.003:1668688832:00154864:00448,cvm,扎乌伯搜查官看了这个，到底能知道什么？<01>,[],layout_only,c5d5ed258b23aa81cc931458d608670239d0def276654e5807d472cea72807b0,b65f16dc2d58f0f6c2f66184c30d8ff220bc05fb20d83500a5de9e1f9c51d1e1
pm:vm:photonmelodies11.rio.003:1668688832:00154920:00449,cvm,【悠阳】「武先生……您在做什么？」<01>,[],layout_only,82be88a2a0e4cf182900a86cda5087213593c6938e98cd6d4460be573d873c2e,88138a0775ddd5be66dac7140194e017041120da51265ec8ad47daad5b07d7fd
pm:vm:photonmelodies11.rio.003:1668688832:00155020:00450,cvm,【武】「――呜哇！」<01>,[],layout_only,4574ba454508bbd85fa5f9616fa5f3bbd378e1d711f990bbe77a04f0c98c7c5c,66439b229ecb0b0a38cf2538ec875ce8d65bf699b81b013994a1ed368180e42c
pm:vm:photonmelodies11.rio.003:1668688832:00155820:00451,cvm,【悠阳】「哎呀……那是沃肯教谕<0A>平日一直随身携带的笔记本吧。」<01>,[],layout_only,a469e39fde064b49c3f32be85419382c5064e4cebea3e7b3b14043589d5c3e4b,54256f3a976424c574ababd81f6178c76eba01e813eb93775e63a87a2c681078
pm:vm:photonmelodies11.rio.003:1668688832:00156060:00452,cvm,【悠阳】「武先生，擅自翻看他人的笔记本，<0A>可算不上什么好习惯」<01>,[],layout_only,be35643cdd2871182bf5e4831b2ad93838bcad99610ae31632680f31058de254,a9b14a8de6e32cb57d7d0dc24726fb031819c803462ea1bc0b15373433cd6405
pm:vm:photonmelodies11.rio.003:1668688832:00156104:00453,cvm,【武】「抱、抱歉……<0A>只是他好像一直在记录我们的事……<0A>我一时有点在意……」<01>,[],layout_only,f2925525b25d0c557fadc0038991f8ac2b9d693a7bd7c0ab4f78e4e16a4c75c8,3c1adae6df313a9cc30d2fe1e2e81348e4150b33bc4b6f3f02dde859d2db975e
pm:vm:photonmelodies11.rio.003:1668688832:00156520:00454,cvm,【武】「――！？」<01>,[],layout_only,145c5635753b0515bea8f41fb9a7ce7cc60381f800aad0b47d52d12ff17342de,d77f4922523c3190cb2db92fe7bf74539d45e3c8b2f41732c60d0241e2f1a214
pm:vm:photonmelodies11.rio.003:1668688832:00156576:00455,cvm,【悠阳】「武先生，怎么了？」<01>,[],layout_only,3bc7ac55f889b04952137592f246425df3956f44f03c81cdd589c46dae349b4a,27bbf5094ac5449ce1d0398bc339224e5e4ce4182a549578dd81293f60227b20
pm:vm:photonmelodies11.rio.003:1668688832:00156620:00456,cvm,【武】「――来了……两次杂音！<0A>任务完成的信号！！」<01>,[],layout_only,47583db0443786704ddc53512c0c6b20c2eee6275341593f7b8a4ff9a7ebd815,52f9a8317350af98a8b3270b371c3bdcc8e241524f299ee890bc008eda0f2015
pm:vm:photonmelodies11.rio.003:1668688832:00156676:00457,cvm,【悠阳】「――！」<01>,[],layout_only,55f185485d5a038b6aad71b731354c9faf8f349ca9ca1de731331d24d2a19f45,3af4b3558f955cbcb204a74a954b4413f9b6de4946c8ea13ba135ee3e0f3d7fa
pm:vm:photonmelodies11.rio.003:1668688832:00156748:00458,cvm,【武】「――奥伯龙 3 呼叫奥伯龙 2！<0A>你们还能战斗！<0A>――听好了，你们还能战斗！！」<01>,[],layout_only,55ace09b7dbaec67abe9c0096cea9c7abec8f6d9ed620e889e1683c169bd66f3,67a782e0028aea5a6febb31ab6a0e8fcc1453da7586306af9e734394bd6daea9
pm:vm:photonmelodies11.rio.003:1668688832:00157556:00459,cvm,【冥夜】「――听到了吗，铠衣！」<01>,[],layout_only,2788387c7727fb4b52242b436f9984ffb7a90e8faf249d84357d3db2cf957cbd,82641b93230e386975f94acf14cc0fab926092377a4d7f407bbd1480a2547680
pm:vm:photonmelodies11.rio.003:1668688832:00158156:00460,cvm,【美琴】「供电被切断了……！好……这样就！！」<01>,[],layout_only,7ef345878594ab1ad571a83ee9704afb7e903e4a464c959770e35567661b6db3,0498b4c08fbdec8e2f5b0cdd4a47a76b476643e6e04e345ab91a0b448e359acf
pm:vm:photonmelodies11.rio.003:1668688832:00158992:00461,cvm,【冥夜】「――上了！！」<01>,[],layout_only,140add10ff0f09799c5ff0b838e56472f1b95a654a9fd236fcde94e5a0e3fede,ed31e79601c549aa006b0a75adeef1e7153434096897044ea5b05c27821a4329
pm:vm:photonmelodies11.rio.003:1668688832:00159612:00462,cvm,【美琴】「――嗯！」<01>,[],layout_only,02a52625803e92803d70286702a9035daec74f588ebd030f03da1dcb14bb1161,311812dabb672dfd1fd9b9cde5962131c88f475e3091364c8644735f5b6f69c9
pm:vm:photonmelodies11.rio.003:1668688832:00160932:00463,cvm,【武】「――这下至少能和他们势均力敌了！<0A>我来守卫 CP 周边。<0A>悠阳，老师不在时的指挥就拜托你了！」<01>,[],layout_only,f20a030256ac9865dfd1c42bc5470310b1cf214d828bfe4d345fa9080c1692c4,2e0799fd95d0c24c271e46a9a9977992c74cf880812f2e054d1c2981f8fc87e9
pm:vm:photonmelodies11.rio.003:1668688832:00161284:00464,cvm,【悠阳】「我明白了。武先生，愿您武运昌隆……！」<01>,[],layout_only,21a3a1c77c2f45fb1427ad22062ec3856005262c5c0bb06a9fccf4f73fa2e6c4,109b6acb4040724b6bdc2160deb96132d97d9a284ccd953addc5f9cebd8aa3c0
pm:vm:photonmelodies11.rio.003:1668688832:00161328:00465,cvm,【武】「――嗯！」<01>,[],layout_only,e19f30c46be01e1b71da88e6d7ff9827b2de7865c70c3dea659b214b1bb89aa1,c11feae72573ffd69da81a1e759845e5e54447e507187eb45c9e7fc64bec1997
pm:vm:photonmelodies11.rio.003:1668688832:00162444:00466,cvm,【武】「――呜哇啊啊！」<01>,[],layout_only,63ee44b4783a1ebbbd6d598e85d85b1c1098e8ce89ecb2104c25335843d60a16,fb45cd58f227e9547b6633d7ecb0d41b4c9c0673fc7b362565374c4fd0ffc389
pm:vm:photonmelodies11.rio.003:1668688832:00163088:00467,cvm,【武】「――疼……死了…………！！」<01>,[],layout_only,d3b507b40c6a98fcbfe648b4736a5d76c1e2768024bbafb49435a65722e41ac4,ce309e0b62f6e379d37a42d9e69e172c27f05764bc6fa47119c2541a8fd6e3cb
pm:vm:photonmelodies11.rio.003:1668688832:00163832:00468,cvm,【武】「――果然是你！！大叔你差不多行了吧！<0A>很痛的好吗！！」<01>,[],layout_only,8b5ebc30d7afade7a6e7b6336de36957d158c61afffdfc1281e2d04fbe32d32e,a2d4dcda2eea0d39451938dabe580263df0599ded72deb6de3935168ce783ba0
pm:vm:photonmelodies11.rio.003:1668688832:00163876:00469,cvm,这人做什么都夸张得要命！<01>,[],layout_only,582586aadb974d21e3c76e21a88f366cde6488883a9770ae26e1b1cfc362e65b,abf1926e099fdd9b16fca237e433c26a29a692d0474993a3725206adc267c73e
pm:vm:photonmelodies11.rio.003:1668688832:00163932:00470,cvm,【扎乌伯】「――别嚷嚷！……笔记本呢？！」<01>,[],layout_only,559feda2ddaab50fd01db737bf10094abd8fbaf85bb6bad0d70902a67762f3b7,f25fd749749d850f8581b0e2285d61fb265fa03bcdf4e7a3427e31fa6a47acbc
pm:vm:photonmelodies11.rio.003:1668688832:00163976:00471,cvm,说话只顾自己，态度又这么强势……<0A>到底是可靠还是不可靠，<0A>完全搞不懂……。<01>,[],layout_only,bbbc612ac222e3b3cce028ecbd00f31e59437897bb1745c87bb280d93de209b8,52d8d8f8dc39386fc3cc6cef6e2e955deac9820b0c0bc4cb2c8bcbb4a1d2224e
pm:vm:photonmelodies11.rio.003:1668688832:00164020:00472,cvm,管你是 NSA 还是什么机构，再这样可是会失去信任的啊！？<01>,[],layout_only,4efd23bb76a4fe2f553f1faeaa469c36ea32c90748e112ae601ef2c15fba7511,b757bf881c6f07450697d86ec4396aa4a254d0c06ea182f36abfacc41790d089
pm:vm:photonmelodies11.rio.003:1668688832:00164064:00473,cvm,【武】「没能拿过来……你不是看见了吗？」<01>,[],layout_only,ecc580a95bd0e5b8419ed6fb774ff05a92b79364d0c4504c2b9fe063ec193682,5ac90ab205e69fc1d0b973b31140cc5740a5ce133cfbf8abb63ffb4e427a4de3
pm:vm:photonmelodies11.rio.003:1668688832:00164704:00474,cvm,【扎乌伯】「――我哪顾得上那个！<0A>――你在干什么，白江！卫星图像还没好吗！」<01>,[],layout_only,d1761f9c543348eeddb9ed5bc43c92ca81bb75c8f419c4011456ac77c26db5b7,b70924e1f6969d253ec4b4ec6b6ff224766ff08d6010991764138c9def0dd84a
pm:vm:photonmelodies11.rio.003:1668688832:00164748:00475,cvm,白江……？……谁？<01>,[],layout_only,bb26ce54e035ef8228d77b4a42a917728dec88c7dc9aacdca7c58412866ee3c1,cff360cc91dc8b1d2fce860840a271543d318e08d62728da049b50d0a91123d5
pm:vm:photonmelodies11.rio.003:1668688832:00165048:00476,cvm,【扎乌伯】「没办法……你还记得上面写了什么吧？」<01>,[],layout_only,16703cbeba27b52432d1e616a5a48d108d83a18bec39722e20e2bd3bfeeab75d,7d6403d46e13fe5bc1d19e4f95894241b08b4e56c67de00a299ad35d9b32eaf3
pm:vm:photonmelodies11.rio.003:1668688832:00165092:00477,cvm,【武】「嗯，差不多……」<01>,[],layout_only,769b80dd89d546ccd67f0c6199f458507230c930f80c7eb777b3f2705ba37567,94a833afe39d193b8234a6332af9e9f404bb44ddc4088200487ec6f81189a97f
pm:vm:photonmelodies11.rio.003:1668688832:00165392:00478,cvm,【扎乌伯】「好，告诉我。」<01>,[],layout_only,5a5f0fbc452c67656fb33b8ba9f4da716a17ca218abc560b32600c0b4908686a,70577afdad573f44100d0fc478a3fe0f6617f79f58665db92a7611291ae6981d
pm:vm:photonmelodies11.rio.003:1668688832:00165436:00479,cvm,【武】「――真是的，能不能之后再说！<0A>我还得守着 CP，不能让敌人靠近啊！」<01>,[],layout_only,330c33d57475decbb978db8d5495338adfc98681236836eff357dedd3c645efe,4d3a1177b7a9c3618494cb175261587f0d57d8850a8a929413c37739508d8dfc
pm:vm:photonmelodies11.rio.003:1668688832:00165828:00480,cvm,【扎乌伯】「――放心！方圆30米内只有那个女人和我们。<0A>卫星图像已经确认过了！」<01>,[],layout_only,bc755a923129e7c1519d775dc9ef6e7dead12dd2917dbe0078740dc78ea7a496,3310509a4140e4a149b2bc8db1db9c6e033500d1e17bc964d08da8f518da373c
pm:vm:photonmelodies11.rio.003:1668688832:00165872:00481,cvm,白江那边……已经发过来了吗。<01>,[],layout_only,bd8b6845d812310f4c0097454a1634fd9e306f7dd1e83af491839cfa2b684a1c,ef8aca6305ae2efd9e0193be8abe53dd32fd949eeb9dd2681cb8ff0e3b95253e
pm:vm:photonmelodies11.rio.003:1668688832:00165928:00482,cvm,【扎乌伯】「有人靠近我会告诉你！所以快说！」<01>,[],layout_only,fcb300afc748cadfc21370b2ec11e1a6d9d2579e19b90b8cb8eb60d92603b7bc,bf3349ffba2552fc7836156199e5c7303bcc739311eb3cf39f44f5a2c474e5ae
pm:vm:photonmelodies11.rio.003:1668688832:00165972:00483,cvm,赶紧告诉他，早点结束吧……。<01>,[],layout_only,dd118f8df1c7380508fae7a288c828133f2ca465dd6f31a506598c538f207bc7,53fef019352b4093da5893e34ea86733a7624607cdbc7917a26dee2fedeb0509
pm:vm:photonmelodies11.rio.003:1668688832:00166016:00484,cvm,【武】「呃……御剑悠阳，将军，<0A>鉴纯夏，训练兵，<0A>御剑冥夜，训练兵，武士……」<01>,[],layout_only,a3d54a021884f1e1f81f71c8e953a4a56e8dab6352f29404fde7b0973a017c70,a163ae95586b7f3dd7a92f89bb5e326cb2341ab98d5212557453f65427542a1e
pm:vm:photonmelodies11.rio.003:1668688832:00166452:00485,cvm,【扎乌伯】「――等等！」<01>,[],layout_only,8c2ebeb4686a7085e163fb6a6229f6cf5e46d50f35da9bbaf9709159a066bc5f,8bf1b8232bd0d507ba31ee27ece11d9747714f4ba74a388c9867b97e6386ab0a
pm:vm:photonmelodies11.rio.003:1668688832:00166496:00486,cvm,【武】「……干嘛？」<01>,[],layout_only,b709b79681dc354db12d80d597b0af7140bae8e3e6ba0e36c6ba30bffd80d839,918239a4731a0b74ef695dc4cfa02391fbeca35274edcc24470ec5f8d59ef9f6
pm:vm:photonmelodies11.rio.003:1668688832:00166552:00487,cvm,【扎乌伯】「什么意思？」<01>,[],layout_only,89b008d10115d1e31e8e62545e28ce5a5c2c62524cc622572920eca87518bc28,fe4c47a685625519ae3bdd8402991a91c7c6e0dd0e88494bd2f026105dd835e8
pm:vm:photonmelodies11.rio.003:1668688832:00166596:00488,cvm,【武】「这话该我说吧！」<01>,[],layout_only,cd2b10dd9313d949b7f2130b423f82bf5f69d37c4b34304b0c7d4db859628c4e,7bbad2bc48e70a010adfecb154323d58f7c43af96ae8bf8fed33832abbeb667e
pm:vm:photonmelodies11.rio.003:1668688832:00167200:00489,cvm,【扎乌伯】「算了，继续。分析交给汤米做。」<01>,[],layout_only,db7c51db198a53c7bbf9744b80a08f4474224901dc9622cc196be7b9f7a1c9a1,b63bec62fa3cc700bae1c5d18a6afba68ba747a2106e202c75aaba2d27801d65
pm:vm:photonmelodies11.rio.003:1668688832:00167244:00490,cvm,……汤米？……又是谁？<01>,[],layout_only,a976b0271408a39a86e1c32e44ea70caaf98ced4289bca8ff6511b12b307ac4f,f9cbb5c85114ff1477aa709def1f73b0ca93f30bc8d8d8063626190d63476686
pm:vm:photonmelodies11.rio.003:1668688832:00167288:00491,cvm,【武】「呃……榊千鹤，训练兵，<0A>彩峰慧，训练兵，珠濑壬姬，训练兵，<0A>铠衣美琴，训练兵，柏木晴子，少尉，<0A>社霞，兔子又可爱……」<01>,[],layout_only,fbe7f7e1df377b99818608a068044dbc80c4d6ca377c52099fef2e1fa3e3bc1c,58870aba3bf54a34b7b3560106f438d439d378d779c850ade22a3c9a0498df41
pm:vm:photonmelodies11.rio.003:1668688832:00167480:00492,cvm,【扎乌伯】「你说什么……？兔子又可爱……？」<01>,[],layout_only,edaace23bfadf3a8f1b06029adc10784486a8d605a2ba6d664397e7e28cb9145,5e716f43eee00bdbf1c510141c35ef7bfd10c5a99deceaa85d7dc911f1b93854
pm:vm:photonmelodies11.rio.003:1668688832:00167524:00493,cvm,【武】「上面就是这么写的，我有什么办法？<0A>我继续了啊？」<01>,[],layout_only,6387124b8da1b06a1d86afad133841bd54bbfc5cb62fa81ae3bc2a3c315838dc,21fcab9688ac4ed118ba8ae727ea8809360576747755f8c5d8481b142f920bff
pm:vm:photonmelodies11.rio.003:1668688832:00167716:00494,cvm,【扎乌伯】「嗯。」<01>,[],layout_only,e2f21683da11b68b66896511d1ed2b53774a92b5a6f245378ab042fa6d65d11e,0e2edf1f08d6693124b198066f00e67a607d829ec9a44c226be0ae2e7c55dfc5
pm:vm:photonmelodies11.rio.003:1668688832:00167760:00495,cvm,【武】「伊尔玛·特斯莱夫，少尉，<0A>伊莉娜·皮亚蒂芙，中尉，<0A>香月夕呼……呃，写着 N/A，<0A>上面又整个被涂黑了。」<01>,[],layout_only,e95a065ade3afe91f86c3cfa811bb940abd50aeffdc3fc10bf97f3cf72b0c321,9c219e0ce42843850a384377c33f0e0d337d018b1546bbe72b789031f2e3769c
pm:vm:photonmelodies11.rio.003:1668688832:00168060:00496,cvm,【扎乌伯】「……原来如此……接下来呢？」<01>,[],layout_only,4d752bef70e2add452575678ebe959a355937bd30a38620d787172e9def73e20,d6586c1dca1babcc3d2d558facf8c8b175e265b96321a8b43c88b9846ad6e2e7
pm:vm:photonmelodies11.rio.003:1668688832:00168348:00497,cvm,【武】「凉宫茜，少尉，以上！」<01>,[],layout_only,83c1f1fdb8b054ba9544bc33bbacaff66afd78c61df02847875a6ffcd5c39792,da452039351e4243b90233c5c9be09f8430621c0817cbfb2ccd51635e3001a1c
pm:vm:photonmelodies11.rio.003:1668688832:00168404:00498,cvm,【扎乌伯】「就这些？」<01>,[],layout_only,bff70e1f0696b674e3ce60faa1c8c3a4b5ebb160620a9b0b0b6197d96bbce070,d64984ae93ce96564cee84ee13e7bdb623aa71a2825cc70073e4ebe3e1a37b30
pm:vm:photonmelodies11.rio.003:1668688832:00168448:00499,cvm,【武】「就这些。」<01>,[],layout_only,23db1d5d36c2fdf5b7e588e358f583f58eaa42cea708f54de36ab1ce6fd35991,d65814c24cfdfb09fa77287e75274c3b9300055c74dfa239ea9f663b1a1a5276
pm:vm:photonmelodies11.rio.003:1668688832:00168828:00500,cvm,【扎乌伯】「唔…………」<01>,[],layout_only,77c0c71537b66a9ac973d6975d2446431ff88c4ff38f2f0c65bbeedf3ae213a0,3f60e0901b8d9be014ba4f394d12c71e4c7506cdb089dbc7bbeb14377dcd1e8e
pm:vm:photonmelodies11.rio.003:1668688832:00168872:00501,cvm,【武】「那个，可以了吗？我很赶时间……」<01>,[],layout_only,cebe0a8e384af47d736ac545d12b4549c983d2b9120b4df43bb8df87e09e8dd8,2613bd7d54ee6459cfdc72d273380a52cc925c80ffc8d3cc4c75da656209084c
pm:vm:photonmelodies11.rio.003:1668688832:00169900:00502,cvm,【武】「――呜哇！！」<01>,[],layout_only,f29f3fc8765c5c2d4fdb1111da1f0b5d27aacd055523ecb6087a33cc15325c18,fb45cd58f227e9547b6633d7ecb0d41b4c9c0673fc7b362565374c4fd0ffc389
pm:vm:photonmelodies11.rio.003:1668688832:00171248:00503,cvm,【武】「――大叔！！这种事你也该适可而止了吧！！」<01>,[],layout_only,0e99776a7cb2e9002fe354daef8a797fa368bf7283266c7e2e965a93a9e52166,c15d644c262a7faaf15f836473cbd1e24454142e96993be39594624bb40b13a8
pm:vm:photonmelodies11.rio.003:1668688832:00171352:00504,cvm,【扎乌伯】「――等等！按约定，我会告诉你那家伙的事……！」<01>,[],layout_only,a6fd1aaf6d05610e1461e714bd4d2fd2f53957a86f05aafb04bf9e9badd9b513,48c0fb703bb5e327da016f7f3c83310100f42eb6ca25c0cd63742d747d8a3c4a
pm:vm:photonmelodies11.rio.003:1668688832:00171532:00505,cvm,【武】「啊，不是，我现在很急――」<01>,[],layout_only,390f5ec30c6afbe74ac7dc9f70d89fe6e29013f17b9d754db8ed0927139b3ab3,f290bcd7faf8c2f3a4b74501bb81a25eb61abde199f9c86df225756af9fe58e2
pm:vm:photonmelodies11.rio.003:1668688832:00172060:00506,cvm,【扎乌伯】「――听着！！你没有选择的余地。」<01>,[],layout_only,2d0341c303964a04cfdaa94fd8f710eb2e84278ebe9003aac70b574cb3fe3b24,248be953128a5d3b6d3177d5e167a32e3d63929c372b9402cabac0c039fe17b4
pm:vm:photonmelodies11.rio.003:1668688832:00172520:00507,cvm,【武】「――咦咦～～！？」<01>,[],layout_only,a442f35209a7166538d7f76aba247bd0c6b59009cc3a9b71bede99432aa473c8,39663470eb439fbaaa14bacb4272849387d9962de9bb8730895ab2694ffd5957
pm:vm:photonmelodies11.rio.003:1668688832:00174416:00508,cvm,【皮亚蒂芙】「――不行，系统无法恢复！」<01>,[],layout_only,286289de476c58af1030d7c3eef9d72d9c52bf6005c7cb7b9d8137aaa36f6b34,4885f4ec913387222073abf9dea632121a3b342475a796b86077ed0fa781e1df
pm:vm:photonmelodies11.rio.003:1668688832:00174784:00509,cvm,【夕呼】「刚才白银那段通信……说的就是这个吧。」<01>,[],layout_only,55f6e2eda288a38c6f3e69ac04080c8daf47105927816a4d4cc35d430aee26b1,257708314c63aa7d6dea00af15ae4d5c8ffdfeb917695de3eeceb337a518fee2
pm:vm:photonmelodies11.rio.003:1668688832:00174840:00510,cvm,【皮亚蒂芙】「也就是说，<0A>他们果然察觉到我们在利用监视系统，<0A>并采取了应对措施……？」<01>,[],layout_only,2de8bd5ad43ba3a0afeb83724f08d19102b1c4cbc67eb0d6afc7a2d3c0946892,7517c46b26e2a6ed769eac933aded79aeb6c4f9ee30d9c50f4a35cb92a68ec47
pm:vm:photonmelodies11.rio.003:1668688832:00174896:00511,cvm,【夕呼】「应该是这样吧。……那么，还剩几个人？」<01>,[],layout_only,0d70f5058d457ee08b1d3e568375aafa9795f3b5b2923fdfd4a743ab9ff56a50,69a176a77d9c20c13e4eaa20195b2026aff2c44b24ff0d76b01f802f7fda8884
pm:vm:photonmelodies11.rio.003:1668688832:00175284:00512,cvm,【皮亚蒂芙】「4 人……<0A>凉宫、筑地、高原、麻仓。」<01>,[],layout_only,86196cf62f64638b21eb3b29280c750e68f8f5f5cb30f23770b01653a9dd01ef,17b8161efc731589246afb161b0c6f7da38392176a0b53c74fb999d38a8910f8
pm:vm:photonmelodies11.rio.003:1668688832:00175340:00513,cvm,【夕呼】「对面呢？」<01>,[],layout_only,f054d60fd9bbc8034b1b358d398e8d2ad947be417c5db8f07ab9efb57cec61bd,7f83335a2629bf160fbdebc4c9480eeb4fc3269f61acb1e75ff4a611fac00b12
pm:vm:photonmelodies11.rio.003:1668688832:00175396:00514,cvm,【皮亚蒂芙】「系统停机前的记录显示……<0A>铠衣、御剑、白银、榊、鉴、社，共 6 人。」<01>,[],layout_only,b3685494b5572374509e21c36ac75032bb6b6d988a0f03a4a3461550eca490f0,49843ad709ec2582c380ea04e4c22487eef33a870e281b1d44080a73e02b4a60
pm:vm:photonmelodies11.rio.003:1668688832:00175872:00515,cvm,【夕呼】「都做到这个份上了，形势还是不妙呢……<0A>果然，他们没白受过扎扎实实的训练。」<01>,[],layout_only,438748696497163097ad08a62d5c7ab464f2f22ca531ed5e14191cd8c4c9d408,8524f2412d91076b41bfc9e3736fd87bab23cd949ba8da3a73f3bfae076289ad
pm:vm:photonmelodies11.rio.003:1668688832:00176096:00516,cvm,【皮亚蒂芙】「怎么办！？」<01>,[],layout_only,00c4ef9f438baa698f1e726c0cd9d2868cf911c69ebde1af40538a2b55d63a71,3b06e7c728bf79bfba393ccfeec16f881e89457305425fbb2f1b3fb62fb6c8bb
pm:vm:photonmelodies11.rio.003:1668688832:00176464:00517,cvm,【夕呼】「没办法了。……发布代码 991。」<01>,[],layout_only,309683081b4d3d69c50c92fbc200a56f253a9100cb7d6c1974955aa9a2f6923b,f2309a6ca092f4b66cb055897dfa960716f077e08087ee95fa71f93c5b8305ef
pm:vm:photonmelodies11.rio.003:1668688832:00176520:00518,cvm,【皮亚蒂芙】「那个，真的……可以吗！？」<01>,[],layout_only,2ce2be81f6ff63de47c0077a1c6b7f61b8ec92144061ff5a5c9024272be35efb,8cde3fca36f8b7ae70bf7f8f63713c556fb26f0ad41bfb361cddf0725ba182d5
pm:vm:photonmelodies11.rio.003:1668688832:00176752:00519,cvm,【夕呼】「问得真奇怪呢～。好了，快点！」<01>,[],layout_only,0326c054fd4514619d55876339f2c511c16c31979c20e4515ce9c70bedd4cf0e,993fc4754fc80d007a5943c19bf88cbf9015249d06ad933c379d009b9334e58f
pm:vm:photonmelodies11.rio.003:1668688832:00177328:00520,cvm,【皮亚蒂芙】「明、明白。……通告全员！<0A>发布代码 991！全员突入敌方 CP！」<01>,[],layout_only,8db9577b5d89d7389ea037ddca01cc0c2c846985db83c69a41f3073c409b502c,086e9a7a66b5360a2319f3ddedeb737d401499c69258d24939485b70577a24b5
pm:vm:photonmelodies11.rio.003:1668688832:00177384:00521,cvm,【夕呼】「凉宫，一口气攻进去。<0A>位置刚才已经告诉你了吧。」<01>,[],layout_only,911c46f11cc9716d68a98e28f43ffdbbef715697d7584d7e825a7aa49ba9c4ae,9b8b8ba4fd96d7a5311acb9d78c9dd9f4686b1216b316490aa63c117a8a5599c
pm:vm:photonmelodies11.rio.003:1668688832:00177440:00522,cvm,【茜】「――明白！」<01>,[],layout_only,66b1e1998b8695ac0b128c7916bc814c53c595fddec00d4d43004a1070fbb4aa,f4f7f334bbf475af356414d49106ad0b87c46eab4dc216c4d37703b7f61e360a
pm:vm:photonmelodies11.rio.003:1668688832:00178016:00523,cvm,【夕呼】「好了，看看是对面先攻进来，<0A>还是我们这边更快吧。」<01>,[],layout_only,e08c1887875583e7bec957f309e124826d9391aee417c5c6ca8af026c9b0c962,180c6908393b428d69114e0696c090b54b7b1ddaf52436df83879888a04c2097
pm:vm:photonmelodies11.rio.003:1668688832:00178712:00524,cvm,【皮亚蒂芙】「――！？」<01>,[],layout_only,d69d0e864c8d4d3cbc28113de0d6a86f055dd46c1846f81593d329a3fc47fb91,7d17fc3425055b2e6848d32c1147a9db72e41db07bde70c96db1187f3728c8f3
pm:vm:photonmelodies11.rio.003:1668688832:00179192:00525,cvm,【冥夜】「二位请不要动……！」<01>,[],layout_only,d8240386e4a451d7c7e20447fd90adacdc4e30de2aa62b177c1a5915f5ee5372,1311ff0748063d0b9c9601ee14418b81c127d7e23a4bcc4783c5bec293c67dc6
pm:vm:photonmelodies11.rio.003:1668688832:00179248:00526,cvm,【夕呼】「哎呀呀……来得还挺快。」<01>,[],layout_only,e1a69f87cc2ad5788550128cc5ce547f9723ac10133b9386df067c7020a73dfa,a41d59d8fc594aad8cd67f2c1e51309b725aeab3436136d1952d179ece369de2
pm:vm:photonmelodies11.rio.003:1668688832:00179668:00527,cvm,【冥夜】「香月教谕，胜负已分。恕我冒昧，特来劝降。」<01>,[],layout_only,f91d65d196bebeffbb7e2712c3feb150a934eeed2a29e0278d0ab01fedd0b880,349948a046163d2eba5dc38f33582e1f11bcae1e5e98ef8dad4bf456da4d329d
pm:vm:photonmelodies11.rio.003:1668688832:00179724:00528,cvm,【夕呼】「你怎么知道胜负已经分了呢？」<01>,[],layout_only,8ee3652408864d27d954dca87c8c3b763f1bfc527e2fda54b24ec0cb19b26688,d8039484d8ca85106fade168171cd802cae8937087e18c10e20cac88e449d971
pm:vm:photonmelodies11.rio.003:1668688832:00180116:00529,cvm,【冥夜】「方才的谈话，我全都听见了。<0A>要扭转眼下的局势，想必极为困难。<0A>――请您宣布败北吧。<0A>毕竟，我并不愿在这个距离向教谕开枪。」<01>,[],layout_only,9c67737e11f02dcb0f8a64911bbdb87db042c05f61536e8cdad526c4b7721547,3de0c41ef44489ab8bfba2dfd10d66f5b650ffa9187b5ee8a5b8793f48275444
pm:vm:photonmelodies11.rio.003:1668688832:00180636:00530,cvm,【夕呼】「你们难道没考虑过，<0A>我也可能预料到会被偷听，<0A>所以才故意那么说吗？」<01>,[],layout_only,6a6d0555c133d4089e53577b53b565b0d94e507387cdfd533e7ca34d70db68da,265f47bea59e2cb56ed12e153d87da7703e9cc629e500ba74892adf4b706e5d5
pm:vm:photonmelodies11.rio.003:1668688832:00180988:00531,cvm,【冥夜】「自然考虑过。即便如此，<0A>我仍如此进言。」<01>,[],layout_only,debee9feb9490dc0d99bcf76bd5a639bddbdefa930d3d99dbbea391dcad38a8e,05881e56c7718448907b6f0f847a42ce68aaa93db321255129719041b35a716c
pm:vm:photonmelodies11.rio.003:1668688832:00181044:00532,cvm,【夕呼】「原来如此，真像你会做的事。<0A>因为不想在近距离射击我们，<0A>所以明知有风险也来劝降？」<01>,[],layout_only,8ece2e119d99672113da7e4509f7d23058b92833373e2bfdd833e51a987039c8,b961711df7a877701011067773e0fae777d555e164e9b75fffed5b7723956c0c
pm:vm:photonmelodies11.rio.003:1668688832:00181260:00533,cvm,【冥夜】「恕我冒昧……」<01>,[],layout_only,46688b3bd0fb225b283b586e6de33bca79cb8ca74f147daba2c1df23055d5a9c,7774f3db318a81bc0d6ec907ac660d725500fd64895cecd9c637bc02920c2457
pm:vm:photonmelodies11.rio.003:1668688832:00181836:00534,cvm,【夕呼】「然后，铠衣也潜伏在附近，<0A>正稳稳瞄着我们，是吧？」<01>,[],layout_only,b80868f066261f9d38557366f118712856cc14d83cfa3d29f9d61a8d584db96c,7ef541c904787336753852cd3eb3e7735d2cf7b0826ec07541b2ba600b461b4c
pm:vm:photonmelodies11.rio.003:1668688832:00182180:00535,cvm,【冥夜】「……那么教谕，您意下如何？」<01>,[],layout_only,3308d491d6781bdb092b0db5f5cc7f187c9e338bdf02137dcb64021d0a6bc232,e81a89da07f526b0d2cc838718784858a6a03b1d371b05693a174cc4bba16253
pm:vm:photonmelodies11.rio.003:1668688832:00182524:00536,cvm,【夕呼】「嗯～，怎么办呢～～」<01>,[],layout_only,2b4d04930b659a6a7b037593f66703cd20e8804093a3a449ea6632ede02c7422,17126ec7be8c4e89557422788273a9ad3528d91a36ce11ffa2b343f1f001b78e
pm:vm:photonmelodies11.rio.003:1668688832:00182580:00537,cvm,【冥夜】「…………不能再等了。请您决断！」<01>,[],layout_only,426368092b3ace2f1b8d0699cccbf564dd9db285aaf9335973a5093c61f6e0b1,71605d1fa819081d76423692f48f421ea9dd5f26d34f66c8caf114a1241e2ed2
pm:vm:photonmelodies11.rio.003:1668688832:00182948:00538,cvm,【夕呼】「呵呵呵……走王道的人还真辛苦呢～。<0A>不发这种多余的慈悲，<0A>一开始就开枪不就好了～」<01>,[],layout_only,1df6d223bd3df316d4c26fdc079522108593b0afcf3def27aa0741b07a7b0fd8,6d88146ab943f3eebad266441cc6b6ff1bb87f67680640096920e56bee70e829
pm:vm:photonmelodies11.rio.003:1668688832:00183004:00539,cvm,【冥夜】「――！？」<01>,[],layout_only,7d9b38b7472fb4716a0894c460943e4a9a9adcad1f6d91b4d18a324ad8ea4a44,989bd9972df6f4f3df1923d6f2d54d7a628d5092e6610262c0b744cfd7a9e26f
pm:vm:photonmelodies11.rio.003:1668688832:00183236:00540,cvm,【夕呼】「……答案是…………NO。」<01>,[],layout_only,8fe64576c556d9b6ce5eeeec27db008c32048880639afdf8302ce8eaa05f1778,44d28c1e8c36b347af9de5d39dcc031542fdcd4ab8d6a658d2835ed1762a9035
pm:vm:photonmelodies11.rio.003:1668688832:00183532:00541,cvm,【武】「――你这混蛋！！」<01>,[],layout_only,c6e650ae3881289f5e39f86d8c1f0fd9eaea21d7a4a1bbdaec5b3c6a1d6c3c8f,aac2cfe63b38c88eb4e0796d8fd93d9ae5716a3b0fc5d84e10a999dc0505dcbe
pm:vm:photonmelodies11.rio.003:1668688832:00191812:00542,cvm,【高原】「――啊！中、中弹！！」<01>,[],layout_only,461720dea4d148cb0993b3aced4d62f9b0307c4d77b5414112e3b20c7a797061,2d0ea3fada269651a5d96e04046ce961d0a3b3c9cca275d5ee32fe3f6403dced
pm:vm:photonmelodies11.rio.003:1668688832:00192208:00543,cvm,【麻仓】「――中弹……！」<01>,[],layout_only,8d0344653ce134acd5f9a35d81959cba5793e248389e782e9f1446fe71527b2f,283ea6c71303ca11c559dc864bbab6d688c0972be20058556c02ad9ae1c93371
pm:vm:photonmelodies11.rio.003:1668688832:00192432:00544,cvm,【武】「――好！――！？」<01>,[],layout_only,3289248277874d67f06c5a41b6a74e9639692db0be50972d0ea050d57431718d,ee1632e49758cb12d2f2d2150375cee2cc2318de2cdb41ad3c783dcdd5fc739e
pm:vm:photonmelodies11.rio.003:1668688832:00192736:00545,cvm,【武】「――呜哇啊啊！」<01>,[],layout_only,db8c73965dee93d14776b47ca5a85fae1cf09758028bfe95f5bd58414ca881ad,8aadf95731b95aa43338b4a48b86aa82041969d7969047dcc01a70a456ae1589
pm:vm:photonmelodies11.rio.003:1668688832:00193420:00546,cvm,【筑地】「――白、白银同学！」<01>,[],layout_only,9dff769ed1162001df51bbc27ab1292bac6d8c1a890190c100debf20a9a04c23,f3f8f8f7a7c72c264aa2366c691d27658c421f835209407c152da54e34b86b94
pm:vm:photonmelodies11.rio.003:1668688832:00193688:00547,cvm,【武】「――是筑地吗！」<01>,[],layout_only,f03b63ca46e8026bc5e97714528834bc5bec5d6d8f1faa8df956fde23d5a86e6,2dc02a41918b22ed196930fb721d384fcc9774f8d872fb4ebe475bcbc42719e6
pm:vm:photonmelodies11.rio.003:1668688832:00194124:00548,cvm,――唔！这些人一口气攻过来了！！<0A>这是打算最后放手一搏了吧！？<01>,[],layout_only,c6a534fd404993e204abbe93fa550253a7295c0e1e3226a370612d4e731121ca,ea73452c17f3328dbc3b1b632534fb8cdbbb6e340e4c742a6fea27c607ec835a
pm:vm:photonmelodies11.rio.003:1668688832:00194304:00549,cvm,――凉宫怎么样了？――已经解决了吗？<0A>要是她还在，剩下的可就是最难对付的两个人了！！<01>,[],layout_only,ec53040811acd1a16d69e194a7fcdcdc321c14aca36769f8f0a432b094a68702,a52953d2a19f2ab5859526705a5ce2ab943fc9fb8aa11ceb1afc42b54e0ce6af
pm:vm:photonmelodies11.rio.003:1668688832:00194484:00550,cvm,班长呢？纯夏呢？霞呢！？<01>,[],layout_only,4a445c367b961fcfac298b9935c1c519e9726064e8b6acd964450a3e96032e21,c0c4d1e02e9f5ecdcc2b5d6a95eaada6c9fe626a074a21746045a7ae7c2b890c
pm:vm:photonmelodies11.rio.003:1668688832:00194664:00551,cvm,冥夜、美琴，你们在干什么，还没好吗！<01>,[],layout_only,f8567cc9b8d57b33d366372427907dc6dc67a30aed22ac8c0e62d5af327b760c,bc5b9259879d588881a3f1e4789a5cdb9e9e1028f55c3a6321bb3b00e8b6a614
pm:vm:photonmelodies11.rio.003:1668688832:00194708:00552,cvm,这样下去，我们这边会先被攻陷的！！<0A>再怎么说，我也已经到极限了！！<01>,[],layout_only,f618c274437e0bd7b4523221078d4a49bbb4c9526ef4ed5ca7c1755366cdc107,809f2c8e824bc3c3adec2c118490ce948a0fb694734b6e75444ad5f358e4035e
pm:vm:photonmelodies11.rio.003:1668688832:00195476:00553,cvm,——！！<01>,[],layout_only,d730cf394d65bab94e719bfa2bee3a1662e9a53749781acfb1fbf44cbdd859bb,cafabc606b07fbe9c4f9452837ac8c5d2441fef9e600dd9c91d6d6a70db1f790
pm:vm:photonmelodies11.rio.003:1668688832:00196144:00554,cvm,――糟了！！<01>,[],layout_only,c9365a4842be6047183c6282bf5ccf29b0e93e0a77869c81a25255751d069e72,47b7401a961da9d71f99d410e2cd86e372db2ec445936d9100caff0c1d945d95
pm:vm:photonmelodies11.rio.003:1668688832:00197748:00555,cvm,【武】「――班长！！」<01>,[],layout_only,84369b551dbe1c70aded9a06f330bd15d406be9d84d49b92f684b5b7febdec85,4447ec98cc11f40bdcc291bb11385511517912efd15b92396f930bdb0a299835
pm:vm:photonmelodies11.rio.003:1668688832:00198060:00556,cvm,【千鹤】「――这边交给我！」<01>,[],layout_only,2178d78d9fe520f67c4ca794d0249b6e36fd776859006e5e33ece0ebf1ce0c7d,90d1a63d194d896596193114e061bfe009fa18f4b63858abd31baddf9edaca60
pm:vm:photonmelodies11.rio.003:1668688832:00198872:00557,cvm,【武】「――明白！！」<01>,[],layout_only,63705983b779b3587e85efe9e62a557d05cbd0c60f3350b7be691ac9ac092334,1752c9f0b74b26c2e3ff1642bc59ebe54f4bb414d1740d80befb2a5bd5250e5b
pm:vm:photonmelodies11.rio.003:1668688832:00199124:00558,cvm,……咦？筑地呢？<01>,[],layout_only,4abe01b756e142d06a165eac00b5070219e901c7ba2f7cf4431fb75f2d9eaabe,796ab36621577f64d0e8df03d626c4c354818ca7f0efdaba6945075b7002b9ce
pm:vm:photonmelodies11.rio.003:1668688832:00199180:00559,cvm,【悠阳】「――武先生！！」<01>,[],layout_only,bd2c9f1afa2f0e7300c69f2a6f5d193a4c4e6638edc99620a48d936f3d07ea80,b176902c9f473685f6164d1ac69d69976e1ca1e5aa19dfad9611affc1a156549
pm:vm:photonmelodies11.rio.003:1668688832:00199360:00560,cvm,——啊！<01>,[],layout_only,cabdce553edec089a58ca80bbf3acf2373891853d5873bffb6f2afeb2dfa7f8f,5211a128d2c291eea7603d0fee70548f8082ae8ec5a1df6d2d19b1552e27d079
pm:vm:photonmelodies11.rio.003:1668688832:00199732:00561,cvm,【筑地】「――给我打中啊啊啊～！！」<01>,[],layout_only,bfffe86b42bce271cbe4c55b034ce9b7ca89454e8051e61bf86b8193051e0ff1,25cbf133b089eaa126b66f9066251e0beb12aefdebb32e013726ac10890a224a
pm:vm:photonmelodies11.rio.003:1668688832:00199876:00562,cvm,【武】「――可恶啊啊啊啊！！」<01>,[],layout_only,9f0ff1bce3cf0610d31f83db3af2165f63f88b8f5749b57f698e57bd32817369,1272a978ca1a47336d87802251e2ce18cf687f046dc9e3663191c2f20655d315
pm:vm:photonmelodies11.rio.003:1668688832:00202172:00563,cvm,【筑地】「――呀啊啊！！」<01>,[],layout_only,f60c37578198b22657e2f43adada52369cc838ffd7204ee6d381a08e0e950da5,187adf615a944593d598cf32e45e4ed2855c9570a911b44485505b2fc3c2db7b
pm:vm:photonmelodies11.rio.003:1668688832:00202216:00564,cvm,――怎么样！？<01>,[],layout_only,8894ca64cf6249d6d9455a15fa9f2d4fdeedb237395f39b80c4ea24496373a9f,ac387799ba57cc3becca13b34d56ce8064ab91adedbad9a6cec20912f775e74e
pm:vm:photonmelodies11.rio.003:1668688832:00205740:00565,cvm,【武】「――给我中啊啊啊！！」<01>,[],layout_only,35ab3994d3f593f66a9aabb874d30b281b694374211c7d8396a141b1f86cdfe7,eb9aceb5d40eca33ef6e8a0ff2ebb788d02d85221894e686ac2024f9c3e64714
pm:vm:photonmelodies11.rio.003:1668688832:00206708:00566,cvm,――什么！――没子弹了！？<01>,[],layout_only,903a5050484fcfe012af863594f314c1e49f12fdc74c757320987b084fecb53b,a0113be601d16e902faa8795608b9533db436d65e9344ae545328c36227ca9a5
pm:vm:photonmelodies11.rio.003:1668688832:00206780:00567,cvm,筑地呢？<01>,[],layout_only,3d343b4c3bc9145aedc78b86c823d571457182ae214b0ded872a2828aa3fe190,d100b0a14497093b80ab6e3965071e30b072f651b97daf7c5745289a42eda729
pm:vm:photonmelodies11.rio.003:1668688832:00207212:00568,cvm,……打中了……吗？！<01>,[],layout_only,33f83f44c9a2f40ee62f9d9b9f16473844ea9dd735cb0041c2bd2b8f38f7f2f0,21c18a89cf71d654120bdde3f1e44dac9c84039e3b720d430955da1a1db7cfee
pm:vm:photonmelodies11.rio.003:1668688832:00207520:00569,cvm,【筑地】「……呜～～～～！…………中弹……」<01>,[],layout_only,df3471b29615e5695e3c78b1dcb5645f68f2709511ee56a3c32df9d97f7bc36b,a71f6c6927ba9d1bb681ed0b41564259523614742b3a9d01ac8a8df87f6a6d53
pm:vm:photonmelodies11.rio.003:1668688832:00207592:00570,cvm,【武】「――成……成功了！！」<01>,[],layout_only,4e7a2638da8750930a85eaba82e97f541997c5dcc6f5eca2db88298f7b062eba,2a999f5a3c6fe2a3ecdf121f384b7108890561e678fdcbf925682300f9b1fbc2
pm:vm:photonmelodies11.rio.003:1668688832:00207900:00571,cvm,【筑地】「啊～啊……被击中了……」<01>,[],layout_only,6dbc5332b05aec97c3a6ccd12f9db48ec7f11c8d947d2ff1172b0a81aeba0071,ed67d50785cc1c40d41d30284d0f64fd7371ad5809735d5f45a145f722bd1bad
pm:vm:photonmelodies11.rio.003:1668688832:00207944:00572,cvm,――接下来应该只剩凉宫了！<01>,[],layout_only,8a0d60ea71f09e056893e3a1d80e58dc66925dc9dad1759752b733409bf815d4,0a4227cc9eb107571ed2ccfcc90bac4433a45cbaa78abf1eda5f782d34030b42
pm:vm:photonmelodies11.rio.003:1668688832:00208324:00573,cvm,【悠阳】「武先生，方才真是危险。多谢您。」<01>,[],layout_only,e4338299a58df557fdebc17c2290a6e22cec9329ac8caa3fdd192bd9aa93c36b,eaab91028e3797caa0a79bc198cffff55130e10ed1c2b1cd78fc059ba0cbdc87
pm:vm:photonmelodies11.rio.003:1668688832:00208368:00574,cvm,【武】「联系上冥夜和美琴了吗？」<01>,[],layout_only,25b0b697b7494b2d262d966112db058520661f5eadf99b8fdad30a6a56f5537a,ec6b340b1e686d7b0706092458c05caa7eda0a09607eed4a0aef0a28bc5e64cd
pm:vm:photonmelodies11.rio.003:1668688832:00208424:00575,cvm,【悠阳】「没有，至今仍无回应。鉴同学她们也是如此。<0A>看来，应该认为她们已经被击倒了。」<01>,[],layout_only,f1d869160fb11b8149ea69f52d4de536563ce7417d096a83da0128abed4243c7,c93453ddf8f91fcde5c2b04e9abcaff1b5b2ad604049d4529763517e56a1e642
pm:vm:photonmelodies11.rio.003:1668688832:00208468:00576,cvm,也就是说，筑地和凉宫她们是防御班，<0A>击倒冥夜她们和纯夏她们后，<0A>把战线推上来了……？<01>,[],layout_only,3c09447eb1f98c9a1f9c595983bb5644c2b93bc2902cfdd5f891018ecc0ff243,9652d1458d494567fb1e09d8f8e4027ff5b52a862788c8e56e70e357133be375
pm:vm:photonmelodies11.rio.003:1668688832:00208548:00577,cvm,【武】「――不过……D 班剩下的只有凉宫一个。<0A>应该没问题。」<01>,[],layout_only,5a4e8d6050f2093f0028c4acd50b81212ffb00dbbee84c4907de83e3280cd1e7,5db11b3944433831d7542ee5116bc4ebb01ac61fe51c14e11944b0a07941b6b9
pm:vm:photonmelodies11.rio.003:1668688832:00208628:00578,cvm,……可是，<0A>最后一战居然是班长和凉宫一对一，<0A>也太像安排好的一样了吧。<01>,[],layout_only,986573e107ee04234213b2f0b280e076a97af5aba5bec26ed298d72d58c5baf1,935833f7c3e299396db1467a5420ab2b846fefacfcb337d11195813e8cde203f
pm:vm:photonmelodies11.rio.003:1668688832:00208672:00579,cvm,……声音已经离得挺远了。她们还真能跑啊。<01>,[],layout_only,9e92eaddfbe69136fa5391e13b58572c383ea3250102cf140d04a96109caa34e,1a3dab6ce1a6cdb5e68790a9c0737cc820a69fa6b32a60f8e8fcdc792b45da43
pm:vm:photonmelodies11.rio.003:1668688832:00208744:00580,cvm,不愧是体育系前部长对决――基础体力就是不一样。<0A>从预选赛到现在一路跑个不停，我这边腿脚早就快散架了。<01>,[],layout_only,37cdc12df275293520e0e957e85fbb090e873466261660bc18dc8cafa1bad154,8c79353fa026d792703f1da1ce74f8e255ff98cdd6498611d090af5389cb6040
pm:vm:photonmelodies11.rio.003:1668688832:00208824:00581,cvm,【武】「……！」<01>,[],layout_only,cc70800cd9d8eb2d6ad6a77446e7c69f5faa7e2d3ec406137699f51bed9e9d18,2f6bcfe2502a96082c609ae5710e136c27e66b8657c5d4fd9ca3dc8c84f8ddd3
pm:vm:photonmelodies11.rio.003:1668688832:00208904:00582,cvm,不，对手可是那个凉宫……！<0A>我想班长在运动能力上不至于落后……<0A>但还是过去确保稳稳拿下吧！<01>,[],layout_only,3427d6872bab1d8c5d399dcbf0cbb59552fb0485130470536af3d98a8f4d4541,483fd41dc0f7229f4ee23999243c8a9e5ea0498063821e256167394c43ebafa6
pm:vm:photonmelodies11.rio.003:1668688832:00208948:00583,cvm,【武】「――给我弹匣！我去支援班长――」<01>,[],layout_only,6a5e82e8cdccdea4e7a3f1fec3a6d79d42b4eef112d518fe8ef0ed0b679f53ff,a5623402eb025abddabfb47ed0c72102ec14a4c616c1f13b26591a81c3016d09
pm:vm:photonmelodies11.rio.003:1668688832:00209216:00584,cvm,【武】「――！？」<0A>【悠阳】「――！？」<01>,[],layout_only,5dab1863a3102137689158986fff0f4aa4533428a791312e79e7e4da393d0e0d,db2182c91c18a4f4e48477bfefc283a3bc933fe0932e766f92311d24675873b4
pm:vm:photonmelodies11.rio.003:1668688832:00209316:00585,cvm,――什、什么！？<01>,[],layout_only,4145b2064284842f9f105de5f4ba44b3c60b099eaf224bd86feb1a4cf7305d7f,188551c3fc77bdbde00d849a99c03fe992f6896753cd1b87efe15d10723def74
pm:vm:photonmelodies11.rio.003:1668688832:00209360:00586,cvm,枪声变多了！？<01>,[],layout_only,d69e2c8bd9a7a936f8c7af5b615b1155a6544b7281be47754ffcb00bc4e265df,53ce1dc6cb1caf1c718a40b9f2db65d1b3951eb13935d8980386627ec683be9e
pm:vm:photonmelodies11.rio.003:1668688832:00210204:00587,cvm,【声音】「――别浪费时间。快点结束吧。」<01>,[],layout_only,4215ee3d146fb67f3b7581e7433cf4905ceb4e6fc6611c4bdafa648fb7f29ec8,3301ab83d34fe870346f0a55ed5d329333e68540a2f404188ca03da288b88ed2
pm:vm:photonmelodies11.rio.003:1668688832:00210260:00588,cvm,【声】「――了解～！」<01>,[],layout_only,fbf8a17a3c27917e71356f8eb60dea26e840f5dbd1f9aa7c2366f0d0178124e7,fca14e65bb1c850094fd3fae5a48861590ed0c0870e3c74988189008f8424dda
pm:vm:photonmelodies11.rio.003:1668688832:00211236:00589,cvm,【武】「――可恶！我算错人数了吗！？」<01>,[],layout_only,ba5c77d99de12f5c15046bcff99118defcacb38b99d1bf8a672ed23ff408a408,6141f09a9a91d676b6f81bae9bcff162c640f8aaf73d91359373217396db73b3
pm:vm:photonmelodies11.rio.003:1668688832:00211292:00590,cvm,【悠阳】「这种个位数的计算不可能出错。<0A>倒是报告本身可能有问题――」<01>,[],layout_only,3ca220627fdc2601dad7b968c4048ac9fd6c92c4d3ea40d5b995c4644f819287,6e3a5ecf8d5ae48bb3def22445c8ab45f9dad8bb64151cda500bef7b842dcc54
pm:vm:photonmelodies11.rio.003:1668688832:00211472:00591,cvm,【武】「――不是要听到中弹宣言，<0A>还要看到举起双手去安全区的样子才算确认吗？<0A>不可能误认吧！？」<01>,[],layout_only,253b38826956f9c58a78784c8298d51ee0bc55698f3903139c0a2ea9cf39f36c,dad874fffe6690729bb99610a18730fcd03d61c8b8ee77b43f9df1bb767667cb
pm:vm:photonmelodies11.rio.003:1668688832:00211652:00592,cvm,――难道……是扎乌伯搜查官？<0A>那个大叔不知什么时候消失了――不，不可能吧！<01>,[],layout_only,7023877c8fc4fb10c2dbb1ada5bea397369dbbcfdcbfd564ca4133a77720d924,205c3adc6e3dec658ab64ce56389aaf5cc4bddb80cbdf81dc055e9fdaf81e25f
pm:vm:photonmelodies11.rio.003:1668688832:00211708:00593,cvm,【悠阳】「无论如何，现在该做的是集中应对此局。<0A>原因之后再查吧。」<01>,[],layout_only,cb052c18e2250254e6d45e19d5b808adebbb13347003e5c941cb3cdb3705d7df,779a754a1d1cbc06b23c5597675c4fdc9e46398436f86bb741c2ee9c0c7ae8d3
pm:vm:photonmelodies11.rio.003:1668688832:00211888:00594,cvm,【武】「――确实是这样……！」<01>,[],layout_only,7dba411539fb87f45ac119826bfd6c9da1b2271acf6ad6ac2b70af96bbd2668e,061645d2a36bbe560f8a1f896101ec0e59e65ca87ff9ca34099cb5cd8244ed24
pm:vm:photonmelodies11.rio.003:1668688832:00212140:00595,cvm,【武】「――拼了！！」<01>,[],layout_only,2ef83de6751e1da3bff6d93d32fb5b6c8806254031eeef7b1dfb247bf719a782,3c6ef0906ca59eb1f54688f74cb5823309ac5c82d2623dc21ffc036b60f92443
pm:vm:photonmelodies11.rio.003:1668688832:00213864:00596,cvm,――对面已经没有『神视角』了！,[],layout_only,aeb6d4b8157e9fb605d57b3542c37b77a1d93678f2c527e51686e5c678b88e92,79509a9e34b125e90a754f7f775267922092ea5a94cb2603fb327256efa4e77e
pm:vm:photonmelodies11.rio.003:1668688832:00214136:00598,cvm,正面交手的话……我们没理由会输！！,[],layout_only,f9aacaf33f84f9b3c80086e74ec2b37d1a78926985558da99e0ad5fe269fbdc1,a8cfaa6032e5199840f572bcded0a05261c7b7f9bbf51137bf0467d1f1f6baa4
pm:vm:photonmelodies11.rio.003:1668688832:00214368:00600,cvm,【武】「――！」,[],layout_only,6c4de2ab5d363b7416ab8c0ba5b20d9b82a490bd94775ca1d5df87069da49cf7,08b30cd50f615e25bec6576eed39e4451ad43d204a6d00a8dbc313e4d3ba17bf
pm:vm:photonmelodies11.rio.003:1668688832:00214684:00602,cvm,――原来在那里啊啊啊！！,[],layout_only,2a48003fb5442da368e96850fd7b04eb97a3606bcbd989c141c45a87d2dd5e6c,6a1e47a7bd9eaabfbca7ce2fcdcfb11f183f3f400c57831981f108b6df150956
pm:vm:photonmelodies11.rio.003:1668688832:00215740:00604,cvm,――糟了！！说起来我没子弹了！,[],layout_only,1ca1c6342bc7d33f0d79bdf3da99edfc62d705ab0ebe2c90acd4abdf78a489e0,c42d156db4a70567285f0fd05de23bcbee004cd2539dbfe477cd70b7e0ba8ed0
pm:vm:photonmelodies11.rio.003:1668688832:00216192:00606,cvm,【武】「――弹、弹匣给我――弹匣！――快点！！」<01>,[],layout_only,22bdb9be17988b4e5f5b13fb59eab259f598b4482166a145d1bc6a354ee85210,7afe897cfb23092b0784b233dda41d8fce0d48ce83841333e69729eb5afddec6
pm:vm:photonmelodies11.rio.003:1668688832:00216424:00607,cvm,【武】「——！」<01>,[],layout_only,556a60fd5b924f47676e6af25011ca4c0021e4b82b259d3da02b928f40b2d680,241bb01615f9e4d90b159d81b8145b7030585960e0dc84f043fedaa0234d075e
pm:vm:photonmelodies11.rio.003:1668688832:00217504:00608,cvm,【武】「……咦……？」<01>,[],layout_only,8536be5e2b5bb1fd304b10ec987264e36b6bd1b98a21c0b20b3d3f06d5a95a29,8b5264e9daba52437a642470b46191028bac6062757840ff59b60118d08aa804
pm:vm:photonmelodies11.rio.003:1668688832:00217736:00609,cvm,【女性】「你好～～」<01>,[],layout_only,1927ad8dcfdc1da65fc9d123572aa9c880eed0347aeca434e03d196160d36c14,a5a7647c5bd9bf2e89c7241748e609bf3b43ae97f3841828b5f5356808050d56
pm:vm:photonmelodies11.rio.003:1668688832:00218092:00610,cvm,……你……谁……？<01>,[],layout_only,1fbbf4985b66c1d3b364a548ea8fc4594f4c5e0df655bff9124dd589744217d5,3d654d5212d525c3d3cec3323ae505a0b6e15c7071327852a77c81ea4a0a6b3d
pm:vm:photonmelodies11.rio.003:1668688832:00219160:00611,cvm,【冥夜】「……那么教谕，您意下如何？」<01>,[],layout_only,3308d491d6781bdb092b0db5f5cc7f187c9e338bdf02137dcb64021d0a6bc232,e81a89da07f526b0d2cc838718784858a6a03b1d371b05693a174cc4bba16253
pm:vm:photonmelodies11.rio.003:1668688832:00219216:00612,cvm,【夕呼】「嗯～，该怎么办好呢～～」<01>,[],layout_only,2b4d04930b659a6a7b037593f66703cd20e8804093a3a449ea6632ede02c7422,17126ec7be8c4e89557422788273a9ad3528d91a36ce11ffa2b343f1f001b78e
pm:vm:photonmelodies11.rio.003:1668688832:00219272:00613,cvm,【冥夜】「…………不能再等下去了。请您决断！」<01>,[],layout_only,426368092b3ace2f1b8d0699cccbf564dd9db285aaf9335973a5093c61f6e0b1,71605d1fa819081d76423692f48f421ea9dd5f26d34f66c8caf114a1241e2ed2
pm:vm:photonmelodies11.rio.003:1668688832:00219328:00614,cvm,【夕呼】「呵呵呵……走王道的人还真辛苦呢～。<0A>不发这种多余的慈悲，<0A>一开始就开枪不就好了～」<01>,[],layout_only,1df6d223bd3df316d4c26fdc079522108593b0afcf3def27aa0741b07a7b0fd8,6d88146ab943f3eebad266441cc6b6ff1bb87f67680640096920e56bee70e829
pm:vm:photonmelodies11.rio.003:1668688832:00219544:00615,cvm,【冥夜】「……？！」<01>,[],layout_only,47d980a9d09b57b649aced88a364384c02eb65a3fcbc1a9b7ed0340b0bc7d8f8,989bd9972df6f4f3df1923d6f2d54d7a628d5092e6610262c0b744cfd7a9e26f
pm:vm:photonmelodies11.rio.003:1668688832:00219600:00616,cvm,【夕呼】「……答案是…………NO。」<01>,[],layout_only,8fe64576c556d9b6ce5eeeec27db008c32048880639afdf8302ce8eaa05f1778,44d28c1e8c36b347af9de5d39dcc031542fdcd4ab8d6a658d2835ed1762a9035
pm:vm:photonmelodies11.rio.003:1668688832:00220904:00617,cvm,【冥夜】「――！？」<01>,[],layout_only,c384eee97b2a5cf3f84ebeaf8c13719992e40bcc4500cdc67ab87cbc240a65c4,033469e0e23cefb8a1c0eaa6d10ece441593fb8f9cc26a400a14ebbb34cc578c
pm:vm:photonmelodies11.rio.003:1668688832:00221120:00618,cvm,【夕呼】「哎呀呀……被打中了呢。」<01>,[],layout_only,a05424abd758c8fd041bfe2d37fb93ba902dc1d9249c25f4ff71ea9625054707,06122b6269c227dd9cbca68b91f3857eb6dd6d9ebecb89b0cb05422184e1284a
pm:vm:photonmelodies11.rio.003:1668688832:00221336:00619,cvm,【冥夜】「――中…中弹……！！」<01>,[],layout_only,d21705d9d885f08d1245155683065de05ba7914b592a206449b95b1d93e7de40,be96f55ebaab6b8423c1358a0b9f3462c5a800c3b098462c421c6ff6ec8eaa3b
pm:vm:photonmelodies11.rio.003:1668688832:00221392:00620,cvm,【夕呼】「咦～？铠衣到哪里去了呢～？<0A>明明应该稳稳瞄着我们才对呀～？」<01>,[],layout_only,4be3c3ae22791e54c2de35d5f86554ed10edcb6c562b6b8c234949b6a2d74266,0835b896a55ba34616ad606cf3d7528ca3fea5ece2bd92e07cff7e7f777ba75f
pm:vm:photonmelodies11.rio.003:1668688832:00221608:00621,cvm,【冥夜】「…………！？」<01>,[],layout_only,eb637ec06b08bf61f04b6b2e79cc6d69b3a1611c68030faeec2baae8e4e2011e,1bff841c00f4c64630571071aa0c4af05e96e680c370afe3eb239fc609946260
pm:vm:photonmelodies11.rio.003:1668688832:00221664:00622,cvm,【夕呼】「啊，不好意思。<0A>出局的人不能说话来着～。<0A>――那就赶快退场吧。」<01>,[],layout_only,3393098b97b60f1831a54ea72b8931dda1c46aedf3fb4319334d3f20f7425726,ee1dbb3fb221e1b2c0d539e693b61eda1ee75c07d86cabae34f91108b5d73bf4
pm:vm:photonmelodies11.rio.003:1668688832:00221880:00623,cvm,【冥夜】「唔……！」<01>,[],layout_only,e6c46fb9aed9a3f4c3f88b3a1573f373af64ef74ce61122224505d52639771cd,c7e3afc0857db596a971b3651df7f8e96e5bb995b9290e8f22e2ac2a1335fdb0
pm:vm:photonmelodies11.rio.003:1668688832:00222736:00624,cvm,【夕呼】「太慢了啦，伊隅。」<01>,[],layout_only,717f3f920875c9faa5dbd3a0db7728a85b15905fb1536121b74efb558580f24d,d085caa24f4b51181b263407a57cb7c6cc15f23eca13e285bc2879508931145e
pm:vm:photonmelodies11.rio.003:1668688832:00222792:00625,cvm,【冥夜】「……！？」<01>,[],layout_only,4b9927d9b3a4df56fd359cd3ec441f07a7cbdda2930a0e3fcccce57f97bf094e,1bff841c00f4c64630571071aa0c4af05e96e680c370afe3eb239fc609946260
pm:vm:photonmelodies11.rio.003:1668688832:00223252:00626,cvm,【伊隅】「我们也等得不耐烦了。<0A>我还在想，要是一直没有出场机会该怎么办呢。」<01>,[],layout_only,2c6e5e8cf087e9ecac8cbd18710603e027ddab0091d2d2e7ef9f9c0d7f02400e,4ea1c8f52daa8cb06c2bbbacfd9ba77c4f284704f1174b63be327b2a87b0a90a
pm:vm:photonmelodies11.rio.003:1668688832:00224304:00627,cvm,【速濑】「真的，让人等太久了啦～老师。<0A>我可是特地请了社团训练的假才赶过来的……<0A>不会这样就结束了吧～？」<01>,[],layout_only,e116764343588eec1900cf4179c9ff1f84389b89406986e2a80fe36ca05984e2,24b93eb23a7bb34dcdc508103f0e9c805370a5d1b621a8154dde3417a249d443
pm:vm:photonmelodies11.rio.003:1668688832:00224384:00628,cvm,【夕呼】「速濑～，这是为了可爱的后辈，别抱怨啦！<0A>你自己以前给人添了那么多麻烦，现在打算装不知道？」<01>,[],layout_only,f376e37f0e4beb2f53be941c940a0c556d5acd80f0960eb8afd32cb0400c21e7,7c03760aae8f84934c08164843e1a9da7054186356c79c2525ee419ac61c286c
pm:vm:photonmelodies11.rio.003:1668688832:00224816:00629,cvm,【速濑】「――我、我知道啦～！<0A>您还真是一点没变，真是的。」<01>,[],layout_only,3bb254c4298d7eceb92b45a4ccbcd0d9c3d2de338b7209025d4d36259e0b2cc8,74a2f58a16dc13f4b988bc232e153c7894d2715c0ab6870fe2757782305205c1
pm:vm:photonmelodies11.rio.003:1668688832:00225824:00630,cvm,【声】「――啊啊啊啊啊啊！！中、中弹了～～」<01>,[],layout_only,0fb50349c83d0bf8d489afce06beb385cd563ed485cae510c6faecc56cc71d89,9cc585defef7f659010f5eb6ad9119ec8207bc3d72021d561418be903b2a7542
pm:vm:photonmelodies11.rio.003:1668688832:00226424:00631,cvm,【纯夏】「……呜呜呜呜～～～～！！」<01>,[],layout_only,50afc340df0c0c2aec4433a12e9f55a718fb6c32ff30e9deb9229dd2d09c91a6,bc6c3d73dccf41d2c550a8611fbe3fab3133afa828fe3877878db8bf91f9e8e0
pm:vm:photonmelodies11.rio.003:1668688832:00226480:00632,cvm,【夕呼】「……哎呀，鉴，你都到这里了？还挺能干的嘛。」<01>,[],layout_only,39cf0d7917f6f8783eed7f4ecea618a40eac9038720e8d4414b40b74bfc20c84,d1d43c17ceacbbc9af4e6d5d1cdd201c9b8fb84d2424616fe4688d0df6942489
pm:vm:photonmelodies11.rio.003:1668688832:00227416:00633,cvm,【声】「――伊隅前辈，击倒一人。」<01>,[],layout_only,df66acf7853e89fd07d41326032d8d9ddcdb9ed17a29cfb58f91dd95a2fd0422,4158ca8554ada58b0c7fe3b364984043f179258e216ce3fbb45a71c8277ef727
pm:vm:photonmelodies11.rio.003:1668688832:00227472:00634,cvm,【伊隅】「风间，干得好。」<01>,[],layout_only,0b8494060d0cd93192d5b6782c49e89f247541545ed3ec1194b3119315a5749c,6e0098d9ec8cc4770308cf05673593c758368f8e4a73e10c050c3654a5222e75
pm:vm:photonmelodies11.rio.003:1668688832:00227528:00635,cvm,【风间】「――谢谢。」<01>,[],layout_only,d886fdfc21fb521c475f6d5c6504a46da937fc288f657f84bfd0777eb469f334,6e32b6f2663e51e8c401cfc5468017a00e6972655f471a031f46923fb354a442
pm:vm:photonmelodies11.rio.003:1668688832:00228104:00636,cvm,【伊隅】「我把风间和凉宫留在这里。<0A>接下来我们去大闹一场，顺便解解压。」<01>,[],layout_only,68133395f3b65591bfca411b49ee2188bb97bbe4d58a2e17d2f051f415b1afbb,8305a0386a7c623b0f35a873993c75bd15edafd0205ed99a27991dae8384b998
pm:vm:photonmelodies11.rio.003:1668688832:00228336:00637,cvm,【夕呼】「麻烦死了，一口气收拾掉吧。<0A>你可以把大家都带走。」<01>,[],layout_only,59322a9ae603f8e3d55d3040c2dbc684a7f7159e3a24dedab8f905fbae60817f,eab1458fc23241f356f414abd6e300b5f8410329f0c70f9efdd76fa923ef34a3
pm:vm:photonmelodies11.rio.003:1668688832:00228392:00638,cvm,【伊隅】「明白。不过保险起见，<0A>只留下凉宫。――凉宫，之后交给你。」<01>,[],layout_only,52a548d0d41fe198dee82c0fb3eca64b59aad4bed163762825835d72126c279d,a648f203640f23ffd7da0390bcece7f5a20ba16bfcf20b7e8f441caeb8137446
pm:vm:photonmelodies11.rio.003:1668688832:00228448:00639,cvm,【凉宫】「――明白。」<01>,[],layout_only,c95b8b07891e6ec99bc6be66f2173e0dd0838c8c3b6d01e2df1c44099507ff05,4a11d61a400186b7c205536edbcaa9b6776ed85f3e0e69adc4bcda2c8cc107f5
pm:vm:photonmelodies11.rio.003:1668688832:00228816:00640,cvm,【伊隅】「――宗像，走了。准备好了吗？」<01>,[],layout_only,17d5ed591b315424961e26b4b24b13f3b8210c37c77c55e07a99cc4db051ffbc,e8d73a6aab6b570f659336ba2178da28fd65aacaf832b75812c27b1ebbd56c44
pm:vm:photonmelodies11.rio.003:1668688832:00229128:00641,cvm,【伊隅】「――宗像？」<01>,[],layout_only,4d0799c8ba84b557fe1a5e789fbca53ce6d1962ad98e43b3e2eded4e85491a80,032803f0510f36c209cb421a229aa3f5616ef9661a0358e94084a0c163bd8d43
pm:vm:photonmelodies11.rio.003:1668688832:00230520:00642,cvm,【风间】「那个……美冴的话，我想她已经去 CP 了……」<01>,[],layout_only,72bb410e8e92d7d779e20ebf93c03fff9eb751245473eb0e58114d11b070581b,c3c0086cb30683ff2cee161ead16eb210c4c904eb2f86030501af300e28380e3
pm:vm:photonmelodies11.rio.003:1668688832:00230712:00643,cvm,【速濑】「――你说什么！！那丫头……！！」<01>,[],layout_only,0ca9bc3c8d4698788252130a56e5fd1442e7a5e114f3477c1cb76a101d70cc54,fb5aee11243d2f46c1be57644b5f7cef2026fa518d9832c378c44e613c8eae8b
pm:vm:photonmelodies11.rio.003:1668688832:00230944:00644,cvm,【伊隅】「真是的，拿她没办法……」<01>,[],layout_only,fc55eef6169ba9bdcf7e0112f764873d35c3606819dfb399d346ecc5e13f6ce4,3a8e86f0f3bf77ac4e8a8366da6925171dea1283e91b8fce60cd5c6093bba422
pm:vm:photonmelodies11.rio.003:1668688832:00231000:00645,cvm,【速濑】「――前辈，我们快走吧！」<01>,[],layout_only,8069ff8e85b2bbbc074ad7869c7191e48c38ff53f41680fbfa73fa6ddf250aac,2bd40e3a0a8699fc170d765cc774e1dbe1c868426194b93cfe04efbca0841ba7
pm:vm:photonmelodies11.rio.003:1668688832:00231684:00646,cvm,【速濑】「哦～，你就是传闻中的白银同学？<0A>听说你很受欢迎嘛～～？」<01>,[],layout_only,d5269df69a68e49569eb7f7ec05f21c50ca952c7932c891c14aa4ec1b8c6a112,1c86706060697fef7f70cd93b54fce638a33e6b2d960ee859bdd83d0e2beeaf8
pm:vm:photonmelodies11.rio.003:1668688832:00231728:00647,cvm,【武】「――你、你……到底是谁？」<01>,[],layout_only,297fed221d32031d8270998b4841f6ddbfee4df18ad5942c900a1089aee0bfb4,e65f4403bcbb957356e242cee1d3e8bbc60f03fd6787ac6fae39ae5bac330dba
pm:vm:photonmelodies11.rio.003:1668688832:00232072:00648,cvm,扎乌伯搜查官的同伴――！？难道这个人就是白江……？！<01>,[],layout_only,147e78b588a27ca0f3e7aecd59ef1b2f21c8c3a91b1c1d75f25f5b0a8e50f404,5a4f25e202b4aaadb6eb71a17517a6b5432d330c59487ea5c314aca02640ed2b
pm:vm:photonmelodies11.rio.003:1668688832:00232332:00649,cvm,【速濑】「我是你们的前辈啦。<0A>球类大赛能玩得这么开心，真不错呢～～。<0A>我们那时候可――」<01>,[],layout_only,3a33bf0dee72c52e111f9bc4ef9b0ffd3a1490b3e53522661138f33077ac95b2,b5e9b396e3e6c3b9f2e7fa168698ced4ddb4192a42e930298be26a5440481dc8
pm:vm:photonmelodies11.rio.003:1668688832:00232600:00650,cvm,【武】「――前、前辈也就是说毕业生？可是……」<01>,[],layout_only,7bfbe4406a493a5b66a2568096074ee64ab980b480e5a5dec3754bf3ad84dbfd,45f42f77f0a11989e2484a7d063774f12795eebbc733f4c57383bee884061648
pm:vm:photonmelodies11.rio.003:1668688832:00232856:00651,cvm,【速濑】「哎呀呀，没印象？你不看世界游泳锦标赛的吗？」<01>,[],layout_only,588efb70b318cac10d795d2c0a6d202b14458accf058b47726beaee33e9c4d9f,5d5a3313ff37f4a8df0fb4675999c5cfb089dcdbe6cb89b99e96406f6b18e22c
pm:vm:photonmelodies11.rio.003:1668688832:00232900:00652,cvm,【武】「咦……！」<01>,[],layout_only,6a40fa3ea62e5dcd9d9c64de4ac9fd05ded75fe111767f03c1ffbdfe647fa483,633815b21be9c0218121dbdcba44c7abe19c6d14e8cc11ae5b76c0c945d11ccd
pm:vm:photonmelodies11.rio.003:1668688832:00233132:00653,cvm,【速濑】「真是薄情的后辈呢～。<0A>你们现在用的室内泳池，以为是谁的功劳才建起来的啊！」<01>,[],layout_only,523b000f8e4ecc5be7887dd66e64228ebef68c8524893e99c26ea7e4defb85a1,edeb562f7a88dcb8845f1f7655ebaff70578bc5be05ad4c511a6631a8ca75fb3
pm:vm:photonmelodies11.rio.003:1668688832:00233352:00654,cvm,也就是说……这个人就是……那个，游泳部的厉害前辈……？<01>,[],layout_only,ef0c01b6718958712cd6666b180e69c96f27221cd98a47dfa012da9c2a51e788,572f82c0bc1990adef7310cbbf810a1c9d79bab1ca06ec837811efc188705602
pm:vm:photonmelodies11.rio.003:1668688832:00233584:00655,cvm,【速濑】「算了。那么，白银同学，乖乖待着别动哦。<0A>敢动的话，我可就开枪喽？……<0A>那么，B 班的大将。」<01>,[],layout_only,70220ae1bd206fd23d6f25898206e05a90f2fe64974a22a39773375143d08d69,c6799a0778f189f880f3422d50fe1778ea077e3a9142f1e64be5d28e19e54eea
pm:vm:photonmelodies11.rio.003:1668688832:00233844:00656,cvm,【悠阳】「是。」<01>,[],layout_only,9dca1f718e00ffa26f6e670e0ccbda2a9f17944fd0eaa845a813639477ead579,8385319565b44356c1173c7249210cd37130483aea754ecdb9c57e5b7fe535c5
pm:vm:photonmelodies11.rio.003:1668688832:00233900:00657,cvm,【速濑】「怎么办？要投降吗？」<01>,[],layout_only,3df9aec0475c5b795c52cedccbac9b2f7912618b2e02944c2fde352e015e04b6,ad794d57ef21945120240c6af3fe1988e473544fa9c2df532e4357c4cbdd1b5d
pm:vm:photonmelodies11.rio.003:1668688832:00233980:00658,cvm,【悠阳】「……可否请您告诉我，<0A>我为何必须向您投降呢？」<01>,[],layout_only,8318eae14aa648d127f7f50955df033124f020447306c0da34e06de40de56105,58c98159068fd0fcc169157caa15194bf465dac4e1b6a5c1c797b7982d0afe48
pm:vm:photonmelodies11.rio.003:1668688832:00234036:00659,cvm,【速濑】「我们是按香月老师的指示行动的。<0A>所以就相当于是 D 班的一员吧。」<01>,[],layout_only,8d8dce08459b3cc5cd623412c4ddbd502daec251edc4166be0720624ffc94ded,1d2e27088c0ab7a2f00033bd354fe7698c61128afadaa91dd527da260a93fdbe
pm:vm:photonmelodies11.rio.003:1668688832:00234092:00660,cvm,【悠阳】「原来如此……」<01>,[],layout_only,e79637a3327e067c1236718453c354a4e2fca04f5e5923a3e2375f3f26d56425,eb87e9fcb20a55ac26dac948ec7db806e62a054f46aef1e4a69ba76f3c9f6a90
pm:vm:photonmelodies11.rio.003:1668688832:00234136:00661,cvm,干得好，悠阳……拖得漂亮……！<0A>虽然还没弄明白怎么回事……<0A>但看来这些人也非打倒不可……。<01>,[],layout_only,15bb880a4576664423304688914f3fb1dd4647f285c68bb1cb85bbc57e41abff,5fa1dc9d294accb43ce8368ecc10eab33ceea49dfe8433c8e687cfc90c23ebb5
pm:vm:photonmelodies11.rio.003:1668688832:00234180:00662,cvm,只要能找到破绽拿到弹匣……！！<01>,[],layout_only,5ff9068c7fe5e15a12020b95eb3a4b5c60a4a0d57b6fda30bbb4c11ec7580aa3,6980fa472927924f987c060e7af01fbf841cb143422a84efd2c60fe845364a4b
pm:vm:photonmelodies11.rio.003:1668688832:00234236:00663,cvm,【悠阳】「您的意思我已明白。但此刻，<0A>我班成员想必已经攻陷贵方的 CP――」<01>,[],layout_only,f0d8a9eb90529b84d4b07bc3a70116baec7414a196402ed1ce4c99a625236c0b,07539f9d2156556b680236571d5579ff704b74c51751c7f382581bc81291a199
pm:vm:photonmelodies11.rio.003:1668688832:00234668:00664,cvm,【速濑】「――啊～，那些孩子？很遗憾，<0A>我刚才是在 CP 附近解决掉三个人之后才来的～」<01>,[],layout_only,f0be2177c01ddcdacd211b648cfbfd9e27a2daa00eccce472777a11e14a17931,cd34ede35449c79b3e9cd6c2218626d84ccb63c59d2506b564dca2333f51c262
pm:vm:photonmelodies11.rio.003:1668688832:00234724:00665,cvm,【武】「――咦！？」<0A>【悠阳】「――！」<01>,[],layout_only,29e673cf4bf2e9a2bfd3868c008a0f3802e6a232ea5eea412de16a227f81fefe,04eab088ed0b2b20e0d82e8e22287671805f7e63cf093ba2544600e8e925baae
pm:vm:photonmelodies11.rio.003:1668688832:00234768:00666,cvm,――难道……冥夜她们……？<01>,[],layout_only,759a65037a7f839322bc54f1d63586a10a1d05f9684b36c64aa35150ae601635,a672d84af7cef5cdc768b16242a6f9ce6cd1019bd64042afc59501de1da6b6a2
pm:vm:photonmelodies11.rio.003:1668688832:00234824:00667,cvm,【速濑】「像男孩子的那个，红头发的那个……<0A>还有那个和你很像的孩子――<0A>我记得是双胞胎姐妹来着？」<01>,[],layout_only,1aff273495d44b4cb44a0862acc895cdb9dc28d51015c6e4ebcb06a5a044ab22,8b34f6d74eefce5fa6617d71e7199d5a6d4f8fea4d393f41eeb64e849ecf118e
pm:vm:photonmelodies11.rio.003:1668688832:00234868:00668,cvm,【武】「…………！」<01>,[],layout_only,343a56440b677c807dae01d76bf8a377cccc920b7bbce066aae98131bf9d0cb6,2f6bcfe2502a96082c609ae5710e136c27e66b8657c5d4fd9ca3dc8c84f8ddd3
pm:vm:photonmelodies11.rio.003:1668688832:00234912:00669,cvm,――可恶……！！<0A>这么说，剩下的只有霞和班长了吗……！<01>,[],layout_only,f725e6d36173f5ecd49d97a0ff196f6eabde100f10c616d6a79eb6139aa8dece,df696d252d533e4cd1df32d6899a469b1bb5baeebb834ebe5ae02c4520fb3a85
pm:vm:photonmelodies11.rio.003:1668688832:00234956:00670,cvm,班长先不说，霞老实说算不上战力……。<0A>要是不能撑过这一局……就输了！<01>,[],layout_only,ef5f886b4ebb7c71af12f10c2bea562de7a2dc1fa15db74b8ce4279432287f51,2473bfb40dbd9c40239fd948103e0e19e5af039758d52c6c4a055029d689b613
pm:vm:photonmelodies11.rio.003:1668688832:00235188:00671,cvm,【速濑】「所以呀～，是不是放弃比较好？」<01>,[],layout_only,30056571ee6ddac17cd8e28f272f750807dd032147754430629d14efc3d52a18,0c67de3db925d9f31c2267a190b2ed34331a7124cbec05ff3bb754aaef5aeac0
pm:vm:photonmelodies11.rio.003:1668688832:00235708:00672,cvm,无论如何也要拿到弹匣……<01>,[],layout_only,02d526fbe844197daa607c89a068c43f3faee27446cd4ca60e89eab3b489eae5,3078dea9169773ca9fe61551cbd7c9fdcc3c87e6333a7a66cab83781981a8e2e
pm:vm:photonmelodies11.rio.003:1668688832:00236136:00673,cvm,【武】「――呜哇啊啊啊啊啊！！」<01>,[],layout_only,bf0b988b46033a10489cd82ce810846b739fb90538bb819fa742a83fc6e69905,894ccd8fd91c9a2882be4f0b66f78a68143998c8426ec1f95e32e437283cd973
pm:vm:photonmelodies11.rio.003:1668688832:00236472:00674,cvm,――好险！<01>,[],layout_only,ddd39a0932262471ab9527986e90076383b4dd8e64776f8520a0c057813d7f00,fbf167b8832a5a81cb5a08f638e61b6007652926d11bd0953c8a01113b6c889c
pm:vm:photonmelodies11.rio.003:1668688832:00237004:00675,cvm,【速濑】「――啊哈哈哈哈！<0A>跳起来跳起来――乔姆乔姆……是这么说来着？」<01>,[],layout_only,4596c1fda5d4e110bca7f5f302c1e4b39bbc67acdd6de7039afb48b444ea5a3a,34d035c3add2fc59fbf90719bdcb436aa73fba4a6c74023f8de35789c82c82f1
pm:vm:photonmelodies11.rio.003:1668688832:00237048:00676,cvm,【武】「――我、我不知道啊！」<01>,[],layout_only,321fb274d69ba988bbc33835bf8388e159165f21456a53def05610cb86619dff,7d0900f7f66e489b8e5aa6cb5f9cfef326993bdadfa84bb2e19e4f3e2a576a59
pm:vm:photonmelodies11.rio.003:1668688832:00237092:00677,cvm,――这……这人到底怎么回事！<0A>――居然朝我脚边开枪……是在拿我寻开心吗！？<01>,[],layout_only,a48c56fbeee4a45e25587c2467ab715f8e16e9f33b700b1980005111b794f2c7,f991dcb4846c853515086238ba918f9b599ece91c0ca7091d4782ba26c47eb41
pm:vm:photonmelodies11.rio.003:1668688832:00237324:00678,cvm,【速濑】「――啊哈哈哈哈哈――好开心～～～～！」<01>,[],layout_only,d80c6439e9f5cd74c0ab16c5e6df78c0606d18e1a174aa955f85af0dbabf4b85,8cf93b97c0db36e1a42610b7c62d39f9b24d19d9080c9a3763e738bd58787a06
pm:vm:photonmelodies11.rio.003:1668688832:00238828:00679,cvm,【麻理茉】「……怎么感觉……情况有点不对？」<01>,[],layout_only,67c0a16e60d04e9aa7907b259aaa2b5c6fd361c442802bdd5943dbb0327a6233,e2d71a537806dcb862bc94ce9c85dd74bc180130f346680c292ea30da4168724
pm:vm:photonmelodies11.rio.003:1668688832:00238884:00680,cvm,【伊尔玛】「从刚才开始画面也传不过来了…………<0A>到底怎么回事？」<01>,[],layout_only,ab0c4d60b74c9d516f188a50ad2df69aab116bca900bbce42b221b99609c671a,dc5e2be28c7efcfdd6c6a0cfaf211a6a55575c93bb7e6214381364db7a2fbb45
pm:vm:photonmelodies11.rio.003:1668688832:00239500:00681,cvm,【拉达比诺德校长】「唔唔唔……<0A>好急人……太急人了……！<0A>这也是规则吗！<0A>我必须接受吗～～！！」<01>,[],layout_only,cca716c01b7e0757f50074965dd21977398b0a104e6e5efbcd06b70acc0ec82a,eb17e709aaea48a05436445720bfd2d37cb10f99ff138717d11c960eb6adc2a8
pm:vm:photonmelodies11.rio.003:1668688832:00242012:00682,cvm,【冥夜】「……那到底……是什么……！！」<01>,[],layout_only,30716f71b8904129c7635e65ba590a97fdddccc3dc072fd47676abffe6f633bc,c60b06dfad52e9c61650887c7502c3d3bcb2869d6293ca0fcd97ab3eb8241af3
pm:vm:photonmelodies11.rio.003:1668688832:00242068:00683,cvm,【美琴】「……没办法啦。对手可是香月老师。」<01>,[],layout_only,025f8f8e9b091d39bdf35835ded27f8c7468fe901727e02006b9f1a397f8c642,d2b532080df8a385decec6921682cd904f3a2f9a0ea294d4ab45072f82eb5526
pm:vm:photonmelodies11.rio.003:1668688832:00243204:00684,cvm,【壬姬】「――啊！你们两个都被击中了吗！？」<01>,[],layout_only,688610693fb9d5cb4da5b40ac18b80cd9f07bc4c35c66b44348fdd1d982489af,c40254e29d87c8b440e8d47c6aae48ed59fcc23bc190164387483d0af9d871a4
pm:vm:photonmelodies11.rio.003:1668688832:00244132:00685,cvm,【冥夜】「原谅我……。没想到她竟会使出那样的手段……」<01>,[],layout_only,3bc8e0a6ec89a8a8ee8aa753b3b1944d306e53dbf8415d5264c4b721f3fb77bf,8ad7eba1230c8f5bae582371461cf8faf91faecdda05a2d3247238b805fc6784
pm:vm:photonmelodies11.rio.003:1668688832:00245012:00686,cvm,【慧】「发生什么了？」<01>,[],layout_only,f2206ad893512d926a24c56d4989e046cee9dc97e1d50752de5fb223006ecb6a,e7c52da2051a3a40b13d9589bdbd6130a25c97cff85a8fef9ba7ba4c4876e16c
pm:vm:photonmelodies11.rio.003:1668688832:00245536:00687,cvm,【冥夜】「……突然出现了增援。」<01>,[],layout_only,298bcdf240a016257dcd5d721af86658b71c9ea9e654fcba3cb0e506bd7e30ba,289bb57a4bf17659e33ed057bb0805df412ac069f38da4ec1690a6edf38419c0
pm:vm:photonmelodies11.rio.003:1668688832:00245592:00688,cvm,【壬姬】「――啊？增援……吗……？」<01>,[],layout_only,4756ef369c045e3fb90a0fd343859f7c81a246f7e1b15d708a14954bcb88288a,aa1964ad3c1c7cd77fc95a5318a73c3e4462207c0ffafc5ff49b2a507a6d807f
pm:vm:photonmelodies11.rio.003:1668688832:00245648:00689,cvm,【柏木】「总觉得……也太乱来了吧～」<01>,[],layout_only,e24d82a17c9aed3a9c10ae10029347727a613eca44bc10f6dfff8e153fc2932a,028ed1e108a8bff15a9b864c21d773ebd92bad7ac7eca827f3477c38666733c6
pm:vm:photonmelodies11.rio.003:1668688832:00246304:00690,cvm,【夕呼】「速濑～。别玩了，快点结束。」<01>,[],layout_only,49db6af91e0446b8591b3d19fdd54f31ea56e2aabb916a5c52f75dd771431883,20986082883d64831cbd8e819162ca74859e82091f16f83629e20abb68531198
pm:vm:photonmelodies11.rio.003:1668688832:00246360:00691,cvm,【速濑】「――咦～～！？我可是等了那么久，<0A>稍微让我玩一下嘛～」<01>,[],layout_only,e8db9bec2a2c5af51fd8ab72213062de10f30336abf98c48347a17bd142d5cd9,e1f0e4145d007dfcec7526fba69fa609a73daa9692f51a7aa2b266db085035bc
pm:vm:photonmelodies11.rio.003:1668688832:00246964:00692,cvm,【夕呼】「我说你啊…………嗯？<0A>哎呀，社，你还活着？」<01>,[],layout_only,873f9d6fc253571aa4b845100b66d4289732e2e6fa1aa5c2ca3f1748fdf8629e,a277bb1038ff9c595dd726c612dc526e1843c08360b219eb0577a4bc09769b3b
pm:vm:photonmelodies11.rio.003:1668688832:00247352:00693,cvm,【霞】「是。我从刚才开始就在您身后。」<01>,[],layout_only,c1f1fe63c6370e63a43eecb21732cc4e478f824144477b6d5e403b4912845abc,12830941ea419330291c03f4cfeaf5c1085f0b274c6732286f39a7eaedbcc146
pm:vm:photonmelodies11.rio.003:1668688832:00247408:00694,cvm,【夕呼】「啊，你存在感本来就薄嘛……<0A>难怪没注意到。所以，你要打我吗？」<01>,[],layout_only,b5beffa259759b74e42f71c4f8b20fb7a5274ac6b8b626d49cc2b4261a9d361a,6e9a023009c7bdb39dc206090f0ed5603d938de0b716c669df03e395c1fe9657
pm:vm:photonmelodies11.rio.003:1668688832:00247704:00695,cvm,【霞】「不……。我不开枪。」<01>,[],layout_only,0c04d65e436ead30d8ac96d35e71bed3d1c9c31694ffd1959cfe1861870fee6d,0e3ac223c5cc631687ae3ca2306c9c84e7e42f114cfe599cee2a919c820e9d31
pm:vm:photonmelodies11.rio.003:1668688832:00247760:00696,cvm,【夕呼】「是吗。那，结束之前就乖乖在那边等着吧。」<01>,[],layout_only,70aae7140ba9e38cfe53755ec39f0a2e7c19e1fa8e5dc5b553d0b91b5b7c1a50,7e1a91ef0c51fbe366f200e9bdde9e746098683f748618d59669cc14fa722e9b
pm:vm:photonmelodies11.rio.003:1668688832:00248056:00697,cvm,【霞】「…………」<01>,[],layout_only,ae1d9107f8f518af6cc974f9f2dd86cd5f6b05e10cdcd693676de81bca4abda6,09a1c5c4f3135e6f4548ece4982e45e31d0297b9ec63875c4a72c35e2f926c70
pm:vm:photonmelodies11.rio.003:1668688832:00248424:00698,cvm,【夕呼】「伊隅，告诉速濑快点给她们最后一击。」<01>,[],layout_only,f0be75f43722a363b5ccad8bfa0ca2b9cbbf5a0e56a026059e775bde3d74b125,b2a178b9350d8cf3476b95f2aea2834f28557d33a915ca8b10e0ff4850517327
pm:vm:photonmelodies11.rio.003:1668688832:00248480:00699,cvm,【伊隅】「――明白。」<01>,[],layout_only,be1cab76a1897764a19cd73ff8841b5cd4347b0e913b2b9b770bc6cb6a65c3dd,2e015e8b036eda6a48c2fa23e2d19a9eb03f2772f0d3971274dd3cc77425fe4e
pm:vm:photonmelodies11.rio.003:1668688832:00249912:00700,cvm,【夕呼】「――？什么？」<01>,[],layout_only,364dffb7cda91efcf843d524fd9d1da89ea136012059ed361017d3d77fdc90c3,bd1bd79fb1f967d73dbfcac90f7917238d68cdc130e9430e1c400655169884e5
pm:vm:photonmelodies11.rio.003:1668688832:00249968:00701,cvm,【霞】「…………这样就结束了呢。」<01>,[],layout_only,e28c2fbf123d3e42f5dc8d3fac31b8a054b9345addc7d49a0ac9e8a6fc9f8699,8be11b9c8b389bdb3abaa26764fd08f0370cc9ae1e74d3d814fc022eb521520a
pm:vm:photonmelodies11.rio.003:1668688832:00250416:00702,cvm,【夕呼】「呵呵呵……没错。」<01>,[],layout_only,d18effc108f7ea5934da82526e75a486e079837cb16cf26e7e7389af48f5a395,61add8aa05fb984ac40ace1b30d0a2072b5fdaae5f6cc0b1be2fac140845c431
pm:vm:photonmelodies11.rio.003:1668688832:00251044:00703,cvm,【伊隅】「――速濑，开心时间到此为止。快点结束吧。」<01>,[],layout_only,3f7c1433a0fa83782b888f80e77e3784d8c676757f1a90066a87c433796a4a1f,523dbc1ee497fd350d032cc127f007779564ed5d962e7ab39cd614b678f93c0e
pm:vm:photonmelodies11.rio.003:1668688832:00251276:00704,cvm,【速濑】「可是前辈～～……」<01>,[],layout_only,85115389fed927b6c50c1ebff2b3d9a3610f2fb7c1c281ccb218940ee845d93c,0c436576cbd95f2a4296060267c8135f8f51fdfc0115410f5975689ca417e3e4
pm:vm:photonmelodies11.rio.003:1668688832:00251332:00705,cvm,【伊隅】「差不多够了。」<01>,[],layout_only,0a423c02151eddf5114c9bcb209afa33cf9a8b19dc59ba9e2c6dd7d5ec37bf04,4d886abac03a5469d0e4d8ad85874103b692bd72d0e79ce663b06c3075f22e0e
pm:vm:photonmelodies11.rio.003:1668688832:00251564:00706,cvm,【速濑】「好好好，我知道了～」<01>,[],layout_only,6b9885f25b97b019a66bc3bdb408dd618d8eac0bb3733aab0e157370cd95fccc,eb87c447079ad5cc2e7f1310702650db461e179f66e07b19eff1d576c2251f26
pm:vm:photonmelodies11.rio.003:1668688832:00251756:00707,cvm,【武】「……咿啊啊啊啊…………」<01>,[],layout_only,0f42178e733daf249cf3112248e899094fe4db2c46e1e7f78a6e45cac0375eda,dc6a0a46f1b3323686dc17c3d1a55e7f420bdb7e4e1a7a1646927ca1de4355ea
pm:vm:photonmelodies11.rio.003:1668688832:00252180:00708,cvm,【速濑】「我再问一次，投降吗？」<01>,[],layout_only,61a99b37f9968e8818882a3c995a8559b912a2eda33970da012dfc3e78ad1d37,ef78602ade379e2882f5583a5537966a6ac34edf65003bbfed86fe3db5e2210a
pm:vm:photonmelodies11.rio.003:1668688832:00252236:00709,cvm,【悠阳】「…………」<01>,[],layout_only,cf8055a2bf7ca517121f0df4f6e9cb27cfb09e51c2a729ceabd2ff965136eedd,596cbe5acd9b31ef237a2ad0643688ea2ec23e26e6262f3786f2c9204fba795c
pm:vm:photonmelodies11.rio.003:1668688832:00252468:00710,cvm,【速濑】「哎呀呀，还挺顽固呢。那……做好觉悟了吗～？」<01>,[],layout_only,5fc3dda5dc1410ef460457b695d336bf38d08b425f7e74e08d465e4cf4f15f76,50f49081a3e387115599d27f70c6083cd39a977ff836cacde81ef4cea2f0e5ea
pm:vm:photonmelodies11.rio.003:1668688832:00252688:00711,cvm,【武】「――等、等一下！」<01>,[],layout_only,8b088c76c3276559151844a4a837e12ad281e7324ef19197569f97cb1efc4e13,0945b0236836dfeec4dd88ed670f94737bc6f7fef12326b718686756f991a4f0
pm:vm:photonmelodies11.rio.003:1668688832:00252920:00712,cvm,【速濑】「干嘛？你对前辈这种说话方式，<0A>是不是有点失礼？」<01>,[],layout_only,c1fdfdca05e91b64a5312eb6aa32f1a7ee55ec1357023b2d5089c38448b267a7,ea3d79363d5eb3d9f8e46990f894b30386444adf03737b7564d810f36a5775d9
pm:vm:photonmelodies11.rio.003:1668688832:00252964:00713,cvm,【武】「――我、我知道了，请等一下！<0A>总之这么近距离开枪，也违反礼仪吧！」<01>,[],layout_only,70a4ea4264c097618e36efc6b4861e3bdd86b9043efcc4e75eff4acba8491cd8,ab18fa6f46b1c2ecbfdf25cd731d80cf5b34c589711b87d16edaf212a1662fd5
pm:vm:photonmelodies11.rio.003:1668688832:00253332:00714,cvm,【速濑】「是吗？那……好孩子不要模仿哦——！！！」<01>,[],layout_only,f4524fbdc4fa59e08cc75655937d73bcccc44372f06348405e35b1911b9a80ba,0fc184c3a9c70574d2e4c5976e148b87b13b121f77f9fe60a85b2bc560165140
pm:vm:photonmelodies11.rio.003:1668688832:00253688:00715,cvm,――真的假的啊ーーーー？！！<01>,[],layout_only,940b609ab4e1f33cfa735e3f9a3cc97afeb94310152f431e1193a9d8c3610327,7153e2ca3a95351b3bb5ea1a5c5e31a94c3272199e42ae040c7396ca2e6530a8
pm:vm:photonmelodies11.rio.003:1668688832:00254180:00716,cvm,【武】「――悠阳，危险！！」<01>,[],layout_only,51985969cc793e533bec16203b5343c990cfeed75a409f9e7dbbfe1a0a919b8f,eb0a3fa9f16422230e726278557609d0418936837735f575d46b03dc408d15f3
pm:vm:photonmelodies11.rio.003:1668688832:00254980:00717,cvm,【悠阳】「――武先生！？」<01>,[],layout_only,3f0e6b6fa9dfebdbcf95f897f6edc55d0cabbcdef953386889f15f3ce6f4d49f,972e15b4487d006718c79e7ebe1c1e83d0d1f6735a4f8704ee12f8f43ef72751
pm:vm:photonmelodies11.rio.003:1668688832:00255408:00718,cvm,【武】「――疼疼疼疼疼疼疼疼中弹！<0A>中弹中弹中弹～～～我都说中弹了吧！！」<01>,[],layout_only,80ec1a338a82463dce4ac3a8441d37c5ea1911b701bb0a2017a37e40c87209f8,70e5089ddbff9ff92de22505442f7a13cb98301af541c971290b82585b1f2095
pm:vm:photonmelodies11.rio.003:1668688832:00256236:00719,cvm,【速濑】「――啊哈哈哈――不愧是白银同学，<0A>真帅～～！行动完全和我预想的一样！」<01>,[],layout_only,b41f8b77f618b683bd7f6de10f6efcfbccbe0781f1523ce1bd0648667134e48d,3fbbeb73fef5062d349f76998cc9136ecc9497a614e3758f4c81f52d7b71552a
pm:vm:photonmelodies11.rio.003:1668688832:00256292:00720,cvm,【悠阳】「――请住手！我投降――请住手！」<01>,[],layout_only,e4f9a4819e100760e3b0613733a81d2eed6015fd5f4db6addb3bb58be0474351,9a661e9f065dfc3feec1213a4e3da5e6e3329b74ef32d86c4bf22c5fcba9c2c4
pm:vm:photonmelodies11.rio.003:1668688832:00256960:00721,cvm,【速濑】「――好，比赛结束！<0A>――前辈，我是速濑。B 班的大将投降了。」<01>,[],layout_only,adc489ac356f12b6d6507a001be81dfd2968035c443c82912fac61d9038e8a98,180cbb15f3cae64353d7461829e23b94dba367cd16a14ac2addd26f0d156f00e
pm:vm:photonmelodies11.rio.003:1668688832:00257040:00722,cvm,【伊隅】「――辛苦了。那就马上回来。<0A>监视系统很快就会恢复。」<01>,[],layout_only,53c986452812513199b0a1c2e31a483527edbababbb21d4afac8acbc1083b16a,e83a455cf9af72710dd991c5cefb7445373b71b093678d27a460cf1be3eee64b
pm:vm:photonmelodies11.rio.003:1668688832:00257272:00723,cvm,【速濑】「其实不回来也没关系吧～？」<01>,[],layout_only,90ad6c8fdc128f9cd9ed3cfda6a749ad7fbb8e20cc73c90381f57b053786d601,66729be5ed46e4dbd2015b8d4318f3f901ac93cff747de5d1c76b705a4098125
pm:vm:photonmelodies11.rio.003:1668688832:00257328:00724,cvm,【伊隅】「别啰嗦，快回来。之后交给香月老师。」<01>,[],layout_only,60858cf0b66082d70c9db8174344933c1919040cf22cdac4de4a43d1ae8c1438,f3bee1930d0db1197d6480474ad43000cbd8a5cf659c9a0dc25cc36fe9b3e519
pm:vm:photonmelodies11.rio.003:1668688832:00257560:00725,cvm,【速濑】「好——」<01>,[],layout_only,a71ac9f3e08c8afc6d68c9278c32ce33a4bbeb7ce69debbe974ea076d4218f73,32f43b67362656208b3e18a04667f3e213d9e9eb2b40be0e0f96643f1b9741c4
pm:vm:photonmelodies11.rio.003:1668688832:00257604:00726,cvm,【武】「疼疼疼……」<01>,[],layout_only,5fe142fecc7a9f845c3ebe2b389904e1df8acb06e67076d7d459cb5109edfc06,185d5cea8f428241bb77bf7609c02e581a07f21b33720eb83b245ccba4a6fce2
pm:vm:photonmelodies11.rio.003:1668688832:00257836:00727,cvm,【速濑】「――那拜拜啦～白银同学！<0A>你刚才很有男子气概，很帅哦！？」<01>,[],layout_only,ac7bae925f7d82d15f12534c964f71e8d9618ad1a377561dfd02f29e1eb1d6b8,0c8276705a2dedcc104bd70197c9fecf7c9a64aa9d4633ce31deb6ec2fdc7b53
pm:vm:photonmelodies11.rio.003:1668688832:00257880:00728,cvm,【武】「…………」<01>,[],layout_only,770975bc8d76964cd0683d1a3ba2ec947971272f34819d29aa5c66d3964a88d7,6a17c608647a040376434d02fd50f1e4124a141fe417bdc98ba4d3f27bdee35c
pm:vm:photonmelodies11.rio.003:1668688832:00258112:00729,cvm,【速濑】「……真是的，真让人羡慕～～」<01>,[],layout_only,e7eb0e22e08314fe878b34330b8c45d815e4d0f1c4ed47d6bd863838a52fcb4d,92b6bf73b939bd3a850b6fcc27c17d8ce765750d82d6ba088c7cd19f6a7a49ef
pm:vm:photonmelodies11.rio.003:1668688832:00258168:00730,cvm,【悠阳】「…………」<01>,[],layout_only,cf8055a2bf7ca517121f0df4f6e9cb27cfb09e51c2a729ceabd2ff965136eedd,596cbe5acd9b31ef237a2ad0643688ea2ec23e26e6262f3786f2c9204fba795c
pm:vm:photonmelodies11.rio.003:1668688832:00258396:00731,cvm,……那个人……预料到我会去保护悠阳了吗……？<01>,[],layout_only,c9b6b058d9f5f782952f2cb1aa5bf293e6dbf9cf9dcb8c56ceb21ce5681729f9,cbd5f7e98dbb8df62659bc9b911e28e6ea67dc83263f78e43abc82f0db4459ee
pm:vm:photonmelodies11.rio.003:1668688832:00259096:00732,cvm,【悠阳】「武先生……您没事吧？」<01>,[],layout_only,4e23e281dc867cfacbd2700ea4f9ef19ee23842ff9dc193659fe9e6b6a3a30aa,14af03a03076a6937fd3684a5e80fb91cbe76f37ed2a3c5fb473d6bed6074e5f
pm:vm:photonmelodies11.rio.003:1668688832:00259300:00733,cvm,【武】「啊哈哈哈……跟训练第一天那次集火相比，<0A>这点根本不算什么……！」<01>,[],layout_only,1ed7ec7541ea53d369461e9d8bfb131290e4845fb1f75d1eea2abed0ef3064cb,a7169fa3a59a845a7dac3b179e480b19d5faa901eea50dc3476482fb12eb3a7b
pm:vm:photonmelodies11.rio.003:1668688832:00259596:00734,cvm,【悠阳】「……我，投降了。实在抱歉。」<01>,[],layout_only,c71e7985661576a5f27d4edf2c81762aa6c43920ddc484ead34a455414be9680,fe8a09dba673bc562cff1136829be00e68cfc41dcd4c2918db0d1a2827c79eba
pm:vm:photonmelodies11.rio.003:1668688832:00259640:00735,cvm,【武】「没事啦。刚才那个人的前辈好像也在，<0A>只剩班长和霞的话，<0A>老实说，落败也只是时间问题。」<01>,[],layout_only,2e17ab29939b7886faa9da21333f451c5ae3f866bf4f4c38129b980c797bff61,d121987edb3be8c49266ed98b6776e226585e472b566bb294e9dc56d9fb31cf3
pm:vm:photonmelodies11.rio.003:1668688832:00259936:00736,cvm,【悠阳】「…………」<01>,[],layout_only,cf8055a2bf7ca517121f0df4f6e9cb27cfb09e51c2a729ceabd2ff965136eedd,596cbe5acd9b31ef237a2ad0643688ea2ec23e26e6262f3786f2c9204fba795c
pm:vm:photonmelodies11.rio.003:1668688832:00259980:00737,cvm,【武】「再说，她连投入毕业生这种手段都准备好了。<0A>根本没完没了。」<01>,[],layout_only,f3f6280a967abf97df4c7a58c43e50cfe83de6b8b03756706a9a698d7eb2ae1f,68ce7f2f663b9c1b86a2d7b4e487a67658cb12dd9f00985ad0067d29971cd3b6
pm:vm:photonmelodies11.rio.003:1668688832:00260352:00738,cvm,――决赛结束。仍留在场地内的选手请尽快前往安全区。<01>,[],layout_only,d96f7ccc73911e922c3a7782c9402c2e99219afdef7b0d17aba83c2b59baf4cc,0009999bf0156b768567fce802f90836ec0dc4ff9250564932f9294737697d92
