binding_id,kind,translated_text,cn_annotations,review_scope,jp_utf8_sha256,en_utf8_sha256
pm:vm:photonmelodies11.rio.003:1933169644:00001028:00001,cvm,……。<01>,[],layout_only,a8c0841fada26437e06edf4cc99a2f89302a31715e6fffabf09bae04dbbc9a80,8b9838ce3d87979c99406185b29994e51c8853c86ecd9f0c3a80843c34808661
pm:vm:photonmelodies11.rio.003:1933169644:00001124:00002,cvm,…………。<01>,[],layout_only,efa30788584cfea7ade60ccc37d7fc6cda943e64935eb133252c341159e58e05,0b3d7aae4004dc9b91522cf9245f879b48b6a3b3d3c28ecbba043ba8207a6df9
pm:vm:photonmelodies11.rio.003:1933169644:00001680:00003,cvm,…………。<01>,[],layout_only,efa30788584cfea7ade60ccc37d7fc6cda943e64935eb133252c341159e58e05,0b3d7aae4004dc9b91522cf9245f879b48b6a3b3d3c28ecbba043ba8207a6df9
pm:vm:photonmelodies11.rio.003:1933169644:00001724:00004,cvm,【武】「哟……冥夜」<01>,[],layout_only,67dfba5a51c1b6a5022a766b35ae52f5e29cc877db97ff80f5b9fb08efda19c2,3703ef1d4120916403899a8230003fa7ffb11eb9fbd793757235ab9d140f1d11
pm:vm:photonmelodies11.rio.003:1933169644:00002104:00005,cvm,【冥夜】「把你吵醒了吗？还请见谅」<01>,[],layout_only,ff3c037a910aa9209201cba71766cc144c187939dee1428d2027b0e024043f2d,6b0bb11015f50992ae1a1539026bd36c22aefa2c7e6e4f1f8444e1ebcad61a91
pm:vm:photonmelodies11.rio.003:1933169644:00002148:00006,cvm,…………。<01>,[],layout_only,efa30788584cfea7ade60ccc37d7fc6cda943e64935eb133252c341159e58e05,0b3d7aae4004dc9b91522cf9245f879b48b6a3b3d3c28ecbba043ba8207a6df9
pm:vm:photonmelodies11.rio.003:1933169644:00002192:00007,cvm,【武】「不，倒也不是……不过，你在干什么？」<01>,[],layout_only,d106ad738dc5140248b032c92a98268dfe89798dbed8ac28641424c76406dea6,37a18d2e3dafd91abacbbc109567837a404648db18235b13c3d37f8e76592699
pm:vm:photonmelodies11.rio.003:1933169644:00002572:00008,cvm,【冥夜】「没什么，你睡着时被子掀开了……不注意的话会着凉」<01>,[],layout_only,0d8addc9638f102e48943925cc5a3924bdfe947f7d25028cd16daa263ac57dde,40b92769509c927a99eff1a212b55a1c3f0cdd2bd20ddde4dfec6b856bb37733
pm:vm:photonmelodies11.rio.003:1933169644:00002616:00009,cvm,【武】「啊，这样啊，麻烦你了……不过，我这就起床。」<01>,[],layout_only,61bdab31fd56a78560129ea8f51ee4c191a5aec3d6b4acb5dd6c3a1e672d0bea,7f42433be85bf51a93ac5e5bc24f931f5ca7ffd9e1008a4ead8cbbc17be2fdaf
pm:vm:photonmelodies11.rio.003:1933169644:00002672:00010,cvm,【冥夜】「好」<01>,[],layout_only,ae96c35712d7feda01376966f506ea4fccf1cd0d6047028ef13b5da2e5baef9f,1bd722d39ee6fc5420ed7f0c0123fe29262b3c83e68925709a04aa33ac510e14
pm:vm:photonmelodies11.rio.003:1933169644:00003228:00011,cvm,【冥夜】「但没关系吗？我想再睡五分钟也来得及」<01>,[],layout_only,571edab5fc0a95e11990a6a81d326bc91cf946d6cf07321fccb185c1f38985d7,56d1cb65984459d74377e3fc65e51d9d418eff7e6bb9878867d21783e28d9ed4
pm:vm:photonmelodies11.rio.003:1933169644:00003272:00012,cvm,难道说，她是为了那五分钟才帮我盖好被子的吗？<01>,[],layout_only,2c7fc2d4e8a5d9ebf948b28b4c81d3ec664c4210d959185581ca23ca822fa57e,767d1916669976103650ff6477b15dbc58aacd277f893df8a2f452941ac29d17
pm:vm:photonmelodies11.rio.003:1933169644:00003504:00013,cvm,【冥夜】「……怎么了？」<01>,[],layout_only,ad69caa0a3429e27c29f894d13fcc611d90eb9cd80f0e41f1c92e1a1402a3cbb,bfa68cd539909b66fc422e01871b45da708a65c4b5a87b732b0b56abc0b1c5c4
pm:vm:photonmelodies11.rio.003:1933169644:00003548:00014,cvm,【武】「啊，不，没什么……对了，纯夏和霞呢？」<01>,[],layout_only,dc56d6f79e9cb812ea71d66660f80cfd72a1f55fb98aeaf5e238e60c57464682,156d3fbae6d0cf6ebe635c7d20f0456943fc33760537d423475f334b04a1813f
pm:vm:photonmelodies11.rio.003:1933169644:00003780:00015,cvm,【冥夜】「今天没来」<01>,[],layout_only,9185e6537922d45edbb371ebc7abd4e03a1330233ab58efa4ea5c85242571c55,cc9083bf0ccaddedd25272beaf598fa299fe17c892e77e23c775f45b8dbbeeeb
pm:vm:photonmelodies11.rio.003:1933169644:00003824:00016,cvm,【武】「怎么了？睡过头了？」<01>,[],layout_only,1643ffe4eaf3afeaac4cc7cdf87eed17889acd81a5d3a041705c728488f4d920,8f52e99404ca466796dc8c3ed1dc82affd9fb723d675135309a78e7d0b86273d
pm:vm:photonmelodies11.rio.003:1933169644:00004056:00017,cvm,【冥夜】「今天我什么也没做」<01>,[],layout_only,9bb1b03da67d8826c6846e461014375c1038b96fbd41a5d6ddd4191c13d9c6bf,bdd5331014e2053fb2fa34a11701a76328049e8390df5f8ac6b5a5e92a064082
pm:vm:photonmelodies11.rio.003:1933169644:00004100:00018,cvm,【武】「这样啊」<01>,[],layout_only,d997d228646736b3d85a421d6596fc34c564b123d275f5ae265a9edda54259d6,89eff0d62f9dd8e5fad06175218ff4e18eb3ce3483ca5e8787e937cc64c0db0c
pm:vm:photonmelodies11.rio.003:1933169644:00004144:00019,cvm,是啊。<01>,[],layout_only,ff796e0c0530d1a2900445a674f0581154034904f8f46f966de896caf20d6f6b,6c80f7f65be228ae90e9fe181bda60153107d5f313464f7e064ab27b3ff40ded
pm:vm:photonmelodies11.rio.003:1933169644:00004896:00020,cvm,冥夜她们那些动不动就用链锁，<0A>还有新开发的隔音材料之类搞的妨碍行动，已经全被我叫停了。<01>,[],layout_only,18c9bc2aed93995be6f4c4aa43347bab812c27113319c794b8fc5d55954ca812,cdb52aed824157ef71be67ae9220a3aa0b3663d81def8e8590491a3c4ad54e1e
pm:vm:photonmelodies11.rio.003:1933169644:00004940:00021,cvm,……这是出于关乎我健康的迫切理由。<01>,[],layout_only,914dec06dff20808d1f1dd0b84b903d4cc0c294793492d06d4973215eedf25e0,022700f344dfc5f9039284ddb9dec5491499b6e07343dc98431048ce284c0347
pm:vm:photonmelodies11.rio.003:1933169644:00005164:00022,cvm,当然，冥夜和悠阳睡在我旁边，也一样禁止。<01>,[],layout_only,769c5b66e56c7d66b2bc1fb2d997b0d7f29edf940143f1e9615e0b7a47e56b7e,eb2ea26a8c1b967d7100cf22f33bab4e15adbae4512c32426530fb34b278dc9b
pm:vm:photonmelodies11.rio.003:1933169644:00005208:00023,cvm,天天早上，又是心跳骤升，又是听纯夏的怒吼当闹钟，<0A>无论对身体还是精神都非常不健康。<01>,[],layout_only,ec4caefa6eb6d3ec036417d08bbc219a8d46691d47a1605a72b6320b51a62857,12bee7970fb6e285a7029775ee0d57c78b255d95d0cfbdb67c93eea7b32a6e37
pm:vm:photonmelodies11.rio.003:1933169644:00005252:00024,cvm,又不是读了就会折寿的报纸，<0A>再让这种事天天重演，我肯定要少活好几年。<01>,[],layout_only,51c5f81341c8f998ad6924f9547e4d6b747cc4499409f28ee6618878cd94590d,a40bd9be4b5a9a0fea24f129efcecaf602167f4c73d852523afa24235ce28725
pm:vm:photonmelodies11.rio.003:1933169644:00005608:00025,cvm,【武】「那，她果然是睡过头了？」<01>,[],layout_only,a359fc37c4a602581bb1c88c02cde32f8c2555578067fa498c32c4a5ceccdc1a,aa61a0e3910515258d1f9db13b908d68dd224f0d778a7c2e6f7d4ab8be76f089
pm:vm:photonmelodies11.rio.003:1933169644:00005664:00026,cvm,【冥夜】「这就不好说了……房间的窗帘是开的，但里面没人」<01>,[],layout_only,ff0d8d503967e3e0e1094f660bd2ba8ae738567bc58147b6d35dee78d2a128b7,191cade99529debbeb8db4136634e1351f011fd7060c7742948ced7d64eee0bb
pm:vm:photonmelodies11.rio.003:1933169644:00005888:00027,cvm,【武】「…………」<01>,[],layout_only,770975bc8d76964cd0683d1a3ba2ec947971272f34819d29aa5c66d3964a88d7,6a17c608647a040376434d02fd50f1e4124a141fe417bdc98ba4d3f27bdee35c
pm:vm:photonmelodies11.rio.003:1933169644:00005932:00028,cvm,不对劲。<01>,[],layout_only,9ce9933cbbaf7d4273fe54b2045980b5a4d6bb7669225c704772254e4af0540d,52e86c77a51ed4f62d5b9f59aeef8ba15a01d8a63c43b420c288e122a74a6738
pm:vm:photonmelodies11.rio.003:1933169644:00005976:00029,cvm,纯夏睡过头，这并不奇怪。绝对有可能！<01>,[],layout_only,6c2b524e260428a13a046d87ca1351c9a58651990013a02421bbf99084b6fd90,458bb841775305f70f4675b6f6ff73083e735fc71ac226c6eabac27e9d3573a3
pm:vm:photonmelodies11.rio.003:1933169644:00006020:00030,cvm,可是，霞睡过头的话……大概、肯定、绝对不对劲。<01>,[],layout_only,0f6113503f212f5273315d60517f126bd461826cd44c620bfa5bc75cfd08e866,3d82a9a4b97cdb295a127f0a7f5393b19cb994103c74d3609695100b7537b893
pm:vm:photonmelodies11.rio.003:1933169644:00006064:00031,cvm,而且，正常起床的霞会把纯夏丢着不管，这也很奇怪。<01>,[],layout_only,a062c3d1e5465f75c0c2039e00eaba97185c2220be9a732a23545be56b39e4e0,eec47d81936a4b1d9d94ba6f3bb0580efe9e6e34541f9cb87488eff19e0e4004
pm:vm:photonmelodies11.rio.003:1933169644:00006108:00032,cvm,…………。<01>,[],layout_only,efa30788584cfea7ade60ccc37d7fc6cda943e64935eb133252c341159e58e05,0b3d7aae4004dc9b91522cf9245f879b48b6a3b3d3c28ecbba043ba8207a6df9
pm:vm:photonmelodies11.rio.003:1933169644:00006464:00033,cvm,这么一说，今天整体上是不是有点不对劲？<01>,[],layout_only,73beed1e2ea92b15e7d837e43da48725cfdd64109e2a6d88801283111e60fb4c,01f57cccb6cb679b3d8891ea64d98062cb8937a728de78a3293207a79655d54b
pm:vm:photonmelodies11.rio.003:1933169644:00006508:00034,cvm,怎么回事，怎么会这么安静…………。<01>,[],layout_only,723566eedfa04c579b29c49e85b82b5b6f964b3a526f1a8d2c8bb99c5861e8f7,24b9add3dd8873de12df41a455ef2d3f69eefaba033558a8fa8854deaef230e8
pm:vm:photonmelodies11.rio.003:1933169644:00006552:00035,cvm,月咏小姐也不见人影，那三人组也不在。<01>,[],layout_only,ac704d5b7c0d1611c5230ac12e0c5d25e85ae29433eac41a4aa0488249ad8594,985162a7fda58f9fa72b2d7fa3fe96da8c90041df6fd7f51fc8373b002c93720
pm:vm:photonmelodies11.rio.003:1933169644:00006596:00036,cvm,【武】「月咏小姐她们呢？」<01>,[],layout_only,a3fe58f89c676ffdc3eb345b2baa36921d3060a6b1a6837f9c9331fa7293e8c9,33de4fa31bc5be36bd3b2c9a510cc79a6e7098a0f5cd365c9ebcd2d3dde1e49d
pm:vm:photonmelodies11.rio.003:1933169644:00006828:00037,cvm,【冥夜】「今天因事外出了」<01>,[],layout_only,ab22206dd57c9eeddd0854ebd8941df87c53de6fba6d8827b34575d5862bcc39,9727d02a817428981e87f42999459ef5d60f559f5adcae1e166eff729f048222
pm:vm:photonmelodies11.rio.003:1933169644:00006872:00038,cvm,【武】「有事？」<01>,[],layout_only,ffaf4983f4809bc377986060e5e0a11442905c6463a21b28202e13201d3286d8,1278df21380ac0b05629aea9b12585b383a97ee07a5855419b4ea132d72b4165
pm:vm:photonmelodies11.rio.003:1933169644:00007104:00039,cvm,【冥夜】「是。应该没有什么不便才对……」<01>,[],layout_only,b3616f8d3abebe0bde1549b61aad0fa3be2061b1d1014d0b9a028f687021ca2c,7dd517320c34f04515804887ee97019346f0760e00e3cb8ed2f975332a3650e8
pm:vm:photonmelodies11.rio.003:1933169644:00007148:00040,cvm,【武】「嗯，也是……」<01>,[],layout_only,7b0e184ded6e0fc91b2248b1f613101741eafa8d3b7aa55c64c4e72d067f219e,c8088e8dd6fe53d78588749f893081f1e4c49b62e826b8880dbfb603486d2521
pm:vm:photonmelodies11.rio.003:1933169644:00007380:00041,cvm,【冥夜】「有什么问题吗？」<01>,[],layout_only,21eb9cdf8bf1839df3327a1b954b42d770164450e41346c809029a2d7e55a5b3,45df39eb071b1cad13dfa97e3a25e5f0f5220aebe06a5452cfdd0e8db4dcba05
pm:vm:photonmelodies11.rio.003:1933169644:00007424:00042,cvm,【武】「没有，没事」<01>,[],layout_only,298fbd28aec4234dd73b5d70ee14001a344581324515cc1116ee3e1decc1de41,a73e8b5af20593e8920d36243f7b011419c79e35c27681157c465a79383ce75e
pm:vm:photonmelodies11.rio.003:1933169644:00007468:00043,cvm,其实还是有点麻烦的。<01>,[],layout_only,d0c0849c7cd782514a37a4730da962f6cee55e1e538c55d0fa0ae4e37c7d84d0,16326a6dcc9a1875e32051e7b0c079af3ae26dd9c9354b14dfc7ec55f69cded9
pm:vm:photonmelodies11.rio.003:1933169644:00007688:00044,cvm,纯夏那家伙，<0A>该不会把明天是悠阳和冥夜生日这件事，给忘了吧？<01>,[],layout_only,b7a9ffa0f36f2f2a2da90c43d448e23334ccc059111bb0e1f200e56d1759c062,45a6e461997f28612e95c01c4925278adcc9a2ef2f8321ecaf65e607f93b7fbc
pm:vm:photonmelodies11.rio.003:1933169644:00007732:00045,cvm,不过说这话的我自己，也是想起来又忘，忘了又想起，<0A>如此反复，最后还是一直忘到今天……。<01>,[],layout_only,6adfc5a8918048742c1cb5876d27453c8d4eaaabf4136a4be79b0579d428e053,4fe24598997a09eabde9c732676a198b79eede12c721d91e8ad7d7a147855c51
pm:vm:photonmelodies11.rio.003:1933169644:00007776:00046,cvm,不过，我就是觉得肯定会这样，才特地告诉过纯夏，<0A>难道连她也忘了？<01>,[],layout_only,7b32ddfbb6f37096ddd43d8aeef086371763eefd04aec9e473c5b427d5f4a192,648e4a1cff7e836bf679d4eb87774d12d80829163b8f3b0af5f168028725cfb4
pm:vm:photonmelodies11.rio.003:1933169644:00007820:00047,cvm,就算现在赶着准备些什么，这种事也少不了月咏小姐帮忙，<0A>可她偏偏今天不在，可真是个不小的麻烦吧？<01>,[],layout_only,bd1958af6d41e3542ffb8e7971cff1bcac8d56bbfe413290867fd16cdcde50f0,89ccab6e7b00f8a7a2e4f8afb1f3c49c56e521789f775402511e24e240c13e64
pm:vm:photonmelodies11.rio.003:1933169644:00007864:00048,cvm,【武】「啊……不，可是……」<01>,[],layout_only,2f01da5cee47586c7524dd2542391c2bf1612b522ddd7eb171c4d2ec19a3c885,ed4006097d833ee20f47745b305ce2beb6529a55aea88c512c99ccdf80b1c3bb
pm:vm:photonmelodies11.rio.003:1933169644:00008096:00049,cvm,【冥夜】「怎么了？」<01>,[],layout_only,5423fc5836912562ba724c83bdedf02ca466f4320d3b2d1d5c27297643b1cdc2,1a8ac1d1dc2e123a8cf1b7c1ad72c18c6e28e7b08607a654759ec41b774e8517
pm:vm:photonmelodies11.rio.003:1933169644:00008140:00050,cvm,【武】「嗯？没什么」<01>,[],layout_only,710fb9fd684e0574f51e306f0d0b15a6815193c298f3165d5ce740b6e315d829,10f1efce9d3ec61217fe1725024f2ebee88d7a7f18469897e0350298e7743ada
pm:vm:photonmelodies11.rio.003:1933169644:00008372:00051,cvm,【冥夜】「莫非，你还没睡醒？」<01>,[],layout_only,1ecab17a21d9b432d8c3648934fbd6e9dc7dee8ecd36414828962ded86dca219,cabcc43f7740207ed00a9a35c62f780c8397fb8c843663628334f6f8fc19b011
pm:vm:photonmelodies11.rio.003:1933169644:00008416:00052,cvm,【武】「……也许吧」<01>,[],layout_only,091f810390e3db792843ecde851011a538f58c2f45994aee6af16913c97523ac,fe336aa17521aa65e789ac686c43ff287556b5c300c9c1e626d1070bcd86cfe3
pm:vm:photonmelodies11.rio.003:1933169644:00008636:00053,cvm,我刚才还想……纯夏和霞是不是因为这事才不在，<0A>可如果是那样，不叫上我就很奇怪了。<01>,[],layout_only,7e32459a12891810fa773c937ae3a6265db5aaf892b303df3f1c20014567b4ca,88555ed9a2456e2883f87081c50f12d930c3ec3275b62935427d69a00af01df2
pm:vm:photonmelodies11.rio.003:1933169644:00008680:00054,cvm,果然还是搞不懂。虽然搞不懂，但我知道事情有点麻烦。<01>,[],layout_only,f39306b0e0c2dd0fbe4de8335eeea713e739148c338850be5061703a959f0a71,cc6425c4a2786af8df52c8b8f89eb6f636e112e32dcddaab11875957d1c5a07f
pm:vm:photonmelodies11.rio.003:1933169644:00009332:00055,cvm,【悠阳】「冥夜，武先生已经起来了吗？」<01>,[],layout_only,9d47a16f0b8b9f6194404c1155565037dfadf674c9ab522a7803fa52ec24d050,986b16d582f7155658fdf0da8126aabf01d650cb649ec3753d5c5ff6f3fc8341
pm:vm:photonmelodies11.rio.003:1933169644:00009512:00056,cvm,【武】「什么啊，原来悠阳在啊。」<01>,[],layout_only,6731ee08d65b7a488309e1ad354420940f141d96f46a09e299ac022ed3a7bb25,b2a9bafa4a4bb9dfb33b4120093bd76d1a6092bdee4bf90999c22db1a45c415f
pm:vm:photonmelodies11.rio.003:1933169644:00009844:00057,cvm,【悠阳】「早安，武先生。我怎么了吗？」<01>,[],layout_only,d854a25a34c59eeb098b4cf355341d3668b1b7fc4bf08559be3dbf9c4f622c73,8eb1c6167fdb3dcb6f5fca8e4a3f2b41c415c8b36d600dd22db2b7c1293ed126
pm:vm:photonmelodies11.rio.003:1933169644:00009888:00058,cvm,【武】「不是，纯夏不在，霞和月咏小姐她们也都不在……<0A>我就想，悠阳会不会也不在。」<01>,[],layout_only,632a1d11e24e1b69022206241af811bc1baddc63fd3c0b3046bd2771c178ac8e,760cff341ea53033be4e6ed7734cdada71c0364e04d63c1cc202467641af3644
pm:vm:photonmelodies11.rio.003:1933169644:00010104:00059,cvm,【悠阳】「原来如此。比起这个，请到食堂来吧。<0A>再不吃早餐就要迟到了哦？」<01>,[],layout_only,8e14a5b3705306523cad30610b5aafa1927065681905b6dfcf6c99e59a105cae,cbd4fa4430894957af4b37b7063778e85be378ef419cd7d54e391b0d31bbcf1d
pm:vm:photonmelodies11.rio.003:1933169644:00010148:00060,cvm,【武】「啊，也是……」<01>,[],layout_only,a0cc01cc29fda50e7a8ec4b91e6061f8e161e5fe0861ab6ff3a2e94b9a522aeb,73887424bff7073df8314db5a5e79ccaeb7a666ecb6a9cd314f91799ca853ccb
pm:vm:photonmelodies11.rio.003:1933169644:00011364:00061,cvm,【冥夜】「嗯……」<01>,[],layout_only,81d2961ed4080a27e7bf4ff4f664dc8e3daf0301a80ff73d28b69039eb6d9b85,ee1a8838bcd9faedde0aaa692e27a72f687f3e2c16c4f9ed95a72ab3586beda9
pm:vm:photonmelodies11.rio.003:1933169644:00011408:00062,cvm,【武】「哈哈哈……冥夜，你好像很不甘心啊。」<01>,[],layout_only,37d379905fca2859abc7854e197707aa00ed17c592ca4f4de0509c7592ce8239,a08aedd9222cf69d3e61c271e79236a439dbc75dd43078d6a47bdb19e733a84e
pm:vm:photonmelodies11.rio.003:1933169644:00011640:00063,cvm,【冥夜】「不，并非如此。这是自我反省……<0A>竟然被姐姐拉开了这么大的差距……<0A>是我疏忽了」<01>,[],layout_only,26754d83e3b73de57a2dbe51e171b0cc3467d15aec3b17c3ceefb83f8cef590a,44395ee986721dec07d30755535da3be0910c542cb70202746987ac790e9b870
pm:vm:photonmelodies11.rio.003:1933169644:00011696:00064,cvm,【悠阳】「大意可是大敌哦，冥夜，<0A>无论何时都不可疏于精进。」<01>,[],layout_only,fba4b5c079d04724ccca71eb8b1ee76dd1bb85a852c0cd7557698f1412e20470,12463f6be460dd36746befb280e603c9f3bff73f3e9fe410daa83e2791016200
pm:vm:photonmelodies11.rio.003:1933169644:00011928:00065,cvm,【冥夜】「实在惭愧。到了这个年纪还这副模样……<0A>我一定会铭记在心」<01>,[],layout_only,13edff010331310b6958709d16110ce2cee660295bedc431aaa71a22879d92ce,3f62287ba1108668a65fd3581eb71c48566397798f0b8f35f4812ac0c4fe69d8
pm:vm:photonmelodies11.rio.003:1933169644:00011972:00066,cvm,我觉得这也不是需要反省到那种程度的事。<01>,[],layout_only,058d5c0e37999d8948256edab04c1c28774b043a8fad44cb08c2d626151613a4,119e19fea3bbc1003228923d334c8f285443a2cb93b47ce40fec8c5d688f9dc2
pm:vm:photonmelodies11.rio.003:1933169644:00012192:00067,cvm,确实，听说早餐是悠阳做的时候，我一开始也吓了一跳，<0A>不过说白了，只是把冷冻食品放进微波炉加热了一下。<01>,[],layout_only,339ff3ca332f69ce762b3377e5253ccdf7138c9db8ba9b8ef1236ded5e977c6f,b380fa16e58b8f202dc66610561fd10472c9e886a974864e1cf8e191fec437a3
pm:vm:photonmelodies11.rio.003:1933169644:00012236:00068,cvm,不过，想到就在不久前，她还会一把锅放上火就引发大爆炸，<0A>连微波炉是什么都不知道，这确实已经算是飞跃性的进步了……。<01>,[],layout_only,d320de99cbd5457a2b3e5903ee062704943a8d2313894a1f3ff3990dced3d99c,09f6d6f798922074bc95bbb8c539a6b09bf0c98fc9310501959712ab73797dc4
pm:vm:photonmelodies11.rio.003:1933169644:00013180:00069,cvm,【武】「不过，月咏小姐居然会允许啊」<01>,[],layout_only,35b07b3ddee7b03807ffb55f6fcb86c5114b5990827cbd010d3cd2fcbdfffada,54770cde37d0a7d4814a3461afac831beb3d78e8c997cef3c51532d588eabb7e
pm:vm:photonmelodies11.rio.003:1933169644:00013224:00070,cvm,就算她本人不在，做饭的不也该是专属厨师吗？<01>,[],layout_only,08c59a9f667f15443b78f994e1f3c7f49edab828ec2983c005f7027cabf289b0,18f8867fe3153f16ee434c37cb2353b2c636daec9d3ecb595efd7cf835159ada
pm:vm:photonmelodies11.rio.003:1933169644:00013268:00071,cvm,做好了放着不就行了，就算做不到，<0A>让悠阳亲自动手也太……哪怕她只是按一下微波炉开关。<01>,[],layout_only,fed48f5b14306fb7349f2aa527df6020bd3b88b2df8b9f7411943d943c10a63f,0688e76357bea24c95aaf484b0316ba4de14ddc135bd5ababfcf9eae363dbb28
pm:vm:photonmelodies11.rio.003:1933169644:00013312:00072,cvm,先不谈发生事故的可能，一般来说，月咏小姐应该会觉得<0A>“怎么能为了这种小事劳烦悠阳大人！”才对。<01>,[],layout_only,c20b12695833c58b8e0082f6e6ce0a8bb77b829690ebc9ac0bdef2e0b7606965,297bad99dda02ce44211e4c67ab26772964cfab701d0d6e4bb648f072835830f
pm:vm:photonmelodies11.rio.003:1933169644:00013544:00073,cvm,【悠阳】「是我主动提出的。<0A>我最近一直在想，不能因为自己平时不用做饭，<0A>就这样心安理得地依赖别人……」<01>,[],layout_only,64aee1861dd15f08c863eb363fa74e6b1555619ea5205d99e7d3f73d57feec0f,572c93efadf4da4b823f2633b809aa8acdf77e0c1be30d047764642e0d93b2d2
pm:vm:photonmelodies11.rio.003:1933169644:00013588:00074,cvm,【武】「哦，这想法挺不错的。<0A>就算只是一个开关，亲手按下去也有很大意义嘛。」<01>,[],layout_only,ef181a9cab6b9eb7a10665b7fb91e766a88f0668ab0538464d219adee520e3d9,eff09790f1b5e1dd3f0d3cc098b033b72a1911624431ceef3812e9e20f64c430
pm:vm:photonmelodies11.rio.003:1933169644:00013820:00075,cvm,【悠阳】「正是如此。我也没资格说冥夜，<0A>到了这个年纪还这副模样……我还得继续努力才行。」<01>,[],layout_only,a41cd68e63beca8ac34114b95603ef5e0cb7aa75f2c81086bed5c35a4519a6f8,085ef2b5cf64be92202e6d5aa61eece2c28cc02eef6657e938d9f8150b0dcf71
pm:vm:photonmelodies11.rio.003:1933169644:00013864:00076,cvm,【武】「这样啊……冥夜和悠阳的生日，终于就在明天了。」<01>,[],layout_only,f32a96725d5c60b17bb617f9ae4e6d48aac6cd40ac6d29a50da58f0cf71b3cd7,9a645b3a95a6c4c1f820c09246c20279ae7d53844042034e5389ad527f672c75
pm:vm:photonmelodies11.rio.003:1933169644:00014096:00077,cvm,【冥夜】「是啊。武也是明天」<01>,[],layout_only,95d75472b9e3e5fc858c55476b921c6b68a37f7da0f98a0cbff4a25c5bacb5e7,0701895f63fa3a682407589badede3b7e7b32d110a438a0bf562c0966693d9e2
pm:vm:photonmelodies11.rio.003:1933169644:00015040:00078,cvm,【武】「是啊」<01>,[],layout_only,fb757356588074b0304c70ce74e9b8be95843109261f3165212fb21ec55d63b8,384dcd0ed1853ce9e1e6399823f23e2dac6101eb269335262119d45d1b5f77a7
pm:vm:photonmelodies11.rio.003:1933169644:00015084:00079,cvm,【冥夜】「…………」<01>,[],layout_only,7c1e1bdb272bdd5e2617c3dc3a238302cb60ccfea882e70ee6f2fd76ae246e47,336d0bb131053d6dee29f2ddc9129d555a61d3390d67cdc3ac8db250f7905f8e
pm:vm:photonmelodies11.rio.003:1933169644:00015128:00080,cvm,【悠阳】「…………」<01>,[],layout_only,cf8055a2bf7ca517121f0df4f6e9cb27cfb09e51c2a729ceabd2ff965136eedd,596cbe5acd9b31ef237a2ad0643688ea2ec23e26e6262f3786f2c9204fba795c
pm:vm:photonmelodies11.rio.003:1933169644:00015172:00081,cvm,【武】「…………」<01>,[],layout_only,770975bc8d76964cd0683d1a3ba2ec947971272f34819d29aa5c66d3964a88d7,6a17c608647a040376434d02fd50f1e4124a141fe417bdc98ba4d3f27bdee35c
pm:vm:photonmelodies11.rio.003:1933169644:00016116:00082,cvm,【冥夜】「…………」<01>,[],layout_only,7c1e1bdb272bdd5e2617c3dc3a238302cb60ccfea882e70ee6f2fd76ae246e47,336d0bb131053d6dee29f2ddc9129d555a61d3390d67cdc3ac8db250f7905f8e
pm:vm:photonmelodies11.rio.003:1933169644:00016160:00083,cvm,【悠阳】「…………」<01>,[],layout_only,cf8055a2bf7ca517121f0df4f6e9cb27cfb09e51c2a729ceabd2ff965136eedd,596cbe5acd9b31ef237a2ad0643688ea2ec23e26e6262f3786f2c9204fba795c
pm:vm:photonmelodies11.rio.003:1933169644:00016204:00084,cvm,【武】「为什么，明明是生日话题，气氛却这么冷？」<01>,[],layout_only,fc4abd2a6f4178235f339e18360e821e2615d098d0cac18ab46fbb3d6b48c190,5f898383c94784aa9ac1b26b9dc18ecaf5952c275f865793a92b876be7ae03c0
pm:vm:photonmelodies11.rio.003:1933169644:00016436:00085,cvm,【悠阳】「是吗？说到在生日前重新下定决心这件事，<0A>我们刚才不是一直在谈吗？」<01>,[],layout_only,2d2c8980c5e87a31262c060d5a731a0bd7adb46a33b2a22f939d3637bc6da0b5,91a41f96c54c292054eed7a67290ea83855887da49fbeab67a906ceb4e1cce54
pm:vm:photonmelodies11.rio.003:1933169644:00016660:00086,cvm,【武】「话是这么说……怎么说呢，不是那个意思……」<01>,[],layout_only,ae580c80cc097b77c013d7eaeb0bd3c8a2b3bbd5c5a2455d947b6a27337d5e11,c101c083481d9a8f5fe8c3b1e3906c25d6eee0581adb4f2d8ebffec102fab9fc
pm:vm:photonmelodies11.rio.003:1933169644:00017160:00087,cvm,【冥夜】「我不太明白」<01>,[],layout_only,e2f2c0571ae56fea6d0b99c93cdf902f4c23c73b599f8d321a0e58998eed61f9,4031a5962b73014b39571946b0ceb7980bd14067d5cb99e0fc435a6b4e62fcd6
pm:vm:photonmelodies11.rio.003:1933169644:00017204:00088,cvm,【武】「就没有那种单纯『要过生日啦好耶！』的高兴吗？<0A>比如期待吃蛋糕、收到一大堆礼物之类的」<01>,[],layout_only,e05fa97008b7052564defac05cb3bc212e166b12a13cb953ecdbabff834f320b,63a6b3aa9031ebf734b6f7a8d6b5a647ed351984afdae039880bfbbb34b633f4
pm:vm:photonmelodies11.rio.003:1933169644:00017576:00089,cvm,【悠阳、冥夜】「…………」<01>,[],layout_only,afb05dc596167bd007f81db2e2acee0bb31d1569d5ad02b10ec6dd6c036e21a0,6774b1fbfe4b684197457b243822a3b649334035a230b785701326a5281b3aa7
pm:vm:photonmelodies11.rio.003:1933169644:00017928:00090,cvm,【武】「就像新年期待压岁钱！圣诞节期待圣诞老人！<0A>……类似这样的……没有吗？」<01>,[],layout_only,7f097a7077c10e66c52f30d57b0f2aee0eebea0b517cfa9a8871c54cd5b3def2,5e0b49fdd0ddaccb8f7c87b92bf301cccaed93507299b6f9d37cb8d79a74f1fb
pm:vm:photonmelodies11.rio.003:1933169644:00018160:00091,cvm,【悠阳】「这个……也不是……完全没有……」<01>,[],layout_only,eed28a4d4f184c89f2fae9915ce894de84084ea7fe8dddcb7c76d50cfcf786a8,8ef7fd9de890f67ad69accf39fd125fcde8e8dc3a554607e017b8dc546da1066
pm:vm:photonmelodies11.rio.003:1933169644:00018392:00092,cvm,【冥夜】「但我觉得，和武想象中的东西多少有些不同……」<01>,[],layout_only,6a5ab3a5087da58a63fb0a6bbe6323205f1f5cd6aecc0df2149ffcc6fc08011b,0973b929d35251bc6f1c239b1896d744da5ffda72ce804cb82bd6615108b9f94
pm:vm:photonmelodies11.rio.003:1933169644:00018436:00093,cvm,……真奇怪。在我一厢情愿的想象里，<0A>像她们这种人一到生日，总会说什么“人生纪念日”，<0A>然后以我无法想象的规模隆重庆祝才对。<01>,[],layout_only,284ed2e5789c44fe4827db86a0c377b307bef546818db625773fc843de9017b4,ec89b465af7c62d441b5631611537fa772e67f6d0d184952f187f1f5a004bef9
pm:vm:photonmelodies11.rio.003:1933169644:00018480:00094,cvm,【武】「我说，你们两个，以前都是怎么过生日的？」<01>,[],layout_only,5773106959081a2b2c73e8f6e6b1e682dd8e0776da4ef05f8b566f9ba60aa72a,f9ca373eff5028fa5f41cb49b65bfd2923254265464352b2c154dd7383ed4e89
pm:vm:photonmelodies11.rio.003:1933169644:00018844:00095,cvm,【悠阳】「这个嘛……首先，一天会从查看送来的贺电开始」<01>,[],layout_only,f0be9024b8a4bb997d6d6e8fc9abb663933d4776d968e2446f4639c324eca66b,827d52977a0d5f3a7105341f710b669011e0ec72f710812df61d188dcb49e4dc
pm:vm:photonmelodies11.rio.003:1933169644:00018888:00096,cvm,【武】「贺电？」<01>,[],layout_only,787e81d676f7a056218946749a376b88b4bdeb0c97af41dc9e7f2ddbeed0e55b,bfecf99d6277d47d3baa1dac91c0e0868b99a66be5e186f35eeb1fc58d8bb8d5
pm:vm:photonmelodies11.rio.003:1933169644:00018944:00097,cvm,【冥夜】「相关企业和商业伙伴，各国的国王、总统，<0A>首相，大使等等，每年都会发来贺词。」<01>,[],layout_only,14acb19a80313c59d5a6f12c1185c6f094e2f9649a0cd4e81cf1826c22e09022,ace210828176577d9064b558dac0aeacae7e8f2bb37db82adbca27801aa1db6d
pm:vm:photonmelodies11.rio.003:1933169644:00019176:00098,cvm,【悠阳】「我们每年都说，让各位为我们从百忙之中抽出时间，<0A>实在过意不去，可贺电还是一年比一年多……」<01>,[],layout_only,cd660d86b6b90a823207b053941da410aedaae5a24a531596febd79cf746f4a3,f107c0b70fd9fcc1fb4477fbabfcddee0904f383c28d11d41f58345d9dd3914a
pm:vm:photonmelodies11.rio.003:1933169644:00019220:00099,cvm,……某种意义上，规模确实不一样。<01>,[],layout_only,77b7cc00b27da7442165391eb9338c2ed9c2f4a325e7f628b83dcc07be3d2ad9,5b58d24d446895091c625c4b7fa55fb9fa920c4f46d7c6f893aa5c3721e1a074
pm:vm:photonmelodies11.rio.003:1933169644:00019264:00100,cvm,【武】「顺便问下，那种贺电大概会来多少？」<01>,[],layout_only,0014da1ded11d37e044d040b3c980a1723fa187a2a60c6876647b8c6f7bb95ae,de0c5a091068b2ea649a7ccd40eeb12de9a28db920220c1703d86ec4432a808e
pm:vm:photonmelodies11.rio.003:1933169644:00019496:00101,cvm,【冥夜】「粗略算来，不会少于两千封吧，姐姐？」<01>,[],layout_only,29ce35d0c9bcedafadb5b9b824671f0587e2d68e76fdf4aad4159ca5d7650f35,56990c85166bd1dc716865c95e6404c56f4fa4421d6a27f187cf8a14079cb353
pm:vm:photonmelodies11.rio.003:1933169644:00019728:00102,cvm,【悠阳】「是的，不过，那也仅限于送到我们手上的部分」<01>,[],layout_only,0864768688bccb4efa1870ce1100f12c7f8080dfacb23e7480fbbf2bde8c3b5e,17fc33a063b1bc532138a50ad8d0607285c5e9cffbb24639fe19d2d6506f32b5
pm:vm:photonmelodies11.rio.003:1933169644:00019772:00103,cvm,【武】「仅限送到你们手上的？」<01>,[],layout_only,e8b55efa349059ae444fee8395ad776bef2705628fb55682520a7f2fd1567a98,359da3816eb94ad509217b5aaf4531843d8bf6be197e3b1066c89ad8c1d93bd9
pm:vm:photonmelodies11.rio.003:1933169644:00020136:00104,cvm,【冥夜】「我想这不是什么听了会高兴的话，<0A>但这种机会，对那些想攀附御剑家的人来说也是个绝佳机会。」<01>,[],layout_only,f86301cfe9509bc1657128160770f07a8a16a80cd68e04107edfc861be004a22,270ecf8e19c508a5c79452d0ebda700ff3c9d91a0af3c071766ef8df93e1f422
pm:vm:photonmelodies11.rio.003:1933169644:00020180:00105,cvm,【武】「啊……就是趁机献个殷勤啊……这种事果然真有啊。」<01>,[],layout_only,a06d992b5cc514d69418cf21f4e5b984d46c76330c5a3d92b8ad97aa213b6977,8689619be5cbbc04803fcf1d1eb90980957c74f4d8f774da9bf42de770e41d58
pm:vm:photonmelodies11.rio.003:1933169644:00020544:00106,cvm,【悠阳】「不过，我也明白，<0A>应对这些庆吊事宜同样是政治或企业活动中的重要一环。<0A>我们也不能例外。」<01>,[],layout_only,e65fd27e3fc8d956db1f0c69f78cfede556cc39fc9ab51598df8d4516ec6f6db,fe6f775f08bed30069f9114f4c3fba1f50fc3e169446f34019f98be6baa56844
pm:vm:photonmelodies11.rio.003:1933169644:00020588:00107,cvm,【武】「嗯……也就是说，你们两人的生日，<0A>已经不只是单纯用来庆祝的日子了啊。」<01>,[],layout_only,2ec0f709b61819ce768efa92a257388741b7903167a7c325b742f8d3147fe383,f6f746b33ddc4e7a8c3d3be6ce88c4defa68037217a911f2e96d96fd5ef58498
pm:vm:photonmelodies11.rio.003:1933169644:00020952:00108,cvm,【冥夜】「嗯，可以这么说。不过，也不是说不开心……<0A>住在各国的朋友寄来信和礼物，<0A>是一件很令人高兴的事」<01>,[],layout_only,421481364334c8b6ded441ea9fd756cbdd54d7cb284d21e72a5971eaa9cd09d4,ebfeac1cc05296ac4cafea287fd9c226f63c2b7a0d49fc9c9a62b0a860822382
pm:vm:photonmelodies11.rio.003:1933169644:00020996:00109,cvm,【武】「不会办派对之类的吗？」<01>,[],layout_only,5a670c4e3d263acb3e02f6c623949241044cc2b8166d849169215f6ea26a57e2,d73bea12e9740c09bcb0572185b659b7e0a2f5316f92a3cdfca2c1d0637338d9
pm:vm:photonmelodies11.rio.003:1933169644:00021052:00110,cvm,【悠阳】「小时候每年都会有人为我们盛大庆祝，<0A>但近几年我们都婉拒了」<01>,[],layout_only,891ae54a9a143e9eef0d6b36d8315725b6beff5592901853cc2b60db28debbd1,7b5421524016e138d0b8932cc5d8cd39c00a6a7f9d1e6e6c77f6bffa0ecf0c36
pm:vm:photonmelodies11.rio.003:1933169644:00021284:00111,cvm,【冥夜】「考虑到近来的社会状况，<0A>哪怕是私事，太过奢华的庆祝也不合时宜。<0A>所以每年都会把相当于那笔预算的金额，捐给各种慈善基金」<01>,[],layout_only,056b14b51655269f6bb71c0b8ad89f69bfec4ecf259c451f21a9eef335be3551,b65e21a4be35e96efedb5930c68ecdd0a3db2831e2ed503682fe22a59cc3e24c
pm:vm:photonmelodies11.rio.003:1933169644:00021328:00112,cvm,这样啊……捐给慈善……。<01>,[],layout_only,6176692ba340dcaef54d82919535c4446b08006be22272130afcee637ba19b4b,dc5ce19fd04e661b68034278f80e16713dc419cab4b1e94a2c4c82db8080002e
pm:vm:photonmelodies11.rio.003:1933169644:00021372:00113,cvm,【武】「不过怎么说呢，你们的生活还真和<0A>『过自己的生日』这种感觉离得太远了啊。」<01>,[],layout_only,6693ece2c75d63cf833d0434e5128118c9addeb952f1c1fdf4d90d6fa01cd3db,b9daeb81efd9afe6f3cd2bdaec59eaefd38eb4797875cea51b71c1728cde047a
pm:vm:photonmelodies11.rio.003:1933169644:00021416:00114,cvm,就连自己的生日都会被人拿来做文章，难怪她们反应那么平淡。<01>,[],layout_only,a26d7e123a56015da6786773bb75f6fb1c3818726f54669d8b8057f179c779c7,68cece750da3c361940bf2f509936674dc31df73ec077a8cae51ce54ea1abd0e
pm:vm:photonmelodies11.rio.003:1933169644:00021472:00115,cvm,【冥夜】「武，希望你不要太悲观地看待。<0A>我想我们和你的感觉确实有差异，<0A>但即便如此，对我们来说那依然是重要的日子」<01>,[],layout_only,6d2e387407158f9b4e032b9caff3b3feee288dedfac0a109ea4558d997bc5fbf,92252554260557b588916dbb1498bd398bd7469083a911b8d166d4bf3474bae0
pm:vm:photonmelodies11.rio.003:1933169644:00021516:00116,cvm,【武】「啊，我不是那个意思。<0A>只是有点想象不出来，才追着问了这么多……抱歉」<01>,[],layout_only,bb7f85daf3a3a6c256c099a1e2f9955a929532187e2e28c48b0a41b916c10f81,b1377a614d05b8cd92345d10c322a4641d4f6e36b08c09a95bb921c21baea78f
pm:vm:photonmelodies11.rio.003:1933169644:00021748:00117,cvm,【冥夜】「不，聊天本身完全无妨。<0A>能让你理解我们，我很高兴，也认为这很重要」<01>,[],layout_only,9af976c4f918f4482a4fc9f30133bc1959ed28e1210c0a603d13dbd303daec75,89fc2551b0958e6369e0e2b71ce2a1681ddb3b20a9baaa64a8bc59512bcc3a61
pm:vm:photonmelodies11.rio.003:1933169644:00021980:00118,cvm,【悠阳】「冥夜说得没错。<0A>我从未有哪怕一次觉得武先生的提问令人困扰。」<01>,[],layout_only,d3cc794a7856d809de789437f301c3a49ee806431c6cbc69b825f0697e3b8210,c2a3099fead636b67757412793c977cf5a2bcf8e0b9b3a2ed84add12ed8dae6a
pm:vm:photonmelodies11.rio.003:1933169644:00022024:00119,cvm,【武】「这、这样啊……」<01>,[],layout_only,907dbcd162bf96e072c8c26b96d3c12f49d7324757cfd1f72f13701b165df121,a21315735c9623421acd30514f03c3f61a3f3f2b426328d8072f9e6155bd27de
pm:vm:photonmelodies11.rio.003:1933169644:00022508:00120,cvm,【冥夜】「不过――」<01>,[],layout_only,500ad3628dd3e52508be29189a147888b1d5c6eb926f3cc312294b59dcc85930,ffe4f692d2a166382dff04152543efd3935df53012af7625e66832e473f7bbc4
pm:vm:photonmelodies11.rio.003:1933169644:00022552:00121,cvm,【武】「嗯？」<01>,[],layout_only,6f5168f44f03ec612149cedef5338508aa6a27acf347972463e8012d2f9d7f92,15724e6f770415469d24e77dff39459d6b7a628ff759680c2c41e12789eb1b10
pm:vm:photonmelodies11.rio.003:1933169644:00022768:00122,cvm,【冥夜】「这样一想，今年的生日，<0A>恐怕会成为我们至今人生中从未经历过的生日……」<01>,[],layout_only,f6d9e677b76e44e9cbe2677272b1ed87833cef669ceda676a5c5f62c3ba495fa,f3c7dd80659f8ef7c8af27133002e18e5a66ab484aa514c1dd79af1624df658e
pm:vm:photonmelodies11.rio.003:1933169644:00022812:00123,cvm,【武】「什么意思？」<01>,[],layout_only,126ecd800f05bd3053ebf135cffac33ff19118f7bb77b4d792ddafaa7588c6d5,2206aa9bff9ff37f6ddc127508a0148a2f4e976d2fe70b8841228d1f3210471a
pm:vm:photonmelodies11.rio.003:1933169644:00022868:00124,cvm,【悠阳】「冥夜，就先说到这里吧」<01>,[],layout_only,368cf40bee4c2e62db8992a635e42e929de5a0f45438ec324e8a10ff44d605d9,0c679f2fc8f27afdf99670e8a778fdf11359f16898725c25b61473559d452ce8
pm:vm:photonmelodies11.rio.003:1933169644:00023656:00125,cvm,…………？<01>,[],layout_only,4cdafdcd2b4640c6b0ed414453eed637ac54dfe378c1f0d8bca6127dd76f42d4,8701c23e01179edccad1ac3d9c85b029cd6a825c01e165cc7d1d613de9504098
pm:vm:photonmelodies11.rio.003:1933169644:00024192:00126,cvm,【悠阳】「哎呀……」<01>,[],layout_only,37a6bdfd5d8e68a43cb75c3b679ff45411943baf8c09f88ee9a7dce8675d66b5,1af004128570424bece2d645c28cbd6a9c8238e046adb7a2a2d03e8b9bf92b6b
pm:vm:photonmelodies11.rio.003:1933169644:00024424:00127,cvm,【悠阳】「是真那小姐打来的。失陪片刻……怎么了？」<01>,[],layout_only,67b56ee9ca92474f1679e6a26804aad8bd28e7434014ab92b023958a7fa96f67,846c0ba63ffe28db50648035737778fd656f99227a80906abe16a04448f7543b
pm:vm:photonmelodies11.rio.003:1933169644:00024916:00128,cvm,【武】「哦……悠阳居然有手机啊……你也有？」<01>,[],layout_only,f58666a4b236799266079cee88592bc5f201d34a84018498c61156cedf7ad65f,be55809674aa24a1838e26ed47429bdd78516e7bd6ce04caa3f82555d24773f9
pm:vm:photonmelodies11.rio.003:1933169644:00025332:00129,cvm,【冥夜】「嗯，我是有。只是很少使用」<01>,[],layout_only,1633da61b5109f7333453d82b7c620bcd8f322c456e091fe541dafe26ebfb363,a9db419e4e37c1a035ea88c011039b29c15ad5bdc8ff641c0be65248aa1f0fc8
pm:vm:photonmelodies11.rio.003:1933169644:00025376:00130,cvm,平时月咏小姐就守在她们身边，应该也没什么打电话的必要吧。<01>,[],layout_only,e478695a7a9be93d52cb742b0138891ee7122706cc7cd27fec281cfb5dfab5ce,98c9b3e1ad0a785846df156cea6484e11d76900053dbeb9419e513bb5300fad8
pm:vm:photonmelodies11.rio.003:1933169644:00025592:00131,cvm,【冥夜】「武没有吗？」<01>,[],layout_only,2fec026c3cb9e361704e332ec724a088ecc260c2f73a25662583caf88ea788a4,7404c2b13d63e21ae256821f31afc2f3172d8b1c0bde9157784007f6bfee9341
pm:vm:photonmelodies11.rio.003:1933169644:00025636:00132,cvm,【武】「嗯？这个嘛……有的话应该方便，<0A>不过我也没觉得有什么迫切需要」<01>,[],layout_only,cf2f23379926abc120111d92890b23a7a88592adaa4fe6d41957d248f1a4e240,ccada6cd09477e78f596a227aa685c7d64cb859e6bf4c6a78e035b259977349c
pm:vm:photonmelodies11.rio.003:1933169644:00025680:00133,cvm,【武】「而且，想说话的人每天都能见到」<01>,[],layout_only,810ecc161bf076836543e853a8d0524334c68ceffdb6944c8a8f6641e778b8ad,758411f9301e23bfbad3f4fafcb999a139aa539f769247571474105589bf120d
pm:vm:photonmelodies11.rio.003:1933169644:00025896:00134,cvm,【冥夜】「这样啊……原来如此」<01>,[],layout_only,1a8dabe09b77e5cc9bd1ac2fe9bc35915612e4d156c31459efc5d3c8f9d37077,fa1ca5cd682b4dd7f86e42a7e4d152b42d00f6eff381593fa454200028f1f659
pm:vm:photonmelodies11.rio.003:1933169644:00025952:00135,cvm,【悠阳】「让您久等了」<01>,[],layout_only,e12a6ddd31ddd09e19d1a9cc4f268435af0b03d603157d0a7a63f668d7cc262f,794512a95f84f756b457f3864693c97f79ac7598f5b69898f722844b275587d0
pm:vm:photonmelodies11.rio.003:1933169644:00026620:00136,cvm,【冥夜】「姐姐，出了什么问题吗？」<01>,[],layout_only,9f1ad85bc47bc108943b38029bd9574c065c8a7c21cb7dfdb498feca55db96f0,df5487cb86dcccbb384022fc7baf32b694bdcd39dd600638daa9b412ab99ab5d
pm:vm:photonmelodies11.rio.003:1933169644:00026836:00137,cvm,【悠阳】「没有，似乎只是担心我们是否平安到校，才打来的」<01>,[],layout_only,85a8d88e548dab67489b8901d60a5e8acd1d2e9797c2b95bd09f2ab1b32edee6,6d0dad8cd0164f998cbe3bd4c7b23910065245c8de41384ad837e51992e0e9d3
pm:vm:photonmelodies11.rio.003:1933169644:00026880:00138,cvm,【武】「嗯，这也能理解。」<01>,[],layout_only,e5f0d8b53eab99f83973ba31c949c5aad7e68bf66c8a7c2f800643b2ff63920a,4fa80b08435ea71900a7238ce6bf4344be6030cf444cc177acb740e4f3953235
pm:vm:photonmelodies11.rio.003:1933169644:00027096:00139,cvm,【悠阳】「哎呀，我们每天不都平安上学了吗」<01>,[],layout_only,072721fd4d1c8501137b4d28b6462a2ca1981b117a7cff788e32139ee2dec573,bc7f2c56a6c945edc8e8bafe6e6dc7f3044c6a7d9481a2bb46218310cc2ad591
pm:vm:photonmelodies11.rio.003:1933169644:00027140:00140,cvm,【武】「月咏小姐那通电话，<0A>是在担心你们有没有平安走出家门吧？」<01>,[],layout_only,d0891250f1d096e3c91eb1a83554a1d4b850e0905754625e7a99b011adfd1924,0f574950aa331ba3d5bb4d26c2bd02e6fa0748542ca7ec98779fa7e3d16f3e10
pm:vm:photonmelodies11.rio.003:1933169644:00027356:00141,cvm,【悠阳】「我不太明白您的意思……」<01>,[],layout_only,bcf85fa8f0fd8ef6792f4d0aa815e4eb6b7c5203154d08d6606c57eaead4efc1,0102a121c9579260ca65e587cf78b083b463229de8766d7be9aab4c2edba36ef
pm:vm:photonmelodies11.rio.003:1933169644:00027400:00142,cvm,【武】「她是不是担心你们一按微波炉按钮，又会爆炸？」<01>,[],layout_only,36375cece29a706bcfe2a73b48615262604deab4c4f1f74c3a67e9522ce3d591,98361019ff7d0fd0950109deca122ef19cc361823b1676d02991b1f41571adbc
pm:vm:photonmelodies11.rio.003:1933169644:00027616:00143,cvm,【悠阳】「武先生，请不要说这种捉弄人的话……」<01>,[],layout_only,6bfc46f50c075e57efff5f6b04697c403f5681c9d77d67961bfbb574a1daaaeb,209df7bbd3ad677356c5cfe7b71818956d6bb8bb98ba4ca210137997a950445c
pm:vm:photonmelodies11.rio.003:1933169644:00027660:00144,cvm,【武】「哈哈哈……」<01>,[],layout_only,fb2d512f3b4faa8482d8fa317e97c249f86330c441282b5449a8aea10dc9bfec,37cda31f8db8a30b4fa5f7e113bfed5c86c0d4048e9ea063c03607bdbe9e41b6
pm:vm:photonmelodies11.rio.003:1933169644:00027876:00145,cvm,【悠阳】「而且真那小姐对那件事……」<01>,[],layout_only,e702415dec7d90d18e75f502869d3727736488ba057a310a3266edd5843feab4,b4540094252387da1e932e7473c127ee962cd7dbe5fc7efba2860cd5a458bd94
pm:vm:photonmelodies11.rio.003:1933169644:00027920:00146,cvm,【武】「……话说到一半突然不说了，怎么了？」<01>,[],layout_only,bb2db38fd956fdc8c726c7fe1d3057256128217da9ae70f85203bc5a5f7c0890,30d47ea6e9106b73dbcabe79689c0068737311417e47bdf753cf6c443db70173
pm:vm:photonmelodies11.rio.003:1933169644:00028136:00147,cvm,【悠阳】「啊……不，没什么。比、比起这个，<0A>接下来关于武先生的生日，我也想听您说说。」<01>,[],layout_only,b08015c0cade13290ebaa163f3723ecd05348e0a7dedd13908208fd707a50f1f,e815ef32692cea5c688134428ad6e138a99cf55e3b68e1d1ef36313ecfca9508
pm:vm:photonmelodies11.rio.003:1933169644:00028180:00148,cvm,【武】「我的？倒也行……」<01>,[],layout_only,9b0cb3862324c5e5c65edf8fbcee728c7fa4068784ddc2e40a2a95a240916145,de999f9f68085f4affd5c4bcbad1c849add529fbf142859ed218ba3adf986fd9
pm:vm:photonmelodies11.rio.003:1933169644:00028872:00149,cvm,【武】「总之，我就立刻给了他一拳然后跑了。<0A>最近最有代表性的就是这个吧」<01>,[],layout_only,21825f64671a0d0459c5a2d0d8d6dcc82326aa314426ecc2ad1fba8a61e3f646,09acd3322ed7ea3198204328a76f24066720c015620fc1e886aa90a41c508420
pm:vm:photonmelodies11.rio.003:1933169644:00029236:00150,cvm,【冥夜】「……这、这样啊」<01>,[],layout_only,7d60675cb49cc580b4105693fafeae82d09c3e62e96d569286800f76303b629e,91124d020ca91b5b5240f6411f5c830eabf4fff71ae1138bbf3f57add5931886
pm:vm:photonmelodies11.rio.003:1933169644:00029600:00151,cvm,【悠阳】「冥夜理解刚才那番话的意思吗？<0A>为什么同性的学长，会向武先生表白呢？」<01>,[],layout_only,45d338aa1ef91aab59c2a8fdc26fbefc3e83e1475c03cb377699fbb3840bc077,5914f1e717272fc65e642e2f3515866e55aec4d569e00ce65b8400e70526fb46
pm:vm:photonmelodies11.rio.003:1933169644:00029644:00152,cvm,……就算精通物理学，这种事果然还是不懂吧。<0A>话说回来，就算知道了，大概也不会对人类有什么帮助。<01>,[],layout_only,8fc3d36083b52e22f15b28fd97c7c848232357e7c1499cf171e771145d72135f,2737ffea761bd8b39b4c58d777548bb269553849fe0472f9ca9a08765fc9ef86
pm:vm:photonmelodies11.rio.003:1933169644:00029688:00153,cvm,我觉得冥夜也不像听懂了，<0A>但她至少会随便应一声，或许比悠阳更灵活一点。<01>,[],layout_only,3ca4613c1257fe0a4805d41bf6e76d11e3a8b42a4eb8869b55a5b456ad9326a8,542bdbbd92cd838e1e147142639532f9cfda7b855aea8607a86543fc65f19633
pm:vm:photonmelodies11.rio.003:1933169644:00029732:00154,cvm,【武】「总之，就是初二那年冬天，<0A>我知道了人类竟是如此复杂怪奇的存在」<01>,[],layout_only,1bcfafa0f125177114824ca67ba03cee28e236145f182ce25f9373695a26facf,c9656d431237ec80a23f81e0968630391b67c02b033eb4a8c81d0c3c97a6d21a
pm:vm:photonmelodies11.rio.003:1933169644:00030388:00155,cvm,【武】「啊……」<01>,[],layout_only,44132330ae73d3b612a8de5ffaec351a0bbfc19633c905333c02ed68f7af8ebd,af5f1a344e3bec7c675ec21219cff1bf9c41d4fe070dfc4b2a8faeef1d4a9450
pm:vm:photonmelodies11.rio.003:1933169644:00030760:00156,cvm,【悠阳】「沃肯老师，特斯列夫老师，早上好。」<01>,[],layout_only,31d00f58f22210c937d7f153a50e856d7a64b138cfefc27a27a3acc1f545408c,248172d591e56c3f805885f329c1445324d53c5e8fc3c1c878c0834464208f8c
pm:vm:photonmelodies11.rio.003:1933169644:00030816:00157,cvm,【冥夜】「早上好。今日也是来进行生活指导的吗？」<01>,[],layout_only,07ca7df33529c2829d8ffc43ecf0ceb6e1efb7389f2e9fdcc9a568f7b4277ec8,6936bf069a026b0b1733bee98e043430419d3c573874524903c885f2865e00b4
pm:vm:photonmelodies11.rio.003:1933169644:00031356:00158,cvm,【沃肯】「是。说起来，今早鉴和社两个人一起来上学了，<0A>发生什么事了吗，白银」<01>,[],layout_only,17198b7013b88041513f377c812355b2b92172285341caff9b96847da80b4efa,029bac3052ed1d8d88ea253ea9fb666c3df05d8ff9a0b96c345fb391160df0d9
pm:vm:photonmelodies11.rio.003:1933169644:00031400:00159,cvm,【武】「咦！？也会有这种日子啦，我们又不是非得成套出现……」<01>,[],layout_only,15174e7aa115bcea07c95a6c154a4afcfd33ce66660cf3dc43d749e045d91a4d,6ae5be787b048d7c856aea5fc3dab0db51e720493b254ab23470a05dfbd260dd
pm:vm:photonmelodies11.rio.003:1933169644:00031592:00160,cvm,【伊尔玛】「是吗？可是，你们几乎每天都是五个人一起上学吧？」<01>,[],layout_only,96e6c2324e1a64044ba44ea6d8c617d76558f6f04a5b85b0e8a24434d258927e,02e57503ad293dc89210d457f879abdacff7b7d66b7f23489dba4d8f2f72843a
pm:vm:photonmelodies11.rio.003:1933169644:00031936:00161,cvm,【沃肯】「鉴和社不在，总觉得你像是失去了一边翅膀啊，<0A>哈哈哈哈……」<01>,[],layout_only,0d374fc3d813dfd8dda4a9e0d864e4e80db27cb82178da41fa63f3d71e063f40,0f9bd4724fc5a3c957b1d65729b933329394d3955738b7ac5f128208749e7f6e
pm:vm:photonmelodies11.rio.003:1933169644:00031980:00162,cvm,【武】「哈哈……」<01>,[],layout_only,623b9e27f3eae4c54a9ff949cad9e1c50dd73ce1e4538007642085cbb24aa5dd,80156f56c26e5ea82e80e36a467a0693a50aa19a1a7b8117b48928c7c3e28619
pm:vm:photonmelodies11.rio.003:1933169644:00032768:00163,cvm,【悠阳】「那么我们先告辞了。」<01>,[],layout_only,2dfd88582befbd56792e8528ceac794a25199243a2d50add68d16f74b61db40b,c8c6ccf6ecc2a621d768a41733d00e7d6458c5d0583fc50661134b8235010bb5
pm:vm:photonmelodies11.rio.003:1933169644:00032824:00164,cvm,【伊尔玛】「今天也一起，开开心心地度过吧？」<01>,[],layout_only,ba6cd3b260277f7a8fe9d7fa0cb5900ccdfa6cedbbd4abaa34b94769d0ccb70d,52ae6bb19c7204b6682c14e998d29a4b0f74017523864174fa71fb2a94f6bf4c
pm:vm:photonmelodies11.rio.003:1933169644:00033056:00165,cvm,【冥夜】「是」<01>,[],layout_only,d97b56db34a301e51198af64201ee0ecfcb23cf099a466ac863554df60dea87a,9d3a77078acfe96a7c07529927c73938b3b9c24cba05dda1742a37fe4769f492
pm:vm:photonmelodies11.rio.003:1933169644:00033748:00166,cvm,…………。<01>,[],layout_only,efa30788584cfea7ade60ccc37d7fc6cda943e64935eb133252c341159e58e05,0b3d7aae4004dc9b91522cf9245f879b48b6a3b3d3c28ecbba043ba8207a6df9
pm:vm:photonmelodies11.rio.003:1933169644:00033792:00167,cvm,………………。<01>,[],layout_only,65286ae940fe82e427436b762e00a4b043f20acb55804535e507c56407feb440,4b9a305fae71661ee98f0fc0e96494d9ab9431e3da7611fc609e9d10c9993131
pm:vm:photonmelodies11.rio.003:1933169644:00034016:00168,cvm,球类大赛之后，沃肯老师给人的印象变了不少，也变得容易接近了。<01>,[],layout_only,3aaf32718b372e6d059a57156edd4f27444218320ff99bb248b44fcb9ddeb913,92ec7cfa19e7ab46a33770ab093f133122e14e36d626d5f4a7554f07a1820dd2
pm:vm:photonmelodies11.rio.003:1933169644:00034060:00169,cvm,他也不再在我们的名字后面加上“三年级”之类的称呼，<0A>至少看起来，他也对我们产生了几分亲近感。<01>,[],layout_only,3041aa373d89c769ae63b51416b810a1e8a5bf7710569a6c48903fe37d602015,47737c01d7178f213b1b87aa813a5ea8fd875b16119e16174ece5935e8b8acec
pm:vm:photonmelodies11.rio.003:1933169644:00034104:00170,cvm,【武】「…………」<01>,[],layout_only,770975bc8d76964cd0683d1a3ba2ec947971272f34819d29aa5c66d3964a88d7,6a17c608647a040376434d02fd50f1e4124a141fe417bdc98ba4d3f27bdee35c
pm:vm:photonmelodies11.rio.003:1933169644:00034148:00171,cvm,看他那样子，肯定丝毫没想到我还在怀疑他吧。<01>,[],layout_only,fcbac2bc169330381e9d4bdfa6829e496e567be5e17568ff4101a13878481b2e,fe0390694f19d53f60f7433f8eb3d973c97751e091a153a9300b5c395c851afd
pm:vm:photonmelodies11.rio.003:1933169644:00034192:00172,cvm,不过就连我自己，也已经不再特别意识到<0A>自己是在怀疑他了……。<01>,[],layout_only,2725c3cc1f100feae59aebd1934d340ecda901b37acab4e9e0701dc92ab43f05,daa7df24cf063b3ce033e80e14508a2b02c2b5b776c5022ce55ada1ea588ddbc
pm:vm:photonmelodies11.rio.003:1933169644:00034236:00173,cvm,这一个月里，鲍尔搜查官最开始倒是来找过我几次，<0A>但现在完全不来了。<01>,[],layout_only,0f024baa966c246a787737bbd8cfaa9698bedf0fcd4ef7dc60f16f285075d95e,bbc47c0bb3ee2771d5f6f484cc107d422946573673a95545bc0a0056cb08b344
pm:vm:photonmelodies11.rio.003:1933169644:00034280:00174,cvm,想想也是。每次见面我汇报的那些关于老师的消息，<0A>都不是他想要的东西。<01>,[],layout_only,1f4485c2928eb5006d4c7569d52887c0443ff3bf0e143fcd9a22bf56eb402ddb,fe4f4f346ce725a7f8c163e8bec303ffaf9985b09e61a9267cf4ad62946586c4
pm:vm:photonmelodies11.rio.003:1933169644:00034324:00175,cvm,老师一次也没表现出寻找『谜』的间谍迹象。<0A>甚至，都让我怀疑他到底是不是真的间谍了。<01>,"[""谜:恩尼格玛""]",layout_only,49c1dea5ce2c3aae4731b6489796d049f247c593a3f71e4d96cd0e54a4e12fa6,34b71aff1bb91941fe49404fc03ba1b371b6d0ff8e7c6a85e7f92cd2a67887e5
pm:vm:photonmelodies11.rio.003:1933169644:00034368:00176,cvm,【武】「…………」<01>,[],layout_only,770975bc8d76964cd0683d1a3ba2ec947971272f34819d29aa5c66d3964a88d7,6a17c608647a040376434d02fd50f1e4124a141fe417bdc98ba4d3f27bdee35c
pm:vm:photonmelodies11.rio.003:1933169644:00034412:00177,cvm,只是……沃肯老师不自然地特别在意悠阳。<01>,[],layout_only,efde78a9f6afe18b6525f56398c8c43cde94813867e7b1e04cb40b7406ce1e83,b5468800fe6d9443b3dceb4f7f521068b0b4871cdd5d22d26a4c686bc18c169b
pm:vm:photonmelodies11.rio.003:1933169644:00034456:00178,cvm,从他刚来时就有这种倾向，而且现在也还在继续。……<0A>和扎乌伯搜查官的话多少能对上的，也只有这一点。<01>,[],layout_only,f376b2992e5b0d435341930567a03261d4012ed4f39c02379b71df28ac7e9879,638110ac9c172054e30f563bf26dd6f21f546d3229135642f1c1d2e47063a7d4
pm:vm:photonmelodies11.rio.003:1933169644:00034500:00179,cvm,这件事我早就告诉扎乌伯搜查官了。<0A>可既然一直没有任何反应，说不定，<0A>他已经找到比请我帮忙更像样的办法了。<01>,[],layout_only,085f1ea63dcc9fb9c4f442a63a92c79ded4585af6b9af9102d18ff6d812afdc7,08e31e1587cad5fda2eccbe682d93cc757c47c8375aae9af7f3e8693c7b9462c
pm:vm:photonmelodies11.rio.003:1933169644:00034544:00180,cvm,他不是一直说没时间嘛。<0A>比利用我这种普通学生更好的办法，肯定多得是。<01>,[],layout_only,83ae58a2f6bfdd081af3d42ce8ecbd88c45ca3d6fa7b9fb455b5e899af4935a8,8476ca497bd8fda8158b90499f6daef9d8a5d3b54242eaf63898d87bbe8cddd6
pm:vm:photonmelodies11.rio.003:1933169644:00034588:00181,cvm,不，我倒是希望真是那样。<01>,[],layout_only,801b5714656d5e4cb31b7553feab33d4ecd3385902e1f803fab20cf4aa01d085,ccb71116d7cf79d991bf47e31415b7f487ef55f46de1722beb4a628e096cbdc5
pm:vm:photonmelodies11.rio.003:1933169644:00034632:00182,cvm,可是，悠阳和冥夜身上的嫌疑到底有没有洗清……我不知道。<01>,[],layout_only,b179864c2649d0f6285117691402f7c51326bdf466ca5dc78b8f1313273a3f15,0c40ba0b87d6cbc5f5a15d656809707f21db3d5e33059ed628013eae863a4035
pm:vm:photonmelodies11.rio.003:1933169644:00034676:00183,cvm,我也清楚告诉过扎乌伯搜查官，这种事我不相信，<0A>也绝不可能，可他好像根本没认真听。<01>,[],layout_only,68dd3c5080d86146e3e570d4724a3ec8dc31959c47cdec47ed0ac332db98d62b,b09524379fd15ef62ab4adcc23ece319f805f78637ab0226b434963ced361742
pm:vm:photonmelodies11.rio.003:1933169644:00034720:00184,cvm,……那个人不管什么时候，精神都紧绷得没有半点从容啊。<01>,[],layout_only,384e92526fce6f63fd74c12bd6b9ac8c26dbebb74bebabf3d2a4746baa52d020,ea77d63609bb00ea275876b8553cab2ee9e68b5d220f75bf292dcdfdd96acb28
pm:vm:photonmelodies11.rio.003:1933169644:00034764:00185,cvm,既不认真听人说话，又总是坐立不安，<0A>只顾着说自己想说的，还时不时擅自发一通小火……。<01>,[],layout_only,af07fb58baf0471c65a88e4ebcf1b8d392bda0655607518ec19026e75134b83b,c5611b9b0f84ee2b59dc1870eeb66922d856227763d02ee4801b6a5a03006b97
pm:vm:photonmelodies11.rio.003:1933169644:00034808:00186,cvm,算了，怎样都好，这件事能不能就这么平平安安地结束啊……。<01>,[],layout_only,1d0d61ef32d2445e89a60756aa07b9e0ad5f18f250f9b5f69935d5015e27e21a,88758c2b99856ba10d306be9b2b1c5ba288431f1b42cc1f542f60a2b8903d78f
pm:vm:photonmelodies11.rio.003:1933169644:00035308:00187,cvm,【悠阳】「怎么了，武先生？……哎呀，冥夜也是？」<01>,[],layout_only,a56c404709838c8a2afd0aafc9229079a892328be9f79184cf02ab17ed69c6ba,87450ac29f7001534ecc410858758be145bee8b20a9f6673167da5ce89741f7b
pm:vm:photonmelodies11.rio.003:1933169644:00035352:00188,cvm,【武】「啊……不，没什么。」<01>,[],layout_only,bcfca051f979424534f3e1ba602dc73af900ce2ee83295bfbbb96fe4424acf83,dcaa063ba65ae71ba96ebd8e87338e22e530affcfeeeca4bdf4c859b9b996f23
pm:vm:photonmelodies11.rio.003:1933169644:00035852:00189,cvm,【冥夜】「……姐姐，我刚才在想」<01>,[],layout_only,d718cdb277439b1c8e0ecaef7ae024627003b067d00c31f0baba0fa3a5d77285,20ac42cb8bf64374c0a07f88e569664f5682e4faa7db0aa2724bf0329f297140
pm:vm:photonmelodies11.rio.003:1933169644:00035908:00190,cvm,【悠阳】「想什么？」<01>,[],layout_only,3269cdcb85ff1bf389ec720a51a51258d26b2b7fad647378b8d066aec0ef6188,d5376fc44fa353ac288e7716b56eb470c8bc34f0cf1d7b88c587bd2646e68f70
pm:vm:photonmelodies11.rio.003:1933169644:00036140:00191,cvm,【冥夜】「假如，鉴和社跟我们姐妹，今天的情况正好反过来，<0A>沃肯老师也会注意到不对劲吗？」<01>,[],layout_only,bb33f1cfb81054139f0e462f45a5368e1fddcd0e8ba74097bda906247bf6653f,3589c596bb93c30e62b574caa422effbe7fd7bfb3e79ff6a00c1e15775810766
pm:vm:photonmelodies11.rio.003:1933169644:00036372:00192,cvm,【悠阳】「……为什么，会问这种事？」<01>,[],layout_only,38fa1d95ecb0c7dfbb47e623aad022f33c03b930af4f6911b2f12912af138a52,13c7cd95ebaf19f03851f99568412ca5f6518c3665d0dda8de6d1d47c95af506
pm:vm:photonmelodies11.rio.003:1933169644:00036736:00193,cvm,【冥夜】「具体理由我也说不清……只是忽然想到」<01>,[],layout_only,9f6a4b664a095f25936cfb6b39b0f9308f2b9bfb7dcfd88eff519fb8ad6c3e6a,f45b51a2316247578f08d186dd6109131fdb45a7e50cf12a91b220882180893a
pm:vm:photonmelodies11.rio.003:1933169644:00036968:00194,cvm,【悠阳】「这样啊……。冥夜……其实我也在想同样的事」<01>,[],layout_only,853606305ec9c709e639c87b036bbe2e0238e6376e7d046e19026422f740c113,cd55d47c6a7f46a753e2f9f2a9a413b43ca46acc8486d634b57a29d7068ead14
pm:vm:photonmelodies11.rio.003:1933169644:00037012:00195,cvm,【武】「啊，你们两个，没必要想得那么严重吧？<0A>他肯定会说一样的话」<01>,[],layout_only,06c682f1709fa60ea82faf11edbc5fd5b423435653fac65d638977e2a878ae8a,faa2e974ea186267363849fef0b9dca0c2107e211f31e38de64d1f47d2ee6e58
pm:vm:photonmelodies11.rio.003:1933169644:00037376:00196,cvm,【冥夜】「武……」<01>,[],layout_only,a5f9d5d7bb7b9285f16dbb5c5136e74ce0637cd202eac68459fb77d565338d3d,a079b4b01a6d63f18fc849ee0395d4dea699a8cecca15dcb4f365460ec8f1516
pm:vm:photonmelodies11.rio.003:1933169644:00037420:00197,cvm,【武】「老师也说了吧？五个人是一套。<0A>就算不在的是你们，也一样啦」<01>,[],layout_only,b9a29f847d105522daf74f4c059ef5c027cb9187166fa678c716f2ae8b64ca04,01ae2c2cb13dd8a702646028db4cb71724aa131283570edcacb7002808d8fb29
pm:vm:photonmelodies11.rio.003:1933169644:00037784:00198,cvm,【冥夜】「这样啊……那就好」<01>,[],layout_only,37220ac356cee44cd1044c9c6f1d16c7f0a41f5b3717c80498234988c458365d,7d35c35639049e473531f1c029afd812cf8412f5572d2490ee86c2ad23b797b2
pm:vm:photonmelodies11.rio.003:1933169644:00037828:00199,cvm,冥夜那家伙，已经会在意到把这种事说出口了吗……。<0A>那个深信所谓“绝对命运”毫不怀疑的她？<01>,[],layout_only,cda0d5741329cddf9293294a69b0eeba46f329f38ddbe4bbba3cfe1af446e5ac,39328ace0c1497d151541d50784edc0301b84bb8337d1cb151bac5fd9f1fbe5a
pm:vm:photonmelodies11.rio.003:1933169644:00037872:00200,cvm,冥夜和悠阳，也越来越有平民样了嘛。<0A>会在意这种小事，正是迈向平民的第一步。<01>,[],layout_only,76301657dda64aef8b9c98d5192709f83ff3e55ed374b979a47b86fd922034f8,38b5e0351fad38de6cfe4e7d67b0de23beabe2264088b851cdd71c63065906df
pm:vm:photonmelodies11.rio.003:1933169644:00037916:00201,cvm,【武】「总之，去教室吧」<01>,[],layout_only,f73ae6ef0b6ab052047e5a605811876322ef866e7a312dd02de6f76bc513d603,543c97f3aa2154afbf21ed6a9bf1849398cf3560614a44d7da6956bc6862717b
pm:vm:photonmelodies11.rio.003:1933169644:00038916:00202,cvm,【武】「……哦，在这儿呢……喂，纯夏，霞！」<01>,[],layout_only,019268c08781597da9e270acd59f270cb49bda56e52d5ffd9b7728f4d5eb4d0d,f713190498aafca6e8a2c217a893e0d50ddfd4cc30ae1272b96fd8e71d8a3e2b
pm:vm:photonmelodies11.rio.003:1933169644:00040108:00203,cvm,【纯夏】「啊，早、早啊！」<01>,[],layout_only,06cb99a5cad94c92f1abc2884c9f47f9f0cc7c88724a7af4814401a460a625a4,5ebab12ddc4d12d6b0dd103fbd7e521f9f78d2d4e208decad8ca8a3a595c23c6
pm:vm:photonmelodies11.rio.003:1933169644:00040164:00204,cvm,【霞】「早上好」<01>,[],layout_only,ef661e0a779544c560e7f97557d58bfe0ff2fbcc163e8bcdac5524d9a3e3d6a1,f3abd339d7396ce53a94362ae75eb618e4d72f4195916f03032e9a648819e3ed
pm:vm:photonmelodies11.rio.003:1933169644:00040208:00205,cvm,【武】「喂喂，你们今天到底怎么回事？」<01>,[],layout_only,d1b715fe36b2f851174d10cee4d3a8e82b4263040aaa17f12bc19aeffa2bdf20,57e9c3797dd251bd870cb33c1e0377c0b58d23144858ccfa5c82097735be5435
pm:vm:photonmelodies11.rio.003:1933169644:00040664:00206,cvm,【纯夏】「今天，我发现参考书忘在课桌里了，<0A>所以一大早就过来，在这里做作业」<01>,[],layout_only,4cdc1ec473a2bd9f60a63da2e5542fa14a837213ecb1c128db9f56b2bced81d5,3b70144c71d6bd398a3d2a2d66045c98b9ecfa9424839dcc41bfb84c4b948c30
pm:vm:photonmelodies11.rio.003:1933169644:00040708:00207,cvm,【武】「怎么听着这么像在念台词？」<01>,[],layout_only,d73a3096ed90f7c247e7fd6f576cf0342cfbb059daae9b3c4256862faba7b12a,05bf65ce3c91361f29b14de7eb54de5179dbdecb3cba53554e778a699e348f4a
pm:vm:photonmelodies11.rio.003:1933169644:00040764:00208,cvm,【纯夏】「一直都是这样啊」<01>,[],layout_only,f1f89a4d7e48095d596b019243abad82a07e34d12a25279cb0388157f1e283d1,61d68b810df4edfe2f68771ca48cea2f5b942d1feb1fa8f03febeb9574f5c874
pm:vm:photonmelodies11.rio.003:1933169644:00040808:00209,cvm,【武】「那从今天起我就叫你……」<01>,[],layout_only,084ad4cb2cc4e2f07bb57b494bc431b89fc2460ffc8d01de96b6cb6ee3653b43,c62bd071326f5d5b14055ff9fe3f84cead0bc287fad909d4e0b6a9215fce52cf
pm:vm:photonmelodies11.rio.003:1933169644:00040864:00210,cvm,【千鹤】「鉴同学，能来帮一下忙吗？」<01>,[],layout_only,0d96ad29245821115fb9a54f27a77f8be51fcc0525d6531cc5ed443c05f7a2b1,a4d86addf560b0c172a0e12daa74b4dbac7865d21d49261d9135e549cb27f1fd
pm:vm:photonmelodies11.rio.003:1933169644:00041096:00211,cvm,【纯夏】「啊，嗯！！」<01>,[],layout_only,b3f9777e8fdc5d7245d54623e871beb816ea900827ea74052678553c4f2bec8d,4ecd7a0e07d239ff4021405a004980f6336f65972992c11d936147acda7566f1
pm:vm:photonmelodies11.rio.003:1933169644:00041376:00212,cvm,【武】「…………倒是听我把话说完啊。」<01>,[],layout_only,346cc04d54d76ab8bfadb7bb91b8ee1d0eca428a1c570442dbd812d8271fc7a1,1bf40473c06f51a7d93493136a4b91b2ee5f122d6cea126a7fdc6b6562800b50
pm:vm:photonmelodies11.rio.003:1933169644:00041420:00213,cvm,我本来还想问她明天的事，这算怎么回事？<01>,[],layout_only,5a79cd2c461f035e19252cb511c514227d6bf44cc5ddbaa0860d96f9455a501f,b30d8c482fdf54365fdf6e21c61cbe714a3c67c5dc31d66a4438d42aab629d53
pm:vm:photonmelodies11.rio.003:1933169644:00041600:00214,cvm,【武】「算了，那，霞又是怎么回事？」<01>,[],layout_only,571a6f8f4e45a0fda55c446f8c93325b480c7803d294cdc782f507be54381f1b,e98ec322d6416d7e45da743d675063126205810468ff2cd1ad1cc30f9296c337
pm:vm:photonmelodies11.rio.003:1933169644:00041880:00215,cvm,【霞】「今、今天，纯夏说，<0A>要假装成她发现参考书忘在课桌里，<0A>所以一大早来学校做作业……」<01>,[],layout_only,401d58fdc799bb505e034106df334ab10156c05d019c560e995c7cd8678b7d98,fb584b1c4c184d99bd2c20eafe7c3c7487a6dad85dfbcb284d2b96bc4bc053d5
pm:vm:photonmelodies11.rio.003:1933169644:00041924:00216,cvm,【武】「……你这……再怎么说也太勉强了吧？<0A>听着还是像在念台词。」<01>,[],layout_only,c46c17f4574f5db7cc84b82e9120219ba3b2dfa07e97d23825dbf7604cab7687,2e422c5427db61101fbefa7bca484a76d6675ff902fecd943794cd7a712c979b
pm:vm:photonmelodies11.rio.003:1933169644:00042156:00217,cvm,【霞】「一直都是这样」<01>,[],layout_only,d4453f31d1ba1f9dc8be7779e2163442c8245bd91235de99fcd7d7b1e0333244,4c05cf7fc304a53df75e45c96f4b8b38cc7d28fc761e26fada9a8a6636a27420
pm:vm:photonmelodies11.rio.003:1933169644:00042200:00218,cvm,【武】「嗯，也是……你的语气平时确实就没什么起伏，<0A>硬要说的话……」<01>,[],layout_only,28cbcf9f613e851f88e2972405dc83d1ecd408447b6d5ab88433b5d1ddc4b2a2,d693679841eaf2676e9a43af69442c708a893901d94f32324193310e4d0db4b9
pm:vm:photonmelodies11.rio.003:1933169644:00042256:00219,cvm,【纯夏】「啊――！！小霞，快、快来这边帮忙～～！！」<01>,[],layout_only,a2fc3ff5678ab703e7e169ac7a036729796087936df0e3a43232bff53e3e795e,f223e906f9c57444ad0bf0969125bbdfee41808e3b15cade675971c34553da92
pm:vm:photonmelodies11.rio.003:1933169644:00042488:00220,cvm,【霞】「啊，好的」<01>,[],layout_only,0a392e255b6ba65d31056f8fec264d7e8f793de7854d4ea11eb368744ef227cf,03efddc22ad7f1d0f8797e029706e65c126b48a61205e929552d998504bf9f3c
pm:vm:photonmelodies11.rio.003:1933169644:00042768:00221,cvm,【武】「……所以说，听我把话说完啊。」<01>,[],layout_only,df39cbfc3a7940549a448f4d41206f0092e941d4de0b1c5e8492bb7ddbd63d64,03ad8b7290594613349ff40b80076f5edba3c2f158c073c53954ef415f915547
pm:vm:photonmelodies11.rio.003:1933169644:00042992:00222,cvm,她们，到底在想什么？<01>,[],layout_only,599b4cec8e0db0d6ab64bf9b5161fd919342eda6cd077aa9470271dc84a9ac59,f5ddcb787ffab112ec929dfc60f5b94e21ff617483f7b00ac025648b8ebe9f0f
pm:vm:photonmelodies11.rio.003:1933169644:00043224:00223,cvm,【柏木】「嗨，白银，早上好」<01>,[],layout_only,0a09ba56ce83c9dc24e4736463ece6f84bf31429724aa4d9f5d99f6284787ec0,4962855d9b1b919b2430b53f06cc0d66920ccddae0d569cb291f41656ef070ca
pm:vm:photonmelodies11.rio.003:1933169644:00043268:00224,cvm,【武】「哦，柏木…………你倒是挺正常」<01>,[],layout_only,74f06b528a2c10df02097de53a1660e5ecff747e9f85eb80792c788723321e63,f20480a78f18591ed3be1983100999509370a8d035afe3a50aab9bd9302ba590
pm:vm:photonmelodies11.rio.003:1933169644:00043500:00225,cvm,【柏木】「嗯，我是这么打算的」<01>,[],layout_only,9e27bc2e2fcd46a8143b75226c8e75c3a7e434d0aeff5861af9440884c9fd670,201ef33d7667649bd88a9ff133a1ea82403f815d45474ad1794d17bb54e9a715
pm:vm:photonmelodies11.rio.003:1933169644:00043544:00226,cvm,【武】「……连你也来啊」<01>,[],layout_only,8c04251725df9ad43bb7cace5d486f19d89b0a657435000524da0f9a4420282e,3ce5a806a017db990323e695fedd8f3f0cdcc3a1b219208e22d01f2c3c127871
pm:vm:photonmelodies11.rio.003:1933169644:00043776:00227,cvm,【柏木】「啊哈哈，骗你的！」<01>,[],layout_only,adaa4ae5b2b7c0b4dda60e1c9fcd973690d834628d745b50e1827a4a1a4d2d17,f5668a77747891c7e85b45ddfe412a5d0fa705021f1ff5597677b1e23ebfa422
pm:vm:photonmelodies11.rio.003:1933169644:00043820:00228,cvm,【武】「真是的，完全搞不懂」<01>,[],layout_only,5c7dbae72b4b629f958d443f57e95787b0b3d59f6c2c8dfcff767a0045dd7e72,1475ba05251700f7a2e4564145e1b56a5aa91371452e87d75dbc1d9296fadeb6
pm:vm:photonmelodies11.rio.003:1933169644:00044052:00229,cvm,【柏木】「偶尔也会有这种日子嘛」<01>,[],layout_only,34315b446f0830a6b9e76ea23a30c00fd29d3fd498c0a5d2f149c136b57212f8,4667eeffb148430012fbadd39cecc09a46b7dabf748a1d06fafe97776cbb752c
pm:vm:photonmelodies11.rio.003:1933169644:00044096:00230,cvm,【武】「还是老样子，真看得开啊，你这家伙……」<01>,[],layout_only,83aca9856959378a47966c1ae114051e51ddd00166cf84c1995efb78532c6feb,57dfa3cbf67e522da79dd358fb84c943b2c6687db6733171e436469a2294ba90
pm:vm:photonmelodies11.rio.003:1933169644:00044580:00231,cvm,【柏木】「啊……那我走啦」<01>,[],layout_only,84b4330f720c5a02103c9b77d2c6458ee335025386d166e480911d1bb9efcd85,6220b7f5056b1e42689a4c89d341b3472564bb3eefc97bee02a996bda1837433
pm:vm:photonmelodies11.rio.003:1933169644:00044624:00232,cvm,【武】「嗯……」<01>,[],layout_only,d4de93fabe8c109cfc1ca7623627891b70ebc2a041f7d214a08c027e515763d3,c951e47db4773da9c3de3b608b1adb3f5fc12cc847b4f4550831622fff1dd082
pm:vm:photonmelodies11.rio.003:1933169644:00044904:00233,cvm,【武】「呼……这到底是怎么回事啊？真是想不通。」<01>,[],layout_only,d804e5a00857a53550b813d99d772bd82cb8b56eef824aedc3e591e51f2d1481,98a5055296a0ecadc38441a73f5906fa8f41aa34a689c03954dcd4590dc7b471
pm:vm:photonmelodies11.rio.003:1933169644:00044988:00234,cvm,【冥夜】「呵呵呵……」<01>,[],layout_only,7adf8e48cbd1d5a19dbfeafda31dd2461a97fe4790ba4ad2473fd2a0d69fc7ab,60c6bcf4baa734ea7032707e0271230a554dda99f0a434147205167b2e77f028
pm:vm:photonmelodies11.rio.003:1933169644:00045476:00235,cvm,【武】「…………喂，冥夜？」<01>,[],layout_only,7b5ec51932a71106fabfd3fef32ce47b864a5e7dcb7118befb0424f14038298b,7b8ace4c8267bf27c34e62075ec6f053339530b03c504cb7138d13f02f7f4ff8
pm:vm:photonmelodies11.rio.003:1933169644:00045708:00236,cvm,【冥夜】「嗯？啊，是啊……确实，是奇怪的一天」<01>,[],layout_only,d072d9e2fc4486a7ca5f187bfcbcc7ea3a307b50a3546af117d17e126f222a86,7139da1b615132cb0dd0e249f51ec1b05e97a6eb0e90fe2b388a47790931e35a
pm:vm:photonmelodies11.rio.003:1933169644:00045940:00237,cvm,【悠阳】「是啊」<01>,[],layout_only,06d54618b4166eb5ffb04bbf741374144e64bb765518edce705f474f76040b1b,3cb75a73fc1c8df03e726b54a597ca0984d8dd821ab67b0e2084d345d942944f
pm:vm:photonmelodies11.rio.003:1933169644:00045984:00238,cvm,……嗯。<01>,[],layout_only,33822d0368aae21f3f8e2e21c103d8d6a955dca4455d1474debb1af88dae2b56,313fb558fc32b0113eaf133aff738f2813d4c3071b7a9a1d2189d868ee31fe52
pm:vm:photonmelodies11.rio.003:1933169644:00046452:00239,cvm,【麻理茉】「那么，今天就上到这里」<01>,[],layout_only,fae69edd32b8b32be0385f8876e1506eb11e32396f09bfb4198c55928f809f30,4db6e4e54fbf898820604ee2255074011cdf6c9ac126218969840eb23b28ee86
pm:vm:photonmelodies11.rio.003:1933169644:00046536:00240,cvm,【千鹤】「起立！」<01>,[],layout_only,5352e07269009054742a39819cac4802da231ae552a1086e080c30f26d1a6ea2,2a951f84ff7c6b612913ad333b00babd57f240c05a664504967719df726a31c3
pm:vm:photonmelodies11.rio.003:1933169644:00046592:00241,cvm,【千鹤】「敬礼！」<01>,[],layout_only,421c806410472898ca6acea2a6761e02935e06b8ad5182385498da0bd0cf8e08,34f96f150d723df54470d558130dafb3e9b73a4ea3d2193155896c935f813d3d
pm:vm:photonmelodies11.rio.003:1933169644:00047608:00242,cvm,【武】「喂美琴，今天，去玩巴尔加农吧？」<01>,[],layout_only,3fb83f711bd860f41c0fa96303e192cccd44489bbda87b19d48bd22fc0f4521d,6f10e0af4610e305b354c5710ca35b9d3b0b7628cef3fdfb5780236d5ed6e02e
pm:vm:photonmelodies11.rio.003:1933169644:00048016:00243,cvm,【美琴】「咦？」<01>,[],layout_only,c79ab7879f1b166e57feedfa60dd67fd75a31a4d0af0016b30081d777315ce23,e82d062879a47fa88a87982c2a4a7651c3c0959a4fbbabb6390dd4c1ba205f01
pm:vm:photonmelodies11.rio.003:1933169644:00048060:00244,cvm,【武】「总觉得今天，一整天都不太对劲……<0A>这种时候果然得把收尾弄好才行。然后再顺便――」<01>,[],layout_only,6d4b837b9c12b3a49d4a4882ff799fba637c24436f3c452e071e847252b8b618,36c97de1714e32ceb011dd453ce8b479fe551c28bc8ce7713c111594142fb51b
pm:vm:photonmelodies11.rio.003:1933169644:00048292:00245,cvm,【美琴】「我今天有事，正打算早点回去呢」<01>,[],layout_only,cb93e677e1c61f8543830d287537ee8b9f86b1f5f86c7d2248d80c255ec40e03,08a2fb4d7eea5fdfb572a8ebf577f1e5aa61570bf3811a1dbc6e9cd80b33b1a0
pm:vm:photonmelodies11.rio.003:1933169644:00048336:00246,cvm,【武】「你怎么说得这么像念台词啊？」<01>,[],layout_only,d73a3096ed90f7c247e7fd6f576cf0342cfbb059daae9b3c4256862faba7b12a,bebd457c14bcc183fc045a88cba14942c6143d87a3ecae8a5138c6d6233ec8c8
pm:vm:photonmelodies11.rio.003:1933169644:00048568:00247,cvm,【美琴】「和平常一样啦」<01>,[],layout_only,9872915ed7c4d2a6e14dba08b299b2916cd09ea271dc78bd6a6cfbf828f433de,86a418852dbce73af0fa2d7d035aa397906f80c95ddda737ad20540c74552e3e
pm:vm:photonmelodies11.rio.003:1933169644:00048612:00248,cvm,【武】「那从今天起我就叫你……」<01>,[],layout_only,084ad4cb2cc4e2f07bb57b494bc431b89fc2460ffc8d01de96b6cb6ee3653b43,0a4f6e95edf20e401aaeae883561860bda9a470641b35cf4045e1bf356134481
pm:vm:photonmelodies11.rio.003:1933169644:00049048:00249,cvm,【壬姬】「小琴，来帮我一下」<01>,[],layout_only,2a1481436d8d2c073e8c6b9007de9e3c4aeccca5bcafe6edc1b9d1af276afee7,1f4026ae0b1ac540b03f70686337fce1e86009d9b3279d5e07bfab5ff093fb83
pm:vm:photonmelodies11.rio.003:1933169644:00049272:00250,cvm,【美琴】「啊，嗯！！」<01>,[],layout_only,6421e0646a4d97e02bc8a59178807f32af3fb01d5c7fe895b07727d8a98d2876,92717f7f02de563a2caa5c058d2052e8b6ade9accdc06493bfe5fefdafd76f9f
pm:vm:photonmelodies11.rio.003:1933169644:00049584:00251,cvm,【武】「…………倒是听我把话说完啊。」<01>,[],layout_only,346cc04d54d76ab8bfadb7bb91b8ee1d0eca428a1c570442dbd812d8271fc7a1,59161ad34da7350ffd8d11edceb9dff4b170fe6e708379b2370548ddfb0d9e06
pm:vm:photonmelodies11.rio.003:1933169644:00049628:00252,cvm,……这不跟早上一模一样吗。<01>,[],layout_only,94adb993fd03db38a90b19a96d997575a1236e6f41b2fa13d31f2c54126ae73e,fd6b8a6dae0e9bca476f8d7086c1ca0d3d587e791fce0426cdbaad8fffbab9c0
pm:vm:photonmelodies11.rio.003:1933169644:00050112:00253,cvm,【悠阳】「武先生」<01>,[],layout_only,c91fb7041468abf6336b24a970a8056dec5f664e03c426c99a0989af9fc892fa,6e6385ac93de517da3540ca73469163f2d5227c0908820e350fb75b7f9d082ac
pm:vm:photonmelodies11.rio.003:1933169644:00050156:00254,cvm,【武】「嗯？……啊，我大概猜到了。<0A>你们也有事，不能一起回去，是要这么说吧？」<01>,[],layout_only,ae66e55a62a1846897b7c8bb714558933ea536283516fceee3f18259a9b8ed8b,aa5ff6a724b407953b18d027b292967a2be91888d6ebc2a2a61df279bc1d959a
pm:vm:photonmelodies11.rio.003:1933169644:00050504:00255,cvm,【冥夜】「敏锐啊，武，正是如此」<01>,[],layout_only,d4a3f21587d13c476726890790bebad22380c09ad764e37d94af3062510cfdce,428991071811c4f9803decca598281ad0a926441f91cb28478a4461c10b4643f
pm:vm:photonmelodies11.rio.003:1933169644:00050724:00256,cvm,【武】「真是的，今天大家都忙得团团转，怪得很」<01>,[],layout_only,b738e1c281ba49a34f5714f4a844af6d67c7f360a60c2de59dc059f43bde5d9d,ea17aa764bd708429754882de321e16a1fc1a23154bf5f13d14b831c8ccc6e31
pm:vm:photonmelodies11.rio.003:1933169644:00050940:00257,cvm,【悠阳】「武先生，对不起……」<01>,[],layout_only,c8d7c7f4ee17d1b5b506ceaaf50e75cddad4a5d1cf33300ac65951711589f89e,28c081a5bcff7247d14d66bde6a511c6ae4e4d7aaee98a2b0de6a12e9cfdae07
pm:vm:photonmelodies11.rio.003:1933169644:00050984:00258,cvm,【武】「这又不是要道歉的事，偶尔也会有这种日子嘛」<01>,[],layout_only,628d53f3f9c9ec8e2505f5040b78ace0a5649d268cddfbcd418791b0b194a2e2,0b4dc58ae48d3443a5e02abe72ca50a969d8ba871f5f07ccc0bdaccc3d507973
pm:vm:photonmelodies11.rio.003:1933169644:00051332:00259,cvm,【冥夜】「是啊，就是这么回事。<0A>那么，我们还要赶时间，先失陪了」<01>,[],layout_only,3eb93824d533e39e69c6f24962e94f1fd640bac81ef2af6a8334c43597c8a04d,9d56bb1ce5501c08c5fa7ae38561add4af439cd53e964fc2a811750ab415c3fe
pm:vm:photonmelodies11.rio.003:1933169644:00051388:00260,cvm,【悠阳】「晚上再见」<01>,[],layout_only,5b9641dc7f74023d54c454c5c4cc11570557943a2a23ae688c5d3cea9200dea4,44910e4c5d7a33856f2fd3e82a5386314f3a4ccc3788faa69c6845226821218f
pm:vm:photonmelodies11.rio.003:1933169644:00051432:00261,cvm,【武】「嗯，回头见！」<01>,[],layout_only,96d337d61d4f96cab2175b3ec7ef139b732074cbfae6f0ced722510fb50c7b76,540236291f503f3d9780b48bf8600e98a2799705dcd7b212aa8142cd8ba80fc8
pm:vm:photonmelodies11.rio.003:1933169644:00051880:00262,cvm,真拿她们没办法……。<01>,[],layout_only,c588bd02d9c7bd25813bf36a4d305668f1304f1c016a9292c64d7c57284572bb,c2f640af9f024b8fc114de871a3ebb21a1033e2503e24fcd3be4eff2ed998c09
pm:vm:photonmelodies11.rio.003:1933169644:00051924:00263,cvm,不过，话说回来，我本来也不能和她们两个一起回去。<01>,[],layout_only,5616fefcf929fbe303ab6c61e537f04dbc8e117ee9931925d042878339a04267,c3905da0d99606080aef6a0ce580b08e050b1f69f359c2220fceeab16818ac91
pm:vm:photonmelodies11.rio.003:1933169644:00051968:00264,cvm,我还得去橘町给她们买生日礼物。<01>,[],layout_only,b20f5f5a06fa68a17b4ed33fb2a92c2978978235bd5c4a826a59fb4d66c55ad4,1b55a11a5c5a9bde23899a9143d9fa7224c3f51aa9e3a66fe62cf41c5fc558ec
pm:vm:photonmelodies11.rio.003:1933169644:00052012:00265,cvm,说真的，我完全不知道该买什么，<0A>本来还想趁着去玩巴尔加农，顺便问问美琴。<01>,[],layout_only,2ee4bc947ca37ea333a7ed852bdec6833111302ac144e075b7a27865f1ed8926,f089567b7da2adccc79398caa4b0d6839b4b6de0c961dab6c8d5020b5c3283b0
pm:vm:photonmelodies11.rio.003:1933169644:00052056:00266,cvm,我有种就算问了也没用的预感……而且多半没错，<0A>不过总比我一个人四处乱转要强。<01>,[],layout_only,a53d48afa275751cc2f4c23725cb69c8bbb84680f7c0c2f8eda0cc2792a63b91,ba9d3c1d3272028008fc8007e8ec86370f31e84ed3bd8c50578fcde5086bc625
pm:vm:photonmelodies11.rio.003:1933169644:00052100:00267,cvm,……光说也没用。我自己去吧。<01>,[],layout_only,0aaa4ed9956fec0487b8925d3d986dd555b0519fc94653ead362ce3948df1ae8,f2204fc9118bc5b618446f9ebd0d4d249dedce94894fd89189fdae1f58b09472
pm:vm:photonmelodies11.rio.003:1933169644:00052644:00268,cvm,嗯～……。<01>,[],layout_only,b1f66a8317c8199f10da3968b0702e51e73aab076af5820fe24861ff784398ec,ed50283a4455690f997c614489665125d1c79dbdc7e4e33074cfd3ba419d8bf8
pm:vm:photonmelodies11.rio.003:1933169644:00052688:00269,cvm,果然还是完全没头绪啊……。到底送什么好。<01>,[],layout_only,3a73f602de973a08e6400955678f792f67651576c6f8973137bfaa72c4037bf7,fb8a972e91646ad6956e5de93064339e433e57b09d03566834f2385789688d6b
pm:vm:photonmelodies11.rio.003:1933169644:00052732:00270,cvm,当然，我想不管送什么，她们都会高兴吧？<01>,[],layout_only,73ebd3505e7beb03256b2217233eb6d1008adb31cf48a7b5965a2bb18864ff19,670fb8aa455981efbaae604ae7b27dba535aae22a9f9b1e492de47d4f31f7802
pm:vm:photonmelodies11.rio.003:1933169644:00052776:00271,cvm,可是，正因为这样才难选啊……所谓“什么都可以”，<0A>不就意味着我的心意会直接体现在礼物上吗？<01>,[],layout_only,1c210d220fe4baf91fc63cf4aa95ca6e29da3f3440eee8b98e6505dd8a762d0b,27d263760b791bc6157d096dbb530725fd3fa86631efb0b839472d605b4fa8cf
pm:vm:photonmelodies11.rio.003:1933169644:00052820:00272,cvm,不过，就算她们真有明确想要的东西，<0A>那也肯定不是我能弄到手的吧。<01>,[],layout_only,fa833717bacce366f63bd659fd85de3fc5fde572446a4e9ebbb70110c0f799db,80c32d7b1f58c50ca9f00d6b9b378dd9c75c2fad4f99d1509a395046b3a9f116
pm:vm:photonmelodies11.rio.003:1933169644:00053280:00273,cvm,……嗯～。<01>,[],layout_only,33822d0368aae21f3f8e2e21c103d8d6a955dca4455d1474debb1af88dae2b56,688ad56417f89ef4ab5617d6419275a881c86fb80da443362feaf82c381081cc
pm:vm:photonmelodies11.rio.003:1933169644:00053324:00274,cvm,我还以为来这里总能找到点什么，结果反而是东西太多了。<01>,[],layout_only,adeb3991b7af5d25d27268afbf0f17e3ab81ff3dd82f40f099b83ba37292856b,94a90242d6cd5ca602a39219ddacf86a4473469c064a0986be48356d37f84457
pm:vm:photonmelodies11.rio.003:1933169644:00053368:00275,cvm,而且我，都跑到派对用品区来了，到底打算买什么啊。<01>,[],layout_only,78956084c9738057b7a3ad7c89d0af953229cbdf870bda22bd5bbe909f11b12c,6920780af129271a1e0b0b63488579f6ab2c0ae37f1baeaa59235a1995f5696e
pm:vm:photonmelodies11.rio.003:1933169644:00053412:00276,cvm,…………不，等等。<0A>换个角度想，独创性或许正藏在这种地方吧？<01>,[],layout_only,0b1f2c0ec96a300a4f678eb349848ff11cb5b5842f1144247a51820eda173917,7c336f449cb36846751a6c002135d43f83997d9bef7f949b65d573ebb66788fb
pm:vm:photonmelodies11.rio.003:1933169644:00053484:00277,cvm,比如这套兔女郎服。<01>,[],layout_only,ee20ffce6ac369e21ca9b5923e6ee2fe0e9cd3645a351e6210cd65f6b80fd2d5,3aa82102fae2bc9ea5d9b9f19959fbf003ee7496a3e26eb65d875911930c4a56
pm:vm:photonmelodies11.rio.003:1933169644:00053528:00278,cvm,会把这种东西送给悠阳她们的人，一般不会有吧。<01>,[],layout_only,84e28b41104cf61f4e50eebdca6daf12cce7a32d01a9edce5532022220ae09c7,adf1e5c5dd18956cdd41d3515941b3f013c9f0fb007582f01c39d781a504da3d
pm:vm:photonmelodies11.rio.003:1933169644:00053572:00279,cvm,这才是只有我能送出的礼物……这主意如何？<01>,[],layout_only,49bad42c0f280a896f7a62c8af5cb3a7162f3341a6a14271a462e9b3ceed728f,5a7b6fb177bc7971942fa3176f70a9b2d748b40ba35eca8625cf74834958c4df
pm:vm:photonmelodies11.rio.003:1933169644:00053616:00280,cvm,原来如此，有道理。<01>,[],layout_only,767eaee31bf5bee5870da1cb927e6cdfa8d2c2cdbcdf7dbe07874d002d04e171,64a54871886de8d212a66e92899a58cf54fea847ccd25b59138de87cf1949533
pm:vm:photonmelodies11.rio.003:1933169644:00053688:00281,cvm,既然如此，为了多点花样，这边的护士服也该列入候选。<01>,[],layout_only,1b1a8449d01da67096894214c35bb5e047fb6efd3cf57c7ad227c5b7478e2a1d,67ff5aec83bd3f42796f916216d81b20a7157c91600491e6cad359b718d2dfa5
pm:vm:photonmelodies11.rio.003:1933169644:00053732:00282,cvm,嗯……这是……？<01>,[],layout_only,afd54e23736e0f7459fb52a34b0a6a11d2bb5123ac90381abcf15cd8daeca0c6,5eb80cbf96c5c4660c2a811cfa289c86b4aae525965e85d0960fe6f61a31135e
pm:vm:photonmelodies11.rio.003:1933169644:00053804:00283,cvm,嚯嚯，如果要彻底走搞笑路线，这个相扑力士也不是不行。<01>,[],layout_only,9086546b11bbfe7a27c11a0fdc799c5d3ba02d1390f00506f1c244c624721d7c,f01671326e1881db41e0dd188249ecccd57e5b48a1799ec4630ce88eb6016674
pm:vm:photonmelodies11.rio.003:1933169644:00053876:00284,cvm,哦？不，等等，这件旗袍也很难割舍啊？<01>,[],layout_only,eac30995d52cd9f81bd90768e64c15cd9bcbb74d2269787cbba790177b7c8ecf,529bf6598c1186e0dc3c68c3a56ff24db486603ad1483e78dd97e65035a21a47
pm:vm:photonmelodies11.rio.003:1933169644:00053920:00285,cvm,………………。<01>,[],layout_only,65286ae940fe82e427436b762e00a4b043f20acb55804535e507c56407feb440,4b9a305fae71661ee98f0fc0e96494d9ab9431e3da7611fc609e9d10c9993131
pm:vm:photonmelodies11.rio.003:1933169644:00053964:00286,cvm,好――有头绪了！！<01>,[],layout_only,0d6a3f554e80367c364e13759eab3474d334bebbfe7506c758b26e736f6b7b23,dafc7a384add39a2da999e8fe7de72b51ef0c9342c8ebfc5d37b846e7ad9afa5
pm:vm:photonmelodies11.rio.003:1933169644:00054008:00287,cvm,全世界只有我能做的事——她们俩期待的正是这个！<01>,[],layout_only,3689cdd774af922bca9a486c67a47b8df816764b713be22f84ae53061c8e3c05,1c930ec74589518f03e613af4661f9ad94ff7d28a4b9421a1a89d3cfcaaff0e5
pm:vm:photonmelodies11.rio.003:1933169644:00054052:00288,cvm,要是送出这种东西，纯夏和班长肯定会有一堆意见吧。<01>,[],layout_only,2fb0fa932bcd916e87478c9b7a93239098fd057320786c302425c8cbf947a450,0e1c202f01fc555cc041c5a84c97921dcf099d1a0d8367dd069c6f397623f292
pm:vm:photonmelodies11.rio.003:1933169644:00054096:00289,cvm,可是，这就是我的个性。轮不到别人说三道四。<01>,[],layout_only,0bf7939da765837eff5bbfe251f5d9275bf6cd2fc2afc44f84fbf771ae33b43a,5e33b1fa638dad7d4a8a2212fd3a12cc49e7677cbe725b0a74f59e8ea47e44f7
pm:vm:photonmelodies11.rio.003:1933169644:00054140:00290,cvm,不，就算真被说了，只要我自信地反驳就行！<01>,[],layout_only,7dcb147f51c148d73c3e858b9f241db55fc3ecc5a9a6e5730131eee78a0c60c2,c9c4e41fd7431c413af24dae390b492b4c811adc2473bff773ed23f244024f88
pm:vm:photonmelodies11.rio.003:1933169644:00054184:00291,cvm,嗯，所以首先，就不能随便从这些里面挑一个。<01>,[],layout_only,6d05d1ae84e149b63e483c81396eb703b5ceaea1c08b8082ba50656d0526d95b,5c950596ad829b9ca1ef1b799570475d3256416694e68378318fba959cde40d3
pm:vm:photonmelodies11.rio.003:1933169644:00054228:00292,cvm,如果其中没有体现“我之所以是我”的东西，自信又怎么可能产生。<01>,[],layout_only,9380e2948789e9d91642ffd23db6bddc2348bc159e63a2757c92b5315170e29e,f450e6ded011db72c5750a7b9374e5ab9fae8754a2167a59ae8408f15631d02f
pm:vm:photonmelodies11.rio.003:1933169644:00054272:00293,cvm,好！那我就倾注灵魂好好挑吧！！<01>,[],layout_only,a9cc8533e57ff4e0e28a5b0ce4a331d3eaebb7fa48e57a02130b528412f31973,1b34fcacfc6ce3f742bf1d14a172fb37c91201dbdb0a53cf0332b3ce7691adba
pm:vm:photonmelodies11.rio.003:1933169644:00054344:00294,cvm,水手服这种东西，有点大叔味啊……淘汰。<01>,[],layout_only,2ddd5d62d0fa354d356b0e2730c60ae736dd766b66335aa8fc27987117614594,0ca77c57991d6c5f378c647c3a040bd819fe0d944eef2f5a824a6200b7f6623c
pm:vm:photonmelodies11.rio.003:1933169644:00054416:00295,cvm,白领制服？我倒不是感兴趣……啊～，<0A>不过想到她们俩穿上的样子，好像也可以……保留。<01>,[],layout_only,17577eed706cb10fcf90d3adeabd043b85f63b4ad00d968b169e03e6ffd2dd44,fc6382821fbf4677e346340d0d8ba17ed52b50da2b4c4d35e7021318ad438e89
pm:vm:photonmelodies11.rio.003:1933169644:00054488:00296,cvm,女仆装……世上其他男人怎么想我不管，<0A>那三人组已经让我看够了，淘汰！<01>,[],layout_only,34acb5a7c0ba1c3ebe4b73e301be00cfb915e148c3cb75694f25990ac235df18,27b2ae608a2dab53226aeed573775fc866ce7305e119f2a8d695197f22302c40
pm:vm:photonmelodies11.rio.003:1933169644:00054560:00297,cvm,这是……赛车女郎？不错。<0A>可想到她们又不是在蓝天下穿，就显得相当不健康了……保留。<01>,[],layout_only,dad5419c41033099fa4cc6fe282dc8cc7cd582dc2ba2985c32b5af6f869e01c0,e7a15e687a3abb9c1bffdc34b5043fe455b64488c2a830e558b334f3477501bf
pm:vm:photonmelodies11.rio.003:1933169644:00054632:00298,cvm,动物系……还带猫耳？不，这个再怎么说也有点不妙吧……。<01>,[],layout_only,83c4b13e4341015473ada6f17fda5bcf3af56164b3a1aa443bec90c742e17e03,14a109563ad56a0661d521a560541e927731d6d0689b8f7e3366094be874d72d
pm:vm:photonmelodies11.rio.003:1933169644:00054676:00299,cvm,要是小珠穿，最多也就是可爱，<0A>可换成她们两个，该说是不健康到了极点吗……淘汰。<01>,[],layout_only,03e907143e61e5a3e3edc106801cc6cdf781590fac5826c2b5ecd4d760de0d03,77ed0bb9c5a5555889f016489595170596347bb8e8d9061596ca9bf4a35a158a
pm:vm:photonmelodies11.rio.003:1933169644:00054748:00300,cvm,哥特萝莉？哥特萝莉是什么？虽然不太懂……<0A>这股复古感倒是不坏。单纯看着挺可爱的……保留。<01>,[],layout_only,73e814bb4306100a59fca157f0917e6166d74a4b128a5334d013dc65840384c0,1cd26a5d50ccbf90a26c646044d27736c033a0abf6399fa4776e56255f8514e2
pm:vm:photonmelodies11.rio.003:1933169644:00054792:00301,cvm,还有呢，还有呢……。<01>,[],layout_only,3cd6ccb2d488365020b26f6d03fac1260857be6142e33faffa823a20eeb99bbe,2517f2ecc18bd25734aae573d8d7b71574614d91d33b92d42b6aa617c778b53a
pm:vm:photonmelodies11.rio.003:1933169644:00054864:00302,cvm,………………。<01>,[],layout_only,65286ae940fe82e427436b762e00a4b043f20acb55804535e507c56407feb440,4b9a305fae71661ee98f0fc0e96494d9ab9431e3da7611fc609e9d10c9993131
pm:vm:photonmelodies11.rio.003:1933169644:00054936:00303,cvm,…………。<01>,[],layout_only,efa30788584cfea7ade60ccc37d7fc6cda943e64935eb133252c341159e58e05,0b3d7aae4004dc9b91522cf9245f879b48b6a3b3d3c28ecbba043ba8207a6df9
pm:vm:photonmelodies11.rio.003:1933169644:00055084:00304,cvm,……。<01>,[],layout_only,a8c0841fada26437e06edf4cc99a2f89302a31715e6fffabf09bae04dbbc9a80,8b9838ce3d87979c99406185b29994e51c8853c86ecd9f0c3a80843c34808661
pm:vm:photonmelodies11.rio.003:1933169644:00055392:00305,cvm,——我到底在干什么啊。<01>,[],layout_only,df606261bac04e05ffb9443bdc905977c6973b07dc11dc36f952943503129589,1f415f4bc391fa9cbd3e03324126d76679b1b110a35b214f07a69bffd5c8a5aa
pm:vm:photonmelodies11.rio.003:1933169644:00055436:00306,cvm,这种礼物绝对不可能吧，怎么想都一样。根本没人会期待这种东西！<01>,[],layout_only,64788aa04ca4c4143dbd507cc71e0f4932fe31ee819f3fc8c027b01bfd29aa7c,10aa021466e01c8e827f0432a2d9696a5c92730c87ba2189f1da678d8e620b33
pm:vm:photonmelodies11.rio.003:1933169644:00055480:00307,cvm,我到底干吗还倾注灵魂认真挑啊？话说，刚才那些就是我的灵魂吗？<01>,[],layout_only,4aa5253cdc72217f5846a57d97c83158a886b52a39a2ada2f8d96e3f4c23fea4,bec22a7c94f1ddc636dac79c30d18886f3c25d62bddfe5fccd80ab9f33847732
pm:vm:photonmelodies11.rio.003:1933169644:00055524:00308,cvm,……那岂不是说，我是个彻头彻尾的变态？<01>,[],layout_only,223424a23505e44df9bbdd3522d266bb8c50b3f72f6137ce3adf38f602da5f1f,f9d2655d6a2889d70c7f3d65a1e33ecd832b40b204e9dcc3cc2a4fd5d4893ee0
pm:vm:photonmelodies11.rio.003:1933169644:00055568:00309,cvm,全世界没人会送……那不是废话吗。<0A>这种笨蛋要是满街都是，人类可就麻烦了吧。<01>,[],layout_only,7761a9b16222eb3d6fe3b794a26b35963edd00d302684979fca5f0976e7a3220,4ae6ecaf1c5593da37763d95bb292c63116927c9554f830a904e2038d0d452a2
pm:vm:photonmelodies11.rio.003:1933169644:00055636:00310,cvm,居然把这种东西说成自己个性的我……是不是很不妙？<01>,[],layout_only,47f0abbd888c16f2d7982780391ffd7981541632f6faa7a97ad5dcbfc9664887,a8b69a63affa8ac94733cc1659c32ddd533dc9114cac0df32810eb55a79428e3
pm:vm:photonmelodies11.rio.003:1933169644:00055680:00311,cvm,【武】「唉～～～～」<01>,[],layout_only,cd74fb6ac319887610b6f41fa537ec6abf3e9709de36b59fe797063f1e15f7c4,11cc72143af4b52eb4dac872a0d6b172aed7f4af13895d0dfe9a42182a5ae556
pm:vm:photonmelodies11.rio.003:1933169644:00056168:00312,cvm,可恶，到底该怎么办啊。<01>,[],layout_only,0ec398485e6c925c339a5960d8e8d18ec4913e88f903340f562499acaaf15c9b,e0e5885dcd417be94f2ee5ff3257cbd0cb3bfa4fed23257719775b76089f2a4a
pm:vm:photonmelodies11.rio.003:1933169644:00056212:00313,cvm,要不干脆，选个稳妥点的 CD 之类？<01>,[],layout_only,2a0e874c6777bd6b89c98b6c667a97ad5511d67cd3cd6eb48d62007e8a616ebf,0128ee35144d31e1df70718d42ebbf1b7d0e0267ed479401bf44a1e41c5bfdd4
pm:vm:photonmelodies11.rio.003:1933169644:00056256:00314,cvm,可那种东西又……该说太平淡，还是太没诚意呢……。<01>,[],layout_only,729088a9fbc368fc071d9299e41e345094e0ea78f6bb1b52abc26b40bba1666b,7956b1d5d849284891353c72cf0a03b3750cf53ca663d94e644fa1804403ae30
pm:vm:photonmelodies11.rio.003:1933169644:00056300:00315,cvm,已经傍晚了啊……再不快点，店都要关门了。<01>,[],layout_only,10db8d7b8140b756c217ac7105144a8bbd177b3a662982598a85cf06f929d7ff,13e3a5d5c5951d9893e63856f1b48e9ffbf4ad2b4c0b7dfa870e3435d2f05fa7
pm:vm:photonmelodies11.rio.003:1933169644:00056344:00316,cvm,不行！像那样妥协绝对没好结果！<01>,[],layout_only,679f4e4d9e712375d243eea65c180aa66edc670bc4a0c1c524b0b291aa1ee27a,085dce165d4a99b3adaf06db168efe5365220b5924326a317bf4bf389c1298a7
pm:vm:photonmelodies11.rio.003:1933169644:00056388:00317,cvm,要坚持到最后一刻，找出最合适的东西！！<01>,[],layout_only,65cdde568db468ecb4d0e4f16c37ed7c0c253e5acd8eb7b24b042140a9b5c5ac,5e209e62f0f4b666f5ae23522d774737ea636dd4e0d490e1946e0902ad3629e2
pm:vm:photonmelodies11.rio.003:1933169644:00056772:00318,cvm,——我到底在干什么啊。<01>,[],layout_only,a0a2fb444aea658eff88a7a972610e5d33879ce9fb205c5ad8676e6ad67106d3,bea1bc06b7c8bac9667803e2e164e2ed7dee3c29bd03083be0aedaf42d2fabdd
pm:vm:photonmelodies11.rio.003:1933169644:00056840:00319,cvm,结果什么都没决定，店却一家接一家关门了……。<01>,[],layout_only,a19b89ccc4867777cfb04ae4654b740d5397fa4b03c9873db03e6a4e7661e3f1,bafb7fc200fbd59f9735993bb8b5753cefde0e6d666653ee41e7c54903297e6c
pm:vm:photonmelodies11.rio.003:1933169644:00056884:00320,cvm,唉……。其实我也隐约察觉到了，难道我根本没有挑礼物的天赋？<01>,[],layout_only,044ab1a7acfadadf1d08c4e9d68bd696279ab5636b5069e36738233a1e15ef75,42165c169f71def1b8d4dfcd99650c307aace2028f55fe58aef2bf3a21dc38ec
pm:vm:photonmelodies11.rio.003:1933169644:00056928:00321,cvm,也许真是这样。这方面的事，我几乎从来没认真考虑过。<01>,[],layout_only,d5950cf9091e34dc416e2d871358d237ac2444a073dca13932a2de2ba048faef,9f49a476b11f5851436d64f67ee79030e7fd2ef7cb7aebbaf6f279a5b1fdd0d3
pm:vm:photonmelodies11.rio.003:1933169644:00056972:00322,cvm,就连以前被纯夏半强迫着要礼物的时候，我也从没正经挑过。<01>,[],layout_only,84a3bd69fff37e701dcf0b29d4c73cd32857c86998c232f0dee02260231ee3db,07a59357a79b126bc631bb63d2791439896927654ad0ad298177c51c8d529d8e
pm:vm:photonmelodies11.rio.003:1933169644:00057016:00323,cvm,我脑子里，尽想着<0A>“随便捡块石头，说是钻石原石送给她<0A>会不会很有趣”这种馊主意……。<01>,[],layout_only,d78ab9878a880eb095dd9ad2883682738ac514910938c758c165babcfaa71a7d,03df24f8911cd0a742ecbda51b3f5e8a9638767bf3e9d78e6258282a4a673919
pm:vm:photonmelodies11.rio.003:1933169644:00057060:00324,cvm,因为啊～～！！这一招对纯夏真的管用嘛——！！<01>,[],layout_only,23ef42f623c21e7cedb9f381bda9fc0f4586683e643d6484ef8bf2d4f20a7d5c,efe77b279a89a68c9bbb058b27c20d50b05845097937c21df5f357f2abdbe55b
pm:vm:photonmelodies11.rio.003:1933169644:00057340:00325,cvm,怎么办。……还能怎么办。<01>,[],layout_only,b91f255c810e6bd41466338bf2cce5a50fb306886a97c1662d13c9d0d5dab3a2,b372d33aefe70f86fb60a26a6c7e0d280e0d0a89427478651289c0e7b8ca8b7e
pm:vm:photonmelodies11.rio.003:1933169644:00057384:00326,cvm,已经不行了。选择只会越来越少，体力上也开始吃不消了。<01>,[],layout_only,88eb62808b9bc21db3cfcc883b17a5f30d9378e264793f670c84f88a6df50363,bbb3f8779c61534d35d0ac6ae1a82a31b3c5ec9c19d20c5519f5e183ae968e81
pm:vm:photonmelodies11.rio.003:1933169644:00057428:00327,cvm,我在这里，到底来回走了多少趟啊？<0A>都逛到就算有人把我当可疑人物报警，我也无从辩解了。<01>,[],layout_only,729bebde00a9c578f13b0caa85eb244e15957b0b4aa35a1b6e1b16619ad96530,26fcc6e85d4ccdfc0f51c09449384c95cfe0bbc210df715c55407d88faaeb9ab
pm:vm:photonmelodies11.rio.003:1933169644:00057472:00328,cvm,…………。<01>,[],layout_only,efa30788584cfea7ade60ccc37d7fc6cda943e64935eb133252c341159e58e05,0b3d7aae4004dc9b91522cf9245f879b48b6a3b3d3c28ecbba043ba8207a6df9
pm:vm:photonmelodies11.rio.003:1933169644:00057516:00329,cvm,好！回 TQ Arms 吧。就在那里选定吧……<0A>只要不是刚才那些服装。<01>,[],layout_only,4170d38ad938d8f84e8d7a25015336f89902e0193be21ce941984428647d4fb0,a224f722292e843e520ba7c4ffb4bf504968078f7cbaa7bf80aaa0204f949a3d
pm:vm:photonmelodies11.rio.003:1933169644:00057560:00330,cvm,对，要往积极的方向想！虽然多少……不，<0A>是花了相当多时间，但至少正确认识到现状了。<01>,[],layout_only,fb1ef73651e3e03a6324e6f959f1b3fe700fb55baff0077ae4d30fb255c4fb89,7bb117f0b6fb4ecb61af04220d444428212f5da9f8e6df0f70982e63adf6f5c0
pm:vm:photonmelodies11.rio.003:1933169644:00057604:00331,cvm,纠结来纠结去没关系，可最后什么都没买，这才是最糟糕的！<01>,[],layout_only,0c08b712644030d1ffa2ec84700c3761fe057913eee0004b7fd5ebf6fe89cbd3,c25ef34d3cf8c945dcfc74f58b3d8826f3acdea6f2ced56260a05c52105f5041
pm:vm:photonmelodies11.rio.003:1933169644:00057648:00332,cvm,我想为她们庆祝的心意绝对是真的。<0A>哪怕只是一点小小的形式，要是连它都表达不出来，<0A>总觉得这份心意也显得不够坚定，我不喜欢那样。<01>,[],layout_only,829fdb0788d1f94fa68e059de144b0b7abb2fce58ab8b7748dfd7d7f9e3846eb,9036663844bf455b78f1d32e2d1949313bcd3411e73885d61eaef077a697d947
pm:vm:photonmelodies11.rio.003:1933169644:00057692:00333,cvm,就算别人都说没关系，我自己也接受不了。<01>,[],layout_only,b85210967d73e74fdf56811bef6ab976b057be308366adc42134ae50967896e7,9d49a34867f7ae78bcfb122ae761299d4e71a3e23352bb21e4ddeb496635d62f
pm:vm:photonmelodies11.rio.003:1933169644:00057736:00334,cvm,所以，什么都行，就算是随便选的，也是我亲手选的！<01>,[],layout_only,ce2063c27aedee85a4e8928b8dc32941c236a687ae636b9003f4708026392ec4,4bc7ec29451b68b09132411e8a6e6360216c128d5bc17e788dce485bc07629a7
pm:vm:photonmelodies11.rio.003:1933169644:00057780:00335,cvm,……那就这么定了！<01>,[],layout_only,d96e1ff7c8f0ff257f71687f9b9f507c6e65dadc5276648131b19fbdc3dc7e12,50c697928e541c35214448fbcd100a7833532e8525c340c3e3e0a1e0508c79a6
pm:vm:photonmelodies11.rio.003:1933169644:00057824:00336,cvm,好，回去吧！！<01>,[],layout_only,26f0200ef4328fc8918b7ac41fc43988a50d3479ec80366d350f6a3532794616,094b473723b19e34abc7ff9728e1b9edabb0784b89145178865ff9135f0e0465
pm:vm:photonmelodies11.rio.003:1933169644:00058284:00337,cvm,…………嗯？<01>,[],layout_only,3644bca23326ebe8f5b313dd1219b9642c5ecdcd06d502dc830e71858ec9440a,ea2ad10933551d668ab9f5f3a51f735eb3c860e7e9643f150543c2af16a38162
pm:vm:photonmelodies11.rio.003:1933169644:00058328:00338,cvm,那边摆了一大堆的，我记得是手机挂件吧……。<01>,[],layout_only,4d84f23a306d45ad82eb903e030ff215064140c6c326360a259a3b80610e5fdf,b0c29dfe2d61773d4f82167d53c9be97572772fe43bf3dd78a71d0ce56d806d2
pm:vm:photonmelodies11.rio.003:1933169644:00058372:00339,cvm,…………。<01>,[],layout_only,efa30788584cfea7ade60ccc37d7fc6cda943e64935eb133252c341159e58e05,0b3d7aae4004dc9b91522cf9245f879b48b6a3b3d3c28ecbba043ba8207a6df9
pm:vm:photonmelodies11.rio.003:1933169644:00058416:00340,cvm,刚才我完全没把它们当回事……现在看，意外地还不错。<01>,[],layout_only,d41b6c1bff9158e93e4b3d5db08ca210ace64572a66c7eaaadbe72e64fe7c41e,095c78f50dfc3e6058c25218206a2d7cee8af813ce8c144bbf3e9bea838af449
pm:vm:photonmelodies11.rio.003:1933169644:00058668:00341,cvm,哦……种类还真多。<01>,[],layout_only,18f3fc7c4975e52269ab23af94d96fe3a67d4b0541ce2c051978c44be4a5b37a,5f23068d680ab60d355f66dd15c07e9b148c95ae5fa6740c43292745d7fc63dc
pm:vm:photonmelodies11.rio.003:1933169644:00058712:00342,cvm,最近好像很流行嘛，在手机上挂一大堆挂件。<01>,[],layout_only,4a71f6012e522b58b45cca92c5aa251d1fa11b2fbeabd80add3694ac2532f85f,75c7ad2dcf7dd07bd87985d55673c4f6101849e26541f5559e4ef0690b186d6e
pm:vm:photonmelodies11.rio.003:1933169644:00058756:00343,cvm,电视上好像还分析过，说大家是在用这种方式表现个性。<01>,[],layout_only,84c8b8b1b821755862ee2247f3c197984193901491c7116b292e4a73b14e6881,d038588cc97b8ead9559868eaf7b400d0bd5e652f2a8b5a17c02b84303d88958
pm:vm:photonmelodies11.rio.003:1933169644:00058800:00344,cvm,确实，我要是自己有手机，也会想挂点这种东西。<01>,[],layout_only,cbd091813a884cc1042e2c49b0f2efc9a44125cb92e1f3a64b92dbec6eeb9b40,fd530cc526f178a9f1b1960be6cbc836c4985031a042ad13dde9bf69c4f14d02
pm:vm:photonmelodies11.rio.003:1933169644:00058844:00345,cvm,手机本身的设计都一样也没办法，<0A>但至少在自己能做主的地方，还是想加点花样吧。<01>,[],layout_only,d69a416c3ee077386f62c28f5721b759c99f53f88b2df9ea45c85ace7f310338,29fa8f3afd35944d0cb35af9e02bcee2e928fdac62116cbe5bbd385a70e6f25e
pm:vm:photonmelodies11.rio.003:1933169644:00058888:00346,cvm,……仔细想想，这个东西，当礼物其实不错吧。<01>,[],layout_only,f42e75ae5921b4d4ea176a724ff465bdb0781ee493879e30c21ecfc17f1796af,9446e605d305272361698d36683c913fd29b3c750eb6f707409c5bf1222fe502
pm:vm:photonmelodies11.rio.003:1933169644:00058932:00347,cvm,显得有点廉价是个缺点，<0A>但能让对方一直随身带着，对送礼的人来说也挺开心。<01>,[],layout_only,dbe3fb2f30e11db145409e670063d535d5cb83ca92ca57ad9f7e8a97ddb622fb,59c975c6a6bcbbb271a162e08d5865f1d1c785fb2b5f18396f5c49fcf2ca92d0
pm:vm:photonmelodies11.rio.003:1933169644:00058976:00348,cvm,不过，既然这样，早上就该让她们把手机好好给我看看的。<01>,[],layout_only,12bec38c3d5757d3cb34256f53b5d63fb976ccc573b70f2ea78276a554960340,1ba48b25a8e9b90f41d2ead25fcbc068900479a1f63f61e10813faa60de923db
pm:vm:photonmelodies11.rio.003:1933169644:00059020:00349,cvm,悠阳明明还拿出来用过，我却完全没仔细看……失误了。<01>,[],layout_only,1e4be62fa7b209a9b4901bfc7139b67f7fe7139969161fed3f41938d82fa1a38,419d83b98be11946338717edf6b98aecf6a8ce4114d6207a2d91792e98f1ba37
pm:vm:photonmelodies11.rio.003:1933169644:00059064:00350,cvm,她们两个，会挂什么样的挂件呢？<0A>不，先不说样式，她们会挂这种东西吗？<01>,[],layout_only,9025cd22bee5332ec26d9afec95a7e4548bf20a5847db1ccd49cba7b573ae308,0a68f57d6eece77409af659d86cf962bb021b10edc10a9b682868d2ff13791d1
pm:vm:photonmelodies11.rio.003:1933169644:00059108:00351,cvm,她们会不会不喜欢这种装饰品……啊，不过，我记得<0A>电视上说，这东西起源于江户时代流行的“根付”。<01>,[],layout_only,28c90d9058793997c5f5f9043e4f8de607c5f8f63f7828f7abf3e3941aab5ef3,ac9572d6bec8ae4984a2fc7dcce4604a48a659d1ed7b4ca61650dfa93ca62f77
pm:vm:photonmelodies11.rio.003:1933169644:00059152:00352,cvm,就是从黄门大人的印笼上，垂挂下来的那个东西。<01>,[],layout_only,8a98c52c7ef93fae0b659561f90a5ceee3f7c36c506605ef794f38626be2590c,1cddd350d339354c4d5a8fa5b048c9c3315e5a98cde241c289aaa95129b77559
pm:vm:photonmelodies11.rio.003:1933169644:00059196:00353,cvm,如果那是真的，作为现代武士的冥夜，其实也可能喜欢这种东西……<0A>悠阳就真的不好说了。<01>,[],layout_only,f7fef156800b57bf8d1c7445d7f21d8b99200b65f1270d68901dad63cf8f6dd1,70269abd9297164d4990874af50c1a80e1ac2b653967979dd5126f72123fb445
pm:vm:photonmelodies11.rio.003:1933169644:00059240:00354,cvm,不，等等。我记得“根付”这东西，有些好像还有很高的美术价值。<01>,[],layout_only,50cfe352cc824057bec09f7e263070986cde0c6ff0d4cf0694cf54aaf21e696e,5c42ffd2a36586adce77f2a734699faf45f7fca3feac972485602b7218001a3d
pm:vm:photonmelodies11.rio.003:1933169644:00059284:00355,cvm,这么一来，她们说不定已经定制了<0A>美术品级别的挂件挂在手机上…………。<01>,[],layout_only,79e56e75b62979c2e3b3792963e52248c67b725d48d7c35cf6182ad7bf804647,13c227e1ff54f60b392ada854228196173175e0700feb437988819873faf1fb9
pm:vm:photonmelodies11.rio.003:1933169644:00059328:00356,cvm,不不不！！<01>,[],layout_only,bbfa40db988cee03903f44fa425e4511839fc47b30d5c819b8b843b841af44c9,ac50d9e198e1298d310bd0d3858a4ae832ba548edf33f03db5ea8083e560b9d1
pm:vm:photonmelodies11.rio.003:1933169644:00059372:00357,cvm,就是因为老想这些有的没的才不行！！<01>,[],layout_only,043c04d4c52fe21d40e64754fa8e6efe7ad987c5a1ad1cfcd783df6bcb7d227d,f7497b9e3b6379855788be60aef8f31820893b42364636551c30874fbbea472e
pm:vm:photonmelodies11.rio.003:1933169644:00059416:00358,cvm,我觉得送手机挂件不错。那就够了嘛。<01>,[],layout_only,a92da2f6e35f55372490ce032b023fed67e52bdad85b3e3e38492c93f77ff154,1485df5881ad02f8444915c82fac87683d09fd28fd0dbe5113c4ad23457d9737
pm:vm:photonmelodies11.rio.003:1933169644:00059460:00359,cvm,脑子应该用在挑哪一个挂件上。<01>,[],layout_only,903517aa73f303120ed8f3afac4f39860a2bdf2ccb5e3486f1c5dc98a63e3335,cddc8955e2c90c79f8d2510ff53fbef39c664248c8b9810f8e2b45ac90ef94dd
pm:vm:photonmelodies11.rio.003:1933169644:00059504:00360,cvm,种类这么多，总该有一个能让我眼前一亮吧。<01>,[],layout_only,32e3eb360635b364b38ab2c053dd0c4bd92d3b93d558add4767c4d6fec25adb1,0e5cc8744f01b4d604d68317a86e2f0a445e93622daefbaba1afb82e695ecaf3
pm:vm:photonmelodies11.rio.003:1933169644:00059964:00361,cvm,【武】「呼……」<01>,[],layout_only,8eb943cab5aae65edf38538201d97940d78ff1a5b2783edfffc6c7288c8b7bfc,8e7ff94c13b4b98550b7ab9df8406357dd1349201c5b74d2f03de47498edb22c
pm:vm:photonmelodies11.rio.003:1933169644:00060008:00362,cvm,真是的，一直坚持到关门，总算姑且完成任务了。<01>,[],layout_only,bdcd1f12d27ae960e564a856fd41ff41270b6e255b5a80ff05301c501c90b090,e9da7251d7609c8b31cc50d70e84c546516cbf18e816a9f27ee37d0ac3bac5d3
pm:vm:photonmelodies11.rio.003:1933169644:00060052:00363,cvm,不过……虽然让店员包装好了，还是掩不住那股廉价感啊。<01>,[],layout_only,0237f89adab5b545ef56bfcb4da9c1302740253b2d983a7baaf188bfed6d01f3,2414ba889fc3d81837378fbcf134b6ad04f3d03de364d335f46aa1a9878ef84f
pm:vm:photonmelodies11.rio.003:1933169644:00060096:00364,cvm,算了，毕竟也是我纠结到这份上才买的东西，<0A>心意也确实倾注进去了，就请她们将就收下吧。<01>,[],layout_only,8eba3c5473a25c2ea345e5c53d264297e4cb49095f84880a7ec1fe610d0530b8,72af7385984a817848a943aac3078a79be8b9321efc6349434c2b978650943d7
pm:vm:photonmelodies11.rio.003:1933169644:00060152:00365,cvm,【声音】「哎呀？」<01>,[],layout_only,d40b407cefca2b897155ec33e48254add6beb6199ec36091d71ade4bfd4c2a7d,14ef37839d480160f284143dfb7ca50c071ec8767d9792d50a915ac89e03ad10
pm:vm:photonmelodies11.rio.003:1933169644:00060196:00366,cvm,……嗯？<01>,[],layout_only,bd5cacb325df4f8d389c319de0f0c4a25b73448036d6901d63dc6707ed78fed7,ea2ad10933551d668ab9f5f3a51f735eb3c860e7e9643f150543c2af16a38162
pm:vm:photonmelodies11.rio.003:1933169644:00060240:00367,cvm,【武】「啊，皮亚蒂芙老师」<01>,[],layout_only,7dc96860d221ae40f1d0e6d9a90bf359872a416b3869f9dc435438193d664b3d,3eb43db69e534604746c1c9eaea526c8fc19c85bea1a506bc7e5f44ae3a58bc8
pm:vm:photonmelodies11.rio.003:1933169644:00060712:00368,cvm,【皮亚蒂芙】「晚上好，白银同学，<0A>这么晚了你在做什么？而且还穿着制服」<01>,[],layout_only,47e8a99df2d68151ba1b7f84024eb1be9c1059d7ee18074917f8714f0fc4b757,36235fd5f4533d76e715182cb8958f6a1f61802bd4c12270cef5c0319598badd
pm:vm:photonmelodies11.rio.003:1933169644:00060756:00369,cvm,【武】「咦……啊……」<01>,[],layout_only,36d5a632428f456a0b6bfdcfcee8cd8880da763c6bb88dd9a9ad6053275dc543,897368f98f2cfa4f7b24254bb4cc5e496f6737c8877bfb2859c21ef6ce611787
pm:vm:photonmelodies11.rio.003:1933169644:00060800:00370,cvm,糟了！这么晚还穿着制服在商业街闲逛，确实可能不太妙……。<01>,[],layout_only,df67f51bb5d7ad164971f44c817a3bead27d40f85f6687fdc96de8ee8cd32ba2,1e187384c44444a069eab9231726c9f5ac82fabc5dc4d2cd0115c0440ef66166
pm:vm:photonmelodies11.rio.003:1933169644:00060844:00371,cvm,【武】「呃！我不是在做什么可疑的事！其实只是出来买点东西！」<01>,[],layout_only,cadf9e32eeacb86a6293ec4794325bfb9d1b818082e8f603c70054d8b5bf47b7,d50f5325968bb7bc0237cb941da9a8f31f7d365d00f6e59db95f5d4698800368
pm:vm:photonmelodies11.rio.003:1933169644:00060900:00372,cvm,【皮亚蒂芙】「呵呵……我倒没打算告状……不过你还是要小心」<01>,[],layout_only,91b3c72030525dd5bdcc97745860bcc48de9a8f49eaa63c52b4e4d8b9ddafc60,517b6f57373c46041cf1082ede1d7cd869c792ba356d748b54322badee0c803b
pm:vm:photonmelodies11.rio.003:1933169644:00060944:00373,cvm,【武】「啊……对不起。那个，我犹豫着<0A>该买什么，不知不觉时间就过去了……」<01>,[],layout_only,032e34eb5799e8d2c95c4c09e9198b3adfb2debb6020cd52a772760f32505626,2c803483dc004c00e630889ac264f0829de80db918de02e0d560499fe82cadde
pm:vm:photonmelodies11.rio.003:1933169644:00061252:00374,cvm,【皮亚蒂芙】「……？连要买什么都没决定就来买东西？<0A>还真特别呢，你这人。」<01>,[],layout_only,32561be6940dc36d0217b6c205acf8eb01ab9a0e22bf8b8a147c81c43675f96d,1bfbffeb5767f742e26c1588394f6be7df99f0b70f10c4459de20966261489a7
pm:vm:photonmelodies11.rio.003:1933169644:00061296:00375,cvm,【武】「啊不，不是那样……其实，是生日礼物啦」<01>,[],layout_only,5efa232e8d352c821b4c04b79c90a5999f9bc8e84b088a5b385018d58df8f92c,8bd0db0d6438e5e0f4c78afc5fd8cf4f652403372ac1554e87c4d3b2dd73b8f1
pm:vm:photonmelodies11.rio.003:1933169644:00061604:00376,cvm,【皮亚蒂芙】「哎呀……难道是送给女朋友？」<01>,[],layout_only,ffdd55d39d19c628493e7b589109cf98c82870dca0dd87cbc11d07fe7b2ec582,68eed13842ef37a80fe6692922ebc5329e85972316ed31ad69c062316cbca6cd
pm:vm:photonmelodies11.rio.003:1933169644:00061648:00377,cvm,【武】「咦？嗯……算是吧……你看，<0A>不是有御剑家的双胞胎吗，就是她们」<01>,[],layout_only,1e082082c13f2c290ddc0cd19d4cbb57308ce162415fed322fb78a71b06293d9,52d0b5a1ae01e2a6012c626004d20b186fb7889c128eda75cf898bd936652f73
pm:vm:photonmelodies11.rio.003:1933169644:00061956:00378,cvm,【皮亚蒂芙】「咦？啊……这样啊……也是呢」<01>,[],layout_only,a05bb04b8de8e5b133bbc8a8bb6d7ae5411186fdd7e78e57efa447a88e135de9,730edf887a6400b0232863508b571f5f27c605a0217abcdb4e75dd86810fd4ab
pm:vm:photonmelodies11.rio.003:1933169644:00062000:00379,cvm,【武】「……老师，您早就知道了？」<01>,[],layout_only,8efa7ca748142527c7e6bb94694690bb39151db133e8a904354c9a2e3dd0db60,1ee81c951f29d6a381141bcb3430913d411f23ab6135b93f643fc92f167aa579
pm:vm:photonmelodies11.rio.003:1933169644:00062308:00380,cvm,【皮亚蒂芙】「咦！？怎么会！先不说那个，<0A>你为了挑她们俩的礼物一直纠结到现在？她们真幸福呢」<01>,[],layout_only,158833cec988716c94b0dd0586a644e772a42c36c4c9603c3b733047c6aa20b9,7379d6e210ef9544102ed40b06863d7e4745a43c91bf5da66043457ca46bd8e6
pm:vm:photonmelodies11.rio.003:1933169644:00062352:00381,cvm,【武】「哈哈……没有啦，没那么了不起。只是我太不会挑东西了」<01>,[],layout_only,88434ba0c0d85bbf3fe3b4041a294e37f12d63d4a185b3e7cffd98e24882c8ed,269fd39d0535643e2eef91e9c074d9e952160c0c74498c95ae16273d6c0c2c2a
pm:vm:photonmelodies11.rio.003:1933169644:00062408:00382,cvm,【皮亚蒂芙】「那我可以问问，你买了什么吗？」<01>,[],layout_only,cf30948e8204066223817bb0b4844bd772d3b7459d0b9693eda1da975818bf1b,715653119c0d348a23fe9ac0ef4888780dd70d4112a068b370496e5f6b39c05e
pm:vm:photonmelodies11.rio.003:1933169644:00062452:00383,cvm,【武】「咦？」<01>,[],layout_only,77e63d069d95aabd948bf49f0d1875e61a92335dbc417006761d81674ec8c185,b55249e3c0ee06935938d08a2f8a65d886e446dd4c309f96d3566d3e47b2f343
pm:vm:photonmelodies11.rio.003:1933169644:00062508:00384,cvm,【皮亚蒂芙】「日本的孩子，生日会送什么礼物……我有点兴趣」<01>,[],layout_only,a6bd34ba7ce6272f8a2997fc013c7455a91ba5a1d1f021dfb62b5f87ec615955,e847289d7324f47d687ded31eb775e15eb00cab0b3eb3e4ad5ef5ad4cbf1834e
pm:vm:photonmelodies11.rio.003:1933169644:00062552:00385,cvm,【武】「倒是可以……不过应该没什么参考价值吧……是手机挂件」<01>,[],layout_only,24fd4200141bfcccfcc1291508a18119e1ca81af02fdbdb777e69f0d1097e05b,e83f0ee632ef1739ba7422b286f724ee7e96f62b03ff816e11cbd9377758b783
pm:vm:photonmelodies11.rio.003:1933169644:00062860:00386,cvm,【皮亚蒂芙】「手机挂件？」<01>,[],layout_only,b058199da2cd8b374bba2800cd0c34d11349058d8a7c7942f393a49d2056b272,2b705cc4ed9584a96268fd4da1873d18664ee2ee5a09e397943126d99534b969
pm:vm:photonmelodies11.rio.003:1933169644:00062904:00387,cvm,【武】「就是，挂在手机上的……」<01>,[],layout_only,696c85b93375f8da4f19ca83f8ebb9a9d7da3e5b1c02634ba24c636d50dd5509,825ccbc364626b6ab25774330857f5f9387a430d5b3b5636e00be36e6455e298
pm:vm:photonmelodies11.rio.003:1933169644:00063212:00388,cvm,【皮亚蒂芙】「啊，那个啊。很厉害呢，<0A>大家都会挂很多吧？日本人很喜欢那种东西呢」<01>,[],layout_only,bfeacfa1da6a4f4a3d91057d3b1b862ba959fdc8b776d0dd80cdb46aa2bedac1,f39a0a448275efcd5fe6fa55b91006b9d4754b8a6e11f30722419ee691c3d4ba
pm:vm:photonmelodies11.rio.003:1933169644:00063256:00389,cvm,……日本人？<01>,[],layout_only,6dd0c8592af01e9b3a8ada57d7c536687b84295964a3f92e51fadee76a654cb4,ceb7c99748f7a47a6e58ca507ee4a4ca9b75eb6ddbf2eeeac47f23728d422221
pm:vm:photonmelodies11.rio.003:1933169644:00063300:00390,cvm,【武】「外国不是这样吗？啊，也是，<0A>像那样叮叮当当挂一堆，确实挺特殊的」<01>,[],layout_only,9ec77872704d1115042eca8ddd286cb4d241e4831ed77fca2a68b6b98d55b833,8b51d7fe49c23a464c2d2469fe21541293234c6eef252ff0380ec2551f1b29cf
pm:vm:photonmelodies11.rio.003:1933169644:00063552:00391,cvm,【皮亚蒂芙】「是啊，应该不一样吧。<0A>因为手机上根本没有能挂挂件的孔」<01>,[],layout_only,2cd7f8d328394b65f6a1cfcc6ac79308ecfc49c2bcd998215f85e4ab432cb746,b00f52ea5d03e05af08945c1c8b1e58636ba943241618919355b06fe2f218ed3
pm:vm:photonmelodies11.rio.003:1933169644:00063596:00392,cvm,【武】「咦！？啊……原来是这样啊……」<01>,[],layout_only,20ff8213b61db186c9a004585587c41ef5dca58ea116076809fd78b8ce108640,b141d3a31c0b6c28bc4803136c9a20c5e0d599574db93efc2d07a5e142178ba8
pm:vm:photonmelodies11.rio.003:1933169644:00063904:00393,cvm,【皮亚蒂芙】「我也是来了日本才知道的。<0A>在日本签约拿到手机之后，发现上面有个小孔，<0A>还在想那是什么呢」<01>,[],layout_only,001a09e18103edf40bf72ec838151810dcff4fba95f8657f66f854ad983baf19,c0338c593a3f4d4f05665b55f91c0ac8e8a28691206699137c522fa3f242ed1c
pm:vm:photonmelodies11.rio.003:1933169644:00063948:00394,cvm,原来是这么回事啊……那倒也难怪会说是“根付”的延伸。<0A>毕竟是日本独有的东西嘛。<01>,[],layout_only,6cb799fe00bcf48d5efa04122282fb1cb7be45cd7e036804f3109c7e09d4cd6a,f28339e43be6c8d278ede0f9cc8a01d75f26e80f30f1f2115e6780bf55f65e4d
pm:vm:photonmelodies11.rio.003:1933169644:00064004:00395,cvm,【皮亚蒂芙】「日本人的这种想法很有意思。还有，<0A>把相机装进电话里，却还能维持小巧轻便的技术力，也很厉害」<01>,[],layout_only,cd87cdf3a455a6e6da9c991b27b8c150b0940a7be0c134aa00cfaf20ef54f05d,7132d253897e9be2b7707c52862481a74d086be81b5ebdcd1b3d951d45d1563d
pm:vm:photonmelodies11.rio.003:1933169644:00064048:00396,cvm,【武】「是这样吗……」<01>,[],layout_only,f94ad0d0dcaaaa41cc7458c2d603a61b3585fc3ccd3d20b230e61f87aa08a16b,cd935be34d2d1abc9ecabb1cdda5d61ba808383b0cfb002d46ce235f03811e09
pm:vm:photonmelodies11.rio.003:1933169644:00064092:00397,cvm,确实，不只是相机和电话，基本不可能因为增加了新功能，<0A>就把东西做得更加粗笨。<01>,[],layout_only,aab1f5fce00674ef88ba08172e9e6dedd9ccd14681b6588b159562aa55e63eb4,242d3fe469c13ffc320fcc60e4392c4355d9c0fce795dd10354497ae416b649f
pm:vm:photonmelodies11.rio.003:1933169644:00064136:00398,cvm,那种东西只会让人觉得“完全没下过功夫”。<01>,[],layout_only,14e06755958f63b58925ec3ee26b99e8a54fe08a55ac2f30b5ff558ed94fa9cc,051c7fa6509a8b89df61d501c235261dc0e2b51423dc078c930981d2398efae6
pm:vm:photonmelodies11.rio.003:1933169644:00064192:00399,cvm,【皮亚蒂芙】「顺便问一下，你买了什么样的挂件？<0A>能当礼物送的，会是什么样呢？」<01>,[],layout_only,dd85798db7b9b72a663b6ec82eec3e51a6431f18faa57b80f989ebd7bac81109,2828756180054351ae09f56e6fe809749ac55363757618d00f1497433b9deffa
pm:vm:photonmelodies11.rio.003:1933169644:00064236:00400,cvm,【武】「哎呀，真的不是什么了不起的东西……」<01>,[],layout_only,d5d64e8dd9072fa865c54e534c018c6a8731e2dea5ef6deefba09e3ec38f6f52,d5d6b56d1ae5e2e090f643d3cb496b4f803f4eb0abefb62e83bc4c0133ceca6b
pm:vm:photonmelodies11.rio.003:1933169644:00064292:00401,cvm,【皮亚蒂芙】「我也正想着下次买一个，<0A>所以想听你说说，好做个参考」<01>,[],layout_only,7b5a487d7541093972c3c7049be0a6813c2c55ce1bf37240bd45c5a819efa902,9d7900e3374f0c4e169d2065b27234f5fbe19c26f21749f30ff201030ee9861b
pm:vm:photonmelodies11.rio.003:1933169644:00064336:00402,cvm,【武】「真的不是什么了不起的东西……我买了两种……<0A>啊，也就是说悠阳和冥夜各两种……<0A>呃……」<01>,[],layout_only,303fe181c9ef7265742b47faf67bf5c32ebbf2e670cd76144322f21b83a784b3,c77d42bfb6a1a1e766b6b351ab368a6c5b64262a6ffda3a675d7e669dd6794e8
pm:vm:photonmelodies11.rio.003:1933169644:00064544:00403,cvm,啊，对了……已经包起来了，看不到里面来着……。<01>,[],layout_only,26d0f69c87bd0c807593ae758c1f9b25639c9aa4c8c68ca25cf943f934071019,f6a0bfc8501de5de3cb1369d91d58a1905c33a9da4592c6a2204a5cf8288d8bd
pm:vm:photonmelodies11.rio.003:1933169644:00064724:00404,cvm,【武】「呃，其中一种是带武士和忍者的」<01>,[],layout_only,a036ff3c7fdf1fee16e69408cbefca04ed102593a1710e7148dfa82f209bc409,38435f7d92555a7d9a9dd773a02430ed609155e6391ef2904135b874ccffdeac
pm:vm:photonmelodies11.rio.003:1933169644:00064768:00405,cvm,冥夜的是武士，悠阳的是忍者。<01>,[],layout_only,86d2bc405d92b5fc65121fbaa09c867f223a6a4467165ebcaeecdca88f2b580d,97ff6c4d0110be4a38bf9fc1b62707cfdc436a9f473f7a127f24ac12e222607c
pm:vm:photonmelodies11.rio.003:1933169644:00065076:00406,cvm,【皮亚蒂芙】「武士？忍者！？」<01>,[],layout_only,e4796ee4a58a4079f84b07cddea7df70179001ee378557d1a0e4dfc9ab885e9f,ce65b64f247312ac35fc5e590a857092832f6504d611d6369a864f6e7315988e
pm:vm:photonmelodies11.rio.003:1933169644:00065400:00407,cvm,哦！她还挺感兴趣嘛……。<01>,[],layout_only,08953f298d53a1db4dbacfae61c647d9adcb63192c7bd1ba100e16add051574e,488ee8168813700a9930e7d73c4555c307680e221e10ba69e4a01bf74221544c
pm:vm:photonmelodies11.rio.003:1933169644:00065444:00408,cvm,【武】「说实话，我还在犹豫要不要送这个」<01>,[],layout_only,376b1630e99a971ae1a684d6df58d972d300919f5d77dc7f30bff228a15c35f2,1d51beecf632e8915c94e202eedd272ad73f4645fec418214371066a76d658cb
pm:vm:photonmelodies11.rio.003:1933169644:00065752:00409,cvm,【皮亚蒂芙】「怎么回事？」<01>,[],layout_only,b59111b8a33dfb71ad10c0f12e7c3ccd0830600507b3817d0bbf28fc6f611768,03b350ec536e5325cb23bee771abb647ccad57b83b3c8011f324086eb938f6aa
pm:vm:photonmelodies11.rio.003:1933169644:00065796:00410,cvm,【武】「我倒是纠结了又纠结，可我这人太优柔寡断，<0A>直到商店关门都没能选定一种……」<01>,[],layout_only,c44e206c7ad7bdcc641682bdad26931612d2870fe7e7d37800fea37e7eca805e,b06f2b71165f35362153185b899647830e2cfebe11b3daf6928ccd9b81d2c8e2
pm:vm:photonmelodies11.rio.003:1933169644:00066048:00411,cvm,【皮亚蒂芙】「优柔寡断啊……原来如此」<01>,[],layout_only,40f4033012cad00a1b1124c18f4639d02eae8d4609aa7fa0bef7976c299b9eb7,73e01b2f8f21e08affbfbf8e78cc69cbc93d36134b72e0dbd158b2fc7d1629fd
pm:vm:photonmelodies11.rio.003:1933169644:00066092:00412,cvm,……她在意的是这个啊。<01>,[],layout_only,c16138e7f2f9dc7ac8b2ad90d633d2bd99c6bb332eda10f2303b2605aebe5de8,f6d1bd6b0fc3e415acb0033d0419ff4f8d951f047d8352bd77a0319cdcb9a7a2
pm:vm:photonmelodies11.rio.003:1933169644:00066536:00413,cvm,【皮亚蒂芙】「那，另一种是什么？」<01>,[],layout_only,6f1b4f238519de5fcb4dbf4ee5ccdd9c51a1d76924b9072177558ba10ddc7b33,e7e5ca6c8e4442dac1b67262a772963cbb4f21aba6d3182485eb2d1104d1210f
pm:vm:photonmelodies11.rio.003:1933169644:00066580:00414,cvm,【武】「那个光靠说有点难解释…………<0A>啊，就是那个、那个！」<01>,[],layout_only,895408bd0a47fd9e6ee4f7a5455b5a03fd5d27fe3e780388f8832ef57ff37fbd,f11bac7a14a01bd98cda35dd94fe79ec5f2d84e0870a0c789d5f75802de44440
pm:vm:photonmelodies11.rio.003:1933169644:00066940:00415,cvm,太好了，游戏厅！抓娃娃机里正好有那款玩偶。<01>,[],layout_only,18a3f75c94df125c0e22091abb072800def66831b8d204ac9149f8f1b9aa632e,8bb2bae24e51bb2e56ef12c04d657fd8a027793839cc3dd07706e147fde7758f
pm:vm:photonmelodies11.rio.003:1933169644:00066996:00416,cvm,【皮亚蒂芙】「……这只动物？」<01>,[],layout_only,b46937177d72a99b75f60b50804578fdd4a5c3dbad0fa4fe954e8baeaac59d52,9e00a335b798b26197b5c74a7b55ac7d653f779013dfe4ca8ab1a903fb96f873
pm:vm:photonmelodies11.rio.003:1933169644:00067040:00417,cvm,【武】「对，最近好像挺流行的……」<01>,[],layout_only,1b22e452da1079d0302663a23bbf11f75f183b1b1f9cd2accee1ff307b611b33,a5a822768b214c8abec14f468df3648c471dd6b66c8384149d60a3955f3fc5ee
pm:vm:photonmelodies11.rio.003:1933169644:00067084:00418,cvm,这是一只很难说到底可不可爱，<0A>而且连究竟是狗还是熊都看不出来的怪动物。<01>,[],layout_only,2fd8c5bbd0f37a85732a52fbe9e0b1108939073ab45533befd11b152311b5eea,dde68dbe8724c6c2ca28c9f91959d2d474e7565c2edc882d50f8850208a60513
pm:vm:photonmelodies11.rio.003:1933169644:00067128:00419,cvm,不过奇怪的是，只要盯着看上一会儿，<0A>就会不知不觉对它产生感情。<01>,[],layout_only,db3e9fd57c7abf16a89d8dacb97e6e5b110cc3fb2fba53a69afc7a14cea5ee9c,ca12b1d57f0e4f1a59e3fbd82d2cb9718ede864c856150a4870656458564bcc9
pm:vm:photonmelodies11.rio.003:1933169644:00067172:00420,cvm,一开始只是因为它正流行才多留意了几眼，<0A>可看着看着，渐渐又觉得它挺可爱的……。<01>,[],layout_only,f5e3da311b76b10c5c39671ce2bf4ffe5071ccb01b4188d2fb1475ba34c32dcc,2843f23bc4c869353909e6dedcfc5064212a7ff5ab9640e2661c24ddbb0c597d
pm:vm:photonmelodies11.rio.003:1933169644:00067216:00421,cvm,一想到它挂在手机旁边晃来晃去的样子，就莫名觉得挺温馨的。<01>,[],layout_only,9b42679b7153e7e5e1a973255062aee7e58d02e691acb1a4040ef9752d14b4e4,bb30d121a379513ad2ad066bff3179a6b26ebbdedef55ebc568e399593fdfbd7
pm:vm:photonmelodies11.rio.003:1933169644:00067260:00422,cvm,好像还有公母之分，颜色和造型也不一样，<0A>要送的话，我本来想着把公的给冥夜，<0A>母的给悠阳……。<01>,[],layout_only,bee9fab7ea85b48b66af2a7a5b9db2d63f8c97d6ef9cc8434404afa0331fa8cc,d2c05b80ad92241eb6d9ea5c991431479250ba848bdc36508fb46d0bb8f8f2a5
pm:vm:photonmelodies11.rio.003:1933169644:00067692:00423,cvm,【皮亚蒂芙】「…………」<01>,[],layout_only,27de89d93de326951daabaebea0848f99dcc544262e8f1801f5721c26ec8b6e1,7fbaccd20e2dc4c5e11d26a39c892a596febd9dec1a11c88066d188102821e0b
pm:vm:photonmelodies11.rio.003:1933169644:00067736:00424,cvm,【武】「很奇怪吗……」<01>,[],layout_only,9fd0880ab6699847cf548025def91be140bc587d6de79474d47bfca87e8b3371,c80c2f50eb3d2945a1174890f12887689f8df17d79b27ea03510cb31cb831c23
pm:vm:photonmelodies11.rio.003:1933169644:00068044:00425,cvm,【皮亚蒂芙】「嗯～，这个嘛……还真是个很难回答的问题呢」<01>,[],layout_only,b765696bac1e195908eaf889a357f6676f37203c4289951c42d2d3aff507dffe,525d812e5913bf0cd12dbc971074c9c4cc168eec950d3c3281b5ab57666ddfeb
pm:vm:photonmelodies11.rio.003:1933169644:00068088:00426,cvm,【武】「是、是吗……」<01>,[],layout_only,c0cf243a5c9ec4e5cf05c5057776d5b27b9ed99ce6b63a1ce970ee2ba19d1a07,ede8fbce9b7f5579237afda602f83b7ae06bcc1faeff527f4d1dc2cf93be5669
pm:vm:photonmelodies11.rio.003:1933169644:00068132:00427,cvm,刚才那算是在委婉地说“不行”吗？<01>,[],layout_only,a76127f4b902a722c3ad963a4942c1d43fc7744807e2d313e7b2bab65c094bef,3cc3bc62da943b2cca7ce613c096727557b94c840ace1e97b4dc98c1b9ac8f8a
pm:vm:photonmelodies11.rio.003:1933169644:00068440:00428,cvm,【皮亚蒂芙】「不过，那你送那个不就好了」<01>,[],layout_only,567e9ecc39c4d4129688782806fe4e017c60f35d0626a17c3c5cb1b2003f07db,35dd3396b3a7e3f435dbb03522ae031ebc8c1c55224c7b2e13fe0342466586bc
pm:vm:photonmelodies11.rio.003:1933169644:00068484:00429,cvm,【武】「咦……」<01>,[],layout_only,a8fffe04ba0aec5a8a17f18f52ed2bc1a1bbc5a846e184ed46d02fe91978fd80,cff1150ccd1e336776d839ebdd3abb90457d7f0dec81697b4a75a41c241c3081
pm:vm:photonmelodies11.rio.003:1933169644:00068792:00430,cvm,【皮亚蒂芙】「武士和忍者，你刚才说还在犹豫要不要送，对吧？<0A>你没打算把那只狗狗也一起送出去吧？」<01>,[],layout_only,8ca1788e3358e3a93cb72d5e50a1cf981feb3bc79e50a9d3093070a7fe01ec70,f3064aa247d97786f6409a665ab3da9922b3a620c69199c35fad0a249b6b2d4e
pm:vm:photonmelodies11.rio.003:1933169644:00068836:00431,cvm,【武】「嗯……既然是送礼物，只因为选不出来就两种都送……<0A>总觉得，有点奇怪吧？」<01>,[],layout_only,17b48b7b562f09bcc4aff4a770a463a5d6da6a3feff8f5b828f9e50d34a69c5f,4f901d2860633c993b2de2ac504e734db3fe232eba899c73f7a54b3320ba5071
pm:vm:photonmelodies11.rio.003:1933169644:00068892:00432,cvm,【皮亚蒂芙】「我倒不觉得怪，但能理解你的心情。<0A>真要说的话，是你自己不喜欢吧？这种做法」<01>,[],layout_only,e284f215d090f8a2755dca0017b44cc61d24571818429d01d7521be1309c900b,fe92e55505f403faa081079a216002a3f2aeab38fe1dda6e2389e40a7bb3af43
pm:vm:photonmelodies11.rio.003:1933169644:00068936:00433,cvm,【武】「嗯，是啊……感觉会被人看穿我优柔寡断……」<01>,[],layout_only,e222e0b4cefb6307da418445e7cf60bc35a20d408a84a7b7de18fcc784e6090b,0e09a03a07b2277be75d802e0f567d80bb6ef9879becd34b72be8acb283b273b
pm:vm:photonmelodies11.rio.003:1933169644:00069244:00434,cvm,【皮亚蒂芙】「那你就干脆决定下来吧。<0A>现在决定也好，以后再决定也好，结果大概都不会变」<01>,[],layout_only,7e9ee8f6e9c71256728bd90419434449a55c9b8bdb7fc6f21efd6dc24d294fc2,d9d39f3e3d9e0464cb9347b58c81a4d1b7c6aa44cf08f07d926fcbab7f857324
pm:vm:photonmelodies11.rio.003:1933169644:00069288:00435,cvm,【武】「…………也许还真是这么回事。<0A>那……就决定送这只狗狗熊吧！」<01>,[],layout_only,d9daadf1c95201896473a43318145ff535957a34d1267a38b1f519807eafa5fa,2c88ebaef391ff527854d3a23ec1208dddaecbac144068e4be64918d6a35852d
pm:vm:photonmelodies11.rio.003:1933169644:00069540:00436,cvm,【皮亚蒂芙】「呵呵呵……她们两个一定会高兴的」<01>,[],layout_only,683276b2e73cb05857fb5143a0862ffc3105930414e0ab14acd649a76c2a772a,a32be3f87d588389cac818f115b45bf3847d1d6bb120e1f198d2d3ce6b7e4cf9
pm:vm:photonmelodies11.rio.003:1933169644:00069584:00437,cvm,【武】「那……这对武士和忍者，就送给老师吧。<0A>您要是不嫌弃就收下」<01>,[],layout_only,eee59c70fe3e36623e67cb8f74fee11b6708e2f612850c83e1d7d7307f480f80,9d5e9a4172922f155371a7d8eefdd2f345f6b4935168214feec3e8a1667e7802
pm:vm:photonmelodies11.rio.003:1933169644:00069892:00438,cvm,【皮亚蒂芙】「咦？」<01>,[],layout_only,d98a4af3876860fd5f8d0fcc382b291392528e85825109ad1f9be94251b8b5ab,5e9e9e8ce8fc5ad56db70727b1942126979f7ceb67ebcbe4db0181fe458d2ebf
pm:vm:photonmelodies11.rio.003:1933169644:00070188:00439,cvm,【武】「我又没有手机，留着也没用。老师好像挺感兴趣的……」<01>,[],layout_only,5c0df7fcfd6a38c84869607e34d8cc8ac3b7ab529abd6949b977fc52872f37cd,a37a8ca3a77d6b87169e535f8568931b0504aebc4383502ec65ba51b9f12c2fe
pm:vm:photonmelodies11.rio.003:1933169644:00070632:00440,cvm,【皮亚蒂芙】「可、可是……」<01>,[],layout_only,b62affe9f265ea22b9e2f8b72190880b9fd9963903e11003ca550778661bb70a,d116190cb6cae9d7d80a0fc99b5c907714e2a92c2d122bf02d9a15cc601d3b57
pm:vm:photonmelodies11.rio.003:1933169644:00070676:00441,cvm,【武】「就当是让老师借此见识一下日本文化的一斑，<0A>大概就是这么回事」<01>,[],layout_only,1fb0bea9bb35e0e5041aef6db28341afd5a1e706658177d49185976bc87aafa3,d589b0a5dd4176aba9354ed4769313f806e5a77765dc291b3208a2545918d270
pm:vm:photonmelodies11.rio.003:1933169644:00071536:00442,cvm,【皮亚蒂芙】「谢、谢谢…………。我也得给你回个礼才行呢」<01>,[],layout_only,414ce60f8eabd8816e4fa39383afe7b108e846baff84a98f743f8c144df4150d,6c7dfa8b83d31c6aa177347feadc4cc8c58a66111d2cc45d5b78fa0330f5cfdc
pm:vm:photonmelodies11.rio.003:1933169644:00071604:00443,cvm,【武】「咦？不用啦。那样反倒让我过意不去――」<01>,[],layout_only,a9cc5522c6396a03a203c2803719f21225be448ed1df8cd836bfb42c71a51a88,35f12a5447573fc3fa0f807973a4705775263f46c0301404ddc91b6f74604fe3
pm:vm:photonmelodies11.rio.003:1933169644:00071912:00444,cvm,【皮亚蒂芙】「白银同学，你的生日是什么时候？」<01>,[],layout_only,b577de56f0e25991cce9c0519df169fb041b1679e882aa9d7e75ada357027a2b,95e3dd021c7fd83be0cb713fcbcd8eb0b626a4bc3b6f114f5c0aeadf29ca67b3
pm:vm:photonmelodies11.rio.003:1933169644:00071956:00445,cvm,【武】「――咦？呃，这个……」<01>,[],layout_only,0faf0712638d67f566e4c49304379a6b9ebcd3c64edb982cbfb3a1e1b7c777e1,7653233c403e1b8317c643a42563b9c5e24fb11ef3ee900e4b9c3fcdc12b5df0
pm:vm:photonmelodies11.rio.003:1933169644:00072012:00446,cvm,【皮亚蒂芙】「已经过了吗？」<01>,[],layout_only,f961037430263ca72c3bc5fa482ef7cd70c91803d0ffe5e110dbd7b221bd13f3,37f7cb27d8331aaf30f493d9e8bc54b78a3f29fe8a6435efa3b02c639c9a7c4d
pm:vm:photonmelodies11.rio.003:1933169644:00072056:00447,cvm,【武】「呃～～～………………其实，我也是明天」<01>,[],layout_only,5b706dc4e143bb74933ecb9af8bd88aebf6d0b2ea6fa8f974fd8489a17ed5243,7f415ffd2fd99121648b6e1af688aa4bcd80ce03c20f87323db8ced3695d316e
pm:vm:photonmelodies11.rio.003:1933169644:00072364:00448,cvm,【皮亚蒂芙】「哎呀，是吗！那正好。<0A>这就不是回礼了，我送你生日礼物」<01>,[],layout_only,0dde4cac1dea229c7fb4b440c480e8a7856e88ff58676f9c1812c00f5a6df565,7291541f2bf25fe4839fda7b779a653043daebe78fd58c25acfe3b18095e5a8d
pm:vm:photonmelodies11.rio.003:1933169644:00072660:00449,cvm,【武】「不、不用……其实没必要特意……」<01>,[],layout_only,176ddf340a8ef251234f679ec61aaf96387122c83c608fe0e6268fa2e681ad46,ef59a9448ac588a2ea7379ee497365acf2272610037d4016a34ea5a57a41d825
pm:vm:photonmelodies11.rio.003:1933169644:00073540:00450,cvm,咦……？<01>,[],layout_only,d7e8735ab8ae8c54388ae8ec161b64c7872d2aa5ff37190e03b7fa33547be3bf,c12ada33a831e0fe0604e9458f33b8818aa50788767572637e418a4f54bad7f1
pm:vm:photonmelodies11.rio.003:1933169644:00073872:00451,cvm,【皮亚蒂芙】「这条项链呢……是带来好运的护身符哦…………<0A>哎呀，你穿着这身衣服，<0A>我没法直接帮你戴呢……」<01>,[],layout_only,5d9385cd39be8afecf812b0a9b546ac790036b46b174ad3ee94ef7c40db5fe3e,beda1df76ea23e8aa3b56b06f0e95b7f2ad1c9b01a878a0757bc0ed177570302
pm:vm:photonmelodies11.rio.003:1933169644:00074196:00452,cvm,呜哇！！<01>,[],layout_only,3c78517e404b7570a5a9d7b273e66ceb92d499dc8c8a1fc2196400b94343906d,14dd4dcdbd1b7b14a21ac5db814ffcda361c06b175fa14c9657d1c89325b0ac5
pm:vm:photonmelodies11.rio.003:1933169644:00074608:00453,cvm,【皮亚蒂芙】「你的领口，让我稍微解开一点哦……」<01>,[],layout_only,b2a7aaa9528453d22b66d161c796b1de32840b3c9ab8c9649e01334ff5d6fbba,68cfe1d5a5bd9240e152747d4a186db8fb1c7f24b28d12d726c0a76bf9496633
pm:vm:photonmelodies11.rio.003:1933169644:00074984:00454,cvm,等……老、老师……。<01>,[],layout_only,5861b49ac95c60da0ab4be7fc1febac3a0f446e6410956e15973ec2c22e587ab,c4b9cdea3bb284b429acac3232eff89765b482bab67d6927ba82ae4507103cce
pm:vm:photonmelodies11.rio.003:1933169644:00075360:00455,cvm,这、这个情况…………是不是很不妙啊？<01>,[],layout_only,c480c0720898f7719e516bdeba977ac6d6325bd60365ba6f635d5e51cc89b021,df770cb0556a2924638ff86afc443686f2a2528adb85673ae144e9a6f156ed24
pm:vm:photonmelodies11.rio.003:1933169644:00075736:00456,cvm,在大街上……美女老师给自己的学生脱外套什么的…………。<01>,[],layout_only,1c1f1a4403611033824470a9426826ad28b056afa5d48b1699373ff6d71cd7be,ec9cafffcde7217c8b63805525673f9ebab8f1e1d5d2fce1951dc73b953a402e
pm:vm:photonmelodies11.rio.003:1933169644:00076112:00457,cvm,而且那个……老师的脸就在眼前……<0A>头发还挠得我鼻子发痒……怎么说呢……<0A>好香啊～～。<01>,[],layout_only,1f0d119aad5cf5fb167fcffaa201eeda9bbec78b5391e0d4813670c9a0eaa843,d6a2156ede7ca29b59e1cdb095ce855a607ce9d5d1911dc3a175d83814728d48
pm:vm:photonmelodies11.rio.003:1933169644:00077624:00458,cvm,【皮亚蒂芙】「好了，戴好了」<01>,[],layout_only,9ab6480bd6d3fc7a2cb6e80454f0d4db772e3e0b31a69fb7b837ff3b358c8f52,6fd056ef4ce44ffc7584788bf2f1a2c81edfbb3b8f9ba42de1c911f38901e32b
pm:vm:photonmelodies11.rio.003:1933169644:00078172:00459,cvm,【皮亚蒂芙】「嗯，很适合你」<01>,[],layout_only,9ea496937dffe6a016a40c9fcdd8938d74f8de0bd62e70a008a6ac4157549b51,67b16707d8f3354b7e9f992fb67681d2a4dbbcbdf2b4269051b929cc1f153372
pm:vm:photonmelodies11.rio.003:1933169644:00078216:00460,cvm,【武】「那个……就是……」<01>,[],layout_only,090f2163e8f0d5e3afe8c0ad3bf979bea49b3989c5d882ce9f64d51fde3b650b,5f4ea1bb75ab6c78c86d8684718bf11abf721d0098bceb8eaf646f98f444eeea
pm:vm:photonmelodies11.rio.003:1933169644:00078660:00461,cvm,【皮亚蒂芙】「这个，还挺灵的哦。<0A>你就当被骗了，一直戴着试试看」<01>,[],layout_only,a8e0a93d4e3163b729bfbfbba89499262df5460e090f9c03958b5635814771de,b5c9736a3c8aa271697c397fc5335d55650f3c6efeff3e5045e35d2f593d86b1
pm:vm:photonmelodies11.rio.003:1933169644:00078704:00462,cvm,【武】「可、可是这不是……老师一直戴着的吗……」<01>,[],layout_only,a6db7fe36594b1641b58af72f40fb84af24c7466ae72c508d815a5ea5bd6135c,eda884bbd1b986c9faba70cc7a93720bdd9eac645356635877a64d09c33560aa
pm:vm:photonmelodies11.rio.003:1933169644:00079092:00463,cvm,【皮亚蒂芙】「哎呀？你嫌它是我戴过的旧东西？」<01>,[],layout_only,240dedafacae8e5059e0f7fa313d14cbb66fbbff12060d0abfb8e49bbeb67db6,540ed209c537da6f889499b554b46b8444d32a9202ff495ba1cf2cbdd355184c
pm:vm:photonmelodies11.rio.003:1933169644:00079136:00464,cvm,【武】「啊！不、我不是那个意思！！」<01>,[],layout_only,5d10e496095062ee935466f96a3bec96d616cfe662cf1440b1a7adacaf12630a,6a7c7506c2b8e0205bf4be424bbbba5324e8cf7ba4b778d088bb43118d559438
pm:vm:photonmelodies11.rio.003:1933169644:00079524:00465,cvm,【皮亚蒂芙】「原来如此……你是说，<0A>感情太重的礼物会让你有负担？还真敢想呢。<0A>这就叫自我意识过剩哦？」<01>,[],layout_only,29c105d25325dccb56ff4d88650cdadd35e5845cef8234682b93a074f20d0dea,17a6789e860e7f88679bdf47d1ed45b8e54981728d47d0e5ed0ec6f094c6be53
pm:vm:photonmelodies11.rio.003:1933169644:00079900:00466,cvm,【武】「不是啦！这个，不是老师很珍惜的东西吗？」<01>,[],layout_only,c095cf7f2aacccc55b88d42ee7d06f7fea799ef11b733dd3e0a7df1ed5e27469,7c74c347711b9875de74930726bce55bd2ba17c4ebd036f49c905e5c6320b8a2
pm:vm:photonmelodies11.rio.003:1933169644:00080288:00467,cvm,【皮亚蒂芙】「是啊。正因为这样，<0A>我才觉得可以把它送给你。<0A>因为我希望好运能降临到你身上」<01>,[],layout_only,7ee01dc5611b50466815b1538defb4c36e3fb7f9421077043148f9f0290f66e3,b36105e644f09b18d0d84cebea16dab56ff70737f020849253cabdfee4bd34f8
pm:vm:photonmelodies11.rio.003:1933169644:00080332:00468,cvm,…………。<01>,[],layout_only,efa30788584cfea7ade60ccc37d7fc6cda943e64935eb133252c341159e58e05,0b3d7aae4004dc9b91522cf9245f879b48b6a3b3d3c28ecbba043ba8207a6df9
pm:vm:photonmelodies11.rio.003:1933169644:00080720:00469,cvm,【皮亚蒂芙】「不过，如果你觉得有负担，那我就换别的――」<01>,[],layout_only,5a07623f02b932bd1a282322150afe8b9a1e7f63ed7c23d9f15fc4a0c68dc96a,068bd9515bfe3ff816b4129a00c1bee8c46d4ce989f425b09f90065d5174b13a
pm:vm:photonmelodies11.rio.003:1933169644:00080764:00470,cvm,【武】「不、别换！我收下！」<01>,[],layout_only,563af133ac017ddad3c6c6914bf735564e6e79b6a8aef3de149228a4a7d2ac04,5dde7275e7b23bcf7c1a3f720a7ab61285876d6fc4c11a5e27c2767656dab919
pm:vm:photonmelodies11.rio.003:1933169644:00081152:00471,cvm,【皮亚蒂芙】「可以吗？」<01>,[],layout_only,dfaa818fd6ec3122a1b01ce0a6f1b508a867c3adc832ecc8dd4aa459e909a4da,40c3743d24277dee3a5e08a0fce98c44299c774166700675754c5b9bc420a592
pm:vm:photonmelodies11.rio.003:1933169644:00081196:00472,cvm,【武】「嗯，谢谢老师！！」<01>,[],layout_only,abe522b334e7fe337250a0a7c4393508a7959aed5d95a6cc60edba83dd02a162,15607f9e769a0706060cad97aa84886eb72ca263fe9b02139780f684b8119d67
pm:vm:photonmelodies11.rio.003:1933169644:00081572:00473,cvm,……老师应该没有什么别的意思。<0A>她只是单纯希望好运能降临到我身上。<01>,[],layout_only,85ea1dcc3ca48ae53e12c6a388b89fd6e1380738c59b9f35c51d42afba9fafde,2f41db7c2e6d1ba7d344cec8e29523925f31820fba335d942a6c0d0f305dd8d0
pm:vm:photonmelodies11.rio.003:1933169644:00081616:00474,cvm,我不知道她为什么会这么想……<0A>也说不准我送她挂件这件事能不能算个理由……<0A>但，这份礼物我没法拒绝。<01>,[],layout_only,1d28d83cf072438b07e501cd5e970f8f03ef6bb66a6f71df267c14fc91d6cc62,b2480f36160567ae575231bc56f9d04bb93d7c8adaf5e310bd9c84964b59b2c9
pm:vm:photonmelodies11.rio.003:1933169644:00082004:00475,cvm,【皮亚蒂芙】「不用这么郑重啦，真的没什么大不了的」<01>,[],layout_only,b6f9b243e1a374712125d928760ff7129ff8578fab8aa8e5489f3c283e488f21,422801c1fd00a110c2c4c28b8b6f070104ce72f5d9834800eda3aad3f6723237
pm:vm:photonmelodies11.rio.003:1933169644:00082048:00476,cvm,【武】「不，还是要谢谢您」<01>,[],layout_only,462e46753382f26d3c9abd60fa002467659f419f034b1f590a74eaf51623be7b,891b05b6a29152bba9f70de9cceef64dedb5db7ebcf0d13fbaa00fab178bfa81
pm:vm:photonmelodies11.rio.003:1933169644:00082436:00477,cvm,【皮亚蒂芙】「你很纯情呢。不过，<0A>太纯情的话会吃苦的，要小心哦」<01>,[],layout_only,9954150bab1c3858c69d7d676843202c344332972676778e0c151825ff22b3f5,2ba81cd93646b779b990a7b1349e2dd39c8020b82464936d4fbba9dc7ab99bb9
pm:vm:photonmelodies11.rio.003:1933169644:00082480:00478,cvm,【武】「啊……」<01>,[],layout_only,09a19c4c196aa275411e5a0bf1bdde67622ac4dc09f8347c909f9ee3a0503376,399db3cf88e76d40c254aa72cfb296649e48f8d884bca5cef1730cf4e2b19b2c
pm:vm:photonmelodies11.rio.003:1933169644:00082868:00479,cvm,【皮亚蒂芙】「优柔寡断也是其中之一。<0A>就是因为心太纯粹、太直率，才会变成那样」<01>,[],layout_only,491897b6ea4b2e6e5d1f32a5058b9435de5b1ff70fbb804a5522b0d30621b005,290c77fd189e4132c48f787cedb416802c17fbc5e9ab22d617e06cfea929650a
pm:vm:photonmelodies11.rio.003:1933169644:00082912:00480,cvm,【武】「…………」<01>,[],layout_only,770975bc8d76964cd0683d1a3ba2ec947971272f34819d29aa5c66d3964a88d7,6a17c608647a040376434d02fd50f1e4124a141fe417bdc98ba4d3f27bdee35c
pm:vm:photonmelodies11.rio.003:1933169644:00083300:00481,cvm,【皮亚蒂芙】「啊，也可能是完全相反的情况……<0A>比如太过计较得失之类的」<01>,[],layout_only,2dcb734b226dc0162b70854c56c63c2a5e79944c6f945cb9d97da778ace9274d,0b1f7602e28234c32042c6571b370b1cd90ce52d8b97373867031e5c132e1f2a
pm:vm:photonmelodies11.rio.003:1933169644:00083676:00482,cvm,【武】「才、才不是！而且我也不算……优柔寡断吧…………」<01>,[],layout_only,3b493c5ca40369977e64379de098ceef5dd112bd66cf9b82da74a374ffbd8147,4a1055039475bdef2da7ca4d91f3018c12d798b97a15faef9bbb777a6b34039e
pm:vm:photonmelodies11.rio.003:1933169644:00084064:00483,cvm,【皮亚蒂芙】「不算优柔寡断？」<01>,[],layout_only,4698a71e68e2b358e3b8ac67b0dcad7bd03ee21ccc66122c4db97b488d8839bf,79a103da7f077f7f00c24fefe694506d4aecca3e864cd27b40b577b2ef04f5e4
pm:vm:photonmelodies11.rio.003:1933169644:00084108:00484,cvm,【武】「……我觉得不算……或者说，我是希望自己不算……」<01>,[],layout_only,7285844b87d47a26615a00eef23bd6ae8e5e1431cf63cb08d70c508f61110aaa,ed0580dc7dde2aa70c1331b0b8a2d67454001e29f612ac3fab0def786e7e76b8
pm:vm:photonmelodies11.rio.003:1933169644:00084496:00485,cvm,【皮亚蒂芙】「那，我们就把这一切都归结为你的特殊性好了」<01>,[],layout_only,a502cf4a3ca729de070b7287968769d80ae7082b38f48760cf092a7af9afe8d4,6c364e90a9b6e01ee7eceb78bd0ef037df68e4f003bea84aedb32132adddc9ee
pm:vm:photonmelodies11.rio.003:1933169644:00084540:00486,cvm,【武】「特殊性？那，是什么东西？」<01>,[],layout_only,22bcfd0cb99b3a13e47829d9f3a8000f1ae81dc2b6589f240a01d03b943c83ac,34142466dd1355ef5c3012d29fe93e0156584b0623dd5cf28fc37b93d759ce91
pm:vm:photonmelodies11.rio.003:1933169644:00084596:00487,cvm,【皮亚蒂芙】「你不是恋爱原子核吗？」<01>,[],layout_only,81d667ed4c72478e80b597b42d355277c2912084ae1a4925fe0cd137ea39618d,caea5198ad348bfd5740333d03ed67a2e090a23d10b0b454dc18186daad3a919
pm:vm:photonmelodies11.rio.003:1933169644:00084640:00488,cvm,……呃。<01>,[],layout_only,7d7fb1689b5d789628c8b18e0602006ef39ca8a00888d1770c3c49bda5de0cd5,8804e8fdd38957f87c0a94f6c745cb70168b860b4c5dbffed63b66dfc4267e62
pm:vm:photonmelodies11.rio.003:1933169644:00084684:00489,cvm,对了，我都忘了……。皮亚蒂芙老师是跟着夕呼老师做事的。<01>,[],layout_only,80f3473f9813c991b84d45279568f1b1ec48348befa36bf00e720b37e1b0f5e6,fbe68242ffd28edc5b59a3435185064952c56b137a54bff3e5c05a4e457aa2fc
pm:vm:photonmelodies11.rio.003:1933169644:00084728:00490,cvm,从球类大赛那会儿来看，她好像已经受了不少影响，<0A>该不会真把那个人说的话当真了吧？<01>,[],layout_only,cf48bda2bc75f85c4d5fef54157bc81d8dded457157c0b8602a0a013f5ce63a8,91bbd70fdfd6c44bf49c34b9aee7fa2a68dce044feda0e219f60e26e61a18e0d
pm:vm:photonmelodies11.rio.003:1933169644:00085116:00491,cvm,【皮亚蒂芙】「呵呵呵……真是位有趣的人呢，香月老师」<01>,[],layout_only,b1abcc889582db6d6e58eded18e143f1f84192cf4d727b07d343ad2e0431425f,5943e01088fac6f91276dac72ad0ef65a44ce3830f112c0efbb187646cc41507
pm:vm:photonmelodies11.rio.003:1933169644:00085160:00492,cvm,【武】「我觉得她可没到让人会心一笑的程度……<0A>不过要说她有趣，我倒是赞同」<01>,[],layout_only,904953c365872dbd4e4e3dc28094f66d7dd0f537f2da3f1030af30b091f9a8f7,b2639638169550abb1913a1bf67dff014b122ffa16697ce8784ea98b4da62295
pm:vm:photonmelodies11.rio.003:1933169644:00085548:00493,cvm,【皮亚蒂芙】「不过，不愧是被称作民间天才物理学家的人，<0A>她很会算计，也很精明……<0A>我可不想和她为敌」<01>,[],layout_only,6095d5814166353bb4a37fe1ca83a15fe276688fbced8153ccfec6d6e68eb922,b2b6a5d618fcec23bf2fe04f47fd4ad5ffcbd957e87292f998d6c32ebe95bf8d
pm:vm:photonmelodies11.rio.003:1933169644:00085924:00494,cvm,…………？<01>,[],layout_only,4cdafdcd2b4640c6b0ed414453eed637ac54dfe378c1f0d8bca6127dd76f42d4,8701c23e01179edccad1ac3d9c85b029cd6a825c01e165cc7d1d613de9504098
pm:vm:photonmelodies11.rio.003:1933169644:00085968:00495,cvm,【武】「老师应该不会跟夕呼老师为敌吧？<0A>或者说，那个人有个特点，就是从来不树敌」<01>,[],layout_only,3e84575c1942557317c5639a38aecaa1fbcf1c22a640cc8ee50a2a74782c5eb5,2bd05c3f04c38aac14eb97a503e007d0f4b7b3edef8c1a9b47306644c80c3791
pm:vm:photonmelodies11.rio.003:1933169644:00086012:00496,cvm,她的做法明明很强硬，却又高明得很，<0A>或者说，她实在太像绝对君主，<0A>让人只能干脆认清反抗也没用，然后放弃……。<01>,[],layout_only,2ef3bf1c20a718ae6294e9bc4e8e5eb95181c6a0e2c5de436835d6369632375a,8fdd4159a6ac2cfc6eef6a21c6e681c8f6993b78db715bb41f01d71337e6d2a0
pm:vm:photonmelodies11.rio.003:1933169644:00086400:00497,cvm,【皮亚蒂芙】「……是啊，刚才只是打个比方。<0A>呵呵，日语真难呢」<01>,[],layout_only,05ff4f9070c20c4c232af630a01fa39ed481d5c71b8b239385d0678154a0f9ba,fb16d104dd805df380b833eb1aa3d0aeeca43e9e742a37c522ba13d3d72999ae
pm:vm:photonmelodies11.rio.003:1933169644:00086776:00498,cvm,对哦，她日语说得太流利，我都完全忘了，<0A>老师的母语当然不是日语。<01>,[],layout_only,69929a00f04a9a1a2ae5309a40ab7cc57c9d79008fe3962d5b4de4c66da091d6,f2238039c6035bedc59c7b6a114c7c9f93d1f17bddbe6afb6024cf8ac468b6d0
pm:vm:photonmelodies11.rio.003:1933169644:00086820:00499,cvm,交换留学来的老师们日语都很好，害我把这茬完全忘了。<01>,[],layout_only,529aa1e28b8123994468c7083baf5d8044664a296a607a7628bee794fe865509,e285657fc6dcda85a465491beaff31be99c2fbf4162838c400166b76a02ce55b
pm:vm:photonmelodies11.rio.003:1933169644:00087208:00500,cvm,【皮亚蒂芙】「那么，白银同学，你差不多该回去了。<0A>时间也很晚了」<01>,[],layout_only,c10a727126bc78f219e87093eb4ea44e0e927090fc97331148bc3efc1b6221db,fc0c0c82ad99b2ba2e36a0c390a4965424bd9587d61a87de7dfe2a756afec563
pm:vm:photonmelodies11.rio.003:1933169644:00087252:00501,cvm,【武】「啊……也是，我这就回去」<01>,[],layout_only,6c3fb8afccabe4dfabbcb418ce7897937ee18bc61a376a465039d3c3decdfb77,1ea9c283bfeac5b48921a5d3591eaa5b0dd58a4b99cc2d14729f73d057c1c550
pm:vm:photonmelodies11.rio.003:1933169644:00087996:00502,cvm,【皮亚蒂芙】「这个，谢谢你。那我先走了」<01>,[],layout_only,d57faf8b7b291a91161d19b38e8efcef90b4beddf33084f655ab0bcbace120c3,5dfae83ea2c993c881e442e45fe605e6fbc0eb21025cba0d37a0077749b4347e
pm:vm:photonmelodies11.rio.003:1933169644:00088040:00503,cvm,【武】「好的，我才是，谢谢老师……那我告辞了」<01>,[],layout_only,aa4308b88dd1f81737fed59ea946b5cd4f5453c49563462cc9e7e35ac469ac58,d0662e6b9114c373a22df4f98776509be4b68a0cc6ddfc7b111ea50a4c0d288e
pm:vm:photonmelodies11.rio.003:1933169644:00088160:00504,cvm,…………。<01>,[],layout_only,efa30788584cfea7ade60ccc37d7fc6cda943e64935eb133252c341159e58e05,0b3d7aae4004dc9b91522cf9245f879b48b6a3b3d3c28ecbba043ba8207a6df9
pm:vm:photonmelodies11.rio.003:1933169644:00088204:00505,cvm,总觉得，反倒像是我占了她的便宜啊……。<01>,[],layout_only,175db3e16d0fa1c39d79e3063a901cf680bff4229b2b7d8a32600348459a161c,a11fd8f22e7b70be6d63b24fd9a367196563f83db512e0830449260f2d86fb91
pm:vm:photonmelodies11.rio.003:1933169644:00088248:00506,cvm,不过，我也确实打心底里高兴……。<01>,[],layout_only,2c8c4b6757a49b9787ef45fdc59532d0ab3d2696d3522d96367489d9338a7831,cb12f9b1c8727da24ddacefa6880407b365eec6ef02af2b0a93aca0cb731e047
pm:vm:photonmelodies11.rio.003:1933169644:00088292:00507,cvm,算了，反正都已经收下了，就这样吧。好～，我也回去喽。<01>,[],layout_only,b0e47d8361412b1bbfbd69d0da7afa0a1d1a3dfed6e624d3fd8b9aad480cb59c,f0ff256e07da64af137706b69031ba812c526699b06211b31f53da979d323b8e
pm:vm:photonmelodies11.rio.003:1933169644:00088732:00508,cvm,【武】「我回来啦～～」<01>,[],layout_only,4bead9d619e9db585c8fff3447c07a189268fffe3c4520d56594ad461fb2be68,82fb5deb0720e87ad6af30c4924fdf501b0fb698606cbdcf376ba37aed1ecb76
pm:vm:photonmelodies11.rio.003:1933169644:00088956:00509,cvm,……啊，月咏小姐。<01>,[],layout_only,e681b5cba8aaae222d8a84827bce261e888de01395fed5d93f897a09dc6e4822,4bfa0bc4ec754dc63d151f5e556e63fc29db25024dd814e3aff7a4f904c5ae23
pm:vm:photonmelodies11.rio.003:1933169644:00089192:00510,cvm,【月咏】「………………嗯？」<01>,[],layout_only,1bb3aeca32c2a466d4449c60d2405e8fd1c75ab90ecb6edecfde2612327d6323,8928318b1fa4ecb1a8da72333e8629e51de2c904c62230d94d7a926acb2b348f
pm:vm:photonmelodies11.rio.003:1933169644:00089236:00511,cvm,【武】「月咏小姐，我回来了」<01>,[],layout_only,d1ce02e6fb6c970426485559dc249b56509c925474441927560adf490fc57ad5,04c39f9746b48a0a4db7095e329aaf260f9e28598988b215314bfdd965f17f4c
pm:vm:photonmelodies11.rio.003:1933169644:00090128:00512,cvm,【月咏】「啊，欢迎回来，武先生……」<01>,[],layout_only,a55b3e1a753e912fbe4aba37ec241c5c66563e8ecf91fdd13bf12da784408757,7ed92fbc2df151f1df562e1371b6fd81c03db639e58a63c0f1005af3e9df37c9
pm:vm:photonmelodies11.rio.003:1933169644:00090172:00513,cvm,【武】「……？怎么了，在想什么事吗？」<01>,[],layout_only,060450ecb862cda35a74bfacf4f90d7b265fdf384a968bae6c8a10d881df40e9,84ace45510de62b059550e8ac1dc9bcf022d5434915e4d8cc39274274052d8f6
pm:vm:photonmelodies11.rio.003:1933169644:00090604:00514,cvm,【月咏】「不…………那个，冒昧问一句……」<01>,[],layout_only,59ea88c15ba752461a740163b22bb88f6efbf501d902dc8ca3d79419aa32088d,89f86bb4f05ae31615a6f4b90fe1c4e27ae4545efa507da59b8682bdf23b857a
pm:vm:photonmelodies11.rio.003:1933169644:00090648:00515,cvm,【武】「什么事？」<01>,[],layout_only,f8e8274b2ec0c23fd7b154c1bee6702227898b92123862b353e64ea99a47b4bf,1f9878fc095e5f1759b9a943a6d2cae2273c1e8923e2c5f559c4276fc9f080a3
pm:vm:photonmelodies11.rio.003:1933169644:00090704:00516,cvm,【月咏】「今早您用过早餐了吗？」<01>,[],layout_only,d219d29b7c1cdf3f921a1ad929f7d3db6ceeae861e39037603643aa469b78caf,b533c57f043191e3a1d314df5cb3d9f39b3a8b1d8a52bbe0f3cd82719b3f2818
pm:vm:photonmelodies11.rio.003:1933169644:00090748:00517,cvm,啊，她是在意悠阳做的那顿早饭吧？<01>,[],layout_only,2bedbe50a1d7f453e4b31cb2e1cf0eef2c40eb31824d5bf788786c15e9e9dc27,ddb085cd0e9a0ec775b5e5926ee602f67bff348397785879115258ec21da9324
pm:vm:photonmelodies11.rio.003:1933169644:00090792:00518,cvm,【武】「嗯，挺好吃的。不过，话虽如此也只是冷冻食品，<0A>悠阳只是按了一下微波炉开关，<0A>但至少没爆炸，这已经是巨大进步了吧」<01>,[],layout_only,b1cdb5bb14a010fc7ac89098d3756c9d294a39e67db22f96c602d3d09e81972f,bb19be54327dd5a8f9c01bd2771ab364bf51cc0d3461d50b4577cee3c1ddab53
pm:vm:photonmelodies11.rio.003:1933169644:00091024:00519,cvm,【月咏】「咦……悠阳小姐她……？」<01>,[],layout_only,983e1a0c66e1617e331046e1d8828a97baf4be05b35016c17974f1fc5d684fae,ee145699216335ed34bcf426ecdf5bab024d75681266ba6b9b2f72bbbe5fe107
pm:vm:photonmelodies11.rio.003:1933169644:00091068:00520,cvm,【武】「冥夜还很不甘心呢。说悠阳什么时候学会做这种事的……」<01>,[],layout_only,f541bdd497e3969886d7e33d161fb7b99fa33d2982d47e68a9d0f30d1c1f1958,e6ad1981663e8efe447696dc5ae45f582ce3195d0237a3780752d1108dcff88d
pm:vm:photonmelodies11.rio.003:1933169644:00091288:00521,cvm,【月咏】「…………」<01>,[],layout_only,2b2f29176317ff676e4ab02335e57627c74b44c3fb7c4493ae593d017b2fac0f,ec24c7695e33a83fe5c4d0d62987f7e2290bf38abc1ccc2548abb72d7ae100f5
pm:vm:photonmelodies11.rio.003:1933169644:00091332:00522,cvm,【武】「所以？有什么问题吗？难道其实哪里不对劲？」<01>,[],layout_only,5a60e77b061f2dacf92336b79b35d0f4edcf2ae82e421326a032bf5674e82dc4,2f6ab8a0935fc9b2f27550ad0b39e63f04b871985d544df40ce9d61f9bfaae89
pm:vm:photonmelodies11.rio.003:1933169644:00091764:00523,cvm,【月咏】「咦？啊，不不，绝无此事！……原来如此，我明白了」<01>,[],layout_only,79d14ffe3d2703de529ea68239b77a03e93e78b0fecf03ce525ffdfdffcccb19,a2f309907eea9fe507ce6627ced95bc53a32ded29d1d8acc0d6dc2c779abaff0
pm:vm:photonmelodies11.rio.003:1933169644:00091808:00524,cvm,【武】「话说……晚饭……还有吗？」<01>,[],layout_only,90101a8b227126f5f3d8bae85c2670da9430ddb7662d19b3bad9d6e31c1d7bfd,685ce84dd7efb578a88da7eea01aa02b43d691017d4cd8a4de9f02ca43ef0a15
pm:vm:photonmelodies11.rio.003:1933169644:00092040:00525,cvm,【月咏】「当然有！因为您回来得晚，<0A>悠阳小姐和冥夜小姐已经先用过了……」<01>,[],layout_only,2c069bdf90513c5bdaeac500ac9f16cec86d629d90ec4a3de87abfff1c7ba79f,16836674c8e72a03ba7e0d8fc72c95dd248f3a36acf14577dc8d9b4a273bd577
pm:vm:photonmelodies11.rio.003:1933169644:00092084:00526,cvm,【武】「啊，这也难怪……是我没联系你们，不好意思」<01>,[],layout_only,e57e505cb7a0b2ae065b2e5b492953d2c19b0d7e7e1700dddcf8f4dec0b203a0,6b4572b1990ba0fe07ab010b8a290b05b182f1d64d900e410b36314f8b536791
pm:vm:photonmelodies11.rio.003:1933169644:00092316:00527,cvm,【月咏】「那么，我这就去准备，请稍等片刻」<01>,[],layout_only,ff7d36f4fb02782f5ec10b312de37045c2f27660fcef7002a32a6155e76d689b,1801fc275f53020392fbbfa0ad2a716b7ec5fd406028657f1635bb6811bfe47c
pm:vm:photonmelodies11.rio.003:1933169644:00092360:00528,cvm,【武】「啊，对了……月咏小姐，我有件事想和你商量一下……」<01>,[],layout_only,d88eb3139da650f84256d5a5381c23e8cad683de9c6cce7c6efc9e49abb66b82,1366bf9ecb45deaccf543286de01536a18276b230c0d5a19966f57da6d6f84f6
pm:vm:photonmelodies11.rio.003:1933169644:00092592:00529,cvm,【月咏】「……？请问是什么事？」<01>,[],layout_only,a5be1591cafaeb56defbb56eae12c236ffdfc84e312e3c1184c956dfb909374c,42539b7411b4e54b4ece0f07f9169a17fa9eff12f48aee1691b1d24049bd3e21
pm:vm:photonmelodies11.rio.003:1933169644:00093060:00530,cvm,――目前传感器还没有反应。这条情报真的准确吗？<01>,[],layout_only,a4ddfc85751eef1bf508b98e238285cf0e65743956e8ffbff39ce037b9839593,095b30d5f42d1f11ae1075b00643b3f03d79b9716b28a7c80dc12acd545aa8a8
pm:vm:photonmelodies11.rio.003:1933169644:00093296:00531,cvm,――你觉得呢？开什么玩笑，我们这边已经被晾了一个月了！<0A>去找分部负责人确认！<01>,[],layout_only,bfb84b12d464b8fdc2fe8cd6a7e4e03770112bb3959d97eeedc687751a280d78,c5e4dbf890ec9061e2edab2452ad2e0f62264942de003cbe6c2b598b869d549f
pm:vm:photonmelodies11.rio.003:1933169644:00093352:00532,cvm,――还在睡？凌晨4点？别管这些，赶紧把人叫醒。<01>,[],layout_only,f16476e7acc8bc17b21f074325f48ba9989f574d5a03552ccecb783ea3414d92,a04d7630b3e56d8466ba13af4c6b5088656421eee24bf6ba0952bd1ffc982e82
pm:vm:photonmelodies11.rio.003:1933169644:00093408:00533,cvm,――喂，汤米，我需要确切的情报，<0A>你能不能想想办法？让白江去查也行！<01>,[],layout_only,79c73e1ebb8d22eb226907f4c36bf4885b277f4f14084b564d72b4c01d0cb836,30a1a93afa5d1e18555ef5f83c51c1902818676ba09e6b8956caae4d09aea3e6
pm:vm:photonmelodies11.rio.003:1933169644:00093464:00534,cvm,――我们好不容易才取得对那些家伙的优势！<0A>你知道我费了多大劲吗！？<01>,[],layout_only,41a5107fbb612ae8aeff7966960a6892e4ccf3fa2dcd6d5b56a13b8b14f578ab,9b39fec10f14f14a589229dd7da83e0e3583efd33c287a56ed1f842c67dc13bf
pm:vm:photonmelodies11.rio.003:1933169644:00093520:00535,cvm,――啊，我知道……我不会擅自行动，也一直照你说的做！<0A>所以你们那边也把该做的事做好。<01>,[],layout_only,f21b2fcbadc550650486dfe95b248991d5ae55e3dd06125b3fff72bf21d01026,8e78f14577ba4cc8c8822068ff87250d8eec4e9d0f0b75bc58e7f20167286ecd
pm:vm:photonmelodies11.rio.003:1933169644:00093576:00536,cvm,――明白了……我再联系你！<01>,[],layout_only,c583abd48916dda4867369a84e9c79cde524f9d0a9b535aaf861549bfd1aef5f,0f4a93296b0b2fc4f8eea68bfca297919f77920f97984fb8fe7e971ed642fe1f
pm:vm:photonmelodies11.rio.003:1933169644:00093864:00537,cvm,【扎乌伯】「…………啧！可恶！！」<01>,[],layout_only,085111a7422694c80e63810fd3574c4aa037618e029c60696892639bfc161197,c5e399280c9485d56d9122b77fd8becf46ab68ce30992ecae0f13f3951e5543a
pm:vm:photonmelodies11.rio.003:1933169644:00094060:00538,cvm,【扎乌伯】「既然这样……只好动用那家伙了吗……」<01>,[],layout_only,fde196263e832614f5202c8e4c157ba888c5b261e6f6952b33e89410682e0ad6,a5a451684580a97b97b4e3002fa9c2669c95a93b057a613b5f9cd802db7a53ed
