binding_id,kind,translated_text,cn_annotations,review_scope,jp_utf8_sha256,en_utf8_sha256
pm:vm:photonmelodies11.rio.003:2092185664:00001032:00001,cvm,…………。<01>,[],layout_only,efa30788584cfea7ade60ccc37d7fc6cda943e64935eb133252c341159e58e05,0b3d7aae4004dc9b91522cf9245f879b48b6a3b3d3c28ecbba043ba8207a6df9
pm:vm:photonmelodies11.rio.003:2092185664:00001076:00002,cvm,纯夏和霞那两个家伙，到底跑哪儿去了？<01>,[],layout_only,695619e2233018971c53884e0be2cfe3b578c4be45788d36eb3ddcff54b2df27,6e74287fc862b15eb3a64f79625ac9918fdc561b34eb706329d0e21253262e48
pm:vm:photonmelodies11.rio.003:2092185664:00001120:00003,cvm,昨天晚上也没能和她们说上话……今天可是冥夜她们的生日啊？<01>,[],layout_only,39e5037afbf447c975869025973eb652b73e14e83fe5497a479301e1676bf755,ebdc5f01c3ca2fbe1c4d7eddd3730d8e4698b3eb0bd626340801dfa51da41b70
pm:vm:photonmelodies11.rio.003:2092185664:00001164:00004,cvm,她们到底打算怎么办啊。<01>,[],layout_only,44355962010e99f6998b8cb263db5f5d077dfa3efb407fcbf98a6aed1aaab8ab,47a6c3244122bbbf7f849b607754efe6e4edb5a44fa8e26cb72cd15f051c5555
pm:vm:photonmelodies11.rio.003:2092185664:00001520:00005,cvm,我也先跟月咏小姐提过了，可她不知怎么回事……<0A>我也弄不明白，总是顾左右而言他，半天说不到点子上……。<01>,[],layout_only,b7ba25ed2f476d86bbba1359c03d89d14b5fe6c620557264b1a846773e5654fc,26eaf52c5a837e7f69ebab458a4ca63bb2f4890e281b22c1a0bc2be5f80ee0e1
pm:vm:photonmelodies11.rio.003:2092185664:00001744:00006,cvm,……已经中午了。再这样下去，什么都没做就到晚上了。<01>,[],layout_only,a16d5af4a36cb868d34183e9cc974fff99362aaa99bc78d3d87f94d48d881eb5,e997cf7594c83009f9da38bafe80c9fb403edc64494d61860b8af4b4fa6b2ec1
pm:vm:photonmelodies11.rio.003:2092185664:00001788:00007,cvm,没办法，就算只有我也得想点办法……<0A>先准备什么好呢？蛋糕，吧。<01>,[],layout_only,6eae59061561b53cc8b44e4e16832bbdcf3190b2ed76b70fc866071a2bfbc3ae,f25be4d438aa2cfb4e67d85a159802b7e2d9696606a01375e29223db2af6b6b5
pm:vm:photonmelodies11.rio.003:2092185664:00001832:00008,cvm,再就是……吃的和果汁之类？<0A>可是，那种随便买来的廉价东西，她们会高兴吗……。<01>,[],layout_only,8c0185202c2f296d1989ca8e3d3737a6d592881b52a3b7a4fd69c5bcc6268715,9e20c57b3e7838e1ddcc30e9b905b5fde7abab5b0f5159077b9fa92be7f7e434
pm:vm:photonmelodies11.rio.003:2092185664:00001876:00009,cvm,不对，在那之前，我的钱包撑得住吗？<01>,[],layout_only,355deffced491bdb98d2b28c16ef2a458d87bc02f6979ca38aad7dad0237db9a,ebdf10ab71f93050921dd0c65ed23be435a6e96a8fcfff88c8a2de00b71e13ac
pm:vm:photonmelodies11.rio.003:2092185664:00001920:00010,cvm,嗯～……可是，我能做的也就这些了。<01>,[],layout_only,bd812708e9ab26702523f479c72d5fea4cd128ad1eb1e7bbd5b3fc7d37f38cf3,026a4be7213e930b91155bba0d9c3b9b71c806a9a71cfaa3023d475f6a8aeb8e
pm:vm:photonmelodies11.rio.003:2092185664:00001964:00011,cvm,…………剩下的就到店里再想吧。<01>,[],layout_only,f3db9e13126b69a9e16f9a178dfc3351ece3f520aece93d5df508483fbffde0c,68da89c666db24d1852023f103a83eb0294d467ded37b9a2f71b8178307ff938
pm:vm:photonmelodies11.rio.003:2092185664:00002404:00012,cvm,【声音】「武！」<01>,[],layout_only,825759eb27abf318828ecbf24b083f1869f6bddf93067fe4ba45ce32380bb376,33e6b2c3b508fe6bb168bba5e851c758fde1e517564f6870521ec688afa8e4ff
pm:vm:photonmelodies11.rio.003:2092185664:00002944:00013,cvm,【武】「哦，冥夜。」<01>,[],layout_only,17361439e62b2afabb2e7120d390a239e5cb9d0bc9e41c2506a2b0a826d3782d,9dcc0cd005cc7daa49d9c7603c551b591f8882cd248cf7218cab99a38656a392
pm:vm:photonmelodies11.rio.003:2092185664:00003160:00014,cvm,【冥夜】「……你要出门吗？」<01>,[],layout_only,f291a173f0af563fd7607a16e799b5742a6526951aa427fcbce43c62dc533fc4,23d605c2fb5647f94aeb3f2ed2fd29486a01b0dc43166c1ca5a163f9cd4842e0
pm:vm:photonmelodies11.rio.003:2092185664:00003204:00015,cvm,【武】「呃……啊，那个……」<01>,[],layout_only,b293eee21bda2108c7a91df93bf7e45fd7b2e5bcd9b8fab26387bbc4656c970b,e51fc70ed7429e4851c870bd22177294603258fa383a356645efbe8ca186b8d2
pm:vm:photonmelodies11.rio.003:2092185664:00003248:00016,cvm,事到如今还有必要继续瞒着吗？……<0A>不过都坚持到这一步了，再多瞒一会儿也――<01>,[],layout_only,fd56602c10ffcc138569a314023938c7e16c13dd55cd0b2b8131e1843374dda4,17ccf79bbf4bb9602c583f4182b775de66bf1eb4b84005de536bed7f1c47a707
pm:vm:photonmelodies11.rio.003:2092185664:00003464:00017,cvm,【冥夜】「那件事很急吗？」<01>,[],layout_only,d197c2437ddee2bbbeb099a510ce62b054b6a03fef991eb3376e6cffa451b7b6,8ba23f971fba85e14fbc705329296af422994d586deef84da56181adda23b7f6
pm:vm:photonmelodies11.rio.003:2092185664:00003508:00018,cvm,【武】「嗯？不，看你那边是什么事吧。我这边可以调整。」<01>,[],layout_only,5bb3ae6e5a46a4997b96c749419e93906c06cfc6aab91d09a18bc5518b7a30b8,b80c5cfb1a54cdb8cfd88f9fa3c9e2187a8ded3286cdbd7a05c5fb3ad3b6e2aa
pm:vm:photonmelodies11.rio.003:2092185664:00003724:00019,cvm,【冥夜】「是吗，那可帮大忙了。<0A>既然如此，接下来能不能陪我走一趟？」<01>,[],layout_only,81768c9fc1851d1e929c62fdfb035dc7c3edb508bbb38736ad563d30ee476d3a,fa11038e540fc232c504dffc6ba1c5fb2a94d4c965f7aac5a245a0e2277f385d
pm:vm:photonmelodies11.rio.003:2092185664:00003768:00020,cvm,【武】「啊，倒是没问题。去哪儿？」<01>,[],layout_only,d06d4260392b0a7907e0369cdd96c3e0ab27e4353a332edd6507da12701f2408,570e07cdacf83f19c2a70938ae7447a6be7811a32a7ff0622eab9c015a2ffb7a
pm:vm:photonmelodies11.rio.003:2092185664:00003984:00021,cvm,【冥夜】「嗯，跟我来就知道了」<01>,[],layout_only,e5eb7bbb833f0bbc3897fef527698fd7aaa9b86c430666a57b6dd0cf7e2ed845,d969e926e0ca75dba299d42cd14a5fc622faeabb2df52c998ec5657470c0b069
pm:vm:photonmelodies11.rio.003:2092185664:00004028:00022,cvm,…………算了，也行吧。<01>,[],layout_only,dfe9d26b54e28ecdbd269b47e54633fac9d547eb52218d1ebae3852669899823,fbcac3e8c1e418a2b2d1a2b4716308b8c70050a0b2435c7bab6034d851c85ddd
pm:vm:photonmelodies11.rio.003:2092185664:00004072:00023,cvm,【武】「好吧，那，走吧」<01>,[],layout_only,eff8e84eeaee971ed02a88068bdba5d775bcfda674bf45697ad30781943d13e8,991d8cc1f9adcdaae294bf827bfdb58feca33823fe1681d8578d021e6af62d3a
pm:vm:photonmelodies11.rio.003:2092185664:00004304:00024,cvm,【冥夜】「嗯……那就拜托了。」<01>,[],layout_only,8e3adb6458af1380727f358a459ef3af90fd78069ca2095c457b29067de23ea3,11c694fd942cadce39ab95abaf0e19093ec28ad13e257669acdb3678d18604fb
pm:vm:photonmelodies11.rio.003:2092185664:00004408:00025,cvm,【声音】「明白了——！！」<01>,[],layout_only,849d53ce7cf1631abe5574eb6e7416746164ccba1f4efe06294a56843875b282,eb78d99550689866e595a12820e030aed139860d6f16b9880656b48bdb56b088
pm:vm:photonmelodies11.rio.003:2092185664:00004660:00026,cvm,【武】「哇！！」<01>,[],layout_only,db41698bb4c5a2eeb850c9c42f0839137c095b96e6307a803314cf32cc71a480,a0eec5454a367228c33be2b5ae78115a88d1ba60b95ec6093ff895dd35e6c7fb
pm:vm:photonmelodies11.rio.003:2092185664:00004744:00027,cvm,【冥夜】「等、等等！你们，就不能轻一点吗！」<01>,[],layout_only,dd00edddab7aaf26f6048de1224dd311f25c0d669308187c20ec1bb83f7ecbfb,2fdac4585cc0db10c0fee34af47eb45f88d05b71d79eafc3986968a1bb38ccb4
pm:vm:photonmelodies11.rio.003:2092185664:00004828:00028,cvm,【神代】「雪乃，绑住他的脚！！」<01>,[],layout_only,d8200701bf507e9eafd43897ada018c7094ffcb24e2d67bea5cd93570c504e01,494e4f78fdbc6b048fc52cb2aa2df8fac6fecb349149537af3bc566580e5de87
pm:vm:photonmelodies11.rio.003:2092185664:00004884:00029,cvm,【巴】「交给我吧！！」<01>,[],layout_only,3bf1a7a99ac57184cc8dfee7d81df570d4f21ef56aaf6edcd3f2ab68c4b1e432,6fc5a1b31593ecaff084ede1ded0c4f37845ee727d5b8c35f8751208998bc211
pm:vm:photonmelodies11.rio.003:2092185664:00005228:00030,cvm,【武】「可恶！你们这帮家伙，搞什么啊！！」<01>,[],layout_only,4b58dfa7e8601ab6fee371e4d872ee06bd9008da40c841cc93832ce608b6cdd5,b77879e47cc2e81cfe03973dc4df610edacf8d3b42f738c94008a35771a391df
pm:vm:photonmelodies11.rio.003:2092185664:00005336:00031,cvm,【巴】「美凪！把他的胳膊也绑起来！！」<01>,[],layout_only,a35185977782348c3d57c124dfbb95c8d910bad867c2ce05adedd1abd0d4b236,b5d228a87b6645eafbb2dbb037e8f96634921f49fc76863420d0762a23a2b2ec
pm:vm:photonmelodies11.rio.003:2092185664:00005392:00032,cvm,【戎】「了解～！」<01>,[],layout_only,d1a0f6b3e2dd7d421dbc4fc46c22109bf71ffe57a429d8d1f7d55fccbb89dbeb,28e8e1e95e3abae42a1cea2a9b877e49bdb8ccb4b02e91b66bb498170c3244ef
pm:vm:photonmelodies11.rio.003:2092185664:00005712:00033,cvm,【武】「呜啊——！你这混蛋！等……给我解开！」<01>,[],layout_only,8b951c1045042e29a9a6d509236ed2669ff40290cbd52c93cd5bf6a63a165bcf,d54c284f1dd7f89b488ad90e65ec48ad6e6d9b45f4d59c485960cdb680066ef3
pm:vm:photonmelodies11.rio.003:2092185664:00005820:00034,cvm,【神代】「真是的……别乱动啦！」<01>,[],layout_only,8af22b1b059b1b44fc1706340f84409ca5a947750c5bfd88274fb3fcdaeafbed,853062a73e6c2d0231f622381d5fdabee20f9bee614b775eac52b95d792a7001
pm:vm:photonmelodies11.rio.003:2092185664:00006492:00035,cvm,【武】「好痛！！」<0A>【巴】「痛～！你干嘛拿头撞人啊！！」<01>,[],layout_only,0d9bb0d4cef0cb2e436eb44cc09bd046e7b760cffb0077bb564ae10a4d749ef9,cb562d475d889f9795cc827b56da922ec8ab4942fcb303d449d5e50595f8aeb4
pm:vm:photonmelodies11.rio.003:2092185664:00006536:00036,cvm,【武】「我又不是故意的！！」<01>,[],layout_only,d90a2ded6310c3202d5f179de3c4abb66fcf611c01d12bd17cee049d035c1700,e5e103762432140184913d861bfdd019abad72e8c52bc8f7565474e8e68333f8
pm:vm:photonmelodies11.rio.003:2092185664:00006668:00037,cvm,【戎】「真是的，巽～，快想办法按住他的脑袋～！」<01>,[],layout_only,6fe63f7e515c96aa6f36c4237b4bd27fa6e3efbf2b7546e79510cdfb4b0d574d,ca4bc3eb106cc9842765ac7106af4cddea36b56b13f8198e7198d89b1dff281b
pm:vm:photonmelodies11.rio.003:2092185664:00006724:00038,cvm,【神代】「OK！」<01>,[],layout_only,7ed73eec88a2ecf9d4743ee993d4f7c5b4473ac943bc55d5421c77da6689101c,903b204cb0b7f955c360b4cceac8a7be1798057b465f860357868ac873dfaeec
pm:vm:photonmelodies11.rio.003:2092185664:00006820:00039,cvm,【武】「唔唔唔唔唔喘不过气…………」<01>,[],layout_only,6120e94273843d3842fbeb66a639336f51a36a443aa3004641d7f5628486864f,519378de170aabe2cd9bd646c6d5c1791a6b04ad3d010634005f7bb25b5c303a
pm:vm:photonmelodies11.rio.003:2092185664:00006864:00040,cvm,脖、脖子！<01>,[],layout_only,29ecaf32b0ee764a6b1b53dc23b76fb260a19d194c6afa1b3d49b689d183b753,30f75edab3ea3493dd7e2fd6b3bdcf607b7d430ddf3f3fce40731f1e8cee8f5e
pm:vm:photonmelodies11.rio.003:2092185664:00006920:00041,cvm,【神代】「好——，这样就 OK 了。」<01>,[],layout_only,232b4231d3ed84925e3838766c1dbe2eb9e2c25e0c7c00c7a9df909822a3bd66,f0b82c95fa803bf4e50e19ad567f49837cdb74df85efee7a62f2418f60ab17a5
pm:vm:photonmelodies11.rio.003:2092185664:00007300:00042,cvm,【武】「唔唔唔脖子…………」<01>,[],layout_only,5634fa6361defcd9018a3a7d4debceee989528c8e46e8c51755328662b701296,394b570e6f0e0a49862d3905687bfc57b0e225c1eeceec2fd91459cfc7ab63aa
pm:vm:photonmelodies11.rio.003:2092185664:00007356:00043,cvm,【巴】「打包完成！」<01>,[],layout_only,ca1c96b573aa9ae6b086754d1ff56a841b123a109e8411d3b93d3b74fa1af7dc,bdae5e044c9b7e7107bba91fe16a0bd8c3d75d20b0a186291eafff8a87c3d8c2
pm:vm:photonmelodies11.rio.003:2092185664:00007400:00044,cvm,勒得好紧……<01>,[],layout_only,e9fdb6405f935237450787a1f182a7adc13eb66df92b35d9a1fcc1e85122fbdf,253f8d536e2b977e92a186e0044bc05d65132877e143d0e47d354ca973ca5a45
pm:vm:photonmelodies11.rio.003:2092185664:00007444:00045,cvm,【武】「唔唔唔…………」<01>,[],layout_only,763f75977def48205c15a3f2b21ac2de5ca04f7c093c91b25d418c7afa696912,ffbed339c0eb53d14f71ab0e88bbf783f1aa76d67a9c8899ef4567c21f5e05f4
pm:vm:photonmelodies11.rio.003:2092185664:00007520:00046,cvm,【神代、巴、戎】「冥夜小姐，准备完成了——！！」<01>,[],layout_only,3dff1d87d042c8dda1dc6cc52ee6c0ed9a9ba8c99ff5046fc0eebf9d2b019cf5,5f1397a0d4a571bf62fc48751cc089d2c331e98649df79b08fac4d7db41606ad
pm:vm:photonmelodies11.rio.003:2092185664:00007744:00047,cvm,【武】「唔……」<01>,[],layout_only,51110169d56c6361ac8fbf54b5a5eca29b887c9842f82d22797bc690be0c1dfc,21d11c2b24c558e8379209348f21a1386530d64f897549eb05191a3ed493ac69
pm:vm:photonmelodies11.rio.003:2092185664:00007800:00048,cvm,【冥夜】「唉，你们，再轻一点。<0A>武，你就原谅她们吧，再忍耐一下」<01>,[],layout_only,5b856ec4fb8dd426136084c9f652eb44644c20bce6c3f56658b7fb1bcd05d67f,6693642b958458a5cdc7dc137e37a9551817216bd4a5134e99c34bfa175a8f49
pm:vm:photonmelodies11.rio.003:2092185664:00007872:00049,cvm,【武】「…………」<01>,[],layout_only,770975bc8d76964cd0683d1a3ba2ec947971272f34819d29aa5c66d3964a88d7,6a17c608647a040376434d02fd50f1e4124a141fe417bdc98ba4d3f27bdee35c
pm:vm:photonmelodies11.rio.003:2092185664:00007928:00050,cvm,【冥夜】「武？」<01>,[],layout_only,f3d7aa3bdca9cfdb2a9516b16b4fa79d1fb67bd00df3e3d0b239fe1de80497d9,e339b13e2e84e6a430e65bb1fe58c6e8e9554a39a8b0070e98219dbe935e0887
pm:vm:photonmelodies11.rio.003:2092185664:00007972:00051,cvm,【武】「…………」<01>,[],layout_only,770975bc8d76964cd0683d1a3ba2ec947971272f34819d29aa5c66d3964a88d7,6a17c608647a040376434d02fd50f1e4124a141fe417bdc98ba4d3f27bdee35c
pm:vm:photonmelodies11.rio.003:2092185664:00008028:00052,cvm,【神代】「没反应呢——」<01>,[],layout_only,eb5cdc14bc14f0c96e6ce236ac645ab15b1fe5c34a280df588e1dc552d1986dc,55b5fccc6ca6e809b5786dac006f4d57d506dfe1cc0bd170b38fd5800d38ae54
pm:vm:photonmelodies11.rio.003:2092185664:00008084:00053,cvm,【巴】「老实一点是好事啦。」<01>,[],layout_only,b8a824ec74681baf0764f85b64f7900a872a7c578bdb1204b00d74f44cefdee1,d2ec6b729ad5ccb8648a1434033737d6e616f4200a141fa1a0804e2e80cae3f1
pm:vm:photonmelodies11.rio.003:2092185664:00008140:00054,cvm,【戎】「不用在意哦。」<01>,[],layout_only,0380a9443049f27152d81132f0c639dbfdd9abbbc685c81d89f1d7fd9bfea084,968232fd4a94e2fb76456decc29375cfa46091848bdc69b9c268ecfcb9cdd268
pm:vm:photonmelodies11.rio.003:2092185664:00008196:00055,cvm,【冥夜】「是、是吗，那就走吧……」<01>,[],layout_only,4e1aea9829329e71cfba2d3078e6598d2f958531e217acf4177cbc44909683ce,ed09ea57ce701c521e8db589d32831dcca67c79c52287724c345857d3c9cd40b
pm:vm:photonmelodies11.rio.003:2092185664:00008272:00056,cvm,【神代、巴、戎】「押送～～！哦————！！！」<01>,[],layout_only,36e3d3d231aa619207ebae12608e4286363685a8998c65dfa2106dbbc1098a8f,b37c2e460c7a1c88a8224ab81668066c0c790e16ced64a7d14fc6d3b1aaaddbe
pm:vm:photonmelodies11.rio.003:2092185664:00008628:00057,cvm,【武】「噗哈啊啊啊啊啊啊啊啊啊啊啊啊啊！！！！」<01>,[],layout_only,e9fcd187d5ae955ff9960bf22689020fcbb561b5a736ebb415d324614e6828b4,9e33a7f7979f89c0df726a9cd9d9c255dd6b04da348f7e4bf962ab264024acce
pm:vm:photonmelodies11.rio.003:2092185664:00008876:00058,cvm,【武】「你们三个笨蛋——！你们这群混蛋！差点害死我――」<01>,[],layout_only,b70a0097962cf25aebba861259ef1f22a6ca2783d54ee66793f6d3127ad19ec9,dc397b8b6a8455ced2a7eb55dd982ff61679947952f2ac0608124fe9a7a79e39
pm:vm:photonmelodies11.rio.003:2092185664:00009264:00059,cvm,――生日快乐——！！！<01>,[],layout_only,23975bea9a92403e025e749471fe6e7ddeff017aacc7b6f6a7962ec253c60ae2,e2cdddf299e447f0a5c4d87b5160ff7f235c0a3e1d8639de135cb97e73a8de7e
pm:vm:photonmelodies11.rio.003:2092185664:00010412:00060,cvm,【武】「嗯？啊啊啊！？」<01>,[],layout_only,b76218615ceec3eb8316caa9f37184011bf938a22b2b753ccec9296d3ef18a58,271d0e1cfa0964a2ad06d339af61745192992c4f3f6d8c8bf0627c915a9f443c
pm:vm:photonmelodies11.rio.003:2092185664:00011064:00061,cvm,【神代、巴、戎】「现在好像……不是说这个的时候……<0A>但还是祝您生日快乐——！！！」<01>,[],layout_only,3f6d0bd0b02affae6233087003606baae1012fc225f6f4dc5115cec3b20ca332,31f05dfd70d2e3069d831681e1bf0438a7444a4ff2813c08d4a7b3d2c1c5d899
pm:vm:photonmelodies11.rio.003:2092185664:00011460:00062,cvm,【壬姬】「小武哥，生日快乐——」<01>,[],layout_only,b736ead9fb17e0f19fa6c0f5d6b26b86d8f08e4fe7e8e4b516c546738f3158b7,7b4b605a369d818b5179d18bef3b153c50efc34ebb524715be7793c092e06a4e
pm:vm:photonmelodies11.rio.003:2092185664:00011560:00063,cvm,【武】「小珠？还有，大家……？」<01>,[],layout_only,192bd4519fdd2f9a37c92c53bb1ef82cd956eabea4e2525ff12e2cba023aa6d7,43a57beb2d0fea50b48b7e024c051f73ff9456ceab1e930e5f8340fa1742c455
pm:vm:photonmelodies11.rio.003:2092185664:00011604:00064,cvm,到底……这是怎么回事？<01>,[],layout_only,73bfd4d71fd38cb0c26b60be58a58de15cfbf2afb8bcfd3ec1d958e487209f10,7447b2f0b1ed1782f6d15d136da5806b3cb157e870c0614a556694911cbc5417
pm:vm:photonmelodies11.rio.003:2092185664:00011972:00065,cvm,【纯夏】「小武，到这边来！！」<01>,[],layout_only,890548a169d346f93c7863731fab23bd6323c7c09ae028d04fbd0a3e20cf8eb2,7041cea7cb5293cab36ffd07d20936e0699a3ec6db1f7ec009cf2800a02f40ac
pm:vm:photonmelodies11.rio.003:2092185664:00012328:00066,cvm,【武】「纯夏！你――」<01>,[],layout_only,8428445e17c1d17eab21aaa9a730e8b270c33245d43d76499fed52228dbf876f,01bee0eeaf225db8ba7db48b33b2afe3892d86ea54af712b3dbbfb073f69438c
pm:vm:photonmelodies11.rio.003:2092185664:00012872:00067,cvm,【纯夏】「快点快点～！」<01>,[],layout_only,a7a7f37e35b754d33364d3dea7f15c4792a24b9e613277f89a6c7eddc859cd0a,60028eca279789dbc04300fb5f22c77b6bfd29a60ad6d671abc295f7777aabdc
pm:vm:photonmelodies11.rio.003:2092185664:00014088:00068,cvm,【武】「这、这是……」<01>,[],layout_only,05f9d9d48b6ceb25d0bf2cb9029a8cd190e7d312511c4ee0dffd9078b623f747,c314bff5b3f064cb28e7c9628bccb9bbd0b44f999d5a97a48f75886394adef19
pm:vm:photonmelodies11.rio.003:2092185664:00014144:00069,cvm,【冥夜】「这是你的蛋糕。」<01>,[],layout_only,0e4b22210c97c958c1d2b1f2dbd6547f26a4dce47e3e839f91b060df642568de,a536b6392b2697567caa452a3d13af2952a123ba7c1a3985291e333e97eac486
pm:vm:photonmelodies11.rio.003:2092185664:00014484:00070,cvm,【武】「冥夜……？」<01>,[],layout_only,5e0df9d01d208d26d90568d00ab84368197b667a9c2759e37097c29c0d8dcc12,7c3660cd7a8cfaf61cabab06a48e3f025dbe91b1f6c12580d61d002d0f5b16e9
pm:vm:photonmelodies11.rio.003:2092185664:00014716:00071,cvm,【月咏】「为了不让日本媒体察觉，<0A>把糕点师傅请过来，着实费了不少工夫」<01>,[],layout_only,30cdf29a6e8942fd8900f2285b80fb68d49ce11bc68c55d427b3902abb5a0646,ced52bb04be1be804c9a7a6958a93fe338a494d5043fe8f43ab587519f8d12ec
pm:vm:photonmelodies11.rio.003:2092185664:00015100:00072,cvm,【神代】「我们可是直接去当地接人的哦！？」<01>,[],layout_only,90e826c0fd33d316ecceb41467d14d663d554911d1576e083bb405145eaf566a,19fa3ee5b0bb02b80c05718c9a4f7b2bb701b9968e057ad66f27f36196a50998
pm:vm:photonmelodies11.rio.003:2092185664:00015468:00073,cvm,【巴】「我再也不想坐飞机了——」<01>,[],layout_only,bd6bee869c3b64140c8f3c9dcc6ca2469647496858774b5b7f9b59cf232a4593,3469cc33f05027c6bcc56a54dbd681137d6a7ba503c12138f211f33819c3a1a7
pm:vm:photonmelodies11.rio.003:2092185664:00015868:00074,cvm,【戎】「哎呀，我倒是玩得很开心呢～～」<01>,[],layout_only,6a3d7faa43884eff7dab2858e15a3f694b7b2f8e7ad589ea85982e86bec02f22,7fc9204b8f7fa481cce9c832910dd35b0e7d9f56f79a1e59d136b25c4133b31e
pm:vm:photonmelodies11.rio.003:2092185664:00016088:00075,cvm,…………。<01>,[],layout_only,efa30788584cfea7ade60ccc37d7fc6cda943e64935eb133252c341159e58e05,0b3d7aae4004dc9b91522cf9245f879b48b6a3b3d3c28ecbba043ba8207a6df9
pm:vm:photonmelodies11.rio.003:2092185664:00017748:00076,cvm,【武】「难道说……昨天你们几个不见人影，是因为……」<01>,[],layout_only,a43888e35d12d6ddec2a3c112f694fa5cc67c8b981e044255c28afc79510cfd4,1e3f4c04f4027d570724a4502c9a82ff950bff394af27189b326e8d76c8e6fee
pm:vm:photonmelodies11.rio.003:2092185664:00017980:00077,cvm,【纯夏】「对不起啦！大家都在准备这个哦。」<01>,[],layout_only,eb932546174c4009bc9c74798f4fb3ed1ab6c0c00482c703f77bd37b9ef4f37d,3f73623281d8e55568cf29aa881b67dc26d7948054b53d0c92425587d6527e74
pm:vm:photonmelodies11.rio.003:2092185664:00018024:00078,cvm,【武】「大家？那……你们在学校里鬼鬼祟祟的也是……」<01>,[],layout_only,ef112786f679edf002ca6f48119b2d56f8b55e19388ea6ce1617b5ab16ca1d56,b738f3be24f3377ae3239cd7cbe033d9584405903c15a928f88c91a0a6d6ae08
pm:vm:photonmelodies11.rio.003:2092185664:00018256:00079,cvm,【千鹤】「谁叫某人这么爱刨根问底，<0A>为了不露出破绽，可费劲了」<01>,[],layout_only,2e7268f554a19c34c7ae4a77381b22216ae3c1a4ae839a910d0b68881cfdb565,c7b2dec378d94f48fbd18c143c6cffaaff02cb13b6a0400ffee412ac4c0668d5
pm:vm:photonmelodies11.rio.003:2092185664:00018300:00080,cvm,不是，你们明明从头到尾都可疑得不得了！<01>,[],layout_only,0020264faa9e966cdfa2d2db28d19255163f38ef28475fd9c63b1df6dbb44b8e,35f97b3414a0adbca142f8a9d42c3d28a41725e4dc33e5ef8fb329bc2304763f
pm:vm:photonmelodies11.rio.003:2092185664:00018920:00081,cvm,【武】「我昨天找月咏小姐商量的时候，<0A>她说话含含糊糊也是……」<01>,[],layout_only,a617e46801a1c329bb42466d8dfde1560c0bda955bac74ff75a9f153c333a112,ce63e001251870f731eb61199053053c13146cc242828c117dea5e4f2ca6c785
pm:vm:photonmelodies11.rio.003:2092185664:00019152:00082,cvm,【月咏】「非常抱歉……正如您所想。」<01>,[],layout_only,c6b0570501fc016efcf4a3eb28803b449877045bd716c3cdd143683b4a184240,3119b8565697ea1a0ebb9032e4a747c9189a29a8555bc88db264f9cef7821693
pm:vm:photonmelodies11.rio.003:2092185664:00019608:00083,cvm,【武】「悠阳和冥夜也……都知道？」<01>,[],layout_only,5aabaee79aca5567f5602b4ddd459662e4d8e87ddf280a47e4fd02b42433b751,e468953a3efbc293965ae7dc384fb77bfa926244c93f76abf5cab5878cdb30e1
pm:vm:photonmelodies11.rio.003:2092185664:00019824:00084,cvm,【悠阳】「当然。昨天早上，<0A>我还有些担心会不会被您问出什么来。」<01>,[],layout_only,11cb6b01c1097637d76b265695c5eadf25e6a63bdb7392b9ab3d39d408770e9c,1bcca777e4ff934d6a8507478f55f64c5316c3b48e2bb3a59b2984835911a18d
pm:vm:photonmelodies11.rio.003:2092185664:00020040:00085,cvm,【冥夜】「我这边，也差点一不留神说漏了嘴……<0A>毕竟我从未有过这样的经历」<01>,[],layout_only,dd90b02582b5eb637359404a10d8fdbf68d0763b73d7de159dfe5bad4c7e4d97,d46581769e0d3cca49aa7831db21466a9e2e856664fd78eadfce6992f2d8e4e1
pm:vm:photonmelodies11.rio.003:2092185664:00020084:00086,cvm,——啊！<01>,[],layout_only,f2e48a9e64855972bd631f7fc9788007ecd109cb98c69dbc8831d0ad84c52efd,5f6eed684659103a93230ce161895949e5e2a5733dee90eaa847391e0a71d06a
pm:vm:photonmelodies11.rio.003:2092185664:00020764:00087,cvm,【冥夜】「不过――」<01>,[],layout_only,500ad3628dd3e52508be29189a147888b1d5c6eb926f3cc312294b59dcc85930,ffe4f692d2a166382dff04152543efd3935df53012af7625e66832e473f7bbc4
pm:vm:photonmelodies11.rio.003:2092185664:00020808:00088,cvm,【武】「嗯？」<01>,[],layout_only,6f5168f44f03ec612149cedef5338508aa6a27acf347972463e8012d2f9d7f92,15724e6f770415469d24e77dff39459d6b7a628ff759680c2c41e12789eb1b10
pm:vm:photonmelodies11.rio.003:2092185664:00021176:00089,cvm,【冥夜】「这样想来，今年的生日<0A>大概会成为我至今人生中从未经历过的一天吧……」<01>,[],layout_only,f6d9e677b76e44e9cbe2677272b1ed87833cef669ceda676a5c5f62c3ba495fa,f3c7dd80659f8ef7c8af27133002e18e5a66ab484aa514c1dd79af1624df658e
pm:vm:photonmelodies11.rio.003:2092185664:00021220:00090,cvm,【武】「什么意思？」<01>,[],layout_only,126ecd800f05bd3053ebf135cffac33ff19118f7bb77b4d792ddafaa7588c6d5,2206aa9bff9ff37f6ddc127508a0148a2f4e976d2fe70b8841228d1f3210471a
pm:vm:photonmelodies11.rio.003:2092185664:00021720:00091,cvm,【悠阳】「冥夜，就说到这里吧。」<01>,[],layout_only,368cf40bee4c2e62db8992a635e42e929de5a0f45438ec324e8a10ff44d605d9,0c679f2fc8f27afdf99670e8a778fdf11359f16898725c25b61473559d452ce8
pm:vm:photonmelodies11.rio.003:2092185664:00022268:00092,cvm,【柏木】「啊……那我先走啦。」<01>,[],layout_only,84b4330f720c5a02103c9b77d2c6458ee335025386d166e480911d1bb9efcd85,6220b7f5056b1e42689a4c89d341b3472564bb3eefc97bee02a996bda1837433
pm:vm:photonmelodies11.rio.003:2092185664:00022312:00093,cvm,【武】「啊……」<01>,[],layout_only,d4de93fabe8c109cfc1ca7623627891b70ebc2a041f7d214a08c027e515763d3,c951e47db4773da9c3de3b608b1adb3f5fc12cc847b4f4550831622fff1dd082
pm:vm:photonmelodies11.rio.003:2092185664:00022456:00094,cvm,【武】「呼……到底是怎么回事啊，真是的。」<01>,[],layout_only,d804e5a00857a53550b813d99d772bd82cb8b56eef824aedc3e591e51f2d1481,98a5055296a0ecadc38441a73f5906fa8f41aa34a689c03954dcd4590dc7b471
pm:vm:photonmelodies11.rio.003:2092185664:00022512:00095,cvm,【冥夜】「呵呵呵……」<01>,[],layout_only,7adf8e48cbd1d5a19dbfeafda31dd2461a97fe4790ba4ad2473fd2a0d69fc7ab,60c6bcf4baa734ea7032707e0271230a554dda99f0a434147205167b2e77f028
pm:vm:photonmelodies11.rio.003:2092185664:00023000:00096,cvm,【武】「…………喂，冥夜？」<01>,[],layout_only,7b5ec51932a71106fabfd3fef32ce47b864a5e7dcb7118befb0424f14038298b,7b8ace4c8267bf27c34e62075ec6f053339530b03c504cb7138d13f02f7f4ff8
pm:vm:photonmelodies11.rio.003:2092185664:00023500:00097,cvm,【冥夜】「嗯？啊，是啊……确实，是个奇妙的日子。」<01>,[],layout_only,d072d9e2fc4486a7ca5f187bfcbcc7ea3a307b50a3546af117d17e126f222a86,7139da1b615132cb0dd0e249f51ec1b05e97a6eb0e90fe2b388a47790931e35a
pm:vm:photonmelodies11.rio.003:2092185664:00024000:00098,cvm,【悠阳】「是啊。」<01>,[],layout_only,06d54618b4166eb5ffb04bbf741374144e64bb765518edce705f474f76040b1b,3cb75a73fc1c8df03e726b54a597ca0984d8dd821ab67b0e2084d345d942944f
pm:vm:photonmelodies11.rio.003:2092185664:00024968:00099,cvm,原来……是这么回事啊……。<01>,[],layout_only,47f90692700fd27e08c06e73ffe7f19635d834bd07bf07b85e3fabb83522e003,b1126ce18b6553d901dc84496ac962beb211c14d5948b03cfd2512219d9e4c59
pm:vm:photonmelodies11.rio.003:2092185664:00025012:00100,cvm,【武】「可、可是！」<01>,[],layout_only,17555720b235993e7b8a8f768382336b2d1cff3ab66e5fe69d79f80d4f8548ee,74ae07459ea5cd543096eee9896ec8d65e6a8a4e1cef7880bddb652815cd9676
pm:vm:photonmelodies11.rio.003:2092185664:00025056:00101,cvm,只有我一个人被庆祝，这不是很奇怪吗？<01>,[],layout_only,fa34bb0b23d97dafa21f2ca707a14e83faed43b17755cf58bb7971b112c94ba6,d15372e5fc05489a46260b2b972483a0d7cdb80367b41745ad78cade05c908d4
pm:vm:photonmelodies11.rio.003:2092185664:00025688:00102,cvm,【纯夏】「小武，来，礼物！！」<01>,[],layout_only,9dd03a74ca1667dec554f520371e5a41cef4641e9aae11e415257ef8a6416a4b,f2da926647b97e029bc2ae9407f6304046c372cad6c268e51057e8b6731d314f
pm:vm:photonmelodies11.rio.003:2092185664:00025732:00103,cvm,【武】「不、不是……那个……」<01>,[],layout_only,94a7ae367275eff66a99a02eaae1fe64325f197a79d20f921f9ab561efdd5a27,8c384ae90263c59c39987377ced02a2ffcab6f79a9f927b98fb82451c38ff2e2
pm:vm:photonmelodies11.rio.003:2092185664:00025964:00104,cvm,【纯夏】「…………」<01>,[],layout_only,b360f3f0e6356b46c3c0ec5558c1c1f308b8474339e0f316f306314f8bf8f1a8,3d22d16e7838a1ead13cdf1c58d9e32f71d520eb546f5bbd5d1149da53708234
pm:vm:photonmelodies11.rio.003:2092185664:00026424:00105,cvm,…………。<01>,[],layout_only,efa30788584cfea7ade60ccc37d7fc6cda943e64935eb133252c341159e58e05,0b3d7aae4004dc9b91522cf9245f879b48b6a3b3d3c28ecbba043ba8207a6df9
pm:vm:photonmelodies11.rio.003:2092185664:00026468:00106,cvm,【武】「总、总之……谢谢你……」<01>,[],layout_only,d052c93175b1170ba9f30db91af62b40f87814d481711458655bf31639b97060,e76a88d0925fb0734d9e2657e1f6794524d97cde44c52a27167842d0bc080687
pm:vm:photonmelodies11.rio.003:2092185664:00027252:00107,cvm,【武】「哇！？」<01>,[],layout_only,17c639bed8de6df81059c269f9a00f436fb0a97eb8be185b023c7f894ed03c3a,fdcf5d96b4efb0d3cd0ad45a4d92bc47e9798fb25f98013ca97ef05491f781d5
pm:vm:photonmelodies11.rio.003:2092185664:00027768:00108,cvm,【神代、巴、戎】「本来想就这样，结束的～～～～！！」<01>,[],layout_only,717ccc695927f8cfb6aa1813bb18920bcde915a039413a66f77948affbc98f41,041a2506836f385979573f225181ca0186ffbab923e983d5c924e5267499d45d
pm:vm:photonmelodies11.rio.003:2092185664:00028748:00109,cvm,——生日快乐——！！！<01>,[],layout_only,23975bea9a92403e025e749471fe6e7ddeff017aacc7b6f6a7962ec253c60ae2,e2cdddf299e447f0a5c4d87b5160ff7f235c0a3e1d8639de135cb97e73a8de7e
pm:vm:photonmelodies11.rio.003:2092185664:00029280:00110,cvm,【悠阳】「……咦？」<0A>【冥夜】「……嗯？」<01>,[],layout_only,9d9a2c9ee962158d730615bcbb9f18ff71155e7b57e25cdf000fd057996ab964,193acc7b67092f8a3949f6b861e6765ce5c67e1750e6b1b9d4882693562e812a
pm:vm:photonmelodies11.rio.003:2092185664:00029512:00111,cvm,【月咏】「悠阳小姐，冥夜小姐，祝您二位生日快乐」<01>,[],layout_only,345848d9e4c0c79d616e0a7a8815a7398cef6e762afbb90f9a238319eaafb389,7182f212423046fcb34bb3c94c16fb857246ed5ba30889d1f398f6fcf34d66bc
pm:vm:photonmelodies11.rio.003:2092185664:00030244:00112,cvm,【神代、巴、戎】「生日快乐～～～！！」<01>,[],layout_only,f30cd1e459a20dc896cb4a5354c2bd491cf2bcd4d94e27ba8edbe9fc7850dde4,d0bea3af3f79bcf3d92298a23c8b913bd6d7a45b8424eede86c53ecb1315b4a2
pm:vm:photonmelodies11.rio.003:2092185664:00030476:00113,cvm,【悠阳】「这是……」<01>,[],layout_only,4c74085da47837fdb6624134d498c2ddc5e84548d2e28e5810ffc700286af8fb,8ac7aabbdaa1807fa23d9a25414b3103ba216938ce47c3090650901168e03cc5
pm:vm:photonmelodies11.rio.003:2092185664:00030708:00114,cvm,【冥夜】「……这、这是怎么回事？」<01>,[],layout_only,9856125232a451f1499dd254267b77b4c6cab6011072cd66686ab3d557828b9e,5e7660a5a88d6f13ead8aff97bf29a1c72640b2c325a484d2a3108e6e0c9f098
pm:cstring:photonmelodies11.rio.003:2092185664:30995,cstring,抱歉，我去外面透透气。,[],,048566913c22ebd645f78e1ab97dcc2f809e08442fc568d552a82ba8908e0398,295d919b824aee22426eab426130ab91325545c675e51744e60487ecffda157a
pm:cstring:photonmelodies11.rio.003:2092185664:31150,cstring,不，我先回一趟房间。,[],,30d5f971bbc322c6133c6180e10c5ef5ef2560b59f1e26b7af6850a04a317bc4,57ca29ad7359be601c6f94e79b95f5cf64f62f665a25a3a8e0b4a75e39bb6fdc
pm:cstring:photonmelodies11.rio.003:2092185664:31301,cstring,纯夏这家伙，真拿她没办法……,[],,8439bc14978f179cb55210c255cab40443e497995bb7c5ddc6f546f9ad281b3a,ec5c12ad57366f4b5086031d416c04a835235bb143b6454c083969bd1f4c649e
pm:vm:photonmelodies11.rio.003:2092185664:00032060:00115,cvm,【纯夏】「小武和御剑同学她们明明是同一天生日，<0A>怎么可能不一起庆祝嘛！对吧？」<01>,[],layout_only,2d6fd89ed06b572dfed04ff95c4da0fb6fafb857802579072914ec3d48c8706f,351862f78811ede7fde8ca48c39d5abf21e72bfe76dc5e28a439a9f75d9a3305
pm:vm:photonmelodies11.rio.003:2092185664:00032364:00116,cvm,【壬姬】「嗯！！冥夜，生日快乐！！」<01>,[],layout_only,693d4d96ae6208fe1336127464a72f72283846a86b0a730ef828e3fd999b78f4,b54b6e6118fc2a7c3e2ee61cbe58ac1792ac4156e932a2b2be050743a7f8fa12
pm:vm:photonmelodies11.rio.003:2092185664:00033396:00117,cvm,【悠阳、冥夜】「这、这是！？」<01>,[],layout_only,bef63d11795f44462d3cfb2ce830a833dcfc7e7193af2aac82ec84f7d187ee20,c8e7c979bd763fe01174bdc8387e3d250c6ceb5ce1692fc4c8a2677e62f9fc21
pm:vm:photonmelodies11.rio.003:2092185664:00033632:00118,cvm,【月咏】「毕竟，这样的东西要准备三个，确实费了不少心力。」<01>,[],layout_only,7403e097b73b0699c1c7e0456b90d9904e64d24a9dc57d4b5a3fc7550502fcc9,d6994b98902aef52605099aec28b79788097437f9a32ff51227e3463dfa53068
pm:vm:photonmelodies11.rio.003:2092185664:00033696:00119,cvm,【悠阳、冥夜】「…………」<01>,[],layout_only,afb05dc596167bd007f81db2e2acee0bb31d1569d5ad02b10ec6dd6c036e21a0,6774b1fbfe4b684197457b243822a3b649334035a230b785701326a5281b3aa7
pm:vm:photonmelodies11.rio.003:2092185664:00033752:00120,cvm,【月咏】「不过，像这样令人愉快的辛劳，也不是常能遇到的。」<01>,[],layout_only,f9365c8d1bb460d5ebc70102015551e947c7afcfcd8f710361703d9dd26ff7d4,23fb6f5e99707cb19af71bbf3ade8e7b215a29478ff3b6bbd874ebb6f4ae9500
pm:vm:photonmelodies11.rio.003:2092185664:00033808:00121,cvm,【悠阳】「各位……」<01>,[],layout_only,ff3c876a8f129450d9a12919353318f385b1c31aca02c919e94ab4065edaf7d5,1c68de8f4902af3d6ecce3f194eb9abd70287e143c784437b515c985b508e8c2
pm:vm:photonmelodies11.rio.003:2092185664:00033864:00122,cvm,【冥夜】「你们……」<01>,[],layout_only,7273ec926603e8951a4b288293d21a03085a4950b06f0e02ae7b46e6e507f2a7,c174e3c522a23c3b63c5e21c071d95a1ae9dff6fce3be55ef5c0932d90b382fb
pm:vm:photonmelodies11.rio.003:2092185664:00034160:00123,cvm,……什么啊，原来是这么回事。<0A>也就是说，这不光是给我，也是给悠阳她们的惊喜？<01>,[],layout_only,aba22d27a336d52377dba5f9646e8570d20ed1312200bd7c1e0cbd14c924c8fd,ef4fd49c6ac473e7d030cf4c9323fe62802407b94110fbba6d39ce6569e52d78
pm:vm:photonmelodies11.rio.003:2092185664:00034204:00124,cvm,【武】「看来我们几个，都被你们摆了一道啊。」<01>,[],layout_only,17b1df999c690465cfeddc1abf2293f2a3c3d41aa333d5aafe8b05bf0633158e,29f246daaf02332aa046b1d03e22c4520583e64ee1a560465b0f3901b90742a8
pm:vm:photonmelodies11.rio.003:2092185664:00034704:00125,cvm,【悠阳】「似乎是这样…………<0A>不过，武先生也被摆了一道，是指？」<01>,[],layout_only,575c3b94b13ec00b53157007e73efd12a5f330fc618201d008b28b5d821d45d9,d618fbc77755471b0b562c422a612ac75093e3876c575dcc01e008c5155defd6
pm:vm:photonmelodies11.rio.003:2092185664:00034748:00126,cvm,【武】「我啊，跟纯夏说过，要不要给你们办个生日会。<0A>结果别说准备了，从昨天开始就完全找不到她们……」<01>,[],layout_only,b084e3e71182c378a2505a8bbf01d1a7951c08351486b4158fabf00cdf977054,9924eeb16a9bdffe007e72b501cc98723f56632ecf27adf297990a480694f32e
pm:vm:photonmelodies11.rio.003:2092185664:00034792:00127,cvm,【武】「我还想着她们到底打算怎么办……急得不行……」<01>,[],layout_only,fcecd6137f44d24faf6ae47167e9917f7236ee501ebe98cc95dac09d9e10605b,d13afc41b3e4aba45538d7aac74697aacb9e29c2cdf2def48decbb7a47d8794e
pm:vm:photonmelodies11.rio.003:2092185664:00035156:00128,cvm,【悠阳】「原来是这样……」<01>,[],layout_only,301711e0bf8fe76c6ba4177ca714ff70c8146dca60866335f3ec1e988d3ef3ec,67ab8baf0519a5f0096cd5b6827a0dc751c0088f1c5e5c71616ff7339c6c718c
pm:vm:photonmelodies11.rio.003:2092185664:00035200:00129,cvm,【武】「刚才也是，我想着至少得有个蛋糕吧……<0A>正打算出去买，就被冥夜叫住了。」<01>,[],layout_only,8473266ccac7cef977783058ae0e77f04ae4ea4530e5345fa1f88496789eaff2,a81094b4bef3a9993ca2f8eaf55627214b3f12ca1e7d023f2599c092100b10d7
pm:vm:photonmelodies11.rio.003:2092185664:00035432:00130,cvm,【冥夜】「原来是这么回事……抱歉，武……<0A>不但让你担心了许多，还让你为我们如此费心……」<01>,[],layout_only,3d6b827a077d656e81874e13d6530a2919f385c64ae6bf1d01086fc81ee25916,0aaf01fd0a91577b3f07ce213fd1cb0d6dfd6543781856f1bdfac8d4094de550
pm:vm:photonmelodies11.rio.003:2092185664:00035800:00131,cvm,【纯夏】「小武难得也有认真考虑的时候呢。」<01>,[],layout_only,805e7ebbf1500d6b6a9bf9d486a6efef7ded5bba9971ee0e1a38c444730e7d5a,8a4c1b86ec2568da55b5d3ffca4c24e1b7ae80ad9f7df1dc43fe4df4ccff0325
pm:vm:photonmelodies11.rio.003:2092185664:00036020:00132,cvm,【武】「吵死了，笨蛋！……不过，太好了……真的太好了。」<01>,[],layout_only,5e892829c75a52452e097a262e6afb331d6c78e79f0c820d80dcb325ccb3f03b,5a49ed715b776efec00993187bacc3d4192d6d2efbd1da787ffbeff26b2a48ee
pm:vm:photonmelodies11.rio.003:2092185664:00036064:00133,cvm,果然啊……这种事还是得好好珍惜，嗯。<01>,[],layout_only,54fbaec58059b892028b948baa2f978bce47d7b0ad75aa5ecacb581fcf3c566f,a4f072aeabd8b80c27f4772ce469b25581f8775fa04e36c6c3451f1b48038871
pm:vm:photonmelodies11.rio.003:2092185664:00036552:00134,cvm,尤其是在听过她们的生日究竟意味着什么之后，<0A>我更明白了，伙伴之间像这样普通地庆祝生日，到底有多珍贵。<01>,[],layout_only,544ce692b95d32e9488633a83218e6c43fa66f51edac7ffc303b3acd3b4fe7e0,cbce643dc494b13566fcd01ed422939e092db16c2833d2550d07b36b6c954252
pm:vm:photonmelodies11.rio.003:2092185664:00036596:00135,cvm,……不过怎么看这都不算“普通”就是了……哈哈。<01>,[],layout_only,c8985ed6614a33e8f08c851daf0c69d65821c820e8cbd877b69707f7da4c53f1,eb1e689bff0c550ad9d823d3a191114c88ec3f7397207af7cf40d9db84d972f2
pm:vm:photonmelodies11.rio.003:2092185664:00036960:00136,cvm,【悠阳】「武先生……」<01>,[],layout_only,b0a572a68264287aab314faf1bd6774dd04c8d18aa49d5e3126db5f7c9694519,d487f776639ec5d1ae622df61a4360af49a57347faf67810f4637baeb1d1f7a3
pm:vm:photonmelodies11.rio.003:2092185664:00037016:00137,cvm,【冥夜】「武……」<01>,[],layout_only,a5f9d5d7bb7b9285f16dbb5c5136e74ce0637cd202eac68459fb77d565338d3d,a079b4b01a6d63f18fc849ee0395d4dea699a8cecca15dcb4f365460ec8f1516
pm:vm:photonmelodies11.rio.003:2092185664:00037764:00138,cvm,【千鹤】「好啦好啦，现在不是伤感的时候吧？」<01>,[],layout_only,5050b0ef2f6183b8c084487966495ac7703d901377e85b1169eed72dcdd8fdec,6c764b2f9715a75bf782ab49d011158cead1cac3049287d47050dfdf4fe96cd5
pm:vm:photonmelodies11.rio.003:2092185664:00037996:00139,cvm,【柏木】「来，大家先一起干杯吧！」<01>,[],layout_only,67eb03e22d03314caa211b30de66312d934c9b557dc870490d16a969aeafa9e1,7b79c19e6f7dc05d121673ec113101477aa7fc61090395b2cb510f3757308a50
pm:vm:photonmelodies11.rio.003:2092185664:00038232:00140,cvm,【纯夏】「哦——！！」<01>,[],layout_only,aad393aec873893c350c36f384d8a999e38f27bd331eea0b1cfc689b883b5cba,6a2a0bedd862261066e576f1e5e362af04543ad866c6688565a0e0b1c10a4e5b
pm:vm:photonmelodies11.rio.003:2092185664:00038288:00141,cvm,【月咏】「各位，杯子都拿到了吗？」<01>,[],layout_only,af7a8d361afd5367ac59255fe73d7d96b292f11444622b9e9f5ad8a9b10e5cf3,d3287baf180acad34ac694be481e4f2e2480dff33c7f337226b49a441b4ccffd
pm:vm:photonmelodies11.rio.003:2092185664:00038344:00142,cvm,【纯夏】「那么重新来一次！<0A>小武，悠阳同学，冥夜同学，生日快乐——！干杯！！」<01>,[],layout_only,9b598db539cb53c57113b1df4ead52a569d766477b1d9678ea09c113e4424a75,89b86f813a74850750f6238716517cd29aeffb8e29539dc05867e467d702639a
pm:vm:photonmelodies11.rio.003:2092185664:00038448:00143,cvm,【众人】「干杯！！」<01>,[],layout_only,39ec591672fdee26d6c74b1656a15b570b720ac4e082fc1022db189adbb7aedb,1df285baf80b4b6cc824836be6bada776c2420a3678c1042c02bb9d85738e04d
pm:vm:photonmelodies11.rio.003:2092185664:00039436:00144,cvm,【武】「嗝…………」<01>,[],layout_only,812ed1915620a2ea0daae537164beee7b2326f4f47969dc5b1f2224b33f186d5,ae7fbfa248becde67842e5e4e06d03c39044a30b9e70cb446b3a16a4c8039a14
pm:vm:photonmelodies11.rio.003:2092185664:00039480:00145,cvm,不行了……真的不行了。再也吃不下了……。<01>,[],layout_only,f0b8f01af395151c451b9286d99a383c10a5c878deea64dd5028199e6f18ae50,adbc78db299a5ff7deb96dbcd97438827222fe6a4c8697a06555665db96b0825
pm:vm:photonmelodies11.rio.003:2092185664:00039524:00146,cvm,想把那么大一个蛋糕，全部吃完什么的……<0A>嗝……实在太乱来了。<01>,[],layout_only,6ff93fa6641a1515891ca002697adfea24242a6beee9c958a844c21ee0d8aefa,5f451922d481882b26cf0f2003de0978abd934b0f1f05a5d1316e420085df261
pm:vm:photonmelodies11.rio.003:2092185664:00039580:00147,cvm,【神代】「续杯的茶送来啦——！！」<01>,[],layout_only,ca6fca379a9ce70f1d4b237aa24bc53fec8cec6557cef8d3ef0c8f1401a782a6,7910aeff05de64f570da1fb39f6f9530152a10e8336b8f13d334b19ad85b3bac
pm:vm:photonmelodies11.rio.003:2092185664:00039636:00148,cvm,【巴】「果汁在这边——！！」<01>,[],layout_only,8ace5984646d5e4942bae3de9724da008bd42a6b826ebda477e603f41f9bb3ce,c095040f1bcf2bbfa3b03b6bb666d635244113ca9cbe5c2e59e929e2857ee7f6
pm:vm:photonmelodies11.rio.003:2092185664:00039692:00149,cvm,【戎】「来～，蛋糕还有很多哦～～」<01>,[],layout_only,17a01724aa537b5b4facc7699e6ca1bf594819dfced5f6c9854474a6e4a8b8ac,9621633aee05f3cb523ebc67db4e167b945bf403e336c1b3e0ceb618ca77e21b
pm:vm:photonmelodies11.rio.003:2092185664:00039768:00150,cvm,【神代、巴、戎】「大家尽管往肚子里倒吧——！！」<01>,[],layout_only,b740af6b01813905db563ab6551710414e1013d2a52d4978c8cf2bf23c32720a,06e8d2d44cf38fecc21ee079b6713904c3bc9acb6a002bcc8d4cbe7ead264a4b
pm:vm:photonmelodies11.rio.003:2092185664:00039812:00151,cvm,……不行。<01>,[],layout_only,be74e9a921997738d1ce68ff3d48e4bd3e52d9da3b302f3c1560eff7a6ca0dab,83725462d9cdda3f405166c90cc8ef43cc932d7452dd5161341b8f44b15e60ff
pm:vm:photonmelodies11.rio.003:2092185664:00039868:00152,cvm,【纯夏】「收到，交给我吧——！！」<01>,[],layout_only,75303f591420221ca586b419d43ba1c37d637e1ecec521952617e671f83f63ce,a64ac6e5ab9abe1627e68de14dcbbdef161eabc47ebefbc83a986b684e93b30e
pm:vm:photonmelodies11.rio.003:2092185664:00039924:00153,cvm,【壬姬】「我还能继续吃～～！！」<01>,[],layout_only,619549f21b839c1c999505c90d0d5177db4a81034d3a8c01fe3c3ea8e30b91bc,9009d422dbee570442873a7275a511113566599b382bd60e2a28c02d7ee73773
pm:vm:photonmelodies11.rio.003:2092185664:00039980:00154,cvm,【美琴】「这个甜度刚刚好，怎么吃都不会腻……<0A>这种蛋糕说不定一辈子都吃不到第二次了～～」<01>,[],layout_only,dbea91d4c9c90c3cc1fd337a679eca0353fa7a31cc7f8e414a7e87d21c3d11cd,14bb0eecc3321ff567dcd309733940113b68aaf59382e2fdbb7be11810227569
pm:vm:photonmelodies11.rio.003:2092185664:00040036:00155,cvm,【柏木】「确实呢～，我也没吃过这么好吃的蛋糕。」<01>,[],layout_only,9eef41487a9e41489437278b694ab9c6eb7a7102ba2f7a820750167b9a74c498,2802fb5918fa5b90e5014dd078e9738268536969980fe1f25924642b1cad242c
pm:vm:photonmelodies11.rio.003:2092185664:00040092:00156,cvm,【慧】「不过还是比不上炒面。」<01>,[],layout_only,995a4446dc00b758cafba854590017a04c17cfbf2c05c27e367862f21f844767,52481c953eaa4563700c8e3e1ab37a5870c29fdf3f4fb7f43e4b53175af9c6ef
pm:vm:photonmelodies11.rio.003:2092185664:00040148:00157,cvm,【千鹤】「这两个根本不能拿来比吧！」<01>,[],layout_only,031c1b859346643f764e9fac68d084ac3296be4c1859c9fc774b4f9f98438522,9510e66184ca8580cf1e948202bf00d85da66b27f64049e4b0b8378115ef31ce
pm:vm:photonmelodies11.rio.003:2092185664:00040204:00158,cvm,【慧】「咦！？」<01>,[],layout_only,c0b09009ef27a403ece782b858abd522463f8952acc33d46a729e570cf78dddc,d20bac2a4fcb9fee2bce1a80dd5d4c6ac7750cca3c8903db50e9bc1962e3dc40
pm:vm:photonmelodies11.rio.003:2092185664:00040260:00159,cvm,【纯夏】「小霞，你有在吃吗？」<01>,[],layout_only,3fed7549a8fe15a3cb0cfe8a2fc2cae74d058ed92ea85c0871cd06c6372ba3fa,7db79932605ead423a52fdbca81baded2e18d7851bf53c8df5fc4ee6d02cd8cb
pm:vm:photonmelodies11.rio.003:2092185664:00040316:00160,cvm,【霞】「…………嗯，非常好吃。」<01>,[],layout_only,0399c621fb3fac998fa857246f82173e3d0bc1ce847b736485235165916bf20e,d182adc06d50b462e3771b281dd3b46f030535eb8b6c7ee7772d032f99769fb4
pm:vm:photonmelodies11.rio.003:2092185664:00040564:00161,cvm,你们这些人……还真吃得下啊。<01>,[],layout_only,ae77def54bf557d8d84eb96b97e85756ff5de543b9e653c042aa40472a7e2bad,98811c58bd15a4e7d3ee06af0a3fe13b1285fae8d80f6d9d300e83ca86a0b0c4
pm:vm:photonmelodies11.rio.003:2092185664:00040608:00162,cvm,常听人说女生吃蛋糕和甜点是装在另一个胃里……<0A>可你们这也超过限度了吧？<01>,[],layout_only,47b7d5a121b49be6cc7af2ced81aea7a02d3881de700860974dab39295afb050,19a12b1ca7366ce554c975d6b1a34508519e3a9669d3a534f8eb275589f31302
pm:vm:photonmelodies11.rio.003:2092185664:00040652:00163,cvm,你们扫过去之后，简直连一根草都不会剩吧。<0A>不，肯定就是这样！<01>,[],layout_only,980bf376efa170f4429649473de4dbe4103bdfbe63ab97dcb5248d5b4d2a2b27,427bfc1a44924b6d622e0606343621cf28a81dee368a1f72dceeb99269a08857
pm:vm:photonmelodies11.rio.003:2092185664:00040696:00164,cvm,…………光看着都难受了。<01>,[],layout_only,d84e0766cd329dc9e7637908667dd83acf1d36ada52e2c77faa122f884141237,33480500e36df8ed816d8de07d2e0dea147aaa217a383acad2d8afb450c05d3c
pm:vm:photonmelodies11.rio.003:2092185664:00040876:00165,cvm,……。<01>,[],layout_only,a8c0841fada26437e06edf4cc99a2f89302a31715e6fffabf09bae04dbbc9a80,8b9838ce3d87979c99406185b29994e51c8853c86ecd9f0c3a80843c34808661
pm:vm:photonmelodies11.rio.003:2092185664:00041056:00166,cvm,…………咦？这么说起来，悠阳她们不在啊。<01>,[],layout_only,c34b65ce7c16f55178731dcbad1163804d8bab2ccfa4daa2c95d6c110861a31f,161bcb9c69d234ef8a6a4f84ae5471638573e9089f60187a0df783155cc656ad
pm:vm:photonmelodies11.rio.003:2092185664:00041100:00167,cvm,【武】「月咏小姐，月咏小姐。」<01>,[],layout_only,97076618ed7c05b2ec90c501ad0424917b2453f73f615c29d1d3831ccd19490e,af24007a9fe5f33dc2cd6cb213279b9f64e2e6bbb69e0fe4a7675b44ad0210a7
pm:vm:photonmelodies11.rio.003:2092185664:00041508:00168,cvm,【月咏】「是，有何吩咐？」<01>,[],layout_only,ccd249f605033b01a9b02d11e637cb3245c79c43a71c7341c62420400daa24cd,942e21bedaf3947b0f4fa445e2905bd4afea992cbddc8a363f2dd0ad4f5fb637
pm:vm:photonmelodies11.rio.003:2092185664:00041552:00169,cvm,【武】「悠阳和冥夜去哪儿了？」<01>,[],layout_only,46b68862f8afca6870405f12f875a4ecae318fb40ad1071dced08e45ceb61895,5f2a8809a9be572c0d80af60a960691442d8e10b8b54b36b00b6ed41a07d4727
pm:vm:photonmelodies11.rio.003:2092185664:00041784:00170,cvm,【月咏】「悠阳小姐方才，出去乘凉了。<0A>冥夜小姐则去了武先生的房间」<01>,[],layout_only,ea0d80663c932c8f87bd83a8c37a2dfd4f541f0058d216f9f1f7153a625a7eb7,6ce7c6828226ef2e41bc443fe096349ece80c0cbb13cc0e754200a7fb6be2023
pm:vm:photonmelodies11.rio.003:2092185664:00041828:00171,cvm,【武】「看来她们两个也受不了那群围着蛋糕打转的鬣狗啊……」<01>,[],layout_only,73454ee55b935dc246c0f6b0aafbf97f6c5c7ea9ec077d0a51970ca42a4068c0,48a54cfaf035df21da81f033d0b97c99091f239d3b4552c8aad0727c29b0885d
pm:vm:photonmelodies11.rio.003:2092185664:00042060:00172,cvm,【月咏】「这个嘛，究竟如何呢……」<01>,[],layout_only,3ecdd4f9c8f98b170d85015c0ea5e5ce777c80623581e47b0a289559adcef791,2a30adfbc478c2bc0d6f91e63ff8d52ceccd9a20dfa3d8a3730375741cf3a8ca
pm:vm:photonmelodies11.rio.003:2092185664:00042116:00173,cvm,【月咏】「您不妨去看看情况？」<01>,[],layout_only,fc4a9c8a33f65f2ac5eaa9efe2256f6370db8bcdfe47c6fc22aee847bcc9dbd2,cdabe8cbf290c4bb48cd39a96f2703bcafe07f319a495a8a3558a97794f86742
pm:vm:photonmelodies11.rio.003:2092185664:00042160:00174,cvm,【武】「咦？…………也是。」<01>,[],layout_only,fc28d0f0acebb0a0e00bd7e314b03470fbcb6dcbf2d07b006eb94af0c2b91b36,a9d819bacaf9ff3fe42d2cef924669746d5995b780e929c3eca0c741c36d4b7c
pm:vm:photonmelodies11.rio.003:2092185664:00042204:00175,cvm,我还得把礼物给她们才行。<01>,[],layout_only,02164f64ab0939c60034141e1993a7e4b684045942834130f2bd4a9a879cae2d,6782227b45e63cc14479fb983cf1b68dd141f731958aa72dfc95a5c92fd83a32
pm:vm:photonmelodies11.rio.003:2092185664:00042248:00176,cvm,结果我们三个都成了收礼物的人，我自己的礼物还没送出去呢。<01>,[],layout_only,576761936fe92b63c09a9e7f156cb4e6e02911accf82f1adccfe404d23ec17b3,73b32e2c40c58df52ef08de7e3ecc8bcd86d061a14b80eccd4227ffd1e6ad267
pm:vm:photonmelodies11.rio.003:2092185664:00042480:00177,cvm,【月咏】「那么，我先告退了……」<01>,[],layout_only,527bf8a89b0d9ed01ef0c55a4cf988554ee38a7bbb3df53ced1c3f5252ccabc7,8d2b4a5e76c2e3a3708271416359f19d939d0dff53179fafd7e89a35d812b750
pm:vm:photonmelodies11.rio.003:2092185664:00042524:00178,cvm,【武】「啊，好。」<01>,[],layout_only,25ad1d61863ea2ff2aa16cf6f5cbf8ff0b1824f43fc75cb4dc244f0fcc770185,be512e078db0f3c4024559b582e0f2c14e68118d04ca90ea4b70727335144610
pm:vm:photonmelodies11.rio.003:2092185664:00042848:00179,cvm,【霞】「白银」<01>,[],layout_only,17d25041076e49a089b355713c59222314d179b47a57af7487962deb45d616f1,be24b0d802d403c15e96bf38d85faf085baf2417fcab0e96de97d0eef81c4015
pm:vm:photonmelodies11.rio.003:2092185664:00043188:00180,cvm,【武】「哦，霞。你这么小的身子，还真能装下那么多啊……」<01>,[],layout_only,e372aa0104f8497bf44df429e54da875d087d2acf5c456f7b1dee1e46496d1d8,b6b7c4338ef0200fb19c6bbe16b850f0a1041d291e0c70cb6e3e041c57e2b141
pm:vm:photonmelodies11.rio.003:2092185664:00043404:00181,cvm,【霞】「那么好吃的东西……<0A>我是第一次吃到……所以一不小心……」<01>,[],layout_only,5e2ad083393cd071e38ad7e6f01942cc6463b52068fd8f36a76459e70af4c12b,95c7e5f91fc9ce0d7f9855a5971f23ed4d2806a7c3add142d51fe5f6cae24315
pm:vm:photonmelodies11.rio.003:2092185664:00043448:00182,cvm,【武】「嗯？这样啊这样啊，毕竟，那可是御剑特制的东西，<0A>美琴说的说不定还真没错。」<01>,[],layout_only,61fea3af29d278ede99a05973364060b0ac372de71df842445140c9af86bdc21,4e432b69f5009e9470271dcb399c7882755407109fabf3645e740a80d52c851f
pm:vm:photonmelodies11.rio.003:2092185664:00043664:00183,cvm,【霞】「……以后真的一辈子都吃不到了吗？」<01>,[],layout_only,30c41f764d00d04f8b11e235aff900b83526e0a3e05a5f35862a6e5227d37903,1d32253e7e6e368d219f8b2f73b8d3332a28a5dafbea7d3b971feb315db370e2
pm:vm:photonmelodies11.rio.003:2092185664:00043708:00184,cvm,【武】「我是说有这个可能。<0A>所以本想说别管以后了，趁现在使劲吃……不过嘛。」<01>,[],layout_only,e3b3b8a94b35757ee97024207ec598d5638c99c1719704fdb9e7a2df44e1e2ad,59a7247e13e3dcd3948f538ba718a62dfa048789c59f064fbe7b419cc9c9dfb8
pm:vm:photonmelodies11.rio.003:2092185664:00043764:00185,cvm,【霞】「不过什么？」<01>,[],layout_only,3afb52a5ccab533275112bef662a111c001605cf8c294194aabd7f94259c0ad6,de2ba10e3c0700a0aa5aa225d07691285d30ff3275a38c1245cfa5c9d66e27c9
pm:vm:photonmelodies11.rio.003:2092185664:00043808:00186,cvm,【武】「可千万别胖成球啊？<0A>缺乏运动会发胖，甜食吃多了也一样，知道吧？」<01>,[],layout_only,3b3cd9c7239cd043b46ef6456444e34415dccdea65c579fc93b5897ee00c58f4,c07fd73fa3a10563c7d1e6460437498f09b64ba64aafda15f326336c6c86ba90
pm:vm:photonmelodies11.rio.003:2092185664:00044024:00187,cvm,【霞】「变成三倍大就麻烦了……」<01>,[],layout_only,4f90fb647d94c15796fffb13534c5bcb4f4aea61da8f46f1fdc2123c4e44f4d1,47133d1e18318fdb309e1ef97e1d682add950199e7fbaa19276d07b62803dd50
pm:vm:photonmelodies11.rio.003:2092185664:00044068:00188,cvm,【武】「回头记得，好好问问大家该怎么预防。」<01>,[],layout_only,5b6a6c4c45b5c59a23c721cbebaec1218646e01fe068f43f3088bc8f816f4519,dbe8099ef7250e636eb994fd358b8a7ec856ec780026f0daf202ec30b6f4b9bc
pm:vm:photonmelodies11.rio.003:2092185664:00044284:00189,cvm,【霞】「我知道了。」<01>,[],layout_only,e95f2a7b8a3d222cacea89f4eae32f5fe585f5e20d91052f713c530192ceec3c,784a2ac1cb37bc7a9dd2f442eb51c94840b26a1f0d8570a217460c9a87a2c85c
pm:vm:photonmelodies11.rio.003:2092185664:00044328:00190,cvm,【武】「……所以？你不是有事找我吗？」<01>,[],layout_only,05188333d05d056b2827104ee89b73ca661c2ed933e5f393bf43af7fd9c90b05,c4f590f7e7a612432b9e70e2446fed42cf318c520d17daaa4314f5344969bb5b
pm:vm:photonmelodies11.rio.003:2092185664:00044544:00191,cvm,【霞】「嗯，纯夏在那边叫你。」<01>,[],layout_only,442a973067a79cdda284c4233c6a52e527d3285d894ecd9c005b269336e8ba9f,beb88c0f03bb7b2c62ad4595834efb59191c8cfd0c7118b8efe63176eb2304c9
pm:vm:photonmelodies11.rio.003:2092185664:00044588:00192,cvm,……嗯？<01>,[],layout_only,bd5cacb325df4f8d389c319de0f0c4a25b73448036d6901d63dc6707ed78fed7,ea2ad10933551d668ab9f5f3a51f735eb3c860e7e9643f150543c2af16a38162
pm:vm:photonmelodies11.rio.003:2092185664:00044780:00193,cvm,【纯夏】「小武——，快过来这边啦——！！」<01>,[],layout_only,0a311a3b3dc05129591fafc8ba1d170812429dfcc674ee98d060b8a809814156,aedd01cf44246ef06cc7fe68427c612bfb9d1c21c7a4f0d2af3295554ffc593a
pm:vm:photonmelodies11.rio.003:2092185664:00044824:00194,cvm,……那家伙，嘴边全是奶油，也太傻了吧？<01>,[],layout_only,2ffaae76b107edbd46c9fabda83dca591c6d6b70650e4f5b696b83d32b0a9964,932d5b57323c0ecb54212d5e917fcac1527e87ed13f081854ce1da751d5f5853
pm:vm:photonmelodies11.rio.003:2092185664:00045404:00195,cvm,【武】「抱歉，我去外面透透气。」<01>,[],layout_only,003ec689b595cac4833b7aa9b0c054629c61ca47b319cdff19edf0ff9dc760f4,f0525361852934b5394208a38a0c7cb541c6e2d0700099a1f10b42da15e15954
pm:vm:photonmelodies11.rio.003:2092185664:00045460:00196,cvm,【霞】「……这样啊。」<01>,[],layout_only,b74c040bd29e461bdf97fc34224bcaa11cf29c174c6e431c7ce38a820f95e921,a6aef8e08b947fab40a62cdb0c3433a1fbfcda55476e2b4b2028bf63367aba7b
pm:vm:photonmelodies11.rio.003:2092185664:00045504:00197,cvm,【武】「说真的，我现在啊，光闻着这股甜腻味，<0A>胃里的东西就快往上涌了……」<01>,[],layout_only,998aa586ec39850f9527045b6607565a621bbe600a8887d1f2a8c7ee4c46d74a,3a840fa31655d5d35b0c6156cd6ab3c4f44b7fd40e15e152deb14f01aa3cf2d8
pm:vm:photonmelodies11.rio.003:2092185664:00045560:00198,cvm,【霞】「吃太多了吗？」<01>,[],layout_only,0b1942a096c26f6db7dcd136d90c36e0e8f47bcf5d4f1489e5fab598f46a2c56,85fc60583fd69c22dfb80ddf9d2f48c8009bca893ba2f104ab9c00e13394b09a
pm:vm:photonmelodies11.rio.003:2092185664:00045604:00199,cvm,【武】「嗯……所以我去外面乘凉，顺便消消食。」<01>,[],layout_only,3b42cad82329d15116334c6dfc0cc352870439e7d9fa77884223f81afb87d65d,77d93e51497939b881dec5518af5f5b1a4094e890a9788f437d2fc59c5a51410
pm:vm:photonmelodies11.rio.003:2092185664:00045820:00200,cvm,【霞】「请小心别胖成球。」<01>,[],layout_only,176b18d92b44f237c0594e9d2e2047e320a619665456f573c3d91a64452f2864,a84ef9ad2e15e993963e778fa63bcc774a55169e09cfe276634d744333a49638
pm:vm:photonmelodies11.rio.003:2092185664:00045864:00201,cvm,【武】「好啦，我知道！那我走了。」<01>,[],layout_only,4a285b039de94eafdbe12fb71672fe0065a08b7632a3a01410f46108086768e1,c3fd4830c17b5eb6cf88b29b933149972fb428c446eb28782d41d4e42e857bc5
pm:vm:photonmelodies11.rio.003:2092185664:00045920:00202,cvm,【霞】「嗯，路上小心。」<01>,[],layout_only,1bed125a542482a620daad759fade23b4704636472458bb4da420743f75fefb1,8a934ee96b6a4386cc122e54824389e8f649bda911215608658c229a155a6181
pm:vm:photonmelodies11.rio.003:2092185664:00046312:00203,cvm,哈啊啊……。还挺舒服的……我还以为会更冷呢。<01>,[],layout_only,07eaf1de21ef9104f931162d4aa624d0f34b0b90b8ec644ed7016a803a821b09,0b797f165ae6dc95c600831ef4f98c131d524a223c816147daa83040ff25ce62
pm:vm:photonmelodies11.rio.003:2092185664:00046676:00204,cvm,那么……悠阳在哪儿？哦，找到了。<01>,[],layout_only,76c47b0a3e259eda4347ad56cdad28d0374a788012f44966e7fc50b499f1ca7c,4de38823e9f1464a23a5975fe677854ec807efc6f10e2d6f840131cc910fcc59
pm:vm:photonmelodies11.rio.003:2092185664:00046720:00205,cvm,【武】「悠阳。」<01>,[],layout_only,a0fc0c7749a56e5c4ffa2e3108c666bdd90d6f1d24b17ce2e9f8047dd33d85ab,a72c533cbffb117e381f7add06278e2f4a644e5a1a451cfb070c4a65f7382ad6
pm:vm:photonmelodies11.rio.003:2092185664:00047140:00206,cvm,【悠阳】「咦……武先生……」<01>,[],layout_only,2ea254b3c4f3ad10f27318a6b74f43b314d0a1f9b2f53513483cdae0ff5bacb4,01055fc26cdea3ed5dfa90b86348bbea2955e29c606b2aa65e36fcc1d3c5822c
pm:vm:photonmelodies11.rio.003:2092185664:00047184:00207,cvm,【武】「今天还挺舒服的。一点都不像十二月。」<01>,[],layout_only,77a1f75861399caf731d828daa179cee999e4709c6279acddcd3a54144d4f8b1,210ce9e758b244775449fe9cba09a80677dafbc420385bd30d8d8a7d76af46a7
pm:vm:photonmelodies11.rio.003:2092185664:00047416:00208,cvm,【悠阳】「是啊……不过，今年再过半个月就要结束了。」<01>,[],layout_only,c5cb7097d5921d9f3880684fcc7ab05d866913a687a722e75bf33d65cc64edff,7f2a701e7bd38ad7633203d3f8cdd88cd9257af0385cb9b661cac581d42b9287
pm:vm:photonmelodies11.rio.003:2092185664:00047460:00209,cvm,【武】「……时间过得真快啊，<0A>你们来到这里，也快两个月了吧？」<01>,[],layout_only,1925ed1ee6a59dfeb19a36a1774289b7689be0f5365d56b19f638150dc0d6138,12ba436663ee668b8b2781201283dd7133061a878c76e6efa036fccfe04c9862
pm:vm:photonmelodies11.rio.003:2092185664:00047516:00210,cvm,【悠阳】「是啊……这段时间里，也发生了很多事，<0A>感觉一眨眼就过去了。」<01>,[],layout_only,7c71095a3cec794d6f1e8d600fd0740e4cfa4276200681bbf22faa01635f61a0,9946d14b485b10ebbb8899af493a5155a5458894df67f9632054d86b7e32d109
pm:vm:photonmelodies11.rio.003:2092185664:00047560:00211,cvm,【武】「可不是嘛……」<01>,[],layout_only,01c1bcdbf79a4a2939c296afcefd839eadc79159a85a2e77d05f44b79799d80d,3c46f14ebfecdd2607b06ca47dc2d0a6506202cc356898e1db146f358a0b5e65
pm:vm:photonmelodies11.rio.003:2092185664:00047616:00212,cvm,【悠阳】「话说回来，武先生，您怎么也出来了？」<01>,[],layout_only,fa6218b1b8e4028e05df1de38efd98aae6b50a10cc8e9445d54364a4b59008f4,d31f41ad9cdd8e6c698fe092f102aa6333779ac2cb74198e86c9906a96bd3cf9
pm:vm:photonmelodies11.rio.003:2092185664:00047660:00213,cvm,【武】「悠阳你呢，不吃蛋糕了吗？」<01>,[],layout_only,de0802bc83a1e2ef860c3bfa89e23e0baf76d9e72e414db439acdcd59acaca95,60b1a7dff57f860e61cdc3542526de10d02fc93bb2794d9a54abc39cd1e33bf5
pm:vm:photonmelodies11.rio.003:2092185664:00047892:00214,cvm,【悠阳】「我已经吃了很多。已经吃不下了。」<01>,[],layout_only,a58ee852fd82cfc773119fa250fced142f9ceedd382eca35de7ced9ff0f94534,99872b9fbd8224fe92aca6c70804b86165d70d9fca033f5bdd62034609fc8d05
pm:vm:photonmelodies11.rio.003:2092185664:00047936:00215,cvm,【武】「我也是。待在里面闻着那股甜腻味，<0A>人都快受不了了，所以就逃出来了。」<01>,[],layout_only,a0de0bbf0ea683baad0cb7dc812cfdf58d9235efb490f406d724398e5c31c2e8,1e6c45e8b6ef3afd72179510cdbb0de9f06ba42c3ae59e47d13b6d39a08708e7
pm:vm:photonmelodies11.rio.003:2092185664:00048168:00216,cvm,【悠阳】「原来如此……」<01>,[],layout_only,2a3b0fa3e2de04816c8f1a6e1cc0fc5713692c2bc1d61ef9cc8267e5b6fd7374,eb87e9fcb20a55ac26dac948ec7db806e62a054f46aef1e4a69ba76f3c9f6a90
pm:vm:photonmelodies11.rio.003:2092185664:00048212:00217,cvm,【武】「还有……我找你有点事。」<01>,[],layout_only,cba54f69d788a311ccb165b589b436cfaa4eb03b15b26435987a4f242860a761,ef88a353082ad9c046b0648d9491c5c52ba476aed25ac403f97e36a07af2fa7f
pm:vm:photonmelodies11.rio.003:2092185664:00048444:00218,cvm,【悠阳】「咦……？」<01>,[],layout_only,6d52ba2927986a30e78e5fd7199e9c61f38f37eb5e219330e2ff6eaeca164c1d,92905140152ea64e2d8d416c0f89c28f38beaad9eb20fc9daa2e69cadc56da26
pm:vm:photonmelodies11.rio.003:2092185664:00048488:00219,cvm,…………不知怎么的，莫名有点紧张。<01>,[],layout_only,d30d33e9c7781bfd851a1b410ef7dbbb355b6a4c9aa6cc88a8a87cb49965366f,44031f3fa69584178b742afee46bd2325fa83b0afa743540205b819227a8c3a4
pm:vm:photonmelodies11.rio.003:2092185664:00048532:00220,cvm,我几乎没像这样给女生送过礼物。<01>,[],layout_only,b507574b529307d1b39a3ea7ddb77ab319cd4087a5745a157ada623c63ac0b6b,1b560e3b205fdb600287c548bd7b1636ccf79cec0d42bc8da9c942f2c74851fd
pm:vm:photonmelodies11.rio.003:2092185664:00048576:00221,cvm,手心都开始冒汗了……。<0A>趁袋子被汗浸得软塌塌之前，赶紧送出去吧。<01>,[],layout_only,f130e521084b8ec35f0f87e9148d836ec210ef3fd475962952e824e16826d25b,78a546d74d73b92f10fee36b6311d76fffff1c7e73d612ae54b457a3bebd6cb7
pm:vm:photonmelodies11.rio.003:2092185664:00048620:00222,cvm,【武】「那个…………这个给你。」<01>,[],layout_only,075ea88d24c558ad255afcb9aa45170cbef3ce612fcf0701a4a8ce4504776267,2be146408d3aabd9c0223f534d6045696a43dc98d86f36b9d416289915973a88
pm:vm:photonmelodies11.rio.003:2092185664:00049132:00223,cvm,【悠阳】「……这个袋子是？」<01>,[],layout_only,fa200a4f7fe17ee2d3822c37d7a25f5c31fa69561990ed3e66e8b103e476ad96,a5a8e95dcd6f0be0c7d4a9cc23b5769eefc7cdfdb049e220db9aaedeb57689ae
pm:vm:photonmelodies11.rio.003:2092185664:00049176:00224,cvm,【武】「生日礼物。」<01>,[],layout_only,b46667b4db8155aae4f622f00324783b96b7f9b7937a6ac6854d3c0b363c5814,6cf960b47d10ce745bd33da7aeddc8f626d82452f76a5f5916997d84ee509759
pm:vm:photonmelodies11.rio.003:2092185664:00049544:00225,cvm,【悠阳】「咦……？」<01>,[],layout_only,3a97993fb93a55c2c9d11d2d6911bb2a3223d001d212bba97d6bf40b9c4eeae4,29f5e4789293604b8d0b2e2d9d35359dd61bafa0473a44815ff1e83c9dc2029c
pm:vm:photonmelodies11.rio.003:2092185664:00049588:00226,cvm,【武】「刚才你也看到了，我们三个都一起成了收礼物的人……<0A>所以一直没机会拿给你……喏。」<01>,[],layout_only,d9ec3708bcaaf625edaf359e3abac261b304d141407374f648c4149deda96cf8,f5c01e6a8f9d8b0c92eeda4979b5b5562aaef323f8298b2ff4d9b5ff16d3db5a
pm:vm:photonmelodies11.rio.003:2092185664:00049940:00227,cvm,【悠阳】「可，可是…………真的可以吗！？」<01>,[],layout_only,18e1887ed29f1ff6e2f8fc420e4e87489daea763676939b0a6caededcf6fed50,b6d3f9bb949be0ac9dc5514f9d431cabb3f376396d1f9de92a711bd7a902f110
pm:vm:photonmelodies11.rio.003:2092185664:00049984:00228,cvm,【武】「当然可以啊。啊，不过，你可别对里面抱太大期待。<0A>说白了，里面装的是个不怎么样的东西。」<01>,[],layout_only,183ef2ced8f884dc379db711d3ddd749367645a7792f6c1a32cadeb657c1028a,3fa3a38fccce714db85b2073172ba62f4c7f4e838dff3066a661c6795269e1c5
pm:vm:photonmelodies11.rio.003:2092185664:00050200:00229,cvm,【悠阳】「那，我可以打开吗？！」<01>,[],layout_only,0829ee1a6c21a2ffe7fd00bd82421bf3b11ccc8e19d0a08156ae069eb5c1f8b5,a191858355e5ab0bba9334461839b7e0fd3df042126c97dd5f08872bc0f00b00
pm:vm:photonmelodies11.rio.003:2092185664:00050244:00230,cvm,【武】「嗯……」<01>,[],layout_only,d4de93fabe8c109cfc1ca7623627891b70ebc2a041f7d214a08c027e515763d3,16db562dc2d39231133c71e80db812a1dccbf359c20209fa09e11e96e33edabd
pm:vm:photonmelodies11.rio.003:2092185664:00050564:00231,cvm,【悠阳】「…………」<01>,[],layout_only,cf8055a2bf7ca517121f0df4f6e9cb27cfb09e51c2a729ceabd2ff965136eedd,596cbe5acd9b31ef237a2ad0643688ea2ec23e26e6262f3786f2c9204fba795c
pm:vm:photonmelodies11.rio.003:2092185664:00050608:00232,cvm,【武】「呃……那个……怎么说……就是……<0A>我也不知道送什么好……」<01>,[],layout_only,e57d3f3693cb95368637541fb8b76910a0b6720657a129919017d5a64b0b597b,419ccf1012661cfc6b2e64e1d445defa00bd72dc0e117517e2975150990e48d8
pm:vm:photonmelodies11.rio.003:2092185664:00050652:00233,cvm,【悠阳】「…………」<01>,[],layout_only,cf8055a2bf7ca517121f0df4f6e9cb27cfb09e51c2a729ceabd2ff965136eedd,596cbe5acd9b31ef237a2ad0643688ea2ec23e26e6262f3786f2c9204fba795c
pm:vm:photonmelodies11.rio.003:2092185664:00050696:00234,cvm,【武】「你和冥夜不是都有手机吗？我就在想，<0A>要是你们愿意的话，或许能挂在手机上～什么的。」<01>,[],layout_only,a1daeba8b4fdb65f364296620f06c6526757bf9aaa12200af2501e41a8d766e2,ab26b47430aad1fbf878bea677cdff394af4699a8042a65935d10b69f247d41d
pm:vm:photonmelodies11.rio.003:2092185664:00050740:00235,cvm,【悠阳】「…………」<01>,[],layout_only,cf8055a2bf7ca517121f0df4f6e9cb27cfb09e51c2a729ceabd2ff965136eedd,596cbe5acd9b31ef237a2ad0643688ea2ec23e26e6262f3786f2c9204fba795c
pm:vm:photonmelodies11.rio.003:2092185664:00050784:00236,cvm,【武】「……你看？我说了吧，不怎么样。<0A>看着就挺寒酸的，还是便宜货……」<01>,[],layout_only,7afb942f6b5f9e85e7081bd22a34bd47e6adf2485a273e3a83c2c7f204707b87,f151c65f48d0a535a76ef2eaa28c62ae9099bb598df7d882f36a6edceda80932
pm:vm:photonmelodies11.rio.003:2092185664:00050828:00237,cvm,【悠阳】「…………」<01>,[],layout_only,cf8055a2bf7ca517121f0df4f6e9cb27cfb09e51c2a729ceabd2ff965136eedd,596cbe5acd9b31ef237a2ad0643688ea2ec23e26e6262f3786f2c9204fba795c
pm:vm:photonmelodies11.rio.003:2092185664:00050872:00238,cvm,【武】「这、这样啊……也是啊……哈哈……<0A>这种东西，你怎么可能会喜欢嘛…………抱歉。」<01>,[],layout_only,e2eac87e5f8da9ca57c814a3dd2b664eb4417f6dc39af783d2d17ff83e6d6f27,190c3725d0821c177880eab5fc7783405e7a9db8ab7d7b6ac5eaffef06b68192
pm:vm:photonmelodies11.rio.003:2092185664:00051088:00239,cvm,【悠阳】「我，我……」<01>,[],layout_only,afbbf846e67aa50bbbf8aaeb44a7a2bccc363319881f40e698f1adc0f6e31602,8e01921f7aa1259b71ef12560c994b0bd907925719148a37698df3c4dc121dbe
pm:vm:photonmelodies11.rio.003:2092185664:00051132:00240,cvm,【武】「咦？」<01>,[],layout_only,77e63d069d95aabd948bf49f0d1875e61a92335dbc417006761d81674ec8c185,b55249e3c0ee06935938d08a2f8a65d886e446dd4c309f96d3566d3e47b2f343
pm:vm:photonmelodies11.rio.003:2092185664:00051188:00241,cvm,【悠阳】「这种时候…………我……究竟该怎么办才好！！？」<01>,[],layout_only,7ff1bc8d0844831e9b3701d90848f23efc3fff6d55454949fac3ab692b45b773,3b14e846f1818ad409da9d3680eada6935a00fe00b5e957ce1518e621d125d52
pm:vm:photonmelodies11.rio.003:2092185664:00051232:00242,cvm,【武】「怎么办……」<01>,[],layout_only,a0863614524124eff2858388daef52a1d99864ae4bb1726df0de2feab3e30a40,0ca2095621b01a6dcece7b4136ec7e3c96403026b43484aa918c6426b1b63d0d
pm:vm:photonmelodies11.rio.003:2092185664:00051448:00243,cvm,【悠阳】「从武先生那里收到这样的礼物…………<0A>竟然会…………竟然会如此开心……」<01>,[],layout_only,e7cb6780444b56d04ca26180eafba8bf8711aecd9e0c5beef98ae69626e0f7ac,67a23c0f6e0ed70b70354b439e7290187951d0afaac8a9b53dbb1eaa2bcf0321
pm:vm:photonmelodies11.rio.003:2092185664:00051492:00244,cvm,【武】「悠阳…………」<01>,[],layout_only,f2b3d025452047a2fb9488d81f528f08adcacf7e3b4711b7008224a3fe8f2c3c,053da8256b5935dd0aee55e66a8269ec5c5ff6999bfb2ea91d57d5decf275281
pm:vm:photonmelodies11.rio.003:2092185664:00051708:00245,cvm,【悠阳】「我真的可以收下吗？」<01>,[],layout_only,30e87075632305aa814cd0eb88f1bff3cef4dbb8dc059f04974129bed116fe93,24ee46b7fe4819fecd9d50977dc20aa1c9471b8d1b4b56727a81a74bf973f013
pm:vm:photonmelodies11.rio.003:2092185664:00051752:00246,cvm,【武】「咦？那当然……」<01>,[],layout_only,9bcb5bf38430584fc12977f1990c82402bc769047e7180b27aa16cfcb6ec7b7a,99655e3a03c8a5b2875f1a59e02ae562b06d90b537f77425b8f5d3dfbac9ecdf
pm:vm:photonmelodies11.rio.003:2092185664:00051968:00247,cvm,【悠阳】「真的，真的可以吗？」<01>,[],layout_only,2a2ff9d7f33bd89f249c3b5a059b9648025b4fc2cdd958729ac2732a137b33a7,84c99110b2b2262b5ded55a247f6e4294ecf57653184c6ffc34b76a0b48382bf
pm:vm:photonmelodies11.rio.003:2092185664:00052012:00248,cvm,【武】「嗯，真的。话说回来，<0A>你要是握得太用力，说不定会把它捏碎哦。」<01>,[],layout_only,f0d76fbbd54a365f43acd986669c565a0b1e1c9b04bebf3fa88b77456442a649,a9cff3758e92b23cd134356b35afc83c1b6e0f38e95214305acd56713500a0a7
pm:vm:photonmelodies11.rio.003:2092185664:00052412:00249,cvm,【悠阳】「咦？！啊，糟了！」<01>,[],layout_only,24bd51387d06888f220cdf9810cf1feab8aef3710c19aa826592e4af43afab9a,e986cc8bc219483fcf01ab69cb4336aaa63304f07898e889999482646fb1da99
pm:vm:photonmelodies11.rio.003:2092185664:00052456:00250,cvm,【武】「哈哈……开玩笑的。」<01>,[],layout_only,a0050895970bfacfa7bcf5b15f8180d60a333462abedd2c94cfc8c9441359ba5,feaa388d616a8f138c0b30baa1b5236f26a23352781ad35ae2a56e69d36d4d0b
pm:vm:photonmelodies11.rio.003:2092185664:00052672:00251,cvm,【悠阳】「…………」<01>,[],layout_only,cf8055a2bf7ca517121f0df4f6e9cb27cfb09e51c2a729ceabd2ff965136eedd,596cbe5acd9b31ef237a2ad0643688ea2ec23e26e6262f3786f2c9204fba795c
pm:vm:photonmelodies11.rio.003:2092185664:00052716:00252,cvm,【武】「如果这种东西你也愿意要，就请收下吧。」<01>,[],layout_only,93dda304b18b11496e114795813a0ec8269c19c19a3b25e54327733496f09a9b,2205b41dbdc4f186f5c0c4b06f5c0183219d52cc0d61cd19d8019c3b4beed315
pm:vm:photonmelodies11.rio.003:2092185664:00052932:00253,cvm,【悠阳】「武先生……」<01>,[],layout_only,b0a572a68264287aab314faf1bd6774dd04c8d18aa49d5e3126db5f7c9694519,d487f776639ec5d1ae622df61a4360af49a57347faf67810f4637baeb1d1f7a3
pm:vm:photonmelodies11.rio.003:2092185664:00052976:00254,cvm,【武】「嗯……收下吧。」<01>,[],layout_only,a37e0e8b52df3f64ca747b280161de5b3deaec8d06e444773d370e85c61e1d2a,6d99b82937b9cd54ed0cfc7dde89214ba9ca20805106e43c626fb7909c4536f2
pm:vm:photonmelodies11.rio.003:2092185664:00053192:00255,cvm,【悠阳】「啊啊……」<01>,[],layout_only,861f1ffe637f0fc01958ff12244d1de0db5b44df5b467a2425239f10666c53db,4c0518667e8f1aa78276efe2ac791002de3779cdf1f7a360b7f4e9fe9b751aa6
pm:vm:photonmelodies11.rio.003:2092185664:00053468:00256,cvm,悠阳居然会这样把感情表露出来……。<01>,[],layout_only,0e4ccaf8f96ead48b52125eed9f023dd68aa7cd13a0904ec36e94935f6a18341,8e58163cbd208f3449fac902a0317d559892986ba6d1d4259e14871c84fb61a7
pm:vm:photonmelodies11.rio.003:2092185664:00053684:00257,cvm,【悠阳】「我会把它当作一生的宝物。」<01>,[],layout_only,89917d5f30a7ffa87a22cc217f436f389f70d106d912bb7d3d84cf46d63e740d,e8c89d7de3f31cd07159f7f86772d1ab7363250b8dd4dc92b2cc998534bd3f8c
pm:vm:photonmelodies11.rio.003:2092185664:00053728:00258,cvm,【武】「喂喂，太夸张了吧。」<01>,[],layout_only,3a2c95bd73e18774aa4155877a1764a1992ddef6048130ce1987d414bc1adfe1,3ec4216f85a01423b16676d29d1b2e7eed91273aeb2cfa1619405df2921e9377
pm:vm:photonmelodies11.rio.003:2092185664:00053808:00259,cvm,【悠阳】「自我降生以来，从未收到过如此珍贵的礼物……<0A>我……我……真是太幸福了。」<01>,[],layout_only,90f1e3ef8d7821f1110e2ee1d81ca9be5d9a121e8b9e2436e1cf7fb3e6984d0e,b8fda733ce6c65cdd19abe3281a167e32ecb37657e1f29e5500142ac95a13eff
pm:vm:photonmelodies11.rio.003:2092185664:00054076:00260,cvm,【悠阳】「我要把它当作一生的珍宝……<0A>啊，我绝对不会放手了。」<01>,[],layout_only,cd9a4aef7e231ce395e67da237381a520c22b45fa2f9f148a9fd59ed76166c91,b0b3a64a73d7ef48cbccf9e8e094a325196c6c3eb2f125950a51b99f7f0c58b2
pm:vm:photonmelodies11.rio.003:2092185664:00054120:00261,cvm,【武】「……早知道你会这么开心…………<0A>我当初就该买个更像样点的东西啊……」<01>,[],layout_only,4a81d9c32cb0bd1576e89e694eb7ec8c9f2dc22ad35bd3cb6f97f43cf88a7028,121979cf7b818d3f48b93b0dc2d603afbc47efe455df93409d2c5a4d499a0dde
pm:vm:photonmelodies11.rio.003:2092185664:00054164:00262,cvm,虽说那确实已经是我的极限了……<0A>可我还是该再多努努力的……。<01>,[],layout_only,20173acafefdec13232959d52b3387773258d12ab402d3a23ba03a0dfea440a1,a82d7d15f10acba40e60105a7ad76cb66d81952a12406e2186d8928227fbb346
pm:vm:photonmelodies11.rio.003:2092185664:00054208:00263,cvm,我那点努力，还不值得悠阳高兴到这种程度……啊。<01>,[],layout_only,93551f84d6936279942f400b58e5ad10cefe156c3c1cef674e6a99a63d9ae634,216131d66d29c25977cbe1fb5e20436a174410a96be76201a74780a51546e514
pm:vm:photonmelodies11.rio.003:2092185664:00054448:00264,cvm,【悠阳】「并非如此……<0A>物品的价值，是由最终拥有它的人来决定的。」<01>,[],layout_only,0b17c58f8bef0655b15a2e9d1b4177b8aca1c444abb7192aec2a0a5b41dd8f74,bd0aa63820273a2859e55179ad495706abbcb132a37eef6e1c02a25e74035091
pm:vm:photonmelodies11.rio.003:2092185664:00054492:00265,cvm,【武】「…………」<01>,[],layout_only,770975bc8d76964cd0683d1a3ba2ec947971272f34819d29aa5c66d3964a88d7,6a17c608647a040376434d02fd50f1e4124a141fe417bdc98ba4d3f27bdee35c
pm:vm:photonmelodies11.rio.003:2092185664:00054548:00266,cvm,【悠阳】「对我而言，这是世上最珍贵、<0A>最重要、无可替代的东西。」<01>,[],layout_only,0f140bd9be0c4e3dee3b913d6653179e81c7a34558ed96384e2033ebbd7f8762,e9d9b46e100b362b0a8f0d948ab3ca6156d5f4259515813b22917eb93f174aaa
pm:vm:photonmelodies11.rio.003:2092185664:00054592:00267,cvm,【武】「你能这么说……我很高兴。」<01>,[],layout_only,3a174fb7deb164079154d39090eacea71e36aeeec3bcf14b2039f02dceefa323,20bcb6ddacb00e5f0c619f3f04302c134502830f6517eddb27064e2c428b4da9
pm:vm:photonmelodies11.rio.003:2092185664:00054808:00268,cvm,【悠阳】「武先生…………请接受我由衷的感谢……啊啊……」<01>,[],layout_only,2091a750276f3eb48509becc48cbf83b998acf7f19e3fe8a41a6c800422b1ac1,9a31e19fd90809f2ef171bdf643170a76b3e104d62eec89cd1c1bd7465e45cfd
pm:vm:photonmelodies11.rio.003:2092185664:00054852:00269,cvm,嗯……总之，她能高兴成这样。<0A>对我来说，就没有比这更好的事了。<01>,[],layout_only,d4b1bc449e2a729318a86008bb051673ccf4ff6a074836233cca86554af97355,40b2f5003afe03b03cc81aa4ab080892d5bdbd47dd1edb49c55ec8f3dbd280ca
pm:vm:photonmelodies11.rio.003:2092185664:00055068:00270,cvm,【悠阳】「不过话说回来，这只小猪真是可爱！」<01>,[],layout_only,a7066ecc6b08ff93aa56b863d7e67eda4853ef94115487c2365d21fc67d8afcf,64615fd44a0c02e89bf7bf3f6cde14de8cad33ee09b99b795e2e203949e7fe1d
pm:vm:photonmelodies11.rio.003:2092185664:00055112:00271,cvm,【武】「咦？」<01>,[],layout_only,77e63d069d95aabd948bf49f0d1875e61a92335dbc417006761d81674ec8c185,b55249e3c0ee06935938d08a2f8a65d886e446dd4c309f96d3566d3e47b2f343
pm:vm:photonmelodies11.rio.003:2092185664:00055156:00272,cvm,……猪？我还以为是狗或者熊呢。<01>,[],layout_only,29c35c2bd48825f6556608032c5e2d9eb1921c94398605f76a8253fc7242f151,a56d7ba18def55483dd1e39272c305c10d902415f27d41db4b7f8965f3b7135f
pm:vm:photonmelodies11.rio.003:2092185664:00055372:00273,cvm,【悠阳】「它的表情很温柔呢……这是以武先生为原型的吗？」<01>,[],layout_only,296fb3a6c6389d8078518152aad0e856e282ff36bfb23590c3b0fc8b89d629b7,ece82ee2d5d92f87bd87e31c07f92da4659b1b9214a1348b1c27902d1b8ae384
pm:vm:photonmelodies11.rio.003:2092185664:00055416:00274,cvm,【武】「喂喂，那我不就成猪了吗？」<01>,[],layout_only,0e530d2464e44228cd4030a407aba4710bbf4ba5f57676b508258d6129725e8f,7e2fb4cbea777cf32ee4571407cbb6a452f7d75f1b828fc80d21154c4a6c293d
pm:vm:photonmelodies11.rio.003:2092185664:00055632:00275,cvm,【悠阳】「呵呵……开玩笑的。」<01>,[],layout_only,37a015b4c840896926f96f6b2a634c4e6eef59639a55fdc14e555273deef55f3,57c5a6337f69a8b317f3410178b554b7bae084ea5ba067305054ffa1c39a1cbf
pm:vm:photonmelodies11.rio.003:2092185664:00055676:00276,cvm,【武】「啧……」<01>,[],layout_only,48079b553e706c8c5884ae9438f4db00f741a3a12f35ef4785919f4d773897ef,ced60b84e19e7a48b802db59e800aedb35825ea27498756c5f9e5cfead753872
pm:vm:photonmelodies11.rio.003:2092185664:00055720:00277,cvm,还笑得那么一脸天真………………这不是挺可爱的吗。<01>,[],layout_only,144e7baa8282705bc6401a7e7ffea5cbe8e73e84a4a99f94d5d48550f882fb6e,607f2cf3b3b20ae413f6969e3667ddae71cbdb9f518642524741c04cd43b9a64
pm:vm:photonmelodies11.rio.003:2092185664:00055764:00278,cvm,我本以为已经见过悠阳很多种表情了，<0A>可从刚才开始，她一直在让我吃惊。<01>,[],layout_only,e0c45ebc1c332d924b8ef0bad731b68d46ca99b19c30f93bd43f5365db9e017a,875cbae2756330c5d1b15fa60980237ec7afaa0224c93eac7136674f852f36a3
pm:vm:photonmelodies11.rio.003:2092185664:00055980:00279,cvm,【悠阳】「这只小猪叫什么名字呢？」<01>,[],layout_only,7bdaa6d7850be23198d0865fab6766cd1424de9bc662e516b8ba8ac00c22010e,fc7aad88b7c2aca7cc14581f1b42c399880746928db5730a74257e15ad1ce4ff
pm:vm:photonmelodies11.rio.003:2092185664:00056024:00280,cvm,【武】「这个嘛……我也不太清楚，不过它好像是母的。<0A>还有一只公的……我打算送给冥夜。」<01>,[],layout_only,b83a9c13da10e5065db2e57f992d0303e0d8d31dbb0f54748bc4a09c35bf7ef3,c34d2c6c9cd6087b156572f54ea070bb59f8dc5d89a9571b1fc67c93f7029518
pm:vm:photonmelodies11.rio.003:2092185664:00056080:00281,cvm,【悠阳】「我是母的，冥夜是公的吗？<0A>在武先生眼里，我们看起来就是如此，是这个意思吗？」<01>,[],layout_only,e12160d248ac4f33a0c3430683fb3335959d68b03ad3c53fa8f2bbfab79a521d,101ffdbf0b104ad65e1cc0c788f3553c49c9211b3679537302eae58f6f25a1d4
pm:vm:photonmelodies11.rio.003:2092185664:00056124:00282,cvm,【武】「至少，我觉得冥夜比悠阳更英气一点……<0A>至于悠阳，给人的感觉就更偏优雅。」<01>,[],layout_only,65382a8f8e247d1090b619ad4f6006adc968e731acbfef77b08c3f9a588d5f1a,8a7b1ca8b1c86598f38d0bdcdb105538426a1a809e5fcb59842eeccd6f511985
pm:vm:photonmelodies11.rio.003:2092185664:00056340:00283,cvm,【悠阳】「哎呀。那么为了不辜负这个印象，<0A>我今后也会继续精进。」<01>,[],layout_only,882f30602af0b6158854c7212269ea20542c094bc1869ce41696677211cfb826,a68c86e0ea0591dfbf5b0937560f60d287d6d4ab0143bd47b42592ed79d7d7fd
pm:vm:photonmelodies11.rio.003:2092185664:00056384:00284,cvm,【武】「什么嘛……看来你其实也没那么优雅啊。」<01>,[],layout_only,d90f12f8bdc4d9fcfc8598a530ac3d6893c01dbdc2be9121f32c0f1c83facda5,7ed170dc45531aecd7ff85fba8560c2c6c210c12dbcb75d41e85f38593551800
pm:vm:photonmelodies11.rio.003:2092185664:00056600:00285,cvm,【悠阳】「呵呵……这个嘛，谁知道呢。<0A>那个……冥夜还没有收到吗？」<01>,[],layout_only,0f67f37d26c05c39b92fcf7240c5c5e2f127ea9ef9fb97727da255a080703385,f49095e423a551292777ba8bcbd0eb5087d6921d197d21e43cd4b6c34dec9a38
pm:vm:photonmelodies11.rio.003:2092185664:00056644:00286,cvm,【武】「嗯，我待会儿就去给她。」<01>,[],layout_only,7ab49c098b568be6fedeb920dea95251e38314c784b6940f47a4a402308da1b3,8e420a29ef7656dcb1eaf425ce548d2877d70fca08be9f1215e9e0a88806c62f
pm:vm:photonmelodies11.rio.003:2092185664:00056700:00287,cvm,【悠阳】「这样啊……啊，我可以马上试着挂上吗？」<01>,[],layout_only,64ee60d4693dba6b177acaf86b66257ec2a64e51047d101c4729d896ae0f99b6,e94572800cdb0fb93de957f4f81b43e0c17bda3ebbaa9afee0cd7055c5883619
pm:vm:photonmelodies11.rio.003:2092185664:00056744:00288,cvm,【武】「当然可以。」<01>,[],layout_only,ee85c334d71c3349765e0ebb3e80e7a7bb97ead1b5dc63c10cc9da4a65edde28,a20c2fba17ce1382cbfc2ef1b459987695eb624bdbb532fa9c74e3dccb0a51fe
pm:vm:photonmelodies11.rio.003:2092185664:00056948:00289,cvm,…………。<01>,[],layout_only,efa30788584cfea7ade60ccc37d7fc6cda943e64935eb133252c341159e58e05,0b3d7aae4004dc9b91522cf9245f879b48b6a3b3d3c28ecbba043ba8207a6df9
pm:vm:photonmelodies11.rio.003:2092185664:00057128:00290,cvm,……嗯？<01>,[],layout_only,bd5cacb325df4f8d389c319de0f0c4a25b73448036d6901d63dc6707ed78fed7,ea2ad10933551d668ab9f5f3a51f735eb3c860e7e9643f150543c2af16a38162
pm:vm:photonmelodies11.rio.003:2092185664:00057308:00291,cvm,【武】「我说，悠阳……」<01>,[],layout_only,b3eca4ef60ecf73c5f745cf294da895010af9250d162d0d41d89c0a7a4582ab8,b4a2a222ef6668be4080f6421000faf53f87a967b8bd0f942a8f02f475990813
pm:vm:photonmelodies11.rio.003:2092185664:00057524:00292,cvm,【悠阳】「是！」<01>,[],layout_only,3d36d3a813ac8d41171b288377818f88054d973dca9fa90614bfb20c82349899,e9f7150b12f97dbcc2af3e9de04ec3bf0645f62399670be35fe28ab50cd2759b
pm:vm:photonmelodies11.rio.003:2092185664:00057568:00293,cvm,【武】「你的手机，没有挂件啊。」<01>,[],layout_only,da62ba38df13a0f7b42b5b2ff63ad2a1ca58ac08a7278ee65b10b6ca4eb6bf2b,bb2daf9d78469b7c702acd04f0ed55b2e8f0db986196ae9811c3eff8298624c7
pm:vm:photonmelodies11.rio.003:2092185664:00057784:00294,cvm,【悠阳】「是的，这是我第一次挂。真让人兴奋呢……怎么了？」<01>,[],layout_only,5e27900305d7e44d0778fa741038b9a25e9cba805e99a5e664d878eb5276cd51,a91ce8c80ea126002c4bc1e4d763215db9875b4a7874c86cc29298d236829d09
pm:vm:photonmelodies11.rio.003:2092185664:00057828:00295,cvm,…………这样啊。<01>,[],layout_only,5d8f9eaf8bc6d395325e1cc80162f14f9937cf3b9ff199880686a3d1b885d775,6d70457fee219d9e699d8c6ba2af180ce494ca6be2de5136f044c37ad78740eb
pm:vm:photonmelodies11.rio.003:2092185664:00057872:00296,cvm,【武】「不……没什么。」<01>,[],layout_only,151c65496fad9d97415d169e5093c17a60d723a50737e7daec47757478821628,fb883e1c870d907e5ba223490199f36f9026a2c48184f49a8cc69626cc86115d
pm:vm:photonmelodies11.rio.003:2092185664:00058076:00297,cvm,我本来想问她是不是不喜欢挂这些东西……<0A>可她都说期待了……那就没法问了。<01>,[],layout_only,770a44b3ef37ebc2fd53233055f50ba2786d25b9145cfb25ba8a54b495cd1d59,822668d1466d7b5c64f9ca2bf052ac3a90f238d367ecfa6f2a1b419ee4694571
pm:vm:photonmelodies11.rio.003:2092185664:00058256:00298,cvm,…………不过话说回来。<01>,[],layout_only,6e560c2567a9a12d7271307edc1a74810c1f42f919c75b2a4616083cc6ce9cea,e36798303b4440e837d57d96e882a92d129d8de23578fcf9cc2f0ade9efaa45f
pm:vm:photonmelodies11.rio.003:2092185664:00058436:00299,cvm,【武】「我说，悠阳……」<01>,[],layout_only,b3eca4ef60ecf73c5f745cf294da895010af9250d162d0d41d89c0a7a4582ab8,b4a2a222ef6668be4080f6421000faf53f87a967b8bd0f942a8f02f475990813
pm:vm:photonmelodies11.rio.003:2092185664:00058652:00300,cvm,【悠阳】「是！」<01>,[],layout_only,3d36d3a813ac8d41171b288377818f88054d973dca9fa90614bfb20c82349899,e9f7150b12f97dbcc2af3e9de04ec3bf0645f62399670be35fe28ab50cd2759b
pm:vm:photonmelodies11.rio.003:2092185664:00058696:00301,cvm,【武】「你的手机，这东西，是哪家公司生产的？」<01>,[],layout_only,3b9dd2b835fe713a5dcf0dea7e7ab7737e9dd78ae556c5a53f249cf8dc370f81,cc55f8680935d78d4822b991f614043e1066c788680992b4287d85ad4a2775bf
pm:vm:photonmelodies11.rio.003:2092185664:00058912:00302,cvm,【悠阳】「您是指这部电话的制造商吗？」<01>,[],layout_only,6710b927a2211b36ceec533ca7c3ffefe19426d3eb8da939f45cffcf62f5f338,cec43626e06b1e2a2cf9965f9ff902dd1e0481514ca3a3cf0c6e8951968783b0
pm:vm:photonmelodies11.rio.003:2092185664:00058956:00303,cvm,【武】「嗯，差不多吧。」<01>,[],layout_only,2d1279a5865e5d8fb500839d94408c3826ab1d80bde369f02b735aff35388628,45cb4f044bdeb8f043a3a35fc141feea7c988a8c940d52b445ae46245a09b076
pm:vm:photonmelodies11.rio.003:2092185664:00059136:00304,cvm,毕竟……我从来没见过这种手机啊。<01>,[],layout_only,61f49e6e3fe851bf58266c3e57180d444c7227f90aeedaf4ddc7e7e68ec32d35,554084e17a792a85d08fcfab1a1746581613a7d5b6194d1deffcbed5a695bc97
pm:vm:photonmelodies11.rio.003:2092185664:00059180:00305,cvm,【武】「这表面的材质，怎么看都不像塑料吧？<0A>难道……是木头？好像还有类似年轮的纹路……」<01>,[],layout_only,2147055ebff61549c78610ecf40d77f17ee3d65b98ef19d1a35dc5f6f248cc2f,14317acf4571d3a25ee144cc05818289185146fb30137c180daa045c499ec338
pm:vm:photonmelodies11.rio.003:2092185664:00059224:00306,cvm,再怎么不懂手机，我也知道不可能有外表这么不像机械产品的机型。<01>,[],layout_only,23686e2881e8dceb7648779613b3f686a048801e453bf3b4c5634b1bf159bc4b,80145b0e50b4043f303537e21c178cdf7af0fb8735c15f735519a1e655c28a3e
pm:vm:photonmelodies11.rio.003:2092185664:00059280:00307,cvm,【悠阳】「这是由象牙整块雕成的。<0A>不论是贴合手心的温润触感，还是色泽光润，我都非常喜欢。」<01>,[],layout_only,cbb4eb2a8723fe939d1a25fe8713d14193fdc6caf1295df615a69db1a9cce7aa,0e2bd3ae8fa4d3f7dfaefbd3e8841488400eb5daba87804ccb8685d9ccedf0bb
pm:vm:photonmelodies11.rio.003:2092185664:00059460:00308,cvm,【武】「象牙？你说的象牙……就是那种象牙？<0A>以前据说会拿来做印章的……那东西……<0A>日本现在不是已经没有了吗？」<01>,[],layout_only,2677eaaa752e63091610d63048a8726b4083aa25595052cbce9d5350da204db4,34b434fe8942c6c00fc5e1958ba7a150d7fe80b8fa4c6c3a4a0e332707340768
pm:vm:photonmelodies11.rio.003:2092185664:00059516:00309,cvm,【悠阳】「不，虽然已经不再进行贸易，<0A>但在那以前进口的象牙，国内仍有留存……」<01>,[],layout_only,c8735ee9a2ceed18fe82b786bf2b29298b033b8aba0aa803d83487cc57096a70,fa4f35327e574137ffd07d8cf02c207dd2262fa8cd5359d0d6c1482f01777be0
pm:vm:photonmelodies11.rio.003:2092185664:00059560:00310,cvm,【武】「等等……不对吧？<0A>这种东西，厂家不可能生产吧？难道…………是定制的？」<01>,[],layout_only,ba1c101c8b5ca3ee052344f0884bec4ecbda6581da11df8a080324f8792a3b63,c8c1067bfc582a9fe91d1bc686e09bf8f954a6cb50f52bb630a6b61886f8e35e
pm:vm:photonmelodies11.rio.003:2092185664:00059616:00311,cvm,【悠阳】「是的，正是如此。」<01>,[],layout_only,13911b08545482db2b95fc1f4022847e2c5e7953bd7b94c09bfc310ff6538835,cc2e1fd406c1fb4b24542e7614db4fff84a616123fc83b837c42c840ab85949c
pm:vm:photonmelodies11.rio.003:2092185664:00059660:00312,cvm,…………这已经不是靠挂件彰显个性的问题了。<0A>手机本身就是独一无二的，还达到了艺术品的水准。<01>,[],layout_only,4e198be71666f0891cfb39a17db3f0062e750183489debf5a2af9cd1e1243867,213818f5695f33799c58d10304f4282cedf91eddc83867ef75915c784cce93f9
pm:vm:photonmelodies11.rio.003:2092185664:00059876:00313,cvm,【悠阳】「好……请稍等片刻……」<01>,[],layout_only,d5cfa87d873505207d4794ad9140b9cd72b94bdeb87387d28ca865d9625f9807,8200580bbf8a4be2795049b07787196e377a3c2324e8ed34d5e0090dac813832
pm:vm:photonmelodies11.rio.003:2092185664:00060080:00314,cvm,她真打算把那个挂件，挂到这种东西上吗？<01>,[],layout_only,0c1723fc8bf49b37d119884e12d5de7b37e2ebc4e01e26e9a1958b0328b9e94d,9da84f3ee45194e3ad18396da37fdb0bcdd8a9871b8ca7be6ae600804fd49ac1
pm:vm:photonmelodies11.rio.003:2092185664:00060296:00315,cvm,【悠阳】「怎么也不太顺利……」<01>,[],layout_only,34518cfe067b8eec9ce44de7186a5a789b643de3afbbb98cb36a4cc8c83405c7,71476db20a17c239a138888c00eea839345021abd8ef6060279036be748c40c2
pm:vm:photonmelodies11.rio.003:2092185664:00060340:00316,cvm,要是做手机的人看见她把这种分不清是狗是熊还是猪的<0A>奇怪动物挂件挂上去，会不会哭出来啊？真的没问题吗？<01>,[],layout_only,09ad252eac70aea20ef8b3cc99882a522466d9855ea4eac7b8cfd54a23365470,cd6bb66e62807e9ee4f20f293f4e437a3c1397872ec15b7db45dbcfb572c9f0b
pm:vm:photonmelodies11.rio.003:2092185664:00060520:00317,cvm,……。<01>,[],layout_only,a8c0841fada26437e06edf4cc99a2f89302a31715e6fffabf09bae04dbbc9a80,8b9838ce3d87979c99406185b29994e51c8853c86ecd9f0c3a80843c34808661
pm:vm:photonmelodies11.rio.003:2092185664:00060700:00318,cvm,…………。<01>,[],layout_only,efa30788584cfea7ade60ccc37d7fc6cda943e64935eb133252c341159e58e05,0b3d7aae4004dc9b91522cf9245f879b48b6a3b3d3c28ecbba043ba8207a6df9
pm:vm:photonmelodies11.rio.003:2092185664:00060744:00319,cvm,【武】「我说，悠阳……」<01>,[],layout_only,b3eca4ef60ecf73c5f745cf294da895010af9250d162d0d41d89c0a7a4582ab8,b4a2a222ef6668be4080f6421000faf53f87a967b8bd0f942a8f02f475990813
pm:vm:photonmelodies11.rio.003:2092185664:00060960:00320,cvm,【悠阳】「是，是！」<01>,[],layout_only,beec6d964a57ca9c9b66a35c1fad05a1005a70ee3e4754108bc96f281806849c,8a400cb081559da08c392ee5296eb99c694924f76ec78190871731d3c0ae249b
pm:vm:photonmelodies11.rio.003:2092185664:00061004:00321,cvm,【武】「借我一下？你不是装不上吗？」<01>,[],layout_only,ae259320366010c0feebc38644db060c666e176077b0a22c7ca931fc37ea7e10,2b2d44a8b5df3e84f2992d3131649473e9ea4aa8a93084c4642c25ce1b0475ef
pm:vm:photonmelodies11.rio.003:2092185664:00061220:00322,cvm,【悠阳】「……惭愧。」<01>,[],layout_only,ee10f2b78039c784329467c59e3d22c6f2f6848168517aa9f257dbca67a02611,ad4b9fc5782f7269e659b521af289e317ec5af1c3c429037de42db2d33bcbebd
pm:vm:photonmelodies11.rio.003:2092185664:00061264:00323,cvm,【武】「没想到悠阳还挺笨手笨脚的。」<01>,[],layout_only,b570692899f81c16204810cdd674d8f8332cc6e23e5f9152dad5e4c58296b60d,42f868267edd4b3510888f5e0e4edb4a7f9ac52fb03faa702d46950cc2c0cbf5
pm:vm:photonmelodies11.rio.003:2092185664:00061480:00324,cvm,【悠阳】「真是羞愧……」<01>,[],layout_only,db18c61d69ea9122a8e5806304bf3eede1b8f4f5706185ca1c289dd1ff9bf403,1d51d081af744491e4f0d900a7d62fc691fca93ea7f1029b4e973a0c194baa31
pm:vm:photonmelodies11.rio.003:2092185664:00061524:00325,cvm,【武】「哪里哪里，比起无敌角色，<0A>多少有点笨拙才更讨人喜欢嘛。」<01>,[],layout_only,5dbee6072e1c170275af58fd4ef1493d5939da7923ee14c0bc52db8cab2293b0,701a16364dcfbe617c2f94f9010fe08deb6f6bab92f194b37174f079250753d2
pm:vm:photonmelodies11.rio.003:2092185664:00061740:00326,cvm,【悠阳】「咦——」<01>,[],layout_only,b3b31dc95c72969b36ad48722c46497a80b2a714ec2b64fadacaae4084e54a26,baefdf9ea5364173b9df9b03d0cbadd3ad9bc05214f4dc49cbfe10c77db4cfff
pm:vm:photonmelodies11.rio.003:2092185664:00061784:00327,cvm,【武】「我虽然也算笨手笨脚那一类……不过这个倒挺拿手的。<0A>以前也帮朋友装过这种东西……好了！」<01>,[],layout_only,406e26b33d689932602b32c2162eb38e67702f17c0dde198de888e96db51518e,cf612bd142ba32b58eebc1e6ad85db986c7b13a97a263c3f35a298abf01fe20f
pm:vm:photonmelodies11.rio.003:2092185664:00062000:00328,cvm,【悠阳】「啊！」<01>,[],layout_only,7c8480b00f50d4e8d8da0839c732460d9b20e028d3ee315852bb499a15c129ca,fe2004af7aca3792937ccbeccc4392ca419d750e61a7f2c61b22948957e0b829
pm:vm:photonmelodies11.rio.003:2092185664:00062044:00329,cvm,【武】「你看吧。」<01>,[],layout_only,ee73681a43b90e5105d82fafff8f5a076175b74bbbba9bf707ebba5f1a6bf40d,2a64361746e320490e9c9ddc9aa74bbe7bf547b2394871e87bccac16b6839825
pm:vm:photonmelodies11.rio.003:2092185664:00062760:00330,cvm,【悠阳】「谢谢您，武先生！！」<01>,[],layout_only,d84a85a80ffef3b1796937d4454de8dcde03b1ad9fbaba5756e09effb94c4d9f,b8674b4b67279d0bdbfa85857baca900e689528e7f5dcb6e91bbf1ec138ce8d5
pm:vm:photonmelodies11.rio.003:2092185664:00063296:00331,cvm,【武】「喂，喂！别，别贴过来啊！！」<01>,[],layout_only,43804992e46f4c32c7a15776d375091dee29b1fd112ce798fce736311f749d2e,b440561921eb4a499f5a728f56a6e285124f8b8fef6a7585fe999b49dc02843f
pm:vm:photonmelodies11.rio.003:2092185664:00063352:00332,cvm,【悠阳】「哎呀，这样不是很好吗……」<01>,[],layout_only,5de83401bcf00c0581b216726b7c8931bb100da2add4fc970bb12f76e0f602fc,bd782a27155a959b0c5e3513126e78b829f56eef684d46a4eebcf07d85a284f4
pm:vm:photonmelodies11.rio.003:2092185664:00063640:00333,cvm,【武】「一点都不好！！」<01>,[],layout_only,4cc4ffa4a63aa0d9b8408198b3c96d41e704453190734106f419660245d277d8,bc78108ab4645a5fb3900da5e91f5ef29de4648b0ccd579a435b4880d963b837
pm:vm:photonmelodies11.rio.003:2092185664:00064396:00334,cvm,【冥夜】「这样啊，武去了姐姐大人那里……」<01>,[],layout_only,b683c490ea4dbf4846d6ef151cc34017e658c1cb5b67f9af5f7905bf4b814484,152205fb0c614ffec8f1585f792d55f1d091d45f284457d0ad636d81862b6c0e
pm:vm:photonmelodies11.rio.003:2092185664:00064452:00335,cvm,【月咏】「是…………」<01>,[],layout_only,4880f4ed3829f4a1501dd4a9e8b0bf8c4ca0156c98a26891fa2591a01fe5bdd1,7afa0166ad7b6b89774bec6a2a648a44caecf3bfc1366227c6ec32798bcdcbef
pm:vm:photonmelodies11.rio.003:2092185664:00064684:00336,cvm,【冥夜】「能把天运也纳为己用，同样是御剑家之人所需的能力……<0A>这一次算是姐姐大人占了上风吗……呵呵……」<01>,[],layout_only,d2410be02bb77c0b5d202bf8bdfdff06a4e1351116b54e6637ae600582a861d5,1e6f7d687974b2284cd8497f8aff36898e25c718ea77473d34bd73e858baa70e
pm:vm:photonmelodies11.rio.003:2092185664:00064740:00337,cvm,【月咏】「冥夜小姐……」<01>,[],layout_only,ae125df57c6acb8bd3ea65a9b458d9393c8a8d551bef7babd85701c99cb2f5ab,cd25434af9ce0fa6c5346768076ee31b30b8a8e963f9922c3f35a3cc1f689d31
pm:vm:photonmelodies11.rio.003:2092185664:00064972:00338,cvm,【冥夜】「月咏，这个盒子和其中之物，就交由你处置。」<01>,[],layout_only,f15e7010e51c18dfaf3b3a6e57437bc38bd3be19ce5ff4dcce8ae3e87aa54266,e56c0066259784c1ec683fad41f5fa49caf90fc4eefc397a7664f2f1be7e6421
pm:vm:photonmelodies11.rio.003:2092185664:00065204:00339,cvm,【月咏】「遵命……。我还以为这次或许能迎来第一次机会……」<01>,[],layout_only,c9f270bab54ff68efef403596a4b33223379192a81d7543073719728af23cd44,70fdd919a638f77e5fef184c0985817edf6c218060980f17fd6d7972dadcc255
pm:vm:photonmelodies11.rio.003:2092185664:00065260:00340,cvm,【冥夜】「月咏，你怎么反倒消沉起来了？<0A>我还没有放弃呢。胜负还在后头。」<01>,[],layout_only,1c0d4f4e748f689dad46f520a09fe0df2a939de81a3a5e68f2e2716ac0d28fe3,f10c68b6907397e070552ad119dc73b0d47fb5196e626314e0965532bfbf27de
pm:vm:photonmelodies11.rio.003:2092185664:00065492:00341,cvm,【月咏】「是……」<01>,[],layout_only,3c2eba69ba32e70c54824d0b12a54160fceb8b01e1923f838781f50c91fda6f3,56136562b6e6440f06e313974b298fb045a58516fe7e705201de1bb0d8f74fd7
pm:vm:photonmelodies11.rio.003:2092185664:00065724:00342,cvm,【冥夜】「那么，我也差不多该回到大家那里去了。」<01>,[],layout_only,f5a11d3b245c720bc2a6ce2d2c3bea2978662519ac02c8c58de89a72f270d4e1,8042ad27edbf8d0c0679f88e517d8b4f6aee18652be792e4f9355da58f785126
pm:vm:photonmelodies11.rio.003:2092185664:00066324:00343,cvm,【武】「……咦？」<01>,[],layout_only,7638c2ca4d5d7a9e551fc21d7003fced312f974fec0b8fafadf4e0d477f938b2,a2515ecc76de6f227a6b597c406a361dbd8a5ab9c14860c3532a4572b2a07ebc
pm:vm:photonmelodies11.rio.003:2092185664:00066380:00344,cvm,【悠阳】「这是我送给武先生的生日贺礼。」<01>,[],layout_only,1cbf5d724211019059d975ee4ce37147e48ad26d013efaf080c8954241354c01,8a32ee47fe1ec0a509105eb070f4783f0a0aa1ba45c4ab11973f0f307a830f72
pm:vm:photonmelodies11.rio.003:2092185664:00066636:00345,cvm,【武】「不，可是……」<01>,[],layout_only,2e2764eb4d0a58b36732a0fb064b9f0c1b36baac175f887e1d3e7ecfdaa57869,c3c4cd47c3fbfc42bfb47e593de5b3373ea1a32a472287dace12251d09d31935
pm:vm:photonmelodies11.rio.003:2092185664:00066692:00346,cvm,【悠阳】「我也为武先生准备了礼物呀。请您收下。」<01>,[],layout_only,638b3cdb8cab857941d101e54fe65418815f5479f81f5fa50c0550f82c01de23,d44bbc2ddb32fb99e8bbb60b48708284e381d55f24299e18d5441d462ec9b98b
pm:vm:photonmelodies11.rio.003:2092185664:00066736:00347,cvm,这，这样啊……也是……。<01>,[],layout_only,38642de4193491d93b58ec6dc3cd10a6821aa47ab32140b0f963245df13e2935,360e0a5a957beb5680165eecfc562af77dafc0385cd28f39dd7a9710759033fd
pm:vm:photonmelodies11.rio.003:2092185664:00066780:00348,cvm,我还真是没出息啊。不仅没好好送过礼物，也没好好收过礼物。<01>,[],layout_only,bec766576104d8a4efcdba80f0790261f8cc554f19f3f28aa44bed2af289718d,df8d05cbb259ff616a938f2ff25007fbcfadb8e27c76b16e5e8978078fa46004
pm:vm:photonmelodies11.rio.003:2092185664:00066824:00349,cvm,刚才从大家那里收到礼物的时候，不知怎么也心跳得厉害……。<01>,[],layout_only,4613b43c7663dfa5d06bff912e79f636f50431a86e478476ad0afd12e04035f4,89237499b40b1d798ed73ee74b9818ecadaf7e083f18547d75eaf6f846754cde
pm:vm:photonmelodies11.rio.003:2092185664:00066868:00350,cvm,这种事都要慌成这样，像什么样啊。<01>,[],layout_only,fd32283a71e70009b7420630576e9efff674173c55cae6ec9e5a3d6eab4e75da,020646ecb697f249c9dc8d1fd7bfd6b7eb82cc6b60bb88908cc77df972134a3f
pm:vm:photonmelodies11.rio.003:2092185664:00066912:00351,cvm,…………仔细一想，我这人难不成……其实很怕寂寞？<01>,[],layout_only,b8b2695cd30b7b57aee2f1a5e66d016d09818a73fb947c71b00b23b0593b5597,3c2e03a24268ceca2fa04742fb96e4f33585e175d497a68acb45a5dd3d8d800d
pm:vm:photonmelodies11.rio.003:2092185664:00067264:00352,cvm,【悠阳】「请。」<01>,[],layout_only,297af3b603f462f9134dd4a90e8cf1cf0945df641b32990c5a47070f759842cc,76a86c88528dcac91af53beacec037f21bf12dc90d5a5760f0e3891c7d66f6a0
pm:vm:photonmelodies11.rio.003:2092185664:00067308:00353,cvm,【武】「啊，嗯……谢谢你，悠阳。……我可以打开吗？」<01>,[],layout_only,c408655bce8f4b0df61583d23b5ed1421d7982ac3c1f0b0eee4f727e36502a11,b423ed70b1b478fbec75695e0fcc852475388005c93aae62931320187ecbd125
pm:vm:photonmelodies11.rio.003:2092185664:00067524:00354,cvm,【悠阳】「请打开吧。」<01>,[],layout_only,c7dbb1849ba90473a168423c685a00065d20b2021f821767fda5cb96b2c2491d,c40110120657adf7b4db457567f5be94781f5139cfdbaf7dc78c8c80ceabace3
pm:vm:photonmelodies11.rio.003:2092185664:00067568:00355,cvm,……这也和手机一样，是个象牙小盒。<0A>一看就让人觉得里面装着什么来头不小的东西。<01>,[],layout_only,4cd0f5c922f1b34af516190c3d635993d06b8b78a7ead5e2996eaf99fb3e1e09,b14796271283de956504b5cc6df399ccb7d51ede5a1dadfe55e5a27248c98604
pm:vm:photonmelodies11.rio.003:2092185664:00067612:00356,cvm,而且……盖子上还有雕刻……。<0A>这，该不会是御剑家的家纹吧？<01>,[],layout_only,8706fd8689430b967933ababd3627a79212b33db4d4deb177d847cf23813f44b,5e018e8085a488a94588bd3f42cd8d5fc59f1004d413838803ce4b19c3a87c1f
pm:vm:photonmelodies11.rio.003:2092185664:00067828:00357,cvm,【悠阳】「来，请打开。」<01>,[],layout_only,5b23c2da037fcbce2bf6568c791798e73ab9284733342f61ddf9f824356f4fce,d31b4dd970863f78dd05759ea327b9df463df80beb5acfdf3f19a22eb330a69e
pm:vm:photonmelodies11.rio.003:2092185664:00067872:00358,cvm,【武】「…………」<01>,[],layout_only,770975bc8d76964cd0683d1a3ba2ec947971272f34819d29aa5c66d3964a88d7,6a17c608647a040376434d02fd50f1e4124a141fe417bdc98ba4d3f27bdee35c
pm:vm:photonmelodies11.rio.003:2092185664:00068132:00359,cvm,【武】「咦！？」<01>,[],layout_only,398eae8b5a7e12251e0c64ec263f248c8b97f30e609129b4df4db2ec103322c8,9faa1df8ce6843c957cd9ab064ded8e638820cd096defefb746f028f1d488a49
pm:vm:photonmelodies11.rio.003:2092185664:00068176:00360,cvm,这，这不就是……戒指吗！！<01>,[],layout_only,542f3ee48f746544d634ee6cfcda7291dac84fe2f3334a52efabdb4301d84acb,b1b3fed99467e79a33b024a1f3655d7aae4c68f02030eafa4947a94d502edaaf
pm:vm:photonmelodies11.rio.003:2092185664:00068356:00361,cvm,【武】「悠，悠阳……这是……」<01>,[],layout_only,26770140121c3abcf95889df1bf871dc4769a91784c300caf2bce3fff1c062e9,69ed76b59b62a28ce346f6a6bf80881828dd2d05cb261da7afbecb50a56c06f0
pm:vm:photonmelodies11.rio.003:2092185664:00068400:00362,cvm,没有镶嵌宝石之类的东西，是一枚简洁的银色戒指……。<01>,[],layout_only,09dce0f049ac721ee1097855a250b50a06037cddf8eaed2b22ee9b0be20c2b2e,6046204689b9377553cc938bc1637a058a7c4de98e9c7c18c8c970484a436d57
pm:vm:photonmelodies11.rio.003:2092185664:00068444:00363,cvm,也不算很细……嗯？内侧好像有什么…………啊！<01>,[],layout_only,c987c6bec5ea14c69beaa77cc261a0c6f0d3763138b4e2133681b0a1eae1cb16,7f9d51a80294d78e0974adf0c98f38d3526278764b27be2feeb088aef5e3d39b
pm:vm:photonmelodies11.rio.003:2092185664:00068624:00364,cvm,【武】「上面刻着……你的名字。」<01>,[],layout_only,9f8bd853966a92e343cf2ff9cbd9fe87973c19a4379202624e7a0e5d8f2c196d,0eb52d9da88d8c84f3bbb357ffa2052b55789b46147f9aa270cff032999af20e
pm:vm:photonmelodies11.rio.003:2092185664:00068668:00365,cvm,在这种地方，不仔细盯着根本看不出来。<0A>我居然能注意到，连自己都吓了一跳。<01>,[],layout_only,18c731e6164909f89a9495c03768229bd6f0d1e8f57c9ba5761dc2e84d6175fb,4796dff91f3a699670d438ae8c0a433b77e194fa7da6b66a1d6293cd8aeac1ba
pm:vm:photonmelodies11.rio.003:2092185664:00068976:00366,cvm,【悠阳】「这枚戒指，只允许我赠给经我认可、值得信赖的人。」<01>,[],layout_only,303daef8d66a8e61644234df6b905b9140521403e7763861f4d3c3e609e7b302,cb082268faaaa3ebc9521bfe30a846f4b8b6a9a9ea4abdadb9d99172f483dd15
pm:vm:photonmelodies11.rio.003:2092185664:00069020:00367,cvm,【武】「…………」<01>,[],layout_only,770975bc8d76964cd0683d1a3ba2ec947971272f34819d29aa5c66d3964a88d7,6a17c608647a040376434d02fd50f1e4124a141fe417bdc98ba4d3f27bdee35c
pm:vm:photonmelodies11.rio.003:2092185664:00069236:00368,cvm,【悠阳】「把它赠予别人，武先生还是第一位。」<01>,[],layout_only,147b0e81de7a9d7fb07312afc40ba86568c2c3e044d6c79e8043596ff6611bef,bb1fee90655d3a81a8143855960805c05bb014a628f74ee621895afe515c2b00
pm:vm:photonmelodies11.rio.003:2092185664:00069280:00369,cvm,【武】「这，这不是……能随便送出去的东西吧——」<01>,[],layout_only,cf1cea786c6b2242273d20d608bdfa06e99e035789e730214f83c4e1ae766c97,5ac1b5fbed1b722479f55ce6275ec54610bab8420811f0505c000cd9f2b90be0
pm:vm:photonmelodies11.rio.003:2092185664:00069336:00370,cvm,【悠阳】「这并不轻率。<0A>对我而言，武先生就是有如此分量的存在。」<01>,[],layout_only,7c1fbdffdec23b753f9cb66d57dd5250095523dfb5258e116f8326ebca7521f0,b5547ce7b5990c55a3ef9b5bca6e8cfe48f7ee296659eea281b476ac58d57157
pm:vm:photonmelodies11.rio.003:2092185664:00069380:00371,cvm,…………。<01>,[],layout_only,efa30788584cfea7ade60ccc37d7fc6cda943e64935eb133252c341159e58e05,0b3d7aae4004dc9b91522cf9245f879b48b6a3b3d3c28ecbba043ba8207a6df9
pm:vm:photonmelodies11.rio.003:2092185664:00069596:00372,cvm,【悠阳】「我的第一次，希望您务必收下。」<01>,[],layout_only,b51b43cb6385208fc90c773323754bb7b2628dec731a9e74415074cf580d77b4,24cd6fe959f2d4951728031f8d312c672eddf3f3894b3c14536bc02159feee05
pm:vm:photonmelodies11.rio.003:2092185664:00069668:00373,cvm,【武】「悠阳…………」<01>,[],layout_only,f2b3d025452047a2fb9488d81f528f08adcacf7e3b4711b7008224a3fe8f2c3c,053da8256b5935dd0aee55e66a8269ec5c5ff6999bfb2ea91d57d5decf275281
pm:vm:photonmelodies11.rio.003:2092185664:00069884:00374,cvm,【悠阳】「我的心也一样……可以请您收下吗？」<01>,[],layout_only,645b3ba94415650f082659586a0dcaf9af3a5d3893a4b255ef30498695bdd1bf,6261d77df6c52c9e13a027b70d3f5adcba5a67e71027e9438db48c8f9477807f
pm:vm:photonmelodies11.rio.003:2092185664:00069980:00375,cvm,居然……让她说出“可以请您收下吗”这种话……<0A>竟然让她说到这个地步……。<01>,[],layout_only,96abe5f554bbe20838c9e68e50b7a3ad74393e7ec15d78721fce7592d1e5dfed,8f99151a041e9c6574eead725a0f33086d06271d216b5a68dfbc7206e0a4d15c
pm:vm:photonmelodies11.rio.003:2092185664:00070024:00376,cvm,我……到底在干什么啊。<0A>光是处理自己的心情就已经顾不过来了吗，真没出息。<01>,[],layout_only,9fb8f3bcb7b6407ac6b1efee9ba00adca6914cfc7c1703bd3ff355cf56feb40e,1abd047525efee8ffc426e3928607fa5edf399d87f4cc2c6e2af0534ccadac05
pm:vm:photonmelodies11.rio.003:2092185664:00070068:00377,cvm,【武】「对不起……」<01>,[],layout_only,5315492369654a0e0b73f4398c9aa5b7c7f95fdda2c7ed92985639d58ab11fba,471323116194b2f640cf289d24360cc95f9eb1ca32f953403e6cdb49861eff45
pm:vm:photonmelodies11.rio.003:2092185664:00070308:00378,cvm,【悠阳】「咦……」<01>,[],layout_only,a625e1402310b265b17c0fb3ecc9d6ac2ab77bf23508f71c6a4a577123a02d46,c9aa7dc6fe7b7a407c4ea0d1f620bbd3991da2bee0da26040f42d70f1b643313
pm:vm:photonmelodies11.rio.003:2092185664:00070488:00379,cvm,【武】「我好像，莫名其妙地顾虑太多了……原来如此……<0A>信赖的证明……悠阳的心……我是第一个…………」<01>,[],layout_only,5114fb84230b9da6448f36fa6a35903b9cd27e06be32f5b46c25470cd0d789b0,da20ac378bb9e05c1a08c2724c521dc6414a6beec00415237ec9b7577c45068f
pm:vm:photonmelodies11.rio.003:2092185664:00070544:00380,cvm,【悠阳】「…………」<01>,[],layout_only,cf8055a2bf7ca517121f0df4f6e9cb27cfb09e51c2a729ceabd2ff965136eedd,596cbe5acd9b31ef237a2ad0643688ea2ec23e26e6262f3786f2c9204fba795c
pm:vm:photonmelodies11.rio.003:2092185664:00070724:00381,cvm,【武】「……挺好的。」<01>,[],layout_only,83e0a25b6632284bbedc90b154b785b5334db705473eed261b535e52f41781e4,2b4e2529171fba75c0be4212c76d17b9de8430f5f14c4c8a43332bac94988713
pm:vm:photonmelodies11.rio.003:2092185664:00070780:00382,cvm,【悠阳】「武先生……」<01>,[],layout_only,b0a572a68264287aab314faf1bd6774dd04c8d18aa49d5e3126db5f7c9694519,d487f776639ec5d1ae622df61a4360af49a57347faf67810f4637baeb1d1f7a3
pm:vm:photonmelodies11.rio.003:2092185664:00070824:00383,cvm,【武】「不，还是不对，我是高兴得不得了……对，我很高兴！<0A>哎呀……我就是不习惯这种事，所以总忍不住故作冷淡。」<01>,[],layout_only,02f21d39a96cbe4619fc650ffa4d6a14384e5992c339142f73bfb12191aba595,706ce0029c87f6ba93cca8391a8f14223c57c11c035ed22ba5e7af8fc4fc59f3
pm:vm:photonmelodies11.rio.003:2092185664:00070868:00384,cvm,【武】「……对不起。」<01>,[],layout_only,a678cfede3d61ea89199cfe9e8f70639774055773e73258f16ffb24dc219e842,2f04d7a5e127aa486640da8f5047e394f47b4d77d7849b248534715478ec70d1
pm:vm:photonmelodies11.rio.003:2092185664:00071084:00385,cvm,【悠阳】「那么……！」<01>,[],layout_only,3c749e37fff51fe89daaeee8e5e8c5cf9b043eee97470dc42b6cc85ad16bd39e,368a711828e2786fdcd1dc2221be99de576affce2d8a1ca92bd085c964ea828c
pm:vm:photonmelodies11.rio.003:2092185664:00071128:00386,cvm,【武】「嗯，我当然会收下……。<0A>应该说，“我就恭敬地收下了”，对吧？」<01>,[],layout_only,a705425db532a08b71175e8ed8b6b19fa8e321cab6a1f03dca87c2db6735b0af,5298fe0dcc77068415d572ae47a4291e8f2c693fc734db80096ffdeb285e6083
pm:vm:photonmelodies11.rio.003:2092185664:00071372:00387,cvm,【悠阳】「武先生…………」<01>,[],layout_only,dae528d402ba1902b3fe89726ef7abcbf7ffa3774b83ac2d86784b06d4e99532,d487f776639ec5d1ae622df61a4360af49a57347faf67810f4637baeb1d1f7a3
pm:vm:photonmelodies11.rio.003:2092185664:00071576:00388,cvm,咦……<01>,[],layout_only,95a4108fb141213c426d9740b16ab32cc97e3779f5b0001c582996354c00d287,c12ada33a831e0fe0604e9458f33b8818aa50788767572637e418a4f54bad7f1
pm:vm:photonmelodies11.rio.003:2092185664:00071840:00389,cvm,【悠阳】「嗯…………」<01>,[],layout_only,4ea1614d5cc792c6306f1dd0e46e2a3a3a9b0c32627f2c1354a7b7ab1aac3dc0,b850a6e0370fd8562b8250d8bd1aa4c7050453444abdf1dfdd2424f2071a33a9
pm:vm:photonmelodies11.rio.003:2092185664:00071912:00390,cvm,【武】「——！？」<01>,[],layout_only,145c5635753b0515bea8f41fb9a7ce7cc60381f800aad0b47d52d12ff17342de,d77f4922523c3190cb2db92fe7bf74539d45e3c8b2f41732c60d0241e2f1a214
pm:vm:photonmelodies11.rio.003:2092185664:00071968:00391,cvm,【悠阳】「武先生……」<01>,[],layout_only,b0a572a68264287aab314faf1bd6774dd04c8d18aa49d5e3126db5f7c9694519,d487f776639ec5d1ae622df61a4360af49a57347faf67810f4637baeb1d1f7a3
pm:vm:photonmelodies11.rio.003:2092185664:00072012:00392,cvm,【武】「啊，啊……」<01>,[],layout_only,4a540fb4ea6d6ca53fdba362b011a6dc8291ca774c1e4b9940c886b06008860f,b8d93466862a13a96b43ba7bd816d4584fd29329b40870cf9dd0614c7c493e28
pm:vm:photonmelodies11.rio.003:2092185664:00072092:00393,cvm,【悠阳】「您……觉得冷吗？」<01>,[],layout_only,b5567e3bc8e2f9105ab16c421fe4095bed211999007ccf3fe7f459afa785a8f7,1991f08981499cd95b8aa186ff7be071e563eca0ef11ae3ac46eb1b62dffd42a
pm:vm:photonmelodies11.rio.003:2092185664:00072136:00394,cvm,【武】「啊……不……那个……」<01>,[],layout_only,1bb3d21ab3ba0aa53e26c8395ae20178913f0216cfe52079792eff0c3cf864ed,c9c78ee21b7bc7a5c97ba5841293e4ade00431c7c821ecf93d5e3f585e9267a0
pm:vm:photonmelodies11.rio.003:2092185664:00072192:00395,cvm,【悠阳】「因为您在发抖……」<01>,[],layout_only,2db3ad1aa25de9cc2ff16c8becf1fbd22096724984a1f68e6203b5331b6dc42e,7131b10fb4993c6f9f16a34597bb5a65347cac88a10d2d08047eb1cad54d366d
pm:vm:photonmelodies11.rio.003:2092185664:00072236:00396,cvm,不是。不是因为冷。身体反而很热……或者说，<0A>被吻的那一瞬间，我什么都感觉不到。<01>,[],layout_only,419a61a13c42b5adffe92e46a67cde1a9eff3d5fb89675d109f2060d718b8134,ad7bb0e408c152f957630f29fad3c157248519f4a852cc87ce891ed1119291bb
pm:vm:photonmelodies11.rio.003:2092185664:00072280:00397,cvm,可紧接着，胸口深处……<0A>像是从背后涌来了一阵特别强的浪，<0A>一下子扩散到全身，让人发麻……。<01>,[],layout_only,f6911e8cef598119397831fb8b94bbb405d86e1e6b685ca75c7095e965abe346,ad0a757f540028eb9e35a65db423b159c488086fc09035c3d841fc5b734232a6
pm:vm:photonmelodies11.rio.003:2092185664:00072324:00398,cvm,从那以后……这阵颤抖就怎么也……停不下来。<01>,[],layout_only,98c5332613fe3d4f054562dfed78d5780b26104073de491f0925167b16c68ae1,97885adfeddc8cae1ee31dc455c7d96fe6eee70ea98c2250a5f26cb6521114ce
pm:vm:photonmelodies11.rio.003:2092185664:00072380:00399,cvm,【悠阳】「呵呵……」<01>,[],layout_only,4b79cbf36bc03114f5196a09bf99d7efbff030cad9027c212dbc23e9fb0ae845,4fa8b0db7595478f57acd86b7829824bb66079bd594e45fd1d22c80ba1dce91a
pm:vm:photonmelodies11.rio.003:2092185664:00072452:00400,cvm,都是因为你……那样贴在我耳边低语……。<01>,[],layout_only,3be1063042be79ff6e0e13a8d9502eda2e66606eabf66464d7780c9120c22743,7057140a85d4b3aae5a05194763b72cd1b4589f79a4848cfb1717e51b4b85f63
pm:vm:photonmelodies11.rio.003:2092185664:00072496:00401,cvm,我感觉眼前的悠阳，像是一个我从未认识过的人……<0A>可我并不讨厌这样，那个，反而很高兴，<0A>又觉得她妩媚得让人心跳，简直难以置信……<01>,[],layout_only,55324d0ca857caf909f0e068a214e72954c714594f361a516e4afac68a28cab7,3fb705c97e9a072f7fb3045e1ed15ac6b0b89555ad835a58f98fa8c43e50e7bc
pm:vm:photonmelodies11.rio.003:2092185664:00072540:00402,cvm,啊啊！我自己都搞不明白了！完全理不清啊！！<01>,[],layout_only,d35b9818cd585e334f67b89bcaaeca009518e7425a1ca627539fba7e07ba66d5,bedc604ba2407b9e7ca80df4f8f95feca2bd8784e8d6c5236d99fb47b8bb7c94
pm:vm:photonmelodies11.rio.003:2092185664:00072584:00403,cvm,可是……可是……。<01>,[],layout_only,5a32e503d6469432d84b751ba92d180345984de62650868c7bcc61cd09549248,ccf51113610a30e24476babd43fe7a10b9834d01bdb57c71bf73410b55d912bf
pm:vm:photonmelodies11.rio.003:2092185664:00072664:00404,cvm,【悠阳】「武先生……」<01>,[],layout_only,b0a572a68264287aab314faf1bd6774dd04c8d18aa49d5e3126db5f7c9694519,d487f776639ec5d1ae622df61a4360af49a57347faf67810f4637baeb1d1f7a3
pm:vm:photonmelodies11.rio.003:2092185664:00072708:00405,cvm,【武】「嗯……」<01>,[],layout_only,d4de93fabe8c109cfc1ca7623627891b70ebc2a041f7d214a08c027e515763d3,bbf671e05832786d93763bbbc5f126f1a0d71fc82260737cbe92a86f19ababea
pm:vm:photonmelodies11.rio.003:2092185664:00072764:00406,cvm,【悠阳】「我……是第一次有这样的心情……」<01>,[],layout_only,3d0c75c22a3886d62f2f1a5a51d79615d51d418877b62177e38a0180a4625e8b,911c77970c8533f92cba3e2dfe76cfee5a269b4bcdbaaff3e7bbfe071d65cc59
pm:vm:photonmelodies11.rio.003:2092185664:00072808:00407,cvm,【武】「咦？」<01>,[],layout_only,77e63d069d95aabd948bf49f0d1875e61a92335dbc417006761d81674ec8c185,b55249e3c0ee06935938d08a2f8a65d886e446dd4c309f96d3566d3e47b2f343
pm:vm:photonmelodies11.rio.003:2092185664:00072864:00408,cvm,【悠阳】「像刚才这样的事，我过去也有过几次，<0A>曾作为社交礼仪向海外男士行过问候礼……」<01>,[],layout_only,54684052733bf3734b0a62b5a629ec251c0551c7d19993402ad7c11d5c16e384,e11104c73da88144a4a47f3fc4d535b2f96d26d4a1299628d5f2d8e93076ed52
pm:vm:photonmelodies11.rio.003:2092185664:00072920:00409,cvm,【悠阳】「但这次完全不同……<0A>心里躁动不安……还会觉得……有些害羞……」<01>,[],layout_only,ca2a8a07b2284bf9f896b7c526b10e3f251bb20ba2b445c44abefd418b0b99c2,99c6b1f20e1a30a1f1cdba296e2736dea28d90570df834a706143f95edc10860
pm:vm:photonmelodies11.rio.003:2092185664:00072964:00410,cvm,【武】「悠阳……」<01>,[],layout_only,122243ba94c6d05a043df65f193c471a9913a9e54e45952b388c2925161e9e99,053da8256b5935dd0aee55e66a8269ec5c5ff6999bfb2ea91d57d5decf275281
pm:vm:photonmelodies11.rio.003:2092185664:00073020:00411,cvm,【悠阳】「我说不好……」<01>,[],layout_only,de93d4816d6c8fe03132ff76f9a5a32f638ed0b0482f183f1c1ff5151047ea7b,da51d7da63d1b20f61a7a0d97414d2c719e056cd73b586d208d7cfc9bacab96f
pm:vm:photonmelodies11.rio.003:2092185664:00073064:00412,cvm,【武】「什么？」<01>,[],layout_only,5355d88ff8b6ceda1e332d49d0f88c89c30977f347cf4f216c1bcd17bde2e4f8,5e12f89c56f9cb324a42385bdadd0442ed558db3f7f8c36de8db62d8c8a8f656
pm:vm:photonmelodies11.rio.003:2092185664:00073120:00413,cvm,【悠阳】「…………我觉得，很幸福。」<01>,[],layout_only,da1d75d63ecc41b07f6adec1a3c61b834cefd27d8e8e263762e28f3d4ee4119d,334820c0b77d8c394b902b09149dc99fabea2622fc3f69ae1e473e0428c4f65e
pm:vm:photonmelodies11.rio.003:2092185664:00073192:00414,cvm,…………。<01>,[],layout_only,efa30788584cfea7ade60ccc37d7fc6cda943e64935eb133252c341159e58e05,0b3d7aae4004dc9b91522cf9245f879b48b6a3b3d3c28ecbba043ba8207a6df9
pm:vm:photonmelodies11.rio.003:2092185664:00073236:00415,cvm,【武】「悠阳…………」<01>,[],layout_only,f2b3d025452047a2fb9488d81f528f08adcacf7e3b4711b7008224a3fe8f2c3c,053da8256b5935dd0aee55e66a8269ec5c5ff6999bfb2ea91d57d5decf275281
pm:vm:photonmelodies11.rio.003:2092185664:00073316:00416,cvm,【悠阳】「武先生…………」<01>,[],layout_only,dae528d402ba1902b3fe89726ef7abcbf7ffa3774b83ac2d86784b06d4e99532,d487f776639ec5d1ae622df61a4360af49a57347faf67810f4637baeb1d1f7a3
pm:vm:photonmelodies11.rio.003:2092185664:00073904:00417,cvm,【悠阳】「……哎呀？」<01>,[],layout_only,470e8f55d2f9a3edfe1004d971becb265d67ce175ad632c8b167d17b923902a6,4778f85de1252384d96ec54a7b0820dfe537ebc12f9fad536e8a0f53eded61bb
pm:vm:photonmelodies11.rio.003:2092185664:00073948:00418,cvm,【武】「……怎，怎么了？」<01>,[],layout_only,55fb5b1f681b981af495495b05307c0d89fec9a28fc5f356de3c211528d57136,ce8d5d6ea62b18179c47adf4e6c03ed322d2d311bebd0387a8f2cfc0b3f85b50
pm:vm:photonmelodies11.rio.003:2092185664:00074004:00419,cvm,【悠阳】「武先生，这条项链……是怎么来的？」<01>,[],layout_only,cc732e9d5596a1b75a8344991a2ed21e756bf348784c08f578e892cf29843639,faeeec697b352e40a956b81dca6c59aa1cd461296ea281fe81bdde82b9e39dba
pm:vm:photonmelodies11.rio.003:2092185664:00074484:00420,cvm,【武】「咦……？啊！！」<01>,[],layout_only,971c1cf23aaf5d6ffc4551aad376aa6d2573a31e9d7728db7e22c4b56103b43b,dd89ef17e23e609d6cec3510ce1722067eec3e459691019c7c9bc86feaed9004
pm:vm:photonmelodies11.rio.003:2092185664:00074540:00421,cvm,【悠阳】「……武先生？」<01>,[],layout_only,c567dcfa24f7b39fc8ec1d375a4f606e62bc649cb06ee0756bc81c88eebb3b3c,07ba5c86aef10a769b185b9e7cbbf8187ae22c5b0c5afe4a8be7d30d5095a969
pm:vm:photonmelodies11.rio.003:2092185664:00074584:00422,cvm,糟了！这种情况下，被她发现我戴着别的女人送的东西有多不妙，<0A>这点连我都知道！！<01>,[],layout_only,e60b7bef02f382f9cc12c7d8a972f5dfd16a4297d01ccd9bd88fd471b225a792,48694cde02c398db64e0a5045049225f6d8a88e323405ef08927d0e88f2214af
pm:vm:photonmelodies11.rio.003:2092185664:00074628:00423,cvm,皮亚蒂芙老师虽然是老师……但也是女性……<0A>而且，悠阳之前也很在意老师……。<01>,[],layout_only,ce8234c96610622fc16ea188953586a30d92336566b311a16b1042b60c2a7527,06a47d228978267b0b3dedddc00c4087c442091a4188dc54efca572c358697a5
pm:vm:photonmelodies11.rio.003:2092185664:00074844:00424,cvm,【悠阳】「那个……」<01>,[],layout_only,da300bb147528656ad68d03e06ad50b360edaf9404f6166b65a2a0672186cafd,09f7a787a6b97c0ca84504495c907731f6ed06a18220973abb1557ba385de032
pm:vm:photonmelodies11.rio.003:2092185664:00074888:00425,cvm,【武】「这，这是……那个……呃……该怎么说呢？」<01>,[],layout_only,3517ea927ad7c1ba88be369794ddaad2c9d1d6781544364edc187fd4ca2dd0cc,091c710ce5e1f93568c86ade24c9f1a68faae7736a7cd2d79e4d9218d096366c
pm:vm:photonmelodies11.rio.003:2092185664:00075104:00426,cvm,【悠阳】「可以请您如实告诉我吗？那是怎么来的？」<01>,[],layout_only,ebf1df27e9258989137fc04287f6c34cdd076b1cdfbd7a38053a5cb8b96d29d8,3de7597f025db08530f8d7ae0cc9bf32cec545f493789078867ebcc6368b02bb
pm:vm:photonmelodies11.rio.003:2092185664:00075148:00427,cvm,她，她生气了？<01>,[],layout_only,f61e3f054f150bfd3d7ca645963abd0555261792e5fec060bac0e5bbfdcef004,f270eb2e928a8da045eaedfa52e26c0dbe970e922f32ec3b0a33a0213525ae4d
pm:vm:photonmelodies11.rio.003:2092185664:00075192:00428,cvm,【武】「…………」<01>,[],layout_only,770975bc8d76964cd0683d1a3ba2ec947971272f34819d29aa5c66d3964a88d7,6a17c608647a040376434d02fd50f1e4124a141fe417bdc98ba4d3f27bdee35c
pm:vm:photonmelodies11.rio.003:2092185664:00075236:00429,cvm,【悠阳】「…………」<01>,[],layout_only,cf8055a2bf7ca517121f0df4f6e9cb27cfb09e51c2a729ceabd2ff965136eedd,596cbe5acd9b31ef237a2ad0643688ea2ec23e26e6262f3786f2c9204fba795c
pm:vm:photonmelodies11.rio.003:2092185664:00075280:00430,cvm,不，不行……这种时候，要是随便隐瞒，<0A>她说不定会动用御剑的力量查个水落石出？！<01>,[],layout_only,14381b2908b7d0c8960776b39a1245ac3c7d959f3794908161ab15bea6809d2e,f3439d50baf0e83132e0e43adfb53070ec8b74c78d73f3593dac1aa0ffe07512
pm:vm:photonmelodies11.rio.003:2092185664:00075324:00431,cvm,【武】「…………是别人送我的。」<01>,[],layout_only,058fcec4d78002e9b08025350edabcf516c37412d42fc03782398a03d37f1bae,c7c61417634a1027cea396289ea537cd8b05381503f0d930a34809434685cfd0
pm:vm:photonmelodies11.rio.003:2092185664:00075380:00432,cvm,【悠阳】「是哪一位送的？」<01>,[],layout_only,cd6c6e77d5ea368e09cc6e12b0512ad55034e4e54c4dc25f4a8f42d9f73f273e,7866d4c4e8677cf2f631aa22dc367b8fc51f6ad919a9ee005b5563435ad00127
pm:vm:photonmelodies11.rio.003:2092185664:00075424:00433,cvm,【武】「呃……」<01>,[],layout_only,68cae6adf19fe21d97f7258a36ce8c3c1b04a9a41a5e109f4659e4d061ac4e5a,ca07acfce0d17ce88ab687408fb91112c513d16b9ce43c2d34ecd3292108742d
pm:vm:photonmelodies11.rio.003:2092185664:00075640:00434,cvm,【悠阳】「武先生。」<01>,[],layout_only,c91fb7041468abf6336b24a970a8056dec5f664e03c426c99a0989af9fc892fa,6e6385ac93de517da3540ca73469163f2d5227c0908820e350fb75b7f9d082ac
pm:vm:photonmelodies11.rio.003:2092185664:00075820:00435,cvm,噫呀啊啊啊！！<01>,[],layout_only,1d82a2855d6f03a5acc87ce5f2204cd6e4c76ebe58f1a53dba2a37295624c7b6,665b0b99b6607e65cca5af3003e99e0c319e082c04780bae45d05d4dd9344307
pm:vm:photonmelodies11.rio.003:2092185664:00075864:00436,cvm,悠阳果然是冥夜的姐姐！<0A>平时越是温和，这种时候反而越可怕！！<01>,[],layout_only,8a9ec7a51c9c035c2a2ae4fede68b45dd2bb56b7367cfde884438cd65544445b,253dce1cb1b48038e7294f2cf1b44ecb9316664c7902d0c5f5d995cdb27b9ff6
pm:vm:photonmelodies11.rio.003:2092185664:00075908:00437,cvm,虽然说不清楚……这，这种感觉是……压迫感？<01>,[],layout_only,bb3cc14a0005eea970afe771a1543ca4bff83861fff519a119e632d365467ac3,6b875f08be73510b86711076865d4a71f46192d5f2d4dc169f7cfeffe650718e
pm:vm:photonmelodies11.rio.003:2092185664:00075952:00438,cvm,【武】「知道了！知道了！！我说就是了，好不好？<0A>我会老实交代，你别生气！」<01>,[],layout_only,7fac84aafba41b3d7e4ab1fb7b8f38fc4e3f6b0344b0f10b9279187b9933555c,363101c7777bf150700c0b260c5aa7f337576985fa7baf9a082d424d91bde8d9
pm:vm:photonmelodies11.rio.003:2092185664:00076168:00439,cvm,【悠阳】「哎呀？那是我失礼了……。我并没有生气。」<01>,[],layout_only,647738d18ec601a15e40a9182120b4d6139be7c798a32f34ffbc0ac3190a6216,67b3c3b4af2a86f17f9f8fd02b3fd81f9a36869c643d5b1cb2034b0d31e882a1
pm:vm:photonmelodies11.rio.003:2092185664:00076212:00440,cvm,呜哇～～～……这样反而更顶不住啊……。<01>,[],layout_only,b14ffddf2137daf6224cd3a6df6ba582bef0f717f375762892353b9ae0f3cd30,89d572122a52263d5b24c378255141ab9b9239160183d138f40af8af8dae6976
pm:vm:photonmelodies11.rio.003:2092185664:00076428:00441,cvm,【悠阳】「那么，那究竟是哪一位送给您的？」<01>,[],layout_only,2066016fd3bae4e092d3e5988c2d15c2ec44eec43021fefe6ae121f9b620d4ff,3c3ea66537a440e6980da04b48dfbdacb316d679e89b1c9ba71549447431e3cf
pm:vm:photonmelodies11.rio.003:2092185664:00076472:00442,cvm,【武】「……皮亚蒂芙老师。」<01>,[],layout_only,a17710b8bd8beef8a14d1d9bab962a380d05784f3ac64c9a7164a06aac175962,8ae4a7276b60d899f287c6d4f71d7825ed2385aaccfc51f5e124bf1f606097ef
pm:vm:photonmelodies11.rio.003:2092185664:00076688:00443,cvm,【悠阳】「咦？皮亚蒂芙……教谕吗？」<01>,[],layout_only,f6393468bfdcdc1860b6ec10a6bcad128c07b7097d26acd5288b3be2072f8844,7ba46792c56b5f81357ce1981f9f0a557d5b0b351172aea43ed1ac6c75863386
pm:vm:photonmelodies11.rio.003:2092185664:00076732:00444,cvm,【武】「对。昨天买完那个挂件回来的路上遇见老师……」<01>,[],layout_only,5dda31faf19cf3c40e537328c7210c6d01e5fad18eb7dfcb6752b66faf0e9c08,0fc8787be71fe663c3d82584310f735475f9ec9616ad6fee123f2954d0489495
pm:vm:photonmelodies11.rio.003:2092185664:00076936:00445,cvm,【悠阳】「…………」<01>,[],layout_only,cf8055a2bf7ca517121f0df4f6e9cb27cfb09e51c2a729ceabd2ff965136eedd,596cbe5acd9b31ef237a2ad0643688ea2ec23e26e6262f3786f2c9204fba795c
pm:vm:photonmelodies11.rio.003:2092185664:00076980:00446,cvm,【武】「说来话长，总之顺着当时的话题，<0A>我就把手上的武士和忍者挂件送给她了。」<01>,[],layout_only,35f5176ce47fcedb9a231f361a20976b77c5a47a596faa91b0e2338c1ca3bdbb,8810a8ef9437e65967639f29356324192c7bb98d76481d5e9722ed3588a53979
pm:vm:photonmelodies11.rio.003:2092185664:00077024:00447,cvm,【武】「然后，她说这是回礼兼生日礼物……」<01>,[],layout_only,0b313dc8243ec8ab81119803128afe24924909027d50dccd485fc460ac469edf,924f2f1147b6dccb869ade8cd3d13d2235020a3932b82b1a6aaaec042619bcf9
pm:vm:photonmelodies11.rio.003:2092185664:00077080:00448,cvm,【悠阳】「那看起来似乎不是新的吧？」<01>,[],layout_only,5e9565af3c53690c4907de7348a099afde3fe452f1cd7a0a34eac2c6f003244c,7c6b975e57fa1b18c35cf2844f52017648fd68db13b130578def108c7635b833
pm:vm:photonmelodies11.rio.003:2092185664:00077124:00449,cvm,【武】「这，这个…………<0A>是老师把当时戴在身上的东西给了我……她说这是幸运护身符……」<01>,[],layout_only,64f7bcaccc39f76d09f5ca3a59749574e215b98acf641283864e3eb891616e3c,4120185b4fe61ed8970640724d231249a4c7780fdc367bb22b78cdf2a54cd9b1
pm:vm:photonmelodies11.rio.003:2092185664:00077340:00450,cvm,【悠阳】「幸运护身符吗……」<01>,[],layout_only,28d8b66530e1f2c4e29973ef4a9048d536c91b80a483efea8fc74d7328e55962,361e986449df30cd396928aad7f99d2bd4b52e28849d7721479b8b5d4c14c4e2
pm:vm:photonmelodies11.rio.003:2092185664:00077384:00451,cvm,【武】「就，就是这样！真的没有什么亏心事！！」<01>,[],layout_only,d8823f8d80265b10d1a68ea3c955f6da82112a7ec59f2d10e358cd5e18a00171,0c661eff7766ef3ca140798940e77e5fa9051a90be0624b5d3c1b79865bea834
pm:vm:photonmelodies11.rio.003:2092185664:00077600:00452,cvm,【悠阳】「亏心事？」<01>,[],layout_only,7bedae21bbe9cd2e311941e033c2a78b0814832bf4d183bdb899bd6e59980260,27bfd5b188749225a815bf097d8cfc51f079d9ad4f34a3f74449d74d9d5f9e93
pm:vm:photonmelodies11.rio.003:2092185664:00077644:00453,cvm,【武】「没有！没有没有没有没有没有！绝对没有！！」<01>,[],layout_only,6aa72c29b85071aca33f0a9a3f9d37ee7a437ba0e50e19c75875d709cfa9c9fe,bea59e9ac7d44d7ed8ea0ee692e8426db46c2b0078900f9ae4bc5036065a22d9
pm:vm:photonmelodies11.rio.003:2092185664:00077860:00454,cvm,【悠阳】「……武先生，看来是我让您误会了……非常抱歉。」<01>,[],layout_only,56a2bc837fb2e79b7bb5d4b00ab7a24a415ad2c84a1ad153fb639037d79738bb,1bc0b4ac61712a295e9fda2ecad27545c32242604108fc3b38d794c7fcf92cad
pm:vm:photonmelodies11.rio.003:2092185664:00077904:00455,cvm,【武】「误会？」<01>,[],layout_only,ab0912f3ef3e8ed6ccd63da7b9619422d6d807ee7a885da2fbbe5577553e9fd0,203226b22125b99b484f128c4b4cc7544f9bf56c32fc706fd2eb9a73e356490c
pm:vm:photonmelodies11.rio.003:2092185664:00078120:00456,cvm,【悠阳】「我只是觉得，武先生戴着平时不会佩戴的东西，<0A>有些奇怪罢了。」<01>,[],layout_only,a2e25e8bd51ac9f5bfb7d32f3979edb38d154e699f689dd36feb8c999f1eaa57,4ee568808ce3c187f0a1a688f33c4f9a26ba9993aa068cab4211b0a2e8b0114f
pm:vm:photonmelodies11.rio.003:2092185664:00078164:00457,cvm,【武】「咦……？」<01>,[],layout_only,6f89339b2480107cbb5839c19f9f2232f49962fc19025bf7e2be3b170f1b1d68,cff1150ccd1e336776d839ebdd3abb90457d7f0dec81697b4a75a41c241c3081
pm:vm:photonmelodies11.rio.003:2092185664:00078208:00458,cvm,不会吧——？<01>,[],layout_only,258a77901f09fa96c3d73f4b5e366c1990844c1b16fc586b5554bd807b6913df,ad3a28d717fc9a2d31f58f9166b9069e19b9f1bc5d0c388b0728dad2fb3c78ad
pm:vm:photonmelodies11.rio.003:2092185664:00078424:00459,cvm,【悠阳】「我并不知道武先生有这样的爱好，<0A>若真如此，那便是非同小可的问题……我是这样想的。」<01>,[],layout_only,8f4f0fc88bc36db88a3296c388f1bc06c59b8dddfafd37562a8e44f9c92d22f3,6ca434cb468d63b0279a20225e6439097a5fea53fef8ae32ba51130d91d6d676
pm:vm:photonmelodies11.rio.003:2092185664:00078468:00460,cvm,【武】「所以……你才问得那么认真……是这个意思吗？」<01>,[],layout_only,ba7d424dc75c2175643e28d75413bcda05ef0652d9c9bfe62e23c3476d87e018,90d9d57ac79323dae7f17cdcaee877c4a7ba7fedc37f5e3777b5bfaae26b9e57
pm:vm:photonmelodies11.rio.003:2092185664:00078684:00461,cvm,【悠阳】「正是如此。我由衷信任武先生，<0A>也倾慕着您……又有什么道理去怀疑您呢？」<01>,[],layout_only,a5052955185746c83e518bbe874bea75a98ceef69e7c6dc9822f86d6d4d7ab14,942214fe14ba7cc1c4c237f9a2f913784d4bd1b05e3b27d2b85e71528290b4c6
pm:vm:photonmelodies11.rio.003:2092185664:00078756:00462,cvm,…………。<01>,[],layout_only,efa30788584cfea7ade60ccc37d7fc6cda943e64935eb133252c341159e58e05,0b3d7aae4004dc9b91522cf9245f879b48b6a3b3d3c28ecbba043ba8207a6df9
pm:vm:photonmelodies11.rio.003:2092185664:00078800:00463,cvm,【武】「这，这样啊…………也是，说得也是……<0A>这枚戒指，我才刚刚收到……我还真是……」<01>,[],layout_only,6fa913a888654a6d6399ea2a19cf735d1682482f9b05dae604cb19f1d08ef273,36334c9842895a38eca3e43322176b1ff8a1b971fa0fda6eb9253edf3a85e182
pm:vm:photonmelodies11.rio.003:2092185664:00078844:00464,cvm,她明明才刚说过，这枚戒指是她信赖我的证明啊！！<01>,[],layout_only,aa2e88fe89eeee85255e7f7d8e5efda3a70373c451a059039b2377f00809c38f,145bf37819a55324474cec23c880c0bfda9688087e683a9f86f3e73140eeb25c
pm:vm:photonmelodies11.rio.003:2092185664:00078888:00465,cvm,唉……我真是……。<01>,[],layout_only,02eb7d90c3728af8394b89188d0d6cfb8a23b4a7b0c7de95d96a7b8efc91e381,13ca363b6830e576ca670698e4da7bf00327a6e1cdc5ba66d4c53748b37fab9b
pm:vm:photonmelodies11.rio.003:2092185664:00079104:00466,cvm,【悠阳】「那么武先生，还有最重要的一件事……」<01>,[],layout_only,8c76d083fa59c4ee2faae7188e3d618907b2bef5042a5f5032f17a39d9ba691a,31eeba3bba9b1141d69df0dc1b64993fde0501ba7103ddf55060cf5248b373cd
pm:vm:photonmelodies11.rio.003:2092185664:00079148:00467,cvm,【武】「什么事？」<01>,[],layout_only,38d89f6c1c9f9f170a7236ad926c3b68e1bb3b71d6b0fe871eebd0b822832def,9994d237c017aa8081a43be384649f6a3f6b0700a94e4f39ca68e8062a504929
pm:vm:photonmelodies11.rio.003:2092185664:00079204:00468,cvm,【悠阳】「武先生平时喜欢佩戴这类饰物吗？」<01>,[],layout_only,153431693d37a92386710c038176082cd43b2b2d10e0fdc37d4bb449cd8ca47a,490ee0432a788830f32410cef4771bddfb6507e752b509e2e7bc9162b0b7a8b5
pm:vm:photonmelodies11.rio.003:2092185664:00079248:00469,cvm,【武】「啊……嗯～，怎么说呢。老实说应该没有吧……<0A>不过，也不好随便辜负人家的心意吧。」<01>,[],layout_only,9a25507d5744744e969f048367545c6dc52897b3d87e8901fd1cf9cde166e048,5d7335c44b78d64ec5669132696a23504392da9e8abf3e907b5c2a56b399628d
pm:vm:photonmelodies11.rio.003:2092185664:00079292:00470,cvm,【武】「至少到放寒假前……你看，只要还有机会见到老师，<0A>我就想着先戴着吧……大概这样。」<01>,[],layout_only,3a513c3f750ee5b6044175dd0fa702fea9d5ff63aa9b14ebf9419cf2fa3d8d94,7a23ed2cc3243f2e6d6634d90053e3ea704f98acbf26207fcae729d587e79dc0
pm:vm:photonmelodies11.rio.003:2092185664:00079524:00471,cvm,【悠阳】「这样啊……武先生真温柔。」<01>,[],layout_only,2c0bce28305b2cf45469722123db9cd5814a40463879693787eba41c7ab0a500,dac756a0791936f2a3d4f95630c4cce4ddc25d8796e0dbcd412e147aa57ec9cb
pm:vm:photonmelodies11.rio.003:2092185664:00079568:00472,cvm,【武】「是，是吗……」<01>,[],layout_only,b0c7ffb152dfec29d9dcc5486656352502bf7ff3d5f6ab3eb81161901b097da6,c3f8381ae921ef28559d294d461e23505996161241ea62977f451f2aeac5f743
pm:vm:photonmelodies11.rio.003:2092185664:00079612:00473,cvm,我自己倒觉得这是理所当然的。<01>,[],layout_only,c80d0bc95330a85bd4320abcb37968facc78e85d646b79f8e6110d2028e5ff9d,c28bf25e0b6583b92260071759a8b10eadc9642dd6c170f57ebf1a62ea0b7b7a
pm:vm:photonmelodies11.rio.003:2092185664:00079844:00474,cvm,【悠阳】「或许正因为武先生是这样的人，<0A>皮亚蒂芙教谕才会将它赠予您吧。」<01>,[],layout_only,11a60c6698517797f2532647378449ae1c58c7aa9bd8362ec838d13821c1249e,00b62964e4dd86b5893d43fb906739696116f32947cf028cae651d4b181ea1ba
pm:vm:photonmelodies11.rio.003:2092185664:00079888:00475,cvm,【武】「……是吗？」<01>,[],layout_only,182ca97b626c992ea494e2994e9438cb393b843bbc0d53872999bbaf281f7425,3c0e5e10b83adf4529b0b2f0ad33473bd822211e2b4c23a5591d34a8ebe7c485
pm:vm:photonmelodies11.rio.003:2092185664:00079944:00476,cvm,【声音】「小武——！！你在哪——？」<01>,[],layout_only,c372c0445ef3b4cd4cb0532aec388bae2375b49dc2995cb2f1145e99cf2beefe,3359908109f0783059a2532de4469cefc4be0a6c0ff794f52f32e59ac41b4ac5
pm:vm:photonmelodies11.rio.003:2092185664:00080164:00477,cvm,【武】「哦，是纯夏！差不多该进去了吧？」<01>,[],layout_only,9103b02a2d78acb5121d2895fc1e14a13c07384155a7c6987b829e12463b6420,cf63e906716eded8613d6c0dafd371147974353b09dec8eb603ce9f122413ba2
pm:vm:photonmelodies11.rio.003:2092185664:00080208:00478,cvm,反正她肯定是蛋糕吃不完，跑来找援军了吧？真是的……。<01>,[],layout_only,92a486c7722505eb430f13e2193d03165de12ba08f22f380f912101444f76298,9649156add5b7d3be4ec480123d924bbb04bbc96c4d1e01f9ef17c74c4433ec5
pm:vm:photonmelodies11.rio.003:2092185664:00080424:00479,cvm,【悠阳】「武先生，请您先回去。我有件事想稍微想一想。」<01>,[],layout_only,27157679e596b938b3c8190131ec87b19e0fa9769fec9d85c3374acc7cd2c54d,a8ca8a5c8f8e35b91fb2382e071652cf4cd6a5faa8bfa9be7086eeef074cb271
pm:vm:photonmelodies11.rio.003:2092185664:00080468:00480,cvm,【武】「…………好。」<01>,[],layout_only,65c080194ee101376f2d485047a4d0ec4ed57da531e696bb4c598d6447192a2d,efce745c7c2171481ccd72e3617c24cae22ba3db1366a14d9eb17fdf164b5091
pm:vm:photonmelodies11.rio.003:2092185664:00080512:00481,cvm,她真的没生气吗……。<01>,[],layout_only,3796fd3bd9bf1a2617a45fb507922108dfc9549fad79ca47a61892e91562acd7,3b8bbd40dccf464424878c59744f27af5d199fd38a6f86edc8103ace96983da2
pm:vm:photonmelodies11.rio.003:2092185664:00080556:00482,cvm,咦？可我为什么，会担心到这种程度？<01>,[],layout_only,d241716126408a5a0bd7af08625178eee72d3c9bdd6c9e5f8ef64ad86a08c1d9,e7b1b534f912691373ac7a601a3c09dc87717fe8538d9dc1df83d130308c4000
pm:vm:photonmelodies11.rio.003:2092185664:00080600:00483,cvm,【武】「那，我先回去了。会感冒的，你也早点进去啊。」<01>,[],layout_only,3b94f90e908702683f8cfdbd34a680204e0bb8f1220c87f87aff7882f72f7a8b,f07cf1359e8965834699af63848f86ec8b4d634146f87ed26ec3aa2a80fa21a1
pm:vm:photonmelodies11.rio.003:2092185664:00080816:00484,cvm,【悠阳】「好的，谢谢您。」<01>,[],layout_only,0b70f86a50daed739ac4e67e8b371152e9c4957559200158172587c889ac1421,20a1464bdf4acb7e4eef654471a13125c8ef5e81e4cb1e1bc4a46495cddb982d
pm:vm:photonmelodies11.rio.003:2092185664:00080872:00485,cvm,【纯夏】「小武——！！」<01>,[],layout_only,908bbe045c7ce9469c48c08fefde06146c493e14a29ee430c3bf45bb65854d3b,127013efabfe5712e091d30e1e8f311b8cfe01a800ca7055ae7791a724a6809f
pm:vm:photonmelodies11.rio.003:2092185664:00081052:00486,cvm,【武】「好！我马上过去～～～～！！」<01>,[],layout_only,e105c3a0eed54c740cca0cc0153340fa029af5b1e3c5a2096c9f1f9dfdc7dc22,1d68d27bc90978fe2b242afabec8b6179a44a5774ac93509a59b1d6cc1f8e798
pm:vm:photonmelodies11.rio.003:2092185664:00081096:00487,cvm,真是的，那家伙是小孩子吗！！<01>,[],layout_only,1bed620db4f98e483e2a952e2a99a59d88004b241c82d7137b8e5681e049edff,6b01bd144fc0452b973653a150831f13e4a652076f1a9cb4b702fbd30c72cf61
pm:vm:photonmelodies11.rio.003:2092185664:00081348:00488,cvm,……老师啊，这真的是幸运护身符吗？<01>,[],layout_only,4a038191ed63173760492f43af2d72460c62b66aa7c04287856be626bffb78d1,b64eff784b0079732ffd702069e2ec7180f168332a84f0a7136c47a91c6054d7
pm:vm:photonmelodies11.rio.003:2092185664:00081392:00489,cvm,多亏了这玩意儿，刚才那么好的气氛全被搅黄了。<01>,[],layout_only,7b30471152ed056be71a56d842b28a33919b347c75c585d715ee9b2302bb3772,b116ab535cee3be2c4ce365a930a92bba8b31e2571888f7443562484c9689e44
pm:vm:photonmelodies11.rio.003:2092185664:00081436:00490,cvm,呜……不过，刚才真是吓死我了……。<01>,[],layout_only,ce6446b79017a0499eb219892bd2fc47a27fd179dcc5ba47aa0d27cc83cbeb37,be015ebff7d248bc9cec656794829d26f441171379a366dc5b2d078d62dd7c0a
pm:vm:photonmelodies11.rio.003:2092185664:00081480:00491,cvm,以后，绝对不要再惹悠阳生气！！<01>,[],layout_only,4b06af48cfb5899fd14740ab306aa0e6cc6b7fec8648d0431ddea50997cef7da,219c744bd07954269c85c124565df93fa61c50aa277346c7f89a0f77d9255c89
pm:vm:photonmelodies11.rio.003:2092185664:00081552:00492,cvm,要是她真的发火，大概……不，肯定会让日本……<0A>世界？不，让整个地球都陷入危机。<01>,[],layout_only,1a93c7870d870c0b77a5dd6f59421d2a10be5ffc78aa2cf682542cdc9d9f6f31,c37ab94361a72e120cb830510d5b8d3db5303475f1b1d5c01d9bb7e415fbb7de
pm:vm:photonmelodies11.rio.003:2092185664:00081920:00493,cvm,【悠阳】「……真耶小姐。」<01>,[],layout_only,dc5c645f02ca795dc67f38111f54811e145be4b8bd9f1d91f136f539d35c2714,6ba586c827a343a756ad1eab8510848d82d20732c613fe8d06b392b74f5ccaaf
pm:vm:photonmelodies11.rio.003:2092185664:00082240:00494,cvm,【真耶】「——是！属下在。」<01>,[],layout_only,43d497fedb3f6dfdfe43ea3f7bcb80776552dca706cf4e032acfa308615320a2,dee2e6e63ed51d62d549433c569de3923857a4539911d741278c1a05825df27d
pm:vm:photonmelodies11.rio.003:2092185664:00082320:00495,cvm,【悠阳】「你都看见了吧？」<01>,[],layout_only,a3748319d94360c0cb25db2642ae9194990fb13782d9f32b16a647fa2f8d8181,05388bae498963b55e2951be40f1f7db734faf0a8aae65886e4d1a34e53d2b27
pm:vm:photonmelodies11.rio.003:2092185664:00082376:00496,cvm,【真耶】「恕属下冒昧。」<01>,[],layout_only,e79f6b9fc4f25352014db2d4d9717bf851d260ad4c002fc3db3dc03b1256616f,f75f7bcb673948931f50ae694c84aa8d805f7d718b31dfa09fdce1a16db6fc5d
pm:vm:photonmelodies11.rio.003:2092185664:00082608:00497,cvm,【悠阳】「…………真是不解风情呢。」<01>,[],layout_only,31abd15a725ccea9f6625147fbc35af6eb1caaf94abac6ce8185fd9ce7466a4f,fec38bccc2185dbc4a34e8686658c387c2298ca0e952b3266813962a83dd17be
pm:vm:photonmelodies11.rio.003:2092185664:00082664:00498,cvm,【真耶】「职责所在，还请恕罪。」<01>,[],layout_only,d0dd78c99a7ddfba9dff7f0957b76741d1d9139dfe0b6a338237ac1689e14a88,ffe0f5e0e6294bb6f66641ae9f702434f3d811251d422804e7df2b30371f727f
pm:vm:photonmelodies11.rio.003:2092185664:00082896:00499,cvm,【悠阳】「那么，你也注意到了吧？」<01>,[],layout_only,3bb8f87b36c1ac18297d009e69d87d01564ee91ae3a588c25c0fe852106a2856,fa794519a76f0968679d155febfc011d92c32ba6b749122ef85c0eec03bdad86
pm:vm:photonmelodies11.rio.003:2092185664:00082952:00500,cvm,【真耶】「是。」<01>,[],layout_only,823f253c25b265a96cf49708eec3d84a1430656fcf5f9561ffc2423c2efdcb8e,5dfe3592fdeb8f6ca068e5907bc39e3b835c4c21000594717e6142050f1643cf
pm:vm:photonmelodies11.rio.003:2092185664:00083008:00501,cvm,【悠阳】「该如何处理才好……」<01>,[],layout_only,e09b60616bd84e1bf7c59d347cf778cf49e8ab2ffa49c1ffd5be6248e3b97ada,9d7978cb046e0684cbfda2d63f361841edc0806a993cbb6f4f1ee58c67267bdf
pm:vm:photonmelodies11.rio.003:2092185664:00083064:00502,cvm,【真耶】「属下明白，请交给我。」<01>,[],layout_only,e2e2b15f17fa2e294d87f654dd40d97616817a843cbf07425e1656a91fdc2159,02da54a60a1bb63aac0d436df4157f1bc4307d07c7a4f48d5738e60f5941a2b3
pm:vm:photonmelodies11.rio.003:2092185664:00083296:00503,cvm,【悠阳】「还请务必，不要伤到武先生的心，妥善处理此事。」<01>,[],layout_only,b742badf5758866584f937a2d7db0ac5615032f4b8d829fa8292be876f87ba04,c4c5c20924162a84676da82f5e7bcd356c3aee744d7ae5dede7eafe85bc93c71
pm:vm:photonmelodies11.rio.003:2092185664:00083352:00504,cvm,【真耶】「可是……若要如此处理，恐怕会需要一些时间……」<01>,[],layout_only,e4d15b627b376c13147112cf1a0ad22b1533b4c19c424125d8a727bd44c4776f,42b6283b9f5629bebe9e40ae58aabd772bbf08afa422b231feb937603244435f
pm:vm:photonmelodies11.rio.003:2092185664:00083584:00505,cvm,【悠阳】「无妨，此事，不可强行推进。不过……还请尽快。」<01>,[],layout_only,e6fe320abc1959c869d82bc909f2a4e39c5a8706b2b8c394c5ae960f67ddad0f,9bf3cf0e25fe9c8b2b0532cbe11db0d02f53f9b654d23a5c37410da4f401ffaa
pm:vm:photonmelodies11.rio.003:2092185664:00083640:00506,cvm,【真耶】「遵命。」<01>,[],layout_only,9d596e618b7877ddc28c23e3ad49e41afd442966d6bc9891598bde95124d970f,fd9e3490358e7788457f248ce5414f26ed8f3e00b504d83cd52afd8cd409c2e3
pm:vm:photonmelodies11.rio.003:2092185664:00084500:00507,cvm,——唉……。<01>,[],layout_only,d0d515edab6246b20e756b871f2cf430515d1bded3ce33769e9eab81727303a4,c26913ccf72ba735b37631b089fa8e851b1894a1a26db2abbc6ec404c77f2c9a
pm:vm:photonmelodies11.rio.003:2092185664:00084556:00508,cvm,幸运护身符，竟是如此讽刺……。<01>,[],layout_only,8e5bca1774862c14d68e8e7048c5a59c130662cd8b76dc0e2dff2d7a13179221,e0a7a0854b12277697a5787530dad7cdcef03675148d05b4756feac1ea8ff280
pm:vm:photonmelodies11.rio.003:2092185664:00084612:00509,cvm,明明好不容易有了那么好的气氛…………<01>,[],layout_only,f305c69d81bb9dd8a9d2c8320e21cb0b056b08066c0c02996e21034106b639b4,36d4617dfc119aa912e486c9ea1f26208817e9d67f6c8807966b54e8b68eac9e
pm:vm:photonmelodies11.rio.003:2092185664:00084964:00510,cvm,【武】「不了，我先回趟房间」<01>,[],layout_only,14989ca37273dd13a9801529319f76e13f6ead7c753f3863bf4f409775933cde,e820fd21ecbea2fd778d4a3817ebd2fd363ffa5e09f03df209565e2e9845c0ec
pm:vm:photonmelodies11.rio.003:2092185664:00085180:00511,cvm,【霞】「……这样啊」<01>,[],layout_only,b74c040bd29e461bdf97fc34224bcaa11cf29c174c6e431c7ce38a820f95e921,a6aef8e08b947fab40a62cdb0c3433a1fbfcda55476e2b4b2028bf63367aba7b
pm:vm:photonmelodies11.rio.003:2092185664:00085224:00512,cvm,【武】「说真的，我现在，<0A>光闻到这股甜腻味就感觉胃里的东西要涌上来了……」<01>,[],layout_only,998aa586ec39850f9527045b6607565a621bbe600a8887d1f2a8c7ee4c46d74a,3a840fa31655d5d35b0c6156cd6ab3c4f44b7fd40e15e152deb14f01aa3cf2d8
pm:vm:photonmelodies11.rio.003:2092185664:00085440:00513,cvm,【霞】「是吃太多了吗？」<01>,[],layout_only,0b1942a096c26f6db7dcd136d90c36e0e8f47bcf5d4f1489e5fab598f46a2c56,85fc60583fd69c22dfb80ddf9d2f48c8009bca893ba2f104ab9c00e13394b09a
pm:vm:photonmelodies11.rio.003:2092185664:00085484:00514,cvm,【武】「是啊……所以，趁那些家伙还围着蛋糕不放，<0A>我回房躺一会儿」<01>,[],layout_only,7b6610ec4989820f1b4867f8374cfc7028d64418fc275c450c5900ec49a5a87c,c3c782a644b17f4af65a1910c03fe4a4bc51c46bb20e2b44b85ec82ef234783f
pm:vm:photonmelodies11.rio.003:2092185664:00085700:00515,cvm,【霞】「请小心别胖成球。」<01>,[],layout_only,176b18d92b44f237c0594e9d2e2047e320a619665456f573c3d91a64452f2864,a84ef9ad2e15e993963e778fa63bcc774a55169e09cfe276634d744333a49638
pm:vm:photonmelodies11.rio.003:2092185664:00085744:00516,cvm,【武】「好啦，我知道！那我走了」<01>,[],layout_only,4a285b039de94eafdbe12fb71672fe0065a08b7632a3a01410f46108086768e1,c3fd4830c17b5eb6cf88b29b933149972fb428c446eb28782d41d4e42e857bc5
pm:vm:photonmelodies11.rio.003:2092185664:00085800:00517,cvm,【霞】「好的，慢走」<01>,[],layout_only,1bed125a542482a620daad759fade23b4704636472458bb4da420743f75fefb1,8a934ee96b6a4386cc122e54824389e8f649bda911215608658c229a155a6181
pm:vm:photonmelodies11.rio.003:2092185664:00086104:00518,cvm,那～么，说是冥夜往我房间这边来了……她会在房里吗？<01>,[],layout_only,6016c980992b24c3b9bbd36d1eed5d256eb824db89060dde9d93d26b9215e391,9c4b615861c3dae8a07d70f8bab8526eebb479c677e58bb38eab0a48f9b2e323
pm:vm:photonmelodies11.rio.003:2092185664:00086952:00519,cvm,【冥夜】「啊……武！」<01>,[],layout_only,2022c7cc8bae44bd22f8b95f582c21067109aaf2d06967fe1efe9c5654e0e60a,3b3d0d1fe3c8db02b4d4b4136418ba4c292d99a8ad21caaf3e09154559734f05
pm:vm:photonmelodies11.rio.003:2092185664:00087264:00520,cvm,【武】「哦，找到了找到了。你在这种地方干什么呢？」<01>,[],layout_only,b5396cc3f6287a79d2ec2093bdcc1376356ca11649ff1e24841da95e7774ca81,31de0b4dc9671c8b0c5dc84ea70a795af2252de631d420568c885f859057767a
pm:vm:photonmelodies11.rio.003:2092185664:00087520:00521,cvm,【冥夜】「嗯？不，只是想独自待一会儿……」<01>,[],layout_only,c7a9468bbfecfe0d9310f0734f5180ee346ec3ce1f6c534eeb6d4ae55ba3f622,e9a2030b893c286cdd05723afe6811c0fb05f5dc55802fdc99ae13082951ad63
pm:vm:photonmelodies11.rio.003:2092185664:00087564:00522,cvm,【武】「嘴上这么说，其实你是逃出来的吧？」<01>,[],layout_only,88cef4a1a99e05b0ffbed9badbf9744903d096f3e3735d2fad2a03c616116e8b,6820e9c74959db443964334c009b8be1351f06e4a265381266fe6853c8b5dd0c
pm:vm:photonmelodies11.rio.003:2092185664:00087796:00523,cvm,【冥夜】「逃？逃什么？」<01>,[],layout_only,b8af23d52665f8aa21e828bef3a28e7a110f91f4dac240a10927bda34074d04e,94d757bdc51166139bb07964bb6f845880389190aba25a6e07202f692009c7fa
pm:vm:photonmelodies11.rio.003:2092185664:00087840:00524,cvm,【武】「蛋糕啊，蛋糕。<0A>真搞不懂大家怎么还能一口接一口地吃下那么多。」<01>,[],layout_only,ff315a62001a3d3971185400d8c32dec3462196977a99aaf470bc493bcab7307,428514d57ea4340af9e85b7367dee98f6d039dc7655f0f2a64b4b9099b0ca089
pm:vm:photonmelodies11.rio.003:2092185664:00087884:00525,cvm,恐怕，生物除了草食、肉食、杂食以外，<0A>肯定还存在一种蛋糕食性。那些家伙就是这一类！<01>,[],layout_only,059fb94dab6b14776130f6d144accbfa8f2baadc70ad49100e4227352dbf7fd3,d014640fa5d9802622317bf8c82d9cfd8d63526770f09ad4b0a4d4b2a78f3513
pm:vm:photonmelodies11.rio.003:2092185664:00088116:00526,cvm,【冥夜】「啊……原来如此，确实……你说得对，我也已经吃够了」<01>,[],layout_only,32f8f414f02f8917ef1c8092bec9c1fb8f3c984470c3134a0a024e7eb9c81e41,edc4551f12533d1e1a17dbc7046e5f9f2b879da9e3ee45b4564e8d10415311ff
pm:vm:photonmelodies11.rio.003:2092185664:00088160:00527,cvm,【武】「我也是。所以才逃出来了……」<01>,[],layout_only,1b8d8ebcf3bd7b2eaeb990c4cf34dd062355282e1f595fd2552d72cea89ce05b,81db901d9e430d980b5952e4bd3413c788f2cc7fb16218d7275171827274976a
pm:vm:photonmelodies11.rio.003:2092185664:00088392:00528,cvm,【冥夜】「这样啊……」<01>,[],layout_only,0fd4791bddb8086ff9b2ba02d539766766bab089a255c1aa36e9985cb489f4cb,00dd71e0d7b9cc0eaa8eb791bff4dbcabe8f060c407ace550aebb757a4f2ed8a
pm:vm:photonmelodies11.rio.003:2092185664:00088436:00529,cvm,【武】「不过冥夜，你怎么偏偏逃到这里来了？<0A>这边应该还有景色更好的地方吧。」<01>,[],layout_only,fa96d6212b99140e6f52efeed2bb18aa77ca2381c30931ac9b6b2f3eac234e1d,43cdeb211ad491bd2223766d997884aebe0d90c5c1e904bbf18fbbf8f4064207
pm:vm:photonmelodies11.rio.003:2092185664:00088480:00530,cvm,我到现在也不知道那座宅邸究竟有多少房间，<0A>反正绝不只是两层楼那么简单。<01>,[],layout_only,e30689f32946ce8b0dd08b4a375468638cda09a5b6aa9edff6e95e3fcef06af3,611b7cf9951495817366827a987e3f537748a29e966d4fcd5353b2f4dd7caf8e
pm:vm:photonmelodies11.rio.003:2092185664:00088524:00531,cvm,这附近，周围已经完全没有别的人家了，<0A>按说夜景和星空应该都挺好看的才对。<01>,[],layout_only,5382945169a70503875486249e06fbd6c27ae021dcfe9590a6aee552b3b151b5,f308bbe7e9b5941fc4502491abb774d5ec1d51d481c4b41a117feb5678008496
pm:vm:photonmelodies11.rio.003:2092185664:00088756:00532,cvm,【冥夜】「……不知为何，待在这里就能让我安心」<01>,[],layout_only,24c32a91eb7e2496ccf26062217c7ec7ab75b30fb3aee2f083d5c8d2df4ee3be,ceb594384515b1eca09c1dcac54b745d4c71fd121c10ed86612323aeb556033b
pm:vm:photonmelodies11.rio.003:2092185664:00088800:00533,cvm,【武】「少来啦。这么乱的房间也能让你安心？而且还这么挤——」<01>,[],layout_only,fa89677be160abedd73937c2810c88fb71ec35684a5c15dc9bd2109e838b858c,489d7ff6876e9e72c8833b635da5435d37be83f7391294eef7870a5ebece404f
pm:vm:photonmelodies11.rio.003:2092185664:00089032:00534,cvm,【冥夜】「来到这里两个月……<0A>或许我也已经有了些所谓的平民生活习惯吧。」<01>,[],layout_only,9ea16fb430ea56726bec897f340f0c0cf1dae93d6a88cebc8cbbcb231160efd0,94d536c768de530531ce9397997e7e3f041a26b823b126b127c7b94b9b4be2bf
pm:vm:photonmelodies11.rio.003:2092185664:00089076:00535,cvm,【武】「…………原来如此，要是这么说倒也不是不能理解」<01>,[],layout_only,7227bfc0ef1bf941b7244c5ba474d52f8647a8e5e6195918c45f4f5de8851a75,b1d729b0d52578f4c9b3de8ad4e961e825c67eaaf1322850e43511c44ae110ed
pm:vm:photonmelodies11.rio.003:2092185664:00089692:00536,cvm,【冥夜】「况且这里，是你的房间。<0A>仅凭这一点，对我而言便足以成为安心的理由」<01>,[],layout_only,a218a94c5724a814f52eb9bfcaff439ce3ca0f1a4a9de07205ea37c80885909d,0effae5b65bc010cc6d2c68f0c13e826f6974a8a9c68a6205938ee5be7d9f17e
pm:vm:photonmelodies11.rio.003:2092185664:00089736:00537,cvm,…………。<01>,[],layout_only,efa30788584cfea7ade60ccc37d7fc6cda943e64935eb133252c341159e58e05,0b3d7aae4004dc9b91522cf9245f879b48b6a3b3d3c28ecbba043ba8207a6df9
pm:vm:photonmelodies11.rio.003:2092185664:00089916:00538,cvm,啊～～，被她这么直白地说出来，我都不知道该怎么回答了。<01>,[],layout_only,1b87602655360762e220c82a149c7be5e6d6e0e30af0ca7a04907c7074f2392f,49bd2d7c2a88539ef15e2bbc08fe773f70b388f26362613207a03033dbfdae35
pm:vm:photonmelodies11.rio.003:2092185664:00089960:00539,cvm,……可是，就这样逃避、不肯认真想清楚，总觉得有点不厚道。<01>,[],layout_only,2d984ec1f89ce753a093c46ea884689f1a24acc20993c003b34f0248c1643988,ce762c13dd043b12b6ce62e707c43dc158c8e92819bfdc23260c991db1d27b07
pm:vm:photonmelodies11.rio.003:2092185664:00090192:00540,cvm,【冥夜】「话说回来——」<0A>【武】「先、先不说这个——」<01>,[],layout_only,ae9d2cedc3628e8e4c1d193f307a91b590f1acdee05d085cafe5c010cf06a635,2519df82c5dcc34681c675a52d0b403f3c2d4fc622e3c3b96c8a135e72136a4c
pm:vm:photonmelodies11.rio.003:2092185664:00090424:00541,cvm,【冥夜】「啊，不，抱歉，怎么了？武」<01>,[],layout_only,d76d2457c01426c0d94f28142691dbe7fa6f0de80e74d6093fac98a5d6d67d12,ea55a8fba4f78d4a8fde2feca602378ee1df8ab4e36212e83acf89435451033a
pm:vm:photonmelodies11.rio.003:2092185664:00090468:00542,cvm,【武】「啊，嗯……其实，我有样东西想交给你……」<01>,[],layout_only,fa75e8dda5bf476d4ecefc7db77f1a81c7ef9e49111ef9198d8759e067b2932b,7cf9b7acb92b75a16f4f1bd515c4904bf691841c0957ec2265a59c6efdab4da7
pm:vm:photonmelodies11.rio.003:2092185664:00090700:00543,cvm,【冥夜】「给我？」<01>,[],layout_only,ad00c39d1f876c8d7100c431050e70ea984c59fa0cb6ae8caf4dbe4c95b22227,800dad7f26d75262e31f118f16d3d96314bb141296662ff6da5ad508cec38578
pm:vm:photonmelodies11.rio.003:2092185664:00090744:00544,cvm,【武】「那个…………就是这个」<01>,[],layout_only,075ea88d24c558ad255afcb9aa45170cbef3ce612fcf0701a4a8ce4504776267,b84ce4b6d46f71c2a275b4dc2212da4128bd92f1d4d5383c00fd0d65c1cb54ee
pm:vm:photonmelodies11.rio.003:2092185664:00091328:00545,cvm,【冥夜】「这个袋子是？」<01>,[],layout_only,2a30e4f06384203ae268634ddbc954a1df6f75fe10a7f4cf6714c5453427ec92,4d68dbe2709f6cff362a9adadcbe313db8fdc3a744e938589d867909e17cba48
pm:vm:photonmelodies11.rio.003:2092185664:00091372:00546,cvm,【武】「生日礼物」<01>,[],layout_only,b46667b4db8155aae4f622f00324783b96b7f9b7937a6ac6854d3c0b363c5814,6cf960b47d10ce745bd33da7aeddc8f626d82452f76a5f5916997d84ee509759
pm:vm:photonmelodies11.rio.003:2092185664:00091604:00547,cvm,【冥夜】「咦……？」<01>,[],layout_only,fdc00d0845576e4668e78eaef589b4093b85716f545d0e57c95f058aca5b1f2a,28a9c7ed6637a4159673486abd2b61ae8393b9ee53c8b5ad8a33e185028c2a5b
pm:vm:photonmelodies11.rio.003:2092185664:00091648:00548,cvm,【武】「刚才你也看到了，我们三个一直在一起收礼物……<0A>我没找到机会交给你……拿着」<01>,[],layout_only,d9ec3708bcaaf625edaf359e3abac261b304d141407374f648c4149deda96cf8,f5c01e6a8f9d8b0c92eeda4979b5b5562aaef323f8298b2ff4d9b5ff16d3db5a
pm:vm:photonmelodies11.rio.003:2092185664:00092000:00549,cvm,【冥夜】「可、可是这……！？」<01>,[],layout_only,f9cf8d05011122d099b73ac29e822c10884cc6815de1dde12bcf84ec30e95585,3b36909c3099a1a74750ad191f5ec0bc00a7f5606a7b1738d060d30769bf9522
pm:vm:photonmelodies11.rio.003:2092185664:00092044:00550,cvm,【武】「哦，别对里面的东西抱太大期待哦？<0A>说白了，装的东西挺一般的」<01>,[],layout_only,6be81035a48c6c6b89ebd22127f5677db540d417078f03b69594c9f85a23a41f,e144a523b76af5467d9537510fbac1faec3dd685af5dbb15c5459ef647164552
pm:vm:photonmelodies11.rio.003:2092185664:00092260:00551,cvm,【冥夜】「我、我可以打开吗？！」<01>,[],layout_only,8b99173478435bed313369d2e39a7f81400cf691f1ba84ac2926b108feec04fa,ea1d15f2b3600c3772d78f5ebceac6cc1b740e33a366af2ca7dafacc39ea17a1
pm:vm:photonmelodies11.rio.003:2092185664:00092304:00552,cvm,【武】「嗯，当然」<01>,[],layout_only,3fe4fa72b50077df4d8f63bee90f62129c4621fb8f81af03a7ac75f78a1bb0b7,a9b5d7e494016e063dc01950c30b5e45396285edb5e08e52b4a6ef9454f1568b
pm:vm:photonmelodies11.rio.003:2092185664:00092920:00553,cvm,【冥夜】「…………」<01>,[],layout_only,7c1e1bdb272bdd5e2617c3dc3a238302cb60ccfea882e70ee6f2fd76ae246e47,336d0bb131053d6dee29f2ddc9129d555a61d3390d67cdc3ac8db250f7905f8e
pm:vm:photonmelodies11.rio.003:2092185664:00092964:00554,cvm,【武】「那个……其实……说真的，<0A>我也不太清楚送什么才好……」<01>,[],layout_only,824022ea00b30efb486f4b08a5839ff077e64dd5182c55976e86f1398dee62d2,533c1a50b36cd9ced8924ffacc096015e4f394e405ae8f1f0296b0eee4ed4ba2
pm:vm:photonmelodies11.rio.003:2092185664:00093008:00555,cvm,【冥夜】「…………」<01>,[],layout_only,7c1e1bdb272bdd5e2617c3dc3a238302cb60ccfea882e70ee6f2fd76ae246e47,336d0bb131053d6dee29f2ddc9129d555a61d3390d67cdc3ac8db250f7905f8e
pm:vm:photonmelodies11.rio.003:2092185664:00093052:00556,cvm,【武】「你和悠阳不是都有手机吗？所以，我就在想，<0A>你要是愿意的话，可以挂在上面～什么的。」<01>,[],layout_only,6272769aa75b1733e7fe1b5914095678c552303b025e0e375e8f0686246e01cd,64d2a8482f506d28feff1d7dd9a3d707bd91ebb8a3437730e639f582004350bb
pm:vm:photonmelodies11.rio.003:2092185664:00093096:00557,cvm,【冥夜】「…………」<01>,[],layout_only,7c1e1bdb272bdd5e2617c3dc3a238302cb60ccfea882e70ee6f2fd76ae246e47,336d0bb131053d6dee29f2ddc9129d555a61d3390d67cdc3ac8db250f7905f8e
pm:vm:photonmelodies11.rio.003:2092185664:00093140:00558,cvm,【武】「……你看？我说过吧，挺一般的。<0A>怎么看做工都很粗糙，又是便宜货……」<01>,[],layout_only,7afb942f6b5f9e85e7081bd22a34bd47e6adf2485a273e3a83c2c7f204707b87,f151c65f48d0a535a76ef2eaa28c62ae9099bb598df7d882f36a6edceda80932
pm:vm:photonmelodies11.rio.003:2092185664:00093344:00559,cvm,【冥夜】「…………」<01>,[],layout_only,7c1e1bdb272bdd5e2617c3dc3a238302cb60ccfea882e70ee6f2fd76ae246e47,336d0bb131053d6dee29f2ddc9129d555a61d3390d67cdc3ac8db250f7905f8e
pm:vm:photonmelodies11.rio.003:2092185664:00093388:00560,cvm,【武】「这、这样啊……也是啊……哈哈……<0A>这种东西，你怎么可能喜欢呢…………抱歉」<01>,[],layout_only,e2eac87e5f8da9ca57c814a3dd2b664eb4417f6dc39af783d2d17ff83e6d6f27,190c3725d0821c177880eab5fc7783405e7a9db8ab7d7b6ac5eaffef06b68192
pm:vm:photonmelodies11.rio.003:2092185664:00093604:00561,cvm,【冥夜】「我、我……」<01>,[],layout_only,d53f751d2f52038c5a7449efcd52c029ea804226e39a20d0213d9d25f53258a2,f80327f5f147bb4a7b28eb607a5112510f04a0be342e9ae2959acbf006bc8e69
pm:vm:photonmelodies11.rio.003:2092185664:00093648:00562,cvm,【武】「咦？」<01>,[],layout_only,77e63d069d95aabd948bf49f0d1875e61a92335dbc417006761d81674ec8c185,b55249e3c0ee06935938d08a2f8a65d886e446dd4c309f96d3566d3e47b2f343
pm:vm:photonmelodies11.rio.003:2092185664:00093880:00563,cvm,【冥夜】「我……该怎么办才好？」<01>,[],layout_only,3e4762b707a15de7aca31f000f4942ea20a07c9bee7ab44129ac669b7d5983b9,175e9b14dbfa912da94146263cafbaf57a18351cfd1e98a6e862cbfbd7e25baa
pm:vm:photonmelodies11.rio.003:2092185664:00093924:00564,cvm,【武】「怎么办……是指……」<01>,[],layout_only,af00ea48ff6beeaa5eac05e0769c32f033f3b355a58b6c148d80f11326878a04,35b2b114c415a7bd87294c0b9c1ca3e76d8932d6a1ff63b117c068fd3ec5a0ff
pm:vm:photonmelodies11.rio.003:2092185664:00094156:00565,cvm,【冥夜】「从你手中……收到这样的礼物………………<0A>竟会让我……如此喜悦……」<01>,[],layout_only,4d7652099caa163cf293335e0ad49e5573a453ba60a683ac1273f7d3e960cdf1,a35622ca4c96d74a72d194217480645f5be9cf39af8d6d0c6c69be9334b7baaf
pm:vm:photonmelodies11.rio.003:2092185664:00094200:00566,cvm,【武】「冥夜……」<01>,[],layout_only,e7988ccc6de744a562a98f91912b28810448136bc19cb598d5f535c9802b3951,6c3d173c772d76e5017a3391ca592fa5509f463bc71f9ec4f0a9be669ee7b836
pm:vm:photonmelodies11.rio.003:2092185664:00094416:00567,cvm,【冥夜】「我真的可以收下吗！？」<01>,[],layout_only,64b06a2282d3c6b3de07d54ab8931a9e8a0295c2fed4dc66ca121e4c32187cd6,4fe1150e42752d9fbc5f5852192e39ceea8e0e29b4252fe1449e235b33a23b9e
pm:vm:photonmelodies11.rio.003:2092185664:00094460:00568,cvm,【武】「咦？那、那当然……」<01>,[],layout_only,440514f1395b15851ac0460090cd6630142718e190ac933e6bb0427a98931c2d,157d18084588819fa2df8f97f28ef98b779503cdb414a8b6f97f70692f90bcd5
pm:vm:photonmelodies11.rio.003:2092185664:00094676:00569,cvm,【冥夜】「就算你叫我还，我也不会还了哦？<0A>要、要反悔现在可是最后机会！？<0A>真的可以吗！？真的可以吗！？」<01>,[],layout_only,8c480386e0b40ecc7232accfa8c46cbfbeea8dd31062a8c41c384d988f09768f,dc55beb065d46bfe55f9264e4b4418974fb14899ce22640f40b43f0fb483ebb3
pm:vm:photonmelodies11.rio.003:2092185664:00094720:00570,cvm,【武】「喂喂！再攥那么紧，会被你捏碎的！」<01>,[],layout_only,9ad2fde4afcf7fb62d1a4894d5541101648fb17ccb16943c7147b77d989e1887,02a4f3e179ee0836b7ae212e197c5956fc16e84a1000b3cea6ec50e7de652941
pm:vm:photonmelodies11.rio.003:2092185664:00094936:00571,cvm,【冥夜】「什么！糟了！」<01>,[],layout_only,c9af14e2f5120d1472b1edd0f072f192002172aa587445620372511a0847a53a,f2f7e916e3ad9628a4139a23697fcb1126ed93aefb4f6ad768cee5175e99030a
pm:vm:photonmelodies11.rio.003:2092185664:00094980:00572,cvm,【武】「开玩笑的」<01>,[],layout_only,95ad3d2c54fdbc26df1d1e6c0b1794b9cc56832ad74c195a87d573e2469cbcec,16a83721a2bc4d3b0c9cc8d7939dd9eb69915f27aba2df4e3e49ec451127e3cd
pm:vm:photonmelodies11.rio.003:2092185664:00095196:00573,cvm,【冥夜】「玩笑……？」<01>,[],layout_only,47ef3c7c74a397571879d04b77ffd79f6633ded01de2ff43b48b841be2933a26,18db893d80bdc4f641a0c57beea610e325139b46a243791b6ee9d45c9ab71ac7
pm:vm:photonmelodies11.rio.003:2092185664:00095240:00574,cvm,【武】「哈哈……抱歉抱歉。<0A>不嫌弃这种东西的话就收下吧……它已经是你的了」<01>,[],layout_only,a05db7c29dd56be94c857974b9096ff46ae2468dd2f1503bc57a29828768d774,4d694b08ef846f744284a72d6c11db1c96299c0497a88ebe8b4b44d3c9ccc432
pm:vm:photonmelodies11.rio.003:2092185664:00095456:00575,cvm,【冥夜】「武……」<01>,[],layout_only,a5f9d5d7bb7b9285f16dbb5c5136e74ce0637cd202eac68459fb77d565338d3d,a079b4b01a6d63f18fc849ee0395d4dea699a8cecca15dcb4f365460ec8f1516
pm:vm:photonmelodies11.rio.003:2092185664:00095500:00576,cvm,【武】「嗯……」<01>,[],layout_only,d4de93fabe8c109cfc1ca7623627891b70ebc2a041f7d214a08c027e515763d3,845a6af5ecc3a3a0a672c9c128b0a9f968925ef4e4bb0ae4e45643a6acb8acd4
pm:vm:photonmelodies11.rio.003:2092185664:00095716:00577,cvm,【冥夜】「…………」<01>,[],layout_only,7c1e1bdb272bdd5e2617c3dc3a238302cb60ccfea882e70ee6f2fd76ae246e47,336d0bb131053d6dee29f2ddc9129d555a61d3390d67cdc3ac8db250f7905f8e
pm:vm:photonmelodies11.rio.003:2092185664:00095832:00578,cvm,【武】「……！？」<01>,[],layout_only,e3f3a48372f1224412dd649a88903da3693acbdba9e77e1559069cf2599caee8,e7f1d18cc96e1e2be6e67937b636e86cfc7f9686419ebb96421227fbad3bbc1a
pm:vm:photonmelodies11.rio.003:2092185664:00095876:00579,cvm,冥、冥夜她……竟然也会露出这样的表情！？<01>,[],layout_only,60937f78f8b2ea25e64ddb7bfdce642c3262ec69ef97124b7885934063006cd4,3b57c5759361589fd9baf54ae50de8aea6c37cc821599f20667f16cc49fdc00b
pm:vm:photonmelodies11.rio.003:2092185664:00096092:00580,cvm,【冥夜】「这是我一生的珍宝……」<01>,[],layout_only,a3c8d058c7b427d41a7fdbb0215f83ee16eb430e6c047c622f00915843e3ebc3,1d1764270473e85f58b70ddc2a874e3dd623ea22f4ddb0ee1448bb6441e5d3a2
pm:vm:photonmelodies11.rio.003:2092185664:00096136:00581,cvm,【武】「没、没那么夸张吧」<01>,[],layout_only,23e0a472bfae069fa9bb0f142527639da7477099ea21ec3af62809a4ab06fb79,158c305d51a551b236a2b2beb0ced4ca6876fbf9554d57d338e37246b0a49d24
pm:vm:photonmelodies11.rio.003:2092185664:00096216:00582,cvm,【冥夜】「……我何曾收到过比这更有价值的礼物……<0A>我……是何等幸福之人……」<01>,[],layout_only,119bc8b8725cd32b67bf6e77c422b3b52e92d46739c98506a0d9393099220dbb,faa1bab614af774d303cceaf867bb926b69e58cf71fd3a893d5fbcfdaa61a9b7
pm:vm:photonmelodies11.rio.003:2092185664:00096332:00583,cvm,【武】「…………」<01>,[],layout_only,770975bc8d76964cd0683d1a3ba2ec947971272f34819d29aa5c66d3964a88d7,6a17c608647a040376434d02fd50f1e4124a141fe417bdc98ba4d3f27bdee35c
pm:vm:photonmelodies11.rio.003:2092185664:00096388:00584,cvm,【冥夜】「无论发生什么……我都绝对……不会放开它」<01>,[],layout_only,c4d64dd8366d381fbc14c94a22fe78f59020882c185bd91dade4b114899cc9ed,1ea83165badd18a0fb1865652356d8b68f573f6f125fdc1de16f9444623ed4a7
pm:vm:photonmelodies11.rio.003:2092185664:00096432:00585,cvm,【武】「这、这样啊……。总觉得……<0A>早知道你会这么高兴，我该买件更像样的东西」<01>,[],layout_only,fee15be79ba2490ffe77f17977173c2af5c1b7bed633be7701facf8651746872,1c3a301aa9b1e50aee46bbc47fe7303bc53484606f26db779ac4f5c879eecf24
pm:vm:photonmelodies11.rio.003:2092185664:00096660:00586,cvm,虽然我确实已经做到极限了……但早知道就该再多努力一点……。<01>,[],layout_only,20173acafefdec13232959d52b3387773258d12ab402d3a23ba03a0dfea440a1,b331dd4137d4d1e42eeca2d616c72bb703d0e41d182b20168408c534c672e797
pm:vm:photonmelodies11.rio.003:2092185664:00096704:00587,cvm,我付出的这点努力，还远远不值得冥夜为此高兴成这样……。<01>,[],layout_only,3bdc1e67b1a6de79bab420cf4d51d2ae587a9aeb9395ed1cb84567e289fa639c,216131d66d29c25977cbe1fb5e20436a174410a96be76201a74780a51546e514
pm:vm:photonmelodies11.rio.003:2092185664:00096920:00588,cvm,【冥夜】「绝非如此。物品的价值，应由最终得到它的人决定。<0A>对我而言，这是全世界最珍贵的东西……」<01>,[],layout_only,7eb826cbace514fa7ecc399ee5ff2bc33e967f80b52c994775164e22ae299dff,66e4f06218a61d6d4145b574175385422c74ffdfa3105cc36b90df45d3a430be
pm:vm:photonmelodies11.rio.003:2092185664:00096964:00589,cvm,【武】「…………」<01>,[],layout_only,770975bc8d76964cd0683d1a3ba2ec947971272f34819d29aa5c66d3964a88d7,6a17c608647a040376434d02fd50f1e4124a141fe417bdc98ba4d3f27bdee35c
pm:vm:photonmelodies11.rio.003:2092185664:00097180:00590,cvm,【冥夜】「衷心感谢你……真的……。<0A>我现在就把它挂上去，可以吗？」<01>,[],layout_only,71ea95e4ccb527936e50aa35ead6c6d95479c15796b6fecde3b57e8e24571220,b6a7de396e45eb19d79fb5d45e82edf775601693275d873e26138c8aa4ba8f16
pm:vm:photonmelodies11.rio.003:2092185664:00097224:00591,cvm,【武】「不是说了已经归你吗？你想怎么用都行啊。」<01>,[],layout_only,8f33fc954dcd243fca120c384e90e2961b467a9c3f1aa9755813b42072f6b4e5,ed8b6321904d374c8a44f2c8b7eabb4e1e8704d613b5600c28301e7a7c0f2841
pm:vm:photonmelodies11.rio.003:2092185664:00097440:00592,cvm,【冥夜】「是吗！那么……」<01>,[],layout_only,71f147a29a3ba40b68850113abe2c72d2bf8c9db0408c551cf4f57c4a7df8a48,783f0f38a50ce01f0248ca17a28fd57b823f76fa5a8c08c96d377c99b7a6b70d
pm:vm:photonmelodies11.rio.003:2092185664:00097876:00593,cvm,…………我或许还是第一次看到……<0A>冥夜在我面前兴奋得连心情都按捺不住。<01>,[],layout_only,ea354201c5c825470b47dbe50c848e4d7b676297ec1dab9cac02d5b4987e656a,8cf3905eaa29e6cb9604231e0f5fcec1c5092e74900671018173cb4f32728796
pm:vm:photonmelodies11.rio.003:2092185664:00097920:00594,cvm,没想到这份廉价礼物，<0A>竟然成了能让我看到冥夜全新一面的东西，真是完全出乎意料。<01>,[],layout_only,d3525a6d808382e9d3dd4f45f32fde91465204ace0806ad8112b746819eb018b,9fd8721d3d36ce0b20daf3fae44950d170c70c8fa57d6f6d1eab86619b6c38b8
pm:vm:photonmelodies11.rio.003:2092185664:00098152:00595,cvm,【冥夜】「话说回来，这头牛真可爱……它叫什么名字？」<01>,[],layout_only,0913dc0952ebce42b1efe4bd96341a7c8b21bb60db416bfca2316b2ac83a473a,2a6956f0abe583f26483f70eb78605118c8c2c3ae1d0eabb802ecce50c1d6a5b
pm:vm:photonmelodies11.rio.003:2092185664:00098196:00596,cvm,……牛？我还以为是狗或者熊呢……。<01>,[],layout_only,5ee866f815eb7a240c00fc3a7549d6cdf014815ebc41d30b92279585ec5e6a9f,14cfb704c61aff64fcacd930b3763d226fac7723bad2387c195d54cfab913c00
pm:vm:photonmelodies11.rio.003:2092185664:00098240:00597,cvm,【武】「名字嘛……或许是有，不过我不知道。<0A>你自己给它取一个怎么样？」<01>,[],layout_only,d01f759a05ce0a9cf881d5850ac8bd2ce8b135ab0ab6970acab2ddba40081a6c,2c5a1ba0dbc9f0a9acf200bf886489ad9cda1c15230f2d3ddf9f0019910898e5
pm:vm:photonmelodies11.rio.003:2092185664:00098472:00598,cvm,【冥夜】「这样啊，那就取名为『武』吧！」<01>,[],layout_only,c3956c5798b3631eb74477dab89eb17b34826a06471e671c4cafe131e9cbee01,aaacb27831d07b95e34252062be13345a0efe38daa9a7518f4dd0416d3de4a45
pm:vm:photonmelodies11.rio.003:2092185664:00098516:00599,cvm,【武】「喂喂，我有那么像这种可疑生物吗？」<01>,[],layout_only,ec225f872d3ba597b163b79b22d093fa4991b66aaff9193d7ac0ceac6eff1257,7017dc7a9eb8c6070a44ab3831a5c8b6d6bde7a097fd99f17e2fed8df0f9510e
pm:vm:photonmelodies11.rio.003:2092185664:00098748:00600,cvm,【冥夜】「哈哈哈……玩笑而已。这个世上不需要两个武。<0A>虽说不需要……但这张略显呆愣的脸，<0A>你不觉得和你有几分相似吗？」<01>,[],layout_only,3dfc8a660777b11af613ba2dedd49d865c8d021055127be5b12289473bef8c6b,d6ceb1b4b11cd7e202913f272645c6e08037f874ef1ca9f5739267cef35dda7d
pm:vm:photonmelodies11.rio.003:2092185664:00098792:00601,cvm,【武】「就算这种地方很像，我也不怎么高兴啊……」<01>,[],layout_only,679f7d83e2d2659a9558eacc14454ea0aaeb804307c051b12f5a3a3ba3c59dbb,ba0b88df38e7ed0b5e21a2ca6a21346b9139a7530e9e549fedb9c60c260ca83c
pm:vm:photonmelodies11.rio.003:2092185664:00099024:00602,cvm,【冥夜】「是吗……哈哈哈……或许是这样吧」<01>,[],layout_only,7f6dd1d66a0e56b81f8bb70e4748aa6c571d7ff3cd32e78af4e020d0f4580755,a9304821abf8570e41bbcf6d36cbfc0e384e7fb3583a66f7169476f92201f50a
pm:vm:photonmelodies11.rio.003:2092185664:00099068:00603,cvm,……她简直兴奋得不得了。该怎么说呢……你真的很纯真，<0A>纯真得过了头，让人觉得已经不只是惹人微笑…………<01>,[],layout_only,41c74dae19c8ab5de62e2e1403df8f4a76cade07bcc44344e12dcf040efde63d,fa21547c48eb2d8f0555f271b68148cd54b36e467ee3ad3b3c56803d6ef650d9
pm:vm:photonmelodies11.rio.003:2092185664:00099184:00604,cvm,甚至变成了………………惹、惹人怜爱？<01>,[],layout_only,4f6f61d90d29315cd9515ddf06628d280dfbc862c04ff01deaf17da1e04b5a6f,3c4aee86851a4acc9fdf2bd97b1678b6495866f824506db9712c4c8ecca4155c
pm:vm:photonmelodies11.rio.003:2092185664:00099324:00605,cvm,我、我到底在想什么啊，真是的。<01>,[],layout_only,1bf944a0d3f8a012ef594bd154fd3565539c1bef8da38d7cab969fb6f5128a5f,615cf9f9b63ce4f3b3a7288d938e63dcae9b4c64b4f0225de5223941ee773da0
pm:vm:photonmelodies11.rio.003:2092185664:00099540:00606,cvm,【冥夜】「对了，武，这个该挂在什么地方？」<01>,[],layout_only,c205f052537989b30a57fdcf3b92ac8cdcba372cdfc82585f7fd8baebfdd719e,e9860e9e6150adc1fc90d908978aefbb629b882c76bc23ae3aaf7ca4decd8720
pm:vm:photonmelodies11.rio.003:2092185664:00099680:00607,cvm,【武】「——咦？！」<01>,[],layout_only,a612d28a8146031504d756b3e5ce5bc0591ff0ab3f566bc1d0d01dbdcce002d1,db2c82b6583502f77a9a7bdadc5f578f973d168c2f829df83ce2436aedf8b1cf
pm:vm:photonmelodies11.rio.003:2092185664:00099760:00608,cvm,【冥夜】「我是说，这个挂件该——」<01>,[],layout_only,1b791d4a08130bbc09dfdf22d62b7c30664cc1db597bc8a5c646be2f2c642c3e,00104363f25dc292ef974e96094fa6116741eb6c6230cb4d3a9edc4a1b32db0d
pm:vm:photonmelodies11.rio.003:2092185664:00099940:00609,cvm,【武】「啊、哦！！我看看，<0A>手机背面附近应该有…………这是什么？」<01>,[],layout_only,86c9c05d9825b8353db17445827ce3e71b4e2bb34feb1d6ece0cdb232a90c424,5cfe218b59a86ff67b1ef1b7825fcffd5573a69a63704bdf0684ec6966712f50
pm:vm:photonmelodies11.rio.003:2092185664:00100144:00610,cvm,冥夜的手机……这个……<01>,[],layout_only,587ab6d8735e8cf25b39318267da6dd180b82e08f24dba11e5beb10a1c284780,038dd3c54efadeb437caffc93c4f9b0a7f100d930b01f6a702971063df61cd20
pm:vm:photonmelodies11.rio.003:2092185664:00100496:00611,cvm,【冥夜】「嗯？哦……这是以漆器工艺定制的。<0A>我非常喜欢它的质感」<01>,[],layout_only,6adc4fd40aa1e4048eb1feed7700ec2e60d30df783ef8c533bfb5527115bbdf7,e721ff4d98a9f704f8f3cd315bad7248d648d3e909f04013f58cc3563ad0164c
pm:vm:photonmelodies11.rio.003:2092185664:00100540:00612,cvm,太厉害了……原来手机本身才是艺术品啊。<01>,[],layout_only,b0e7ea2b4c319d6c8f272147e195b71ccfdfb8915a9857fd53690933a24ef1c5,ea8c899676c5169c3d6aa5f9163784fcdef2bd15ce12cc2654af3966c65502e7
pm:vm:photonmelodies11.rio.003:2092185664:00100584:00613,cvm,【武】「上面也没挂过挂件啊」<01>,[],layout_only,4836c94cb54845d44c5a8a3317f474cc0511ef9bd8bdb2e6a11ea0a2a48fde73,709f411eb22d7da0ee00bb6755453758b9d1e9ca9806c7f4ed0930d3ae77ad15
pm:vm:photonmelodies11.rio.003:2092185664:00100800:00614,cvm,【冥夜】「这是第一次，所以我十分期待！」<01>,[],layout_only,bcafb24d7450072c605d9d5ff1c6fb41fedb8b909add880879020783ddc7f568,76511d3d9cb19bfa10630322e5b3cc85efee27788e634e89a1d749cc2622955b
pm:vm:photonmelodies11.rio.003:2092185664:00100844:00615,cvm,算了……也没关系吧。<0A>不管怎么想，这个挂件跟这部手机都完全不搭。<01>,[],layout_only,0c38e6ef5a1ab06b642c42364f5538af6fc545a104eb7a17396195010355c70a,da15252a13dc2a33054462e648f11d0e4533829d7536ce7585d90bf6f8e65d39
pm:vm:photonmelodies11.rio.003:2092185664:00100888:00616,cvm,或者说，总觉得应该向制作这部手机的工匠道歉……<0A>不过只要冥夜高兴，这样就好吧。<01>,[],layout_only,6ab1af592da7c96f709dc41f572f655b13292456938fbd5c4eb9c98353c3a68a,1463b9b9b21d77df4d7ae4a2496053933f6fc2fd5725617a6daf9b47665a11d3
pm:vm:photonmelodies11.rio.003:2092185664:00101104:00617,cvm,【冥夜】「那么，该挂在什么位置……」<01>,[],layout_only,9e944e7c4dc01d555d733155fe6d12d0abbf6c158bbbe0283ed3014d1b2137a4,20a17725aa23d02a9ff271499c81a8f2b025b5e9db2c27fac3a631e4f1715a6c
pm:vm:photonmelodies11.rio.003:2092185664:00101148:00618,cvm,【武】「哦……这部手机，还真有挂绳孔…………呢。<0A>还原度真高」<01>,[],layout_only,642a6b65763e200a27a6c3c70966ace083747f40132c46bfd7aac0456824cc07,8a5ad526e6f415d3b4941a2e5ccfb66fcbdd8838d5ffa3aeccbf153b0c6071fe
pm:vm:photonmelodies11.rio.003:2092185664:00101364:00619,cvm,【冥夜】「哦哦……把这根绳穿进那个孔里对吧？」<01>,[],layout_only,4a1d433ccc40f73d3f7b893cd21df905526b7d5ebefefbab0efb1bc119f9a0e1,611706e96b7fa9145b2d0254c6d8a5c45258875c8a728f9298dac2b270ed801d
pm:vm:photonmelodies11.rio.003:2092185664:00101408:00620,cvm,【武】「会弄吗？」<01>,[],layout_only,778c832373ffb16ee529b32c0dd022c77d8c44b7e7adf97ae2be088328a0d65c,ddcb9b66a86f6f191e65a2c74f2a594251e047f85755ab86c21325bbce06d5ff
pm:cstring:photonmelodies11.rio.003:2092185664:101479,cstring,《电台实况职业足球》,[],,5d749a295063c008da38804c0e0dc1e7ed474f3a6bb4c0578c5e64103063a62d,0e6e765510413bc34f16d7e3d7f0cbb3fc3a9dc43569e06d703a557672f13d31
pm:cstring:photonmelodies11.rio.003:2092185664:101598,cstring,《F－0.1》,[],,c1c0e07b462b393c4378c9992eef046efe9007f17467a674c8072a98ea36a408,7ef1464e240f4975466196fab159e820122108013e388edf3334427c1e9e9a47
pm:vm:photonmelodies11.rio.003:2092185664:00101624:00621,cvm,【冥夜】「嗯，没有问题…………好……怎么样！？」<01>,[],layout_only,3bfee14cf43fe907e3c394949103151ad09f7646c73349100d86a0a66fc77a45,8cc1abd609956c52f95dea61d00472cc5d33d8db10e6f391ef89d79120218878
pm:cstring:photonmelodies11.rio.003:2092185664:101663,cstring,《钻井先生2》,[],,3cbea10532f60344a7d625d9bfecb221825bf31fa40a5ec5cfde8e87a9ca492d,8bafe6b68f343cde31b7b0a2acd2cf5964c68d9d61855eb1083f38d6a3b7db0e
pm:cstring:photonmelodies11.rio.003:2092185664:101766,cstring,《能源小子·Game Guy》,[],,728f5b9b1393bfe47f1cedda99716fb8829b839836808ce174a9ae5c0eb22ea5,5510aa2a63db388ccd2e96680a023ec98e58d61a46ce5174ddec0d5bb706dedf
pm:vm:photonmelodies11.rio.003:2092185664:00101828:00622,cvm,【武】「嗯，搭出来的效果相当诡异。」<01>,[],layout_only,1f1afd4883844ca0689347a5d6ff88cd0c517fe28c1efa2be19d7d131dc96f8b,01f11c696321c25182e0fbcb2f3ca4202334f859e435696785d041464dc20d3c
pm:cstring:photonmelodies11.rio.003:2092185664:101915,cstring,《百分裁判》,[],,4d83ebc085f240f97bba7040a8cf82822100c31b539851922e977fa03ffd8916,e423f112d691a16714a274fddc1155d62ce57ab6603c72f58c52d286d32faa67
pm:vm:photonmelodies11.rio.003:2092185664:00102060:00623,cvm,【冥夜】「呵呵呵……真不错！非常不错！我很喜欢！！」<01>,[],layout_only,75f5ca1cfff26c30f187bd5bdcff71d8819c406b81c09eaa4b9ba90bdfb38cee,9324bfe97ad1f75dac3fdcce95438dc173470f461e26c0e32214c65c2f52c024
pm:vm:photonmelodies11.rio.003:2092185664:00102104:00624,cvm,【武】「…………」<01>,[],layout_only,770975bc8d76964cd0683d1a3ba2ec947971272f34819d29aa5c66d3964a88d7,6a17c608647a040376434d02fd50f1e4124a141fe417bdc98ba4d3f27bdee35c
pm:vm:photonmelodies11.rio.003:2092185664:00102320:00625,cvm,【冥夜】「武……谢谢你…………衷心感谢你」<01>,[],layout_only,b124d71f2c491913abb5f1c8f36e22298990dd7fed536cfba871b07afe93e60d,e72ab866969e930fd62da800cc4afe90b6f689c4ce3b75c5af43708d458b4a70
pm:vm:photonmelodies11.rio.003:2092185664:00102364:00626,cvm,【武】「你的谢意我已经收得够多了。<0A>你能这么喜欢，我也真的很高兴」<01>,[],layout_only,15083c1beb57cfe3f2249815a5b5e4c8ebaa0f9e5a54820b093b56ce48110b01,fa1fcacbbe29a94767ae565b427fa927e8bdbdc9e00c7367075148241ded7acf
pm:vm:photonmelodies11.rio.003:2092185664:00102580:00627,cvm,【冥夜】「这、这样啊……」<01>,[],layout_only,620e9e46276e42118e241b256bd2e1d5f84cc99476cf139c7549247af9132b9f,386f82041b4c63c012aab03082fb659100bedf1bd170c48998e4dc5c5cf02063
pm:vm:photonmelodies11.rio.003:2092185664:00102624:00628,cvm,【武】「顺便说一句，这头牛分公母，你这只是公的。<0A>母的那只我打算送给悠阳」<01>,[],layout_only,41c10a500b950e5cdd0ead8d572e764fdf4f48e7a4a7f2a5a8c03e9db3eb2579,7b3d477549d1e5f78e6c9329defb3739380967d501b67dd48ff063c8a03f1e83
pm:vm:photonmelodies11.rio.003:2092185664:00102680:00629,cvm,【冥夜】「你还没有送给姐姐吗？」<01>,[],layout_only,b30c8de256d035708d9fef1c7870003cb79d275234a483fc6df4c19e64d90d1f,76d9eed5b1290ecd333ccd22c64b5bd8d54aa142a3ad2e0d0442fa9df1f95c7f
pm:vm:photonmelodies11.rio.003:2092185664:00102724:00630,cvm,【武】「嗯……我打算等下就去」<01>,[],layout_only,c6801943f23c287bb70aecc9ed571cbfa3ba2a782f6193fbf6bc4d105d7c38e9,c86641390469f8f3bbb824fde8fea723906d4cd5bbf6bac8b6a95cd5595aa647
pm:vm:photonmelodies11.rio.003:2092185664:00102940:00631,cvm,【冥夜】「这样啊」<01>,[],layout_only,87324c59e32d7756286c40815e3d6e2bf36b58078259483266dc564c2d1d5f63,00dd71e0d7b9cc0eaa8eb791bff4dbcabe8f060c407ace550aebb757a4f2ed8a
pm:vm:photonmelodies11.rio.003:2092185664:00102984:00632,cvm,【武】「不过，在那之前我要先躺一小会儿！」<01>,[],layout_only,141e88fc4187db11e45fd3ca9ab3d8f5c38bbc2bdad80b72d56aa786d4695094,feaaa8f68ce047a368a388878c58881a0d873171638e0903994be085c3e045c7
pm:vm:photonmelodies11.rio.003:2092185664:00103224:00633,cvm,【冥夜】「武」<01>,[],layout_only,33938ea87c4a5fada73fcf016391e9448b2898d0ae681680049894b59cc08850,9491d05b17749432b981e78b75e6e4836b0d6235bcc0f8b8b52b05552504ae28
pm:vm:photonmelodies11.rio.003:2092185664:00103268:00634,cvm,【武】「嗯？」<01>,[],layout_only,6f5168f44f03ec612149cedef5338508aa6a27acf347972463e8012d2f9d7f92,15724e6f770415469d24e77dff39459d6b7a628ff759680c2c41e12789eb1b10
pm:vm:photonmelodies11.rio.003:2092185664:00103484:00635,cvm,【冥夜】「其实，我也有样东西想送给武……」<01>,[],layout_only,8ebaed6d2df97b99d6a53cef2745bc95c46011a66362aa253db865d77dc292e0,0b38be558f221f29ecb052331da39e13851d4add2d5267b2e8344d7c8f322d48
pm:vm:photonmelodies11.rio.003:2092185664:00104084:00636,cvm,【悠阳】「……这样啊，武先生去了冥夜那里……」<01>,[],layout_only,2e19c40f48c5e8e789b2e716a785b693754a51f7360438711c47fc8db9940b4c,ffccb120f8fb1d474a53ca6a2e975bbf10dabda8109ece8ed53a264af4796452
pm:vm:photonmelodies11.rio.003:2092185664:00104140:00637,cvm,【声音】「是」<01>,[],layout_only,9c35732d0ab0c74138db86f5d7488f7c92f909a7db6cb1176eb1f374de0d1248,b1237e1515bd22ec2ba05bef6d3f161e4ec8ba642d32cd513d919a1a0669a3c3
pm:vm:photonmelodies11.rio.003:2092185664:00104448:00638,cvm,【悠阳】「既然能让天命站在自己这边，<0A>也是御剑之人应有的本领……<0A>那么这一回，算是冥夜胜出了吗……呵呵呵……」<01>,[],layout_only,1b41ed4c74744c9c54e7e4fe1f0732214bbc8a8f7adc5495741e1164299b7607,48f2894b97153c00f63f1c9d99b3f7ac4a35e515cba8a26ad9829a0e05a11891
pm:vm:photonmelodies11.rio.003:2092185664:00104504:00639,cvm,【声音】「悠阳大人……」<01>,[],layout_only,f427388ec8213724ce857d989e657d1a473a008a9ca5806ef8a725fd5e62106f,833bb38edb7ff071170e9a20bef536d44651fce00d0a5c223c1435f9a99ece0d
pm:vm:photonmelodies11.rio.003:2092185664:00104720:00640,cvm,【悠阳】「真耶小姐」<01>,[],layout_only,5aacd8de9a3e20102e8b0c49564d119b311bdf8878d68d39d98ee45eb0f0e720,a4e94d8ca6a5e6eb831d7667d32a44c7cf13815869e210562f58017bd35bfe62
pm:vm:photonmelodies11.rio.003:2092185664:00104776:00641,cvm,【真耶】「是！」<01>,[],layout_only,a506fd7795f3d43df7b6cb30a9925beb6d36c393b234f7f163b36bed8a3e7c9d,d9fffee9086d3bdc442bd63d531189ed1f8a6a1c37b08582a978030567c1ca41
pm:vm:photonmelodies11.rio.003:2092185664:00104992:00642,cvm,【悠阳】「这个盒子就交给你保管。之后便由你妥善安排。」<01>,[],layout_only,547033069e352fbda23bea39bb762f22e3a2ca9da1bda856543f2a4cbc325e1c,ccd860c2383e2b4a6467585050e4e2e4041b450cd91ff3b0c4fb0d649a7bf985
pm:vm:photonmelodies11.rio.003:2092185664:00105048:00643,cvm,【真耶】「遵命。请恕属下冒昧……」<01>,[],layout_only,3db736e4e84df0586520329176fd09b2fd97be77aa387dae157e5cc66eed2a0b,3b5960aeff2972d538a35d56bbe4ac6d7659deb8c86f86305e4c40b80a982e4e
pm:vm:photonmelodies11.rio.003:2092185664:00105264:00644,cvm,【悠阳】「什么事？」<01>,[],layout_only,ee6d537058bd3bdefa7fd0a617dd3c15750d72636539c94d17048f9b45c4c212,bd4abb9481e1c827a70140dea8d2d6b8787095840d73279504fb439944638b34
pm:vm:photonmelodies11.rio.003:2092185664:00105320:00645,cvm,【真耶】「还请您不要气馁……」<01>,[],layout_only,87e9249bddd809b6bb7c1ea3ef4cf9b7f92e3e0b6fc6dea13ed468d3e50135b9,4acb392ed3410be135e5b808dcf85c9b5dee9b7106d2c1e236d2f0887fc462f7
pm:vm:photonmelodies11.rio.003:2092185664:00105536:00646,cvm,【悠阳】「呵呵呵……不必担心，真耶小姐。<0A>御剑的字典里没有“放弃”二字……胜负还远未见分晓呢。」<01>,[],layout_only,9e417a31ef74f951a8b622938a6f682497193f0832fd54f529c396a291cb724d,d0832720eaea81297638d97af58d1015f34bc5f9503687ed6b477b4e3a70d419
pm:vm:photonmelodies11.rio.003:2092185664:00106128:00647,cvm,【武】「……这是什么？」<01>,[],layout_only,020411264ab3c0a309a913c114c40640200358c9758ca97713d68972facb5c68,a01648c0ac59213612393ae30621910225bd836c5e5b2f31c32b3a01067708d6
pm:vm:photonmelodies11.rio.003:2092185664:00106184:00648,cvm,【冥夜】「这是我送给你的生日礼物」<01>,[],layout_only,f20fb26090a4558b01560156087183f2811ba3c23c2e6a135155d2761c3b934a,a32f2b59da047b09b2cfd1e9f143735b69b9fd7fccd8dd5936b5adba92696fba
pm:vm:photonmelodies11.rio.003:2092185664:00106440:00649,cvm,【武】「咦？」<01>,[],layout_only,7bb590b7bc02a425d33c381a25be2d2a1413f618d71abbce65e4d5d610aa4a9d,b55249e3c0ee06935938d08a2f8a65d886e446dd4c309f96d3566d3e47b2f343
pm:vm:photonmelodies11.rio.003:2092185664:00106496:00650,cvm,【冥夜】「有何可惊讶的？<0A>今日也是你的生日，这不是理所当然的吗？」<01>,[],layout_only,0c4b5333346b2a827322be49c320506e708712179f1c916ddc962407482302c0,318fa403b24451b9e4225146544308cdb30a9d9cf615ce28a0066b404860afa2
pm:vm:photonmelodies11.rio.003:2092185664:00106540:00651,cvm,【武】「是、是这样没错……」<01>,[],layout_only,f8936f74d07d23a97c957e2cf3b8958bfddc889f84c72a8508c642efc814105d,f9e296576dd79a067c2091cf9110dd05c8381f4b3f1ef76f6742a31372c02003
pm:vm:photonmelodies11.rio.003:2092185664:00106584:00652,cvm,说得也是啊……。<01>,[],layout_only,495bca42bd480546a4807416766f933449e972cde31acd6124d6adde0e682764,9f0990c80a6ce547cba4fc9e479a260c327481f6b3ae91325a6f4691741a04fd
pm:vm:photonmelodies11.rio.003:2092185664:00106628:00653,cvm,我为什么这么慌张？<01>,[],layout_only,11f4169c89dafa12ad715b69f5edba0c8004eb9134755ea6c688b691d2bf71e9,5f4a6cc0caa64a738096fcb7699127abe0d5e813f839771cca71f613fecded33
pm:vm:photonmelodies11.rio.003:2092185664:00106672:00654,cvm,刚才收到大家的礼物时，心里也莫名怦怦直跳……。<01>,[],layout_only,4613b43c7663dfa5d06bff912e79f636f50431a86e478476ad0afd12e04035f4,89237499b40b1d798ed73ee74b9818ecadaf7e083f18547d75eaf6f846754cde
pm:vm:photonmelodies11.rio.003:2092185664:00106716:00655,cvm,说实话，我这人，本来就不太习惯这种事。<01>,[],layout_only,27c3a72515453dcadd4e1550b4c968274ca2523a0ad0de4938c62584a76ed723,49630e2883a42e76b64303f7ad7d980d6f2ce74fdbdd7de4498b00615bb41917
pm:vm:photonmelodies11.rio.003:2092185664:00106760:00656,cvm,…………她看起来有点沮丧啊。<01>,[],layout_only,ccf5c13a595abe466956ff05d3c29862b4bd497ec2f75bc36be7d5f8cb2dbafa,dbccf8c5fbd8f9c6f1c453b4eead2ffe6a9c9c6749b4c11b73f6901dc164d66e
pm:vm:photonmelodies11.rio.003:2092185664:00107128:00657,cvm,【冥夜】「来吧，不必客气，收下便是」<01>,[],layout_only,c52c83d6bbd5fe5cdd11cb9a6dd21d5d7767dec20543a03fc75b2b4d575d82ab,705251a72f59b446d8a05d496152e0845445fa1358710219cfb0b7ec361cdcd7
pm:vm:photonmelodies11.rio.003:2092185664:00107172:00658,cvm,【武】「既然这样……谢谢你，冥夜…………我可以打开吗？」<01>,[],layout_only,398871054c9a24b5058e578122930a787fe4916f456f90930b43c77487a731bb,b09a838ec1d580be3d2ee54e85edf9566569154ab8a26695a239c609b970c112
pm:vm:photonmelodies11.rio.003:2092185664:00107404:00659,cvm,【冥夜】「当然」<01>,[],layout_only,e5730e44a28da337f979dae72749f64e7aa9597a21d8e8d973d16078200734d1,754ce2d3e628e98e73d27c66855687448c226b34142b8207deaa28e87b6801cc
pm:vm:photonmelodies11.rio.003:2092185664:00107624:00660,cvm,……这个也和手机一样，是个上了漆的小盒子。<0A>看起来里面装的像是什么很贵重的东西。<01>,[],layout_only,721496b0d955bde9d8efe18ac2f120a6171fc9c71b4c369a7171151eef85b0a9,b8410b03553de36906e1a999e273be056d56c4b813879b77640dbb10f90f7acc
pm:vm:photonmelodies11.rio.003:2092185664:00107668:00661,cvm,而且……盒盖还用彩虹色宝石般的材料做了装饰……。<0A>这个，不是御剑家的家纹吗？<01>,[],layout_only,ebdd320517a229c5aa0eec46d9e071c6a06b0e6bf92a056ef08b666656a853d1,a2e0bb33cce09e0c904630de3b1b02df5e613a0c6882bd7e9cd46be67cbe615b
pm:vm:photonmelodies11.rio.003:2092185664:00107900:00662,cvm,【冥夜】「打开看看吧」<01>,[],layout_only,e78b2f095d81e2cbee5516c78fd51a5bbdb904c71e68d3f89420786e021938c4,2300724d84c7bb3200af9fefcf276037676a54400b1dcb3bd7b5c6ab492ad375
pm:vm:photonmelodies11.rio.003:2092185664:00108080:00663,cvm,【武】「…………」<01>,[],layout_only,770975bc8d76964cd0683d1a3ba2ec947971272f34819d29aa5c66d3964a88d7,6a17c608647a040376434d02fd50f1e4124a141fe417bdc98ba4d3f27bdee35c
pm:vm:photonmelodies11.rio.003:2092185664:00108180:00664,cvm,【武】「——咦！？」<01>,[],layout_only,3eb380b6446305b6d73b2521199d8d34f6152ad288d977a4575d5917d94f262c,991e8f9889cad481584f708c01712e65e0ea2c5673be2ce21ff8b9872e20c7f3
pm:vm:photonmelodies11.rio.003:2092185664:00108224:00665,cvm,这、这是……戒指？<01>,[],layout_only,ed73f0960a973e36e5a31566899b8fcdaf01f0755f27f190d4758e602e2e1cab,59e0987ab9b289533a4c501240ddc3b271a1e10dabd283726dc9d1cf704da75b
pm:vm:photonmelodies11.rio.003:2092185664:00108268:00666,cvm,没有镶嵌任何宝石，只是一枚简洁的银色指环……。<01>,[],layout_only,09dce0f049ac721ee1097855a250b50a06037cddf8eaed2b22ee9b0be20c2b2e,6046204689b9377553cc938bc1637a058a7c4de98e9c7c18c8c970484a436d57
pm:vm:photonmelodies11.rio.003:2092185664:00108312:00667,cvm,也不算纤细……嗯？内侧好像有什么…………啊！<01>,[],layout_only,c987c6bec5ea14c69beaa77cc261a0c6f0d3763138b4e2133681b0a1eae1cb16,7f9d51a80294d78e0974adf0c98f38d3526278764b27be2feeb088aef5e3d39b
pm:vm:photonmelodies11.rio.003:2092185664:00108492:00668,cvm,【武】「你的名字……刻在里面。」<01>,[],layout_only,9f8bd853966a92e343cf2ff9cbd9fe87973c19a4379202624e7a0e5d8f2c196d,0eb52d9da88d8c84f3bbb357ffa2052b55789b46147f9aa270cff032999af20e
pm:vm:photonmelodies11.rio.003:2092185664:00108724:00669,cvm,【冥夜】「这枚戒指，<0A>只允许我将它赠予由我亲自认可、值得信赖的人。」<01>,[],layout_only,9cdeedb01af8e095844d934fc37b7217cebe9639a4a9e384852b3311355c772e,31c5002407b9d06287f66ec501eb654de712a7ab2a9e943f430b8f71ba786064
pm:vm:photonmelodies11.rio.003:2092185664:00108768:00670,cvm,【武】「…………」<01>,[],layout_only,770975bc8d76964cd0683d1a3ba2ec947971272f34819d29aa5c66d3964a88d7,6a17c608647a040376434d02fd50f1e4124a141fe417bdc98ba4d3f27bdee35c
pm:vm:photonmelodies11.rio.003:2092185664:00109000:00671,cvm,【冥夜】「而且，我第一次要把它赠予的人，武……就是你。」<01>,[],layout_only,131b283c6242b7122dc535f35db55cb3ba097a4609c87de59290828b4503a158,aad1872e696b3c0e3670a80104a81331e1392e69e3c80942668af3fcb6941bf1
pm:vm:photonmelodies11.rio.003:2092185664:00109044:00672,cvm,【武】「这、这么重要的东西……我真的能收吗！？」<01>,[],layout_only,aaf0bbaeecf5c925da163f5fee350b9ada1f49887ee9cbbf3ad551205352c5c3,ee8ff44dbc3e7444109dacab556148cbf51503457eb22b491baa76180cd34271
pm:vm:photonmelodies11.rio.003:2092185664:00109276:00673,cvm,【冥夜】「当然。我从心底信赖你…………并且，爱慕着你。<0A>若不将它交给你，往后余生，我想我也不会再把它交给任何人」<01>,[],layout_only,f3c1f08eb01099148a2ce85cb2ebf5bdf1d5a42fd658282ea65f72ef4b1742f2,6a9e03af8979729497b55e0e07858918424b954f8450d6d6d606d402a38d994a
pm:vm:photonmelodies11.rio.003:2092185664:00109320:00674,cvm,…………。<01>,[],layout_only,efa30788584cfea7ade60ccc37d7fc6cda943e64935eb133252c341159e58e05,0b3d7aae4004dc9b91522cf9245f879b48b6a3b3d3c28ecbba043ba8207a6df9
pm:vm:photonmelodies11.rio.003:2092185664:00109552:00675,cvm,【冥夜】「武……请你，务必收下」<01>,[],layout_only,d580435018503829a0960b62f82079a99b25dcf8cc00eb45d9d6b0d191c4feeb,80506d083542caf950b107b189b85f171820b2598c77c7c947b1378f7b7f0998
pm:vm:photonmelodies11.rio.003:2092185664:00109596:00676,cvm,【武】「冥夜……」<01>,[],layout_only,e7988ccc6de744a562a98f91912b28810448136bc19cb598d5f535c9802b3951,6c3d173c772d76e5017a3391ca592fa5509f463bc71f9ec4f0a9be669ee7b836
pm:vm:photonmelodies11.rio.003:2092185664:00109640:00677,cvm,【冥夜】「…………」<01>,[],layout_only,7c1e1bdb272bdd5e2617c3dc3a238302cb60ccfea882e70ee6f2fd76ae246e47,336d0bb131053d6dee29f2ddc9129d555a61d3390d67cdc3ac8db250f7905f8e
pm:vm:photonmelodies11.rio.003:2092185664:00109684:00678,cvm,【武】「…………」<01>,[],layout_only,770975bc8d76964cd0683d1a3ba2ec947971272f34819d29aa5c66d3964a88d7,6a17c608647a040376434d02fd50f1e4124a141fe417bdc98ba4d3f27bdee35c
pm:vm:photonmelodies11.rio.003:2092185664:00109728:00679,cvm,【冥夜】「…………」<01>,[],layout_only,7c1e1bdb272bdd5e2617c3dc3a238302cb60ccfea882e70ee6f2fd76ae246e47,336d0bb131053d6dee29f2ddc9129d555a61d3390d67cdc3ac8db250f7905f8e
pm:vm:photonmelodies11.rio.003:2092185664:00109772:00680,cvm,【武】「…………」<01>,[],layout_only,770975bc8d76964cd0683d1a3ba2ec947971272f34819d29aa5c66d3964a88d7,6a17c608647a040376434d02fd50f1e4124a141fe417bdc98ba4d3f27bdee35c
pm:vm:photonmelodies11.rio.003:2092185664:00110004:00681,cvm,【冥夜】「……唔」<01>,[],layout_only,1726a7e86bfe79cd3ce112fbe91f5bb022583b937970fc1730bfb86349b41f95,62f88004855f17467ef394c582abf7af4da7f2479a27f399ef864ab9a7a81be6
pm:vm:photonmelodies11.rio.003:2092185664:00110048:00682,cvm,【武】「怎、怎么了？」<01>,[],layout_only,74f7d848b2964afdd5b8e0a4916932acf260888150489570bfefb2b9310a2430,18dc7cd15d62fcc9fd7c84ce2c52f6122b69c16ad6993397e932d820c8b39812
pm:vm:photonmelodies11.rio.003:2092185664:00110280:00683,cvm,【冥夜】「还请见谅…………呵呵…………<0A>我或许从未……像现在这样紧张过。<0A>说实话，我实在受不了这样沉默下去了。」<01>,[],layout_only,c89d80203336ae5d381d6a7bbd9aa1452a0b85176d8e833e028718ac4d44417e,cb716b35be54399968f3614907e687ae13d760a1b81896644bf69eba8a202062
pm:vm:photonmelodies11.rio.003:2092185664:00110324:00684,cvm,…………。<01>,[],layout_only,efa30788584cfea7ade60ccc37d7fc6cda943e64935eb133252c341159e58e05,0b3d7aae4004dc9b91522cf9245f879b48b6a3b3d3c28ecbba043ba8207a6df9
pm:vm:photonmelodies11.rio.003:2092185664:00110556:00685,cvm,【冥夜】「……武，对不起……看来我让你十分困扰」<01>,[],layout_only,2b994809edefd959cbffa9c5ffa9b4c8c58b106160e187f949c7633e8e4d6741,42d55552bec7f0cab8a050323e7b3cebb5ba72fdfa65b33622f600571c14a7f8
pm:vm:photonmelodies11.rio.003:2092185664:00110600:00686,cvm,【武】「咦……」<01>,[],layout_only,a8fffe04ba0aec5a8a17f18f52ed2bc1a1bbc5a846e184ed46d02fe91978fd80,cff1150ccd1e336776d839ebdd3abb90457d7f0dec81697b4a75a41c241c3081
pm:vm:photonmelodies11.rio.003:2092185664:00110832:00687,cvm,【冥夜】「看来是我有些操之过急了……<0A>只顾着自己的心意，未能替你考虑周全……还请原谅」<01>,[],layout_only,b5a785493ba427440d98b8149d1b2391a902593ace20ead331c10777085fe15f,f4b0ffc6e6eefe5def5c2e3d7f00890cfff2f314a6ed9aaac9217bdcc85d4aa5
pm:vm:photonmelodies11.rio.003:2092185664:00110876:00688,cvm,【武】「不、不是的……」<01>,[],layout_only,85582384c573766458f16fcb3969d5d03f089ef77d5250e2b6687ee851745738,675f69b09498cda81aa6087b43301febe6152aa3421ca65b928f93cd11dc5485
pm:vm:photonmelodies11.rio.003:2092185664:00110932:00689,cvm,【冥夜】「忘了这件事吧…………我先告辞了」<01>,[],layout_only,e15e5a75be74193314fbb379d65a192b32af8e4a686c00b286c474d3dd8c84a6,09edeb63d1182529a2a07a338ba8cf9c0bcf014f92eca14628e1be541e084f3b
pm:vm:photonmelodies11.rio.003:2092185664:00111224:00690,cvm,——啊！！<01>,[],layout_only,07e82962058d0756ba8e7ed5a8da57d8b0e263bf8759869b54654a91715e07c3,ac4bcb8a9376f0ca0bee3803d8dfff0df81170ead893927ad271e4de60aa9c46
pm:vm:photonmelodies11.rio.003:2092185664:00111404:00691,cvm,【武】「等、等一下，冥夜！！」<01>,[],layout_only,b67a1ed889168c73a1da4758d7af2b12f23b080501f86ed461e60a100b5bad82,ddb3d2fece85982b6e40ebeb55f438a58484af0b62c273b2693fa9c567764e65
pm:vm:photonmelodies11.rio.003:2092185664:00111980:00692,cvm,【冥夜】「……武？」<01>,[],layout_only,68c2257a0a9225f43047da8b9b672eb4365e567d24d53fd9c60f9e86bd53d045,b1ee85d534de4d3ca663faef6381d970a22147e846d8d14d311c3eba163b5cc7
pm:vm:photonmelodies11.rio.003:2092185664:00112024:00693,cvm,【武】「我要收下！……不，请让我收下」<01>,[],layout_only,bf24a99915b4b0b35f9d5fb6b141443bafc762c0e5cbb6a20de4cae18094ed45,bc0d1b9e11a7cbf47564c4e8349af606fad77369f524162dcbc50e58a7be5f66
pm:vm:photonmelodies11.rio.003:2092185664:00112264:00694,cvm,【冥夜】「咦…………」<01>,[],layout_only,27f55346b19b5beaee606d8bd7d8458dad4cb0d42627a3b58960aa28f5ee02d0,a2e5cdd1508924aa68b248247e7d194c13c13dd2fe5c9455a2f59fd4ba7e76bb
pm:vm:photonmelodies11.rio.003:2092185664:00112308:00695,cvm,【武】「该道歉的是我！我只顾着自己，<0A>完全没想过冥夜是怀着怎样的心情等待我回答……」<01>,[],layout_only,ac2dbc16b01fba99259bc6dc57a414cf6a66e1b477a1e68ca874e0af58dae6de,8417639670cfc0c6270a6b4d5fe12482523d1d50e2f363089edfc1da533fe136
pm:vm:photonmelodies11.rio.003:2092185664:00112352:00696,cvm,【武】「我很高兴，你能这样信赖我，我真的特别高兴！！」<01>,[],layout_only,5ffcbc09e8c4b31fd057627f430bbd8c4a37b95635ec2aca349d6464f31b4d19,9fd9eb64d5a1abf39cbcda49a067a77a4b3fd8a03b6cd837e27e274d291b8632
pm:vm:photonmelodies11.rio.003:2092185664:00112568:00697,cvm,【冥夜】「武……」<01>,[],layout_only,a5f9d5d7bb7b9285f16dbb5c5136e74ce0637cd202eac68459fb77d565338d3d,a079b4b01a6d63f18fc849ee0395d4dea699a8cecca15dcb4f365460ec8f1516
pm:vm:photonmelodies11.rio.003:2092185664:00112612:00698,cvm,【武】「可是，我就是个俗人……<0A>不好意思把这种心情表现出来……」<01>,[],layout_only,21c832648d3b628b1585b56905c522fdb11e79e2fa91d2cf20a7853750319cec,8c28de7c6fe804d0fc6bc0c70893a94fe15abf7cd42d2c74973fbbbf4b22200f
pm:vm:photonmelodies11.rio.003:2092185664:00112656:00699,cvm,【武】「只是觉得沉默不语好像比较帅……<0A>脑子里想的……都是这种无聊透顶的事」<01>,[],layout_only,c8149768de2b10ef388dfeea391dc9fb057776550b07cf9f5c2397f32dee8400,372217d01d4381d0f6886803cf0e5ae85a0ca7e6c6d47f882715361df05e5af1
pm:vm:photonmelodies11.rio.003:2092185664:00112860:00700,cvm,明明你收到我送的那种小挂件，都能高兴成那样，<0A>坦率地表达自己的心情，也让我感到幸福。<01>,[],layout_only,8d522f86133248f87e8ce26b06f92dc245c4540e1ae0e7c1b7725eefb1ebc92e,7737748e245c429ca04e1ca35a517ae67b15415dfcf15603937b96d76351fa46
pm:vm:photonmelodies11.rio.003:2092185664:00112904:00701,cvm,我却完全做不到……我从来没有像现在这样觉得自己如此浅薄！<01>,[],layout_only,698bd154d45a0dd5e69f9d4da66c4172e5e029b832f13037552e3430a2b3b417,f127fc70bc89b6d870012704f0e10bb4185dadc18f4896dfb8abff832737b5aa
pm:vm:photonmelodies11.rio.003:2092185664:00112948:00702,cvm,【武】「根本没有冥夜想象的那种了不起的理由……<0A>我只是因为这点自私，就践踏了你的信赖……」<01>,[],layout_only,d11657d72dc766087512fcbbe133c8e3df2bfd2ec701ec8935c4f59966641c12,e84c24f106e8481c3c7cef9620879820befed85ef889829503e190ee1fb7662d
pm:vm:photonmelodies11.rio.003:2092185664:00112992:00703,cvm,【武】「对不起……」<01>,[],layout_only,a9f2aa7bc9816643de29255ab9b6b7b0458f18df01a3d1e15e45c52a5b946483,287d8b98b29681b5822b88cc901a25a0eee73787291ae541efe429232a95de22
pm:vm:photonmelodies11.rio.003:2092185664:00113208:00704,cvm,【冥夜】「武……你并没有践踏我的信赖。」<01>,[],layout_only,8bb47d2378233c6d6d720a49a62923dedacd1458ec40c72b28cbe853fd9e6692,e930243e45ef1e4b9a7c5a42e46144f4ed3067a5f0a056f11e0d63a6c71e1d7b
pm:vm:photonmelodies11.rio.003:2092185664:00113252:00705,cvm,…………。<01>,[],layout_only,efa30788584cfea7ade60ccc37d7fc6cda943e64935eb133252c341159e58e05,0b3d7aae4004dc9b91522cf9245f879b48b6a3b3d3c28ecbba043ba8207a6df9
pm:vm:photonmelodies11.rio.003:2092185664:00113468:00706,cvm,【冥夜】「武并不自私，我认为那只是极为自然的反应」<01>,[],layout_only,6e418cd9dc58522285286fac182fdad3fdaadf1e663380adf7773a4e03f9ba72,9f3d8c66383e420e4b7786d153e3d62dedbf6d4eccb417058b56a362bc922758
pm:vm:photonmelodies11.rio.003:2092185664:00113684:00707,cvm,【冥夜】「果然还是我操之过急了吧……<0A>我一失去从容，就变成了这副样子……呵呵……我真是没出息。」<01>,[],layout_only,d00de48901c5dccd0aee0c5acd39aa0bc8fdf2e5b33f671446e2ed03c70fb41c,27291f3c97a284601d90063bbac32028b836debd846ef8b1db1384471b5b13f5
pm:vm:photonmelodies11.rio.003:2092185664:00113728:00708,cvm,【武】「冥夜……你能这么说，我很高兴。<0A>但是，这次就让我老老实实反省吧」<01>,[],layout_only,c6be4f9fa865e25300119bf441a654d5066d0fb1a852cb8c25a1742d92f67557,e2497034152489eefca885265b5871e37c5802ff0b4d407a08ebcfdfeb84eaa1
pm:vm:photonmelodies11.rio.003:2092185664:00113944:00709,cvm,【冥夜】「武……」<01>,[],layout_only,a5f9d5d7bb7b9285f16dbb5c5136e74ce0637cd202eac68459fb77d565338d3d,a079b4b01a6d63f18fc849ee0395d4dea699a8cecca15dcb4f365460ec8f1516
pm:vm:photonmelodies11.rio.003:2092185664:00113988:00710,cvm,【武】「高兴就是高兴……我也觉得应该这样坦率地说出来。<0A>正因为你对我如此坦率，我才深深体会到了这一点」<01>,[],layout_only,f66b6610da0e90b1d3fdf88e994fcf4bdfea775e09567cd0ed90378efb427f54,d8c6acd7e64a067e1edd87d34fb56d88fe6f13695f004cf66a12ac714267dbb1
pm:vm:photonmelodies11.rio.003:2092185664:00114192:00711,cvm,【武】「我之所以做不到，<0A>我想是因为自己还太孩子气……还不够成熟。」<01>,[],layout_only,301e3fb693586196e63ca3ec82a48cf04c29b0b4ab4e377062f838612518b36b,d523eb8d9fb5c52ac7d25bd8b4dc4f74242de809fa69868c9c36ed38a775b05e
pm:vm:photonmelodies11.rio.003:2092185664:00114236:00712,cvm,【武】「要我马上改掉……嗯……老实说可能很难，<0A>但如果你仍愿意信赖这样的我，能不能让我收下这枚戒指？」<01>,[],layout_only,50fb4e7b102b75d78fd960a5ad952c7fe37538e5134e8910f5b0d970ff695f26,7b0f484b13e9280b40994f1e5410f2a6eb2c53a490c734a8728e97a89fd13d6b
pm:vm:photonmelodies11.rio.003:2092185664:00114480:00713,cvm,【冥夜】「呼……」<01>,[],layout_only,0563d00e04702ee12f8ae2011f19022e84618730e85b101a2fbd8431dbe52f5a,f7ec4e602dacf2050f99478e05d66776b41449ea0c3c32e9c4063222130b38f1
pm:vm:photonmelodies11.rio.003:2092185664:00114732:00714,cvm,——唔！？<01>,[],layout_only,65ad67059edb269e24f69ebabac50c4d9f7980dd9b69e2e299719fd9b38fbd7d,660912fa0b31290c31d4ed0f34dfcd79fbb7739aa94634f6c1d51c63ab12fff3
pm:vm:photonmelodies11.rio.003:2092185664:00114788:00715,cvm,【冥夜】「嗯……」<01>,[],layout_only,6d9c2058ae756eb546984be211758f6abf3249b0a4c9a8f4f8cce30d73e35c0a,e4f95131cb0a031981d28c7f752d8bbbff8cb1aa6dc7b72b193b3ca1714e0655
pm:vm:photonmelodies11.rio.003:2092185664:00114912:00716,cvm,【武】「冥、冥夜……？」<01>,[],layout_only,703e0dc47471deadb1572f482d6f8bdbeddd0d2cbccbbd41517ea85ab31cf52b,41e6ee8f159849f9e48d6b153050beaebf9f23b3306b007bc694bcfc368ba953
pm:vm:photonmelodies11.rio.003:2092185664:00114968:00717,cvm,【冥夜】「武……」<01>,[],layout_only,a5f9d5d7bb7b9285f16dbb5c5136e74ce0637cd202eac68459fb77d565338d3d,a079b4b01a6d63f18fc849ee0395d4dea699a8cecca15dcb4f365460ec8f1516
pm:vm:photonmelodies11.rio.003:2092185664:00115012:00718,cvm,【武】「啊、嗯……」<01>,[],layout_only,4a540fb4ea6d6ca53fdba362b011a6dc8291ca774c1e4b9940c886b06008860f,b8d93466862a13a96b43ba7bd816d4584fd29329b40870cf9dd0614c7c493e28
pm:vm:photonmelodies11.rio.003:2092185664:00115068:00719,cvm,【冥夜】「你果然是我没有看错的男人。」<01>,[],layout_only,36cf963df72fcb1931da11965a28ce82813730c1e8137df040832d3ba85dc1a7,01d248813d574d6b5195ec827971065e2a2fc30fa53cbd60e4a0ed682d8272ec
pm:vm:photonmelodies11.rio.003:2092185664:00115164:00720,cvm,【武】「…………」<01>,[],layout_only,770975bc8d76964cd0683d1a3ba2ec947971272f34819d29aa5c66d3964a88d7,6a17c608647a040376434d02fd50f1e4124a141fe417bdc98ba4d3f27bdee35c
pm:vm:photonmelodies11.rio.003:2092185664:00115220:00721,cvm,【冥夜】「不过……有一句话我必须说……」<01>,[],layout_only,bd7e27966a81ab9cde5cc88c180309a420b523433a02d94a6d694d775db2e7ab,b6d6f750372477586b602ecb34c9206d5ffcad25048ad0ca85dbb2397191dac7
pm:vm:photonmelodies11.rio.003:2092185664:00115264:00722,cvm,【武】「什、什么……？」<01>,[],layout_only,b8ca128ebdb1b9163fde3832e54d879947f3de3830ca4b0fb97b6cad877a350e,f73b521fccb81ce74cabcc4c462408c81bdfcbef921810652ded1e05b968d032
pm:vm:photonmelodies11.rio.003:2092185664:00115320:00723,cvm,【冥夜】「可不要小看我……」<01>,[],layout_only,a021545d6b99aeaa71dd31012cbebf634327d59744cf3e171acae3c60be72020,91c56eff66db00ef310e595c6e2f2a7e1fe1ebed53e738f8f5f339ad41e73fd3
pm:vm:photonmelodies11.rio.003:2092185664:00115364:00724,cvm,【武】「咦？」<01>,[],layout_only,77e63d069d95aabd948bf49f0d1875e61a92335dbc417006761d81674ec8c185,b55249e3c0ee06935938d08a2f8a65d886e446dd4c309f96d3566d3e47b2f343
pm:vm:photonmelodies11.rio.003:2092185664:00115420:00725,cvm,【冥夜】「我对你的感情，绝没有那么轻。」<01>,[],layout_only,6c25cca2f17f52a8c0f9065f7bb931e9832a78348744d12c0964b834c5b8bbf3,4209bc8ee3e5406214696c17ba65190a23b5dae687cee732cdaf256fe44852cf
pm:vm:photonmelodies11.rio.003:2092185664:00115516:00726,cvm,…………。<01>,[],layout_only,efa30788584cfea7ade60ccc37d7fc6cda943e64935eb133252c341159e58e05,0b3d7aae4004dc9b91522cf9245f879b48b6a3b3d3c28ecbba043ba8207a6df9
pm:vm:photonmelodies11.rio.003:2092185664:00115572:00727,cvm,【冥夜】「这点小事绝不可能动摇我对你的信赖，<0A>哪怕一丝一毫都不会……」<01>,[],layout_only,e1ac882683b88bb04d89f6c9ff86690c51d80289ecb69458819cd9a43256f424,53b8e7e5761bd50080f26fa53d94ce089b15b409ecbaf7ad459eabc5fbddbdfd
pm:vm:photonmelodies11.rio.003:2092185664:00115668:00728,cvm,【武】「冥夜…………」<01>,[],layout_only,655eccf98885dd31ff7a7aca1725f7c0621166e7b09813c56b92f5135500340d,6c3d173c772d76e5017a3391ca592fa5509f463bc71f9ec4f0a9be669ee7b836
pm:vm:photonmelodies11.rio.003:2092185664:00115724:00729,cvm,【冥夜】「武……？你在发抖吗？」<01>,[],layout_only,9006e542b5b5b62eba59f3e008c14332d66ad4208510c67c29c0d907d356c24b,4cf5f27668adb9f80bc7f674192e011a72c7c9abbcc7454045823f21f9d15c6c
pm:vm:photonmelodies11.rio.003:2092185664:00115768:00730,cvm,【武】「不、不是……那个……我自己也不太明白为什么……」<01>,[],layout_only,9c74962257b618d4117972390f568c9b5eb343aca41e1743e2c2af240a54899c,15cd85b7411cabd8cc37dd3994e14fae872a0c8d170c8daf9d359ef78638a92f
pm:vm:photonmelodies11.rio.003:2092185664:00115812:00731,cvm,被亲吻的瞬间，脑子里变得一片空白……<0A>紧接着，某种近似寒意的感觉从背后猛然扩散开来……。<01>,[],layout_only,33ee3fb19c9f46d32fec74ede45aa71f29f2662ad33986bb029dfce10b7fbab9,5ea2736c709c2ccfa44545fdb6f7c925aabcf90d034a764dff2e0c9d5343bd3a
pm:vm:photonmelodies11.rio.003:2092185664:00115856:00732,cvm,虽然说不清楚，但心跳得厉害……<0A>回过神来……就已经变成这样了。<01>,[],layout_only,02f38193351c4c8b03b7555ec54abf11dc2a182bb16f26938a84798219c5fbe6,6e3a145256f6aef8a3e4bfce390db905cbbda80b6268728e268797f6f2c05cf8
pm:vm:photonmelodies11.rio.003:2092185664:00115900:00733,cvm,【武】「或许……是紧张吧」<01>,[],layout_only,5d21c092b203b34e77819558c5e481b75fb8d6f7b9e4395f8c89955f14c3d419,964afa6333cd2400726609943fc7c1e2a6a3aac84777c53df1f627e4b73dfe7a
pm:vm:photonmelodies11.rio.003:2092185664:00115956:00734,cvm,【冥夜】「这样啊……我也一样」<01>,[],layout_only,29a54adde5f0bdb00380fef5e033f3811e5dc65edf59eb055a3a9109561d04b0,f2949c8340746aa72d88a428a79960b335d0f97df12b7c990807e808d95cd64e
pm:vm:photonmelodies11.rio.003:2092185664:00116000:00735,cvm,【武】「咦……」<01>,[],layout_only,a8fffe04ba0aec5a8a17f18f52ed2bc1a1bbc5a846e184ed46d02fe91978fd80,cff1150ccd1e336776d839ebdd3abb90457d7f0dec81697b4a75a41c241c3081
pm:vm:photonmelodies11.rio.003:2092185664:00116056:00736,cvm,【冥夜】「过去我也曾多次出于社交礼仪，<0A>像这样向海外的男士问候……」<01>,[],layout_only,7e578233e72d7e9d8b0215025f6768ce80e14c163cb8f1536795b94a1011ce78,813b5762e637512aec44181824ac1efefc1e567d2607d982801305a87d316457
pm:vm:photonmelodies11.rio.003:2092185664:00116112:00737,cvm,【冥夜】「却从未像现在这般紧张。<0A>虽不知该如何形容……像是羞涩……」<01>,[],layout_only,70c8b167d7334d6ee182ce8af977312b7c60c7a6e8e8f29d18fd19c6e607434d,5f3c481026bf5523a999835baf5bfdb960ba9078ccbd78d35c48ebd17913440f
pm:vm:photonmelodies11.rio.003:2092185664:00116168:00738,cvm,【冥夜】「…………我很幸福」<01>,[],layout_only,800c40813f42250aa73489c8d599797be4df4ae1d1aa50600c20f4fff0f417bb,2967a42d416bc729196c1f9ad3956d6d972ae1cc3f73a719917e6e090713f5bb
pm:vm:photonmelodies11.rio.003:2092185664:00116264:00739,cvm,【武】「冥夜——」<01>,[],layout_only,e8723eba7f066a70fee3393bf8a7071b3624f98d7908348c5295381a1b3f097f,6c3d173c772d76e5017a3391ca592fa5509f463bc71f9ec4f0a9be669ee7b836
pm:vm:photonmelodies11.rio.003:2092185664:00116500:00740,cvm,【冥夜】「啊……」<01>,[],layout_only,f89a82dedfa2433dead7d4ffcd00a6efb5e00903320ed215388e48505b05095f,3e9b860be6fdf5ac7bf8b39d7b0e286fc111361fe724253eb64f79c1b33e7606
pm:vm:photonmelodies11.rio.003:2092185664:00116792:00741,cvm,【武】「…………」<01>,[],layout_only,770975bc8d76964cd0683d1a3ba2ec947971272f34819d29aa5c66d3964a88d7,6a17c608647a040376434d02fd50f1e4124a141fe417bdc98ba4d3f27bdee35c
pm:vm:photonmelodies11.rio.003:2092185664:00116836:00742,cvm,【冥夜】「…………」<01>,[],layout_only,7c1e1bdb272bdd5e2617c3dc3a238302cb60ccfea882e70ee6f2fd76ae246e47,336d0bb131053d6dee29f2ddc9129d555a61d3390d67cdc3ac8db250f7905f8e
pm:vm:photonmelodies11.rio.003:2092185664:00116880:00743,cvm,…………。<01>,[],layout_only,efa30788584cfea7ade60ccc37d7fc6cda943e64935eb133252c341159e58e05,0b3d7aae4004dc9b91522cf9245f879b48b6a3b3d3c28ecbba043ba8207a6df9
pm:vm:photonmelodies11.rio.003:2092185664:00116924:00744,cvm,……。<01>,[],layout_only,a8c0841fada26437e06edf4cc99a2f89302a31715e6fffabf09bae04dbbc9a80,8b9838ce3d87979c99406185b29994e51c8853c86ecd9f0c3a80843c34808661
pm:vm:photonmelodies11.rio.003:2092185664:00117056:00745,cvm,【冥夜】「……嗯？」<01>,[],layout_only,cd0f973fd19e44fc5fef9a04c07285b9a2e07d3a44932ce5897303cd5e17599b,640047ef51d4d95c0cfb2b7cea1c1549f032b80a665b0b3ed66f728e5ac8d420
pm:vm:photonmelodies11.rio.003:2092185664:00117396:00746,cvm,【武】「怎、怎么了？」<01>,[],layout_only,74f7d848b2964afdd5b8e0a4916932acf260888150489570bfefb2b9310a2430,18dc7cd15d62fcc9fd7c84ce2c52f6122b69c16ad6993397e932d820c8b39812
pm:vm:photonmelodies11.rio.003:2092185664:00117452:00747,cvm,【冥夜】「你…………这个……是怎么回事？」<01>,[],layout_only,11d6280597638a2317d4eb0c3b2801eff601694a1e5c9e36bd6b58c1f53eec1e,f551121eb7c292772d345eece8c3d1bbc025be374db424674c687df952a65c0c
pm:vm:photonmelodies11.rio.003:2092185664:00117496:00748,cvm,【武】「咦……？」<01>,[],layout_only,6f89339b2480107cbb5839c19f9f2232f49962fc19025bf7e2be3b170f1b1d68,cff1150ccd1e336776d839ebdd3abb90457d7f0dec81697b4a75a41c241c3081
pm:vm:photonmelodies11.rio.003:2092185664:00117552:00749,cvm,【冥夜】「不，我是说那条项链」<01>,[],layout_only,d7c83d5cae8467504d4e3f70ae820fa3cfd1f90727c90a8b1ce92d948a338544,29b702583c053ff938882e8c17240076939bf5b30439417071f789ead4aa457d
pm:vm:photonmelodies11.rio.003:2092185664:00117896:00750,cvm,【武】「——啊！！！」<01>,[],layout_only,0d88f9c84e8381db6999c3ce912b3f15c22802779854ffa896afeef0e8957842,ac6d358a6db79e2d53eeed2e94aabdbfad7752e27021bfa0ec52ad6970dcf83d
pm:vm:photonmelodies11.rio.003:2092185664:00118248:00751,cvm,【冥夜】「……武？」<01>,[],layout_only,68c2257a0a9225f43047da8b9b672eb4365e567d24d53fd9c60f9e86bd53d045,b1ee85d534de4d3ca663faef6381d970a22147e846d8d14d311c3eba163b5cc7
pm:vm:photonmelodies11.rio.003:2092185664:00118292:00752,cvm,糟了！在这种时候，<0A>被她发现我戴着别的女人送的东西有多不妙，就连我也知道！！<01>,[],layout_only,e60b7bef02f382f9cc12c7d8a972f5dfd16a4297d01ccd9bd88fd471b225a792,48694cde02c398db64e0a5045049225f6d8a88e323405ef08927d0e88f2214af
pm:vm:photonmelodies11.rio.003:2092185664:00118336:00753,cvm,皮亚蒂芙老师虽然是老师……但也是女人……<0A>而且，冥夜之前就很在意老师……。<01>,[],layout_only,52cc17baa78809d0e75f9f1c4e8c9c6ed410387bf40220c46437d25b757d657a,0ee90b0946d08dfa2c0a9119a56d204574852e10c0badebbb6342fae60e5178d
pm:vm:photonmelodies11.rio.003:2092185664:00118552:00754,cvm,【冥夜】「抱歉，武，能否告诉我，你是从哪里得到它的？」<01>,[],layout_only,b3472c261d3e5379d5bdf1bbdf8c6fbd1d7c5beb069aff6019d4c34b993cd727,8eece64b8bec7b8332f784c86bf95f72037f2509c669aa31e1b738d9c879fd2b
pm:vm:photonmelodies11.rio.003:2092185664:00118596:00755,cvm,【武】「这、这个……那个……呃……这个嘛…」<01>,[],layout_only,3517ea927ad7c1ba88be369794ddaad2c9d1d6781544364edc187fd4ca2dd0cc,091c710ce5e1f93568c86ade24c9f1a68faae7736a7cd2d79e4d9218d096366c
pm:vm:photonmelodies11.rio.003:2092185664:00118812:00756,cvm,【冥夜】「这件事很重要，武，你是从哪里得到它的？」<01>,[],layout_only,8130cfad6f3dbeeee7e039d3c42b07d65e6692651d8bfcbfe439ca95af88c975,5bf3f4a685d594a496ebadbe4fe64f23cc7ee289f189da26a8b41d41114abb04
pm:vm:photonmelodies11.rio.003:2092185664:00118856:00757,cvm,呜哇……她、她生气了？<01>,[],layout_only,9994a3ff4ea2d7613316639f0ec2884e1248dd7f3f6761314c730b1214424335,80c9cbf0376c6480036acdcf2393161444c114ec858a20d6232914982f40a1b1
pm:vm:photonmelodies11.rio.003:2092185664:00118900:00758,cvm,【武】「…………」<01>,[],layout_only,770975bc8d76964cd0683d1a3ba2ec947971272f34819d29aa5c66d3964a88d7,6a17c608647a040376434d02fd50f1e4124a141fe417bdc98ba4d3f27bdee35c
pm:vm:photonmelodies11.rio.003:2092185664:00119104:00759,cvm,【冥夜】「…………」<01>,[],layout_only,7c1e1bdb272bdd5e2617c3dc3a238302cb60ccfea882e70ee6f2fd76ae246e47,336d0bb131053d6dee29f2ddc9129d555a61d3390d67cdc3ac8db250f7905f8e
pm:vm:photonmelodies11.rio.003:2092185664:00119148:00760,cvm,不、不行……这种局面，要是再遮遮掩掩，<0A>她搞不好真会说要动用御剑家的全部力量查个水落石出？！<01>,[],layout_only,14381b2908b7d0c8960776b39a1245ac3c7d959f3794908161ab15bea6809d2e,f3439d50baf0e83132e0e43adfb53070ec8b74c78d73f3593dac1aa0ffe07512
pm:vm:photonmelodies11.rio.003:2092185664:00119192:00761,cvm,【武】「…………是别人送我的」<01>,[],layout_only,058fcec4d78002e9b08025350edabcf516c37412d42fc03782398a03d37f1bae,c7c61417634a1027cea396289ea537cd8b05381503f0d930a34809434685cfd0
pm:vm:photonmelodies11.rio.003:2092185664:00119408:00762,cvm,【冥夜】「送你的？是谁？」<01>,[],layout_only,d0754a13d354bbb59bcee399b98f3daea556727db8b4d9a0ef14b849fb2fd90c,436b45ccd0d62b960c9888e7ad113f198a49f26c0e12a3b7555f6cfec5691a7b
pm:vm:photonmelodies11.rio.003:2092185664:00119452:00763,cvm,【武】「这个嘛……」<01>,[],layout_only,edbbea365b845e2980c0d3e3de4962671caec1177fea8abed8d434e76e9e7255,0d4471723839884fdb3ba89fba056ac78d35d339afb00d371dcaf7d6889f0ab1
pm:vm:photonmelodies11.rio.003:2092185664:00119668:00764,cvm,【冥夜】「武！」<01>,[],layout_only,3cf4e358e85eef57a20640afbb933a206d94d8f04584d6b769fd9e99bfffefc3,0e1c290e6b5515e8ed85a9a255836d460b9b10ff5538f17b915362db0a00e971
pm:vm:photonmelodies11.rio.003:2092185664:00119956:00765,cvm,噫噫噫噫！！<01>,[],layout_only,1d82a2855d6f03a5acc87ce5f2204cd6e4c76ebe58f1a53dba2a37295624c7b6,665b0b99b6607e65cca5af3003e99e0c319e082c04780bae45d05d4dd9344307
pm:vm:photonmelodies11.rio.003:2092185664:00120000:00766,cvm,【武】「知道了！知道了！！<0A>我说就是了，行吧？我会老实说，你别生气！」<01>,[],layout_only,7fac84aafba41b3d7e4ab1fb7b8f38fc4e3f6b0344b0f10b9279187b9933555c,363101c7777bf150700c0b260c5aa7f337576985fa7baf9a082d424d91bde8d9
pm:vm:photonmelodies11.rio.003:2092185664:00120216:00767,cvm,【冥夜】「嗯……？不，我可是一直都很冷静啊？」<01>,[],layout_only,74c952ba5e1c35da5144c23704ff2825a8f6af76a25b22484fd08951223f707d,6f3ec07f010d33225862c4be0c6ceba4bca8903ed1fb5558109d3b3aef077326
pm:vm:photonmelodies11.rio.003:2092185664:00120260:00768,cvm,——骗人！！<01>,[],layout_only,3147ebd1585bfb54fd4b119d5f08185c61f6ac1f82a3ff595c514a0ebb8b6d8e,747bfa88741cd813b9135af29a6c8158e023eb673b3d0c1bce748d3cf714dfb1
pm:vm:photonmelodies11.rio.003:2092185664:00120476:00769,cvm,【冥夜】「是真的。我只是想知道那条项链的来历……<0A>那么？是谁送你的？」<01>,[],layout_only,83eacd6991a5ce9b0dfffd53f023c5c85c18ff8e2e228ed3949fe2ac4a424084,8646c81fa50d07340ec20d2a30596c2f27a99cbe529c14fdcce54978e0e6c55c
pm:vm:photonmelodies11.rio.003:2092185664:00120520:00770,cvm,【武】「……皮亚蒂芙老师」<01>,[],layout_only,a17710b8bd8beef8a14d1d9bab962a380d05784f3ac64c9a7164a06aac175962,8ae4a7276b60d899f287c6d4f71d7825ed2385aaccfc51f5e124bf1f606097ef
pm:vm:photonmelodies11.rio.003:2092185664:00120736:00771,cvm,【冥夜】「什么？你说皮亚蒂芙……老师？」<01>,[],layout_only,ef18a5b2ba3bcb64e269326f93e2047c42d9d09aa124e958da4cb3e89ac56750,2c78028d33181fc31a47928eac5a5b4be1d877090cbd7af1c931cdfa7f60f1cc
pm:vm:photonmelodies11.rio.003:2092185664:00120780:00772,cvm,【武】「对。昨天买完那些挂件回来的路上碰见了老师……」<01>,[],layout_only,5dda31faf19cf3c40e537328c7210c6d01e5fad18eb7dfcb6752b66faf0e9c08,0fc8787be71fe663c3d82584310f735475f9ec9616ad6fee123f2954d0489495
pm:vm:photonmelodies11.rio.003:2092185664:00120984:00773,cvm,【冥夜】「…………」<01>,[],layout_only,7c1e1bdb272bdd5e2617c3dc3a238302cb60ccfea882e70ee6f2fd76ae246e47,336d0bb131053d6dee29f2ddc9129d555a61d3390d67cdc3ac8db250f7905f8e
pm:vm:photonmelodies11.rio.003:2092185664:00121028:00774,cvm,【武】「说来话长，总之顺着当时的话题，<0A>我把手里的武士和忍者挂件送给了她」<01>,[],layout_only,35f5176ce47fcedb9a231f361a20976b77c5a47a596faa91b0e2338c1ca3bdbb,8810a8ef9437e65967639f29356324192c7bb98d76481d5e9722ed3588a53979
pm:vm:photonmelodies11.rio.003:2092185664:00121072:00775,cvm,【武】「然后她说，这是作为回礼和生日礼物……」<01>,[],layout_only,0b313dc8243ec8ab81119803128afe24924909027d50dccd485fc460ac469edf,924f2f1147b6dccb869ade8cd3d13d2235020a3932b82b1a6aaaec042619bcf9
pm:vm:photonmelodies11.rio.003:2092185664:00121288:00776,cvm,【冥夜】「可是，那似乎并非新品……」<01>,[],layout_only,9e1b2f17781cf6f211c0feecf24018129301a4acdf99a22b39a32058abd976ac,cbaae1563ef819d3be8adb7cfbafc4900e2b5c32ef0e36a924d549341e12c400
pm:vm:photonmelodies11.rio.003:2092185664:00121332:00777,cvm,【武】「那、那个…………<0A>老师把当时戴在身上的这条送给了我……说是幸运护身符……」<01>,[],layout_only,64f7bcaccc39f76d09f5ca3a59749574e215b98acf641283864e3eb891616e3c,4120185b4fe61ed8970640724d231249a4c7780fdc367bb22b78cdf2a54cd9b1
pm:vm:photonmelodies11.rio.003:2092185664:00121564:00778,cvm,【冥夜】「幸运护身符……」<01>,[],layout_only,644f847b35c5bfcd82f24cc53ca156bf06bd9484b711ab26325f341823e2bdfd,689cac36d057c656761972d947529518015392c7c555e487b6cecb2aa8820d7b
pm:vm:photonmelodies11.rio.003:2092185664:00121608:00779,cvm,【武】「就、就只有这些！绝对没有任何见不得人的事！！」<01>,[],layout_only,d8823f8d80265b10d1a68ea3c955f6da82112a7ec59f2d10e358cd5e18a00171,0c661eff7766ef3ca140798940e77e5fa9051a90be0624b5d3c1b79865bea834
pm:vm:photonmelodies11.rio.003:2092185664:00121824:00780,cvm,【冥夜】「见不得人？」<01>,[],layout_only,c708f339c271f070e8d6e05efe2e32e9c513bc15811d5b4cae2cb3f7592ae0bf,7144a43d1bcb196bcd53512f82f842ba8847108bc7be9422f32e5029d62a562f
pm:vm:photonmelodies11.rio.003:2092185664:00121868:00781,cvm,【武】「没有！没有没有没有没有没有！绝对没有！！」<01>,[],layout_only,6aa72c29b85071aca33f0a9a3f9d37ee7a437ba0e50e19c75875d709cfa9c9fe,bea59e9ac7d44d7ed8ea0ee692e8426db46c2b0078900f9ae4bc5036065a22d9
pm:vm:photonmelodies11.rio.003:2092185664:00122084:00782,cvm,【冥夜】「你在说什么？武怎么会有什么需要心虚的事？」<01>,[],layout_only,26de5f93fc31437ba9eff737223329bf08efa3190bdddd59134ebda6029fdeee,afe7f84451ff26de5012482349e53e016800b45ddc44e901a0da002d4a9e3a56
pm:vm:photonmelodies11.rio.003:2092185664:00122128:00783,cvm,【武】「不是，所以我说根本没有！」<01>,[],layout_only,6fa5d4fa046a5880dd88438f0ff0eeb8a9689daa734c7e91599f97e5ab4eeec5,a1fb97898f3868b79e54f1857d363cac30dec1373c3fe2a0c4848ef9506247ce
pm:vm:photonmelodies11.rio.003:2092185664:00122344:00784,cvm,【冥夜】「武……你好像误会了什么……」<01>,[],layout_only,d6b6a9a7022db35349b9ee06bf8893c30f374d07461f81701b8031ed4e49cb2a,63fdb6dbfe5c13feb44974194cd58221f05d8b088f5d6dce17548c6b1107a254
pm:vm:photonmelodies11.rio.003:2092185664:00122400:00785,cvm,【冥夜】「我只是想知道，武是否喜欢佩戴这类饰品。」<01>,[],layout_only,f587a6dae7a06d19b1a98e96539b5980953e1de923c9b08ca5dd1bb68f950f29,0bae1163b863f600a4f85ff4fac465b46fb5c388d289789759c42fa5cadd0107
pm:vm:photonmelodies11.rio.003:2092185664:00122444:00786,cvm,咦咦！不会吧～～？<01>,[],layout_only,a09be2a3d999614c3ffc5769eeb5d2d44cb683a1056a8e033149dfc69dd7dd6d,0b9b47bbe63f0a9d8835740fe90903cf6f1a738a158bc42c7bf26deea4699e29
pm:vm:photonmelodies11.rio.003:2092185664:00122660:00787,cvm,【冥夜】「若果真如此，这便是必须尽快采取对策的严重问题」<01>,[],layout_only,563c26ea78f3b7a0d9a850e83b1f3eefad6fdc442eca6f79d95c5d8c16ecaf9f,d521251af0545563cf2c0924e8cd993648e33122221d9515167ff311f399d1b9
pm:vm:photonmelodies11.rio.003:2092185664:00122704:00788,cvm,【武】「所以才……那么认真地追问……是吗？」<01>,[],layout_only,ba7d424dc75c2175643e28d75413bcda05ef0652d9c9bfe62e23c3476d87e018,90d9d57ac79323dae7f17cdcaee877c4a7ba7fedc37f5e3777b5bfaae26b9e57
pm:vm:photonmelodies11.rio.003:2092185664:00122936:00789,cvm,【冥夜】「正是。我方才也说过，我从心底信赖武。<0A>自然没有理由怀疑你做了什么需要心虚的事。」<01>,[],layout_only,f13ea88c467da6c71df2f7cac5221a7a8873782fa620670708c35a1259a85a2c,8c542061efb82afbe9223df9e912c2b919829f6475563a3353b03c63aa2249ec
pm:vm:photonmelodies11.rio.003:2092185664:00123008:00790,cvm,…………。<01>,[],layout_only,efa30788584cfea7ade60ccc37d7fc6cda943e64935eb133252c341159e58e05,0b3d7aae4004dc9b91522cf9245f879b48b6a3b3d3c28ecbba043ba8207a6df9
pm:vm:photonmelodies11.rio.003:2092185664:00123052:00791,cvm,【武】「这、这样啊…………说、说得也是……<0A>我明明，才刚收到这个……自己却……」<01>,[],layout_only,6fa913a888654a6d6399ea2a19cf735d1682482f9b05dae604cb19f1d08ef273,86ba63e5c8b21ea6aa32e3b5b401c388e572a3241234c0268b911d050a5b1f43
pm:vm:photonmelodies11.rio.003:2092185664:00123256:00792,cvm,冥夜刚才不是才告诉过我，这枚戒指是她信赖的证明吗！！<01>,[],layout_only,db428c6ede913153b55702691e00469428a5e9f71e4b6966cedc8ae8b750d0a5,922d77e6e18259cf3f3aaea1d0eb9c57ff574dc9918c99b546f7207769263ce8
pm:vm:photonmelodies11.rio.003:2092185664:00123300:00793,cvm,唉……我真是的……。<01>,[],layout_only,02eb7d90c3728af8394b89188d0d6cfb8a23b4a7b0c7de95d96a7b8efc91e381,13ca363b6830e576ca670698e4da7bf00327a6e1cdc5ba66d4c53748b37fab9b
pm:vm:photonmelodies11.rio.003:2092185664:00123344:00794,cvm,【武】「抱歉……」<01>,[],layout_only,be9b42852d545f7b7181bca8780ed8a8490bb315b7cc1760459adbde1b6d94b3,f35e21651be37f9e02dfeeff357a13ffdff6a3111d39651e5953f678c806f08c
pm:vm:photonmelodies11.rio.003:2092185664:00123560:00795,cvm,【冥夜】「不，你明白就好。不过武，<0A>现在说到关键了……你当真有这种爱好吗？」<01>,[],layout_only,f737c2ae858b3b21ce420234ba3aeee905a21848810e312721b6da5c425ebab4,70364600d8ef864bcc5f5689c6b9a78f618676f28fd7af026d8a493acd247f9d
pm:vm:photonmelodies11.rio.003:2092185664:00123604:00796,cvm,【武】「啊……嗯～，怎么说呢。老实讲应该没有吧……<0A>不过，也不能随便糟蹋别人的心意吧」<01>,[],layout_only,9a25507d5744744e969f048367545c6dc52897b3d87e8901fd1cf9cde166e048,d60e882a3825bd474ffa701acf278c15a79dd0488a082cc8d0615e64e1f3d70b
pm:vm:photonmelodies11.rio.003:2092185664:00123648:00797,cvm,【武】「至少在放寒假之前……你看，<0A>只要还有机会见到老师，我想还是先戴着比较好……」<01>,[],layout_only,3a513c3f750ee5b6044175dd0fa702fea9d5ff63aa9b14ebf9419cf2fa3d8d94,7a23ed2cc3243f2e6d6634d90053e3ea704f98acbf26207fcae729d587e79dc0
pm:vm:photonmelodies11.rio.003:2092185664:00123864:00798,cvm,【冥夜】「这样啊…………你真温柔」<01>,[],layout_only,0bd9bc74ff6dbde4f9b0841b9bf5162f54186e88951b72e2d0771c20ad681cd4,1b03002245b85a03de38c8a5ab1f0882554fe1733d7d715892309a1bc020574e
pm:vm:photonmelodies11.rio.003:2092185664:00123908:00799,cvm,【武】「是、是吗……」<01>,[],layout_only,b0c7ffb152dfec29d9dcc5486656352502bf7ff3d5f6ab3eb81161901b097da6,c3f8381ae921ef28559d294d461e23505996161241ea62977f451f2aeac5f743
pm:vm:photonmelodies11.rio.003:2092185664:00123952:00800,cvm,我倒觉得这是理所当然的。<01>,[],layout_only,c80d0bc95330a85bd4320abcb37968facc78e85d646b79f8e6110d2028e5ff9d,c28bf25e0b6583b92260071759a8b10eadc9642dd6c170f57ebf1a62ea0b7b7a
pm:vm:photonmelodies11.rio.003:2092185664:00124184:00801,cvm,【冥夜】「正因为武是这样的男人，<0A>皮亚蒂芙老师才会将它赠予你吧……」<01>,[],layout_only,cda28e44eb7f24e863c3d7fdd8915d8f183aeddef2a11ba56a29d29c43bcd7e3,e7559a52d4e0ebae1dfb04db167c41a9bf767e123e30b01901166f8529b71391
pm:vm:photonmelodies11.rio.003:2092185664:00124228:00802,cvm,【武】「……是吗？」<01>,[],layout_only,182ca97b626c992ea494e2994e9438cb393b843bbc0d53872999bbaf281f7425,3c0e5e10b83adf4529b0b2f0ad33473bd822211e2b4c23a5591d34a8ebe7c485
pm:vm:photonmelodies11.rio.003:2092185664:00124284:00803,cvm,【声音】「小武——！！你在哪儿——？」<01>,[],layout_only,c372c0445ef3b4cd4cb0532aec388bae2375b49dc2995cb2f1145e99cf2beefe,3359908109f0783059a2532de4469cefc4be0a6c0ff794f52f32e59ac41b4ac5
pm:vm:photonmelodies11.rio.003:2092185664:00124640:00804,cvm,【武】「哦，是纯夏！差不多该回去了……」<01>,[],layout_only,3d3129a0f50000bd9805f3323aff2073498e5c37893baf5b2b93b079c3728432,596a1cd7e31d17e5ac786429c71cfd6c04e871a6faa29aadeaf7eae444acdbe4
pm:vm:photonmelodies11.rio.003:2092185664:00124856:00805,cvm,【冥夜】「也是……你先回去吧」<01>,[],layout_only,b499a60902be5ed85a11f9ec41ec3844776b7a160d602f186d108f34c3b33ff6,fa6323fe34596fc262290e9435e1b7f7c70b867b72cb6372f4c4515f643318d8
pm:vm:photonmelodies11.rio.003:2092185664:00124900:00806,cvm,【武】「咦？」<01>,[],layout_only,77e63d069d95aabd948bf49f0d1875e61a92335dbc417006761d81674ec8c185,b55249e3c0ee06935938d08a2f8a65d886e446dd4c309f96d3566d3e47b2f343
pm:vm:photonmelodies11.rio.003:2092185664:00125116:00807,cvm,【冥夜】「我有件事，想一个人想一想。」<01>,[],layout_only,0f760bfd2d5057e7867cbf5ba401feaf4b438671bed5a7bce148b8d251ef2ac3,70e10a29fe286ddd467d1f6c9d71e6a3eee106460dc175b856c75cafe70222e4
pm:vm:photonmelodies11.rio.003:2092185664:00125160:00808,cvm,【武】「…………知道了」<01>,[],layout_only,65c080194ee101376f2d485047a4d0ec4ed57da531e696bb4c598d6447192a2d,efce745c7c2171481ccd72e3617c24cae22ba3db1366a14d9eb17fdf164b5091
pm:vm:photonmelodies11.rio.003:2092185664:00125204:00809,cvm,她真的没有生气吗……。<01>,[],layout_only,3796fd3bd9bf1a2617a45fb507922108dfc9549fad79ca47a61892e91562acd7,d07ce1d64d9c1a7d68404d7198618583a91749456f4a7eb079da2447c4f8df91
pm:vm:photonmelodies11.rio.003:2092185664:00125248:00810,cvm,咦？可我为什么，会担心到这种地步？<01>,[],layout_only,d241716126408a5a0bd7af08625178eee72d3c9bdd6c9e5f8ef64ad86a08c1d9,11092caea5633e9bd68ed769c5823bf340119bfdf30362388f924d54b4becc85
pm:vm:photonmelodies11.rio.003:2092185664:00125304:00811,cvm,【纯夏】「小武——！你在房间里吗～～？！」<01>,[],layout_only,f41b62a8bf93c3920786e2b3e8ac3d6bac55d1c2726f34aa7277ed9963e0a027,775debc9ab33793db8fff161f09d666ab7e62a021b87750d64d95b2b28c19596
pm:vm:photonmelodies11.rio.003:2092185664:00125348:00812,cvm,【武】「终于连那些家伙也应付不了了啊……」<01>,[],layout_only,22c7b8cf3c5f19406bdf6e0a8eb38107eb70909806ca4caa5588be5f65f059b2,d1ffd1bec13a8fb0376cf8260bb06a0f762d15e45d1efac7d23264b6d065381f
pm:vm:photonmelodies11.rio.003:2092185664:00125392:00813,cvm,原来蛋糕食动物也有极限。<01>,[],layout_only,7b561621cfc69c0e96de91fe07b22360557595bd7f2a3851d834911e88ca6b3e,f0f8ef68a956a5749832e659fadb9985b063740efa4b541e0aa6ee9299781d30
pm:vm:photonmelodies11.rio.003:2092185664:00125436:00814,cvm,虽然我什么忙都帮不上，至少给她们加加油吧。<0A>反正继续四处逃跑也不会有什么好事。<01>,[],layout_only,d7f499706581f295c42d1601cc156d73092b8bd41c505eafa7b44a12fa718cc1,a858c42995f84398587451e7998a2ffe42ef25b37688e1eee267f805f2f7e1ef
pm:vm:photonmelodies11.rio.003:2092185664:00125480:00815,cvm,【武】「那我，先回去了…………对了，<0A>可别拿这个当借口逃掉哦？我会给你留一份的。」<01>,[],layout_only,ba20447844f674dcf9e612f1bdf3d1a713efb1462c754209cf293f205c83794b,867801891bdafedca0bcacb68126716026d78341b2f8ca399533b063d14b7af0
pm:vm:photonmelodies11.rio.003:2092185664:00125712:00816,cvm,【冥夜】「呵呵呵，知道了」<01>,[],layout_only,da1b8ef9f589abfabfdcb5faa24b2529a6899b4ed07846c1131da005c2a76904,a0c5aebf29e42ece870a9f9363f4e75e500c29af694ef93faa0618255843dd50
pm:vm:photonmelodies11.rio.003:2092185664:00125768:00817,cvm,【纯夏】「小武——！！」<01>,[],layout_only,908bbe045c7ce9469c48c08fefde06146c493e14a29ee430c3bf45bb65854d3b,127013efabfe5712e091d30e1e8f311b8cfe01a800ca7055ae7791a724a6809f
pm:vm:photonmelodies11.rio.003:2092185664:00125812:00818,cvm,【武】「好！这就来～～～～！！」<01>,[],layout_only,e105c3a0eed54c740cca0cc0153340fa029af5b1e3c5a2096c9f1f9dfdc7dc22,1d68d27bc90978fe2b242afabec8b6179a44a5774ac93509a59b1d6cc1f8e798
pm:vm:photonmelodies11.rio.003:2092185664:00125856:00819,cvm,真是的，那家伙是小孩子吗！！<01>,[],layout_only,1bed620db4f98e483e2a952e2a99a59d88004b241c82d7137b8e5681e049edff,6b01bd144fc0452b973653a150831f13e4a652076f1a9cb4b702fbd30c72cf61
pm:vm:photonmelodies11.rio.003:2092185664:00125900:00820,cvm,【武】「回头见！」<01>,[],layout_only,8f47c1b289f0f345739f217a129a99b8ea5637a51171368274261ba65de4315c,b5f34714e155a047e811dbd983dedaad21d505c02b3b5465e1e263c43d3eefe9
pm:vm:photonmelodies11.rio.003:2092185664:00126460:00821,cvm,……老师啊，这真的是幸运护身符吗？<01>,[],layout_only,4a038191ed63173760492f43af2d72460c62b66aa7c04287856be626bffb78d1,b64eff784b0079732ffd702069e2ec7180f168332a84f0a7136c47a91c6054d7
pm:vm:photonmelodies11.rio.003:2092185664:00126528:00822,cvm,托这家伙的福，好好的气氛全被毁了啊。<01>,[],layout_only,7b30471152ed056be71a56d842b28a33919b347c75c585d715ee9b2302bb3772,b116ab535cee3be2c4ce365a930a92bba8b31e2571888f7443562484c9689e44
pm:vm:photonmelodies11.rio.003:2092185664:00126572:00823,cvm,呜呜……不过，刚才真把我吓坏了……。<01>,[],layout_only,ce6446b79017a0499eb219892bd2fc47a27fd179dcc5ba47aa0d27cc83cbeb37,844bbffcfe0a8c9a746c4b2bfaa71617c34cdb1b925155a7d42ad3822f50a3f5
pm:vm:photonmelodies11.rio.003:2092185664:00126640:00824,cvm,要是把她惹得太生气，感觉她会拔刀啊……我得小心点。<01>,[],layout_only,ee9632aee6ecaac77a375e3f924ed746630ce7b355fade29cbfef826ad451f14,ac0f3d2254ea58b95f2e6036410f2f2fd8f64ed9ef7a8563e7a6991cab21968f
pm:vm:photonmelodies11.rio.003:2092185664:00127008:00825,cvm,【冥夜】「月咏」<01>,[],layout_only,4d9403fa50a11551686c65a9145c9dab11fdf121146f1e95e22336e762e90091,71d833669956ab677e0f5c2df906b72de768d8a6f6561727082d8fa23c18af89
pm:vm:photonmelodies11.rio.003:2092185664:00128112:00826,cvm,【月咏】「是」<01>,[],layout_only,b20e6af901fd4babef89013fdb2e2b3a3db4f22fff4af872542d8037c70a6398,5bfe967108a8438b4ccb7ece28320313b87fd0aa38cd441d22fdac5ccd2dcdfe
pm:vm:photonmelodies11.rio.003:2092185664:00128216:00827,cvm,【冥夜】「武佩戴的那条项链……须谨慎且迅速地处理」<01>,[],layout_only,c5124683294d7fb24cf0c289a47df04a66e66b7f4d67adef7f5f9ef9e47afbdc,444ce987a6283fa725aba3a3d5a33f1118c9156fe5e15c5c41b156f7c996e6b6
pm:vm:photonmelodies11.rio.003:2092185664:00128272:00828,cvm,【月咏】「属下明白。属下理解为不可采取强硬手段，是否正确？」<01>,[],layout_only,7e32e89b2baea9da1ba9ebe87ec047882650cc52f444d5162ca5625ac89ac12a,104ebbbddf1efb92245ae00a23abc918173cde55f4ea9e579a4d8503a6519dfd
pm:vm:photonmelodies11.rio.003:2092185664:00128504:00829,cvm,【冥夜】「正是如此……绝不可伤害武的心意」<01>,[],layout_only,f8229c904f2566dca972703ae74a55442d11339530c709ab96120fbaea45b6ce,6ec07f636e74b5ed1551b98227b59fde6e4f3afced5cc6dea8ddc961e65036a5
pm:vm:photonmelodies11.rio.003:2092185664:00128560:00830,cvm,【月咏】「如此一来，或许需要花费一些时间……」<01>,[],layout_only,9941757c537619de5f492eb1822b3e5a0b60e535ed849649ec3f331f21f8268b,91b532bccbb891b32cfe94706318682cc18ce4268d27fc6d4b40a683c8665e95
pm:vm:photonmelodies11.rio.003:2092185664:00128792:00831,cvm,【冥夜】「那也无可奈何。交给你了」<01>,[],layout_only,ac92286058225b187112adc75af98ea5198d588f37029d4c594c541c45b29901,5ddd9392620501b4378ac53e3cb91c93dd90c80e2e0502c6b9bd15bbdca7d31a
pm:vm:photonmelodies11.rio.003:2092185664:00129024:00832,cvm,【月咏】「是！」<01>,[],layout_only,9801e7987962c5bf482fe064db73a2cfb17d1de1646cceaed05617a3533dc8ce,b4836fcb0ebb41178473f85473483b5dc81eefcc36c3dd1e9f136cb6ce0e2dee
pm:vm:photonmelodies11.rio.003:2092185664:00129596:00833,cvm,【冥夜】「真是的……居然还说什么幸运护身符……<0A>亏她说得出口……」<01>,[],layout_only,98ddccd5b12d961f3e06550e98e6652e60089504660e091d1e4ed385e62ca94e,bc86af7b73c413b58b56c9eb338b5fcc3fac285effd38d152390bb8cc5aef39f
pm:vm:photonmelodies11.rio.003:2092185664:00130208:00834,cvm,【武】「纯夏这家伙，真拿她没办法……」<01>,[],layout_only,19e4b9722bbc1bc3bb9e71ec5905fb3d7e3b96a6e441cd4dae5d27c3f9a80d13,501eb988f6ae4a76af64e542e73cab4698dfc689a71956d9c5590f036e71992e
pm:vm:photonmelodies11.rio.003:2092185664:00130252:00835,cvm,我已经没法帮忙消灭蛋糕了，不过至少可以给她们加油。<01>,[],layout_only,79ae02e93e89b051b71e4a8ad3ca60875342f604d02274843ac1681074ada8e8,4a0f90213dad97b4687daf8e11ff02ce8f8faf98d661237305151e3d24f5a431
pm:vm:photonmelodies11.rio.003:2092185664:00130296:00836,cvm,悠阳她们过一会儿也会回来吧。<01>,[],layout_only,8567fad4a1e3340f0361a7d792c43b5a0e79b09f85c8453031554861f7c4d5de,78f35ddf62f11a19be13a908484b015edbcaaa7cd08d1b22e3f44e9f2a7c8c14
pm:vm:photonmelodies11.rio.003:2092185664:00130340:00837,cvm,【武】「好，霞，我们走吧」<01>,[],layout_only,23fe602542d20c87c473bf7259eb886a9330ff6283d6851575e7ffef73318ae8,c0b61a2dd30e9ed6b505eb099a874ad6af9ec88a55141fb7725d3b98ea43507e
pm:vm:photonmelodies11.rio.003:2092185664:00130556:00838,cvm,【霞】「好」<01>,[],layout_only,0fcf89a8f8d99f37435a903619f68e6f81c4eb389d4496581be9ffff99bcc86d,784a2ac1cb37bc7a9dd2f442eb51c94840b26a1f0d8570a217460c9a87a2c85c
pm:vm:photonmelodies11.rio.003:2092185664:00130960:00839,cvm,【武】「好——，大家，真正的较量现在才开始！」<01>,[],layout_only,8ae7d994d96cbb04ca906ee406021429de31e7fd6282fabe40a3a62bcf50f578,f2731cbbd22a40599537c2a5bc85c331aef029b322c26f45dd66fd88167b512b
pm:vm:photonmelodies11.rio.003:2092185664:00131016:00840,cvm,【纯夏】「哈～？你缩森么呢～？」<01>,[],layout_only,5e9280cb7a2cf7a2dc98567e0aba2c047134ab67063c08bd93fb22b2c9a0c17b,01296135c0ee265d04348503185b213c57fa2077d188ce22934cb2c33a08643a
pm:vm:photonmelodies11.rio.003:2092185664:00131060:00841,cvm,【武】「你别一边吃一边说话！还有，先把嘴边收拾干净！」<01>,[],layout_only,4d6599ca7698d509cba08dfe25da85e5885e33a405a92df1d1fabbcf50e95a58,127bbb4533f3f00851dd7b741dab00264c0ddcfbd419f6f2bb938f5c972839dc
pm:vm:photonmelodies11.rio.003:2092185664:00131292:00842,cvm,【壬姬】「所以，小武哥，你刚才在说什么～？」<01>,[],layout_only,66fc1fdfe62097c31e741c2ef28890e95c41276b3abcc7c078ea3d76a8aece67,68aa3db842097be236729b158e3ca5c140ede6377f6a25d404361909e0df0544
pm:vm:photonmelodies11.rio.003:2092185664:00131336:00843,cvm,【武】「没什么，你们接下来要把这些全部吃光吧？<0A>我帮不上忙，但会拼命给你们加油」<01>,[],layout_only,f119a0c1e6d6e0f93a0504d470a1b97421633a94af7324bae7d01d4884d38aba,43548dc13440bfd539ed29685e3d35126a4a8bfded1bf7590c940fc2a05f4d80
pm:vm:photonmelodies11.rio.003:2092185664:00131700:00844,cvm,【美琴】「哈哈……没问题的，对吧？」<01>,[],layout_only,d0aa7312dbce7969f3fb69c62863fc0d1281b5ca17079e734b831d5bacaa650f,faaf34dbbe1589f691a7a29d9dc5f45793cd9df9e6e6beb62c5101190425fd60
pm:vm:photonmelodies11.rio.003:2092185664:00131756:00845,cvm,【壬姬】「嗯！」<01>,[],layout_only,b106869c31e55df616e1fabcd7a2d3fd16e73d7215bfdfd5d7daca1aaf3a3f7e,5c05279da86d033d4a51fe0a5ac41f39ca76d3d0e07a12367b769622748d76f4
pm:vm:photonmelodies11.rio.003:2092185664:00131800:00846,cvm,…………什么没问题？<01>,[],layout_only,724a2eb2f9a37ce565d459ae808a11fd4da66b9415afc3aedd0dd3bfb5e680c6,cb08f905c8d0c2622dd62f5cc230e964c16e0564af40b103c401ae6b6ad4ac51
pm:vm:photonmelodies11.rio.003:2092185664:00132032:00847,cvm,【纯夏】「谁会期待小武啊，根本没人！<0A>先不说这个，快拆开礼物看看！」<01>,[],layout_only,d66480644f443fe10509b16496eb9c25f62ce0fd77a01cbb994a8b8710d4335a,85b2de8baa2fc66b1ffb9facc042f87ac40d2d5366f1352b121197c15f65f957
pm:vm:photonmelodies11.rio.003:2092185664:00132076:00848,cvm,【武】「咦？……哦，可以啊？你叫我回来……就是为了这个？」<01>,[],layout_only,eeb7dc113ff09f4e9a2b92563c94cc65ae81bb83270a46a4810c178a57fea38b,c22af7b120349525d14727117a9bbaf041cb9aa02e4cf0892d4839aa065b4029
pm:vm:photonmelodies11.rio.003:2092185664:00132308:00849,cvm,【纯夏】「对啊？」<01>,[],layout_only,be935ee7756ce47bfcf25249f84bb387d736c545b69292e27a5db8b208255fbf,16db41ecf9218bd72b6f6f8be86529d6372a7bc00240368950d7bc7b7a5f5cd0
pm:vm:photonmelodies11.rio.003:2092185664:00132352:00850,cvm,这样啊……。说起来，大家都送了我什么？<01>,[],layout_only,20ae62f24555be50e1ff41ea6455a722deead8017dcb788d68d0cb70270aef22,f2e9fa463afff6f5ef79bf365dde58ed202f71da3ab2e4eea9bbfabdee7cab9c
pm:vm:photonmelodies11.rio.003:2092185664:00132396:00851,cvm,【武】「我看看……先拆哪一个好呢…………」<01>,[],layout_only,d26fd3a1f5daa513a03107e4fb960196082899da4ab8c321750af58d966272f4,68e50486b2ce91138b658bca124f40fb8359b59a3cdf04eff35111465b2db37b
pm:vm:photonmelodies11.rio.003:2092185664:00132628:00852,cvm,【千鹤】「那个比较大的怎么样？」<01>,[],layout_only,4e96896cef157b04198d1bb96b41a391bd06ccddbd1ca3f9efe8ab443546b573,e11e665aeed682cecda10c739e75c6f246bd548d7929576ec6b920943d8ad09c
pm:vm:photonmelodies11.rio.003:2092185664:00132672:00853,cvm,【武】「嗯？这个？记得……是纯夏送的吧」<01>,[],layout_only,7a56f710ad18e6219dfb8c35625b6eeb1e3e8ce4f37b392e27ff8ecd2e905230,8caf7dc9e78bbd902c058a5db04af9f6d587542172b9a8f464b2f035741dc1df
pm:vm:photonmelodies11.rio.003:2092185664:00132728:00854,cvm,【纯夏】「没错！来～痛快地拆开吧！！」<01>,[],layout_only,8bd0e1d48dc5cf5fd25fbcb6aa6f08791714343b489b495e1e31870016fc49e5,b8c6897ebdd743ad11044143e6b6bd5c564b25ab426c1d22139cfa4882255868
pm:vm:photonmelodies11.rio.003:2092185664:00132772:00855,cvm,【武】「好，知道了！」<01>,[],layout_only,44dc787635ac82ffc1571e4fd81b9b8c3968d489bf6d38b7d2725f10632ef25b,01cd7d625a18d051142f3584f131775e95dfc1b2cfe78ed645e3604cae4b8aea
pm:vm:photonmelodies11.rio.003:2092185664:00134048:00856,cvm,【千鹤】「居然真的撕开了……」<01>,[],layout_only,43fd54da109f9727cbd491363a472f895fcb2e93a8cb77ab95b611b4a41de57c,378744ada040ddf9fad7dade056f169c04df7611de20bdbc1d8148f3e3dc1fcb
pm:vm:photonmelodies11.rio.003:2092185664:00134092:00857,cvm,……喂喂，是陷阱啊。<01>,[],layout_only,5fb1d10c9566c3559135c69a54a3f02eff09a6b8d4cac333e32110b81b1fb70d,0c0f6f0ec57648c32832e9e0b161a8987420ab6d5f2efd6bd7e82c7c72679f25
pm:vm:photonmelodies11.rio.003:2092185664:00134272:00858,cvm,【武】「……啊！！」<01>,[],layout_only,fe1217428e38657964e004131a1e8fae6b6754ea9beafcd3c8ccc637f4e43b2b,3ec2cce0a375dffead5ea55082126827d8c5568d6aa645b63d7a0ebbceb65792
pm:vm:photonmelodies11.rio.003:2092185664:00134568:00859,cvm,【武】「这不是 Game Guy 吗！！」<01>,[],layout_only,5834ef557a3d8f8ef730483fb72909eefe5c586bc4fe526e71dcb34c25053f4b,143de06f984884b9ee617f9af5d9178edd32ad91d74792c166eb6e1a103df287
pm:vm:photonmelodies11.rio.003:2092185664:00134624:00860,cvm,【纯夏】「小武，你不是一直想要吗！！」<01>,[],layout_only,83ea6516f7e167ffc7346da0214e8c44ac8aef046e0053e767e63af2be47786a,bf28b6adf51a474b2ae5b8b7a7ed8cb87ee2f265aff17893b4f937e6cccf0a99
pm:vm:photonmelodies11.rio.003:2092185664:00134680:00861,cvm,【千鹤】「到处都卖光了，鉴同学可是费了不少功夫哦？」<01>,[],layout_only,9ab60ee26b659b5fcc79a432019639bd24276364cf01c2083fe3e08255c2f3ce,309653e93e54ca3c66c7675f39385cb74492be4539ce70a1895b9201e5c4f898
pm:vm:photonmelodies11.rio.003:2092185664:00134736:00862,cvm,【壬姬】「是小慧帮忙找到的哦！」<01>,[],layout_only,5dd4ce5d27f3e0c48be417c190ef40ee62a86ab4911ff9f1e4ee57b6785e9bba,328cf6b4a63aefc00898033ee3503cde72923bfb3f6100b328d4443443c8eb02
pm:vm:photonmelodies11.rio.003:2092185664:00134792:00863,cvm,【慧】「……总有地方能找到的。」<01>,[],layout_only,bc9ee0011f7d963e39c018568e743a8eb40d9aadd60051ef9617998ce5ead443,6f5ede74034f1557e1bc735e278539ab499207a9c67a7d426f5e86f9e2b5e543
pm:vm:photonmelodies11.rio.003:2092185664:00134864:00864,cvm,真的假的～～！！我太高兴了！！<01>,[],layout_only,6809da4ec7b5837d39d4cac0d8f20c479ffd1363086ed622933031845e72a31e,95ac8c44de509b20673d6c41670bc2c87567c28cf6042541c92c709f9fdf3e16
pm:vm:photonmelodies11.rio.003:2092185664:00135496:00865,cvm,【纯夏】「喂喂，玩给我们看看嘛！」<01>,[],layout_only,a9bb02e002cdaee90945ddae8ff0aaa8ebd53ce29e7688df45d1518cdfce297a,861891ca2e8fd4bb4e3f0ec4bcb1c899b9d41a7489b147bed3a848995f0f3ae0
pm:vm:photonmelodies11.rio.003:2092185664:00135540:00866,cvm,【武】「好啊……可是游戏呢？」<01>,[],layout_only,25005d8acfa70acaf8c2721e8f5665470ea27c6bb32029827d650237cd7faed4,f5a44c2cafeb80bd76a65d9fd26441d76c7a8b0371bd40c12d933b89b4b658a2
pm:vm:photonmelodies11.rio.003:2092185664:00136048:00867,cvm,【武】「……难道！！」<01>,[],layout_only,687c30af9503a1d9750ab22ec3b485cda3a6ac283cb583e21c57d2c045015a94,623a92cb70cfbd90d90e93736434e85ee9c2798c0f382c0884131760839f897e
pm:vm:photonmelodies11.rio.003:2092185664:00136228:00868,cvm,大家送的礼物该不会……！！<01>,[],layout_only,ada31f36fab67337f5914f00bf247c13c6ed48623c26ed9d23ad7f8937e70bbe,0d42adacacda939a23282fc11363df8a2dd339382d4273ade73645376c4aa58d
pm:vm:photonmelodies11.rio.003:2092185664:00137128:00869,cvm,【武】「这是……《电台实况职业足球》！！」<01>,[],layout_only,649b2d301db8d6144c64cb8133873ed0709c029f2f7515cda00701bcc3d576b0,328cebf3e4b3f21d2850aa2835e035819a121768ed913cb86978947883853046
pm:vm:photonmelodies11.rio.003:2092185664:00137824:00870,cvm,【武】「哦……这不是《F－0.1》吗！」<01>,[],layout_only,28cfad9a4d7f56392a0a8ece9f618a40448938c5532d9c61affb724a5efa5cae,17461bd27e099bbed7897547dbb9788338c06764733bfa06b39515db368f1e1a
pm:vm:photonmelodies11.rio.003:2092185664:00138520:00871,cvm,【武】「这边是《钻井先生2》啊！」<01>,[],layout_only,e824124c032fd700c3a0c08c5d9cf93203bb57d21283b122364af006bbb029f6,65627d0fedf5d208eb8bcf739c3afbb205ba2eecbfdcd851757cab295d404eb6
pm:vm:photonmelodies11.rio.003:2092185664:00139216:00872,cvm,【武】「居然还有！《能源小子·Game Guy》！！」<01>,[],layout_only,c71160d0044f4ebc436f8bbf7d8dced2de911adf31ca425ccb128917f5c87592,d5e84e02030233053d349705fd47551b91c556528386c751e6d3b6270fa2f7ec
pm:vm:photonmelodies11.rio.003:2092185664:00139912:00873,cvm,【武】「太棒了！！是《百分裁判》啊～～！！」<01>,[],layout_only,86e4c2b094f6428e3ebac80c5ec1bb99cd464cdf64773f03d1c7df8bd41b6034,4857d881eae20cd70b0c28c3fb005091c13ab290691348aa7fa07f3910588abe
pm:vm:photonmelodies11.rio.003:2092185664:00140188:00874,cvm,【武】「哦哦！！这是……<0A>大容量充电电池和快速充电器，还有 AC 适配器！！」<01>,[],layout_only,c44e8f60467f930f4a6cfc74ff6ba78891e1c922da05f46823775b12137af919,67bb72ad0ffd3d6399443a70c109f91bd8c9fbc1bd3c1d2946ba9f28404b329d
pm:vm:photonmelodies11.rio.003:2092185664:00140232:00875,cvm,考虑得真周到！<01>,[],layout_only,1233968bc6aea44449d04fa75033e53f7430e304e097c3315f6437b3d73ff706,267d23529ad013139417a366099cd4669d274df5d55e8a9e79b51787dbe33411
pm:vm:photonmelodies11.rio.003:2092185664:00140688:00876,cvm,【壬姬】「这个啊，是霞选的哦，她说你应该会需要」<01>,[],layout_only,71864edb1355b30e6d69e4579578a4c18dbcf272b21913e5cccb970a2eccf5bd,cc4684cc4bbd118eaafbf785854806ad1df6fc07ca60080d25b9f0805ee79786
pm:vm:photonmelodies11.rio.003:2092185664:00140732:00877,cvm,【武】「这样啊——！不愧是霞，真了不起～～」<01>,[],layout_only,a1ad1eea3ad2a3bcae2c7b9d7850caf73060e41ae1fe3910008580a22ffdcdf7,c85c268dc9d18d4749dc90fa8aa1fb0848f04a685b42f3bff8b1c063c5a5f882
pm:vm:photonmelodies11.rio.003:2092185664:00141040:00878,cvm,【霞】「…………」<01>,[],layout_only,ae1d9107f8f518af6cc974f9f2dd86cd5f6b05e10cdcd693676de81bca4abda6,09a1c5c4f3135e6f4548ece4982e45e31d0297b9ec63875c4a72c35e2f926c70
pm:vm:photonmelodies11.rio.003:2092185664:00141392:00879,cvm,【纯夏】「有了这些，到哪里都能玩吧？」<01>,[],layout_only,352c9d63a1ba1b3341abb636b6abd97b73ee2de6425b1ba9af3b64ec9ec08e6c,0e357e7bdff96d43cf0bd8dcff0ecbb613424207df817712ebcb41a613147abd
pm:vm:photonmelodies11.rio.003:2092185664:00141436:00880,cvm,【武】「嗯，游戏阵容无可挑剔，<0A>电池和适配器也都有，游戏环境毫无死角！！」<01>,[],layout_only,e632b84bff2753206b0141152d84f8f31f167951c87e0736a957ed9d932eef58,f0b506bf1ce76d87bbea73c09e8795231c34157efaf658eb90fc52927b21522f
pm:vm:photonmelodies11.rio.003:2092185664:00142584:00881,cvm,你们啊……每款游戏都绝不便宜，竟然每个人都送了一款……。<01>,[],layout_only,2a700da512fc0f19e97546cd553942b3800928e61ecec7033f768bc80ed93292,23f9d544bb4f5af318eafbda6f4d2d8758dd372940f5547017829e97de4b2afe
pm:vm:photonmelodies11.rio.003:2092185664:00142628:00882,cvm,更别说，纯夏送的还是整整一台主机啊？<01>,[],layout_only,809d32eb48f092680b2383b851e9f5f5822719f7b6f7dc2d14fff3d3262d5570,ed5b3fd97bb90a08a277397eca0ebe567b22dd776512024af4f992d71b6edcc5
pm:vm:photonmelodies11.rio.003:2092185664:00142672:00883,cvm,而且明明有那么多种颜色，她选的正好就是我想要的那款。<01>,[],layout_only,48080f6c6e9617eb0f4b5b66c6f00e1ed7685707060cfc3ba71e360b2b7c19c3,2017c73c8dc140f3ddc031451cb546b31df2739ef32b6490ab76c6a081afbe59
pm:vm:photonmelodies11.rio.003:2092185664:00142716:00884,cvm,总觉得……真的好高兴啊……。<01>,[],layout_only,e1cdfe4f23e158ac0f2f6cef4b69c487f2d0a79be13c30f5d92011c985763204,de709fcded06522865b1b064911705a96a001971b4b1832bcc31261436c83eae
pm:vm:photonmelodies11.rio.003:2092185664:00143216:00885,cvm,【美琴】「咦？武，你眼眶都湿了哦？」<01>,[],layout_only,6beb4b2154da75f5d7e66d97e8cf550696d1040dc3233a351c90915840100180,616852f1ae2e49788845cf7613e8f601aae8a71852461c25ff0b4a1f132c61b1
pm:vm:photonmelodies11.rio.003:2092185664:00143260:00886,cvm,——！？<01>,[],layout_only,c895514de27cc02d4e30e052d6d381f6ce0026dae3c1ef5129a7316d32118ee4,660912fa0b31290c31d4ed0f34dfcd79fbb7739aa94634f6c1d51c63ab12fff3
pm:vm:photonmelodies11.rio.003:2092185664:00143628:00887,cvm,【慧】「……感动了？」<01>,[],layout_only,e828eb9f48023c92734cd290eee8e6a008241d71333e64aa0346718eaf14a64c,0f3e1446fbc023b99eb24e835d3370e56b373fae5124c431b8cbb4915ad9295a
pm:vm:photonmelodies11.rio.003:2092185664:00143672:00888,cvm,【武】「吵、吵死了～！」<01>,[],layout_only,37b6ece7c10dceebfe73a82ab2c21afe720c82c66967c57c6d1bd7e4871dc535,a33a9838e9f0cc6931f49c1d65bf878c17724f8ba4b9dfaef669dd093150f728
pm:vm:photonmelodies11.rio.003:2092185664:00143864:00889,cvm,【慧】「……感动了？」<01>,[],layout_only,e828eb9f48023c92734cd290eee8e6a008241d71333e64aa0346718eaf14a64c,6a86b1e2b27e75efdef470bc6b59b755ebb9da895c2ae5682c33a4a51c546cd0
pm:vm:photonmelodies11.rio.003:2092185664:00143908:00890,cvm,【武】「都说了！」<01>,[],layout_only,72e017acb7094f11c84ab3cea1ab3b65ae2a810f9949683c6a27583daa07a518,97b2acfee155cfa957873768ef4cdb7b5513a9498c70d178dc133308158515cd
pm:vm:photonmelodies11.rio.003:2092185664:00144100:00891,cvm,【慧】「……感动了？」<01>,[],layout_only,e828eb9f48023c92734cd290eee8e6a008241d71333e64aa0346718eaf14a64c,588b90d65bc305ace45c6c958a3e25774cd758dd51a2df8b417205373d8da91b
pm:vm:photonmelodies11.rio.003:2092185664:00144144:00892,cvm,【武】「唔……这、这个嘛……」<01>,[],layout_only,d5221b43760e6d6bbd4a1b23e4b1e65d84db8030828e9f10120d4944fd0422f0,798a4424e6c325f08fb038466ba104d4dfe77b3ca31d7f467b159574e9243f11
pm:vm:photonmelodies11.rio.003:2092185664:00144336:00893,cvm,【慧】「……感动了？」<01>,[],layout_only,e828eb9f48023c92734cd290eee8e6a008241d71333e64aa0346718eaf14a64c,68d1bc239fb135ce1b01a50cd9c566d36f5bd5bf68461a988a056c7bf7e28802
pm:vm:photonmelodies11.rio.003:2092185664:00144380:00894,cvm,【武】「嗯、嗯……那当然是……」<01>,[],layout_only,fcedfbee008560bb6769c042c1aa8e61a929b3df8271f1dded3c12e0e7f3de6a,58a0044567f5da6a671757b2e3097daebab6ff7608ceb9c5c21bee8dd3309a71
pm:vm:photonmelodies11.rio.003:2092185664:00144572:00895,cvm,【慧】「……感动了？」<01>,[],layout_only,e828eb9f48023c92734cd290eee8e6a008241d71333e64aa0346718eaf14a64c,6a86b1e2b27e75efdef470bc6b59b755ebb9da895c2ae5682c33a4a51c546cd0
pm:vm:photonmelodies11.rio.003:2092185664:00144616:00896,cvm,【武】「算、算是吧……」<01>,[],layout_only,ad137d9a816c5f5ab3df105b29e60e6049ab98a26926b379807da525c6f2bb23,d37a5748bffcb7dfb89ca62b39ce57086f0106432431f6468ada5074d3c5ce0e
pm:vm:photonmelodies11.rio.003:2092185664:00144848:00897,cvm,【慧】「……性冲动了？」<01>,[],layout_only,3523b5dce57ed440c72cae27e81301eb6f611183d29293066a46c002a8758d63,7bff957bf79b0a63781c3dd28ec31f81b4526e4fca774ded6282371d4b496ecd
pm:vm:photonmelodies11.rio.003:2092185664:00144892:00898,cvm,【武】「对，就是这样！！！……等等，这根本不是一回事吧！！」<01>,[],layout_only,4f6b26f1ad44c9aa20aca533fa67fdc4a2ad1263a75d2ccdafdaf23890a06b94,2cc33e335f285272fae09afbf05c17c3a59d0be2562492af1c6a9958b0cb41a2
pm:vm:photonmelodies11.rio.003:2092185664:00145112:00899,cvm,你这家伙……难道刚才一直重复就是为了这一招？<01>,[],layout_only,9c82776140e7ba078b59d7ef327dc662c6ec7c2bac6c46bba65b76aae1a8eae7,aadad743aba6dece1a0dfc35ac13831810447eee02c811b3942eed888403fa8f
pm:vm:photonmelodies11.rio.003:2092185664:00145344:00900,cvm,【慧】「这样啊……原来被刺激到了」<01>,[],layout_only,9ec5206476e0f15080b6e10909ad649be1517e78fe67b10747f67315f44e69a3,b52ec54bff1ef021b5034a872721d5f7648ddd1ee121b81fe33b9ebfd7b81012
pm:vm:photonmelodies11.rio.003:2092185664:00145432:00901,cvm,【武】「都说不是了！」<01>,[],layout_only,5cc82960b53d54336a2dedfaa7fa22d0ecb02c61dfc9e50ba843834e24c0fa58,6cbfb1f79feba8ca90f1629652094504ef0f4e50abd1ca9f747423c880934390
pm:vm:photonmelodies11.rio.003:2092185664:00145664:00902,cvm,【慧】「……真好色。」<01>,[],layout_only,0884bf8e2d19ed740b6f40186579c3d220c7ee265fcf8d5a6f514d0c7842cf97,5efc2d744b1f2727ad8ef626d5912973bf180ccbeced90d0db44c1f4bf2c4034
pm:vm:photonmelodies11.rio.003:2092185664:00145816:00903,cvm,【武】「给我适可而止！！」<01>,[],layout_only,a78134291b5362bb5610634bfa3e66506b98b4f264581df0b6ff6badc49f2c92,3a138f8ddf74270735b1ac8ba26f1142658394788132c83858bd56e609a2b6ce
pm:vm:photonmelodies11.rio.003:2092185664:00146184:00904,cvm,【柏木】「好啦好啦，彩峰同学，捉弄白银同学就到这里吧……<0A>我说白银同学，挑一个玩给我们看看嘛」<01>,[],layout_only,5aeeff8cf7e57ae21bd02a3e645759e6b06582d358b2f0023dc449d6c79f6cbf,a54dfc4520b735d67933c7f6aaaf6b89f0fbb29981c9704da02cd06eefb8a1fb
pm:vm:photonmelodies11.rio.003:2092185664:00146228:00905,cvm,【武】「咦？」<01>,[],layout_only,77e63d069d95aabd948bf49f0d1875e61a92335dbc417006761d81674ec8c185,b55249e3c0ee06935938d08a2f8a65d886e446dd4c309f96d3566d3e47b2f343
pm:vm:photonmelodies11.rio.003:2092185664:00146684:00906,cvm,【美琴】「对啊对啊，我，Game Guy 的画面，还从没见过呢～」<01>,[],layout_only,eec4f2750bffb51d02ec5e5e5484569373bb66070e44d252211d70bc5fa9ebfa,bedff3821bfa7c5d75929c4c73c406151db9453785eacbff56a3fa6d1b3d7a98
pm:vm:photonmelodies11.rio.003:2092185664:00146728:00907,cvm,【武】「对你这个玩家来说还真稀奇」<01>,[],layout_only,6d5772a2e7d694d3837c3d124e5669c3e9941b5221c0726ca06a6f862f0e4f62,8dddb1c514dd31037f2591b79a84a088c2aae0d572f0e37d949720049e07d278
pm:vm:photonmelodies11.rio.003:2092185664:00146960:00908,cvm,【美琴】「哎呀，它要是至少能达到军规标准，<0A>就算被爸爸带出去，我也能随身带着了～」<01>,[],layout_only,877128da1a5ca16ff3d56e0b52d1b5216d6e27f1f1371673537b25bd3926d9b7,9b1853bb3ed671d13961ca1900354523b0ba15fd35843766ea8ad0260d98cd5b
pm:vm:photonmelodies11.rio.003:2092185664:00147004:00909,cvm,……她在说什么？<01>,[],layout_only,bb7654ba6402691fa14d8ff63ff2343d9f70331e083babcecf382d515c7ef4de,006ff1d6631ad4298f51bd98f5f804bc69bddcd71e0657e88519654cbd8e9e3d
pm:vm:photonmelodies11.rio.003:2092185664:00147328:00910,cvm,【壬姬】「壬姬也是第一次见～！」<01>,[],layout_only,bf8a03d5b0ca1dc69e1158c569dffb4a219c8627749d2cb501371e9da4614cdf,5158b9a6e650b30a3e9d5bf54ce3abc3cf0b0e073c7b4c3ee072caf789c92bf6
pm:vm:photonmelodies11.rio.003:2092185664:00147828:00911,cvm,【千鹤】「……总之，玩给她们看看不就好了？」<01>,[],layout_only,825ee5e4ecfb49a4072bd41fa7a5b9ceeb0462988e8682cdc4864cb8db620c81,6d9f9c8e9ace8db86dafbf2c494eb2f275bfba7a5ff247aacbe5c1a2327b90f2
pm:vm:photonmelodies11.rio.003:2092185664:00147872:00912,cvm,【武】「这个嘛……倒也可以」<01>,[],layout_only,fbdbf4f5868dde887c5bab28a3ab26921f662f4a77ff44dfb4432fca1697d2c1,3f7151a41142ca6025372020350969bf9ff4ac26067ad03439a76de27908b8ab
pm:vm:photonmelodies11.rio.003:2092185664:00149020:00913,cvm,那么……选哪个呢……。<01>,[],layout_only,fc2249a29cdfc05772946fd28b6f758acc6bb06476d8e5642a79a1de521279a4,5d894aa69ac673c6a798b8c54e93a3f99e47b50d2dbdb13848609c9312accb77
pm:vm:photonmelodies11.rio.003:2092185664:00150624:00914,cvm,【武】「那么，就试试这个吧……」<01>,[],layout_only,55dcfe1001c29a9843584b6a5837f83d0ee85de422e8e6099c8a87dbda800e90,4caaaf2e7282400be21f9b5ee07401887043cb88802023fcd5f7d5df8da17b16
pm:vm:photonmelodies11.rio.003:2092185664:00150668:00915,cvm,《电台实况职业足球》<01>,[],layout_only,22d338ada5cdcceb300af88e113c6987a3d11fa366adf9bb43fa86a903f2e823,71bb70160b6d89d88c44cdfe63568aa9de783d8ed6586a27190587a589e33f82
pm:vm:photonmelodies11.rio.003:2092185664:00151860:00916,cvm,【壬姬】「太好了！我先出线～～！」<01>,[],layout_only,d2dc3840b8f0934a6e0badd19fee8db4566925e9c767b35a9106984b58fae5d9,1e44c1842bb4d86f85368453fd3a8752351575b164d2d57ee20ac45f80951511
pm:vm:photonmelodies11.rio.003:2092185664:00151904:00917,cvm,【武】「嗯？怎么了，小珠」<01>,[],layout_only,99dfddd356a8ddc8d229bf9d82fe427a1a381df5d1857e3ad5bd40f8be44f19b,4c1a9cedd38533a415b4210e65ae87c6954b07a5b2d3572641afc86020723bd7
pm:vm:photonmelodies11.rio.003:2092185664:00152136:00918,cvm,【壬姬】「那个啊，那个啊，是壬姬送给你的～！」<01>,[],layout_only,caba94dbf50203b0c54e8459bfcfb55c4b6a335ff2ff7374654242d610bdd509,be712e4ef52a788d8e81ea741b28e855698bb1755384b9c438c95c0ec5d5ffac
pm:vm:photonmelodies11.rio.003:2092185664:00152180:00919,cvm,【武】「哦，好像是这样……所以，先出线是什么意思？」<01>,[],layout_only,262c31d9e4149ed38ce6a3cf7752c11b226ba9a657a8fdc1b239d0e685c293e7,cd04c81af59a69b47a1fb1e7bd11ce830e3330a0cb5e45f8d352c30b20a17e3c
pm:vm:photonmelodies11.rio.003:2092185664:00152412:00920,cvm,【壬姬】「这个嘛——，要看小武哥选了谁的礼物，<0A>被选中的人呢，蛋糕就——」<01>,[],layout_only,9dfc745cfb47f5f7717cf6d027c84f6f12e2e4d10b22265d4e67f1dfb4e3cad5,cb82d7187e63a9859fc8148b5079e4c0e7e304b12912a33a53fee3907efdfe1e
pm:vm:photonmelodies11.rio.003:2092185664:00152456:00921,cvm,【武】「什么嘛，原来你们果然都是硬撑着吃的？」<01>,[],layout_only,9d27936cf7c272e7531f4cd1ad27e31fdf5b3f78638d03166bb1bb2b911efad2,db23ecff27cfe7c58f2038181328cc7489e57534766e2b4c3ae123117fc479e2
pm:vm:photonmelodies11.rio.003:2092185664:00152688:00922,cvm,【壬姬】「咦？为什么这么说？」<01>,[],layout_only,7d9b835f98d367ff083ce61edfa67b71ee41c961ca9f12c0ef35f71653c2016b,eea6740868a90fbf1ffed7099ea31b131d67ab97a665de1f2dff6ac6434d82d1
pm:vm:photonmelodies11.rio.003:2092185664:00152732:00923,cvm,【武】「因为，你不是能逃离蛋糕地狱了吗？」<01>,[],layout_only,7e0a7832e2962b3970e0804491124be47e3a499a7d589d7eaf5f412abe53d560,c54e299c4d80d12c3d57728c939f94876ef92484d20e2d0c5d5c3c1123e2e306
pm:vm:photonmelodies11.rio.003:2092185664:00153232:00924,cvm,【美琴】「不是啦，是可以去吃蛋糕了！！」<01>,[],layout_only,a2472a9e13f26b0ff16f2b15188d2ffa6ffb94f2b8ce4b5cdecf51bf1ed78f97,53cbe200990f0e9f74ed0d748f507cb1c6e3d84033c505b53b21922eb659bebf
pm:vm:photonmelodies11.rio.003:2092185664:00153276:00925,cvm,【武】「哈啊啊啊？」<01>,[],layout_only,393edd3bfe3ad00245083cdfcd6a78d0cbec85c350258f93e79b36d7b2c38c29,f06998195d73f48aebb2e5513bff30749c96ee928e73c4d48c51c1d46bddb03a
pm:vm:photonmelodies11.rio.003:2092185664:00153320:00926,cvm,你们这些家伙，都这样了还打算继续吃？而且还高兴成这样……。<01>,[],layout_only,6481531aa14c0d61bbd3b47856916d99362143a8b4fbe4386c8a5b0d83cea437,8991c1c0d8aa0e8b46e35b785d54dfee5c73b0e0f2f276f6ffa9ab4861b1d2ba
pm:vm:photonmelodies11.rio.003:2092185664:00153364:00927,cvm,太奇怪了，我只能认为那蛋糕里掺了什么可疑的药物！<01>,[],layout_only,6aa39d7a56a488735946acd53317d5048e83023f5d86b6dd80a0e788925dae7a,ce9ff532fc7186ddca59f7ff6e890e5affc2d5780d4d5debc31f29da1cac3272
pm:vm:photonmelodies11.rio.003:2092185664:00154512:00928,cvm,【武】「小珠，你……真的没问题吗？」<01>,[],layout_only,732d434a53aa54565874f6315665640a95c9af0e1fa8cbac9e625dc202b9e4ef,c22da224c4903a1775af0256511214786de83bfad749c67ef8044418f2c9409e
pm:vm:photonmelodies11.rio.003:2092185664:00154556:00929,cvm,你那么小的身子，蛋糕到底都装哪儿去了？<01>,[],layout_only,188a15b90204e87ac9b5d72234ed9fdb6864f4253ef5b8c8aecef7e386024fe2,567dc432d39f6e8beadf082fbdb500b873abe3c479b8b10644188cf5adc2ac41
pm:vm:photonmelodies11.rio.003:2092185664:00154788:00930,cvm,【壬姬】「哈哈……小武哥，你问得真奇怪～。当然没问题～～」<01>,[],layout_only,2d4ffe405336201363a1d423bb0f7040c6d4c39efed738feacb306a79d49f971,515884e79a6e1109e856bdcaa2824fe21d983e0dc446f83e695e435de2fb13c6
pm:vm:photonmelodies11.rio.003:2092185664:00154832:00931,cvm,…………。<01>,[],layout_only,efa30788584cfea7ade60ccc37d7fc6cda943e64935eb133252c341159e58e05,0b3d7aae4004dc9b91522cf9245f879b48b6a3b3d3c28ecbba043ba8207a6df9
pm:vm:photonmelodies11.rio.003:2092185664:00155064:00932,cvm,【壬姬】「那各位，我们几个就先去吃啦～！<0A>纯夏，霞，我们走吧！！」<01>,[],layout_only,402d9f3d41c692f54f5fdcd42cabebb48fa19f5fddf67200e709082fc75193f7,cffbe28b9380911d5d03abf173fe9d84ea8c97f3c916c5963eaea859e96cfe5c
pm:vm:photonmelodies11.rio.003:2092185664:00155396:00933,cvm,【纯夏】「嗯！」<0A>【霞】「好」<01>,[],layout_only,a1683dbabb2461e36871c98438bb0fe3c64378500a574ee8a54faf63a5a48e75,34436c180290e8b24180333ba4efaafc178d7d50b3c74feb01fb636bd947a57b
pm:vm:photonmelodies11.rio.003:2092185664:00155580:00934,cvm,【武】「纯夏和霞……这样啊，<0A>因为她们买的不是游戏，所以不算在内」<01>,[],layout_only,c1701015f7c3e386a4fee3ffe489027a2195fa39f9489304b562c50fa0dd42af,4787e7bf8512c224a787cab7e8b5ff522db48d183f268e71fd8fd5a490ebbd80
pm:vm:photonmelodies11.rio.003:2092185664:00155812:00935,cvm,【千鹤】「就是这样」<01>,[],layout_only,8e44d9f39e26d578bcd03da4fe841290ca0f9c5e840478eaa2e8219bb89f6be6,f08a14989512b7fc3ee481e5ab611a03a9a2361f35b3fbf9019a9438c4326a81
pm:vm:photonmelodies11.rio.003:2092185664:00156004:00936,cvm,【纯夏】「好～，开吃啦——！！」<01>,[],layout_only,3b3f4ad80a9025bb7c86d671362b4745a62f0544adc061ff6296d4223aa9a500,54e8182e147f7efa766214e3c677935e626da1e9cb3fb1fa2d4bd51b672563eb
pm:vm:photonmelodies11.rio.003:2092185664:00156060:00937,cvm,【壬姬】「我开动啦～～！！」<01>,[],layout_only,afda18f6594cd89a439e479c89cbc70112441eef20938605621dce6a1cb14b4f,4fe720b3638f27264abbede0298f467c4802fa514fb7b64f4a11f9cef222f236
pm:vm:photonmelodies11.rio.003:2092185664:00156116:00938,cvm,【霞】「我开动了……」<01>,[],layout_only,99bf64164a980b0acd6b2381e1f6498f5e36091fe39d02f82cfa3cf7c8cecb10,afaf13c763a2b4cac56e79d2b47804fc0fb69530efb854085b5336a11a8ee545
pm:vm:photonmelodies11.rio.003:2092185664:00156348:00939,cvm,【柏木】「白银同学，要不要选下一个？」<01>,[],layout_only,38177752d3292d88c51e6866e4a576c8eda2587baafc2e70f9d1442e2d415a77,1bdd96e3d12db5dada13cc6655cabd02aa0ad9832a97915a0fd03b9bd28aee8c
pm:vm:photonmelodies11.rio.003:2092185664:00156404:00940,cvm,【美琴】「武～，不快点的话就要被大家吃光啦！！」<01>,[],layout_only,f3889e217bfdf851c08aa59ac3cb4700cedf6f222dad812b5eb5547306d6569a,06207d730357d1b6bf9b3e39fd355f9dc51cf52949fc720cacab66ed0e3041d2
pm:vm:photonmelodies11.rio.003:2092185664:00156448:00941,cvm,……那样不是更好吗？明天会变成什么样我可不管哦？<01>,[],layout_only,024308ff1cbe83e96f14fab61b2e1a6c4f6e8d76fea4266daebee6e93c840a18,b3ed429fac1601a5d2aa3b91fce05c291b95ec44a74c5400f38772eb5d7ded9d
pm:vm:photonmelodies11.rio.003:2092185664:00157872:00942,cvm,【武】「那么，就选这个吧……」<01>,[],layout_only,81e3d740e35eaefe18ef16b37d5ac71f042a27c0c0f24b3f8f40f27a890d74a2,b8f48c3a45fe3328861a8912a2b04ce92fdd407c1918b7508e3d5d01ba127f91
pm:vm:photonmelodies11.rio.003:2092185664:00157916:00943,cvm,《F－0.1》<01>,[],layout_only,06c495b673d8a71ea680fd4fe5de669b8f97c785130386175610887178a09c11,fbbc92a19a75ddb475ebdd330229bac17ffbaf153d22ee3938d83fde53861645
pm:vm:photonmelodies11.rio.003:2092185664:00158316:00944,cvm,【慧】「…………」<01>,[],layout_only,06bd3f7883ae880e1d2e23be206ad1ba874b905e38ce2b8f596153a282542865,e988c43f59a998e81ed9678a9edebfd9d31a258124764e3d6e90dfc3b2f409c4
pm:vm:photonmelodies11.rio.003:2092185664:00158360:00945,cvm,【武】「怎么了？彩峰」<01>,[],layout_only,e43545946e8c1097c9ac62ee946aaafa4bf6a1ff0dde13105c9962d374999c57,3f0bb48fc9ae74fc90c4aabdc66724fb522168734942b352c7def6a7a908c1f6
pm:vm:photonmelodies11.rio.003:2092185664:00158592:00946,cvm,【慧】「那个，是我选的」<01>,[],layout_only,bde9f81c8371e524b772a066359238cc0927ec316ca32906d5de6624fda1b38a,0f12cbc142afb1bedf5add69a33963ad8fa7295c09ef9510724ca8cf524fce76
pm:vm:photonmelodies11.rio.003:2092185664:00158636:00947,cvm,【武】「哦，好像是这样……」<01>,[],layout_only,bd9f545a03313bd05816643138ba615762715d1896f5134620afc64147ce0110,cbd80394e4912ed9618926eaa3ffcb4f6e30d600f13b75aca6b9b68ea9a2b4f6
pm:vm:photonmelodies11.rio.003:2092185664:00158868:00948,cvm,【慧】「我先出线了」<01>,[],layout_only,4049331dea89133e583cbe5977c238e957ec2dc4cac77898efc4cc31226fa272,69739c6e6532b313b180b0119909e21fabf1da43f19a78213a68a29c7ed8fbea
pm:vm:photonmelodies11.rio.003:2092185664:00159476:00949,cvm,【千鹤】「你为什么看着我说？」<01>,[],layout_only,77b4d4e26007fd8f8bb5736b3a313c994802dea4444e29ca6bfb4664e1cc5c87,bdc0079f705008a688e01a352f4bfbf78c53de024c6f63e6c5f75cdd63e97dd8
pm:vm:photonmelodies11.rio.003:2092185664:00159844:00950,cvm,【慧】「没看没看……」<01>,[],layout_only,10583fe92755b86b96c5bd3a42c11f82bed87871d5e31517afd4e2741bf34bf3,b5cb05f74402c0661ab716c986821e123abeb4a3ba2cd5cdaaac8838656f9d67
pm:vm:photonmelodies11.rio.003:2092185664:00159900:00951,cvm,【千鹤】「你明明看了！」<01>,[],layout_only,616f37266eaecaf5727aa73ba52247e26cd1642ec1ddd698241fc4fcd8a6026b,ac1835cb83ebc63b9b02439e8a2489ffbecda1bb5576b2619fea61edfb0a194a
pm:vm:photonmelodies11.rio.003:2092185664:00160652:00952,cvm,【武】「……喂，小珠，快给我解释解释这股不妙的气氛！」<01>,[],layout_only,3f724f91a2fd54d0b2b7808fe961ba8577a512e68b6a85509aed5a31cff5325e,d2ac68a795eb7502a3c2d12af516b86de2996ab90eba2d01b7ce1efa01b4d90b
pm:vm:photonmelodies11.rio.003:2092185664:00160884:00953,cvm,【壬姬】「这个嘛——，要看小武哥选了谁的礼物，<0A>被选中的人呢，蛋糕就——」<01>,[],layout_only,9dfc745cfb47f5f7717cf6d027c84f6f12e2e4d10b22265d4e67f1dfb4e3cad5,cb82d7187e63a9859fc8148b5079e4c0e7e304b12912a33a53fee3907efdfe1e
pm:vm:photonmelodies11.rio.003:2092185664:00160928:00954,cvm,【武】「哦，所谓先出线，是指不用再继续吃了吗？」<01>,[],layout_only,2e0e59cd186bf271abd9fc453f59b77909cac348d1852ddb29f59bf0853d84f7,426aa95e93a7d5a16994d2cce36871226404bc2e8273e22d67061a8b439e5c2e
pm:vm:photonmelodies11.rio.003:2092185664:00160972:00955,cvm,你们这些家伙，原来一直这么勉强自己吃啊……。<01>,[],layout_only,f9fc8aae7260e8763812b4c044ad8a3dcbfa8782af23d632e8c03de6990d2c7b,9663cb2f301eb1dd55b7469e21b4ac54271dfbb1049beba65206f2695d38c23a
pm:vm:photonmelodies11.rio.003:2092185664:00161204:00956,cvm,【壬姬】「咦？为什么这么说？」<01>,[],layout_only,7d9b835f98d367ff083ce61edfa67b71ee41c961ca9f12c0ef35f71653c2016b,dabfae0419c74b0e1d050ac1849e0a361e8d6f7478849d1a42bef8ff43c4ad88
pm:vm:photonmelodies11.rio.003:2092185664:00161248:00957,cvm,【武】「因为，她不是能逃离蛋糕地狱了吗？」<01>,[],layout_only,7e0a7832e2962b3970e0804491124be47e3a499a7d589d7eaf5f412abe53d560,6c28c94ce2a34f2ac1b7b630f6cfd6cf2dc0896243d5d40ef0a2f9cf76bb719a
pm:vm:photonmelodies11.rio.003:2092185664:00161748:00958,cvm,【美琴】「不是啦，是可以去吃蛋糕了！！」<01>,[],layout_only,a2472a9e13f26b0ff16f2b15188d2ffa6ffb94f2b8ce4b5cdecf51bf1ed78f97,b11a03b2fd94db1bb1a303ebc4fa5de4c013012352491442d50387d75f2ff532
pm:vm:photonmelodies11.rio.003:2092185664:00161792:00959,cvm,【武】「哈啊啊啊？」<01>,[],layout_only,393edd3bfe3ad00245083cdfcd6a78d0cbec85c350258f93e79b36d7b2c38c29,0ee217113e98c251b6438e3cf6a50fec5e4539db937fee5520a0b147fbcd3d32
pm:vm:photonmelodies11.rio.003:2092185664:00161836:00960,cvm,你们这些家伙，都这样了还打算继续吃？<01>,[],layout_only,42f6d94ee9e10dfaaafa2dea2d5b3c7c2b66c83950510d6f0b5405163fa68fbf,efcbc19a2d7d911c7aba426aa860f5547f2cc7cbffba796ab865ecda05e104e8
pm:vm:photonmelodies11.rio.003:2092185664:00161880:00961,cvm,【武】「喂，彩峰！你真的还能吃得下吗？」<01>,[],layout_only,46045dc684e94bf500be761f93a84fd76558288a006d6c2714be02e8dfe72b8c,3f9e05f19b1cde2db35def0ef1972a9b1172f86faa3e43c89bdb14a5ce8f78ff
pm:vm:photonmelodies11.rio.003:2092185664:00162380:00962,cvm,【慧】「没问题……自古就有‘甜食和炒面另装一个胃’的说法」<01>,[],layout_only,a600208141b0e6d7d56ce2b6b82424ae0232005a290db3ac863c644cf160c3f1,c6efb5ea34e9545699ea350605d4619b32f498d678257368c3078cea5b9783dd
pm:vm:photonmelodies11.rio.003:2092185664:00162424:00963,cvm,【武】「从来没人这么说」<01>,[],layout_only,567e1d49c8f208f69f23668dc4f077bb32dcb190a2ead3e3842aae0b7eba9b77,dd8a4c8ba4d85330629e73a95c650885d9913cdcb95b4318af9f40573aab7341
pm:vm:photonmelodies11.rio.003:2092185664:00162468:00964,cvm,太奇怪了……我只能认为那蛋糕里掺了什么可疑的药物！<01>,[],layout_only,fa13dd306fb2a6d22f944c54f20c92b0625f5f95ce3f618a3294df5cdb8f4144,2e81cceed8cc97493e8c9b532229237c4e9a682655e42e82262aa8e316080f36
pm:vm:photonmelodies11.rio.003:2092185664:00162524:00965,cvm,【慧】「那么，鉴，社，走吧」<01>,[],layout_only,4ac44bbe49696ad8d7b7f30f4cb6c40dddda66b698ed6a461d10448c23e84479,8a7955a3df72a888b0bd1b091dce08e1af70b051aff9517cb3e05bf99f5984a4
pm:vm:photonmelodies11.rio.003:2092185664:00163692:00966,cvm,【纯夏】「嗯！」<0A>【霞】「好」<01>,[],layout_only,a1683dbabb2461e36871c98438bb0fe3c64378500a574ee8a54faf63a5a48e75,34436c180290e8b24180333ba4efaafc178d7d50b3c74feb01fb636bd947a57b
pm:vm:photonmelodies11.rio.003:2092185664:00164444:00967,cvm,【武】「纯夏和霞……这样啊，<0A>因为她们买的不是游戏，所以不算在内」<01>,[],layout_only,c1701015f7c3e386a4fee3ffe489027a2195fa39f9489304b562c50fa0dd42af,4787e7bf8512c224a787cab7e8b5ff522db48d183f268e71fd8fd5a490ebbd80
pm:vm:photonmelodies11.rio.003:2092185664:00164944:00968,cvm,【千鹤】「就是这样！」<01>,[],layout_only,19943a8f9e687c5c5d2e49aa6a5038239777e6069ffb758679efb1daf9e2f208,b24ffbaf95f14adf5390b38f4894ad6254713e7960df43879fdfdb029009d8e2
pm:vm:photonmelodies11.rio.003:2092185664:00164988:00969,cvm,呜哇～！她心情差着呢！！<01>,[],layout_only,8baba8462ca4ed69ac3116db72a46a42a10011ff596acf4dbf1dd0897bee4a17,d9f9813aa0e8f82616972c5022389629c72006419fdfc32d3997eee9ec2d00bf
pm:vm:photonmelodies11.rio.003:2092185664:00165180:00970,cvm,【纯夏】「我开动啦～～！！」<01>,[],layout_only,58c3ce3f1d73b1dd6830dc3bee251865d2b067e64085c2b890e44bbda14642f9,be647404e50e0e1fe35f9502c57d60cced2b11306b10de849100de4a1b8b4822
pm:vm:photonmelodies11.rio.003:2092185664:00165236:00971,cvm,【霞】「我开动了……」<01>,[],layout_only,99bf64164a980b0acd6b2381e1f6498f5e36091fe39d02f82cfa3cf7c8cecb10,afaf13c763a2b4cac56e79d2b47804fc0fb69530efb854085b5336a11a8ee545
pm:vm:photonmelodies11.rio.003:2092185664:00165668:00972,cvm,【千鹤】「白银同学，下一个呢！？」<01>,[],layout_only,c62f0fc230a51961e48212a6593a7651ef1e77b4096675d80b496bf88418c52f,f48b4bb33d11afc915639814fa198c4ce1b7c633fea1d8b626e2d7882db4f5c2
pm:vm:photonmelodies11.rio.003:2092185664:00165712:00973,cvm,【武】「别拿我撒气啊～～」<01>,[],layout_only,8583e0ff8271ea4af481f4a61352e7aa45295e8b6d32e3b45ec4f883111cabc5,ee4fb553c238b92a8e8f589f1c4d438d996e07fd377b1b4b5e0705b85561ba4a
pm:vm:photonmelodies11.rio.003:2092185664:00166972:00974,cvm,【壬姬】「小武哥，快点快点！」<01>,[],layout_only,89547d9d1aca3ec4686907342b6b86810f7916308c4b8555686d7aa58244a1c6,2fdd3c1a1ac6e217e7e4e6d443b9a2fa2ebde9a20b156c13fcac97726f2d7590
pm:vm:photonmelodies11.rio.003:2092185664:00167216:00975,cvm,……明天会变成什么样我可不管哦？<01>,[],layout_only,8d0f2af7c4abdc9e0e3ce4a1b29ead4e9275318928ddab8cdf89e32657918b2a,975d33bf2eaa9d9a19a2d2a6fa33587f9b3994e58d517275824044aa1e140f4d
pm:vm:photonmelodies11.rio.003:2092185664:00168684:00976,cvm,【武】「那么，就试试这个吧……」<01>,[],layout_only,55dcfe1001c29a9843584b6a5837f83d0ee85de422e8e6099c8a87dbda800e90,4caaaf2e7282400be21f9b5ee07401887043cb88802023fcd5f7d5df8da17b16
pm:vm:photonmelodies11.rio.003:2092185664:00168728:00977,cvm,《钻井先生2》<01>,[],layout_only,d09097fc9f24817e1b5ef89dd036d02c090b33035bca7f795e28394efd3e7728,54f3f3ac1f956e9cf6b45993714a279c8f42fe7a7bffac9e48443daa2f666c2f
pm:vm:photonmelodies11.rio.003:2092185664:00169392:00978,cvm,【千鹤】「不愧是白银同学，真有眼光」<01>,[],layout_only,2c82f6e515c51b7c6e142f9e693252b6a8588bb68032d8a54f869012ba46c197,96ca68e4f33b194c0c32cf562029739020aaa0629568829f3ac34b6c1bc3d7f5
pm:vm:photonmelodies11.rio.003:2092185664:00169436:00979,cvm,【武】「什么意思？」<01>,[],layout_only,38cd96ca67f2b16842e95d7bf7d2a035f6b69d550cc4af6917b1a75969b33986,cc1f42f2247a10e0147c5d83f93969f4da6284f91c157c7ea77ef8fbab2ed49f
pm:vm:photonmelodies11.rio.003:2092185664:00169668:00980,cvm,【千鹤】「那个啊，是我选的」<01>,[],layout_only,aa279ca270b425d1e268ea8c77e67bfe466ecb0b84e882e4a80c90dad208ac6e,49f6b88f18712e3f0f0ecc18fa07ef403d668295cb59220199b1b870a33aa0d4
pm:vm:photonmelodies11.rio.003:2092185664:00169712:00981,cvm,【武】「哦，好像是这样……」<01>,[],layout_only,bd9f545a03313bd05816643138ba615762715d1896f5134620afc64147ce0110,cefec556fc67acadc3f8c8228ca68bda32ce10407c8f65d4c1e2a942a699924b
pm:vm:photonmelodies11.rio.003:2092185664:00169944:00982,cvm,【千鹤】「我先出线了。那么，各位」<01>,[],layout_only,10c9292e7bc688b2f19cf36fa44195a95aba582f2bddaf78027fa1dfc9da0d37,3e41719b08134a5921ca2ad3bea544db4e7b43b2306977b502a5029b078b4c26
pm:vm:photonmelodies11.rio.003:2092185664:00170708:00983,cvm,【壬姬】「唉～……」<01>,[],layout_only,9476c347e91651d86ca8d35b8fcc39a05cf44432dc5bbcf15ece5757e5d1959f,941f8550423d2d4f96d93da8fba8d34f20462830d5d549c5e1825c292ba38716
pm:vm:photonmelodies11.rio.003:2092185664:00170940:00984,cvm,【美琴】「被抢先了～～」<01>,[],layout_only,b7f817afbd066fe593ba6c87607354e5a311dbca83ab0af9df874d66361e2ef9,d06b3f0ea2e6756cf41b4f51c08a57b98275481f40d379372e63c51d7696f7a5
pm:vm:photonmelodies11.rio.003:2092185664:00170984:00985,cvm,【武】「？怎么了？」<01>,[],layout_only,4a3d451df41e4a2199f03983eefbd9e15b4001281fd4a3b4b298bb9421bcd34a,44a92467bcd1e711d99717c8bc9963bc305b1f1ae01d8ca164334e077b6e75fb
pm:vm:photonmelodies11.rio.003:2092185664:00171352:00986,cvm,【柏木】「要看白银同学选了谁的礼物，<0A>被选中的人呢，蛋糕就——」<01>,[],layout_only,94937b43ac5229d903ebfaa298f3575ef3d93d5a3fb554334dd9594ba8cfa9bb,87e344aa354c4901517d61311a0bf6c1fdce7ff0cf9302251af82217aeb2db54
pm:vm:photonmelodies11.rio.003:2092185664:00171396:00987,cvm,【武】「什么嘛，原来你们一直都是硬撑着吃的？」<01>,[],layout_only,df10bfbff5b2556c7eb1c48e248afa177cdd749b990e35bdb8df060591317283,bf8e0c9300b20a92510a9fbaa63133160940e1368f8893e4349c1a4b9fd870fb
pm:vm:photonmelodies11.rio.003:2092185664:00171628:00988,cvm,【柏木】「咦？为什么这么说？」<01>,[],layout_only,09430b2e4c940032cc0e48e0029a97d877eab86df8a73923c39edc23deefe93a,bdf4e5e2b28a2325dd353a6a4db4efd1a8f75ba3555e2aa1af633cde8db2a7ca
pm:vm:photonmelodies11.rio.003:2092185664:00171672:00989,cvm,【武】「因为，她不是能逃离蛋糕地狱了吗？」<01>,[],layout_only,7e0a7832e2962b3970e0804491124be47e3a499a7d589d7eaf5f412abe53d560,08e7b1f7310effbe09613ff5fe0242fdfc024e1de7f308a1c763f7505c99b24d
pm:vm:photonmelodies11.rio.003:2092185664:00171904:00990,cvm,【柏木】「哦，不是不是，是可以去吃蛋糕了」<01>,[],layout_only,6a959728c2847de55e640e112cdb752c9f16a2f628301d9dba52348696c96afe,eb7413f356f510496cb56d24fc34f7fa031b099c73a4eaba401d060d8b272133
pm:vm:photonmelodies11.rio.003:2092185664:00171948:00991,cvm,【武】「哈？所谓先出线……是获得吃蛋糕的权利……吗？」<01>,[],layout_only,611dfb7fe9a28bb29a8356264963518c80f997347160c1167163d074853f77bf,3c65b547d99e2b383e90689acffd062153a7362d60423a1b8b5db0d7fbe8bca8
pm:vm:photonmelodies11.rio.003:2092185664:00172180:00992,cvm,【柏木】「就是这样」<01>,[],layout_only,6bed57c173847f29b8ae9259c7c579bc9d14ebd6aff24f4fce1fbe099f357a5a,16594e17aa08e01738179bdd3285db7a76e4dc96fef3d10a0027f5761bc59b70
pm:vm:photonmelodies11.rio.003:2092185664:00172224:00993,cvm,…………你们没问题吗？为什么还能吃下那么多？！<01>,[],layout_only,077d4bfb1bb4913d0f252e1edc0a4f24ed04b1b4af4b6f38d70b2b4b5b355457,e3abf1aa8362c0933aa0a971edac1d6887796a229821d1b7acf062055e9004db
pm:vm:photonmelodies11.rio.003:2092185664:00172856:00994,cvm,【千鹤】「那大家，继续努力哦。鉴同学，社同学，我们走吧」<01>,[],layout_only,742522b90d4e18fb8673c34115db8067c908a1d3a3a8799cecbee15fd852a7c9,d89f1a8cf11fe949a4e350843eca0a5f42e41c744b79e48d8111304c75bf44cb
pm:vm:photonmelodies11.rio.003:2092185664:00174024:00995,cvm,【纯夏】「嗯！」<0A>【霞】「好」<01>,[],layout_only,a1683dbabb2461e36871c98438bb0fe3c64378500a574ee8a54faf63a5a48e75,34436c180290e8b24180333ba4efaafc178d7d50b3c74feb01fb636bd947a57b
pm:vm:photonmelodies11.rio.003:2092185664:00174736:00996,cvm,【武】「纯夏和霞……这样啊，<0A>因为她们买的不是游戏，所以不算在内」<01>,[],layout_only,c1701015f7c3e386a4fee3ffe489027a2195fa39f9489304b562c50fa0dd42af,4787e7bf8512c224a787cab7e8b5ff522db48d183f268e71fd8fd5a490ebbd80
pm:vm:photonmelodies11.rio.003:2092185664:00174968:00997,cvm,【柏木】「就是这样」<01>,[],layout_only,6bed57c173847f29b8ae9259c7c579bc9d14ebd6aff24f4fce1fbe099f357a5a,4475398016432ad7702b60c402adeb61ad54c16cc260e7708c459cc3aef876d8
pm:vm:photonmelodies11.rio.003:2092185664:00175160:00998,cvm,【纯夏】「好～，开吃啦——！！」<01>,[],layout_only,3b3f4ad80a9025bb7c86d671362b4745a62f0544adc061ff6296d4223aa9a500,0a5960fea786dbfade304ebe9f8bbd2f890f41096914d27d02d48aaa52d7856f
pm:vm:photonmelodies11.rio.003:2092185664:00175216:00999,cvm,【霞】「我开动了……」<01>,[],layout_only,99bf64164a980b0acd6b2381e1f6498f5e36091fe39d02f82cfa3cf7c8cecb10,afaf13c763a2b4cac56e79d2b47804fc0fb69530efb854085b5336a11a8ee545
pm:vm:photonmelodies11.rio.003:2092185664:00175260:01000,cvm,太奇怪了，我只能认为那蛋糕里掺了什么可疑的药物！<01>,[],layout_only,6aa39d7a56a488735946acd53317d5048e83023f5d86b6dd80a0e788925dae7a,ce9ff532fc7186ddca59f7ff6e890e5affc2d5780d4d5debc31f29da1cac3272
pm:vm:photonmelodies11.rio.003:2092185664:00175748:01001,cvm,【慧】「…………」<01>,[],layout_only,06bd3f7883ae880e1d2e23be206ad1ba874b905e38ce2b8f596153a282542865,e988c43f59a998e81ed9678a9edebfd9d31a258124764e3d6e90dfc3b2f409c4
pm:vm:photonmelodies11.rio.003:2092185664:00175792:01002,cvm,【武】「怎、怎么了，彩峰？」<01>,[],layout_only,9587a352ca45632d1794f63602258cc862736282365e66a559c1ce90ca0e2fb8,acdbd6cd7dc174e63ee380732ad9a8ae1e69c5b7ebf1c094c0e7bbe869133637
pm:vm:photonmelodies11.rio.003:2092185664:00176024:01003,cvm,【慧】「快点选」<01>,[],layout_only,269c99be27dcc0b1a6636da31ce0807d884a25f42149220ec7f7f0fe037ebdc3,225ea5aa241c08aba2cd2b72c63fd417ce3e9bab40485e416a362d00844ef4ea
pm:vm:photonmelodies11.rio.003:2092185664:00176068:01004,cvm,…………。<01>,[],layout_only,efa30788584cfea7ade60ccc37d7fc6cda943e64935eb133252c341159e58e05,0b3d7aae4004dc9b91522cf9245f879b48b6a3b3d3c28ecbba043ba8207a6df9
pm:vm:photonmelodies11.rio.003:2092185664:00176300:01005,cvm,【慧】「下次再选不中我，就把你扔出去」<01>,[],layout_only,ec1e43e57917281fe929e99552ff8c5ccfcdbe5a104a3ebdc732441721599771,d694483c2d298b9833f56a13691113bf281d832275b72f419f8214e5ed87f23f
pm:vm:photonmelodies11.rio.003:2092185664:00176344:01006,cvm,【武】「别扔」<01>,[],layout_only,687b3102a38922e99de76767054209e128d12b5150eb0863ea765bcdbf51d557,a83fd2cbbe78db527893596004d0563349c9899c3a7cd9e20577b1d39ee513c5
pm:vm:photonmelodies11.rio.003:2092185664:00176576:01007,cvm,【美琴】「武～，不快点的话就要被大家吃光啦！！」<01>,[],layout_only,f3889e217bfdf851c08aa59ac3cb4700cedf6f222dad812b5eb5547306d6569a,06207d730357d1b6bf9b3e39fd355f9dc51cf52949fc720cacab66ed0e3041d2
pm:vm:photonmelodies11.rio.003:2092185664:00176756:01008,cvm,……那样不是更好吗？明天会变成什么样我可不管哦？<01>,[],layout_only,024308ff1cbe83e96f14fab61b2e1a6c4f6e8d76fea4266daebee6e93c840a18,b3ed429fac1601a5d2aa3b91fce05c291b95ec44a74c5400f38772eb5d7ded9d
pm:vm:photonmelodies11.rio.003:2092185664:00178180:01009,cvm,【武】「那么，就选这个吧……」<01>,[],layout_only,81e3d740e35eaefe18ef16b37d5ac71f042a27c0c0f24b3f8f40f27a890d74a2,c5afa94074f7883c91dc0bb880150f70f20792b6d05399cf0480c3844d822816
pm:vm:photonmelodies11.rio.003:2092185664:00178224:01010,cvm,《能源小子·Game Guy》<01>,[],layout_only,884bab9d44401db9c607502d8b8d4300fd6f382ecd4477ef3afa1d06535bec15,1d38968b54ae95d001865e3c51bf968831f07974e37aa319b9b6c5faef7a0470
pm:vm:photonmelodies11.rio.003:2092185664:00179528:01011,cvm,【美琴】「太好啦！！！我先出线啦～～！」<01>,[],layout_only,a9510f99d75ead2b320d3bf3a2b2fcd38fbbceec35edd66b547a1b210d4bb7ca,8aa5d15d02f0dcd61a3732aab11a648d204fe2cef16ca3e1c3f564182c3c68cf
pm:vm:photonmelodies11.rio.003:2092185664:00179572:01012,cvm,【武】「先出线？什么意思？」<01>,[],layout_only,9a2e3e20e5e3ce3356260ce859c1b8ae73e7fbc0a4919fcb5e46c683fbcffc7e,7c1cfbbd39fc8a4a75fb7a5c471d8b921b3aaed2e573b0b5abbe0dd6194c837c
pm:vm:photonmelodies11.rio.003:2092185664:00180368:01013,cvm,【美琴】「武～，最喜欢你啦～～！！」<01>,[],layout_only,d78ed752e21d36111d3c47fe955e04bf61a963175773d0a8ac763cd5fa3a6971,72522b3c71f2891f3f55ab1da2effae8a90d9874203d2b91161db90bb71d7a77
pm:vm:photonmelodies11.rio.003:2092185664:00180548:01014,cvm,【武】「呜哇！！干、干什么啊！！」<01>,[],layout_only,e0421a2e6c50219ceaef7bd38189d3b3a3751ea3c9289d0d86d695d6a3aa8495,56866d9b386bc1644c9527dbee5a32933e305b8867a916444cd3af83360675ea
pm:vm:photonmelodies11.rio.003:2092185664:00181204:01015,cvm,【壬姬】「那个游戏啊，是美琴送给你的」<01>,[],layout_only,9f9804fa57dbfde16e5bc8d1844f7d788137ba0aaa9747e95271305c9fa0576e,4d9ee3fd2791eb5c014ba6ca329066b203e8a24065c4ff8963e0fdb6559ed7e1
pm:vm:photonmelodies11.rio.003:2092185664:00181248:01016,cvm,【武】「哦，好像是这样……所以，先出线是什么意思？」<01>,[],layout_only,262c31d9e4149ed38ce6a3cf7752c11b226ba9a657a8fdc1b239d0e685c293e7,d16d99e96ea077c76cb115ce3595f7c568b2e840285f39d5e7f526fdb0ea396a
pm:vm:photonmelodies11.rio.003:2092185664:00181480:01017,cvm,【壬姬】「这个嘛——，要看小武哥选了谁的礼物，<0A>被选中的人呢，蛋糕就——」<01>,[],layout_only,9dfc745cfb47f5f7717cf6d027c84f6f12e2e4d10b22265d4e67f1dfb4e3cad5,cb1ce6768187b5caaff220a7d1a13b6d916dbd954a3012bd0584efeb55f6fc74
pm:vm:photonmelodies11.rio.003:2092185664:00181524:01018,cvm,【武】「哦，所谓先出线，是指不用再继续吃了吗？」<01>,[],layout_only,2e0e59cd186bf271abd9fc453f59b77909cac348d1852ddb29f59bf0853d84f7,426aa95e93a7d5a16994d2cce36871226404bc2e8273e22d67061a8b439e5c2e
pm:vm:photonmelodies11.rio.003:2092185664:00181568:01019,cvm,你们这些家伙，原来一直这么勉强自己吃啊……。<01>,[],layout_only,f9fc8aae7260e8763812b4c044ad8a3dcbfa8782af23d632e8c03de6990d2c7b,9663cb2f301eb1dd55b7469e21b4ac54271dfbb1049beba65206f2695d38c23a
pm:vm:photonmelodies11.rio.003:2092185664:00181800:01020,cvm,【壬姬】「咦？为什么这么说？」<01>,[],layout_only,7d9b835f98d367ff083ce61edfa67b71ee41c961ca9f12c0ef35f71653c2016b,dabfae0419c74b0e1d050ac1849e0a361e8d6f7478849d1a42bef8ff43c4ad88
pm:vm:photonmelodies11.rio.003:2092185664:00181844:01021,cvm,【武】「因为，她不是能逃离蛋糕地狱了吗？」<01>,[],layout_only,7e0a7832e2962b3970e0804491124be47e3a499a7d589d7eaf5f412abe53d560,6c28c94ce2a34f2ac1b7b630f6cfd6cf2dc0896243d5d40ef0a2f9cf76bb719a
pm:vm:photonmelodies11.rio.003:2092185664:00182344:01022,cvm,【慧】「不是，是可以去吃蛋糕」<01>,[],layout_only,8e0f7b6059d98b50dd63dbbf9ac0f10e788bfe00c761a279d6bad5068e1a9342,5db03d31c7fac8e913561c5c0cfc3f1f4ab280e63af18ed5f49649119ebfc47f
pm:vm:photonmelodies11.rio.003:2092185664:00182388:01023,cvm,【武】「什么？」<01>,[],layout_only,0c493eef34dd993a0fb29f1be5d4f9707c0aa8ea05bb56ba1999adb5e0133c9d,490ed46877cf7fcfdffe98b4c592d6352e95d1c212144d4661335aa4f0cf6236
pm:vm:photonmelodies11.rio.003:2092185664:00182432:01024,cvm,你们这些家伙，都这样了还打算继续吃？而且还高兴成这样……。<01>,[],layout_only,6481531aa14c0d61bbd3b47856916d99362143a8b4fbe4386c8a5b0d83cea437,66fc1e901d22b617c9e61b998ece5ebcdc2cfd2f232425f08149f3d5c63b7eed
pm:vm:photonmelodies11.rio.003:2092185664:00182476:01025,cvm,太奇怪了，我只能认为那蛋糕里掺了什么可疑的药物！<01>,[],layout_only,6aa39d7a56a488735946acd53317d5048e83023f5d86b6dd80a0e788925dae7a,6d8f789ee1b64bb6edbfcda85a1e8a061ed82a2cb93b09430e006a1495b2b31e
pm:vm:photonmelodies11.rio.003:2092185664:00183628:01026,cvm,【美琴】「那各位，我们几个就先去吃啦～！<0A>纯夏，霞，我们走吧！！」<01>,[],layout_only,9e537d699ecc63127438cc704ccf78cb136370d64630e445dc702b11b90820ae,bbd1016510776541a63ff24ce662c6235fc4244ef5b200e749d021dcf6577382
pm:vm:photonmelodies11.rio.003:2092185664:00184076:01027,cvm,【纯夏】「嗯！」<0A>【霞】「好」<01>,[],layout_only,a1683dbabb2461e36871c98438bb0fe3c64378500a574ee8a54faf63a5a48e75,34436c180290e8b24180333ba4efaafc178d7d50b3c74feb01fb636bd947a57b
pm:vm:photonmelodies11.rio.003:2092185664:00184800:01028,cvm,【武】「纯夏和霞……这样啊，<0A>因为她们买的不是游戏，所以不算在内」<01>,[],layout_only,c1701015f7c3e386a4fee3ffe489027a2195fa39f9489304b562c50fa0dd42af,4787e7bf8512c224a787cab7e8b5ff522db48d183f268e71fd8fd5a490ebbd80
pm:vm:photonmelodies11.rio.003:2092185664:00185032:01029,cvm,【千鹤】「就是这样」<01>,[],layout_only,8e44d9f39e26d578bcd03da4fe841290ca0f9c5e840478eaa2e8219bb89f6be6,f08a14989512b7fc3ee481e5ab611a03a9a2361f35b3fbf9019a9438c4326a81
pm:vm:photonmelodies11.rio.003:2092185664:00185244:01030,cvm,【美琴】「我开动啦～～！！」<0A>【纯夏】「我开动啦～～！！」<0A>【霞】「我开动了……」<01>,[],layout_only,425155bda1c372b5df5d8e4279992439515855ee4eb7bc9abed5d449fd48b516,0137c8792c60fdb000f350be58afc520bcc33117cff336fa0d5a4e3dac7f84fb
pm:vm:photonmelodies11.rio.003:2092185664:00185288:01031,cvm,…………你们的胃是黑洞吗？<01>,[],layout_only,7fe7ca9e41768e71c8cf2c5d974f994c124cd5cf202f53ba3f69cd25d2aa76c0,8046515f83f78ebe6f8e2dac257acf6fba6b47fa1caa20d05485c07d0ba8b5dc
pm:vm:photonmelodies11.rio.003:2092185664:00185332:01032,cvm,这么说来，吃进去的蛋糕可能会变成某处空间里的废弃物吧……。<01>,[],layout_only,04d8b8cd48a564745b09ee4fdf08e5df8958dac9a51991545b82150464551d64,fff08c822b2797c17503d0b977c33a3dbfbefbad323b0506490328b2d4a068a8
pm:vm:photonmelodies11.rio.003:2092185664:00185696:01033,cvm,【柏木】「来，白银同学，下一个，下一个！」<01>,[],layout_only,84e0c4f88871cf14634a2c941487958c480625c340f343caa6bc1233410a6e5b,322ad42cca72f04547e74a0195ba3f9899cae1e61fba18774feef643b4fdc69b
pm:vm:photonmelodies11.rio.003:2092185664:00185740:01034,cvm,【武】「啊，哦……」<01>,[],layout_only,4a540fb4ea6d6ca53fdba362b011a6dc8291ca774c1e4b9940c886b06008860f,1cdf726be1157d0c561ace30fcd28aa3ee63cdedf12e24ef03f2af051dc57771
pm:vm:photonmelodies11.rio.003:2092185664:00187000:01035,cvm,【壬姬】「小武哥，快点快点！要被大家吃光啦！！」<01>,[],layout_only,cdebe1f3e13e3a2c65ec6621e02276c7f40cab0e9a8dc8a33ec3719ad128a3cd,bc5dc29e828376b2aa51e0fc2f7071b868b94a8109d82e7b3027249224f3edc7
pm:vm:photonmelodies11.rio.003:2092185664:00187044:01036,cvm,……那样不是更好吗？明天会变成什么样我可不管哦？<01>,[],layout_only,024308ff1cbe83e96f14fab61b2e1a6c4f6e8d76fea4266daebee6e93c840a18,b3ed429fac1601a5d2aa3b91fce05c291b95ec44a74c5400f38772eb5d7ded9d
pm:vm:photonmelodies11.rio.003:2092185664:00188536:01037,cvm,【武】「那么，就试试这个吧……」<01>,[],layout_only,55dcfe1001c29a9843584b6a5837f83d0ee85de422e8e6099c8a87dbda800e90,4caaaf2e7282400be21f9b5ee07401887043cb88802023fcd5f7d5df8da17b16
pm:vm:photonmelodies11.rio.003:2092185664:00188580:01038,cvm,《百分裁判》<01>,[],layout_only,9979c2d56c5174130d56e9b21eb96dc9f2e445388dc19ee6bb51708e7c35cfdd,e7094f28dec17d5e71f77c05ae1cb76b66b356eaed9ef3011ef3d1772f406158
pm:vm:photonmelodies11.rio.003:2092185664:00189112:01039,cvm,【柏木】「太好了，我先出线！！」<01>,[],layout_only,520b535ac4f11bcac756296d827bacd2d1fd2e4f5f43b41bc364bd5fd5d8cf8e,9eb5d8f9e52a9cdd805597c37d24f29e84228b3c1c09522075f08180a557c01d
pm:vm:photonmelodies11.rio.003:2092185664:00189156:01040,cvm,【武】「嗯？」<01>,[],layout_only,6f5168f44f03ec612149cedef5338508aa6a27acf347972463e8012d2f9d7f92,15724e6f770415469d24e77dff39459d6b7a628ff759680c2c41e12789eb1b10
pm:vm:photonmelodies11.rio.003:2092185664:00189388:01041,cvm,【柏木】「哎呀，谢谢你，白银同学」<01>,[],layout_only,ed2b0cf41ff96df6b73d0d84c07121255bea40419bbf6f1b4208a18b357f15ba,bdffffe2e68d74bcf67d275140e5889e4753fc3b44317ddaf83abdd8a03d8b7c
pm:vm:photonmelodies11.rio.003:2092185664:00189432:01042,cvm,【武】「怎么了？」<01>,[],layout_only,9bd191b84dcb747ac125caa4153f74257a28eaf65cd1e682f1874355ffb02d93,0eb427876948f48b08bac6fae8bb3041e54fa6e0c4c533a0af0e220a3ee0a687
pm:vm:photonmelodies11.rio.003:2092185664:00189664:01043,cvm,【柏木】「那个，正好是我送的呢——」<01>,[],layout_only,217bf48e3ac3a51eafe4160ec8a38faa0f89bf00708f797f1ecba7f976941ec7,d24ffa6411f9fe3a4381e56af2d2727c57332920b0fabf5c7d4ed753a3735a7e
pm:vm:photonmelodies11.rio.003:2092185664:00189708:01044,cvm,【武】「哦，好像是这样……所以，先出线是什么意思？」<01>,[],layout_only,262c31d9e4149ed38ce6a3cf7752c11b226ba9a657a8fdc1b239d0e685c293e7,dbbd7f6d7d7d48efa3f573eaf7dc0c17b94150bc2505680afcfbd9e96443d6c0
pm:vm:photonmelodies11.rio.003:2092185664:00189764:01045,cvm,【柏木】「要看白银同学选了谁的礼物，<0A>被选中的人呢，蛋糕就——」<01>,[],layout_only,94937b43ac5229d903ebfaa298f3575ef3d93d5a3fb554334dd9594ba8cfa9bb,87e344aa354c4901517d61311a0bf6c1fdce7ff0cf9302251af82217aeb2db54
pm:vm:photonmelodies11.rio.003:2092185664:00189984:01046,cvm,【武】「哦，所谓先出线，是指不用再继续吃了吗？」<01>,[],layout_only,2e0e59cd186bf271abd9fc453f59b77909cac348d1852ddb29f59bf0853d84f7,0fa5011318737fc09c75e11acd862ebb01397080460ffac9c68cfdacebccc14b
pm:vm:photonmelodies11.rio.003:2092185664:00190028:01047,cvm,你们这些家伙，原来一直这么勉强自己吃啊……。<01>,[],layout_only,f9fc8aae7260e8763812b4c044ad8a3dcbfa8782af23d632e8c03de6990d2c7b,6376b5d945eb8277fb880174c07a6b0dfb487d47692296459937e3cce58ac289
pm:vm:photonmelodies11.rio.003:2092185664:00190260:01048,cvm,【柏木】「咦？不是不是，正好相反，是可以去吃蛋糕了」<01>,[],layout_only,da4cec66ca9537197a594e81bf1910284eda993d92922fcba95c954cc976efb8,4d90728187aba367cd1cf503fac08938f57a5b52e738a26222c4f68c14bb4fb5
pm:vm:photonmelodies11.rio.003:2092185664:00190304:01049,cvm,【武】「哈啊啊啊？」<01>,[],layout_only,393edd3bfe3ad00245083cdfcd6a78d0cbec85c350258f93e79b36d7b2c38c29,6a0d0ba68c828b22e2b345ec6db1b92348562a24b87dbbad12f87d6a350725ad
pm:vm:photonmelodies11.rio.003:2092185664:00190348:01050,cvm,你们这些家伙，都这样了还打算继续吃？<01>,[],layout_only,42f6d94ee9e10dfaaafa2dea2d5b3c7c2b66c83950510d6f0b5405163fa68fbf,bf37216c64f0f64f50089a173cc7173a03c0120f64483c346f8d302f0725bf87
pm:vm:photonmelodies11.rio.003:2092185664:00190392:01051,cvm,【武】「真的没问题吗？」<01>,[],layout_only,ee863a4e65b1fec3920676809b50174cde1d3a363cb6a21b5a4806dce122af66,c557cf225d17af38a2536124add0a720ad422bf71d671d82192b0b78a82272e1
pm:vm:photonmelodies11.rio.003:2092185664:00190624:01052,cvm,【柏木】「……什么没问题？」<01>,[],layout_only,ae1abeff57814f8007c46de2da266a80202f3712c59bd24ba7d187cdc16881f4,d655a0e2a0507afc93c5ec91cc81dabf2251fe56d293434df555f9751696f6b9
pm:vm:photonmelodies11.rio.003:2092185664:00190668:01053,cvm,不是，你还问什么没问题？<01>,[],layout_only,5687f9fb29c0434bd95f1788f8375527b8c1864f1127545631508329c1980caa,1d8632e054d61a59d73830e138043f6c5f6a622887a5312fe18273be3225c33c
pm:vm:photonmelodies11.rio.003:2092185664:00190900:01054,cvm,【柏木】「白银同学，你不懂啊……<0A>女孩子呢，蛋糕可是装在另一个胃里的」<01>,[],layout_only,de09d32a26370bbd450462dc7e02afa93112d4898bc5b4c1a39002f902a155b5,024bca1cca04a6b8c829e559cf81cb422000ad4e9feeabaeea84971525394010
pm:vm:photonmelodies11.rio.003:2092185664:00190944:01055,cvm,…………真能用这句话解释过去吗？<01>,[],layout_only,9e90fdcff075eaf700e5f70ec51511df5ec2a064fe80a623e6e055aaffddc636,ca13a9a8736efa788df76dc1d94ec6ca6cc56258e6fc15ecc9f84acd7205d94f
pm:vm:photonmelodies11.rio.003:2092185664:00190988:01056,cvm,太奇怪了，我只能认为那蛋糕里掺了什么可疑的药物。<01>,[],layout_only,05f98abc4db83c0b8a39b38a10cd80f76448b99a19f97d544d3a14dd37e2f9ba,1a2b0c7f772d3f5bdff6539864ebe382b842a4f3c95c02da2e65b6c748ee6811
pm:vm:photonmelodies11.rio.003:2092185664:00191220:01057,cvm,【柏木】「那各位，我们几个就先去吃啦！<0A>鉴同学，社同学，我们走吧」<01>,[],layout_only,f22c3495b9eecdbc00a12e3a9c80092e275a0032f6f9789243c153d64472bce5,894660efeb2bb46ca05417d2e3d5dc6f9f0768462e22af9cb50f79509604f1b4
pm:vm:photonmelodies11.rio.003:2092185664:00191284:01058,cvm,【纯夏】「嗯！」<0A>【霞】「好」<01>,[],layout_only,a1683dbabb2461e36871c98438bb0fe3c64378500a574ee8a54faf63a5a48e75,34436c180290e8b24180333ba4efaafc178d7d50b3c74feb01fb636bd947a57b
pm:vm:photonmelodies11.rio.003:2092185664:00192168:01059,cvm,【武】「纯夏和霞……这样啊，<0A>因为她们买的不是游戏，所以不算在内」<01>,[],layout_only,c1701015f7c3e386a4fee3ffe489027a2195fa39f9489304b562c50fa0dd42af,4787e7bf8512c224a787cab7e8b5ff522db48d183f268e71fd8fd5a490ebbd80
pm:vm:photonmelodies11.rio.003:2092185664:00192400:01060,cvm,【柏木】「就是这样，回头见！！」<01>,[],layout_only,f6cfc7b8c5582ae233ecb60d3c63d3e1f734672030c4d3c1be3e6a7e0eefe25a,91729dd93504669abfc02a7871b32e9b8356d520ff68865f83e2d6b4f9395b4c
pm:vm:photonmelodies11.rio.003:2092185664:00192692:01061,cvm,【纯夏】「好～，开吃啦——！！」<01>,[],layout_only,3b3f4ad80a9025bb7c86d671362b4745a62f0544adc061ff6296d4223aa9a500,22bf20e373601fe6ab46e36d57c56f25ea7a59d99285d61fefbbf835e66c63ee
pm:vm:photonmelodies11.rio.003:2092185664:00192748:01062,cvm,【霞】「我开动了……」<01>,[],layout_only,99bf64164a980b0acd6b2381e1f6498f5e36091fe39d02f82cfa3cf7c8cecb10,afaf13c763a2b4cac56e79d2b47804fc0fb69530efb854085b5336a11a8ee545
pm:vm:photonmelodies11.rio.003:2092185664:00192980:01063,cvm,【柏木】「啊，等等我！！」<01>,[],layout_only,2e7acf1a0ffd0cef3ddbb7f3843c50f0d66d826b5336a049059a0e51b0168890,baaaf46d383af529d724f1541ca990d47dcb5bb2d4d597fa4351b11d163e3abe
pm:vm:photonmelodies11.rio.003:2092185664:00193024:01064,cvm,…………。<01>,[],layout_only,efa30788584cfea7ade60ccc37d7fc6cda943e64935eb133252c341159e58e05,0b3d7aae4004dc9b91522cf9245f879b48b6a3b3d3c28ecbba043ba8207a6df9
pm:vm:photonmelodies11.rio.003:2092185664:00193256:01065,cvm,【千鹤】「来，白银同学，选下一个吧？」<01>,[],layout_only,c98b1c44b6fd37bfcb980b4a0013a6e2a78155a8826b8f6ed936629dad6e1869,038415e6ca9819e7deb0304a937c397a1bc179f9f5edd87ff1b9cb2d533272c0
pm:vm:photonmelodies11.rio.003:2092185664:00193436:01066,cvm,【武】「……真的还要继续吗？」<01>,[],layout_only,b5fbd707ebf4d5d4b6f6e259aef013118a0a797b35f1bd9cd0c7272b405ffcf9,d70d936b15606f4a203d2b042284752bfe139f0c7d3d71c797fdc38829d5cfad
pm:vm:photonmelodies11.rio.003:2092185664:00193932:01067,cvm,【美琴】「当然啦！不快点的话就要被大家吃光了！！」<01>,[],layout_only,41ef4bc8eaaf1484007a2508244538cbbf33a4516268b8f688626351a46e6699,beb648ada51ceca336b044db2273d86789fcd50e36b687e52f0756dcceaecdea
pm:vm:photonmelodies11.rio.003:2092185664:00193976:01068,cvm,……那样不是更好吗？明天会变成什么样我可不管哦？<01>,[],layout_only,024308ff1cbe83e96f14fab61b2e1a6c4f6e8d76fea4266daebee6e93c840a18,b3ed429fac1601a5d2aa3b91fce05c291b95ec44a74c5400f38772eb5d7ded9d
pm:vm:photonmelodies11.rio.003:2092185664:00194884:01069,cvm,【悠阳】「……这样啊，武先生去了鉴同学那边……」<01>,[],layout_only,12d201f93c07cba6c51483d8345402df3d083793b9c3a5087fead9a4b3f647c6,50c42b584f5eea662eb065f031a28788cca0e5038abdd642551ae179b420857e
pm:vm:photonmelodies11.rio.003:2092185664:00194940:01070,cvm,【声音】「是」<01>,[],layout_only,9c35732d0ab0c74138db86f5d7488f7c92f909a7db6cb1176eb1f374de0d1248,b1237e1515bd22ec2ba05bef6d3f161e4ec8ba642d32cd513d919a1a0669a3c3
pm:vm:photonmelodies11.rio.003:2092185664:00194996:01071,cvm,【悠阳】「果然，在武先生心中，鉴同学的分量很重呢……」<01>,[],layout_only,4da35d4473b1b3b5924e9f8816381ed78d77bed3ddda7f6c5cd17bb6f7403a40,d9d6de7cf53a7c70f7fadb5477458016c591e477251f87bf66064d97c18a6be5
pm:vm:photonmelodies11.rio.003:2092185664:00195052:01072,cvm,【声音】「我们该如何是好……」<01>,[],layout_only,14cd0b7a5f10ccf50e24fba150e6eafc5b1df2ffcff8a7ad7ad041616e6b77d0,d6fb81b216567556b80c512756c2122ede484c7710ea20828d7372b8baf2736a
pm:vm:photonmelodies11.rio.003:2092185664:00195552:01073,cvm,【冥夜】「不，焦躁也无济于事。<0A>正视这一现实，重新振作面对便是」<01>,[],layout_only,b42bf11990d020c29d8f60a6464c81c8e511cd1d2959d067adc4cb9f70e057f6,4a33ad634db1853a111452426d4720722f09adc043e7e4f63019117ecc764435
pm:vm:photonmelodies11.rio.003:2092185664:00195608:01074,cvm,【月咏】「您说得是……」<01>,[],layout_only,8bf2e8232312667a71f6d0c431479d70bae67e1a2c699250bf208ab6a587815f,e6edc781587360895024c580d248858b9bd6182ee78fa0936a0f06e7b95619b2
pm:vm:photonmelodies11.rio.003:2092185664:00195840:01075,cvm,【冥夜】「御剑的字典里没有放弃二字。<0A>这一回虽是鉴占了上风，我也绝不会就此袖手旁观」<01>,[],layout_only,e291f43d838c582924440af63bc50d4f5c4026b2265ec82167e7d9be9a440963,a38fd35cccc1acd7f2b31a139b672bf5858ddc26e78a9467e090a974d32d4b9a
pm:vm:photonmelodies11.rio.003:2092185664:00195896:01076,cvm,【月咏】「正当如此」<01>,[],layout_only,ed78053b2e9a43f85a599eb96a4637cd6279b29d57713ae96fccef974e0b5e8f,4e851c4d1ccf4733f0a472d98aed2620294d3111af175b1d440d0fada04de39d
pm:vm:photonmelodies11.rio.003:2092185664:00196248:01077,cvm,【悠阳】「那么，我也差不多该回里面去了」<01>,[],layout_only,c0fd9329f0ff58ad293f733dde640e18559fbf538e67a50fd449b6ca330edc0f,e36613b1330e9b9863f03b7efb9e13c528401b8bdba78e969d72fd526cca9a0c
pm:vm:photonmelodies11.rio.003:2092185664:00196304:01078,cvm,【声音】「对了，悠阳大人，有一件事想向您禀报……」<01>,[],layout_only,576f6cf542616e2b6b911d9b4e21dc7955d1da28ee8afe2f2cd6729ada966d29,f3c14095a5e547ac36ece095d51e4dc49190aa30b5b3826995b3efa55c579335
pm:vm:photonmelodies11.rio.003:2092185664:00196360:01079,cvm,【悠阳】「什么事，真耶小姐」<01>,[],layout_only,e0568dade914b981ebeff395da999b01a80e76b59c352a6b965747bc20d300d7,ab64ea737ed42da2752cbc3ddb7bec2b8df434c94da31329407819e2aebecf10
pm:vm:photonmelodies11.rio.003:2092185664:00196844:01080,cvm,【冥夜】「武戴着项链？……我倒没有留意。武竟有这种喜好？」<01>,[],layout_only,c73bb18183d1c16c8e61a6cfd81684ddb5e6323e4dcc42c4ba31f850690e9105,1c517553be3c00ed25f080367ae939534316fc36e8e16ed2038bbba866dcf6d2
pm:vm:photonmelodies11.rio.003:2092185664:00196900:01081,cvm,【月咏】「不，此事似乎颇有蹊跷……」<01>,[],layout_only,fdee5ee781deb8cee4116b7e8ac649adc2e8a0ce29627c5a61c023cd7086758e,0143c2622ac27e3a6a7d24b4788b8260c48f3aeb68eae824e12057a2eca1b171
pm:vm:photonmelodies11.rio.003:2092185664:00197252:01082,cvm,【悠阳】「哎呀……武先生为何会佩戴那样的东西……」<01>,[],layout_only,aee297e5be27bad07c0e2d169afe4cf161f7027b4579aeffc8d82cd2cecce852,1b47017b5b60e6da4eab5e42be4855689b36cfc2407139f52d51bc543adc69ca
pm:vm:photonmelodies11.rio.003:2092185664:00197308:01083,cvm,【真耶】「属下会立刻调查……但那条项链该如何处理？」<01>,[],layout_only,effd78868ca66bd9840119c045c2cfd94133364412d23150809862b194ed7bb6,8334894848c514a9a20cfbb1db35c22e7fbc98e3c251b093be651282f891294a
pm:vm:photonmelodies11.rio.003:2092185664:00197524:01084,cvm,【悠阳】「当然不能就这样放着不管……但是，<0A>请务必不要让武先生觉得不自然，妥善处理此事」<01>,[],layout_only,addf6bcb70070e73931039eb6045c982e955381ce339e8e2550522d21900cace,c69351b2b8c0131726d1f245d9fd2d7a522d11d67e9081da9469ce73f4c5545a
pm:vm:photonmelodies11.rio.003:2092185664:00198008:01085,cvm,【月咏】「如此一来，恐怕需要花费一些时间……」<01>,[],layout_only,81ec969b89376d8e75c03a92e93776c9fa55fd6d04f43ea4831efa00ec28fc90,70baed744f614382f277c8d6e56f66201c13dcfc2246fefd7e8c5f202cb9ee6d
pm:vm:photonmelodies11.rio.003:2092185664:00198224:01086,cvm,【冥夜】「那也无可奈何。我们虽不知情，<0A>但武必有足以让他佩戴那条项链的理由……<0A>绝不可轻率糟蹋他的心意」<01>,[],layout_only,bf741111a1295d48bbbc9770f8a1cabcc44c88143b4dc0c13dc624221b10f65c,157c34bc4bfb12640bdf8f65452bd1a17a577020f7e796633d37322f9e7e3265
pm:vm:photonmelodies11.rio.003:2092185664:00198280:01087,cvm,【月咏】「属下明白」<01>,[],layout_only,a12fc02d21ebb8d2fe01b88cfdab1a952f86a151a730326ea3047004d8b96cff,25b052ff8a96363d337f45665e6d8d70f2bb669d61d71f62855d3d72f453d88e
pm:vm:photonmelodies11.rio.003:2092185664:00199152:01088,cvm,【冥夜】「那么，我回大家那里去了」<0A>【悠阳】「那么，我也回去了」<01>,[],layout_only,5bbc16a907f58b2ef6432f0128b923d6a4e3e4bbff14ca479da34ec15a5cee42,ba108a2d09007515109d83b278ba6ae987a5cd61b98ad998dd245a44e4dddb51
pm:vm:photonmelodies11.rio.003:2092185664:00199608:01089,cvm,【武】「那、那么下一个……」<01>,[],layout_only,7d09325f64b16f5f06536a68e34d9ca30acfa8fa6f7069a637f8bba20b2c717e,c2af607d56f1f054600ad6f174f2207aca78343837c9a6689dbb1620594ab59f
pm:vm:photonmelodies11.rio.003:2092185664:00199664:01090,cvm,【纯夏】「再不快点就要没啦～～！！」<01>,[],layout_only,965ea678a4b7ed18c83d8cc9746cc78d2b5be593dd8da879efdee101fc1a9a06,3e467f5d0464d05639a7c97f9ff5861518441b24ded63f7a7090957793118b67
pm:vm:photonmelodies11.rio.003:2092185664:00199844:01091,cvm,【武】「闭嘴，你别在旁边煽风点火！！」<01>,[],layout_only,82a828cd750032de91556460f2e21e9af481b2ceffc2d16352bf688459f1df18,93c2bc94a78c1255f811dd8dc6845cb1f8a1440ba66cfddd50cefe9bb36ed971
pm:vm:photonmelodies11.rio.003:2092185664:00200024:01092,cvm,你们盯得我浑身难受！压力太大了！！<01>,[],layout_only,402af3a0736250974c1c918e5d546438166ef22b30d11064ac95fd8aa63f3c86,e6b14eec3bffb65648c27e5f069ff167ab38b482b1b881d5b51ea0ecf5f19a68
pm:vm:photonmelodies11.rio.003:2092185664:00200068:01093,cvm,为什么我非得被逼到这种地步啊！<01>,[],layout_only,81a2a1da5a5e6bef82b52c0abec0836617bbbd33c43e01cf2a84b15114244d66,02776f11264c592f510caa3a5ab0f9d57330bcb476255a4a4104e207696014ca
pm:vm:photonmelodies11.rio.003:2092185664:00200124:01094,cvm,【悠阳】「各位，在做什么呢？」<01>,[],layout_only,e40fed4514fbe32103f472446ab3ec270d5991013d6bad095aa67f9c1bbba1e3,d167776304b58b06f5609c2cb47e00bbeb894f8dff37079c3c94ab3ef8448b9c
pm:vm:photonmelodies11.rio.003:2092185664:00200480:01095,cvm,【武】「啊，悠阳……」<01>,[],layout_only,3f01f56f8be66038b8aab385f3e96acf3b68054bbbcfcad5b1b2bf50a5f659a3,36615b77e2ddc64b046a4941aee0ec92e54d854262e2aebac00c4173350e3382
pm:vm:photonmelodies11.rio.003:2092185664:00200712:01096,cvm,【冥夜】「你们似乎相当热闹啊」<01>,[],layout_only,46c536df68605f8796e04c55e4f7bcdd216aff598b967d2cb4cf9cee6b7f0810,d51d92266932818656cc75e14a390d4d0b3143893678a2e1aef4892ed6629c7d
pm:vm:photonmelodies11.rio.003:2092185664:00200756:01097,cvm,【武】「冥夜！」<01>,[],layout_only,661d114e7a3fdf3e82d71f06ef070553c1321dd5ed42fdd2923e2a12c759de3f,648aac8a56e39bcc1b748112239ba966c1b6f569bd158fe68f0b7eb203fad49e
pm:vm:photonmelodies11.rio.003:2092185664:00201120:01098,cvm,【悠阳】「哎呀，已经开始玩收到的礼物了吗……」<01>,[],layout_only,22df4707c2fcc6abdf4c5cd5983dc868f06db4c69c3265791d66e9d68395bc49,aca1910eb64949bd9e9df4233ece9afcbc281b7bc287a79002ab1d1a639b5bb6
pm:vm:photonmelodies11.rio.003:2092185664:00201164:01099,cvm,事实与她说的完全相去甚远……<0A>不过表面看起来确实只是和平的玩闹。<01>,[],layout_only,f561658f5bb84ebd2aa0392bbcdbbf4e56ea9b9f76ab7d9c500b3f7db204be2a,fea60e5c803f2397b496851b155d0425be2a0e92bf9b8d8961b2cce53377d9b3
pm:vm:photonmelodies11.rio.003:2092185664:00201528:01100,cvm,【悠阳】「那正好……我们也准备了礼物呢，冥夜」<01>,[],layout_only,3c53d4bdd4a9675c817c53ec08205df4715d429bd2cc84c234b0b885741c8071,8381738c3f0fd84df762dc9ec248158aa05c0ccb5cbcb15445ea644ac5b2cb1a
pm:vm:photonmelodies11.rio.003:2092185664:00201892:01101,cvm,【冥夜】「是，姐姐……月咏！」<01>,[],layout_only,2a128db5d5c44262d9a5f89587266d1caa61f72e213f6fef0e373593d1dd3d98,fd5755dd9736a7564b5d1e6f49d2c40fcc09e8faa69569bdb942c005960dc4ad
pm:vm:photonmelodies11.rio.003:2092185664:00202124:01102,cvm,【月咏】「悠阳大人，冥夜小姐，礼物在此」<01>,[],layout_only,79b2b88880d2016f0938dbbc91767b99d968d4354bb9697fba2150fa01508bf0,9d585141e18ca14f0308037b9961fdb41b835b376b462e0534a877a16118bea6
pm:vm:photonmelodies11.rio.003:2092185664:00202824:01103,cvm,【悠阳】「谢谢……来，武先生，请收下」<01>,[],layout_only,996708b78ef0eaffed0f3f931dc58ed36343fba20ee74238d5480b08885cf890,df5830255683714c99d41993d1785fc45cf1b59a7b9d93669b9e97f606b455fb
pm:vm:photonmelodies11.rio.003:2092185664:00203272:01104,cvm,【武】「哦，哦……」<01>,[],layout_only,677c549fc6a30af9574e058ed65468cdd4e984c67d0a4ed31d4a6f753569969a,014079e6bdd093e27a3f4261dfa1ed7e8ba2a558c4f77d6c51250ac0f3d845f4
pm:vm:photonmelodies11.rio.003:2092185664:00203812:01105,cvm,【冥夜】「这是我送的……快打开看看吧」<01>,[],layout_only,cefeaeb91dbf23d7930f35330ee1ea044ceb282d2e45f5fc4cb020e547dceef5,0a68d3247dc774a3f83e53361725076dc2932150d6539cd2f22eae5d4af7db93
pm:vm:photonmelodies11.rio.003:2092185664:00204260:01106,cvm,【武】「谢、谢谢」<01>,[],layout_only,6ef5306fe145a8954abdf7efb81a48a55a03913468853eae86886d00ebfe8bcf,c7e99b416f92f8d621808eebeea29bcad63ea9a9d3c2053627714162dff2485b
pm:vm:photonmelodies11.rio.003:2092185664:00204304:01107,cvm,说起来，我还没把礼物送给她们两个。<01>,[],layout_only,8602f76687fbe4581f383149b128a28ddaf77eef4d156104dbfb33e26e7a807d,770f3982ab219ac505f981dd8c1697a67814a9bb78bef8ccd4d290fbc81f646f
pm:vm:photonmelodies11.rio.003:2092185664:00205728:01108,cvm,【壬姬】「什么什么什么～？」<01>,[],layout_only,b02f9adcf488501c4384b0bc36ebf5989e28e52cb41d2b791430601c20c0204e,6f49f81f607035c1856c3d637a96574171633bd9814eb81ac334d0d12fe16499
pm:vm:photonmelodies11.rio.003:2092185664:00205960:01109,cvm,【美琴】「快打开看看！」<01>,[],layout_only,6ed6d866352eb06a477a2a164860bd6e96c18673cbe498686e12dc11c625244b,11f47b41dd00ba5e99ac4527ac2c8513662b57414d53af037e7d38337a09d163
pm:vm:photonmelodies11.rio.003:2092185664:00206004:01110,cvm,【武】「啊，嗯…………」<01>,[],layout_only,49700f97378bb34dc7044c3dc27275a18eadb7ada1a7a5cf9e6efb865ba0ced8,02cb6c2c114d9fb2b4371240c063de50f93e623cd823825af48ef74673b73869
pm:vm:photonmelodies11.rio.003:2092185664:00206048:01111,cvm,…………还是等会儿再送吧。<01>,[],layout_only,dcc5803a96e44552c86aaabbee17e9c9901a6fbbb93dc6dfbe1fa89eb7120b8f,e8abfe31d1ec8874333ce4a9fc7896484fbb307eeae4716aa22fe07c614a4064
pm:vm:photonmelodies11.rio.003:2092185664:00206324:01112,cvm,【武】「先看悠阳送的…………这是……《挖掘猫大冒险2》？」<01>,[],layout_only,88f7e300f119d0a9d371da3d7a7c8bc6c9182b0c470055538fe735e504dc0f56,3c19a13c09b707baad285962a676e881a464635cf0fa179ee52282621786955c
pm:vm:photonmelodies11.rio.003:2092185664:00206420:01113,cvm,【武】「这边是……《铜拳·Game Guy》？」<01>,[],layout_only,177db1a996a4faebfa1e83a3e359849d3c392bea4524cab97ee5d64264cdb0e5,3ea52716c3a5e0b0c326bbea067b2ec6ae2bd3e33ffbfd0f768f5468ebbc134c
pm:vm:photonmelodies11.rio.003:2092185664:00206788:01114,cvm,【柏木】「咦……？这些……不是还没发售吗……」<01>,[],layout_only,913035b2f590f65c39421b1b29550508ddf119479ef371b08949e8089e660683,4f8f0d86a15e7a2f685565dc303c7be9740718ae6b211534f9a52ae12d34e18c
pm:vm:photonmelodies11.rio.003:2092185664:00206832:01115,cvm,【武】「是吧？不过，你还挺了解的嘛」<01>,[],layout_only,e9d47d81d4d426f1f0ba11c24074ad77aff1f33e85aca5f7909c745c1d90d155,ba12b5a799afff2b198eafcd329387d7081bab107d4dec23e3135d68130b3893
pm:vm:photonmelodies11.rio.003:2092185664:00207064:01116,cvm,【柏木】「因为我有两个弟弟嘛」<01>,[],layout_only,d7c540ef941d64879e49e67edb496a61addbf3c73e7164574900ae36a3625080,d26cf0a04dcc82ef41205e953ba9efde3b934a5299bcfe1bb24cf0f8cf974abb
pm:vm:photonmelodies11.rio.003:2092185664:00207696:01117,cvm,【悠阳】「哎呀，原来还没有发售吗……我倒未曾留意」<01>,[],layout_only,e6113e682b91bcbe910c52bec5995b6d693c1d2ab0eea5ce35d28e1dc4c4eba7,a6e5304a520102f546082f12a15c04e4a114bde2c84c75635c505d8df3a44eff
pm:vm:photonmelodies11.rio.003:2092185664:00208060:01118,cvm,【冥夜】「确实如此。实物既然就在眼前，我便没有多想」<01>,[],layout_only,89a92924fa43ec12079700d36110ba96f797f52800c650807066c13b73df632e,51082c523419439d5c99ddf490dbe2896ea57157616cedd8aa345be45b17ba98
pm:vm:photonmelodies11.rio.003:2092185664:00208292:01119,cvm,【月咏】「属下只是吩咐他们备齐 Game Guy 的所有新作，<0A>或许是玩具部门的人格外用心了」<01>,[],layout_only,6cf283ee86474f125ab6757ce4424f3b6616fc33dad670ef2a3d7edbcb7e78ce,cd608e0a7379bd237ae908ed2ec195ac6f68ac90d02c1902eeb4c55f3dd64d72
pm:vm:photonmelodies11.rio.003:2092185664:00208788:01120,cvm,【悠阳】「……总之，事情就是如此」<01>,[],layout_only,029c603729a2254a9859a7dda6a8da50a36874b124635671c4d689efc309aa62,86b89db8bb150438387e6c0d32bfd91c71635491965d96b750261426115312a8
pm:vm:photonmelodies11.rio.003:2092185664:00208832:01121,cvm,【武】「这样啊……」<01>,[],layout_only,09a19c4c196aa275411e5a0bf1bdde67622ac4dc09f8347c909f9ee3a0503376,b1c86281998cc6c972114545438afeb1e39d906b2ddb05aa4ee1d616a4cf9731
pm:vm:photonmelodies11.rio.003:2092185664:00209200:01122,cvm,【柏木】「不过嘛……下周就要发售了，<0A>该有的地方已经有了，也说不定？」<01>,[],layout_only,3b4be79a8aacf561bbef030f5614e5f5e313a5091bdce018bbbfc2f6dd80fb80,dec633ffd7d0cecd57fdf685b3509310ac3180c852b3c0fbf0e93c68270c1222
pm:vm:photonmelodies11.rio.003:2092185664:00209832:01123,cvm,【悠阳】「不过，我虽然不太懂，能提前拿到不也是件好事吗？」<01>,[],layout_only,91545c72ce008aa37ad3ac7779d857630a5307e0c347fc512a59f0826108cb9d,d255639f08f802cd43e9740cecda3c261efc9c0964598dbb0bb15880fc73223f
pm:vm:photonmelodies11.rio.003:2092185664:00210196:01124,cvm,【冥夜】「我听说这类东西，有时若不预订便无法买到」<01>,[],layout_only,4159573d70de999a7a181894d2ce8cad81604508b28d0858c692555e4f752559,c7dc482e854a0462577db12f0c1bc3f2bcfd67c21e1255ca2c54acb5ea6eff58
pm:vm:photonmelodies11.rio.003:2092185664:00210240:01125,cvm,【武】「嗯，说得也是。既然还没有别人拿到……<0A>对了，当然要先玩这个才对！！」<01>,[],layout_only,c88f59d83fcfedf9eee6cc371b9851c2ddc69252ad838692641641602b7325d8,8eb0500bb872064fda68f3e180f97049fa4e7a6de46df490bedef726f75cbd39
pm:vm:photonmelodies11.rio.003:2092185664:00211400:01126,cvm,【柏木】「等等等等，我们的赌局怎么办～？」<01>,[],layout_only,e831c50de419b0a5cca496666f25b624a499ae234b2469285080cf1000bf69bb,4fa48df9e5ab8a9c93ead393e6f4d79f731e7d7d4674e044c0a0c9784095574c
pm:vm:photonmelodies11.rio.003:2092185664:00212028:01127,cvm,【纯夏】「就是啊——！」<01>,[],layout_only,49feb4489e1d75146d17f5428537539c5e674c722306859ca16b17c014ff6249,9465c45a3e6eac132545ea0307bd42ec2e564cf5a3976989f3ecb557836db257
pm:vm:photonmelodies11.rio.003:2092185664:00212072:01128,cvm,【武】「已经无所谓了吧，你们爱怎么吃就怎么吃！」<01>,[],layout_only,cece0dd14b474f122c251527aac10a07807cfa5f824c4569159d9197e165223d,15e342098632bc8251205a7cc89747889a0dd1e8d7d3a4fa87a77f49f9224476
pm:vm:photonmelodies11.rio.003:2092185664:00212304:01129,cvm,【千鹤】「我最讨厌半途而废！！」<01>,[],layout_only,1a924566b402f926e34ab81fc78e7e033179ef258d8d4cb320feb35ebdd4cea4,514e17bf5f2e64f212005a8ad3ccc96d2585c4ae25712cc5388ef18dee8494a0
pm:vm:photonmelodies11.rio.003:2092185664:00212348:01130,cvm,【武】「我说你们啊……」<01>,[],layout_only,5bcec2530964d93f81c7bc78f579da022d7f261f770b2d05f6e3a053914af588,637c0857e7e975674ada461435fb40fc6a24b8ae3360eedb0174d73197364a66
pm:vm:photonmelodies11.rio.003:2092185664:00212716:01131,cvm,【慧】「输给压力了？」<01>,[],layout_only,3bd6bcc0b1a71bcb25eb1e5aa7174ed3855c53396706db3d2a737c6c66ddce6b,fb3d03827de08935d6da16a959f80905f82b36806da484e32c3473572f64e66b
pm:vm:photonmelodies11.rio.003:2092185664:00212760:01132,cvm,【武】「谁，谁输了！！」<01>,[],layout_only,b2da64856d654e9c4b3e332129bbedd5bc891f43a8faa63895e3045b264da6d4,b6d2e7f91e3c07e3581fbd942435d5deb437d16a700564fcdd176f3f1b3c0f53
pm:vm:photonmelodies11.rio.003:2092185664:00213260:01133,cvm,【悠阳】「那个，你们究竟在做什么？」<01>,[],layout_only,47e20c5863aad8b7db8b499900753bf4fd9d846836180bb0e979a6d59c7ae46f,1adf60d2d7e78fff98883af06431c9db695f205d6409f791fd7ed5e176b5ea89
pm:vm:photonmelodies11.rio.003:2092185664:00213564:01134,cvm,【霞】「嗯，其实……」<01>,[],layout_only,6c461910f00c8ad9682f4965134cf1387ed8d1031180defeff36a103ec1633f4,3fcc734bb3dbbc74289e4a062d675a997b81b759c6e01cc0681199888c5aa94d
pm:vm:photonmelodies11.rio.003:2092185664:00214268:01135,cvm,【冥夜】「原来如此，确实有趣。武，可否让我也加入？」<01>,[],layout_only,9d5e6300854468f20176981ac22e983e3f21ee346506975f96b1d170e9bf8322,63bc3a51710edf4c510bdc542260811ba6fad55919ccce4a18525b6dc2bded74
pm:vm:photonmelodies11.rio.003:2092185664:00214324:01136,cvm,【悠阳】「说得是呢」<01>,[],layout_only,f27035a15212d9f49737487071061d62fefc76230093e85265babc8ac8a4ece5,a345d761a6c7bfb88f47d7eab9839c86a4c5b3e4bdb1782eecb8eece99ed2b66
pm:vm:photonmelodies11.rio.003:2092185664:00214368:01137,cvm,【武】「没意义吧？你们送了什么已经全都公开了」<01>,[],layout_only,dcca79243a76bb276bdc5e86d6a992369cceae6b21652f85e41b203793bf9074,1ced25723c18cbcaadc613d1602e22a0b1925c0098e6b307e855f2e12ce9747d
pm:vm:photonmelodies11.rio.003:2092185664:00214732:01138,cvm,【冥夜】「唔……这样啊…………真遗憾」<01>,[],layout_only,053b3affb2592d7be735278ab74ea09d9a08d6f3c432232493e5db19d93a25b9,46b80cc62add0e217133f652a9def7a8162435cc09b00f92a1db616f0641da5f
pm:vm:photonmelodies11.rio.003:2092185664:00214788:01139,cvm,【悠阳】「确实遗憾……」<01>,[],layout_only,5e3465bf777a0d623b18d583b013f948131775f329fe3dabc3d4fd9dadfc0d9f,97a7ac6815c6edc0255acc47e957e30453008826f5ffd11bec1da704f162ba48
pm:vm:photonmelodies11.rio.003:2092185664:00215012:01140,cvm,【武】「话说回来，你们既然对吃蛋糕这么有热情，<0A>那就吃！拼命吃！还剩这么多呢！！」<01>,[],layout_only,34a0467af404880f34f7f989ac44f67aa3f611b3df7a8a1f36ba44268b71e9ad,1bc57583f0b8c62ba942fc92ae8e4f020b1a622325fb9e192e8df820ebb79318
pm:vm:photonmelodies11.rio.003:2092185664:00215056:01141,cvm,【武】「然后，你们全都胖成球吧！！」<01>,[],layout_only,fa027f26e8c2006961d6bcfdeed9d18a5255cef0c5fbc7f5dc2959198c3a848c,96b0f442b67eb06498edadda44a6297cfa8650e1ff3addc1689b853ad70b1371
pm:vm:photonmelodies11.rio.003:2092185664:00215112:01142,cvm,【悠阳】「胖成球？我记得所谓胖成球是指……」<01>,[],layout_only,d739544aedfa0e54e72734d65f623eca2d294879ff191c593ff8965d6ee7e39a,019cdb65bdec724c4f02570f9c93402be3604dbfd0349348cb9cb8bb1a8a92bf
pm:vm:photonmelodies11.rio.003:2092185664:00215168:01143,cvm,【冥夜】「脸蛋变得软趴趴，身体横向变得宽——大，<0A>肚子鼓鼓地凸出来，然后咕噜咕噜滚下学校门前的陡坡，<0A>是这样吗？」<01>,[],layout_only,bc08e7a57d465c03e1ce61d59ca7ae71030293ca223949aa0c439b0cb751716a,675fb6ebb7a2505647f37a40d7c759c3c07ad5593a827cc39bb3d60d8b38d57c
pm:vm:photonmelodies11.rio.003:2092185664:00215212:01144,cvm,【武】「对对！不过，或许已经来不及了！<0A>明天醒来以后大家就会胖胖胖胖……噫噫噫噫！我可不管！」<01>,[],layout_only,a4b821e5330afc6ad59a30a01434f7287b8a365b5fe6d125f43f1d87f9d815ae,ab1156f7183d289bebedf306c9697ac46ab63060b78332d784169eb97c221e6f
pm:vm:photonmelodies11.rio.003:2092185664:00215448:01145,cvm,【纯夏】「啊！小武，你要去哪里！！」<01>,[],layout_only,5bc9be743f04522c80f45f283db1f4168d15c504b196414dac57e053e15a7b43,4d00873cdd8878dabd0d949ab6620bb79ff2aad385c969a0710889ace62e81cd
pm:vm:photonmelodies11.rio.003:2092185664:00215492:01146,cvm,【武】「不告诉你！我要尽情玩《挖掘猫》和《铜拳》——！！」<01>,[],layout_only,084fbd1bb736281c8edcca754aff2c9afbf5c5c4e8b7f7018121a3e2ff1edbad,1685c902170971e6a5125260922162b2067fa872533244c3951aa564a70e84eb
pm:vm:photonmelodies11.rio.003:2092185664:00215860:01147,cvm,【纯夏】「等、等等～！这样太狡猾了～～！！」<01>,[],layout_only,c82d0aaf764c39f78366a5c905b71d2df685db7bc6905a2c6a4aa24ee38d08c9,d15cfd06e8e81f071e1c65739eeda177e8e7f25aef7d300a23a7ee3636f2a1f9
pm:vm:photonmelodies11.rio.003:2092185664:00215904:01148,cvm,【武】「哪里狡猾了，我想玩什么游戏是我的自由吧？<0A>不甘心的话，你也拿款发售前的游戏来啊！」<01>,[],layout_only,43b77ff67a4f89e63b3af5bc28af96d82825c83a9a2387ca0c0e44abcf7b9d1e,911c07cd6ac1267f21454e6982e9eb2853031a38d0c286e988331f8facbff3da
pm:vm:photonmelodies11.rio.003:2092185664:00216664:01149,cvm,【纯夏】「那台 Game Guy，可是我买的！<0A>没有它你根本玩不了游戏——！！」<01>,[],layout_only,be62a461d1606940cf477805dd66cd214416cad5d96f9b62902a8307935831ea,d2ce5a70abef0da7fa69a402f8117c092f46d55e68f5ed4adfef5cfee2147782
pm:vm:photonmelodies11.rio.003:2092185664:00216708:01150,cvm,【武】「那又怎样！硬件是有软件才有价值的！<0A>再优秀的硬件，软件太烂也卖不出去——！」<01>,[],layout_only,8b4c3ba5841689fe031a1984d1b0682484eb11acc5a82e0410a8ffca7d028d0e,529a07996d757837e78e7d6a1c9283efb3bddf8a972c267879285ab5e9ed3e69
pm:vm:photonmelodies11.rio.003:2092185664:00217060:01151,cvm,【纯夏】「气死我了！<0A>Game Guy 卖了很多，很多，非——常——多台！！」<01>,[],layout_only,c16dd4ff6fcea6d4c7079d7fc9b65fe84e09640ab149c1c0d210d2c0a3a9acc0,8c329d46e3c491d67f12f86f915ab660d914bed9be173700d500eefbc3a59179
pm:vm:photonmelodies11.rio.003:2092185664:00217116:01152,cvm,【千鹤】「唉……结果还是变成这样……」<01>,[],layout_only,a033808035d9afd6547a8ec135726142fbb75419beeb88c328e7a698cdce24e3,e0614e9af0fd052b6353b63fbffbe56755c558d08c22a816feabea345720ef1a
pm:vm:photonmelodies11.rio.003:2092185664:00217172:01153,cvm,【壬姬】「话题已经彻底跑偏了呢～」<01>,[],layout_only,05485c5d70c47178cbb0fc6236a89991ef4965bab29f228f0422c41fad8b0666,f24006e75719a4e902d31bc638999cced66436fa3d97fd6986eea411b78f63f7
pm:vm:photonmelodies11.rio.003:2092185664:00217484:01154,cvm,【武】「——明白了就赶紧去吃！那么～，<0A>玩《挖掘猫》好呢～还是玩《铜拳》好呢～～」<01>,[],layout_only,5e58af72965191340b974ea8e5a4715c0acd10cfdeef0463318bc285a6c1f957,abe3eea30ecf03692c7266b6af3006c7e78b34887cd2a2fc86f3ae5934385dd7
pm:vm:photonmelodies11.rio.003:2092185664:00217540:01155,cvm,【纯夏】「不行——！<0A>不行不行不行不行不行不行不行不行不行！！」<01>,[],layout_only,434564f7a722042e10a5a5e58e6eb1a29a4d4e2cdcc34c3d96c70fda52a007e2,3c962b0530328d3dbf64cdef8b5e01415a6ddbfa6312de338ab35bcd7d984493
pm:vm:photonmelodies11.rio.003:2092185664:00217596:01156,cvm,【冥夜】「……唔～……这么说…………<0A>今天最后还是算我们赢了，是这个意思吗……？」<01>,[],layout_only,ceda60cb7bf34b5afae4ae549d476e454b6c361dec04afe7e7ad3553a8d871cb,b5f092eaf142acf8063cb20bac277469967fc8c7ef09ae7d7d157d41691e354d
pm:vm:photonmelodies11.rio.003:2092185664:00217652:01157,cvm,【悠阳】「哎呀，冥夜越来越会开玩笑了呢……呵呵呵」<01>,[],layout_only,8b1447860f3ffc8fa94550e7ddd349fe9258661b4f1cff280938dfdc1a67a8bf,10814d9b8e939e1c45b8093eafc506181ec7751c410eb1209fc032c8b8859a3b
pm:vm:photonmelodies11.rio.003:2092185664:00217708:01158,cvm,【冥夜】「哈哈哈……其实有一半是认真的……哈哈哈」<01>,[],layout_only,7264b77ff9c5b9b4c40230ecfc82f78e277a91038d41b8a2556c064543dc2415,313d8a11825f74240cb44b53600dfe790be969f13bbe025856c8024acb46090c
pm:vm:photonmelodies11.rio.003:2092185664:00217764:01159,cvm,【悠阳】「呵呵呵…………」<01>,[],layout_only,0f14a331979eb1e71233627a165a4527fd663b2f1b24585f8d15f7a571ce6504,4fa8b0db7595478f57acd86b7829824bb66079bd594e45fd1d22c80ba1dce91a
pm:vm:photonmelodies11.rio.003:2092185664:00217808:01160,cvm,【武】「——吵死了，笨～～蛋！」<01>,[],layout_only,2b6c095b6e3365b00511951a8c3967f63dae1493fe6ab25d2f268663d91c0680,4d5a254a2683a688fa35f52603a58ddceec87b43ed217d5f7048cecb249a64a0
pm:vm:photonmelodies11.rio.003:2092185664:00217864:01161,cvm,【纯夏】「啊啊！！你说我笨蛋！<0A>说别人笨蛋的人自己才是笨蛋！！」<01>,[],layout_only,4418872de97882f931610783b2cc116892eb70ab9b86ce8a6f98e85d5e507567,20abfba9fcae53197f7b9c4f5a756cb258ee470ea35c2a037e3c9ecf1aa085a5
pm:vm:photonmelodies11.rio.003:2092185664:00217908:01162,cvm,【武】「那你刚才不也说了笨蛋吗！？略略略，笨蛋！<0A>笨蛋笨蛋笨蛋笨蛋笨蛋笨蛋笨蛋笨蛋笨蛋！！」<01>,[],layout_only,5e246b28b005fc941d1665092ae798cabe61d1bdd9803cb1e553615d49416f99,1ba55035086abcad7ad441f3038b13149af2875c2f28d3e9be0b13c9fe6b3e7f
pm:vm:photonmelodies11.rio.003:2092185664:00217964:01163,cvm,【武】「笨——蛋笨——蛋笨——……」<0A>【纯夏】「唔怒——！！」<01>,[],layout_only,19db643dae4b3dd8e4c35df7dca59beb8b84445b4f32f4064e9ac34e61f12a02,c033c82cbe32dad60b9d193e1f17044b722c7c8e012fe5d015b2e4a123be6e92
pm:vm:photonmelodies11.rio.003:2092185664:00218240:01164,cvm,【武】「——蛋————！！！」<01>,[],layout_only,92422302b3246a8daee6c4903d228cbf5f49d333b21ab91aaa5a641c6a7bacc3,7eb2068fad93498c7f835bef01114002f951fdc9dc0b9d07542be73917869800
pm:vm:photonmelodies11.rio.003:2092185664:00218932:01165,cvm,【纯夏】「——小武这个笨蛋～～～！！」<01>,[],layout_only,548dab53ef84af9e3872133090e522122cbc99e24763c03637ea92889173496b,9364363f57dab96cf9fd24a729a9f8aea53a5a5c0be9335f1d69c57ce635bac9
pm:vm:photonmelodies11.rio.003:2092185664:00219820:01166,cvm,【纯夏】「大家——！我把小武带来啦～～！！」<01>,[],layout_only,9b8ea83c62c9f42b3204b520cbdf0e67ab99075cdc0e68cb62e0b2b55b517f10,b9b8e02771b4d09481f04692958c9b9035ce9cfcbbe3036480e6f4974bb53ebf
pm:vm:photonmelodies11.rio.003:2092185664:00220028:01167,cvm,【武】「好——，大家，真正的较量现在才开始！<0A>听好了，什么也别想，只管往下咽，<0A>一旦觉得不行就真的不行了！这里要拿出毅力——」<01>,[],layout_only,273af90bb7d96ad0a3abf96c9d21761ec5623d564e1c7e386a16faeb9aef0e8a,39bb63ae982aba1a377e0207c49ea7453eae9b71e35f8c3dfe28d60469b65adb
pm:vm:photonmelodies11.rio.003:2092185664:00220260:01168,cvm,【纯夏】「……你在说什么？」<01>,[],layout_only,bb108d5be0fca7f0f95b1b7faef314dcdbe6265ed83ed54cea6e4e97bfd57702,cc1eaf2d240f6cd2c14da1c50fc0515abe087b2f8e76eb718748988311c1905f
pm:vm:photonmelodies11.rio.003:2092185664:00220440:01169,cvm,【武】「嗯？这些蛋糕，你们终于也拿它没办法了吧？<0A>所以，才来叫我给你们加油吧？」<01>,[],layout_only,024da7730d991865b0ae4504d927e96733f2932fcc7052e1b68286582252c22b,62ae92bc2634d806528eb69c1b09f406815ce90d613c249f8e90b76d5ac4ce9e
pm:vm:photonmelodies11.rio.003:2092185664:00220672:01170,cvm,【纯夏】「咦？」<01>,[],layout_only,94ecdec262c7c974d0d4dcc58536a7f65d84c2e828b105f43c701345f7e7a3ee,b269aa529522ce372c9a7611f6cce1dfef7c58803c653a103dc4258b6093d2e7
pm:vm:photonmelodies11.rio.003:2092185664:00220716:01171,cvm,【武】「很遗憾，我已经完全吃不下了，<0A>至少还能从心底给你们声援……」<01>,[],layout_only,10dfc869acb7118387bac0e42ddaf65b6462c4c9aff66c49587a023f163adfe9,8a24977ab84e004e830a40434402c1d53197d49c0100d0f5d788feaa88f42f38
pm:vm:photonmelodies11.rio.003:2092185664:00220948:01172,cvm,【纯夏】「不是啦～！！是这个！<0A>我们想让你拆开礼物给大家看！」<01>,[],layout_only,6ba188ac69a1394224d09059e537545efa90ba0cecddb68c9db263d314291495,1686a8f70b7922b0e1bf3b06d735f428961fcaba45f0b46098e9fc28ba746a61
pm:vm:photonmelodies11.rio.003:2092185664:00220992:01173,cvm,【武】「哈……？什么嘛～，既然是这样就早点说啊」<01>,[],layout_only,ad30b7d90ea64e4bdadfcd758764c77a675985c098f81672982393af56a6940e,d5ce698f06231eabb788561d18ea4c4cdbc1ecd3e74ae4aed466895a9584b58b
pm:vm:photonmelodies11.rio.003:2092185664:00221356:01174,cvm,【千鹤】「虽然无所谓，但照你刚才那套理论，<0A>你说自己已经吃不下了，恐怕也不成立吧……」<01>,[],layout_only,9f81db8a645add030f5cb1512ea46aa18beaf87e29e9b6d201a4a694a7614b1b,184e1b0da43568ec942933c626a72c89d66fcdec04d546d24c6a943e9f8494d8
pm:vm:photonmelodies11.rio.003:2092185664:00221536:01175,cvm,【武】「喂喂，那边的！别纠结已经过去的话题！！」<01>,[],layout_only,2ee55ae60037ec77f6e9cc5c6a8eb9f1912a2a40194f803802bfbf381484c390,01624421111ac7a559c98aba09256dd1fb262364b02fdbe0057a97196fa4af8d
pm:vm:photonmelodies11.rio.003:2092185664:00222296:01176,cvm,【纯夏】「小武，别管那些了，快点拆开啦！！」<01>,[],layout_only,b4d7b059705b716fbf7e5bd7b5cd0f54e6d90032faa6ddb3977bc62ec422213d,d501c9a47215637ae09f35cdaf7fac839ef7496ba07e794b4e0a9e13ece38e10
pm:vm:photonmelodies11.rio.003:2092185664:00222340:01177,cvm,【武】「知道了知道了！别那么催我」<01>,[],layout_only,84b0f02cb87170626115ffd3691ed471c483b5c10ea6808f8d33e1eaca6edd95,ce2a8bbf034280ae386e0c121ed827716cc7b46bf75883c77360c9a0e5810c12
pm:vm:photonmelodies11.rio.003:2092185664:00222692:01178,cvm,……真是的，为什么这么想让我拆开啊。<01>,[],layout_only,a5f71ccbcd8f467ad569f9df0f87ddc7e756a35a096e5ce80304e832d367d3c9,ced6c6626196a167740a346a8d0c65cebc77b02d21dc4cc950ae92b62feaccff
pm:vm:photonmelodies11.rio.003:2092185664:00222736:01179,cvm,【武】「我看看……先拆哪一个好呢…………」<01>,[],layout_only,d26fd3a1f5daa513a03107e4fb960196082899da4ab8c321750af58d966272f4,68e50486b2ce91138b658bca124f40fb8359b59a3cdf04eff35111465b2db37b
pm:vm:photonmelodies11.rio.003:2092185664:00223168:01180,cvm,【千鹤】「那个比较大的怎么样？」<01>,[],layout_only,4e96896cef157b04198d1bb96b41a391bd06ccddbd1ca3f9efe8ab443546b573,e11e665aeed682cecda10c739e75c6f246bd548d7929576ec6b920943d8ad09c
pm:vm:photonmelodies11.rio.003:2092185664:00223212:01181,cvm,【武】「嗯？这个？记得……是纯夏送的吧」<01>,[],layout_only,7a56f710ad18e6219dfb8c35625b6eeb1e3e8ce4f37b392e27ff8ecd2e905230,8caf7dc9e78bbd902c058a5db04af9f6d587542172b9a8f464b2f035741dc1df
pm:vm:photonmelodies11.rio.003:2092185664:00223444:01182,cvm,【纯夏】「没错！来～痛快地拆开吧！！」<01>,[],layout_only,8bd0e1d48dc5cf5fd25fbcb6aa6f08791714343b489b495e1e31870016fc49e5,b8c6897ebdd743ad11044143e6b6bd5c564b25ab426c1d22139cfa4882255868
pm:vm:photonmelodies11.rio.003:2092185664:00223488:01183,cvm,【武】「好，知道了……」<01>,[],layout_only,9dbde1a44d498f649a7816ae1187a62a8253ffaa958274ecdf6cfaeafcf5cc9c,01cd7d625a18d051142f3584f131775e95dfc1b2cfe78ed645e3604cae4b8aea
pm:vm:photonmelodies11.rio.003:2092185664:00224500:01184,cvm,【千鹤】「居然真的撕开了……」<01>,[],layout_only,43fd54da109f9727cbd491363a472f895fcb2e93a8cb77ab95b611b4a41de57c,378744ada040ddf9fad7dade056f169c04df7611de20bdbc1d8148f3e3dc1fcb
pm:vm:photonmelodies11.rio.003:2092185664:00224544:01185,cvm,……喂喂，是陷阱啊。<01>,[],layout_only,5fb1d10c9566c3559135c69a54a3f02eff09a6b8d4cac333e32110b81b1fb70d,0c0f6f0ec57648c32832e9e0b161a8987420ab6d5f2efd6bd7e82c7c72679f25
pm:vm:photonmelodies11.rio.003:2092185664:00224724:01186,cvm,这是什么盒子，看着有点……咦……？<01>,[],layout_only,1b6cfcd8f48b4abf3a9d34e2797c2732bd98df37dc16ffd1968f95acb966af95,317d0e5a476b192c4aaeb30544e240d6e130fa380c2b508cd0045664aac0c9b3
pm:vm:photonmelodies11.rio.003:2092185664:00224768:01187,cvm,【武】「……啊！！」<01>,[],layout_only,43b997bab4bafc962b65499e04c9c020e2b0b04f2b92452412c12767d9897cd5,16cda0af795fea13b63fa4319cfd971426d2a07807797efac81385741090f2dd
pm:vm:photonmelodies11.rio.003:2092185664:00225064:01188,cvm,【武】「这不是 Game Guy 吗！！」<01>,[],layout_only,5834ef557a3d8f8ef730483fb72909eefe5c586bc4fe526e71dcb34c25053f4b,143de06f984884b9ee617f9af5d9178edd32ad91d74792c166eb6e1a103df287
pm:vm:photonmelodies11.rio.003:2092185664:00225120:01189,cvm,【纯夏】「小武，你不是一直想要吗！！」<01>,[],layout_only,83ea6516f7e167ffc7346da0214e8c44ac8aef046e0053e767e63af2be47786a,bf28b6adf51a474b2ae5b8b7a7ed8cb87ee2f265aff17893b4f937e6cccf0a99
pm:vm:photonmelodies11.rio.003:2092185664:00225176:01190,cvm,【千鹤】「到处都卖光了，鉴同学可是费了不少功夫哦？」<01>,[],layout_only,9ab60ee26b659b5fcc79a432019639bd24276364cf01c2083fe3e08255c2f3ce,309653e93e54ca3c66c7675f39385cb74492be4539ce70a1895b9201e5c4f898
pm:vm:photonmelodies11.rio.003:2092185664:00225232:01191,cvm,【壬姬】「是小慧帮忙找到的哦！」<01>,[],layout_only,5dd4ce5d27f3e0c48be417c190ef40ee62a86ab4911ff9f1e4ee57b6785e9bba,328cf6b4a63aefc00898033ee3503cde72923bfb3f6100b328d4443443c8eb02
pm:vm:photonmelodies11.rio.003:2092185664:00225288:01192,cvm,【慧】「……有的地方就是有」<01>,[],layout_only,bc9ee0011f7d963e39c018568e743a8eb40d9aadd60051ef9617998ce5ead443,6f5ede74034f1557e1bc735e278539ab499207a9c67a7d426f5e86f9e2b5e543
pm:vm:photonmelodies11.rio.003:2092185664:00225360:01193,cvm,这、这样啊……。<0A>原来是想看我这样大吃一惊的样子……是这么回事啊。<01>,[],layout_only,6423284c4ee72cf64c45f8b2c416a430afb00cf7ae8c588fa2260ceb17dd7934,5a7301696b80fdcbb8d45fa0e012ede9c5a6671837d9afae90b6d2e9be49fd1c
pm:vm:photonmelodies11.rio.003:2092185664:00225992:01194,cvm,【纯夏】「喂喂，玩给我们看看嘛！」<01>,[],layout_only,a9bb02e002cdaee90945ddae8ff0aaa8ebd53ce29e7688df45d1518cdfce297a,861891ca2e8fd4bb4e3f0ec4bcb1c899b9d41a7489b147bed3a848995f0f3ae0
pm:vm:photonmelodies11.rio.003:2092185664:00226036:01195,cvm,【武】「啊，好……可是游戏呢？」<01>,[],layout_only,d7dd65132a13d14ad81b6bb21a36bae200720a15c4c742fe97b9680d372e83e9,f5a44c2cafeb80bd76a65d9fd26441d76c7a8b0371bd40c12d933b89b4b658a2
pm:vm:photonmelodies11.rio.003:2092185664:00226544:01196,cvm,【武】「……难道！！」<01>,[],layout_only,687c30af9503a1d9750ab22ec3b485cda3a6ac283cb583e21c57d2c045015a94,623a92cb70cfbd90d90e93736434e85ee9c2798c0f382c0884131760839f897e
pm:vm:photonmelodies11.rio.003:2092185664:00226724:01197,cvm,大家送的礼物该不会……！！<01>,[],layout_only,ada31f36fab67337f5914f00bf247c13c6ed48623c26ed9d23ad7f8937e70bbe,0d42adacacda939a23282fc11363df8a2dd339382d4273ade73645376c4aa58d
pm:vm:photonmelodies11.rio.003:2092185664:00227624:01198,cvm,【武】「这是……《电台实况职业足球》！！」<01>,[],layout_only,649b2d301db8d6144c64cb8133873ed0709c029f2f7515cda00701bcc3d576b0,328cebf3e4b3f21d2850aa2835e035819a121768ed913cb86978947883853046
pm:vm:photonmelodies11.rio.003:2092185664:00228320:01199,cvm,【武】「哦……这不是《F－0.1》吗！」<01>,[],layout_only,28cfad9a4d7f56392a0a8ece9f618a40448938c5532d9c61affb724a5efa5cae,17461bd27e099bbed7897547dbb9788338c06764733bfa06b39515db368f1e1a
pm:vm:photonmelodies11.rio.003:2092185664:00229016:01200,cvm,【武】「这边是《钻井先生2》啊！」<01>,[],layout_only,e824124c032fd700c3a0c08c5d9cf93203bb57d21283b122364af006bbb029f6,65627d0fedf5d208eb8bcf739c3afbb205ba2eecbfdcd851757cab295d404eb6
pm:vm:photonmelodies11.rio.003:2092185664:00229712:01201,cvm,【武】「居然还有！《能源小子·Game Guy》！！」<01>,[],layout_only,c71160d0044f4ebc436f8bbf7d8dced2de911adf31ca425ccb128917f5c87592,d5e84e02030233053d349705fd47551b91c556528386c751e6d3b6270fa2f7ec
pm:vm:photonmelodies11.rio.003:2092185664:00230408:01202,cvm,【武】「太棒了！！是《百分裁判》啊～～！！」<01>,[],layout_only,86e4c2b094f6428e3ebac80c5ec1bb99cd464cdf64773f03d1c7df8bd41b6034,4857d881eae20cd70b0c28c3fb005091c13ab290691348aa7fa07f3910588abe
pm:vm:photonmelodies11.rio.003:2092185664:00230684:01203,cvm,【武】「哦哦！！这是……<0A>大容量充电电池和快速充电器，还有 AC 适配器！！」<01>,[],layout_only,c44e8f60467f930f4a6cfc74ff6ba78891e1c922da05f46823775b12137af919,67bb72ad0ffd3d6399443a70c109f91bd8c9fbc1bd3c1d2946ba9f28404b329d
pm:vm:photonmelodies11.rio.003:2092185664:00230728:01204,cvm,考虑得真周到！<01>,[],layout_only,1233968bc6aea44449d04fa75033e53f7430e304e097c3315f6437b3d73ff706,267d23529ad013139417a366099cd4669d274df5d55e8a9e79b51787dbe33411
pm:vm:photonmelodies11.rio.003:2092185664:00231184:01205,cvm,【壬姬】「这个啊，是霞选的哦，她说你应该会需要」<01>,[],layout_only,71864edb1355b30e6d69e4579578a4c18dbcf272b21913e5cccb970a2eccf5bd,cc4684cc4bbd118eaafbf785854806ad1df6fc07ca60080d25b9f0805ee79786
pm:vm:photonmelodies11.rio.003:2092185664:00231228:01206,cvm,【武】「这样啊——！不愧是霞，真了不起～～」<01>,[],layout_only,3b820af272fd6ccd0ac03f7121ace56a7c401273443a2d0e795447e4ea8846d2,c85c268dc9d18d4749dc90fa8aa1fb0848f04a685b42f3bff8b1c063c5a5f882
pm:vm:photonmelodies11.rio.003:2092185664:00231536:01207,cvm,【霞】「…………」<01>,[],layout_only,ae1d9107f8f518af6cc974f9f2dd86cd5f6b05e10cdcd693676de81bca4abda6,09a1c5c4f3135e6f4548ece4982e45e31d0297b9ec63875c4a72c35e2f926c70
pm:vm:photonmelodies11.rio.003:2092185664:00231888:01208,cvm,【纯夏】「有了这些，到哪里都能玩吧？」<01>,[],layout_only,352c9d63a1ba1b3341abb636b6abd97b73ee2de6425b1ba9af3b64ec9ec08e6c,0e357e7bdff96d43cf0bd8dcff0ecbb613424207df817712ebcb41a613147abd
pm:vm:photonmelodies11.rio.003:2092185664:00233036:01209,cvm,【武】「嗯，游戏阵容无可挑剔，<0A>电池和适配器也都有，游戏环境毫无死角！！」<01>,[],layout_only,e632b84bff2753206b0141152d84f8f31f167951c87e0736a957ed9d932eef58,f0b506bf1ce76d87bbea73c09e8795231c34157efaf658eb90fc52927b21522f
pm:vm:photonmelodies11.rio.003:2092185664:00233092:01210,cvm,【悠阳】「各位，在做什么呢？」<01>,[],layout_only,e40fed4514fbe32103f472446ab3ec270d5991013d6bad095aa67f9c1bbba1e3,d167776304b58b06f5609c2cb47e00bbeb894f8dff37079c3c94ab3ef8448b9c
pm:vm:photonmelodies11.rio.003:2092185664:00233448:01211,cvm,【武】「啊，悠阳！」<01>,[],layout_only,878f6d175ca640d819e172119a9ed96a30fda5ac6c55ebf1738313c22f689c03,a49ab27dd22c74af63cd9b18bbb77ac3a31e81ae369bc63be6b9742a611f82bb
pm:vm:photonmelodies11.rio.003:2092185664:00233680:01212,cvm,【冥夜】「你们似乎相当热闹啊」<01>,[],layout_only,46c536df68605f8796e04c55e4f7bcdd216aff598b967d2cb4cf9cee6b7f0810,d51d92266932818656cc75e14a390d4d0b3143893678a2e1aef4892ed6629c7d
pm:vm:photonmelodies11.rio.003:2092185664:00233724:01213,cvm,【武】「冥夜！」<01>,[],layout_only,661d114e7a3fdf3e82d71f06ef070553c1321dd5ed42fdd2923e2a12c759de3f,648aac8a56e39bcc1b748112239ba966c1b6f569bd158fe68f0b7eb203fad49e
pm:vm:photonmelodies11.rio.003:2092185664:00234088:01214,cvm,【悠阳】「哎呀，已经拆开礼物了呢」<01>,[],layout_only,41f267af4b8c7ab86bb0845044bbf22e80032e958f9a5232430aeed99f7fbedc,690780516b8235fdf374483989a5ec7175b044770ba57850169c73036507d764
pm:vm:photonmelodies11.rio.003:2092185664:00234132:01215,cvm,【武】「嗯……你们知道吗？<0A>这个叫 Game Guy……是日本引以为傲的——」<01>,[],layout_only,800bf024e3db36b89c885e5cf986e30883e8b0301e50bec3d48e516663218922,89779b76e44ab681b92d10af3538af14c4cfd19e155442d3c9bb1a94abef1a8c
pm:vm:photonmelodies11.rio.003:2092185664:00234496:01216,cvm,【悠阳】「那正好……我们也有礼物要送给您」<01>,[],layout_only,acda944a9e6a586c591710fc44419b294beb86ce43b1e626f750cff5c127b555,a782e88b9727447fe4f96c2e9d568442f01330240fd1d90eeefd5f8ff526fb7f
pm:vm:photonmelodies11.rio.003:2092185664:00234540:01217,cvm,【武】「……咦？」<01>,[],layout_only,7638c2ca4d5d7a9e551fc21d7003fced312f974fec0b8fafadf4e0d477f938b2,a2515ecc76de6f227a6b597c406a361dbd8a5ab9c14860c3532a4572b2a07ebc
pm:vm:photonmelodies11.rio.003:2092185664:00234616:01218,cvm,……“我们”？<01>,[],layout_only,f1c01bc565ef7357ae9c2951b2fe23446231890ce078027b401a3f73069eefa7,dda9fd9a720fa828a70340d3b8aad9100c93d80c2dd31edcd4a27eb9e75fc582
pm:vm:photonmelodies11.rio.003:2092185664:00234660:01219,cvm,可是我……已经收到悠阳的礼物了啊？<01>,[],layout_only,3bedf31e5c6c49998a4153751bd86c9f6f11f9080698a9bd9d6a50c6a0f4f8fe,1e3b089ca487049ed59ec085c4bb49772a93abe84f352aac21301117d132731a
pm:vm:photonmelodies11.rio.003:2092185664:00235148:01220,cvm,【悠阳】「…………」<01>,[],layout_only,cf8055a2bf7ca517121f0df4f6e9cb27cfb09e51c2a729ceabd2ff965136eedd,596cbe5acd9b31ef237a2ad0643688ea2ec23e26e6262f3786f2c9204fba795c
pm:vm:photonmelodies11.rio.003:2092185664:00235368:01221,cvm,咦？<01>,[],layout_only,01a1473b0bcee542ca451c26926cfaa169c5afd6c2c48cfde1b851cdf40b50d5,d26bd20a1676e9cb744b4fa1fccd0efa1b99e7ebb30c732aabb7fc8b5eadb3d3
pm:vm:photonmelodies11.rio.003:2092185664:00235412:01222,cvm,啊……难道……那件事需要保密？<01>,[],layout_only,10a10db50232cb28fcd2cfea74f1d9a2a33ce49e41b3c87dc41cb80bc8c1e92d,5fa633b26f952d98bab8fbd2145c54f38ac9c826738e2fcd32173d1d0a5fb12b
pm:vm:photonmelodies11.rio.003:2092185664:00235456:01223,cvm,是这个意思吧？<01>,[],layout_only,f0d2c64c7b49a596bb22ca0256a63630a6c909aa80ba599897bc6eaef4513492,31ecb2fdcd119ecbcb389a0e17cce43dfcb2abe2f47855d2aec6707fd761d78e
pm:vm:photonmelodies11.rio.003:2092185664:00235500:01224,cvm,……不过，倒也不是不能理解。<01>,[],layout_only,28e7409f3ba8bfd73688269193148ab31353ac1289c2ebfe6b99fe8dee02a634,44371e65d06022e32b1751f13d1ae7204b26cacaa7afd12f5f2b6873293c5365
pm:vm:photonmelodies11.rio.003:2092185664:00235544:01225,cvm,要是让纯夏她们知道我收到了那种东西，肯定会闹得天翻地覆。<01>,[],layout_only,8b71019ec60ea04a8bb4e4fe808adf26ad34e6591534777ae4d157316cd21642,4eb0242908f0c5dad13107d9eca45a0bb57fb3cc809a5affb19f9d6c7643113a
pm:vm:photonmelodies11.rio.003:2092185664:00235588:01226,cvm,明白明白！悠阳，你放心。<01>,[],layout_only,bdd48b1d90d46b289d76f7a62aa530476cf97653cc8aea8706d48c4e8381c759,5d589085086b55179dc0a500dbe47936a8dc90462c5bc55dfc256f05515c1611
pm:vm:photonmelodies11.rio.003:2092185664:00236088:01227,cvm,【冥夜】「时机正好呢，姐姐。武，也请收下我们的礼物」<01>,[],layout_only,3a316a5215d3082b397563db2d704e9c30747c75762fb7bc3f5ba366286d8f13,30a76e649c71792895e54b07447edfbb9ef9f5f2ceae7b2f676201b69d18a353
pm:vm:photonmelodies11.rio.003:2092185664:00236132:01228,cvm,不过……连冥夜也要瞒着吗？<01>,[],layout_only,0d0786369d756f4619cc471c0f794ff7d3d39f40b33538c65f50f585413c2796,b723a30c75fba146d54a44ce5f0ca64e26658f5f53f1876293fc7a4df2e602c4
pm:vm:photonmelodies11.rio.003:2092185664:00236176:01229,cvm,我，还没有把礼物送给冥夜呢……。<01>,[],layout_only,1120c56a7d31fb09e0e62331f365fa5dc8b56313ea41514e7b4494718ad5b8b7,b24bbe67e9e3a519fdf4fc95cb4884f9f68915c7aea7f09585cef430b78dbc5e
pm:vm:photonmelodies11.rio.003:2092185664:00236220:01230,cvm,唔～～，虽然不太明白，不过，<0A>暂时还是别让她知道我只送给了悠阳比较稳妥吧？<01>,[],layout_only,37d9ba598d874caf33c96a16d1769990311e64d70cbea186a9c42d3a2da3f4a3,12e2c1d0283464802f5feb81da3e1e1364c4daba8cc7d66da5446da03a3c11f8
pm:vm:photonmelodies11.rio.003:2092185664:00236264:01231,cvm,否则其他事情也可能顺藤摸瓜全部暴露。<01>,[],layout_only,707a3f82b1eb5c3e297501ba35bc460a4e8e9dac36636494b8d2448d1f433c4b,ac134383d94c40076f9b62d4a86b2cd6b3188c3207ef7912224ae32dacc2cfe6
pm:vm:photonmelodies11.rio.003:2092185664:00236308:01232,cvm,…………虽然对不起冥夜，还是晚点再把礼物交给她吧。<01>,[],layout_only,b7234820fbd20a3497a9288aa4999f242c84efaa2c9a0b2badd949271316d449,b316a1087d99cc583b127ce66a7a8b0000e5e0a7e30ce8d99037d2234c4fc631
pm:vm:photonmelodies11.rio.003:2092185664:00236384:01233,cvm,……“我们”？<01>,[],layout_only,f1c01bc565ef7357ae9c2951b2fe23446231890ce078027b401a3f73069eefa7,dda9fd9a720fa828a70340d3b8aad9100c93d80c2dd31edcd4a27eb9e75fc582
pm:vm:photonmelodies11.rio.003:2092185664:00236872:01234,cvm,可是我……已经收到冥夜的礼物了啊？<01>,[],layout_only,0c092c9eb03093963da05e6d8eac02506923a3e6e7835fc84cbba24ced1974ca,1450cfc03e4d5a7b4a1b8da77a4cff2db18ce5c6a3bc651854230667a642d2be
pm:vm:photonmelodies11.rio.003:2092185664:00237104:01235,cvm,【冥夜】「时机正好呢，姐姐。武，也请收下我们的礼物」<01>,[],layout_only,3a316a5215d3082b397563db2d704e9c30747c75762fb7bc3f5ba366286d8f13,30a76e649c71792895e54b07447edfbb9ef9f5f2ceae7b2f676201b69d18a353
pm:vm:photonmelodies11.rio.003:2092185664:00237148:01236,cvm,啊……难道……那件事需要保密？<01>,[],layout_only,10a10db50232cb28fcd2cfea74f1d9a2a33ce49e41b3c87dc41cb80bc8c1e92d,5fa633b26f952d98bab8fbd2145c54f38ac9c826738e2fcd32173d1d0a5fb12b
pm:vm:photonmelodies11.rio.003:2092185664:00237192:01237,cvm,是这个意思吧？<01>,[],layout_only,f0d2c64c7b49a596bb22ca0256a63630a6c909aa80ba599897bc6eaef4513492,31ecb2fdcd119ecbcb389a0e17cce43dfcb2abe2f47855d2aec6707fd761d78e
pm:vm:photonmelodies11.rio.003:2092185664:00237236:01238,cvm,……不过，倒也不是不能理解。<01>,[],layout_only,28e7409f3ba8bfd73688269193148ab31353ac1289c2ebfe6b99fe8dee02a634,44371e65d06022e32b1751f13d1ae7204b26cacaa7afd12f5f2b6873293c5365
pm:vm:photonmelodies11.rio.003:2092185664:00237280:01239,cvm,要是让纯夏她们知道我收到了那种东西，肯定会闹得天翻地覆。<01>,[],layout_only,8b71019ec60ea04a8bb4e4fe808adf26ad34e6591534777ae4d157316cd21642,4eb0242908f0c5dad13107d9eca45a0bb57fb3cc809a5affb19f9d6c7643113a
pm:vm:photonmelodies11.rio.003:2092185664:00237324:01240,cvm,明白明白！冥夜，你放心。<01>,[],layout_only,2c71f939c1b77143f9d40c3fa99f17ee3267b30b3a8c276ffd593362cbe68e1b,8238561e6553d10ab88ea440c910909b787c2b3c84e5a087d11e306adae29142
pm:vm:photonmelodies11.rio.003:2092185664:00237812:01241,cvm,不过……连悠阳也要瞒着吗？<01>,[],layout_only,167f201252b873dd9b2a4d9aab8804f8f5b7f79b8b5b604685c67d8ec5c2f3ac,e3e0a3c335998615c4624fc6e088dbdeaaef694411379386d9b004789cf9784b
pm:vm:photonmelodies11.rio.003:2092185664:00237856:01242,cvm,我，还没有把礼物送给悠阳呢……。<01>,[],layout_only,9856e47015624942210ee1e3c4d3893d9c6f0520db60a54e704a06135184e5c8,0de59cb98e96d7f200c51e0d61f83350c10d286d3ffb2acecefdb11982e176c3
pm:vm:photonmelodies11.rio.003:2092185664:00237900:01243,cvm,唔～～，虽然不太明白，<0A>暂时还是别让她知道我只送给了冥夜比较稳妥吧？<01>,[],layout_only,26fba5be325f6c3f79b0daa25e6677e937e13dce2c1c72bf0c39f6f50af91434,12e2c1d0283464802f5feb81da3e1e1364c4daba8cc7d66da5446da03a3c11f8
pm:vm:photonmelodies11.rio.003:2092185664:00237944:01244,cvm,否则其他事情也可能顺藤摸瓜全部暴露。<01>,[],layout_only,707a3f82b1eb5c3e297501ba35bc460a4e8e9dac36636494b8d2448d1f433c4b,e689c26a5e1f9e6b0cb35d8f59be9c4ec277ccc3923923a6410f5cac5bb243e0
pm:vm:photonmelodies11.rio.003:2092185664:00237988:01245,cvm,…………虽然对不起悠阳，还是晚点再把礼物交给她吧。<01>,[],layout_only,668b273d0fc62e86ecf0d39b648ace8fbcb55f5ce12ea363ec44cb89e137e0a0,94b88be04a7335e180427a07fdbb708549daefa553921d409e78825e77b28f55
pm:vm:photonmelodies11.rio.003:2092185664:00238488:01246,cvm,【冥夜】「月咏！」<01>,[],layout_only,1463b110a1a23dbb119a9e59ec0e9957b8e2d5700c0d17690b2b05fc346ed7f5,72c3e2f106d1bba7ee675a493384e01d43c1acfc40641653feb6c4f490ac9b55
pm:vm:photonmelodies11.rio.003:2092185664:00238720:01247,cvm,【月咏】「悠阳大人，冥夜小姐，礼物在此」<01>,[],layout_only,79b2b88880d2016f0938dbbc91767b99d968d4354bb9697fba2150fa01508bf0,9d585141e18ca14f0308037b9961fdb41b835b376b462e0534a877a16118bea6
pm:vm:photonmelodies11.rio.003:2092185664:00239576:01248,cvm,【悠阳】「谢谢……来，武先生，请收下吧」<01>,[],layout_only,996708b78ef0eaffed0f3f931dc58ed36343fba20ee74238d5480b08885cf890,df5830255683714c99d41993d1785fc45cf1b59a7b9d93669b9e97f606b455fb
pm:vm:photonmelodies11.rio.003:2092185664:00240024:01249,cvm,【武】「哦，哦……」<01>,[],layout_only,677c549fc6a30af9574e058ed65468cdd4e984c67d0a4ed31d4a6f753569969a,133edaa05e6ff9b06eb2c4b18a03f440b5807bcfe74dac74f0cc53fdb06a0379
pm:vm:photonmelodies11.rio.003:2092185664:00240564:01250,cvm,【冥夜】「这是我送的……快打开看看吧」<01>,[],layout_only,cefeaeb91dbf23d7930f35330ee1ea044ceb282d2e45f5fc4cb020e547dceef5,0a68d3247dc774a3f83e53361725076dc2932150d6539cd2f22eae5d4af7db93
pm:vm:photonmelodies11.rio.003:2092185664:00241012:01251,cvm,【武】「嗯……你们两个，谢谢了！」<01>,[],layout_only,74154a7480289f073dc11382332074c9c6a7785cf6b2b2a47b95cd4c2122d830,2d24dba7dd1d31e2264438e06da3e04b955f95907f9c9ad8ae1abd267ed61531
pm:vm:photonmelodies11.rio.003:2092185664:00241244:01252,cvm,【悠阳】「毕竟是您的生日，这不是理所当然的吗」<01>,[],layout_only,8a7589fc7d17e2786b09b20e5ee483757d6c3d4f6d06cb5c4e365d0bde8b9499,7206396b6af36e2f93ff2429a8407180fb5013c787ae9e8adcb64371a88bbdaa
pm:vm:photonmelodies11.rio.003:2092185664:00241476:01253,cvm,【冥夜】「正是如此，哈哈哈……」<01>,[],layout_only,4d63f2ce5ab695f2755fda97191bc67a59f2921f038d68531c85fc9c941ecfa6,ebcc29e283efdec70721fdc260867ebdc83c2c8901c349948d08ede142c024c3
pm:vm:photonmelodies11.rio.003:2092185664:00241532:01254,cvm,【壬姬】「什么什么什么～？」<01>,[],layout_only,b02f9adcf488501c4384b0bc36ebf5989e28e52cb41d2b791430601c20c0204e,6f49f81f607035c1856c3d637a96574171633bd9814eb81ac334d0d12fe16499
pm:vm:photonmelodies11.rio.003:2092185664:00241588:01255,cvm,【美琴】「快打开看看！」<01>,[],layout_only,6ed6d866352eb06a477a2a164860bd6e96c18673cbe498686e12dc11c625244b,11f47b41dd00ba5e99ac4527ac2c8513662b57414d53af037e7d38337a09d163
pm:vm:photonmelodies11.rio.003:2092185664:00241808:01256,cvm,【武】「嗯，也是」<01>,[],layout_only,56c04b45ec58a57b07b6f2977d34cebfcd14ae39991633527430de62aedd6ea3,fef2cba6d93c01c047ca96e6c14e34641e330b0ce100386e4afc3dbfee174f1a
pm:vm:photonmelodies11.rio.003:2092185664:00241904:01257,cvm,【武】「先看悠阳送的…………这是……《挖掘猫大冒险2》？」<01>,[],layout_only,88f7e300f119d0a9d371da3d7a7c8bc6c9182b0c470055538fe735e504dc0f56,3c19a13c09b707baad285962a676e881a464635cf0fa179ee52282621786955c
pm:vm:photonmelodies11.rio.003:2092185664:00242000:01258,cvm,【武】「这边是……《铜拳·Game Guy》？」<01>,[],layout_only,177db1a996a4faebfa1e83a3e359849d3c392bea4524cab97ee5d64264cdb0e5,3ea52716c3a5e0b0c326bbea067b2ec6ae2bd3e33ffbfd0f768f5468ebbc134c
pm:vm:photonmelodies11.rio.003:2092185664:00242368:01259,cvm,【柏木】「咦……？这些……不是还没发售吗……」<01>,[],layout_only,913035b2f590f65c39421b1b29550508ddf119479ef371b08949e8089e660683,4f8f0d86a15e7a2f685565dc303c7be9740718ae6b211534f9a52ae12d34e18c
pm:vm:photonmelodies11.rio.003:2092185664:00242412:01260,cvm,【武】「是吧？不过，你还挺了解的嘛」<01>,[],layout_only,e9d47d81d4d426f1f0ba11c24074ad77aff1f33e85aca5f7909c745c1d90d155,ba12b5a799afff2b198eafcd329387d7081bab107d4dec23e3135d68130b3893
pm:vm:photonmelodies11.rio.003:2092185664:00242644:01261,cvm,【柏木】「因为我有两个弟弟嘛」<01>,[],layout_only,d7c540ef941d64879e49e67edb496a61addbf3c73e7164574900ae36a3625080,d26cf0a04dcc82ef41205e953ba9efde3b934a5299bcfe1bb24cf0f8cf974abb
pm:vm:photonmelodies11.rio.003:2092185664:00243276:01262,cvm,【悠阳】「哎呀，原来还没有发售吗……我倒未曾留意」<01>,[],layout_only,e6113e682b91bcbe910c52bec5995b6d693c1d2ab0eea5ce35d28e1dc4c4eba7,a6e5304a520102f546082f12a15c04e4a114bde2c84c75635c505d8df3a44eff
pm:vm:photonmelodies11.rio.003:2092185664:00243640:01263,cvm,【冥夜】「确实如此。实物既然就在眼前，我便没有多想」<01>,[],layout_only,89a92924fa43ec12079700d36110ba96f797f52800c650807066c13b73df632e,51082c523419439d5c99ddf490dbe2896ea57157616cedd8aa345be45b17ba98
pm:vm:photonmelodies11.rio.003:2092185664:00243872:01264,cvm,【月咏】「我只是吩咐他们备齐 Game Guy 的所有新作，<0A>或许是玩具部门的人格外用心了」<01>,[],layout_only,6cf283ee86474f125ab6757ce4424f3b6616fc33dad670ef2a3d7edbcb7e78ce,cd608e0a7379bd237ae908ed2ec195ac6f68ac90d02c1902eeb4c55f3dd64d72
pm:vm:photonmelodies11.rio.003:2092185664:00244368:01265,cvm,【悠阳】「……总之，事情就是如此」<01>,[],layout_only,029c603729a2254a9859a7dda6a8da50a36874b124635671c4d689efc309aa62,86b89db8bb150438387e6c0d32bfd91c71635491965d96b750261426115312a8
pm:vm:photonmelodies11.rio.003:2092185664:00244412:01266,cvm,【武】「这样啊……」<01>,[],layout_only,09a19c4c196aa275411e5a0bf1bdde67622ac4dc09f8347c909f9ee3a0503376,b1c86281998cc6c972114545438afeb1e39d906b2ddb05aa4ee1d616a4cf9731
pm:vm:photonmelodies11.rio.003:2092185664:00244780:01267,cvm,【柏木】「不过嘛……下周就要发售了，<0A>所以现在有些地方已经有货了，是吧？」<01>,[],layout_only,3b4be79a8aacf561bbef030f5614e5f5e313a5091bdce018bbbfc2f6dd80fb80,dec633ffd7d0cecd57fdf685b3509310ac3180c852b3c0fbf0e93c68270c1222
pm:vm:photonmelodies11.rio.003:2092185664:00245412:01268,cvm,【悠阳】「不过，我虽然不太懂，能提前拿到不也是件好事吗？」<01>,[],layout_only,91545c72ce008aa37ad3ac7779d857630a5307e0c347fc512a59f0826108cb9d,d255639f08f802cd43e9740cecda3c261efc9c0964598dbb0bb15880fc73223f
pm:vm:photonmelodies11.rio.003:2092185664:00245776:01269,cvm,【冥夜】「我听说这类东西，有时若不预订便无法买到」<01>,[],layout_only,4159573d70de999a7a181894d2ce8cad81604508b28d0858c692555e4f752559,c7dc482e854a0462577db12f0c1bc3f2bcfd67c21e1255ca2c54acb5ea6eff58
pm:vm:photonmelodies11.rio.003:2092185664:00245820:01270,cvm,【武】「话是这么说…………<0A>但还是太厉害了！大家都太厉害了！！」<01>,[],layout_only,3cddc5b20f8c0fbb4862deea4ff3cfb84d79ce932d31caf685bcce76e545e04a,3f120e31d3c5c9751e2951665a6c654b1aa220239fc56bf9e66d4c7d1a591894
pm:vm:photonmelodies11.rio.003:2092185664:00246980:01271,cvm,【纯夏】「嘿嘿——！快夸我快夸我！！」<01>,[],layout_only,425d8a2d2bce4533de0201bf0e4a794aed1ff7e4e4e37979d666fd19c036c8c9,82fa0e2572bc3bd7f1c12b8e8a2e591f70b32d8cb35240cf6db8caca1e40b66f
pm:vm:photonmelodies11.rio.003:2092185664:00247024:01272,cvm,【武】「笨蛋，又不只是你一个人的功劳吧？」<01>,[],layout_only,9fa8c34fd2ed0b7be252be4918a4bbbc48d14f2e81aaada4db154226d3c509f6,b7a9aefd8082f68ec1620ea8f6e1b65fa1406ed9ce643377f2ea929173e42700
pm:vm:photonmelodies11.rio.003:2092185664:00248436:01273,cvm,……该怎么说呢…………。<01>,[],layout_only,bb3634a63298ecfc8721a51669c777ea39a41c9cb3fcde2760225119eb827054,b3028827a88c006632cb256b8c827c0f41fe77867953ced22b7b84e226b4763e
pm:vm:photonmelodies11.rio.003:2092185664:00248480:01274,cvm,虽然非常难为情…………或许是刚才那枚戒指的作用…………<0A>我现在能坦率地觉得自己很高兴。<01>,[],layout_only,9badd6c6ff6e26257f9ac8a82186f3637cf7387af0378a255d3ca0cc392ae2b2,d6c00894acd962cd5f24a05cbbe83ba05b6fff9faf538ab05fa47cf166dfbfdb
pm:vm:photonmelodies11.rio.003:2092185664:00248524:01275,cvm,【武】「……大家，谢谢你们」<01>,[],layout_only,ccc8c8db56910650b9164524a946d871baf82beeb11610d0eff6d070053d5e09,6326dbc197a6b7c116b6a875374610df0fa25e683c7632182a225368f902c029
pm:vm:photonmelodies11.rio.003:2092185664:00251056:01276,cvm,【武】「怎、怎么了……」<01>,[],layout_only,ed1c7768f082b57372203f3cbbaa363debf577be4799fd1885d05fe9450348d9,13ce49d345126a72bde5e140f84065e57a5fe7ed97d966b025a17137f4bd4a43
pm:vm:photonmelodies11.rio.003:2092185664:00251112:01277,cvm,【柏木】「因为白银同学居然这么坦率地道谢，大家都吃惊了」<01>,[],layout_only,4e34b2bf917f165b164e7b2ba889f5d4bfc5b01e9ca4b14be77344a7ad365197,a65ab4c463e0c88ff31b5e76ec9def0b747a10dbff8e78bcffbf7a5c158e32df
pm:vm:photonmelodies11.rio.003:2092185664:00251992:01278,cvm,【武】「什、什么啊！<0A>那不就是说平时的我一点也不坦率…………吗」<01>,[],layout_only,d6913dd08b0acf6b5cb4b90a7347613461b29e7c5843d25b5965341ed85d193b,2cb3dfdede42fa3ea2bf0de5c94cf9a517703ed6160579fd31ca5845c113603b
pm:vm:photonmelodies11.rio.003:2092185664:00252224:01279,cvm,【千鹤】「不过，反正你这份坦率大概也只维持到今天，<0A>但既然看到了和平时不同的白银同学……礼物也算没有白送吧」<01>,[],layout_only,c11d8a422d86979365a7b935e5ab2be8efb164ac6ca98e28b03976a3f32b4316,a2fa669c33adb19a5d14f4519092542109c207e137878857db790391ce92c64f
pm:vm:photonmelodies11.rio.003:2092185664:00252268:01280,cvm,【武】「唔……可能做错了。<0A>这件事该不会要被她们念叨一辈子……」<01>,[],layout_only,da480b26263b79cfd0e324737ad1b1ecd6f15fc627e755e6c61eebc716a8580b,d3f626a2ce084cfe0c926c529fb77040d7b67b7f507c7db55a0d8b255e201206
pm:vm:photonmelodies11.rio.003:2092185664:00252500:01281,cvm,【千鹤】「哎呀，挺敏锐的嘛」<01>,[],layout_only,95fcc37148b61b31f92c455511c80997e77ca70ec3d2b17fabfda7c7e84683ad,538e71761e984275cc42b81263d947ba1f33b48ca3d7fbb5f10822f80d12bf50
pm:vm:photonmelodies11.rio.003:2092185664:00252544:01282,cvm,【武】「果然……」<01>,[],layout_only,3fe09e6cf1e60763dc26048f59c02df6b50ae5a07c34cb45a800fcddcc009542,c159cc063f7ab28bc0d7dc607bde9e14843abb996f0380d2fe9018b9baf2e882
pm:vm:photonmelodies11.rio.003:2092185664:00252912:01283,cvm,【慧】「不过，已经晚了」<01>,[],layout_only,2cbde06fafe8548cb1a6b68a54e6f0cd025a4d8f5bd84136587624b317416f46,496523926b668c7f48e9ca80d897048cd324ad6516240a893145b0d50e8d5832
pm:vm:photonmelodies11.rio.003:2092185664:00252956:01284,cvm,唔…………。<01>,[],layout_only,8215629a5b6af7d0266d598316e983396d154c2299bfc9660db7a74570c2b629,d22971574cb78f711654b01ea45c57b11e5bfbc6ae307aee7811a96f8f3029d8
pm:vm:photonmelodies11.rio.003:2092185664:00254380:01285,cvm,【霞】「白银……」<01>,[],layout_only,d525cd0ec94b729b3f4fe9a3f277faf9100fc4850f56ed09b131c5713e557c10,4fcec864ecb862f0dda2a13954dcf6197b2629288e3435164ac155d54fef0671
pm:vm:photonmelodies11.rio.003:2092185664:00254560:01286,cvm,【武】「怎么了？霞」<01>,[],layout_only,3dab9e0b5c915647b1eded8fdfe2b528d5450856ed133f93f3e7abc1b26bb011,2b78d5a1769484fe75d682d0efe441755834abe28bd3af81d26037389eb3de01
pm:vm:photonmelodies11.rio.003:2092185664:00254616:01287,cvm,【霞】「我，想看看它运行起来的样子」<01>,[],layout_only,9ee0dcd6717556718fd49e86a4c0e8c6ba631526186fde7e0d42706e8dfc6af6,cc764bfcb60b1576c7fe7891665c81d7f78f00f28aa7d3cb8be7216cee74597f
pm:vm:photonmelodies11.rio.003:2092185664:00254660:01288,cvm,【武】「哦，这样啊……那么，马上开机试试吧！<0A>选什么游戏好呢～～」<01>,[],layout_only,c68390489fb64dce4d1229d38789b2263f33a07482aa3a6f71cedf628c587433,59eeb30432b3f57206e7a98c652ab46ccba24f893c4bc359a0d92b8473d797dd
pm:vm:photonmelodies11.rio.003:2092185664:00254704:01289,cvm,…………就选这个吧。<01>,[],layout_only,329c0de28e8405bfe388d86569f4a0f666b9f19266bf1df1d48482232de263db,94588f81ab23f2d1abba6102f3898945509955813ba658e860f326dc7ef35d9b
pm:vm:photonmelodies11.rio.003:2092185664:00254748:01290,cvm,《钻井先生2》<01>,[],layout_only,d09097fc9f24817e1b5ef89dd036d02c090b33035bca7f795e28394efd3e7728,3358abe44b9c1b45c3258a5dfb29db3b470b4c750fe3eafa1bc24c6d7cc514b6
pm:vm:photonmelodies11.rio.003:2092185664:00254928:01291,cvm,【武】「记得，这是班长送的吧？」<01>,[],layout_only,c422392a43f55708de44a118f9e11f047e60f5ce026db9b54df56a4b54202ee8,ddf153b1fee718b7635e4f51df9bcd553a5ae78ec829be43c41524ae42e1503e
pm:vm:photonmelodies11.rio.003:2092185664:00255252:01292,cvm,【千鹤】「是啊…………怎么了？」<01>,[],layout_only,9e04d098afbf3afa37c1b514212a467beb20e6d63966a681a41c7775fde7b73b,ca204a69f69417219d6c27e39cd27f64e9f5763ef5f31ff19071a6f5924f6743
pm:vm:photonmelodies11.rio.003:2092185664:00255296:01293,cvm,【武】「没什么……我就是在想，<0A>班长你看着不像，原来也喜欢这么可爱的角色啊～」<01>,[],layout_only,2089ba3015ae44085b56177498e9e84de18c9265a1d537b43c4eb7c058392f92,f164e0da6dc9a0dbf1c99a6d9830ec9805199eb7358917c17f979776139de106
pm:vm:photonmelodies11.rio.003:2092185664:00255528:01294,cvm,【千鹤】「唔！什、什么叫看不出来！！」<01>,[],layout_only,76afc4140ea6897859c6f72fbd2f6362de078205d0c33d317ea7aa00219e2350,c9109f52c73c7bf2401732f38e160d83484480320e72cb557725ca3806801685
pm:vm:photonmelodies11.rio.003:2092185664:00255572:01295,cvm,【武】「因为……对吧？说不定，<0A>你房间里摆满了什么熊猫之类的玩偶，全都是这种东西……」<01>,[],layout_only,2efd342a7bf8fd6a454f1842ec187bbb08c695e89ad0bf448ec3419e3171553b,d5847f2e6fe6c85b1a56dbf7b42190d4448cff286c70192b0a548f9cc5f0b3ec
pm:vm:photonmelodies11.rio.003:2092185664:00255804:01296,cvm,【千鹤】「才没有那种事！！」<01>,[],layout_only,dc0e0b54817487bf7ef4c06966d4c7c032904b893e5f6b578755199651cf3a4f,4f268651f71a3d3ab3ed1db196b4c499169974904717ffc63cee17e84d757367
pm:vm:photonmelodies11.rio.003:2092185664:00255860:01297,cvm,【慧】「这么急着否认，很可疑……」<01>,[],layout_only,c445c8d71510decbdc89f88917692bf61a33e18d13af715cf8164ca11e93ab83,5ba657ec14c90f82174f5b30796f2cbb2d98670f352fa2bfc9854c3147887e91
pm:vm:photonmelodies11.rio.003:2092185664:00256084:01298,cvm,【千鹤】「不是！！」<01>,[],layout_only,6ee4c3e3fd23a7c106d660018b49630d0dac8236615cbd46e609e1d48a4abff4,ccdc652b07b938cff4fe7669efb14f4e82f216f36a58572a4629dbb64dca6813
pm:vm:photonmelodies11.rio.003:2092185664:00256584:01299,cvm,【冥夜】「好了好了，有何不可。<0A>武也算小小地还击了一回，现在正是好好享受的时候」<01>,[],layout_only,ab8d9831b8ad729fd51569621fd88b585c6acd914203e89a19708f70c2e4f2a9,725abc49364cdd34f9fa763c87cc9dc6ddd35280b16ebc28be2e22df5fd7ee85
pm:vm:photonmelodies11.rio.003:2092185664:00256628:01300,cvm,【武】「嗯，说得对……那么，开——机！！」<01>,[],layout_only,e82df3d00a1c80206e0ace38e7e528e5ab6680e3519b938bcf26f9757c66f0be,a0eed523ba506b4f1fa7500e4530be9d725ffc8630042816974b0295b0ee4930
pm:vm:photonmelodies11.rio.003:2092185664:00256952:01301,cvm,【纯夏】「哇——！好可爱！！」<01>,[],layout_only,b203a41a48c0ddb5cc47eab39977a00e1e9facf03dbbebf3a0a938bea739013e,6e4e24af3d092ee7e738ddcfa7b035d8b1b4b343147bb501543471b67eca68b8
pm:vm:photonmelodies11.rio.003:2092185664:00256996:01302,cvm,【武】「怎么样，霞？这就是 Game Guy 哦」<01>,[],layout_only,eb2167d32fe09ded6981da69aab1be92c25fa29554f5bfb7863ab560b457d945,1bd87882ea5d5cb45e113577d8d28ce076f9f700231dd7565c6de1c7828c1eba
pm:vm:photonmelodies11.rio.003:2092185664:00257052:01303,cvm,【霞】「画面很可爱……」<01>,[],layout_only,1851839d6d625de7419c945c45e0e86c50e8582dd275d385bb76486859c78943,df4054ea25373d28d762d9f7d513a0476817be8294a157a7ce1340617105e02c
pm:vm:photonmelodies11.rio.003:2092185664:00257108:01304,cvm,【美琴】「嘿……武，你玩得真好～」<01>,[],layout_only,4f3da7dabbff6190422f58c914e9ee8c2ad4e0af58fe2067eee5cdf6501dccf7,e8dbc9537adc53a375fe769db5ee483b7d213811528d85effaa829e2baa6dab0
pm:vm:photonmelodies11.rio.003:2092185664:00257152:01305,cvm,【武】「呵呵呵，我可是在游戏厅练出来的。<0A>我的拿手游戏可不只有巴尔加农，美琴」<01>,[],layout_only,e10dbfc4c5201866fbdab44ca38598c3f4b9d2a42d4a3d6ed98b8cf43e5658a6,a25c95ce0e0542e5ec36a7affbf5766df9ce3b5773fe6bfa83939c250f2b3cff
pm:vm:photonmelodies11.rio.003:2092185664:00257208:01306,cvm,【柏木】「那下次，跟我弟弟联机对战一下吧～！<0A>我总是赢不了他～」<01>,[],layout_only,7da0792741ddaea4a422120c5def6eef765f7a1786641aace38562c7683d0b24,841caee877c469181c1edac1d52491397664c39d81e37340c06ffe44703d7a33
pm:vm:photonmelodies11.rio.003:2092185664:00257252:01307,cvm,【武】「好啊！我轻轻松松就能收拾他！」<01>,[],layout_only,6455557f73d2925f00e9c0810ce2c0a6d2ee442143fd00e36e07e6153322e469,2b5016f197b5a7e580602c94ddf8768daa6b7eb43ea1b7fdd7e0f94563f39d69
pm:vm:photonmelodies11.rio.003:2092185664:00257776:01308,cvm,——姐姐，不管怎么说，今年的生日过得比以往任何一次都开心<01>,[],layout_only,514ee44b277440d144d3d1970e42a0999c5a934aa89e05ab11cddd43717016bf,991ca7922ec3bbb7b13bf3aab03df18e8b331d7928b6783960e8d9ae4840bc1d
pm:vm:photonmelodies11.rio.003:2092185664:00257832:01309,cvm,——是啊<01>,[],layout_only,331a8deab809c3e42a6e57fff49304a72be82fcea2c3717968fe668b0e8b2edd,e58aef99d1c5672d0f371bde511a0be344511b3a16ccd36b866705b82c555a04
pm:vm:photonmelodies11.rio.003:2092185664:00257888:01310,cvm,——不过姐姐，我可还没有放弃<01>,[],layout_only,9771030434e6d4f0c12969807a246324f06a79da7f02e1d6bc6e4371fec694e6,985815cd5d2dcae552af113b6d81b14243f882432e9642dd7630ddb5eeb657ec
pm:vm:photonmelodies11.rio.003:2092185664:00257944:01311,cvm,——呵呵呵……我明白了<01>,[],layout_only,09a5ef54212747cb1d3f736d0d5d49e5e26a557b41e1ebe818489231758a8c26,744ebab2968264a9a87887b9784afaf21cc4b8afff17fff1ee5a332b2df5f390
pm:vm:photonmelodies11.rio.003:2092185664:00258392:01312,cvm,——今年的生日过得比以往任何一次都开心呢，冥夜<01>,[],layout_only,c167da52ddb8162ae8af399a9c279d28cd3445ce0cf6491533635089d86de22d,569476b62cef44ea519d2e981b3c765e52dae30fbf9aec39ddf5a2495f407dac
pm:vm:photonmelodies11.rio.003:2092185664:00258448:01313,cvm,——姐姐……<01>,[],layout_only,9995394e0664a85f067d9cae87e06d2e80ef9efb7daf32e4e05368165072ed23,811e9acf7fb83177e91baa6a2c86e79497ff1c9cda744ab68a6e562cd65bf4dd
pm:vm:photonmelodies11.rio.003:2092185664:00258504:01314,cvm,——但是冥夜，我可还没有放弃哦？你千万不可掉以轻心<01>,[],layout_only,34dd0b0901ed3064aa710e833b8e1cf38c992da9ce4e1cc2693b16f3200b0c8a,94ead855d40d84da730a78e4d3e706d2688c95a923dc3b0c65cb01bb94068609
pm:vm:photonmelodies11.rio.003:2092185664:00258560:01315,cvm,——是，我会铭记于心<01>,[],layout_only,e75081a04d60bd0c6ee0138b15e79c5657807d4caf45360368d02daa3c2a8eb9,8599a147f3fa8ec748a1f1d60fd49548573ac0f5bc9ba79335e6744ce59da6fa
