binding_id,kind,translated_text,cn_annotations,review_scope,jp_utf8_sha256,en_utf8_sha256
pm:vm:photonmelodies11.rio.004:426952928:00000752:00001,cvm,【纯夏】「我说我说，小武，吃完饭以后，<0A>就由我来教你滑雪吧」<01>,[],layout_only,9ebd8cf7b90d20b55aa1b1517898e1b98f8e828e9c06b63a13fbd03902138792,456535209ade763a8a3232027498fb58022be0a4a35abef67bf0b4cd81bc29b6
pm:vm:photonmelodies11.rio.004:426952928:00000796:00002,cvm,【武】「我可一句自己不会都没有说过」<01>,[],layout_only,20c6714aa7040c8150e317659ba35ab7319d1a249c57ea14cde826c06615cf0b,b776ebcabaf4c15ff881307defaed7cadd29dfa95d5111dfca061b57b5825691
pm:vm:photonmelodies11.rio.004:426952928:00001440:00003,cvm,【千鹤】「你就老实承认吧？」<01>,[],layout_only,b985a23ab6f648aa9ab7fd593a1699c71cbcecb7d50a80258250226d1d20d8f0,370c8d1e8f6e2e50e6ca943507e7e6f5e87e7ec8f4a206f062043b5fba9fb94f
pm:vm:photonmelodies11.rio.004:426952928:00002084:00004,cvm,【柏木】「就是啊，就算白银同学不会滑雪，<0A>也没有人在意啦！啊哈哈…………！」<01>,[],layout_only,4ab756a1f840a22d0e69f36bc4fbc930df756f50e847293a7363e5ca6798f86a,aaf79dff8fa1b5b4a900ee2b6fb47a46fe7c7b7d9066da7e2fe2b37f5394b6c2
pm:vm:photonmelodies11.rio.004:426952928:00002128:00005,cvm,…………别说得这么轻描淡写啊。<0A>没人介意反而也让我很不甘心。<01>,[],layout_only,64b5b0ac626e14f527970d77c586d119c1dc7de786dcccb427cee85f1bd60502,7790d466b1e9182283da59478f0c2dad62a037c6408080e1b536e83ed4f507d6
pm:vm:photonmelodies11.rio.004:426952928:00002360:00006,cvm,【慧】「太把自己当回事？」<01>,[],layout_only,d97af80cd37e3056acc9bc536f895dbf2160810f6f2231c7292bf37202323760,b93959283b202e08c593b3bf2bd1fb670feb9e641d45be993d6229a2084e4be5
pm:vm:photonmelodies11.rio.004:426952928:00002404:00007,cvm,【武】「吵死了！——我知道了…………好好好，<0A>我既不会双板滑雪，也不会单板滑雪！！」<01>,[],layout_only,bb7359e53fee321d2a38b9ca67292c9dbb4a263e51bdcc935134a190368aba2f,b3863f9b6234004c2c9ed6a0fb81748fa594ccacf165a11d22f09b8edf298b4c
pm:vm:photonmelodies11.rio.004:426952928:00002460:00008,cvm,【千鹤】「呵呵呵…………。不过，你的运动能力还算不错，<0A>开始学的话应该很快就能上手吧？」<01>,[],layout_only,f99a8dfe7df02e44c24e25d53a2a90f9161fd7e80cbfcf045b83d3c5ce9d39b9,045df75c6b606459d5a089d4f50e04f6b9fbbeb7cb9e124433075c733f973061
pm:vm:photonmelodies11.rio.004:426952928:00002972:00009,cvm,【纯夏】「那就，一起去滑雪吧！！」<01>,[],layout_only,83cb6d26dfdbbb5c9f7ca94cfa4bc335e54da5a115e7f0e8a06cdb57e8496b11,26de6b766667d5ccd0f64c61804e07294f039447e2e5299cde60bab7db4eee54
pm:vm:photonmelodies11.rio.004:426952928:00003016:00010,cvm,【武】「我拒绝！唯独你，我绝对不会让你来教！！」<01>,[],layout_only,0fff4e10da089ef2ce72ec71bed2cf4e2404bcc7f45cc087ae18ee517840f440,1f891298ecb789d878f97050ac7be00318f7574a86fc92fad3d1475c4528ba1c
pm:vm:photonmelodies11.rio.004:426952928:00003472:00011,cvm,【纯夏】「咦！为什么嘛！！」<01>,[],layout_only,4ed98cb8146a26f3814c007ef7060915d6bb8825f7f9dd6e3568a7bf062079dc,6e053b0a5046f4cd861a64b66999b11028482ebe7f03cfbc9eec95649fb5523d
pm:vm:photonmelodies11.rio.004:426952928:00003516:00012,cvm,【武】「——我不想给自己的人生留下污点！」<01>,[],layout_only,a8b87cf86860046e1e33fb766ef6c7c6441bc7ddfd358c8e0be12ffbfe2f9c11,3fc6b26dc2e7801e8f071fcdc1f0198650cf91c2bb18f623b056ce056a0cf757
pm:vm:photonmelodies11.rio.004:426952928:00003748:00013,cvm,【纯夏】「这算什么理由嘛！」<01>,[],layout_only,501137139f853a0f29cc85faf29b3dd413675b5ca36f8e36e0a85551ccd961ce,1750fdac356f56d645d3e4428c02b0a30dd1273c7ecc72413c4aa2f6d3413ec8
pm:vm:photonmelodies11.rio.004:426952928:00004392:00014,cvm,【柏木】「…………不过话说回来，其他人好慢啊」<01>,[],layout_only,bd8b92117a1f98b1abee27da26d5eff73900b4a50a11cf76d804cd45f23ceda8,fa9e754b3d19e410803eb2c1ccff922d0e4b805c97aa557f03f4d42a44d755dd
pm:vm:photonmelodies11.rio.004:426952928:00004436:00015,cvm,【武】「美琴和老师们吗…………。<0A>美琴暂且不说，老师们集体迟到算怎么回事」<01>,[],layout_only,d7966f1b53a58ff98cbbcac3f54fd8483431e542b05b6f962198586f5d1e0b7e,3e0046b93bf267aca7994eec554c181cab66476dc88a484f96006d41711854d7
pm:vm:photonmelodies11.rio.004:426952928:00004656:00016,cvm,就连沃肯老师都不在。<01>,[],layout_only,9a27a34a23922f0a39053b2e661bad4ad9c4c39288052f2c7197c800d50ee018,b48d8be103b3d2c54530c6df8e7d47d896d746990d235937608dbf8f00aef894
pm:vm:photonmelodies11.rio.004:426952928:00004712:00017,cvm,【千鹤】「话说，有没有人看见…………<0A>香月老师她们上午在做什么？」<01>,[],layout_only,db22969a10ebe0497e2280d30aa34f3a7e4e53d31af47d674bbae9cf56152bba,506fa7a4ebafd3851e7f10e8491b21986aa9228e63289342cca793038201a403
pm:vm:photonmelodies11.rio.004:426952928:00005356:00018,cvm,【纯夏】「说起来…………我不知道。小霞，你知道吗？」<01>,[],layout_only,e998b7a402c542b1d6638fac19a6f6d2de127360d61a9efe36ca40b150997eb3,dabc89603a733670278346d4d332c1759cc00228896668b01533b058f2847bd2
pm:vm:photonmelodies11.rio.004:426952928:00005412:00019,cvm,【霞】「不，我不知道」<01>,[],layout_only,355a346dba6b482133fedaebbd4bdb24995d4af6084d8bf6c3d1064c44ee43ab,ffc6686f1cd4b3f546144856b02a269bb876ad99086d5f96c7577aa97a312bef
pm:vm:photonmelodies11.rio.004:426952928:00006056:00020,cvm,【悠阳】「我也不知情…………」<01>,[],layout_only,0c386041bb018d15946e4c1beb024f76234afcba52af17bdf9ae42cf14c50802,1b47c5d14bd31d548fb98d518fd57cd9159d02b38d6f0de3da9b059af52d4aef
pm:vm:photonmelodies11.rio.004:426952928:00006112:00021,cvm,【冥夜】「我也不知」<01>,[],layout_only,79b17c49b932cb7c9cb0c75a320947605a53e474d68ff854a36e2a5235c250a8,02eeb0fecc39f1748f8905368c81cb06f7bd6356d7cbbd3364d080bf87cca9a7
pm:vm:photonmelodies11.rio.004:426952928:00006156:00022,cvm,【慧】「……………………」<01>,[],layout_only,06bd3f7883ae880e1d2e23be206ad1ba874b905e38ce2b8f596153a282542865,e988c43f59a998e81ed9678a9edebfd9d31a258124764e3d6e90dfc3b2f409c4
pm:vm:photonmelodies11.rio.004:426952928:00006788:00023,cvm,【武】「怎么了，彩峰？」<01>,[],layout_only,eecf3541576ec062dd4c376db86e72fa42dcd394e6dd8d711b90b11526eb15fb,668427384ef9242afdfbbcb01efd0b0d259a9c8f5c4c3a580ac0b51ce49f05b4
pm:vm:photonmelodies11.rio.004:426952928:00007020:00024,cvm,【慧】「仔细…………听听周围」<01>,[],layout_only,bd450c74d4ff3c392b75f20f7d7f3a6a9f203f8560e525f698fc63f8013aa218,142da48e4ac61f4604224b9b138ab6c9a14e25e06d13937e3b3bff06c14c328c
pm:vm:photonmelodies11.rio.004:426952928:00007064:00025,cvm,【武】「咦…………？」<01>,[],layout_only,6f89339b2480107cbb5839c19f9f2232f49962fc19025bf7e2be3b170f1b1d68,cff1150ccd1e336776d839ebdd3abb90457d7f0dec81697b4a75a41c241c3081
pm:vm:photonmelodies11.rio.004:426952928:00007472:00026,cvm,——喂喂，现在可不是在这里吃饭的时候！<0A>泳池那边出大事了！<01>,[],layout_only,92db40c8c5a7b07d73e15ea8d73003ae441d1126956e525da88710d01e7affca,6c855eb9658e63b486c627028719b3c81df5a791382c1a852249b7ecae0c44ba
pm:vm:photonmelodies11.rio.004:426952928:00007528:00027,cvm,——喂，你听说了吗？泳池里好像有个身材超级火辣的美女！！<01>,[],layout_only,e53c2c1930415d41c41c66194b2301e654ba5df92a64929bfad5bce8ceefb180,5407ad3a469c5590b29e513a9398b0d11b6589e1014d37e799e8a901185c6dd3
pm:vm:photonmelodies11.rio.004:426952928:00007584:00028,cvm,——而且还不止一个！<0A>听说连金发外国妞都有…………我们也去看看吧！<01>,[],layout_only,6dc4ce3d1da0566547dd7938a56d76c532cab4e7f92a5ca17e47e3dca59d545b,05c1deaf27d39e1a01d725b2a5b95ea740ace1c4431076982834fa3d62f2ea9e
pm:vm:photonmelodies11.rio.004:426952928:00007668:00029,cvm,【千鹤】「…………周围好像很吵呢」<01>,[],layout_only,1e1ed300c3e08cc2422b968a66ed5b5f02f06fe19324e9dc44e47e7fb8c237e7,f07524250b0d382aea4f254910e3856d411eacf5c98385f7402652c14884e63b
pm:vm:photonmelodies11.rio.004:426952928:00007712:00030,cvm,【武】「我说…………他们提到的泳池，是怎么回事？」<01>,[],layout_only,3052d9368e8d47c869cb1a5dc4cf70b410c9e85e1db5851158f8af1a22c56049,999945f64bc8aeac584bc05886328aa1427e40af30682871cbe972082bfd3b5f
pm:vm:photonmelodies11.rio.004:426952928:00007768:00031,cvm,【柏木】「那边有一家酒店，应该是指酒店里的温水泳池吧」<01>,[],layout_only,528c8148bcc08d3733d80ee8769dd3dffe5b7766e2c74571ffa2b5332b8b7e10,9ff5db18bb7f69ca815b6cc2ede43b1da0b99274280adfe5018abbe1745f0c11
pm:vm:photonmelodies11.rio.004:426952928:00007824:00032,cvm,【冥夜】「朝向滑雪场的整面墙都是玻璃，<0A>从里面可以眺望外面的景色」<01>,[],layout_only,2bd91108e10025be015f1d49668cb46ac9e37d5f2f8f02141daedc41cf21eef9,683b6ee2e49cc83e121019fa75b52186a8bfb3e13a40142aa6681c22b7964b6b
pm:vm:photonmelodies11.rio.004:426952928:00007880:00033,cvm,【纯夏】「看起来还挺有意思的，而且很大…………<0A>啊！感觉有点像迈尔德·克鲁」<01>,[],layout_only,ce596ff50252c404de8e11b28f396fe20e481a0ca8046979b89161e9d5e2b867,f6b3d9351693a29797c69da996e69db8db497ea60d6f10513d1459e0f7b38713
pm:vm:photonmelodies11.rio.004:426952928:00007924:00034,cvm,【武】「…………也就是说，可以一边看雪景一边游泳？<0A>这种点子，他们还真想得出来」<01>,[],layout_only,2f526c011cae69afb37f5017f386e1249556aa3500baf05f6154ae2554a033fa,b415a95ad717a99be313820145fca7101b68e9a0ee940c725284945e007fb088
pm:vm:photonmelodies11.rio.004:426952928:00007980:00035,cvm,【壬姬】「…………难道说，夕呼老师她们就在那里？」<01>,[],layout_only,1b79da34b9117200cad1d440d772be313bc0015c0dc92d7139868cbb91d070b4,c3853da3abd27d21e278ee6146c638690cc9314547fd29347de20949be79c4f0
pm:vm:photonmelodies11.rio.004:426952928:00008024:00036,cvm,【武】「大概吧。算了，这下可以安心吃饭了」<01>,[],layout_only,e400abd1fd4c5999ee7135e2cfa2bd735cf3b39b20c9659f46e58f774c278d5f,8491c35c98f84ba2db078014bd6d89e42d1ae421ae47cf32bbd5aa57fb989029
pm:vm:photonmelodies11.rio.004:426952928:00008068:00037,cvm,就算继续等，她们也不会来这里。<0A>不对，应该是来不了，肯定来不了。<01>,[],layout_only,51c5c5c47077e4f7d4e4ac1ebb6420d7a692bdd435bdf09bde26e6fe406f40d7,c3c2dde83346ff47ff7ff3f4e676edc429eab79a2a64287616e811ac3585e03a
pm:vm:photonmelodies11.rio.004:426952928:00008112:00038,cvm,…………我大概能想象那里正在发生什么。<0A>肯定是一片闪光灯风暴。<01>,[],layout_only,4758a253cfe80c4739f83b3a1352c310b61e9ef598afbd72771ab0f111c4204f,b48ae96df9aa7d2c2684fc0f2bf2e7ff6e1d85e2043f34e07220e71c493709da
pm:vm:photonmelodies11.rio.004:426952928:00008756:00039,cvm,【霞】「那个…………铠衣同学也在那里吗？」<01>,[],layout_only,2ed36e1c070b7aade3458c574cf46549a754fefe180e6f3ea5389dbc9d4d4369,f7d83955c081503e4f3d56bd080f65972dc3e9ace148d85739c364ac5b9a7905
pm:vm:photonmelodies11.rio.004:426952928:00008800:00040,cvm,【武】「啊？哦…………那家伙肯定——」<01>,[],layout_only,83e7ec48b03b4970dc65cc9785db26f62ab63a5b2010a0b82ed5f7d001758496,74f7e12d0541651b1b554a011aff52536fbbace8ccb2f0189db07b80632f474c
pm:vm:photonmelodies11.rio.004:426952928:00009196:00041,cvm,【美琴】「哎呀～大家对不起！我来晚了！」<01>,[],layout_only,bb827604449fa2fa336ce2155761a6e4cc359937640f55ad61134756d7b805ee,010ad301c35152e2c33166da06aa8f19b77eb8ef3c1d7e5fb66186fe009767d3
pm:vm:photonmelodies11.rio.004:426952928:00009252:00042,cvm,【壬姬】「啊，美琴！」<01>,[],layout_only,af6c1c3f4672b0a016261f46ae7c4da8177c8f53128650d69dca660202187900,9dca4155bec45426af9a6beb6bd4c49de6c5524fb07b03eda754eafdfdf8b563
pm:vm:photonmelodies11.rio.004:426952928:00009320:00043,cvm,【武】「说曹操曹操到…………。<0A>什么嘛，回来得还挺早…………」<01>,[],layout_only,66e676c240955590bb09970084a9791a5b38d3c4d65fea070eb1c129265d563b,7754575c291ef49a59141a9902eb6de0273d6b072605e9963586f3021aafdcd7
pm:vm:photonmelodies11.rio.004:426952928:00009552:00044,cvm,【美琴】「咦？我不是迟到了吗？」<01>,[],layout_only,2ca487688cea5a219fc84ff9608f268871f56787aef2f91e27135fea07d4cfde,cb435ca3f9f9b4b00c7e4ca150995a6c44b1918b8809a47fc648ca7ee924ff24
pm:vm:photonmelodies11.rio.004:426952928:00009596:00045,cvm,【武】「就这点时间还算不上迟到吧，对你来说…………」<01>,[],layout_only,9fd66a637ba38e853c0fcc0a7e82988c528bb42416f488b3992b24cd2e35526e,fd590aba18cf9d45e4d528b6266d3a5ac4754f7d07920b57fc6b52c3a3968604
pm:vm:photonmelodies11.rio.004:426952928:00009652:00046,cvm,【纯夏】「我说我说，你滑雪服上全是雪哦～<0A>你到底跑到哪里去了？」<01>,[],layout_only,f1f6a35a9e384fb165ef78add756c6c9519c9420180f633ec660f91e8f5bf0d2,0144000ecbcbf8b34e1deeec03260ce86a755add7f1c949aff80b94bbc7f2c40
pm:vm:photonmelodies11.rio.004:426952928:00009884:00047,cvm,【美琴】「哎呀～这个嘛…………我自己也不太清楚…………<0A>能走到这里简直都算奇迹！啊哈哈哈哈…………」<01>,[],layout_only,36ca7b0477a5069416b234111fc094c9979ed2b63b95768454b52170c3e2593d,70227dea4739764ca0d35c67e858f82388f4ced0f50675b1a2c0c8bba0abf39d
pm:vm:photonmelodies11.rio.004:426952928:00009928:00048,cvm,【武】「这种情况就叫作遇险。<0A>记住这个词，往后的人生里总会派上用场的」<01>,[],layout_only,f5f8ee69276dfa5cc3cc9e4cde2df1b42c1a4cdc7fe4e0900f5e403a00ae42aa,3917aa429e24beb4314680aa5a90b8951899875bfbda2351b82b8cd7367ee336
pm:vm:photonmelodies11.rio.004:426952928:00009972:00049,cvm,…………尤其是你。<01>,[],layout_only,b7285af31654104b14498d6c0c1f833457c68706ac304a3d66ff522544baa4e3,8abde99fcbd9591526cd2e60c8c9913dc1df915f7e7e54083b5246e6e1e238db
pm:vm:photonmelodies11.rio.004:426952928:00010204:00050,cvm,【美琴】「我也不知道为什么，<0A>就是没办法正常接收GPS信号…………<0A>这一带，难道是磁异常区域吗？还是说，有人在进行信号干扰？」<01>,[],layout_only,4dd886b369789477be75d44d3c59cc205eae39d8ebd36a240dc4a02341cb9ea3,b49280874fb8f7f3aba701abe4084b18993c570b2435986e5633d88d7ba8b999
pm:vm:photonmelodies11.rio.004:426952928:00010248:00051,cvm,【武】「哈？信号干扰…………又不是在漫画里」<01>,[],layout_only,e6bfbb7825532141cda847f9d4a050b9595ad575ffb04e316f7b881b85efaed5,0fe138146f625966dc02deff2c384c93b22c3e38e17bd35ebee70c12351310b4
pm:vm:photonmelodies11.rio.004:426952928:00010480:00052,cvm,【美琴】「我还特意把便携接收器，带过来了呢～」<01>,[],layout_only,8818060f4060f905726e88c827f73959baae2e4ac3e3a6fc261dfdc6636bc4db,ef0098c087fb2c26dd2d45e9696da03977c8c3862e5b9bab1efab1b6ca9e5edd
pm:vm:photonmelodies11.rio.004:426952928:00010524:00053,cvm,【武】「哦…………没想到你居然会依赖那种东西」<01>,[],layout_only,a1483b5a390fcbf0312094427f2643f419bafcb14108000faa68003b76367972,7a413c29dcb393cf255417a0eafef78cdd76894129534aff31d22f4eefa8b35a
pm:vm:photonmelodies11.rio.004:426952928:00010568:00054,cvm,我还一直以为你完全靠野性的直觉行动。<01>,[],layout_only,542b5431f0f26ff3723c0c695fe21a46a375b31736ff40ed84ee4e1546d45d4a,5785886d5a9f0063d5f5889f77d96fb4acf2adafc7ade2e9e052022d4700878c
pm:vm:photonmelodies11.rio.004:426952928:00010800:00055,cvm,【美琴】「不，干扰GPS信号并不是什么难事。<0A>毕竟它的电波很微弱…………你看，<0A>就连汽车GPS进入隧道以后也会——」<01>,[],layout_only,a43f5c7c016a41b487d6d864fdd36ea48e44c66b12a7fac137102411c00f7168,43de558e2306bca39b2403fcb61b1b0060b97c301d9181f1fe467b813629842c
pm:vm:photonmelodies11.rio.004:426952928:00010844:00056,cvm,还是老样子，真是个无论怎么说都跟我对不上话的家伙。<01>,[],layout_only,4003875126dff22ecb33946e22e5501895ee26811d29aa9a863e4fff97dc86ee,f8e12a44d6212560a4e142b9b1b214244f66cb305c0b2dca037a462404eabaa3
pm:vm:photonmelodies11.rio.004:426952928:00010888:00057,cvm,…………不过从美琴嘴里听到「汽车」<0A>这种贴近日常生活的文明工具，感觉异常违和。<01>,[],layout_only,8404d5775c385b9210c52253b08a07ac2536da06530064b555b8c2f0d299ced0,65e79873bb64b18633435b84318d3bd515fb14c06a0996560c3342d422502df0
pm:vm:photonmelodies11.rio.004:426952928:00011664:00058,cvm,【冥夜】「我记得汽车的车载导航系统，为了弥补这一点，<0A>会综合利用基于车速脉冲和陀螺仪的自主导航，<0A>以及地图匹配等技术」<01>,[],layout_only,393bb87d8331ca34d18465adb1dc98e60f4a120874be56c0ffa69e236744630e,4ccd29038dbaf9ede961343b4ca5a25ede17f095ca1206e55dd564cf46548413
pm:vm:photonmelodies11.rio.004:426952928:00011896:00059,cvm,【美琴】「就是啊！干扰装置也没多贵，只要有心，<0A>就连我们也做得到，问题是有没有这么做的必要」<01>,[],layout_only,382c87b03da664b234fe51c68187255fd2616167166cb486969686e50a41e04a,cfebbf685dac78d556751467eb31528dc5c216dd29b297f1df841ba2697ccb65
pm:vm:photonmelodies11.rio.004:426952928:00012248:00060,cvm,【冥夜】「……………………」<01>,[],layout_only,7c1e1bdb272bdd5e2617c3dc3a238302cb60ccfea882e70ee6f2fd76ae246e47,336d0bb131053d6dee29f2ddc9129d555a61d3390d67cdc3ac8db250f7905f8e
pm:vm:photonmelodies11.rio.004:426952928:00012748:00061,cvm,冥夜，你见多识广确实很了不起，<0A>但能把你刚才那番话如此华丽地无视掉的，<0A>正是铠衣美琴。<01>,[],layout_only,f326493dccda7e81c4d349182f191b1cc9b0befeb718c635682c4958a4fd029c,eb9cf9f9c11286ef39d63bb5476226cd3184d0ed58a1d845f90ccdc030a08e26
pm:vm:photonmelodies11.rio.004:426952928:00012792:00062,cvm,不过，我也不要求你两个月就学会怎么跟他相处。<0A>放心吧，就连跟他认识更久的我们，<0A>到现在也仍会被他这种本事吓一跳。<01>,[],layout_only,38ab6be6fbf420fd5a63957eeac60ac3e46a04ac35fe50a283ef1b1e29334bab,ff3f552dfa0f89920fdbbeb0bfa5777fa3c25c57f3d8ed61b340549d2fc3885c
pm:vm:photonmelodies11.rio.004:426952928:00013024:00063,cvm,【美琴】「——在这种滑雪场，正因为是这种地方，<0A>GPS才更应该得到有效利用，居然有人干扰信号…………」<01>,[],layout_only,54975ca0776d42fead7a77e9e21e7176227d0b55d97d2c8e05e6451c415314f8,32688c43e5eab675ba09d576b6a80b06497a213a734018e955865bf81c5ea8c0
pm:vm:photonmelodies11.rio.004:426952928:00013244:00064,cvm,【武】「在怀疑那么夸张的事情以前，<0A>你先怀疑一下机器故障吧」<01>,[],layout_only,6bc99aba7dd1b29f644891120bca64c6191dc2cced7a206fe0b1be81283a82ca,841ed9736c23fe311ca6ed0a35bd7f05029d1ebe3ffbe270616ad70d1ac5c75e
pm:vm:photonmelodies11.rio.004:426952928:00013476:00065,cvm,【美琴】「咦？如果只有我自己，<0A>迷路后在外面转上几天也没关系，<0A>但因为大家要一起去，我才带来的哦？」<01>,[],layout_only,d7533e607186ce74f671fa4fab21f934a0abc96584030e53949959eb8d185297,7fa4b5eb785b13e45a200ebe4c4ef4bbdf15929a5a59591b83e6d841fe928462
pm:vm:photonmelodies11.rio.004:426952928:00013520:00066,cvm,你这家伙，原本打算带大家一起去那种需要GPS的地方吗？<0A>原来挖温泉是件要拼命的事…………。<01>,[],layout_only,a88e4aed455b8e37bd4c3e4746370e00a9ebfe2078f15bf2c1634c7c50c45c0a,e64cdfd1e08f91a41a1933b1b3765e240b8dc88b7ef8f0e0507a268717cbc38a
pm:vm:photonmelodies11.rio.004:426952928:00014164:00067,cvm,【千鹤】「所以呢？那台机器到底有没有坏？」<01>,[],layout_only,94e614617f1904a3cca4ae3e0cbddbe0d51671ed2c92713615e4366c50740b2e,9ddbf4e4369fc38400cf62c3f243af158d3f99a049b06ad00ae1db7096816209
pm:vm:photonmelodies11.rio.004:426952928:00014220:00068,cvm,【美琴】「哎呀…………这个我也不太清楚。<0A>因为我把说明书忘在家里了」<01>,[],layout_only,7ac9defa97e75b2c621c03a37e467a9fbd3df37f7c42fe9e43a5a057202a281d,2faa00d4d6e07d2dd875200fcedd5e55146b4a9e8de2cfac0f5239ecff6a0fd0
pm:vm:photonmelodies11.rio.004:426952928:00014572:00069,cvm,【武】「那还有什么用啊～～」<01>,[],layout_only,f631c30c3d85a43356cbdca30953105fcb19e1584a14402730ee3f020c587691,19b75cd84a4fa2de6ca0a594ebbb841fe5ccb13c9cfbbb3d7c02cae26cd10c6a
pm:vm:photonmelodies11.rio.004:426952928:00014804:00070,cvm,【千鹤】「…………别去太危险的地方哦？<0A>真遇险了可就麻烦了」<01>,[],layout_only,e60a07130b41204ce4e0963cb4b5421ca87d10cce9c0085a45b37c88f78e180e,7e8e0eae3b0c0e9440b02ef36446712bd9de1dd5b7f9d3f02dd7a3b4d6dad4ef
pm:vm:photonmelodies11.rio.004:426952928:00015172:00071,cvm,【美琴】「也是啊…………。虽然很遗憾，<0A>不过大家一起挖温泉的计划还是算了吧。对不起」<01>,[],layout_only,5de91c9ebdfed1b56fefbbac7806c6d69957ae23d0f03e95aa00d04f2e7ab005,b2a4f6160d712bd7b3b0946c81a95d2b3238d616b3807bee069e7bc05436b76d
pm:vm:photonmelodies11.rio.004:426952928:00015936:00072,cvm,不，我一点都不遗憾。反而放心了。<01>,[],layout_only,e7aa9302a3f69efb0d99db930a622095bcfd4bc449cc65a3f847850edfce7a8d,7a76e7438ac4d1e44cf801b3959a0039a8415cbc52451fdd6a4404aca41d71b0
pm:vm:photonmelodies11.rio.004:426952928:00015980:00073,cvm,【武】「算了，总之这下人都到齐了。赶紧吃饭吧」<01>,[],layout_only,f341c0e8ed71d449a6cd6874dfa64caf450bd5a2d360a323a9f4a087a3e71e0b,c449c11003bbb1c90686e27136734cc76b9c26a50e1f41dd892b520045f649b3
pm:vm:photonmelodies11.rio.004:426952928:00016476:00074,cvm,【纯夏】「说、说得也是～～」<01>,[],layout_only,2a4f68cc9702cf0fc2809374b91bf4840b61be15ea8ca608e56c915818a285bf,50087a21735081d27ef7098d21c02afbc3c3e995f673fc19142270e93a2aeb87
pm:vm:photonmelodies11.rio.004:426952928:00016708:00075,cvm,【美琴】「奇怪？香月老师她们呢？」<01>,[],layout_only,6524d68f312ee183765bb07ae7d033e5f6541b472075d38b9f189c22b97c5573,e61bc5daddfb01490e766b9606d8e28d3817beb61f811e502988223a17a7d45d
pm:vm:photonmelodies11.rio.004:426952928:00016752:00076,cvm,【武】「她们好像在那边的酒店继续办白秋祭」<01>,[],layout_only,dda45234e3e3b84f5a5ecad909dd4cccfbed956aa10ed72c649eb8972c582dbf,e52a3835dd93a237407f1b34c5bcb128d2930214e8144e704a6b157809c3d48a
pm:vm:photonmelodies11.rio.004:426952928:00016796:00077,cvm,…………泳装摄影会。<01>,[],layout_only,aed929fe98845d41807005bab155fb84485e0311d2452923da0a94eda6b89314,e04992c0ededb27fb2c09da0b3151c11fe35e11776faf4b78e07b985d8a33fa2
pm:vm:photonmelodies11.rio.004:426952928:00017028:00078,cvm,【美琴】「…………那是什么？」<01>,[],layout_only,73f9f384369384342c8ef89aea999980662663f5f810dbeebb150654e6971d31,6503e2b6d240073705c623f3e31aa33bfba891d97ddf21bea55baf9ba3a72092
pm:vm:photonmelodies11.rio.004:426952928:00017072:00079,cvm,【武】「刚才那句话在日语里就是『别在意』的意思」<01>,[],layout_only,4f515739a476d47cdeba534ff01219e6a4f74e84744fd7f9119d9f19fc67b883,30db0f040ecfc55ee1e46db4f1c7842a47bda6e133f8a87deaec829d20ad732e
pm:vm:photonmelodies11.rio.004:426952928:00017712:00080,cvm,【纯夏、壬姬、美琴】「多谢款待～！」<01>,[],layout_only,7f52f7134c274a921de5d1af05d0e9699a95a55f3517fc676c00afcec5d9a07e,40a6cc70e0a7e76a64cc873670e14e36fbaf75bbc06efec0ea64c43e09d4059d
pm:vm:photonmelodies11.rio.004:426952928:00017768:00081,cvm,【霞】「多谢款待…………」<01>,[],layout_only,40f66dff132ea09c4a46f9da6f1163efe3b4180ee0ce881d7ce2847da26ed596,d15772c5b5bad5785a6a0ccbf5efc28cecde74b5b6f98d56c8334a507762260b
pm:vm:photonmelodies11.rio.004:426952928:00017812:00082,cvm,【武】「呼～好了，下午做什么呢～」<01>,[],layout_only,21fdcbaae4cc76efe3452792ed87f01dcf7d274a3da1b644dbd499573aa7c961,afcdcb57808ae5ac8b3db45175e320cc3e8dfe667bc8cf911d6be6975a7092b0
pm:vm:photonmelodies11.rio.004:426952928:00018456:00083,cvm,【纯夏】「咦？当然是滑雪吧？我不是说过要教你吗」<01>,[],layout_only,c5f44e7f4ded1881604d02d463b97ed1e7664b1a7473133a2a79009b3dffafeb,5dd82858c8fbcc3dbd07a0b77c609caa3974801e4980aeeed6f75b39f0183a08
pm:vm:photonmelodies11.rio.004:426952928:00018500:00084,cvm,【武】「你脑子跟鸡一个水平吗？<0A>我不是已经干脆地拒绝了吗」<01>,[],layout_only,f46bcc0f2cca9f9128d018f075de9166e9f6a08be91a7407fe3d2523d92bd714,a44043125958453e8fff709ea253a43f8c6451bda7fdbf351a5d497bd6b33aab
pm:vm:photonmelodies11.rio.004:426952928:00018732:00085,cvm,【纯夏】「咦～！」<01>,[],layout_only,99826d2f6cca2a5e9578306f801d0d998d638a50060484ff33fcd776fd486a9a,a9ab966c6d0ebbe4d885b1b43ed4ce236dbc0b0b494c61470b6b2d5743aacc0f
pm:vm:photonmelodies11.rio.004:426952928:00019296:00086,cvm,不，连鸡都不如。<0A>从刚才说完那件事以后，我们明明连一步都还没走。<01>,[],layout_only,99a183bb92a3f729111e3631aa69c394cc045e87d52c439e7e474c186ba48fb8,4965a9bfd6d450bd3deadd0381d354e655f738a54105df6616b5af8668fbc019
pm:vm:photonmelodies11.rio.004:426952928:00019352:00087,cvm,【柏木】「你要是愿意，我教你滑单板怎么样？」<01>,[],layout_only,9c29c2b8a0847b81898b30be9c14cd2e25d3d324032b5aeeda03fe83dea2cf1a,67c0abea3d5cc50d1df513dfd1beb6ff12f0e4edca31c501a6287a4d276957aa
pm:cstring:photonmelodies11.rio.004:426952928:19927,cstring,决定滑双板了！,[],,0fc9f5a0ac095b1f0db799e4866da09cd0462601694daa9841903373971d6efc,19a618466b8b3c37dd28305c2eb403ef3f14d79674c333d23e767ae37937f1ec
pm:vm:photonmelodies11.rio.004:426952928:00019984:00088,cvm,【武】「哦？你会教人吗？」<01>,[],layout_only,a3f47614fe7c8cacd1a7fcb67b6eefab5cf206a4f4c6cad1768ae12a56c1ca7d,ac49b2a7b1e4702741cb3c34eda7e0540890059af5c8beac4193047fa331bf79
pm:cstring:photonmelodies11.rio.004:426952928:20018,cstring,要不要试试单板滑雪呢,[],,6c8a8d8f2991b50d42aa583a3cfe91f45865cf0cc6ed13d2cc2f1f8c0f5f4eef,615a816fb5cc19e27674f190ce3c25b3e67bcd6e6a886353a8a3648a86f919ee
pm:cstring:photonmelodies11.rio.004:426952928:20151,cstring,我还是玩雪橇吧,[],,8317e40581e8449718103ce0435c681e7565ae15e3d3236eeb8c59b232270d5b,87d4df949be2128f833200b52c54422f32e6b4c286658673d92fd10d9d360839
pm:vm:photonmelodies11.rio.004:426952928:00020216:00089,cvm,【柏木】「怎么说呢，被你这么认真一问，<0A>我反而没多少信心了～」<01>,[],layout_only,61ea328eba2b2561c3eccfeaad90db713e3647f595b72e4d7e5e6e943061d077,da5df2b208d28178878363cf3d9798855dc4e4aefba39de5eb67242ed6ac9a6e
pm:cstring:photonmelodies11.rio.004:426952928:20248,cstring,我随便到处逛逛吧,[],,233fdbeb20384da73f12ccb292fef6b95806a92394bd3d2bb51ba53cf4d576ce,4503e9fc4d28cc67407b237c15473f81f1949c5f5043a79be0a127a7639cbff4
pm:vm:photonmelodies11.rio.004:426952928:00020272:00090,cvm,【慧】「踩上单板站到斜坡上，自然就会往前走」<01>,[],layout_only,3fd3d469c6a26a2dc23481318f85c7fb6e3bbd4118038d7e348e532bec48beeb,593c1245eb9e82770ccf091aebbea81da94f5217013e98d8a3afb6e9cfe0795c
pm:vm:photonmelodies11.rio.004:426952928:00020316:00091,cvm,【武】「那也能叫教人吗？」<01>,[],layout_only,8fd46d8e73e5ccadcf5051435261de080b960332df241603d30347599fdc20dd,299a7713db42c123e26f86f3d4ce3b84c1705abfd1b9394523a9d0ee4c9f2f69
pm:vm:photonmelodies11.rio.004:426952928:00020548:00092,cvm,【慧】「你以为只要提问，就一定能得到想要的答案？<0A>爱撒娇？」<01>,[],layout_only,3e230726204afa67a8af68d8807f45a578c5556ea33c865e5455b6b979cc4eca,188537713535b785164d0086d35c262134bf97e93308285f1ccfab3e3d309cc8
pm:vm:photonmelodies11.rio.004:426952928:00020768:00093,cvm,【武】「你以为自己是谁啊…………」<01>,[],layout_only,70655df71c7a0769231be7cad26848ab36986b165fa5bcc318e9b295b50a2821,e66d3372fa2f92e1eaeef498c5342ee51f58722dccaa19493db78c670da61688
pm:vm:photonmelodies11.rio.004:426952928:00021000:00094,cvm,【柏木】「好、好啦，总之，<0A>我能给你的建议应该会比彩峰同学多一点」<01>,[],layout_only,50f5e72a34af1da3cb3f9b25068562e09a2540ebb39988a75fa987856f0cb5b6,90af6f4d5b015b820e127214e93b984886bad463e96099087502f47b4b5567e1
pm:vm:photonmelodies11.rio.004:426952928:00021644:00095,cvm,【壬姬】「雪橇也很好玩哦？」<01>,[],layout_only,03d9123ef3bfbc79fb63fcdfe17aff97de481f292b821873a0d86077fc6f4caf,9aedb229143137513cad238742d9be74d58e2a0e59da31da2737ee3258634f29
pm:vm:photonmelodies11.rio.004:426952928:00021688:00096,cvm,【武】「雪橇吗……………………啊，<0A>不过来一场暴走雪橇或许也不错」<01>,[],layout_only,beef52689142f31cfbc67ddaa5bc8e7c219878102660eb4423e3e40401e49957,3f2c1c7d57f3fd17572ce5688be899aa55979b6cbdc2845a5cf2cc2486633ef4
pm:vm:photonmelodies11.rio.004:426952928:00021732:00097,cvm,雪橇这东西，我也只在很小的时候坐过，<0A>现在再玩，感觉会闹出很大的动静。<01>,[],layout_only,2fca9f2df589e732421360c9136ad16ffa0e5cf33577186009175f1044b62e69,c76dc511427167192ce223fdaf89cbb136778127c782e0906317b0b6ece5e337
pm:vm:photonmelodies11.rio.004:426952928:00021776:00098,cvm,【武】「我想想…………」<01>,[],layout_only,6f9c8a5cc29ab4130399950054d10679a9e60a30838cda1698cbe91ddeae8faa,f422bd87090a856c73bb976e72629fac81270a20eb9ae868bed319ac8fca2a62
pm:vm:photonmelodies11.rio.004:426952928:00022552:00099,cvm,【冥夜】「武，方才的提议也请你务必考虑」<01>,[],layout_only,43510c6d65f7740b31f7a5d4713ecf73f0cd27d336af0b2c2750b62337a1c448,8d31ee41b8cbce3b93a6dba58ece42601df1e1f7406bd8cf54096650b9deefba
pm:vm:photonmelodies11.rio.004:426952928:00022608:00100,cvm,【悠阳】「若是双板滑雪，无论多久，我都愿意教您」<01>,[],layout_only,219f1d6b93a3bd4ab9bbf935dee3ec9ba7dec77f5fbd05629656527c43b50d79,4d3a941272348106bc3ac3b10c5ee889673d02563c3896a3905f95f632fa0df5
pm:vm:photonmelodies11.rio.004:426952928:00022652:00101,cvm,【武】「嗯」<01>,[],layout_only,f6a82e62e4acfd98e4d66f5d8360e3e24e0450474b5f5ab19249cadd415fa1fd,a4d895109b8a6d6734aa5ba7e577a384fb932bc3c2089c43e9c8d030a5d56ca4
pm:vm:photonmelodies11.rio.004:426952928:00022708:00102,cvm,【纯夏】「啊～～～太狡猾了！！」<01>,[],layout_only,cf9f260ee8599a2bd02bd30e3034817b1b51719a4495060d6183f298ea1f866d,22e40e876b6556c6a285d58cbd29c3c9e060a3cea4c7cf64df6c15f48848e38c
pm:vm:photonmelodies11.rio.004:426952928:00022764:00103,cvm,【壬姬】「我说我说，千鹤刚才不是也在滑双板吗～？」<01>,[],layout_only,3eeae61a1142f0be5fd9248951b81ba263dbdcd66b9928b97aa987905b4ba111,9dce224b0b4b84ee0ba74184279616cdfcfa88212be11091fab20b7e8c0ab221
pm:vm:photonmelodies11.rio.004:426952928:00023408:00104,cvm,【千鹤】「咦？是、是没错…………<0A>但我也没有…………熟练到能教别人…………」<01>,[],layout_only,c90bf347d30d4bf7fbb00f8955597de2f391cccd23795c5d184ed9733d97f33a,d9703200c7e3c267fb90a78ece3c76950327d2167fc253b41b497ca1c79e36dc
pm:vm:photonmelodies11.rio.004:426952928:00023452:00105,cvm,【武】「不会啊，你那次直线俯冲可厉害了。<0A>等我参加高山速降比赛时，请你一定来当教练」<01>,[],layout_only,147844a012a845bc5f7aed0841cf7ee9ac530020571507c53fd632a66c05cc10,741733acad9195d9a092b0935c9105e6efb699a209d7e9641d15f8a11eae8da9
pm:vm:photonmelodies11.rio.004:426952928:00023684:00106,cvm,【千鹤】「我怎么觉得你是在拐弯抹角地讽刺我？」<01>,[],layout_only,0df924eb6ba7c24cee2ebde7bfc0c0fc5cdc70ed9e1e51d14b44c0e83e329a5a,efa65e84aead9dbf2223e57efac237f7e005120c69a029cd1bfcd2a88a85fa2c
pm:vm:photonmelodies11.rio.004:426952928:00023728:00107,cvm,【武】「哈哈哈，才不是讽刺。<0A>我只是在拐弯抹角地拒绝你来教我」<01>,[],layout_only,0d6eb73995684341fdfec5f0296d48a93aa65a99fed7d51a763a6c15252a0681,ae7d0f230c96010f922db8fe58e4de10ff128534e1ce84ebc813e1c504c9b5a0
pm:vm:photonmelodies11.rio.004:426952928:00024092:00108,cvm,【千鹤】「你说什么？」<01>,[],layout_only,0bddba6bb6f884c34b20e6d43ccabc9c90dc58f545467b72023f67a2bd5bda4a,5e6595829a4d0f4f5041bedb0a52114d25ad76f8a6fb3ca6b8c031a56339e48e
pm:vm:photonmelodies11.rio.004:426952928:00024136:00109,cvm,【武】「向班长请教这件事，<0A>大概会成为仅次于向纯夏请教的人生污点」<01>,[],layout_only,7fca3c732456702455ea50043bdbf72093bccef8a0cdf03ea2df2f3a333c7123,1d350b4f9d8c93f74a052173b572d9a065b5a430e0a77925de834b2757eca1c9
pm:vm:photonmelodies11.rio.004:426952928:00024368:00110,cvm,【千鹤】「谁、谁稀罕教你啊！！」<01>,[],layout_only,a3e7daea644684ed76dc23f6df7284ec41a02a35928c508ab51bc9ab52b5624d,f29dce907cd82cb42c9c2a7f42f6dc1de80429cf907b0cfcc92383ba6631543d
pm:vm:photonmelodies11.rio.004:426952928:00024424:00111,cvm,【美琴】「我说我说，既然这样…………」<01>,[],layout_only,abea719b95b63f72b094bc441d84c81288738279f8a536ae174ead7f37d48d78,e88eaf562a5777b93c79ece28df61bd84a627e8fffec8e2f6e3f368a534f5188
pm:vm:photonmelodies11.rio.004:426952928:00025188:00112,cvm,【武】「雪地行军就免了」<01>,[],layout_only,0f937058fe4e3966c76730cbc35a5a10c5400e0668d6d7537c18a9982ec20934,f1bcc6bb12d7bf313f81a2875cdac69d95152d4aa3001c3a5cdd7e820bb6f378
pm:vm:photonmelodies11.rio.004:426952928:00025420:00113,cvm,【美琴】「这样啊…………真遗憾…………」<01>,[],layout_only,d38e2d68dab3c7d04665f197036027723d0d8e1ab4c9a82554eaf5f443d3cb61,b2c85459c52849dfd8d69e03df4b9821e5ffaceccdb174318a9ba8c145420c40
pm:vm:photonmelodies11.rio.004:426952928:00025772:00114,cvm,喂喂，居然还真让我猜对了…………。<01>,[],layout_only,c8eaa06ba2d9ab89a7ea8d7682b05dbfc0b3cd9e47dac562ca61f65e7b07de7f,56b0bb98a0e7d81039dbce8c23c1e501becfe216df5474da270b0c09417dbf55
pm:vm:photonmelodies11.rio.004:426952928:00026416:00115,cvm,【纯夏】「所以呢？你到底要选什么啊！」<01>,[],layout_only,24d702a745b18ae51be1f160af24d0b77731b202de62dfd4c123aa17a16be9af,1b0a55991d47cd89cfd0c975241e24a4e3188a872066f820c951d4730e0b64bb
pm:vm:photonmelodies11.rio.004:426952928:00026460:00116,cvm,【武】「我想想……………………啊」<01>,[],layout_only,f7118691bfa3d482f86aabfeea78f5a4ac4a35f29ac5177e6249899fa6ccc66c,cab1c87c69838a9ec751846ccbb953f222d1061411073dbbc58f6fda69a3e1db
pm:vm:photonmelodies11.rio.004:426952928:00026516:00117,cvm,【壬姬】「怎么了～？」<01>,[],layout_only,b5a58553b7fe8845ada8590971b3dcb2eca781253e13134e1879f6c8a715d1af,0fca54cb70535d3145988c9bacab898c777a3ee23dd6b44dcdea939b4115d6c6
pm:vm:photonmelodies11.rio.004:426952928:00026560:00118,cvm,【武】「去夕呼老师她们那边看看也行…………」<01>,[],layout_only,72043b0cb81e64dd908163f2f4c817a92a37a20c043dbebfac733c13682a6ff4,2e23ac648677141dca5541e228cc3f04f1a0fbd5151c507213b93bb705aa8c05
pm:vm:photonmelodies11.rio.004:426952928:00027708:00119,cvm,【纯夏】「哇！色鬼！！」<01>,[],layout_only,b955868384ecdaa32810e44d7fc1eaf5d6867072cf7c2668f412b4124b3e1cea,6cfa0a5cb3d9e1979c8e362776ec7573d45185136b1c40e7669f22a8289c9f03
pm:vm:photonmelodies11.rio.004:426952928:00027752:00120,cvm,【武】「笨蛋，我感兴趣的是那边的情况。<0A>说不定已经闹翻天了吧？」<01>,[],layout_only,4924fe6a350352d2f9f9df4362aec7ad7ce1b6dfd4f73146abc9f127c8056552,08da5adc85fabbefcc04994bf8fcaf7ecdaf76026d2001cecb33ae047f781742
pm:vm:photonmelodies11.rio.004:426952928:00028384:00121,cvm,虽然我也不会说自己对泳装毫无兴趣。<01>,[],layout_only,ad7127c39d209db1aab1dee99bd893c53089a2bea3b212ee097d969214a5cf10,4b7783be90d390da5c7354c40cebaea13f99759bcfa7dd5eeea1c99facee00df
pm:vm:photonmelodies11.rio.004:426952928:00029028:00122,cvm,【柏木】「香月老师和神宫司老师确实光看外表都是美女，<0A>皮亚蒂芙老师、特斯莱夫老师她们肯定也在那里吧？<0A>确实有可能引起骚动」<01>,[],layout_only,3f0230c490240de94df2e840d688b86519a95cf9933fa008b23f23c501954c52,fd6718f3dd0772b2756f641c0f26db254974f8d5f598a77a2c8eca7d9eee6250
pm:vm:photonmelodies11.rio.004:426952928:00029072:00123,cvm,【武】「你还若无其事地特意强调『外表』啊」<01>,[],layout_only,a813fc3aa1a4c365c0ef0408b52fa3d5ce8e2712875aad5a65c67108189491b1,f008a05f7eb34ee3e53cfc5007cd9afbb0e1447271a2fdebf9f7b1c5c0348417
pm:vm:photonmelodies11.rio.004:426952928:00029692:00124,cvm,【柏木】「啊哈哈哈…………好了～<0A>那么，我差不多该走了…………<0A>白银同学，你到底准备怎么办？」<01>,[],layout_only,8f0404fa691492be70a53807088260961f80f9266848df95b8599d53a387eae6,8854fa7a2501765bdf372a77179b24817d38f5a6140875736c3d47d606662a37
pm:vm:photonmelodies11.rio.004:426952928:00029736:00125,cvm,【武】「咦？啊，嗯…………我想想…………」<01>,[],layout_only,317e93a08106a3aa1af5e5d5b1362dc5d37f616f7c9bbed4422669a5b12a42a6,155aabecc44f11522132aa6f69de7195d7c85d076c4bce38464f99bd1f0e670a
pm:vm:photonmelodies11.rio.004:426952928:00030276:00126,cvm,【武】「好，我决定滑双板！」<01>,[],layout_only,4c70067cceedba0525b28788cced02365b9d8a367475e9faa7e04ddd000a3c00,bb2f383bd8a51962dacd89d47061c4eaff1b5cfdddcdbfabdb28c8eae6618432
pm:vm:photonmelodies11.rio.004:426952928:00030772:00127,cvm,【纯夏】「太好了！！」<01>,[],layout_only,2cd2c5620b1ed2387f223295b4f3f2699f734c007f818df7f382d60d9b65cc1b,080eded016a45e2b13da262068d40bda6d75e70e057f0fa54fee1221883249c4
pm:vm:photonmelodies11.rio.004:426952928:00030816:00128,cvm,【武】「…………你为什么这么高兴？」<01>,[],layout_only,a91228032222dd06b6bb16274a0a5d40bcc4b70da6db9a68cac59a2a3ade9a29,d20df359ff37a91f95119157a4e117959596a1b82eac98e40b65b11d15b864cd
pm:vm:photonmelodies11.rio.004:426952928:00031048:00129,cvm,【纯夏】「咦？因为你要滑双板吧？」<01>,[],layout_only,ac691d38b7ddd291eafa744b4ef355caef39524bb4895e74c6584396a875887a,19a2d02dd33a06f20feaf05128c8b8736249c75fc3d6de2f3ff6559b074dadaa
pm:vm:photonmelodies11.rio.004:426952928:00031092:00130,cvm,【武】「所以说～～～我不是说过，<0A>要请悠阳和冥夜教我吗」<01>,[],layout_only,a8e58217aec2ed09840c9af2f2347905369e5311a0630a654aea23cff9eac00c,81974b6ce325c4ad4757fb0f2dfe12ce040570dcef4d188e7bbe58b7710cd1f6
pm:vm:photonmelodies11.rio.004:426952928:00031868:00131,cvm,【纯夏】「咦————！！」<01>,[],layout_only,d61f00c0441c0b43733e119ffa34f688393a0fc704ffe091c762a957f5027cdd,38e10a435ee150bf085de1770f3344949dbeec03f6df584c38fcbd1a4656b4e2
pm:vm:photonmelodies11.rio.004:426952928:00032232:00132,cvm,【悠阳】「武先生…………您这样说我很高兴，可是…………」<01>,[],layout_only,e92088f86dc1bc430b55a3dcf3379f92cd41fe97687fa3f0cb0251cc781ae2f4,7da75d37903e080b983f69ee946df81175cbd528531cb4032a557d41dbc264a2
pm:vm:photonmelodies11.rio.004:426952928:00032464:00133,cvm,【冥夜】「让鉴也一起教，不是很好吗」<01>,[],layout_only,0e85bb19b170540a02e8c11967a72c07159fdceac0fc3203c9814a2227346e05,a7a589858ff669471a42519d431a9536943f075f6d76df799aae245c05bd3714
pm:vm:photonmelodies11.rio.004:426952928:00032508:00134,cvm,【武】「这家伙怎么可能教得了别人！<0A>她肯定只会说什么『到那里就猛地一使劲！』，<0A>或者『唰啦一下，再嗖嗖两下就好了！』之类的话吧？」<01>,[],layout_only,3422c3242b4eafb474778ca00c94a2e56557ed4c1669b1c3ac205e4ca69a9b68,e91c017468e5b35c4aa6d76252515e8b1cb1b14a84057b60fba8a2810fb3a6a7
pm:vm:photonmelodies11.rio.004:426952928:00033020:00135,cvm,【纯夏】「我才不会那么说！」<01>,[],layout_only,570269a0f4e9b1f8b8ca496576380409a0c4b7677d983cdeb207e6dbce8c4875,2b66a89aab0b287081496aa01f4c5d9b33a92d8c52e3e8bec9ffe023ac5c18fc
pm:vm:photonmelodies11.rio.004:426952928:00033064:00136,cvm,【武】「昨天才发生过的事，今天也亏你说得出口」<01>,[],layout_only,38c659cb870dffe1cde4360ae2cba8c28c94d7fa63ea5eb293e11afc60809dfc,38aa589a9e26bc63839a8d3b7d4061aaff0a837f6a10e64b78a660bbd4b81071
pm:vm:photonmelodies11.rio.004:426952928:00033108:00137,cvm,昨天玩巴尔加农时，你不就是这么教霞的吗。<01>,[],layout_only,153b9cb5fbd2a6868916ba20767f7b0beb6320cd8295edf83b35546736238fcc,567d1c6339a6c006ae747a8e20df200bfcebda570999eb788ffef83694274195
pm:vm:photonmelodies11.rio.004:426952928:00033152:00138,cvm,【武】「退一百步…………不，就算退一兆亿万步，<0A>相信你的滑雪技术，你也绝对不可能教得了别人！」<01>,[],layout_only,a9d8c3c5c39278daad2ef5cba4022918171ffe34abeeff540969bb7c7fa7a076,49ba68b442dc979a176d1134f84c68466157f70c771962de9227b4724cf6c905
pm:vm:photonmelodies11.rio.004:426952928:00033384:00139,cvm,【纯夏】「唔～～～！！！」<01>,[],layout_only,fddec6f28894dc2721b9128f49f4147c23fed8c3784ac99b176bcef4582b775d,b757bc97868e149e88ab4d096f7af050ab570da7b4da54362a13010677cc3b9e
pm:vm:photonmelodies11.rio.004:426952928:00033896:00140,cvm,【柏木】「白银同学，你那个数量单位说错了…………」<01>,[],layout_only,50b62b35951ce74dbbf5032979c0940a3777ee2b9d649408cd9a2718050d3c69,7bf9d2b7c4e8cbb1fc1b2cc500240c51fae49f20d4350759b3317b501e93f958
pm:vm:photonmelodies11.rio.004:426952928:00033940:00141,cvm,【武】「好了好了，纯夏同学，你就在附近随便滑吧。<0A>过不了多久，我就会英姿飒爽地出现在你面前！」<01>,[],layout_only,32798f985495f28031c8c06bd507f565323d514c54de7a14c671f31fd17b7b8b,e2b0c374b219489c5f53ba33965250e3e48682b0a5c38c9f42b492d875bb0cae
pm:vm:photonmelodies11.rio.004:426952928:00034584:00142,cvm,【纯夏】「事情真能那么顺利吗～～？」<01>,[],layout_only,b63ba0b96a164849d11167ebb278969b8211c9aa67ca7d33bad219578cf8787b,2b299b3dda3b98121c39b031fbd57504765884863ea1008f57e436cbd3002670
pm:vm:photonmelodies11.rio.004:426952928:00034816:00143,cvm,【壬姬】「纯夏，纯夏，<0A>小武哥一定只是觉得让纯夏来教很难为情啦」<01>,[],layout_only,1ea8f8b45afb94f162ecf92f64647be5d5f3f3af4642e675e77bbed2d33ae596,8e691d0c4ded67b4aeb9e5a5cc1422e5cfdbb2d7e9b2c5c6d04c492890328ae1
pm:vm:photonmelodies11.rio.004:426952928:00034860:00144,cvm,【武】「哈？喂喂，小珠～你在胡说什么呢？」<01>,[],layout_only,458daee515baf55c743945d16971d927b0be0c79eb0810d0d9b7987a61710e25,3fae6fdb08826110057480ccb61909825ca35d993baee4fbf873f8a42115a38f
pm:vm:photonmelodies11.rio.004:426952928:00035372:00145,cvm,【纯夏】「咦？什么嘛，原来是这样？<0A>要是这样，那就没办法了～～」<01>,[],layout_only,7a38f2f2a76b1bfc6ae36db3d6c89e0c5e7d35fe88678a573cdf49afc2a35c5b,294c62f812f90a9684f204941122bbc71781763fe37c2405a4c9f7a863edbee3
pm:vm:photonmelodies11.rio.004:426952928:00035996:00146,cvm,…………咦？这样你就接受了？<01>,[],layout_only,ef7fa904e161effea6dc6368e1dbe9b49ca7116463273d8c4a3381276f55b590,e4270e4d4f4f2a097261a13028cae71d30cbf4fe67ba4447d634dde997729b15
pm:vm:photonmelodies11.rio.004:426952928:00036040:00147,cvm,【武】「那就当成这么回事吧」<01>,[],layout_only,485f03ff4a6c587e6e12eaef794a233cf1cf0408fa9206008144df341b917e9c,d650d0fa4a606a0b3c1dff0512186842cd6f4d800d191f0a2c513898ecdfc09a
pm:vm:photonmelodies11.rio.004:426952928:00036260:00148,cvm,你这家伙，还真好打发。<01>,[],layout_only,7631af23379eb2ed6bd8de5f57e6eb8f16fe22ba8e5b601e52a16cc2a83b7de5,f0d28c8dc7658c3b1e0bdb99ee9eda57efd570b1d90e6b3cfc8ac4423597d44d
pm:vm:photonmelodies11.rio.004:426952928:00036492:00149,cvm,【纯夏】「那好吧，小武，<0A>我就等着你待会儿英姿飒爽地出现！」<01>,[],layout_only,d3d137de2e4b2234934e9093bc969c3948e5511993d28697e3ee4dc98a37ac41,db30fdede7b1a5835c14bd9348abcf97a978b24e473575508f908918e68d74a7
pm:vm:photonmelodies11.rio.004:426952928:00036536:00150,cvm,【武】「好，知道了知道了，包在我身上」<01>,[],layout_only,2e172399fba34fb5cd39724cf331d90e5e16e022c04578afd4647d974c3673d0,c3e359c9c8837bc06f1639379cabc1ec3f43bb50ecd260991768081fb810da8e
pm:vm:photonmelodies11.rio.004:426952928:00036768:00151,cvm,【纯夏】「御剑同学，拜托你们了～」<01>,[],layout_only,cc92341d1d86755d6b718d115fc6381e7f2541c879271d6734f9fb6be6c32cbe,1283bd3c8853a8f9bc2906c7af27a68f1e13b70d3b9d7ea7c1517e0ac6edf560
pm:vm:photonmelodies11.rio.004:426952928:00037544:00152,cvm,【悠阳】「好的，请交给我们吧」<01>,[],layout_only,3e4e52a426bf2cbf89ea60d6ed3329aadea5245fef5af7fe1a05097b5b71d6ec,eb93f09dd5367aa8a525a35465e4015b0eb32e1c8161da960f5bc36a6ce7e125
pm:vm:photonmelodies11.rio.004:426952928:00037600:00153,cvm,【冥夜】「尽管期待着吧」<01>,[],layout_only,f8b22834db1483a529276a8773569de54d3859e6be72f19a2c8ac4954bf22139,00afbbf967fef4c9343939cbff2832d96c26bb99bf9e0654b6795b0ec7b60938
pm:vm:photonmelodies11.rio.004:426952928:00037656:00154,cvm,【千鹤】「那么，大家就在这里自由活动吧。<0A>回程集合时不要迟到哦」<01>,[],layout_only,bbc0833197ebf214e0c56ab3772ade2ee89776313dec5ae996f629e12097714e,928784634852ab2b899aa6c7c0f2a2fbdd13726cb60eb684c67692e7baec4961
pm:vm:photonmelodies11.rio.004:426952928:00038028:00155,cvm,【壬姬、美琴】「好——！」<01>,[],layout_only,e99ec8be2070e170ba3a628645732984919f30986315b6c9b0f442c1d73dd514,d4b42b06403a1e29acbb2ec9a0f66392496f30de442a5543d64df2b59fc33846
pm:vm:photonmelodies11.rio.004:426952928:00038588:00156,cvm,【冥夜】「那么武，我们也走吧」<01>,[],layout_only,f77e39611907873efa76e369e0f56eb4343b379f8ace9b02f27080ba1bfca7ce,3a5e46bef833a2c0c6b47e88ef732fa8f2a5d512c1c72ccc1c4d2ccbcc38019a
pm:vm:photonmelodies11.rio.004:426952928:00038644:00157,cvm,【悠阳】「首先得租一套滑雪用具呢…………」<01>,[],layout_only,43613e9a495fdb5dfe8835e4868214e92e0fdedf66e7674bede018e351257d6e,42dc6733c884236cfc58e360987ea9faa9a6992d9aba9a8423473c31df941699
pm:vm:photonmelodies11.rio.004:426952928:00038876:00158,cvm,【冥夜】「这方面我们也不熟悉，还是把月咏叫来吧」<01>,[],layout_only,6b0044f11f9bf0a4e876ece5a030ec24a9d2af6ad169e4431acb3781fc13709f,683ba184cfe26970862dde64dd80cafab7cb79bb7e9864fc3d128d38ff0e31d9
pm:vm:photonmelodies11.rio.004:426952928:00038920:00159,cvm,【武】「好，那就拜托你们了～～！！」<01>,[],layout_only,14f994e402457f2032908ebbd656adc8fd3dcf87a2b9e879d63e8f22bd3f9fa0,027b62be522726509ef353f2eabedd615c2bbe954f34b225c5c96d9b4c1d09ac
pm:vm:photonmelodies11.rio.004:426952928:00039904:00160,cvm,【武】「——呜啊啊啊啊啊啊啊啊啊啊啊啊啊啊！！」<01>,[],layout_only,36cc794be45111a600f45bf7fb8e742f996e74f0cd45f80876d9623d9f5d83dd,88fc37650ea79dacaf16f08ed687c383a7c9f06bedc7404ff3a9e66f9afcae34
pm:vm:photonmelodies11.rio.004:426952928:00040372:00161,cvm,【武】「——呜哦哦哦哦哦哦哦哦哦哦哦哦哦哦哦！！」<01>,[],layout_only,8f0e983489e7f3e7746d6bf705a8bbfe077befccffa57cca827b5cdb85663302,a08867a66ab3c4bd8ce18d42e802793d1738de304184bcf523a672e949c625e2
pm:vm:photonmelodies11.rio.004:426952928:00040552:00162,cvm,【武】「——呀嗷——————————————！！！」<01>,[],layout_only,6529d5aecba29ae1ae445083fec38c7dc356d47811c58ca0a93f15cfcf643b9c,23b9062401ee831f7733b25ed889146102bea1e28e00651b65e850a9fc55c6f5
pm:vm:photonmelodies11.rio.004:426952928:00040732:00163,cvm,【武】「——救救救救救救救救命啊啊啊啊啊啊啊啊啊啊！！！」<01>,[],layout_only,4fb85dd6d998c6692298d4f3e7e102f85edf43baf4d5e4df844e9e39df648c1d,a5f6c8e7e25e629d18f3146c1d2a85645e92ad392c394f92d72442720ecd0b27
pm:vm:photonmelodies11.rio.004:426952928:00041712:00164,cvm,【冥夜】「武～～！！」<01>,[],layout_only,1ac55109c6f4f0e2c8b69404102a00cf8deb2fb39920701750ec063af981eeb6,03ab65c77b22d43ba65dc6326695053ec475df2875dc13da19de0da3717a4aef
pm:vm:photonmelodies11.rio.004:426952928:00041768:00165,cvm,【悠阳】「武先生～～～！！」<01>,[],layout_only,0309388373011ae99cfd35ad29f6f8172717929f216383f6de2e50c35f4e7f6e,62d3beb020b423589e88a4eda13d56124d295204a7a966c1c9d356d494514b83
pm:vm:photonmelodies11.rio.004:426952928:00042236:00166,cvm,【武】「疼疼疼疼……………………」<01>,[],layout_only,b88cbceb5d085be45578dd0521d4a919f4cacadadb87bbf24096ad259432c4d7,85be3a05c0f4fd9b6a8a16885ff44b0a1d9d4d9ec72863bb4c271ffd69ca0f3d
pm:vm:photonmelodies11.rio.004:426952928:00042788:00167,cvm,【悠阳】「您没事吧，武先生！」<01>,[],layout_only,75b0034c5bbd4daece87e2472d127a05f0c7952d6aae21f815583fd00414c851,dcdad46c202ce03b47f1f2584427b6145a806316408b8f637d6ff5adb93dcc8b
pm:vm:photonmelodies11.rio.004:426952928:00042832:00168,cvm,【武】「嗯，勉强没事……………………」<01>,[],layout_only,7a87264de4683956849010a0d596e281980dcc95718de5a01bc59167fbe89a20,f11f6a68d26fbb2c1e4ce745f7aadd0f1b111bd1e03834fa9807572f3625b6c8
pm:vm:photonmelodies11.rio.004:426952928:00043180:00169,cvm,【冥夜】「太好了…………」<01>,[],layout_only,d66572be0f2f1655bf6a73fc145ddffe640425906cd05f1fc3e2babad1a58e33,6b9c2b4e727b1515070284a1142676e539c9e652ee1d2de0e7ef77b2e1e53895
pm:vm:photonmelodies11.rio.004:426952928:00043404:00170,cvm,【武】「好什么好啊！我又不是班长，<0A>别教我直线俯冲！」<01>,[],layout_only,ab75d966e9751896fbdaf3ba73551944e9a403e7adc573fedbd1c1e4920153bb,bc389e3cd846bc3d7760b46950933b73f4c88055dcb1e6d4c05ff49c6e05ea19
pm:vm:photonmelodies11.rio.004:426952928:00043752:00171,cvm,【冥夜】「请原谅。<0A>我们本来并没有让你那样滑的打算…………」<01>,[],layout_only,54c416a78fe6a866c35a5657e5ab60be3adbf33ef4407719dadcf5c149cbdf1d,f62f72aaa59f9324079b7bb93e1f30a46a22f3a232aa5ab8d81534b67ebe28eb
pm:vm:photonmelodies11.rio.004:426952928:00043944:00172,cvm,【悠阳】「我原以为武先生身体能力出众，<0A>无论如何都能应付…………<0A>看来果然没有那么简单…………」<01>,[],layout_only,d40e0ddb85255af8f5d584d6f820bdce40874aaf8b2e7818b0416e051e7f6052,a165547a77096d9fef8cf62a5183c06a8c4caa5ff4baa0dac1229ccdefd215b0
pm:vm:photonmelodies11.rio.004:426952928:00044156:00173,cvm,呜哇…………我该不会有点，让她失望了吧？<01>,[],layout_only,b9f900f553c391124293df7aec2cbec9e2e9c9965d88c02da75388d1bdd54043,89a8712ea35ba0e309be5244f77ad712f03ee53ee7c25566540f54f32bb74a26
pm:vm:photonmelodies11.rio.004:426952928:00044380:00174,cvm,【冥夜】「不过不愧是你，武。<0A>看来你已经完美掌握了我们最先教的『摔倒方法』」<01>,[],layout_only,b057b23f729a6c043b3147a341fe3013a8d519c3a6981a1833ecd23270083d6d,f12530c5bf7c5d258e7ec38eafaddd9b259562245e9dcbfcbe312cf42bdfbdfa
pm:vm:photonmelodies11.rio.004:426952928:00044584:00175,cvm,【武】「就算你夸我掌握了这种技术…………」<01>,[],layout_only,cda6e8bb53281426ddb4bc588de8590c5c3f4db1da4cc7337d7e64b37feb6563,dd17a117d3bd270258a1da81b991e7424482f6dc38a991721ee20090e095d507
pm:vm:photonmelodies11.rio.004:426952928:00044640:00176,cvm,【冥夜】「说什么呢。即使在武术中，<0A>正确倒地也是基础中的基础。<0A>若是疏忽这一点，受伤——」<01>,[],layout_only,38c3adef7b1dfcf8eaa6c8d47c147a37c77d7fd6d0a3a08c631936fba8de2ab9,b37361fc76aa6b9669b6cfead00cc0c6e16cbebb26ae0d60f6115ffe9a53fe76
pm:vm:photonmelodies11.rio.004:426952928:00044684:00177,cvm,【武】「——知道了知道了！<0A>刚才已经听你说过了。基础什么的已经够了！」<01>,[],layout_only,d1cb7543cdf76dea23de20ab522588268ef4e7a173bc77c0da5d096cb1ca66e7,c149808f2e7b0c614f7b45e39c36e67dd898f16f2c33d7894ea56d1a9e6c22a1
pm:vm:photonmelodies11.rio.004:426952928:00044728:00178,cvm,我一边听她讲，<0A>一边被迫反复练习摔倒和起身的方法。<0A>就算不想记也早记住了！<01>,[],layout_only,f3a18e0d6cc2b2424f361217b5e48236d00a3006a6a23bcf452d0ac848ee32ba,eba96f1fd58c5c7ee2e4479e8f1c9504a294b4939693276d2169ed112b63c389
pm:vm:photonmelodies11.rio.004:426952928:00044960:00179,cvm,【冥夜】「姐姐，这处斜坡，<0A>对现在的武似乎还太难。我们换个地方吧。<0A>——武，你能跟上来吗？」<01>,[],layout_only,d9ae8fa6f6944bdd6f851ca96373971ae0578fa1f05800124ab142dfa50baf46,d4d01120278dc560c5792d8d86981a859b098ba6110212e74f4a4b768ad15764
pm:vm:photonmelodies11.rio.004:426952928:00045164:00180,cvm,【武】「好、好…………可是我，<0A>还不会那个叫滑行步的动作，怎么跟？」<01>,[],layout_only,034eddf18e5ac512c5b16dbad66a44d29dd14b86620d37cce43cacc252c80be9,c742d966ad65419fb48b1b34688cdf0854b1b06038f1390b646454420717728f
pm:vm:photonmelodies11.rio.004:426952928:00045516:00181,cvm,【悠阳】「我们慢慢过去吧。<0A>这段过程本身，也会是一段很有意义的时光」<01>,[],layout_only,00970ea40b7fc4cc1445fca28e53a994376d6565ca87845584f5fc4218dc2406,6e701b5bb3dd1afdc4b4227c68fa673602e82b57ca58e0a3bea25e63edce4ec3
pm:vm:photonmelodies11.rio.004:426952928:00045560:00182,cvm,她的微笑和体贴，<0A>正好刺中了我那点微不足道的自尊…………。<0A>真没出息啊…………我。<01>,[],layout_only,7b3673bd9efdbc18acc83188a17191036916017327183adf20ca9bd40c003a5f,500fd499c1851db8e50efcd83c3243eecf779d54958b74230d685116273efc08
pm:vm:photonmelodies11.rio.004:426952928:00046396:00183,cvm,【冥夜】「——在那里把重心压到右膝上！<0A>注意使用内刃！」<01>,[],layout_only,c320173ba5cb2ea918b3df73f06f4e35009f64cce910d49580222a662f50ce6c,9ac4c4606ff71b7d530a365a4c2221705a9bdf9ecd83f6b459493f563c69f246
pm:vm:photonmelodies11.rio.004:426952928:00046440:00184,cvm,【武】「……………………」<01>,[],layout_only,770975bc8d76964cd0683d1a3ba2ec947971272f34819d29aa5c66d3964a88d7,6a17c608647a040376434d02fd50f1e4124a141fe417bdc98ba4d3f27bdee35c
pm:vm:photonmelodies11.rio.004:426952928:00046496:00185,cvm,【男孩】「爸爸～这种初学者雪道一点都不好玩～」<01>,[],layout_only,3339848e9455d90f1bcd4944e9fe13fd7f82a2995e62af2d630122823c89f963,cc6e358c79407be7b26dfb6aeea12af32f3a1b0db2d28a237c03ace16c71f0e4
pm:vm:photonmelodies11.rio.004:426952928:00046552:00186,cvm,【爸爸】「哈哈哈！那我们去试试，猫跳雪道吧！」<01>,[],layout_only,4164f0c43cead807bf987d0b8e1cafab4ef88b645c40d4c2e247eb5ff9e9f637,22fcfdd903940caca57258d89c30d053b0f3abd862a472388fd1a02a42f45bb1
pm:vm:photonmelodies11.rio.004:426952928:00046608:00187,cvm,【男孩】「太好了！！」<01>,[],layout_only,391c192da2a4dd1fd87c8ba2d658e0eeced4fbd74e833abc4197c4aea0b5aee2,ff5504b41ca3abd4bc91bf41f5ff5b2d0ea38d6c9ed7434f655550b0394b867d
pm:vm:photonmelodies11.rio.004:426952928:00046652:00188,cvm,【武】「……………………」<01>,[],layout_only,770975bc8d76964cd0683d1a3ba2ec947971272f34819d29aa5c66d3964a88d7,6a17c608647a040376434d02fd50f1e4124a141fe417bdc98ba4d3f27bdee35c
pm:vm:photonmelodies11.rio.004:426952928:00046708:00189,cvm,【冥夜】「怎么了，武！？还不快开始练习！」<01>,[],layout_only,a77df66a2af0223f08e4dc91474a3cefe53a9229d521361b6846e0b4e5efb154,dad5d51b2bba9be6b54a0733d7cfc81bc04270b8c3a9d4d7ebb6f0518bba30e5
pm:vm:photonmelodies11.rio.004:426952928:00046752:00190,cvm,呜～～～～。<01>,[],layout_only,2188f706f71e5b08fa70e8121365ec7a889c3acf16a87320841d09f615bbb3ad,a104e070386fc51e019b79e2e37239413d515b037fb471dc1d16385455bb09ad
pm:vm:photonmelodies11.rio.004:426952928:00046808:00191,cvm,【悠阳】「武先生～请不要在意周围的人～～！」<01>,[],layout_only,df0eab97f13fb1e7342f14a55a0d6376bb6ca2ffe0c1b879e144ba1d0db45d0a,7c7413976272d91f0541a65a9050655c5406de97c7d9156eff11d0b9db564711
pm:vm:photonmelodies11.rio.004:426952928:00047032:00192,cvm,话是这么说……………………<0A>但这里，根本就是儿童雪道吧！！<01>,[],layout_only,77629d83cf1596e4c3df55332e027c8b41b95271a2ea458a8146c83ae93f7fd1,6f0849b59d499f53034af32da56620e3cf5ead2e4197453cbfbc6b78996a310d
pm:vm:photonmelodies11.rio.004:426952928:00047076:00193,cvm,丢人也该有个限度吧！<01>,[],layout_only,c2d71a0aa6d467f2d2d1c30f3cfa8a54f9e558df9a05b4598548791eabb3434a,f0852ace190c52bd2f9c9dc6893311c361419365ee3bd77603eff5f7654c0056
pm:vm:photonmelodies11.rio.004:426952928:00047132:00194,cvm,【男孩】「——哇～～～～～咿！！」<01>,[],layout_only,f1add2e4fbf9e48b71ba6aa7b0ea3f7bf33d2227f56a3d8599713fad6c4880ea,2b67626db60848586e183fa6328b5bde52e32fccdbc2ba1b58b2d81346254612
pm:vm:photonmelodies11.rio.004:426952928:00047188:00195,cvm,【女孩】「——爸爸～！妈妈～！！<0A>快看快看～～～～！！」<01>,[],layout_only,8cc933953d438b3ca6b74c4918759605a93162fa45fab24eaa03fee3b8f3b3e5,ca4c46ebd909327ad82e943de0b521233c64c9741a825b4582149c9f33292d51
pm:vm:photonmelodies11.rio.004:426952928:00047368:00196,cvm,小屁孩们一个个从我身边超过去了…………。<01>,[],layout_only,a61dd3cc8b10acabacb0189b663aea33d7ff58269b8fd6d07c591bb0a3bfd637,6c8a2106fe676b1673beac16f93f37e8c6be938ec63656e483f84f053ee49404
pm:vm:photonmelodies11.rio.004:426952928:00047412:00197,cvm,他们那样，怎么看都是直线下滑吧？可即便如此，<0A>速度也只有那种程度…………。因为这个坡实在太缓了。<01>,[],layout_only,b158cb69b150b6e341276f1e8ea778b64d8f7e924bd57e46ce91c1998a204aba,2f49d1281ee886693511f7f8846e062d425e81098bc7c4823fa96506c1a3ee96
pm:vm:photonmelodies11.rio.004:426952928:00047456:00198,cvm,如果刚才那处斜坡的速度相当于夕呼老师的Stratos，<0A>那这里就是买菜自行车…………不，是三轮车！！<01>,[],layout_only,976ec996bea16084a61ecb0a5fdffaad96298209365c645c9bc041a9fff8b317,ae11c64ac751228cffcb0dbd0e1721862ec563d9dc89009f9a41f08ed7aebed7
pm:vm:photonmelodies11.rio.004:426952928:00047500:00199,cvm,可我居然还要在这种坡上练犁式滑行！！<0A>比三轮车还慢的交通工具是什么！婴儿车吗…………<0A>不，是婴儿学步车？！——原来我就是那种水平吗！？<01>,[],layout_only,5821df2ae659276f32acdc91cea69b3cc30a2361fb7166abc7fb2a73ee0adbcb,4366a20a4f98f7a9f73152ebfd6e15ab3bf5eed9fb6a3fe3717bf123b3001d0e
pm:vm:photonmelodies11.rio.004:426952928:00047736:00200,cvm,【男孩】「——冲啊～～～！」<01>,[],layout_only,c5ccfaa6cc991a126bcd00e7d0ba6276feaa2ceb414c776b0c93a4e5ab58c288,80cf2bfbad6a5ec7d58087ee468b02734deb21b75579997ef0456687cb1eb9f2
pm:vm:photonmelodies11.rio.004:426952928:00047812:00201,cvm,【武】「……………………」<01>,[],layout_only,770975bc8d76964cd0683d1a3ba2ec947971272f34819d29aa5c66d3964a88d7,6a17c608647a040376434d02fd50f1e4124a141fe417bdc98ba4d3f27bdee35c
pm:vm:photonmelodies11.rio.004:426952928:00047856:00202,cvm,【男孩】「……………………」<01>,[],layout_only,b59e7daf2a19b5fa92443a6f200ed28d2607fa7a6bd0cd5d6a5075033e8578b7,64b4edb39fbd4ed668034e90896964888f30d9e4125102355b4c94b0e3f97801
pm:vm:photonmelodies11.rio.004:426952928:00048036:00203,cvm,…………干、干什么？为什么盯着我看？<01>,[],layout_only,eee8ba90d1eaf36a7d7e9e8d1aeb4bf064571239fcee799fd84cc1974b394cbf,e1a285d4a61995a2c6ac53412ee0a89f97d8b62d545e3c84cab176bedd8c49e9
pm:vm:photonmelodies11.rio.004:426952928:00048092:00204,cvm,【男孩】「…………哼」<01>,[],layout_only,5590739a9724e972176fafd2d73ef93d9611080ce004df6c78bd5a9a3dfd82ee,8e1c69ff90d23e448451f917d92debfaefd6666e725ef08d1a1a249f0eb90865
pm:vm:photonmelodies11.rio.004:426952928:00048300:00205,cvm,——！？<01>,[],layout_only,65ad67059edb269e24f69ebabac50c4d9f7980dd9b69e2e299719fd9b38fbd7d,660912fa0b31290c31d4ed0f34dfcd79fbb7739aa94634f6c1d51c63ab12fff3
pm:vm:photonmelodies11.rio.004:426952928:00048344:00206,cvm,【武】「——唔呶～～～～～！！！」<01>,[],layout_only,ce5f468c1584fc2d2a0bf0580942e712ba810650187e1162eb82879dcda38f76,675c33f714fd131f8ee8e4e10abe4b39faf1266a6d97b041346e8c200ed23e15
pm:vm:photonmelodies11.rio.004:426952928:00048568:00207,cvm,【武】「——给我站住，你这个小鬼！！！！」<01>,[],layout_only,19405730d6551cf39be4a812705322009289b342ffb0b5eecf6184959423342c,4deb7bf40c2fa56f5ce6ae0411515e2b199081057d311815413e25279ac125bf
pm:vm:photonmelodies11.rio.004:426952928:00048612:00208,cvm,——什么犁式滑行！——什么基础动作！<01>,[],layout_only,ad9ab166260fbbc9b33c85266a0a3a46c72096d1b25ee3a9db8c9e4520057354,5f5aae4c06fbe20eb5bb44ea335b3f8c7d73eb8d4e0caa130542f10167bf61a9
pm:vm:photonmelodies11.rio.004:426952928:00048656:00209,cvm,区区一辆三轮车，居然敢对我嗤之以鼻！<01>,[],layout_only,08d8d20727187e22f5d2c56c0f9f7ad23826584f7d6b66708a282b5783e9b98c,f2cdd8f28d06d74a10108dfeb5d4ab285e10fe049b83833b7474286ef1d35fb9
pm:vm:photonmelodies11.rio.004:426952928:00048700:00210,cvm,我告诉你，我真正的实力才不是什么婴儿车！<01>,[],layout_only,a534930c9e0d622affc42de0cbcd598afd7a0d8d56d7aaeca43874c0b887ecdd,098b8dee1887226acab54485c1b98c7137da379b9f3db848f7699027d11fd7fd
pm:vm:photonmelodies11.rio.004:426952928:00048744:00211,cvm,没错，沉睡在我体内的雄狮，还没有醒来！<01>,[],layout_only,57b6359c76a4a2ba0fbdf7da38f2bca40f3bb5e38f2a19f66211a55e9b473948,5db915b68a8f553c0defb67e634c6159011739bc6ca437a8535d0b5cbd8bf1da
pm:vm:photonmelodies11.rio.004:426952928:00048788:00212,cvm,从小到大，大家不是一直都说吗——<0A>武这孩子，只要肯做就一定能做到。<01>,[],layout_only,c89ee88695ceb9dc8c2d566808e6d20ef2465827042414470629d397db6d288e,fb42dbca7447e8ed31869829abc3fd3d355d38482a7ce659d52788983717ccc9
pm:vm:photonmelodies11.rio.004:426952928:00048876:00213,cvm,没错，它一定会迎来觉醒的时刻！<01>,[],layout_only,8df3be620e08697ce13d446a02b16b0b57c6ed590fa011bf512c44d75338c310,20ea088bc4af32fd9b4ce7a1f619358cb05989fc623e3acae5c60f6187a06b12
pm:vm:photonmelodies11.rio.004:426952928:00048964:00214,cvm,——而那个时刻就是现在！！<01>,[],layout_only,a0d7463b37723b8ca085a9f1d710f57a7ec7eaa1e7fd75f72dfd627863f54c07,dce25a9679a5c5eaf24a02510b07db5064a1a9a56e8c91de1cba9139dc9e78f4
pm:vm:photonmelodies11.rio.004:426952928:00049080:00215,cvm,【武】「——呜哦哦哦呀啊啊啊啊！！！」<01>,[],layout_only,5b11701b7af9cba3a33622df7e3500e5617389deaa400f48b5a663c5101639b6,70322c9583c284011d3143ec5b04db3b9b8ae658a7ec20cbe228e6a34057849d
pm:vm:photonmelodies11.rio.004:426952928:00049620:00216,cvm,【冥夜】「——！武、武！？」<01>,[],layout_only,ab0363b2d86d62b11897f81837599ebd563aa86b3dc50ecfe7d3119a69e93c82,6ad83283c23c1e65d3d5f55af4acf2e59212fe227fbc35de335b0b9ef3bcea27
pm:vm:photonmelodies11.rio.004:426952928:00049932:00217,cvm,【武】「——呜哇啊啊啊！！快躲开！快躲开！！」<01>,[],layout_only,2a85f825b1158dd10e37fa62def5844ed1ec3ba960e50ed7c3c074833fd08f71,1821b8b2b79a857b9d6961b9f2285a457a440874289c23c1ab99b0cecdf11cd3
pm:vm:photonmelodies11.rio.004:426952928:00050124:00218,cvm,【悠阳】「——冥夜，小心！」<01>,[],layout_only,c5df80fc4a9eba2b411e0b810ab0496a0d774207b07013e2327175604360ee12,31f2acbf3fcf1c818707e636dcf1c3075c856aa665d28d42a73990734b5a63c7
pm:vm:photonmelodies11.rio.004:426952928:00050356:00219,cvm,【冥夜】「——唔！」<01>,[],layout_only,f5d801fa3b5151d7c0c6f92fb1df24969e5555f1f6f869f9461634a41ec166ea,50dd6b27669cd7af4ca2c65f89489005fd3cf545ab14037bb54ddbdb8b8e6e87
pm:vm:photonmelodies11.rio.004:426952928:00050536:00220,cvm,【武】「——笨蛋——！！不能往那边躲啊啊啊！！」<01>,[],layout_only,074af32c792dd3afbd806c76f6837cf08c0d0ddb2f76951959f33cd39da50ccf,011ef1fe8b046ca29f4587b302be42c6c2493051d02951d75d28de2407996776
pm:vm:photonmelodies11.rio.004:426952928:00050768:00221,cvm,【冥夜】「——什么？！！」<01>,[],layout_only,95e6b6c27c2bbcd2d135d61a7100496e5c3efef486e4d025be4ee814371ff502,765e771f269cc80185eccb464a2fa3b856f9764b1989af249f462cd804207e4b
pm:vm:photonmelodies11.rio.004:426952928:00051588:00222,cvm,【武】「——好痛——！！」<0A>【冥夜】「——呜哇啊啊啊！」<01>,[],layout_only,5f6b9d6d1127a06e1230cd59c816af3ce4bbfbab61db028de130492868b6a09a,b326e6e88ca0623991bb494e445b957115831a98680f4a10e92d784af4e91e33
pm:vm:photonmelodies11.rio.004:426952928:00052284:00223,cvm,【武】「疼疼疼……………………」<01>,[],layout_only,b76ecbfe7fe08ffc7f6530767749ecacda2ed069b7e0bb728316422fe95df863,26a03c538096a1377f3eb7818083039aacf3fe6b21c7c5568290ac99dcdac0a2
pm:vm:photonmelodies11.rio.004:426952928:00052520:00224,cvm,【冥夜】「武、武…………你没事吧？」<01>,[],layout_only,ea5b2089650c9b64b51cd2f91e768524f1471e9dfd4dceb3312fd944b34b9e45,cfb0d9a4289026a3fa89461323592bec3802948b0f047cfabe59ed0c2255d532
pm:vm:photonmelodies11.rio.004:426952928:00052564:00225,cvm,【武】「唔～～～…………！？」<01>,[],layout_only,f3dd681243df1f824698f4adb2c3d374ad16cdbd6dc74fbfce28f47500f0cdef,f3f124e6821d72b2d7d95b661ab2c2a924d805e3c3acce8874c6362459ea07a9
pm:vm:photonmelodies11.rio.004:426952928:00052608:00226,cvm,——等等，这、这是什么情况！！！<01>,[],layout_only,f138349d752721e767acc228020fb8c26350e7a6ead55db4a03f92eb95133691,4a592b511fcbe4c725eef0b417d3802fbaecb5dccad6feede28452835e7b36d8
pm:vm:photonmelodies11.rio.004:426952928:00052652:00227,cvm,【武】「——对、——对不起！」<01>,[],layout_only,b25677024e965ff02cbb9ca7ef816d05b81ceac9b488acf02407c0d64866c6b8,37b5775364f18c9fde3451abbd9cb139fd43b5debe0c5d705c2ff99f16a72680
pm:vm:photonmelodies11.rio.004:426952928:00053092:00228,cvm,【武】「…………等等，奇怪！？」<01>,[],layout_only,9e823584ab90cb9cb31fbdc2141a96efe00eab9eb83b615c9037e2b84cb56bd0,9b638b0a27e27969a5f8e739016290a9d027b32ca8d9b9d07d4af156292bcd2d
pm:vm:photonmelodies11.rio.004:426952928:00053148:00229,cvm,【冥夜】「——等、——等等，武！<0A>我们的雪板缠在一起了。乱动会扭伤脚！」<01>,[],layout_only,43ee175453720b1f26505f0613c470847526696e1e2ce716d783a9e10c74400c,a07df35f9ae212a8aa6c8284b62bb63dd1fc326ed51bb6eaabed68361d38df07
pm:vm:photonmelodies11.rio.004:426952928:00053192:00230,cvm,【武】「可、可是…………」<01>,[],layout_only,b18f454ee72310d17636b33d536a0302d24587fa2942b9cfa42d3f25a8d0962c,921b06bb6528d5356fcdb05d2fbc7c0560a2a6c44cb756cf77b93ef21b6a1651
pm:vm:photonmelodies11.rio.004:426952928:00053760:00231,cvm,【冥夜】「——等、等等…………啊嗯！」<01>,[],layout_only,c682f44cfb6d4ed859c3f37a5ea274425b36af4b0fe39e3b04a24d7e00ad84f0,fb46abff4a7f4a66688484d40e7fbc938b873f90c5b1e80f0b31f8745a7b0df2
pm:vm:photonmelodies11.rio.004:426952928:00053828:00232,cvm,【武】「你、你没事吧…………！？」<01>,[],layout_only,99e52c21b1a998207ed09da93ef3213db3b729ad8a9ce07388284bafb642c007,541f23251be68a5417f1b9b1f457a06c7f02d104289cea6bf6418956ce755778
pm:vm:photonmelodies11.rio.004:426952928:00054064:00233,cvm,【冥夜】「——没…………没事…………。<0A>刚才只是那个…………胸口受到挤压，<0A>声音不由自主地漏了出来」<01>,[],layout_only,b4418e67556857c404a924d35a7aede33998a9aca9ba05764cd2ceef5159432b,036a25d28ddd73cf7356f3c66875c99871c6892ee801590b060afcf2a70cd38f
pm:vm:photonmelodies11.rio.004:426952928:00054108:00234,cvm,【武】「…………这、这样啊。对不起」<01>,[],layout_only,7f12056b8e05f81109b16df1cbde9f4b1be688cd33a8ead14197b12a19a434e5,e922b7181cf242b146363037e932bed7f06be1613fbf63343865907b22d7f559
pm:vm:photonmelodies11.rio.004:426952928:00054152:00235,cvm,看、看来还是不要乱动比较好…………。<01>,[],layout_only,2aa3667d0445fb560cba7edef5120a3c1a6add29e251966d9166ff1b760e1452,23e6b0aca6bdeb621169b25a8e5cee59a6547f4a04179e61783b76248fbad2dd
pm:vm:photonmelodies11.rio.004:426952928:00054196:00236,cvm,不过，明明隔着滑雪服…………怎么还是软绵绵的～<01>,[],layout_only,89bae0e3a892d3f5fa6f7b9db6241978d3eef69f92bb70f66253d5da26d9d9ee,7d18525aa3bcbcaef3304b1e9cf41964d22ef1dc9f48e779940da9cd5a156570
pm:vm:photonmelodies11.rio.004:426952928:00054240:00237,cvm,啊，是因为隔着滑雪服吗…………。<0A>可话虽如此，<0A>我现在确实能感觉到自己的脸埋在她胸前的沟壑里…………。<01>,[],layout_only,8a9dbb7c9d8781f252700dcb941e052007ae246a28b431f00872e8155c1a8624,9043bf7bbc1542b3320bf699abafda239b5109aa1f52da66c288e6895f420917
pm:vm:photonmelodies11.rio.004:426952928:00054296:00238,cvm,【冥夜】「我没有关系。比起这个，你怎么样？<0A>有没有哪里疼？」<01>,[],layout_only,f20d3c73cacd27f59d1565d662b43e55c65674fc185d5b2fafe8c74157ce7840,fc3b3c7bbfd44953c7b67c2352ce60d37dbe9923803eb55b9c253bc589ea69a4
pm:vm:photonmelodies11.rio.004:426952928:00054340:00239,cvm,【武】「啊，嗯…………目前看来没什么事。<0A>真的，撞到你实在对不起…………」<01>,[],layout_only,37816befb79bf8234405187b064d371b1327bcf439b3e5822bc2c0d6aa751133,4f920467d3201a9d9a11ecafe8b73a6af5fee07d90f451d19473e1b7da0338f3
pm:vm:photonmelodies11.rio.004:426952928:00054396:00240,cvm,【冥夜】「不，错在我。<0A>若是我能正确预判你的行进方向，就不会发生这种事」<01>,[],layout_only,c6c1531a212aeb6d128a947b3740109633eac5008cf81c0f61a4846547784ccc,94bd76580dd91b7a8238d23e105656d050a92bce26d9a1d014ea6d5c1d2fe8ad
pm:vm:photonmelodies11.rio.004:426952928:00054440:00241,cvm,【武】「你真是个好人啊…………」<01>,[],layout_only,b74fea57cb5aba858e4034538ae7e4e23aaf0bf3166a9d7985a10d695d2a9254,e243d0b57c84f478a3002213ee69eb449821ea67a2181af22e5904f585219435
pm:vm:photonmelodies11.rio.004:426952928:00054496:00242,cvm,【冥夜】「……………………比、比起这个…………<0A>我想冒昧问一件事…………」<01>,[],layout_only,4c30541a6477d0713ef355d6ab8d7bd046dd4a385f93fe985a0c1cf73928dde3,fff03697fd94e247a08de07ffa3eee7834638dc498b727d0fff96a00e7f706db
pm:vm:photonmelodies11.rio.004:426952928:00054540:00243,cvm,【武】「嗯？」<01>,[],layout_only,793312e0aa86961a5097ee98e56462d963b2684a8d5290d8e22600baaf07c15f,4105a7cfbb3515507e03491e480ac3a5906d8b10e7bc57801a8e5e0c83e5e848
pm:vm:photonmelodies11.rio.004:426952928:00054596:00244,cvm,【冥夜】「现在这种状况…………感觉如何？」<01>,[],layout_only,1da5b9ee32eed601b859c72a75c14628bbf88e6149513dac55a47f4a1ebc096f,5f90f32cddabb3b3391eb2df6814360384ea1979b3caafc5eefc42db70b6ed2b
pm:vm:photonmelodies11.rio.004:426952928:00054640:00245,cvm,【武】「感…………感觉如何是指？」<01>,[],layout_only,f950948a5edbf91cfd764c32ea5004fbf04a92dc8876700ea577df7452d2989b,0fa664d4f27abc7256dda0a68be73e65cf394aa0af63c0c68f212b0f06fcdd0b
pm:vm:photonmelodies11.rio.004:426952928:00054696:00246,cvm,【冥夜】「那个…………你多少会感到一些，<0A>所谓的心跳加速…………吗…………？」<01>,[],layout_only,65265017ed4a93000c8998072f108c4f2900adc9874e3d0fa43194d9931e0405,a71fbcd52b34fd5989fa62c3056d5661ce989f94086531b84ecdb64ed5982192
pm:vm:photonmelodies11.rio.004:426952928:00054740:00247,cvm,【武】「啊…………？」<01>,[],layout_only,f8accf6033fda7a021926c690788e0388a97bf8fb345df3e890c17c3ee773379,cff1150ccd1e336776d839ebdd3abb90457d7f0dec81697b4a75a41c241c3081
pm:vm:photonmelodies11.rio.004:426952928:00054784:00248,cvm,心跳加速…………？<01>,[],layout_only,c704ff5a877dad095264e5b6aa02fbece65abb984c57d3feb098d0df426378b4,0a61042f81a5515cee7a203e2b3957e380e14baf00ece9903a22b0858663c24e
pm:vm:photonmelodies11.rio.004:426952928:00054840:00249,cvm,【冥夜】「不…………月咏说过，男人这种生物…………<0A>会从这样把脸埋在女性胸前的行为中感到喜悦——」<01>,[],layout_only,f5111cb6f7f0563f16c09c4fb03e3c3062136c2afde9200ffece67d215b6744f,d095c2b10eeb3d487232ee959cd76050ae9d891cc54b726979ac4132480aa7b2
pm:vm:photonmelodies11.rio.004:426952928:00054884:00250,cvm,【武】「…………什么！！」<01>,[],layout_only,fed6bf8d64c84025a7f71c55446a34b498d6764d960123f0cafccea42ed82b50,03b218d5cbaf6c1641019533eb4769528575b42fc0463087bf70183d3a895308
pm:vm:photonmelodies11.rio.004:426952928:00054928:00251,cvm,我、我想应该没有男人会不高兴…………可是，<0A>把所有男人都看成这样也有点…………。<01>,[],layout_only,4511f59278d14baa4ab7b37c5db806202723f6604a9054381530febe3ab623a4,c00ed852b4de02f990a4578a56edea180e9df7ccc0b385f6c589371d7c332669
pm:vm:photonmelodies11.rio.004:426952928:00054984:00252,cvm,【冥夜】「你不是…………也曾对彩峰做过同样的事吗…………」<01>,[],layout_only,5d95b3671c5c2928e8fa90db924d34904f30ed710d21a13994745388797bce10,d99895ba39eadce6a72abe4513dbefb5eb4e90cb90a330ef2fbfd90048c372fa
pm:vm:photonmelodies11.rio.004:426952928:00055028:00253,cvm,【武】「——什么！我对彩峰…………等等…………！？」<01>,[],layout_only,2491548923ecb89ce69bee8beff5dec441c40ba79e5a826816c0da784b2c2d55,9d3486d0987790fcea5e107dfecbaae998499d9ef3dfe0d2ea3279a281340f24
pm:vm:photonmelodies11.rio.004:426952928:00055084:00254,cvm,【冥夜】「不、不要装傻…………！<0A>就是我们和社转学过来的那一天」<01>,[],layout_only,da950d204a372331fb75edb24d4f9b1a2e0e1f6425a351a8ee6f4f8d95bf89e4,53cbb4d4381b231923ff5b4fc4f4de5b96da103fecab084fe9da821fb22aabf5
pm:vm:photonmelodies11.rio.004:426952928:00061640:00255,cvm,……………………。啊…………那件事啊。<01>,[],layout_only,c14af832022ff8ee4be80b36a49adbb6b953ef4af75a7f357a09e1d0c6267d08,9275a06a8dbb65c11e6543183b78214a8c6aa8ca04ea57ad1957ab947a73aeed
pm:vm:photonmelodies11.rio.004:426952928:00061684:00256,cvm,【武】「你知道，什么叫不可抗力吗？」<01>,[],layout_only,0cc105f692338d4a76b154d90e2465c87ea7fab11db437ebf83bd3f12197a567,a80556255556bd991cdc53709bc8e78fae46dc3961dbb0c5c30eb7a2cb222dd6
pm:vm:photonmelodies11.rio.004:426952928:00061920:00257,cvm,【冥夜】「知道…………但那又怎么了…………？」<01>,[],layout_only,afcbb8ceb4824bd7d82becaea478634d0ed8358cea0c8dde6416ad201e6cfe84,2b4cc222f5f2246bf5e0fab77bf6b3242daa052f1e6ec28cab418052597c5e69
pm:vm:photonmelodies11.rio.004:426952928:00061964:00258,cvm,【武】「…………那个，怎么说呢…………嗯」<01>,[],layout_only,a3575e477344fa6d8835e5300ec99a02ca625d630c5b3c8f0718c8db24c709c4,e1526edcb1b9a5f7f5b1bc3c6fce33ab6fd8286a5a373bd0703629b74ac7e6d3
pm:vm:photonmelodies11.rio.004:426952928:00062020:00259,cvm,【冥夜】「……………………？」<01>,[],layout_only,ecad98ed1826a09f1c0847eaa35cb07ce572c5229a61e220ad9213174ec6a29a,fec52954e690933f34b3cfaed1ab40c3200b88ae52933a58760100eeb40475f7
pm:vm:photonmelodies11.rio.004:426952928:00062064:00260,cvm,她会这样在意我…………该怎么说呢…………我其实很高兴。<01>,[],layout_only,32567ef59d78f954c34a2ca39ee3557e930ad1a34114cac7c2273987746f983c,c5277acaeeee7e3073e27a9b2a35c94632a5236a25dcc0762569b4a8eefcffea
pm:vm:photonmelodies11.rio.004:426952928:00062108:00261,cvm,一想到冥夜抱着这样的心情…………我好歹也是男人，<0A>当然也会心跳加速个一两下…………。<01>,[],layout_only,5fd43bbae249f84e1085ac4940641e325f6eebd1a609b8c61abf506a36ca77bb,1d36488d0334073a81a6f7f4a70dddbe072a022b544a65fe21c5f9870de7f653
pm:vm:photonmelodies11.rio.004:426952928:00062164:00262,cvm,【悠阳】「…………咳哼！」<01>,[],layout_only,87d03b16386e9037a0e45f414568ad1882de70f3d224b3cc84c65875ed4e916b,11b2b2a49fce5c2c051c9bf609a7779239aea6343f5a481e6e61ed839c967443
pm:vm:photonmelodies11.rio.004:426952928:00062236:00263,cvm,咦…………？<01>,[],layout_only,d7e8735ab8ae8c54388ae8ec161b64c7872d2aa5ff37190e03b7fa33547be3bf,c12ada33a831e0fe0604e9458f33b8818aa50788767572637e418a4f54bad7f1
pm:vm:photonmelodies11.rio.004:426952928:00062752:00264,cvm,【悠阳】「武先生，雪板已经卸下来了哦？」<01>,[],layout_only,1fbc23f020cf21d06d7d55a7a2a09a76141aad16f175b7b569e5e1623a07f04c,066d1ec457a5769cf76963ce1b547fd9f7e603d470de1389aead4785f1e708be
pm:vm:photonmelodies11.rio.004:426952928:00062820:00265,cvm,【武】「…………咦？」<01>,[],layout_only,7638c2ca4d5d7a9e551fc21d7003fced312f974fec0b8fafadf4e0d477f938b2,cff1150ccd1e336776d839ebdd3abb90457d7f0dec81697b4a75a41c241c3081
pm:vm:photonmelodies11.rio.004:426952928:00062876:00266,cvm,【悠阳】「虽说是意外…………<0A>但继续在大庭广众之下保持这种姿势，<0A>恐怕不太妥当吧？」<01>,[],layout_only,98f1e7d27dd85a26149580c2ede81a22d5f1a1624570fe7e2e380fadf60407d8,e327f46127ff61ac06ee951caadbe66e76106f2ea881313a01c0c650a6420afe
pm:vm:photonmelodies11.rio.004:426952928:00063232:00267,cvm,【武】「啊…………嗯，说得对！<0A>——帮大忙了，悠阳，谢谢你！」<01>,[],layout_only,54dc49b20f62976ca0ddc6bb21dca1f32263201e1879e9ce1b1af06c070d37d6,8f02159ba56a4e5fa091b7f0c582eb00aa89fac609813e5644b86d71bc57bc71
pm:vm:photonmelodies11.rio.004:426952928:00063276:00268,cvm,【悠阳】「……………………」<01>,[],layout_only,cf8055a2bf7ca517121f0df4f6e9cb27cfb09e51c2a729ceabd2ff965136eedd,596cbe5acd9b31ef237a2ad0643688ea2ec23e26e6262f3786f2c9204fba795c
pm:vm:photonmelodies11.rio.004:426952928:00063320:00269,cvm,【武】「你…………生气了？」<01>,[],layout_only,e1c0ffbcc5cd5e424554819aaca73e76c61cdf02c5689b1f1ae559b126366464,c854ddaa3871946a1c4124ad3f3af3bc0f982948e8f9a9b5fcf29f0b4d59c78b
pm:vm:photonmelodies11.rio.004:426952928:00063688:00270,cvm,【悠阳】「……………………我没有生气，<0A>只是在担心二位而已」<01>,[],layout_only,920828f511834f2097176be21e8406f4a46f50450b6eacedb0d64de59db62232,30896eaf10e15f21d3d800e722de0a410b34ab335a0bb3a7be24da79c4357b99
pm:vm:photonmelodies11.rio.004:426952928:00063732:00271,cvm,【武】「……………………」<01>,[],layout_only,770975bc8d76964cd0683d1a3ba2ec947971272f34819d29aa5c66d3964a88d7,6a17c608647a040376434d02fd50f1e4124a141fe417bdc98ba4d3f27bdee35c
pm:vm:photonmelodies11.rio.004:426952928:00064100:00272,cvm,【悠阳】「…………真、真的！」<01>,[],layout_only,ce74319db686681d26f394bd002722c048c96cc826a1b0899654dcbb0d1ded8e,508455e3daa36793c293a1c05aa45de3b69edbf0b148cfb43d64ff4c8229caa1
pm:vm:photonmelodies11.rio.004:426952928:00064144:00273,cvm,【武】「知道了知道了…………哎呀～<0A>不过话说回来，基础动作真的很重要！」<01>,[],layout_only,c87e1ac2d546bd5478d89d7ccd3a3b9613e8c262fd76e595ab16ad5b4d18aeac,9d15ae829c99acdb7df0ee90a1fdd51e72c3d0390bf54c3ff3b5c074e24f17c0
pm:vm:photonmelodies11.rio.004:426952928:00065212:00274,cvm,【冥夜】「这根本不是基础动作的问题。<0A>竟因一个小孩乱了心神，实在没出息」<01>,[],layout_only,b3ee97f028e6c910fe079cca4aafd9a606fbffa4ea68f4378cea5dfdee78fc2d,bd19f4296794082cd9b80c0dcdbd268e851fa70e60475d840d6dc39d05f74679
pm:vm:photonmelodies11.rio.004:426952928:00065256:00275,cvm,【武】「哈哈哈…………抱歉，下次我会好好练的」<01>,[],layout_only,ad0d403c4d9ae2190c49b41dd771cb228e4a0d47d8aac1d25a9302792f611c5e,3287ac621adf11b38e8a488730d50a0d1eaef65c33944bf808472154c22a9caf
pm:vm:photonmelodies11.rio.004:426952928:00065504:00276,cvm,【武】「……………………所以说」<01>,[],layout_only,e92a5a2e642109fefb6b28ff9529fac1dc01d048a2fd6791e7ca9c82d66a9223,33d160eb34c03e09d42b41c53ddbade29fc2b03d2227eb7897fee678713bd77a
pm:vm:photonmelodies11.rio.004:426952928:00065756:00277,cvm,…………为什么又会变成这样？<01>,[],layout_only,950a551960e164d4289909321fb2aa806a5821b6a0cdabf1b1ed64cfcf9bb725,f37f761af3a3f912a81bb8994b6849b11fd9797927bfa3ba415935c90bde9794
pm:vm:photonmelodies11.rio.004:426952928:00065812:00278,cvm,【悠阳】「武、武先生…………那个…………」<01>,[],layout_only,8bfcc9423cd66b4218b31f25c41c4eb3da7c179497f57ff67fc5560fdd6f1a5e,9837d9c9e1cddc44b10c3a604c862f53a663e2e955bceef7164e15db4fe957ce
pm:vm:photonmelodies11.rio.004:426952928:00065880:00279,cvm,【武】「对、对不起，悠阳…………<0A>我现在…………是什么状况？」<01>,[],layout_only,69ed8a21c17b221996f813a385620a28f298e36af52053e6cfd522bf5de1fe73,9c69f4028a348d322a7b88464ddb0b2d8148227bd781651a785a573731360ff7
pm:vm:photonmelodies11.rio.004:426952928:00065924:00280,cvm,眼前一片漆黑，我完全搞不清发生了什么…………。<01>,[],layout_only,fa59c89666eeb2e2f39fa9b26f10da5581b18186a8a4b72bff465116acf5684c,34f4fd0aac9d367ee308ff79054aad59b324221b301e135d445edd0f61f98536
pm:vm:photonmelodies11.rio.004:426952928:00065968:00281,cvm,双脚还微妙地悬在半空，完全动弹不得。<0A>雪板肯定插进地面了吧。<01>,[],layout_only,668e66f6bf0f5e52812869940c0e876ffbdb91394239dd676e78f53330685259,b3187832769a88f7f86cf7ad7dcf91968b3656745a216cfe4d0f1cbd232f7039
pm:vm:photonmelodies11.rio.004:426952928:00066024:00282,cvm,【悠阳】「这个…………那个…………」<01>,[],layout_only,f355abbbe152423e2df18fa188472ce609839f8b6b06e399d590a6a6a944b820,a537dba94ad27345cee5b7fc2154825ad3a64c454684a18745e3642e4a4d9ee1
pm:vm:photonmelodies11.rio.004:426952928:00066068:00283,cvm,不过，这一次我可没有和小鬼较劲！<01>,[],layout_only,f0b37b3e4ae380b85384655319ec5180d309e4683a1308f1b3d34870a3347370,6e74b6d8bb50227c1b766b1cd4e8c02ba2ec6e4df08a75d2f86c3fa24ccd9f43
pm:vm:photonmelodies11.rio.004:426952928:00066112:00284,cvm,我只是从背后挨了一记冲撞。<0A>嗯，我稍微成长了一点……………………<0A>虽然结果完全没变。<01>,[],layout_only,ee2b1de985c41153763cbade80c3a8cb7123b6b2def68ba2c52314b5a798c059,738e034aa3161523509ee5252fd7bd166a83632f2bee9ea070c3b4045b667538
pm:vm:photonmelodies11.rio.004:426952928:00066156:00285,cvm,话说那个臭小鬼～～～！！<0A>要不要把他抓住，让他说上五百遍「对不起」！！<01>,[],layout_only,59c7c9d7add35ea40c89eacc2db2d69b502529d565143822b9fa15a11cc7ab77,1f73bedd71c75bffd157e5ed76f259de2556b264df39f64ab3ba75f65d25da1f
pm:vm:photonmelodies11.rio.004:426952928:00066200:00286,cvm,【武】「……………………所以呢？<0A>我现在到底是什么状况？」<01>,[],layout_only,85891cb3b3d0b2582449cee4dd06b4b7bed3050f79f3cf5a2f98d5fdaec39436,1ab8472631ebb81da85c4244eebe01d1d1194708b80d8bddd8447a18adeb4af0
pm:vm:photonmelodies11.rio.004:426952928:00066256:00287,cvm,【悠阳】「武先生现在…………正把脸埋在…………」<01>,[],layout_only,7bc120fc9b67ca89052ca8a3ff7a22abfd7fe319fe9f3a84046914b22066ff3b,1ae6b86dab7ff613aa5f263cfd9c5032419ade680562963358418348bb4563a1
pm:vm:photonmelodies11.rio.004:426952928:00066300:00288,cvm,【武】「埋在哪里？」<01>,[],layout_only,3ebe6088b8b82b2f8722ec16149b5cd0336b43c614c8434855a60d7e1c9de45e,3ccf0ab28637eb5099a788acff69d1c58d2e95b1c64141ba62e02c64999f3f2d
pm:vm:photonmelodies11.rio.004:426952928:00066356:00289,cvm,【悠阳】「我…………我的…………那个…………<0A>隐秘之处…………」<01>,[],layout_only,887415bed02fcbc67c3367d787ec102233e8907a074b3559c289800ed78a7c9f,810832965062bde72b82afc95d46e389e8774fd623d0f4789a5aefcd7aa0126c
pm:vm:photonmelodies11.rio.004:426952928:00066400:00290,cvm,【武】「——什、什么！！」<01>,[],layout_only,da82da5ba2c99ee86a504d9ea767d2371872884ca7f8e16998f6cfb826d13bad,082441ef5e892d78e8732fc365448b0c2ff7f023c150525ff13a8d52fd1d5aac
pm:vm:photonmelodies11.rio.004:426952928:00067080:00291,cvm,【悠阳】「——啊——等…………武、武先生…………呀嗯！！」<01>,[],layout_only,5b47e28bf0bfac7c0d65e8e749d6c122340cf898d7516fe050b2aa9abe84fff8,4ed7aab4b8ac8a5899e450d4c711af0a537ef7ed9495c25484874ab2662e3d36
pm:vm:photonmelodies11.rio.004:426952928:00067148:00292,cvm,【武】「——对对对对不起！」<01>,[],layout_only,01472cb981476d0a4ca2b2889f495c59dd9b1ea053e56fae2abf179bf109b61b,7097418e8309db32615883e17e60d1f9881d7c2c892b4ad1de7bf3b4f0063b27
pm:vm:photonmelodies11.rio.004:426952928:00067204:00293,cvm,【悠阳】「不、不是…………错在我…………<0A>若是我能正确预判武先生的行进方向，<0A>就不会发生这种事…………」<01>,[],layout_only,5456bacef1fba1278caa454bf8291624081e7c920189efda114fab74a01e8090,5526fb066ca54318a084e5511b62965a5f4a5561627f8f6c7bf601e5cf2dcfaf
pm:vm:photonmelodies11.rio.004:426952928:00067248:00294,cvm,【武】「可、可是…………现在这种状况该怎么办…………」<01>,[],layout_only,3654d3eb82ed9e97c6586b589b94a24b2c10696b9782c45217f597ab0018991c,ab0f39256d4b5a1c38647fc183576a20aaf2ab42d7d01a67749d4dd783a859b9
pm:vm:photonmelodies11.rio.004:426952928:00067292:00295,cvm,如果悠阳也像刚才的冥夜一样，问我会不会心跳加速…………<0A>那就连一丁点纯情都不剩了。<01>,[],layout_only,cc1aedea5da9b861cdd977091a5aaa23b8e83a59dd2db681b06a3931b9130420,56b1140a233aaf22534df5c19ed5e96ee40cb2ec5406d2352119298f4d20169f
pm:vm:photonmelodies11.rio.004:426952928:00067336:00296,cvm,哈哈哈…………虽然一点也不好笑，却也只能笑了。<01>,[],layout_only,10dcd0c1dcfcf0715af5f119769869d05bb2c2c68713c43ed7ec746a76b88cdb,ad037c96df514aa5ba719942837557fd6aa065344958cc8da8c4f6b1eaa6f997
pm:vm:photonmelodies11.rio.004:426952928:00067392:00297,cvm,【女孩】「我说我说，爸爸～妈妈～那些人在做什么呀？」<01>,[],layout_only,14f220b9df08b88d0219d1cf0a1b96f53c77c848ae643a0ac16921c1838570eb,f973ff70fd7dd7880de5968e7e3c9fc296a984f78678f003adac344faa4130cf
pm:vm:photonmelodies11.rio.004:426952928:00067448:00298,cvm,【爸爸】「嗯？这个…………谁、谁知道呢…………<0A>哈哈哈…………」<01>,[],layout_only,87f5a8d47df0042417f2c55aeb3a5a3e26264db78cd1002959103c2c1d21df66,2fe0e50b35b8fd3d4684f425b7abb91ac39c7f26f85d87c7f8bbc46cd77169ba
pm:vm:photonmelodies11.rio.004:426952928:00067504:00299,cvm,【妈妈】「哎呀呀，是不小心撞在一起了吧…………<0A>真够呛呢…………好了，我们去那边！」<01>,[],layout_only,3c3da900d93ebce11297ca647192e2cb244789b1da25413133174bf458b43896,48a02084cc3181ebab7a3a557f93ed9f695d7df826a5118d85d3c7d44379721c
pm:vm:photonmelodies11.rio.004:426952928:00067548:00300,cvm,…………连这种经典桥段都一个不落啊。<01>,[],layout_only,7b4c8e7fec50a338b3e4a26661cc063a5016a361f474f59f25d0fea9c560fd50,3a3423bae8b8e52cc40b6c3988e69459d21fe605d3e567ab41d4f4226befac3e
pm:vm:photonmelodies11.rio.004:426952928:00067592:00301,cvm,【武】「喂～冥夜～～快来救我～～」<01>,[],layout_only,85f55c6bb18a7e05cb8dcc04fc757f0f78106caa8b6f0f0ee4f8bb2c38753eb9,6b7595c688cb925a05947dcf441bf5b0f0f2bf93b6124a39224d891901800fb3
pm:vm:photonmelodies11.rio.004:426952928:00068272:00302,cvm,【悠阳】「啊、啊…………那个，请不要乱动…………」<01>,[],layout_only,24d1e98fc248193e91d7e6e3a11848a2dfefe28bd3731108e6313969a2c49e00,1f7734f14b9e8b07f81a6775a9fc1951dbcf3d783be121efdff9812a24c8c59e
pm:vm:photonmelodies11.rio.004:426952928:00068340:00303,cvm,【武】「知、知道了…………」<01>,[],layout_only,8c0d31dc1f65eb33cf47e96fde98f4b2805d3f2305baf5ee6f7f8cbaced64f48,19e5c01f59c8220331be6c276a9b7386052f40c7d2b61ba70d9bbc93b10e0d9e
pm:vm:photonmelodies11.rio.004:426952928:00068384:00304,cvm,我知道了，所以别发出那么撩人的声音～！<01>,[],layout_only,9c36970e068787382cbbe50767d73664d70bb5995457e6cbe18d5425484ccac5,167c598739faa5a93596b9cec66fb663d612be5c48f04a013d57d9de047746d8
pm:vm:photonmelodies11.rio.004:426952928:00068440:00305,cvm,【冥夜】「不要动，武。<0A>——我现在，替你卸下雪板」<01>,[],layout_only,5c0e08bbabc33a1a2daaf7b19b716b2260e1da63e8399ecc3a43150256cbfd10,99d818550ee3bbf5f85f2d3cac67b7308e1809d179e3f495cf2a3867c6490f4d
pm:vm:photonmelodies11.rio.004:426952928:00068484:00306,cvm,【武】「拜托了～」<01>,[],layout_only,c2de956b86fb6157ef0f2b7949a5f5625aa9e7e283c0ce2a755f18c663884a43,639d3aa8a3a18d1183eac6d1fe5a157658624bf202a697005e7298e2dfcfad2c
pm:vm:photonmelodies11.rio.004:426952928:00068540:00307,cvm,【冥夜】「真是的…………这是怎么回事。<0A>固定器的脱离值是不是设得太低了？<0A>正常来说，摔倒时应该会自动脱离才对…………」<01>,[],layout_only,ce55334900341ba891ea6adbda9869a9713558856bfb4ca75eb162ce1482a8b9,1b8cd8910a15cb4e905c98699e7566d4fe0e5221b481ee60aa58290c0a5081ce
pm:vm:photonmelodies11.rio.004:426952928:00068596:00308,cvm,【冥夜】「必须立刻处理这个问题，<0A>否则武迟早会受重伤…………」<01>,[],layout_only,b7ed9c231b1e8c5d6093b50fb9eae15db42ee2bdec90bedfbf7894324013f3b4,29bcae9fee623effad6ecfeb0212b2ad82f504bdd4b814ec008de912ac2866b6
pm:vm:photonmelodies11.rio.004:426952928:00068652:00309,cvm,【冥夜】「真后悔刚才摔倒后没有调整…………<0A>若是当时调过了…………<0A>就不会变成这种状况…………」<01>,[],layout_only,2c15266cf9027998ea90b6e80278b1b9dec686d63e72f8418cdb7ba560c359bf,4d0b0329ae0ecc29da3f333e04e0da778dc3d820ac365ab8d15b463b27c97ef6
pm:vm:photonmelodies11.rio.004:426952928:00068696:00310,cvm,【武】「喂，冥夜，你在那里嘀咕什么呢？」<01>,[],layout_only,482fb2d097d1144d296d112c5009745b87d327ddf543e568aa157d5146c17e96,ca329ebdd29c2e746314fd46d32a476249dc80db941c7845d6a7cfe0c4e30e54
pm:vm:photonmelodies11.rio.004:426952928:00068752:00311,cvm,【冥夜】「——！没、没什么！」<01>,[],layout_only,e3edbbb70152fdcf9552dda5464e2d588467aafa8f7e6f9de830eeb000b2a121,09597b4c57dc284dec0792f869c23823dfc15ba00af3f33ac076b272912c7bec
pm:vm:photonmelodies11.rio.004:426952928:00068796:00312,cvm,【武】「…………你是不是在生气？」<01>,[],layout_only,c73131fa80f965c16e6d025c30ceee7b2901919b71d435748a9040f2fbe28777,e5008a7ca14c0aad7d76f6a7cca05a1b1f39bda7981cefb104ac0116d2793da5
pm:vm:photonmelodies11.rio.004:426952928:00069100:00313,cvm,【冥夜】「我、我没有生气！…………好了，卸下来了」<01>,[],layout_only,0d82fc0522da64b3e685b6311e5c8bbc0ffe0afc2adde3ef96bf35129ce8940e,f66674e3cdfdd299226e42f4202264387b12bfef4f6ddd4a994aada80cc4a60a
pm:vm:photonmelodies11.rio.004:426952928:00069144:00314,cvm,【武】「那、那么…………悠阳，我要动了哦？」<01>,[],layout_only,14db5df7229336267bb058dcd2206b8aa35b9c7398b3fe7da26b1fdf2004ba16,1aaa70bf7dca8a704a6c91f18efd98eb2914ce83aaa06182c4c0b3b1754e18f2
pm:vm:photonmelodies11.rio.004:426952928:00069248:00315,cvm,【悠阳】「好、好的…………」<01>,[],layout_only,e0c4df6eb1401910bc09897d84223d4f4f1b7dcb14ded5edc6112e57fc828be2,342949637d843e46ea74c627a64dc094b2e0848d342a5a70ae0dca6fe0a3ec41
pm:vm:photonmelodies11.rio.004:426952928:00069616:00316,cvm,【冥夜】「武，没事吧？」<01>,[],layout_only,e9ec9e9112ffc3c3209fee4e1ae502c5a68a506b2475d6af4157a3c7225758e9,e5e321806adf0cf672900adf22d0c12623822149e263e44351f2460fae43554a
pm:vm:photonmelodies11.rio.004:426952928:00069660:00317,cvm,【武】「嗯…………得救了～～」<01>,[],layout_only,6dc3233024bd38c9b01cd9e223b5ee791be9d4d787acce34789a5e6bfb8bdf3a,b3dc8f733c70d978d4b1b4027bd1e5c383cb11fbbf936b2edb37cc23b2989cd1
pm:vm:photonmelodies11.rio.004:426952928:00070252:00318,cvm,【武】「对了，悠阳，刚才对不起…………<0A>你没受伤吧？」<01>,[],layout_only,042601af9dd89cb6c9e9b665344a91508d7ad3699e9984c7c3df8e6e8b7393b9,f6e9034da1ba44b81e31a16e70bc5374a7cbc023ef97543a5d62dd1cb4e11cb9
pm:vm:photonmelodies11.rio.004:426952928:00070308:00319,cvm,【悠阳】「是、是的…………我没事」<01>,[],layout_only,624825d6951372f3d115a7bcf2eb1f24eeab7065cfd79ce4c32b3de6dfdb021c,003153bcc1016a5e19a6ad07645d6ca733867674e603c4e97e99fb0dc0264824
pm:vm:photonmelodies11.rio.004:426952928:00070500:00320,cvm,【冥夜】「武，我替你调整一下脱离值。<0A>继续这样下去，很可能会受重伤」<01>,[],layout_only,f8ebf0b1a914fafa1658b8d26d030ace554af214c9def0b207972a92312fdd6b,e6885da2c2ccb279d4a7e1f0914f19a6f6bb8ef28134b8845db7ffc518a9e3c9
pm:vm:photonmelodies11.rio.004:426952928:00070888:00321,cvm,【武】「好、好…………拜托了」<01>,[],layout_only,c01fd81757d0847675baa8ff230409132c74fd09b7f79843a904fe7425cb92e1,3cf18e735993a7caaf63e02c3df0d021ca961e8af07dd67ad0a19082e748b0da
pm:vm:photonmelodies11.rio.004:426952928:00070932:00322,cvm,……………………。<01>,[],layout_only,efa30788584cfea7ade60ccc37d7fc6cda943e64935eb133252c341159e58e05,0b3d7aae4004dc9b91522cf9245f879b48b6a3b3d3c28ecbba043ba8207a6df9
pm:vm:photonmelodies11.rio.004:426952928:00071384:00323,cvm,【武】「不过……………………这里全是小孩子啊」<01>,[],layout_only,5e1808ded0b5549cfa521e3dc5b7ef5b5322a813bc1e7d2fc6436a37a36aa888,77462d7fdcc5b7741f92e5064504d9ca6b3a40a818ae01d4374af0336a139e5c
pm:vm:photonmelodies11.rio.004:426952928:00071428:00324,cvm,而且不知道是不是错觉，总觉得大家都在盯着我们看。<01>,[],layout_only,4a6ff6c66676ede84f3dd9fdae4d408623c0746a68fe8e311a1e342ef0caf95c,d38471575b819cd9663a0c4d2b9e7bcbbfc60a5107e5848d9fd1df90bcd2e2fe
pm:vm:photonmelodies11.rio.004:426952928:00071472:00325,cvm,…………也是啊。<01>,[],layout_only,9b13c14a2769b04fd7b125eeed2e41795397b7c588515e0ed5596bcb5e63b2bf,49ad3251c0ef38cc00b839bd458848310a4f5a698815070f00173cc4f506e5f2
pm:vm:photonmelodies11.rio.004:426952928:00071516:00326,cvm,在这种地方，不是亲子结伴来的本来就只有我们，<0A>还像这样一次次滚在地上，当然会引人注目。<01>,[],layout_only,b1a60b468a75f538b3022b23c26f30a68889bf74e59ba3d5d4323947843d0c0e,eb8263a23f7e6ccf2499e764959af6b517a7380749b9b2db5209bfda9f774412
pm:vm:photonmelodies11.rio.004:426952928:00071560:00327,cvm,又不是深夜的色气综艺节目。<01>,[],layout_only,0521d465e2783e6d308d323b9b50b630fcd3c0e069180581d26fe9c7a1d29e90,24f44e3d02cabdc8583ceb78a0b5b0abeae4e7f29b8cccfdb543f5ab82bac9d0
pm:vm:photonmelodies11.rio.004:426952928:00071616:00328,cvm,【冥夜】「武，能不能重新穿上雪板试试？」<01>,[],layout_only,af6468a9fecd258ca9b6a9a2b1c56963db0ad0e8194e714445b88b12f99e4707,02c55032fa039fcb646e0b37bee0ac8e2643d0815e9c5c5be818e4fa8eb8d663
pm:vm:photonmelodies11.rio.004:426952928:00071660:00329,cvm,【武】「嗯？好…………」<01>,[],layout_only,35343b6618542e6b9ab3f2866a1886c41de9919e8e45ab922999568f72bcc477,da55531b697894e888f25a629aec342eb3cdb72aa6281914bbd635c3eb0c8851
pm:vm:photonmelodies11.rio.004:426952928:00072276:00330,cvm,【悠阳】「冥夜…………」<01>,[],layout_only,4b1585db02d0bf9d71ff37b91acc83d32d3b342276a53ca6e6e37d3e22fcc185,f4f9a14f5f00ea1363f4b2a774df68253b39ad4b0f05cbdcda4cb8c6f5522888
pm:vm:photonmelodies11.rio.004:426952928:00072332:00331,cvm,【冥夜】「什么事？」<01>,[],layout_only,8fee5139bf7db66cbf72dd6bd40ba1a90accece6b1e96e595917d8a5b5a7c2a2,e348e3e00513df8800cf271c4f075261b70ae646cffbc719e7d7eaaa7d0b0fb6
pm:vm:photonmelodies11.rio.004:426952928:00072564:00332,cvm,【悠阳】「这里对武先生的精神状态而言，<0A>似乎不能算是一个很好的环境」<01>,[],layout_only,1f37d48552ff1f3ecb29b52b18c4a37ba59b6fea42864d95f07108515fa7f4ca,f940576dfd0dc718e5ad4230bc23506c6db2a6542a8858b68bcface1a45f965d
pm:vm:photonmelodies11.rio.004:426952928:00072608:00333,cvm,【武】「我当然清楚自己滑得很烂，但还是要说，<0A>这里不只差一点，简直差了两点、三点」<01>,[],layout_only,92aeb46c5378abea814883a860be6472e51d00ba1c8f8de28c7969f98bf4f4c4,fef3624d77f5ad2ff22f180f159cfa2858cc9de6d7350c75f5c4c6102bca39fe
pm:vm:photonmelodies11.rio.004:426952928:00072840:00334,cvm,【冥夜】「我不明白所谓差两点、差三点是什么意思…………<0A>姐姐，若是基础不稳便进入正式雪道，<0A>后果绝不会只有这种程度」<01>,[],layout_only,f3ad495de756df85c83c2b714e2daf09215000588ec56bd8fc8cb1e4eb819d0d,212f276bb070980d4927e143d0a3da6a658a175a27ab0ee7aca45f9af45b0b92
pm:vm:photonmelodies11.rio.004:426952928:00072896:00335,cvm,【悠阳】「话虽如此…………<0A>但积极性会对技术提升产生巨大影响，<0A>这一点毋庸置疑」<01>,[],layout_only,013fac44719e81e3ad6288ce2eb121a4b32ab2679bbefd20a4b59b7697709439,a7f3bd30c2b8c574664ac80f74b7228a73f432be93b5d7997e7ec595059a5709
pm:vm:photonmelodies11.rio.004:426952928:00072952:00336,cvm,【冥夜】「武，试着用力把脚抬起来……………………<0A>嗯，这样应该可以了」<01>,[],layout_only,47973bac9fba0d393faf6731704e9040b787a8abb4e1aa9f6281a1169747e9b5,a2470c13d0d4aebf1f817967a82aa8a82e3bfa9f2c523991f97f8cf68176a76e
pm:vm:photonmelodies11.rio.004:426952928:00073476:00337,cvm,【武】「谢啦，冥夜」<01>,[],layout_only,42363835e85614763b0fb8f1d864703300b3a37bcc0b35f2d4d6e67c1f39e7dd,76f8fb6a2742b47feb084bb457a172c610213b040b79c2878336a5aeafb5c6a8
pm:vm:photonmelodies11.rio.004:426952928:00073708:00338,cvm,【冥夜】「不必道谢。不过…………」<01>,[],layout_only,4520349a201c52182f958c065b0c5cc0f19ba3d24b4ebe10918d9756bfed2034,f102aba3d9061feb7b0e89df5eae5b9a9232e04dc9543c565fa650606bebf7f9
pm:vm:photonmelodies11.rio.004:426952928:00073940:00339,cvm,【悠阳】「究竟该怎么办才好呢…………」<01>,[],layout_only,b3d2638cfa49b8c87d27071abed55a61a2ae1f76420cffd15ef38a00c879202d,b486874b2069867288a285fea0ff2cbbfba4cdaccb02b274def5a63dcaac0742
pm:vm:photonmelodies11.rio.004:426952928:00074312:00340,cvm,【悠阳】「不如干脆，前往中级雪道——」<0A>【冥夜】「这里果然还是应该，沉下心来慢慢——」<0A>【武】「总之我说…………」<01>,[],layout_only,fe6c0bdc4346fa4a032808bd1bebbbe641acfe54f63647aa562686620c109de7,57af07f13c2ae8e2ef08926371893e8ed4c428b9f0d3bb2bcd6ea2f3085d0328
pm:vm:photonmelodies11.rio.004:426952928:00074692:00341,cvm,【武】「要不要休息一下？<0A>老实说，我身体都快散架了」<01>,[],layout_only,968c601df2501590c8e6a18498bdeac89a8fedcd981afa7a8bbcd454c96001a9,5b6bf863d8e59f8b22a499ab7b8d2c3d9f4c17abdab359ec5c43b6e7fec52f88
pm:vm:photonmelodies11.rio.004:426952928:00075056:00342,cvm,【悠阳】「…………既然如此…………冥夜，<0A>今天就先到这里，明天再继续如何？」<01>,[],layout_only,1f2cdae130a0d52d09ac518e2a32025f722904350cf63421ff78dcc4dd36a674,188d20f478439c6fcb85d2c4ca41ae16a2f15a9f06196c6d5492ab361a98847f
pm:vm:photonmelodies11.rio.004:426952928:00075112:00343,cvm,【冥夜】「是的，我也在考虑同一件事。<0A>勉强继续不会有任何好处」<01>,[],layout_only,f38876c7a64686473850dc2826fe98cc088a95dcc3dc5462eb3252482b71a2a8,02b68c89a1c6d4dfabe83225e27515362c9803ac3b7b72043cc9bb216571aaea
pm:vm:photonmelodies11.rio.004:426952928:00075156:00344,cvm,【武】「是吗？…………我觉得好像没取得多少成果，<0A>不过也没办法了」<01>,[],layout_only,1ad4055c4656eb593a77b53b94a6b5c47dad60fd275589064752478814dceeba,a6a1c60c7752f9edfe28bbbe0efa4df0a8c69bd0fdcd7c6e2fe1ba3608f30c9d
pm:vm:photonmelodies11.rio.004:426952928:00075200:00345,cvm,平时不太用到的肌肉确实都在惨叫。<0A>…………难道只是我缺乏锻炼？<01>,[],layout_only,7834a02e0f8e0ad9d571cdde35d79080a6e96441c3a5c682245153acb1a3fc9c,32e0b83d045787b108446a64f9c19fc778ec982b61f95dff97ed008a53153530
pm:vm:photonmelodies11.rio.004:426952928:00075552:00346,cvm,【悠阳】「武先生，您已经取得了充分的成果。<0A>我想您掌握了相当多的基础内容」<01>,[],layout_only,5264696a12fdcdc0760c71f047d3f9b7fa2736119fd817e50187b9d66ad1f17d,7549d5f142678fcbf90bc86ca308eb1503376f161df2b130ceab51ebf15885eb
pm:vm:photonmelodies11.rio.004:426952928:00075608:00347,cvm,【冥夜】「你已经学会犁式滑行，<0A>平行式滑行也…………虽说还不稳定，<0A>但动作已经开始成形」<01>,[],layout_only,597a131b2d9acd3f53614c6e1d97de70a1f63b6a243f94cf2ac60f66b1217cbf,6515de383cce1250179539df3108aacebd4d3e558812642b534e392d1e543a23
pm:vm:photonmelodies11.rio.004:426952928:00075652:00348,cvm,【武】「嗯…………话是这么说」<01>,[],layout_only,d2b7089d2854d11b90dd7da2d6e1f336fac3c007bf67f3f67c701b6cf3138e4e,565cf3a69bf1e60742a0075df794b158c4f3fa4b6125e0f33a46c63916ef2622
pm:vm:photonmelodies11.rio.004:426952928:00076028:00349,cvm,【冥夜】「取得这些进展却仍觉得成果不大，<0A>想必武原本把滑雪看成了相当困难的运动」<01>,[],layout_only,43779de1bb555be1fc440f56b98cb005a782af5fb71cffeaf2d7d179a8e3ab15,51dec2a7d571aae3c3eb9c2a63bc9d3afd7b2b01471ff5736b61e9f5089de517
pm:vm:photonmelodies11.rio.004:426952928:00076084:00350,cvm,【悠阳】「确实如此。<0A>滑雪的基础并没有那么困难…………<0A>武先生，只差一点了」<01>,[],layout_only,641781db6cce270fa11bad736fe91cc6217c428105bf7e39e62e7badacb86c8f,ab1238702ca01a01d6a502096b47f2744e58bd10daacfa4b22264d76d2d78d08
pm:vm:photonmelodies11.rio.004:426952928:00076128:00351,cvm,【武】「是、是吗…………我好像开始有信心了」<01>,[],layout_only,11af24addcffaf8561b65d4ff38bb5801ee64d204d143bee4e701b6b0432003b,9e80c6ca1af4b287af3bcb22dc8fcfc4091573c0f8d8b4a2a5fc959bff21b609
pm:vm:photonmelodies11.rio.004:426952928:00076628:00352,cvm,【悠阳】「今天先泡温泉好好舒缓身体，<0A>明天再一口气完成训练吧」<01>,[],layout_only,6f0ea86680504fe66f6af207805b5ffa89cb433fa458af077f070c8468f01826,faa793a9cc316defa3e7521dc31bbb4c61f65196224b2a08dd6872cf595442ff
pm:vm:photonmelodies11.rio.004:426952928:00076672:00353,cvm,【武】「好～既然这样，今天就战略性撤退！」<01>,[],layout_only,fd28eb751615979257bf2adfb3585e8932c75083fd07c4ab2b2bee4c37e855fa,ee55966ec5a9c5bd65d8846ad63ee419955517dd3a846c3ab975fe1050efb5b2
pm:vm:photonmelodies11.rio.004:426952928:00076716:00354,cvm,既然她们两个都这么说，那应该不会错。<0A>哼哼哼…………明天一定要让纯夏大吃一惊！<01>,[],layout_only,4930afed09a3c4759b5bf529280681905edaea1842bb4c4449aa404260c0947f,b044c2cfd6ba1b768c6c0063398ed76e1a3eadff8af09d9883dcf7c1ad15ecc6
pm:vm:photonmelodies11.rio.004:426952928:00076800:00355,cvm,【声音】「小武～～～～～～！！！」<01>,[],layout_only,6dd95418df4ea798c82b2874d394ceef9311dcca82b8072c89b60032ae3a6b8b,0133130d8102a69f72aa0799c90d947787dd40a6b392b21968c8c55dcbdcbf86
pm:vm:photonmelodies11.rio.004:426952928:00077312:00356,cvm,…………嗯？<01>,[],layout_only,bd5cacb325df4f8d389c319de0f0c4a25b73448036d6901d63dc6707ed78fed7,ea2ad10933551d668ab9f5f3a51f735eb3c860e7e9643f150543c2af16a38162
pm:vm:photonmelodies11.rio.004:426952928:00078116:00357,cvm,【纯夏】「嘿咻！！」<01>,[],layout_only,0d1113ca5960ae75f71fef8bf00e333326977965e005125d0231c35b14415e42,2609de968461d2e4ad6e3a2673e8988e6e1010e5b9fa18a9bf014d059d5eaf7b
pm:vm:photonmelodies11.rio.004:426952928:00078160:00358,cvm,【武】「刚说到她，纯夏就来了」<01>,[],layout_only,a17d572b224d5faa38a763c4ee1c446e1b0b174947f97f372b9b6836e3ad46d1,5b0c8f6b0fbb711ad2fcb5b27f930ad5c9ae4535c319f58c662251247950efd6
pm:vm:photonmelodies11.rio.004:426952928:00078516:00359,cvm,…………这家伙，既然敢夸口，技术果然不错。<0A>停得干净漂亮。<01>,[],layout_only,561ac979ba037e4688532ac3a61f7675dc84a9c9b63496c6aaa518aeec93917b,0d35d4985ff04cda86f74d7c5e95c0bf3fa8561369fedc9b7ff754f2dacf04ad
pm:vm:photonmelodies11.rio.004:426952928:00078796:00360,cvm,【纯夏】「怎～么～样～？练得如何呀～～」<01>,[],layout_only,1b932bb46c78393234a4c96c7ce8a3f4b17099c1b88eef373623f45566309c12,9e7b79081ed4cec098bfac1099b42685b94d83dfd2fb206282aa4e916c212f0f
pm:vm:photonmelodies11.rio.004:426952928:00078840:00361,cvm,【武】「…………你是不是在嘲笑我？」<01>,[],layout_only,08e9db3affaa1a9d89b8276421774455ccbfb8312612366133ca9a8bc1b69521,1d9330f2434f7a4ed484d5750786b20156e53b6107124e732a3f99630ad2687d
pm:vm:photonmelodies11.rio.004:426952928:00079072:00362,cvm,【纯夏】「没有没有！<0A>我完——全不知道小武撞上御剑同学她们、<0A>露出一副狼狈模样的事～～」<01>,[],layout_only,8db1b590fa64fe650d1a3a1e67a14994cc71ce730c975221cc9a781ae4dcdc31,f8035cab5ce1a8d71a5c003057a20a837cd0f228a45595995c0243666cc61db1
pm:vm:photonmelodies11.rio.004:426952928:00079116:00363,cvm,…………原来她看见了。<01>,[],layout_only,bfb001048c588f71db70e49c2a6c4efb7f40cc4db66149cc731fb62aa16708fb,b86a8be93b6915da0e828823106b41455cb4f9a81ec3021ae3ebfb16ef923def
pm:vm:photonmelodies11.rio.004:426952928:00079160:00364,cvm,【武】「…………你来干什么？」<01>,[],layout_only,52ea59d6017e6f6b53f1635c9ef5e06fa119bbe6c632c422e40a6f70c5c6b492,09269f90da3bc4b24e07df0275cdbfd97450f17a40d7d2ce73c7a8b9404b658b
pm:vm:photonmelodies11.rio.004:426952928:00079392:00365,cvm,【纯夏】「哎呀～我原本以为自己无论做什么都比不过小武，<0A>但现在看来～～好像也不是这样嘛～～呵呵呵呵～～」<01>,[],layout_only,5c6adff6c584113685aa39d042597f985bd94673f3bece71d95e33a0a60ddde3,d04267e1c62ce5fb6244c63e895315c9f05335aa855cf61e327a6881ede3620d
pm:vm:photonmelodies11.rio.004:426952928:00079436:00366,cvm,【武】「少说傻话。<0A>我不是说过会英姿飒爽地出现吗？」<01>,[],layout_only,7b1fcf42e6652387d9b0dbfe47b7027e82ed44b202eb7a61ef6f0d435a67dc96,09b64b83d9fe9fce4b2ec2e64331df353e3b0793aa744297b0a9ac8c9f0ca860
pm:vm:photonmelodies11.rio.004:426952928:00079668:00367,cvm,【纯夏】「奇怪～～？你出现过了吗？」<01>,[],layout_only,871a7c8fc3eec8abaf8cbe454515bd4ee422a64f8c438b32ce791ba9c4711d3b,650989318954d027d40df6df4d4fa4d9e6071c8066a653dd1c7e73b79f12dcf2
pm:vm:photonmelodies11.rio.004:426952928:00079712:00368,cvm,【武】「是明天，明天！今天我，已经彻底打牢了基础。<0A>无论做什么，基础都最重要，基础！」<01>,[],layout_only,fe737ba002845defb22a4a2e4b7393553a1349e06aed875b77710dc0b4d6ba79,bc0dc50b258575b3292b5b646d20af390b07079f300d4c74f0c8311337c65650
pm:vm:photonmelodies11.rio.004:426952928:00079944:00369,cvm,【纯夏】「哦～～～～～～～」<01>,[],layout_only,2a4dc26d4c6dd6e2c76da90228e497918c912d3050d977e22beed8566f37012b,b02985cc3a083013dff926a7b745ad3f549e6db2cdb15785b2a495360868cca1
pm:vm:photonmelodies11.rio.004:426952928:00079988:00370,cvm,…………可恶，这家伙，从头到尾都在瞧不起我。<01>,[],layout_only,65379cbc70de83f1f54c6143424d0ec1b2cd1a51e09873da7bdc15fa23609efb,fe4c194294793b35c356d03afa6a99e14e5e2e1b139cc030e9a88f2ecbd2923a
pm:vm:photonmelodies11.rio.004:426952928:00080220:00371,cvm,【纯夏】「算了，无所谓啦…………。<0A>所以呢？接下来要练什么？」<01>,[],layout_only,73ee05b92a568895fb3370c3085976d125ebcf88241f890ef47102c037cc6b7f,4534617145ee6201efcb67c70f1c8dab8773a1f7fd1b1cb17815814dae56f299
pm:vm:photonmelodies11.rio.004:426952928:00080264:00372,cvm,【武】「今天已经结束了」<01>,[],layout_only,5805c06294f62c40619f7f965485457b087f9c2725c651ee84afb18e4342e012,9c57d01d4099f6af30a1f22bf4d1fc3fcc10a9bc5bfa791d98bb90d7ff593d1b
pm:vm:photonmelodies11.rio.004:426952928:00080496:00373,cvm,【纯夏】「咦？不练了吗？…………真的没问题？」<01>,[],layout_only,9016de3fcce64ccecb3146a126d36f172c4f81f344347b1c820baf2bf1b71f7f,a4f25081e1aa14d840831e3473813d28d961a657e97a6aeb23e86e690e697ab3
pm:vm:photonmelodies11.rio.004:426952928:00080540:00374,cvm,【武】「你还真不懂…………所以说外行就是不行」<01>,[],layout_only,341eb8882095c9bdd8b812222e564844173b9d87c5a554c16f3e4de4d557d867,1b0c3cea8686f20dffde492a6803ebfaa9c7c8bd62a0f8e4406e75f0a7668ccc
pm:vm:photonmelodies11.rio.004:426952928:00080772:00375,cvm,【纯夏】「…………外行明明是小武」<01>,[],layout_only,edb1a60e616554969a446405d633370a44b346e46566284269dbeaf3804a679d,f1e4d320cb445c6fbf1feba27d55f0a6a966d204ccb764121b7737825ac41558
pm:vm:photonmelodies11.rio.004:426952928:00080816:00376,cvm,【武】「哼哼，一流运动员的训练，可是非常重视休息的！<0A>难道你不知道光靠毅力蛮干根本没有效果吗！」<01>,[],layout_only,ec20525b0698959b405908db3d342971aff05fcde5f74f88f96d7cec8a7309c5,9fefe0bde213a6e79f2493a2486a52965e44cbac6026fa104efbd7606682216d
pm:vm:photonmelodies11.rio.004:426952928:00081048:00377,cvm,【纯夏】「哦～～～～～～～～～～～」<01>,[],layout_only,4765a5e591585f200ce0b33c0f7f0001a73d65c5df03f86c940e01d87004fd9c,e794f2bd63d5980c1621218ecfb3a03e441b4dfdacba6db4bf35516856146f60
pm:vm:photonmelodies11.rio.004:426952928:00081092:00378,cvm,…………可恶，明明我说的才是对的，<0A>为什么还是这么让人火大？<01>,[],layout_only,e8387105775bfbfb1bce17d7039dd99dde61669a9ae28791f92cc9f3b7d1b1ca,1427a81d8dceeaec7d5844276278692e73ebd060ee9aa38a5bb96b70715b1118
pm:vm:photonmelodies11.rio.004:426952928:00081324:00379,cvm,【纯夏】「不过，嘴上当然想怎么说都行啦～～～～」<01>,[],layout_only,ba1f34445d8a67f6c8c5e3040e963f3970a71344ab1aba222e6e8235dd365606,78c4dd7bb3fee4f392c90125efe325afbf67ccf797477d338353ffd31d457ac4
pm:vm:photonmelodies11.rio.004:426952928:00081368:00380,cvm,唔唔唔唔唔……………………。<01>,[],layout_only,9b69fc03cfe8638b91f32707028b630a66b95bb7966eccc3e9914473e390d079,480ad1c73e916911452343f4e10a24e92d858c75a9fcee213c69d270e261b6de
pm:vm:photonmelodies11.rio.004:426952928:00081600:00381,cvm,【纯夏】「我不知道什么运动员不运动员的，<0A>总之期待你明天的表现哦。那么，我走啦～～！」<01>,[],layout_only,aceb2dcd8f8e1ef27baa6dfca4485b33ddad035c6e318a3413800963cef08e9f,93edfefcd9eab0c3a185bc955e6a4fb160133bb08e95cd39003d7ec7c64a8c2e
pm:vm:photonmelodies11.rio.004:426952928:00082224:00382,cvm,【武】「——给我站住！！」<01>,[],layout_only,336b26153be2bdd391eb717d3a99c2a0da8e3e405d5e5c95528f7be90951b822,794c8ab3d80759f939f6839b55ad8b3ad468ebaca24ab491ebca5da1c0ca0471
pm:vm:photonmelodies11.rio.004:426952928:00083372:00383,cvm,【纯夏】「…………怎么了？」<01>,[],layout_only,6409f5645a8461e438b7408901bcbbc401ec963a9af1ae802fd444ed6ebf1b28,e1b191f5c02fc74830fff71a8686133abee43c4b7a7a9a09fb9940a9a17722c7
pm:vm:photonmelodies11.rio.004:426952928:00083416:00384,cvm,【武】「竟敢想怎么嘲笑就怎么嘲笑！好，我知道了，<0A>既然你说到这个份上，我就和你一决胜负！！」<01>,[],layout_only,72c3b4525accaa7bbe50b7384f47f36915828ca9b704f1fa3c2c3497563339cf,a3ed647089dcc436914042999b71826eb455cfe0f0d6ab1b7b32a5daa7882a29
pm:vm:photonmelodies11.rio.004:426952928:00083672:00385,cvm,【纯夏】「咦？比赛？」<01>,[],layout_only,a27851608aaed72aa8be039a1344b9f5a81826fa1257a50bcb59631a2dab129d,2d6fc9b60ff53ad1fef3813b4370edecf97ed8202c731e5caf80f5096c450d77
pm:vm:photonmelodies11.rio.004:426952928:00083716:00386,cvm,【武】「没错，我不只要英姿飒爽地出现！<0A>之后还要跟你比赛！把你打得体无完肤！！」<01>,[],layout_only,ddf01f3cdce4aabe8c8ae46c6341239e155f41e79d37674b99a6e584d5f13e73,8246267af704dde40a4a22fc174134ca7c624c66842884bf3eedca642699c372
pm:vm:photonmelodies11.rio.004:426952928:00083936:00387,cvm,【纯夏】「……………………」<01>,[],layout_only,b360f3f0e6356b46c3c0ec5558c1c1f308b8474339e0f316f306314f8bf8f1a8,3d22d16e7838a1ead13cdf1c58d9e32f71d520eb546f5bbd5d1149da53708234
pm:vm:photonmelodies11.rio.004:426952928:00084116:00388,cvm,【武】「怎么了？害怕了吗？」<01>,[],layout_only,6c298980073331b858cd472cc397253947e78fb0e9dbf9f05b166c2e990bd6ef,a502a913d4f7139ddcdc6457643432e60cf7d80b18dece06c8dee97248fa9113
pm:vm:photonmelodies11.rio.004:426952928:00084540:00389,cvm,【纯夏】「——啊哈哈哈哈哈哈！！」<01>,[],layout_only,b6621fee049718623a4444cf5f6f2cbe06e3e9a943c40afba81a54ba0b9eac5b,d89a2673871a992451c425d9363399298a61e7a5aaa605ae5c5c90e887633b17
pm:vm:photonmelodies11.rio.004:426952928:00084720:00390,cvm,【武】「…………唔！」<01>,[],layout_only,e68212d54ebf45622950156b533cf7f1f3d56d471f6b7c6f819db375fd9dde4d,9bb4021e1c4b74bfaf9dd091dad949b1903cf2dd8709cb788f0d2d2ab6c36c66
pm:vm:photonmelodies11.rio.004:426952928:00084952:00391,cvm,【纯夏】「不可能，不可能」<01>,[],layout_only,beead6acabe8381cab9b3f47b09f949c4c7bea2fe13f40f2345062ecd45f82d0,abbd8c3fd16e80ff2e6cc12d955677b022aa7a5b6de329fa2eaf63976dedd583
pm:vm:photonmelodies11.rio.004:426952928:00085040:00392,cvm,【武】「——你说什么？！」<01>,[],layout_only,1083e47fff7d8c72f76ef6af2632bc2bf3b35e2e997e1e0465b97a3cb4c48c88,d270053976c4caa77bcfea404ec944f5c61e64c074940052007a249f6fcc8c79
pm:vm:photonmelodies11.rio.004:426952928:00085272:00393,cvm,【纯夏】「那当然不可能，小武，<0A>这个世界上啊，<0A>有些事情不是只靠气势就能做到的」<01>,[],layout_only,0f4075d3645bda0624fee5f6e970b0dd28de4b6519fe95baddf26ae1a7d6bb48,0bf83de0e510a5d837b064cb398fb049f06ed0bfdef62865400c393a59da3b19
pm:vm:photonmelodies11.rio.004:426952928:00085316:00394,cvm,【武】「笨——蛋！我又不是小孩子，<0A>这种事我当然明白！」<01>,[],layout_only,7be558c66c990c0493db2f8e86a3f2ed7f862859c9a7b7fb8ed9ab5f7f5cb4bb,211cad1fb204725ac136fe4fbecedc624919ce7ab9dd2ebe919be776c10fe2a0
pm:vm:photonmelodies11.rio.004:426952928:00085548:00395,cvm,【纯夏】「…………你真的觉得自己能赢？」<01>,[],layout_only,bd43fa0aa6d809217af9f39c90842855c514377620923b2fd11b5069e611c499,aa97ec4235f8056c23b741964971205859909903d80b1631c2aead0114be2a41
pm:vm:photonmelodies11.rio.004:426952928:00085592:00396,cvm,【武】「你听好了，可别吓一跳哦？<0A>我可是得到了悠阳和冥夜的认可！」<01>,[],layout_only,5b951076c2977b02984d202c4a13ad7e70c48abe89457c1f4276e096c5b6bd66,e83c884a9de407c776d92155ff4ef22a8f0c54cc020ea86c5ac545344fcf51ae
pm:vm:photonmelodies11.rio.004:426952928:00085844:00397,cvm,【纯夏、悠阳、冥夜】「……………………咦？」<01>,[],layout_only,a7adbd0d152385552af43ce57d50375fd7deb884e3117ecd04ffcc08baefe063,972a8e0fb809fb6da029c3f1f9dcf8c1b0745c07396e43cd444e543c0ce91b58
pm:vm:photonmelodies11.rio.004:426952928:00085888:00398,cvm,……………………。<01>,[],layout_only,efa30788584cfea7ade60ccc37d7fc6cda943e64935eb133252c341159e58e05,0b3d7aae4004dc9b91522cf9245f879b48b6a3b3d3c28ecbba043ba8207a6df9
pm:vm:photonmelodies11.rio.004:426952928:00086120:00399,cvm,【纯夏】「…………奇怪？」<01>,[],layout_only,fa8a0550683ec57c84e3596e25badce34318909b4f47af9e17ffeb3c067f856c,90eaf6e3b82775847233f637d1ee2f8bf81c91141b205ef8507218b111720685
pm:vm:photonmelodies11.rio.004:426952928:00086608:00400,cvm,【武】「喂，刚才，我听见了一个奇怪的声音哦？」<01>,[],layout_only,46c138330daa7fc63f88c073c3dff787562247114b8e7511c25fa2b815acb05b,b7ffe019dd6ab771bda5073d4206205042f35f3c4cc2971f821a08f001e8caf9
pm:vm:photonmelodies11.rio.004:426952928:00086652:00401,cvm,那个「咦」是什么意思？<01>,[],layout_only,e519719a54ad76ad00150b37677a267bc12756f84c14ace9998d5d6499bc0292,d87f563d0459d48074b03733667ea121abe9306c4871a3b0e03731ecbf8bda65
pm:vm:photonmelodies11.rio.004:426952928:00086884:00402,cvm,【冥夜】「武，虽然很抱歉打断你…………<0A>但我不记得自己说过那种话」<01>,[],layout_only,0e4603f747c5e232c72c2581092e3fa287f160fd3d446e3823498b8296d06797,5505fb64bbbd45f36c441a80e8e3a6e4f915fd59b9e03d58fc507fa563c0f83d
pm:vm:photonmelodies11.rio.004:426952928:00087116:00403,cvm,【悠阳】「……………………那个，我也，不记得」<01>,[],layout_only,cb8d58a3c74771de9e1a3a0245c395d37900a0a644032267a2dc6f8d175a756f,5e9a58b433b55c640671129337de90d0e290a6d2e29f016981faa7c32d609fbc
pm:vm:photonmelodies11.rio.004:426952928:00087160:00404,cvm,【武】「……………………啊？」<01>,[],layout_only,9e131a83ca10ed121a6d5bf0b31044e160aa4cd83a43943a650e80b3b1c87259,c8b420bf9d6f45a8711cac097d094cf782ae664f9e21e8f5a78366d0a15b7e21
pm:vm:photonmelodies11.rio.004:426952928:00087216:00405,cvm,【纯夏】「小武，刚才，我也听见一个奇怪的声音哦？」<01>,[],layout_only,e47fa7bc7dd98976755edf82d4acdf49896b6b53d9e911833ee4cacd93be7ae0,14adf4c4f5809820866120550740b1ea58bf6e1d4781f8311c99c8ef68f7b2e9
pm:vm:photonmelodies11.rio.004:426952928:00087260:00406,cvm,【武】「可、可、可是…………」<01>,[],layout_only,ae8db4d6e9aef20318a33e8e156e17aeb4cbee5fa542b004443094c3bdbf7ae3,d37667a86947647fb13aae2e9905032ed1ac0aede33c2ee4f745b777e525f38a
pm:vm:photonmelodies11.rio.004:426952928:00087492:00407,cvm,【冥夜】「我们只说过，你离掌握基础还差一点」<01>,[],layout_only,88d26787545c736e67287c9f936f71b5f68c9f8308220f2264167b024612cab7,2b09a2ea16aa58a3184ba20c3a65fb77e215ba22e327e81dda955c6e466968de
pm:vm:photonmelodies11.rio.004:426952928:00087536:00408,cvm,【武】「……………………」<01>,[],layout_only,770975bc8d76964cd0683d1a3ba2ec947971272f34819d29aa5c66d3964a88d7,6a17c608647a040376434d02fd50f1e4124a141fe417bdc98ba4d3f27bdee35c
pm:vm:photonmelodies11.rio.004:426952928:00087592:00409,cvm,【悠阳】「您刚才应该也看见了，鉴小姐的技术相当出色…………<0A>武先生要达到她的程度，恐怕还需要一点时间…………」<01>,[],layout_only,067c855a41c18aa904a11d1a88ff60c5dae6183a603ebf38579ba4d5a683da0e,093bae6321ee1f33fb336f616f3fa2ba1a90102f48886925250476b971187656
pm:vm:photonmelodies11.rio.004:426952928:00087648:00410,cvm,【纯夏】「我觉得说谎是不对的！<0A>应该要相当长时间吧？」<01>,[],layout_only,56fb1350c6ce6e9b2922fbc6b4ea633efb189fe19ea8277d59eec483b93cb49a,e505b039cf95bb1b590c075d50f953f19bbe3402ce35d02f874c579602a65b65
pm:vm:photonmelodies11.rio.004:426952928:00087956:00411,cvm,【悠阳】「……………………」<01>,[],layout_only,cf8055a2bf7ca517121f0df4f6e9cb27cfb09e51c2a729ceabd2ff965136eedd,596cbe5acd9b31ef237a2ad0643688ea2ec23e26e6262f3786f2c9204fba795c
pm:vm:photonmelodies11.rio.004:426952928:00088000:00412,cvm,【武】「…………真的要很久？」<01>,[],layout_only,7f82c903c5f90061f8d36deda5a17af328b1185392e0c2d39affe5a9f373120c,9ad1395d508937b166318e137b1e0fb9a324fd09c5139ef6f06e71db53f496cb
pm:vm:photonmelodies11.rio.004:426952928:00088308:00413,cvm,【冥夜】「这件事确实很难说出口……………………」<01>,[],layout_only,7f86a9a8c427129f678db055fe73fc4f4b125b62c6e2cf7ef95ba7dcc4eb6b56,e9ae81c76dbf3a29f78f336fbb2732ffbbe001e4134b4e2f21c77b3e52a3c508
pm:vm:photonmelodies11.rio.004:426952928:00088352:00414,cvm,【武】「…………真的？」<01>,[],layout_only,63b0cd3e7af56267444e3abfacf645b02adffe6780d6fc915cf8fed16b521f7a,d7b64e46d1463ffd157293290ce8267ef85376461e739256f584b4079195daae
pm:vm:photonmelodies11.rio.004:426952928:00088676:00415,cvm,【悠阳】「……………………是的」<01>,[],layout_only,c2978a0f970f59612a0ba143b7a32bb18aa2ebedb4e0aab5e8202c2d55a8c6a8,774a0e6b0dab72afcd26fdf358b8f1f46aa7e0f305d0d97c3f4bd4f0a065fc07
pm:vm:photonmelodies11.rio.004:426952928:00088872:00416,cvm,【纯夏】「所以，你打算怎么办，小武～？<0A>比赛，还没开始就已经结束了哦～～？」<01>,[],layout_only,0c2d5c4d13aa5642f1a63b263a60b83a226fb246bf61e2299b1ee66398e8f6c1,e017e7dc3bc7e7ede0279dd3ad8fb33b94d0e59d6e1b67caa330e11eef05177e
pm:vm:photonmelodies11.rio.004:426952928:00089252:00417,cvm,【武】「吵、吵死了！男子汉一言既出！<0A>说要比赛就一定要比！！」<01>,[],layout_only,1cbf8e1ba33158c9a650dce33b82c42c5cb14e9deaaa6a97ee5472866a754f22,93140395f6623ab7df8b48e8ead59b1c7f1602750e0c49d634cc0bfc2a15852f
pm:vm:photonmelodies11.rio.004:426952928:00089484:00418,cvm,【纯夏】「你认真的？」<01>,[],layout_only,425a4d70b5fb09afe1a6d624b9ecf870f109e895f0bc2db8465ffbd6027d7c9c,dc1d3375fc663b78c9429b1783cdbeb92e00c7a5efa3563382ba28cec6aa952a
pm:vm:photonmelodies11.rio.004:426952928:00089528:00419,cvm,【武】「当然了！！<0A>你觉得我是会在这里退缩的人吗？」<01>,[],layout_only,833af5e2ff1466fbd8ca82dbde40feb4b12bf979ec836c245e4983488db6df18,6d5997c10a4d2e2019b4b8d9a6f54f59f4fc555ebfd763e44f9266734c3df79e
pm:vm:photonmelodies11.rio.004:426952928:00089760:00420,cvm,【纯夏】「……………………嗯，你确实是这种人。<0A>没办法，这场比赛，我接受了！！」<01>,[],layout_only,fba6841e7458f5754e7023a37887787deafbe8054dfa012d5f1b0e99d5b9990d,528482f5211c7a73ee0af12e7c71a3ab8916d5a8baa200aa8c3575ef3078d480
pm:vm:photonmelodies11.rio.004:426952928:00089804:00421,cvm,可恶～～～摆什么架子！！<01>,[],layout_only,5a17c9dc1aa3502388c73253ce1affa1f31ce55d09c3a4f9966eceb5960be9d4,3b756c37997ae9472afd3ac7d75443494e5fb5dde63a98d8d8a3e7667356fb2f
pm:vm:photonmelodies11.rio.004:426952928:00090024:00422,cvm,我绝不承认这样的纯夏！！<0A>上天绝不会创造出凌驾于我之上的纯夏！！<01>,[],layout_only,548290672c2ef38522b47150d142a1bae4360db0e46deba9c405d2c8d773be2e,e8065a71c2fb5cd112c21f70cc8d34875601b98c33977619078fcac79a7a66f9
pm:vm:photonmelodies11.rio.004:426952928:00090068:00423,cvm,【武】「比赛定在明天下午！！<0A>地点…………这个……………………<0A>明天吃午饭时再决定吧」<01>,[],layout_only,3579deecfe724864f14c10de1a3f09c1bce8146f1a824f63e7ecc591e9e16538,0eaa8b590bebd038cfd6fc6e0f50eb087247a39cdbfc880808d3a7616d202077
pm:vm:photonmelodies11.rio.004:426952928:00090112:00424,cvm,仔细一想，我，根本不知道除了这里以外还有哪些雪道。<01>,[],layout_only,55df4fb3db38fb48af60e9f068d696e4f15d92a13357a0b6c8731c3f0982bb25,3688e73dcf101e7d224d3934a246f374cb1ccc195e13f57391dab084256e2cc2
pm:vm:photonmelodies11.rio.004:426952928:00090344:00425,cvm,【纯夏】「好！嘻嘻嘻…………真期待～～」<01>,[],layout_only,f7fdc59683f5cd96b2352b682d08c91ee29dde3a0aa4a9aa79faf8b60804b587,c599cc8e26bc21159480403f6933c3fe498c156332e32b6e36f006aa8c2715cc
pm:vm:photonmelodies11.rio.004:426952928:00090388:00426,cvm,【武】「到时候可别哭丧着脸哦？」<01>,[],layout_only,595be668859b87b783fe7a2e8962f55134f3243920cafe63172d7613160877f8,ac922d7ef11f9f89aefd6c97ca1b8d51600dad4da78a991fef8c973b5f008dc1
pm:vm:photonmelodies11.rio.004:426952928:00090620:00427,cvm,【纯夏】「啊～～神宫司老师战胜香月老师时，<0A>大概就是这种心情吧～～」<01>,[],layout_only,83221ce3fa28549b78053e2a1d6b36ab10a9c86e962bb75d6cda57803c1cebf5,f24a0aeed8e720fad43b3168f7438920dcd71e96039fd436fa17438a29823736
pm:vm:photonmelodies11.rio.004:426952928:00090664:00428,cvm,【武】「听人说话！胜负还没分出来！！」<01>,[],layout_only,b5128d1a5744b8c42d80308cc845cb765b0e931d99553c9b6af3f58959c2788f,80bdbad9a57cbf79fff774bd0fe871beb6468aeaed5bb3f034c87706c6a96e00
pm:vm:photonmelodies11.rio.004:426952928:00090896:00429,cvm,【纯夏】「好好好…………」<01>,[],layout_only,d5e7876b9c1a119bf20ba2f6deaf23c89f04b02894522dfe1be229260a8db5b3,1e3a388eb5299187409f727f8fedcbec3afeaeea918e1ec4ced181dd2a5a2148
pm:vm:photonmelodies11.rio.004:426952928:00091384:00430,cvm,【武】「事到如今，我绝对不能输！<0A>悠阳！冥夜！」<01>,[],layout_only,d2f482fccac0430427261408ad531d0cabe61b02f471fa8d7516ebfd4eb6991d,4ad74251bda46fa0adc26c861929880d1bc8cf15914e2ed3c25fa5b0c7934289
pm:vm:photonmelodies11.rio.004:426952928:00091440:00431,cvm,【悠阳】「是」<01>,[],layout_only,9dca1f718e00ffa26f6e670e0ccbda2a9f17944fd0eaa845a813639477ead579,8385319565b44356c1173c7249210cd37130483aea754ecdb9c57e5b7fe535c5
pm:vm:photonmelodies11.rio.004:426952928:00091496:00432,cvm,【冥夜】「什么事？」<01>,[],layout_only,429f751efffa306a6f0720509572a718b65c85f8e00aba414fb149bf33349e14,1a8ac1d1dc2e123a8cf1b7c1ad72c18c6e28e7b08607a654759ec41b774e8517
pm:vm:photonmelodies11.rio.004:426952928:00091540:00433,cvm,【武】「明天一早开始特训！！」<01>,[],layout_only,8f012f0cc45c3c19c1a51db8efd05e837174484c168119e79b76e28b1fd942a5,6b5d1731f527e19d4d888746c334afd82357a7675b8eb4051be1447e960664de
pm:vm:photonmelodies11.rio.004:426952928:00091892:00434,cvm,【悠阳、冥夜】「……………………」<01>,[],layout_only,afb05dc596167bd007f81db2e2acee0bb31d1569d5ad02b10ec6dd6c036e21a0,6774b1fbfe4b684197457b243822a3b649334035a230b785701326a5281b3aa7
pm:vm:photonmelodies11.rio.004:426952928:00091936:00435,cvm,【武】「…………怎么了？」<01>,[],layout_only,2463c26cada733f60976e24c7d5387218a8d6c9aa12124ded3d8d51430dc18aa,26a35745a1688ca7aa12c201d21e950cae646186604ed1183eee61266a631011
pm:vm:photonmelodies11.rio.004:426952928:00091992:00436,cvm,【纯夏】「那个…………你现在要回去啊」<01>,[],layout_only,2590aae4740d0fe0273bcb74d79fd4f2224ad9d3203daa4d8dd45233fa683e00,30204b3f390bba4b3605afb47204e95c47d29b12ef9c65b2dc57edc161057bb4
pm:vm:photonmelodies11.rio.004:426952928:00092348:00437,cvm,【武】「啊？是啊？」<01>,[],layout_only,556e7dc12e6ba167670bb54f6880670a68a0ea43701ef6e4543ebf0c0c561dd3,85804b943514dfbd9c57341df354a42a61fd3cd4750adeb37a604379d6d5f32e
pm:vm:photonmelodies11.rio.004:426952928:00092404:00438,cvm,【纯夏】「你居然不说『现在就开始猛训——！』啊」<01>,[],layout_only,6edb543e3ebc0c8704fe1031ccb738d18406ef5b7a8f7a3e5f6e9c393cfcb78d,58a339c6100cd3e996e3da412e69634e4b025939f31501964c6a662e4073f6fd
pm:vm:photonmelodies11.rio.004:426952928:00092448:00439,cvm,【武】「所以说～我不是说过要战略性撤退吗？<0A>这是为了明天让身体得到休息！」<01>,[],layout_only,ccbeba9a2e7bf0180fd77bbbbc1d53fdf3c482ea7897db6285404d07010eebb0,a4758b46ced697010a5d3dd89997f8d76d2c9cc5fa8e7da6c1b050020bb066c9
pm:vm:photonmelodies11.rio.004:426952928:00092680:00440,cvm,【纯夏】「算了，倒也无所谓…………」<01>,[],layout_only,1f40ee6961917a278618fa938a39b4c8d25d43e42bd01b70cc31fcf28b65d047,216d2431ae49900b5bdbbab5fc6f242cd9e8595ec8d2f809d4d6cd664ee88cd4
pm:vm:photonmelodies11.rio.004:426952928:00092724:00441,cvm,【武】「你现在这种态度，我迟早会让你后悔！<0A>再见！」<01>,[],layout_only,9d8a166240d95b01757c3c5e99ef8e1a78c772e186b965efe82220e7ce6363bc,e627038601502e891cc87f512a03819c7d91cf6d5f6370925f4afba1a7375f26
pm:vm:photonmelodies11.rio.004:426952928:00093796:00442,cvm,【纯夏】「…………他走了…………。<0A>他那份自信到底是从哪里冒出来的呢～～<0A>话说…………他滑的是犁式吧，那个」<01>,[],layout_only,645efb9a54dd30beb05e0678474be605f7502f89271df39d321415694932a327,d14bab4ea0ae2f754ecae404b4d4b4190f7d4013a111d2df73b1417c75e486cb
pm:vm:photonmelodies11.rio.004:426952928:00094028:00443,cvm,【冥夜】「武也真是鲁莽…………」<01>,[],layout_only,73518fe6efb1a8c68e89a3d2366f9367f6ea8eb7d7cccc79cd7416091dfeb1d9,78cb935c7207cfcc9c2a0164a303ffc202eeaf6e3bd993bdb9d705537be31088
pm:vm:photonmelodies11.rio.004:426952928:00094156:00444,cvm,【悠阳】「他一定非常不愿意输给鉴小姐…………」<01>,[],layout_only,a9095537461de9bd3d5a0f84d6edfa0c52989bb33748d1d31ccc03b00d6ce33d,4ffb3a92ee86507c78fd9d9c6d36cff302a1a69c03a16ef754ab6fafeecb87a5
pm:vm:photonmelodies11.rio.004:426952928:00094388:00445,cvm,【纯夏】「我是不是欺负得稍微过头了～～～嘿嘿！」<01>,[],layout_only,711b6b36e784bea98f6fca0a4aa16766e18d726d71a518a4a826444d1d561d39,6b08c75f2fe1c0596cc34c7658e0a03bd1fc1182eb816511323d2214f557618d
pm:vm:photonmelodies11.rio.004:426952928:00094620:00446,cvm,【冥夜】「不过，既然已经接受比赛，<0A>想必也无法后退…………<0A>我们只能在比赛前尽全力训练武」<01>,[],layout_only,f2b981261f68828bbaacc819fe63864ee7806afbcc0260141c478fa7c4574ba8,ebb403e7e1544b42ead6d5b6c949f585ed6c9b7cdf460f91c3ce4168ce3712b6
pm:vm:photonmelodies11.rio.004:426952928:00094852:00447,cvm,【悠阳】「说得也是…………。<0A>鉴小姐，明天还请手下留情…………」<01>,[],layout_only,6768546fa4c26305f06dca09aa8221ab220e78305fe6d02adae7b300e584c483,07df3adc5182fd67051cd9b8bfd3be415a34e466e788c09da76fe4c2d13d73a8
pm:vm:photonmelodies11.rio.004:426952928:00095216:00448,cvm,【纯夏】「要说怎么应付小武，就包在我身上！」<01>,[],layout_only,3d17b4d6f65d50bab37585887147a27a6ef2e8c009ddac30cb1f6e3e0a9812e8,73d5119a77bedc0679e8987adb366120957c5cce4aca896cb884b6e0e3101246
pm:vm:photonmelodies11.rio.004:426952928:00095732:00449,cvm,【武】「…………真是的，纯夏那家伙…………<0A>我绝对绝对不能输！！」<01>,[],layout_only,baf58356ddd44b48408fd0b3b8e6cb11799a61dd0a8e7af6f1fb6e3d522700ec,d253c161054518a69a30452c9ab76fe562e95c2eb2bdda749ac80171b0a4c45e
pm:vm:photonmelodies11.rio.004:426952928:00095788:00450,cvm,【声音】「没错！就是这股气势～戴维～～」<01>,[],layout_only,1cff85196e0a3cf71c5315690ec64c9c55c8122e9d9c1ff32d219198f00482d0,dae2f0f151642737981ae3c2b15d79269e1b4e9302087e9dbba91f8e428b5213
pm:vm:photonmelodies11.rio.004:426952928:00095832:00451,cvm,——咦？<01>,[],layout_only,8ea742f94f3b1926e8b167d9bf7c9d37a686902c72a5ac1117c86ef5012dec7c,ebf798602f6285622fb15ff9adfafe098e5b5682bf8fc4b45a3f3977b06a06f9
pm:vm:photonmelodies11.rio.004:426952928:00096520:00452,cvm,【女性】「这才像你！你就该是这样！」<01>,[],layout_only,95094c42375007a14149e4bb03d9f51fecd008198e6c6f1d3572513fbce53a7f,a5ebc2637a03bdd93aa7525708194dd1fd39c40addd58d5a2e27dad62c6d16d1
pm:vm:photonmelodies11.rio.004:426952928:00096564:00453,cvm,【武】「啊！是你！！」<01>,[],layout_only,484c8ddc26cdba0349910212cccfb3c23611ca201c7763e04d3553483a2e2fe7,728c9d5a74eae168357ea0c7812e8d8a0892d3fb57d9baf0be88ef3312e92f03
pm:vm:photonmelodies11.rio.004:426952928:00096620:00454,cvm,【女性】「即使明知那是多么鲁莽——」<01>,[],layout_only,e2be67cc59af56337cf6024d98a8ff6270a61dae24e5ab2b35960af42e122d72,23ef0f14bdd7c602521ce96b116f9230acf1fdd1d14f4a40f5f6aedb4f0eb3f2
pm:vm:photonmelodies11.rio.004:426952928:00097252:00455,cvm,……………………喂，她就这么走了？<01>,[],layout_only,8e25804600a9cf038aa1b2d43c6801a45de104e2fc78a7acce4834aca55b68a2,c714e21426ad4a6a31e9891f3c610e7361444eb196b311c031e325ccdfcbf256
pm:vm:photonmelodies11.rio.004:426952928:00097296:00456,cvm,她到底想说什么？<0A>话说回来，那个人到底是谁？<01>,[],layout_only,44f04319713d8465b7d8cac79232abbb5876e3816526573040a34c882f642803,332114c992e2c1a076139fdbb69885d91a82f435ee33e92d12cc2df191e3c9d9
pm:vm:photonmelodies11.rio.004:426952928:00097624:00457,cvm,——！？前面有人！<01>,[],layout_only,5621700142f062f570b3a348f63bd51f23b739399e2ee9aa254e944031864e90,7a44406e79d44ca8c938f8ea344f21cfd159785e89faec273d19a3d3b60f46e9
pm:vm:photonmelodies11.rio.004:426952928:00097668:00458,cvm,【武】「哇啊！快躲开！快躲开——～～！！」<01>,[],layout_only,a1241bede65379705e1d567a6bcf355f967f19e895081b784769965f6aae7178,579a41681fc213fdf3146810153d6f7c3ceb89eb17bc3af35672c565d29b4875
pm:vm:photonmelodies11.rio.004:426952928:00098688:00459,cvm,【冥夜】「那么，我们也去追武吧」<01>,[],layout_only,ea79fbf1b7cfd9bb222d09f6a21247920923ea32f28796b27001a0651d319e0f,cd1abbef36e91117afe458103e6e8a8b4774ebd7175f9e072b8cf04e6f7ba330
pm:vm:photonmelodies11.rio.004:426952928:00099012:00460,cvm,【纯夏】「啊——！！」<01>,[],layout_only,53a86ef3f59cd1f7e195ec2a50665dc994516f7bcbfb5c26bc035826d1d666fe,7fa6cde8490c231dd04aafb092865a51a17b2042a390df2b502735b3adae8994
pm:vm:photonmelodies11.rio.004:426952928:00099068:00461,cvm,【悠阳】「怎么了？！」<01>,[],layout_only,4cb76a83700eff969d31b1a1949e6dbf58b229b5b2c86a2f5c7cac696033900a,76401cc3b201e762f2e19a1611a5985ef80c367d384eece77a893c1f8c53cab7
pm:vm:photonmelodies11.rio.004:426952928:00099300:00462,cvm,【纯夏】「小武，撞上一个女人了～～～～！！！」<01>,[],layout_only,940b35c7a629eb275a952987905a3658e6755e5bace53677d9099bc428842472,b2026ac25393f9267d85717027ac9de8582a55ad19601f0d4f094a6b7b585f11
pm:vm:photonmelodies11.rio.004:426952928:00099844:00463,cvm,【冥夜】「什么！？」<01>,[],layout_only,f8897fbf741ff69f860fbafd0f30a91db068ddb15edf0c91cce9a4a423602b2a,0b47d944056977a0df8c3bb4125733bbc57e92f80223f18e5bf686a4d644d1ce
pm:vm:photonmelodies11.rio.004:426952928:00100196:00464,cvm,【纯夏】「真是的——！！<0A>太狡猾太狡猾太狡猾了～～～！！！」<01>,[],layout_only,f945ecfe91ad762140415eec0ab94bc3326449fe586e320b0d246932dc3d44e9,9ad69d1c6815915badaafaf193a853f20c300973931457b33a4dd8e7c899a9a7
pm:vm:photonmelodies11.rio.004:426952928:00100352:00465,cvm,【纯夏】「小武——！！！」<01>,[],layout_only,9c6253da5ce14ca4d453ff3c7c399174ddba6e13ed96b551219c1617c201b953,cfb703eff09cfbd33bc74117c6a8c5df333f3ced5492867853116d2633fc3afd
pm:vm:photonmelodies11.rio.004:426952928:00100852:00466,cvm,【悠阳】「不能再这样看下去了，<0A>我们快追上去吧！」<01>,[],layout_only,25e83de8915691a1a9a0cd46dba60264c0e6780dd601bd52fa8216a8b8e5d68d,2eed79a73946dd7417714939ccab64524a21f782af74e6e279282850aa28fb2d
pm:vm:photonmelodies11.rio.004:426952928:00100908:00467,cvm,【冥夜】「是！…………不过，<0A>雪板似乎正常脱离了，很好！」<01>,[],layout_only,eb8412251d2d55921620ece6da1bf7cde60c53c6f878e1f82c1309751e259b40,fccb0adecf82f5070612c1f113d6fecfca43899e8559d8ebeb6e051d6a234327
pm:vm:photonmelodies11.rio.004:426952928:00101072:00468,cvm,【悠阳】「武先生～～！」<0A>【冥夜】「武——！！」<01>,[],layout_only,44bb44d207affddab64cf5101890900832c07fd1f3bae47061e9c7f5eb69b859,25185585c86dffbcf55982d7896dd69e1dcadb24790d3eb9fa22daedaea2d05a
pm:vm:photonmelodies11.rio.004:426952928:00101564:00469,cvm,【武】「那…………要不，我试试单板滑雪吧…………」<01>,[],layout_only,e3fbab0f5aec632744e432c96496d4d3776f013e6d71db7407a788f69d024cd0,e3922d5a51848e90d83781de108bb39bd5f27646920fe8f7713609a06420c856
pm:vm:photonmelodies11.rio.004:426952928:00101876:00470,cvm,【纯夏】「咦～～～～～～～！！！」<01>,[],layout_only,6166509bc6765f7e3bd24b677dd83322a3176067b640ed64900131e7ad8a6b38,8a81449487dc05916117e5660527f335507019a9f1f274049996a8a375faa211
pm:vm:photonmelodies11.rio.004:426952928:00102188:00471,cvm,【柏木】「啊，真的？！」<01>,[],layout_only,5db13e9c442a08eea83b456a78846e71fd0fc72affc241e96317369e5752cf35,cfd019870302a8c04d5f75ebbd21b983f66984f79c460e4b74c5965bb51d0e5a
pm:vm:photonmelodies11.rio.004:426952928:00102232:00472,cvm,【武】「不过，你可得好好教我啊？<0A>拜托别来彩峰那一套」<01>,[],layout_only,b5a29755df043cc11f5c2ff4f0f216f83274a392e707c95e7869a49f30ba2904,be783753298d28f50b8cbc99d1adff21ba61d708d02653ead81a72c3986a570a
pm:vm:photonmelodies11.rio.004:426952928:00102600:00473,cvm,【柏木】「知道啦！」<01>,[],layout_only,2084fb23c4ec8708a17e84f677940e8ba66b44623a0b6c70496683edfed1d425,e756d7a0ba3b1deb5c3890c8054db3fd721f7accceef3a9e531efe7d99cd7588
pm:vm:photonmelodies11.rio.004:426952928:00102656:00474,cvm,【慧】「柏木…………看起来很开心呢」<01>,[],layout_only,3fc5c763aa19b82ab52b00e652f35c5ded32496782946e0384435e16fd292fe5,61fc9de53c5d11ff8886a981e28b280408237ff85aa25509300ca25d0eaa2bfa
pm:vm:photonmelodies11.rio.004:426952928:00103168:00475,cvm,【柏木】「我、我又没有什么特别的意思！」<01>,[],layout_only,de65029bc628f05fd367f964220d6a1f1161daa5f86c268362ec63332d7c9d3e,d89c2a6905b01425b70bdb01a8583296c828b8a38535ff90c1a639ffefa564ec
pm:vm:photonmelodies11.rio.004:426952928:00103812:00476,cvm,【壬姬】「『那个』是什么意思呀？」<01>,[],layout_only,7f5e5aa1e0a061f2be7d74976e6be46570d66dba03b352693d0b46a42402410b,c6111bb1884c00879e8b37d0212a3d7e6a1629e6f85fd94a3b602a37e65b2e36
pm:vm:photonmelodies11.rio.004:426952928:00104044:00477,cvm,【悠阳】「呵呵…………好了好了，珠濑小姐，我们走吧」<01>,[],layout_only,fe459dd8efe1d8e73b08765fbbd379f9ed92819cfa96b189b3f51892e5eee99f,bff74c6b2589f39aa72b911f8813152f1c18664766a6f778c8c4f3867388e864
pm:vm:photonmelodies11.rio.004:426952928:00105356:00478,cvm,【纯夏】「真是的…………拿你没办法…………。<0A>那柏木同学，小武肯定会给你添很多麻烦，就拜托你啦」<01>,[],layout_only,2daa754200c695faa7436eb4ade2bbab7c3773b4f3ddabdb228d644deae64ab1,39af5bc6fd02488cfe295c48ecdaa20ee57eb21f2938aaabdc69d3ca17e2cd1a
pm:vm:photonmelodies11.rio.004:426952928:00106900:00479,cvm,【慧】「早有心理准备」<01>,[],layout_only,5afc07c1ddb6ef5142d762b5d0ac8d29a48a5f7b4f87a1fb0e335bf25ed71615,ef634e278a9e21964cb049890a36d15f0a26d6ec302abab5ea9007c2c7275a45
pm:vm:photonmelodies11.rio.004:426952928:00106944:00480,cvm,【武】「喂！你们几个啊…………」<01>,[],layout_only,f3c90c1ecaf9f0e1d879a118ba97ee987560878e3307a7e8cffd6834b5f39379,359fb784078ec7d0fae352f75c3c91ccc078c21e48bc183e44ab548cf2b82f1c
pm:vm:photonmelodies11.rio.004:426952928:00107332:00481,cvm,【柏木】「好了好了，毕竟是事实，也没办法嘛！」<01>,[],layout_only,a5d8977b564a9335fd61b5470aa7ea729fce24938a36be819d65a5f72a09dec9,57f984dd3e2d7912bf4ce6ccc6698859773b21ad4e6dc581ac33ca55207d2410
pm:vm:photonmelodies11.rio.004:426952928:00107644:00482,cvm,…………已经是既定事实了吗。<01>,[],layout_only,fc422e6576b656baf1039e31c63016fb61fa796a5b92247f7521f8d5c65abd45,6cc0d5cad4ac60843f78a99d234dabc0912b54495dac5a5ac152b2bdc7346d41
pm:vm:photonmelodies11.rio.004:426952928:00107876:00483,cvm,【柏木】「那么…………总之得先去租块单板呢」<01>,[],layout_only,a068bfdd1fed82fad8ccd561b3e7374f9bf0da3d8895fba7b115ca76a24ecb63,cdb5da9223aeee63d60a371464fd527fb1ff66fd5e10f9d324c38a0556d9303b
pm:vm:photonmelodies11.rio.004:426952928:00107920:00484,cvm,【武】「嗯…………」<01>,[],layout_only,d4de93fabe8c109cfc1ca7623627891b70ebc2a041f7d214a08c027e515763d3,9d374fad97947f1501515cf3ad3666a4f7f86a420e2e4183747d42e670b128df
pm:vm:photonmelodies11.rio.004:426952928:00108112:00485,cvm,【慧】「走了，白银，别磨磨蹭蹭的」<01>,[],layout_only,a87150fd380b233e2a15e2d1f2b3b536865014c9db4b180e4c4aecd808d9c1a6,53e93dc974207ba776c8845e123b49f2925acde3eb92bb5a0a9e4f6eb4bffc07
pm:vm:photonmelodies11.rio.004:426952928:00108156:00486,cvm,【武】「…………怎么突然摆起架子来了」<01>,[],layout_only,98dac2b479d85035fab70df31879d1974aa45444348c55b869d7fa01f95e0077,73d64da47776594e829c5e5d439917f8003ce5a53dac471802174359117acdc6
pm:vm:photonmelodies11.rio.004:426952928:00108388:00487,cvm,【慧】「没办法。社会就是这么不讲理」<01>,[],layout_only,e5d9fee6807af4dce9a8672ef27b1b37f3169943ac82e954d5a8fdb33276dd6d,4c6412fd1df6be9e9b01efbb1078739a35f7588b0734a30e9c42a26f87585de5
pm:vm:photonmelodies11.rio.004:426952928:00108432:00488,cvm,【武】「我看不讲理的是你脑子里的想法吧」<01>,[],layout_only,c39b3f42e07422d31cfc25ee32b5a4f67878b6b580dc8cdcf52976094a160eb5,d2c2b8c51d2b454ae3f5248f4f87492a14f284560e3bf8064fb2df5fe744f277
pm:vm:photonmelodies11.rio.004:426952928:00108652:00489,cvm,我可绝对不想听你这种堪称反权力象征的家伙说这话。<01>,[],layout_only,05d9ecb17cb29203f7132b51f3aa0485acb6582246e8afcee59d89bc60aaeb4e,ab3dc944c6f1587123ffc2055ec868503e6fc180c91a8d6a8f769541ba4d7693
pm:vm:photonmelodies11.rio.004:426952928:00108696:00490,cvm,【武】「话说，你也要教我吗？」<01>,[],layout_only,a8b320f07c2a408384544a962c2e356ea244856f4bf2aaee3370810b50a58c8f,a322ebffcfe2df0428bc1be98388997eb2125b5448eaf17d24ac16758201bb9b
pm:vm:photonmelodies11.rio.004:426952928:00108928:00491,cvm,【慧】「算是吧。不满？」<01>,[],layout_only,16b0ccdab99b6d5ebec9640e4c846fdd7087bf9e4ab3d87339c41bec47d87c5d,44b91984ca3f28e5a66f16f4c008ef8dbb128d144cbfde8c43e275a934a785c7
pm:vm:photonmelodies11.rio.004:426952928:00108972:00492,cvm,【武】「不，与其说不满，不如说不安？」<01>,[],layout_only,52db39f945020b133dc0017763d35bcb7a9197984ddefad3b332c73e7a61c5ac,460f5489fc19fa6e5710f9e96bc33c22b392b5c5d42ded29449ed9225c20413b
pm:vm:photonmelodies11.rio.004:426952928:00109428:00493,cvm,【柏木】「好了好了，彩峰同学很厉害，<0A>肯定能帮上忙的！来，走吧走吧！」<01>,[],layout_only,c78b794a50ca58bd8adc7385ecc2d3b563d63a536b7f87fb00a448d452d66392,aa1e51432a756424e200588fbaed503ae3c625b97f87d57e522ec7bbcd8616b4
pm:vm:photonmelodies11.rio.004:426952928:00109472:00494,cvm,【武】「喂、喂，别推我！」<01>,[],layout_only,877c99c8e0f85103c30e4797843d4bde486dc54f82c45b6b35725cdf0f8e6dc9,3ee48c3030972f74e611e83317a5a096c03e7bae3d16f0fab56645bdef491750
pm:vm:photonmelodies11.rio.004:426952928:00110316:00495,cvm,【慧】「那么，开始吧」<01>,[],layout_only,c119da8a9b63ae4c179f0c4260ab5ac10a8ea5f1a8d7773466211e4e56fa7859,d4502fb9e372c1cd188efedab45915ea9cc4b481230ff90c2639cdc42e964f8d
pm:vm:photonmelodies11.rio.004:426952928:00110360:00496,cvm,【武】「咦…………？」<01>,[],layout_only,6f89339b2480107cbb5839c19f9f2232f49962fc19025bf7e2be3b170f1b1d68,cff1150ccd1e336776d839ebdd3abb90457d7f0dec81697b4a75a41c241c3081
pm:vm:photonmelodies11.rio.004:426952928:00110816:00497,cvm,【慧】「…………？」<01>,[],layout_only,d217cba9c159ed0c8e75caca2b34e9680adb80768129075ef4a257ad0c06d7fe,573b72f2461ba8bb69eecdfa564f44aca9792f55f20e9effa083a33aae043236
pm:vm:photonmelodies11.rio.004:426952928:00110860:00498,cvm,【武】「不是，没有坡的话根本滑不起来吧？」<01>,[],layout_only,167c27a30038f519242a5533ff138f1fa07bdd9867ed9301348aa1fe06a47bf0,041e29ae1714bdab1f41c7aa7e69913c32dced1a6defd09ffc2fa4c693073e02
pm:vm:photonmelodies11.rio.004:426952928:00110904:00499,cvm,…………怎么，我说了什么奇怪的话吗？<01>,[],layout_only,1d0852fa649cbcc7ed2f4b0d6f2d6334a0b8d1214c020535ad5fd1d6d04666e5,0352e7095c85ce3aed43b4528d4928548e3d5273f661d4ccbbb4a317956dd78b
pm:vm:photonmelodies11.rio.004:426952928:00111160:00500,cvm,【慧】「……………………」<01>,[],layout_only,06bd3f7883ae880e1d2e23be206ad1ba874b905e38ce2b8f596153a282542865,e988c43f59a998e81ed9678a9edebfd9d31a258124764e3d6e90dfc3b2f409c4
pm:vm:photonmelodies11.rio.004:426952928:00111204:00501,cvm,【武】「啊！喂，你刚才是在小看我吧？」<01>,[],layout_only,921205647ccf4d8139e8ff6c8253d3fbe8190961633cf0b6257104aa928c2625,d5b201e4b11d9d60eac77bc264f6b6c7df79f74b9006bc6351f6280a0ca74005
pm:vm:photonmelodies11.rio.004:426952928:00111436:00502,cvm,【慧】「摇摇摇…………」<01>,[],layout_only,a56b71f23e828a586795b500f125ea96b4e31b17c78f939cb32ab681b15bee7c,e21fdfd1c8a0fcfdeb9da3af0f19edaf296678d48003813aaf9242a548ab41d3
pm:vm:photonmelodies11.rio.004:426952928:00111480:00503,cvm,【武】「…………别用嘴说，真的摇头行不行」<01>,[],layout_only,e6196f17a16918886c272826cd66524c927d7dcda4c917974c0c407522274c83,cac7c8a816cd00946942b9ad68a769b9c6084b985555ee53bd022cbaf333fdf8
pm:vm:photonmelodies11.rio.004:426952928:00111524:00504,cvm,这样被戏弄的感觉会加倍，真的很打击人。<01>,[],layout_only,c251451dda2ef35cc452bf740505d3bb2306428f717646db821e52f53e52306f,00fc0c8809b454e740d39b82f9691ea1aecafac109ded5d63fe3e568c31041c5
pm:vm:photonmelodies11.rio.004:426952928:00112024:00505,cvm,【柏木】「白银同学去租装备的时候，<0A>我和彩峰同学商量了一下…………」<01>,[],layout_only,2fdc5a5e7531b90840168b071977d95d4a081d9aa81f147ab25170d409770650,fb92c82ab45f9ba768bed4a4a073a03d7e54d445ac64779af9f918b899b87f99
pm:vm:photonmelodies11.rio.004:426952928:00112068:00506,cvm,【武】「嗯」<01>,[],layout_only,f6a82e62e4acfd98e4d66f5d8360e3e24e0450474b5f5ab19249cadd415fa1fd,9d374fad97947f1501515cf3ad3666a4f7f86a420e2e4183747d42e670b128df
pm:vm:photonmelodies11.rio.004:426952928:00112124:00507,cvm,【柏木】「我们觉得，最好先让你了解一下滑行步的基础」<01>,[],layout_only,0d67e82ebc55e11e69eea54845ebdc019cbb3359f11f49b1f72b674289aeaafe,f051507381434acc03f3bf39df159be46c3cc393de70db98109bc7962743c34a
pm:vm:photonmelodies11.rio.004:426952928:00112168:00508,cvm,【武】「…………滑行步？」<01>,[],layout_only,b8c6d6b4fc7749249831821f06c3848052e30dc3bd72244343114f90d99b9d21,0a1bf06a03ae938828eb90e61939c7c04307cb48f0217ae2e1e63d1996ff7499
pm:vm:photonmelodies11.rio.004:426952928:00112400:00509,cvm,【柏木】「对，你看大家去坐缆车的时候，<0A>都会这么做吧？」<01>,[],layout_only,6703f12a286515adffd2f7d40a5653b0d42c711ffc8db9b4841f8421c7755d51,9e0e0cc831682e117a6338f80f9784798151c3babb5794e6b6d10d4ef3e0c766
pm:vm:photonmelodies11.rio.004:426952928:00112580:00510,cvm,……………………。<01>,[],layout_only,efa30788584cfea7ade60ccc37d7fc6cda943e64935eb133252c341159e58e05,0b3d7aae4004dc9b91522cf9245f879b48b6a3b3d3c28ecbba043ba8207a6df9
pm:vm:photonmelodies11.rio.004:426952928:00112624:00511,cvm,是那个吗？用一只脚蹬地往前走的动作？<01>,[],layout_only,e799f19a2ee42f52316355ba31d5d9f899cbbf680b7c3cbd5080485969ddbac2,2b9835414b178bf1d237ed599bc768b0a7441b485637cabe325eaa2207f15b4a
pm:vm:photonmelodies11.rio.004:426952928:00112980:00512,cvm,【武】「喂喂，那种程度谁都会吧？」<01>,[],layout_only,af7ad84f9440e9ba9bdfa1a0bb0650486202adb42837663b774723bcd39936fa,381ada0a5884f6b78d6645af813ed1d505df9bac5adfeb9485f928bef727852f
pm:vm:photonmelodies11.rio.004:426952928:00113024:00513,cvm,滑雪的滑行步好像多少需要点技术，<0A>可单板不就只是用脚蹬地吗。<01>,[],layout_only,c18ddc8a8b4363ca00ba4ecb358a76d0859e1b8bf5af95a3bcac80ea317734f1,762da072dd7637e99010ee10bcb6fe47e0675f668b47404ee8e7046ff11dca5f
pm:vm:photonmelodies11.rio.004:426952928:00113256:00514,cvm,【柏木】「你真会的话，我们也省事啦」<01>,[],layout_only,697de83c0845e6220926553c5be19fd067e7f983aaef7fde472d89477540ff6c,c316c6323ba3122718b8629fae33f87a2c3a9edeb2d98c441150ec807ab0c370
pm:vm:photonmelodies11.rio.004:426952928:00113300:00515,cvm,【武】「真是的，就算我是初学者也不至于…………<0A>看，这样就行了吧！」<01>,[],layout_only,24e506b62a927402022d5df26fba73670378ebab1184e638d0c793a64a8fc4b9,96d575a33f7de81a90d0fb49ecb46e650de7f322a849b7b0abf26590c4e4ec07
pm:vm:photonmelodies11.rio.004:426952928:00113972:00516,cvm,【慧、柏木】「……………………」<01>,[],layout_only,3a4d0802994c37bf095e01196f4e7511331eaf3a71eba8a64baf00661affd56b,3c54584d306728efb6ada1b0dd0ec111e04b7d1630dfb9e755bd0867e995eb0d
pm:vm:photonmelodies11.rio.004:426952928:00114016:00517,cvm,【武】「怎么样？」<01>,[],layout_only,abb666133079fd882ceaccb04ec538d193d3438885e3aa11bcf18f7dd74a1568,5a4e2df235a22996d018bb82d510c6c8d98b9a5c8defd3f03b560d1addc6a2de
pm:vm:photonmelodies11.rio.004:426952928:00114380:00518,cvm,【慧】「这…………不就是在蹬地吗？」<01>,[],layout_only,86b9b81aac14a07df93ea6ae758edbd32f6e9ac9364c10dcaa9c5a19d7085221,ee069ecdc6c99b8ff8d5f6bf1c7ccfbd05fef7e4c36d1848582848ef2718bd72
pm:vm:photonmelodies11.rio.004:426952928:00114424:00519,cvm,【武】「喂！刚才特意想教我这个的不就是你吗！」<01>,[],layout_only,f5840e53695f9643bd720431e423736db6deabcfcc3633876d4226f4156ba500,470898db5cd3382d352fd4215cd3cbe3583b5dd27b534b987a60d159adda76f1
pm:vm:photonmelodies11.rio.004:426952928:00114656:00520,cvm,【柏木】「……………………这种东西，<0A>果然还是亲身体会学得更快吧」<01>,[],layout_only,931669d71db067dac516c2f0e72295feaabf0f5d33128bab0442f3339b1b9fa8,9b949db9eed78e5373f6c570e7150d83d1679fe1225dff5bdaaf23004fef2509
pm:vm:photonmelodies11.rio.004:426952928:00114888:00521,cvm,【慧】「…………是啊」<01>,[],layout_only,c2cfec9217167a64360deddc3bc0bd4299fe0536e79aa831c7070adb2d96f776,a24bb34599c2ae098fe2d736ea1f558dddf8ae9e0142e31fdcf91c564053dabb
pm:vm:photonmelodies11.rio.004:426952928:00115120:00522,cvm,【柏木】「这又不是社团训练…………算了，没关系！<0A>那么，白银同学，我们去上面吧，上面」<01>,[],layout_only,c910f30e8c1f71be1dddeb7217998a58fd067b7a5adea637ecdcfc402ae22802,b13ad0f4365fb06e0758c2d0d855a9ddb8caaf9309048ce4f402b24c4cedf872
pm:vm:photonmelodies11.rio.004:426952928:00115164:00523,cvm,【武】「好！这才对嘛！」<01>,[],layout_only,a6d8c66513304cc102ecd31554ce7fb2627d3c86b70574a140e6fa5ea162659b,3daafffcc84b2e48281d74f4a73a0daca7cf9f4a27f953c572ecd694ded1f440
pm:vm:photonmelodies11.rio.004:426952928:00115528:00524,cvm,【柏木】「那就，坐那边的缆车吧」<01>,[],layout_only,817b6d324a508806194ab4dcd7a72c918ce53964eda2ec8dcff9d60c1c937e8f,3be47319d834f9a6787d036adb4196f01b61e2cc37a60834f8822587ed76dfb5
pm:vm:photonmelodies11.rio.004:426952928:00115976:00525,cvm,坐缆车这事，还挺让人紧张的…………。<0A>明明只要走上前坐下，那一下却意外地难。<01>,[],layout_only,030fdf874775a30f3fa3c337949e694a100613c9b10430aeb9d5962e6efb859a,2886bf58582f3642da7006b9d88a846b45cbda1c38adb1a0f5068197310ac425
pm:vm:photonmelodies11.rio.004:426952928:00116156:00526,cvm,不过，也许因为那时我还是小孩吧…………，<0A>但也有成年人把缆车弄停过，太小看它可是会出丑的。<01>,[],layout_only,9f4f0eecc7629658aba5ef148413089a477d6dc78dfd2e10508976dae5d0019f,b3d8fd473a3a23f81205f3da08211fd2f194c1bdb03c4083f65d65449cc909d0
pm:vm:photonmelodies11.rio.004:426952928:00116336:00527,cvm,…………咦？<01>,[],layout_only,19d1cb002e54a997ca37022fca16c6f849ebdc4c2bd1b573249b89ab51a6515e,91af002d75c4d2fa3b8884f5fcab42bfd083a820e13d1282ffc8882c11fe3cdb
pm:vm:photonmelodies11.rio.004:426952928:00116516:00528,cvm,怎么总是和我想去的方向偏了一点…………。<01>,[],layout_only,b83544f627046cb1e6ebea617c27e54d6519857f54696796e695dde5696331ee,3ea846821b40d133e86ea54377768770fb1de9373c8b2dd501fdabb704b018c4
pm:vm:photonmelodies11.rio.004:426952928:00116696:00529,cvm,总而言之，跨越漫长岁月，如今再次挑战这样的缆车！！<01>,[],layout_only,7c3d3ff75cea733647f8b668bd75e90b0cd89199a5c4b23f4d7a464b34e91b2d,b8c0e20dd50ebdde9855f0f2fce94bc2ae1abaab370ed93fef296eb265c5a4c4
pm:vm:photonmelodies11.rio.004:426952928:00116876:00530,cvm,虽然不觉得自己会失败，但还是有点紧张…………。<01>,[],layout_only,6365df26cd65ad1ce085684075f9f71a6b7860a952a0e7980f6a7fe9b3517b16,29c911c62cce1d17fe4d4e795f5a4bddfc02a0075de16ec461088fe81367fb8b
pm:vm:photonmelodies11.rio.004:426952928:00117056:00531,cvm,…………嗯？<01>,[],layout_only,a9b02a85d30af3985ca06ef2794aca44c8a7179d66e5752913001f7be3fa086f,088e9845f98dc5e81daa50b064aad1429ca850093b3d3029b1da4b3d7f54ce65
pm:vm:photonmelodies11.rio.004:426952928:00117236:00532,cvm,细微控制好像有点难啊。<01>,[],layout_only,27a9c22d5d1f58c388a7735d7cd1e76a4823456b6ddf7257c94b7976cb012f5c,3fbd11579062ec924b05675001f4c60251c0262f1528dffcee95de4be98e9a7b
pm:vm:photonmelodies11.rio.004:426952928:00117280:00533,cvm,明明只是蹬地前进，却意外地难。<01>,[],layout_only,f142960b634fb93ecb5273764875548168be8ae12f7bba8be18b63383b52c39f,b89b6d22227bc14e24503f429d98b70239ff1783258c8a08830ee3282727c720
pm:vm:photonmelodies11.rio.004:426952928:00117324:00534,cvm,……………………咦？怎么…………<0A>有种似曾相识的感觉？<01>,[],layout_only,8eae395d237b52df43611f9586cb4623c67a879d5085a5321bb8d8d08c8ff99f,a2890ced3189bf91b0c26cde8bd63403a57051b4eedc825d6f2c3f132dab1a82
pm:vm:photonmelodies11.rio.004:426952928:00117368:00535,cvm,难道说滑行步这东西…………太小看的话也会出丑…………吗？<01>,[],layout_only,ffa634b2cd39cfc0d8c721787541bf2498a885e408920aa68c6b8dbff182f908,280e9ce7acb5ad9707ae5144c11deea84549591471e52dccdf52edaea57f3486
pm:vm:photonmelodies11.rio.004:426952928:00117880:00536,cvm,【武】「……………………」<01>,[],layout_only,770975bc8d76964cd0683d1a3ba2ec947971272f34819d29aa5c66d3964a88d7,6a17c608647a040376434d02fd50f1e4124a141fe417bdc98ba4d3f27bdee35c
pm:vm:photonmelodies11.rio.004:426952928:00118380:00537,cvm,【柏木】「怎么了，白银同学？」<01>,[],layout_only,0732514bcf369bcd3df30bb0d12a0e6c44516402a0273b17cf29ec8c20123d8c,71655e29fefbe0a22a7ef6b5bd536bdb4e1f81ecbe1911363cb2a37cbf5c929f
pm:vm:photonmelodies11.rio.004:426952928:00118424:00538,cvm,【武】「没、没什么…………」<01>,[],layout_only,5d362ebe08581af28384a9248aa447dc183deb4d1c75ee55a9ec9eceacf3b39f,b14f1d0b67feb64cb2f5f66dd90181d04ef4817936d7f49cf97e743262842cc6
pm:vm:photonmelodies11.rio.004:426952928:00118616:00539,cvm,【慧】「你的脸，通红哦？」<01>,[],layout_only,614e02e4c415d6dfda3001daf537ade3072e4e01867d30d185e257ef19d02d14,b47acdefff9f72fce6621b4c28d6467d696334645f4c61a5d0eb191d33c840c2
pm:vm:photonmelodies11.rio.004:426952928:00118660:00540,cvm,【武】「真、真的没什么」<01>,[],layout_only,a10a51cfe4e410286b2390f1b6faa8ae8058c9c94591e57fdb8936515b16d9ef,c4dd9da8e0a97e1eee42d06d040eaac14bbf66a10b121be5aaf14a90071d5cf1
pm:vm:photonmelodies11.rio.004:426952928:00118892:00541,cvm,【慧】「好了好了，不过是把缆车弄停了，<0A>别这么消沉」<01>,[],layout_only,8fc6ee33f6c36ee7cf752e2d459b57ab460eaa93401708ea9e361a474ff52e26,d37b919568798334643131bd2f16ab7bf520125b0509b277c1e3ab5716766d10
pm:vm:photonmelodies11.rio.004:426952928:00118936:00542,cvm,【武】「唔…………」<01>,[],layout_only,6cd68f4eaefb766453062426420ed615852b8bda32930c2017e4cbdefe913f4a,20c25a8ce85de194160fbee8b1a300918a79937b0af43ea39b0aa175c9acb596
pm:vm:photonmelodies11.rio.004:426952928:00119160:00543,cvm,……………………搞砸了。<01>,[],layout_only,1a93557a632468b7b1d0cdb065076daaf120831e39d757779c41562769ec8c53,cddc099288a3f66220b6df8098bcaf4bfba908bd19f108bd8a2c4f40cb669e96
pm:vm:photonmelodies11.rio.004:426952928:00119204:00544,cvm,从等候线向缆车前进的时候起，我就觉得有点不对劲。<01>,[],layout_only,8effdd3962c2c1c1ade2834262d11c65fd29a2387a90e51cefed33f882013d95,82394360fbff59961558fe86068f335a6687ba980e7d2216bbc8f79545105f11
pm:vm:photonmelodies11.rio.004:426952928:00119248:00545,cvm,让柏木和彩峰站在我两边也是没办法…………不，<0A>倒不如说，我还很感谢她们。<01>,[],layout_only,e4f043948dbd8e0d8501560e69ec7aaee8842d7a3bafdf31a4b49dd22af6d830,ab5eefbc20cf0a466a7a8563ddb73fefadd8935839d53792fccf3805d678c612
pm:vm:photonmelodies11.rio.004:426952928:00119292:00546,cvm,我甚至还庆幸这是四人座缆车。<01>,[],layout_only,fb2a6d47a295db9acdf781f0f0880217f2b91345d33f4510a10ae60ba209e2e9,00515bfee126c9e0517d472e523dd742e75e68a1963775be8e8168b48fdbcf25
pm:vm:photonmelodies11.rio.004:426952928:00119336:00547,cvm,可真正并排站好后，我的前进路线反而因此变窄了…………。<01>,[],layout_only,2b9795f270373fffbaedcfe988ac173e4ec6499a299b7661e0077dbb6e2fb272,134f8aa67bc01dbfa5c25275b345e1268fe61c0e43f0ab344b8017f8fd744255
pm:vm:photonmelodies11.rio.004:426952928:00119380:00548,cvm,我又做不好细微控制，只能碎步乱动，<0A>心里正想着「啊，这样也太难看了」，<0A>缆车就逼近眼前，慌乱之间……………………<01>,[],layout_only,cf51722374420ed17e3ca6eaeb9d119a38000ab5b6a745481a298a327a7909ca,34dfd3d3dc56113a5c5ed872088d00a611cb2d67fbc6309255052f8363b48716
pm:vm:photonmelodies11.rio.004:426952928:00119604:00549,cvm,【武】「呜嘎——！！」<01>,[],layout_only,6f8c3b5d82f958eb9305cc3dd14175982a0bd0f0f560973f2ff2617098a60ecd,ea9c8962c25d672461931bf672779e58580af0d6fd8e85dc68f8bf39ca55a35c
pm:vm:photonmelodies11.rio.004:426952928:00119988:00550,cvm,而且而且！！<01>,[],layout_only,74376ccb3ca1e8bb54862f3c6a3adf59877e14fa595e0ed5939e38b31d562f7b,9a760426bb50755dfa65c50b8d9c8862cbdb821ccf7a38097f94c4e655819c5e
pm:vm:photonmelodies11.rio.004:426952928:00120032:00551,cvm,下缆车的时候…………我还吓得拼命往后缩，对吧。<01>,[],layout_only,a5bcf2672511b72ca6acaba999cf10e958231102ff372037ac917ca2e51d76f1,3d1bc8dc7439b9b3d054c7d8af73a24359dbb9358c755ed9c73da8c0d8ca7380
pm:vm:photonmelodies11.rio.004:426952928:00120076:00552,cvm,无论谁来看，那肯定都是丢脸到极点的姿势！<01>,[],layout_only,fabd3594545527ea15f98a0d4387106e3cebf8f2b92636639945172f9fef3bd6,7ab1ea9f0d1d88e951d0012a821f132f24bdedf34be3819ac45f52b30efd7621
pm:vm:photonmelodies11.rio.004:426952928:00120120:00553,cvm,后面的女孩子们都笑了！不——才不是微笑，<0A>她们分明指着我哈哈大笑了！！<01>,[],layout_only,160e65a79ebb4f57ed343217fd853fbed1f504ebec8cff96532db72e2eec62a9,332dc1616f18f823b140d93e52c785d28a8b7feb05f2bcd2554247f476e2ab69
pm:vm:photonmelodies11.rio.004:426952928:00120164:00554,cvm,嘎呜——！<01>,[],layout_only,dfa87919424b900ee91dbccc4447d8fe1582a2a6579b332aabc50fb7d1ae8826,57b0c05da9b1f802c926a9705406595adb349d13a4a68365499624057c31c03a
pm:vm:photonmelodies11.rio.004:426952928:00120208:00555,cvm,刚才，她们先滑走时还瞥了我一眼…………<0A>脸上分明写着「那家伙真逊」！！<01>,[],layout_only,0ab5cc0714c6608364f633c74d599404a6daf1e8088de6f7ead0e7e5a940a671,30716e6978de1492f5b264babe5c00a4855c569c9ee5ee2ec95c20f37ecae033
pm:vm:photonmelodies11.rio.004:426952928:00120252:00556,cvm,呜啊啊啊！！！<01>,[],layout_only,6789ca879831099e10550fd200aaa380eaee76bca51d5f5fca60a8f55d72bb6e,343c9c413bab45b48baed3fb11baf7278f449bde066998f4624d01019350b77f
pm:vm:photonmelodies11.rio.004:426952928:00120752:00557,cvm,【柏木】「…………怎么了，白银同学？」<01>,[],layout_only,db5996def990f881f194a9bd6f3856f57119eec8084e89b3369557349a3bba28,0d5e4d7a47221fd6e30cad3e7203ebc27d0c5d3f483b2629dfc51c2816b3e2d1
pm:vm:photonmelodies11.rio.004:426952928:00120808:00558,cvm,【慧】「…………好了，白银，<0A>这又不是什么值得消沉的事」<01>,[],layout_only,f369492b1665c91c327b460939b465c750c131e6fb8f2d2cc07f835836c65953,21b94b884ee2f3b47a93d141e8d08fb13ef7f88da889370d6bddb55dd4642fa4
pm:vm:photonmelodies11.rio.004:426952928:00120988:00559,cvm,【武】「啊、嗯…………」<01>,[],layout_only,4a540fb4ea6d6ca53fdba362b011a6dc8291ca774c1e4b9940c886b06008860f,5c9358037563b1fd5a4a5e3769588fbdf2f0fe717f1f5d636a2b48c69e9bffe1
pm:vm:photonmelodies11.rio.004:426952928:00121032:00560,cvm,虽然只是安慰话，但听她这么说…………<01>,[],layout_only,484841e06e33182bb5532dc49599017f393705fcedecfbe81a54e68271825c6a,cdcc819c9c98b1179b605662915bdc698ef5e1316c5c269d6c2cd0e6c3ff8c6f
pm:vm:photonmelodies11.rio.004:426952928:00121264:00561,cvm,【慧】「没关系，白银本来就很逊」<01>,[],layout_only,632674074722a045271b8a79228953059ca1a47606c71a6410d6412657313a31,6db6de0b67a6daaf6272725c4c2dc609a2bc53f0fd959d99ae41c101102e6114
pm:vm:photonmelodies11.rio.004:426952928:00121404:00562,cvm,【武】「唔…………」<01>,[],layout_only,a62b4027a198c8dc8906b9b6ade27545e14f989679658a23a5179b806f689d4b,7edf5167fc167ed0866a653bb6e68e28af4d3dea93d96433a4d096eacf58770c
pm:vm:photonmelodies11.rio.004:426952928:00121768:00563,cvm,【柏木】「好了好了，我明白他的心情，<0A>说到这个份上就太可怜了」<01>,[],layout_only,f239c64f06936903c17900701c47a039be9dfe6046dbfed29b694c08cac20f84,bcec2cd9ab9aa7f3d949861da7b7c597f5c0d5a23e1e917bdc890de5139f78ae
pm:vm:photonmelodies11.rio.004:426952928:00121972:00564,cvm,【武】「柏木～，你真是个好人啊…………」<01>,[],layout_only,7a8884b52292ca2e7669fdf7a968044a64ec00cd3732179b9a182edf851d5486,bddbe9032fe8914c029b4e011c93edb924a5c8462af751474b539d6ad4583214
pm:vm:photonmelodies11.rio.004:426952928:00122236:00565,cvm,【柏木】「那种程度就觉得丢脸的话，<0A>接下来可撑不下去哦」<01>,[],layout_only,576e98e5f81916d899f5bcef8e95791897fff120be2a279fec9024823f93fa42,df946c6b9a78c7035dfdcd27a7e3916dd188e1bfd1bc86e8bdd3318ec095decb
pm:vm:photonmelodies11.rio.004:426952928:00122280:00566,cvm,……………………。<01>,[],layout_only,efa30788584cfea7ade60ccc37d7fc6cda943e64935eb133252c341159e58e05,0b3d7aae4004dc9b91522cf9245f879b48b6a3b3d3c28ecbba043ba8207a6df9
pm:vm:photonmelodies11.rio.004:426952928:00122324:00567,cvm,【武】「那个…………有那么难吗？」<01>,[],layout_only,b06bfff633244c6ddd1fcaeaa5cf2e384cf03b1626f78a7f49c45da5f4c089d6,4a88daaf66803a7395f3d3abc710e7e0b8b80e8ea3e03e84c979f4f615a167f9
pm:vm:photonmelodies11.rio.004:426952928:00122556:00568,cvm,【柏木】「不摔几跤可学不会呢」<01>,[],layout_only,efdd7da84c2de40e55c72d9d9fe03766c6221ff80569c8b16b4b150eef9d7838,5db04e59e22b407daff10528485ed7f4d6eba74ae027be2376595f2127ecd3e6
pm:vm:photonmelodies11.rio.004:426952928:00122612:00569,cvm,【慧】「那就，马上试试看吧…………」<01>,[],layout_only,67d7f6331b7412348f399bd4ff0160431c278192d6b644bc30c646eb937ec435,239c562d80d5a64d03e268292ad5399163887e583ee476127832c29d755a8818
pm:vm:photonmelodies11.rio.004:426952928:00123108:00570,cvm,【武】「咦…………？」<01>,[],layout_only,6f89339b2480107cbb5839c19f9f2232f49962fc19025bf7e2be3b170f1b1d68,cff1150ccd1e336776d839ebdd3abb90457d7f0dec81697b4a75a41c241c3081
pm:vm:photonmelodies11.rio.004:426952928:00123164:00571,cvm,【柏木】「啊！等、等一下，彩峰同学！！」<01>,[],layout_only,14fe84a7f474158c8275d33c445de1e8cbe54fe916be426e29c0ef806ffb0d2d,04678024a38ea8b9772ae09a39ac4da394172f7755f202e1374a9965ce954a5d
pm:vm:photonmelodies11.rio.004:426952928:00123304:00572,cvm,【武】「咦咦咦～～～！！！」<01>,[],layout_only,283fc9fee23c6cca65a11027e5a9ba69df9b93a8e5e3363aae8183229b9e7fc5,95f454eba3cf59c82f0b459d7d983aa0f26954ecf810baa3b51efb7ed963950b
pm:vm:photonmelodies11.rio.004:426952928:00124052:00573,cvm,【武】「——呜啊啊啊啊啊啊啊啊啊啊啊啊啊啊！！」<01>,[],layout_only,36cc794be45111a600f45bf7fb8e742f996e74f0cd45f80876d9623d9f5d83dd,88fc37650ea79dacaf16f08ed687c383a7c9f06bedc7404ff3a9e66f9afcae34
pm:vm:photonmelodies11.rio.004:426952928:00124520:00574,cvm,【武】「——噢噢噢噢噢噢噢噢噢噢噢噢噢噢噢！！」<01>,[],layout_only,8f0e983489e7f3e7746d6bf705a8bbfe077befccffa57cca827b5cdb85663302,a08867a66ab3c4bd8ce18d42e802793d1738de304184bcf523a672e949c625e2
pm:vm:photonmelodies11.rio.004:426952928:00124700:00575,cvm,【武】「——呀噢——————————————！！！」<01>,[],layout_only,6529d5aecba29ae1ae445083fec38c7dc356d47811c58ca0a93f15cfcf643b9c,23b9062401ee831f7733b25ed889146102bea1e28e00651b65e850a9fc55c6f5
pm:vm:photonmelodies11.rio.004:426952928:00124880:00576,cvm,【武】「——救救救救救命啊啊啊啊啊啊啊啊啊！！！」<01>,[],layout_only,4fb85dd6d998c6692298d4f3e7e102f85edf43baf4d5e4df844e9e39df648c1d,a5f6c8e7e25e629d18f3146c1d2a85645e92ad392c394f92d72442720ecd0b27
pm:vm:photonmelodies11.rio.004:426952928:00125692:00577,cvm,发…………发生了…………什么…………？<01>,[],layout_only,fd820205864fb287e98eb702131cddfd99a224d7b3bda180fa266313c7160f7b,48103967b195e3dafb40a5d3978f7f9a7c9c3a76d5c4913dc9ea56e5f33424aa
pm:vm:photonmelodies11.rio.004:426952928:00125748:00578,cvm,【柏木】「白银同学，白银同学！！」<01>,[],layout_only,1d3e32616fd9d41e1546101262837ce0e99ce0045df5b9cef3469ca6e8807eee,6dd4daad94a21ead03cdcd4a08747156490ef16ad17d9285cea3b0dc341fc32c
pm:vm:photonmelodies11.rio.004:426952928:00126260:00579,cvm,【武】「…………哟，柏木」<01>,[],layout_only,e20b256c21daa1f37d4ce1a2118b99c8f0f507f9fd660d236c31426d24e541df,34c2ad670fb48c24ec6b112841ed8ac52d27832282b709e199e9a31943df7c9d
pm:vm:photonmelodies11.rio.004:426952928:00126572:00580,cvm,【柏木】「你、你没事吧？」<01>,[],layout_only,390fd2fc7f7f75d482109cc4c946297df4e1d9a004046e480104b0b1736e4188,8a8ef9c118a71f52f5dcddc67581cdbcfab17d2539ae32ac78f44128df547a56
pm:vm:photonmelodies11.rio.004:426952928:00126616:00581,cvm,【武】「……………………大概吧。<0A>虽然不知道为什么倒栽着…………」<01>,[],layout_only,66c9a7bc4a70669f7c0f63ecb053f9acb0c8c7d6f217dc8e8105f22dd8a02ded,5f4a7299b0c5253b00d6344558a35b179a3825c44180734555dfb2f2fe747cf3
pm:vm:photonmelodies11.rio.004:426952928:00126672:00582,cvm,【柏木】「等一下！彩峰同学，来帮忙啊～」<01>,[],layout_only,a623de66b5e79b8aacf2f177178c08a1711f8d15ddccde17db25ef35045f8b27,83c9ee0ab8440a9c46dffdc98dcf70a9c314564ac60be3897882961a3018b1d1
pm:vm:photonmelodies11.rio.004:426952928:00126984:00583,cvm,【慧】「不要！」<01>,[],layout_only,b8dd801d6c9e90a7a3b8199e9fb38f51c2814242e367cf98ede19d3b8223a322,0bfac467bc8517feeb919ec3f58dac77322b0f5d0d3a1312384c180e2c41b5c2
pm:vm:photonmelodies11.rio.004:426952928:00127028:00584,cvm,【武】「你这家伙…………竟敢把我推下去…………」<01>,[],layout_only,6ebd5f6450abdf36add5edf22b8087e0cbae64a2adc634d0579576b4b437acd0,bee62cfe190a147f1032dd8ce6e1a5388620fd8295210e04a91a1913768d974c
pm:vm:photonmelodies11.rio.004:426952928:00127340:00585,cvm,【慧】「白银，很擅长临场发挥呢」<01>,[],layout_only,39ae5e369b0488700fc9b912752ba7560e23383343bcf0c952c74a3527c436b1,0bff661f92d060a0cadf9f9e42216468ff1cbf2fb91a30101b8c70e637f176b9
pm:vm:photonmelodies11.rio.004:426952928:00127384:00586,cvm,【武】「啊？」<01>,[],layout_only,08743f21d7cb61c34038c0988a94f6437467f1cf88804eb5daba03fea0f001ff,b55249e3c0ee06935938d08a2f8a65d886e446dd4c309f96d3566d3e47b2f343
pm:vm:photonmelodies11.rio.004:426952928:00127696:00587,cvm,【慧】「本来以为你马上就会摔倒…………<0A>对你刮目相看了，挺帅的」<01>,[],layout_only,cf416bed6ca57e250468d2ce1b4b6caee6c58d20183dddabb2d29d811439bf5c,19c4dc99618cd609cf8beccfd7a9f9d63486810d3822c4a1b6169984b1f21222
pm:vm:photonmelodies11.rio.004:426952928:00127740:00588,cvm,【武】「一点也高兴不起来～～…………」<01>,[],layout_only,f2269bf80951fdce1717dcf15d4b4255798a76182c5f713dc0ba6169efd1651e,a38c56ca4110cad2aa440d90d10757efc9fa5d59dc01a0480193d269a149f35c
pm:vm:photonmelodies11.rio.004:426952928:00127976:00589,cvm,【柏木】「来…………一、二！」<01>,[],layout_only,cbbb9458e02862fd4bdad9c011217416a5c64dbc894528379872e8f9c4e9f62c,f52840d82c0855afbfa8f01f1192dde2052decf7fe23336e2497539d9d531200
pm:vm:photonmelodies11.rio.004:426952928:00129356:00590,cvm,【柏木】「嘿咻！」<01>,[],layout_only,fde713814af7401a7fe109bbc16b73a679d7a24a78934f2c7101f055140d03f7,b01e7f85d8261c0e9831d567e5c0fad22b38a68e4754fa9c543fc322f8b02441
pm:vm:photonmelodies11.rio.004:426952928:00129448:00591,cvm,【武】「得救了……………………」<01>,[],layout_only,25368ea54b9574bfa51fbc739dddcead751038ba047e3c2b5561667c81717602,591b532bc6e746cb21f120c980a682b35563a09908e38e8f31e98b5d8f5fd288
pm:vm:photonmelodies11.rio.004:426952928:00129948:00592,cvm,【柏木】「对不起，真的没事吗？<0A>你身上全是雪…………」<01>,[],layout_only,7071a6b88e16bee70585615cee2d808edfcb65e102d213442229d3f630534138,c3285bfc5330c91a1f9e9f5a2351cdce85994ce4fba15db045fd8d1a18e461e0
pm:vm:photonmelodies11.rio.004:426952928:00130556:00593,cvm,【武】「柏木～，你真是个好人啊…………」<01>,[],layout_only,7a8884b52292ca2e7669fdf7a968044a64ec00cd3732179b9a182edf851d5486,3e81c212dea3a5eafd25e824304d065caecfb2ce61548334def74beca0035765
pm:vm:photonmelodies11.rio.004:426952928:00130868:00594,cvm,【柏木】「是吗？谢谢」<01>,[],layout_only,f5fa99c8b4a8f5c9f6cd915c3130a0e4155ab4c33c3cb547189141b3ddb7f38d,53c98743eca76fa6035372134444cd7ba872161b4bb13dc76e0c62a484967a60
pm:vm:photonmelodies11.rio.004:426952928:00130912:00595,cvm,相比之下…………<01>,[],layout_only,cbc87449d0b1ac51897a82fb644092f2c730866797b7d6267132d69e952f31b4,041f8607b695d3c8a33256aaf551dfb8c6230594c6118f02f295ad8df590b389
pm:vm:photonmelodies11.rio.004:426952928:00131092:00596,cvm,【武】「彩峰，你该不会是想杀了我吧？」<01>,[],layout_only,4e88f3639425b21a0f8245c8a6902d1ef70a8dcb8362863ab619b3c490f8c23d,bf3d3546db557e8f4251b632179b12004df8cdfcaf74fcc7ce616202983cdbda
pm:vm:photonmelodies11.rio.004:426952928:00131536:00597,cvm,【慧】「摇摇摇…………」<01>,[],layout_only,a56b71f23e828a586795b500f125ea96b4e31b17c78f939cb32ab681b15bee7c,e21fdfd1c8a0fcfdeb9da3af0f19edaf296678d48003813aaf9242a548ab41d3
pm:vm:photonmelodies11.rio.004:426952928:00131580:00598,cvm,【武】「…………真是服了你…………」<01>,[],layout_only,cd5e0d120b1e92cb006d018ce1ca719ba0198ca1001f5c999554bb3f85927d58,6c1f242cbdcc1b4128f25ba4ebb8ea49e9751e4247de817276f6ad5fbc2ad5c2
pm:vm:photonmelodies11.rio.004:426952928:00132148:00599,cvm,【柏木】「那、那么…………重新打起精神，<0A>开始练习吧？」<01>,[],layout_only,84ea76c1f517c2f01fe0c4d13f0227e14574df7ba6272035e9d14364009d2074,dc241d792897e51490a9ee6359ff2ab2f92cfba297bdea596dd503b7465741db
pm:vm:photonmelodies11.rio.004:426952928:00132192:00600,cvm,【武】「…………也是，一直这样也没用」<01>,[],layout_only,56858577edb893c017496696af1fed01218235ea6049a9b697641aca6e2b56d8,77f7f496bb37270b61548a3bbac0438a507fdcc4d67a0cbcbd3aa27c58fcbc82
pm:vm:photonmelodies11.rio.004:426952928:00132760:00601,cvm,【慧】「完全同意」<01>,[],layout_only,c6ba5f1eb5345ebb1a1027b3697585890e644fc9d601de5072c623250c013124,97bfe5f8552435f2b036577a3976619146bd2e9da7f95a7da6c9449039cbbd98
pm:vm:photonmelodies11.rio.004:426952928:00133060:00602,cvm,【武】「唯独不想被你这么说！」<01>,[],layout_only,d815d39b77bfc91b8fa51aa9bc793a3611ae43c204008adc5cc44ebb0dce193a,03968fc19ddbf0fb9810629eb7def9f05e33859fe1faa07933e534277a9b60bc
pm:vm:photonmelodies11.rio.004:426952928:00133852:00603,cvm,【柏木】「…………所以说，觉得情况不妙的时候，<0A>最好先主动摔倒」<01>,[],layout_only,540317034e40efcfe4dacda37e59e0ae765043244a77c4d5476fe61354d225e5,bce30c2f638c44982ce6adc59478621322726c46a9be41a0b84230f4121537cb
pm:vm:photonmelodies11.rio.004:426952928:00133908:00604,cvm,【慧】「没错没错」<01>,[],layout_only,13e6451d6eb46cb1645e1a04b153ffcc418d2cf28ba09e6ade50815623be9057,bcb6ae430a153714ded0daea4cc1c131802ca016c10de6d0d722540096f2fa34
pm:vm:photonmelodies11.rio.004:426952928:00133952:00605,cvm,【武】「我会努力」<01>,[],layout_only,489fa8b7e8789062f7b931981d28a302c177211bd98a0c6897ff24d929a8776c,5b6a77e2e56126d2a352bdc649496d7c3402ae615d903b183f3c516b7b3f7493
pm:vm:photonmelodies11.rio.004:426952928:00134008:00606,cvm,【柏木】「摔倒的方法就按刚才教你的来。<0A>听说有不少人会撞到头丧命，所以一定要小心哦」<01>,[],layout_only,9aa0745f2e94e6a9db6884bbc02d50932523532b2429af8d61633964d383bb33,b8065e295465d3647ba8a8c91d90ee77f71528c0e6781a310767a958875fdfa6
pm:vm:photonmelodies11.rio.004:426952928:00134064:00607,cvm,【慧】「没错没错」<01>,[],layout_only,13e6451d6eb46cb1645e1a04b153ffcc418d2cf28ba09e6ade50815623be9057,bcb6ae430a153714ded0daea4cc1c131802ca016c10de6d0d722540096f2fa34
pm:vm:photonmelodies11.rio.004:426952928:00134108:00608,cvm,【武】「我…………我会努力」<01>,[],layout_only,952f5ded9fd5a39c6fb4bc15f164a39161870a64935d3f56cf5cc224378db4f8,32c32a68715ad144f501579d96e1f63000ed1d6c731babe80cd31da413c22d1d
pm:vm:photonmelodies11.rio.004:426952928:00134152:00609,cvm,你为什么总能带着那种笑容，<0A>若无其事地说出这么可怕的话啊…………。<01>,[],layout_only,773cd6e44be63ab4af9ba9885447ed2c27497bece08105ee9f0b905639b1a4f0,272ff2fbe0d17283389ffb4e33e0a4bc9e4b948014a732d56b2b8ba65c78d3b5
pm:vm:photonmelodies11.rio.004:426952928:00134384:00610,cvm,【柏木】「其实我也不太清楚应该按什么顺序学，<0A>不过我自己的话，是在学会停下之前先学会前进的」<01>,[],layout_only,9b904050512dd56d08bf436e548cf66553fbd7833a4253244c2b8392e6de7ba1,4a78230fa1868252ac33bd985eed24fb5337e641d0bd276208fab25696e10002
pm:vm:photonmelodies11.rio.004:426952928:00134616:00611,cvm,【慧】「没错没错」<01>,[],layout_only,13e6451d6eb46cb1645e1a04b153ffcc418d2cf28ba09e6ade50815623be9057,bcb6ae430a153714ded0daea4cc1c131802ca016c10de6d0d722540096f2fa34
pm:vm:photonmelodies11.rio.004:426952928:00134660:00612,cvm,【武】「我更不知道哪种学法比较好，<0A>这方面就交给你了」<01>,[],layout_only,f3f2762b28a2c2d1e0b4604a582cd712b99c7006101bd7aae48927ef11338f21,ae3ec57d1a5eabfa8e26758ea58a59dcb36e303e4c8c6b9a01f316ad68d982fd
pm:vm:photonmelodies11.rio.004:426952928:00134892:00613,cvm,【柏木】「等你慢慢有了更高的要求，<0A>开始想不靠摔倒也能停下来，<0A>到时再努力就好啦」<01>,[],layout_only,397868e56e3ff3d9753eda6294f0357b545a66359ea727bcd64c7cdc5a0b85bb,e1e041a163e0e86b03f32d2e55a72c6aef85a7c82baccddd22a5d07c669dffb4
pm:vm:photonmelodies11.rio.004:426952928:00135124:00614,cvm,【慧】「没错没错」<01>,[],layout_only,13e6451d6eb46cb1645e1a04b153ffcc418d2cf28ba09e6ade50815623be9057,bcb6ae430a153714ded0daea4cc1c131802ca016c10de6d0d722540096f2fa34
pm:vm:photonmelodies11.rio.004:426952928:00135344:00615,cvm,【武】「明白了…………彩峰，<0A>你一直在随口应付吧？」<01>,[],layout_only,b633645f693e1d2710f2e2f92881d7cb5d21e51371094833067d3a5b707b95d4,849d8a514f020774e245aea9ceae4644b8c969fc463cbaf5c669378386919418
pm:vm:photonmelodies11.rio.004:426952928:00135576:00616,cvm,【慧】「没错没…………」<01>,[],layout_only,4d5abec3506245e476fe4f5f82db4019933e62b4332b0fdc509ef341af674f19,97c0dd819e5c2486028728292e2c897d92f822f9712be9983f6da7d959d23ed3
pm:vm:photonmelodies11.rio.004:426952928:00135796:00617,cvm,【武】「真是的…………」<01>,[],layout_only,3bbecb65e517e7a90623b89a8570b0391b4d3d20b977ca8a5fd180b74051b62d,2c052573d900f90171f87a0f2d5df3fdf6a0d62d05ca7292b982f431407ec8ca
pm:vm:photonmelodies11.rio.004:426952928:00136160:00618,cvm,【慧】「刚才是开玩笑。像白银这样的人，<0A>总之还是先把架势摆足比较好。<0A>那样也更能提起干劲」<01>,[],layout_only,fb50a69108849ff69668bef766d503def47e6e1786aea2ee271b2ce696113976,f107ad50ed204748677e3c326f765ce38aa4b616d9f65f1dd208aac8f89a28da
pm:vm:photonmelodies11.rio.004:426952928:00136380:00619,cvm,【武】「…………哦？这话说得还挺正经嘛，难得」<01>,[],layout_only,43f2b97d3b769483b6b19315701985f156bbdfef0c071c53bf8c8a49c87b6cf2,1a5abfc83608a716ee6e6978a19d1ec900a6815c1a828f8db77f34b2a40ed564
pm:vm:photonmelodies11.rio.004:426952928:00136612:00620,cvm,【慧】「不过先把架势摆足的话，<0A>干劲也会消得很快就是了」<01>,[],layout_only,f327754295d84d71f2580dfebd35b5b37b12111a016b0903f696f06e28df029b,5774bc729c54094c3ea6db7ead9207387c791e6178f3aa9cdd6d9cee4d0dab30
pm:vm:photonmelodies11.rio.004:426952928:00136832:00621,cvm,【武】「你怎么什么事都非要准备个包袱啊，<0A>真是的～」<01>,[],layout_only,d1276dac6948b88f672c2cc338d74ce16c1ae16a0bc22b84ce8fe29b65a579dd,f8b371e046ec8803835c05279435fc66cb478de01906953650086bbf8ba7e498
pm:vm:photonmelodies11.rio.004:426952928:00137064:00622,cvm,【慧】「我可没准备。<0A>是白银自己摔出来的包袱」<01>,[],layout_only,9164be9c7dbeb3ffad5db2a20a2b5a5f373e91b768075e8e393dcee3970afe56,758ab46b758f1576972ff0833eefd77a6a24dc951292f57ec70490c254d1e76d
pm:vm:photonmelodies11.rio.004:426952928:00137284:00623,cvm,……………………是是是，这件事我已经充分反省了。<01>,[],layout_only,f789fba10c2b4bc38a4666367180b59703efbde25e5f03503ee7ef440ba1d16d,03f6541c80e226ced78c680828c49777fce9ce54548ff3cd1c7950cf3b07ca32
pm:vm:photonmelodies11.rio.004:426952928:00137504:00624,cvm,我的确得意忘形，轻视了滑行步，<0A>结果出了丑，还大受打击。<01>,[],layout_only,a242047dd5ee12ef78b384064e04773225baeeac53aec27630e5aa7018343cd1,00ebcb6a273bfbfd8c194cfc8132bbd58efcdfe862fa6f19f0e6c808d16931fc
pm:vm:photonmelodies11.rio.004:426952928:00137548:00625,cvm,甚至有那么一会儿，<0A>我都觉得算了，爱怎么样怎么样吧。<01>,[],layout_only,9f8892153f9acbfb4d022c4650b7e6322ee7c3eb1ff7c0e57f289a2d6524c9a9,77f5ee2d7f7132b1ac82ae8ce87242d4fc77219e93c0c9a65d7da7ca16ad04a5
pm:vm:photonmelodies11.rio.004:426952928:00137768:00626,cvm,可是你啊，当时你把我推下去<0A>也是其中一个重要原因……………………<0A>等等，难道那是…………你自己的指导方式吗？<01>,[],layout_only,481397351d54f2e72ded10497b4efb0d00daff062b51fff99bce6add156b132e,1ce3378fbabc6f92294a5ba3fce27331a570bb3027de933687bc8c6660014913
pm:vm:photonmelodies11.rio.004:426952928:00137812:00627,cvm,虽然根本没给我选择的余地，但我确实滑起来了…………对吧。<0A>这是通过积累小小的成功体验来激发干劲吗？<01>,[],layout_only,beb78a3343507e6e415252b5ef90f9d529454f5785f49ebeee3698f14bf16ae9,d496b8ea830fce4f6e6ca2d3a2473b66e5490c05ac6c01cec918dacd72612f8c
pm:vm:photonmelodies11.rio.004:426952928:00137856:00628,cvm,【武】「……………………」<01>,[],layout_only,770975bc8d76964cd0683d1a3ba2ec947971272f34819d29aa5c66d3964a88d7,6a17c608647a040376434d02fd50f1e4124a141fe417bdc98ba4d3f27bdee35c
pm:vm:photonmelodies11.rio.004:426952928:00138180:00629,cvm,【慧】「……………………」<01>,[],layout_only,06bd3f7883ae880e1d2e23be206ad1ba874b905e38ce2b8f596153a282542865,e988c43f59a998e81ed9678a9edebfd9d31a258124764e3d6e90dfc3b2f409c4
pm:vm:photonmelodies11.rio.004:426952928:00138360:00630,cvm,…………不会吧，怎么可能。<01>,[],layout_only,5485d05410be131e3b0ab5a84ea0640e9b2a8e5c3566b823c9d576573a018301,7328f8b4b5852a2e2ec9b5d6a504136607ac235a9031cdafb9c5401502f9f662
pm:vm:photonmelodies11.rio.004:426952928:00138580:00631,cvm,【武】「…………啊？」<01>,[],layout_only,81064aeb3e41be3e444bbb2a926b21c20ae366dece0a033ca51f6e23b4e6357e,d2aa39dc20833b9710723f980d8ed7c50aa04b589071aca2fde0a173bf7765b8
pm:vm:photonmelodies11.rio.004:426952928:00138812:00632,cvm,【慧】「别在这种地方一直盯着我看」<01>,[],layout_only,dd7385f1575ca766a1a77dcb2eaaa8d3ec73495e8c357db005d89ae6be87b14b,b88351882c26a9909f538b0cee2b0f05680d2400150de4e41671272d809be0c6
pm:vm:photonmelodies11.rio.004:426952928:00139032:00633,cvm,【武】「我说你啊」<01>,[],layout_only,194065f0b11a5778b25f5b27a46e4098859d9af45ddc4db0eb01977b48a59011,5fc77769b03082e4d0f94d5737f6e8558359792da0313029d85a0c33d8b43d01
pm:vm:photonmelodies11.rio.004:426952928:00139264:00634,cvm,【慧】「想让我回忆起昨晚的事？」<01>,[],layout_only,0e1eb0596e98e878d0b2fdee063344db512095802bd925edb95b06fd2005fb07,308976ff8c7ee904fce76ced880078d01211f7a64f1bb86a0b6daaafe1214128
pm:vm:photonmelodies11.rio.004:426952928:00139484:00635,cvm,【武】「——等一下！你、你在胡说八道些什么！！」<01>,[],layout_only,ae3b4d7c029acf24551b555a67bf71b8e4c5b8d7bd8416353ff8f97167e217d9,11b72c823f4c59e1e8752a32ec5318ab3deeba0f9ded87d51819fc482d69bd4d
pm:vm:photonmelodies11.rio.004:426952928:00139664:00636,cvm,【武】「柏、柏木！根本没有那种事！！」<01>,[],layout_only,4dbe773bd0517d2bc2792495607c9255ddb7f5f529f8954a3f843f55ccc699e6,7086a6deaade51f3181352621c1899b975a88bad56a784dcbcdc190d1859f129
pm:vm:photonmelodies11.rio.004:426952928:00139896:00637,cvm,【柏木】「白、白银同学…………」<01>,[],layout_only,fa55767bbfe5df9b7c4529c092d902c9f8a85f4c392c916b130b8a1a3be661c8,3084d6e5b33f92540e892220a8db9ca9160f409875bcb3e37b63a6b58a6320ba
pm:vm:photonmelodies11.rio.004:426952928:00139940:00638,cvm,【武】「不是，所以说啊？」<01>,[],layout_only,1f0eaa906251a51f5e09825619a4b7ba49f920af3ec37c85c917b73f3ce1a257,7197c8f47a7f66fb2d3f5d4ca25f58c5e66d2d997bdd9637427c02c5e3feb1df
pm:vm:photonmelodies11.rio.004:426952928:00140172:00639,cvm,【柏木】「你打算抛弃我吗！？」<01>,[],layout_only,6c3f88b85663f9654538a45d2bbf83a9d944ffcd6605933531bb4e6bcdb7c585,76fdfb22d415f398aa05deab005628d2754c03140b73f1cce570b76d2261de88
pm:vm:photonmelodies11.rio.004:426952928:00140324:00640,cvm,【武】「哈啊啊啊啊？？？」<01>,[],layout_only,641dd6a5f4f509a9e0fc75ba57dab9e70bab1911c9aef171235ecb12970826e5,e4bacbd3a21b92bec26feafc878a2a6a59a7d0053127f06323d98660308266dd
pm:vm:photonmelodies11.rio.004:426952928:00140688:00641,cvm,【柏木】「啊哈哈哈哈…………开玩笑，开玩笑啦！」<01>,[],layout_only,e746623801e377f9dc2d1112ab27b9d44a8fdf421e4dd4e63ecf6eae5f58ae45,ebece9bda84c03d06e84f8a639c830a55a5eb93bb9e961ce6b97c529c27f3015
pm:vm:photonmelodies11.rio.004:426952928:00140732:00642,cvm,【武】「——当然是在开玩笑！」<01>,[],layout_only,6811795e86591bf787dd7bc3a7cb9934f66f3ffc12516ed7af97c465df1faee7,7a2596cf3bf860d7a87273976a77df6e7bfbbdc0f0261e4770d916c39c559550
pm:vm:photonmelodies11.rio.004:426952928:00141100:00643,cvm,【柏木】「真是的，白银同学每次面对彩峰同学，<0A>都只有被她耍得团团转的份呢」<01>,[],layout_only,68abc4af70a8d773fb3e39e0f2143d0590ad8881019a8c6e82622a8a806867b9,d16d3391bcab8a7f45b42a8b0278a2c90d8c4fcd31afe599084935866ae522cc
pm:vm:photonmelodies11.rio.004:426952928:00141144:00644,cvm,【武】「嗯啊？」<01>,[],layout_only,793312e0aa86961a5097ee98e56462d963b2684a8d5290d8e22600baaf07c15f,ad38091887286334bfce4474d3c14385c3ec57313218b6fc46953d1c30996424
pm:vm:photonmelodies11.rio.004:426952928:00141508:00645,cvm,【柏木】「面对鉴同学和榊同学时明明强势得多，<0A>看着真的很有意思呢～」<01>,[],layout_only,ff10275552eacb38c5ad5c74c2c49790b6a931311ad91cc4334efc4d6730fbe7,0ccaf9538597081615c9edaf46ddcae8fd34a17125c01a5e2e48a0129b2de74b
pm:vm:photonmelodies11.rio.004:426952928:00141552:00646,cvm,【武】「你啊…………」<01>,[],layout_only,432bae0bd9f46fb225bf5d5af538144f25dc714f7e3bfa31da69245192297c53,f084768363c0e163573f20f057a59883cc6fc64b9b67e2089187cb7d88c6e63b
pm:vm:photonmelodies11.rio.004:426952928:00141784:00647,cvm,【柏木】「面对铠衣同学和珠濑同学时<0A>又有点不一样，对御剑同学和社同学时也不一样呢…………<0A>真的，白银同学让人怎么看都不会腻」<01>,[],layout_only,13458bb5ba6eb48d2839a8ad5adcb306840dc858d76f7dcd902cc80657d7d73a,c8314b9073bb09b3ef849bb7c9eb38ac9db5d295b80926a6b68d0b06f144ed9b
pm:vm:photonmelodies11.rio.004:426952928:00141828:00648,cvm,【武】「就算这样，怎么连你也——」<01>,[],layout_only,675cfdb0649ffbac47af4ba1fbe4b60fad500160355355325381aac7b499d4cc,02579b66993939c9d294ed4e1d562aae110becbbf2dc87ce852e2f6f7efc07b0
pm:vm:photonmelodies11.rio.004:426952928:00142060:00649,cvm,【柏木】「抱歉抱歉，我只是有点好奇，<0A>自己在白银同学心里算是哪一类呢～仅此而已」<01>,[],layout_only,6b0fc5f317efd72435b8182491792bd92c401808893733d8bdc8f8da29ba2ddb,612c05f3d4b065d973306dba3b6f195f7c9588900c094f9163b1b19ccc645959
pm:vm:photonmelodies11.rio.004:426952928:00142104:00650,cvm,…………咦？<01>,[],layout_only,94310536c29e16128f7fab518cbd098e6c7345509b5da2a20d51dd845b4fd124,276359225c55d915620932500686d990190e6c3327bfd142e050e4dceda8787b
pm:vm:photonmelodies11.rio.004:426952928:00142336:00651,cvm,【柏木】「好啦～，那么，马上试着滑一次吧。<0A>我先到下面一点的地方，你朝着我滑过来试试！」<01>,[],layout_only,f635ae8dad900dc2dd56232309991a2896134de02e4145934a57533015591543,892481bd5d18398528d6cf2806a024350bd6a7b6e3c4f94f9d5bc7789fb3eaa3
pm:vm:photonmelodies11.rio.004:426952928:00142380:00652,cvm,【武】「啊、嗯…………」<01>,[],layout_only,4a540fb4ea6d6ca53fdba362b011a6dc8291ca774c1e4b9940c886b06008860f,a21315735c9623421acd30514f03c3f61a3f3f2b426328d8072f9e6155bd27de
pm:vm:photonmelodies11.rio.004:426952928:00142692:00653,cvm,【武】「……………………」<01>,[],layout_only,770975bc8d76964cd0683d1a3ba2ec947971272f34819d29aa5c66d3964a88d7,6a17c608647a040376434d02fd50f1e4124a141fe417bdc98ba4d3f27bdee35c
pm:vm:photonmelodies11.rio.004:426952928:00142736:00654,cvm,柏木刚才那句话是什么意思？<01>,[],layout_only,e14c1abb9bb09b7e945b58a4c354e8607438582388d497e0bc5f3dbed32f9a91,b12cb5bfc34a5aee1d434e093637c20a1866f45aa821454d456103481c4675a8
pm:vm:photonmelodies11.rio.004:426952928:00142792:00655,cvm,【慧】「…………净想些多余的事，可是会摔倒的哦？」<01>,[],layout_only,ff8690e017b1344ac65263453dc364839fa4439c82d3bc8e739b8971ab4faa02,456805338f40a920d3b565f523ff2681817438eb1c9e7581c5fa114898c970fb
pm:vm:photonmelodies11.rio.004:426952928:00142972:00656,cvm,【武】「嗯？啊，也是…………」<01>,[],layout_only,7019cb51dcc1f3bc9ac939c5bc99f20cda5e2213f16d01dcb0db4eba19d2724b,79f769d6ab6c4d340db218d552e81c6dd6738ab00b5bffbb7552adfb7ddc45d6
pm:vm:photonmelodies11.rio.004:426952928:00143340:00657,cvm,【慧】「总之，尽管一头扑进柏木胸口去吧。<0A>…………不过我的更大就是了」<01>,[],layout_only,fb500da259679e13bfc56aa4fc8e7a44c70e644a5119b9dd77fb935fa76f2087,97a0fec316c2dbd05409bd8fddbc4e8a7fb9530080a187c5f5b61447e40036da
pm:vm:photonmelodies11.rio.004:426952928:00143864:00658,cvm,我不会再上这套了。<0A>坏就坏在她每次这么说，我都会接她的话茬。<01>,[],layout_only,734f37c24d83c8ae871d6e576dc43418806c3b194236734c9a66be23269c9918,0593f9f7c740f652d73916be1a24e9cdeff8ae6a418bd0cb3c5be9d5925718fa
pm:vm:photonmelodies11.rio.004:426952928:00144408:00659,cvm,【武】「好好——」<01>,[],layout_only,01efb13bba73604333b30f114d5b748d0f185fad06e1f69b8acee8982c92ba09,95509e314d2b6b95f0d78ab8ba789fa67d333627e4e18d9d83ec77f6131185d7
pm:vm:photonmelodies11.rio.004:426952928:00144776:00660,cvm,【慧】「啊」<0A>【武】「——咦？」<01>,[],layout_only,fddabc0f1ffac4403434951e5447a28e59b7e4998e1c1ef7d6ac2f35b1c7b814,a72d5d25eb1d53da8dc877f83578f72bf9eb804cdac1b18803145c738a1c39de
pm:vm:photonmelodies11.rio.004:426952928:00144968:00661,cvm,【慧】「啊…………」<01>,[],layout_only,ca28ba33bcfe8097a8ff29a608500010414c4fd00c70f3df253eb840b4e4ad57,265720f305cf224214fd030c909158528a2986ef79e7d706552e0a8fc21251b1
pm:vm:photonmelodies11.rio.004:426952928:00145056:00662,cvm,【武】「——呜啊啊啊啊！！」<01>,[],layout_only,0536b7a9a4f105e96d41bb4ea764a472d9441cffac7b03e614be2f005eb739bf,8aadf95731b95aa43338b4a48b86aa82041969d7969047dcc01a70a456ae1589
pm:vm:photonmelodies11.rio.004:426952928:00145520:00663,cvm,【武】「——彩峰你这混蛋～～！！」<01>,[],layout_only,d611076949fd84bd0c1f4a64db7a01bde21293f9ba2c5ae19eaca54919659d72,8c03b4d897f622abc068824bedffcefb6dbe103d93d0f74c489710a64ebb878f
pm:vm:photonmelodies11.rio.004:426952928:00145564:00664,cvm,——“啊”什么“啊”！！<0A>——你竟然又把我推下来了啊啊啊啊啊！！！<01>,[],layout_only,7779a9825e370d9badce938a19d44f1d726e73b28d16235efa693ddf44ba56e0,9dc91407d88dd38b8824a4ce033156974988c3190c100bbbdad94f69d0c3be28
pm:vm:photonmelodies11.rio.004:426952928:00145620:00665,cvm,【柏木】「——哇！白、白银同学！！！」<01>,[],layout_only,3c2c94e5d6ce86bc0622ce66a2fe15091f49947cf838c3d2d7fff714354ce88f,791ff4d3f3ce8d4d0b744e8fd0241c05b02490ca7c8d74382551fd3042e86c14
pm:vm:photonmelodies11.rio.004:426952928:00145664:00666,cvm,【武】「柏木快躲开～～！不，等一下，<0A>不能躲啊～！！」<01>,[],layout_only,0ca033167dab26858becae67e4b1a855e558963b4ca37624b820d717ec71a66b,96dd0dabd1286e99cf2c557e681262e3b292a0d23dcd1af769687b001b0516b1
pm:vm:photonmelodies11.rio.004:426952928:00146136:00667,cvm,【柏木】「——真是的！拿你没办法！！」<01>,[],layout_only,57de4dbba4de40bccb0f64cb80e08f86b9d8b5cec8f6e316f5137f9fdbb02246,afd911d0c97acaf6b79d0e9d915cd7d9ffcb83c3eec0b874917bb14c1ebf2f4d
pm:vm:photonmelodies11.rio.004:426952928:00146224:00668,cvm,——真的要接住我！？<01>,[],layout_only,d79fcf56c53af67a11eee2df6fbfaaa117a9783c617e116b57b85c891a50cd79,86de980d448fcb2a2b5724184d545b5a5550ab84c250f4590b6ca278484b2cca
pm:vm:photonmelodies11.rio.004:426952928:00146876:00669,cvm,【武】「疼疼疼疼…………」<0A>【柏木】「好疼疼疼…………」<01>,[],layout_only,b917b6532dacf23701f8feffdf2d1622fa0155d66a9e92079a61f59e5f29edb4,222edebd4fa8312e1da0e4ca28d74c1cae7be85405d3f0f7afc228bac9c9c536
pm:vm:photonmelodies11.rio.004:426952928:00147172:00670,cvm,【武】「柏、柏木…………你没事吧？」<01>,[],layout_only,f6d16a563102a86101e0275e580d58f703859a37808a4c3a16654afdfe48cbe1,263fe7d3bbddb73a6a2aa41a24988f5e008509ecfe7ee6bb1779a7c908de3b85
pm:vm:photonmelodies11.rio.004:426952928:00147228:00671,cvm,【柏木】「嗯…………勉强没事。<0A>倒是你，有没有受伤？」<01>,[],layout_only,33ef6d3ee176f1906753cac143eb62689ce7752d6112baecc9e24e47a7a84db4,56010750b4d7242805738bf3a9ce5d2162b545f974aa9e36feeb5413ce19fc9e
pm:vm:photonmelodies11.rio.004:426952928:00147272:00672,cvm,【武】「柏木～，你真是个好人啊…………」<01>,[],layout_only,7a8884b52292ca2e7669fdf7a968044a64ec00cd3732179b9a182edf851d5486,1e2861d9c4e44c3b26eda9cd96437cdc4815ab7d0a28c4513c782d10b401f5c5
pm:vm:photonmelodies11.rio.004:426952928:00147508:00673,cvm,【柏木】「是吗？」<01>,[],layout_only,3c69c2e332deae9ee2bf8648e25ef4025c1891eb4823e9012e4b33e003f90ac8,346c6f727339c75899187e919d28c285219ec3d470024d544d7f852c1e9be149
pm:vm:photonmelodies11.rio.004:426952928:00147552:00674,cvm,【武】「可是你…………也太鲁莽了吧？<0A>不管怎么说，也没必要从正面接住我啊？」<01>,[],layout_only,e035468132eefbc0cec351e82704e641401f237deaf7eafb50e00ff98acb4836,693aa86d873fc0c9ab277bd7ab452db502145eb8ab23e9bd02ceea9bb76cc481
pm:vm:photonmelodies11.rio.004:426952928:00147608:00675,cvm,【柏木】「啊哈哈…………哎呀～确实很鲁莽」<01>,[],layout_only,324dd560eb9231e54acd48af16b5b98eb961c219c0724398aacd92b16d847265,3307ebab31b9489a4f8cfca20a2b0b2cc7fef85f803aea7c44c8505b5338af47
pm:vm:photonmelodies11.rio.004:426952928:00147652:00676,cvm,【武】「真是的…………<0A>不过你当时没选择躲开…………<0A>老实说，我还是很感激的」<01>,[],layout_only,3ebb014d9ac2c27377fa8cd92482fcfbb398b338ecc85915fd313503aefa7a0d,fb0f6c1f3ce325cc8704ccbfe254497cf69943f715131a4603f84a0a5966bbce
pm:vm:photonmelodies11.rio.004:426952928:00147696:00677,cvm,她要是真躲开了，我肯定又会像刚才那样一路滚下去。<01>,[],layout_only,a389138b055af0cf11c19f03a467e4639db72298969bceeb85ddf79a27540fa1,c6bcadd69c30f00783ecdc8988978794c273cfc92e5a4b0d0a0cca96ae9ddeab
pm:vm:photonmelodies11.rio.004:426952928:00147752:00678,cvm,【柏木】「这种事，果然，<0A>比起接住别人的一方，<0A>我更想当扑进别人怀里的一方呢～」<01>,[],layout_only,8d2157e478bb9e808d5f10f929bc1dd205b8cb90ef13e3d9125dc8dbbe967018,e135ec2568110bcb983c4e03bca80843e972aecccc429f6a44bc43a7834f9941
pm:vm:photonmelodies11.rio.004:426952928:00147796:00679,cvm,【武】「现在是让你感慨这种事的时候吗……………………<0A>对了，我正好有件事想跟你商量…………」<01>,[],layout_only,4254b138ffc3b3c556fcfaffe57fdb280d1ac021949b684a589a7e9fa140dd9b,fed5f0f08790bc31d3f053dadbad8afbe5558325814bf63f703c761e8e43f395
pm:vm:photonmelodies11.rio.004:426952928:00147852:00680,cvm,【柏木】「什么事？」<01>,[],layout_only,d17d1e4d597c62a6bc7298d10613580697d93fcc5c2a5c912e7c8252d6e88d73,8056fbed8e8c5efa9176a6f4a68353bc10c8063e235f8690a03e91355377fa38
pm:vm:photonmelodies11.rio.004:426952928:00147896:00681,cvm,【武】「我接下来该怎么办？」<01>,[],layout_only,663895bfcbd01eca6b0e0f15d24cc420e2d0ced1b16d44b275c76cb83f4a57c3,e4c67ec9557e9cd9f810d7c4c3d53fb947940bbd57e7c52b4c918054dd7ca0fd
pm:vm:photonmelodies11.rio.004:426952928:00147940:00682,cvm,硬要动的话倒也能动，但保持这个姿势肯定起不来。<0A>必须转动身体，总之得先改变姿势，<0A>可问题是我正压在柏木身上…………。<01>,[],layout_only,b9bc78e4e052aff1be65bc8bf6ca64bf2c1f426fae0dc2126ad023d9eab809b2,9c9a8bac9a00cb79e2a38a072f6b1380a22f1202499b11817920a1317586eacd
pm:vm:photonmelodies11.rio.004:426952928:00147996:00683,cvm,【柏木】「那么…………我能先拜托你一件事吗？」<01>,[],layout_only,94d1aca71b4f7474a38dd121ef9a9ba7b1509dc7305fa8b12012e03ecd5129f4,d02c3f947619a3795f87183872479bcad3a55175072b202c4fcefd80acc2ba33
pm:vm:photonmelodies11.rio.004:426952928:00148040:00684,cvm,【武】「嗯，拜托了」<01>,[],layout_only,e629cf85e931ac1590d88f3d89e206f4ee6da80240ff884e1f3a67eb40431ec8,2a94a58f4407e125e23df220accb46de93200392bc2e34e4defe3768610a6060
pm:vm:photonmelodies11.rio.004:426952928:00148096:00685,cvm,【柏木】「那个…………如果你能把手从我胸上拿开…………<0A>我会很高兴的」<01>,[],layout_only,f1af0efbbef9dfab42b97aa191d73b5d3f3c6933908a83d151789df60e3b3482,b5985afc4d9663a9c25ade1dc1558e346ac15546b0f91956ac46924f9d2916a0
pm:vm:photonmelodies11.rio.004:426952928:00148292:00686,cvm,【武】「…………咦？」<01>,[],layout_only,e57f469db5fb6a9afe5ff349bd0d5d2d15f8f736d4dadc6ededd6fd9dd78ec58,a9f96c42aab2c2b3bb3f1cc77523e5f29ca07659d9ef7593dbb306d036e44880
pm:vm:photonmelodies11.rio.004:426952928:00148528:00687,cvm,【柏木】「呀！等一下等一下！！不用特意再确认啦～～！」<01>,[],layout_only,e52d10423649f2bf09e0e444fc46075c3b9ec615c454c468798421a0e160bb8f,11ef2c1ed4467fa1c2ac0baddeec9e0d0448be818f7ebcc67fc753b13c06a6b6
pm:vm:photonmelodies11.rio.004:426952928:00148708:00688,cvm,【武】「对对对对不起！我不是故意的！」<01>,[],layout_only,ef1b981a5e85c632f5b6c3c9ba7bed16434057ff11f87af2611cfe62c174c086,e9a4b829f43e2ad3b17dd893395b11bc070874ae3fc6a99fcc5a7ec7dc2e4125
pm:vm:photonmelodies11.rio.004:426952928:00148944:00689,cvm,【柏木】「呼～～，刚才一直被压着，挤得好难受…………<0A>哈啊…………得救了～…………<0A>啊，想摸的话可要温柔一点哦？」<01>,[],layout_only,651ddfd934a10b9d177a232fdf0907d1ee6a56db84be423d8b3cf2b5ecb884b0,972578b620879215aa3fb07f5d01422ce8d6d673403006927e20e796eb02e018
pm:vm:photonmelodies11.rio.004:426952928:00149012:00690,cvm,【武】「谁会做那种事啊！！」<01>,[],layout_only,b355d4a62ac2aa13b0d885591e02db4667c94d7af09ae7b006f47ace9e9e0226,967117dfde4e626c098dea74d7e342543190b067025c35a30ffe5847caa5629e
pm:vm:photonmelodies11.rio.004:426952928:00149248:00691,cvm,【柏木】「啊哈哈…………哎呀，<0A>白银同学的嗜好，我都差点要怀疑了～～」<01>,[],layout_only,5762bf86b61835398ea8b80985e3aeaecbaf753b81378cc88cb432ad629b65c7,c61154b773458b060f19753be0f53e1dabae2b16959595cac9e045c496844a29
pm:vm:photonmelodies11.rio.004:426952928:00149292:00692,cvm,【武】「你们到底，把我当成什么人了啊…………」<01>,[],layout_only,ad5b94542c92e631bc315873eed5f6c1c1db6fb590cf808286353dd8c2f5c5c7,fcb52d94c7dc272de6a3b11db272e74bd45a0dc5bebc9e76c2574c96fa9cc940
pm:vm:photonmelodies11.rio.004:426952928:00149336:00693,cvm,就凭你刚才那句嘀咕…………。<0A>你毫无疑问和彩峰属于同一类。<01>,[],layout_only,2b4240316640dc2d694755f4824eea2b783ada46c76ceb1e8831f8a076a9018a,f4993ed5aafb86d71d9b68d1504016be5e51756f157d29282023f5dd56915070
pm:vm:photonmelodies11.rio.004:426952928:00149380:00694,cvm,没想到竟会有把柏木归进那一类的一天…………<0A>真怀念那些相信唯独她与众不同的日子…………。<01>,[],layout_only,397d1c5a0a4ea256bed7224e64c663583be1262154f861fc8f3245d4068c9942,d2927e930ae71a9258b1b3dedcf962d13a6331fc015956a5de1770af7bddbb77
pm:vm:photonmelodies11.rio.004:426952928:00149452:00695,cvm,…………先不管那种日子到底存不存在。<01>,[],layout_only,c42bf3c3cedd00474d3ba0fc3487078834aaa949efed36943a277a22c7349a00,145dab733c1c6a72dd68398b2cda2e2895d00e395a5ddabae91b2c7254defb96
pm:vm:photonmelodies11.rio.004:426952928:00149588:00696,cvm,【慧】「你们两个都没事？」<01>,[],layout_only,6f645dc9dadb8a9aa9a992fd4e5d39323af9a6d0915ccb771c46bc41692903d7,60989ae61a6dced9ba77f5d3f94712fa9c18750c06c6c16f3f4b619cd075e2c9
pm:vm:photonmelodies11.rio.004:426952928:00149824:00697,cvm,【柏木】「嗨，正等着你呢！」<01>,[],layout_only,e9e1ff9618cdc3f393157a101879a4e16970518ad057ff47d8a39f0cee796851,21046fca56dcef9fdfa0a6d3b2a30bbbc6cf5016f44609d9d59c2d0fa07f95c1
pm:vm:photonmelodies11.rio.004:426952928:00149868:00698,cvm,【武】「彩～峰～～～～！！一次不够竟然还来第二次！」<01>,[],layout_only,0a063163f2947d3798b16db4c589826fdfadb871f0a17a2ef594f2ca9695cb94,61788cdda3acbf5900987a6e16c34f433333fcf804747aac792290afdba02d77
pm:vm:photonmelodies11.rio.004:426952928:00150384:00699,cvm,【慧】「…………抱歉，刚才是不可抗力」<01>,[],layout_only,c05763b6e2b58aabd8c8b91ba473dba6c09a44dbef508ab3f593fbb564a64f4d,50835e8b188db5c54d07444e91d39914f07b08308abbbc575d926e6ef63dee5f
pm:vm:photonmelodies11.rio.004:426952928:00150428:00700,cvm,【武】「少骗人了～～！」<01>,[],layout_only,86f2c2244ed422677fd26405dc98177cd53b908c5064b448e3806b186180b6bd,9afef4b0e412216651e3ee640c33c1fee39fb49b3e2b47af3b66197c0973407d
pm:vm:photonmelodies11.rio.004:426952928:00150484:00701,cvm,【柏木】「这是真的。<0A>彩峰同学是为了避开从后面滑来的人才那样的」<01>,[],layout_only,06c52a17e498b367cd74625c4f06be5a88ecd1e1948ff6a5e7508489a2f6a468,2e3c4bc0e63d8e417f50b2237cdf697ae03cf08e0c875ec4b74610b36333e39a
pm:vm:photonmelodies11.rio.004:426952928:00150528:00702,cvm,【武】「就算是这样啊…………」<01>,[],layout_only,6b2ca8bc9483cda388d4c33baa4c0193a854bb5cbc2d053f0776feb2dc2b146e,c98fc775574dc93f7f8830371a751211b7a54b2e8ae26ea36b5da99874158545
pm:vm:photonmelodies11.rio.004:426952928:00150908:00703,cvm,【慧】「那个人看起来也是初学者。<0A>我觉得不可能让对方躲开」<01>,[],layout_only,b27dcadd04303c423c3da95391f7d64e77fa4ed2adc63b230bd51897325dc4d4,5f3af510ff888080e26e48caf78164ab1f4005a4193f3e70271db2bd74ec372d
pm:vm:photonmelodies11.rio.004:426952928:00150952:00704,cvm,【武】「……………………」<01>,[],layout_only,770975bc8d76964cd0683d1a3ba2ec947971272f34819d29aa5c66d3964a88d7,6a17c608647a040376434d02fd50f1e4124a141fe417bdc98ba4d3f27bdee35c
pm:vm:photonmelodies11.rio.004:426952928:00150996:00705,cvm,她这么一说，我就什么也反驳不了了。说到底，<0A>接下来我也可能会变成那样吧？这就叫彼此彼此。<01>,[],layout_only,0d4927745381be78b24ffb2cc2479e5f53ed12b788fc1e3a8d04654fcf84d4d1,3935014890bd9eab82c8416fbe379aa8ed2370885164aabd9629ab983e522f47
pm:vm:photonmelodies11.rio.004:426952928:00151220:00706,cvm,【武】「…………算了。<0A>总之我想先解决现在这个状态。速来协助」<01>,[],layout_only,151bb0cda5aa64b4fb1d8e50a3b29e8dbf8148cb5f1a7936cdf1720001780d04,276743b002fd87aeb177bd53f0ae25b02b9f7499d6f30bec68501429688e2187
pm:vm:photonmelodies11.rio.004:426952928:00151276:00707,cvm,【慧】「哪里疼？」<01>,[],layout_only,274757f4e1763d6056ec55ec68879b5407ee0524f742ef330999eccd5896345e,13c861cbe2134871c895c5fc95db20c4e6a9edec6afbfab93f553e6ad14206b6
pm:vm:photonmelodies11.rio.004:426952928:00151332:00708,cvm,【柏木】「这个应该没事…………<0A>只是身体以一个奇怪的角度朝着斜坡…………不太好动。<0A>我也看不清现在到底是什么姿势…………」<01>,[],layout_only,c816ddbf18b6755f9316154523202c990f5120e14188adad408aaa5f41204eef,7a71ceb7e7a16703800694b997f52aa2bff5eba84d541ea4e1bae3c4dece3f3e
pm:vm:photonmelodies11.rio.004:426952928:00151848:00709,cvm,【慧】「白银，我要问一件重要的事…………」<01>,[],layout_only,b986367d0586c005d431770f97cb757a3454ef016d7548bc5641a1b5272d9d79,102a889679f8c8ec7ef9db56d610c27df7d8e0037995bd069a475af23a3c634d
pm:vm:photonmelodies11.rio.004:426952928:00151892:00710,cvm,【武】「什么？」<01>,[],layout_only,38d89f6c1c9f9f170a7236ad926c3b68e1bb3b71d6b0fe871eebd0b822832def,1c31059277c51a88dec6d9dcd19d59ce3dbdbec8693974cbd6870cf70d4fa3ed
pm:vm:photonmelodies11.rio.004:426952928:00151948:00711,cvm,【慧】「想继续这样和柏木融为一体？」<01>,[],layout_only,d1b73e4b8c643f1b794177e75d0754def80193ff25f8ccc40a86129290ca6d7c,4f3ca11e05c741792eb588e1d5eca211a32230d5b0dbd2d5a0d03de480e4f743
pm:vm:photonmelodies11.rio.004:426952928:00151992:00712,cvm,【武】「哈啊？」<01>,[],layout_only,7e04785c8196951bee9d8f2057ac741a96953f4c72a18651bb950197531f630a,586a5aabae0a61a58a46575a970999fc94e60005d5d8f8e8354beea21360a04d
pm:vm:photonmelodies11.rio.004:426952928:00152372:00713,cvm,【慧】「还是说想和她贴得更紧一点？」<01>,[],layout_only,6848baa10f9652f50e0d0e943630c961581ad067be173408dbb18f0572794e57,16a86ed90ab3ce3a55c329fd79a78b0b8d0be1621e3c1710654db742fede8e24
pm:vm:photonmelodies11.rio.004:426952928:00152596:00714,cvm,【武】「总之我现在真的很想让你帮忙…………」<01>,[],layout_only,244f5c1b1d8a89a49a2c53563c724f0afc4a561449caf5c25456abe2011c8650,3aac59297cd75129e7eba90874c2617b72ee35bfc9137dc9a8a54fceb35bc3c5
pm:vm:photonmelodies11.rio.004:426952928:00152652:00715,cvm,【柏木】「彩峰同学，拜托了。<0A>白银同学，还挺重的…………」<01>,[],layout_only,54890b893342a96c39ab5887d99128b30fd4f9321d006ec406f8af7f8addd230,f4e2049fc8c9a39ef0a728aa3cae4484fdb09a0a51b88a17af80ea48620ebeb9
pm:vm:photonmelodies11.rio.004:426952928:00152708:00716,cvm,【慧】「……………………算了，行吧」<01>,[],layout_only,33af21ef7ce3d1820c5c85a190b5de428ec145d40d31c66389defcbc3b402691,37c83bcd15d67b395bcc6f814f1d5bba6f77747fd9ee1f317fb6b310371134a3
pm:vm:photonmelodies11.rio.004:426952928:00154180:00717,cvm,【柏木】「呼～～，得救了～」<01>,[],layout_only,4da8947ee564b027dcd8315c82be9ab067a304cc3fd6f95aac5ebf2bfa216a42,670c952b41084f939046f17814dbe397b93c7dc9b01208e86c334a3f83f5f600
pm:vm:photonmelodies11.rio.004:426952928:00154260:00718,cvm,【慧】「…………抱歉」<01>,[],layout_only,5230eba3197b240fe86e0dffd78892b2b3cd195a61d49bcd9b69e22310e67740,3d241d9b6ad94370c090b06647fe6ede7258c3ea42b159c55705bce6048f4e46
pm:vm:photonmelodies11.rio.004:426952928:00154584:00719,cvm,【柏木】「没事没事，就像刚才说的，<0A>那也是没办法嘛」<01>,[],layout_only,cdaf002f685aa0fcc8f7fcdac336b158167c96221a78a18a2d37bde11ca0a6e9,45fa9ea15d0d8c429371235e02168110f45cd06804b6e5ab2d378af77c477de8
pm:vm:photonmelodies11.rio.004:426952928:00154628:00720,cvm,【武】「嗯，也是」<01>,[],layout_only,441ab6d70a433ef4d5b84425f6ecaa45ec8d3db64db0dfa8cd0063c03e2a350c,c4de6e391dc081e3273c02c8fd4938dca9bda225632e491e4204216ad8f7b29a
pm:vm:photonmelodies11.rio.004:426952928:00154860:00721,cvm,【慧】「作为赔礼，我来教你」<01>,[],layout_only,de90c82d6ac54053f00f94cbc30de74a645a2167bfe3b85a10470a022ba71f62,910235e8bb7aa93a22420c3d673ad64fdd8321e5544042e33c3f161b02c4b267
pm:vm:photonmelodies11.rio.004:426952928:00155080:00722,cvm,…………咦？<01>,[],layout_only,94310536c29e16128f7fab518cbd098e6c7345509b5da2a20d51dd845b4fd124,276359225c55d915620932500686d990190e6c3327bfd142e050e4dceda8787b
pm:vm:photonmelodies11.rio.004:426952928:00155304:00723,cvm,【慧】「你先休息一下。也可以去滑一圈」<01>,[],layout_only,5053437f3b1b6360c6618f0970ae222cf3a6528d22cfd473f7d56895cffc31f3,387b10e41ebbad4570d038a6897c686d153bffbd3c82ffdc90f60e2c29b97eb0
pm:vm:photonmelodies11.rio.004:426952928:00155536:00724,cvm,【柏木】「…………可以吗？」<01>,[],layout_only,0a58c864081909c8517232cf8017c4979d281339e6ea260891b6cf2679cd9f1c,ed21cc131c928c80a86abad74999e01dfaa25400aec7d0e8b099fb39eba4559e
pm:vm:photonmelodies11.rio.004:426952928:00155768:00725,cvm,【慧】「嗯，不过我可不会手下留情哦？」<01>,[],layout_only,a7b1ccb6f830b0020160c9139a4c4cdfef62ac76aa4994cf38db7e123f19c0f1,0d840f3f447c6931882b09df1b7d64bc058ddb2a32a7b6dd7a1708235f450b3f
pm:vm:photonmelodies11.rio.004:426952928:00155812:00726,cvm,……………………不对，还没有人正经教过我呢。<01>,[],layout_only,da8d3d51ff494663171c347f6983654b409db0dee1ece0920c6b7771813213f7,819ed82059e59325a58b8aa2a9611a97939a63f99715ce9d189fcb2738904fba
pm:vm:photonmelodies11.rio.004:426952928:00155868:00727,cvm,【慧】「没问题？」<01>,[],layout_only,17c23352e26aff2b776882753f40cf4f09d3a42f9c497d17945f7ca5b2f98eed,6488681225700d3a7f7565a5f404e9edc4f35d110514a3340278556961909558
pm:vm:photonmelodies11.rio.004:426952928:00155912:00728,cvm,【武】「嗯…………姑且算是吧」<01>,[],layout_only,d64df94719a45ffeefa9517f71fdd8e8cf75fb3fe0ca6f0095f5f4e6ef3558b3,1004ff77ec1ef7195194ce4fb6d144877e82eaa5ad16ecc9e16dc3d3bf779357
pm:vm:photonmelodies11.rio.004:426952928:00156268:00729,cvm,【柏木】「那么…………我就不客气了…………<0A>去滑一圈回来」<01>,[],layout_only,053ab97f97b4e0535ce54b3c7184c32a19bed36dcd7f1f1420c7fb64514fc336,13ea92af830a591d7df9a25d98f8e02e327043dedb63e79856bec1ccc3dbf7fd
pm:vm:photonmelodies11.rio.004:426952928:00156312:00730,cvm,【武】「嗯…………我大概会一直待在这附近」<01>,[],layout_only,b982004c52391f32a3eb9844dfb4ef1ae37ac0d6f3cc07302303a25473050654,e7027280aa1e2cd07d62e40253b8427a3cca29c36be0fc83acfed51c64cb820e
pm:vm:photonmelodies11.rio.004:426952928:00156544:00731,cvm,【柏木】「嗯，那待会儿见」<01>,[],layout_only,ec7156593adc10707bf005d97e5a9c6a891f58c97458f5b7c0005b485f54247f,152f5c47774c7aecf6519792b1daf1d044e8bab700be9c36e1f76e2cb7e287f4
pm:vm:photonmelodies11.rio.004:426952928:00156880:00732,cvm,…………哦，滑得真漂亮。果然，<0A>玩单板的话就想达到那种水平啊…………。<01>,[],layout_only,8a5b3a61ddbea298562d03812bd0414eac2b15459ddbe2b5f192f09bc1057c3c,3e33f0b7a1081e2dadebe22241abaa7e4151bc79260a77c3cd71587fcee58a25
pm:vm:photonmelodies11.rio.004:426952928:00157112:00733,cvm,【慧】「那就开始了」<01>,[],layout_only,ee9be9f08b20739d09f5ddc840ce49349d0ec42a21f18ee9896be4414bcc8fcc,182cc56875cefd79739bd0e4263ed922b89e9a8108b81045458467d240cc9790
pm:vm:photonmelodies11.rio.004:426952928:00157156:00734,cvm,【武】「好！」<01>,[],layout_only,493d085977d1313d84a0c8a4d3ceb69aca0996a442a0ec9e6e3954cc03425fa7,a74af1e965cb5925659d34d0d9b195a00b62c79312f44bb1ce00851bbc0fee76
pm:vm:photonmelodies11.rio.004:426952928:00157212:00735,cvm,【慧】「…………先做示范」<01>,[],layout_only,b6819adea649e133210181d28c91da6c307b5ae84ce23c572dfe6b950fd1790d,f98e26f15592c21e3e6d6bac617228d3488ab990efdee617d764fe1446ae45a3
pm:vm:photonmelodies11.rio.004:426952928:00157256:00736,cvm,【武】「示范？」<01>,[],layout_only,c1219429b998028b4e7324bf135f8a54d348a4fafbd34d75b75c27c57ee11a7b,1137cb27f92541b367e3b1ad6a5b28f9aad03a23737065a0eb5db7309b445ad9
pm:vm:photonmelodies11.rio.004:426952928:00157616:00737,cvm,哦～～！完全不输给柏木！<01>,[],layout_only,b6947758f059d9b84d4d92d24af59b0c8ae8fa40f4ef77977a5a83a4d6f3cc04,daf9a07eaf15ec76e4a7936f5163717f73305f3bf2442d8f24fad276b84fa72a
pm:vm:photonmelodies11.rio.004:426952928:00157660:00738,cvm,彩峰这家伙，平时总是一副满不在乎的样子，<0A>运动神经果然很好啊。<01>,[],layout_only,00bb8f7c6b65a382f43a6c41b6d421617d198a049e25dcba926a1fe2925767ab,997b934a5ec9e6643b7282a2aa93aada49763385e9338b3c781a8d386b6178c6
pm:vm:photonmelodies11.rio.004:426952928:00163664:00739,cvm,…………嗯？完全听不见她在说什么。<01>,[],layout_only,718dc7a78dbec6f420e827705e618768d4ed8bbfdb259f12b8d71c3e6e29a955,3a7f7e4dffb550091c3774233a0e143fcee7487b91d6b208f19f9b8d4fbac341
pm:vm:photonmelodies11.rio.004:426952928:00163708:00740,cvm,……………………难不成，她是在说「到这里来」吗？！<01>,[],layout_only,b0578f1149759851a61d9c86a0b46f813e44a83ca0410dcac3bfefcf472d03b7,2df1d47ce9b603206a45075d38612d87aee91b0323584970051b734f91217c9c
pm:vm:photonmelodies11.rio.004:426952928:00164064:00741,cvm,【武】「喂喂喂——，开什么玩笑——！！」<01>,[],layout_only,48b59caf01435874b50cde40e3578d54590b543ca77e09773ccded8cbafcfa31,b3d58715fc5db9a463b49a02ddb786830c812ae54951016460c4f4178b731c06
pm:vm:photonmelodies11.rio.004:426952928:00169816:00742,cvm,…………感觉她好像在说，<0A>「加油过来」之类的话…………<0A>我要是加把劲就能到那里，还用得着这么辛苦吗！！<01>,[],layout_only,74878e2dc2f8186cf8f713b76c7dca63adc075ef34e36f439401020042f560ce,98746abc1bc8e8bee9ade089cb484325c711e969fc30e2a2ef056cb8d0ee6323
pm:vm:photonmelodies11.rio.004:426952928:00175568:00743,cvm,……………………。<01>,[],layout_only,efa30788584cfea7ade60ccc37d7fc6cda943e64935eb133252c341159e58e05,8b9838ce3d87979c99406185b29994e51c8853c86ecd9f0c3a80843c34808661
pm:vm:photonmelodies11.rio.004:426952928:00181320:00744,cvm,……………………。<01>,[],layout_only,efa30788584cfea7ade60ccc37d7fc6cda943e64935eb133252c341159e58e05,0b3d7aae4004dc9b91522cf9245f879b48b6a3b3d3c28ecbba043ba8207a6df9
pm:vm:photonmelodies11.rio.004:426952928:00187072:00745,cvm,啊啊啊啊真是的！！我知道了！！<0A>过去就行了吧，我过去！！<01>,[],layout_only,6ce5a08b4608dbb342c0cdd846506b9240c3b81004d46692be7439976ac9994e,39674cbd822a0ae56a697278374492e776418e10a9ddcb87771e25b263ccb1fc
pm:vm:photonmelodies11.rio.004:426952928:00187116:00746,cvm,【武】「你，在那里等着！！<0A>我绝对会到你那里的！！」<01>,[],layout_only,34e4f910183f6e77663f075e632ac68c166b57e358693e769456dde9fe999ee7,cdfc00bd9fd4184fe5d1744001193e20d45034b9485d35c582753cc3ff30bfd0
pm:vm:photonmelodies11.rio.004:426952928:00187160:00747,cvm,再怎么说三道四也没用！有志者事竟成！<01>,[],layout_only,7b3412029acfcfb03925a734ead9ba62f12e4e92de59037570c60d7d66dfa12a,69357062937791defb06b0622bcc4625036386eb771978f573966020bf3b08af
pm:vm:photonmelodies11.rio.004:426952928:00187204:00748,cvm,被人说成畏畏缩缩也太窝火了，<0A>我滑！我滑给你看！！<01>,[],layout_only,cfa27acefba8a8bc052b22c60cd5cf6f33c9c885cf5b7b3235ebfd22e99e7873,1110235f2199a081189c1d23bbaea1af0c0a16bf439afe80d9e32c412e72039a
pm:vm:photonmelodies11.rio.004:426952928:00187248:00749,cvm,——喝啊啊啊！！<01>,[],layout_only,b0c0fbf8f4b669e92163d56357fafc11a2b5c57a83a1be786ae438b0b63e9857,35bc4da6f6dd7d46d3f497118d3944475623f8b8db4579bc010e3c287ce5cbf5
pm:vm:photonmelodies11.rio.004:426952928:00187728:00750,cvm,【武】「哈啊…………哈啊…………」<01>,[],layout_only,295979327f3f2a350c37b929ed857f08c5d0f385768614d34295bfb114f6764d,c9f98e14303f3d282c74614133b02ce0854694912f5017d6b05161f386945fdc
pm:vm:photonmelodies11.rio.004:426952928:00187784:00751,cvm,【慧】「白银，你这不是能做到嘛」<01>,[],layout_only,7c8c45828f80600b0da9ac19cd89c4b50bfe8437d293e8ec513257ab73590a29,96cd87005dd6f9c3633a5a679211d11ada5a64cb7ce59c3b59bb27440702cd0e
pm:vm:photonmelodies11.rio.004:426952928:00187828:00752,cvm,【武】「总之，你先去向其他滑雪者<0A>和雪场的人道歉！」<01>,[],layout_only,a6a096c1d16ba461eb5d6d53a35be3ab2edaf9e8fd3acdfbeba2ab373a3068e4,ebc14fa54c2e9d2f2588a68cf55029ef330bf474d11e48ae44f2e58e79362431
pm:vm:photonmelodies11.rio.004:426952928:00187872:00753,cvm,我一路摔个不停，把雪道砸得坑坑洼洼的！<01>,[],layout_only,dc4f5669f16b249472d3d75936d23f412ca6685f48980ef9164aaa65a8318843,3daa143bcebfa4cde0b43591d63f326b8c1adbd9529bbbc0c1d16a6ee932885a
pm:vm:photonmelodies11.rio.004:426952928:00187916:00754,cvm,【武】「我说你啊…………<0A>虽然我这个被教的人没资格说重话，<0A>但既然答应了，就好好教我啊～」<01>,[],layout_only,4b8a33b81948767252a3acafcd77b6e84d42dfd0769e74da2e1937bc83322e92,cb25940692eb24c53019a6d8322e8f1c1453016344e0e2586906a1f093ff9dde
pm:vm:photonmelodies11.rio.004:426952928:00188148:00755,cvm,【慧】「抱歉，顺序弄错了」<01>,[],layout_only,30f9dfe567743ab0a6914be3764ce94501ec1783462a85e726b84bd1121a1810,78ac01feb888214fc0d0ec4093d11441734dee0c1f5a8bc824f673bfcbeda458
pm:vm:photonmelodies11.rio.004:426952928:00188192:00756,cvm,【武】「顺序？」<01>,[],layout_only,54de018daaa198f0046a81e3a2c5759495eb391d10ac914a59b887378ee4a2f2,cc1f42f2247a10e0147c5d83f93969f4da6284f91c157c7ea77ef8fbab2ed49f
pm:vm:photonmelodies11.rio.004:426952928:00188424:00757,cvm,【慧】「我本来想先讲解，然后再让你滑的」<01>,[],layout_only,37c4ec8dd2e5b2c09e816d5c68110777801f296da6dc164ae3de6320abb60f15,60e36daf78e959ef724ec0cecee975c67d4ad5c3e2d1b849cf4aa468d03d1e5d
pm:vm:photonmelodies11.rio.004:426952928:00188468:00758,cvm,【武】「……………………难道说，<0A>你刚才嘴巴一张一合是在…………」<01>,[],layout_only,5f8ff5351d233a78181b21f89291324aa57086e04cda7f16a0c7b11e938db86b,b309f5bc6e50565122e5f6704136f109bd416e9b7abf8e7209ba2641bc79d7ca
pm:vm:photonmelodies11.rio.004:426952928:00188700:00759,cvm,【慧】「啊，你听见了？」<01>,[],layout_only,ba672db0d243254e44eee5966fdd60b75d9bc451b322484c35804c19cf909117,ddf4b4da4411f22602efe82fdbab7062465528c660ff366436b81f36e8d58b34
pm:vm:photonmelodies11.rio.004:426952928:00188788:00760,cvm,【武】「怎么可能听得见！」<01>,[],layout_only,4cba8f47fb54b471e6ab8d29e020240383a174125d85aa79c9b633fdafded187,da87967987f7a18c8ecd79bd93cdffe63a4a4d592c04266062595fb013d3a2a3
pm:vm:photonmelodies11.rio.004:426952928:00189020:00761,cvm,【慧】「那我再说一次」<01>,[],layout_only,af761162dbf0a247f819faa39d4f9898a8d97640a156192903f1027700bea5d6,c2c58ddcdd8b51f509f847fc8c8fd5bd7d3a5e982a4ef9e966e7cdb06984ea96
pm:vm:photonmelodies11.rio.004:426952928:00189064:00762,cvm,【武】「那就拜托你了？」<01>,[],layout_only,6efebfbc91270fa2a1c7a0a2489aea41a8584ae9313deb72dc64d10e4b7d6926,73d2e00ff78c289127fa99d0b70b661aa3a83ec1b53b7f45dd0344375a1898b0
pm:vm:photonmelodies11.rio.004:426952928:00189296:00763,cvm,【慧】「首先…………光给白银讲理论是没用的」<01>,[],layout_only,c76410b6c446c8c041673be2f8326d2197147bf84084cff902e827e4647229a0,6b7b444c9f187446be900de3a8cab0f5adab1d16274138825d9da4e321f1e2e9
pm:vm:photonmelodies11.rio.004:426952928:00189340:00764,cvm,【武】「才刚开始就直接得出结论了啊…………」<01>,[],layout_only,6168e53a80e2a2ffde7ab0ab91ff1fa7581e98e7be476850a10647747f67572a,1396ce27cbd5e0cb231ff2bcffdc8264705d27ed42e19c4279a170436b21fbdc
pm:vm:photonmelodies11.rio.004:426952928:00189384:00765,cvm,该不会直接就结束了吧？<01>,[],layout_only,e036778928b2d96a76f2566a68e72526fa876f0f89e6246fd7b80783402f15e2,522de01d75ea0dde827fbae805e8eb2302c48868a0d244a5af55d3f4817bc957
pm:vm:photonmelodies11.rio.004:426952928:00189616:00766,cvm,【慧】「所以我做了示范。照着模仿就好」<01>,[],layout_only,d9c89f6eb61d5e3e8056ee3972d5c720a681373b08f27dacc0304a34634fbc30,4dbcc5739c203a15184d23efbdea6221d6cfa28d2e5be378c34f154c76717cda
pm:vm:photonmelodies11.rio.004:426952928:00189660:00767,cvm,…………能做到的话，我还用得着这么辛苦吗。<01>,[],layout_only,16ddc7ca70e726e0a26ed069f6c6ebc3fab3852021aa7801bf8846a9f47007d6,1f7aaeebfa7c50ed47597ef711b8141fb430c62df18f19d2faa05252dd0b58ee
pm:vm:photonmelodies11.rio.004:426952928:00189892:00768,cvm,【慧】「一开始做不到也没关系，<0A>朝着那个目标练下去总会有办法…………<0A>当然，前提是你真的想练」<01>,[],layout_only,39d95bb9a411622a069019d423a21edecd19a01a01f598d83153ee4fd43fdf0a,e7475441e4e4b50d8b620d6203789d92569aea04ce178fe8a1c6bf7a67ebfe50
pm:vm:photonmelodies11.rio.004:426952928:00189936:00769,cvm,【武】「真是这么回事吗…………」<01>,[],layout_only,6bfe34504302a5db25d454e1eaf34821d12a663f1d571d0f1b0608d485249461,bd872e03ff2f6d4e24f6dffe54fefbb88a382f1e0a4ee1dbddf11eb4d21a7ff3
pm:vm:photonmelodies11.rio.004:426952928:00190168:00770,cvm,【慧】「你自己看不到自己的姿势，<0A>这方面我会替你观察」<01>,[],layout_only,5a4225d2c7ff21c1b45a5c12b29599eb724f30849aebf09bd8199f0eb05cad3f,7311db20213cecabd4695d36dd1dc746c034bb76003c84d7669b15bb7b617ae1
pm:vm:photonmelodies11.rio.004:426952928:00190212:00771,cvm,【武】「……………………」<01>,[],layout_only,770975bc8d76964cd0683d1a3ba2ec947971272f34819d29aa5c66d3964a88d7,6a17c608647a040376434d02fd50f1e4124a141fe417bdc98ba4d3f27bdee35c
pm:vm:photonmelodies11.rio.004:426952928:00190268:00772,cvm,【慧】「这样相当有效。<0A>甚至有人会特意录成视频，一边看一边练」<01>,[],layout_only,84d300ac7643a08cc47b238a09943555ff8ab6b107116d9dff73eb575fa3e014,94ac4b54e24d8ee9e30c43154e86331bf07f5bd8cc1e969ee75685861e90d26d
pm:vm:photonmelodies11.rio.004:426952928:00190312:00773,cvm,【武】「原来是这样啊…………」<01>,[],layout_only,466cc4519982c0b645ca8c024324b3ab94cb66d3355bddd401cc721cdcf70a45,2ff831ff001b0554b66d5e25078569024478b0689222a969f820bc9ff6546a78
pm:vm:photonmelodies11.rio.004:426952928:00190636:00774,cvm,【慧】「还有，有一点不能误会」<01>,[],layout_only,4cc4d3c326451fcb8111f803e118e7d3d795a90c4b9f01198796bbeae77fa956,ee45e5f8c26bc801e04f031d0a62f06d86cd6eec7ec40a60f3e41d98b2e5b58c
pm:vm:photonmelodies11.rio.004:426952928:00190680:00775,cvm,【武】「什么？」<01>,[],layout_only,c2d77079fc36954fe6b3af5d0ecf064886d2cab06c19256eae6ca4925ff89a26,0e52793f9a1ffa43a9b42ff774f468816e43169161cab67d008391b0f67cc054
pm:vm:photonmelodies11.rio.004:426952928:00190912:00776,cvm,【慧】「乐趣不在于记住道理，再一板一眼地照做」<01>,[],layout_only,b428dd6160377dca8c08c88168a6cfe7b828411b773923ee94fe355aa51f309f,fe561008634e6d4e8a454f6a3037a69494e9987666086a0510524e94b665cec7
pm:vm:photonmelodies11.rio.004:426952928:00190956:00777,cvm,【武】「咦…………」<01>,[],layout_only,a8fffe04ba0aec5a8a17f18f52ed2bc1a1bbc5a846e184ed46d02fe91978fd80,cff1150ccd1e336776d839ebdd3abb90457d7f0dec81697b4a75a41c241c3081
pm:vm:photonmelodies11.rio.004:426952928:00191012:00778,cvm,【慧】「无论水平多差，只要自己觉得开心就好。<0A>所以就算是自创的滑法，也没人会笑你」<01>,[],layout_only,d1ce4abf7432925fd378d368d9a5eb5a83bed1c7b2f7df2350ff14d9cfb407cb,09ed51861fa62a6e94199e4d51a19e536a07e4403e70df4f51fcdb746e99c9d8
pm:vm:photonmelodies11.rio.004:426952928:00191244:00779,cvm,【慧】「因为水平差所以不开心？不对。<0A>是即使水平差也乐在其中」<01>,[],layout_only,1d3639a213ae0994c1eebb070c90484daf46ba9fcb8b6bd2336c6701ff3834e8,ab959062c2a1bf911a342d077aaf3380bf6d3a92f89a1cb35a10243878684d44
pm:vm:photonmelodies11.rio.004:426952928:00191476:00780,cvm,【慧】「因为想得到更多乐趣，所以才想变得更厉害，<0A>就是这么回事。大概这一点和白银的想法不同」<01>,[],layout_only,fbca254be911286961976bdc9118603090525a47bdb639821e8ac5e288c84fda,fe952c81378b511a3857331e799dd5f747def7fffa572ce432dfc76d12e05c7f
pm:vm:photonmelodies11.rio.004:426952928:00191520:00781,cvm,彩峰……………………？<01>,[],layout_only,aadc004d08e5006ad21fb9249cdec9510d44a725e400861295a8a948d3751927,92576f10b1ba1e879a1b397972b3bbfe3b0e98f7c2648d2929e83f03960fc175
pm:vm:photonmelodies11.rio.004:426952928:00191576:00782,cvm,【慧】「所以比起技术，要先让白银觉得『好玩』。<0A>而要做到这一点，除了亲自去滑没有别的办法」<01>,[],layout_only,2313d0af60c31223157f98cff6da8930c425c57e1e5833cbad5c3b57e53ef9b9,9a5348779abfe412b27119aa51b747e66b769c5e65821763a09819e70a598623
pm:vm:photonmelodies11.rio.004:426952928:00191808:00783,cvm,【慧】「多摔几跤就好。吃点苦头就好…………<0A>这就是单板滑雪。虽然也不只是单板滑雪如此」<01>,[],layout_only,ee9d02ac7b1752781526b5de4f9672ff37e19d2ac88d041a61ee6c57bd8b470f,e5eb776c4daa37a8cd7d2924976ae2c2558370bd6e87979a5780e436d3e64745
pm:vm:photonmelodies11.rio.004:426952928:00192040:00784,cvm,【慧】「滑到这里应该很辛苦…………但你觉得无聊吗？」<01>,[],layout_only,b63c450e8a3a6bb326ac9f4cc7fbfd9f9cab7144d63e15e3505ced0e9ec4c1d4,be0fc5850140f35e30d98bd8a0fa4058d61ebae4b56fec12ffc845a25b848183
pm:vm:photonmelodies11.rio.004:426952928:00192084:00785,cvm,【武】「你……………………」<01>,[],layout_only,764d4438fcf0ed97318c1651891aacd1210f1fbac113044ed7afbf44368689df,52750cdd3c87c9b702054b2efcb14fd17905eb6b091b3b38322230f668dee98f
pm:vm:photonmelodies11.rio.004:426952928:00192140:00786,cvm,【慧】「什么？」<01>,[],layout_only,a5f76c4fb312e67404355fef4061af1c2851fecb0c526863b80b72115ff3c73d,492a0811325dfc9d33d3227d39ca1d86d55104cc8ddd4288fda7a00c97231c57
pm:vm:photonmelodies11.rio.004:426952928:00192184:00787,cvm,【武】「我还是第一次看到你…………这么投入地讲一件事」<01>,[],layout_only,365ae621f8b5689131332a93f2e2b8cb031bfd00e691f3e6f0a1c9d41c1abc83,2e028d62e0aab4fabd04c0627a1f8970e5d5cfe93478e8644df5c8def5a9d267
pm:vm:photonmelodies11.rio.004:426952928:00192404:00788,cvm,我似乎撞见了一个极其…………出人意料的场面。<0A>老实说，我都不知道该怎么反应。<01>,[],layout_only,3380311a07e0a9a4ae8e0d92a72dabb017251dae139faea87f6b04d7da650fc6,47ff814a724d0251af450b57ccbefdb415b9ddc1f2c9c1e77a52747d0e1e7074
pm:vm:photonmelodies11.rio.004:426952928:00192448:00789,cvm,彩峰也会像这样滔滔不绝地说这么多事…………<0A>难道只有我不知道吗？<01>,[],layout_only,fea651dc9735aee1d26dbdb2d4eadddd0724349e32fb228abf5e803cac93d2a0,4ce97b983fe81ab5f1209cd0e883c8f0a763af49d6074b68680f6bcbfbd681b1
pm:vm:photonmelodies11.rio.004:426952928:00192492:00790,cvm,而且，不只是话变多了。<0A>刚才那番话里，还倾注了惊人的热情吧？<01>,[],layout_only,123f4c6135c83abdbd9aad1b6009e65d847030f460031ea30c96d571ccf8c271,600447fa75fe011551c1d355cd6ce211b184ed086bfa89f1585222d050511039
pm:vm:photonmelodies11.rio.004:426952928:00192724:00791,cvm,【慧】「总、总之…………」<01>,[],layout_only,7bc79dfeef0ce20ceada2fd2ca7631158c6e7db73576e814c48889f317b79725,5dbb9ea17a3bdab58f175f8f02b9833115442d13007488c139d3879650ef4717
pm:vm:photonmelodies11.rio.004:426952928:00192768:00792,cvm,【武】「啊、嗯…………」<01>,[],layout_only,4a540fb4ea6d6ca53fdba362b011a6dc8291ca774c1e4b9940c886b06008860f,7b6754b216fa18a10205bca749b6b59167a1b5f1725ce5320bf7ebb43d5dfbfa
pm:vm:photonmelodies11.rio.004:426952928:00193000:00793,cvm,【慧】「和巴尔加农一样」<01>,[],layout_only,84bdb345b5eb2d2d5aa1419b4981db4b6dde3f3469a6d9fd7e0f6a7c73f9ca54,074568b58cb579138ec43e2dc85986f679cc9e85f4fc42b606985a5153243c9f
pm:vm:photonmelodies11.rio.004:426952928:00193044:00794,cvm,…………啊。<01>,[],layout_only,c2b1665be956e6609b97bfa6c4d994da0fcf673a6ebed66500fa4605aec7491d,d9e26c121a0ad05116c42711855e9b2c51cb379fa321b98996a902dd2c87d76c
pm:vm:photonmelodies11.rio.004:426952928:00193276:00795,cvm,【慧】「明白了？」<01>,[],layout_only,2839acc71bbfd1f4da02fab149ccba47eea393dc4791c4c7118085413b174f96,6e8ee083e201f96191fdafe97eb37715f6abe2b97fd4f9d612945b87ff616e54
pm:vm:photonmelodies11.rio.004:426952928:00193500:00796,cvm,玩巴尔加农也是一样，不管水平多差，<0A>都是因为自己觉得好玩才会玩。<01>,[],layout_only,736d3647cb6e102af1731e2a9455d3cb8cbc478911a2157e6c6d1bbbb8f2b973,7d86db159797a95f0886489f357dd20bf44ce9660cdd2e33e37befd555550b18
pm:vm:photonmelodies11.rio.004:426952928:00193544:00797,cvm,没有这份乐趣，就不可能变得厉害。<0A>而要体会到乐趣，就只能亲自去玩。<01>,[],layout_only,1eaebbb90d9261b80b63a81d7377c09df368d25657b1dd0773ba702a2604ff1b,0e1065e280da904d2f7f91a02979eee1aa6b290d1edd41c0292478bc41d9a012
pm:vm:photonmelodies11.rio.004:426952928:00193588:00798,cvm,面对一个想开始玩巴尔加农的人，第一件该做的事是什么？<01>,[],layout_only,57532715d0eb3ce07afdd3ec6a5ca2bd1c2aa7f9024391d9f2129f6d6d7c283f,84903dab853072b130e653c7708514b5d2889de10282d54f9222cb9f43ad2d00
pm:vm:photonmelodies11.rio.004:426952928:00193632:00799,cvm,我肯定会说先去玩玩看…………<0A>会说来和我一起玩吧，这点绝对没错。<0A>不，大概美琴，还有其他人也都会这么说。<01>,[],layout_only,863d9485aea3c5d4ef7c8cfb5eab0a6f6c7abf71d2355aff2ae599b7afe10966,001a02570a65a6e78e74d714752d78a11ecbcd99ba5a66f501924d51412d898a
pm:vm:photonmelodies11.rio.004:426952928:00193676:00800,cvm,没人会一上来就掏出攻略本，<0A>得意扬扬地大讲技术吧。<01>,[],layout_only,24d3cefecfa42b789e5fcad4981abea04a53cf193f9bc85fe69dfc8649043a65,a99ceac9d23abaffb505e12e79b6152cba2d2eaa0def2a3c12284f685e9183c1
pm:vm:photonmelodies11.rio.004:426952928:00193720:00801,cvm,就算对方是来请教技术，我也会叫他先玩…………<0A>肯定会这么说。<01>,[],layout_only,d88f051f60334b9805bfded486de3b2312063ab1486eef9bbcd70cd163dc63c4,8e3f622e6c06f7edca4b8732b9b56a987769ebecf3d87e33b9d25b33b43e404e
pm:vm:photonmelodies11.rio.004:426952928:00193764:00802,cvm,当然，要玩就必须知道操作方法和规则。<01>,[],layout_only,846f4385913683e7ab6f9ecbcd61c10ead000b0e9768de31f43171d731ccc563,b5fd16575e4fcbba5568e6d602fc0a44983bc16aa71148e2af8214a157d06f5f
pm:vm:photonmelodies11.rio.004:426952928:00193808:00803,cvm,从这个意义上说，并不是「只要去玩」就行。<0A>但单板滑雪也是一样的吧。<01>,[],layout_only,1c939a0c09445f88cb676dda4ad359d8faaff25c9c485fd4b9235e306de7874d,d1b3c4d6bac36157af38adf95d46cb7268c6fdcfeae3a01902057d401457ad90
pm:vm:photonmelodies11.rio.004:426952928:00193852:00804,cvm,不同的是，单板滑雪里与操作和规则相当的东西，<0A>就是雪板和斜坡，仅此而已！<0A>只不过简单明快到根本不需要记。<01>,[],layout_only,8842597d50b5fcf6b96b65d2fc643651f3c14381c5c3258d81b646b87342733f,586fc551f2482cb30f9e2933141f3e0e5a4f1a960b19cf95e3adaf6834998441
pm:vm:photonmelodies11.rio.004:426952928:00193896:00805,cvm,但最低限度的规则确实存在。<0A>站上雪板，来到斜坡上就会滑动…………就是这么回事。<0A>至少这一点我也已经掌握了。<01>,[],layout_only,a5d1e0df475c8f36dec7abebd0c81161bcc87223163cc10d6edae64e885586e1,50e0c97ebad6ed44b14703a99f34f67edef5cc76f8f27cf283c4d1e62831b939
pm:vm:photonmelodies11.rio.004:426952928:00193940:00806,cvm,至于怎么转弯、怎么停下，那就像为了打出连段，<0A>必须在几帧内完成什么操作一样，<0A>属于技术层面吧？<01>,[],layout_only,321b6907d2df3f3c8e020399c0c6c0f3e6c8db4533cfd0ad39b48724c639c218,6d8f6785599d2805378d99363e19b5b504e42d5d8feeb41bdd68dc246fd5f2f3
pm:vm:photonmelodies11.rio.004:426952928:00194296:00807,cvm,【武】「嗯～～～～，原来如此！！」<01>,[],layout_only,af560e46c2a8b42ae5eda153fcfd5bb8069b1b1ca572a59280c1e3e463220137,d2b67064aa905522bd94d816454abb3aab7ee886606f54234090aee0ee70de0c
pm:vm:photonmelodies11.rio.004:426952928:00194352:00808,cvm,【慧】「……………………」<01>,[],layout_only,06bd3f7883ae880e1d2e23be206ad1ba874b905e38ce2b8f596153a282542865,e988c43f59a998e81ed9678a9edebfd9d31a258124764e3d6e90dfc3b2f409c4
pm:vm:photonmelodies11.rio.004:426952928:00194396:00809,cvm,【武】「你真厉害！我是真心这么觉得！！<0A>我觉得你说得完全正确」<01>,[],layout_only,0c14c752ebbc52cb05c30b59c1aee6f79f6630611a34bcbbea038bda9bec063e,40efe7f059fd8cdcb9c4dd9b8b855897f54440c8a423174f5fefe01be7ed3e20
pm:vm:photonmelodies11.rio.004:426952928:00194628:00810,cvm,【慧】「是吗…………」<01>,[],layout_only,ca965c9274bc76c4a115805880eae4a225f267e1288a9a0598906a3972bbeab3,198f4dc55700f9c25d91956df025e7ad27ca22dc5ce711a46fa4085c0863b824
pm:vm:photonmelodies11.rio.004:426952928:00194672:00811,cvm,【武】「顺便回答你刚才的问题，<0A>从那里滑到这里确实很辛苦…………但我一点也不觉得无聊」<01>,[],layout_only,69f7743f179eaaadf01d6134047311f5aa3e5a4da4ca61b3188bba254017007b,e2698195a668a75e1d3d27ca082ab2b48d287baf513d95fb58b723ee7e1d3b7f
pm:vm:photonmelodies11.rio.004:426952928:00194716:00812,cvm,【武】「老实说，要讲好玩，<0A>倒还很难说得出口…………哇哈哈哈！」<01>,[],layout_only,e26b5a86e8fd775896b61c56d3ff2a99a776ae1f4cbcf4a033098344eb22f94a,8feada4c6c1a92b8467af84cdb8b50190a89be6d9f5d8f58a0cf4c54fcd192f9
pm:vm:photonmelodies11.rio.004:426952928:00194948:00813,cvm,【慧】「……………………那就好」<01>,[],layout_only,6e2fd0319f27b7c5b35d5fd9dd7e34c06f0275abd85c18db599fb82751669700,8a658af0524e34b70cc972aef393da9de635bf1cc0413f85715be4d0af737718
pm:vm:photonmelodies11.rio.004:426952928:00194992:00814,cvm,【武】「怎么说呢，也许是被你的热情影响了…………<0A>我一下子就干劲十足了～」<01>,[],layout_only,a00c891872001eb9b69c1c0ce5c0a7820c02d5a471f43dc387ea39f68b911ca2,a6ae6ea4eba6400a2f0a0d4c05f92d4f024167deb658eac7152dd74c6b39e0fd
pm:vm:photonmelodies11.rio.004:426952928:00195224:00815,cvm,【慧】「忘掉就好」<01>,[],layout_only,319dbb794a6dcf9e6bef616c921ebf3f8a1f6ab041cda425d9bb0aa170d67a96,d72c34dc7950a828138b4fd9955c6526b347daa7948a668a4a4f1ba8a2c4a3a8
pm:vm:photonmelodies11.rio.004:426952928:00195268:00816,cvm,【武】「那可不行～，总之再给我示范一次吧。<0A>现在不需要那些复杂的说明，<0A>等我下次滑到你那里时再教我」<01>,[],layout_only,40de0d2413320de1194f487e39be0032d18608153cf95bbde16cfc2accff8678,db280c1afd9953f3052264e44d2d51de7dc39596e80bf963ade034051ecb8d2d
pm:vm:photonmelodies11.rio.004:426952928:00195500:00817,cvm,【慧】「…………明白了。那么，我出发了」<01>,[],layout_only,a6ec33206b802d77b12a492e7c5b2162bdabad12c281bb824364805ff346997f,59c4a242356b4771a1385abb0cb352a98cf431a585f4ca5e171dfd504a3abc05
pm:vm:photonmelodies11.rio.004:426952928:00195544:00818,cvm,【武】「好！」<01>,[],layout_only,253571f5a1da9ab9cc7a32bd6806400136994ee3fd4633f0278fc13b951749f2,4328c8583611248b9adac2f32cbb40a5f45d46c31cf46d46bfef07a3dcc4fda0
pm:vm:photonmelodies11.rio.004:426952928:00196016:00819,cvm,…………嗯嗯。<01>,[],layout_only,3d8e32300bbcc466be8d857f27bce5ff04dc34b7ee53db44f7d939cc0f4cece6,8b37907bf9a788255cf9b5b1f5b33c12278c1aae5d89a45d794d9dbbd4df976b
pm:vm:photonmelodies11.rio.004:426952928:00196060:00820,cvm,…………哦哦。<01>,[],layout_only,cde1ce37b86126a951d867fa8b0bf8191c0ce266a0cf2baf658c6d45f4a38feb,ca406e2838d00dfec5b866e9d82c98675af8514c76148c5383baf6fe1f32a689
pm:vm:photonmelodies11.rio.004:426952928:00196104:00821,cvm,…………嗯～～～～。<01>,[],layout_only,762b00b1a1702f4be2723bfc6ea7324a1d9665f57031ac6396a9a0bca1066b7f,5f3bb249ad900c9b3c2454ba0da8559993966e0e9036e7863b13d8302790ba9f
pm:vm:photonmelodies11.rio.004:426952928:00196148:00822,cvm,…………原来如此～～～～。<01>,[],layout_only,9d7528f28fd1fccc707073c321471c3302b301b5d06388fccfb89ca030ee86dd,8bc481fa2c1dd101cd96e29ee527cd034249490b3f5a930db909ec5315a352fe
pm:vm:photonmelodies11.rio.004:426952928:00196192:00823,cvm,……………………还是不太明白。<0A>算了，也不可能突然就看懂各种门道。<01>,[],layout_only,abdc9ea02d61df7337e28dc482a9715ab80388df2d1d5646a2e2527c8d5b2ad2,999265e0a92f4c1f0c04ec958beaef6cb1a4c82443dc2cd142c59c19d564318c
pm:vm:photonmelodies11.rio.004:426952928:00196236:00824,cvm,不过隐约能感觉到…………雪板切入斜坡的角度和重心移动，<0A>这些应该就是关键。<01>,[],layout_only,6fa7f691d81654ab03387af5487aa153f10fa2f9acfab2d0c5c361e2c71d4c13,e5e10952a55058ecabe0a4015e3b22d93eb735cbdc468d4f1d85bea80d670a2b
pm:vm:photonmelodies11.rio.004:426952928:00196280:00825,cvm,切入角度这种东西，等熟练之后大概随时都能调整…………<0A>但现在的我恐怕做不到。<0A>所以一开始怎么切进去才是关键。<01>,[],layout_only,725fdabdc6a5b178e051160586a593734ab0a068b9b325e8ee2a110c69c49208,03bc04487136e8f57c527d34da36934c4edfd1812ee4eecb293d91affc06195a
pm:vm:photonmelodies11.rio.004:426952928:00196324:00826,cvm,只要角度有一点不对，本来想像她那样之字形下滑，<0A>也会变成沿着斜坡笔直冲下去。<01>,[],layout_only,0f7255d4b860ffe19e6a5f1b75f3f3b416912a6e9234eb73100f8f3aa2b7d4a1,2b3a122855d07df262bfe888a7191157f2f3ccb4512ad6eb36b3e0b69b370267
pm:vm:photonmelodies11.rio.004:426952928:00196368:00827,cvm,不，等一下？这样看着她滑，<0A>也能看出「换成我绝对会在这里摔倒」的节点。<01>,[],layout_only,4094a70b4c22738e4a8059778c51de2c2210d5b862a45f4de303c67fe560ba48,c6b3bcaa8877c178716d4112f9ad59d465d0165ff0e52025ac0b07bf17445620
pm:vm:photonmelodies11.rio.004:426952928:00196412:00828,cvm,也就是说，把那里当成一个分段点，直接摔倒就行了。<0A>在那里会先停下来…………<0A>所以先集中精神滑到那里就好…………对。<01>,[],layout_only,ccbac659e761f7e27635f51df264237a7d2998d9546a8acd771070eb9f3b831f,bcb04e305fc1cc3cf455b0ba79d360d426cc889663543a1b1f02fa41a69c2b90
pm:vm:photonmelodies11.rio.004:426952928:00196456:00829,cvm,之字形滑行也一样，到那个节点…………<0A>不要勉强自己一次完成，先设法在那里停下。<01>,[],layout_only,a04b61ef9c6a1f3ece78f3092f2accf538d17d0dc0e4b65d3f29608fe44d2531,eaa09635d7062cf31d83722c4638117e92cd8d8baca63630b1e9faff14819257
pm:vm:photonmelodies11.rio.004:426952928:00196500:00830,cvm,如果分成这么小的步骤，应该总有办法吧？<01>,[],layout_only,0db09757b62985d6cf17c33dd0c718ae382b3d8563b83f1e6bb639dbe5c86d40,586833a583666ae09808178b2dcc6df6a5a0c402b562f68c8302e18bd6fc3fae
pm:vm:photonmelodies11.rio.004:426952928:00196972:00831,cvm,【武】「好～！看我滑给你看～！！」<01>,[],layout_only,a27a45b265576604bfb4ed5f5154236be7c67e0ff761d636d758831efdc45e8d,e998ff46f9e99bf19ce3d92e0a4b2aee9e23ad5a72c7c9663a1394886c5349fa
pm:vm:photonmelodies11.rio.004:426952928:00197396:00832,cvm,【武】「哈啊…………哈啊…………哈啊…………<0A>怎、怎么样？」<01>,[],layout_only,7f306ab8a454553882398840eb91bef37dd6deb35836c0e48cb6204991d795e7,a9c25d3b564fe60267cee4eec7cdb4da032d3a8b0d99a1f2e4e5bcc9aafdfe94
pm:vm:photonmelodies11.rio.004:426952928:00197628:00833,cvm,【慧】「…………和刚才没什么区别」<01>,[],layout_only,8570592b1c4a6ca9769a7ae405a598a759eefa5570b8e571b946cb399e90c624,261c01897f4f0c9def01807f256027e6f7a990bc2df322528763a5b4bce78446
pm:vm:photonmelodies11.rio.004:426952928:00197672:00834,cvm,唔…………。<01>,[],layout_only,292a7860f06790ac6f7e79d6eaba62ad613a2c927d3c794b4b0747eb807827f3,c07afd22983a31ad25fdf6ce8079079502300643773b95549349627605be0223
pm:vm:photonmelodies11.rio.004:426952928:00197716:00835,cvm,【武】「别说出来。<0A>在我的想象里，应该会滑得更好一点啊～」<01>,[],layout_only,22cf284d60c1820502258a12ce4c07364de423c11729829cc3835a3aa79120f9,0db7cadc9437e95011067e9faed12f6a4b2b838700f54fa36122c93b09ca4134
pm:vm:photonmelodies11.rio.004:426952928:00197948:00836,cvm,【慧】「刚才那里不太好」<01>,[],layout_only,1660d2dce7dbbbd24f7e37a0e398aaa3b82398e1ccbe3f1e7c36b3f47d79ded0,49e365ea70e4c77fdd7b4f3b53a545c561ada3bf5f2102655f0885b237fbb5b0
pm:vm:photonmelodies11.rio.004:426952928:00197992:00837,cvm,【武】「哪里？」<01>,[],layout_only,9e34374adeff1a3d981d0b4601e6b7e31eae5fa6abd7b96c8dec53fc44962e9f,93f0d59246e566300cbd1af4748b700dd581ab2fb260f52e892c8709023c920a
pm:vm:photonmelodies11.rio.004:426952928:00198224:00838,cvm,【慧】「没能减速…………板刃没有立起来」<01>,[],layout_only,e9e2cd322da705009d462d8d68fef6af5cfe54ad47b15d74cf979a796c6b1fd8,745a582e6c58a6b40af3f649001517716d4fcdf086e95f2e3f5c5d99612bbc93
pm:vm:photonmelodies11.rio.004:426952928:00198268:00839,cvm,【武】「板刃，就是雪板边缘吧？<0A>板刃没立起来吗？」<01>,[],layout_only,6bd7f64ad111ffe8323daa0c1bbd4d11306b3337ead81fdfd28e126cd8fb1cd8,46d4c3537763c8a54ea01007f344a242847897ed5197c5288400c6a9329a3e4c
pm:vm:photonmelodies11.rio.004:426952928:00198312:00840,cvm,奇怪，这点原理我也能想象出来。把重心放在靠山的一侧<0A>并把雪板立起来，板刃就会咬住雪面，起到刹车作用吧？<01>,[],layout_only,0fbcc123b8523f7489e29d6d257f7ec0f71da4eecce63cb79663d7bac8f8850f,4fb04e9da7c741d1e054718c554e378a0d5520e2397bbd289e4a30d31f891177
pm:vm:photonmelodies11.rio.004:426952928:00198544:00841,cvm,【慧】「因为害怕摔倒，所以动作不到位」<01>,[],layout_only,4b1ac9edb8b1e0d0e6855f9f263b33b7b48d8edea6ff92bc7aa094624ea80235,28205940b83aa0a4e8b8c89827e4efec6d5febfb0f1b0dea6eeea8872c729eaa
pm:vm:photonmelodies11.rio.004:426952928:00198588:00842,cvm,【武】「等一下。我实际尝试时已经摔了好几次吧？<0A>这样还说我动作不到位，我可不能接受」<01>,[],layout_only,3dd2650bec1034fd3330cea4a213e3092ce1bc54caca3c236db89086596f7599,cb54a383e1e5a568da6b159ccd9217ef4a42e48edec97ba4a94eb3766376afcd
pm:vm:photonmelodies11.rio.004:426952928:00198912:00843,cvm,【慧】「嗯～～…………也许再蹲低一点比较好」<01>,[],layout_only,5ba60c3afa6c523ab895364bd167a98d288003a788e058845e3231fe0a83466b,fd02f04190d851decc375a064cd0ab207d898e5a5666423f8da8ec792e0f0c6e
pm:vm:photonmelodies11.rio.004:426952928:00198956:00844,cvm,【武】「意思是弯曲膝盖？」<01>,[],layout_only,33b822b3b9c93bdf636c6aff78bb047529a41bb85b3217631998ba671f8bd160,d1effd644f3b0c11419a5eb620361db8f6dc67e83635e404a4072890c94e181c
pm:vm:photonmelodies11.rio.004:426952928:00199188:00845,cvm,【慧】「啊，伸直也可能不错」<01>,[],layout_only,37c39841c6cc1fe5b5a3c5a4c141557edf1273459925a0fcf0b638d6dd76eecf,a979c0d87b0bd871ef05b93f8696786634a36605dd9fe92e9f65a12d650c01b3
pm:vm:photonmelodies11.rio.004:426952928:00199232:00846,cvm,【武】「到底哪一种？」<01>,[],layout_only,fa0cdc512b1ce62f3f8875e502fc5466ecd72abda096a555343392d9523fd1ee,29cdbd0d76b1059f43f5f1405a50b83fa15d2e04e03ca3254f8cdd427fdf5b09
pm:vm:photonmelodies11.rio.004:426952928:00199464:00847,cvm,【慧】「两种都可以？」<01>,[],layout_only,0ee2721aa7ccfb331a6a03d77129a55d3781dc9b22bb4b83a5d628051839143c,eca4d89fbecccdfd21232009ac0c25a8e2003ceb39f40b837381eb62eefd1af1
pm:vm:photonmelodies11.rio.004:426952928:00199508:00848,cvm,【武】「…………别问我」<01>,[],layout_only,b86f148e289e3c252f209696e6d9484bbf871879c62914b303a2d9a72e30ec60,0ed5b0e0e695e60983216f396d5444f4e4b2ca74152918ca34fbe7715ba8ac4e
pm:vm:photonmelodies11.rio.004:426952928:00199996:00849,cvm,【慧】「那就像这样…………膝盖咻地一下，<0A>全身的线条要有种唔嗯的感觉…………」<01>,[],layout_only,893217dc09f5ba1e39a49d7481dd357608b330f3e64ce499404cd25833fba87f,fd62c4a508d62c7d0f38d99aef94deb6864dc05f03d24fe96defcff291687702
pm:vm:photonmelodies11.rio.004:426952928:00200472:00850,cvm,……………………「咻地一下」姑且还能理解，<0A>「唔嗯」到底是什么？<01>,[],layout_only,16aa73ec336e359489106ac1b6f9b0872f9091594ecc625c2ab2c3913f2218d5,2b2fa36ca16d509de3b0927c01e2c88f2351215773dc486185dd2eb4f8db9cc2
pm:vm:photonmelodies11.rio.004:426952928:00200704:00851,cvm,【慧】「…………要用语言说明，真难呢」<01>,[],layout_only,148a24527704f267d54ff810e351ce65a8b475e15dc336fbc04bda07edb0b2b7,f23df741dee4b66a2d45bfa29216eee3d4bd40a83083176d2a5af186ba23aa71
pm:vm:photonmelodies11.rio.004:426952928:00200748:00852,cvm,【武】「解读起来更难」<01>,[],layout_only,218a962455e17b4a56597b34017f5a70e2d7713f329cbc0eaff39b8855d5f1d2,5c36d133ac16739b79000b20348ce57afcd7a040caeeba8a977f67e1518c9add
pm:vm:photonmelodies11.rio.004:426952928:00200792:00853,cvm,我彻～～～～底明白了，昨天玩完巴尔加农后，<0A>彩峰为什么会对我和纯夏的互动有所反应。<01>,[],layout_only,a2f522df143f87ef2b3eef29d3756d1c660de8b290393dd989102fce3f3615b1,94c080b49ecc49707d8c73e19d1499e92dff3c2ab2e6bc75b72a36d6760a6d20
pm:vm:photonmelodies11.rio.004:426952928:00201056:00854,cvm,【声音】「喂～！」<01>,[],layout_only,65129602d2399ebed28bd8eae969588268b96a7127411ede4feccf9814c285bc,c1a545c10b71091eadf53cdead1dd75e4df6fad79261d78a7853ca021b78605f
pm:vm:photonmelodies11.rio.004:426952928:00201660:00855,cvm,【武】「哦，柏木…………没想到花了这么久」<01>,[],layout_only,69891c1191805215ffd7ef737d5901761abcc7459a02995119a1a601bd67b2c7,50a58b460a9c3b107031ea3df2c7ac5ed3ceb74a5906371f878ed3623b4cfc23
pm:vm:photonmelodies11.rio.004:426952928:00201916:00856,cvm,【柏木】「抱歉抱歉！缆车那边很挤，<0A>找你们两个又花了不少时间…………<0A>我没想到你们会在这么靠下的地方」<01>,[],layout_only,55005616cfa10dd44461521c65ac15b70f7654d6f020d100a0b8497bcc46bc14,04a1b1e0d0dee8eb1336f7a214af0880a5e2b888638ac61da36e251d1d84695d
pm:vm:photonmelodies11.rio.004:426952928:00201960:00857,cvm,【武】「啊，也是…………听你这么一说，<0A>我们确实已经下来了很远」<01>,[],layout_only,7454d228d2e6724fc6b65d6608385f986fb6eb32209a5fa82c7ee93b11527795,419f1eda98ab0f5e50e7b2fcb597a54a4b34dd7b1374119dd0dd8550f49f0a6e
pm:vm:photonmelodies11.rio.004:426952928:00202192:00858,cvm,【柏木】「话说回来，真是判若两人呢！<0A>从远处看，我都没认出来」<01>,[],layout_only,cf35d1d1c8a62be0d2b161e69028cfdd4d623125bc9590933f49f26d4e1bd21d,dd2e1059de4849440293d30c10601afa0b753e76fc4f2aef016201375aca21ec
pm:vm:photonmelodies11.rio.004:426952928:00202236:00859,cvm,【武】「你这是什么意思」<01>,[],layout_only,64ab68fb51c3d0ae0e592c934780d08edf755cb3b7e9a71b641f5fcf3afddc8f,058953decc53c8ae72a7bfe28c15b10c5f10014627ff15caaf6a7e0797b4b260
pm:vm:photonmelodies11.rio.004:426952928:00202468:00860,cvm,【柏木】「因为我本来以为，<0A>只要找一个在雪地里滚来滚去的人就行了嘛」<01>,[],layout_only,a6347a82c260fb532fd3cd159c305dbd471ac8f4b91e57b1d3975b7b3e483d3f,1d1cba09549a5313d1773f865fe0992dd9ca3d10a454ebe4659d1162c10b7b82
pm:vm:photonmelodies11.rio.004:426952928:00202512:00861,cvm,【武】「——太失礼了！」<01>,[],layout_only,155f448ced7ebd9847941768557d4c66ec0db8007dd21e87343be5997129745a,d8aa026f762f67e45b5f037c2fa9d38e3b7cd143209fa59f7c5be5dd54ff3190
pm:vm:photonmelodies11.rio.004:426952928:00202744:00862,cvm,【慧】「不过确实一直在滚呢」<01>,[],layout_only,2469d8dcc6bda3be5c2b1e9de47378fa288298202bdac53310c7e067ca62212b,49e181ee1a24fcedc19d7f5c8bcd2c0090259d16acfe9d6dec31b0ba20e3676c
pm:vm:photonmelodies11.rio.004:426952928:00202788:00863,cvm,【武】「请容我声明，那是因为你的教学方法有问题」<01>,[],layout_only,52bb1218063873fe1052910c760be069ea6dad080be60504ec5bfdabaaf7d872,a07fd2743b638a2d68aaf4a02ee1bf33c157dfab196741d779c7cb147ef911b8
pm:vm:photonmelodies11.rio.004:426952928:00203140:00864,cvm,自从「咻地一下」「唔嗯」之后，她大概也多少动了点脑筋，<0A>但什么「要有种性感的感觉」「要有种背影蒙尘的感觉」，<0A>还是一如既往地抽象。<01>,[],layout_only,571f1f3ca4fe06681211c4a425a8b35d304127a1080cff65c3ddddb4627550f7,df86f93c9a86b343bfd3b30c8034b1891bea39cadfb3e2ca0a3cae475fcf4048
pm:vm:photonmelodies11.rio.004:426952928:00203184:00865,cvm,还有什么「像坐着用膝盖跳起来的感觉」…………。<0A>——谁能做出那种格斗游戏角色一样的动作啊！<01>,[],layout_only,10022f1f720dce455c14af154eb64145e2c8fa6916e0eed5b83e609cd728a095,c53c22b2a8f17b53356ca2a779911498ff3f81321c2d64df6cf1ed99c0bb22da
pm:vm:photonmelodies11.rio.004:426952928:00203416:00866,cvm,【柏木】「不不，就算同样是在摔倒，<0A>感觉也完全不同……………………<0A>不过，看起来你在这么短的时间里受到了相当充分的锻炼，<0A>有变化也是当然的吧？」<01>,[],layout_only,7724eec5a32c6cd985d8defe42ddbd9c8c54c20f5c639377b7fcd6fac4a4fdef,ab0bf0d78ec28a2c929bc1502446299e47050e92d8e75c3e76d530ea24bb4f6a
pm:vm:photonmelodies11.rio.004:426952928:00203460:00867,cvm,【武】「嗯…………？」<01>,[],layout_only,3e44e1ea0bb64cf161029120052a4706dfc08c7c2355093adfba4b1904748b51,cff1150ccd1e336776d839ebdd3abb90457d7f0dec81697b4a75a41c241c3081
pm:vm:photonmelodies11.rio.004:426952928:00203772:00868,cvm,【柏木】「你不是全身都沾满雪了吗。<0A>彩峰同学也稍微帮他拍掉一点啊…………<0A>啊哈哈，连头发上的雪，都已经结冰了」<01>,[],layout_only,6b672c9eb07fae82e9034f7966a1f61db96e7159e58908f2eda60a139af09bb4,463c52125d4080458562d8bc083b4d2678c76d8670ad110ba08a90afb46e8c6a
pm:vm:photonmelodies11.rio.004:426952928:00204640:00869,cvm,【武】「柏木～，你真是个好人啊…………」<01>,[],layout_only,ffc88165f8d0cc54d28a797da79f2069082cf15567496286eea54dcc10e97f77,1e2861d9c4e44c3b26eda9cd96437cdc4815ab7d0a28c4513c782d10b401f5c5
pm:vm:photonmelodies11.rio.004:426952928:00204872:00870,cvm,【柏木】「从刚才起就听你好几次这么说了…………<0A>白银同学，你意外地很渴望温柔吗？」<01>,[],layout_only,b32536b27ca35c05feeecb637b1f2749ff5567f7232b5a7b579a7726950b38b2,b4e6a7b7635b269403f5df1f8e11a494675e2e1a53ed09ce90f1a89b091514e6
pm:vm:photonmelodies11.rio.004:426952928:00204916:00871,cvm,【武】「啊，没错，我都快饿死了！<0A>我身边不讲常识的家伙实在太多…………<0A>现在的情况就是我在拼命向大家散播温柔」<01>,[],layout_only,b0d377658b397849d2e1f614c4310f57578acc7e999cdfd59d8aa27acb1d559f,1128168ec0d13feb4106ed293dc59716558872907f5a2c02ccbb0f0fa7fa7f86
pm:vm:photonmelodies11.rio.004:426952928:00205020:00872,cvm,【柏木】「哦～～，算了，<0A>如果这种小事就能提高我在你心里的评价，那还挺轻松的」<01>,[],layout_only,45f1142f9b69a28415064e91361e1dddd0e5f560f997160a4c71901336cf5e84,b5c84e9c153668bdf56f33616b21589bdcd3fc9a1b4478faeed0a900cacb39ef
pm:vm:photonmelodies11.rio.004:426952928:00205240:00873,cvm,不过你也有着，其他人所没有的严厉和冷淡。<01>,[],layout_only,4b776633bfe117e096dae907bf111cbc6e009c755c1b119f383b620387fbcee3,78dc9d7c9291bae1c61c6e152805ac2191cff7c27e8fa94fffb91fd5ae083d7a
pm:vm:photonmelodies11.rio.004:426952928:00205284:00874,cvm,【武】「啊，对了，柏木」<01>,[],layout_only,a29fdb17ac1cc498b65349fde3d13a15bfe1fd0794c0ff26f51ed46e693c62ec,0d1ec9c210e1f966421e52a2b233836fe49c1ef22420c00e8badb07a7e459fbc
pm:vm:photonmelodies11.rio.004:426952928:00205784:00875,cvm,【柏木】「什么？」<01>,[],layout_only,d17d1e4d597c62a6bc7298d10613580697d93fcc5c2a5c912e7c8252d6e88d73,8056fbed8e8c5efa9176a6f4a68353bc10c8063e235f8690a03e91355377fa38
pm:vm:photonmelodies11.rio.004:426952928:00205828:00876,cvm,【武】「就用你的温柔帮我翻译一下彩峰的话吧…………<0A>要是能听懂她那个国家的语言，情况应该会好一点」<01>,[],layout_only,8cab8f19d3f7793c3679b9df3944348669283bea55b852e82341edfb6821043d,35d82f68882e35ffd19622ba95ba33891718d947969464fc669f9a9ba8e6fcba
pm:vm:photonmelodies11.rio.004:426952928:00206088:00877,cvm,【柏木】「…………那是什么意思？」<01>,[],layout_only,fe62c1204aea611663cec7712d89e4b422b33bcaeb5988569bf1a6b69f30a102,93e0d5257d8dd16fedaed11d0591c40c1efc2ba7883c7df4ee45653ac2279cb9
pm:vm:photonmelodies11.rio.004:426952928:00206144:00878,cvm,【声音】「小武～～～～～～！！！」<01>,[],layout_only,6dd95418df4ea798c82b2874d394ceef9311dcca82b8072c89b60032ae3a6b8b,0133130d8102a69f72aa0799c90d947787dd40a6b392b21968c8c55dcbdcbf86
pm:vm:photonmelodies11.rio.004:426952928:00206496:00879,cvm,…………嗯？<01>,[],layout_only,bd5cacb325df4f8d389c319de0f0c4a25b73448036d6901d63dc6707ed78fed7,ea2ad10933551d668ab9f5f3a51f735eb3c860e7e9643f150543c2af16a38162
pm:vm:photonmelodies11.rio.004:426952928:00207248:00880,cvm,【纯夏】「嘿——咻！！」<01>,[],layout_only,0d1113ca5960ae75f71fef8bf00e333326977965e005125d0231c35b14415e42,2609de968461d2e4ad6e3a2673e8988e6e1010e5b9fa18a9bf014d059d5eaf7b
pm:vm:photonmelodies11.rio.004:426952928:00207292:00881,cvm,【武】「唔…………纯夏…………！」<01>,[],layout_only,bd0dd62b4b43c3d5ad0dc402d54965102bce732c995ec9f18fb8cf760b7d0abe,e09520e3c62611dd525203af4e7b8fd43bfa5badffc00591617a698b4ecdfa0c
pm:vm:photonmelodies11.rio.004:426952928:00207336:00882,cvm,…………这家伙既然敢那么说，果然有两下子。<0A>停得真漂亮。<01>,[],layout_only,1faa6a10d602802eddc1d7881863f96daa88774d38f545194e7fbe569e5d2742,4467283696c266d898eaf14e610cc1c2b9be8026317b18aecf53ff426057f60b
pm:vm:photonmelodies11.rio.004:426952928:00207904:00883,cvm,【纯夏】「感觉怎么样？<0A>没有给彩峰同学和柏木同学添麻烦吧？」<01>,[],layout_only,a50a01df0038750b4ac87fd4ef4da03122bd2fcd252503b2af7a7c662bcdd7ab,cd2929914d2affd8badb448436ad9d118a75aa6b6ae7b138e45e9cb931747d10
pm:vm:photonmelodies11.rio.004:426952928:00207948:00884,cvm,【武】「烦死了，你是我妈吗！」<01>,[],layout_only,e5e73527a5718b1975bd151b61934611a00aae49969173018deccfcf459213db,c5c0d7668f663586e57ba68c2f348217c03c969ebd483f927d52d8d6408218f7
pm:vm:photonmelodies11.rio.004:426952928:00208004:00885,cvm,【慧】「嗯，添了不少」<01>,[],layout_only,dc94f77d1e27f9e325337da3941a0dd7adcf3c71296abb6ad8a6a094803a4fe2,e41755a639ce7f156329448c6e088cc4418f86fbadc61178251ea13ebe89f24c
pm:vm:photonmelodies11.rio.004:426952928:00208236:00886,cvm,【纯夏】「啊，果然？」<01>,[],layout_only,98fef7af85b220fba9f295470884e85aca4f3018eea22d2d5d9e7d3b31fdbcec,018a2a8e3f122c0ca359e174c37dfe1a72971950d88bc574af1518975225bc57
pm:vm:photonmelodies11.rio.004:426952928:00208280:00887,cvm,你们两个～～。<01>,[],layout_only,782b6ddab4057635749c4c62ad356015457202c3422f46d191c8980ed0f617d4,8581433cd4bb71934c5c3aa2f60937b370285a639ccb24adc6fc45bba5335410
pm:vm:photonmelodies11.rio.004:426952928:00208780:00888,cvm,【柏木】「你怎么知道我们在这里？<0A>你不是去了别的雪道吗？」<01>,[],layout_only,ef719365c7afa6cd323badeb41809454be54fdf0ac7033c6adf71823dde09f7f,61ccbd09b45863294bc2af318d53844dc4c480aff3672dbf8bcb80763d479687
pm:vm:photonmelodies11.rio.004:426952928:00209148:00889,cvm,【纯夏】「是这样没错，不过我想着小武现在怎么样了，<0A>就找了找…………结果马上就找到了」<01>,[],layout_only,c9784011a0f526a779b2de40bf817423f1db59d294b2de1bf24550d3b56a9246,ccb10c919e8775956133f2b85233133e40e90ea93a95767b63c60594b81d9bd3
pm:vm:photonmelodies11.rio.004:426952928:00209192:00890,cvm,【武】「…………反正，你是想着找那个<0A>在雪地里滚来滚去的家伙，结果正好找到了吧？」<01>,[],layout_only,5770d67b3d8ca41559c419b814fbe6e45f22b38b2ee02a5b725b1f369c5c41bc,00f095b4d5f9b9c06be4b4996557d28f2ad9462e19eb73fba32b1f0b05e9e4ac
pm:vm:photonmelodies11.rio.004:426952928:00209424:00891,cvm,【纯夏】「不愧是你，真了解自己呢！<0A>啊哈哈哈哈哈！！」<01>,[],layout_only,07af9b6cba67bf01768f70ba1a34a2fe5bc99254eadb569092411a423e7ab3f9,547b989edeb766c342330017f052cef4b70f6be4927029e2aa9cdfee8db52007
pm:vm:photonmelodies11.rio.004:426952928:00209644:00892,cvm,——唔～～！！明明只是纯夏～～～！！<01>,[],layout_only,b37bcb0de95c5a73d7718e3c49d713470ea8dec73295871e7af707f7ae041e2e,7a1a33a4983cc269be42d3b80d400ad966dbb1f709833e3e846300f9eb9c5164
pm:vm:photonmelodies11.rio.004:426952928:00209688:00893,cvm,【武】「…………话说，你到底来干什么？」<01>,[],layout_only,96896016991a563304da9dc5d3a8f3e991596eba3e43d15ed1ffb24bb3400c3a,038b430d9c4ea4279da0ec37ab4019b489d84ce05848ea811286faa1d30710e8
pm:vm:photonmelodies11.rio.004:426952928:00209920:00894,cvm,【纯夏】「没有没有，我可不是特意来取笑你的哦？」<01>,[],layout_only,8d56ccc2b70913dd47b0c59cd5c4a0806e60d504e8656418b8d261df7fb908d7,432e79f9ae1621bcb70fb196670723fc869d1df2e405a59316d96472ae893244
pm:vm:photonmelodies11.rio.004:426952928:00209964:00895,cvm,…………你就是来取笑我的吧？<01>,[],layout_only,a6f13adccbb1c792ba52eaf4b72dd97d68f46023cd9944db00e339c90d166a8a,3f9ebf6583052aff793ba3c508290f35225d77a77fcc129e858ffd297e7d70b4
pm:vm:photonmelodies11.rio.004:426952928:00210008:00896,cvm,【武】「我说你啊，你要是看我现在这样就太小瞧我，<0A>早晚会后悔的哦？」<01>,[],layout_only,ff5a227be7d68842816a9653a62712aceca02edb3833990f1ac049847c7ac2bd,a4f3690012f9b2c52959403f3b83d94c872850adbf7e61cc161b1ff8df7f7705
pm:vm:photonmelodies11.rio.004:426952928:00210240:00897,cvm,【纯夏】「咦，后悔什么？」<01>,[],layout_only,1c9d0a2f3e34ea43fbccc646a23916a4c02bd1d525996c2bfdaf1e1387edbf7d,fd7375e34da7546f516d6a4631f4d94b1b2555355c48364b3de228c9e9d9ebf0
pm:vm:photonmelodies11.rio.004:426952928:00210284:00898,cvm,【武】「你想沉浸在优越感里…………算了，<0A>这种程度我就睁一只眼闭一只眼。<0A>但是，你要做好遭到十倍奉还的觉悟」<01>,[],layout_only,9817db93f93b4576d18c1c3e391dd8c547bd2bd78fa4c079cd5b09e07487cae5,5d812839f88e334486394b9f4fcaada63e7b178c9279bd30c326ebbcfa3c5355
pm:vm:photonmelodies11.rio.004:426952928:00210340:00899,cvm,【纯夏】「十倍奉还…………你要做什么？」<01>,[],layout_only,6481b5dc92aeaa27223e707f5aa058bbe826ac520cb68587d6f39e95ca207520,a07bfdb54fb8a103dc57c060d4c55b2ff8e9b08b57fce2da93abac807b0ba3e3
pm:vm:photonmelodies11.rio.004:426952928:00210384:00900,cvm,【武】「这还用问！我要潇洒地从你身后出现，<0A>一边说着『哼』一边超过你！」<01>,[],layout_only,6cf93e8faa165242b007f34a62d24d8981ee4453f295a0ae288842edeabea6da,d68ec78c04d00bf6f089df20180502ea83246a88140464c88748ad04b88247a2
pm:vm:photonmelodies11.rio.004:426952928:00210616:00901,cvm,【纯夏】「咦～～～～？」<01>,[],layout_only,ddf8116274a6eecd90add48f98f96f8cb65cec47161220a9ea1faa40dac08519,b80679e58d847601a49a8cdc2904de79e017da8e5580fd7caa7464f308631928
pm:vm:photonmelodies11.rio.004:426952928:00211116:00902,cvm,【慧】「那样的话，现在姑且也能做到」<01>,[],layout_only,a3d5fbf4293e6e92cee065adb3d9a278491671078ac918ced372d51381bc710a,811685147598f54946fa261b8ca5ffee4d39a303ea75d65e772989c440fcd7fd
pm:vm:photonmelodies11.rio.004:426952928:00211172:00903,cvm,【纯夏】「不过之后会变成雪人哦？」<01>,[],layout_only,e97f07b1afe2571718e97d5bbcb79f0e302a971976a815ce587464692559e0c0,d1743d83c8d8660e46598f823be4419fe15aeb669016abd538c056f12aab69a4
pm:vm:photonmelodies11.rio.004:426952928:00211404:00904,cvm,【慧】「没错没错」<01>,[],layout_only,13e6451d6eb46cb1645e1a04b153ffcc418d2cf28ba09e6ade50815623be9057,e48c71f23599003c0620a6b8f063ca181e381ee864529d1d9c624927c845d4fa
pm:vm:photonmelodies11.rio.004:426952928:00211448:00905,cvm,【武】「啊——！不对！！<0A>我是说要向你展示无可挑剔的华丽技巧！！」<01>,[],layout_only,fc0cfa2e48145a0d11fceb9388a4478bb511697912b9e3291cadbe1dcae36bcc,c8a65219802a98f20b6ef77754f087d9153ae52dfbe43cdaddd36109ed2e90b7
pm:vm:photonmelodies11.rio.004:426952928:00211816:00906,cvm,【纯夏】「…………什么时候？」<01>,[],layout_only,9ca123744ac6645b1ebea5c15a65b507c9a9be3cc452f4d2d0eb8cf4ccc06adb,1345839740daf95b77e679ce2e4b3f2e9fb643af9fc26f9e4f9f0ac87d2da447
pm:vm:photonmelodies11.rio.004:426952928:00211860:00907,cvm,【武】「啊？」<01>,[],layout_only,64cbdbf3333214f90acd975b2a2aaaf6d28fa1a32fb1b5a588188178fd349ebb,cc1f42f2247a10e0147c5d83f93969f4da6284f91c157c7ea77ef8fbab2ed49f
pm:vm:photonmelodies11.rio.004:426952928:00212092:00908,cvm,【纯夏】「因为啊，除非发生奇迹，<0A>小武要变得厉害………………………………<0A>得等到几年后？」<01>,[],layout_only,cb5b583421822e415de6e3fd95e7bdfc443e75d37bcb84b7bfb45ca935e02fa5,25862eac26ed0ed85328205737041734ed24e06eab3c7cc34f11181d367ff619
pm:vm:photonmelodies11.rio.004:426952928:00212136:00909,cvm,还真让她越说越来劲了…………。<01>,[],layout_only,f6419c3b29d3979e76a284b75f0c98be6f03126d23e728f70ea039f47d31fe71,dab5fc39877dd0c9e16dbfbdecd457c352425bf2f3b7ea76f11cfb2c4778b4b9
pm:vm:photonmelodies11.rio.004:426952928:00212368:00910,cvm,【纯夏】「小武，逃避现实可不好哦」<01>,[],layout_only,f16143421bdd6ee48a90127f6559e6fbf6de08b4e53358e23117470f8bcc40bc,558044dcdec7a6dbd855087bfffd27d519af4b2648496d51682e808684d91b23
pm:vm:photonmelodies11.rio.004:426952928:00212412:00911,cvm,【武】「哼！我啊，已经懂得享受乐趣了！<0A>不管做什么，乐趣都是第一位，技术自然会随之而来！！」<01>,[],layout_only,09775a8689b15e2cde6b7d161206548b1b0836a38c44d1cfca98d4a8f816e51f,c52b179253d7231c220693f34963ddc90fd4cde7d6273f26c61532e793c6c781
pm:vm:photonmelodies11.rio.004:426952928:00212468:00912,cvm,【柏木】「……………………白银同学，你说得乱七八糟哦」<01>,[],layout_only,9d439a7f106205557f3cfabae0acdc9a5071edb315dbdfaeec68795ef6c74699,fa1ea31af8eff4a1c4d82abd1371caa07bd050f88841a2dcb8adeaf6fa045fa8
pm:vm:photonmelodies11.rio.004:426952928:00212700:00913,cvm,【纯夏】「好了好了，柏木同学，他一直都是这样」<01>,[],layout_only,c659b4c17755dbc62944973f8eed5f5ec596237708c56300ed88766097eed79c,be99c5fe1bbdd148285c636fed1b127196a50f309d0f19e32acd2045ccca1544
pm:vm:photonmelodies11.rio.004:426952928:00212744:00914,cvm,【武】「你说什么！」<01>,[],layout_only,1d2c15b673c7c566d604041684a3dbeb1dd038435e94d089a241866717d2cb99,ede2edc5188593cfd285b08112a46ba3baeffcc8180fbf0f17d54299ba40976e
pm:vm:photonmelodies11.rio.004:426952928:00212976:00915,cvm,【纯夏】「不过…………今天好像格外不正常…………<0A>发生什么事了？」<01>,[],layout_only,ba296793352195031ab9a0cbeee4fb2b66220f5b895eb761365b542857f36974,15df20984a9ca1603d858669063ff87d04321bbc543059ad80e3b37c7152b69b
pm:vm:photonmelodies11.rio.004:426952928:00213032:00916,cvm,【慧】「他摔倒时撞头的次数太多了…………」<01>,[],layout_only,72d9bdf81779afddd4e91aa16554756f3b8d8bc21dc88e564e9491d61c95b8f0,71718b622de5a85564b79c950ed70bc71a86dfd25f85b1dd97b20974a75c42d0
pm:vm:photonmelodies11.rio.004:426952928:00213264:00917,cvm,【纯夏】「啊～…………」<01>,[],layout_only,a53830f7216061e79b7ce7deaccdbeea9c44397599d84034b39d53632b29e08c,1d6111f328d681cfc1dcd1cef03d7874e62f1408f5ca7053807bae67d80eae9c
pm:vm:photonmelodies11.rio.004:426952928:00213320:00918,cvm,【慧】「我们已经尽力抢救了…………」<01>,[],layout_only,13b6c798e3096b23ef7d50d8b292fcfaf40a73e4bd3e8e26b6d2a87399b76f21,195e3f2d5f6f6b3ea3bbb832c8902ff6b04daa0c0c22744c0c0aa257c7e8d390
pm:vm:photonmelodies11.rio.004:426952928:00213552:00919,cvm,【纯夏】「这样啊…………」<01>,[],layout_only,17d1d3dd9ddc04a9c249bf013a9fdf557c4493e0266e5a7d59fe55527b2f32de,b3cdbd7170b7c7599f50d67e62f5bc73af13b7eabc7e790866c44e880b6d99ec
pm:vm:photonmelodies11.rio.004:426952928:00213732:00920,cvm,【武】「——吵死了吵死了！啊，真是的！纯夏！<0A>我绝对饶不了你！一定要让你尝尝十倍奉还！！」<01>,[],layout_only,2420bea90bd9f8b7c3f9b3bd98499d5d79a8b1c0f074f9a92ca032628a08ffbe,3453aabf7c4b7fc005b1c8c8d0c9c65590dfd4c980bbcfd3530746890bda4b25
pm:vm:photonmelodies11.rio.004:426952928:00213964:00921,cvm,【纯夏】「不可能不可能！」<01>,[],layout_only,ff31f1f9c4133bb69090cbe78321007f85c110b823d05b6dcab22754c0ce5a24,2d23579f0243528aadf2d318949f10be95866f7ddec1e38a3a2680122f57abdc
pm:vm:photonmelodies11.rio.004:426952928:00214008:00922,cvm,【武】「少啰嗦，来比赛！」<01>,[],layout_only,e79bd5b0417d056d266932cadbd5d6cbe4ceb8510d8293f74f3c55064be059d5,cdc52e477abaad2efb866c94a375e7ec64643a8787dc22053c02de341226ea04
pm:vm:photonmelodies11.rio.004:426952928:00214240:00923,cvm,【纯夏】「哈？比赛～～？<0A>你不是要从我身后超过去吗？」<01>,[],layout_only,59940bb292ea16fb2bc727767857ec84f7f1e75b11a709c25656cea271ee4c9b,d3034f848519d4deee61703af9bf93b0a5ed583d0bf4d0734b90b100133730bd
pm:vm:photonmelodies11.rio.004:426952928:00214284:00924,cvm,【武】「那当然也会做，但光是那样还不够！<0A>我绝对会让你后悔！对了，要百倍奉还！！」<01>,[],layout_only,a39e9949604b4e45d360ff2ad49b777634af4af5afb7e54975875eec778497d2,002e5b3e871612e534618562f697a8daabf0d5f743259c79f3ff74ca785af2f1
pm:vm:photonmelodies11.rio.004:426952928:00215332:00925,cvm,【纯夏、柏木、慧】「……………………」<01>,[],layout_only,c819c91d812bf6dc4b745fcb638adf676d0c791feeffa750b5b785e80ad001e7,f9fb2c4197c7c63b929c0b244ad675278bb4c754a20ad6e4639c1a52159def7f
pm:vm:photonmelodies11.rio.004:426952928:00215700:00926,cvm,【纯夏】「那个…………姑且…………<0A>该说是为了保险起见吗…………总之我先问一下…………<0A>你说的是什么比赛？」<01>,[],layout_only,808ed6e09fd142e74a35825817173b44cb14d51157733df7b7bd9015efbbe8dd,cce8c52a8346238e38a9c0ee52994ed346c32de482fda855a38e1b78cd0b16b3
pm:vm:photonmelodies11.rio.004:426952928:00215744:00927,cvm,【武】「这个……………………对了！<0A>我们用双板滑雪决胜负！！」<01>,[],layout_only,0a9b7368c5038fdd7dd31da2855fd5eb7808bc119254a35fa07046890e2ed00c,24d8072c708c809417736c1deac8e8a19a026099c79d68f073c31cd5e4756921
pm:vm:photonmelodies11.rio.004:426952928:00216780:00928,cvm,【纯夏、柏木】「咦？」<01>,[],layout_only,bdd6b29b33a237257d6a6ee39db212fd48da6b54be75e3fb2421268b3fff3f1b,1220435e098a7b371b148fe6bcce6db686d7986251ffa27c4bddfe9f878c47fa
pm:vm:photonmelodies11.rio.004:426952928:00217308:00929,cvm,【柏木】「等、等一下，白银同学！单板滑雪呢？」<01>,[],layout_only,b88cb7c92d9dd452778a6f81306e6e54cd17d7c2b82c193d78da098fc597686a,dec392aa223773562a669f1de9fc000c36dc52a5d9e74d6dd5d36fb41fff6910
pm:vm:photonmelodies11.rio.004:426952928:00217352:00930,cvm,【武】「哼！让纯夏玩单板不是太可怜了吗？<0A>所以就由我来迁就她」<01>,[],layout_only,124b5da3952d0fab3e3c258b00a01a0f806c299d494fab8fa1d19a929db989a5,3618432bdc05e5022ba76a8c8fb22a7fbb833f6bbee1c00db11f49adc4a3d7c5
pm:vm:photonmelodies11.rio.004:426952928:00217584:00931,cvm,【纯夏】「小武，你已经连自己在说什么，<0A>都不知道了吧？」<01>,[],layout_only,8dbb8ea7bc60e9f966d006977b0661a93b8a5d6419bc6c651bc3e1a982a064dc,2ad0ee296d5bb5a5d623e712186fe0f5991be369fe21fa45dbcf927d5294c5ff
pm:vm:photonmelodies11.rio.004:426952928:00217940:00932,cvm,【武】「笨蛋，如果在不同项目里比，<0A>只会给你留下找借口的余地。<0A>没什么，双板滑雪和单板的基本原理也一样吧？」<01>,[],layout_only,f69726f06e43e5abfde3aa9f2c0896f5b09857c5fcb66e2eeab1897d1448c611,701834fa6d753b5681bc1c1e8f6f0d56e698b4c2f50ad34a96c52bfe3389cf5a
pm:vm:photonmelodies11.rio.004:426952928:00217984:00933,cvm,无非就是一块板还是两块板的区别…………大概。<01>,[],layout_only,954976ace8a6ccd0f5054e133eb47d1ab3e4e9e9d99e9b07f282a697cef565c8,f70116f8c4d1c8462a79ff15af851d0eb6f5a202dcac758dfca05ab8c6a5d705
pm:vm:photonmelodies11.rio.004:426952928:00218028:00934,cvm,不，倒不如说，我甚至觉得双板会更容易。<0A>毕竟两条腿是分开的。<01>,[],layout_only,38ac0483bf714b2f63319344c51a0904e1501de6c5cd3600b3c81a3d5a21d4aa,5a0ef6edef9d9b8cf8e3befcab5617ab5494d8e90ac8085f0639de45be166c33
pm:vm:photonmelodies11.rio.004:426952928:00218260:00935,cvm,【纯夏】「哈啊…………是、这样吗？」<01>,[],layout_only,f93891214cbd7415e1ef71f0322a0176257cd496292595106f21b462e66c51a7,62d319d569b7895cb22e8710d94b55eb1fbb803d49d9a533b3a81f627c769488
pm:vm:photonmelodies11.rio.004:426952928:00218760:00936,cvm,【柏木】「嗯～～，我大概明白你已经下不了台…………<0A>但真的可以说这种话吗？」<01>,[],layout_only,9cc54effffa5657ac8f39ead3382b1f9614be417361d19eb8231a0984091ab02,ef576a361c6aa9119f3ea8a804d7506f7ed440ea49e5bc0f5041c3fdd9661c9f
pm:vm:photonmelodies11.rio.004:426952928:00218804:00937,cvm,【武】「我说啊，我也不是毫无根据地说这些话哦？」<01>,[],layout_only,51cf4d2b9a3ff6ee77bc11534e6da1c856a75c76373df590f768d8b25f8ff099,684c8c742c526a40b966ef73cbc65b18657ed34d897d12d8d1edb56203a13f7b
pm:vm:photonmelodies11.rio.004:426952928:00218996:00938,cvm,【慧】「咦？真的？」<01>,[],layout_only,7ee24ede92e15b8816c88322504e0adf72d8764bb00b78aad52e062b98233252,e7e53b448a3e2579e220aa8eb5246953fabb1757d70204ba771ccfca90758e1c
pm:vm:photonmelodies11.rio.004:426952928:00219040:00939,cvm,【武】「少瞧不起人」<01>,[],layout_only,33305025e6ce168c5e3598090ab42259fbdfc03b7cd2736173fa11943dd85109,fa508fc063fe6de598f619cda61358b4d408b253570d6544aa716228f5b55c61
pm:vm:photonmelodies11.rio.004:426952928:00219392:00940,cvm,我当然知道这场比赛对我很不利。<0A>但是，我现在切身体会到，做任何事最重要的都是干劲。<01>,[],layout_only,f825c942e733732d928219372902e47eae4c37fe8c3c8a908b571b2f1a9ce492,8de8760019a743c8789023bb88cc9370bed791c1c6a90d3f1be26ad910844676
pm:vm:photonmelodies11.rio.004:426952928:00219436:00941,cvm,最妨碍进步的，就是怕疼所以不想做，<0A>或是速度一快就害怕，这些胆怯的想法。<01>,[],layout_only,bd4dff4340152fd5f76e8536a6099485a2848113efa97f3592ac8c3b08fb6b4f,f404aee92be4bed62c4eefd65f38e7d0f161df8b7cf15a76686a7188ca7f1e28
pm:vm:photonmelodies11.rio.004:426952928:00219480:00942,cvm,只要克服这一关，无论什么事都应该能做到一定程度吧？<01>,[],layout_only,e8566e1546e7cefe6c3773ef6e457339320e4b5c29f8778045bd755c7d54ddd4,c8a29c5000fca303887dcc66c4e583018e2f00e462f121bb860788b966bdecbe
pm:vm:photonmelodies11.rio.004:426952928:00219524:00943,cvm,人的身体会浮在水上。<0A>只要敢把脸埋进水里，就能浮起来！<01>,[],layout_only,3065d9940485ec1b885ace236f04bc6355c1c43f75ee40858ddfce3dd63f5300,fb0d3fa57c35a6f2f31d55f5428cc05a2c8f98947f78800e177806a4ad63c2ce
pm:vm:photonmelodies11.rio.004:426952928:00219568:00944,cvm,双板滑雪也一样。地球存在重力。<0A>只要不害怕，站在斜坡上，什么都不做也会向下滑…………<0A>彩峰，这可是你说的。<01>,[],layout_only,698e0a26ef2c37da5a80d87f432b2672c0f6b2b97e40507344b347e716022c6f,ef5408161c88bfcce32199ad14563410677db01e135145e49ed4b120c5711e92
pm:vm:photonmelodies11.rio.004:426952928:00219612:00945,cvm,而且彩峰，你还为我提供了一个无比强大的办法，<0A>那就是把它比作巴尔加农，对吧？<01>,[],layout_only,b63d9b3b3529cb6b2410002d125189d4c96109a93abd88627a14a946c69817bb,db14269f4b284757410b9d2c3de0e2877edd275d98f8d2887c31fd982ef96fca
pm:vm:photonmelodies11.rio.004:426952928:00219656:00946,cvm,用巴尔加农来说，妨碍进步的胆怯，<0A>就像害怕十秒钟就死掉会浪费那份游戏钱，<0A>于是只顾着防守。<01>,[],layout_only,af6a60205c2d0455f4db71fe0794c1f38b945fba25295593d936d956c6b72a62,337c6b259316e434c2382661823e7dd88a3248a7e473c1aec07daed2eb3c60f2
pm:vm:photonmelodies11.rio.004:426952928:00219700:00947,cvm,不去在意这些，只管不断猛攻，进步就会更快，<0A>结果自然会掌握延长游戏时间的技术！<01>,[],layout_only,bba2d8b3a4729a13fff76b4fd4d0e42b04a0615a936e833d6a3169945e19ad00,9d1dad35c5a3b995af1e551565ca00fed4a03246f365bcd3a572ee7d91661967
pm:vm:photonmelodies11.rio.004:426952928:00220068:00948,cvm,【纯夏】「虽然不太明白…………<0A>不过小武好像是认真的…………没办法呢～」<01>,[],layout_only,3f0b5ff147e0aa3ea895f3b009f717901858c65ffedd6f96db9dffd5bc05e62e,5f9df1efbaa479c4f29945c986abfd057caef689cda2a9e0465a2e0eddf63ebf
pm:vm:photonmelodies11.rio.004:426952928:00220124:00949,cvm,【柏木】「既然白银同学有自己的想法…………<0A>不过，我觉得最后还是要看你有多努力吧？」<01>,[],layout_only,45cf57f59bd4d4392bc7a105e5d9be3c2de406ba10ab0938b624a8766949d2ae,4d3678612677847e67c31e36b7357e65cffb813552a457db7df2a32907ca563b
pm:vm:photonmelodies11.rio.004:426952928:00220180:00950,cvm,【柏木】「我只玩过单板，<0A>不知道这些经验能在双板上应用到什么程度…………<0A>不过挑战各种事物本身也不是坏事」<01>,[],layout_only,0234880c445e446e9554cad4594696d59b59581bd1fb312fa5b86e5f8597a1dd,60ff24d9f716b5fa92253a7f99d34d88e189be90ee5d080aedf36895897453c5
pm:vm:photonmelodies11.rio.004:426952928:00220236:00951,cvm,【慧】「我只要觉得有趣就行」<01>,[],layout_only,89f699fd58796a4998cc6d110a724856e94eb4bed3688790bed907a492bf5588,c2e2ea47881e66c85e8428b7b43760c363b941db36968eac623cbe9905568160
pm:vm:photonmelodies11.rio.004:426952928:00220280:00952,cvm,【武】「好，就这么决定了。比赛定在明天下午！<0A>地点是…………这个…………」<01>,[],layout_only,183c4181679577948fa7479eb66c1be1d9a37d625bccd42a6151d9544cc943a1,cc6ad86b3a32bd9fc001ede7e450902943244209c6df88821f7245c8c6f42ed3
pm:vm:photonmelodies11.rio.004:426952928:00220512:00953,cvm,【纯夏】「就在这里吧」<01>,[],layout_only,c6c098bfd63fdebb4a0dc4b0b1bb3d14e0aa8eb61219de7dbf041239dfc72cc4,44f8d2a710b5770d66dcf391799f7521dae8a09c4da7c6ae0f5dfc85302bebf3
pm:vm:photonmelodies11.rio.004:426952928:00220556:00954,cvm,【武】「好，就这里！听见了吗？可别逃跑哦？」<01>,[],layout_only,b67de8777b20c344d7d6efed027b19eabd3acb1cfd507f6ee9737972e1e63581,b51dbd97254661cb7118fc2d148a32afea04372d5f2ff45a34e882a8667ff921
pm:vm:photonmelodies11.rio.004:426952928:00220612:00955,cvm,【纯夏】「…………嗯，好吧」<01>,[],layout_only,1f658b097c96de76939921f6edca10e54c47a85cd6da4b42624e883308fc560c,959c442dbc1cd7e1b5194232f542a48410685808667913ccf2b569f712e81ced
pm:vm:photonmelodies11.rio.004:426952928:00220668:00956,cvm,【柏木】「话说白银同学，你打算让谁教你双板滑雪？」<01>,[],layout_only,0061af231b7208c420878063680539767cc3008a86b003c3e0948cba0ac8fc05,bb3faa6e21efa2d4eb518dd64700f2f57a1a3be1907e5e48cee3c2ed7aa82bf1
pm:vm:photonmelodies11.rio.004:426952928:00220712:00957,cvm,【武】「啊？当然是悠阳和冥夜吧？」<01>,[],layout_only,d7e4f75da77a97f5a2d0fb98f95e985e7c63c132fad585d16044c40d30876aad,8cffb023aab0535f63b72e9008ad9832e058733d62b4007c40f4c07e8087cc4a
pm:vm:photonmelodies11.rio.004:426952928:00220932:00958,cvm,跟班长学直滑降也没什么用。<01>,[],layout_only,ee559bd69306c5219b549f669d8741db34cbad434197db554e1d9da0e22d3ac5,07046370ed5670ecd1b8c9a300ece8474851ea004b8f683a809a59de01606a24
pm:vm:photonmelodies11.rio.004:426952928:00221164:00959,cvm,【纯夏】「她们两个听了大概都会傻眼…………<0A>你就好好加油吧？」<01>,[],layout_only,cdd700a5af0cd0bddf9a6dab3d42f4db47418d13b8958829acd613cccb6ac238,65b5632955a1fd41e954a7aaf174c90e4a950b09471327a29cebb33eba19f618
pm:vm:photonmelodies11.rio.004:426952928:00221208:00960,cvm,【武】「嗯…………好了，她们在哪里？」<01>,[],layout_only,2b27dc125ff1ab6ab861e2d323cc46e2fc5181c2b916b9e95167eee30f3c5bb4,e16d4f6e046695ba3605cf06fb8e0479989ce0ad8243f62c8ef1ca2063b3db13
pm:vm:photonmelodies11.rio.004:426952928:00221708:00961,cvm,【柏木】「马上就到集合时间了，<0A>下去以后应该能见到吧？」<01>,[],layout_only,6b98ace2dbcb9a8af6b2d3d93e765e18bea40a4590e96fd7a3f9c223bcf125fe,71ea7ff3e26e704e45fb0c886a2fdcce7c1d040c3e98efb7ceda308181af713a
pm:vm:photonmelodies11.rio.004:426952928:00221928:00962,cvm,【武】「嗯？已经这个时间了…………没办法，<0A>特训就从明天开始吧」<01>,[],layout_only,cfe1bdbec854a1a605cec2ba9fc10586216265131839c185469eda892e75247f,93f6594be47148754f315ea574b230f0b44365b51fcd4fc7751a993fd6215a65
pm:vm:photonmelodies11.rio.004:426952928:00221984:00963,cvm,【纯夏】「还有夜间滑雪哦？」<01>,[],layout_only,50b4cb4fbf283c6a7ca06d7e3c1b7ba80bb789ed87faf3494bb9761d64b58813,56d4221b2f0a337fc0397819fc1eec96cfdbf69feb032246c2fe53ca419e208a
pm:vm:photonmelodies11.rio.004:426952928:00222028:00964,cvm,【武】「不，这里应该主动撤退。<0A>必须泡温泉消除今天的疲劳…………」<01>,[],layout_only,699552f8486056567eee5345059c676a0ea32c91b9d45e25b57b7655dfb0c979,0cb105d1e437cd22b762f821d2338629df1b7f1ed060647232670bb2c71491a9
pm:vm:photonmelodies11.rio.004:426952928:00222392:00965,cvm,【慧】「你真的想赢吗？」<01>,[],layout_only,d1fce002298992e1b6ffa0b4c1b8e0dcbfa2404e52a0fb1702a5128b302afe22,3631c4f6acd85e901c630fe711703a9fe9897e9eda1ed421d95d77fa6aa48f09
pm:vm:photonmelodies11.rio.004:426952928:00222436:00966,cvm,【武】「随你怎么说。好了～，滑下去吧」<01>,[],layout_only,77983f05ad126e1803326127ccbc957ded0ec8240157a622308b176e06cce87f,c3b38f4bc4579039745ae98de4636df52868dce70b9fc7cb373cfc87aabc04cf
pm:vm:photonmelodies11.rio.004:426952928:00222672:00967,cvm,【柏木】「下山是没问题…………<0A>但你一个人能行吗？」<01>,[],layout_only,b12a7967d0f36d1a30d2ffea8d372de68f1c77bd2b7b99eebc6a52f51d783753,875eefca6630a17c7f7ee7ada31e7ae699e931987e62a68d9ff7ccf1a52efd00
pm:vm:photonmelodies11.rio.004:426952928:00222716:00968,cvm,【武】「嗯？………………………………」<01>,[],layout_only,497340e7387094958356a5811c28ef44ae86c736625979423330ab7e81f95838,80e5102bbafed60a546017b77f6e80fe1cf9a80590ceed1291b6ef8836d2cf64
pm:vm:photonmelodies11.rio.004:426952928:00223084:00969,cvm,【纯夏】「都已经夸下这么大的海口，<0A>不可能连这点事，都做不到吧～～？」<01>,[],layout_only,240c882dc012f3e1d7996060f9a6cdb3aa304e98f35e9e659c67069aaeb89152,e1d7edd2dc22d7ee12f5f7bb0971e83d6e743476d26ae82633b90e08ce9727a9
pm:vm:photonmelodies11.rio.004:426952928:00223128:00970,cvm,【武】「当、当然了！那我先走一步！！」<01>,[],layout_only,550710805b7eed8319bfbf6f40faa66569679ec26cc6430c865227959a2010b0,0b63a16b52980661b00964e041e6d050a702aa799c2042ac9adf0d1a48cbca50
pm:vm:photonmelodies11.rio.004:426952928:00223436:00971,cvm,【柏木】「——啊！白银同学！？」<01>,[],layout_only,4a3d48bfa557ca0b138fade8fee53c3a9ee851cdb97d3301f774b2bb6adffb2b,b81eda1e5b4b0631de46ba8eeb35f4e0cf5d5c6d8c34497a34061465af7f94dc
pm:vm:photonmelodies11.rio.004:426952928:00224380:00972,cvm,【纯夏】「…………走掉了…………。<0A>他那种自信到底是从哪里冒出来的…………」<01>,[],layout_only,8b777fa2d878ec5e9d90c4a41640b2cc348d8d0eda078893c3f6656e62ce549a,c77045a240aed7a6e3d7a7bde6d022aa450bd62f26f0b27f1a487ca35b1e8452
pm:vm:photonmelodies11.rio.004:426952928:00224612:00973,cvm,【柏木】「只要对手是鉴同学，<0A>白银同学就完全不考虑后果呢…………<0A>难道他真的特别不甘心输给你？」<01>,[],layout_only,d3f71b3e9189841cca6eec2b39ef53f42453e1f00b70aa40e1661444a61f896b,bb92e5e0d29dcbde9814c3a1d7037eb1677c2e8d3ab7b68d3a30c0c4ace7098d
pm:vm:photonmelodies11.rio.004:426952928:00224668:00974,cvm,【纯夏】「是不是欺负得有点过头了～～～嘿嘿！」<01>,[],layout_only,711b6b36e784bea98f6fca0a4aa16766e18d726d71a518a4a826444d1d561d39,6b08c75f2fe1c0596cc34c7658e0a03bd1fc1182eb816511323d2214f557618d
pm:vm:photonmelodies11.rio.004:426952928:00224900:00975,cvm,【慧】「没问题」<01>,[],layout_only,38f31ce3e392bcac18887322eb93212082a9c63586f41f648592f0efa94f9479,6466ac1f4690db927ca6ae5a6aa98dd1b3b8e8a6416e95b5fddb50809c1e179c
pm:vm:photonmelodies11.rio.004:426952928:00225132:00976,cvm,【柏木】「不过，明天要对他手下留情哦？」<01>,[],layout_only,4aca89ed9e8aa6605a2e128df82383efec2603bbc7dd3b7fb7de7705979f475d,a894d897baec4520b73554628a661c8ccd3a00c5d04a59f7969dab190e6166a4
pm:vm:photonmelodies11.rio.004:426952928:00225576:00977,cvm,【纯夏】「啊～，神宫司老师战胜香月老师时，<0A>大概就是这种心情吧～～」<01>,[],layout_only,c980fb9749ea006d1ae9677ad782ee7b45cf825e747b9bbc8a0752165549e31b,a78fb5d062e9057540b40c8e4b51d3f279f6db96c9f4fa4ddfa843bd40705533
pm:vm:photonmelodies11.rio.004:426952928:00225808:00978,cvm,【柏木】「啊，或许真是这样…………」<01>,[],layout_only,c9a47d60161c672bd5f2915439f288f8c622efd04bd4c5d54d892b6ab8914c14,054318defbe03204c26a88e92966e84d600f9f9757ea7c81dae8791b7671bf33
pm:vm:photonmelodies11.rio.004:426952928:00226424:00979,cvm,【武】「——哦？——哦哦？——哦哦哦哦？？」<01>,[],layout_only,1059b20d789c16b86569cb33175e29850d367d3938ca181d7107907b6713ea75,5ca5d0676cf39d407d07cb50a7a26b826434f43491cdc8e728811ddcd391b9bd
pm:vm:photonmelodies11.rio.004:426952928:00226512:00980,cvm,怎么…………速度…………速度越来越快…………<01>,[],layout_only,ec5cecb566bae6bd1eafc65ff2c82fb3e009cce82d056175f2b193ff1e7b95da,5dc4924e703a84cc96b092f6fcfd81707dda01eaf0fa9bf0895a16e9dcca5ee7
pm:vm:photonmelodies11.rio.004:426952928:00226600:00981,cvm,——不、不对！不能在这里变得胆怯！！<01>,[],layout_only,cee562d66f718e1f7234229e665355faf10b9324d07a3908064ca168ac8f4e5d,cf75e14486ef935f207da5152fb52fb081568e669a8343c57e9ec78e1cf22320
pm:vm:photonmelodies11.rio.004:426952928:00226644:00982,cvm,——恐惧会导致愤怒…………<0A>而愤怒会将人引向黑暗面！！（←莫名其妙）<01>,[],layout_only,b4ac0351b5d83d3866afe460cad63e9988216b381b5c5c4c94a6b4fab0a670f7,9e2d9554312210c9b4afb4265b8a78611a25fcb8939131d75aa78d8bc1da9e93
pm:vm:photonmelodies11.rio.004:426952928:00226732:00983,cvm,【武】「——进步的第一步，<0A>就是克服恐惧～～～～～～～！！！」<01>,[],layout_only,9a6c7c5a88c955de65e89a2da74dab98c7ca685b4abac02051134bc8d191dfb9,8d908546bb1df48cfc60088290b61ca6c5ba201f65653cab0826796eb8d724b3
pm:vm:photonmelodies11.rio.004:426952928:00226956:00984,cvm,【武】「——呜啊啊啊啊啊啊啊啊啊啊啊啊啊啊！！」<01>,[],layout_only,36cc794be45111a600f45bf7fb8e742f996e74f0cd45f80876d9623d9f5d83dd,578789fb30abcbc649f70f43373d89dfb0e4d88247865dca117bf14edb87e1fd
pm:vm:photonmelodies11.rio.004:426952928:00227612:00985,cvm,【武】「唔唔…………好疼…………」<01>,[],layout_only,371893c126ee8b74dcd738fd20265589623702d71212062295f2147d44b00aa5,d0c61a4a2fd19d2674d37e355abee8ddd197425ed5cac960570a115268b5388b
pm:vm:photonmelodies11.rio.004:426952928:00227944:00986,cvm,【声音】「戴维～」<01>,[],layout_only,69bb4429e12f450533e6ec32c3e7b187db6ea0b53ee4f7e676336e595d23acaa,5e35456138ed30e43b43b3aef210e8a594c60cbcfca7361051fda5c24c6d84d4
pm:vm:photonmelodies11.rio.004:426952928:00227988:00987,cvm,……………………。<01>,[],layout_only,efa30788584cfea7ade60ccc37d7fc6cda943e64935eb133252c341159e58e05,0b3d7aae4004dc9b91522cf9245f879b48b6a3b3d3c28ecbba043ba8207a6df9
pm:vm:photonmelodies11.rio.004:426952928:00228044:00988,cvm,【声音】「不可以勉强自己。<0A>我不在身边时，你总是这样」<01>,[],layout_only,aea1f6c715757025f7a1e73d412332107d5d75bb301ece1db34116bfa48f5926,919ffb31abf8aa05ff1e0eae73001814c0fac0cd6347aaed69f7e352dfc63964
pm:vm:photonmelodies11.rio.004:426952928:00228088:00989,cvm,【武】「啊…………你是…………」<01>,[],layout_only,7bb7cb045fe67033e3f5d52f6d6cd4d9ad8a3601cdc30ec0f78776ee9f62cb8d,311bb82fbea0c4342e71b9623e4bcfd5aa2484c818ac512058cff29e22247f33
pm:vm:photonmelodies11.rio.004:426952928:00228144:00990,cvm,【声音】「听好了？你——」<01>,[],layout_only,e59653c9a02d41ad419cb1575d8c33d58a89b38556b630762ebafe1b2dee8330,7cc4e46d970c24541260b38155e71075b32b3582eeb08329b7b93a1b805635e7
pm:vm:photonmelodies11.rio.004:426952928:00228188:00991,cvm,【武】「嘎唔…………」<01>,[],layout_only,d07e9d825928eb62c7a88a2d4149becbce2b432e929a88dee838095b2af35316,068b82d5051a4d47a944946a1a2640ea734a971fdb300bee81f883aa473e1c3c
pm:vm:photonmelodies11.rio.004:426952928:00229024:00992,cvm,【纯夏】「——啊——！！」<01>,[],layout_only,a6f92dffafb69d2274420db6383b55402c41ed45957fbb078165895fea87fe8d,929a2c9e40e4aad54b32af68dc90b5c0e92f6df353edcea915c53ccec154b743
pm:vm:photonmelodies11.rio.004:426952928:00229256:00993,cvm,【柏木】「哎呀～～…………还是摔了」<01>,[],layout_only,432469aba0281baade8acaeb7fd2864694d5b1948ddeb891d7b010b015aa29a5,deaae1453ccdf2165a18fc08f683b29ad637abe45e71487628181f0582233341
pm:vm:photonmelodies11.rio.004:426952928:00229488:00994,cvm,【慧】「正在滚呢…………」<01>,[],layout_only,ffdd9c10cae42d234efec23e03665ba7930a2515f6167feee230f3af259d097a,eb72f073d7bc364cd832dd4fda7c7d5399cc5d5e48dc815bee55518bb470c4c3
pm:vm:photonmelodies11.rio.004:426952928:00229720:00995,cvm,【纯夏】「真是的，拿你没办法，小武！」<01>,[],layout_only,c2243571c74dc46e04578c593bd0eca9301061db892d49df0f0c7d807a3d83b4,888fed8a040330b81058cc126674f8e3dc4658bbd8ef4be7e94645967c528ea2
pm:vm:photonmelodies11.rio.004:426952928:00229952:00996,cvm,【柏木】「快走！得去救他！」<01>,[],layout_only,6def9d9a8cc609eec62297a210cc8ac3d710e84374f8a30c78b3f7ee7fc71540,9f03f827463834504e67057d57d8ef9a8afc83e5589a2f946b6020f092519fed
pm:vm:photonmelodies11.rio.004:426952928:00231008:00997,cvm,【纯夏】「小武——！！！」<01>,[],layout_only,9c6253da5ce14ca4d453ff3c7c399174ddba6e13ed96b551219c1617c201b953,127013efabfe5712e091d30e1e8f311b8cfe01a800ca7055ae7791a724a6809f
pm:vm:photonmelodies11.rio.004:426952928:00231240:00998,cvm,【慧】「真是个让人操心的孩子…………」<01>,[],layout_only,019c8e70e068a5afb0f10c01db75ea758f5ce19b3ecaa9fa369a2e7391bffab4,459ce2a030f18f0dce1789e591c73859ba7e884c0242e408d37659edbbd716af
pm:vm:photonmelodies11.rio.004:426952928:00231472:00999,cvm,【柏木】「不过啊～，男人不就是这样吗？」<01>,[],layout_only,025985ee7b6228195f6ea429ba1b4cb390ae59dc602fbca55c9b9f906c7f5d39,e16e2a3f6b882c761fd4fb4f169d6b46a597f7a6eb581d9b838b1ef14a517b3c
pm:vm:photonmelodies11.rio.004:426952928:00231996:01000,cvm,【武】「我要回归童心，去玩雪橇」<01>,[],layout_only,b73fc2317d711db9604bd147095996be201e10dcd0a57cb60399407258f0f2fb,7bab7dfa3a646f4676a1b87ef540ea518c112734449ec418391946ab6750602d
pm:vm:photonmelodies11.rio.004:426952928:00232580:01001,cvm,【纯夏】「咦？雪橇？」<01>,[],layout_only,da155bef1c53a1f5862a325ec57cf8d64c2d6e92a472f0d72867bc944c9b5252,9ad4d55550d1075fe9ca63c06367af95c077977856aaf31e08161981e8963a04
pm:vm:photonmelodies11.rio.004:426952928:00232624:01002,cvm,【武】「对啊，雪橇这种东西，可不是随时都有机会玩的」<01>,[],layout_only,780222ad05577f9f5934156f4eab071c071d910e174206553e7516498e25e027,ddfa2ad64459bd8289182ed324bdc36a449625714092f95703a5fe47a2d8cef2
pm:vm:photonmelodies11.rio.004:426952928:00232668:01003,cvm,双板或单板滑雪只要有心，以后随时都能玩，<0A>但雪橇就没这么容易了吧？<01>,[],layout_only,2113a7895fd4fad7fe52e6651c6eb502bbdfed7724aff86eabd9d15a032ab132,2ccfd26643d8d97a6dd113d22162f73c7c045719b8bb80d78878c4fb997aa234
pm:vm:photonmelodies11.rio.004:426952928:00232712:01004,cvm,正因为有小珠和霞这样的同伴，再加上现在这种气氛，<0A>大家才会觉得没问题；<0A>要是我一个人玩雪橇还乐在其中，<0A>怎么想都很不妙吧？作为一个人来说。<01>,[],layout_only,e96fb2d5340a3ed7fb0d7dfe2652830c48117248b2b64f9788c39c4d1da85004,f0c0786b52eaa8b64a2bc25c65cf2318266a068b6b79646bc8c3e818ba290700
pm:vm:photonmelodies11.rio.004:426952928:00232756:01005,cvm,虽然是种不起眼的玩法，但确实是只有现在才能体验的宝贵活动。<01>,[],layout_only,f4601a6bb48118c4e0897315450d7842cc755e22f6dfe301b95d81aac2f7198e,871c121fd12d919ed2bf37a141efc2f43ff08fd1f005fa6a746ad4c43e2bc5eb
pm:vm:photonmelodies11.rio.004:426952928:00232988:01006,cvm,【纯夏】「…………既然是这样，唔～…………<0A>那就没办法了呢」<01>,[],layout_only,943c21418caf8764b0a74a35d09fa293fb0fa3835811da3cf868283639c3816b,83d3389542b50cd2b86bdcd58661c1a94004fe0547e507b671de6a9a669307ce
pm:vm:photonmelodies11.rio.004:426952928:00233032:01007,cvm,哼哼哼…………对手既是雪橇，又有霞和小珠在，<0A>你也不好露骨地表现出不甘心吧？<01>,[],layout_only,b1cfa2b5355749cadbfed56ffb8b13253198e47ac0aadbf6e0abbe1c998d0308,05a3cb287c1aab497fcdea5c7bc09a7be3855b26ac5102538d95c49f5913bde0
pm:vm:photonmelodies11.rio.004:426952928:00233076:01008,cvm,这一点也在我的计算之中！…………虽然只有一点点，<0A>一点点。果然，高速雪橇的魅力才是最大的——！！<01>,[],layout_only,dbab7977e6a5e5a3b0600653bc2e8daf6d9644629444c2642dd23cf4d006c3c5,1d6a58d179223817f19a33aa0f7fb3c6844372c3c799ce993e4187835ad70914
pm:vm:photonmelodies11.rio.004:426952928:00233300:01009,cvm,【武】「好，小珠，霞，去玩雪橇，雪橇！！」<01>,[],layout_only,396a5c95e9584d6ca064c28162e3a4f2ff90fd9554e14feed2ae29ae0178585d,f03df348fde38323e2e001046da75845094a33f3f39dff75863bed3186746eb5
pm:cstring:photonmelodies11.rio.004:426952928:234034,cstring,好吧，就拜托你了,[],,cb2d4bd0528b590946201a0cf8977535aff3d0d68f217c6413ef2506bcbc801c,b5969e40cd688e3c118ce2abef6eae85feadcec1e91537e2b17f16833e034da0
pm:cstring:photonmelodies11.rio.004:426952928:234131,cstring,要不先当刚才的事没发生过？,[],,d6474e503916fbcbf50fb84e3fb63a92ea1f352d7a994d794a66ace8c03c893d,d4dcc73a7c3a01ec83769f0fec7674dc460c16872d6347523000d77cd8c753ee
pm:vm:photonmelodies11.rio.004:426952928:00234492:01010,cvm,【壬姬】「嗯！」<0A>【霞】「好」<01>,[],layout_only,6e21032cf14975b968adc00b236a53b6a660da58c1707e3b1df5bdd2a4f6462a,4562c996fd128a0f13fde7a09c33237ea0af3d277b8bd40632939ba415e95703
pm:vm:photonmelodies11.rio.004:426952928:00234860:01011,cvm,【武】「全速冲下去——！！」<01>,[],layout_only,ae9a0e2518e576eb515875deaaf076e4a5d3d9d0f96d6e5c4ed2aa87a949ae7b,b5189bef5a162115c73701582e11c0197c40c1060436d0309cfc8bcb8a89c0a7
pm:vm:photonmelodies11.rio.004:426952928:00234916:01012,cvm,【纯夏】「壬姬，小霞，你们要看好小武，<0A>别让他做傻事哦？」<01>,[],layout_only,31813bd7c0aaee7f229fc0de297342a5ec5684ecb3d71a0a1683c5842ddbd339,86f896a47c77d8916cc5a5b438b929e85bb272ea430d5f108192c33b5f1bb537
pm:vm:photonmelodies11.rio.004:426952928:00235560:01013,cvm,【壬姬】「嗯！不过，老实说我觉得办不到呢」<01>,[],layout_only,b15a10f32d751beb5607382ca9800e734353e898a676118ee5d0b205e57911d4,d8fcbfb0e8c6543e0b065c6e76221ec464b1c75101666233ea93d076affb2946
pm:vm:photonmelodies11.rio.004:426952928:00235616:01014,cvm,【霞】「那个…………办不到吗？」<01>,[],layout_only,58c986d762cfb6408aa838c853878507cd37f1a3bc8244e7fbd342fbb5d2ee07,c0884091eef9971a480a68ad5e4c61ffc657b62cc84226c51e93b0b02db7ecd0
pm:vm:photonmelodies11.rio.004:426952928:00235848:01015,cvm,【壬姬】「办不到呢」<01>,[],layout_only,b1e107f7a189b24b311c873ad9e4ed4198b7b956d1203adb1a1ef8c672fd009e,480bab7ef4c35ca1c830f8ecc739dfbccd59231a5a2ca4c33411125af6ee525d
pm:vm:photonmelodies11.rio.004:426952928:00236492:01016,cvm,【纯夏】「对吧～？」<01>,[],layout_only,fff18a1f135bfa9bf858a01eff3a5fa53006471e78cbff42cd7c0c8ad311af5f,2aa99eb1848d6c917bda7a3abd600880b0bec5525d8630e8728a00642b10aade
pm:vm:photonmelodies11.rio.004:426952928:00236732:01017,cvm,【壬姬、纯夏】「就是说呢～～～～」<01>,[],layout_only,ec5d104a4fac1669e1bf20b8a50e72e42007fca61de6981751e000dcd5c2081a,76b5c2246099166c5e5d7a83f712a48e0af9644e50f9f24dbb227e10811e0b8a
pm:vm:photonmelodies11.rio.004:426952928:00237100:01018,cvm,【武】「那边两个！说什么扫兴的话！<0A>该玩的时候就玩！一心一意地玩！！这才是铁则吧？」<01>,[],layout_only,9aac493f1fe51f33e1192887a7d96aeaf8a54c319c1e059682ddb6d4924402b1,9d825baf8b7dfc7e7b58c19b23d5a9cbfa7e2f0fd560c5185bf56d7cfb47d959
pm:vm:photonmelodies11.rio.004:426952928:00237212:01019,cvm,【纯夏】「道理是这样没错…………」<01>,[],layout_only,168234a8e61e894b32325768e1d01287f43e6aeee2dca808f9fe883e35f90acb,32f170a37fd12e74c466472cece995ef3a41ff59d9cd52ac70304f70e3a1e352
pm:vm:photonmelodies11.rio.004:426952928:00237856:01020,cvm,【千鹤】「但你的问题是，根本不知道什么叫常识和限度…………」<01>,[],layout_only,022165d534bd394dae7b1c517414db86b3e7847ceeadda26f175d18ad3f3ec7d,5cfdec218433b8604b20b01ea2780b7162defb9a3c38af55b0245f59f86887d6
pm:vm:photonmelodies11.rio.004:426952928:00238056:01021,cvm,【武】「喂！」<01>,[],layout_only,d150c413e2c624f16e44c6328407ce773fbd82accd9c9f220a4fdac787b0b748,56ba72db57982c70ac230ebe8453a81696b44702c856265bf3a8654b698ba55a
pm:vm:photonmelodies11.rio.004:426952928:00238100:01022,cvm,别在临走时丢下这句话啊！<01>,[],layout_only,035232206f194ef56f196e2e4813d7f2afc0cdaeb9b1506f0320333bbae21891,e698a6d2e4deb0ec423853a5a9782df6547b33d36a6825b41cb2da8e2deb9ec1
pm:vm:photonmelodies11.rio.004:426952928:00238744:01023,cvm,【纯夏】「小武，可别给她们两个添麻烦哦？」<01>,[],layout_only,7221e4ebc249e34dddf6fec40144df81e6a2c5ab74176c5a7e4552a162831678,ff8c3727a1bd052ceadfd84c941ced87fa6d946d9bea211f2dc27435edd4eaa9
pm:vm:photonmelodies11.rio.004:426952928:00238816:01024,cvm,【武】「气死我了！！行了行了…………<0A>就算你们几个，之后说也想一起来玩，<0A>我也绝对不会让你们加入！」<01>,[],layout_only,087826f27f70f6073dd92a70bac5d64fa0f38287f0fd9a1cc1c4220713c09f99,056a995178c706173e8968b49693686ec77ed6f1bd88dbe8e6f2454ccb236b6f
pm:vm:photonmelodies11.rio.004:426952928:00238928:01025,cvm,【柏木】「那么，待会儿见！」<01>,[],layout_only,a559e97ce1ba8ca1f72c7192d8cbccb83a858fbfe80690e82e9cfab0aee57154,22b313c450b2530aee70c6b01c2bad59e6343850bc420f178d94309c2dd511f6
pm:vm:photonmelodies11.rio.004:426952928:00239428:01026,cvm,【冥夜】「那就回头见了，武」<01>,[],layout_only,82961cb41ec1c3ef0c60999131ab65e187c6644d4e2302ce0af0290b2591f8d6,f4ea25e9b5dc5c54be544fd92e580f747c3df8d9241c2c8429db02f4defed022
pm:vm:photonmelodies11.rio.004:426952928:00239484:01027,cvm,【悠阳】「那么…………」<01>,[],layout_only,e3c5379818762f13eb988a3c31aed199279c23cef7a618819e0446af85cf2faf,61fb9c88b29b463040353654d3b2b72792a77b91e91abd8109440bbbb5e5458f
pm:vm:photonmelodies11.rio.004:426952928:00240236:01028,cvm,【纯夏】「再见啦，小武」<01>,[],layout_only,5b0a13f6902c3698b8d7257d4afd5190fd356a70333d448a4c9b64c039381ec9,a76dd159d47b29ce0adf6639b25952e8781a9eafc3fafc3c209f9a43dbd4894a
pm:vm:photonmelodies11.rio.004:426952928:00240304:01029,cvm,【武】「——快点走吧！」<01>,[],layout_only,22c5cf89d9a9816637f09b08544952e19e5576b84d3f069d6f5b56dcc7f9fdc3,1bf3017517eb7fcec2ade65a659fca5a4afbb26b644e3e8bbe9a78c4a072e6f4
pm:vm:photonmelodies11.rio.004:426952928:00240480:01030,cvm,真是的…………。<01>,[],layout_only,22930684f8c8c6d0173d42522b379cca30223695c9d6ee16a59701387bbf459a,f6958733c188a3a09fa0bf5a4bc14e4e3e05a94f41225ce25b6d9842badddcf1
pm:vm:photonmelodies11.rio.004:426952928:00240524:01031,cvm,【武】「来，别管那些无聊的家伙，我们尽情玩吧！」<01>,[],layout_only,375d0804c2b1b527f653a6d135de688be55f8d11ad9b6eedf56c64481437d416,c549ebd73b5e74376c57ebbe98fb196d048d58234b91613e29cc1c528af04328
pm:vm:photonmelodies11.rio.004:426952928:00241036:01032,cvm,【壬姬】「啊哈哈…………说得也是，走吧」<01>,[],layout_only,744562f1e4b0948c215266d51621e9a3b7ad09bf5b7621829d7099b79402fcd6,ae8e5b190effe8d6adbdd9aa3c5e4865ce690dfdd7de4104d81db795abd5e56c
pm:vm:photonmelodies11.rio.004:426952928:00241092:01033,cvm,【霞】「好…………」<01>,[],layout_only,63b32cd4dc61bd8768c0323f57c99dd6a53cecbc904225472af4f5e60ad49868,d1b0e35855201a2144478c72eb30fd6a37d37ad0bcf63fc44fb84954db93d098
pm:vm:photonmelodies11.rio.004:426952928:00241660:01034,cvm,【武】「…………什么啊，这里不是小鬼头专用的雪场吗」<01>,[],layout_only,284a96a0abb415fde06fc86ab77da2bb1c7e6053ba12d684a2f7c524ef375553,0cda8a20737d042388ab82a64ccbee690836edb365b838bf8fe67ebefabce3eb
pm:vm:photonmelodies11.rio.004:426952928:00242160:01035,cvm,【壬姬】「听说啊～，雪橇不能在普通雪道上滑哦」<01>,[],layout_only,6877e743f66bbddd6f139d7f859ecaebd3e95119785d0167b108a0f22a66eb95,16ba62440ce655f3ac2bd6c245a60180823c0165137ac3617e8a5615b37ffcd4
pm:vm:photonmelodies11.rio.004:426952928:00242204:01036,cvm,【武】「咦？是这样吗？」<01>,[],layout_only,68e831f9a439375b6392f95bf7409d37818d3bf7e26f97d4f7cade0316605a87,07dd102deca4f38751db178326cff80363d4758dab2e00d56ccebdb7d4bd7d55
pm:vm:photonmelodies11.rio.004:426952928:00242260:01037,cvm,【霞】「刚才，工作人员叔叔是这么说的」<01>,[],layout_only,6eaa68fd09bd1e1004df512a3c102174fd89611345df5efe64f600e1e066415c,d5117b250bae15983cb004196fb5fd58eb05ac5b7089e3fe7158ef372b0895dc
pm:vm:photonmelodies11.rio.004:426952928:00242304:01038,cvm,【武】「…………为什么？」<01>,[],layout_only,8449d605c122508f18634e7266a5dc0599127738496b80a2a7902737f2643386,7c832bf69ebcb56276a3d71010ffa00d7766ef01e339b952ea824eab25383811
pm:vm:photonmelodies11.rio.004:426952928:00242444:01039,cvm,【武】「嗯…………我就随便到处逛逛吧」<01>,[],layout_only,c13453924998b67b0ae2f8938b3514db67b1cec19f158ded17f32167a9e2fd20,d7e497112e269bc23fba628add8cdab217ad218a037b5fcdf27a3b6ec0aa1d3b
pm:vm:photonmelodies11.rio.004:426952928:00242500:01040,cvm,【柏木】「啊，这样…………」<01>,[],layout_only,b668907393f9bfa25cd6fa84740ce3dfcfb2a3b7a66920fd55f778ae763408a2,c39d0f7b1192974811e72d7d8500c4e2a9919c67fc24a3908b82a3ccc3efacd0
pm:vm:photonmelodies11.rio.004:426952928:00243012:01041,cvm,【纯夏】「哇，好不健康～～啊！嘴上这么说，<0A>其实是想去游泳池吧？哇～～更加不健康了～～～！！」<01>,[],layout_only,b5a3e5f06d9aeded96aa9c102f32bf40b4d56737a022fa3f1c80e552d66e153f,bf6b630be15405ac7f388a36375d597b94f146b638051cf09115717450b9bcf0
pm:vm:photonmelodies11.rio.004:426952928:00243056:01042,cvm,【武】「烦死了！我可一句都没说自己要去游泳池吧？」<01>,[],layout_only,b57e892fa378071a6cc97a2644a6e20d411a43765946bb4ec0d5a21e2c6d6976,c9365a6982d768a88bc016d15a4230533e09410c90cacd1a9e8f642087e23fed
pm:vm:photonmelodies11.rio.004:426952928:00243700:01043,cvm,【慧】「不过你会去吧？」<01>,[],layout_only,55ee3d8f589d0a6a81f8a758b9592cae2520a1d573f9ef5d216d482f962f9e91,65dccd49b888d3bf342b982a6fca0a5645855337b3232f971c9afb0612ad6ae0
pm:vm:photonmelodies11.rio.004:426952928:00243920:01044,cvm,【武】「…………唔」<01>,[],layout_only,854c33901f8f9867274d77c9564c04d9db4f296d9273adf8185751029ba6479a,62172acf1e810f617523bdabacc0d6887c95d117d9d1dd60893416becf7f3c71
pm:vm:photonmelodies11.rio.004:426952928:00243976:01045,cvm,【柏木】「这样啊～…………看来运动果然敌不过性感诱惑呢～」<01>,[],layout_only,324a4147f1d9da2520cfa0e8daaf4a173197646321729cca8a874930233cfaa7,1d156e609275a50625340b84602a9b6ea0bcdb9acf46e9e5034c3a03940fc4bc
pm:vm:photonmelodies11.rio.004:426952928:00244020:01046,cvm,【武】「不、不是这样！我刚才也说了，<0A>我感兴趣的是周围的状况…………」<01>,[],layout_only,7eaa31948cd3aaa6055450e6363406fec0beae79a3ac8e68c67571745c7db2fa,eacd0a6ed68e58b5b5eebad695a561f963ad514c34a97168759821704a235546
pm:cstring:photonmelodies11.rio.004:426952928:244604,cstring,我倒是没意见啊？,[],,04a4d934d865a716a1a488d0c3b1c54467ea00f9f1dc907b3976d5f96336b4e1,ed8c8a76b332291192fe63461ed16d65ab8863541a4ed8cdd18685b2e04782cc
pm:cstring:photonmelodies11.rio.004:426952928:244683,cstring,嗯……该怎么办呢,[],,184a143cacb740597cb316bdcf2b4bde512cfbd75ca6cb7319acdfe7718f9f60,e790497bd00e4c38cd4295c5813e21f0a1948076589b2718116873825db6c426
pm:vm:photonmelodies11.rio.004:426952928:00244796:01047,cvm,【美琴】「好了好了，武也是男孩子，<0A>大家就宽容一点吧」<01>,[],layout_only,5413b95f3cf3e73fc4ec5d41ffae596fdbd0034b19b9f5894d1f9ac662051011,745613c04fef0e68f2cf34e099304a74e4acdda5288f37a87fde66e835414bb3
pm:vm:photonmelodies11.rio.004:426952928:00244840:01048,cvm,【武】「为什么偏偏由你来说这话？」<01>,[],layout_only,a43d0dcc2093acd758d3493bfc7bc185ce99e1013453760c720283cc630f1748,2eb0cdab6416c40d0826b8fade00d02a07d7f93506c41bd8201d5f199588500a
pm:vm:photonmelodies11.rio.004:426952928:00244904:01049,cvm,【悠阳】「武先生…………」<0A>【冥夜】「武…………」<01>,[],layout_only,463f8fdecc2477b599a220eaf4319d8eff6d2b1cdf321a874d97b2e5e2e97375,b72db38a737ee449f390949122480ee47e65d4703b9d3dff38320f2c3de5c874
pm:vm:photonmelodies11.rio.004:426952928:00244976:01050,cvm,【武】「唔…………怎、怎么了？」<01>,[],layout_only,5e7ad486109f90a9523ce66127863401587b320b8e72875875f5f7303572a6bb,60b71dfbb5f631400cc22272fb019928b8b6cf11bbf52c202a4a09df0362b6a0
pm:vm:photonmelodies11.rio.004:426952928:00245432:01051,cvm,【悠阳】「如果可以的话，在您前往游泳池之前，<0A>还请稍微向我们说明一下其中的缘由…………」<01>,[],layout_only,88050a5fed82809e0bd2997d6e81c58e136aeef656a91164fb987f51de8a4820,93919e7d9c444a21baa3f003a96fee1ab498a72f2315ed8a4d05bf1473bfc409
pm:vm:photonmelodies11.rio.004:426952928:00245476:01052,cvm,…………这种发展，以前是不是也发生过…………。<01>,[],layout_only,1d6b9ea7e4962256daf4a0750adcf5b7fce5bb308f7011386816cc94ef3cc18c,a958c80ca423e393fe67fbccbacda0f4ae3b6c9dd24d24bb7f5bcf1b4631f096
pm:vm:photonmelodies11.rio.004:426952928:00245520:01053,cvm,【武】「这个…………那是因为…………」<01>,[],layout_only,235bf95ef44fe35a20379264d6046a864e44fd39a7da5a2927207411d6c7d533,b8477ec4fa2a11c42b446eaf5faf31d56adcd64af9164c2481998d97dcd628cd
pm:vm:photonmelodies11.rio.004:426952928:00246048:01054,cvm,【冥夜】「当然，是为了尽快采取对策。<0A>不会耽误你太多时间…………希望你能配合，如何？」<01>,[],layout_only,2b58011407c53d108d909bac73d20618f703ffac48009baf0e410336ea5e96b5,077954244966c9398db6cf3f15c3923d64fd2472da427cac4e2bc4fe77b70000
pm:vm:photonmelodies11.rio.004:426952928:00246692:01055,cvm,【千鹤】「有什么关系，让他随心所欲不就好了。<0A>明明来到滑雪场，却什么事也不做…………对吧？」<01>,[],layout_only,c6a989705251efccc0a342032588f6fe2790970a06af0cba5c44b1ae53f4f721,6c2729fe18ce21288f0216b0d51dba05188bfc480cb8fd59b365b8b9911f4ca3
pm:vm:photonmelodies11.rio.004:426952928:00246912:01056,cvm,【武】「哇…………这话里的刺也太多了吧，喂」<01>,[],layout_only,1e87c612a4de645250ceb15243ceb4d30d7b322bdd154deed9d19961c0ad9902,1c016cfc06194dcbc584447973db662d296611e7f41eaa9a11b484b85ac323ff
pm:vm:photonmelodies11.rio.004:426952928:00246968:01057,cvm,【美琴】「咦～？班长怎么了？在生什么气吗？」<01>,[],layout_only,e9f9e07a4e4aff37ebea576fdfa6257bd88b01207e6cebb1d24fde71c163c5b9,e65c1c8133f3982ee296f25efd7d02045f8cb9d07b55cc2b8f819d543eca722f
pm:vm:photonmelodies11.rio.004:426952928:00247200:01058,cvm,【千鹤】「我、我才没有生气！我先走了！！<0A>不能浪费时间」<01>,[],layout_only,a91544f3f9429bf4d82982cfb998b17c6162a041d0db97801c94b7da6685f630,14ffe7b6136aca374309ed4557c5d3c4a53b413985db55762892a3c4ae93f579
pm:vm:photonmelodies11.rio.004:426952928:00247644:01059,cvm,【美琴】「班长真奇怪呢」<01>,[],layout_only,705710631307616eedbd74887d0e027427173e7ca2e9ce5188573d5898b76264,d7e39ea971aaec6e5040ec71315585f9b99449a87248de8bb84c4cbc24dd43e4
pm:vm:photonmelodies11.rio.004:426952928:00248288:01060,cvm,【柏木】「我也走吧…………那么，<0A>如果发生了什么有趣的事，之后要告诉我哦」<01>,[],layout_only,6aebaa2764e638b306cb132dc4123b4926c72a4c2dd526305a60016ed2850b71,a341dc27a82e948bc00d6d0144775d26c39609c21cb29d3c7804d54315807fa8
pm:vm:photonmelodies11.rio.004:426952928:00248344:01061,cvm,【慧】「再见」<01>,[],layout_only,28709349e76d940e8b6cddb32777310371359a6fbd422f6b782cb1511d00229f,a1128ae3f704012f9583235620881cc4b11ca268f7bfbb3dd39092935f485482
pm:vm:photonmelodies11.rio.004:426952928:00249232:01062,cvm,【美琴】「那我也走啦」<01>,[],layout_only,6989a577b77257836d3c77ca33ed5da112e1832ff8d5777afce9a4347ecb5b9d,0d84f168de1647b183ab826f709ec691a7604b5af9bc70d731038315d000f136
pm:vm:photonmelodies11.rio.004:426952928:00249920:01063,cvm,【武】「咦？喂，美琴，你打算去哪里？」<01>,[],layout_only,07535e9b774256de183ffbb490b972445640946ef53db6e3873befe607ec7346,f280fb27fad8657501f863f202540fd377ba0c58d1343ad387bc11076c23ec15
pm:vm:photonmelodies11.rio.004:426952928:00249964:01064,cvm,……………………没有反应。<0A>算了，努力别让自己遇险吧。<01>,[],layout_only,9abda64125d2fe880c92e4aa95252d5935ab3439173ba1b5645009c466d32b73,91f06757e284153a344b39a8e7878d3b2a5bdfcc772a21c9d3f29b59bb8590b8
pm:vm:photonmelodies11.rio.004:426952928:00250608:01065,cvm,【壬姬】「那么，我们也走吧～」<01>,[],layout_only,778ea2f10d69d865b1a0c42d1affb64a420ef66f793b00230b3ff46162be00bb,25dfd9c240b31c1a3dad8b3f05988e928a2ed5e4bd13992678da65f235b89a71
pm:vm:photonmelodies11.rio.004:426952928:00251244:01066,cvm,【霞】「好…………我们走了」<01>,[],layout_only,57373efd78f251289a89d88e66d11a9013e236170678b75c380045a3354176ca,b5d747273f0e2995de9cdcf29a30e21e30dfe3555c44e0ae3f33ab88b12df4ae
pm:vm:photonmelodies11.rio.004:426952928:00251288:01067,cvm,【武】「好，尽情玩个够再回来！」<01>,[],layout_only,3c04afe0084275853d50c4ac5cde39d9196bd9ef6180769ad3cb422a25fed015,35caf79cb0322889998390db837877c129784eaa77e87d7c78ecd12daaf101fc
pm:vm:photonmelodies11.rio.004:426952928:00251912:01068,cvm,【纯夏】「御剑同学，你们也走吧！<0A>别管这个满脑子邪念的小武！」<01>,[],layout_only,cc268fd5898ca447f867e0840cf0fd4da5eb85f55c769690148d58e469385419,2e6d4dda5d7f6f9ffdd07aa795ab7c30ee3e102f0dac1417cc1ad234c44e746d
pm:vm:photonmelodies11.rio.004:426952928:00251968:01069,cvm,【冥夜】「不，可是…………」<01>,[],layout_only,33f5241e07d995e1ddc1faede175d09c03f04f75f2bd5c56eede16a45b2670b3,12b1fec88ca70a5a5b5787247287d5331ec0426d5bfeb7c4cd75a79cb21fa8e6
pm:vm:photonmelodies11.rio.004:426952928:00252024:01070,cvm,【纯夏】「之后再好好收拾他就行了」<01>,[],layout_only,9029e3ae0212050f741c0512513840649ee9c069f5ba5ea280a66d5f3055a0f8,6a0629d2922f95637008bb7109b22fd64645b89a95eca09895dea82c9ba45e63
pm:vm:photonmelodies11.rio.004:426952928:00252080:01071,cvm,【悠阳】「…………说得也是呢」<01>,[],layout_only,ea9b1cae2a5a5cf5ebed8eac393cd08f69cc0fc94c814bdfa43d0fb6acdc87ec,d59a0e43190d614d8a4a0dc6d4a141578f4bd9764901a5b09973f81b376e66c2
pm:vm:photonmelodies11.rio.004:426952928:00252580:01072,cvm,…………喂。<01>,[],layout_only,904562ca357a86b2f4505059900d3d5abae394b9a9ebb06cb7eeb4b4b243257c,8b889472c1c654e24f5f82b9c7add27b58edd83fb045381656e9069f6fab9694
pm:vm:photonmelodies11.rio.004:426952928:00253092:01073,cvm,【冥夜】「明白了…………那么武，<0A>这件事稍后再继续谈吧」<01>,[],layout_only,d9842d2c062a681e84d872431bb750b3ff9cfd3f40ec5cd2066202ae8d0d4800,f51331db57d18198a5ff01d0464bd9d2dfa677170c8ff5852a61538208605b5a
pm:vm:photonmelodies11.rio.004:426952928:00253136:01074,cvm,我强烈谢绝。<01>,[],layout_only,d969f56c34e1c44e7db83f4876ef0b491ac90f0c87c95a345dea991eb341078c,08ae3d35e7252dfd28589783364797fa8472f8549251eab3d397e8e15dbb5744
pm:vm:photonmelodies11.rio.004:426952928:00253704:01075,cvm,【纯夏】「再见啦，小武！你就尽情享受吧～」<01>,[],layout_only,180167cd9ba2776b577a7956a9cc77f9e6c19440f474aca1711876a99ffac11f,2ef50fff760c5a3174490e4b550da9e2624a6c53535475f5b1f4aeaf57d6424e
pm:vm:photonmelodies11.rio.004:426952928:00254272:01076,cvm,…………真是的～，那些家伙一个个都随便乱说。<0A>嘴上说了那么多，你们自己不也很好奇吗～？<01>,[],layout_only,754bc0b8985260e11767e8e46d84c548502e2765fa70b701df5ad0e6afcb87cc,3c715ff499162c0de11b07ef006f57d331ab694de039cd5f4851e8efd7ef4b73
pm:vm:photonmelodies11.rio.004:426952928:00254316:01077,cvm,算了，事到如今我就豁出去，堂堂正正地去游泳池！<01>,[],layout_only,b714cb1992c5dee08d07791842a3da280727f38809269038f77fc744538e09b2,ff2d540e89e6a3769b1e17271d9ee4f22372499674e5bec2f610accb60a89681
pm:vm:photonmelodies11.rio.004:426952928:00254360:01078,cvm,就算发现了什么有趣的素材，我也不会告诉你们！<01>,[],layout_only,af6556ec6b756826fcd8b021bcef318a1ef3cde83c0ac0466be27f9dd919e34b,6ac288b16bd9358c06873b8d1090dab54a52f1443553c8a8ad31f04bbb56c234
pm:vm:photonmelodies11.rio.004:426952928:00255876:01079,cvm,……………………。<01>,[],layout_only,efa30788584cfea7ade60ccc37d7fc6cda943e64935eb133252c341159e58e05,0b3d7aae4004dc9b91522cf9245f879b48b6a3b3d3c28ecbba043ba8207a6df9
pm:vm:photonmelodies11.rio.004:426952928:00255988:01080,cvm,虽说和预想的一样，但亲眼看到之后…………<0A>还是让人怀疑很多东西。<01>,[],layout_only,a65b7b7d33feed70cb4f83446e7d7edf2ad63bf45dda81ced832de0753530b0b,a543d65de8f39687d23087169c092eb2a4124834c2905ac571a72e4e27bb4fdf
pm:vm:photonmelodies11.rio.004:426952928:00256112:01081,cvm,——那个～～请看这边——！<01>,[],layout_only,f7bc67c57d0db40ed2abe307531f2c63b2dc71f40a98dd06d4dfc54c266672b8,a41702bc4a5b5d06792d51164f3427e407a78839cff3717edc7caff76e452a2c
pm:vm:photonmelodies11.rio.004:426952928:00256236:01082,cvm,——希望你摆出仰望天空的感觉～～！<01>,[],layout_only,ac6074d72fa997af9be3e2cc2efaa1d2fde8bb3edd06e07d8cfcfbb6cea2f37f,f309cffb9b67376ee7f7cf5250b93452810438525511aafc0f98f8877721253c
pm:vm:photonmelodies11.rio.004:426952928:00256360:01083,cvm,——真是的～～！——能不能别推我！<01>,[],layout_only,06307a28f24e50d13979bbd32074e8f716ac0affcb445bb4623a81a8191482b3,a1ff8a117f9320b41a7b06c5105fd74e828c460cb5c71a78ecf4ddbdf5319cb5
pm:vm:photonmelodies11.rio.004:426952928:00256484:01084,cvm,——等一下…………遵守顺序啊！<0A>还有你，坐在那里很碍事好吗！<01>,[],layout_only,c08cade8018a628db962fd38561591ebc42569ece7b85b2c6c3e631074595215,220e86b36c48f1916af54b971c888ace10dfd505666a7a9ea726ef22d7f1d7b9
pm:vm:photonmelodies11.rio.004:426952928:00256596:01085,cvm,…………不知道是因为我还太幼稚，还是别的原因…………<0A>我无法理解这些人为什么能在这种事情上把欲望暴露到这个程度。<01>,[],layout_only,82aa3b9cc3c359b2228d6c31c58552e0c2401c844b068046af2d79ab6048945a,d20190fd56a6cbcb4bfa7e1b6bc00b53d9fe3f30707ef3a6dae62e74af5c84c6
pm:vm:photonmelodies11.rio.004:426952928:00256640:01086,cvm,从某种意义上说，这也算坦率…………<0A>不在意别人的目光、忠于自己这一点…………<0A>或许有那么一点点值得学习。<01>,[],layout_only,9d03f8d3043b4a5e9c87258ac9ece285db1544d365a9d2bd67690272509c8b81,23fce8ea8e880a51adefd4b729f7ffc4d7e8271ac06c6ab40842e174bbd0f12d
pm:vm:photonmelodies11.rio.004:426952928:00256752:01087,cvm,不…………真要学习这一点，最好的榜样或许就是<0A>正在那里当模特，而且我非常熟悉的那个人。<01>,[],layout_only,7758ba78037f09160a9ffd0e711902ab810820d2615dfbacb8538aff68ad67df,952e172842713da245921893273fa8352264c3adc9ec281aa57914812cc2ef17
pm:vm:photonmelodies11.rio.004:426952928:00256876:01088,cvm,【声音】「哈～～～～～」<01>,[],layout_only,a015d562653d7c1a56853b0214bb267541d3fab887a3be5928e9a2248e4e2bef,487dcbdd7f87cba3de662ab555d503402b74098434d4cb485af3ee264f8c0957
pm:vm:photonmelodies11.rio.004:426952928:00257276:01089,cvm,【武】「啊…………小麻」<01>,[],layout_only,e8d86d1ea86e792901f4ae8740fab6a4c8c18184fe77cc0942d8db655123b9ec,10902212f79b0926565dbb82b2251dfa3062af1b6ecd2807260472ee3a596b6c
pm:vm:photonmelodies11.rio.004:426952928:00257508:01090,cvm,【麻理茉】「——哎呀，白银同学！…………<0A>难道你也是来拍照的～？」<01>,[],layout_only,6cf325bdd6d695f884b5938ff97f07ce3282d0d860793ae44be98fc87957b76b,9576349cb448b7e0d8426e73c7f4b91b2575221be12b74d125e847ed7594505f
pm:vm:photonmelodies11.rio.004:426952928:00257552:01091,cvm,【武】「怎么可能。你不是没来吃午饭吗…………<0A>我猜大概发生了这种事，所以特意过来看看」<01>,[],layout_only,94eee2b7e232be461838b52496d7ec93895cc6343a2d593b7d91a967ebd737e8,d00d72501cf7d22d73c7fedb2689d0bf52ee5ae4357dbcd2d127fb2e1d399b26
pm:vm:photonmelodies11.rio.004:426952928:00257784:01092,cvm,【麻理茉】「是啊…………。<0A>简直就像白秋祭的噩梦复活了一样吧？真让人受不了～～」<01>,[],layout_only,604dee5b09818a72175bbc209f5f3ecaa8f7453b899885808b9db98a59ce0d47,b2898ac335b2a69f225fc9940eb5aefaa270b42f5c63f5aa75c34f417661bfdc
pm:vm:photonmelodies11.rio.004:426952928:00257828:01093,cvm,…………果然，小麻也这么觉得。<01>,[],layout_only,f59771c7221f89042e8b2b54b6ff1ee6a4cb76da316d1fbef3f23ef819c2f83a,2886512bb63cd3ae7bf879e6489a56ef4683d428bfcb48e3b627a4154b87516a
pm:vm:photonmelodies11.rio.004:426952928:00258008:01094,cvm,【武】「话说回来，都大老远跑到滑雪场了，<0A>为什么还要在这种地方…………」<01>,[],layout_only,7b6bd68720360c2b5550a269b329587bb2a1e1df8ea9dabeebf1a62eda63bce7,7bbcfa0bb3237859ce411c1b9483735155a4acf4e356a7a1f302bb6d3df0d945
pm:vm:photonmelodies11.rio.004:426952928:00258240:01095,cvm,【麻理茉】「来到滑雪场参加冬季运动不是理所当然的吗？」<01>,[],layout_only,a22bd137182742c655be75697633e98e0338e94e2acbf00c600bee47203102c4,38067c6015be0c010845f715aad5acfcfe7de469ef71e0ee1083efdd2898f55d
pm:vm:photonmelodies11.rio.004:426952928:00258420:01096,cvm,【武】「那倒是」<01>,[],layout_only,77625718c181be333fa9952dfef0353851392ab9740a358ac6815bdf0a34e0df,762c890d1bc73704f39a87c9de584b7264d3626f97fa6e43e34c9f7f74a80240
pm:vm:photonmelodies11.rio.004:426952928:00258652:01097,cvm,【麻理茉】「听说她们就是不喜欢那样…………」<01>,[],layout_only,ecf6942c711b1a61e464cd5a80f623d84b0fb4350693362d75b421209a9d4c61,eaf5ef51e5fd286cad973f52606c875ca56b2aec855921514de299687acc118a
pm:vm:photonmelodies11.rio.004:426952928:00258696:01098,cvm,【武】「哈？」<01>,[],layout_only,6f7b052f5ae1a1b4939047cb786f5b68b7fb6d553364ad53aa3845559824d4ff,b55249e3c0ee06935938d08a2f8a65d886e446dd4c309f96d3566d3e47b2f343
pm:vm:photonmelodies11.rio.004:426952928:00258928:01099,cvm,【麻理茉】「她们说一边欣赏雪景一边游泳<0A>别有一番滋味…………」<01>,[],layout_only,15fe4b765dc54a6e75fd760c3e70d64d1841d5f08d191ed174762487220637e9,86ff53c19648515b666d4f22eae49a45d3ded7977640036c0a6ab7db60e3b862
pm:vm:photonmelodies11.rio.004:426952928:00258972:01100,cvm,……………………完全无法理解。<0A>按照这种思路，来到温泉再泡温泉又算什么…………。<01>,[],layout_only,4dbe18d339c485b8bf7ad0d3cd1392291ae6147ecc0825b9d439f162bb85d54b,b4220889e9dee858dc27d99ddfbb6bddd5862948957532e0607dc96ce4ed5ecd
pm:vm:photonmelodies11.rio.004:426952928:00259016:01101,cvm,【武】「不过，老师你也真肯陪她们折腾…………」<01>,[],layout_only,03ce5cd1a85cfa9d6437a086149a744062f228b6d22b29bfc66556b6075d7839,dce69389c6e7ee98a61a0e7d7f819a8bf686fb2183a318b4862c1e5ab12ce96d
pm:vm:photonmelodies11.rio.004:426952928:00259248:01102,cvm,【麻理茉】「也没办法啊～。因为…………」<01>,[],layout_only,e6ff67badda1af9e0e503bcdee7d2ccdee0eadbbd92f57cd0e66e39ac5861dc3,4ac1627e3e631cba9608a3d878078e7b478aca05c64da9fb954e767ad45f2b3f
pm:vm:photonmelodies11.rio.004:426952928:00259304:01103,cvm,【夕呼】「麻理茉！你偷什么懒呢！！」<01>,[],layout_only,f8f37df38b9c24a80740f0080f5e0c70e638e32416be5762212a7e1e8e0868f3,a5b54274e0edec0cc9113c06c72ce558c96f7da4981845a0926e99375b39ff73
pm:vm:photonmelodies11.rio.004:426952928:00259728:01104,cvm,【麻理茉】「被发现了…………」<01>,[],layout_only,9675901de09da4e58d264dac9de2d5203cfa8afcfdd87040ff38008b493ac7f7,1dae2e9999e0037a6054ddc1223157c39f2fc056cdbd716e2957e130b7860d05
pm:vm:photonmelodies11.rio.004:426952928:00259784:01105,cvm,【夕呼】「大家可都在认真干活哦～？<0A>你这样怎么行！」<01>,[],layout_only,005138d1af98f94f374b5219a0b6d4779a7de302bf39ffb7981a0413b032ac4a,b0b9508ccc40d4130e43f4ea53c97e905d22a723ee52770fa2104669e87e62fa
pm:vm:photonmelodies11.rio.004:426952928:00259828:01106,cvm,…………大家？<01>,[],layout_only,db78679cbba7f612225ef54d511c5ac66c1786654ff805865d071ca5bcc3ba63,5c4f4a62e40659678168e18599c0be402d82f44ed070c0ce9e875000b1aa9a70
pm:vm:photonmelodies11.rio.004:426952928:00259872:01107,cvm,【武】「啊…………」<01>,[],layout_only,44132330ae73d3b612a8de5ffaec351a0bbfc19633c905333c02ed68f7af8ebd,bc0f6ccc02133e8f494ba2ec727c8b4a4d68ee82ce51fa03b1ad1026ede94851
pm:vm:photonmelodies11.rio.004:426952928:00260304:01108,cvm,皮亚蒂芙老师…………。<01>,[],layout_only,97ae8729051f833b9b12fdbf449a715863062b72551f69168b85afe9c49b25e7,84d9a4153bd309eb04d51d8d43315a89a9cff5e92157653c862ef6a75474fc6c
pm:vm:photonmelodies11.rio.004:426952928:00260680:01109,cvm,连特斯莱夫老师也…………。她手里拿着的是反光板吗？<01>,[],layout_only,66f1b4a59d9a1e6e38f60f096b505478e98df82cbec8ac53f5ae4a98473bad56,bd67e7bc6faf5f90afe6972031e20e2482cf022dbd9246ea0b20add03bf9770d
pm:vm:photonmelodies11.rio.004:426952928:00260736:01110,cvm,【麻理茉】「只有我一个人，也不能逃跑吧～～～？<0A>哈啊啊啊啊啊…………」<01>,[],layout_only,9cd0a42d2bd62878e8d4138694f850df01449e493994b2ffb8a9c10b706a4445,b84704c4b04031fee39cedefab1b17922d0660a50ef0758cac9e22176d8c84c3
pm:vm:photonmelodies11.rio.004:426952928:00261092:01111,cvm,【武】「我同情你…………」<01>,[],layout_only,654587b03bf1e2c40e4c662a82c94f51e78596b4803e784a91ba50b1ac63ba42,66d72e611db542eac8d41145428af987fe8ce5040b038629dd2173cc36b50616
pm:vm:photonmelodies11.rio.004:426952928:00261148:01112,cvm,【麻理茉】「你能理解这种心情，我就很高兴了～～。<0A>再见啦…………」<01>,[],layout_only,445a77a465f124f7ca11617ce4fbe2dbb26a48225e3b37cfcc82a7e18c1c31a4,c5bc7c06f6c56f6bfdfb1229fa1a0f6e4b4f5112f12ca48df5ddf2addb39604b
pm:vm:photonmelodies11.rio.004:426952928:00261428:01113,cvm,…………真不幸。<01>,[],layout_only,30782daa35a9bf1843fdb99c8e9f73ee188cbe3fa166df60d3743297c5544461,793f2110618d20014122d68901dc2ddce1c59b9971ca2976fa766361d36e1dc5
pm:vm:photonmelodies11.rio.004:426952928:00261472:01114,cvm,话说回来…………<0A>我还在想这种地方的温水游泳池会是什么样…………<0A>没想到意外地正规。<01>,[],layout_only,3e3e7ed3fb5264e055ba35aa30a4a2d2eb181b9adb1aa8cfa42f467b55ba9e4f,560d814db9e4a33bacaa45c42fa9f7199791f98a3211e879e2903cfa1396ee77
pm:vm:photonmelodies11.rio.004:426952928:00262132:01115,cvm,我明白纯夏为什么说这里像迈尔德·克鲁了。<0A>感觉就像它的迷你版。<01>,[],layout_only,73ef9aed53566dc06eed53a5049ba63ff7a4a63b6927d616730fb72e6b26e7b6,09ade5cb989f3d2af80c1be02058c14ab694c6b6603d0967d4e055c8c1d7fe26
pm:vm:photonmelodies11.rio.004:426952928:00262176:01116,cvm,里面是南国风情，窗外则是雪景…………<0A>不知道是不是错觉，窗外的人口密度也很高啊…………<0A>主要是男性。<01>,[],layout_only,ac8554b736c096c2d9a788fa29811fd4fb0facef9cf991daa08d1f0892ebc3c5,2ab402b6f54f7ddadd01e8b536fec9fc1efddc1037a2683a581919bcbf369d95
pm:vm:photonmelodies11.rio.004:426952928:00262220:01117,cvm,……………………。<01>,[],layout_only,efa30788584cfea7ade60ccc37d7fc6cda943e64935eb133252c341159e58e05,0b3d7aae4004dc9b91522cf9245f879b48b6a3b3d3c28ecbba043ba8207a6df9
pm:vm:photonmelodies11.rio.004:426952928:00262264:01118,cvm,情况也已经充分看够了，撤退吧。<01>,[],layout_only,817368ce6ceba2d5c7a5b9b4639822cd917bfe03ff7be33d043e1a7ee15521e2,92d0f549d1e332787664781dbc02f50fa4f4e50949c711d5998762199569b37a
pm:vm:photonmelodies11.rio.004:426952928:00262308:01119,cvm,老师们本该光彩照人的泳装身姿…………<0A>看起来却格外悲凉。<01>,[],layout_only,092abaca6c748d7e302ba7b02d3b599af12717863f2b08b3e2d95a3111b4caee,52b97641d6931f88f661e628512550c57ff2e1f81036bf1a4e60c4da83f30d89
pm:vm:photonmelodies11.rio.004:426952928:00262352:01120,cvm,【武】「…………嗯？」<01>,[],layout_only,568a90aa4f37ef6fd1ad0120b8fef301c43d0c532107618f930b0ed9fd488ce2,b99be8d3305499fc89035cb36854ce730291c817a8a0fca8f9114cbbf41494a1
pm:vm:photonmelodies11.rio.004:426952928:00263060:01121,cvm,咦？那不是沃肯老师吗。<01>,[],layout_only,e8003c70ee53a3d94d7040440619e0214b62ed8a84203963ffe0065df87d409a,f90928c67e3393313f0a00a82b0dcaa7beb6c6238daceeb4fbc0b37c7496cb7a
pm:vm:photonmelodies11.rio.004:426952928:00263480:01122,cvm,……………………又在记笔记。<01>,[],layout_only,945ec3c4aa30e65727e6d8c7de09bab9004a7b3d161862e296570cc68106299e,c0ae47c3c48ff383351b2b19205df2e813247bd7828347bac3910db431ea1ee4
pm:vm:photonmelodies11.rio.004:426952928:00263524:01123,cvm,结果，我到现在还是不知道那些笔记究竟是什么…………。<01>,[],layout_only,1316b95d3a4424e19a675b31e34e39d36b4860a0bebf4bf7af67a62c6456865f,a2b856062df811dae9f2e9f154a8e9c26c88308868732d489fe1610fd1edfa30
pm:vm:photonmelodies11.rio.004:426952928:00263592:01124,cvm,不过，十有八九是在记录老师对女人的喜好。<01>,[],layout_only,32d43c39d6c24ebb064988e17a1b577499c9146b6269d208c5b330c06ef24aea,6da131d39e57637b566d04ba5638c32f00bb7df4721513dba685f2f1d85091ef
pm:vm:photonmelodies11.rio.004:426952928:00263816:01125,cvm,【武】「老师～，你在做什么？」<01>,[],layout_only,bc14c6e9b0ddae3579f45be6a6a1af8aa94133f59f1f7c073de0dbb3d38a643a,854cf60468874a02aeb9cae178ee7192fb6ab48cfe2455fdab723cc22a2e7667
pm:vm:photonmelodies11.rio.004:426952928:00265296:01126,cvm,【沃肯】「——白、白银！我…………我——，<0A>什——么都没做哟——！」<01>,[],layout_only,3ed96b0b7e7db0161d4592a3ac39b804d8293085e8c2c2001c27de71f625465c,d2e7acd7a45933a09837c1057bfc025a5c38c2cd50098b36e86e9607d01c3879
pm:vm:photonmelodies11.rio.004:426952928:00265340:01127,cvm,…………动摇得相当厉害啊。<01>,[],layout_only,e4bbc957310c113b7dad4491d8214d8a6bf1900aa0c5a12091b48dbc323340cb,2708f55708457f99522cfdaab884a6bcd03eb0ee3bcce1c0781e76b62bddf45c
pm:vm:photonmelodies11.rio.004:426952928:00265784:01128,cvm,【沃肯】「HaHa——！下次再见吧——！」<01>,[],layout_only,24987a552ff8648b91c4a6080a9108609c207926ef7a0109162554811e1a6825,1e763d4be1337e6288455f4e9c050b52f8e9d8d34584cbd1208999a5e6ba13f3
pm:vm:photonmelodies11.rio.004:426952928:00266260:01129,cvm,……………………他到底在做什么啊。<01>,[],layout_only,8b65f30ff7cee72590c37a6ee5e62a99c4196c6868c057ffe52b450106b8b3f6,ce2ceea131cbe4fb5a21d503e5da28930a1058b6c0c2021d552bfb7cb9cc8d9d
pm:vm:photonmelodies11.rio.004:426952928:00266304:01130,cvm,【武】「…………咦？」<01>,[],layout_only,947f27f2402d901af367ae61026ec4d2de4c4986a21ee209f820acb2afb5d926,a2515ecc76de6f227a6b597c406a361dbd8a5ab9c14860c3532a4572b2a07ebc
pm:vm:photonmelodies11.rio.004:426952928:00266484:01131,cvm,老师，把笔记本落在这里就走了…………。<01>,[],layout_only,c4bad12be67937f09022754c4270bbf7944dc3df52df7f3a640d05e3f92ff831,f60a067eb522ad8e5846b07da904d8e904538f9112581e3cea9d4365ffca3fc0
pm:vm:photonmelodies11.rio.004:426952928:00266664:01132,cvm,……………………。<01>,[],layout_only,efa30788584cfea7ade60ccc37d7fc6cda943e64935eb133252c341159e58e05,0b3d7aae4004dc9b91522cf9245f879b48b6a3b3d3c28ecbba043ba8207a6df9
pm:vm:photonmelodies11.rio.004:426952928:00266844:01133,cvm,…………。<01>,[],layout_only,a8c0841fada26437e06edf4cc99a2f89302a31715e6fffabf09bae04dbbc9a80,8b9838ce3d87979c99406185b29994e51c8853c86ecd9f0c3a80843c34808661
pm:vm:photonmelodies11.rio.004:426952928:00267024:01134,cvm,…………干脆看看吧！<01>,[],layout_only,65e45116d862b6596814d9732d271adeb2a0f3b9d732ae71c40e8cf428cd99a5,601ad348f0ec95f5929f5bf386648329099f786c89e288b60891229c1ba5a0ba
pm:vm:photonmelodies11.rio.004:426952928:00267276:01135,cvm,…………好像没什么特别之处…………！？<01>,[],layout_only,d69385c14f50a24c5b8b4f5fd5e787beee31b891a5c913683ad11e4acf4027f6,a7060cd9da4aef8cf31130829ef02168b962f3564be56c40987c1f1c63e7ef2d
pm:vm:photonmelodies11.rio.004:426952928:00267456:01136,cvm,夕呼老师…………副司令…………？<01>,[],layout_only,c4a75e0d50979047772e683eddef6a3d0354a3b0467fe198f7912decbfa53637,1608e5e6c6943c978460860e75ebf9a0525cd5c7d8c0f7233e3e7ad6b9c8382a
pm:vm:photonmelodies11.rio.004:426952928:00267500:01137,cvm,哈啊…………？…………这是什么意思…………！？<01>,[],layout_only,9699b5fb8792813ecb06bb2daa292fbce2ee8d8cf64f05b4709f79cca24f279b,6372159b9492dbe3d2aea29a96c92c84c2191320161d035a89b59460ec34bb91
pm:vm:photonmelodies11.rio.004:426952928:00267544:01138,cvm,【武】「……………………」<01>,[],layout_only,770975bc8d76964cd0683d1a3ba2ec947971272f34819d29aa5c66d3964a88d7,6a17c608647a040376434d02fd50f1e4124a141fe417bdc98ba4d3f27bdee35c
pm:vm:photonmelodies11.rio.004:426952928:00267768:01139,cvm,……………………这果然是…………那个意思吧…………？<01>,[],layout_only,64200bbb359f4e4f76ffdd67e1c11a48b3e049a4353172f4bc67d413eb0dc316,47365c28571d85e6d4daec02095bcef2ee0ff1b6a6b9c18e369c00ac165ee01f
pm:vm:photonmelodies11.rio.004:426952928:00267812:01140,cvm,那个人原来…………有这种喜好…………。<01>,[],layout_only,7f0991eea880ecd4949cf6df16ae726714e3b9cdf2bbd2818be7fd82fdaf330c,bc8e3b3194930e0bd4e108f1987e6f42fc64a31a2adf2c728b07e0a6ee79934b
pm:vm:photonmelodies11.rio.004:426952928:00267856:01141,cvm,【武】「……………………」<01>,[],layout_only,770975bc8d76964cd0683d1a3ba2ec947971272f34819d29aa5c66d3964a88d7,6a17c608647a040376434d02fd50f1e4124a141fe417bdc98ba4d3f27bdee35c
pm:vm:photonmelodies11.rio.004:426952928:00267900:01142,cvm,真是的…………那个老师脑子里，到底都在想些什么。<0A>这也算是他喜欢日本人的一种表现吗？<01>,[],layout_only,95971665666351c2426a03b1af13cca047b1ef6aa1325b07aa7862148cf23c22,c84983c228038e29465278068f8adc5769ab031b36a58b6f9fe4a638bb1deed7
pm:vm:photonmelodies11.rio.004:426952928:00268124:01143,cvm,…………唉，算了。<01>,[],layout_only,2ce859f4fc15a6795b895b338087057696c01da8c790ccf7acc07091af7de985,c077ffdd8b81a67642dbc174fd68fd3a0e642cc39306b55d7f12f08fa86bc344
pm:vm:photonmelodies11.rio.004:426952928:00268304:01144,cvm,【武】「——沃肯老师～，你掉东西了～～！」<01>,[],layout_only,86c4e0b0a1e27f12540fa2a2735d7c9214d9b62069a9da53a6168b94283c682a,9098312809faf7645f12dfa59c4b83d7b1d0ec56e3147b4958551486d2454af7
pm:vm:photonmelodies11.rio.004:426952928:00269468:01145,cvm,…………嗯？<01>,[],layout_only,bff91b4347ac724a3130a301591c8985a2fe1484cfc6149b4649fe07dbd91a5e,276359225c55d915620932500686d990190e6c3327bfd142e050e4dceda8787b
pm:vm:photonmelodies11.rio.004:426952928:00269968:01146,cvm,【武】「…………你们在做什么？」<01>,[],layout_only,421725463da0ad1d9f9e81d6119da81d7b85402c0482138f2531c023a3fea24c,0e875b3b9428c24584b66a94fa0f91a37ae0495864310b32a367b166f1505a8e
pm:vm:photonmelodies11.rio.004:426952928:00270468:01147,cvm,【美琴】「啊，武！哎呀～，<0A>一个人能做的果然还是有限啊…………」<01>,[],layout_only,c4152e8d2fb720ffc88b3ec6bbac3b86eb3b8ed484dc6ad171c9b105daaf2185,0702f474506056a39c50f5cec8e4ea000d926f0dc7c56832fd3b569387f28316
pm:vm:photonmelodies11.rio.004:426952928:00270512:01148,cvm,【武】「你说什么有极限啊…………话说，<0A>你也不是一个人吧？班长，你怎么了？」<01>,[],layout_only,350a202f78ac113255e2a877651dcaf9f5ce733ad1c8b26b1384c05cf1434589,93bb1653914179f61e58c8755071bffde5c75ee1b0c4e7b3d472804fcc739e53
pm:vm:photonmelodies11.rio.004:426952928:00271208:01149,cvm,【千鹤】「呼～哈～…………」<01>,[],layout_only,5a7c62362bc0271e1bfc3168696b571651474c2fe8d71587f12ee13d00902f56,44385b5bdac6a8b5fa83b94a3722d9acc3a9bd7693a0e965fc176f07e4e7e50b
pm:vm:photonmelodies11.rio.004:426952928:00271252:01150,cvm,【武】「喂，班长？你怎么弄得从头到脚全是雪？」<01>,[],layout_only,1a62134d0a34ebc2ee28e9b7dac68a413cc688e09591718863d3ce30a29be4e3,f7e8b6bf2c38956f59f9e72ea25f6f8329dc0a2e09931f90f8745c4a90698b35
pm:vm:photonmelodies11.rio.004:426952928:00271620:01151,cvm,【千鹤】「——因、因为！！<0A>我没想到他会毫不犹豫地跳进比自己身高还深的积雪里！！」<01>,[],layout_only,9ae650fcd5e37be9bac8db460cd0ae20eddf2555c0954c9cfcef1bd3f6643cf9,19b6dd92def2f4343fea65327ccf01757aa87e4553da2cc4f4516c6973b3c721
pm:vm:photonmelodies11.rio.004:426952928:00271664:01152,cvm,跳进比自己身高还深的积雪里…………？<0A>真搞不懂是怎么回事…………。<01>,[],layout_only,c346c187da8c944650042ce338ca212a0b770cd9273460bf2c16693cad7e978e,6730557d5998c404d1f99cfe20515b9668995eb54f94a654d550e776b3642022
pm:vm:photonmelodies11.rio.004:426952928:00271708:01153,cvm,【武】「好好好，总之先冷静下来。<0A>我完全搞不清状况」<01>,[],layout_only,173e3fec898676c7fdf69fcbad7c29244c33e7203f03d14db4845266a068e0b4,d4d69e90a077b3913ff32503cde5387ffcd9791e53631b93aeab1d2ce0d18ed0
pm:vm:photonmelodies11.rio.004:426952928:00271752:01154,cvm,…………不过大概也能猜到是怎么回事。<01>,[],layout_only,3c63883567ee84dd4cad9e236d03b286f0b3a06b2db65a1f349e64759fc5f4e5,7705d0898aae3c0332cfbbb4bf2f6bdca8652040693d9c8019464046c05f975e
pm:vm:photonmelodies11.rio.004:426952928:00271984:01155,cvm,【千鹤】「因为铠衣同学说要一个人去挖温泉！！」<01>,[],layout_only,99b435b59945a99f2da921db73e03f467fb0a724adb58b7678f95729f2c81d92,dbf6ddec5e4dc01886be992e506aec849e6ab0256f42ab476c3af031d4d38620
pm:vm:photonmelodies11.rio.004:426952928:00272028:01156,cvm,果然。美琴确实说过要放弃和大家一起挖…………<0A>可是，他可一个字也没说过自己不会单独去啊。<01>,[],layout_only,37cc505e89d7fbe36e6bcf0d4a6a8a468cbb9fe277b247acb74ef7b5918426da,a13297fe48d9d7661bdde3dbb8f326e6a6ab25d1000ae78738bae4074d728401
pm:vm:photonmelodies11.rio.004:426952928:00272072:01157,cvm,【武】「然后呢？班长听到以后，<0A>肯定说什么一个人太危险，自作主张地跟上去了吧？」<01>,[],layout_only,51a5a6245249559cac4d5a5f4a8bb88ff5f70c1f9fbd25263336e0c298071d77,f9b83d943c0eadf86e85315970a3336859f317a18bc0498ad97ffd6049a2d7c7
pm:vm:photonmelodies11.rio.004:426952928:00272304:01158,cvm,【千鹤】「因、因为！！」<01>,[],layout_only,7949e30079675a9b0cc18a71ffc9c2100f4210683cf22668a67079f9beb3da7e,0dcc7628620ba301267d0a0d1f0ede776161ceae0511e8d4b8ef62bd670df82a
pm:vm:photonmelodies11.rio.004:426952928:00272348:01159,cvm,【武】「结果，最后反而成了累赘」<01>,[],layout_only,09951c884d0d2a8c233daa27d60dd6f160a010d317d216b1981f3286fd07aa70,c4ea5dccbdecbdc7ca35be491ce33e0f1cdc7ae2a3f9e6c361e807916fff4ff7
pm:vm:photonmelodies11.rio.004:426952928:00272580:01160,cvm,【千鹤】「唔、唔唔…………那、那是…………」<01>,[],layout_only,7ae90e4a81786fdd5e2f5e01263c5490b37505a002d92fb994c6d21242f7bb74,51d181bb7cbbafb068ed20a4da4ecc3d986bd49ea3d68965fd6287fa1e97c748
pm:vm:photonmelodies11.rio.004:426952928:00272624:01161,cvm,【武】「唉～～，稍微动动脑子啊～。我们怎么可能跟得上美琴」<01>,[],layout_only,2d0b64be16e6569ea04d1395146f136a0d83cbbc0a75a40974628725b57b55aa,dfd2539d8b5bff60fdcf5689d8c93eaf37c12ef1f2e896e12fd475185b16e258
pm:vm:photonmelodies11.rio.004:426952928:00272856:01162,cvm,【千鹤】「烦死了…………我当然知道，这种事…………<0A>可是等我想起来时已经太晚了，也没办法啊…………」<01>,[],layout_only,0bba46b60534df4b875d11a4bced40aa5733d6d59a2775c4211d795ed571dbcd,c8d0d6f0be0e57c61937e8212e79408ec9ff90b2b74f0a44f02de7f56be6c738
pm:vm:photonmelodies11.rio.004:426952928:00272900:01163,cvm,【武】「别嘟嘟囔囔的！然后呢？<0A>比自己身高还深的积雪是怎么回事？」<01>,[],layout_only,70eeb2ad0afb7d36dc752e83d86d5c0e58f149c2c148c85e3f73660a5893124b,26a3cf3e05e39a4cc6d458886f2d37eb65e87c0b5e53a6d579fe1f439048a2f8
pm:vm:photonmelodies11.rio.004:426952928:00273132:01164,cvm,【千鹤】「——我怎么知道！铠衣突然从雪道边缘<0A>跳到下面好几米的地方…………<0A>而且那里的积雪超过两米…………」<01>,[],layout_only,deb4107c2beb06fbde4a2e4770124f38d6d9152a5be0b8a4046a2751e869a319,8939aa1013d97ac81337756808184971b20dcd10b21dffd0e603a5341dd2b0b5
pm:vm:photonmelodies11.rio.004:426952928:00273176:01165,cvm,【武】「哈啊？」<01>,[],layout_only,7e04785c8196951bee9d8f2057ac741a96953f4c72a18651bb950197531f630a,368c9731a43811b2e1eb513406a8538dd40c985bdb08fa2af33016dc0650bcd0
pm:vm:photonmelodies11.rio.004:426952928:00273500:01166,cvm,【美琴】「不是，那是意外。<0A>正常人那么干会陷得动弹不得，最后死掉的」<01>,[],layout_only,7dcaf512c7489d4d36466cffc9359ac51a1674e7ab3ac3fcdb9f0ca2a44c32cc,8a72a61a2df5c81e6c6ca2ba25c827619abd5de0cccecee7566c2f031ef29f5b
pm:vm:photonmelodies11.rio.004:426952928:00273544:01167,cvm,【武】「可是，你没有死吧…………？」<01>,[],layout_only,17040c84836b22cdfc1020d18caa7c21288b0f19ed7a15043fbcdf4956ede810,a3fac7e55dff9894145bb5433c8c5db85bae43b295a3ce20ad935f6880a07a75
pm:vm:photonmelodies11.rio.004:426952928:00273600:01168,cvm,【千鹤】「——我可是差点死了啊！！」<01>,[],layout_only,23ba23994f6f04352f9c593a7e6677878a5c1fdb1aa17f12fdb115f3d75735aa,83fad7f297275758e692a18355e4d13d59b8b237701d6b6786d2e1342af97d09
pm:vm:photonmelodies11.rio.004:426952928:00273644:01169,cvm,【武】「知道了知道了」<01>,[],layout_only,dd5cecb907b922fd232db1256d04307822ba7e39c1283d7197323336c68b2182,f217e435f7365f497518f631cc2f0e3ad3b50484d03d0b8d609846ff5f4e4e2b
pm:vm:photonmelodies11.rio.004:426952928:00273688:01170,cvm,班长这家伙，看来吃了不少苦头啊…………。<01>,[],layout_only,c15b6525a600682dbe68c85ca6685e5dbfb13397163dae746974df924e0f587b,9c5ae8c4ef33fc26c00556a297e82b3fffe508ce2f6e83a3e07fce7d84e75e89
pm:vm:photonmelodies11.rio.004:426952928:00273920:01171,cvm,【美琴】「哎呀真是的，把她挖出来可费了不少力气…………。<0A>不过，虽然没找到温泉，但救出了班长，也算不错吧」<01>,[],layout_only,0b9f9f6daa5d881d4f5b11c3635cc847a1d77c97ab057a1a909805d4dbcca2c0,b8f54fe453476eb6d4a83fab393baae5224c1063bb1918fb9851f411eadcf298
pm:vm:photonmelodies11.rio.004:426952928:00274232:01172,cvm,【武】「根本不是这个问题吧…………。<0A>不过，班长为什么也跟在后面跳下去了？」<01>,[],layout_only,e105b1c961aa75219403146b167c2c10eb6f17186feb687b665dda878d186631,9d6853f4efd88a8169b24090576d7462ba26ee20a759e7ee4cb3a790caa4095e
pm:vm:photonmelodies11.rio.004:426952928:00274464:01173,cvm,【美琴】「就是说啊！那种事，太危险了，以后不能再做哦？」<01>,[],layout_only,bb8adb8be6e0e50607a8b8a62a2d291cd6dfa6721853f7e6bf76991378114a45,10b7ce0a744eb91c368eb633f59887251debafc8bb299da4ad752e09fb597c87
pm:vm:photonmelodies11.rio.004:426952928:00274684:01174,cvm,……………………你这家伙啊。<01>,[],layout_only,fc2ae6456bf0bf56a15bf5e4f667baf52af3b89c33d308eff8a3031571f2751c,75304f035b1980be3d2738f52a089376f5d084c77c22e1c0ab4fedb7f32743e9
pm:vm:photonmelodies11.rio.004:426952928:00274916:01175,cvm,【千鹤】「铠衣同学…………你啊……………………<0A>唉～～～～～～」<01>,[],layout_only,5d856f70926d347dacd3ce0b5abb3d827558b53d9b22d53bad47cd5587be145a,774b505d40d966aa978730205ab132e674c387564e92045a3fc3b70606f00dba
pm:vm:photonmelodies11.rio.004:426952928:00275884:01176,cvm,哦？班长真成——熟！不，只是已经没有精神和体力了吧？<01>,[],layout_only,f36e918beb47f122e6be1db57fb11aaa4d486849b626253be3fa8c31c4c06cdb,047ace60131ea232d91ec7777645240c345da70abc65edd39ed764188d8f447d
pm:vm:photonmelodies11.rio.004:426952928:00275928:01177,cvm,【武】「那个…………美琴，<0A>继续这样对班长的精神健康非常不利，<0A>所以彻底放弃挖温泉吧，好吗？」<01>,[],layout_only,fdd89c4eb9763dc6ae772da13235a85494ff40c1c4e06915b4716dab8eac4eb9,a1eecabb254bc04211e84bd54954a56f2f5888c3a36c6ead445d3eb6372259b3
pm:vm:photonmelodies11.rio.004:426952928:00276148:01178,cvm,这次班长实在太可怜了。本来还想笑她是自作自受…………<0A>可看她都已经这样了…………是吧？<01>,[],layout_only,8e57f60e365d3b1930fe771ef85cdbbe3c744d005958caf734955654509607a0,b0f4142a599335f1f99832041c9162a6df0d879369527296045af44f6f73d593
pm:vm:photonmelodies11.rio.004:426952928:00276380:01179,cvm,【美琴】「嗯…………说得也是…………<0A>就算真的挖出来，也不是我们能处理得了的…………」<01>,[],layout_only,f57a0565f25cd56ac48d893ed41c782286bb4f0f415df5e5a2580c1f204b2c4e,5bc1f0e020f2e94c89c4ac2d151a0d0e474ab5b0e4ff62d07399fa27ce4b3c2a
pm:vm:photonmelodies11.rio.004:426952928:00276600:01180,cvm,【武】「算了…………你想用什么理由说服自己都随便…………。<0A>班长，我已经替你谈妥了，放心冷静下来吧」<01>,[],layout_only,a79c6709587d06820ec04e107b308770eac169fe2b7567dea3c112e45c4989a0,2dc6abd7f307007315e7136e39071c105bfd08d15cdc2f5b3556e7fb26625f40
pm:vm:photonmelodies11.rio.004:426952928:00276832:01181,cvm,【千鹤】「谢谢…………唉～～～～～～～～」<01>,[],layout_only,3d5f5874b94d42d7164e8d44720c023a9a536a695a5b99c7b3aa8c61171703d5,e8d779581e86f414848433d1b83c537bd5e266de7991cdd71ab2e8c0453774f0
pm:vm:photonmelodies11.rio.004:426952928:00276876:01182,cvm,【武】「然后呢？接下来打算做什么？」<01>,[],layout_only,95617c60e219fac78da0b1182db20531e44389f83b575e9646f07473dff24e07,1d87e09e4d88b686e90d7cfb01773759d135bedc5834a0ba0c2b0a180a476516
pm:vm:photonmelodies11.rio.004:426952928:00277200:01183,cvm,【美琴】「这个嘛…………」<01>,[],layout_only,f9c1a65052dafb022b23380080c197d9a630c7909c5d749f34a58bdf8bad36ea,e996aa814b511cbd35cd3d8ad4c8e11747ff1bed1e0a0bbb35b9c1442419b773
pm:vm:photonmelodies11.rio.004:426952928:00277244:01184,cvm,【武】「不，等一下。你去温水游泳池吧」<01>,[],layout_only,f137ca40f6435bc29fe061aeccf11a8870625c42395a6f857d32df422f9c5acf,29b29cf25fc6ae09582d159e2bc5b6d4b004f119bbe61cd56350d888a3c1aaaa
pm:vm:photonmelodies11.rio.004:426952928:00277476:01185,cvm,【美琴】「咦？为什么？」<01>,[],layout_only,ca770dd4a5d734bfb5d3709cfa19768a44eaeb3c3bffff8bee20346d178c22a0,752ef58a22857a3120bb7d7575f3dce6e340c02a78b90e42b0a5a3cd0452732e
pm:vm:photonmelodies11.rio.004:426952928:00277520:01186,cvm,…………因为把你留在外面，谁知道你又会干出什么事来。<0A>就算放弃了温泉，你看起来也会接着跑去找别的东西。<01>,[],layout_only,1640f079c4c1535c225a18eacee58ebe83c6ea5cfddc35fd40ae240419fe88b1,48c3746045357859c83ef78733476fab383943702fcce6cf75a6038208c76a17
pm:vm:photonmelodies11.rio.004:426952928:00277564:01187,cvm,【武】「反正，你还有多余的体力吧？<0A>过去帮忙的话，大约有三个人会很高兴哦」<01>,[],layout_only,1bad21c1fa7e45f4bf4ffb32829d19c71c1890ffd2654b81c44683a9ff809863,0a62132102457b936ac8a11f6d8398630f1b6b1d9afa4a030be2e25221b1e5e2
pm:vm:photonmelodies11.rio.004:426952928:00277796:01188,cvm,【美琴】「帮忙？帮谁？」<01>,[],layout_only,18ea945168967628207836dff60814497b34348c24bef6d719fae331ff281a69,8a3ea535fc699f781157c73a0a390f72d175f3d298032972b4f01470fb7c4de2
pm:vm:photonmelodies11.rio.004:426952928:00277976:01189,cvm,【武】「哈？……………………咦？」<01>,[],layout_only,51a4a0c71fb555fd40aae0a9245dda97b7d3249c5bef8fba2e9cb8300ca24280,64c05ddb905c1f31a3a9abb8dec773a3dca02dd98d6cb8ef70a6549f422cc5a5
pm:vm:photonmelodies11.rio.004:426952928:00278020:01190,cvm,夕呼老师她们在泳池这件事，他不知道吗？<01>,[],layout_only,dd525e675c0e84f7b48b3fdccda7a2d9f0b10af8a0bff0cd91bd88c313c96c80,979d9c106fdd69c11b4681cf8ecf52916681dab793b6b5a98411c4e5bb4f021c
pm:vm:photonmelodies11.rio.004:426952928:00278064:01191,cvm,…………或许真不知道。这家伙，午饭时迟到了。<01>,[],layout_only,6a27d26b693b8e06c759527378a9ade5ac4406c6491657555e80c49e494ffa5d,df81b223bd51fed759f0a9a6cc75df11209639fe257883512a0468d3dfdd981a
pm:vm:photonmelodies11.rio.004:426952928:00278108:01192,cvm,喂喂，那么饭后聊起这件事时，这家伙以为大家在说什么？<01>,[],layout_only,3d67f9f2d98863598a7fb32c203f555267da8f3ddc603febae02bca344711b3a,6d3e1c9edd6c3e32273e4ecb672756d24d551efc990c20c4f89a586b2f696402
pm:vm:photonmelodies11.rio.004:426952928:00278152:01193,cvm,……………………算了，想这个也没用。毕竟是美琴。<01>,[],layout_only,d1fab21d96e9cf4cc7552d489b4732d54782f5c5ff53957983a3a959d9429b99,015abe1239f0edb2aa7a5ab4b6782e29ed3ae2f20af3776d1c4c3d23c433a8a0
pm:vm:photonmelodies11.rio.004:426952928:00278464:01194,cvm,【武】「总之去了就会明白。<0A>那里的情况让人一看就知道只能帮忙」<01>,[],layout_only,6b9a2eb637c2e9514cde54e32827dce4b1fbe921cfb2a0be8caca8de33ae7400,594fe5d655916ab9a66e20d0a1b09aee76ac64ee79eafbb93ca14ff82a7d1869
pm:vm:photonmelodies11.rio.004:426952928:00278696:01195,cvm,【美琴】「是吗？明白了…………那么，我过去一趟」<01>,[],layout_only,47fcbee5fb9f1583066d0c74379d4e795386a05b6842f6dd3828df98bde31475,28a1268e21fc84fe395b8ac18aad4e8bf9ddd0402e6b46edf2e58759a1cdcade
pm:vm:photonmelodies11.rio.004:426952928:00278976:01196,cvm,【武】「好，加油啊～！」<01>,[],layout_only,0a53c62e167b01d478a85935675fb10e1a07ac445099cd355305bc96cb71ff95,162130fa55bc171f47ef98749ffaa6ca1187eb697b4adba687469ac2889b67d3
pm:vm:photonmelodies11.rio.004:426952928:00279156:01197,cvm,【武】「班长打算怎么办？」<01>,[],layout_only,15a731463128f94efff4bd4cb5510d2e6ac3857cf65ff928dd6e105fcd1f3bd0,40ffe3d8749c385780d6fb5a567289929de9abc04009cee055e4dd92f1abb1a9
pm:vm:photonmelodies11.rio.004:426952928:00279388:01198,cvm,【千鹤】「已经不行了，体力到极限了…………」<01>,[],layout_only,a8183b90c7fb9c19d2ad9f1512ae7160c42b0e70adaaa33b069726e1272281db,61b7167613bf10d044f5356c6e8b38ac81dbd306e22fd10f2baa06a00b113a07
pm:vm:photonmelodies11.rio.004:426952928:00279432:01199,cvm,【武】「这、这样啊…………」<01>,[],layout_only,907dbcd162bf96e072c8c26b96d3c12f49d7324757cfd1f72f13701b165df121,fdff91ee292a6771cbf5eb22f414f59520c1333246c085e0cb4e6af806b11f94
pm:vm:photonmelodies11.rio.004:426952928:00279664:01200,cvm,【千鹤】「我要坐下一班班车回旅馆…………<0A>去温泉暖暖身体…………然后休息」<01>,[],layout_only,94e59a84d7bfa985172a6535806e3d7f9171402ee045188f0aee0a8ce4b53289,87fbf9fc94aff142157e79a7405559f34d6a6a48b99b97d1d0d9155e16f7e87e
pm:vm:photonmelodies11.rio.004:426952928:00279708:01201,cvm,……………………。<01>,[],layout_only,efa30788584cfea7ade60ccc37d7fc6cda943e64935eb133252c341159e58e05,0b3d7aae4004dc9b91522cf9245f879b48b6a3b3d3c28ecbba043ba8207a6df9
pm:vm:photonmelodies11.rio.004:426952928:00279752:01202,cvm,连现在还每天早晚和后辈一起练习长曲棍球的班长<0A>都说到这种地步…………那一定是相当艰苦的雪地行军。<01>,[],layout_only,c71be75f44f60a0399803d7575f54bbae70b8dcc588f007b24ae15db0e06cc91,ebd356ecf6b27aad61cb252eb6e676f2576dcefc3df8a3feabe26a4e1e69c132
pm:vm:photonmelodies11.rio.004:426952928:00279796:01203,cvm,美琴这家伙…………不容小觑…………。<0A>他那副身板里到底藏着怎样的怪物力量啊？<01>,[],layout_only,832df793955bddba129590d385ab794d7ef010f478257038f1f1b8b261c37449,dc88e01624048e8d5c239717218846331e94f277a22e2ade3712b727f47d0799
pm:vm:photonmelodies11.rio.004:426952928:00280028:01204,cvm,【千鹤】「那么…………我去换衣服…………<0A>大家就拜托你了哦？」<01>,[],layout_only,1be24e7347d476f77af900bb464f1767356e6c3fb84c762b09334ec7a45e69e1,59653332575eac1e6d925ca31e7afdf0c3596e5724b6f7bbb17ccc3966146631
pm:vm:photonmelodies11.rio.004:426952928:00280072:01205,cvm,【武】「嗯，明白——」<01>,[],layout_only,40bf197ae812fd3708a72ba661abf8c68c9f9f24af6ea39b32fb61b311e21a8d,e969019e2c1561d067f68427a56438c6c9bae8a69ac5ab5e88562667c40a3297
pm:vm:photonmelodies11.rio.004:426952928:00280304:01206,cvm,【千鹤】「等等，我为什么会拜托白银同学…………<0A>当然不可能指望你…………真是的，<0A>看来我也累得相当厉害…………」<01>,[],layout_only,48ca7c69865e5067eeb125d1e7d63caa381586a49cd484b87290edc1c5f44c9a,5bcbf1e6a7184ff10c9a7890c8340cfa9c0e097c0c0a266bda8508fc0b81e760
pm:vm:photonmelodies11.rio.004:426952928:00280584:01207,cvm,【武】「喂～…………」<01>,[],layout_only,1d51c083bd0abd786247817e7c555a87fd9ffd7c4e781ebbdfb0a5395e4ff9d9,b39d6ac0002aa917b172cddbd54f7d20e0c045d9829b0fcf668ed981ccdb87c6
pm:vm:photonmelodies11.rio.004:426952928:00280628:01208,cvm,明明已经累成这样，<0A>唯独这种话还是能清清楚楚地说出口啊？<01>,[],layout_only,657bccd178214d62ce06affdf781a7a477051a157d93994771a5ff627febe91c,1f2b7b52f81b92d1f12a5bb8f5d93e7afc5f00506d1286f4d59c40482adea97b
pm:vm:photonmelodies11.rio.004:426952928:00280672:01209,cvm,好了，我接下来干什么呢～～。<01>,[],layout_only,4abd8434d18803b163eb9736e66cf6bf324928820403751ac1ecc7168ad4330d,2768caf46391e6c6bf5b620838497ef774a0f77e23621ede324b01b9b040cb7d
pm:vm:photonmelodies11.rio.004:426952928:00280852:01210,cvm,……。<01>,[],layout_only,a8c0841fada26437e06edf4cc99a2f89302a31715e6fffabf09bae04dbbc9a80,8b9838ce3d87979c99406185b29994e51c8853c86ecd9f0c3a80843c34808661
pm:vm:photonmelodies11.rio.004:426952928:00280896:01211,cvm,…………。<01>,[],layout_only,efa30788584cfea7ade60ccc37d7fc6cda943e64935eb133252c341159e58e05,0b3d7aae4004dc9b91522cf9245f879b48b6a3b3d3c28ecbba043ba8207a6df9
pm:vm:photonmelodies11.rio.004:426952928:00280940:01212,cvm,哦？<01>,[],layout_only,4d3529cb807745c8f1cc7e1405082c80d05be9c07e732751769826c9b3a2b502,b7548611c0760618a335a42975b74dc5dc664e2264fa97d16090f0ba6d78c070
pm:vm:photonmelodies11.rio.004:426952928:00280984:01213,cvm,在那边玩雪橇的…………不是小珠和霞吗？<01>,[],layout_only,29a580eda063e92cce012bdf2d438ef6db921563e9c281a7a0c80e2c222a7d2a,43b13b8de8eb9b51291820cea7d35cfcb1eebd045e8b28781587f2df9eb9b985
pm:vm:photonmelodies11.rio.004:426952928:00281028:01214,cvm,反正闲着也是闲着，过去露个脸吧～。<01>,[],layout_only,5c4794bbbbb84f186543197c37df925b9bdaf501ba39fe97b3dccaccb470b864,5c0bec932e131f3ceec9ebcf7c75d7c19f53cffb3d18aebac7e998f1c3d80353
pm:vm:photonmelodies11.rio.004:426952928:00281332:01215,cvm,【武】「喂——！」<01>,[],layout_only,142ccdd1e833af783a24575f53dcafba105124819cd4e8f6773f5c517988e531,034b6b9c1e9909b4393c6b28f780c6e7c696a9896d1f029fde9bdbf4a32c7b24
pm:vm:photonmelodies11.rio.004:426952928:00281860:01216,cvm,【壬姬】「啊，小武哥！」<01>,[],layout_only,f2ec6747be51e6b7008fc80643d8c9088d9d0882b1cc363afbba7efe7a9e60dd,ae21bead8c2841ee5b42db1be42aea5d76d76553f5c238a0bb8d0f2fe8ae820a
pm:vm:photonmelodies11.rio.004:426952928:00281916:01217,cvm,【霞】「白银…………怎么了？」<01>,[],layout_only,23730d7b4a03bb43aa5eb2cde8948d603a7851a1a0eedd1d84888e32e304ecd1,e3d29bb0225e4d67dca4241ae9af22053fd3d16d2701be8527ef41a4e86a93ab
pm:vm:photonmelodies11.rio.004:426952928:00282148:01218,cvm,【壬姬】「你不是去泳池色心大发了吗～？」<01>,[],layout_only,905f89fc34219f9ce1af881b505f0f3aac52c657ae202b074b7207b7148463d9,b545e89290a156320db03611b46245c457ba622d4217c4447a24c726b633b112
pm:vm:photonmelodies11.rio.004:426952928:00282192:01219,cvm,【武】「这种又难又无聊的词，亏你还知道啊～，<0A>这可一点都不值得表扬～小珠～～」<01>,[],layout_only,ce7b1dc7f5df70c4259a1dbc08398466c84531a9b7d5d4d4c91e3aaa3f6bee93,bb04a352542a7df5b20e06f83dc0c9a0c4d392b2656baea1c09837192e3ef81d
pm:vm:photonmelodies11.rio.004:426952928:00282412:01220,cvm,【武】「这其中有各种缘由，我兜兜转转才来到了这里。<0A>热情欢迎我吧」<01>,[],layout_only,740c7c8357c900d6e08cd3c77ebe75ec147d946715e23c03f9e9f29a13b08051,04f358c036e7623a6e128d50f6d91e0826551835b5524dadd4cf2f93198b3823
pm:vm:photonmelodies11.rio.004:426952928:00282468:01221,cvm,【霞】「那么，白银也是来滑雪橇的吗？」<01>,[],layout_only,75de8508e6c9d17f15464e69152d8652a48c5f49e4d217642ae40c72b1b04df5,39bf5a1d365bcf847eec0604a06930561aeec3fb356e497d1a922e0203691042
pm:vm:photonmelodies11.rio.004:426952928:00282512:01222,cvm,【武】「姑且是这么想的，可……这里不是给小鬼用的雪场吗。<0A>在这种地方玩，不会很无聊吗？」<01>,[],layout_only,d295990232c380b3fe5d8d38d40c1cd18e02620a2394e1a92d52e231c4c6ca5f,a5b87fbfeb149461f8379fbf71beea51578222d17efdc25db24869c121961b29
pm:vm:photonmelodies11.rio.004:426952928:00282568:01223,cvm,【壬姬】「这个嘛～，听说雪橇不能去普通雪场滑哦——」<01>,[],layout_only,6877e743f66bbddd6f139d7f859ecaebd3e95119785d0167b108a0f22a66eb95,16ba62440ce655f3ac2bd6c245a60180823c0165137ac3617e8a5615b37ffcd4
pm:vm:photonmelodies11.rio.004:426952928:00282612:01224,cvm,【武】「咦？是吗？」<01>,[],layout_only,68e831f9a439375b6392f95bf7409d37818d3bf7e26f97d4f7cade0316605a87,07dd102deca4f38751db178326cff80363d4758dab2e00d56ccebdb7d4bd7d55
pm:vm:photonmelodies11.rio.004:426952928:00282668:01225,cvm,【霞】「刚才，工作人员叔叔就是这么说的」<01>,[],layout_only,6eaa68fd09bd1e1004df512a3c102174fd89611345df5efe64f600e1e066415c,d5117b250bae15983cb004196fb5fd58eb05ac5b7089e3fe7158ef372b0895dc
pm:vm:photonmelodies11.rio.004:426952928:00282712:01226,cvm,【武】「……为什么？」<01>,[],layout_only,8449d605c122508f18634e7266a5dc0599127738496b80a2a7902737f2643386,7c832bf69ebcb56276a3d71010ffa00d7766ef01e339b952ea824eab25383811
pm:vm:photonmelodies11.rio.004:426952928:00282800:01227,cvm,【壬姬】「因为没法控制方向，速度又快，很危险——！」<01>,[],layout_only,d2a449a1935d0106a6591e2be5f7e993c62253d5f05c75d48bc439b00e5cf05b,0a8a8de980244688150918d5527b33b250d0e106afc93f2cace4348b1e2c9727
pm:vm:photonmelodies11.rio.004:426952928:00282844:01228,cvm,【武】「啧！真是不懂啊……这种话<0A>该对雪橇LV1的新手说吧？」<01>,[],layout_only,e403aa9f9aabd44c3927124d666892805286ab17f859d5b3cd761b1770a6e53a,983ba6919dba75ef7bc90e89c9dad0d811ab69aab08f9d11217f37bee8522787
pm:vm:photonmelodies11.rio.004:426952928:00283076:01229,cvm,【壬姬】「雪橇等级？」<01>,[],layout_only,4356dbe299325ea6def1f2597f95dc0da102ec4f85f9ccde6d259b1a6f6d7dd0,cb4370428dfef1eb83c3904940a3765e86c824abf3cba93aff9a3bcc86a668f3
pm:vm:photonmelodies11.rio.004:426952928:00283120:01230,cvm,【武】「那当然！到了我这个水平，<0A>驾驭那东西还不是随心所欲！<0A>顺便一提，我可是LV99哦？」<01>,[],layout_only,c9fb9ad8dd9e33eaa1fe71845a74b52325f7c8c8702176a781e893440b73144f,e1db340d8721846d0e29b0857657e78531578a5c811c2de56f11679afa2bcaf9
pm:vm:photonmelodies11.rio.004:426952928:00283484:01231,cvm,【壬姬】「哇～，好厉害啊，小武哥」<01>,[],layout_only,92c6e2ca85f66b99c15e348efd7f417e6ef7e67b0dbe37f9644b1d8c4fd1ea38,9e17dadc1a559facd16492440c222cd12d556d2ae930924cc85121632a08e281
pm:vm:photonmelodies11.rio.004:426952928:00283528:01232,cvm,【武】「哈哈哈……也确实挺厉害的啦」<01>,[],layout_only,6b397c594ad91894bdda382d07ad0e8c3638f86c504d3b92fe88ffd06b7873cb,b1aa54312eff1ace8f5d6904da399d5ce4d592f414a6c57acfefe061426b5624
pm:vm:photonmelodies11.rio.004:426952928:00283760:01233,cvm,【霞】「请问……雪橇还有这种等级吗？」<01>,[],layout_only,a365533a7527b448ecc7653f9299ee3d628c3473f489177e07deaed1cb722ad7,035ff4d1a172022f454dc9cca45d65788b07a6644b9dd95dc27391881bb9b018
pm:vm:photonmelodies11.rio.004:426952928:00283804:01234,cvm,【武】「有啊有啊！<0A>有个叫世界雪橇普及振兴会的组织，<0A>等级就是他们认证的」<01>,[],layout_only,ca8e11997f0bb5570ff6f95f783d36cce356f5a0f453186bd1bd0f3678967f15,ec08e9d88395f90c3840765c9dec8d0dafddb107693aad439e641da304a84fed
pm:vm:photonmelodies11.rio.004:426952928:00283860:01235,cvm,【霞】「是这样吗……」<01>,[],layout_only,769ddc13dea524c6c402a97ecae941b9834ad253fa4563ec3cdc9a7302024aea,ce574ff0acf9cbbe540936a74369216be098b052e36138d12a58d5b0803d317c
pm:vm:photonmelodies11.rio.004:426952928:00283904:01236,cvm,【武】「顺便告诉你，<0A>雪橇会在下一届冬奥会上成为正式比赛项目哦，<0A>真的」<01>,[],layout_only,60570970072099f857cc3a57fc609a9fe24a140b2e3db096194fbf79ec2811e8,0bf0bf37773ec3ddb0c5f161f36d21414f1e26b387da0031b0610264a9c2576f
pm:vm:photonmelodies11.rio.004:426952928:00284136:01237,cvm,【霞】「奥运会……」<01>,[],layout_only,f1a71ad43997434218bc1096102a687009488fe25a7f738ec123b68b488224db,a3b50c908f942ef94478ba573efba6a75de4ca92b97038ffa4d99394d05feaf8
pm:vm:photonmelodies11.rio.004:426952928:00284368:01238,cvm,【壬姬】「啊哈哈哈哈哈……」<01>,[],layout_only,61d23bbdbd2dbf029e0987b86810bcd279ffa3af610a56800104490bb9257bc7,047074f1aca9830534d654cb5ccc908f809a5ab9eed08d154cd149505af58c82
pm:vm:photonmelodies11.rio.004:426952928:00284692:01239,cvm,【霞】「请问，等级最高是多少？」<01>,[],layout_only,83daf9fec0b4a5f741364ecc6e4876f8100b1c3f94e7a9833c5b63c671f84bae,d53176ec8dd04b4e06a12b80a86f4836778e8bb69ffb72e667d5225f137dc1c3
pm:vm:photonmelodies11.rio.004:426952928:00284736:01240,cvm,【武】「嗯？当然是99，也就是说我已经满级了。<0A>经验值也到65535就封顶了！」<01>,[],layout_only,2b03d31ce14562cce45a1567fe1f18939f394c9a1df4fd37d3f0224d0cb2d467,d546feebe27fd904a801c6d8132dd9f50ed6078d222db591cdf70c0f8463c37f
pm:vm:photonmelodies11.rio.004:426952928:00285168:01241,cvm,【霞】「…………太厉害了」<01>,[],layout_only,abdbb9074071b9adfe8d85090b5e323b7d90eb3ab0142581638c56dc043f32d0,cc7152324d2619216054e43b69a9e8f2c2f9e5e180cc0a2dd8887a44e43bdf1b
pm:vm:photonmelodies11.rio.004:426952928:00285212:01242,cvm,【武】「…………」<01>,[],layout_only,770975bc8d76964cd0683d1a3ba2ec947971272f34819d29aa5c66d3964a88d7,6a17c608647a040376434d02fd50f1e4124a141fe417bdc98ba4d3f27bdee35c
pm:vm:photonmelodies11.rio.004:426952928:00285520:01243,cvm,【霞】「…………」<01>,[],layout_only,ae1d9107f8f518af6cc974f9f2dd86cd5f6b05e10cdcd693676de81bca4abda6,09a1c5c4f3135e6f4548ece4982e45e31d0297b9ec63875c4a72c35e2f926c70
pm:vm:photonmelodies11.rio.004:426952928:00285564:01244,cvm,【武】「…………」<01>,[],layout_only,770975bc8d76964cd0683d1a3ba2ec947971272f34819d29aa5c66d3964a88d7,6a17c608647a040376434d02fd50f1e4124a141fe417bdc98ba4d3f27bdee35c
pm:vm:photonmelodies11.rio.004:426952928:00285608:01245,cvm,咦？难道说……她信了？<01>,[],layout_only,1f5dea699831c5efae6d305e1748bc3a20788b30b7ce10e53ded6888115dbb04,48430b13e1e96672ee7b2c573e9481d0a52904fadaf74170b382bcf50cbed2b2
pm:vm:photonmelodies11.rio.004:426952928:00285664:01246,cvm,【霞】「没想到白银…………还有这样的才能…………<0A>我以前都不知道」<01>,[],layout_only,f986a08dd06c840cf82a332dc10534078b21bf88852b7c0396b8606fd4b6426e,90e560cfc23dc8b0867c89ad5cbdd395382b81148ceebc24b791ca35b760426a
pm:vm:photonmelodies11.rio.004:426952928:00285708:01247,cvm,呜哇……她真信了。<01>,[],layout_only,4e13cf976900676367baaf6d9c7a6557910e02a21357550f743fe536d3971c2e,8ffdc9c74ce299911168b52c4b80b6c4344cd43ce078fb05af488e63186fa9ec
pm:vm:photonmelodies11.rio.004:426952928:00285752:01248,cvm,【武】「那个…………其实是玩笑——」<01>,[],layout_only,3ec04220999f039a2a8de5214d30d136e38ad7c81a570f8050518b883f0be3b4,008c34020850957df18d3ef2a14ea6ae9371b1408dad5a07365b3dc31271652a
pm:vm:photonmelodies11.rio.004:426952928:00286232:01249,cvm,【壬姬】「啊哈哈哈哈……我知道哦～！」<01>,[],layout_only,96f174d4baf57a33ed99f6ceac9d3bad16789d09ae8ac2d23991ec79be09ea63,3b1cca7874b3dc2a9ee079279461265eade10a5b5ee9dfa42848ea6e1aa4367e
pm:vm:photonmelodies11.rio.004:426952928:00286276:01250,cvm,【武】「——这件事……霞你也知道……对吧？」<01>,[],layout_only,77654e2f6af1f877359b56695067f76aa7b8274124eeacc2c3668d1f9a4957b9,739b34154b2a7763616c6739bba86a2698bba0cc7ca1acf734392356441fc73c
pm:vm:photonmelodies11.rio.004:426952928:00286508:01251,cvm,【霞】「是玩笑……吗……」<01>,[],layout_only,a96273b3052e308474d8444f980b94e041e29c1e9c0fda11710dca2b7a876d96,9b9047e1f93235edb0a9f14d08f565e64dda8161bce1f1a017bf6270197e4b30
pm:vm:photonmelodies11.rio.004:426952928:00286808:01252,cvm,【武】「这、这不是明摆着吗！<0A>我还指望你听到成为奥运会正式项目那里<0A>就能察觉呢…………」<01>,[],layout_only,0c62e4cc0d61b44fb754d96104a7f770b071e063438b0aafb15b94a186bd0e42,3ca651c2c2a34d90d09975fc6a110d37b844d06954bff88161b42aa3921affc8
pm:vm:photonmelodies11.rio.004:426952928:00287040:01253,cvm,【霞】「原来是玩笑啊……」<01>,[],layout_only,2cd556325c5c8de25a6e4356a0f6e68b1ddecc8d0eacb35325f1bafc3a258160,9219d267fdb59540361a4cfdccb134c2a2ec77260514c58f5b9fbf1bc5c03dfc
pm:vm:photonmelodies11.rio.004:426952928:00287084:01254,cvm,【武】「啊，嗯……那个……」<01>,[],layout_only,8ad26e392d22c00606e95f97d0fad3bcc4c2d0916a72567c466c67f0c2ff7b89,9e499fd17511b8118615b736af584fc4bd6f89ad40761fae0577fb34d366f299
pm:vm:photonmelodies11.rio.004:426952928:00287408:01255,cvm,【壬姬】「啊～啊……小武哥是个大骗子——！」<01>,[],layout_only,90cbf5464be30e65e789f81af052802d8bd060610296c96b71e28314e947ea6b,707c4551530823d0ffea92e2e561442bf038295a403a0b0d050278b703999762
pm:vm:photonmelodies11.rio.004:426952928:00287452:01256,cvm,【武】「喂！你这话也太过分了吧？<0A>你明明早就知道，还一直在笑！」<01>,[],layout_only,c24c65bc78396eead12111e654433518408d68d3e63dcf2658d6ff3dab7bc6de,15da28c0990b300a2d8e83af60b31bf5f3af54c508cb26efedbc87cdfa906a9e
pm:vm:photonmelodies11.rio.004:426952928:00287764:01257,cvm,【壬姬】「说得也是…………对不起哦～小霞」<01>,[],layout_only,dd321e73b86bd00764cdf42d99633645c13d015bb2d02d8f614447f51f950da9,26f5233d823b86f1817d01015b4e32ad811922def836a2a44ee072b20a3f5eca
pm:vm:photonmelodies11.rio.004:426952928:00287996:01258,cvm,【霞】「没关系……」<01>,[],layout_only,a442cba668f98d0eba9c3696ac447e6f02a449d0406f29017ee5733569214a64,e16926efa8b46fb7a8c29aa2b2bfdd99f2334d2a915f5eea49eb066a617e63b0
pm:vm:photonmelodies11.rio.004:426952928:00288308:01259,cvm,【壬姬】「小武哥，就是这样的人……」<01>,[],layout_only,2eb2d3ec69c97d3757e0e19f5ca3ffcc7f9682e29f9e852b17aef06703f92101,bbf8c585d2bdc5b818cb935fc36b6115cc7c8938feb8d0db44479dede2fa7b3d
pm:vm:photonmelodies11.rio.004:426952928:00288352:01260,cvm,【武】「小～珠～…………」<01>,[],layout_only,919c61ca9b5b733425873c0aa0eca6aa0b57adeebac6ce9f81bbfc5b7870af34,cf31a1ef12d834b12f3c18f1e47174d3ff108c568830f6dc2416b223222ac763
pm:vm:photonmelodies11.rio.004:426952928:00288932:01261,cvm,【壬姬】「嘿嘿嘿嘿……」<01>,[],layout_only,15bf2126599116c5b463c1e47c242ddbc2af3c6d3296ddd8049dc140ef727dcb,3c02b071d9f811fb340edd97469b91379b8023afa5a5f2847add1e4661af4a95
pm:vm:photonmelodies11.rio.004:426952928:00289112:01262,cvm,【武】「总之，是我说得太难懂了，抱歉。<0A>看来对你来说稍微太高深了点」<01>,[],layout_only,82f09a09cf685353c0aef9c8dfc110cb02d79a209d9000816529949420719890,11348a611dbd209fe9842863a5c054212e8f65fccb7d7423c8e2379f15af326a
pm:vm:photonmelodies11.rio.004:426952928:00289344:01263,cvm,【霞】「不，没关系。这种事……让我很开心」<01>,[],layout_only,957ab16183c2fcc958f0b4929786952ec93c870800f46d0371a6b5dcbaa7330f,e74867ba6601270f7227faafa0a0f1c547f34e9fda9623f40bfa779bf5b5a8c0
pm:vm:photonmelodies11.rio.004:426952928:00289388:01264,cvm,…………？<01>,[],layout_only,4cdafdcd2b4640c6b0ed414453eed637ac54dfe378c1f0d8bca6127dd76f42d4,8701c23e01179edccad1ac3d9c85b029cd6a825c01e165cc7d1d613de9504098
pm:vm:photonmelodies11.rio.004:426952928:00289432:01265,cvm,【武】「开心？被人骗……？<0A>还是听不懂……让你开心？」<01>,[],layout_only,ac2988060101dcc64ad8043af554a7ceccd8a16e66d6e5013baa445eaf6edaad,85459fa5f89eaa306561747fbce0b9445db3930be9ffb3ec01dbb74c144afa43
pm:vm:photonmelodies11.rio.004:426952928:00289664:01266,cvm,【霞】「…………因为明白了也不一定就是幸福」<01>,[],layout_only,f5d7b0c1ec311df4e6cd292f5cadeb095efb08dc6ee5b6d84ecbd8a47a86b451,927ea2bdd0ca4f319a09a86164e9c811dadbe7b09b211bf6f55274c00073f32d
pm:vm:photonmelodies11.rio.004:426952928:00290256:01267,cvm,【武】「虽然还是不太懂……算了。好！<0A>作为赔礼，我来传授你们我的雪橇技巧」<01>,[],layout_only,4ebd8111d9da13266311d16791ea40bdd8fea469e5a3379db5cf0a5a4cbda4c4,d00e495ca89e6548bc1d4e3decb4a8893903dcd405d4aeb079bb5e62f2536ea1
pm:vm:photonmelodies11.rio.004:426952928:00290488:01268,cvm,【壬姬】「小武哥，你坐过雪橇吗——？」<01>,[],layout_only,7eb96a29284eeaf0a70eb81c076ccb491cc21d4f6230bbace75edb07863bd342,4a6c82148a4be78827fad53a6dc27c4471ba583110676f15059b6879d8b354cc
pm:vm:photonmelodies11.rio.004:426952928:00290532:01269,cvm,【武】「喂喂，你这话是什么意思？」<01>,[],layout_only,b278475bb6749c124678c52085e24c20704ebc632a5ca0d6d0fb774faf2afc39,65a0d644d4b9914c6266cf3b1732829e476c0a96fb3be90d9d0c0b38df87bb17
pm:vm:photonmelodies11.rio.004:426952928:00290764:01270,cvm,【壬姬】「因为，你不是说滑雪和单板滑雪都不会吗……<0A>所以我就在想，你是不是没来过雪这么多的地方～……」<01>,[],layout_only,b2ca15e2587a74129d02f204b0cabd5f73958cff40aad7bb9e2918f09253d6d0,4199b4ca1ab931fc54a2f58fddbaf805ba59c99b172ccb72721546705e2bf01a
pm:vm:photonmelodies11.rio.004:426952928:00290808:01271,cvm,【武】「不是，我是说只在小时候玩过。不过，你也知道吧？<0A>以前镇上一年也会有几次下很大的雪吧？」<01>,[],layout_only,d1803ca68da2c711c71e3a22fdb4791f8b4a9acb8e7b8c2122f0da113c25c6bd,842e215975e8d9984004f3ceed678596507d2e3303fe5180bf76c2d860788935
pm:vm:photonmelodies11.rio.004:426952928:00290852:01272,cvm,不知道是不是气候变暖的缘故，<0A>最近就算下雪，也几乎不会积起来了。<01>,[],layout_only,f42cab48aea838d8fc6c211db4c2f3a91a3d967c77b1d3146a5efa8f23daa7ff,fdfcae47ada3f82f9789739acf4c7f8476e78b44a9914d223a0299fc8b3df73b
pm:vm:photonmelodies11.rio.004:426952928:00290896:01273,cvm,【武】「每到那种时候就该我登场了！别看我这样，<0A>小时候还被人叫作『斯内克』，那可真是……」<01>,[],layout_only,c8cb81b53d00d76a22702120b2b52645dd33a1f862830f7a6af53fa5f857efbd,0bfd050f4e3bb5f064026f49f326ea3ac3da4d222949a82dcad09ed545e6f120
pm:vm:photonmelodies11.rio.004:426952928:00291128:01274,cvm,【壬姬】「咦——？『斯内克』？」<01>,[],layout_only,6417792c2089b953478e05280b6346c990d8903941ab81b1155cc8fdb9aa1f4e,4b98097f4effaca12c5da07cc5919f640b69b2dc3d111492140fab9a79186e8c
pm:vm:photonmelodies11.rio.004:426952928:00291172:01275,cvm,【武】「是啊，我驾驭雪橇的本事，<0A>连转弯都能随心所欲！<0A>正因为滑过的轨迹就像蛇一样——」<01>,[],layout_only,99eae7ea55a6bc889ae72bb5298526f7aa02ca710c1ee2f011dbbb49cab36ca1,17bdd2abc063ba14fdd171f57921f1715f3f29073074536ef7c3a4f2acbd7ac4
pm:vm:photonmelodies11.rio.004:426952928:00291228:01276,cvm,【壬姬】「可是，在镇上玩雪橇还能随心所欲地转弯……<0A>不会撞到人或车吗？」<01>,[],layout_only,ee46c504f039b758fb92cc5362bf57672deb0c70f694bdf0dc196ae981ce2ab3,de4368a03ad49a34c8be9cc274530d1ac94605db49e9c8fbd225e31b7e5af1db
pm:vm:photonmelodies11.rio.004:426952928:00291272:01277,cvm,【武】「——你见过蛇撞上障碍物吗！？」<01>,[],layout_only,1e2788901f3aba851485e5abf77c1869e638203732867597597f00e5ce10d678,20a8bacbdbb3d79d5613c34e5cae3e43454b492fa6c224aae1127a2a72a846fe
pm:vm:photonmelodies11.rio.004:426952928:00291328:01278,cvm,【壬姬】「没见过……」<01>,[],layout_only,1588e4f212a7ef2b37d246f9fe0a25a024e4478c68a79712430a4d1e55423585,329e8b62c18ff211542ee8047fd0797df0770c6f411b7589ec9918496b2c873f
pm:vm:photonmelodies11.rio.004:426952928:00291372:01279,cvm,【武】「那就是这么回事」<01>,[],layout_only,e9990cf151c351ed6d188f6d81db700f8f5713901671bfadd98c990c94a6753d,27402e2b1a76d1b08217f6d3bdef754695e866c400a2995aae978af678fc6136
pm:vm:photonmelodies11.rio.004:426952928:00291828:01280,cvm,【霞】「……这是真的吗？」<01>,[],layout_only,69cb08d4a9b617f30a296270c042acdbddde873d8592531950ee6b1e485332db,11e343d94218d4c151c8d715818f64c2eef8d07c4211d74667d07e01eb7e24f6
pm:vm:photonmelodies11.rio.004:426952928:00291872:01281,cvm,【武】「嗯？嗯嗯……」<01>,[],layout_only,3507edfe5f45d382e7aee3f95e063647d90a9ab78694b805ea71b342f150be72,d9d5b66b79b26c625c0c6d2bbfaa23546588aa84480d36916dfb5cf3b30b35b5
pm:vm:photonmelodies11.rio.004:426952928:00292064:01282,cvm,【壬姬】「啊——！这个也是骗人的吗～～？」<01>,[],layout_only,a59780e58631bbb6166af1f77ffd052dc0f13bcf8ef9229cd667859ee0851f8f,56c90c0f1d784e9b4ec637f70d733b611959ae804b9ae720c58c0e316c396ed8
pm:vm:photonmelodies11.rio.004:426952928:00292108:01283,cvm,【武】「不、不是，也不能说是骗人的！<0A>只是说得稍微夸张了点——」<01>,[],layout_only,6d903a74a864cf20b1ce6ee216edb94fc619a8033321e273826cdde44e74c9eb,fc364a6ddf2b55477a0007f22a52f44108ba8246b4d1c8e87bd6b02497203869
pm:vm:photonmelodies11.rio.004:426952928:00292340:01284,cvm,【壬姬】「那，『斯内克』呢？」<01>,[],layout_only,b870a4230d5324f098b62fb819301e572cdabce104499308554b65b9bf8ad368,d1bf8a42fa65c7bd8d43278d04ee93a65b29306eb1b2aab87d6dd925eaf2d853
pm:vm:photonmelodies11.rio.004:426952928:00292384:01285,cvm,【武】「——对不起，那个是骗人的」<01>,[],layout_only,986cf0aae4ef0219830cbbd33626bff34364af823885641204e2d0db42f9a3d2,f7d83960bf26a71ea994d32856771abfecc9dda1975b6ea047d5e85c15918cc5
pm:vm:photonmelodies11.rio.004:426952928:00292616:01286,cvm,【壬姬】「什么嘛——！」<01>,[],layout_only,a3b6c7b497ada042fbc332555ae9e9b516c99358e9597963effe38dba5f76975,41d3c8f49c8247275926afb8dfbe83c0f353baa2774e0924ac1f8c80a5cb500b
pm:vm:photonmelodies11.rio.004:426952928:00292660:01287,cvm,【武】「不，不过，我确实经常坐着雪橇到处滑。<0A>以前还和纯夏一起在公园玩……这件事可是真的。<0A>不信就去问她？」<01>,[],layout_only,6c506a957704b2874739ba0e2f0135c6246519205c56ffc3ecd6327b6806a107,9f4d119b4eddd300ef38dd5e2da70b08742a3c0f5081d937363112c6d148a3a5
pm:vm:photonmelodies11.rio.004:426952928:00292840:01288,cvm,【霞】「…………」<01>,[],layout_only,ae1d9107f8f518af6cc974f9f2dd86cd5f6b05e10cdcd693676de81bca4abda6,09a1c5c4f3135e6f4548ece4982e45e31d0297b9ec63875c4a72c35e2f926c70
pm:vm:photonmelodies11.rio.004:426952928:00292884:01289,cvm,【武】「是真的啦～！」<01>,[],layout_only,1e8091eae3bf5539af9b7387c3e58a5b57a6ccbca282337649d8256d247a8ea7,d70160409222b51f9ebebaee4d2de6f68a85465e279f98340bc16488a90e694a
pm:vm:photonmelodies11.rio.004:426952928:00293384:01290,cvm,【霞】「……我相信你」<01>,[],layout_only,a11f57619df11df69463f6106afdf2fffa2fe4dedef89dc2f52746334574b522,5236865735b7d202b0c8bfbbae0d44e88b73900c59977affbf8f5b1f4c8e4b12
pm:vm:photonmelodies11.rio.004:426952928:00293428:01291,cvm,呜呜……为什么霞不相信我，<0A>会让我产生这么强烈的罪恶感？<01>,[],layout_only,b49dbaeaba9a279f8716bbd873fc22ace2d33950a1ad04d1d7dc45aeac3eb1ad,a6b478dae93e3145f0131093954c136ed55aa1e4a2b830bd09461e0aa71b1527
pm:vm:photonmelodies11.rio.004:426952928:00293472:01292,cvm,为什么她一相信，我又会这么安心？<01>,[],layout_only,9a8610f6e67a26a0c163894be9b9b6f4fd1b7eef3209030b622e5f26e7394f0e,51f837500cff42bbc27e6dbb2f11ee5dd510b056cafba2aceafe4c3a6d780296
pm:vm:photonmelodies11.rio.004:426952928:00293516:01293,cvm,……………………大概是因为我身边心思不纯的人<0A>太多了吧……………………首当其冲就是我。<01>,[],layout_only,6485c5d2a6693d8a8d57b37e10f6dfb5a912394b5dfd7055fe9e0303d130e93c,6a0be1129aa9880d3794e46c28412cc42708a711734ffc2ebcadb6621b478a67
pm:vm:photonmelodies11.rio.004:426952928:00293736:01294,cvm,【武】「好了，总之，就算在这种地方也有玩法。先滑一趟吧」<01>,[],layout_only,39beafe59526d801a87eff83567bbdbd7fe23eaaaae8cc84ee0f636648713c9d,c57f3cd10118c04be07071d5a4d27603a7beae9f27e46c8b97627bb84b7455b7
pm:vm:photonmelodies11.rio.004:426952928:00293824:01295,cvm,【壬姬】「嗯，好啊——」<01>,[],layout_only,5c3ff05a5a466c65d043cc78f2939b75735ff855cc15e74f01d2f1a21db2ae30,c911776d15f7dfe5971614ab23af2eeddc1f1403f162331d3986c085ac131165
pm:vm:photonmelodies11.rio.004:426952928:00293868:01296,cvm,【武】「……说起来，为什么只有一辆雪橇？」<01>,[],layout_only,d530e6ad71555dfbf8a2109871b670b3aeeee15e56924486d7bbbae4f76f8e10,d96e7e2dde4cfa36002553b73a6247dad5253ce5165252e3bee42f963ab66278
pm:vm:photonmelodies11.rio.004:426952928:00293924:01297,cvm,【壬姬】「小霞她啊～，<0A>从刚才起就一直说只要在旁边看着就好」<01>,[],layout_only,13c3b68153797808d9f97adda7b89caf8271c5aecc81fb5e3ed4cacd56e1602d,4827493aefdc05c44ab43ed72a38e1be5f6ebc959134fb88b61effb2cd9b210d
pm:vm:photonmelodies11.rio.004:426952928:00293968:01298,cvm,【武】「只在旁边看？怎么会……」<01>,[],layout_only,5b12de4ddd468a0e909d65e34e924b9cb7252e6fc83ee84ab548dff198f3819e,d0d1369024c71187d024747105e05e342d6a93d0a37022e462cf0073d9a45160
pm:vm:photonmelodies11.rio.004:426952928:00294024:01299,cvm,【壬姬】「她说自己从来没坐过雪橇」<01>,[],layout_only,456a1f207d7038a72314c1c8c9cb64281679f55b4ca8745469a63178af7c0cc1,aaac1167a1700036751acec74bddd86fac984b71f0e4ea5eb2cde648d3853441
pm:vm:photonmelodies11.rio.004:426952928:00294204:01300,cvm,【武】「咦？是这样吗？」<01>,[],layout_only,4fa4aab8b338c3c2af43037beb3e3f1b950ff7b907cd3176a4b08887dae2db7a,07dd102deca4f38751db178326cff80363d4758dab2e00d56ccebdb7d4bd7d55
pm:vm:photonmelodies11.rio.004:426952928:00294260:01301,cvm,【霞】「是的，从来没有」<01>,[],layout_only,589ba55af903fe8daca38d3cb86e029c15df5f00b07cf7622ba372983b6e42ea,c2abdf89d0b65d39a1dd1efa967d4cfebbb5cbde7fd83c4e49fdf52e68c5c96f
pm:vm:photonmelodies11.rio.004:426952928:00294304:01302,cvm,【武】「难道雪橇是……日本原创的？<0A>不可能吧……。俄罗斯也该有雪橇吧？」<01>,[],layout_only,6165f5287f270ef1ab5d40aac96967a0c886ed66c5ebd2866e0afe49ea969c11,045ae379de62ff0ed4e81c8dbcb423f6e7c620bb0e3cfa8290650a35ec27907e
pm:vm:photonmelodies11.rio.004:426952928:00294348:01303,cvm,什么马拉雪橇、狗拉雪橇……就连圣诞老人，<0A>从很久以前就坐雪橇了。<0A>这可是世界上最有名的老头<0A>都在到处驾着跑的东西哦？<01>,[],layout_only,faf4a61f76414d47f1ae626f82ef0efccd6c1f5b8785192fd4b9614ebc46b9f2,7c214726c20739d6c720fca8a1a78f630ec3fec64ee62333814ac4cf8fcfc13e
pm:vm:photonmelodies11.rio.004:426952928:00294392:01304,cvm,先不说双板滑雪，至少应该比单板滑雪普及吧。<01>,[],layout_only,f92fbf202afe8a69e4946214adb7e8a29bf7ec8a0551d78d1f6f87b33f0c0a46,1258d5cd8e051dce0c1e01927c0a0e8336a5c537cbf51958efb7b6959a399f26
pm:vm:photonmelodies11.rio.004:426952928:00294436:01305,cvm,而且，俄罗斯会下雪吧？<01>,[],layout_only,9bdc194ae6d48f739173ea6958bb0410d96360722b69ef33927fa2187d6d95bd,a1a4fbcb9f6bd6d17b55265f5b4a36f39531bed085170d6e5edd78e55f877431
pm:vm:photonmelodies11.rio.004:426952928:00294936:01306,cvm,【霞】「……对不起」<01>,[],layout_only,dd7c96348ed3cb43451e2d356d05058c59b6a9455373459cd9a4fcaf8f1e79e1,11f26c47b1c245780fd680825600d275053e024eb1d591147a57c336f064fead
pm:vm:photonmelodies11.rio.004:426952928:00294980:01307,cvm,【武】「不，这也不是什么需要道歉的事……。<0A>不过只在旁边看很无聊吧？试着滑一下？<0A>我去给你弄一辆来」<01>,[],layout_only,edecbed9c7f2014366fb7b5d40ba5ed69b3e4d4786c72ffe6771e999c61491d7,01e590eaaa4483a4d5eda24816e97dfe81a8d2887f17a89507298d1dc5f6ef2f
pm:vm:photonmelodies11.rio.004:426952928:00295544:01308,cvm,【霞】「可是…………我还是…………有一点……害怕」<01>,[],layout_only,5acdfeb082ec38dc312be0d9f7595779e96fa170f15efce96e304b4c74a56855,53adcc5dc6249511e08db46b4c418a182bfdfe774179dc4a83ef62cf509262fc
pm:vm:photonmelodies11.rio.004:426952928:00295600:01309,cvm,【壬姬】「刚才啊——，<0A>壬姬来了个豪迈的折刀式翻车，<0A>直接摔了个四脚朝天，<0A>小霞看过以后好像更害怕了」<01>,[],layout_only,10a1ed6c4c2a9ada7c0042dd02c646921178f03370ce14d5af51afa0d035f58b,ae81ec4b991e5e0d2170fbb2fc2bf802f2868fbefee48193a0d57e70b383f7e6
pm:vm:photonmelodies11.rio.004:426952928:00295780:01310,cvm,【武】「还折刀式翻车呢…………你这家伙，<0A>脸没事吧…………。<0A>原来如此，看过那一幕确实会害怕」<01>,[],layout_only,40f69847850280e58dd8c5a682721a70cb5c7f80f72b0f939ef45e3c5e3b2b7a,c3b04ad68d068e1ce94b01c87c99cba7f73ee4aff5a074172d9d9024ab082fce
pm:vm:photonmelodies11.rio.004:426952928:00295824:01311,cvm,对霞来说，也不能让她在这里一咬牙就豁出去啊…………。<01>,[],layout_only,980ec4bcdc33ab3ab6cf2bafa2352920a48dd06942c013d2d4b1968ad31cd6c0,929f22b7940d82b38c15e12936cd73b06a482e1dab93185c02b76a94aef557b9
pm:vm:photonmelodies11.rio.004:426952928:00296004:01312,cvm,【武】「好，先在平地上练习。这样总没问题吧？」<01>,[],layout_only,9cc59a497b559e7e5de31f97623b6e7d8468c65d6caa5d05ef37927b5d712488,33f5e007b1a62b9b161b0bbf8aa6e2f61651e4eabd2dbf15f20d686589fcf7f2
pm:vm:photonmelodies11.rio.004:426952928:00296236:01313,cvm,【霞】「可是……会不会给你们添麻烦」<01>,[],layout_only,6dca8e67326a32ce215d6c429d0e919c1201efa1f574ae94372545ae54fd2235,033c91ca697d6aa32129e6a413cd1319fddff20841658b50277d1b31625c04b1
pm:vm:photonmelodies11.rio.004:426952928:00296468:01314,cvm,【壬姬】「才不会呢——！<0A>小霞要是学会滑雪橇，壬姬也会非常开心的！」<01>,[],layout_only,8556898574e43a431fa1b0baabe93a6fea5fad5bb39a13523c7528275651649e,59681df4b5ccf7ea8f118f489862afca5bccfcb4e382535fd05abbbf5d710430
pm:vm:photonmelodies11.rio.004:426952928:00296512:01315,cvm,【武】「怎么样？」<01>,[],layout_only,abb666133079fd882ceaccb04ec538d193d3438885e3aa11bcf18f7dd74a1568,12ecceb90e7a0c55961e93a6d308230d80c0fea5e965c6191325b6e28e7d0bea
pm:vm:photonmelodies11.rio.004:426952928:00296768:01316,cvm,【霞】「…………我会努力的」<01>,[],layout_only,d98000f0c271015368820cd3bafd631e9712fa012a03cb4fae40d1930a8fbfd6,bf7c6d0a2be93d423acdabce5b80d31f516f75c88a88f31dc6282389ddbc9e0f
pm:vm:photonmelodies11.rio.004:426952928:00296812:01317,cvm,【武】「好——，就这么说定了！那就等我一下。<0A>我去弄两辆来，一辆给你，一辆给我」<01>,[],layout_only,fa264d1a3bebab0f544f67398511e72f1b365f43e7bee7dbd6586390e325cc19,9d2314051615a5fff7cde05e892ac0e411b20c31c31e7a663e71e0473963542a
pm:vm:photonmelodies11.rio.004:426952928:00297216:01318,cvm,啧……，还以为至少会有出租的……结果却被告知<0A>“雪橇包含在‘儿童套装’里，不能租给大人！”<01>,[],layout_only,3c923c9b4e5d25baa76125be170fc94b34407e071aaf3d87d5cce0ac40d554ca,7c76213cf8404cdb70be06a527498500db564022190cc66e0938944d3b0d3628
pm:vm:photonmelodies11.rio.004:426952928:00297260:01319,cvm,到了商店一看，这种东西一个居然要1500日元……<0A>就算是滑雪场的价格，也太宰人了吧？<01>,[],layout_only,9952804e1aa0e7fb8854781feaadb6e8780d4acc12d3b67ad69b7afc19a971c8,7cada3ed6d539846083e64248003da70ad24d487f18458e23f51b05e9ebfe51d
pm:vm:photonmelodies11.rio.004:426952928:00297304:01320,cvm,可恶～～。既然这样，我非得把它玩个够本！！<01>,[],layout_only,a4078b019b9addb7049d5147065f64f125941c46d031c747d0c36438c71a15d2,1910f0e1462a87d5eecef12ebd8483c0a03b2ffcc395be3f642b79e1e42666b0
pm:vm:photonmelodies11.rio.004:426952928:00297792:01321,cvm,【武】「久等了！给，这是你的雪橇」<01>,[],layout_only,84fc88b2a3349ec757e041c40d99e95964129d788d728605adb50ab52f1bdec5,42fe87952190f68b2ad10a4aa0ec7fd3692acbac64afd281f4742b0fd51ae321
pm:vm:photonmelodies11.rio.004:426952928:00298024:01322,cvm,【霞】「谢谢你」<01>,[],layout_only,1b6bfc1a9f1ed550994cce7d7313250a13504731d0069b7a3616d413475788c2,df6ea60be6abcd91a37e43756ce48d9a5a9f89964af518c65d69127f69c1e8dc
pm:vm:photonmelodies11.rio.004:426952928:00298068:01323,cvm,【武】「那么霞，马上开始练习吧。<0A>第一步，先从怎么坐雪橇开始！」<01>,[],layout_only,ab322db91385cb552813dbf3615e7fecb8c60c604409ce4b762623c68bf58f40,e751fc43bc922a84b31b4927d47121c92f40a7753db8febf6bf2bd64c46d4756
pm:vm:photonmelodies11.rio.004:426952928:00298124:01324,cvm,【霞】「好」<01>,[],layout_only,0fcf89a8f8d99f37435a903619f68e6f81c4eb389d4496581be9ffff99bcc86d,784a2ac1cb37bc7a9dd2f442eb51c94840b26a1f0d8570a217460c9a87a2c85c
pm:vm:photonmelodies11.rio.004:426952928:00298644:01325,cvm,我可是特意买来的哦。本来想租雪橇，<0A>结果它是什么儿童套装的一部分，根本不租给大人。<01>,[],layout_only,756c8e3d44e514e043cdba8fc9bd1e71512f2037c1fad8ff82de0ac19f9fa293,38c50581d2a352ff1d8b6aa6c04bd39a910428bbe492e9b6df01824f734a3798
pm:vm:photonmelodies11.rio.004:426952928:00298688:01326,cvm,不玩个尽兴就亏大了。<01>,[],layout_only,ba3f1954007422f4e5c54dd76b7c5ab8b6793a1ca1ac52ac31b99f919981bcb0,60f1ad0f3b9388233d158ee1e22c0e2f9f6d22a1c2c9e406ae8f7d9bea8d4517
pm:vm:photonmelodies11.rio.004:426952928:00298920:01327,cvm,【壬姬】「嗯，赞成！！」<01>,[],layout_only,fc70c7d1ea56073f1405f9b7f2ad4829fc5c6a84416a438eb19a27098817b429,c4b6bbc07559a9cbf679231ecf7ec7aeaf35c0974bc6e531e977d80b91f1afb3
pm:vm:photonmelodies11.rio.004:426952928:00298964:01328,cvm,【武】「那么，首先……就从霞开始」<01>,[],layout_only,dcaabbbef319e18f336771077c9ccd921473513eccd243b92d9141b43f12a29b,4b5de7112b8e602a4535ac23b0f9f08c5f7c479413e2b8a0daf030844223aa52
pm:vm:photonmelodies11.rio.004:426952928:00299320:01329,cvm,【霞】「咦……」<01>,[],layout_only,9ef04067dea7198922e64dad1ae339964cc2326fd0c495578a355d6a0be5decf,12cb47ca96f47c312972e056ac801802e2a35b98d82157630516dd0b51eeadd1
pm:vm:photonmelodies11.rio.004:426952928:00299364:01330,cvm,【武】「这是赔刚才的罪。第一趟就交给你了！」<01>,[],layout_only,297f7463b484534f274b71e550bbff3aece6fd8ffc8b22dd6fb84a62457dfa4b,b2b3f2760554981984ecf7c0b1fc4249a030c5d319084379a942b1acaa06d630
pm:vm:photonmelodies11.rio.004:426952928:00299596:01331,cvm,【霞】「那个……我……」<01>,[],layout_only,289853043373b90b4344fa423137a17e2aba53333c841cf916067f9bbd34615f,5e8a744ef3cfb099505aa094f81268fc47efe9ac3c4df56a8f0b002eeaefafa8
pm:vm:photonmelodies11.rio.004:426952928:00299828:01332,cvm,【壬姬】「小霞她啊～，<0A>从刚才起就一直说只要在旁边看着就好」<01>,[],layout_only,13c3b68153797808d9f97adda7b89caf8271c5aecc81fb5e3ed4cacd56e1602d,40f4fc58c0c6b99339d28609922fb8ae09e0c72fe3d38f171d438f5213a92727
pm:vm:photonmelodies11.rio.004:426952928:00299872:01333,cvm,【武】「啊？哦……所以刚才你们明明有两个人，<0A>却只有一辆雪橇啊？不过为什么……」<01>,[],layout_only,1bd1a6ecdf4ec32104737493a0ecc2b0239cfdc3657bccca20ff5250e9a3602e,7126af2b3169b8ffc9d79669a4431d3d5be0f028a438d283a745c38b3ba829c4
pm:vm:photonmelodies11.rio.004:426952928:00299928:01334,cvm,【壬姬】「她说自己从来没坐过雪橇」<01>,[],layout_only,456a1f207d7038a72314c1c8c9cb64281679f55b4ca8745469a63178af7c0cc1,aaac1167a1700036751acec74bddd86fac984b71f0e4ea5eb2cde648d3853441
pm:vm:photonmelodies11.rio.004:426952928:00299972:01335,cvm,【武】「咦？是这样吗？」<01>,[],layout_only,4fa4aab8b338c3c2af43037beb3e3f1b950ff7b907cd3176a4b08887dae2db7a,07dd102deca4f38751db178326cff80363d4758dab2e00d56ccebdb7d4bd7d55
pm:vm:photonmelodies11.rio.004:426952928:00300204:01336,cvm,【霞】「是的，从来没有」<01>,[],layout_only,589ba55af903fe8daca38d3cb86e029c15df5f00b07cf7622ba372983b6e42ea,c2abdf89d0b65d39a1dd1efa967d4cfebbb5cbde7fd83c4e49fdf52e68c5c96f
pm:vm:photonmelodies11.rio.004:426952928:00300248:01337,cvm,【武】「难道雪橇是……日本原创的？<0A>不可能吧……。俄罗斯也该有雪橇吧？」<01>,[],layout_only,6165f5287f270ef1ab5d40aac96967a0c886ed66c5ebd2866e0afe49ea969c11,045ae379de62ff0ed4e81c8dbcb423f6e7c620bb0e3cfa8290650a35ec27907e
pm:vm:photonmelodies11.rio.004:426952928:00300292:01338,cvm,什么马拉雪橇、狗拉雪橇……就连圣诞老人，<0A>从很久以前就坐雪橇了。<0A>这可是世界上最有名的老头<0A>都在到处驾着跑的东西哦？<01>,[],layout_only,faf4a61f76414d47f1ae626f82ef0efccd6c1f5b8785192fd4b9614ebc46b9f2,7c214726c20739d6c720fca8a1a78f630ec3fec64ee62333814ac4cf8fcfc13e
pm:vm:photonmelodies11.rio.004:426952928:00300336:01339,cvm,先不说双板滑雪，至少应该比单板滑雪普及吧。<01>,[],layout_only,f92fbf202afe8a69e4946214adb7e8a29bf7ec8a0551d78d1f6f87b33f0c0a46,1258d5cd8e051dce0c1e01927c0a0e8336a5c537cbf51958efb7b6959a399f26
pm:vm:photonmelodies11.rio.004:426952928:00300380:01340,cvm,而且，俄罗斯会下雪吧？<01>,[],layout_only,9bdc194ae6d48f739173ea6958bb0410d96360722b69ef33927fa2187d6d95bd,a1a4fbcb9f6bd6d17b55265f5b4a36f39531bed085170d6e5edd78e55f877431
pm:vm:photonmelodies11.rio.004:426952928:00300612:01341,cvm,【霞】「……对不起」<01>,[],layout_only,dd7c96348ed3cb43451e2d356d05058c59b6a9455373459cd9a4fcaf8f1e79e1,11f26c47b1c245780fd680825600d275053e024eb1d591147a57c336f064fead
pm:vm:photonmelodies11.rio.004:426952928:00300656:01342,cvm,【武】「不，这也不是什么需要道歉的事……。<0A>不过只在旁边看很无聊吧？试着滑一下？」<01>,[],layout_only,ea0f56b012add237788ca7f9de1e39bb3c573d88cf6deae817c8e6ca1f2b6887,a84b9de4aa4f2f863201b9cf1c749aad4ee56cd1df40a4d35397e947b92ac08f
pm:vm:photonmelodies11.rio.004:426952928:00301020:01343,cvm,【霞】「…………有一点……害怕」<01>,[],layout_only,16cedeaf8695d353f5ba97e042650aa7c032e80f71f04c80460b36dd60c7a9e9,53adcc5dc6249511e08db46b4c418a182bfdfe774179dc4a83ef62cf509262fc
pm:vm:photonmelodies11.rio.004:426952928:00301252:01344,cvm,【壬姬】「刚才啊——，<0A>壬姬来了个豪迈的折刀式翻车，<0A>直接摔了个四脚朝天，<0A>小霞看过以后好像更害怕了」<01>,[],layout_only,10a1ed6c4c2a9ada7c0042dd02c646921178f03370ce14d5af51afa0d035f58b,5d4502664826f3029617344d80fec1a7f517ded0f1b4ae5b48e5518dec05daa1
pm:vm:photonmelodies11.rio.004:426952928:00301432:01345,cvm,【武】「还折刀式翻车呢…………你这家伙，<0A>脸没事吧…………。<0A>原来如此，看过那一幕确实会害怕」<01>,[],layout_only,40f69847850280e58dd8c5a682721a70cb5c7f80f72b0f939ef45e3c5e3b2b7a,c3b04ad68d068e1ce94b01c87c99cba7f73ee4aff5a074172d9d9024ab082fce
pm:vm:photonmelodies11.rio.004:426952928:00301476:01346,cvm,对霞来说，也不能让她在这里一咬牙就豁出去啊…………。<01>,[],layout_only,980ec4bcdc33ab3ab6cf2bafa2352920a48dd06942c013d2d4b1968ad31cd6c0,929f22b7940d82b38c15e12936cd73b06a482e1dab93185c02b76a94aef557b9
pm:vm:photonmelodies11.rio.004:426952928:00301788:01347,cvm,【武】「好，先在平地上练习。这样总没问题吧？」<01>,[],layout_only,9cc59a497b559e7e5de31f97623b6e7d8468c65d6caa5d05ef37927b5d712488,33f5e007b1a62b9b161b0bbf8aa6e2f61651e4eabd2dbf15f20d686589fcf7f2
pm:vm:photonmelodies11.rio.004:426952928:00302020:01348,cvm,【霞】「可是……会不会给你们添麻烦」<01>,[],layout_only,6dca8e67326a32ce215d6c429d0e919c1201efa1f574ae94372545ae54fd2235,033c91ca697d6aa32129e6a413cd1319fddff20841658b50277d1b31625c04b1
pm:vm:photonmelodies11.rio.004:426952928:00302252:01349,cvm,【壬姬】「才不会呢——！<0A>小霞要是学会滑雪橇，壬姬也会非常开心的！」<01>,[],layout_only,8556898574e43a431fa1b0baabe93a6fea5fad5bb39a13523c7528275651649e,59681df4b5ccf7ea8f118f489862afca5bccfcb4e382535fd05abbbf5d710430
pm:vm:photonmelodies11.rio.004:426952928:00302296:01350,cvm,【武】「来，坐上去试试。<0A>第一步，先从怎么坐雪橇开始！」<01>,[],layout_only,cc2fc622b1ccbaaae53c100f7bb24e5aea68eae45d101eb77b36ad1a2c791279,aaa8d16a00ba51e76516e7c97b1876c70656030cc2216f8632a8c8a4bab29266
pm:vm:photonmelodies11.rio.004:426952928:00302552:01351,cvm,【霞】「……好，我会努力的」<01>,[],layout_only,8ced4c90d964428fa9fdf2ebe5c965e44bc0e75fa3b1724922c093cfe3fdccba,bf7c6d0a2be93d423acdabce5b80d31f516f75c88a88f31dc6282389ddbc9e0f
pm:vm:photonmelodies11.rio.004:426952928:00302980:01352,cvm,……。<01>,[],layout_only,a8c0841fada26437e06edf4cc99a2f89302a31715e6fffabf09bae04dbbc9a80,8b9838ce3d87979c99406185b29994e51c8853c86ecd9f0c3a80843c34808661
pm:vm:photonmelodies11.rio.004:426952928:00303856:01353,cvm,…………。<01>,[],layout_only,efa30788584cfea7ade60ccc37d7fc6cda943e64935eb133252c341159e58e05,0b3d7aae4004dc9b91522cf9245f879b48b6a3b3d3c28ecbba043ba8207a6df9
pm:vm:photonmelodies11.rio.004:426952928:00304756:01354,cvm,…………真是种奇怪的感觉。<01>,[],layout_only,8aeef0e2e7bed001c70efde668582a8b9f4bc7f39954b69e6c92b1ded15ce194,221719db28ce6974614d60bd3909113bbe06c7f179b42f7f09b712b81513bb87
pm:vm:photonmelodies11.rio.004:426952928:00304800:01355,cvm,实在太适合她了，反而让我有点害怕。<01>,[],layout_only,aadb35c1b17fcb41eff71b872b0c7e9d0a9874ee16ab0a20d2562ec7e18c2c66,bc3de0c7608fbcffa6e35bca30c9483d3ada82b4f4c527f8d9bc814424b928f4
pm:vm:photonmelodies11.rio.004:426952928:00304844:01356,cvm,她就算混进那边的小鬼里一起玩，估计也看不出来吧？<01>,[],layout_only,76740b9b8f37baac9d8a6ac93ed20eaeed3a2300b3198887d558eedbdd1fd62c,a18b0debe464554654a815e8b0b02a0644e476f2002991da7d4960f39efa43aa
pm:vm:photonmelodies11.rio.004:426952928:00304888:01357,cvm,仔细想想，小珠也一样。<0A>从旁人看来，我不就成监护人了吗。<01>,[],layout_only,debc2312760ef12026da4e922c52bde8771a20341ffa12340ea10a70d52a8ef2,54c31615967f37501e5ef4877088398d24fc77aecf3cfa3aa7817fdec9ecfb5c
pm:vm:photonmelodies11.rio.004:426952928:00304944:01358,cvm,【霞】「这样可以吗？」<01>,[],layout_only,a03faf0eb86985cf95083477188a0e8ba0d1b96170b91090d9df30f467571dbd,b3f8c745743bffda94a4089394f2ecec664ee2ed4553b75935ce338a0321b932
pm:vm:photonmelodies11.rio.004:426952928:00304988:01359,cvm,【武】「啊，嗯……差不多，就是这样吧。<0A>顺便告诉你，诀窍是尽量往后坐」<01>,[],layout_only,6ce3b76fbe0621bf5a9a596a0cf50ae9360c0890848c8c5645c8c150bc489514,3271f7b87a6d1808ed0e44bbb8f274437285e8ef26a8ee0411a88bc0cdadf0c4
pm:vm:photonmelodies11.rio.004:426952928:00305044:01360,cvm,【霞】「明白了」<01>,[],layout_only,e95f2a7b8a3d222cacea89f4eae32f5fe585f5e20d91052f713c530192ceec3c,682448e789808a206a1827619f5a0bc048985f2ddfddd628c4ba4b5fcfbe91ed
pm:vm:photonmelodies11.rio.004:426952928:00305088:01361,cvm,【武】「好——，那接下来是第二步，<0A>试着滑一下！」<01>,[],layout_only,af7f5d3dfcd6eef125580f68c4a0292eef0595ce7f7fbae7f4d875efe64ba2af,694443c7c8435717d6784d10d7f9cd77b28bc4f134db582410a64e7ef714deeb
pm:vm:photonmelodies11.rio.004:426952928:00305144:01362,cvm,【壬姬】「咦——？突然就滑没问题吗～」<01>,[],layout_only,a9162b6ebd4a0d6d3e29b0a0c7a1adea322b2d47cdecf35c0547351d091fffe5,f768c77b7a38b7eea4a4d2eadd0c1b76cd02ad0213fd7740ab7798a2c44456b6
pm:vm:photonmelodies11.rio.004:426952928:00305188:01363,cvm,【武】「不不，现在从坡上滑还太早。<0A>不好意思，小珠，你能拉着霞滑一段吗？」<01>,[],layout_only,ebc11faf40d9a00d94877a45be8ce0e41e0f9f799f435092f9fbc2ae551d0d4f,cb12a4373c63ad411b1b0c9a8b811d4208ea334b2dd1ce7c60c92c04132d5859
pm:vm:photonmelodies11.rio.004:426952928:00305244:01364,cvm,【壬姬】「咦？啊，好啊——！」<01>,[],layout_only,dc69552a4cee93b4675ef43a9ae719ec013833b79390ca8c9be2c46b9e8f22af,cf1b8c5fac503147b8a556917ecfa5185ea51ee4484580d46f0ca8815b82741b
pm:vm:photonmelodies11.rio.004:426952928:00305288:01365,cvm,我也是隔了很久再看到雪橇才想起来，<0A>这种小雪橇其实出乎意料地软趴趴的。<01>,[],layout_only,61ea0f2773423a6a960ca29f9ed6008141167ead007b986bcf04c74c0c308483,2b867b01bdf4dfc5c8def95eeca58ae58b1753bbcbe59c79795b34f294b19c68
pm:vm:photonmelodies11.rio.004:426952928:00305332:01366,cvm,屁股感受到它随着地形变形时，其实还挺吓人的。<01>,[],layout_only,b3fa4095ca34c4b76e3b0b7e31d8a5b1e5a1c385281bbc0c8b92b7ee29ece599,bf0335ae9848620220bbcccad8411f91879d34c65e576434f039049c7c6c2b66
pm:vm:photonmelodies11.rio.004:426952928:00305376:01367,cvm,而且，前进时压过积雪<0A>发出的那种独特的“嘎吱嘎吱”声，<0A>也可能让人觉得不舒服……<0A>不过我倒是挺喜欢这声音。<01>,[],layout_only,61b29c0ce77b585c67a712d0d78b4a243fedd8929b562d52b0b3b6627c24cbf8,cdf0535d8cd2bac1f7e329a91627998df517e6d8a132cc08916cd61f7b336d9e
pm:vm:photonmelodies11.rio.004:426952928:00305420:01368,cvm,从坡上滑下去以前，还是先让她体验一下这些感觉比较好吧。<01>,[],layout_only,687c67ab4a66302e8624b3fa7e062bc1b976271d7ebdf538b7c34e5e78c183e9,d8062cf9f7a08cefc13fe10486519c835b9d76d5221d0c8068ba11bd145143dd
pm:vm:photonmelodies11.rio.004:426952928:00305464:01369,cvm,【武】「好——，小珠，拜托了！」<01>,[],layout_only,c2e14f83915c8f2b06b236f055c1a04dd2b284f9a49504133214abfd32641787,d6d0975454cac4b6c6f3103a09784922ad7c355492adede39dc1d141b1f15a93
pm:vm:photonmelodies11.rio.004:426952928:00305520:01370,cvm,【壬姬】「好——！」<01>,[],layout_only,e3631ea466001ce8535ece8f79c50c7c93c4786a704063476ca87ed44bbece12,30069ca10453d3acce3b763ecbafdf231af7a3af1f18e70498d51b1b31e0f976
pm:vm:photonmelodies11.rio.004:426952928:00306840:01371,cvm,【武】「感觉怎么样？」<01>,[],layout_only,abb666133079fd882ceaccb04ec538d193d3438885e3aa11bcf18f7dd74a1568,f098aa7064892a0a452ccb81a8493e7efd5622869f154b9e55022ba91cc4d008
pm:vm:photonmelodies11.rio.004:426952928:00306896:01372,cvm,【霞】「凹凸不平的……」<01>,[],layout_only,10e77c5449ef83637a29e37f33794dc35064fa1f1477f457cf0213aa52c63fb3,61784f977af101153f4bec994ec6e71a5acef571df1f3f3e46a0be72d50ae115
pm:vm:photonmelodies11.rio.004:426952928:00307128:01373,cvm,【壬姬】「小霞，好～～轻」<01>,[],layout_only,89e54e6ac3ee9a164d140dd102522afa7e382343c27b702405d240a8b501ef05,14e38f5c61ec04d6c25e3fd6d1373ee7e420fff902c1d241126c3553b0db6dd3
pm:vm:photonmelodies11.rio.004:426952928:00307172:01374,cvm,【武】「连你都这么说，那她可能真的轻得不得了……<0A>所以呢？大概感觉到雪橇是什么样了吗？」<01>,[],layout_only,82133fd938cde7ddb2ae6f017f8fc6a335afcd84507e7c7561cb8e536eaaa41c,633cc8fed37563cb8f97258dc240c5994f5c65b3dfaede22f6420c5ce90a1df2
pm:vm:photonmelodies11.rio.004:426952928:00307404:01375,cvm,【霞】「是的」<01>,[],layout_only,0fcf89a8f8d99f37435a903619f68e6f81c4eb389d4496581be9ffff99bcc86d,09b94431abea20dbbef8c74de92110caca92e35b332e44cd8f40b08f4a451c22
pm:vm:photonmelodies11.rio.004:426952928:00307448:01376,cvm,【武】「害怕吗？」<01>,[],layout_only,cd0300e3e124bfcb09d64e175caf25ca4115e50a99dfa15e08e1508fb5fe8e51,89a9f8667b5a21f5deb9a5a265c7dc13273cbb368a11a649e44b34f507023240
pm:vm:photonmelodies11.rio.004:426952928:00307680:01377,cvm,【霞】「我也不太……明白。不过，我会努力的」<01>,[],layout_only,f719f60c42722cb2403da0985b9f6d23accf183ae5698c52224458ba5ea103bb,ef8f7352d061ab333b96aa819f76bdbd2f82ae559be00068d3e067f003721737
pm:vm:photonmelodies11.rio.004:426952928:00307724:01378,cvm,【武】「好——，说得好！那就进入第三步。<0A>接下来要实际从坡上滑了！」<01>,[],layout_only,abbaaa57bf7eee414e0c55f1b2f77a099c0d2e70058039a70d9006d4ce62b3f3,19071344d5c00df383a968b396eef08d9813a62a55054f6f34550d6d455a2ad2
pm:vm:photonmelodies11.rio.004:426952928:00307780:01379,cvm,【霞】「好……啊」<01>,[],layout_only,1938ca4c44099b7b34612ccf1a68050ac09013a7234b68fc7139a8360689ddde,d27c8ed1e14bd12959f84d43567c1f37dda8d6ebc5977d37fa6ee63aca60cecd
pm:vm:photonmelodies11.rio.004:426952928:00308132:01380,cvm,【武】「怎么了？」<01>,[],layout_only,046168ceafda7f97ee7366f0e4c3f4f7897c2ab4777feffca3d15506bd63f7ae,61d8ff12ba8abc06b6a378cce902105e746d7fe28f779cd4ef4eed135ebcce18
pm:vm:photonmelodies11.rio.004:426952928:00308364:01381,cvm,【壬姬】「啊，是纯夏～」<01>,[],layout_only,00c56adb331e774721c5cecb3b582b2568a238835c13504a546c56fdc1ea4681,e2f5a0309f57c0047e68dd0bcbcc81c29d3f7be2f7e3998986158de7a7034a1e
pm:vm:photonmelodies11.rio.004:426952928:00308588:01382,cvm,…………那家伙，还真像她说的那样，滑得挺不错嘛。<01>,[],layout_only,9f1d00e5f46c02dba9188c167416b0f863c901fb57a3898e137312ddc12a9bbb,81afdbd358cf2280780dc0eb71796e7e21d5353ec1d931ee59880890cbec8c83
pm:vm:photonmelodies11.rio.004:426952928:00309320:01383,cvm,【纯夏】「呀吼——！」<01>,[],layout_only,2a290555661b523389c7f94b4acc5656f12252dc025f6c481646204796acc9b9,ec8dab6af6cfc02f1d099f626f97bec746a8a2954855534c6a2ca820df0df79a
pm:vm:photonmelodies11.rio.004:426952928:00309376:01384,cvm,【壬姬】「纯夏，好厉害——！」<01>,[],layout_only,96d877bfa6b97368b85210e3333aee8d37893a581155bf351f250bb34c3ae75a,bb102d97da4f7cac86fb4ea9dc65c91748fa5b8e9520309b47c37624ebbe6c01
pm:vm:photonmelodies11.rio.004:426952928:00309432:01385,cvm,【霞】「滑得真好」<01>,[],layout_only,205cc57514181cae4c973092ab4c247da4b8c1487b018f76e6d98848d86043fe,4ec4f98e68eda47e327ac9964eb0d7cf98e9df8924d2486a54f9a0d8c5579f83
pm:vm:photonmelodies11.rio.004:426952928:00309804:01386,cvm,【纯夏】「嘿嘿——，谢谢啦——！」<01>,[],layout_only,277031c2de0fb101374b1feb35fd61a9200ac3dbcc11e7b6f4193c29b5dd3d48,9540462980f5e57981343ce16afa22724f69bb5bcacf680bbb3a878ba9fe6a05
pm:vm:photonmelodies11.rio.004:426952928:00309848:01387,cvm,【武】「……你来干什么？」<01>,[],layout_only,cda7ced3b64e3f89288041360756ea61a27ae01427028a5f8bde9e342a5a32e1,6b8f98cb9922f5bd5e859c82ffc01da097277a82dc1e7a8cbd9d70f0a33f59f7
pm:vm:photonmelodies11.rio.004:426952928:00310080:01388,cvm,【纯夏】「我是来看看，小武有没有给你们添麻烦」<01>,[],layout_only,ff53b26943338e2b6b2bb26d1c0fc2ed0554eef5bd6621efe27525f79522bc86,c951b8cfb16a765e01863560857ad6ab02353a9935cac9b503b9ebbce17c6b29
pm:vm:photonmelodies11.rio.004:426952928:00310124:01389,cvm,【武】「还说！我才没给他们添麻烦，快走开！」<01>,[],layout_only,df905cbedf23acc01b589f0c92fa143c58c2201004526b86897ea0a2c0f675b1,0b6e295e9418150cc9a89f4d607c9be04ba7b25a7863e1be46762dd2d9389e9f
pm:vm:photonmelodies11.rio.004:426952928:00310356:01390,cvm,【纯夏】「刚才那是开玩笑的～，也让我加入嘛」<01>,[],layout_only,f76be12a218a720a7f0c6a71d89c9625391a200b458c1e5ea5e5411a0a93c3d6,b14f31aab9007ee5aeaf4c49eec8b5b545224b21b6770c1aeba0fab9f6266c1f
pm:vm:photonmelodies11.rio.004:426952928:00310400:01391,cvm,【武】「拒、绝」<01>,[],layout_only,594e2e3193ae38932cb22dadb4de68ea619b0a35b09077a59e3277eff7c72a5b,5e2fd1fcfd69e231a6c4e456d448f094809cb377e58d384e0d0b94e43b3143f7
pm:vm:photonmelodies11.rio.004:426952928:00310632:01392,cvm,【纯夏】「咦——？」<01>,[],layout_only,3b0b1591465fb58b098dfc11d6703c9a0c2e1350d5bc2d86bcbbe399851a868d,5fd4351962e4969004b701784c3057e77d07b6b34f5b2a860a5ac462a81aedce
pm:vm:photonmelodies11.rio.004:426952928:00310676:01393,cvm,【武】「我不是说过吗？<0A>你等会儿就算来求我一起玩，我也不会让你加入！」<01>,[],layout_only,9dcbbbe3d8d846a5215bbb3cdbe90ffd9619c6d0bf9c096c76d58eb0b75566fd,09fed8f49df6071a00a9604d82acf9d2938f1e3972790856be568c1d5f5fa01b
pm:vm:photonmelodies11.rio.004:426952928:00310908:01394,cvm,【纯夏】「有什么关系嘛，有什么关系嘛！！」<01>,[],layout_only,87fe3f84447cc0259bcfd96350f40a643d324a864c231692062915f0ad6c18bf,e4813eab1d856d290f496f497dbf4f4d8a54334dbd04cd44aa108c7b76fedb2b
pm:vm:photonmelodies11.rio.004:426952928:00310952:01395,cvm,【武】「我——偏——不——！」<01>,[],layout_only,d81c60092a05a80d12ef93b4188e9d257c99453dbeec0b9955546759149babd7,41acaeab0d7f0a31f4b575c31253ce98688b03ce98e06e183d05e8b6f9d0520a
pm:vm:photonmelodies11.rio.004:426952928:00311008:01396,cvm,【壬姬】「呜哇…………小武哥，<0A>跟个小孩子似的——…………」<01>,[],layout_only,63749525e739af231d7b11daf20ccde171a6d8b976049f7c658fa209db7f8bed,b4bea080f32ff2f5dac8431ceb5b1f403acdbfc2a1ae8af475443e695cec2fa5
pm:vm:photonmelodies11.rio.004:426952928:00311052:01397,cvm,【武】「你去舒舒服服地滑双板不就好了。<0A>不是还有一大堆同伴吗？」<01>,[],layout_only,3b218410f6d5131e22b66bdb1fda2350d22968ad4d1db79fde3cea469219bf5c,9366c2379c6635a0bd37f99e00e1742c0289dc95ea37ea8e65d4b1b6cac430fe
pm:vm:photonmelodies11.rio.004:426952928:00311096:01398,cvm,悠阳啊，冥夜啊…………班长啊。<01>,[],layout_only,b14abdb38316896cb66a7a0101336b546a275a1f62deb78053ad37a665e81c32,4fbf1ac98f4c32a50c69fad343a7d6bcacde6fd253131fe29c4824bfd0186ad0
pm:vm:photonmelodies11.rio.004:426952928:00311328:01399,cvm,【纯夏】「没有啦，这个嘛，<0A>我跟御剑同学她们去了山顶，不过……」<01>,[],layout_only,b64068b8c052d7bdcbfe21a119d34585ad0b317e104a1a19e6ade9bbe4df53ed,0e5528ae32e24400152c93bb8485a2e754e424183527a759dce3ede2c93cde7d
pm:vm:photonmelodies11.rio.004:426952928:00311372:01400,cvm,【武】「山顶？」<01>,[],layout_only,63e578acf1c96c8f0403edfd420ea20c1c9f94cc4519ab5a3f3cd9af17de8e85,cdbb29eb7046af36ac7b8f759fbf4db51394abcf6633b6e1634b5c7f007ebd69
pm:vm:photonmelodies11.rio.004:426952928:00311604:01401,cvm,【纯夏】「哎呀～，真是太鲁莽了～……啊哈哈哈哈」<01>,[],layout_only,68e9143e61e467b0e586406dc21615265627aa361fb9504b343ba584577a0835,1b5e473350e4bc37a7e1e7ffe9503345d4e86665389de52a21cce2ce9d2099df
pm:vm:photonmelodies11.rio.004:426952928:00311660:01402,cvm,【壬姬】「咦～，纯夏，你去了那么高的地方啊——……」<01>,[],layout_only,0468b7f9071acc3398682afd42fc2cf1bc0b850ae1a404ce72b84d0dff4c905a,6e1a3f8ba7789fcfe89863d9f7dbdf0968a77d5bc100da9c54a37e68ece9bbb3
pm:vm:photonmelodies11.rio.004:426952928:00311892:01403,cvm,【纯夏】「我只是上去了而已，只是上去了！<0A>真是的，那种到处都是雪包的地方，<0A>我绝对滑不了啦～！」<01>,[],layout_only,085760402b028b70e0df6df1a8989677a1458143074052c0eef5f62de8ad0e1a,d10b58dd4fa8438126a31c430fb452921ddba0e19a3fb19d310d4d58535821f0
pm:vm:photonmelodies11.rio.004:426952928:00311948:01404,cvm,【纯夏】「——而且那根本不能叫斜坡，是悬崖——悬崖！」<01>,[],layout_only,524da4e90816f75a66a46d6c0d5c46b7cb47bb23cdc00fdd21e520ecc811350a,7154780266bcc700ec6a19083920d08e8c03b4531a3aeb8082211db2df13f47a
pm:vm:photonmelodies11.rio.004:426952928:00311992:01405,cvm,【武】「……然后呢？后来怎么样了？」<01>,[],layout_only,9ff0ebdbf621ee62c1549c1682ba5b395c7211da0970819c098f3c64a2ce6436,10bad9ae0a7a765a5cdc71a5241ab7f0ffedf1cc14973b570b2ac33be05120e3
pm:vm:photonmelodies11.rio.004:426952928:00312048:01406,cvm,【纯夏】「我和榊同学好不容易才下了山，<0A>后来还是和她分开了」<01>,[],layout_only,bc252abbe7e536433ef57ee95ef9131868c00d02c78c6db16c138ca1c2b7e5cb,dba8207972844ce319bc515a686ba7fa76a69bc77e94892cb5240cbbd69ca554
pm:vm:photonmelodies11.rio.004:426952928:00312092:01407,cvm,【武】「为什么？」<01>,[],layout_only,5f12a83ded811d4decf267bdde2bd49e9bf938fe6934f35bc180db81a8df05f4,b5ef4d62cad9e1483450940d26237025890533def94b28dbea05325ca5d1b2b8
pm:vm:photonmelodies11.rio.004:426952928:00312324:01408,cvm,【纯夏】「榊同学说，征服那些雪包很有趣，<0A>可我害怕，做不到啊～」<01>,[],layout_only,40531cc18e9a735ddf33bff3f7b2966be44363cd44e1d0eb52a4d93afc8d5e02,1a805071cc4a7959d1ae0a45f7d46439a509e711842bddd02c862daa49f427fd
pm:vm:photonmelodies11.rio.004:426952928:00312368:01409,cvm,【武】「哦……不过，要是技术水平和想做的事不一样，<0A>当然没法一起玩了」<01>,[],layout_only,909888e88917a4d1081a99f82082edbdb2c240fb0c00ec3f4d2197c3cb6a8cbc,508b69ece6b43ebfe98e3397ce240a7b427bf3ea68c87e3758c2a146993efb50
pm:vm:photonmelodies11.rio.004:426952928:00312424:01410,cvm,【壬姬】「居然要征服猫跳雪道…………千鹤好厉害啊～。<0A>是不是积了很多压力呀？」<01>,[],layout_only,c3e137b5b07be1ddd6387034bb5d5587d445f0b0484d8ce31a489062fb2aac0d,4207985b217c3ec856ab796c09b1e943e381f02e5bd4cebfe823d427ab362acc
pm:vm:photonmelodies11.rio.004:426952928:00312644:01411,cvm,那肯定积了很多吧……。<01>,[],layout_only,31fc5af7767cfe9e2e8273f4185dbb8c5b541478cef646f837684116181de833,8085bad7ee1f4c7e08c970053a517a2ec7d3402a907b90692318f34b825e0ffd
pm:vm:photonmelodies11.rio.004:426952928:00312688:01412,cvm,原来如此，班长那家伙，后来又遇到了美琴啊……。<0A>好不容易发泄掉的压力又重新积了起来，<0A>体力还被一口气榨干了……。<0A>太可怜了……。<01>,[],layout_only,feaa4123264571c63fe6181f9c522bb1f441d613267bba7bfaa62ee5e4e8be43,3dad82ae73c3e8c848106389a024aa196130f2ddfc0dc91d68031c5e082e1d0a
pm:vm:photonmelodies11.rio.004:426952928:00312732:01413,cvm,【武】「……话说回来，结果你一下子就降级到玩雪橇了啊。<0A>真是个极端的家伙」<01>,[],layout_only,7d1a98f3783f6b825a67dcc65070617e4ca2382b15ca0869c6ee26a11add6874,68980e27021670c6c6e0e47c186270dc62a422aec9c755f2e990361f2b16af65
pm:vm:photonmelodies11.rio.004:426952928:00312964:01414,cvm,【纯夏】「因为～…………大家一起玩才更开心嘛。<0A>而且小武又说不肯滑双板…………」<01>,[],layout_only,e6f3b203efae86ba033bb82c1710614650bce20b6f304f4962ee931b3a699471,763902dd1dd590af210b538a8fcea94659dd775ca6321b004ef256c2d60eebad
pm:vm:photonmelodies11.rio.004:426952928:00313268:01415,cvm,【壬姬】「有什么关系嘛，一起玩雪橇吧～！好不好？」<01>,[],layout_only,0f19348dc2177f40d858aa79b052e82f06123f2e04dcac6bf3bb8eb5e89702d4,e37b3bce9c33541ee8d388353a56dfa1b1826c990d6a6921dee554b7dffc65a2
pm:vm:photonmelodies11.rio.004:426952928:00313624:01416,cvm,【霞】「是的，我想和大家一起玩」<01>,[],layout_only,7498c1812702a1335c9b2529aaf9112fcd8046c95f4511d55cc6a39b975cd969,31e7154e799ad6dc46a9d41af998d2bb77dc605dfa7a4574135d4f6b6aedc588
pm:vm:photonmelodies11.rio.004:426952928:00313844:01417,cvm,【武】「真是的……算了，随你吧。<0A>不过你，得自己买雪橇哦？」<01>,[],layout_only,5466fb92790540cbacec60f824fefaa2b5ffea4e51e3f524e7d92ee65c1df419,af7bbf57664dcdce4b01b478430024ebbf5c04ecb6ab5e1a1082716cc440b225
pm:vm:photonmelodies11.rio.004:426952928:00314076:01418,cvm,【纯夏】「啊，是吗？」<01>,[],layout_only,916773dcb4e0492267a382cb24d56cb2d6e66fce620ce2f395949e2febbf280d,1aa5479d5680a090b61d62590be5d6346fde8eb6960ce1c542caad6d55b9cd7b
pm:vm:photonmelodies11.rio.004:426952928:00314132:01419,cvm,【壬姬】「我们本来想租的，<0A>结果只有一种叫‘儿童套装’的东西，<0A>所以没租成」<01>,[],layout_only,ecba8ad0164a4f01fae4bd66cbc6e6ef127d03f26b01004dfaaa1729cff51bda,c2cf1a01da8984ae25d692728d1ef77421e6532da20fc41062ca82f6b756e5d9
pm:vm:photonmelodies11.rio.004:426952928:00314176:01420,cvm,【武】「连体服、手套什么的全都打包在一起，<0A>尺寸小得连霞和小珠都没法蒙混过去，<0A>所以我们放弃了」<01>,[],layout_only,a24e41dfc5dd23ee1dee111fbb7076d6eb72a8ce61316d76ada3892c6ea1d2c2,45a4f0c7e704679cc432df088e15167c693fd368ce3d3ad6d4970d4c95dd41d4
pm:vm:photonmelodies11.rio.004:426952928:00314408:01421,cvm,【壬姬】「小武哥，太过分了～」<01>,[],layout_only,f0626f4f8f5be26ad48fad6548d39b800db820312c0f447c4f5f3b65e1887c50,be53fb7e5f63eba56a8036f2ac253c9b68c767c215e6c545fa215d0979c12450
pm:vm:photonmelodies11.rio.004:426952928:00314640:01422,cvm,【霞】「…………？」<01>,[],layout_only,ca7e5c2fd74270d27be7e263558cb3c476dd90270463b3462c8182be0a60176b,cb769ab36647d983006b7794e9a8caf52c7a0230926c9d594fd4075a45384ff2
pm:vm:photonmelodies11.rio.004:426952928:00314872:01423,cvm,【纯夏】「哦～，算了。那你们等我一下。<0A>我去把双板放回去」<01>,[],layout_only,546391b543578f392eb1201380503757da79c9b7220206ee12b5dbd966cb307c,9263d990be4a222323be523d6ec823edcf9e1946093b483219599cf7284b5759
pm:vm:photonmelodies11.rio.004:426952928:00314916:01424,cvm,【武】「好，我们就在这附近，你快点哦？」<01>,[],layout_only,ab18ec981ec465abd1df28213faaf33127ff615354a5548b2a9e10808dd2aad4,151b05b956195edeb2d11bb129ae2f792842ed52fa01cf1de7fa9214eb709229
pm:vm:photonmelodies11.rio.004:426952928:00315148:01425,cvm,【纯夏】「明白——！」<01>,[],layout_only,74cf5a37394ef065933fbb409a5665552f888f142e53765aa519fdabcf3c3c48,0015f5eea26ff33290326ee958b747c51e5c620d9c60cfbb0831b820831300e7
pm:vm:photonmelodies11.rio.004:426952928:00315972:01426,cvm,【武】「好——，跨越漫长岁月，<0A>『斯内克军团』就在此刻重新成立！」<01>,[],layout_only,395657b621b12f3a6053dc7c9758fa98db87e750730079d1f7135907883cf5b1,caef4c4b9c20cc8d561e53ba962bfc37aff59fd39a0a65fe0eefa4ca572c36f9
pm:vm:photonmelodies11.rio.004:426952928:00316204:01427,cvm,【壬姬】「重新成立？<0A>那个你刚才不是说是骗人的吗……」<01>,[],layout_only,147c0c69353634b58f78a086dea746d987e77523a8734433299e0cb8e1c78408,d2f10ed22c0af8012d58eb08b424aabc8566d1cd1bdd4ef18ebad204bd843a80
pm:vm:photonmelodies11.rio.004:426952928:00316248:01428,cvm,【武】「『斯内克』这个确实是骗人的，<0A>不过我和纯夏小时候真的组过雪橇军团一起玩——对吧？」<01>,[],layout_only,d3daa233eba50cf7b39cf8575180db60a0eabecaec2e9724d6f7859f95a059b3,fed2ebc2a04f2157996bda42afbd62c05662d74826684cc8b5c7f82e59e8c9bf
pm:vm:photonmelodies11.rio.004:426952928:00316480:01429,cvm,【纯夏】「真怀念啊～……小武他啊，<0A>坐着雪橇从滑梯上往下滑……<0A>还叫我也这么做哦？」<01>,[],layout_only,b57a14c48c1969d271dec763a9493587f50ad14a01e960859408f56fd008fabf,c6101efdf1d7a5089ba5aa02008388ead5d6990428a0c8d237958246bf0c4dd0
pm:vm:photonmelodies11.rio.004:426952928:00316712:01430,cvm,【壬姬】「咦？可是雪橇的宽度和滑梯对不上吧……」<01>,[],layout_only,1074eb9503d84db24ff81adacc6a8ed7b6b2eb3323e5366ca056599a069136be,a25dc248d37c81ae59a9966a722fcbab5a33dff6c8e8641c69fcfdde77c9a448
pm:vm:photonmelodies11.rio.004:426952928:00316768:01431,cvm,【纯夏】「问题可不止那个，那座滑梯啊，<0A>是火箭造型、滑道会绕～着转一圈的那种」<01>,[],layout_only,4ef490dbc9d611a35f7670961722463cc1637b1db2bde92f79e48a5243ec00a0,684614eedbc95dbea215b1ecbc51978c2765a6ae24337e9502af3bf7c246f5de
pm:vm:photonmelodies11.rio.004:426952928:00317000:01432,cvm,【壬姬】「啊，我知道，我知道～」<01>,[],layout_only,51bb159cb4d955ea511d4fbd402083f8460bd87bcb904a9ff87e9da2d0e32e32,476af1f096a017b7af8c45bfa4d1bc9f6f9b9282468fecf32204886706aac75a
pm:vm:photonmelodies11.rio.004:426952928:00317056:01433,cvm,【纯夏】「滑梯两侧，不是有扶手吗？<0A>他把雪橇架到扶手上，<0A>还喊着‘要滑啦——！！’」<01>,[],layout_only,389e2e04b297f9c7673245b9dc05bad9b662226b3322772bb72e3a540b779de1,f60c4ccdf403bcdac199f118f110c5c1dcabb2825f3b5ac89de5d27f0c781ef0
pm:vm:photonmelodies11.rio.004:426952928:00317288:01434,cvm,【壬姬】「咦？滑道会绕一圈吧？」<01>,[],layout_only,0d43a8b389ddf8b58f8bdfaccd38109569cc2a5b18c482c1fea256c943a0fa7e,ae707d186e62723d28745cb8feb83a140077831c4aed3b031293d44e93506691
pm:vm:photonmelodies11.rio.004:426952928:00317344:01435,cvm,【纯夏】「对」<01>,[],layout_only,eb7085efee54884edde3e6699f002e0b2f720b4acaa5d1d00f1d15ffc5cac8cf,a9df01618861f5330c2a38a702c2e5d8e5dbc0e55dbc67a204002b6f1cb29901
pm:vm:photonmelodies11.rio.004:426952928:00317576:01436,cvm,【壬姬】「后、后来怎么样了——？」<01>,[],layout_only,2e7f079674ec0002277f257476aa57d5caaf083cf5c8e77285bdd0f5aa283c6a,c0b929adc68474675461fc18152d32f774192c585748a8c040e6abf98f15fd9d
pm:vm:photonmelodies11.rio.004:426952928:00317796:01437,cvm,【武】「当然是…………与其说是滑…………不如说是飞出去？」<01>,[],layout_only,8c6742d87180149c569c97e76329f71f5aa11cbed9db96d7b20c455110f2aafa,32b129c66b11dd1ecd40386a51537cea322c1e58ce805e9b1081505d5722347d
pm:vm:photonmelodies11.rio.004:426952928:00318020:01438,cvm,刚出发的一瞬间就冲出了滑道。现在想来，<0A>我当时怎么会预料不到这一点，实在不可思议。<01>,[],layout_only,bca05d51f4a1c890734402dafab0510a671a78a69c503b98326a475cf1430a68,93075cfe7c06b42e6d4be8c387132a0b93eb461ae39ff320325d6289608a9d3d
pm:vm:photonmelodies11.rio.004:426952928:00318652:01439,cvm,【纯夏】「后来他还叫我也照做哦？」<01>,[],layout_only,45f51f02f43d141a58083b54e1a9de30ea8e185d8120fe9ec9c59f33d85a4360,9cff73cf66e79cf62d5ecbd79d06e360c09e974767f17accb915fe6b5c2ed0bd
pm:vm:photonmelodies11.rio.004:426952928:00319016:01440,cvm,【壬姬】「真是恶鬼啊……小武哥」<01>,[],layout_only,b5cef4ce14e490c1ab5396927db227193abe90affe560885c23856307f51f679,0832577364b673f8385782f3a0342e8eba532d7b7ce35a863046372274dde739
pm:vm:photonmelodies11.rio.004:426952928:00319060:01441,cvm,【武】「我后来不是没让你做吗？<0A>不过，我们确实做过这种蠢事，<0A>总之每次下雪后的第二天，<0A>都和纯夏玩雪橇玩个不停，对吧？」<01>,[],layout_only,f1b2a9afcb2118e8daa9bbc645266bb6bf2bc08f7da79a98016a8c18138dae36,69e5e0798821174e40ef01bc12c3b8019a41ccef43a67b62e1fcdffd6f6ec7d7
pm:vm:photonmelodies11.rio.004:426952928:00319692:01442,cvm,【纯夏】「是啊，好久没玩了，好期待——！」<01>,[],layout_only,4b78a0e3c655a6e8e1ff342550b006f9ec20fe14f1b21cf66705328fadccbcd2,d079d560eaa3dea466c7f60fb0141cdd2a4fa459f5c11536ce7bcbbb898c439e
pm:vm:photonmelodies11.rio.004:426952928:00319736:01443,cvm,【武】「好——，总之先滑起来吧！」<01>,[],layout_only,e640c2726b81276b0b2308a09d0c0f0da6ed8a19e16b377dfdfc804b8a73a7d3,7dcf3ef980f8e7a828e4845ae22f464c2e06156450b0ef0805f381b484d79840
pm:vm:photonmelodies11.rio.004:426952928:00320104:01444,cvm,【壬姬】「想看看小武哥的雪橇技巧～！」<01>,[],layout_only,f2f232c3a61a448d1aaa7f857ea51c4e84d0653ef79f1cacf63fb9629e34331d,d7b3253c53d6a0ee7d19e206b92438f4b27f502bd2a428d841eb38e3bcb3c7f0
pm:vm:photonmelodies11.rio.004:426952928:00320148:01445,cvm,【武】「嗯～～这样啊。那……<0A>我来给你们示范一次。<0A>好，从最上面一口气冲下去吧！」<01>,[],layout_only,76c42cd464fad35cae34730f72fad90815ef758deb1923378612e6ff51e5fd2a,27b1dfd9195d00f1371ffb413805b5a2f05f5a8945ccb3abdce56ca0c37abe9a
pm:vm:photonmelodies11.rio.004:426952928:00320780:01446,cvm,【纯夏】「咦～，没问题吗？<0A>就算是儿童雪场，坐雪橇的话……」<01>,[],layout_only,cdb2ac6dba114ca93f28d2a279aa5d0e526c42c0eacc1611853ed89217da3078,0db83bcf796471c3f9fb6a0fd60589ea04a4a68202f316022df091d258b5d762
pm:vm:photonmelodies11.rio.004:426952928:00320824:01447,cvm,【武】「好啦好啦，都被期待到这份上了，<0A>总不能随便糊弄过去吧？你们看着就好！」<01>,[],layout_only,5312644f1dbef03d7af9d5d9ce3f6d4f76ba72e2cd4aa198162e919d786111b3,2cbe111b4054a1689f769b2a036b2d87890342c39af5cb5584d95f157307c00a
pm:vm:photonmelodies11.rio.004:426952928:00321604:01448,cvm,【武】「——呜啊啊啊啊啊啊啊啊啊啊啊啊啊啊啊！！」<01>,[],layout_only,36cc794be45111a600f45bf7fb8e742f996e74f0cd45f80876d9623d9f5d83dd,dc0344f56f5ca7b43c564615e78f58501744cd1998f16e6b608f8e67dc7d2ae2
pm:vm:photonmelodies11.rio.004:426952928:00322072:01449,cvm,【武】「——呜噢噢噢噢噢噢噢噢噢噢噢噢噢噢噢！！」<01>,[],layout_only,8f0e983489e7f3e7746d6bf705a8bbfe077befccffa57cca827b5cdb85663302,719aa687409c86c02162dcac437e2e117002de30c35644c8e1b63746df80c75a
pm:vm:photonmelodies11.rio.004:426952928:00322252:01450,cvm,【武】「——呀嗷——————————————！！！」<01>,[],layout_only,6529d5aecba29ae1ae445083fec38c7dc356d47811c58ca0a93f15cfcf643b9c,78814754db2dc590c99b4a8f77a1047c8d31907acc37223803e13fb42557cb5f
pm:vm:photonmelodies11.rio.004:426952928:00322432:01451,cvm,【武】「——救救救救救命啊啊啊啊啊啊啊啊啊啊！！！」<01>,[],layout_only,4fb85dd6d998c6692298d4f3e7e102f85edf43baf4d5e4df844e9e39df648c1d,d2179c542f6f72e445faa938e50e455c18cfef88a031420d0e298d16e0b2612e
pm:vm:photonmelodies11.rio.004:426952928:00325148:01452,cvm,【纯夏】「小武……没事吧～？」<01>,[],layout_only,ceebff9db353ced2404774f6d8085ed4d6b3fc2c00e4bf1c788075743e378e59,d115864b681e3c4b3b8908ebcb360c69b26a4d0be5aef81d4a4fed9c1a1d1a00
pm:vm:photonmelodies11.rio.004:426952928:00325192:01453,cvm,【武】「哦……嗯……看见了吗……我的雪橇技巧……」<01>,[],layout_only,49d0284592ae9c3c33b7687e0b50f279dd6aeb3a9e933e5e7c72e6772afc8374,d82d456051ee96842774bafa2bde31439a16d847f864e701c35461bae197ae26
pm:vm:photonmelodies11.rio.004:426952928:00326132:01454,cvm,【纯夏、壬姬、霞】「…………」<01>,[],layout_only,6ca8b18cce8f52bc26f851e082a2ca8ab8421d589962d7838359caddd4322c79,81a59f72ec26f713f5affce02bf4c0efbd1ae47add93839ab373300afa36bbe7
pm:vm:photonmelodies11.rio.004:426952928:00326512:01455,cvm,【纯夏】「根本没有……什么技巧……对吧？」<01>,[],layout_only,9e11eb5c9c5d7beb3f0ba2b5c12c274da911537abab9ce140ae7bfe4cedbcdc8,ad439837a929d95359295116cdef6cb0113183c3b0102d716dbb3827dda6d38a
pm:vm:photonmelodies11.rio.004:426952928:00326568:01456,cvm,【霞】「…………大概」<01>,[],layout_only,efa3b3478765a9f71a94a340e18105e324e6127c8d9d79aec4f9f5755a63b761,a97edcb1f1aef6fc8a1585abddaffdf6a1147aa5b55409708b2dbebe3265eee0
pm:vm:photonmelodies11.rio.004:426952928:00326948:01457,cvm,【壬姬】「不过倒是听见你发自灵魂的呐喊了～」<01>,[],layout_only,6102436bd07a459c0bd6b69dab783273cef20b3673f19670e9e68a613da8389b,b2bc8901dc6e238ceb9a666d4c8c48a9f672da9ea3de7801dfb38387c09d0452
pm:vm:photonmelodies11.rio.004:426952928:00326992:01458,cvm,【武】「总、总之……以这个为榜样，尽情玩吧……」<01>,[],layout_only,3d577fabf8449395de4a07b9eb18a89e33820dfe2851b9c592f11bb94e27162a,13bd0d0ae1df1938e4d81fc08874a820299f7e436317680084ea51cfdfe6fd98
pm:vm:photonmelodies11.rio.004:426952928:00327372:01459,cvm,【纯夏】「是啊，<0A>这是个告诉我们‘疯到这种程度就不行’的榜样呢」<01>,[],layout_only,2b02aae3dd171dd0d1ab13b4f325b9ed19960f9df91635208e4abbc5e21f1800,f64415afc89276dda1a1cb49d9b1b5f7ac9c74af00eab9328fc31ac1da12515a
pm:vm:photonmelodies11.rio.004:426952928:00327752:01460,cvm,【壬姬】「好——！」<01>,[],layout_only,e3631ea466001ce8535ece8f79c50c7c93c4786a704063476ca87ed44bbece12,fe91fc02df57996b8b46731414596a672cae9935e1b26968c8b3e8831c312463
pm:vm:photonmelodies11.rio.004:426952928:00328132:01461,cvm,【霞】「明白了」<01>,[],layout_only,e95f2a7b8a3d222cacea89f4eae32f5fe585f5e20d91052f713c530192ceec3c,682448e789808a206a1827619f5a0bc048985f2ddfddd628c4ba4b5fcfbe91ed
pm:vm:photonmelodies11.rio.004:426952928:00328176:01462,cvm,【武】「…………」<01>,[],layout_only,770975bc8d76964cd0683d1a3ba2ec947971272f34819d29aa5c66d3964a88d7,6a17c608647a040376434d02fd50f1e4124a141fe417bdc98ba4d3f27bdee35c
pm:vm:photonmelodies11.rio.004:426952928:00328556:01463,cvm,【纯夏】「那么，我们也来滑吧！」<01>,[],layout_only,1d8a2ab99e1665751379d5f68cc4ee57d6c7994b782a4db84bd5d614c2c8ab64,8231e8ab915e93510873d0fefa6eb2c1e2fc84aac58b4a5a3cc8298e6df06b22
pm:vm:photonmelodies11.rio.004:426952928:00329224:01464,cvm,【壬姬】「——嗯！」<0A>【霞】「好」<01>,[],layout_only,a443c3a753cc0568c3b580f48c7d6ac3f3e1c13deff04a9fcefb83e7c67512f0,3689c2d13ce1444e6aa934780b6f37a6a0e9e412c8eb6f8235b31168348df7e4
pm:vm:photonmelodies11.rio.004:426952928:00330132:01465,cvm,【纯夏】「——呜哇，呜哇哇哇哇哇！！」<01>,[],layout_only,1df794d5bf927ffa803a165792530598c745f3a6d0499a438fddef86b15d0d0d,371d6c668491fff738cdeba1bba131f38b07f7aeca55dc67a6911819397c25ec
pm:vm:photonmelodies11.rio.004:426952928:00330612:01466,cvm,【纯夏】「——等、等一下，等一下～～～～～！！」<01>,[],layout_only,116ef503d9fd2033331793bebcbb50b7904e355a4694c1c72c67c67676b5c377,02e4adb09c565d70730addc50df47fd8722edbf7a00e3dc1f8b0629f8db5c1fd
pm:vm:photonmelodies11.rio.004:426952928:00331364:01467,cvm,【武】「嘎哈哈哈哈哈！你不是和我一样吗！！」<01>,[],layout_only,c6249d586777645343615f9991337e9bd03266f644c1d98a1b7dc8d3fff8b606,5e542afb16dfd91e9190b2ee2e744a36ed5daea12e8f89354af8a36cb609c2c4
pm:vm:photonmelodies11.rio.004:426952928:00331420:01468,cvm,【纯夏】「呜哇——，搞什么啊——！！」<01>,[],layout_only,7605e74cf4b49398194caf338b0df072c0ceb8b91bdc106fd05f8f0686cf1656,7a8e4898f9dae9219f4984bb2bb1445a2d0f5ff64a6e44b07fd462f475b2dcd7
pm:vm:photonmelodies11.rio.004:426952928:00331764:01469,cvm,【壬姬】「呀哈哈哈哈！冲啊——！」<01>,[],layout_only,7bfad4efe298e0c85efb92c5d25bac6859b6584e605fbb0d81a3e95136896966,7b0bb699ee76a62559b094615bb88a54e405b125b1bb7776d6a8023f7af1f642
pm:vm:photonmelodies11.rio.004:426952928:00332056:01470,cvm,【壬姬】「嘎呜————！！」<01>,[],layout_only,a0a9e5f307a7e9cf724f409dd0e73395b8eafb54938aed787b70d01fe65deb6a,21c6d53c879c727c5f1771cc68e0156779394b86ebe6a0d240ef5a8e03b1cc00
pm:vm:photonmelodies11.rio.004:426952928:00332124:01471,cvm,【武】「哇哈哈哈！！你那个，刚才也摔过一次吧——？<0A>技术不够啊——！！」<01>,[],layout_only,487e549f39896e306ffb0e66125b933c9e8a1a463ce7bb95582b84776d268b6a,c34f0982cd5a05053f0b450b0b69550a2e4e61ccfe79c0d63a19851343238d8a
pm:vm:photonmelodies11.rio.004:426952928:00332180:01472,cvm,【壬姬】「痛！痛！痛！」<01>,[],layout_only,deaba689695e36043219512af9eb2620a6ac7aea8d848d87af2efaf23248b262,97f79d20f3c8c2278811e51b9eb0b81d8e7024acf3d664fcc6746a0023830f55
pm:vm:photonmelodies11.rio.004:426952928:00333164:01473,cvm,【霞】「…………」<01>,[],layout_only,ae1d9107f8f518af6cc974f9f2dd86cd5f6b05e10cdcd693676de81bca4abda6,09a1c5c4f3135e6f4548ece4982e45e31d0297b9ec63875c4a72c35e2f926c70
pm:vm:photonmelodies11.rio.004:426952928:00333208:01474,cvm,【武】「霞…………要不要再试着从坡上滑一小段…………？」<01>,[],layout_only,a9204ab6957b98c9532b0a530f2a581f0e5d676bb9843768c5c40a566c2da586,0f45b9b280d3d6d103adf265e3803ca97820e8086ccb20dc071440f5cd1c9a9e
pm:vm:photonmelodies11.rio.004:426952928:00333264:01475,cvm,【霞】「……咦？」<01>,[],layout_only,804bc4c0c08ee50d76679ff2f950cb0337a00187bbd76216b0a267d8d6a3e64c,8b597bca649cc2ca3f5987a530615acee59a2345b3cfdc9e16789599c50c44d1
pm:vm:photonmelodies11.rio.004:426952928:00333908:01476,cvm,【纯夏】「呀吼——————————！！」<01>,[],layout_only,e10b3883007ff83c0030a3ee297a634adb2c1e69dc2949097e53671385008b12,5c185e2f66fd1c0776165e4909cc6bb9b655c9862b986113b944c5d2db0683e7
pm:vm:photonmelodies11.rio.004:426952928:00333964:01477,cvm,【壬姬】「啊——！好厉害，在转圈～～～！」<01>,[],layout_only,d67c64caf4ce32111086ef101c33d3b5f9da51eb35040bc95f3ada6a7b89452c,3b845bbd9ed882742252b3eae702f43a1c381c8dc063dac8aee7b2abb513f70f
pm:vm:photonmelodies11.rio.004:426952928:00334008:01478,cvm,【武】「哦哦哦哦！是高级技巧啊——！<0A>明明是纯夏，居然这么厉害！！」<01>,[],layout_only,004af45f5683b1af4616614ff1ad00a97b18b9994337210db835a2ce1b7db016,9f49ea876a3d24f47fe11268a04ecf937f4ef1d1810d4320ed9c7fcc5f959656
pm:vm:photonmelodies11.rio.004:426952928:00334064:01479,cvm,【纯夏】「快看快看——！！！」<01>,[],layout_only,17789f3b71afb8d6e3d1f6ba1843496a00dc50e1fc0c3112d41b4e8b95a7d37e,e147b12c90cca4bb729f0792fb8d6cc5000a4199a5909bdb5aaa948c476f37e3
pm:vm:photonmelodies11.rio.004:426952928:00334872:01480,cvm,【武】「哎呀～，真没想到，儿童雪场也有不可小看的地方啊」<01>,[],layout_only,b6624d42be184ee6354add3f26fe978f3717d13142e21cb5f3152f6dec5e7f6f,3dd7ac02636a5ba75de2cde9a8172f32f7896d89dde110362b64bfd3af4b94a0
pm:vm:photonmelodies11.rio.004:426952928:00335504:01481,cvm,【纯夏】「是啊——！太好玩了！」<01>,[],layout_only,611d2eb855a32a1b540b8cf18a03438ea56762da08a5eaf05d16f631ef8e7bd9,5729285cb5d690b221c0fe6b2d66cbad131d8c8908b04a0908a8c81ab11b944b
pm:vm:photonmelodies11.rio.004:426952928:00335548:01482,cvm,【武】「喂喂？要不干脆，去更高的地方试试？」<01>,[],layout_only,d7b055c2e942181f2d75cdaaa851e4876542d3bd3298f16172c248815efde1b7,3e83e2f8b7e1a521eb200ac7895f3eb9721f701a0b4039a7f6bfe36d21761f35
pm:vm:photonmelodies11.rio.004:426952928:00335912:01483,cvm,【壬姬】「咦？」<01>,[],layout_only,7fabd7686f4360b370028b766b509d07a30f78070bb48f49b2cc293073fe2195,3dc769f373dd61c7a172f29e9c56920663dd71ab01a58fa64feefb42c753b5cc
pm:vm:photonmelodies11.rio.004:426952928:00335968:01484,cvm,【霞】「工作人员叔叔说不可以……」<01>,[],layout_only,ee86143c9c2d3f9cc6521adb0889726df8d517a5366f6b380d915eb1202035df,39bf3605061826875ba1c8d9f39fb4557943215f9a524b4e8ef0b742564351a2
pm:vm:photonmelodies11.rio.004:426952928:00336012:01485,cvm,【武】「呵呵呵……我们不是有强大的帮手吗？」<01>,[],layout_only,45ce8a1774733b98af1f8a102261a7835b1a48b6a44b0ab3bcdfcb41a530b9d1,c5c5bfdf8df0b6dd0d150c2c515d11f8649a70afed5cfb0f9db85d650e8892ff
pm:vm:photonmelodies11.rio.004:426952928:00336384:01486,cvm,【壬姬、霞】「……？」<01>,[],layout_only,780302160ddcbbbf64bbbd8433344b8a2bd9588ceb10de51e8226e27ccc1e24d,832fd5c5028afd4f4400b23b531d65816914a70aebe5504608457ab7c54e0fa2
pm:vm:photonmelodies11.rio.004:426952928:00336644:01487,cvm,【纯夏】「啊……难道……是御剑同学？」<01>,[],layout_only,d090287012a70501b1a19c7b7a24eafeabcbfb1f6e610677aab98a1544e27671,6ff47ca1a506578f47946df1654abe3b1efc08b3547c3f9948ba2b057fcbba56
pm:vm:photonmelodies11.rio.004:426952928:00336688:01488,cvm,【武】「正是！不愧是纯夏！！<0A>只要拜托她们，这点小事根本不算什么吧？」<01>,[],layout_only,5dddad4ec74558f32f79f2d914a803c5c47c9fa89e486aeefbd8192270f3cc62,265a45fa01e3e5a2935bea02a98283e778dec6236b321aa3e69d42c62f6e4eb9
pm:vm:photonmelodies11.rio.004:426952928:00337040:01489,cvm,又不是要她们，把这里整个买下来。<0A>只要帮忙说句话，让我们坐上缆车就行。<01>,[],layout_only,3717ab3b70ada8dea12619719f335f4eb824684cacbed204baef06fb16a8f6bf,02d70ea4aacd72f95c8e130e50365c0887872a6828da3699bdc555e5de57b380
pm:vm:photonmelodies11.rio.004:426952928:00337272:01490,cvm,【纯夏】「话是这么说……但这样好吗……」<01>,[],layout_only,85292d2785f9c755f61048fdf2315919353a399920727970d9b507a63c957bde,abaa59455781381c49a60aa62895cba728044ab86dbf483a561d924ee9346d54
pm:vm:photonmelodies11.rio.004:426952928:00337504:01491,cvm,【壬姬】「不是很危险吗？」<01>,[],layout_only,8a325eef7b64d4dea5a9d3e4aa2bb7811ef310673858177aa6a30415144744af,f09ddb37772f60c16b28f53f52ca0ba8b57990d30b91f12eb9211043676eb91f
pm:vm:photonmelodies11.rio.004:426952928:00337736:01492,cvm,【霞】「工作人员叔叔也是这么说的」<01>,[],layout_only,70857c67c3352f176128cfa0a5b672ae3bd441764461bccb1569c39e38f4dbc2,68a2f7a428f36945f596ab424c611c11b208efdd61874e24abe75bee8fa9c3ce
pm:vm:photonmelodies11.rio.004:426952928:00338236:01493,cvm,【武】「喂喂，『斯内克军团』的各位，你们在说什么呢？」<01>,[],layout_only,7c6bf5ff700b5de2d43d70365ac8195d8e8697005d35833c6925d9c89fb86c23,1c8e25ee255c07ba8b605ba564bf4dbfc9e31963382413300950923083a0b52b
pm:vm:photonmelodies11.rio.004:426952928:00338280:01494,cvm,【武】「回顾一下到现在的表现？<0A>你们的雪橇LV，轻轻松松就有六七十级了吧？」<01>,[],layout_only,af2a111f803def4325a427f46d79a8d0b61f2e761f0e8561d92dc877ac8fcd52,165e770dfcc6d96eb3b93357d5d6b2f20855db964582233ad62c64d17c1f5bc2
pm:vm:photonmelodies11.rio.004:426952928:00338776:01495,cvm,【纯夏】「雪橇等级？」<01>,[],layout_only,7b68b031c8fa6ab8c3eadca3b0c80c871cb0e3018390cc758068e39e4157c2dd,6365035f3b22c6be8099ab5efd20d0cee3ea391e4b217909560d60b93da9918c
pm:vm:photonmelodies11.rio.004:426952928:00338820:01496,cvm,【武】「没错，一定会受到世界雪橇普及振兴会的表彰，<0A>绝对没跑」<01>,[],layout_only,d398f8739dd16921ed06b1fb10aabe7ecbd303d81aea4491cbfc20b18cd63a98,676bfdb73de0b46db4fca4c9f572d46a4d5b34b3494c7f6d0119692a3ac9f581
pm:vm:photonmelodies11.rio.004:426952928:00339184:01497,cvm,【纯夏】「世界雪橇普及……什么？」<01>,[],layout_only,8a1fef0e97e4ae26aee4931f231d4e9e17fa451ec6ff9e7c5448942f674bf956,9d28e2520dc4bb49c7a9b0b4a2e0a48c25e1affe1423218c00d53216612a4d12
pm:vm:photonmelodies11.rio.004:426952928:00339416:01498,cvm,【壬姬】「小武哥，从刚才开始，<0A>你那些骗人的设定一直在复活哦～」<01>,[],layout_only,aefc9181a5c5aae6f9be3ea93d6ea87588a8e44515db839097d440a31a9d0e02,14780dcceaa8015d3c75399406d9c196b6336c4007ccf4f3cf821e7f3104ca13
pm:vm:photonmelodies11.rio.004:426952928:00339460:01499,cvm,【武】「怎么，你们不想从山顶一口气滑下来吗？<0A>肯定爽翻了哦？」<01>,[],layout_only,38e8c01ec2954faa166a492965cd11b4f30584567822f23d246020fc3d070fee,7705ca5e4f17bfa9bb99fa5f11841edf5ab4fafad9e4436c51e1f3cdfb50044c
pm:vm:photonmelodies11.rio.004:426952928:00339692:01500,cvm,【纯夏】「听起来是挺有意思……可是，那里是悬崖哦？」<01>,[],layout_only,f3491b6ff430c618cdd418055e01e90ce6232822137617d5c3862b92f1fbdf72,c765ffe24eece7131874f611d9e0f1905ed9bd8c59995fe7beb1447ea0ca9ca5
pm:vm:photonmelodies11.rio.004:426952928:00339872:01501,cvm,【武】「那不正好吗！只要速度够快，<0A>说不定连空中大翻转都能达到史无前例的四周半！」<01>,"[""四周半:阿克塞尔四周跳""]",layout_only,f7b8745b64db215da3c5edd0bd5bbd0102fb6c1facfeb29240b4cd7b0bd6a125,fc82dcd42dc1dae1eef3298fe7f4202c997cfd47248863012fa5d3eb53f39f3b
pm:vm:photonmelodies11.rio.004:426952928:00340104:01502,cvm,【纯夏】「唔……」<01>,[],layout_only,ec7bb7d9f7e4052c20d61e3740d909a140b81232abd87a297c5ee090ad1b4a5e,58a5d474308ba878229f19320432019a2763c6c9b4407105963fe880c1de1239
pm:vm:photonmelodies11.rio.004:426952928:00340148:01503,cvm,【武】「你看～，你看～……越来越想试试看了吧～～～～」<01>,[],layout_only,d7fccd95f08c73b3e698e2c628da9164b1af4349fbf7fb86842af844781d4a24,b2524050617cdf77649f0a6dee831ac31cff441d602120263fe47150d5cdc850
pm:vm:photonmelodies11.rio.004:426952928:00340204:01504,cvm,【壬姬】「……真能转四周半就太厉害了～……<0A>好像有点想看～～」<01>,[],layout_only,a648ac27da09c2d75d8ecc8b7ff521c0b58c76cbc540ec6f9d0f5a551f35e8f7,bbd001d65a1101176d179cbdb26cfc10058a91fe475ad8a7f0c671d7fb8b843f
pm:vm:photonmelodies11.rio.004:426952928:00340384:01505,cvm,【武】「霞也想看吧～～？」<01>,[],layout_only,ba36ebadc77cce1709cc3b536eaf7adf4b547f184f634fb7e4e4c41d7b36e964,d0349d8bf198e46aef1b4851acc0b6361f06589debea174cbfd7ca2e7d8422f9
pm:vm:photonmelodies11.rio.004:426952928:00340748:01506,cvm,【霞】「那个…………」<01>,[],layout_only,a25bf2ba7ce94d9589b03a7a046be4eb3496c402e92420b9a193368c9b1a7a1f,96fc1cc90e1c7f440ae7a2ce24b259b4cdfebb51d45a43b1e5fa5d07c9addcf8
pm:vm:photonmelodies11.rio.004:426952928:00340792:01507,cvm,【武】「很厉害哦？会在空中整整转四周半哦～～」<01>,[],layout_only,04bbfbb02bc6b9565acfac83f9a3fa71ed5e73f7e75968a9ccd93d27f122f298,4c1d371953e34075f03ab271a294d1fcb93306e5083bc2b6750d15fb64ef9dfa
pm:vm:photonmelodies11.rio.004:426952928:00341224:01508,cvm,【霞】「……想、想看……」<01>,[],layout_only,c563ad87c87d03a5b79f539a8bef2f190ed6dd34a8cd64c0d93d381990a8f631,345ebfb54d52e5590788b12e6a34feaea0d632a5406d4bf3679db6d1c01e8509
pm:vm:photonmelodies11.rio.004:426952928:00341404:01509,cvm,【武】「能做到这一点的，纯夏，就只有你了！<0A>一切都靠你了！！」<01>,[],layout_only,4a657b3b2939d28866263b3b355c184dabdd0912af264e7684844deeb236eda7,bf45db505ba0c54a403df319806cacdb1a51277e4d49983b6b8272989dcfa801
pm:vm:photonmelodies11.rio.004:426952928:00341860:01510,cvm,【纯夏】「被、被你这么一说～～啊哈哈……<0A>好害羞啊～……没办法……<0A>要不我就挑战一下吧～～」<01>,[],layout_only,8d8fa322f26dde1ea82d7e0eab6953bbdac92c9aef7dcfe867492bd310606421,e3c456e63070ca56d69b17a284b4e0b0262926be2ff84cc65245938fc360caba
pm:vm:photonmelodies11.rio.004:426952928:00342344:01511,cvm,【武】「好——，就这么说定了！<0A>那我们马上去找悠阳或冥夜商量——」<01>,[],layout_only,0421c7f485b0ddbb43514d67662395773c9dba2d9f2f70bce828c6445a6f1949,a4416f565f99e49f2b168a1558b044204dcb5feb3a2e450356837bfc65c756f5
pm:vm:photonmelodies11.rio.004:426952928:00342708:01512,cvm,【壬姬】「啊……」<01>,[],layout_only,59d88feedb1805722515ecb68c1f4dcecdcd038e53b305fe9ae4bfd571c74499,ca2091876ad98dcc227cb543b50fa9b63635f06ed58cadc3d63cb302414dc49f
pm:vm:photonmelodies11.rio.004:426952928:00342888:01513,cvm,【武】「……怎么了？」<01>,[],layout_only,306f9a7bbf9e21ec4093ce748138482d3efb3225b2af3dc43f17b3f7796e0ae5,a4b40f3e734b2d6945caf0d567688071528f64d83faf79ad54a499dfc7daf2f9
pm:vm:photonmelodies11.rio.004:426952928:00342944:01514,cvm,【壬姬】「我说我说，马上就到集合时间了哦——？」<01>,[],layout_only,875f397c422a820fbf9e1b145645a3c4d623e21dbede33580c98aaf4fcccbe80,c7350a1004a4544731238609f1a115f3e2a281af2ec3d2affbc0a596cb39b641
pm:vm:photonmelodies11.rio.004:426952928:00342988:01515,cvm,【武】「咦？真的？已经这个时间了？」<01>,[],layout_only,cb417721610d62e73a28a723260efcead30cc9d4e9899897bf345dfec05740cb,7340f3d2cdc92cac6d9621dc5835c12b39c68e3a98760c8c5a5cf667778d5189
pm:vm:photonmelodies11.rio.004:426952928:00343220:01516,cvm,【纯夏】「毕竟已经傍晚了～……」<01>,[],layout_only,0a01ec80c2a8aea9b176d0b52682c5926ab9dbc13c92a936d52ea71200bfe2d7,c4b255f4c8b8d0d7e84e922c95a8e35d579d1d1ad3009b7f6de8e2ebff45b2e8
pm:vm:photonmelodies11.rio.004:426952928:00343264:01517,cvm,【武】「……啧，偏偏正到精彩处……」<01>,[],layout_only,9194033641a4df73fcf35468673fc3474ef2fd44d672fcbeee915aa8392879c4,8ff8bb364ca55f0c0811f7bd717a78c58039d2efdd96b1ab35ea6020144b80e4
pm:vm:photonmelodies11.rio.004:426952928:00343628:01518,cvm,【壬姬】「今天就到这里吧……」<01>,[],layout_only,82feb753186590052cf67f0e9f030b3b49e9acf22bdb107500b0acf524d66ccb,e17292027b3827f59d95a9610d0c8f5583f8144bcd4c245de9031379fdfa9bbf
pm:vm:photonmelodies11.rio.004:426952928:00343808:01519,cvm,【武】「没办法，今天就先收工吧。<0A>我会在明天之前和她们说定的！」<01>,[],layout_only,ee2b34736d7965be8b2ae54dfbb7959dfd954b86baebf1b3c00da294ef58b3c6,52a9344f738e4f751080daac31f9855cc2644bcf7c12654c0489995d5a8fb813
pm:vm:photonmelodies11.rio.004:426952928:00344172:01520,cvm,【壬姬】「嗯！」<01>,[],layout_only,b106869c31e55df616e1fabcd7a2d3fd16e73d7215bfdfd5d7daca1aaf3a3f7e,413fb7fdad7876fffec8e03c32b413fdad16222f06bdac9dc2d6d764d1da2b47
pm:vm:photonmelodies11.rio.004:426952928:00344396:01521,cvm,【武】「好——，明天就是四周半啦——————！」<01>,"[""四周半:阿克塞尔四周跳""]",layout_only,03986ec868c7e2aca0542e4a0dbd0ba2124e9542ae21cce289119c6bdad0af7e,7ecc79fdba46bd9e874e0e44391a2791df51ae58bb12dd5d654bf1382e8b2458
pm:vm:photonmelodies11.rio.004:426952928:00344472:01522,cvm,【纯夏、壬姬、霞】「哦——————！！」<01>,[],layout_only,145989ea2704785a784da145c9c7f3052dc44b33675a3c0a998c8263b196e4a3,f1bf12a9452874666de82657e1c028c20751161708ed05c084fd7d3ddfd746ac
pm:vm:photonmelodies11.rio.004:426952928:00345416:01523,cvm,【众人】「我开动了——！」<01>,[],layout_only,cf1313612c99592f4399bc2864715bcfdfff09aeaa5816e0e00172c8081174d9,f90584fb959897c0c30795bbe78435c3ac56351eaa42d2b41af10e48053d82ef
pm:vm:photonmelodies11.rio.004:426952928:00346000:01524,cvm,【众人】「多谢款待——！」<01>,[],layout_only,fba7bbb7a7f38a054923c6199cf3e2e2b239dbd37334a9c30f18ece43f9f6641,cfc0b4fe1a3f699ac86858c467e6020c4dd185352c03da84e6af23899b0b0e9c
pm:vm:photonmelodies11.rio.004:426952928:00346056:01525,cvm,【夕呼】「等……你们……为什么这么着急？」<01>,[],layout_only,d7885e18627ac77bf994c82efc545d95f70927fb6081cf999025b75a661d91e1,32458d2f3343b8c8efc8bb797104b2f9184dc96f6e3e0ad98134fbd7206bf13d
pm:vm:photonmelodies11.rio.004:426952928:00346512:01526,cvm,【纯夏】「那、那么！我，去泡温泉吧！小霞，走吧！」<01>,[],layout_only,29351f4608cc96e04c1d339230f8716586f590c5f0dc7779747d8cee26420ec5,cf8c33ccae4f5caf2c789b87abb998faa3545c757b993316f180964cbc0745eb
pm:vm:photonmelodies11.rio.004:426952928:00346568:01527,cvm,【霞】「啊，好……」<01>,[],layout_only,ec94239865f8a6624fe00688aa43f69ac73e624d47746a62908b58627b0fd392,af14c6a5230a389f6f5eaa15a7ccf86dc9f05a1b6ffe99a7a14a9d20355d3763
pm:vm:photonmelodies11.rio.004:426952928:00347156:01528,cvm,【冥夜】「这是个好主意，我也这么办吧」<01>,[],layout_only,b695553ca8656b7b976cc7cd478b76113f16a1dc93880feab78fd06898c68a23,a525804cfd103be0a6b2097994845dbaed570274f3b0db2a4a2984fe1ac68a50
pm:vm:photonmelodies11.rio.004:426952928:00347212:01529,cvm,【悠阳】「请容我也与各位同行」<01>,[],layout_only,8daeabd4dff9cbe25cb8ee5f7e76c8863e5e3de7202d53bf8a7278e9386baed2,94900bf5c3856df3150f1e4e1eb7cebdd27ac745ff6ea6b831542495420a9875
pm:vm:photonmelodies11.rio.004:426952928:00347376:01530,cvm,【夕呼】「干嘛啊——，你们刚才不是也泡过了吗？」<01>,[],layout_only,ee49df069c89843d34e0e567995cac75602b74503059512ea6ef6dc64b626095,11bb28d4e0f0bbfbc236ec0702274f70c4f13b0295ce41de4154d0aa873a9e51
pm:vm:photonmelodies11.rio.004:426952928:00347832:01531,cvm,【千鹤】「第一是温泉，第二还是温泉，<0A>第三、第四都没有，<0A>第五还是温泉——这不是老师您自己说的吗！」<01>,[],layout_only,b970ee24aef538104691e6c28237c1e3e1632a6f7b582de34af0c0bb7dc6e57f,64bd7278ece79b4e7624c05689e22aa311773aa0660ce6d124f4a2e08da0d118
pm:vm:photonmelodies11.rio.004:426952928:00348396:01532,cvm,【柏木】「没错没错！温泉真好啊～」<01>,[],layout_only,00121326d208f49d472dbae2d97cb9709644d8b34eb6f1455483e7d1e2f515a7,6724885b76d279f18087249386dfc62c223aa8aef4e9bc24e80cfa0c43a8e715
pm:vm:photonmelodies11.rio.004:426952928:00348628:01533,cvm,【慧】「觉醒……」<01>,[],layout_only,86287abd52723f4ebf61d38f340ce1e90246687328cf4d89769d010633374216,fae00d6f708f2911221b92c5d053dbb76e62da80da5c164de096d15aa7310818
pm:vm:photonmelodies11.rio.004:426952928:00348824:01534,cvm,【夕呼】「喂……你们怎么回事……<0A>像在逃跑一样……」<01>,[],layout_only,fcb9613d7810be8a31fbc63d0a47a73b1f5fb0cc4f27d519518888bf41d4258e,929fc43956e43be421bbd2d9baa50cfd541540c568e9073e3f2b3fd6a06f4512
pm:vm:photonmelodies11.rio.004:426952928:00348868:01535,cvm,大家也太露骨了…………。<0A>完全看得出她们有多拼命想逃。<01>,[],layout_only,a71ecea30d181221e985b939cd00502eeb4005877587ed742d66d9f2430e5275,8c63ab87164c1c6e5ebe96f8e5fa1f9d5d96d27467da78f9cfa14530c54eb1cf
pm:vm:photonmelodies11.rio.004:426952928:00348912:01536,cvm,【武】「好了，我也去泡温泉吧～～」<01>,[],layout_only,6021b4251973b89e418b40f75e57f02a8833c2c09f0acebfb81a303c20e31b50,a736a9607621431b694ee3c7057d4a7e16cab97591a203dfda6d38d6b8aaddc9
pm:vm:photonmelodies11.rio.004:426952928:00349280:01537,cvm,【夕呼】「白银……你该不会连你也想逃吧？」<01>,[],layout_only,379bf08585beeb95a5e3530b8f9745330e4558c887c85c2f9fad1cc4e4ffc76a,a359b9899380c08aaa87a509aec7728f336c460ac038ddacc8ffd3d615eca961
pm:vm:photonmelodies11.rio.004:426952928:00349324:01538,cvm,呜哇！<01>,[],layout_only,ee36080cb79061041fcedce95ee88590e41ecd408390e00d6480c431b4ce7fff,f4e00268f7f38ca4310fbf435eddc0e8bf4c9a6e6b745c26a9b9b85e14a1d46a
pm:vm:photonmelodies11.rio.004:426952928:00349368:01539,cvm,【武】「逃逃逃逃跑什么的，绝无此事！<0A>我、我又不能喝酒……<0A>大人就该和大人一起喝才最好嘛！」<01>,[],layout_only,a399f01856c1f1c5cf638c597bbb3b46fe3fc2c245042cc6bd874dd3893275f4,bd1d66960cb7ca66ff712c69548c03bef69f58511a2006501a13ccac25067a8e
pm:vm:photonmelodies11.rio.004:426952928:00349600:01540,cvm,【夕呼】「怎么可能让麻理茉喝酒！」<01>,[],layout_only,ddec9e6daf0be0426fee5cc10e9d5005ebc50b30c85201c8f7aee016fbafd869,e313a484538f9827d000b8f2d450dc4f72dabade94622fcebc01c9b1fd768a79
pm:vm:photonmelodies11.rio.004:426952928:00349832:01541,cvm,【麻理茉】「为什么啊！」<01>,[],layout_only,18ddcf9fe42f6f31e9291c4dd03126802685c7e44921a7ecb2848adbb89a63a1,38098950ce858717653cb0e248cd07c28b6d2b16cb49a6b892fddbd593ed9c22
pm:vm:photonmelodies11.rio.004:426952928:00350012:01542,cvm,——你没资格发火！！<01>,[],layout_only,d3305c345ce9c38fd4bc257499319016fa1d222af20823fc1f25338c7703a557,caa30983cf3f3dfbd9253aff43253aa2a359415761dbfb9e5323e48bb6ea7ed6
pm:vm:photonmelodies11.rio.004:426952928:00350192:01543,cvm,【武】「还、还有别的大人在嘛！」<01>,[],layout_only,97e8b6025cfe00a2a6662bf07701daac986aff5d7e01f99e115e9f731ac7804f,17ed5c70da0aeb675fc35abffba0538ccc813a1e2457a9101f5e3b05228ead3c
pm:vm:photonmelodies11.rio.004:426952928:00352076:01544,cvm,【伊尔玛、皮亚蒂芙、沃肯】「咦？」<01>,[],layout_only,ca6e95ef0dbf605d1ccdc696b61a63668124c23b1e8f153d1c022f87f837fe76,c0b85bc1a30c3e4d9698e79e9c0cfed22a1127f9ab1715b7be95331fc682b9a6
pm:vm:photonmelodies11.rio.004:426952928:00352564:01545,cvm,【武】「好像啊，几位老师，<0A>说想和夕呼老师比比谁更能喝哦？」<01>,[],layout_only,4b36221561be6f68a3e1868ebf548c06357fb523f1065e5b36b26340042c03a9,43ab6da48cb7e7574c42b04e0d101aa49d4850bef2aa5c0e7ed78fa0db72193f
pm:vm:photonmelodies11.rio.004:426952928:00354448:01546,cvm,【伊尔玛、皮亚蒂芙、沃肯】「咦咦！？」<01>,[],layout_only,ed6dc6931bc1bf01b20200a3763450dcb516bf797341f8916659bcf68344bee4,4464ed5ea4c4ac2668a5ab28aa4a54888187c75cf7af73174ed3ef1c6f41f76c
pm:vm:photonmelodies11.rio.004:426952928:00354988:01547,cvm,【夕呼】「哦…………」<01>,[],layout_only,14b73c07f8def1e29c9880bd1bd109db547dcd27682acafee9b602a789159b1e,43ea18a312cf4b19426978bf257bd3719629ae27251f09bfe0afa8ee54059193
pm:vm:photonmelodies11.rio.004:426952928:00355576:01548,cvm,【伊尔玛】「我、我也正想和大家一起去泡温泉呢——！<0A>坦诚相见，非常重要呢——！」<01>,[],layout_only,5b0d845bb0d65ae439831974845d699d4c4b32b5126f0a7e2f31a497f4e0a746,49faf90288c8257dc93fa64e8cea934f70416c616f1c0d89d114ce3b60eccde7
pm:vm:photonmelodies11.rio.004:426952928:00356088:01549,cvm,【夕呼】「…………」<01>,[],layout_only,fb3c79601df2efbb474f7da132ca7331a95b300e2a0cc2f3d8b462af944bd74d,20c1f54c8b656dcec986b98d909dce861452315afdf5e006f07b131424d92170
pm:vm:photonmelodies11.rio.004:426952928:00356676:01550,cvm,【皮亚蒂芙】「我、我啊，非常喜欢，<0A>日式浴池——！泡多少次都不会腻呢——！」<01>,[],layout_only,e3b0ac23654619670d241abb118a8f6745c0f57f1a62797401f03cc8b6cd7f0f,032b3fb9a8bff4259d790a455c1feba0359c8dcb8b8f678388b5739a60e9609a
pm:vm:photonmelodies11.rio.004:426952928:00357188:01551,cvm,【夕呼】「………………」<01>,[],layout_only,4bf0ffaf9a9765131c906ba025ca24f7b722abbc767ca9c07a8b4c016661d083,20c1f54c8b656dcec986b98d909dce861452315afdf5e006f07b131424d92170
pm:vm:photonmelodies11.rio.004:426952928:00357776:01552,cvm,【沃肯】「我、我也一样！以下同上呢——！」<01>,[],layout_only,ec928d5b169a03e9eaef734e1c6bb3032fb64c930b928e9e1060daf37807f112,d63fece6a7cd97e3a38f4182dae514b0d94aca19b4b5bf584334204a00d0add2
pm:vm:photonmelodies11.rio.004:426952928:00358288:01553,cvm,【夕呼】「……你们真以为能逃得掉？嗯？」<01>,[],layout_only,5c0e1d2b566de61b8795843357a987f20b652fd138949a062db44c634f0d9854,06b090136bf142041bdc3be2e9c977d6b8f4ce3d988eecdaedd47aa4fe68d68f
pm:vm:photonmelodies11.rio.004:426952928:00360180:01554,cvm,【夕呼】「也是啊，白天让你们帮了那么多忙？<0A>这点服务还是应该给你们吧」<01>,[],layout_only,2d2ea81f50d5d7ac83a72f47d36cd0515797e1e416062f7263524e2c0f328364,314729015a41ff09acf2538195b248605e47baab57e5fa9fda7286add76b2cda
pm:vm:photonmelodies11.rio.004:426952928:00360704:01555,cvm,【伊尔玛、皮亚蒂芙、沃肯】「不————————！！！」<01>,[],layout_only,8a80a912bb99e379f14644bc83d337e0ffaadac7418d0e3255070270a37d6af2,b57678e65f611b6ee6b99be254c1855dcc926bb404dcbe77cb36eaee1695e140
pm:vm:photonmelodies11.rio.004:426952928:00361008:01556,cvm,【武】「——呼……呼……呼……！」<01>,[],layout_only,8beda81f0f923622225395da689a382beec96e920194e93ee1dcc015518d8b6d,32d0ab0580d5f30f2992ed4900346c7fe744772272c111921f8b316c4a350735
pm:vm:photonmelodies11.rio.004:426952928:00361052:01557,cvm,危、危险危险……总算成功脱身了。<01>,[],layout_only,1f2a97cd519eae95a724331071e6a1cc6f7bb1885ff31844908ad9d581c26373,db03129fe19931d7a38da19e5566d2a0a597a7668b034632197d60ceb0c25559
pm:vm:photonmelodies11.rio.004:426952928:00361124:01558,cvm,……话说，大家都去哪儿了？<01>,[],layout_only,eaf13530dc6eb95d6f53d36be8393ecf912f3efc1f609475a594b83edcb84fa2,cb38815b894b55f44efee56387f0a769e654fbd83c1e2155c10bc57c13a9735f
pm:vm:photonmelodies11.rio.004:426952928:00361200:01559,cvm,明天特训的事，本来还想和悠阳她们谈谈…………。<01>,[],layout_only,e08da326d512ffee01e5dd8b194ac98d9767e667c56981297f14521e43ec0d9b,c905d1e896295ed1437816f32f1aa876841639b34f351b37d2a4f940e9476457
pm:vm:photonmelodies11.rio.004:426952928:00361288:01560,cvm,【声音】「武先生…………」<01>,[],layout_only,a7452b0c8fddcdfe6f06d39986eeae8bb1ce91fa0e8530131f0715bd7ca533cc,5ea6770bb4f321ea5eb4adf6213b168e91b923d80c764e92d7c86b1b974d4b8e
pm:vm:photonmelodies11.rio.004:426952928:00361644:01561,cvm,【武】「啊，悠阳」<01>,[],layout_only,94cb61b705d776567dd296183b85610d8a42423e805213168271d0d8eadc5577,4ca39ae625ef9590096e3d4b154c34b4ee07682b0a329c6898e5efabfa2facde
pm:vm:photonmelodies11.rio.004:426952928:00361688:01562,cvm,来得正好！<01>,[],layout_only,1146c3bab50c6011bb9731b52dc9019d7b0d5f14befbe7ecfaa57658f089eab3,1834225a2b5a1921d66a9000b55de29940a7f29b423fbf62b506d30ba4485653
pm:vm:photonmelodies11.rio.004:426952928:00362056:01563,cvm,【悠阳】「武先生，我有些话想与您说…………<0A>能否占用您一点时间？」<01>,[],layout_only,7ae1e9f645626b6c7e54da2abe89acb8346e74fc24fcf66543cab3692d2b9717,c65aeb2aae4eeef10495e896c3ab26ab102aece5c0f82e9bfbb4d6d4948c3f6b
pm:vm:photonmelodies11.rio.004:426952928:00362100:01564,cvm,【武】「咦……啊，当然可以。<0A>我也正好有事想跟你说」<01>,[],layout_only,6812e1778e84bfe474fdb5cc430936e88776fded10c4e97ac6d47599047f03f8,d69e6f1ff4e04740a316b21d01eedcd7dfbbec69a32baa74f4c3e2e2a2321990
pm:vm:photonmelodies11.rio.004:426952928:00362332:01565,cvm,【悠阳】「莫非是，关于明天特训的事？」<01>,[],layout_only,184ce4902cf618c5380d88dbc26f18075466a0b64590e05fae2daea24e581ab7,7cc7071ea333468fe05eb3d5a6cef7e96d9deb01eefab197fa125902cff6bb2a
pm:vm:photonmelodies11.rio.004:426952928:00362376:01566,cvm,【武】「对对！你也是要说这个吗？」<01>,[],layout_only,4416588760b395d20ca103714bd48bac00ef93d3412327dfcb4ed2c950897adc,cf602776b96f1aa11eb33daa1e83f4413fbf0f35c5157f01c8507ffe01e329be
pm:vm:photonmelodies11.rio.004:426952928:00362608:01567,cvm,【悠阳】「是的」<01>,[],layout_only,9dca1f718e00ffa26f6e670e0ccbda2a9f17944fd0eaa845a813639477ead579,8385319565b44356c1173c7249210cd37130483aea754ecdb9c57e5b7fe535c5
pm:vm:photonmelodies11.rio.004:426952928:00362652:01568,cvm,【武】「那，你先说吧？」<01>,[],layout_only,6494be43447aa0bbb50ee69426614c110a1ab5c7a44018e1e25d56170813780e,c5fca52165d83f92d38ebdaba79de1607a58562c6a1c855e35687e893dfedf94
pm:vm:photonmelodies11.rio.004:426952928:00362884:01569,cvm,【悠阳】「那么……关于这件事……那个……」<01>,[],layout_only,83587f243d5cefc14876e7c59c12b85a78acec5764686e16e4d7e6a36ab89ec5,959bc166fb26b2f904b3d02e7cb2d7fe458dfbf9c1d5cfd627e40025f9f78f04
pm:vm:photonmelodies11.rio.004:426952928:00362928:01570,cvm,【武】「嗯」<01>,[],layout_only,1a84c84e8e000e78fd19fbe6b7dd990a34dbdafadcbd3fccfacd8b12ad9d61f9,baecc15290c09f52b1708c214e16d7ac9efbfb32d8e9dc58d89ce4e1d50ad83d
pm:vm:photonmelodies11.rio.004:426952928:00363160:01571,cvm,【悠阳】「这个……」<01>,[],layout_only,9862b897a5c7e0f57974c35c198031b6a8a7ecbf871dc6c50ddb29ba9e730336,cce37a68de861ded8070e4bf6d2fd8858d588abb88763eb31fa19ff19d93f6aa
pm:vm:photonmelodies11.rio.004:426952928:00363204:01572,cvm,…………？<01>,[],layout_only,4cdafdcd2b4640c6b0ed414453eed637ac54dfe378c1f0d8bca6127dd76f42d4,8701c23e01179edccad1ac3d9c85b029cd6a825c01e165cc7d1d613de9504098
pm:vm:photonmelodies11.rio.004:426952928:00363248:01573,cvm,【武】「怎么了？」<01>,[],layout_only,046168ceafda7f97ee7366f0e4c3f4f7897c2ab4777feffca3d15506bd63f7ae,61d8ff12ba8abc06b6a378cce902105e746d7fe28f779cd4ef4eed135ebcce18
pm:vm:photonmelodies11.rio.004:426952928:00363504:01574,cvm,【悠阳】「…………武先生，我，接下来要说些任性的话」<01>,[],layout_only,55584201a6168b2e4efcac6afbc0e5d9f4cd1817a2ee5effe57d2580c9b8124e,c2add199463242589eebeab1d73bbc5f4e70ab94bc52ddff968783a0ea531139
pm:vm:photonmelodies11.rio.004:426952928:00363548:01575,cvm,【武】「任性？」<01>,[],layout_only,dced6146640e57a3461bfee7d681e5e6aaa1dcb3dcbc94dd6a176217fa0174bf,cc1f42f2247a10e0147c5d83f93969f4da6284f91c157c7ea77ef8fbab2ed49f
pm:vm:photonmelodies11.rio.004:426952928:00363740:01576,cvm,【悠阳】「明天，能否只和我单独进行特训？」<01>,[],layout_only,1dd82317dcacac3503a4e7070a3309eb4772d41900a87beb568f93d080d607f7,a132394d01206e0beec8312bbc228ed9a892346278b19e5a456b9efe6c4de4ed
pm:vm:photonmelodies11.rio.004:426952928:00363784:01577,cvm,【武】「咦……？两个人？就是说我和悠阳？」<01>,[],layout_only,2cb9a8ef7cc399ccc39c508fb23cdbfe5174b33530e8a8f48a1a71fde584fa4c,3540ce22a0e75650bcb8d90693e6186ff38987c1ef9f2187cb772fb8c1bb3028
pm:vm:photonmelodies11.rio.004:426952928:00364016:01578,cvm,【悠阳】「是的」<01>,[],layout_only,9dca1f718e00ffa26f6e670e0ccbda2a9f17944fd0eaa845a813639477ead579,77e292fed17f711f9a693142ff352546c656a49ebe3f180702b1c90b2018f6b3
pm:vm:photonmelodies11.rio.004:426952928:00364060:01579,cvm,【武】「……冥夜呢？」<01>,[],layout_only,e862192c9a5062881820de34575a40104d83dc808adbf320fcca635c706fcf70,5a15153522e57478a4567fff210c811225c8a70829d1523f23045eef40ad123c
pm:vm:photonmelodies11.rio.004:426952928:00364292:01580,cvm,【悠阳】「这件事实在难以启齿……<0A>此次特训的方针出现了分歧……<0A>我们始终无法达成一致」<01>,[],layout_only,bc17a51ae8f667e445dd424d360cf00907eec419860599616512cf2bd8a42798,437bd48f5a47d6adb1b2b7cfebc21a8c582070c2c2a08c74250666e08edba535
pm:vm:photonmelodies11.rio.004:426952928:00364336:01581,cvm,【武】「这……难道……是吵架了？！」<01>,[],layout_only,45f14c73bf2b5e911ed669b2aafeb262e516fd85b72dcc9028e4086cd4bc5533,c98cb313cae961dd2c88367b613f25c2eb98abe84df0aadb5fe26241f5076292
pm:vm:photonmelodies11.rio.004:426952928:00364568:01582,cvm,【悠阳】「咦？啊……不，并不是那样，请您放心」<01>,[],layout_only,8aff3ad68e21a651adac5ffbe338092367fd398bdaa90451e34a4be02f00e442,533ffeb7a9a9629e9739a5c5883f015f56b3e16d23ff5816b5ff45c4a32a065b
pm:vm:photonmelodies11.rio.004:426952928:00364624:01583,cvm,【悠阳】「意见不一致本是常有之事，<0A>但这次不知为何毫无相互退让的余地……」<01>,[],layout_only,25c824fbdc616e6a58d6b8afb5f2acef0edec281484ea2bd1f312d0b2a1c9622,a4f3b5de3f305ff298c35e3e58909bac54c32ecce5b3ab2ab2f78630a52231ca
pm:vm:photonmelodies11.rio.004:426952928:00364668:01584,cvm,【武】「哦……分歧是什么？」<01>,[],layout_only,e68e3f393c9b190dd35e0cbb38f2b6145816cbe28963281e00ac500cf14cf356,4a1fdf2c51c7803b4b78ee5e2a57184b868f672a1cf9a628a84ab2a87a7f6487
pm:vm:photonmelodies11.rio.004:426952928:00364900:01585,cvm,【悠阳】「简单来说……冥夜的方针有些过于激进」<01>,[],layout_only,ea4ced517bdde48de27b6625b2ba276e080b9377ba0c4dd5b7061edfabd59a45,58ae5d909c232b8966fc02fefb2e7292bbc5c20aa75d13626efd265f615bcd99
pm:vm:photonmelodies11.rio.004:426952928:00364956:01586,cvm,【悠阳】「我认为无论如何都该从基础着手，<0A>但她似乎觉得这样太慢了…………」<01>,[],layout_only,a41cefd3d0b6244c946a018352a4f8b8ce1525241c3f6e33953ee0a765a8adf1,9989a7d049f7132c38545c89f102846aed9e1b27acdd4bc61c30e4db169a5efc
pm:vm:photonmelodies11.rio.004:426952928:00365000:01587,cvm,【武】「可是……这不是和你们白天说的正好相反吗？」<01>,[],layout_only,b01f2c7ce9cbb67e7a402436aac9a7d8bb06d75c233e9aa93bc6fbd5e7c66992,31646513439bcff275a242753f48417936038021fcd0ce2368bd3275160dab83
pm:vm:photonmelodies11.rio.004:426952928:00365044:01588,cvm,我记得，想把我从儿童雪场带走的是悠阳，<0A>冥夜则说要先在那里扎实掌握基础……之类。<01>,[],layout_only,ecdf2ea5ff6d1f9da4ff2b0b78d3697a4f8226ef7c4bf5467ad778ec0a33f25b,73966be3bf3be778fb737473591885f9b203affa34f03e489c5adacc8d94f044
pm:vm:photonmelodies11.rio.004:426952928:00365276:01589,cvm,【悠阳】「不愧是武先生，您记得很清楚…………<0A>正是如此」<01>,[],layout_only,8f44148bae5425a73952e0b19d188442b1b3af86d841c31a32c63b431784c8e2,450526f27b19f8d1e4bb2106111a8dfb01b7334149397f853610f544bbf9e723
pm:vm:photonmelodies11.rio.004:426952928:00365320:01590,cvm,【武】「对吧？」<01>,[],layout_only,f68724303ea1c75d44bc8dc26d567528f726f8f63b718c4a611b1fc15e5be92b,4d7a5c87a0c9bd664ea0bc6773b43afba1ec9ceab143a9ac4d67457963868dad
pm:vm:photonmelodies11.rio.004:426952928:00365552:01591,cvm,【悠阳】「不过，那是因为当时的目标本就是掌握基础……」<01>,[],layout_only,b4afc336c6d488298fd7fc30f957d8cbec8aeebaa1e27fe5746c6dfb6d42dcc9,537a4f38cbfe14166f0f0a4be5f2ebc15bcb39061078b4f1765d2c0b80404e50
pm:vm:photonmelodies11.rio.004:426952928:00365596:01592,cvm,【武】「啊，原来是这样……」<01>,[],layout_only,d6b27734caf8f868611553c8357eb0ec9cc644302a725225121ccbd8d3eee02a,74e851d4f73974da3b1b0074f64f9879f8906d1e94441e6ac4f98f589fa88a20
pm:vm:photonmelodies11.rio.004:426952928:00365640:01593,cvm,【武】「不过，听你这么一说，<0A>就算你们主张有差异，<0A>也只是小小的误会吧……不是吗？」<01>,[],layout_only,e6a6e531f14e294cca583cbb56445b9c639f7feaee9633e6fabfd77a65b86550,018327a46282fe7686a317aeff5b2502979426dc5dc39e38825e5fbb646848f8
pm:vm:photonmelodies11.rio.004:426952928:00365872:01594,cvm,【悠阳】「正是如此。<0A>我与冥夜主张上的差异，不过是不值一提的琐事。<0A>严重的是这会对武先生造成的影响」<01>,[],layout_only,482da4f8b20983c13ad2014c43c3a0794a5164e0f7dcaeabff39621c12411ba5,10560f96b8aa444f83d24d7f6f9265129a4f1324f332e29c7986f05613274717
pm:vm:photonmelodies11.rio.004:426952928:00365916:01595,cvm,【武】「对我的影响？」<01>,[],layout_only,2444d0e3dd3f3bee46f0aa322adeb83a43106a2ed66d1003acef78b7bed64518,e5321d39ea20977d423d6c83343f636ae1eee3768a37e76f691f34d3561134f2
pm:vm:photonmelodies11.rio.004:426952928:00365972:01596,cvm,【悠阳】「此次之事，情势紧迫，<0A>而且多少有些鲁莽，想必您也明白——」<01>,[],layout_only,a97e006dbbe1647fd3d1ded8e5214b117647b747de63e6b27f836484276e3afa,3254624ae90f05235bbdaa928fae86ffd9a00dd713d9fe3b0a4e1cb05ae3baa8
pm:vm:photonmelodies11.rio.004:426952928:00366016:01597,cvm,【武】「……对不起，给你们添麻烦了」<01>,[],layout_only,685347af2b041454f121d6bb61c43d716c3eff9cd4e25d6060a562449d1a31a8,c07408d809f043383c24d18e665577115dc3a78698ac13227ced392b6dd88ed1
pm:vm:photonmelodies11.rio.004:426952928:00366072:01598,cvm,【悠阳】「在这样的情况下，<0A>即使只是细微的方针差异，也应当予以忧虑」<01>,[],layout_only,9530a41e659afb8599d8ad93071ccc46d9523aa9ffe9e53602a87681f2ade989,8b95f7a67f532cf7ddb870ad72f0f466255a517050d10cdb832a9610ebb57e51
pm:vm:photonmelodies11.rio.004:426952928:00366128:01599,cvm,【悠阳】「这不只会无谓地迷惑武先生，<0A>还可能造成徒劳的时间浪费」<01>,[],layout_only,018da45affd8ee09b6c2e3794b68af2f7794e54a3d33c9c1c31c5f74057be90b,f8b95f5d2ad3cf9ff46bf2733bdd2a1532b04a52ed6a9dfca761554a18d679a3
pm:vm:photonmelodies11.rio.004:426952928:00366172:01600,cvm,【武】「啊～～，说白了，<0A>就是与其两个人一起教，不如一个人教效率更高，<0A>对吧？」<01>,[],layout_only,ba8705eaad95becdf49e8432c600baa8999640d46f6a32da5b038d2c2f2356b5,3b4b2b1f45427a0968795cd8f9ead33c58ca064693778b7c30cf3dc61fa10037
pm:vm:photonmelodies11.rio.004:426952928:00366392:01601,cvm,【悠阳】「…………」<01>,[],layout_only,cf8055a2bf7ca517121f0df4f6e9cb27cfb09e51c2a729ceabd2ff965136eedd,596cbe5acd9b31ef237a2ad0643688ea2ec23e26e6262f3786f2c9204fba795c
pm:vm:photonmelodies11.rio.004:426952928:00366572:01602,cvm,【武】「所以，悠阳觉得，自己的方式比冥夜更好，<0A>于是问我要不要和你一起练……对吧……<0A>咦，你怎么了？」<01>,[],layout_only,a011845a821b069c76989567c236133e6c110327920592570754481013b50324,ba9b36486089e47a21e1c4d667d2a4ef4c8036930e7f47f9fa331be23bcb2d57
pm:vm:photonmelodies11.rio.004:426952928:00366804:01603,cvm,【悠阳】「不、没什么…………<0A>只是觉得自己很惭愧…………」<01>,[],layout_only,7970f6d2157861aa416b90d47f2a42276428e7a187048c597d9270b7fc58d79b,2b17b2be2a5e60a19daaed3499d382e389d798a37bf49e0c4a945a8269c330de
pm:vm:photonmelodies11.rio.004:426952928:00366848:01604,cvm,【武】「咦？」<01>,[],layout_only,77e63d069d95aabd948bf49f0d1875e61a92335dbc417006761d81674ec8c185,7d49adc5db476115fbf52b7b853b9cfbd704b0d626986524fc828391acdb4d6f
pm:vm:photonmelodies11.rio.004:426952928:00366904:01605,cvm,【悠阳】「我所做的不过是抢先一步而已……<0A>却还拼命想让它显得正当，<0A>我为这样的自己感到羞耻」<01>,[],layout_only,86b1948216e6f10664a437bafe2d28a4813fb810e86ba0533cba42a31115b620,94fa9930b0e2d0b882b61533d975504072598d4786d5fe5a9ec5e9beee7c27c5
pm:vm:photonmelodies11.rio.004:426952928:00366948:01606,cvm,【武】「不……可是，所谓正当化……<0A>你又不是在胡编乱造吧？」<01>,[],layout_only,74a4331a0b7ea0134a98592887e6785ebdfd2819915738c79c9213fc8a8eaabd,41b67e606554985d4be355ecc9a4f709476a1e45c1a6d2698d6634368e567655
pm:vm:photonmelodies11.rio.004:426952928:00367004:01607,cvm,【悠阳】「可是…………<0A>为了掩饰自己的真心而搬出这些道理，也是事实。<0A>…………武先生对此感到不快，也是理所当然吧」<01>,[],layout_only,84cdcd4a89f1eb83e77c2ce83f0ab2de5f66a274e9e2df248619980656780467,4e610584f20a6ecf9befcb108c7b5ac169d2deb87c83e747f5af1eef551473f4
pm:vm:photonmelodies11.rio.004:426952928:00367048:01608,cvm,【武】「不不不！完全没有这回事！！」<01>,[],layout_only,549910b1d743148a794725ef63f4e3e0129eea20e08c7fd18ed316ee74aa418b,7eefe1a520b6af87dc2f0d63d3250831be2cff560c42a578fc84c4ad74e9dbb3
pm:vm:photonmelodies11.rio.004:426952928:00367092:01609,cvm,我真是个笨蛋～。悠阳不是一开始就说，这是她的任性吗。<01>,[],layout_only,5e25ecf877de64b1a0ab7cf4433b4616f4e4be64cf4eda166d8aa27561edf171,b01dd643302937a4a03cefdc56e071d964040aca26a71e565f90860bd1a30454
pm:vm:photonmelodies11.rio.004:426952928:00367136:01610,cvm,不管是抢先还是别的，她确实为我考虑了这么多……<0A>我又何必让悠阳为难啊！<01>,[],layout_only,b2eba5ee53ed6834cca9e405935764e20e0d18ca424a21c7284a34ee6ed31459,5858344db978f76b5a1ec2b02e3f92c7e94721a692a56e21beefbcce0675983b
pm:vm:photonmelodies11.rio.004:426952928:00367468:01611,cvm,【武】「好吧，就拜托你了」<01>,[],layout_only,c7e6b7c33c69d624f93a2b59c3f7e71245652908c4032dc75b295e42172743f3,6c6ea7a9677b397e89c8f27ffd5b8a22e7805b56ada06ed384167b8a034ef05f
pm:vm:photonmelodies11.rio.004:426952928:00367792:01612,cvm,【悠阳】「咦……？」<01>,[],layout_only,6d52ba2927986a30e78e5fd7199e9c61f38f37eb5e219330e2ff6eaeca164c1d,f787b45c2e7100a27fb7541f38a19211fb05f7b7ef7ad9624071621ff33e9f9c
pm:vm:photonmelodies11.rio.004:426952928:00367836:01613,cvm,【武】「不管你的真心是什么，你说的可能没错。<0A>两个方针不同的师父，<0A>确实在这种情况下会有各种问题」<01>,[],layout_only,4da2bbdcf2bd7b4bc3e814c8ac9515aaf69e337d87abf70e18e61f711f25bc7f,569596932774203d404ad822ef4a1271808a4ac1f44bfc2af3a368755779a5c5
pm:vm:photonmelodies11.rio.004:426952928:00367880:01614,cvm,【武】「但让我来选择师父，也太不自量力了，<0A>而且你邀请我，我也没有拒绝的理由」<01>,[],layout_only,32a20332e3d2eb47a324e13913a1ac1dccf9dd65a663810c18a6aecfc0cae1fd,e0c9d07c590571b999140ad8a9552e7da09b05b3fe26ba85880fdd0498e1faee
pm:vm:photonmelodies11.rio.004:426952928:00368112:01615,cvm,【悠阳】「可是——」<0A>【武】「而且啊——」<01>,[],layout_only,bb8d87af059dc72936d6d40c00115c316c05915e8cc3d23d615c29d797d6120c,0f90150e67b8853a1bbd131434f19812478a345ba566987a0d2d7a72e0452f09
pm:vm:photonmelodies11.rio.004:426952928:00368156:01616,cvm,【悠阳】「……」<01>,[],layout_only,f293402233a128cbd4ae3e7d29fec0ace6a29053acaef0816ef0c960e3044a6a,596cbe5acd9b31ef237a2ad0643688ea2ec23e26e6262f3786f2c9204fba795c
pm:vm:photonmelodies11.rio.004:426952928:00368200:01617,cvm,【武】「抢先也好，正当化也好，有什么关系。<0A>这些说法不太好听，<0A>但人不就是这样吗？这不是很普通吗？」<01>,[],layout_only,38b42c4eb43930fff9c625e0cb22ecf186be0a8cf8fceea8eb005d5b14948bae,e06bd8ad34df275c0846daecc76efabdacae5dffcfc094dae25e0107d24fe0d0
pm:vm:photonmelodies11.rio.004:426952928:00368244:01618,cvm,【武】「你没法彻底装糊涂，<0A>最后还自己说了出来，<0A>说明你还差得远……」<01>,[],layout_only,8f99c82e76b34ed104046f60d341bd0bab6cfa7eba77f5ea7405533a6384ce48,f2e1e047101249ba7d0c64db202aa8e626090f483d4621cd2254612433a90431
pm:vm:photonmelodies11.rio.004:426952928:00368288:01619,cvm,【武】「不过，哪怕只是一瞬间看到了你的黑暗面，<0A>我反而有点放心，或者说，<0A>有点开心……哈哈哈……」<01>,[],layout_only,7613da2db2e54e9c7449c369e3b64afe26d163a808479683c7b73f89e55b7f70,3114f9487fc5c9d7af93a87586fdbe533b8d40e30a9b5e7db71de5a81dc132e3
pm:vm:photonmelodies11.rio.004:426952928:00368520:01620,cvm,【悠阳】「武先生…………」<01>,[],layout_only,b0a572a68264287aab314faf1bd6774dd04c8d18aa49d5e3126db5f7c9694519,d487f776639ec5d1ae622df61a4360af49a57347faf67810f4637baeb1d1f7a3
pm:vm:photonmelodies11.rio.004:426952928:00368564:01621,cvm,【武】「要是连这都要说NO，那我该怎么办？」<01>,[],layout_only,6255a96ac5717048cda89489ee4e7778e8613f81df51228985fbd6915f0803f8,b940cb3d8a8da68cc82c57845b41a1d9a118a80551c775714e49a96600641f21
pm:vm:photonmelodies11.rio.004:426952928:00368608:01622,cvm,我做什么不都是先把自己的问题搁在一边？现在也是。<0A>还在这儿摆什么架子讲大道理……。<0A>明明一切都是我自己种下的因。<01>,[],layout_only,339a079c225b6838a0666cfcf82c86f3a7f9532ad7cf5d3aeb37a12799a589dd,504f403823bc665867c073878f12586e6d6f910ebd0ebd05492c617d5eba95b7
pm:vm:photonmelodies11.rio.004:426952928:00368664:01623,cvm,【悠阳】「您能这么说……」<01>,[],layout_only,421aec69d1c9d283012d0e822020e8dcb3627563fe86939c50c66b32c239bcff,d2692c3a49ac7de373aad0e9287427588e310a26704818e09a890f3f282ef3f9
pm:vm:photonmelodies11.rio.004:426952928:00368708:01624,cvm,【武】「总之算是近水楼台得利，还是该怎么说，<0A>我也不知道，<0A>但既然聊过以后，结果决定由我们两个人练……<0A>这样，不就好了吗？」<01>,[],layout_only,43bad1e08ed2479b9dcc0893e9693cc6304f6ad4592c2ca28b29e34fafc042d9,96454ef920559fd6a072861c40afd09979c7c61308b6db8dd13fbb285c39affa
pm:vm:photonmelodies11.rio.004:426952928:00368752:01625,cvm,【武】「不过……对冥夜多少有些过意不去，<0A>我觉得还是得照顾一下她那边……」<01>,[],layout_only,9b3984fd82ab3a53a236a4ed21cfb4dd2943046f98f0eb36f317d3820aa53c39,785305144815ed7279183c67d331318fdc94293679361c11601119757391a643
pm:vm:photonmelodies11.rio.004:426952928:00368796:01626,cvm,老实说，我觉得应该把一切直接告诉冥夜，<0A>也想这么做。她应该也在为我考虑……。<01>,[],layout_only,e082a4a00bf82b4c4b20a08489144ece3e9e35e23a7b35937d70197e9041924f,311190b6bdcc8c10dcb75e7da4670cb81cba61dc533b5b811641f73e8d4b5662
pm:vm:photonmelodies11.rio.004:426952928:00368840:01627,cvm,但这是姐妹之间的事。或许有些我根本无法想象的东西。<01>,[],layout_only,e3f5dee562d3fdf55f2fd9a6e77dab41ff0bfd1becbb0d5dc6666fb06dd899e5,15c6bbe9ac33edb4828cf29d091a2801c3f61311942db48d7e5f56e08de254e7
pm:vm:photonmelodies11.rio.004:426952928:00369072:01628,cvm,【悠阳】「那您无须担心。<0A>后续一切都由我这边，妥善处理」<01>,[],layout_only,2cb7a8b8bec70e9a7762468fe3894b865df8d7a0d8d0c0e828c25e1620e2993d,c6b319079fb08a9a4ed96820be48838e9622f0e6169d150375289a228ff1c4c0
pm:vm:photonmelodies11.rio.004:426952928:00369116:01629,cvm,【武】「没问题吗？」<01>,[],layout_only,063792b95cb8199b58bf30ccaa1eae767d7c45a8f39a61c7b60f266e6108da3b,ecba785dda845c1954479bc671a782f08081a389e4e614923a43f4d4f2b082bc
pm:vm:photonmelodies11.rio.004:426952928:00369172:01630,cvm,【悠阳】「是的，请交给我。不会再让武先生为此劳心」<01>,[],layout_only,8f24a20998984fbddaaa2ad5eda03e32aa973245dff061e6e10feed3f2176479,f6914d3dc083884dd9a7c0cf8d2720bf5b0427534950ced18238771825ea2c8b
pm:vm:photonmelodies11.rio.004:426952928:00369216:01631,cvm,…………既然这样，那就好吧。<01>,[],layout_only,fe12d79be29cc4419c00bdc5548d9752a06d3aade9de5d4918f0050f073cecc0,2cc55c9286f365520c757bc95862c4982c598cadb4784273f251c9513e898ec1
pm:vm:photonmelodies11.rio.004:426952928:00369396:01632,cvm,【武】「明白了……交给你了」<01>,[],layout_only,cd0c9cfd3bf3624503e8c08ca514442e56235b4b52ac42e20b71ad36f5ebb988,a855aa4b98ffa3c3a297354bcf9c7ef6965c58168dd04f0810d4bf29892807ed
pm:vm:photonmelodies11.rio.004:426952928:00369628:01633,cvm,【悠阳】「是。那么明早，早餐后我会来接您，<0A>请留在房间里」<01>,[],layout_only,f07bcea2f55edc78ae9eb508da610811ee1d197e93720e43184345784267bc2e,219b79bf296649b3ccd7a1c937c9a7dc0e0b12e0e57cdaf1d4d16f01bf62ea97
pm:vm:photonmelodies11.rio.004:426952928:00369672:01634,cvm,【武】「啊，明……白才怪！不，不行！」<01>,[],layout_only,0d89fbe418b05cce4f175528605d69e2ad5747763b831c416e43413f0a5a6ab7,8a0c63294db11525c9b90c935bb3dc683bf7a2f87425e1883bb831fc2314af40
pm:vm:photonmelodies11.rio.004:426952928:00369904:01635,cvm,【悠阳】「咦……？」<01>,[],layout_only,6d52ba2927986a30e78e5fd7199e9c61f38f37eb5e219330e2ff6eaeca164c1d,8f76e55295b279fe81cb01e35f1438e55b373c9f0aa594efacc69335dbbcf4bb
pm:vm:photonmelodies11.rio.004:426952928:00369948:01636,cvm,悠阳要是来我的房间，谁知道沃肯老师会变成什么样！<01>,[],layout_only,19a17e4701c3d6b6dd6a25efdea788d416de7b2616146c5abb6decc26d98670f,3dd422184166ba54c47890fafc7fda62631c0d14bbf3a672b197f2848acc3276
pm:vm:photonmelodies11.rio.004:426952928:00369992:01637,cvm,要是连我们两个人单独特训的事都暴露了…………。<01>,[],layout_only,a4e98e841eb658c4aa46fc7cf12f3853452ed55e737a7022b84abcfd4fdbd074,182684691254b290b6fefa3d6e1da2ec21400825a978bbea10003f71ed284595
pm:vm:photonmelodies11.rio.004:426952928:00370036:01638,cvm,【武】「我想在别的地方碰面……」<01>,[],layout_only,648e9a7a4af94be3a40a884afec61a71a2eab9809a6d3f87ff21aa8d00374cb3,83e9654996d6f63450a98bf30f4fe2801e84054f3ba35a1ae06f152fa5b32cc7
pm:vm:photonmelodies11.rio.004:426952928:00370268:01639,cvm,【悠阳】「原来如此……那么，正门如何？」<01>,[],layout_only,bbdb7e5130b74815b73a62433fb4df52142e04b051a80086e888203742053837,57f13d3889bb5bd3ea5f6776d9a7cfa5f49a1b0330dfdbf3e47078cd72d920ba
pm:vm:photonmelodies11.rio.004:426952928:00370312:01640,cvm,【武】「嗯……就这样吧。早餐后在那里见？」<01>,[],layout_only,77fdfb61a9303521b5c1df7f2dbddf9ea24ec875719157b0c94fefdb6afaf6d4,46b05b6199cad110dbf34e2987405323c123817007b22eb3b29e63505bb9bed5
pm:vm:photonmelodies11.rio.004:426952928:00370368:01641,cvm,【悠阳】「是…………话说回来，武先生想说的是…………」<01>,[],layout_only,d6720061b7c8f3aa7d295595f36a852e72df373c05fad85e46a97973bb9f9637,0e395e3fdbc53e0836ce03aa25aaf7600abeee7f324117ec3e2b6eaca3291122
pm:vm:photonmelodies11.rio.004:426952928:00370412:01642,cvm,【武】「啊，问题已经解决了。<0A>我只是本来想问问明天几点、怎么安排」<01>,[],layout_only,1dac72202ec8294b837e40d1462e51c3d38cf6ee8dc3cfeba328e013865c63cd,53bb4ae54e604bdf82f6445bb4e5947bc2e07b665cb6d030a29aa594281df742
pm:vm:photonmelodies11.rio.004:426952928:00370468:01643,cvm,【悠阳】「原来如此。那么，恕我先行告退」<01>,[],layout_only,05d456b6aee969e3a40dd98f8fcf9c5f105056d5bb07c3f46b05b1c7aee29c0b,ff63b35774077ebc35d2d1f27aa933e6ef798e72572ce3a229acc90dc9602ec4
pm:vm:photonmelodies11.rio.004:426952928:00370512:01644,cvm,【武】「嗯？哦……」<01>,[],layout_only,35343b6618542e6b9ab3f2866a1886c41de9919e8e45ab922999568f72bcc477,2179c63ac4c80498cac88fb75ca1c8739b96429690600d1be01265fa57e3d43b
pm:vm:photonmelodies11.rio.004:426952928:00370744:01645,cvm,【悠阳】「我与大家约好去泡温泉……<0A>让她们等太久会遭到怀疑」<01>,[],layout_only,598af2502e69e2ab77dceb7e0ccf20dbd68a21abeea981bfef501b8dbcdbec69,edd7fc307ba498948d3027c74e3fa1cc5fa43c23e9d47d7ee5f78fda76dd4211
pm:vm:photonmelodies11.rio.004:426952928:00370788:01646,cvm,【武】「原来如此……。什么嘛，<0A>我还以为只是逃跑的借口，<0A>你是真的打算去泡啊……」<01>,[],layout_only,cd1b9a4b6d3a8fdb20502d343d7181a57516fcb626caa6ae5260b476d6ba3ea2,25a72ee474aa18d0e2acc849ddfba2a0cc0e26aeb53c6704ddc848c481faa4e9
pm:vm:photonmelodies11.rio.004:426952928:00370844:01647,cvm,【悠阳】「是的，顺势就变成这样了……」<01>,[],layout_only,347e371e9e1a483bf33f27ddd9909d40782292fdb6f73b2a2b9826ec92ee6055,83bafe6f9fbaf606c81ce77ce01038cd20de0f6499b45c59d193d9fbfc3d1909
pm:vm:photonmelodies11.rio.004:426952928:00370888:01648,cvm,【武】「别泡昏头哦？」<01>,[],layout_only,aa5488a5d9f55c2e4050413dc47e22e89390560a92bd436a1763177b4ee3bc65,e5bcfbbb1f864bef1961c6b3d0d7d71e7c4a7b73609d1f7200cab509d96da9e7
pm:vm:photonmelodies11.rio.004:426952928:00370944:01649,cvm,【悠阳】「是，我会注意……呵呵……」<01>,[],layout_only,915d8a84011e98aeddba122cfc9d4dca8e577b8c44dea6da1707c09d4df7c277,b4785ba1e8f5e7442cf1bedb9036bf0a8e37cf6c324d74fdecd0b4f79cd01809
pm:vm:photonmelodies11.rio.004:426952928:00370988:01650,cvm,【武】「……怎么了？」<01>,[],layout_only,306f9a7bbf9e21ec4093ce748138482d3efb3225b2af3dc43f17b3f7796e0ae5,3efdb47ca2817c4931d70c816717f4f5047f819a166b1bcbee2af67e5798b8b0
pm:vm:photonmelodies11.rio.004:426952928:00371044:01651,cvm,【悠阳】「啊，没什么……<0A>只是因为很期待明天，不由得笑了。<0A>我真是……太不端庄了……」<01>,[],layout_only,d9bba2ca27a861a5b8d7463c738bf332a907d825ff71bcec8aff7a600b5f88d3,8873b86e9895a305126c52daced1459de0b62db6dc0d63d5dd00599cfe70cf1e
pm:vm:photonmelodies11.rio.004:426952928:00371088:01652,cvm,【武】「没事，我觉得这样挺好的。这也很普通啊」<01>,[],layout_only,45bb62f9c340289916bc45cb7bfd2d755df6999eb98de300e079422eaf7b2c46,acdaae9dae804043cdd81b5e7688c923c549c83669b594a427738b639caa657e
pm:vm:photonmelodies11.rio.004:426952928:00371144:01653,cvm,【悠阳】「是」<01>,[],layout_only,9dca1f718e00ffa26f6e670e0ccbda2a9f17944fd0eaa845a813639477ead579,398c2976d047e91c4690bbe16924ff44c547e0d6c17a50a7cc167999fd0ce93f
pm:vm:photonmelodies11.rio.004:426952928:00371188:01654,cvm,【武】「不过，明天可要手下留情哦～？<0A>反正悠阳你也在想，要怎么狠狠操练我吧？」<01>,[],layout_only,83c7b318574c339d441e64fa794cf35cb23623e20651e3e4472567a1fa4deb69,3b80dc8e95e1f5f8bdec1668981c1f2770ef70c914b2bb7401f429ae8789afff
pm:vm:photonmelodies11.rio.004:426952928:00371420:01655,cvm,【悠阳】「这个嘛，谁知道呢……呵呵……」<01>,[],layout_only,5dcf5210d32b037801cad69dc2914fe493237f740698d161514c2c040ca812f1,c88c91009fcd9e1daaf808471f9523b1afb0847b620b732b5cf38ae31ad7f462
pm:vm:photonmelodies11.rio.004:426952928:00371464:01656,cvm,……真是的～，笑得这么开心。<01>,[],layout_only,382b11c98dabccb6626ef8f0c68c29e37780dcc94c7682ba6df680aafb9707d2,a5578cbad01485d268f4ee6683fa6f937354d5001e03d8c47bef9ad1e8e1ef23
pm:vm:photonmelodies11.rio.004:426952928:00371508:01657,cvm,完全想象不到你们会把感情全写在脸上，<0A>我也觉得不太适合你们，<0A>不过偶尔这样，不也挺可爱的吗？<01>,[],layout_only,c0512515dc1c37eb8c40b306d6130ff030e22034b37611c6075bce02ca701c70,6648d95411621b9aa74287dcec30ae9f95292eb07e5cc88ddb237eca220451cd
pm:vm:photonmelodies11.rio.004:426952928:00371740:01658,cvm,【悠阳】「那么武先生…………我先告退了」<01>,[],layout_only,e4e03e5d7bc6e64b6959bf02513f5bad43a8ca6c3c2d320eb417b3ef6b0cc075,dbe24e73627cfc3b243f266509d77b545ab1bb6a659ce089dd89574c550477a9
pm:vm:photonmelodies11.rio.004:426952928:00371784:01659,cvm,【武】「好」<01>,[],layout_only,f6a82e62e4acfd98e4d66f5d8360e3e24e0450474b5f5ab19249cadd415fa1fd,f24c509491629c88c4e7f5a526e4729048118b1a4268547faf0042ca051ceb3a
pm:vm:photonmelodies11.rio.004:426952928:00371984:01660,cvm,…………我也，再去泡一次温泉吧。<0A>要是疲劳留到明天可受不了。<01>,[],layout_only,4137a688a92e8cf25e7e26b37b7d0449052c89e5fa7a396aa598423eb55a8627,851f7651892e1686a2cdff68b46b6ae908905159d0c2a2ac582411de4c456922
pm:vm:photonmelodies11.rio.004:426952928:00372364:01661,cvm,【武】「喂…………既然这样，<0A>要不先当刚才的事没发生过吧？」<01>,[],layout_only,14ddc3f80f0fd7e9bc3de74b22b5230a7c641c2bed9f92fb247f7e39d147ddcb,d7f5151dbc0453befee594b444369651939ac4e399bc6a9673b7b700307a04b9
pm:vm:photonmelodies11.rio.004:426952928:00372596:01662,cvm,【悠阳】「咦…………？<0A>所谓当作没发生，是什么意思？」<01>,[],layout_only,97de22c72b5e8f99686c1712d675de4079dff4b5698213cb39ac580ccc78f4c5,53a3a40d324682130d840d4161d7b1822974cf6f702e105fab5c5609aaaef596
pm:vm:photonmelodies11.rio.004:426952928:00372640:01663,cvm,【武】「就是，暂时，把这件事当作没发生过」<01>,[],layout_only,d48859c5806286e478487a6f096c9bd96965bb5f4bfd93784d693720a416077c,133106d390c78c035200421e11eeae1db42172de60d03dc4c8e807f4bfcb759e
pm:vm:photonmelodies11.rio.004:426952928:00372872:01664,cvm,【悠阳】「…………」<01>,[],layout_only,cf8055a2bf7ca517121f0df4f6e9cb27cfb09e51c2a729ceabd2ff965136eedd,596cbe5acd9b31ef237a2ad0643688ea2ec23e26e6262f3786f2c9204fba795c
pm:vm:photonmelodies11.rio.004:426952928:00372916:01665,cvm,【武】「我不在意什么抢先、正当化，那种事……<0A>或者说，我觉得很普通。<0A>虽然这些说法不太好听」<01>,[],layout_only,4221e275aafa2683d8e668c3e0aa5d37673127d8dc3c8917c1a0573274bb5fc7,aa11af70da57d6f520c03841d22f9e9f2b7c49a038473908ca4c91de1e35b45c
pm:vm:photonmelodies11.rio.004:426952928:00372960:01666,cvm,【武】「但是，你好像更在意这些，<0A>而且不知为什么……真的只是一种感觉，<0A>我觉得对你来说，这种事或许很羞耻——」<01>,[],layout_only,3caa2444828169e6f6009b99be8f5427fec2ac0da255ee1e1b86e67a9ffe7825,c0f424cf03b4c6a380d1e8ea3931314d5507749649d9a1253607ace2d9f3d08c
pm:vm:photonmelodies11.rio.004:426952928:00373004:01667,cvm,【武】「所以我就当自己没听过……<0A>这样，你觉得怎么样」<01>,[],layout_only,9fdde414e01dde114e4551d15c825a798c3e6436cc0b4d0a2ebfc4f71019cb44,02c97210e86c57bac393b132416072b507ecb3c1fe96fc68878687a28f31ecf9
pm:vm:photonmelodies11.rio.004:426952928:00373060:01668,cvm,【悠阳】「武先生…………」<01>,[],layout_only,b0a572a68264287aab314faf1bd6774dd04c8d18aa49d5e3126db5f7c9694519,d487f776639ec5d1ae622df61a4360af49a57347faf67810f4637baeb1d1f7a3
pm:vm:photonmelodies11.rio.004:426952928:00373104:01669,cvm,【武】「不过，这样也完全解决不了问题吧……<0A>但总比事情照这样发展成我接受，或是拒绝，<0A>你的提议要好吧～……」<01>,[],layout_only,272448d3894b50ef8798dc75628aeaa0c00de552b7d953d98de0b69ce89e2ab7,84419f68d617b1bec63f4239cdb572750a3905ff5c000121fb31988b28f6c428
pm:vm:photonmelodies11.rio.004:426952928:00373336:01670,cvm,【悠阳】「您竟愿意如此为我着想……<0A>实在令我不胜荣幸……」<01>,[],layout_only,0f59293b862f41e7c07d38ae22996bed4380a24757b34156a4146436ad6874a1,f7d047a862c6065713f843fcabf6b293cbb6baa5092c829ed5064457741c04a4
pm:vm:photonmelodies11.rio.004:426952928:00373380:01671,cvm,【武】「喂喂，太夸张了！」<01>,[],layout_only,58bfb43b8c287895ae02e4073d01dabf8a71131ec820ddef997b6dbe43593b0b,caef35e182ebbf7e0681976e2379ed49fea8e454ef7d8503da4dfa96edbdb7a9
pm:vm:photonmelodies11.rio.004:426952928:00373612:01672,cvm,【悠阳】「不…………我还远远不够成熟…………。<0A>竟被一时的邪念迷惑，实在没出息。<0A>…………我到底在做什么」<01>,[],layout_only,ba27ae35e63567ee125db519f4bfbd04454b3fcffdaa37ec79a47a7e682f58b1,f93c6d62a4c9561b090209110de57ebc5a9fa01eee393a62382cd312b85a543c
pm:vm:photonmelodies11.rio.004:426952928:00373656:01673,cvm,【武】「……嗯？」<01>,[],layout_only,568a90aa4f37ef6fd1ad0120b8fef301c43d0c532107618f930b0ed9fd488ce2,b99be8d3305499fc89035cb36854ce730291c817a8a0fca8f9114cbbf41494a1
pm:vm:photonmelodies11.rio.004:426952928:00373888:01674,cvm,【悠阳】「没什么，只是自言自语。<0A>既然如此，不如，<0A>请您接受冥夜的特训如何？」<01>,[],layout_only,4337bcd0436fc247fff6c93c4c8e402680e2389621ef62e64b478ccb71f0cc35,4b1c7441a8faf66d7ba2be23c60ddbc235f9dcdcb94c2aa10865bc21077aa1b6
pm:vm:photonmelodies11.rio.004:426952928:00373932:01675,cvm,【武】「咦？」<01>,[],layout_only,77e63d069d95aabd948bf49f0d1875e61a92335dbc417006761d81674ec8c185,b55249e3c0ee06935938d08a2f8a65d886e446dd4c309f96d3566d3e47b2f343
pm:vm:photonmelodies11.rio.004:426952928:00374124:01676,cvm,【悠阳】「既然您说可以把刚才的话当作没发生，<0A>那请容我重新向您提议」<01>,[],layout_only,da61725b71e9cf806608dd6e944965c8ef122a8f533e4aeab6e1f726acb1d9be,8854d01dfde31601b6c20b2f7dfcd21618c79f657ca0b415336561394faa7c60
pm:vm:photonmelodies11.rio.004:426952928:00374168:01677,cvm,【武】「可是……」<01>,[],layout_only,04504a12096b9822655c1d50fc76d2dcd94ca4a4c0cb1724897a9a72696b21c2,5c1f9264ab8094f1efc1678b79a98d095cbaf2c059b54feebab90241fb954fd5
pm:vm:photonmelodies11.rio.004:426952928:00374224:01678,cvm,【悠阳】「请放心，武先生。<0A>冥夜或许比我稍微严厉些，但应该不至于危及性命」<01>,[],layout_only,2fb55bd6bc4ab2c8b472ab36dccfc480410f056e77957b0bb0d25a59b9c9069b,ef82f25bbc1443b01fcec1347e50a203ace8a5307db7b82729fb63f7de475d18
pm:vm:photonmelodies11.rio.004:426952928:00374268:01679,cvm,【武】「哈哈……哈哈哈……」<01>,[],layout_only,ea16747b002dd89f79eec9bf4363738a720e4d14334a193c09640c1c1bd20d89,d8802cd3e6ab60a3b66d67411e5480720809ee60207c303b655af73d873561b3
pm:vm:photonmelodies11.rio.004:426952928:00374312:01680,cvm,这个局面……拒、拒绝不了……。<01>,[],layout_only,b2828cd0cb32e7c4648469bc20a9df3b82ace00e2edf7df9db7bfee8dc9aa1af,b7e9f0d38f3b1479639b250ee24603d34cc930996e2538d9f890e45a96d05ed4
pm:vm:photonmelodies11.rio.004:426952928:00374356:01681,cvm,【武】「知、知道了……。<0A>我就做好觉悟，接受冥夜的特训」<01>,[],layout_only,5de48c1a1dd4fc408a7a700ce09b93d4ef4f70aeda21edd1fe3ab04a2b6ebedd,6853581fa04fad84bdf170c40202121edc0e8cbc6c7a20387a24a5ae7a543812
pm:vm:photonmelodies11.rio.004:426952928:00374412:01682,cvm,【悠阳】「非常感谢」<01>,[],layout_only,d80ae872004e9e1fc3db2c64f2204fd660caac78e730ebfa7c6a17443d1474a6,7534d1fe36c0677fc504d0263530d157728b5077065317507d6c84fbd4b37df3
pm:vm:photonmelodies11.rio.004:426952928:00374456:01683,cvm,【武】「喂喂，该道谢的是我吧？毕竟我是受教的一方。<0A>而且说实话，我也觉得有点对不起你」<01>,[],layout_only,25cc8f262f1e724063ffe05ccd2d358236494a012b3b860f6ecdc24eaa4abcff,04032355b84e90c34f1b1afbebfb4e7e743a3dbb67ee24a321dd32f560dc3a68
pm:vm:photonmelodies11.rio.004:426952928:00374688:01684,cvm,【悠阳】「武先生无需有这种感受。<0A>您有这份心意就足够了」<01>,[],layout_only,feab4c368a90c62946a7c5f87b9209b8fc45bc65ff9a5c7349810873a6abd0b5,27a532ea1fa1a17f0eb1aadbe0b43d1db54d969b739ccd3e45080dd82d341ec9
pm:vm:photonmelodies11.rio.004:426952928:00374732:01685,cvm,【武】「是……吗」<01>,[],layout_only,086eb8529a35575fd82a50b2d907196ea41d5f8ac2f429620cdd3b10bc931df5,c3e23182383531ef928a158c223b361c95650422a8f6b9ae26f94a7bafd0a4c0
pm:vm:photonmelodies11.rio.004:426952928:00374924:01686,cvm,【悠阳】「那么，冥夜那边由我转告」<01>,[],layout_only,a0d44127a5132b38f9b8e3574b14b751f8a3e8d246c0ee6b0a1a14751d013bb5,55d15af1a9f29578a2ef85c88c76621373ef2258d7083984fddc5131f9ed5a48
pm:vm:photonmelodies11.rio.004:426952928:00374968:01687,cvm,【武】「是吗？那，就拜托你吧……」<01>,[],layout_only,120c4f86c8d1dd6de41161a19b663c56314ec95d5a3b45109ca7601a9b65629c,42d239073f0aa0cee0917f7500ee366bd2704019028e9620bf5d67833f29be7e
pm:vm:photonmelodies11.rio.004:426952928:00375200:01688,cvm,【悠阳】「是。对了，<0A>武先生方才说有话要谈，是……」<01>,[],layout_only,2bc42418228c456b2789e008a32e960ec36f3749a24dfbbdcf486613c32c7428,ad3d52469c90b6573f7ab396a1fc727991526c50b622711b62d81ad18c198450
pm:vm:photonmelodies11.rio.004:426952928:00375244:01689,cvm,【武】「已经解决了。<0A>本来只是想谈谈明天碰面的时间，之类的安排」<01>,[],layout_only,9cfcc255369c10b647e91d4587267b31bc1c5633dc3f73e69c50cd6dbca396d3,c7d012fab98611bcdab37cbc304a3cba1856aa7e2c1e0b3e9be65011a81ac45f
pm:vm:photonmelodies11.rio.004:426952928:00375476:01690,cvm,【悠阳】「原来如此。那么，恕我先行告退」<01>,[],layout_only,05d456b6aee969e3a40dd98f8fcf9c5f105056d5bb07c3f46b05b1c7aee29c0b,ff63b35774077ebc35d2d1f27aa933e6ef798e72572ce3a229acc90dc9602ec4
pm:vm:photonmelodies11.rio.004:426952928:00375520:01691,cvm,【武】「嗯？」<01>,[],layout_only,6f5168f44f03ec612149cedef5338508aa6a27acf347972463e8012d2f9d7f92,15724e6f770415469d24e77dff39459d6b7a628ff759680c2c41e12789eb1b10
pm:vm:photonmelodies11.rio.004:426952928:00375752:01692,cvm,【悠阳】「我与大家约好一起泡温泉。<0A>让她们等太久不太好」<01>,[],layout_only,302f73c68d88659c83c894db80dfe4eae82a5e9fb953c4df6b279f31f28400b1,edd7fc307ba498948d3027c74e3fa1cc5fa43c23e9d47d7ee5f78fda76dd4211
pm:vm:photonmelodies11.rio.004:426952928:00375796:01693,cvm,【武】「是吗……什么嘛，结果你还真要去泡啊」<01>,[],layout_only,c6cc2ea803c4e1980d5f15c6432bdabce01f42c96704c01ab3dec833ce19efff,048a7bf89661c2145aa3bf2a59406679ea39e9fcea85d7bcbcb540a89ebdadae
pm:vm:photonmelodies11.rio.004:426952928:00375840:01694,cvm,我还以为那只是你脱身的借口呢。<01>,[],layout_only,8c9de20b6d292cf9867226537cdd35fc69a0b21ebb34f6fca291caacacc079b7,8e40fc9d77dd261a3d84273d357676d2c400c7fc777100e5192c4f35eb7447d1
pm:vm:photonmelodies11.rio.004:426952928:00375896:01695,cvm,【悠阳】「是的，事情赶到那里，也就只好去了……」<01>,[],layout_only,425e0ad4dfd9208e24bd7700a3f54cac3d580da7dbf02a059e901339b93470b2,7fb162edc044d67011ebcded6cecbde620bf25ba2a7e0c63a1bea83d11a655d1
pm:vm:photonmelodies11.rio.004:426952928:00375940:01696,cvm,【武】「可别泡晕了哦～？」<01>,[],layout_only,1e10410ab60f1be019801062ed50730af8ab63414eddabfed1a7ee925180aa6b,e5bcfbbb1f864bef1961c6b3d0d7d71e7c4a7b73609d1f7200cab509d96da9e7
pm:vm:photonmelodies11.rio.004:426952928:00376172:01697,cvm,【悠阳】「是，我会注意……那么告辞」<01>,[],layout_only,575c36aaaa9b75ace11e76067431c2f0e71b59566aa2ebb33fc9ca2d694c419a,c2e6d5ed4b050827614d5b7f238fe5e9d517f253286eac938fab313ec4094e14
pm:vm:photonmelodies11.rio.004:426952928:00376348:01698,cvm,好了，虽说是顺势而为，但我还是选了一条艰难的路。<01>,[],layout_only,75a1bae559e8aa2225ad02026ffd3f9b3fe10e267af25dbb1d01d00662d4fe1b,f8cf51331c48f546814d2547d8e4947581cbfc52acbca17cca7136ee2d1960b6
pm:vm:photonmelodies11.rio.004:426952928:00376392:01699,cvm,算了，也只能走一步看一步了。<01>,[],layout_only,3f181e2c873436c21961332f06937a196d8335c5bc3440219d89e3b2c1dce3e0,509bf22f65f9a0454ad6af1001a6440e810d55ca79a8d8d34fed8affde8e0464
pm:vm:photonmelodies11.rio.004:426952928:00376436:01700,cvm,我也去吧，再泡一次温泉。<0A>为了明天的特训，得先好好缓解今天的疲劳。<01>,[],layout_only,e641b6a3f23a31d717bc0d6da0c6710e2a37105588b7a6d582d27e957438cf03,2a9d130619a7254eed575c8cd208919075f4263ff427332a388afae40b19fb89
pm:vm:photonmelodies11.rio.004:426952928:00376796:01701,cvm,【声音】「武！」<01>,[],layout_only,825759eb27abf318828ecbf24b083f1869f6bddf93067fe4ba45ce32380bb376,33e6b2c3b508fe6bb168bba5e851c758fde1e517564f6870521ec688afa8e4ff
pm:vm:photonmelodies11.rio.004:426952928:00377152:01702,cvm,【武】「嗯？冥夜啊……怎么了？」<01>,[],layout_only,16f6601e5b70050ee2fb00b4fd03ca1e9e06cb84305804267bd93c82001bc767,b8bbe883ac261377f7d30028383de940e36eaa5c768da42099c127d9a298d648
pm:vm:photonmelodies11.rio.004:426952928:00377344:01703,cvm,【冥夜】「能给我一点时间吗？我有话要说」<01>,[],layout_only,58735502846812d687d43180abc9714d055add4e7ba77726d27038cc11cdc832,44ea57c07bd43c9c289c313bf163da425a1c8b77d71cb2a9eb818b0b851bbf41
pm:vm:photonmelodies11.rio.004:426952928:00377388:01704,cvm,【武】「那正好……我也有话想说」<01>,[],layout_only,d0c0d1f37e21d04a51465610eeb81244d31bd95ee5d111acb8c8b92072c29247,57c51bb04f7f138a42d2d9466fb9ed8d59d0bdd9970dcd5b935b8ae1f3d76564
pm:vm:photonmelodies11.rio.004:426952928:00377444:01705,cvm,【冥夜】「莫非是明天特训的事？」<01>,[],layout_only,25aa89276d361cc39e67728780f19d59bb82ed243bcfb0917dcee662df89baf4,14696a9213373372b583554fa854eaa7ef3974c7d523cb5263027f5cbba173fd
pm:vm:photonmelodies11.rio.004:426952928:00377488:01706,cvm,【武】「对，正是」<01>,[],layout_only,daf543794bbdff3210596086e66b6cb6bdf8c577198634a5c0646dbe9f979c14,57f65fab8a074d51b753bb03c5f6552d3a2263b2ac0ec9ecd9074aa1d804e650
pm:vm:photonmelodies11.rio.004:426952928:00377720:01707,cvm,【冥夜】「那正好。我想说的也是这件事」<01>,[],layout_only,96da72302e9fad1b3369246631d1b5c335ffc86a393c59c2763c9c811a8988a8,5b44326c1a3b7117e765574c69b63a292dddedfcd3f1548b41ad8d7c6a5230bf
pm:vm:photonmelodies11.rio.004:426952928:00377764:01708,cvm,【武】「哦……那，你先说吧？」<01>,[],layout_only,89c0abd317ae9c5780f63346d021d68778daea00f0a634b69a53d5df464a898e,a407c6b64341d27313aad4fc5841a2f0492b6be249c4a408041d0b0b984cedee
pm:vm:photonmelodies11.rio.004:426952928:00377996:01709,cvm,【冥夜】「好。其实，这件事……说来有些丢人……」<01>,[],layout_only,e3c963d3d67d665e31335ad6f4c729986d68a054d8e9581f8533b67f16f4dd78,02d1da8e3871d67fd6f63f9343ab2a0b8f3219f835d55aad9bf88d7c2009a293
pm:vm:photonmelodies11.rio.004:426952928:00378040:01710,cvm,【武】「丢人？」<01>,[],layout_only,05968802c6f579fd403386eef20dfdbb4070d57ccfdf0f3dc53cc3b4ab55db90,008c6e2901065b3b706c4adc17b984655c890f6eb72b40c9a54a65c610cf7f17
pm:vm:photonmelodies11.rio.004:426952928:00378272:01711,cvm,【冥夜】「关于明天特训的方针，我和姐姐产生了分歧」<01>,[],layout_only,5e4f44ce399a6ed212bb82f9b2f081f331189afb1df54631e8b1b6757fdc9352,8ae3e698c010fb086f8cb621c77043df02bf3fb0897f3ec4c6307e03bc7bae8b
pm:vm:photonmelodies11.rio.004:426952928:00378316:01712,cvm,【武】「哦……」<01>,[],layout_only,09a19c4c196aa275411e5a0bf1bdde67622ac4dc09f8347c909f9ee3a0503376,74e851d4f73974da3b1b0074f64f9879f8906d1e94441e6ac4f98f589fa88a20
pm:vm:photonmelodies11.rio.004:426952928:00378548:01713,cvm,【冥夜】「姐姐说，越是着急，越该稳扎稳打，<0A>但我对此有些难以赞同」<01>,[],layout_only,69dd6348606056e85595d3b3e76618f472e449a908e35993d3c8ccb65c95883d,ea9b896fbefa7c8c286fde7aa3cd42ab7c127017db5e528c8f12b6da3cf49992
pm:vm:photonmelodies11.rio.004:426952928:00378592:01714,cvm,【武】「……可是，<0A>你这话不是和白天说的正好相反吗？」<01>,[],layout_only,6658e767a13c4f927cc19c34d4722d368cab7d6e295786fbbd94e73653eea515,c1f3e75d8df91ec3b4d734e47de02299ff7a9eb80a7b9e575b0d89c426743b97
pm:vm:photonmelodies11.rio.004:426952928:00378636:01715,cvm,在儿童雪场时，我记得反倒是冥夜说过，<0A>怎么能忽视基础……之类的话。<01>,[],layout_only,e3be87962e4baa5004ec311aa9bd3edb2cb451dd0120b32d6994420e2f868729,c2ac60900e7c079cc23102cf941b46bd0954adffb9ee2ef06d6ee9bd72955d65
pm:vm:photonmelodies11.rio.004:426952928:00378868:01716,cvm,【冥夜】「不愧是武，很敏锐……正是如此」<01>,[],layout_only,bbb2972c203459318f50880d7e3d3abfd29b08dc5e4149cb28f98f84ebc64bb6,8061a3cc6773dfd963f26ee77d3e66863465088f12d96e6ee23dfb6095f0edb3
pm:vm:photonmelodies11.rio.004:426952928:00378912:01717,cvm,【武】「对吧？」<01>,[],layout_only,fb85d832c8063a7e6636ac0521cd01646985cb4cd131f69cf8007a59a60b336f,4d7a5c87a0c9bd664ea0bc6773b43afba1ec9ceab143a9ac4d67457963868dad
pm:vm:photonmelodies11.rio.004:426952928:00379144:01718,cvm,【冥夜】「当然，我也并非打算轻视基础。<0A>不过我认为，基础训练也有必要适当压缩」<01>,[],layout_only,79b170dfca5ea27e77890d87672c2e44eb8aced6d2c99242795cbbba0e198f8a,33f79d86b1c8eb055bccde948a30635bbe074bc6a19052affadb0c2009859057
pm:vm:photonmelodies11.rio.004:426952928:00379188:01719,cvm,【武】「哦哦」<01>,[],layout_only,25956d10441cbc2de6643d5efa1383ac04ca4a266d7ab839479e69ba9cda4051,5378ab462e38fb34dee143e5b9a50e2829d0176d14f9c9c17ec52f696f5f2360
pm:vm:photonmelodies11.rio.004:426952928:00379420:01720,cvm,【冥夜】「无论起因如何，你都必须参加这场比赛。<0A>既然要比，就该以取胜为目标……你觉得呢？」<01>,[],layout_only,a4235b0709c0f4455b471832514bcf6ff4b6f8218c23ac00953e524414d21f2e,05125f94326b91a1bb670bab81096502d0e40e87acb0051292abb8fe3450a799
pm:vm:photonmelodies11.rio.004:426952928:00379464:01721,cvm,【武】「对，那当然」<01>,[],layout_only,225e3c8482d505ef109626c5c6bc29186a10d4b7d356d869303e874600a9b754,58663ff741e531cb0f2313160815983140b11d6ed9b2467134b7ae8c92f19c84
pm:vm:photonmelodies11.rio.004:426952928:00379520:01722,cvm,【冥夜】「但是，正如在雪场上已经看出来的，<0A>不得不说，武目前相当不占优势」<01>,[],layout_only,f831ac951169cf0656d6122a2da5606fa3422d7b0fc0f22da9fa963e29fd080d,37e920cd2497ee56fac41f572fbf68e604ca4ca23b621ba0d4be34826b4aa9da
pm:vm:photonmelodies11.rio.004:426952928:00379564:01723,cvm,…………唔。<01>,[],layout_only,89ad0ce07250a86cfbb38be5b39b2e17ea683157f4b7e382ff2da816bdb35c77,78d5851dc7f433df0b6e7052fc37f95ba16ab460e91f6bc054d1f214e76c5fb2
pm:vm:photonmelodies11.rio.004:426952928:00379796:01724,cvm,【冥夜】「哈哈哈……看你的表情就知道了。<0A>你无论如何都想战胜鉴吧？」<01>,[],layout_only,e9a7e7ee9fcde0314aaf1b8895c107de9436888e25d385eb92a917359cef48e1,730180e1c8d83bf75866dee2fd2f41b087c691726f7c8fb95dec4ec22261f6f5
pm:vm:photonmelodies11.rio.004:426952928:00379840:01725,cvm,【武】「那当然！」<01>,[],layout_only,7b2abfa55d76aa2db46cc518b68a4893f20a7c9db00271f3b592ab68b72379dc,6ef79018f407a38fe5fe1badabccea4b70424328465d73d3f29d97ddf03a17c4
pm:vm:photonmelodies11.rio.004:426952928:00380072:01726,cvm,【冥夜】「既然如此，就没有时间按常规一步步练了……<0A>这就是我的坦率看法」<01>,[],layout_only,24c2c4247bf859a1af7fdcb9afb33a2c250ca39d9b2cf68b6448ddddbb493bd7,b4baf8d094f014f7d04f083010de075246a29f116855eefa3b360c6e6a1f639f
pm:vm:photonmelodies11.rio.004:426952928:00380116:01727,cvm,【武】「嗯…………我明白你想说什么」<01>,[],layout_only,3638a6fe364520d831b96073dfd5ccfa2c463021ca90b6e9005bfe97ee421437,dee41e1f8b89a7e7dc5f60d70a9bfa82b65ba3fde74af6d38ef5faa4b3c85bf7
pm:vm:photonmelodies11.rio.004:426952928:00380348:01728,cvm,【冥夜】「我与姐姐在这一点上意见一致，<0A>但姐姐与我不同，无论何时都从容不迫……<0A>所以我有些着急」<01>,[],layout_only,af713d0e211c8db4343862bf7cdeea23316aa9bbacadf83ad6a716d8dcfc2794,d13a9d326a38d8bd78b66a31ed7c6255f916d3155d2379be9c16a459382aa0e7
pm:vm:photonmelodies11.rio.004:426952928:00380568:01729,cvm,原来如此，冥夜确实是那种<0A>一旦下定决心就只管往前冲的人。<0A>有时也会觉得悠阳的做法太悠哉吧。<01>,[],layout_only,203c8047681e5583286499275125b0729d850f0e85b91aa64fc9f6e21a601bf7,5e41f4c8d312a06f66221b49bad0ed182df8f17f1dfaa034ef14dbe88859743a
pm:vm:photonmelodies11.rio.004:426952928:00380612:01730,cvm,【武】「所以你们俩，算是有了点‘迷你对立’？」<01>,[],layout_only,d451e64ab94a3cd15739b2646d3e56b1d01bf5d4568b7c75086ec2c8401e10f0,d27c29bdc9a96852f9889488e5e6b71a1e6262d6f281cbd1b7dc0815ad52111d
pm:vm:photonmelodies11.rio.004:426952928:00380844:01731,cvm,【冥夜】「我不明白你说的‘迷你’是什么意思，<0A>不过称之为‘对立’也不恰当。<0A>应该说，是我们在协调方针上需要一些时间」<01>,[],layout_only,568a16023b90d55532424a8c4398aab5645d59329fbc7048e80d2b9c642358af,fe75e1d2932d48def4bd8f87da726bbbd624d4b2ed873472d90a301d2883e52c
pm:vm:photonmelodies11.rio.004:426952928:00380888:01732,cvm,【武】「……怎么说呢，<0A>听你这么讲，我开始觉得过意不去了」<01>,[],layout_only,8de0ce39424fc13ad0b2fc1b26a2660407d15654edeaf5754e9cb9618134870b,a022454ce39641197d8354da3bc90ac6cf7e99690c1084e577608a6fb2699a03
pm:vm:photonmelodies11.rio.004:426952928:00381120:01733,cvm,【冥夜】「不、不！武完全没有必要这么想！<0A>你要是这样想，我会非常困扰的！！」<01>,[],layout_only,88363641f4ee4089bb6a0c7bf62994d4e796093b3ad305d151a98ed2e93e8ca1,a238638638364bc1ae4c994718b784fde6bfff5cfe2c27100b9aea44ddd514e7
pm:vm:photonmelodies11.rio.004:426952928:00381164:01734,cvm,…………？<01>,[],layout_only,4cdafdcd2b4640c6b0ed414453eed637ac54dfe378c1f0d8bca6127dd76f42d4,8701c23e01179edccad1ac3d9c85b029cd6a825c01e165cc7d1d613de9504098
pm:vm:photonmelodies11.rio.004:426952928:00381532:01735,cvm,【冥夜】「糟糕……我好像说得太多了……」<01>,[],layout_only,1a5ef17f1e7cc3759e7b83dfaec80c39bdad09378597c51ca93da276c336a833,1d012ec4205be4ef3f925992f6e190d888fb939d83b077fadc01d50e7f95df02
pm:vm:photonmelodies11.rio.004:426952928:00381576:01736,cvm,【武】「怎么了？」<01>,[],layout_only,9bd191b84dcb747ac125caa4153f74257a28eaf65cd1e682f1874355ffb02d93,38186491f16d85cafc399b2ca926dc7222138650563dbb6c52263a7b27b5ee52
pm:vm:photonmelodies11.rio.004:426952928:00381620:01737,cvm,奇怪……怎么突然慌起来了？<01>,[],layout_only,5c56c80c75c3f2827171973659b8177def2da6634efaee9384846648b2d06cd3,612e31a3c3a74aa2d15f4f9d16bed18ea8097955fe15d0d7972cb8527fbe6b7b
pm:vm:photonmelodies11.rio.004:426952928:00381928:01738,cvm,【冥夜】「那、那我就直说了！」<01>,[],layout_only,540907b97e3aeba81a6741a02fe34649ee170c3a34fb8be05961fac484a11876,f075257f202b54835e1fe35e0c5db26bb08f43afb34ac0a0d7b67bef72b96fd6
pm:vm:photonmelodies11.rio.004:426952928:00381972:01739,cvm,【武】「好、好！」<01>,[],layout_only,925ca0c62dab0e62a4ba109d4c8f991d552bfc469a3a9441b55d2c577b197de4,26ea07cd74862aa5f13c06649f603667b47e66ab0959d31b514716ffdb481b53
pm:vm:photonmelodies11.rio.004:426952928:00382028:01740,cvm,【冥夜】「……明天的特训，可否只有你我二人进行？」<01>,[],layout_only,ba9fe96d45196ed8f921490cb16ec72b49d768e1838ed0fbced049c2b8318fa5,78d72ff37d005fa12eefb197f0afddd3eecb5b704865977f65d18cf92988579d
pm:vm:photonmelodies11.rio.004:426952928:00382072:01741,cvm,【武】「咦……？两个人？也就是……我和你？」<01>,[],layout_only,471d6597388f473ea5b5fed0fbb4221c3dcc06dbc7f29bcd31989080010cba0f,de9886a44eaa3e2cc7e82990fd641167d2a05bf435b105755a68e3eb0b0741a3
pm:vm:photonmelodies11.rio.004:426952928:00382424:01742,cvm,【冥夜】「没错。虽然说了这么多，<0A>但我真正想说的…………就是这个」<01>,[],layout_only,2e945f52ab91823a9263f3e74b94e4c7849227214c24e1c48a2e238040539b31,8018dc75b00ccf4660005ea516efe18a1f72f3c8d788ffa4d874562585125d2e
pm:vm:photonmelodies11.rio.004:426952928:00382756:01743,cvm,【武】「我倒是没意见啊？」<01>,[],layout_only,0b6e9897b73435fd3e0c8384b1596bdd3a176bfaab2faac9b0c025c3d50c07c2,9da18326e15f8c2ddb4343e156e40acbd27b9d4a9358d0304c4ee337e4ff0bf8
pm:vm:photonmelodies11.rio.004:426952928:00382972:01744,cvm,【冥夜】「真、真的吗？！」<01>,[],layout_only,d369f5e72fe34792a164c55123aeec30dc9baae90f0aaadde8516113d6505a3c,a18fb3e7441c4a6d7ae6812df471c70364dc2df618204238beb8244985944c63
pm:vm:photonmelodies11.rio.004:426952928:00383016:01745,cvm,【武】「嗯……可是……总觉得有些对不起悠阳……」<01>,[],layout_only,22326fbd5bc601e4dfc5afeac4a1910ba436fcec815c6fb2383ceb2075a8e9f5,fd50e2453ac9f17cd8f0c21150b0b7096ecbb2e54c2e6d0b6ecff066aa4e71d7
pm:vm:photonmelodies11.rio.004:426952928:00383060:01746,cvm,她也有她的想法，毕竟同样是在为我着想。<01>,[],layout_only,83a9918480be9231e3878254ca8ea6a1126a5a593e831f0ffe1cf075416cfcb1,7da5a14f65c86a0190bfafce7e78f94f94954bc544cfbbbfd8a55679c580ac3d
pm:vm:photonmelodies11.rio.004:426952928:00383276:01747,cvm,【冥夜】「姐姐的事不用担心。一切交给我就好」<01>,[],layout_only,c4a1bcb8dc785f842e7ef251a76695b388f621828ea2a047b07640ec8cac54ec,fc7ef34699656a3809f584ac8d80c6a8dfeb2d9fe1a2c85e157209c7ea2555fb
pm:vm:photonmelodies11.rio.004:426952928:00383320:01748,cvm,【武】「你会去跟她说？」<01>,[],layout_only,f35ddccf38f64448033090a71bc144569ed473f4ffdacd34485937900f11382b,ff422bbf98128ec5bc43faa18c618935fd260748f8b79ea432fa7ec800bf8448
pm:vm:photonmelodies11.rio.004:426952928:00383536:01749,cvm,【冥夜】「嗯、嗯……差不多是这样」<01>,[],layout_only,ceeb35eb67da86fcbe837462f154a56aa9096adfbc4b9abe3b18cd3447129c66,c18c0f662f02a022a7408e5d4a76d6092f6a367395cf9e35aa624a98eba96119
pm:vm:photonmelodies11.rio.004:426952928:00383580:01750,cvm,……这样啊。那应该没问题吧？<01>,[],layout_only,871cf9233d731bff482528a77f0850b964222ec6283facd05e4830ae712bb24b,30875423e9dec57bc39df71da571b7809770a0f1133a08bc8b04f78f97422611
pm:vm:photonmelodies11.rio.004:426952928:00383624:01751,cvm,【武】「那…………就交给你了？」<01>,[],layout_only,cb1a4b46d69cb014e18e45609fdfc35cc021bcf3c165bf2b822545348a0f2eac,dd457636da7eed0d7aea5aa07cac8b3d7fc610c34affd8cb6c3d9402b88480ab
pm:vm:photonmelodies11.rio.004:426952928:00383840:01752,cvm,【冥夜】「嗯」<01>,[],layout_only,65236ab88f51f2041f036bb9e280b369d61dd5f79bbd187c2410fb965f807055,754ce2d3e628e98e73d27c66855687448c226b34142b8207deaa28e87b6801cc
pm:vm:photonmelodies11.rio.004:426952928:00383884:01753,cvm,【武】「你可千万别把事情越弄越复杂啊？<0A>要是因为我害你们关系变差，我可受不了」<01>,[],layout_only,dc1b61bd81df4753ffb52e8aa5c267a92b19f1df4729960dc16e00b68515c731,970fb9422c7e799caa7d0a5cefb7cf7fcb9344a7a929012918ba2d591b7d633f
pm:vm:photonmelodies11.rio.004:426952928:00384208:01754,cvm,【冥夜】「放心吧，武。不会变成那样……至少现在不会」<01>,[],layout_only,9cabb0b30aebe6f096da28ad0f43da5f67d62f0a2c65be3003619111a22b60b9,8610d88e2eeaff7d259d7335ec1430e25d88553c23136282dc2d3a747a7ca7ad
pm:vm:photonmelodies11.rio.004:426952928:00384252:01755,cvm,【武】「咦……？现在？」<01>,[],layout_only,8eaf3feee8236e92639d83ee806f9b54dc164666ca0a21deb5fc1e42a880eea9,bc31781a7f582633ce1a40abfcbaa76ec457036f66d67ff77f4d0cf651863529
pm:vm:photonmelodies11.rio.004:426952928:00384484:01756,cvm,【冥夜】「呵呵呵……我和姐姐，不，把鉴她们也算上，<0A>大家都是对手。<0A>总有一天注定要正面交锋……」<01>,[],layout_only,8aa1364052cdc17e2826bf9334c5cb59453f30ee2aed1bde6ea27e23a1aca32e,5beda97696acc84ecb6f5ae04d91084ad460bb24fd3ddab0e5a0594cb358ba76
pm:vm:photonmelodies11.rio.004:426952928:00384528:01757,cvm,【武】「那个…………」<01>,[],layout_only,cfcb6868242233f51e468be44f9b16600b8ef50ec29ba3b1ad40b33317d9f276,ca07acfce0d17ce88ab687408fb91112c513d16b9ce43c2d34ecd3292108742d
pm:vm:photonmelodies11.rio.004:426952928:00384760:01758,cvm,【冥夜】「不过……即便真到了那一天，<0A>我也不认为我和姐姐会因此‘关系变差’」<01>,[],layout_only,e8db6391769305c46b087ef6c5180f7437f523c962ef15cd9866de8652a572e5,4edc9e9c046eceab06955d28c58594ff232c5e60ed8156b1fe8585be303dc4b4
pm:vm:photonmelodies11.rio.004:426952928:00384804:01759,cvm,【武】「…………」<01>,[],layout_only,770975bc8d76964cd0683d1a3ba2ec947971272f34819d29aa5c66d3964a88d7,6a17c608647a040376434d02fd50f1e4124a141fe417bdc98ba4d3f27bdee35c
pm:vm:photonmelodies11.rio.004:426952928:00384848:01760,cvm,这事嘛……关于这一点，我还是不作评论了。<0A>……我是不是太胆小了？<01>,[],layout_only,9e875140a99ffadab426de8b9659d647d44d6afe9ba03e9a4654bdd669a4002e,d35ac941b80100d45e07187f12d1a92a1b1fe292c128c60a41b21783c65a2f3d
pm:vm:photonmelodies11.rio.004:426952928:00385080:01761,cvm,【冥夜】「总之，武什么都不用操心。<0A>明天早餐后在房间等我……我去接你」<01>,[],layout_only,ae250ed180a0c2c58ddb479fa7dfaaaee643f7b273a610f12085bd9e8be0ecb0,86984e33f32e3bf5feca8156890fe309d8938395dd304661942debdab7b9ead7
pm:vm:photonmelodies11.rio.004:426952928:00385124:01762,cvm,【武】「好……明白了」<01>,[],layout_only,944601ff28e77d8d445a8cb0bbf13bd6f7d54945ae0ad0fe6a1c804342c50201,04a2d16f8d6b8c48832603cbca0d43c03c5d8dceb98b890473a58aa1e9d1a500
pm:vm:photonmelodies11.rio.004:426952928:00385356:01763,cvm,【冥夜】「呼…………」<01>,[],layout_only,56cb691b67ed56c99cc49eeba9fa02ce0c97760a5c5acfa7a415542e58cafb3b,3192272bc11c77efd32220b906e01f90260e81ef36d9cefd84c838b0bde17c5c
pm:vm:photonmelodies11.rio.004:426952928:00385400:01764,cvm,【武】「怎么了？」<01>,[],layout_only,046168ceafda7f97ee7366f0e4c3f4f7897c2ab4777feffca3d15506bd63f7ae,61d8ff12ba8abc06b6a378cce902105e746d7fe28f779cd4ef4eed135ebcce18
pm:vm:photonmelodies11.rio.004:426952928:00385632:01765,cvm,【冥夜】「没什么……只是绷紧的神经松下来了」<01>,[],layout_only,39937fc7ee93e86dd4f3906a4d24e188b66e459e33dea00a004a45f0f8b1c20c,8d16bd9c0dc9b8ad78a726ae72e9843218bc92db9c8b78ec59e643d5cb39a45e
pm:vm:photonmelodies11.rio.004:426952928:00385676:01766,cvm,【武】「你一直很紧张吗？」<01>,[],layout_only,a2626ee9e29125200859d7284fe650edfb480bc7856410c5204363b1693acbab,c11e8fda1105b3597e23a3ae1c42d48bf53346fce8932e73fe973ed5dfaa6f1d
pm:vm:photonmelodies11.rio.004:426952928:00385908:01767,cvm,【冥夜】「那当然！我一直担心你会拒绝我，<0A>急得心都悬着啊？！……何况我还做了这种事……」<01>,[],layout_only,de3939dc7f9535db12bed0aeb233717f4ec7de773147ff386139d1a1281819b9,577ae9482aaa16900d65efc550966056f421bc08baabfe5c2429f82b533ad412
pm:vm:photonmelodies11.rio.004:426952928:00385952:01768,cvm,【武】「这种事？」<01>,[],layout_only,f8d663c397f16179a5f075dc5b8ee4ae3dadee59b2ca907aa499b56a06ca4225,2771835f7357e5ef097eec8cd40a638d14544ed6065bfe5d4a1c37941422d7da
pm:vm:photonmelodies11.rio.004:426952928:00386184:01769,cvm,【冥夜】「——！不、不是，没什么！<0A>别在意！哈哈哈……」<01>,[],layout_only,84aa35d8df437d8a12853f3c30a46bc5e56d777afd6156486d3d540642497d51,030566e24ac736cc8310a99e78e5708e11663c90c1f61be7d3a52553eabd9deb
pm:vm:photonmelodies11.rio.004:426952928:00386228:01770,cvm,…………真是个怪人。<01>,[],layout_only,834bb65759cc53e883e4697722b3a783419f298fc745fa7f8c084e410b0f2062,ec16cdd4519bfb1432c72da92f1f14b2bbe310fd978fad4a35d32fe2cf9d5c9b
pm:vm:photonmelodies11.rio.004:426952928:00386460:01771,cvm,【冥夜】「话、话说回来，你想说的是什么？」<01>,[],layout_only,0145e7a52afba100fa768411ccf4007e7d607b0bbe560f0e31ce188ca905134e,fe1655f1819e9d95cef194b2f10eb14b1cc5655afca03ea0c2a466e8f82aba0e
pm:vm:photonmelodies11.rio.004:426952928:00386504:01772,cvm,【武】「咦？啊，已经解决了。<0A>我只是想谈谈明天的时间之类该怎么安排」<01>,[],layout_only,8fb955a67beb7d1c981b7f3610540f659c00dcdcc0f30f436f7fdc61533f71c8,4a26b46e663a59e8982e1c9b0d41e14aafa00cfb564b0d073cd9dd3182fcee73
pm:vm:photonmelodies11.rio.004:426952928:00386736:01773,cvm,【冥夜】「是、是吗……那么，我先告辞了」<01>,[],layout_only,c5fd0fa3b5a4bc30f23d5374e8ca747a802a958b15816ee08d85126e18bda46d,a18ca543104d0ac7fe89a8a941ec6e49ff9885533ac7b4a43730653ff93bdc4f
pm:vm:photonmelodies11.rio.004:426952928:00386780:01774,cvm,【武】「啊，是吗？」<01>,[],layout_only,3f5b7060747835c191ffa4066c4ed03d4ffc456336f08d3c09eaf22155a24384,b51b2330c7093374350019f7f06901533c5adaa42564ccf33ccbcb5ea7cd9eb0
pm:vm:photonmelodies11.rio.004:426952928:00387012:01775,cvm,【冥夜】「大家约好一起泡温泉……<0A>让她们等太久会过意不去」<01>,[],layout_only,21c31d8cf4408dbd97a8a4ee8f12d5708b47c5ff5c6a8c3a919dc5e9f648e770,fd178db731b03530ce832f6a0779be0c7a04545f7fcf7906883314e7a0100cf5
pm:vm:photonmelodies11.rio.004:426952928:00387056:01776,cvm,【武】「哦……原来那个不是你用来脱身的借口啊……」<01>,[],layout_only,bc5b929bddb2011e514a65fe090d9d5fb2879b96cbcf3a09f4852fb61a687193,15b425055039d56961a2db807a57593438fbdcec639fb5cc5d0eff1383d4fb39
pm:vm:photonmelodies11.rio.004:426952928:00387288:01777,cvm,【冥夜】「一开始的确只是想拿它当脱身借口，<0A>可后来事情赶到那里，真就决定去泡了……<0A>和大家一起泡澡也很开心」<01>,[],layout_only,75715df5afa8832c39ecdb8f47da577e02befeb1eb161e7a4c59bd280bcaa8a7,888986a3f333acfa6ca0851fe41900ea5e8574808d6060b22d68f29d0c62726b
pm:vm:photonmelodies11.rio.004:426952928:00387332:01778,cvm,【武】「这样啊……那，你还是快去吧」<01>,[],layout_only,0f263d5a31fffdc20a28d1802a2cdf8876768ac9ccb1cc9255a42dd832a1a37f,96f3afdc45773ac6c2e58066be87e60e041bfb092ce522be56c4a3c108ee7024
pm:vm:photonmelodies11.rio.004:426952928:00387564:01779,cvm,【冥夜】「嗯，那我就先去了……告辞」<01>,[],layout_only,4298087a5ddfaf4068a0a76f9cbcb8afb454572d173f8fa650ccf05500d5f570,e0374a7428bf8f3d8603e44dcff0c0726fa9c74fc88b3403440a57b3e780f592
pm:vm:photonmelodies11.rio.004:426952928:00387608:01780,cvm,【武】「你们可别一起玩得太兴奋，泡晕了啊？」<01>,[],layout_only,6bc54b9ad3fa04515e739fc1c659afe0a9b38344482fa6c49322d22bfd197651,2011433172c88b3a9c7d7d3abb897a82823d254bd01c80425cd7ce4718896515
pm:vm:photonmelodies11.rio.004:426952928:00387840:01781,cvm,【冥夜】「呵呵……我会谨记」<01>,[],layout_only,8096996ed22530123cc9380807b0c22aed6d19c1be01dbd365fab3d566a6e82a,f633fd98400a764c7db595faf87d8cca60e061d9756eceacf7541d06fc842a42
pm:vm:photonmelodies11.rio.004:426952928:00388040:01782,cvm,……虽然还是没太弄明白……<0A>不过听她刚才那番话，<0A>明天的特训看来得做好相当的心理准备才行。<01>,[],layout_only,13b3646f03940edca6176be5cbff46f4dc2f9b6e55948c5f42e92277acdfce12,d89db191f7a6b9af274aa6700b55991c36774536505ae29c5f15151fed69be66
pm:vm:photonmelodies11.rio.004:426952928:00388084:01783,cvm,【武】「…………」<01>,[],layout_only,770975bc8d76964cd0683d1a3ba2ec947971272f34819d29aa5c66d3964a88d7,6a17c608647a040376434d02fd50f1e4124a141fe417bdc98ba4d3f27bdee35c
pm:vm:photonmelodies11.rio.004:426952928:00388128:01784,cvm,我也再去泡一次温泉吧。<0A>要是还留着疲劳，明天恐怕会很不妙。<01>,[],layout_only,e7f6caf4d594478acb95be204cf54cd038b0bb2449e4490de7d8f4ad519377af,f3ac3372f111e1e0da80b081c8224707c6f5fd4c26d80bd9bd4b4bb2140aa5bf
pm:vm:photonmelodies11.rio.004:426952928:00388508:01785,cvm,【武】「嗯……该怎么办呢」<01>,[],layout_only,9507c808b30ef90b6707328984262fdb7a27a28a0398d2d1abfb9107900e1ed8,5a789dedc25e3c29417732968460f3ec1075d71bc151226e732cbecc2fcbbda6
pm:vm:photonmelodies11.rio.004:426952928:00388552:01786,cvm,我大概明白冥夜想说什么。<01>,[],layout_only,99e7362a7935593afbde7fc3622aa01ac61d8c9e0b7da209503f6daf5e6dc9d6,f290eb963b9b8cf9a1d06f231ea46c71568284f6088e5276c4c55f87017a091e
pm:vm:photonmelodies11.rio.004:426952928:00388596:01787,cvm,如果两个指导方针不同的教练同时教我，<0A>不但没有意义……反而，还会起负作用，对吧？<01>,[],layout_only,a3550484de3cdb3003015f11da691813f2219088899ee5bec9640baa126686a8,adeb45a772cb3347b3a9b3656e9702125f25d01d7ca3d0f283f2719a3574b1ba
pm:vm:photonmelodies11.rio.004:426952928:00388640:01788,cvm,而且，平时她们能事先协调，但现在很难。<01>,[],layout_only,6098fea1336800974f2ded2c7e23877d2c819770bfa7eb39ea51cd7ca01bff06,1d5201fddd4f78f2a47225195abd44a77ba497c8e8d48e52c10af859f1352998
pm:vm:photonmelodies11.rio.004:426952928:00388684:01789,cvm,【武】「我先确认一下……三个人一起练，应该不行吧？」<01>,[],layout_only,7e345bb47206ad4597d7b0f3e2b8fd951d555ffbb655084435e228cc6a2f1372,f3b30ed9139eed80cac824b306dd97f53970ab9365461b282087c520e8bf1f0d
pm:vm:photonmelodies11.rio.004:426952928:00388900:01790,cvm,【冥夜】「……我……是这么认为的」<01>,[],layout_only,b9c7f5656f75886eef837d236bf4beb381d775c19c10e7c0210840e7edc81b7f,7274f03e036ca6a55617e85addf50eeffca730d8edf1cb23be81bb8da3b1e038
pm:vm:photonmelodies11.rio.004:426952928:00388944:01791,cvm,【武】「这样啊…………」<01>,[],layout_only,1110ab8ef78ec7347860a28733a310d42f6366df77e7e5212f85695a09bf1326,fb21a5f89f1b2064ddaa10cca0ffb452c56f1ce48c68584a8a788bea68a7a127
pm:vm:photonmelodies11.rio.004:426952928:00389176:01792,cvm,【冥夜】「武希望三个人一起吗？」<01>,[],layout_only,d9858cf79f8853d0a66cd9e0afc877422be9c709055aa0f613c52f554b61ec4d,21f20d4c0b9259b21f59b880adab62ddddab9947ae720522c1213d27101814ef
pm:vm:photonmelodies11.rio.004:426952928:00389220:01793,cvm,【武】「与其说是希望……我一直以为理所当然会这样……<0A>听完这些，还是觉得有些对不起你们……」<01>,[],layout_only,91bbd37dce2ae190243507c2f58de16a4c2d8d9fc9b3085254c7781098c99bad,5425bbb22963fabee019fa69cfa0f0990cf417de2daf04fcbc168c77680c20f5
pm:vm:photonmelodies11.rio.004:426952928:00389452:01794,cvm,【冥夜】「是吗…………」<01>,[],layout_only,fd29b21f7c11b7b39cecdf0d5fe184cad58514affe622f00a9fe85f01fc5c895,00dd71e0d7b9cc0eaa8eb791bff4dbcabe8f060c407ace550aebb757a4f2ed8a
pm:vm:photonmelodies11.rio.004:426952928:00389496:01795,cvm,【武】「所以才不知道该怎么办——」<01>,[],layout_only,60ea8a369a3d619c20b525048dc5363ba4f3f499b99365c7ecd40dcf9f9a865e,4da6853b25f6a814099c8cf5ed95a37986bf9a576e9234cbe315b66680210ffe
pm:vm:photonmelodies11.rio.004:426952928:00389712:01796,cvm,【冥夜】「武，那你能不能答应我一件事？」<01>,[],layout_only,d5d8e428bef681c75580aaaec97ec84b4f9c4122306b3a6ca7b0340a125db4a3,342fe24541e66523139c960df9674e8bf389a0e68412ccbb18a2950d6f9a2ca6
pm:vm:photonmelodies11.rio.004:426952928:00389756:01797,cvm,【武】「嗯？」<01>,[],layout_only,6f5168f44f03ec612149cedef5338508aa6a27acf347972463e8012d2f9d7f92,15724e6f770415469d24e77dff39459d6b7a628ff759680c2c41e12789eb1b10
pm:vm:photonmelodies11.rio.004:426952928:00389812:01798,cvm,【冥夜】「明天，请接受姐姐的指导吧」<01>,[],layout_only,bc665d27fc8e651b58fe8202242952b7eadcae9e2eed5caa11b5fc4012120058,7271088bf742987b87fe7ec47407dd1fd37499b4abe568af7015fc40c3c9f621
pm:vm:photonmelodies11.rio.004:426952928:00389856:01799,cvm,【武】「咦？」<01>,[],layout_only,77e63d069d95aabd948bf49f0d1875e61a92335dbc417006761d81674ec8c185,b55249e3c0ee06935938d08a2f8a65d886e446dd4c309f96d3566d3e47b2f343
pm:vm:photonmelodies11.rio.004:426952928:00389912:01800,cvm,【冥夜】「我还是认为，为了让你赢得比赛，<0A>接受我或姐姐其中一人的指导最为合适」<01>,[],layout_only,f43144c4deec8a5d7faa430c52ca9abac55cde6b797e8ddc5e87307d60cf0300,c96f2517262261cc2b635a73d46db76191823a58bc837f6556372d31b8db783a
pm:vm:photonmelodies11.rio.004:426952928:00389956:01801,cvm,【武】「嗯……这一点我明白了，可是……」<01>,[],layout_only,e6d5353688bc9c6818ba5c14fe23b2434ad1950c3c6ff23d082ef9a50004eff2,4ecce119e892b7e611cbd7982154f38bccbe2d933262f02ae8f553fb966daa31
pm:vm:photonmelodies11.rio.004:426952928:00390172:01802,cvm,【冥夜】「虽然说了很多，但我和姐姐的指导……<0A>最终能达到的效果恐怕没有太大差别」<01>,[],layout_only,5590310844794e4ea643218cf7626ebe4b619df6ca65f90c78e5ead60166a434,b31ab4e1efbd00554592c46dcbfd2bcee9670ea7c2537ba83fdcb6569e9fbe2a
pm:vm:photonmelodies11.rio.004:426952928:00390216:01803,cvm,…………。<01>,[],layout_only,efa30788584cfea7ade60ccc37d7fc6cda943e64935eb133252c341159e58e05,0b3d7aae4004dc9b91522cf9245f879b48b6a3b3d3c28ecbba043ba8207a6df9
pm:vm:photonmelodies11.rio.004:426952928:00390448:01804,cvm,【冥夜】「让武产生这些本不必要的顾虑，<0A>全是我自身修养不足所致，我还远远不够成熟」<01>,[],layout_only,466cd7200d2d83138b054682739f75c901e496f9dcbd11b25d79ca547f8525f2,1eea716c7bf8c6281d039ad091b324a4f140cf2bf545f015c39f69b6a022551f
pm:vm:photonmelodies11.rio.004:426952928:00390504:01805,cvm,【冥夜】「我没有资格指导即将比赛的人。<0A>在那之前，我自己更需要锻炼」<01>,[],layout_only,73d399bb9e2e26fdca5ecd445eb61e0c9db348ed2e96bf6b316c18efb1163d03,c1f7b73a2cf2801c8c46cc21735c56d12365c764f44764407661e8a52a6e0cc2
pm:vm:photonmelodies11.rio.004:426952928:00390548:01806,cvm,【武】「不必认真到这个地步吧？」<01>,[],layout_only,a059797552a6e877e7f7ebfd3f72a139d009f82a8a5444ed2344c5682fb47a2b,46e7554208b978305caa30ddb74a180ec046d052c1c69d798532364d950d5a2f
pm:vm:photonmelodies11.rio.004:426952928:00390780:01807,cvm,【冥夜】「或许是这样。<0A>而且你能这么说，我很高兴。<0A>但这是我自己心里的问题，就请让我这么想吧」<01>,[],layout_only,ae8b631c0f392f5a25353db1dd954a6889d2ae89b09999148370fb6c188681d9,0a7dddd42f57ed927b942ce12878e0b341ec8c2064854d9ca3b7435891001e2f
pm:vm:photonmelodies11.rio.004:426952928:00390824:01808,cvm,【武】「……这样啊。既然你这么说……<0A>我也没什么可说的了」<01>,[],layout_only,963768dfd09da8812dad22f14c492ae65d5edb38e254df60097e6285328e8545,049e2dcc134a055ad70237f0e628155fdc338107bd80f33ffc00cd9d27ba8578
pm:vm:photonmelodies11.rio.004:426952928:00391040:01809,cvm,【冥夜】「光明磊落固然可贵……<0A>但只靠这一点，许多事也难遂人愿……<0A>要拿捏好分寸，真是难啊」<01>,[],layout_only,4fdf4614c19d40196c12ca13790cfb775c134f79e3eb38ad980ede0e61aa23a2,effb9bb891c7f50966b5e543bae69e33019f1312a0e3a707f631b4cad28586ad
pm:vm:photonmelodies11.rio.004:426952928:00391084:01810,cvm,【武】「……嗯？这句话我可听不懂哦？」<01>,[],layout_only,5600ef6528484b1fc539b1055210d6d68e38c37638f166127cee64423e1686eb,1c92497390b4167c110819fd8f37365d5111875d83b5a54e051f76c99e88d0e4
pm:vm:photonmelodies11.rio.004:426952928:00391300:01811,cvm,【冥夜】「哈哈哈……没事，只是自言自语。<0A>拜托了，武，明天和姐姐一起……」<01>,[],layout_only,5ff693996ceb994673ce3603091937326ee764c3aa0a6c01eb78becb0f80f4c3,85aac6be56d70ae4d1f3595fcde87a84b2f17e31f866156184e4d870021e46ba
pm:vm:photonmelodies11.rio.004:426952928:00391344:01812,cvm,【武】「嗯，我明白。既然你都说到这个份上，<0A>我没有理由拒绝……<0A>说到底，这也不是我能摆架子挑选的事吧？」<01>,[],layout_only,3f70936fa3a8cc9bd3e73ef6bf04d0691a8fb8156af44ee397fd1f1cf087215a,b7c8a4d1466fa3a5f21c0c36d28a094f3fc6358812b0f261568b70555957ed8b
pm:vm:photonmelodies11.rio.004:426952928:00391560:01813,cvm,【冥夜】「原来如此，确实如此……」<01>,[],layout_only,8a48efbfe3a7e8b7a632376e2d645a93315e84a4072ead4629083c0793842dee,5dbfa358108043689ab400904a1c81b7cb3e87e9b3c46d87acaa8dfd6b670445
pm:vm:photonmelodies11.rio.004:426952928:00391604:01814,cvm,【武】「就是啊～，我呢，只该向你们道谢，<0A>根本没有资格挑想让谁来教」<01>,[],layout_only,b0fa569fe6eaab2b1525f7a015805ee7d6b2320b6129938a25a545cc9c50287d,ef15709ae9bc35cea25a3c1810af776b7e3733ea5b7599b4b2dd05a327893e58
pm:vm:photonmelodies11.rio.004:426952928:00391648:01815,cvm,【武】「我知道冥夜你拿得起放得下，<0A>但有一点可别误会啊？<0A>……呃，我这么说好像也很怪……」<01>,[],layout_only,1bf42d1de4bd7fba14bb92e699dbf7035f614015a3fe77ebe0af40beb1d816fb,3d98b278ccd40da3ffbe45a98c41ce7f61d802ee569794524e28ecc62bbc3d40
pm:vm:photonmelodies11.rio.004:426952928:00391864:01816,cvm,【冥夜】「嗯，明白了……<0A>既然弄清了这一点，我的话也说完了」<01>,[],layout_only,e2348cc0f6bdb31a80d301acfa2d2361bdd1ec27ce85f00fb8682030f1f75ac4,fe2654e2a7faaa8274f215ecf8485aabc930d19b25913c75e32de7d97a0a9a77
pm:vm:photonmelodies11.rio.004:426952928:00391908:01817,cvm,【武】「好」<01>,[],layout_only,f6a82e62e4acfd98e4d66f5d8360e3e24e0450474b5f5ab19249cadd415fa1fd,7baa88db9fd440452373e2ff10afd49c30da68308c15b77d13fb9cbeb018ea72
pm:vm:photonmelodies11.rio.004:426952928:00392232:01818,cvm,【冥夜】「话说回来，武想说的是什么？」<01>,[],layout_only,33a9153f67e69d2d236bff2a0cf51e43681b4d07150cd69e37c6a50218399678,8886ab9210ada91adca7e7b8439e9a54c80fb080ad8ccbaf379227bbdf10dbaa
pm:vm:photonmelodies11.rio.004:426952928:00392276:01819,cvm,【武】「只是想谈谈明天的时间之类。<0A>我明天去叫悠阳就行吗？」<01>,[],layout_only,562c0147cbd2f13c972d5630d79010048bc38c9abe1e712eb6fea7b45af0a8a2,43384afb5b168788660a85011980942779db28204ffb4f3fc5ce1f7011f72620
pm:vm:photonmelodies11.rio.004:426952928:00392508:01820,cvm,【冥夜】「不，我会告诉姐姐去接你」<01>,[],layout_only,850fca3915fb867c17bea6e09794ed54cb08a1b92c131f281e62799106a3c15a,54d2722b7e997ea447faee1f0847a5102cbf8f47c65239a0e299e21f0e330c55
pm:vm:photonmelodies11.rio.004:426952928:00392552:01821,cvm,…………啊。<01>,[],layout_only,a6733809f17ee8743ad2139d28534360f06d410d4f7a82daf5ef05db1b160626,13c35d9e2e6e3d5475a04ed3f0c4976765d651fc1d761865e46ce5619982d60d
pm:vm:photonmelodies11.rio.004:426952928:00392596:01822,cvm,【武】「不，那不行。我去找她」<01>,[],layout_only,88909b264f8af40d6ec2fc4967686a44faf9152915f3b5c06059fc245eac62f9,740dbbc18b62c81aed6548836cbd726bb5a421393222f96abb04942474014a6f
pm:vm:photonmelodies11.rio.004:426952928:00392828:01823,cvm,【冥夜】「…………？」<01>,[],layout_only,ecad98ed1826a09f1c0847eaa35cb07ce572c5229a61e220ad9213174ec6a29a,fec52954e690933f34b3cfaed1ab40c3200b88ae52933a58760100eeb40475f7
pm:vm:photonmelodies11.rio.004:426952928:00392872:01824,cvm,悠阳要是来到我的房间，被沃肯老师发现，恐怕会出大事。<01>,[],layout_only,f75150ead13fb8463190279bd5f273ce8a323f7c4b71d2dea051e46fb0ec5bb7,54860c67b8dcf4cc05b4e4f2d37f3bc29197bd75fd71e3fcd71fce4ab559915c
pm:vm:photonmelodies11.rio.004:426952928:00392916:01825,cvm,【武】「就是这样，拜托了！」<01>,[],layout_only,c7298bbd27d3ee1b0bc86b4903ea23dabf0936077f766c3aa2df8d9af92dc5f8,a434c0b905b39e3d1798d3222ffbe6ffb2abe9020bae2dacfe899f12ef64745f
pm:vm:photonmelodies11.rio.004:426952928:00393148:01826,cvm,【冥夜】「明白了。——那么，我也该告辞了」<01>,[],layout_only,a67c1845c1d8c7f1549e559bd46f0ab45114c02cc3fc81caac08e0516850d871,ff7d7b989137a64129c0474fda01d8ab0297b9e3c35afb2295a42c49f42de601
pm:vm:photonmelodies11.rio.004:426952928:00393192:01827,cvm,【武】「怎么，有急事吗？」<01>,[],layout_only,3c52e0dd3db7960cdb54930db859af378abd25addfe2cfb787acddd9f2bb6607,095806abf64e0e83cc9c4e5e4b8ff6972a23a913ba2783061b75edc7f9e0ca31
pm:vm:photonmelodies11.rio.004:426952928:00393424:01828,cvm,【冥夜】「大家约好一起泡温泉。差不多也该集合了」<01>,[],layout_only,db74b4c9a827641cd4a8279e46de10b12c335cc6e87bc74aa332c6a6c3903474,cf4bb2a3bd0a697d3e9fca4231113b58d5aefa5a73c686c22ee704980181eb23
pm:vm:photonmelodies11.rio.004:426952928:00393468:01829,cvm,【武】「哦。原来泡温泉那件事是真的啊？」<01>,[],layout_only,cafd1c22c291e706bad4adef9f91efb1c8ec5f99f082f2d14ccc4d43bcfecb22,2aa70056abfd1aa98697c2e4f1ceb44098c49d20dc988ec0346c777bd23d1d39
pm:vm:photonmelodies11.rio.004:426952928:00393512:01830,cvm,我还以为那只是她拿来脱身的借口。<01>,[],layout_only,7e65cb2484ab1785d3044824d8f7d0bd8ab34bb2618228e1b53e4c5290025c26,7a0271aa7cbe71a64c13c76d916bbb76c57f61d4d7bed048da25d7542c19aae1
pm:vm:photonmelodies11.rio.004:426952928:00393568:01831,cvm,【冥夜】「事情赶到那里，就成真的了」<01>,[],layout_only,a18978acbaed30aaf5e9d856ef8de65e091e8decdb5b3bf62b15cd9d984b32f0,abddffc52624f190e61aebafef89978ac8195c7deccda67ed275e4a6b5cd9537
pm:vm:photonmelodies11.rio.004:426952928:00393612:01832,cvm,【武】「这样啊，那得快点去了。<0A>可别在浴池里聊得太久，泡晕了啊？」<01>,[],layout_only,4696fb7f179c7ae035cf80ed9889bd1f37b7eba8c3609a01a44326a3d3371037,43a349223fc7823eb25e8464bc0e8b506ba669ed46e44ac6654ada2c92991ec2
pm:vm:photonmelodies11.rio.004:426952928:00393844:01833,cvm,【冥夜】「哈哈哈……知道了。那我走了」<01>,[],layout_only,d182c09d31d748837cba3c2b029b634e27d7745a9c5d978c6177d21efe93c810,c7688b8a73c392f7eeb0dec125868f42365221cdb86f7ca6cb76ee1951b03199
pm:vm:photonmelodies11.rio.004:426952928:00393888:01834,cvm,【武】「好」<01>,[],layout_only,f6a82e62e4acfd98e4d66f5d8360e3e24e0450474b5f5ab19249cadd415fa1fd,f24c509491629c88c4e7f5a526e4729048118b1a4268547faf0042ca051ceb3a
pm:vm:photonmelodies11.rio.004:426952928:00394088:01835,cvm,……哎呀，她还是一如既往地直率。<0A>我觉得学会稍微耍点小聪明，会活得轻松些……。<01>,[],layout_only,638ec42e6afcd55db13c2a95e6951d61624c6092836f3331a8ada629bf5d9181,cff75645931c6b79ef3d5aad612927747e72f60c530ce44dedefc7d0cb768013
pm:vm:photonmelodies11.rio.004:426952928:00394132:01836,cvm,不过，要是她真开始耍心眼，恐怕就不是‘小聪明’能形容的了。<01>,[],layout_only,b646f1b6e5cf0c582e2a8e3742e9c82432acdaccbead06fcebab25a0dee84099,5becab6a97383966a9551bb0db8879d2d57ed76accde2f91aa2a11939df79960
pm:vm:photonmelodies11.rio.004:426952928:00394176:01837,cvm,…………好啦，难得来一趟，<0A>我也去泡温泉吧。<0A>为明天做好准备，先缓解一下今天的疲劳。<01>,[],layout_only,633055ccfd766b88af94e702af008feb0756ce37fe27609d753686c195d75323,4c48eaa59fcaa7b6ea21de7b8d5d9e6300a8ea424341cc1620b2ac197493fdf7
pm:vm:photonmelodies11.rio.004:426952928:00394556:01838,cvm,还得谈谈明天特训的事……。<01>,[],layout_only,b6e66f1c27cb5b4976c7874b63fe0ba433e3c8dab495ca4add590da329868686,4a1368c0fba249ab7b6e2eef406fcdb586a5f25b6c2e5443a21f294a2fbd3779
pm:vm:photonmelodies11.rio.004:426952928:00394600:01839,cvm,可是悠阳和冥夜，找谁谈比较好呢。<01>,[],layout_only,a61b6b6667490ece5624991f60bdc9ff62ec2d55712569deded45932351db694,e769dc762e7d9b924ac64559361adf2c815f10621f9a69f3c970b8df5fa22b95
pm:vm:photonmelodies11.rio.004:426952928:00394644:01840,cvm,悠阳看起来会笑眯眯地听我说，冥夜则会毫不掩饰地一脸无语。<01>,[],layout_only,7d00faec8c33b0b9fd5b2c356b928d1808cc28926a7d168edf4076ef325573f7,8dee2d28b5db20685e23ee6c5defb2ec565c19a095d1f1cb626569a0b5d3d1f4
pm:vm:photonmelodies11.rio.004:426952928:00394688:01841,cvm,不对，等等？<01>,[],layout_only,60b0bd127913609aeec722ae17b49f53b29562644f67497da069f3540ebac4c1,50f2847a48af294682811411bcb252985eb32b7b7020e04ba99778098b1450b5
pm:vm:photonmelodies11.rio.004:426952928:00394732:01842,cvm,悠阳之后说不定会直截了当地来一句“自作自受”，<0A>冥夜则会嘴上抱怨，最后还是来照顾我。<01>,[],layout_only,be16a80475256a11cbe9f55f5615d8ed69163080ed74ccebe9767e71bdf1872f,8f76129a68cacce957b55df3ba60e569894e3c2627dba3a91934fd062777110f
pm:vm:photonmelodies11.rio.004:426952928:00394776:01843,cvm,不不……也可能完全相反……。<01>,[],layout_only,489af58bd00b17495adebfadb1acc453e9a2b24c8bffffa3f5c1bcfcb88753d3,b4d01662cee7764283e9115932124dfb808af5a6faf4cbbc071268edbc67d58f
pm:vm:photonmelodies11.rio.004:426952928:00394820:01844,cvm,…………。<01>,[],layout_only,efa30788584cfea7ade60ccc37d7fc6cda943e64935eb133252c341159e58e05,0b3d7aae4004dc9b91522cf9245f879b48b6a3b3d3c28ecbba043ba8207a6df9
pm:vm:photonmelodies11.rio.004:426952928:00395000:01845,cvm,到底是哪边啊？<01>,[],layout_only,80f39679ec5da86ab21e988e516dd74874a55e80fac344bcb91366e820156825,dbc53f757f3e737f54cadc7d664094e9d79db5a92c18af83fa95115d03246301
pm:vm:photonmelodies11.rio.004:426952928:00395044:01846,cvm,也就是说，找谁谈都一样吧？<01>,[],layout_only,ad498f4d89d6041c414c7b280da1badac7ab81b9590bdb0e4cc55a14436b2834,4695dff421cf3246321c04576942d471e17668b72b9d6b54a4101d4c8ff916b4
pm:vm:photonmelodies11.rio.004:426952928:00395224:01847,cvm,好，就这么办！<01>,[],layout_only,6bc09bc54dfd218cf8e14c240d01488f1cf937fb2dc0d7561c8a03957e93c0f0,0b5cb04c75ea20c23f06a940010b322d946f66652bc2622b62d3c96059e1a097
pm:vm:photonmelodies11.rio.004:426952928:00395268:01848,cvm,就在这里等，先碰见谁就找谁商量！<01>,[],layout_only,3b337fdc5bf7c50b84cc41ade4eaaa4688d7c669316b095185bce2658239c144,7b564b53c6c82ac05573fd2b54ee20f0211a8706d29e0ebedca8d05401cefadf
pm:vm:photonmelodies11.rio.004:426952928:00395312:01849,cvm,那么，是冥夜来，还是悠阳来呢……。<01>,[],layout_only,ee49663b0a18fa2dc8db0567f37cc7a40672d7d214889739913e9f7eb4e747c5,c528d30d66fd49e410789d283588148984bbaefa3b730798cfbff131fab3a3d8
pm:vm:photonmelodies11.rio.004:426952928:00395356:01850,cvm,……。<01>,[],layout_only,a8c0841fada26437e06edf4cc99a2f89302a31715e6fffabf09bae04dbbc9a80,8b9838ce3d87979c99406185b29994e51c8853c86ecd9f0c3a80843c34808661
pm:vm:photonmelodies11.rio.004:426952928:00395400:01851,cvm,…………。<01>,[],layout_only,efa30788584cfea7ade60ccc37d7fc6cda943e64935eb133252c341159e58e05,0b3d7aae4004dc9b91522cf9245f879b48b6a3b3d3c28ecbba043ba8207a6df9
pm:vm:photonmelodies11.rio.004:426952928:00395444:01852,cvm,………………。<01>,[],layout_only,65286ae940fe82e427436b762e00a4b043f20acb55804535e507c56407feb440,4b9a305fae71661ee98f0fc0e96494d9ab9431e3da7611fc609e9d10c9993131
pm:vm:photonmelodies11.rio.004:426952928:00395488:01853,cvm,……………………。<01>,[],layout_only,ff53937089402e2ea3db9f67835fc6d41643a9e1e74f0c2eac2cefe11f4ce505,d19db26cc61ee1a8d9901188db2028012c1d93e9748fe3cb8bd0cc7765641701
pm:vm:photonmelodies11.rio.004:426952928:00395532:01854,cvm,没、没人来……。<01>,[],layout_only,bac528f73200cb85de87502682ae5933edac339a8f11a5d42ad29ecc0be28278,d4122d2b27ee5c1ed6f86555a8a859011a41b6061a6c4b7037ec5f7e07f99141
pm:vm:photonmelodies11.rio.004:426952928:00395576:01855,cvm,奇怪，这里，是必经之路吧？<01>,[],layout_only,77a11783d2e61916dd3cfae2d86dc6ca78428b4f3d1c592764c86423dd2f9387,a3a0f04f4ee3b140b30bc4d5e72b704d64f168eb2cc5ee2e5b93621f3c746567
pm:vm:photonmelodies11.rio.004:426952928:00395620:01856,cvm,就算没碰上她们俩只是运气不好，<0A>连纯夏她们都不经过这里……这是怎么回事？<01>,[],layout_only,e6f3239682c0811a485add88a06797aa31a9df2bde847ac9adc0af8af70cdaee,e0b602e2598cec43f6f50109e9183ff176b530e966b06bdc2adb0152b5da240a
pm:vm:photonmelodies11.rio.004:426952928:00395664:01857,cvm,不，光是没这运气就已经相当不妙了，<0A>或者说，本来就不该靠运气吧……。<01>,[],layout_only,ce3f5e2a12ecb026484c55d832fe60e2beb789bc8ce25cc7db7ba4e8c9fc4f71,19df575bf92ef71072a46085ce8d2a935ac88d2ab9315fbcbd2fe08981306cba
pm:vm:photonmelodies11.rio.004:426952928:00395708:01858,cvm,她们都聚在谁的房间里玩吗？<01>,[],layout_only,14307153445d9a602c9a92ead4a7c264ee879bccba20ee45ee0c602f75accb82,dbb60717726aebd6a4527a74202f252dc80b5ed6fb7462b0fd54d02e3b8dfd1d
pm:vm:photonmelodies11.rio.004:426952928:00395796:01859,cvm,【声音】「悠阳大人，万分抱歉……」<01>,[],layout_only,7c0fdeb82f1d20facec706a5f3e0217c6231682b5d57605402fb5044014f04d3,82cedd3aad6c7164bdb9deb2e86750904d864312f76cfa06373529a0b012a6df
pm:vm:photonmelodies11.rio.004:426952928:00395852:01860,cvm,【声音】「无妨。这是我自己的疏忽……」<01>,[],layout_only,1ddb7065773ca5e71d75c5f585c79cd947be01151fec5c0121e75a6ad5228d7b,a6a908120a8a8e8d15b7fddc182d79432929a587f8f82485493ccb9baf83f900
pm:vm:photonmelodies11.rio.004:426952928:00395896:01861,cvm,——嗯？<01>,[],layout_only,b1c0e741012bbc4bd33ce4e44b9073ffebecf5a8b865336a37a4bca1850b2fe1,3d9189bfedfee105b6f8dbd2c45910e40deb49764baf14ad1989e4bcf21cd9e9
pm:vm:photonmelodies11.rio.004:426952928:00395940:01862,cvm,这声音是！<01>,[],layout_only,f8ae8cad02cb029b2f836d7aa0b07a846c2a70aea35621cb878e4a402e88ab80,7f3872a91217c4fc07cb58c27333f16dac1d3097459aeee6bda3d778b1b225d8
pm:vm:photonmelodies11.rio.004:426952928:00395984:01863,cvm,【武】「悠阳？喂——……」<01>,[],layout_only,ffb40dfd5584e3be2401614d46aa0f5051e6e2d210523881178e08c87fa443da,aeae630bea129947233a8aa44d34fddafadbd7219fbb0b1364dd958fcddbcb97
pm:vm:photonmelodies11.rio.004:426952928:00396928:01864,cvm,【悠阳】「嗯？方才是哪位在叫我……<0A>哎呀，原来是武先生」<01>,[],layout_only,961d2c94a3ffb80a5d992144d9285346d36955092ed9bde2332342eecf4a3408,2317c3ff9b352857015a84ae014e65ffa614fa563b6777f59d5081b2e949502c
pm:vm:photonmelodies11.rio.004:426952928:00396972:01865,cvm,【武】「哦，果然是悠阳！来得正好！！」<01>,[],layout_only,0319e99a90a2bbe48d7886dc39937564bc120650b1713258163f45c85c58495c,b8ebf0c94f75aae3c36827367b518f9bb3c7d9f5ad1751cb3d64b25308e7d267
pm:vm:photonmelodies11.rio.004:426952928:00397516:01866,cvm,【悠阳】「发生什么事了吗？」<01>,[],layout_only,c52dd08dac260c75987172d2099a539537bb65fb290f9b486ee391eb2b060ff4,b15862ec226c21f6711850a0984fb3df96432b24af250919cdddeba3fa4b725c
pm:vm:photonmelodies11.rio.004:426952928:00397560:01867,cvm,【武】「我说，你现在赶时间吗？」<01>,[],layout_only,76724e4ef9759fc2afbc8a76f8d7dc948e551360c21f8fec6e0fea230172d4be,ed7c15ff6fcc112f342e2f2da868c9981a076504d89bed389b3d86ff7217600d
pm:vm:photonmelodies11.rio.004:426952928:00397616:01868,cvm,【悠阳】「不，倒也并非十万火急……」<01>,[],layout_only,1fb99f0323fe417ddd81cb397df3b72d4cf5b2d63a0ea4a2c9d8de7ce4d91569,81fd67f83ff0efda125a7bbb98e29e4e64df2d728590c3a1dfb52ee5ed94c2a0
pm:vm:photonmelodies11.rio.004:426952928:00397660:01869,cvm,【武】「我有件事想跟你商量……」<01>,[],layout_only,a660cf0032631de59938aedf696f7f7d44e42bdf85c3d4d59ec5b1eaed733184,6a08e412e7331777c8b45a54ec4080b9d144d07a99746f24dd3966eb2f4557ec
pm:vm:photonmelodies11.rio.004:426952928:00397892:01870,cvm,【悠阳】「不知……是我能帮得上忙的事吗？」<01>,[],layout_only,f337feaa6bd1bce84e07507851deef42297cbe8758dc47d4e6d2b877a99de055,39bcde74802fa7c3f0c8b8ed372072455b8edaf804c88580968b418f65a89cbf
pm:vm:photonmelodies11.rio.004:426952928:00397936:01871,cvm,【武】「当然，完全帮得上！能不能，听我说说？」<01>,[],layout_only,255814cb1af7768fcc2f96b3b8d42a218be613d34cff4892ab749306e5360ef5,a4f51cf44759a83b4b1b77e80a554f16ba7742837770c8be1aadeefd0938c4da
pm:vm:photonmelodies11.rio.004:426952928:00398168:01872,cvm,【悠阳】「嗯，当然可以」<01>,[],layout_only,2aa7efe7c7bc638bc78dc56e6367f2d5ef4edd01ac7d4096a1c232b8e72ebe72,254f43c8535835aebb39bcc6a825fbcbe7d8eb81ee8c99d100d2b373c4cfc6d8
pm:vm:photonmelodies11.rio.004:426952928:00398212:01873,cvm,【武】「其实啊……」<01>,[],layout_only,eaff97491767d47dd78eb7caa13f9b7f00289aadd49841b26e530d4b9dce9165,217b8ad15b765f0f909ca3f3a30d6f6a860d70473382aa94e5e3bf43cb534987
pm:vm:photonmelodies11.rio.004:426952928:00398772:01874,cvm,【武】「——事情就是这样，<0A>我想请你从明天一早开始特训我滑雪，<0A>好让我赢过纯夏……」<01>,[],layout_only,7836ea017dd39932e1a616d4c0b3c6d6ea817cf3870cf5d32bcf4e722e8d06a8,ffd6dc64337478c7fe970cfc490c9e8c6c59de656c7fc2f2ac4f3a2fdb27e064
pm:vm:photonmelodies11.rio.004:426952928:00398992:01875,cvm,【悠阳】「…………」<01>,[],layout_only,cf8055a2bf7ca517121f0df4f6e9cb27cfb09e51c2a729ceabd2ff965136eedd,596cbe5acd9b31ef237a2ad0643688ea2ec23e26e6262f3786f2c9204fba795c
pm:vm:photonmelodies11.rio.004:426952928:00399036:01876,cvm,【武】「…………不行吗？」<01>,[],layout_only,63b7123ed116c29f32d0ed0df1d98c84757b859cb301463ac36aed231f1a84ea,4e6c0af887b0710e19b39c37a8bed8d676351a2ed2fc7972090a049f50f06db1
pm:vm:photonmelodies11.rio.004:426952928:00399268:01877,cvm,【悠阳】「……呵呵……真是的，<0A>再没有比这更像武先生会做的事了」<01>,[],layout_only,a921a11dbd4064624bc5e4f7ee62ddbdd890a70b3b09a07f274855a2e9084291,1dd13c380c8a0cd5f21ce0842ac9a4418b5b903e1672447c584b1964b32d6d7f
pm:vm:photonmelodies11.rio.004:426952928:00399312:01878,cvm,【武】「哎呀～……」<01>,[],layout_only,32fac28430fb18b92c7d8af2172e1cb82e6157f89f5ccf0fc7ecc78b4a2fdbe0,56746040f7592f683ca9d63d8e8fe339fdd6f20d4277a999221c09a8a2c4687b
pm:vm:photonmelodies11.rio.004:426952928:00399368:01879,cvm,【悠阳】「鲁莽也该有个限度」<01>,[],layout_only,ac8b08c20ddb95773c33725cbf6ce81a3b41dce92a5c83b8f7f0bd85ebc18249,af59e1701b9c4f89e5a9c3ad0eccb8aa5ecb88d7ddff64786e9f692006169bcc
pm:vm:photonmelodies11.rio.004:426952928:00399412:01880,cvm,【武】「…………」<01>,[],layout_only,770975bc8d76964cd0683d1a3ba2ec947971272f34819d29aa5c66d3964a88d7,6a17c608647a040376434d02fd50f1e4124a141fe417bdc98ba4d3f27bdee35c
pm:vm:photonmelodies11.rio.004:426952928:00399468:01881,cvm,【悠阳】「为何武先生一遇上鉴小姐，就会变得如此较真呢？」<01>,[],layout_only,75ddd61667fecc8e379d51b0218c02e309e681bdea9abdfb6a9dd1f6b5862fa1,d2739028e1c18df417cc0621573a0f47986b264d176345a97a4b4603844037dd
pm:vm:photonmelodies11.rio.004:426952928:00399512:01882,cvm,【武】「这是个非常难解的问题。有种说法是，<0A>由于和那家伙长期接触，我感染了某种病毒……」<01>,[],layout_only,a04ae2041b22bac977acc4cc7cbe5e3c5c45771fa3db4b4d9d85fb7794d67aa2,e41ab477bbb1addbf698b6ed0022d8c37a47a008dd7c46b7916f8b0e159985e8
pm:vm:photonmelodies11.rio.004:426952928:00399744:01883,cvm,【悠阳】「那种病毒，尽早消灭掉便是……」<01>,[],layout_only,1f09e8cf7db578409c6e7470c842653b2be67d5b9551fdda81a3402b196a3dae,30e7df502e8abc9ce57fdda553e2bb08dee1cc15f903d8626b4b44d542f5170c
pm:vm:photonmelodies11.rio.004:426952928:00399788:01884,cvm,【武】「真的，你说得对……<0A>我也真是没长进啊……」<01>,[],layout_only,b9732b13f5d3a1ff78abdedd33cc4af8e60d3bf777affc993939b4657d35ed98,abbffd7862c5c8e0978f2c08357b1a6caa417b8dcab32834596b5528ccd4c04e
pm:vm:photonmelodies11.rio.004:426952928:00400020:01885,cvm,【悠阳】「不过，既然那病毒又作祟了，<0A>眼下总得想办法处理才是」<01>,[],layout_only,eaf6fb51b4cac97118b912efb9041fa5ea0d376a79d55ec211d7e3b7283cfdfa,e6fa4f9a096f1abaf39bbadb5c9978b26368f9a0988bb94c19234e03ce220cb5
pm:vm:photonmelodies11.rio.004:426952928:00400064:01886,cvm,【武】「就是啊～」<01>,[],layout_only,f84db9cc39f06faae987aac36244093063854a87f208733e864a556fc87ddad1,c7044adf1eda036022d12b338cad90fa741db34432e3bedc1a6219d8e4ef8bfc
pm:vm:photonmelodies11.rio.004:426952928:00400296:01887,cvm,【悠阳】「若是不嫌弃，便让我助您一臂之力吧」<01>,[],layout_only,ae9d45bfabfc5a00514f18ca9c2eb86fe20a377f76d719dcac4b38f06dcd1ba4,640109a7711839a882dcd558b667abf7a1b9bd435f94b5d1401469292243ccb2
pm:vm:photonmelodies11.rio.004:426952928:00400340:01888,cvm,【武】「咦！真的？！」<01>,[],layout_only,af5f90fb2cf1f09056637ec0e4825766d47dd3575062afa0320261baa563265a,2f1f98f34ff1d5f308087b5583b2b5c1e747ab46a509b394826fda17d505148c
pm:vm:photonmelodies11.rio.004:426952928:00400396:01889,cvm,【悠阳】「可真会挑对自己有利的话说呢……<0A>您明知我不可能拒绝武先生的请求，<0A>才来找我商量的吧？」<01>,[],layout_only,2096dd697aea6411a989de7a7d9d202f76e43c88e537ac3e444a2e426308a630,c937310c3682755dae919a82aa61e7d29084602dcf3555b1ade1ac4d2b40e0a2
pm:vm:photonmelodies11.rio.004:426952928:00400440:01890,cvm,【武】「唔…………被你这么一说……哈哈哈……」<01>,[],layout_only,233200c245672d2c46bfbc32689e64f5337c79b4f2174d79fee43f4c316545f0,0eebc247d338691ff1cc4af1080ca19a064430269dadf4f3af527b7cf722fb0d
pm:vm:photonmelodies11.rio.004:426952928:00400672:01891,cvm,【悠阳】「那便不能称作商量了」<01>,[],layout_only,93b73c4a74ef09f59b6263f64d05aa4ec3fb2e0e49657c1141e342d5d22bf59e,a181c2b4bb41d9d4d43c02200a8ab9e109eaddb76ba17ea56dfb930536090c8e
pm:vm:photonmelodies11.rio.004:426952928:00400716:01892,cvm,【武】「是……」<01>,[],layout_only,62dbcd675e0d37e31b6da40113282c9f4594fe73dad5fd5b529eb1b70a592934,7875ea0f20103ac1e2902ef6d87aada8d22edac5601926b09653490f0e2eed7d
pm:vm:photonmelodies11.rio.004:426952928:00400948:01893,cvm,【悠阳】「可是武先生……若只是马马虎虎地特训，<0A>是赢不了鉴小姐的，您做好觉悟了吗？」<01>,[],layout_only,4cfd5ff8ebb6ae4919a914e9d6a3a25e7c81b220f7375d71e9c681d31a5e6434,da538def17cf678a52901cf5639db10dd94658dd491057c98122c4044e54ba63
pm:vm:photonmelodies11.rio.004:426952928:00400992:01894,cvm,【武】「好、好！当然了」<01>,[],layout_only,fd49dd1291b1e14ab6916dfbc82fb428d62b2783cc6fdde1588dfe7771184ff1,01ef11c0b26e6e8f82540dfb889f0d575bad825486d1b051e07d364bdaf4c8f6
pm:vm:photonmelodies11.rio.004:426952928:00401208:01895,cvm,【悠阳】「……我是认真的哦？」<01>,[],layout_only,851f0ee71cd530c41b3a5c1c786cf0785b760c283f113873e54b60a9dfae8291,e13d53ca6ef6afda06b391de52dca07f2bb1bd814b66e13f0dd8e105f080663d
pm:vm:photonmelodies11.rio.004:426952928:00401252:01896,cvm,【武】「我、我知道……了！」<01>,[],layout_only,c29d8fd97f9ef79352454b48c0e24a2603261b86d4d6303098d4acad8bddc81d,719421f687dfa799a0ce4c772e8e30f20745074c1ee9c5c982f521534393eca6
pm:vm:photonmelodies11.rio.004:426952928:00401484:01897,cvm,【悠阳】「那么，明天早餐后，<0A>我去您的房间迎接您。可以吗？」<01>,[],layout_only,60ddc11b492610930bfbb8dcf210e9c2f51db0bb92196a114235dcbfa6cf1a72,0d14470b091ba342ec305cea8cb614fc830743f7a260284a23b62460a63ffbec
pm:vm:photonmelodies11.rio.004:426952928:00401528:01898,cvm,【武】「嗯，明白……不！等一下！」<01>,[],layout_only,cf59890a777d87cba2f00f82459086ddcffb1b344f2a57cf166392f819bb21ac,92ea801c4c9ec13596d555dbf4d4565ad22410f9de8df647c3fbf862de9ba735
pm:vm:photonmelodies11.rio.004:426952928:00401748:01899,cvm,让悠阳来房间可不妙。<0A>要是被沃肯老师看见，不知道他会说出什么来！<01>,[],layout_only,08d8f417efeb8dce6ebdfe9a5f6c9e43eaec94102407d9eae480875085eca387,c98b0a779f4fd81ca8bbfd6e504064b0aaa84f5dd7cb1d3ef38f5995c1c186c9
pm:vm:photonmelodies11.rio.004:426952928:00401792:01900,cvm,【武】「抱歉，我们换个地方碰头吧……好，就在正门」<01>,[],layout_only,1ac77bf196487b1501e8f7d389bd4bfd9a8eabf3fef359c6ad093d81f981b4a2,ab85f358c3d3f3fa3c3b186fd13b87de72cb60144eb4ceeaf9fe1adf1aef82b0
pm:vm:photonmelodies11.rio.004:426952928:00401848:01901,cvm,【悠阳】「……？我倒是无妨……」<01>,[],layout_only,85e940f8aa02373a5eeecdc6f5067d96fe44b209e24426b61bd404ac8b934cd6,5fc299618ff7e5b52abb76e9540f168ec74bc0b3c1308247fd6a892a0c94f21d
pm:vm:photonmelodies11.rio.004:426952928:00401892:01902,cvm,【武】「好！明天我要全力以赴——！！」<01>,[],layout_only,4757c8dcff602bb69d39796d71da944da78011385ca4583aee10355830394677,579aa053b3ec19216acaba44b104348ccd5da09f64348a6dae4177c23968f15d
pm:vm:photonmelodies11.rio.004:426952928:00402124:01903,cvm,【悠阳】「我也必须努力……毕竟责任重大」<01>,[],layout_only,dc732a7e1ab5896b528e4fe2bb43d28da31e722cdbc5cc07e55d8cc9aba4f7d8,b3c363b4da7d1278083b24cabf18706b19c1572d39334466daf2cecadc906ff5
pm:vm:photonmelodies11.rio.004:426952928:00402168:01904,cvm,【武】「那就拜托你啦！」<01>,[],layout_only,208cc3a378725a681cf618da7a28d6c8c1394984bfe89171f7bbdedeb2648c4b,2522f94af8620ec2a4f67fdfdfaa532bef078e72adc462e99edbfa397e261846
pm:vm:photonmelodies11.rio.004:426952928:00402224:01905,cvm,【悠阳】「是，我明白了」<01>,[],layout_only,140cfdc031a2232efeaf444f210728b95ef43cabf09b708a774bf29f6bb75331,8c3609b3a5c3642cf1e91150275bc73522deadba0d3b27f06382ceef830521fb
pm:vm:photonmelodies11.rio.004:426952928:00402268:01906,cvm,【武】「……对了，我把你叫住了。<0A>你本来有事吧？」<01>,[],layout_only,b42eddab1b6bd51d4d607f990dbe423e52a36a54f2a44ee8d32ed4f034200ada,accee9543ca0539f92d4f0506db1bd55154cbc0e08b2e819f7f1542c78e438c4
pm:vm:photonmelodies11.rio.004:426952928:00402500:01907,cvm,【悠阳】「是的，大家正在一起泡温泉。<0A>我不慎忘了东西……回来取的时候正好遇见了您」<01>,[],layout_only,0e43cc3666b6c59ad0ebc8756feb6dfcab2fbf6524543b65dfaf48130413d8aa,56da0ba9002e38774bf6ed33bffc8be3a55eae2bae270cc39a61742ad3af558a
pm:vm:photonmelodies11.rio.004:426952928:00402544:01908,cvm,【武】「原来是这样……」<01>,[],layout_only,b723161fd916eeb8adc31dac855dc177379267d7c75efaca0755f1f37d12c17b,b071e84295ce6c079930ca8f3c8c5be8923570b1dc44df996b7937ef8b0d1c20
pm:vm:photonmelodies11.rio.004:426952928:00402600:01909,cvm,【悠阳】「这想必也是我与武先生命中注定的缘分吧」<01>,[],layout_only,95b13bc7c2542bf7c9d883515be5754ffd321eff4927355fa50552407064a459,f5a778f1d3679db9b35ba86d1192ea1e3ee2cb593db56d2ffc83d53ca5789646
pm:vm:photonmelodies11.rio.004:426952928:00402644:01910,cvm,【武】「是、是吗……」<01>,[],layout_only,907dbcd162bf96e072c8c26b96d3c12f49d7324757cfd1f72f13701b165df121,da5393007c33c72fa6212b07450fdcfd46382370410e05183f230bd12fa32232
pm:vm:photonmelodies11.rio.004:426952928:00402688:01911,cvm,关于这一点，似乎还是不要深究为妙。<01>,[],layout_only,cf1f95f8c9c6a49f600bb53329064638e5c350d587d1060c3037b19c87b9cbdb,5c3066912f00b0bb313835d03195ad2cb7f659cb98f750bad536055256e4e482
pm:vm:photonmelodies11.rio.004:426952928:00402732:01912,cvm,【武】「不过……你们真的去泡温泉了啊……<0A>我还以为那只是脱身的借口」<01>,[],layout_only,8c91033dc4d3f66e4bd379e2b5f323aa89341c9f4f1e95b5da24a7337295156e,2da3ffcf1e1b63e7f573478964af9d1fecf08c6c018d104c73bd07b62d20f345
pm:vm:photonmelodies11.rio.004:426952928:00402964:01913,cvm,【悠阳】「不是，一开始的确只想拿它当脱身借口，<0A>可后来事情赶到那里，就成真了」<01>,[],layout_only,23055e0442579bc8088ccef1c0bc57192d98ff31372deeda8b7da33cd4d3f352,8b5af4f8f10a936d0bd85df45e330a6c716b236f1ac5a6bbd486c6e3a72943ab
pm:vm:photonmelodies11.rio.004:426952928:00403008:01914,cvm,【武】「这样啊。总之，耽误你了。<0A>大家都等着吧？<0A>你还是快去为好」<01>,[],layout_only,08bc8324770d39db0e3bdd20c90d5fd10bed90f64c8b184eb58f2ac06c548f7d,cd8808cef354edf7bd20066b54b673e9c3cb76835cca6367efee08d1d5f5dfa7
pm:vm:photonmelodies11.rio.004:426952928:00403240:01915,cvm,【悠阳】「嗯……那么我先告辞了」<01>,[],layout_only,12bde2fa098d6b30f3f3f215df3e643efbfb5115d501729ac54badd683fd3ce5,e038285385ae2e724d23dc21dd72d4f48b018bf21331ce3f7a937c69a1af50a2
pm:vm:photonmelodies11.rio.004:426952928:00403440:01916,cvm,呼～～～～。这下准备妥当了。<0A>接下来只要明天努力……。<01>,[],layout_only,1fe3834f59620c9fc42d5ad42f774c0b81ef7509b4dd24a85d88d787dc15288c,0594d66f2d057cb0a3e340ea18d4563c201b2dc99aafb555e32fbd5939113f8a
pm:vm:photonmelodies11.rio.004:426952928:00403620:01917,cvm,悠阳那家伙……虽然问我做好觉悟没有，<0A>可她究竟打算做什么啊……。<01>,[],layout_only,63b9999bf570d702efadd99019de8e8cc3d377fc536baf29800374aaa694f2c6,a88fe85a750397e68e9f308333ade5df47baae4873a836e350737e47e0a4e4ce
pm:vm:photonmelodies11.rio.004:426952928:00403664:01918,cvm,…………。<01>,[],layout_only,efa30788584cfea7ade60ccc37d7fc6cda943e64935eb133252c341159e58e05,0b3d7aae4004dc9b91522cf9245f879b48b6a3b3d3c28ecbba043ba8207a6df9
pm:vm:photonmelodies11.rio.004:426952928:00403708:01919,cvm,要不，我也再去泡一次澡？<01>,[],layout_only,7ff768007fecb69389b64c48ac58963e6509b0e14d0e16187517b72e1a9b172f,1d709dffc6f411c6c4059fea56b5252e8e880db6422bd48a41326a2407de36df
pm:vm:photonmelodies11.rio.004:426952928:00403752:01920,cvm,明天特训时，要是还带着今天的疲劳，<0A>可不是闹着玩的……。还是泡温泉恢复一下吧。<01>,[],layout_only,7d4a80ac20fd9ab843eae283844e9f9804b8c4142cbe9c380612731e05392530,feff7f58af8d90271b131e1b3679de30fab931c335c76dbc1a89d0f2c276e2e6
pm:vm:photonmelodies11.rio.004:426952928:00404080:01921,cvm,【声音】「竟出现如此纰漏……实在万分抱歉……」<01>,[],layout_only,1b9a887f609d64d8891fa7c062ba4417c82a792fbfb9649b236c09e1b9ddf7cc,fb5585b31c5589b087e35820761fc160fe145be7263f29b449e9928fd2664409
pm:vm:photonmelodies11.rio.004:426952928:00404136:01922,cvm,【声音】「不必在意。这点小事都没能察觉，是我的责任」<01>,[],layout_only,edd6de7dd914c353a9406c449d1963ec9fdea5ba237fee52ff131b4f9cef3b87,cece10e5cb0119a5943d465f615d8237cb0380f7cf25d20b8a1815cca75f1de8
pm:vm:photonmelodies11.rio.004:426952928:00404180:01923,cvm,——嗯？<01>,[],layout_only,b1c0e741012bbc4bd33ce4e44b9073ffebecf5a8b865336a37a4bca1850b2fe1,3d9189bfedfee105b6f8dbd2c45910e40deb49764baf14ad1989e4bcf21cd9e9
pm:vm:photonmelodies11.rio.004:426952928:00404224:01924,cvm,这声音是！<01>,[],layout_only,f8ae8cad02cb029b2f836d7aa0b07a846c2a70aea35621cb878e4a402e88ab80,7f3872a91217c4fc07cb58c27333f16dac1d3097459aeee6bda3d778b1b225d8
pm:vm:photonmelodies11.rio.004:426952928:00404268:01925,cvm,【武】「冥夜？喂——……」<01>,[],layout_only,3e83402187c5ff8de4114214a5bbddf2df45483bfdbb68edf31199f456556f27,8548fca649369c89f1534f05d9420b233a2258c0868d9a2fd2c0cdc1db282689
pm:vm:photonmelodies11.rio.004:426952928:00405132:01926,cvm,【冥夜】「方才有人叫我吗？……嗯？这不是武吗」<01>,[],layout_only,2007bacfa64cfa8e2ecad4b0b7538c79a109ff0770dd401eb84cc359a3d4e02e,dcd3027559f489a7a2b73c6705bb3997a5b32888266c4063b1d29c6898b4738c
pm:vm:photonmelodies11.rio.004:426952928:00405648:01927,cvm,【武】「果然是冥夜！你来得正好！」<01>,[],layout_only,a81c925b7576c72dbc78ca7cd0caeca95c2c87f5c9e9bef48ef9b10fc2657364,95e9701553fab07aabb2ba65f3dada3a326f705c8848337d8abcdfe0f77026ed
pm:vm:photonmelodies11.rio.004:426952928:00405880:01928,cvm,【冥夜】「怎么了？」<01>,[],layout_only,5423fc5836912562ba724c83bdedf02ca466f4320d3b2d1d5c27297643b1cdc2,9529d5e2af3421382e8b6ef5bdf10456c3e66b7a7ddb23eb500998865f3d46ac
pm:vm:photonmelodies11.rio.004:426952928:00405924:01929,cvm,【武】「哎呀～，我有件事想跟你商量……你忙吗？」<01>,[],layout_only,10cc1e9cc28761d6adb2914ad633c0ddd89602184d9b9c0784483e0628fa994a,53af58f9cfb6199f28685c062a75ec8ddef6e5b39ed3763500a1c47cb21bed73
pm:vm:photonmelodies11.rio.004:426952928:00406156:01930,cvm,【冥夜】「不可能有什么事比听你商量更值得优先。<0A>有什么尽管说吧」<01>,[],layout_only,e13a9c6366455434bf766b1531aac636c588d58241318440938012bdc14856d9,53068791aec37d83e5538fd5ea0e7bad99c70fa2a6387d88bbbdecd40828b599
pm:vm:photonmelodies11.rio.004:426952928:00406200:01931,cvm,【武】「这样啊，帮大忙了！哎呀，其实啊……」<01>,[],layout_only,386966917ac796c1661b78d97d419ca985c9a66e2d093a8ed79fd4f65f2b3632,dd1a72a6518d408581917e53292eccf0c9527cea31d3bf2b1ceac5f292a79894
pm:vm:photonmelodies11.rio.004:426952928:00406772:01932,cvm,【冥夜】「——也就是说，为了战胜鉴，<0A>你想从明天早晨开始进行滑雪特训……<0A>是这个意思吧？」<01>,[],layout_only,05eb06d91081d39794abc44dbcad85a151547bd26b48152919efad7357792253,b7494259918b0d4daeea01101b8951e0a4908150c9dfed7e993d120ab789d1a9
pm:vm:photonmelodies11.rio.004:426952928:00406816:01933,cvm,【武】「嘿，正是如此」<01>,[],layout_only,a857a4aadf7f994bfbed2797ecd15af453a0d3a8219fe42b295844631a205b81,e5a9fea57147bb32029135ae46573ee49a0b7aebd5e3b22034dc9f29956219c4
pm:vm:photonmelodies11.rio.004:426952928:00407048:01934,cvm,【冥夜】「真是的……你还是老样子，<0A>尽提些不讲道理的要求。<0A>就算你是初学者，也该看得出鉴的水平有多高吧……」<01>,[],layout_only,eb41e1e9cf6a42cf43e820d63f5f04b6c47b6fb80a55b17ca9ee4c3acab2d5f4,16412e00210bd203264ecb70cf36d96a5c352143b3f71437c00c59263e74765e
pm:vm:photonmelodies11.rio.004:426952928:00407268:01935,cvm,【武】「哈哈哈……哎呀，啊哈哈……」<01>,[],layout_only,4fada4d5666ed9a96afb9efaa8c3460092285ab8f3d28926e4af8cf8d296aaab,6d6803a39ff26750f2875594c281a30101497625de53bc69ecec54f18aad1230
pm:vm:photonmelodies11.rio.004:426952928:00407500:01936,cvm,【冥夜】「我早就觉得奇怪，为何武一遇上鉴就会如此较真？」<01>,[],layout_only,e3bf974eb0dfd713c24ae49a8b02722e026eccb4254c00e204c49550f76b0af3,05c2011a1b7d1a86b69f881bb82a725bcc31000554bf3ad3b5a3f76a6a4adf7c
pm:vm:photonmelodies11.rio.004:426952928:00407544:01937,cvm,【武】「哎呀……我也完全不明白。<0A>大概是前世结下了什么孽缘吧？」<01>,[],layout_only,6cd11dc7fa5561582908db39be68020bee4b9c86064c2d11d01a88ea593f0733,79b4f7b2fd1c16f584eb68cc6737089ee57d5e65d1c052a7b3c04a58b1129f31
pm:vm:photonmelodies11.rio.004:426952928:00407776:01938,cvm,【冥夜】「原来如此？若只是那种程度的孽缘，<0A>斩断它轻而易举。我给你介绍一位著名的修行者吧？」<01>,[],layout_only,5bb097b91db5a93e011d23315ee308852705fb344691a44e60819db5e1184bed,83acd7d70fddaf6dbf325d783a7d12dbedfcae458d7d029980fc9c0ac8b06979
pm:vm:photonmelodies11.rio.004:426952928:00407996:01939,cvm,【武】「说真的，我都想拜托他了……<0A>我真是一直没长进啊……」<01>,[],layout_only,8041df8d37d87668542af26f94482e181881b0ca6ab1bbdadf22485315f82731,85ffc4c5c7a8c4ad02d5881cb886a97fb213cdde95059979303799940098ad3a
pm:vm:photonmelodies11.rio.004:426952928:00408228:01940,cvm,【冥夜】「呵呵呵……罢了。<0A>即便要斩断它，也得先设法解决这次比赛再说」<01>,[],layout_only,b5274d97b2ece842053c543771693a3c474620228d0bc31fa71fcb36238350b2,c5fb7d08b9b0f486be7d717deddfaf4195a4f1d4cd48c9896e321327a35d41c1
pm:vm:photonmelodies11.rio.004:426952928:00408272:01941,cvm,【武】「嗯，就是这么回事」<01>,[],layout_only,9a0bbf7e3997b35c4021c0b560809369c18a972abd65144146b59736ceb90d25,fc4e8801b46a88b123b18f7155cf440e52734879f667c807d06c562a5af3af7c
pm:vm:photonmelodies11.rio.004:426952928:00408504:01942,cvm,【冥夜】「那就这样，武。明天早餐后开始特训」<01>,[],layout_only,8a8abd2098accee00981b6357c01c6666166c85174e093579a22e7467c295a89,c86911fcd1d586d780d58f25b6971020f729fbca69284f36d57a816bb340ed10
pm:vm:photonmelodies11.rio.004:426952928:00408548:01943,cvm,【武】「咦？你答应了？」<01>,[],layout_only,8999944fd2678b8e31e318abf8289b37ac15007742751bf7a5462ab688202f1f,39e26a25784405cdaf65c198136fc8dfc905753623e32ee5560a2f71ecd621c2
pm:vm:photonmelodies11.rio.004:426952928:00408780:01944,cvm,【冥夜】「那是当然吧？不如说，<0A>从眼下的情形推断，我可不觉得你考虑过我会拒绝？」<01>,[],layout_only,7c018205da3eb27f86c221de9303cdc782b3f34af02f265c08f37a27a5a60354,cf1d8618237cd83cc61f2e1751961d2848132916499ae634372382b586693b09
pm:vm:photonmelodies11.rio.004:426952928:00408824:01945,cvm,【武】「表现得有点明显？」<01>,[],layout_only,2ec8d601546aa6c2437873b883feee33667074975b0a401fb7b90f2e5acbc69f,2ef0f8a6ef01e48364c597c858aecb384395cbb37292bc7abc80c380361df907
pm:vm:photonmelodies11.rio.004:426952928:00409056:01946,cvm,【冥夜】「无妨。无论何事，<0A>我都不可能一口回绝你的请求」<01>,[],layout_only,a32a6fb0650d67464dea17c5c185c1d82698d300a5b952dd6ece53794f65cab7,0c342f9674c2d394316efa3e9f0dc4a301e5f6e7d86918558aaca01be6a969a5
pm:vm:photonmelodies11.rio.004:426952928:00409100:01947,cvm,哎呀……句句都是让人感激的话……<0A>听得我真是感动不已啊……。<01>,[],layout_only,7f86474a1a02d7043af53133af9d160c59f57958eaef7826584e549364d14b1f,c129598f9b3dadb171d51363f5a1fc2defad8c8d4ba2ff7b4683c8d697d15ce1
pm:vm:photonmelodies11.rio.004:426952928:00409156:01948,cvm,【冥夜】「不过……」<01>,[],layout_only,72bb3eb433f8d8b3ecc602675ae14d86bbb317d47beecd87349a213c1beaf061,ffe4f692d2a166382dff04152543efd3935df53012af7625e66832e473f7bbc4
pm:vm:photonmelodies11.rio.004:426952928:00409200:01949,cvm,【武】「咦……」<01>,[],layout_only,a8fffe04ba0aec5a8a17f18f52ed2bc1a1bbc5a846e184ed46d02fe91978fd80,cff1150ccd1e336776d839ebdd3abb90457d7f0dec81697b4a75a41c241c3081
pm:vm:photonmelodies11.rio.004:426952928:00409432:01950,cvm,【冥夜】「既然我答应了，就会全力以赴。<0A>训练绝不会马马虎虎，你可要做好觉悟」<01>,[],layout_only,dcb6dc36736e5f9463c0016891ffd5f53ca1b223997889d89f98e588277e5b09,5a718e4c99e1c07b3b69ba0bcdc32d25f5d294a39fbcb2d3ea1bb985e435d09b
pm:vm:photonmelodies11.rio.004:426952928:00409476:01951,cvm,【武】「呜哇……根本没有选择余地啊……」<01>,[],layout_only,483cd03ec30b435c9ec27ffc7fded67d1333cfd3ab34afd19c4f9f71aaeec1b2,21efb3011c3fd711d194b545cd5c018bb44e56da1d7e2b22d8591f92ef3c8181
pm:vm:photonmelodies11.rio.004:426952928:00409708:01952,cvm,【冥夜】「那是当然吧？你想做的，<0A>可是正常来说就算天地颠倒也不可能办到的事」<01>,[],layout_only,fb40959750eaee4e86c98b07e45f222ae2f9017c1ffbe024d21676130b1d9b4a,08de707ad2397bd12cf06aea43d80b4acb8d8a87e587e81d2a5620a55ad2102d
pm:vm:photonmelodies11.rio.004:426952928:00409752:01953,cvm,…………有那么夸张吗。<01>,[],layout_only,a2070cc6040879a3dbe155291e64d30d6c7e7ac13cf11ecc151348eac65def19,5be22d758bf74ea194f8e6b674c17d8dc52277f6b410eadbe54097c0000b7bc6
pm:vm:photonmelodies11.rio.004:426952928:00409984:01954,cvm,【冥夜】「总之，既然决定了，今天就早点休息。<0A>做了不习惯的运动，你也累了吧？」<01>,[],layout_only,be9c62d2a0e0a5b8bd30fe47ae38a829ba99561301f00d2a16def09fb5af11c5,051079a00749abc6f53f1e46c79b467db059bd925de3a1adccd3b97a937eac8a
pm:vm:photonmelodies11.rio.004:426952928:00410028:01955,cvm,【武】「确实……。你没问题吗？」<01>,[],layout_only,f5eb93623deded157cac7b35073822874b2a920d31f92f8f5ab172bf209fdb4b,61e9c8dde85c43cb236cad388a9173c1304dae0c5eb72ae26c6eb488b3e0484a
pm:vm:photonmelodies11.rio.004:426952928:00410084:01956,cvm,【冥夜】「嗯……稍微有些。<0A>这几个月，花在晨间修炼上的时间比较少」<01>,[],layout_only,d7982d0fbb71255e5f95fef1bcb5195df4551c53380c0e0f2113c5818f2516a8,af9ef126e47d35d6893d1f1e8894b66dc8b17a92ae30bdde9455d914c3a2a8e9
pm:vm:photonmelodies11.rio.004:426952928:00410128:01957,cvm,【武】「啊……原来你一直有晨练啊？」<01>,[],layout_only,be60e1b539e0127274d43ae1f0e060c493a62c211cf3774f52f06478e4524919,9207a088da978274d726cf4bda6548b3c25cd434e36c933d931cfd94236910ea
pm:vm:photonmelodies11.rio.004:426952928:00410360:01958,cvm,【冥夜】「嗯。不过我的身手还没生疏到这点运动就叫苦」<01>,[],layout_only,80785bb4358f4f438e56dc16c9f7ec2228ea1216da08f385370647895071b63a,a5d79e05836716ff9e7f7425b43f85316f3db7298bc281d750f44ea3a6719bc2
pm:vm:photonmelodies11.rio.004:426952928:00410404:01959,cvm,【武】「切……反正我的身手就是生疏了」<01>,[],layout_only,a5b20569f8a3d2277156de53b68c5a6ed9efc120f71d15c8578ac67e227723a5,c195d22da75ab4194a85d0bc37331eba112c3bcd9b53fcdcd37d954c206709d8
pm:vm:photonmelodies11.rio.004:426952928:00410636:01960,cvm,【冥夜】「那就好好锻炼吧。——那么，<0A>我就先告辞了……得去大家那里才行」<01>,[],layout_only,e6c05adce05e0c6aae1b8a469907c98fd538f2958bd26a8e7c1504ed4dd850fd,35fe2ef85a4317d7c6f8d425375931c752693ac1a6382c727409f6a3d13d1636
pm:vm:photonmelodies11.rio.004:426952928:00410680:01961,cvm,【武】「咦？大家果然聚在什么地方吗？」<01>,[],layout_only,33200510535a1aa0197e1f8c4428e955677ca65d3580df3acc3f4d235ecb4d02,9c8ec7cd6012f803e754030f9c9a46fcfc035afe954a1768e7a3b8094848618c
pm:vm:photonmelodies11.rio.004:426952928:00410736:01962,cvm,【冥夜】「大家都在泡温泉。我是回来取落下的东西」<01>,[],layout_only,9b657aff43d0e1bc5121cc8113ba0b29538911d3e253ff9d7f26c716962f0f7a,b8d718c410e030813b35ea056f265efee1d23a2c150367938ce8d18a36b17384
pm:vm:photonmelodies11.rio.004:426952928:00410780:01963,cvm,【武】「你们还真打算去泡温泉啊？<0A>我还以为那只是脱身的借口呢」<01>,[],layout_only,dd795d374d1abf31469e9f01e08a0e50d8567517d0bf120c3a9564589263c920,54474440cdfbd2f5c70f24358f3b5466c797f2f2dbcf6b47a2568ee43680b7b6
pm:vm:photonmelodies11.rio.004:426952928:00411012:01964,cvm,【冥夜】「原本的确只想拿它当脱身借口，<0A>后来事情赶到那里，就成真了」<01>,[],layout_only,bad0f2ea9965932ae5a438d3ca29a1453759d9137f6ccb1694fb9c4c658938d2,0cbd83ebf9268d88de1edc7164b86e9a9cb52a569f8aa3cdece37b2c1d421e5d
pm:vm:photonmelodies11.rio.004:426952928:00411056:01965,cvm,【武】「这样啊。那你还是快点去吧……<0A>让她们等着也不好」<01>,[],layout_only,6fd2b4b385f2c9c309351606f96ba345370cfcd53c43150680069c9b8900584a,706d14b24dddb1cb6ce2a4d19a633395d46ac2354f2d05d8efa93febf7bb1231
pm:vm:photonmelodies11.rio.004:426952928:00411288:01966,cvm,【冥夜】「嗯，那我便先走了……明天见」<01>,[],layout_only,14d2d4c2f26891af8312e936789352d7e8475b1ff3f284c902527bd45507429c,c75e234f8c992defd69436518b71f62d1fabdcd5e1c3baf381d49ca68fe8eafd
pm:vm:photonmelodies11.rio.004:426952928:00411332:01967,cvm,【武】「嗯，拜托你了」<01>,[],layout_only,f8b4a3187d5d47481bc873ec80948ce864e2a1b73c69342ed4a3f3861c727fd0,585fd52fbaa4247e9ab2f1e1a05039f33bd497ad6db8f6e1da653c22f0965c79
pm:vm:photonmelodies11.rio.004:426952928:00411532:01968,cvm,呼～～～～。这下准备妥当了。<0A>接下来只要明天努力……。<01>,[],layout_only,1fe3834f59620c9fc42d5ad42f774c0b81ef7509b4dd24a85d88d787dc15288c,0594d66f2d057cb0a3e340ea18d4563c201b2dc99aafb555e32fbd5939113f8a
pm:vm:photonmelodies11.rio.004:426952928:00411712:01969,cvm,冥夜那家伙……虽然叫我做好觉悟，<0A>可她究竟打算做什么啊……。<01>,[],layout_only,53f961b9661d265a4e6a3ce9625c52454d93041fb69fe2f7644401b3c983e6eb,59bee023b4696b00b56e6c919437fcb45f6b4eefda8bbf2208daf3bc8216648d
pm:vm:photonmelodies11.rio.004:426952928:00411756:01970,cvm,…………。算了，总不至于要我的命。<01>,[],layout_only,5d2ea4f71e9526ada6cee525ad28a591ee2909b43f698fa814cfcbef00d9b606,03835c4a712303c7e0b2e3dedf2442d26e063847d262b9842623f9dc6671574f
pm:vm:photonmelodies11.rio.004:426952928:00411800:01971,cvm,对了，要不我也再去泡一次澡？<01>,[],layout_only,cfbc0d4fb26f592f8a4c95e5a8054575b9ad11045533a7d775bb70366c127cd2,1d709dffc6f411c6c4059fea56b5252e8e880db6422bd48a41326a2407de36df
pm:vm:photonmelodies11.rio.004:426952928:00411844:01972,cvm,面对这种需要做好觉悟的特训，要是还带着疲劳<0A>可不是闹着玩的……。还是泡温泉恢复一下吧。<01>,[],layout_only,60036a1b3495c0fd9143d7be6d575b7c325bb2278d41ea2b94afe68a48b52431,feff7f58af8d90271b131e1b3679de30fab931c335c76dbc1a89d0f2c276e2e6
pm:vm:photonmelodies11.rio.004:426952928:00412160:01973,cvm,明天缆车的事，得先跟冥夜或悠阳说一声……。<01>,[],layout_only,3d75afacc03cf6618064cb409ea3ae883b43cdfab1a5a61330450aad9f38a795,12a759b5adf608ed83579c4573d831d3573db933a7f4175b6ffb876f759cfa40
pm:vm:photonmelodies11.rio.004:426952928:00412528:01974,cvm,【月咏】「哎呀，武先生」<01>,[],layout_only,ae7cc55112b755e01c9608398c8e952b65e37d39ff549defa515600acecc334a,7c987c9ec80f8c9e9a0a95caa8b618cbe7884567a24ae0c22521f46979804f09
pm:vm:photonmelodies11.rio.004:426952928:00412708:01975,cvm,【武】「啊……月咏小姐，<0A>你知道冥夜或悠阳在哪儿吗？」<01>,[],layout_only,fd80c4ae68ab0976b10cd0485c0a80723ba0276d63c1f46cc232428bc1d70f4e,2830e76548b9e1c48db701c86e272407f669fc4958bb8a6e1f1999f16ebb5d4c
pm:vm:photonmelodies11.rio.004:426952928:00412764:01976,cvm,【月咏】「两位都与大家一同前往温泉了……」<01>,[],layout_only,a881c936cb588337f36c49517750c2b115b51bed350b2c4cc307e1e6e25ecf92,54778c73d18399f44fe3d58c6f3cd3541e2675dcb746e15d6aa14822972c4007
pm:vm:photonmelodies11.rio.004:426952928:00412808:01977,cvm,【武】「咦？」<01>,[],layout_only,77e63d069d95aabd948bf49f0d1875e61a92335dbc417006761d81674ec8c185,b55249e3c0ee06935938d08a2f8a65d886e446dd4c309f96d3566d3e47b2f343
pm:vm:photonmelodies11.rio.004:426952928:00412852:01978,cvm,说要泡温泉……那件事原来是真的啊。<01>,[],layout_only,fdbda4c2e300e13967887e2f42316056990f5de1be3ede862e779686017bf55d,6988fc36cd5b6581a7f4b45247f10ac0f149192d04f4b5d6a100643dd9b05a77
pm:vm:photonmelodies11.rio.004:426952928:00412896:01979,cvm,我还一直以为，那只是她们从房间脱身的借口。<01>,[],layout_only,c90eb522272216fc79ac9336a4ba6759aa795d9d49bee684035c4dd8cc8b7611,1a5a64baca415de8d4038b859711a73fa4db3cffbefd514ceb11f60df029a788
pm:vm:photonmelodies11.rio.004:426952928:00413128:01980,cvm,【月咏】「是很紧急的事吗？」<01>,[],layout_only,39f5c22c8987bf31ae9e3229aa73c9eae95267ff4bc1961dbd1a488aa5c02dc2,c572e2c9dcc65acc6972a20d764635f5cb121ce263755db2378633f921110d28
pm:vm:photonmelodies11.rio.004:426952928:00413172:01981,cvm,【武】「不，倒也不算紧急……啊」<01>,[],layout_only,fa7c997be78a328abf3931eb4fe3bf1caee398dab617679da6db28296e19c2c0,f81058ca8070ec02eda407e7f7c837a1100210cb9beead902a7c07608ed43cae
pm:vm:photonmelodies11.rio.004:426952928:00413404:01982,cvm,【月咏】「怎么了？」<01>,[],layout_only,ed47e17ae3914dc1d60f6dbcbf6d527efde3936e1b565fb52a510e69ed63bf9a,4ac790b524aa4fdd595844b083be160d5ba8f939a29ea431bc7445909186ec86
pm:vm:photonmelodies11.rio.004:426952928:00413448:01983,cvm,……仔细想想，直接告诉月咏小姐不就行了吗。<01>,[],layout_only,b59e77de0900f33bbc03b164dd8481dad3586ce73f42d7c76f1e41876e603b66,a6c9d10b06506ef3db0334ee490fa2fa57857d63b78e8a34849b1e78a3d2545f
pm:vm:photonmelodies11.rio.004:426952928:00413668:01984,cvm,反正最后这件事也会传到她这里吧？<01>,[],layout_only,118c9d3bf064aee2bb2cc8221cbc41b6c82c2c51f2251293de62ae549ddc198d,a8d0ca69c7c59f78188833c1da2543228f7eeb891d56f3ff254d58d4428c9590
pm:vm:photonmelodies11.rio.004:426952928:00413712:01985,cvm,【武】「月咏小姐，我有件事想拜托你……」<01>,[],layout_only,d285fce0fa0a324384a2aca20d7013c204b0cc61916a4ce4044aa73ad49449e5,30d00804f85de79196f3cb6bde6ce8e5c702eec9136e08ed888c02dac8ed8f65
pm:vm:photonmelodies11.rio.004:426952928:00413944:01986,cvm,【月咏】「要拜托的，是我吗？」<01>,[],layout_only,a59f40a01d36fcd863b9c5456d4a4ac8914c840f2a8515318af1befda9e7cc4f,8f29d484f47af261b9c14bc659184ed58443f2c78d27d767a18bf9fe07ff4a06
pm:vm:photonmelodies11.rio.004:426952928:00413988:01987,cvm,【武】「务必请你帮忙！」<01>,[],layout_only,125b0cb885ea419fa70dff4deab9a5a5a626790be26f3c4b8b7d77d9f8cc9d1d,8e4f5594c5700817b1d943b556bc40643014a653553803174eb3c71f22e94fb8
pm:vm:photonmelodies11.rio.004:426952928:00414220:01988,cvm,【月咏】「是……请问是什么事……」<01>,[],layout_only,0d4672b8f573054744f3679e2f5f78298bd8aa2d0942f7493b459b5d749a8dab,12cacd24391c7cff25323f6f3a3b1f8e2c6d26ba4a9f2d7cb03c5bdc6ae2e922
pm:vm:photonmelodies11.rio.004:426952928:00414792:01989,cvm,【月咏】「……您又想出了一件有趣的事呢」<01>,[],layout_only,aae5abae2f4d018b9229e5f0dc0b0e35d6ef36236788f49bb4c537a978ceda79,f132af63acf03d02b49d027a3bef8c5bb4fdbe07c2655ee635c2f6511df7f396
pm:vm:photonmelodies11.rio.004:426952928:00414836:01990,cvm,【武】「不不，我们可是认真的。<0A>对‘斯内克军团’来说，四周半可是夙愿啊！！」<01>,"[""四周半:阿克塞尔四周跳""]",layout_only,b0299cf5a7f3898476c2bd963c5bbef36315ac0b6b7982727e37dee33c0aa6b5,d797a698bdaf291feb58f1a88cd404e50af1e511eb7c672340598d8eca75d0aa
pm:vm:photonmelodies11.rio.004:426952928:00415068:01991,cvm,【月咏】「原来如此……那么，就照您的意思办吧」<01>,[],layout_only,8a1cce4ccf5069325883d213ab8e3360843e5f746cc5f44595f9982902f66934,9090c928f72abfd9c3fae917918a7c73c52f8ce1faa21473a564bf53d36e4b06
pm:vm:photonmelodies11.rio.004:426952928:00415112:01992,cvm,【武】「太好了！！」<01>,[],layout_only,944fd8d8b75aff325e69e02e134dc6477b91351c99c28f3146d8314c06416ae0,78829b44489555e38c85e57ed645235710568bc025bbec4784c3bbad277642f7
pm:vm:photonmelodies11.rio.004:426952928:00415344:01993,cvm,【月咏】「不过，我有一个条件」<01>,[],layout_only,2da48746115420b2416ad0bf087baf21d6a276b3286b6e35288259ef6a5a1f32,29159b30e986a60499ae75a0e075703d07b8683ee92edcc51bd20a5a537ffdec
pm:vm:photonmelodies11.rio.004:426952928:00415388:01994,cvm,【武】「条件？」<01>,[],layout_only,0975b08af719e7ea17d9f82aa8671f1a4b49c9a0d0749b9d74a55caaf25ee4de,9994d237c017aa8081a43be384649f6a3f6b0700a94e4f39ca68e8062a504929
pm:vm:photonmelodies11.rio.004:426952928:00415620:01995,cvm,【月咏】「是，考虑到各方面的情况，<0A>我们只会在某个时段包下缆车和雪道」<01>,[],layout_only,ae350c2c723083bbeeca399d2a4b4905cd55ad6296b54d365b01a45917444b96,8eea08765d5be2cb1192dd2929fe2680eecf0d9e8b5f67942b1bbe201e47972a
pm:vm:photonmelodies11.rio.004:426952928:00415664:01996,cvm,【武】「诶？」<01>,[],layout_only,333419f29cb2b0d82481b70347b735590a34fcb7f491e16daf51771c2c092629,b55249e3c0ee06935938d08a2f8a65d886e446dd4c309f96d3566d3e47b2f343
pm:vm:photonmelodies11.rio.004:426952928:00415720:01997,cvm,【月咏】「所以，希望各位只在那个时段内尽兴」<01>,[],layout_only,ab7fe782df4f564eeac996f9511e2bbba5bb30f172ddc2065b1b9b7096f70be3,656c7160071fd03dcbd5c2099e6a50178a2bdc4b34a8997c4257ad955fe1c147
pm:vm:photonmelodies11.rio.004:426952928:00415764:01998,cvm,【武】「不不不，其实不用做到这个地步……」<01>,[],layout_only,496dd8eb44962bfcf911539097eae087174fd0379d35634999f80ae06c02e20b,404112671e184e2d041ae40b614dc0845c3eae2d2081ec4952df2dbfa4b71de1
pm:vm:photonmelodies11.rio.004:426952928:00415996:01999,cvm,【月咏】「不，恕我直言，在普通游客众多的场所，<0A>带入本来禁止使用的雪橇，恐怕有所不妥」<01>,[],layout_only,48a5402d842e377aab837d139f533f2e533cb77aad456f57cbd6e57d5d636119,beb74746a48b17674b1511e59f734507442a1e0009dffab069bd35c1d7775be9
pm:vm:photonmelodies11.rio.004:426952928:00416040:02000,cvm,【武】「咦……？」<01>,[],layout_only,6f89339b2480107cbb5839c19f9f2232f49962fc19025bf7e2be3b170f1b1d68,cff1150ccd1e336776d839ebdd3abb90457d7f0dec81697b4a75a41c241c3081
pm:vm:photonmelodies11.rio.004:426952928:00416272:02001,cvm,【月咏】「规则和道义方面的问题总有办法处理。<0A>但雪橇任何人都能轻易取得，很容易引发道德风险，<0A>随之而来的危险性也很高」<01>,[],layout_only,d63729e01cf742dc8fd0180e62a627dc25058a2268ef9aac1c58979a8bf39c84,7e0dfccb107d772339241706031c4b41b606746eabaa74e9a791a5d4729a7186
pm:vm:photonmelodies11.rio.004:426952928:00416316:02002,cvm,【武】「这个嘛～……」<01>,[],layout_only,c685281747068157228e72707e8bfd3795675663a617d01ff3ecdf1fa89f5d43,ad9a5528a68cd7a2bdb57e1af62958f382b11eda9df3be9db5552853ca555b86
pm:vm:photonmelodies11.rio.004:426952928:00416372:02003,cvm,【月咏】「也就是说，普通游客很可能轻率模仿，<0A>进而导致受伤乃至死亡事故，就是这个意思」<01>,[],layout_only,d9a678e7df99cf79aa106174de5baf21ba9b27f6f84c49614137c211c2a85f68,788bfd96b2d64bb22cc2a6b3b01ec5852943c1d48346476a1c88213125cfcb34
pm:vm:photonmelodies11.rio.004:426952928:00416416:02004,cvm,原来如此……。<0A>雪橇本身不像刀具那样危险或违法，<0A>所以只要有人带头违反规则，大家就很容易跟着模仿。<01>,[],layout_only,c4b12c9b265166ab1d18dc214cf8ee7e411928c6ef5b5efc4f7a735b712f52a3,9e3b594e603590ab1613b528b9450f3771f9e6cc89d89111f8e7d45d5da016fe
pm:vm:photonmelodies11.rio.004:426952928:00416460:02005,cvm,冥夜把我家周围弄成那个样子……或许也有这方面的理由。<01>,[],layout_only,19a758fa3dab183e8aae9e63b3a22c0877fd86086a2b77c255196b3d98b5c69c,3ed11ecc28d909f86c62220e3d44e09e54c6be2b4068bce4169f6a73a0dfd0f2
pm:vm:photonmelodies11.rio.004:426952928:00416504:02006,cvm,【武】「我明白了。那么，我也不想把事情搞得那么大……<0A>这件事还是放弃为好」<01>,[],layout_only,4cd20b63eb87846d1e9b02d1bf4e414d483dd761b6660c32662c3e62d73fc5e3,ab66c8a738f7d281791d782cde708614b645ba4438c6e7187996cf4e3c0273f2
pm:vm:photonmelodies11.rio.004:426952928:00416736:02007,cvm,【月咏】「没有这个必要。只要让周围的人看出，<0A>这是在某种特别许可下进行的即可。<0A>正因如此，才要包下雪道，就是这么回事」<01>,[],layout_only,f4cc36769f52bb18db2ce4a6982480cfda1ad9b37babb223358ec8a0a01b67a5,6780e7a56cac8ccf0a0dc91e940d63083c3e377a00d12549c1b80cecab500e81
pm:vm:photonmelodies11.rio.004:426952928:00416780:02008,cvm,【武】「可是啊……那不又是你们平时那套硬来吗……」<01>,[],layout_only,a06202bee495df643f9eb5730b6cb21807de001fb1eb4fede5a030c4b656ee73,04671f0e89da45beeae862f4cda17bd481224905015f5112e0e25d3362ff1b42
pm:vm:photonmelodies11.rio.004:426952928:00416836:02009,cvm,【月咏】「请放心。该滑雪场提供雪道分时租赁，<0A>所幸明天并没有这方面的预约」<01>,[],layout_only,36a91197e563df523f0916bbb6fc151040a98e6f61d0f1a7d2e27885f6b67612,90ad1f629c62842bdd2277941018d4a71183162eae3462c40c2a281e87ede500
pm:vm:photonmelodies11.rio.004:426952928:00416880:02010,cvm,【武】「咦……？！」<01>,[],layout_only,653b1deb91229f01306bae4df2b04599c23aa50f15294da9a9e7848042ba607f,94bd9db9c6d64efc86703ec48643c97ce7ce45116e614d0cc535f245c1f5cae8
pm:vm:photonmelodies11.rio.004:426952928:00416936:02011,cvm,【月咏】「正如武先生所说，当天突然提出，确实稍显强硬，<0A>但若无法安排，对方理应会拒绝，<0A>况且普通游客本来就无法事先得知包场日程」<01>,[],layout_only,0e267d7d7a42918afb925da39221a743f00dce2c47a9525d0aab010d92be2082,6a861ef1c8b572f07b3641fbb02ed53575d8752126bc61d649866e99a34d573f
pm:vm:photonmelodies11.rio.004:426952928:00416992:02012,cvm,【月咏】「也就是说，何时租下雪道，<0A>并不会改变对游客造成的影响」<01>,[],layout_only,c9e537dcf5c6611a3bfc9b7b3557ca9d87721c32564d300646fe7f62dfa9dcf6,0834ee5a12c8a81fc388ab49c356fb0d4b1f44a7e68f84b1a4fdfef9f86fa20e
pm:vm:photonmelodies11.rio.004:426952928:00417036:02013,cvm,【武】「也就是说，既不是胡来，<0A>也不会给其他游客添麻烦，还能光明正大地玩个痛快！」<01>,[],layout_only,ef2213722295762eaafde224235ec9440c665851754bb668effa6b82f4e231ee,e88c3112238ab95b5f5c92a5f35dba02d0b7bdd67ede98d489239583d46b8bda
pm:vm:photonmelodies11.rio.004:426952928:00417268:02014,cvm,【月咏】「正是如此」<01>,[],layout_only,527690a8c26e7a81b53c54cab8fb75b903fc6a79e4e1a5d027b35e4d34c937ce,d62b0902b9d2c59adff2dfcc97c003ea85c28161bac72c858acfb933f130581f
pm:vm:photonmelodies11.rio.004:426952928:00417312:02015,cvm,【武】「哎呀，原来如此……我听你说包场，<0A>还以为要搞出什么不得了的大场面……」<01>,[],layout_only,3a4ebf37daf677685704869ca6de8ab5d6208ffba7db756870e47a5b2c2d777b,52aa154d0725d5f8a402503ef6841b2b031b40112e6135fe201c90ad01c04a8f
pm:vm:photonmelodies11.rio.004:426952928:00417544:02016,cvm,【月咏】「比如全天包下整座滑雪场，是这个意思吗？」<01>,[],layout_only,4525706e04542dc2c0fd28025c5761cc2fae9b1024e6f2a3e936c38f9d9b306c,5ed786663a228ef3c6997c2e218f1066d45563b1e4958bebafb696c5a3328e4d
pm:vm:photonmelodies11.rio.004:426952928:00417588:02017,cvm,【武】「对对！」<01>,[],layout_only,ae25541c74c48c82611ac7c2160d9efa88e152edd0f2d90b9e9bc094f5c0d157,2ae52c0eee60d45385eeb147828a5997e1408110fb7e6b80f09ea3a4528be135
pm:vm:photonmelodies11.rio.004:426952928:00417820:02018,cvm,【月咏】「呵呵呵……若是那样，从一开始就会买下这一带了」<01>,[],layout_only,826272583fbb800681fafa48e52ff63eacfc4e46dcfcd2557475c677b8bdcba2,5aae12f1328647cde1c8be2c170022133caff1b833ca45085a01c71112dada21
pm:vm:photonmelodies11.rio.004:426952928:00417864:02019,cvm,【武】「……听你这么一说，确实如此」<01>,[],layout_only,7da9fae03fa21def325ada3ed4dd44d19d0c4f26f39f2baa61836a9342594b17,03d5a7615c97a99aa013f9794722b1ffb4be3b8491d5eec9f770788d649b67e7
pm:vm:photonmelodies11.rio.004:426952928:00418096:02020,cvm,【月咏】「不过，那样岂不是太不解风情了吗」<01>,[],layout_only,50c347b550b0304005ceade4d69c0762f5f2118874b0624d471afa8c80f00051,f5e1bf08fe8922d27fe907af3ed974fe75de80e511e29eadee4de9e0cb237e3e
pm:vm:photonmelodies11.rio.004:426952928:00418140:02021,cvm,【武】「这‘不解风情’的规模也差太多了……<0A>不过大致意思我还是懂的」<01>,[],layout_only,5a57f0478975bfd26ff899c392fa71c25ce62c20eae85c782e369d7e130f3066,47a5ff4c12105c7f73a2a4098cd72e4491b918fcb1a66057db061a9b3a8a3369
pm:vm:photonmelodies11.rio.004:426952928:00418196:02022,cvm,【月咏】「普通游客会如何看待此事，以及安全措施，<0A>都请交给我。<0A>武先生和各位只管尽情钻研雪橇之道」<01>,[],layout_only,331a7e710056b0f928909e5a83242013687b7e7536c7018ad0935fdee012f478,84a6635a070f5bf5ad7b0a885879abad7fab3e1d5eaaacf3caeaaf0834d3cb1f
pm:vm:photonmelodies11.rio.004:426952928:00418240:02023,cvm,【武】「明白了！哎呀，真是太感谢了！！」<01>,[],layout_only,474342ad62ddc5f81e366b049d73372358244b69d0a5f37e1aafb3e2a0bf7dc4,c4f8f6f14dc1100cc3a7c50af544d13fbffeeed4c03c8c2b8cb2f15dee6e972d
pm:vm:photonmelodies11.rio.004:426952928:00418296:02024,cvm,【月咏】「不必道谢」<01>,[],layout_only,b600814a81745213011f9f0853175deee2c03ddb1c5ce2ece4245a55f18b71d4,ad4abb354ba4021082e88b8159b84b026aec9262c4c36cdbc30c4dd0548f05dd
pm:vm:photonmelodies11.rio.004:426952928:00418340:02025,cvm,【武】「哎呀～，纯夏、小珠和霞都会高兴坏的～～！！」<01>,[],layout_only,d01854bfb3d44704c419547cf87c28021a65372cb5ff9504399c57fa9894b4aa,df1683dfedb29dd7ce2fcc7d050ad971ddf67518db31f6a7c4e80dcbdfc852fa
pm:vm:photonmelodies11.rio.004:426952928:00418572:02026,cvm,【月咏】「那再好不过」<01>,[],layout_only,9b72f74180b318a0d621efe8b537545abbebcdf2ad227f316abd2f1d21cbfffb,abf8b1f0bd6a57177f7ed1f4bae2a04b9a0d0de6207cc5a4147e2ff6040d3c9b
pm:vm:photonmelodies11.rio.004:426952928:00418616:02027,cvm,【武】「那我也去泡个澡再睡吧……」<01>,[],layout_only,462132347f0177e5e64f711063f8d9d64fd9f4198f64b6acacef70a910d60d05,c384d0e481bd792316ed66aebc62297f429ce9979934995f79fea3de15c1827a
pm:vm:photonmelodies11.rio.004:426952928:00418848:02028,cvm,【月咏】「这样甚好。请，慢走」<01>,[],layout_only,6d0034256152d16a4c3dea78247939deafdbe6757f202b2c6aa3afdaf0f5e812,11ec46d12b9271e48c36adf97fecb44c7572cc16f151c774f08388a7ea5fb315
pm:vm:photonmelodies11.rio.004:426952928:00419448:02029,cvm,【武】「呼～～～～，温泉果然舒服啊……」<01>,[],layout_only,4a6ec799641d3eb106e82c471ec53874a57db9f048cac1cf331267466c8d03c4,2ed24eca8b7f6a4ddf874ac964df1624652d78edb797b480b179ab742c20ef91
pm:vm:photonmelodies11.rio.004:426952928:00419808:02030,cvm,说实话，泡之前有时会觉得麻烦，<0A>可一旦进来……简直是极乐啊……。<01>,[],layout_only,e9b49dc6002f8744970c3129953c38bbd5a5b96b7c61b0209951fcfd6bceda18,94c591e6904bbe88a0a5f333ad45f3903c9f50f75a371762b8b71c30ca2ac0fa
pm:vm:photonmelodies11.rio.004:426952928:00419880:02031,cvm,我都怀疑几分钟前的自己，为什么会觉得“泡好几次太麻烦”。<01>,[],layout_only,3acfca951645df3ec95c3b54e014e7f29703d4d8c05da2fb6d59f6a9f5d3b06e,2d1cf055a89ceca69cf5548d94b6581508f367e83064dda5981f81705f6e418a
pm:vm:photonmelodies11.rio.004:426952928:00419924:02032,cvm,而且据说还有各种功效……啊～～太享受了！<01>,[],layout_only,601282a4fab14285e43dbf6431801cc4ea8a071d89294183483be24a8df89234,d8e1026877a6466f00ce9dca406fd409697c89ae1b1ead822cff1c6b7aa5c774
pm:vm:photonmelodies11.rio.004:426952928:00420048:02033,cvm,…………。<01>,[],layout_only,efa30788584cfea7ade60ccc37d7fc6cda943e64935eb133252c341159e58e05,0b3d7aae4004dc9b91522cf9245f879b48b6a3b3d3c28ecbba043ba8207a6df9
pm:vm:photonmelodies11.rio.004:426952928:00420272:02034,cvm,稍微……有点饿了。<01>,[],layout_only,5a71b4052e7bf83e28ae594858171a80daeff28bb69a5b7cb8e93718702b732c,f71440858969e807d26efb769565f1b51c226ad525e77294507045c9e619b18f
pm:vm:photonmelodies11.rio.004:426952928:00420344:02035,cvm,为了逃离那场地狱般的宴会，我根本没正经吃过东西。<01>,[],layout_only,68606c092403c18d65f36d18631a81e7ae063ac5a866543f3110c5eefdd88997,be4e0db4c77f02ba8ded0f8940d67930378ca875ef247c2738e1fcb86dbda306
pm:vm:photonmelodies11.rio.004:426952928:00420388:02036,cvm,早上吃饭的那家店……咦，<0A>那里晚上也正常营业吧，大概。<0A>待会儿要不要叫上大家一起去。<01>,[],layout_only,493f0d467472c7e616802e5cd7e3fdc5d51e28fe1e467581ca5b649e5a96add0,511b8b7d0861738436af2b7058fb85609a3ab94a5fdbf57218c76011db2d8f8f
pm:vm:photonmelodies11.rio.004:426952928:00420472:02037,cvm,【声音】「我说……肚子饿了吧～」<01>,[],layout_only,a0bea1350edd09ec4ca200a9698cfe23733d34eef8fa7cea988442403652cbb0,800db9b337c8f690748e03e8f1a58834d3fa3d9ae6c8394c3b9a2e28f270f9b1
pm:vm:photonmelodies11.rio.004:426952928:00420652:02038,cvm,……嗯？<01>,[],layout_only,bd5cacb325df4f8d389c319de0f0c4a25b73448036d6901d63dc6707ed78fed7,ea2ad10933551d668ab9f5f3a51f735eb3c860e7e9643f150543c2af16a38162
pm:vm:photonmelodies11.rio.004:426952928:00420708:02039,cvm,【壬姬】「我们根本没吃上东西嘛～」<01>,[],layout_only,b53b5b4a701783f5b2adbf1b04487e7b1092b916c0922ae596953248d0c603c4,22613179a53e43f1c1546b6ec29969e9436f09b85629cf5d38fb07d471904112
pm:vm:photonmelodies11.rio.004:426952928:00420780:02040,cvm,哈哈……什么嘛，那边也在想同一件事。<01>,[],layout_only,f1dd5e1e1944c9eb23340459048042b6e52cc28db82da4111ea432d2112576bf,db7d197a1381771b3dbfdf744372e70fc4f7d88362033b7816a1906ae9847de0
pm:vm:photonmelodies11.rio.004:426952928:00420972:02041,cvm,【柏木】「我说，待会儿～要不要去刚才那家店？」<01>,[],layout_only,1d269a3aa5b5557d4c23802a60bc5b7b630b6cdfe8ef989323ade985a0787f4b,1fd2bd3559b61e57ca1d817ac2650082c2e76c42e6fe07197e76ad170f501e35
pm:vm:photonmelodies11.rio.004:426952928:00421028:02042,cvm,【纯夏】「早上吃饭的店？」<01>,[],layout_only,c5d701a9a155221a12315471186bfd5ccc7c076e1394ea99bbe86d2dd1de1af9,579974dbbbd952210048563ba46f8eedc7364be5ed7b6e12fdb60ad02074cdfc
pm:vm:photonmelodies11.rio.004:426952928:00421084:02043,cvm,【慧】「不错……」<01>,[],layout_only,51cfa11d02353ddadd2042f1182b27a6d3639023a08edb0096abada992c1c240,91b236b723865b6344fbfbcca7564cb7c1e958540b2fd28c6bf7f11fbc499df6
pm:vm:photonmelodies11.rio.004:426952928:00421140:02044,cvm,【纯夏】「那就，也叫上小武吧」<01>,[],layout_only,1ff25773fd3049b159ff10bf163d72caa0abe91ee9b7d38641aa0cae991efa14,9459799a1a9e0dcd383819ba7ca1c1a53a0e035553f86be66729dd51fb11696f
pm:vm:photonmelodies11.rio.004:426952928:00421376:02045,cvm,哦？<01>,[],layout_only,4d3529cb807745c8f1cc7e1405082c80d05be9c07e732751769826c9b3a2b502,b7548611c0760618a335a42975b74dc5dc664e2264fa97d16090f0ba6d78c070
pm:vm:photonmelodies11.rio.004:426952928:00421432:02046,cvm,【千鹤】「……也没什么不好吧？<0A>反正他多半正被香月老师她们缠着」<01>,[],layout_only,77cfde2d8e942a6bc2cb1ae0acf2a97603d33e54b9866f3d89f0bd2f46e61288,ca3b912b1e79b6cdfe88dd6644d931723ab4a0c5d0597c37b73a2d1231642a37
pm:vm:photonmelodies11.rio.004:426952928:00421476:02047,cvm,喂、喂！<01>,[],layout_only,60292af7e4b3a7c61c21ff1b6c118f552836c58d1c734a9a313ad0b818370200,756926808332fc5085b6722020e3c26dc9b19777a9fc9ba81cbf63d73a0ce1ca
pm:vm:photonmelodies11.rio.004:426952928:00421532:02048,cvm,【壬姬】「那么，为了大家的和平，或许还是别叫他比较好～」<01>,[],layout_only,2e7d7feb9f034e97f9470c50b6108b54072aa90bd679b1ef688d43dda2173d4e,684745fb8069c0a27957560a3a55914c917b5fa5cd5dfd51eee3a081a9894a55
pm:vm:photonmelodies11.rio.004:426952928:00421576:02049,cvm,喂喂！<01>,[],layout_only,3bd20be570142445343b813e531afee8488708d7bf8db3e508ce5056e21e564b,59d1663cb046c5dfbf9f3fe64432732b86ba5646986d4a4aab973b0b9d5cf7a6
pm:vm:photonmelodies11.rio.004:426952928:00421692:02050,cvm,【冥夜】「呵呵呵……至少叫他一声也无妨吧」<01>,[],layout_only,6ca05053668f042c48c63f02e4a0d4ccaa4f2bf6dc9051f64fc5cfc4962d2bea,f84bee8268eaa212ec4bcac73c82919b57e76848251a59096440a4af3f74e66b
pm:vm:photonmelodies11.rio.004:426952928:00421748:02051,cvm,【慧】「……说不定大家都会被抓住哦？」<01>,[],layout_only,aa57dd0c3e4eb62c7c3b3032d3add6cc605510ef2c1f4822fc95116cf779d14a,d651d1a75e1aa2647ff7f480e51d33b61e17dfa5455d2275f01a9ffc4f3f7995
pm:vm:photonmelodies11.rio.004:426952928:00421804:02052,cvm,【冥夜】「无妨，那可是武。我认为不必担心这种事」<01>,[],layout_only,f4b7e9273ed7c4a7233da81ff3a043940fd1054338f25b04e28b81e524e5388d,fcb96e5d7f79da3021f65275868e6596eaf4125cd1278c8ae3e27fe21f67a962
pm:vm:photonmelodies11.rio.004:426952928:00421860:02053,cvm,【悠阳】「…………」<01>,[],layout_only,cf8055a2bf7ca517121f0df4f6e9cb27cfb09e51c2a729ceabd2ff965136eedd,596cbe5acd9b31ef237a2ad0643688ea2ec23e26e6262f3786f2c9204fba795c
pm:vm:photonmelodies11.rio.004:426952928:00422068:02054,cvm,哦哦……不愧是冥夜。<01>,[],layout_only,9fc53e4ba81208f2b63e2a9af5ac1fcbdc83ac07ea6708f2ead4f317a6cfa583,249bc0a7753125d1416e23d24c3a4e0e1e379662c3b64919d6820f1096b9ca32
pm:vm:photonmelodies11.rio.004:426952928:00422112:02055,cvm,呜呜……有人理解我，真让人高兴啊……。<01>,[],layout_only,db7633718b40068feff5741a0379f423f6665169e0ea9f90e685ec3710fb0d7b,35caf236058c6072575fa786f9255272a6593a006de6aabf5054bc3c9eccfb46
pm:vm:photonmelodies11.rio.004:426952928:00422228:02056,cvm,【悠阳】「请不要这么说，凡事总要一试……<0A>不妨也叫上武先生，如何？」<01>,[],layout_only,a44f5fc6b83fdc8e07a2d5afc09adb0f97c47de3e6b5067dda0d3570178018c1,92ba530743041f475a822cfbbb61aa4c96da730bba2ac4b1081412a87180389e
pm:vm:photonmelodies11.rio.004:426952928:00422284:02057,cvm,【慧】「……说不定大家都会被抓住哦？」<01>,[],layout_only,aa57dd0c3e4eb62c7c3b3032d3add6cc605510ef2c1f4822fc95116cf779d14a,94b2830f95ce96dbf0c30f023b2e69dbd5ccb387b1138899e269119a115218b3
pm:vm:photonmelodies11.rio.004:426952928:00422340:02058,cvm,【悠阳】「……那可是武先生。我想他已经成功脱身了」<01>,[],layout_only,b1fd3ea1581331ab0d996c78c5b90f2d64772df73f33c2f5860b0589df77c183,43d11fc45778acb2396315d1a54221caa66b1f835fc8eb827669ee7f34bada31
pm:vm:photonmelodies11.rio.004:426952928:00422396:02059,cvm,【冥夜】「……？」<01>,[],layout_only,d1c411602cde8e482e71db879cfc1a7b41af8382fe7ccb59f37f8078f0477f12,fec52954e690933f34b3cfaed1ab40c3200b88ae52933a58760100eeb40475f7
pm:vm:photonmelodies11.rio.004:426952928:00422604:02060,cvm,哦哦……不愧是悠阳，不动声色地替我说话！！<01>,[],layout_only,cee369be192974fa3d934241bc0c475b15084391fd8e8d21d5625cda8bcef505,c9faba7adeb24a8e39d173df22c9bf829f9f9720273aaf6c74cedcd03bccbd16
pm:vm:photonmelodies11.rio.004:426952928:00422648:02061,cvm,呜呜……有人理解我，真让人高兴啊……。<01>,[],layout_only,db7633718b40068feff5741a0379f423f6665169e0ea9f90e685ec3710fb0d7b,35caf236058c6072575fa786f9255272a6593a006de6aabf5054bc3c9eccfb46
pm:vm:photonmelodies11.rio.004:426952928:00422764:02062,cvm,【纯夏】「不过，至少叫他一声也没关系吧。<0A>他也有点可怜」<01>,[],layout_only,c21c6bc764416247a65ecb1aa162b409b2d1bc05517bbcbff687b8a4d1443249,b2f7db1a63969ad2d9089c5aa3c52e7191a525be40cbc832ae6afc006e35fd75
pm:vm:photonmelodies11.rio.004:426952928:00422820:02063,cvm,【冥夜】「嗯。毕竟把他独自留在那里，我也稍感内疚」<01>,[],layout_only,04c94a179de3509be3c351a5a8a5c475908f208dfd7c5c0924dd42057d6e2694,585e9dee55e5e77d7c107f85ab332e6c553d7ca0f7f061456add149111aa55eb
pm:vm:photonmelodies11.rio.004:426952928:00422876:02064,cvm,【悠阳】「但愿他平安无事……」<01>,[],layout_only,047c791300c2562fe206349e44f660f02c8ba0668b64abfb5f39c64360971dd0,83fe2d514d2f372c2b0748c119ccee752bd4011bcbd95443a856796f6e397f78
pm:vm:photonmelodies11.rio.004:426952928:00422932:02065,cvm,【慧】「替罪羊平安无事就没有意义了……」<01>,[],layout_only,68018794ba437d22632b6b29426cb06d45c63e1a92d9031e169e6b147c7f0204,dfcab70573a3ed8581176d713cae92da48de5a3953a616716eeb1a16da5ef7fb
pm:vm:photonmelodies11.rio.004:426952928:00423140:02066,cvm,你们几个啊……。<01>,[],layout_only,c375d485be404ae07a7b312cf5194cee20a4b98d074773458b755360f753b416,7dca13809cce76bd7c02c4534e36ea3d554705ba8c609a6bbed3b35dcd6fdb5f
pm:vm:photonmelodies11.rio.004:426952928:00423224:02067,cvm,【纯夏】「话说回来，继续刚才的话题吧～～」<01>,[],layout_only,bf0eae5f75aa09a3211c0988474f2a5ce8cf20e70fc0757a8aba3d7ef59ea062,859faaf71ccb4e706a1c854687fc96ceb720cce89d1fe62528616b2a80caa033
pm:vm:photonmelodies11.rio.004:426952928:00423280:02068,cvm,【柏木】「啊……果然还要旧话重提？」<01>,[],layout_only,b823bebf6924c1bf190ab76087b8db7ee57b492464dd6ad06e6546655b9bdb77,a921eeb81b74f17553a36866399e2e37bc32c6b2b7729943fdb9c25bf23a37f8
pm:vm:photonmelodies11.rio.004:426952928:00423336:02069,cvm,【纯夏】「当然啦～！来到这种地方，这是惯例吧！」<01>,[],layout_only,de8b4ec28b8626dabb9016f7d65153b26215f3bb5eb4806ef02ae5ffeb08e506,497add2e458cce27e48808ac70e4637991b71a42d07466d1b5b56debaa8f99c0
pm:vm:photonmelodies11.rio.004:426952928:00423408:02070,cvm,……什么话题？<01>,[],layout_only,4e691795c11e3a9271a8ddc33cd49573ae332a732cfe9a89d4ec29106e4dbd9f,3a7636c3068b8b2726496831c5c1a142b35d2cabe947fdfcca76dd387902a916
pm:vm:photonmelodies11.rio.004:426952928:00423464:02071,cvm,【冥夜】「真有这种惯例吗」<01>,[],layout_only,74ea30a2be7d0a5cf587e005b6b92b3eb6bb925cac5623b03b98adae309047a1,5e0916db7df65aa7fde8d6bf83a1092a5ee49d5642c202927532c68e663ff3af
pm:vm:photonmelodies11.rio.004:426952928:00423520:02072,cvm,【悠阳】「谈论心仪的男子，<0A>想必是衡量彼此亲密程度的普遍话题吧」<01>,[],layout_only,c29369ca429aa0d5b53d9f7d106d2b24b598afde24f8d721ab087bd642062fb8,191f73a83dd3fba1a89dce6f87800fe522e09373664fae415005cb15434a256b
pm:vm:photonmelodies11.rio.004:426952928:00423756:02073,cvm,——什么！？<01>,[],layout_only,c6050914ff097c29b09a402d843fbf371acb2d37502b4ad5db9ad7b05f32f709,085cab49871fdf2bf8686f8a5a83d833eb8a264667698fc92ea4706add2afb51
pm:vm:photonmelodies11.rio.004:426952928:00423800:02074,cvm,真的啊……。呜哇～～，<0A>让我碰巧听到这种话，真的好吗～～。<01>,[],layout_only,c1b45d23ffa38cbcbf4f09759c7bdf49bbd16cf3bad2c44698bf998cd3258070,3041af4e8d6c7316d7ebda3d8fe5e03289b17bf95b40f70ff7c6ba95342f1862
pm:vm:photonmelodies11.rio.004:426952928:00423844:02075,cvm,不过啊，能听到同班同学毫不掩饰的真心话……<0A>真让人心跳加速！<01>,[],layout_only,bd8d4a8061f5992c013c548c9add9b14d378b33b169f31b050e1e090cb98eb43,5cd9f262c31f49943ddfd447f861c68e854d0722c750ecac776fcff517d8f8e2
pm:vm:photonmelodies11.rio.004:426952928:00423888:02076,cvm,明知不可以、不可以，我还是抵挡不了好奇心呐。<01>,[],layout_only,815c0a83167ea32e10a87c2eeee390ca73c93a2c13df715e15667aa35923c071,1fdb9dbeb7dd09a1410b2e8d29841894fc29c20d13521986bcffff695803f5cb
pm:vm:photonmelodies11.rio.004:426952928:00423972:02077,cvm,【纯夏】「那么，就从我开始说吧～！」<01>,[],layout_only,7721765bcf0b236af694dc98462dae71436b677e0623df6ce9a2b7e5bb65c782,cb08ffeba167b8838bcab0f2e6b1dc81d5bc648fa700ad123c75730770f290c3
pm:vm:photonmelodies11.rio.004:426952928:00424028:02078,cvm,【千鹤】「等、等一下！这又不是告白大会！」<01>,[],layout_only,9b787af5bff76ebe528513e744bc060f4cb77b6bb45d18e48bee3d170694c511,b4bb4d260058b051473f2426dcf56adacdb8cc21d86d183e772dc8d2c733d65b
pm:vm:photonmelodies11.rio.004:426952928:00424084:02079,cvm,【柏木】「光谈理想中的男人，没什么意思。<0A>这种话题还是得更世俗、更真实一点……对吧？」<01>,[],layout_only,ad3c30b58c4bef4768e4a6c0125d8d958aaaadcc45e5a5cc576a57dcd92bb0a3,8b9bc7dc86de9f350e89579caed321539eb3dea2992da4dc3656a4e8186651bd
pm:vm:photonmelodies11.rio.004:426952928:00424140:02080,cvm,【纯夏】「嗯！」<01>,[],layout_only,8ba581a8a1816a8be2c18299b277a1701badba9622ef6504f7510416e28a0729,d83464099fdead6f8e6456fe1bf253ed7f74b83e957164b0cda559c46188fb2b
pm:vm:photonmelodies11.rio.004:426952928:00424212:02081,cvm,……柏木那家伙，还挺来劲的嘛。<01>,[],layout_only,13f1178a1faaed95749c5a78641e58fe579c82e4aab5abb20dadf495f988b6bb,a00259f26bf157579bf2c1d06e7c5b11461db28f8090fc59c61dcfb955ba807e
pm:vm:photonmelodies11.rio.004:426952928:00424256:02082,cvm,我还以为她是会冷眼看待这种话题的类型。<01>,[],layout_only,bdc8f3cb322a2cca56c5bb997388dcddb4d275ff47bb3d76d0cf496d3f8d82be,1e5a9ccc747c40f35a6188c48d760046287a247718811b418ec544e2ab5bb4da
pm:vm:photonmelodies11.rio.004:426952928:00424312:02083,cvm,【慧】「害羞了？」<01>,[],layout_only,5cf4d18bd5feeba420afb00b04e54bc6b9c51d0678138f50b289de947443dd8c,d5e46cd610be64a06147a9a3f4c82a31b3fc2b17a0e93bd08e60331fb79c96c3
pm:vm:photonmelodies11.rio.004:426952928:00424368:02084,cvm,【千鹤】「咦！？」<01>,[],layout_only,4c1e019e3d1fdc8e9aac6855aaede1685abd764fa64e199d9a86deeb39cc87a2,67f85819db445d9b475d24235ca1cfec6fcde799739e142b0055bcefa6b15c58
pm:vm:photonmelodies11.rio.004:426952928:00424452:02085,cvm,【慧】「也就是说，真有那么个人？」<01>,[],layout_only,66b5c714fecbe423b0f079c57518e8cd2035d831ae969aa24279eb72768fdff0,b3f32ca98504f498dd364aa9d93144190169dad7c6a7849d61b7b0121ef456b6
pm:vm:photonmelodies11.rio.004:426952928:00424508:02086,cvm,【壬姬】「咦——，真的吗？」<01>,[],layout_only,b5d53ada2217b4515e58e9b12ad34527fb895f25e8a189fc78257d7cfcd6133b,b524be9d61148997a6c01497927c44f67ce40afc4c49bb6384098b8b07fa5bba
pm:vm:photonmelodies11.rio.004:426952928:00424564:02087,cvm,【千鹤】「等、等等……」<01>,[],layout_only,27c3e50ddca995498e2d61798fec6cb45a64c05a076d0e78739b04bf5f3ea98e,031af69b7c90762d831a67c0c55a33fc40581da0c609f5b2ecaef40ee2a71499
pm:vm:photonmelodies11.rio.004:426952928:00424620:02088,cvm,【柏木】「既然害羞，那就是有这么个人……对吧？」<01>,[],layout_only,8be69a7e7777a95a28e93227643080691f65b8b34d3d74dcec96b109ab0cd20a,23e59e1e856ad4ccb1a90bc81c19a76f56855e91dcb356e7edea645a2d1c79c7
pm:vm:photonmelodies11.rio.004:426952928:00424676:02089,cvm,【美琴】「而且那个人，还是我们认识的人，<0A>也可以这么理解吧？」<01>,[],layout_only,53a45a6d9453da9fd9c6bb5052935dc2a16ff5c98c9f5940e7c819c3844b0ea5,c4509b3303d11e1bc80c93a5f67a5370d42dec274031f8aa4f4088c60d1e9b7e
pm:vm:photonmelodies11.rio.004:426952928:00424732:02090,cvm,【柏木】「哦～，吐槽得真犀利～」<01>,[],layout_only,c25f4459e8955f9cbe1cd1b17c91bb3115e2e4c8bd5829ab8e719c92d123022f,47f5bf8a4e0456f096c758f2c645f0130fcfdab3f7884db35c2abc9a53a6646f
pm:vm:photonmelodies11.rio.004:426952928:00424776:02091,cvm,完全正确。原来这种时候你还挺正常的。<01>,[],layout_only,a4b24e9a98fe2bc3bee631bc82bf353c6480abce1d5a6741333ab7df0fe9d1b0,af65d2f6b4d26e570323d19d4c8ee58bb4d327efeee747dca46e0fc86ef2306f
pm:vm:photonmelodies11.rio.004:426952928:00424832:02092,cvm,【千鹤】「那、那个……」<01>,[],layout_only,47a67e33ce7922225e11d70a4089440cf9dab718db95d1b816e4d7d76f0721ca,db745bb73df8153ac7da1376e45b5d239014d2ad35dd3105412fdf614c462659
pm:vm:photonmelodies11.rio.004:426952928:00424888:02093,cvm,【冥夜】「呵呵……」<01>,[],layout_only,c439ff9a49f6efa510e79279980cd5cf441d8f053bd66c24c7772f19977acf93,60c6bcf4baa734ea7032707e0271230a554dda99f0a434147205167b2e77f028
pm:vm:photonmelodies11.rio.004:426952928:00424944:02094,cvm,【千鹤】「别、别笑了……快帮我想想办法啊！」<01>,[],layout_only,ff8f05ffab11ae2a7a4e792626ba20fa981b29bf1d0a62511ab9e69ff81f9d07,b6ea5a7e13adff227eaba7266f7358879eb6a212442d1a38208f96c29bf3b651
pm:vm:photonmelodies11.rio.004:426952928:00425000:02095,cvm,【悠阳】「可是，我也很感兴趣……呵呵呵……」<01>,[],layout_only,09c00620d0a0b0ba45cc6ae37ecb0f5237164dc4a547538bcf6b8b95f0465a8b,905d6ef2adc30894e701f704e6bef342c9e068c9417f500f72012a2089f42f96
pm:vm:photonmelodies11.rio.004:426952928:00425056:02096,cvm,【千鹤】「咦～～～！？」<01>,[],layout_only,d44f2adf7dc993ace6936b57b89421dea2ba2e9ea8aad78d4435f0c6329a8661,fddaca53eaa740b151303cc46d19b24e56d03c0d85191b491c616271dad4eb30
pm:vm:photonmelodies11.rio.004:426952928:00425112:02097,cvm,【纯夏】「那好！我先来啦！」<01>,[],layout_only,1aaad33da5726668cfffbfb4e3833cff65fe4a88f8c5cddb36f4852b8e6d15bc,ad775f0fce51d80c83e1cbf54fd698b25e2e7baff6a2460c6d183e086f546e2a
pm:vm:photonmelodies11.rio.004:426952928:00425156:02098,cvm,咦……？<01>,[],layout_only,d7e8735ab8ae8c54388ae8ec161b64c7872d2aa5ff37190e03b7fa33547be3bf,c12ada33a831e0fe0604e9458f33b8818aa50788767572637e418a4f54bad7f1
pm:vm:photonmelodies11.rio.004:426952928:00425212:02099,cvm,【壬姬】「好——，纯夏！」<01>,[],layout_only,6c4bba79f1a233e125ad4006a48881fe7f1176595044f5599cf52556c689fc65,abf6d1efdf82ce0605f94057859d2d59dd40d7f0d2e9f43ed4cc252570433340
pm:vm:photonmelodies11.rio.004:426952928:00425420:02100,cvm,等、等一下！纯夏第一个来……我可没听说啊！<01>,[],layout_only,6f518fd2d52f912b4f95da0743eab597e6a17300578ae093fa80f6078bcb23da,d362eaa181cfacf2a9f61346291376f34bdb59ad16e0993360038fdecba3e83c
pm:vm:photonmelodies11.rio.004:426952928:00425464:02101,cvm,我也是需要做好心理准备的啊…………。<01>,[],layout_only,956a57b7b89d122ca913054415eb7413e436423ecf1414936b2fbabb75f9739a,ec2c1efa66fd96e0979137a4c604a45ea7c3d642a89e0cad8aff5eaabaf364e2
pm:vm:photonmelodies11.rio.004:426952928:00425508:02102,cvm,因、因为啊，要是听见她说出喜欢的男人名字，<0A>那之后我们也还是邻居、还是青梅竹马……<0A>这种事，总有一天总会——<01>,[],layout_only,161f52bdc91611eb0da19683295d62e59308f9ae850c1b89222d0ecce000b673,925b8949b8458a70de4f8cd2ad4496cbb79b597d9b2f1cb0e5f5ce3013e06e82
pm:vm:photonmelodies11.rio.004:426952928:00425772:02103,cvm,【纯夏】「我喜欢的人呢～，就是小武！！」<01>,[],layout_only,434fb90d44524c339138b5f3c8e4aadcc698ca55fd413e49839c20f38b0fe6cd,ffbf52c7c6694ceda6fae55b7fc6e327fefc6353499f037fc0598e3a5a864d3d
pm:vm:photonmelodies11.rio.004:426952928:00425816:02104,cvm,【众人】「………………」<01>,[],layout_only,a89c7391ea9545937ed647727ad57ebb217646714b29d57f9b3e1966fe414d94,31033caad7deb6aad36342d8483b32c46ce947fd5b6ab106a7ff3c7e1d1da62a
pm:vm:photonmelodies11.rio.004:426952928:00425860:02105,cvm,………………。<01>,[],layout_only,65286ae940fe82e427436b762e00a4b043f20acb55804535e507c56407feb440,4b9a305fae71661ee98f0fc0e96494d9ab9431e3da7611fc609e9d10c9993131
pm:vm:photonmelodies11.rio.004:426952928:00425916:02106,cvm,【纯夏】「咦、咦？怎么了？」<01>,[],layout_only,bd5c61e511ded0b90bc813caf13dcf40bea4ca333cb14734b1cbe0f4fcb410e6,3d44d8b36734ebe2d2d7ed79dde1a266e608ce4a85f1fa7644e38722b4ee2fd3
pm:vm:photonmelodies11.rio.004:426952928:00425972:02107,cvm,【慧】「……太理所当然了，没意思」<01>,[],layout_only,0ec4a834627cc9d5554f7da1a509d56d56407f3088a43aa3ba8c40260345365b,0b9e01e0b00bf05c8a74d702d212bd59d0f8d6436374fe0e0f55c929f8c5ea0d
pm:vm:photonmelodies11.rio.004:426952928:00426224:02108,cvm,……连半点惊喜都没有……我刚才哪怕紧张了一下都算亏。<01>,[],layout_only,145a17800ce58e6f1815191a9693af0c043c7f2eb50d811b2a7965c119d4d7fb,accdd5154ebbcd237b003058d01e245bac6fe04c40032c04cbc26934419dcc71
pm:vm:photonmelodies11.rio.004:426952928:00426268:02109,cvm,什么嘛……那个，听她这么郑重地说出来，<0A>确实怪难为情的……<0A>可我压根没想过纯夏会说出我以外的名字，<0A>这样的自己也挺丢人的啊……。<01>,[],layout_only,f4d0ae14669b263968cb8d5be7dcd413dc805c08e6f833f72872489dbf330f1c,6d9a3694c2283a3ea1bc41563a7de76c6079f94048d9d5bffb83fd6c02cffce8
pm:vm:photonmelodies11.rio.004:426952928:00426312:02110,cvm,【武】「…………」<01>,[],layout_only,770975bc8d76964cd0683d1a3ba2ec947971272f34819d29aa5c66d3964a88d7,6a17c608647a040376434d02fd50f1e4124a141fe417bdc98ba4d3f27bdee35c
pm:vm:photonmelodies11.rio.004:426952928:00426356:02111,cvm,倒不是我自恋……但我一直都和她在一起。<0A>早上、中午、晚上都在一起。<0A>这样的日子已经持续好多年了……。<01>,[],layout_only,5c18abcfc4613cb5fe7c03e4d6b58b6a3aef32ee9abd5413dd1c96f8743b0ac8,2bbfea3f0cc87efebf638571adf08cf23fc0c153da8749a41256cab3c7e6d0a2
pm:vm:photonmelodies11.rio.004:426952928:00426400:02112,cvm,可是，谁都没有惊讶……。<0A>这说明纯夏的态度就是那么容易看懂吧……。<01>,[],layout_only,0a30faa30350a6ec8385daf3ea1cc0701bdcf0685fc2c2dc8d7902271000be7f,458f13bae985e4400bbcefd5ec839b376b55a51e39604a4497edcf862f86f2be
pm:vm:photonmelodies11.rio.004:426952928:00426472:02113,cvm,【武】「纯夏那家伙真是的……」<01>,[],layout_only,f7a99b73a667f605c471010a56898887712c84adda9f75eeffc1d048a0b2d47d,e9e0efa89d9db32be28f933aac4fbbd2d6e823f71d535858ea1be5d43405e457
pm:vm:photonmelodies11.rio.004:426952928:00426556:02114,cvm,【声音】「就是说啊～～」<01>,[],layout_only,4ca975db20f8cf67c16d6ebaf5a7719d7321bcf337a4326f4f40434b6b747e18,fa879308c95bf85ed2b869cfbbc2efd15a8028a8b721c83cc3bc1314c995fb27
pm:vm:photonmelodies11.rio.004:426952928:00426600:02115,cvm,咦……？<01>,[],layout_only,d7e8735ab8ae8c54388ae8ec161b64c7872d2aa5ff37190e03b7fa33547be3bf,c12ada33a831e0fe0604e9458f33b8818aa50788767572637e418a4f54bad7f1
pm:vm:photonmelodies11.rio.004:426952928:00427204:02116,cvm,【武】「——呜哇！！夕呼老师……还有，小麻！？」<01>,[],layout_only,69509f5bd582fbb827389decb6d63348fc8bb8f5ff03b31a41826dfd2805f41b,1d1ed071a0ebf9fcac41ac879ec2ef597f321df330afd0e2322236f5e3cc1a8a
pm:vm:photonmelodies11.rio.004:426952928:00427260:02117,cvm,【夕呼】「呀吼——！」<01>,[],layout_only,bd91dbc933551ac47ec8cfecdf2f50171d896adf777b80420e1a0cf87ca13b03,973ad537884b85a8e1f944b5a37f66a59c899f4be8bbc8046d378c32374bed20
pm:vm:photonmelodies11.rio.004:426952928:00427304:02118,cvm,【武】「——呜哇！！哇哇哇哇哇哇哇哇！！」<01>,[],layout_only,c5e462927a7fed0a510a1dbb0108b90a1ab02af6ccfa1539bfac8f98bb0ab0d1,18767054615100bab7b3c9488824b1954b21a62c628198a049607c32520968f8
pm:vm:photonmelodies11.rio.004:426952928:00427496:02119,cvm,【夕呼】「啊，放心。<0A>比我小的，都不在我的性别识别范围内」<01>,[],layout_only,4e3531709a7b6a5adfdb237fb918addd800822d0d8049669b3a28ff5961bbfb6,5dd8b4459643ab3faecfedd728a242b3899d3ba88ddc33caab448c323470a9fb
pm:vm:photonmelodies11.rio.004:426952928:00427540:02120,cvm,你、你是没什么，可是………………<01>,[],layout_only,6154fe9b61dd5fc3da4be34e1f641b3fca6c1414b6d300831c314c2898ffe104,19c0bbe91a84b58cbc5005e2efe35304305e4ec61f4f3859705cb8fd8fc53698
pm:vm:photonmelodies11.rio.004:426952928:00427720:02121,cvm,【武】「…………」<01>,[],layout_only,770975bc8d76964cd0683d1a3ba2ec947971272f34819d29aa5c66d3964a88d7,6a17c608647a040376434d02fd50f1e4124a141fe417bdc98ba4d3f27bdee35c
pm:vm:photonmelodies11.rio.004:426952928:00427776:02122,cvm,【夕呼】「哎呀～，麻理茉，人家正盯着你看哦？<0A>这趟没白来呢～」<01>,[],layout_only,d0fa9932fd10a15a7041edb1f381997449a7ad23219e5c4cdbbf7bf3d884e18d,424da4ac5c3092a7348bcb573b50254cc0c0be9185197cf9d4a86480dde535a9
pm:vm:photonmelodies11.rio.004:426952928:00427832:02123,cvm,【麻理茉】「等……别、别说傻话！！<0A>不、不是这样的，白银同学！」<01>,[],layout_only,1946df8a972d228ff870e9d917ca15ae4ce4f3789075e72f853c005eeab69dc7,db9f61b978e565aac01574b3f927f0e3240a8ec7dda944fed968c3510e6f3ac1
pm:vm:photonmelodies11.rio.004:426952928:00427876:02124,cvm,【武】「…………」<01>,[],layout_only,770975bc8d76964cd0683d1a3ba2ec947971272f34819d29aa5c66d3964a88d7,6a17c608647a040376434d02fd50f1e4124a141fe417bdc98ba4d3f27bdee35c
pm:vm:photonmelodies11.rio.004:426952928:00427932:02125,cvm,【麻理茉】「我我我我我我只是被夕呼硬拉过来的～～！！」<01>,[],layout_only,d75b37eac05f7985115f173c5171b268ed4b0e0411ecaf8b65677e83bf99603c,6df6cc17f895177cc88b9ae29c2238e3cd1dd589ebf264b94f018972d7daae8a
pm:vm:photonmelodies11.rio.004:426952928:00427976:02126,cvm,【武】「…………」<01>,[],layout_only,770975bc8d76964cd0683d1a3ba2ec947971272f34819d29aa5c66d3964a88d7,6a17c608647a040376434d02fd50f1e4124a141fe417bdc98ba4d3f27bdee35c
pm:vm:photonmelodies11.rio.004:426952928:00428032:02127,cvm,【麻理茉】「白银同学！？你相信我吧？<0A>白银同学～～～！！」<01>,[],layout_only,d147b370af3b722f1fbca8838f4737c4ad80219dc7fbfff6328e1492dc99b821,32e70241efbc8b4e49867757116e4874e8630cfe70fd410477a303de683a49f4
pm:vm:photonmelodies11.rio.004:426952928:00428212:02128,cvm,——哈！？<01>,[],layout_only,04b08e8af8b0d0f8cf326d0c60210843ee60f5e1b4dfb17991a4ead32d43b84b,b8a42cd57ac0c587bbd5c8d420fa72d29b4a9491471787631d6e716708142169
pm:vm:photonmelodies11.rio.004:426952928:00428256:02129,cvm,【武】「为、为、为什么会在这里！<0A>这里是男浴池……话说，拼酒那边怎么样了！！」<01>,[],layout_only,42686428439926bc761975da6674c6a8a8549e2eb2094fe3bdbfa79673e585d7,f984f910f70c2ec574f21ee530407a79746ef9d48c3462b3bd20564831ba98c7
pm:vm:photonmelodies11.rio.004:426952928:00428300:02130,cvm,糟糕糟糕！我刚才一瞬间失去意识了？<01>,[],layout_only,b2ae5ad8230bb2af6f1316b2871f4659bf2e2744eeaac6bb9d7f58a18b47e7d3,258791c8cfffdea58da05879c61d57a5bcbd59ab8399baf777fa2718d3dd4757
pm:vm:photonmelodies11.rio.004:426952928:00428356:02131,cvm,【夕呼】「哈～？那种事早就结束了」<01>,[],layout_only,a5ccf0e22096a844982f2fd53482c4ac1c123480023e30fff0e04d21ace64f68,1657df1d20d5309401064e3e399f99f9a3bf5137c5485b511da39bb1b5e8b6c6
pm:vm:photonmelodies11.rio.004:426952928:00428400:02132,cvm,咦咦？<01>,[],layout_only,0688ec5c0330c7f2e8b5b4e900800234eff8d47af4a1d98a2f9b940168bf93cd,d310f7346225a19cf1d764783c86978d110e8aad5765751a80003a7d35b62398
pm:vm:photonmelodies11.rio.004:426952928:00428456:02133,cvm,【夕呼】「真是的，一个个都太不中用了……」<01>,[],layout_only,4f0352bc656f3faedcbf53daac5d8b8a87bf8846fe4eed3890579547b9e71730,070149ef7d9575e28b90223713ea23b1190ef64f72ba045f8b1f8258497791e9
pm:vm:photonmelodies11.rio.004:426952928:00428512:02134,cvm,【夕呼】「皮亚蒂芙好歹是波兰人，<0A>我还以为她酒量一定很好，结果完全不行啊……」<01>,[],layout_only,543ed71f8b88592bc95bbed1fdd625825fb1f5af151997523dab08a14ff9c95f,2a01ac2fbdc889749172d07427329905489e2207bdb676d77e0e31b807f7f344
pm:vm:photonmelodies11.rio.004:426952928:00428568:02135,cvm,【麻理茉】「只是你太像个酒桶了……」<01>,[],layout_only,863cfd56fec7f38baeb06e1b18fe797bbe3d04aeb3688bd78bff0caa3b710c90,90bda0a4e481c6d24a9be1d866f1a274c58adb1a6bcdf5fedfc001aa229622ab
pm:vm:photonmelodies11.rio.004:426952928:00428612:02136,cvm,……她真的把所有人都喝趴了？<01>,[],layout_only,2842a0ee5e6d927c8d4debf6b33cebfbd88d04b2794c4304218f81724ff8b11f,a46e60b5e33795c559f43a22b06f90ca42646ad1f7ad8526ad59a171417ed70d
pm:vm:photonmelodies11.rio.004:426952928:00428656:02137,cvm,然后又在这里继续喝？喝了那么多还喝？<01>,[],layout_only,dfafe4308be6b4d2e46a01e615b7343cae082f5991f748a810626ef150155ce9,af9f92ee0468a3fff3029bd390680c369e905e992e9cc238c8cfbf3210ef49d4
pm:vm:photonmelodies11.rio.004:426952928:00428712:02138,cvm,【夕呼】「比起这个，白银……」<01>,[],layout_only,99bfbb309943c2662492505a93474ff55a405ab2140a6d74b2c0d059af784d78,809c5c6d91b69fb230ae24748ebf000ed7af7753b5c515fa189811b640bb76cc
pm:vm:photonmelodies11.rio.004:426952928:00428756:02139,cvm,【武】「是、是？」<01>,[],layout_only,6b8acc0b0a7b77db1e9e25486caf7c86b9047523234565e3511f4d8c9e8683e1,257f5d236297e7e09c75d54df9c9cbb175e618859106c8c5727f80659ca72d2b
pm:vm:photonmelodies11.rio.004:426952928:00428948:02140,cvm,【夕呼】「你啊，该不会以为能逃出我的手掌心吧？」<01>,[],layout_only,432fac1ee0697246a5d20865864e1043ebbbbb27e8729ebb4598f0722af9bb7d,5fef9e58ac98659fbb36a07aa89c4556d485423c280bb06e6bd61cf7dcce5af0
pm:vm:photonmelodies11.rio.004:426952928:00428992:02141,cvm,【武】「呜咿——！」<01>,[],layout_only,d3d5150849d4cb472d4d8c5cc5148c03a619643f016589ca5e83c6c53fb92f6e,955f247a432dc570893d2f29e9e669ab6a476ef37e352da6b6599ac4c1a0ab72
pm:vm:photonmelodies11.rio.004:426952928:00429048:02142,cvm,【夕呼】「来，这就开喝吧……」<01>,[],layout_only,9edde6288e9f6c6568c3f2ecda81726378aa410c447eacc56879e586ea8c9e0f,cc9dc9b2cbe116f6f62f56c0fb825724e0563a4cd1d8859870f68ccba94cbf23
pm:vm:photonmelodies11.rio.004:426952928:00429092:02143,cvm,【武】「那、那个……我，不能喝酒……」<01>,[],layout_only,b8f888155b6566997d76311de8430a11835f2ca5a0c87ab806ecfc075ead5af1,4993c3ef20eb132a04471ade7da7a289b605935797d016788ca47d1237f22a22
pm:vm:photonmelodies11.rio.004:426952928:00429148:02144,cvm,【夕呼】「你啊，这场现场直播，<0A>想一滴不喝就白看了？哪有这种好事？」<01>,[],layout_only,77aa3993df051115f5f9e6a34e129a668f91d21c2b84779071eba29844e3edfc,9f04511611d10501f10e1dddfc59f5563b714764729926d5e04befc3c4d0b17b
pm:vm:photonmelodies11.rio.004:426952928:00429192:02145,cvm,【武】「那、那么……我出去！」<01>,[],layout_only,c56cffdbc73cbc55040c0a8c0421d8fe821bdcea3fe720f5dd8fb2b394d16d5a,c4d276d699697916d7795ace33a2b6a7250d06431c2af9bd3b812f2ca4c5d538
pm:vm:photonmelodies11.rio.004:426952928:00429248:02146,cvm,【夕呼】「所以说啊……你以为自己逃得掉？嗯？」<01>,[],layout_only,b8cd802ee720e9cb50fa503f2f5506fa139e5480475e275a0c52bbe6f697646d,7e37927d4b88dbfe4ded1f446fb117e620ef1b8445bdb52f1dffd390252989ca
pm:vm:photonmelodies11.rio.004:426952928:00429292:02147,cvm,咿、咿咿咿咿咿咿……！！<01>,[],layout_only,60a319156c04dde7f9b323ef5c19d18f56e3f4226aff61c0ca4700e55512f98e,fffbbdd4ade8b88c081ad8b6dc6deb67939e478b39446be64f5a75bb3631470f
pm:vm:photonmelodies11.rio.004:426952928:00430176:02148,cvm,【壬姬】「话说，真的要说吗～？」<01>,[],layout_only,2a992ce2eb62166940c0c8ec2bd11b326478626eee64aa7644ecc7e8279b7023,d485014094e169b8baeeed08bb5917ff593ae682a6b7b1fdf5f082c2bfb55c56
pm:vm:photonmelodies11.rio.004:426952928:00430232:02149,cvm,【冥夜】「我无意强迫，但喜欢上某个人，<0A>不是人之常情吗。这并非可耻之事」<01>,[],layout_only,6721ec7a20c15588167666050309d1cc6656d6699144d3001df29dcb4a079be2,d28194448b6a7526e1ce38278d68fb9dadbc7201aa44dfe68d997885efc5c6dd
pm:vm:photonmelodies11.rio.004:426952928:00430288:02150,cvm,【壬姬】「唔～～……冥夜你们已经公开说过，<0A>所以无所谓啦～」<01>,[],layout_only,0b37f64c73cdc43a3b8134a261fdb5cc25b40a3b16874993d5a4554978fb0279,b3ea0579f7ea0293ebeb40ea19ff733be410379f182d4dc156e9bcab5e47fa21
pm:vm:photonmelodies11.rio.004:426952928:00430344:02151,cvm,【悠阳】「你还不懂呢，冥夜。<0A>这不是羞耻与否的问题。少女心可是十分复杂的」<01>,[],layout_only,e1367dddaec35f49980c51d05d73871f81edaac4f908ca7c88d335671006f341,07323e4cdf8cdfc16140c80d62479178f8ed0e51c70bc241808297776c75de0d
pm:vm:photonmelodies11.rio.004:426952928:00430400:02152,cvm,【冥夜】「唔……这、这一点我非常清楚。<0A>我自认也是有少女心的……！」<01>,[],layout_only,e2fcc7b42ac2f8b5269e9158baa4752a300e5b72f8fc33df15b339cf85994abb,3289ec55bdfb5e27879b1148c3904b5a5766e6f06cae98e3ce9ab67cbe07fb35
pm:vm:photonmelodies11.rio.004:426952928:00430456:02153,cvm,【柏木】「哎，那，这样怎么样？」<01>,[],layout_only,37898c0c90311b958090456c0a3db97ec7edb70dc97069d636da79feec5ead8b,c5ac6ff67c47ea7a17b452234a9ab4fa0ddc639a76dcdc990050895285abbd98
pm:vm:photonmelodies11.rio.004:426952928:00430692:02154,cvm,【夕呼】「哦～，开始做有趣的事了嘛……<0A>白银，在喝吗？」<01>,[],layout_only,9c471db0ac11542ae629b3d559b212ae958963c6224349ae93139d742f6db7e6,2b97b46ef6fe90afc97e45520707bd41314266d48a7d625b42e5a8383df8c5ff
pm:vm:photonmelodies11.rio.004:426952928:00430736:02155,cvm,【武】「是、是……」<01>,[],layout_only,f8e4d2b0e9b19b133a7e47bc05d85cc159c7e607786dd34b0ddbdb2428ad10a5,a7aa030805f61cbc929f27c9746b94c07e5a69151c2538810ccf8f79532b4c73
pm:vm:photonmelodies11.rio.004:426952928:00430792:02156,cvm,【夕呼】「来，一口干掉——！对对对！！<0A>来，麻理茉，给他斟酒、斟酒」<01>,[],layout_only,9263ff0b7d90db6eb5a299be85cb6dc84a7ea475b776f2e4525accf9ca33c872,84d9f0423c1ba9060d563b06e05da090ac3eb7bb72467be1545263ff60d1fc26
pm:vm:photonmelodies11.rio.004:426952928:00430848:02157,cvm,【麻理茉】「呜呜呜……<0A>你没必要听夕呼的话哦～白银同学～」<01>,[],layout_only,206f3bd9b580987df15df682e3885694d3d5dc2d805a52b1d6cc79577561ab66,8edca1b5313c9ec401acfdee1339846b5fafe40575d940bd3297d0efb2755c93
pm:vm:photonmelodies11.rio.004:426952928:00430892:02158,cvm,【武】「呃……」<01>,[],layout_only,09a19c4c196aa275411e5a0bf1bdde67622ac4dc09f8347c909f9ee3a0503376,e874dbf5de1e642d1b88b5dc56351abb3e6bb34415a51090cd589bff5e1195d2
pm:vm:photonmelodies11.rio.004:426952928:00430948:02159,cvm,【夕呼】「共犯刚才说什么了吗？<0A>说到底，这趟旅行本身一旦曝光就完蛋了吧？<0A>劝学生喝点酒又算什么」<01>,[],layout_only,d75bc3a436156948fa359ff77d674040c6091627cec1e386e4c933a8dd27993c,0488893743be10e22e6bf386e018a740949cf37397457668eeeefae300484e1a
pm:vm:photonmelodies11.rio.004:426952928:00431004:02160,cvm,【麻理茉】「啊呜呜～～。原谅这么软弱的老师吧～～。<0A>我还是更爱惜自己啊～」<01>,[],layout_only,669b700418c9f752bf11d37cfd7c186a51905f9185c8f603a5126972c4671389,8ce95757ffea400ef517adc4a0475a88e9928d831517f8176bc49391dd914665
pm:vm:photonmelodies11.rio.004:426952928:00431048:02161,cvm,【武】「没、没关系！我早就分得清善恶了」<01>,[],layout_only,b929ede1afffa0eab75dfe7724ca087f16e19de5ba121dd4841d08a440a8aa76,5b125dfa4537e0f2a3da22546dfecf3cefb7602b7794b6ef5734e39ace276f8c
pm:vm:photonmelodies11.rio.004:426952928:00431104:02162,cvm,【夕呼】「呵呵呵……挺敢说的嘛？」<01>,[],layout_only,1660ecf3e5a443491cb309757f89c3c14432626e87c59da8539bf35b5d4a4820,0f7a7fb597b895a9b29ed84da970d91bfba7cc86b3208998015edba783ef953c
pm:vm:photonmelodies11.rio.004:426952928:00431340:02163,cvm,【柏木】「那么，可以吗？」<01>,[],layout_only,630b1046e34a9c66aa4d8e2cea8abd37f7bbd866fa0e0bced6011fa8cf483026,22c7f84147c47282bd0da681f7077a801c77dc3e87626370bd43daf42dcf001a
pm:vm:photonmelodies11.rio.004:426952928:00431396:02164,cvm,【壬姬】「大家一起说……要是没听清，也不许追问哦？」<01>,[],layout_only,5eff89f58886d9c3a0a0aee1054d45e0cf2d72d2dd33c9437844fa762b4532c9,d0bc711ec1c21f6478f396b70b27e675fc8955a8a0f874b569f77c1d0890877e
pm:vm:photonmelodies11.rio.004:426952928:00431452:02165,cvm,【纯夏】「但也不许故意小声说来作弊哦～～！！」<01>,[],layout_only,e646b6a4473821bb98c68ced85f37dcc1c728ddc30abfb6be0c9f6cbcd483da8,683889d725db7882e20c093534bbae76f010822c577e07d894bd62b01c81ef9b
pm:vm:photonmelodies11.rio.004:426952928:00431508:02166,cvm,【柏木】「榊同学，可以吗？」<01>,[],layout_only,2fd6e1a662ebc56dca00e7fec147a7628d85d3ac7432b020d188e7fecc32b99b,f195a5b356a64b4120a33823e54ec7d0d712af346789d49a69264f1ea8822e8b
pm:vm:photonmelodies11.rio.004:426952928:00431564:02167,cvm,【千鹤】「好啦好啦……反正也逃不掉吧」<01>,[],layout_only,8b652dd4338e8d6201e498da60cb1e2d67886493f98c04268e89d1790c22e292,6c2178bd22e79af3352ecfb068de6068c904f28bda62b130a4ad152313a70960
pm:vm:photonmelodies11.rio.004:426952928:00431620:02168,cvm,【慧】「凡事贵在懂得放弃」<01>,[],layout_only,2dcadfd1d14ed1e62263a3fe6e73cefd5c7c71daa9835da1df07a637fae384cf,94d41711edccce2739c236053a3c32016c8922e9f9d79d8acf2f81f401819493
pm:vm:photonmelodies11.rio.004:426952928:00431676:02169,cvm,【纯夏】「那么，已经说过的我来给大家当裁判！」<01>,[],layout_only,1a0243f49f8570dff9b0ff428c1f0f20f2534cdacfbd39dd767fa93204ac8220,0209caad167840c6347c91646e6b2d8d7ea51e9143db79eaa5cc04dd13237215
pm:vm:photonmelodies11.rio.004:426952928:00431732:02170,cvm,【冥夜】「好」<01>,[],layout_only,4bbcf5c5c0028f563c0da37676e56f34e822489e5ac37228f534719490dc43f4,1bd722d39ee6fc5420ed7f0c0123fe29262b3c83e68925709a04aa33ac510e14
pm:vm:photonmelodies11.rio.004:426952928:00431788:02171,cvm,【柏木】「不过御剑同学她们就算不说，<0A>大家也知道啦～」<01>,[],layout_only,eb9ff92d46fc6a17a3c86e935881ff258e58ac9a997e913094ea505e9a6172e7,e96545de2aa6c2ef948f47aea661ff538098cf56cd85e469dc941ceb6bca81e9
pm:vm:photonmelodies11.rio.004:426952928:00431844:02172,cvm,【纯夏】「大家准备好了吗～？」<01>,[],layout_only,068e58284e7d89140d0313ac86c2de249fd498d81334ef353eb8fe21aaeed5ce,c2c9798bee84ca6b8142624600b45c15edc5b6f3bcd4550fde5b18113ef416f3
pm:vm:photonmelodies11.rio.004:426952928:00431900:02173,cvm,【千鹤】「应该是做好觉悟吧？」<01>,[],layout_only,ca73360737c65d951a55b126c70371062275d01aa6ea489ec351477eab9d2757,3ce1ef513bf8178f24a0de2a8d8057089d551e563a0c255ce6973a375c458d4e
pm:vm:photonmelodies11.rio.004:426952928:00431956:02174,cvm,【美琴】「不许拿别人开玩笑哦？」<01>,[],layout_only,55b3be8da3ce23e381c872be8724de6b6714ec92fe7a28954d9aba973cf56e03,9d4c5efcdb992b62909db108a1d8246dc33eca53e74c64584ead29c700f3aa72
pm:vm:photonmelodies11.rio.004:426952928:00432012:02175,cvm,【纯夏】「大家喜欢的人是谁？……预备——说！！」<01>,[],layout_only,6a995bd9acf54c3ec8a615f62f6896c959756732da14642079faa9448b443b67,d5cd37356be368e55414dac98f04a6d8aca47d959f08ea71ead828480c38e0f9
pm:vm:photonmelodies11.rio.004:426952928:00432148:02176,cvm,【冥夜】「——是武」<0A>【悠阳】「——是武先生」<0A>【千鹤】「——白、白银同学……」<0A>【慧】「……白银」<0A>【壬姬】「——小、小小小武哥！」<0A>【美琴】「——武～！！」<0A>【柏木】「——是白银同学」<0A>【霞】「…………」<01>,[],layout_only,eac299b3cdbeb39fa23e2979683db28e939bf0444203629a8846663fd493fa1b,67cb14954ff9e6532b68cdf37a4d6e2621fc580b459d47f710875c2736adf8fd
pm:vm:photonmelodies11.rio.004:426952928:00432404:02177,cvm,【纯夏】「——咦————————！？」<01>,[],layout_only,1b78a2acd55894a7405bf018cb1cc0709bb59822ac5a040940b9006b407e48ee,246d5a9e4ee705b9a23c864263d28e22a68feb21c23db0041cd1c45d60bb7eab
pm:vm:photonmelodies11.rio.004:426952928:00432664:02178,cvm,【纯夏】「……开玩笑的！果然是这样啊——」<01>,[],layout_only,2fe9126a2327020e1755e09f8555a9c99e3633d83f78c3e6e9fcb61a3e2f2bf3,2370aaa2e848c3bb7be2904c5d05a8664bb84f6074e7c521a33c68460a54e37d
pm:vm:photonmelodies11.rio.004:426952928:00432972:02179,cvm,【柏木】「说实话，完全不出人意料，<0A>反而很有趣呢～」<01>,[],layout_only,9dab877e8c8de5396e0f57a09c92f459cb3e4f35ae3954912883e25014b88992,9d4e0ba5a4b4ccdd67cd9ef20ff844bacd011dec61d8430d8640f27c2b735552
pm:vm:photonmelodies11.rio.004:426952928:00433028:02180,cvm,【冥夜】「嗯。不过，能证实我从转学第一天起的感觉并没有错，<0A>也算件好事」<01>,[],layout_only,84392fa776c6c04f27cb0066d4cdba52b34cbdb585a33bec1df7fb59174011a6,452741500ffed06fa33bf35dbe0e74c1a620df53b256929ccac9b81dddc5792c
pm:vm:photonmelodies11.rio.004:426952928:00433084:02181,cvm,【壬姬】「可、可是可是～～！柏木同学的答案有点……<0A>让人吃惊～」<01>,[],layout_only,678051ff10b7e9c666277166f2731409f041bfe70575f8e851f0539e6f4fffff,bd63d2c579b981430b0a43247296fd8c3f2f7076eed986683906ee92e9ed84fc
pm:vm:photonmelodies11.rio.004:426952928:00433140:02182,cvm,【柏木】「咦，是吗？白银同学是个很不可思议的男生吧……<0A>所以我最喜欢他了」<01>,[],layout_only,e6e085be274c003fd273e8774f8a66e2285dc58d4a10e7487ac7acb34ab2161e,40b76018ef825caf781d75fe8d37c2b22a7d30ce3578fe84b7d96d51a952abe8
pm:vm:photonmelodies11.rio.004:426952928:00433196:02183,cvm,【慧】「我懂。白银是不可思议系……」<01>,[],layout_only,7aab0a7ed58a7e629a8d52343a7ac5244550d3435c4b3e72935d55944dea38da,88f22c20e52cef3bcdc66f644611592fea2fa18cf6b12d12fbc80d3aa1a0fc13
pm:vm:photonmelodies11.rio.004:426952928:00433252:02184,cvm,【壬姬】「我觉得小武哥最不想被小慧这样说哦～」<01>,[],layout_only,8e8a55cc2c9c463ed1ecbf7c39a0168e528fcd6b6e7bf9373ae7c53236756a30,3ba148b4c8fc7d7495cf055fa402835ee8caf49cc5aaac6ff46e0fbcf03b4dbc
pm:vm:photonmelodies11.rio.004:426952928:00433308:02185,cvm,【美琴】「不过啊～，班长……你是认真的？」<01>,[],layout_only,0bdbbcebe49937758f0a229e87ef4150c5ee40827ec6a9ef4846e7d2f1f42c21,39abe42f8fc0c188a1955a04bb16ce1a53740105ae66cd438918dcfa50fcb07d
pm:vm:photonmelodies11.rio.004:426952928:00433364:02186,cvm,【千鹤】「我、我是……」<01>,[],layout_only,bbc2f488a09cde258f9d4e5fb6d79d642b423e726f1f948cd0c668d1222d89c0,4d687cfc4e673608e0a3acb09d031b6924728c9a37985a480e72fc535c73fb17
pm:vm:photonmelodies11.rio.004:426952928:00433420:02187,cvm,【慧】「总爱找喜欢的人麻烦……还只是个小姑娘呢」<01>,[],layout_only,d568b2a01902c1517224b60da1c0bb951959bd816a4569947e5e5fe93d7553bc,8870941df8d7dc3435c2897232cbdf67ebed2995ce7f81b0dc08e9fdb5c03e65
pm:vm:photonmelodies11.rio.004:426952928:00433476:02188,cvm,【千鹤】「——你、你说什么！」<01>,[],layout_only,c96ac4ed7379bfc4bf44bddaaed95fbf291801b5d3ea737b1761d0231988e8e9,2eabf0e404de3cae44b326cd36378e02da886ca68b50a5e5036bf77d5f7f55c4
pm:vm:photonmelodies11.rio.004:426952928:00433532:02189,cvm,【悠阳】「正所谓越是吵架，关系越好呢……」<01>,[],layout_only,d1afb9e99eac50af25a8ffeaeae58e597d9622047eb155c285e20708f26d48d7,9096dccf01206221a24fa024bec3eb89b53ee6f06ca01c3eb3a003dafebcca16
pm:vm:photonmelodies11.rio.004:426952928:00433588:02190,cvm,【冥夜】「呵呵呵……你们俩不也是如此吗？」<01>,[],layout_only,afc5ae8f7826d09ba6686fbf54e8ccaa64579358cc4a359c7d8390da79075a55,608aa72f49c2e54b12902ffbc5a43b109a09b45f13389bf56e842bed3f57b21d
pm:vm:photonmelodies11.rio.004:426952928:00433644:02191,cvm,【慧】「那绝对不可能哦」<01>,[],layout_only,f7685fcfa9e340c37f75d30bb2717135ce720eb7a661a9ca49b6870bd03b26fb,9ff8db6e2e928593808b36e6a5d6f844de8f23a040ecb07f51f15aee71bc473c
pm:vm:photonmelodies11.rio.004:426952928:00433700:02192,cvm,【千鹤】「……没错」<01>,[],layout_only,217431e3de9817f1f1c70c59089f4ae7f0e24ace3a0b8ed3b29e85ceecd6ead0,afb1cea34abfabb44917c566727fbc2e9f857b11de8023c85250ee1503286742
pm:vm:photonmelodies11.rio.004:426952928:00433756:02193,cvm,【美琴】「可是，真的很不可思议……<0A>大家的想法和性格明明如此不同，却都喜欢武」<01>,[],layout_only,4229aa4d1794f47f0f51beedb62f7bd30c0fa7b998b470ddc4391a3737fc3338,be9118e06ac668c25bfba4dfd20713f6c10788f9a87690bc96ec91e049638109
pm:vm:photonmelodies11.rio.004:426952928:00433812:02194,cvm,【柏木】「果然就是，那个吧——恋爱原子核」<01>,[],layout_only,f3bbedbdb98ec59c434419588840466cb25b59aec3b0a4a6c1a5efe3e99b1c1e,00c38f5424f15ddacc107966394abab188a00ba016a56dcb376077dec7df0fad
pm:vm:photonmelodies11.rio.004:426952928:00433948:02195,cvm,【纯夏、柏木、壬姬、美琴】「啊哈哈哈哈哈哈哈哈…………」<0A>【冥夜、悠阳】「呵呵呵呵……」<0A>【霞、慧、千鹤】「…………」<01>,[],layout_only,c19a8057194dec626e5fda4e762bca092c6cd5d02ba690b170a67fa126bd7059,c67652d8eae0926814ff0c3c3ff299c9799103d5762587d08f4869db0fce8fa8
pm:vm:photonmelodies11.rio.004:426952928:00434208:02196,cvm,【纯夏】「但・是・呢～～」<01>,[],layout_only,a2d096c2a5f3b63be490fb72855353682400777c11448fe3c3e7fe09d67a30cb,176b7867c9a087bcafbec0219d6cf28664e21a300cade05f4aa68e473e8aa924
pm:vm:photonmelodies11.rio.004:426952928:00434444:02197,cvm,【霞】「…………」<01>,[],layout_only,ae1d9107f8f518af6cc974f9f2dd86cd5f6b05e10cdcd693676de81bca4abda6,09a1c5c4f3135e6f4548ece4982e45e31d0297b9ec63875c4a72c35e2f926c70
pm:vm:photonmelodies11.rio.004:426952928:00434500:02198,cvm,【纯夏】「……姐姐我可是看见了哦～！」<01>,[],layout_only,29b8e17f754317e8bde3bd99b697c3c4655a26aa4cb5d7b446408667d0172c4f,49a76f0911d351f2cac780158261d87d30fad3486cce6bef25a5c9e12c3541fc
pm:vm:photonmelodies11.rio.004:426952928:00434736:02199,cvm,【霞】「——！？」<01>,[],layout_only,865d7fb6b265bc5fb5c2add3709c3727048110d63a68819a92057f779ef1ef48,ae8fb443465045cd46011e8da788fe974ca4f586bb0367d133dda840f6205a30
pm:vm:photonmelodies11.rio.004:426952928:00434792:02200,cvm,【纯夏】「小霞～……你刚才没有说吧～～？」<01>,[],layout_only,a6f0b32edda225077bc9fcbc3f59ec1d1749b60efa879c87d68a9777ec82a3bd,341eb6aa26fa03cf82d7b257fcfea4df31714bb189b7ba19769c04c7ce870c37
pm:vm:photonmelodies11.rio.004:426952928:00435028:02201,cvm,【霞】「那、那是……」<01>,[],layout_only,39d84fd86c9ff89e4d4b7f45036c659d75e16f7376e6c0bad7c021c9b1819a5d,bb03b6afef0b0451de170d1b4c85023cf2aec2195940bc9263e4bcd55d793c06
pm:vm:photonmelodies11.rio.004:426952928:00435084:02202,cvm,【纯夏】「哔哔——！违反规则～！快从实招来～～～！」<01>,[],layout_only,c11ada59eeb57998b845a8155246b3a83e39d2fe27129837c11da101f8f329a1,a3704e3a472a77c46a013c01378e86a2bad07e2c97c242c261919889b4040bc2
pm:vm:photonmelodies11.rio.004:426952928:00435320:02203,cvm,【霞】「可、可是……」<01>,[],layout_only,51d4715490427c6fcb78f9b87d6e04d2329618afc128effc3ca11d47a364b532,c3a9c8aeac896d445bedd05ed7e7a6110f6b0fb976d0f74fc28da268080e87c3
pm:vm:photonmelodies11.rio.004:426952928:00435376:02204,cvm,【柏木】「真是的，说出来又不会少块肉，你就说吧」<01>,[],layout_only,a22de6853479a073b491ec94545563fb8fc1cc9cab10a1d7b27038041e382cfe,07ebb2283ffa74bc4faeb0219082625d6b0069ea4005b0477703bbda56bd7c31
pm:vm:photonmelodies11.rio.004:426952928:00435432:02205,cvm,【慧】「维奇？」<01>,[],layout_only,82fa0740fdee66a1cd82a0bb5e0488bdab0085951b3b0f3e79e8358a315c469c,3dc72cb443e89567d6227df13a56c1c9017d883894aac55e2cec2adcbcafd92e
pm:vm:photonmelodies11.rio.004:426952928:00435668:02206,cvm,【霞】「咦……？」<01>,[],layout_only,bfe665a55acd4b8d2fe850f05d8a25fcec6cba43d9fee82f4d738646407f0fa0,12cb47ca96f47c312972e056ac801802e2a35b98d82157630516dd0b51eeadd1
pm:vm:photonmelodies11.rio.004:426952928:00435724:02207,cvm,【慧】「科夫？」<01>,[],layout_only,c7e4cfca8b393cf84cf128084881f59f3fb94ba3fedbbbf75ca1f2c3422307b0,8bd8cd461524bda8d753984feb1443db3fb0ff2cc350f182b3eb6c333095c35c
pm:vm:photonmelodies11.rio.004:426952928:00435780:02208,cvm,【霞】「那、那个……」<01>,[],layout_only,b3dabcd442b63ac94c6e28741041161b6f57f79c8a9e7ae82d95d8e499ea1c0a,1ec5ebe1d3ac725aebee5a72346d85fbd649fe9a1707d60665330a2eecf5bd9e
pm:vm:photonmelodies11.rio.004:426952928:00435836:02209,cvm,【千鹤】「反正是俄罗斯人的名字吧？」<01>,[],layout_only,1bd0b210d55bae8f0f498ab153787c95dc493b356e5ead8e1fe1b443bdef4d5e,fc970c4c261b970bd890dcd35925cbf3dd926b0df5874bb9688b370d27760753
pm:vm:photonmelodies11.rio.004:426952928:00435892:02210,cvm,【慧】「年科？」<01>,[],layout_only,2cb844f62c5fe4a152e20fe2ac4a95eddf5c52c15b23e3563977043dd1692b8b,57321d28f56384322d7c98eacbbf2b8d31f4b20f4624b02230548b8e1a66cafc
pm:vm:photonmelodies11.rio.004:426952928:00435948:02211,cvm,【千鹤】「我说你啊……」<01>,[],layout_only,2b4e58eb5c3f35214217bb64583eaefea784a5bd960f7ff8aaa5724a3c581551,b156fe2628e2faf16d53e7bdece5ac90ccbd0049a30a1dd7fc2a373ead6d2378
pm:vm:photonmelodies11.rio.004:426952928:00436004:02212,cvm,【纯夏】「是同龄的男生吗？还是……比你年长？」<01>,[],layout_only,274fbf32939631ece4a98d5b85fb87a0e9266e73336ecce22a23594e33ccf3db,c87b59fc80ecdf01ebf93c3682d64ae67405c05a5818553d4b39feed69cebdf0
pm:vm:photonmelodies11.rio.004:426952928:00436240:02213,cvm,【霞】「那、那个……」<01>,[],layout_only,fcec0a0231f7cbe7901d98f917da1c990956e2e375773a7bf2715747ca1a073d,18e1a4b5167df81aedd99227eb33f5ec1fc8cafd712055d5933d03346af95d46
pm:vm:photonmelodies11.rio.004:426952928:00436296:02214,cvm,【柏木】「果然……见不到他会很寂寞吧」<01>,[],layout_only,5e310fe06937c2b87574aa9ca63b3efedd0773a344620866fd3a37d1f1b2d877,d23642cefd614359771eb76073a9a0a87c454448bb3418971ba585f627789b15
pm:vm:photonmelodies11.rio.004:426952928:00436352:02215,cvm,【霞】「那个……」<01>,[],layout_only,0f51e12ab201a41631794435520d0bb6dbd6ef587df826bc659a9435884dc00b,1461ddd94cccc7d2f9ebe033e44647e2720200f278acf65b1dd297bb4889dcdd
pm:vm:photonmelodies11.rio.004:426952928:00436408:02216,cvm,【冥夜】「…………呵呵」<01>,[],layout_only,bece49d4048622326a54aff34c21efc475efbbe474cbb64e6aac614f16383588,60c6bcf4baa734ea7032707e0271230a554dda99f0a434147205167b2e77f028
pm:vm:photonmelodies11.rio.004:426952928:00436464:02217,cvm,【纯夏】「御剑同学，怎么了？」<01>,[],layout_only,e9088eeec408dfa3172776525ba97233ca8bbeb245a9ebe5083f33f43299861f,0f58f7629f3ccce176189aaac965de2f2f77fa740b2582b052e5fd1838aa050e
pm:vm:photonmelodies11.rio.004:426952928:00436520:02218,cvm,【悠阳】「……社小姐，不必害羞。<0A>喜欢上一个人，与时间和旁人都没有关系」<01>,[],layout_only,81fa0eea1aa65070ced22e042056a37c2379cffbbdb322203802d069ad298ea4,0f9bb29d6ea9e58d65d86cf140aa739e9826b2787ec0bc45ccffc9a147c42484
pm:vm:photonmelodies11.rio.004:426952928:00436744:02219,cvm,【霞】「…………」<01>,[],layout_only,ae1d9107f8f518af6cc974f9f2dd86cd5f6b05e10cdcd693676de81bca4abda6,09a1c5c4f3135e6f4548ece4982e45e31d0297b9ec63875c4a72c35e2f926c70
pm:vm:photonmelodies11.rio.004:426952928:00436800:02220,cvm,【冥夜】「嗯……你在日本度过的两个月，<0A>充实得足以孕育出一份感情了吧？」<01>,[],layout_only,e26d7883c9e29f7fddde82dc7407b48d40374486ac7a52369bc20c9be585b950,b24981546845d4b5d5a21acf63af37ff8810d861f5052af1f03dddd9d90e71af
pm:vm:photonmelodies11.rio.004:426952928:00436856:02221,cvm,【壬姬】「咦……那是什么意思？」<01>,[],layout_only,3044794fd60059a1238962da9d031db906f3db4d9125980ec927c9e063a9e1a6,d39688213952bd1edc48538d9cd3b578a379d5446cfa57e07a35b2e260e3d0cd
pm:vm:photonmelodies11.rio.004:426952928:00436912:02222,cvm,【柏木】「……原来如此。这样啊，这样啊」<01>,[],layout_only,1e6e5f1c6183fb814cceef4612b12292d24ef980296dc809b9977500deef2de8,d293b9f9aa75340b8c37ffe4ef00fda898d9df773d900df6574a23abf071d9ec
pm:vm:photonmelodies11.rio.004:426952928:00436968:02223,cvm,【纯夏】「难道说，小霞喜欢的人也……是小武……吗？」<01>,[],layout_only,36112ccf0e55c41c4287ecd9530225be32f9a016d8cbe6e1218da808306ce2ff,3eb8498e7fbff3eeb357cc9bcea73c49061e3365fc534470df3e5726ffe7f457
pm:vm:photonmelodies11.rio.004:426952928:00437204:02224,cvm,【霞】「……！」<01>,[],layout_only,587bfc664493251dd188fb0a02d9356a11494829b3835f4a81f9eaa5000aec47,ee18e64e4d51972cd5d8eab870f696f4bd8726ef02dfadd8dd40462374f86931
pm:vm:photonmelodies11.rio.004:426952928:00437260:02225,cvm,【霞】「……那……那个……！！」<01>,[],layout_only,bfbfdf7e35fa17397ed5a86e3d2a1dd2649bd874976065312b4aa128e12224da,efdc80a05ca08919af4a2a47a7fbf6b21b097b6217633fa9899a58fb8d8a15d3
pm:vm:photonmelodies11.rio.004:426952928:00437496:02226,cvm,【纯夏】「是小武吗？」<01>,[],layout_only,f08a6d50adc6e5f2ef359a810c3be5e9820a40f4fc7740a4d92f3eefd90d4caf,062c2db241bc05b5fef3719d4590d34a32727e98eaca1cb6d7eff6ef678baf32
pm:vm:photonmelodies11.rio.004:426952928:00437732:02227,cvm,【霞】「……」<01>,[],layout_only,3b137578c82f9af4a1ea2fd96ba48e86fb1d3ae944b79a928bf5a47f4f487911,a1a738e0857f1009de24a08322e3dafbbce493be86524714b3ba44e2b3cb06a3
pm:vm:photonmelodies11.rio.004:426952928:00437968:02228,cvm,【纯夏】「是小武……对吧？」<01>,[],layout_only,b0e2c5c776d530e56719ce107788873c6c0688d500f96a52b288e20d0bca7d63,7fb4e649c31d5147022a86ee1543c6e4300117f600a81077bebe16681ead5f6c
pm:vm:photonmelodies11.rio.004:426952928:00438256:02229,cvm,【霞】「对、对不起——」<0A>【纯夏】「原来是这样——！」<01>,[],layout_only,86882a650ab5afbad5f6485af067b9b35bbb56b57c9dcd901d95f3c53c94da1b,d73f1bc2b99d3ded77c420330fc96d14f7d3119fab095f3a7ccae462c9354315
pm:vm:photonmelodies11.rio.004:426952928:00438492:02230,cvm,【霞】「咦……」<01>,[],layout_only,9ef04067dea7198922e64dad1ae339964cc2326fd0c495578a355d6a0be5decf,2796509da8d4ac270e33911a9a973f3db27321ef6d2a83fb3007870c676ae136
pm:vm:photonmelodies11.rio.004:426952928:00438548:02231,cvm,【纯夏】「这样啊，这样啊。连小霞都被迷住了，<0A>哈——！小武的好球区也真宽呢～～！」<01>,[],layout_only,5ba5685f8cfbc77f56be6f0839353d35310802e6e817c187fdfc28800f053d3b,7f9376b489c0adc3b56897f19113ed8fb3d3d302b9e449dd36557e36b0a29896
pm:vm:photonmelodies11.rio.004:426952928:00438784:02232,cvm,【慧】「我明白你想说什么，但大概不是那样」<01>,[],layout_only,215fdaca3fba2f5a124f2716e24519c494223f4c4fff79ace1f43faf091b7984,c7980a4229ff1f3aceae07318eec02c8060721ffaaafe5a6fd2ac04e2fad9d82
pm:vm:photonmelodies11.rio.004:426952928:00438840:02233,cvm,【纯夏】「咦……？」<01>,[],layout_only,a5623096fa04318277a1da571b1d110d0d8eabf27de6a7c02b62dfdd43092b82,a696ba7d4b6471d2cda3bd3784cc38dbf493c230788f5eccef96eb1cd8b52bec
pm:vm:photonmelodies11.rio.004:426952928:00439076:02234,cvm,【柏木】「不过，既然大家的立场都明确了，<0A>这场战斗也终于变得严峻起来了呢——！」<01>,[],layout_only,e1ceb92be7483296cff32bdc3e2901b1d2d23a6cbe77a282cb0faf16cedca39f,b4ec8e1610337e3da2a6fe286bc62e892e2927f13c00d74b2ea45c35c9cd7410
pm:vm:photonmelodies11.rio.004:426952928:00439312:02235,cvm,【冥夜】「唔……确实。尽是些有骨气的强者啊……」<01>,[],layout_only,4cea1082d978cbe5e411516d1b35c2c1280344a83706a7d1af1ff618c9e5f470,6915f9e49241f84229c21f9703d2efb5fe025c673ad30e66da9f5531af0a2492
pm:vm:photonmelodies11.rio.004:426952928:00439548:02236,cvm,【悠阳】「那么，该如何是好呢……呵呵呵……」<01>,[],layout_only,22fda1a41c0822eb3e1b08f478be6acd86e3172f9f1cae12bb713b6bc2ff2ea4,8962156df40b75f8655fca453f87780f0bf704c5c4068b8caaa7f153bc2e406f
pm:vm:photonmelodies11.rio.004:426952928:00439784:02237,cvm,【美琴】「那么，不管是谁俘获了武的心，<0A>大家都不许抱怨，怎么样？」<01>,[],layout_only,dfa7abfd32ab7b9af1fde6e149f821a64d6e7f258606383b294eedb95f7c0fef,fda7a60822c964e5db147b0ae3ef84a76a58291941f6649623e5703df0fef8cd
pm:vm:photonmelodies11.rio.004:426952928:00440020:02238,cvm,【壬姬】「啊，我也正想说同样的话！<0A>因为，大家都是我重要的朋友嘛！」<01>,[],layout_only,ea2fcb34daa62b8ece0fe9957eaebe482e719df63b5068b68b78b2d6cf55a056,4d88bb77c92add0f4fd556005bd13e77ba234a91438f6e40ed2a615970dc09f9
pm:vm:photonmelodies11.rio.004:426952928:00440256:02239,cvm,【纯夏】「我赞成！」<01>,[],layout_only,af5664b94e76d582523c610bd9a8d72d85a50c60c7b37268c9ca5bab683312fb,b27f3dbd1012c7e25ebee5e2468daeae3d278e4bf79ef3545de1983e22750368
pm:vm:photonmelodies11.rio.004:426952928:00440492:02240,cvm,【千鹤】「……没什么不好吧？<0A>我们为了白银同学彼此对立……太愚蠢了」<01>,[],layout_only,17eff5859f6f09768e5009abdffcc145ca807308fe0fee830073a0cd15e6dfd7,42bb69f09506bd525bfa39ab77f39a11be4ccedb9d057d712980dfc0ca775609
pm:vm:photonmelodies11.rio.004:426952928:00440728:02241,cvm,【慧】「咦……？」<01>,[],layout_only,bf8ac9a4af3c60dfe93e2f75be2730bc120c04550d456d1c8911375a372e0c5e,93ba7d1fe5d3309e89130f53e01294ff9574be2da2b10815b93bea2c24bbbe6d
pm:vm:photonmelodies11.rio.004:426952928:00440784:02242,cvm,【千鹤】「我和你本来就互相对立，不用在意」<01>,[],layout_only,f9814b144e942c66532d34a19fdbfe236d3302625bd4c0f136530b152e499d82,5df3c11020bea4371a166bad0370b8a1f5919d8272635269f3b4aad75dcc2f92
pm:vm:photonmelodies11.rio.004:426952928:00440840:02243,cvm,【慧】「你会吃苦头的，还是放弃比较好」<01>,[],layout_only,ecb216bc8ee2445e6d5ccd9551da8fb99eedc20a5cb7c8376092f30950ac354e,7db576062557449d2689a3f935bbf60cdd692d08a93e2ec13648e7d569129dbd
pm:vm:photonmelodies11.rio.004:426952928:00440896:02244,cvm,【千鹤】「哼……」<01>,[],layout_only,7e5727c8b332e59fb935d0ec8a49962b99f351a31d4147a3b184b42daabb396d,099542936f22d59c3cc9fd98bb01ed6e1dc83a7612579ac27edc5e51eb90072a
pm:vm:photonmelodies11.rio.004:426952928:00440952:02245,cvm,【纯夏】「我说，小霞也觉得这样可以吗？」<01>,[],layout_only,cbf2a89bbddba0aab62653219d8b8e06030e0590d1759f8015780f8dbeb9bc27,39c00873997f81303e2097f4de0afcb8930b6e195b134732c18cb7b0f9513832
pm:vm:photonmelodies11.rio.004:426952928:00441008:02246,cvm,【霞】「………………可…以」<01>,[],layout_only,e76f053ff42fc2b3dc2256152dd4bcae3760daa7e7d1e101cd67482f1aa9fcac,bd62db0311c5f355502e6fbf03ce0813a4912d2c2f86d7f7cc8c9b030d6ffa29
pm:vm:photonmelodies11.rio.004:426952928:00441064:02247,cvm,【纯夏】「好，就这么决定啦！我在此宣布，<0A>无论是谁俘获了小武的心，大家都不许互相抱怨！！」<01>,[],layout_only,0a0735278ce4b65761f151e9ad0a98f3861302b60b5dc63ba99bca1dee23bc6f,8e58f587ea8216ec7c8a1755c554f5e0b9328536678f9dfc0990eefb8495226e
pm:vm:photonmelodies11.rio.004:426952928:00441120:02248,cvm,【冥夜】「呵呵呵……不过，大家一个个都很有自信呢。<0A>完全没有考虑过所有人都遭到拒绝的可能性」<01>,[],layout_only,0781361668af9814109f6fcfa070f35a2540139b0bb2ccc744a2229ff5ef44cf,849ad957504d3d6df6d42eccedeb2a44511260e1eab930d4154206e08327a295
pm:vm:photonmelodies11.rio.004:426952928:00441176:02249,cvm,【纯夏】「………………这么说倒也是」<01>,[],layout_only,e8c0d09978aa79b7f4463110a2e7f9543c6dedec957846d7f7316d1aee2c37cf,04327b75c8a7d46fceafda88e38f0590554420f8e7a0f3122ce0e767653ca9e0
pm:vm:photonmelodies11.rio.004:426952928:00441232:02250,cvm,【柏木】「啊哈哈哈……真的耶！啊哈哈……」<01>,[],layout_only,edada58d6c358ee6f881b5ce95cdafe613e6d4dbfde140df4bddf0990366fd0b,167053dc0ccd5ab321ef2210eebb1bc42f05c36f8bcac067a0ddca9b246c2068
pm:vm:photonmelodies11.rio.004:426952928:00441548:02251,cvm,【纯夏、柏木、壬姬、美琴】「啊哈哈哈哈哈哈哈哈…………」<0A>【冥夜、悠阳、千鹤】「呵呵呵呵……」<0A>【慧】「呵……」<0A>【霞】「…………」<01>,[],layout_only,c238baa34ca7bbf5ce22e930e0d5f83e096a479df3b04e4d3bee61e721d1b336,df039f40fd312bd6e0e94f094160fad0158b5032e6a55c83f292a458e5a97c8a
pm:vm:photonmelodies11.rio.004:426952928:00441772:02252,cvm,【武】「…………」<01>,[],layout_only,770975bc8d76964cd0683d1a3ba2ec947971272f34819d29aa5c66d3964a88d7,6a17c608647a040376434d02fd50f1e4124a141fe417bdc98ba4d3f27bdee35c
pm:vm:photonmelodies11.rio.004:426952928:00441828:02253,cvm,【夕呼】「……哦～，青春得很嘛……」<01>,[],layout_only,5f324fdc9c0f4ee66b0132d636964abf2333f3ce75041295269dcac99a66966b,3480b5c966d9c4e1fbc97ffbed9ef785db4b85a88b7dbcefaa67e6aa96bdc790
pm:vm:photonmelodies11.rio.004:426952928:00441884:02254,cvm,【麻理茉】「不过这样温馨可爱，不也很好吗。<0A>真让人羡慕呢，白银同学」<01>,[],layout_only,8f36ad21c2d5d556f5a20aa634981a2dbbecca2d86bd948f83a2d24b568c13fe,676f0c12aa8417517f7398a703b5ec8d52f5e359f9eba08dcc45ec6f74636c9f
pm:vm:photonmelodies11.rio.004:426952928:00441928:02255,cvm,【武】「…………」<01>,[],layout_only,770975bc8d76964cd0683d1a3ba2ec947971272f34819d29aa5c66d3964a88d7,6a17c608647a040376434d02fd50f1e4124a141fe417bdc98ba4d3f27bdee35c
pm:vm:photonmelodies11.rio.004:426952928:00441984:02256,cvm,【夕呼】「话说回来，麻理茉～，<0A>你的情敌一下子多了这么多呢～」<01>,[],layout_only,6586bbc2ecfacd21c80a12fa5af450c1a4ed4554dfbb0061ec09cd0c6693b2ab,c9f4a056c07907ae28de744af5a4b0a0e9372de9c8de7f81ca09eb80ad5b342f
pm:vm:photonmelodies11.rio.004:426952928:00442040:02257,cvm,【麻理茉】「——别、别说傻话了，你真是的！」<01>,[],layout_only,70437befe5478db74be2edb19d75467c2a05ce3d1e9982c73e7ebb46ad444517,4f9614a03b2b9eedb2ac15a509efcfa82e08a561fb128c1e820c168f06432232
pm:vm:photonmelodies11.rio.004:426952928:00442096:02258,cvm,【夕呼】「好啦，重头戏也告一段落，该出去了！<0A>走吧，麻理茉！」<01>,[],layout_only,7f23a848b271c60d057e3468b9cb36b734b0c63fb245d0c1120d0d4d59239122,64a0c31333c38defb37eb857b1878ed221d402f036938107525c8400a5211c6f
pm:vm:photonmelodies11.rio.004:426952928:00442712:02259,cvm,【麻理茉】「……咦？——啊！等、等一下！白银同学呢！？」<01>,[],layout_only,576a6cfa07a2fac41e2650a100f199a27f79be5d135661f609350a6f74a2eaba,48455a567017199f5867e76a3099fda91ce5ff76c0de9159a1f4a46e8cd4d8e4
pm:vm:photonmelodies11.rio.004:426952928:00442796:02260,cvm,【夕呼】「啊～，别管他，<0A>这种把最关键的地方全都听漏的笨蛋，<0A>就该一个人在这里冷静冷静，真是的，太没意思了～」<01>,[],layout_only,4c97e18b04f9df80368796f7d406d4a8c6c7c18671a2a9e243479c400d05674d,986e0d8f42daff580ecdc8fb60a7d89e8f4d0aaf4a32a0990504b8e27527d26f
pm:vm:photonmelodies11.rio.004:426952928:00442940:02261,cvm,【麻理茉】「那样别说冷静了，他会被煮熟的～～！<0A>真是的，放开我！」<01>,[],layout_only,b518f05f843a6284c6cf5a312af61b8401160bfedbcd2457418c9b63ecc88b68,9d9e3f60c79707ac56e17a129b4b03e58f412c03f9781c5eb44e51878bf4e9de
pm:vm:photonmelodies11.rio.004:426952928:00442996:02262,cvm,【夕呼】「可以啊？<0A>不过再磨蹭下去，说不定会有人过来哦？」<01>,[],layout_only,7cd3df63cff3a2a793e9995d4e50190a3d6711082173be14451a6a56dd24308f,754902b4ff09c88d153f24541b3d277595c17a96eac40591335581a3b0a22780
pm:vm:photonmelodies11.rio.004:426952928:00443052:02263,cvm,【麻理茉】「…………白银同学，对不起～～！」<01>,[],layout_only,d62d09b656763c38a2d6d4ac6b95a8f3cb01547095e22481b334dda7301c5102,49386135c21190356c2bf88d553c364787eced20c24be267f5369300b5b7446c
