binding_id,kind,translated_text,cn_annotations,review_scope,jp_utf8_sha256,en_utf8_sha256
pm:vm:photonmelodies11.rio.004:695803188:00001064:00001,cvm,【武】「霞呢？」<01>,[],layout_only,6fb658357be7e0c8a4a587b881d05c54a95a4e9b5d4e500bb216e28738205840,4626f19c416dd4962eb3feaf5003b43135d73822fa086c247d7ef254e74ccc8a
pm:vm:photonmelodies11.rio.004:695803188:00001300:00002,cvm,【纯夏】「我想她睡得很熟。<0A>因为今天让她比平时晚睡，我们说话时她也一直在睡……。<0A>是不是有点难为她了……」<01>,[],layout_only,4791472b67f53a4eb8d1f5469c27c1d5039a5af8f8bfaa50eab52a42ada7f878,54454b3a06a80b499e75ef758ade40c8fc63c4a10321c5a496e556ca999887ed
pm:vm:photonmelodies11.rio.004:695803188:00001344:00003,cvm,【武】「这也是为了明天。得让她好好睡上一觉才行」<01>,[],layout_only,cf6cd34ef347477ec87df31bf7c14a47f91144a9692718c04788d73b583c1d96,816839c1de1bbfd168b830ca119618501e10df844a16f2a5621c15c7af0862e9
pm:vm:photonmelodies11.rio.004:695803188:00001400:00004,cvm,【纯夏】「明天终于要正式开始了……<0A>我也已经通知大家……一定要让计划成功哦！」<01>,[],layout_only,77aa5c688e7b880a5d8bd8085d2162fd49611d26e6648de4e291ec608b986312,37bee279ec757521c3d81e6de792e2561c79f2b3865f2325a35941fc6c651c1a
pm:vm:photonmelodies11.rio.004:695803188:00001444:00005,cvm,【武】「那当然！那么我们也为了明天早点睡吧」<01>,[],layout_only,29632a191d0a08107b225d80c2d42732f09fc05167d36dc578d742a25bcc2c53,35b95fa5d9a065f92ddb6dda4e75f478370bd37d986490b07e23f13fe1f0395c
pm:vm:photonmelodies11.rio.004:695803188:00001500:00006,cvm,【纯夏】「嗯……那么，晚安……」<01>,[],layout_only,62e89410606995e33afae0a1b7f25f7dfc827e74b0b0399c27e394188f8e72df,363f71dd64505c501ae0ab3c72cf27da15aca62b60f12068ce5330d9a9a5da08
pm:vm:photonmelodies11.rio.004:695803188:00001544:00007,cvm,【武】「嗯……」<01>,[],layout_only,d4de93fabe8c109cfc1ca7623627891b70ebc2a041f7d214a08c027e515763d3,da1aff2df0ce4715ea5527b8217aa36af10bc9a8bd409eefbf285dfd0897b276
pm:vm:photonmelodies11.rio.004:695803188:00003976:00008,cvm,【霞】「…………」<01>,[],layout_only,ae1d9107f8f518af6cc974f9f2dd86cd5f6b05e10cdcd693676de81bca4abda6,09a1c5c4f3135e6f4548ece4982e45e31d0297b9ec63875c4a72c35e2f926c70
pm:vm:photonmelodies11.rio.004:695803188:00004472:00009,cvm,【霞】「咦……」<01>,[],layout_only,9ef04067dea7198922e64dad1ae339964cc2326fd0c495578a355d6a0be5decf,d7dbc39642b95d6c86dbffb5fb8a337ac31c65dc7af6ca6c751a0632fb0541e3
pm:vm:photonmelodies11.rio.004:695803188:00004552:00010,cvm,【霞】「闹钟……没有响……？」<01>,[],layout_only,dcae5f73e202fbdb08ca24af8d436d13e8999f55546de14c3fbd22a8624dddd4,9de554f74a4f5dc014c5887c2d13a3f26c1e579c30b32e0dc0903559df31f122
pm:vm:photonmelodies11.rio.004:695803188:00004948:00011,cvm,【霞】「为什么……？」<01>,[],layout_only,13f5b621ef2f8e9fea3493443244449dde4aab5ea4e4b571ea563472dca5ce5d,c6b6d8dc7e373d34611e3257f2213876f2246e31a2afe881447ad15b44a52028
pm:vm:photonmelodies11.rio.004:695803188:00005716:00012,cvm,【霞】「…………」<01>,[],layout_only,ae1d9107f8f518af6cc974f9f2dd86cd5f6b05e10cdcd693676de81bca4abda6,09a1c5c4f3135e6f4548ece4982e45e31d0297b9ec63875c4a72c35e2f926c70
pm:vm:photonmelodies11.rio.004:695803188:00006284:00013,cvm,【霞】「……不太明白」<01>,[],layout_only,74258e0974fbf0515e251e59fdb7a80e10b2e179563ecd0c5bdc74d331fc6127,c038ed8ea2f3f63e03f42c6a6be9dbb8b7dde6607708b20549db4d8c8b6954ca
pm:vm:photonmelodies11.rio.004:695803188:00007804:00014,cvm,【霞】「又……忘记换衣服了……」<01>,[],layout_only,6b2ea4161e762bde7f1b029143f51d24009b3fbe532de87ab0f5dc61d13a1b7c,7b998491a796269de639a1d6e321bd606bb95d96bcfac71a3609096b33180d76
pm:vm:photonmelodies11.rio.004:695803188:00009000:00015,cvm,【霞】「早上好……」<01>,[],layout_only,3df72a6550e8d6b90ccca89031cd94ee90d7dde877506bd4e104696375f6f617,7401d74e1ea97ea5d06faf42068046bd725e9131fd43796ed5e8aa016a681c70
pm:vm:photonmelodies11.rio.004:695803188:00009916:00016,cvm,【霞】「早上好……」<01>,[],layout_only,3df72a6550e8d6b90ccca89031cd94ee90d7dde877506bd4e104696375f6f617,7401d74e1ea97ea5d06faf42068046bd725e9131fd43796ed5e8aa016a681c70
pm:vm:photonmelodies11.rio.004:695803188:00009960:00017,cvm,【霞】「…………」<01>,[],layout_only,ae1d9107f8f518af6cc974f9f2dd86cd5f6b05e10cdcd693676de81bca4abda6,09a1c5c4f3135e6f4548ece4982e45e31d0297b9ec63875c4a72c35e2f926c70
pm:vm:photonmelodies11.rio.004:695803188:00010672:00018,cvm,【霞】「…………」<01>,[],layout_only,ae1d9107f8f518af6cc974f9f2dd86cd5f6b05e10cdcd693676de81bca4abda6,09a1c5c4f3135e6f4548ece4982e45e31d0297b9ec63875c4a72c35e2f926c70
pm:vm:photonmelodies11.rio.004:695803188:00010964:00019,cvm,【月咏】「哎呀，社小姐，您醒了吗？」<01>,[],layout_only,13ecf6b1410e753eafa2f3863c552d8e2a227b3182151d22609b0bc6b7f3da80,566cbff6c0d0052f0d4cf3a32335e6abf4f977b570d8fd5885edc21fee738cd7
pm:vm:photonmelodies11.rio.004:695803188:00011020:00020,cvm,【霞】「早上好」<01>,[],layout_only,ef661e0a779544c560e7f97557d58bfe0ff2fbcc163e8bcdac5524d9a3e3d6a1,f3abd339d7396ce53a94362ae75eb618e4d72f4195916f03032e9a648819e3ed
pm:vm:photonmelodies11.rio.004:695803188:00011276:00021,cvm,【月咏】「非常抱歉，我正准备去看看您的情况……」<01>,[],layout_only,6d02349edadc3b2701f9133556e2d12a9f6f6b74b4bf4441ca9b692866a3275e,fb0686d3ba7ab0af6320d946eb146fdc2b7a36575b609f1e9e6a0b29637c991d
pm:vm:photonmelodies11.rio.004:695803188:00011332:00022,cvm,【霞】「那个……纯夏和白银他们……」<01>,[],layout_only,24d35e304e0b1827e639906c9a263a2eecaf82c3e527beefca6784e52ec4b421,20325148261f631378797d023996ab829a049e43cdb6fbbdba93aea94b2aa954
pm:vm:photonmelodies11.rio.004:695803188:00011564:00023,cvm,【月咏】「是的，鉴小姐正在会场<0A>与大家商量布置装饰的事。现在应该快要结束了」<01>,[],layout_only,b1c1a50c191215108e656ed966914c453e73028988aa6a83ddc7a1a7291f7dd2,cacae08909c020945a8b49e97dcb25da09c677c205eca2af08e1b0c14b606308
pm:vm:photonmelodies11.rio.004:695803188:00011620:00024,cvm,【月咏】「武先生说，今天有件无法推辞的事情，<0A>一早便出门了」<01>,[],layout_only,e863d2a7666ee55996598e556b17661e5e10901f2835eee4cd405a3e5696e0d4,25735d239ae0cadd44e1aca3df19d28c82b109e4c031740bb60e7be4ff90c9e0
pm:vm:photonmelodies11.rio.004:695803188:00011676:00025,cvm,【霞】「这样啊」<01>,[],layout_only,c9b2ab9a4ef427ab3ed9e7b18e185edaf9aa0b023f51a1412e3d8b1ccd64b141,71690565976c4f6a0e031138ae37bcb9a054a1d7d0caee168ac8a4e9a09ac1aa
pm:vm:photonmelodies11.rio.004:695803188:00011908:00026,cvm,【月咏】「至于用餐，目前，我们正在为大家准备午餐」<01>,[],layout_only,8f74ea619146c01f17475bba4bc382c49793d838c977123bcf3cea903fe4b064,0a9d9346b77e8723bdec5d3c1caf30e103d41fda72e48a6678c9549725867fa2
pm:vm:photonmelodies11.rio.004:695803188:00012140:00027,cvm,【月咏】「还请您再稍等一会儿……」<01>,[],layout_only,a73acd1081f0aa81e71c94e79a6bb285f4de1ba68bca8281164c47e69628ef84,b9261b97ca0ec580b0f423866032a5b2d148d8d371703cb5b8ef165e0f869682
pm:vm:photonmelodies11.rio.004:695803188:00012196:00028,cvm,【霞】「好的，没关系，谢谢您」<01>,[],layout_only,6a4af985723649194ca582ed1fbd20cf4b3cd5810ddcb4e857dd4f748bf54ee1,e967429e88621b6c9b962fe473efc925d9abd9f3cbab72140a6e378a12721d7d
pm:vm:photonmelodies11.rio.004:695803188:00012252:00029,cvm,【月咏】「承蒙体谅……」<01>,[],layout_only,a0cffa1c12a101bee1d2ea44f83fce12fc5be41f39c77bde9a1e67e4aea1e7c8,117380b2c074eff18e021ded0a5e8d92603cb21f4914b4181a133f4f1986c06a
pm:vm:photonmelodies11.rio.004:695803188:00012308:00030,cvm,【霞】「…………」<01>,[],layout_only,ae1d9107f8f518af6cc974f9f2dd86cd5f6b05e10cdcd693676de81bca4abda6,09a1c5c4f3135e6f4548ece4982e45e31d0297b9ec63875c4a72c35e2f926c70
pm:vm:photonmelodies11.rio.004:695803188:00012364:00031,cvm,【月咏】「……？您怎么了？」<01>,[],layout_only,b73acf43ea7027ef379a9dbb0dbe0d1946f48cc7274a25ae271df58ecc5888a5,7ea03111a6e3dfba1af8493ba7f7c1bee379f5bac1e46a755cbf3b42de870b5d
pm:vm:photonmelodies11.rio.004:695803188:00012420:00032,cvm,【霞】「月咏……小姐，很温柔……呢」<01>,[],layout_only,bf13a083111c2019f40bd04e57b435d2e7546ddc432978712e1af2f754b64ae9,2585c1f65034e849111e77fa41da8ff645916c1181a2fc71ac30dd6a46865abb
pm:vm:photonmelodies11.rio.004:695803188:00012652:00033,cvm,【月咏】「什么？」<01>,[],layout_only,592d0f92314b76299f6eeb21a4631b34772618b1dd4542878cb95b2d7e3490cb,a2dac33259c10a3b4b122acfc4f4516268eb05fc7de7b62d526ee31e2ca80627
pm:vm:photonmelodies11.rio.004:695803188:00013412:00034,cvm,【神代、巴、戎】「真那小姐～～～～～～！！！」<01>,[],layout_only,a80ed32eb20cb3b7ca8b507c1f0c0864b3944e87c8e6d1b5540d5f386603d567,c8b302dab8e9adfc9cc2408605b411617672537dbc5621b69c9439904317045d
pm:vm:photonmelodies11.rio.004:695803188:00017944:00035,cvm,【月咏】「……我怎么有种不好的预感？」<01>,[],layout_only,3c82e793ef84a4361412c22c35478bbd3085d349ec090687d1de890b9f8d407d,9f4c7852f37e9f11cc48af28d54bd8d169b9a3c6993867e4d67fa79f46dbf96f
pm:vm:photonmelodies11.rio.004:695803188:00018608:00036,cvm,【神代、巴、戎】「啊！」<01>,[],layout_only,913b2988175a60c9c0f7562e13230a4c7abc5c793b5073d3c85aa38900e85f54,eb62b528e07098074f756b5bb6a4f119524d2fa451970901f4a64d3bcbfa129a
pm:vm:photonmelodies11.rio.004:695803188:00018664:00037,cvm,【霞】「早上好」<01>,[],layout_only,ef661e0a779544c560e7f97557d58bfe0ff2fbcc163e8bcdac5524d9a3e3d6a1,f3abd339d7396ce53a94362ae75eb618e4d72f4195916f03032e9a648819e3ed
pm:vm:photonmelodies11.rio.004:695803188:00019180:00038,cvm,【神代、巴、戎】「早上好——！」<01>,[],layout_only,f83d92a590eaaeb525725f84dffdbab8a50e0f3963f251ae33c272363f5e2462,06f42d1ae99689c2f1ee3c8e17db356a0f0383738e914274acb02d25058102d6
pm:vm:photonmelodies11.rio.004:695803188:00019808:00039,cvm,【月咏】「……所以呢？这次你们又闯了什么祸？」<01>,[],layout_only,50df6a1e248baefb6f759b8f14e72c8954362c83bd01f2048ec563610e2cceb5,1c74ec28219a3ae0fe6386a7531fbdba8714c50984bd0223145ebb6f0d073fc1
pm:vm:photonmelodies11.rio.004:695803188:00020304:00040,cvm,【神代】「这个嘛～～」<01>,[],layout_only,4b523e6bd4a9fd3b2a109d319832538e02b0daad506d0338f14984c515504c03,1fa09436cca7c84f6030c88ee1e38c5da43ee9a7462da2dcda69dcdec8934376
pm:vm:photonmelodies11.rio.004:695803188:00021016:00041,cvm,【巴】「嘀嘀咕咕嘀嘀咕咕……」<01>,[],layout_only,c4588ed49a4400f1f61f0d4ff0a4f0e22046cd9e09f1dc53d714746991d2feb0,3f53c7a738f1ba20e84607195384d8d2bb1a41bfe8d7b4299e1f98c22a6cda59
pm:vm:photonmelodies11.rio.004:695803188:00021248:00042,cvm,【戎】「事情就是这样～～」<01>,[],layout_only,596f2ea298a206612a896213f7710e2d301b04dd4f9fd951cf588a70b0ecf742,96139106d3674184679d9ec317a981c4c086f8c1a00e074ad82e3010b167af2a
pm:vm:photonmelodies11.rio.004:695803188:00021724:00043,cvm,【月咏】「…………社小姐，请允许我暂时离开一下」<01>,[],layout_only,2cc47f129bd4a853b7c21064fd8272da4b08a48877214ee7dc97b479efabaaee,9ca6f899e74dff26628289b6a073a711ad1b84c9cc7051ecfb0e7295cbf0107b
pm:vm:photonmelodies11.rio.004:695803188:00021780:00044,cvm,【霞】「好的」<01>,[],layout_only,0fcf89a8f8d99f37435a903619f68e6f81c4eb389d4496581be9ffff99bcc86d,784a2ac1cb37bc7a9dd2f442eb51c94840b26a1f0d8570a217460c9a87a2c85c
pm:vm:photonmelodies11.rio.004:695803188:00022012:00045,cvm,【月咏】「你们几个……跟我来一下」<01>,[],layout_only,46736218bf4c6a745778ca832ee2e6af1210d7877bd5d599fbdb695807227a43,9f817188e69eb1b124aa97091a752988c7e16c885b231c9dc1fdbdbf5b47573a
pm:vm:photonmelodies11.rio.004:695803188:00022164:00046,cvm,【神代、巴、戎】「好～～！」<01>,[],layout_only,0d42f6946bc55e76c92847a6f0d4258f3dbd36ad4aefe5ced1266f99f4868845,ee4e3ed4923cede90fb2cca66b2c0f2c9c093e6a466c3b79eeb5d256a71d4517
pm:vm:photonmelodies11.rio.004:695803188:00022360:00047,cvm,【神代】「太好了——！<0A>我还以为会挨骂，吓得一直发抖呢」<01>,[],layout_only,e65aae581dfa658e36a33bcf3bde22f8322742b54a293c31ebd7182bae055322,31aa0544f4577d06b9407e764872950195da84fb03d4347433e56b34b28332c7
pm:vm:photonmelodies11.rio.004:695803188:00022416:00048,cvm,【巴】「真那小姐果然是个讲道理的人」<01>,[],layout_only,525e8b9c04209f8c08007d4daadee770522972b23440c89c7ca4cd9b32d27ce3,b64611358bac46ea4b2f760994128dfc594606ffa44dd159345b8ca7eb572dfc
pm:vm:photonmelodies11.rio.004:695803188:00022472:00049,cvm,【戎】「做人果然还是诚实最好呢～～」<01>,[],layout_only,4dd57ba83a8f51b7f5450fd1ed853b48e863d1a382ff9947627a090f4d584c2e,f181d0c4bf8af29a90cdf043fce57690a3e46b9e5382913b5393abd61426fa63
pm:vm:photonmelodies11.rio.004:695803188:00022564:00050,cvm,【霞】「…………」<01>,[],layout_only,ae1d9107f8f518af6cc974f9f2dd86cd5f6b05e10cdcd693676de81bca4abda6,09a1c5c4f3135e6f4548ece4982e45e31d0297b9ec63875c4a72c35e2f926c70
pm:vm:photonmelodies11.rio.004:695803188:00022848:00051,cvm,——所以我不是一直在说吗！<0A>你们明知道今天绝对不许失败吧，混账！！<01>,[],layout_only,785041f379e0a777a03cb50e9f9d4e3fcdc3ef147941ce652781628ed84c36a8,4dc1424b62f6745fef2d66555e3df8dd7f25e454ba9f2b81068a5e92dc04c254
pm:vm:photonmelodies11.rio.004:695803188:00023124:00052,cvm,——呜哇～！对不起～～～！！<01>,[],layout_only,744a634225a877c765cbea1724c22490d5ca6a50e53f84f9e653515c491c58c0,9dc4a452012fa97bba87ca939f3fe7f7420cd410fdd43b4e3c2921e01d7fd4a4
pm:vm:photonmelodies11.rio.004:695803188:00023408:00053,cvm,——每次都只会给我搞砸！<0A>从现在开始，你们三个统称「三个笨蛋」！！<0A>听见没有！？<01>,[],layout_only,25af6598189b4438317bdf09aa69d707aa9c223b135e36bfeace0f82ccc63b4b,177631d08e0f4053c4f233f3551ee69eb8d5a5abf4a2d29840ef1d499d3e9168
pm:vm:photonmelodies11.rio.004:695803188:00023712:00054,cvm,——咦～～！太过分了～～！！<01>,[],layout_only,dbd7f9df3f5cd7a302299614a378824aba452cd05b6523e6eadbbf18ab302123,a3da6cd0871ca0671956f9fcfa43fdb3a9016a2f0e94d05f98ab643068e6516f
pm:vm:photonmelodies11.rio.004:695803188:00023996:00055,cvm,——啊啊？！你们有什么意见吗？！<0A>少废话，跟我来！！<0A>三个笨蛋一号，二号，三号！！<01>,[],layout_only,2dbc120e8d6137d745a77ee2eaa2f61e5edb952f477d3b8445437496f0fe85b4,bc93d9c4c93b477b8c3c14680fa41d55df8073341c7bb26be59b05c5ca1238ac
pm:vm:photonmelodies11.rio.004:695803188:00024272:00056,cvm,——好痛！好痛啊～～～！！<01>,[],layout_only,81b4f61050929a00824c080b965d2e896ca926030bd997cbb485f5e77b09c78a,b2e7b11a4680bdc66df1156ad7917b56346731d1480440ac7bb1ff270fa95170
pm:vm:photonmelodies11.rio.004:695803188:00024436:00057,cvm,【霞】「大家……都是笨蛋呢……」<01>,[],layout_only,a432b3e44993338b856e6a474bd4ed2d1b0b2a734816c3dc6446672571c3119e,ebf7ead67e241bfd763ec65ba8b2d35e6a5b2bdb6ebe280b426e1f8ada06a4c2
pm:vm:photonmelodies11.rio.004:695803188:00024492:00058,cvm,【霞】「果然…………很开心」<01>,[],layout_only,281d8986d263a240d7b39aee93861fdb2f5f3dc56413ccf5d6b4c92f9a7daf89,2b47d199b0466cc564e5ecd28b9da274820fbe385b23d4b0f3f3b05db4923aa1
pm:vm:photonmelodies11.rio.004:695803188:00024784:00059,cvm,【纯夏】「啊！小霞，早上好～～！！」<01>,[],layout_only,55b065b2a7035cfc14be71112721e0d43cf2ca474dab222af359f410a23a3ce2,da9938226f40d4b7059ba0956731f50a1651fc44174f68f6a234f7d2b60a83cf
pm:vm:photonmelodies11.rio.004:695803188:00024840:00060,cvm,【霞】「早上好」<01>,[],layout_only,ef661e0a779544c560e7f97557d58bfe0ff2fbcc163e8bcdac5524d9a3e3d6a1,f3abd339d7396ce53a94362ae75eb618e4d72f4195916f03032e9a648819e3ed
pm:vm:photonmelodies11.rio.004:695803188:00025096:00061,cvm,【纯夏】「来得正好～～！吃饭了吗？」<01>,[],layout_only,0984c52affd3ffb2742c97f0035cfa772cd223dcdb0badecc2f438c3c51cb3db,491363e7e1001b9b0e64198d6c8463c7591c26d1cf254157d90a6fdf55703671
pm:vm:photonmelodies11.rio.004:695803188:00025152:00062,cvm,【霞】「还没有」<01>,[],layout_only,2c79c968330c533d14a139ce7431c4187380bd0edb987e4e4072fe03c319aede,3e69b44904c9242f906c732287975052d1086b0b1b8d325be75ba528c8aa646d
pm:vm:photonmelodies11.rio.004:695803188:00025384:00063,cvm,【纯夏】「那么，吃过饭以后<0A>就和大家一起布置装饰吧～～！！」<01>,[],layout_only,5a4174ea4cbf093d113b72d2db84fa911bd0f4bf2c74972f67c7ccf7b1a6f265,406dc3b79fa4f1678544289b13c2bfef1337c7235b469741e4d4cb353e1cf545
pm:vm:photonmelodies11.rio.004:695803188:00025440:00064,cvm,【霞】「好的……那个……<0A>关掉闹钟的人，是纯夏吗？」<01>,[],layout_only,6ad35d0b4382af29f7c3fcbfeebe937723531388c98bd67e999bc8217641d94c,48e8ce0a4f3331d138a1b3b26c2d0c29e68647e372c6365202b54ca9ec4e2677
pm:vm:photonmelodies11.rio.004:695803188:00026024:00065,cvm,【纯夏】「咦？你，你在说什么呀～～」<01>,[],layout_only,dc12e76287af321d157aee4abb2032f5eb6000342a90aae275cbeee8fc45f82a,6e42314b69f073577bbf2ded492a7ac6e67280c18d730efbb9deb578df9b6b8b
pm:vm:photonmelodies11.rio.004:695803188:00026080:00066,cvm,【霞】「…………」<01>,[],layout_only,ae1d9107f8f518af6cc974f9f2dd86cd5f6b05e10cdcd693676de81bca4abda6,09a1c5c4f3135e6f4548ece4982e45e31d0297b9ec63875c4a72c35e2f926c70
pm:vm:photonmelodies11.rio.004:695803188:00026312:00067,cvm,【纯夏】「总，总之，大家都在等着，<0A>我们去那边吧？」<01>,[],layout_only,ccc83b957d6f129f93dd0da836f70c99ba9352ae643157e6a69435374502be71,181f2b28835416f72b508ca0676ed185c233f88c71e3e7d73ab7b52fb2d2cb62
pm:vm:photonmelodies11.rio.004:695803188:00026368:00068,cvm,【霞】「好的……」<01>,[],layout_only,63b32cd4dc61bd8768c0323f57c99dd6a53cecbc904225472af4f5e60ad49868,d1b0e35855201a2144478c72eb30fd6a37d37ad0bcf63fc44fb84954db93d098
pm:vm:photonmelodies11.rio.004:695803188:00027196:00069,cvm,【霞】「…………」<01>,[],layout_only,ae1d9107f8f518af6cc974f9f2dd86cd5f6b05e10cdcd693676de81bca4abda6,09a1c5c4f3135e6f4548ece4982e45e31d0297b9ec63875c4a72c35e2f926c70
pm:vm:photonmelodies11.rio.004:695803188:00027252:00070,cvm,【纯夏】「好啦好啦——！大家集合～～！！」<01>,[],layout_only,0014494ee76fbdeeba7dedd04649d7ee2e1fd3f996686bb49a7f576c0861dd8f,e66895baafaf5554b4da9542732298bdf70e11846a5c189eb5f4a7ad04284f62
pm:vm:photonmelodies11.rio.004:695803188:00028616:00071,cvm,【纯夏】「那么，既然大家都已经吃饱了～，<0A>下午就一起布置好多好多装饰吧！」<01>,[],layout_only,c3c2e9692c307c95583aa79074b75534c49e5832b55b71c0472f983b869a5aad,136b02ba605039e74c7b16d70f8acff73e64d6fcc54c7379f29a43ec6cfad1fd
pm:vm:photonmelodies11.rio.004:695803188:00028672:00072,cvm,【壬姬】「好——！」<01>,[],layout_only,e3631ea466001ce8535ece8f79c50c7c93c4786a704063476ca87ed44bbece12,30069ca10453d3acce3b763ecbafdf231af7a3af1f18e70498d51b1b31e0f976
pm:vm:photonmelodies11.rio.004:695803188:00028904:00073,cvm,【纯夏】「接下来，由我转达小武的留言——！」<01>,[],layout_only,c57a27dee16b2cc3259d643b9638258aa2c21ded092038dfefe603e6982710a5,fca648f7012edd44b59e0ecbc37ea380b600e33f4299dec38a757e8fd2a532c1
pm:vm:photonmelodies11.rio.004:695803188:00028960:00074,cvm,【千鹤】「……留言？」<01>,[],layout_only,c97ee67d63ba5c214248bceb486c7e56e171777e9aaac7806615dd525fdf1c57,d98559bf4102ce881977772be8ddfe3c788ca63d7dfce8f18117dbd147d7e2d1
pm:vm:photonmelodies11.rio.004:695803188:00029192:00075,cvm,【纯夏】「——吸～～～～～～……诸——君！！<0A>此前的准备工作，大家辛苦了！！」<01>,[],layout_only,acc081b25c055892fe6b20707a7096fd83b0feb5bffcfe2496cd3962fad9c3b0,87ff4c7e83df7db37375427adfc301b5183a5fa694f12de2a445165927a734d6
pm:vm:photonmelodies11.rio.004:695803188:00029248:00076,cvm,【壬姬】「谢谢——！！」<01>,[],layout_only,7c9a3f2dd05ea9c9991ee09976a8559b0b7bd919fbf544365aac5ba939f1604c,466cbce15556d4f2e944269bd6d5538aee8ed451b711974d2c8cbac23d3e99d1
pm:vm:photonmelodies11.rio.004:695803188:00029304:00077,cvm,【纯夏】「但是，正式行动现在才开始！<0A>此前辛苦收集的各种装饰品，<0A>就请各位拼命装点到这栋大得离谱的宅邸里吧！！」<01>,[],layout_only,25cab6a31475792aa758f6da0bc25e6fcfd73447d5a659c47e66186a448ce5d3,6897d87835ded570abfa62fc7ce84234ac8f87e1c2b42f0fba30602091c6666c
pm:vm:photonmelodies11.rio.004:695803188:00029360:00078,cvm,【壬姬】「好——！」<01>,[],layout_only,e3631ea466001ce8535ece8f79c50c7c93c4786a704063476ca87ed44bbece12,30069ca10453d3acce3b763ecbafdf231af7a3af1f18e70498d51b1b31e0f976
pm:vm:photonmelodies11.rio.004:695803188:00029592:00079,cvm,【纯夏】「行动代号是『铃儿响叮当』！<0A>全员认真执行！！」<01>,[],layout_only,5deb764a7185f36ae26a83af42720a78b02c39ab9ecdcba8b6791271d552b688,b0e4591e640ac61a900b7f38915c6eb641c72bcb0f0e3fec0aa6ec83614aa792
pm:vm:photonmelodies11.rio.004:695803188:00029656:00080,cvm,【壬姬、美琴】「哦——！！！」<01>,[],layout_only,3b7c380d682c7f18dff2e267c397cc1fd4db1ce46c183cdb455216216f25bf13,968c2c8bcff5e13cf3efd0b9b1b41c5dffa04551e40a6b8a6c15a3cd2fad429e
pm:vm:photonmelodies11.rio.004:695803188:00029712:00081,cvm,【霞】「…………」<01>,[],layout_only,ae1d9107f8f518af6cc974f9f2dd86cd5f6b05e10cdcd693676de81bca4abda6,09a1c5c4f3135e6f4548ece4982e45e31d0297b9ec63875c4a72c35e2f926c70
pm:vm:photonmelodies11.rio.004:695803188:00029768:00082,cvm,【千鹤】「什么『铃儿响叮当』啊……。真是的」<01>,[],layout_only,0063b7529e8e70198ff64eece1f6fdd20389e902bb995db2ae5143c58d7cb89b,6617f221ca097c05d88a7de288a9957a0bfc6f88f22a390f8e25566430a631b3
pm:vm:photonmelodies11.rio.004:695803188:00030000:00083,cvm,【纯夏】「但——是！」<01>,[],layout_only,d0694999462dc1159f1469c6172f584e9cd34e4960dcb5485f561cdfd0cf19d6,f2f6eeb7494f82b181535809533d7b8f183f99482355574db6923da3d8f972cc
pm:vm:photonmelodies11.rio.004:695803188:00030232:00084,cvm,【纯夏】「话虽如此，要是所有房间都布置装饰，<0A>不但一辈子也做不完，<0A>还肯定会在宅邸里遇难！！」<01>,[],layout_only,8f56afbe961168d44a2f93e6f1091a654901e380bf7e6a8312ba05a9f11dc4db,8baa3d48ffe6b7a228a0a37ab6a49e67bf3ba5db736f9681325319e710420f0b
pm:vm:photonmelodies11.rio.004:695803188:00030288:00085,cvm,【美琴】「啊哈哈哈！武说得真有趣～」<01>,[],layout_only,007eaf2fa1ae9fcbf83b75dd681c7ae0bcd3f1364e0a97d0c0d51fdea4552c7b,f846518d8d3e94c6bffb97cf4da5ad0e4a9b98d1d10b09214a7c031e7aba1093
pm:vm:photonmelodies11.rio.004:695803188:00030344:00086,cvm,【柏木】「…………这个嘛，也是。」<01>,[],layout_only,bc31ade9981f85c8e1a92d2134f917c2058746c17c0a01613799316223115551,5c89add8f933283085e3084f56a03529428a0507d07f368cbf65b97b12d8c124
pm:vm:photonmelodies11.rio.004:695803188:00030576:00087,cvm,【纯夏】「所以说，装饰的重点就是这个房间！<0A>其他地方由大家随意发挥！」<01>,[],layout_only,df28012656c411eff2f18e91e34741b82edc9709a61a3732f8d67cca1ae5a0f3,734c23ae8d800b9845d97651d3a2a0ebb1155bda2b7cff669e728b215e1f5dcb
pm:vm:photonmelodies11.rio.004:695803188:00030632:00088,cvm,【柏木】「这种事，<0A>好像根本没必要特意留言吧……」<01>,[],layout_only,11105f9de59f16ecd625ad20ef81187a7bb3c39286d939f1f3cd8952ae9be3a9,c83cd6447471f0a7cb61688b4cd65f13c4a4ad8fd95ad65252cb210cf506d384
pm:vm:photonmelodies11.rio.004:695803188:00030688:00089,cvm,【美琴】「不过，这里也相当宽敞～，<0A>现有的装饰真的够用吗～～」<01>,[],layout_only,c89de169e181fd7bf88be1739c615fbf333b46c1fb74dc34028b194fbbe0efad,891cb118da37fa972897bf73d556ea6064f1006ed0e68af744a60798c24d371c
pm:vm:photonmelodies11.rio.004:695803188:00030744:00090,cvm,【慧】「……真的可以？」<01>,[],layout_only,c44cadd0347939aeeb445f0bea929ba5c996da0e7bc804a444ecca45661185e8,8493f40367c7442010eda1e8ea53246f4647dcc616c274a013ac7fad08e7fb69
pm:vm:photonmelodies11.rio.004:695803188:00030976:00091,cvm,【纯夏】「咦？什么可以？」<01>,[],layout_only,b9d5a59200240537f2038927f39e953b80248debadb57e0a0758525858f8de09,0bafd83da21bc60db8734b967be42a893b62c7e4b822bfc380c62a2966464fbf
pm:vm:photonmelodies11.rio.004:695803188:00031032:00092,cvm,【慧】「可以随意发挥」<01>,[],layout_only,8f360f0ede482388ade85c519370b63678a7651d8b4e97dcb00cb696f6dbb5e1,545eec4712e57c879ff949f41ded7655111645bd569cdd72c2aec1136ccd2e59
pm:vm:photonmelodies11.rio.004:695803188:00031264:00093,cvm,【纯夏】「可以啊——！但厕所不行！」<01>,[],layout_only,23dec1bfdbb59ed8198d873f68a9b7d43af921871e2e61e5a948f99a9a6e7ab0,874dc45ead3eea0491a3af692aef6e1ce2a24df8bf9de2a8ceaa5b73102414c9
pm:vm:photonmelodies11.rio.004:695803188:00031320:00094,cvm,【慧】「……为什么你会知道……」<01>,[],layout_only,f1cc14218f292c85c2e6b266c5715ebc5d5f2afc5e84e277d8e6b3045d7a134e,166829d9ac8624c3c74c6753b84ae245e20a2ebc9321230108dd668e7662fb57
pm:vm:photonmelodies11.rio.004:695803188:00031796:00095,cvm,【纯夏】「果然……小武，你真厉害……」<01>,[],layout_only,fb7944402f3f01b73d9ccdd23f529f4fd299f63677d1cbc717721853d359e83c,53601c900b184a77afa02bb0e1b257cdbd8daabe9d94a18673721a5fd85a8333
pm:vm:photonmelodies11.rio.004:695803188:00032028:00096,cvm,【纯夏】「总，总之就是这样！<0A>留言到此结束——！还有其他问题吗～～？」<01>,[],layout_only,5d42f79215ceaf26c195b8fdf684ba299660646e5d2e323b89a0e9760094881a,be35247c4931b5f5c8271b12b3a00f75ef43fc3eb49edfdbbff43317f3ca46b3
pm:vm:photonmelodies11.rio.004:695803188:00032092:00097,cvm,【壬姬、美琴】「没有——！！」<01>,[],layout_only,aaaada1875139a48724fb3da05343f1fab31fc93e1f5fede544048478849d81f,d2da097b95809471859a9ce037078b91a1cb034c36081c06d3d8557ef4cc9fc3
pm:vm:photonmelodies11.rio.004:695803188:00032804:00098,cvm,【纯夏】「那么～～～～～！<0A>『铃儿响叮当行动』正式开始——！！！」<01>,[],layout_only,ff5925ffdf430443bed845b34cd1d9629a4de6de757b61cd2282713a0879feb5,395a208202efd27c2119b7211dd7f0ac5ebb1117be8c9cd6254a8dcfa0a1be05
pm:vm:photonmelodies11.rio.004:695803188:00032888:00099,cvm,【众人】「明白！！」<01>,[],layout_only,b4b3eff69dddb44a735edf54421a28267f09e0b3a1693baefeade554e96eb073,d3b460c0628d111fe98d3628da3986d09ab8ec1c3c83cd45902c3c27dbd8fbde
pm:vm:photonmelodies11.rio.004:695803188:00033996:00100,cvm,【纯夏】「小霞，小霞！」<01>,[],layout_only,53482539c4027aee46733570009d9f3f31a66af067e32860b8272a304092200a,217aca7e94676cc575156bfc40ced1c6a17e0a39531ef58f06e928481f3b5748
pm:vm:photonmelodies11.rio.004:695803188:00034052:00101,cvm,【霞】「好的」<01>,[],layout_only,0fcf89a8f8d99f37435a903619f68e6f81c4eb389d4496581be9ffff99bcc86d,150eabcdf71934942cd8dd0dae86423b096c3ff3b56923392480de6db42e7601
pm:vm:photonmelodies11.rio.004:695803188:00034284:00102,cvm,【纯夏】「小霞呢，就从这里挑喜欢的东西拿去，<0A>尽情地布置一番吧！」<01>,[],layout_only,7d38c0cc933a8a78b44b08de86d649f05e0ddd5d81a35d6969409e8902328884,ec1a7c02e176d3f2ce9fdfaed520bf0bffb36954431b3e61a63192baee027892
pm:vm:photonmelodies11.rio.004:695803188:00034328:00103,cvm,【霞】「…………」<01>,[],layout_only,ae1d9107f8f518af6cc974f9f2dd86cd5f6b05e10cdcd693676de81bca4abda6,09a1c5c4f3135e6f4548ece4982e45e31d0297b9ec63875c4a72c35e2f926c70
pm:vm:photonmelodies11.rio.004:695803188:00034560:00104,cvm,【纯夏】「今天啊，大家从早上开始就在制作这些……<0A>昨天之前没能全部做完～……啊哈哈！」<01>,[],layout_only,5c7f47d44755b2e18d0618148d9fa3d4b21d69108eea43658e6b5144933aaa03,4a262a3afe2b1471f5cd780acab596391142217e68d1b2f8333cb63eea5ed11e
pm:vm:photonmelodies11.rio.004:695803188:00034616:00105,cvm,【霞】「对不起……」<01>,[],layout_only,c5ba902de1cfd72831dcd25071e810635b186ca306ffd6bd30b85a75de668d8d,804e9fff14c0cd39652c5b1f5439daa544a45ee45b70862370b424a2aac91006
pm:vm:photonmelodies11.rio.004:695803188:00034848:00106,cvm,【纯夏】「咦？」<01>,[],layout_only,a7be56632e0aff0dff54034b3c559fc103ffa29554dfdb012b7846263266e04f,e6b0736491e6b43e7b7ead3e7f85e4028ac9572fb04eb50b5ac0ef70bc61da76
pm:vm:photonmelodies11.rio.004:695803188:00034904:00107,cvm,【霞】「如果我没有睡过头，就能来帮忙了……」<01>,[],layout_only,91802a3e9e84c4b73ca4a1f86034667e0b0e6a6cf991cf49358b1d83145b1b1e,18498984aef897dcb742968801c93cd13af8aff53eee0bead6e7692088766079
pm:vm:photonmelodies11.rio.004:695803188:00035136:00108,cvm,【纯夏】「啊！不，不是这样的！<0A>我们没有叫醒你，是因为除此之外，<0A>还在开各种麻烦的会……」<01>,[],layout_only,a335a3f01ecf4ead3c5924d48174845e60385796de307b475f46a66f0fddfa63,158ec3a1e26b2f7c6aa0f9e50903c4ebf0c6ac01ea86535ce4447441a3b4e29c
pm:vm:photonmelodies11.rio.004:695803188:00035192:00109,cvm,【霞】「…………」<01>,[],layout_only,ae1d9107f8f518af6cc974f9f2dd86cd5f6b05e10cdcd693676de81bca4abda6,09a1c5c4f3135e6f4548ece4982e45e31d0297b9ec63875c4a72c35e2f926c70
pm:vm:photonmelodies11.rio.004:695803188:00035424:00110,cvm,【纯夏】「你，你看，<0A>小霞不是说过，这是第一次过圣诞节吗？」<01>,[],layout_only,b9b411994bd2008ece56ffb1872f273f7fd6fff7558614402088cdba583f7cd8,1936380b65ce0c672a4cb5f194717878cf479b998a5bb6167c929cf0c29cb650
pm:vm:photonmelodies11.rio.004:695803188:00035480:00111,cvm,【霞】「是的……」<01>,[],layout_only,63b32cd4dc61bd8768c0323f57c99dd6a53cecbc904225472af4f5e60ad49868,4c9e2e8d9db1f5d2f519e6a92e99e3525c6751bd96d473a4b9f11664def6089d
pm:vm:photonmelodies11.rio.004:695803188:00035712:00112,cvm,【纯夏】「所以，我们想让小霞<0A>把力气都用在布置装饰上。<0A>至于之前那些准备的准备？<0A>大家觉得这些就由我们先做好……」<01>,[],layout_only,5c159c407b2447798e165f649b62de825af4b05e3a15a761574ae756cae61e3f,481542e56988f3b50a489f319e2a105c363a2293a8371e7387981d4208fe6c3a
pm:vm:photonmelodies11.rio.004:695803188:00035944:00113,cvm,【纯夏】「那个……我们并不是……想要排挤你，<0A>绝对不是那样哦？<0A>这个……该怎么说……」<01>,[],layout_only,5a8dfde9a904b6fa78eaaa5608c4c88f74901fdcf2bb9afda56dd5d3b9764672,221333e22b7548cbc5fca5576951183c023e89343b1f349d5effeac8beefb66a
pm:vm:photonmelodies11.rio.004:695803188:00036000:00114,cvm,【霞】「没关系，我并没有不高兴。<0A>我很开心，谢谢你们」<01>,[],layout_only,33b9e4e129d5f54969b1add4c66f19f0538480703647a4e623b8f2a317da04a1,9f974462d6d9b625065f20a59c17b0547fd76d05444fdb0ae13f029315b57acd
pm:vm:photonmelodies11.rio.004:695803188:00036232:00115,cvm,【纯夏】「是，是吗？所以啊……」<01>,[],layout_only,f9327d51b55dddf5d7e076ac7c28437078c2f39184e7612567c818f818112265,d1cd4e0b72635bcdcc4e8cdeb60fcc160cf169d5dc3c5fc553e7105f9b9c8b92
pm:vm:photonmelodies11.rio.004:695803188:00036288:00116,cvm,【霞】「好的，我会努力，多布置一些装饰」<01>,[],layout_only,f70bfe4b4136090223d8b1fbb6c99fa798e500eee66f97bc62af9df11bf76008,f7ee72d8aec62d089e984c9492175fe5b35eb920a17db707302d644b25eff920
pm:vm:photonmelodies11.rio.004:695803188:00036520:00117,cvm,【纯夏】「嗯！拜托你了！！」<01>,[],layout_only,2e924740c9649aa4a0c06d848811dc104de072f6b05da0cae3323223c4e001fa,69f1a6448feeeca65fa9a59d0cf35bfea6299255c7c7b74519f732008f6fee77
pm:vm:photonmelodies11.rio.004:695803188:00036576:00118,cvm,【霞】「那个……」<01>,[],layout_only,5228ed9066f8dff4f421f6825695b78b2dcab0f375a5d9699a5e06dbff4a7c56,ef1ec2be77d356c05483f65e95a8a63653c6ecf4178d0db055c881d57eee08cd
pm:vm:photonmelodies11.rio.004:695803188:00036808:00119,cvm,【纯夏】「什么事——？」<01>,[],layout_only,20bb3f6bed147ce11f9d18a98529bbd44bf22e3dc2b73aca09634a3337ed0167,9c89f19edb9b8acbc01111d11146f35207c3381a64ab35c7860e8a7842bfac8e
pm:vm:photonmelodies11.rio.004:695803188:00036864:00120,cvm,【霞】「装饰品全都在这里了吗？」<01>,[],layout_only,4575a59a3cd2984ab6c3410cb2ca8d3316d3a74040cda990cdbbde2e651eeda6,d7974d5fcdd4452ff83205e12e696dbd21abfdb1f435da7104b6730723e8aba2
pm:vm:photonmelodies11.rio.004:695803188:00037096:00121,cvm,【纯夏】「嗯，都在这里……怎么了？」<01>,[],layout_only,10ed9bfa31c7e5f264f8c3714a35352f7bd493bde3c1c3d36d9b6e7bf51c4a26,2a372f867046ec425896a6d8dda49e652aa77e14c92d99fec191b86f3a4bd07c
pm:vm:photonmelodies11.rio.004:695803188:00037152:00122,cvm,【霞】「这里没有门松」<01>,[],layout_only,e2892cf7333c08f01d501cede6baf70563345a46653a58539d89893e5f5a6739,0bac9c5164e3634dc2f9851c5d7d742ba208e7f43f8952b8a6a7fc1496f0afd2
pm:vm:photonmelodies11.rio.004:695803188:00037384:00123,cvm,【纯夏】「门松？啊，那是新年时摆在门口的装饰。<0A>所以圣诞节不会用到吧～～」<01>,[],layout_only,af03fc25de8a0efe84de24796b523efca404e5bad623525b487127559bf14785,eebb0d185046d0546f7bcb036cc0efddde0ae2b4e7a7850048eec0ce436352d0
pm:vm:photonmelodies11.rio.004:695803188:00037440:00124,cvm,【霞】「……原来是这样」<01>,[],layout_only,13495007c4a78376ed0c0ca1405e19840aebe9591b3f316657936e89a70520d2,ab5c80aef5e345e7823ec658928d89e98c04c8a018325fca6927cbf3429eba66
pm:vm:photonmelodies11.rio.004:695803188:00037672:00125,cvm,【纯夏】「不过，你竟然知道门松？」<01>,[],layout_only,a94180e8761d2818864f55a2e623b7b4370770209eb91a8cebc888f249582054,cbd1750925e86c639379a1b59f71eb842e33cabe37ebdb8ba6bf23fdaebc492e
pm:vm:photonmelodies11.rio.004:695803188:00037728:00126,cvm,【霞】「是的……。那么许愿笺呢……」<01>,[],layout_only,c4d8973ef17c11cc72bec67795da120d794be532161581d1ee817cff80f09419,2271c8ae55ecf5ccc0e4a9e0b052265837da38f86d8379504e621447e1608940
pm:vm:photonmelodies11.rio.004:695803188:00037960:00127,cvm,【纯夏】「许愿笺？……<0A>难道是指，七夕时会用的那种？」<01>,[],layout_only,f26c26d27433090b07fb8fe2c1ce63158865ed440e21c8486bbcb080df972425,4147d68c03e562467f0e906e3d10540b37aeaf6fba4cbd27e91f02b6b467b9e4
pm:vm:photonmelodies11.rio.004:695803188:00038016:00128,cvm,【霞】「就是挂在细竹枝上的那种」<01>,[],layout_only,76b0ef16c4c7c791c84bcdecf48a0a91a16733421058b05423e4badc12d88cc6,90255cde955a97a90148996b0a40bce98c9d947231fa22a01b40f9fe41e09371
pm:vm:photonmelodies11.rio.004:695803188:00038248:00129,cvm,【纯夏】「果然……那个呢，是七夕节用的，<0A>七夕就是在七月七日过的节日」<01>,[],layout_only,87b5e84178af7ef1edd4f4ff93d393d5abcc3fe45b3d8776311c7e4309bc1b6a,edf3d877d9cdfc6f60a4edcd1995cc79a0fb5e52c38db57ed7e7382086f0940f
pm:vm:photonmelodies11.rio.004:695803188:00038304:00130,cvm,【霞】「七夕…………总是会下雨，对吧」<01>,[],layout_only,a3510e7bd25c674c0c41bb3c752684c61063037f7cbbc1adf9b491df565b965b,f369670e30ffaff4c753f0122ace5565d9922e72a5f0ab904829fffc9291a5e7
pm:vm:photonmelodies11.rio.004:695803188:00038536:00131,cvm,【纯夏】「对对！那天也是我的生日～！<0A>真是的，才不是每次都下雨……<0A>绝对不是！别胡说八道！！」<01>,[],layout_only,5af170b3b7cf8dc1e97199b329de5651014315bfb57b000ac0b06b842f72fa18,397fb1e11b1df7a5b1f1ef38ca3bc7aa37b6780dfbcd6fa17d0d555f05e02678
pm:vm:photonmelodies11.rio.004:695803188:00038768:00132,cvm,【霞】「…………？」<01>,[],layout_only,ca7e5c2fd74270d27be7e263558cb3c476dd90270463b3462c8182be0a60176b,cb769ab36647d983006b7794e9a8caf52c7a0230926c9d594fd4075a45384ff2
pm:vm:photonmelodies11.rio.004:695803188:00039204:00133,cvm,【纯夏】「我，我可没有被河水冲走过！<0A>就算小武说了什么奇怪的话，<0A>你也绝对不能相信哦？！知道吗？」<01>,[],layout_only,4a27fa7920e7dac4d8d0c92220d239a872dca9a53c2e5cecc7b3acd4ade5f43f,45f255932ebb6f6dd913cba70ca6b28440ab133054134d082c9b1d111f1f811c
pm:vm:photonmelodies11.rio.004:695803188:00039288:00134,cvm,【霞】「……好的」<01>,[],layout_only,f1ebe7f67a42ad57b43fd366a9f8091415cb7c4c7a23ec775c15805b1be0b829,4f3a4061cb136b35ece0eab01b8e3ebf294206228f0c6d9cf1548b9d7b62182f
pm:vm:photonmelodies11.rio.004:695803188:00039520:00135,cvm,【纯夏】「总，总之……这里既没有细竹，<0A>也没有许愿笺……抱歉哦？」<01>,[],layout_only,a5eeace3757ab0fe226ca8a44a7b0ec34d7558b92677ad79f7e3c2e6c83fccf1,0dc2cd21457b682ddf81315ba22fe0a66fbb613e941bb171b2c4669498d701f6
pm:vm:photonmelodies11.rio.004:695803188:00039576:00136,cvm,【霞】「没关系…………」<01>,[],layout_only,8215c3b29f953b7d5e53aecb2b5e38e90d091ba5ce9b2d282edccbfcb3a8066f,e16926efa8b46fb7a8c29aa2b2bfdd99f2334d2a915f5eea49eb066a617e63b0
pm:vm:photonmelodies11.rio.004:695803188:00039984:00137,cvm,【纯夏】「…………对，对了！！」<01>,[],layout_only,9c2b433798e655a0ab332de13bd90716af661045b609c903354cb574d637692b,a509c21db16002e9a6c6641ea88d20c5bbd7dac95893d005f35c4101ddd7e153
pm:vm:photonmelodies11.rio.004:695803188:00040216:00138,cvm,【霞】「什么？」<01>,[],layout_only,077cac59a57f2fe91c49540acfbb72d186f2c14748f4332281d71ca71eae87f2,150eabcdf71934942cd8dd0dae86423b096c3ff3b56923392480de6db42e7601
pm:vm:photonmelodies11.rio.004:695803188:00040448:00139,cvm,【纯夏】「这里有星星！<0A>小星星！STAR，就是星星！！」<01>,[],layout_only,724734e2496c2d07b835b8d34ca52c2791729b7212d61d7cfda9d6a00dac3896,ba8d1bf5ff09e1d327f7fd9e436c25712ead9f6598a132e420c6f59d6a9cb007
pm:vm:photonmelodies11.rio.004:695803188:00040504:00140,cvm,【霞】「小星星……吗？」<01>,[],layout_only,ed578c2c71d1fec2e42ad7193b27a3c531fafb522a93da6e0081584139bb052c,1212284eb9a6c4f6fb8b9df150b85b6b2f07c9704617b4c5a960b1d5a3365bbb
pm:vm:photonmelodies11.rio.004:695803188:00040736:00141,cvm,【纯夏】「对对！我记得小壬正在做……<0A>咦……是不是拿走了？<0A>我们两个去小壬那里问问吧！」<01>,[],layout_only,1f928074d626ab33d402e0930aab3f0ba09889c4358017431ca4d055e54b95d7,a75b506bc8dc04bbbbb2357f328b9c2a9b7c36a7be6143fe1b97458e351fe80d
pm:vm:photonmelodies11.rio.004:695803188:00040792:00142,cvm,【霞】「嗯，小星星，我想要」<01>,[],layout_only,53a08ee2ac37a9ca4f4f1000048c888203f014ddf936f2dbaa9853218be5472f,3c7f8969b3b363ea91cd5c249d56b8df19111e4622fb31de5f105227dc494756
pm:vm:photonmelodies11.rio.004:695803188:00041024:00143,cvm,【纯夏】「好——！小壬在哪里呢在哪里呢～～～」<01>,[],layout_only,37268e5a5cb79916feb1fc9445c2541c386afd8eea95a1d1a0e641ca963766a9,7c69110265b53d839de426e9c4479a5b227c8b9f03579babad9c559a7b4c9bd3
pm:vm:photonmelodies11.rio.004:695803188:00042064:00144,cvm,【壬姬】「啊，纯夏，霞！」<01>,[],layout_only,33acef900b43ade645236b7b9fdae0c520673bbae5237c5936583c875bd6bd3a,b7ba1cbad66f05c286df3a2bea86960bd95c896b61b6846f56b84be503fc2a0d
pm:vm:photonmelodies11.rio.004:695803188:00042296:00145,cvm,【纯夏】「我说小壬，你那里有没有星星？」<01>,[],layout_only,63f48cea7efcf16304158f01a1b40c19b896611fcd59e1318433b3ac75960b43,177cfae2c18cb9606ca4e2c5a7bd6798833051f9a519d75800ecaaa037639bbb
pm:vm:photonmelodies11.rio.004:695803188:00042528:00146,cvm,【壬姬】「星星？嗯，有哦——！」<01>,[],layout_only,6f96afc8f71c7c225e457ab69c3a7c35fe0d253407d388149ed12664b22c6a01,c3cc6f6262ec8ff68bd24b929f6fe3e1d036849e6e78597c69c8e8ca03ddf81d
pm:vm:photonmelodies11.rio.004:695803188:00042892:00147,cvm,【纯夏】「太好啦！」<01>,[],layout_only,13a1ecaaaa2eb6f873fb2986e0d23ef584f8cdc8d7faf91687a2460165679dc0,a19da9492ec190d8c93f0dbf2dbda24f23dac0e6da87c5c0f01e7d04273aa10b
pm:vm:photonmelodies11.rio.004:695803188:00043124:00148,cvm,【霞】「嗯」<01>,[],layout_only,0fcf89a8f8d99f37435a903619f68e6f81c4eb389d4496581be9ffff99bcc86d,3a22049761790cc922ff7a249590d120febc58e7f04db06debbd719245919245
pm:vm:photonmelodies11.rio.004:695803188:00043488:00149,cvm,【壬姬】「我看看哦～……嗯，有大颗的～，<0A>也有小颗的……」<01>,[],layout_only,4586412e19942a9bef73c42cc290f4de076dfc0a33f82061c3533ea080c954fb,c9abe4faf23eb61b8e105ad8ebad05a9841f0c87b6af5433846d65b780b45d3e
pm:vm:photonmelodies11.rio.004:695803188:00043720:00150,cvm,【霞】「我想要大颗的」<01>,[],layout_only,4fa9c39128a52801da1a765abea7db8f767f4c8e4402dd45238b46d0ce041e83,79658f2adf963e84f2c245ea111e1dc2672c3d1c00a79e716526b67bcaa50db6
pm:vm:photonmelodies11.rio.004:695803188:00044128:00151,cvm,【壬姬】「那就……」<01>,[],layout_only,d8d7c16c2d48ca23780dfe1084ae6bd3b12bf959a5f8df7a0eca91b2bf0ebf36,9328dcc36c7c2bb9761d1b129db6a16ba012e43dc764fd0499abea0e16081a33
pm:vm:photonmelodies11.rio.004:695803188:00049248:00152,cvm,【壬姬】「给！」<01>,[],layout_only,df0566014b8e234c1e573c540cde799d51868f46cdad706ca08e39d7d647bc6c,35f4f94ea1603eca83a33b03ac2ff248bf422244d6dfaa0a0bd2bd7db27bd82c
pm:vm:photonmelodies11.rio.004:695803188:00049664:00153,cvm,【纯夏】「有，有这么大的星星吗？」<01>,[],layout_only,b1a67b4cc82b70968026c2dfe28b5331f552788549f1c019f8ac1f35c34ae280,de4feda82fb12f2c9c1de1bc09818a585d07d4a34f5272fd4318a59da4cc891c
pm:vm:photonmelodies11.rio.004:695803188:00049896:00154,cvm,【壬姬】「那就请霞，来挂圣诞树顶上的星星吧——！」<01>,[],layout_only,ae37ea4faea8fbb6f942608311006a760eca6ff14dfd1d4725925f9bb1440f53,d2c90a369a85d4b935730ae5bbc0697f097b794fac6bcbfdd0d03849e8661938
pm:vm:photonmelodies11.rio.004:695803188:00050128:00155,cvm,【纯夏】「啊，所以才这么大？」<01>,[],layout_only,aa944b8743fa551851d9dd12931b50ef817024ed9a9e5a40e3f74d10a9b79d47,fa5b248a48c6b8b896261516bfc71c4a6a7b462d74d9d7b9820ae2069a6470f6
pm:vm:photonmelodies11.rio.004:695803188:00050360:00156,cvm,【壬姬】「嗯！本来想拜托月咏小姐，<0A>还有三位女仆小姐的，<0A>机会难得，就拜托霞啦！」<01>,[],layout_only,4c44dcdabf311fca4148233c9fa13afd0474352db174b74af1b85b6bc3e9dd01,36055ef7bd2368087ffca2faf534d3080bb2c9a1022a9b24d727e001c56efd03
pm:vm:photonmelodies11.rio.004:695803188:00050416:00157,cvm,【霞】「我，我吗……」<01>,[],layout_only,ed09d30a10919e1deab66e8621c5af29a82c4767a750d4cf9999955e24c03cde,a9b913e0797b24739cb8a6fdc66e605f93fea9566c9d009d61c4bcaa2bb8cbe1
pm:vm:photonmelodies11.rio.004:695803188:00050780:00158,cvm,【纯夏】「说得对～，毕竟霞是今天的主角嘛！」<01>,[],layout_only,410b82199c0c8813043e30dae91570e82d6f90a4053ff76118de929a869e57d8,40dd3f2385e2673b40979722e7f0cde936268a33523477c442cf5149afa1cbae
pm:vm:photonmelodies11.rio.004:695803188:00050836:00159,cvm,【霞】「主……主角……？」<01>,[],layout_only,7577c47988e6c81e65a269d80bd03569c8a6b93850a836dc0df0c2cc877dbaf4,f780f780b418554cc87146637a329294f0cb2008ac513eb6f2d39b1a02a59acf
pm:vm:photonmelodies11.rio.004:695803188:00051200:00160,cvm,【纯夏】「没错。今天，<0A>不光是大家一起庆祝圣诞节的日子，<0A>还有一件事，就是要让小霞<0A>知道圣诞节有多开心！！」<01>,[],layout_only,655d0d2d99336668d11dd0842090e0906c08e7ec913f90d3e2eb9d35f163045a,c244d925a1caa6b9e03143057b64da61d52875f8d8a7912f155a411ee223e08e
pm:vm:photonmelodies11.rio.004:695803188:00051432:00161,cvm,【壬姬】「那壬姬就，去下一个地方啦～。<0A>还想要什么的话就告诉我哦！」<01>,[],layout_only,cdf38755cd28731ba7409c011081d7f83bc7ecb8eac73106c1226b6f813a579d,484546b61c523e77e6d66dbcb5b4390ce5bed7ba906e7269baf3870a0446b53e
pm:vm:photonmelodies11.rio.004:695803188:00051796:00162,cvm,【纯夏】「嗯，谢谢你，小壬」<01>,[],layout_only,0f4e619a1cdc48b2543e4c43c566d3f0ad7b6f63b7a7e4900a0dcfd4932617fa,b4bdf2ac82e97d4b0d7e568513de96f248cb2990652629427b216c4ad318241e
pm:vm:photonmelodies11.rio.004:695803188:00051852:00163,cvm,【霞】「谢，谢谢……你」<01>,[],layout_only,8253894e7695b935e1c8d71dd0c9aacd4e0f610cf60cf2a2c01810015e87a283,cf2d511938b3a2919563360c84c580545a11fd279b3308492fabd3b9e1844563
pm:vm:photonmelodies11.rio.004:695803188:00052404:00164,cvm,【纯夏】「那我们马上去把它挂上吧！」<01>,[],layout_only,5b230a48a87b291303096f4fa6a6999395d3659840da4325dbdf0264098a8db9,b25d389497a64f94ae4bd6143b4ab497d3ba93511ab8394fc769ac56b92a9b10
pm:vm:photonmelodies11.rio.004:695803188:00052460:00165,cvm,【霞】「好，好的……」<01>,[],layout_only,9e6362e03418e668a5adb8cb4fa9dbd0795d1f17cb929e876cb2c10848f74258,a5f3213ac9b63df5f07ffb8a12693a00b8b20af53ee2110075287c5bb3a0b8b9
pm:vm:photonmelodies11.rio.004:695803188:00053652:00166,cvm,【纯夏】「我看看～，要怎么才能挂到那里呢～～」<01>,[],layout_only,130746028b16fd6b15dba574b9a16f20e0281003b0e2aa1e4c10d24a2320e5fc,128d860c5425260530ad661e4ad5f50a365b32ae319f8b1113429e1033be2b5b
pm:vm:photonmelodies11.rio.004:695803188:00053708:00167,cvm,【霞】「够不到」<01>,[],layout_only,709870a9f7fe32b65ad5ed8695e0d295b15ac89d5c2056ae9d73a06879189ad8,f987f404e6b0b0e288423f4691a88e6a145bb74494043ff2b8929e99cd790ba0
pm:vm:photonmelodies11.rio.004:695803188:00053764:00168,cvm,【纯夏】「也是哦……」<01>,[],layout_only,215b1b4eddb672c1b43ab057006a3a7fec3e43ece7470934c395e5a269d591f0,5c70ffa8024571ee8c9c17e6955f5ae029b116ffafaf2fcc3c89ebe6e43eae73
pm:vm:photonmelodies11.rio.004:695803188:00053820:00169,cvm,——鉴同学，能来帮一下忙吗——？<01>,[],layout_only,d864236113ded2f3d431f3c8bfe1c568e53c887021faa855aab385818574053e,9297d105db4f1a53648e178d8407e5c8ca61e616ed4ad2841b3e1622923490f6
pm:vm:photonmelodies11.rio.004:695803188:00053876:00170,cvm,【纯夏】「啊，好！我这就来～～！」<01>,[],layout_only,39053410a43a1287210485f4fc912d80cf9c4745f24c2515b19f4e4b05cf011f,9c398d316a208208b02085fd4a53c803614b64ef2320724f970de8f6b4b5bb65
pm:vm:photonmelodies11.rio.004:695803188:00054108:00171,cvm,【纯夏】「对不起，小霞，你稍微等一下」<01>,[],layout_only,5edbe0d8e90b636a8820596b2af1c89a905c08c47c88dbbb383cf3a04a46e05c,60a073d535ea99146ea7e25185b761183864d7f3a124d31eb0cc6e16671bd341
pm:vm:photonmelodies11.rio.004:695803188:00054164:00172,cvm,【霞】「好的」<01>,[],layout_only,0fcf89a8f8d99f37435a903619f68e6f81c4eb389d4496581be9ffff99bcc86d,784a2ac1cb37bc7a9dd2f442eb51c94840b26a1f0d8570a217460c9a87a2c85c
pm:vm:photonmelodies11.rio.004:695803188:00055040:00173,cvm,【冥夜】「嗯？社，怎么了？<0A>你抱着一颗相当大的星星啊」<01>,[],layout_only,2c6db31a12e88ea7d894a834da50f36217c961aa109ea44827f56d464a66e9ca,5c547e83dae3a8376fe28b5b85298441332e8a2a14e1e5e98055580843eb981f
pm:vm:photonmelodies11.rio.004:695803188:00055232:00174,cvm,【霞】「这是圣诞树顶上的星星」<01>,[],layout_only,6c45cfda1f20b850927203f18af570db0794b15a6f20bc77e86a031fabc9cca4,45f7692759819ed18fc465d52327013b00a8f7ab5c0d01b3b3170819a4c476a7
pm:vm:photonmelodies11.rio.004:695803188:00055464:00175,cvm,【冥夜】「……原来如此。是要由社把它挂上去吧？」<01>,[],layout_only,99e3d007e0ad27f02af036c63e23796c4982c8d2a305a71959ac5e3570f3fd22,af329af3c97b210d427c25fa193a4015eaeffe1ca4635ee7be0572f6b6a53a61
pm:vm:photonmelodies11.rio.004:695803188:00055520:00176,cvm,【霞】「可是，我不知道该怎么挂上去」<01>,[],layout_only,b93ad496328615ac231ee5bd19effbaeca9e4aa08f2bae59f27074c519f71d3a,0c9e5c7c3508f0296ae0da734c6b394d5ddad2ce238a7fc2357f7a5a7bcbce1a
pm:vm:photonmelodies11.rio.004:695803188:00055996:00177,cvm,【冥夜】「是吗，那就交给我吧。<0A>马上开始准备——月咏！」<01>,[],layout_only,a92f877d6b619270da7ce69e882eab4f04dadbad117f37856226b2adabe8cf4c,e9a93f8a949d70b189cc6509ccd48ce67e0e308bb37ec65e9a25b2d9670c48e3
pm:vm:photonmelodies11.rio.004:695803188:00057280:00178,cvm,【月咏】「冥夜小姐，准备就绪」<01>,[],layout_only,e0247d03c925d58c7e0483fa2be871d59ae2452132b6a3c1ba55f39153ec095b,7e555e02f85b47979e96b1de07bcb29adc2a9bd1f6912164c0cebc0a81671b5b
pm:vm:photonmelodies11.rio.004:695803188:00057336:00179,cvm,【冥夜】「知道了！……那么社，准备好了吗？」<01>,[],layout_only,ce16f5f10b490fd04001434966d7b0c3dede7b449b3d866013d49b4c0826424a,4c2a9ea0d301f8dc3949d48fad62579b79c7afbba55b6fb9e38a06d209aa248f
pm:vm:photonmelodies11.rio.004:695803188:00057392:00180,cvm,【霞】「好，好的……我会努力」<01>,[],layout_only,833071b2c1ec395bc8c9922c357bb9b560939ed95265b70d7985c63cffdeefc5,992bd601257d9b4ea57e031821f18ac7d67faac678618d9c138cb88af13334ba
pm:vm:photonmelodies11.rio.004:695803188:00059628:00181,cvm,【悠阳】「究竟要开始做什么呢？」<01>,[],layout_only,df866c377823c2dbca2ebfc906816ff11d85ea0eaee494e0d5f966216e0f83b8,5957ed74d5ac15d96285a5d8bd9132a629fc60a3041b591182a5535716739f81
pm:vm:photonmelodies11.rio.004:695803188:00059996:00182,cvm,【柏木】「听说要由社把星星挂到树上？」<01>,[],layout_only,3deb40b743a58b18425703329c5cd30c3f8b2c1fabedcda36890b0b24add74ff,0f6d8230f71feb63031f6faa33f18c738db35fa7e867baedc4bf9b53912afebd
pm:vm:photonmelodies11.rio.004:695803188:00060364:00183,cvm,【千鹤】「可是，打算怎么做？」<01>,[],layout_only,4cd7175a59a06ac782899132a96fec3bd0e9b2c421f399f84772e334eb614553,fdec085ba93ca221cb5c3126e606e4d2fb1a3086efa2423aab5e0358e5672018
pm:vm:photonmelodies11.rio.004:695803188:00060716:00184,cvm,【纯夏】「那个从上面伸下来的东西……是什么？」<01>,[],layout_only,9d3e18f6a9347d1406021e55e7f6f8f77a88e049f38d9af077b51bf80a10f84b,a2444e56b9434fe418a748cab53de985d275eb0b9e04285b37d390a5239ba094
pm:vm:photonmelodies11.rio.004:695803188:00062680:00185,cvm,【月咏】「那么，开始了！」<01>,[],layout_only,cb68cceb1b1584c49a57db21e148f5b79f8171889fb54a8f1d1fda639e0b6d49,f1a09b9a82db0401a8d7d6ecc894759489aa52e66f5274b1229120230213340e
pm:vm:photonmelodies11.rio.004:695803188:00072716:00186,cvm,【冥夜】「月咏！就是这样……还差一点」<01>,[],layout_only,16868d087bd8acd64f1126644246654c9944b45fc66f676f469e43c3cc8e38f8,eeaecdd35c0421d96bb096aa7b3b2d28bcc13247ffdae377856bd44407a4209b
pm:vm:photonmelodies11.rio.004:695803188:00075580:00187,cvm,【悠阳】「真那小姐，做得相当不错哦！」<01>,[],layout_only,560366766fe7beff731dcf000f0b99bc88631eac8bcf9f9dea1e6faddaf0c023,0650d2a6f5323b4a79a90c4abec37f32536d7020423c9d643c1c093470cc7e37
pm:vm:photonmelodies11.rio.004:695803188:00075636:00188,cvm,【纯夏】「再往前一点～～！！」<01>,[],layout_only,5ce68b0738815c9392b4db29fb86f1c38d04f4e492da63a176748859a07bba3f,124f935799175ccbecf96d8340d26dccff5fb6684e906d39fecbc9259fd7aecb
pm:vm:photonmelodies11.rio.004:695803188:00077612:00189,cvm,【壬姬】「啊！开过头啦——！」<01>,[],layout_only,965070f6fc6894ed5d1f254b1dbe8f2ab5f6a142d68bbeab964972c694e9bdac,4d3fc6708c457d561489b38dd1aeca089ef7e022f22e06f8b4fd18f8ebbb27e0
pm:vm:photonmelodies11.rio.004:695803188:00077668:00190,cvm,【美琴】「往回往回～～！」<01>,[],layout_only,31296f1c28e687223cbbbaf79ae19e3d2428154027b6784a433a60533e3b0c5d,fc2e9ebbfb61988458814904a51535612470d59dd3835f7bd8cdb41e4e5f8794
pm:vm:photonmelodies11.rio.004:695803188:00079644:00191,cvm,【柏木】「退过头啦——！」<01>,[],layout_only,fc918f2c3bded1790cfc915326d71379c646eeb34eb1fb731774339da7201fe0,9bcf6d4266d61c30572a82d30606d51d08eab6b54af617cfa142080fce0499cd
pm:vm:photonmelodies11.rio.004:695803188:00081788:00192,cvm,【千鹤】「啊！就是那里！！」<01>,[],layout_only,94ca13fd953e1b85f29430cb484e5ac69f704e350c9668bccdbfe63ed63db3b1,7dfd4a6a6ad2dea2fc6354fbc966bd2e1ac75f9d852161e7d3768163ae85ffce
pm:vm:photonmelodies11.rio.004:695803188:00081844:00193,cvm,【慧】「然后，松手……」<01>,[],layout_only,de0bc28bf2eff7f4ddf3ac72f6bc875b4f4b08d44311158deaa4bcf9feb15209,201b6d3e1db141ec555a40c4ccb882a10322c5c627ef6413d3e03afd2a392569
pm:vm:photonmelodies11.rio.004:695803188:00081900:00194,cvm,【众人】「咦？！」<01>,[],layout_only,b6921ab0925bbd39bfe4a295e06687055e9550f25bad95491d95c97327804da1,34a6748f6a0bc4f3d1819e279d487cb73d7bb4172963396c5051b14eb64e6cc6
pm:vm:photonmelodies11.rio.004:695803188:00085168:00195,cvm,【纯夏】「哇，哇，哇～～～～～～～～！！」<01>,[],layout_only,0d56aa95f9a9d48046c634f77ed1802e7857bb98261f608b17dd7c8775177b59,99a41f04ebb6c57a3577bf6088183990ca859e9b752db7e2473a895c05ed7ac9
pm:vm:photonmelodies11.rio.004:695803188:00085992:00196,cvm,【千鹤】「啊，啊，彩峰同学！<0A>你说什么呢！！」<01>,[],layout_only,d3673023112cd94d1510a3521760cbd9872f4bd1359b9a33506332e24e49fcb6,cca87b74e3f24285046ed0d64e7e3c8162f5074eaf930a1c62702e77f756fc26
pm:vm:photonmelodies11.rio.004:695803188:00086048:00197,cvm,【慧】「一不小心就想抓了……」<01>,[],layout_only,e73db43d2e5338ef0b842c656b6083015b2e019752887b09467d41f57fe4451a,37b9be2d0b3485df8c52593c7ac98fafd7fbac377ec6c8d292aae95fd086679e
pm:vm:photonmelodies11.rio.004:695803188:00086104:00198,cvm,【柏木】「这又不是抓娃娃机～～～！！」<01>,[],layout_only,98ff86bca6afaca703e5b33e0d3ef7b71f859c7bffb403534f641fb5b287f0e0,18c4232b13198f0270549bd088699c657fc89c58f633ee1e2e0b4360a16e8ab1
pm:vm:photonmelodies11.rio.004:695803188:00086160:00199,cvm,【悠阳】「社小姐，请待在那里不要动！」<01>,[],layout_only,ef2480152d600b16341ea720308d89079db2b74e7767caef3c4e91fbae855e89,69025f933c966d46224696e9111835ac714ec0a2d3afd82364d485b14ddfc2b3
pm:vm:photonmelodies11.rio.004:695803188:00086216:00200,cvm,【冥夜】「月咏！快把她吊起来！」<01>,[],layout_only,b5c978e52d3bc3eb06e3e2b23a4bc869c9945fdbd877da23b49ffaf07c3631f8,c234b6a223a5f33084f88870c7362ff8e9dd8770cf27b30ab2814095f927e87f
pm:vm:photonmelodies11.rio.004:695803188:00086272:00201,cvm,【壬姬】「呼～～，还好挂在树上了～～」<01>,[],layout_only,dac69922f78643fd473c398f7cf1091cdbab918afdecbaf15ec4fcacca35961f,4ef83cf204cc5f441ad3114e0ac631cbcb798b3389a683f4a159054b0d3f9e5a
pm:vm:photonmelodies11.rio.004:695803188:00086656:00202,cvm,【纯夏】「那滋味很难受的～～，我太懂小霞的感受了～～」<01>,[],layout_only,e3f58258fefbb39e91a6c0ed0dfda68b513a6f4493f17a32ca38605565d13292,0a80da520ba2e40a55d9f6d4e312465bdb21e6e06bcee3dcbe0479c2c06a3ab9
pm:vm:photonmelodies11.rio.004:695803188:00086712:00203,cvm,【美琴】「啊哈哈……是发生过那种事呢……真怀念啊……」<01>,[],layout_only,f62286e063e302127cf69f591937b85a31d6da2f9eda058bf1f103e89c7c35a3,98bcad83c36dfde1988bff9163ed6c335acb1d2fc81383d54acd73f977a0a614
pm:vm:photonmelodies11.rio.004:695803188:00086768:00204,cvm,【柏木】「明明才刚发生没多久……」<01>,[],layout_only,2e8228707ac78b1e70b7527dfdc30022bbafb21f5e43ac69a5f2966ff8ede5f7,c27bd98e08c832ac4f9d36139b4433a9518b0aedee3237bb43916741526fb7b6
pm:vm:photonmelodies11.rio.004:695803188:00093724:00205,cvm,【纯夏】「辛苦啦～～！！」<01>,[],layout_only,dee628b186b48faa7148c959db81dbc0b174294dbedb030bc5e4d87952da6bf3,0b7cb9ff99b1d787c821b1542789ce4dfe4e68878475db8755a008ec9c449ae7
pm:vm:photonmelodies11.rio.004:695803188:00094352:00206,cvm,【千鹤】「快点，彩峰同学，给人家道歉！」<01>,[],layout_only,0a26245363a83841d370d1f0d4aff006c71a14714b28b898d45065b0a856e95c,6d80078dee51c949ae8cf0b58d509d54b0674c798ef62e17da63017fb14cfeed
pm:vm:photonmelodies11.rio.004:695803188:00095224:00207,cvm,【慧】「对不起……」<01>,[],layout_only,35312662a7a08b3fe40ff0c9e2f7fb598338d6196affd042bd697ced1ee578b0,89368b936064d8d8a738ed2cab837dfb2a96d64b2af246f598e7e72be84d4afe
pm:vm:photonmelodies11.rio.004:695803188:00096272:00208,cvm,【霞】「呜～～我还以为要死了……」<01>,[],layout_only,1bd40896248915015a69f1968084d5388c9ded61366ea6dac75f0b74e624c8c8,abfbc76a02aa39331f143bdb1db5798663ba4f797caaa30eb4ab483aec7f9755
pm:vm:photonmelodies11.rio.004:695803188:00096496:00209,cvm,【冥夜】「不过，不管怎样星星已经挂上了……干得漂亮！」<01>,[],layout_only,1b7616c7a200ce933c43add442ff565de63e7a41f0072049adac0148bc3ca052,45b194fd469b492d027fb86e86eda499a027b52efa30942526d88e118b8388ce
pm:vm:photonmelodies11.rio.004:695803188:00096848:00210,cvm,【壬姬】「有了那颗星，圣诞树的感觉一下就更明显啦——！」<01>,[],layout_only,2f34da96522a25b30afe905cb51cd89a49d80804ab35b5fa87ab1a4778232678,6398b45957d0fa376f596a6a095317d512ef5462e9cbdc48fa4b594b891d4bf1
pm:vm:photonmelodies11.rio.004:695803188:00096904:00211,cvm,【柏木】「果然，圣诞树顶上还是得有星星才行！」<01>,[],layout_only,337b6253e50b1b841f522d854603026635140066dd87e408e70e472f4d6f1433,a8f9f18e62daa5a634c7bbeeec55416f6bfae73b55ce51cc56d651775694203e
pm:vm:photonmelodies11.rio.004:695803188:00096960:00212,cvm,【纯夏】「那么，剩下的就一口气搞定吧——！！」<01>,[],layout_only,9a60a6dd779894838209153a06ba45822bba175eb528bcde5b7415671166160c,504335cf6cd95bff028068577dfe5f6570b01b6604a0cfa92d7dcbc5d8bc5384
pm:vm:photonmelodies11.rio.004:695803188:00097024:00213,cvm,【壬姬、美琴】「哦——！！」<01>,[],layout_only,f78cb6fdfe8241f88254fa6687d8247a87dcde69b8c82f6dfc6f98f22f9a0c4a,d742f40eb800fc331804349f2994da6ebd69f00a8b7a704f996c192414e1c332
pm:vm:photonmelodies11.rio.004:695803188:00099184:00214,cvm,【纯夏】「那么，差不多该开始了吧！」<01>,[],layout_only,a61d527a41065901223381e409a1c445abdcaca4f7041d6b7707e9f3a7c496c0,2f026c3fb2d2d317c67dc385ce7e415f10795f5bc43d8faac0e26c0c504a2cb6
pm:vm:photonmelodies11.rio.004:695803188:00099548:00215,cvm,【冥夜】「……话说回来，鉴，<0A>我刚才就一直很在意，<0A>你身上那颗星星是什么？」<01>,[],layout_only,5775f966c71942b87d848e5237a0bdcd3bd36615f7882492f1735bd6019c66b8,ada334751f165734578cce567069ad56c929eca5bd5268195f2cbbfc7f3b2341
pm:vm:photonmelodies11.rio.004:695803188:00099780:00216,cvm,【纯夏】「咦？你说这个？<0A>不知道为什么，小霞给我戴上的」<01>,[],layout_only,6b84019aeee9275ca1458dce364311e7d93edebab4b57460470a3e10f2c4908b,6f3fd361848a670c795154467a033fd87904b630c19b5579f5adf30f2e91e4d7
pm:vm:photonmelodies11.rio.004:695803188:00100144:00217,cvm,【霞】「…………」<01>,[],layout_only,ae1d9107f8f518af6cc974f9f2dd86cd5f6b05e10cdcd693676de81bca4abda6,09a1c5c4f3135e6f4548ece4982e45e31d0297b9ec63875c4a72c35e2f926c70
pm:vm:photonmelodies11.rio.004:695803188:00100376:00218,cvm,【壬姬】「纯夏，很适合你哦——」<01>,[],layout_only,9d3574737d6b8ee6aa17e478fea762f061b19e7ef367bb4a1afaf3e4233372f2,2e5f7b478a4e25be6942596bbceef39ba659e6b2815db6534fb982f023971c6d
pm:vm:photonmelodies11.rio.004:695803188:00101232:00219,cvm,【千鹤】「时间差不多了……开始吧」<01>,[],layout_only,9483cbfb776e48c040c3c581d8c0031b930cb90fd70bc11fea26bbabfa148deb,54c3eee48e8e5cc9e58b6981127b453791b23d75f299e0cfda78d3320a0f581a
pm:vm:photonmelodies11.rio.004:695803188:00101600:00220,cvm,【霞】「那，那个……」<01>,[],layout_only,b3dabcd442b63ac94c6e28741041161b6f57f79c8a9e7ae82d95d8e499ea1c0a,70b7372412a6790173cc70d5ce0fe09a56c88b488795c8b2cb323839e071a161
pm:vm:photonmelodies11.rio.004:695803188:00101832:00221,cvm,【柏木】「怎么了？」<01>,[],layout_only,d17d1e4d597c62a6bc7298d10613580697d93fcc5c2a5c912e7c8252d6e88d73,8056fbed8e8c5efa9176a6f4a68353bc10c8063e235f8690a03e91355377fa38
pm:vm:photonmelodies11.rio.004:695803188:00101888:00222,cvm,【霞】「是不是应该等白银来了再开始？」<01>,[],layout_only,b7248ab87a2d93936878135ec6e766f2a67586bd923e86621e5912e080644d58,11532070613cab4f6a99cee164da79f0217c251802baaf840228f0e1c979e63b
pm:vm:photonmelodies11.rio.004:695803188:00101944:00223,cvm,【纯夏】「啊，小武他啊，之后会来的」<01>,[],layout_only,9e4e8a5063b479438bfefe04b136f5652d4d10748201de7068d8c85354087009,8c41ffcb132385bbc1d1e417c8942a365bcb08eca2261f7fb3628731eb90166b
pm:vm:photonmelodies11.rio.004:695803188:00102000:00224,cvm,【霞】「可是……」<01>,[],layout_only,b862614bca2f7eb568a9132650bf78c4f5b9571ebd92718474fe3dd037315ed0,c2d1c0818b26b2509912e16ef802e97d772f8d5781c207ab2e7d4f7626cb6f62
pm:vm:photonmelodies11.rio.004:695803188:00102760:00225,cvm,【美琴】「这个嘛，只有这件事没办法～，<0A>毕竟武要是来了，圣诞老人就——唔唔！」<01>,[],layout_only,6e8d7abdbb074715cc244ce6b09457c2b1ab0a107510dc4e18d4b6a92c27804f,ebf5822f194e37ed7b87e984d95db2e5bf7805afebbfc4b4ec757227193435df
pm:vm:photonmelodies11.rio.004:695803188:00104260:00226,cvm,【千鹤】「总总总总之，就是这么回事！」<01>,[],layout_only,156af23c400e6fce06f69cdaf8ce327389868dfddad55db1455dd3b089199c19,90db5df85d42175210766bfaf9478a3f9ad8dcd838ef673b39bc2423243056d6
pm:vm:photonmelodies11.rio.004:695803188:00104452:00227,cvm,【霞】「…………这样啊」<01>,[],layout_only,ee6ac5bddf999a6f21e8d45e3e8fc4a92673e4bf9683fc0a218ae12527d9d278,7ebf8caaa99eda28baef1745a47eb0a038a053d79bf419811e17c94825ea9206
pm:vm:photonmelodies11.rio.004:695803188:00104948:00228,cvm,【悠阳】「社小姐真是一位非常体贴的人呢……。<0A>不过，武先生只是事出有因，<0A>要晚些才能与我们会合，<0A>他会好好参加派对的哦？」<01>,[],layout_only,4d0edac197d8ddb2c4e6c89a595b88566ab82503572a32f1a70d2fc6452c35fe,9fe00dbcb396a93df6f4801b7fe1989ecd545aad382923c0dba04929fc0df1dd
pm:vm:photonmelodies11.rio.004:695803188:00105004:00229,cvm,【霞】「…………？」<01>,[],layout_only,ca7e5c2fd74270d27be7e263558cb3c476dd90270463b3462c8182be0a60176b,cb769ab36647d983006b7794e9a8caf52c7a0230926c9d594fd4075a45384ff2
pm:vm:photonmelodies11.rio.004:695803188:00105264:00230,cvm,【纯夏】「啊！」<01>,[],layout_only,582277d2fb5b01dffedd5476dcfa2f9fd81bfb74211882eacde90b0eeb60e179,258b6555ac55254d015a5b92d2e1b336f85703a1eb3ba0c02ce26c444d008a36
pm:vm:photonmelodies11.rio.004:695803188:00105336:00231,cvm,【声音】「啊～啊～啊～～……试音试音试——音！」<01>,[],layout_only,ec2c9a32e8c52e942448523ef750646cda00120066145ed29a753e9c92723840,5074b1ff07248856e26614605c0a898f7bde461d70338daf2bc80d49b5d965d8
pm:vm:photonmelodies11.rio.004:695803188:00105392:00232,cvm,【霞】「……白银？」<01>,[],layout_only,affe42fced333059aef3c9d62817d25817ddba5ceb76b2080a749dca8a343d6c,f16ef47e1b10530c61ab92af19d5816ba092a989e66a0ce489796fa5895ee89d
pm:vm:photonmelodies11.rio.004:695803188:00105436:00233,cvm,【武】「女士们——！以——及，先生们————！！」<01>,[],layout_only,2afe70d6c90647c7471d43b5e13658aa73c797d91480f5ab92a0bce2d51610a0,7a0f7a8dcf6f76c8badf4ebc864e1ab3d125e9dc5d6dea8f9ef0347bc67bb23a
pm:vm:photonmelodies11.rio.004:695803188:00112108:00234,cvm,【霞】「啊！」<01>,[],layout_only,2a6035ae52524e96053319f1a777d67ac2393b1da9e8c6041f81913e5726ee8f,2f8b8da73e915ce37075c0f4434df25a30db40cdc1c6e13dd06fa59e3ed41c66
pm:vm:photonmelodies11.rio.004:695803188:00112164:00235,cvm,【纯夏】「小武——，我们等你好久啦～～！！」<01>,[],layout_only,d61da48d9ed0689421e9ba96f85736a58ae5dd045d4df9080725bb3a175ac33f,7d921b5b2f64956da79a3384ae7160a0c2115f0827191866a9a8f92c2ac7e440
pm:vm:photonmelodies11.rio.004:695803188:00112296:00236,cvm,【柏木】「啊哈哈哈哈……白银同学，<0A>镜头靠得太近啦～～！！」<01>,[],layout_only,62ff24becfa51021d18cde84100d5f1d501f5c6a51683093fc38f765fc8ea863,dd3bafdbf257a0eb8fc6562d1e565320b50cd346926e9003e4d70a3b0491e660
pm:vm:photonmelodies11.rio.004:695803188:00112352:00237,cvm,【壬姬】「小武哥——，好帅好帅！！」<01>,[],layout_only,5660e73201e2f2e3d83b26704b1d3ac4b2153629caeb2a5e3c66f21080854acf,ed835596942f2059310d3bd9790ab9026f2e5fd485b1c9ec3d5b586cdc18b0f8
pm:vm:photonmelodies11.rio.004:695803188:00112408:00238,cvm,【美琴】「奇怪～？武～你的胡子呢～？……唔唔！！」<01>,[],layout_only,032d535e2bcc11239febb2073d738c400b43b4e238bf4fc847895ff5f6e6cf41,867914623704fc563b306415622a8339b3da646d60046ee3f4641a9f8dbf19c4
pm:vm:photonmelodies11.rio.004:695803188:00112464:00239,cvm,【慧】「就当没有那种东西」<01>,[],layout_only,ce2c7924fc1e1faf348f493ab467ddd5d8b5a2fa371c2b6d2e8eecb7ca600bbd,cbc8db55a0e675bc66e98f901cbcf338c0292eb4ca7b7a8ab68cc7c65d2d338a
pm:vm:photonmelodies11.rio.004:695803188:00112520:00240,cvm,【千鹤】「真笨……这里可没有什么男士啊……」<01>,[],layout_only,b69a2af539d5cd2ca040d5a9b9f9a8cb3a1a3f8e7df70317a855873b318a3fc6,e3496a6d9400b89f9260bdee55902f77f6d801a22a118b3f749acc914bd16363
pm:vm:photonmelodies11.rio.004:695803188:00112564:00241,cvm,【武】「你们几个，都好好准备完了吧？？」<01>,[],layout_only,f956ffaa9318744625b29e0af3530cc936f668304332e636ef3a1b30671471d5,97d524cac0b5f4838a5b576eb89a51b19a1110dddf3e062f5943e75f308575b7
pm:vm:photonmelodies11.rio.004:695803188:00112620:00242,cvm,【纯夏】「完成啦完成啦——！！！」<01>,[],layout_only,d26338e23afa685af13a61f8d402cb2a0ce4a09bea0a1bf2a1b32b4ebde0dbdf,53bed8998e787431b10eb26a8df289c1288034ded5264358b87a1aacbdfefe1f
pm:vm:photonmelodies11.rio.004:695803188:00112664:00243,cvm,【武】「霞——！！」<01>,[],layout_only,e620214a767de58919457ac1766db5c3e3e871285f08d3998f21cf98b6057436,01d40ae0b6a612c3a5cb69dacae7345007b7c4b7e8e1809dce5113b87bba51c9
pm:vm:photonmelodies11.rio.004:695803188:00112720:00244,cvm,【霞】「好，好的！」<01>,[],layout_only,d5b832f190aa83dcc162c925c3e1729c754d6d119d1add3904500c936cfbe57c,a50e0d0ccf04c8e610b2ec166ee52d0299876309757a3974e7abc810647f8158
pm:vm:photonmelodies11.rio.004:695803188:00112764:00245,cvm,【武】「真的吗～～？<0A>没被纯夏随随便便的指示搞得一团糟吧～～？」<01>,[],layout_only,3c175d40d3e11be0d51493194600323b5ced00c942972eb4e0c0a97bfb461b90,b463f6b112bdb1e31ff402bf550e3142b8f9e48ed8780f705c37f7706a45f892
pm:vm:photonmelodies11.rio.004:695803188:00112820:00246,cvm,【霞】「这，这个……」<01>,[],layout_only,684a4e2e516da0502843ed0d16f719d9099fba732a9a2f6e72421aeb7828b9e6,56a57f390a96443c83771652e0e601476ecd7d693890fa6594b4e7bdbdf6eb61
pm:vm:photonmelodies11.rio.004:695803188:00112876:00247,cvm,【纯夏】「我明明有好好做——————！！」<01>,[],layout_only,d4f02ec5330e5dcfb4e1e39e627426f74111a829eafd6ea531bd211a38f3992a,9b7ffff7a9c8ba0689c56384e6652089a61bcfcc42d91deac41d57d6bcb5f585
pm:vm:photonmelodies11.rio.004:695803188:00112920:00248,cvm,【武】「啊哈哈哈哈！算啦！<0A>总之今天是圣诞节！<0A>说起圣诞节，就是圣诞老人会来的日子！<0A>霞，你知道吗？」<01>,[],layout_only,9f4e5cdf5416236fce8a82ca61a37d78a2fc17ec06dbe9bad30d89bea5b93fc0,ac4b5317dd4f5a87a6c22a13ef8371789622ef2435793b9502fe8b76e3620ab2
pm:vm:photonmelodies11.rio.004:695803188:00112976:00249,cvm,【霞】「知，知道……我知道的……」<01>,[],layout_only,998d9505d165611250da7604114375ae57ff015662d9269196826271b2256549,2be981c2cb386d4c1f60697fb4715f15b5259dc4cd3979d29b20b2986edaa9c4
pm:vm:photonmelodies11.rio.004:695803188:00113032:00250,cvm,【纯夏】「再怎么说，这种事她当然知道啦——！！」<01>,[],layout_only,9844c35a79c8e91fbb2d9a40886216cc219d5ff27122421992afba976c2eadb4,0a23aa891b6b0460bfa79d56c4fdbbec5e563e0f0c62c87296c42638466f0f9d
pm:vm:photonmelodies11.rio.004:695803188:00113076:00251,cvm,【武】「哈哈哈！纯夏，你太天真了！<0A>据我调查，在俄罗斯啊，<0A>好像是一个叫杰特什么的老头占着主场！」<01>,[],layout_only,f569733610012ff836e3d9eae85590d5f3b7f6d394ef08075347d8333c872d6a,2379d00b55a89327aa1ebc92a87f96f04e57778f45c6b4fd22c3e2c59bb1547a
pm:vm:photonmelodies11.rio.004:695803188:00113132:00252,cvm,【纯夏】「咦，是这样吗？」<01>,[],layout_only,29102e0a12f95c6445dcbed8589f9e13dc9179cbacc11b2613c762797f42a31f,01eff2a54fab9818a74615944d9502530fc72036b1819205e22fd51e10cdcf68
pm:vm:photonmelodies11.rio.004:695803188:00113188:00253,cvm,【冥夜】「你说的是杰特·马洛斯吧」<01>,[],layout_only,c9f683bfe5d5bddcd37e37f95f57bfeee8b377e85d2a504a7cd97717c8d5a4f7,be83c12a9ce7c0bd6afd87566ac98645b552475c29c07f98f2f8b2923fc3da74
pm:vm:photonmelodies11.rio.004:695803188:00113232:00254,cvm,【武】「就是他！听说正如名字一样，<0A>会以超音速飞来，发动一击脱离，<0A>是个离谱透顶的家伙！」<01>,[],layout_only,d802f8231d7ce131996dad1be42de652e423404968911a8cf9e64d533420f781,ad8fcec7a07ab056d207617726ddcc376da9a35a950d29548b20a09dea971883
pm:vm:photonmelodies11.rio.004:695803188:00113288:00255,cvm,【冥夜】「休要胡说，胡说……」<01>,[],layout_only,8e3ca9fea3db282957cd23130f80c066ea8a257177d5b985058e00f1de4151b5,9796e7b10aaa4de27b64431e371c17ec10a432d1a39438bcca839da0aaa1bcbd
pm:vm:photonmelodies11.rio.004:695803188:00113344:00256,cvm,【纯夏】「咦～～！为什么小武会知道那种事啊——！！」<01>,[],layout_only,114dd38704a996a9a72497a61d7871f549a706afc1381e6186d6841c909c0596,afa976e780dca235c30ce24aaf34218a2ca123c6e7baa8983f0d7c7d4fc4967d
pm:vm:photonmelodies11.rio.004:695803188:00113388:00257,cvm,【武】「哈哈哈！因为我见多识广嘛～！<0A>不过，在日本不管是圣诞老人<0A>还是杰特都无所谓！开心就好！」<01>,[],layout_only,9d8feaf905d7399908e60d4cfccb7381fe9a83707ec413607caf89b39d99d8ad,002843a059372a32c382c89c27f6896604e8bdd71c87a504cf64bb99019a0a76
pm:vm:photonmelodies11.rio.004:695803188:00113432:00258,cvm,【武】「毕竟日本自古就有<0A>八百万（HAPPYAKUMAN）之神的观念——」<01>,[],layout_only,4322d62ea4788c0b75ef8e34a1f9453a9324d70a3e0485b5f752b213510018ae,378afc80f019908989a1298197a146e361756bbe69296123ca1094c2c489f75f
pm:vm:photonmelodies11.rio.004:695803188:00113488:00259,cvm,【柏木】「HAPPYAKUMAN？」<01>,[],layout_only,f8244cf09b0cc13c612f0eccd4d10c931f9f0ea30b22fcd317c43e4b825169d9,87160c209394ba115f5e05ca07d70c7db882f8f9505c1c8daf0a0e9ccaa631ef
pm:vm:photonmelodies11.rio.004:695803188:00113924:00260,cvm,【千鹤】「喂！该读成『八百万（YAOYOROZU）』才对吧——！」<01>,[],layout_only,fbac97d4d808711bfcfebda3c478b06aae42781799b323e7d01b56466f6c8331,bf69593ccc25c01769f065f759bccbe53c4fd0a79e97a9c0340be7d6b8daca42
pm:vm:photonmelodies11.rio.004:695803188:00113968:00261,cvm,【武】「什、什么！？真的！？」<01>,[],layout_only,634bc353e4471ad9c1aba96707e155d325bf8fe925b66f06506862a41f8af8f2,abcf321456bb9a238c78bd07449a5f56a18335228f1efc6b0cb4777025c2943c
pm:vm:photonmelodies11.rio.004:695803188:00114404:00262,cvm,【壬姬】「啊哈哈哈哈，『HAPPYAKUMAN』<0A>听起来好像什么‘……超人’的名字哦——」<01>,[],layout_only,ab007750be5e3f2adecdc93050ce7a718d1af8890f9730c665a52b53bcc93a84,33b663a1e9e266713e5c95765d4424a74de6e11ac23d44a845f5e4bbbb406685
pm:vm:photonmelodies11.rio.004:695803188:00114840:00263,cvm,【纯夏】「什么嘛，原来是从哪里弄来了讲稿……」<01>,[],layout_only,ed0e3663bd655b96c91cbd2dde509bde3dfc8931c02dfb7a65127e07948638c3,f059b1806d5784860587a80070331c2d9484f4b0da932efc32f839e2c36a9e99
pm:vm:photonmelodies11.rio.004:695803188:00115064:00264,cvm,【武】「咳————咳！！总————之！！」<01>,[],layout_only,d4812d780f416f0534f91cc087bb799413efe6c6b95d9318225510a78e789e21,6babf1b87dda01cda8e3c120fd22f4f51a7bd88ddae40b2d89d47235167bda97
pm:vm:photonmelodies11.rio.004:695803188:00115108:00265,cvm,【武】「现在我在此————！！」<01>,[],layout_only,81cb436fb487b2c0c2e375172cfe3ae06307ded5e32e6ffdc5042cb884b1f845,03577af9aac7c40916979591e120a459935bf5d33851d0314e7236ebd3c58700
pm:vm:photonmelodies11.rio.004:695803188:00116960:00266,cvm,【武】「圣诞死亡行军派对～～～～～！！」<01>,[],layout_only,b629332d712473aa3a7261ea4fc239d1f45a0ce7bf8b5f5dafecabfaa43efcc8,9c765a6f3debd7c79f37812a5a574032038fcb118ff75528738918734cdcef86
pm:vm:photonmelodies11.rio.004:695803188:00118784:00267,cvm,【武】「正式开幕～～～～～！！！」<01>,[],layout_only,601450e71cb716811a904f301278e98c130e001a7bb2e0e50888d601662e251b,8be121eff61bbf1bc9cd8f90bed41bfe8d8cca64f07f26d2bf295b24087eefd1
pm:vm:photonmelodies11.rio.004:695803188:00119008:00268,cvm,——特此宣布！！<01>,[],layout_only,d97d2d5e3c4d0225b7e72839473847327fd60eab830a5a03fc0aa5633666ef99,2462ebee59cdc6047e1deeaedd8c5ccb0240e90eda0d971cf47f2ed10dddf87b
pm:vm:photonmelodies11.rio.004:695803188:00120192:00269,cvm,【霞】「——！？」<01>,[],layout_only,c1050421aab92bad167f6020b3ab26ecbe2f6ff8d0903aeb757495db9fb6c780,ae8fb443465045cd46011e8da788fe974ca4f586bb0367d133dda840f6205a30
pm:vm:photonmelodies11.rio.004:695803188:00120324:00270,cvm,【众人】「哇～～～～～」<01>,[],layout_only,0bd64de385f0a9c491a426a9e63befc8dfb27ffb0b7e4c7e23c1656f17d5ed1a,72835c22c6e9b7e42bb6a92f13094efefbd42c0452cbbc71c173298268376dc0
pm:vm:photonmelodies11.rio.004:695803188:00120608:00271,cvm,【霞】「啊……啊……」<01>,[],layout_only,88684f44d71bac508c123a1a1994ee09530718072b06e02f7de511b2ff4a871d,8903aa89fcad44d70476019d834a91728f530bea9bc0f0cc75a1da07bc5b0a2e
pm:vm:photonmelodies11.rio.004:695803188:00120664:00272,cvm,【纯夏】「好漂亮啊～～……」<01>,[],layout_only,17db72766c932f683b5c7cb263bdd805aef019f453506a2eb6f9493ea1ed008b,3c223652ed222b0a86fcf209d764c20a1b9dd884fd96d95f0b365d26363ef33a
pm:vm:photonmelodies11.rio.004:695803188:00120948:00273,cvm,【霞】「！？」<01>,[],layout_only,546585f6fdbf1844553bdd22602246ccf56499c522ef7314c9ff0cd693e7ce0b,1d0a95d3a1b7c16393b730d8838ac19ce81e854b5e14066f8e72d4b3c685985e
pm:vm:photonmelodies11.rio.004:695803188:00121004:00274,cvm,【冥夜】「嗯……真美啊……」<01>,[],layout_only,7dd8985767a8a1f08175dd93f1e8540fd52930135f2dbb2007a292aec70b0e35,a375af8220ad731e670808bf6f2863b6c5939c8eb0c4224d18d298c2be880330
pm:vm:photonmelodies11.rio.004:695803188:00121796:00275,cvm,【悠阳】「很美呢……」<01>,[],layout_only,52dd5b4fbe130470879ea42f7e4bdcd9ac5567f1061063a6a667d9a430d93f1f,a85c66841bd96384b9f46c730281933a661fccd2c1c1b734f6446c063a0c6785
pm:vm:photonmelodies11.rio.004:695803188:00122192:00276,cvm,【霞】「啊……啊……」<01>,[],layout_only,88684f44d71bac508c123a1a1994ee09530718072b06e02f7de511b2ff4a871d,56648f4b53c4dd2c847807ff82397cff0b12c09f277a296e41338c7f4309cfaa
pm:vm:photonmelodies11.rio.004:695803188:00122248:00277,cvm,【悠阳】「据说冷杉做成的圣诞树，象征着永恒的生命」<01>,[],layout_only,fbe6f69421f2e2ccadd4f1db3b1bfe03cf5abcd8e2d399d032675d61e299de99,d7312b2dcd8261d5951f1a96284535ef43d1523f321a119dd9a9a892e9e2e138
pm:vm:photonmelodies11.rio.004:695803188:00122304:00278,cvm,【霞】「咦…………」<01>,[],layout_only,862a943de84dc0c8fbc4c9424255875749ea4860783456dd72621bd6ad5e9ec6,d7dbc39642b95d6c86dbffb5fb8a337ac31c65dc7af6ca6c751a0632fb0541e3
pm:vm:photonmelodies11.rio.004:695803188:00122604:00279,cvm,【悠阳】「关于圣诞树的起源众说纷纭，<0A>不过常绿的冷杉即使到了冬天也不会落叶，<0A>因此才会受到人们的崇拜」<01>,[],layout_only,3030c244b99af0403038e9c52e4d23394d939f704be4cb51625e74a38191e3ad,9c6f6dacc73db8f3e125556389a72a9b2e45b3fc0692ed48b9e5969081eea700
pm:vm:photonmelodies11.rio.004:695803188:00122660:00280,cvm,【悠阳】「它传到世界各国，<0A>又与各地的传说和信仰相互融合，<0A>所以世界上才会有许许多多不同的圣诞节……」<01>,[],layout_only,ddc67344bfe399bb03b73c595fec516fd402592685a5a2d9dc83f1163c1d5495,6d614dd9dcb213762aa43bca15ef0bffaad58854ce54a60ea63565474b190fdc
pm:vm:photonmelodies11.rio.004:695803188:00122716:00281,cvm,【霞】「…………」<01>,[],layout_only,ae1d9107f8f518af6cc974f9f2dd86cd5f6b05e10cdcd693676de81bca4abda6,09a1c5c4f3135e6f4548ece4982e45e31d0297b9ec63875c4a72c35e2f926c70
pm:vm:photonmelodies11.rio.004:695803188:00123016:00282,cvm,【慧】「本土化很重要……」<01>,[],layout_only,04922ac8ca6117cabbac04da37e9ebf79a5d502664eb5e205df02aabc7ab15cd,a98ef183415c25d471f500422acb95940be8aed2bb7168525d6004e43027d144
pm:vm:photonmelodies11.rio.004:695803188:00123308:00283,cvm,【悠阳】「是啊……不过，其中流淌的心愿是相通的……」<01>,[],layout_only,37011d9dc81d578523424d0a8e292b9cc8f6333fa6eeff0a80c0b113e04ea51c,432eab96bc032d851c14a7607a1017594f08a8af20f38aedbf440c8b1b68af70
pm:vm:photonmelodies11.rio.004:695803188:00123820:00284,cvm,【霞】「心愿……」<01>,[],layout_only,7667a72559ed06ad7783e6264cb1db2b12791382d0ce763d96233ed8b152bbdc,4bf110ccd1f9b6d10533ef2aa6940bf94cfbaf28eccaf52bf7dd935efe822285
pm:vm:photonmelodies11.rio.004:695803188:00123876:00285,cvm,【悠阳】「是的。愿世间和平，愿人们幸福，<0A>愿我们的未来一片光明……<0A>这是所有人共同的心愿」<01>,[],layout_only,08cf2cc5e8d19fb34022b5bd49b5f7051639f5ef79f81bd91491bdd347b3906f,f68f22e71a8018b1cdc47bfabe1f650f4fef858dd99857a616079af8db7ed69a
pm:vm:photonmelodies11.rio.004:695803188:00124160:00286,cvm,【霞】「和平……幸福……光明的未来……」<01>,[],layout_only,438e3ed2245092ed4ff2f6c25a64382edfcb533e5dc227b31ddba6bb675743e9,d0409998bedf79d1ec276ab6c3375e50abeac6f84de483c82d622d4982b3dc27
pm:vm:photonmelodies11.rio.004:695803188:00124672:00287,cvm,【悠阳】「是的」<01>,[],layout_only,9dca1f718e00ffa26f6e670e0ccbda2a9f17944fd0eaa845a813639477ead579,8385319565b44356c1173c7249210cd37130483aea754ecdb9c57e5b7fe535c5
pm:vm:photonmelodies11.rio.004:695803188:00125184:00288,cvm,【霞】「…………」<01>,[],layout_only,ae1d9107f8f518af6cc974f9f2dd86cd5f6b05e10cdcd693676de81bca4abda6,09a1c5c4f3135e6f4548ece4982e45e31d0297b9ec63875c4a72c35e2f926c70
pm:vm:photonmelodies11.rio.004:695803188:00125468:00289,cvm,【霞】「和平…………」<01>,[],layout_only,dfdec39b48f5c10340a6f7ee32a402801ec4087c8db92d203d78c6b195a4d618,45541653daa8b54b209e9ab33f87d484920b75125e7649108e226dddd0174c20
pm:vm:photonmelodies11.rio.004:695803188:00125524:00290,cvm,【霞】「幸……福…………」<01>,[],layout_only,62e43a9beb69f8d74845621a790da69ad6060ceac87b067e72ecf8c1f29976b0,eb38d4cd3be6878a0dab2cc378bc04fd4fd5aada30aa4fc0399690bac6ecd09e
pm:vm:photonmelodies11.rio.004:695803188:00125808:00291,cvm,【霞】「光明的…………未来……」<01>,[],layout_only,6b06180a4e535408cc10cce77e21a54688aafa898ac09017f54433e46e2c4d38,f35bdc8ca8d057a0ef25e6b8d34d60b7d05ea9bc572093237f16c9ad701fa5f1
pm:vm:photonmelodies11.rio.004:695803188:00126320:00292,cvm,【悠阳】「这个世界，正是由那些心愿创造出来的，<0A>宛如一颗无可替代、至高无上的宝石」<01>,[],layout_only,f9bfa340adfe9ed8ef25430af8fe208947eaf7a4ddcd0d1f1c5f9faea73ee0af,806a1c095f2781aea0dff98428f2aa2a0d4c5c101fca2f1c67bb2ab049e04324
pm:vm:photonmelodies11.rio.004:695803188:00126376:00293,cvm,【悠阳】「让它熠熠生辉，<0A>还是令它蒙上阴霾……<0A>都取决于我们……切不可忘记这一点」<01>,[],layout_only,ffbe3ba26bfda76d1a3fd39296ff2e687f69e81953c685998939ce4144b7b72f,2057bd6c77ce2a6b00394c4ea6662a79996413449f8116e66ffbad3337434b01
pm:vm:photonmelodies11.rio.004:695803188:00126888:00294,cvm,【霞】「我…………很幸福……<0A>真的……真的……」<01>,[],layout_only,e2a5ca2cc6674cef448892c2b3110442164869a7b88e870f81dcae61d03a5747,ab0396c5a518e607aff8ea6d0dccc2f454d6bdc335c47476b3aca10d02c4079c
pm:vm:photonmelodies11.rio.004:695803188:00126944:00295,cvm,【悠阳】「那就再好不过了」<01>,[],layout_only,ecb224e73e4f3511fc5bb067823e08a5eb4a1a8811484447ec37c8e974428635,3e7f82477470d540ebba97416f484f0f78d68278ca94829741815badd8f4eb77
pm:vm:photonmelodies11.rio.004:695803188:00128628:00296,cvm,【霞】「！！」<01>,[],layout_only,43c146a4a29beee71788e4cb74c0f7d1ed7880f57f7fb98f09c1de018693597f,1d0a95d3a1b7c16393b730d8838ac19ce81e854b5e14066f8e72d4b3c685985e
pm:vm:photonmelodies11.rio.004:695803188:00128972:00297,cvm,【悠阳】「发、发生什么事了！？」<01>,[],layout_only,398e6eb89ca7ab4c78ab2ec480dcb91f834066d8f17a4256476ce2d6c88fac84,68ddf10bba4b0d36b6d89558483169d605a9b691a3d09b469ce7b0c2ad6dcf5d
pm:vm:photonmelodies11.rio.004:695803188:00129408:00298,cvm,【夕呼】「圣～～～～～～～诞快～～～～乐！<0A>呜～～呼————！！」<01>,[],layout_only,88d6110bfe624b2f920e5c40c34684e3389ce96ba0672f7e55e816db0412cc73,b8a534bb058c7c5b47ae6c2ed2c9cc1c1cefdeb071675a47dbe617066c125705
pm:vm:photonmelodies11.rio.004:695803188:00130620:00299,cvm,【纯夏】「……香月老师？！」<01>,[],layout_only,d39cbc0de0de625e86321bcb7e00cae1cccb06af0e8f08ab06708e7fe7bfb33e,8f5808b8dfc5362d62b5f2847516614e7d96ea701e7155f25514a1aea362545f
pm:vm:photonmelodies11.rio.004:695803188:00131804:00300,cvm,【夕呼】「没错！本小姐亲自大驾光临啦～～！」<01>,[],layout_only,dcf479934ad99378ee79f8722ce23c95e4e31efd0eb356a43e648e7d56fe1625,db7e258d0ff5b27aa1956259feabb70803188f289db56567a00edc023e3882cc
pm:vm:photonmelodies11.rio.004:695803188:00132416:00301,cvm,【麻理茉】「夕呼！！」<01>,[],layout_only,25797993843b2f7bfd552624d66371863bf62f9c3b3ece3b9a18eb6344bdb38c,7a770f34885210c7d8cdc32e152df910460fd6ae03deb78e49fbd20df651a658
pm:vm:photonmelodies11.rio.004:695803188:00133800:00302,cvm,【壬姬】「麻理茉老师？」<01>,[],layout_only,1d35d7dcf764053b87a7d5a75dd2d8ffabb0936d9b24c81aa07b9c0a2d3f783e,6ff64c3543bbcf9f80661f0e288ac88c8fa870124614b952732d8a03805727ed
pm:vm:photonmelodies11.rio.004:695803188:00134100:00303,cvm,【麻理茉】「大、大家，对不起，打扰你们了！！」<01>,[],layout_only,ab68bb999ccba2fabebff765f7163bf79e0631f198d35947454666c77e079f0f,6ba8a6413ffd599cfdd307b096098fcdd600fa79b6370457094b1045f43fdc70
pm:vm:photonmelodies11.rio.004:695803188:00134156:00304,cvm,【美琴】「你这身打扮……是怎么回事？」<01>,[],layout_only,c6a05a0c8cf506e72ab8fdeca5fcf9bad7bb68b14d2ff7e6267e747296446e37,d46107137250912949b55acea24223a240192afc997f1a19c8b2e534c46b1772
pm:vm:photonmelodies11.rio.004:695803188:00134456:00305,cvm,【麻理茉】「这、这件事说来话长……」<01>,[],layout_only,e722795c423132cd3e5f4595fb52d2b3f1901687ba518401ba5092072efb47fb,64c40caffa5048ea47645a3b805bc1c80132a9870febbdde4ea42ae85d64acb9
pm:vm:photonmelodies11.rio.004:695803188:00134512:00306,cvm,【悠阳】「那个……听说老师今天会出席另一场派对……」<01>,[],layout_only,c2377e63cfe4941042b6caf83968a2d5d427b95591443dccdf59c20a98d7c327,a82b247bddd357eb71d8c3c5021958cc08e743d29b292b8dba145596f4606657
pm:vm:photonmelodies11.rio.004:695803188:00135012:00307,cvm,【夕呼】「派对？没那么了不起啦，<0A>大概就是比普通联谊稍微高级一点吧～」<01>,[],layout_only,48f1d4c3b218b031fa319a895951989206b7c3eeb1a0803c82bcb2c7187b1641,1feefc4857b1ab68c078c21688adc98c855914178890d1e4fbbaa157ec7680e3
pm:vm:photonmelodies11.rio.004:695803188:00135068:00308,cvm,【冥夜】「联谊？」<01>,[],layout_only,1dd45fd578f9e6bce22c5581daeb759291c0f28c40b9051e75f7f2f690b4f9dc,600eb9e7a560171e4444927f3757e776cb887974ff684fdc0a59c770283c1ec5
pm:vm:photonmelodies11.rio.004:695803188:00135368:00309,cvm,【夕呼】「帝国公园酒店里啊，<0A>有一家挺讲究的观景餐厅，知道吗？」<01>,[],layout_only,b55770f088d8cd36ea07d19edc6ba39d108120b8f703c08742eebe859b310304,a2fc71166027ee1e8f911595d4d56d0773514d5b4967b0247ac679db532c8969
pm:vm:photonmelodies11.rio.004:695803188:00135668:00310,cvm,【慧】「七十层高的酒店……顶层」<01>,[],layout_only,893d2dc369490e5661502345ec7fe0d268f865b44addd6c10ee328bb1f3d9514,bf6cfde09e04735a1ef4d58e17d27e628569fcc5b9fa11c58d0c589f0a8b1a25
pm:vm:photonmelodies11.rio.004:695803188:00135968:00311,cvm,【夕呼】「哎呀，没想到你居然知道……。<0A>然后呢，有个富家少爷提出<0A>要包下那里办派对」<01>,[],layout_only,6e7ab68a66ba64761d201d73b5f68b78b75aa7533354164d3eb50c7a56857d99,fc1597dea479038a0eec5c7fa2fd17444b8aff2241175afdae0def4a53896494
pm:vm:photonmelodies11.rio.004:695803188:00136260:00312,cvm,【纯夏】「哦……」<01>,[],layout_only,99c117daf3d4f220e20f6abcd736de6ae7a216794c091b8c05e2fa205e2056a1,2e8add6514033e172c362c3848f26024a03c10254e34bfcb37d7271458588af0
pm:vm:photonmelodies11.rio.004:695803188:00136560:00313,cvm,【夕呼】「我姐姐拿来了入场券，<0A>说她自己嫌麻烦，非让我替她去！」<01>,[],layout_only,71ed664ae707c0835b9dc2e971f2c85197159a7b16284570baf5645de2efea71,032ac7019b658bfeadd1d0c20eb76506b94bc0cb2f3b8579f7c2b1c89812899b
pm:vm:photonmelodies11.rio.004:695803188:00136616:00314,cvm,【柏木】「哦……」<01>,[],layout_only,dd0336f85ccb5625d876095594d6a9ede6f8dbbcbe54f60e5e066fb99e0b021c,45dbf60a6ae9a3f7261bf209731a6c0eb2e88fca90811eb68a41ab99ef872464
pm:vm:photonmelodies11.rio.004:695803188:00136672:00315,cvm,【夕呼】「我也嫌麻烦，可实在没办法，<0A>就约上麻理茉一起去了」<01>,[],layout_only,647e25db36e73bad903edae81eddea5a3b2c23416397a4b79ec71c9c8c776a61,ab50b538ca99e6c82cfec4e28e95592738e4d98a7ecbf401ab7118476bf6356b
pm:vm:photonmelodies11.rio.004:695803188:00136728:00316,cvm,【冥夜】「那个……两位就穿成这样出席了派对吗？」<01>,[],layout_only,5dabf248070694b1b7bd57105b8f94cd4f38d46b39ce0d966d9b0bf5e0b12644,fd4dbff01207d0089217cb603842268366b93fe9936a93163c86e053842b74ce
pm:vm:photonmelodies11.rio.004:695803188:00137028:00317,cvm,【夕呼】「算是吧～。很有圣诞气氛的打扮对吧？」<01>,[],layout_only,b7eac3f72a47fac8973866c2cd88c198b27ff7ae80094981d42efef2065a0740,7050486cbecea979b328d4ff84586e99f801efc63cbad7e7964216394584bb2b
pm:vm:photonmelodies11.rio.004:695803188:00137084:00318,cvm,【柏木】「与其说是打扮…………不如说是化装？」<01>,[],layout_only,d9804ef0464daa080558ac68be6239299fa7905cb8c7a1420db30afdb077b151,906dfd322f519ddcfb8663014b4078f24983a2ddd7a0097abb466c24daf0a405
pm:vm:photonmelodies11.rio.004:695803188:00137140:00319,cvm,【美琴】「不过神宫司老师那套玩偶服……<0A>看起来其实花了不少钱……。<0A>那身毛皮，说不定是真的吧……」<01>,[],layout_only,5d18381dee435b95a103beb466444de1228b6bdec6b38cfd6acbe082fde556eb,7ac7c503143285b90874bac489d6b281ada8c352a57426e73eb216c4ca08fb3c
pm:vm:photonmelodies11.rio.004:695803188:00137196:00320,cvm,【千鹤】「花钱的方向还是一如既往地奇怪……」<01>,[],layout_only,ad29d0674794e792d173ec2826e3ea7d17b3f676bc6165ae180eadbedd411ce3,4296e1f69db1a76def3af0c55699c47197a108a8efa3eac8ea1bf265eca1444a
pm:vm:photonmelodies11.rio.004:695803188:00137696:00321,cvm,【麻理茉】「这、这是夕呼……是香月老师！<0A>她骗我说那是化装派对，<0A>硬让我穿上的！！」<01>,[],layout_only,a62a92179bb44eb65fafa38d1ea7f2f6fb4a36d5700fe51e9d9ea8e457259cf5,cc5155059a076e1a26c50c1cc0cb01bc56ad581b4064a293f65ed0c9c98117fa
pm:vm:photonmelodies11.rio.004:695803188:00137996:00322,cvm,【夕呼】「托这身衣服的福，<0A>你可是全场最显眼的哦？<0A>刚走进酒店大堂就成了众人瞩目的焦点！<0A>大家全都看傻眼了不是吗」<01>,[],layout_only,b2cb9cd863a35241da6a6aa94f45c2f846724c80617bf09ba7c287c4e2aa7104,409bdf33b6fdadeb4ac202434bbae9bfcd9846ee368a016e7ff6c14ddb5df469
pm:vm:photonmelodies11.rio.004:695803188:00138040:00323,cvm,【众人】「…………」<01>,[],layout_only,8484116796f3c15fea2841e5c55e4af4e33988986cca387ac1307b29abc8d528,31033caad7deb6aad36342d8483b32c46ce947fd5b6ab106a7ff3c7e1d1da62a
pm:vm:photonmelodies11.rio.004:695803188:00138096:00324,cvm,【夕呼】「联谊这种场合，就是越显眼越赚，<0A>这不是很好吗」<01>,[],layout_only,6a2732e72e9b35ae12c229e8997536aa0443f85f4768a59f1cbd046dbfaaf6ce,8127f42ae82ed301dfbb8af946b453550cb8483e0d15453a66cdc7384c537983
pm:vm:photonmelodies11.rio.004:695803188:00138396:00325,cvm,【麻理茉】「那种显眼根本不是一回事吧！！<0A>再说了，你那副胡子眼镜，<0A>不也把大家吓得退避三舍吗！！」<01>,[],layout_only,3ece3811ae493050e55302f6184edc3dcee6f8098d6fa2e5525ac5b772ae886d,0f4c8655672adaf7762a5dd8e51dc6a1c067c765baf098327ea6fbc0b40787ec
pm:vm:photonmelodies11.rio.004:695803188:00138440:00326,cvm,【众人】「…………」<01>,[],layout_only,8484116796f3c15fea2841e5c55e4af4e33988986cca387ac1307b29abc8d528,31033caad7deb6aad36342d8483b32c46ce947fd5b6ab106a7ff3c7e1d1da62a
pm:vm:photonmelodies11.rio.004:695803188:00138740:00327,cvm,【夕呼】「结果呢，我们是去了，<0A>却被人家客客气气地赶了出来……<0A>真是的，一群不懂幽默的家伙～～」<01>,[],layout_only,68fefc1e9ee36b5228c10c381cc215003ebfc73b8d91fe286c7e16aecf07d577,5d2040a40e43f8a8b5385c3044434862cffeae3cb3eba317566ecf76edd62037
pm:vm:photonmelodies11.rio.004:695803188:00139040:00328,cvm,【纯夏】「觉得这也不能怪人家的……只有我吗？」<01>,[],layout_only,61ccc4fff5d7cc3b3e436e212adcd4cc4d32f9d0f1784228612aeac18813e841,a7c6c38827ff0c935aac4b167e79ff7930ff3d3e63b21cbba4b077945b8bc561
pm:vm:photonmelodies11.rio.004:695803188:00139340:00329,cvm,【夕呼】「一个个还摆出高高在上的样子……<0A>不过，连个能提前约好<0A>今晚一起过节的女人都没有的男人，<0A>也就这点出息了」<01>,[],layout_only,5fc567355678217172b63cbb64760386dd18d2e99b2aa469c9e5e9ab955fd5ae,dd8b5a387c399884edeb200ebe6be5c81f4a7d8f3295b39a6c7afad4231e9015
pm:vm:photonmelodies11.rio.004:695803188:00139396:00330,cvm,【美琴】「所以，两位就这样直接来这里了？」<01>,[],layout_only,5e1554671db76961ce90695f817657008058f6f73e1868b556f967b080e2cd1f,89e6f2305483ddc38fb67b86955876fdea872fb41ff9a5469156b4f188b26ff4
pm:vm:photonmelodies11.rio.004:695803188:00139696:00331,cvm,【夕呼】「就是这样。麻理茉太可怜了，<0A>不好意思，能让她加入你们吗？」<01>,[],layout_only,7735319eb532b795351069d631082165cc4c5616043c1777a94b1fc49ffc6c04,3f28ae7ea2056250b0c62fa6e60fb536336b2f8fe7b4a6ab30e2a1781d2c211e
pm:vm:photonmelodies11.rio.004:695803188:00139996:00332,cvm,【麻理茉】「别拿我当借口！<0A>明明是香月老师自己说想来这里的」<01>,[],layout_only,d5d4141071e594b38a2d746901d6c20b1784e10286e5bdd618d5914b772a9594,44d681ff65b37b87640cce40536ebed4cb713b0d7060088ae747d7bd72af25e6
pm:vm:photonmelodies11.rio.004:695803188:00140540:00333,cvm,【夕呼】「话说，门口那个是什么？」<01>,[],layout_only,b76f9a2cbd1c2993939d9d7c6ad5ab8df9ae1681cce4f8d0af3db67bc0b5c457,f1e56387f01d34320061dd267f5f2dbcb211a62ae1ce7862701816de3641c9c7
pm:vm:photonmelodies11.rio.004:695803188:00140596:00334,cvm,【悠阳】「那个……吗？」<01>,[],layout_only,7e98146d1b84addda21c5579560063e3bbf9f4ba9dc43ea6a271bb4253b93845,68e6a5306829db794706a9333c1309c291d479ea8571c525d41e70f2cef58d25
pm:vm:photonmelodies11.rio.004:695803188:00140896:00335,cvm,【夕呼】「竹枝上挂着许愿笺，<0A>旁边还摆着门松，<0A>你们不是在办圣诞派对吗？」<01>,[],layout_only,1f9b68cfe78f8a7be11da7b04bfa5462dc6bfc67e5c94e204e1b95c682969a27,ad4d30d2781deda8fe9b47109af97ded699d00883740465e7743a42cf7c870e1
pm:vm:photonmelodies11.rio.004:695803188:00140952:00336,cvm,【霞】「咦……」<01>,[],layout_only,9ef04067dea7198922e64dad1ae339964cc2326fd0c495578a355d6a0be5decf,861997f59b79178c85f8c3194e71b1498c8448c0ea26cdd116071b36f16dce5d
pm:vm:photonmelodies11.rio.004:695803188:00141008:00337,cvm,【冥夜】「奇怪……我并不知道有那些东西……」<01>,[],layout_only,1a1aa096e5575116c9d05a7dd8b71294bddfede9087df44914abcc783e97635f,676fae7e718f649af1dbd8973206606c118d270dd66d2ca29f046860aefb4e86
pm:vm:photonmelodies11.rio.004:695803188:00141308:00338,cvm,【慧】「本土化很重要。对吧？」<01>,[],layout_only,d71fcf0027a8f3f01d1b8f544a6a50e9ede3c27fd52a00ca85467f4b4573e07a,2b92a3de59021be782c1f56c8a8edec11f354b9b5c4a27ead7119f78f6b269b2
pm:vm:photonmelodies11.rio.004:695803188:00141852:00339,cvm,【悠阳】「原来如此……<0A>刚才那句话中还蕴含着这样的深意吗……」<01>,[],layout_only,b424ffa030597d631dd6502bd83992d563ecb54999bf006dbef9914ec10d715b,3644f93c6db07863b1297a3fe8a1d23a355b85ec41585eb84a0af683fece601d
pm:vm:photonmelodies11.rio.004:695803188:00141908:00340,cvm,【霞】「那、那个……细竹……<0A>许愿笺……门松……真的有吗？！」<01>,[],layout_only,2be199231b0a03b08d63ab32994e2053cd3d3ea04df7769386c617a9ea98c4f8,efa07793b0c2d84fdaa1a7cc66ddd362f8bfd6df4f054b5e67beb3edc0e549db
pm:vm:photonmelodies11.rio.004:695803188:00142608:00341,cvm,【夕呼】「是啊，有哦……<0A>虽然季节感乱七八糟，不过还挺有意思的」<01>,[],layout_only,bc9ab1c3bd47351bebc93bce276316c5ec8bc027f6251fb417f55518d5cb74ad,f150fcdb0a646f667fa5f527f6c6e32428db73d8e88efc37864670cee78bf559
pm:vm:photonmelodies11.rio.004:695803188:00144124:00342,cvm,【霞】「啊……」<01>,[],layout_only,bde0cc4d6a6856276fca246a7b10fa5232203aa9a207ae2d028c211155f2944e,f4626b7ebdf7620c21e004e3b2282b2b55e2a49f175bdf1abdbe9bebace9a403
pm:vm:photonmelodies11.rio.004:695803188:00144204:00343,cvm,【夕呼】「话说回来～，<0A>我就觉得今天吐槽起来不太顺手……<0A>那个能装傻也能吐槽的白银在哪？」<01>,[],layout_only,69a85e5c9698f26f2475f887356836fdb86b1b35a0710417dd5db00d9e49d2b4,52dc4583d00f7a17403728d7c284bdf16c373d7a633147b703e92d32322dbcc7
pm:vm:photonmelodies11.rio.004:695803188:00144504:00344,cvm,【麻理茉】「你啊，别若无其事地把垃圾送给自己的学生！」<01>,[],layout_only,2dbd5c38acb538cae4aa818d5314c242bebabf6431f408876d9ccb55be2ceaa2,25ee72257cb72c93d437517030026a897ecdc92a70a641d8d0b7ad2de7dc5811
pm:vm:photonmelodies11.rio.004:695803188:00144636:00345,cvm,【夕呼】「真没礼貌～，这是尖顶帽」<01>,[],layout_only,a299f17902d9c922b9b790253d8f04bd3c609f44b8a5fdb4a65850a3ed5519e8,c03d69bb9998045ec09b8aae98f5061a21ca42331f0ae7afad5d90fb2e3ddc45
pm:vm:photonmelodies11.rio.004:695803188:00144692:00346,cvm,【麻理茉】「少骗人了！那明明是巨型礼花筒的空壳！！」<01>,[],layout_only,63fcae894e3e6e78d23835b4975d0771489142fe9515a6ac85385e55915f7a5d,ed9655f4b960cff2e095560c7a907db1684268f23e31c0c011c9b3e469bf539e
pm:vm:photonmelodies11.rio.004:695803188:00144992:00347,cvm,【霞】「……有火药味」<01>,[],layout_only,8b52b420d193bac009a0846aae4df35289214be1a9b0332de90ff09dd2400c30,30bc174abc46086030e69ca06fd1b59ebb37b7da611382fe4a336fe3948e7972
pm:vm:photonmelodies11.rio.004:695803188:00145292:00348,cvm,【柏木】「啊哈哈……。我帮你扔掉吧」<01>,[],layout_only,0718aba818e99beeada644c25953a75342bd9a11127cce09170fe9a01d0b2203,c49a93c17da4965f7b55c9926194698dfe61123316723801068ddd3fbc78a927
pm:vm:photonmelodies11.rio.004:695803188:00145784:00349,cvm,【霞】「不用……这样就好」<01>,[],layout_only,8463c47afe3b5dcc3a1071789192ca5fa0bfef4be8a0fb09b04ef4481bc7db2f,b3c39d1f0f7f343a521ba3ceaefd56f4edb4a5f536cbed3ac98c0787bec6816d
pm:vm:photonmelodies11.rio.004:695803188:00146084:00350,cvm,【柏木】「咦？」<01>,[],layout_only,c1bfcad7b10492022e5209dc7a139b1a4762bab2dfbb613f8839a6ea9e9ca93b,19a6ef7a7fb068fec2254c79faa05f33be98ec28e8bd2dd7b8600b9478f0b6d5
pm:vm:photonmelodies11.rio.004:695803188:00146140:00351,cvm,【霞】「因为我很开心……这样就好」<01>,[],layout_only,d3e63c0e7eabdb63225a0233f0a245b3e396ead7b7dc73375042d966dc7e52d8,048e70850dc462bbc29e910dfc21507625868b42b5490bf727447612455d3389
pm:vm:photonmelodies11.rio.004:695803188:00146196:00352,cvm,【柏木】「啊……是吗？」<01>,[],layout_only,ef413abd8d7b9be7416108f1aa2c163cc074a04b5967b8ac1812a54988f421b6,fb78e34db7953f7143b2634a72f2f806ebfd211debdd23f962f1b0e2ce2a8423
pm:vm:photonmelodies11.rio.004:695803188:00146252:00353,cvm,【夕呼】「我说，这个可以吃吗～～？」<01>,[],layout_only,e556350077b3467adb752f45f21c405b5a83919412b03e4202ee1ad58ef01202,d35e48f704d63b4c7fea13e89b8752a21a417525c6937529c1256f59ef4b3253
pm:vm:photonmelodies11.rio.004:695803188:00146308:00354,cvm,【麻理茉】「夕呼！！」<01>,[],layout_only,d022064d0bee01a41355fff92056591533123a4baffb66f460544a5ff7e17f75,7a770f34885210c7d8cdc32e152df910460fd6ae03deb78e49fbd20df651a658
pm:vm:photonmelodies11.rio.004:695803188:00146364:00355,cvm,【冥夜】「呵呵……香月老师真是的……」<01>,[],layout_only,77d1240c71e23a934f84b7e5d177113e65b6b47e6a72ad4b36a9d0df253bf937,88ee10075b65a53eb75971ab678ecc1d1e5e6612f19804f3b2e0c1d7ed58fa7b
pm:vm:photonmelodies11.rio.004:695803188:00146420:00356,cvm,【纯夏】「真是的，拿你没办法～～，可以吃哦～～！！」<01>,[],layout_only,4c7a4b2afd8f2847181799c49a65651d60ef230c30aa99e85186ae5c13666903,645ff005fbd38303d654589809db9e0b48af49199ae486da66e670caa1c843da
pm:vm:photonmelodies11.rio.004:695803188:00146920:00357,cvm,【悠阳】「我们也开始用餐吧」<01>,[],layout_only,b43bfd0cdc1528d6d5c65767d9066f9a0c96bda7e70a00316d049f71f6b6955b,cabba24a73cdc6b86564ed6df1080bfcdacb3c0a522b30dabbce48330b6bea9f
pm:vm:photonmelodies11.rio.004:695803188:00146976:00358,cvm,【霞】「好的……」<01>,[],layout_only,63b32cd4dc61bd8768c0323f57c99dd6a53cecbc904225472af4f5e60ad49868,d1b0e35855201a2144478c72eb30fd6a37d37ad0bcf63fc44fb84954db93d098
pm:vm:photonmelodies11.rio.004:695803188:00148136:00359,cvm,【霞】「铠衣，你在做什么？」<01>,[],layout_only,7160a8ae99c2e132311107485d71486cd7279389e1c32d9bbb3ab00d34e0df82,d3d3a9badc56607ce25cc2dbfc8dc4055e1a99e64d7120b170281aff0320d7ba
pm:vm:photonmelodies11.rio.004:695803188:00148368:00360,cvm,【美琴】「啊，霞！你来得正好……快看！」<01>,[],layout_only,5ce1a97da3827c046ca8f1c5f0593241e229840f838985e26810f60f15f3a967,9f5e093fa1249839b45388cf53748eab9834036542a108179de1cea22c2c7847
pm:vm:photonmelodies11.rio.004:695803188:00148892:00361,cvm,【霞】「下雪了……」<01>,[],layout_only,69ee966916cee975b577c2d458d104b5b65d2ad0017d61cbd0c5fead0c82a914,383a230376b94706b26f24314b9b54463d5ec368f2d4b055baf6aa23beee4e23
pm:vm:photonmelodies11.rio.004:695803188:00148948:00362,cvm,【美琴】「雪本来算不上什么稀奇事……<0A>可一到圣诞节下起来，<0A>就莫名让人觉得很浪漫呢……」<01>,[],layout_only,dc2db32aa4efa0ceaffe66e508856bb953a4118bc1f5e3a97657250181d0b09d,ff3b018157df5a65f47e33c9168397ca75863da90ebe910d0510287652e123e7
pm:vm:photonmelodies11.rio.004:695803188:00149004:00363,cvm,【霞】「…………」<01>,[],layout_only,ae1d9107f8f518af6cc974f9f2dd86cd5f6b05e10cdcd693676de81bca4abda6,09a1c5c4f3135e6f4548ece4982e45e31d0297b9ec63875c4a72c35e2f926c70
pm:vm:photonmelodies11.rio.004:695803188:00149060:00364,cvm,【美琴】「怎么了？」<01>,[],layout_only,29be0f789952e37ea04cd6ddb39fb09bef8f75900af3b70c79c49f05c8f73f1c,7d6f8e3bd408efc2df1bf47cfc53f457064d27d8d53d0c0f77c48aa697ce1819
pm:vm:photonmelodies11.rio.004:695803188:00149116:00365,cvm,【霞】「没什么……」<01>,[],layout_only,a442cba668f98d0eba9c3696ac447e6f02a449d0406f29017ee5733569214a64,fbfc45d8df0d536e6264c366eb320d37a94f666f328e4ec5d89335a1af2851d0
pm:vm:photonmelodies11.rio.004:695803188:00149172:00366,cvm,【美琴】「啊……你该不会觉得，<0A>这种话不像是我会说的吧～？」<01>,[],layout_only,324ab30d4540b344147277885ae8184ef09cb8b095513437d67b7f033d25ac22,4c4c7f737b20d75e8df0f5a53eef625069ef1e85103a6d27201a9aa6d5f6c511
pm:vm:photonmelodies11.rio.004:695803188:00149228:00367,cvm,【霞】「没、没有那回事！」<01>,[],layout_only,e5860e044f224ebadea026fc5dfbada080e1d53342d8634312e2a218cfbe54de,e594df695f688649a6e60e9791b5b448c3f98e46338557afb4d082d06042cd91
pm:vm:photonmelodies11.rio.004:695803188:00149284:00368,cvm,【美琴】「不过，你会那么想也难怪啦……。<0A>但不管怎么说，我也是女孩子，<0A>也会憧憬白色圣诞啊……<0A>啊哈哈哈！」<01>,[],layout_only,f1859c1f10e556d3f6ed5271d7f78b1d1a5e3491a736b36101ae700a78a86c90,1360dc05567df698632a0601d9d789a01fc858994dde6bde5f5dcb2f43b91e6a
pm:vm:photonmelodies11.rio.004:695803188:00149340:00369,cvm,【霞】「对不起」<01>,[],layout_only,5d5bcdd97ea7883fc35e602cb0cbfaff17bfcdc82b091e9fba4c643dfeef4aad,9a1390987998674a98d1907efbfe7651394697dd1d42d88f57b797335094ba3c
pm:vm:photonmelodies11.rio.004:695803188:00149396:00370,cvm,【美琴】「话说，霞的国家——」<01>,[],layout_only,690e426173d382aaf5cc17de848a0e56d46d75e7da53ceaf16553d65fc49fb85,b1417b20327eb176a5dce008680741126da4daaf5b75c2e478718d000ff36752
pm:vm:photonmelodies11.rio.004:695803188:00150292:00371,cvm,【纯夏】「啊！原来你们在这里！<0A>我说，圣诞老人是不是快来了？」<01>,[],layout_only,a0bb5409b87faa96c934b70d3b595ed24ff93990d05596885fc0c67719c4e49c,fa8fdb93dc66d410c173d1c8abc852d61bc2a7b651efa4423e5be794a65fcccc
pm:vm:photonmelodies11.rio.004:695803188:00150524:00372,cvm,【美琴】「啊，纯夏……已经到时间了？」<01>,[],layout_only,574dea488cfac585b5b581e0ff92f7915c1a4538893763eb7c983d8590917c21,7bd4027451138ee3cf03c435a2d66f0891ed1c0920e3c228531950a883d0d6e2
pm:vm:photonmelodies11.rio.004:695803188:00150580:00373,cvm,【霞】「咦……？」<01>,[],layout_only,bfe665a55acd4b8d2fe850f05d8a25fcec6cba43d9fee82f4d738646407f0fa0,d7dbc39642b95d6c86dbffb5fb8a337ac31c65dc7af6ca6c751a0632fb0541e3
pm:vm:photonmelodies11.rio.004:695803188:00150944:00374,cvm,【纯夏】「听说啊，晚上九点圣诞老人会从天上飞过！」<01>,[],layout_only,e659567fe0d9fbf8d4be2cb99274f5383d3bd462afeffb4720d54dc15aa71123,4c0288d7ac94ba2bde301156eb164d449762f9fec42d0f8f96877fee4af9b6a8
pm:vm:photonmelodies11.rio.004:695803188:00151000:00375,cvm,【霞】「九点……马上就到了」<01>,[],layout_only,37ce414a8596bc6ceab370a67dd4d3e7288b32992652c3905a90c2dc2d5cbf2d,41757df7a90c32077ff7fea719aba98526faef1e3c02ab0cc82badfd5b734c72
pm:vm:photonmelodies11.rio.004:695803188:00151232:00376,cvm,【纯夏】「没错！而且，<0A>传说只要看到飞在天上的圣诞老人，<0A>幸福就会降临到那个人身上」<01>,[],layout_only,e0643fb034fb8664e73b2a80f3db421a6cc517026bea17510083c1314e535dc3,ccf37717fb52067cf3eb85a7d1075f1c76d4b8e820c6670929f4361fe563008d
pm:vm:photonmelodies11.rio.004:695803188:00151288:00377,cvm,【霞】「是这样吗……」<01>,[],layout_only,769ddc13dea524c6c402a97ecae941b9834ad253fa4563ec3cdc9a7302024aea,083370a7aec5504f30d94c400e1108a3db6356a7a88b73fd3e1291cadb2e8071
pm:vm:photonmelodies11.rio.004:695803188:00151520:00378,cvm,【冥夜】「不过，并不是任何人都能看到。<0A>为何有人能看见也无从得知……<0A>圣诞老人似乎就是这样的存在」<01>,[],layout_only,9e9d0b47bfb31b3ea2edece0e76ef2604e32a01689dd2b243cb69ec4c5119615,14e6e6debdb1c723760cb35314d6f07f3392748761c3649546b5debc9abe4537
pm:vm:photonmelodies11.rio.004:695803188:00151752:00379,cvm,【壬姬】「所以，不管过了多久，<0A>大家还是会争论<0A>圣诞老人到底存不存在呢～～」<01>,[],layout_only,dddb7eab5687699f4cdd6a6538fcc655ae8ea6c5a14961ee25255ddf315b9abb,9ad9f8809ce17a39c6af2474194b46852c60085695a97b4ade17ffd5537a5b0c
pm:vm:photonmelodies11.rio.004:695803188:00151808:00380,cvm,【霞】「是……这样吗。<0A>那么大家也是来看圣诞老人的……？」<01>,[],layout_only,9bc6ae634fcbfdfb085124bbf81a9952bd0806341d8bcdef9d5e195ee74c1bcc,325e2de33c637cf9727117bcefad90dbe137596317aaa401ff025c32cab3949e
pm:vm:photonmelodies11.rio.004:695803188:00152040:00381,cvm,【柏木】「对对！你看，谁都想变得幸福嘛？<0A>社也是吧？」<01>,[],layout_only,dcf81236290ac6f10db67fe0dab64b437706fa1284e3513fade4e5683f97b9f3,4a329a3df999c9a061a6a731f02d3035157883201697eadef81a31da6b29b515
pm:vm:photonmelodies11.rio.004:695803188:00152096:00382,cvm,【霞】「我……已经很幸福了」<01>,[],layout_only,07cccb625d1f9df15414a247cfaab7d39acfc25518d22e2d9592fec37f37dd7c,6cb1c1700dccfaba89dc9532020aa691dd67046929e5fc50ee7ca6eb045455cd
pm:vm:photonmelodies11.rio.004:695803188:00152328:00383,cvm,【纯夏】「那就让圣诞老人给你更多更多的幸福吧——！」<01>,[],layout_only,447ae3eea59d570f6e02fb5e3726b2fd4f31c3c233773065a174df8c37c804a9,27176eaf5aad711f74b0c3e36ab0bd47cabe2c40ea500160b0d9b92bb2cde3fd
pm:vm:photonmelodies11.rio.004:695803188:00152384:00384,cvm,【霞】「…………」<01>,[],layout_only,ae1d9107f8f518af6cc974f9f2dd86cd5f6b05e10cdcd693676de81bca4abda6,09a1c5c4f3135e6f4548ece4982e45e31d0297b9ec63875c4a72c35e2f926c70
pm:vm:photonmelodies11.rio.004:695803188:00152616:00385,cvm,【纯夏】「怎么了？」<01>,[],layout_only,7cd715c48267ec94d9923da8cd06535bb1ceba1c6f8d452250c2834a91ccc9c9,b5f03835401d9f73058db478a757d7fb0b270ed151cd2fc4ac6d799d815dea45
pm:vm:photonmelodies11.rio.004:695803188:00152672:00386,cvm,【霞】「没、没什么……。<0A>话说，为什么是晚上九点呢？」<01>,[],layout_only,8ef89e6c27b638236fc87514d4171adab4039384661af4a14ec64a1b7d838ca7,65dc724048d259d50b003f863440d26401a261b9ebd6df23871472956506034f
pm:vm:photonmelodies11.rio.004:695803188:00153300:00387,cvm,【纯夏】「咦……。这、这个嘛……<0A>那是因为…………」<01>,[],layout_only,15126e3cceca5184e6cd5bccae40774fbe04a2c65dbe6e0ea212e8e95685ffe6,80e7411b406b11edd263d50c2d152e9d45209b74e7f85c9e299104fb2189e754
pm:vm:photonmelodies11.rio.004:695803188:00153532:00388,cvm,【千鹤】「圣诞老人要飞遍全世界，<0A>所以大约这个时间才会经过日本上空，对吧」<01>,[],layout_only,66d9afe594319756126a163469cbe10eb96a5d55706a2273eda24375d3ba05cc,7c3deee0d0731eb33fedce21379dd916a44a02f01d66c9f687cb54c23c741243
pm:vm:photonmelodies11.rio.004:695803188:00154160:00389,cvm,【纯夏】「——没没没没没错！！」<01>,[],layout_only,4f533dcbe2685e947fbf9f6537b62f40f5c437b074fbdf9d8c70d3626d81d49d,df9152f1cc690ac14356a1aa894c619dc4782eaca726a62392355ef5788dbc69
pm:vm:photonmelodies11.rio.004:695803188:00154384:00390,cvm,【慧】「……距离九点还有十秒」<01>,[],layout_only,a10d4baa6f9db98034e61d40dec85c38138b05cc4ec523350461d124ad56c219,ab28308db99ded2cdeb8e6cf8ddea09b736dbef94fdc72df6ae18c9a022ca99a
pm:vm:photonmelodies11.rio.004:695803188:00154440:00391,cvm,【纯夏】「那就睁大眼睛仔细看吧！小霞站最前面！！」<01>,[],layout_only,911b1fc0f7b380feaaf088abac78d6ec706f9dfb25a4de459a6b839cd7c653c3,f0c389c5f4f225700b071688e2edacbf9d9ab5ace8453aefc136e063f099b848
pm:vm:photonmelodies11.rio.004:695803188:00155252:00392,cvm,【慧】「……九点」<01>,[],layout_only,3da71522478fa3936067b9a91c83399a80fd751d82e25bb67f8f36cda1349f13,e3ee6f9e4556385fa697a08995193163f6d521dad27d1eb9d2ebea71b708d94d
pm:vm:photonmelodies11.rio.004:695803188:00155308:00393,cvm,【霞】「啊！」<01>,[],layout_only,2a6035ae52524e96053319f1a777d67ac2393b1da9e8c6041f81913e5726ee8f,2f8b8da73e915ce37075c0f4434df25a30db40cdc1c6e13dd06fa59e3ed41c66
pm:vm:photonmelodies11.rio.004:695803188:00155364:00394,cvm,【霞】「那是……」<01>,[],layout_only,42d3f7e462880c472b9c464deec59340a9a97cef569309b8791cbd3e061ed5c2,84e4f58ba3a527ceb49258304f66f9ab99cb349810248c004053db0851bd0e8c
pm:vm:photonmelodies11.rio.004:695803188:00155420:00395,cvm,【纯夏】「咦！？什么什么～～？」<01>,[],layout_only,e97a14353b93ef6de5fa3db90dfe443d0677ddbc44e1f057708d847ce9429e88,81f68f2b437709c0e0e6395e9ae5e068dabf068011758476e341c9578c0e9540
pm:vm:photonmelodies11.rio.004:695803188:00155476:00396,cvm,【霞】「咦……大家看不到那个吗？」<01>,[],layout_only,0728aae4a61d1b883fd76493dda3558824847e0217d02206190be6fef67afd6a,431bd6fb51c07ce9035bd69cd938b0958fbc7f009d01951a5256c3f4626c3ec3
pm:vm:photonmelodies11.rio.004:695803188:00155532:00397,cvm,【纯夏】「……你说的是哪个呢～～」<01>,[],layout_only,8ad23198e25e043bd4d18dd550b5feeb710fb3f50609c32d5091c0c560b25659,f69c46c7026e846b8cc5fde351158a789b4a19267284831622a203ce3cc1614a
pm:vm:photonmelodies11.rio.004:695803188:00155588:00398,cvm,【霞】「那个白色的……」<01>,[],layout_only,0cb148a9df4be1f566e3bcf4e440623a9435d9999fea21faf25d3712bf462199,45f5ff30f66b206c55f75dc8ab08eb315b026eaa8560f0144ffd6af0f771d15e
pm:vm:photonmelodies11.rio.004:695803188:00157604:00399,cvm,【纯夏】「——哈——————————！？」<01>,[],layout_only,5ef49a5fe0fbbde6862b6765b6557312ae4cc91f8080651e3dab7e32080f45b5,2a32c90628b4e91262c44e58676de094c5ed78675a3ef0d4285fd93531c0f74d
pm:vm:photonmelodies11.rio.004:695803188:00158292:00400,cvm,【冥夜】「——发、发生什么事了！？」<01>,[],layout_only,0d078b2d25d6f92e9d4df7c2bbb6b9602d2bf086f1695c9000ce70304691eac6,a4e6585b9fc385834903757317471d3f677e5bb2656407ca4d05ebfbb772052e
pm:vm:photonmelodies11.rio.004:695803188:00158348:00401,cvm,【纯夏】「——哈哇哇哇哇……」<01>,[],layout_only,e2126701d679c1362178aec9ce2d074891ed9f79bd31f0322677f9c20e4a37fa,2dece35be610eb6bc417a0ebbf1d97158668949c30479778c05e0f533cf82a67
pm:vm:photonmelodies11.rio.004:695803188:00158404:00402,cvm,【霞】「——那、那个……刚才的是……？」<01>,[],layout_only,74cdce5d2f4ad97745f756af797ca8349420b8f670a47947f2dd88414f6cbcca,19d9d2b6e410d45033f4ea304c179aae355d92f0bc9fb702b432cd6f52e8912b
pm:vm:photonmelodies11.rio.004:695803188:00158460:00403,cvm,【壬姬】「——这这这这这这个嘛…………」<01>,[],layout_only,f221e75d0866f48f4c754bdbfa9d55d0aad6f016c6bcb23fe071a45638e01b91,bb1eb4b22328d903decff8c5769857c5d64d2b9e1ec43543e3f603813a9cf0ad
pm:vm:photonmelodies11.rio.004:695803188:00158616:00404,cvm,【霞】「……啊！」<01>,[],layout_only,d67dce25fff041e448473c141dc4af5e611f171a1d8e655eab57bc48dd239953,c8b910f1aabb53e13b5f1385ed50e858f9518010f2dc6470883c8bc9114f6e5b
pm:vm:photonmelodies11.rio.004:695803188:00158672:00405,cvm,【众人】「——咦！？」<01>,[],layout_only,33522a4f1c1a1f8817a082605d88ce843d9624de825c225c79b469a94812e737,5d4273f67832431bd3e4d6bba359d022e791b975cb4ecdcfe16bdbba568bffb0
pm:vm:photonmelodies11.rio.004:695803188:00158728:00406,cvm,【霞】「那是……」<01>,[],layout_only,42d3f7e462880c472b9c464deec59340a9a97cef569309b8791cbd3e061ed5c2,d1c541e7b860c396a93e76c8f9ec3e0987e634d68929dae889c4a0a8b4fd09ab
pm:vm:photonmelodies11.rio.004:695803188:00158796:00407,cvm,【众人】「…………」<01>,[],layout_only,8484116796f3c15fea2841e5c55e4af4e33988986cca387ac1307b29abc8d528,31033caad7deb6aad36342d8483b32c46ce947fd5b6ab106a7ff3c7e1d1da62a
pm:vm:photonmelodies11.rio.004:695803188:00159508:00408,cvm,【千鹤】「刚、刚才那个是？」<01>,[],layout_only,24723cb758d827774bc560b75d7a929f6ffb1a377b666fb91d54ea1f742045bc,93be7075140f23df685052773724a314521aaf05c69d6301710d5c5d124fb9cd
pm:vm:photonmelodies11.rio.004:695803188:00159564:00409,cvm,【纯夏】「这、这个～～～」<01>,[],layout_only,7a4f3332cb3a8a5cc80dfc7e72510d0016d8422a74422d50584cb1a29da7f8a8,e9e815f4bb4065ceb19e02252c3c90d3c16d3f6ae537521cbf88e30fd1dfc373
pm:vm:photonmelodies11.rio.004:695803188:00159620:00410,cvm,【霞】「……圣诞老人」<01>,[],layout_only,eb72c59bf80d631d88da28f9a392e00015f98826d8dcdc8e26dc987ccd604ba7,9b4adeafe1887294c785423da6cc5049f898a001b8726cac56ffb5eb87bc3a85
pm:vm:photonmelodies11.rio.004:695803188:00159676:00411,cvm,【壬姬】「咦？」<01>,[],layout_only,7fabd7686f4360b370028b766b509d07a30f78070bb48f49b2cc293073fe2195,3dc769f373dd61c7a172f29e9c56920663dd71ab01a58fa64feefb42c753b5cc
pm:vm:photonmelodies11.rio.004:695803188:00159732:00412,cvm,【霞】「大家也……看到了吧？」<01>,[],layout_only,1dfba8f85b0e7812f6fd1e69a22adb5a17ed01a06457d5c2ab3a7be6f9faa166,fef4f3df6336991395f7663f4de373272df900c963bb0dceb4fa92b718c29ea4
pm:vm:photonmelodies11.rio.004:695803188:00159788:00413,cvm,【柏木】「这、这个……」<01>,[],layout_only,604581967851a7ac6b74bec363c2f7b9a15a71624bfc47df30312b58e1167efe,a366f64eaf3ba67952a9447d8d6c077ca01461ea181856c2863613b7cb21a0e0
pm:vm:photonmelodies11.rio.004:695803188:00159844:00414,cvm,【霞】「太好了…………」<01>,[],layout_only,b1681107ff442c9fb5481a9e2888e20fe778a7d518a8da439ff5bf4b1f19382f,78ce2f7e172054ffe5c500dcc263aa2898b3ba5d841cd09ff3e82a68fd169dfc
pm:vm:photonmelodies11.rio.004:695803188:00159900:00415,cvm,【慧】「咦……？」<01>,[],layout_only,bf8ac9a4af3c60dfe93e2f75be2730bc120c04550d456d1c8911375a372e0c5e,93ba7d1fe5d3309e89130f53e01294ff9574be2da2b10815b93bea2c24bbbe6d
pm:vm:photonmelodies11.rio.004:695803188:00160768:00416,cvm,【霞】「幸福也会……降临到大家身上呢……」<01>,[],layout_only,a96a67c186ac8777cc8bd1973781dc964839fe2fb5c66f53343bd0205ca032d5,e08f1626eeaa328b4495c7b4dff2ceddcb2ef5139b2c7879686886908d658286
pm:vm:photonmelodies11.rio.004:695803188:00167388:00417,cvm,【武】「……疼疼疼…………<0A>我还以为要死了～～」<01>,[],layout_only,86525da3a185fd00e89a9e11e324fadb2c1918fd01edabdad7b53ec5534c36a5,a185106b752b355dd1cc77cbe0ff9500eb337829e752295dffb0ebbdcabc298b
pm:vm:photonmelodies11.rio.004:695803188:00167972:00418,cvm,【武】「圣、圣诞……快～～乐……」<01>,[],layout_only,d2c019caeac7b7fcf28993060f7de2902f43a5b8aed884a5dbbfaadb8225219e,bdd0ed1fea14f84100f59d295e25785d9871751b8890cb5606ee66ff4b2f1a03
pm:vm:photonmelodies11.rio.004:695803188:00168064:00419,cvm,【武】「……咦？」<01>,[],layout_only,947f27f2402d901af367ae61026ec4d2de4c4986a21ee209f820acb2afb5d926,2f596e3d72fdb9ab2b38ca8994dd522680622aa840845062b1766531d69e7751
pm:vm:photonmelodies11.rio.004:695803188:00168460:00420,cvm,【神代】「……啊！你跑到哪里闲逛去了！」<01>,[],layout_only,6643a48e09d0d43255a5ba8acded6466abbc211969b0805b2dbe00659bce7c50,19f80b8b8f73ca816a406c71472777cfa0d4390b4b44820b8766eee864e9512f
pm:vm:photonmelodies11.rio.004:695803188:00168504:00421,cvm,【武】「咦……？」<01>,[],layout_only,6f89339b2480107cbb5839c19f9f2232f49962fc19025bf7e2be3b170f1b1d68,cff1150ccd1e336776d839ebdd3abb90457d7f0dec81697b4a75a41c241c3081
pm:vm:photonmelodies11.rio.004:695803188:00168736:00422,cvm,【巴】「你这么久都没回来，派对已经结束了哦？」<01>,[],layout_only,4544b1ef64ee443735e0a0f9ee3937dfc22b218798466a23035d741ec0112dd8,8f3005b5167273242a18666991911d3bc994731641656831ed54c958214ee467
pm:vm:photonmelodies11.rio.004:695803188:00168916:00423,cvm,【武】「什么……？」<01>,[],layout_only,5e4848620bea6bc50a4086396117f2a23cb4cfcbf653b1be88115ee90d33abc4,b293cebd6cf530c5c461ff6da5f9da742e14937c13c473749778cc3804430646
pm:vm:photonmelodies11.rio.004:695803188:00169148:00424,cvm,【戎】「你挡着我们收拾啦～～」<01>,[],layout_only,2083c319517341f12aa0af37d537ea2ea50618a3c96c661d3bcfd4f7e0cdca26,a42a44b1124cfd1f42f78c0c6fd8ba0071a3fbdaf2b78d069c373467a1d87649
pm:vm:photonmelodies11.rio.004:695803188:00169328:00425,cvm,【武】「什么——……？」<01>,[],layout_only,2e6c711a8badb5e765a9d4a142de30d915b020b92f2296c4ed3258222cf6e35b,32f309087c34de0f79a89b5e64e895f9a0179ced120d66d0503ea931d7a105c6
pm:vm:photonmelodies11.rio.004:695803188:00169676:00426,cvm,【月咏】「哎呀，武先生？您究竟去了哪里？」<01>,[],layout_only,24ae6e797770451154aea5ec1495e836dd2930382201bc1d205d2cd3929868cb,009516e27eacd7f40cdf207038f275a0b5e7386a39877acc287ad943a8fcfc85
pm:vm:photonmelodies11.rio.004:695803188:00169720:00427,cvm,【武】「不是……那个……我……」<01>,[],layout_only,414313f709a281bb20e18fccf21da1ec1d5dcc54a521219e21a9ead476d6588a,e852bd803ca1ad1e171f2e14a4516d42858809964e31cd1f5ff7242395fe1734
pm:vm:photonmelodies11.rio.004:695803188:00169952:00428,cvm,【月咏】「话说回来，今天的喷气雪橇，<0A>乘坐体验如何？」<01>,[],layout_only,1f8d8695d492fa2ddc39b90c280a5dc49b5ad4df466c6df037a5a715ce9fef78,42a2d9d2ddce4be0f2c58144739954e61bd0db9fd52b762062395ce9ec6e5d3d
pm:vm:photonmelodies11.rio.004:695803188:00169996:00429,cvm,【武】「所以说……我刚发射出去<0A>就撞上了什么东西……然后坠落……」<01>,[],layout_only,20106a94fa7faff5d03e97dd4b4f02ca9b0de5048bab9e0afaee30b6bb5c570a,ccb95a65d80d4ea18ca16d4340b25dad02a9cd794cc0869180baeec6c7db7d1c
pm:vm:photonmelodies11.rio.004:695803188:00170228:00430,cvm,【月咏】「竟能熟练运用加力燃烧室，不愧是武先生！」<01>,[],layout_only,5c91f2f468c3016d4215ebb8df00ffd4ba4fc6e60fd9b3fa20c6d05f49e3337e,7246c008c5beb8f2912a999973cbb8d1bc56423c46ae281fce0199f1f20e5ae0
pm:vm:photonmelodies11.rio.004:695803188:00170272:00431,cvm,【武】「……我根本不知道还有那种装置……」<01>,[],layout_only,4a68908d9cc6d78460b0a04a36d1fab6973fb912ba4ffba1984fa98a3f679a28,989fccdfbbbb81a3ce10cdc899ffbebac3758ee76b7aba90451bf7ce3176031e
pm:vm:photonmelodies11.rio.004:695803188:00170504:00432,cvm,【月咏】「不只是社小姐，各位都非常高兴。<0A>计划大获成功」<01>,[],layout_only,8ff593341b944dfb340aa98493dd80f688aaa1cbf9d88bb3ed844a8d4b73100d,b5b12d9e4efe6d7d0304f3ba30a4bfede7f161feaa2cb22894c294219c025c0b
pm:vm:photonmelodies11.rio.004:695803188:00170548:00433,cvm,【武】「咦……？圣诞老人飞过去了……吗？」<01>,[],layout_only,206233d1ed3c7011b0610077317f48e4b210978dc9363669e7d121c2080981d1,df0f6b1d472d0794c2ab346b148a06318b2909264d9f5a538dde7bc4d95e51ae
pm:vm:photonmelodies11.rio.004:695803188:00170604:00434,cvm,【月咏】「无论角度、速度、光辉，<0A>每一项都是最完美的飞行……<0A>就连我也不由得看入了迷」<01>,[],layout_only,51d57234c366100b4a4d647a62ad94bd2f311c27449f22f6666c51e92d62d60e,bf0fc470d94d30d114bf65d98bca577d657084010229eac407b4f8d073f53996
pm:vm:photonmelodies11.rio.004:695803188:00170648:00435,cvm,【武】「…………」<01>,[],layout_only,770975bc8d76964cd0683d1a3ba2ec947971272f34819d29aa5c66d3964a88d7,6a17c608647a040376434d02fd50f1e4124a141fe417bdc98ba4d3f27bdee35c
pm:vm:photonmelodies11.rio.004:695803188:00170880:00436,cvm,【月咏】「接下来，只要前往社小姐的卧室，<0A>把礼物放在那里就完成了。<0A>社小姐已经休息了」<01>,[],layout_only,173e2555f2fc71befd2d532d9592b0ac8fb1f91991c5fcd4464b317d63e14a51,e855dfc2355893b176eaae5289e90b08297e3a4cbaea325ebaddcab00b8333ef
pm:vm:photonmelodies11.rio.004:695803188:00170924:00437,cvm,【武】「……这是怎么回事？」<01>,[],layout_only,b8eb3ebd27614603e8a7176fd038c0f0c747f1eb31c5c9d9fdaac32e064028a1,bfa6afb6b806c00c04d8c5d37a2866226ee3d15dc9d2391c0ce3b8a68619dfbe
pm:vm:photonmelodies11.rio.004:695803188:00171156:00438,cvm,【月咏】「不过，在那之前……<0A>您的衣服已经脏得很厉害了……<0A>我去为您拿一套替换的衣服……」<01>,[],layout_only,e61caca876b87a391d52afea624077f0394daee3b1e1a998f418f066dca8cabb,92f44618b2a6c376e122fe01461487bba63a9b4d67044d76676b3c6dbca6f42e
pm:vm:photonmelodies11.rio.004:695803188:00171200:00439,cvm,【武】「……难道说……是真的？」<01>,[],layout_only,673b27cd935002fe64b0e600d9df20ca6ae7ea6545d0da62aec156831acfbdd8,04f26cb35cfe646b7b70ba77098dc5251e7283f76b4d70693f0a96e37c84e2a3
pm:vm:photonmelodies11.rio.004:695803188:00171424:00440,cvm,【武】「不……怎么可能」<01>,[],layout_only,a12d44af03e78b6bf569f81eba007167bd107d3a6bb8b67fd1d88a69bfad49c8,a52d73a89f962f6a386f88048464a8035b9b830b688b12c93a2d5ae8715406df
pm:vm:photonmelodies11.rio.004:695803188:00171712:00441,cvm,【声音】「——汤、汤米……出大事了……！！」<01>,[],layout_only,a67862d117eef54d36ce41936fdcc346d06b2d090eef28581092c0c95da5e5ad,90fd36be95b8dc1baa6ef9c291e12de9ed7ffbd5f0daaa490abf4bc362f7f7b2
pm:vm:photonmelodies11.rio.004:695803188:00171768:00442,cvm,【声音】「——直升机突然被击落了！！<0A>对，是RPG……大概吧！」<01>,[],layout_only,31ca62c13790a400d14c13ba3da317e2420e9871fe049f32d8f70e1da4ef8eab,d8038cedc89c02a17a075b50a2c7429ac8c6cfccd8e69108f2ec47ad307f1e42
pm:vm:photonmelodies11.rio.004:695803188:00171824:00443,cvm,【声音】「啊……我没事，<0A>虽然被炸飞了相当远，但没有问题！！」<01>,[],layout_only,8e9c8849f87c645732f4dcfbab567487acac62562e995fb5bc2b3e318f91ce8c,d8a8efc0a0c737d602d744a25b9bf3d42c70f4adc0d07e7c8b83711682d05bf6
pm:vm:photonmelodies11.rio.004:695803188:00171880:00444,cvm,【声音】「立刻派一架替代直升机过来！——<0A>没错！……坐标是…………<0A>坐标是…………」<01>,[],layout_only,7a4580d662e1175f690768785a88fa81dc13649f8ef46fd911423a9a228d09b4,2bfc9cb0147927e66b081273a8765e44cc93d6182aa91e8acc3d33352e035e72
pm:vm:photonmelodies11.rio.004:695803188:00172072:00445,cvm,【声音】「……可恶……这里，到底是哪儿？！」<01>,[],layout_only,57276e457b9ca591039d5e168b12a2a88788145a9813e0fc8250aa060f4c25ca,024787bc174a246460aa9f8fb529e84096f1bcef8140da2941de54b2371b335c
