binding_id,kind,translated_text,cn_annotations,review_scope,jp_utf8_sha256,en_utf8_sha256
pm:vm:photonmelodies11.rio.004:874373084:00001112:00001,cvm,【纯夏】「……我说，大家下午都打算做什么呀～？」<01>,[],layout_only,c10cd87cfc42b137b0fb566aef2c44fe7ece2a9a415ab4ee1a8c7f783fa02afc,f13b42fe849a7414e846abc2a203597ad8c0944bb5e67e803fab4cfacbd2b014
pm:vm:photonmelodies11.rio.004:874373084:00001168:00002,cvm,【柏木】「我呢，接下来马上还有课…………<0A>不过今天好像傍晚就能结束…………<0A>你那边呢？」<01>,[],layout_only,f74a57086e830bb70e1628810d8295b930299a7b1e382e72c104887c96814242,dc79a300ee594650f15695efae2a186110636bf25e29a5d85901c15b487fb8de
pm:vm:photonmelodies11.rio.004:874373084:00001812:00003,cvm,【慧】「我正好相反。大概四点开始实操，<0A>一直上到晚上…………大概七点」<01>,[],layout_only,c4ac1105a7332c55f9141e07cf74979dee5a991a18847ba3c021bd1ffe47805f,0730350ad06fda9355e811b57885bccb534d5682899a98645ec25b614e3de547
pm:vm:photonmelodies11.rio.004:874373084:00001868:00004,cvm,【纯夏】「开始得挺晚呢」<01>,[],layout_only,50c3e94500059b4f05e34062819cd0f1aac9ec3b96b85b6e90f4e310a862f2f5,875c42ccd51f832d87c385d9108a1a8b94f643594da2a8eb44cdd1f0267e3c4e
pm:vm:photonmelodies11.rio.004:874373084:00002100:00005,cvm,【柏木】「天黑得晚嘛，到七点左右都能照常进行」<01>,[],layout_only,14614a8902362764a13cd6a9e662b9b4c0aba5a7d5a4a8dfaee551c73efcafd6,df7c454e688800604cdfce14b0ba81906ec5b8dffe02fec43f01a5c025147cc1
pm:vm:photonmelodies11.rio.004:874373084:00002744:00006,cvm,【悠阳】「请加油哦」<01>,[],layout_only,2db76575688e5b3c01ee7ba7dc7e672a9eb3e2f513373efac4b753533d7081c0,cd6c9b7a395fdafa938946f76affe9bf6fecdec1bbca0641a1a5e682d3c66de5
pm:vm:photonmelodies11.rio.004:874373084:00002800:00007,cvm,【柏木】「当然！毕竟好不容易得到许可了嘛」<01>,[],layout_only,fd3b16476eec3e690abc79ddb3f99dff81fe3f735c9ccaee9ff2925d1ca3ab42,9affaec13b636727aea817713dfedc59f8f4d9bf17227fe32f81929b57029156
pm:vm:photonmelodies11.rio.004:874373084:00003464:00008,cvm,【武】「什么嘛，结果你们还是跟悠阳打过招呼了啊」<01>,[],layout_only,c0f9a5cc60c55cedfe1751a77f860cf366b35c01370ec55dd20aef13d5f57002,7665684ebdbdba4fc07ed90b990f8274e74085e3ded68cf03f3a51652306e5ab
pm:vm:photonmelodies11.rio.004:874373084:00003696:00009,cvm,【柏木】「与其说是打过招呼，不如说，<0A>是被她发现了…………」<01>,[],layout_only,8c42df9ec26d6d3e23833284a7af0e694ece35758520e76bcebc204bd266ab2c,8aebcbffcddc9891b00f36d42e8268afd98989cfb758db8fcf8429694708c045
pm:vm:photonmelodies11.rio.004:874373084:00004020:00010,cvm,【慧】「坏事果然不能做呢」<01>,[],layout_only,0fb635ae4ebd108c4296dcac5c08194cd58a05160df23bb3f30effe03a1f3949,9033f4a554aa23a2dab65da5effd5962b98ba4b164331bf2742e6dad33ebc785
pm:vm:photonmelodies11.rio.004:874373084:00004240:00011,cvm,【武】「少来。你真是这么想的？」<01>,[],layout_only,e63b3120013a3f2df3612ab3ae22125e98791dbecb3840a3ee862f16f9a96da6,21d6b0ba8d3168d0a949a4b60c05ddfa0663f63cf333408a0825d51252037f60
pm:vm:photonmelodies11.rio.004:874373084:00004296:00012,cvm,【悠阳】「不，这没有任何不妥。<0A>我反而认为，这是非常有意义的时间安排」<01>,[],layout_only,9c15c66188f63dad35eb54eeded7188f37c3e064881e824fa758506842257bae,1a5bd8509d66f986e7fcebaa73b13fb12679423673628966acfef1d98cd720c5
pm:vm:photonmelodies11.rio.004:874373084:00004528:00013,cvm,【慧】「不过，我就知道你会这么说」<01>,[],layout_only,2dd464030bf4c942fff6bad46482e9e65e441d51224b5d705a6c03973f2c97e4,8eb5e5b396d0f348bd73c5c459efc3904f82e4d61f066da833b3d1f89c2e8e7c
pm:vm:photonmelodies11.rio.004:874373084:00004572:00014,cvm,【武】「你啊…………」<01>,[],layout_only,432bae0bd9f46fb225bf5d5af538144f25dc714f7e3bfa31da69245192297c53,8e9f2b61014bec283a8ef782d47c6d9b4342c328aa107fdf0cdae75137958a7b
pm:vm:photonmelodies11.rio.004:874373084:00004648:00015,cvm,【武】「我说，你们从刚才起到底在聊什么？」<01>,[],layout_only,bbe11de21d1e933d4d06b732177523fa387dfaf5f247b77e9bbe901dc0db5162,1f43906965dea415578bd247b38a34578de3a9b843b7a30f06fe7786b842b9bd
pm:vm:photonmelodies11.rio.004:874373084:00004704:00016,cvm,【冥夜】「柏木正在参加水肺潜水执照的课程，<0A>彩峰则为了取得限定小型船舶驾驶执照，<0A>眼下也在接受培训」<01>,[],layout_only,11f1a18b57df38dcb5154022b2743f80fdf78511edc08d8c49b45684ae247c76,32dbdb460bb8e5fd155ea0cf0b6652e465f7fae2a7ff9710b4ea548c0be0e4b3
pm:vm:photonmelodies11.rio.004:874373084:00005336:00017,cvm,【武】「咦？原来你们在做这种事啊」<01>,[],layout_only,3634c4266fcae52cad5a9be49825038757ed139073e6b16e6ec1d4c964d88826,9ce85df25b3c13b398f9fcd85dff146274482fcde825a08c896f43c809b3ffe7
pm:vm:photonmelodies11.rio.004:874373084:00005392:00018,cvm,【柏木】「算是吧」<01>,[],layout_only,b0d093df4cdebe266911243997550cd8ef0123e0ea7958bd31539de90379a5fe,43a9ef5dab3f685a5e2e7c108b0f66f773046ba61d18ac86d83992353360f70a
pm:vm:photonmelodies11.rio.004:874373084:00005436:00019,cvm,【武】「水肺潜水也就算了，船舶执照能用来干什么啊？」<01>,[],layout_only,f38f56d34c1c727c6a07dea8121a24f1f9cc95add1aa2cd923b74180b93e8051,2bc874ebc3a80c47821567865915c5d56551ef80c153b6f1571d3f018de2343e
pm:vm:photonmelodies11.rio.004:874373084:00005492:00020,cvm,【柏木】「有了它就能骑水上摩托艇」<01>,[],layout_only,f1f3db4df783626bc401543bd1531260afae3142f4a3e3d09bc73a54695a797c,94d5a56ddbb8daaca00416a0fbe0a232c853a57898fd87b1378f7c2c324022ed
pm:vm:photonmelodies11.rio.004:874373084:00005536:00021,cvm,【武】「哦！我就觉得那东西肯定不能无证驾驶…………<0A>原来是这么回事」<01>,[],layout_only,be160c5b276738f15bd5ec28faa23d0b6fa17bb9ddce77cf1f72a97f10afcea2,b6369bded6df2a361503d94929e405fdf0ddf9ab7bfcd76a5260155b39401c86
pm:vm:photonmelodies11.rio.004:874373084:00005592:00022,cvm,【柏木】「其实不管是水肺潜水还是水上摩托艇，<0A>在特定情况下，没有执照也没问题…………」<01>,[],layout_only,3c759ae9818b2870b8d942f66082ef9e1dec0f2ab5137e6a86610b79f8de5389,8269e733758ac937ceaddb865a52960e7b19c92c1a8e6764bba6d1032f19942b
pm:vm:photonmelodies11.rio.004:874373084:00005636:00023,cvm,【武】「特定情况？啊，<0A>比如只在这座岛上就没问题，是这意思？」<01>,[],layout_only,fd8a328fe1dba69ab2525a725a8fb97a1b6378103730cc2d0fdbeb41c59c6d0d,7781857aec8a563dfd8b3e7b362be5bcb048eb4def7334fda1159160ec75b139
pm:vm:photonmelodies11.rio.004:874373084:00005868:00024,cvm,【慧】「觉醒了？」<01>,[],layout_only,057ea0b7eb871277c010b6de7fc43c2827cb6c4c6aaace29f2f1891f589e1c7a,d14892f3fa26e2bc7ee18f86c0f6a0410bd6f96a683e9d9c3737d539d622f839
pm:vm:photonmelodies11.rio.004:874373084:00005912:00025,cvm,【武】「…………什么觉醒？」<01>,[],layout_only,91531e4eded729e4f54b61bdf634b98fd93b2160bf462ac6285f506c59a0dfd2,71e0b90e1d58cefb3ad382164f317936c010258f6370c0f7beab9a62fd7ea482
pm:vm:photonmelodies11.rio.004:874373084:00006276:00026,cvm,【柏木】「怎么说呢，难得有这个机会，<0A>挑战一下好像也不错…………」<01>,[],layout_only,8cba4124e58ea328f34ddbea91d97dc52207fc074fe64f556a488459085e951b,248e172271beafacca013e7c71cc49b3770a1830628ed2da7cb502f587d4dd00
pm:vm:photonmelodies11.rio.004:874373084:00006320:00027,cvm,【武】「哦…………既然要做，<0A>与其只是体验一下，不如认真学，<0A>我也不是不能理解这种心情」<01>,[],layout_only,d3d55f4af3205d3aff6c196b84bddefe910c5c9f567c5c6f5e54efa54b6a5f89,156b88e9315f537291145f9cb1f50ff9a2f6315bf425a3da345f4d076ee9afd3
pm:vm:photonmelodies11.rio.004:874373084:00006540:00028,cvm,【武】「不过，柏木也就算了，<0A>彩峰居然会挑战这种东西…………<0A>总觉得挺意外」<01>,[],layout_only,3c9d38d710a6e9bf7729d772fc70445088478cba2338c006b46173cba66c408b,069c331731916f9889594b6fba3e0ec962a506061fd8bfc554a93f23be1ddea1
pm:vm:photonmelodies11.rio.004:874373084:00006596:00029,cvm,【柏木】「也不奇怪吧。彩峰同学运动神经又好，<0A>看起来也挺喜欢这种东西啊」<01>,[],layout_only,94c8ccc6a73427b822e22a90f62173caefca13029b4d4ef1d745d72803a4008f,ec99e5d5d8559cadb94cf4fff2690ab2345c211628edf1f56d18fb5f1691ab87
pm:vm:photonmelodies11.rio.004:874373084:00006776:00030,cvm,我说意外的又不是那方面。像她这种懒人代表，<0A>居然会为了考证去上课…………。<01>,[],layout_only,fca047bac643e0e65d6302e14b6cf22d30392c072c8cef3ec58721ba8b980c79,5941c136f168d22a5e30b1fae85f93c22a69fe6d436850254b73d21154f311fa
pm:vm:photonmelodies11.rio.004:874373084:00007008:00031,cvm,【慧】「…………反正，又不要钱」<01>,[],layout_only,287dab7b2d1197cf2e5dca3a01673e0ae8ab5bef82b9a0a0b2c9120d6fd2fcad,66181d2929dd4739355cf305c41d71534015cd768334f14edbab0c43de1a18da
pm:vm:photonmelodies11.rio.004:874373084:00007052:00032,cvm,【武】「……………………原来如此，<0A>这理由简直太有说服力了。<0A>这样啊，所以刚才才会提什么许可」<01>,[],layout_only,e8131433bcddfff48442f0af93a77e874d2a939cc7a1d3718681a022168659ec,4b6b03b87790e7697ae09423ea9a84168a56b24a4b6251368079e0de8d1bbdd4
pm:vm:photonmelodies11.rio.004:874373084:00007096:00033,cvm,那种课程，应该挺花钱的吧。<01>,[],layout_only,dac7f7295e8e3a89b4452225829dc0b2107f0511c598a9d137008f8b8bee9bae,cbd77d968c95284080ff901c57e6a9734ca06fc71ff19e13e9f89aa237ddf9a3
pm:vm:photonmelodies11.rio.004:874373084:00007152:00034,cvm,【悠阳】「不，我说的是此事根本无须征得许可。<0A>我方才还在赞叹，这是十分有意义的时间利用方式」<01>,[],layout_only,4507d10cd0a2421a0aba2de4efc8c788afb85d339e4aae2a7bb0d761d83d2fa1,89c2283cb771f6b28eb31c2844b564dc51acfaa3ff550facc81e9ca68ffb710e
pm:vm:photonmelodies11.rio.004:874373084:00007384:00035,cvm,【慧】「反正，跟普通的闲逛主义者可不是一个档次」<01>,[],layout_only,7f8f217052f2444f18627ce2d0ba1f1c3a8ce99632ea43584c9eb17fca40631b,4de2404539ad5f487f429911edb6653a3c038a0672c98167bfc45a244298b6fd
pm:vm:photonmelodies11.rio.004:874373084:00007428:00036,cvm,【武】「你对我的外号还挺了解嘛」<01>,[],layout_only,5a98c3ad75fd6a8e4f6aa045b601a06ec9c4c163a8fcf2a9c79df088d08ff041,1476d5f8e1cf5e55675a00631700b0380aa8c0e8f420ce2bc0a0071de13fb7c4
pm:vm:photonmelodies11.rio.004:874373084:00007660:00037,cvm,【慧】「咦？那可是我的原创。想用的话…………很贵哦？」<01>,[],layout_only,33c1db1cd1fb7e6de59dd1ead0e4d7087ec92990c1ddc54472f236cd2747d764,333795ff5fcfd10639923d0bc615b964fb33dc53b320e97e40a15255872a3486
pm:vm:photonmelodies11.rio.004:874373084:00007704:00038,cvm,【武】「少来！什么原创啊」<01>,[],layout_only,cb8999c565c97808f6daeec115a05ca81ac896f262353bad53397909212f5bcc,eef005dd8ac752fc5d7c53c49902803ff6bdddf05cc2008f203f176752e579e3
pm:vm:photonmelodies11.rio.004:874373084:00008244:00039,cvm,【壬姬】「我说，那其他人打算做什么呀～？」<01>,[],layout_only,dc9471acc319ba4b6d18529861faae1141c34edb91d28c8f8dbdfab4f62a974a,ea4a520d6b5195c942c315f7a074e956db9f8cf3b0e7cf3cda64586e8ace4540
pm:vm:photonmelodies11.rio.004:874373084:00008288:00040,cvm,【武】「那小珠呢？有想做什么吗？」<01>,[],layout_only,279c5eb840cfdd20401346dccc9b9b3a54cf1fc3e45a4bce53580cf9a4d531e5,ab834ad5d63c40f0dd7d313a6d6c6083f172e04a72318af29e994721bc20a031
pm:vm:photonmelodies11.rio.004:874373084:00008520:00041,cvm,【壬姬】「没有，完全没有！！」<01>,[],layout_only,727419e70fdbc01e603967b4a8124e9a11d6ace20548806acb8353537a2e8d00,5b5f0111974546b236125216da269ed043d2d263efee659d4ed69736e7885a22
pm:vm:photonmelodies11.rio.004:874373084:00008564:00042,cvm,【武】「这、这样啊…………谢谢你答得这么有自信」<01>,[],layout_only,aa796be3d77950aad204a824eeabe5c251247cebd25b94ca3a2a46e18c79076a,a5fac2b27af841f06c72409754ab51c0a5d5606caa6668323d3f5be9f4781311
pm:vm:photonmelodies11.rio.004:874373084:00008796:00043,cvm,【悠阳】「这里还有网球场、高尔夫球场等，<0A>各类体育设施哦？」<01>,[],layout_only,019fc9f1a12a826940caaab293d0510a55456a6431044004cf79f813f4d8d0c4,9e6aee295c861ce813bd73669da8e8dbf973795de0dcf056f0037eff2bbcb1fb
pm:vm:photonmelodies11.rio.004:874373084:00008852:00044,cvm,【美琴】「我说，岛上的山之类的地方，我们可以进去吗？」<01>,[],layout_only,40a4ae2cf469e4af512e8526dd31c3900e077d5795a95e900292eedd35c5cb0c,09b4ea2a4d8a6bf5b0b2b34f2823ceffa37a8758d47edf0df976ecf02c3577b8
pm:vm:photonmelodies11.rio.004:874373084:00009496:00045,cvm,【冥夜】「是啊，漫步在洒着斑驳阳光的林间步道上，<0A>或许也别有一番乐趣」<01>,[],layout_only,b2f7bb7b7a4f86e2014d290e5225a2f9c126043805807896e537998fd7e3e2ab,3164de62411b8bda3f835e8e18d95a7c44e5675b23cdf8bba462040e3f45eb2b
pm:vm:photonmelodies11.rio.004:874373084:00009716:00046,cvm,【武】「美琴说的『山』，怎么可能是那么悠闲的去处。<0A>美琴是在问能不能去冒险吧」<01>,[],layout_only,00be24ce22d392207ce7ff54ecad2bddd85e3ea6ff05af49e569bdba2b9d91d1,4d6b5265d5d9236053535b339a5600f173423d7bde1e990a73fdccf600894594
pm:vm:photonmelodies11.rio.004:874373084:00009772:00047,cvm,【悠阳】「可以是可以，但我不太建议哦？<0A>一旦进入山中，地势真的十分险峻」<01>,[],layout_only,f4b6ec57272000db8d3809b78ef1fdeebb961fd70e554abba32345288c4c18bb,528622ac57fc322e44973e7e1f663c5c03a7a60c29177cd20655a9d6a4d71722
pm:vm:photonmelodies11.rio.004:874373084:00009828:00048,cvm,【美琴】「听你这么说我就放心了～～！」<01>,[],layout_only,2dfcf21d228e9a2e80903729a34f37fbe84921d4e294945630a00e794e1dccef,96df1f50648dfa4bba2a728804c6de12acfe8ba8eef3ebaf1e08aa3370fad5d0
pm:vm:photonmelodies11.rio.004:874373084:00010180:00049,cvm,【武】「会这么想的只有你。一般来说，应该正好相反吧」<01>,[],layout_only,270159a1b82651b85c2b4b8284f214036280a422a3f4815c9ed0f585f54f8cfa,a76de0c556ed1c0c211e3fb09e843badaa96cebc0c4b426593fe7b630e1efb9c
pm:vm:photonmelodies11.rio.004:874373084:00010824:00050,cvm,【千鹤】「鉴同学打算做什么？」<01>,[],layout_only,cc5a02ddf78f7e005977845593fc09f1cfe6fac7c8cf27e4dc0e3d00a78815aa,2d46118ab5c78d6c45c1ba3e111503d0485c2f903a4200d9e4900faf25326f2e
pm:vm:photonmelodies11.rio.004:874373084:00011056:00051,cvm,【纯夏】「咦？我？我嘛～，想和小霞一起游泳」<01>,[],layout_only,1bfdf59b4a250f358d45af9a6327ad44411e6b28b98d1d41964e15d5cb49f3da,fcb48422c224f1a692f95fd84caaa410cfbc4804f8ac851b05ac1e81746318df
pm:vm:photonmelodies11.rio.004:874373084:00011112:00052,cvm,【壬姬】「咦？可是你刚才不是在对面的岛上游过了吗？」<01>,[],layout_only,9f847a6efc829b46af1c8b276bd0d38043869ff5a55db16b8de6cd063095930b,faae61871441b1ac00e563ab7d2c7a0fb6c15b790e2be8152daa7f32376f7886
pm:vm:photonmelodies11.rio.004:874373084:00011344:00053,cvm,【纯夏】「那是在捡贝壳啦。我们捡了很多，对吧？」<01>,[],layout_only,285fab98ce731a1a18b414ea6697c9a8b4e392aa29193909de1d2993e69b138e,c7918df216adfd4b2c4143e09a0f6eb38b71e440a555b82aea31515a9c0bca90
pm:vm:photonmelodies11.rio.004:874373084:00011400:00054,cvm,【霞】「嗯」<01>,[],layout_only,0fcf89a8f8d99f37435a903619f68e6f81c4eb389d4496581be9ffff99bcc86d,52bb38be7cb8ab95764c32ba52518dde6f91fc55b06ecaa7fbd3a31008e639e7
pm:vm:photonmelodies11.rio.004:874373084:00011456:00055,cvm,【纯夏】「下午打算让小霞第一次下海游泳，<0A>所以还买了泳衣哦！对吧？」<01>,[],layout_only,40198d086f19d321c122ff073030b176c6d4db20d272b4c73c0406656fafdcf0,861da280c33e6fc1cb8d0e7c02b82d8da0a1ceb9848e44a9687720199bd7c582
pm:vm:photonmelodies11.rio.004:874373084:00011688:00056,cvm,【霞】「是…………是的」<01>,[],layout_only,bef9ca8bbc031019c00e80fc813c8a1fddbb3a876f2a4d87608b1da362083f29,a4f8bba676856591b0ecf04b573ef2c3532c216f69148805997171eb69a48f7a
pm:vm:photonmelodies11.rio.004:874373084:00011900:00057,cvm,…………霞这家伙，到底买了什么样的泳衣？<01>,[],layout_only,f479e30cd5490e501896d08306afb33c9af80b462c842d427094fbfb3cd5cb39,8e8f004d358bff170cd0d91daf036c833152ceba71903ce185a5f9264b57bd84
pm:vm:photonmelodies11.rio.004:874373084:00011944:00058,cvm,纯夏那家伙，还说是特别适合霞的…………<0A>弄得我都好奇了。<01>,[],layout_only,d683bbd3032036d74fa1939f66f5b5f7f2b86a2b73e77ca58e04739e16f8a2f9,a97ce0f7dfddf1a57c6dc99f312cbc9e15e404a4d3d84ef0ae92b68b6eddeeb5
pm:vm:photonmelodies11.rio.004:874373084:00012020:00059,cvm,【武】「霞，你没带泳衣来吗？」<01>,[],layout_only,ae18b1750489735d4fe4061530b71003d6849117946da2eb0c013ce2e7eb738e,3629152c977d931e348ed796eedd8539d49c307a3f6bb8b69ef41acc9f2e2145
pm:vm:photonmelodies11.rio.004:874373084:00012384:00060,cvm,【纯夏】「小霞呢，好像原本没打算游泳」<01>,[],layout_only,3123e89408e376805620ad5466ffdc15cb3b446a5bbada9c3269848d9b082704,f8cccb9d0d95e99f7cbe0a0406f3f96be43cfe973da31743c266cc21c0a1f132
pm:vm:photonmelodies11.rio.004:874373084:00012440:00061,cvm,【霞】「我从来没游过泳」<01>,[],layout_only,fc6c13d8a54b472c0d62b0b83c2aca6055297a28595c13f7fbefe12a1757547b,00c95c2cfaa2dbbc440ec16422673a68dd7e13e49f7d28cf60a24576a9250249
pm:vm:photonmelodies11.rio.004:874373084:00012672:00062,cvm,【纯夏】「不过你看，难得来到海边，<0A>我就问她要不要试着游游看…………」<01>,[],layout_only,081fc00840b8ab2c4c005b733b722f8e6167fdfeaca2bc9b78b1455c92478a03,a0ec604ede8ad15d48b77c8eae379cfff5ef1612d36fd99f06557baafe8cb8d5
pm:vm:photonmelodies11.rio.004:874373084:00012716:00063,cvm,【武】「这样啊…………」<01>,[],layout_only,9321762a165ee466a989d57a1b77a723260281dfe865835556ea828c614ba236,77f4a3c52a31783de83bb46b8405cd652af6dc207fd2b07bf6356d52904f2a26
pm:vm:photonmelodies11.rio.004:874373084:00013388:00064,cvm,【夕呼】「我说，你们几个啊…………」<01>,[],layout_only,ac6d6ec60efec3c1795b08b0e19e0a24c0760df1f87d0490055f1100c07617c8,7ad126125d7eacf86ad6eb6749d87b50b4d148b4bf0f33e6af3ed44ece40b720
pm:vm:photonmelodies11.rio.004:874373084:00013432:00065,cvm,【武】「什么事？」<01>,[],layout_only,0c493eef34dd993a0fb29f1be5d4f9707c0aa8ea05bb56ba1999adb5e0133c9d,1c31059277c51a88dec6d9dcd19d59ce3dbdbec8693974cbd6870cf70d4fa3ed
pm:vm:photonmelodies11.rio.004:874373084:00013664:00066,cvm,【夕呼】「那个，你们觉得怎么样？」<01>,[],layout_only,69dcdfe8eea97aa721cf4c79cbbbc8f4ac441415dc05e32835bad664abf57a47,99c44cb6bdfce23ad5e893bc1893a057c15409e6d42f7c604bd4f68c3d34e941
pm:vm:photonmelodies11.rio.004:874373084:00014308:00067,cvm,【茜】「…………哪个？」<01>,[],layout_only,a0c7d02b5cdaea9fcd6fb66c4e2fe501589ba543a7ef75758079330b69badd65,0a2b3013a3b6d62613b656d1a05d7477c2bcc5099e9aad9dda4c8c8422c5262e
pm:vm:photonmelodies11.rio.004:874373084:00014352:00068,cvm,【武】「您说的是哪件事？」<01>,[],layout_only,4f1892752c6d871fba9536dea67b0a60304cf7a9f334227df40ae51d84a00650,bb8f800d06da3a43eb64089097b107493c1b19e92d5d507c017a7aa7c407ce0d
pm:vm:photonmelodies11.rio.004:874373084:00014408:00069,cvm,【夕呼】「就是那个啊，那个」<01>,[],layout_only,5c023f774d11dde24d75987bd7a611a1eec1164547658f01e8c718436b2e59c2,d7a54d34d9e858496cd48f7ba07a1281cd8769538b8ed3e2fe7d0ac79bd1c6d0
pm:vm:photonmelodies11.rio.004:874373084:00014452:00070,cvm,【武】「哪个？」<01>,[],layout_only,9e9890d9cebf56ea5673e49ff182b1f39c8a393f772775eac007f1ced8b5720f,55a56e0d3c12a469744b7d1480e0ac2756144f419cb3cc08e3cda80f36fd880a
pm:vm:photonmelodies11.rio.004:874373084:00014964:00071,cvm,【壬姬】「谁知道？」<01>,[],layout_only,b60d5e5b0852849c631b1dd00dfb8a0957947485eab9836389cc3bc45060e610,a3f37cedd8d828c2f946ccf6d7700eda1e9bbdf72b21aab7569a933ab54b7f75
pm:vm:photonmelodies11.rio.004:874373084:00015020:00072,cvm,【千鹤】「啊！是不是那个？那张海报！！」<01>,[],layout_only,efc3ed655199d0aa6475f67dc1fcab504c4c8fd52e754146cc6542540854e7ef,78f9c40bb723c9ff1a7243b765a8a700405dafc0852ce851d281394d859f8e3c
pm:vm:photonmelodies11.rio.004:874373084:00015064:00073,cvm,…………海报？<01>,[],layout_only,efe850a4d7f92d187de82d29b444f133e99f87951a5363a98bd88603a978def7,3e38479887776306b70b0e8be1ec2db9a36e3257130e1272865b0d0bbcdb2c72
pm:vm:photonmelodies11.rio.004:874373084:00015324:00074,cvm,【冥夜】「上面写着沙滩排球大赛」<01>,[],layout_only,ac335ee695e0039b18ec399d86060953dcd5d4aa2bb5cbef278d68b1c72b02f3,debe53de116889a7e1ab42224a4eddb9be535d9f46dcf01d3bbe8c464e6718ec
pm:vm:photonmelodies11.rio.004:874373084:00015380:00075,cvm,【柏木】「自由参加，冠军可获豪华奖品…………」<01>,[],layout_only,b9ba9f7d9f8ea58ab8ea467b0e399fa0caf62258f3806338ea208f516be8eadc,47b62e72f0379657120a958d58559d1489528cab4e8ecb2ef666d744caa3d6af
pm:vm:photonmelodies11.rio.004:874373084:00015436:00076,cvm,【夕呼】「怎么样？看起来很有意思吧？」<01>,[],layout_only,bca7e7bc7ad44dc825c605a89629cad568260aaf329c56c6f52841deebc8f705,8cb7aedd9133b06fae215fe86546a3317a3ff36ba7513f4828f0a86138a6c157
pm:vm:photonmelodies11.rio.004:874373084:00015492:00077,cvm,【美琴】「奖品，会是什么呢？」<01>,[],layout_only,48c63c661b45a95d927bd09d47606da543c988720c8cb70e0d0196576256a61a,dc23fa3051e3f6f57a09ece3e3ded0ca89898bbb8f0ba43414553e5baaf05c2f
pm:vm:photonmelodies11.rio.004:874373084:00015536:00078,cvm,【武】「会是什么？」<01>,[],layout_only,38d89f6c1c9f9f170a7236ad926c3b68e1bb3b71d6b0fe871eebd0b822832def,22b910c12f598896bbb416a4f6a54f289bb9a7adf23c39a9ab3779747bf4920c
pm:vm:photonmelodies11.rio.004:874373084:00015592:00079,cvm,【悠阳】「这个…………<0A>我也并非掌握所有活动的详情…………」<01>,[],layout_only,8d7b3aef354b1998b9959e890eba821ff85aa3a640f1c13c64984ba15f3351d8,d1eb895c1ea6008896c316990bcab116b4e20794d7b985170001488d35ce8c8e
pm:vm:photonmelodies11.rio.004:874373084:00015636:00080,cvm,【武】「不过，既然是对会来这里的人宣传<0A>『豪华奖品』，那对我们来说…………」<01>,[],layout_only,1f93991fbc8ad579e31cf6d5483ed0bfa6ce73be960f494b03d73c9b268b5855,7e3b09bc68cdc21b79b3bfa51b0ff4f2f61895f0e77ae168ab50b6bf993488a9
pm:vm:photonmelodies11.rio.004:874373084:00016280:00081,cvm,【夕呼】「哦！白银很敏锐嘛！！<0A>对吧～？你们也这么想吧～～？」<01>,[],layout_only,3078f80645e879227b5076a762089883b4b9209d7d9eb42c88f5a76a55d03f30,9c117413841ae41abf57f630e111ccfa587cb9b5140720ffc05dbc46aba7e9be
pm:vm:photonmelodies11.rio.004:874373084:00016336:00082,cvm,【纯夏】「…………听你这么一说，确实是这样」<01>,[],layout_only,1df7eec201f6c93bc5088689a5d2d529ca3b6319bb0ee43b4412b5338cdedb00,78866ab30b636fd7dc1efd2d1d8904543ff24a0336092ebf2f0958f044a7fc44
pm:vm:photonmelodies11.rio.004:874373084:00016568:00083,cvm,【夕呼】「鉴也这么觉得？」<01>,[],layout_only,b38020c1fd0620e8a7f8bb240375c462100568a92da27f502ce21f41cc4b70e0,f8a6928164d971d67ea6199ea0f376bbec344b3db15945653db33775418cf6ec
pm:vm:photonmelodies11.rio.004:874373084:00016624:00084,cvm,【纯夏】「咦？是的」<01>,[],layout_only,d06a1fe338cfb0d6286a1eec0cb101c1a363e40242e8629cfc194744c15e4b22,6ebaa9e433b799d144a6fe370e31dd6e0c9d33a24668eaa358c6ba2813af36dc
pm:vm:photonmelodies11.rio.004:874373084:00016856:00085,cvm,【夕呼】「这么想的人，举手～～？」<01>,[],layout_only,bff445f32a9d567c07e4b49cc2126ba6226b46894c08270e1b72a5fffc30dfbd,d48786ed24d42d32940b85c8c04413fe149de21c2e952e4c468a9dcf140f1fe7
pm:vm:photonmelodies11.rio.004:874373084:00016900:00086,cvm,…………老师，心情好得不得了啊。<01>,[],layout_only,ee3d212f2cc065c246f1ad805edd60a01b99dd543f54289a8dc071fc637f76d4,aba2bb0ecc2ae6706f309b6b1898550c56edbd0099cc37333e19988b826e3eec
pm:vm:photonmelodies11.rio.004:874373084:00017132:00087,cvm,【夕呼】「好好，全员赞成。各位，真——是太感谢了」<01>,[],layout_only,4f6c317a591a655848d36c64ff09544d177ac304a448706fb740548a79b6f5e1,5602fef66d69b8b21416ee92124de301911092afd2a2e22ebaa639d12417839e
pm:vm:photonmelodies11.rio.004:874373084:00017176:00088,cvm,【武】「…………谢什么？」<01>,[],layout_only,2dbc8bcca2dccacba71fec4ffc3b22043567001855f803d95d3bb11f52030888,6f2c116d10f54e4a9048bf2de9b5202da2eb204114ffb344f2ccfd62d74074f8
pm:vm:photonmelodies11.rio.004:874373084:00017612:00089,cvm,【夕呼】「去拿回来吧」<01>,[],layout_only,740e599adb9bac5ca7d053fb79e6819de6d36aa247431a207ef84c25eae649b4,1e047c75849400a597a164f5c35190b0b9c4c50e73414a9d9551f1260547d9ec
pm:vm:photonmelodies11.rio.004:874373084:00017680:00090,cvm,【武】「……………………请问？」<01>,[],layout_only,94373a315f02771f2f23f3f41b7b1a0a46f479dd440ee8b637358dfb0a86bb0c,a2515ecc76de6f227a6b597c406a361dbd8a5ab9c14860c3532a4572b2a07ebc
pm:vm:photonmelodies11.rio.004:874373084:00017872:00091,cvm,【夕呼】「把豪华奖品，替我拿回来，好吗？」<01>,[],layout_only,dbf0445a24ff4cccddfccecf564a264f7d22581b3982eba124891ba9f3c1830d,b4e2df5df3c9eab964c0443f55eb9186a7212624fd6c6cf3249e052d6594f4d9
pm:vm:photonmelodies11.rio.004:874373084:00017916:00092,cvm,【众人】「………………………………」<01>,[],layout_only,a89c7391ea9545937ed647727ad57ebb217646714b29d57f9b3e1966fe414d94,31033caad7deb6aad36342d8483b32c46ce947fd5b6ab106a7ff3c7e1d1da62a
pm:vm:photonmelodies11.rio.004:874373084:00018096:00093,cvm,这个人又来了…………。<01>,[],layout_only,04c88826e262088722936e5c3e76229a0c17c2e143850bdb1fd61351a58c7401,72ca2dd20d190ecac4ff4af9e0e3297669da2fae56646475d085e7395769f04b
pm:vm:photonmelodies11.rio.004:874373084:00018152:00094,cvm,【茜】「老师，不好意思，<0A>可我们各自都有安排——」<01>,[],layout_only,3ad91ad05525498aab37114278e936c4563d5ddf467d88a89ec7206d8da252b7,e916205f8faf2224cda580291c3f00f1846279c3d335e971397275a2efd7e389
pm:vm:photonmelodies11.rio.004:874373084:00018384:00095,cvm,【夕呼】「啊，放心吧？<0A>我怎么可能让大家费那种无聊的工夫呢？<0A>已经替你们报名了，除了我以外」<01>,[],layout_only,c1308bb1e9e1f2c2c0544f5f1bbf6e4eda24a07b9dd2a90d7debc59f9d0eff4b,f52ebce0a4bae970df113322bfbe3854b596a65bd89ff0fa68a43088a64b0a5e
pm:vm:photonmelodies11.rio.004:874373084:00018488:00096,cvm,【众人】「……………………哈？」<01>,[],layout_only,2b882d88226d7aaa91368b48645c27193425881baedd1074be7f62b8fb6bbd9c,41feb56f7903b61dca66f1ac72edc9f66d70d76fcdc29b095b0710c8e80acb84
pm:vm:photonmelodies11.rio.004:874373084:00018720:00097,cvm,【夕呼】「大家只要纯粹为胜负拼上性命就行！<0A>下午两点半在牛郎星海滩开赛哦？<0A>别迟到…………反正我无所谓」<01>,[],layout_only,4dc97f8232578c64e3402fed6b897d1aed5a5b20e61c3c9b28dce8f8a07f3dbc,cf00615323e3309759b599db35ee5f961aa0a6b12b0dce7804ad8771f25160a3
pm:vm:photonmelodies11.rio.004:874373084:00019384:00098,cvm,【麻理茉】「等一下等一下！别擅自说这种话！<0A>会给大家添麻烦的！」<01>,[],layout_only,3094a129f6aaaf5917d4a0b801229401fea31bbe204c314c6762526056090dda,e04afc67cc3398f0982223b5b8f47f7c11ed5e3bd17e8ed9fb5c3436bf20a791
pm:vm:photonmelodies11.rio.004:874373084:00019440:00099,cvm,【夕呼】「啊，你也有份，别迟到哦？」<01>,[],layout_only,cd72463eaba3fb294a083166b87c97115ea67724a447468256b9028ae8e60f10,29a63637fb5d57aa4695e626e6e948ec6508a07cea980d18fcf29e19353105c1
pm:vm:photonmelodies11.rio.004:874373084:00019672:00100,cvm,【麻理茉】「咦…………？」<01>,[],layout_only,c273e4a9868b629d58dd8c76ad86ffdea4a40d7c9bf45d3aa0c25292845a85b1,f85c199388668f68a8d4ca152a134c86ab0fd66d024f35ac00b95f8a079bf174
pm:vm:photonmelodies11.rio.004:874373084:00019728:00101,cvm,【夕呼】「那边的赠品三人组也听明白了吗？」<01>,[],layout_only,c6dd580b1392ee50e7803649c96de71f4b3c8ef168e63bbe2bc87117e1b05ccf,6c18fd0c1377bc4592d0272c83cfb86437d9999ef01feed999bbb5414b333bc4
pm:vm:photonmelodies11.rio.004:874373084:00021504:00102,cvm,【伊露玛】「咦？」<0A>【皮亚蒂芙】「咦？」<0A>【沃肯】「嗯？」<01>,[],layout_only,d49b307e447daa5c068156a2cb584b0203728e18095bb27a2097be87424e6d4c,74e5fd0f6459f3e772c0b0959b5ee8b9478a3526ee760486e66ada64464400ad
pm:vm:photonmelodies11.rio.004:874373084:00022148:00103,cvm,【夕呼】「加油哦～～」<01>,[],layout_only,85ca308399df87e2cf9ce7d62e74c50664b0282d223bb96da1483a696f75283d,212125080b86b20171a2cbbcc7b011221b9c3d78ada47ba2b08b2ac3acc79591
pm:vm:photonmelodies11.rio.004:874373084:00022456:00104,cvm,【众人】「咦————？！」<01>,[],layout_only,94aa4027e3268196ed80bfafc609edd40d09ff1a2f667d6f40785b9c28a094d5,ee4ba3c96f5e6fde1eb17639c8b966e5088dc6cfcd7aa3935e0d567208ebe522
pm:vm:photonmelodies11.rio.004:874373084:00023128:00105,cvm,【千鹤】「老师！请别这么擅作主张！」<01>,[],layout_only,42e19e9d7625b7ad7db39912ce754dd45e2ccdea906e8ade78223f50cdf0b2c0,724380e52b01214993011578e4bcead26a4999ebb0e889223b6e247ec6c4710e
pm:vm:photonmelodies11.rio.004:874373084:00023184:00106,cvm,【夕呼】「榊～～，都来到这种地方了，<0A>就别说这么死板的话啦」<01>,[],layout_only,274e61d355086569b3a1b414b7a5de85f85339618cdfa8dce03422f2e85d045c,68f88eacf4e350371dc98a6c81ed7ccbba523bbfdbca0ea69c8db9f03d05fc79
pm:vm:photonmelodies11.rio.004:874373084:00023228:00107,cvm,不不，这种情况下，明明是老师逼她不得不说吧。<01>,[],layout_only,a3ffffd7a6c68dbd5046549e6b1329263b29ba3d511f92aa758c0559ff68ca14,f5ed213321ecb65069b80d7d32429d2601f08d65ce6a4bcd0b5a721f0c3018e0
pm:vm:photonmelodies11.rio.004:874373084:00023420:00108,cvm,【茜】「老师，问题不在这儿。<0A>虽然机会难得，我还是不参加了」<01>,[],layout_only,0ed5f654928a9f56cbd68764a8930a1382c96fbc51615f1a96d844f393313619,e66779e438da410da48372213894f01d4db6add09c31e62927184885aa83a248
pm:vm:photonmelodies11.rio.004:874373084:00023476:00109,cvm,【千鹤】「我也是」<01>,[],layout_only,b7fb5daae8e4424521d789f2c7858bdc45bd33c1c8d4787d490b5c5096d9e34e,b50f2f0ad018aaa63bbbec8aaee223ebf3e9dd757188dd46d46b3ec36ab22a49
pm:vm:photonmelodies11.rio.004:874373084:00023532:00110,cvm,【夕呼】「哎呀…………本来已经超过名额上限，<0A>我可是硬求人家把你们塞进去的呢…………<0A>要是弃权，人家会很困扰吧…………」<01>,[],layout_only,3c8850206dbcd0a7e45c1468885f77f9128fb187381cb559d6507457965f1190,29b0452b111eb1f646d30081b15ed8fa39334fc82ac2d54ecc23331aa1d0bca7
pm:vm:photonmelodies11.rio.004:874373084:00023996:00111,cvm,【千鹤、茜】「………………………………」<01>,[],layout_only,84081d5210245b8fc23cf7a60bca38dd09e77602223defb709b3b73e1f24abf8,4ef7992dbbf1f5bdb2966a3f3023f5232f4aae7cedda261aa77e7cdebf803903
pm:vm:photonmelodies11.rio.004:874373084:00024080:00112,cvm,【夕呼】「我说你们是御剑带来的客人，<0A>人家才答应的呢…………<0A>弃权的话，会对不起御剑吧…………。<0A>明明我们才是受邀来玩的」<01>,[],layout_only,389868396ba126c6955badbb68eaccd80471ae7f4f0b63f6d536dc904c0260f7,35b71bbfd46ec6ee106e127b15b8d7c6803cf570aadabc8d2babe0ce15caa3ae
pm:vm:photonmelodies11.rio.004:874373084:00024124:00113,cvm,【武】「…………这根本没得选嘛」<01>,[],layout_only,0e7ecd6ba1bb29ec9af92f3a2f942e6a3c21b766c044652d0203118849e12bcc,e23853c87b12e8cf5d4463d0badbae8fd1b7247c87a401a90d7d9e770f3a2884
pm:vm:photonmelodies11.rio.004:874373084:00024756:00114,cvm,明明是受邀来玩的，老师却依旧我行我素，<0A>这种话就算说了也没用。<01>,[],layout_only,41808e93f4a1f37b188908d5dd7de8f34be7bd9cb758db1e1f8ee6c5df66c2bb,3c03eede178931e3dea63ff1d039034c2298318de632378e1b2044eceaab3edd
pm:vm:photonmelodies11.rio.004:874373084:00024812:00115,cvm,【柏木】「老师，我真的很为难！」<01>,[],layout_only,b110ccf25a0b2db9f8e7d47bc6775bc8688e2a83d1e71d7ac43d50e43d7a476b,b5af988a00475257ac9b465817b68a017054e9339fc23d7afa5840066fcc4f8f
pm:vm:photonmelodies11.rio.004:874373084:00024868:00116,cvm,【冥夜】「——老师，可以问您一件事吗？」<01>,[],layout_only,f6069caf42bb2b4e7a1520c3e5269486c91139925fd7a622fd2f648a797ac0c7,4260c43b735db00434f6f93427b578759cfd3139fca7f7f23e7dbe30927c395b
pm:vm:photonmelodies11.rio.004:874373084:00025324:00117,cvm,【夕呼】「…………什么？」<01>,[],layout_only,cb3a63936c0487e8551b70b9adc6d0d35e5205314d48a84410d27360865d338c,b7d1e7c65ad6745181f51f4cfa701fe4224df9cd076eeadb38878ebd3f55ad0c
pm:vm:photonmelodies11.rio.004:874373084:00025368:00118,cvm,哦！冥夜出场！对，只要你这时候说一句<0A>「弃权也没关系」，事情就能圆满解决！<01>,[],layout_only,68a00b77bc1fdb0cf55ee778819da6da76c3577aad183736b7469f0bd21ea456,52132ef211072f0cbb31e8b67046621e34fe5c6b142642666241b9fa76aa2f5b
pm:vm:photonmelodies11.rio.004:874373084:00025424:00119,cvm,【冥夜】「如果我没记错，沙滩排球应该是两人一组。<0A>若香月老师不参加，就会多出一人，该如何安排？」<01>,[],layout_only,4d1e89f749aa1c622b606565fad7103a41610bdbbc24e5172ddc467112e2a8f3,35405b9c64d145c3fcb9f40dd5b19b1851b77edb13c8075f34aaab12eaa5754a
pm:vm:photonmelodies11.rio.004:874373084:00025468:00120,cvm,【武】「——你已经默认要参加了啊！！」<01>,[],layout_only,a2a946fce7a44fe03f4378dac3523274b8eee5eefb0122bcf44fdb57d805ca37,3049d8a72547e6a23b16dcebaf3acb28919a41d37732bf30d956daf9ecbd2caf
pm:vm:photonmelodies11.rio.004:874373084:00025700:00121,cvm,【夕呼】「哎呀，这么一说也是…………<0A>好吧，柏木，你去考什么执照都随你」<01>,[],layout_only,d7a5a72b3c57e775ef930e58cb82ce3a9c1000f6109e77ac09f4ffcf9b80f00c,5c76208a4c9d0c635f03bd8e6048b5e6ed24b68b57a65578785f0295a2023181
pm:vm:photonmelodies11.rio.004:874373084:00025756:00122,cvm,【纯夏】「哇…………也太敷衍了吧～～」<01>,[],layout_only,f2d63bc14513ef18dff8d0f224b62649dbf43a21adffa046ab785f320b1b9ca7,b5e0db72e04fece967fb58dc4c682dc52be22d15e4c07fe18a4a0f30cc53ca6f
pm:vm:photonmelodies11.rio.004:874373084:00025812:00123,cvm,【柏木】「那个，我觉得问题不在这里…………<0A>刚才说的——」<01>,[],layout_only,bf17e16dcb795e66ac8ad99aeda0a8b0ffafec0846d5b1cc4d02bcb71cfa01d8,c0667606bbf42cf9ffc42d216c85b621f17d4f099419e3a453db9920b7970625
pm:vm:photonmelodies11.rio.004:874373084:00026456:00124,cvm,【千鹤】「老师…………您刚才说的，是不是有点奇怪？」<01>,[],layout_only,19093c5f5e3fa95cc0e7baaed87d0d076712a0153999de39edd55ce6a7bc4aab,a064264d26a367e97475da6a42f70ad1e29940270fad378426355740be70c71a
pm:vm:photonmelodies11.rio.004:874373084:00026512:00125,cvm,【夕呼】「哪里奇怪？」<01>,[],layout_only,ee132d5df6fc305dd72cadb6b5c75dc2601b8bb71d15b2467e802977a9032b4e,d07dc231847a76bacf5d63da094208b58afbebc681e694994c2b6284d4130b58
pm:vm:photonmelodies11.rio.004:874373084:00026744:00126,cvm,【千鹤】「既然是两人一组的比赛，<0A>报名通常也应该以队伍为单位。<0A>人数怎么会对不上？」<01>,[],layout_only,e99352e44f877c84891e155e60337b7db1ba6648b6c654bba05ab9ee5a0b0ccc,c4e1cafc53d2a8755f51b5539c51aff7ca84cd9d5bb44f076049f40e9b1de185
pm:vm:photonmelodies11.rio.004:874373084:00026788:00127,cvm,【武】「…………有道理，真敏锐啊，班长」<01>,[],layout_only,ac8ce52f7e02e1137563ad03cfdbccb6703155a6ac2c4930ff8469df091051b4,402a69279291addd7e182fd0a0c24af971da2eb0e594efd1630bd2912771bce2
pm:vm:photonmelodies11.rio.004:874373084:00026832:00128,cvm,我完全没想到。<01>,[],layout_only,88af19198472faaab0af7b0db3f202157a366d7828a0e4975ebfd45725cbf2e9,0546a3d5f86910e2f47d8c75dacad5df66877975efbfbac9fcffbc1c6d4a99a8
pm:vm:photonmelodies11.rio.004:874373084:00026888:00129,cvm,【柏木】「对吧？我也觉得奇怪。<0A>老师，您到底是按什么方式报名的？」<01>,[],layout_only,49d45b491ca766c96c1c2e6dde2e7d3f1da81334b16c77a82832f17069abe491,8d881247e931ca0d70d7a2b965aed1a766a6e377c73ae74abdf5e8f596b4e03d
pm:vm:photonmelodies11.rio.004:874373084:00027400:00130,cvm,【夕呼】「我怎么知道。<0A>我只不过是说，你们要参赛而已」<01>,[],layout_only,2ba8f6b42e576f79c918ddcbba669c907135b1e3979abb304945ae59d0877543,38b11110c51960fa227147dab785ce43b676839c989ed523021977836c3ad9d4
pm:vm:photonmelodies11.rio.004:874373084:00027444:00131,cvm,【众人】「……………………」<01>,[],layout_only,8484116796f3c15fea2841e5c55e4af4e33988986cca387ac1307b29abc8d528,31033caad7deb6aad36342d8483b32c46ce947fd5b6ab106a7ff3c7e1d1da62a
pm:vm:photonmelodies11.rio.004:874373084:00027664:00132,cvm,【武】「这样，真的算报上名了吗？」<01>,[],layout_only,1e591585e75b4d401723eee8cb9d34c34916cc2cf400c76ed91301794cb41be4,92c37beb4b2338f96d9f3ceae73d0602b3ed93ed418996b57aaadfdf99fbcb1d
pm:vm:photonmelodies11.rio.004:874373084:00027720:00133,cvm,【悠阳】「真那？」<01>,[],layout_only,b6b024b76aff3d74fb2f2da34668b90a4b112a1b0a454300bea2ef979111ce8b,e926f08a568231dfa32b5b76f3ef0274e53c6c1950fb107f8b1efa054f57724c
pm:vm:photonmelodies11.rio.004:874373084:00028088:00134,cvm,【月咏】「是，我已经确认过了」<01>,[],layout_only,8122716628f11f64a104537a08965eb489b37dcd0e6fa789fb0404dc6e8336d6,a3fc3a68522e5d425e3c86bb58b13d3e17dc10c70947a1cef51256522809bd31
pm:vm:photonmelodies11.rio.004:874373084:00028132:00135,cvm,——好快！<01>,[],layout_only,434aefaa2e6c1ca6b38e945e57b926978e00579e0d27389393bc33f6fde3fc88,ff64fbe1feafa542fd75f77617bc76399470db17ae041cf2489fe74e6230758e
pm:vm:photonmelodies11.rio.004:874373084:00028188:00136,cvm,【月咏】「这场沙滩排球赛，<0A>与其说是正式比赛，似乎更偏向娱乐活动」<01>,[],layout_only,f7fb574642af796d97c83242e9b7ee662a585aa69e84bf4ae59de11944c5f313,c4fdb32b42dee1ebe9549c03ac2cc728b3451992d61dcb800a9d5573672ba24a
pm:vm:photonmelodies11.rio.004:874373084:00028244:00137,cvm,【月咏】「因此，不按性别或年龄分组。<0A>另外，比赛采用淘汰赛制」<01>,[],layout_only,579676bdaf8a34d3406212c882d11de74dad1c55766f8a756f151d1eadd0d793,c65833fe9afcf3654b2b8ef1ff403b6efbc3eb59f050577e7d77fa805128e75d
pm:vm:photonmelodies11.rio.004:874373084:00028300:00138,cvm,【月咏】「报名方式，确如榊小姐、<0A>柏木小姐所指出的那样，<0A>规定以两人一组的队伍为单位。不过——」<01>,[],layout_only,039ec28d7712213e68337c8f927c60d5a3aab84a3acd748a40144c82427fd0e9,833e3c1e576cac8f7619d590d172c7b4ac821f7cef90dba7edbdca23d9169e09
pm:vm:photonmelodies11.rio.004:874373084:00028532:00139,cvm,【月咏】「至于各位，该说是受到了特殊待遇，<0A>还是该说香月大人强行施压，<0A>把事情搅成了一笔糊涂账——」<01>,[],layout_only,f7d022db9bdce2685046b7c28dd6e2fcc483ffd3774e31d46381a7dece8e7a53,36f3354b1bb5c03ca7bf03c9573e0e9e38325e380c3b010a60ed562d3c38b193
pm:vm:photonmelodies11.rio.004:874373084:00028576:00140,cvm,……………………。<01>,[],layout_only,efa30788584cfea7ade60ccc37d7fc6cda943e64935eb133252c341159e58e05,0b3d7aae4004dc9b91522cf9245f879b48b6a3b3d3c28ecbba043ba8207a6df9
pm:vm:photonmelodies11.rio.004:874373084:00028808:00141,cvm,【月咏】「报名阶段并未要求确定队伍构成，<0A>只是，最终仅有两支队伍能够参赛」<01>,[],layout_only,c09e32d827785daf2fd447ab78ae2b5f1483c3914eb0a50477e4e67866786837,f1c5d0bd9eb8087636f8757e4e83d58fe21d9e8a61c9988e5829a1c6a6e3d99d
pm:vm:photonmelodies11.rio.004:874373084:00028864:00142,cvm,【夕呼】「哈？两队？那算什么数量啊～～！！」<01>,[],layout_only,c74e8e041f3f30c63ff085ab79ab67a99a99b6afed174860897fc126f3dbafb4,23096319f185f2e998b8202677e3b5056c5bea63ad05f954e3fba3e42d4f29f7
pm:vm:photonmelodies11.rio.004:874373084:00028908:00143,cvm,【武】「也就是说，我们所有人都已经报名，<0A>但实际能上场的只有两支队伍…………是吗？」<01>,[],layout_only,8659671d975147d93e1767ca739c4ffd382ee280e0d14c6ce0487fd9b0f79e6f,c3ac13a047f1d473c200d1f165ba11921d39ec7d0f65ae6aebf4f6b6cbc84486
pm:vm:photonmelodies11.rio.004:874373084:00028964:00144,cvm,【月咏】「正是如此」<01>,[],layout_only,0464f10b201ba845cdad0f4c47287b7fc0ec21e6da1bf6eb4c7f3b0a152dda0c,b36fabbc283a8da92a74cc7ee9ddc0a16be536e7ea931da8863d422c9c66b773
pm:vm:photonmelodies11.rio.004:874373084:00029020:00145,cvm,【夕呼】「这算什么嘛～～」<01>,[],layout_only,5186c789e21634ec88585a2206c48adb811419829c7ef723282ba21104d99272,dab35672c0d4ede90dfa9d9850770d563dfb4c15d406622a8a3fb57f14eaea4d
pm:vm:photonmelodies11.rio.004:874373084:00029076:00146,cvm,【麻理茉】「都让你这么胡来了，<0A>人家肯让两队参赛你就该感恩了！」<01>,[],layout_only,ef57e88b8c228072c7fac21a2f7561edc35ddbabeaef9fc4d1589c4e22b2d5d6,043648d7a1b5e3c1569aa78418357fb907e1b28faa2f0709777155deb8f6f369
pm:vm:photonmelodies11.rio.004:874373084:00029120:00147,cvm,反正，她肯定是想尽可能提高夺冠概率，<0A>结果还是被人家彻底看穿了。<01>,[],layout_only,7e78ff42d0cab0d4ff070cc11ed5972926235224256305aa40ed73006734f8a1,2cd43eb17cecdf7a810989ed65a50e3f6ec5bf4d9a79dd8589bf02c8abb4ff8f
pm:vm:photonmelodies11.rio.004:874373084:00029820:00148,cvm,【茜】「那，只要四个人就够了吧？<0A>既然这样，晴子和彩峰同学就不用勉强参加了」<01>,[],layout_only,7d62f59716b18a298e2851fe385840e1ec0345f7ec4a0831d3cd8a4ff0c29ee2,5e6df41dfa562c8fcd45e2f8cec0d5b4a9a3ebc106a905544da61340355ccbff
pm:vm:photonmelodies11.rio.004:874373084:00030052:00149,cvm,【千鹤】「我们也一样」<01>,[],layout_only,8affe4bd52ad7e5ec061812ea4ae5bedf2d29c0ed8286f2b6f09d55a40f748f5,19812740f06f24f84dedf33580fcbab6d0919fc92ca00a7ba3409018d07fd121
pm:vm:photonmelodies11.rio.004:874373084:00030108:00150,cvm,【慧】「…………老师们正好有四位呢」<01>,[],layout_only,d6c53d6e5a26b935035c16b41c12a1d260a0ed2d66541e1b11ea62d2249342e1,2374baea99a86432881895595c73700db05c057826093a2b690e893e52499ab4
pm:vm:photonmelodies11.rio.004:874373084:00030164:00151,cvm,【老师们】「咦？！」<01>,[],layout_only,d04f10cf2b903365abbac79039331720b8ea41b6fedb100bd6810973a40f0ddc,33b11664dd8aa86e700e2675883e01fcac5e739e53462e634ae9a516dfb9f570
pm:vm:photonmelodies11.rio.004:874373084:00030208:00152,cvm,【武】「对啊。这种时候，<0A>果然应该由身为同事的几位老师来想办法吧…………」<01>,[],layout_only,2530f7a4f95a60a7f05aee9d0a9a95cf61e1c1d05dd9dc8dcace8f8d922e5b18,29c9bb0f79e1ad941fde8fae2df1259534fafbcc8d4cc88f45b93b5a68cc6a06
pm:vm:photonmelodies11.rio.004:874373084:00030872:00153,cvm,【麻理茉】「等、等一下啊，白银同学！」<01>,[],layout_only,0b499a93fc2fffb14f15597122e2bb97ecdfa827ee731adc0e298cf22e6d74f8,162a028abc6cbea2689cfb8c43879fc78880002c078f52b8831955e490aef559
pm:vm:photonmelodies11.rio.004:874373084:00030928:00154,cvm,【夕呼】「怎么啦～，你们就这么讨厌沙滩排球？」<01>,[],layout_only,f06c610319fc27cda462f12bb9fbc8bcdfca5f465229fbed4ac8d9e48a99d912,5af492ba11b8fd88834f2d99be936894d1c1b3b7cd41321316139398ccea1a4d
pm:vm:photonmelodies11.rio.004:874373084:00031148:00155,cvm,【武】「与其说讨厌沙滩排球…………」<01>,[],layout_only,c4bcf3acd0ce48f60eb2db9637d8e9516068265a822e58ef6b7d71da21872dee,6be6fdaf85953255eb44205964064d196ec544ab9e506d6628ac51232a88758a
pm:vm:photonmelodies11.rio.004:874373084:00031204:00156,cvm,【夕呼】「现在就偷懒不运动，迟早会胖得圆滚滚哦？」<01>,[],layout_only,52901a2a604a34aefb453cae0f664044a338cf01abf102272a37397d77f13a00,44a528b692643c610d9a34e85c725f7c817680a55dc00890759227e586bb36fc
pm:vm:photonmelodies11.rio.004:874373084:00031848:00157,cvm,【霞】「…………胖——子」<01>,[],layout_only,a0384be985e02a1413d403ddb24e2746ade7f2bae7b54dcd1d37faef4f6e15e3,d442e1efc02f19eefb6d8738fa4db800b777bd1e20e2daf0bb7460b067c1b90a
pm:vm:photonmelodies11.rio.004:874373084:00032068:00158,cvm,【武】「别担心，霞，<0A>少打一场沙滩排球根本不会有什么变化」<01>,[],layout_only,8fc31c0fdfa4eab3e9f171fcf8449e77d7de5af0707237d8189c61c211b88e08,7de0bd07b5d8a8d31fe835930669a9dff7a5feb49f635a36a3821c2100962910
pm:vm:photonmelodies11.rio.004:874373084:00032124:00159,cvm,【夕呼】「真没办法…………，<0A>看来只好忍痛割爱…………<0A>好！夺冠的话，奖品分你们一点！」<01>,[],layout_only,7dd7e6f58984511b75b04d7542bfa085d28cda21356451c83ade28f1330c4883,40ebd53e33c25e6323f2a928d4acc1fe7fbe8cd19b215586b277bc6dabab0e94
pm:vm:photonmelodies11.rio.004:874373084:00032636:00160,cvm,【千鹤】「…………那个奖品，是可以分的吗？」<01>,[],layout_only,67da2d489ed336f364e490422944abe0fc5adcd0aafac77777f967b00b5b29b5,627bfff612c9a20d0b38c59f57e386d90902c727f194141f328bffff73437497
pm:vm:photonmelodies11.rio.004:874373084:00032856:00161,cvm,【武】「哦，班长又一次一针见血！<0A>吃过饭以后脑子清醒了？」<01>,[],layout_only,23862e04db7f87409bd6a8dea4b2b10468f2703b05260a035fe424d55c5694b9,cd8f6c729f1417958fc76752d23b55aebe5189845e0ea4443b66f2f295e6f072
pm:vm:photonmelodies11.rio.004:874373084:00032912:00162,cvm,【千鹤】「跟白银同学相比，我觉得自己一直都很清醒」<01>,[],layout_only,f0d08205b4d47c290240145c7826f79f9b0ebaad73a41a435d9b7062cfcb5479,ea1d8b276d08523f47ca9140186da94654886675437158d4c5609a1bc4531051
pm:vm:photonmelodies11.rio.004:874373084:00032956:00163,cvm,【武】「呜啊！」<01>,[],layout_only,7dc0953bda422fa81f5a711e2850ecb38b753e39acb5f07cd968e9a6459cd08e,023005aef5c98f2dba70b06806138fbf563c433172a199461ccd53938a0a5a58
pm:vm:photonmelodies11.rio.004:874373084:00033188:00164,cvm,【夕呼】「真是的！哪有人上来就泼冷水的？」<01>,[],layout_only,03099c604835294f141fbcedba4dca6a0a2f569ed40110dbe3f578bda9a6bf03,9a170af784bcdf5c574bc72321cb666ea110b2fad7f6fb51a7cf56dbd2feb330
pm:vm:photonmelodies11.rio.004:874373084:00033244:00165,cvm,【冥夜】「月咏，榊的问题究竟如何？」<01>,[],layout_only,d6e162d0d90797e308057a947e01401a63082719ab15ac54a4aaec05cc46ac23,a658dd80177224845b74b0d5f5a2fd0c84ae5ba03c053e2f27b8bc2680e026ca
pm:vm:photonmelodies11.rio.004:874373084:00033612:00166,cvm,【月咏】「是，本次大赛的冠军奖品是，一亿日元——」<01>,[],layout_only,7efb8483cc501088e0c457003fff19a13f679a4021dff0fcdefa4219f889bf94,9f2dc6e8dea5e7d756990d5cfb81735c7e174119a42627a8054d00be4ae230e3
pm:vm:photonmelodies11.rio.004:874373084:00033668:00167,cvm,【众人】「咦！？」<01>,[],layout_only,93ad03b02b86f1e1af2eda14896adbf55bdf043418165eab64344e767776a541,dd101c623e6ec8d014cfe023581885f74e7758793a8752faecd552573209d557
pm:vm:photonmelodies11.rio.004:874373084:00033712:00168,cvm,【武】「真、真的吗？！！」<01>,[],layout_only,9bb112f821cc4dd7c26ec2e321800047e24b7bc32d7ba1647b8e2ebbbe691426,af090a219ccfcc581519bc957d7aaa70f29349f9831cca34a5c235f41ad017b5
pm:vm:photonmelodies11.rio.004:874373084:00033944:00169,cvm,【月咏】「呃，啊，是…………不过这一亿日元——」<01>,[],layout_only,98530f935188bdef5fe426be58aec273a184e51dd126a9d3831b87b393670a9c,1c78931923c12ec7b38a479d3700d9f6349eba50483c49cabde0d9293bc74b02
pm:vm:photonmelodies11.rio.004:874373084:00034000:00170,cvm,【悠阳】「哎呀…………规模还真小呢」<01>,[],layout_only,b955ddf948e7dfb3182084ca3f0d7f71d776629270c984a4fc83aa229265885a,dfe357c0a274465ccc0c537ef00f9c54b7dafd3ed306ee2ae211fe844243010c
pm:vm:photonmelodies11.rio.004:874373084:00034644:00171,cvm,【冥夜】「确实如此」<01>,[],layout_only,ce3e6751f7cba74552aed931e55548939173dc4dc15ed09518e397a5bd2acf3a,9d3a77078acfe96a7c07529927c73938b3b9c24cba05dda1742a37fe4769f492
pm:vm:photonmelodies11.rio.004:874373084:00034996:00172,cvm,【武】「真的真的没开玩笑？！！」<01>,[],layout_only,7c70b90b6e8fc1303f219f1ef82f70d469f7f57a3a0b56fd7a98992ee7e829d5,b0d235955f1968a8e86746800afd16a00bb368bb76d7d495b0c9fc77f36b1d06
pm:vm:photonmelodies11.rio.004:874373084:00035040:00173,cvm,这是什么金钱观！！<01>,[],layout_only,d68a3a095e59f3adf49fe73c7707afb2b641b6af28297330496f8299ca4ec96c,23a7f1a8ae46d0fe69d6b9e202d9010a5f8359c52a2717ac788aee5eca942d64
pm:vm:photonmelodies11.rio.004:874373084:00035272:00174,cvm,【夕呼】「不愧是御剑，<0A>一亿日元都舍得拿出来，真大方～～！」<01>,[],layout_only,52cd75cac85f6f358f79c18aee7e4a9f6f375e62a0fbccd901a865aa6c3ce499,be3db01b1f226bb01e9c261bae988a344164443cea34bd9a13bb8f7e9e5010d7
pm:vm:photonmelodies11.rio.004:874373084:00035316:00175,cvm,【武】「一、一亿日元的话，<0A>哪怕一成也有一千万啊？<0A>一千万是个什么概念！到底是多少钱啊！！」<01>,[],layout_only,2bc599b78bbe23f2b55e8f80b76cd2a2f077f9c19e11ac59b63f41a91da80252,2db4a43f80a4d5f696e0719e2464c0bb79984008428e86ed3c2d39c6513f2ee1
pm:vm:photonmelodies11.rio.004:874373084:00035548:00176,cvm,【千鹤】「一、一、一千万日元就是一千万日元啊！！」<01>,[],layout_only,c67305ae851c7106b1f40ddc7e7677fc9568f6f7e95c8a3948b81bba9313c33a,8950b2e52395c75db104530644032a1f6099ddd5c8e1303d326567f5b1ec9251
pm:vm:photonmelodies11.rio.004:874373084:00035604:00177,cvm,【纯夏】「哇哇哇…………<0A>一万日元的钞票…………<0A>那个，那个…………要多少张？」<01>,[],layout_only,0a987d4ad4c857de333eeab6a66edc5dad9cd0d4f6ef816b5074222573d2f226,bc32a1a0be539cc1cceccf7fae9f5df1456c7e7f5ada8bcee40a48fad619371c
pm:vm:photonmelodies11.rio.004:874373084:00035660:00178,cvm,【茜】「是一千张啦，冷静，冷静！」<01>,[],layout_only,b60477e887786d70b86112e3bfd5b5bc2af32124140546160b09b61326514924,adf6a5e16b5fd9223b85e6bf9cef387c42f26a60e5e6e24752e19a5c41dee757
pm:vm:photonmelodies11.rio.004:874373084:00035840:00179,cvm,【武】「我、我们要是夺冠，<0A>您会分给我们吧？分几成？」<01>,[],layout_only,76c9438eac14009c5b28936d79f1f4b2168a798bc94a4dae08116d9f2e3512e3,a5cf502b00ed807446bd7f99ab090b1bf9be22cb32538afb318b45be212d0161
pm:vm:photonmelodies11.rio.004:874373084:00036072:00180,cvm,【夕呼】「哈？你说什么，一成就够了吧？<0A>这都多得过头了」<01>,[],layout_only,cf7fa02d8d2bed0769bbea9fa36e5385add027c5663775857e7d997be996ddcb,b2448153420b589231a0cef45f9525917752d25ddf9b28ea4acc7eeeee2f4865
pm:vm:photonmelodies11.rio.004:874373084:00036116:00181,cvm,【武】「一成…………就算一成也有一千万…………」<01>,[],layout_only,dbcdde18c107ef9e744455b0db33ac8cc35080fbb29325bfe904853fb5035df1,f64416de3460fee6afbc910e7c6a0d98b86c2728e97720d6206644d6d18052d2
pm:vm:photonmelodies11.rio.004:874373084:00036160:00182,cvm,要是有这么多钱…………。<01>,[],layout_only,32e638d30b9c084b41888cc8b95c1938470646c480caa17501cae8937378068f,35be9989000c2cce1badbe1f580711f39818f2bfa8d5b5ed5e8f92d8ecde7db3
pm:vm:photonmelodies11.rio.004:874373084:00036804:00183,cvm,【霞】「那、那个，白银同学…………」<01>,[],layout_only,4d513878e16abba5e6c095fc91c240f7c8649c4500b4d0de61ff5f5922aa6285,20dbc8d50dabd1a9ce233a3edeabd242f96e729b8388637281d1a27bf172196f
pm:vm:photonmelodies11.rio.004:874373084:00036996:00184,cvm,【纯夏】「我、我、我嘛…………机会难得，<0A>要不也稍微试试吧～～～啊哈哈～～<0A>我一直都对沙滩排球很感兴趣呢～～」<01>,[],layout_only,9517e58f8e31ef2f76ba5f8c2b2b372f10ce9ece976048942df6ee8bbcc787c0,b5e1942628a89ba3e082432e6ff0dcd8e6051b2ab78eb58b57875ba0c68fc8de
pm:vm:photonmelodies11.rio.004:874373084:00037040:00185,cvm,【武】「哇…………变脸变得也太露骨了吧」<01>,[],layout_only,d07da8ba5e49cc51168118c9ce17e848f9374c84093bc1c38516516dcfd1997b,c5c67f914eada55404ab5455cfb3580a94181e244a7409c58768f3a88ce3c733
pm:vm:photonmelodies11.rio.004:874373084:00037272:00186,cvm,【纯夏】「才、才没有呢？完全没有哦？」<01>,[],layout_only,cd803b1088304a4fa9b71e5909e3d7ec60445919ac00ee81ad3fabe6df49219e,46706801ec124e8fe97382060b993995bfb52d8c137d54e33bce9c4dff9ccbc5
pm:vm:photonmelodies11.rio.004:874373084:00037316:00187,cvm,【武】「那霞下海游泳怎么办？」<01>,[],layout_only,a7c0f05fe6f2f81c0ce2fbabda81f8d02a1ae8f12fef34beeaae299e09cb47a3,02a2e5a44aafeb7afcd249415b18c825e341020797f92feb002c116b354c3828
pm:vm:photonmelodies11.rio.004:874373084:00037548:00188,cvm,【纯夏】「这、这、这个嘛～～～」<01>,[],layout_only,cf1208f515a63cc1830bddb5b45a5368057e8be0f986a96c353ce072eae97585,37d4c92ee98c7bb6d478fc2dc25a496343a759016e33740e6d1e37c942f289a9
pm:vm:photonmelodies11.rio.004:874373084:00037604:00189,cvm,【霞】「那个，我没关系。可是这件事——」<01>,[],layout_only,f1495568f5a99c94dac14ed860d087152e8bf2b457b915a72ab55c9de40e06db,689abb6878cbfdeb01ebf742ada01de9eadaaf8819f50b843616b46efe85d168
pm:vm:photonmelodies11.rio.004:874373084:00038116:00190,cvm,【壬姬】「壬、壬姬也…………<0A>在想要不要试试看～～什么的～～。<0A>我以前就一直想玩玩看呢～！喵哈哈哈～～～」<01>,[],layout_only,9d60c08f9538fe8700636c768c6cc8e661eb73e61acbd3aeeda406eb3af82a01,705fcefc15e1c2574cf3edf9ed0ef7ada10076775f28bb8e66a961847f94716c
pm:vm:photonmelodies11.rio.004:874373084:00038160:00191,cvm,【武】「你也堕落了吗…………」<01>,[],layout_only,ef8f1e3e4c36691444cb1457a0fcf3f4da1e91a6c492004a343a80d2e2d7d643,49fd56b8dfe1baddfce3a30a8fb80a6459125f646d1b64bf0ff97ebb8f1c9fd0
pm:vm:photonmelodies11.rio.004:874373084:00038216:00192,cvm,【茜】「我说，千鹤，是不是挺有意思的？」<01>,[],layout_only,1f95ea26ae5748c161e77c4e212c57daf494f3bddbeda0ebff20b8db92d2b25a,736b734a29d925692dc54c0fe421af00d4e9cfd7e5c29812261cb8bffa701e34
pm:vm:photonmelodies11.rio.004:874373084:00038848:00193,cvm,【武】「连你也堕落了！？」<01>,[],layout_only,8a063a948531c3c1f5db6e3680770b764985a80ad54dce7fbd49ebf6865ca7d2,88237e09c28140ce18c0363b27c55e48d9014f8e656da7a032eb38049a5b8690
pm:vm:photonmelodies11.rio.004:874373084:00039080:00194,cvm,【茜】「咦？真失礼～。<0A>我只是觉得拿来打发时间应该挺不错……………………<0A>不过，能拿的东西我当然会拿」<01>,[],layout_only,b9467dd4b7f97da76c5c146d076b62b84dbe48f0f9d9e2cc8ab032054b6ed983,a8333cfe0b476d6e9d83712d5402667ddd16d1f17a2285391dd375b63db52d42
pm:vm:photonmelodies11.rio.004:874373084:00039124:00195,cvm,…………什么叫打发时间。<0A>你刚才说的明明不是这样。<0A>最后那句我可听见了哦？<01>,[],layout_only,04dec9b01c1d2c03be799d3f75b227640b8453f5b99c5a51a9b9d2c9edfa6d4b,7fb506d4e777dd8253ddde9f06e7f22cb47426777ac684d40c0806b8f160a168
pm:vm:photonmelodies11.rio.004:874373084:00039356:00196,cvm,【千鹤】「既然茜想参加，我倒无所谓…………<0A>但为了钱去比赛这种事…………」<01>,[],layout_only,7b31d8494328b089e47f9cc5ce755d24df261d8c3693769c6c797be370cdcd34,ccb3b4c32380f94c271e6bb2bb909fe56dde3d6c27464b6a8b7b959cd58bbab0
pm:vm:photonmelodies11.rio.004:874373084:00039412:00197,cvm,【慧】「啊，你不要分成？那可帮大忙了」<01>,[],layout_only,669d0e69a9cd63870204b4771525c2654f93f6d7b940fe321cf5808ce260e8fa,614593298764b5c926563d4fc9919f660588fefaf2973f675cbe67f9c9b87272
pm:vm:photonmelodies11.rio.004:874373084:00039644:00198,cvm,【千鹤】「咦？啊…………我、我又没说不要！！」<01>,[],layout_only,d410e7011d43f7dbb1d8023f55a803be542ba0eea7f95f2d8312b74d0e341026,51d8dc076a71909b36a6d0bdb110c671a7be2bdde3b7fe370954f9fef7ebc261
pm:vm:photonmelodies11.rio.004:874373084:00039688:00199,cvm,班长，好，沦陷了——！<01>,[],layout_only,418bc6cd8def238ee105fea017200584b81f418889c70561aedbde3944410936,362ad0ac85d32125d2014c2a7251450cb224735f7fd29205941eb8b34f13ef23
pm:vm:photonmelodies11.rio.004:874373084:00040320:00200,cvm,【武】「彩峰也有干劲了？」<01>,[],layout_only,b8c94ed044d681fceb3d66ade0a516a51f625f464623994031ab6a1e8b3a6b52,be10e587c06a59a8d518f2d4f380c5322c99cfb9b9bde0b85ba5e393e10e9181
pm:vm:photonmelodies11.rio.004:874373084:00040552:00201,cvm,【慧】「算是吧」<01>,[],layout_only,7f6ff91e4aa25a3dc8f2e6ab55e9f0e4dff2b439aa1635571e3dc6dc0004931b,2e44361c030e597c895759592bb2ddcfaa4d7d0f36c28b70a51d4a3bbd8ab087
pm:vm:photonmelodies11.rio.004:874373084:00040784:00202,cvm,【柏木】「咦？课程怎么办？」<01>,[],layout_only,7f86b204c1d59713a1fa7783ea8f0ec9f83f035e6023ef4568b41f4015456e1a,a578cb41ecef505ffd293c9474c4ff731e5785ac84a89a1417a7dd239eccc4d6
pm:vm:photonmelodies11.rio.004:874373084:00041108:00203,cvm,【慧】「…………人啊，有时会站在人生的岔路口。<0A>这是个艰难的选择」<01>,[],layout_only,f10c667686c98e8e52f3c43def68e63e3152727e9dea2fd93abf42313a8e7e0e,dffb339d56a808a53f1640f587515f8eed8bc4ac49654879488e2695edea391b
pm:vm:photonmelodies11.rio.004:874373084:00041152:00204,cvm,…………我觉得不管选哪条路，都算不上什么了不起的路线。<01>,[],layout_only,3c8e07e0b842fcd8101613f363e9f49592d7f93abfa6f6cf660f86ed0bb651a8,dda10c77e56722aadbb4bd263ee2d6859ba02bf29bf738927fb82df33b421251
pm:vm:photonmelodies11.rio.004:874373084:00041664:00205,cvm,【美琴】「我说，你们从刚才起到底在聊什么？」<01>,[],layout_only,3e408d78e282fbd60d3606f002c06d827049842746f8c0f17d41fbc02b3ec09a,8e4286e662c0eebfef6b58d7ae60599c0a91980a5bf570e0efabf7b1c18bd2e7
pm:vm:photonmelodies11.rio.004:874373084:00041708:00206,cvm,【武】「没什么，不用在意」<01>,[],layout_only,5f37c9cc2c1ab10681e489b8c66b2db994ba402a114f09e0803a0991a0b435a4,174355810c40cc098eba8fbe37ff01908466262ea35fea0fd5cee1a9071e2a35
pm:vm:photonmelodies11.rio.004:874373084:00041752:00207,cvm,美琴的话，凭那身运动能力，就算不说话也会被卷进去。<01>,[],layout_only,c3e9bfa21630cd066563288c174079924cf20f5b1806f73ec80e6afda2e14326,cdde7a94984e33ad74fe9fab02a65111292f534bda7510f9e92ec315bf7ec4aa
pm:vm:photonmelodies11.rio.004:874373084:00041976:00208,cvm,不过话说回来，一旦牵扯到钱，大家居然会变成这样啊。<01>,[],layout_only,06d5a2ed2bd4fa00731701d71403bfe4181a59489d374bdd5711263dd0aa0d1a,a475ef4973504cb672a50318d9136725532ee904ffe3693f9646f87b6fe3253b
pm:vm:photonmelodies11.rio.004:874373084:00042020:00209,cvm,不过，最后只有四个人能上场。<0A>而且，其中当然只有一队能夺冠。<01>,[],layout_only,e081c1c088216ee71f1cd98e33a599829a7b83bcfbac0b1d0fb4e7593d1a7ae8,4a7ad42154153f78115d8fe78c1b25f4886e0bb7ea5ded9430789e09af30cc77
pm:vm:photonmelodies11.rio.004:874373084:00042064:00210,cvm,看来，光是分队就要吵翻天了…………。<01>,[],layout_only,3a4f4d29bdb7fb0e03002ae97b8b1497be225ebd9757b73ff7da2f47d46d68c3,f8a4bb25f05dab383e53f01cf481aeea8869bc53f31be7b539cc16708d51a92d
pm:vm:photonmelodies11.rio.004:874373084:00042108:00211,cvm,…………。<01>,[],layout_only,a8c0841fada26437e06edf4cc99a2f89302a31715e6fffabf09bae04dbbc9a80,8b9838ce3d87979c99406185b29994e51c8853c86ecd9f0c3a80843c34808661
pm:vm:photonmelodies11.rio.004:874373084:00042152:00212,cvm,……………………。<01>,[],layout_only,efa30788584cfea7ade60ccc37d7fc6cda943e64935eb133252c341159e58e05,0b3d7aae4004dc9b91522cf9245f879b48b6a3b3d3c28ecbba043ba8207a6df9
pm:vm:photonmelodies11.rio.004:874373084:00042196:00213,cvm,——啊！<01>,[],layout_only,4fd30bcea5028cc94b79fc36c466f5af7b81d44a40b9f031d9ff7a71e2ad7261,e1ae97aaa7488ff8edaf6bd08c28b6a5f8e189f386305cf9d892b36be592cc9c
pm:vm:photonmelodies11.rio.004:874373084:00042696:00214,cvm,【武】「老师…………您想夺冠，对吧？」<01>,[],layout_only,a2f9664a6711639f90d309296caef8d990908783e134f770c19942210a19853a,4df3e50539232120a4397360df1dc0c2263d68894bb5c9bad2677333ece0c1bb
pm:vm:photonmelodies11.rio.004:874373084:00042752:00215,cvm,【夕呼】「当然了…………等等，<0A>你，想到什么了？」<01>,[],layout_only,a6e872d7488ef3263973d9a1edc92a372edc647aa25750855585fc1c04da0ada,656b8b9b5ae6ea6648cf53b843c8db9f10cc0282a476cf00b26937a5217b35ee
pm:vm:photonmelodies11.rio.004:874373084:00042796:00216,cvm,【武】「嘿嘿嘿…………」<01>,[],layout_only,0b332ab60bd6228263ef9603d19a8ed0f34a7210d9ae2c4904df963766880a46,e6dfa5c0dd6261084837c5ee445d7596341324213812817f0c9984ed149af72a
pm:vm:photonmelodies11.rio.004:874373084:00042852:00217,cvm,【夕呼】「说来听听」<01>,[],layout_only,35df8876d90201e776229061f40af905a3ab214e9bf49caf89a58a5d71bb8136,52f01202d7c4e394f53cc73e86233b59ad49cb37ef8fcf5d9a50980ec76e6ae7
pm:vm:photonmelodies11.rio.004:874373084:00042896:00218,cvm,【武】「那，先从分成说起。<0A>嗯～～～一口价！！每人两百万！」<01>,[],layout_only,de9c82ab8decd738e8f1ebaf72e4f2aa9f6b4d029d823cff20f0ae4c4485c0ec,5be47eba7aba4b0bd3a6aefdc1c785189c9769c5f31a1eae82c1522aa4cb714a
pm:vm:photonmelodies11.rio.004:874373084:00043128:00219,cvm,【夕呼】「每人？说得真奇怪，<0A>老老实实夺冠的话，每人就能拿五百万哦？」<01>,[],layout_only,c4a1a9b024676db5aa2b55849f1fdb0d6af2fabd3e6916741056ae2a9c9a5d5f,42cb828a2170104bce98a59f2f8470e73abc65f9733ac0a0796a34de28edc104
pm:vm:photonmelodies11.rio.004:874373084:00043172:00220,cvm,【武】「不是，我是说给我们所有人每人两百万」<01>,[],layout_only,b63eb734337990ddf66574fc194debb32953e82a2137cb9ae1dfadc3cd5d0394,2bbb7dddfb4b10818190f6f6d0f3e55bb54cd6216a626dce7420cc503041835d
pm:vm:photonmelodies11.rio.004:874373084:00043404:00221,cvm,【夕呼】「哈？你说什么？那不是总额的百分之三十吗！<0A>就算去掉麻理茉她们，也有百分之二十二」<01>,[],layout_only,a2591dfe8d607dcb51cf922dd5c00c54aa600fb57f23362279c0e9d32e06cd31,c25f73376b8d0e1131bfd775615f392f80619aee2898ab65bb30aee3244ad8ec
pm:vm:photonmelodies11.rio.004:874373084:00043448:00222,cvm,【武】「作为交换，我们大概能夺冠。<0A>要是这样还赢不了，那本来就无论如何都赢不了」<01>,[],layout_only,11ffcab0641779fef13d9c395db38ee9b32e05c139df24ae3f3faeb698d85c48,c0f76f667f751c1800c922cfa4eb7cd13a4f6dd7f381a4649bb3c03b3d092d69
pm:vm:photonmelodies11.rio.004:874373084:00043680:00223,cvm,【夕呼】「……………………那就听听吧」<01>,[],layout_only,cce10f27fda44b335d3b4285aa5bd576dd7fcf15c38c3707e78207cc3c317fad,b4a045ba0ac0911280bc7b5f37e066b389bfed7492928b260f8f600b90949a64
pm:vm:photonmelodies11.rio.004:874373084:00043724:00224,cvm,【武】「我们所有人都已经报名了吧？<0A>但能参赛的只有两支队伍」<01>,[],layout_only,d293a349f19c6a786b3b802be2856a1ef0da935313cfab09fb2a7d8065d133e4,c8a0d060535acc5347e50584df2d6f3f93a417c65cfbff257268f3200fefdc3b
pm:vm:photonmelodies11.rio.004:874373084:00043768:00225,cvm,【武】「队伍少，<0A>确实也可以说夺冠机会更低…………<0A>但那只是一般情况！」<01>,[],layout_only,725d0cb2dbd61f030f152af7e236555496e03d9e1e2c8d307e188ac0c9ebaf7e,0a6bdabbc78343c75b76561d95f4040717a9939a957e114b5be5b757ca6b1906
pm:vm:photonmelodies11.rio.004:874373084:00043812:00226,cvm,【武】「对我们来说，<0A>这种状况也意味着替补选手多得用不完，对吧？」<01>,[],layout_only,d91d67c13a84f2f8f4fd40fe53a863893d203477b7b3357a051bcc4cda5dc004,c6ad1575c1cdc4a0237615334cfb29534f2a0c782c213470df7d043a0620046c
pm:vm:photonmelodies11.rio.004:874373084:00044044:00227,cvm,【夕呼】「…………原来如此，是这意思」<01>,[],layout_only,6c90ba08f8f0386da6c99c76affa83518e8d706dd607467b68619779320258ee,442ea35f5fad7f6356db714a627b7fbc625902c84148acfb9f3757165afdc533
pm:vm:photonmelodies11.rio.004:874373084:00044100:00228,cvm,【柏木】「也就是说，<0A>你想根据每个对手更换阵容…………对吗？」<01>,[],layout_only,8420b199fc93794a25db8e0c32505083749839280b925ff36a24c6bcccb0d68c,ebede95c24b31195119c3d498786136571fb5386766e02441b8368d02ff23e0d
pm:vm:photonmelodies11.rio.004:874373084:00044144:00229,cvm,【武】「就是这样。一般情况下办不到，<0A>但我们又不是以固定队伍为单位报名的」<01>,[],layout_only,5b611ba411ba03fc18002b821dbc918823f6163ec8f0133cefb4dc9e2f6eeb9a,5cc8ffac0536fc9113996732f8400693fdd1e92708b9d56d503c2f219b1692c6
pm:vm:photonmelodies11.rio.004:874373084:00044200:00230,cvm,【茜】「这么做，不是很卑鄙吗？」<01>,[],layout_only,ab49c209e4b30d65d36d05142459ad5acb2abe75329f28e7e03c3cfbb60cd98f,ecd00d77f624091480990213f364c8bba9d7cf649e570a7257c40c5ce62129f2
pm:vm:photonmelodies11.rio.004:874373084:00044244:00231,cvm,【武】「我觉得没问题吧？不管原因是什么，<0A>既然获准了…………不，<0A>反而是主办方主动这样安排的」<01>,[],layout_only,418d7cf236c97849a35a410410e25ea88838dae85148af133e98eef99bf20835,d2979f05fceaabeed69f0902184e5c2191569bb36a0ba1be9d7d0a102eef5d81
pm:vm:photonmelodies11.rio.004:874373084:00044300:00232,cvm,【茜】「话是这么说没错…………」<01>,[],layout_only,c2d3cdadfa3360d1740fb1f30679c2242514272aee35a608adf0638bb73b5eb7,5a4ef37ad971fed757b3a7f6fb40bb3268b1d29ea85f17e4f3fbafe7e65038b5
pm:vm:photonmelodies11.rio.004:874373084:00044344:00233,cvm,【武】「不过，跟球类大赛比起来，<0A>这点手段都算小儿科了，对吧，老师？」<01>,[],layout_only,bb0fa35f0d860d793a5aadf436d03463af488ed91362295a5ebc8fbfd25a7121,bbaf9a89f5d1d838c31e316d42c380bd269dc7b9b3079eda29ab2bb7becc4f4d
pm:vm:photonmelodies11.rio.004:874373084:00044576:00234,cvm,【夕呼】「哼哼」<01>,[],layout_only,d9f4f31496d7e104a6ad5853f1ea7f0b7aaa330976e7dc48924ddca5f8b7f96e,f96c346a60794407b8c25f594ace40ca189611d025b21729c0904ae5c0bd1364
pm:vm:photonmelodies11.rio.004:874373084:00044620:00235,cvm,【武】「大家现在都有干劲，<0A>与其为了选人和分队吵起来，不如全员齐心协力」<01>,[],layout_only,ab44909a76b255c44ca8067bb373545d8264918760a773c64510f44a24ec0984,3f9b10aaf22f2fb89ea6f158d8b0d765c482c5b22b483b7c3d627e4b9719ce1e
pm:vm:photonmelodies11.rio.004:874373084:00044664:00236,cvm,【武】「可是，老师？既然大家已经知道有奖金，<0A>总不能还让人白干吧！」<01>,[],layout_only,9c4b96210f2676e33fdd8453a2817284e30a337ba7a1389df62de10f2c969a81,3be45eb56e480806fad6ad8e17cb52e93184c52077fd57fd7a4d752e17401397
pm:vm:photonmelodies11.rio.004:874373084:00044896:00237,cvm,【夕呼】「……………………」<01>,[],layout_only,fb3c79601df2efbb474f7da132ca7331a95b300e2a0cc2f3d8b462af944bd74d,20c1f54c8b656dcec986b98d909dce861452315afdf5e006f07b131424d92170
pm:vm:photonmelodies11.rio.004:874373084:00044940:00238,cvm,【武】「究竟是让老师们孤注一掷争胜，<0A>还是让我们全员稳稳拿下冠军…………<0A>老师，您怎么选？」<01>,[],layout_only,e7f007e79ad3bf5af9a5058cc75d6d6c21050dc5bb16d350cf52c85977b4fe0b,35faf13c5b01438149190bf57ba8793f2787562771d138ad538a786e3bb1ed32
pm:vm:photonmelodies11.rio.004:874373084:00044996:00239,cvm,【夕呼】「对你们来说，<0A>就是减少分成、换取更稳妥拿到奖金的方法？」<01>,[],layout_only,566dea06f4f06827f5789afcf962b24e0c77e036cb1af7cdb5d3a20f3132205c,9af4fe7445e62e5714ef17968ac0690b2fc45534b67b41d6d500eac3347a44e4
pm:vm:photonmelodies11.rio.004:874373084:00045040:00240,cvm,【武】「正是如此。而且这样也不会有人争执」<01>,[],layout_only,b6ecc35e027b449fa9749ace151fa655412a7666cedd2b1fe00080971248b84c,301880bd7a0b6a54f0a6bc44c36df553baf2ce7874d8e2c55a0040f767a8aae8
pm:vm:photonmelodies11.rio.004:874373084:00045272:00241,cvm,【夕呼】「……………………我说，老师们，<0A>让你们上场算是豪赌吗？」<01>,[],layout_only,2fd9d211dd441f56d1eab67cd3ec73132543e8fb8cc9e258d39b9b9a86ce3b4a,91348c4fdaa9a2b73658e3211a811f3a51ef0fbf6c6568bf523180249ec7f95f
pm:vm:photonmelodies11.rio.004:874373084:00045784:00242,cvm,【麻理茉】「唔…………」<01>,[],layout_only,96b4df25a3815536c045360ec3b3cb790ec67baa8bd63fdc5459047369820b8a,8f59e559960db55a5ca2683f0550e7543940716e0efbace9d7049900c0a65d08
pm:vm:photonmelodies11.rio.004:874373084:00046524:00243,cvm,【伊露玛】「呃、嗯…………」<01>,[],layout_only,07671f3e53397819ce141e280889f6f4c0d7ef0665812f7915c7cf88b9aac065,0aeaf22e19642a8a7b92c8d6fef68d570e55c363d99c41408b8ae97e48e70f0c
pm:vm:photonmelodies11.rio.004:874373084:00046580:00244,cvm,【皮亚蒂芙】「这个…………确实不能说有把握…………」<01>,[],layout_only,e34d1a218373f85bd5ac689d266dc0afe4921b5ad0e868b65a56ec9da21038d8,04cbb926e7e185f98baec4f90ebf76942ccfba4134cf0cb0c699db2a2d1aaa9b
pm:vm:photonmelodies11.rio.004:874373084:00047112:00245,cvm,【沃肯】「怎么能如此示弱！那种事情——」<01>,[],layout_only,abc3fbf9f5b8739602533772992b8b15ce7e4060652d4b51173f5f4e4a73b735,0b347b808433c4e919ad8a21faabfe21dcfa4f4461dc04b95918f445fb9cc3b7
pm:vm:photonmelodies11.rio.004:874373084:00047580:00246,cvm,【沃肯】「呜哦！！」<01>,[],layout_only,9842503a34f92536b4252db1857524f3dd80372c09760722a3dd4a4d78f852ae,05be88390fa35bd86cb171945a7833d4e1b9a3dd1364a79f39bfe6298017f77a
pm:vm:photonmelodies11.rio.004:874373084:00047664:00247,cvm,【伊露玛】「你是白痴吗！？你想想，<0A>要是对那个人随便夸口最后失败，<0A>会有什么下场！」<01>,[],layout_only,9eaabc8afb4e389299fb8a93b47579532bc2856e43a8a195afd4775947fe31d5,a0fc068fc533961198c0c3bc81c8b77f4c2e10b5b6ec5783343df928d601afb6
pm:vm:photonmelodies11.rio.004:874373084:00047720:00248,cvm,【皮亚蒂芙】「你根本不了解那个人！请别插嘴！！」<01>,[],layout_only,fef8e057ca9d54d32af9649b3f81eab80f04ff51b7a6ae6a5e5837a6f4c23730,0ba2caca99af788c2a17f3e50cfecece51646b56b77dbc33dff01d030c03c31d
pm:vm:photonmelodies11.rio.004:874373084:00047764:00249,cvm,……………………老师们也不容易啊。<01>,[],layout_only,5060470e305d7e8ff3ab871874898f33b8a0336bf330a455619806f68f60d156,c711c9ae8ae1d8716edf8ba95008054d4cacb70f6fafd23557e87bc20f9bc611
pm:vm:photonmelodies11.rio.004:874373084:00048276:00250,cvm,【夕呼】「…………看来，<0A>拜托白银他们胜算还更大些，是吗」<01>,[],layout_only,8fd429681809509dd02b8ca16b8d45e4e2f75c4a0e405c640352d2353b7ae796,6ea51eb782fe0108b93c11273318cbb4a76c34cd86793631e12ffd347c1e0f3b
pm:vm:photonmelodies11.rio.004:874373084:00048320:00251,cvm,【武】「不过老师们，视情况也得帮忙哦？」<01>,[],layout_only,6a1b41c82eec12afdf29a934eeb1fc1be65ebb84874504c661bfef06def6b9cd,20ce7e308d443415ea0cb7e68c04a6e4b4d2e09411c2fbc55eeded757ceca843
pm:vm:photonmelodies11.rio.004:874373084:00048552:00252,cvm,【夕呼】「…………为了省三千万，<0A>把一亿全弄泡汤是蠢办法吧？」<01>,[],layout_only,68363fd2722146cf8c2ea8ff66997aaa5c6be075032cb0669e68231d9fe6af0c,2e50a74792f48746e183d011ec812bbbaaa4b9b42cd9ea1fc60ea4241b0016d4
pm:vm:photonmelodies11.rio.004:874373084:00048596:00253,cvm,【武】「我是这么认为的」<01>,[],layout_only,f2530bc6621d6151d9ee58e69ba682376b912dcabffa60dee48d472421fbc9ba,c76f1392ca1086fcb96f77df5da1dad141d1d06777fd3160f991c8a8e921021b
pm:vm:photonmelodies11.rio.004:874373084:00048828:00254,cvm,【夕呼】「原来如此，明白了。<0A>要是按你的作战夺冠，<0A>不论实际上有没有上场，保证每人两百万日元」<01>,[],layout_only,e4dcd847b8d3270e8fb3e288f70b08500f4f92dcc583b4d9c078fc4a9438381c,589af198317ed7e24e435e1cc4d45c63ff9e427db29b4f72349e22fe230eda86
pm:vm:photonmelodies11.rio.004:874373084:00048872:00255,cvm,【武】「太好了！！」<01>,[],layout_only,2e9615d82769a401b047515b7b8c13e2a969445a9f7a9d345552ad653ecf5bbe,e8c4dd606d2bea6b268f20aa5c585399d3d52416a75ee5192448189329e5cef8
pm:vm:photonmelodies11.rio.004:874373084:00049104:00256,cvm,【夕呼】「不能夺冠就是零，这是当然的」<01>,[],layout_only,73e7edd3e2edeef3bb77f9fce53fd7a0fd8f2c40e9ce31b72bf9cbd2a95fcf93,3edcd5997a95986da1a1dbdc739a3606f069f2ba46e441c09c7f8d41ff86d06d
pm:vm:photonmelodies11.rio.004:874373084:00049148:00257,cvm,【武】「我知道！」<01>,[],layout_only,8c2a8861e19bc73573f5f63bc9ef01436bea743666aed19df652fa181e366b8b,bfaa0817ab3d479c90b0cde50b7707548d4b9e4ab69614c333e042a7514d4ee4
pm:vm:photonmelodies11.rio.004:874373084:00049380:00258,cvm,【夕呼】「那，之后就交给你了哦？到时间会场见」<01>,[],layout_only,7b8fd2e5b933a83ad146e6fcbf3a65b06ad25b70b77e7114411067446312a47f,62a1ba369d6c5e379c9aee9d91c384bb2c05551102339242612c6730ffb42759
pm:vm:photonmelodies11.rio.004:874373084:00049828:00259,cvm,【武】「了解——！」<01>,[],layout_only,791f83cb9b220ffd6542a752d2e4e2278a2abf5c6612f3d13c07a76784724ed0,42cc2747b714e194724defeb3e9c70a5e2bfe9c1704f44fc76105f4515d6ffaf
pm:vm:photonmelodies11.rio.004:874373084:00050264:00260,cvm,【武】「好嘞！！两百万我拿定了！！」<01>,[],layout_only,2c3602f67f9aaa4df6e43213096ca39f846bcc5170390f6045d58fba040b58f6,bf8582ee8f54f28e1051f698709f0fbf5ecca0a9fecc3e36c8f6dfe3b319ce9d
pm:vm:photonmelodies11.rio.004:874373084:00050320:00261,cvm,【千鹤】「要夺冠才行，对吧？」<01>,[],layout_only,552f56f1d336c735614b38b1665a880976d7b0ab53ac6b3ef17603c5d4346650,7596a457d9977d092a63317ea34c07d2f4c9cea0410869ae2bc30c1f04188e8d
pm:vm:photonmelodies11.rio.004:874373084:00050952:00262,cvm,【武】「搞什么…………这么不配合…………<0A>你们不高兴吗？」<01>,[],layout_only,34524e03ea3b630a924c68f8591cb48f6746c8f6ed3f1ceb909647f7ee1e5bd0,b9dc641ea58eed598805ac2a0455e9069292a63ea317843ada772f0f6e60e951
pm:vm:photonmelodies11.rio.004:874373084:00051184:00263,cvm,【茜】「听着是挺有意思，可总觉得不太现实～」<01>,[],layout_only,a9f4d538bd3ab16722495c5005bc374328b8751eecf7701058370a639553e961,b09a1fc83d56386da75db792e14882379835c10abd6c8ccff1c62a67639a7dcb
pm:vm:photonmelodies11.rio.004:874373084:00051228:00264,cvm,【武】「喂喂，你们清醒得是不是太快了？<0A>管它现不现实，只要夺冠就行。<0A>我们出马还不是轻轻松松」<01>,[],layout_only,e9eab82ae3ce45d02a2975855d3c93a87d4efdc576acefdaada29affa975a250,780500ab81c1311f968b32cf02f2bbab7193d144865081d2d610f42d8c772533
pm:vm:photonmelodies11.rio.004:874373084:00051460:00265,cvm,【壬姬】「啊哈哈…………希望能这样吧」<01>,[],layout_only,deaee18a16c28c96e80b1766a924a96fef7147082bf864a480c2e874efa99e0f,146d2da10acd5bb08abdc6306b07f3c4f2448a6d465f677320fe92f0cf8c38b3
pm:vm:photonmelodies11.rio.004:874373084:00051504:00266,cvm,【武】「是我们要让它成真！搞什么啊，<0A>大家都没点气势…………<0A>就不能再…………热闹一点吗？」<01>,[],layout_only,efe93d4fb562cd32d7ee24e85fa2da7b63190bafda68c84633f88c9846a1ad05,6bc2dda779dae8b4258810b858db5884c63221c1e3e70a5dd355646d90469252
pm:vm:photonmelodies11.rio.004:874373084:00051548:00267,cvm,刚才一听一千万，声音都抖起来了不是吗。<01>,[],layout_only,2488e6488bd84ab9222143714cf58612b75a0df01639010a392f3fc3c347cfae,ed9a6cc4c1b18247b33d45b5eb9c8111aacd1e714b5308762c157bbcb8384e88
pm:vm:photonmelodies11.rio.004:874373084:00051604:00268,cvm,【冥夜】「武」<01>,[],layout_only,33938ea87c4a5fada73fcf016391e9448b2898d0ae681680049894b59cc08850,9491d05b17749432b981e78b75e6e4836b0d6235bcc0f8b8b52b05552504ae28
pm:vm:photonmelodies11.rio.004:874373084:00052104:00269,cvm,【武】「啊，说起来你们两个，<0A>从头到尾都没出声，会帮忙吧？」<01>,[],layout_only,90836a7c9b6e7eb04066425f601556d1c3f4d73a58177f5cf3808bf2252b3525,7c5146481ba0ffe43640ddea826cc3318d86923c624f019065e7d5d7198e9e3b
pm:vm:photonmelodies11.rio.004:874373084:00052160:00270,cvm,【冥夜】「嗯，那是当然」<01>,[],layout_only,7975caa21f3708d80b594505157394b732d65d091621d9f23c73e98cf935896e,61e7c2f5db2992d6404d894c84f250c4e5e9e37137602b7476e9ea34e3d739ad
pm:vm:photonmelodies11.rio.004:874373084:00052204:00271,cvm,【武】「不过，对你们来说，<0A>两百万日元拿了恐怕也没什么用吧」<01>,[],layout_only,dba063c4120df784406a1de594434af2f06fcf856757dbefcc32e0f59fb54218,4a6838bd99ae95d5b9214074cd6e69c8d234557823b0a3e525c0b4f616d03e9d
pm:vm:photonmelodies11.rio.004:874373084:00052436:00272,cvm,【冥夜】「为何？我可不认为有哪笔钱，拿了也没用啊？」<01>,[],layout_only,d7741c7e87e4ac5d74508b522453438d68e193607961a5e2347b3cef9f0e30c6,5eac09dfb81c54f563570936dd38c1a3d969c19e2abf84bf9665db79da5a21c1
pm:vm:photonmelodies11.rio.004:874373084:00052492:00273,cvm,【悠阳】「正是如此。不过，我们并不是为了钱参加」<01>,[],layout_only,0753ef6810dc629afbcd20e23b111f1d51bd86584ef2342f93d6da72fa0ee247,b454fcb8f9f21b8ba8a6a88f09d4d7ce8ffd5fc7a2e28686a18af8442e64ffc9
pm:vm:photonmelodies11.rio.004:874373084:00052724:00274,cvm,【冥夜】「武，我想说的是，<0A>大家之所以这样，<0A>似乎是因为不愿把奖金当成参赛目的，<0A>就是这么回事」<01>,[],layout_only,8a8e0ce8facbc3843a616ce609ef069b78b2244733b4185d8b7dfbfe0ee12c53,5a31584de1c8081f3e67a4710c102ccb5710ec958c5cde43397b8614663ce92a
pm:vm:photonmelodies11.rio.004:874373084:00052768:00275,cvm,【武】「…………嗯？」<01>,[],layout_only,568a90aa4f37ef6fd1ad0120b8fef301c43d0c532107618f930b0ed9fd488ce2,b99be8d3305499fc89035cb36854ce730291c817a8a0fca8f9114cbbf41494a1
pm:vm:photonmelodies11.rio.004:874373084:00052824:00276,cvm,【冥夜】「所以这个话题才始终热闹不起来吧」<01>,[],layout_only,752ea3a8690159e4ae0fb6b4e082865a87d1f009399d3a4427cd0ca68ebff9e6,ea7289bbbea88b1f18b522bf6899bc97d265eaa0e0fcebf57303dca9760802c0
pm:vm:photonmelodies11.rio.004:874373084:00052868:00277,cvm,【武】「咦？原来是这么回事？」<01>,[],layout_only,7a13be8d02b8c7635c6d2cd79aaaadc4b9d5ec95475047292e76ea9716e4ceb2,7574ded218d9e42f1126e3b0c762d048339342f2e2015a64e5c00ca23bc9be45
pm:vm:photonmelodies11.rio.004:874373084:00052924:00278,cvm,【柏木】「确实…………满嘴都是钱，<0A>一副两眼放光的样子也有点讨厌」<01>,[],layout_only,2a3d2eab3553a08f8d6923eb13bc04b2801f316381324345c6df2e198a8912bb,08c00c5a2de7ebccb0c6c865761814a044cd60a5ec178de22515a5a05e40268d
pm:vm:photonmelodies11.rio.004:874373084:00052968:00279,cvm,【武】「不是，我也没打算两眼放光啊？」<01>,[],layout_only,8726343d59944cedbbd78150f951401a820624c247c22eb24bde4a6e767fcd52,8a6e9f19924b47bc6fe29aad7e9929bae77d896cc9a399c797bd09d3cf47b62d
pm:vm:photonmelodies11.rio.004:874373084:00053024:00280,cvm,【冥夜】「我知道武并非如此。<0A>对你而言，此事不过是一件有趣的插曲吧？」<01>,[],layout_only,4c1b40c2e3cd3ce7cc56b745df81e94058512e876f7fc13c8920fe90750d663b,d11cb323c1092da05a4a40e29c2a6f37b4e853782d0b185447bf6c33800dd1ea
pm:vm:photonmelodies11.rio.004:874373084:00053524:00281,cvm,【武】「啊，没错。<0A>钱给一百万还是五十万都无所谓…………啊，<0A>不过一日元就算了。总觉得太空虚。<0A>那样还不如干脆一分不要」<01>,[],layout_only,d245a160a1f8baa48cf17a0d727005f1d970df220b5a6ec7e7d2ee78fd4b3902,5ecc6c0f77bfb62e398c228ccf3ecea6a8db8dfd872c19975832c7854f6d1fe6
pm:vm:photonmelodies11.rio.004:874373084:00053756:00282,cvm,【冥夜】「哈哈哈，原来如此，确实很像武。<0A>然而与金钱有关的话题极为现实，<0A>因此也有人无法轻松看待」<01>,[],layout_only,8093358eac3315715ce710b115c1e6eea91012131a2d4d7d8426712e71907921,c0c1e3b7198b9173b4174085306e035f39b187f66741fcfa6484b45d865adcd6
pm:vm:photonmelodies11.rio.004:874373084:00053800:00283,cvm,【武】「喂喂，现实～～？<0A>你们到底是哪来的有钱人啊～。<0A>对我来说，两百万只是漫画世界里的事」<01>,[],layout_only,ad63ac9b5fc0faae66fde3467006e989ae8e741cf70668c1a3649471525d851c,5193c4c11714be8588f64cb0f4f36280405943dca1dcbf175bcef2ea5b83d944
pm:vm:photonmelodies11.rio.004:874373084:00053856:00284,cvm,【千鹤】「笨蛋，说的不是这个意思吧，真是的」<01>,[],layout_only,f665a66482dddcfa33bd5e47f0cb51ecb6aea2830e4f838c181732d7fec82c53,680e87605191f89fd1fbf05844c481e1b16c662bcd37d3243ea7291df7c61c75
pm:vm:photonmelodies11.rio.004:874373084:00053912:00285,cvm,【悠阳】「总之各位，把金钱的话题忘掉吧。<0A>即便没有奖金，我也认为这件事足以令人感兴趣」<01>,[],layout_only,9c0e4c63ad6943f84077e763f3a6898cf99fcb3b2dabd6e1eb35eddccb75a682,68fc8758a5b938616f9de2c0f19dae892668d3851ceba078658350889bdd1981
pm:vm:photonmelodies11.rio.004:874373084:00053956:00286,cvm,【武】「好，那就重新来过！总之目标是夺冠。<0A>靠平民之力一路赢下去吧！」<01>,[],layout_only,36e085fe9f425625ecc02b95a992ccea577933e6bb720c498455263f2b95e684,1e641a20caef3b164cb0cbd2d8deb389e75a0408608681bc01988440cc081799
pm:vm:photonmelodies11.rio.004:874373084:00054324:00287,cvm,【慧】「不过也有人不是平民」<01>,[],layout_only,f554efbf8dadf9ff615c0c5a1d0e9f12087d4fe5de6fd40b85a0313bbe69ae34,d685fa33136ccc125b9005d172e04c133aaf47b887d3d920def988b943effd73
pm:vm:photonmelodies11.rio.004:874373084:00054544:00288,cvm,【武】「那边！别用这种刚好能让我听见的嘀咕来拆台！！」<01>,[],layout_only,d364b52a4ea170238c24247836f5396f615a9dd979a09072a157f0f73eb3b9a3,35b82c85f526451ce2dd91fd302758cbfaafffdc95d41a17d8f5eef7cd45a1e9
pm:vm:photonmelodies11.rio.004:874373084:00054600:00289,cvm,【麻理茉】「我说，白银同学…………」<01>,[],layout_only,2b9b904eed6b09696d988344a507e4f5198d0b250db36c73c66cc25ef95c6634,68f5dc4e527d011aa2ef57cc8f4777022b8f970e54fa80681aa37ee0a2425336
pm:vm:photonmelodies11.rio.004:874373084:00054956:00290,cvm,【武】「什么事？」<01>,[],layout_only,0c493eef34dd993a0fb29f1be5d4f9707c0aa8ea05bb56ba1999adb5e0133c9d,1c31059277c51a88dec6d9dcd19d59ce3dbdbec8693974cbd6870cf70d4fa3ed
pm:vm:photonmelodies11.rio.004:874373084:00055188:00291,cvm,【麻理茉】「我们也真的要参加吗？」<01>,[],layout_only,af0ef97812824e88670582a2fa029371d996755fc4166185b41b0a39eee61af8,6a44dbdf333a88349b9e465dc64ce649ee636aa1712a319e203cc4e3d94b5830
pm:vm:photonmelodies11.rio.004:874373084:00055232:00292,cvm,【武】「你们当然也被算作战力了。<0A>我打算根据需要，请你们大显身手」<01>,[],layout_only,e429b7eafaef436c4c7f281ddf3ff2be797275c3123027647c0d03b8fed35394,4e0c81d88de744e2e55b9874113f1d0c38ad3500ff74fd77340efe5f82fc90b7
pm:vm:photonmelodies11.rio.004:874373084:00055932:00293,cvm,【纯夏】「小霞，我们一边在牛郎星海滩游泳，<0A>想打的时候就随便打打排球吧」<01>,[],layout_only,5e137cc3e24c3aa0dba22b220448660db20dafc257e39b91f9d351aeb5560cd6,c3b6ce62274d8ba4f8eb953f3f2c514a2b3fe4ff57950c22dbb420dcda39be7a
pm:vm:photonmelodies11.rio.004:874373084:00055988:00294,cvm,【霞】「我只要纯夏觉得好，那就足够了」<01>,[],layout_only,e3a0a07b64617cfc71d816bd7047e9d5051e048173b047b12079a803e79c4562,1b985ec3a3dbe30a523d8c9c0d98ba5b7b4c6de9dda80e20230b60e03a1a38bf
pm:vm:photonmelodies11.rio.004:874373084:00056220:00295,cvm,【纯夏】「刚才对不起啦，<0A>我居然想违背约定…………真是昏了头～啊哈哈…………」<01>,[],layout_only,0e76d6d181c2cb46475ddce5a2e8322dddcda8ef204d629bc87912064a895c34,cf41cb0ebd9fbc64156fa19a9b7cabc6a111ca9677775b3f7093f27908e3bea0
pm:vm:photonmelodies11.rio.004:874373084:00056276:00296,cvm,【霞】「不，我一点也不介意」<01>,[],layout_only,4630fafb4fdc9be8d86c86ed4b4db3e9d7d86b2dfb314209a159b434614d15f7,cec59db0bf84083093f08fe206675068cdfb970ce470269a62990bcb3fe579e4
pm:vm:photonmelodies11.rio.004:874373084:00056496:00297,cvm,【武】「就是啊，<0A>你脑子不正常又不是一天两天了。<0A>谁会每次都放在心上」<01>,[],layout_only,afeb59a3cfb1ae7dd8a4b4c922df42dc3b0856f7832cc1e03e92fcea3df84e87,150a330a7dd817810de6de30056b69c74e4dfb93c5fbadf44ba016013fd57462
pm:vm:photonmelodies11.rio.004:874373084:00056728:00298,cvm,【纯夏】「你说什么——！」<01>,[],layout_only,cd666508091d6bea3fa9fcf9c2c0d186b949a505aabcfe7dc688d670e30e3a8f,02f017f654e02997dcd84d8cf5b72034bef1d194aa4dd6df42f6ec63fab8dcaf
pm:vm:photonmelodies11.rio.004:874373084:00057372:00299,cvm,【柏木】「大家加油哦？我差不多该走了」<01>,[],layout_only,c45730cbc264cad33da25bd0f06698a935f057823943f8b2c30920a54a574888,1483e252c0fddb3931f0b4e39f8ab24f83ebe1baa2156057d56588ecd9839c01
pm:vm:photonmelodies11.rio.004:874373084:00057416:00300,cvm,【武】「嗯？柏木，<0A>你上完培训课就马上过来会合啊？<0A>傍晚前能结束吧？」<01>,[],layout_only,6b975c27f9cb15ce41eeca328ce808762b916d503390e7de5b37fcd223c2f228,67bc18161c3c72b689b602ad46211c07306ae48f99a2b569cb5567e03e28bdb4
pm:vm:photonmelodies11.rio.004:874373084:00057460:00301,cvm,【武】「说不定，那时候比赛还没结束呢？」<01>,[],layout_only,f6ca90c0a6e63217c93b1727d0c71818a3080cefb6ead1182595d0ad2258dae8,464e4c28144a84aca08d17db1bd88ba0c3bcf46228895d1a233f541e9f39c19f
pm:vm:photonmelodies11.rio.004:874373084:00057692:00302,cvm,【柏木】「前提是你们能一路顺利赢下去吧？」<01>,[],layout_only,7aa201614a3c03c5aff707d73aacbf74727edc4d119f5ec41d73df0b5364b5f6,c087fbaf68d6852358d37f91b661864f1045671e3e2ffffc0800b69372076344
pm:vm:photonmelodies11.rio.004:874373084:00057736:00303,cvm,【武】「没错」<01>,[],layout_only,1d285e1e8fd79951c511ba086aa00033ca330d9c0db6699878e0bbf4e8ca7cf7,45cb4f044bdeb8f043a3a35fc141feea7c988a8c940d52b445ae46245a09b076
pm:vm:photonmelodies11.rio.004:874373084:00057968:00304,cvm,【柏木】「啊哈哈…………好！<0A>那，一结束我就马上去海滩。<0A>对了，彩峰同学真的要取消培训课吗？」<01>,[],layout_only,88448f52840fcd7cbb78aa0f456ca7a1b368655e32108b4a51cc0a926e091aca,4be3af4465f500263229b20838e9bb5b89ebe2aec2211797bd4dabfd99bcff75
pm:vm:photonmelodies11.rio.004:874373084:00058332:00305,cvm,【慧】「咦？」<01>,[],layout_only,f4d9bd3eb463227be69cceafaeaa98f9bffb3a4d6c6dcbd8aee79bc289ed8c2e,67f3898e0c99a3dd50d88c6d286780fe5005e7f7abef12bafc6092b7af3790f8
pm:vm:photonmelodies11.rio.004:874373084:00058388:00306,cvm,【柏木】「如果真是这样，要不要我顺便帮你说一声？」<01>,[],layout_only,f9b5804c8b2edc391102a8aba91ef8bda2edac4b23125c0391b6110df2e4bd25,c9bd3f6e77f1904fb9eac5fb180b3fdab79ea2626e4ba1d629e98e7e8c58dd62
pm:vm:photonmelodies11.rio.004:874373084:00058620:00307,cvm,【慧】「…………你在说什么？」<01>,[],layout_only,1712d84c12133a535d37fc37bbba19861fba1e1abdeae95d03e8d6f2e42b8f1c,c648ecd750290e8b1c295fc51d642e4684d536a915cc9f90f32b0bcff2473439
pm:vm:photonmelodies11.rio.004:874373084:00058852:00308,cvm,【柏木】「可你不是说，因为要打沙滩排球…………」<01>,[],layout_only,ffd50cd738e1c7a5922b5f10fa8798e9afcd962479c85b357d49e6da078de959,49d02697cc4bb8d1cdd690f3c857e34f71b9a8f520e66b41a5d48ee4500da72b
pm:vm:photonmelodies11.rio.004:874373084:00059084:00309,cvm,【慧】「那一定是你听错了。不可能的」<01>,[],layout_only,081829d4069d242520c8213dfe38ea49c6ebcce136ee5003d919bbb3345ae74c,644dfe898814210da8da407812b8727549daf34e1e6a764a0ceda6d3226e3cdf
pm:vm:photonmelodies11.rio.004:874373084:00059316:00310,cvm,【柏木】「啊哈哈…………这样啊」<01>,[],layout_only,6bc07246756d263aed49a163de8caf5d5ec96a942eca359a0a733acd3b2fb85f,8f931cb3d202b3e62bc9bd05e4ce4143ca5f50befd920b8172383abfd1ad6bf0
pm:vm:photonmelodies11.rio.004:874373084:00059680:00311,cvm,【慧】「钱真可怕呢。会改变一个人呢」<01>,[],layout_only,d6cb8d29fbfa73f4fea1072981ea7d9c5a0aee94797dd5139a6c39cb1dedb412,d2d9a531a386e16545be59458db197f32f7dc315b1243130cf6429cebff2c33c
pm:vm:photonmelodies11.rio.004:874373084:00059724:00312,cvm,【武】「你这家伙跟钱没关系，从一开始就挺怪的。<0A>那彩峰就在到时间前先玩一会儿吧」<01>,[],layout_only,304efb09f2627fec35f3170c60d4c77ad6448ccbbf0008bd85f10d11d9a48486,7d87ef560099f4cb4eccba109d685a6c3b43fc6455f4e4a2377bd5ba3244206f
pm:vm:photonmelodies11.rio.004:874373084:00059956:00313,cvm,【慧】「是啊」<01>,[],layout_only,d0f34d8daf67d55ceb302b76ad6388472e91c1578cf0dfcbb98226038e0e1995,2646bf67b7011f7f944fad55ced6d23b9a910c42379d1554b4fa6ca5c4e7d4e4
pm:vm:photonmelodies11.rio.004:874373084:00060192:00314,cvm,【冥夜】「那么，不如先在这里解散如何？<0A>不换上泳装，便无法参加比赛」<01>,[],layout_only,13f537410e3194b03410924a7109681ff70aadb0d54fb9b7db96b3f40de53e31,7e70ad2c3e625bbf3b3de3205b47cc36ce9df070fe813399711db9372bfb9560
pm:vm:photonmelodies11.rio.004:874373084:00060236:00315,cvm,【武】「也是，那就两点直接在牛郎星海滩碰头吧？」<01>,[],layout_only,aff40d48c1e083fd1cce9eddf5b9bb4fd2eb5d24a5421726662da58f35b76631,7d7d40e8c5e8643d56fbc84436cdda25d9285d4a4e1d0dadb86bd8c95091e1d8
pm:vm:photonmelodies11.rio.004:874373084:00060292:00316,cvm,【纯夏】「嗯，知道了！」<01>,[],layout_only,49d549b324f8b100d33d502536fe521f5e834d7669c04cd504758bb738e1532c,bdafdc330dcaff0bcfa80d89bd4110b1f33423a4740100cddaa3d93baab7b736
pm:vm:photonmelodies11.rio.004:874373084:00060336:00317,cvm,【武】「那就解散！」<01>,[],layout_only,65259b9eaebf250c45d4ba14f3550e61ceeec0e8141334b9fcec76d05e808d63,83ae4d402f1898b503874645d75d06f4e681687f2478511bcb13741a712d9184
pm:vm:photonmelodies11.rio.004:874373084:00062004:00318,cvm,【纯夏】「我说，小武」<01>,[],layout_only,1854bd872d54d66df0d8ffbd3bad6f913d25d91857c9df80434c776565cdbfe1,60f0c7e9817eb4603b82019268a733669d77173649eaa512eade8ec0e77d23a1
pm:vm:photonmelodies11.rio.004:874373084:00062048:00319,cvm,【武】「干嘛？」<01>,[],layout_only,38d89f6c1c9f9f170a7236ad926c3b68e1bb3b71d6b0fe871eebd0b822832def,8f34cf5965d2beab719bc5aa6ac971d7b7ba6ad9a90351adfa1c55d61cb2066d
pm:vm:photonmelodies11.rio.004:874373084:00062104:00320,cvm,【纯夏】「话说回来，小武，你打过沙滩排球吗？」<01>,[],layout_only,e93e9a540a6ac56b464c0e8539134e522ccca74d121e0dde221209a86553dc97,9a464f0ffc18d23144fcd758cb776b504a481fcdc1baf799bb8c1fcd69ad3451
pm:vm:photonmelodies11.rio.004:874373084:00062148:00321,cvm,【武】「哈哈哈，怎么可能打过嘛」<01>,[],layout_only,0c658cade83ed875ad3499b742f7d7bfca3e44bef0692bc97a6abd10a2cb4761,a014fb045522af39bdfd2592975fe31475179a7558e8cb92419772e1db2faaf3
pm:vm:photonmelodies11.rio.004:874373084:00062380:00322,cvm,【纯夏】「连规则都不知道要怎么玩？我也没打过哦？」<01>,[],layout_only,fc7ba3188ffee15b79c0e2be3e2837edd7595fd30818f8ab13aa1214bb016a9f,9da5860d16210a40f6977aef2fbd4fd1860c8fd433aa4522faa732101d0ccf6f
pm:vm:photonmelodies11.rio.004:874373084:00062436:00323,cvm,【霞】「…………沙滩排球是什么？」<01>,[],layout_only,929004806e46b57214c9d59ab503265a7a0dc6b30c433f1dd346bb1142862c65,648cc5419f64bb89afdb3584ee3bb04dc71ba2f98bd6040fb2d9d530779c136d
pm:vm:photonmelodies11.rio.004:874373084:00062480:00324,cvm,【武】「……………………完全没考虑过」<01>,[],layout_only,a3ad119703c88c6792de330d9984c323c73c7043e610ecb8cfe267b593a6999f,9828f6d39ae4ab80e8522f9ddf3ebb51490f086cf6b7a152c1ff4de03855e3c7
pm:vm:photonmelodies11.rio.004:874373084:00062844:00325,cvm,【悠阳】「不必担心」<01>,[],layout_only,547e9282ebd2869a92c0ad3cdab57cc99aea1de43423f49bbadf3f6fbe89731b,d05d624a331dbd251b4798cee3b9f8824294a47ca8f2c00edf0059c3e7720a4d
pm:vm:photonmelodies11.rio.004:874373084:00063200:00326,cvm,【纯夏】「啊，御剑同学」<01>,[],layout_only,57136ff79840cac7ffad046e7d5d34e78d8ef59edc0ac4f96aeb01662696a738,5a52ecda707a3c0abd35d5ef755f363e524c2d5ae52d2e28b78be19f8f8b9b43
pm:vm:photonmelodies11.rio.004:874373084:00063380:00327,cvm,【武】「哦？你知道规则？」<01>,[],layout_only,c530ceaf9bbbd0ca350a001f93ea68dded2f3264a94b2049fb3fb98e08c486cf,63d7c33673ffe938d0bf11088d1f94348a9a8dc42875f64ec9958ad146edc22a
pm:vm:photonmelodies11.rio.004:874373084:00063436:00328,cvm,【冥夜】「不，我们也是第一次，<0A>不过皮亚蒂芙老师和塔斯雷夫老师似乎知道规则。<0A>她们说之后会在赛场指导我们」<01>,[],layout_only,549ddae96c5024521b63b3b637c468f942c08e8d0fb50b87c540e4730cc4b5de,9217c9e8d4c501c21d4a10cbc696414e4e3fc81aac8d16e8a4f7abfad562a672
pm:vm:photonmelodies11.rio.004:874373084:00063480:00329,cvm,【武】「原来如此，那可真让人放心」<01>,[],layout_only,04ba94245ad4f18fad3ad87b097be01dc5aa8f18dbf0959c95ca41cac48b10f0,3ab4b415a47c5783954b84560bbbad92ec32f122ee262cb812573ea48f436efc
pm:vm:photonmelodies11.rio.004:874373084:00063536:00330,cvm,【悠阳】「那么，稍后再会」<01>,[],layout_only,d9915d36648e22e3e77c9d58df6d402896dbd0a1d446d778651e38d66630e550,e2c807b7f5cfde90be752898b42de4ec268a765d7d120092dbb88570aa6b62a8
pm:vm:photonmelodies11.rio.004:874373084:00063688:00331,cvm,【武】「嗯，回头见。<0A>既然这样，纯夏你们也赶紧去换衣服吧」<01>,[],layout_only,c0e79be90f7d5bcebed115b9be47cdac61da0c15aeba943156c639551e73adf1,5cb1f170db052398b589fa48231fc805edc0e2b4d1788f4ae3a01739c2950a06
pm:vm:photonmelodies11.rio.004:874373084:00064052:00332,cvm,【纯夏】「也是…………那走吧，小霞」<01>,[],layout_only,80a90fcf215616f7fe69afd0e1d2ef3632d715d98b45d1c7cb0f9f3fc4b0694b,825fb27b14fe0eb535489eb415312be3f45e18be043dfd14295115476aff7cb1
pm:vm:photonmelodies11.rio.004:874373084:00064184:00333,cvm,【霞】「好…………那个，白银同学」<01>,[],layout_only,bdf8bf803c736eee23c00fe815c02132d7955500488e8fdd9165148c6bb569e4,ff6d8307b902ec2b9dc07701ee7eb8022912a952feb8d57a452160d7274f0528
pm:vm:photonmelodies11.rio.004:874373084:00064364:00334,cvm,【武】「怎么了？」<01>,[],layout_only,38d89f6c1c9f9f170a7236ad926c3b68e1bb3b71d6b0fe871eebd0b822832def,8f34cf5965d2beab719bc5aa6ac971d7b7ba6ad9a90351adfa1c55d61cb2066d
pm:vm:photonmelodies11.rio.004:874373084:00064420:00335,cvm,【霞】「关于刚才说的奖金…………」<01>,[],layout_only,e66d9e019eeb4088a07e37f51f1af9096b4535c4cee20a68191ddae5ceeaa5fb,7f282413b6d97da65f456cec959c92c0ab8a539f20f6e3b6ff6e1ab63c691808
pm:vm:photonmelodies11.rio.004:874373084:00064464:00336,cvm,【武】「啊，确实可能说得有点太现实了，抱歉啊」<01>,[],layout_only,c36f6ea5c150d1455f77c54d196c7c0d82bbfe7d1fa3609bffec7781ee3d3db9,9837647b61c323b99abab70925fd8e8011120900200535483e79258e1b02f38c
pm:vm:photonmelodies11.rio.004:874373084:00064696:00337,cvm,【霞】「不，我不是那个意思——」<01>,[],layout_only,b9913103e170e316bfc6c13b4f2f4233485f4617f29b3cc6d888b3b841deef73,a38673dab3ae48a44174481ea0a2d9a268c00ba747ed72be86374be655154c90
pm:vm:photonmelodies11.rio.004:874373084:00064752:00338,cvm,【纯夏】「小霞～～！快走啦～～」<01>,[],layout_only,b51d3ec2640a1979d3ae761a98020346b93823e8b7187ee266c7c56b94942d34,3c9909710769599774f14aa2e6fce4bb5ffb705a927a65974560af0651eca2f5
pm:vm:photonmelodies11.rio.004:874373084:00064984:00339,cvm,【霞】「啊…………」<01>,[],layout_only,bde0cc4d6a6856276fca246a7b10fa5232203aa9a207ae2d028c211155f2944e,bb4cba9cc2fbbf8058521dbc263d4428866a23aaa3031294213db726adab17d5
pm:vm:photonmelodies11.rio.004:874373084:00065028:00340,cvm,【武】「好啦，快去吧。待会儿再见」<01>,[],layout_only,f3f6ba9c5b83cc807331bba472dcbde21738421faf43d415283bee2ca9f665f0,1efed27cc181b7bfedfb8514528887c94a1cbd5781adda64d196063eb1a0eadc
pm:vm:photonmelodies11.rio.004:874373084:00065260:00341,cvm,【霞】「……………………好」<01>,[],layout_only,0e0b4b06d81d5ef5d3c1c2aeb1f15c61661243315bf871f83844904337c864ad,4f3a4061cb136b35ece0eab01b8e3ebf294206228f0c6d9cf1548b9d7b62182f
pm:vm:photonmelodies11.rio.004:874373084:00066028:00342,cvm,【悠阳】「武先生」<01>,[],layout_only,c91fb7041468abf6336b24a970a8056dec5f664e03c426c99a0989af9fc892fa,fe8a3543c395f1db0426b3786c104a5540f95a7589d5c64ae235f3428b640e8b
pm:vm:photonmelodies11.rio.004:874373084:00066072:00343,cvm,【武】「怎么了？」<01>,[],layout_only,38d89f6c1c9f9f170a7236ad926c3b68e1bb3b71d6b0fe871eebd0b822832def,8f34cf5965d2beab719bc5aa6ac971d7b7ba6ad9a90351adfa1c55d61cb2066d
pm:vm:photonmelodies11.rio.004:874373084:00066128:00344,cvm,【悠阳】「冒昧请问，武先生有打沙滩排球的经验吗？」<01>,[],layout_only,86bc33859fbc3b679495a59c6d568ea708f3fbfd7ad02037aea553c7b3274c55,171882a6a260c9e6f6d0b7e764bb7f8237db058ca886787ed78d4239416f04ac
pm:vm:photonmelodies11.rio.004:874373084:00066172:00345,cvm,【武】「哈哈哈，怎么可能打过嘛」<01>,[],layout_only,0c658cade83ed875ad3499b742f7d7bfca3e44bef0692bc97a6abd10a2cb4761,a014fb045522af39bdfd2592975fe31475179a7558e8cb92419772e1db2faaf3
pm:vm:photonmelodies11.rio.004:874373084:00066228:00346,cvm,【悠阳】「这样啊，<0A>那么看来，得从掌握规则开始了，对吧」<01>,[],layout_only,08585edecbdb0a19a4396e8ae23697a3eb37389c281cd417924938dcf1e950cb,b87ff024315847d3f0a2f2c4b075ccb62aa69346145b6a05e457c1a1d3cbb171
pm:vm:photonmelodies11.rio.004:874373084:00066272:00347,cvm,【武】「……………………完全没考虑过」<01>,[],layout_only,a3ad119703c88c6792de330d9984c323c73c7043e610ecb8cfe267b593a6999f,80eebb36b84ecbdc1038e836e51292eb17631de22abd898d4a3b726adafcdbaf
pm:vm:photonmelodies11.rio.004:874373084:00066504:00348,cvm,【冥夜】「不必担心」<01>,[],layout_only,48fd9884fc9586e38087eb9bbce810f654089f94e104efaa0956d1d6562056ca,a1eac5465fab17c1f155e6e099068961665853d466acb9c0b21d95708aa024fa
pm:vm:photonmelodies11.rio.004:874373084:00066548:00349,cvm,【武】「哦？你们知道规则？」<01>,[],layout_only,c9a0b95a7ab629eb21893e806174532d343659257b33ab7f5fba83b6c980db2f,2b43f61532079e706e25c9e9e39f17bc148af84f0e98677e945835ea68d9121d
pm:vm:photonmelodies11.rio.004:874373084:00066604:00350,cvm,【悠阳】「不，我们也是第一次，<0A>不过听说皮亚蒂芙老师和塔斯雷夫老师知道规则，<0A>之后会在赛场指导我们」<01>,[],layout_only,e84eea1412366cd64447d45e53e2bb1f45f82cf1da274f30214e6c8649585f4d,a79d5156a2b8b6aa1d89812efc125aed2a3a94e01aed10e969767d9d1a910b07
pm:vm:photonmelodies11.rio.004:874373084:00066648:00351,cvm,【武】「原来如此，那可真让人放心」<01>,[],layout_only,04ba94245ad4f18fad3ad87b097be01dc5aa8f18dbf0959c95ca41cac48b10f0,3ab4b415a47c5783954b84560bbbad92ec32f122ee262cb812573ea48f436efc
pm:vm:photonmelodies11.rio.004:874373084:00066704:00352,cvm,【冥夜】「我就是来告诉你这件事的。<0A>那么，稍后再会」<01>,[],layout_only,9135ea5582afcf2725a2460c53b2c83ec5189a61859c881efae541fa4f6aca21,bc29a11167a804c7a0248059975687823a48fcb2232e745d547d832b0dcdc67e
pm:vm:photonmelodies11.rio.004:874373084:00066748:00353,cvm,【武】「嗯」<01>,[],layout_only,f6a82e62e4acfd98e4d66f5d8360e3e24e0450474b5f5ab19249cadd415fa1fd,f24c509491629c88c4e7f5a526e4729048118b1a4268547faf0042ca051ceb3a
pm:vm:photonmelodies11.rio.004:874373084:00066912:00354,cvm,【声音】「武先生」<01>,[],layout_only,e9cf9c60dd6316da6771a4614154dcfffbafa046bf45b4b3874f620d80150a61,4dfceaafb546cb49599fe322a989116c357625e93c1f461eebc9cbd2edbd4d84
pm:vm:photonmelodies11.rio.004:874373084:00067132:00355,cvm,…………嗯？<01>,[],layout_only,bd5cacb325df4f8d389c319de0f0c4a25b73448036d6901d63dc6707ed78fed7,ea2ad10933551d668ab9f5f3a51f735eb3c860e7e9643f150543c2af16a38162
pm:vm:photonmelodies11.rio.004:874373084:00067312:00356,cvm,【武】「怎么了？」<01>,[],layout_only,046168ceafda7f97ee7366f0e4c3f4f7897c2ab4777feffca3d15506bd63f7ae,8f34cf5965d2beab719bc5aa6ac971d7b7ba6ad9a90351adfa1c55d61cb2066d
pm:vm:photonmelodies11.rio.004:874373084:00067368:00357,cvm,【悠阳】「武先生，已经考虑过如何挑选队员了吗？」<01>,[],layout_only,d08c9c520260a4c587c6bfb295a372f3f6ed281e79d08664aa416f64281d0363,e45bd4d420b2d7be014f8d69961fb2e8ea631800645f319fd75545d6982dcd0c
pm:vm:photonmelodies11.rio.004:874373084:00067412:00358,cvm,【武】「完全没想过。不过有这么多人，<0A>感觉真能冲击冠军，也不能随便决定啊」<01>,[],layout_only,d33918f6de6a70db6a573fd80d23c0bebd34169b145b38423ceebdd9fcd363b0,ee401326d23c834d49353a4dabc018ec41831f4ff5c38eb216ca1a06bc19aba8
pm:vm:photonmelodies11.rio.004:874373084:00067644:00359,cvm,【悠阳】「我觉得，若能与武先生一同参赛，似乎便有望夺冠」<01>,[],layout_only,87d155bf1b3f5bf085dc9118597f99261b0115dd42d5e355907da2099b12af65,cd30a71b5d8e8ef49c2b8cdf66cbd7bb849517d2e86b729f071f5f77a4977c43
pm:vm:photonmelodies11.rio.004:874373084:00067688:00360,cvm,【武】「咦？和我？哇哈哈…………<0A>我这点运动能力，也就那么回事啦！」<01>,[],layout_only,0f959aefa5d5fb0a65142fcd18415d8c239905fd0d9bb3ddfb14f89c5c2a6dcc,9dc3bb4628cb53ec695c0aa9fa04ab4c56f6d00d53816c0c12cd21ccbf69aafe
pm:vm:photonmelodies11.rio.004:874373084:00067920:00361,cvm,【悠阳】「我不认为是那样，<0A>即便真是如此，我的干劲也会提升」<01>,[],layout_only,4cd677e7f24e8212bb377a91e8ed1933cd0f96119b18effc673b0f1ef90a445a,77989f2371ee111583297cc0ca8dd8666e5d1992db73f4107bd7796a85555aff
pm:vm:photonmelodies11.rio.004:874373084:00067976:00362,cvm,【悠阳】「若能与武先生搭档，<0A>我感觉自己便能发挥出超越自身的力量，<0A>投入比赛」<01>,[],layout_only,7123639f98c721abf91dd0dc6a88dec3601d910e993754978964db9bb48bf7fc,78d2c68e8a83f6a10558313268beeb58116a87fe58d1167bb216d914efaaba9f
pm:vm:photonmelodies11.rio.004:874373084:00068020:00363,cvm,【武】「这、这样啊…………」<01>,[],layout_only,907dbcd162bf96e072c8c26b96d3c12f49d7324757cfd1f72f13701b165df121,b4d689cc1e10d88bd8d0e27f1f63c3ac191cec9616170fe60b73ab9ebc769a31
pm:vm:photonmelodies11.rio.004:874373084:00068252:00364,cvm,【悠阳】「大家想必都是如此…………不，<0A>哪怕只是得到武先生的期待…………」<01>,[],layout_only,826325c518e3466059b61e5b03e51e8793eb91e0918d7edb8ec8f624e6fc7957,b56ed312e293c5e74e4f85678c2f572b96e621cbc10e0b89067e2f20cefdc464
pm:vm:photonmelodies11.rio.004:874373084:00068296:00365,cvm,【武】「…………嗯？」<01>,[],layout_only,568a90aa4f37ef6fd1ad0120b8fef301c43d0c532107618f930b0ed9fd488ce2,7d385f4436d76018f33ba5742db237b2c68a0c76a4c0fa9e0d06e7d2fe858b95
pm:vm:photonmelodies11.rio.004:874373084:00068528:00366,cvm,【悠阳】「不、不，没什么。<0A>总之，我的愿望，就是与武先生并肩作战」<01>,[],layout_only,9930267b3bb182f81caff3099be560be79d8bcf82c5f735e6e2be3844f56ce22,6d84806d8aa071f1769ea01cdb2af241a10febdd891b22590cbf5b0307b94c43
pm:vm:photonmelodies11.rio.004:874373084:00068572:00367,cvm,【武】「啊，嗯…………」<01>,[],layout_only,4a540fb4ea6d6ca53fdba362b011a6dc8291ca774c1e4b9940c886b06008860f,d75c686aabbd77d30239866d61650ca4b4c6c725cf7fd2c511312181557a999e
pm:vm:photonmelodies11.rio.004:874373084:00068628:00368,cvm,【悠阳】「请您考虑一下…………那么告辞」<01>,[],layout_only,94d2869dd1112e40b8339764abd8ea9495dc5f70dd3ba5931743ef63b1733899,b78e0a9f384de043f9a5b09c3c1deeed6ae1ca0acb42ba3a713c8ba747c1e478
pm:vm:photonmelodies11.rio.004:874373084:00068748:00369,cvm,……………………。<01>,[],layout_only,efa30788584cfea7ade60ccc37d7fc6cda943e64935eb133252c341159e58e05,0b3d7aae4004dc9b91522cf9245f879b48b6a3b3d3c28ecbba043ba8207a6df9
pm:vm:photonmelodies11.rio.004:874373084:00068804:00370,cvm,【声音】「那个，白银同学」<01>,[],layout_only,15cc34bb688501ba39502d6144b2cd9856c5045aaf6b3b178d4261c3f37a7669,d86c9124a2c17527fa7ce2d1d735e137d4d83ce1cd91890d977b1fdbac2265c1
pm:vm:photonmelodies11.rio.004:874373084:00069168:00371,cvm,【武】「什、什么啊，原来是霞啊…………怎么了？」<01>,[],layout_only,0c3c485434de7c42c102b123bc1d0521a8e5b0c54a4582878fdfe88b841dae59,4108441d30853f7df907d6d4804cc9c73c515f3cbf879db2aad32c685aa43721
pm:vm:photonmelodies11.rio.004:874373084:00069248:00372,cvm,【霞】「关于刚才说的奖金…………」<01>,[],layout_only,e66d9e019eeb4088a07e37f51f1af9096b4535c4cee20a68191ddae5ceeaa5fb,7f282413b6d97da65f456cec959c92c0ab8a539f20f6e3b6ff6e1ab63c691808
pm:vm:photonmelodies11.rio.004:874373084:00069292:00373,cvm,【武】「啊，对，是这件事啊。<0A>确实可能说得有点太现实了，抱歉啊」<01>,[],layout_only,d92c8da9b992d2e2a031104f7a56ab2ada617ffd3738211427c0fefbb4945885,9837647b61c323b99abab70925fd8e8011120900200535483e79258e1b02f38c
pm:vm:photonmelodies11.rio.004:874373084:00069524:00374,cvm,【霞】「不，我不是那个意思——」<01>,[],layout_only,b9913103e170e316bfc6c13b4f2f4233485f4617f29b3cc6d888b3b841deef73,a38673dab3ae48a44174481ea0a2d9a268c00ba747ed72be86374be655154c90
pm:vm:photonmelodies11.rio.004:874373084:00069580:00375,cvm,【纯夏】「小霞～～！快走啦～～」<01>,[],layout_only,b51d3ec2640a1979d3ae761a98020346b93823e8b7187ee266c7c56b94942d34,3c9909710769599774f14aa2e6fce4bb5ffb705a927a65974560af0651eca2f5
pm:vm:photonmelodies11.rio.004:874373084:00069812:00376,cvm,【霞】「啊…………」<01>,[],layout_only,bde0cc4d6a6856276fca246a7b10fa5232203aa9a207ae2d028c211155f2944e,bb4cba9cc2fbbf8058521dbc263d4428866a23aaa3031294213db726adab17d5
pm:vm:photonmelodies11.rio.004:874373084:00069856:00377,cvm,【武】「哦，纯夏在叫你哦？<0A>好啦，快去吧，待会儿再见」<01>,[],layout_only,d29f50ffec5a8731d9eca3459cb38980182ffd1607a4c9776f972a95134f525b,1efed27cc181b7bfedfb8514528887c94a1cbd5781adda64d196063eb1a0eadc
pm:vm:photonmelodies11.rio.004:874373084:00070088:00378,cvm,【霞】「……………………好」<01>,[],layout_only,0e0b4b06d81d5ef5d3c1c2aeb1f15c61661243315bf871f83844904337c864ad,4f3a4061cb136b35ece0eab01b8e3ebf294206228f0c6d9cf1548b9d7b62182f
pm:vm:photonmelodies11.rio.004:874373084:00070724:00379,cvm,【柏木】「白银同学」<01>,[],layout_only,1b4f7e5125fef0cf300aed77ea26d93eeee59660dca86057147c0a246ca628dd,350ed278cb43d2fa491fff9ecaa912d14a94c97e701dc9a21121a03cee4a4117
pm:vm:photonmelodies11.rio.004:874373084:00070768:00380,cvm,【武】「咦？时间来得及吗？」<01>,[],layout_only,3a188789e7873504005d76f4995a4a8eed8f6b52a5be0e27ae62f30cd0cdc91d,de88519ed7073380c683211490aac7d0d7615b55942f6723ce459bca95c6a78a
pm:vm:photonmelodies11.rio.004:874373084:00070824:00381,cvm,【柏木】「嗯，走之前想跟你说几句…………」<01>,[],layout_only,6e6f678d9fb92ff35ffc2a96c5106200b4dc939958f03fcab11ef0dd1ed22fc8,f07cbfd6c16add1dce8f8d5a0273fa16015114d0dd4bc234d56042a37defdd60
pm:vm:photonmelodies11.rio.004:874373084:00070868:00382,cvm,【武】「啊，什么事？」<01>,[],layout_only,e3d80dae28d584e19e333e7ee04df5401f73d4e3470667805c698159436608f3,c9f19a2ec893a4843f46205b94132ae02f7e44f4cf33fb23b841e8c02a12d40b
pm:vm:photonmelodies11.rio.004:874373084:00070924:00383,cvm,【柏木】「白银同学，你已经决定队伍怎么编了吗？」<01>,[],layout_only,0bcf323834330b7327e346c7338b3d8de2b13609a664b4487b9739d10ba9018d,ae9e562d1d5b14a2a07732d08afdd4a053f1e06ab0f50f840b67fbddfd320728
pm:vm:photonmelodies11.rio.004:874373084:00070968:00384,cvm,【武】「没有，还没决定。毕竟值得庆幸的是，<0A>我们这边人才济济，正因为这样才难选啊」<01>,[],layout_only,3fd5c62dbdb235ded02855ab139f260c0ea92c35025cdc7cabac3197bb2730c6,f27ea3cb3c61b2f67763fcd29982d8b26bea42ad2476682213a7e778f552f21d
pm:vm:photonmelodies11.rio.004:874373084:00071200:00385,cvm,【柏木】「啊哈哈…………是啊」<01>,[],layout_only,2165999a0a48e3848d180f14da792d73ab268aaf21083ed69cd7d152c85bfbdf,c2e55252f4fb3e0edb46beb23df1154954cb1fa43d372ac3d87fbbb78f02fdf8
pm:vm:photonmelodies11.rio.004:874373084:00071244:00386,cvm,【武】「不过你，也不能因此就不来会合啊？」<01>,[],layout_only,4548cefda2f61decdf0cd23b2ece331cc3cd0357da626261ef6b2e912413295f,ed0de8ac81daa0c5533f2820c176ed43c50a83d6218b99b48b34a86819374484
pm:vm:photonmelodies11.rio.004:874373084:00071476:00387,cvm,【柏木】「果然，还是有我在比较好？」<01>,[],layout_only,480dbd63b2e3ca129d0400558fe15fded26e1aa341e129099cb70d498743e8c9,be937ded09ef54c7f53cce0e2ef828a4c1353dd9780d9a3f241f8164ed5b67e9
pm:vm:photonmelodies11.rio.004:874373084:00071520:00388,cvm,【武】「当然了吧？怎么，你来不了吗？」<01>,[],layout_only,c4abcab53e0dec39d0eeab80b98ea1c2c534ef0a5966ac09a9a5e12fe88ca0d4,f5f82c0ee24aa0d2a7152aa77ebfda577f62e91582e220878226c764ab30d786
pm:vm:photonmelodies11.rio.004:874373084:00071752:00389,cvm,【柏木】「啊，不是，不是那样啦！」<01>,[],layout_only,a4b176872d85bba1001ebd248ac3fe49e5836681ea2a07774844cd70cda9286d,f5b8921e7c14c56178fa8cf9b270c9344fcd52ad7ec7c1a36f1fe04bc05ab112
pm:vm:photonmelodies11.rio.004:874373084:00071796:00390,cvm,【武】「真是个怪家伙…………」<01>,[],layout_only,bfbb9140f452d5b0776da9726e6b4489cab06f3cab12daff31fe4b9978d97da5,88bc6fcdb00854a4044c896f67e32f1c2cbddef11200b3572daa15711465892d
pm:vm:photonmelodies11.rio.004:874373084:00072028:00391,cvm,【柏木】「等我赶来会合，至少也要让我，上场打一场吧」<01>,[],layout_only,2848acbbc76e5335d28ad0fc2bce393e72643886b67943392327de78a92bb9b7,f6fe944eea1fc61d15fa1ae244e85b61732041a00fd86db0854df02778e92b55
pm:vm:photonmelodies11.rio.004:874373084:00072072:00392,cvm,【武】「哦？怎么？<0A>是想说‘我上场就能赢哦！’之类的吗？<0A>等你后半程赶来时，<0A>对手我看也都相当厉害了哦？」<01>,[],layout_only,5787c958909459ce0de33bb45719204c29b64b8105a6eee510d0ef720d370146,60d7755a83d91c7f09da61f9f79c6344328ba61d66708d311e4f025b19e5f71e
pm:vm:photonmelodies11.rio.004:874373084:00072304:00393,cvm,【柏木】「和白银同学一起的话，感觉应该能赢呢」<01>,[],layout_only,5c1bed421288afcc6116f03516efd44754ae6f157cd27b17991ab68b8db87bb8,41fbf6aa97d1fc7417c0b6a592daad8c55d7a4fcf85f24fd672386238885c8c7
pm:vm:photonmelodies11.rio.004:874373084:00072348:00394,cvm,……………………哈？<01>,[],layout_only,72a8c75046fb5d2aa28cdbf6bd4274cc7947044e5da200ac2bd7d668d7d29675,276359225c55d915620932500686d990190e6c3327bfd142e050e4dceda8787b
pm:vm:photonmelodies11.rio.004:874373084:00072392:00395,cvm,【武】「为什么？」<01>,[],layout_only,5f12a83ded811d4decf267bdde2bd49e9bf938fe6934f35bc180db81a8df05f4,f7894949c83f17d3e7305d8a81b20266bd47822e62b64d73d523092f2067439d
pm:vm:photonmelodies11.rio.004:874373084:00072624:00396,cvm,【柏木】「只是有这种感觉而已。<0A>总觉得会配合得很好…………我是说，我能打好」<01>,[],layout_only,f1d328440081cd2b607b6f5e83e246c8b4016d2cd1e5ed5099c60f0512c385e3,3f5d1edc3bffac9e0e3ce5b7e3be9bc096ce6d651258af4de556c390e4c32dd4
pm:vm:photonmelodies11.rio.004:874373084:00072668:00397,cvm,【武】「我说啊，我可从没打过沙滩排球哦？<0A>而且……………………」<01>,[],layout_only,43895fcfd4c8dd4566fc3a1e150bca5ac708dc91965994beed2a0bd4ea03ce55,f52b65ffe7a5d1f71fab7b8c85c4fb0955e79acceb7bcc6fea70e263e9f63bed
pm:vm:photonmelodies11.rio.004:874373084:00072900:00398,cvm,【柏木】「怎么了？」<01>,[],layout_only,92c9b29bd2d1c71aa2fb26da925c02c9835ddd5ca3fa72c157941dd36d7c8e11,5a27bc27b37ecfdedc3ea05e69bf3be3738de70cc119742b7902105b448739a1
pm:vm:photonmelodies11.rio.004:874373084:00072944:00399,cvm,【武】「规则…………我，根本不知道啊」<01>,[],layout_only,f4a5d84d066db88ce196c6d8882be5645f34aa02e99df359b32ca86a52c76094,892060fda7368a9275276b63eb67dab85c3ae3c4d8f248023fa21b3c20f6d4b8
pm:vm:photonmelodies11.rio.004:874373084:00073176:00400,cvm,【柏木】「咦～～？你现在才发现？<0A>还真像白银同学会干的事呢～」<01>,[],layout_only,ade76c68d1f4b2c7f30b406894b8c61fb16163a0079a01a422ef23c41fabdf0c,0ac91f2b99423b543a4ecb1730d30c955763a32492841f67875c0c025a5d42a4
pm:vm:photonmelodies11.rio.004:874373084:00073220:00401,cvm,【武】「…………怎么办」<01>,[],layout_only,6bf7979baca3d67f3d06bbce7d003fe05a931935f07fd3d9a813fe99ff1e2adb,0df7f9935ad637fe5807941861ef98b3b63043bdd11ae0218ab470cadbf292b0
pm:vm:photonmelodies11.rio.004:874373084:00073452:00402,cvm,【柏木】「没办法，告诉你一件好事吧！」<01>,[],layout_only,23c4d00a02b6977682ff5261cd0688fdd2eb2a009d6dafd9420c30d1aa34259c,b5a8cc384a8d44870ec83cc608e64e5d8d355f071c61b439754e4e1d983f45ad
pm:vm:photonmelodies11.rio.004:874373084:00073496:00403,cvm,【武】「好事？」<01>,[],layout_only,421175e9acde1954a42c08e901fcfd1f7d235b5c83a3bdac5b3e2a3d451ee1c6,9994d237c017aa8081a43be384649f6a3f6b0700a94e4f39ca68e8062a504929
pm:vm:photonmelodies11.rio.004:874373084:00073552:00404,cvm,【柏木】「听说皮亚蒂芙老师和塔斯雷夫老师懂规则。<0A>她们说之后会教我们哦？」<01>,[],layout_only,1c8c5d77455f14b2022633a347f47555bdf6a02185ae8ebc1407999b1d6f3aae,353eab02c41c4aa975f69a5f6ac7ec1227086b549360148c358bf41d8ba5b26a
pm:vm:photonmelodies11.rio.004:874373084:00073596:00405,cvm,【武】「这、这样啊…………那可帮大忙了。<0A>啊，不过你知道规则吗？」<01>,[],layout_only,a5a5c7ccbb90fc47139f8522adc020bab20a2af7dd7c0ce0dcc7f2920c14a56e,6e6fd29a7de9fbf7f882465a477ccb5e6f5a5650c198f02f3eb9743b026178a7
pm:vm:photonmelodies11.rio.004:874373084:00073652:00406,cvm,【柏木】「大致知道。<0A>这个运动的地方规则很多，<0A>详细规则等会合后我再确认」<01>,[],layout_only,077b902c8f13592fead69e8a45701f476a5333fa36c381077f23de26b99aa19a,7f1134df5628b101c2f6ac51e56cd2407e5d9f6778dc0fe3226bf2dfc04e47fa
pm:vm:photonmelodies11.rio.004:874373084:00073696:00407,cvm,【武】「这样啊…………」<01>,[],layout_only,31fbc3608dd06de3f279948a8058f5d17baa73364bb09a78122eb0df9206c1ac,77f4a3c52a31783de83bb46b8405cd652af6dc207fd2b07bf6356d52904f2a26
pm:vm:photonmelodies11.rio.004:874373084:00073928:00408,cvm,【柏木】「那，刚才说的事，你要好好考虑哦」<01>,[],layout_only,a5ff024e4bc416ac7f1143d1f6025404289e186bfef1f68901a371d4c05e9943,cb1a0ea593a27d95dd96c0f381621e58852bf88dc4e6d578030252e4661b7f89
pm:vm:photonmelodies11.rio.004:874373084:00073972:00409,cvm,【武】「啊，嗯…………」<01>,[],layout_only,4a540fb4ea6d6ca53fdba362b011a6dc8291ca774c1e4b9940c886b06008860f,e30ec5461bab314596402c7b1bc783fefd3dd6ef79acdd0aa0948392c4c08d98
pm:vm:photonmelodies11.rio.004:874373084:00074092:00410,cvm,刚才说的事…………是说会合后让她上场？<0A>和我搭档？<01>,[],layout_only,5cfa80559d09439f4b5fb096424ebd47a9443f7f36827a05b9697bb7cbdd5092,3bd75f58a7ffedd321acb301e4d27ad2b86de2b4fb7bbba6c6e37e8ee89df46e
pm:vm:photonmelodies11.rio.004:874373084:00074136:00411,cvm,要说柏木和别人搭档，我还能理解，<0A>换成跟我，反而会埋没她难得的实力吧。<01>,[],layout_only,61ec03bf556a41e650a9bdca4fdbc97cee7b3d4891099a9ae2e63f5fef903ab7,63384ef479c2d01521f9e754c0700d515fad22aff30c60ae90e0ea1724fce86a
pm:vm:photonmelodies11.rio.004:874373084:00074180:00412,cvm,真要说的话，柏木和彩峰搭档，我觉得会相当强。<01>,[],layout_only,9478b7769a60deda87a9c36a5bad086bc8cf53a44e828195cb421cf6b0af0fac,3bca6d057be943c64b881d0b66268d83b5fd64964d62f3464805902eb4b429f5
pm:vm:photonmelodies11.rio.004:874373084:00074224:00413,cvm,两人的运动能力都很强，个子也高。<01>,[],layout_only,471410695261ce25d4c843fbf8a30fef8ab88e0160c8c1d547187fb1d4aee391,eccf97c7eea5988ddb363f12edc4bf6489ac7c56d1f2268e4559aaf025d16188
pm:vm:photonmelodies11.rio.004:874373084:00074456:00414,cvm,【柏木】「没错没错！」<01>,[],layout_only,17ed26f4858d983071f392a4d27e26f5d1215f30e2401dd44e2d919251224acb,d5768b69299359e4c87f8502571ba367d0d0ff7be728912477885465d50aef52
pm:vm:photonmelodies11.rio.004:874373084:00074500:00415,cvm,【武】「怎么了？」<01>,[],layout_only,38d89f6c1c9f9f170a7236ad926c3b68e1bb3b71d6b0fe871eebd0b822832def,8f34cf5965d2beab719bc5aa6ac971d7b7ba6ad9a90351adfa1c55d61cb2066d
pm:vm:photonmelodies11.rio.004:874373084:00074556:00416,cvm,【柏木】「要让谁上场，你可得替大家好好考虑哦？」<01>,[],layout_only,ed90e5c7d1d81dcf5cb47cb463e8a23f255c3079b089030f36c270c476e7ff0d,c7454c90715ec567e92afc7b75b5052ed0c25fb8fb03e24a49b98236391ed6e7
pm:vm:photonmelodies11.rio.004:874373084:00074600:00417,cvm,替大家…………考虑？<01>,[],layout_only,b643594aa98178fb5e35864587faf473301e306b92c1e87447360b4ea2ecc9e7,1a37fb7565dea2f174011ba04c5bd327a6f9dbb13d4ccf8fe7e6e1706ae741e8
pm:vm:photonmelodies11.rio.004:874373084:00074644:00418,cvm,考虑当然是应该的，可“替大家”是什么意思？<01>,[],layout_only,86a3b9377ab115f19c8a93f4f07db3a04850a825638e0a0e3a4976565ee4b279,12f6023590c9de696f575a0035b4bcf1f52c2675ef0d4eec987d1010ec907b19
pm:vm:photonmelodies11.rio.004:874373084:00074876:00419,cvm,【柏木】「我觉得以白银同学你的性格，<0A>不告诉你，你肯定注意不到」<01>,[],layout_only,085e525d093321047b3bed1ce046796de0ffd34731a2da6cbd28e817f76ad725,dabd2c0ac0abddd5ea4e4a8b15d0bdf9eadc4a26b98b3f729255cd1d81092468
pm:vm:photonmelodies11.rio.004:874373084:00075096:00420,cvm,【武】「就算你告诉我，我也不太明白」<01>,[],layout_only,700646149cf0943dfcd52c2ba372f67ad4b8f270b6067f90870cf14e33b31f1b,296e01d0b22e3d2800a19627746e93faf86b1ae0f6a54caaedeb4273f46587af
pm:vm:photonmelodies11.rio.004:874373084:00075152:00421,cvm,【柏木】「这是只想着赢下比赛就看不到的事情…………<0A>我不再多说了！再见！」<01>,[],layout_only,87ae3e1886309ce87d48b4edfb06df656e9e5210afb756bfa762f3ae59cad333,ae98df88599118b01ba12567f4399faf885794424e77ac167e97ea7acc968e75
pm:vm:photonmelodies11.rio.004:874373084:00075272:00422,cvm,……………………她在说什么？<01>,[],layout_only,36ae9e3b1d87dbd308346a155102851297fb3574eff162c56358ca7782f9146a,6a3674e3f88de5d4d66533a0c8a628c79cdb90bb4adbbccef920eef937afa0c6
pm:vm:photonmelodies11.rio.004:874373084:00075328:00423,cvm,【声音】「那个，白银同学」<01>,[],layout_only,15cc34bb688501ba39502d6144b2cd9856c5045aaf6b3b178d4261c3f37a7669,d86c9124a2c17527fa7ce2d1d735e137d4d83ce1cd91890d977b1fdbac2265c1
pm:vm:photonmelodies11.rio.004:874373084:00075640:00424,cvm,【武】「嗯？原来是霞啊…………怎么了？」<01>,[],layout_only,a7b29dd36812390e288afe589f4b4922aff55f409be66903dc60f3509359c694,f5749852009a12a08f329753ce391125eb8ccc7d5e98ef9f2d09bf6740e98515
pm:vm:photonmelodies11.rio.004:874373084:00075696:00425,cvm,【霞】「关于刚才说的奖金…………」<01>,[],layout_only,e66d9e019eeb4088a07e37f51f1af9096b4535c4cee20a68191ddae5ceeaa5fb,7f282413b6d97da65f456cec959c92c0ab8a539f20f6e3b6ff6e1ab63c691808
pm:vm:photonmelodies11.rio.004:874373084:00075740:00426,cvm,【武】「啊，那件事啊。<0A>确实可能说得有点太现实了，抱歉啊」<01>,[],layout_only,1763b48b2670527033f8dd9a497413d0bc6efe8449792f40533aae49d6fdde6d,9837647b61c323b99abab70925fd8e8011120900200535483e79258e1b02f38c
pm:vm:photonmelodies11.rio.004:874373084:00075972:00427,cvm,【霞】「不，我不是那个意思——」<01>,[],layout_only,b9913103e170e316bfc6c13b4f2f4233485f4617f29b3cc6d888b3b841deef73,a38673dab3ae48a44174481ea0a2d9a268c00ba747ed72be86374be655154c90
pm:vm:photonmelodies11.rio.004:874373084:00076028:00428,cvm,【纯夏】「小霞～～！快走啦～～」<01>,[],layout_only,b51d3ec2640a1979d3ae761a98020346b93823e8b7187ee266c7c56b94942d34,3c9909710769599774f14aa2e6fce4bb5ffb705a927a65974560af0651eca2f5
pm:vm:photonmelodies11.rio.004:874373084:00076260:00429,cvm,【霞】「啊…………」<01>,[],layout_only,bde0cc4d6a6856276fca246a7b10fa5232203aa9a207ae2d028c211155f2944e,bb4cba9cc2fbbf8058521dbc263d4428866a23aaa3031294213db726adab17d5
pm:vm:photonmelodies11.rio.004:874373084:00076304:00430,cvm,【武】「哦，纯夏在叫你哦？<0A>好啦，快去吧，待会儿再见」<01>,[],layout_only,d29f50ffec5a8731d9eca3459cb38980182ffd1607a4c9776f972a95134f525b,1efed27cc181b7bfedfb8514528887c94a1cbd5781adda64d196063eb1a0eadc
pm:vm:photonmelodies11.rio.004:874373084:00076536:00431,cvm,【霞】「……………………好」<01>,[],layout_only,0e0b4b06d81d5ef5d3c1c2aeb1f15c61661243315bf871f83844904337c864ad,4f3a4061cb136b35ece0eab01b8e3ebf294206228f0c6d9cf1548b9d7b62182f
pm:vm:photonmelodies11.rio.004:874373084:00077304:00432,cvm,【纯夏】「我说，小武」<01>,[],layout_only,1854bd872d54d66df0d8ffbd3bad6f913d25d91857c9df80434c776565cdbfe1,60f0c7e9817eb4603b82019268a733669d77173649eaa512eade8ec0e77d23a1
pm:vm:photonmelodies11.rio.004:874373084:00077348:00433,cvm,【武】「怎么了？」<01>,[],layout_only,38d89f6c1c9f9f170a7236ad926c3b68e1bb3b71d6b0fe871eebd0b822832def,8f34cf5965d2beab719bc5aa6ac971d7b7ba6ad9a90351adfa1c55d61cb2066d
pm:vm:photonmelodies11.rio.004:874373084:00077404:00434,cvm,【纯夏】「话说回来，小武，你打过沙滩排球吗？」<01>,[],layout_only,e93e9a540a6ac56b464c0e8539134e522ccca74d121e0dde221209a86553dc97,9a464f0ffc18d23144fcd758cb776b504a481fcdc1baf799bb8c1fcd69ad3451
pm:vm:photonmelodies11.rio.004:874373084:00077448:00435,cvm,【武】「哈哈哈，怎么可能打过嘛」<01>,[],layout_only,0c658cade83ed875ad3499b742f7d7bfca3e44bef0692bc97a6abd10a2cb4761,176a70ecc562cb5d7b346637f1a34e1c1df8d4698dd612621302eb50107e8e69
pm:vm:photonmelodies11.rio.004:874373084:00077680:00436,cvm,【纯夏】「连规则都不知道要怎么玩？我也没打过哦？」<01>,[],layout_only,fc7ba3188ffee15b79c0e2be3e2837edd7595fd30818f8ab13aa1214bb016a9f,9da5860d16210a40f6977aef2fbd4fd1860c8fd433aa4522faa732101d0ccf6f
pm:vm:photonmelodies11.rio.004:874373084:00077736:00437,cvm,【霞】「…………沙滩排球是什么？」<01>,[],layout_only,929004806e46b57214c9d59ab503265a7a0dc6b30c433f1dd346bb1142862c65,648cc5419f64bb89afdb3584ee3bb04dc71ba2f98bd6040fb2d9d530779c136d
pm:vm:photonmelodies11.rio.004:874373084:00077780:00438,cvm,【武】「……………………完全没考虑过」<01>,[],layout_only,a3ad119703c88c6792de330d9984c323c73c7043e610ecb8cfe267b593a6999f,9828f6d39ae4ab80e8522f9ddf3ebb51490f086cf6b7a152c1ff4de03855e3c7
pm:vm:photonmelodies11.rio.004:874373084:00078144:00439,cvm,【悠阳】「不必担心」<01>,[],layout_only,547e9282ebd2869a92c0ad3cdab57cc99aea1de43423f49bbadf3f6fbe89731b,d05d624a331dbd251b4798cee3b9f8824294a47ca8f2c00edf0059c3e7720a4d
pm:vm:photonmelodies11.rio.004:874373084:00078500:00440,cvm,【纯夏】「啊，御剑同学」<01>,[],layout_only,57136ff79840cac7ffad046e7d5d34e78d8ef59edc0ac4f96aeb01662696a738,5a52ecda707a3c0abd35d5ef755f363e524c2d5ae52d2e28b78be19f8f8b9b43
pm:vm:photonmelodies11.rio.004:874373084:00078680:00441,cvm,【武】「哦？你知道规则？」<01>,[],layout_only,c530ceaf9bbbd0ca350a001f93ea68dded2f3264a94b2049fb3fb98e08c486cf,63d7c33673ffe938d0bf11088d1f94348a9a8dc42875f64ec9958ad146edc22a
pm:vm:photonmelodies11.rio.004:874373084:00078736:00442,cvm,【冥夜】「不，我们也是第一次，<0A>不过皮亚蒂芙老师和塔斯雷夫老师似乎知道规则。<0A>她们说之后会在赛场指导我们」<01>,[],layout_only,549ddae96c5024521b63b3b637c468f942c08e8d0fb50b87c540e4730cc4b5de,9217c9e8d4c501c21d4a10cbc696414e4e3fc81aac8d16e8a4f7abfad562a672
pm:vm:photonmelodies11.rio.004:874373084:00078780:00443,cvm,【武】「原来如此，那可真让人放心」<01>,[],layout_only,04ba94245ad4f18fad3ad87b097be01dc5aa8f18dbf0959c95ca41cac48b10f0,3ab4b415a47c5783954b84560bbbad92ec32f122ee262cb812573ea48f436efc
pm:vm:photonmelodies11.rio.004:874373084:00078836:00444,cvm,【悠阳】「那么，稍后再会」<01>,[],layout_only,d9915d36648e22e3e77c9d58df6d402896dbd0a1d446d778651e38d66630e550,e2c807b7f5cfde90be752898b42de4ec268a765d7d120092dbb88570aa6b62a8
pm:vm:photonmelodies11.rio.004:874373084:00078988:00445,cvm,【武】「嗯，回头见。<0A>既然这样，纯夏你们也赶紧去换衣服吧」<01>,[],layout_only,c0e79be90f7d5bcebed115b9be47cdac61da0c15aeba943156c639551e73adf1,5cb1f170db052398b589fa48231fc805edc0e2b4d1788f4ae3a01739c2950a06
pm:vm:photonmelodies11.rio.004:874373084:00079352:00446,cvm,【纯夏】「也是…………那走吧，小霞」<01>,[],layout_only,80a90fcf215616f7fe69afd0e1d2ef3632d715d98b45d1c7cb0f9f3fc4b0694b,825fb27b14fe0eb535489eb415312be3f45e18be043dfd14295115476aff7cb1
pm:vm:photonmelodies11.rio.004:874373084:00079484:00447,cvm,【霞】「好…………那个，白银同学」<01>,[],layout_only,bdf8bf803c736eee23c00fe815c02132d7955500488e8fdd9165148c6bb569e4,ff6d8307b902ec2b9dc07701ee7eb8022912a952feb8d57a452160d7274f0528
pm:vm:photonmelodies11.rio.004:874373084:00079664:00448,cvm,【武】「怎么了？」<01>,[],layout_only,38d89f6c1c9f9f170a7236ad926c3b68e1bb3b71d6b0fe871eebd0b822832def,8f34cf5965d2beab719bc5aa6ac971d7b7ba6ad9a90351adfa1c55d61cb2066d
pm:vm:photonmelodies11.rio.004:874373084:00079720:00449,cvm,【霞】「关于刚才说的奖金…………」<01>,[],layout_only,e66d9e019eeb4088a07e37f51f1af9096b4535c4cee20a68191ddae5ceeaa5fb,7f282413b6d97da65f456cec959c92c0ab8a539f20f6e3b6ff6e1ab63c691808
pm:vm:photonmelodies11.rio.004:874373084:00079764:00450,cvm,【武】「啊，确实可能说得有点太现实了，抱歉啊」<01>,[],layout_only,c36f6ea5c150d1455f77c54d196c7c0d82bbfe7d1fa3609bffec7781ee3d3db9,9837647b61c323b99abab70925fd8e8011120900200535483e79258e1b02f38c
pm:vm:photonmelodies11.rio.004:874373084:00079996:00451,cvm,【霞】「不，我不是那个意思——」<01>,[],layout_only,b9913103e170e316bfc6c13b4f2f4233485f4617f29b3cc6d888b3b841deef73,a38673dab3ae48a44174481ea0a2d9a268c00ba747ed72be86374be655154c90
pm:vm:photonmelodies11.rio.004:874373084:00080052:00452,cvm,【纯夏】「小霞～～！快走啦～～」<01>,[],layout_only,b51d3ec2640a1979d3ae761a98020346b93823e8b7187ee266c7c56b94942d34,3c9909710769599774f14aa2e6fce4bb5ffb705a927a65974560af0651eca2f5
pm:vm:photonmelodies11.rio.004:874373084:00080284:00453,cvm,【霞】「啊…………」<01>,[],layout_only,bde0cc4d6a6856276fca246a7b10fa5232203aa9a207ae2d028c211155f2944e,bb4cba9cc2fbbf8058521dbc263d4428866a23aaa3031294213db726adab17d5
pm:vm:photonmelodies11.rio.004:874373084:00080328:00454,cvm,【武】「好啦，快去吧。待会儿再见」<01>,[],layout_only,f3f6ba9c5b83cc807331bba472dcbde21738421faf43d415283bee2ca9f665f0,1efed27cc181b7bfedfb8514528887c94a1cbd5781adda64d196063eb1a0eadc
pm:vm:photonmelodies11.rio.004:874373084:00080560:00455,cvm,【霞】「……………………好」<01>,[],layout_only,0e0b4b06d81d5ef5d3c1c2aeb1f15c61661243315bf871f83844904337c864ad,4f3a4061cb136b35ece0eab01b8e3ebf294206228f0c6d9cf1548b9d7b62182f
pm:vm:photonmelodies11.rio.004:874373084:00081328:00456,cvm,【冥夜】「武」<01>,[],layout_only,33938ea87c4a5fada73fcf016391e9448b2898d0ae681680049894b59cc08850,9491d05b17749432b981e78b75e6e4836b0d6235bcc0f8b8b52b05552504ae28
pm:vm:photonmelodies11.rio.004:874373084:00081372:00457,cvm,【武】「怎么了？」<01>,[],layout_only,38d89f6c1c9f9f170a7236ad926c3b68e1bb3b71d6b0fe871eebd0b822832def,8f34cf5965d2beab719bc5aa6ac971d7b7ba6ad9a90351adfa1c55d61cb2066d
pm:vm:photonmelodies11.rio.004:874373084:00081428:00458,cvm,【冥夜】「冒昧问一句，武有打沙滩排球的经验吗？」<01>,[],layout_only,64d406206dc6aef59ccd50046d29736febad24f4b019f6e16c3bd0c76eaed2d0,51f6dbb9218a850272aabf268e56e8db00289742d0ed36e65a31056f4db0c9e9
pm:vm:photonmelodies11.rio.004:874373084:00081472:00459,cvm,【武】「哈哈哈，怎么可能打过嘛」<01>,[],layout_only,0c658cade83ed875ad3499b742f7d7bfca3e44bef0692bc97a6abd10a2cb4761,a014fb045522af39bdfd2592975fe31475179a7558e8cb92419772e1db2faaf3
pm:vm:photonmelodies11.rio.004:874373084:00081704:00460,cvm,【冥夜】「这样啊，那就必须从了解规则开始了吧？」<01>,[],layout_only,0efa38d254effc7f3f402d18de912cb7ed6a715e0ca7228b0751758bd7ee63d1,1af69ccb25a7f50b52e322dcad1a0b7d7f558e6f1d811baf79d44f6e38fa8156
pm:vm:photonmelodies11.rio.004:874373084:00081748:00461,cvm,【武】「……………………完全没考虑过」<01>,[],layout_only,a3ad119703c88c6792de330d9984c323c73c7043e610ecb8cfe267b593a6999f,b86f85404c1df866c9a90c54ac411562be6f7666bda67f1ee522fbf777e1d705
pm:vm:photonmelodies11.rio.004:874373084:00081980:00462,cvm,【悠阳】「没问题，不必担心」<01>,[],layout_only,795b2c2155c166a9dee9c9cd8f23d55073213e47e9de9f0753f51800d5c866d3,2edcf3aa418e336f5b6b830296e0a9a630733dd5fe216f69439e798c8af8a1e0
pm:vm:photonmelodies11.rio.004:874373084:00082024:00463,cvm,【武】「哦？你们知道规则？」<01>,[],layout_only,c9a0b95a7ab629eb21893e806174532d343659257b33ab7f5fba83b6c980db2f,bff8bade552c6c459e4818b38b3b08fa77a65ce5c2b7f864b8ad6d1b606e49a5
pm:vm:photonmelodies11.rio.004:874373084:00082388:00464,cvm,【冥夜】「不，我们也是第一次，<0A>不过皮亚蒂芙老师和塔斯雷夫老师似乎知道规则。<0A>她们说之后会在赛场指导我们」<01>,[],layout_only,549ddae96c5024521b63b3b637c468f942c08e8d0fb50b87c540e4730cc4b5de,9217c9e8d4c501c21d4a10cbc696414e4e3fc81aac8d16e8a4f7abfad562a672
pm:vm:photonmelodies11.rio.004:874373084:00082432:00465,cvm,【武】「原来如此，那可真让人放心」<01>,[],layout_only,04ba94245ad4f18fad3ad87b097be01dc5aa8f18dbf0959c95ca41cac48b10f0,3ab4b415a47c5783954b84560bbbad92ec32f122ee262cb812573ea48f436efc
pm:vm:photonmelodies11.rio.004:874373084:00082488:00466,cvm,【悠阳】「我就是来告知此事的。<0A>那么，稍后再会」<01>,[],layout_only,417c4e7afbbd5fc3faf738bdec1f1d3174aa158e989e7362f1c8480e7cf83cb2,beba69151ed2c6caa54e316558a4706625b4180333b3d1365a148b04714b5e5f
pm:vm:photonmelodies11.rio.004:874373084:00082532:00467,cvm,【武】「嗯」<01>,[],layout_only,f6a82e62e4acfd98e4d66f5d8360e3e24e0450474b5f5ab19249cadd415fa1fd,f24c509491629c88c4e7f5a526e4729048118b1a4268547faf0042ca051ceb3a
pm:vm:photonmelodies11.rio.004:874373084:00082696:00468,cvm,【声音】「武」<01>,[],layout_only,2cfa7f1f4b69d1bcee210c87b7b8713bc2107f1d12e87df58ee6411739ce2d8f,e5fcc25fc019271100b929c318a99fdcdef8652ef21881a9006eb5042424b4cf
pm:vm:photonmelodies11.rio.004:874373084:00082916:00469,cvm,…………嗯？<01>,[],layout_only,bd5cacb325df4f8d389c319de0f0c4a25b73448036d6901d63dc6707ed78fed7,ea2ad10933551d668ab9f5f3a51f735eb3c860e7e9643f150543c2af16a38162
pm:vm:photonmelodies11.rio.004:874373084:00083096:00470,cvm,【武】「怎么了？」<01>,[],layout_only,046168ceafda7f97ee7366f0e4c3f4f7897c2ab4777feffca3d15506bd63f7ae,8f34cf5965d2beab719bc5aa6ac971d7b7ba6ad9a90351adfa1c55d61cb2066d
pm:vm:photonmelodies11.rio.004:874373084:00083328:00471,cvm,【冥夜】「我觉得，若能与你搭档参赛，便有望夺冠」<01>,[],layout_only,b4ff0b89bc5d8de4b53e98f29e0156c1339eeb14115d48310bf59f31478395a5,ef755e23e9b92ab937e0d0f8bd3510854465be0bca568a816a6a9515da18f4c8
pm:vm:photonmelodies11.rio.004:874373084:00083372:00472,cvm,【武】「咦？别说笑了～，<0A>咱们队有这么多好手，我哪能比得上啊」<01>,[],layout_only,0816cb78ecafd61ef07b1fa0f9c4539717b4b9ad09eb986354d2ecf57dd1f7e7,a9d2f8f7996567142a8a8cadb0e65e860ce5b54d10225d48bc6c87e8b655eaf9
pm:vm:photonmelodies11.rio.004:874373084:00083604:00473,cvm,【冥夜】「是干劲的问题。<0A>我感觉自己能发挥出全部力量…………不，<0A>甚至是超越自身的力量」<01>,[],layout_only,d64ad07c9f9b31f82a200e77df12897186b44baff1dffda445768fc4e764b57c,e9aefe87b3a5cafe27054ab61a63d7dff70772e6fe62fb2cae99991c822147c2
pm:vm:photonmelodies11.rio.004:874373084:00083648:00474,cvm,【武】「……………………」<01>,[],layout_only,770975bc8d76964cd0683d1a3ba2ec947971272f34819d29aa5c66d3964a88d7,6a17c608647a040376434d02fd50f1e4124a141fe417bdc98ba4d3f27bdee35c
pm:vm:photonmelodies11.rio.004:874373084:00083880:00475,cvm,【冥夜】「恐怕，大家都是同样的心情吧…………」<01>,[],layout_only,eee0b804d92799a7c84aae1e05433b0ae59555dc132b6772b0ecb34e3b0c61d6,cb52518cd24c51b5e582448cd359afb38d1d1f70ba1535178cd4352ebd8aaf58
pm:vm:photonmelodies11.rio.004:874373084:00083924:00476,cvm,【武】「咦？」<01>,[],layout_only,77e63d069d95aabd948bf49f0d1875e61a92335dbc417006761d81674ec8c185,b55249e3c0ee06935938d08a2f8a65d886e446dd4c309f96d3566d3e47b2f343
pm:vm:photonmelodies11.rio.004:874373084:00084156:00477,cvm,【冥夜】「不、不是，我是说<0A>大家都期待你的调度…………<0A>就是这个意思」<01>,[],layout_only,fcb6a1861eaf040e2224290c15da91a53e137f0ae6b625b612c415216208bb99,74b3affa7933eddec8bd722fd4b8d4fcac3f5002e7d859aa7b8994dbf735cd91
pm:vm:photonmelodies11.rio.004:874373084:00084200:00478,cvm,【武】「是这样吗…………」<01>,[],layout_only,254f63169bb84f0f1fb0ee3b34cb1a0e394470f3260a5fe12bb815111f5f84a5,774bf5a53fd7eae72115d05e09373650da9f4368b2f624d192bdac1d9d72c52e
pm:vm:photonmelodies11.rio.004:874373084:00084432:00479,cvm,【冥夜】「哪怕只是得到你的期待…………也会有所不同吧」<01>,[],layout_only,e2dbf498336143fc6b5a196fb83c2d60d9e9e37fc08bf1d75ede945801d09b4b,b7c6e5b3f33c5fe578e69b7d74325c54e36aa16f59b4f94d7fc3243cbcb61d3f
pm:vm:photonmelodies11.rio.004:874373084:00084476:00480,cvm,【武】「……………………」<01>,[],layout_only,770975bc8d76964cd0683d1a3ba2ec947971272f34819d29aa5c66d3964a88d7,6a17c608647a040376434d02fd50f1e4124a141fe417bdc98ba4d3f27bdee35c
pm:vm:photonmelodies11.rio.004:874373084:00084532:00481,cvm,【冥夜】「但是武，我想与你并肩作战」<01>,[],layout_only,91244c00cfc2255b264fa7a41ef84c54e118b2b693b4ed59538dac55e47a16dc,483c064cd8595bf70325616c425ad7a03cd78948cc6a42da24739954f79e51fb
pm:vm:photonmelodies11.rio.004:874373084:00084576:00482,cvm,【武】「这、这样啊…………」<01>,[],layout_only,907dbcd162bf96e072c8c26b96d3c12f49d7324757cfd1f72f13701b165df121,d75c686aabbd77d30239866d61650ca4b4c6c725cf7fd2c511312181557a999e
pm:vm:photonmelodies11.rio.004:874373084:00084808:00483,cvm,【冥夜】「请你考虑一下…………那我走了！」<01>,[],layout_only,f4f9514e6f15e99918e12a1721c88beba94bb4061003214bc394476132eba124,040b6fe7bef4ca48cd1eee44bf85307d7b0598ea102ef9722109eba0ddab9c8c
pm:vm:photonmelodies11.rio.004:874373084:00084928:00484,cvm,……………………。<01>,[],layout_only,efa30788584cfea7ade60ccc37d7fc6cda943e64935eb133252c341159e58e05,0b3d7aae4004dc9b91522cf9245f879b48b6a3b3d3c28ecbba043ba8207a6df9
pm:vm:photonmelodies11.rio.004:874373084:00084984:00485,cvm,【声音】「那个，白银同学」<01>,[],layout_only,15cc34bb688501ba39502d6144b2cd9856c5045aaf6b3b178d4261c3f37a7669,d86c9124a2c17527fa7ce2d1d735e137d4d83ce1cd91890d977b1fdbac2265c1
pm:vm:photonmelodies11.rio.004:874373084:00085324:00486,cvm,【武】「什、什么啊，原来是霞啊…………怎么了？」<01>,[],layout_only,0c3c485434de7c42c102b123bc1d0521a8e5b0c54a4582878fdfe88b841dae59,4108441d30853f7df907d6d4804cc9c73c515f3cbf879db2aad32c685aa43721
pm:vm:photonmelodies11.rio.004:874373084:00085404:00487,cvm,【霞】「关于刚才说的奖金…………」<01>,[],layout_only,e66d9e019eeb4088a07e37f51f1af9096b4535c4cee20a68191ddae5ceeaa5fb,7f282413b6d97da65f456cec959c92c0ab8a539f20f6e3b6ff6e1ab63c691808
pm:vm:photonmelodies11.rio.004:874373084:00085448:00488,cvm,【武】「啊，对，是这件事啊。<0A>确实可能说得有点太现实了，抱歉啊」<01>,[],layout_only,d92c8da9b992d2e2a031104f7a56ab2ada617ffd3738211427c0fefbb4945885,9837647b61c323b99abab70925fd8e8011120900200535483e79258e1b02f38c
pm:vm:photonmelodies11.rio.004:874373084:00085680:00489,cvm,【霞】「不，我不是那个意思——」<01>,[],layout_only,b9913103e170e316bfc6c13b4f2f4233485f4617f29b3cc6d888b3b841deef73,a38673dab3ae48a44174481ea0a2d9a268c00ba747ed72be86374be655154c90
pm:vm:photonmelodies11.rio.004:874373084:00085736:00490,cvm,【纯夏】「小霞～～！快走啦～～」<01>,[],layout_only,b51d3ec2640a1979d3ae761a98020346b93823e8b7187ee266c7c56b94942d34,3c9909710769599774f14aa2e6fce4bb5ffb705a927a65974560af0651eca2f5
pm:vm:photonmelodies11.rio.004:874373084:00085968:00491,cvm,【霞】「啊…………」<01>,[],layout_only,bde0cc4d6a6856276fca246a7b10fa5232203aa9a207ae2d028c211155f2944e,bb4cba9cc2fbbf8058521dbc263d4428866a23aaa3031294213db726adab17d5
pm:vm:photonmelodies11.rio.004:874373084:00086012:00492,cvm,【武】「哦，纯夏在叫你哦？<0A>好啦，快去吧，待会儿再见」<01>,[],layout_only,d29f50ffec5a8731d9eca3459cb38980182ffd1607a4c9776f972a95134f525b,1efed27cc181b7bfedfb8514528887c94a1cbd5781adda64d196063eb1a0eadc
pm:vm:photonmelodies11.rio.004:874373084:00086244:00493,cvm,【霞】「……………………好」<01>,[],layout_only,0e0b4b06d81d5ef5d3c1c2aeb1f15c61661243315bf871f83844904337c864ad,4f3a4061cb136b35ece0eab01b8e3ebf294206228f0c6d9cf1548b9d7b62182f
pm:vm:photonmelodies11.rio.004:874373084:00086880:00494,cvm,【慧】「白银」<01>,[],layout_only,ba756245b50e26cc7223e76726d7b6c89a1d0acb24b44eacd821e91ee9e15ed4,a58a97af70bac72944b29f3d214ef8f975d08117cdf7ce96b615cd3b8d94dca5
pm:vm:photonmelodies11.rio.004:874373084:00086924:00495,cvm,【武】「怎么了？」<01>,[],layout_only,38d89f6c1c9f9f170a7236ad926c3b68e1bb3b71d6b0fe871eebd0b822832def,8f34cf5965d2beab719bc5aa6ac971d7b7ba6ad9a90351adfa1c55d61cb2066d
pm:vm:photonmelodies11.rio.004:874373084:00086980:00496,cvm,【慧】「白银，你打过沙滩排球吗？」<01>,[],layout_only,ae221496e6c473a9b00f0c57c3a23639b1cbf731a0a679119c451f481bf7e5ce,816f1c2dfde43decf0a2339e0fe88b4ca1ff0aef38c81a48d4b3e3a8c671bd9f
pm:vm:photonmelodies11.rio.004:874373084:00087024:00497,cvm,【武】「呵呵呵……………………没有！！」<01>,[],layout_only,535d2cddcbb8a2ad3b2b0474bdee09c467e952699d31648bda54d300813fd1f3,e03d00152c46df2e37008673b7618e37f7f31d8e83d5c8e4f2e837bf465f1bad
pm:vm:photonmelodies11.rio.004:874373084:00087256:00498,cvm,【慧】「我就知道。规则怎么办？」<01>,[],layout_only,dd80c52135d27ad29b202267861eb9a91fd207b3fd44e4b69f4cb142c7fafd7f,6544a4ca6766c994eabc4d73b50eef001ae238f45a4409c9592f9494e09f5af9
pm:vm:photonmelodies11.rio.004:874373084:00087300:00499,cvm,……………………。<01>,[],layout_only,efa30788584cfea7ade60ccc37d7fc6cda943e64935eb133252c341159e58e05,0b3d7aae4004dc9b91522cf9245f879b48b6a3b3d3c28ecbba043ba8207a6df9
pm:vm:photonmelodies11.rio.004:874373084:00087532:00500,cvm,【慧】「要我教你吗？」<01>,[],layout_only,40aa5746d1937b45fd546bb4ccafee291410f8f1f68febbbac519b504d529d66,be921f3df02f7cc717cecc72ae188c8623f2659b6bd357760dbc66616aef11c4
pm:vm:photonmelodies11.rio.004:874373084:00087576:00501,cvm,【武】「不会吧！你知道？」<01>,[],layout_only,44e82660fff9f33bf73a8100ff8d52d14b947564aefd1e5f8f0d181161512415,086c5c9e6fc91bf4711945e23226e2d6b290d7a15107bd7435bbbb5fb8f45cea
pm:vm:photonmelodies11.rio.004:874373084:00087808:00502,cvm,【慧】「不知道」<01>,[],layout_only,e276548d7e9bb1a26d0d0de9d3e4bc2d3785dee0d80208f7e528423b9eac46d5,bc4a88234d9157686ef56db8992f7724facff8f249dcf7728758b79065f856d4
pm:vm:photonmelodies11.rio.004:874373084:00087852:00503,cvm,【武】「…………别搞得像在跟美琴对话一样好吗？」<01>,[],layout_only,f7d681bddbc86889fd38af572272923b5f3b7abb3b49946ab5959b65f70c819d,1525a1f1e81f0a8d46e31847f9a35687f23f42cf977312d1e2512c50ff81c95d
pm:vm:photonmelodies11.rio.004:874373084:00088084:00504,cvm,【慧】「听说塔斯雷夫老师和皮亚蒂芙老师知道。<0A>之后会教我们」<01>,[],layout_only,5980940fa602afc073db5bae775409d92e3eca3233e7c12ddad18a3f01ab6e7c,1d8564f4d94efd78432425fde37a5d0739ae90d136b13be60de97f82077c7806
pm:vm:photonmelodies11.rio.004:874373084:00088128:00505,cvm,【武】「啊，原来是这样」<01>,[],layout_only,5bc51988534cb6e4aa37f7771c8f9d146ad58dd13468f6bd80c0fb0dba02436a,ecffb532e7fb16076a3d976f23c0ada2313d70b4d645315b698a3a6be9e5aa31
pm:vm:photonmelodies11.rio.004:874373084:00088184:00506,cvm,【慧】「…………队伍怎么组，已经决定了吗？」<01>,[],layout_only,87ff9c0a64b43ebfe5797d694caf4cca8a2fd64e2d25a816350fa7b5da36d883,d7ccd8eed9c44004769223d60a931c46e366f3e45df5cd32624244c89089e9f3
pm:vm:photonmelodies11.rio.004:874373084:00088228:00507,cvm,【武】「没有，还完全没考虑过」<01>,[],layout_only,1a427769ab11bc347f567bf95b4370715d202edf2c7e118a92bd7d863f82fb8d,a346e42b6a7e9f410533d3285b1e6302f9c0ff3606afcd774c5f70e64bfd350e
pm:vm:photonmelodies11.rio.004:874373084:00088460:00508,cvm,【慧】「想赢吧？」<01>,[],layout_only,df0672232c2d5678c96ec92f1bd1bf83b193fb99d0b722a0cb5718963c593bf5,bca0e59f33589043ae9830861e3c3f46219e523c0594372757ab1deaa6a4a198
pm:vm:photonmelodies11.rio.004:874373084:00088504:00509,cvm,【武】「嗯？这个嘛，当然想啊」<01>,[],layout_only,622cadde8af3b1097e738d6ce32f84439d673533c60d1139b9282e66863f0870,0a5903f73ef43d9d06f6e72a35f934ae92a93235df8cf76d57f9d46995302cad
pm:vm:photonmelodies11.rio.004:874373084:00088736:00510,cvm,【慧】「那，好好考虑」<01>,[],layout_only,8d56176de46cb158862dbde7ad84eadb25e0f00addc5f02ffd95458576a53f8a,faad043704ec088b6a96dd5ed4e9473c6d7d3adf5aba1bcaebc4e84f2cba6bf9
pm:vm:photonmelodies11.rio.004:874373084:00088780:00511,cvm,【武】「什么？」<01>,[],layout_only,c2d77079fc36954fe6b3af5d0ecf064886d2cab06c19256eae6ca4925ff89a26,4030d349c4eca2cd014b801bbd739a0bf22e0a0fa367fbc2073c175a9d22d91b
pm:vm:photonmelodies11.rio.004:874373084:00089012:00512,cvm,【慧】「……………………和我搭档就能赢」<01>,[],layout_only,6f1eb42162bf6e0546d07a7df405bcf014f9a542040a87726f201e1473ee16ac,5a8e3e799ed0f07ea77e0c6d2d6dfed423620c9f7225e1bb432dd6d4170c2435
pm:vm:photonmelodies11.rio.004:874373084:00089056:00513,cvm,【武】「咦…………」<01>,[],layout_only,a8fffe04ba0aec5a8a17f18f52ed2bc1a1bbc5a846e184ed46d02fe91978fd80,cff1150ccd1e336776d839ebdd3abb90457d7f0dec81697b4a75a41c241c3081
pm:vm:photonmelodies11.rio.004:874373084:00089100:00514,cvm,原来如此…………彩峰的运动能力确实相当高，<0A>仔细想想这家伙个子也高，很适合这类运动。<01>,[],layout_only,25b346ae858e0478b6a8b0bcfe5418437dbc9188a92fa02ffacbd0a035a2a053,6f4f3d5bc8b11ce081844bbcbfeb5aa1f2440efefebbe8272d1312319e57acbe
pm:vm:photonmelodies11.rio.004:874373084:00089144:00515,cvm,【武】「嗯，我知道你是有力人选。<0A>但搭档是我就不好说了」<01>,[],layout_only,ac3167a7b15b8bda353b5db3232c17cc419c84a5d559d5bc47d793d73a825390,43921a2d86bd4b5b19a881fa41e3d09058b8134e08d3ce3ae9142f89586d2cd7
pm:vm:photonmelodies11.rio.004:874373084:00089376:00516,cvm,【慧】「干劲，也很重要」<01>,[],layout_only,f301799a78aafdf07508f2b2e802d8ba1293d7637ee5536e421794a23fcd97fa,393374a75474773ed4e122b670cd0607d93b3565c2b7394542ea64f269c5a994
pm:vm:photonmelodies11.rio.004:874373084:00089420:00517,cvm,【武】「啊？」<01>,[],layout_only,08743f21d7cb61c34038c0988a94f6437467f1cf88804eb5daba03fea0f001ff,f757c798e8447bca156763ff04d48abeb7794b049dba8f83b26065c10294e0e6
pm:vm:photonmelodies11.rio.004:874373084:00089652:00518,cvm,【慧】「不过我觉得大家想的都一样」<01>,[],layout_only,764c36d34ef1242ec1d7822beab4fe43d4f8c91e601b98981e2f85dfca6628e6,abcd543f98f0e3e394b22bd3a1d4fadf2dcc084c6f3cc78ffae76dfd91824d17
pm:vm:photonmelodies11.rio.004:874373084:00089696:00519,cvm,【武】「啊…………」<01>,[],layout_only,09a19c4c196aa275411e5a0bf1bdde67622ac4dc09f8347c909f9ee3a0503376,413e107f27e1306adb70f9be26fe76364c203e98ffb3060154da8eb3da6aaaab
pm:vm:photonmelodies11.rio.004:874373084:00089928:00520,cvm,【慧】「哪怕只是被你寄予期待，感觉也会完全不同」<01>,[],layout_only,dab3410a445e9c4a83da8b456f4786b405570fb7e44929383dc7eeb8b9f7b950,a83595b8fec21bb2048ddabb8c56c49627b239e65363dd64bfb2d135741ec3ae
pm:vm:photonmelodies11.rio.004:874373084:00089972:00521,cvm,【武】「啊…………」<01>,[],layout_only,09a19c4c196aa275411e5a0bf1bdde67622ac4dc09f8347c909f9ee3a0503376,74827d5f02bcf2f6b52800a436c4d7bc3df26adb362f372ed2cb6bc32f069bd4
pm:vm:photonmelodies11.rio.004:874373084:00090028:00522,cvm,【慧】「总之你考虑一下」<01>,[],layout_only,3a3966381ea9b92c791c848a9268ca8a6c7f718a2c205fc1a93a2ff1d85bedec,a02322d33608e23bfb152680a36de7d7d2074c2b89934552f27b3533b3160b0e
pm:vm:photonmelodies11.rio.004:874373084:00090148:00523,cvm,【武】「啊，喂？」<01>,[],layout_only,220d156f9db48e4a4c82ba5601975b80b996e3dc3e0233fa97ea01d6d1d71ca3,fcb60e30a257341ef65c50d8e02c94f9d38d6f405f865a2da831bcada24e08b1
pm:vm:photonmelodies11.rio.004:874373084:00090192:00524,cvm,…………干劲？谁的？她的？<01>,[],layout_only,801de7923c1fc39363a6a0f4eaf2dfe434bebc0f418ef0de5d3bbf29e21e4b9f,8a3c307df936f889eb92d95d70df04b63bf348e80c63f0bcf0edb1fdb4ce3a63
pm:vm:photonmelodies11.rio.004:874373084:00090236:00525,cvm,意思是跟我搭档，她的干劲就会提升？<01>,[],layout_only,e6199f1cb1e59d27882a483e1f51cc340983f5be101f31be2cdeb99848dfe3aa,162645c4c56ca8d0b3eee2bd31973abda35876c0cf6b9c1f110b87e3386ee0a9
pm:vm:photonmelodies11.rio.004:874373084:00090280:00526,cvm,为什么？……………………难道因为我是笨蛋，<0A>跟我在一起很有意思？不会吧～～～！<01>,[],layout_only,1f58a5febf4ef8379b2788408ac3b86012b53c21a4cd100a6e08ad69782af575,d9ada121064d5611af5b17524614a63c042fd02e055b573173d2cb98c55e4981
pm:vm:photonmelodies11.rio.004:874373084:00090512:00527,cvm,【慧】「再次登场」<01>,[],layout_only,2d7ce581b7a594bcf58a4df4160fb6f5851d5f65d712b5009ee49d510d1a69f2,14b22f320463810bb675284aaf835b027ab76e787e6a84c4a4b704e42a4613b6
pm:vm:photonmelodies11.rio.004:874373084:00090556:00528,cvm,【武】「哦，哦…………什么事？」<01>,[],layout_only,55c9d6ca42c600a25a744e07a8eec40ac23ba569c76249585d4a3570dc9ed8d3,873dff7442592bb8eaefa5630ba41c8c63c7884c76f0bf581715a9b81c440a84
pm:vm:photonmelodies11.rio.004:874373084:00090612:00529,cvm,【慧】「有件重要的事」<01>,[],layout_only,83197be6c7437210a55227778c97fad04a457bf44566243f8c2f79d87773f43c,5bf060f94dc68503a53d0ab453c808173edb7111779b9c3875e3b58e485c6b07
pm:vm:photonmelodies11.rio.004:874373084:00090656:00530,cvm,【武】「怎么了？」<01>,[],layout_only,38d89f6c1c9f9f170a7236ad926c3b68e1bb3b71d6b0fe871eebd0b822832def,0e2cf58a39009eab4fede7f85007c7c2ece0376ec30fd825555186b7b13fd8b2
pm:vm:photonmelodies11.rio.004:874373084:00090888:00531,cvm,【慧】「我，是灰姑娘」<01>,[],layout_only,c5856c7351825311c9e193a094afc1f056f6bdfba19489346f7b43b8af04a67e,662c6602f46e204496943846e1adf6f4ee3f60641cde163c0910b1a527846056
pm:vm:photonmelodies11.rio.004:874373084:00090932:00532,cvm,【武】「……………………哈？」<01>,[],layout_only,9e131a83ca10ed121a6d5bf0b31044e160aa4cd83a43943a650e80b3b1c87259,d518783c54b1dddd9849d5789f6a8ea557f7a7f5e6bf747cb2257dd07746dadf
pm:vm:photonmelodies11.rio.004:874373084:00090988:00533,cvm,【慧】「想象出来了吗？」<01>,[],layout_only,34eb7beda9862ff51930fefb4acb6d2e4ba35320af54b2ecdd3d35b3e849c8d0,ff985aea1946ea7d00d1a2a68939ead0456c53b39570c070585143da5e0381a6
pm:vm:photonmelodies11.rio.004:874373084:00091032:00534,cvm,【武】「抱歉，想象不出来，正犯愁呢」<01>,[],layout_only,c105fe3f32acd4480161a9ae6880bc42daf0219315fe4a81a54a4729e7a333a7,4f2be082168a161334ccfe5ca7feeb3b93340a116bce906fc8bb168d9d638083
pm:vm:photonmelodies11.rio.004:874373084:00091264:00535,cvm,【慧】「没有想象力真辛苦呢」<01>,[],layout_only,925a95ca402a54d844d2263d512b617ebf9032c714783ff4c94db84cbc7dc00d,0c201a1d4bb7fc3072f108c87b5b6b9940e380bb9c92ede6c3c28d0f7ebb6104
pm:vm:photonmelodies11.rio.004:874373084:00091308:00536,cvm,【武】「这到底算不算能力问题，我很想跟你讨论一下」<01>,[],layout_only,8c024aecd5a6faae6a563852968f0162108d6e70f0992d87105cda3e88c17f51,83f1541f69b62a1dbb65567ac57b9097de8744fb022eca032a0744d6889cfa6d
pm:vm:photonmelodies11.rio.004:874373084:00091540:00537,cvm,【慧】「所以就是这么回事」<01>,[],layout_only,cee54d85852d6933a1b383982e41ea73290ce69dbdeedcc26a0c604220cb03f1,a33eb1c9237200338114479361c8362b526611389ed6da347de7fafe625bfa12
pm:vm:photonmelodies11.rio.004:874373084:00091660:00538,cvm,……………………。总之就是中途要离场吧？<01>,[],layout_only,ac96a39049aa3a378c926af0df3ed510499ab8c680e9f0f389cb49e296bea481,126279c5bc2d3b1f8f90ab906f6a3d13af0029de2b10cb1ab27734c47f891e86
pm:vm:photonmelodies11.rio.004:874373084:00091716:00539,cvm,【声音】「那个，白银同学」<01>,[],layout_only,15cc34bb688501ba39502d6144b2cd9856c5045aaf6b3b178d4261c3f37a7669,d86c9124a2c17527fa7ce2d1d735e137d4d83ce1cd91890d977b1fdbac2265c1
pm:vm:photonmelodies11.rio.004:874373084:00092056:00540,cvm,【武】「什、什么啊，原来是霞啊…………怎么了？」<01>,[],layout_only,0c3c485434de7c42c102b123bc1d0521a8e5b0c54a4582878fdfe88b841dae59,4108441d30853f7df907d6d4804cc9c73c515f3cbf879db2aad32c685aa43721
pm:vm:photonmelodies11.rio.004:874373084:00092136:00541,cvm,【霞】「关于刚才说的奖金…………」<01>,[],layout_only,e66d9e019eeb4088a07e37f51f1af9096b4535c4cee20a68191ddae5ceeaa5fb,7f282413b6d97da65f456cec959c92c0ab8a539f20f6e3b6ff6e1ab63c691808
pm:vm:photonmelodies11.rio.004:874373084:00092180:00542,cvm,【武】「啊，对，是这件事啊。<0A>确实可能说得有点太现实了，抱歉啊」<01>,[],layout_only,d92c8da9b992d2e2a031104f7a56ab2ada617ffd3738211427c0fefbb4945885,9837647b61c323b99abab70925fd8e8011120900200535483e79258e1b02f38c
pm:vm:photonmelodies11.rio.004:874373084:00092412:00543,cvm,【霞】「不，我不是那个意思——」<01>,[],layout_only,b9913103e170e316bfc6c13b4f2f4233485f4617f29b3cc6d888b3b841deef73,a38673dab3ae48a44174481ea0a2d9a268c00ba747ed72be86374be655154c90
pm:vm:photonmelodies11.rio.004:874373084:00092468:00544,cvm,【纯夏】「小霞～～！快走啦～～」<01>,[],layout_only,b51d3ec2640a1979d3ae761a98020346b93823e8b7187ee266c7c56b94942d34,3c9909710769599774f14aa2e6fce4bb5ffb705a927a65974560af0651eca2f5
pm:vm:photonmelodies11.rio.004:874373084:00092700:00545,cvm,【霞】「啊…………」<01>,[],layout_only,bde0cc4d6a6856276fca246a7b10fa5232203aa9a207ae2d028c211155f2944e,bb4cba9cc2fbbf8058521dbc263d4428866a23aaa3031294213db726adab17d5
pm:vm:photonmelodies11.rio.004:874373084:00092744:00546,cvm,【武】「哦，纯夏在叫你哦？<0A>好啦，快去吧，待会儿再见」<01>,[],layout_only,d29f50ffec5a8731d9eca3459cb38980182ffd1607a4c9776f972a95134f525b,1efed27cc181b7bfedfb8514528887c94a1cbd5781adda64d196063eb1a0eadc
pm:vm:photonmelodies11.rio.004:874373084:00092976:00547,cvm,【霞】「……………………好」<01>,[],layout_only,0e0b4b06d81d5ef5d3c1c2aeb1f15c61661243315bf871f83844904337c864ad,4f3a4061cb136b35ece0eab01b8e3ebf294206228f0c6d9cf1548b9d7b62182f
pm:vm:photonmelodies11.rio.004:874373084:00093612:00548,cvm,【千鹤】「白银同学」<01>,[],layout_only,ee50f6346761bdfce1c56ba26ca26122c4e5fa5f400915d4ccc951d4283b05b1,31635b7cfe96e01a9efd281c9a0d792d74a37fb13d743bf77e68740fd7d9311a
pm:vm:photonmelodies11.rio.004:874373084:00093656:00549,cvm,【武】「怎么了？」<01>,[],layout_only,38d89f6c1c9f9f170a7236ad926c3b68e1bb3b71d6b0fe871eebd0b822832def,e48d53a8f851dfd386eb1a9e852dbf84e283ed74602573fdfe89cf5cdd289547
pm:vm:photonmelodies11.rio.004:874373084:00093888:00550,cvm,【千鹤】「话说，白银同学打过沙滩排球吧？」<01>,[],layout_only,039935e7287c7c38bd6c0a22eef0532e9901af02e1cc4cd88702e39d87f1f1e5,a95d1748c8319d32df113141e466a3725305ce7186ade8b6e4ffa129157acf20
pm:vm:photonmelodies11.rio.004:874373084:00093932:00551,cvm,【武】「哈哈哈，怎么可能打过嘛」<01>,[],layout_only,0c658cade83ed875ad3499b742f7d7bfca3e44bef0692bc97a6abd10a2cb4761,176a70ecc562cb5d7b346637f1a34e1c1df8d4698dd612621302eb50107e8e69
pm:vm:photonmelodies11.rio.004:874373084:00094164:00552,cvm,【千鹤】「那么…………你知道规则吗？」<01>,[],layout_only,391047b3acf1cc6f51d677891081656bfcec89a686ab2165567d23731225a4e2,7998dd9ad377b06148f63c500e8b1cd068649e8f436101820254b36c33dbd6dc
pm:vm:photonmelodies11.rio.004:874373084:00094208:00553,cvm,【武】「哈哈哈，怎么可能知道嘛」<01>,[],layout_only,cbd4c3a52b76da0e9d80df556e429469bec5072369f9650ed6f526a8d168c9fd,7e5405ce9f0918e7b59f33f6f59ee1747cd2e27a6bb444f3db6ddcce66e2ad21
pm:vm:photonmelodies11.rio.004:874373084:00094440:00554,cvm,【千鹤】「你有什么可得意的…………<0A>那你本来打算怎么决定队员啊」<01>,[],layout_only,6bba367f66899404cf5aefe37763d0b4f2d04513f9463a99d8008a048519e8a2,8b0af1468f0a40a9ecfbc9a26f84500df1751c2ec4ccaf6a51483a19dbe69a99
pm:vm:photonmelodies11.rio.004:874373084:00094484:00555,cvm,【武】「这是秘密」<01>,[],layout_only,b60768260c88484afa9cfbc3548437d41103e56ca4756d089110110fdfdaf7b6,1c6b3eb29fa0ed89243a80717500aaec4381026cbbd89c62784a29d800fc57ee
pm:vm:photonmelodies11.rio.004:874373084:00094528:00556,cvm,……………………要是说打算到时看气氛随便安排，<0A>感觉会被她揍飞。<01>,[],layout_only,4419d45498eed382b4b0fe413ad4a6a08eb0eb7065c4d23bf4536ca42bac67cd,d5367f5507f4ba8c984ebee3f25d849d3ab65eac61d3fda7673af8eb93cdfb13
pm:vm:photonmelodies11.rio.004:874373084:00094760:00557,cvm,【千鹤】「唉…………算了。之后，<0A>皮亚蒂芙老师和塔斯雷夫老师会说明规则」<01>,[],layout_only,f358000bb56abf05b099b024000f18c72905a3fcb8e3d452a51e00f71e8a4e6b,c52b21b61aab54b6e4a7ead96ae85b5a6399eb4aa92cd48eda9bc614382f52bd
pm:vm:photonmelodies11.rio.004:874373084:00094980:00558,cvm,【武】「哦！那可帮大忙了！」<01>,[],layout_only,4013d2975f743d67da56838d4de3900e9583a7bea8f8aa49709a7505eb5642f8,106b824359a0dfc68a70ddceafdc201c5712b2ec86be2022cdee1812809bafc2
pm:vm:photonmelodies11.rio.004:874373084:00095212:00559,cvm,【千鹤】「真悠哉啊…………<0A>要是谁都不知道，你打算怎么办」<01>,[],layout_only,efc53b7b5cdf2d7593ef09f5f6ce8e2972785a6c73bde07aafc34fed492729e3,bd6d74097dcca8b8a1b3412ef8c019c61df4be8d9166c68946532a3b7f45f2a3
pm:vm:photonmelodies11.rio.004:874373084:00095256:00560,cvm,【武】「搞什么啊！班长你自己也是，<0A>明明不知道规则却说要参加嘛」<01>,[],layout_only,5577482d2ad1ee27644eaea5e48bc23a5c66d0ee97fb7bd293826dcb30cf2024,ac7681ea81ec8b761c434e225c2a545abff93296685477d27ab58f2df4f4e087
pm:vm:photonmelodies11.rio.004:874373084:00095488:00561,cvm,【千鹤】「我、我可没说要参加…………<0A>只是白银同学你擅自决定的吧！」<01>,[],layout_only,3afe45e314b1bd870a81037f6f7c022174c67a217fcedb677d12eee4d070d1c3,6adf09d38fe6f3b76b2e08e1169a7ccd77713916cdf1972ec8ad436a0fe177f7
pm:vm:photonmelodies11.rio.004:874373084:00095532:00562,cvm,【武】「哇…………真卑鄙～～。<0A>我绝对会把你排进阵容」<01>,[],layout_only,a9d42aeabc12772f8bea218b5064a7630e599da1174cc0b144e96cd683ae91ab,04f0c23394484a9843d589915bee77febffa0a10ca8ee1056912ee792556b2eb
pm:vm:photonmelodies11.rio.004:874373084:00095764:00563,cvm,【千鹤】「咦？」<01>,[],layout_only,a9c95223a7f3c2baa6c444192c72a6cdf12adf82f657fe497097b58b49d250c6,bc6c4e51392781f5f8f5780c4dd4bd7f906d740a96e0eb0889a1b66399e5fcd3
pm:vm:photonmelodies11.rio.004:874373084:00095808:00564,cvm,【武】「到时候我就指着你手忙脚乱的样子笑个够～～！！」<01>,[],layout_only,68752cc3b7a71a1f939a6d5ff1dcfb18ec3207d348315e37ed6e9f76fc789cf4,aee3141296be000bbc3232909d4e072c9031ea8d9521d7b361526449d05cf995
pm:vm:photonmelodies11.rio.004:874373084:00096040:00565,cvm,【千鹤】「才、才不会让你得逞！」<01>,[],layout_only,4bc1a6d0203d784d028d28d3b0362f82241694cd511ebfa6542948deacdbd5e2,0a397fc4f894c0b61169881ca998d506c89cf1c924cd6b0779e298664177148c
pm:vm:photonmelodies11.rio.004:874373084:00096084:00566,cvm,【武】「不，你想逃也没门！我会让你上场」<01>,[],layout_only,ed9fec3bf8ef1e37d852496437554b958fa6c1ca61bf9e9d22b98b529be4910d,43ccc60b4234912ac5ac7df4a77734881024e90be90bc41bf7179504dc5b3da8
pm:vm:photonmelodies11.rio.004:874373084:00096316:00567,cvm,【千鹤】「我、我才不会逃…………<0A>反过来…………我要设法和白银同学搭档」<01>,[],layout_only,9db7132bc20b589bf76dda5b3adf66e653425b70333cdc195ef625c803a8eb27,276e79ce616169a164a82b9890c86252d9201723baa22bbd9524b1adb8ae3d10
pm:vm:photonmelodies11.rio.004:874373084:00096360:00568,cvm,【武】「…………咦？」<01>,[],layout_only,7638c2ca4d5d7a9e551fc21d7003fced312f974fec0b8fafadf4e0d477f938b2,a2515ecc76de6f227a6b597c406a361dbd8a5ab9c14860c3532a4572b2a07ebc
pm:vm:photonmelodies11.rio.004:874373084:00096592:00569,cvm,【千鹤】「那、那样的话！你就没空笑了吧！！<0A>两、两个人不一起努力…………就会输嘛」<01>,[],layout_only,e7127012fc5c323c896716e60222ebede25a0cbe339e764afc713db241c02bc0,63fd410c82b34956f2c8a1c2223790cbef9cfbbd3bd4bfecfe4ea22b5d1bb6cf
pm:vm:photonmelodies11.rio.004:874373084:00096636:00570,cvm,【武】「咦～～？我和班长搭档啊～～」<01>,[],layout_only,4bf94730fe938a665b7a0c6374068bfa23efc3bd753051f9d16ab29bd6c163d8,1c7cd91d007af4f64f201c6cef0e4c15f7ed37099db7113ed47942f053e97082
pm:vm:photonmelodies11.rio.004:874373084:00096868:00571,cvm,【千鹤】「别、别误会哦？！<0A>我说要和白银同学搭档，只是为了不被你嘲笑！」<01>,[],layout_only,60fd3294da00a11fda70f368e0c9b1da41b5706d4ad0c0586e6a521819af15a8,31fba5a166acccd6094c2b5e4394aedf39ac5faa867fb3d49189582db298fc49
pm:vm:photonmelodies11.rio.004:874373084:00096912:00572,cvm,【武】「这不全是私人感情嘛！<0A>要是这样还输了，可就惨不忍睹了哦？」<01>,[],layout_only,934903a02faf81a7a13a2b2cce3d3a4a2c9421312245f5af99ff43ea327b12ca,5e02e38e317ea3beb93cd1abb0fefa3fed590e8d94627942c06a728961e8502b
pm:vm:photonmelodies11.rio.004:874373084:00096968:00573,cvm,【千鹤】「唔…………那、那只要不输就行了！！」<01>,[],layout_only,642e6af3f110896213ee25c9cc621609a5f52375b4ab0090f56084bc0435ccac,922d46fdae96e7d6ddce78e8bc7f0b3a0f01e56acbbe496c0daaaff5ffca2d32
pm:vm:photonmelodies11.rio.004:874373084:00097012:00574,cvm,【武】「哇…………开始破罐破摔了…………」<01>,[],layout_only,810792dd6bcbbe7f52c7592913c270062344050d02eaacfed3d996857cb4c5e3,5b7887c6e8e2d13c5d69ae924c9bca7e0aca80cf72553c06877d6a76567f92ef
pm:vm:photonmelodies11.rio.004:874373084:00097068:00575,cvm,【千鹤】「我才没有破罐破摔！」<01>,[],layout_only,8246323ab4754bd9b097fe6362697e537ef90b6923593306eb427e35f9fdc33e,e335f5e291d1240bad21d28aff657d2be425f1aca0a71ad82a21278a50ef508b
pm:vm:photonmelodies11.rio.004:874373084:00097112:00576,cvm,【武】「好好，知道了知道了！」<01>,[],layout_only,978d7b996aa37637d714074705b970adea61d1aadf211e0d184e04325a49ad3f,ba60aaf5e0fdc9841262399eb6cfa359d92f030da5a3e636d49964bb98657439
pm:vm:photonmelodies11.rio.004:874373084:00097344:00577,cvm,【千鹤】「不过…………就算我说想搭档，大家也…………」<01>,[],layout_only,73cf258234b71cd53466f3147a27bdfae84f131f72bebdd9d1ef40af847711c3,b2f8befd15aa1331d7665fa59a0dc9c84afd04fd521dca1fc74a79d03c4ce9d1
pm:vm:photonmelodies11.rio.004:874373084:00097388:00578,cvm,【武】「咦？」<01>,[],layout_only,77e63d069d95aabd948bf49f0d1875e61a92335dbc417006761d81674ec8c185,32e7c0084a6c3d232d87e4d9f9bfe9e2c638858ac6faf1c6a76c7f402ecf0fa9
pm:vm:photonmelodies11.rio.004:874373084:00097620:00579,cvm,【千鹤】「啊，没有，没什么！总、总之！<0A>规则说明的事我已经告诉你了！」<01>,[],layout_only,7c8722aedcd756a5851ebc653dc954bf2458b4f9a23bb9262796284037fd47d9,be1e3a0bb17e72880f0d3aa9f4e8eb9a363a806a1e7269ac5b358c99e4168ecb
pm:vm:photonmelodies11.rio.004:874373084:00097664:00580,cvm,【武】「好，我知道了」<01>,[],layout_only,8d029bf7f150cb068165c1ec834fbb0ee11bfdc23f5f90e3bef2d69e6c891ff0,4813016db5c027af9de2fd1bd4e21f23fc30624958e6130d4da10022c4b24fc8
pm:vm:photonmelodies11.rio.004:874373084:00097896:00581,cvm,【千鹤】「我走了！」<01>,[],layout_only,1213f53f149652d0b772c47cf4e89a6e5e3da3f4d466777b142580792b51f911,b8e22e73ac1b1be43df3c1d3ca93c583232de81b67a5409743a52045b52c9ff8
pm:vm:photonmelodies11.rio.004:874373084:00098016:00582,cvm,…………搞什么啊，班长那家伙，干吗那么火大？<01>,[],layout_only,e6bc8222ad1adf1304c55112247f2ce82f8b5d78f0ea9c43baff5d86538ab1ad,d6c90433b3260ee80a63f20459186e137c0671b96e5e4ad3575998b8ac41e048
pm:vm:photonmelodies11.rio.004:874373084:00098072:00583,cvm,【声音】「那个，白银同学」<01>,[],layout_only,15cc34bb688501ba39502d6144b2cd9856c5045aaf6b3b178d4261c3f37a7669,d86c9124a2c17527fa7ce2d1d735e137d4d83ce1cd91890d977b1fdbac2265c1
pm:vm:photonmelodies11.rio.004:874373084:00098384:00584,cvm,【武】「嗯？原来是霞啊…………怎么了？」<01>,[],layout_only,a7b29dd36812390e288afe589f4b4922aff55f409be66903dc60f3509359c694,f5749852009a12a08f329753ce391125eb8ccc7d5e98ef9f2d09bf6740e98515
pm:vm:photonmelodies11.rio.004:874373084:00098440:00585,cvm,【霞】「关于刚才说的奖金…………」<01>,[],layout_only,e66d9e019eeb4088a07e37f51f1af9096b4535c4cee20a68191ddae5ceeaa5fb,7f282413b6d97da65f456cec959c92c0ab8a539f20f6e3b6ff6e1ab63c691808
pm:vm:photonmelodies11.rio.004:874373084:00098484:00586,cvm,【武】「啊，那件事啊。<0A>确实可能说得有点太现实了，抱歉啊」<01>,[],layout_only,1763b48b2670527033f8dd9a497413d0bc6efe8449792f40533aae49d6fdde6d,9837647b61c323b99abab70925fd8e8011120900200535483e79258e1b02f38c
pm:vm:photonmelodies11.rio.004:874373084:00098716:00587,cvm,【霞】「不，我不是那个意思——」<01>,[],layout_only,b9913103e170e316bfc6c13b4f2f4233485f4617f29b3cc6d888b3b841deef73,a38673dab3ae48a44174481ea0a2d9a268c00ba747ed72be86374be655154c90
pm:vm:photonmelodies11.rio.004:874373084:00098772:00588,cvm,【纯夏】「小霞～～！快走啦～～」<01>,[],layout_only,b51d3ec2640a1979d3ae761a98020346b93823e8b7187ee266c7c56b94942d34,3c9909710769599774f14aa2e6fce4bb5ffb705a927a65974560af0651eca2f5
pm:vm:photonmelodies11.rio.004:874373084:00099004:00589,cvm,【霞】「啊…………」<01>,[],layout_only,bde0cc4d6a6856276fca246a7b10fa5232203aa9a207ae2d028c211155f2944e,bb4cba9cc2fbbf8058521dbc263d4428866a23aaa3031294213db726adab17d5
pm:vm:photonmelodies11.rio.004:874373084:00099048:00590,cvm,【武】「哦，纯夏在叫你哦？<0A>好啦，快去吧，待会儿再见」<01>,[],layout_only,d29f50ffec5a8731d9eca3459cb38980182ffd1607a4c9776f972a95134f525b,1efed27cc181b7bfedfb8514528887c94a1cbd5781adda64d196063eb1a0eadc
pm:vm:photonmelodies11.rio.004:874373084:00099280:00591,cvm,【霞】「……………………好」<01>,[],layout_only,0e0b4b06d81d5ef5d3c1c2aeb1f15c61661243315bf871f83844904337c864ad,4f3a4061cb136b35ece0eab01b8e3ebf294206228f0c6d9cf1548b9d7b62182f
pm:vm:photonmelodies11.rio.004:874373084:00099916:00592,cvm,【美琴】「武！」<01>,[],layout_only,e2cb6c782b372f413f7720db7855d403ebfad87face374022d25071babb2c689,81e06d6b433e97d730a063ecffa8106586c09a2e1446a55078f3eefd8f4e6e5a
pm:vm:photonmelodies11.rio.004:874373084:00099960:00593,cvm,【武】「怎么了？」<01>,[],layout_only,38d89f6c1c9f9f170a7236ad926c3b68e1bb3b71d6b0fe871eebd0b822832def,8f34cf5965d2beab719bc5aa6ac971d7b7ba6ad9a90351adfa1c55d61cb2066d
pm:vm:photonmelodies11.rio.004:874373084:00100192:00594,cvm,【美琴】「我有点好奇，武打过沙滩排球吗？」<01>,[],layout_only,17db04753577461ec26e09190ca2daef189ee3ffb8de1eee1851c461eb424abc,5745d748499cfc98144b3afc31e1d99743b666d98c142677539bd0e246d2dc40
pm:vm:photonmelodies11.rio.004:874373084:00100236:00595,cvm,【武】「非要说的话，完全没打过」<01>,[],layout_only,3eebc2cd01a979d761ed95d7e801f0c23a3d4370372f91ce83f534f68af316c1,6bb3bad529c533dcc48b1abab67e9b3994b8bd1ef5ea26abf6aabd58499e1958
pm:vm:photonmelodies11.rio.004:874373084:00100468:00596,cvm,【美琴】「其实不用非要说，<0A>没打过就是没打过吧」<01>,[],layout_only,3ccdbd8cf4cf8979062ea1751c1426bda9a004aa47fb7df61ad3dc6a129433d1,b44e2f1a20b48b268548521766a1dd48119562122ecbdae23a73bf0e6615e144
pm:vm:photonmelodies11.rio.004:874373084:00100512:00597,cvm,…………没想到你居然能听懂到这一步。<01>,[],layout_only,410890796a698f506293ee34ad3535d0f073ef6114b962890f8412135923c5a8,1ce5d2b7b48759157b9287c2083f9c17d5da5e7423a5a44acccc957107fb3707
pm:vm:photonmelodies11.rio.004:874373084:00100556:00598,cvm,【武】「所以？那又怎么了…………等等，<0A>啊，难道你打过？」<01>,[],layout_only,259dbce624762088c113c9ceadb01698d1135e58e5ac02f5603326694beaf16d,8253e611f32819c28dd88282415d5ee70433249fee75b1a9c8919dfe41dbe489
pm:vm:photonmelodies11.rio.004:874373084:00100788:00599,cvm,【美琴】「没有，没打过」<01>,[],layout_only,d3a7e8de044d9d822e8f0cc9d9098b38488c75c6fcb92ed12f5f3fe2f484c36c,cce5b7a838c0083641209eff1a9a95573ab85ba899f87d672af3c0f54adee2d3
pm:vm:photonmelodies11.rio.004:874373084:00100832:00600,cvm,【武】「我知道了！<0A>是不是某个民族在玩类似沙滩排球的运动，<0A>而你参加过之类的？」<01>,[],layout_only,2091fb8af6563eb065ccf6c078220c67503a7d8c5ca4e67d406d4b8dd7deac0e,4af5225fd904486d7befcf1d530e393a264972efc580bba142896e839cb4152c
pm:vm:photonmelodies11.rio.004:874373084:00101064:00601,cvm,【美琴】「啊，是吗？那是哪里的人？」<01>,[],layout_only,a0fea8fcea2bb4df316b18ae6d80e8d325cd8567cf3feac43fcb3a37deb3be95,1944038e121712b70912348ef588269a2f50fd3de9c22e7756fb97c7c10f0d3d
pm:vm:photonmelodies11.rio.004:874373084:00101108:00602,cvm,【武】「不，我也不知道…………」<01>,[],layout_only,2b75835c1b630dbfeefe07b974cedd4ff0d5449d4d80b158495486c13bf78a3e,ead52f93512c737165da4923879e7541a7271581564fab79006f6b859ebc66d0
pm:vm:photonmelodies11.rio.004:874373084:00101340:00603,cvm,【美琴】「什么嘛…………那下次，<0A>遇到住在海边或河边的人，我去问问」<01>,[],layout_only,e6c8cf2899ccacd69bac852c7c1db8b34267910aa849f76e8cb9ff098f3f6379,30800629e9b8aca6ab86bab22c984f13e8de4a92f12faf7d939f3cea89a0d8ca
pm:vm:photonmelodies11.rio.004:874373084:00101384:00604,cvm,【武】「这、这样啊」<01>,[],layout_only,2e27aa7b7a52f760751fe8111c4aabec070aeebbcac26a844d7714f66240759a,ab439beb814a03d05d8486d664171d415090dba81bffa9389b7f04e73edce4a0
pm:vm:photonmelodies11.rio.004:874373084:00101616:00605,cvm,【美琴】「沙滩排球似乎是比较简单的运动，<0A>那些人有可能在玩，对吧」<01>,[],layout_only,08fa6396e77aa9fab0898496f2a5a344bf212950d0d9b09c76c81c12f820353b,0e0bf15db2ba801587d77e5e0824cfc68a8eaef2f7591355107882ef8044ead6
pm:vm:photonmelodies11.rio.004:874373084:00101660:00606,cvm,【武】「是啊，加油」<01>,[],layout_only,8cbe15dd4c694cc2696dd8e4faee3cd04b7af0f0f9ac654219a782e2ddc9618d,31ff3b6e6fe55d9059bc2e6b6a0589e33d6c77dec24fd6afd0163ca02f990c84
pm:vm:photonmelodies11.rio.004:874373084:00101892:00607,cvm,【美琴】「嗯，再见」<01>,[],layout_only,9aaa32a7aa8692e2b694ea16ba0e01d6ec8eefc5ec1f72640f91065cb8aa2b90,c4decf2d6d5126b62774f32d1bd313fccc33a84e2b50a4e3ba253ee104a6ae92
pm:vm:photonmelodies11.rio.004:874373084:00101936:00608,cvm,【武】「嗯，回头见」<01>,[],layout_only,7f91ab98d71953fa3aa45aceb8f5e8710c705f9e23d6ce4cc4263c99b63d7009,1acf7c55eeab58fb589de2e0674fefa534a30694a8867425a1ed469da0927ffd
pm:vm:photonmelodies11.rio.004:874373084:00102056:00609,cvm,…………她到底想说什么？<01>,[],layout_only,cbe97063eb684a79a6cc22b64a5d3807e600820a1935320094a14afd70a091b6,3453e9eaf72596ece21a7506cfde98289d89abfbf3a88f79e75bedfd9562a004
pm:vm:photonmelodies11.rio.004:874373084:00102288:00610,cvm,【美琴】「武！」<01>,[],layout_only,e2cb6c782b372f413f7720db7855d403ebfad87face374022d25071babb2c689,81e06d6b433e97d730a063ecffa8106586c09a2e1446a55078f3eefd8f4e6e5a
pm:vm:photonmelodies11.rio.004:874373084:00102332:00611,cvm,【武】「这次又怎么了？」<01>,[],layout_only,9ce1eff9717da9ae03c204a2a2ba5e6553153ce576efd1c55b8193197c06f68c,47b03aa179ec942af6f4abaab5f7d2753b53b9d1b409f450945dda40103d885f
pm:vm:photonmelodies11.rio.004:874373084:00102564:00612,cvm,【美琴】「真是的，我本来不是想说那种事啦～～」<01>,[],layout_only,07bb6dbdfb1caaa441ec4a45d26289d8e345fbec35f5a1d6aa92bf420b8198a5,004e2738c1f442781a80f6d01a1b0619b95975b9f45d7324d37aa6117c36b148
pm:vm:photonmelodies11.rio.004:874373084:00102608:00613,cvm,…………就算你反过来冲我发火也没用啊。<01>,[],layout_only,79a6d3e7a2d55d138db8648413f044e0cbba3333ffc43974c7be71964e4fec33,6eb139ea96ae80a63124a610f2f755ad9ed0c5d9581842258171a706a42596c4
pm:vm:photonmelodies11.rio.004:874373084:00102840:00614,cvm,【美琴】「那个，<0A>听说塔斯雷夫老师和皮亚蒂芙老师，<0A>之后会给我们说明规则」<01>,[],layout_only,c8ca0a04bcdfdc6da97b65bf7f600e1dba474c9aba916be52731552b9cee5a66,62a09301329842603704dca90c9770c195373cebeba3933e9de37db4b5cfe1ec
pm:vm:photonmelodies11.rio.004:874373084:00102884:00615,cvm,【武】「这样啊。那可帮大忙了」<01>,[],layout_only,7d1b5828f803106afe6ebf8b4c8988087993954cd40b266f398c725b5dea6bc4,0c1cf149fc74ffc0086c5769bb3ea468147788add37c0ba50160f922faac18dc
pm:vm:photonmelodies11.rio.004:874373084:00103116:00616,cvm,【美琴】「我就是想说这个」<01>,[],layout_only,5416019949f8ecc003516c8f7fd79bdf0e11ee26c44d07bac8f05fd6b0541863,938aa769404c2bc9b93cca54b9ee9aba8741fe2b612ef5eb30ee3e42cdcd0d36
pm:vm:photonmelodies11.rio.004:874373084:00103160:00617,cvm,【武】「这样啊，特地来告诉我，谢谢。回头见」<01>,[],layout_only,6ec4403f2c951fa261d14e171cb5d872ad84d345b9d35242e84c8fd2a6c1b968,7879df76335ea21a8023ecbbfcdddb9255c3b2f8672d475fa0cbbe38b4f64f97
pm:vm:photonmelodies11.rio.004:874373084:00103392:00618,cvm,【美琴】「嗯」<01>,[],layout_only,82d8357637633d4ce5a4f40e2348f54001df059855ad73c694c0f3585e0f34e8,1b440172a9fdcc1d4a9290ef6304423b49b41a93ffeca79e1080a6de5ebc4aee
pm:vm:photonmelodies11.rio.004:874373084:00103724:00619,cvm,【美琴】「武！」<01>,[],layout_only,e2cb6c782b372f413f7720db7855d403ebfad87face374022d25071babb2c689,81e06d6b433e97d730a063ecffa8106586c09a2e1446a55078f3eefd8f4e6e5a
pm:vm:photonmelodies11.rio.004:874373084:00103768:00620,cvm,【武】「又来了…………这次又怎么了？」<01>,[],layout_only,70ddb2b9f4ea75d38aac04e2c63506ad4185c3230abd18999481f44242352a45,dd5168ad5ee570dcbaf437952f7f07aea67fc3af45f1d99beeb869ffcaac4d72
pm:vm:photonmelodies11.rio.004:874373084:00104000:00621,cvm,【美琴】「怎么说呢～～，<0A>总觉得被你巧妙地岔开话题了…………」<01>,[],layout_only,52c3183da60cab190b93449f51e70ac70635641cfc332585bd97dc1fdb47ac5a,df157e249978fd476dc7d5b0eef1d0bcd5868da67d88cec29971a909d30b91ab
pm:vm:photonmelodies11.rio.004:874373084:00104044:00622,cvm,【武】「我压根儿、丝毫、完全没有那个意思，<0A>手头也没什么能拿来岔开话题的材料」<01>,[],layout_only,6257db021454b7d9a195d53e96a6fb718ab942e67c05ec81d346c18fbda04330,cad6793e710aca68e33a6bc7370523307a17ca01a630c9ebd9c310466da3882e
pm:vm:photonmelodies11.rio.004:874373084:00104088:00623,cvm,我到底岔开什么话题啊？<01>,[],layout_only,29fc4a362440bc78f5e22a9cfbc9b55c185c48c241a982f733dd20c15b4bff27,6caa1e79f54851b314d6e28d6d506294db284d71c6aab952bf4a4b6ecdc68476
pm:vm:photonmelodies11.rio.004:874373084:00104320:00624,cvm,【美琴】「武已经决定队伍怎么组了吗？」<01>,[],layout_only,d257a39e95133c09498c9959caabfdf1d5ed7c601a70d0ea9774d0c70224a3cb,3aa808a49e2d075d0b0ac1bfe5656662c44e001b122c65b48c6d067174b8c6ed
pm:vm:photonmelodies11.rio.004:874373084:00104364:00625,cvm,【武】「没啊？还没有」<01>,[],layout_only,365aeab0243ee745f4fccb384fa2e42e8ef7046e575b6bcc2f7a694b656bd6f5,15a93755100f05349496c477c54526988f50c69630153672bf5f70597713e5e4
pm:vm:photonmelodies11.rio.004:874373084:00104596:00626,cvm,【美琴】「那样的话，要不要跟我一起上场？」<01>,[],layout_only,e5f0e0515599a769dbf1d92afc12325ec3119988c20cf9990c2c02941ce3607f,697cf69c5d2d616ec636e471e2aded3cee432970fd0a27c4aec083d66a52ce23
pm:vm:photonmelodies11.rio.004:874373084:00104640:00627,cvm,【武】「我和你？<0A>要是玩巴尔加农，确实是最强组合，<0A>可沙滩排球的话…………我觉得我会拖后腿」<01>,[],layout_only,bc7a2ff01a06c80c94fb0ff898f46032acae65b4e4c48c79314f875aa5c88749,5ac9a71136dd2a62f868b44b47c1866da379b092430dd6079e028dc1139e7049
pm:vm:photonmelodies11.rio.004:874373084:00104696:00628,cvm,【美琴】「从技术上说也许是这样——」<01>,[],layout_only,6b87db90a52fef3dde146f3619252eb24b813e386b0e4974b36b353cd61a4b3c,6ea3e667494e86bbfea4ec1be9b0f84b1fdb2f70a953f84099ec332f201bc052
pm:vm:photonmelodies11.rio.004:874373084:00104740:00629,cvm,【武】「你这么干脆承认也挺打击人的」<01>,[],layout_only,5ea715a47597effa6c8ce6ccd975c286ff42b317726d7e845915cba7ebfbd097,4a752715c2e76a3e4865212063a1348eeeccec47e779e8c5cab8f86a7d384bde
pm:vm:photonmelodies11.rio.004:874373084:00104972:00630,cvm,【美琴】「不过要说干劲，我觉得没有比这更好的了」<01>,[],layout_only,67a4b7d872cad06c5632f73de4ba9f3d68928c1a71c8cccbaec771f80d91feae,6f128dd4b33f8cb88f83e6dff58cb65cc5eb23503be2798780e44e86b9723293
pm:vm:photonmelodies11.rio.004:874373084:00105016:00631,cvm,干劲？<01>,[],layout_only,1f4c97d9ee9b1f23b3770e170075d78327ec8a4b166dcee6de9b8f88df8d8cee,c5ea926ed259ad2a3c9c6cc9f05de3e9a62e4b4a37869a494466c538af662636
pm:vm:photonmelodies11.rio.004:874373084:00105248:00632,cvm,【美琴】「我想，大家一定也都这么想…………」<01>,[],layout_only,7944481fea13f1026ede1d81fbff75c2832e48a6391b2c02fdb52c599526b462,538e6040710f05f0ab5893e491d81742ab8ba086a8d7dd600630e7ac2098adb0
pm:vm:photonmelodies11.rio.004:874373084:00105292:00633,cvm,【武】「跟我一起上场，干劲就会更足吗？为什么？」<01>,[],layout_only,c99f886e831f006b2eb2225cee8be5adaa4d744b80d770e13c99ac7ecb4b284d,066f49a7b96672542daa29bc27352ec604624d4089acf68a6fdafb5aae210f86
pm:vm:photonmelodies11.rio.004:874373084:00105524:00634,cvm,【美琴】「咦？啊，嗯，这个嘛…………<0A>呃…………那、那不是挺好吗！」<01>,[],layout_only,535209bc65246412790fb5cc694c2b5d28a5eadf8995467314a8f45eb520f25d,6cdbca4fbc92182bd6b68ad1f1ea12049fa1a2c87cbbb79e2b6c3fea5c6d219f
pm:vm:photonmelodies11.rio.004:874373084:00105568:00635,cvm,明明是你自己提起的。<01>,[],layout_only,2c90b50feef09de870b28f513e0e4e8d7d16a89c55a8e2878645283ad4aee4e6,0ccfff17467846bf08a7e27bf45c41e6a38dd3fa5ec6c794d3e695447d4d5e64
pm:vm:photonmelodies11.rio.004:874373084:00105800:00636,cvm,【美琴】「总之！<0A>我觉得只要你对我说一句加油就会不一样！<0A>你能把这点也考虑进去吗？」<01>,[],layout_only,0b70747dd7ecc498cc27ca707cbf967bf79683733156816fddb8dce2a264eeea,dceb6dbf79388d20124921dde6d312752bf4f50c5dd857033f567632055660c5
pm:vm:photonmelodies11.rio.004:874373084:00105844:00637,cvm,【武】「啊，嗯…………」<01>,[],layout_only,4a540fb4ea6d6ca53fdba362b011a6dc8291ca774c1e4b9940c886b06008860f,247f28a9f207661eef7a16bc3860c59e493e727eb51ed704c7c1e9438aa75454
pm:vm:photonmelodies11.rio.004:874373084:00106076:00638,cvm,【美琴】「那我就——」<01>,[],layout_only,c61242d64c9420d6cebdcaf969b3ef17b20c6328012d60c689a28751fac26561,333a5abd84b4f454b966a5c2196e573a7b1fc425fcf3f045a0a0230ac7f583fb
pm:vm:photonmelodies11.rio.004:874373084:00106120:00639,cvm,【武】「停！你该没什么事忘了说吧，对吧？」<01>,[],layout_only,e7c5b5ca3f3192b8846a44316329793274de4a4d303e75176113bc89b508e379,d99f67d582bf3e390ce9c8238dee562c1a5be611fd20b4b7f85951ebe5dfc8b6
pm:vm:photonmelodies11.rio.004:874373084:00106352:00640,cvm,【美琴】「咦？嗯，已经没事了」<01>,[],layout_only,25ad38c5f9a2c743bfd57ddbf43244edddfbb1e52fd9038771680c240946602c,6d160d8742b3f01b69a3540ae882a01f5fd2b53540e1b539bb4b6d955cfe2e06
pm:vm:photonmelodies11.rio.004:874373084:00106396:00641,cvm,【武】「那，可以走了！」<01>,[],layout_only,f4df31e62156b7d5a412f6c2600f247f7b4308c630eeb302444a3ce4b134c6ae,51815ddfafb738606404c68ea411b042ab1f9d747719b12152fee7d853fb00cc
pm:vm:photonmelodies11.rio.004:874373084:00106628:00642,cvm,【美琴】「再见！」<01>,[],layout_only,b002aff4e8ce658b5df859cddf0274c64b7fde7e17909b93752cba59fa8ccbda,3504ae37bcf681b46e6e114f4cf9fd6e451c0acaecff15a7869d2e9090e94ba2
pm:vm:photonmelodies11.rio.004:874373084:00106748:00643,cvm,嗯～～，跟我一起，干劲就会更足，是吗…………。<01>,[],layout_only,72883933764c2dcafec185b082d73c9ad932e5250ddd8f7879b9abf649c65beb,0ffbfd6d44b2e1680a664c9e6dcbb3055fb2353e22b66b4a2b1b9b4bf1a969ca
pm:vm:photonmelodies11.rio.004:874373084:00106804:00644,cvm,【美琴】「武！」<01>,[],layout_only,e2cb6c782b372f413f7720db7855d403ebfad87face374022d25071babb2c689,81e06d6b433e97d730a063ecffa8106586c09a2e1446a55078f3eefd8f4e6e5a
pm:vm:photonmelodies11.rio.004:874373084:00106848:00645,cvm,……………………。<01>,[],layout_only,efa30788584cfea7ade60ccc37d7fc6cda943e64935eb133252c341159e58e05,0b3d7aae4004dc9b91522cf9245f879b48b6a3b3d3c28ecbba043ba8207a6df9
pm:vm:photonmelodies11.rio.004:874373084:00106892:00646,cvm,【武】「你这家伙啊～～～！！！」<01>,[],layout_only,bd0797098cdf55041c76956340b74e776aeb94329d0f3e83ff30a3b35556eb9a,d49c82fa2250b2e76fa837fbd3b998736b766cdf34e502489998f406725627e0
pm:vm:photonmelodies11.rio.004:874373084:00107392:00647,cvm,【霞】「……………………」<01>,[],layout_only,ae1d9107f8f518af6cc974f9f2dd86cd5f6b05e10cdcd693676de81bca4abda6,09a1c5c4f3135e6f4548ece4982e45e31d0297b9ec63875c4a72c35e2f926c70
pm:vm:photonmelodies11.rio.004:874373084:00107436:00648,cvm,【武】「什、什么啊…………原来是霞啊」<01>,[],layout_only,0b0110b9db1209fda6dd4f9b388189133e65e6134400857755a4e900864c02be,4108441d30853f7df907d6d4804cc9c73c515f3cbf879db2aad32c685aa43721
pm:vm:photonmelodies11.rio.004:874373084:00107668:00649,cvm,【美琴】「不知道你在气什么，可不能吓到社同学哦？」<01>,[],layout_only,44d3ae3f0f9023382923fc64466a351d16a9d08fb39acabfe6e625f2b585626c,e75ad60a423e86485c2399474dd3f6a19301db657ab0c9fed12d79cbfdc1e83a
pm:vm:photonmelodies11.rio.004:874373084:00107712:00650,cvm,【武】「抱、抱歉…………」<01>,[],layout_only,8675276dccb5a7a2aef4e225b93eb174945e0ece78c63c08cb706944abdb4a2b,8fe5d34ca6586d042b7dba9a7367b9ee7c262c841205f7d495142f673862c9a9
pm:vm:photonmelodies11.rio.004:874373084:00107756:00651,cvm,但是…………实在让人难以接受！！<01>,[],layout_only,f250608ebebd23b91cc7a965070d7fdd245da042d3699c4421a355553bef0441,3256308f890066de888ae96959262b93fb2c2f7319358e83ebd0e8b8885107e8
pm:vm:photonmelodies11.rio.004:874373084:00107988:00652,cvm,【美琴】「再见！」<01>,[],layout_only,b002aff4e8ce658b5df859cddf0274c64b7fde7e17909b93752cba59fa8ccbda,3504ae37bcf681b46e6e114f4cf9fd6e451c0acaecff15a7869d2e9090e94ba2
pm:vm:photonmelodies11.rio.004:874373084:00108108:00653,cvm,……………………。<01>,[],layout_only,efa30788584cfea7ade60ccc37d7fc6cda943e64935eb133252c341159e58e05,0b3d7aae4004dc9b91522cf9245f879b48b6a3b3d3c28ecbba043ba8207a6df9
pm:vm:photonmelodies11.rio.004:874373084:00108288:00654,cvm,【武】「…………那么，霞，有事吗？」<01>,[],layout_only,58a28d43f3d46460a2eb653598fb75a11549c424c5d1919c69be5183549a1b19,cae2b5f20155ea0d264f6d5ae0d2b9be6700c4b9f424ebbec6779ec890190e03
pm:vm:photonmelodies11.rio.004:874373084:00108344:00655,cvm,【霞】「啊，那个…………关于刚才说的奖金…………」<01>,[],layout_only,efb60cf0603123e487d78a5bf1896c2164b1bb58b3e2ae9750b3f29efd87a41a,7acceb79cbf47fee25e03c8ade50726f8691396df2d7adcfe17f935ce4cb268c
pm:vm:photonmelodies11.rio.004:874373084:00108388:00656,cvm,【武】「嗯？那件事啊。<0A>确实可能说得有点太现实了，抱歉啊」<01>,[],layout_only,edd405d0bd02000f51bbcf2413b97a327e5fc3b1088d3bbe932e7645110ccf73,9837647b61c323b99abab70925fd8e8011120900200535483e79258e1b02f38c
pm:vm:photonmelodies11.rio.004:874373084:00108620:00657,cvm,【霞】「不，我不是那个意思——」<01>,[],layout_only,b9913103e170e316bfc6c13b4f2f4233485f4617f29b3cc6d888b3b841deef73,a38673dab3ae48a44174481ea0a2d9a268c00ba747ed72be86374be655154c90
pm:vm:photonmelodies11.rio.004:874373084:00108676:00658,cvm,【纯夏】「小霞～～！快走啦～～」<01>,[],layout_only,b51d3ec2640a1979d3ae761a98020346b93823e8b7187ee266c7c56b94942d34,3c9909710769599774f14aa2e6fce4bb5ffb705a927a65974560af0651eca2f5
pm:vm:photonmelodies11.rio.004:874373084:00108908:00659,cvm,【霞】「啊…………」<01>,[],layout_only,bde0cc4d6a6856276fca246a7b10fa5232203aa9a207ae2d028c211155f2944e,bb4cba9cc2fbbf8058521dbc263d4428866a23aaa3031294213db726adab17d5
pm:vm:photonmelodies11.rio.004:874373084:00108952:00660,cvm,【武】「哦，纯夏在叫你哦？<0A>好啦，快去吧，待会儿再见」<01>,[],layout_only,d29f50ffec5a8731d9eca3459cb38980182ffd1607a4c9776f972a95134f525b,1efed27cc181b7bfedfb8514528887c94a1cbd5781adda64d196063eb1a0eadc
pm:vm:photonmelodies11.rio.004:874373084:00109184:00661,cvm,【霞】「……………………好」<01>,[],layout_only,0e0b4b06d81d5ef5d3c1c2aeb1f15c61661243315bf871f83844904337c864ad,4f3a4061cb136b35ece0eab01b8e3ebf294206228f0c6d9cf1548b9d7b62182f
pm:vm:photonmelodies11.rio.004:874373084:00109820:00662,cvm,【壬姬】「小武哥」<01>,[],layout_only,f38819605a19dd7d24c0ca9a982bbe67e4bac6a7c074e4ca240b09551d7c08a6,407848d412f3e8f6823aa4b8b310c5a4080858ceddbde7e0def198121229825f
pm:vm:photonmelodies11.rio.004:874373084:00109864:00663,cvm,【武】「怎么了？」<01>,[],layout_only,38d89f6c1c9f9f170a7236ad926c3b68e1bb3b71d6b0fe871eebd0b822832def,e48d53a8f851dfd386eb1a9e852dbf84e283ed74602573fdfe89cf5cdd289547
pm:vm:photonmelodies11.rio.004:874373084:00110096:00664,cvm,【壬姬】「小武哥打过沙滩排球吗？」<01>,[],layout_only,3e5560a16629c2fef8542b9fa1866f6d923ee37bca5ff0e5f40476236c2c441c,d1b8608e946a4ead256b3d70fbae98dc6615b4eef3ae3c132fdc25ebc6186133
pm:vm:photonmelodies11.rio.004:874373084:00110140:00665,cvm,【武】「哈哈哈！没有！！」<01>,[],layout_only,9787cc4c289804e709d1854b36facb4c1edd6df2fd83bfb94a00612642f67f40,a637e43281e79dc7e991755d6cdb2e3f000c53be696cde051d5aa799e8202051
pm:vm:photonmelodies11.rio.004:874373084:00110372:00666,cvm,【壬姬】「那，不知道规则吗——？」<01>,[],layout_only,45f1c9d69d5cc480ed0c134eab3f3c63049926d898167c46f499d75b134a54c1,cea90e8cf7d112da4eb357e79882e370ef39d697651eca053d286c0144770e95
pm:vm:photonmelodies11.rio.004:874373084:00110416:00667,cvm,【武】「哇…………对啊，完全没考虑过…………」<01>,[],layout_only,0575cd5a36dcc08f8734ad9ad266fd8191b737cbae5e47cab60cf94e753de643,e997c557e023aa546ff176084444fa85bc6d4dd92bd1df7a83a71d0f46c789f3
pm:vm:photonmelodies11.rio.004:874373084:00110648:00668,cvm,【壬姬】「那个，<0A>听说塔斯雷夫老师和皮亚蒂芙老师知道。<0A>她们说之后会教我们」<01>,[],layout_only,9cd3921bb5c695e4f24c0939e6a977349a4a6f4ab5fc1ea31f98b3dc2805c600,c640c275b4841ec96584e0d2144ee71fe12d11fa2881c84c0b77869a839dec06
pm:vm:photonmelodies11.rio.004:874373084:00110692:00669,cvm,【武】「哦——，这样啊！<0A>这是个好消息，感谢提供！」<01>,[],layout_only,b84d08e34a70f3c2726c548499f5463127df12c41ffa1bc764cc2354705554bf,635d795f49dc36788e8fde7194c8e442f5fab119c8afd78fbda406404db62b6a
pm:vm:photonmelodies11.rio.004:874373084:00110924:00670,cvm,【壬姬】「嘿嘿～～」<01>,[],layout_only,3e98fdc74f92d8dbb0dfa38a22ae45d9b12a99c99fa0cbb4db53bcd2e449ba32,36ec80ae5fe923918b850f0f58c381a4b245c797ad619d7c2974308dacfbbbf9
pm:vm:photonmelodies11.rio.004:874373084:00110968:00671,cvm,【武】「话说，小珠知道规则吗？」<01>,[],layout_only,0a3f9ad92e1e034edfd61ef01808962b48e71bd5dbdc693b7a767394abf5be71,fe0f3c8e8e1945a4348b865d32b56e3d8d0e81f6ecb417270f45bbe1af054c98
pm:vm:photonmelodies11.rio.004:874373084:00111200:00672,cvm,【壬姬】「没有，完全不知道哦——」<01>,[],layout_only,14074f1d00b31bd5de4bf20f146f0b6b851fbb3a66303438a649846ce57b69d0,b1b061a7035311ca31791572819f21c64cc0d75b4ec545a759b1b97b51329d1a
pm:vm:photonmelodies11.rio.004:874373084:00111244:00673,cvm,【武】「原来如此…………」<01>,[],layout_only,c5d19dda7c9ea4d0a5382643276171c3752da9c661fa525ef5f1bf453a4973c1,9ff28690c0b6fb2fd2c5167a596bce336fbb8dde0c23e541713a8adacf267c1d
pm:vm:photonmelodies11.rio.004:874373084:00111476:00674,cvm,【壬姬】「难道说，你在考虑让谁进队，之类的吗？」<01>,[],layout_only,0b96ed2c48e76cff213bf2bb9ce4fca98ee4dba8b946392a33a46e839a73a551,583b1f3c1458e43779393018beb0e1e2374b50d785c2367c2cdb2fd929644778
pm:vm:photonmelodies11.rio.004:874373084:00111520:00675,cvm,【武】「不，还没有认真考虑…………<0A>只是觉得也许能作为参考」<01>,[],layout_only,e8e972671012b2992674a8e921852a2b2019904e880ac34e273945bfa86884dd,aece035146d031498e2a571efe200c51349138fdf27944d501f3e443215cf9eb
pm:vm:photonmelodies11.rio.004:874373084:00111752:00676,cvm,【壬姬】「不过——，要我说的话，<0A>关键是和谁一起打吧～」<01>,[],layout_only,24c81596c543c834d9097ccf0bfb3ddb24aa50bdd6cf1772f336c22cd437ad30,68f3a13f9867bfd103e7dca995c52884de8ba21c453054a0beff87cd6d0bd2d3
pm:vm:photonmelodies11.rio.004:874373084:00111796:00677,cvm,【武】「…………什么意思？」<01>,[],layout_only,b8eb3ebd27614603e8a7176fd038c0f0c747f1eb31c5c9d9fdaac32e064028a1,56161bd7e5468d14cc1d6c8ec296811c168ca488837d6a86dec35386d628facd
pm:vm:photonmelodies11.rio.004:874373084:00112028:00678,cvm,【壬姬】「呃，那个…………比、比如说啊！」<01>,[],layout_only,af458fe4fc8b4f5c9d94cb917d929bbdfce76c7c85c33690f5e3c350fbe50712,1cf43e67a1d1e7b9b1ed1e0747ec965e19b2218547a8792f6edfd431d1374c4c
pm:vm:photonmelodies11.rio.004:874373084:00112072:00679,cvm,【武】「嗯」<01>,[],layout_only,f6a82e62e4acfd98e4d66f5d8360e3e24e0450474b5f5ab19249cadd415fa1fd,baecc15290c09f52b1708c214e16d7ac9efbfb32d8e9dc58d89ce4e1d50ad83d
pm:vm:photonmelodies11.rio.004:874373084:00112304:00680,cvm,【壬姬】「比、比如说，如果是壬姬的话…………<0A>那、那个…………如果和小武哥一起，<0A>可能就会特别努力～～之类的」<01>,[],layout_only,574283d273df6da2c3dbd5c8c6e33829d6d9ce6dbd31cafb2a702a8c3087b72d,17bc7ed37be13bac665b3f061f22f1ad8706c3ab123b41549157ef5e56aff534
pm:vm:photonmelodies11.rio.004:874373084:00112348:00681,cvm,……………………啊？<01>,[],layout_only,46d6c68935463883c4c9e891df99421b0162e72d913d47e87d4b048beb1871dc,276359225c55d915620932500686d990190e6c3327bfd142e050e4dceda8787b
pm:vm:photonmelodies11.rio.004:874373084:00112404:00682,cvm,【壬姬】「啊，不、不只是壬姬，<0A>我觉得大家也都是这么想的！！」<01>,[],layout_only,46d30cc6c507befd68011ce874a691db7bf23d6e9c0b9fd27bb4965e96099b65,840901e5990656ffd7470ba6f579ccd657b05f03227aadfe66acdc7824caf9f8
pm:vm:photonmelodies11.rio.004:874373084:00112448:00683,cvm,【武】「大家也？和我搭档就能更努力？」<01>,[],layout_only,2de63d2d561edb120560b7d851d9ccce9e132f57bf3643ae23d5a97ed3b05e81,2d1c2fd97ec2b0cb523a1a730cf0b92da805dcf233e62f8d4e50c8fad69b33f5
pm:vm:photonmelodies11.rio.004:874373084:00112680:00684,cvm,【壬姬】「大、大概就是那种感觉吧～～～」<01>,[],layout_only,d50d26e5e07fad5d87483cfdb3552a0c279083b9f46835938ad921e0d9da7bb3,c37c498af9734f55dc783e7b27a3fc7df71a034273e7e3a036e7c276eac995ab
pm:vm:photonmelodies11.rio.004:874373084:00112724:00685,cvm,…………什么意思？<01>,[],layout_only,fe6b1e4be239f81d635c97079e8619a29f544dd697dc05e466deba055378a36a,dbf779499f82a69f5e39e2b2eca2f0b9ad143f56c52a65c121cd20b468facb8f
pm:vm:photonmelodies11.rio.004:874373084:00112956:00686,cvm,【壬姬】「你、你看！小武哥，<0A>总会喊着‘冲啊、冲啊’，<0A>该说是特别能给人力量吧…………」<01>,[],layout_only,0cb921d7c7d7ba53b217a4b4130cb48303812a4902581e64d61a482fdd680a85,87ec30c7da21129cbcb5b68db42204a1afc68a9115af70efcac77d3c9331ba67
pm:vm:photonmelodies11.rio.004:874373084:00113000:00687,cvm,【武】「嗯，这也算是我的长处吧。<0A>不过这样的话，我在替补席上喊不是更好吗」<01>,[],layout_only,e74c18d9f35ec51a4e9d4b9a7c2e5764c61421a557c7629a672788e0d8b6f343,d2e9aa302c1b38179cede18332ca6ae6b387d38bfc470e706594046c3f0cc918
pm:vm:photonmelodies11.rio.004:874373084:00113044:00688,cvm,干劲和气势也不会让技术突然提升。<01>,[],layout_only,5cef56d3c962b405130ddb675a30009f3801edf4c9fe556eb8d9452b0cb863c3,b46e130a64a1b12ceb95ac34a2c7324ecab7b5f1e931608da076fffb7a17a511
pm:vm:photonmelodies11.rio.004:874373084:00113276:00689,cvm,【壬姬】「当、当然，<0A>光是被选中我也很高兴…………<0A>但果然，能和小武哥一起打才最好！！」<01>,[],layout_only,b6225d8dda910bd6c7ef729176c507bb6ce2e71131522f8c7946f5bda59e0539,0454ae8af184f0dcc79e29f5bfe80a45174168895cacf00a65066b965468d0b9
pm:vm:photonmelodies11.rio.004:874373084:00113320:00690,cvm,【武】「…………不太明白，不过是这么回事吗？」<01>,[],layout_only,3b8de9377f8f02bac7060a01648740e69bffb0b560be8a8a23093adcad282e32,06aa8a6e5f46a7a8896806382289ab3e54b65d42136d2423e2e2f9e6c833e478
pm:vm:photonmelodies11.rio.004:874373084:00113552:00691,cvm,【壬姬】「总、总之！！<0A>如果你决定队伍时也能考虑这些，我会很高兴…………」<01>,[],layout_only,0e5a96a430da6c2bc70fb323eff5947d4bace8ab19cfbb92244f770b8e383f21,738d19db06451626d62506c165fb5d7a230cbd1161f43981fab3be82afddbee5
pm:vm:photonmelodies11.rio.004:874373084:00113596:00692,cvm,【武】「嗯——，知道了，总之我会努力试试」<01>,[],layout_only,f7e087508245ab86c4550169ed2e0f9fab2517e66817e49361886829e27df35c,9c309fa29d53cf3614175175cc45684f22b8f4135070ed8f9f678f742565b638
pm:vm:photonmelodies11.rio.004:874373084:00113828:00693,cvm,【壬姬】「谢谢！那，壬姬先走了」<01>,[],layout_only,70b421efd428ffa80beb18d8db348d4abcfe3a394d8c2c962e384bfc8e0d2ba5,f66ba78a295eb0529f2e543a58453b9cba598c40ea85fef650ab0ac0768fb0f5
pm:vm:photonmelodies11.rio.004:874373084:00113872:00694,cvm,【武】「嗯…………别迟到哦～？」<01>,[],layout_only,63dd7cf452372c6900bd49a1738f29770dd8cb170d03de159913aa18accb954a,fe32f7a1167c110f7be32d3c9eb4b6e67da857e98c5d1e8476945f9591d3adb9
pm:vm:photonmelodies11.rio.004:874373084:00114104:00695,cvm,【壬姬】「啊哈哈…………没问题！」<01>,[],layout_only,c1f4c3c2947e7694e4e7a461112e77b098242e530864b57b2a26ac3329b183a4,4a5d2efe0d07955a7aa95f86fdfbedc0f17844abf33c585ce422f3737b55cc32
pm:vm:photonmelodies11.rio.004:874373084:00114148:00696,cvm,毫无根据啊。<01>,[],layout_only,b602f375c74d4ecb8b427c52f78b9c43c8d8898abbb667c76a7ad3b0ae7d9050,b08442a5bcc1e9166e2df9594c1f773b6dffcaca38c0dc256502f149c99d7a36
pm:vm:photonmelodies11.rio.004:874373084:00114380:00697,cvm,【壬姬】「小武哥才要小心哦～」<01>,[],layout_only,1dbb1ec4bcde64d608f83ad21e3c94544016dd92d556741ee2ce216efed606d4,7b9706d1fff175dab88a7535303e4cdaf0b4c7f3b08696df6e0e3afd3b55f79f
pm:vm:photonmelodies11.rio.004:874373084:00114424:00698,cvm,【武】「哇哈哈…………没问题！」<01>,[],layout_only,8c77515b9a632bdd610d211c3e73a8d66b56a66e1f3aef8529804afbcccfb44a,b822b82fb658133cabbc6756f7de64c0d3074fad16d302c41c95d6ac918c6758
pm:vm:photonmelodies11.rio.004:874373084:00114468:00699,cvm,…………我也是啊。<01>,[],layout_only,a71a3d9096a29a2c7450f3ffc216a8880994ac2f55f597ecddf520861692996a,da0148b5d4017475ce676b20e7cb6ce4ea64ae0c0d254ebf14ff4cf9b9d72200
pm:vm:photonmelodies11.rio.004:874373084:00114588:00700,cvm,不过话说回来…………和我搭档，干劲就会更足？<01>,[],layout_only,30e8d10a2e7bf9bfbf4cb8e35f1aba3b08d12f26d247519cfc24a90fb193312d,0302fa45b6b2d8ef34e22cc84f74538af6d085b3b6f9b5f26a7d6bf6ee90060d
pm:vm:photonmelodies11.rio.004:874373084:00114632:00701,cvm,……………………。嗯～～。<01>,[],layout_only,98861b7981118e96154c67dece56bc8c1b788605b5694d42d207fdebf18f87e3,009fca132b4bcfabad5824d286e3b3faaf3d579b797ab368d5488135c4001d9d
pm:vm:photonmelodies11.rio.004:874373084:00114688:00702,cvm,【声音】「那个，白银同学」<01>,[],layout_only,15cc34bb688501ba39502d6144b2cd9856c5045aaf6b3b178d4261c3f37a7669,d86c9124a2c17527fa7ce2d1d735e137d4d83ce1cd91890d977b1fdbac2265c1
pm:vm:photonmelodies11.rio.004:874373084:00115028:00703,cvm,【武】「什、什么啊，原来是霞啊…………怎么了？」<01>,[],layout_only,0c3c485434de7c42c102b123bc1d0521a8e5b0c54a4582878fdfe88b841dae59,4108441d30853f7df907d6d4804cc9c73c515f3cbf879db2aad32c685aa43721
pm:vm:photonmelodies11.rio.004:874373084:00115108:00704,cvm,【霞】「关于刚才说的奖金…………」<01>,[],layout_only,e66d9e019eeb4088a07e37f51f1af9096b4535c4cee20a68191ddae5ceeaa5fb,7f282413b6d97da65f456cec959c92c0ab8a539f20f6e3b6ff6e1ab63c691808
pm:vm:photonmelodies11.rio.004:874373084:00115152:00705,cvm,【武】「啊，对，是这件事啊。<0A>确实可能说得有点太现实了，抱歉啊」<01>,[],layout_only,d92c8da9b992d2e2a031104f7a56ab2ada617ffd3738211427c0fefbb4945885,9837647b61c323b99abab70925fd8e8011120900200535483e79258e1b02f38c
pm:vm:photonmelodies11.rio.004:874373084:00115384:00706,cvm,【霞】「不，我不是那个意思——」<01>,[],layout_only,b9913103e170e316bfc6c13b4f2f4233485f4617f29b3cc6d888b3b841deef73,a38673dab3ae48a44174481ea0a2d9a268c00ba747ed72be86374be655154c90
pm:vm:photonmelodies11.rio.004:874373084:00115440:00707,cvm,【纯夏】「小霞～～！快走啦～～」<01>,[],layout_only,b51d3ec2640a1979d3ae761a98020346b93823e8b7187ee266c7c56b94942d34,3c9909710769599774f14aa2e6fce4bb5ffb705a927a65974560af0651eca2f5
pm:vm:photonmelodies11.rio.004:874373084:00115672:00708,cvm,【霞】「啊…………」<01>,[],layout_only,bde0cc4d6a6856276fca246a7b10fa5232203aa9a207ae2d028c211155f2944e,bb4cba9cc2fbbf8058521dbc263d4428866a23aaa3031294213db726adab17d5
pm:vm:photonmelodies11.rio.004:874373084:00115716:00709,cvm,【武】「哦，纯夏在叫你哦？<0A>好啦，快去吧，待会儿再见」<01>,[],layout_only,d29f50ffec5a8731d9eca3459cb38980182ffd1607a4c9776f972a95134f525b,1efed27cc181b7bfedfb8514528887c94a1cbd5781adda64d196063eb1a0eadc
pm:vm:photonmelodies11.rio.004:874373084:00115948:00710,cvm,【霞】「……………………好」<01>,[],layout_only,0e0b4b06d81d5ef5d3c1c2aeb1f15c61661243315bf871f83844904337c864ad,4f3a4061cb136b35ece0eab01b8e3ebf294206228f0c6d9cf1548b9d7b62182f
pm:vm:photonmelodies11.rio.004:874373084:00116584:00711,cvm,【麻理茉】「白银同学」<01>,[],layout_only,fa0381b98deac84fad81cc647b8e9d94e92dfeb1a065e156ea6ee3ef4caac551,89c82654ccfd3c42e497a18fac059ffd4429829cf9cf03c9ec77479452e5ce69
pm:vm:photonmelodies11.rio.004:874373084:00116628:00712,cvm,【武】「啊，小麻…………神宫司老师」<01>,[],layout_only,91067fcada412026577e00c9478f6ec7dd8c5a5822d5d3bd92f05971797640c3,ad9e735d4f14fec607e9c62880431533ce1087f603ee0db868bf4153ff8046df
pm:vm:photonmelodies11.rio.004:874373084:00116684:00713,cvm,【麻理茉】「说到底，<0A>白银同学被托付这种事的机会，还真多呢」<01>,[],layout_only,d0899338adc66c8f64e1a4585bed6e33acca219a03b80ea90333fa8ae45e0fc7,6a0135c1293cbc2a1dd4c52576feb08085158be7154451921f1d8fa3e3493f87
pm:vm:photonmelodies11.rio.004:874373084:00116728:00714,cvm,【武】「哈哈…………不过，这次是我自己招来的」<01>,[],layout_only,9b80030593b34a7a31e4f4b10ecefb91095b282f719afe588f83f96b73a93ff4,c527ca7db88ad1bf83104caf1f78fc2da0dba9dd640164d338bb3b8a87e37017
pm:vm:photonmelodies11.rio.004:874373084:00116960:00715,cvm,【麻理茉】「有时我会想，<0A>能让自己置身这种状况，<0A>本身或许就是某种不可思议的力量」<01>,[],layout_only,b00cd0e7baed8911e2e8ae8bc7c4c1c614ec4e9421537c2109c589a561d4c4f9,b8f0b2d3e8ae8f31e9151525e1de304e79c9b44bfa8733af9624ecb85a858adb
pm:vm:photonmelodies11.rio.004:874373084:00117004:00716,cvm,【武】「饶了我吧，老师您不会也要说什么恋爱原子核吧？」<01>,[],layout_only,ab607a5c623bb4f57b2ee28841a5483444e3a71a92ec406bfd08f39e27b01dc3,6c6ddac10d6017be4426ef5f8e9b558089d3d971bc9efdff886a05e5ed1c90c6
pm:vm:photonmelodies11.rio.004:874373084:00117236:00717,cvm,【麻理茉】「呵呵…………那倒不会。<0A>话说白银同学，有沙滩排球经验吗？」<01>,[],layout_only,e3f2e5fd1382fdf5ade54a9e35f80acc24c0e558f16a3c79ea861e2c521977f5,a8160e3508e34a30bb03c5615ca3ffc5b83cd0e20b3c46affba6a46837d1bf4d
pm:vm:photonmelodies11.rio.004:874373084:00117280:00718,cvm,【武】「没——有，完——全没有！」<01>,[],layout_only,e59f4732f8259ced7e720c73f5ec17e5d200ae6982326bf69422fcc293cad021,509ebe2d540ca30801b16cfeb25e2abf1889a436f233cf7509842ab400fb810b
pm:vm:photonmelodies11.rio.004:874373084:00117512:00719,cvm,【麻理茉】「我就知道会这样…………听说，<0A>皮亚蒂芙老师和塔斯雷夫老师知道规则」<01>,[],layout_only,4eaeab5c4a41dc4e6b7dcfd0436e4390ffd7ddbcb215841b7c0340823990219d,7815c3215c572a983299cf6977f327a3bf2d8cec58c8506c1026a8c334532498
pm:vm:photonmelodies11.rio.004:874373084:00117556:00720,cvm,【武】「哦哦！」<01>,[],layout_only,eb645638057babbbe435990f722109379693c6e12357c9c9a614fc06eeca536f,866ded2319bb5a7ade949ab2c9889fce58599596c9929d442e014f86634a526b
pm:vm:photonmelodies11.rio.004:874373084:00117612:00721,cvm,【麻理茉】「她们之后会说明」<01>,[],layout_only,7ca44e2a4e32adf0a0e3a571dbfcb47758d715d60155ac228a0f0d4ea814a8c2,91e86d8dc6178e6ec3c50e50bf5d54b07a5906f6b70ae6c94bfccbb506f44c9b
pm:vm:photonmelodies11.rio.004:874373084:00117656:00722,cvm,【武】「那可帮大忙了！」<01>,[],layout_only,3f0ba5127f076756c89862578be891f6e691fdfdbd4bd66ee058652d303aa0b9,a0666e8bc5171af855222e4efe211a345c7527268eb1a14e515203628fee7cb8
pm:vm:photonmelodies11.rio.004:874373084:00117700:00723,cvm,我本来以为没玩过也总能想办法，但关键是我连规则都不知道。<01>,[],layout_only,b4dacc7e728a5005ff8b05c4e679a2354a4a191bd3c1807e84f3ca32b446df59,10d7c8c9a82b97d441abae68cee4b939b5f5c62685b28e594173c1ce6b43f896
pm:vm:photonmelodies11.rio.004:874373084:00117744:00724,cvm,这样确实无从谈起。<01>,[],layout_only,e1218616619e29cdfda521297d7ea1fec16ea871d9b7c06cb857d7e5d69f3859,d12ce2b66235b91efa906b9fffffe13b03e95b2c0339b9a52d8769a569ded7e6
pm:vm:photonmelodies11.rio.004:874373084:00117976:00725,cvm,【麻理茉】「所以？已经考虑好队员了？」<01>,[],layout_only,5fd07817548c321c021a3922a55677e5b2476480b177738ad57979d15d6a4207,8079073ee03f56c2c582d5526f94d340836fd7aa8a3c2ad74fca371db35d262c
pm:vm:photonmelodies11.rio.004:874373084:00118020:00726,cvm,【武】「不，还没有…………<0A>人选多得挑花眼，真让人头疼」<01>,[],layout_only,ec7e87d03655a7087f637157519857a0fe292c1b6137b7c9b00bf0fd8abb2f72,9c218f2c22c5cf6332047d526f1c1aaee310870095b1b83e0834219db3f7aa5f
pm:vm:photonmelodies11.rio.004:874373084:00118252:00727,cvm,【麻理茉】「……………………不让我上场也可以哦？」<01>,[],layout_only,a38354d5fcc08d4bc45c07eaf94faa4198552b4a9b6465be782d02db8548eeec,15f90cca1f476592a3d6306af9e769bc0bb370ace3baf982151aa6f3e0215267
pm:vm:photonmelodies11.rio.004:874373084:00118296:00728,cvm,原来如此，她在意的是这个啊。<01>,[],layout_only,945e5582116625fc8cca5fa14358068619b64bb3efe197b45d1c6e8d5e2c2478,52cae1b8c50adb03e46de99f9c210ffa1d215d79fb1ec83b3fc4749db660624f
pm:vm:photonmelodies11.rio.004:874373084:00118340:00729,cvm,【武】「该怎么办呢…………说起来老师，<0A>您的运动能力怎么样？」<01>,[],layout_only,781dc2c156e5f52c7ccb8d54e2a5592ab8dc1684745177d511dfed0dd073b909,5fe87b429c20ea36a8239d8408754baa4476d0835e7637840a06a81f8c916833
pm:vm:photonmelodies11.rio.004:874373084:00118572:00730,cvm,【麻理茉】「我、我、像我这种人，完全不行！<0A>差得不得了，真的什么都不行～～」<01>,[],layout_only,36d4d516fe543a49be63c6dd82e1a3658926125de8a0ff4cbcd01844bac6f28b,d515b9998b61f42db573098fda44a9eb4e59bb7ca87aa80bdc3e7e2a7a134572
pm:vm:photonmelodies11.rio.004:874373084:00118616:00731,cvm,【武】「…………真不像老师会说出来的<0A>幼稚解释啊」<01>,[],layout_only,f8fb17c12fd9c29a8967e7dc64b6ddb52b8bf36acf0dc37a37e2453f1f49e5fb,4c1e6ea7df7e6baceb3caa546112a2e95b6361913f10f36151f38df8d8d353ab
pm:vm:photonmelodies11.rio.004:874373084:00118848:00732,cvm,【麻理茉】「总、总之！与其让我上场，<0A>不如点名别的女孩子吧？好吗？」<01>,[],layout_only,6fb54e7214bf91c7fc5b34f0d53612cb74dd1cdd84c462f9dfa082381b16f483,c3cfadf46a696c1012c6a43c05ac465381cc9e47fe6a4af9229d6fb94da0b55e
pm:vm:photonmelodies11.rio.004:874373084:00118892:00733,cvm,【武】「这个嘛…………」<01>,[],layout_only,40a8781f9629a58b9a92266756491632b05c0457dfd01ac6f4607868506eeaad,1efa13a093836485e542952d786a9899d9d5cb31b16a663447d0f217c66be1b9
pm:vm:photonmelodies11.rio.004:874373084:00119124:00734,cvm,【麻理茉】「大家，要是被白银同学期待，<0A>会很高兴哦～～。一下子干劲十足，<0A>说不定真能夺冠！」<01>,[],layout_only,00ecd0de7f176b57cbebfe24e2ba50a51324802df4f76c58901256ce847b23ed,40da99ec59b09e01d321f3d764bee168dfd7d7a9880370a014e449de284748c0
pm:vm:photonmelodies11.rio.004:874373084:00119168:00735,cvm,【武】「不是说不定，是一定会夺冠」<01>,[],layout_only,1aaaa067d0e86f563eaf9264dcfe6f7fde633f649dd5aa1cffcdae1409f1ddad,73cdfbf0ac2c55d9e3283fc4c7cfbc3b7bdeb5d1cff4bd7e45826e8878aa2579
pm:vm:photonmelodies11.rio.004:874373084:00119400:00736,cvm,【麻理茉】「啊，对哦…………呵呵…………<0A>不过，我觉得大家心里都在等着哦」<01>,[],layout_only,8fc679e054838d690604299884b19432dbfdbc3703f2f0e245e21d5d1be7879c,efb46f17de450946874a7cd5cbc1413b815506653e029d8f843bde8f67aecc96
pm:vm:photonmelodies11.rio.004:874373084:00119444:00737,cvm,【武】「啊…………」<01>,[],layout_only,09a19c4c196aa275411e5a0bf1bdde67622ac4dc09f8347c909f9ee3a0503376,8ea6237382062116e85e57d0419e2d11e7799643d0807aaec011690c3674287a
pm:vm:photonmelodies11.rio.004:874373084:00119676:00738,cvm,【麻理茉】「如果说要和白银同学搭档，<0A>那可就，也许会发挥出200%的潜力呢」<01>,[],layout_only,1e260d5810f642e3a632decbe8f9224c1dd02f9c1feffa02455e3155d19c18cf,1193ddeadf95b77b056a79c609fd3b1051b2fbc7890129e88086a074762264d6
pm:vm:photonmelodies11.rio.004:874373084:00119720:00739,cvm,【武】「我是兴奋剂吗」<01>,[],layout_only,082a4244761c320b2bb41e09dbb74eec5a092ee0d291f987e0d51782fe871fe9,9af901d66e3852ab831f4621226bef58e9685cfc88e586ec5cb2b342f4f1a927
pm:vm:photonmelodies11.rio.004:874373084:00119952:00740,cvm,【麻理茉】「差不多」<01>,[],layout_only,68a8571faaa273c5e7d7ed88e97fd0fd8644f73bccf97972f8f7f2d1e9ad5fd8,293f8cec3bfd4e6797d40e7883a8a9e255a8a40ad4275678c497dd338e1c0f71
pm:vm:photonmelodies11.rio.004:874373084:00119996:00741,cvm,…………我明明在开玩笑。<01>,[],layout_only,8121174c0ddc8dcc88ec76a4468517393570cfbc3d0465ffbfde81319a2eadf8,dfb5fd11f2d291410d84119817647f342e450570a6c654834a013d0e9e18e45b
pm:vm:photonmelodies11.rio.004:874373084:00120228:00742,cvm,【麻理茉】「总之，这种事你也稍微替大家考虑一下哦？」<01>,[],layout_only,14fafbbf418575c9a905ad48d31873d6294d72d123c055f1695ec066fc105b82,0ffebd3b39d5f671c0fbef5af9b9db296c4c67aeb5bada1ee56222ad44e8ba6e
pm:vm:photonmelodies11.rio.004:874373084:00120272:00743,cvm,【武】「虽然不太明白，但我会努力试试」<01>,[],layout_only,74acc91321c1e4cd6ab3ae2851a052ecaee7d18afa6fa89a1ea619f6184fb713,474ef59d0b86e6b633e3478ff7de52dc7528fc4931c2c1636307c22109d2a0a0
pm:vm:photonmelodies11.rio.004:874373084:00120328:00744,cvm,【麻理茉】「嗯，那我……………………啊，<0A>我不用上场哦？」<01>,[],layout_only,d3eb8bc7346bd0f7ace2a7dcc81396eff0856e98313cf54ba8410b1f9f816e6b,5081cd0de56712ac0a7def69702c33804751fa5cb10b6d354fbc9c7efa3ed90d
pm:vm:photonmelodies11.rio.004:874373084:00120448:00745,cvm,找借口出卖学生的女人…………<0A>神宫司麻理茉。<01>,[],layout_only,d18c33514b6249ecfa93efbe05a07a9a02464b3838c08f16d606f5acc903c1e0,c2ae32f66bd650b77655a00716a1bdafccf4c2c1c4e7776f6db6887fb9136ea2
pm:vm:photonmelodies11.rio.004:874373084:00120504:00746,cvm,【声音】「那个，白银同学」<01>,[],layout_only,15cc34bb688501ba39502d6144b2cd9856c5045aaf6b3b178d4261c3f37a7669,d86c9124a2c17527fa7ce2d1d735e137d4d83ce1cd91890d977b1fdbac2265c1
pm:vm:photonmelodies11.rio.004:874373084:00120816:00747,cvm,【武】「嗯？原来是霞啊…………怎么了？」<01>,[],layout_only,a7b29dd36812390e288afe589f4b4922aff55f409be66903dc60f3509359c694,f5749852009a12a08f329753ce391125eb8ccc7d5e98ef9f2d09bf6740e98515
pm:vm:photonmelodies11.rio.004:874373084:00120872:00748,cvm,【霞】「关于刚才说的奖金…………」<01>,[],layout_only,e66d9e019eeb4088a07e37f51f1af9096b4535c4cee20a68191ddae5ceeaa5fb,7f282413b6d97da65f456cec959c92c0ab8a539f20f6e3b6ff6e1ab63c691808
pm:vm:photonmelodies11.rio.004:874373084:00120916:00749,cvm,【武】「啊，那件事啊。确实可能说得有点太现实了，<0A>抱歉啊」<01>,[],layout_only,1763b48b2670527033f8dd9a497413d0bc6efe8449792f40533aae49d6fdde6d,9837647b61c323b99abab70925fd8e8011120900200535483e79258e1b02f38c
pm:vm:photonmelodies11.rio.004:874373084:00121148:00750,cvm,【霞】「不，我不是那个意思——」<01>,[],layout_only,b9913103e170e316bfc6c13b4f2f4233485f4617f29b3cc6d888b3b841deef73,a38673dab3ae48a44174481ea0a2d9a268c00ba747ed72be86374be655154c90
pm:vm:photonmelodies11.rio.004:874373084:00121204:00751,cvm,【纯夏】「小霞～～！快走啦～～」<01>,[],layout_only,b51d3ec2640a1979d3ae761a98020346b93823e8b7187ee266c7c56b94942d34,3c9909710769599774f14aa2e6fce4bb5ffb705a927a65974560af0651eca2f5
pm:vm:photonmelodies11.rio.004:874373084:00121436:00752,cvm,【霞】「啊…………」<01>,[],layout_only,bde0cc4d6a6856276fca246a7b10fa5232203aa9a207ae2d028c211155f2944e,bb4cba9cc2fbbf8058521dbc263d4428866a23aaa3031294213db726adab17d5
pm:vm:photonmelodies11.rio.004:874373084:00121480:00753,cvm,【武】「哦，纯夏在叫你哦？<0A>好啦，快去吧，待会儿再见」<01>,[],layout_only,d29f50ffec5a8731d9eca3459cb38980182ffd1607a4c9776f972a95134f525b,1efed27cc181b7bfedfb8514528887c94a1cbd5781adda64d196063eb1a0eadc
pm:vm:photonmelodies11.rio.004:874373084:00121712:00754,cvm,【霞】「……………………好」<01>,[],layout_only,0e0b4b06d81d5ef5d3c1c2aeb1f15c61661243315bf871f83844904337c864ad,4f3a4061cb136b35ece0eab01b8e3ebf294206228f0c6d9cf1548b9d7b62182f
pm:vm:photonmelodies11.rio.004:874373084:00124108:00755,cvm,【武】「好——，大家都到齐了吗～？」<01>,[],layout_only,0189275885e13676b1cd587f612c6c7360d16f5aa02f8623bbfb4830cdc9e0ea,f5e1a66cbfacf5cacfa7a19b62bc877ac4e92b39ae6c7fb86b03f91f70ddb8ad
pm:vm:photonmelodies11.rio.004:874373084:00124880:00756,cvm,【壬姬、美琴】「到——！」<01>,[],layout_only,e99ec8be2070e170ba3a628645732984919f30986315b6c9b0f442c1d73dd514,0556f0bfae132af54ba3090f104083bd24c738cc14ec219dc105cada49681bf4
pm:vm:photonmelodies11.rio.004:874373084:00126856:00757,cvm,……………………。<01>,[],layout_only,efa30788584cfea7ade60ccc37d7fc6cda943e64935eb133252c341159e58e05,0b3d7aae4004dc9b91522cf9245f879b48b6a3b3d3c28ecbba043ba8207a6df9
pm:vm:photonmelodies11.rio.004:874373084:00127608:00758,cvm,【武】「纯夏和霞怎么了？」<01>,[],layout_only,438dba52c107c43693b2273173fb1989ba88b15f3d8f6b5e7cb8bf4310c952f0,d9bd5c12320994dededa3b1df161005543bcbacc999f115d52b63de3ec15aff5
pm:vm:photonmelodies11.rio.004:874373084:00127840:00759,cvm,【壬姬】「听说小霞换衣服要稍微花点时间」<01>,[],layout_only,5ee686ea104d9f50379b3d6181ebf99dfc448e5d75dcb9f0e4b4d0f0b90153a2,a091891d3537899259bf0f5540d2034a753d9a5378381b7a365356bb476bf520
pm:vm:photonmelodies11.rio.004:874373084:00127884:00760,cvm,【武】「霞的？」<01>,[],layout_only,fb1dc63a48fb76bd4dd60b1c8c7968e580caa5c8d743e2a6d4854e32d22e216e,186a690df95e472fe130212cd02004efab5450fa53b2772afe4b12881fcf279c
pm:vm:photonmelodies11.rio.004:874373084:00127928:00761,cvm,…………这样啊，如果是霞也没办法。<01>,[],layout_only,0378e201faba5d52f2f9dbb21f7eca55e231dc4dc8e77384dd78410649badf02,b54192abe749f2e2e71b2fe85ff850c553cde29f82da24a8483ca2463f03f42c
pm:vm:photonmelodies11.rio.004:874373084:00127972:00762,cvm,【武】「其他人…………都在」<01>,[],layout_only,d35c04a4d32ec0bb9ddf9188f08c91f7aab7caf99212fe4eed97d676bf13a621,7e0581afe8f9e022235aa24f092f16c2fa47cd1769de45e0476015236d672c83
pm:vm:photonmelodies11.rio.004:874373084:00128152:00763,cvm,哦，连彩峰都准时到了。<0A>这是奇迹…………开局不错！<01>,[],layout_only,8db560bdd9057be5e8f4a23e14ce2e3e8e91edb4c7e1402be0a82e73617267e3,ae6a2608d6e3b88cfb35391dfdf6c2e779cafb9c6f50286a4090af9bcefe8c79
pm:vm:photonmelodies11.rio.004:874373084:00128196:00764,cvm,……………………。<01>,[],layout_only,efa30788584cfea7ade60ccc37d7fc6cda943e64935eb133252c341159e58e05,0b3d7aae4004dc9b91522cf9245f879b48b6a3b3d3c28ecbba043ba8207a6df9
pm:vm:photonmelodies11.rio.004:874373084:00128240:00765,cvm,不过，奇迹用在这种地方，之后会不会麻烦？<01>,[],layout_only,ae7d45693b33650b5fbe3b0b94317bc9cc18379fb9ef026cc5313fe486660a24,ed3c425c0469937d580e3b575761c62698e25047e335910a5013354fd35d4e39
pm:vm:photonmelodies11.rio.004:874373084:00128472:00766,cvm,【慧】「什么？」<01>,[],layout_only,a5f76c4fb312e67404355fef4061af1c2851fecb0c526863b80b72115ff3c73d,492a0811325dfc9d33d3227d39ca1d86d55104cc8ddd4288fda7a00c97231c57
pm:vm:photonmelodies11.rio.004:874373084:00128576:00767,cvm,【武】「没什么，我只是在感叹<0A>你居然准时到了约定地点……………………咦？」<01>,[],layout_only,c9e14245b010dfb935c39bb47bfb4b4dc9a0a0d5292e26dec9b55bad486b2b3b,162c9cffea994a4acf1c0cca86d5888ee6c9ebc37ec1a708a02d7cb894ae821d
pm:vm:photonmelodies11.rio.004:874373084:00128800:00768,cvm,…………约定地点？准时？……………………<0A>我，好像忘了什么。<01>,[],layout_only,67eb8dd12cfe462b5e00a538bbeca75c9ec89ef4151a0e67bd06b5634ee72630,19da2e7648f6a2d1d0802504f53bf642816203de3653bb5894e6560963385566
pm:vm:photonmelodies11.rio.004:874373084:00128844:00769,cvm,是什么来着？<01>,[],layout_only,bdc9228afc9044591645329910866c7655647e073ec8fec56cfe63cf7db13438,e23bb9561a6e74e6848926df396eac3fdf939b1700ffe39a0102dbd92143cbfc
pm:vm:photonmelodies11.rio.004:874373084:00128888:00770,cvm,两点就是14点吧？我是不是还有什么事？<01>,[],layout_only,5adce42618801453e3a2710bbeacafa84b3fcd76927d5ab920bbf2b6dc759be5,67e992cfcd69c3c22edbf303303ae6cd72d6a4e771d2d808d30468c6da3e1f56
pm:vm:photonmelodies11.rio.004:874373084:00128932:00771,cvm,…………。<01>,[],layout_only,a8c0841fada26437e06edf4cc99a2f89302a31715e6fffabf09bae04dbbc9a80,8b9838ce3d87979c99406185b29994e51c8853c86ecd9f0c3a80843c34808661
pm:vm:photonmelodies11.rio.004:874373084:00128976:00772,cvm,……………………。<01>,[],layout_only,efa30788584cfea7ade60ccc37d7fc6cda943e64935eb133252c341159e58e05,0b3d7aae4004dc9b91522cf9245f879b48b6a3b3d3c28ecbba043ba8207a6df9
pm:vm:photonmelodies11.rio.004:874373084:00129020:00773,cvm,………………………………。<01>,[],layout_only,65286ae940fe82e427436b762e00a4b043f20acb55804535e507c56407feb440,4b9a305fae71661ee98f0fc0e96494d9ab9431e3da7611fc609e9d10c9993131
pm:vm:photonmelodies11.rio.004:874373084:00129172:00774,cvm,【武】「啊啊啊啊啊！！！」<01>,[],layout_only,33db4fdd3acfd62078b6645c73c5f8438c4dc1dbacdabc4bf989238366621a93,24727b45f735f130907dbc44da3114b275110920551f7840f8b22e8cafd581d8
pm:vm:photonmelodies11.rio.004:874373084:00129228:00775,cvm,【美琴】「怎、怎么了——？」<01>,[],layout_only,a205103292cc3a48a5fc447b9ec9d0f41fba86f7da7df558738fe870139139d5,5f73d175fa8ee7b0b8df0bc999e2467d4914f95e76ca62b53de248019104f3ba
pm:vm:photonmelodies11.rio.004:874373084:00129272:00776,cvm,【武】「班长！过来一下」<01>,[],layout_only,ad1e0534752e36f42d7be2ec5df33e12585a3c4056488aaa6d3a809d227da581,bc1d99f850356115955955fff48a24eec6808c2a786452fad8d29e4dc6df8a0b
pm:vm:photonmelodies11.rio.004:874373084:00129640:00777,cvm,【千鹤】「干嘛？」<01>,[],layout_only,a2e468d43529c6090cc6e6fff13c2cbec90dcca5adc59f21b442254059a95a22,719986e11502016571026b5e1da6024902fb8eed3f9b0bf1f52d887eb93f52ac
pm:vm:photonmelodies11.rio.004:874373084:00129712:00778,cvm,【武】「换人！我突然想起有急事，后面拜托了！！」<01>,[],layout_only,263d0ef5b8aa28fbefb5db1498f8a025402c8c370b7ad2c4b617c0c099abbd0b,e330e01b390b7df302d257e89dcc988cba41296238e089deda7a0e08802a5418
pm:vm:photonmelodies11.rio.004:874373084:00129944:00779,cvm,【千鹤】「咦？」<01>,[],layout_only,a9c95223a7f3c2baa6c444192c72a6cdf12adf82f657fe497097b58b49d250c6,bc6c4e51392781f5f8f5780c4dd4bd7f906d740a96e0eb0889a1b66399e5fcd3
pm:vm:photonmelodies11.rio.004:874373084:00130096:00780,cvm,【千鹤】「啊！等、等一下～～！！」<01>,[],layout_only,12560bfcda6cea3feaff4b9f43891d18d2e1077ca86492d07de6dbc00265affc,d7a5cd624150bd1189e9fef8afb15e70e1313c20ae75008e53c36e5a80c2b80f
pm:vm:photonmelodies11.rio.004:874373084:00130400:00781,cvm,糟了！糟了！！这下糟透了！！！<01>,[],layout_only,773bd22cff29276d6c11e68ded212ad4e52c86ec10186139750a4b1ba05ebdf1,2cc8a0bbff55994606dbc1021a275fd9e33bceb604106246e885018c41d9766c
pm:vm:photonmelodies11.rio.004:874373084:00130444:00782,cvm,我不是和速濑前辈约好见面了吗！！<01>,[],layout_only,b1bfa90f6b6921b2363f763c6e365f46f0c3363e16b387a32ad6771c523f6332,51964d7faed61c74942e73d56aad0f7c6a763fc78d641b22f71dd54b6608693e
pm:vm:photonmelodies11.rio.004:874373084:00130488:00783,cvm,赶到那里要多久啊…………<0A>大概要迟到十分钟吧…………？<01>,[],layout_only,282f51757c77eeaf19ee03a12a326282dafc3ab5a9b17c0f9162bdc7b312be5a,31352ae8eb07097476a4affe06ff826d2a480b23fcb09179696e030cb900df10
pm:vm:photonmelodies11.rio.004:874373084:00130532:00784,cvm,哇，真是的～～～！！这下绝对会被杀的！！<01>,[],layout_only,7a28d7955527bae49623811e5d8df1606041189427fc8be1a5efb999ec230b16,c1051489e4e07a1c55d39ea484dd931c005559f89f305070f9e3dd4593e83086
pm:vm:photonmelodies11.rio.004:874373084:00130576:00785,cvm,到了以后，要不先来个滑跪谢罪？<01>,[],layout_only,f25a9cf801d4cd5f33794713188ea4eaa52261a09f542adb471b1ea2634ac342,1f18229c31c3c413dd3dd449069821d20a12403a877be96495c1ef8a9ac74a81
pm:vm:photonmelodies11.rio.004:874373084:00130620:00786,cvm,…………希望这样能得到原谅吧。<01>,[],layout_only,2c4560e2a7f19d741f701a5582d2e2b5652a59454211e320d77b0f87ff307720,3086cc9f26ecc804354edcf03113c7c0eaae34be033b5b137f06296ea514cccc
pm:vm:photonmelodies11.rio.004:874373084:00130872:00787,cvm,【武】「呼、呼、呼…………」<01>,[],layout_only,b4f30940a008b440d2bd124b53e9a9d0f79b22f4e116973b219d1ef725381dfe,25848e2f0238446aab78d1af637f6f2ef122a4493fcf27dad198952ed4e24a1c
pm:vm:photonmelodies11.rio.004:874373084:00130916:00788,cvm,…………速濑前辈呢？<01>,[],layout_only,535227dc430f867362ee023f63f11d49721d7abb9f3d16574391ab57a4f52ad9,5d591e16b843e0b8a595844e024879f6df40490baa40ba5df5d2e975d6d86c31
pm:vm:photonmelodies11.rio.004:874373084:00130960:00789,cvm,……………………嗯？怎么回事？<01>,[],layout_only,9c2234a023a861331c60698dc86aebe92dade8a2664119a16eae902f409ca766,c6063d237dc5d4f3e21af9719df48817785318503cbde45e4f0180b081641de0
pm:vm:photonmelodies11.rio.004:874373084:00131140:00790,cvm,聚了不少人啊。发生什么事了吗？<01>,[],layout_only,6fd7c259bd088de903d7adb5c56822927c6f34f44e8750194fb28e02d0cd5d06,a7953034764c532f01df20c888c74b6b58bb5940ead90de14cda139906c4de1f
pm:vm:photonmelodies11.rio.004:874373084:00131196:00791,cvm,【声音】「喂，快看，那是什么？」<01>,[],layout_only,debe8c4678ac98f800a9088c8158009ca141abdf145a877441b3dc9fe0a2da3e,393a662a5c5e1375800f965fdd588d0a593cef92a6282b41bc5e2e34fd5ac927
pm:vm:photonmelodies11.rio.004:874373084:00131252:00792,cvm,【声音】「哇…………这到底，是怎么回事」<01>,[],layout_only,175684985f162da54186b4398398adb7a7d248b2b3458137c2a2d81265fb2e2f,a98f31bfec634d53fb978cb8a591bf93ac664f84b962f0da8370a960f83db5a7
pm:vm:photonmelodies11.rio.004:874373084:00131296:00793,cvm,算了。<01>,[],layout_only,97f9eff955ef3221dbffd9643587597e6a3faf3cb914fa72e6ebc8ae5388a1dc,98222e89efbd7a7fda83e4a97b6d6bb24ebc7c5448c9b68b73fb3cd91d23f8c7
pm:vm:photonmelodies11.rio.004:874373084:00131340:00794,cvm,比起这个，得赶紧找到速濑前辈才行！<01>,[],layout_only,476f77ca2561e5d22dfd506f3106511d6dfbac975aeecdbf5a63340f85e0ac30,0917d51e8bfbd00ede40a4659a0abdf8d883254f62437e041099060a7f094d4f
pm:vm:photonmelodies11.rio.004:874373084:00131656:00795,cvm,【武】「……………………嗯？」<01>,[],layout_only,18bb2affc1a60d72f5c7b450d156fceed91926c81a520acd9f0464cd42094690,b99be8d3305499fc89035cb36854ce730291c817a8a0fca8f9114cbbf41494a1
pm:vm:photonmelodies11.rio.004:874373084:00131700:00796,cvm,那是什么？<01>,[],layout_only,a57c6040bb9d33f1f39b0ca819f3c7be23e8eb8e2bea8926179a4a14dd292bd1,f274e656e2d388b77200275955d630339ec45a989a7d692b4c2982237c065d88
pm:vm:photonmelodies11.rio.004:874373084:00131744:00797,cvm,到处散落着各种东西？<0A>哎呀～，连树都倒了…………。<01>,[],layout_only,b55c685153bcacc2b6865c5c4243752c85445b95fdb2fb355129a63d7010ea18,6f73d72657ba1be112f64ff77450ba6563463917299705b692a4fdf0b2293d32
pm:vm:photonmelodies11.rio.004:874373084:00131788:00798,cvm,看起来，像是发生了什么事故。<01>,[],layout_only,58df789e1db31971690fed6f9d23f79e25de685ec4350705a3f36b63e70c73f6,30b8ab89a7df9e46ddd59bab85a8229ef68ee624d68344c857a4511848bfe1c1
pm:vm:photonmelodies11.rio.004:874373084:00131844:00799,cvm,【声音】「喏，就是那个！你看你看」<01>,[],layout_only,ba322f197fee73daf784dcbfa13d6ecfebd0ac08abb64687b0a0838c26d4bb22,dbee3970c10e5cdc8c7a66c2e2524bc573fd57a118280d19dfab577020b0081e
pm:vm:photonmelodies11.rio.004:874373084:00132036:00800,cvm,【声音】「她是在等人吗…………真可怜啊…………」<01>,[],layout_only,69e06f41d9166f9c0a4e4177bff92b42464db7f75524f296d9baf46333df0dd0,61871a55d5c0fbc77c3afeedbd092464db00f2162ae86c5c24b2e0d54ece4b9d
pm:vm:photonmelodies11.rio.004:874373084:00132108:00801,cvm,咦…………？<01>,[],layout_only,d7e8735ab8ae8c54388ae8ec161b64c7872d2aa5ff37190e03b7fa33547be3bf,c12ada33a831e0fe0604e9458f33b8818aa50788767572637e418a4f54bad7f1
pm:vm:photonmelodies11.rio.004:874373084:00132204:00802,cvm,…………。<01>,[],layout_only,a8c0841fada26437e06edf4cc99a2f89302a31715e6fffabf09bae04dbbc9a80,8b9838ce3d87979c99406185b29994e51c8853c86ecd9f0c3a80843c34808661
pm:vm:photonmelodies11.rio.004:874373084:00132248:00803,cvm,……………………。<01>,[],layout_only,efa30788584cfea7ade60ccc37d7fc6cda943e64935eb133252c341159e58e05,0b3d7aae4004dc9b91522cf9245f879b48b6a3b3d3c28ecbba043ba8207a6df9
pm:vm:photonmelodies11.rio.004:874373084:00132292:00804,cvm,怎么回事…………这种…………不祥的预感。<01>,[],layout_only,b9c474fb6abec232c0b7227bec5cc2a9f4f4839111ba4a3b85135ff3be11a879,c38ce1d8b50643c063f903416916645253b32f5ca84aa491009a2bd8ffdbc1a0
pm:vm:photonmelodies11.rio.004:874373084:00132364:00805,cvm,…………速濑前辈怎么了？<01>,[],layout_only,78cb6b169a55b1601df4f477d5a746af8db59c0d6a8eba896a40d09600477354,0419e6859a17082665a8e26f589a23428358df7f6b0a105e07ddd1d998457fac
pm:vm:photonmelodies11.rio.004:874373084:00132460:00806,cvm,凉宫前辈呢？<01>,[],layout_only,7c4618149e5fbddcfd66240335425cd0ca1ea4e476e65903480d8147ac3037fb,0e818b73bd7396a68c3a49a1f0c8751e9f2b243182c80d5bba3ed6fc3095a7da
pm:vm:photonmelodies11.rio.004:874373084:00132556:00807,cvm,她们两个…………在哪里？<01>,[],layout_only,b19e1a07d55093c872de542d009958ef63b2a0398f6abfe25863f42b5645cf9c,2167c1a8498772ab0c2f22bc7b4be8420235316daa12fe6b0044783d961fba10
pm:vm:photonmelodies11.rio.004:874373084:00132652:00808,cvm,前辈也…………迟到了吗？<01>,[],layout_only,6295aebdcc6db0a1c71b04c3768da7fb64c32fe7c82a083ac0ca65e4a3a4b4a0,ff4144e46702cbcb4b7acaee68673c68fd69434b42230de98d7c90a9b4ccd024
pm:vm:photonmelodies11.rio.004:874373084:00132732:00809,cvm,【声音】「那可…………不得了啊…………」<01>,[],layout_only,39d5a3125a84edc21239bca48b0a4c29901205ef7bd6d6f00e27eb64a75a307b,90c0029a068b49b6a9d5cb8063d29274cb1d827a5b812eecca4b7ef715b87af0
pm:vm:photonmelodies11.rio.004:874373084:00132816:00810,cvm,【声音】「已经没办法了吧…………」<01>,[],layout_only,d5b7803a597efb19cab44a732c15b62e92783fe964c35815a699904d68fd0c69,554d338ecd46ebc64fc216c984c38544d5ea69c42820adf7f38ce822edd7d5e1
pm:vm:photonmelodies11.rio.004:874373084:00132900:00811,cvm,【声音】「这种事没什么好看的。好了，走吧」<01>,[],layout_only,62afec94a5cc811df1e3c9bb4995e197f503847a20804b49879d13e907c076b9,abc0af6f4d84ace30f4f609743a7d3c1acad5493d39875aff97e36989991753a
pm:vm:photonmelodies11.rio.004:874373084:00133024:00812,cvm,…………有什么…………有什么不对劲！<01>,[],layout_only,f1aef85ee2d1e4cb2560d0556c5dae3cf04810849b54c6cef97aff2425d29611,949976fe50f2d05957f66a2a50ac4c09a8e30f4898227fe2a0b375c13a773c79
pm:vm:photonmelodies11.rio.004:874373084:00133068:00813,cvm,怎么回事啊，这种不祥的预感到底是什么！！<01>,[],layout_only,ca980d9f6c5eec879abb224791d2d1886a35041495b00b4053c08026ac1257a6,d89ceba1f7fb0287b6352105ec9543eab6af85d4e1525f576453c6443a36712f
pm:vm:photonmelodies11.rio.004:874373084:00133248:00814,cvm,【武】「借、借过…………不好意思！！」<01>,[],layout_only,d4703f6fbfcf3e0621f362f23a30e0f5bfbddcf38e662fdcfcc7c3003bb56b7e,9c14f2625510d15c312ff91a49fcb79bbd33bdb7195b99c0d65f576fc054404f
pm:vm:photonmelodies11.rio.004:874373084:00133292:00815,cvm,因为…………这里可是受到全面管理的地方！<01>,[],layout_only,284e14aa27256f88a6b2d13028f2f26dc6025297b69a7dc1b36ae63c2fbd8482,fac8a6281be663f05ffa01318d6fbea4df45fa75a13b5e7693501ac07b5e39fd
pm:vm:photonmelodies11.rio.004:874373084:00133336:00816,cvm,又不是普通的城市啊？！！<01>,[],layout_only,8a77392b2fc02ef9bd4dce4eca1279d69dd527e28d62ba07483f2e4bac903cb5,812f6f252963129a28579a21aa7adb705b7d63cf2ee8a5ba6ec69c1bd1a27275
pm:vm:photonmelodies11.rio.004:874373084:00133380:00817,cvm,可为什么——<01>,[],layout_only,ea569a033eb1a84d7c4e09671b40514d6664c08b46ce3c7a12cece1dfe98b861,5a8df4029649cadf65e22a509d9df1b71608c51197d2499c6994881ffaceb9fd
pm:vm:photonmelodies11.rio.004:874373084:00133424:00818,cvm,到底发生了什么——<01>,[],layout_only,a4e4698df9244497b4c8b4100f93cbf53221b7b14a6cc51e4c171b771c9d0e17,85ecbb8ac85b8cb14b1a22a2c8c82f94cfca97348f7c7e34acbca82d7b6875b0
pm:vm:photonmelodies11.rio.004:874373084:00133468:00819,cvm,这究竟是怎么——<01>,[],layout_only,e015f7118c50ff2d54cc3ed9103793461873414cbc13852fa89a3c2377ff06f8,7a49ad05e3a6a81c78c5a13fabd7218987a81547dad567320fca724f182573a8
pm:vm:photonmelodies11.rio.004:874373084:00133552:00820,cvm,【声音】「水月——！！！」<01>,[],layout_only,9bf6e2b57a56e124c32520b9efbd45f36827c77061a5ddfe7450070c4094b529,54f47b34c52f0c6a07aaa579a5b99abf99fe7a9e0ab95acef4010cd0315fc6dc
pm:vm:photonmelodies11.rio.004:874373084:00133732:00821,cvm,【武】「——！？」<01>,[],layout_only,145c5635753b0515bea8f41fb9a7ce7cc60381f800aad0b47d52d12ff17342de,d77f4922523c3190cb2db92fe7bf74539d45e3c8b2f41732c60d0241e2f1a214
pm:vm:photonmelodies11.rio.004:874373084:00133776:00822,cvm,——凉宫前辈！？<01>,[],layout_only,0c8941cdfd53b1d981693a2960a0d65e399818c4f5fd255b4c779027bb1ec600,24ba030a1695d39201481302ee9784e169f9edba6097086ad8b030725cbb116d
pm:vm:photonmelodies11.rio.004:874373084:00133956:00823,cvm,【武】「前辈！前辈！！」<01>,[],layout_only,a6c1c5a6cb33df66bed994ed9cff427659e4615eb6e22bd6c8af92dd56df5960,218b5774ec630ef645c10be19f7fa4047e8e9eb2ef743a611eaee83748234cf2
pm:vm:photonmelodies11.rio.004:874373084:00134012:00824,cvm,【声音】「咦…………？白银同学？<0A>白银同学！不行！！别过来！！」<01>,[],layout_only,bc454aca72b4b21f13354e455ff5533475d2c5e6552faa6e04498634b520c02e,f5a707f0012d64adf18d11b7983c37fc8833b8947e026582d4e92b6b4e9bee66
pm:vm:photonmelodies11.rio.004:874373084:00134056:00825,cvm,到底发生什么了！！<01>,[],layout_only,b80b6f70863bdf75cb6d3723eb2e57f79b73e76d7d8f152133d546c26d52841a,f7649fbc8f121b37fdd371214394a8186c32d6244bfa445e38d34222abf0d1f9
pm:vm:photonmelodies11.rio.004:874373084:00134200:00826,cvm,【武】「前辈————！！！」<01>,[],layout_only,5b0d9acd74d16f86e12c6161920702853ec8d7127c90dc698af18bd6befae310,45ed2564839667d3231d6dbda2f75507300bd691fe5f87c8d00a8f3341f5328d
pm:vm:photonmelodies11.rio.004:874373084:00134668:00827,cvm,………………………………咦？<01>,[],layout_only,691c67e3dfa83a3edbe3fbf95566a5a8a9ac437db0e89ccd7f28ab9ae955d068,91af002d75c4d2fa3b8884f5fcab42bfd083a820e13d1282ffc8882c11fe3cdb
pm:vm:photonmelodies11.rio.004:874373084:00134904:00828,cvm,【遥】「白银同学？！现在别过来！！」<01>,[],layout_only,ea0c375f4378becaf1056e7fb83fee6b0466380cbf6309424829c5a02ef7325b,cf4ce44c1cce678c29595d82c93930b0bd86c30643f8c15559c7beb6349e2d3e
pm:vm:photonmelodies11.rio.004:874373084:00135556:00829,cvm,【水月】「白～银～～～～～～～？？？」<01>,[],layout_only,fd2fe67349d8b5f3ed559b1c8bcf70d5c1a51d0da22461c0345ebd1ae4ad35da,3f975fae773861557420879a546731b386a6edec1a224f3640e5eb027bafcc77
pm:vm:photonmelodies11.rio.004:874373084:00135628:00830,cvm,【武】「呀…………呀啊啊啊！！」<01>,[],layout_only,f758346a8a1d4d4f42abaf70e18281ed1b0e9360810a579efa7f1caabf5edad6,078a6cf01a00d26a127539b7e54246b7a211ffe28ae88abc4a1611b21d4db036
pm:vm:photonmelodies11.rio.004:874373084:00135684:00831,cvm,【遥】「水月，冷静点！冷静点！好吗？好吗？」<01>,[],layout_only,ccff878b0a179f3cb6af1b66a043ba8c7b6e3af41be00cfecec685fcf9b65ed1,12614a2a8c257f9da000a13fc668145169d041ed3ef2bf78bd7aededd1186ca2
pm:vm:photonmelodies11.rio.004:874373084:00135740:00832,cvm,【水月】「你～～这～～家～～伙～～！！！！」<01>,[],layout_only,f8291ff7e8efd9e45281b1d9be1e15b97dc5cf176981ecd9330b8e9c36d89894,732de2c445b5a6c6365a9ce37f6a6f9711f74b4e5dcc0ddfbd632388e8e304a1
pm:vm:photonmelodies11.rio.004:874373084:00135796:00833,cvm,【声音】「这是怎么了，怎么会变成这副惨状…………<0A>发生事故了吗？」<01>,[],layout_only,798b0b5cba64936be1804d0814fa3c6085e2abea8f8834ffc8cb39c227d87610,c6a8d103e4ce88391018d06e1982669fdfba780c3c92290ff4264f27fa54b120
pm:vm:photonmelodies11.rio.004:874373084:00135852:00834,cvm,【声音】「不，我也不太清楚，<0A>好像是那个女人突然大闹起来了」<01>,[],layout_only,d0d52c321efdce5e6a678b5443dea2aa4ac7ccbc508500e4e832994b4dc3930d,b5d56d31b50e036dc1c4860eaf9e0111a5435e0fb00a6c03a1f15fce953d16f0
pm:vm:photonmelodies11.rio.004:874373084:00135908:00835,cvm,【声音】「听说是约好见面的人一直没来…………」<01>,[],layout_only,f228b4645b37b9f37175d42eb50064f5573ff0fbe9d8deba74747d738836b4b1,5153e10ba0273b7d57e98750fb0df5819af4f3711368a693a3cd6d9161aa45ba
pm:vm:photonmelodies11.rio.004:874373084:00135976:00836,cvm,【武】「那那那那那个！！速濑…………前辈？」<01>,[],layout_only,56a282089a7b2c746ef9f2cbdaecf404e53bbc35daf50079b5b8bd3faf0a5291,8c486e02cf8834fc70b3c13744a831b341b9e0e297ea360fda85a18764070fa9
pm:vm:photonmelodies11.rio.004:874373084:00140264:00837,cvm,【水月】「你让我等到什么时候啊，<0A>这个白痴啊啊啊啊啊啊啊！！！」<01>,[],layout_only,3a4b546746234903466601d6c4666adc9667307bb0efc71d3af267210aaba35b,e79405f7457fdb69d5642d54b21c0d8441ee4385f9517491f8afbc175eb7bf7a
pm:vm:photonmelodies11.rio.004:874373084:00140308:00838,cvm,【武】「呃啊啊————————！！！」<01>,[],layout_only,65631ec6018b387dadf6bf2cae7c287fe601cd97c2e1977af09ebe3c4df943bb,61a07cc456ee7f04b25f195ba91c188d659ed59d4378548dabd9af3d7fe5c004
pm:vm:photonmelodies11.rio.004:874373084:00141276:00839,cvm,【水月】「真是的…………小心我揍飞你！」<01>,[],layout_only,8b4e492e3aa81c13ea5195f619d0e38fec99e6614e3d5472b87b05139f3b0510,3aca53d08248cb81f64db4e888813d61c4efbf1b3ec9cecaf2a976b86739593f
pm:vm:photonmelodies11.rio.004:874373084:00141344:00840,cvm,【武】「虽然这是老套路了…………<0A>但我已经被你揍飞了」<01>,[],layout_only,7d598defcc49b902f103ad5162c8acd503f807b76d70e984efe55b107b4a0a2a,3dffbe5e8a6c1d73396e9b7e63968191c58fca875b527c45ee12ae8b32a6fab0
pm:vm:photonmelodies11.rio.004:874373084:00142156:00841,cvm,【武】「疼！」<01>,[],layout_only,16636724d5a0aff44d00518a2e94b5dffbd9b53187ca098217863ef3202b1319,4fc8a6ee70c22ffeadb63057d555a2ecc683e90e8cd0356566148c05f10607c6
pm:vm:photonmelodies11.rio.004:874373084:00142692:00842,cvm,【水月】「嗯？什么？我没听清～～」<01>,[],layout_only,33fb142bb999636090964a1780af0fd6ea13b8f2fd94d0af0d81bf4f4d99c383,589277324bc58e26c04019d7bbbbd8d502aea4c02dbb7ed07fbef90481e224f7
pm:vm:photonmelodies11.rio.004:874373084:00142760:00843,cvm,【武】「啊疼！好疼！不、不是…………<0A>疼疼疼！所以说…………」<01>,[],layout_only,5b870eab419d475457d53600ad3780e0f4dc8383ba5857ebc81bfbe7a1818a28,5dbe01459fc79f129ab47bb3642c341712aa372edcb987522c594a2f09b1473c
pm:vm:photonmelodies11.rio.004:874373084:00142816:00844,cvm,【水月】「嗯～～～～～？」<01>,[],layout_only,7ead53ec08b7dc8a4b4a738ccb2f99ffaa2a873d5fa026cf79b7efd122090d7c,29c92ee3049163a2df6ad0af9cd9501e3765a87f1ff5c905d9c2c7fea1b360d3
pm:vm:photonmelodies11.rio.004:874373084:00142860:00845,cvm,【武】「不，那个，真的，非常抱歉，<0A>请饶了我吧。我是真心反省了…………<0A>这可能是我这辈子第一次这么深刻地反省」<01>,[],layout_only,7d90a1d4366350e556d9092be50f7c8e75176ea3232287612feafb6a65564625,c4375cc5bcda5dec94db9f71472a2944db2e5f23cccdf0728bec466c7f576077
pm:vm:photonmelodies11.rio.004:874373084:00143224:00846,cvm,【水月】「居然让女人等你，你到底在想什么！」<01>,[],layout_only,d4e3a3904f50b529420384f698de4b32d37d0277b5811d13b3bb7bd59f26f49d,4aa24d55e27b45df08067d076f6f7ee67c25c13b0b428c4a6707d244872fa47d
pm:vm:photonmelodies11.rio.004:874373084:00143404:00847,cvm,这副惨状…………该怎么向悠阳交代啊…………。<01>,[],layout_only,310beaaf1c2af19bb260141cc3b92f6ede20dcc44c01ecbe4d8330de2a269361,12a6037c613ca42cf101cf1839b88672640cbf7c3f1cf9825ca2b1c82bfa2e75
pm:vm:photonmelodies11.rio.004:874373084:00143460:00848,cvm,【水月】「算了！快点，没时间了，走吧！！」<01>,[],layout_only,6a0ffa80069c03fd25ed1e9c3d16a6967ba6252e5683229b53aaf6ade1c0ee4a,e0eb1436952be35e3806feabaa098d56c421859ace2ff383182a46873072afa5
pm:vm:photonmelodies11.rio.004:874373084:00143640:00849,cvm,【武】「咦…………？去哪里？」<01>,[],layout_only,1c41daaca30929cd98723c40bafb65b4a9483f64485024bef2db505fb4ba458a,a922da038f613078e7c9bc8acad619c27eaa0a8b9aa8114d8cb566a3e1fb70b0
pm:vm:photonmelodies11.rio.004:874373084:00143696:00850,cvm,【水月】「牛郎星海滩！！」<01>,[],layout_only,b92aa95edb49e64a53713c3aa7507580271910894e1e4c858bdea1dc47b5bcce,4c0703117d4820fb10f3ceef9246cc403bcb9aa3c59b005c1d78201546268488
pm:vm:photonmelodies11.rio.004:874373084:00143740:00851,cvm,【武】「牛郎星…………海滩？」<01>,[],layout_only,977a246ecd51e5195b5ed60ccb7b47d2be2c50dc4dda46eefed83f45b08f1049,4bc8cda400714d525d3f26ead6110d97b38df37fe9186924ce619cb80251a589
pm:vm:photonmelodies11.rio.004:874373084:00144104:00852,cvm,【水月】「不是说好要做点‘好事’吗，对吧？」<01>,[],layout_only,36f5620101437c7b8ad8c2442470b10c93928cb4b37386aa6176388861fe971d,cdf061dc0ea7816b031568a21dbe21195b89643dd191a28f426dc9b92aebfcfa
pm:vm:photonmelodies11.rio.004:874373084:00144148:00853,cvm,【武】「等、请等一下！可是那里，<0A>正在举办沙滩排球…………」<01>,[],layout_only,72e70661eb6ce02239876f3eb331bdad2c972b41c1671dcb749a0a15117449a6,d9a052699f6577fbecb5188e8460e6f80b076c39ab58346fdcba08139038dac6
pm:vm:photonmelodies11.rio.004:874373084:00144380:00854,cvm,【水月】「啊，原来你知道？<0A>那就好说了！我们要参赛！！」<01>,[],layout_only,eedf8588374d6dc464db9b951c803d7644ee1e1b143e59b3073bfa274a196cea,174c4acd47d163611b8239abaa8095c744a8d0a1ff7815dc7dbbc854faeda6b6
pm:vm:photonmelodies11.rio.004:874373084:00144424:00855,cvm,【武】「咦？」<01>,[],layout_only,77e63d069d95aabd948bf49f0d1875e61a92335dbc417006761d81674ec8c185,b55249e3c0ee06935938d08a2f8a65d886e446dd4c309f96d3566d3e47b2f343
pm:vm:photonmelodies11.rio.004:874373084:00144480:00856,cvm,【水月】「拿下豪华奖品！然后，大家一起平分！！<0A>这样你、遥、我就都开心了，OK？」<01>,[],layout_only,92fa6908c359e170470f4f48db524338287d633446843d10421f6946620d4899,5bdae856ee0e65504654f65eeed121babda10b5462e88ba005cc5b517e8055d5
pm:vm:photonmelodies11.rio.004:874373084:00144524:00857,cvm,【武】「等、等一下！前辈也盯上那一亿日元了吗？！」<01>,[],layout_only,37da4836866678e7ce81edf0bac3f417a012ec3cf0e1db65b2072082679fb606,43d0ef371797b0d6f32d8ef70e3e0a5e47d51725e77aa327f18ef06bcf06000c
pm:vm:photonmelodies11.rio.004:874373084:00144888:00858,cvm,【遥】「咦？一亿日元？」<01>,[],layout_only,4d153f5fc7e99a508eca21d3166119a79206b2beb77e612af517092d4b6f8dea,a29a140c8999baa22fa0edd3d37348c15995eac6fd1753ff137b3829188cd9de
pm:vm:photonmelodies11.rio.004:874373084:00144944:00859,cvm,【水月】「不会吧…………豪华奖品…………<0A>是一亿日元？！真的？！」<01>,[],layout_only,40cfde7f88d70ddeb248e1a28da7fadec30a9ad14ff14aaf97abd888422431b7,b390f2e6212f3d985a223cb7b2879f6b4ca6882a867bcba60f1572c499ec7c0c
pm:vm:photonmelodies11.rio.004:874373084:00144988:00860,cvm,【武】「是啊」<01>,[],layout_only,149f366f11b6feb52b0d3150cf46a4898f6a120335bb12678607ce5b6d90777f,a2d21911e08b36a25fd7b0b58b8daea4594554a33a3ceff7f29da42947f0d262
pm:vm:photonmelodies11.rio.004:874373084:00145220:00861,cvm,【遥】「…………不过，一般来说<0A>那应该叫奖金吧，对不对」<01>,[],layout_only,681e0d368e550bdc07fb21c7a0503f71f70b21b9c3aeb821bb2a2c2d8822f546,bc760b8324469ec800e555e1ef285eededf00b93506b38a0545fe517b4dafe99
pm:vm:photonmelodies11.rio.004:874373084:00145276:00862,cvm,【水月】「什么什么！咦～～～！！<0A>一、一亿日元到底是多少钱啊！！」<01>,[],layout_only,f4984cb128ce7755ebc556f57b664ab004830f744700e35b41d4c2094b398534,d983ada938072dae25870087d9d3378d8c148c7e070c36100adbdc00e3c96632
pm:vm:photonmelodies11.rio.004:874373084:00145508:00863,cvm,【遥】「一亿日元就是一亿日元呀～～」<01>,[],layout_only,961b259e4081463acce75beb342c6de69f10e8650afa54185c6bc0275f382a28,7e03fccda02c0e41a8f3feda909ef8522bde8c489f8f43a72207460148b38394
pm:vm:photonmelodies11.rio.004:874373084:00145552:00864,cvm,…………哇，和我当时的反应一模一样。<01>,[],layout_only,3612f7808459de20c5111206422f9ab66fc5c4bcb3cc2875835805dc94c6cfc9,fca748152f04c3f3e255aad2b43e1a23136c4f7cbe9f1cad60173f6cc2e9a737
pm:vm:photonmelodies11.rio.004:874373084:00145916:00865,cvm,【水月】「……………………真的？」<01>,[],layout_only,6efc1cc4f61ec6a5a90faaa4944631cf5a2f463a710e2af944070695c3b737f3,d0a41b85556bcaa22f94827b94a99848209a2caad189dd86abc1ddbe85d4f9de
pm:vm:photonmelodies11.rio.004:874373084:00145960:00866,cvm,【武】「是的」<01>,[],layout_only,6e73ab50e0cc4b4a1139a1c7c07212fa53d56fd40d3b81538cb063ab5c95e25b,ccf10380c352b56566553130f0fba77c6b361c60d5f199822040648d4b1f9ae1
pm:vm:photonmelodies11.rio.004:874373084:00146192:00867,cvm,【水月】「……………………没骗我？」<01>,[],layout_only,98a7a7d66390335f58faea620d3ac9543693dea0e41706618eec2edb33df4ab9,02b0fce13ca64bcebfe9bc50f4502b87f78bbc5dbf0169dd3a708dc321291399
pm:vm:photonmelodies11.rio.004:874373084:00146236:00868,cvm,【武】「是的」<01>,[],layout_only,6e73ab50e0cc4b4a1139a1c7c07212fa53d56fd40d3b81538cb063ab5c95e25b,9c36f6eafe05eb36f382656a5e0b40b8c653ac7f9cf87adc8166261c3d1be991
pm:vm:photonmelodies11.rio.004:874373084:00146456:00869,cvm,【水月】「………………………………」<01>,[],layout_only,92365c55a371e53c67d360bc183c67b43d5ec328bc0588f6f9bebd4f19a44c95,b641f2b2039bd63bcf5fd727d47bd40600d534cf7d1d94912a94f67cec725c2a
pm:vm:photonmelodies11.rio.004:874373084:00146500:00870,cvm,【武】「………………………………」<01>,[],layout_only,4fab4202aec6247b809aa2fc9b873cc2da9a714827c1a197b435bf78f15a9673,6a17c608647a040376434d02fd50f1e4124a141fe417bdc98ba4d3f27bdee35c
pm:vm:photonmelodies11.rio.004:874373084:00146872:00871,cvm,【水月】「好嘞——————！！我燃起来了啊啊！！」<01>,[],layout_only,e7ccb6a986b8c627ed1219b07f48101dfd73f4911e88291350b428f47daf650e,520cb4e8cfa17ac2976f099975218eaef8ba5b6cca5e0abb7c55f8185a148814
pm:vm:photonmelodies11.rio.004:874373084:00146928:00872,cvm,【遥】「哇啊啊！！水月——！！」<01>,[],layout_only,6471aa3849ef68ac15d1940d8f2bf3b9a6bc3a3158414dc4c0ac9d22344dc87b,cade479c5c21d02452f89ffcd111ed63d44a64531287324262849e35c5b8ba5f
pm:vm:photonmelodies11.rio.004:874373084:00146972:00873,cvm,【武】「前辈冷静点！！」<01>,[],layout_only,e33569add75914920c73d52f4ac77084bafcd0eeec57028f6f35b351b3dd6a47,578d35af763bcbe59a7f39a109c35b9108172863fc599c5ca1cf8fe62619e547
pm:vm:photonmelodies11.rio.004:874373084:00147376:00874,cvm,——呜哇！<01>,[],layout_only,34a1a3ea27cbc9d48603d92ca8a04046da779ed022faebab6183ae63f09e204e,109bd71e70b095ff5ed74e96949a92817ba232043b8b8862ebf7de7e2fa758ce
pm:vm:photonmelodies11.rio.004:874373084:00147432:00875,cvm,【水月】「我们要赢」<01>,[],layout_only,731455dadd44cb1cd772a8cddd5eb281aec98709e42d4fced8bada58aa53c616,d47316cd9e08ccc773437db21068a4ff6c35f14c04949aefd03888d37f5d5582
pm:vm:photonmelodies11.rio.004:874373084:00147476:00876,cvm,【武】「咦？」<01>,[],layout_only,333419f29cb2b0d82481b70347b735590a34fcb7f491e16daf51771c2c092629,910f4f742add7f34031bf9360bdd42287146ce0587e00fb8e9188e4dc336b4e1
pm:vm:photonmelodies11.rio.004:874373084:00147532:00877,cvm,【水月】「绝对要赢！！」<01>,[],layout_only,02dd5e6b1fabba6b6d710c0230bae5cc6edb526562903d0bfb129bbdf200a864,920b36a2953725e3fd795ea80742e1cfe1d6c21d19d65b53df98d8270ce99ffe
pm:vm:photonmelodies11.rio.004:874373084:00148044:00878,cvm,………………………………。<01>,[],layout_only,65286ae940fe82e427436b762e00a4b043f20acb55804535e507c56407feb440,0b3d7aae4004dc9b91522cf9245f879b48b6a3b3d3c28ecbba043ba8207a6df9
pm:vm:photonmelodies11.rio.004:874373084:00148668:00879,cvm,…………这下，是不是糟了？<01>,[],layout_only,b8149649feb96f53427b15a619369815e050e8d74f22c39ae58bb5f4e30bb3b7,54f92775a2a6b13f1b9627731b2a414739d49914effe4ca7f8737c134f6f979d
pm:vm:photonmelodies11.rio.004:874373084:00148712:00880,cvm,简单说就是那回事吧？<0A>前辈本来想和我组队争夺冠军，对吧？<01>,[],layout_only,00642faed94c9ba1647f261008087217c0a6af7ad49f67a585c3a016761bd512,b92ea3aad9a188e7ff376a34a1024bdb0302ac28c0ba0323e386d490192c8695
pm:vm:photonmelodies11.rio.004:874373084:00148756:00881,cvm,……………………这个人真能做到。<0A>该出手时绝不含糊。真到了关键时刻，<0A>就算没有我她也会去干。<01>,[],layout_only,df9f7b94a0c24cc5bd63ba1a6f89735942a66fb988e6977d40cf8f20b7d0782f,cfb61a1df27911345f0e2352c8cca14afb30c3ccaabc3af25f56f10f68ba0531
pm:vm:photonmelodies11.rio.004:874373084:00148800:00882,cvm,和前辈组队报名确实很有吸引力，<0A>可现在这么做，我肯定小命不保。<01>,[],layout_only,4bb2c826f1c916884c091f090d975a6392e55483f1e1cafc905e19f84fd3a35b,55b4c09531bfed751b9d7983eb2fc59ec153ab4b318557f902594bda5752938b
pm:vm:photonmelodies11.rio.004:874373084:00148844:00883,cvm,也就是说，我不能和前辈组队。<0A>换句话说，前辈会成为敌人！！<01>,[],layout_only,224cbcb5f4fb2db9358e6f163f25b2997b1eee7c2ddebf3e6dd7e3585f5c14ff,f9db312f845f98c47c15b38eb340a7118cd810337e42797004a24d4c20f9284f
pm:vm:photonmelodies11.rio.004:874373084:00148888:00884,cvm,对我们来说最大的障碍…………<0A>就是速濑前辈！绝对没错！！<01>,[],layout_only,8fc2ffb1ca47857f47ebe3d4580444e75717d57a4532bd45a94277b9188d5981,7cafbe92e24c803b0a75ab38de158af8b68f5a86b5ae974e0e2abae01e5c27b9
pm:vm:photonmelodies11.rio.004:874373084:00148932:00885,cvm,这可不妙啊？见识到这个人的野性之后…………<0A>说真的，我可不敢保证…………能赢过前辈。<0A>一步走错，奖金就泡汤了！？<01>,[],layout_only,bfd99ed03c6da4f835dc22ea6c3d5eea6c0889ba333162396a228001bdce5afa,5606d754c32f0af9e1f47e36bba4350aff844fe0a4bb09a791a57b7ebba89a64
pm:vm:photonmelodies11.rio.004:874373084:00148976:00886,cvm,…………这实在是个无比棘手的重大问题！！<01>,[],layout_only,07c7bed2250f6d3ca83816a6c9b8f12ad592f0ea2c519094346754a722083f32,ea6acef8e6e3ad2a96af06fc41082451513230fe5f41f09c2f8ef26abefab40b
pm:vm:photonmelodies11.rio.004:874373084:00149020:00887,cvm,…………。<01>,[],layout_only,a8c0841fada26437e06edf4cc99a2f89302a31715e6fffabf09bae04dbbc9a80,8b9838ce3d87979c99406185b29994e51c8853c86ecd9f0c3a80843c34808661
pm:vm:photonmelodies11.rio.004:874373084:00149064:00888,cvm,……………………。<01>,[],layout_only,efa30788584cfea7ade60ccc37d7fc6cda943e64935eb133252c341159e58e05,0b3d7aae4004dc9b91522cf9245f879b48b6a3b3d3c28ecbba043ba8207a6df9
pm:vm:photonmelodies11.rio.004:874373084:00149108:00889,cvm,事到如今……………………<0A>只好把前辈拉到我们这边了！！<01>,[],layout_only,2ec30890f19e25b6383eda27bb08de148044dc8bc1f439f2da71f181d8ce4985,c08f4f04a948d8ceead10102cd6a46455ae317821df362707889470a1f77d862
pm:vm:photonmelodies11.rio.004:874373084:00149732:00890,cvm,【武】「前辈！我有个稳赢的办法！」<01>,[],layout_only,9c44a206c03257e8d9ad902e192dd6a651e681b862de91db92e2b6fff28da643,d382046d89dd776c508deeb9a213c7a9d16a9c8f96dc13813fa3971e7eeb9128
pm:vm:photonmelodies11.rio.004:874373084:00150096:00891,cvm,【水月】「…………咦？」<01>,[],layout_only,c7410638e09e7ecb323010f35cd609af674e747a442f7cfb3025630ab04a0d2d,69fbcb517358192f396e681949a1db035383a08659b0656b68ba76162c7c5bc8
pm:vm:photonmelodies11.rio.004:874373084:00150140:00892,cvm,【武】「跟我们联手吧！」<01>,[],layout_only,712f4e928dd7bd57e2f9bb8495e5537d6b32c6fffe1a35fda85b35fffd9bee6c,1d646d4661eca7b8825f9bade8e3f116a5d8ed67cfd040d149aa643d1172cc69
pm:vm:photonmelodies11.rio.004:874373084:00150504:00893,cvm,【水月】「我不是说了要跟你组队吗」<01>,[],layout_only,c030554cee03d9418cea9a6229656248339da3a651d906e83c9d6a544381a7a2,176552644a08354a06261850cf4a40cb679b497ec5e1dbe531bec7053f628b2e
pm:vm:photonmelodies11.rio.004:874373084:00150548:00894,cvm,【武】「不，不是那个意思。我们打算，<0A>用15个人轮换两支队伍。每场比赛都更换选手」<01>,[],layout_only,771e1a621620490646d2623903d5bffbb8429c2dd9afa32efd01bf4e7234f068,9761cef067ff28bb4e98b7081be2022967c70feceaea49eadd590cdcba6b9f31
pm:vm:photonmelodies11.rio.004:874373084:00150604:00895,cvm,【水月】「那是什么玩法！真能这么做吗？」<01>,[],layout_only,7720dee9423ec45aef2e8b793becac99dc94f2c3dc516a5ea346c1b7a3c3d5b8,7ad59ecc0a2cbbae0267c7d9024d8ab4b7fc6aaac079e67d76a11f22dd2ae4b0
pm:vm:photonmelodies11.rio.004:874373084:00150648:00896,cvm,【武】「发生了点状况…………不如说，<0A>只要告诉你这事和夕呼老师有关，<0A>应该就不用解释了吧？」<01>,[],layout_only,9391f16d3249ca28bc14241ba29c2f6115335e58728b306a12abe402a333f465,4ee22a7021eb0ac81a419f2bfaeb70a1c0fe6fd9f32dd23106926b78b61009b6
pm:vm:photonmelodies11.rio.004:874373084:00151012:00897,cvm,【遥】「啊…………老师又搞出什么事了…………」<01>,[],layout_only,f29bdc2bf10dd33e6fb58293bf9cb387cc651ada37f27bb3518f0424cb3c38fa,2896fbf17e939f4fed3ab74fb980d392123aaac761eb8c7903048f0c68374008
pm:vm:photonmelodies11.rio.004:874373084:00151056:00898,cvm,【武】「前辈，要不要跟我们联手？<0A>然后一举拿下冠军，稳稳把奖金收入囊中吧！」<01>,[],layout_only,b549462321e6ba36cc6652bc22f0c9edaf06e02268afb59e172da521414885f1,a2af53be5aaf0f60b26166b55952d42e68b9ee70a329f70958d54d522d741c26
pm:vm:photonmelodies11.rio.004:874373084:00151288:00899,cvm,【水月】「听起来不错…………我的份额呢？」<01>,[],layout_only,ed10df911d80cf22098d56a73ced972066f2c22b1945fe459f2a3dcf67df23e9,6afb88a6bd306ee8e6005fcc410d3c7b359a31e9c08170a9351d565f4ad999c2
pm:vm:photonmelodies11.rio.004:874373084:00151332:00900,cvm,唔…………问到痛处了。可是，<0A>这时候要是乱骗她…………万一被识破，<0A>后果可就吓人了。没办法。<01>,[],layout_only,02abe6ea219cf48f3c1d809035db8b1d42683e1efb18fbd87fa523627a15ad7d,a574728ecd0ac388822786a14a0aa16115409f50288bcd8ae41aa56a78ea4872
pm:vm:photonmelodies11.rio.004:874373084:00151376:00901,cvm,【武】「两百万日元」<01>,[],layout_only,f343946c24b696c183ab67171f16e5ea522d57e6cedae2ad42c5f328dfbbf6b4,ffe1eeff6f625155dbadd872eacf5a0c40b66a5caeeb4d31f0bbdcb76fa64ffd
pm:vm:photonmelodies11.rio.004:874373084:00151420:00902,cvm,其实根本没有前辈的份…………算了，<0A>把纯夏那份原封不动地给她就行吧。<01>,[],layout_only,b27dd3e5a4a88a46799d709bb2f8af2baa4ca45a144531aeab5b3d9f753aea08,b2313601969393981d4f33040f89c967f4116f4e748db1f0aca7a253258a3a66
pm:vm:photonmelodies11.rio.004:874373084:00151464:00903,cvm,凉宫前辈那份…………就让她和妹妹算在一起吧。<01>,[],layout_only,1f89743a9e7a18b5dab4e381d172171e0f33a6d291435b1b48710bfa97e9a4c2,a1639becbc3327be7828097623cfc5fe7b9c0ea9fbbc7d167e078ca9233504ee
pm:vm:photonmelodies11.rio.004:874373084:00151696:00904,cvm,【水月】「喂喂～。一亿只分我两百万，<0A>你瞧不起谁呢？」<01>,[],layout_only,d4ad506e866c6db265cc291ea6aed855d7c3e0a4daea44fe0b8154df893360cd,e0c340ab4ea7de3312565b06eaf9bfb5b2018aab9da3b1e34ee5fed69861dd32
pm:vm:photonmelodies11.rio.004:874373084:00151740:00905,cvm,【武】「可、可是！稳稳拿到两百万，<0A>和赌一把要么一亿要么一分没有，<0A>你选哪个？」<01>,[],layout_only,9bf177a5e31320e5c2728c9bc090e9e9f06e846960e5d072dcf8929966d6dc1f,c2614b30d1c341926837fc777db6aafeabfd35bcc9a74af127e2f74ad0eddcf6
pm:vm:photonmelodies11.rio.004:874373084:00151972:00906,cvm,【水月】「唔…………这、这个…………」<01>,[],layout_only,d47f790624a5b506a3ce012cbd1dc72edcd0efb0a394b4b2fa469bdad90b96a1,e5e1e0ad6c0fbe07a90f7115eb9d8d7940cc2927ffbade0e2eecf1415b9e4a02
pm:vm:photonmelodies11.rio.004:874373084:00152016:00907,cvm,【武】「要是跟夕呼老师好好商量，<0A>说不定还能再多拿一点哦？」<01>,[],layout_only,0350b7e031a8209ca0e55ced2a8b7246ac1458159b59c6a2d9052314b9f71dd6,b34333537df6d568853d2a9dbd5a000a1edfc385f5c367eda47fd0f2b14d71a7
pm:vm:photonmelodies11.rio.004:874373084:00152072:00908,cvm,【水月】「唔唔……………………」<01>,[],layout_only,8dd6d6c198158eae96e7de037b25a9e15437a4608c6b4dfb564c599984f1da08,b822c126f3bbcee6deafd84297a2cf59a63a67ff95a4f0457d43042232b583a6
pm:vm:photonmelodies11.rio.004:874373084:00152128:00909,cvm,【遥】「我说，白银同学」<01>,[],layout_only,bec057b4b638fb0e8d5a352e4c418950300fc06e7b062e8f404a145f0c5d2cdc,cff49407ae45343abe6a12a6376a996495e06973dd92d27bcea02d5be17bfa00
pm:vm:photonmelodies11.rio.004:874373084:00152172:00910,cvm,【武】「是」<01>,[],layout_only,6e73ab50e0cc4b4a1139a1c7c07212fa53d56fd40d3b81538cb063ab5c95e25b,1c31059277c51a88dec6d9dcd19d59ce3dbdbec8693974cbd6870cf70d4fa3ed
pm:vm:photonmelodies11.rio.004:874373084:00152404:00911,cvm,【遥】「可是，白银同学和水月，<0A>已经以双人队伍报名了哦？<0A>白银同学暂且不说，水月也能加入你们那边吗？」<01>,[],layout_only,cfcbe5360147ec7d2242241bdb0645f388337591e5e5f43b75c206019a60549e,730072bfa5bec48ab197107ce296258ff897ccf4cc7a04ca3a2c777ace4b3624
pm:vm:photonmelodies11.rio.004:874373084:00152448:00912,cvm,………………………………呃。<01>,[],layout_only,3778828cb6b1313076a4de5a7babdb3d6994c3bc878a85a0cd16b67e3cc89c5f,55c2c3caf975daf3922515dade7a898423c2069c58dd740ec93fc904923efb08
pm:vm:photonmelodies11.rio.004:874373084:00152492:00913,cvm,【武】「对哦————！！！」<01>,[],layout_only,40ff30e41d816dc6d7e4770332cc164676ab2c13f3d39aec17decd80cd102e56,7315391773d986ba09f041952ea9ab492291ebfd10dbf6bbc237ae9b90cd81d7
pm:vm:photonmelodies11.rio.004:874373084:00152536:00914,cvm,弄虚作假报名的，只有我们啊！！<01>,[],layout_only,200d4fd6a515a54029565694ceaf0ff4b822ed78730bfa04f23888d23d640bab,325ee05172d0e0af07e70aada7ac0bf7a6f5eb110fb761b474f3825950159788
pm:vm:photonmelodies11.rio.004:874373084:00152768:00915,cvm,【水月】「什么嘛…………那这样，不就没戏了吗」<01>,[],layout_only,0e0b993908e0b24a004c69abc506b53b307dd4a7ee0859b427f73af2831254e7,a7bbb14d284cb68a4fd54ae03aa8c241616b1a0470dcdc6f4c60a1f1f16f0d51
pm:vm:photonmelodies11.rio.004:874373084:00152812:00916,cvm,【武】「不！请、请等一下！！」<01>,[],layout_only,ad201b853fe7e1e306c59010a970df5700b838fb56171bf94c0e795799c1b260,9aad6ec42c1cf0abfd9e7fa0bb8054df4d361cdcfe21d342f2d70b032f5328d5
pm:vm:photonmelodies11.rio.004:874373084:00152856:00917,cvm,这可不妙！绝对不能让前辈成为敌人！<01>,[],layout_only,fc838e12c233238798d36f2a5f9b18655ce9e9d1ea70b7841afb359cce41029f,b4c36852e6a1c6561e5d400c362203f06af13eedc19b20463e98b24b6331a859
pm:vm:photonmelodies11.rio.004:874373084:00152900:00918,cvm,想想办法…………有没有什么办法……………………。<01>,[],layout_only,dd719bd23114173be085d98a644a74da16654146e0763bb397fe9519ca19628a,19978f8eb9dfc766d382e614f699c7250002c3088cd0a46c03e6143c07359bf6
pm:vm:photonmelodies11.rio.004:874373084:00152944:00919,cvm,【武】「要、要不去找月咏小姐商量一下…………」<01>,[],layout_only,827872b4396ed7ce6b0c5fa4aa110c0b1960ac924a4ad5b304ad8807f29df38d,cf5d552cc0cae6956178b690054ea7b47ae2593973d29aa64831da9dc11271b5
pm:vm:photonmelodies11.rio.004:874373084:00153308:00920,cvm,【水月】「…………那是谁啊」<01>,[],layout_only,41a89e8d9d3534c45ebb916c1ebe76af03622e95cbe979470e1ced7f702c462f,a16446a65c83bdcd710456702bc146f49cdc36041aa255557f7b4cce68b6a80c
pm:vm:photonmelodies11.rio.004:874373084:00153352:00921,cvm,【武】「是负责照顾御剑家那对双胞胎的人…………<0A>要是为了她们俩获胜…………」<01>,[],layout_only,5707adb150aa5b72ca7ce5108adedf19f87ea5f1f2c7750cbf161d93147e82c3,7a74c1a6bc1b070a05fc9267a49fdae2e2cc17dba7611d0c308f5a17add25d27
pm:vm:photonmelodies11.rio.004:874373084:00153584:00922,cvm,【遥】「她真的会帮忙做这种近似违规的事吗？」<01>,[],layout_only,37703fad7f29002a8885a853f64e3a374700325a45c5658ea421c8d89fca092b,86c25bc309cf0b8fe5ea7eb7052831d1479638a4fb7eef928b4f4998d58ebcd2
pm:vm:photonmelodies11.rio.004:874373084:00153628:00923,cvm,【武】「呃……………………」<01>,[],layout_only,bd16f6b010954a14bffe9e596cb9d5310a11177545d385397edd93fe6c9d1a3a,7edf5167fc167ed0866a653bb6e68e28af4d3dea93d96433a4d096eacf58770c
pm:vm:photonmelodies11.rio.004:874373084:00153684:00924,cvm,【声音】「详情我已知悉」<01>,[],layout_only,3c9366184050d2abbae72de9e56520a4761fc94edbf76a93d90e89370795d2cf,7b00eddb41f1051849c15a1e86dc3cbbc6a3bcef98643911be6d35e162928417
pm:vm:photonmelodies11.rio.004:874373084:00154036:00925,cvm,——！？<01>,[],layout_only,65ad67059edb269e24f69ebabac50c4d9f7980dd9b69e2e299719fd9b38fbd7d,660912fa0b31290c31d4ed0f34dfcd79fbb7739aa94634f6c1d51c63ab12fff3
pm:vm:photonmelodies11.rio.004:874373084:00154092:00926,cvm,【遥】「什、什么！？」<01>,[],layout_only,9b3b07a81529bd0d06ee207d6ad561b37f7f12f6f58e7810721090613a180aa7,19f81d7dcf0ae8d1a43f73a2ce5ff30f39e3fc2913a2ddd6b781661c1f45fc72
pm:vm:photonmelodies11.rio.004:874373084:00154148:00927,cvm,【水月】「声音是从哪里传来的？！」<01>,[],layout_only,6e6a84b13dfd05041fe8d62361fbcdb712d7d2ebac3f3fe8ff44ad968b56765b,59e3f073b8ea645b6724697bf09616cdf65a662c990316fdd8fc5aded5853b55
pm:vm:photonmelodies11.rio.004:874373084:00154224:00928,cvm,【武】「刚才那是…………真耶小姐？」<01>,[],layout_only,d5c14539d19264e3696c2eac71b6602de40a62eae7911738518a8da3b2fc3f17,0c7a66f2f091af2e88671baec9d4ae30f27e8507a0e158c935b44c496a78c12e
pm:vm:photonmelodies11.rio.004:874373084:00154280:00929,cvm,【真耶】「若是为了悠阳大人与冥夜大人，<0A>这点小事不费吹灰之力」<01>,[],layout_only,f5e1ce64bfbd7f2c4819bedcc6a9dc50e27da676ea2276b5c41cabdd4f8d4281,a5c0141f811fa9982b802bf5b831bc9061de7b4bdbd8f406e2dbd07854d2b028
pm:vm:photonmelodies11.rio.004:874373084:00154324:00930,cvm,【武】「真的可以吗？」<01>,[],layout_only,f6beb9471dd187baac98c5501f50361ea6e1861361e39f47f96e7ed82e1adeec,ecba785dda845c1954479bc671a782f08081a389e4e614923a43f4d4f2b082bc
pm:vm:photonmelodies11.rio.004:874373084:00154380:00931,cvm,【真耶】「不然，干脆直接安排各位夺冠如何？」<01>,[],layout_only,10472ccea47cb9e2119ae50ebb17864b17ca688df0dd0b9f8fd95e1023bbc6af,741764d602102aca7e16887414f62396f10c4ed58b60b7c2800d2b83e8e8b730
pm:vm:photonmelodies11.rio.004:874373084:00154424:00932,cvm,【武】「不、不行！再怎么说那也太不妙了吧！<0A>只要变更报名就行了！！」<01>,[],layout_only,584ffe470cd79139e981028c5b2220da6b2de0a9cb3c184d06e51aef1ab73f12,52e2bc10198f9c28ca1c36bafe40ab2b3eab04906644c9855d1f412d344e77dc
pm:vm:photonmelodies11.rio.004:874373084:00154480:00933,cvm,【真耶】「既然如此…………那么武先生，<0A>请尽快返回海滩。时间不多了」<01>,[],layout_only,fca064114be4f8a52af20906e09e85875c8722db92a56c8cfc03565c2f6b5dc1,ec80a023aeecfa7ad6d7f9a7ed115561c06ff244aba832acd7df6330e68eae02
pm:vm:photonmelodies11.rio.004:874373084:00154524:00934,cvm,【武】「那、那就…………拜托你了！」<01>,[],layout_only,214f1f4438a4dcec77c61cdee020bcaa8f422cbe7498cf0f676bdff047c780e4,d2fbf51b4e6eb8b890f488eddb030012fa2f2450e44033f5373345558d2e2c5c
pm:vm:photonmelodies11.rio.004:874373084:00154580:00935,cvm,【真耶】「遵命」<01>,[],layout_only,72e6531d07fdbfdfc0a1625047a6992e597616177d734c21791b36d0e38c44aa,aa3419903788f2965671ab089551008daf0b109709be85d811c392fdf7dfed3a
pm:vm:photonmelodies11.rio.004:874373084:00154656:00936,cvm,怎、怎么回事？<01>,[],layout_only,e0b2a8de99421b2900219761a7755f5c89cab8b7e6f4b4adf932f52ac9d18692,9c9c8ed7dbc05fff125f75f3994be71afbe4f728473669cd8bef3071063aab4b
pm:vm:photonmelodies11.rio.004:874373084:00154700:00937,cvm,【武】「月、月咏小姐？」<01>,[],layout_only,461aa9ad5e3afb960424db1ac72b6efaab206bf2a02497bbce478d2e5dbc6a44,202a1b9073a91d5c2aa4d9d20f614fd5e73955d8c5412119e00d98dcf607e23c
pm:vm:photonmelodies11.rio.004:874373084:00154756:00938,cvm,【声音】「正是」<01>,[],layout_only,d75abb789f4c420f3409df3ccfc6491a1c5d3a4b28d72e735c7b886bad0cc38f,63d9bf2019607ba444f7ff49b383d5c4eae051481e638d32773926688c4a8e5f
pm:vm:photonmelodies11.rio.004:874373084:00154800:00939,cvm,…………可听起来，声音好像不太一样。<01>,[],layout_only,20116bc93441a080a5cf424d2dbd89b420e1ae25e295b288e3f4ddd5927e2e13,532a1f82d4ef336b1511798c017a364b0c0ea3c8c2f727a6f4857cd1ac272b20
pm:vm:photonmelodies11.rio.004:874373084:00154856:00940,cvm,【声音】「若是为了悠阳大人、冥夜大人，<0A>这点小事不费吹灰之力」<01>,[],layout_only,a4f285b0e9f1f49bea185e764409e30a448a465708e25400ce99a2dcd61be6cb,a5c0141f811fa9982b802bf5b831bc9061de7b4bdbd8f406e2dbd07854d2b028
pm:vm:photonmelodies11.rio.004:874373084:00154900:00941,cvm,【武】「真的可以吗？」<01>,[],layout_only,f6beb9471dd187baac98c5501f50361ea6e1861361e39f47f96e7ed82e1adeec,ecba785dda845c1954479bc671a782f08081a389e4e614923a43f4d4f2b082bc
pm:vm:photonmelodies11.rio.004:874373084:00154956:00942,cvm,【真耶】「不然，干脆直接安排各位夺冠如何？」<01>,[],layout_only,10472ccea47cb9e2119ae50ebb17864b17ca688df0dd0b9f8fd95e1023bbc6af,741764d602102aca7e16887414f62396f10c4ed58b60b7c2800d2b83e8e8b730
pm:vm:photonmelodies11.rio.004:874373084:00155000:00943,cvm,【武】「不、不行！再怎么说那也太不妙了吧！<0A>只要变更报名就行了！！」<01>,[],layout_only,584ffe470cd79139e981028c5b2220da6b2de0a9cb3c184d06e51aef1ab73f12,52e2bc10198f9c28ca1c36bafe40ab2b3eab04906644c9855d1f412d344e77dc
pm:vm:photonmelodies11.rio.004:874373084:00155056:00944,cvm,【真耶】「既然如此…………那么武先生，<0A>请尽快返回海滩。时间不多了」<01>,[],layout_only,fca064114be4f8a52af20906e09e85875c8722db92a56c8cfc03565c2f6b5dc1,ec80a023aeecfa7ad6d7f9a7ed115561c06ff244aba832acd7df6330e68eae02
pm:vm:photonmelodies11.rio.004:874373084:00155100:00945,cvm,【武】「那、那就…………拜托你了！」<01>,[],layout_only,214f1f4438a4dcec77c61cdee020bcaa8f422cbe7498cf0f676bdff047c780e4,d2fbf51b4e6eb8b890f488eddb030012fa2f2450e44033f5373345558d2e2c5c
pm:vm:photonmelodies11.rio.004:874373084:00155156:00946,cvm,【真耶】「遵命」<01>,[],layout_only,72e6531d07fdbfdfc0a1625047a6992e597616177d734c21791b36d0e38c44aa,aa3419903788f2965671ab089551008daf0b109709be85d811c392fdf7dfed3a
pm:vm:photonmelodies11.rio.004:874373084:00155200:00947,cvm,刚才那个…………真的是月咏小姐吗？<01>,[],layout_only,317049a64cca3bb9000c2a59ed65dcb1a1dfd60dc383dfcfe0acc283bae8f776,674635d12527524dfe092495cac45da3bedafd1bff9ef6392ada6e32fade219c
pm:vm:photonmelodies11.rio.004:874373084:00155244:00948,cvm,果然，好像哪里不对…………不过，<0A>她说了是为了悠阳她们…………。<0A>也只能相信她了吧。<01>,[],layout_only,5001324ba5d342498db2262a14671b68445c7861665349a9e92cfe3e1c71f2d1,619445036a62e45f992b48787a87749fd3e4181250590b66b5b15362e3031f54
pm:vm:photonmelodies11.rio.004:874373084:00155624:00949,cvm,【武】「前辈，走吧！」<01>,[],layout_only,da1b8d10e698f559175d5422b60130e9a9b3020b9ddbff9adb94fd7da45ac03e,6caf71880ea208bd1ebd23b082b1a1ab3a773c9099a263463f3975ac456430c1
pm:vm:photonmelodies11.rio.004:874373084:00155856:00950,cvm,【水月】「真的没问题吗～？」<01>,[],layout_only,386767ad06c355267ceb32f922338e09fc951e207706ff38ce78aaae5f1ecc59,3ec246a353f5d404ebfe0c216afcebda4da441f18fd3c5a242be38644fd4b4f7
pm:vm:photonmelodies11.rio.004:874373084:00155900:00951,cvm,【武】「没问题！」<01>,[],layout_only,18e4a8b7c0b3985f352b278f9f6b90475ea1d5b3e57483c7cbc71267fc3341ca,ea15998c74e88ba74f92a165705e8cfcbe9dccccce7cef35a4e4c49054027b76
pm:vm:photonmelodies11.rio.004:874373084:00156132:00952,cvm,【水月】「…………算了，先去看看吧」<01>,[],layout_only,47d4053457ba827b60126c63eec16597a74e7e7d2d997aabb1ea6a544624f8a0,d814931de74feec91b35a155342d37bfdd7c77949ad34579f05d23cb3225f467
pm:vm:photonmelodies11.rio.004:874373084:00156364:00953,cvm,【遥】「也是呢…………」<01>,[],layout_only,bec9780bb50fecdb0762bfa6bed1715b111155e7975ee7679e35dd70aa2ab2b0,763fdc23aff18834aa296abdb9a749ced5ae9ea1b96de1076f54a3892fb4ab59
pm:vm:photonmelodies11.rio.004:874373084:00156408:00954,cvm,【武】「那么，我们冲刺过去！」<01>,[],layout_only,20de16fcac8d3af955a3df9da83056a7f2317b6055108c97240b066bba38bcc7,3d6e7c8cc387acd20564ee5f559081e58bdb0699d0986c9228ed9ac1429d544e
pm:vm:photonmelodies11.rio.004:874373084:00156640:00955,cvm,【水月】「OK！」<01>,[],layout_only,a38e790c8de8ace19dd69a004efec9db1ddf344de51030a536ff14b18179d289,f322f979da428d401f2358ff92e2ca198b7227bbc6d28ab6b8749f1816c9bc09
pm:vm:photonmelodies11.rio.004:874373084:00156872:00956,cvm,【遥】「咦～～～！！」<01>,[],layout_only,8c505ebcef9c56bd0df96435f20ad234c3cd1f1b1f1adf3fc19b36c61270d823,6b39431c2eb47c3395366bc07696cf8a0aea260cc9c707b5079b6ae249b6badf
pm:vm:photonmelodies11.rio.004:874373084:00157028:00957,cvm,【遥】「啊，等等我～～！！」<01>,[],layout_only,92077ff827147a307fed675e022c9c4aa9bd578f931ea8b8826c16e67b16d8df,11372237949461610991028194c1a7cd177d772723fdd8ab7de33f89518c2b87
pm:vm:photonmelodies11.rio.004:874373084:00157596:00958,cvm,【冥夜】「武！你到底去哪儿了……………………<0A>这不是速濑前辈吗」<01>,[],layout_only,fdc8c8240ad15a4f6b8a339ff65601ae93826b31ba491326261de7914c7f918b,5fc093af7b42ecc6e48cfce43a34dbb317a161ece9268a6447a50457cf9010f0
pm:vm:photonmelodies11.rio.004:874373084:00157652:00959,cvm,【水月】「嗨～嗨～，好久不见～！」<01>,[],layout_only,b727d12c9ebb8a53ea953b23132472bc4a9474b71623d8d1a88527d37676dbb1,8b23cba0ab9c3bb0c0669e33d9842299c5787bb73feebf414b10b4e70d153d0a
pm:vm:photonmelodies11.rio.004:874373084:00157884:00960,cvm,【悠阳】「原来是速濑小姐」<01>,[],layout_only,e77ef316d2db284c262d450facc4a6f1acca657abfe00b5f77146389e62e78ed,6018a99535426b079e7dea12769e8ddfdf97fbf3fb74d1fa0a90405769ef4635
pm:vm:photonmelodies11.rio.004:874373084:00157940:00961,cvm,【水月】「好久不见！你们两个，<0A>送了我这么棒的假期，谢谢啦」<01>,[],layout_only,beef4e3233a1eb66d8bfeace06132d8dc40b90f6fa506efd2c3554bec180ac99,9c537716517edbf7bbb5603428467fa3a168e6d7b2dd3819bff34e43fd329403
pm:vm:photonmelodies11.rio.004:874373084:00158172:00962,cvm,【悠阳】「不，若要道谢，还请向香月老师说吧」<01>,[],layout_only,ae1f1e271110a57f3ff65cbcd1e7d790eb10369853c5d0c048e6f481d4ebcbe1,8d656510afebd0b7db7ef5d3e38d33e51ea90c278cfeaad964fb826b73291fdc
pm:vm:photonmelodies11.rio.004:874373084:00158228:00963,cvm,【水月】「不用啦！在来的飞机上，<0A>她已经逼我谢过无数次了」<01>,[],layout_only,f690eb4ed48b00fe58060f2bdb128ce1b96d479454598412e0a2d58461ad5780,f715146bfd24076f77da7b25ca8c007a087dd15eb99a0813cb2103aef69391df
pm:vm:photonmelodies11.rio.004:874373084:00158272:00964,cvm,……………………。<01>,[],layout_only,efa30788584cfea7ade60ccc37d7fc6cda943e64935eb133252c341159e58e05,0b3d7aae4004dc9b91522cf9245f879b48b6a3b3d3c28ecbba043ba8207a6df9
pm:vm:photonmelodies11.rio.004:874373084:00158504:00965,cvm,【茜】「咦！水月前辈？」<01>,[],layout_only,dafa7e2de9087d9b6e087427d6280a8e577f7e8636d16625ba0f23aaad407183,24ebf5542806275988429c69e5ec9dcb85c09122234bf4fb1c1dd4c39bf09602
pm:vm:photonmelodies11.rio.004:874373084:00158560:00966,cvm,【水月】「哟嗬——」<01>,[],layout_only,cbdcc4ec0af522cb18e9c965f35ec1ca55236f92ea30c4aaf594b5e9cd8d76de,d2ee5fbbfbeeb77216847be403882f6745efc1ee4b1524305bfa0d8da36512b1
pm:vm:photonmelodies11.rio.004:874373084:00159056:00967,cvm,【茜】「我姐姐呢？」<01>,[],layout_only,306eea286dc82e847f0c7a498bc0e42336d185e93124148dd86d3f5d9985af18,5358c1d29ab158c640648ea6e680f7b9aa7a656ebc64e50ef16d9a8fe6fd0a5a
pm:vm:photonmelodies11.rio.004:874373084:00159112:00968,cvm,【水月】「啊…………应该马上就到了吧…………」<01>,[],layout_only,fb1789bbf4a81aa9803155113009decd452e1542b480e5fe0618844beef2c13c,c6a1c57c045e4e274be5fb4fba0691481ce5039842d574125a9fa8985db79164
pm:vm:photonmelodies11.rio.004:874373084:00159344:00969,cvm,【茜】「咦？」<01>,[],layout_only,a82d6beafc0df687667df4d46e22f5e27cd6df60f721a073e086b3982481cfed,86e95be2192d6b74487e5c65fd1cb24e7b2dc982bf8f2dc32bfd69535cfdaacf
pm:vm:photonmelodies11.rio.004:874373084:00159400:00970,cvm,【声音】「呜哇～…………等等我～～」<01>,[],layout_only,d1145d403608078a5e8c4ca336f97b91829d14c03547577d88a5f2ccf93bc1c5,dac83288a8df218b4b256efec96f80fc4f75dff27a2b7f751eccd5830ba6f57a
pm:vm:photonmelodies11.rio.004:874373084:00159764:00971,cvm,【水月】「来了来了…………遥～这边这边～～！」<01>,[],layout_only,c01b8065fd0a368f27d739777224461b7cc2e82ca4d22ea880b857a8b23d6b77,39c7ef914429b01222a6ac8a917a686b3354fb9cbfed06a60cc5c594c23259f6
pm:vm:photonmelodies11.rio.004:874373084:00159884:00972,cvm,…………好了。<01>,[],layout_only,942a9529ea8c5b59bab02917c23244b38148387516a9313ef48582c0b34d4491,3d26855b67d8149f9913b64f58a110ff3dfc80b2cce813e471ec0aa4ceeb825d
pm:vm:photonmelodies11.rio.004:874373084:00160108:00973,cvm,【武】「月咏小姐！」<01>,[],layout_only,cbdb5b173fd1e8f928b46aaaef16955fa8497296ef7f3d10e3d2a28db5f2a04c,a1122db24e37cdb17d999bb4a1acfed45ed944dff5820e8fabe02b3d4686f5cc
pm:vm:photonmelodies11.rio.004:874373084:00160476:00974,cvm,【月咏】「武先生！」<01>,[],layout_only,2a0fcd5d61c1aca75782b5b19c60802b6cf5c7baaeb19bdce9e7e1a87996f340,de3d7ddc77093873a28e779e1a4ee7f3443ce19bbd44862a40f7e740e455b378
pm:vm:photonmelodies11.rio.004:874373084:00160552:00975,cvm,【武】「那个，有件事想请你立即确认一下！」<01>,[],layout_only,1d047b90e75d800627ac8597e67949fd083c5af4b4b6bf60942b549a1217c6d9,0ea0a91c334524e1e4d7ebf4e32dbd1a705563c3a6adf46ad7fec6d6aec52196
pm:vm:photonmelodies11.rio.004:874373084:00160608:00976,cvm,【月咏】「请问是什么事？」<01>,[],layout_only,0258f2fab97f203365e39c27599e0c7a5f2afaa1f08171b9cbedf0c83fc17752,c236e5a6511c3c1dd07b558e9aa81e2c5d2e2c2da4eb26de4d951333e34352a7
pm:vm:photonmelodies11.rio.004:874373084:00160652:00977,cvm,【武】「想确认速濑前辈她们，<0A>有没有被登记进我们的队伍…………」<01>,[],layout_only,a59ab2456c09b2c7bc17ef2c6f15484c309095a8457eb058672b4485ac01fe3d,4a42ab1021d4e769f730d8b8f2687e634ff4cdff5c045dbc47bf8b1f4882a540
pm:vm:photonmelodies11.rio.004:874373084:00160884:00978,cvm,【月咏】「咦？不，没有那回事——」<01>,[],layout_only,93a55ed82773c79ac865e161bee2b4f80a5c02f2e8da6d85fa4ac3da52b70990,d4633c98ef04e0e4a9b3756659d99e8d823a63a8c32d4192e3377fb5bd529c47
pm:vm:photonmelodies11.rio.004:874373084:00161104:00979,cvm,【武】「刚才，真耶小姐答应帮忙了」<01>,[],layout_only,15e1ce5fa2022b4e2993a9fde3f6a7525471fcaf26fcd082202524bc53198bbb,5aaebf963abaf21a62de06caf62d2572ed24e4949dd0379fcecc7b0561e137de
pm:vm:photonmelodies11.rio.004:874373084:00161160:00980,cvm,【月咏】「真耶？武先生，您见到真耶了吗？！」<01>,[],layout_only,20987e1b0a635737133797313a66229bd3ae0e5b33418a0736c6dba2b4ae9e1f,ff8e30723931b8bc86477f04d1da0083ce17d770a29acfd84f24d38089ddca36
pm:vm:photonmelodies11.rio.004:874373084:00161204:00981,cvm,【武】「啊，嗯…………在我当闲逛家的时候」<01>,[],layout_only,1c5744db1d93fc7a6ed54825080c8009e68518e989bb4b4905af40f5ae8f99e9,7955a6855802f5814b1f61fdb2e1577741a3768396ff055e10c8e7086fc6bcbc
pm:vm:photonmelodies11.rio.004:874373084:00161436:00982,cvm,【月咏】「原来如此…………那么我这就去确认。<0A>如果是她经手的事，我想应该已经顺利办妥了」<01>,[],layout_only,36d93e219717b640e4206052f03e04898fb4ee0d08f51ad49bc9fd17932bc902,018822023b43c2dce29dfc5f591bfc72de3e4580de95f7855d20a22f6f5f1dc7
pm:vm:photonmelodies11.rio.004:874373084:00161480:00983,cvm,【武】「还是麻烦你确认一下」<01>,[],layout_only,5db6d865b7a9c28f040cc6436b454ad4f71ee8c8184cc339ddd5936993cfd5f9,3032f6846aca5e907f025cf379c6e46d0a4cd4ed0e17c1be4035c9bee83f273c
pm:vm:photonmelodies11.rio.004:874373084:00161556:00984,cvm,【武】「刚才谢谢你了！事情办妥了吗？」<01>,[],layout_only,d16aaf19304bad3134971e3c81cb4a25c31a127db269a6af247794dd5c7c78ea,61f100cd333b37d42e29d1a834afd835a4d51639142e5a10152cfdcba8dff44e
pm:vm:photonmelodies11.rio.004:874373084:00161788:00985,cvm,【月咏】「…………？那个，您指的是什么事？」<01>,[],layout_only,f46a763ca66d18f59ba3f051ac2bfe22dbbcae24b5f6401b9665876c426b208e,a4ba9689b44105a58db7c72719fc6b82f7c8afec7eaa50fd8b0a8c0d45e9d8d3
pm:vm:photonmelodies11.rio.004:874373084:00161832:00986,cvm,【武】「咦…………？刚才…………<0A>您不是说会把速濑前辈她们登记进我们的队伍…………<0A>对吧？」<01>,[],layout_only,563921bc5552a718a2266898ab2270e2d929a451a45afd28bc356964192bd1eb,578d04dbce6d3d70c07baea571334d3a398dcc39079687959531c99792752b9f
pm:vm:photonmelodies11.rio.004:874373084:00162064:00987,cvm,【月咏】「奇怪…………非常抱歉，<0A>我对此完全没有印象…………」<01>,[],layout_only,987debb0425e00e29cc91b3701f024559a0e76a08cf443b84c088b549bdb1a65,778c3e6e728494775ddf9906367722ccd93e01d2b95bb16d618ca6edd03c2325
pm:vm:photonmelodies11.rio.004:874373084:00162108:00988,cvm,…………果然，刚才那个声音，不是月咏小姐吗？<01>,[],layout_only,2299cb96048dbd28758f391a86beb0fde1177317da2444375032c469780098f8,aa7cada24e68aca1dbf60947ee2df3e00edb46d765a9e5e30422f72868d9dcd7
pm:vm:photonmelodies11.rio.004:874373084:00162152:00989,cvm,【武】「我只听到了声音，所以也不太清楚，<0A>感觉像是个比月咏小姐更一本正经的人——」<01>,[],layout_only,708afe0df3a91513b406c17ed03c270efe8b53c3226a3eed890ae937f894e3f4,48cf4b651bb89b502865af2ac16f0b780128775e7e25cce98a785bfc8a01d465
pm:vm:photonmelodies11.rio.004:874373084:00162384:00990,cvm,【月咏】「原来如此……………………是真耶啊」<01>,[],layout_only,e9e7866adc86f09251c58d5eba8e78088bbb57924e2b80d58173fe96a1ceb0de,eb3db8bfe5321afebb6cca71b25ac4a43d4d3b22f50fbd009f06dfaf193fda67
pm:vm:photonmelodies11.rio.004:874373084:00162428:00991,cvm,【武】「啊？」<01>,[],layout_only,6f7b052f5ae1a1b4939047cb786f5b68b7fb6d553364ad53aa3845559824d4ff,28984b8377500157eb371a1879c99d249a31ce9c3c60d5389bfecc91279d0b26
pm:vm:photonmelodies11.rio.004:874373084:00162660:00992,cvm,【月咏】「不，没什么。我想应该已经顺利办妥了，<0A>不过谨慎起见，我还是去确认一下吧」<01>,[],layout_only,263d29c88a9e5a40403ab3dcedae555bec0c5e277281f84d6bcc33ce5ff63378,37be6cdb6ddb4f5594588fa118a12c0b5163c59343edb435d9d8e4b9d0333a4e
pm:vm:photonmelodies11.rio.004:874373084:00162704:00993,cvm,【武】「那就麻烦你了」<01>,[],layout_only,8ed4bd467a527f0f39d6a5fa2a716a32fa8d12f99f3b6a57cb98634e2c7e1e30,0b40069a3c870a4f254180b84aa3585bd851d9e2d400beb1166394a54ef8a64f
pm:vm:photonmelodies11.rio.004:874373084:00162824:00994,cvm,呼…………只要确认无误，我们就又离冠军近了一步！<01>,[],layout_only,a579bd76ea95a11fe1152750cb528f6f790aee50c2b421a4033c9c8d2026feba,0782ed8def1823ba8662457da243dd5e0885aad2831d6e252496957f47a1009f
pm:vm:photonmelodies11.rio.004:874373084:00162880:00995,cvm,【声音】「白银同学！」<01>,[],layout_only,b66b47d774c87c3e7c07de452605ccfcaab15d59273907883d3b6706121fdfdf,67b2983fa84de829efe9d650c636c5230f99a51c9a3e1bf2f11ec240eb918bcd
pm:vm:photonmelodies11.rio.004:874373084:00163236:00996,cvm,【武】「哦，班长！交代你的事办好了吗？」<01>,[],layout_only,69828639ce0a6c2695950f753a880bb16691ed28437199049ee0eddef655e6ea,f86849276326700571ac8b6b8a525bfcd39652d356048e2c36bc423852c98016
pm:vm:photonmelodies11.rio.004:874373084:00163292:00997,cvm,【千鹤】「规则说明我听过了。<0A>比起这个，你快点决定成员吧」<01>,[],layout_only,328fb23dfce31ed5d409d3692059cd9aef07fac0300767082022887da98177fe,2a9ce5b7c65f6a2c7e3bb43f792663ea00a2a0948f777038fc4052cf9be1f207
pm:vm:photonmelodies11.rio.004:874373084:00163336:00998,cvm,【武】「喂喂，不是班长你帮我安排好了吗？」<01>,[],layout_only,7940fba3ab0d64f9bc11c48fee44bc751671616b0df981886a4350f290fe8bd7,8b0cffacc3a8bc049811fb4dd570c3581bf8591df321fc5601bfac0312e5a38e
pm:vm:photonmelodies11.rio.004:874373084:00163568:00999,cvm,【千鹤】「我姑且准备了一套备用方案！<0A>但这事是你提出来的吧？你不是有什么计策吗？」<01>,[],layout_only,ef49f54ebd37a15e608e23887f882a37c36ab62629b5d3c41aadaae99fef96b8,cc9455f2e919e6d2c499e0e3d8b51b7c37f687dcecf7068868055a34f7b17c39
pm:vm:photonmelodies11.rio.004:874373084:00163612:01000,cvm,【武】「呃…………那个…………」<01>,[],layout_only,e7937fcdd3dbdaf153bbc25f6bc8970a1177ccd33425c7ec2f80fadb0569ab71,3e0cd39eda2d739e9e0c998ba2ae5227151f16ace4d0e2699ae76eca6b192985
pm:vm:photonmelodies11.rio.004:874373084:00163844:01001,cvm,【千鹤】「总之快点决定！」<01>,[],layout_only,9ba1b3657ebd3521f750da35f727c542c492cb74dde874dc4c320d9859626133,465c9116bf40c5c8cceb4b3171e07d485b249ca575ed6541a72460215b7250e8
pm:vm:photonmelodies11.rio.004:874373084:00163888:01002,cvm,【武】「好好好，知道了…………」<01>,[],layout_only,e3d55b6c69d353c486db5ac0d30d9d0d3c2ad77c01340b58f8babd123a6cd618,ccd4b434e6f43aa896a9bd12ad272b550709017ae198b6a1caf86bbc2c2487c6
pm:vm:photonmelodies11.rio.004:874373084:00163996:01003,cvm,……………………嗯？<01>,[],layout_only,3644bca23326ebe8f5b313dd1219b9642c5ecdcd06d502dc830e71858ec9440a,ea2ad10933551d668ab9f5f3a51f735eb3c860e7e9643f150543c2af16a38162
pm:vm:photonmelodies11.rio.004:874373084:00164040:01004,cvm,【武】「我说班长，纯夏和霞，还没来吗？」<01>,[],layout_only,d88784f4615528d5f3f70bc14cdd8c0262f754f6a47ef166e48a331b9ec230f4,0ed8c916668ca1ea2fea544e131a77ced03b93843475402392b3b556d34f128d
pm:vm:photonmelodies11.rio.004:874373084:00164272:01005,cvm,【千鹤】「啊…………是这样的，<0A>社同学觉得穿泳装很害羞…………所以最后，<0A>决定和鉴同学两个人去北极星岛玩了」<01>,[],layout_only,6b230d7c58a6df7c28bfce1b91fccae54981c2ac7cb7fbf7e25c6631a13f09de,5086e7e59e414ffd405a0a47cccd01e1ae05f35da91756474c5f077229ab0941
pm:vm:photonmelodies11.rio.004:874373084:00164316:01006,cvm,【武】「这样…………啊。<0A>既然是这样…………那也没办法」<01>,[],layout_only,391a521f068ac274bd459ccc1ad5450b2cb613997758d89e795ee3cd689bf56e,ac848da61be24967cb6d7c5edc1d8f77aae9b186d5e2c2def8dbf373452c872b
pm:vm:photonmelodies11.rio.004:874373084:00164360:01007,cvm,强迫霞参加也太可怜了，<0A>而且纯夏本来就和霞约好了。<01>,[],layout_only,303c39930c26416739025d05e1f78549ac22dd0aca9ff1f3bcac94b72385bc03,33826fb51cfb42ae096f1e392c756bb92594ad999e5f9f5f2f6ab74d970749b1
pm:vm:photonmelodies11.rio.004:874373084:00164416:01008,cvm,【千鹤】「她们要是有兴致，或许会过来观战，<0A>但不能把她们算作战力」<01>,[],layout_only,f72586e656de311b8c3cd942ef4a3f59a4cda2b4092061765cac09ea2d130e5e,e5960a1a7800c9c1ede8f8089e55ef1ef881282cf08a063942c7cc09d66ae4e9
pm:vm:photonmelodies11.rio.004:874373084:00164460:01009,cvm,【武】「嗯，明白了」<01>,[],layout_only,0a9be8522be0cc365056122213fda41fb02e23f14d6a7f276a0e9322c5f10931,d14300fe77f69e6acf946b805d8b51ea78ed5eaddc771f760729ff71961d5b03
pm:vm:photonmelodies11.rio.004:874373084:00164692:01010,cvm,【月咏】「武先生」<01>,[],layout_only,8927f8ecef3e8875095700f2a4e99193d1f5d2e8464f3b954302763a690a8f18,3ed61c1da0d2d579783d50c95a793099c0da91d4b431f54478d541372068a3fd
pm:vm:photonmelodies11.rio.004:874373084:00164872:01011,cvm,【武】「啊，结果怎么样？」<01>,[],layout_only,204e4976f4e664abebf4d74ebc971b1b2e5e46ceda8b53e6a71f35c89e41d391,05c67fee6a72ce69db6a8c43c73e417eeb9f5f73d1baa87f7f2e6b3df98f336f
pm:vm:photonmelodies11.rio.004:874373084:00164928:01012,cvm,【月咏】「是，速濑小姐和凉宫小姐<0A>已经登记进了这支队伍」<01>,[],layout_only,e31f1f6bcd4dc7ef4d9e658e3a0b99b124a03ea42b20a614439ef26879bc4626,3f4e6a4a3a6c87c9a028f1533d5d1271aae27725f070c58a73901cd053247059
pm:vm:photonmelodies11.rio.004:874373084:00164972:01013,cvm,【武】「太好了！」<01>,[],layout_only,493d085977d1313d84a0c8a4d3ceb69aca0996a442a0ec9e6e3954cc03425fa7,a4f308d188af66fa47ea55c7ea0bb738a49785b508a5b42d6fae66c6259cb65e
pm:vm:photonmelodies11.rio.004:874373084:00165204:01014,cvm,【千鹤】「也就是说，那两位前辈也是成员？」<01>,[],layout_only,a52275a6e39eb9f42ee1a1d9bcbc0d6ec93d581e4921f279de619bb8f5e6993e,f96528103ee32340e95d77a4bae2f5455ef503809975055fd464b262bd4937af
pm:vm:photonmelodies11.rio.004:874373084:00165248:01015,cvm,【武】「就是这样。<0A>我把原本会成为强敌的人拉到了我们这边…………<0A>真希望你能夸夸我啊」<01>,[],layout_only,782e20a4f34c2457ad3a9b048da651db2442328f2d0e8c9896445f09a6e3b3cb,d01dfbb3dc9fb751eb75b2a67f76dc524b3e31e2fd975c5e691e7d7f3363e6c5
pm:vm:photonmelodies11.rio.004:874373084:00165480:01016,cvm,【千鹤】「我不了解情况，所以没法评价。<0A>好了，快点决定吧」<01>,[],layout_only,f75d90a3e116309a63943d54dab685b1f57b1e37f6219cc2837de2548ba6c8fd,991d4e4f9bcdc975570865112da31ed13a46cf6a0fd274ce5ce46b97b1925795
pm:vm:photonmelodies11.rio.004:874373084:00165600:01017,cvm,…………喂！<01>,[],layout_only,83d813bcc35fe3a58f0818ada1be4b7ae78730fa03e55615388042a765a3a9e9,a873511b2002a6c6eae3b83997defd1184b1cdae98beda5ad69bd463cb69fb6c
pm:vm:photonmelodies11.rio.004:874373084:00165644:01018,cvm,【武】「可恶～～～！！」<01>,[],layout_only,bfcde5eeb72f876f392aa05c74dcb4eff0c47c6c9955811f6252118fe65cb92b,f188ef94df3af6a4b4658e3526a978637e66e076a421b401f1404ae8c9a9228c
pm:vm:photonmelodies11.rio.004:874373084:00165700:01019,cvm,【月咏】「另外，武先生，<0A>您还必须记住沙滩排球的规则…………」<01>,[],layout_only,2983e7fbe3cda4ba3d7f774b55dce2ecde9659add653c729381c29e49d7afa3e,45ff49cf021a70556bd00b93641f72cf77a3bc0f4eb4cb5772af1c70bc767fdd
pm:vm:photonmelodies11.rio.004:874373084:00165880:01020,cvm,【武】「啊，还有那件事！…………那个，<0A>能请你先讲规则吗？」<01>,[],layout_only,1903acfa0493efbc7cc1c2a7dbe08421136395a310ebf5a79de34add46cf3bbd,4a5eb461350dce51beba37bd23b1d20e66b817b93a8580547ee828e58d128c06
pm:vm:photonmelodies11.rio.004:874373084:00165936:01021,cvm,【月咏】「遵命。那么，<0A>我去请皮亚蒂芙小姐和塔斯雷夫小姐过来」<01>,[],layout_only,94c99e99717499985e77dcaab06da7686a81162ab20cdd9203578c4fffbf9067,100e1122582a8f9a32eb29098953e8582a97c9fa0bbf1d521e51d1207dd77451
pm:vm:photonmelodies11.rio.004:874373084:00166044:01022,cvm,【武】「没什么，我只是在佩服<0A>你居然准时到了约好的地方」<01>,[],layout_only,1dcc92efb76049d43d422154b55f80c9752f875045e7fdb2d15392c069eb5be2,444cfb00f21407baf89cea450e2592c4791bbc10d7c754f48cb2b95f9ef1f68c
pm:vm:photonmelodies11.rio.004:874373084:00166640:01023,cvm,【皮亚蒂芙】「白银同学」<01>,[],layout_only,878bc761bb9b8fa97626bee1d2922ca30b4d437f271dd483e0dc0f2381654690,19dd314b533b98c5e5be1ec3543b630fa7ec2f2e17c65e9ed2aacc897400752d
pm:vm:photonmelodies11.rio.004:874373084:00166684:01024,cvm,【武】「啊…………老师，<0A>听说你要给我们讲解规则…………」<01>,[],layout_only,c2e9e0ae3f7855e4e2446133aaa7ded841339862daa6befbf48ffa61871fa9d2,944feeb85d4ebe16560048efc1780488e6bb34c8d3b4f3229d40bf7589074bd0
pm:vm:photonmelodies11.rio.004:874373084:00166740:01025,cvm,【伊露玛】「嗯，大家都到齐了吗？」<01>,[],layout_only,2583ce107d6b4c5c741b16d396d76733a90194de3579374e6980696680f207e9,c8981ba6bb7576a55a198296f9215200d9c93a1ab4e9820e39a1af456d0fef97
pm:vm:photonmelodies11.rio.004:874373084:00166784:01026,cvm,【武】「没有…………纯夏和霞还没来…………<0A>不过没关系。可以开始说明了吗？」<01>,[],layout_only,49f964fbae39c089c8fd55ab92e31c1a8c43767f0b6feaff0ac62e5da6068a4b,5a207df4a774220350a690522ce1cd7510801b3c821315ae2505418b8efa5cdd
pm:vm:photonmelodies11.rio.004:874373084:00166840:01027,cvm,【皮亚蒂芙】「那么…………开始吧」<01>,[],layout_only,fd0e357e4a65ad27df3e2536bf3084246d8d87d381ce817300c9c4e81dd71884,f27bb375eab0f9609b0b72a44127f723798f78c6cfae3b3923f2b567dbab8bd5
