binding_id,kind,translated_text,cn_annotations,review_scope,jp_utf8_sha256,en_utf8_sha256
pm:vm:photonmelodies11.rio.004:1139636328:00009628:00001,cvm,【武】「好！闯过第二轮了！！」<01>,[],layout_only,8e9d591c77ccbcabe55f57c3ff97b56e833a47d9792b7d8d3fe3885370e2148f,3a6ee42780e3dcb371addcba61e66e9fd6d29d05a4734da2bff4773b1fa1ca1c
pm:vm:photonmelodies11.rio.004:1139636328:00009716:00002,cvm,【冥夜】「武，我们成功了！」<01>,[],layout_only,127bf7b1e40e7aa02ee2550dff19a55c71f5a37cfbe19aa3be1d80ec978a495d,9db642c04098f3cefeb0bfc4465e0b97c3fb7e502804ee3dc853e69edf9d3af2
pm:vm:photonmelodies11.rio.004:1139636328:00009760:00003,cvm,【武】「当然！！」<01>,[],layout_only,1de1b0cf06e10ec141e29cfc08a0b4ac493c72dbc8daea7138e9555e37fbc9ab,8115ed19d6d4b184c15d3827bf55d1843178e79fbfc5964dbb1af6ae452743c4
pm:vm:photonmelodies11.rio.004:1139636328:00010384:00004,cvm,【月咏】「冥夜大人、武先生，恭喜二位！」<01>,[],layout_only,0e408dc335fc2f69da5bb45ba142f86acaff658928cb42c589e2838fabb07b93,b7fe6f4223b62c63f545cd7779003c4c742aa6c8bf27b6b52ce718a5af817d25
pm:vm:photonmelodies11.rio.004:1139636328:00010440:00005,cvm,【冥夜】「嗯，能够和武并肩作战的喜悦，<0A>给了我巨大的力量」<01>,[],layout_only,816cdd6efd34873cbce5cc1a107adff20db6fea0b09a000faea10f569239d65b,f788ae3c315f2201cdcdc175671624cea026df1ac0add14ecfa426174a796257
pm:vm:photonmelodies11.rio.004:1139636328:00010928:00006,cvm,【武】「什、什么嘛，你也太夸张了」<01>,[],layout_only,363d0e961872c9679b80289e8f079f1a17c046744354a1651188407704abb0b4,3b7eaa1c626b441e19298e0da714b2fd0ac7605c1d78aa646951b0cac36a5b5e
pm:vm:photonmelodies11.rio.004:1139636328:00010972:00007,cvm,…………这样会让我害羞的吧？<01>,[],layout_only,ce6cd70f87c86d95caa1236af665ad28f4a865d34749a8c5b1027d3271e9b000,c5ba487d4a7d96faf0a6d41c998ffb8cb769b171ac2b30d932b9e453b4d8bc29
pm:vm:photonmelodies11.rio.004:1139636328:00011204:00008,cvm,【冥夜】「哈哈哈…………」<01>,[],layout_only,ffd78d3300bfcb496cc97b4bc04f2e5ddeb1239fef0f16ca687a60adee3a7159,b59808095bc6ae3154a048631f5365876e8f7faf16af110553b6db415228112c
pm:vm:photonmelodies11.rio.004:1139636328:00011436:00009,cvm,【夕呼】「从这种男人身上得到的力量，<0A>也就那么点吧。后面还有比赛哦～？」<01>,[],layout_only,e72209eb1e4a7a081f2da153c2ffa1f48548406443fc9ffdf136f64f7ad418e6,ffe268b5ef2b34eda04e9dc6832f5499ff6993333b2dc36ce615dfc322c419b8
pm:vm:photonmelodies11.rio.004:1139636328:00011616:00010,cvm,【武】「…………老师，你也太过分了」<01>,[],layout_only,c9040604c3dc4a951e7dd993f6cb9110511dc73ebb358298a180cdc1cdbd8e77,71862208eab18898aa7f23ff1032a1e52c2b486f034823ed57d5f726576d0bae
pm:vm:photonmelodies11.rio.004:1139636328:00011972:00011,cvm,【冥夜】「那么，B队怎么样了？」<01>,[],layout_only,0728a169fbd6c14b3e062397cefa81ecc5df1cf8262b88938c4b87e6510d30f3,3c0290117008ccea7257f39e6d85b34f5e7cca6191d31c113ba91860bdc58bb5
pm:vm:photonmelodies11.rio.004:1139636328:00012204:00012,cvm,【月咏】「这个…………」<01>,[],layout_only,2f2dcef61bf040f4b32569d73038a7f7741e24a778500a2f0fc1c26c0b7a05cf,a079d5195e74ee97495c8ba581dced24e179a9025cf769cbc10c13204800d6c7
pm:vm:photonmelodies11.rio.004:1139636328:00012436:00013,cvm,【夕呼】「输了，输了！」<01>,[],layout_only,eaf02b5b5e6b6b4388423e42f461700cd38496a68d6f24cd9a3b4ca20b9e2775,844e2bfa00800d018b2717dd3b8d607954d6ae3dd7a9110fa727b552d46d1925
pm:vm:photonmelodies11.rio.004:1139636328:00012668:00014,cvm,【冥夜】「什么！？」<01>,[],layout_only,e7fa6b4ee2b27d378abd2aba70edbf5ba32e55ace89296a360a1cf9d211ca934,0b47d944056977a0df8c3bb4125733bbc57e92f80223f18e5bf686a4d644d1ce
pm:vm:photonmelodies11.rio.004:1139636328:00012848:00015,cvm,【武】「真的吗！？」<01>,[],layout_only,2e9aebd171e750c089ba08be57a05426a990dd595100202be50d28bc50ad66d4,64ae7ec5169c77ee06ef11f42cbe7d18c1b29f4ce3064edbc933115db101daf7
pm:vm:photonmelodies11.rio.004:1139636328:00012904:00016,cvm,【冥夜】「这样啊…………我原本还很期待伙伴之间的比赛，<0A>没想到…………而且，<0A>现在还变成了必须多赢一场的局面」<01>,[],layout_only,e7235a705df77b25f2562ffd63915a375c1342f3e55e7130e0b4b7db361d3488,3454b54dd88ca1e808c323bd249974c36aca753dcdaeb81d7d2dcf5a3395944c
pm:vm:photonmelodies11.rio.004:1139636328:00013084:00017,cvm,【武】「反正接下来A队会一路全胜，<0A>多赛一场少赛一场根本没关系！」<01>,[],layout_only,af1f64003625395710b7b7e834844fb1b0c70b8e50c2fb149135d60fe66ed24b,8c4b1bff7d3614541313df3764c6af24111e84ba0d22c60ca962ba57d513033b
pm:vm:photonmelodies11.rio.004:1139636328:00013316:00018,cvm,【冥夜】「嗯？原来如此…………确实是这样，<0A>好，就往好的方向想吧」<01>,[],layout_only,a1e4dd074b61f256150cb26b612739232d0ec5bc9569d9b147cdeacfc88b9fe8,54ddb98d6200c28e6b50b54a658bd4adac93cdb361a8e674803caefe25161244
pm:vm:photonmelodies11.rio.004:1139636328:00013548:00019,cvm,【夕呼】「…………你们办得到吗？」<01>,[],layout_only,b4b1bb8fd925975901cd495528263ca12943f2b4236e21be7728b07964f837a0,df978b26782971acaf2c430ff33809a7296335948081b3536d794320aff5f509
pm:vm:photonmelodies11.rio.004:1139636328:00013728:00020,cvm,【武】「我们会赢给你看！对吧？！」<01>,[],layout_only,7a5cce571513d2749812e654e3149df89ed32453e42c607ec01d5a9115b90c86,ae4760a7cfc564671ef8b15bf69b14e5aa5c405bbe1312d6986427cfc54ee455
pm:vm:photonmelodies11.rio.004:1139636328:00013960:00021,cvm,【冥夜】「当然」<01>,[],layout_only,e5730e44a28da337f979dae72749f64e7aa9597a21d8e8d973d16078200734d1,ee3fad3575fb4aa35a4bdf7ee440696ea4fd5bfb3b3ea30816e584d32acfab03
pm:vm:photonmelodies11.rio.004:1139636328:00014312:00022,cvm,【武】「好——，那就立刻研究半决赛的战术！！」<01>,[],layout_only,46e3565a6e48692c7b89ae2d7e0d5dd5ff49ea8db8ad455ae9bf1896b8840065,677fcdb8960a91f500681f04fe675c1a66d6a6880264d3676de3a21925277cfe
pm:vm:photonmelodies11.rio.004:1139636328:00015016:00023,cvm,【冥夜】「下一支队伍是…………」<01>,[],layout_only,4b323bbcad9bbe0d0d437479dce92a6b3a8a2ea03785573b4cc0e22bf528b603,71a3e6784383392934edd1e7bfb8a807d908821d524fee91012aa5c82ad1a0e9
pm:vm:photonmelodies11.rio.004:1139636328:00015248:00024,cvm,【夕呼】「不就是那支？在那边看着我们呢」<01>,[],layout_only,67074a844e8a2613fa6c3866bcb9b4bdfca6718724314ddf57ede6b6222227eb,4a6ad1dfaff3bfa032b78156bb4a444ccb89f84f72ee52041affa41b7a11f86d
pm:vm:photonmelodies11.rio.004:1139636328:00015292:00025,cvm,【武】「咦…………？」<01>,[],layout_only,6f89339b2480107cbb5839c19f9f2232f49962fc19025bf7e2be3b170f1b1d68,cff1150ccd1e336776d839ebdd3abb90457d7f0dec81697b4a75a41c241c3081
pm:vm:photonmelodies11.rio.004:1139636328:00015764:00026,cvm,…………原来如此，看起来很难对付。<01>,[],layout_only,9afa40c70e729195670ff25bb2f0daad4a6c24f8db6b471e8a4ba71d29ecedf6,8d1822a18bfeca24d3b7d924ba6d30c4e497d37479e00ce42d7b36e07e94e9ea
pm:vm:photonmelodies11.rio.004:1139636328:00015820:00027,cvm,【冥夜】「原来如此，他们的眼神就不一样…………<0A>接下来必须比之前更加谨慎应战」<01>,[],layout_only,c0f6e1d010df34577d89f2a9a9f02db413ca4a4904442154a7f0c8e9f8aa67f3,64288749647e6d13546ad8fb840106a7c9f41ac0dd73f398bbdcca2d7a7b3e7a
pm:vm:photonmelodies11.rio.004:1139636328:00015864:00028,cvm,【武】「说得对」<01>,[],layout_only,fb757356588074b0304c70ce74e9b8be95843109261f3165212fb21ec55d63b8,384dcd0ed1853ce9e1e6399823f23e2dac6101eb269335262119d45d1b5f77a7
pm:vm:photonmelodies11.rio.004:1139636328:00016212:00029,cvm,可是…………她那么直～～～勾勾地盯着，<0A>到底在看谁？<01>,[],layout_only,ff380039f4619f9fe7157df8310a62ea142d647cfdd0e61903a7dc241d7bed05,1b647c6a3594e2403ea75c2d94296d1e36b0179003d4d1762b1b168247be837d
pm:vm:photonmelodies11.rio.004:1139636328:00016268:00030,cvm,【男人】「好了，缪恩，走吧？」<01>,[],layout_only,a6565035e19bc35b9ee8e4fdbbb135eae705514b2096df11416aad7f99e57a45,4de8826eb5e477b96eaadd2ea01bea8bca826d09c3d70d2ed24ebc67ed3e1a4d
pm:vm:photonmelodies11.rio.004:1139636328:00016312:00031,cvm,【缪恩】「……………………」<01>,[],layout_only,668350bad28685a464095d376bb203db9f23215866bbbd83ee34e7ac0da35fb5,a37417438cb3b57feba7ff2f954560e1e5667888ef23de8d571abcc18fbc78e0
pm:vm:photonmelodies11.rio.004:1139636328:00016356:00032,cvm,我？…………好像不是…………。<01>,[],layout_only,6aa065110f869091d917ceddc95b7d254899223e3bb72d275092016e03423720,a8b45c2fffa3bbaf4b89124a25eab0bed67d7b356b2fcef73ae17088ef70c2fc
pm:vm:photonmelodies11.rio.004:1139636328:00016976:00033,cvm,……………………。<01>,[],layout_only,efa30788584cfea7ade60ccc37d7fc6cda943e64935eb133252c341159e58e05,0b3d7aae4004dc9b91522cf9245f879b48b6a3b3d3c28ecbba043ba8207a6df9
pm:vm:photonmelodies11.rio.004:1139636328:00017464:00034,cvm,【千鹤】「…………怎么了？」<01>,[],layout_only,abdb5c2c65ac0ea51ee2cbe08bbc7da8248e68f995293601426e7f35a086fc98,b58bf2a3e3df5d892ceceed09fe4d3287e3163fc42279142302f07a4d67fe371
pm:vm:photonmelodies11.rio.004:1139636328:00017644:00035,cvm,【武】「班长，你是不是又干了什么？」<01>,[],layout_only,33b1cbd0f5f0722dde7c7e0af9f7fb779750cccd8c4cd535fc726d8742a2d9dc,7a35ac8dc74d29875154da14353f874c393a489eb72877df9e16ca79999a8b60
pm:vm:photonmelodies11.rio.004:1139636328:00017876:00036,cvm,【千鹤】「哈？虽然不知道你在说什么，<0A>但能不能别把我和白银同学混为一谈？」<01>,[],layout_only,9fcb67c014b9354cd9513b8e4d28f293fcfcaf49d76d6e7161c63f3acdeee179,0d5bc926e7325c123d0940c34d9e811d94e2b096a03b0ba96885396724e0ba85
pm:vm:photonmelodies11.rio.004:1139636328:00017920:00037,cvm,……………………嗯。<01>,[],layout_only,a54104ee0d74c28088a3363fe9b3a4522fc11e2551b63ce521df17fd9cb9dce7,ca940aa28998c5ffd88775fbb88c340c55e49affd2ccf84d2c93a20007d67b78
pm:vm:photonmelodies11.rio.004:1139636328:00017964:00038,cvm,或许可以故意安排班长上场，<0A>让对方满腔斗志扑个空。<01>,[],layout_only,8cc91f35eadc4b557bd5d9b8ae0243fc540df093d3d9f819852720c22badc2c4,d0335ebdc2da13a534e3a76456093d92260e625a052fed108c4071ec8173da4c
pm:vm:photonmelodies11.rio.004:1139636328:00018084:00039,cvm,【悠阳】「武先生，我们成功了！」<01>,[],layout_only,cd5f9767f5fe9d3f939c7e1d05f4499585b4e52fa074b84848edfc6ff542ba56,7dd2e084ffa281692a959f64190820b42369ce6eb40aa70efc665af9113cdd48
pm:vm:photonmelodies11.rio.004:1139636328:00018128:00040,cvm,【武】「是啊！！」<01>,[],layout_only,d76cb53381cce0f448375aa3d168ace6cd57092b68606a45c3271c84999bf016,8afe9a458348e6314b59fdd1e9f90e8d29e0660742dd6e97e535d8a2bfed5207
pm:vm:photonmelodies11.rio.004:1139636328:00018752:00041,cvm,【月咏】「悠阳大人、武先生，恭喜二位！」<01>,[],layout_only,60a459f25882e6206f636ee97c7d4e33d6d97e64f2edbac5d1ee2db834621a51,94c2d7bee94b6155efbd9532735da40c79285fb43ed9f3b19f25111e0718f2d2
pm:vm:photonmelodies11.rio.004:1139636328:00018808:00042,cvm,【悠阳】「这场胜利，是我与武先生共同取得的…………啊」<01>,[],layout_only,a387eb40f80f1fe85bf7b4fc07ae223bfc0ca3db6dcea772aaffeff58f4a0a06,30be31813ce248ece72c65ce017d5a58519759e7b35f831d3f6876d7d3553660
pm:vm:photonmelodies11.rio.004:1139636328:00019164:00043,cvm,【武】「怎么了？」<01>,[],layout_only,046168ceafda7f97ee7366f0e4c3f4f7897c2ab4777feffca3d15506bd63f7ae,8f34cf5965d2beab719bc5aa6ac971d7b7ba6ad9a90351adfa1c55d61cb2066d
pm:vm:photonmelodies11.rio.004:1139636328:00019396:00044,cvm,【悠阳】「这莫非就是所谓的第一次共同作业吗？」<01>,[],layout_only,bd7c5b0aecfe270bbe61a90f5f9acb2757a4742b9963166cffe97a1a621df67a,18db54face7f6d31f107f25ed481a89d57138a89c201366f5d5d459490fc6dab
pm:vm:photonmelodies11.rio.004:1139636328:00019440:00045,cvm,【武】「我不太清楚那句话有什么深意，<0A>但总觉得不能老老实实点头承认…………」<01>,[],layout_only,f6de46d62f5018a68757ea8c99826649340c25dbdc0c606e7bb665ca890f8f0c,c25836e7542938d2709191a300c3d97841eee680cc47a70401c496973f2f4d3c
pm:vm:photonmelodies11.rio.004:1139636328:00019672:00046,cvm,【悠阳】「哎呀…………又说这种话…………<0A>这没有什么可害羞的」<01>,[],layout_only,f17fbcc8961d74717c79fa433bc125230dd3a23225c51c28c7f9eadd6d657f5d,47618879340b3912a0c023da5a349b3f47cf9dc940791ff7ecb085e0a77982a1
pm:vm:photonmelodies11.rio.004:1139636328:00019716:00047,cvm,【武】「嗯，至少我明白你脑子里已经一片玫瑰色了…………<0A>还真有闲心啊」<01>,[],layout_only,f7fe1a4f13ed4775fc04d848a6397c9e38424ef777b4849a984508398038810e,3d008e1ba6da7b43b0d0c347dd5dead93f8465a2238bcf3011bac79e2a9cf405
pm:vm:photonmelodies11.rio.004:1139636328:00019772:00048,cvm,【悠阳】「别看我这样，我每天都有坚持锻炼」<01>,[],layout_only,0d68e75377a751ed84d55a0beadbb422fc3003c519d42e3c965a0dc27768a5ea,178ae19233b6c31242ae04b418baf37643f4f412bdb54ebe159c89cd094dbc0a
pm:vm:photonmelodies11.rio.004:1139636328:00020004:00049,cvm,【夕呼】「什么共同作业都无所谓啦～，<0A>总之给我赢下去，行吧？B队可是已经输了哦？」<01>,[],layout_only,0d4cd9b4c03b15a601aa31003732dfa9d4d46c31a419eaa5abd8d12d4300509f,85774b4800a13654157ff9cd48d0d76c72e0294e47b814f4353936acc807cb0a
pm:vm:photonmelodies11.rio.004:1139636328:00020496:00050,cvm,【悠阳】「咦！？」<01>,[],layout_only,7c368caa86126c9c417cf6efe098fc2eecd475a6f94120d27943038e7a6a41f0,3439a07a1c32e4189661aa72da91d31ea7a1edfd7ed155e34fbeff6654672f10
pm:vm:photonmelodies11.rio.004:1139636328:00020540:00051,cvm,【武】「真的吗！？」<01>,[],layout_only,2e9aebd171e750c089ba08be57a05426a990dd595100202be50d28bc50ad66d4,55757c2f8ee4f98fbbd862ba166eb3e9d05fc381efa70a78b14cc68c27670db9
pm:vm:photonmelodies11.rio.004:1139636328:00020772:00052,cvm,【夕呼】「白银，真的没问题吧？下一场要是输了，<0A>可就不是开玩笑了。已经白白损失一次机会了」<01>,[],layout_only,9d1b6c95da110ec3e22244b7f70cc7fb63e3acb819fbd4968eb14d11e218dbb0,c3800487f93d082a95aabbc1a99611b3ba4f5831b4ab24cfcafbd40700b6c0f4
pm:vm:photonmelodies11.rio.004:1139636328:00020816:00053,cvm,…………原本应该是伙伴之间比赛…………<0A>无论哪边赢都无所谓的局面，<0A>现在却变成绝对不能输了。<01>,[],layout_only,a93f24e027a0e2e4aefa8e5ab1775d45fd2cdcd108de13612118cbf7087c1200,dc8172852b9720b9939190e872b178fb3a534c85db6b66e919d065f9d667c0e4
pm:vm:photonmelodies11.rio.004:1139636328:00021500:00054,cvm,【武】「没、没问题！接下来我们会全部取胜，<0A>多赛一场少赛一场根本没关系」<01>,[],layout_only,41304dcb5237712667a428fba31e44cdf810f53622c84fe52172cf698b78ded9,5c4e8733cc6131d80d7b6951e28c93f633155bb0708d256d601a3ddbcf31fdc9
pm:vm:photonmelodies11.rio.004:1139636328:00021732:00055,cvm,【悠阳】「这真是个积极的想法。我也这么认为」<01>,[],layout_only,56357d5ef1e7cb6c88e399e300a1bec7dbbd377daff4750dab5365993071941b,a1f1e2d1e346d1b745f9b7840ae50850757288981e9c089483b194fe3b537bd1
pm:vm:photonmelodies11.rio.004:1139636328:00021964:00056,cvm,【夕呼】「…………你们办得到吗？」<01>,[],layout_only,b4b1bb8fd925975901cd495528263ca12943f2b4236e21be7728b07964f837a0,df978b26782971acaf2c430ff33809a7296335948081b3536d794320aff5f509
pm:vm:photonmelodies11.rio.004:1139636328:00022008:00057,cvm,【武】「我们会赢给你看！对吧？！」<01>,[],layout_only,7a5cce571513d2749812e654e3149df89ed32453e42c607ec01d5a9115b90c86,ae4760a7cfc564671ef8b15bf69b14e5aa5c405bbe1312d6986427cfc54ee455
pm:vm:photonmelodies11.rio.004:1139636328:00022376:00058,cvm,【悠阳】「当然」<01>,[],layout_only,1a628ad4b9052908383f033094ffebdf9fdd8ca0636b643b2e58854c3ad35cc7,fa3d32d731f419d7067a3385b1ccc56acd6d74a3f0ce13096f9166b5380d9b16
pm:vm:photonmelodies11.rio.004:1139636328:00022872:00059,cvm,【悠阳】「那么武先生，请立刻考虑下一场的阵容…………」<01>,[],layout_only,96e500a7ed1b15a0b7df047bf3be562e40e68147071f630cd69f87c023db1a3c,71a40c0c78ee9d492b11e548a4b05db23355d73bcf7b4556d75437daa2d05fdb
pm:vm:photonmelodies11.rio.004:1139636328:00022916:00060,cvm,【武】「呃…………我们下一场的对手是…………」<01>,[],layout_only,d16854d09c5afb18d5cf0caa8517e925f290bcd9469f571af2922cbca25fe3d4,d25e86124fac684845d0c45bf440d02e2fa99a06fe10222c201fc85aef911938
pm:vm:photonmelodies11.rio.004:1139636328:00023148:00061,cvm,【月咏】「就是那边的各位」<01>,[],layout_only,2403db3e006657b1a3642f8284041c8fd746ddd0d8f87b76a1d10c627d203cec,71ef8f56119ed5cddc8f2b9388f87149e636e905692317dbd94856dddd13ae0f
pm:vm:photonmelodies11.rio.004:1139636328:00023192:00062,cvm,【武】「咦…………？」<01>,[],layout_only,6f89339b2480107cbb5839c19f9f2232f49962fc19025bf7e2be3b170f1b1d68,cff1150ccd1e336776d839ebdd3abb90457d7f0dec81697b4a75a41c241c3081
pm:vm:photonmelodies11.rio.004:1139636328:00023680:00063,cvm,…………原来如此，看起来很难对付。<01>,[],layout_only,9afa40c70e729195670ff25bb2f0daad4a6c24f8db6b471e8a4ba71d29ecedf6,c86a2019302064d01e3e8858e82a056957152237293860092de05cc6c376e52a
pm:vm:photonmelodies11.rio.004:1139636328:00023736:00064,cvm,【夕呼】「哎呀呀…………斗志满满呢～」<01>,[],layout_only,b25a7d77d1eb86cb0a78ec75db8a6775810981ba4c1ffd959cfe11ed31e0898b,d419344155e680f627a85034b805bba4491de0119a794ea31721788c10db8767
pm:vm:photonmelodies11.rio.004:1139636328:00023780:00065,cvm,【武】「是啊…………」<01>,[],layout_only,5b26bbc345031cd310c621a7a9f32ea25c6b197536f754e2b2140c677cfcf33d,0bc3b9f32e3038c61dbd095f7449a06a8600bd4b32be516255e8917491d502ce
pm:vm:photonmelodies11.rio.004:1139636328:00024136:00066,cvm,可是…………她那么直～～～勾勾地盯着，<0A>到底在看谁？<01>,[],layout_only,ff380039f4619f9fe7157df8310a62ea142d647cfdd0e61903a7dc241d7bed05,1b647c6a3594e2403ea75c2d94296d1e36b0179003d4d1762b1b168247be837d
pm:vm:photonmelodies11.rio.004:1139636328:00024192:00067,cvm,【男人】「好了，缪恩，走吧？」<01>,[],layout_only,a6565035e19bc35b9ee8e4fdbbb135eae705514b2096df11416aad7f99e57a45,4de8826eb5e477b96eaadd2ea01bea8bca826d09c3d70d2ed24ebc67ed3e1a4d
pm:vm:photonmelodies11.rio.004:1139636328:00024236:00068,cvm,【缪恩】「……………………」<01>,[],layout_only,668350bad28685a464095d376bb203db9f23215866bbbd83ee34e7ac0da35fb5,a37417438cb3b57feba7ff2f954560e1e5667888ef23de8d571abcc18fbc78e0
pm:vm:photonmelodies11.rio.004:1139636328:00024280:00069,cvm,我？…………好像不是…………。<01>,[],layout_only,6aa065110f869091d917ceddc95b7d254899223e3bb72d275092016e03423720,a8b45c2fffa3bbaf4b89124a25eab0bed67d7b356b2fcef73ae17088ef70c2fc
pm:vm:photonmelodies11.rio.004:1139636328:00024900:00070,cvm,……………………。<01>,[],layout_only,efa30788584cfea7ade60ccc37d7fc6cda943e64935eb133252c341159e58e05,0b3d7aae4004dc9b91522cf9245f879b48b6a3b3d3c28ecbba043ba8207a6df9
pm:vm:photonmelodies11.rio.004:1139636328:00025132:00071,cvm,【千鹤】「…………干嘛？」<01>,[],layout_only,1dabcc220454d2afc759ac108990827fcb787ed721a037e6205c30df07ac5dee,4866a096c0d69386b0d7ab581ea419a4a2d1bc3a450ae3f8fea6eb774f079fff
pm:vm:photonmelodies11.rio.004:1139636328:00025176:00072,cvm,【武】「班长，你认识那些人吗？」<01>,[],layout_only,7a9a0c798a31a8949a7c8ac815b4c6155dc6cb48e24d251761b5fea2b382e309,123d24141aab3c96e59d7066cfa4583df8402a8e01c38d0cb6c88a5fd0a003ce
pm:vm:photonmelodies11.rio.004:1139636328:00025408:00073,cvm,【千鹤】「咦？…………不认识」<01>,[],layout_only,437af6d6a762b25aa114c0c3d7d1a54c10df3be8d2f6c81aab2d2c3ac9a658e5,6941c3302f69d3a20203e532fed14dcab587358c37192499db924a7c11855810
pm:vm:photonmelodies11.rio.004:1139636328:00025452:00074,cvm,【武】「也就是说，你在不知不觉间又干了什么，对吧」<01>,[],layout_only,6ef327c911104384ed0c9e6455283565a5f0e7cf73da6a24036a83e96231e41d,28e870f869961ee19a950076ff0f6ead60324d3968f3715b2df1832bd9d2ab3b
pm:vm:photonmelodies11.rio.004:1139636328:00025684:00075,cvm,【千鹤】「什么叫做过什么？太失礼了！」<01>,[],layout_only,c757ddc2cf764e0c0cf567ed3c92429f2e00a7931509077a0ffb3d64ee1be371,04f552fde1fdcd81aff88bea277c70ad9321c45df3c384aef1c65881573bebbd
pm:vm:photonmelodies11.rio.004:1139636328:00025728:00076,cvm,……………………嗯。<01>,[],layout_only,a54104ee0d74c28088a3363fe9b3a4522fc11e2551b63ce521df17fd9cb9dce7,ca940aa28998c5ffd88775fbb88c340c55e49affd2ccf84d2c93a20007d67b78
pm:vm:photonmelodies11.rio.004:1139636328:00025772:00077,cvm,或许可以故意安排班长上场，<0A>让对方满腔斗志扑个空。<01>,[],layout_only,8cc91f35eadc4b557bd5d9b8ae0243fc540df093d3d9f819852720c22badc2c4,d0335ebdc2da13a534e3a76456093d92260e625a052fed108c4071ec8173da4c
pm:vm:photonmelodies11.rio.004:1139636328:00025892:00078,cvm,【千鹤】「白银同学，我们成功了！」<01>,[],layout_only,d7354f03f92bdb7d8d36652014626eed2ce228504218cfd1340aea092d77e700,36a0e9726b079f15ba1d1bf974206901801b5a1b1e70784d404fcd8860098f6c
pm:vm:photonmelodies11.rio.004:1139636328:00025936:00079,cvm,【武】「是啊！！」<01>,[],layout_only,d76cb53381cce0f448375aa3d168ace6cd57092b68606a45c3271c84999bf016,8afe9a458348e6314b59fdd1e9f90e8d29e0660742dd6e97e535d8a2bfed5207
pm:vm:photonmelodies11.rio.004:1139636328:00026568:00080,cvm,【月咏】「武先生、榊小姐，恭喜二位！」<01>,[],layout_only,3bd997376b4e323f140e159155834567bfb5f85d4dff84787e28d779e106a6a4,df3d905881683ec46077cb0721bbefcb36cba61ff7cbf7669e837e1c1ffc85f8
pm:vm:photonmelodies11.rio.004:1139636328:00026612:00081,cvm,【武】「哈哈哈，不过嘛，基本都是我的功劳」<01>,[],layout_only,f85649d9a923c5f21324e4c0df95e1bff812bce1478e56eb2ea19ddf0f41231d,e31a3afc2211d9203dbac7e817cce730640d02fc873c90e8fa89289134165c71
pm:vm:photonmelodies11.rio.004:1139636328:00026844:00082,cvm,【千鹤】「你爱这么想就这么想吧？<0A>面对一个没发现是我把功劳让给他、还在那里得意忘形的人，<0A>我可没残酷到非要告诉他真相哦？」<01>,[],layout_only,7fff041ff6d115117df1af53767492f785f6e804d07eb51b98426270e91a1f24,80e99b3d39625db39669a8c5dc930ecc4c6e8e63ec0a2f9b8b85bf7265c02123
pm:vm:photonmelodies11.rio.004:1139636328:00026888:00083,cvm,【武】「可恶…………」<01>,[],layout_only,11b3b5d47f3fa0cd377b03ea5b423ae15d3ab52871f57f9a5da0568aee833741,e110238277f4027bf8bf0cfe35f394d79557140db8f09c0957b51d58839d5d66
pm:vm:photonmelodies11.rio.004:1139636328:00027120:00084,cvm,【千鹤】「呵呵呵呵…………」<01>,[],layout_only,071d0f03877e353e38a309081a3b697df45df62189378b7c239697cc113323c4,99049468ac42846f312968e8a36808741f02b4c135c3ec4b1be104cd2a3178d2
pm:vm:photonmelodies11.rio.004:1139636328:00027352:00085,cvm,【夕呼】「打情骂俏倒是无所谓～，不过B队已经输了哦？」<01>,[],layout_only,5573914e08307ff0ac394414f405921a033c8389b6e944eaf6c31539b396bc67,61cafe9540bf536e4a218b752281f70dc20829295edfeef25260ba2f7cf35c10
pm:vm:photonmelodies11.rio.004:1139636328:00027708:00086,cvm,【千鹤】「咦…………真的吗？！」<01>,[],layout_only,3353bde8ae216508cf60b112740a3bc52f607644def0333534ce1edfe01bc0ee,d41fb0ff84fb9e6050a0240459971122f525beafbadba4f39c968c0c32ba195d
pm:vm:photonmelodies11.rio.004:1139636328:00027940:00087,cvm,【夕呼】「白银，真的没问题吧？已经损失一次机会了哦？」<01>,[],layout_only,84f019045d0995132d8212b5350a9088d9f63e9e2fbf2a7513ecb8c8b4abbd1f,7ff5f6b78345a0b0c867913d41a236898201f051feb7c9a0bdaf0700f1f6a99e
pm:vm:photonmelodies11.rio.004:1139636328:00028172:00088,cvm,【千鹤】「下一场比赛，已经不能输了」<01>,[],layout_only,00becf590cd1c68d502377f11e2eb365b3a879ddd5307c9cbbbceffd7526f8c6,ea4cfb201dafeb352212d427134a2de6e49a028aa6b2f82f28467f52c8843bc9
pm:vm:photonmelodies11.rio.004:1139636328:00028216:00089,cvm,【武】「没、没问题！接下来只要A队全部取胜就行了！<0A>我们从一开始就是这么打算的，多赛一场少赛一场根本没关系」<01>,[],layout_only,efcc9435cb4fab6a1cb26d1c12daf46d06a6341be21cdb6a80189e1a24646b80,4638cbaba1628cb6761ea09fa908a489a2ae1545a61a00f27c1f487c1b8e1deb
pm:vm:photonmelodies11.rio.004:1139636328:00028260:00090,cvm,究竟由哪支队伍来赢先放一边，反正我们从一开始，<0A>就没想过自己会输。<01>,[],layout_only,d2d7b391386606906b1924b16dbd44cf8fa5494a514e7930fe3c4413ed7c95ab,c2988380302063e63d468685f2172955af1c91ec44e9760404d4c803a31b30ba
pm:vm:photonmelodies11.rio.004:1139636328:00028492:00091,cvm,【千鹤】「…………你稍微现实一点吧」<01>,[],layout_only,cc8220f7ac2b8ccbdd4396856258a49c0228e7f6841e50f7c7fc5a4c1dbb99e1,e8922f0b154365d50bca1f1593f2eb7f000551759d4b718b6dc551c069d47405
pm:vm:photonmelodies11.rio.004:1139636328:00028536:00092,cvm,【武】「什么嘛——」<01>,[],layout_only,483cde391eac5e9861d8d50cdc75c224d73dc1a49fe4e9e721454e6354bb8e7d,237eb0acba0ae2124246146e8a8dd8bd0027cede3650aff8bedf0eaa672007cf
pm:vm:photonmelodies11.rio.004:1139636328:00028768:00093,cvm,【千鹤】「不过，我也不讨厌这种想法。<0A>在这里变得悲观，也只会招来失败」<01>,[],layout_only,a4c347b9e23701807e3b77d55ad94505686fb8288ba1d6464ffcaa454961232f,7d4e1a0d60af83c6789cca083478a5e98f7d6b070c8ec236a520475d54f0e561
pm:vm:photonmelodies11.rio.004:1139636328:00029000:00094,cvm,【夕呼】「你可是说过要夺冠的哦？」<01>,[],layout_only,d8cda6b28716631126f674045698d4c9871eb6644838499d9481e807d5d274fd,48f36414cf6e0e2dac2d85cfd4ceb755d7edfcd93642a61f1b46fd257fb92de1
pm:vm:photonmelodies11.rio.004:1139636328:00029044:00095,cvm,【武】「我当然就是这么打算的」<01>,[],layout_only,f72ac03e94977aac51bbcc29534b5d53cc05ae2c07a3fe0d8549f4bdb84e746b,194a9f66db2a603c6cc7ef869f6455d23b024ec99882550e784b6f6057b4b9ba
pm:vm:photonmelodies11.rio.004:1139636328:00029748:00096,cvm,【千鹤】「好了，白银同学，来考虑半决赛的阵容吧」<01>,[],layout_only,92533881055f8565be85e9af91f26b8c3300810c40344ab469d517e7a7270f0f,5f19a5fa0a1394462a522fdf153c1b811c7911247579002267ba0324989725aa
pm:vm:photonmelodies11.rio.004:1139636328:00029792:00097,cvm,【武】「对啊…………呃…………下一支队伍是…………」<01>,[],layout_only,f066aa72a6d4a84b42f23d34e4bd94e867e479940ba858e73e66cc09e89b33f9,fe88dabc44bd02832aee0a06d6b19e80d010ad2656bcc57c67af51acb875ba8d
pm:vm:photonmelodies11.rio.004:1139636328:00030024:00098,cvm,【夕呼】「不就是那支？在那边看着我们呢」<01>,[],layout_only,67074a844e8a2613fa6c3866bcb9b4bdfca6718724314ddf57ede6b6222227eb,4a6ad1dfaff3bfa032b78156bb4a444ccb89f84f72ee52041affa41b7a11f86d
pm:vm:photonmelodies11.rio.004:1139636328:00030080:00099,cvm,【千鹤】「咦…………？」<01>,[],layout_only,350827ce4e9e6f05d8405ec4256c01fe2e9509a27fba3405ce764970e8ee955e,30d5c169feb4f24aa51e3ad4898d7c044a3c6113f7ec6c8218a28c1da0f4605d
pm:vm:photonmelodies11.rio.004:1139636328:00030568:00100,cvm,【武】「原来如此，看起来很难对付」<01>,[],layout_only,7ea803519ced3b5ab18b8f1e4c8fdb01b765e1c834e3e5b842d909814e259448,0b465393208cd4f86a2db75a2e8b85baeb60971354433d22dd66d76741467854
pm:vm:photonmelodies11.rio.004:1139636328:00030624:00101,cvm,【月咏】「他们的眼神果然不一样…………」<01>,[],layout_only,57a2d5bafe43940ba96d72943353452c7a99e33fe10addc43ef0bbd4f8f7efb7,9215371fe036171c5ff26671cc8a1b713192189fcaae16adf8cde048414d1989
pm:vm:photonmelodies11.rio.004:1139636328:00030980:00102,cvm,【武】「可是…………她为什么，那么凶狠地瞪着班长？」<01>,[],layout_only,0144c8de05345889d33ce9bac3b11c4fd4ee64d8b372309c06c95a7657156387,7a2b69363bbfefff49a1fccdd965ec5b5b3b76bfb23630423229b8ecb8b04a7f
pm:vm:photonmelodies11.rio.004:1139636328:00031036:00103,cvm,【男人】「好了，缪恩，走吧？」<01>,[],layout_only,a6565035e19bc35b9ee8e4fdbbb135eae705514b2096df11416aad7f99e57a45,4de8826eb5e477b96eaadd2ea01bea8bca826d09c3d70d2ed24ebc67ed3e1a4d
pm:vm:photonmelodies11.rio.004:1139636328:00031080:00104,cvm,【缪恩】「……………………」<01>,[],layout_only,668350bad28685a464095d376bb203db9f23215866bbbd83ee34e7ac0da35fb5,a37417438cb3b57feba7ff2f954560e1e5667888ef23de8d571abcc18fbc78e0
pm:vm:photonmelodies11.rio.004:1139636328:00031136:00105,cvm,【千鹤】「咦？她看的不是我吧？是你吧？」<01>,[],layout_only,2a1f8487befafaeaa1584e5c3c0c6f8ef70129d4fcd6c7c0ea30ea72bc95b1b5,705e116d19711b97152ebcbd9599c8fc0b854a996faf3db791afc17435328402
pm:vm:photonmelodies11.rio.004:1139636328:00031180:00106,cvm,【武】「不不，怎么看都是班长你！<0A>你肯定又在哪里干了什么吧？」<01>,[],layout_only,1be75f5dd2e5996d90d1721d9f976d2be721aa9a3311aef42fd49a4a639e43ca,75205a7486beebce3587b74a3921ee1d391bb80270de9456502c37dbc500641b
pm:vm:photonmelodies11.rio.004:1139636328:00031236:00107,cvm,【千鹤】「你这是什么意思！」<01>,[],layout_only,be6df6d3a801fbbc37c781a95111b06bbf38e021db8e65ad7c21cde0763009df,e7d82cf27200bbf4280c1c4dc6739b4e2e94e4d90876ea08f935c32e42d5d2f1
pm:vm:photonmelodies11.rio.004:1139636328:00031280:00108,cvm,【武】「你是不是随便拦住路人，把人家训了一顿啊～？」<01>,[],layout_only,866e767e30e97ab144f7659e936a497abcf78dbeef4e419b29b16b6bf2960e48,60106a2cf6e2a09f4f9dd96621a448504019d37944de556c5053afc171df100a
pm:vm:photonmelodies11.rio.004:1139636328:00031336:00109,cvm,【千鹤】「我为什么非得做那种事！」<01>,[],layout_only,6cebe5c13988285e81583b33d1eaae7ce0cc9987aec206283cea0c156bf4a8e1,d6b1e310d86e3b88827ce99e6f0956739c6f5dbc92fc0191178ab26622c71db8
pm:vm:photonmelodies11.rio.004:1139636328:00031824:00110,cvm,【武】「那…………是怎么回事？」<01>,[],layout_only,1eeaadde7be8a3c1a01a61a8e849365ebde74b5404f3259b26e5a5b1e80a84f0,3af674dc30451b76282747d6508ac389445df0c27016db9dc558d0fc1c509139
pm:vm:photonmelodies11.rio.004:1139636328:00031880:00111,cvm,【千鹤】「我怎么可能知道！」<01>,[],layout_only,3b4900f540a7476bb18ab5b805529c8fc4f6010e30dca7a8103bce835eb1f390,034c68936b4941f019a0d291f67c2e22c5e971fc60518c35959546473b187242
pm:vm:photonmelodies11.rio.004:1139636328:00032032:00112,cvm,啊…………走掉了。<01>,[],layout_only,182c87b4e2fd6e14a5897b7199acf4745a3351bb041f4c434ef112cca6e77bdb,0480c504c9cdec6522200e658fd1b0d06ca03fa7e792050d8e2a026a8e85f852
pm:vm:photonmelodies11.rio.004:1139636328:00032088:00113,cvm,【千鹤】「到底是怎么回事？只是来侦察的？」<01>,[],layout_only,e8acb3e84ee1788b784407ed581209fc185a043389ef458c96dd14e8962823f9,1e4cda61803dc5a0434d0abfc3fc3c75c3ea325befe73c297fc2fc6e6f17ab8a
pm:vm:photonmelodies11.rio.004:1139636328:00032132:00114,cvm,……………………嗯。<01>,[],layout_only,a54104ee0d74c28088a3363fe9b3a4522fc11e2551b63ce521df17fd9cb9dce7,ca940aa28998c5ffd88775fbb88c340c55e49affd2ccf84d2c93a20007d67b78
pm:vm:photonmelodies11.rio.004:1139636328:00032176:00115,cvm,或许可以让班长连续出场，<0A>让对方高涨的斗志扑个空。<01>,[],layout_only,3404fb34d624b17e83cb1f012f4a9ed608ec787282de413af891b8b83d79ce17,95c0a57298c2278e8e3641f0637534c380cdafe53200bf41b7554a0253cd8f8b
pm:vm:photonmelodies11.rio.004:1139636328:00032220:00116,cvm,虽然不知道这种小伎俩到底有没有用。<01>,[],layout_only,cd1e607a4977d0512bf3da34d8450f0d9b278ae65b7947befb0a71b348bcd7f4,0c66f7615106329212288bfb723f367aac1bd1b8ba8f94f08d51f1769dc9f30f
pm:vm:photonmelodies11.rio.004:1139636328:00032340:00117,cvm,【茜】「成功了，白银同学！！」<01>,[],layout_only,089be9417add5db3e68135d0451b8a2f49cff0be919f1360f39984261ee11170,5a98d315970a30a0f51f25eec23f968a15e4e3bddd1ea9a3c110aa5ba088a209
pm:vm:photonmelodies11.rio.004:1139636328:00032384:00118,cvm,【武】「当然！！」<01>,[],layout_only,1de1b0cf06e10ec141e29cfc08a0b4ac493c72dbc8daea7138e9555e37fbc9ab,8115ed19d6d4b184c15d3827bf55d1843178e79fbfc5964dbb1af6ae452743c4
pm:vm:photonmelodies11.rio.004:1139636328:00033008:00119,cvm,【月咏】「武先生、凉宫小姐，恭喜二位！」<01>,[],layout_only,b804ba1a2e2a85960ee8945863c11b5c4e2f742d6fd58332c9a00df57c958d14,a8067db994eab5ffab9c4a1d30ba41040ead823a6862584304b8544decda20dc
pm:vm:photonmelodies11.rio.004:1139636328:00033052:00120,cvm,【武】「这个嘛，也就这么回事！」<01>,[],layout_only,9a752263e636aa8c766d5b95afa2828833712a7288ec733b6555238b86fc4ac2,02be749028d6d97302d140e0a9e1a959c186f0a3631dcd30319826ec9b29148a
pm:vm:photonmelodies11.rio.004:1139636328:00033284:00121,cvm,【茜】「不过，全都是我的功劳」<01>,[],layout_only,f14518d8f3beef54f6ed54af985907bc0d0accf309e5640706eb93cb1b8f3c3d,7bfdab8b26dc6d59f91fb4fbaef2f3c76341bb92df7f4908fc76c320dd928125
pm:vm:photonmelodies11.rio.004:1139636328:00033328:00122,cvm,【武】「你在说什么呢？」<01>,[],layout_only,f6a5f3c39843ce327df2d0df7ab58c9a8882ac6c8ca06fc039e38a2a2d33519c,e2045a98b3a85610e0611db74899f1bf629b05d6d07a33080a648b452cd32014
pm:vm:photonmelodies11.rio.004:1139636328:00033560:00123,cvm,【茜】「本来就是啊。不但完全没有爆发力和弹跳力，<0A>就连最关键的耐力也没有…………」<01>,[],layout_only,84c2e9e4c6b3056f0d17884aa38af8e552d829513b03b2d7fd342f556006785b,20205e2572cd1c28f086f2bfaeb5dbcb969685a9343a7d26beac8ecb0306359f
pm:vm:photonmelodies11.rio.004:1139636328:00033604:00124,cvm,【武】「有、有必要说到这个地步吗…………」<01>,[],layout_only,1625ad7cf3bf84a19e3525fb6a36bbced28aa7a082da2492106593d0275328f2,fc404a770c6f8147ddb1351504dbf300fdfcdb46cb47371b79a49973cf2845ac
pm:vm:photonmelodies11.rio.004:1139636328:00033836:00125,cvm,【夕呼】「凉宫～，再欺负下去就太可怜了，<0A>饶了他吧」<01>,[],layout_only,2f76c43c33e7ceda613a27d6665da93cb9f9443b629c797bb85b6ba27bd1ef94,80172fbac1292fbc453ce034e0145fd13c955848ecf61ba147e8cd0486db48d6
pm:vm:photonmelodies11.rio.004:1139636328:00034068:00126,cvm,【茜】「说得也是」<01>,[],layout_only,51d96d8bd646aad3da1f3b05a0ba8c4515987e1a5915f85150948f558d6ed220,96e44d0b7ca6f35a948aa1d49fb810a7ec8e2c37fc8728e2d788bfd529f66310
pm:vm:photonmelodies11.rio.004:1139636328:00034112:00127,cvm,【武】「呜啊！」<01>,[],layout_only,7dc0953bda422fa81f5a711e2850ecb38b753e39acb5f07cd968e9a6459cd08e,56ba72db57982c70ac230ebe8453a81696b44702c856265bf3a8654b698ba55a
pm:vm:photonmelodies11.rio.004:1139636328:00034532:00128,cvm,【筑地】「茜～～！太厉害了，太厉害了！！」<01>,[],layout_only,062823485e717bfa352ec1bf09e02bbb101f58394749f7a0accda46c6a506c91,a2344f0c72548efc19acaa16b0d7ee670977c82d5f477a769d4511473477c009
pm:vm:photonmelodies11.rio.004:1139636328:00034588:00129,cvm,【茜】「差不多就是这种水平啦！」<01>,[],layout_only,766660b6a7a8f8cc2de99d1cd6206595695e9f152c9cc1a9c36828a4d718a2e6,ffd29a795789c81737da10100970b4988f10b3272409cc0730ac8ebdbe3a6f09
pm:vm:photonmelodies11.rio.004:1139636328:00035152:00130,cvm,【遥】「茜～，恭喜你！」<01>,[],layout_only,0799aa0f95d79c27757c85b9f9075d66a8a8645a33662556dd7f82aea1ecba61,ed6b80fea26e4eda6b58a063a7cb76770d8f29efecdd4c8a086ba3cc622b26fe
pm:vm:photonmelodies11.rio.004:1139636328:00035516:00131,cvm,【水月】「就照这个势头拿下冠军吧？」<01>,[],layout_only,0c9713fc476ff03ab103535a7223a4ed45bf14ef3c404e6f671255c02cee89b9,e0b8b53800d7ed5dc179ee5e4a717960fa2e0792ac30692de38ff95ebe33db76
pm:vm:photonmelodies11.rio.004:1139636328:00035572:00132,cvm,【茜】「啊哈哈…………说得对！」<01>,[],layout_only,0aa59cfb3bc5fbf6a716007ff8fb054e3e73df17809fe57f070d1dd565ce9648,c3a9848f142c3ec9e18239a8535acc7996766acf02801009ea5be75ee760f384
pm:vm:photonmelodies11.rio.004:1139636328:00035616:00133,cvm,……………………。<01>,[],layout_only,efa30788584cfea7ade60ccc37d7fc6cda943e64935eb133252c341159e58e05,0b3d7aae4004dc9b91522cf9245f879b48b6a3b3d3c28ecbba043ba8207a6df9
pm:vm:photonmelodies11.rio.004:1139636328:00035660:00134,cvm,怎么回事？这种疏离感…………。<01>,[],layout_only,203d49af1297e9ee62eaa87697e11e1b4eb3ac16a5b56beeed68b448aa779e8f,63dda258ab1f3853e1cd94c9c8155b610a6f5b4a193268292456ca809f2041d4
pm:vm:photonmelodies11.rio.004:1139636328:00035716:00135,cvm,【夕呼】「不好意思打断你们庆祝…………<0A>B队已经输了哦？」<01>,[],layout_only,c9220121a34d5ed67f1d7945579a6a0eb9325478a16b0d916d555104799f7282,46e569565d480a5a75e752322455d256cd103acbe62944cf5d736df37887ca61
pm:vm:photonmelodies11.rio.004:1139636328:00036328:00136,cvm,【武】「咦！？」<01>,[],layout_only,faff4824497fadc39a734d288217ce28f8f6fbd9bb597cc753818832eedb0b12,84c9d3291eb08ec29a740d0d205b37a2a3958d6aed50547f49878adf26e9c480
pm:vm:photonmelodies11.rio.004:1139636328:00036384:00137,cvm,【茜】「真的吗！？那么，我们两队已经没法交手了…………<0A>真遗憾！」<01>,[],layout_only,3d746720f0cfdf32496d3ed59858f4ff1633fe135b5d935c7ecfabd8526996f8,558d9264d2bab6f9682e20f4411bbe0059c9b31d3ca9fcdf3208006005f1037a
pm:vm:photonmelodies11.rio.004:1139636328:00036616:00138,cvm,【夕呼】「白银，真的没问题吧？<0A>下一场比赛，已经不能输了哦？」<01>,[],layout_only,a4f1007a7c3c76fb9765e0f48a482abb8fa75df56a0dec367d30c6e7c336db9d,fe12556540fe0e49a242dd9546cbb90394e85f0a43757d194f31f32b9296f5d3
pm:vm:photonmelodies11.rio.004:1139636328:00036660:00139,cvm,【武】「总之只要获胜就行！简单明了！」<01>,[],layout_only,db414073805531c7412e5072483f4d2536dd4166547f587bfdac18fc6a5866a7,0669a625e99755ce498e5cda1ef6cdf2767e7883219113ea223787f762363162
pm:vm:photonmelodies11.rio.004:1139636328:00036892:00140,cvm,【茜】「话是这么说…………办得到吗？」<01>,[],layout_only,7f4d14ee6edff507f166df2bfeb526d43263eeb542ea73dc02f8307274d64910,15b8ad3a69e606cd693d669298e527e5e22d106c8e2592961185a55f533901da
pm:vm:photonmelodies11.rio.004:1139636328:00037124:00141,cvm,【夕呼】「…………办得到吗？」<01>,[],layout_only,b4b1bb8fd925975901cd495528263ca12943f2b4236e21be7728b07964f837a0,df978b26782971acaf2c430ff33809a7296335948081b3536d794320aff5f509
pm:vm:photonmelodies11.rio.004:1139636328:00037168:00142,cvm,【武】「干、干什么啊～！连凉宫也这样！<0A>好，我会做到给你们看的！」<01>,[],layout_only,587c5a2e3fef26b32730c9af975a20ba4b33122b64e7f93058e111b0ebac3540,968884fc52a893a3bd39b3e3a685ff3753618ed68a18dbd957440a9cef420840
pm:vm:photonmelodies11.rio.004:1139636328:00037664:00143,cvm,【茜】「那么，我也努力一把吧！」<01>,[],layout_only,136dcb344fe103df27fe2a3d0b4ad5eb562289f56c7e58e0b100e36d0056197a,95b1d53b969ed5ed6a7058cf6903fcee2112f45a16285cce8d47a06e4fa84883
pm:vm:photonmelodies11.rio.004:1139636328:00037708:00144,cvm,【武】「好——，那就立刻研究半决赛的战术！！」<01>,[],layout_only,46e3565a6e48692c7b89ae2d7e0d5dd5ff49ea8db8ad455ae9bf1896b8840065,8920b2304a953cbcc110a5ce607c25e79dac55d41a06d53188e4cf5d26de3529
pm:vm:photonmelodies11.rio.004:1139636328:00038412:00145,cvm,【茜】「我说，下一队都是什么样的人？」<01>,[],layout_only,4a27a3d9a4225f1c5f87c32c54528fd470c310af42049236f6f3638a4adb20bb,ae3518ed2da75cda87d8d7de7536f0d297eba82e3fb468341c4db84ae5468bf6
pm:vm:photonmelodies11.rio.004:1139636328:00038644:00146,cvm,【月咏】「就是那边的各位」<01>,[],layout_only,2403db3e006657b1a3642f8284041c8fd746ddd0d8f87b76a1d10c627d203cec,71ef8f56119ed5cddc8f2b9388f87149e636e905692317dbd94856dddd13ae0f
pm:vm:photonmelodies11.rio.004:1139636328:00038856:00147,cvm,【武】「咦…………？」<01>,[],layout_only,6f89339b2480107cbb5839c19f9f2232f49962fc19025bf7e2be3b170f1b1d68,cff1150ccd1e336776d839ebdd3abb90457d7f0dec81697b4a75a41c241c3081
pm:vm:photonmelodies11.rio.004:1139636328:00039344:00148,cvm,…………原来如此，看起来很难对付。<01>,[],layout_only,9afa40c70e729195670ff25bb2f0daad4a6c24f8db6b471e8a4ba71d29ecedf6,c591a057df50b72b3766c0fc98fdb78bb93a6c5db0e93983b1e9091f118499c4
pm:vm:photonmelodies11.rio.004:1139636328:00039400:00149,cvm,【茜】「哇～～～果然，到了半决赛，斗志就是不一样…………」<01>,[],layout_only,5dbac18fae609057234d84aa72b8ebaf4913b19c580fbd16478b898722734aeb,8b57ed6d7665f7fd2799d8ba873af80337c19e4a0e97346b5d1330aeeaebe363
pm:vm:photonmelodies11.rio.004:1139636328:00039444:00150,cvm,【武】「我们这边也一样吧！」<01>,[],layout_only,b3c89b2e066184a852913949b81ff3c7ebe40f73ae7741af322f2ce739359d11,2f260e6d29de1904d903c46ab3624f40b4cee0c22b75c812da52f519da7cdd8c
pm:vm:photonmelodies11.rio.004:1139636328:00039792:00151,cvm,可是…………她那么直～～～勾勾地盯着，<0A>到底在看谁？<01>,[],layout_only,ff380039f4619f9fe7157df8310a62ea142d647cfdd0e61903a7dc241d7bed05,1b647c6a3594e2403ea75c2d94296d1e36b0179003d4d1762b1b168247be837d
pm:vm:photonmelodies11.rio.004:1139636328:00039848:00152,cvm,【男人】「好了，缪恩，走吧？」<01>,[],layout_only,a6565035e19bc35b9ee8e4fdbbb135eae705514b2096df11416aad7f99e57a45,4de8826eb5e477b96eaadd2ea01bea8bca826d09c3d70d2ed24ebc67ed3e1a4d
pm:vm:photonmelodies11.rio.004:1139636328:00039892:00153,cvm,【缪恩】「……………………」<01>,[],layout_only,668350bad28685a464095d376bb203db9f23215866bbbd83ee34e7ac0da35fb5,a37417438cb3b57feba7ff2f954560e1e5667888ef23de8d571abcc18fbc78e0
pm:vm:photonmelodies11.rio.004:1139636328:00039936:00154,cvm,我？…………好像不是…………。<01>,[],layout_only,6aa065110f869091d917ceddc95b7d254899223e3bb72d275092016e03423720,a8b45c2fffa3bbaf4b89124a25eab0bed67d7b356b2fcef73ae17088ef70c2fc
pm:vm:photonmelodies11.rio.004:1139636328:00040556:00155,cvm,……………………。<01>,[],layout_only,efa30788584cfea7ade60ccc37d7fc6cda943e64935eb133252c341159e58e05,0b3d7aae4004dc9b91522cf9245f879b48b6a3b3d3c28ecbba043ba8207a6df9
pm:vm:photonmelodies11.rio.004:1139636328:00040788:00156,cvm,【千鹤】「…………干嘛？」<01>,[],layout_only,8f1b6fdbb673ebd2b59a980fb370fd0fe0638d5ed45ddda5a22cf7a796339a68,183494ed19b4761cb748f2852e32339a4022de4fa20fd83ba5663e4a522988a0
pm:vm:photonmelodies11.rio.004:1139636328:00040832:00157,cvm,【武】「看起来你到处都会惹人记恨嘛～～～～，<0A>还都是在不知不觉间」<01>,[],layout_only,c170d922c6fe1c6c575f4f6abe39cb766f83fea0940d2160de6900fae92bce94,cde9050dca03979630bf806bacae82a776a97e6212fbe5ba694872c08dc8a5ab
pm:vm:photonmelodies11.rio.004:1139636328:00041064:00158,cvm,【千鹤】「突然说什么呢？太失礼了！！」<01>,[],layout_only,8ed27fe3f60b03fceda5993730006757b39be78c6d87835b1d0e01b602171166,02431d12ed84ff009254037e06dbf757716cea7ff07f7fb96ad7299c229fc61f
pm:vm:photonmelodies11.rio.004:1139636328:00041108:00159,cvm,……………………嗯。<01>,[],layout_only,a54104ee0d74c28088a3363fe9b3a4522fc11e2551b63ce521df17fd9cb9dce7,ca940aa28998c5ffd88775fbb88c340c55e49affd2ccf84d2c93a20007d67b78
pm:vm:photonmelodies11.rio.004:1139636328:00041152:00160,cvm,或许可以故意安排班长上场，<0A>让对方满腔斗志扑个空。<01>,[],layout_only,8cc91f35eadc4b557bd5d9b8ae0243fc540df093d3d9f819852720c22badc2c4,d0335ebdc2da13a534e3a76456093d92260e625a052fed108c4071ec8173da4c
pm:vm:photonmelodies11.rio.004:1139636328:00041272:00161,cvm,【美琴】「太好了！武～～我们赢了～～！！」<01>,[],layout_only,56e9a4ece128938570ac8bae712afc957bf80070b58cb0da952d1756a1a06b79,339ebef2aafbfa3430fa95b65b64c9337381f987104c5f459651db663e1784f2
pm:vm:photonmelodies11.rio.004:1139636328:00041316:00162,cvm,【武】「当然！！」<01>,[],layout_only,1de1b0cf06e10ec141e29cfc08a0b4ac493c72dbc8daea7138e9555e37fbc9ab,743d0301b3274e18838ce055673061bdd719c660a5275a4c2949795de251c4e1
pm:vm:photonmelodies11.rio.004:1139636328:00041940:00163,cvm,【月咏】「武先生、铠衣小姐，恭喜二位！」<01>,[],layout_only,df477e126291b1aedf7bf4bb2fc9d54e27847afeb81a982c394ecddf5ddb3b0a,7c5f0d31b659f39dba1984a2bd76c4f410cae5008d8081ad66f25c217caadb35
pm:vm:photonmelodies11.rio.004:1139636328:00041984:00164,cvm,【武】「这个嘛，也就这么回事！<0A>不过，几乎全是我的功劳！」<01>,[],layout_only,4037817c581e38c163dd57c001c8414444c7aa6d375fa35d94f4d83dbcc24138,f2a4ac4e5de4d316685504699b27640f4b53b9b130a13279c845ae6dea7868ff
pm:vm:photonmelodies11.rio.004:1139636328:00042216:00165,cvm,【美琴】「咦～？真是的，被你这样夸，我会害羞的～～」<01>,[],layout_only,6e8d66671d818f16ca1b5d233581169388adbc55846596ad93d0d1488e847ba0,373b4af4ac7193f7492f7a3fdcf4f7229e2537131396cdcccab6413672c9f5f2
pm:vm:photonmelodies11.rio.004:1139636328:00042396:00166,cvm,…………你在害羞什么？<01>,[],layout_only,3cbeec0935c81ea666982eeced69510dcf6cda1c3a0706ad1ac939e39924f9c9,eec8db813434a8a1a4d95c432d10cb17f3d29c20767a1d7e3251a1f402d9fa4b
pm:vm:photonmelodies11.rio.004:1139636328:00042744:00167,cvm,【武】「比起这个，B队怎么样了？」<01>,[],layout_only,ed8f09468f5896847b0d465e05ea7f8e7fbd9014efb7079c4e06c62c936b8637,66ea227dbef3d388f1e0c2656ff6e6f852f139d19884996a79e6a70c948846e4
pm:vm:photonmelodies11.rio.004:1139636328:00042976:00168,cvm,【月咏】「这个…………」<01>,[],layout_only,2f2dcef61bf040f4b32569d73038a7f7741e24a778500a2f0fc1c26c0b7a05cf,a079d5195e74ee97495c8ba581dced24e179a9025cf769cbc10c13204800d6c7
pm:vm:photonmelodies11.rio.004:1139636328:00043208:00169,cvm,【夕呼】「输了，输了！」<01>,[],layout_only,eaf02b5b5e6b6b4388423e42f461700cd38496a68d6f24cd9a3b4ca20b9e2775,844e2bfa00800d018b2717dd3b8d607954d6ae3dd7a9110fa727b552d46d1925
pm:vm:photonmelodies11.rio.004:1139636328:00043252:00170,cvm,【武】「真的吗！？」<01>,[],layout_only,2e9aebd171e750c089ba08be57a05426a990dd595100202be50d28bc50ad66d4,64ae7ec5169c77ee06ef11f42cbe7d18c1b29f4ce3064edbc933115db101daf7
pm:vm:photonmelodies11.rio.004:1139636328:00043616:00171,cvm,【美琴】「咦～～，我还很期待大家彼此比赛呢，<0A>真可惜～～」<01>,[],layout_only,6b6541c7e2fd5f7856c43d08b90a9683fcbe5ba36b11ca0f9b5d8bf1a78fbcc6,9c3605df562ad6401c70bf358ca06ab48032f10405a8ff27219f20de7cbff7d6
pm:vm:photonmelodies11.rio.004:1139636328:00043672:00172,cvm,【夕呼】「少了一场，亏了呢」<01>,[],layout_only,4a8a91db0f0921774db1be4f74b49c22ca613adcaf89196e11842886a8b0d166,ba5b144e85cc611c62694354009edb2a6037923c67478e703f4afcc2bc25f4fd
pm:vm:photonmelodies11.rio.004:1139636328:00043716:00173,cvm,【武】「不、不是！光悲观也没用啊！<0A>赢下来不就行了！！对吧？很简单吧？」<01>,[],layout_only,38605d78bf61c6c1b53049c0e8a254ac5a7a0874ae1ad49652b81ba4efac88ac,b34c764c0bc8df7b75c1c854d8851ec7ecb32b5c8cbca6abe744ade0450238b5
pm:vm:photonmelodies11.rio.004:1139636328:00043772:00174,cvm,【美琴】「话是这么说…………可这才是难点啊」<01>,[],layout_only,80ba13c5a8962f226e0770a70af9ef1919bb94a71c5ecc59c104850845b904ed,d36a400b6cca707ca4432cde1fa63f131d14cdad6ecee14698d4190803305b62
pm:vm:photonmelodies11.rio.004:1139636328:00043828:00175,cvm,【夕呼】「…………办得到吗？」<01>,[],layout_only,b4b1bb8fd925975901cd495528263ca12943f2b4236e21be7728b07964f837a0,df978b26782971acaf2c430ff33809a7296335948081b3536d794320aff5f509
pm:vm:photonmelodies11.rio.004:1139636328:00043872:00176,cvm,【武】「我一定会做到的！」<01>,[],layout_only,10d3a69c045348e863a3122eeda5b35d86c128f75418214f85a62279a3c24dd5,c35ea7cc6fd821b86ffd6067837c4ceb2252fd16538afd3eb273ea5e34eaccb3
pm:vm:photonmelodies11.rio.004:1139636328:00044576:00177,cvm,【美琴】「是吗？嗯～～…………这个嘛…………也对，嗯！<0A>既然武这么说，我也觉得好像能做到了。<0A>我也要加油啦！」<01>,[],layout_only,42fa2a72e2c322556a2ff2f2779964139ed3fe57ddc63efeca4b5d2c3a4aaef1,e4c05dae3f672a6076e64c5991ccbe23baf0e478690765ccf0383fba64e15ce1
pm:vm:photonmelodies11.rio.004:1139636328:00044756:00178,cvm,【武】「好！那么，马上研究半决赛的战术！！<0A>下一队会是什么样呢…………」<01>,[],layout_only,523e81a45b4d38d1fc74b7ebd3741141fc8496a31cd4a8dbe169619c6dcd9046,f38c95aa56ff5c6baf3c69e0c8f3dbef82052bd9cd0d18e2a352bacc49a095e3
pm:vm:photonmelodies11.rio.004:1139636328:00044988:00179,cvm,【美琴】「我说我说…………那边有人一直看着我们哦？」<01>,[],layout_only,a008a2d64c68c9b4d9fa782c8d3400863ca1e1fa0800755293393244f21ddc87,8553aaed7e8b6a9e2a4f8520cdac8a6688d21ea107d6f2cc7c87c8c6a763192d
pm:vm:photonmelodies11.rio.004:1139636328:00045032:00180,cvm,【武】「咦…………？」<01>,[],layout_only,6f89339b2480107cbb5839c19f9f2232f49962fc19025bf7e2be3b170f1b1d68,cff1150ccd1e336776d839ebdd3abb90457d7f0dec81697b4a75a41c241c3081
pm:vm:photonmelodies11.rio.004:1139636328:00045532:00181,cvm,【月咏】「是各位下一场的对手」<01>,[],layout_only,1893456265a005cb92996a72565015ab4e4fefc0e7752d34d9c9d28997fda41a,0118be2fdab92929985620e98d490d685d38f5afc2332dcc2d851b8a8c3c1074
pm:vm:photonmelodies11.rio.004:1139636328:00045576:00182,cvm,…………原来如此，看起来很难对付。<01>,[],layout_only,9afa40c70e729195670ff25bb2f0daad4a6c24f8db6b471e8a4ba71d29ecedf6,c591a057df50b72b3766c0fc98fdb78bb93a6c5db0e93983b1e9091f118499c4
pm:vm:photonmelodies11.rio.004:1139636328:00045632:00183,cvm,【月咏】「果然，到了半决赛，对方的干劲也不一样…………」<01>,[],layout_only,a814ee107841d5d47c2f45748d6ae8d15a4fc6161a88b951ac2caa836677be3d,3ac8f8b2fe2a2d7f583bae11098723ab6db50527668d6bb6ba6ef4ea5d338177
pm:vm:photonmelodies11.rio.004:1139636328:00045676:00184,cvm,【武】「我们这边也一样！」<01>,[],layout_only,04eb043923c175d5ac3455a64df210c7c95d095cb03b3b9a4c816a29a763cfad,10e1270efbfc4bc66994424e971e41fede4b4bed43cb61bca1fecbec90245557
pm:vm:photonmelodies11.rio.004:1139636328:00046032:00185,cvm,可是…………她那么直～～～勾勾地盯着，<0A>到底在看谁？<01>,[],layout_only,ff380039f4619f9fe7157df8310a62ea142d647cfdd0e61903a7dc241d7bed05,1b647c6a3594e2403ea75c2d94296d1e36b0179003d4d1762b1b168247be837d
pm:vm:photonmelodies11.rio.004:1139636328:00046088:00186,cvm,【男人】「好了，缪恩，走吧？」<01>,[],layout_only,a6565035e19bc35b9ee8e4fdbbb135eae705514b2096df11416aad7f99e57a45,4de8826eb5e477b96eaadd2ea01bea8bca826d09c3d70d2ed24ebc67ed3e1a4d
pm:vm:photonmelodies11.rio.004:1139636328:00046132:00187,cvm,【缪恩】「……………………」<01>,[],layout_only,668350bad28685a464095d376bb203db9f23215866bbbd83ee34e7ac0da35fb5,a37417438cb3b57feba7ff2f954560e1e5667888ef23de8d571abcc18fbc78e0
pm:vm:photonmelodies11.rio.004:1139636328:00046176:00188,cvm,我？…………好像不是…………。<01>,[],layout_only,6aa065110f869091d917ceddc95b7d254899223e3bb72d275092016e03423720,a8b45c2fffa3bbaf4b89124a25eab0bed67d7b356b2fcef73ae17088ef70c2fc
pm:vm:photonmelodies11.rio.004:1139636328:00046796:00189,cvm,……………………。<01>,[],layout_only,efa30788584cfea7ade60ccc37d7fc6cda943e64935eb133252c341159e58e05,0b3d7aae4004dc9b91522cf9245f879b48b6a3b3d3c28ecbba043ba8207a6df9
pm:vm:photonmelodies11.rio.004:1139636328:00047160:00190,cvm,【千鹤】「…………干什么？」<01>,[],layout_only,8f1b6fdbb673ebd2b59a980fb370fd0fe0638d5ed45ddda5a22cf7a796339a68,183494ed19b4761cb748f2852e32339a4022de4fa20fd83ba5663e4a522988a0
pm:vm:photonmelodies11.rio.004:1139636328:00047204:00191,cvm,【武】「看起来你到处都会惹人记恨嘛～～～～，<0A>还都是在不知不觉间」<01>,[],layout_only,c170d922c6fe1c6c575f4f6abe39cb766f83fea0940d2160de6900fae92bce94,cde9050dca03979630bf806bacae82a776a97e6212fbe5ba694872c08dc8a5ab
pm:vm:photonmelodies11.rio.004:1139636328:00047436:00192,cvm,【千鹤】「突然说什么呢？太失礼了！！」<01>,[],layout_only,8ed27fe3f60b03fceda5993730006757b39be78c6d87835b1d0e01b602171166,02431d12ed84ff009254037e06dbf757716cea7ff07f7fb96ad7299c229fc61f
pm:vm:photonmelodies11.rio.004:1139636328:00047480:00193,cvm,……………………嗯。<01>,[],layout_only,a54104ee0d74c28088a3363fe9b3a4522fc11e2551b63ce521df17fd9cb9dce7,ca940aa28998c5ffd88775fbb88c340c55e49affd2ccf84d2c93a20007d67b78
pm:vm:photonmelodies11.rio.004:1139636328:00047524:00194,cvm,或许可以故意安排班长上场，<0A>让对方满腔斗志扑个空。<01>,[],layout_only,8cc91f35eadc4b557bd5d9b8ae0243fc540df093d3d9f819852720c22badc2c4,d0335ebdc2da13a534e3a76456093d92260e625a052fed108c4071ec8173da4c
pm:vm:photonmelodies11.rio.004:1139636328:00047644:00195,cvm,【壬姬】「小武哥，我们赢啦～～！！」<01>,[],layout_only,3ec8a502770121142c36a6c925ecbcb64157d4109f435d00c9d26d236a507d20,604b01bb62e655b3f1d117e5a3e93bdd5622726e047d7fb4d8d1c097664352ac
pm:vm:photonmelodies11.rio.004:1139636328:00047688:00196,cvm,【武】「嗯！！」<01>,[],layout_only,d76cb53381cce0f448375aa3d168ace6cd57092b68606a45c3271c84999bf016,8afe9a458348e6314b59fdd1e9f90e8d29e0660742dd6e97e535d8a2bfed5207
pm:vm:photonmelodies11.rio.004:1139636328:00048320:00197,cvm,【月咏】「武先生、珠濑小姐，恭喜二位！」<01>,[],layout_only,5e75ef6647b27252d35dc72e1d70baa157bbfff16ad37c8b8c4f4381d60ee1c9,909ee80ab89b6e62421b2a2c70e2435b430f9dfb5c61297270d0a01e126f3e9c
pm:vm:photonmelodies11.rio.004:1139636328:00048544:00198,cvm,【壬姬】「嗯！非常感谢！」<01>,[],layout_only,0107b8837c084a8cf13e53df1ddef22bf0b308297769ba650e094d642a7ab19d,e6c5bcc83807b2100dff0f37abe3a48afdae0e3c90ec36abb87fce520b82244c
pm:vm:photonmelodies11.rio.004:1139636328:00048724:00199,cvm,【武】「哎呀，小珠也挺能干的嘛，还真看不出来」<01>,[],layout_only,aff5eff34751518960657a5ce9c9bb4d33ea947d6606283faa49ebadb89cb8a2,fe4062344160fccc9fab1cb3bb057e1041482548e10538e1feaeef813fa2f6c7
pm:vm:photonmelodies11.rio.004:1139636328:00048956:00200,cvm,【壬姬】「可是呀～，就算跳起来也完全跳不高，<0A>可辛苦了～」<01>,[],layout_only,59fae02a432c4ca27134d0e87e675eccdb11d858ae7588b17f1f373a575080fb,c65a63a850d3783516f7d83af74891b02852eda91f7c97e87cd8ece090152411
pm:vm:photonmelodies11.rio.004:1139636328:00049000:00201,cvm,确实。本来在沙地上就很难起跳，何况小珠个子还矮。<01>,[],layout_only,72326d4c9651846ff4072e0adde35bf57b52ebd472e2bd9b361ecdae63c6540d,e895671e854ff83bfb3896d3ce38179c2590ef8eb1780e7bc8c161c97ce82c53
pm:vm:photonmelodies11.rio.004:1139636328:00049232:00202,cvm,【壬姬】「而且沙滩排球，真的很耗体力呢～。<0A>壬姬，已经累得筋疲力尽了～～」<01>,[],layout_only,91221dcb9e18eb1225d4726e683e3bf3980c5c579753d1d15a246d7ae33708e4,0389c729148c035f95c746b706e7434ef0c956d0c39e8955333bd39ff62b5275
pm:vm:photonmelodies11.rio.004:1139636328:00049276:00203,cvm,【武】「不过，多亏你这么努力，<0A>大家才保存了体力，比赛也赢下来了！」<01>,[],layout_only,8365ae408d6d720c9c7d60eb111efe7f33b6bb35138d65ecc26e053f28663653,2016861bdfcb2d49a3090202b08c98ac9da47d4d594baccdc0715d198ef74f1a
pm:vm:photonmelodies11.rio.004:1139636328:00049508:00204,cvm,【壬姬】「嘿嘿…………能帮上忙真是太好了」<01>,[],layout_only,69b326f6a98e3b6f80221ea1dafe18e63f7bd5b506c75755017eb5c3b4507ce2,b9490cb0100d13124043dfe7ff5c21c81e30a4e745919f939d597b5dbaee72cf
pm:vm:photonmelodies11.rio.004:1139636328:00049740:00205,cvm,【夕呼】「那就用保存下来的体力，麻利地拿下冠军吧」<01>,[],layout_only,4d9d81b1d6b88f94cf73a1bd013096df854a026f523ef2c33cb55a68fa684149,3cff2c88b1b08329f50115fff28f1a00e8620a1a5811b3d3da005a2b435eeda4
pm:vm:photonmelodies11.rio.004:1139636328:00050088:00206,cvm,【武】「那当然！」<01>,[],layout_only,0229b7711186004b3f3a99fbd3d6989e064355bcf49130472bed1af6609e1d20,8fea528efd0b32c85b8952f2054f934d9daa16ae48e71881858397cf1842a98c
pm:vm:photonmelodies11.rio.004:1139636328:00050320:00207,cvm,【月咏】「但是，绝不能大意…………。<0A>非常遗憾，B队已经落败了」<01>,[],layout_only,f4c36a296d9bfad4be0631db84653f2f8024bcfc1d703fc58424e91641972db5,ae2bf00c3182ab9b6b0855d1c79b5790ba320dda5b0618a86e5145ccb1a9f463
pm:vm:photonmelodies11.rio.004:1139636328:00050552:00208,cvm,【壬姬】「咦…………」<01>,[],layout_only,1fae4dff17b874cd6264499f383948dfa853198bc051a59a14f4e060b144964d,294421f2dda9782e71bb236957e3348fba5a1f9224bf6e195f88ea1345e387bb
pm:vm:photonmelodies11.rio.004:1139636328:00050596:00209,cvm,【武】「真的吗！？」<01>,[],layout_only,2e9aebd171e750c089ba08be57a05426a990dd595100202be50d28bc50ad66d4,64ae7ec5169c77ee06ef11f42cbe7d18c1b29f4ce3064edbc933115db101daf7
pm:vm:photonmelodies11.rio.004:1139636328:00050652:00210,cvm,【壬姬】「那样的话，下一场比赛，<0A>就不能和大家对战了呢～～」<01>,[],layout_only,f279e4d6111a7ceb56afd566ecb55c3b315f2c7841b8e9e5264289ac7aab1b21,8a772d9cdfaa4599820b6c186606c68837fc40710262c469c7bf19e969c87dae
pm:vm:photonmelodies11.rio.004:1139636328:00050708:00211,cvm,【夕呼】「没问题的吧？」<01>,[],layout_only,203050b18d140827cd4d1ba2254c0a339f80c87b6a4f1a2b38142b113909faef,3d1abaf24d87dab419ce4267b13dc0e40055d53ac0e983330aa4514c7ccd598b
pm:vm:photonmelodies11.rio.004:1139636328:00050752:00212,cvm,【武】「没、没问题，只要多赢一场就行了！<0A>反正不全胜就拿不到冠军，场数根本无所谓！」<01>,[],layout_only,64d00216d8fb6fb29aae4a7c6583dcfa990bb2e19ac9a397e418275d33c74ef2,d8897726dc80edaaa3d796e4e96a9efe0151cc8bbbec24167d15f77c9bbbe682
pm:vm:photonmelodies11.rio.004:1139636328:00050808:00213,cvm,【夕呼】「…………办得到吗？」<01>,[],layout_only,b4b1bb8fd925975901cd495528263ca12943f2b4236e21be7728b07964f837a0,df978b26782971acaf2c430ff33809a7296335948081b3536d794320aff5f509
pm:vm:photonmelodies11.rio.004:1139636328:00050852:00214,cvm,【武】「我一定会做到的！」<01>,[],layout_only,10d3a69c045348e863a3122eeda5b35d86c128f75418214f85a62279a3c24dd5,ae4760a7cfc564671ef8b15bf69b14e5aa5c405bbe1312d6986427cfc54ee455
pm:vm:photonmelodies11.rio.004:1139636328:00051556:00215,cvm,【壬姬】「说、说得对！小武哥，一起加油吧！！」<01>,[],layout_only,e013e78cedc34ae7b2f135ca5cce2bb888f6b4534bcafbfd353e891ebdbb397b,fc9eae5d40f4359758478a3f61dbbe835ab3c47fb98201f423f028ea907b39be
pm:vm:photonmelodies11.rio.004:1139636328:00051600:00216,cvm,【武】「既然决定了，那就得仔细制定战术才行…………<0A>下一个对手是什么人？」<01>,[],layout_only,ebc63725cdd59d63d13b0164a6537e3a07ed0caab2a01bd555c8529d0782e9f4,08ab8e589e876d55cf6a8d74209f4e060a0b82a70c88f75e5fad0ddf953f9aff
pm:vm:photonmelodies11.rio.004:1139636328:00051832:00217,cvm,【月咏】「从刚才起，他们就在瞪着我们了」<01>,[],layout_only,9bbc7f8c42e8d3b538857e5514697b1b83af4267625cc13ce7650e52d42d30be,5382ba729ce4c9003972ce08763e707efd16fddbc1e81bd05e07a5add7be57be
pm:vm:photonmelodies11.rio.004:1139636328:00051876:00218,cvm,【武】「咦…………？」<01>,[],layout_only,6f89339b2480107cbb5839c19f9f2232f49962fc19025bf7e2be3b170f1b1d68,cff1150ccd1e336776d839ebdd3abb90457d7f0dec81697b4a75a41c241c3081
pm:vm:photonmelodies11.rio.004:1139636328:00052364:00219,cvm,…………原来如此，看起来很难对付。<01>,[],layout_only,9afa40c70e729195670ff25bb2f0daad4a6c24f8db6b471e8a4ba71d29ecedf6,c591a057df50b72b3766c0fc98fdb78bb93a6c5db0e93983b1e9091f118499c4
pm:vm:photonmelodies11.rio.004:1139636328:00052420:00220,cvm,【夕呼】「哎呀呀…………还真是干劲十足呢～」<01>,[],layout_only,b25a7d77d1eb86cb0a78ec75db8a6775810981ba4c1ffd959cfe11ed31e0898b,43df5be534e4dfac55d45738e316bb1ce35ca4c984a828aa012c1f3c2cb96d7d
pm:vm:photonmelodies11.rio.004:1139636328:00052464:00221,cvm,【武】「是啊…………」<01>,[],layout_only,5b26bbc345031cd310c621a7a9f32ea25c6b197536f754e2b2140c677cfcf33d,2e23d65954cc4adef9529a0f16bda3a92e6cf47722829da06b14de2cea4158fa
pm:vm:photonmelodies11.rio.004:1139636328:00052520:00222,cvm,【壬姬】「总觉得，气场都不一样呢～～」<01>,[],layout_only,ac43457bb0e4b32c57bd5bf67a0dc5cdd68f530128dd43fa016cd729fdbac2bd,5ca4cdb11c44fe5db59042144aa15ff46753531d333baffb4d2883deec4e6121
pm:vm:photonmelodies11.rio.004:1139636328:00052868:00223,cvm,可是…………她那么直～～～勾勾地盯着，<0A>到底在看谁？<01>,[],layout_only,ff380039f4619f9fe7157df8310a62ea142d647cfdd0e61903a7dc241d7bed05,1b647c6a3594e2403ea75c2d94296d1e36b0179003d4d1762b1b168247be837d
pm:vm:photonmelodies11.rio.004:1139636328:00052924:00224,cvm,【男人】「好了，缪恩，走吧？」<01>,[],layout_only,a6565035e19bc35b9ee8e4fdbbb135eae705514b2096df11416aad7f99e57a45,4de8826eb5e477b96eaadd2ea01bea8bca826d09c3d70d2ed24ebc67ed3e1a4d
pm:vm:photonmelodies11.rio.004:1139636328:00052968:00225,cvm,【缪恩】「……………………」<01>,[],layout_only,668350bad28685a464095d376bb203db9f23215866bbbd83ee34e7ac0da35fb5,a37417438cb3b57feba7ff2f954560e1e5667888ef23de8d571abcc18fbc78e0
pm:vm:photonmelodies11.rio.004:1139636328:00053012:00226,cvm,我？…………好像不是…………。<01>,[],layout_only,6aa065110f869091d917ceddc95b7d254899223e3bb72d275092016e03423720,a8b45c2fffa3bbaf4b89124a25eab0bed67d7b356b2fcef73ae17088ef70c2fc
pm:vm:photonmelodies11.rio.004:1139636328:00053632:00227,cvm,……………………。<01>,[],layout_only,efa30788584cfea7ade60ccc37d7fc6cda943e64935eb133252c341159e58e05,0b3d7aae4004dc9b91522cf9245f879b48b6a3b3d3c28ecbba043ba8207a6df9
pm:vm:photonmelodies11.rio.004:1139636328:00053864:00228,cvm,【千鹤】「…………干嘛？」<01>,[],layout_only,1dabcc220454d2afc759ac108990827fcb787ed721a037e6205c30df07ac5dee,4866a096c0d69386b0d7ab581ea419a4a2d1bc3a450ae3f8fea6eb774f079fff
pm:vm:photonmelodies11.rio.004:1139636328:00053908:00229,cvm,【武】「班长，你认识那些人吗？」<01>,[],layout_only,7a9a0c798a31a8949a7c8ac815b4c6155dc6cb48e24d251761b5fea2b382e309,123d24141aab3c96e59d7066cfa4583df8402a8e01c38d0cb6c88a5fd0a003ce
pm:vm:photonmelodies11.rio.004:1139636328:00054140:00230,cvm,【千鹤】「咦？…………不认识」<01>,[],layout_only,437af6d6a762b25aa114c0c3d7d1a54c10df3be8d2f6c81aab2d2c3ac9a658e5,6941c3302f69d3a20203e532fed14dcab587358c37192499db924a7c11855810
pm:vm:photonmelodies11.rio.004:1139636328:00054184:00231,cvm,【武】「也就是说，你在不知不觉间又干了什么，对吧」<01>,[],layout_only,6ef327c911104384ed0c9e6455283565a5f0e7cf73da6a24036a83e96231e41d,28e870f869961ee19a950076ff0f6ead60324d3968f3715b2df1832bd9d2ab3b
pm:vm:photonmelodies11.rio.004:1139636328:00054416:00232,cvm,【千鹤】「什么叫干过什么？太失礼了！」<01>,[],layout_only,c757ddc2cf764e0c0cf567ed3c92429f2e00a7931509077a0ffb3d64ee1be371,04f552fde1fdcd81aff88bea277c70ad9321c45df3c384aef1c65881573bebbd
pm:vm:photonmelodies11.rio.004:1139636328:00054460:00233,cvm,……………………嗯。<01>,[],layout_only,a54104ee0d74c28088a3363fe9b3a4522fc11e2551b63ce521df17fd9cb9dce7,ca940aa28998c5ffd88775fbb88c340c55e49affd2ccf84d2c93a20007d67b78
pm:vm:photonmelodies11.rio.004:1139636328:00054504:00234,cvm,或许可以故意安排班长上场，<0A>让对方满腔斗志扑个空。<01>,[],layout_only,8cc91f35eadc4b557bd5d9b8ae0243fc540df093d3d9f819852720c22badc2c4,d0335ebdc2da13a534e3a76456093d92260e625a052fed108c4071ec8173da4c
pm:vm:photonmelodies11.rio.004:1139636328:00054624:00235,cvm,【麻理茉】「成功了，白银同学！！」<01>,[],layout_only,1e4ae6c9d43896526a7c25302a31f3e18bffff544883524c236c047ce9200c9b,d272f2b16339b767b78ec650769be8a484487d83fd501f59fdfb046a58289e82
pm:vm:photonmelodies11.rio.004:1139636328:00054668:00236,cvm,【武】「是啊，我们赢了！！」<01>,[],layout_only,3b4c2568fbf5567477f0cd0209caa66e13e18574d133033ca1920ad10200fac7,1cc83fdce1c6d099ebe5c8c94866530cfaafd633bc81b004380afa96cda0cfec
pm:vm:photonmelodies11.rio.004:1139636328:00055292:00237,cvm,【夕呼】「那么，白银，接下来怎么办？」<01>,[],layout_only,2875c3f0dba717ede057df6dca3172f526e844b43eacd6fa9071eaf9b0e91d4f,dade3e9865b0d7038dcdccafa1c40a8f4ea98cd24a550ed94b066c984a87bae2
pm:vm:photonmelodies11.rio.004:1139636328:00055348:00238,cvm,【麻理茉】「等等等等！你就不能稍微慰劳我一下吗？」<01>,[],layout_only,40bcb3a20e3ef8c220acf80b8a324ec04002b08b7d5143426f8b0f5a660b2997,c916834881d810563ada8541b2badd6e4e11a92458e98b6b24287000b9be00b1
pm:vm:photonmelodies11.rio.004:1139636328:00055580:00239,cvm,【夕呼】「哎呀，我还以为自己已经很体贴了呢？」<01>,[],layout_only,8c923310179c2acf9babf050fd83f3e41cee363b5f4e370da4599f285044489a,2a692ee05b393f6665a091eca96bdad9e6d918e3ff9ac072dff381e9f374e6f7
pm:vm:photonmelodies11.rio.004:1139636328:00055636:00240,cvm,【麻理茉】「哪里体贴了？」<01>,[],layout_only,d6d7e92333fe4653cdce76f60719f42c0c2641094f47d0dfe8990b48406ad134,7d5d2fdbb38128fc5020eae45fe828b54534b848789046243d6d49096d148db3
pm:vm:photonmelodies11.rio.004:1139636328:00055868:00241,cvm,【夕呼】「像这样被冷淡对待，<0A>晚上不就有了向人发牢骚撒娇的由头？<0A>不过你能不能找到那种对象，我就不知道了」<01>,[],layout_only,2ca8dcdc22ad6ad3f9f6faeea53414064ffa52cf0efbd21e1d36422ba3280cac,1a696a3bb2c07e84091129f21b59728fb4d5348f3bb479e0a5d6323f5c7f2657
pm:vm:photonmelodies11.rio.004:1139636328:00056932:00242,cvm,【麻理茉】「我我我说你啊！！」<01>,[],layout_only,b854778350d9070af3b93b27c74eab59b5e772522c8afce75e87916a2784bdca,0c5952b9055965f4c0d2995eec1c5d85f8917f9c5dd58d72f68869d7cd1a4a47
pm:vm:photonmelodies11.rio.004:1139636328:00057296:00243,cvm,【夕呼】「好啦，总之做得不错。<0A>不过，除了冠军以外我一概不认可哦？」<01>,[],layout_only,f8b92a5b06d38f6c49f30c48694f571a31968520dcca31612c17ff6721718130,597a7b21b89231c380500e16374a8cee96d30da87e2000dff9c1d15cf0c62eb1
pm:vm:photonmelodies11.rio.004:1139636328:00057652:00244,cvm,【武】「我明白老师的要求。<0A>我们也是冲着冠军来的，总之，您就看着吧」<01>,[],layout_only,91f3e23b9b90d494d12b77997a98531644148c429f7e5f416059ee74e5052aef,01582b10a773d2a74eb2b44687dd5b1522d34a46ca6355f6a4c97b351fde7b23
pm:vm:photonmelodies11.rio.004:1139636328:00058016:00245,cvm,【夕呼】「不过B队输了哦」<01>,[],layout_only,5b762d93786f011fbbfe700b78b41edd8b9d2b7c7cd8d8929da0c11a7a1d469a,a2b0282425aa33b13e6c95109aa9038239076c0a054aa96440d2bcf0d287b1c5
pm:vm:photonmelodies11.rio.004:1139636328:00058236:00246,cvm,【武】「咦？」<01>,[],layout_only,77e63d069d95aabd948bf49f0d1875e61a92335dbc417006761d81674ec8c185,b55249e3c0ee06935938d08a2f8a65d886e446dd4c309f96d3566d3e47b2f343
pm:vm:photonmelodies11.rio.004:1139636328:00058460:00247,cvm,【麻理茉】「真的！？」<01>,[],layout_only,4882fa18d2b5354f17ba7de9d65f86f4069ec11ec1e4a184bf48d144e96535ae,af0d0b70277504259cf91b9179889c204b0b68a10be93732ee45a91f4351b41c
pm:vm:photonmelodies11.rio.004:1139636328:00058516:00248,cvm,【夕呼】「我骗你们干什么？」<01>,[],layout_only,9355a61ce635135ffbde1f55678ba99f2d29001a34c632223e205b6148015a93,a88c7f657efe75c46083b73fcbf83189a709dd1539384f5d49d7ad87dfaa6525
pm:vm:photonmelodies11.rio.004:1139636328:00058560:00249,cvm,【武】「输掉了吗…………」<01>,[],layout_only,e245f1305b4c1a96cb1ac32009f5384ab412a4e67e9a02ef10495fef688c1ba8,0b4e77074695a11fe29c2d3db74821761da7f6bf07608212e528580fc536a295
pm:vm:photonmelodies11.rio.004:1139636328:00058792:00250,cvm,【麻理茉】「下一场比赛，如果是同伴之间对战，<0A>本来就能少打一场、轻松一点的…………」<01>,[],layout_only,d16ac1c33b0dabdd610919a4d517b23201a6d9865ee97278788e5d27e413d115,bbb618eadd80d072d11e6a01a287665b0dbdf702d5e7a2019725368172cf962a
pm:vm:photonmelodies11.rio.004:1139636328:00059024:00251,cvm,【夕呼】「不过，过程怎样都无所谓，<0A>只要最后夺冠就行。明白了吗？」<01>,[],layout_only,d0ce1717101b43364dba720cbf6e57e87927f74236382351d00520c7bab5e69d,5aa95a7d9005b0330af20f39795513fd5c4d05db0549a3a563ea1a7b4d5d6472
pm:vm:photonmelodies11.rio.004:1139636328:00059068:00252,cvm,【武】「明、明白」<01>,[],layout_only,f0c51d0ed0030f74df57f9b9a6ea2353b9312594c10b23c2104d5bb13c6ebd61,a122f1e24ec56ed8821af8f69cce7d5c45cbe575710868b38ad865bf3e3670f5
pm:vm:photonmelodies11.rio.004:1139636328:00059752:00253,cvm,唔～～，正因为一直期待能少打一场，<0A>现在泡汤还真难受啊。<01>,[],layout_only,05d7e1d26d85fc8354ea8e8b3e640314ba3c6a69ed68a2803e15a30d58343636,0e85b3a5cf1b4e49446b881b5cabc13c5bd9ba537d7c2dc793aa278413920b65
pm:vm:photonmelodies11.rio.004:1139636328:00059796:00254,cvm,不不！现在要是胆怯，那就已经输了！！<01>,[],layout_only,5d7e3c439a42961b8388b9c6d7f0e79d3e4a73518febd77f922e408567c8c5a7,9b2118603bf858bee0cf420d854e61bf9734903b112fb0385d5e1cd807b20e9b
pm:vm:photonmelodies11.rio.004:1139636328:00060160:00255,cvm,【麻理茉】「总、总之！先制定半决赛的战术吧！」<01>,[],layout_only,000fb5fc2c54eb54a2ca405d14ed55409a6d3dd094de9233b9ddf7818d9484f0,1d4ec6d741569727d80aff142e777525c114e2847a889d46899847a0e80e82fb
pm:vm:photonmelodies11.rio.004:1139636328:00060340:00256,cvm,【武】「说、说得也是…………呃…………<0A>下一场的对手是…………」<01>,[],layout_only,0788a2a798230ba13c6725b47ed286c9736d8bd03728850655d848f66927b7b2,cddcb746c0a611eda550efeb1e33e9d3484e1205ed0cd67f9674cf0e6614e515
pm:vm:photonmelodies11.rio.004:1139636328:00060396:00257,cvm,【夕呼】「不就是他们吗？在那边看着我们的那队」<01>,[],layout_only,7622e9aa0b03d669ca549e359c986bdbdc8ce8df4d423b13a207491d282cfc18,4a6ad1dfaff3bfa032b78156bb4a444ccb89f84f72ee52041affa41b7a11f86d
pm:vm:photonmelodies11.rio.004:1139636328:00060440:00258,cvm,【武】「咦…………？」<01>,[],layout_only,6f89339b2480107cbb5839c19f9f2232f49962fc19025bf7e2be3b170f1b1d68,cff1150ccd1e336776d839ebdd3abb90457d7f0dec81697b4a75a41c241c3081
pm:vm:photonmelodies11.rio.004:1139636328:00060928:00259,cvm,…………原来如此，看起来很难对付。<01>,[],layout_only,9afa40c70e729195670ff25bb2f0daad4a6c24f8db6b471e8a4ba71d29ecedf6,daf4ce5fadf105f9ebdc9c0198b98c6c4793bcd395ee871fd6d8afb90bbe9ed0
pm:vm:photonmelodies11.rio.004:1139636328:00060984:00260,cvm,【麻理茉】「…………他们正瞪着我们呢」<01>,[],layout_only,dfe7186b0875ee69282a24463870c58d247b723cfda7df33fba3cb1a64c500cb,025f9094f2136ee0f416ea0e5ed644573cfa2b198ffab20babf6a027f4ff0fef
pm:vm:photonmelodies11.rio.004:1139636328:00061028:00261,cvm,【武】「感觉他们简直干劲十足，对吧？」<01>,[],layout_only,459a391f3b3b4e0b805c31ab47ebc1b69f4dc3a0d3c05a7403692ac39f82ea5f,176e259c849fe3e6a95a3bf5489797f4de89f88cab88e4bbee79999f3c29efdd
pm:vm:photonmelodies11.rio.004:1139636328:00061428:00263,cvm,可是…………她那么直～～～勾勾地盯着，<0A>到底在看谁？<01>,[],layout_only,ff380039f4619f9fe7157df8310a62ea142d647cfdd0e61903a7dc241d7bed05,1b647c6a3594e2403ea75c2d94296d1e36b0179003d4d1762b1b168247be837d
pm:vm:photonmelodies11.rio.004:1139636328:00061484:00264,cvm,【男人】「好了，缪恩，走吧？」<01>,[],layout_only,a6565035e19bc35b9ee8e4fdbbb135eae705514b2096df11416aad7f99e57a45,4de8826eb5e477b96eaadd2ea01bea8bca826d09c3d70d2ed24ebc67ed3e1a4d
pm:vm:photonmelodies11.rio.004:1139636328:00061528:00265,cvm,【缪恩】「……………………」<01>,[],layout_only,668350bad28685a464095d376bb203db9f23215866bbbd83ee34e7ac0da35fb5,a37417438cb3b57feba7ff2f954560e1e5667888ef23de8d571abcc18fbc78e0
pm:vm:photonmelodies11.rio.004:1139636328:00061572:00266,cvm,我？…………好像不是…………。<01>,[],layout_only,6aa065110f869091d917ceddc95b7d254899223e3bb72d275092016e03423720,a8b45c2fffa3bbaf4b89124a25eab0bed67d7b356b2fcef73ae17088ef70c2fc
pm:vm:photonmelodies11.rio.004:1139636328:00062192:00267,cvm,……………………。<01>,[],layout_only,efa30788584cfea7ade60ccc37d7fc6cda943e64935eb133252c341159e58e05,0b3d7aae4004dc9b91522cf9245f879b48b6a3b3d3c28ecbba043ba8207a6df9
pm:vm:photonmelodies11.rio.004:1139636328:00062424:00268,cvm,【千鹤】「…………干什么？」<01>,[],layout_only,8f1b6fdbb673ebd2b59a980fb370fd0fe0638d5ed45ddda5a22cf7a796339a68,183494ed19b4761cb748f2852e32339a4022de4fa20fd83ba5663e4a522988a0
pm:vm:photonmelodies11.rio.004:1139636328:00062468:00269,cvm,【武】「看起来你到处都会惹人记恨嘛～～～～，<0A>还都是在不知不觉间」<01>,[],layout_only,c170d922c6fe1c6c575f4f6abe39cb766f83fea0940d2160de6900fae92bce94,cde9050dca03979630bf806bacae82a776a97e6212fbe5ba694872c08dc8a5ab
pm:vm:photonmelodies11.rio.004:1139636328:00062700:00270,cvm,【千鹤】「突然说什么呢？太失礼了！！」<01>,[],layout_only,8ed27fe3f60b03fceda5993730006757b39be78c6d87835b1d0e01b602171166,02431d12ed84ff009254037e06dbf757716cea7ff07f7fb96ad7299c229fc61f
pm:vm:photonmelodies11.rio.004:1139636328:00062744:00271,cvm,……………………嗯。<01>,[],layout_only,a54104ee0d74c28088a3363fe9b3a4522fc11e2551b63ce521df17fd9cb9dce7,ca940aa28998c5ffd88775fbb88c340c55e49affd2ccf84d2c93a20007d67b78
pm:vm:photonmelodies11.rio.004:1139636328:00062788:00272,cvm,或许可以故意安排班长上场，<0A>让对方满腔斗志扑个空。<01>,[],layout_only,8cc91f35eadc4b557bd5d9b8ae0243fc540df093d3d9f819852720c22badc2c4,d0335ebdc2da13a534e3a76456093d92260e625a052fed108c4071ec8173da4c
pm:vm:photonmelodies11.rio.004:1139636328:00062908:00273,cvm,【皮亚蒂芙】「成功了呢，白银同学！」<01>,[],layout_only,84c56a7582da5929490625e48afcd4e95df527aa8216963fc17feaa93668c799,3c62b2f484331e1ec78d2e5f8eb96172d80d7bdaebe33adf41e96815af891048
pm:vm:photonmelodies11.rio.004:1139636328:00062952:00274,cvm,【武】「嗯！！」<01>,[],layout_only,62f7c1dcecd1fe3718e07f1cddc6c989fbd043aaa7d68dc5481eee9a956b40fc,8afe9a458348e6314b59fdd1e9f90e8d29e0660742dd6e97e535d8a2bfed5207
pm:vm:photonmelodies11.rio.004:1139636328:00063660:00275,cvm,【夕呼】「打得相当漂亮」<01>,[],layout_only,da4f7f83ce1a27ba0bcce30c0cb1a41e0bd9e976cece02229cf7ca21163b7bc6,7d3accca02369f078c8b8ae48a9213b473aa215b69b27d6edc5734187622220d
pm:vm:photonmelodies11.rio.004:1139636328:00063704:00276,cvm,【武】「多谢夸奖！」<01>,[],layout_only,cbf5f0d8a2eec2a1339b481e61745e96908b61aa21031981f10663703aebebf6,decbdfd95075c874cca2074f7ab378d7019dc920d11f163bb16548e0e65a0b30
pm:vm:photonmelodies11.rio.004:1139636328:00063936:00277,cvm,【夕呼】「伊莉娜更是，怎么说呢？<0A>简直就像从束缚中解放出来一样，打得舒展又有活力呢」<01>,[],layout_only,b3c25f9d281a1db5a6238b79b525d7554a9f2e4e51c113a2dc9eac13d7c9645c,d364cb493bd544099bd1635a9688f4cedd0f1dc8f3c934b5d1edd924da8a3171
pm:vm:photonmelodies11.rio.004:1139636328:00064244:00278,cvm,【皮亚蒂芙】「啊，谢谢您的夸奖…………」<01>,[],layout_only,e41d8fba65a09eb8ba3a44d4dd40c76d06625d5fc539e5a69adc7e0337e9467c,1fdaabdf884a55f7fb62739d54b9a0680d986389c3642272c2772ad67accfea7
pm:vm:photonmelodies11.rio.004:1139636328:00064300:00279,cvm,【夕呼】「果然，人还是自由自在最好呢～～」<01>,[],layout_only,3e28a9e66e2a98b65a2a7449b7bf42e7a6592777cc11685f9a6882bccf026a5e,c0326bdc4ba1beb61fb85c160ec2ad6be2a7b0465e07ba985353ac3499956d1c
pm:vm:photonmelodies11.rio.004:1139636328:00064356:00280,cvm,【皮亚蒂芙】「是、是啊…………」<01>,[],layout_only,27c0ddf4d8be2bbcf83a9acd6758d958ad63b0aed30f9e559689175575c530e5,883aecd3bfbcf4c3f92954f2e352bbb3bd1540c67f1358663c334dba7ba9248d
pm:vm:photonmelodies11.rio.004:1139636328:00064400:00281,cvm,【武】「好、好啦好啦！比起这个，<0A>皮亚蒂芙老师出色的运动能力才真让我吃惊！」<01>,[],layout_only,8cf515f6e0d246a8ccef5ad86948f91143d8a0a8c4ebbdb9364f01f0ffa64cf1,dcf1263dc14b7ac07a58311338c930b66604014f58a19c03391ae6a27244173f
pm:vm:photonmelodies11.rio.004:1139636328:00064444:00282,cvm,说实话，我一直以为皮亚蒂芙老师是头脑派，<0A>不太擅长运动。<01>,[],layout_only,903bd9f441d0de243312e7d2946fffd95be89c99ee6a81ab620101797a42d78b,58d4a8338a7f5661155a08ba0f2c19cd8942f5b3775d3b58cb73ad2f0100a889
pm:vm:photonmelodies11.rio.004:1139636328:00064676:00283,cvm,【夕呼】「说不定她并不是普通教师呢～～」<01>,[],layout_only,b105ec374fb0cc08700897dd7015e4baf83ce7616c6a970b1f3638528ee546b9,6aba47bc652a32bad67cc75a92e830f7a168748340793f0e6ad6516352886c06
pm:vm:photonmelodies11.rio.004:1139636328:00064928:00284,cvm,【皮亚蒂芙】「没、没有那回事…………」<01>,[],layout_only,ca6c40c0d0e36abcfae4949e8b5a6019eecd95a66445a408adafe52baa9301f8,ff2b325e68354ad50c8e60b3e2c95366218b438761db5b6862306dd6005d6f03
pm:vm:photonmelodies11.rio.004:1139636328:00065160:00285,cvm,【夕呼】「……………………真的吗？」<01>,[],layout_only,8b819cffe4c1f3cc384709b837b35fac5cf16f874cc2e3ff397d9bc1e288706f,f255427f68915f3691504303bbcb358de8b649ffe29fbd0b08d2adc5bab153f5
pm:vm:photonmelodies11.rio.004:1139636328:00065468:00286,cvm,【皮亚蒂芙】「呃…………对、对了！<0A>白银同学，我们得制定半决赛的战术！」<01>,[],layout_only,6865bd5d2c4ad7f595dc31f7fd5fbde84b2c58760d14389e3df1a4da993ab31a,b49b7adc484d6a48fa2bc7c4145cfeba705bb8dc7cad4ce1ae7f1e090e70198b
pm:vm:photonmelodies11.rio.004:1139636328:00065512:00287,cvm,【武】「咦？哦…………说得也是」<01>,[],layout_only,4c71d689ebbfacd3821041c7cf713998c502a8ec40fc5ba0f0105fed3320fe67,838f2b28b9009a732ed601ce5949ee5d2baf8029f6dcff7c66c2e33541805f2b
pm:vm:photonmelodies11.rio.004:1139636328:00065944:00288,cvm,【武】「话说回来，B队怎么样了？」<01>,[],layout_only,8ff82f1749a800197a0188592482c08bdb35ba2aaabb79887837560f44d4536e,57123ef18cb7fa87c06f1b23592666075b41037f987f9a772a0b0372b14cf030
pm:vm:photonmelodies11.rio.004:1139636328:00066308:00289,cvm,【夕呼】「输了哦？」<01>,[],layout_only,c4e4df4d21ca4104905d4a5e2b35a90244e82e4137371c3b1e9a3f49a771d571,74b2871f98b7c00e56c3a82b279363cfe9a9f8c481545545350c8c90a1624240
pm:vm:photonmelodies11.rio.004:1139636328:00066604:00290,cvm,【武】「咦…………真的吗！？」<01>,[],layout_only,82e5da38a10e4526e8c403680a9bbe6107abd05cfb71990e5775086ad1694bf5,ef61d9b31786eccb2670d3cd180fd85a7d8c8950a4112928dcc324dc3b605672
pm:vm:photonmelodies11.rio.004:1139636328:00066660:00291,cvm,【皮亚蒂芙】「下一场比赛，如果是同伴之间对战，<0A>本来就等于实际上少打一场的…………」<01>,[],layout_only,653ede0d53553b9d753d498c64b1bbbf1b6427590795a35ee2ac6e261400c6bb,ae98454559fd43b0498e48d4a5c80022f8b57d3cca2fdb73d6555e546c33d6f4
pm:vm:photonmelodies11.rio.004:1139636328:00066716:00292,cvm,【夕呼】「你们会夺冠的吧？」<01>,[],layout_only,294bd03773c2b42ab1d6bf48fb9266ccfb43382e0681fb1a9719c36753f69e6f,ddf5fea56e34a33db395aef00ce47b60b94885f296381230e7a2f04c60866b3d
pm:vm:photonmelodies11.rio.004:1139636328:00066896:00293,cvm,【武】「……………………」<01>,[],layout_only,770975bc8d76964cd0683d1a3ba2ec947971272f34819d29aa5c66d3964a88d7,6a17c608647a040376434d02fd50f1e4124a141fe417bdc98ba4d3f27bdee35c
pm:vm:photonmelodies11.rio.004:1139636328:00066952:00294,cvm,【夕呼】「咦～～？」<01>,[],layout_only,09de607b13d3fd824e078b969c8f416312a5b61a18dda8bcabf28a1bff73ec9b,ea7dfb27967c0be090b257c4cfbfef31db2c511ec0178a665bc8798df6232f63
pm:vm:photonmelodies11.rio.004:1139636328:00067132:00295,cvm,【武】「会、会的！！」<01>,[],layout_only,655f7a376c298ab7d10336a6c9b9a8f7c5e0911589169a5bacb73acd1a7f1827,fc361f13577626dd7797450e480912ae53f22e24c41edb311827fe55b3cd1073
pm:vm:photonmelodies11.rio.004:1139636328:00067176:00296,cvm,…………我也被她耍得团团转了吗？<0A>不，这是自作自受吗？<01>,[],layout_only,a7833dcb30b36a52a9f8a9e796224b3a020eb9b886607e426375bb3d4675034c,0f1b0cf10ef62a98ed6b51ec697d403c19c1912ce2b24c606a5c224e52b74830
pm:vm:photonmelodies11.rio.004:1139636328:00067748:00297,cvm,【皮亚蒂芙】「总之，快点，先谈战术！」<01>,[],layout_only,6800b7e63402a3cb206176d3791ec5ec9c48a10ec54704ae9787345ac992a05f,2c8c7dc2c1ba017a0194848f6ab77a9ef53c2c1baf50f63d5cb509bab158fdc2
pm:vm:photonmelodies11.rio.004:1139636328:00067928:00298,cvm,【武】「啊，好的！」<01>,[],layout_only,6251230266cdb183287b6e2d944ad4686e5da42b0170397596ae09c4236d43cb,99574b36f8fe8dcf39131921fc22788dca90dc88dce52759da2f7f140921406f
pm:vm:photonmelodies11.rio.004:1139636328:00068696:00299,cvm,没错，现在可不能胆怯！<01>,[],layout_only,f9760e70f758e085402923a081822615bb56f69eb9a33e3780a40e0b97c1dccf,439d984dd1a2a88c45816b7d590c7ac01cf4f9a2b2a4da5588deaa99dda43be7
pm:vm:photonmelodies11.rio.004:1139636328:00068752:00300,cvm,【皮亚蒂芙】「下一场的对手应该已经决定了吧…………<0A>是哪一队呢？」<01>,[],layout_only,06a26702c606bc1f7f1fc0897cdf5d6946d5bd7b986028857f48f2318ce9236b,92a025d204fc8c8f2021f11482b8907f2d5b92cbc8200dfcab02df0c086875ba
pm:vm:photonmelodies11.rio.004:1139636328:00068808:00301,cvm,【夕呼】「就是他们吧，从刚才起一直看着我们的那队」<01>,[],layout_only,d770f563ef8a5e3df4dc67b02a36d9631e2bd8460f23619ff50a37316590edc0,53a06ebe6ddfc2c12a61c7893db6dee5d726611d2a715f1397f3a8c494d42851
pm:vm:photonmelodies11.rio.004:1139636328:00068852:00302,cvm,【武】「咦…………？」<01>,[],layout_only,6f89339b2480107cbb5839c19f9f2232f49962fc19025bf7e2be3b170f1b1d68,cff1150ccd1e336776d839ebdd3abb90457d7f0dec81697b4a75a41c241c3081
pm:vm:photonmelodies11.rio.004:1139636328:00069352:00303,cvm,【皮亚蒂芙】「原来如此…………<0A>看起来对自己的运动能力很有信心…………<0A>给人的感觉就是这样」<01>,[],layout_only,ec4a79a7e34675ad0c615ef97e58abd93ca218b528ebad27d8702c24c3033aba,ee1ced95de1cf49a75f947abc003bab7581cdb5b280e05d302a64276cb593e5b
pm:vm:photonmelodies11.rio.004:1139636328:00069396:00304,cvm,【武】「看来，我们这边也得打起精神…………」<01>,[],layout_only,da8bd346a729ae7dcaf5cd5a8195319d21ce2ca6c1af81f21907ca3931a65459,c6194313f9a65981e5e5cd67081d6e3532ed04076102e657c0cab863fd794588
pm:vm:photonmelodies11.rio.004:1139636328:00069452:00305,cvm,【夕呼】「拜托你们了哦？<0A>我可是除了冠军以外一概不认的」<01>,[],layout_only,00d02834f8e31b30bea5ef5579d0444f4f6d66d381f90cfa3a5417c66df25fef,0a1fa1d59cedf62b964445ff459535933f45e28860024df33ed7cda5df73a728
pm:vm:photonmelodies11.rio.004:1139636328:00069496:00306,cvm,【武】「我知道…………我们这边的目标也只有冠军」<01>,[],layout_only,dd66c46f876af6c33a4b99852448ce2634b996c872e2ab9e2aa1d9381d9d1357,edfc1c7488c9a653f296ccce0b3919214efd47d5596bde3075a873f1d3af5b10
pm:vm:photonmelodies11.rio.004:1139636328:00069852:00307,cvm,可是…………她那么直～～～勾勾地盯着，<0A>到底在看谁？<01>,[],layout_only,ff380039f4619f9fe7157df8310a62ea142d647cfdd0e61903a7dc241d7bed05,1b647c6a3594e2403ea75c2d94296d1e36b0179003d4d1762b1b168247be837d
pm:vm:photonmelodies11.rio.004:1139636328:00069908:00308,cvm,【男人】「好了，缪恩，走吧？」<01>,[],layout_only,a6565035e19bc35b9ee8e4fdbbb135eae705514b2096df11416aad7f99e57a45,4de8826eb5e477b96eaadd2ea01bea8bca826d09c3d70d2ed24ebc67ed3e1a4d
pm:vm:photonmelodies11.rio.004:1139636328:00069952:00309,cvm,【缪恩】「……………………」<01>,[],layout_only,668350bad28685a464095d376bb203db9f23215866bbbd83ee34e7ac0da35fb5,a37417438cb3b57feba7ff2f954560e1e5667888ef23de8d571abcc18fbc78e0
pm:vm:photonmelodies11.rio.004:1139636328:00069996:00310,cvm,我？…………好像不是…………。<01>,[],layout_only,6aa065110f869091d917ceddc95b7d254899223e3bb72d275092016e03423720,a8b45c2fffa3bbaf4b89124a25eab0bed67d7b356b2fcef73ae17088ef70c2fc
pm:vm:photonmelodies11.rio.004:1139636328:00070616:00311,cvm,……………………。<01>,[],layout_only,efa30788584cfea7ade60ccc37d7fc6cda943e64935eb133252c341159e58e05,0b3d7aae4004dc9b91522cf9245f879b48b6a3b3d3c28ecbba043ba8207a6df9
pm:vm:photonmelodies11.rio.004:1139636328:00070980:00312,cvm,【千鹤】「…………怎么了？」<01>,[],layout_only,abdb5c2c65ac0ea51ee2cbe08bbc7da8248e68f995293601426e7f35a086fc98,b58bf2a3e3df5d892ceceed09fe4d3287e3163fc42279142302f07a4d67fe371
pm:vm:photonmelodies11.rio.004:1139636328:00071024:00313,cvm,【武】「班长，你是不是又干了什么？」<01>,[],layout_only,33b1cbd0f5f0722dde7c7e0af9f7fb779750cccd8c4cd535fc726d8742a2d9dc,7a35ac8dc74d29875154da14353f874c393a489eb72877df9e16ca79999a8b60
pm:vm:photonmelodies11.rio.004:1139636328:00071388:00314,cvm,【千鹤】「哈？虽然不知道你在说什么，<0A>能别把我和白银同学相提并论吗？」<01>,[],layout_only,9fcb67c014b9354cd9513b8e4d28f293fcfcaf49d76d6e7161c63f3acdeee179,0d5bc926e7325c123d0940c34d9e811d94e2b096a03b0ba96885396724e0ba85
pm:vm:photonmelodies11.rio.004:1139636328:00071432:00315,cvm,……………………嗯。<01>,[],layout_only,a54104ee0d74c28088a3363fe9b3a4522fc11e2551b63ce521df17fd9cb9dce7,ca940aa28998c5ffd88775fbb88c340c55e49affd2ccf84d2c93a20007d67b78
pm:vm:photonmelodies11.rio.004:1139636328:00071476:00316,cvm,或许可以故意安排班长上场，<0A>让对方满腔斗志扑个空。<01>,[],layout_only,8cc91f35eadc4b557bd5d9b8ae0243fc540df093d3d9f819852720c22badc2c4,d0335ebdc2da13a534e3a76456093d92260e625a052fed108c4071ec8173da4c
pm:vm:photonmelodies11.rio.004:1139636328:00071596:00317,cvm,【伊露玛】「成功了呢，白银同学！」<01>,[],layout_only,38eca255212a7799646af75645c020f82b9045d17da4a6b14be0a724394565a3,c634c546138387cfa93e27abe52d7a28c6ad7c298935be7a1ad9f38ad8f687a7
pm:vm:photonmelodies11.rio.004:1139636328:00071640:00318,cvm,【武】「嗯！！」<01>,[],layout_only,62f7c1dcecd1fe3718e07f1cddc6c989fbd043aaa7d68dc5481eee9a956b40fc,8afe9a458348e6314b59fdd1e9f90e8d29e0660742dd6e97e535d8a2bfed5207
pm:vm:photonmelodies11.rio.004:1139636328:00072292:00319,cvm,【夕呼】「打得相当漂亮」<01>,[],layout_only,da4f7f83ce1a27ba0bcce30c0cb1a41e0bd9e976cece02229cf7ca21163b7bc6,7d3accca02369f078c8b8ae48a9213b473aa215b69b27d6edc5734187622220d
pm:vm:photonmelodies11.rio.004:1139636328:00072336:00320,cvm,【武】「多谢夸奖！」<01>,[],layout_only,cbf5f0d8a2eec2a1339b481e61745e96908b61aa21031981f10663703aebebf6,decbdfd95075c874cca2074f7ab378d7019dc920d11f163bb16548e0e65a0b30
pm:vm:photonmelodies11.rio.004:1139636328:00072568:00321,cvm,【夕呼】「伊露玛更是，怎么说呢？<0A>简直就像从束缚中解放出来一样，打得舒展又有活力呢」<01>,[],layout_only,cb6fa3c5bb53b39feec97ce05ccacac03a361b970b3ae3f757f734bf7ce4a19f,c6d06b1a11a4f3cfaef6f42e3ffc0e18ac38d95552aa5f9bd77ac7ab92cb2d65
pm:vm:photonmelodies11.rio.004:1139636328:00072876:00322,cvm,【伊露玛】「啊，谢谢您的夸奖…………」<01>,[],layout_only,ef5fd9c22fa6f7319cafdb155bbb7459e5ae597a4c2f4ec62a93659e1c66de96,bb3f5715fda6c7959b4a39926738e9ef56a39337ec9f199dcad34c29166cd120
pm:vm:photonmelodies11.rio.004:1139636328:00072932:00323,cvm,【夕呼】「果然，人还是自由自在最好呢～～」<01>,[],layout_only,3e28a9e66e2a98b65a2a7449b7bf42e7a6592777cc11685f9a6882bccf026a5e,c0326bdc4ba1beb61fb85c160ec2ad6be2a7b0465e07ba985353ac3499956d1c
pm:vm:photonmelodies11.rio.004:1139636328:00073240:00324,cvm,【伊露玛】「是、是啊…………」<01>,[],layout_only,223f617c5abc9cd2d8745eb3ed6abe9d9426d6c6b66591414d1c068c867b778e,6571eff1df68f4e66693ec9c9ace801d8a21b73a2464c0874830fd2498b4728b
pm:vm:photonmelodies11.rio.004:1139636328:00073284:00325,cvm,【武】「好、好啦好啦！比起这个，<0A>伊露玛老师出色的运动能力才真让我吃惊！」<01>,[],layout_only,3e65824f46a877f57570df709fdc1d18b8dcd0e0d10beac87792c4e9d62dd751,6de1d9eec768140aa06b172670e673c5d8ea55a4b99c808a27307434199b15ba
pm:vm:photonmelodies11.rio.004:1139636328:00073516:00326,cvm,【夕呼】「说不定她并不是普通教师呢～～」<01>,[],layout_only,b105ec374fb0cc08700897dd7015e4baf83ce7616c6a970b1f3638528ee546b9,6aba47bc652a32bad67cc75a92e830f7a168748340793f0e6ad6516352886c06
pm:vm:photonmelodies11.rio.004:1139636328:00073824:00327,cvm,【伊露玛】「没、没那回事啦～～～」<01>,[],layout_only,313da956ad531202e18237e4fe5c9a1cb02ccd027ce4fcb95af6f2e606aa8214,012e47073a76a6e38defc73ce6b529aff5dae7ec8d522d60cde9a23c466b3f38
pm:vm:photonmelodies11.rio.004:1139636328:00074056:00328,cvm,【夕呼】「……………………真的吗？」<01>,[],layout_only,8b819cffe4c1f3cc384709b837b35fac5cf16f874cc2e3ff397d9bc1e288706f,f255427f68915f3691504303bbcb358de8b649ffe29fbd0b08d2adc5bab153f5
pm:vm:photonmelodies11.rio.004:1139636328:00074308:00329,cvm,【伊露玛】「呃…………对、对了！<0A>白银同学，我们得制定半决赛的战术！」<01>,[],layout_only,23b9772543159a5ab01a8487ffd934c14f1ff4e7e83796271bd347b1d9401291,dd28c92d797ea584f133efc0e3fc1a82c3583f933eec5d8c76675b57113135d9
pm:vm:photonmelodies11.rio.004:1139636328:00074352:00330,cvm,【武】「咦？哦…………说得也是」<01>,[],layout_only,4c71d689ebbfacd3821041c7cf713998c502a8ec40fc5ba0f0105fed3320fe67,dac3d3ea327c3b3635b4796085b55795b212bf2770e7d3166aca206267c4434b
pm:vm:photonmelodies11.rio.004:1139636328:00074572:00331,cvm,说真的，伊露玛老师也被耍得团团转啊…………。<01>,[],layout_only,79f6940ae8045ea39e0a7ac7f13f8d65f8e9699e6909bade7f82d8fd3b5285d0,448e3ca4561498c013a2146a26a13961d173a619047515f03c2c5310155c3995
pm:vm:photonmelodies11.rio.004:1139636328:00075004:00332,cvm,【武】「话说回来，B队怎么样了？」<01>,[],layout_only,8ff82f1749a800197a0188592482c08bdb35ba2aaabb79887837560f44d4536e,57123ef18cb7fa87c06f1b23592666075b41037f987f9a772a0b0372b14cf030
pm:vm:photonmelodies11.rio.004:1139636328:00075368:00333,cvm,【夕呼】「输了哦？」<01>,[],layout_only,c4e4df4d21ca4104905d4a5e2b35a90244e82e4137371c3b1e9a3f49a771d571,74b2871f98b7c00e56c3a82b279363cfe9a9f8c481545545350c8c90a1624240
pm:vm:photonmelodies11.rio.004:1139636328:00075664:00334,cvm,【武】「咦…………真的吗！？」<01>,[],layout_only,82e5da38a10e4526e8c403680a9bbe6107abd05cfb71990e5775086ad1694bf5,ef61d9b31786eccb2670d3cd180fd85a7d8c8950a4112928dcc324dc3b605672
pm:vm:photonmelodies11.rio.004:1139636328:00075972:00335,cvm,【伊露玛】「下一场比赛，<0A>已经不可能是同伴之间对战了呢…………<0A>本来还以为能少打一场的」<01>,[],layout_only,915aa40f31f8cbbaac33254bcf387d76a23ad830231d10f847896a6d1aff0704,b2859dc91f5a45b5168973ecfcfb35b62748d0cde5d5dd30d8a7df75cc1da626
pm:vm:photonmelodies11.rio.004:1139636328:00076028:00336,cvm,【夕呼】「你们会夺冠的吧？」<01>,[],layout_only,294bd03773c2b42ab1d6bf48fb9266ccfb43382e0681fb1a9719c36753f69e6f,ddf5fea56e34a33db395aef00ce47b60b94885f296381230e7a2f04c60866b3d
pm:vm:photonmelodies11.rio.004:1139636328:00076208:00337,cvm,【武】「……………………」<01>,[],layout_only,770975bc8d76964cd0683d1a3ba2ec947971272f34819d29aa5c66d3964a88d7,6a17c608647a040376434d02fd50f1e4124a141fe417bdc98ba4d3f27bdee35c
pm:vm:photonmelodies11.rio.004:1139636328:00076264:00338,cvm,【夕呼】「咦～～？」<01>,[],layout_only,09de607b13d3fd824e078b969c8f416312a5b61a18dda8bcabf28a1bff73ec9b,ea7dfb27967c0be090b257c4cfbfef31db2c511ec0178a665bc8798df6232f63
pm:vm:photonmelodies11.rio.004:1139636328:00076444:00339,cvm,【武】「会、会的！！」<01>,[],layout_only,655f7a376c298ab7d10336a6c9b9a8f7c5e0911589169a5bacb73acd1a7f1827,fc361f13577626dd7797450e480912ae53f22e24c41edb311827fe55b3cd1073
pm:vm:photonmelodies11.rio.004:1139636328:00076488:00340,cvm,…………我也被她耍得团团转了吗？<0A>不，这是自作自受吗？<01>,[],layout_only,a7833dcb30b36a52a9f8a9e796224b3a020eb9b886607e426375bb3d4675034c,0f1b0cf10ef62a98ed6b51ec697d403c19c1912ce2b24c606a5c224e52b74830
pm:vm:photonmelodies11.rio.004:1139636328:00077004:00341,cvm,【伊露玛】「总之快点，先谈战术、战术」<01>,[],layout_only,00639aa1e0b2854f9f8486551f38c7b2e0dba9c33be1172959781fbaf2128280,8a8f2b6568c47165c102228be28d3a0826be8f7a59b4bb49d49e15a2ab6c0ee1
pm:vm:photonmelodies11.rio.004:1139636328:00077184:00342,cvm,【武】「啊，好的！」<01>,[],layout_only,6251230266cdb183287b6e2d944ad4686e5da42b0170397596ae09c4236d43cb,99574b36f8fe8dcf39131921fc22788dca90dc88dce52759da2f7f140921406f
pm:vm:photonmelodies11.rio.004:1139636328:00077896:00343,cvm,没错，现在可不能胆怯！<01>,[],layout_only,f9760e70f758e085402923a081822615bb56f69eb9a33e3780a40e0b97c1dccf,439d984dd1a2a88c45816b7d590c7ac01cf4f9a2b2a4da5588deaa99dda43be7
pm:vm:photonmelodies11.rio.004:1139636328:00077940:00344,cvm,【武】「对手应该已经决定了…………会是什么样的队伍？」<01>,[],layout_only,afc7ea16e278cf0a9dbabdef652fb6ade809fb40b88bb7ce4230d39b63d8ee2b,a834bd16a15be8a7f7ffab36e8a3ae7bbbff8dfdf76cd47d69a7b22d07750b2e
pm:vm:photonmelodies11.rio.004:1139636328:00077996:00345,cvm,【夕呼】「就在那里，不就是他们吗？<0A>一直盯着我们这边呢」<01>,[],layout_only,4ed109203067a762ea4a50c22b6bd1344e74e92f58c930129933343906772dfe,78e2eddf48e84e7ea36ce279f8d5405bdd8e7cd8fa152f9d82766a65be4ffae1
pm:vm:photonmelodies11.rio.004:1139636328:00078040:00346,cvm,【武】「咦…………？」<01>,[],layout_only,6f89339b2480107cbb5839c19f9f2232f49962fc19025bf7e2be3b170f1b1d68,cff1150ccd1e336776d839ebdd3abb90457d7f0dec81697b4a75a41c241c3081
pm:vm:photonmelodies11.rio.004:1139636328:00078528:00347,cvm,…………原来如此，看起来很难对付。<01>,[],layout_only,9afa40c70e729195670ff25bb2f0daad4a6c24f8db6b471e8a4ba71d29ecedf6,c591a057df50b72b3766c0fc98fdb78bb93a6c5db0e93983b1e9091f118499c4
pm:vm:photonmelodies11.rio.004:1139636328:00078584:00348,cvm,【夕呼】「唉～，眼神就是不一样呢…………」<01>,[],layout_only,ec6d4c74a0e11aa6927ecd00995054f106b0a9fbcb29fa889caa2357bf9b891e,926210325f4ca2c083e53b4262ad4ccfc90a9c5926719da1ffba17413e479914
pm:vm:photonmelodies11.rio.004:1139636328:00078628:00349,cvm,【武】「我们这边不打起精神来，可不行啊」<01>,[],layout_only,aa465766e009d974aba8caf036ea2104b538941336c3d2237bd28294c336081c,8d0de86dc3aee7c2c8921f40e2490ae1e769b7e8d8a44793ffa51b576f0a64ad
pm:vm:photonmelodies11.rio.004:1139636328:00078984:00350,cvm,可是…………她那么直～～～勾勾地盯着，<0A>到底在看谁？<01>,[],layout_only,ff380039f4619f9fe7157df8310a62ea142d647cfdd0e61903a7dc241d7bed05,1b647c6a3594e2403ea75c2d94296d1e36b0179003d4d1762b1b168247be837d
pm:vm:photonmelodies11.rio.004:1139636328:00079040:00351,cvm,【男人】「好了，缪恩，走吧？」<01>,[],layout_only,a6565035e19bc35b9ee8e4fdbbb135eae705514b2096df11416aad7f99e57a45,4de8826eb5e477b96eaadd2ea01bea8bca826d09c3d70d2ed24ebc67ed3e1a4d
pm:vm:photonmelodies11.rio.004:1139636328:00079084:00352,cvm,【缪恩】「……………………」<01>,[],layout_only,668350bad28685a464095d376bb203db9f23215866bbbd83ee34e7ac0da35fb5,a37417438cb3b57feba7ff2f954560e1e5667888ef23de8d571abcc18fbc78e0
pm:vm:photonmelodies11.rio.004:1139636328:00079128:00353,cvm,我？…………好像不是…………。<01>,[],layout_only,6aa065110f869091d917ceddc95b7d254899223e3bb72d275092016e03423720,a8b45c2fffa3bbaf4b89124a25eab0bed67d7b356b2fcef73ae17088ef70c2fc
pm:vm:photonmelodies11.rio.004:1139636328:00079748:00354,cvm,……………………。<01>,[],layout_only,efa30788584cfea7ade60ccc37d7fc6cda943e64935eb133252c341159e58e05,0b3d7aae4004dc9b91522cf9245f879b48b6a3b3d3c28ecbba043ba8207a6df9
pm:vm:photonmelodies11.rio.004:1139636328:00080112:00355,cvm,【千鹤】「…………怎么了？」<01>,[],layout_only,abdb5c2c65ac0ea51ee2cbe08bbc7da8248e68f995293601426e7f35a086fc98,b58bf2a3e3df5d892ceceed09fe4d3287e3163fc42279142302f07a4d67fe371
pm:vm:photonmelodies11.rio.004:1139636328:00080156:00356,cvm,【武】「班长，你是不是又干了什么？」<01>,[],layout_only,33b1cbd0f5f0722dde7c7e0af9f7fb779750cccd8c4cd535fc726d8742a2d9dc,7a35ac8dc74d29875154da14353f874c393a489eb72877df9e16ca79999a8b60
pm:vm:photonmelodies11.rio.004:1139636328:00080520:00357,cvm,【千鹤】「哈？虽然不知道你在说什么，<0A>能别把我和白银同学相提并论吗？」<01>,[],layout_only,9fcb67c014b9354cd9513b8e4d28f293fcfcaf49d76d6e7161c63f3acdeee179,0d5bc926e7325c123d0940c34d9e811d94e2b096a03b0ba96885396724e0ba85
pm:vm:photonmelodies11.rio.004:1139636328:00080564:00358,cvm,……………………嗯。<01>,[],layout_only,a54104ee0d74c28088a3363fe9b3a4522fc11e2551b63ce521df17fd9cb9dce7,ca940aa28998c5ffd88775fbb88c340c55e49affd2ccf84d2c93a20007d67b78
pm:vm:photonmelodies11.rio.004:1139636328:00080608:00359,cvm,或许可以故意安排班长上场，<0A>让对方满腔斗志扑个空。<01>,[],layout_only,8cc91f35eadc4b557bd5d9b8ae0243fc540df093d3d9f819852720c22badc2c4,d0335ebdc2da13a534e3a76456093d92260e625a052fed108c4071ec8173da4c
pm:vm:photonmelodies11.rio.004:1139636328:00080728:00360,cvm,【沃肯】「干得好，白银！」<01>,[],layout_only,5951d92c61c5f59a0ee12aa7850d3cf5762a7d1e6e5f87530086a489821682ad,3fc42b0f3905f4132217b505f3fd776fdbbdc61f4ba4b53250ea9cf24447b45e
pm:vm:photonmelodies11.rio.004:1139636328:00080772:00361,cvm,【武】「是、是！！」<01>,[],layout_only,c8656dd9b549b9266aa5389aadc8f92ee06e56cace190c7d7891b04efe647f9b,1238392d7512fe44f409ef37b74f2530a93fdc8d4dff1b116996509614543f5d
pm:vm:photonmelodies11.rio.004:1139636328:00081424:00362,cvm,【悠阳】「武先生，您的表现十分精彩。<0A>沃肯老师也相当娴熟」<01>,[],layout_only,49ee8bd92db783e0f74ce1d5f0fdaa442a68006763ea70151097ac433baceaf9,b854da48041570deb52907df12a4f05d8b86624f55d36393e02a0ed7837b5677
pm:vm:photonmelodies11.rio.004:1139636328:00081480:00363,cvm,【沃肯】「不敢当」<01>,[],layout_only,af673376cd5d38b09ab907ccc21c6f168b69e9017cf8971289a424289d5d3c23,f93c607f6b58ad0ce7d79d18a78691ab505d7e2a36b96c74586910bbdabd98e9
pm:vm:photonmelodies11.rio.004:1139636328:00081524:00364,cvm,【武】「不过，老师果然不愧是经常打球的，确实厉害」<01>,[],layout_only,fb11af08b867d611dd40ae5907b074fb88c46aff01d7c2364cb9ee185fe17895,4c0babc08a2fa2f2c8f45bfd8da47c44680a50db35dfe21abad72ecb72fa4eb5
pm:vm:photonmelodies11.rio.004:1139636328:00081580:00365,cvm,【沃肯】「不过，毕竟很久没打了，<0A>找回手感稍微费了些功夫」<01>,[],layout_only,5fc254b1228beaea2acb4f75c58ee43696e266032022ea9b71692ed1d9aeecc7,12b2672e4d5cfd13632b9108e1a467828f845c93da78fb62e90400fa71713d4c
pm:vm:photonmelodies11.rio.004:1139636328:00081812:00366,cvm,【夕呼】「打得相当漂亮」<01>,[],layout_only,da4f7f83ce1a27ba0bcce30c0cb1a41e0bd9e976cece02229cf7ca21163b7bc6,7d3accca02369f078c8b8ae48a9213b473aa215b69b27d6edc5734187622220d
pm:vm:photonmelodies11.rio.004:1139636328:00081856:00367,cvm,【武】「多谢夸奖！」<01>,[],layout_only,cbf5f0d8a2eec2a1339b481e61745e96908b61aa21031981f10663703aebebf6,decbdfd95075c874cca2074f7ab378d7019dc920d11f163bb16548e0e65a0b30
pm:vm:photonmelodies11.rio.004:1139636328:00081912:00368,cvm,【夕呼】「希望你们保持这个势头，麻利地拿下冠军哦？」<01>,[],layout_only,6022b3a30ca3d2103bc86f56f45f6d697ecb57ec3bc56b7bc98a48e8d6e2532a,5d9c352b731aecd3a81ae7164275c4b50b1edab21d5979be960487554fbf156a
pm:vm:photonmelodies11.rio.004:1139636328:00081956:00369,cvm,【武】「我一定会拿下冠军！」<01>,[],layout_only,19019033e8f41a62eeb7cfd4474cd2f72abfdebde4b937b29752d65c7a7bedfe,2e0e87d747f740185949c9afa2444f776d5001e40941dc2269c56a9c9488b0b9
pm:vm:photonmelodies11.rio.004:1139636328:00082320:00370,cvm,【夕呼】「B队，可是已经输了哦？」<01>,[],layout_only,7f05037eeb3c7347a38bade36abdf97ff0ce0e35c81ce916eb1e0aedabe932da,f0ad82b9ebd3dead2e6f1b4ac273f70ae01afd4acb1db34f145a110071f6c1db
pm:vm:photonmelodies11.rio.004:1139636328:00082628:00371,cvm,【沃肯】「什么…………那真遗憾」<01>,[],layout_only,cb5056fc3073f6efb5f2c67b77e4a3c0d2e9b1caa4ad6e405f546f8def84c798,fb7cac787dcbe4e604c6f82b65de13a53ec044a8f1fe5d479eb1e09bd41d28a7
pm:vm:photonmelodies11.rio.004:1139636328:00082808:00372,cvm,【武】「不会吧…………」<01>,[],layout_only,b6193e85a028aefa1d5f1d71a7fc8fc7faa714cc7ebe2806399232df98e6dcd5,5925933f0e79028a1cdd2fd05a171dc4051a525a91f61d32ca759456b70c9a0b
pm:vm:photonmelodies11.rio.004:1139636328:00083060:00373,cvm,【沃肯】「虽说本来就没抱期待，<0A>但下一场如果是同伴之间对战，<0A>就等于可以少打一场…………」<01>,[],layout_only,017584a84996fb0bee4b2e9bd2b22c9d4b04959e84a3c36a41ba2ad3f2f7d058,4d2a63fd1538d80b9157c8da7d6e9fdcbbae4aa9af9b3e2d18ee82d385b66198
pm:vm:photonmelodies11.rio.004:1139636328:00083116:00374,cvm,【夕呼】「你们会夺冠的吧？」<01>,[],layout_only,294bd03773c2b42ab1d6bf48fb9266ccfb43382e0681fb1a9719c36753f69e6f,ddf5fea56e34a33db395aef00ce47b60b94885f296381230e7a2f04c60866b3d
pm:vm:photonmelodies11.rio.004:1139636328:00083160:00375,cvm,【武】「……………………」<01>,[],layout_only,770975bc8d76964cd0683d1a3ba2ec947971272f34819d29aa5c66d3964a88d7,6a17c608647a040376434d02fd50f1e4124a141fe417bdc98ba4d3f27bdee35c
pm:vm:photonmelodies11.rio.004:1139636328:00083392:00376,cvm,【夕呼】「咦～～？」<01>,[],layout_only,09de607b13d3fd824e078b969c8f416312a5b61a18dda8bcabf28a1bff73ec9b,ea7dfb27967c0be090b257c4cfbfef31db2c511ec0178a665bc8798df6232f63
pm:vm:photonmelodies11.rio.004:1139636328:00083572:00377,cvm,【武】「会、会的！！」<01>,[],layout_only,655f7a376c298ab7d10336a6c9b9a8f7c5e0911589169a5bacb73acd1a7f1827,fc361f13577626dd7797450e480912ae53f22e24c41edb311827fe55b3cd1073
pm:vm:photonmelodies11.rio.004:1139636328:00084088:00378,cvm,【沃肯】「就是这股气势。切忌胆怯」<01>,[],layout_only,251716e3004f4fed23731ecd38c2e146769e6390c94ff2347847bf4594729ba3,83e54dc88911b0bc7f37241446327e2d3255761c3f13832092ae598daac5581a
pm:vm:photonmelodies11.rio.004:1139636328:00084268:00379,cvm,【武】「是、是！」<01>,[],layout_only,3b7b7ba7816c8e52702d9d29d00a3195bde363a594f420068634b687dbcbe80f,64f26aa4bfc0927e939622cba638f25d59461de031f350c9ce153705ea88a468
pm:vm:photonmelodies11.rio.004:1139636328:00084992:00380,cvm,【夕呼】「话说回来，下一组对手是什么来头？」<01>,[],layout_only,e33a1c0706199b37ee728b1fc1d1dd9c55530a29723124d42793d1d7690d0b03,0978d9bd3040a24b4ffbc0c51c65ac5471e5770686127655b5632759d7e889c2
pm:vm:photonmelodies11.rio.004:1139636328:00085300:00381,cvm,【沃肯】「这个嘛…………我想结果应该已经出来了…………」<01>,[],layout_only,806727068dfb93ad26c598243f9886ec38d0c122eb30c2d75a79fb261dfa25f4,9879d98e364b9c371856088a1fbcf31bacb5512244d8ce15cb3550a0d3112b77
pm:vm:photonmelodies11.rio.004:1139636328:00085532:00382,cvm,【夕呼】「那我当然知道，他们就在那边瞪着我们」<01>,[],layout_only,b67f4a99ef558c03f9dc30a61a171ff2b70e186862b38e13fa4dc4560a34db1e,cfa98dd62ded580a0ab909ded5039fe5f4530fbe12df030c02213de9c9b4edb8
pm:vm:photonmelodies11.rio.004:1139636328:00085576:00383,cvm,【武】「咦…………？」<01>,[],layout_only,6f89339b2480107cbb5839c19f9f2232f49962fc19025bf7e2be3b170f1b1d68,cff1150ccd1e336776d839ebdd3abb90457d7f0dec81697b4a75a41c241c3081
pm:vm:photonmelodies11.rio.004:1139636328:00086048:00384,cvm,…………原来如此，看起来很难对付。<01>,[],layout_only,9afa40c70e729195670ff25bb2f0daad4a6c24f8db6b471e8a4ba71d29ecedf6,daf4ce5fadf105f9ebdc9c0198b98c6c4793bcd395ee871fd6d8afb90bbe9ed0
pm:vm:photonmelodies11.rio.004:1139636328:00086104:00385,cvm,【夕呼】「我问的是，那两个人的数据。<0A>运动能力之类的各种资料」<01>,[],layout_only,f31b2c225a161211656cfdfbdef394850646a918c3f59d69e64cf671f4343e82,13a80366f225b96fc84d7fd53b8ecbc47735835968e352f192c059b78282695b
pm:vm:photonmelodies11.rio.004:1139636328:00086148:00386,cvm,【武】「这种事我怎么可能知道啊」<01>,[],layout_only,91ae87c2d584e3f3e2243f7c4fd577138eb742f38ed90d104f8e1aebfbe8985d,237e7c25bad09a677062ee5e9cf48c90cc728c7c9cb38a44bd701c9705103253
pm:vm:photonmelodies11.rio.004:1139636328:00086204:00387,cvm,【夕呼】「是吗～？你不知道？」<01>,[],layout_only,ab4a1dfa042953f98c91581b456b51d89dbc83e15fc97778034ef2b86821908d,572922c206d7f0c56314cf7b52a642e0b7a0c1be2f06c34c50446e4382ea4590
pm:vm:photonmelodies11.rio.004:1139636328:00086260:00388,cvm,【沃肯】「为、为什么觉得我会知道？」<01>,[],layout_only,e74a054f40683056dc42addebe853c2d84cfd5c696231a98b4ff121cc33be53f,15771e9fd291dce1c0ede571be94ceafd465105387c603ece81bedaada53a3f7
pm:vm:photonmelodies11.rio.004:1139636328:00086316:00389,cvm,【夕呼】「嗯～～～～，就是一种感觉～～～」<01>,[],layout_only,9cba0ddd172b7aae5147593fe5944c5fba376e5bf74921cbf3215b999fecbb04,47121b3bceb1493545da37b819e861d34fb0058165c618b3373f1f7f545a5ac7
pm:vm:photonmelodies11.rio.004:1139636328:00086372:00390,cvm,【沃肯】「…………我、我只是一介教师，这种事情…………」<01>,[],layout_only,2524f3b0926cf6188af78e9fd6cfe232f3d4ba4629e2ae21602db4906c5e63f9,8f1cc1cd7056139949ad93ec2e1fa259994a555d67109c056b17d40f3e27af61
pm:vm:photonmelodies11.rio.004:1139636328:00086428:00391,cvm,【夕呼】「哦～，一介教师是吧？<0A>还会做这种事、那种事～～？」<01>,[],layout_only,62735480db144a182d6a2fd52a4194382ec88012f098c82a325d0c95778fb388,4db96e91e224a8fbef97732984d248b7bdb9ccbef43bb926ba325615ede20b35
pm:vm:photonmelodies11.rio.004:1139636328:00086484:00392,cvm,【沃肯】「白、白银！立刻制定半决赛的战术！！」<01>,[],layout_only,fe3a9027e3a04582743660316e0f77469d233adc2ad5e3fb96c1811e6ae9adac,4c37b765ae13c61551de9b288318d9e1aea9dabbc9f754a7cc7ecb5172820c4a
pm:vm:photonmelodies11.rio.004:1139636328:00086528:00393,cvm,【武】「啊…………」<01>,[],layout_only,09a19c4c196aa275411e5a0bf1bdde67622ac4dc09f8347c909f9ee3a0503376,5024ed107c3bc398d873e7d6833154f71f4741615d779b3ea69b5bfb1a99dfd1
pm:vm:photonmelodies11.rio.004:1139636328:00086584:00394,cvm,【沃肯】「回答呢——」<01>,[],layout_only,7b67aa55a5b18104f715dc1f601a201c51e9499b7a8b0f0f7268aa26ecb2be7f,a2c12e838c7ab0e87df9d36d432bae5a8aa6b1ef243e8f7cebafad40794696aa
pm:vm:photonmelodies11.rio.004:1139636328:00086628:00395,cvm,【武】「是——」<01>,[],layout_only,3fba4eb7a136c8073cfbf1b78153defcfdc1d456cc74f8d4c184a73752dd72a7,cb0b9745c14976c1df299cbb149e6ea2c7c40920b2abaf9e6e1f3e8c9359bd6e
pm:vm:photonmelodies11.rio.004:1139636328:00086672:00396,cvm,…………虽然不知道他们在说什么，<0A>不过沃肯老师也被夕呼老师耍得够呛啊。<01>,[],layout_only,76bbbeb6cb38124c9f071ddc782e8cc1289ac82f528be4e8a3000ba6892903c6,29d494dd9f812a70639ed2e27906d6d18a47bc5109cfd279f63c7452f544d9d3
pm:vm:photonmelodies11.rio.004:1139636328:00087020:00397,cvm,话说回来…………她那么直～～～勾勾地盯着，<0A>到底在看谁？<01>,[],layout_only,27b085a93ec4f70f1f37107654f80095772a15fe9e1cb8941810751675e58b03,bd0a95b3dcc14bf921032c98047bdcac59187ac0cb71e43cb9f11be93926b758
pm:vm:photonmelodies11.rio.004:1139636328:00087076:00398,cvm,【男人】「好了，缪恩，走吧？」<01>,[],layout_only,a6565035e19bc35b9ee8e4fdbbb135eae705514b2096df11416aad7f99e57a45,4de8826eb5e477b96eaadd2ea01bea8bca826d09c3d70d2ed24ebc67ed3e1a4d
pm:vm:photonmelodies11.rio.004:1139636328:00087120:00399,cvm,【缪恩】「……………………」<01>,[],layout_only,668350bad28685a464095d376bb203db9f23215866bbbd83ee34e7ac0da35fb5,a37417438cb3b57feba7ff2f954560e1e5667888ef23de8d571abcc18fbc78e0
pm:vm:photonmelodies11.rio.004:1139636328:00087164:00400,cvm,我？…………好像不是…………。<01>,[],layout_only,6aa065110f869091d917ceddc95b7d254899223e3bb72d275092016e03423720,a8b45c2fffa3bbaf4b89124a25eab0bed67d7b356b2fcef73ae17088ef70c2fc
pm:vm:photonmelodies11.rio.004:1139636328:00087784:00401,cvm,……………………。<01>,[],layout_only,efa30788584cfea7ade60ccc37d7fc6cda943e64935eb133252c341159e58e05,0b3d7aae4004dc9b91522cf9245f879b48b6a3b3d3c28ecbba043ba8207a6df9
pm:vm:photonmelodies11.rio.004:1139636328:00088148:00402,cvm,【千鹤】「…………怎么了？」<01>,[],layout_only,abdb5c2c65ac0ea51ee2cbe08bbc7da8248e68f995293601426e7f35a086fc98,b58bf2a3e3df5d892ceceed09fe4d3287e3163fc42279142302f07a4d67fe371
pm:vm:photonmelodies11.rio.004:1139636328:00088192:00403,cvm,【武】「班长，你是不是又干了什么？」<01>,[],layout_only,33b1cbd0f5f0722dde7c7e0af9f7fb779750cccd8c4cd535fc726d8742a2d9dc,7a35ac8dc74d29875154da14353f874c393a489eb72877df9e16ca79999a8b60
pm:vm:photonmelodies11.rio.004:1139636328:00088556:00404,cvm,【千鹤】「哈？虽然不知道你在说什么，<0A>能别把我和白银同学相提并论吗？」<01>,[],layout_only,9fcb67c014b9354cd9513b8e4d28f293fcfcaf49d76d6e7161c63f3acdeee179,0d5bc926e7325c123d0940c34d9e811d94e2b096a03b0ba96885396724e0ba85
pm:vm:photonmelodies11.rio.004:1139636328:00088600:00405,cvm,……………………嗯。<01>,[],layout_only,a54104ee0d74c28088a3363fe9b3a4522fc11e2551b63ce521df17fd9cb9dce7,ca940aa28998c5ffd88775fbb88c340c55e49affd2ccf84d2c93a20007d67b78
pm:vm:photonmelodies11.rio.004:1139636328:00088644:00406,cvm,或许可以故意安排班长上场，<0A>让对方满腔斗志扑个空。<01>,[],layout_only,8cc91f35eadc4b557bd5d9b8ae0243fc540df093d3d9f819852720c22badc2c4,d0335ebdc2da13a534e3a76456093d92260e625a052fed108c4071ec8173da4c
pm:vm:photonmelodies11.rio.004:1139636328:00088764:00407,cvm,【慧】「嘛，大概就这样吧」<01>,[],layout_only,8adb3ac1c4f887e1566bda9c0424d33ac5a578796bf922e689b8fa4c7d6afe32,2af56767270f59f5e793221615124e8e259864f642474d64efa39939e0c7bf92
pm:vm:photonmelodies11.rio.004:1139636328:00088808:00408,cvm,【武】「嗯！！」<01>,[],layout_only,d76cb53381cce0f448375aa3d168ace6cd57092b68606a45c3271c84999bf016,e8c4dd606d2bea6b268f20aa5c585399d3d52416a75ee5192448189329e5cef8
pm:vm:photonmelodies11.rio.004:1139636328:00089440:00409,cvm,【月咏】「武先生、彩峰小姐，恭喜二位！」<01>,[],layout_only,e6ab0f12f4176154c876bddf257a0f31772826fc18041df9d547a1f355de9ada,e9ae68bedbc65d0178f1edd11bdeb1ca1919fc0a58948941889a9381edb9505e
pm:vm:photonmelodies11.rio.004:1139636328:00089484:00410,cvm,【武】「这还是第一次和你两个人组队做事…………<0A>果然你很厉害啊」<01>,[],layout_only,c6c4c9c5009e38be71a95f08fee85add522341ba6db0e40236d57c7cbd2e0334,119d7a274007af887cc9345acfabfe1334fdbbdbf3692fc8ad9260a62ede560a
pm:vm:photonmelodies11.rio.004:1139636328:00089716:00411,cvm,【慧】「嘛，毕竟我是认真起来就能做到的孩子」<01>,[],layout_only,1bb7ce6db09c56b105ab3f66defba0173045c5270e75e799b50eddbe34f992bd,5c63cc9123819807d96849e1df477cbfe0c99381834e9448720405aa60628280
pm:vm:photonmelodies11.rio.004:1139636328:00089928:00412,cvm,【武】「话说回来，B队怎么样了？」<01>,[],layout_only,8ff82f1749a800197a0188592482c08bdb35ba2aaabb79887837560f44d4536e,ea4b0cfcb67a2d23920425637eea8f6d509baa1ce71648bd60b9dc225a3387c3
pm:vm:photonmelodies11.rio.004:1139636328:00090160:00413,cvm,【月咏】「这个…………」<01>,[],layout_only,2f2dcef61bf040f4b32569d73038a7f7741e24a778500a2f0fc1c26c0b7a05cf,a079d5195e74ee97495c8ba581dced24e179a9025cf769cbc10c13204800d6c7
pm:vm:photonmelodies11.rio.004:1139636328:00090392:00414,cvm,【夕呼】「输了，输了！」<01>,[],layout_only,eaf02b5b5e6b6b4388423e42f461700cd38496a68d6f24cd9a3b4ca20b9e2775,844e2bfa00800d018b2717dd3b8d607954d6ae3dd7a9110fa727b552d46d1925
pm:vm:photonmelodies11.rio.004:1139636328:00090436:00415,cvm,【武】「真的吗！？」<01>,[],layout_only,2e9aebd171e750c089ba08be57a05426a990dd595100202be50d28bc50ad66d4,64ae7ec5169c77ee06ef11f42cbe7d18c1b29f4ce3064edbc933115db101daf7
pm:vm:photonmelodies11.rio.004:1139636328:00090480:00416,cvm,本来打算下一场由同伴之间对战，<0A>这样就能少打一场的！<01>,[],layout_only,99e9065fce380fbdad24b2febcc5cd4a099bf194ab2262be1fa7aa7dedc514b5,9002e54153263a5f46e6542f891b016ee765faa050ad9fee9f1f84fcf7c8ff40
pm:vm:photonmelodies11.rio.004:1139636328:00090524:00417,cvm,【慧】「……………………」<01>,[],layout_only,06bd3f7883ae880e1d2e23be206ad1ba874b905e38ce2b8f596153a282542865,e988c43f59a998e81ed9678a9edebfd9d31a258124764e3d6e90dfc3b2f409c4
pm:vm:photonmelodies11.rio.004:1139636328:00090744:00418,cvm,【武】「不、不是！确实变成下一场不能输了…………<0A>但只要赢就行，赢了就行！！」<01>,[],layout_only,9d4d342c10fb7c185190a1537c8c8c132423d461e6b98d7e7f583bab7385cb52,c29f7223bb9a596b6eb4246200bc258568486830f70a2a54674e1b4d7e760a43
pm:vm:photonmelodies11.rio.004:1139636328:00090800:00419,cvm,【夕呼】「…………办得到吗？」<01>,[],layout_only,b4b1bb8fd925975901cd495528263ca12943f2b4236e21be7728b07964f837a0,df978b26782971acaf2c430ff33809a7296335948081b3536d794320aff5f509
pm:vm:photonmelodies11.rio.004:1139636328:00091156:00420,cvm,【武】「我一定会做到的！对吧？」<01>,[],layout_only,eac8129de014721a11fce7d8d46943572cd7960c3d80c4a149987c7f0e7a4242,ae4760a7cfc564671ef8b15bf69b14e5aa5c405bbe1312d6986427cfc54ee455
pm:vm:photonmelodies11.rio.004:1139636328:00091212:00421,cvm,【慧】「难得你把话递给我，很抱歉，<0A>不过有个坏消息」<01>,[],layout_only,f9b37ea1ff531453213953ccd1d6eee70db05f422253310d5562f0cab8ee10d6,d516d89ffdb0291531e338e7fe876f7c377bf0af0515b7723ab8884dc26e1dd6
pm:vm:photonmelodies11.rio.004:1139636328:00091256:00422,cvm,【武】「咦？…………啊！到讲习的时间了！」<01>,[],layout_only,c0a67ad4ddcb5a6663b8f04988683df6eb8dd144f82bf1ba9a0233988ad08297,b0b4cf82c605438f286c38f72b916f0657da20ef14c77e4e5a76ac692152d5be
pm:vm:photonmelodies11.rio.004:1139636328:00091488:00423,cvm,【慧】「嗯…………我得走了」<01>,[],layout_only,5b374a2ab266dfaa2169eff00be667a6b40abe7083e1796c64b7288d03730bd0,d3be0b22e3de118a11fbcccde4369a61ce0f084f2b236c2dfd1577c3eea03921
pm:vm:photonmelodies11.rio.004:1139636328:00091532:00424,cvm,【武】「可恶，宝贵的战力要走了…………」<01>,[],layout_only,453853f4353d03e074fa1e9e8c7669e1d290178369856774741a733050a47501,397129eee05fb06de01c35d771c3c3927fbad34c738361f910fc0f89c5449c23
pm:vm:photonmelodies11.rio.004:1139636328:00091588:00425,cvm,【慧】「离半决赛开始还有一点时间。<0A>柏木会回来的」<01>,[],layout_only,6dbc542c6320fc5ff41e754a7d35681f4ca47c07e9f517b47c6af26d9e62a80a,ba4eeb09a17653876e8d44e62cf80fa134537cfd98725f8bec6a8f5150bb1983
pm:vm:photonmelodies11.rio.004:1139636328:00091632:00426,cvm,【武】「嗯，也是」<01>,[],layout_only,56c04b45ec58a57b07b6f2977d34cebfcd14ae39991633527430de62aedd6ea3,2eaffa4c30c1fb83752fd27b5e5f4fbc0df53fe7928dc000f2646a3d86dca52a
pm:vm:photonmelodies11.rio.004:1139636328:00091988:00427,cvm,【夕呼】「少了彩峰，真的没问题吧～～？」<01>,[],layout_only,8202c99a7bc9f63cfba6674abe41e6c04f8e0afa8d1eecdf66940c76a1554b74,f8f851a28c6c39a0a731612ad8641ad7268ddb1f20d30777b2bb934411fb9d21
pm:vm:photonmelodies11.rio.004:1139636328:00092168:00428,cvm,【武】「没问题！彩峰确实很厉害，<0A>但这支队伍又不是只有彩峰。<0A>我们的阵容深度可是很足的哦～～？」<01>,[],layout_only,de1f26c8a41f00ef0333423462c6c300d2df973d950414ed359b4ec43cdef22b,19a04761ab1ddc9e977ab31d5ea7f57cebb87ddfc2bfeeb94ad06e43fbd3314e
pm:vm:photonmelodies11.rio.004:1139636328:00092400:00429,cvm,【夕呼】「你肯定就是最薄的那个，对吧」<01>,[],layout_only,5ee041b557bebba304904a5744bbb529b0d186384375e07bb5a454654548c0dc,82f11c1b16009472b6977fbef9e55664decdb5a4c99b76706bb02913637aa2b9
pm:vm:photonmelodies11.rio.004:1139636328:00092612:00430,cvm,【武】「不，是纯夏！！」<01>,[],layout_only,4666d4b2ef2a9abf1682d2cc8deaeef1ce6dfc18c18dfa9b935ae92f899ec39c,a0e997addad0019c70517b645089b4207594c34ca3dc5aa0dd4a4d74f26eca60
pm:vm:photonmelodies11.rio.004:1139636328:00092716:00431,cvm,【武】「噗呃！！呸呸呸…………什、什么东西！？」<01>,[],layout_only,2369ca362b6d0911acabe83c9db648c302f258d27aad5bbf65d9bc4474ac7499,17dd3e1ba3491c129509d119c1342045d0816214e81f5ef7e4fa85ec65d3d253
pm:vm:photonmelodies11.rio.004:1139636328:00093372:00432,cvm,【纯夏】「我听见了————！！」<01>,[],layout_only,b2e9f3e441886fcd8d932729c1fd49a3cb70b3aa14587ea5391bbc320c3d37e1,3b1543126a2f3118a91a3f3704c393988b66e198adb91dd3e32ce3c0c1ec1e2a
pm:vm:photonmelodies11.rio.004:1139636328:00093448:00433,cvm,【武】「呃…………我、我相信不是这样的」<01>,[],layout_only,57701e4d8050a75dafd2f3354eb680133ecb632f3f15f0ffb37021f21a73f703,fa3ab6946d8d67e1a018fe26296df07e09b38ced5cd015bea930c49987e9a976
pm:vm:photonmelodies11.rio.004:1139636328:00093504:00434,cvm,【夕呼】「光靠相信，事实可不会改变哦～～」<01>,[],layout_only,d19f2652bb631fdb0fca46c45a09a07f60d7332fd4f31663ce9ff534b82a2185,396075538bc42a4e182068df7a8409480343a11c150387b6c6040ba2d3492063
pm:vm:photonmelodies11.rio.004:1139636328:00093548:00435,cvm,……………………。<01>,[],layout_only,efa30788584cfea7ade60ccc37d7fc6cda943e64935eb133252c341159e58e05,0b3d7aae4004dc9b91522cf9245f879b48b6a3b3d3c28ecbba043ba8207a6df9
pm:vm:photonmelodies11.rio.004:1139636328:00094180:00436,cvm,【慧】「我走了，接下来加油」<01>,[],layout_only,6733e0abbc2578152d896869ae12c220351b94c247f566e942fe6e2104cbc12e,da6f559e2eaa2adf78f53279e3394218b739dfbe3887c324dfd20b2f3655db20
pm:vm:photonmelodies11.rio.004:1139636328:00094224:00437,cvm,【武】「啊，嗯…………你也加油啊」<01>,[],layout_only,041b4d2e03434041c2e614c853347c994d323df4d5d48963a2477b6ecfccf686,d366c68b1963a86994f2cf79000dceebc0eae61754987936a9cd728ff41f3687
pm:vm:photonmelodies11.rio.004:1139636328:00094952:00438,cvm,【月咏】「武先生，既然如此，<0A>我认为应该尽快制定半决赛的战术」<01>,[],layout_only,de4c05a6088d626e639e8a2c1bc8de164d0f73748f7df4e7951844a8fdef4c56,68712503963e79823b9a2db668ca733d19e6821f6ef88a4fa1019746b699895a
pm:vm:photonmelodies11.rio.004:1139636328:00094996:00439,cvm,【武】「说得也是…………呃，<0A>下一场的对手是…………」<01>,[],layout_only,226911f03b85c385ecda4f1ede511d059d1f47e6a514dacaa5dffb42800d82c2,e3483a1aae1f217d78a98d3aac6be340c5e45ad859f2cb68700d28cf76f7c594
pm:vm:photonmelodies11.rio.004:1139636328:00095228:00440,cvm,【夕呼】「那边有人正看着我们哦？」<01>,[],layout_only,82e829167861d1fbe79ee27df437cc0e6a2552a8cf2522dd6206ceefd1c47a21,6a68ccaf3e5d6175bb57c2b07b736d80cd341ec7d75cc7177ba613b425e647f8
pm:vm:photonmelodies11.rio.004:1139636328:00095408:00441,cvm,【武】「咦…………？」<01>,[],layout_only,6f89339b2480107cbb5839c19f9f2232f49962fc19025bf7e2be3b170f1b1d68,cff1150ccd1e336776d839ebdd3abb90457d7f0dec81697b4a75a41c241c3081
pm:vm:photonmelodies11.rio.004:1139636328:00095880:00442,cvm,…………原来如此，看起来很难对付。<01>,[],layout_only,9afa40c70e729195670ff25bb2f0daad4a6c24f8db6b471e8a4ba71d29ecedf6,c591a057df50b72b3766c0fc98fdb78bb93a6c5db0e93983b1e9091f118499c4
pm:vm:photonmelodies11.rio.004:1139636328:00095936:00443,cvm,【月咏】「果然眼神就是不一样…………」<01>,[],layout_only,57a2d5bafe43940ba96d72943353452c7a99e33fe10addc43ef0bbd4f8f7efb7,9215371fe036171c5ff26671cc8a1b713192189fcaae16adf8cde048414d1989
pm:vm:photonmelodies11.rio.004:1139636328:00095980:00444,cvm,【武】「是啊」<01>,[],layout_only,12ab2a51c5b1241b663d7251c0ed15d69286a003e74beb49fe4015e21e647da7,1400818809c61139398ce8177dc9a05c6a2c30f5a02d581906381f851303844c
pm:vm:photonmelodies11.rio.004:1139636328:00096336:00445,cvm,可是…………她那么直～～～勾勾地盯着，<0A>到底在看谁？<01>,[],layout_only,ff380039f4619f9fe7157df8310a62ea142d647cfdd0e61903a7dc241d7bed05,1b647c6a3594e2403ea75c2d94296d1e36b0179003d4d1762b1b168247be837d
pm:vm:photonmelodies11.rio.004:1139636328:00096392:00446,cvm,【男人】「好了，缪恩，走吧？」<01>,[],layout_only,a6565035e19bc35b9ee8e4fdbbb135eae705514b2096df11416aad7f99e57a45,4de8826eb5e477b96eaadd2ea01bea8bca826d09c3d70d2ed24ebc67ed3e1a4d
pm:vm:photonmelodies11.rio.004:1139636328:00096436:00447,cvm,【缪恩】「……………………」<01>,[],layout_only,668350bad28685a464095d376bb203db9f23215866bbbd83ee34e7ac0da35fb5,a37417438cb3b57feba7ff2f954560e1e5667888ef23de8d571abcc18fbc78e0
pm:vm:photonmelodies11.rio.004:1139636328:00096480:00448,cvm,我？…………好像不是…………。<01>,[],layout_only,6aa065110f869091d917ceddc95b7d254899223e3bb72d275092016e03423720,a8b45c2fffa3bbaf4b89124a25eab0bed67d7b356b2fcef73ae17088ef70c2fc
pm:vm:photonmelodies11.rio.004:1139636328:00097100:00449,cvm,……………………。<01>,[],layout_only,efa30788584cfea7ade60ccc37d7fc6cda943e64935eb133252c341159e58e05,0b3d7aae4004dc9b91522cf9245f879b48b6a3b3d3c28ecbba043ba8207a6df9
pm:vm:photonmelodies11.rio.004:1139636328:00097332:00450,cvm,【千鹤】「…………怎么了？」<01>,[],layout_only,abdb5c2c65ac0ea51ee2cbe08bbc7da8248e68f995293601426e7f35a086fc98,b58bf2a3e3df5d892ceceed09fe4d3287e3163fc42279142302f07a4d67fe371
pm:vm:photonmelodies11.rio.004:1139636328:00097376:00451,cvm,【武】「班长，你是不是又干了什么？」<01>,[],layout_only,33b1cbd0f5f0722dde7c7e0af9f7fb779750cccd8c4cd535fc726d8742a2d9dc,7a35ac8dc74d29875154da14353f874c393a489eb72877df9e16ca79999a8b60
pm:vm:photonmelodies11.rio.004:1139636328:00097608:00452,cvm,【千鹤】「哈？虽然不知道你在说什么，<0A>能别把我和白银同学相提并论吗？」<01>,[],layout_only,9fcb67c014b9354cd9513b8e4d28f293fcfcaf49d76d6e7161c63f3acdeee179,0d5bc926e7325c123d0940c34d9e811d94e2b096a03b0ba96885396724e0ba85
pm:vm:photonmelodies11.rio.004:1139636328:00097652:00453,cvm,……………………嗯。<01>,[],layout_only,a54104ee0d74c28088a3363fe9b3a4522fc11e2551b63ce521df17fd9cb9dce7,ca940aa28998c5ffd88775fbb88c340c55e49affd2ccf84d2c93a20007d67b78
pm:vm:photonmelodies11.rio.004:1139636328:00097696:00454,cvm,或许可以故意安排班长上场，<0A>让对方满腔斗志扑个空。<01>,[],layout_only,8cc91f35eadc4b557bd5d9b8ae0243fc540df093d3d9f819852720c22badc2c4,d0335ebdc2da13a534e3a76456093d92260e625a052fed108c4071ec8173da4c
pm:vm:photonmelodies11.rio.004:1139636328:00097816:00455,cvm,【纯夏】「小武，我们赢啦！！」<01>,[],layout_only,9f2f4fe368670e6bb750a983585d37962cdac775bc94349039e05c5efae7cf40,36203833133194d63b4bf2f9eeafc5791969f813fdc6b402cc985c2d7b657889
pm:vm:photonmelodies11.rio.004:1139636328:00097860:00456,cvm,【武】「当然！！」<01>,[],layout_only,1de1b0cf06e10ec141e29cfc08a0b4ac493c72dbc8daea7138e9555e37fbc9ab,c2113dfc30771480e608df9ed38e95c4c26c625b58a1dfd68988e7c908466709
pm:vm:photonmelodies11.rio.004:1139636328:00098492:00457,cvm,【月咏】「武先生、鉴小姐，恭喜二位！」<01>,[],layout_only,c37aabf97d6768a5d244ed165f51b6a5e2a32edd132ec0fdedc9778b4f79da89,854319170a9061a72f06a7a95a51578080ffe636c11631bebf3e2ccddf02ae49
pm:vm:photonmelodies11.rio.004:1139636328:00098536:00458,cvm,【武】「这个嘛，也就这么回事！<0A>不过，几乎全是我的功劳！」<01>,[],layout_only,4037817c581e38c163dd57c001c8414444c7aa6d375fa35d94f4d83dbcc24138,f2a4ac4e5de4d316685504699b27640f4b53b9b130a13279c845ae6dea7868ff
pm:vm:photonmelodies11.rio.004:1139636328:00098768:00459,cvm,【纯夏】「你说什么呢～～！！」<01>,[],layout_only,a663f09188cff0e9d09737afb97d285509caa1c1b34f0a96590943a1f8be3499,60e7626657cfaf645da1edc024d542db28507c60fab33e60dfab2a80b9f63f3d
pm:vm:photonmelodies11.rio.004:1139636328:00098948:00460,cvm,【武】「比起这个，B队怎么样了？」<01>,[],layout_only,ed8f09468f5896847b0d465e05ea7f8e7fbd9014efb7079c4e06c62c936b8637,cb6036045148540182728c6427fa50261e1b45967a79264947bf95a2424a5437
pm:vm:photonmelodies11.rio.004:1139636328:00099312:00461,cvm,【月咏】「这个…………」<01>,[],layout_only,2f2dcef61bf040f4b32569d73038a7f7741e24a778500a2f0fc1c26c0b7a05cf,a079d5195e74ee97495c8ba581dced24e179a9025cf769cbc10c13204800d6c7
pm:vm:photonmelodies11.rio.004:1139636328:00099544:00462,cvm,【夕呼】「输了，输了！」<01>,[],layout_only,eaf02b5b5e6b6b4388423e42f461700cd38496a68d6f24cd9a3b4ca20b9e2775,844e2bfa00800d018b2717dd3b8d607954d6ae3dd7a9110fa727b552d46d1925
pm:vm:photonmelodies11.rio.004:1139636328:00099900:00463,cvm,【武】「真的吗！？」<01>,[],layout_only,2e9aebd171e750c089ba08be57a05426a990dd595100202be50d28bc50ad66d4,64ae7ec5169c77ee06ef11f42cbe7d18c1b29f4ce3064edbc933115db101daf7
pm:vm:photonmelodies11.rio.004:1139636328:00100264:00464,cvm,【纯夏】「这样啊，真遗憾…………<0A>我还以为能和他们对战呢」<01>,[],layout_only,874b37a3617bec0ac7a0c7602db2d17793322cbf77fe25a98c60198b3c35c0c2,1bc82451d21166e1ab375fba53b382060f6764c4d06791fd70c376ff44980d6b
pm:vm:photonmelodies11.rio.004:1139636328:00100444:00465,cvm,【武】「嘛，不过是需要多赢一场而已。<0A>反正接下来A队会全部获胜，场数根本无所谓！」<01>,[],layout_only,599e3b1a33d79f09d158a10e8018e1504bd7fd966548d04db6b5025ecf1f146f,d5e8513db0c7efe047501140ce3973f567584f8df2d426d4712c90916c08bd0e
pm:vm:photonmelodies11.rio.004:1139636328:00100500:00466,cvm,【夕呼】「…………办得到吗？」<01>,[],layout_only,b4b1bb8fd925975901cd495528263ca12943f2b4236e21be7728b07964f837a0,df978b26782971acaf2c430ff33809a7296335948081b3536d794320aff5f509
pm:vm:photonmelodies11.rio.004:1139636328:00100680:00467,cvm,【武】「我一定会做到的！」<01>,[],layout_only,10d3a69c045348e863a3122eeda5b35d86c128f75418214f85a62279a3c24dd5,ae4760a7cfc564671ef8b15bf69b14e5aa5c405bbe1312d6986427cfc54ee455
pm:vm:photonmelodies11.rio.004:1139636328:00100912:00468,cvm,【纯夏】「是啊，小武！呜～～燃起来了！！」<01>,[],layout_only,b96d4827de7adf78331d477d598c9b7f92d7a901a5a3f8d52e24a7f497324b16,092670bbd29fe784738595f6ea0f119290c0c7f6fc62e3d724b5ceeabdb1b1a2
pm:vm:photonmelodies11.rio.004:1139636328:00101400:00469,cvm,【武】「好！那么，马上研究半决赛的战术！！」<01>,[],layout_only,14afc285833fe6936c66cd7f5427c6417d692da9fb39f7220019a350f53057bf,82e94d9e1744615b1c4373b6267cd4ba59512c142d6e9d2e23b9c8223596fa6d
pm:vm:photonmelodies11.rio.004:1139636328:00102104:00470,cvm,【纯夏】「下一队会是什么样呢…………」<01>,[],layout_only,9ef3a5cad05a7b6959baa7b5a990d3eda3dbeb12d5a4f50940bfab19897e9e59,1c2c74249f9c517d73ab2d4308b5be413d0dd8a504cc920fe85e73d4ffcbe80d
pm:vm:photonmelodies11.rio.004:1139636328:00102336:00471,cvm,【夕呼】「那边有人正看着我们哦？」<01>,[],layout_only,82e829167861d1fbe79ee27df437cc0e6a2552a8cf2522dd6206ceefd1c47a21,6a68ccaf3e5d6175bb57c2b07b736d80cd341ec7d75cc7177ba613b425e647f8
pm:vm:photonmelodies11.rio.004:1139636328:00102516:00472,cvm,【武】「咦…………？」<01>,[],layout_only,6f89339b2480107cbb5839c19f9f2232f49962fc19025bf7e2be3b170f1b1d68,cff1150ccd1e336776d839ebdd3abb90457d7f0dec81697b4a75a41c241c3081
pm:vm:photonmelodies11.rio.004:1139636328:00103004:00473,cvm,…………原来如此，看起来很难对付。<01>,[],layout_only,9afa40c70e729195670ff25bb2f0daad4a6c24f8db6b471e8a4ba71d29ecedf6,c591a057df50b72b3766c0fc98fdb78bb93a6c5db0e93983b1e9091f118499c4
pm:vm:photonmelodies11.rio.004:1139636328:00103060:00474,cvm,【月咏】「果然，到了半决赛，对方的干劲也不一样…………」<01>,[],layout_only,a814ee107841d5d47c2f45748d6ae8d15a4fc6161a88b951ac2caa836677be3d,3ac8f8b2fe2a2d7f583bae11098723ab6db50527668d6bb6ba6ef4ea5d338177
pm:vm:photonmelodies11.rio.004:1139636328:00103104:00475,cvm,【武】「我们这边也一样！」<01>,[],layout_only,04eb043923c175d5ac3455a64df210c7c95d095cb03b3b9a4c816a29a763cfad,10e1270efbfc4bc66994424e971e41fede4b4bed43cb61bca1fecbec90245557
pm:vm:photonmelodies11.rio.004:1139636328:00103460:00476,cvm,可是…………她那么直～～～勾勾地盯着，<0A>到底在看谁？<01>,[],layout_only,ff380039f4619f9fe7157df8310a62ea142d647cfdd0e61903a7dc241d7bed05,1b647c6a3594e2403ea75c2d94296d1e36b0179003d4d1762b1b168247be837d
pm:vm:photonmelodies11.rio.004:1139636328:00103516:00477,cvm,【男人】「好了，缪恩，走吧？」<01>,[],layout_only,a6565035e19bc35b9ee8e4fdbbb135eae705514b2096df11416aad7f99e57a45,4de8826eb5e477b96eaadd2ea01bea8bca826d09c3d70d2ed24ebc67ed3e1a4d
pm:vm:photonmelodies11.rio.004:1139636328:00103560:00478,cvm,【缪恩】「……………………」<01>,[],layout_only,668350bad28685a464095d376bb203db9f23215866bbbd83ee34e7ac0da35fb5,a37417438cb3b57feba7ff2f954560e1e5667888ef23de8d571abcc18fbc78e0
pm:vm:photonmelodies11.rio.004:1139636328:00103604:00479,cvm,我？…………好像不是…………。<01>,[],layout_only,6aa065110f869091d917ceddc95b7d254899223e3bb72d275092016e03423720,a8b45c2fffa3bbaf4b89124a25eab0bed67d7b356b2fcef73ae17088ef70c2fc
pm:vm:photonmelodies11.rio.004:1139636328:00104224:00480,cvm,……………………。<01>,[],layout_only,efa30788584cfea7ade60ccc37d7fc6cda943e64935eb133252c341159e58e05,0b3d7aae4004dc9b91522cf9245f879b48b6a3b3d3c28ecbba043ba8207a6df9
pm:vm:photonmelodies11.rio.004:1139636328:00104456:00481,cvm,【千鹤】「…………干什么？」<01>,[],layout_only,8f1b6fdbb673ebd2b59a980fb370fd0fe0638d5ed45ddda5a22cf7a796339a68,183494ed19b4761cb748f2852e32339a4022de4fa20fd83ba5663e4a522988a0
pm:vm:photonmelodies11.rio.004:1139636328:00104500:00482,cvm,【武】「看起来你到处都会惹人记恨嘛～～～～，<0A>还都是在不知不觉间」<01>,[],layout_only,c170d922c6fe1c6c575f4f6abe39cb766f83fea0940d2160de6900fae92bce94,cde9050dca03979630bf806bacae82a776a97e6212fbe5ba694872c08dc8a5ab
pm:vm:photonmelodies11.rio.004:1139636328:00104996:00483,cvm,【千鹤】「突然说什么呢？太失礼了！！」<01>,[],layout_only,8ed27fe3f60b03fceda5993730006757b39be78c6d87835b1d0e01b602171166,02431d12ed84ff009254037e06dbf757716cea7ff07f7fb96ad7299c229fc61f
pm:vm:photonmelodies11.rio.004:1139636328:00105040:00484,cvm,……………………嗯。<01>,[],layout_only,a54104ee0d74c28088a3363fe9b3a4522fc11e2551b63ce521df17fd9cb9dce7,ca940aa28998c5ffd88775fbb88c340c55e49affd2ccf84d2c93a20007d67b78
pm:vm:photonmelodies11.rio.004:1139636328:00105084:00485,cvm,或许可以故意安排班长上场，<0A>让对方满腔斗志扑个空。<01>,[],layout_only,8cc91f35eadc4b557bd5d9b8ae0243fc540df093d3d9f819852720c22badc2c4,d0335ebdc2da13a534e3a76456093d92260e625a052fed108c4071ec8173da4c
pm:vm:photonmelodies11.rio.004:1139636328:00105204:00486,cvm,【霞】「赢了…………」<01>,[],layout_only,feb6b0dddde3009b6f2160f2b8b87d9647876cc0b249f3f59f3028aaa9455114,11594a748a6645292a3c6a0b091608393e513f06bf71cfc5f262debac8e79c7d
pm:vm:photonmelodies11.rio.004:1139636328:00105248:00487,cvm,【武】「嗯！霞，你很努力啊～～！！真棒！」<01>,[],layout_only,53ff322a9db6506318c55f67d3bf248ef50eefdcf88b54b7f98831ba403171e9,f381c6d89b1a099f7b6cd14b1a88697271f32310f562bd0d9a95a56231921fc2
pm:vm:photonmelodies11.rio.004:1139636328:00105304:00488,cvm,【霞】「……………………」<01>,[],layout_only,ae1d9107f8f518af6cc974f9f2dd86cd5f6b05e10cdcd693676de81bca4abda6,09a1c5c4f3135e6f4548ece4982e45e31d0297b9ec63875c4a72c35e2f926c70
pm:vm:photonmelodies11.rio.004:1139636328:00105928:00489,cvm,【月咏】「武先生，恭喜您！」<01>,[],layout_only,1d96b433f6381d65f86ee6235c29f5a347b2267c0347555a2718d5a62a97a8cd,6cd4a7016780915413d6560c8bf30ba0454104144f57a09d5008bae9a6ba48d2
pm:vm:photonmelodies11.rio.004:1139636328:00105972:00490,cvm,【武】「嘛，差不多就这水平！」<01>,[],layout_only,9a752263e636aa8c766d5b95afa2828833712a7288ec733b6555238b86fc4ac2,3c2c72a1c66e48242af15e76da64982d0111add4cab4301c78b05fc0a0e1f7cc
pm:vm:photonmelodies11.rio.004:1139636328:00106028:00491,cvm,【月咏】「社小姐也表现得十分活跃，恭喜您」<01>,[],layout_only,bedcdd39f3a3ec98c2a6b6d3afb4bfb1d437f5076bbbf184569febfda63b6fa2,2abcbcca7913d02a3d314215922bc3cc33f1cfcd46f005974492e273b7cd23c3
pm:vm:photonmelodies11.rio.004:1139636328:00106260:00492,cvm,【霞】「没、没有那回事…………」<01>,[],layout_only,63ed319198515d10daa420f59aee13450a3702648a5449757e683afff40b5fb9,31def6468cb903a19ecf5936c24fd262b12d6ef98fb1b6d1eb64b13d9e825017
pm:vm:photonmelodies11.rio.004:1139636328:00106440:00493,cvm,【武】「不不，你的表现十分亮眼！<0A>本大人特此嘉奖！」<01>,[],layout_only,c01b4342b1bd55d30c661a46d93edf53dff8d9b1a51a9c13c21f52b2008e26ee,d1936617512dbf91b627c329992c49c6afa28944411c8e278cdc8790bd5db274
pm:vm:photonmelodies11.rio.004:1139636328:00106672:00494,cvm,【霞】「谢、谢谢您…………」<01>,[],layout_only,1b4477a14fafd699f7a0a11f4075ab88ea30bb0d39ce0a53ef3bb4d95b7147d8,aefd9a200d04faddf25d14d53edcd6c77cf9df4389ae69c9fd659dcc656f52ed
pm:vm:photonmelodies11.rio.004:1139636328:00107152:00495,cvm,【武】「那么，B队怎么样了？」<01>,[],layout_only,a6ddcafb78362bafb3d9eec5411c37edd0595616b3b4dcb1eb289d9738af732f,cdb5c4ee20a466f5f5df6eb49e7946bdbf39a17463d7b01f7e44373fbe5c0fe4
pm:vm:photonmelodies11.rio.004:1139636328:00107384:00496,cvm,【月咏】「这个…………」<01>,[],layout_only,2f2dcef61bf040f4b32569d73038a7f7741e24a778500a2f0fc1c26c0b7a05cf,a079d5195e74ee97495c8ba581dced24e179a9025cf769cbc10c13204800d6c7
pm:vm:photonmelodies11.rio.004:1139636328:00107616:00497,cvm,【夕呼】「输了，输了！」<01>,[],layout_only,eaf02b5b5e6b6b4388423e42f461700cd38496a68d6f24cd9a3b4ca20b9e2775,844e2bfa00800d018b2717dd3b8d607954d6ae3dd7a9110fa727b552d46d1925
pm:vm:photonmelodies11.rio.004:1139636328:00107660:00498,cvm,【武】「真的吗！？」<01>,[],layout_only,2e9aebd171e750c089ba08be57a05426a990dd595100202be50d28bc50ad66d4,64ae7ec5169c77ee06ef11f42cbe7d18c1b29f4ce3064edbc933115db101daf7
pm:vm:photonmelodies11.rio.004:1139636328:00107892:00499,cvm,【夕呼】「自己人交手，本来可是相当划算的局面呢～～」<01>,[],layout_only,9192a45676103a1b43316ca7b9fd56844f5d30899458225336285d86cc55f4f0,1a3fe5de38568438419b7332f9514b869248807c9057051858bc9096d0030cd1
pm:vm:photonmelodies11.rio.004:1139636328:00107936:00500,cvm,【武】「话、话是这么说，但也只是需要多赢一场，<0A>反正接下来A队会全部获胜，场数根本无所谓！」<01>,[],layout_only,b1f01df16995d4536b8f0afc4409d2276fc31ba76aafbbd28bf4f3af80a3aec0,84a7550a3fec517cb28c8facf5d8fcacee751a73c590cd47f0c3d31b2627c373
pm:vm:photonmelodies11.rio.004:1139636328:00108168:00501,cvm,【夕呼】「…………办得到吗？」<01>,[],layout_only,b4b1bb8fd925975901cd495528263ca12943f2b4236e21be7728b07964f837a0,df978b26782971acaf2c430ff33809a7296335948081b3536d794320aff5f509
pm:vm:photonmelodies11.rio.004:1139636328:00108388:00502,cvm,【武】「我一定会做到的！对吧，霞！」<01>,[],layout_only,0b7734f257a354d833e8d6a25cd9c035fc907eaa653790db50fe8c670369d9b5,39642174d167ca6e7bd55e04729094c00a9002781f2eecc1fbdcea802f85a53f
pm:vm:photonmelodies11.rio.004:1139636328:00108756:00503,cvm,【霞】「是、是！」<01>,[],layout_only,97ba35e45b3826f748c2b2e064c27a68c224046e8c08eff7e33cf05cec1ef659,5f160dc3f85630171b4aee5f0aa4e1bb867696f11364dc95a3dde1084b4a6587
pm:vm:photonmelodies11.rio.004:1139636328:00109448:00504,cvm,【武】「好，那么马上研究半决赛的战术！！<0A>下一支是什么样的队伍？」<01>,[],layout_only,de7b8d70fceea1d0305516a76deecdf66f725ea6a451be51528adf9178bd492b,e8965589d60fa0a8812685444bbd695bba23f6750a727ef586062c891ad58317
pm:vm:photonmelodies11.rio.004:1139636328:00109680:00505,cvm,【霞】「那个…………」<01>,[],layout_only,5228ed9066f8dff4f421f6825695b78b2dcab0f375a5d9699a5e06dbff4a7c56,ef1ec2be77d356c05483f65e95a8a63653c6ecf4178d0db055c881d57eee08cd
pm:vm:photonmelodies11.rio.004:1139636328:00109724:00506,cvm,【武】「怎么了？」<01>,[],layout_only,046168ceafda7f97ee7366f0e4c3f4f7897c2ab4777feffca3d15506bd63f7ae,186cd306d6a75f3ef6d6e8ff4a37cea42b7543ab98844e84c38bcd8ec2d99d83
pm:vm:photonmelodies11.rio.004:1139636328:00109780:00507,cvm,【霞】「后面…………」<01>,[],layout_only,164f8cd808cf05cf5560812243bc56428e42fc3be99166ba33294762549cdc02,004f55db38e79f33a31023999a499e40773811f177b131e1004e2a9113a2ef13
pm:vm:photonmelodies11.rio.004:1139636328:00109824:00508,cvm,【武】「咦…………？」<01>,[],layout_only,6f89339b2480107cbb5839c19f9f2232f49962fc19025bf7e2be3b170f1b1d68,cff1150ccd1e336776d839ebdd3abb90457d7f0dec81697b4a75a41c241c3081
pm:vm:photonmelodies11.rio.004:1139636328:00110312:00509,cvm,…………原来如此，看起来很难对付。<01>,[],layout_only,9afa40c70e729195670ff25bb2f0daad4a6c24f8db6b471e8a4ba71d29ecedf6,c591a057df50b72b3766c0fc98fdb78bb93a6c5db0e93983b1e9091f118499c4
pm:vm:photonmelodies11.rio.004:1139636328:00110368:00510,cvm,【月咏】「果然，到了半决赛，<0A>对方的干劲也不一样…………」<01>,[],layout_only,a814ee107841d5d47c2f45748d6ae8d15a4fc6161a88b951ac2caa836677be3d,3ac8f8b2fe2a2d7f583bae11098723ab6db50527668d6bb6ba6ef4ea5d338177
pm:vm:photonmelodies11.rio.004:1139636328:00110412:00511,cvm,【武】「我们这边也一样！」<01>,[],layout_only,04eb043923c175d5ac3455a64df210c7c95d095cb03b3b9a4c816a29a763cfad,10e1270efbfc4bc66994424e971e41fede4b4bed43cb61bca1fecbec90245557
pm:vm:photonmelodies11.rio.004:1139636328:00110768:00512,cvm,可是…………她那么直～～～勾勾地盯着，<0A>到底在看谁？<01>,[],layout_only,ff380039f4619f9fe7157df8310a62ea142d647cfdd0e61903a7dc241d7bed05,1b647c6a3594e2403ea75c2d94296d1e36b0179003d4d1762b1b168247be837d
pm:vm:photonmelodies11.rio.004:1139636328:00110824:00513,cvm,【男人】「好了，缪恩，走吧？」<01>,[],layout_only,a6565035e19bc35b9ee8e4fdbbb135eae705514b2096df11416aad7f99e57a45,4de8826eb5e477b96eaadd2ea01bea8bca826d09c3d70d2ed24ebc67ed3e1a4d
pm:vm:photonmelodies11.rio.004:1139636328:00110868:00514,cvm,【缪恩】「……………………」<01>,[],layout_only,668350bad28685a464095d376bb203db9f23215866bbbd83ee34e7ac0da35fb5,a37417438cb3b57feba7ff2f954560e1e5667888ef23de8d571abcc18fbc78e0
pm:vm:photonmelodies11.rio.004:1139636328:00110912:00515,cvm,我？…………好像不是…………。<01>,[],layout_only,6aa065110f869091d917ceddc95b7d254899223e3bb72d275092016e03423720,a8b45c2fffa3bbaf4b89124a25eab0bed67d7b356b2fcef73ae17088ef70c2fc
pm:vm:photonmelodies11.rio.004:1139636328:00111532:00516,cvm,……………………。<01>,[],layout_only,efa30788584cfea7ade60ccc37d7fc6cda943e64935eb133252c341159e58e05,0b3d7aae4004dc9b91522cf9245f879b48b6a3b3d3c28ecbba043ba8207a6df9
pm:vm:photonmelodies11.rio.004:1139636328:00111764:00517,cvm,【千鹤】「……………………？」<01>,[],layout_only,3397111840a93bb3c9e0a4050011a5422afaa9338379424a8efbe79af3d0e2e4,60185137fb1bda4efaae2aa74ec4786dbd548e33fe437d4049048694fd37c280
pm:vm:photonmelodies11.rio.004:1139636328:00111808:00518,cvm,【武】「嗯」<01>,[],layout_only,7c48682808719c34d8c5dff2671c1fb865362a99ae307cc3ce1096b4d155ec48,3c4a6c2140be6174250345581c54dd5cac616f2493b40ed7440898f8ec52c9a0
pm:vm:photonmelodies11.rio.004:1139636328:00112040:00519,cvm,【千鹤】「干什么啊，搞得我很在意」<01>,[],layout_only,6fa69c1231383d3e02c2d410b36571d94c5577e25862cef5f8b719db84772438,97442fa79410bfe300e91bd69e1f9d9cc9f2b945923cc6366e1e5805084eab28
pm:vm:photonmelodies11.rio.004:1139636328:00112084:00520,cvm,虽然不清楚内情，但或许可以故意安排班长上场，<0A>让对方满腔斗志扑个空。<01>,[],layout_only,2e99e8739209ead6483917525d8aa209de3af796b79cfb793518aebc9036a9df,0ce28a1545b9de972387e937b912ddc81a22f7a7d789c5e19ddb676fe5e685b5
pm:vm:photonmelodies11.rio.004:1139636328:00112204:00521,cvm,【遥】「太好了，白银同学！我们赢了～～！！」<01>,[],layout_only,ad37cf67bec0bd9133a389f283313105d44e68148e64d9befe79b075386e9b0b,a34bc22f4257cc0c5f12e023ebf5976833938864a6fbafe228c021123e579494
pm:vm:photonmelodies11.rio.004:1139636328:00112248:00522,cvm,【武】「我们做到了！！」<01>,[],layout_only,4b40189086a18e439d87f68079199acf616bfb9133e39d6d97f0692910e5645d,5635a1167b0476f494cdcb92f4b117808fda44000d2a6ea0410def222ee5363c
pm:vm:photonmelodies11.rio.004:1139636328:00113004:00523,cvm,【茜】「姐姐，赢了呢～～！！」<01>,[],layout_only,ae8adf2069914f029f42241d82996e78261183aea6f840b9351bd625a910d81c,ee19e5c9ae637a3171c05d36ec27709e8f9bada8e798bf178d872d4e040816af
pm:vm:photonmelodies11.rio.004:1139636328:00113060:00524,cvm,【水月】「简直是奇迹…………」<01>,[],layout_only,2de81aa9ef72667f3023a54eb1135bedfe13ac8bf1488b6f140971449e5abd25,6b69dd4806e0d56dda50ed846d8bf3827622ed503a2b814258a1f114fe978e79
pm:vm:photonmelodies11.rio.004:1139636328:00113292:00525,cvm,【遥】「真是的，水月太过分了～～」<01>,[],layout_only,2a026a734664913e0aa4317a35a80c37fe71f5e6e8341bb87f81865fff74cd99,a9d799ffe909edf74350cc47fcca27a61b20ae3cbef8bf665aa7d8f4728b8ed3
pm:vm:photonmelodies11.rio.004:1139636328:00113524:00526,cvm,【茜】「只有这次，我真想好好慰劳白银同学」<01>,[],layout_only,6ac52d583ecc42f21338c7e77850572900d88d418f2fbf0e019d7853607b2672,24bb7baaa03560948398f5debb1d754744ddb7f199e1d88ed84c50066f89eb1a
pm:vm:photonmelodies11.rio.004:1139636328:00113568:00527,cvm,【武】「是、是吗？」<01>,[],layout_only,aec2399ab488bf298c116e4641d2b30e2992f368a4378f656ce3883d89cfbfd1,8cf5dff94c32bf7a7d46cfed0ec622d550720f198db6029e883be63c418be56e
pm:vm:photonmelodies11.rio.004:1139636328:00113624:00528,cvm,【水月】「这跟你几乎一个人在打没区别吧？」<01>,[],layout_only,f440290bb9d1eb54480dfcad5a12ad93fcf48dadd1c910f46f4352097083bc57,290310c393b56845cbb97e9897140e799a7ff3f6d9219637155fe57919a07b30
pm:vm:photonmelodies11.rio.004:1139636328:00113980:00529,cvm,【遥】「咦～～！！我觉得才不是呢～～！<0A>我、也很努力啊！！」<01>,[],layout_only,adaf43f03f7a61f9331f8452451c790d1b6079a0a810c04aaeed68d0b75873af,bc4b0e8bef5e49be4be12f8f3f67ac44e53f5811147e58a0f9fa447e6384f789
pm:vm:photonmelodies11.rio.004:1139636328:00114212:00530,cvm,【水月】「哈哈，骗你的骗你的！<0A>遥，我觉得你真的表现得很好」<01>,[],layout_only,d0945618a8a6adee5ecea8f542f77bb3f57a99618962da760ff13b7d841c6a97,de154a9591453e85c8a4a9645b5cc5bb6e950600fbdda9b2cf8d0497fd59af5d
pm:vm:photonmelodies11.rio.004:1139636328:00114668:00531,cvm,【夕呼】「不过啊～，凉宫努力是不错，<0A>可你为什么要跟这姑娘搭档？」<01>,[],layout_only,358177a4eeed1c2d95ecf177d4e2a332b965c0f467103be8ec9a5234d73018b8,825944eed4c5aa9e4ecf2f336ccadeab6997f4811373cbd24692c48f29188a6e
pm:vm:photonmelodies11.rio.004:1139636328:00114712:00532,cvm,【武】「咦？」<01>,[],layout_only,77e63d069d95aabd948bf49f0d1875e61a92335dbc417006761d81674ec8c185,b55249e3c0ee06935938d08a2f8a65d886e446dd4c309f96d3566d3e47b2f343
pm:vm:photonmelodies11.rio.004:1139636328:00115168:00533,cvm,【茜】「确实。要是以冠军为目标，<0A>和姐姐搭档就是自杀行为哦？」<01>,[],layout_only,29327e977cd3f696dfbecec8ea25a8e1fa1ce6cfdd8ba90802083d24fb60ddd5,f021d7f7e9c8575c9b84ec9ccd9753de6b634f9ecf74a3a1fa4d68c61e568f0d
pm:vm:photonmelodies11.rio.004:1139636328:00115400:00534,cvm,【遥】「呜呜呜…………这也说得太过分了～～」<01>,[],layout_only,19c96ff560ea02f9a39416a782c858759380d1ea0b84adae17ebdb9d3a5ebb61,40a6f621d246ac540da543b80900e9b6339aad0830861b31a2e6ecd2ac11d4fd
pm:vm:photonmelodies11.rio.004:1139636328:00115580:00535,cvm,【武】「那、那个，你看，我就想人或许真的不可貌相嘛～。<0A>毕竟她可是能管住速濑前辈的人」<01>,[],layout_only,2f57d5a87fce1f6eb1714a815ea16db7cd1a8f4c5193d557f3792a476407b911,872e15f460ce7dd01a512d97400b3904d1fdfa4a93f2feaeba612d9c1c20a890
pm:vm:photonmelodies11.rio.004:1139636328:00115812:00536,cvm,【水月】「哈？你在说什么呢？」<01>,[],layout_only,db761d2d5ce62e4913320d69f6799e35b67f12acc9a8ffe5cd2629e98b2aa594,46995e2939d10115871a59b8274312cb4842566dfffe67671cfa0edf5ac5d7f2
pm:vm:photonmelodies11.rio.004:1139636328:00116168:00537,cvm,【茜】「原来如此…………」<01>,[],layout_only,8522f7fab9a9cdf55fb3f15efeda3a04ffe1ceaa160cc19ebdb63bc32e875254,b214bfc8f9dc337d04ce5052844ba2278fa57c2347a9fcb27b4fb39e7563c490
pm:vm:photonmelodies11.rio.004:1139636328:00116224:00538,cvm,【水月】「咦？你还真接受了？<0A>太失礼了，你把我当成什么人啊！」<01>,[],layout_only,474c9db0f6b70d64b65f1262133da1fc6557c83aa905fa33241333d916d1d1f0,0cd9fdb602dc4f16055a9ff205d1ac165e73a625ca0d2f5c660a032392fcd2b7
pm:vm:photonmelodies11.rio.004:1139636328:00116268:00539,cvm,【武】「这个嘛，大概就和看起来一样…………」<01>,[],layout_only,229b83b1084d19090a67f4be49421dcda46d46e2b27435d14cf5c02359c0f5a3,e9071ddce32aa758ef93c64eee8d59bb69540dce1da1d9fc22f3921664e34ae2
pm:vm:photonmelodies11.rio.004:1139636328:00116896:00540,cvm,【水月】「你刚才不是还说人不可貌相吗！！」<01>,[],layout_only,019370a58a736cf5258b81a9dbcd216360d0723d981ecbf3b2a687ddff19ac4b,b162ebc0d15e590731c5f7f63cff69c23dc3413d9d1fc5dc42af5c800b6032e8
pm:vm:photonmelodies11.rio.004:1139636328:00117128:00541,cvm,【夕呼】「好啦好啦，到此为止吧？<0A>她要把保存的体力用在这儿，我可受不了」<01>,[],layout_only,e0038ae41affc1ba9570f0cc8b30f3eaab4111aeba6149c6e99d0613a9c16b0c,41dd88eb149f55f80489fd2db8c7fcdd4af9aaa9d367b8fbd5c0338fcd46c2ce
pm:vm:photonmelodies11.rio.004:1139636328:00117172:00542,cvm,【武】「说得也是，总之得先制定下一场的战术…………<0A>毕竟是半决赛，对手应该也很难对付」<01>,[],layout_only,ba821df42ad4a38bb52d1c7b83213cdeb1892ca12a109eecc634ad792b4e54aa,1b1f2fdc99a717eb7189ae5299ea5f0dba29b5df5131f147ff86fb435faf4289
pm:vm:photonmelodies11.rio.004:1139636328:00117404:00543,cvm,【遥】「是啊…………」<01>,[],layout_only,bec9780bb50fecdb0762bfa6bed1715b111155e7975ee7679e35dd70aa2ab2b0,7b5d1336b526140ac1435f649f3ca19aa1d71cc9129566a3d924a04562deccd3
pm:vm:photonmelodies11.rio.004:1139636328:00117448:00544,cvm,【武】「话说回来，B队的比赛怎么样了？」<01>,[],layout_only,f3466cd1d8a033a590d1728b23a2873ae7e47d3017b17f9e8d8bdebbfb1d1bec,0729fc48d2b812bb9fbf566325d63fd78ff52620f727e9120c45685ca6c08448
pm:vm:photonmelodies11.rio.004:1139636328:00117944:00545,cvm,【水月】「…………输了」<01>,[],layout_only,f3c7455d25b049441678f941c83a9e527a7a67632de650f0de27b32570dccf8a,8f8c2ea9c4d014a4ad2cba82f3634532ee9b9a52f3c8a9e590fc086a20d75dc5
pm:vm:photonmelodies11.rio.004:1139636328:00118176:00546,cvm,【遥】「咦？」<01>,[],layout_only,43128df90a075285460d0a472608d62b185d1307a168dadf1fed6bdb5e0588e2,3480920d48a682a4067a4d37a133fba64ee162843cba3b40cc6138b521ed1d35
pm:vm:photonmelodies11.rio.004:1139636328:00118220:00547,cvm,【武】「真的？！」<01>,[],layout_only,448c0e237db88c771e9cb5ebf0328753202d6a29d22ef97edbb583be63f1fd3d,6c099792d070e90e133b767ecf27caad1445b724014ae8cfbd69c731a7cce3fe
pm:vm:photonmelodies11.rio.004:1139636328:00118584:00548,cvm,【水月】「其实输得挺可惜的…………」<01>,[],layout_only,1c0cba7d6bb38d1a3595c964c80eb20d2dcb487401229c863b8140087b6e4f27,363d71c30a94f958ab32243d53990c39e802bacad4c0052d8cb607d207899c9d
pm:vm:photonmelodies11.rio.004:1139636328:00118764:00549,cvm,这样啊…………。下一场由同伴之间对战，<0A>借此少打一场的计划泡汤了。<01>,[],layout_only,def48fe96adcc82cc5fcf99ab0e16a6858a811194f675472fdaf46910ceec5fc,36128d3a51fe1f9702ce9c4d3976b0703f19ff49cecedfb12e881a82a6b2966a
pm:vm:photonmelodies11.rio.004:1139636328:00118808:00550,cvm,我并不觉得自己抱了太大期待…………<0A>可真变成这样，多出来的这一场还真沉重。<01>,[],layout_only,21aaa4e9461411fd99caa7e972501d036057e3bdc918b2629230e99ae3c6cbb9,905cb0ebf443582b37a0788e12f6b307d11bcd4c9f26405589c9658df7d609f3
pm:vm:photonmelodies11.rio.004:1139636328:00119040:00551,cvm,【水月】「白银，你该不会在胆怯吧？」<01>,[],layout_only,e250e71f47c4033693aabf2f7cdde9221ed608618a51167fb8d108ea9a594198,e37874d22a1909006326633232921eef7fc01c85e5f96a3783e46e3daeced2a6
pm:vm:photonmelodies11.rio.004:1139636328:00119220:00552,cvm,【武】「怎、怎么可能！」<01>,[],layout_only,8b2e92d1648f33e49d36f4bbbf7b17afb9cb739983c2c4d334b592ecf66cbd96,14a3b754fcbde7bc7b15ab72e33670c1d666ad8761a8a82d4c3843ae88a88d67
pm:vm:photonmelodies11.rio.004:1139636328:00119584:00553,cvm,【水月】「是吗？那就好。<0A>说到底，下一场也照常赢下来就行了吧？」<01>,[],layout_only,8cfed3c7ff0dfda5d4d16146706ed63c3b09411532b4a5fe83973bea00a2ae3a,eb41bf06dd5399e4af512b66bba88b97ce7c1ea2d5247ee56650d827571f4b36
pm:vm:photonmelodies11.rio.004:1139636328:00119628:00554,cvm,【武】「…………说得也是」<01>,[],layout_only,6d6d4d3cf5852dd47d4ccc79ab2fa0c26a867cb994aa1fba9ed227394c8b70bf,5284097ed18001fa4c64bb001938065e4a5f75051998fcb41c994f6b47b3fa68
pm:vm:photonmelodies11.rio.004:1139636328:00120452:00555,cvm,没错，想夺冠就必须全胜。<0A>我们从一开始就是这么打算的，根本没必要胆怯！<01>,[],layout_only,73631383292f7a28216139d15c623507d24543060e7a6d513c834cecc5ec8689,931a1a10778a965ea42306059634efea1a74049048756407e0c5df364832dd96
pm:vm:photonmelodies11.rio.004:1139636328:00120508:00556,cvm,【茜】「那么～～，下一队会是什么样呢…………」<01>,[],layout_only,51a1dd1208e3ce8b143b5f3a64e0671b6db22cd828e7456286c1417a73d20ccf,b6d98dc3cce4ad7abc5b59956cf94926f07dde07368bc08dc33a1e464a93b849
pm:vm:photonmelodies11.rio.004:1139636328:00120740:00557,cvm,【遥】「我说我说…………会不会就是那些人？<0A>从刚才起就一直看着我们…………」<01>,[],layout_only,0644642a3e35608a0fe585f449511bd62c645784dfb441c42d3b0c1233312277,795db472c8320916786c370b3b13952089c9117e44208c4b967636497397f7fd
pm:vm:photonmelodies11.rio.004:1139636328:00120796:00558,cvm,【水月】「咦？」<01>,[],layout_only,5dfb1bc84d8f18b91e36eea1ab5a0e1d7c3b61a2fb2d1979df27cedda8a705ba,7c6d450e4fd05bcc2d1c5178fc9f409ad7b14125170db2aca23ab3693c2f4f9c
pm:vm:photonmelodies11.rio.004:1139636328:00121296:00559,cvm,【茜】「哇～～，看起来好难对付…………」<01>,[],layout_only,5965006e07e4cc663a6502a9b19de0c6e6b9f84e46ce1ccfa762c15b540aeff5,2404cd2c57da5b85b95927aefd9d46bed528fba09f83ab6af5356641b80cf848
pm:vm:photonmelodies11.rio.004:1139636328:00121352:00560,cvm,【水月】「那边有个很壮的家伙呢…………<0A>这么说虽然很失礼，但那个人，<0A>肯定被人叫过母猩猩吧？」<01>,[],layout_only,771c3a20dd76df9baa5bfbfedf8fab42369d95dc50368cca538a317e0733d5db,441aef10518997e837da332599fc8db1608caac9f6950e5c12b9abfbac571c8c
pm:vm:photonmelodies11.rio.004:1139636328:00121408:00561,cvm,【遥】「水月，这样说人家可不好哦～～」<01>,[],layout_only,9605f86c17c8fe874154d648dad91910b5dcf42d7083c36cd3040285d6e64d9c,3acb13af02ef45b5e6b66e9b42ba186c860d0c326900f2e810030cb29efeb2be
pm:vm:photonmelodies11.rio.004:1139636328:00121452:00562,cvm,【武】「不过，我明白您想说什么…………哎呀，<0A>不愧是速濑前辈，对和自己相似的人就是了解——」<01>,[],layout_only,c36b37e873ed14b58f48911ed4878c8c8c2119b7c8ddabfc676264df08a7720e,6c0681d7bd0bab25062393eeea619a153f371bed952afc02842219cc5b3db46a
pm:vm:photonmelodies11.rio.004:1139636328:00121508:00563,cvm,【水月】「白～银～？」<01>,[],layout_only,e425cbb419b9bd23a417be5cc075c05af0f70145e2b2b949dc17002304ca882d,a91534ddb37aed04874050187aabc45f54cfd7af62bc709f353649e6b011d01c
pm:vm:photonmelodies11.rio.004:1139636328:00121552:00564,cvm,【武】「——之类的话，是凉宫说的！」<01>,[],layout_only,c1dea092fce2d8c7833247c00472c7cc839f9dc66b2485cb84123534a43afb06,397cba73463ea2d68c0abaeb6ca0bdb8db1eb3b948e00989bf68ee9aca7f1212
pm:vm:photonmelodies11.rio.004:1139636328:00121608:00565,cvm,【茜】「咦！？」<01>,[],layout_only,604ebbf818eb63a4dc7fd147c605add8e6663dfff07d5eeec4b8f29577ecac5c,02c6b44ef6de49356c0b1fc01a032bf2fcbf036a240e44ea5edb21b869807e1e
pm:vm:photonmelodies11.rio.004:1139636328:00121824:00566,cvm,【水月】「少骗人了～～～！！！」<01>,[],layout_only,d6d13dd25544d8a56b14417e88b70e852994c5b80eeab559f760b0539b26b7f8,142b2dbd147227d1548468ba91e19dae4bde01c504c71be3db4ce7548c676bae
pm:vm:photonmelodies11.rio.004:1139636328:00121868:00567,cvm,【武】「呀————！！」<01>,[],layout_only,5fffb518da3985a863f126b914df593dea99cdaa1928896ed8a9166e04ff391a,e22e7bb44701a7c3f1ddaed31e6c6187e0978a0f8fa34b49606883fa6dcac40b
pm:vm:photonmelodies11.rio.004:1139636328:00121924:00568,cvm,【遥】「我说我说…………不过，那些人到底在看谁呢？」<01>,[],layout_only,43e7e9212e48f7bd79bca996602968a0945732b48710b52e05e69e6d4c7b5631,decfe4f524cb262cc0cfc9a98b8115bbf34cea5e206631625f06504093ae6953
pm:vm:photonmelodies11.rio.004:1139636328:00122320:00569,cvm,【茜】「咦？……………………是啊，<0A>好像不是在看我们…………奇怪？千鹤？」<01>,[],layout_only,42203811554dace8b03dda6ea1b00fb8a45a0d997bf7fe73814868bfc8334a5c,e51626b94dfb40c115f5abeecc8e1ab7e9de3ec12dfe6e54fd028a6b66a9c845
pm:vm:photonmelodies11.rio.004:1139636328:00122376:00570,cvm,【男人】「好了，缪恩，走吧？」<01>,[],layout_only,a6565035e19bc35b9ee8e4fdbbb135eae705514b2096df11416aad7f99e57a45,4de8826eb5e477b96eaadd2ea01bea8bca826d09c3d70d2ed24ebc67ed3e1a4d
pm:vm:photonmelodies11.rio.004:1139636328:00122420:00571,cvm,【缪恩】「……………………」<01>,[],layout_only,668350bad28685a464095d376bb203db9f23215866bbbd83ee34e7ac0da35fb5,a37417438cb3b57feba7ff2f954560e1e5667888ef23de8d571abcc18fbc78e0
pm:vm:photonmelodies11.rio.004:1139636328:00123052:00572,cvm,【千鹤】「咦？怎么，叫我吗？」<01>,[],layout_only,79e3fffaca884312db8f0898818ff8a91b0806f2c68f56431b23f457769fca41,0cc9ab309bcfd88665b2a86a0b7ed215f7c23236b63a3796cb5f77263bd480ae
pm:vm:photonmelodies11.rio.004:1139636328:00123096:00573,cvm,【武】「看起来你到处都会惹人记恨嘛～～～～，<0A>还都是在不知不觉间」<01>,[],layout_only,c170d922c6fe1c6c575f4f6abe39cb766f83fea0940d2160de6900fae92bce94,cde9050dca03979630bf806bacae82a776a97e6212fbe5ba694872c08dc8a5ab
pm:vm:photonmelodies11.rio.004:1139636328:00123592:00574,cvm,【千鹤】「突然说什么呢？太失礼了！！」<01>,[],layout_only,8ed27fe3f60b03fceda5993730006757b39be78c6d87835b1d0e01b602171166,02431d12ed84ff009254037e06dbf757716cea7ff07f7fb96ad7299c229fc61f
pm:vm:photonmelodies11.rio.004:1139636328:00123648:00575,cvm,【茜】「究竟在说什么蠢话…………」<01>,[],layout_only,4ae2b7252916766231e0f7921d83675df61eba44bec7a51de860bdbd8029d108,ca598e5c7798879ba7cac61184a23529260803f9e9ce7f8b4d150fbd4634d84d
pm:vm:photonmelodies11.rio.004:1139636328:00123692:00576,cvm,……………………嗯。<01>,[],layout_only,a54104ee0d74c28088a3363fe9b3a4522fc11e2551b63ce521df17fd9cb9dce7,ca940aa28998c5ffd88775fbb88c340c55e49affd2ccf84d2c93a20007d67b78
pm:vm:photonmelodies11.rio.004:1139636328:00123736:00577,cvm,或许可以故意安排班长上场，<0A>让对方满腔斗志扑个空。<01>,[],layout_only,8cc91f35eadc4b557bd5d9b8ae0243fc540df093d3d9f819852720c22badc2c4,d0335ebdc2da13a534e3a76456093d92260e625a052fed108c4071ec8173da4c
pm:vm:photonmelodies11.rio.004:1139636328:00123856:00578,cvm,【水月】「好嘞，白银！差不多就这水平！」<01>,[],layout_only,e86c649c283e7e9188135cd63165f537114d2498ab747fbdf16909f86baec61b,4eeaf9c197b7685239953f56d03be54e318a239bdec5bd69a632cb06b3aac992
pm:vm:photonmelodies11.rio.004:1139636328:00123900:00579,cvm,【武】「是！我们做到了！！」<01>,[],layout_only,5a4274704775ab543bdee7e2398bc0cad7c2525e5bc3d5b1ebde029e8e802a82,1d74f80dbdad9b2d19148d96357cb588cb0c0d728c9eec0132530c65c9668bda
pm:vm:photonmelodies11.rio.004:1139636328:00124656:00580,cvm,【茜】「水月前辈，赢了呢！！」<01>,[],layout_only,be9b980ba4ca8215fa583606e727f5159dc3cdca9fb009b92aa6d0abf2dc9298,b267f6d167f4651508d336cf655af03d3fc982c7295ed532c2ae6df6885b34d3
pm:vm:photonmelodies11.rio.004:1139636328:00124888:00581,cvm,【水月】「哼哼哼…………嘛，只要由我出手，<0A>一两场沙滩排球根本不在话下」<01>,[],layout_only,581da2d1f8ced5709c8d08cfaec34852338b872cb615f2a5e5f6c71c5d30f5d6,8fd1c302d3536772f43f8962e18b98d3e38b18d4b9936e2b617dcd65781061f4
pm:vm:photonmelodies11.rio.004:1139636328:00125120:00582,cvm,【遥】「白银同学，你也辛苦了」<01>,[],layout_only,de21af171b0e663a5b0ae5ca7552c80242238b6a7025fbebeb80f94fafa6404e,14f4651c830b4f146cb4b8225c140e61bf0f4eed3cb69ca0228a66e952255436
pm:vm:photonmelodies11.rio.004:1139636328:00125164:00583,cvm,【武】「谢谢您」<01>,[],layout_only,7ee6905e9f6a4587876c64e02c3e3a47c9ea7a11d6a5d20c0d1c429d75a58a12,d4a0ae4bf31a0dc8895c49d270ac8f5bf4172ce05561637a0be2a3ca0d161b2d
pm:vm:photonmelodies11.rio.004:1139636328:00125660:00584,cvm,【水月】「嘛，你的支援还不赖。<0A>看来我的眼光也挺准的」<01>,[],layout_only,9bc56732536a3bb921945f9cc10fa9eb37ddea9f3f5780e8b36ea83d0de2f8aa,51b23ecf72f5b84babc5d628c6a5562860333d6cd5bc6c9cd789052115f81c88
pm:vm:photonmelodies11.rio.004:1139636328:00125892:00585,cvm,【遥】「对哦…………水月一开始<0A>就说想和白银同学搭档参赛」<01>,[],layout_only,35e685f0d28f4ede668dd82a145e8fadf7f55faa4cd3d2aff31166753335d8f9,98a7c22501c9080f695103752bde6472666f6be80c64872a7b92f3f15931b08c
pm:vm:photonmelodies11.rio.004:1139636328:00126124:00586,cvm,【夕呼】「哎呀，是这样吗？那你为什么会在这里？」<01>,[],layout_only,ab8443dace62bbf86bb0ddb1d2963c08ca5f91d138a90cfa84dcb855344cf9de,42e771253b52efa80a594656b57338b56009892330f24d3a4a8864a924f4d434
pm:vm:photonmelodies11.rio.004:1139636328:00126436:00587,cvm,【武】「这个嘛，就是巧妙说服<0A>眼前可能成为障碍的对手，把她拉入我方——」<01>,[],layout_only,9c2c1c689566b48cbb3434f9f7c1df14672bffbf9ef379972722c33617c49798,41356d027b47c0717fd6d07ec0b3d5e5b6ff036e0da21bbcb7e64e52258af190
pm:vm:photonmelodies11.rio.004:1139636328:00126872:00588,cvm,【水月】「你说什么？」<01>,[],layout_only,f6fbc5cf286b129c708f225a2918995d1cf86c12f16ea9a93d566035ebb59a9e,42add3e7e6689e8cd54628a52091104baf83d3b15622e5854e83c6082f62d206
pm:vm:photonmelodies11.rio.004:1139636328:00127076:00589,cvm,【武】「——才不是！我是判断<0A>我们想夺冠果然需要前辈的力量，<0A>于是向您提出了一个很有吸引力的方案——」<01>,[],layout_only,7b9a4c56d3f93ff82d763d83fb55346a324d227a152c97aa507b6face9e82f52,11059c28d6554c5bacbc01553cd4d004667a9b0aee5b0bafb51c84a891426060
pm:vm:photonmelodies11.rio.004:1139636328:00127308:00590,cvm,【夕呼】「你这套长篇大论太无聊了，到此为止吧。<0A>比起这个，下一场，下一场！」<01>,[],layout_only,04c534b492baf359f84ebdc53744c7ee60c109020ade27d8291e972d134c039d,2deee086b23c10e2c6f96b56701d30b68d200d0c3de2afd78853f1c0a40c95af
pm:vm:photonmelodies11.rio.004:1139636328:00127888:00591,cvm,【水月】「说得也是…………到了半决赛，<0A>对手应该会比现在更难对付」<01>,[],layout_only,98a4852b11f930ccc3051cf87f02ab7367fa3b6b3b588fc583d31a2b67c33ea5,c9e2ee4eab964a716d45be751235baa5af9d2fa67eeaae074c58861385245602
pm:vm:photonmelodies11.rio.004:1139636328:00128120:00592,cvm,【遥】「得好好思考，再制定战术才行呢」<01>,[],layout_only,e26deafdadc183369f5b4c96f462f106af50dfdadf9c99ce6cc9ea5496324aa4,2715c754f1583354016ddcc7f57663e3a263a40c8c9a2338ba0920b32565b3fb
pm:vm:photonmelodies11.rio.004:1139636328:00128176:00593,cvm,【夕呼】「拜托你们了哦？B队已经落败，<0A>我们没有退路了」<01>,[],layout_only,ca49212a06144368a84768c77eabe8e5c130dd402edd17ab25b19dafa3935ee6,3be8a2915957ddb8c60d46f0f8717b957fec61c358d6aaa66c8ed6dccc6c442d
pm:vm:photonmelodies11.rio.004:1139636328:00128408:00594,cvm,【水月】「咦！？他们输了吗？」<01>,[],layout_only,5463ebd5c20d861eed93cc371a6dcf4ab7ab4f2e572f6e024897f82904eb4a43,8d0e94aee585208637d2079a02e991f8d90b5e26255d4cd8ef6f9547d815e972
pm:vm:photonmelodies11.rio.004:1139636328:00128640:00595,cvm,【遥】「其实只差一点就能赢了…………」<01>,[],layout_only,4408fe3406cbae304b92d418508a003981581eac41ebf2f1d25a82b65141b78c,667141dbb4ed7dfa29fc621e1292a5dce433742752776ca0fa81ab98eeef9e37
pm:vm:photonmelodies11.rio.004:1139636328:00128684:00596,cvm,【武】「不会吧……………………」<01>,[],layout_only,085f6dfb572cb2640a29e76aa30e0830b864361c78523de15dca7d905477b96f,5f4ec71e7263dcbe77fa60c566de5018e001f0a2dbd834815ec59289101df384
pm:vm:photonmelodies11.rio.004:1139636328:00129048:00597,cvm,【水月】「嘛，这也没办法，在意也无济于事」<01>,[],layout_only,1b1b2aba7907c867ad97693207a858aab29a7abe5814a634c985948a67be17bd,a7d0d23f7fd326bbfc168901b94180296733cc8b818f257809a2cf468aa7505f
pm:vm:photonmelodies11.rio.004:1139636328:00129092:00598,cvm,【武】「话是…………这么说」<01>,[],layout_only,7925fe330e55c0f309df681316aa06eb9cc74d3bc70607aecdccace83e6e5783,9420ce7ce2dbb652db84d03003b5ac3cc59c1fa1a1f4bdd0fddbe6bc850b4efe
pm:vm:photonmelodies11.rio.004:1139636328:00129272:00599,cvm,这样啊…………。下一场由同伴之间对战，<0A>借此少打一场的计划泡汤了。<01>,[],layout_only,def48fe96adcc82cc5fcf99ab0e16a6858a811194f675472fdaf46910ceec5fc,7670994ec2bbccaff8505c036c0f4e53666a17327a7140052844e152bd14446a
pm:vm:photonmelodies11.rio.004:1139636328:00129316:00600,cvm,我并不觉得自己抱了太大期待…………<0A>可真变成这样，多出来的这一场还真沉重。<01>,[],layout_only,21aaa4e9461411fd99caa7e972501d036057e3bdc918b2629230e99ae3c6cbb9,53d162748b9e88bf85e4b2741763a5a91684b7427cfbc60f5232bcd9b1a9800e
pm:vm:photonmelodies11.rio.004:1139636328:00129672:00601,cvm,【水月】「白银，你该不会在胆怯吧？」<01>,[],layout_only,e250e71f47c4033693aabf2f7cdde9221ed608618a51167fb8d108ea9a594198,e37874d22a1909006326633232921eef7fc01c85e5f96a3783e46e3daeced2a6
pm:vm:photonmelodies11.rio.004:1139636328:00129852:00602,cvm,【武】「怎、怎么可能！」<01>,[],layout_only,8b2e92d1648f33e49d36f4bbbf7b17afb9cb739983c2c4d334b592ecf66cbd96,14a3b754fcbde7bc7b15ab72e33670c1d666ad8761a8a82d4c3843ae88a88d67
pm:vm:photonmelodies11.rio.004:1139636328:00130208:00603,cvm,【水月】「是吗？那就好。<0A>说到底，下一场也照常赢下来就行了吧？」<01>,[],layout_only,8cfed3c7ff0dfda5d4d16146706ed63c3b09411532b4a5fe83973bea00a2ae3a,eb41bf06dd5399e4af512b66bba88b97ce7c1ea2d5247ee56650d827571f4b36
pm:vm:photonmelodies11.rio.004:1139636328:00130252:00604,cvm,【武】「…………说得也是」<01>,[],layout_only,6d6d4d3cf5852dd47d4ccc79ab2fa0c26a867cb994aa1fba9ed227394c8b70bf,5284097ed18001fa4c64bb001938065e4a5f75051998fcb41c994f6b47b3fa68
pm:vm:photonmelodies11.rio.004:1139636328:00131060:00605,cvm,没错，想夺冠就必须全胜。<0A>我们从一开始就是这么打算的，根本没必要胆怯！<01>,[],layout_only,73631383292f7a28216139d15c623507d24543060e7a6d513c834cecc5ec8689,931a1a10778a965ea42306059634efea1a74049048756407e0c5df364832dd96
pm:vm:photonmelodies11.rio.004:1139636328:00131104:00606,cvm,【武】「转换一下心情…………那么？<0A>我们下一场的对手是…………」<01>,[],layout_only,5df6dee582a92bcc421fc814b429474cf707a5cac914385e17a93fe678a22eb0,b6d98dc3cce4ad7abc5b59956cf94926f07dde07368bc08dc33a1e464a93b849
pm:vm:photonmelodies11.rio.004:1139636328:00131336:00607,cvm,【水月】「就是那边的人吧？从刚才起就一直看着我们」<01>,[],layout_only,f5a22c86e128374cbc0dcf70296da7a33383eec925a93735c9bb5bcd72d3648e,795db472c8320916786c370b3b13952089c9117e44208c4b967636497397f7fd
pm:vm:photonmelodies11.rio.004:1139636328:00131568:00608,cvm,【茜】「咦？」<01>,[],layout_only,a82d6beafc0df687667df4d46e22f5e27cd6df60f721a073e086b3982481cfed,7c6d450e4fd05bcc2d1c5178fc9f409ad7b14125170db2aca23ab3693c2f4f9c
pm:vm:photonmelodies11.rio.004:1139636328:00132068:00609,cvm,【遥】「哇～～，看起来好强呢～」<01>,[],layout_only,8ef38d806a7535169954932f827e0e5ed7b30fcc28d8d85edbe2534532b72087,2404cd2c57da5b85b95927aefd9d46bed528fba09f83ab6af5356641b80cf848
pm:vm:photonmelodies11.rio.004:1139636328:00132124:00610,cvm,【水月】「这次又有个很壮的家伙呢…………<0A>这么说虽然很失礼，<0A>但那个人的绰号该不会是——」<01>,[],layout_only,9d22ea318eba8eb139586dbdcc5ac749e7029bd4080998bd4bf02be935ef0165,cda1cfbffafa1fa9483c547aab88286aa7af01d33ebe0baa251313a7aee8b400
pm:vm:photonmelodies11.rio.004:1139636328:00132180:00611,cvm,【茜】「母猩猩之类的吧」<01>,[],layout_only,00e7dcd89c052cf39a3e15ca2f1308ac32cc489326a3d4b604da3475cf73a92d,d944c416e80ce7ed2e262b6d78a642c520ec2c4c6cbef5ace7652ab7963860be
pm:vm:photonmelodies11.rio.004:1139636328:00132236:00612,cvm,【水月】「哎呀，一般人会说得这么直接吗…………」<01>,[],layout_only,6b0ed39151038fe8dc408b19ba346f62eb06b6c29e0c63e172efb0c1fb6a2e4e,3c7b9f6ebd50e51e5547e1b1f8bfa91a99db26012b1c2c900fd258ab7d6162cc
pm:vm:photonmelodies11.rio.004:1139636328:00132292:00613,cvm,【茜】「啊，对不起…………她给人的感觉<0A>不知怎么和水月前辈重合了，<0A>让我想起以前对您有过的评价」<01>,[],layout_only,535431a0193c8525ad30df98446c214a2a2a315039b99bdd90586da35b7ad080,21c1ec916a70dc9db7f7871eaec83897c6e7674fa00c832fba31f1dd8afecd85
pm:vm:photonmelodies11.rio.004:1139636328:00132348:00614,cvm,【水月】「哈～？」<01>,[],layout_only,c725a53ebfb73d37be1fd7ee7692243220a7944be4631da035e5a955a74325c2,527e61878d2fa9755640732d38c7123b009299dc44cca81660a4c40d8c87b79f
pm:vm:photonmelodies11.rio.004:1139636328:00132392:00615,cvm,【武】「你…………还真是不知道什么叫害怕啊」<01>,[],layout_only,d654382b982a7eb35ee6d0b8f06040e910eda9fef633b924e8dce6df66f3a18c,d65dba750025c2e184fd5fd0b5db23d7c26f30e453d7c519bbb49d5bec1aa9a9
pm:vm:photonmelodies11.rio.004:1139636328:00132448:00616,cvm,【水月】「茜，之后可要惩罚你哦」<01>,[],layout_only,5334ba7a210ffc1c1dd4ae63e5e66adcd3f82d251ce41eef3e051e63ce7145ba,b9bb6719fcf7fc1188384c4eb59d252a963fa9247461db47b91e7d63b6c59d56
pm:vm:photonmelodies11.rio.004:1139636328:00132504:00617,cvm,【茜】「啊哈哈…………请容我郑重谢绝——」<01>,[],layout_only,108425527fe170dc63ee4d6adea0711be3371f21d680d97ba7e7ff82b3f24860,74dcc78e1131d0553952a6faba25e37a384d096185f274a5f9b45e0300179399
pm:vm:photonmelodies11.rio.004:1139636328:00132560:00618,cvm,【遥】「我说我说…………不过，那些人到底在看谁呢？」<01>,[],layout_only,43e7e9212e48f7bd79bca996602968a0945732b48710b52e05e69e6d4c7b5631,decfe4f524cb262cc0cfc9a98b8115bbf34cea5e206631625f06504093ae6953
pm:vm:photonmelodies11.rio.004:1139636328:00132616:00619,cvm,【男人】「好了，缪恩，走吧？」<01>,[],layout_only,a6565035e19bc35b9ee8e4fdbbb135eae705514b2096df11416aad7f99e57a45,4de8826eb5e477b96eaadd2ea01bea8bca826d09c3d70d2ed24ebc67ed3e1a4d
pm:vm:photonmelodies11.rio.004:1139636328:00132660:00620,cvm,【缪恩】「……………………」<01>,[],layout_only,668350bad28685a464095d376bb203db9f23215866bbbd83ee34e7ac0da35fb5,a37417438cb3b57feba7ff2f954560e1e5667888ef23de8d571abcc18fbc78e0
pm:vm:photonmelodies11.rio.004:1139636328:00133028:00621,cvm,【茜】「咦？……………………是啊，<0A>好像不是在看我们…………奇怪？千鹤？」<01>,[],layout_only,42203811554dace8b03dda6ea1b00fb8a45a0d997bf7fe73814868bfc8334a5c,e51626b94dfb40c115f5abeecc8e1ab7e9de3ec12dfe6e54fd028a6b66a9c845
pm:vm:photonmelodies11.rio.004:1139636328:00133660:00622,cvm,【千鹤】「咦？怎么，叫我吗？」<01>,[],layout_only,79e3fffaca884312db8f0898818ff8a91b0806f2c68f56431b23f457769fca41,0cc9ab309bcfd88665b2a86a0b7ed215f7c23236b63a3796cb5f77263bd480ae
pm:vm:photonmelodies11.rio.004:1139636328:00133704:00623,cvm,【武】「看起来你到处都会惹人记恨嘛～～～～，<0A>还都是在不知不觉间」<01>,[],layout_only,c170d922c6fe1c6c575f4f6abe39cb766f83fea0940d2160de6900fae92bce94,cde9050dca03979630bf806bacae82a776a97e6212fbe5ba694872c08dc8a5ab
pm:vm:photonmelodies11.rio.004:1139636328:00134200:00624,cvm,【千鹤】「突然说什么呢？太失礼了！！」<01>,[],layout_only,8ed27fe3f60b03fceda5993730006757b39be78c6d87835b1d0e01b602171166,02431d12ed84ff009254037e06dbf757716cea7ff07f7fb96ad7299c229fc61f
pm:vm:photonmelodies11.rio.004:1139636328:00134256:00625,cvm,【茜】「究竟在说什么蠢话…………」<01>,[],layout_only,4ae2b7252916766231e0f7921d83675df61eba44bec7a51de860bdbd8029d108,ca598e5c7798879ba7cac61184a23529260803f9e9ce7f8b4d150fbd4634d84d
pm:vm:photonmelodies11.rio.004:1139636328:00134300:00626,cvm,……………………嗯。<01>,[],layout_only,a54104ee0d74c28088a3363fe9b3a4522fc11e2551b63ce521df17fd9cb9dce7,ca940aa28998c5ffd88775fbb88c340c55e49affd2ccf84d2c93a20007d67b78
pm:vm:photonmelodies11.rio.004:1139636328:00134344:00627,cvm,或许可以故意安排班长上场，<0A>让对方满腔斗志扑个空。<01>,[],layout_only,8cc91f35eadc4b557bd5d9b8ae0243fc540df093d3d9f819852720c22badc2c4,d0335ebdc2da13a534e3a76456093d92260e625a052fed108c4071ec8173da4c
pm:vm:photonmelodies11.rio.004:1139636328:00134464:00628,cvm,【筑地】「太好了，我们赢了～～！！」<01>,[],layout_only,10e1707bbd0b8ed951fba9791dfc6894e128e7fc3c7d39f0054f81a5a855c86d,479e7a4de7e134639cba9950306b69b9777dd9780733fcf56b270bdcc94e24c9
pm:vm:photonmelodies11.rio.004:1139636328:00134508:00629,cvm,【武】「嗯，赢了！」<01>,[],layout_only,d057361acdc85cfd02a786415a8d454a89371d7815b65a44a455daa09530519b,31902e3995be0ef118fb6da24a4b8853cf73cda4aa4e38e47c6f978b5fdd5921
pm:vm:photonmelodies11.rio.004:1139636328:00135188:00630,cvm,【茜】「多惠～！赢了呢！！」<01>,[],layout_only,2d400b74f9a84668b3a58399f07f6766386bcc3c72df5a3260c707455ef68d6c,4e7d5be1dc821266801692acde21d8ed52905435e5087ea615441b0a9d6cb8a5
pm:vm:photonmelodies11.rio.004:1139636328:00135440:00631,cvm,【筑地】「你看了…………？<0A>你一直看着我比赛…………？」<01>,[],layout_only,29e0d6f373447d6d61d2c034c07cdc47110fe5908fcb192fc12bb84c7c7a085c,b40e35c74f72d4b19300a8a035c2e95ccc6790bc0b5cbc6e8512d60d2f5d5128
pm:vm:photonmelodies11.rio.004:1139636328:00135672:00632,cvm,【茜】「当然啦！我一直都这么觉得，<0A>多惠真是人不可貌相，运动特别拿手呢」<01>,[],layout_only,3495c9661a40b29efb14b258d9021504c7747bbe258e73ea5de8e276c259b7ff,e009e5a7c35ef99835d9f0eb6e73e39b8760b66c9064efe9e50731f1340fa1d8
pm:vm:photonmelodies11.rio.004:1139636328:00135952:00633,cvm,【筑地】「唔哦哦哦！你、你一直都是这么想的吗…………？」<01>,[],layout_only,97e50ea70a606ab4dc49d369b9ecd577134415437d9c9e22ab1be6b32f78c769,3a1562c86601ee1d990f859b9f7e9de2aac04c10a2aee0a53955946ffcf189f7
pm:vm:photonmelodies11.rio.004:1139636328:00136008:00634,cvm,【茜】「嗯，是啊？」<01>,[],layout_only,a9676eea2ccceaaad82324d19b08d5d66b3437f0981b294dd9adf3bddd614eb5,d27365ab9671eee515f7de067ac3dc5fe6de87a46185272c21e4d8512688ffdc
pm:vm:photonmelodies11.rio.004:1139636328:00136260:00635,cvm,【筑地】「茜她…………茜、茜她…………」<01>,[],layout_only,de05620828487db546fd5ae830c6e972a21676c5dd18b20d859621ec5ff7eada,b273fd153f8a2824e357ab2c5109bbbfadc75785711b6f8e9f18ba7ad2e3e17c
pm:vm:photonmelodies11.rio.004:1139636328:00136816:00636,cvm,【武】「——啊！喂、喂，筑地？」<01>,[],layout_only,538a6488f1359b3911b1718832e4ba7a1727acb429c69c02c784eac16293bfe2,cfaa037b3be263fb28997cb9b118ad09b0cb890b3419f6d589cbfda0fcbdb735
pm:vm:photonmelodies11.rio.004:1139636328:00137048:00637,cvm,【茜】「——多惠！喂，多惠！振作一点？<0A>你到底怎么了嘛，真是的～～！！」<01>,[],layout_only,37515a90735e4e9f1047471670d9d383695e743de67b5d4760294f466caeb3c4,4cdd5842449897dc57ccc6d3e2422b6a3660fecc71cfd33dae2889d90667ca85
pm:vm:photonmelodies11.rio.004:1139636328:00137280:00638,cvm,【夕呼】「凉宫，总之先把她带到那边去吧」<01>,[],layout_only,e27860f3692a4aa4d4b3a389f3bf18611c96342040b1f01df7d6bc4dc56ed950,2ec566672132ca91ffe6d73e101212746818d41fbb6f6e873dfe9957fc4bebf8
pm:vm:photonmelodies11.rio.004:1139636328:00137660:00639,cvm,【茜】「好、好的…………」<01>,[],layout_only,2360234b341b2ef0a8118f5d0cb999b5ce35a9d60edcac9532a0fe60b4060be6,491eeffa3a8999676c3d4afc044fcba9ce2a004ddad012989ad9d0f8b8872532
pm:vm:photonmelodies11.rio.004:1139636328:00137792:00640,cvm,【茜】「嘿咻…………好…………」<01>,[],layout_only,59782e11aa2e5602e422ca0d4eaafcee314835f93475c4a302d7b7caaee1c895,74e02c22d3366dd57740c85636d0b9e08f9e7324930a899fca2f4d5acf7384ba
pm:vm:photonmelodies11.rio.004:1139636328:00137848:00641,cvm,【筑地】「哈喵～～～～」<01>,[],layout_only,b3e0bfd7afe0270269baf34d006265b6ce08f53e0de05c04276b7ca3384c144b,af04977d420c6ef59798c6cfd036326e3b365559cfa182a19a2434200e50ef80
pm:vm:photonmelodies11.rio.004:1139636328:00137904:00642,cvm,【茜】「啊，等、等等！别抱着我啊…………<0A>这样很难走路吧！？」<01>,[],layout_only,942220e48d565eff3138b9d6fa1a3d376efb10b8ea81fc23f0a2c8f7dd98b2bc,75d5acdd958290000b3b2cecb5bc7f9d2ae8e5154a9d6d97a397cc3dfa29e2e5
pm:vm:photonmelodies11.rio.004:1139636328:00138084:00643,cvm,…………真不知道她们在干什么。<01>,[],layout_only,a7ce93529b96f59cad886814789194eaa7985918c9b8c36aca834d7765f0848c,8821bb4efcbe903d47079be7dbcbd8afa27e522acb2067343a4e6d7c421e3193
pm:vm:photonmelodies11.rio.004:1139636328:00138316:00644,cvm,【夕呼】「话说，白银…………B队输了哦？」<01>,[],layout_only,e2876f560c0988455e78c1460c0daa5dcb69b72b8d4053651cdb943d5cf9a8f8,e66765e307d7165a88720787faed619cafa76f46ecdeebbf787e4cd7b26f642e
pm:vm:photonmelodies11.rio.004:1139636328:00138496:00645,cvm,【武】「…………真的吗？」<01>,[],layout_only,a4696d0d1709297ea49e479761d3f71a1cd8f66ec685add7bbaf6071742af251,91e93c8767cd71bdc0dafb60f5be9439cdf971aadf69044d1d6be5b45ac7fafa
pm:vm:photonmelodies11.rio.004:1139636328:00138552:00646,cvm,【夕呼】「就算他们赢了，也只会变成同伴互相淘汰，<0A>不过能不能少打一场，差别还是很大吧？」<01>,[],layout_only,8f4a44bbea0c834500e8181fca43cdc03bcdb4c04a0850ecca5d04e4d115bd9d,bd3df94af7a9cc335f00dfb53971e186413d0e83ac90425990df68fdfa7771a7
pm:vm:photonmelodies11.rio.004:1139636328:00138596:00647,cvm,【武】「我不否认，但既然以冠军为目标，<0A>无论对手是谁都必须全胜吧？」<01>,[],layout_only,90df41aef0dc67e12d75a3a30d1dd854955b888c5807fad10a6c56ac5694d025,b01730bd5ec00917e17a6933b45f41b80592e7365a9516f36410361bab9de162
pm:vm:photonmelodies11.rio.004:1139636328:00138828:00648,cvm,【夕呼】「嘛，总之好好努力吧？<0A>只要你们能夺冠，我就满意了」<01>,[],layout_only,12d88ae37ffad70000a7465b4408a866d5ec9bd8a2cf1668538da5a5376be62f,ca273e01ec90a9e8764278ca5e14b05e941488e0ec01150db2be6f268944dc08
pm:vm:photonmelodies11.rio.004:1139636328:00138872:00649,cvm,【武】「我知道」<01>,[],layout_only,9311ff91862b44576f01a9d8d3fb2897099cf1b6197fcbd36d9d8614841464fa,f666d32843af681eac61b2f31a6f4062ca8823a4958524aad5773b437ca14dc3
pm:vm:photonmelodies11.rio.004:1139636328:00139588:00650,cvm,【夕呼】「既然如此，白银…………看你后面」<01>,[],layout_only,934308d2e6490aadec5db8913fa5ee83fa0b9c801d7e5375bd0e67c229d0b2b2,143fccd604fbbbc9cc17ef79fe84394ecd2b8e14718719186759150a337eff5b
pm:vm:photonmelodies11.rio.004:1139636328:00139632:00651,cvm,【武】「咦？」<01>,[],layout_only,77e63d069d95aabd948bf49f0d1875e61a92335dbc417006761d81674ec8c185,b55249e3c0ee06935938d08a2f8a65d886e446dd4c309f96d3566d3e47b2f343
pm:vm:photonmelodies11.rio.004:1139636328:00140120:00652,cvm,……………………。<01>,[],layout_only,efa30788584cfea7ade60ccc37d7fc6cda943e64935eb133252c341159e58e05,0b3d7aae4004dc9b91522cf9245f879b48b6a3b3d3c28ecbba043ba8207a6df9
pm:vm:photonmelodies11.rio.004:1139636328:00140176:00653,cvm,【夕呼】「那就是下一个对手」<01>,[],layout_only,df616186034d611a6914e425be3fcb057154109e9a9965d4dfcf94c73fe04935,394eaf7a74594f82b4aea29f6e0335f2bc24bc2167b99ab90f65a832e2784cbf
pm:vm:photonmelodies11.rio.004:1139636328:00140220:00654,cvm,【武】「……………………真的假的？」<01>,[],layout_only,065dc89702bfee32ef8830d212c5c730cdb5b4d713d4ef90f97ee782c73cfa58,8c5f4fc0dfe09f46bb6978e360a265db7965449d90ba079c76691cba1875f1d6
pm:vm:photonmelodies11.rio.004:1139636328:00140264:00655,cvm,不愧是半决赛，看起来很难对付啊。<01>,[],layout_only,b4929ec01ae3ae890fb2995c669ca75e254bf5bdb34e1bab6bcb841eb292586f,ed54962c6548705a86fd306d96f8437cbdcf8a79c56a23d0c0d21425f959cb09
pm:vm:photonmelodies11.rio.004:1139636328:00140308:00656,cvm,单论块头，刚才那帮人还要大上好几倍，<0A>可该怎么说…………气场不一样…………。<01>,[],layout_only,3f9cb15845035c549792a65f3bc44a9d4d4548998b7541d64bd5b1275d2d9a90,5f601c3e77ae8620bad893c91599ace46cb39804f22ef6bf64e05719c0d4d199
pm:vm:photonmelodies11.rio.004:1139636328:00140364:00657,cvm,【夕呼】「我可不接受冠军以外的结果哦？给我好好打」<01>,[],layout_only,b83aaaf2dc9e9d02efb106c948c4d43737671bf34d1e04a196f691f8211d5662,f27dd92d84ea47494702e780e96dcf04b653173b978a3fe5a1b917192f1cba8c
pm:vm:photonmelodies11.rio.004:1139636328:00140408:00658,cvm,【武】「我知道…………我自己也是这么打算的」<01>,[],layout_only,bb8bae7e15a5bd11859ca51f0d346ea5b77b5b594da9869ed4af1becdc8c97d7,647cee79deb5986cc5817de27c43444ef3a19d0daa0ff3cc75a72329b4c2ae85
pm:vm:photonmelodies11.rio.004:1139636328:00140764:00659,cvm,可是…………盯得那么～～～入神，<0A>她到底在看谁啊？<01>,[],layout_only,ff380039f4619f9fe7157df8310a62ea142d647cfdd0e61903a7dc241d7bed05,1b647c6a3594e2403ea75c2d94296d1e36b0179003d4d1762b1b168247be837d
pm:vm:photonmelodies11.rio.004:1139636328:00140820:00660,cvm,【男人】「喂，缪恩，走吧？」<01>,[],layout_only,a6565035e19bc35b9ee8e4fdbbb135eae705514b2096df11416aad7f99e57a45,4de8826eb5e477b96eaadd2ea01bea8bca826d09c3d70d2ed24ebc67ed3e1a4d
pm:vm:photonmelodies11.rio.004:1139636328:00140864:00661,cvm,【缪恩】「……………………」<01>,[],layout_only,668350bad28685a464095d376bb203db9f23215866bbbd83ee34e7ac0da35fb5,a37417438cb3b57feba7ff2f954560e1e5667888ef23de8d571abcc18fbc78e0
pm:vm:photonmelodies11.rio.004:1139636328:00140908:00662,cvm,我？…………好像不是…………。<01>,[],layout_only,6aa065110f869091d917ceddc95b7d254899223e3bb72d275092016e03423720,a8b45c2fffa3bbaf4b89124a25eab0bed67d7b356b2fcef73ae17088ef70c2fc
pm:vm:photonmelodies11.rio.004:1139636328:00141528:00663,cvm,……………………。<01>,[],layout_only,efa30788584cfea7ade60ccc37d7fc6cda943e64935eb133252c341159e58e05,0b3d7aae4004dc9b91522cf9245f879b48b6a3b3d3c28ecbba043ba8207a6df9
pm:vm:photonmelodies11.rio.004:1139636328:00141892:00664,cvm,【千鹤】「……………………？」<01>,[],layout_only,3397111840a93bb3c9e0a4050011a5422afaa9338379424a8efbe79af3d0e2e4,60185137fb1bda4efaae2aa74ec4786dbd548e33fe437d4049048694fd37c280
pm:vm:photonmelodies11.rio.004:1139636328:00141936:00665,cvm,【武】「嗯」<01>,[],layout_only,7c48682808719c34d8c5dff2671c1fb865362a99ae307cc3ce1096b4d155ec48,3c4a6c2140be6174250345581c54dd5cac616f2493b40ed7440898f8ec52c9a0
pm:vm:photonmelodies11.rio.004:1139636328:00142168:00666,cvm,【千鹤】「干什么啊，弄得我怪在意的」<01>,[],layout_only,6fa69c1231383d3e02c2d410b36571d94c5577e25862cef5f8b719db84772438,97442fa79410bfe300e91bd69e1f9d9cc9f2b945923cc6366e1e5805084eab28
pm:vm:photonmelodies11.rio.004:1139636328:00142212:00667,cvm,虽然不清楚内情，不过或许可以故意安排班长上场，<0A>让对方满腔斗志扑个空。<01>,[],layout_only,2e99e8739209ead6483917525d8aa209de3af796b79cfb793518aebc9036a9df,0ce28a1545b9de972387e937b912ddc81a22f7a7d789c5e19ddb676fe5e685b5
pm:vm:photonmelodies11.rio.004:1139636328:00142692:00668,cvm,【慧】「那我，走了？」<01>,[],layout_only,5c37811ce516b2db0a35afa89e72940acb7eb9b1aa11d31a18bd7f81c91d3c54,6bff8b6cdc3fdf1407cb4a29a4339575429a075fd9d0d35462bb9b9ee300791a
pm:vm:photonmelodies11.rio.004:1139636328:00142736:00669,cvm,【武】「啊？对哦，已经到时间了…………<0A>老实说，少了你确实很难办啊」<01>,[],layout_only,2109d5a0f897da9afa1a5bf78b63a087d2f3036142dea603b9df47b4473805a5,148915d788ea8c003a5d9f2e27d6b821c3bc726d7705caa08ff61f9084edee81
pm:vm:photonmelodies11.rio.004:1139636328:00142792:00670,cvm,【慧】「离半决赛开始还有一点时间。柏木会回来的」<01>,[],layout_only,6dbc542c6320fc5ff41e754a7d35681f4ca47c07e9f517b47c6af26d9e62a80a,ba4eeb09a17653876e8d44e62cf80fa134537cfd98725f8bec6a8f5150bb1983
pm:vm:photonmelodies11.rio.004:1139636328:00142836:00671,cvm,【武】「嗯，也是」<01>,[],layout_only,56c04b45ec58a57b07b6f2977d34cebfcd14ae39991633527430de62aedd6ea3,2eaffa4c30c1fb83752fd27b5e5f4fbc0df53fe7928dc000f2646a3d86dca52a
pm:vm:photonmelodies11.rio.004:1139636328:00142892:00672,cvm,【夕呼】「少了彩峰，真的没问题吧～～？」<01>,[],layout_only,8202c99a7bc9f63cfba6674abe41e6c04f8e0afa8d1eecdf66940c76a1554b74,f8f851a28c6c39a0a731612ad8641ad7268ddb1f20d30777b2bb934411fb9d21
pm:vm:photonmelodies11.rio.004:1139636328:00143248:00673,cvm,【武】「没问题！彩峰确实很厉害，<0A>但这支队伍又不是只有彩峰。<0A>我们的阵容厚度可是很足的哦～～？」<01>,[],layout_only,de1f26c8a41f00ef0333423462c6c300d2df973d950414ed359b4ec43cdef22b,19a04761ab1ddc9e977ab31d5ea7f57cebb87ddfc2bfeeb94ad06e43fbd3314e
pm:vm:photonmelodies11.rio.004:1139636328:00143480:00674,cvm,【夕呼】「不过你肯定就是里面最单薄的那个，对吧」<01>,[],layout_only,5ee041b557bebba304904a5744bbb529b0d186384375e07bb5a454654548c0dc,82f11c1b16009472b6977fbef9e55664decdb5a4c99b76706bb02913637aa2b9
pm:vm:photonmelodies11.rio.004:1139636328:00143692:00675,cvm,【武】「不，是纯夏！！」<01>,[],layout_only,4666d4b2ef2a9abf1682d2cc8deaeef1ce6dfc18c18dfa9b935ae92f899ec39c,a0e997addad0019c70517b645089b4207594c34ca3dc5aa0dd4a4d74f26eca60
pm:vm:photonmelodies11.rio.004:1139636328:00143796:00676,cvm,【武】「噗呃！！呸呸呸…………什、什么啊！？」<01>,[],layout_only,2369ca362b6d0911acabe83c9db648c302f258d27aad5bbf65d9bc4474ac7499,17dd3e1ba3491c129509d119c1342045d0816214e81f5ef7e4fa85ec65d3d253
pm:vm:photonmelodies11.rio.004:1139636328:00144188:00677,cvm,【纯夏】「我听见了————！！」<01>,[],layout_only,b2e9f3e441886fcd8d932729c1fd49a3cb70b3aa14587ea5391bbc320c3d37e1,3b1543126a2f3118a91a3f3704c393988b66e198adb91dd3e32ce3c0c1ec1e2a
pm:vm:photonmelodies11.rio.004:1139636328:00144264:00678,cvm,【武】「呃…………我、我相信不是这样的」<01>,[],layout_only,57701e4d8050a75dafd2f3354eb680133ecb632f3f15f0ffb37021f21a73f703,fa3ab6946d8d67e1a018fe26296df07e09b38ced5cd015bea930c49987e9a976
pm:vm:photonmelodies11.rio.004:1139636328:00144320:00679,cvm,【夕呼】「光靠相信，事实可不会改变哦～～」<01>,[],layout_only,d19f2652bb631fdb0fca46c45a09a07f60d7332fd4f31663ce9ff534b82a2185,396075538bc42a4e182068df7a8409480343a11c150387b6c6040ba2d3492063
pm:vm:photonmelodies11.rio.004:1139636328:00144364:00680,cvm,……………………。<01>,[],layout_only,efa30788584cfea7ade60ccc37d7fc6cda943e64935eb133252c341159e58e05,0b3d7aae4004dc9b91522cf9245f879b48b6a3b3d3c28ecbba043ba8207a6df9
pm:vm:photonmelodies11.rio.004:1139636328:00144732:00681,cvm,【慧】「那我走了，你们接下来加油」<01>,[],layout_only,6733e0abbc2578152d896869ae12c220351b94c247f566e942fe6e2104cbc12e,da6f559e2eaa2adf78f53279e3394218b739dfbe3887c324dfd20b2f3655db20
pm:vm:photonmelodies11.rio.004:1139636328:00144776:00682,cvm,【武】「啊，嗯…………你也加油啊」<01>,[],layout_only,041b4d2e03434041c2e614c853347c994d323df4d5d48963a2477b6ecfccf686,d366c68b1963a86994f2cf79000dceebc0eae61754987936a9cd728ff41f3687
pm:vm:photonmelodies11.rio.004:1139636328:00145432:00683,cvm,【夕呼】「白银～，柏木真的会回来吧？」<01>,[],layout_only,fd00b86154f5a263a716095a74406da393249f6c922fa1a055be57f101cfd961,dd55652e55452f12e9a2e563fd61d26d83494e31ac7a280743f8bbf64aa46816
pm:vm:photonmelodies11.rio.004:1139636328:00145476:00684,cvm,【武】「按理说会回来…………<0A>总之先等到最后一刻吧」<01>,[],layout_only,0d5488f9d0e20e0e572a4b2ca2b616782356702133067cce9ce199f22e63f3cb,6dc35f19e62b7e953443f8a04038a8aa5d091a92905db3cf905a09dc44deb11e
pm:vm:photonmelodies11.rio.004:1139636328:00146032:00685,cvm,【月咏】「武先生，差不多该决定下一场的上场成员了…………」<01>,[],layout_only,59a366a61b459988f7a11364f0522cbc1c0b564f365e2303fc78325319091e10,bb9ec3737d9362c1093aa12ffb79c4abaeb89d25cac64eb9b8eb5a951c92807c
pm:vm:photonmelodies11.rio.004:1139636328:00146076:00686,cvm,【武】「是啊…………」<01>,[],layout_only,40a8781f9629a58b9a92266756491632b05c0457dfd01ac6f4607868506eeaad,306a65dc3b11a0fc76ae46161e5965226d44582f6403ddb091f1e8cdbc05eed7
pm:vm:photonmelodies11.rio.004:1139636328:00146308:00687,cvm,【夕呼】「柏木呢～？我说，柏木～～～！！」<01>,[],layout_only,8a8e0f50b81b3826ed8f9f073988dc985ed8a59ce0f2c7fd5f48213516de95ba,e385581d57300ebd1e6058e0b658da134a8cb8c68b7a295e3472d1035a8241b6
pm:vm:photonmelodies11.rio.004:1139636328:00146364:00688,cvm,【麻理茉】「夕呼，别喊了，你又不是小孩子」<01>,[],layout_only,4a285aff4b927588f937b535d815b0b81fbb3b61ec832feadb9eb2ee748ef7e7,960ec7afdabd45913e67e4aa5b397380180d8969fbcb1eff02154d4cfc4c9283
pm:vm:photonmelodies11.rio.004:1139636328:00146420:00689,cvm,【壬姬】「啊！从那边跑过来的，不是柏木同学吗？」<01>,[],layout_only,03bee0e802574d316243635c557529bf53058aabae868d52a92dd702f0839c15,4c684aa458e605553e89719380eadc4d593211088ca011e1517f9de75b334b20
pm:vm:photonmelodies11.rio.004:1139636328:00146652:00690,cvm,【美琴】「真的！」<01>,[],layout_only,c18ce7f0201b3069b9933fdfe402efd9a91a23184c4d11f805ab4c0da240c59d,7748cceee41dfa95d2cf99803998641eee62765c3cdc483934e4f4e6d3f49be2
pm:vm:photonmelodies11.rio.004:1139636328:00146708:00691,cvm,【茜】「晴子～！这边，这边！！」<01>,[],layout_only,c7f034dd08699b4ba94bb8d750a65c7fa8291218c0bb20a5cd032d5cb5668ec7,b92753cac0cf944afccba1c5094cb2c3c441954a79788e668bbb4dd21a97beea
pm:vm:photonmelodies11.rio.004:1139636328:00147396:00692,cvm,【柏木】「哈…………哈…………久等了！」<01>,[],layout_only,51c2f297e9fb88c60d5b897c801efc648a0390b20bb10ffc50d4aac3aa39e2ce,75d9fa1bb6ae6aac10f6bfd5b815f6ec32a720bbe3a5868e3342d19e1799bea3
pm:vm:photonmelodies11.rio.004:1139636328:00147440:00693,cvm,【武】「哦，辛苦了！执照怎么样？拿到了吗？」<01>,[],layout_only,dfeddd5218bce700340e8b448ce2165e732aac47eae9151c10a2532a900e080c,6ff3bf329ad4756717c5c1d78514788a607fb2c9ba7fadd7d63767f7cc0fd371
pm:vm:photonmelodies11.rio.004:1139636328:00147672:00694,cvm,【柏木】「咦？哦，还没有。<0A>明天再学一会儿应该就能拿到了」<01>,[],layout_only,87613aad2dd5e0f09db3a7f6876d79222d163da5ff0837785457b3bc4fe68e3a,23a92a0da423b9b96204f796d65e16ee0e1bb47fba696cd0a1780a9a3f6fe225
pm:vm:photonmelodies11.rio.004:1139636328:00147716:00695,cvm,【武】「这么说，进展很顺利啊」<01>,[],layout_only,9010b5cf112ffd14af66d581af95a3fb1b45e5e8880f752635bfb2479a159b14,44d7875e2adab804fdb92f3b8b1fc753463875ccda613662223c2469e6b60601
pm:vm:photonmelodies11.rio.004:1139636328:00147948:00696,cvm,【柏木】「啊哈哈…………说是进展顺利，<0A>不过这本来就不是什么会考不过的项目。<0A>先不说这个，你们这边怎么样？」<01>,[],layout_only,b67d88fd319fa44e1880cf8ddceefab5caaa64dede397dded3470e238d5f7f16,a587dc583674ed5c5084269d7e68c355a6cb3d8ecf9ff1e7ead9937fce16c229
pm:vm:photonmelodies11.rio.004:1139636328:00148168:00697,cvm,【武】「半决赛马上就要开始了」<01>,[],layout_only,52ee64773b788b9b659fbe2c6e23510ffa0f25b611083660fce522846720f7ff,5f0d48f521928f7c3b809dd42e9d8f171214a55dbf52554c0c3cd3a50568d78d
pm:vm:photonmelodies11.rio.004:1139636328:00148224:00698,cvm,【柏木】「啊，那这么说，我这趟赶回来也算没白跑吧？」<01>,[],layout_only,45d1888c43b9af23b77d7fdb571387dcbe1012d5070612de82ae7533ab11163d,24ecb66b44bb57e600175f418285c5b44d29955278d9bd7971e73b4736cb0cbe
pm:vm:photonmelodies11.rio.004:1139636328:00148268:00699,cvm,【武】「嗯，就是这么回事」<01>,[],layout_only,ebe6c71500d4f472647c294ceb3dbc3daf82d9c6e4efee5bca90aaa38bd284ed,36ad84f1dbd623234b46b6672466eda183109c444d98666ecdf0e658931fb1d1
pm:vm:photonmelodies11.rio.004:1139636328:00148324:00700,cvm,【柏木】「不过，有大家在，应该总能应付吧」<01>,[],layout_only,f1e08dad4964e92629ebbfbe6e23f4cec7471591d02a97413d2c5e3f941ef44b,049a351c5bd4177352dc86375bafb135783c430d8e99496ec6de0c409f16d5c2
pm:vm:photonmelodies11.rio.004:1139636328:00148368:00701,cvm,【武】「这可难说…………大家，<0A>不管怎么说都消耗了不少体力…………」<01>,[],layout_only,b891ae3680545761506075b301f3b577aea9734ba54df7a91712556a0155a231,7db8ef361fac8d5bc512b6e752b81066e2d0608b1099bc7383b8be3267967875
pm:vm:photonmelodies11.rio.004:1139636328:00148424:00702,cvm,【茜】「沙滩排球这项运动比想象中辛苦多了，真的」<01>,[],layout_only,7973f28106fc0ffd373434f08048675f5f9cca386ad04f14c3d1dc2747b466c7,c716e9a92ee4a60ac3806e7187b1dec31159a6eaccd503fa108e14f8377a8dc0
pm:vm:photonmelodies11.rio.004:1139636328:00148656:00703,cvm,【柏木】「这样啊…………」<01>,[],layout_only,93b779385e17b032b48a38a5902b4a38b1f45ac03b104778a6e2124c4901e807,9ae61c7a0ada000055ef7b426ef132e83fdea5d86b482a64c6e2adbd33dad34c
pm:vm:photonmelodies11.rio.004:1139636328:00148700:00704,cvm,【武】「好，总之没时间了。得赶紧把阵容定下来！」<01>,[],layout_only,1e3d56c5e19b2b64c36bdeb56e9dc254cd92929325bfa6414a27eaa026727051,58f7f5fc69893b81d81db770be52e5b0fdd8d5e4d0bb4a66da08e3f57f47a561
pm:vm:photonmelodies11.rio.004:1139636328:00148988:00705,cvm,【武】「好！闯过第二轮了！！」<01>,[],layout_only,8e9d591c77ccbcabe55f57c3ff97b56e833a47d9792b7d8d3fe3885370e2148f,3a6ee42780e3dcb371addcba61e66e9fd6d29d05a4734da2bff4773b1fa1ca1c
pm:vm:photonmelodies11.rio.004:1139636328:00149076:00706,cvm,【冥夜】「武，我们做到了！」<01>,[],layout_only,127bf7b1e40e7aa02ee2550dff19a55c71f5a37cfbe19aa3be1d80ec978a495d,9db642c04098f3cefeb0bfc4465e0b97c3fb7e502804ee3dc853e69edf9d3af2
pm:vm:photonmelodies11.rio.004:1139636328:00149120:00707,cvm,【武】「是啊！！」<01>,[],layout_only,1de1b0cf06e10ec141e29cfc08a0b4ac493c72dbc8daea7138e9555e37fbc9ab,8115ed19d6d4b184c15d3827bf55d1843178e79fbfc5964dbb1af6ae452743c4
pm:vm:photonmelodies11.rio.004:1139636328:00149744:00708,cvm,【月咏】「冥夜大人、武先生，恭喜二位！」<01>,[],layout_only,0e408dc335fc2f69da5bb45ba142f86acaff658928cb42c589e2838fabb07b93,b7fe6f4223b62c63f545cd7779003c4c742aa6c8bf27b6b52ce718a5af817d25
pm:vm:photonmelodies11.rio.004:1139636328:00150244:00709,cvm,【冥夜】「嗯，能够与武并肩作战的喜悦，<0A>给予了我强大的力量」<01>,[],layout_only,816cdd6efd34873cbce5cc1a107adff20db6fea0b09a000faea10f569239d65b,f788ae3c315f2201cdcdc175671624cea026df1ac0add14ecfa426174a796257
pm:vm:photonmelodies11.rio.004:1139636328:00150464:00710,cvm,【武】「搞、搞什么啊，说得也太夸张了」<01>,[],layout_only,363d0e961872c9679b80289e8f079f1a17c046744354a1651188407704abb0b4,3b7eaa1c626b441e19298e0da714b2fd0ac7605c1d78aa646951b0cac36a5b5e
pm:vm:photonmelodies11.rio.004:1139636328:00150508:00711,cvm,…………我会不好意思的吧？<01>,[],layout_only,ce6cd70f87c86d95caa1236af665ad28f4a865d34749a8c5b1027d3271e9b000,c5ba487d4a7d96faf0a6d41c998ffb8cb769b171ac2b30d932b9e453b4d8bc29
pm:vm:photonmelodies11.rio.004:1139636328:00150740:00712,cvm,【冥夜】「哈哈哈…………」<01>,[],layout_only,ffd78d3300bfcb496cc97b4bc04f2e5ddeb1239fef0f16ca687a60adee3a7159,b59808095bc6ae3154a048631f5365876e8f7faf16af110553b6db415228112c
pm:vm:photonmelodies11.rio.004:1139636328:00150972:00713,cvm,【夕呼】「从这种男人那里得到的力量，<0A>顶多也就那点吧。后面还有比赛哦～？」<01>,[],layout_only,e72209eb1e4a7a081f2da153c2ffa1f48548406443fc9ffdf136f64f7ad418e6,ffe268b5ef2b34eda04e9dc6832f5499ff6993333b2dc36ce615dfc322c419b8
pm:vm:photonmelodies11.rio.004:1139636328:00151152:00714,cvm,【武】「…………老师，您这也太过分了」<01>,[],layout_only,c9040604c3dc4a951e7dd993f6cb9110511dc73ebb358298a180cdc1cdbd8e77,71862208eab18898aa7f23ff1032a1e52c2b486f034823ed57d5f726576d0bae
pm:vm:photonmelodies11.rio.004:1139636328:00151508:00715,cvm,【冥夜】「那么，A队怎么样了？」<01>,[],layout_only,f63364392e10636ecc44adf85b0939b71b961550b7dfdaf6cb560d33a82232a1,c2e29a04e721e74909c1c8f894f1eee94b23eb18916a270f0d64c01d845a61d9
pm:vm:photonmelodies11.rio.004:1139636328:00151740:00716,cvm,【月咏】「这…………」<01>,[],layout_only,2f2dcef61bf040f4b32569d73038a7f7741e24a778500a2f0fc1c26c0b7a05cf,a079d5195e74ee97495c8ba581dced24e179a9025cf769cbc10c13204800d6c7
pm:vm:photonmelodies11.rio.004:1139636328:00151972:00717,cvm,【夕呼】「输了，输了！」<01>,[],layout_only,eaf02b5b5e6b6b4388423e42f461700cd38496a68d6f24cd9a3b4ca20b9e2775,844e2bfa00800d018b2717dd3b8d607954d6ae3dd7a9110fa727b552d46d1925
pm:vm:photonmelodies11.rio.004:1139636328:00152204:00718,cvm,【冥夜】「什么！？」<01>,[],layout_only,e7fa6b4ee2b27d378abd2aba70edbf5ba32e55ace89296a360a1cf9d211ca934,0b47d944056977a0df8c3bb4125733bbc57e92f80223f18e5bf686a4d644d1ce
pm:vm:photonmelodies11.rio.004:1139636328:00152384:00719,cvm,【武】「真的吗！？」<01>,[],layout_only,2e9aebd171e750c089ba08be57a05426a990dd595100202be50d28bc50ad66d4,64ae7ec5169c77ee06ef11f42cbe7d18c1b29f4ce3064edbc933115db101daf7
pm:vm:photonmelodies11.rio.004:1139636328:00152440:00720,cvm,【冥夜】「这样啊…………我本来还很期待<0A>同伴之间的比赛…………而且，<0A>如今还必须比原来多赢一场了」<01>,[],layout_only,e7235a705df77b25f2562ffd63915a375c1342f3e55e7130e0b4b7db361d3488,3454b54dd88ca1e808c323bd249974c36aca753dcdaeb81d7d2dcf5a3395944c
pm:vm:photonmelodies11.rio.004:1139636328:00152620:00721,cvm,【武】「反正接下来B队会一路全胜，场数多少根本无所谓！」<01>,[],layout_only,f0e62220c7b32c15debaf6f3189e6699cdf08fb98e4c585d26dac53d02bb534a,4966da8109455a458977ff679a3f8a4e7b8b5528bf3af90ab84fba451edf79c4
pm:vm:photonmelodies11.rio.004:1139636328:00152852:00722,cvm,【冥夜】「嗯？原来如此…………确实如此，<0A>嗯，我们往好处想吧」<01>,[],layout_only,a1e4dd074b61f256150cb26b612739232d0ec5bc9569d9b147cdeacfc88b9fe8,54ddb98d6200c28e6b50b54a658bd4adac93cdb361a8e674803caefe25161244
pm:vm:photonmelodies11.rio.004:1139636328:00153084:00723,cvm,【夕呼】「…………办得到吗？」<01>,[],layout_only,b4b1bb8fd925975901cd495528263ca12943f2b4236e21be7728b07964f837a0,df978b26782971acaf2c430ff33809a7296335948081b3536d794320aff5f509
pm:vm:photonmelodies11.rio.004:1139636328:00153264:00724,cvm,【武】「我一定会做到的！对吧？！」<01>,[],layout_only,7a5cce571513d2749812e654e3149df89ed32453e42c607ec01d5a9115b90c86,ae4760a7cfc564671ef8b15bf69b14e5aa5c405bbe1312d6986427cfc54ee455
pm:vm:photonmelodies11.rio.004:1139636328:00153496:00725,cvm,【冥夜】「当然」<01>,[],layout_only,e5730e44a28da337f979dae72749f64e7aa9597a21d8e8d973d16078200734d1,ee3fad3575fb4aa35a4bdf7ee440696ea4fd5bfb3b3ea30816e584d32acfab03
pm:vm:photonmelodies11.rio.004:1139636328:00153848:00726,cvm,【武】「好，那就马上来研究半决赛的战术吧！！」<01>,[],layout_only,46e3565a6e48692c7b89ae2d7e0d5dd5ff49ea8db8ad455ae9bf1896b8840065,677fcdb8960a91f500681f04fe675c1a66d6a6880264d3676de3a21925277cfe
pm:vm:photonmelodies11.rio.004:1139636328:00154552:00727,cvm,【冥夜】「下一支队伍是…………」<01>,[],layout_only,4b323bbcad9bbe0d0d437479dce92a6b3a8a2ea03785573b4cc0e22bf528b603,71a3e6784383392934edd1e7bfb8a807d908821d524fee91012aa5c82ad1a0e9
pm:vm:photonmelodies11.rio.004:1139636328:00154784:00728,cvm,【夕呼】「不就是他们吗？在那边看着我们的那队」<01>,[],layout_only,67074a844e8a2613fa6c3866bcb9b4bdfca6718724314ddf57ede6b6222227eb,4a6ad1dfaff3bfa032b78156bb4a444ccb89f84f72ee52041affa41b7a11f86d
pm:vm:photonmelodies11.rio.004:1139636328:00154828:00729,cvm,【武】「咦…………？」<01>,[],layout_only,6f89339b2480107cbb5839c19f9f2232f49962fc19025bf7e2be3b170f1b1d68,cff1150ccd1e336776d839ebdd3abb90457d7f0dec81697b4a75a41c241c3081
pm:vm:photonmelodies11.rio.004:1139636328:00155316:00730,cvm,…………原来如此，看起来很难对付。<01>,[],layout_only,9afa40c70e729195670ff25bb2f0daad4a6c24f8db6b471e8a4ba71d29ecedf6,8d1822a18bfeca24d3b7d924ba6d30c4e497d37479e00ce42d7b36e07e94e9ea
pm:vm:photonmelodies11.rio.004:1139636328:00155964:00743,cvm,【悠阳】「武先生，我们赢了！」<01>,[],layout_only,cd5f9767f5fe9d3f939c7e1d05f4499585b4e52fa074b84848edfc6ff542ba56,7dd2e084ffa281692a959f64190820b42369ce6eb40aa70efc665af9113cdd48
pm:vm:photonmelodies11.rio.004:1139636328:00156008:00744,cvm,【武】「嗯！！」<01>,[],layout_only,d76cb53381cce0f448375aa3d168ace6cd57092b68606a45c3271c84999bf016,8afe9a458348e6314b59fdd1e9f90e8d29e0660742dd6e97e535d8a2bfed5207
pm:vm:photonmelodies11.rio.004:1139636328:00156632:00745,cvm,【月咏】「悠阳大人、武先生，恭喜二位！」<01>,[],layout_only,60a459f25882e6206f636ee97c7d4e33d6d97e64f2edbac5d1ee2db834621a51,94c2d7bee94b6155efbd9532735da40c79285fb43ed9f3b19f25111e0718f2d2
pm:vm:photonmelodies11.rio.004:1139636328:00156688:00746,cvm,【悠阳】「这场胜利，是我与武先生共同取得的…………啊」<01>,[],layout_only,a387eb40f80f1fe85bf7b4fc07ae223bfc0ca3db6dcea772aaffeff58f4a0a06,30be31813ce248ece72c65ce017d5a58519759e7b35f831d3f6876d7d3553660
pm:vm:photonmelodies11.rio.004:1139636328:00157044:00747,cvm,【武】「怎么了？」<01>,[],layout_only,046168ceafda7f97ee7366f0e4c3f4f7897c2ab4777feffca3d15506bd63f7ae,8f34cf5965d2beab719bc5aa6ac971d7b7ba6ad9a90351adfa1c55d61cb2066d
pm:vm:photonmelodies11.rio.004:1139636328:00157276:00748,cvm,【悠阳】「这莫非就是所谓的‘第一次共同作业’吗？」<01>,[],layout_only,bd7c5b0aecfe270bbe61a90f5f9acb2757a4742b9963166cffe97a1a621df67a,18db54face7f6d31f107f25ed481a89d57138a89c201366f5d5d459490fc6dab
pm:vm:photonmelodies11.rio.004:1139636328:00157320:00749,cvm,【武】「我不太清楚这句话有什么弦外之音，<0A>但总觉得不能老老实实点头…………」<01>,[],layout_only,f6de46d62f5018a68757ea8c99826649340c25dbdc0c606e7bb665ca890f8f0c,c25836e7542938d2709191a300c3d97841eee680cc47a70401c496973f2f4d3c
pm:vm:photonmelodies11.rio.004:1139636328:00157552:00750,cvm,【悠阳】「哎呀…………您又说这种话…………<0A>这并不是什么需要害羞的事」<01>,[],layout_only,f17fbcc8961d74717c79fa433bc125230dd3a23225c51c28c7f9eadd6d657f5d,47618879340b3912a0c023da5a349b3f47cf9dc940791ff7ecb085e0a77982a1
pm:vm:photonmelodies11.rio.004:1139636328:00157596:00751,cvm,【武】「嗯，总之我算明白了，你脑子里<0A>净是些粉红色幻想…………还真悠闲啊」<01>,[],layout_only,f7fe1a4f13ed4775fc04d848a6397c9e38424ef777b4849a984508398038810e,3d008e1ba6da7b43b0d0c347dd5dead93f8465a2238bcf3011bac79e2a9cf405
pm:vm:photonmelodies11.rio.004:1139636328:00157652:00752,cvm,【悠阳】「别看我这样，我每天都有坚持锻炼」<01>,[],layout_only,0d68e75377a751ed84d55a0beadbb422fc3003c519d42e3c965a0dc27768a5ea,178ae19233b6c31242ae04b418baf37643f4f412bdb54ebe159c89cd094dbc0a
pm:vm:photonmelodies11.rio.004:1139636328:00157884:00753,cvm,【夕呼】「共同作业也好，什么都好～，<0A>总之给我赢下来吧？A队可是输了哦？」<01>,[],layout_only,0f45d2af2745821884f8e71fe124d1fc61e06e83fe53b28987aed61040c10836,daba069677cc6074de417444e4dbc5183f4d16c3ae6256a09c3fc3612a77402a
pm:vm:photonmelodies11.rio.004:1139636328:00158376:00754,cvm,【悠阳】「咦！？」<01>,[],layout_only,7c368caa86126c9c417cf6efe098fc2eecd475a6f94120d27943038e7a6a41f0,3439a07a1c32e4189661aa72da91d31ea7a1edfd7ed155e34fbeff6654672f10
pm:vm:photonmelodies11.rio.004:1139636328:00158420:00755,cvm,【武】「真的吗！？」<01>,[],layout_only,2e9aebd171e750c089ba08be57a05426a990dd595100202be50d28bc50ad66d4,55757c2f8ee4f98fbbd862ba166eb3e9d05fc381efa70a78b14cc68c27670db9
pm:vm:photonmelodies11.rio.004:1139636328:00158652:00756,cvm,【夕呼】「白银～，没问题的吧？下一场要是输了，<0A>可就不是闹着玩的了哦？白白亏了一场呢」<01>,[],layout_only,9d1b6c95da110ec3e22244b7f70cc7fb63e3acb819fbd4968eb14d11e218dbb0,c3800487f93d082a95aabbc1a99611b3ba4f5831b4ab24cfcafbd40700b6c0f4
pm:vm:photonmelodies11.rio.004:1139636328:00158696:00757,cvm,…………原本应该是同伴之间的比赛…………<0A>本来无论哪一边获胜都行，<0A>现在却变成绝对不能输了。<01>,[],layout_only,a93f24e027a0e2e4aefa8e5ab1775d45fd2cdcd108de13612118cbf7087c1200,dc8172852b9720b9939190e872b178fb3a534c85db6b66e919d065f9d667c0e4
pm:vm:photonmelodies11.rio.004:1139636328:00159944:00782,cvm,【千鹤】「白银同学，我们做到了！」<01>,[],layout_only,d7354f03f92bdb7d8d36652014626eed2ce228504218cfd1340aea092d77e700,36a0e9726b079f15ba1d1bf974206901801b5a1b1e70784d404fcd8860098f6c
pm:vm:photonmelodies11.rio.004:1139636328:00159988:00783,cvm,【武】「嗯！！」<01>,[],layout_only,d76cb53381cce0f448375aa3d168ace6cd57092b68606a45c3271c84999bf016,8afe9a458348e6314b59fdd1e9f90e8d29e0660742dd6e97e535d8a2bfed5207
pm:vm:photonmelodies11.rio.004:1139636328:00160620:00784,cvm,【月咏】「武先生、榊小姐，恭喜二位！」<01>,[],layout_only,3bd997376b4e323f140e159155834567bfb5f85d4dff84787e28d779e106a6a4,df3d905881683ec46077cb0721bbefcb36cba61ff7cbf7669e837e1c1ffc85f8
pm:vm:photonmelodies11.rio.004:1139636328:00160664:00785,cvm,【武】「哈哈哈，不过嘛，基本都是我的功劳」<01>,[],layout_only,f85649d9a923c5f21324e4c0df95e1bff812bce1478e56eb2ea19ddf0f41231d,e31a3afc2211d9203dbac7e817cce730640d02fc873c90e8fa89289134165c71
pm:vm:photonmelodies11.rio.004:1139636328:00160896:00786,cvm,【千鹤】「你这么认为也没关系哦？<0A>对于一个没发现是我让他出风头、还在沾沾自喜的人，<0A>我也没残酷到非要把真相告诉他吧？」<01>,[],layout_only,7fff041ff6d115117df1af53767492f785f6e804d07eb51b98426270e91a1f24,80e99b3d39625db39669a8c5dc930ecc4c6e8e63ec0a2f9b8b85bf7265c02123
pm:vm:photonmelodies11.rio.004:1139636328:00160940:00787,cvm,【武】「可恶…………」<01>,[],layout_only,11b3b5d47f3fa0cd377b03ea5b423ae15d3ab52871f57f9a5da0568aee833741,e110238277f4027bf8bf0cfe35f394d79557140db8f09c0957b51d58839d5d66
pm:vm:photonmelodies11.rio.004:1139636328:00161172:00788,cvm,【千鹤】「呵呵呵呵…………」<01>,[],layout_only,071d0f03877e353e38a309081a3b697df45df62189378b7c239697cc113323c4,99049468ac42846f312968e8a36808741f02b4c135c3ec4b1be104cd2a3178d2
pm:vm:photonmelodies11.rio.004:1139636328:00161404:00789,cvm,【夕呼】「打情骂俏是没关系啦～，<0A>不过A队已经输了哦？」<01>,[],layout_only,6ec98c03375116410162448184732a850ce040a49a2bbc56924bbaa0fb96f8b4,6743ac45ab4c342af03ff7ea248e55b383a4719361759f9daef3cf0ab908ab11
pm:vm:photonmelodies11.rio.004:1139636328:00161760:00790,cvm,【千鹤】「咦…………真的吗？！」<01>,[],layout_only,3353bde8ae216508cf60b112740a3bc52f607644def0333534ce1edfe01bc0ee,d41fb0ff84fb9e6050a0240459971122f525beafbadba4f39c968c0c32ba195d
pm:vm:photonmelodies11.rio.004:1139636328:00161992:00791,cvm,【夕呼】「白银～，没问题的吧？白白亏了一场哦？」<01>,[],layout_only,84f019045d0995132d8212b5350a9088d9f63e9e2fbf2a7513ecb8c8b4abbd1f,7ff5f6b78345a0b0c867913d41a236898201f051feb7c9a0bdaf0700f1f6a99e
pm:vm:photonmelodies11.rio.004:1139636328:00162224:00792,cvm,【千鹤】「下一场比赛，我们可输不起了」<01>,[],layout_only,00becf590cd1c68d502377f11e2eb365b3a879ddd5307c9cbbbceffd7526f8c6,ea4cfb201dafeb352212d427134a2de6e49a028aa6b2f82f28467f52c8843bc9
pm:vm:photonmelodies11.rio.004:1139636328:00162268:00793,cvm,【武】「没、没问题！接下来只要B队一路全胜就行！<0A>我们从一开始就是这么打算的，所以场数无所谓」<01>,[],layout_only,042aec80712cb9bdc93359b69c59ad5b92f5b1215091f1cebb14483e72f4834d,4638cbaba1628cb6761ea09fa908a489a2ae1545a61a00f27c1f487c1b8e1deb
pm:vm:photonmelodies11.rio.004:1139636328:00162312:00794,cvm,先不说原本打算让哪支队伍赢，总之，我从来就没想过会输。<01>,[],layout_only,d2d7b391386606906b1924b16dbd44cf8fa5494a514e7930fe3c4413ed7c95ab,c2988380302063e63d468685f2172955af1c91ec44e9760404d4c803a31b30ba
pm:vm:photonmelodies11.rio.004:1139636328:00162544:00795,cvm,【千鹤】「…………你就不能想得现实一点吗」<01>,[],layout_only,cc8220f7ac2b8ccbdd4396856258a49c0228e7f6841e50f7c7fc5a4c1dbb99e1,e8922f0b154365d50bca1f1593f2eb7f000551759d4b718b6dc551c069d47405
pm:vm:photonmelodies11.rio.004:1139636328:00162588:00796,cvm,【武】「干什么嘛」<01>,[],layout_only,483cde391eac5e9861d8d50cdc75c224d73dc1a49fe4e9e721454e6354bb8e7d,237eb0acba0ae2124246146e8a8dd8bd0027cede3650aff8bedf0eaa672007cf
pm:vm:photonmelodies11.rio.004:1139636328:00162820:00797,cvm,【千鹤】「不过，我也不讨厌这种想法。<0A>现在悲观起来，也只会把失败招来而已」<01>,[],layout_only,a4c347b9e23701807e3b77d55ad94505686fb8288ba1d6464ffcaa454961232f,7d4e1a0d60af83c6789cca083478a5e98f7d6b070c8ec236a520475d54f0e561
pm:vm:photonmelodies11.rio.004:1139636328:00163052:00798,cvm,【夕呼】「你可是说过要夺冠的哦？」<01>,[],layout_only,d8cda6b28716631126f674045698d4c9871eb6644838499d9481e807d5d274fd,48f36414cf6e0e2dac2d85cfd4ceb755d7edfcd93642a61f1b46fd257fb92de1
pm:vm:photonmelodies11.rio.004:1139636328:00163096:00799,cvm,【武】「我当然就是这么打算的」<01>,[],layout_only,f72ac03e94977aac51bbcc29534b5d53cc05ae2c07a3fe0d8549f4bdb84e746b,194a9f66db2a603c6cc7ef869f6455d23b024ec99882550e784b6f6057b4b9ba
pm:vm:photonmelodies11.rio.004:1139636328:00164212:00821,cvm,【茜】「太好了，白银同学！！」<01>,[],layout_only,089be9417add5db3e68135d0451b8a2f49cff0be919f1360f39984261ee11170,5a98d315970a30a0f51f25eec23f968a15e4e3bddd1ea9a3c110aa5ba088a209
pm:vm:photonmelodies11.rio.004:1139636328:00164256:00822,cvm,【武】「是啊！！」<01>,[],layout_only,1de1b0cf06e10ec141e29cfc08a0b4ac493c72dbc8daea7138e9555e37fbc9ab,8115ed19d6d4b184c15d3827bf55d1843178e79fbfc5964dbb1af6ae452743c4
pm:vm:photonmelodies11.rio.004:1139636328:00164880:00823,cvm,【月咏】「武先生、凉宫小姐，恭喜二位！」<01>,[],layout_only,b804ba1a2e2a85960ee8945863c11b5c4e2f742d6fd58332c9a00df57c958d14,a8067db994eab5ffab9c4a1d30ba41040ead823a6862584304b8544decda20dc
pm:vm:photonmelodies11.rio.004:1139636328:00164924:00824,cvm,【武】「嘛，就是这么轻松！」<01>,[],layout_only,9a752263e636aa8c766d5b95afa2828833712a7288ec733b6555238b86fc4ac2,02be749028d6d97302d140e0a9e1a959c186f0a3631dcd30319826ec9b29148a
pm:vm:photonmelodies11.rio.004:1139636328:00165156:00825,cvm,【茜】「不过，全都是我的功劳」<01>,[],layout_only,f14518d8f3beef54f6ed54af985907bc0d0accf309e5640706eb93cb1b8f3c3d,7bfdab8b26dc6d59f91fb4fbaef2f3c76341bb92df7f4908fc76c320dd928125
pm:vm:photonmelodies11.rio.004:1139636328:00165200:00826,cvm,【武】「你说什么呢？」<01>,[],layout_only,f6a5f3c39843ce327df2d0df7ab58c9a8882ac6c8ca06fc039e38a2a2d33519c,e2045a98b3a85610e0611db74899f1bf629b05d6d07a33080a648b452cd32014
pm:vm:photonmelodies11.rio.004:1139636328:00165432:00827,cvm,【茜】「本来就是啊。<0A>爆发力和弹跳力全都没有，<0A>连最关键的耐力也不行…………」<01>,[],layout_only,84c2e9e4c6b3056f0d17884aa38af8e552d829513b03b2d7fd342f556006785b,20205e2572cd1c28f086f2bfaeb5dbcb969685a9343a7d26beac8ecb0306359f
pm:vm:photonmelodies11.rio.004:1139636328:00165476:00828,cvm,【武】「有、有必要说得这么狠吗…………」<01>,[],layout_only,1625ad7cf3bf84a19e3525fb6a36bbced28aa7a082da2492106593d0275328f2,fc404a770c6f8147ddb1351504dbf300fdfcdb46cb47371b79a49973cf2845ac
pm:vm:photonmelodies11.rio.004:1139636328:00165708:00829,cvm,【夕呼】「凉宫～，再欺负下去就太可怜了，<0A>饶了他吧」<01>,[],layout_only,2f76c43c33e7ceda613a27d6665da93cb9f9443b629c797bb85b6ba27bd1ef94,80172fbac1292fbc453ce034e0145fd13c955848ecf61ba147e8cd0486db48d6
pm:vm:photonmelodies11.rio.004:1139636328:00165940:00830,cvm,【茜】「说得也是」<01>,[],layout_only,51d96d8bd646aad3da1f3b05a0ba8c4515987e1a5915f85150948f558d6ed220,96e44d0b7ca6f35a948aa1d49fb810a7ec8e2c37fc8728e2d788bfd529f66310
pm:vm:photonmelodies11.rio.004:1139636328:00165984:00831,cvm,【武】「呜啊！」<01>,[],layout_only,7dc0953bda422fa81f5a711e2850ecb38b753e39acb5f07cd968e9a6459cd08e,56ba72db57982c70ac230ebe8453a81696b44702c856265bf3a8654b698ba55a
pm:vm:photonmelodies11.rio.004:1139636328:00166404:00832,cvm,【筑地】「茜～～！好厉害，好厉害！！」<01>,[],layout_only,062823485e717bfa352ec1bf09e02bbb101f58394749f7a0accda46c6a506c91,a2344f0c72548efc19acaa16b0d7ee670977c82d5f477a769d4511473477c009
pm:vm:photonmelodies11.rio.004:1139636328:00166460:00833,cvm,【茜】「都说了，也就这么回事嘛！」<01>,[],layout_only,766660b6a7a8f8cc2de99d1cd6206595695e9f152c9cc1a9c36828a4d718a2e6,ffd29a795789c81737da10100970b4988f10b3272409cc0730ac8ebdbe3a6f09
pm:vm:photonmelodies11.rio.004:1139636328:00167024:00834,cvm,【遥】「茜～，恭喜你！」<01>,[],layout_only,0799aa0f95d79c27757c85b9f9075d66a8a8645a33662556dd7f82aea1ecba61,ed6b80fea26e4eda6b58a063a7cb76770d8f29efecdd4c8a086ba3cc622b26fe
pm:vm:photonmelodies11.rio.004:1139636328:00167388:00835,cvm,【水月】「照这个势头直接夺冠怎么样？」<01>,[],layout_only,0c9713fc476ff03ab103535a7223a4ed45bf14ef3c404e6f671255c02cee89b9,e0b8b53800d7ed5dc179ee5e4a717960fa2e0792ac30692de38ff95ebe33db76
pm:vm:photonmelodies11.rio.004:1139636328:00167444:00836,cvm,【茜】「啊哈哈…………说得也是！」<01>,[],layout_only,0aa59cfb3bc5fbf6a716007ff8fb054e3e73df17809fe57f070d1dd565ce9648,c3a9848f142c3ec9e18239a8535acc7996766acf02801009ea5be75ee760f384
pm:vm:photonmelodies11.rio.004:1139636328:00167488:00837,cvm,……………………。<01>,[],layout_only,efa30788584cfea7ade60ccc37d7fc6cda943e64935eb133252c341159e58e05,0b3d7aae4004dc9b91522cf9245f879b48b6a3b3d3c28ecbba043ba8207a6df9
pm:vm:photonmelodies11.rio.004:1139636328:00167532:00838,cvm,怎么回事？这股被冷落的感觉…………。<01>,[],layout_only,203d49af1297e9ee62eaa87697e11e1b4eb3ac16a5b56beeed68b448aa779e8f,63dda258ab1f3853e1cd94c9c8155b610a6f5b4a193268292456ca809f2041d4
pm:vm:photonmelodies11.rio.004:1139636328:00167588:00839,cvm,【夕呼】「不好意思打断你们高兴…………<0A>不过A队输了哦？」<01>,[],layout_only,ad2ad703510e0b34f8f647d62764e8b5009334e6825ac5dc00f9eafe2ae9298f,7d55a54b2c67f870c08de0dbfa5c5ae500a306d0201c1f4fb3576450c6d1492c
pm:vm:photonmelodies11.rio.004:1139636328:00168200:00840,cvm,【武】「咦！？」<01>,[],layout_only,faff4824497fadc39a734d288217ce28f8f6fbd9bb597cc753818832eedb0b12,84c9d3291eb08ec29a740d0d205b37a2a3958d6aed50547f49878adf26e9c480
pm:vm:photonmelodies11.rio.004:1139636328:00168256:00841,cvm,【茜】「真的吗！？那么，我们就没法自己人对决了…………<0A>真遗憾！」<01>,[],layout_only,3d746720f0cfdf32496d3ed59858f4ff1633fe135b5d935c7ecfabd8526996f8,558d9264d2bab6f9682e20f4411bbe0059c9b31d3ca9fcdf3208006005f1037a
pm:vm:photonmelodies11.rio.004:1139636328:00168488:00842,cvm,【夕呼】「白银～，没问题的吧？<0A>下一场比赛，你们可输不起了哦？」<01>,[],layout_only,a4f1007a7c3c76fb9765e0f48a482abb8fa75df56a0dec367d30c6e7c336db9d,fe12556540fe0e49a242dd9546cbb90394e85f0a43757d194f31f32b9296f5d3
pm:vm:photonmelodies11.rio.004:1139636328:00168532:00843,cvm,【武】「总之赢下来就行！简单明了！」<01>,[],layout_only,db414073805531c7412e5072483f4d2536dd4166547f587bfdac18fc6a5866a7,0669a625e99755ce498e5cda1ef6cdf2767e7883219113ea223787f762363162
pm:vm:photonmelodies11.rio.004:1139636328:00168764:00844,cvm,【茜】「话是这么说…………办得到吗？」<01>,[],layout_only,7f4d14ee6edff507f166df2bfeb526d43263eeb542ea73dc02f8307274d64910,15b8ad3a69e606cd693d669298e527e5e22d106c8e2592961185a55f533901da
pm:vm:photonmelodies11.rio.004:1139636328:00168996:00845,cvm,【夕呼】「…………办得到吗？」<01>,[],layout_only,b4b1bb8fd925975901cd495528263ca12943f2b4236e21be7728b07964f837a0,df978b26782971acaf2c430ff33809a7296335948081b3536d794320aff5f509
pm:vm:photonmelodies11.rio.004:1139636328:00169040:00846,cvm,【武】「搞、搞什么啊～！怎么连凉宫也这样！<0A>好，我打，我一定打赢给你们看！」<01>,[],layout_only,587c5a2e3fef26b32730c9af975a20ba4b33122b64e7f93058e111b0ebac3540,968884fc52a893a3bd39b3e3a685ff3753618ed68a18dbd957440a9cef420840
pm:vm:photonmelodies11.rio.004:1139636328:00169536:00847,cvm,【茜】「那么，我也努把力吧！」<01>,[],layout_only,136dcb344fe103df27fe2a3d0b4ad5eb562289f56c7e58e0b100e36d0056197a,95b1d53b969ed5ed6a7058cf6903fcee2112f45a16285cce8d47a06e4fa84883
pm:vm:photonmelodies11.rio.004:1139636328:00169580:00848,cvm,【武】「好，那就马上来研究半决赛的战术吧！！」<01>,[],layout_only,46e3565a6e48692c7b89ae2d7e0d5dd5ff49ea8db8ad455ae9bf1896b8840065,8920b2304a953cbcc110a5ce607c25e79dac55d41a06d53188e4cf5d26de3529
pm:vm:photonmelodies11.rio.004:1139636328:00170284:00849,cvm,【茜】「我说我说，下一支队伍都是什么样的人？」<01>,[],layout_only,4a27a3d9a4225f1c5f87c32c54528fd470c310af42049236f6f3638a4adb20bb,ae3518ed2da75cda87d8d7de7536f0d297eba82e3fb468341c4db84ae5468bf6
pm:vm:photonmelodies11.rio.004:1139636328:00170516:00850,cvm,【月咏】「就是那边的各位」<01>,[],layout_only,2403db3e006657b1a3642f8284041c8fd746ddd0d8f87b76a1d10c627d203cec,71ef8f56119ed5cddc8f2b9388f87149e636e905692317dbd94856dddd13ae0f
pm:vm:photonmelodies11.rio.004:1139636328:00170728:00851,cvm,【武】「咦…………？」<01>,[],layout_only,6f89339b2480107cbb5839c19f9f2232f49962fc19025bf7e2be3b170f1b1d68,cff1150ccd1e336776d839ebdd3abb90457d7f0dec81697b4a75a41c241c3081
pm:vm:photonmelodies11.rio.004:1139636328:00171216:00852,cvm,…………原来如此，看起来很难对付。<01>,[],layout_only,9afa40c70e729195670ff25bb2f0daad4a6c24f8db6b471e8a4ba71d29ecedf6,c591a057df50b72b3766c0fc98fdb78bb93a6c5db0e93983b1e9091f118499c4
pm:vm:photonmelodies11.rio.004:1139636328:00171864:00865,cvm,【美琴】「太好了！武～～我们赢了～～！！」<01>,[],layout_only,56e9a4ece128938570ac8bae712afc957bf80070b58cb0da952d1756a1a06b79,339ebef2aafbfa3430fa95b65b64c9337381f987104c5f459651db663e1784f2
pm:vm:photonmelodies11.rio.004:1139636328:00171908:00866,cvm,【武】「是啊！！」<01>,[],layout_only,1de1b0cf06e10ec141e29cfc08a0b4ac493c72dbc8daea7138e9555e37fbc9ab,743d0301b3274e18838ce055673061bdd719c660a5275a4c2949795de251c4e1
pm:vm:photonmelodies11.rio.004:1139636328:00172532:00867,cvm,【月咏】「武先生、铠衣小姐，恭喜二位！」<01>,[],layout_only,df477e126291b1aedf7bf4bb2fc9d54e27847afeb81a982c394ecddf5ddb3b0a,7c5f0d31b659f39dba1984a2bd76c4f410cae5008d8081ad66f25c217caadb35
pm:vm:photonmelodies11.rio.004:1139636328:00172576:00868,cvm,【武】「嘛，就是这么轻松！<0A>不过，基本全靠我就是了！」<01>,[],layout_only,4037817c581e38c163dd57c001c8414444c7aa6d375fa35d94f4d83dbcc24138,f2a4ac4e5de4d316685504699b27640f4b53b9b130a13279c845ae6dea7868ff
pm:vm:photonmelodies11.rio.004:1139636328:00172808:00869,cvm,【美琴】「咦～？真是的，听你这么说人家会害羞啦～～」<01>,[],layout_only,6e8d66671d818f16ca1b5d233581169388adbc55846596ad93d0d1488e847ba0,373b4af4ac7193f7492f7a3fdcf4f7229e2537131396cdcccab6413672c9f5f2
pm:vm:photonmelodies11.rio.004:1139636328:00172988:00870,cvm,…………害羞什么？<01>,[],layout_only,3cbeec0935c81ea666982eeced69510dcf6cda1c3a0706ad1ac939e39924f9c9,eec8db813434a8a1a4d95c432d10cb17f3d29c20767a1d7e3251a1f402d9fa4b
pm:vm:photonmelodies11.rio.004:1139636328:00173336:00871,cvm,【武】「先不说这个，A队怎么样了？」<01>,[],layout_only,09e453e45fe59c847194ef603f9146a436f4cf1704d308adae0c90443c192ad4,7130a71584d950f194668fc159a3b2c95fc80829309d72e41bc5a9d9b0d6b2c7
pm:vm:photonmelodies11.rio.004:1139636328:00173568:00872,cvm,【月咏】「这…………」<01>,[],layout_only,2f2dcef61bf040f4b32569d73038a7f7741e24a778500a2f0fc1c26c0b7a05cf,a079d5195e74ee97495c8ba581dced24e179a9025cf769cbc10c13204800d6c7
pm:vm:photonmelodies11.rio.004:1139636328:00173800:00873,cvm,【夕呼】「输了，输了！」<01>,[],layout_only,eaf02b5b5e6b6b4388423e42f461700cd38496a68d6f24cd9a3b4ca20b9e2775,844e2bfa00800d018b2717dd3b8d607954d6ae3dd7a9110fa727b552d46d1925
pm:vm:photonmelodies11.rio.004:1139636328:00173844:00874,cvm,【武】「真的吗！？」<01>,[],layout_only,2e9aebd171e750c089ba08be57a05426a990dd595100202be50d28bc50ad66d4,64ae7ec5169c77ee06ef11f42cbe7d18c1b29f4ce3064edbc933115db101daf7
pm:vm:photonmelodies11.rio.004:1139636328:00174208:00875,cvm,【美琴】「咦～～，我还很期待和大家一起比赛呢～～」<01>,[],layout_only,6b6541c7e2fd5f7856c43d08b90a9683fcbe5ba36b11ca0f9b5d8bf1a78fbcc6,9c3605df562ad6401c70bf358ca06ab48032f10405a8ff27219f20de7cbff7d6
pm:vm:photonmelodies11.rio.004:1139636328:00174264:00876,cvm,【夕呼】「少打一场的好处，这下没了呢」<01>,[],layout_only,4a8a91db0f0921774db1be4f74b49c22ca613adcaf89196e11842886a8b0d166,ba5b144e85cc611c62694354009edb2a6037923c67478e703f4afcc2bc25f4fd
pm:vm:photonmelodies11.rio.004:1139636328:00174308:00877,cvm,【武】「不、不对！光悲观也没用啊！<0A>只要赢下来就行！！对吧？很简单吧？」<01>,[],layout_only,38605d78bf61c6c1b53049c0e8a254ac5a7a0874ae1ad49652b81ba4efac88ac,b34c764c0bc8df7b75c1c854d8851ec7ecb32b5c8cbca6abe744ade0450238b5
pm:vm:photonmelodies11.rio.004:1139636328:00174364:00878,cvm,【美琴】「话是这么说…………可难就难在这里啊」<01>,[],layout_only,80ba13c5a8962f226e0770a70af9ef1919bb94a71c5ecc59c104850845b904ed,d36a400b6cca707ca4432cde1fa63f131d14cdad6ecee14698d4190803305b62
pm:vm:photonmelodies11.rio.004:1139636328:00174420:00879,cvm,【夕呼】「…………办得到吗？」<01>,[],layout_only,b4b1bb8fd925975901cd495528263ca12943f2b4236e21be7728b07964f837a0,df978b26782971acaf2c430ff33809a7296335948081b3536d794320aff5f509
pm:vm:photonmelodies11.rio.004:1139636328:00174464:00880,cvm,【武】「我一定会做到的！」<01>,[],layout_only,10d3a69c045348e863a3122eeda5b35d86c128f75418214f85a62279a3c24dd5,c35ea7cc6fd821b86ffd6067837c4ceb2252fd16538afd3eb273ea5e34eaccb3
pm:vm:photonmelodies11.rio.004:1139636328:00175168:00881,cvm,【美琴】「是吗？嗯～～…………这个嘛…………也对，嗯！<0A>既然武这么说，我也感觉好像真能做到了。<0A>我也要加油啦！」<01>,[],layout_only,42fa2a72e2c322556a2ff2f2779964139ed3fe57ddc63efeca4b5d2c3a4aaef1,e4c05dae3f672a6076e64c5991ccbe23baf0e478690765ccf0383fba64e15ce1
pm:vm:photonmelodies11.rio.004:1139636328:00175348:00882,cvm,【武】「好！来，那就马上研究半决赛的战术！！<0A>下一支队伍会是什么样呢…………」<01>,[],layout_only,523e81a45b4d38d1fc74b7ebd3741141fc8496a31cd4a8dbe169619c6dcd9046,f38c95aa56ff5c6baf3c69e0c8f3dbef82052bd9cd0d18e2a352bacc49a095e3
pm:vm:photonmelodies11.rio.004:1139636328:00175580:00883,cvm,【美琴】「我说我说…………那边有人一直看着我们哦？」<01>,[],layout_only,a008a2d64c68c9b4d9fa782c8d3400863ca1e1fa0800755293393244f21ddc87,8553aaed7e8b6a9e2a4f8520cdac8a6688d21ea107d6f2cc7c87c8c6a763192d
pm:vm:photonmelodies11.rio.004:1139636328:00175624:00884,cvm,【武】「咦…………？」<01>,[],layout_only,6f89339b2480107cbb5839c19f9f2232f49962fc19025bf7e2be3b170f1b1d68,cff1150ccd1e336776d839ebdd3abb90457d7f0dec81697b4a75a41c241c3081
pm:vm:photonmelodies11.rio.004:1139636328:00176124:00885,cvm,【月咏】「那几位就是下一场的对手」<01>,[],layout_only,1893456265a005cb92996a72565015ab4e4fefc0e7752d34d9c9d28997fda41a,0118be2fdab92929985620e98d490d685d38f5afc2332dcc2d851b8a8c3c1074
pm:vm:photonmelodies11.rio.004:1139636328:00176168:00886,cvm,…………原来如此，看起来很难对付。<01>,[],layout_only,9afa40c70e729195670ff25bb2f0daad4a6c24f8db6b471e8a4ba71d29ecedf6,c591a057df50b72b3766c0fc98fdb78bb93a6c5db0e93983b1e9091f118499c4
pm:vm:photonmelodies11.rio.004:1139636328:00176816:00899,cvm,【壬姬】「小武哥，我们赢啦～～！！」<01>,[],layout_only,3ec8a502770121142c36a6c925ecbcb64157d4109f435d00c9d26d236a507d20,604b01bb62e655b3f1d117e5a3e93bdd5622726e047d7fb4d8d1c097664352ac
pm:vm:photonmelodies11.rio.004:1139636328:00176860:00900,cvm,【武】「嗯！！」<01>,[],layout_only,d76cb53381cce0f448375aa3d168ace6cd57092b68606a45c3271c84999bf016,8afe9a458348e6314b59fdd1e9f90e8d29e0660742dd6e97e535d8a2bfed5207
pm:vm:photonmelodies11.rio.004:1139636328:00177492:00901,cvm,【月咏】「武先生、珠濑小姐，恭喜二位！」<01>,[],layout_only,5e75ef6647b27252d35dc72e1d70baa157bbfff16ad37c8b8c4f4381d60ee1c9,909ee80ab89b6e62421b2a2c70e2435b430f9dfb5c61297270d0a01e126f3e9c
pm:vm:photonmelodies11.rio.004:1139636328:00177716:00902,cvm,【壬姬】「嗯！谢谢您！」<01>,[],layout_only,0107b8837c084a8cf13e53df1ddef22bf0b308297769ba650e094d642a7ab19d,e6c5bcc83807b2100dff0f37abe3a48afdae0e3c90ec36abb87fce520b82244c
pm:vm:photonmelodies11.rio.004:1139636328:00177896:00903,cvm,【武】「哎呀，小珠也挺能干的嘛，还真看不出来」<01>,[],layout_only,aff5eff34751518960657a5ce9c9bb4d33ea947d6606283faa49ebadb89cb8a2,fe4062344160fccc9fab1cb3bb057e1041482548e10538e1feaeef813fa2f6c7
pm:vm:photonmelodies11.rio.004:1139636328:00178128:00904,cvm,【壬姬】「可是呀～，就算跳起来也完全跳不高，可辛苦了～」<01>,[],layout_only,59fae02a432c4ca27134d0e87e675eccdb11d858ae7588b17f1f373a575080fb,c65a63a850d3783516f7d83af74891b02852eda91f7c97e87cd8ece090152411
pm:vm:photonmelodies11.rio.004:1139636328:00178172:00905,cvm,确实。本来在沙地上就很难起跳，何况小珠个子还矮。<01>,[],layout_only,72326d4c9651846ff4072e0adde35bf57b52ebd472e2bd9b361ecdae63c6540d,e895671e854ff83bfb3896d3ce38179c2590ef8eb1780e7bc8c161c97ce82c53
pm:vm:photonmelodies11.rio.004:1139636328:00178404:00906,cvm,【壬姬】「而且沙滩排球，真的很耗体力呢～。<0A>壬姬，已经累得筋疲力尽了～～」<01>,[],layout_only,91221dcb9e18eb1225d4726e683e3bf3980c5c579753d1d15a246d7ae33708e4,0389c729148c035f95c746b706e7434ef0c956d0c39e8955333bd39ff62b5275
pm:vm:photonmelodies11.rio.004:1139636328:00178448:00907,cvm,【武】「不过，多亏你这么努力，<0A>大家才保存了体力，比赛也赢下来了！」<01>,[],layout_only,8365ae408d6d720c9c7d60eb111efe7f33b6bb35138d65ecc26e053f28663653,2016861bdfcb2d49a3090202b08c98ac9da47d4d594baccdc0715d198ef74f1a
pm:vm:photonmelodies11.rio.004:1139636328:00178680:00908,cvm,【壬姬】「嘿嘿…………能帮上忙真是太好了」<01>,[],layout_only,69b326f6a98e3b6f80221ea1dafe18e63f7bd5b506c75755017eb5c3b4507ce2,b9490cb0100d13124043dfe7ff5c21c81e30a4e745919f939d597b5dbaee72cf
pm:vm:photonmelodies11.rio.004:1139636328:00178912:00909,cvm,【夕呼】「那就用保存下来的体力，麻利地拿下冠军吧」<01>,[],layout_only,4d9d81b1d6b88f94cf73a1bd013096df854a026f523ef2c33cb55a68fa684149,3cff2c88b1b08329f50115fff28f1a00e8620a1a5811b3d3da005a2b435eeda4
pm:vm:photonmelodies11.rio.004:1139636328:00179260:00910,cvm,【武】「那当然！」<01>,[],layout_only,0229b7711186004b3f3a99fbd3d6989e064355bcf49130472bed1af6609e1d20,8fea528efd0b32c85b8952f2054f934d9daa16ae48e71881858397cf1842a98c
pm:vm:photonmelodies11.rio.004:1139636328:00179492:00911,cvm,【月咏】「但是，绝不能大意…………。<0A>非常遗憾，A队已经落败了」<01>,[],layout_only,c6864076d16f780f26cc8248715ae2d2fe4cb3609a3142308dc927f657f8dbc1,3bd81448791e7c9060c0e96af6f5983c32dfddc2166f55b52ca619e60c1f07f1
pm:vm:photonmelodies11.rio.004:1139636328:00179548:00912,cvm,【壬姬】「咦…………」<01>,[],layout_only,1fae4dff17b874cd6264499f383948dfa853198bc051a59a14f4e060b144964d,294421f2dda9782e71bb236957e3348fba5a1f9224bf6e195f88ea1345e387bb
pm:vm:photonmelodies11.rio.004:1139636328:00179592:00913,cvm,【武】「真的吗！？」<01>,[],layout_only,2e9aebd171e750c089ba08be57a05426a990dd595100202be50d28bc50ad66d4,64ae7ec5169c77ee06ef11f42cbe7d18c1b29f4ce3064edbc933115db101daf7
pm:vm:photonmelodies11.rio.004:1139636328:00179648:00914,cvm,【壬姬】「那样的话，下一场比赛，<0A>就没法和大家交手了呢～～」<01>,[],layout_only,f279e4d6111a7ceb56afd566ecb55c3b315f2c7841b8e9e5264289ac7aab1b21,8a772d9cdfaa4599820b6c186606c68837fc40710262c469c7bf19e969c87dae
pm:vm:photonmelodies11.rio.004:1139636328:00179704:00915,cvm,【夕呼】「没问题的吧？」<01>,[],layout_only,203050b18d140827cd4d1ba2254c0a339f80c87b6a4f1a2b38142b113909faef,3d1abaf24d87dab419ce4267b13dc0e40055d53ac0e983330aa4514c7ccd598b
pm:vm:photonmelodies11.rio.004:1139636328:00179748:00916,cvm,【武】「没、没问题，只要多赢一场就行了！<0A>反正不全胜就拿不到冠军，场数根本无所谓！」<01>,[],layout_only,64d00216d8fb6fb29aae4a7c6583dcfa990bb2e19ac9a397e418275d33c74ef2,d8897726dc80edaaa3d796e4e96a9efe0151cc8bbbec24167d15f77c9bbbe682
pm:vm:photonmelodies11.rio.004:1139636328:00179804:00917,cvm,【夕呼】「…………办得到吗？」<01>,[],layout_only,b4b1bb8fd925975901cd495528263ca12943f2b4236e21be7728b07964f837a0,df978b26782971acaf2c430ff33809a7296335948081b3536d794320aff5f509
pm:vm:photonmelodies11.rio.004:1139636328:00179848:00918,cvm,【武】「我一定会做到的！」<01>,[],layout_only,10d3a69c045348e863a3122eeda5b35d86c128f75418214f85a62279a3c24dd5,ae4760a7cfc564671ef8b15bf69b14e5aa5c405bbe1312d6986427cfc54ee455
pm:vm:photonmelodies11.rio.004:1139636328:00180552:00919,cvm,【壬姬】「对、对啊！小武哥，一起加油吧！！」<01>,[],layout_only,e013e78cedc34ae7b2f135ca5cce2bb888f6b4534bcafbfd353e891ebdbb397b,fc9eae5d40f4359758478a3f61dbbe835ab3c47fb98201f423f028ea907b39be
pm:vm:photonmelodies11.rio.004:1139636328:00180596:00920,cvm,【武】「既然这么决定了，<0A>那可得仔细制定战术才行…………<0A>下一个对手是什么样的人？」<01>,[],layout_only,ebc63725cdd59d63d13b0164a6537e3a07ed0caab2a01bd555c8529d0782e9f4,08ab8e589e876d55cf6a8d74209f4e060a0b82a70c88f75e5fad0ddf953f9aff
pm:vm:photonmelodies11.rio.004:1139636328:00180828:00921,cvm,【月咏】「从刚才起就一直在瞪着我们呢」<01>,[],layout_only,9bbc7f8c42e8d3b538857e5514697b1b83af4267625cc13ce7650e52d42d30be,5382ba729ce4c9003972ce08763e707efd16fddbc1e81bd05e07a5add7be57be
pm:vm:photonmelodies11.rio.004:1139636328:00180872:00922,cvm,【武】「咦…………？」<01>,[],layout_only,6f89339b2480107cbb5839c19f9f2232f49962fc19025bf7e2be3b170f1b1d68,cff1150ccd1e336776d839ebdd3abb90457d7f0dec81697b4a75a41c241c3081
pm:vm:photonmelodies11.rio.004:1139636328:00181360:00923,cvm,…………原来如此，看起来很难对付啊。<01>,[],layout_only,9afa40c70e729195670ff25bb2f0daad4a6c24f8db6b471e8a4ba71d29ecedf6,c591a057df50b72b3766c0fc98fdb78bb93a6c5db0e93983b1e9091f118499c4
pm:vm:photonmelodies11.rio.004:1139636328:00182140:00939,cvm,【麻理茉】「赢了，白银同学！！」<01>,[],layout_only,1e4ae6c9d43896526a7c25302a31f3e18bffff544883524c236c047ce9200c9b,d272f2b16339b767b78ec650769be8a484487d83fd501f59fdfb046a58289e82
pm:vm:photonmelodies11.rio.004:1139636328:00182184:00940,cvm,【武】「是啊，我们赢了！！」<01>,[],layout_only,3b4c2568fbf5567477f0cd0209caa66e13e18574d133033ca1920ad10200fac7,1cc83fdce1c6d099ebe5c8c94866530cfaafd633bc81b004380afa96cda0cfec
pm:vm:photonmelodies11.rio.004:1139636328:00182808:00941,cvm,【夕呼】「话说，白银，接下来打算怎么办？」<01>,[],layout_only,2875c3f0dba717ede057df6dca3172f526e844b43eacd6fa9071eaf9b0e91d4f,dade3e9865b0d7038dcdccafa1c40a8f4ea98cd24a550ed94b066c984a87bae2
pm:vm:photonmelodies11.rio.004:1139636328:00182864:00942,cvm,【麻理茉】「等等等等！好歹也慰劳我们几句怎么样？」<01>,[],layout_only,40bcb3a20e3ef8c220acf80b8a324ec04002b08b7d5143426f8b0f5a660b2997,c916834881d810563ada8541b2badd6e4e11a92458e98b6b24287000b9be00b1
pm:vm:photonmelodies11.rio.004:1139636328:00183096:00943,cvm,【夕呼】「哎呀，我还以为自己已经很体贴了呢？」<01>,[],layout_only,8c923310179c2acf9babf050fd83f3e41cee363b5f4e370da4599f285044489a,2a692ee05b393f6665a091eca96bdad9e6d918e3ff9ac072dff381e9f374e6f7
pm:vm:photonmelodies11.rio.004:1139636328:00183152:00944,cvm,【麻理茉】「哪里体贴了？」<01>,[],layout_only,d6d7e92333fe4653cdce76f60719f42c0c2641094f47d0dfe8990b48406ad134,7d5d2fdbb38128fc5020eae45fe828b54534b848789046243d6d49096d148db3
pm:vm:photonmelodies11.rio.004:1139636328:00183384:00945,cvm,【夕呼】「像这样被人冷落，晚上不就有了抱怨撒娇的材料吗？<0A>虽然不知道你能不能找到那种对象就是了」<01>,[],layout_only,2ca8dcdc22ad6ad3f9f6faeea53414064ffa52cf0efbd21e1d36422ba3280cac,1a696a3bb2c07e84091129f21b59728fb4d5348f3bb479e0a5d6323f5c7f2657
pm:vm:photonmelodies11.rio.004:1139636328:00184448:00946,cvm,【麻理茉】「你你你听我说啊！！」<01>,[],layout_only,b854778350d9070af3b93b27c74eab59b5e772522c8afce75e87916a2784bdca,0c5952b9055965f4c0d2995eec1c5d85f8917f9c5dd58d72f68869d7cd1a4a47
pm:vm:photonmelodies11.rio.004:1139636328:00184812:00947,cvm,【夕呼】「总之，你们目前干得不错。<0A>不过，除了冠军我可不认哦？」<01>,[],layout_only,f8b92a5b06d38f6c49f30c48694f571a31968520dcca31612c17ff6721718130,597a7b21b89231c380500e16374a8cee96d30da87e2000dff9c1d15cf0c62eb1
pm:vm:photonmelodies11.rio.004:1139636328:00185168:00948,cvm,【武】「我知道老师的要求。<0A>我们也是冲着冠军来的，所以，您就看着吧」<01>,[],layout_only,91f3e23b9b90d494d12b77997a98531644148c429f7e5f416059ee74e5052aef,01582b10a773d2a74eb2b44687dd5b1522d34a46ca6355f6a4c97b351fde7b23
pm:vm:photonmelodies11.rio.004:1139636328:00185532:00949,cvm,【夕呼】「不过A队输了」<01>,[],layout_only,bf4b42198268b6cc309f13bc0571b3b9d04c52c73596a86b575a835dc6043e8a,d0e5505cc4221a4bb30579cb9694aae5033b1b626e428cca5ea72097648b2d0d
pm:vm:photonmelodies11.rio.004:1139636328:00185752:00950,cvm,【武】「咦？」<01>,[],layout_only,77e63d069d95aabd948bf49f0d1875e61a92335dbc417006761d81674ec8c185,b55249e3c0ee06935938d08a2f8a65d886e446dd4c309f96d3566d3e47b2f343
pm:vm:photonmelodies11.rio.004:1139636328:00185808:00951,cvm,【麻理茉】「真的！？」<01>,[],layout_only,4882fa18d2b5354f17ba7de9d65f86f4069ec11ec1e4a184bf48d144e96535ae,af0d0b70277504259cf91b9179889c204b0b68a10be93732ee45a91f4351b41c
pm:vm:photonmelodies11.rio.004:1139636328:00185864:00952,cvm,【夕呼】「我骗你们干什么？」<01>,[],layout_only,9355a61ce635135ffbde1f55678ba99f2d29001a34c632223e205b6148015a93,a88c7f657efe75c46083b73fcbf83189a709dd1539384f5d49d7ad87dfaa6525
pm:vm:photonmelodies11.rio.004:1139636328:00185908:00953,cvm,【武】「还是输掉了啊…………」<01>,[],layout_only,e245f1305b4c1a96cb1ac32009f5384ab412a4e67e9a02ef10495fef688c1ba8,0b4e77074695a11fe29c2d3db74821761da7f6bf07608212e528580fc536a295
pm:vm:photonmelodies11.rio.004:1139636328:00186140:00954,cvm,【麻理茉】「下一场比赛，如果是同伴交手，<0A>本来应该可以少打一场、轻松一点的…………」<01>,[],layout_only,d16ac1c33b0dabdd610919a4d517b23201a6d9865ee97278788e5d27e413d115,bbb618eadd80d072d11e6a01a287665b0dbdf702d5e7a2019725368172cf962a
pm:vm:photonmelodies11.rio.004:1139636328:00186372:00955,cvm,【夕呼】「不过，过程怎样都无所谓，<0A>只要拿到冠军就行。明白了吗？」<01>,[],layout_only,d0ce1717101b43364dba720cbf6e57e87927f74236382351d00520c7bab5e69d,5aa95a7d9005b0330af20f39795513fd5c4d05db0549a3a563ea1a7b4d5d6472
pm:vm:photonmelodies11.rio.004:1139636328:00186416:00956,cvm,【武】「明、明白」<01>,[],layout_only,f0c51d0ed0030f74df57f9b9a6ea2353b9312594c10b23c2104d5bb13c6ebd61,a122f1e24ec56ed8821af8f69cce7d5c45cbe575710868b38ad865bf3e3670f5
pm:vm:photonmelodies11.rio.004:1139636328:00187108:00957,cvm,唔～～，我本来还指望能少打那一场，现在没了还真难受啊。<01>,[],layout_only,05d7e1d26d85fc8354ea8e8b3e640314ba3c6a69ed68a2803e15a30d58343636,0e85b3a5cf1b4e49446b881b5cabc13c5bd9ba537d7c2dc793aa278413920b65
pm:vm:photonmelodies11.rio.004:1139636328:00187152:00958,cvm,不不！这时候泄气就输了！！<01>,[],layout_only,5d7e3c439a42961b8388b9c6d7f0e79d3e4a73518febd77f922e408567c8c5a7,9b2118603bf858bee0cf420d854e61bf9734903b112fb0385d5e1cd807b20e9b
pm:vm:photonmelodies11.rio.004:1139636328:00187516:00959,cvm,【麻理茉】「总、总之！来研究半决赛的战术吧！」<01>,[],layout_only,000fb5fc2c54eb54a2ca405d14ed55409a6d3dd094de9233b9ddf7818d9484f0,1d4ec6d741569727d80aff142e777525c114e2847a889d46899847a0e80e82fb
pm:vm:photonmelodies11.rio.004:1139636328:00187696:00960,cvm,【武】「是、是啊…………呃…………<0A>下一支对战队伍是…………」<01>,[],layout_only,0788a2a798230ba13c6725b47ed286c9736d8bd03728850655d848f66927b7b2,cddcb746c0a611eda550efeb1e33e9d3484e1205ed0cd67f9674cf0e6614e515
pm:vm:photonmelodies11.rio.004:1139636328:00187752:00961,cvm,【夕呼】「不就是那支吗？在那里看着我们的那支队伍」<01>,[],layout_only,7622e9aa0b03d669ca549e359c986bdbdc8ce8df4d423b13a207491d282cfc18,4a6ad1dfaff3bfa032b78156bb4a444ccb89f84f72ee52041affa41b7a11f86d
pm:vm:photonmelodies11.rio.004:1139636328:00187796:00962,cvm,【武】「咦…………？」<01>,[],layout_only,6f89339b2480107cbb5839c19f9f2232f49962fc19025bf7e2be3b170f1b1d68,cff1150ccd1e336776d839ebdd3abb90457d7f0dec81697b4a75a41c241c3081
pm:vm:photonmelodies11.rio.004:1139636328:00188284:00963,cvm,…………原来如此，看起来很难对付啊。<01>,[],layout_only,9afa40c70e729195670ff25bb2f0daad4a6c24f8db6b471e8a4ba71d29ecedf6,daf4ce5fadf105f9ebdc9c0198b98c6c4793bcd395ee871fd6d8afb90bbe9ed0
pm:vm:photonmelodies11.rio.004:1139636328:00188976:00977,cvm,【皮亚蒂芙】「做到了呢，白银同学！」<01>,[],layout_only,84c56a7582da5929490625e48afcd4e95df527aa8216963fc17feaa93668c799,3c62b2f484331e1ec78d2e5f8eb96172d80d7bdaebe33adf41e96815af891048
pm:vm:photonmelodies11.rio.004:1139636328:00189020:00978,cvm,【武】「嗯！！」<01>,[],layout_only,62f7c1dcecd1fe3718e07f1cddc6c989fbd043aaa7d68dc5481eee9a956b40fc,8afe9a458348e6314b59fdd1e9f90e8d29e0660742dd6e97e535d8a2bfed5207
pm:vm:photonmelodies11.rio.004:1139636328:00189728:00979,cvm,【夕呼】「打得相当精彩嘛」<01>,[],layout_only,da4f7f83ce1a27ba0bcce30c0cb1a41e0bd9e976cece02229cf7ca21163b7bc6,7d3accca02369f078c8b8ae48a9213b473aa215b69b27d6edc5734187622220d
pm:vm:photonmelodies11.rio.004:1139636328:00189772:00980,cvm,【武】「谢谢！」<01>,[],layout_only,cbf5f0d8a2eec2a1339b481e61745e96908b61aa21031981f10663703aebebf6,decbdfd95075c874cca2074f7ab378d7019dc920d11f163bb16548e0e65a0b30
pm:vm:photonmelodies11.rio.004:1139636328:00190004:00981,cvm,【夕呼】「伊琳娜更是，该怎么说呢？<0A>简直像摆脱了束缚一样，打得舒展又充满活力呢」<01>,[],layout_only,b3c25f9d281a1db5a6238b79b525d7554a9f2e4e51c113a2dc9eac13d7c9645c,d364cb493bd544099bd1635a9688f4cedd0f1dc8f3c934b5d1edd924da8a3171
pm:vm:photonmelodies11.rio.004:1139636328:00190312:00982,cvm,【皮亚蒂芙】「啊，谢谢您…………」<01>,[],layout_only,e41d8fba65a09eb8ba3a44d4dd40c76d06625d5fc539e5a69adc7e0337e9467c,1fdaabdf884a55f7fb62739d54b9a0680d986389c3642272c2772ad67accfea7
pm:vm:photonmelodies11.rio.004:1139636328:00190368:00983,cvm,【夕呼】「果然，人还是自由最重要啊～～」<01>,[],layout_only,3e28a9e66e2a98b65a2a7449b7bf42e7a6592777cc11685f9a6882bccf026a5e,c0326bdc4ba1beb61fb85c160ec2ad6be2a7b0465e07ba985353ac3499956d1c
pm:vm:photonmelodies11.rio.004:1139636328:00190424:00984,cvm,【皮亚蒂芙】「是、是啊…………」<01>,[],layout_only,27c0ddf4d8be2bbcf83a9acd6758d958ad63b0aed30f9e559689175575c530e5,883aecd3bfbcf4c3f92954f2e352bbb3bd1540c67f1358663c334dba7ba9248d
pm:vm:photonmelodies11.rio.004:1139636328:00190468:00985,cvm,【武】「好、好啦！比起那个，<0A>皮亚蒂芙老师的运动能力真让我吃惊！」<01>,[],layout_only,8cf515f6e0d246a8ccef5ad86948f91143d8a0a8c4ebbdb9364f01f0ffa64cf1,dcf1263dc14b7ac07a58311338c930b66604014f58a19c03391ae6a27244173f
pm:vm:photonmelodies11.rio.004:1139636328:00190512:00986,cvm,老实说，我原本以为皮亚蒂芙老师是头脑派，不太擅长运动呢。<01>,[],layout_only,903bd9f441d0de243312e7d2946fffd95be89c99ee6a81ab620101797a42d78b,58d4a8338a7f5661155a08ba0f2c19cd8942f5b3775d3b58cb73ad2f0100a889
pm:vm:photonmelodies11.rio.004:1139636328:00190744:00987,cvm,【夕呼】「说不定不只是普通教师呢～～」<01>,[],layout_only,b105ec374fb0cc08700897dd7015e4baf83ce7616c6a970b1f3638528ee546b9,6aba47bc652a32bad67cc75a92e830f7a168748340793f0e6ad6516352886c06
pm:vm:photonmelodies11.rio.004:1139636328:00190996:00988,cvm,【皮亚蒂芙】「才、才没有那回事呢…………」<01>,[],layout_only,ca6c40c0d0e36abcfae4949e8b5a6019eecd95a66445a408adafe52baa9301f8,ff2b325e68354ad50c8e60b3e2c95366218b438761db5b6862306dd6005d6f03
pm:vm:photonmelodies11.rio.004:1139636328:00191228:00989,cvm,【夕呼】「……………………真的吗？」<01>,[],layout_only,8b819cffe4c1f3cc384709b837b35fac5cf16f874cc2e3ff397d9bc1e288706f,f255427f68915f3691504303bbcb358de8b649ffe29fbd0b08d2adc5bab153f5
pm:vm:photonmelodies11.rio.004:1139636328:00191536:00990,cvm,【皮亚蒂芙】「那个…………对、对了！<0A>白银同学，我们得制定半决赛的战术才行！」<01>,[],layout_only,6865bd5d2c4ad7f595dc31f7fd5fbde84b2c58760d14389e3df1a4da993ab31a,b49b7adc484d6a48fa2bc7c4145cfeba705bb8dc7cad4ce1ae7f1e090e70198b
pm:vm:photonmelodies11.rio.004:1139636328:00191580:00991,cvm,【武】「咦？啊…………是啊」<01>,[],layout_only,4c71d689ebbfacd3821041c7cf713998c502a8ec40fc5ba0f0105fed3320fe67,838f2b28b9009a732ed601ce5949ee5d2baf8029f6dcff7c66c2e33541805f2b
pm:vm:photonmelodies11.rio.004:1139636328:00192012:00992,cvm,【武】「话说回来，A队怎么样了？」<01>,[],layout_only,36bdcaf8babf63af49e08ac83c2dec89112b888fc2d24ef4440d255bc3c9398e,d73e4be2943f8216b7d453f9def2cc2bcd5a716e5dcd702bea170b44c8e2d0c6
pm:vm:photonmelodies11.rio.004:1139636328:00192376:00993,cvm,【夕呼】「输了哦？」<01>,[],layout_only,c4e4df4d21ca4104905d4a5e2b35a90244e82e4137371c3b1e9a3f49a771d571,74b2871f98b7c00e56c3a82b279363cfe9a9f8c481545545350c8c90a1624240
pm:vm:photonmelodies11.rio.004:1139636328:00192672:00994,cvm,【武】「咦…………真的假的！？」<01>,[],layout_only,82e5da38a10e4526e8c403680a9bbe6107abd05cfb71990e5775086ad1694bf5,ef61d9b31786eccb2670d3cd180fd85a7d8c8950a4112928dcc324dc3b605672
pm:vm:photonmelodies11.rio.004:1139636328:00192728:00995,cvm,【皮亚蒂芙】「下一场比赛，如果是同伴对决，<0A>本来就等于实际少打一场…………」<01>,[],layout_only,653ede0d53553b9d753d498c64b1bbbf1b6427590795a35ee2ac6e261400c6bb,ae98454559fd43b0498e48d4a5c80022f8b57d3cca2fdb73d6555e546c33d6f4
pm:vm:photonmelodies11.rio.004:1139636328:00192784:00996,cvm,【夕呼】「会拿冠军的，对吧？」<01>,[],layout_only,294bd03773c2b42ab1d6bf48fb9266ccfb43382e0681fb1a9719c36753f69e6f,ddf5fea56e34a33db395aef00ce47b60b94885f296381230e7a2f04c60866b3d
pm:vm:photonmelodies11.rio.004:1139636328:00192964:00997,cvm,【武】「……………………」<01>,[],layout_only,770975bc8d76964cd0683d1a3ba2ec947971272f34819d29aa5c66d3964a88d7,6a17c608647a040376434d02fd50f1e4124a141fe417bdc98ba4d3f27bdee35c
pm:vm:photonmelodies11.rio.004:1139636328:00193020:00998,cvm,【夕呼】「哎呀～～？」<01>,[],layout_only,09de607b13d3fd824e078b969c8f416312a5b61a18dda8bcabf28a1bff73ec9b,ea7dfb27967c0be090b257c4cfbfef31db2c511ec0178a665bc8798df6232f63
pm:vm:photonmelodies11.rio.004:1139636328:00193200:00999,cvm,【武】「我、我会做到的！！」<01>,[],layout_only,655f7a376c298ab7d10336a6c9b9a8f7c5e0911589169a5bacb73acd1a7f1827,fc361f13577626dd7797450e480912ae53f22e24c41edb311827fe55b3cd1073
pm:vm:photonmelodies11.rio.004:1139636328:00193244:01000,cvm,…………难道我也被她牵着鼻子走了？<0A>不，这是自作自受吗？<01>,[],layout_only,a7833dcb30b36a52a9f8a9e796224b3a020eb9b886607e426375bb3d4675034c,0f1b0cf10ef62a98ed6b51ec697d403c19c1912ce2b24c606a5c224e52b74830
pm:vm:photonmelodies11.rio.004:1139636328:00193816:01001,cvm,【皮亚蒂芙】「总之快点，先想战术！」<01>,[],layout_only,6800b7e63402a3cb206176d3791ec5ec9c48a10ec54704ae9787345ac992a05f,2c8c7dc2c1ba017a0194848f6ab77a9ef53c2c1baf50f63d5cb509bab158fdc2
pm:vm:photonmelodies11.rio.004:1139636328:00193996:01002,cvm,【武】「啊，好！」<01>,[],layout_only,6251230266cdb183287b6e2d944ad4686e5da42b0170397596ae09c4236d43cb,99574b36f8fe8dcf39131921fc22788dca90dc88dce52759da2f7f140921406f
pm:vm:photonmelodies11.rio.004:1139636328:00194764:01003,cvm,对，这时候可不能泄气！<01>,[],layout_only,f9760e70f758e085402923a081822615bb56f69eb9a33e3780a40e0b97c1dccf,439d984dd1a2a88c45816b7d590c7ac01cf4f9a2b2a4da5588deaa99dda43be7
pm:vm:photonmelodies11.rio.004:1139636328:00194820:01004,cvm,【皮亚蒂芙】「下一个对手应该已经确定了吧…………<0A>是哪支队伍呢？」<01>,[],layout_only,06a26702c606bc1f7f1fc0897cdf5d6946d5bd7b986028857f48f2318ce9236b,92a025d204fc8c8f2021f11482b8907f2d5b92cbc8200dfcab02df0c086875ba
pm:vm:photonmelodies11.rio.004:1139636328:00194876:01005,cvm,【夕呼】「就是那支吧，从刚才起一直在看着我们的」<01>,[],layout_only,d770f563ef8a5e3df4dc67b02a36d9631e2bd8460f23619ff50a37316590edc0,53a06ebe6ddfc2c12a61c7893db6dee5d726611d2a715f1397f3a8c494d42851
pm:vm:photonmelodies11.rio.004:1139636328:00194920:01006,cvm,【武】「咦…………？」<01>,[],layout_only,6f89339b2480107cbb5839c19f9f2232f49962fc19025bf7e2be3b170f1b1d68,cff1150ccd1e336776d839ebdd3abb90457d7f0dec81697b4a75a41c241c3081
pm:vm:photonmelodies11.rio.004:1139636328:00195420:01007,cvm,【皮亚蒂芙】「原来如此…………<0A>看上去对自己的运动能力很有信心…………<0A>给人的感觉就是这样呢」<01>,[],layout_only,ec4a79a7e34675ad0c615ef97e58abd93ca218b528ebad27d8702c24c3033aba,ee1ced95de1cf49a75f947abc003bab7581cdb5b280e05d302a64276cb593e5b
pm:vm:photonmelodies11.rio.004:1139636328:00196112:01021,cvm,【伊露玛】「做到了呢，白银同学！」<01>,[],layout_only,38eca255212a7799646af75645c020f82b9045d17da4a6b14be0a724394565a3,c634c546138387cfa93e27abe52d7a28c6ad7c298935be7a1ad9f38ad8f687a7
pm:vm:photonmelodies11.rio.004:1139636328:00196156:01022,cvm,【武】「嗯！！」<01>,[],layout_only,62f7c1dcecd1fe3718e07f1cddc6c989fbd043aaa7d68dc5481eee9a956b40fc,8afe9a458348e6314b59fdd1e9f90e8d29e0660742dd6e97e535d8a2bfed5207
pm:vm:photonmelodies11.rio.004:1139636328:00196808:01023,cvm,【夕呼】「打得相当精彩嘛」<01>,[],layout_only,da4f7f83ce1a27ba0bcce30c0cb1a41e0bd9e976cece02229cf7ca21163b7bc6,7d3accca02369f078c8b8ae48a9213b473aa215b69b27d6edc5734187622220d
pm:vm:photonmelodies11.rio.004:1139636328:00196852:01024,cvm,【武】「谢谢！」<01>,[],layout_only,cbf5f0d8a2eec2a1339b481e61745e96908b61aa21031981f10663703aebebf6,decbdfd95075c874cca2074f7ab378d7019dc920d11f163bb16548e0e65a0b30
pm:vm:photonmelodies11.rio.004:1139636328:00197084:01025,cvm,【夕呼】「伊露玛更是，该怎么说呢？<0A>简直像摆脱了束缚一样，打得舒展又充满活力呢」<01>,[],layout_only,cb6fa3c5bb53b39feec97ce05ccacac03a361b970b3ae3f757f734bf7ce4a19f,c6d06b1a11a4f3cfaef6f42e3ffc0e18ac38d95552aa5f9bd77ac7ab92cb2d65
pm:vm:photonmelodies11.rio.004:1139636328:00197392:01026,cvm,【伊露玛】「啊，谢谢您…………」<01>,[],layout_only,ef5fd9c22fa6f7319cafdb155bbb7459e5ae597a4c2f4ec62a93659e1c66de96,bb3f5715fda6c7959b4a39926738e9ef56a39337ec9f199dcad34c29166cd120
pm:vm:photonmelodies11.rio.004:1139636328:00197448:01027,cvm,【夕呼】「果然，人还是自由最重要啊～～」<01>,[],layout_only,3e28a9e66e2a98b65a2a7449b7bf42e7a6592777cc11685f9a6882bccf026a5e,c0326bdc4ba1beb61fb85c160ec2ad6be2a7b0465e07ba985353ac3499956d1c
pm:vm:photonmelodies11.rio.004:1139636328:00197756:01028,cvm,【伊露玛】「是、是啊…………」<01>,[],layout_only,223f617c5abc9cd2d8745eb3ed6abe9d9426d6c6b66591414d1c068c867b778e,6571eff1df68f4e66693ec9c9ace801d8a21b73a2464c0874830fd2498b4728b
pm:vm:photonmelodies11.rio.004:1139636328:00197800:01029,cvm,【武】「好、好啦！比起那个，<0A>伊露玛老师的运动能力真让我吃惊！」<01>,[],layout_only,3e65824f46a877f57570df709fdc1d18b8dcd0e0d10beac87792c4e9d62dd751,6de1d9eec768140aa06b172670e673c5d8ea55a4b99c808a27307434199b15ba
pm:vm:photonmelodies11.rio.004:1139636328:00198032:01030,cvm,【夕呼】「说不定不只是普通教师呢～～」<01>,[],layout_only,b105ec374fb0cc08700897dd7015e4baf83ce7616c6a970b1f3638528ee546b9,6aba47bc652a32bad67cc75a92e830f7a168748340793f0e6ad6516352886c06
pm:vm:photonmelodies11.rio.004:1139636328:00198340:01031,cvm,【伊露玛】「才、才没有那回事啦～～～」<01>,[],layout_only,313da956ad531202e18237e4fe5c9a1cb02ccd027ce4fcb95af6f2e606aa8214,012e47073a76a6e38defc73ce6b529aff5dae7ec8d522d60cde9a23c466b3f38
pm:vm:photonmelodies11.rio.004:1139636328:00198572:01032,cvm,【夕呼】「……………………真的吗？」<01>,[],layout_only,8b819cffe4c1f3cc384709b837b35fac5cf16f874cc2e3ff397d9bc1e288706f,f255427f68915f3691504303bbcb358de8b649ffe29fbd0b08d2adc5bab153f5
pm:vm:photonmelodies11.rio.004:1139636328:00198824:01033,cvm,【伊露玛】「那个…………对、对了！<0A>白银同学，我们得制定半决赛的战术才行！」<01>,[],layout_only,23b9772543159a5ab01a8487ffd934c14f1ff4e7e83796271bd347b1d9401291,dd28c92d797ea584f133efc0e3fc1a82c3583f933eec5d8c76675b57113135d9
pm:vm:photonmelodies11.rio.004:1139636328:00198868:01034,cvm,【武】「咦？啊…………是啊」<01>,[],layout_only,4c71d689ebbfacd3821041c7cf713998c502a8ec40fc5ba0f0105fed3320fe67,dac3d3ea327c3b3635b4796085b55795b212bf2770e7d3166aca206267c4434b
pm:vm:photonmelodies11.rio.004:1139636328:00199088:01035,cvm,真是的，伊露玛老师也被她耍得团团转啊…………。<01>,[],layout_only,79f6940ae8045ea39e0a7ac7f13f8d65f8e9699e6909bade7f82d8fd3b5285d0,448e3ca4561498c013a2146a26a13961d173a619047515f03c2c5310155c3995
pm:vm:photonmelodies11.rio.004:1139636328:00199520:01036,cvm,【武】「话说回来，A队怎么样了？」<01>,[],layout_only,36bdcaf8babf63af49e08ac83c2dec89112b888fc2d24ef4440d255bc3c9398e,d73e4be2943f8216b7d453f9def2cc2bcd5a716e5dcd702bea170b44c8e2d0c6
pm:vm:photonmelodies11.rio.004:1139636328:00199884:01037,cvm,【夕呼】「输了哦？」<01>,[],layout_only,c4e4df4d21ca4104905d4a5e2b35a90244e82e4137371c3b1e9a3f49a771d571,74b2871f98b7c00e56c3a82b279363cfe9a9f8c481545545350c8c90a1624240
pm:vm:photonmelodies11.rio.004:1139636328:00200180:01038,cvm,【武】「咦…………真的假的！？」<01>,[],layout_only,82e5da38a10e4526e8c403680a9bbe6107abd05cfb71990e5775086ad1694bf5,ef61d9b31786eccb2670d3cd180fd85a7d8c8950a4112928dcc324dc3b605672
pm:vm:photonmelodies11.rio.004:1139636328:00200488:01039,cvm,【伊露玛】「下一场比赛，已经没法让同伴之间交手了呢…………<0A>本来还以为能少打一场的」<01>,[],layout_only,915aa40f31f8cbbaac33254bcf387d76a23ad830231d10f847896a6d1aff0704,b2859dc91f5a45b5168973ecfcfb35b62748d0cde5d5dd30d8a7df75cc1da626
pm:vm:photonmelodies11.rio.004:1139636328:00200544:01040,cvm,【夕呼】「会拿冠军的，对吧？」<01>,[],layout_only,294bd03773c2b42ab1d6bf48fb9266ccfb43382e0681fb1a9719c36753f69e6f,ddf5fea56e34a33db395aef00ce47b60b94885f296381230e7a2f04c60866b3d
pm:vm:photonmelodies11.rio.004:1139636328:00200724:01041,cvm,【武】「……………………」<01>,[],layout_only,770975bc8d76964cd0683d1a3ba2ec947971272f34819d29aa5c66d3964a88d7,6a17c608647a040376434d02fd50f1e4124a141fe417bdc98ba4d3f27bdee35c
pm:vm:photonmelodies11.rio.004:1139636328:00200780:01042,cvm,【夕呼】「哎呀～～？」<01>,[],layout_only,09de607b13d3fd824e078b969c8f416312a5b61a18dda8bcabf28a1bff73ec9b,ea7dfb27967c0be090b257c4cfbfef31db2c511ec0178a665bc8798df6232f63
pm:vm:photonmelodies11.rio.004:1139636328:00200960:01043,cvm,【武】「我、我会做到的！！」<01>,[],layout_only,655f7a376c298ab7d10336a6c9b9a8f7c5e0911589169a5bacb73acd1a7f1827,fc361f13577626dd7797450e480912ae53f22e24c41edb311827fe55b3cd1073
pm:vm:photonmelodies11.rio.004:1139636328:00201004:01044,cvm,…………难道我也被她牵着鼻子走了？<0A>不，这是自作自受吗？<01>,[],layout_only,a7833dcb30b36a52a9f8a9e796224b3a020eb9b886607e426375bb3d4675034c,0f1b0cf10ef62a98ed6b51ec697d403c19c1912ce2b24c606a5c224e52b74830
pm:vm:photonmelodies11.rio.004:1139636328:00201520:01045,cvm,【伊露玛】「总之快点，想战术，想战术」<01>,[],layout_only,00639aa1e0b2854f9f8486551f38c7b2e0dba9c33be1172959781fbaf2128280,8a8f2b6568c47165c102228be28d3a0826be8f7a59b4bb49d49e15a2ab6c0ee1
pm:vm:photonmelodies11.rio.004:1139636328:00201700:01046,cvm,【武】「啊，好！」<01>,[],layout_only,6251230266cdb183287b6e2d944ad4686e5da42b0170397596ae09c4236d43cb,99574b36f8fe8dcf39131921fc22788dca90dc88dce52759da2f7f140921406f
pm:vm:photonmelodies11.rio.004:1139636328:00202412:01047,cvm,对，这时候可不能泄气！<01>,[],layout_only,f9760e70f758e085402923a081822615bb56f69eb9a33e3780a40e0b97c1dccf,439d984dd1a2a88c45816b7d590c7ac01cf4f9a2b2a4da5588deaa99dda43be7
pm:vm:photonmelodies11.rio.004:1139636328:00202456:01048,cvm,【武】「下一个对手应该已经确定了…………<0A>会是怎样的队伍？」<01>,[],layout_only,afc7ea16e278cf0a9dbabdef652fb6ade809fb40b88bb7ce4230d39b63d8ee2b,a834bd16a15be8a7f7ffab36e8a3ae7bbbff8dfdf76cd47d69a7b22d07750b2e
pm:vm:photonmelodies11.rio.004:1139636328:00202512:01049,cvm,【夕呼】「在那边的，难道不是那支吗？<0A>一直盯着这边看呢」<01>,[],layout_only,4ed109203067a762ea4a50c22b6bd1344e74e92f58c930129933343906772dfe,78e2eddf48e84e7ea36ce279f8d5405bdd8e7cd8fa152f9d82766a65be4ffae1
pm:vm:photonmelodies11.rio.004:1139636328:00202556:01050,cvm,【武】「咦…………？」<01>,[],layout_only,6f89339b2480107cbb5839c19f9f2232f49962fc19025bf7e2be3b170f1b1d68,cff1150ccd1e336776d839ebdd3abb90457d7f0dec81697b4a75a41c241c3081
pm:vm:photonmelodies11.rio.004:1139636328:00203044:01051,cvm,…………原来如此，看起来很难对付啊。<01>,[],layout_only,9afa40c70e729195670ff25bb2f0daad4a6c24f8db6b471e8a4ba71d29ecedf6,c591a057df50b72b3766c0fc98fdb78bb93a6c5db0e93983b1e9091f118499c4
pm:vm:photonmelodies11.rio.004:1139636328:00203692:01064,cvm,【沃肯】「干得好，白银！」<01>,[],layout_only,5951d92c61c5f59a0ee12aa7850d3cf5762a7d1e6e5f87530086a489821682ad,3fc42b0f3905f4132217b505f3fd776fdbbdc61f4ba4b53250ea9cf24447b45e
pm:vm:photonmelodies11.rio.004:1139636328:00203736:01065,cvm,【武】「是、是！！」<01>,[],layout_only,c8656dd9b549b9266aa5389aadc8f92ee06e56cace190c7d7891b04efe647f9b,1238392d7512fe44f409ef37b74f2530a93fdc8d4dff1b116996509614543f5d
pm:vm:photonmelodies11.rio.004:1139636328:00204388:01066,cvm,【悠阳】「武先生，您表现得十分出色。<0A>沃肯老师也相当娴熟」<01>,[],layout_only,49ee8bd92db783e0f74ce1d5f0fdaa442a68006763ea70151097ac433baceaf9,b854da48041570deb52907df12a4f05d8b86624f55d36393e02a0ed7837b5677
pm:vm:photonmelodies11.rio.004:1139636328:00204444:01067,cvm,【沃肯】「不敢当」<01>,[],layout_only,af673376cd5d38b09ab907ccc21c6f168b69e9017cf8971289a424289d5d3c23,f93c607f6b58ad0ce7d79d18a78691ab505d7e2a36b96c74586910bbdabd98e9
pm:vm:photonmelodies11.rio.004:1139636328:00204488:01068,cvm,【武】「不过，老师果然经常打，确实很有一手呢」<01>,[],layout_only,fb11af08b867d611dd40ae5907b074fb88c46aff01d7c2364cb9ee185fe17895,4c0babc08a2fa2f2c8f45bfd8da47c44680a50db35dfe21abad72ecb72fa4eb5
pm:vm:photonmelodies11.rio.004:1139636328:00204544:01069,cvm,【沃肯】「不过，毕竟很久没打了，<0A>找回感觉还是费了些功夫」<01>,[],layout_only,5fc254b1228beaea2acb4f75c58ee43696e266032022ea9b71692ed1d9aeecc7,12b2672e4d5cfd13632b9108e1a467828f845c93da78fb62e90400fa71713d4c
pm:vm:photonmelodies11.rio.004:1139636328:00204776:01070,cvm,【夕呼】「打得相当精彩嘛」<01>,[],layout_only,da4f7f83ce1a27ba0bcce30c0cb1a41e0bd9e976cece02229cf7ca21163b7bc6,7d3accca02369f078c8b8ae48a9213b473aa215b69b27d6edc5734187622220d
pm:vm:photonmelodies11.rio.004:1139636328:00204820:01071,cvm,【武】「谢谢！」<01>,[],layout_only,cbf5f0d8a2eec2a1339b481e61745e96908b61aa21031981f10663703aebebf6,decbdfd95075c874cca2074f7ab378d7019dc920d11f163bb16548e0e65a0b30
pm:vm:photonmelodies11.rio.004:1139636328:00204876:01072,cvm,【夕呼】「希望你们照这个势头，<0A>干脆利落地拿下冠军哦？」<01>,[],layout_only,6022b3a30ca3d2103bc86f56f45f6d697ecb57ec3bc56b7bc98a48e8d6e2532a,5d9c352b731aecd3a81ae7164275c4b50b1edab21d5979be960487554fbf156a
pm:vm:photonmelodies11.rio.004:1139636328:00204920:01073,cvm,【武】「我一定会拿下冠军给您看的！」<01>,[],layout_only,19019033e8f41a62eeb7cfd4474cd2f72abfdebde4b937b29752d65c7a7bedfe,2e0e87d747f740185949c9afa2444f776d5001e40941dc2269c56a9c9488b0b9
pm:vm:photonmelodies11.rio.004:1139636328:00205284:01074,cvm,【夕呼】「A队，已经输了哦？」<01>,[],layout_only,600066bf7ae7c2f29ae94766c6057ba3585a1e26e93a2eb169a4b5140955c610,65e36e17994bb84bc38abee69062ab357705f43dcdfd45c2618c6994cacac277
pm:vm:photonmelodies11.rio.004:1139636328:00205592:01075,cvm,【沃肯】「什么…………那真是遗憾」<01>,[],layout_only,cb5056fc3073f6efb5f2c67b77e4a3c0d2e9b1caa4ad6e405f546f8def84c798,fb7cac787dcbe4e604c6f82b65de13a53ec044a8f1fe5d479eb1e09bd41d28a7
pm:vm:photonmelodies11.rio.004:1139636328:00205772:01076,cvm,【武】「不会吧…………」<01>,[],layout_only,b6193e85a028aefa1d5f1d71a7fc8fc7faa714cc7ebe2806399232df98e6dcd5,5925933f0e79028a1cdd2fd05a171dc4051a525a91f61d32ca759456b70c9a0b
pm:vm:photonmelodies11.rio.004:1139636328:00206024:01077,cvm,【沃肯】「虽说本来就没抱期待，但下一场如果是<0A>同伴之间对战，就等于可以少打一场…………」<01>,[],layout_only,017584a84996fb0bee4b2e9bd2b22c9d4b04959e84a3c36a41ba2ad3f2f7d058,4d2a63fd1538d80b9157c8da7d6e9fdcbbae4aa9af9b3e2d18ee82d385b66198
pm:vm:photonmelodies11.rio.004:1139636328:00206256:01078,cvm,【夕呼】「会拿冠军的，对吧？」<01>,[],layout_only,294bd03773c2b42ab1d6bf48fb9266ccfb43382e0681fb1a9719c36753f69e6f,ddf5fea56e34a33db395aef00ce47b60b94885f296381230e7a2f04c60866b3d
pm:vm:photonmelodies11.rio.004:1139636328:00206300:01079,cvm,【武】「……………………」<01>,[],layout_only,770975bc8d76964cd0683d1a3ba2ec947971272f34819d29aa5c66d3964a88d7,6a17c608647a040376434d02fd50f1e4124a141fe417bdc98ba4d3f27bdee35c
pm:vm:photonmelodies11.rio.004:1139636328:00206356:01080,cvm,【夕呼】「咦～～？」<01>,[],layout_only,09de607b13d3fd824e078b969c8f416312a5b61a18dda8bcabf28a1bff73ec9b,ea7dfb27967c0be090b257c4cfbfef31db2c511ec0178a665bc8798df6232f63
pm:vm:photonmelodies11.rio.004:1139636328:00206536:01081,cvm,【武】「我、我会做到的！！」<01>,[],layout_only,655f7a376c298ab7d10336a6c9b9a8f7c5e0911589169a5bacb73acd1a7f1827,fc361f13577626dd7797450e480912ae53f22e24c41edb311827fe55b3cd1073
pm:vm:photonmelodies11.rio.004:1139636328:00207052:01082,cvm,【沃肯】「就是这股气势。绝不能示弱」<01>,[],layout_only,251716e3004f4fed23731ecd38c2e146769e6390c94ff2347847bf4594729ba3,83e54dc88911b0bc7f37241446327e2d3255761c3f13832092ae598daac5581a
pm:vm:photonmelodies11.rio.004:1139636328:00207232:01083,cvm,【武】「是、是！」<01>,[],layout_only,3b7b7ba7816c8e52702d9d29d00a3195bde363a594f420068634b687dbcbe80f,64f26aa4bfc0927e939622cba638f25d59461de031f350c9ce153705ea88a468
pm:vm:photonmelodies11.rio.004:1139636328:00207956:01084,cvm,【夕呼】「话说回来，下一个对手是什么来头？」<01>,[],layout_only,e33a1c0706199b37ee728b1fc1d1dd9c55530a29723124d42793d1d7690d0b03,0978d9bd3040a24b4ffbc0c51c65ac5471e5770686127655b5632759d7e889c2
pm:vm:photonmelodies11.rio.004:1139636328:00208264:01085,cvm,【沃肯】「这个…………<0A>我想结果应该已经出来了…………」<01>,[],layout_only,806727068dfb93ad26c598243f9886ec38d0c122eb30c2d75a79fb261dfa25f4,9879d98e364b9c371856088a1fbcf31bacb5512244d8ce15cb3550a0d3112b77
pm:vm:photonmelodies11.rio.004:1139636328:00208496:01086,cvm,【夕呼】「那我当然知道，他们就在那边瞪着我们」<01>,[],layout_only,b67f4a99ef558c03f9dc30a61a171ff2b70e186862b38e13fa4dc4560a34db1e,cfa98dd62ded580a0ab909ded5039fe5f4530fbe12df030c02213de9c9b4edb8
pm:vm:photonmelodies11.rio.004:1139636328:00208540:01087,cvm,【武】「咦…………？」<01>,[],layout_only,6f89339b2480107cbb5839c19f9f2232f49962fc19025bf7e2be3b170f1b1d68,cff1150ccd1e336776d839ebdd3abb90457d7f0dec81697b4a75a41c241c3081
pm:vm:photonmelodies11.rio.004:1139636328:00209028:01088,cvm,…………原来如此，看起来很难对付。<01>,[],layout_only,9afa40c70e729195670ff25bb2f0daad4a6c24f8db6b471e8a4ba71d29ecedf6,daf4ce5fadf105f9ebdc9c0198b98c6c4793bcd395ee871fd6d8afb90bbe9ed0
pm:vm:photonmelodies11.rio.004:1139636328:00210116:01111,cvm,【慧】「嘛，大概就这样吧」<01>,[],layout_only,8adb3ac1c4f887e1566bda9c0424d33ac5a578796bf922e689b8fa4c7d6afe32,2af56767270f59f5e793221615124e8e259864f642474d64efa39939e0c7bf92
pm:vm:photonmelodies11.rio.004:1139636328:00210160:01112,cvm,【武】「是啊！！」<01>,[],layout_only,d76cb53381cce0f448375aa3d168ace6cd57092b68606a45c3271c84999bf016,e8c4dd606d2bea6b268f20aa5c585399d3d52416a75ee5192448189329e5cef8
pm:vm:photonmelodies11.rio.004:1139636328:00210792:01113,cvm,【月咏】「武先生、彩峰小姐，恭喜二位！」<01>,[],layout_only,e6ab0f12f4176154c876bddf257a0f31772826fc18041df9d547a1f355de9ada,e9ae68bedbc65d0178f1edd11bdeb1ca1919fc0a58948941889a9381edb9505e
pm:vm:photonmelodies11.rio.004:1139636328:00210836:01114,cvm,【武】「这是我第一次和你两个人搭档做事…………<0A>不过你果然很厉害啊」<01>,[],layout_only,c6c4c9c5009e38be71a95f08fee85add522341ba6db0e40236d57c7cbd2e0334,119d7a274007af887cc9345acfabfe1334fdbbdbf3692fc8ad9260a62ede560a
pm:vm:photonmelodies11.rio.004:1139636328:00211068:01115,cvm,【慧】「嘛，毕竟我是肯做就能做到的孩子」<01>,[],layout_only,1bb7ce6db09c56b105ab3f66defba0173045c5270e75e799b50eddbe34f992bd,5c63cc9123819807d96849e1df477cbfe0c99381834e9448720405aa60628280
pm:vm:photonmelodies11.rio.004:1139636328:00211280:01116,cvm,【武】「话说回来，A队怎么样了？」<01>,[],layout_only,36bdcaf8babf63af49e08ac83c2dec89112b888fc2d24ef4440d255bc3c9398e,b443b1ae5fd2a569ca1b253fdbcd7c512dc7daef40040f5562c1301505deaa36
pm:vm:photonmelodies11.rio.004:1139636328:00211512:01117,cvm,【月咏】「这…………」<01>,[],layout_only,2f2dcef61bf040f4b32569d73038a7f7741e24a778500a2f0fc1c26c0b7a05cf,a079d5195e74ee97495c8ba581dced24e179a9025cf769cbc10c13204800d6c7
pm:vm:photonmelodies11.rio.004:1139636328:00211744:01118,cvm,【夕呼】「输了，输了！」<01>,[],layout_only,eaf02b5b5e6b6b4388423e42f461700cd38496a68d6f24cd9a3b4ca20b9e2775,844e2bfa00800d018b2717dd3b8d607954d6ae3dd7a9110fa727b552d46d1925
pm:vm:photonmelodies11.rio.004:1139636328:00211788:01119,cvm,【武】「真的假的！？」<01>,[],layout_only,2e9aebd171e750c089ba08be57a05426a990dd595100202be50d28bc50ad66d4,64ae7ec5169c77ee06ef11f42cbe7d18c1b29f4ce3064edbc933115db101daf7
pm:vm:photonmelodies11.rio.004:1139636328:00211832:01120,cvm,本来打算下一场由同伴之间对战，这样就能少打一场的！<01>,[],layout_only,99e9065fce380fbdad24b2febcc5cd4a099bf194ab2262be1fa7aa7dedc514b5,9002e54153263a5f46e6542f891b016ee765faa050ad9fee9f1f84fcf7c8ff40
pm:vm:photonmelodies11.rio.004:1139636328:00211876:01121,cvm,【慧】「……………………」<01>,[],layout_only,06bd3f7883ae880e1d2e23be206ad1ba874b905e38ce2b8f596153a282542865,e988c43f59a998e81ed9678a9edebfd9d31a258124764e3d6e90dfc3b2f409c4
pm:vm:photonmelodies11.rio.004:1139636328:00212096:01122,cvm,【武】「不、不对！确实下一场成了输不起的一战…………<0A>不过只要赢就行，赢了就行！！」<01>,[],layout_only,9d4d342c10fb7c185190a1537c8c8c132423d461e6b98d7e7f583bab7385cb52,c29f7223bb9a596b6eb4246200bc258568486830f70a2a54674e1b4d7e760a43
pm:vm:photonmelodies11.rio.004:1139636328:00212152:01123,cvm,【夕呼】「…………你们办得到吗？」<01>,[],layout_only,b4b1bb8fd925975901cd495528263ca12943f2b4236e21be7728b07964f837a0,df978b26782971acaf2c430ff33809a7296335948081b3536d794320aff5f509
pm:vm:photonmelodies11.rio.004:1139636328:00212508:01124,cvm,【武】「我一定会做到的！对吧？」<01>,[],layout_only,eac8129de014721a11fce7d8d46943572cd7960c3d80c4a149987c7f0e7a4242,ae4760a7cfc564671ef8b15bf69b14e5aa5c405bbe1312d6986427cfc54ee455
pm:vm:photonmelodies11.rio.004:1139636328:00212564:01125,cvm,【慧】「难得你把话递给我，很抱歉，不过有个坏消息」<01>,[],layout_only,f9b37ea1ff531453213953ccd1d6eee70db05f422253310d5562f0cab8ee10d6,d516d89ffdb0291531e338e7fe876f7c377bf0af0515b7723ab8884dc26e1dd6
pm:vm:photonmelodies11.rio.004:1139636328:00212608:01126,cvm,【武】「咦？…………啊！到讲习的时间了！」<01>,[],layout_only,c0a67ad4ddcb5a6663b8f04988683df6eb8dd144f82bf1ba9a0233988ad08297,b0b4cf82c605438f286c38f72b916f0657da20ef14c77e4e5a76ac692152d5be
pm:vm:photonmelodies11.rio.004:1139636328:00212840:01127,cvm,【慧】「嗯…………我得走了」<01>,[],layout_only,5b374a2ab266dfaa2169eff00be667a6b40abe7083e1796c64b7288d03730bd0,d3be0b22e3de118a11fbcccde4369a61ce0f084f2b236c2dfd1577c3eea03921
pm:vm:photonmelodies11.rio.004:1139636328:00212884:01128,cvm,【武】「唔——，宝贵的战力要走了…………」<01>,[],layout_only,453853f4353d03e074fa1e9e8c7669e1d290178369856774741a733050a47501,397129eee05fb06de01c35d771c3c3927fbad34c738361f910fc0f89c5449c23
pm:vm:photonmelodies11.rio.004:1139636328:00212940:01129,cvm,【慧】「离半决赛开始还有一点时间。柏木会回来的」<01>,[],layout_only,6dbc542c6320fc5ff41e754a7d35681f4ca47c07e9f517b47c6af26d9e62a80a,ba4eeb09a17653876e8d44e62cf80fa134537cfd98725f8bec6a8f5150bb1983
pm:vm:photonmelodies11.rio.004:1139636328:00212984:01130,cvm,【武】「嗯，也是」<01>,[],layout_only,56c04b45ec58a57b07b6f2977d34cebfcd14ae39991633527430de62aedd6ea3,2eaffa4c30c1fb83752fd27b5e5f4fbc0df53fe7928dc000f2646a3d86dca52a
pm:vm:photonmelodies11.rio.004:1139636328:00213340:01131,cvm,【夕呼】「少了彩峰，真的没问题吧～～？」<01>,[],layout_only,8202c99a7bc9f63cfba6674abe41e6c04f8e0afa8d1eecdf66940c76a1554b74,f8f851a28c6c39a0a731612ad8641ad7268ddb1f20d30777b2bb934411fb9d21
pm:vm:photonmelodies11.rio.004:1139636328:00213520:01132,cvm,【武】「没问题！彩峰确实很厉害，<0A>但这支队伍又不是只有彩峰。<0A>我们的阵容厚度可是很足的哦～～？」<01>,[],layout_only,de1f26c8a41f00ef0333423462c6c300d2df973d950414ed359b4ec43cdef22b,19a04761ab1ddc9e977ab31d5ea7f57cebb87ddfc2bfeeb94ad06e43fbd3314e
pm:vm:photonmelodies11.rio.004:1139636328:00213752:01133,cvm,【夕呼】「不过你肯定就是里面最单薄的那个，对吧」<01>,[],layout_only,5ee041b557bebba304904a5744bbb529b0d186384375e07bb5a454654548c0dc,82f11c1b16009472b6977fbef9e55664decdb5a4c99b76706bb02913637aa2b9
pm:vm:photonmelodies11.rio.004:1139636328:00213964:01134,cvm,【武】「不，是纯夏！！」<01>,[],layout_only,4666d4b2ef2a9abf1682d2cc8deaeef1ce6dfc18c18dfa9b935ae92f899ec39c,a0e997addad0019c70517b645089b4207594c34ca3dc5aa0dd4a4d74f26eca60
pm:vm:photonmelodies11.rio.004:1139636328:00214068:01135,cvm,【武】「噗呃！！呸呸呸…………什、什么啊！？」<01>,[],layout_only,2369ca362b6d0911acabe83c9db648c302f258d27aad5bbf65d9bc4474ac7499,17dd3e1ba3491c129509d119c1342045d0816214e81f5ef7e4fa85ec65d3d253
pm:vm:photonmelodies11.rio.004:1139636328:00214724:01136,cvm,【纯夏】「我听见了————！！」<01>,[],layout_only,b2e9f3e441886fcd8d932729c1fd49a3cb70b3aa14587ea5391bbc320c3d37e1,3b1543126a2f3118a91a3f3704c393988b66e198adb91dd3e32ce3c0c1ec1e2a
pm:vm:photonmelodies11.rio.004:1139636328:00214800:01137,cvm,【武】「呃…………我、我相信不是这样的」<01>,[],layout_only,57701e4d8050a75dafd2f3354eb680133ecb632f3f15f0ffb37021f21a73f703,fa3ab6946d8d67e1a018fe26296df07e09b38ced5cd015bea930c49987e9a976
pm:vm:photonmelodies11.rio.004:1139636328:00215032:01138,cvm,【夕呼】「光靠相信，事实可不会改变哦～～」<01>,[],layout_only,d19f2652bb631fdb0fca46c45a09a07f60d7332fd4f31663ce9ff534b82a2185,396075538bc42a4e182068df7a8409480343a11c150387b6c6040ba2d3492063
pm:vm:photonmelodies11.rio.004:1139636328:00215076:01139,cvm,……………………。<01>,[],layout_only,efa30788584cfea7ade60ccc37d7fc6cda943e64935eb133252c341159e58e05,0b3d7aae4004dc9b91522cf9245f879b48b6a3b3d3c28ecbba043ba8207a6df9
pm:vm:photonmelodies11.rio.004:1139636328:00215708:01140,cvm,【慧】「那我走了，你们接下来加油」<01>,[],layout_only,6733e0abbc2578152d896869ae12c220351b94c247f566e942fe6e2104cbc12e,da6f559e2eaa2adf78f53279e3394218b739dfbe3887c324dfd20b2f3655db20
pm:vm:photonmelodies11.rio.004:1139636328:00215752:01141,cvm,【武】「啊，嗯…………你也加油啊」<01>,[],layout_only,041b4d2e03434041c2e614c853347c994d323df4d5d48963a2477b6ecfccf686,d366c68b1963a86994f2cf79000dceebc0eae61754987936a9cd728ff41f3687
pm:vm:photonmelodies11.rio.004:1139636328:00216480:01142,cvm,【月咏】「武先生，既然如此，<0A>我认为最好尽快研究半决赛的战术」<01>,[],layout_only,de4c05a6088d626e639e8a2c1bc8de164d0f73748f7df4e7951844a8fdef4c56,68712503963e79823b9a2db668ca733d19e6821f6ef88a4fa1019746b699895a
pm:vm:photonmelodies11.rio.004:1139636328:00216524:01143,cvm,【武】「说得也是…………呃，<0A>下一场的对手是…………」<01>,[],layout_only,226911f03b85c385ecda4f1ede511d059d1f47e6a514dacaa5dffb42800d82c2,e3483a1aae1f217d78a98d3aac6be340c5e45ad859f2cb68700d28cf76f7c594
pm:vm:photonmelodies11.rio.004:1139636328:00216756:01144,cvm,【夕呼】「那边有人正看着我们哦？」<01>,[],layout_only,82e829167861d1fbe79ee27df437cc0e6a2552a8cf2522dd6206ceefd1c47a21,6a68ccaf3e5d6175bb57c2b07b736d80cd341ec7d75cc7177ba613b425e647f8
pm:vm:photonmelodies11.rio.004:1139636328:00216936:01145,cvm,【武】「咦…………？」<01>,[],layout_only,6f89339b2480107cbb5839c19f9f2232f49962fc19025bf7e2be3b170f1b1d68,cff1150ccd1e336776d839ebdd3abb90457d7f0dec81697b4a75a41c241c3081
pm:vm:photonmelodies11.rio.004:1139636328:00217424:01146,cvm,…………原来如此，看起来很难对付。<01>,[],layout_only,9afa40c70e729195670ff25bb2f0daad4a6c24f8db6b471e8a4ba71d29ecedf6,c591a057df50b72b3766c0fc98fdb78bb93a6c5db0e93983b1e9091f118499c4
pm:vm:photonmelodies11.rio.004:1139636328:00218072:01159,cvm,【纯夏】「小武，我们赢啦！！」<01>,[],layout_only,9f2f4fe368670e6bb750a983585d37962cdac775bc94349039e05c5efae7cf40,36203833133194d63b4bf2f9eeafc5791969f813fdc6b402cc985c2d7b657889
pm:vm:photonmelodies11.rio.004:1139636328:00218116:01160,cvm,【武】「是啊！！」<01>,[],layout_only,1de1b0cf06e10ec141e29cfc08a0b4ac493c72dbc8daea7138e9555e37fbc9ab,c2113dfc30771480e608df9ed38e95c4c26c625b58a1dfd68988e7c908466709
pm:vm:photonmelodies11.rio.004:1139636328:00218748:01161,cvm,【月咏】「武先生、鉴小姐，恭喜二位！」<01>,[],layout_only,c37aabf97d6768a5d244ed165f51b6a5e2a32edd132ec0fdedc9778b4f79da89,854319170a9061a72f06a7a95a51578080ffe636c11631bebf3e2ccddf02ae49
pm:vm:photonmelodies11.rio.004:1139636328:00218792:01162,cvm,【武】「嘛，就是这么轻松！<0A>不过，基本全靠我就是了！」<01>,[],layout_only,4037817c581e38c163dd57c001c8414444c7aa6d375fa35d94f4d83dbcc24138,f2a4ac4e5de4d316685504699b27640f4b53b9b130a13279c845ae6dea7868ff
pm:vm:photonmelodies11.rio.004:1139636328:00219024:01163,cvm,【纯夏】「你说什么呢～～！！」<01>,[],layout_only,a663f09188cff0e9d09737afb97d285509caa1c1b34f0a96590943a1f8be3499,60e7626657cfaf645da1edc024d542db28507c60fab33e60dfab2a80b9f63f3d
pm:vm:photonmelodies11.rio.004:1139636328:00219204:01164,cvm,【武】「先不说这个，A队怎么样了？」<01>,[],layout_only,09e453e45fe59c847194ef603f9146a436f4cf1704d308adae0c90443c192ad4,6873021131bc23bf9a464209d86e0e04c162cfecf13edc67bb9d31c3c0af4e2f
pm:vm:photonmelodies11.rio.004:1139636328:00219568:01165,cvm,【月咏】「这…………」<01>,[],layout_only,2f2dcef61bf040f4b32569d73038a7f7741e24a778500a2f0fc1c26c0b7a05cf,a079d5195e74ee97495c8ba581dced24e179a9025cf769cbc10c13204800d6c7
pm:vm:photonmelodies11.rio.004:1139636328:00219800:01166,cvm,【夕呼】「输了，输了！」<01>,[],layout_only,eaf02b5b5e6b6b4388423e42f461700cd38496a68d6f24cd9a3b4ca20b9e2775,844e2bfa00800d018b2717dd3b8d607954d6ae3dd7a9110fa727b552d46d1925
pm:vm:photonmelodies11.rio.004:1139636328:00220156:01167,cvm,【武】「真的假的！？」<01>,[],layout_only,2e9aebd171e750c089ba08be57a05426a990dd595100202be50d28bc50ad66d4,64ae7ec5169c77ee06ef11f42cbe7d18c1b29f4ce3064edbc933115db101daf7
pm:vm:photonmelodies11.rio.004:1139636328:00220520:01168,cvm,【纯夏】「这样啊，真遗憾…………<0A>我还以为能和他们对战呢」<01>,[],layout_only,874b37a3617bec0ac7a0c7602db2d17793322cbf77fe25a98c60198b3c35c0c2,1bc82451d21166e1ab375fba53b382060f6764c4d06791fd70c376ff44980d6b
pm:vm:photonmelodies11.rio.004:1139636328:00220700:01169,cvm,【武】「嘛，不过只是要多赢一场而已。<0A>反正接下来B队会一路全胜，场数根本无所谓！」<01>,[],layout_only,c3cb5970e15aa8e2be983edc10ac6f30420bd3c81a7c8cc71ced1d261c09d146,d5e8513db0c7efe047501140ce3973f567584f8df2d426d4712c90916c08bd0e
pm:vm:photonmelodies11.rio.004:1139636328:00220756:01170,cvm,【夕呼】「…………你们办得到吗？」<01>,[],layout_only,b4b1bb8fd925975901cd495528263ca12943f2b4236e21be7728b07964f837a0,df978b26782971acaf2c430ff33809a7296335948081b3536d794320aff5f509
pm:vm:photonmelodies11.rio.004:1139636328:00220936:01171,cvm,【武】「我一定会做到的！」<01>,[],layout_only,10d3a69c045348e863a3122eeda5b35d86c128f75418214f85a62279a3c24dd5,ae4760a7cfc564671ef8b15bf69b14e5aa5c405bbe1312d6986427cfc54ee455
pm:vm:photonmelodies11.rio.004:1139636328:00221168:01172,cvm,【纯夏】「是啊，小武！呜～～开始热血沸腾了！！」<01>,[],layout_only,b96d4827de7adf78331d477d598c9b7f92d7a901a5a3f8d52e24a7f497324b16,092670bbd29fe784738595f6ea0f119290c0c7f6fc62e3d724b5ceeabdb1b1a2
pm:vm:photonmelodies11.rio.004:1139636328:00221656:01173,cvm,【武】「好！来，那就马上研究半决赛的战术吧！！」<01>,[],layout_only,14afc285833fe6936c66cd7f5427c6417d692da9fb39f7220019a350f53057bf,82e94d9e1744615b1c4373b6267cd4ba59512c142d6e9d2e23b9c8223596fa6d
pm:vm:photonmelodies11.rio.004:1139636328:00222360:01174,cvm,【纯夏】「下一支队伍会是什么样呢…………」<01>,[],layout_only,9ef3a5cad05a7b6959baa7b5a990d3eda3dbeb12d5a4f50940bfab19897e9e59,1c2c74249f9c517d73ab2d4308b5be413d0dd8a504cc920fe85e73d4ffcbe80d
pm:vm:photonmelodies11.rio.004:1139636328:00222592:01175,cvm,【夕呼】「那边有人正看着我们哦？」<01>,[],layout_only,82e829167861d1fbe79ee27df437cc0e6a2552a8cf2522dd6206ceefd1c47a21,6a68ccaf3e5d6175bb57c2b07b736d80cd341ec7d75cc7177ba613b425e647f8
pm:vm:photonmelodies11.rio.004:1139636328:00222772:01176,cvm,【武】「咦…………？」<01>,[],layout_only,6f89339b2480107cbb5839c19f9f2232f49962fc19025bf7e2be3b170f1b1d68,cff1150ccd1e336776d839ebdd3abb90457d7f0dec81697b4a75a41c241c3081
pm:vm:photonmelodies11.rio.004:1139636328:00223260:01177,cvm,…………原来如此，看起来很难对付。<01>,[],layout_only,9afa40c70e729195670ff25bb2f0daad4a6c24f8db6b471e8a4ba71d29ecedf6,c591a057df50b72b3766c0fc98fdb78bb93a6c5db0e93983b1e9091f118499c4
pm:vm:photonmelodies11.rio.004:1139636328:00223908:01190,cvm,【霞】「赢了…………」<01>,[],layout_only,feb6b0dddde3009b6f2160f2b8b87d9647876cc0b249f3f59f3028aaa9455114,11594a748a6645292a3c6a0b091608393e513f06bf71cfc5f262debac8e79c7d
pm:vm:photonmelodies11.rio.004:1139636328:00223952:01191,cvm,【武】「嗯！霞，干得漂亮～～！！真棒！」<01>,[],layout_only,53ff322a9db6506318c55f67d3bf248ef50eefdcf88b54b7f98831ba403171e9,f381c6d89b1a099f7b6cd14b1a88697271f32310f562bd0d9a95a56231921fc2
pm:vm:photonmelodies11.rio.004:1139636328:00224008:01192,cvm,【霞】「……………………」<01>,[],layout_only,ae1d9107f8f518af6cc974f9f2dd86cd5f6b05e10cdcd693676de81bca4abda6,09a1c5c4f3135e6f4548ece4982e45e31d0297b9ec63875c4a72c35e2f926c70
pm:vm:photonmelodies11.rio.004:1139636328:00224632:01193,cvm,【月咏】「武先生，恭喜您！」<01>,[],layout_only,1d96b433f6381d65f86ee6235c29f5a347b2267c0347555a2718d5a62a97a8cd,6cd4a7016780915413d6560c8bf30ba0454104144f57a09d5008bae9a6ba48d2
pm:vm:photonmelodies11.rio.004:1139636328:00224676:01194,cvm,【武】「嘛，就是这么轻松！」<01>,[],layout_only,9a752263e636aa8c766d5b95afa2828833712a7288ec733b6555238b86fc4ac2,3c2c72a1c66e48242af15e76da64982d0111add4cab4301c78b05fc0a0e1f7cc
pm:vm:photonmelodies11.rio.004:1139636328:00224732:01195,cvm,【月咏】「社小姐也表现得十分出色，恭喜您」<01>,[],layout_only,bedcdd39f3a3ec98c2a6b6d3afb4bfb1d437f5076bbbf184569febfda63b6fa2,2abcbcca7913d02a3d314215922bc3cc33f1cfcd46f005974492e273b7cd23c3
pm:vm:photonmelodies11.rio.004:1139636328:00224964:01196,cvm,【霞】「没、没有那回事…………」<01>,[],layout_only,63ed319198515d10daa420f59aee13450a3702648a5449757e683afff40b5fb9,31def6468cb903a19ecf5936c24fd262b12d6ef98fb1b6d1eb64b13d9e825017
pm:vm:photonmelodies11.rio.004:1139636328:00225144:01197,cvm,【武】「不不，你的表现十分亮眼！<0A>本大人特此嘉奖！」<01>,[],layout_only,c01b4342b1bd55d30c661a46d93edf53dff8d9b1a51a9c13c21f52b2008e26ee,d1936617512dbf91b627c329992c49c6afa28944411c8e278cdc8790bd5db274
pm:vm:photonmelodies11.rio.004:1139636328:00225376:01198,cvm,【霞】「谢、谢谢您…………」<01>,[],layout_only,1b4477a14fafd699f7a0a11f4075ab88ea30bb0d39ce0a53ef3bb4d95b7147d8,aefd9a200d04faddf25d14d53edcd6c77cf9df4389ae69c9fd659dcc656f52ed
pm:vm:photonmelodies11.rio.004:1139636328:00225856:01199,cvm,【武】「那么，A队怎么样了？」<01>,[],layout_only,8c9dceb0f9f587316968e65e64598710e8b2a193ef806cf9bc2285ca449a7127,0b30e1484e21a8c9c948c479964da3b0293f42bda80adb90bdbe498c79613a76
pm:vm:photonmelodies11.rio.004:1139636328:00226088:01200,cvm,【月咏】「这…………」<01>,[],layout_only,2f2dcef61bf040f4b32569d73038a7f7741e24a778500a2f0fc1c26c0b7a05cf,a079d5195e74ee97495c8ba581dced24e179a9025cf769cbc10c13204800d6c7
pm:vm:photonmelodies11.rio.004:1139636328:00226144:01201,cvm,【夕呼】「输了，输了！」<01>,[],layout_only,eaf02b5b5e6b6b4388423e42f461700cd38496a68d6f24cd9a3b4ca20b9e2775,844e2bfa00800d018b2717dd3b8d607954d6ae3dd7a9110fa727b552d46d1925
pm:vm:photonmelodies11.rio.004:1139636328:00226188:01202,cvm,【武】「真的假的！？」<01>,[],layout_only,2e9aebd171e750c089ba08be57a05426a990dd595100202be50d28bc50ad66d4,64ae7ec5169c77ee06ef11f42cbe7d18c1b29f4ce3064edbc933115db101daf7
pm:vm:photonmelodies11.rio.004:1139636328:00226420:01203,cvm,【夕呼】「自己人交手，本来可是个相当划算的局面呢～～」<01>,[],layout_only,9192a45676103a1b43316ca7b9fd56844f5d30899458225336285d86cc55f4f0,1a3fe5de38568438419b7332f9514b869248807c9057051858bc9096d0030cd1
pm:vm:photonmelodies11.rio.004:1139636328:00226464:01204,cvm,【武】「话、话是这么说，但也只是要多赢一场而已，<0A>反正接下来B队会一路全胜，场数根本无所谓！」<01>,[],layout_only,bdf23f112e109586a8b7b98aaa0052f59b22a38c8f827e456ab7a760b1597943,897e27d6e11dbee9e16c482b1c46f703a4847eef8fac44d32ce5ac6ebf8c4537
pm:vm:photonmelodies11.rio.004:1139636328:00226696:01205,cvm,【夕呼】「…………你们办得到吗？」<01>,[],layout_only,b4b1bb8fd925975901cd495528263ca12943f2b4236e21be7728b07964f837a0,df978b26782971acaf2c430ff33809a7296335948081b3536d794320aff5f509
pm:vm:photonmelodies11.rio.004:1139636328:00226916:01206,cvm,【武】「我一定会做到的！对吧，霞！」<01>,[],layout_only,0b7734f257a354d833e8d6a25cd9c035fc907eaa653790db50fe8c670369d9b5,39642174d167ca6e7bd55e04729094c00a9002781f2eecc1fbdcea802f85a53f
pm:vm:photonmelodies11.rio.004:1139636328:00227284:01207,cvm,【霞】「是、是！」<01>,[],layout_only,97ba35e45b3826f748c2b2e064c27a68c224046e8c08eff7e33cf05cec1ef659,5f160dc3f85630171b4aee5f0aa4e1bb867696f11364dc95a3dde1084b4a6587
pm:vm:photonmelodies11.rio.004:1139636328:00227976:01208,cvm,【武】「好，那就马上来研究半决赛的战术吧！！<0A>下一支是什么样的队伍？」<01>,[],layout_only,de7b8d70fceea1d0305516a76deecdf66f725ea6a451be51528adf9178bd492b,e8965589d60fa0a8812685444bbd695bba23f6750a727ef586062c891ad58317
pm:vm:photonmelodies11.rio.004:1139636328:00228208:01209,cvm,【霞】「那个…………」<01>,[],layout_only,5228ed9066f8dff4f421f6825695b78b2dcab0f375a5d9699a5e06dbff4a7c56,ef1ec2be77d356c05483f65e95a8a63653c6ecf4178d0db055c881d57eee08cd
pm:vm:photonmelodies11.rio.004:1139636328:00228252:01210,cvm,【武】「怎么了？」<01>,[],layout_only,046168ceafda7f97ee7366f0e4c3f4f7897c2ab4777feffca3d15506bd63f7ae,186cd306d6a75f3ef6d6e8ff4a37cea42b7543ab98844e84c38bcd8ec2d99d83
pm:vm:photonmelodies11.rio.004:1139636328:00228308:01211,cvm,【霞】「后面…………」<01>,[],layout_only,164f8cd808cf05cf5560812243bc56428e42fc3be99166ba33294762549cdc02,004f55db38e79f33a31023999a499e40773811f177b131e1004e2a9113a2ef13
pm:vm:photonmelodies11.rio.004:1139636328:00228352:01212,cvm,【武】「咦…………？」<01>,[],layout_only,6f89339b2480107cbb5839c19f9f2232f49962fc19025bf7e2be3b170f1b1d68,cff1150ccd1e336776d839ebdd3abb90457d7f0dec81697b4a75a41c241c3081
pm:vm:photonmelodies11.rio.004:1139636328:00228840:01213,cvm,…………原来如此，看起来很难对付。<01>,[],layout_only,9afa40c70e729195670ff25bb2f0daad4a6c24f8db6b471e8a4ba71d29ecedf6,c591a057df50b72b3766c0fc98fdb78bb93a6c5db0e93983b1e9091f118499c4
pm:vm:photonmelodies11.rio.004:1139636328:00229444:01225,cvm,【遥】「太好了，白银同学！我们赢了～～！！」<01>,[],layout_only,ad37cf67bec0bd9133a389f283313105d44e68148e64d9befe79b075386e9b0b,a34bc22f4257cc0c5f12e023ebf5976833938864a6fbafe228c021123e579494
pm:vm:photonmelodies11.rio.004:1139636328:00229488:01226,cvm,【武】「我们做到了！！」<01>,[],layout_only,4b40189086a18e439d87f68079199acf616bfb9133e39d6d97f0692910e5645d,5635a1167b0476f494cdcb92f4b117808fda44000d2a6ea0410def222ee5363c
pm:vm:photonmelodies11.rio.004:1139636328:00230244:01227,cvm,【茜】「姐姐，赢了呢～～！！」<01>,[],layout_only,ae8adf2069914f029f42241d82996e78261183aea6f840b9351bd625a910d81c,ee19e5c9ae637a3171c05d36ec27709e8f9bada8e798bf178d872d4e040816af
pm:vm:photonmelodies11.rio.004:1139636328:00230300:01228,cvm,【水月】「简直是奇迹…………」<01>,[],layout_only,2de81aa9ef72667f3023a54eb1135bedfe13ac8bf1488b6f140971449e5abd25,6b69dd4806e0d56dda50ed846d8bf3827622ed503a2b814258a1f114fe978e79
pm:vm:photonmelodies11.rio.004:1139636328:00230532:01229,cvm,【遥】「真是的，水月太过分了～～」<01>,[],layout_only,2a026a734664913e0aa4317a35a80c37fe71f5e6e8341bb87f81865fff74cd99,a9d799ffe909edf74350cc47fcca27a61b20ae3cbef8bf665aa7d8f4728b8ed3
pm:vm:photonmelodies11.rio.004:1139636328:00230764:01230,cvm,【茜】「就这一次，我倒真想好好慰劳一下白银同学」<01>,[],layout_only,6ac52d583ecc42f21338c7e77850572900d88d418f2fbf0e019d7853607b2672,24bb7baaa03560948398f5debb1d754744ddb7f199e1d88ed84c50066f89eb1a
pm:vm:photonmelodies11.rio.004:1139636328:00230808:01231,cvm,【武】「是、是吗？」<01>,[],layout_only,aec2399ab488bf298c116e4641d2b30e2992f368a4378f656ce3883d89cfbfd1,8cf5dff94c32bf7a7d46cfed0ec622d550720f198db6029e883be63c418be56e
pm:vm:photonmelodies11.rio.004:1139636328:00230864:01232,cvm,【水月】「这跟你几乎一个人在打没区别吧？」<01>,[],layout_only,f440290bb9d1eb54480dfcad5a12ad93fcf48dadd1c910f46f4352097083bc57,290310c393b56845cbb97e9897140e799a7ff3f6d9219637155fe57919a07b30
pm:vm:photonmelodies11.rio.004:1139636328:00231220:01233,cvm,【遥】「咦～～！！我觉得才不是呢～～！<0A>我、也很努力啊！！」<01>,[],layout_only,adaf43f03f7a61f9331f8452451c790d1b6079a0a810c04aaeed68d0b75873af,bc4b0e8bef5e49be4be12f8f3f67ac44e53f5811147e58a0f9fa447e6384f789
pm:vm:photonmelodies11.rio.004:1139636328:00231452:01234,cvm,【水月】「哈哈，骗你的骗你的！<0A>遥，我觉得你真的表现得很好」<01>,[],layout_only,d0945618a8a6adee5ecea8f542f77bb3f57a99618962da760ff13b7d841c6a97,de154a9591453e85c8a4a9645b5cc5bb6e950600fbdda9b2cf8d0497fd59af5d
pm:vm:photonmelodies11.rio.004:1139636328:00231908:01235,cvm,【夕呼】「不过啊～，凉宫努力是不错，<0A>可你为什么要跟这姑娘搭档？」<01>,[],layout_only,358177a4eeed1c2d95ecf177d4e2a332b965c0f467103be8ec9a5234d73018b8,825944eed4c5aa9e4ecf2f336ccadeab6997f4811373cbd24692c48f29188a6e
pm:vm:photonmelodies11.rio.004:1139636328:00231952:01236,cvm,【武】「咦？」<01>,[],layout_only,77e63d069d95aabd948bf49f0d1875e61a92335dbc417006761d81674ec8c185,b55249e3c0ee06935938d08a2f8a65d886e446dd4c309f96d3566d3e47b2f343
pm:vm:photonmelodies11.rio.004:1139636328:00232408:01237,cvm,【茜】「确实。要是以冠军为目标，<0A>和姐姐搭档就是自杀行为哦？」<01>,[],layout_only,29327e977cd3f696dfbecec8ea25a8e1fa1ce6cfdd8ba90802083d24fb60ddd5,f021d7f7e9c8575c9b84ec9ccd9753de6b634f9ecf74a3a1fa4d68c61e568f0d
pm:vm:photonmelodies11.rio.004:1139636328:00232640:01238,cvm,【遥】「呜呜呜…………这也说得太过分了～～」<01>,[],layout_only,19c96ff560ea02f9a39416a782c858759380d1ea0b84adae17ebdb9d3a5ebb61,40a6f621d246ac540da543b80900e9b6339aad0830861b31a2e6ecd2ac11d4fd
pm:vm:photonmelodies11.rio.004:1139636328:00232820:01239,cvm,【武】「那、那个，你看，我就想人或许真的不可貌相嘛～。<0A>毕竟她可是能管住速濑前辈的人」<01>,[],layout_only,2f57d5a87fce1f6eb1714a815ea16db7cd1a8f4c5193d557f3792a476407b911,872e15f460ce7dd01a512d97400b3904d1fdfa4a93f2feaeba612d9c1c20a890
pm:vm:photonmelodies11.rio.004:1139636328:00233052:01240,cvm,【水月】「哈？你在说什么呢？」<01>,[],layout_only,db761d2d5ce62e4913320d69f6799e35b67f12acc9a8ffe5cd2629e98b2aa594,46995e2939d10115871a59b8274312cb4842566dfffe67671cfa0edf5ac5d7f2
pm:vm:photonmelodies11.rio.004:1139636328:00233408:01241,cvm,【茜】「原来如此…………」<01>,[],layout_only,8522f7fab9a9cdf55fb3f15efeda3a04ffe1ceaa160cc19ebdb63bc32e875254,b214bfc8f9dc337d04ce5052844ba2278fa57c2347a9fcb27b4fb39e7563c490
pm:vm:photonmelodies11.rio.004:1139636328:00233464:01242,cvm,【水月】「咦？你居然还觉得有道理？<0A>太失礼了，你把我当成什么人啊！」<01>,[],layout_only,474c9db0f6b70d64b65f1262133da1fc6557c83aa905fa33241333d916d1d1f0,0cd9fdb602dc4f16055a9ff205d1ac165e73a625ca0d2f5c660a032392fcd2b7
pm:vm:photonmelodies11.rio.004:1139636328:00233508:01243,cvm,【武】「这个嘛，大概就和看起来一样…………」<01>,[],layout_only,229b83b1084d19090a67f4be49421dcda46d46e2b27435d14cf5c02359c0f5a3,e9071ddce32aa758ef93c64eee8d59bb69540dce1da1d9fc22f3921664e34ae2
pm:vm:photonmelodies11.rio.004:1139636328:00234136:01244,cvm,【水月】「你刚才不是还说人不可貌相吗！！」<01>,[],layout_only,019370a58a736cf5258b81a9dbcd216360d0723d981ecbf3b2a687ddff19ac4b,b162ebc0d15e590731c5f7f63cff69c23dc3413d9d1fc5dc42af5c800b6032e8
pm:vm:photonmelodies11.rio.004:1139636328:00234368:01245,cvm,【夕呼】「好啦好啦，到此为止吧？<0A>要是让她把好不容易省下的体力耗在这里，我可受不了」<01>,[],layout_only,e0038ae41affc1ba9570f0cc8b30f3eaab4111aeba6149c6e99d0613a9c16b0c,41dd88eb149f55f80489fd2db8c7fcdd4af9aaa9d367b8fbd5c0338fcd46c2ce
pm:vm:photonmelodies11.rio.004:1139636328:00234412:01246,cvm,【武】「说得也是，总之得先制定下一场的战术…………<0A>毕竟是半决赛，对手应该也很难对付」<01>,[],layout_only,ba821df42ad4a38bb52d1c7b83213cdeb1892ca12a109eecc634ad792b4e54aa,1b1f2fdc99a717eb7189ae5299ea5f0dba29b5df5131f147ff86fb435faf4289
pm:vm:photonmelodies11.rio.004:1139636328:00234644:01247,cvm,【遥】「也是呢…………」<01>,[],layout_only,bec9780bb50fecdb0762bfa6bed1715b111155e7975ee7679e35dd70aa2ab2b0,7b5d1336b526140ac1435f649f3ca19aa1d71cc9129566a3d924a04562deccd3
pm:vm:photonmelodies11.rio.004:1139636328:00234688:01248,cvm,【武】「话说回来，A队的比赛怎么样了？」<01>,[],layout_only,c3f0439f6a4ca403bce0ab1b140ec692756cd4504f18f7d72f1f9c4f6f6f0bf3,247793f7b7a9a9b8ab1577e5723047537809960ea2c3d0e78e9c01f8b2251d33
pm:vm:photonmelodies11.rio.004:1139636328:00235184:01249,cvm,【水月】「…………输了」<01>,[],layout_only,f3c7455d25b049441678f941c83a9e527a7a67632de650f0de27b32570dccf8a,8f8c2ea9c4d014a4ad2cba82f3634532ee9b9a52f3c8a9e590fc086a20d75dc5
pm:vm:photonmelodies11.rio.004:1139636328:00235416:01250,cvm,【遥】「欸？」<01>,[],layout_only,43128df90a075285460d0a472608d62b185d1307a168dadf1fed6bdb5e0588e2,3480920d48a682a4067a4d37a133fba64ee162843cba3b40cc6138b521ed1d35
pm:vm:photonmelodies11.rio.004:1139636328:00235460:01251,cvm,【武】「真的？！」<01>,[],layout_only,448c0e237db88c771e9cb5ebf0328753202d6a29d22ef97edbb583be63f1fd3d,6c099792d070e90e133b767ecf27caad1445b724014ae8cfbd69c731a7cce3fe
pm:vm:photonmelodies11.rio.004:1139636328:00235824:01252,cvm,【水月】「其实输得挺可惜的…………」<01>,[],layout_only,1c0cba7d6bb38d1a3595c964c80eb20d2dcb487401229c863b8140087b6e4f27,363d71c30a94f958ab32243d53990c39e802bacad4c0052d8cb607d207899c9d
pm:vm:photonmelodies11.rio.004:1139636328:00236004:01253,cvm,这样啊……。下一场由同伴之间对战，<0A>借此少打一场的计划泡汤了。<01>,[],layout_only,def48fe96adcc82cc5fcf99ab0e16a6858a811194f675472fdaf46910ceec5fc,36128d3a51fe1f9702ce9c4d3976b0703f19ff49cecedfb12e881a82a6b2966a
pm:vm:photonmelodies11.rio.004:1139636328:00236048:01254,cvm,我并不觉得自己抱了太大期待……<0A>可真变成这样，多出来的这一场还真沉重。<01>,[],layout_only,21aaa4e9461411fd99caa7e972501d036057e3bdc918b2629230e99ae3c6cbb9,905cb0ebf443582b37a0788e12f6b307d11bcd4c9f26405589c9658df7d609f3
pm:vm:photonmelodies11.rio.004:1139636328:00236280:01255,cvm,【水月】「白银，你该不会开始打退堂鼓了吧？」<01>,[],layout_only,e250e71f47c4033693aabf2f7cdde9221ed608618a51167fb8d108ea9a594198,e37874d22a1909006326633232921eef7fc01c85e5f96a3783e46e3daeced2a6
pm:vm:photonmelodies11.rio.004:1139636328:00236460:01256,cvm,【武】「怎、怎么可能！」<01>,[],layout_only,8b2e92d1648f33e49d36f4bbbf7b17afb9cb739983c2c4d334b592ecf66cbd96,14a3b754fcbde7bc7b15ab72e33670c1d666ad8761a8a82d4c3843ae88a88d67
pm:vm:photonmelodies11.rio.004:1139636328:00236824:01257,cvm,【水月】「是吗？那就好。<0A>说到底，下一场也照常赢下来就行了吧？」<01>,[],layout_only,8cfed3c7ff0dfda5d4d16146706ed63c3b09411532b4a5fe83973bea00a2ae3a,eb41bf06dd5399e4af512b66bba88b97ce7c1ea2d5247ee56650d827571f4b36
pm:vm:photonmelodies11.rio.004:1139636328:00236868:01258,cvm,【武】「…………说得也是」<01>,[],layout_only,6d6d4d3cf5852dd47d4ccc79ab2fa0c26a867cb994aa1fba9ed227394c8b70bf,5284097ed18001fa4c64bb001938065e4a5f75051998fcb41c994f6b47b3fa68
pm:vm:photonmelodies11.rio.004:1139636328:00237692:01259,cvm,没错，想夺冠就必须全胜。<0A>我们从一开始就是这么打算的，根本没必要胆怯！<01>,[],layout_only,73631383292f7a28216139d15c623507d24543060e7a6d513c834cecc5ec8689,931a1a10778a965ea42306059634efea1a74049048756407e0c5df364832dd96
pm:vm:photonmelodies11.rio.004:1139636328:00237748:01260,cvm,【茜】「那么～～，下一支对手会是什么样的队伍呢…………」<01>,[],layout_only,51a1dd1208e3ce8b143b5f3a64e0671b6db22cd828e7456286c1417a73d20ccf,b6d98dc3cce4ad7abc5b59956cf94926f07dde07368bc08dc33a1e464a93b849
pm:vm:photonmelodies11.rio.004:1139636328:00237980:01261,cvm,【遥】「我说我说…………会不会就是那些人？<0A>从刚才起就一直看着我们…………」<01>,[],layout_only,0644642a3e35608a0fe585f449511bd62c645784dfb441c42d3b0c1233312277,795db472c8320916786c370b3b13952089c9117e44208c4b967636497397f7fd
pm:vm:photonmelodies11.rio.004:1139636328:00238036:01262,cvm,【水月】「咦？」<01>,[],layout_only,5dfb1bc84d8f18b91e36eea1ab5a0e1d7c3b61a2fb2d1979df27cedda8a705ba,7c6d450e4fd05bcc2d1c5178fc9f409ad7b14125170db2aca23ab3693c2f4f9c
pm:vm:photonmelodies11.rio.004:1139636328:00238536:01263,cvm,【茜】「哇～～，看起来好难对付…………」<01>,[],layout_only,5965006e07e4cc663a6502a9b19de0c6e6b9f84e46ce1ccfa762c15b540aeff5,2404cd2c57da5b85b95927aefd9d46bed528fba09f83ab6af5356641b80cf848
pm:vm:photonmelodies11.rio.004:1139636328:00238592:01264,cvm,【水月】「里面有个块头很大的家伙呢…………」<01>,[],layout_only,b69b1b23afc24ee008161c56f79378084a047b9adeb9cb2a01c162407d86dc02,1b02bddcc855684c88c94bc2f5d4b1d95aeebceff98dbb15bfab2f7798ba9f1e
pm:vm:photonmelodies11.rio.004:1139636328:00239460:01282,cvm,【水月】「好嘞，白银！就是这么轻松！」<01>,[],layout_only,e86c649c283e7e9188135cd63165f537114d2498ab747fbdf16909f86baec61b,4eeaf9c197b7685239953f56d03be54e318a239bdec5bd69a632cb06b3aac992
pm:vm:photonmelodies11.rio.004:1139636328:00239504:01283,cvm,【武】「是！我们做到了！！」<01>,[],layout_only,5a4274704775ab543bdee7e2398bc0cad7c2525e5bc3d5b1ebde029e8e802a82,1d74f80dbdad9b2d19148d96357cb588cb0c0d728c9eec0132530c65c9668bda
pm:vm:photonmelodies11.rio.004:1139636328:00240260:01284,cvm,【茜】「水月前辈，赢了呢！！」<01>,[],layout_only,be9b980ba4ca8215fa583606e727f5159dc3cdca9fb009b92aa6d0abf2dc9298,b267f6d167f4651508d336cf655af03d3fc982c7295ed532c2ae6df6885b34d3
pm:vm:photonmelodies11.rio.004:1139636328:00240492:01285,cvm,【水月】「哼哼哼…………嘛，只要由我出手，<0A>一两场沙滩排球根本不在话下」<01>,[],layout_only,581da2d1f8ced5709c8d08cfaec34852338b872cb615f2a5e5f6c71c5d30f5d6,8fd1c302d3536772f43f8962e18b98d3e38b18d4b9936e2b617dcd65781061f4
pm:vm:photonmelodies11.rio.004:1139636328:00240724:01286,cvm,【遥】「白银同学，你也辛苦了」<01>,[],layout_only,de21af171b0e663a5b0ae5ca7552c80242238b6a7025fbebeb80f94fafa6404e,14f4651c830b4f146cb4b8225c140e61bf0f4eed3cb69ca0228a66e952255436
pm:vm:photonmelodies11.rio.004:1139636328:00240768:01287,cvm,【武】「谢谢您」<01>,[],layout_only,7ee6905e9f6a4587876c64e02c3e3a47c9ea7a11d6a5d20c0d1c429d75a58a12,d4a0ae4bf31a0dc8895c49d270ac8f5bf4172ce05561637a0be2a3ca0d161b2d
pm:vm:photonmelodies11.rio.004:1139636328:00241264:01288,cvm,【水月】「嘛，你的支援还不赖。<0A>看来我的眼光也挺准的」<01>,[],layout_only,9bc56732536a3bb921945f9cc10fa9eb37ddea9f3f5780e8b36ea83d0de2f8aa,51b23ecf72f5b84babc5d628c6a5562860333d6cd5bc6c9cd789052115f81c88
pm:vm:photonmelodies11.rio.004:1139636328:00241496:01289,cvm,【遥】「对哦…………水月一开始<0A>就说想和白银同学搭档参赛」<01>,[],layout_only,35e685f0d28f4ede668dd82a145e8fadf7f55faa4cd3d2aff31166753335d8f9,98a7c22501c9080f695103752bde6472666f6be80c64872a7b92f3f15931b08c
pm:vm:photonmelodies11.rio.004:1139636328:00241728:01290,cvm,【夕呼】「哎呀，是这样吗？那你为什么会在这里？」<01>,[],layout_only,ab8443dace62bbf86bb0ddb1d2963c08ca5f91d138a90cfa84dcb855344cf9de,42e771253b52efa80a594656b57338b56009892330f24d3a4a8864a924f4d434
pm:vm:photonmelodies11.rio.004:1139636328:00242040:01291,cvm,【武】「这个嘛，就是巧妙说服<0A>眼前可能成为障碍的对手，把她拉入我方——」<01>,[],layout_only,9c2c1c689566b48cbb3434f9f7c1df14672bffbf9ef379972722c33617c49798,41356d027b47c0717fd6d07ec0b3d5e5b6ff036e0da21bbcb7e64e52258af190
pm:vm:photonmelodies11.rio.004:1139636328:00242476:01292,cvm,【水月】「你说什么？」<01>,[],layout_only,f6fbc5cf286b129c708f225a2918995d1cf86c12f16ea9a93d566035ebb59a9e,42add3e7e6689e8cd54628a52091104baf83d3b15622e5854e83c6082f62d206
pm:vm:photonmelodies11.rio.004:1139636328:00242680:01293,cvm,【武】「——才不是！我是判断<0A>我们想夺冠果然需要前辈的力量，<0A>于是向您提出了一个很有吸引力的方案——」<01>,[],layout_only,7b9a4c56d3f93ff82d763d83fb55346a324d227a152c97aa507b6face9e82f52,11059c28d6554c5bacbc01553cd4d004667a9b0aee5b0bafb51c84a891426060
pm:vm:photonmelodies11.rio.004:1139636328:00242912:01294,cvm,【夕呼】「你这套长篇大论太无聊了，到此为止吧。<0A>先别管这个，下一场，下一场！」<01>,[],layout_only,04c534b492baf359f84ebdc53744c7ee60c109020ade27d8291e972d134c039d,2deee086b23c10e2c6f96b56701d30b68d200d0c3de2afd78853f1c0a40c95af
pm:vm:photonmelodies11.rio.004:1139636328:00243492:01295,cvm,【水月】「说得也是…………到了半决赛，<0A>对手应该会比现在更难对付」<01>,[],layout_only,98a4852b11f930ccc3051cf87f02ab7367fa3b6b3b588fc583d31a2b67c33ea5,c9e2ee4eab964a716d45be751235baa5af9d2fa67eeaae074c58861385245602
pm:vm:photonmelodies11.rio.004:1139636328:00243724:01296,cvm,【遥】「得好好思考，再制定战术才行呢」<01>,[],layout_only,e26deafdadc183369f5b4c96f462f106af50dfdadf9c99ce6cc9ea5496324aa4,2715c754f1583354016ddcc7f57663e3a263a40c8c9a2338ba0920b32565b3fb
pm:vm:photonmelodies11.rio.004:1139636328:00243780:01297,cvm,【夕呼】「拜托你们了哦？A队已经输了，<0A>我们可没有退路了」<01>,[],layout_only,06372cfc63240bd46654ee2c8e4547a56635847321cb0d2a229b01b507791ed1,1b6a80ae09b668738aba13d22f89762f1f3837497ae8609d64eec9e685ab0f8a
pm:vm:photonmelodies11.rio.004:1139636328:00244012:01298,cvm,【水月】「咦！？他们输了吗？」<01>,[],layout_only,5463ebd5c20d861eed93cc371a6dcf4ab7ab4f2e572f6e024897f82904eb4a43,8d0e94aee585208637d2079a02e991f8d90b5e26255d4cd8ef6f9547d815e972
pm:vm:photonmelodies11.rio.004:1139636328:00244244:01299,cvm,【遥】「其实只差一点就能赢了…………」<01>,[],layout_only,4408fe3406cbae304b92d418508a003981581eac41ebf2f1d25a82b65141b78c,667141dbb4ed7dfa29fc621e1292a5dce433742752776ca0fa81ab98eeef9e37
pm:vm:photonmelodies11.rio.004:1139636328:00244288:01300,cvm,【武】「不会吧……………………」<01>,[],layout_only,085f6dfb572cb2640a29e76aa30e0830b864361c78523de15dca7d905477b96f,5f4ec71e7263dcbe77fa60c566de5018e001f0a2dbd834815ec59289101df384
pm:vm:photonmelodies11.rio.004:1139636328:00244652:01301,cvm,【水月】「嘛，这也没办法，在意也无济于事」<01>,[],layout_only,1b1b2aba7907c867ad97693207a858aab29a7abe5814a634c985948a67be17bd,a7d0d23f7fd326bbfc168901b94180296733cc8b818f257809a2cf468aa7505f
pm:vm:photonmelodies11.rio.004:1139636328:00244696:01302,cvm,【武】「话是…………这么说」<01>,[],layout_only,7925fe330e55c0f309df681316aa06eb9cc74d3bc70607aecdccace83e6e5783,9420ce7ce2dbb652db84d03003b5ac3cc59c1fa1a1f4bdd0fddbe6bc850b4efe
pm:vm:photonmelodies11.rio.004:1139636328:00244876:01303,cvm,这样啊…………。下一场由同伴之间对战，<0A>借此少打一场的计划泡汤了。<01>,[],layout_only,def48fe96adcc82cc5fcf99ab0e16a6858a811194f675472fdaf46910ceec5fc,7670994ec2bbccaff8505c036c0f4e53666a17327a7140052844e152bd14446a
pm:vm:photonmelodies11.rio.004:1139636328:00244920:01304,cvm,我并不觉得自己抱了太大期待…………<0A>可真变成这样，多出来的这一场还真沉重。<01>,[],layout_only,21aaa4e9461411fd99caa7e972501d036057e3bdc918b2629230e99ae3c6cbb9,53d162748b9e88bf85e4b2741763a5a91684b7427cfbc60f5232bcd9b1a9800e
pm:vm:photonmelodies11.rio.004:1139636328:00245284:01305,cvm,【水月】「白银，你该不会开始打退堂鼓了吧？」<01>,[],layout_only,e250e71f47c4033693aabf2f7cdde9221ed608618a51167fb8d108ea9a594198,e37874d22a1909006326633232921eef7fc01c85e5f96a3783e46e3daeced2a6
pm:vm:photonmelodies11.rio.004:1139636328:00245464:01306,cvm,【武】「怎、怎么可能！」<01>,[],layout_only,8b2e92d1648f33e49d36f4bbbf7b17afb9cb739983c2c4d334b592ecf66cbd96,14a3b754fcbde7bc7b15ab72e33670c1d666ad8761a8a82d4c3843ae88a88d67
pm:vm:photonmelodies11.rio.004:1139636328:00245828:01307,cvm,【水月】「是吗？那就好。<0A>说到底，下一场也照常赢下来就行了吧？」<01>,[],layout_only,8cfed3c7ff0dfda5d4d16146706ed63c3b09411532b4a5fe83973bea00a2ae3a,eb41bf06dd5399e4af512b66bba88b97ce7c1ea2d5247ee56650d827571f4b36
pm:vm:photonmelodies11.rio.004:1139636328:00245872:01308,cvm,【武】「…………说得也是」<01>,[],layout_only,6d6d4d3cf5852dd47d4ccc79ab2fa0c26a867cb994aa1fba9ed227394c8b70bf,5284097ed18001fa4c64bb001938065e4a5f75051998fcb41c994f6b47b3fa68
pm:vm:photonmelodies11.rio.004:1139636328:00246696:01309,cvm,没错，想夺冠就必须全胜。<0A>我们从一开始就是这么打算的，根本没必要胆怯！<01>,[],layout_only,73631383292f7a28216139d15c623507d24543060e7a6d513c834cecc5ec8689,931a1a10778a965ea42306059634efea1a74049048756407e0c5df364832dd96
pm:vm:photonmelodies11.rio.004:1139636328:00246740:01310,cvm,【武】「转换一下心情…………那么？<0A>我们下一场的对手是…………」<01>,[],layout_only,5df6dee582a92bcc421fc814b429474cf707a5cac914385e17a93fe678a22eb0,b6d98dc3cce4ad7abc5b59956cf94926f07dde07368bc08dc33a1e464a93b849
pm:vm:photonmelodies11.rio.004:1139636328:00246972:01311,cvm,【水月】「就是那边的人吧？从刚才起就一直看着我们」<01>,[],layout_only,f5a22c86e128374cbc0dcf70296da7a33383eec925a93735c9bb5bcd72d3648e,795db472c8320916786c370b3b13952089c9117e44208c4b967636497397f7fd
pm:vm:photonmelodies11.rio.004:1139636328:00247204:01312,cvm,【茜】「咦？」<01>,[],layout_only,a82d6beafc0df687667df4d46e22f5e27cd6df60f721a073e086b3982481cfed,7c6d450e4fd05bcc2d1c5178fc9f409ad7b14125170db2aca23ab3693c2f4f9c
pm:vm:photonmelodies11.rio.004:1139636328:00247704:01313,cvm,【遥】「哇～～，看起来好强呢～」<01>,[],layout_only,8ef38d806a7535169954932f827e0e5ed7b30fcc28d8d85edbe2534532b72087,2404cd2c57da5b85b95927aefd9d46bed528fba09f83ab6af5356641b80cf848
pm:vm:photonmelodies11.rio.004:1139636328:00247760:01314,cvm,【水月】「这次又有个块头很大的家伙呢…………」<01>,[],layout_only,1f3145709c414e4bb0da694aead8d1ef1503edbae7c807df2252f077f98b2d1d,d21d21b5bcf5d5e677c60c31a3f5da902bd46ad4e9efa840b1338815b75164ea
pm:vm:photonmelodies11.rio.004:1139636328:00248628:01332,cvm,【筑地】「太好了，我们赢了～～！！」<01>,[],layout_only,10e1707bbd0b8ed951fba9791dfc6894e128e7fc3c7d39f0054f81a5a855c86d,479e7a4de7e134639cba9950306b69b9777dd9780733fcf56b270bdcc94e24c9
pm:vm:photonmelodies11.rio.004:1139636328:00248672:01333,cvm,【武】「嗯，赢了！」<01>,[],layout_only,d057361acdc85cfd02a786415a8d454a89371d7815b65a44a455daa09530519b,31902e3995be0ef118fb6da24a4b8853cf73cda4aa4e38e47c6f978b5fdd5921
pm:vm:photonmelodies11.rio.004:1139636328:00249352:01334,cvm,【茜】「多惠～！赢了呢！！」<01>,[],layout_only,2d400b74f9a84668b3a58399f07f6766386bcc3c72df5a3260c707455ef68d6c,4e7d5be1dc821266801692acde21d8ed52905435e5087ea615441b0a9d6cb8a5
pm:vm:photonmelodies11.rio.004:1139636328:00249604:01335,cvm,【筑地】「你看了…………？<0A>你一直看着我比赛…………？」<01>,[],layout_only,29e0d6f373447d6d61d2c034c07cdc47110fe5908fcb192fc12bb84c7c7a085c,b40e35c74f72d4b19300a8a035c2e95ccc6790bc0b5cbc6e8512d60d2f5d5128
pm:vm:photonmelodies11.rio.004:1139636328:00249836:01336,cvm,【茜】「当然啦！我一直都这么觉得，<0A>多惠真是人不可貌相，运动特别拿手呢」<01>,[],layout_only,3495c9661a40b29efb14b258d9021504c7747bbe258e73ea5de8e276c259b7ff,e009e5a7c35ef99835d9f0eb6e73e39b8760b66c9064efe9e50731f1340fa1d8
pm:vm:photonmelodies11.rio.004:1139636328:00250116:01337,cvm,【筑地】「唔哦哦哦！你、你一直都是这么想的吗…………？」<01>,[],layout_only,97e50ea70a606ab4dc49d369b9ecd577134415437d9c9e22ab1be6b32f78c769,3a1562c86601ee1d990f859b9f7e9de2aac04c10a2aee0a53955946ffcf189f7
pm:vm:photonmelodies11.rio.004:1139636328:00250172:01338,cvm,【茜】「嗯，是啊？」<01>,[],layout_only,a9676eea2ccceaaad82324d19b08d5d66b3437f0981b294dd9adf3bddd614eb5,d27365ab9671eee515f7de067ac3dc5fe6de87a46185272c21e4d8512688ffdc
pm:vm:photonmelodies11.rio.004:1139636328:00250424:01339,cvm,【筑地】「茜她…………茜、茜她…………」<01>,[],layout_only,de05620828487db546fd5ae830c6e972a21676c5dd18b20d859621ec5ff7eada,b273fd153f8a2824e357ab2c5109bbbfadc75785711b6f8e9f18ba7ad2e3e17c
pm:vm:photonmelodies11.rio.004:1139636328:00250980:01340,cvm,【武】「——啊！喂、喂，筑地？」<01>,[],layout_only,538a6488f1359b3911b1718832e4ba7a1727acb429c69c02c784eac16293bfe2,cfaa037b3be263fb28997cb9b118ad09b0cb890b3419f6d589cbfda0fcbdb735
pm:vm:photonmelodies11.rio.004:1139636328:00251212:01341,cvm,【茜】「——多惠！喂，多惠！振作一点？<0A>你到底怎么了嘛，真是的～～！！」<01>,[],layout_only,37515a90735e4e9f1047471670d9d383695e743de67b5d4760294f466caeb3c4,4cdd5842449897dc57ccc6d3e2422b6a3660fecc71cfd33dae2889d90667ca85
pm:vm:photonmelodies11.rio.004:1139636328:00251468:01342,cvm,【夕呼】「凉宫，总之先把她带到那边去吧」<01>,[],layout_only,e27860f3692a4aa4d4b3a389f3bf18611c96342040b1f01df7d6bc4dc56ed950,2ec566672132ca91ffe6d73e101212746818d41fbb6f6e873dfe9957fc4bebf8
pm:vm:photonmelodies11.rio.004:1139636328:00251824:01343,cvm,【茜】「好、好的…………」<01>,[],layout_only,2360234b341b2ef0a8118f5d0cb999b5ce35a9d60edcac9532a0fe60b4060be6,491eeffa3a8999676c3d4afc044fcba9ce2a004ddad012989ad9d0f8b8872532
pm:vm:photonmelodies11.rio.004:1139636328:00251956:01344,cvm,【茜】「嘿咻…………好…………」<01>,[],layout_only,59782e11aa2e5602e422ca0d4eaafcee314835f93475c4a302d7b7caaee1c895,74e02c22d3366dd57740c85636d0b9e08f9e7324930a899fca2f4d5acf7384ba
pm:vm:photonmelodies11.rio.004:1139636328:00252012:01345,cvm,【筑地】「哈喵～～～～」<01>,[],layout_only,b3e0bfd7afe0270269baf34d006265b6ce08f53e0de05c04276b7ca3384c144b,af04977d420c6ef59798c6cfd036326e3b365559cfa182a19a2434200e50ef80
pm:vm:photonmelodies11.rio.004:1139636328:00252068:01346,cvm,【茜】「啊，等、等等！别抱着我啊…………<0A>这样很难走路吧！？」<01>,[],layout_only,942220e48d565eff3138b9d6fa1a3d376efb10b8ea81fc23f0a2c8f7dd98b2bc,75d5acdd958290000b3b2cecb5bc7f9d2ae8e5154a9d6d97a397cc3dfa29e2e5
pm:vm:photonmelodies11.rio.004:1139636328:00252248:01347,cvm,…………真不知道她们在干什么。<01>,[],layout_only,a7ce93529b96f59cad886814789194eaa7985918c9b8c36aca834d7765f0848c,8821bb4efcbe903d47079be7dbcbd8afa27e522acb2067343a4e6d7c421e3193
pm:vm:photonmelodies11.rio.004:1139636328:00252480:01348,cvm,【夕呼】「话说，白银…………A队输了哦？」<01>,[],layout_only,089a17a0766224c48916de6b7875073cb9d7e30677d938f18f7cf91bf42322b6,2f4b5d22c45a3f81092843b69ec8cecf86c12ab0c832d3cb60bdbd62500a3979
pm:vm:photonmelodies11.rio.004:1139636328:00252660:01349,cvm,【武】「…………真的吗？」<01>,[],layout_only,a4696d0d1709297ea49e479761d3f71a1cd8f66ec685add7bbaf6071742af251,91e93c8767cd71bdc0dafb60f5be9439cdf971aadf69044d1d6be5b45ac7fafa
pm:vm:photonmelodies11.rio.004:1139636328:00252716:01350,cvm,【夕呼】「就算他们赢了，也只会变成同伴互相淘汰，<0A>不过能不能少打一场，差别还是很大吧？」<01>,[],layout_only,8f4a44bbea0c834500e8181fca43cdc03bcdb4c04a0850ecca5d04e4d115bd9d,bd3df94af7a9cc335f00dfb53971e186413d0e83ac90425990df68fdfa7771a7
pm:vm:photonmelodies11.rio.004:1139636328:00252760:01351,cvm,【武】「我不否认，但既然以冠军为目标，<0A>无论对手是谁都必须全胜吧？」<01>,[],layout_only,90df41aef0dc67e12d75a3a30d1dd854955b888c5807fad10a6c56ac5694d025,b01730bd5ec00917e17a6933b45f41b80592e7365a9516f36410361bab9de162
pm:vm:photonmelodies11.rio.004:1139636328:00252992:01352,cvm,【夕呼】「嘛，总之好好努力吧？<0A>只要你们能夺冠，我就满意了」<01>,[],layout_only,12d88ae37ffad70000a7465b4408a866d5ec9bd8a2cf1668538da5a5376be62f,ca273e01ec90a9e8764278ca5e14b05e941488e0ec01150db2be6f268944dc08
pm:vm:photonmelodies11.rio.004:1139636328:00253036:01353,cvm,【武】「我知道」<01>,[],layout_only,9311ff91862b44576f01a9d8d3fb2897099cf1b6197fcbd36d9d8614841464fa,f666d32843af681eac61b2f31a6f4062ca8823a4958524aad5773b437ca14dc3
pm:vm:photonmelodies11.rio.004:1139636328:00253832:01354,cvm,【夕呼】「既然如此，白银…………看你后面」<01>,[],layout_only,934308d2e6490aadec5db8913fa5ee83fa0b9c801d7e5375bd0e67c229d0b2b2,143fccd604fbbbc9cc17ef79fe84394ecd2b8e14718719186759150a337eff5b
pm:vm:photonmelodies11.rio.004:1139636328:00253876:01355,cvm,【武】「咦？」<01>,[],layout_only,77e63d069d95aabd948bf49f0d1875e61a92335dbc417006761d81674ec8c185,b55249e3c0ee06935938d08a2f8a65d886e446dd4c309f96d3566d3e47b2f343
pm:vm:photonmelodies11.rio.004:1139636328:00254364:01356,cvm,……………………。<01>,[],layout_only,efa30788584cfea7ade60ccc37d7fc6cda943e64935eb133252c341159e58e05,0b3d7aae4004dc9b91522cf9245f879b48b6a3b3d3c28ecbba043ba8207a6df9
pm:vm:photonmelodies11.rio.004:1139636328:00254420:01357,cvm,【夕呼】「那就是下一个对手」<01>,[],layout_only,df616186034d611a6914e425be3fcb057154109e9a9965d4dfcf94c73fe04935,394eaf7a74594f82b4aea29f6e0335f2bc24bc2167b99ab90f65a832e2784cbf
pm:vm:photonmelodies11.rio.004:1139636328:00254464:01358,cvm,【武】「……………………真的假的？」<01>,[],layout_only,065dc89702bfee32ef8830d212c5c730cdb5b4d713d4ef90f97ee782c73cfa58,8c5f4fc0dfe09f46bb6978e360a265db7965449d90ba079c76691cba1875f1d6
pm:vm:photonmelodies11.rio.004:1139636328:00254508:01359,cvm,不愧是半决赛，看起来很难对付啊。<01>,[],layout_only,b4929ec01ae3ae890fb2995c669ca75e254bf5bdb34e1bab6bcb841eb292586f,ed54962c6548705a86fd306d96f8437cbdcf8a79c56a23d0c0d21425f959cb09
pm:vm:photonmelodies11.rio.004:1139636328:00255516:01372,cvm,【慧】「那我，走了？」<01>,[],layout_only,5c37811ce516b2db0a35afa89e72940acb7eb9b1aa11d31a18bd7f81c91d3c54,6bff8b6cdc3fdf1407cb4a29a4339575429a075fd9d0d35462bb9b9ee300791a
pm:vm:photonmelodies11.rio.004:1139636328:00255560:01373,cvm,【武】「啊？对哦，已经到时间了…………<0A>老实说，少了你确实很难办啊」<01>,[],layout_only,2109d5a0f897da9afa1a5bf78b63a087d2f3036142dea603b9df47b4473805a5,148915d788ea8c003a5d9f2e27d6b821c3bc726d7705caa08ff61f9084edee81
pm:vm:photonmelodies11.rio.004:1139636328:00255616:01374,cvm,【慧】「离半决赛开始还有一点时间。柏木会回来的」<01>,[],layout_only,6dbc542c6320fc5ff41e754a7d35681f4ca47c07e9f517b47c6af26d9e62a80a,ba4eeb09a17653876e8d44e62cf80fa134537cfd98725f8bec6a8f5150bb1983
pm:vm:photonmelodies11.rio.004:1139636328:00255660:01375,cvm,【武】「嗯，也是」<01>,[],layout_only,56c04b45ec58a57b07b6f2977d34cebfcd14ae39991633527430de62aedd6ea3,2eaffa4c30c1fb83752fd27b5e5f4fbc0df53fe7928dc000f2646a3d86dca52a
pm:vm:photonmelodies11.rio.004:1139636328:00255716:01376,cvm,【夕呼】「少了彩峰，真的没问题吧～～？」<01>,[],layout_only,8202c99a7bc9f63cfba6674abe41e6c04f8e0afa8d1eecdf66940c76a1554b74,f8f851a28c6c39a0a731612ad8641ad7268ddb1f20d30777b2bb934411fb9d21
pm:vm:photonmelodies11.rio.004:1139636328:00256072:01377,cvm,【武】「没问题！彩峰确实很厉害，<0A>但这支队伍又不是只有彩峰。<0A>我们的阵容厚度可是很足的哦～～？」<01>,[],layout_only,de1f26c8a41f00ef0333423462c6c300d2df973d950414ed359b4ec43cdef22b,19a04761ab1ddc9e977ab31d5ea7f57cebb87ddfc2bfeeb94ad06e43fbd3314e
pm:vm:photonmelodies11.rio.004:1139636328:00256304:01378,cvm,【夕呼】「不过你肯定就是里面最单薄的那个，对吧」<01>,[],layout_only,5ee041b557bebba304904a5744bbb529b0d186384375e07bb5a454654548c0dc,82f11c1b16009472b6977fbef9e55664decdb5a4c99b76706bb02913637aa2b9
pm:vm:photonmelodies11.rio.004:1139636328:00256516:01379,cvm,【武】「不，是纯夏！！」<01>,[],layout_only,4666d4b2ef2a9abf1682d2cc8deaeef1ce6dfc18c18dfa9b935ae92f899ec39c,a0e997addad0019c70517b645089b4207594c34ca3dc5aa0dd4a4d74f26eca60
pm:vm:photonmelodies11.rio.004:1139636328:00256620:01380,cvm,【武】「噗呃！！呸呸呸…………什、什么啊！？」<01>,[],layout_only,2369ca362b6d0911acabe83c9db648c302f258d27aad5bbf65d9bc4474ac7499,17dd3e1ba3491c129509d119c1342045d0816214e81f5ef7e4fa85ec65d3d253
pm:vm:photonmelodies11.rio.004:1139636328:00257012:01381,cvm,【纯夏】「我听见了————！！」<01>,[],layout_only,b2e9f3e441886fcd8d932729c1fd49a3cb70b3aa14587ea5391bbc320c3d37e1,3b1543126a2f3118a91a3f3704c393988b66e198adb91dd3e32ce3c0c1ec1e2a
pm:vm:photonmelodies11.rio.004:1139636328:00257088:01382,cvm,【武】「呃…………我、我相信不是这样的」<01>,[],layout_only,57701e4d8050a75dafd2f3354eb680133ecb632f3f15f0ffb37021f21a73f703,fa3ab6946d8d67e1a018fe26296df07e09b38ced5cd015bea930c49987e9a976
pm:vm:photonmelodies11.rio.004:1139636328:00257144:01383,cvm,【夕呼】「光靠相信，事实可不会改变哦～～」<01>,[],layout_only,d19f2652bb631fdb0fca46c45a09a07f60d7332fd4f31663ce9ff534b82a2185,396075538bc42a4e182068df7a8409480343a11c150387b6c6040ba2d3492063
pm:vm:photonmelodies11.rio.004:1139636328:00257188:01384,cvm,……………………。<01>,[],layout_only,efa30788584cfea7ade60ccc37d7fc6cda943e64935eb133252c341159e58e05,0b3d7aae4004dc9b91522cf9245f879b48b6a3b3d3c28ecbba043ba8207a6df9
pm:vm:photonmelodies11.rio.004:1139636328:00257556:01385,cvm,【慧】「那我走了，你们接下来加油」<01>,[],layout_only,6733e0abbc2578152d896869ae12c220351b94c247f566e942fe6e2104cbc12e,da6f559e2eaa2adf78f53279e3394218b739dfbe3887c324dfd20b2f3655db20
pm:vm:photonmelodies11.rio.004:1139636328:00257600:01386,cvm,【武】「啊，嗯…………你也加油啊」<01>,[],layout_only,041b4d2e03434041c2e614c853347c994d323df4d5d48963a2477b6ecfccf686,d366c68b1963a86994f2cf79000dceebc0eae61754987936a9cd728ff41f3687
pm:vm:photonmelodies11.rio.004:1139636328:00258256:01387,cvm,【夕呼】「白银～，柏木真的会回来吧？」<01>,[],layout_only,fd00b86154f5a263a716095a74406da393249f6c922fa1a055be57f101cfd961,dd55652e55452f12e9a2e563fd61d26d83494e31ac7a280743f8bbf64aa46816
pm:vm:photonmelodies11.rio.004:1139636328:00258300:01388,cvm,【武】「按理说会回来…………<0A>总之先等到最后一刻吧」<01>,[],layout_only,0d5488f9d0e20e0e572a4b2ca2b616782356702133067cce9ce199f22e63f3cb,6dc35f19e62b7e953443f8a04038a8aa5d091a92905db3cf905a09dc44deb11e
pm:vm:photonmelodies11.rio.004:1139636328:00258856:01389,cvm,【月咏】「武先生，差不多该决定<0A>下一场的上场成员了…………」<01>,[],layout_only,59a366a61b459988f7a11364f0522cbc1c0b564f365e2303fc78325319091e10,bb9ec3737d9362c1093aa12ffb79c4abaeb89d25cac64eb9b8eb5a951c92807c
pm:vm:photonmelodies11.rio.004:1139636328:00258900:01390,cvm,【武】「是啊…………」<01>,[],layout_only,40a8781f9629a58b9a92266756491632b05c0457dfd01ac6f4607868506eeaad,306a65dc3b11a0fc76ae46161e5965226d44582f6403ddb091f1e8cdbc05eed7
pm:vm:photonmelodies11.rio.004:1139636328:00259132:01391,cvm,【夕呼】「柏木呢～？我说，柏木～～～！！」<01>,[],layout_only,8a8e0f50b81b3826ed8f9f073988dc985ed8a59ce0f2c7fd5f48213516de95ba,e385581d57300ebd1e6058e0b658da134a8cb8c68b7a295e3472d1035a8241b6
pm:vm:photonmelodies11.rio.004:1139636328:00259188:01392,cvm,【麻理茉】「夕呼，别喊了，你又不是小孩子」<01>,[],layout_only,4a285aff4b927588f937b535d815b0b81fbb3b61ec832feadb9eb2ee748ef7e7,960ec7afdabd45913e67e4aa5b397380180d8969fbcb1eff02154d4cfc4c9283
pm:vm:photonmelodies11.rio.004:1139636328:00259244:01393,cvm,【壬姬】「啊！从那边跑过来的，<0A>不是柏木同学吗？」<01>,[],layout_only,03bee0e802574d316243635c557529bf53058aabae868d52a92dd702f0839c15,4c684aa458e605553e89719380eadc4d593211088ca011e1517f9de75b334b20
pm:vm:photonmelodies11.rio.004:1139636328:00259476:01394,cvm,【美琴】「真的！」<01>,[],layout_only,c18ce7f0201b3069b9933fdfe402efd9a91a23184c4d11f805ab4c0da240c59d,7748cceee41dfa95d2cf99803998641eee62765c3cdc483934e4f4e6d3f49be2
pm:vm:photonmelodies11.rio.004:1139636328:00259532:01395,cvm,【茜】「晴子～！这边，这边！！」<01>,[],layout_only,c7f034dd08699b4ba94bb8d750a65c7fa8291218c0bb20a5cd032d5cb5668ec7,b92753cac0cf944afccba1c5094cb2c3c441954a79788e668bbb4dd21a97beea
pm:vm:photonmelodies11.rio.004:1139636328:00260220:01396,cvm,【柏木】「哈…………哈…………久等了！」<01>,[],layout_only,51c2f297e9fb88c60d5b897c801efc648a0390b20bb10ffc50d4aac3aa39e2ce,75d9fa1bb6ae6aac10f6bfd5b815f6ec32a720bbe3a5868e3342d19e1799bea3
pm:vm:photonmelodies11.rio.004:1139636328:00260264:01397,cvm,【武】「哦，辛苦了！执照怎么样？拿到了吗？」<01>,[],layout_only,dfeddd5218bce700340e8b448ce2165e732aac47eae9151c10a2532a900e080c,6ff3bf329ad4756717c5c1d78514788a607fb2c9ba7fadd7d63767f7cc0fd371
pm:vm:photonmelodies11.rio.004:1139636328:00260496:01398,cvm,【柏木】「咦？哦，还没有。<0A>明天再学一会儿应该就能拿到了」<01>,[],layout_only,87613aad2dd5e0f09db3a7f6876d79222d163da5ff0837785457b3bc4fe68e3a,23a92a0da423b9b96204f796d65e16ee0e1bb47fba696cd0a1780a9a3f6fe225
pm:vm:photonmelodies11.rio.004:1139636328:00260540:01399,cvm,【武】「这么说，进展很顺利啊」<01>,[],layout_only,9010b5cf112ffd14af66d581af95a3fb1b45e5e8880f752635bfb2479a159b14,44d7875e2adab804fdb92f3b8b1fc753463875ccda613662223c2469e6b60601
pm:vm:photonmelodies11.rio.004:1139636328:00260772:01400,cvm,【柏木】「啊哈哈…………说是进展顺利，<0A>不过这本来就不是什么会考不过的项目。<0A>先不说这个，你们这边怎么样？」<01>,[],layout_only,b67d88fd319fa44e1880cf8ddceefab5caaa64dede397dded3470e238d5f7f16,a587dc583674ed5c5084269d7e68c355a6cb3d8ecf9ff1e7ead9937fce16c229
pm:vm:photonmelodies11.rio.004:1139636328:00260992:01401,cvm,【武】「半决赛马上就要开始了」<01>,[],layout_only,52ee64773b788b9b659fbe2c6e23510ffa0f25b611083660fce522846720f7ff,5f0d48f521928f7c3b809dd42e9d8f171214a55dbf52554c0c3cd3a50568d78d
pm:vm:photonmelodies11.rio.004:1139636328:00261048:01402,cvm,【柏木】「啊，那这么说，<0A>我这趟赶回来也算没白跑吧？」<01>,[],layout_only,45d1888c43b9af23b77d7fdb571387dcbe1012d5070612de82ae7533ab11163d,24ecb66b44bb57e600175f418285c5b44d29955278d9bd7971e73b4736cb0cbe
pm:vm:photonmelodies11.rio.004:1139636328:00261092:01403,cvm,【武】「嗯，就是这么回事」<01>,[],layout_only,ebe6c71500d4f472647c294ceb3dbc3daf82d9c6e4efee5bca90aaa38bd284ed,36ad84f1dbd623234b46b6672466eda183109c444d98666ecdf0e658931fb1d1
pm:vm:photonmelodies11.rio.004:1139636328:00261148:01404,cvm,【柏木】「不过，有大家在，应该总能应付吧」<01>,[],layout_only,f1e08dad4964e92629ebbfbe6e23f4cec7471591d02a97413d2c5e3f941ef44b,049a351c5bd4177352dc86375bafb135783c430d8e99496ec6de0c409f16d5c2
pm:vm:photonmelodies11.rio.004:1139636328:00261192:01405,cvm,【武】「这可难说…………大家，<0A>不管怎么说都消耗了不少体力…………」<01>,[],layout_only,b891ae3680545761506075b301f3b577aea9734ba54df7a91712556a0155a231,7db8ef361fac8d5bc512b6e752b81066e2d0608b1099bc7383b8be3267967875
pm:vm:photonmelodies11.rio.004:1139636328:00261248:01406,cvm,【茜】「沙滩排球这项运动比想象中辛苦多了，真的」<01>,[],layout_only,7973f28106fc0ffd373434f08048675f5f9cca386ad04f14c3d1dc2747b466c7,c716e9a92ee4a60ac3806e7187b1dec31159a6eaccd503fa108e14f8377a8dc0
pm:vm:photonmelodies11.rio.004:1139636328:00261480:01407,cvm,【柏木】「这样啊…………」<01>,[],layout_only,93b779385e17b032b48a38a5902b4a38b1f45ac03b104778a6e2124c4901e807,9ae61c7a0ada000055ef7b426ef132e83fdea5d86b482a64c6e2adbd33dad34c
pm:vm:photonmelodies11.rio.004:1139636328:00261524:01408,cvm,【武】「好，总之没时间了。<0A>得赶紧把阵容定下来！」<01>,[],layout_only,1e3d56c5e19b2b64c36bdeb56e9dc254cd92929325bfa6414a27eaa026727051,58f7f5fc69893b81d81db770be52e5b0fdd8d5e4d0bb4a66da08e3f57f47a561
pm:vm:photonmelodies11.rio.004:1139636328:00261812:01409,cvm,【武】「好嘞！！闯过第二轮了！！<0A>你们比刚才更值得表扬！干得漂亮————！！」<01>,[],layout_only,d2d3eb5cc05c87d21fcb94f262f8243277d087d54ffb1bc3f30e5bf6fb39419b,0b34e5d659859a21db7e0d111c4d15f49121adf6728636198922ecf43a6b8c8a
pm:vm:photonmelodies11.rio.004:1139636328:00262180:01410,cvm,【夕呼】「顺利顺利，看来你的排兵布阵挺奏效嘛」<01>,[],layout_only,cce05b57e571d860c76b56a7b726096a649d040b16cf2cedbdff1bf0d7771b62,861474e3b35edcdb64ebed1d8867cb4b8145db0f23214c27d7b649ff63264720
pm:vm:photonmelodies11.rio.004:1139636328:00262224:01411,cvm,【武】「交给我吧！」<01>,[],layout_only,73d7760af5b2e125d3062a4d3ea240ff3a1ef0a70a11651e1eaa77cf045ae882,2314a930207bba1774e88c0d48c83f2d6930480d163fde6c016a078c0b7564ea
pm:vm:photonmelodies11.rio.004:1139636328:00262280:01412,cvm,【夕呼】「哦～」<01>,[],layout_only,4f22f7e93668021aebda0beaf4730079bd05c69e1fc529e900aeacf0e983ed16,4ae3abe1d2ab37c34943123932e21a6ec804c055ba52df0f22fab13d96b2c451
pm:vm:photonmelodies11.rio.004:1139636328:00262336:01413,cvm,【观众】「哦哦哦哦～～～～！！」<01>,[],layout_only,711907d39d2ba650303060e2d2aa44df3faa763edbd3384df8fc38d729e9b57e,39f8cc0dcfc80b5d95724b17491d5c69b41f5ecaf24753586c380d2dd886a4c1
pm:vm:photonmelodies11.rio.004:1139636328:00262380:01414,cvm,——哦！？<01>,[],layout_only,b9fc3ed9f5118162c5ac969a1d096c842149c72ed60229afb02cb0dc53f00612,0093810976083bb60d7ba72f755156a56fe3539974fe8bb3d1418b9ab887c5b9
pm:vm:photonmelodies11.rio.004:1139636328:00262424:01415,cvm,B队怎么样了！？<01>,[],layout_only,5ba03679c0987ec5f1acbe9859c668a1ff747657244bfa01167746c2b3471198,c156782c4c39dacec65ba19366e8a14d39335973d64a9b209102a6f9fbb4ec5a
pm:vm:photonmelodies11.rio.004:1139636328:00262924:01416,cvm,【月咏】「武先生…………」<01>,[],layout_only,16526c45394dedc1e8a87e04b0c6f649dacf199e7cd060c3573eb490110ba7e0,2742e75195b030c02abd66b974d01a2d59224ab1daaa7afa1e62c57f84f39e58
pm:vm:photonmelodies11.rio.004:1139636328:00263104:01417,cvm,【武】「啊，月咏小姐！B队…………」<01>,[],layout_only,f6a76e25dac20c8b59cccb5d21ffe72ea84da1138a213f795e8342d30de65385,c4415616aaa6cfd9c0719b37b1557e6582bd3742d447e94eceef84326f4ca8a0
pm:vm:photonmelodies11.rio.004:1139636328:00263336:01418,cvm,【月咏】「这…………他们遗憾落败了」<01>,[],layout_only,ad35708269abd2a20918313654badf20427317feb0a7b5004b357a33a94fd57c,a2bdf50f4f86e711030ff461929e46d5f66ee273477c0a8fd8f463b6e2ad36ab
pm:vm:photonmelodies11.rio.004:1139636328:00263380:01419,cvm,【武】「不、不会吧！」<01>,[],layout_only,d62808e19ecee68988923b57afddc9aab21c24bbb305c33844113678596fc95d,133b6ceee5252222b90590e792179ef8168269620d63d558dbd893c9738bad7d
pm:vm:photonmelodies11.rio.004:1139636328:00263612:01420,cvm,【夕呼】「前言撤回——！」<01>,[],layout_only,d55d86cfebdf97a99a49919d3c38e57a3950bd09e6b3f57b9d99800ef2a35581,31bd952b8e2f0f1673bce71da9ba08b5a46e9ba5c82062b4fce08fe9b066a727
pm:vm:photonmelodies11.rio.004:1139636328:00263656:01421,cvm,【武】「不、不对…………可、可是，<0A>就算B队获胜，反正下一场也应该是<0A>同伴之间交手…………」<01>,[],layout_only,5020ee8bf8e78ac00a0780e5f64ef83a529f08140e23179ea19fb5e38a3f7d07,e7a104d41f66658d8939807f98464bc1ac6810b816bcbf4d850ff26317603fc4
pm:vm:photonmelodies11.rio.004:1139636328:00263888:01422,cvm,【夕呼】「那样的话，那场比赛无论哪边赢都行，<0A>不就等于能少打一场了吗？」<01>,[],layout_only,6a3354ae355561735aeae8caa5ed5d7da19094fd9a5be75c576e89c9541004d2,f0d48df4be06e67c2eda4dbff36c93b4b59f940a3c9339d287d95e776d0ea423
pm:vm:photonmelodies11.rio.004:1139636328:00263932:01423,cvm,【武】「……………………」<01>,[],layout_only,770975bc8d76964cd0683d1a3ba2ec947971272f34819d29aa5c66d3964a88d7,6a17c608647a040376434d02fd50f1e4124a141fe417bdc98ba4d3f27bdee35c
pm:vm:photonmelodies11.rio.004:1139636328:00264296:01424,cvm,【夕呼】「不过，既然以冠军为目标就必须全胜，<0A>所以也没什么大不了的吧？<0A>你本来也没指望能少打一场吧？」<01>,[],layout_only,224e6287228e770be26428468cbeafa2dd9599d9567764a2eb541bb0a9e980cc,f2ba76b9f00fdcc9af9fdfdd4af196dde7859d3d8ed04040a6b2aefa1f1aa827
pm:vm:photonmelodies11.rio.004:1139636328:00264340:01425,cvm,【武】「呃、这个…………」<01>,[],layout_only,ab9276c38ea90b676906a9ba8af487e14a529bb07033de7312450eb5ced903e2,b330abd305f12416a650ce21bcc85e8bf72f2e5555734ef5e74f8980af90ab90
pm:vm:photonmelodies11.rio.004:1139636328:00264384:01426,cvm,其实，我心里还真有那么一点期待。<01>,[],layout_only,5de413a8562d8392cfb5e2e0513f6eb85b6e2a2d03cfb1393652142791fab3f4,5534f82f03f1f7cbf6dcf3d36dd8ff26f3ea1819e70327edea6c1c5359e1591e
pm:vm:photonmelodies11.rio.004:1139636328:00264616:01427,cvm,【夕呼】「总之，我只要你们拿冠军就行了。<0A>结果，结果才是最重要的！」<01>,[],layout_only,36d4f76bada7e9c363a5ed9aab9c1ae3dc680952e221336efdb038e9e7d76a56,6ff6a07d97593c6d06d065a81b361e653ba27903611338582c015339594cf8de
pm:vm:photonmelodies11.rio.004:1139636328:00264660:01428,cvm,【武】「我、我知道」<01>,[],layout_only,080405cba35697cce25d00c25e001ce70b4b42759ee18769bccb816af4167e2c,3e6d2a2e5bcfd69e5aeb263c6026396634bc7dfab8933f2002981e93f95ece71
pm:vm:photonmelodies11.rio.004:1139636328:00264716:01429,cvm,【声音】「白银」<01>,[],layout_only,c420776de2a1b2f53e5d4594bf7a2c57b75d52eaff8ec2d138aa5217677b89e5,c39ae73cd67be3ccdf73ddbce811d0c965ec1af26f78ab94beb9225a53c0ca0c
pm:vm:photonmelodies11.rio.004:1139636328:00265084:01430,cvm,【慧】「那我，走了？」<01>,[],layout_only,5c37811ce516b2db0a35afa89e72940acb7eb9b1aa11d31a18bd7f81c91d3c54,ccbb0bdbf64b6f7b976fc7dc9d264d25dceebe2c8b5ea0465384ce160f73d814
pm:vm:photonmelodies11.rio.004:1139636328:00265128:01431,cvm,【武】「啊？对哦，已经到讲习时间了…………<0A>这样啊…………老实说，<0A>现在少了你很难办」<01>,[],layout_only,0c505efa96af200844944ac1ac5cd342b6f735d56a571bca34e31807fd99af79,f29fc17baa48d04c495a1f9755dad871934c5550c25ba127f3beb8484321724c
pm:vm:photonmelodies11.rio.004:1139636328:00265184:01432,cvm,【慧】「离半决赛开始还有一点时间。柏木会回来的」<01>,[],layout_only,6dbc542c6320fc5ff41e754a7d35681f4ca47c07e9f517b47c6af26d9e62a80a,ba4eeb09a17653876e8d44e62cf80fa134537cfd98725f8bec6a8f5150bb1983
pm:vm:photonmelodies11.rio.004:1139636328:00265228:01433,cvm,【武】「嗯，也是」<01>,[],layout_only,56c04b45ec58a57b07b6f2977d34cebfcd14ae39991633527430de62aedd6ea3,2eaffa4c30c1fb83752fd27b5e5f4fbc0df53fe7928dc000f2646a3d86dca52a
pm:vm:photonmelodies11.rio.004:1139636328:00265284:01434,cvm,【夕呼】「少了彩峰，真的没问题吧～～？」<01>,[],layout_only,8202c99a7bc9f63cfba6674abe41e6c04f8e0afa8d1eecdf66940c76a1554b74,f8f851a28c6c39a0a731612ad8641ad7268ddb1f20d30777b2bb934411fb9d21
pm:vm:photonmelodies11.rio.004:1139636328:00265640:01435,cvm,【武】「没问题！彩峰确实很厉害，<0A>但这支队伍又不是只有彩峰。<0A>我们的阵容厚度可是很足的哦～～？」<01>,[],layout_only,de1f26c8a41f00ef0333423462c6c300d2df973d950414ed359b4ec43cdef22b,19a04761ab1ddc9e977ab31d5ea7f57cebb87ddfc2bfeeb94ad06e43fbd3314e
pm:vm:photonmelodies11.rio.004:1139636328:00265872:01436,cvm,【夕呼】「不过你肯定就是里面最单薄的那个，对吧」<01>,[],layout_only,5ee041b557bebba304904a5744bbb529b0d186384375e07bb5a454654548c0dc,82f11c1b16009472b6977fbef9e55664decdb5a4c99b76706bb02913637aa2b9
pm:vm:photonmelodies11.rio.004:1139636328:00266084:01437,cvm,【武】「不，是纯夏！！」<01>,[],layout_only,4666d4b2ef2a9abf1682d2cc8deaeef1ce6dfc18c18dfa9b935ae92f899ec39c,a0e997addad0019c70517b645089b4207594c34ca3dc5aa0dd4a4d74f26eca60
pm:vm:photonmelodies11.rio.004:1139636328:00266188:01438,cvm,【武】「噗呃！！呸呸呸…………什、什么啊！？」<01>,[],layout_only,2369ca362b6d0911acabe83c9db648c302f258d27aad5bbf65d9bc4474ac7499,17dd3e1ba3491c129509d119c1342045d0816214e81f5ef7e4fa85ec65d3d253
pm:vm:photonmelodies11.rio.004:1139636328:00266580:01439,cvm,【纯夏】「我听见了————！！」<01>,[],layout_only,b2e9f3e441886fcd8d932729c1fd49a3cb70b3aa14587ea5391bbc320c3d37e1,3b1543126a2f3118a91a3f3704c393988b66e198adb91dd3e32ce3c0c1ec1e2a
pm:vm:photonmelodies11.rio.004:1139636328:00266656:01440,cvm,【武】「呃…………我、我相信不是这样的」<01>,[],layout_only,57701e4d8050a75dafd2f3354eb680133ecb632f3f15f0ffb37021f21a73f703,fa3ab6946d8d67e1a018fe26296df07e09b38ced5cd015bea930c49987e9a976
pm:vm:photonmelodies11.rio.004:1139636328:00266712:01441,cvm,【夕呼】「光靠相信，事实可不会改变哦～～」<01>,[],layout_only,d19f2652bb631fdb0fca46c45a09a07f60d7332fd4f31663ce9ff534b82a2185,396075538bc42a4e182068df7a8409480343a11c150387b6c6040ba2d3492063
pm:vm:photonmelodies11.rio.004:1139636328:00266756:01442,cvm,……………………。<01>,[],layout_only,efa30788584cfea7ade60ccc37d7fc6cda943e64935eb133252c341159e58e05,0b3d7aae4004dc9b91522cf9245f879b48b6a3b3d3c28ecbba043ba8207a6df9
pm:vm:photonmelodies11.rio.004:1139636328:00267124:01443,cvm,【慧】「那我走了，你们接下来加油」<01>,[],layout_only,6733e0abbc2578152d896869ae12c220351b94c247f566e942fe6e2104cbc12e,da6f559e2eaa2adf78f53279e3394218b739dfbe3887c324dfd20b2f3655db20
pm:vm:photonmelodies11.rio.004:1139636328:00267168:01444,cvm,【武】「啊，嗯…………你也加油啊」<01>,[],layout_only,041b4d2e03434041c2e614c853347c994d323df4d5d48963a2477b6ecfccf686,d366c68b1963a86994f2cf79000dceebc0eae61754987936a9cd728ff41f3687
pm:vm:photonmelodies11.rio.004:1139636328:00267824:01445,cvm,【夕呼】「白银～，柏木真的会回来吧？」<01>,[],layout_only,fd00b86154f5a263a716095a74406da393249f6c922fa1a055be57f101cfd961,dd55652e55452f12e9a2e563fd61d26d83494e31ac7a280743f8bbf64aa46816
pm:vm:photonmelodies11.rio.004:1139636328:00267868:01446,cvm,【武】「按理说会回来…………<0A>总之先等到最后一刻吧」<01>,[],layout_only,0d5488f9d0e20e0e572a4b2ca2b616782356702133067cce9ce199f22e63f3cb,6dc35f19e62b7e953443f8a04038a8aa5d091a92905db3cf905a09dc44deb11e
pm:vm:photonmelodies11.rio.004:1139636328:00268424:01447,cvm,【月咏】「武先生，差不多该决定<0A>下一场的上场成员了…………」<01>,[],layout_only,59a366a61b459988f7a11364f0522cbc1c0b564f365e2303fc78325319091e10,bb9ec3737d9362c1093aa12ffb79c4abaeb89d25cac64eb9b8eb5a951c92807c
pm:vm:photonmelodies11.rio.004:1139636328:00268468:01448,cvm,【武】「是啊…………」<01>,[],layout_only,40a8781f9629a58b9a92266756491632b05c0457dfd01ac6f4607868506eeaad,306a65dc3b11a0fc76ae46161e5965226d44582f6403ddb091f1e8cdbc05eed7
pm:vm:photonmelodies11.rio.004:1139636328:00268700:01449,cvm,【夕呼】「柏木呢～？我说，柏木～～～！！」<01>,[],layout_only,8a8e0f50b81b3826ed8f9f073988dc985ed8a59ce0f2c7fd5f48213516de95ba,e385581d57300ebd1e6058e0b658da134a8cb8c68b7a295e3472d1035a8241b6
pm:vm:photonmelodies11.rio.004:1139636328:00268756:01450,cvm,【麻理茉】「夕呼，别喊了，你又不是小孩子」<01>,[],layout_only,4a285aff4b927588f937b535d815b0b81fbb3b61ec832feadb9eb2ee748ef7e7,960ec7afdabd45913e67e4aa5b397380180d8969fbcb1eff02154d4cfc4c9283
pm:vm:photonmelodies11.rio.004:1139636328:00268812:01451,cvm,【壬姬】「啊！从那边跑过来的，<0A>不是柏木同学吗？」<01>,[],layout_only,03bee0e802574d316243635c557529bf53058aabae868d52a92dd702f0839c15,4c684aa458e605553e89719380eadc4d593211088ca011e1517f9de75b334b20
pm:vm:photonmelodies11.rio.004:1139636328:00269044:01452,cvm,【美琴】「真的！」<01>,[],layout_only,c18ce7f0201b3069b9933fdfe402efd9a91a23184c4d11f805ab4c0da240c59d,7748cceee41dfa95d2cf99803998641eee62765c3cdc483934e4f4e6d3f49be2
pm:vm:photonmelodies11.rio.004:1139636328:00269100:01453,cvm,【茜】「晴子～！这边，这边！！」<01>,[],layout_only,c7f034dd08699b4ba94bb8d750a65c7fa8291218c0bb20a5cd032d5cb5668ec7,b92753cac0cf944afccba1c5094cb2c3c441954a79788e668bbb4dd21a97beea
pm:vm:photonmelodies11.rio.004:1139636328:00269788:01454,cvm,【柏木】「哈…………哈…………久等了！」<01>,[],layout_only,51c2f297e9fb88c60d5b897c801efc648a0390b20bb10ffc50d4aac3aa39e2ce,75d9fa1bb6ae6aac10f6bfd5b815f6ec32a720bbe3a5868e3342d19e1799bea3
pm:vm:photonmelodies11.rio.004:1139636328:00269832:01455,cvm,【武】「哦，辛苦了！执照怎么样？拿到了吗？」<01>,[],layout_only,dfeddd5218bce700340e8b448ce2165e732aac47eae9151c10a2532a900e080c,6ff3bf329ad4756717c5c1d78514788a607fb2c9ba7fadd7d63767f7cc0fd371
pm:vm:photonmelodies11.rio.004:1139636328:00270064:01456,cvm,【柏木】「咦？哦，还没有。<0A>明天再学一会儿应该就能拿到了」<01>,[],layout_only,87613aad2dd5e0f09db3a7f6876d79222d163da5ff0837785457b3bc4fe68e3a,23a92a0da423b9b96204f796d65e16ee0e1bb47fba696cd0a1780a9a3f6fe225
pm:vm:photonmelodies11.rio.004:1139636328:00270108:01457,cvm,【武】「这么说，进展很顺利啊」<01>,[],layout_only,9010b5cf112ffd14af66d581af95a3fb1b45e5e8880f752635bfb2479a159b14,44d7875e2adab804fdb92f3b8b1fc753463875ccda613662223c2469e6b60601
pm:vm:photonmelodies11.rio.004:1139636328:00270340:01458,cvm,【柏木】「啊哈哈…………说是进展顺利，<0A>不过这本来就不是什么会考不过的项目。<0A>先不说这个，你们这边怎么样？」<01>,[],layout_only,b67d88fd319fa44e1880cf8ddceefab5caaa64dede397dded3470e238d5f7f16,a587dc583674ed5c5084269d7e68c355a6cb3d8ecf9ff1e7ead9937fce16c229
pm:vm:photonmelodies11.rio.004:1139636328:00270560:01459,cvm,【武】「半决赛马上就要开始了」<01>,[],layout_only,52ee64773b788b9b659fbe2c6e23510ffa0f25b611083660fce522846720f7ff,5f0d48f521928f7c3b809dd42e9d8f171214a55dbf52554c0c3cd3a50568d78d
pm:vm:photonmelodies11.rio.004:1139636328:00270616:01460,cvm,【柏木】「啊，那这么说，<0A>我这趟赶回来也算没白跑吧？」<01>,[],layout_only,45d1888c43b9af23b77d7fdb571387dcbe1012d5070612de82ae7533ab11163d,24ecb66b44bb57e600175f418285c5b44d29955278d9bd7971e73b4736cb0cbe
pm:vm:photonmelodies11.rio.004:1139636328:00270660:01461,cvm,【武】「嗯，就是这么回事」<01>,[],layout_only,ebe6c71500d4f472647c294ceb3dbc3daf82d9c6e4efee5bca90aaa38bd284ed,36ad84f1dbd623234b46b6672466eda183109c444d98666ecdf0e658931fb1d1
pm:vm:photonmelodies11.rio.004:1139636328:00270716:01462,cvm,【柏木】「不过，有大家在，应该总能应付吧」<01>,[],layout_only,f1e08dad4964e92629ebbfbe6e23f4cec7471591d02a97413d2c5e3f941ef44b,049a351c5bd4177352dc86375bafb135783c430d8e99496ec6de0c409f16d5c2
pm:vm:photonmelodies11.rio.004:1139636328:00270760:01463,cvm,【武】「这可难说…………大家，<0A>不管怎么说都消耗了不少体力…………」<01>,[],layout_only,b891ae3680545761506075b301f3b577aea9734ba54df7a91712556a0155a231,7db8ef361fac8d5bc512b6e752b81066e2d0608b1099bc7383b8be3267967875
pm:vm:photonmelodies11.rio.004:1139636328:00270816:01464,cvm,【茜】「沙滩排球这项运动比想象中辛苦多了，真的」<01>,[],layout_only,7973f28106fc0ffd373434f08048675f5f9cca386ad04f14c3d1dc2747b466c7,c716e9a92ee4a60ac3806e7187b1dec31159a6eaccd503fa108e14f8377a8dc0
pm:vm:photonmelodies11.rio.004:1139636328:00271048:01465,cvm,【柏木】「这样啊…………」<01>,[],layout_only,93b779385e17b032b48a38a5902b4a38b1f45ac03b104778a6e2124c4901e807,9ae61c7a0ada000055ef7b426ef132e83fdea5d86b482a64c6e2adbd33dad34c
pm:vm:photonmelodies11.rio.004:1139636328:00271092:01466,cvm,【武】「好，总之没时间了。<0A>得赶紧把阵容定下来！」<01>,[],layout_only,1e3d56c5e19b2b64c36bdeb56e9dc254cd92929325bfa6414a27eaa026727051,58f7f5fc69893b81d81db770be52e5b0fdd8d5e4d0bb4a66da08e3f57f47a561
