"jp","cn","status","category","occurrences","jp_text_rows","speaker_rows","aligned_cn_rows","variants_cn","first_stable_id","first_scene","source","basis"
"武","武","confirmed","speaker/name-or-title / 说话人标签","11490","11490","10798","11485","","pm:static:photonmelodies11.rio.002:1544313288:00208464","crsa:photonmelodies11.rio.002@1544313288","final_speaker_labels / glossary_photonmelodies_v2","白银武通称，汉字保留。; Extracted from current cn_text speaker brackets. | 最终全文说话人标签：10797/10798"
"冥夜","冥夜","confirmed","speaker/name-or-title / 说话人标签","2193","2193","1665","2192","","pm:static:photonmelodies11.rio.002:1544313288:00209276","crsa:photonmelodies11.rio.002@1544313288","final_speaker_labels / glossary_photonmelodies_v2","常见角色名，汉字保留。; Speaker bracket.; Extracted from current cn_text speaker brackets. | 最终全文说话人标签：1665/1665"
"悠陽","悠阳","confirmed","speaker/name-or-title / 公共总表术语 / 第二遍术语证据 / 说话人标签","2111","2111","1616","2108","","pm:static:photonmelodies11.rio.002:1544313288:00209032","crsa:photonmelodies11.rio.002@1544313288","final_speaker_labels / glossary_photonmelodies_v2 / main_glossary / second_pass_line_evidence","常见角色名，简体化。; Speaker bracket.; Extracted from current cn_text speaker brackets. | 公共总表；须以本篇最终正文核对适用语境 | 第二遍行级证据（3条） | 最终全文说话人标签：1616/1616"
"純夏","纯夏","confirmed","speaker/name-or-title / 第二遍术语证据 / 说话人标签","2070","2070","1579","2070","","pm:static:photonmelodies11.rio.002:1544313288:00210948","crsa:photonmelodies11.rio.002@1544313288","final_speaker_labels / glossary_photonmelodies_v2 / second_pass_line_evidence","常见角色名，简体化。; Speaker bracket.; Extracted from current cn_text speaker brackets. | 第二遍行级证据（2条） | 最终全文说话人标签：1579/1579"
"霞","霞","confirmed","speaker/name-or-title / 说话人标签","1882","1882","1282","1881","","pm:static:photonmelodies11.rio.002:1544313288:00210644","crsa:photonmelodies11.rio.002@1544313288","final_speaker_labels / glossary_photonmelodies_v2","常见角色名，汉字保留。; Extracted from current cn_text speaker brackets. | 最终全文说话人标签：1282/1282"
"夕呼","夕呼","confirmed","speaker/name-or-title / 说话人标签","1447","1447","1185","1447","","pm:static:photonmelodies11.rio.002:1544313288:00221604","crsa:photonmelodies11.rio.002@1544313288","final_speaker_labels / glossary_photonmelodies_v2","常见角色名，汉字保留。; Extracted from current cn_text speaker brackets. | 最终全文说话人标签：1185/1185"
"千鶴","千鹤","confirmed","speaker/name-or-title / 说话人标签","1004","1004","831","1004","","pm:static:photonmelodies11.rio.002:1544313288:00223366","crsa:photonmelodies11.rio.002@1544313288","final_speaker_labels / glossary_photonmelodies_v2","常见角色名，简体化。; Speaker bracket.; Extracted from current cn_text speaker brackets. | 最终全文说话人标签：831/831"
"美琴","美琴","confirmed","speaker/name-or-title / 说话人标签","961","961","791","957","","pm:static:photonmelodies11.rio.002:1544313288:00227942","crsa:photonmelodies11.rio.002@1544313288","final_speaker_labels / glossary_photonmelodies_v2","常见角色名，汉字保留。; Speaker bracket.; Extracted from current cn_text speaker brackets. | 最终全文说话人标签：791/791"
"月詠","月咏","confirmed","speaker/name-or-title / 说话人标签","906","906","705","906","","pm:static:photonmelodies11.rio.002:1544313288:00222512","crsa:photonmelodies11.rio.002@1544313288","final_speaker_labels / glossary_photonmelodies_v2","说话人名/称谓，需要固定。; Speaker bracket.; Extracted from current cn_text speaker brackets. | 最终全文说话人标签：705/705"
"柏木","柏木","confirmed","speaker/name-or-title / 说话人标签","900","900","733","900","","pm:static:photonmelodies11.rio.002:1544313288:00227536","crsa:photonmelodies11.rio.002@1544313288","final_speaker_labels / glossary_photonmelodies_v2","说话人名/称谓，需要固定。; Speaker bracket.; Extracted from current cn_text speaker brackets. | 最终全文说话人标签：733/733"
"慧","慧","confirmed","speaker/name-or-title / 说话人标签","893","893","857","892","","pm:static:photonmelodies11.rio.002:1544313288:00225658","crsa:photonmelodies11.rio.002@1544313288","final_speaker_labels / glossary_photonmelodies_v2","说话人名/称谓，需要固定。; Speaker bracket.; Extracted from current cn_text speaker brackets. | 最终全文说话人标签：857/857"
"壬姫","壬姬","confirmed","speaker/name-or-title / 说话人标签","789","789","726","785","","pm:static:photonmelodies11.rio.002:1544313288:00225330","crsa:photonmelodies11.rio.002@1544313288","final_speaker_labels / glossary_photonmelodies_v2","常见角色名，简体化。; Extracted from current cn_text speaker brackets. | 最终全文说话人标签：726/726"
"水月","水月","confirmed","speaker/name-or-title / 说话人标签","706","706","618","618","","pm:static:photonmelodies11.rio.003:1808201404:00084862","crsa:photonmelodies11.rio.003@1808201404","final_speaker_labels / glossary_photonmelodies_v2","说话人名/称谓，需要固定。 | 最终全文说话人标签：618/618"
"宗像","宗像","confirmed","speaker/name-or-title / 说话人标签","535","535","475","475","","pm:static:photonmelodies11.rio.003:1668688832:00311785","crsa:photonmelodies11.rio.003@1668688832","final_speaker_labels / glossary_photonmelodies_v2","说话人名/称谓，需要固定。 | 最终全文说话人标签：475/475"
"武様","武先生","confirmed","人物称谓","525","525","0","525","","pm:static:photonmelodies11.rio.002:1544313288:00209524","crsa:photonmelodies11.rio.002@1544313288","current_public_terms","用户审定（人物称谓）"
"ウォーケン","沃肯","confirmed","speaker/name-or-title / 公共总表术语 / 说话人标签","510","510","426","510","","pm:static:photonmelodies11.rio.002:1544313288:00331882","crsa:photonmelodies11.rio.002@1544313288","final_speaker_labels / glossary_photonmelodies_v2 / main_glossary","说话人名/称谓，需要固定。; Teacher name; Takeru calls him 少佐 as part of the joke.; Extracted from current cn_text speaker brackets.; Teacher name used in batch042-043. | 公共总表；须以本篇最终正文核对适用语境 | 最终全文说话人标签：426/426"
"まりも","麻理茉","confirmed","speaker/name-or-title / 人物称谓 / 第二遍术语证据 / 说话人标签","457","457","334","398","真理茂","pm:static:photonmelodies11.rio.002:1544313288:00267738","crsa:photonmelodies11.rio.002@1544313288","current_public_terms / final_speaker_labels / glossary_photonmelodies_v2 / second_pass_line_evidence","本篇权威人物名证据；まりもちゃん按称谓译“小麻” | 平假名角色名，译名需与既有系列术语统一。; Teacher name.; Extracted from current cn_text speaker brackets.; Teacher name per existing project usage. | 第二遍行级证据（1条） | 最终全文说话人标签：334/334"
"茜","茜","confirmed","speaker/name-or-title / 说话人标签","452","452","345","452","","pm:static:photonmelodies11.rio.003:0839604068:00273182","crsa:photonmelodies11.rio.003@839604068","final_speaker_labels / glossary_photonmelodies_v2","说话人名/称谓，需要固定。; Extracted from current cn_text speaker brackets. | 最终全文说话人标签：345/345"
"ピアティフ","皮亚蒂芙","confirmed","speaker/name-or-title / 公共总表术语 / 已审定术语 / 第二遍术语证据 / 说话人标签","363","363","269","363","皮亚蒂夫","pm:static:photonmelodies11.rio.003:0839604068:00206734","crsa:photonmelodies11.rio.003@839604068","current_public_terms / final_speaker_labels / glossary_photonmelodies_v2 / main_glossary / second_pass_line_evidence","本篇审定（覆盖主库旧译） | 说话人名/称谓，需要固定。; 皮亚蒂芙.; Extracted from current cn_text speaker brackets.; Teacher/assistant name. | 公共总表；须以本篇最终正文核对适用语境 | 第二遍行级证据（86条） | 最终全文说话人标签：269/269"
"風間","风间","confirmed","speaker/name-or-title / 说话人标签","339","339","303","303","","pm:static:photonmelodies11.rio.003:1668688832:00310521","crsa:photonmelodies11.rio.003@1668688832","final_speaker_labels / glossary_photonmelodies_v2","说话人名/称谓，需要固定。 | 最终全文说话人标签：303/303"
"遙","遥","confirmed","speaker/name-or-title / 说话人标签","330","330","294","294","","pm:static:photonmelodies11.rio.003:1808201404:00118388","crsa:photonmelodies11.rio.003@1808201404","final_speaker_labels / glossary_photonmelodies_v2","说话人名/称谓，需要固定。 | 最终全文说话人标签：294/294"
"真耶","真耶","confirmed","speaker/name-or-title / 说话人标签","303","303","241","241","","pm:static:photonmelodies11.rio.003:2092185664:00252514","crsa:photonmelodies11.rio.003@2092185664","final_speaker_labels / glossary_photonmelodies_v2","说话人名/称谓，需要固定。 | 最终全文说话人标签：241/241"
"タケルちゃん","小武","confirmed","人物称谓","275","275","0","275","","pm:static:photonmelodies11.rio.002:1544313288:00213904","crsa:photonmelodies11.rio.002@1544313288","current_public_terms","用户审定（人物称谓）"
"ザウバー","扎乌伯","confirmed","speaker/name-or-title / 已审定术语 / 说话人标签","261","261","232","261","","pm:static:photonmelodies11.rio.003:1487490840:00141556","crsa:photonmelodies11.rio.003@1487490840","current_public_terms / final_speaker_labels / glossary_photonmelodies_v2","本篇审定 | 说话人名/称谓，需要固定。 | 最终全文说话人标签：232/232"
"イルマ","伊尔玛","confirmed","speaker/name-or-title / 已审定术语 / 说话人标签","227","227","184","227","","pm:static:photonmelodies11.rio.003:1272111780:00125082","crsa:photonmelodies11.rio.003@1272111780","current_public_terms / final_speaker_labels / glossary_photonmelodies_v2","本篇审定 | 说话人名/称谓，需要固定。; Teslef teacher's first name/speaker name.; Extracted from current cn_text speaker brackets.; Teacher name used in batch042-043. | 最终全文说话人标签：184/184"
"御剣","御剑","confirmed","第二遍术语证据","225","225","0","225","","pm:static:photonmelodies11.rio.002:1544313288:00223366","crsa:photonmelodies11.rio.002@1544313288","second_pass_line_evidence","第二遍行级证据（1条）"
"築地","筑地","confirmed","speaker/name-or-title / 说话人标签","216","216","169","216","","pm:static:photonmelodies11.rio.003:0839604068:00354224","crsa:photonmelodies11.rio.003@839604068","final_speaker_labels / glossary_photonmelodies_v2","说话人名/称谓，需要固定。; Extracted from current cn_text speaker brackets. | 最终全文说话人标签：169/169"
"涼宮","凉宫","confirmed","speaker/name-or-title / 说话人标签","175","175","1","1","","pm:static:photonmelodies11.rio.003:0839604068:00272888","crsa:photonmelodies11.rio.003@839604068","final_speaker_labels / glossary_photonmelodies_v2","说话人名/称谓，需要固定。 | 最终全文说话人标签：1/1"
"夕呼先生","夕呼老师","confirmed","第二遍术语证据","174","174","0","174","","pm:static:photonmelodies11.rio.002:1544313288:00221604","crsa:photonmelodies11.rio.002@1544313288","second_pass_line_evidence","第二遍行级证据（2条）"
"女性","女性","confirmed","speaker/name-or-title / 说话人标签","148","148","96","137","","pm:static:photonmelodies11.rio.002:1544313288:00243980","crsa:photonmelodies11.rio.002@1544313288","final_speaker_labels / glossary_photonmelodies_v2","说话人名/称谓，需要固定。; Extracted from current cn_text speaker brackets. | 最终全文说话人标签：96/96"
"みちる","美知留","confirmed","speaker/name-or-title / 说话人标签","128","128","123","123","","pm:static:photonmelodies11.rio.004:0812258960:00451268","crsa:photonmelodies11.rio.004@812258960","final_speaker_labels / glossary_photonmelodies_v2","说话人名/称谓，需要固定。 | 最终全文说话人标签：123/123"
"速瀬","速濑","confirmed","speaker/name-or-title / 说话人标签","120","120","29","29","","pm:static:photonmelodies11.rio.003:1668688832:00308805","crsa:photonmelodies11.rio.003@1668688832","final_speaker_labels / glossary_photonmelodies_v2","说话人名/称谓，需要固定。 | 最终全文说话人标签：29/29"
"巴","巴","confirmed","speaker/name-or-title / 说话人标签","105","105","47","105","","pm:static:photonmelodies11.rio.002:1544313288:00222172","crsa:photonmelodies11.rio.002@1544313288","final_speaker_labels / glossary_photonmelodies_v2","说话人名/称谓，需要固定。; Extracted from current cn_text speaker brackets. | 最终全文说话人标签：47/47"
"神代","神代","confirmed","speaker/name-or-title / 说话人标签","104","104","48","104","","pm:static:photonmelodies11.rio.002:1544313288:00222172","crsa:photonmelodies11.rio.002@1544313288","final_speaker_labels / glossary_photonmelodies_v2","说话人名/称谓，需要固定。; Extracted from current cn_text speaker brackets. | 最终全文说话人标签：48/48"
"戎","戎","confirmed","speaker/name-or-title / 说话人标签","103","103","49","103","","pm:static:photonmelodies11.rio.002:1544313288:00222172","crsa:photonmelodies11.rio.002@1544313288","final_speaker_labels / glossary_photonmelodies_v2","说话人名/称谓，需要固定。; Extracted from current cn_text speaker brackets. | 最终全文说话人标签：49/49"
"たけるさん","小武哥","confirmed","人物称谓","102","102","0","102","","pm:static:photonmelodies11.rio.003:0839604068:00174682","crsa:photonmelodies11.rio.003@839604068","current_public_terms","用户审定（人物称谓）"
"ミュン","缪恩","confirmed","speaker/name-or-title / 已审定术语 / 说话人标签","101","101","68","101","","pm:static:photonmelodies11.rio.004:1068948144:00037230","crsa:photonmelodies11.rio.004@1068948144","current_public_terms / final_speaker_labels / glossary_photonmelodies_v2","本篇审定 | 说话人名/称谓，需要固定。 | 最终全文说话人标签：68/68"
"千鶴子","千鹤子","confirmed","speaker/name-or-title / 说话人标签","99","99","83","83","","pm:static:photonmelodies11.rio.004:1457084560:00281219","crsa:photonmelodies11.rio.004@1457084560","final_speaker_labels / glossary_photonmelodies_v2","说话人名/称谓，需要固定。 | 最终全文说话人标签：83/83"
"球技大会","球类大赛","confirmed","已审定术语 / 第二遍术语证据","87","87","0","87","","pm:static:photonmelodies11.rio.002:1544313288:00351544","crsa:photonmelodies11.rio.002@1544313288","current_public_terms / second_pass_line_evidence","本篇审定 | 第二遍行级证据（44条）"
"ラダビノッド","拉达比诺德","confirmed","speaker/name-or-title / 公共总表术语 / 说话人标签","59","59","29","59","","pm:static:photonmelodies11.rio.002:1544313288:00366140","crsa:photonmelodies11.rio.002@1544313288","final_speaker_labels / glossary_photonmelodies_v2 / main_glossary","说话人名/称谓，需要固定。 | 公共总表；须以本篇最终正文核对适用语境 | 最终全文说话人标签：29/29"
"ウォーケン先生","沃肯老师","confirmed","第二遍术语证据","56","56","0","56","","pm:static:photonmelodies11.rio.002:1544313288:00333602","crsa:photonmelodies11.rio.002@1544313288","second_pass_line_evidence","第二遍行级证据（1条）"
"ＣＰ","CP","confirmed","game_term","55","55","0","55","","pm:static:photonmelodies11.rio.003:0839604068:00256794","crsa:photonmelodies11.rio.003@839604068","glossary_photonmelodies_v2","Command-post acronym in rules/interface."
"全員","全员","confirmed","speaker/name-or-title / 说话人标签","54","54","3","3","","pm:static:photonmelodies11.rio.002:1544313288:00240798","crsa:photonmelodies11.rio.002@1544313288","final_speaker_labels / glossary_photonmelodies_v2","说话人名/称谓，需要固定。 | 最终全文说话人标签：3/3"
"バルジャーノン","巴尔加农","confirmed","katakana-or-latin / 已审定术语 / 第二遍术语证据","52","52","0","52","","pm:static:photonmelodies11.rio.003:1933169644:00127616","crsa:photonmelodies11.rio.003@1933169644","current_public_terms / glossary_photonmelodies_v2 / second_pass_line_evidence","本篇审定 | カタカナ/英文式词，按规则优先判断是否适合意译。 | 第二遍行级证据（7条）"
"神代・巴","神代、巴","confirmed","speaker/name-or-title / 公共总表术语 / 说话人标签","51","51","3","3","神代・巴","pm:static:photonmelodies11.rio.002:1544313288:00222172","crsa:photonmelodies11.rio.002@1544313288","final_speaker_labels / glossary_photonmelodies_v2 / main_glossary","说话人名/称谓，需要固定。 | 公共总表；须以本篇最终正文核对适用语境 | 最终全文说话人标签：3/3"
"巴・戎","巴、戎","confirmed","speaker/name-or-title / 说话人标签","49","49","1","1","巴・戎","pm:static:photonmelodies11.rio.002:1544313288:00222172","crsa:photonmelodies11.rio.002@1544313288","final_speaker_labels / glossary_photonmelodies_v2","说话人名/称谓，需要固定。; Extracted from current cn_text speaker brackets. | 最终全文说话人标签：1/1"
"老人","老人","confirmed","speaker/name-or-title / 公共总表术语 / 说话人标签","49","49","46","48","","pm:static:photonmelodies11.rio.004:1269734756:00467680","crsa:photonmelodies11.rio.004@1269734756","final_speaker_labels / glossary_photonmelodies_v2 / main_glossary","说话人名/称谓，需要固定。 | 公共总表；须以本篇最终正文核对适用语境 | 最终全文说话人标签：46/46"
"神代・巴・戎","神代、巴、戎","confirmed","speaker/name-or-title / 公共总表术语 / 说话人标签","48","48","48","48","神代・巴・戎","pm:static:photonmelodies11.rio.002:1544313288:00222172","crsa:photonmelodies11.rio.002@1544313288","final_speaker_labels / glossary_photonmelodies_v2 / main_glossary","说话人名/称谓，需要固定。; Extracted from current cn_text speaker brackets. | 公共总表；须以本篇最终正文核对适用语境 | 最终全文说话人标签：48/48"
"夕呼・武","夕呼、武","confirmed","speaker/name-or-title / 说话人标签","47","47","47","47","","pm:static:photonmelodies11.rio.004:1169383896:00210124","crsa:photonmelodies11.rio.004@1169383896","final_speaker_labels / glossary_photonmelodies_v2","说话人名/称谓，需要固定。 | 最终全文说话人标签：47/47"
"伊隅","伊隅","confirmed","speaker/name-or-title / 说话人标签","39","39","21","21","","pm:static:photonmelodies11.rio.003:1668688832:00308305","crsa:photonmelodies11.rio.003@1668688832","final_speaker_labels / glossary_photonmelodies_v2","说话人名/称谓，需要固定。 | 最终全文说话人标签：21/21"
"シェリル","谢丽尔","confirmed","speaker/name-or-title / 已审定术语 / 说话人标签","38","38","37","38","","pm:static:photonmelodies11.rio.004:1511431932:00244531","crsa:photonmelodies11.rio.004@1511431932","current_public_terms / final_speaker_labels / glossary_photonmelodies_v2","本篇审定 | 说话人名/称谓，需要固定。 | 最终全文说话人标签：37/37"
"Ｄ組","D 班","confirmed","已审定术语","30","30","0","30","","pm:static:photonmelodies11.rio.003:0839604068:00206734","crsa:photonmelodies11.rio.003@839604068","current_public_terms","本篇审定"
"小隊","小队","confirmed","公共总表术语","27","27","0","27","","pm:static:photonmelodies11.rio.003:0839604068:00339290","crsa:photonmelodies11.rio.003@839604068","main_glossary","公共总表；须以本篇最终正文核对适用语境"
"白陵","白陵","confirmed","公共总表术语 / 已审定术语 / 第二遍术语证据","27","27","0","27","","pm:static:photonmelodies11.rio.003:0839604068:00262628","crsa:photonmelodies11.rio.003@839604068","current_public_terms / main_glossary / second_pass_line_evidence","主库术语表 | 公共总表；须以本篇最终正文核对适用语境 | 第二遍行级证据（1条）"
"女の子","女孩","confirmed","speaker/name-or-title / 公共总表术语 / 说话人标签","26","26","2","24","","pm:static:photonmelodies11.rio.003:1272111780:00165920","crsa:photonmelodies11.rio.003@1272111780","final_speaker_labels / glossary_photonmelodies_v2 / main_glossary","说话人名/称谓，需要固定。 | 公共总表；须以本篇最终正文核对适用语境 | 最终全文说话人标签：2/2"
"神宮司","神宫司","confirmed","公共总表术语","26","26","0","26","","pm:static:photonmelodies11.rio.002:1544313288:00334472","crsa:photonmelodies11.rio.002@1544313288","main_glossary","公共总表；须以本篇最终正文核对适用语境"
"レストラン","餐厅","confirmed","第二遍术语证据","23","23","0","23","","pm:static:photonmelodies11.rio.004:0695803188:00161271","crsa:photonmelodies11.rio.004@695803188","second_pass_line_evidence","第二遍行级证据（1条）"
"パパ","爸爸","confirmed","speaker/name-or-title / 说话人标签","21","21","2","2","","pm:static:photonmelodies11.rio.004:0426952928:00326485","crsa:photonmelodies11.rio.004@426952928","final_speaker_labels / glossary_photonmelodies_v2","说话人名/称谓，需要固定。 | 最终全文说话人标签：2/2"
"Ａ小隊","A小队","confirmed","speaker/name-or-title / 说话人标签","21","21","3","4","","pm:static:photonmelodies11.rio.003:0839604068:00339290","crsa:photonmelodies11.rio.003@839604068","final_speaker_labels / glossary_photonmelodies_v2","说话人名/称谓，需要固定。; Extracted from current cn_text speaker brackets. | 最终全文说话人标签：3/3"
"女性１","女性1","confirmed","说话人标签","20","0","20","20","","pm:static:photonmelodies11.rio.004:0860955960:00177761","crsa:photonmelodies11.rio.004@860955960","final_speaker_labels","最终全文说话人标签：20/20"
"悠陽・冥夜","悠阳、冥夜","confirmed","speaker/name-or-title / 说话人标签","20","20","19","19","悠阳・冥夜","pm:static:photonmelodies11.rio.002:1544313288:00306174","crsa:photonmelodies11.rio.002@1544313288","final_speaker_labels / glossary_photonmelodies_v2","说话人名/称谓，需要固定。; Extracted from current cn_text speaker brackets. | 最终全文说话人标签：19/19"
"イルマ・ピアティフ","伊尔玛、皮亚蒂芙","confirmed","speaker/name-or-title / 说话人标签","19","19","16","16","","pm:static:photonmelodies11.rio.004:0258770628:00260978","crsa:photonmelodies11.rio.004@258770628","final_speaker_labels / glossary_photonmelodies_v2","说话人名/称谓，需要固定。 | 最终全文说话人标签：16/16"
"サバゲー","生存战","confirmed","已审定术语 / 第二遍术语证据","19","19","0","19","","pm:static:photonmelodies11.rio.003:0839604068:00214194","crsa:photonmelodies11.rio.003@839604068","current_public_terms / second_pass_line_evidence","本篇审定 | 第二遍行级证据（1条）"
"熊","熊","confirmed","speaker/name-or-title / 说话人标签","19","19","11","11","","pm:static:photonmelodies11.rio.004:0499205748:00194014","crsa:photonmelodies11.rio.004@499205748","final_speaker_labels / glossary_photonmelodies_v2","说话人名/称谓，需要固定。 | 最终全文说话人标签：11/11"
"ゲームガイ","Game Guy","confirmed","已审定术语","17","17","0","17","","pm:static:photonmelodies11.rio.003:2092185664:00319876","crsa:photonmelodies11.rio.003@2092185664","current_public_terms","本篇审定"
"シミュレーター","模拟器","confirmed","已审定术语 / 第二遍术语证据","17","17","0","17","","pm:static:photonmelodies11.rio.004:0131862200:00295486","crsa:photonmelodies11.rio.004@131862200","current_public_terms / second_pass_line_evidence","本篇审定 | 第二遍行级证据（1条）"
"武・純夏","武、纯夏","confirmed","speaker/name-or-title / 说话人标签","17","17","15","15","武・纯夏","pm:static:photonmelodies11.rio.003:0839604068:00350346","crsa:photonmelodies11.rio.003@839604068","final_speaker_labels / glossary_photonmelodies_v2","说话人名/称谓，需要固定。; Extracted from current cn_text speaker brackets. | 最终全文说话人标签：15/15"
"カジノ","赌场","confirmed","已审定术语 / 第二遍术语证据","16","16","0","16","","pm:static:photonmelodies11.rio.004:1361070408:00439469","crsa:photonmelodies11.rio.004@1361070408","current_public_terms / second_pass_line_evidence","本篇审定 | 第二遍行级证据（7条）"
"冥夜・悠陽","冥夜、悠阳","confirmed","speaker/name-or-title / 说话人标签","15","15","8","8","冥夜・悠阳","pm:static:photonmelodies11.rio.002:1544313288:00210368","crsa:photonmelodies11.rio.002@1544313288","final_speaker_labels / glossary_photonmelodies_v2","说话人名/称谓，需要固定。; Extracted from current cn_text speaker brackets. | 最终全文说话人标签：8/8"
"女性２","女性2","confirmed","说话人标签","15","0","15","15","","pm:static:photonmelodies11.rio.004:0860955960:00178075","crsa:photonmelodies11.rio.004@860955960","final_speaker_labels","最终全文说话人标签：15/15"
"榊さん","榊同学","confirmed","人物称谓","15","15","0","15","","pm:static:photonmelodies11.rio.002:1544313288:00289544","crsa:photonmelodies11.rio.002@1544313288","current_public_terms","本篇权威称谓证据"
"男の子","男孩","confirmed","speaker/name-or-title / 公共总表术语 / 说话人标签","15","15","6","6","少年","pm:static:photonmelodies11.rio.003:1272111780:00163086","crsa:photonmelodies11.rio.003@1272111780","final_speaker_labels / glossary_photonmelodies_v2 / main_glossary","说话人名/称谓，需要固定。 | 公共总表；须以本篇最终正文核对适用语境 | 最终全文说话人标签：6/6"
"ニュートリノ","中微子","confirmed","已审定术语 / 第二遍术语证据","14","14","0","14","","pm:static:photonmelodies11.rio.002:1214082412:00004943","crsa:photonmelodies11.rio.002@1214082412","current_public_terms / second_pass_line_evidence","本篇审定 | 第二遍行级证据（1条）"
"白銀武","白银武","confirmed","公共总表术语 / 已审定术语","14","14","0","14","","pm:static:photonmelodies11.rio.002:1544313288:00342470","crsa:photonmelodies11.rio.002@1544313288","current_public_terms / main_glossary","主库术语表 | 公共总表；须以本篇最终正文核对适用语境"
"北極星島","北极星岛","confirmed","已审定术语 / 第二遍术语证据","13","13","0","13","","pm:static:photonmelodies11.rio.004:0780938508:00051707","crsa:photonmelodies11.rio.004@780938508","current_public_terms / second_pass_line_evidence","本篇审定 | 第二遍行级证据（2条）"
"水上バイク","水上摩托艇","confirmed","已审定术语 / 第二遍术语证据","13","13","0","13","","pm:static:photonmelodies11.rio.004:0812258960:00438430","crsa:photonmelodies11.rio.004@812258960","current_public_terms / second_pass_line_evidence","本篇审定 | 第二遍行级证据（5条）"
"アルタイル・ビーチ","牛郎星海滩","confirmed","已审定术语 / 第二遍术语证据","12","12","0","12","","pm:static:photonmelodies11.rio.004:0860955960:00161171","crsa:photonmelodies11.rio.004@860955960","current_public_terms / second_pass_line_evidence","本篇审定 | 第二遍行级证据（4条）"
"データベース","数据库","confirmed","公共总表术语","12","12","0","12","","pm:static:photonmelodies11.rio.004:1216455180:00047517","crsa:photonmelodies11.rio.004@1216455180","main_glossary","公共总表；须以本篇最终正文核对适用语境"
"ヤキソバ","炒面","confirmed","已审定术语 / 第二遍术语证据","12","12","0","12","","pm:static:photonmelodies11.rio.003:2092185664:00336042","crsa:photonmelodies11.rio.003@2092185664","current_public_terms / second_pass_line_evidence","本篇审定 | 第二遍行级证据（3条）"
"大晦日","除夕","confirmed","第二遍术语证据","12","12","0","12","","pm:static:photonmelodies11.rio.004:1327482084:00174559","crsa:photonmelodies11.rio.004@1327482084","second_pass_line_evidence","第二遍行级证据（2条）"
"恋愛原子核","恋爱原子核","confirmed","已审定术语 / 第二遍术语证据","12","12","0","12","","pm:static:photonmelodies11.rio.003:0839604068:00209242","crsa:photonmelodies11.rio.003@839604068","current_public_terms / second_pass_line_evidence","本篇审定 | 第二遍行级证据（2条）"
"毛布","毛毯","confirmed","第二遍术语证据","12","12","0","12","","pm:static:photonmelodies11.rio.004:0499205748:00154404","crsa:photonmelodies11.rio.004@499205748","second_pass_line_evidence","第二遍行级证据（1条）"
"福袋","福袋","confirmed","第二遍术语证据","12","12","0","12","","pm:static:photonmelodies11.rio.004:1327482084:00362385","crsa:photonmelodies11.rio.004@1327482084","second_pass_line_evidence","第二遍行级证据（1条）"
"麓","山脚","confirmed","第二遍术语证据","12","12","0","12","","pm:static:photonmelodies11.rio.004:0499205748:00116294","crsa:photonmelodies11.rio.004@499205748","second_pass_line_evidence","第二遍行级证据（1条）"
"ジャミング","干扰","confirmed","第二遍术语证据","11","11","0","11","","pm:static:photonmelodies11.rio.004:0426952928:00297379","crsa:photonmelodies11.rio.004@426952928","second_pass_line_evidence","第二遍行级证据（1条）"
"プレアディス","普勒阿得斯","confirmed","已审定术语 / 第二遍术语证据","11","11","0","11","","pm:static:photonmelodies11.rio.004:1235087732:00516800","crsa:photonmelodies11.rio.004@1235087732","current_public_terms / second_pass_line_evidence","本篇审定 | 第二遍行级证据（3条）"
"博士","博士","confirmed","说话人标签","11","0","11","11","","pm:static:photonmelodies11.rio.002:1214082412:00003241","crsa:photonmelodies11.rio.002@1214082412","final_speaker_labels","最终全文说话人标签：11/11"
"壬姫・美琴","壬姬、美琴","confirmed","speaker/name-or-title / 说话人标签","11","11","8","8","","pm:static:photonmelodies11.rio.004:0426952928:00305647","crsa:photonmelodies11.rio.004@426952928","final_speaker_labels / glossary_photonmelodies_v2","说话人名/称谓，需要固定。 | 最终全文说话人标签：8/8"
"武・霞","武、霞","confirmed","speaker/name-or-title / 说话人标签","10","10","10","10","","pm:static:photonmelodies11.rio.004:0258770628:00162610","crsa:photonmelodies11.rio.004@258770628","final_speaker_labels / glossary_photonmelodies_v2","说话人名/称谓，需要固定。 | 最终全文说话人标签：10/10"
"水着撮影会","泳装摄影会","confirmed","第二遍术语证据","10","10","0","10","","pm:static:photonmelodies11.rio.003:0839604068:00281986","crsa:photonmelodies11.rio.003@839604068","second_pass_line_evidence","第二遍行级证据（1条）"
"涼宮茜","凉宫茜","confirmed","公共总表术语 / 已审定术语","10","10","0","10","","pm:static:photonmelodies11.rio.003:0839604068:00273182","crsa:photonmelodies11.rio.003@839604068","current_public_terms / main_glossary","主库术语表 | 公共总表；须以本篇最终正文核对适用语境"
"ヒント","线索","confirmed","第二遍术语证据","9","9","0","9","","pm:static:photonmelodies11.rio.004:0933776684:00482089","crsa:photonmelodies11.rio.004@933776684","second_pass_line_evidence","第二遍行级证据（1条）"
"ベガ・ビーチ","织女星海滩","confirmed","第二遍术语证据","9","9","0","9","","pm:static:photonmelodies11.rio.004:0780938508:00049731","crsa:photonmelodies11.rio.004@780938508","second_pass_line_evidence","第二遍行级证据（1条）"
"マイルドクルー","迈尔德·克鲁","confirmed","已审定术语 / 第二遍术语证据","9","9","0","9","麦尔德库鲁","pm:static:photonmelodies11.rio.003:1272111780:00204714","crsa:photonmelodies11.rio.003@1272111780","current_public_terms / second_pass_line_evidence","本篇审定 | 第二遍行级证据（1条）"
"基地","基地","confirmed","公共总表术语","9","9","0","9","","pm:static:photonmelodies11.rio.004:1361070408:00252785","crsa:photonmelodies11.rio.004@1361070408","main_glossary","公共总表；须以本篇最终正文核对适用语境"
"女たち","众女","confirmed","speaker/name-or-title / 说话人标签","9","9","1","1","","pm:static:photonmelodies11.rio.003:1933169644:00159672","crsa:photonmelodies11.rio.003@1933169644","final_speaker_labels / glossary_photonmelodies_v2","说话人名/称谓，需要固定。 | 最终全文说话人标签：1/1"
"隊長","队长","confirmed","公共总表术语","9","9","0","9","","pm:static:photonmelodies11.rio.003:0839604068:00353138","crsa:photonmelodies11.rio.003@839604068","main_glossary","公共总表；须以本篇最终正文核对适用语境"
"コスト","成本","confirmed","公共总表术语","8","8","0","8","","pm:static:photonmelodies11.rio.004:1199844672:00096600","crsa:photonmelodies11.rio.004@1199844672","main_glossary","公共总表；须以本篇最终正文核对适用语境"
"ママ","妈妈","confirmed","speaker/name-or-title / 说话人标签","8","8","1","1","","pm:static:photonmelodies11.rio.004:0258770628:00143228","crsa:photonmelodies11.rio.004@258770628","final_speaker_labels / glossary_photonmelodies_v2","说话人名/称谓，需要固定。 | 最终全文说话人标签：1/1"
"レバッ","肝脏","confirmed","第二遍术语证据","8","8","0","8","","pm:static:photonmelodies11.rio.004:0860955960:00118157","crsa:photonmelodies11.rio.004@860955960","second_pass_line_evidence","第二遍行级证据（3条）"
"ＵＭＡ","UMA","confirmed","已审定术语 / 第二遍术语证据","8","8","0","8","","pm:static:photonmelodies11.rio.004:1457084560:00449583","crsa:photonmelodies11.rio.004@1457084560","current_public_terms / second_pass_line_evidence","本篇审定 | 第二遍行级证据（7条）"
"カイゼル","凯泽尔","confirmed","第二遍术语证据","7","7","0","7","","pm:static:photonmelodies11.rio.004:1361070408:00287737","crsa:photonmelodies11.rio.004@1361070408","second_pass_line_evidence","第二遍行级证据（1条）"
"ブーツ","雪靴","confirmed","第二遍术语证据","7","7","0","7","","pm:static:photonmelodies11.rio.004:0499205748:00138986","crsa:photonmelodies11.rio.004@499205748","second_pass_line_evidence","第二遍行级证据（1条）"
"女官１","女官1","confirmed","speaker/name-or-title / 说话人标签","7","7","7","7","","pm:static:photonmelodies11.rio.004:1259067424:00342532","crsa:photonmelodies11.rio.004@1259067424","final_speaker_labels / glossary_photonmelodies_v2","说话人名/称谓，需要固定。 | 最终全文说话人标签：7/7"
"拠点","据点","confirmed","第二遍术语证据","7","7","0","7","","pm:static:photonmelodies11.rio.004:0655753292:00142608","crsa:photonmelodies11.rio.004@655753292","second_pass_line_evidence","第二遍行级证据（1条）"
"武・壬姫","武、壬姬","confirmed","speaker/name-or-title / 说话人标签","7","7","7","7","","pm:static:photonmelodies11.rio.004:1560893912:00129205","crsa:photonmelodies11.rio.004@1560893912","final_speaker_labels / glossary_photonmelodies_v2","说话人名/称谓，需要固定。 | 最终全文说话人标签：7/7"
"武・水月","武、水月","confirmed","speaker/name-or-title / 说话人标签","7","7","6","6","","pm:static:photonmelodies11.rio.004:1169383896:00131740","crsa:photonmelodies11.rio.004@1169383896","final_speaker_labels / glossary_photonmelodies_v2","说话人名/称谓，需要固定。 | 最终全文说话人标签：6/6"
"臨界","临界","confirmed","已审定术语 / 第二遍术语证据","7","7","0","7","","pm:static:photonmelodies11.rio.002:1214082412:00004325","crsa:photonmelodies11.rio.002@1214082412","current_public_terms / second_pass_line_evidence","本篇审定 | 第二遍行级证据（3条）"
"観客","观众","confirmed","speaker/name-or-title / 说话人标签","7","7","7","7","","pm:static:photonmelodies11.rio.004:1068948144:00033086","crsa:photonmelodies11.rio.004@1068948144","final_speaker_labels / glossary_photonmelodies_v2","说话人名/称谓，需要固定。 | 最终全文说话人标签：7/7"
"エロ大臣","色鬼大臣","confirmed","已审定术语 / 第二遍术语证据","6","6","0","6","","pm:static:photonmelodies11.rio.004:1361070408:00412281","crsa:photonmelodies11.rio.004@1361070408","current_public_terms / second_pass_line_evidence","本篇审定 | 第二遍行级证据（2条）"
"メートル","米","confirmed","公共总表术语","6","6","0","6","","pm:static:photonmelodies11.rio.004:0426952928:00516701","crsa:photonmelodies11.rio.004@426952928","main_glossary","公共总表；须以本篇最终正文核对适用语境"
"武君人形","小武人偶","confirmed","speaker/name-or-title / 说话人标签","6","6","5","5","","pm:static:photonmelodies11.rio.004:1235087732:00531784","crsa:photonmelodies11.rio.004@1235087732","final_speaker_labels / glossary_photonmelodies_v2","说话人名/称谓，需要固定。 | 最终全文说话人标签：5/5"
"純夏・霞","纯夏、霞","confirmed","speaker/name-or-title / 说话人标签","6","6","4","4","","pm:static:photonmelodies11.rio.004:0131862200:00070886","crsa:photonmelodies11.rio.004@131862200","final_speaker_labels / glossary_photonmelodies_v2","说话人名/称谓，需要固定。 | 最终全文说话人标签：4/4"
"長官","长官","confirmed","说话人标签","6","0","6","6","","pm:static:photonmelodies11.rio.002:1214082412:00003777","crsa:photonmelodies11.rio.002@1214082412","final_speaker_labels","最终全文说话人标签：6/6"
"にゃーむ子","喵姆子","confirmed","已审定术语 / 第二遍术语证据","5","5","0","5","","pm:static:photonmelodies11.rio.004:1560893912:00114063","crsa:photonmelodies11.rio.004@1560893912","current_public_terms / second_pass_line_evidence","本篇审定（戏仿专名） | 第二遍行级证据（2条）"
"ウォータースライダー","水上滑梯","confirmed","已审定术语 / 第二遍术语证据","5","5","0","5","","pm:static:photonmelodies11.rio.004:0933776684:00386647","crsa:photonmelodies11.rio.004@933776684","current_public_terms / second_pass_line_evidence","本篇审定 | 第二遍行级证据（1条）"
"オペレーター","操作员","confirmed","公共总表术语 / 说话人标签","5","5","5","5","","pm:static:photonmelodies11.rio.002:1214082412:00003589","crsa:photonmelodies11.rio.002@1214082412","final_speaker_labels / main_glossary","公共总表；须以本篇最终正文核对适用语境 | 最终全文说话人标签：5/5"
"ゴンドラ","吊厢","confirmed","已审定术语 / 第二遍术语证据","5","5","0","5","","pm:static:photonmelodies11.rio.004:0499205748:00082690","crsa:photonmelodies11.rio.004@499205748","current_public_terms / second_pass_line_evidence","本篇审定 | 第二遍行级证据（5条）"
"マイルドクルー横幅","迈尔德·克鲁横幅","confirmed","已审定术语 / 第二遍术语证据","5","5","0","5","","pm:static:photonmelodies11.rio.003:1272111780:00204714","crsa:photonmelodies11.rio.003@1272111780","current_public_terms / second_pass_line_evidence","本篇审定 | 第二遍行级证据（1条）"
"先生ズ","老师们","confirmed","speaker/name-or-title / 说话人标签","5","5","1","1","","pm:static:photonmelodies11.rio.004:0426952928:00290219","crsa:photonmelodies11.rio.004@426952928","final_speaker_labels / glossary_photonmelodies_v2","说话人名/称谓，需要固定。 | 最终全文说话人标签：1/1"
"壬姫・武","壬姬、武","confirmed","speaker/name-or-title / 说话人标签","5","5","5","5","","pm:static:photonmelodies11.rio.004:1560893912:00129341","crsa:photonmelodies11.rio.004@1560893912","final_speaker_labels / glossary_photonmelodies_v2","说话人名/称谓，需要固定。 | 最终全文说话人标签：5/5"
"女官２","女官2","confirmed","speaker/name-or-title / 说话人标签","5","5","4","4","","pm:static:photonmelodies11.rio.004:1259067424:00342634","crsa:photonmelodies11.rio.004@1259067424","final_speaker_labels / glossary_photonmelodies_v2","说话人名/称谓，需要固定。 | 最终全文说话人标签：4/4"
"女官３","女官3","confirmed","speaker/name-or-title / 说话人标签","5","5","5","5","","pm:static:photonmelodies11.rio.004:1259067424:00342770","crsa:photonmelodies11.rio.004@1259067424","final_speaker_labels / glossary_photonmelodies_v2","说话人名/称谓，需要固定。 | 最终全文说话人标签：5/5"
"女２","女2","confirmed","speaker/name-or-title / 说话人标签","5","5","5","5","","pm:static:photonmelodies11.rio.004:1269734756:00296798","crsa:photonmelodies11.rio.004@1269734756","final_speaker_labels / glossary_photonmelodies_v2","说话人名/称谓，需要固定。 | 最终全文说话人标签：5/5"
"宗像美冴","宗像美冴","confirmed","公共总表术语 / 已审定术语","5","5","0","5","","pm:static:photonmelodies11.rio.004:0860955960:00179465","crsa:photonmelodies11.rio.004@860955960","current_public_terms / main_glossary","主库术语表 | 公共总表；须以本篇最终正文核对适用语境"
"御剣悠陽","御剑悠阳","confirmed","公共总表术语 / 已审定术语","5","5","0","5","","pm:static:photonmelodies11.rio.002:1544313288:00348436","crsa:photonmelodies11.rio.002@1544313288","current_public_terms / main_glossary","主库术语表 | 公共总表；须以本篇最终正文核对适用语境"
"応急処置","急救","confirmed","已审定术语 / 第二遍术语证据","5","5","0","5","","pm:static:photonmelodies11.rio.004:0499205748:00142726","crsa:photonmelodies11.rio.004@499205748","current_public_terms / second_pass_line_evidence","本篇审定 | 第二遍行级证据（1条）"
"榊原","榊原","confirmed","speaker/name-or-title / 说话人标签","5","5","3","3","","pm:static:photonmelodies11.rio.004:1457084560:00278703","crsa:photonmelodies11.rio.004@1457084560","final_speaker_labels / glossary_photonmelodies_v2","说话人名/称谓，需要固定。 | 最终全文说话人标签：3/3"
"涼宮遙","凉宫遥","confirmed","公共总表术语 / 已审定术语","5","5","0","5","","pm:static:photonmelodies11.rio.004:0812258960:00484494","crsa:photonmelodies11.rio.004@812258960","current_public_terms / main_glossary","主库术语表 | 公共总表；须以本篇最终正文核对适用语境"
"純夏・壬姫","纯夏、壬姬","confirmed","speaker/name-or-title / 说话人标签","5","5","1","1","纯夏・壬姬","pm:static:photonmelodies11.rio.002:1544313288:00316050","crsa:photonmelodies11.rio.002@1544313288","final_speaker_labels / glossary_photonmelodies_v2","说话人名/称谓，需要固定。; Extracted from current cn_text speaker brackets. | 最终全文说话人标签：1/1"
"美琴・壬姫","美琴、壬姬","confirmed","speaker/name-or-title / 说话人标签","5","5","1","1","","pm:static:photonmelodies11.rio.003:1668688832:00188089","crsa:photonmelodies11.rio.003@1668688832","final_speaker_labels / glossary_photonmelodies_v2","说话人名/称谓，需要固定。 | 最终全文说话人标签：1/1"
"風間祷子","风间祷子","confirmed","公共总表术语 / 已审定术语","5","5","0","5","","pm:static:photonmelodies11.rio.004:0860955960:00179465","crsa:photonmelodies11.rio.004@860955960","current_public_terms / main_glossary","主库术语表 | 公共总表；须以本篇最终正文核对适用语境"
"しりとり","接龙","confirmed","已审定术语 / 第二遍术语证据","4","4","0","4","日语接龙","pm:static:photonmelodies11.rio.004:0655753292:00219428","crsa:photonmelodies11.rio.004@655753292","current_public_terms / second_pass_line_evidence","本篇审定 | 第二遍行级证据（2条）"
"アルフレッド・ウォーケン","阿尔弗雷德·沃肯","confirmed","公共总表术语 / 已审定术语 / 第二遍术语证据","4","4","0","4","","pm:static:photonmelodies11.rio.002:1544313288:00331882","crsa:photonmelodies11.rio.002@1544313288","current_public_terms / main_glossary / second_pass_line_evidence","主库术语表 | 公共总表；须以本篇最终正文核对适用语境 | 第二遍行级证据（1条）"
"コブ","雪包","confirmed","已审定术语 / 第二遍术语证据","4","4","0","3","","pm:static:photonmelodies11.rio.004:0426952928:00565909","crsa:photonmelodies11.rio.004@426952928","current_public_terms / second_pass_line_evidence","本篇审定；コブ斜面按滑雪术语作“猫跳雪道” | 第二遍行级证据（1条）"
"スネイク軍団","斯内克军团","confirmed","第二遍术语证据","4","4","0","4","","pm:static:photonmelodies11.rio.004:0426952928:00571909","crsa:photonmelodies11.rio.004@426952928","second_pass_line_evidence","第二遍行级证据（1条）"
"スロット","老虎机","confirmed","第二遍术语证据","4","4","0","4","","pm:static:photonmelodies11.rio.004:1361070408:00439619","crsa:photonmelodies11.rio.004@1361070408","second_pass_line_evidence","第二遍行级证据（2条）"
"トリガー","扳机","confirmed","第二遍术语证据","4","4","0","4","","pm:static:photonmelodies11.rio.003:1272111780:00133284","crsa:photonmelodies11.rio.003@1272111780","second_pass_line_evidence","第二遍行级证据（1条）"
"バカラ","百家乐","confirmed","已审定术语 / 第二遍术语证据","4","4","0","3","","pm:static:photonmelodies11.rio.004:1361070408:00496275","crsa:photonmelodies11.rio.004@1361070408","current_public_terms / second_pass_line_evidence","本篇审定；词源说明行保留 Baccarat | 第二遍行级证据（1条）"
"バーニャ","banya","confirmed","已审定术语 / 第二遍术语证据","4","4","0","4","","pm:static:photonmelodies11.rio.004:0258770628:00219262","crsa:photonmelodies11.rio.004@258770628","current_public_terms / second_pass_line_evidence","本篇审定（俄式蒸汽浴文化词） | 第二遍行级证据（1条）"
"リスク","风险","confirmed","公共总表术语","4","4","0","4","","pm:static:photonmelodies11.rio.003:1668688832:00253139","crsa:photonmelodies11.rio.003@1668688832","main_glossary","公共总表；须以本篇最终正文核对适用语境"
"リョーリュー","löyly","confirmed","已审定术语 / 第二遍术语证据","4","4","0","4","","pm:static:photonmelodies11.rio.004:0258770628:00217340","crsa:photonmelodies11.rio.004@258770628","current_public_terms / second_pass_line_evidence","本篇审定（芬兰浴文化词） | 第二遍行级证据（1条）"
"伊隅みちる","伊隅美知留","confirmed","公共总表术语 / 已审定术语","4","4","0","4","","pm:static:photonmelodies11.rio.004:0812258960:00451268","crsa:photonmelodies11.rio.004@812258960","current_public_terms / main_glossary","主库术语表 | 公共总表；须以本篇最终正文核对适用语境"
"佐渡島","佐渡岛","confirmed","公共总表术语 / 已审定术语","4","4","0","4","","pm:static:photonmelodies11.rio.004:1269734756:00479032","crsa:photonmelodies11.rio.004@1269734756","current_public_terms / main_glossary","主库术语表 | 公共总表；须以本篇最终正文核对适用语境"
"千鶴・茜","千鹤、茜","confirmed","speaker/name-or-title / 说话人标签","4","4","3","3","","pm:static:photonmelodies11.rio.004:0933776684:00411461","crsa:photonmelodies11.rio.004@933776684","final_speaker_labels / glossary_photonmelodies_v2","说话人名/称谓，需要固定。 | 最终全文说话人标签：3/3"
"夕呼・まりも","夕呼、麻理茉","confirmed","speaker/name-or-title / 说话人标签","4","4","4","4","","pm:static:photonmelodies11.rio.004:0860955960:00123133","crsa:photonmelodies11.rio.004@860955960","final_speaker_labels / glossary_photonmelodies_v2","说话人名/称谓，需要固定。 | 最终全文说话人标签：4/4"
"大和","大和","confirmed","公共总表术语","4","4","0","4","","pm:static:photonmelodies11.rio.002:1544313288:00336878","crsa:photonmelodies11.rio.002@1544313288","main_glossary","公共总表；须以本篇最终正文核对适用语境"
"御剣達","御剑她们","confirmed","第二遍术语证据","4","4","0","4","","pm:static:photonmelodies11.rio.004:1361070408:00428207","crsa:photonmelodies11.rio.004@1361070408","second_pass_line_evidence","第二遍行级证据（1条）"
"技師","技师","confirmed","说话人标签","4","0","4","4","","pm:static:photonmelodies11.rio.002:1214082412:00003373","crsa:photonmelodies11.rio.002@1214082412","final_speaker_labels","最终全文说话人标签：4/4"
"月詠・真耶","月咏、真耶","confirmed","speaker/name-or-title / 说话人标签","4","4","4","4","","pm:static:photonmelodies11.rio.004:1259067424:00114526","crsa:photonmelodies11.rio.004@1259067424","final_speaker_labels / glossary_photonmelodies_v2","说话人名/称谓，需要固定。 | 最终全文说话人标签：4/4"
"本国","本国","confirmed","公共总表术语","4","4","0","4","","pm:static:photonmelodies11.rio.003:1272111780:00131246","crsa:photonmelodies11.rio.003@1272111780","main_glossary","公共总表；须以本篇最终正文核对适用语境"
"林間コース","林间雪道","confirmed","已审定术语 / 第二遍术语证据","4","4","0","4","","pm:static:photonmelodies11.rio.004:0655753292:00120236","crsa:photonmelodies11.rio.004@655753292","current_public_terms / second_pass_line_evidence","本篇审定 | 第二遍行级证据（2条）"
"柏木・壬姫","柏木、壬姬","confirmed","speaker/name-or-title / 说话人标签","4","4","2","2","","pm:static:photonmelodies11.rio.003:1668688832:00209913","crsa:photonmelodies11.rio.003@1668688832","final_speaker_labels / glossary_photonmelodies_v2","说话人名/称谓，需要固定。 | 最终全文说话人标签：2/2"
"水月・武","水月、武","confirmed","speaker/name-or-title / 说话人标签","4","4","4","4","","pm:static:photonmelodies11.rio.004:0933776684:00461431","crsa:photonmelodies11.rio.004@933776684","final_speaker_labels / glossary_photonmelodies_v2","说话人名/称谓，需要固定。 | 最终全文说话人标签：4/4"
"熱中症","中暑","confirmed","已审定术语 / 第二遍术语证据","4","4","0","4","","pm:static:photonmelodies11.rio.004:1457084560:00490097","crsa:photonmelodies11.rio.004@1457084560","current_public_terms / second_pass_line_evidence","本篇审定 | 第二遍行级证据（3条）"
"純夏・柏木","纯夏、柏木","confirmed","speaker/name-or-title / 说话人标签","4","4","1","1","","pm:static:photonmelodies11.rio.004:0426952928:00467823","crsa:photonmelodies11.rio.004@426952928","final_speaker_labels / glossary_photonmelodies_v2","说话人名/称谓，需要固定。 | 最终全文说话人标签：1/1"
"茜・築地","茜、筑地","confirmed","speaker/name-or-title / 说话人标签","4","4","2","2","","pm:static:photonmelodies11.rio.004:1199844672:00192162","crsa:photonmelodies11.rio.004@1199844672","final_speaker_labels / glossary_photonmelodies_v2","说话人名/称谓，需要固定。 | 最终全文说话人标签：2/2"
"衛星","卫星","confirmed","公共总表术语","4","4","0","4","","pm:static:photonmelodies11.rio.003:1668688832:00282683","crsa:photonmelodies11.rio.003@1668688832","main_glossary","公共总表；须以本篇最终正文核对适用语境"
"お姫様だっこ","公主抱","confirmed","已审定术语 / 第二遍术语证据","3","3","0","3","","pm:static:photonmelodies11.rio.004:1361070408:00507327","crsa:photonmelodies11.rio.004@1361070408","current_public_terms / second_pass_line_evidence","本篇审定 | 第二遍行级证据（2条）"
"イルマ・ピアティフ・ウォーケン","伊尔玛、皮亚蒂芙、沃肯","confirmed","speaker/name-or-title / 说话人标签","3","3","3","3","","pm:static:photonmelodies11.rio.004:0426952928:00594499","crsa:photonmelodies11.rio.004@426952928","final_speaker_labels / glossary_photonmelodies_v2","说话人名/称谓，需要固定。 | 最终全文说话人标签：3/3"
"エロ大臣タケル爆誕","色鬼大臣武横空出世","confirmed","已审定术语 / 第二遍术语证据","3","3","0","3","","pm:static:photonmelodies11.rio.004:1361070408:00412281","crsa:photonmelodies11.rio.004@1361070408","current_public_terms / second_pass_line_evidence","本篇审定 | 第二遍行级证据（1条）"
"ギャンブル","赌博","confirmed","第二遍术语证据","3","3","0","3","","pm:static:photonmelodies11.rio.003:1668688832:00212773","crsa:photonmelodies11.rio.003@1668688832","second_pass_line_evidence","第二遍行级证据（2条）"
"バル納め","巴尔收官战","confirmed","已审定术语 / 第二遍术语证据","3","3","0","3","","pm:static:photonmelodies11.rio.004:1327482084:00347325","crsa:photonmelodies11.rio.004@1327482084","current_public_terms / second_pass_line_evidence","本篇审定 | 第二遍行级证据（2条）"
"ピアティフ・イルマ","皮亚蒂芙、伊尔玛","confirmed","speaker/name-or-title / 说话人标签","3","3","3","3","","pm:static:photonmelodies11.rio.004:0258770628:00234634","crsa:photonmelodies11.rio.004@258770628","final_speaker_labels / glossary_photonmelodies_v2","说话人名/称谓，需要固定。 | 最终全文说话人标签：3/3"
"プルトニウム","钚","confirmed","已审定术语 / 第二遍术语证据","3","3","0","3","","pm:static:photonmelodies11.rio.002:1214082412:00006079","crsa:photonmelodies11.rio.002@1214082412","current_public_terms / second_pass_line_evidence","本篇审定 | 第二遍行级证据（2条）"
"ミサイル","导弹","confirmed","公共总表术语","3","3","0","3","","pm:static:photonmelodies11.rio.004:1269734756:00337318","crsa:photonmelodies11.rio.004@1269734756","main_glossary","公共总表；须以本篇最终正文核对适用语境"
"ミニトマト","小番茄","confirmed","已审定术语 / 第二遍术语证据","3","3","0","3","","pm:static:photonmelodies11.rio.004:1361070408:00454603","crsa:photonmelodies11.rio.004@1361070408","current_public_terms / second_pass_line_evidence","本篇审定 | 第二遍行级证据（3条）"
"ルージュ","口红","confirmed","已审定术语 / 第二遍术语证据","3","3","0","3","","pm:static:photonmelodies11.rio.004:1361070408:00479473","crsa:photonmelodies11.rio.004@1361070408","current_public_terms / second_pass_line_evidence","本篇审定 | 第二遍行级证据（1条）"
"ローカライズ","本土化","confirmed","已审定术语 / 第二遍术语证据","3","3","0","3","","pm:static:photonmelodies11.rio.004:0695803188:00156721","crsa:photonmelodies11.rio.004@695803188","current_public_terms / second_pass_line_evidence","本篇审定 | 第二遍行级证据（1条）"
"医者","医生","confirmed","公共总表术语","3","3","0","3","","pm:static:photonmelodies11.rio.004:0408936772:00036913","crsa:photonmelodies11.rio.004@408936772","main_glossary","公共总表；须以本篇最终正文核对适用语境"
"告白","告白","confirmed","公共总表术语","3","3","0","3","","pm:static:photonmelodies11.rio.004:0426952928:00713679","crsa:photonmelodies11.rio.004@426952928","main_glossary","公共总表；须以本篇最终正文核对适用语境"
"壬姫・霞","壬姬、霞","confirmed","speaker/name-or-title / 说话人标签","3","3","1","1","","pm:static:photonmelodies11.rio.004:0426952928:00578353","crsa:photonmelodies11.rio.004@426952928","final_speaker_labels / glossary_photonmelodies_v2","说话人名/称谓，需要固定。 | 最终全文说话人标签：1/1"
"少尉","少尉","confirmed","公共总表术语","3","3","0","3","","pm:static:photonmelodies11.rio.003:1668688832:00285923","crsa:photonmelodies11.rio.003@1668688832","main_glossary","公共总表；须以本篇最终正文核对适用语境"
"御剣冥夜","御剑冥夜","confirmed","公共总表术语 / 已审定术语","3","3","0","3","","pm:static:photonmelodies11.rio.002:1544313288:00344928","crsa:photonmelodies11.rio.002@1544313288","current_public_terms / main_glossary","主库术语表 | 公共总表；须以本篇最终正文核对适用语境"
"最大傾斜","最大坡度","confirmed","已审定术语 / 第二遍术语证据","3","3","0","3","","pm:static:photonmelodies11.rio.004:0499205748:00087488","crsa:photonmelodies11.rio.004@499205748","current_public_terms / second_pass_line_evidence","本篇审定 | 第二遍行级证据（2条）"
"正拳","正拳","confirmed","已审定术语 / 第二遍术语证据","3","3","0","3","","pm:static:photonmelodies11.rio.004:1361070408:00493507","crsa:photonmelodies11.rio.004@1361070408","current_public_terms / second_pass_line_evidence","本篇审定 | 第二遍行级证据（2条）"
"水着専門店","泳装专卖店","confirmed","第二遍术语证据","3","3","0","3","","pm:static:photonmelodies11.rio.004:0860955960:00176023","crsa:photonmelodies11.rio.004@860955960","second_pass_line_evidence","第二遍行级证据（1条）"
"無現鬼道流","无现鬼道流","confirmed","已审定术语","3","3","0","3","","pm:static:photonmelodies11.rio.003:1487490840:00099060","crsa:photonmelodies11.rio.003@1487490840","current_public_terms","本篇审定"
"猛吹雪","暴风雪","confirmed","第二遍术语证据","3","3","0","3","","pm:static:photonmelodies11.rio.004:0499205748:00116532","crsa:photonmelodies11.rio.004@499205748","second_pass_line_evidence","第二遍行级证据（1条）"
"皆琉神威","皆琉神威","confirmed","已审定术语","3","3","0","3","","pm:static:photonmelodies11.rio.002:1544313288:00346692","crsa:photonmelodies11.rio.002@1544313288","current_public_terms","本篇审定（命名保留）"
"目的地","目的地","confirmed","公共总表术语","3","3","0","3","","pm:static:photonmelodies11.rio.004:0131862200:00182144","crsa:photonmelodies11.rio.004@131862200","main_glossary","公共总表；须以本篇最终正文核对适用语境"
"真耶・月詠","真耶、月咏","confirmed","speaker/name-or-title / 说话人标签","3","3","3","3","","pm:static:photonmelodies11.rio.004:1235087732:00579876","crsa:photonmelodies11.rio.004@1235087732","final_speaker_labels / glossary_photonmelodies_v2","说话人名/称谓，需要固定。 | 最终全文说话人标签：3/3"
"純夏・美琴・壬姫","纯夏、美琴、壬姬","confirmed","speaker/name-or-title / 说话人标签","3","3","2","2","","pm:static:photonmelodies11.rio.003:1668688832:00188089","crsa:photonmelodies11.rio.003@1668688832","final_speaker_labels / glossary_photonmelodies_v2","说话人名/称谓，需要固定。 | 最终全文说话人标签：2/2"
"警備官１","警卫1","confirmed","speaker/name-or-title / 说话人标签","3","3","3","3","","pm:static:photonmelodies11.rio.004:1259067424:00342944","crsa:photonmelodies11.rio.004@1259067424","final_speaker_labels / glossary_photonmelodies_v2","说话人名/称谓，需要固定。 | 最终全文说话人标签：3/3"
"超上級コース","超高级雪道","confirmed","已审定术语 / 第二遍术语证据","3","3","0","3","","pm:static:photonmelodies11.rio.004:0499205748:00087488","crsa:photonmelodies11.rio.004@499205748","current_public_terms / second_pass_line_evidence","本篇审定 | 第二遍行级证据（2条）"
"高原","高原","confirmed","speaker/name-or-title / 说话人标签","3","3","1","1","","pm:static:photonmelodies11.rio.003:1668688832:00204145","crsa:photonmelodies11.rio.003@1668688832","final_speaker_labels / glossary_photonmelodies_v2","说话人名/称谓，需要固定。 | 最终全文说话人标签：1/1"
"鮭児","鲑儿","confirmed","已审定术语","3","3","0","3","","pm:static:photonmelodies11.rio.004:0258770628:00127706","crsa:photonmelodies11.rio.004@258770628","current_public_terms","本篇审定"
"麻倉","麻仓","confirmed","speaker/name-or-title / 说话人标签","3","3","1","1","","pm:static:photonmelodies11.rio.003:1668688832:00204145","crsa:photonmelodies11.rio.003@1668688832","final_speaker_labels / glossary_photonmelodies_v2","说话人名/称谓，需要固定。 | 最终全文说话人标签：1/1"
"お年玉","压岁钱","confirmed","第二遍术语证据","2","2","0","2","","pm:static:photonmelodies11.rio.003:1933169644:00092472","crsa:photonmelodies11.rio.003@1933169644","second_pass_line_evidence","第二遍行级证据（1条）"
"ご先祖様","老祖宗","confirmed","第二遍术语证据","2","2","0","2","","pm:static:photonmelodies11.rio.004:1560893912:00117563","crsa:photonmelodies11.rio.004@1560893912","second_pass_line_evidence","第二遍行级证据（1条）"
"みゅうきぃ","缪琪","confirmed","已审定术语 / 第二遍术语证据","2","2","0","2","","pm:static:photonmelodies11.rio.004:1560893912:00114517","crsa:photonmelodies11.rio.004@1560893912","current_public_terms / second_pass_line_evidence","本篇审定（戏仿专名） | 第二遍行级证据（1条）"
"やおい","耽美","confirmed","已审定术语 / 第二遍术语证据","2","2","0","2","","pm:static:photonmelodies11.rio.002:1544313288:00315062","crsa:photonmelodies11.rio.002@1544313288","current_public_terms / second_pass_line_evidence","本篇审定 | 第二遍行级证据（1条）"
"アロハオエ","阿罗哈奥埃","confirmed","已审定术语 / 第二遍术语证据","2","2","0","2","","pm:static:photonmelodies11.rio.004:1327482084:00136389","crsa:photonmelodies11.rio.004@1327482084","current_public_terms / second_pass_line_evidence","本篇审定 | 第二遍行级证据（1条）"
"ウェアの下","滑雪裤","confirmed","第二遍术语证据","2","2","0","2","","pm:static:photonmelodies11.rio.004:0655753292:00196456","crsa:photonmelodies11.rio.004@655753292","second_pass_line_evidence","第二遍行级证据（1条）"
"ギャラ","出场费","confirmed","第二遍术语证据","2","2","0","2","","pm:static:photonmelodies11.rio.004:1457084560:00456835","crsa:photonmelodies11.rio.004@1457084560","second_pass_line_evidence","第二遍行级证据（1条）"
"クリプティッド","神秘动物","confirmed","已审定术语 / 第二遍术语证据","2","2","0","2","","pm:static:photonmelodies11.rio.004:1457084560:00449251","crsa:photonmelodies11.rio.004@1457084560","current_public_terms / second_pass_line_evidence","本篇审定 | 第二遍行级证据（2条）"
"コナソ","《柯楠》","confirmed","第二遍术语证据","2","2","0","2","","pm:static:photonmelodies11.rio.004:0933776684:00529183","crsa:photonmelodies11.rio.004@933776684","second_pass_line_evidence","第二遍行级证据（1条）"
"スーツ","西装","confirmed","第二遍术语证据","2","2","0","2","","pm:static:photonmelodies11.rio.004:1361070408:00464407","crsa:photonmelodies11.rio.004@1361070408","second_pass_line_evidence","第二遍行级证据（1条）"
"チェックのビキニ","格纹比基尼","confirmed","已审定术语 / 第二遍术语证据","2","2","0","2","","pm:static:photonmelodies11.rio.004:0933776684:00232534","crsa:photonmelodies11.rio.004@933776684","current_public_terms / second_pass_line_evidence","本篇审定 | 第二遍行级证据（2条）"
"バトルロイヤル","大乱斗","confirmed","第二遍术语证据","2","2","0","2","","pm:static:photonmelodies11.rio.004:1327482084:00318241","crsa:photonmelodies11.rio.004@1327482084","second_pass_line_evidence","第二遍行级证据（2条）"
"パウル・ラダビノッド","保罗·拉达比诺德","confirmed","公共总表术语 / 已审定术语","2","2","0","2","","pm:static:photonmelodies11.rio.002:1544313288:00366140","crsa:photonmelodies11.rio.002@1544313288","current_public_terms / main_glossary","主库术语表 | 公共总表；须以本篇最终正文核对适用语境"
"ヒロシ","宙","confirmed","第二遍术语证据","2","2","0","2","","pm:static:photonmelodies11.rio.004:1560893912:00099083","crsa:photonmelodies11.rio.004@1560893912","second_pass_line_evidence","第二遍行级证据（1条）"
"ピンクのビキニ","粉色比基尼","confirmed","已审定术语 / 第二遍术语证据","2","2","0","2","","pm:static:photonmelodies11.rio.004:0933776684:00236620","crsa:photonmelodies11.rio.004@933776684","current_public_terms / second_pass_line_evidence","本篇审定 | 第二遍行级证据（2条）"
"ブラウンのハイレグ","棕色高叉泳装","confirmed","已审定术语 / 第二遍术语证据","2","2","0","2","","pm:static:photonmelodies11.rio.004:0933776684:00236519","crsa:photonmelodies11.rio.004@933776684","current_public_terms / second_pass_line_evidence","本篇审定 | 第二遍行级证据（2条）"
"ホワイトハウス","白宫","confirmed","第二遍术语证据","2","2","0","2","","pm:static:photonmelodies11.rio.004:1327482084:00392905","crsa:photonmelodies11.rio.004@1327482084","second_pass_line_evidence","第二遍行级证据（1条）"
"ヤキソバ大盛り特盛りダブル","炒面大份特盛双倍","confirmed","第二遍术语证据","2","2","0","2","","pm:static:photonmelodies11.rio.004:1361070408:00436637","crsa:photonmelodies11.rio.004@1361070408","second_pass_line_evidence","第二遍行级证据（2条）"
"レオタード","紧身衣","confirmed","已审定术语 / 第二遍术语证据","2","2","0","2","","pm:static:photonmelodies11.rio.004:1361070408:00391089","crsa:photonmelodies11.rio.004@1361070408","current_public_terms / second_pass_line_evidence","本篇审定 | 第二遍行级证据（1条）"
"ワンピース","连体泳装","confirmed","第二遍术语证据","2","2","0","2","","pm:static:photonmelodies11.rio.004:0933776684:00232435","crsa:photonmelodies11.rio.004@933776684","second_pass_line_evidence","第二遍行级证据（1条）"
"中尉","中尉","confirmed","公共总表术语","2","2","0","2","","pm:static:photonmelodies11.rio.003:1668688832:00286939","crsa:photonmelodies11.rio.003@1668688832","main_glossary","公共总表；须以本篇最终正文核对适用语境"
"四回転半","四周半","confirmed","已审定术语 / 第二遍术语证据","2","2","0","2","","pm:static:photonmelodies11.rio.004:0655753292:00104118","crsa:photonmelodies11.rio.004@655753292","current_public_terms / second_pass_line_evidence","本篇审定 | 第二遍行级证据（2条）"
"寝技","地面技","confirmed","已审定术语 / 第二遍术语证据","2","2","0","2","","pm:static:photonmelodies11.rio.004:1327482084:00346433","crsa:photonmelodies11.rio.004@1327482084","current_public_terms / second_pass_line_evidence","本篇审定 | 第二遍行级证据（2条）"
"平君","平同学","confirmed","第二遍术语证据","2","2","0","2","","pm:static:photonmelodies11.rio.004:0860955960:00236469","crsa:photonmelodies11.rio.004@860955960","second_pass_line_evidence","第二遍行级证据（1条）"
"操縦桿","操纵杆","confirmed","第二遍术语证据","2","2","0","2","","pm:static:photonmelodies11.rio.004:1361070408:00306179","crsa:photonmelodies11.rio.004@1361070408","second_pass_line_evidence","第二遍行级证据（1条）"
"未臨界実験","次临界试验","confirmed","已审定术语","2","2","0","2","","pm:static:photonmelodies11.rio.002:1214082412:00004325","crsa:photonmelodies11.rio.002@1214082412","current_public_terms","本篇审定"
"横浜基地","横滨基地","confirmed","公共总表术语 / 已审定术语","2","2","0","2","","pm:static:photonmelodies11.rio.004:1235087732:00570608","crsa:photonmelodies11.rio.004@1235087732","current_public_terms / main_glossary","主库术语表 | 公共总表；须以本篇最终正文核对适用语境"
"武・純夏・悠陽・霞","武、纯夏、悠阳、霞","confirmed","speaker/name-or-title / 说话人标签","2","2","2","2","","pm:static:photonmelodies11.rio.004:1269734756:00431100","crsa:photonmelodies11.rio.004@1269734756","final_speaker_labels / glossary_photonmelodies_v2","说话人名/称谓，需要固定。 | 最终全文说话人标签：2/2"
"決勝トーナメント","决赛淘汰赛","confirmed","batch_term","2","2","0","2","","pm:static:photonmelodies11.rio.003:1487490840:00104336","crsa:photonmelodies11.rio.003@1487490840","glossary_photonmelodies_v2","决赛淘汰赛.; Tournament stage term."
"火星","火星","confirmed","公共总表术语","2","2","0","2","","pm:static:photonmelodies11.rio.004:1235087732:00548518","crsa:photonmelodies11.rio.004@1235087732","main_glossary","公共总表；须以本篇最终正文核对适用语境"
"煌奉如月","煌奉如月","confirmed","已审定术语","2","2","0","2","","pm:static:photonmelodies11.rio.004:0258770628:00172936","crsa:photonmelodies11.rio.004@258770628","current_public_terms","本篇审定（命名保留）"
"白のワンピース","白色连体泳装","confirmed","第二遍术语证据","2","2","0","2","","pm:static:photonmelodies11.rio.004:0933776684:00232435","crsa:photonmelodies11.rio.004@933776684","second_pass_line_evidence","第二遍行级证据（1条）"
"社霞","社霞","confirmed","公共总表术语 / 已审定术语","2","2","0","2","","pm:static:photonmelodies11.rio.003:1668688832:00285923","crsa:photonmelodies11.rio.003@1668688832","current_public_terms / main_glossary","主库术语表 | 公共总表；须以本篇最终正文核对适用语境"
"純夏・壬姫・霞","纯夏、壬姬、霞","confirmed","speaker/name-or-title / 说话人标签","2","2","2","2","","pm:static:photonmelodies11.rio.004:0426952928:00578353","crsa:photonmelodies11.rio.004@426952928","final_speaker_labels / glossary_photonmelodies_v2","说话人名/称谓，需要固定。 | 最终全文说话人标签：2/2"
"純夏・柏木・壬姫・美琴","纯夏、柏木、壬姬、美琴","confirmed","speaker/name-or-title / 说话人标签","2","2","2","2","","pm:static:photonmelodies11.rio.004:0426952928:00736163","crsa:photonmelodies11.rio.004@426952928","final_speaker_labels / glossary_photonmelodies_v2","说话人名/称谓，需要固定。 | 最终全文说话人标签：2/2"
"紫のビキニ","紫色比基尼","confirmed","已审定术语 / 第二遍术语证据","2","2","0","2","","pm:static:photonmelodies11.rio.004:0933776684:00236446","crsa:photonmelodies11.rio.004@933776684","current_public_terms / second_pass_line_evidence","本篇审定 | 第二遍行级证据（2条）"
"紺のハイレグ","藏青色高叉泳装","confirmed","已审定术语 / 第二遍术语证据","2","2","0","2","","pm:static:photonmelodies11.rio.004:0933776684:00232641","crsa:photonmelodies11.rio.004@933776684","current_public_terms / second_pass_line_evidence","本篇审定 | 第二遍行级证据（2条）"
"絆","羁绊","confirmed","第二遍术语证据","2","2","0","2","","pm:static:photonmelodies11.rio.004:0499205748:00201766","crsa:photonmelodies11.rio.004@499205748","second_pass_line_evidence","第二遍行级证据（1条）"
"美琴・武","美琴、武","confirmed","speaker/name-or-title / 说话人标签","2","2","1","1","","pm:static:photonmelodies11.rio.003:1668688832:00233991","crsa:photonmelodies11.rio.003@1668688832","final_speaker_labels / glossary_photonmelodies_v2","说话人名/称谓，需要固定。 | 最终全文说话人标签：1/1"
"腐女子","腐女","confirmed","已审定术语 / 第二遍术语证据","2","2","0","2","","pm:static:photonmelodies11.rio.002:1544313288:00314908","crsa:photonmelodies11.rio.002@1544313288","current_public_terms / second_pass_line_evidence","本篇审定 | 第二遍行级证据（1条）"
"薪ストーブ","柴炉","confirmed","已审定术语 / 第二遍术语证据","2","2","0","2","","pm:static:photonmelodies11.rio.004:0499205748:00112566","crsa:photonmelodies11.rio.004@499205748","current_public_terms / second_pass_line_evidence","本篇审定 | 第二遍行级证据（1条）"
"蛇行","蜿蜒","confirmed","第二遍术语证据","2","2","0","2","","pm:static:photonmelodies11.rio.004:0655753292:00121196","crsa:photonmelodies11.rio.004@655753292","second_pass_line_evidence","第二遍行级证据（1条）"
"軍人","军人","confirmed","公共总表术语","2","2","0","2","","pm:static:photonmelodies11.rio.003:1272111780:00188862","crsa:photonmelodies11.rio.003@1272111780","main_glossary","公共总表；须以本篇最终正文核对适用语境"
"軍隊","军队","confirmed","公共总表术语","2","2","0","2","","pm:static:photonmelodies11.rio.002:1544313288:00335884","crsa:photonmelodies11.rio.002@1544313288","main_glossary","公共总表；须以本篇最终正文核对适用语境"
"速瀬水月","速濑水月","confirmed","公共总表术语 / 已审定术语","2","2","0","2","","pm:static:photonmelodies11.rio.004:0860955960:00275615","crsa:photonmelodies11.rio.004@860955960","current_public_terms / main_glossary","主库术语表 | 公共总表；须以本篇最终正文核对适用语境"
"鎧衣美琴","铠衣美琴","confirmed","公共总表术语 / 已审定术语","2","2","0","2","","pm:static:photonmelodies11.rio.003:1668688832:00285923","crsa:photonmelodies11.rio.003@1668688832","current_public_terms / main_glossary","主库术语表 | 公共总表；须以本篇最终正文核对适用语境"
"鑑純夏","鉴纯夏","confirmed","公共总表术语 / 已审定术语","2","2","0","2","","pm:static:photonmelodies11.rio.003:1668688832:00284705","crsa:photonmelodies11.rio.003@1668688832","current_public_terms / main_glossary","主库术语表 | 公共总表；须以本篇最终正文核对适用语境"
"ＣＯＭ","COM","confirmed","第二遍术语证据","2","2","0","2","","pm:static:photonmelodies11.rio.004:1327482084:00318241","crsa:photonmelodies11.rio.004@1327482084","second_pass_line_evidence","第二遍行级证据（2条）"
"おばちゃん１","大婶1","confirmed","speaker/name-or-title / 说话人标签","1","1","1","1","","pm:static:photonmelodies11.rio.004:1327482084:00266005","crsa:photonmelodies11.rio.004@1327482084","final_speaker_labels / glossary_photonmelodies_v2","说话人名/称谓，需要固定。 | 最终全文说话人标签：1/1"
"おばちゃん２","大婶2","confirmed","speaker/name-or-title / 说话人标签","1","1","1","1","","pm:static:photonmelodies11.rio.004:1327482084:00266261","crsa:photonmelodies11.rio.004@1327482084","final_speaker_labels / glossary_photonmelodies_v2","说话人名/称谓，需要固定。 | 最终全文说话人标签：1/1"
"おばちゃん３","大婶3","confirmed","speaker/name-or-title / 说话人标签","1","1","1","1","","pm:static:photonmelodies11.rio.004:1327482084:00266495","crsa:photonmelodies11.rio.004@1327482084","final_speaker_labels / glossary_photonmelodies_v2","说话人名/称谓，需要固定。 | 最终全文说话人标签：1/1"
"しまくりスト","彻底斯特","confirmed","已审定术语 / 第二遍术语证据","1","1","0","1","","pm:static:photonmelodies11.rio.004:0933776684:00390529","crsa:photonmelodies11.rio.004@933776684","current_public_terms / second_pass_line_evidence","本篇审定（文字游戏） | 第二遍行级证据（1条）"
"なっくるぼんばー","铁拳轰炸","confirmed","已审定术语 / 第二遍术语证据","1","1","0","1","","pm:static:photonmelodies11.rio.004:1560893912:00099801","crsa:photonmelodies11.rio.004@1560893912","current_public_terms / second_pass_line_evidence","本篇审定（节目梗） | 第二遍行级证据（1条）"
"まぴ子","玛皮子","confirmed","已审定术语 / 第二遍术语证据","1","1","0","1","","pm:static:photonmelodies11.rio.004:1560893912:00115599","crsa:photonmelodies11.rio.004@1560893912","current_public_terms / second_pass_line_evidence","本篇审定（戏仿专名） | 第二遍行级证据（1条）"
"みちる・水月","美知留、水月","confirmed","speaker/name-or-title / 说话人标签","1","1","1","1","","pm:static:photonmelodies11.rio.004:1676972672:00258707","crsa:photonmelodies11.rio.004@1676972672","final_speaker_labels / glossary_photonmelodies_v2","说话人名/称谓，需要固定。 | 最终全文说话人标签：1/1"
"アドレナリン","肾上腺素","confirmed","已审定术语 / 第二遍术语证据","1","1","0","1","","pm:static:photonmelodies11.rio.004:0499205748:00106888","crsa:photonmelodies11.rio.004@499205748","current_public_terms / second_pass_line_evidence","本篇审定 | 第二遍行级证据（1条）"
"イリーナ・ピアティフ","伊莉娜·皮亚蒂芙","confirmed","已审定术语","1","1","0","1","","pm:static:photonmelodies11.rio.003:0839604068:00206734","crsa:photonmelodies11.rio.003@839604068","current_public_terms","本篇审定"
"インペリアル","帝国","confirmed","公共总表术语","1","1","0","1","","pm:static:photonmelodies11.rio.004:0695803188:00161271","crsa:photonmelodies11.rio.004@695803188","main_glossary","公共总表；须以本篇最终正文核对适用语境"
"エロ大臣タケル爆誕シリーズ","《色鬼大臣武横空出世》系列","confirmed","第二遍术语证据","1","1","0","1","","pm:static:photonmelodies11.rio.004:1361070408:00423169","crsa:photonmelodies11.rio.004@1361070408","second_pass_line_evidence","第二遍行级证据（1条）"
"エロ大臣爆誕","色鬼大臣横空出世","confirmed","第二遍术语证据","1","1","0","1","","pm:static:photonmelodies11.rio.004:1361070408:00448707","crsa:photonmelodies11.rio.004@1361070408","second_pass_line_evidence","第二遍行级证据（1条）"
"オーストラリア","澳大利亚","confirmed","公共总表术语","1","1","0","1","","pm:static:photonmelodies11.rio.004:1327482084:00175237","crsa:photonmelodies11.rio.004@1327482084","main_glossary","公共总表；须以本篇最终正文核对适用语境"
"カジノチップ","赌场筹码","confirmed","已审定术语 / 第二遍术语证据","1","1","0","1","","pm:static:photonmelodies11.rio.004:1361070408:00498467","crsa:photonmelodies11.rio.004@1361070408","current_public_terms / second_pass_line_evidence","本篇审定 | 第二遍行级证据（1条）"
"クワドラプルアクセル","四周半阿克塞尔跳","confirmed","第二遍术语证据","1","1","0","1","","pm:static:photonmelodies11.rio.004:0655753292:00110598","crsa:photonmelodies11.rio.004@655753292","second_pass_line_evidence","第二遍行级证据（1条）"
"ケイジ","Keiji","confirmed","已审定术语","1","1","0","1","","pm:static:photonmelodies11.rio.004:0258770628:00128360","crsa:photonmelodies11.rio.004@258770628","current_public_terms","本篇审定（听写形式）"
"コンクリ履く","套上水泥鞋","confirmed","第二遍术语证据","1","1","0","1","","pm:static:photonmelodies11.rio.004:0499205748:00213706","crsa:photonmelodies11.rio.004@499205748","second_pass_line_evidence","第二遍行级证据（1条）"
"シベリア","西伯利亚","confirmed","第二遍术语证据","1","1","0","1","","pm:static:photonmelodies11.rio.004:1327482084:00390071","crsa:photonmelodies11.rio.004@1327482084","second_pass_line_evidence","第二遍行级证据（1条）"
"スキーパンツ","滑雪裤","confirmed","第二遍术语证据","1","1","0","1","","pm:static:photonmelodies11.rio.004:0655753292:00189778","crsa:photonmelodies11.rio.004@655753292","second_pass_line_evidence","第二遍行级证据（1条）"
"ストライクゾーン","好球区","confirmed","已审定术语 / 第二遍术语证据","1","1","0","1","","pm:static:photonmelodies11.rio.004:0426952928:00741131","crsa:photonmelodies11.rio.004@426952928","current_public_terms / second_pass_line_evidence","本篇审定 | 第二遍行级证据（1条）"
"スロットマシン","老虎机","confirmed","已审定术语 / 第二遍术语证据","1","1","0","1","","pm:static:photonmelodies11.rio.004:1361070408:00492991","crsa:photonmelodies11.rio.004@1361070408","current_public_terms / second_pass_line_evidence","本篇审定 | 第二遍行级证据（1条）"
"スーパーハイデッカー","超级高地板","confirmed","已审定术语","1","1","0","1","","pm:static:photonmelodies11.rio.003:1272111780:00195886","crsa:photonmelodies11.rio.003@1272111780","current_public_terms","本篇审定"
"スーパー無現鬼道流・噴射気流殺","超级无现鬼道流·喷射气流杀","confirmed","第二遍术语证据","1","1","0","1","","pm:static:photonmelodies11.rio.004:0499205748:00206466","crsa:photonmelodies11.rio.004@499205748","second_pass_line_evidence","第二遍行级证据（1条）"
"タケルミコトヌス","武美琴努斯","confirmed","已审定术语 / 第二遍术语证据","1","1","0","1","","pm:static:photonmelodies11.rio.004:1457084560:00454199","crsa:photonmelodies11.rio.004@1457084560","current_public_terms / second_pass_line_evidence","本篇审定 | 第二遍行级证据（1条）"
"ダブルブッキング","脚踏两条船","confirmed","第二遍术语证据","1","1","0","1","","pm:static:photonmelodies11.rio.004:0933776684:00642137","crsa:photonmelodies11.rio.004@933776684","second_pass_line_evidence","第二遍行级证据（1条）"
"チラシ","传单","confirmed","第二遍术语证据","1","1","0","1","","pm:static:photonmelodies11.rio.004:1327482084:00363017","crsa:photonmelodies11.rio.004@1327482084","second_pass_line_evidence","第二遍行级证据（1条）"
"デザイナーズハウス","设计师住宅","confirmed","已审定术语 / 第二遍术语证据","1","1","0","1","","pm:static:photonmelodies11.rio.004:1327482084:00146655","crsa:photonmelodies11.rio.004@1327482084","current_public_terms / second_pass_line_evidence","本篇审定 | 第二遍行级证据（1条）"
"ドエロ","超级色狼","confirmed","第二遍术语证据","1","1","0","1","","pm:static:photonmelodies11.rio.004:1361070408:00428797","crsa:photonmelodies11.rio.004@1361070408","second_pass_line_evidence","第二遍行级证据（1条）"
"ノウハウ","技术诀窍","confirmed","第二遍术语证据","1","1","0","1","","pm:static:photonmelodies11.rio.004:1361070408:00277033","crsa:photonmelodies11.rio.004@1361070408","second_pass_line_evidence","第二遍行级证据（1条）"
"ハワイ","夏威夷","confirmed","公共总表术语","1","1","0","1","","pm:static:photonmelodies11.rio.004:0812258960:00288834","crsa:photonmelodies11.rio.004@812258960","main_glossary","公共总表；须以本篇最终正文核对适用语境"
"バキャラット","巴恰拉特","confirmed","已审定术语 / 第二遍术语证据","1","1","0","1","","pm:static:photonmelodies11.rio.004:1361070408:00495755","crsa:photonmelodies11.rio.004@1361070408","current_public_terms / second_pass_line_evidence","本篇审定（误读梗） | 第二遍行级证据（1条）"
"バグ","BUG","confirmed","第二遍术语证据","1","1","0","1","","pm:static:photonmelodies11.rio.004:1560893912:00118823","crsa:photonmelodies11.rio.004@1560893912","second_pass_line_evidence","第二遍行级证据（1条）"
"パンダレベル","熊猫级","confirmed","第二遍术语证据","1","1","0","1","","pm:static:photonmelodies11.rio.004:1361070408:00437947","crsa:photonmelodies11.rio.004@1361070408","second_pass_line_evidence","第二遍行级证据（1条）"
"パンフレット","宣传册","confirmed","已审定术语 / 第二遍术语证据","1","1","0","1","","pm:static:photonmelodies11.rio.004:1361070408:00392353","crsa:photonmelodies11.rio.004@1361070408","current_public_terms / second_pass_line_evidence","本篇审定 | 第二遍行级证据（1条）"
"ヒカリゴケ","光藓","confirmed","已审定术语 / 第二遍术语证据","1","1","0","1","","pm:static:photonmelodies11.rio.004:1259067424:00242186","crsa:photonmelodies11.rio.004@1259067424","current_public_terms / second_pass_line_evidence","本篇审定 | 第二遍行级证据（1条）"
"フレッシュポリス","青春警察","confirmed","已审定术语 / 第二遍术语证据","1","1","0","1","","pm:static:photonmelodies11.rio.004:1560893912:00115599","crsa:photonmelodies11.rio.004@1560893912","current_public_terms / second_pass_line_evidence","本篇审定（戏仿专名） | 第二遍行级证据（1条）"
"ブリーフィング","简报","confirmed","公共总表术语","1","1","0","1","","pm:static:photonmelodies11.rio.003:1272111780:00121850","crsa:photonmelodies11.rio.003@1272111780","main_glossary","公共总表；须以本篇最终正文核对适用语境"
"ベアーゴォー","巨熊号","confirmed","已审定术语","1","1","0","1","","pm:static:photonmelodies11.rio.004:0499205748:00207864","crsa:photonmelodies11.rio.004@499205748","current_public_terms","作品上下文与出处核验"
"ペダル","脚踏板","confirmed","第二遍术语证据","1","1","0","1","","pm:static:photonmelodies11.rio.004:1361070408:00306261","crsa:photonmelodies11.rio.004@1361070408","second_pass_line_evidence","第二遍行级证据（1条）"
"ポリゴンＣＧゲーム","多边形CG游戏","confirmed","已审定术语","1","1","0","1","","pm:static:photonmelodies11.rio.004:1259067424:00332814","crsa:photonmelodies11.rio.004@1259067424","current_public_terms","本篇审定"
"マジシャンズ・シルバー","魔术师之银","confirmed","已审定术语 / 第二遍术语证据","1","1","0","1","","pm:static:photonmelodies11.rio.004:1361070408:00456439","crsa:photonmelodies11.rio.004@1361070408","current_public_terms / second_pass_line_evidence","本篇审定 | 第二遍行级证据（1条）"
"メガフロート技術","巨型浮体技术","confirmed","已审定术语 / 第二遍术语证据","1","1","0","1","","pm:static:photonmelodies11.rio.004:1259067424:00175524","crsa:photonmelodies11.rio.004@1259067424","current_public_terms / second_pass_line_evidence","本篇审定 | 第二遍行级证据（1条）"
"ライフジャケット","救生衣","confirmed","已审定术语 / 第二遍术语证据","1","1","0","1","","pm:static:photonmelodies11.rio.004:1361070408:00404065","crsa:photonmelodies11.rio.004@1361070408","current_public_terms / second_pass_line_evidence","本篇审定 | 第二遍行级证据（1条）"
"ルーレット","轮盘","confirmed","已审定术语 / 第二遍术语证据","1","1","0","1","","pm:static:photonmelodies11.rio.004:1361070408:00439619","crsa:photonmelodies11.rio.004@1361070408","current_public_terms / second_pass_line_evidence","本篇审定 | 第二遍行级证据（1条）"
"ロケテスト","场测","confirmed","第二遍术语证据","1","1","0","1","","pm:static:photonmelodies11.rio.004:1361070408:00313277","crsa:photonmelodies11.rio.004@1361070408","second_pass_line_evidence","第二遍行级证据（1条）"
"不死身のヒロシ","不死之身的宙","confirmed","已审定术语 / 第二遍术语证据","1","1","0","1","","pm:static:photonmelodies11.rio.004:1560893912:00099083","crsa:photonmelodies11.rio.004@1560893912","current_public_terms / second_pass_line_evidence","本篇审定（节目梗） | 第二遍行级证据（1条）"
"何とかゴーガン","什么神弓","confirmed","已审定术语 / 第二遍术语证据","1","1","0","1","","pm:static:photonmelodies11.rio.004:1560893912:00102227","crsa:photonmelodies11.rio.004@1560893912","current_public_terms / second_pass_line_evidence","本篇审定（节目梗） | 第二遍行级证据（1条）"
"作業坑","作业坑道","confirmed","已审定术语 / 第二遍术语证据","1","1","0","1","","pm:static:photonmelodies11.rio.004:1259067424:00241700","crsa:photonmelodies11.rio.004@1259067424","current_public_terms / second_pass_line_evidence","本篇审定 | 第二遍行级证据（1条）"
"侍従長","侍从长","confirmed","第二遍术语证据","1","1","0","1","","pm:static:photonmelodies11.rio.004:0499205748:00213706","crsa:photonmelodies11.rio.004@499205748","second_pass_line_evidence","第二遍行级证据（1条）"
"入隊","入队","confirmed","公共总表术语","1","1","0","1","","pm:static:photonmelodies11.rio.003:1272111780:00223746","crsa:photonmelodies11.rio.003@1272111780","main_glossary","公共总表；须以本篇最终正文核对适用语境"
"全校学生","全校学生","confirmed","speaker/name-or-title / 说话人标签","1","1","1","1","","pm:static:photonmelodies11.rio.002:1544313288:00366538","crsa:photonmelodies11.rio.002@1544313288","final_speaker_labels / glossary_photonmelodies_v2","说话人名/称谓，需要固定。; Extracted from current cn_text speaker brackets. | 最终全文说话人标签：1/1"
"公共物","公共设施","confirmed","第二遍术语证据","1","1","0","1","","pm:static:photonmelodies11.rio.004:1361070408:00494547","crsa:photonmelodies11.rio.004@1361070408","second_pass_line_evidence","第二遍行级证据（1条）"
"内側のエッジ","内刃","confirmed","已审定术语 / 第二遍术语证据","1","1","0","1","","pm:static:photonmelodies11.rio.004:0499205748:00103504","crsa:photonmelodies11.rio.004@499205748","current_public_terms / second_pass_line_evidence","本篇审定 | 第二遍行级证据（1条）"
"冥夜・月詠","冥夜、月咏","confirmed","speaker/name-or-title / 说话人标签","1","1","1","1","","pm:static:photonmelodies11.rio.004:1617564412:00131310","crsa:photonmelodies11.rio.004@1617564412","final_speaker_labels / glossary_photonmelodies_v2","说话人名/称谓，需要固定。 | 最终全文说话人标签：1/1"
"冥夜・美琴・武","冥夜、美琴、武","confirmed","speaker/name-or-title / 说话人标签","1","1","1","1","","pm:static:photonmelodies11.rio.003:1668688832:00233991","crsa:photonmelodies11.rio.003@1668688832","final_speaker_labels / glossary_photonmelodies_v2","说话人名/称谓，需要固定。 | 最终全文说话人标签：1/1"
"凍傷","冻伤","confirmed","第二遍术语证据","1","1","0","1","","pm:static:photonmelodies11.rio.004:0655753292:00190312","crsa:photonmelodies11.rio.004@655753292","second_pass_line_evidence","第二遍行级证据（1条）"
"初売り","新年初卖","confirmed","第二遍术语证据","1","1","0","1","","pm:static:photonmelodies11.rio.004:1327482084:00362649","crsa:photonmelodies11.rio.004@1327482084","second_pass_line_evidence","第二遍行级证据（1条）"
"千鶴・慧","千鹤、慧","confirmed","speaker/name-or-title / 说话人标签","1","1","1","1","","pm:static:photonmelodies11.rio.004:1676972672:00213283","crsa:photonmelodies11.rio.004@1676972672","final_speaker_labels / glossary_photonmelodies_v2","说话人名/称谓，需要固定。 | 最终全文说话人标签：1/1"
"千鶴・武","千鹤、武","confirmed","speaker/name-or-title / 说话人标签","1","1","1","1","","pm:static:photonmelodies11.rio.004:0933776684:00388301","crsa:photonmelodies11.rio.004@933776684","final_speaker_labels / glossary_photonmelodies_v2","说话人名/称谓，需要固定。 | 最终全文说话人标签：1/1"
"千鶴・純夏","千鹤、纯夏","confirmed","speaker/name-or-title / 说话人标签","1","1","1","1","","pm:static:photonmelodies11.rio.004:1511431932:00217033","crsa:photonmelodies11.rio.004@1511431932","final_speaker_labels / glossary_photonmelodies_v2","说话人名/称谓，需要固定。 | 最终全文说话人标签：1/1"
"千鶴・茜・築地","千鹤、茜、筑地","confirmed","speaker/name-or-title / 说话人标签","1","1","1","1","","pm:static:photonmelodies11.rio.004:1511431932:00282325","crsa:photonmelodies11.rio.004@1511431932","final_speaker_labels / glossary_photonmelodies_v2","说话人名/称谓，需要固定。 | 最终全文说话人标签：1/1"
"国連","联合国","confirmed","公共总表术语","1","1","0","1","","pm:static:photonmelodies11.rio.004:1235087732:00566010","crsa:photonmelodies11.rio.004@1235087732","main_glossary","公共总表；须以本篇最终正文核对适用语境"
"国際電話","国际长途电话","confirmed","第二遍术语证据","1","1","0","1","","pm:static:photonmelodies11.rio.004:1327482084:00375291","crsa:photonmelodies11.rio.004@1327482084","second_pass_line_evidence","第二遍行级证据（1条）"
"地下集積場","地下集散场","confirmed","第二遍术语证据","1","1","0","1","","pm:static:photonmelodies11.rio.004:1361070408:00285431","crsa:photonmelodies11.rio.004@1361070408","second_pass_line_evidence","第二遍行级证据（1条）"
"壬姫・純夏","壬姬、纯夏","confirmed","speaker/name-or-title / 说话人标签","1","1","1","1","","pm:static:photonmelodies11.rio.004:0426952928:00488051","crsa:photonmelodies11.rio.004@426952928","final_speaker_labels / glossary_photonmelodies_v2","说话人名/称谓，需要固定。 | 最终全文说话人标签：1/1"
"多目的研究室","多功能研究室","confirmed","已审定术语 / 第二遍术语证据","1","1","0","1","","pm:static:photonmelodies11.rio.004:1361070408:00300233","crsa:photonmelodies11.rio.004@1361070408","current_public_terms / second_pass_line_evidence","本篇审定 | 第二遍行级证据（1条）"
"太平洋","太平洋","confirmed","公共总表术语","1","1","0","1","","pm:static:photonmelodies11.rio.004:1676972672:00236627","crsa:photonmelodies11.rio.004@1676972672","main_glossary","公共总表；须以本篇最终正文核对适用语境"
"太陽フレア","太阳耀斑","confirmed","已审定术语 / 第二遍术语证据","1","1","0","1","","pm:static:photonmelodies11.rio.002:1214082412:00005185","crsa:photonmelodies11.rio.002@1214082412","current_public_terms / second_pass_line_evidence","本篇审定 | 第二遍行级证据（1条）"
"女官２・３","女官2、3","confirmed","speaker/name-or-title / 说话人标签","1","1","1","1","","pm:static:photonmelodies11.rio.004:1259067424:00346452","crsa:photonmelodies11.rio.004@1259067424","final_speaker_labels / glossary_photonmelodies_v2","说话人名/称谓，需要固定。 | 最终全文说话人标签：1/1"
"実用化されている","已经得到实际应用","confirmed","第二遍术语证据","1","1","0","1","","pm:static:photonmelodies11.rio.004:1361070408:00271791","crsa:photonmelodies11.rio.004@1361070408","second_pass_line_evidence","第二遍行级证据（1条）"
"市場調査","市场调查","confirmed","第二遍术语证据","1","1","0","1","","pm:static:photonmelodies11.rio.004:1327482084:00370507","crsa:photonmelodies11.rio.004@1327482084","second_pass_line_evidence","第二遍行级证据（1条）"
"市民","市民","confirmed","公共总表术语","1","1","0","1","","pm:static:photonmelodies11.rio.003:1808201404:00130256","crsa:photonmelodies11.rio.003@1808201404","main_glossary","公共总表；须以本篇最终正文核对适用语境"
"彩峰慧","彩峰慧","confirmed","公共总表术语 / 已审定术语","1","1","0","1","","pm:static:photonmelodies11.rio.003:1668688832:00285923","crsa:photonmelodies11.rio.003@1668688832","current_public_terms / main_glossary","主库术语表 | 公共总表；须以本篇最终正文核对适用语境"
"情報の符号化","信息编码","confirmed","已审定术语 / 第二遍术语证据","1","1","0","1","","pm:static:photonmelodies11.rio.004:1259067424:00253370","crsa:photonmelodies11.rio.004@1259067424","current_public_terms / second_pass_line_evidence","本篇审定 | 第二遍行级证据（1条）"
"情報符号化","信息编码","confirmed","已审定术语 / 第二遍术语证据","1","1","0","1","","pm:static:photonmelodies11.rio.004:1259067424:00252338","crsa:photonmelodies11.rio.004@1259067424","current_public_terms / second_pass_line_evidence","本篇审定 | 第二遍行级证据（1条）"
"慧・柏木","慧、柏木","confirmed","speaker/name-or-title / 说话人标签","1","1","1","1","","pm:static:photonmelodies11.rio.004:0426952928:00387173","crsa:photonmelodies11.rio.004@426952928","final_speaker_labels / glossary_photonmelodies_v2","说话人名/称谓，需要固定。 | 最终全文说话人标签：1/1"
"戦々恐々","战战兢兢","confirmed","第二遍术语证据","1","1","0","1","","pm:static:photonmelodies11.rio.004:1327482084:00391025","crsa:photonmelodies11.rio.004@1327482084","second_pass_line_evidence","第二遍行级证据（1条）"
"打ち身","挫伤","confirmed","第二遍术语证据","1","1","0","1","","pm:static:photonmelodies11.rio.004:0655753292:00132064","crsa:photonmelodies11.rio.004@655753292","second_pass_line_evidence","第二遍行级证据（1条）"
"放射された","放射出来","confirmed","第二遍术语证据","1","1","0","1","","pm:static:photonmelodies11.rio.002:1214082412:00005421","crsa:photonmelodies11.rio.002@1214082412","second_pass_line_evidence","第二遍行级证据（1条）"
"柊町","柊町","confirmed","公共总表术语 / 已审定术语","1","1","0","1","","pm:static:photonmelodies11.rio.004:0933776684:00538511","crsa:photonmelodies11.rio.004@933776684","current_public_terms / main_glossary","主库术语表 | 公共总表；须以本篇最终正文核对适用语境"
"柏木晴子","柏木晴子","confirmed","公共总表术语 / 已审定术语","1","1","0","1","","pm:static:photonmelodies11.rio.003:1668688832:00285923","crsa:photonmelodies11.rio.003@1668688832","current_public_terms / main_glossary","主库术语表 | 公共总表；须以本篇最终正文核对适用语境"
"核爆発","核爆炸","confirmed","已审定术语 / 第二遍术语证据","1","1","0","1","","pm:static:photonmelodies11.rio.002:1214082412:00006609","crsa:photonmelodies11.rio.002@1214082412","current_public_terms / second_pass_line_evidence","本篇审定 | 第二遍行级证据（1条）"
"榊千鶴","榊千鹤","confirmed","公共总表术语 / 已审定术语","1","1","0","1","","pm:static:photonmelodies11.rio.003:1668688832:00285923","crsa:photonmelodies11.rio.003@1668688832","current_public_terms / main_glossary","主库术语表 | 公共总表；须以本篇最终正文核对适用语境"
"次郎","零次郎","confirmed","第二遍术语证据","1","1","0","1","","pm:static:photonmelodies11.rio.004:1361070408:00495755","crsa:photonmelodies11.rio.004@1361070408","second_pass_line_evidence","第二遍行级证据（1条）"
"武・ピアティフ","武、皮亚蒂芙","confirmed","speaker/name-or-title / 说话人标签","1","1","1","1","","pm:static:photonmelodies11.rio.004:0258770628:00252822","crsa:photonmelodies11.rio.004@258770628","final_speaker_labels / glossary_photonmelodies_v2","说话人名/称谓，需要固定。 | 最终全文说话人标签：1/1"
"武・冥夜","武、冥夜","confirmed","speaker/name-or-title / 说话人标签","1","1","1","1","","pm:static:photonmelodies11.rio.004:0499205748:00201680","crsa:photonmelodies11.rio.004@499205748","final_speaker_labels / glossary_photonmelodies_v2","说话人名/称谓，需要固定。 | 最终全文说话人标签：1/1"
"武・千鶴","武、千鹤","confirmed","speaker/name-or-title / 说话人标签","1","1","1","1","武・千鹤","pm:static:photonmelodies11.rio.003:0839604068:00323038","crsa:photonmelodies11.rio.003@839604068","final_speaker_labels / glossary_photonmelodies_v2","说话人名/称谓，需要固定。; Extracted from current cn_text speaker brackets. | 最终全文说话人标签：1/1"
"武・月詠","武、月咏","confirmed","speaker/name-or-title / 说话人标签","1","1","1","1","","pm:static:photonmelodies11.rio.004:1259067424:00157832","crsa:photonmelodies11.rio.004@1259067424","final_speaker_labels / glossary_photonmelodies_v2","说话人名/称谓，需要固定。 | 最终全文说话人标签：1/1"
"武・水月・宗像・風間","武、水月、宗像、风间","confirmed","speaker/name-or-title / 说话人标签","1","1","1","1","","pm:static:photonmelodies11.rio.004:1169383896:00132858","crsa:photonmelodies11.rio.004@1169383896","final_speaker_labels / glossary_photonmelodies_v2","说话人名/称谓，需要固定。 | 最终全文说话人标签：1/1"
"武・美琴・慧","武、美琴、慧","confirmed","speaker/name-or-title / 说话人标签","1","1","1","1","","pm:static:photonmelodies11.rio.003:1808201404:00110896","crsa:photonmelodies11.rio.003@1808201404","final_speaker_labels / glossary_photonmelodies_v2","说话人名/称谓，需要固定。 | 最终全文说话人标签：1/1"
"水月・慧","水月、慧","confirmed","speaker/name-or-title / 说话人标签","1","1","1","1","","pm:static:photonmelodies11.rio.004:1511431932:00286055","crsa:photonmelodies11.rio.004@1511431932","final_speaker_labels / glossary_photonmelodies_v2","说话人名/称谓，需要固定。 | 最终全文说话人标签：1/1"
"珠瀬壬姫","珠濑壬姬","confirmed","公共总表术语 / 已审定术语","1","1","0","1","","pm:static:photonmelodies11.rio.003:1668688832:00285923","crsa:photonmelodies11.rio.003@1668688832","current_public_terms / main_glossary","主库术语表 | 公共总表；须以本篇最终正文核对适用语境"
"目玉商品","主打商品","confirmed","第二遍术语证据","1","1","0","1","","pm:static:photonmelodies11.rio.004:1327482084:00368703","crsa:photonmelodies11.rio.004@1327482084","second_pass_line_evidence","第二遍行级证据（1条）"
"石鹸","香皂","confirmed","第二遍术语证据","1","1","0","1","","pm:static:photonmelodies11.rio.004:1457084560:00526885","crsa:photonmelodies11.rio.004@1457084560","second_pass_line_evidence","第二遍行级证据（1条）"
"祓正無道","祓正无道","confirmed","已审定术语","1","1","0","1","","pm:static:photonmelodies11.rio.004:0258770628:00191712","crsa:photonmelodies11.rio.004@258770628","current_public_terms","本篇审定"
"神宮司まりも","神宫司麻理茉","confirmed","公共总表术语 / 已审定术语","1","1","0","1","","pm:static:photonmelodies11.rio.004:0874373084:00261790","crsa:photonmelodies11.rio.004@874373084","current_public_terms / main_glossary","主库术语表 | 公共总表；须以本篇最终正文核对适用语境"
"福袋勝負","福袋对决","confirmed","第二遍术语证据","1","1","0","1","","pm:static:photonmelodies11.rio.004:1327482084:00365103","crsa:photonmelodies11.rio.004@1327482084","second_pass_line_evidence","第二遍行级证据（1条）"
"築地・武","筑地、武","confirmed","speaker/name-or-title / 说话人标签","1","1","1","1","","pm:static:photonmelodies11.rio.004:1676972672:00227455","crsa:photonmelodies11.rio.004@1676972672","final_speaker_labels / glossary_photonmelodies_v2","说话人名/称谓，需要固定。 | 最终全文说话人标签：1/1"
"純夏・壬姫・柏木","纯夏、壬姬、柏木","confirmed","speaker/name-or-title / 说话人标签","1","1","1","1","纯夏・壬姬・柏木","pm:static:photonmelodies11.rio.003:0839604068:00189280","crsa:photonmelodies11.rio.003@839604068","final_speaker_labels / glossary_photonmelodies_v2","说话人名/称谓，需要固定。; Extracted from current cn_text speaker brackets. | 最终全文说话人标签：1/1"
"純夏・壬姫・美琴","纯夏、壬姬、美琴","confirmed","speaker/name-or-title / 说话人标签","1","1","1","1","","pm:static:photonmelodies11.rio.004:0426952928:00305647","crsa:photonmelodies11.rio.004@426952928","final_speaker_labels / glossary_photonmelodies_v2","说话人名/称谓，需要固定。 | 最终全文说话人标签：1/1"
"純夏・悠陽・冥夜","纯夏、悠阳、冥夜","confirmed","speaker/name-or-title / 说话人标签","1","1","1","1","","pm:static:photonmelodies11.rio.004:0426952928:00366751","crsa:photonmelodies11.rio.004@426952928","final_speaker_labels / glossary_photonmelodies_v2","说话人名/称谓，需要固定。 | 最终全文说话人标签：1/1"
"純夏・柏木・慧","纯夏、柏木、慧","confirmed","speaker/name-or-title / 说话人标签","1","1","1","1","","pm:static:photonmelodies11.rio.004:0426952928:00467823","crsa:photonmelodies11.rio.004@426952928","final_speaker_labels / glossary_photonmelodies_v2","说话人名/称谓，需要固定。 | 最终全文说话人标签：1/1"
"純夏・武","纯夏、武","confirmed","speaker/name-or-title / 说话人标签","1","1","1","1","","pm:static:photonmelodies11.rio.004:1269734756:00403760","crsa:photonmelodies11.rio.004@1269734756","final_speaker_labels / glossary_photonmelodies_v2","说话人名/称谓，需要固定。 | 最终全文说话人标签：1/1"
"純夏・美琴・壬姫・柏木","纯夏、美琴、壬姬、柏木","confirmed","speaker/name-or-title / 说话人标签","1","1","1","1","","pm:static:photonmelodies11.rio.003:1668688832:00188089","crsa:photonmelodies11.rio.003@1668688832","final_speaker_labels / glossary_photonmelodies_v2","说话人名/称谓，需要固定。 | 最终全文说话人标签：1/1"
"終生のライバル","终生宿敌","confirmed","第二遍术语证据","1","1","0","1","","pm:static:photonmelodies11.rio.004:1327482084:00364143","crsa:photonmelodies11.rio.004@1327482084","second_pass_line_evidence","第二遍行级证据（1条）"
"美琴・柏木・茜・築地","美琴、柏木、茜、筑地","confirmed","speaker/name-or-title / 说话人标签","1","1","1","1","","pm:static:photonmelodies11.rio.004:1676972672:00229965","crsa:photonmelodies11.rio.004@1676972672","final_speaker_labels / glossary_photonmelodies_v2","说话人名/称谓，需要固定。 | 最终全文说话人标签：1/1"
"記憶の固着","记忆的巩固","confirmed","已审定术语","1","1","0","1","","pm:static:photonmelodies11.rio.004:1259067424:00254054","crsa:photonmelodies11.rio.004@1259067424","current_public_terms","本篇审定"
"警備官達","警卫们","confirmed","speaker/name-or-title / 说话人标签","1","1","1","1","","pm:static:photonmelodies11.rio.004:1259067424:00344420","crsa:photonmelodies11.rio.004@1259067424","final_speaker_labels / glossary_photonmelodies_v2","说话人名/称谓，需要固定。 | 最终全文说话人标签：1/1"
"警備官２","警卫2","confirmed","speaker/name-or-title / 说话人标签","1","1","1","1","","pm:static:photonmelodies11.rio.004:1259067424:00343280","crsa:photonmelodies11.rio.004@1259067424","final_speaker_labels / glossary_photonmelodies_v2","说话人名/称谓，需要固定。 | 最终全文说话人标签：1/1"
"遅刻ギリギリーズ","踩点族","confirmed","已审定术语 / 第二遍术语证据","1","1","0","1","","pm:static:photonmelodies11.rio.004:1560893912:00113395","crsa:photonmelodies11.rio.004@1560893912","current_public_terms / second_pass_line_evidence","本篇审定 | 第二遍行级证据（1条）"
"陸地","陆地","confirmed","公共总表术语","1","1","0","1","","pm:static:photonmelodies11.rio.004:1457084560:00420945","crsa:photonmelodies11.rio.004@1457084560","main_glossary","公共总表；须以本篇最终正文核对适用语境"
"隔壁","隔离壁","confirmed","已审定术语","1","1","0","1","","pm:static:photonmelodies11.rio.002:1214082412:00006361","crsa:photonmelodies11.rio.002@1214082412","current_public_terms","本篇权威正文证据"
"隗より始めよ","请自隗始","confirmed","第二遍术语证据","1","1","0","1","","pm:static:photonmelodies11.rio.004:1361070408:00509405","crsa:photonmelodies11.rio.004@1361070408","second_pass_line_evidence","第二遍行级证据（1条）"
"霞・冥夜・悠陽","霞、冥夜、悠阳","confirmed","speaker/name-or-title / 说话人标签","1","1","1","1","","pm:static:photonmelodies11.rio.004:1269734756:00443452","crsa:photonmelodies11.rio.004@1269734756","final_speaker_labels / glossary_photonmelodies_v2","说话人名/称谓，需要固定。 | 最终全文说话人标签：1/1"
"風間・宗像","风间、宗像","confirmed","speaker/name-or-title / 说话人标签","1","1","1","1","","pm:static:photonmelodies11.rio.004:1676972672:00257835","crsa:photonmelodies11.rio.004@1676972672","final_speaker_labels / glossary_photonmelodies_v2","说话人名/称谓，需要固定。 | 最终全文说话人标签：1/1"
"香月夕呼","香月夕呼","confirmed","公共总表术语 / 已审定术语","1","1","0","1","","pm:static:photonmelodies11.rio.003:1668688832:00286939","crsa:photonmelodies11.rio.003@1668688832","current_public_terms / main_glossary","主库术语表 | 公共总表；须以本篇最终正文核对适用语境"
"３回転","三圈","confirmed","第二遍术语证据","1","1","0","1","","pm:static:photonmelodies11.rio.004:0655753292:00125936","crsa:photonmelodies11.rio.004@655753292","second_pass_line_evidence","第二遍行级证据（1条）"
"３Ｄ視点版バルジャーノン","3D视角版巴尔加农","confirmed","第二遍术语证据","1","1","0","1","","pm:static:photonmelodies11.rio.004:1361070408:00309193","crsa:photonmelodies11.rio.004@1361070408","second_pass_line_evidence","第二遍行级证据（1条）"
"Ａ小隊の猛者達","A 小队的猛将们","confirmed","speaker/name-or-title / 说话人标签","1","1","1","1","A小队的猛者们","pm:static:photonmelodies11.rio.003:1272111780:00132468","crsa:photonmelodies11.rio.003@1272111780","final_speaker_labels / glossary_photonmelodies_v2","说话人名/称谓，需要固定。; Extracted from current cn_text speaker brackets. | 最终全文说话人标签：1/1"
"Ｂａｃｃａｒａｔ","Baccarat","confirmed","已审定术语","1","1","0","1","","pm:static:photonmelodies11.rio.004:1361070408:00496407","crsa:photonmelodies11.rio.004@1361070408","current_public_terms","本篇审定"
"Ｅブロック","E区","confirmed","tournament_term","1","1","0","1","","pm:static:photonmelodies11.rio.003:1487490840:00103472","crsa:photonmelodies11.rio.003@1487490840","glossary_photonmelodies_v2","Tournament label."
"タケル","武","contextual","katakana-or-latin / 第二遍术语证据","770","770","0","769","","pm:static:photonmelodies11.rio.002:1544313288:00207902","crsa:photonmelodies11.rio.002@1544313288","glossary_photonmelodies_v2 / second_pass_line_evidence","カタカナ/英文式词，按规则优先判断是否适合意译。 | 第二遍行级证据（13条）"
"女","女生","contextual","speaker/name-or-title / 公共总表术语 / 说话人标签","413","413","6","22","女性／女子／女人","pm:static:photonmelodies11.rio.002:1544313288:00243980","crsa:photonmelodies11.rio.002@1544313288","final_speaker_labels / glossary_photonmelodies_v2 / main_glossary","说话人名/称谓，需要固定。; Extracted from current cn_text speaker brackets. | 公共总表；须以本篇最终正文核对适用语境 | 最终全文说话人标签：2/6；其他标签：女子(2)／女人(2)"
"白銀君","白银同学","contextual","人物称谓","397","397","0","364","","pm:static:photonmelodies11.rio.002:1544313288:00289008","crsa:photonmelodies11.rio.002@1544313288","current_public_terms","本篇权威称谓证据；中文依语境可省略“同学”"
"声","声音","contextual","公共总表术语 / 说话人标签","359","359","237","280","声","pm:static:photonmelodies11.rio.002:1544313288:00208214","crsa:photonmelodies11.rio.002@1544313288","final_speaker_labels / main_glossary","公共总表；须以本篇最终正文核对适用语境 | 最终全文说话人标签：227/237；其他标签：声(10)"
"男","男人","contextual","speaker/name-or-title / 公共总表术语 / 说话人标签","277","277","25","173","男性","pm:static:photonmelodies11.rio.002:1544313288:00244638","crsa:photonmelodies11.rio.002@1544313288","final_speaker_labels / glossary_photonmelodies_v2 / main_glossary","说话人名/称谓，需要固定。; Extracted from current cn_text speaker brackets. | 公共总表；须以本篇最终正文核对适用语境 | 最终全文说话人标签：24/25；其他标签：男性(1)"
"月詠さん","月咏小姐","contextual","人物称谓","124","124","0","121","","pm:static:photonmelodies11.rio.003:0839604068:00374980","crsa:photonmelodies11.rio.003@839604068","current_public_terms","本篇权威称谓证据；复数或姓氏确认语境按功能处理"
"姉上","姐姐","contextual","人物称谓 / 第二遍术语证据","91","91","0","90","","pm:static:photonmelodies11.rio.002:1544313288:00209276","crsa:photonmelodies11.rio.002@1544313288","current_public_terms / second_pass_line_evidence","本篇权威称谓证据；并列语境可合译为“姐妹” | 第二遍行级证据（1条）"
"ソリ","雪橇","contextual","第二遍术语证据","84","84","0","82","","pm:static:photonmelodies11.rio.004:0408936772:00051933","crsa:photonmelodies11.rio.004@408936772","second_pass_line_evidence","第二遍行级证据（3条）"
"スキー","滑雪","contextual","katakana-or-latin / 第二遍术语证据","71","71","0","60","","pm:static:photonmelodies11.rio.004:0131862200:00161726","crsa:photonmelodies11.rio.004@131862200","glossary_photonmelodies_v2 / second_pass_line_evidence","カタカナ/英文式词，按规则优先判断是否适合意译。 | 第二遍行级证据（1条）"
"一同","众人","contextual","speaker/name-or-title / 公共总表术语 / 说话人标签","57","57","55","54","一同","pm:static:photonmelodies11.rio.002:1544313288:00222088","crsa:photonmelodies11.rio.002@1544313288","final_speaker_labels / glossary_photonmelodies_v2 / main_glossary","说话人名/称谓，需要固定。; Extracted from current cn_text speaker brackets. | 公共总表；须以本篇最终正文核对适用语境 | 最终全文说话人标签：53/55；其他标签：一同(2)"
"御剣さん","御剑同学","contextual","人物称谓","46","46","0","43","","pm:static:photonmelodies11.rio.002:1544313288:00223366","crsa:photonmelodies11.rio.002@1544313288","current_public_terms","本篇权威称谓证据；复数或第三人称按语境处理"
"御剣財閥","御剑财阀","contextual","batch_term / 第二遍术语证据","40","40","0","38","","pm:static:photonmelodies11.rio.002:1544313288:00232866","crsa:photonmelodies11.rio.002@1544313288","glossary_photonmelodies_v2 / second_pass_line_evidence","御剑财阀.; Mitsurugi family conglomerate. | 第二遍行级证据（2条）"
"男１","男人1","contextual","speaker/name-or-title / 说话人标签","33","33","33","19","男1","pm:static:photonmelodies11.rio.004:1269734756:00296476","crsa:photonmelodies11.rio.004@1269734756","final_speaker_labels / glossary_photonmelodies_v2","说话人名/称谓，需要固定。 | 最终全文说话人标签：19/33；其他标签：男1(14)"
"地球","地球","contextual","公共总表术语","32","32","0","31","","pm:static:photonmelodies11.rio.003:1487490840:00141556","crsa:photonmelodies11.rio.003@1487490840","main_glossary","公共总表；须以本篇最终正文核对适用语境"
"度胸","胆量","contextual","第二遍术语证据","32","32","0","23","","pm:static:photonmelodies11.rio.003:0839604068:00198218","crsa:photonmelodies11.rio.003@839604068","second_pass_line_evidence","第二遍行级证据（2条）"
"男２","男人2","contextual","speaker/name-or-title / 说话人标签","30","30","28","19","男2","pm:static:photonmelodies11.rio.004:1269734756:00297300","crsa:photonmelodies11.rio.004@1269734756","final_speaker_labels / glossary_photonmelodies_v2","说话人名/称谓，需要固定。 | 最终全文说话人标签：19/28；其他标签：男2(9)"
"女１","女人1","contextual","speaker/name-or-title / 说话人标签","29","29","28","17","女1","pm:static:photonmelodies11.rio.004:1269734756:00296692","crsa:photonmelodies11.rio.004@1269734756","final_speaker_labels / glossary_photonmelodies_v2","说话人名/称谓，需要固定。 | 最终全文说话人标签：17/28；其他标签：女1(11)"
"ゼロ","零","contextual","第二遍术语证据","26","26","0","16","","pm:static:photonmelodies11.rio.003:0839604068:00231966","crsa:photonmelodies11.rio.003@839604068","second_pass_line_evidence","第二遍行级证据（1条）"
"大将","大将","contextual","batch_term","24","24","0","23","","pm:static:photonmelodies11.rio.003:0839604068:00255416","crsa:photonmelodies11.rio.003@839604068","glossary_photonmelodies_v2","大将, kept as the survival-game role term.; Survival-game role term; avoid confusing with military rank unless context differs."
"ラダビノッド学園長","拉达比诺德校长","contextual","speaker/name-or-title / 说话人标签","23","23","20","11","拉达比诺德学园长","pm:static:photonmelodies11.rio.002:1544313288:00366140","crsa:photonmelodies11.rio.002@1544313288","final_speaker_labels / glossary_photonmelodies_v2","说话人名/称谓，需要固定。; Extracted from current cn_text speaker brackets. | 最终全文说话人标签：11/20；其他标签：拉达比诺德学园长(9)"
"エントリー","登记","contextual","第二遍术语证据","22","22","0","6","","pm:static:photonmelodies11.rio.004:0874373084:00134138","crsa:photonmelodies11.rio.004@874373084","second_pass_line_evidence","第二遍行级证据（2条）"
"リムジン","豪华轿车","contextual","第二遍术语证据","20","20","0","16","","pm:static:photonmelodies11.rio.004:0812258960:00461940","crsa:photonmelodies11.rio.004@812258960","second_pass_line_evidence","第二遍行级证据（1条）"
"本家","本家","contextual","第二遍术语证据","19","19","0","17","","pm:static:photonmelodies11.rio.003:0839604068:00376980","crsa:photonmelodies11.rio.003@839604068","second_pass_line_evidence","第二遍行级证据（1条）"
"ナイフ","刀","contextual","第二遍术语证据","18","18","0","8","","pm:static:photonmelodies11.rio.003:1272111780:00142934","crsa:photonmelodies11.rio.003@1272111780","second_pass_line_evidence","第二遍行级证据（2条）"
"ホテル","酒店","contextual","第二遍术语证据","18","18","0","17","","pm:static:photonmelodies11.rio.004:0426952928:00292955","crsa:photonmelodies11.rio.004@426952928","second_pass_line_evidence","第二遍行级证据（1条）"
"３バカ","三个笨蛋","contextual","第二遍术语证据","17","17","0","15","","pm:static:photonmelodies11.rio.003:2092185664:00174790","crsa:photonmelodies11.rio.003@2092185664","second_pass_line_evidence","第二遍行级证据（1条）"
"イリーナ","伊莉娜","contextual","第二遍术语证据","16","16","0","13","","pm:static:photonmelodies11.rio.003:0839604068:00206734","crsa:photonmelodies11.rio.003@839604068","second_pass_line_evidence","第二遍行级证据（9条）"
"センサー","传感器","contextual","公共总表术语","16","16","0","14","","pm:static:photonmelodies11.rio.002:1214082412:00004943","crsa:photonmelodies11.rio.002@1214082412","main_glossary","公共总表；须以本篇最终正文核对适用语境"
"専用機","私人飞机","contextual","第二遍术语证据","15","15","0","5","","pm:static:photonmelodies11.rio.004:0812258960:00462404","crsa:photonmelodies11.rio.004@812258960","second_pass_line_evidence","第二遍行级证据（1条）"
"部隊","部队","contextual","公共总表术语","15","15","0","13","","pm:static:photonmelodies11.rio.003:1272111780:00221520","crsa:photonmelodies11.rio.003@1272111780","main_glossary","公共总表；须以本篇最终正文核对适用语境"
"ぶらりスト","闲逛主义者","contextual","已审定术语 / 第二遍术语证据","14","14","0","11","","pm:static:photonmelodies11.rio.004:0812258960:00286424","crsa:photonmelodies11.rio.004@812258960","current_public_terms / second_pass_line_evidence","本篇审定；派生词形依语境作“闲逛达人／闲逛家／闲逛模式” | 第二遍行级证据（1条）"
"ゲレンデ","雪道","contextual","第二遍术语证据","14","14","0","3","","pm:static:photonmelodies11.rio.004:0408936772:00042719","crsa:photonmelodies11.rio.004@408936772","second_pass_line_evidence","第二遍行级证据（1条）"
"ヘリ","直升机","contextual","第二遍术语证据","13","13","0","12","","pm:static:photonmelodies11.rio.003:0839604068:00227514","crsa:photonmelodies11.rio.003@839604068","second_pass_line_evidence","第二遍行级证据（1条）"
"吹雪","暴风雪","contextual","公共总表术语 / 第二遍术语证据","13","13","0","13","吹雪","pm:static:photonmelodies11.rio.004:0499205748:00116532","crsa:photonmelodies11.rio.004@499205748","main_glossary / second_pass_line_evidence","公共总表；须以本篇最终正文核对适用语境 | 第二遍行级证据（1条）"
"スキューバ","水肺潜水","contextual","已审定术语 / 第二遍术语证据","11","11","0","9","","pm:static:photonmelodies11.rio.004:0812258960:00437792","crsa:photonmelodies11.rio.004@812258960","current_public_terms / second_pass_line_evidence","本篇审定；上下文明确时简称“潜水” | 第二遍行级证据（1条）"
"メガフロート","巨型浮体","contextual","第二遍术语证据","11","11","0","11","巨型浮体技术","pm:static:photonmelodies11.rio.004:1361070408:00261279","crsa:photonmelodies11.rio.004@1361070408","second_pass_line_evidence","第二遍行级证据（1条）"
"ウェア","滑雪服","contextual","第二遍术语证据","10","10","0","8","","pm:static:photonmelodies11.rio.004:0426952928:00296269","crsa:photonmelodies11.rio.004@426952928","second_pass_line_evidence","第二遍行级证据（1条）"
"セキュリティ","安保","contextual","第二遍术语证据","10","10","0","8","","pm:static:photonmelodies11.rio.004:0131862200:00200528","crsa:photonmelodies11.rio.004@131862200","second_pass_line_evidence","第二遍行级证据（2条）"
"ブロック","区","contextual","tournament_term / 公共总表术语","9","9","0","8","区块","pm:static:photonmelodies11.rio.003:1487490840:00102594","crsa:photonmelodies11.rio.003@1487490840","glossary_photonmelodies_v2 / main_glossary","区, used for tournament blocks such as E区, G区, C区.; Tournament block/section. Use E区/G区/C区, not 区块. | 公共总表；须以本篇最终正文核对适用语境"
"エリア","区域","contextual","公共总表术语","8","8","0","7","","pm:static:photonmelodies11.rio.003:0839604068:00254708","crsa:photonmelodies11.rio.003@839604068","main_glossary","公共总表；须以本篇最终正文核对适用语境"
"兵士","士兵","contextual","公共总表术语","8","8","0","7","","pm:static:photonmelodies11.rio.003:0839604068:00236054","crsa:photonmelodies11.rio.003@839604068","main_glossary","公共总表；须以本篇最终正文核对适用语境"
"抱えて","抱起","contextual","第二遍术语证据","8","8","0","2","","pm:static:photonmelodies11.rio.003:0839604068:00395140","crsa:photonmelodies11.rio.003@839604068","second_pass_line_evidence","第二遍行级证据（1条）"
"クラスのみんな","全班同学","contextual","speaker/name-or-title / 说话人标签","7","7","7","4","全班","pm:static:photonmelodies11.rio.002:1544313288:00323298","crsa:photonmelodies11.rio.002@1544313288","final_speaker_labels / glossary_photonmelodies_v2","说话人名/称谓，需要固定。; Extracted from current cn_text speaker brackets. | 最终全文说话人标签：4/7；其他标签：全班(3)"
"クラスの男子","班上的男生","contextual","speaker/name-or-title / 说话人标签","7","7","7","4","班里的男生","pm:static:photonmelodies11.rio.002:1544313288:00328658","crsa:photonmelodies11.rio.002@1544313288","final_speaker_labels / glossary_photonmelodies_v2","说话人名/称谓，需要固定。; Extracted from current cn_text speaker brackets. | 最终全文说话人标签：4/7；其他标签：班里的男生(3)"
"下心","歪心思","contextual","第二遍术语证据","7","7","0","4","","pm:static:photonmelodies11.rio.004:0258770628:00269792","crsa:photonmelodies11.rio.004@258770628","second_pass_line_evidence","第二遍行级证据（4条）"
"夕呼先生の因子","夕呼老师的因子","contextual","第二遍术语证据","6","6","0","5","","pm:static:photonmelodies11.rio.004:0812258960:00514740","crsa:photonmelodies11.rio.004@812258960","second_pass_line_evidence","第二遍行级证据（1条）"
"既成事実","既成事实","contextual","第二遍术语证据","6","6","0","5","","pm:static:photonmelodies11.rio.004:0258770628:00202814","crsa:photonmelodies11.rio.004@258770628","second_pass_line_evidence","第二遍行级证据（1条）"
"目印","标记","contextual","第二遍术语证据","6","6","0","3","","pm:static:photonmelodies11.rio.003:1668688832:00181093","crsa:photonmelodies11.rio.003@1668688832","second_pass_line_evidence","第二遍行级证据（1条）"
"インナー","贴身衣物","contextual","第二遍术语证据","4","4","0","3","","pm:static:photonmelodies11.rio.004:0655753292:00188130","crsa:photonmelodies11.rio.004@655753292","second_pass_line_evidence","第二遍行级证据（2条）"
"八つ当たり","迁怒","contextual","第二遍术语证据","4","4","0","2","","pm:static:photonmelodies11.rio.003:1808201404:00095752","crsa:photonmelodies11.rio.003@1808201404","second_pass_line_evidence","第二遍行级证据（1条）"
"実用化","投入实际应用","contextual","第二遍术语证据","4","4","0","1","","pm:static:photonmelodies11.rio.004:0812258960:00274130","crsa:photonmelodies11.rio.004@812258960","second_pass_line_evidence","第二遍行级证据（1条）"
"タキシード","燕尾服","contextual","已审定术语 / 第二遍术语证据","3","3","0","2","","pm:static:photonmelodies11.rio.004:1361070408:00464013","crsa:photonmelodies11.rio.004@1361070408","current_public_terms / second_pass_line_evidence","本篇审定；服装泛指语境可作“晚礼服” | 第二遍行级证据（2条）"
"白陵の制服","白陵制服","contextual","第二遍术语证据","3","3","0","2","","pm:static:photonmelodies11.rio.004:1361070408:00465165","crsa:photonmelodies11.rio.004@1361070408","second_pass_line_evidence","第二遍行级证据（1条）"
"筐体","机台","contextual","第二遍术语证据","3","3","0","2","","pm:static:photonmelodies11.rio.004:0131862200:00299096","crsa:photonmelodies11.rio.004@131862200","second_pass_line_evidence","第二遍行级证据（1条）"
"ドタキャン","临时爽约","contextual","已审定术语 / 第二遍术语证据","2","2","0","1","","pm:static:photonmelodies11.rio.004:0131862200:00187408","crsa:photonmelodies11.rio.004@131862200","current_public_terms / second_pass_line_evidence","本篇审定；承诺语境可作“临时反悔” | 第二遍行级证据（1条）"
"感情移入","沉浸感","contextual","第二遍术语证据","2","2","0","1","","pm:static:photonmelodies11.rio.004:0601851372:00178373","crsa:photonmelodies11.rio.004@601851372","second_pass_line_evidence","第二遍行级证据（1条）"
"金田ー少年","《金田少年》","contextual","第二遍术语证据","2","2","0","1","金田少年","pm:static:photonmelodies11.rio.004:0933776684:00529379","crsa:photonmelodies11.rio.004@933776684","second_pass_line_evidence","第二遍行级证据（1条）"
"鑑識","鉴识","contextual","第二遍术语证据","2","2","0","2","鉴识人员","pm:static:photonmelodies11.rio.004:1259067424:00346106","crsa:photonmelodies11.rio.004@1259067424","second_pass_line_evidence","第二遍行级证据（1条）"
"Ｃブロック","C区","contextual","tournament_term","2","2","0","1","","pm:static:photonmelodies11.rio.003:1487490840:00102898","crsa:photonmelodies11.rio.003@1487490840","glossary_photonmelodies_v2","Tournament label."
"Ｇブロック","G区","contextual","tournament_term","2","2","0","1","","pm:static:photonmelodies11.rio.003:1487490840:00102898","crsa:photonmelodies11.rio.003@1487490840","glossary_photonmelodies_v2","Tournament label."
"オレ","","candidate","片假名/拉丁字母扫描候选","1973","1973","0","0","","pm:static:photonmelodies11.rio.002:1544313288:00212204","crsa:photonmelodies11.rio.002@1544313288","full_text_katakana_latin_scan","全文机械扫描候选；未据此自动固定中文"
"ーーー","","candidate","katakana-or-latin","301","301","0","0","","pm:static:photonmelodies11.rio.002:1544313288:00208214","crsa:photonmelodies11.rio.002@1544313288","glossary_photonmelodies_v2","カタカナ/英文式词，按规则优先判断是否适合意译。"
"ザウバ","","candidate","片假名/拉丁字母扫描候选","260","260","0","0","","pm:static:photonmelodies11.rio.003:1487490840:00141826","crsa:photonmelodies11.rio.003@1487490840","full_text_katakana_latin_scan","全文机械扫描候选；未据此自动固定中文"
"チーム","","candidate","katakana-or-latin","203","203","0","0","","pm:static:photonmelodies11.rio.002:1544313288:00240946","crsa:photonmelodies11.rio.002@1544313288","glossary_photonmelodies_v2","カタカナ/英文式词，按规则优先判断是否适合意译。"
"バカ","","candidate","片假名/拉丁字母扫描候选","187","187","0","0","","pm:static:photonmelodies11.rio.002:1214082412:00006361","crsa:photonmelodies11.rio.002@1214082412","full_text_katakana_latin_scan","全文机械扫描候选；未据此自动固定中文"
"ダメ","","candidate","片假名/拉丁字母扫描候选","164","164","0","0","","pm:static:photonmelodies11.rio.002:1544313288:00213904","crsa:photonmelodies11.rio.002@1544313288","full_text_katakana_latin_scan","全文机械扫描候选；未据此自动固定中文"
"マジ","","candidate","片假名/拉丁字母扫描候选","159","159","0","0","","pm:static:photonmelodies11.rio.002:1544313288:00271814","crsa:photonmelodies11.rio.002@1544313288","full_text_katakana_latin_scan","全文机械扫描候选；未据此自动固定中文"
"ッッ","","candidate","片假名/拉丁字母扫描候选","140","140","0","0","","pm:static:photonmelodies11.rio.002:1544313288:00211646","crsa:photonmelodies11.rio.002@1544313288","full_text_katakana_latin_scan","全文机械扫描候选；未据此自动固定中文"
"ホント","","candidate","katakana-or-latin","136","136","0","0","","pm:static:photonmelodies11.rio.002:1544313288:00274610","crsa:photonmelodies11.rio.002@1544313288","glossary_photonmelodies_v2","カタカナ/英文式词，按规则优先判断是否适合意译。"
"ゲーム","","candidate","katakana-or-latin","114","114","0","0","","pm:static:photonmelodies11.rio.003:0839604068:00214194","crsa:photonmelodies11.rio.003@839604068","glossary_photonmelodies_v2","カタカナ/英文式词，按规则优先判断是否适合意译。"
"モン","","candidate","片假名/拉丁字母扫描候选","108","108","0","0","","pm:static:photonmelodies11.rio.002:1544313288:00216274","crsa:photonmelodies11.rio.002@1544313288","full_text_katakana_latin_scan","全文机械扫描候选；未据此自动固定中文"
"ボク","","candidate","片假名/拉丁字母扫描候选","84","84","0","0","","pm:static:photonmelodies11.rio.002:1544313288:00228670","crsa:photonmelodies11.rio.002@1544313288","full_text_katakana_latin_scan","全文机械扫描候选；未据此自动固定中文"
"ルール","","candidate","katakana-or-latin","72","72","0","0","","pm:static:photonmelodies11.rio.002:1544313288:00224340","crsa:photonmelodies11.rio.002@1544313288","glossary_photonmelodies_v2","カタカナ/英文式词，按规则优先判断是否适合意译。"
"スキ","","candidate","片假名/拉丁字母扫描候选","69","69","0","0","","pm:static:photonmelodies11.rio.004:0131862200:00161726","crsa:photonmelodies11.rio.004@131862200","full_text_katakana_latin_scan","全文机械扫描候选；未据此自动固定中文"
"ヤツ","","candidate","片假名/拉丁字母扫描候选","67","67","0","0","","pm:static:photonmelodies11.rio.002:1544313288:00226252","crsa:photonmelodies11.rio.002@1544313288","full_text_katakana_latin_scan","全文机械扫描候选；未据此自动固定中文"
"プレゼント","","candidate","katakana-or-latin","60","60","0","0","","pm:static:photonmelodies11.rio.003:1933169644:00091956","crsa:photonmelodies11.rio.003@1933169644","glossary_photonmelodies_v2","カタカナ/英文式词，按规则优先判断是否适合意译。"
"ワケ","","candidate","片假名/拉丁字母扫描候选","60","60","0","0","","pm:static:photonmelodies11.rio.002:1544313288:00215584","crsa:photonmelodies11.rio.002@1544313288","full_text_katakana_latin_scan","全文机械扫描候选；未据此自动固定中文"
"ミキ","","candidate","片假名/拉丁字母扫描候选","59","59","0","0","","pm:static:photonmelodies11.rio.002:1544313288:00297296","crsa:photonmelodies11.rio.002@1544313288","full_text_katakana_latin_scan","全文机械扫描候选；未据此自动固定中文"
"プール","","candidate","katakana-or-latin","54","54","0","0","","pm:static:photonmelodies11.rio.003:1272111780:00205040","crsa:photonmelodies11.rio.003@1272111780","glossary_photonmelodies_v2","カタカナ/英文式词，按规则优先判断是否适合意译。"
"レンジ","","candidate","katakana-or-latin","54","54","0","0","","pm:static:photonmelodies11.rio.003:0839604068:00367212","crsa:photonmelodies11.rio.003@839604068","glossary_photonmelodies_v2","カタカナ/英文式词，按规则优先判断是否适合意译。"
"クラス","","candidate","katakana-or-latin","53","53","0","0","","pm:static:photonmelodies11.rio.002:1544313288:00269854","crsa:photonmelodies11.rio.002@1544313288","glossary_photonmelodies_v2","カタカナ/英文式词，按规则优先判断是否适合意译。"
"ドア","","candidate","片假名/拉丁字母扫描候选","50","50","0","0","","pm:static:photonmelodies11.rio.004:0780938508:00085593","crsa:photonmelodies11.rio.004@780938508","full_text_katakana_latin_scan","全文机械扫描候选；未据此自动固定中文"
"トコ","","candidate","片假名/拉丁字母扫描候选","49","49","0","0","","pm:static:photonmelodies11.rio.003:0839604068:00303334","crsa:photonmelodies11.rio.003@839604068","full_text_katakana_latin_scan","全文机械扫描候选；未据此自动固定中文"
"ビーチ","","candidate","片假名/拉丁字母扫描候选","48","48","0","0","","pm:static:photonmelodies11.rio.004:0780938508:00049731","crsa:photonmelodies11.rio.004@780938508","full_text_katakana_latin_scan","全文机械扫描候选；未据此自动固定中文"
"アレ","","candidate","片假名/拉丁字母扫描候选","47","47","0","0","","pm:static:photonmelodies11.rio.002:1544313288:00234052","crsa:photonmelodies11.rio.002@1544313288","full_text_katakana_latin_scan","全文机械扫描候选；未据此自动固定中文"
"ブラブラ","","candidate","katakana-or-latin","47","47","0","0","","pm:static:photonmelodies11.rio.004:0426952928:00020248","crsa:photonmelodies11.rio.004@426952928","glossary_photonmelodies_v2","カタカナ/英文式词，按规则优先判断是否适合意译。"
"オッケー","","candidate","katakana-or-latin","46","46","0","0","","pm:static:photonmelodies11.rio.003:1808201404:00090592","crsa:photonmelodies11.rio.003@1808201404","glossary_photonmelodies_v2","カタカナ/英文式词，按规则优先判断是否适合意译。"
"オッケ","","candidate","片假名/拉丁字母扫描候选","44","44","0","0","","pm:static:photonmelodies11.rio.003:1808201404:00090592","crsa:photonmelodies11.rio.003@1808201404","full_text_katakana_latin_scan","全文机械扫描候选；未据此自动固定中文"
"テスレフ","","candidate","katakana-or-latin","44","44","0","0","","pm:static:photonmelodies11.rio.003:1272111780:00124652","crsa:photonmelodies11.rio.003@1272111780","glossary_photonmelodies_v2","カタカナ/英文式词，按规则优先判断是否适合意译。"
"ビーチバレ","","candidate","片假名/拉丁字母扫描候选","44","44","0","0","","pm:static:photonmelodies11.rio.004:0874373084:00130668","crsa:photonmelodies11.rio.004@874373084","full_text_katakana_latin_scan","全文机械扫描候选；未据此自动固定中文"
"ビーチバレー","","candidate","katakana-or-latin","44","44","0","0","","pm:static:photonmelodies11.rio.004:0874373084:00130668","crsa:photonmelodies11.rio.004@874373084","glossary_photonmelodies_v2","カタカナ/英文式词，按规则优先判断是否适合意译。"
"レベル","","candidate","katakana-or-latin","43","43","0","0","","pm:static:photonmelodies11.rio.003:1668688832:00212219","crsa:photonmelodies11.rio.003@1668688832","glossary_photonmelodies_v2","カタカナ/英文式词，按规则优先判断是否适合意译。"
"子ども","孩子","candidate","公共总表术语","40","40","0","31","","pm:static:photonmelodies11.rio.003:0839604068:00370060","crsa:photonmelodies11.rio.003@839604068","main_glossary","公共总表；须以本篇最终正文核对适用语境"
"ケーキ","","candidate","片假名/拉丁字母扫描候选","39","39","0","0","","pm:static:photonmelodies11.rio.003:1933169644:00091956","crsa:photonmelodies11.rio.003@1933169644","full_text_katakana_latin_scan","全文机械扫描候选；未据此自动固定中文"
"ヤバ","","candidate","片假名/拉丁字母扫描候选","38","38","0","0","","pm:static:photonmelodies11.rio.003:1272111780:00156660","crsa:photonmelodies11.rio.003@1272111780","full_text_katakana_latin_scan","全文机械扫描候选；未据此自动固定中文"
"アンタ","","candidate","katakana-or-latin","37","37","0","0","","pm:static:photonmelodies11.rio.003:0839604068:00225082","crsa:photonmelodies11.rio.003@839604068","glossary_photonmelodies_v2","カタカナ/英文式词，按规则优先判断是否适合意译。"
"スゲー","","candidate","katakana-or-latin","37","37","0","0","","pm:static:photonmelodies11.rio.002:1544313288:00301068","crsa:photonmelodies11.rio.002@1544313288","glossary_photonmelodies_v2","カタカナ/英文式词，按规则优先判断是否适合意译。"
"スゲ","","candidate","片假名/拉丁字母扫描候选","35","35","0","0","","pm:static:photonmelodies11.rio.002:1544313288:00301068","crsa:photonmelodies11.rio.002@1544313288","full_text_katakana_latin_scan","全文机械扫描候选；未据此自动固定中文"
"オベロン","","candidate","katakana-or-latin","34","34","0","0","","pm:static:photonmelodies11.rio.003:1668688832:00189313","crsa:photonmelodies11.rio.003@1668688832","glossary_photonmelodies_v2","カタカナ/英文式词，按规则优先判断是否适合意译。"
"コテージ","","candidate","katakana-or-latin","34","34","0","0","","pm:static:photonmelodies11.rio.004:0780938508:00067261","crsa:photonmelodies11.rio.004@780938508","glossary_photonmelodies_v2","カタカナ/英文式词，按规则优先判断是否适合意译。"
"イメージ","","candidate","katakana-or-latin","32","32","0","0","","pm:static:photonmelodies11.rio.003:0839604068:00370584","crsa:photonmelodies11.rio.003@839604068","glossary_photonmelodies_v2","カタカナ/英文式词，按规则优先判断是否适合意译。"
"響","响","candidate","公共总表术语","30","30","0","19","","pm:static:photonmelodies11.rio.003:1272111780:00150248","crsa:photonmelodies11.rio.003@1272111780","main_glossary","公共总表；须以本篇最终正文核对适用语境"
"ッス","","candidate","片假名/拉丁字母扫描候选","29","29","0","0","","pm:static:photonmelodies11.rio.003:0839604068:00292234","crsa:photonmelodies11.rio.003@839604068","full_text_katakana_latin_scan","全文机械扫描候选；未据此自动固定中文"
"メンバ","","candidate","片假名/拉丁字母扫描候选","29","29","0","0","","pm:static:photonmelodies11.rio.003:0839604068:00177448","crsa:photonmelodies11.rio.003@839604068","full_text_katakana_latin_scan","全文机械扫描候选；未据此自动固定中文"
"キス","接吻","candidate","第二遍术语证据","28","28","0","11","","pm:static:photonmelodies11.rio.003:2092185664:00234378","crsa:photonmelodies11.rio.003@2092185664","second_pass_line_evidence","第二遍行级证据（1条）"
"コース","","candidate","片假名/拉丁字母扫描候选","28","28","0","0","","pm:static:photonmelodies11.rio.004:0426952928:00326485","crsa:photonmelodies11.rio.004@426952928","full_text_katakana_latin_scan","全文机械扫描候选；未据此自动固定中文"
"ウチ","我方/本舰","candidate","公共总表术语","26","26","0","0","","pm:static:photonmelodies11.rio.003:0839604068:00192538","crsa:photonmelodies11.rio.003@839604068","main_glossary","公共总表；须以本篇最终正文核对适用语境"
"ガキ","","candidate","片假名/拉丁字母扫描候选","26","26","0","0","","pm:static:photonmelodies11.rio.002:1544313288:00253040","crsa:photonmelodies11.rio.002@1544313288","full_text_katakana_latin_scan","全文机械扫描候选；未据此自动固定中文"
"コイツ","","candidate","片假名/拉丁字母扫描候选","26","26","0","0","","pm:static:photonmelodies11.rio.003:1668688832:00275317","crsa:photonmelodies11.rio.003@1668688832","full_text_katakana_latin_scan","全文机械扫描候选；未据此自动固定中文"
"バッチリ","","candidate","片假名/拉丁字母扫描候选","25","25","0","0","","pm:static:photonmelodies11.rio.003:1668688832:00217771","crsa:photonmelodies11.rio.003@1668688832","full_text_katakana_latin_scan","全文机械扫描候选；未据此自动固定中文"
"メチャクチャ","","candidate","片假名/拉丁字母扫描候选","25","25","0","0","","pm:static:photonmelodies11.rio.003:0839604068:00292118","crsa:photonmelodies11.rio.003@839604068","full_text_katakana_latin_scan","全文机械扫描候选；未据此自动固定中文"
"リアル","","candidate","片假名/拉丁字母扫描候选","25","25","0","0","","pm:static:photonmelodies11.rio.004:0601851372:00175005","crsa:photonmelodies11.rio.004@601851372","full_text_katakana_latin_scan","全文机械扫描候选；未据此自动固定中文"
"ストラップ","","candidate","片假名/拉丁字母扫描候选","24","24","0","0","","pm:static:photonmelodies11.rio.003:1933169644:00149216","crsa:photonmelodies11.rio.003@1933169644","full_text_katakana_latin_scan","全文机械扫描候选；未据此自动固定中文"
"ポイント","","candidate","片假名/拉丁字母扫描候选","24","24","0","0","","pm:static:photonmelodies11.rio.003:0839604068:00242274","crsa:photonmelodies11.rio.003@839604068","full_text_katakana_latin_scan","全文机械扫描候选；未据此自动固定中文"
"オチ","包袱","candidate","第二遍术语证据","23","23","0","5","","pm:static:photonmelodies11.rio.003:1487490840:00139862","crsa:photonmelodies11.rio.003@1487490840","second_pass_line_evidence","第二遍行级证据（1条）"
"フィールド","","candidate","片假名/拉丁字母扫描候选","23","23","0","0","","pm:static:photonmelodies11.rio.003:0839604068:00254708","crsa:photonmelodies11.rio.003@839604068","full_text_katakana_latin_scan","全文机械扫描候选；未据此自动固定中文"
"薪","柴火","candidate","第二遍术语证据","23","23","0","1","","pm:static:photonmelodies11.rio.004:0499205748:00112566","crsa:photonmelodies11.rio.004@499205748","second_pass_line_evidence","第二遍行级证据（1条）"
"アリ","","candidate","片假名/拉丁字母扫描候选","22","22","0","0","","pm:static:photonmelodies11.rio.002:1544313288:00314112","crsa:photonmelodies11.rio.002@1544313288","full_text_katakana_latin_scan","全文机械扫描候选；未据此自动固定中文"
"クソ","该死","candidate","公共总表术语","22","22","0","0","","pm:static:photonmelodies11.rio.002:1544313288:00224898","crsa:photonmelodies11.rio.002@1544313288","main_glossary","公共总表；须以本篇最终正文核对适用语境"
"エントリ","","candidate","片假名/拉丁字母扫描候选","21","21","0","0","","pm:static:photonmelodies11.rio.004:0874373084:00134138","crsa:photonmelodies11.rio.004@874373084","full_text_katakana_latin_scan","全文机械扫描候选；未据此自动固定中文"
"サバゲ","","candidate","片假名/拉丁字母扫描候选","21","21","0","0","","pm:static:photonmelodies11.rio.003:0839604068:00214194","crsa:photonmelodies11.rio.003@839604068","full_text_katakana_latin_scan","全文机械扫描候选；未据此自动固定中文"
"スポーツ","","candidate","片假名/拉丁字母扫描候选","21","21","0","0","","pm:static:photonmelodies11.rio.003:0839604068:00195564","crsa:photonmelodies11.rio.003@839604068","full_text_katakana_latin_scan","全文机械扫描候选；未据此自动固定中文"
"タイプ","类型","candidate","公共总表术语","21","21","0","13","","pm:static:photonmelodies11.rio.003:0839604068:00354850","crsa:photonmelodies11.rio.003@839604068","main_glossary","公共总表；须以本篇最终正文核对适用语境"
"チャンス","","candidate","片假名/拉丁字母扫描候选","20","20","0","0","","pm:static:photonmelodies11.rio.003:0839604068:00272440","crsa:photonmelodies11.rio.003@839604068","full_text_katakana_latin_scan","全文机械扫描候选；未据此自动固定中文"
"ハッキリ","","candidate","片假名/拉丁字母扫描候选","20","20","0","0","","pm:static:photonmelodies11.rio.003:0839604068:00220290","crsa:photonmelodies11.rio.003@839604068","full_text_katakana_latin_scan","全文机械扫描候选；未据此自动固定中文"
"ハーレム","","candidate","片假名/拉丁字母扫描候选","20","20","0","0","","pm:static:photonmelodies11.rio.004:0812258960:00498132","crsa:photonmelodies11.rio.004@812258960","full_text_katakana_latin_scan","全文机械扫描候选；未据此自动固定中文"
"マシ","","candidate","片假名/拉丁字母扫描候选","20","20","0","0","","pm:static:photonmelodies11.rio.002:1544313288:00358076","crsa:photonmelodies11.rio.002@1544313288","full_text_katakana_latin_scan","全文机械扫描候选；未据此自动固定中文"
"ギャップ","","candidate","片假名/拉丁字母扫描候选","19","19","0","0","","pm:static:photonmelodies11.rio.004:1259067424:00261732","crsa:photonmelodies11.rio.004@1259067424","full_text_katakana_latin_scan","全文机械扫描候选；未据此自动固定中文"
"ジャングル","","candidate","片假名/拉丁字母扫描候选","19","19","0","0","","pm:static:photonmelodies11.rio.003:1272111780:00206530","crsa:photonmelodies11.rio.003@1272111780","full_text_katakana_latin_scan","全文机械扫描候选；未据此自动固定中文"
"バス","","candidate","片假名/拉丁字母扫描候选","19","19","0","0","","pm:static:photonmelodies11.rio.003:1272111780:00191954","crsa:photonmelodies11.rio.003@1272111780","full_text_katakana_latin_scan","全文机械扫描候选；未据此自动固定中文"
"リーナ","莉娜","candidate","公共总表术语","19","19","0","13","","pm:static:photonmelodies11.rio.003:0839604068:00206734","crsa:photonmelodies11.rio.003@839604068","main_glossary","公共总表；须以本篇最终正文核对适用语境"
"ＧＰＳ","","candidate","片假名/拉丁字母扫描候选","19","19","0","0","","pm:static:photonmelodies11.rio.004:0426952928:00297379","crsa:photonmelodies11.rio.004@426952928","full_text_katakana_latin_scan","全文机械扫描候选；未据此自动固定中文"
"アテ","","candidate","片假名/拉丁字母扫描候选","18","18","0","0","","pm:static:photonmelodies11.rio.004:0258770628:00149722","crsa:photonmelodies11.rio.004@258770628","full_text_katakana_latin_scan","全文机械扫描候选；未据此自动固定中文"
"システム","","candidate","片假名/拉丁字母扫描候选","18","18","0","0","","pm:static:photonmelodies11.rio.002:1544313288:00304296","crsa:photonmelodies11.rio.002@1544313288","full_text_katakana_latin_scan","全文机械扫描候选；未据此自动固定中文"
"スノボ","","candidate","片假名/拉丁字母扫描候选","18","18","0","0","","pm:static:photonmelodies11.rio.004:0131862200:00223006","crsa:photonmelodies11.rio.004@131862200","full_text_katakana_latin_scan","全文机械扫描候选；未据此自动固定中文"
"スピード","","candidate","片假名/拉丁字母扫描候选","18","18","0","0","","pm:static:photonmelodies11.rio.003:1668688832:00183933","crsa:photonmelodies11.rio.003@1668688832","full_text_katakana_latin_scan","全文机械扫描候选；未据此自动固定中文"
"チェック","","candidate","片假名/拉丁字母扫描候选","18","18","0","0","","pm:static:photonmelodies11.rio.002:1544313288:00364322","crsa:photonmelodies11.rio.002@1544313288","full_text_katakana_latin_scan","全文机械扫描候选；未据此自动固定中文"
"ネタ","","candidate","片假名/拉丁字母扫描候选","18","18","0","0","","pm:static:photonmelodies11.rio.003:0839604068:00319964","crsa:photonmelodies11.rio.003@839604068","full_text_katakana_latin_scan","全文机械扫描候选；未据此自动固定中文"
"ライバル","","candidate","片假名/拉丁字母扫描候选","18","18","0","0","","pm:static:photonmelodies11.rio.003:0839604068:00273578","crsa:photonmelodies11.rio.003@839604068","full_text_katakana_latin_scan","全文机械扫描候选；未据此自动固定中文"
"ゴロゴロ","","candidate","片假名/拉丁字母扫描候选","17","17","0","0","","pm:static:photonmelodies11.rio.003:1272111780:00153884","crsa:photonmelodies11.rio.003@1272111780","full_text_katakana_latin_scan","全文机械扫描候选；未据此自动固定中文"
"スイカ","","candidate","片假名/拉丁字母扫描候选","17","17","0","0","","pm:static:photonmelodies11.rio.004:0812258960:00313680","crsa:photonmelodies11.rio.004@812258960","full_text_katakana_latin_scan","全文机械扫描候选；未据此自动固定中文"
"ッッッ","","candidate","片假名/拉丁字母扫描候选","17","17","0","0","","pm:static:photonmelodies11.rio.002:1544313288:00220152","crsa:photonmelodies11.rio.002@1544313288","full_text_katakana_latin_scan","全文机械扫描候选；未据此自动固定中文"
"ドキドキ","","candidate","片假名/拉丁字母扫描候选","17","17","0","0","","pm:static:photonmelodies11.rio.003:2092185664:00226390","crsa:photonmelodies11.rio.003@2092185664","full_text_katakana_latin_scan","全文机械扫描候选；未据此自动固定中文"
"ベッド","","candidate","片假名/拉丁字母扫描候选","17","17","0","0","","pm:static:photonmelodies11.rio.002:1544313288:00212396","crsa:photonmelodies11.rio.002@1544313288","full_text_katakana_latin_scan","全文机械扫描候选；未据此自动固定中文"
"リフト","","candidate","片假名/拉丁字母扫描候选","17","17","0","0","","pm:static:photonmelodies11.rio.004:0408936772:00049159","crsa:photonmelodies11.rio.004@408936772","full_text_katakana_latin_scan","全文机械扫描候选；未据此自动固定中文"
"ロシア","","candidate","片假名/拉丁字母扫描候选","17","17","0","0","","pm:static:photonmelodies11.rio.002:1544313288:00307858","crsa:photonmelodies11.rio.002@1544313288","full_text_katakana_latin_scan","全文机械扫描候选；未据此自动固定中文"
"キミ","","candidate","片假名/拉丁字母扫描候选","16","16","0","0","","pm:static:photonmelodies11.rio.002:1544313288:00329956","crsa:photonmelodies11.rio.002@1544313288","full_text_katakana_latin_scan","全文机械扫描候选；未据此自动固定中文"
"バスケ","","candidate","片假名/拉丁字母扫描候选","16","16","0","0","","pm:static:photonmelodies11.rio.003:0839604068:00184306","crsa:photonmelodies11.rio.003@839604068","full_text_katakana_latin_scan","全文机械扫描候选；未据此自动固定中文"
"バーカ","","candidate","片假名/拉丁字母扫描候选","16","16","0","0","","pm:static:photonmelodies11.rio.002:1544313288:00341082","crsa:photonmelodies11.rio.002@1544313288","full_text_katakana_latin_scan","全文机械扫描候选；未据此自动固定中文"
"プレイ","","candidate","片假名/拉丁字母扫描候选","16","16","0","0","","pm:static:photonmelodies11.rio.003:2092185664:00323154","crsa:photonmelodies11.rio.003@2092185664","full_text_katakana_latin_scan","全文机械扫描候选；未据此自动固定中文"
"シミュレータ","","candidate","片假名/拉丁字母扫描候选","15","15","0","0","","pm:static:photonmelodies11.rio.004:0131862200:00295486","crsa:photonmelodies11.rio.004@131862200","full_text_katakana_latin_scan","全文机械扫描候选；未据此自动固定中文"
"シャレ","","candidate","片假名/拉丁字母扫描候选","15","15","0","0","","pm:static:photonmelodies11.rio.004:0426952928:00677551","crsa:photonmelodies11.rio.004@426952928","full_text_katakana_latin_scan","全文机械扫描候选；未据此自动固定中文"
"センサ","","candidate","片假名/拉丁字母扫描候选","15","15","0","0","","pm:static:photonmelodies11.rio.002:1214082412:00004943","crsa:photonmelodies11.rio.002@1214082412","full_text_katakana_latin_scan","全文机械扫描候选；未据此自动固定中文"
"トイレットペーパ","","candidate","片假名/拉丁字母扫描候选","15","15","0","0","","pm:static:photonmelodies11.rio.004:1199844672:00096022","crsa:photonmelodies11.rio.004@1199844672","full_text_katakana_latin_scan","全文机械扫描候选；未据此自动固定中文"
"バイク","","candidate","片假名/拉丁字母扫描候选","15","15","0","0","","pm:static:photonmelodies11.rio.004:0812258960:00438430","crsa:photonmelodies11.rio.004@812258960","full_text_katakana_latin_scan","全文机械扫描候选；未据此自动固定中文"
"アレコレ","","candidate","片假名/拉丁字母扫描候选","14","14","0","0","","pm:static:photonmelodies11.rio.003:1487490840:00139152","crsa:photonmelodies11.rio.003@1487490840","full_text_katakana_latin_scan","全文机械扫描候选；未据此自动固定中文"
"イケ","","candidate","片假名/拉丁字母扫描候选","14","14","0","0","","pm:static:photonmelodies11.rio.003:0839604068:00311672","crsa:photonmelodies11.rio.003@839604068","full_text_katakana_latin_scan","全文机械扫描候选；未据此自动固定中文"
"カッコ","","candidate","片假名/拉丁字母扫描候选","14","14","0","0","","pm:static:photonmelodies11.rio.003:1668688832:00328717","crsa:photonmelodies11.rio.003@1668688832","full_text_katakana_latin_scan","全文机械扫描候选；未据此自动固定中文"
"カメラ","摄像机","candidate","公共总表术语","14","14","0","7","","pm:static:photonmelodies11.rio.003:1487490840:00123466","crsa:photonmelodies11.rio.003@1487490840","main_glossary","公共总表；须以本篇最终正文核对适用语境"
"クリスマス","","candidate","片假名/拉丁字母扫描候选","14","14","0","0","","pm:static:photonmelodies11.rio.003:1933169644:00092472","crsa:photonmelodies11.rio.003@1933169644","full_text_katakana_latin_scan","全文机械扫描候选；未据此自动固定中文"
"サンタ","","candidate","片假名/拉丁字母扫描候选","14","14","0","0","","pm:static:photonmelodies11.rio.003:1933169644:00092472","crsa:photonmelodies11.rio.003@1933169644","full_text_katakana_latin_scan","全文机械扫描候选；未据此自动固定中文"
"スト","","candidate","片假名/拉丁字母扫描候选","14","14","0","0","","pm:static:photonmelodies11.rio.004:0812258960:00286424","crsa:photonmelodies11.rio.004@812258960","full_text_katakana_latin_scan","全文机械扫描候选；未据此自动固定中文"
"ズバリ","","candidate","片假名/拉丁字母扫描候选","14","14","0","0","","pm:static:photonmelodies11.rio.003:0839604068:00214194","crsa:photonmelodies11.rio.003@839604068","full_text_katakana_latin_scan","全文机械扫描候选；未据此自动固定中文"
"セリフ","","candidate","片假名/拉丁字母扫描候选","14","14","0","0","","pm:static:photonmelodies11.rio.003:1487490840:00107982","crsa:photonmelodies11.rio.003@1487490840","full_text_katakana_latin_scan","全文机械扫描候选；未据此自动固定中文"
"テク","","candidate","片假名/拉丁字母扫描候选","14","14","0","0","","pm:static:photonmelodies11.rio.004:0426952928:00323713","crsa:photonmelodies11.rio.004@426952928","full_text_katakana_latin_scan","全文机械扫描候选；未据此自动固定中文"
"テレビ","","candidate","片假名/拉丁字母扫描候选","14","14","0","0","","pm:static:photonmelodies11.rio.003:1933169644:00150184","crsa:photonmelodies11.rio.003@1933169644","full_text_katakana_latin_scan","全文机械扫描候选；未据此自动固定中文"
"デイヴィット","","candidate","片假名/拉丁字母扫描候选","14","14","0","0","","pm:static:photonmelodies11.rio.004:0258770628:00208506","crsa:photonmelodies11.rio.004@258770628","full_text_katakana_latin_scan","全文机械扫描候选；未据此自动固定中文"
"ヌケ","","candidate","片假名/拉丁字母扫描候选","14","14","0","0","","pm:static:photonmelodies11.rio.003:2092185664:00328506","crsa:photonmelodies11.rio.003@2092185664","full_text_katakana_latin_scan","全文机械扫描候选；未据此自动固定中文"
"ノリ","","candidate","片假名/拉丁字母扫描候选","14","14","0","0","","pm:static:photonmelodies11.rio.003:0839604068:00190728","crsa:photonmelodies11.rio.003@839604068","full_text_katakana_latin_scan","全文机械扫描候选；未据此自动固定中文"
"パワ","","candidate","片假名/拉丁字母扫描候选","14","14","0","0","","pm:static:photonmelodies11.rio.002:1544313288:00275644","crsa:photonmelodies11.rio.002@1544313288","full_text_katakana_latin_scan","全文机械扫描候选；未据此自动固定中文"
"ヒッパーコス","","candidate","片假名/拉丁字母扫描候选","14","14","0","0","","pm:static:photonmelodies11.rio.004:0780938508:00047427","crsa:photonmelodies11.rio.004@780938508","full_text_katakana_latin_scan","全文机械扫描候选；未据此自动固定中文"
"ボタン","","candidate","片假名/拉丁字母扫描候选","14","14","0","0","","pm:static:photonmelodies11.rio.003:1933169644:00106076","crsa:photonmelodies11.rio.003@1933169644","full_text_katakana_latin_scan","全文机械扫描候选；未据此自动固定中文"
"ムチャクチャ","","candidate","片假名/拉丁字母扫描候选","14","14","0","0","","pm:static:photonmelodies11.rio.003:1272111780:00174222","crsa:photonmelodies11.rio.003@1272111780","full_text_katakana_latin_scan","全文机械扫描候选；未据此自动固定中文"
"リゾート","","candidate","片假名/拉丁字母扫描候选","14","14","0","0","","pm:static:photonmelodies11.rio.004:0780938508:00044099","crsa:photonmelodies11.rio.004@780938508","full_text_katakana_latin_scan","全文机械扫描候选；未据此自动固定中文"
"ワシ","","candidate","片假名/拉丁字母扫描候选","14","14","0","0","","pm:static:photonmelodies11.rio.004:1269734756:00469498","crsa:photonmelodies11.rio.004@1269734756","full_text_katakana_latin_scan","全文机械扫描候选；未据此自动固定中文"
"遭難","遇难","candidate","第二遍术语证据","14","14","0","5","","pm:static:photonmelodies11.rio.002:1544313288:00317414","crsa:photonmelodies11.rio.002@1544313288","second_pass_line_evidence","第二遍行级证据（1条）"
"アルタイル","","candidate","片假名/拉丁字母扫描候选","13","13","0","0","","pm:static:photonmelodies11.rio.004:0860955960:00161171","crsa:photonmelodies11.rio.004@860955960","full_text_katakana_latin_scan","全文机械扫描候选；未据此自动固定中文"
"キツ","","candidate","片假名/拉丁字母扫描候选","13","13","0","0","","pm:static:photonmelodies11.rio.004:0601851372:00141197","crsa:photonmelodies11.rio.004@601851372","full_text_katakana_latin_scan","全文机械扫描候选；未据此自动固定中文"
"ゲット","","candidate","片假名/拉丁字母扫描候选","13","13","0","0","","pm:static:photonmelodies11.rio.003:1272111780:00139206","crsa:photonmelodies11.rio.003@1272111780","full_text_katakana_latin_scan","全文机械扫描候选；未据此自动固定中文"
"サービス","","candidate","片假名/拉丁字母扫描候选","13","13","0","0","","pm:static:photonmelodies11.rio.003:1487490840:00124412","crsa:photonmelodies11.rio.003@1487490840","full_text_katakana_latin_scan","全文机械扫描候选；未据此自动固定中文"
"シロガネ","","candidate","片假名/拉丁字母扫描候选","13","13","0","0","","pm:static:photonmelodies11.rio.003:0839604068:00395390","crsa:photonmelodies11.rio.003@839604068","full_text_katakana_latin_scan","全文机械扫描候选；未据此自动固定中文"
"タイミング","","candidate","片假名/拉丁字母扫描候选","13","13","0","0","","pm:static:photonmelodies11.rio.003:0839604068:00384308","crsa:photonmelodies11.rio.003@839604068","full_text_katakana_latin_scan","全文机械扫描候选；未据此自动固定中文"
"タカユキ","","candidate","片假名/拉丁字母扫描候选","13","13","0","0","","pm:static:photonmelodies11.rio.004:0812258960:00496056","crsa:photonmelodies11.rio.004@812258960","full_text_katakana_latin_scan","全文机械扫描候选；未据此自动固定中文"
"タケルッ","","candidate","片假名/拉丁字母扫描候选","13","13","0","0","","pm:static:photonmelodies11.rio.003:1808201404:00076920","crsa:photonmelodies11.rio.003@1808201404","full_text_katakana_latin_scan","全文机械扫描候选；未据此自动固定中文"
"ツッコミ","","candidate","片假名/拉丁字母扫描候选","13","13","0","0","","pm:static:photonmelodies11.rio.002:1544313288:00347242","crsa:photonmelodies11.rio.002@1544313288","full_text_katakana_latin_scan","全文机械扫描候选；未据此自动固定中文"
"ビミョ","","candidate","片假名/拉丁字母扫描候选","13","13","0","0","","pm:static:photonmelodies11.rio.003:0839604068:00302344","crsa:photonmelodies11.rio.003@839604068","full_text_katakana_latin_scan","全文机械扫描候选；未据此自动固定中文"
"プロ","","candidate","片假名/拉丁字母扫描候选","13","13","0","0","","pm:static:photonmelodies11.rio.002:1544313288:00236566","crsa:photonmelodies11.rio.002@1544313288","full_text_katakana_latin_scan","全文机械扫描候选；未据此自动固定中文"
"ボート","","candidate","片假名/拉丁字母扫描候选","13","13","0","0","","pm:static:photonmelodies11.rio.004:1269734756:00476624","crsa:photonmelodies11.rio.004@1269734756","full_text_katakana_latin_scan","全文机械扫描候选；未据此自动固定中文"
"ミカン","","candidate","片假名/拉丁字母扫描候选","13","13","0","0","","pm:static:photonmelodies11.rio.003:1487490840:00115842","crsa:photonmelodies11.rio.003@1487490840","full_text_katakana_latin_scan","全文机械扫描候选；未据此自动固定中文"
"ムキ","","candidate","片假名/拉丁字母扫描候选","13","13","0","0","","pm:static:photonmelodies11.rio.002:1544313288:00253260","crsa:photonmelodies11.rio.002@1544313288","full_text_katakana_latin_scan","全文机械扫描候选；未据此自动固定中文"
"モノ","","candidate","片假名/拉丁字母扫描候选","13","13","0","0","","pm:static:photonmelodies11.rio.003:1933169644:00153732","crsa:photonmelodies11.rio.003@1933169644","full_text_katakana_latin_scan","全文机械扫描候选；未据此自动固定中文"
"沢","山涧","candidate","第二遍术语证据","13","13","0","1","","pm:static:photonmelodies11.rio.003:2092185664:00258372","crsa:photonmelodies11.rio.003@2092185664","second_pass_line_evidence","第二遍行级证据（1条）"
"イマイチ","","candidate","片假名/拉丁字母扫描候选","12","12","0","0","","pm:static:photonmelodies11.rio.003:1272111780:00165134","crsa:photonmelodies11.rio.003@1272111780","full_text_katakana_latin_scan","全文机械扫描候选；未据此自动固定中文"
"オートロック","","candidate","片假名/拉丁字母扫描候选","12","12","0","0","","pm:static:photonmelodies11.rio.004:0780938508:00086283","crsa:photonmelodies11.rio.004@780938508","full_text_katakana_latin_scan","全文机械扫描候选；未据此自动固定中文"
"ギリギリ","","candidate","片假名/拉丁字母扫描候选","12","12","0","0","","pm:static:photonmelodies11.rio.003:1668688832:00254135","crsa:photonmelodies11.rio.003@1668688832","full_text_katakana_latin_scan","全文机械扫描候选；未据此自动固定中文"
"ケータイ","","candidate","片假名/拉丁字母扫描候选","12","12","0","0","","pm:static:photonmelodies11.rio.003:2092185664:00274884","crsa:photonmelodies11.rio.003@2092185664","full_text_katakana_latin_scan","全文机械扫描候选；未据此自动固定中文"
"サウナ","","candidate","片假名/拉丁字母扫描候选","12","12","0","0","","pm:static:photonmelodies11.rio.004:0258770628:00215172","crsa:photonmelodies11.rio.004@258770628","full_text_katakana_latin_scan","全文机械扫描候选；未据此自动固定中文"
"サムライ","","candidate","片假名/拉丁字母扫描候选","12","12","0","0","","pm:static:photonmelodies11.rio.002:1544313288:00354668","crsa:photonmelodies11.rio.002@1544313288","full_text_katakana_latin_scan","全文机械扫描候选；未据此自动固定中文"
"センセ","","candidate","片假名/拉丁字母扫描候选","12","12","0","0","","pm:static:photonmelodies11.rio.003:0839604068:00218022","crsa:photonmelodies11.rio.003@839604068","full_text_katakana_latin_scan","全文机械扫描候选；未据此自动固定中文"
"タダ","","candidate","片假名/拉丁字母扫描候选","12","12","0","0","","pm:static:photonmelodies11.rio.004:0258770628:00132096","crsa:photonmelodies11.rio.004@258770628","full_text_katakana_latin_scan","全文机械扫描候选；未据此自动固定中文"
"チャック","","candidate","片假名/拉丁字母扫描候选","12","12","0","0","","pm:static:photonmelodies11.rio.004:1410213692:00124704","crsa:photonmelodies11.rio.004@1410213692","full_text_katakana_latin_scan","全文机械扫描候选；未据此自动固定中文"
"ノート","","candidate","片假名/拉丁字母扫描候选","12","12","0","0","","pm:static:photonmelodies11.rio.003:1487490840:00148548","crsa:photonmelodies11.rio.003@1487490840","full_text_katakana_latin_scan","全文机械扫描候选；未据此自动固定中文"
"ハル","","candidate","片假名/拉丁字母扫描候选","12","12","0","0","","pm:static:photonmelodies11.rio.004:1269734756:00296798","crsa:photonmelodies11.rio.004@1269734756","full_text_katakana_latin_scan","全文机械扫描候选；未据此自动固定中文"
"バックアップ","","candidate","片假名/拉丁字母扫描候选","12","12","0","0","","pm:static:photonmelodies11.rio.003:1487490840:00112560","crsa:photonmelodies11.rio.003@1487490840","full_text_katakana_latin_scan","全文机械扫描候选；未据此自动固定中文"
"ヒマ","","candidate","片假名/拉丁字母扫描候选","12","12","0","0","","pm:static:photonmelodies11.rio.004:1068948144:00044954","crsa:photonmelodies11.rio.004@1068948144","full_text_katakana_latin_scan","全文机械扫描候选；未据此自动固定中文"
"ビビッ","","candidate","片假名/拉丁字母扫描候选","12","12","0","0","","pm:static:photonmelodies11.rio.003:1933169644:00155122","crsa:photonmelodies11.rio.003@1933169644","full_text_katakana_latin_scan","全文机械扫描候选；未据此自动固定中文"
"フリ","","candidate","片假名/拉丁字母扫描候选","12","12","0","0","","pm:static:photonmelodies11.rio.003:1808201404:00153302","crsa:photonmelodies11.rio.003@1808201404","full_text_katakana_latin_scan","全文机械扫描候选；未据此自动固定中文"
"ライセンス","","candidate","片假名/拉丁字母扫描候选","12","12","0","0","","pm:static:photonmelodies11.rio.004:0812258960:00437792","crsa:photonmelodies11.rio.004@812258960","full_text_katakana_latin_scan","全文机械扫描候选；未据此自动固定中文"
"ワナ","","candidate","片假名/拉丁字母扫描候选","12","12","0","0","","pm:static:photonmelodies11.rio.004:1235087732:00508154","crsa:photonmelodies11.rio.004@1235087732","full_text_katakana_latin_scan","全文机械扫描候选；未据此自动固定中文"
"職員","工作人员","candidate","公共总表术语","12","12","0","0","","pm:static:photonmelodies11.rio.002:1544313288:00298624","crsa:photonmelodies11.rio.002@1544313288","main_glossary","公共总表；须以本篇最终正文核对适用语境"
"ＢＢ","","candidate","片假名/拉丁字母扫描候选","12","12","0","0","","pm:static:photonmelodies11.rio.003:0839604068:00217104","crsa:photonmelodies11.rio.003@839604068","full_text_katakana_latin_scan","全文机械扫描候选；未据此自动固定中文"
"アメリカ","","candidate","片假名/拉丁字母扫描候选","11","11","0","0","","pm:static:photonmelodies11.rio.002:1544313288:00331882","crsa:photonmelodies11.rio.002@1544313288","full_text_katakana_latin_scan","全文机械扫描候选；未据此自动固定中文"
"エロ","","candidate","片假名/拉丁字母扫描候选","11","11","0","0","","pm:static:photonmelodies11.rio.004:1361070408:00338273","crsa:photonmelodies11.rio.004@1361070408","full_text_katakana_latin_scan","全文机械扫描候选；未据此自动固定中文"
"キング","国王号","candidate","公共总表术语","11","11","0","0","","pm:static:photonmelodies11.rio.003:1808201404:00093468","crsa:photonmelodies11.rio.003@1808201404","main_glossary","公共总表；须以本篇最终正文核对适用语境"
"グラウンド","","candidate","片假名/拉丁字母扫描候选","11","11","0","0","","pm:static:photonmelodies11.rio.003:0839604068:00344648","crsa:photonmelodies11.rio.003@839604068","full_text_katakana_latin_scan","全文机械扫描候选；未据此自动固定中文"
"サバイバルゲーム","","candidate","片假名/拉丁字母扫描候选","11","11","0","0","","pm:static:photonmelodies11.rio.003:0839604068:00214194","crsa:photonmelodies11.rio.003@839604068","full_text_katakana_latin_scan","全文机械扫描候选；未据此自动固定中文"
"シンプル","","candidate","片假名/拉丁字母扫描候选","11","11","0","0","","pm:static:photonmelodies11.rio.003:2092185664:00228492","crsa:photonmelodies11.rio.003@2092185664","full_text_katakana_latin_scan","全文机械扫描候选；未据此自动固定中文"
"スイッチ","","candidate","片假名/拉丁字母扫描候选","11","11","0","0","","pm:static:photonmelodies11.rio.003:1933169644:00087968","crsa:photonmelodies11.rio.003@1933169644","full_text_katakana_latin_scan","全文机械扫描候选；未据此自动固定中文"
"セット","","candidate","片假名/拉丁字母扫描候选","11","11","0","0","","pm:static:photonmelodies11.rio.002:1544313288:00223896","crsa:photonmelodies11.rio.002@1544313288","full_text_katakana_latin_scan","全文机械扫描候选；未据此自动固定中文"
"データ","","candidate","片假名/拉丁字母扫描候选","11","11","0","0","","pm:static:photonmelodies11.rio.003:1668688832:00221881","crsa:photonmelodies11.rio.003@1668688832","full_text_katakana_latin_scan","全文机械扫描候选；未据此自动固定中文"
"ナシ","","candidate","片假名/拉丁字母扫描候选","11","11","0","0","","pm:static:photonmelodies11.rio.002:1544313288:00241176","crsa:photonmelodies11.rio.002@1544313288","full_text_katakana_latin_scan","全文机械扫描候选；未据此自动固定中文"
"ネックレス","","candidate","片假名/拉丁字母扫描候选","11","11","0","0","","pm:static:photonmelodies11.rio.003:1933169644:00177338","crsa:photonmelodies11.rio.003@1933169644","full_text_katakana_latin_scan","全文机械扫描候选；未据此自动固定中文"
"ボード","","candidate","片假名/拉丁字母扫描候选","11","11","0","0","","pm:static:photonmelodies11.rio.004:0408936772:00027227","crsa:photonmelodies11.rio.004@408936772","full_text_katakana_latin_scan","全文机械扫描候选；未据此自动固定中文"
"モチベーション","","candidate","片假名/拉丁字母扫描候选","11","11","0","0","","pm:static:photonmelodies11.rio.004:0426952928:00353125","crsa:photonmelodies11.rio.004@426952928","full_text_katakana_latin_scan","全文机械扫描候选；未据此自动固定中文"
"アニメ","","candidate","片假名/拉丁字母扫描候选","10","10","0","0","","pm:static:photonmelodies11.rio.004:1269734756:00244758","crsa:photonmelodies11.rio.004@1269734756","full_text_katakana_latin_scan","全文机械扫描候选；未据此自动固定中文"
"エッチ","","candidate","片假名/拉丁字母扫描候选","10","10","0","0","","pm:static:photonmelodies11.rio.003:2092185664:00326192","crsa:photonmelodies11.rio.003@2092185664","full_text_katakana_latin_scan","全文机械扫描候选；未据此自动固定中文"
"オッサン","","candidate","片假名/拉丁字母扫描候选","10","10","0","0","","pm:static:photonmelodies11.rio.002:1544313288:00348292","crsa:photonmelodies11.rio.002@1544313288","full_text_katakana_latin_scan","全文机械扫描候选；未据此自动固定中文"
"オマケ","","candidate","片假名/拉丁字母扫描候选","10","10","0","0","","pm:static:photonmelodies11.rio.004:0780938508:00057677","crsa:photonmelodies11.rio.004@780938508","full_text_katakana_latin_scan","全文机械扫描候选；未据此自动固定中文"
"オメ","","candidate","片假名/拉丁字母扫描候选","10","10","0","0","","pm:static:photonmelodies11.rio.003:2092185664:00171204","crsa:photonmelodies11.rio.003@2092185664","full_text_katakana_latin_scan","全文机械扫描候选；未据此自动固定中文"
"カッコイイ","","candidate","片假名/拉丁字母扫描候选","10","10","0","0","","pm:static:photonmelodies11.rio.003:1668688832:00327141","crsa:photonmelodies11.rio.003@1668688832","full_text_katakana_latin_scan","全文机械扫描候选；未据此自动固定中文"
"クン","","candidate","片假名/拉丁字母扫描候选","10","10","0","0","","pm:static:photonmelodies11.rio.003:1668688832:00312771","crsa:photonmelodies11.rio.003@1668688832","full_text_katakana_latin_scan","全文机械扫描候选；未据此自动固定中文"
"スタイル","","candidate","片假名/拉丁字母扫描候选","10","10","0","0","","pm:static:photonmelodies11.rio.004:0933776684:00409315","crsa:photonmelodies11.rio.004@933776684","full_text_katakana_latin_scan","全文机械扫描候选；未据此自动固定中文"
"ストレス","","candidate","片假名/拉丁字母扫描候选","10","10","0","0","","pm:static:photonmelodies11.rio.003:0839604068:00342928","crsa:photonmelodies11.rio.003@839604068","full_text_katakana_latin_scan","全文机械扫描候选；未据此自动固定中文"
"ズボン","","candidate","片假名/拉丁字母扫描候选","10","10","0","0","","pm:static:photonmelodies11.rio.004:1269734756:00267718","crsa:photonmelodies11.rio.004@1269734756","full_text_katakana_latin_scan","全文机械扫描候选；未据此自动固定中文"
"チャラ","","candidate","片假名/拉丁字母扫描候选","10","10","0","0","","pm:static:photonmelodies11.rio.003:0839604068:00267878","crsa:photonmelodies11.rio.003@839604068","full_text_katakana_latin_scan","全文机械扫描候选；未据此自动固定中文"
"チームワーク","","candidate","片假名/拉丁字母扫描候选","10","10","0","0","","pm:static:photonmelodies11.rio.003:0839604068:00220770","crsa:photonmelodies11.rio.003@839604068","full_text_katakana_latin_scan","全文机械扫描候选；未据此自动固定中文"
"トイレ","","candidate","片假名/拉丁字母扫描候选","10","10","0","0","","pm:static:photonmelodies11.rio.003:1487490840:00136176","crsa:photonmelodies11.rio.003@1487490840","full_text_katakana_latin_scan","全文机械扫描候选；未据此自动固定中文"
"ナイフアタック","","candidate","片假名/拉丁字母扫描候选","10","10","0","0","","pm:static:photonmelodies11.rio.003:1272111780:00142934","crsa:photonmelodies11.rio.003@1272111780","full_text_katakana_latin_scan","全文机械扫描候选；未据此自动固定中文"
"バレ","","candidate","片假名/拉丁字母扫描候选","10","10","0","0","","pm:static:photonmelodies11.rio.003:0839604068:00352118","crsa:photonmelodies11.rio.003@839604068","full_text_katakana_latin_scan","全文机械扫描候选；未据此自动固定中文"
"ヒット","","candidate","片假名/拉丁字母扫描候选","10","10","0","0","","pm:static:photonmelodies11.rio.003:1668688832:00216467","crsa:photonmelodies11.rio.003@1668688832","full_text_katakana_latin_scan","全文机械扫描候选；未据此自动固定中文"
"ペース","","candidate","片假名/拉丁字母扫描候选","10","10","0","0","","pm:static:photonmelodies11.rio.002:1544313288:00274094","crsa:photonmelodies11.rio.002@1544313288","full_text_katakana_latin_scan","全文机械扫描候选；未据此自动固定中文"
"ボケ","","candidate","片假名/拉丁字母扫描候选","10","10","0","0","","pm:static:photonmelodies11.rio.003:0839604068:00196826","crsa:photonmelodies11.rio.003@839604068","full_text_katakana_latin_scan","全文机械扫描候选；未据此自动固定中文"
"マズイ","","candidate","片假名/拉丁字母扫描候选","10","10","0","0","","pm:static:photonmelodies11.rio.003:0839604068:00386432","crsa:photonmelodies11.rio.003@839604068","full_text_katakana_latin_scan","全文机械扫描候选；未据此自动固定中文"
"メロメロ","","candidate","片假名/拉丁字母扫描候选","10","10","0","0","","pm:static:photonmelodies11.rio.004:0860955960:00194457","crsa:photonmelodies11.rio.004@860955960","full_text_katakana_latin_scan","全文机械扫描候选；未据此自动固定中文"
"子供","孩子","candidate","公共总表术语","10","10","0","6","","pm:static:photonmelodies11.rio.003:0839604068:00181130","crsa:photonmelodies11.rio.003@839604068","main_glossary","公共总表；须以本篇最终正文核对适用语境"
"ウソ","","candidate","片假名/拉丁字母扫描候选","9","9","0","0","","pm:static:photonmelodies11.rio.003:0839604068:00295190","crsa:photonmelodies11.rio.003@839604068","full_text_katakana_latin_scan","全文机械扫描候选；未据此自动固定中文"
"サラッ","","candidate","片假名/拉丁字母扫描候选","9","9","0","0","","pm:static:photonmelodies11.rio.004:0426952928:00288273","crsa:photonmelodies11.rio.004@426952928","full_text_katakana_latin_scan","全文机械扫描候选；未据此自动固定中文"
"スク","","candidate","片假名/拉丁字母扫描候选","9","9","0","0","","pm:static:photonmelodies11.rio.004:0979390512:00039532","crsa:photonmelodies11.rio.004@979390512","full_text_katakana_latin_scan","全文机械扫描候选；未据此自动固定中文"
"スッゲ","","candidate","片假名/拉丁字母扫描候选","9","9","0","0","","pm:static:photonmelodies11.rio.003:2092185664:00275584","crsa:photonmelodies11.rio.003@2092185664","full_text_katakana_latin_scan","全文机械扫描候选；未据此自动固定中文"
"トマト","","candidate","片假名/拉丁字母扫描候选","9","9","0","0","","pm:static:photonmelodies11.rio.004:0131862200:00246942","crsa:photonmelodies11.rio.004@131862200","full_text_katakana_latin_scan","全文机械扫描候选；未据此自动固定中文"
"トンネル","","candidate","片假名/拉丁字母扫描候选","9","9","0","0","","pm:static:photonmelodies11.rio.004:0426952928:00298859","crsa:photonmelodies11.rio.004@426952928","full_text_katakana_latin_scan","全文机械扫描候选；未据此自动固定中文"
"ハッ","","candidate","片假名/拉丁字母扫描候选","9","9","0","0","","pm:static:photonmelodies11.rio.003:1668688832:00298645","crsa:photonmelodies11.rio.003@1668688832","full_text_katakana_latin_scan","全文机械扫描候选；未据此自动固定中文"
"バカッ","","candidate","片假名/拉丁字母扫描候选","9","9","0","0","","pm:static:photonmelodies11.rio.003:1272111780:00157406","crsa:photonmelodies11.rio.003@1272111780","full_text_katakana_latin_scan","全文机械扫描候选；未据此自动固定中文"
"ババン","","candidate","片假名/拉丁字母扫描候选","9","9","0","0","","pm:static:photonmelodies11.rio.004:1259067424:00262786","crsa:photonmelodies11.rio.004@1259067424","full_text_katakana_latin_scan","全文机械扫描候选；未据此自动固定中文"
"パンチ","","candidate","片假名/拉丁字母扫描候选","9","9","0","0","","pm:static:photonmelodies11.rio.004:1269734756:00401594","crsa:photonmelodies11.rio.004@1269734756","full_text_katakana_latin_scan","全文机械扫描候选；未据此自动固定中文"
"フツ","","candidate","片假名/拉丁字母扫描候选","9","9","0","0","","pm:static:photonmelodies11.rio.004:0426952928:00620243","crsa:photonmelodies11.rio.004@426952928","full_text_katakana_latin_scan","全文机械扫描候选；未据此自动固定中文"
"ベガ","","candidate","片假名/拉丁字母扫描候选","9","9","0","0","","pm:static:photonmelodies11.rio.004:0780938508:00049731","crsa:photonmelodies11.rio.004@780938508","full_text_katakana_latin_scan","全文机械扫描候选；未据此自动固定中文"
"ボディ","","candidate","片假名/拉丁字母扫描候选","9","9","0","0","","pm:static:photonmelodies11.rio.003:1272111780:00125706","crsa:photonmelodies11.rio.003@1272111780","full_text_katakana_latin_scan","全文机械扫描候选；未据此自动固定中文"
"マイルドクル","","candidate","片假名/拉丁字母扫描候选","9","9","0","0","","pm:static:photonmelodies11.rio.003:1272111780:00204714","crsa:photonmelodies11.rio.003@1272111780","full_text_katakana_latin_scan","全文机械扫描候选；未据此自动固定中文"
"マズ","","candidate","片假名/拉丁字母扫描候选","9","9","0","0","","pm:static:photonmelodies11.rio.004:0655753292:00139642","crsa:photonmelodies11.rio.004@655753292","full_text_katakana_latin_scan","全文机械扫描候选；未据此自动固定中文"
"リベンジ","","candidate","片假名/拉丁字母扫描候选","9","9","0","0","","pm:static:photonmelodies11.rio.004:1169383896:00185324","crsa:photonmelodies11.rio.004@1169383896","full_text_katakana_latin_scan","全文机械扫描候选；未据此自动固定中文"
"リンク","链路","candidate","公共总表术语","9","9","0","0","","pm:static:photonmelodies11.rio.003:1487490840:00124412","crsa:photonmelodies11.rio.003@1487490840","main_glossary","公共总表；须以本篇最终正文核对适用语境"
"ロマンチック","","candidate","片假名/拉丁字母扫描候选","9","9","0","0","","pm:static:photonmelodies11.rio.004:0695803188:00172071","crsa:photonmelodies11.rio.004@695803188","full_text_katakana_latin_scan","全文机械扫描候选；未据此自动固定中文"
"アイス","","candidate","片假名/拉丁字母扫描候选","8","8","0","0","","pm:static:photonmelodies11.rio.004:0933776684:00432243","crsa:photonmelodies11.rio.004@933776684","full_text_katakana_latin_scan","全文机械扫描候选；未据此自动固定中文"
"アウト","","candidate","片假名/拉丁字母扫描候选","8","8","0","0","","pm:static:photonmelodies11.rio.004:0426952928:00664651","crsa:photonmelodies11.rio.004@426952928","full_text_katakana_latin_scan","全文机械扫描候选；未据此自动固定中文"
"イイコト","","candidate","片假名/拉丁字母扫描候选","8","8","0","0","","pm:static:photonmelodies11.rio.004:0933776684:00476703","crsa:photonmelodies11.rio.004@933776684","full_text_katakana_latin_scan","全文机械扫描候选；未据此自动固定中文"
"カード","","candidate","片假名/拉丁字母扫描候选","8","8","0","0","","pm:static:photonmelodies11.rio.004:0780938508:00084133","crsa:photonmelodies11.rio.004@780938508","full_text_katakana_latin_scan","全文机械扫描候选；未据此自动固定中文"
"クマ","","candidate","片假名/拉丁字母扫描候选","8","8","0","0","","pm:static:photonmelodies11.rio.003:1933169644:00169398","crsa:photonmelodies11.rio.003@1933169644","full_text_katakana_latin_scan","全文机械扫描候选；未据此自动固定中文"
"ゲーセン","","candidate","片假名/拉丁字母扫描候选","8","8","0","0","","pm:static:photonmelodies11.rio.003:1933169644:00168858","crsa:photonmelodies11.rio.003@1933169644","full_text_katakana_latin_scan","全文机械扫描候选；未据此自动固定中文"
"ゴミ","","candidate","片假名/拉丁字母扫描候选","8","8","0","0","","pm:static:photonmelodies11.rio.004:0499205748:00112566","crsa:photonmelodies11.rio.004@499205748","full_text_katakana_latin_scan","全文机械扫描候选；未据此自动固定中文"
"シスターズ","","candidate","片假名/拉丁字母扫描候选","8","8","0","0","","pm:static:photonmelodies11.rio.003:1808201404:00134246","crsa:photonmelodies11.rio.003@1808201404","full_text_katakana_latin_scan","全文机械扫描候选；未据此自动固定中文"
"シチュエーション","","candidate","片假名/拉丁字母扫描候选","8","8","0","0","","pm:static:photonmelodies11.rio.004:0601851372:00078959","crsa:photonmelodies11.rio.004@601851372","full_text_katakana_latin_scan","全文机械扫描候选；未据此自动固定中文"
"ショック","","candidate","片假名/拉丁字母扫描候选","8","8","0","0","","pm:static:photonmelodies11.rio.004:0601851372:00158529","crsa:photonmelodies11.rio.004@601851372","full_text_katakana_latin_scan","全文机械扫描候选；未据此自动固定中文"
"シリーズ","","candidate","片假名/拉丁字母扫描候选","8","8","0","0","","pm:static:photonmelodies11.rio.004:1269734756:00291874","crsa:photonmelodies11.rio.004@1269734756","full_text_katakana_latin_scan","全文机械扫描候选；未据此自动固定中文"
"ジャンプ","","candidate","片假名/拉丁字母扫描候选","8","8","0","0","","pm:static:photonmelodies11.rio.004:0979390512:00030688","crsa:photonmelodies11.rio.004@979390512","full_text_katakana_latin_scan","全文机械扫描候选；未据此自动固定中文"
"スタート","","candidate","片假名/拉丁字母扫描候选","8","8","0","0","","pm:static:photonmelodies11.rio.003:1668688832:00199137","crsa:photonmelodies11.rio.003@1668688832","full_text_katakana_latin_scan","全文机械扫描候选；未据此自动固定中文"
"スネイク","","candidate","片假名/拉丁字母扫描候选","8","8","0","0","","pm:static:photonmelodies11.rio.004:0426952928:00539111","crsa:photonmelodies11.rio.004@426952928","full_text_katakana_latin_scan","全文机械扫描候选；未据此自动固定中文"
"タッチ","","candidate","片假名/拉丁字母扫描候选","8","8","0","0","","pm:static:photonmelodies11.rio.003:0839604068:00197370","crsa:photonmelodies11.rio.003@839604068","full_text_katakana_latin_scan","全文机械扫描候选；未据此自动固定中文"
"ダッシュ","","candidate","片假名/拉丁字母扫描候选","8","8","0","0","","pm:static:photonmelodies11.rio.002:1544313288:00273234","crsa:photonmelodies11.rio.002@1544313288","full_text_katakana_latin_scan","全文机械扫描候选；未据此自动固定中文"
"ドリンク","","candidate","片假名/拉丁字母扫描候选","8","8","0","0","","pm:static:photonmelodies11.rio.004:0860955960:00152199","crsa:photonmelodies11.rio.004@860955960","full_text_katakana_latin_scan","全文机械扫描候选；未据此自动固定中文"
"ドレス","","candidate","片假名/拉丁字母扫描候选","8","8","0","0","","pm:static:photonmelodies11.rio.004:1361070408:00469481","crsa:photonmelodies11.rio.004@1361070408","full_text_katakana_latin_scan","全文机械扫描候选；未据此自动固定中文"
"ニンジャ","","candidate","片假名/拉丁字母扫描候选","8","8","0","0","","pm:static:photonmelodies11.rio.002:1544313288:00358076","crsa:photonmelodies11.rio.002@1544313288","full_text_katakana_latin_scan","全文机械扫描候选；未据此自动固定中文"
"ハメ","","candidate","片假名/拉丁字母扫描候选","8","8","0","0","","pm:static:photonmelodies11.rio.003:1272111780:00175228","crsa:photonmelodies11.rio.003@1272111780","full_text_katakana_latin_scan","全文机械扫描候选；未据此自动固定中文"
"バカンス","","candidate","片假名/拉丁字母扫描候选","8","8","0","0","","pm:static:photonmelodies11.rio.004:0812258960:00219218","crsa:photonmelodies11.rio.004@812258960","full_text_katakana_latin_scan","全文机械扫描候选；未据此自动固定中文"
"パーティ","","candidate","片假名/拉丁字母扫描候选","8","8","0","0","","pm:static:photonmelodies11.rio.003:1933169644:00098648","crsa:photonmelodies11.rio.003@1933169644","full_text_katakana_latin_scan","全文机械扫描候选；未据此自动固定中文"
"ビル","","candidate","片假名/拉丁字母扫描候选","8","8","0","0","","pm:static:photonmelodies11.rio.004:0933776684:00384743","crsa:photonmelodies11.rio.004@933776684","full_text_katakana_latin_scan","全文机械扫描候选；未据此自动固定中文"
"フォロ","","candidate","片假名/拉丁字母扫描候选","8","8","0","0","","pm:static:photonmelodies11.rio.003:1272111780:00154610","crsa:photonmelodies11.rio.003@1272111780","full_text_katakana_latin_scan","全文机械扫描候选；未据此自动固定中文"
"ブッ","","candidate","片假名/拉丁字母扫描候选","8","8","0","0","","pm:static:photonmelodies11.rio.002:1544313288:00213124","crsa:photonmelodies11.rio.002@1544313288","full_text_katakana_latin_scan","全文机械扫描候选；未据此自动固定中文"
"ブツブツ","","candidate","片假名/拉丁字母扫描候选","8","8","0","0","","pm:static:photonmelodies11.rio.004:0258770628:00164794","crsa:photonmelodies11.rio.004@258770628","full_text_katakana_latin_scan","全文机械扫描候选；未据此自动固定中文"
"ポーランド","","candidate","片假名/拉丁字母扫描候选","8","8","0","0","","pm:static:photonmelodies11.rio.003:0839604068:00207164","crsa:photonmelodies11.rio.003@839604068","full_text_katakana_latin_scan","全文机械扫描候选；未据此自动固定中文"
"ムカ","","candidate","片假名/拉丁字母扫描候选","8","8","0","0","","pm:static:photonmelodies11.rio.002:1544313288:00354918","crsa:photonmelodies11.rio.002@1544313288","full_text_katakana_latin_scan","全文机械扫描候选；未据此自动固定中文"
"メシ","","candidate","片假名/拉丁字母扫描候选","8","8","0","0","","pm:static:photonmelodies11.rio.003:1272111780:00152788","crsa:photonmelodies11.rio.003@1272111780","full_text_katakana_latin_scan","全文机械扫描候选；未据此自动固定中文"
"メモ","","candidate","片假名/拉丁字母扫描候选","8","8","0","0","","pm:static:photonmelodies11.rio.003:1668688832:00274059","crsa:photonmelodies11.rio.003@1668688832","full_text_katakana_latin_scan","全文机械扫描候选；未据此自动固定中文"
"メモリ","","candidate","片假名/拉丁字母扫描候选","8","8","0","0","","pm:static:photonmelodies11.rio.004:1327482084:00268399","crsa:photonmelodies11.rio.004@1327482084","full_text_katakana_latin_scan","全文机械扫描候选；未据此自动固定中文"
"リアクション","","candidate","片假名/拉丁字母扫描候选","8","8","0","0","","pm:static:photonmelodies11.rio.003:1933169644:00114906","crsa:photonmelodies11.rio.003@1933169644","full_text_katakana_latin_scan","全文机械扫描候选；未据此自动固定中文"
"煩悩","色心","candidate","第二遍术语证据","8","8","0","3","","pm:static:photonmelodies11.rio.004:0426952928:00528451","crsa:photonmelodies11.rio.004@426952928","second_pass_line_evidence","第二遍行级证据（1条）"
"Ｂ小隊","B小队","candidate","公共总表术语","8","8","0","6","","pm:static:photonmelodies11.rio.003:0839604068:00339290","crsa:photonmelodies11.rio.003@839604068","main_glossary","公共总表；须以本篇最终正文核对适用语境"
"ＮＳＡ","","candidate","片假名/拉丁字母扫描候选","8","8","0","0","","pm:static:photonmelodies11.rio.003:1487490840:00142536","crsa:photonmelodies11.rio.003@1487490840","full_text_katakana_latin_scan","全文机械扫描候选；未据此自动固定中文"
"ＴＰＦ","","candidate","片假名/拉丁字母扫描候选","8","8","0","0","","pm:static:photonmelodies11.rio.004:1410213692:00124704","crsa:photonmelodies11.rio.004@1410213692","full_text_katakana_latin_scan","全文机械扫描候选；未据此自动固定中文"
"ァァ","啊啊","candidate","公共总表术语","7","7","0","1","","pm:static:photonmelodies11.rio.003:2092185664:00174790","crsa:photonmelodies11.rio.003@2092185664","main_glossary","公共总表；须以本篇最终正文核对适用语境"
"アンテナ","","candidate","片假名/拉丁字母扫描候选","7","7","0","0","","pm:static:photonmelodies11.rio.004:0131862200:00315750","crsa:photonmelodies11.rio.004@131862200","full_text_katakana_latin_scan","全文机械扫描候选；未据此自动固定中文"
"イベント","","candidate","片假名/拉丁字母扫描候选","7","7","0","0","","pm:static:photonmelodies11.rio.003:0839604068:00365462","crsa:photonmelodies11.rio.003@839604068","full_text_katakana_latin_scan","全文机械扫描候选；未据此自动固定中文"
"カリスマ","","candidate","片假名/拉丁字母扫描候选","7","7","0","0","","pm:static:photonmelodies11.rio.004:1235087732:00626130","crsa:photonmelodies11.rio.004@1235087732","full_text_katakana_latin_scan","全文机械扫描候选；未据此自动固定中文"
"ガス","","candidate","片假名/拉丁字母扫描候选","7","7","0","0","","pm:static:photonmelodies11.rio.003:0839604068:00375250","crsa:photonmelodies11.rio.003@839604068","full_text_katakana_latin_scan","全文机械扫描候选；未据此自动固定中文"
"キレ","","candidate","片假名/拉丁字母扫描候选","7","7","0","0","","pm:static:photonmelodies11.rio.004:0258770628:00195124","crsa:photonmelodies11.rio.004@258770628","full_text_katakana_latin_scan","全文机械扫描候选；未据此自动固定中文"
"コラ","","candidate","片假名/拉丁字母扫描候选","7","7","0","0","","pm:static:photonmelodies11.rio.004:0601851372:00213865","crsa:photonmelodies11.rio.004@601851372","full_text_katakana_latin_scan","全文机械扫描候选；未据此自动固定中文"
"サバイバル","","candidate","片假名/拉丁字母扫描候选","7","7","0","0","","pm:static:photonmelodies11.rio.003:0839604068:00318554","crsa:photonmelodies11.rio.003@839604068","full_text_katakana_latin_scan","全文机械扫描候选；未据此自动固定中文"
"サンキュ","","candidate","片假名/拉丁字母扫描候选","7","7","0","0","","pm:static:photonmelodies11.rio.003:1272111780:00158762","crsa:photonmelodies11.rio.003@1272111780","full_text_katakana_latin_scan","全文机械扫描候选；未据此自动固定中文"
"シャワ","","candidate","片假名/拉丁字母扫描候选","7","7","0","0","","pm:static:photonmelodies11.rio.004:0933776684:00531383","crsa:photonmelodies11.rio.004@933776684","full_text_katakana_latin_scan","全文机械扫描候选；未据此自动固定中文"
"ジュース","","candidate","片假名/拉丁字母扫描候选","7","7","0","0","","pm:static:photonmelodies11.rio.003:2092185664:00167698","crsa:photonmelodies11.rio.003@2092185664","full_text_katakana_latin_scan","全文机械扫描候选；未据此自动固定中文"
"スコップ","","candidate","片假名/拉丁字母扫描候选","7","7","0","0","","pm:static:photonmelodies11.rio.004:0601851372:00169045","crsa:photonmelodies11.rio.004@601851372","full_text_katakana_latin_scan","全文机械扫描候选；未据此自动固定中文"
"ストップ","","candidate","片假名/拉丁字母扫描候选","7","7","0","0","","pm:static:photonmelodies11.rio.003:0839604068:00221186","crsa:photonmelodies11.rio.003@839604068","full_text_katakana_latin_scan","全文机械扫描候选；未据此自动固定中文"
"スル","","candidate","片假名/拉丁字母扫描候选","7","7","0","0","","pm:static:photonmelodies11.rio.003:1933169644:00149496","crsa:photonmelodies11.rio.003@1933169644","full_text_katakana_latin_scan","全文机械扫描候选；未据此自动固定中文"
"ズンドコズンドコズンドコズンドコ","","candidate","片假名/拉丁字母扫描候选","7","7","0","0","","pm:static:photonmelodies11.rio.004:1560893912:00144051","crsa:photonmelodies11.rio.004@1560893912","full_text_katakana_latin_scan","全文机械扫描候选；未据此自动固定中文"
"ッダ","","candidate","片假名/拉丁字母扫描候选","7","7","0","0","","pm:static:photonmelodies11.rio.004:1199844672:00088802","crsa:photonmelodies11.rio.004@1199844672","full_text_katakana_latin_scan","全文机械扫描候选；未据此自动固定中文"
"デリカシ","","candidate","片假名/拉丁字母扫描候选","7","7","0","0","","pm:static:photonmelodies11.rio.003:1272111780:00209222","crsa:photonmelodies11.rio.003@1272111780","full_text_katakana_latin_scan","全文机械扫描候选；未据此自动固定中文"
"トミ","","candidate","片假名/拉丁字母扫描候选","7","7","0","0","","pm:static:photonmelodies11.rio.003:1668688832:00285589","crsa:photonmelodies11.rio.003@1668688832","full_text_katakana_latin_scan","全文机械扫描候选；未据此自动固定中文"
"トラップ","","candidate","片假名/拉丁字母扫描候选","7","7","0","0","","pm:static:photonmelodies11.rio.004:1457084560:00375681","crsa:photonmelodies11.rio.004@1457084560","full_text_katakana_latin_scan","全文机械扫描候选；未据此自动固定中文"
"ナメ","","candidate","片假名/拉丁字母扫描候选","7","7","0","0","","pm:static:photonmelodies11.rio.004:0426952928:00389223","crsa:photonmelodies11.rio.004@426952928","full_text_katakana_latin_scan","全文机械扫描候选；未据此自动固定中文"
"ハシゴ","","candidate","片假名/拉丁字母扫描候选","7","7","0","0","","pm:static:photonmelodies11.rio.004:0499205748:00152182","crsa:photonmelodies11.rio.004@499205748","full_text_katakana_latin_scan","全文机械扫描候选；未据此自动固定中文"
"パーッ","","candidate","片假名/拉丁字母扫描候选","7","7","0","0","","pm:static:photonmelodies11.rio.003:1487490840:00126224","crsa:photonmelodies11.rio.003@1487490840","full_text_katakana_latin_scan","全文机械扫描候选；未据此自动固定中文"
"ヒト","","candidate","片假名/拉丁字母扫描候选","7","7","0","0","","pm:static:photonmelodies11.rio.003:0839604068:00282946","crsa:photonmelodies11.rio.003@839604068","full_text_katakana_latin_scan","全文机械扫描候选；未据此自动固定中文"
"ビビ","","candidate","片假名/拉丁字母扫描候选","7","7","0","0","","pm:static:photonmelodies11.rio.004:0426952928:00358203","crsa:photonmelodies11.rio.004@426952928","full_text_katakana_latin_scan","全文机械扫描候选；未据此自动固定中文"
"フンッ","","candidate","片假名/拉丁字母扫描候选","7","7","0","0","","pm:static:photonmelodies11.rio.004:1199844672:00089080","crsa:photonmelodies11.rio.004@1199844672","full_text_katakana_latin_scan","全文机械扫描候选；未据此自动固定中文"
"フンフンフンッッ","","candidate","片假名/拉丁字母扫描候选","7","7","0","0","","pm:static:photonmelodies11.rio.004:1199844672:00089080","crsa:photonmelodies11.rio.004@1199844672","full_text_katakana_latin_scan","全文机械扫描候选；未据此自动固定中文"
"ブルジョワ","","candidate","片假名/拉丁字母扫描候选","7","7","0","0","","pm:static:photonmelodies11.rio.004:0874373084:00177914","crsa:photonmelodies11.rio.004@874373084","full_text_katakana_latin_scan","全文机械扫描候选；未据此自动固定中文"
"プレッシャ","","candidate","片假名/拉丁字母扫描候选","7","7","0","0","","pm:static:photonmelodies11.rio.003:2092185664:00241168","crsa:photonmelodies11.rio.003@2092185664","full_text_katakana_latin_scan","全文机械扫描候选；未据此自动固定中文"
"ムッキ","","candidate","片假名/拉丁字母扫描候选","7","7","0","0","","pm:static:photonmelodies11.rio.003:2092185664:00371162","crsa:photonmelodies11.rio.003@2092185664","full_text_katakana_latin_scan","全文机械扫描候选；未据此自动固定中文"
"ライン","","candidate","片假名/拉丁字母扫描候选","7","7","0","0","","pm:static:photonmelodies11.rio.003:1668688832:00300449","crsa:photonmelodies11.rio.003@1668688832","full_text_katakana_latin_scan","全文机械扫描候选；未据此自动固定中文"
"ラジオ","","candidate","片假名/拉丁字母扫描候选","7","7","0","0","","pm:static:photonmelodies11.rio.003:2092185664:00321164","crsa:photonmelodies11.rio.003@2092185664","full_text_katakana_latin_scan","全文机械扫描候选；未据此自动固定中文"
"ロック","","candidate","片假名/拉丁字母扫描候选","7","7","0","0","","pm:static:photonmelodies11.rio.004:0780938508:00085291","crsa:photonmelodies11.rio.004@780938508","full_text_katakana_latin_scan","全文机械扫描候选；未据此自动固定中文"
"アイツ","","candidate","片假名/拉丁字母扫描候选","6","6","0","0","","pm:static:photonmelodies11.rio.003:2092185664:00252170","crsa:photonmelodies11.rio.003@2092185664","full_text_katakana_latin_scan","全文机械扫描候选；未据此自动固定中文"
"アドバイス","","candidate","片假名/拉丁字母扫描候选","6","6","0","0","","pm:static:photonmelodies11.rio.003:1668688832:00217771","crsa:photonmelodies11.rio.003@1668688832","full_text_katakana_latin_scan","全文机械扫描候选；未据此自动固定中文"
"インド","印度","candidate","公共总表术语","6","6","0","3","","pm:static:photonmelodies11.rio.002:1544313288:00366140","crsa:photonmelodies11.rio.002@1544313288","main_glossary","公共总表；须以本篇最终正文核对适用语境"
"ウソウソ","","candidate","片假名/拉丁字母扫描候选","6","6","0","0","","pm:static:photonmelodies11.rio.003:1933169644:00125958","crsa:photonmelodies11.rio.003@1933169644","full_text_katakana_latin_scan","全文机械扫描候选；未据此自动固定中文"
"オモチャ","","candidate","片假名/拉丁字母扫描候选","6","6","0","0","","pm:static:photonmelodies11.rio.003:0839604068:00215600","crsa:photonmelodies11.rio.003@839604068","full_text_katakana_latin_scan","全文机械扫描候选；未据此自动固定中文"
"オーラ","","candidate","片假名/拉丁字母扫描候选","6","6","0","0","","pm:static:photonmelodies11.rio.002:1544313288:00236912","crsa:photonmelodies11.rio.002@1544313288","full_text_katakana_latin_scan","全文机械扫描候选；未据此自动固定中文"
"カノジョ","","candidate","片假名/拉丁字母扫描候选","6","6","0","0","","pm:static:photonmelodies11.rio.002:1544313288:00244638","crsa:photonmelodies11.rio.002@1544313288","full_text_katakana_latin_scan","全文机械扫描候选；未据此自动固定中文"
"ガイジン","","candidate","片假名/拉丁字母扫描候选","6","6","0","0","","pm:static:photonmelodies11.rio.002:1544313288:00280816","crsa:photonmelodies11.rio.002@1544313288","full_text_katakana_latin_scan","全文机械扫描候选；未据此自动固定中文"
"キャラ","","candidate","片假名/拉丁字母扫描候选","6","6","0","0","","pm:static:photonmelodies11.rio.003:2092185664:00221810","crsa:photonmelodies11.rio.003@2092185664","full_text_katakana_latin_scan","全文机械扫描候选；未据此自动固定中文"
"クソッ","","candidate","片假名/拉丁字母扫描候选","6","6","0","0","","pm:static:photonmelodies11.rio.003:1668688832:00215401","crsa:photonmelodies11.rio.003@1668688832","full_text_katakana_latin_scan","全文机械扫描候选；未据此自动固定中文"
"コツ","","candidate","片假名/拉丁字母扫描候选","6","6","0","0","","pm:static:photonmelodies11.rio.003:1487490840:00133176","crsa:photonmelodies11.rio.003@1487490840","full_text_katakana_latin_scan","全文机械扫描候选；未据此自动固定中文"
"コレ","","candidate","片假名/拉丁字母扫描候选","6","6","0","0","","pm:static:photonmelodies11.rio.004:0812258960:00229806","crsa:photonmelodies11.rio.004@812258960","full_text_katakana_latin_scan","全文机械扫描候选；未据此自动固定中文"
"コンクリート","","candidate","片假名/拉丁字母扫描候选","6","6","0","0","","pm:static:photonmelodies11.rio.004:0131862200:00282188","crsa:photonmelodies11.rio.004@131862200","full_text_katakana_latin_scan","全文机械扫描候选；未据此自动固定中文"
"シロエ","","candidate","片假名/拉丁字母扫描候选","6","6","0","0","","pm:static:photonmelodies11.rio.003:1668688832:00282683","crsa:photonmelodies11.rio.003@1668688832","full_text_katakana_latin_scan","全文机械扫描候选；未据此自动固定中文"
"ジェット","喷气","candidate","公共总表术语","6","6","0","3","","pm:static:photonmelodies11.rio.004:0258770628:00145686","crsa:photonmelodies11.rio.004@258770628","main_glossary","公共总表；须以本篇最终正文核对适用语境"
"スキル","","candidate","片假名/拉丁字母扫描候选","6","6","0","0","","pm:static:photonmelodies11.rio.004:0655753292:00139120","crsa:photonmelodies11.rio.004@655753292","full_text_katakana_latin_scan","全文机械扫描候选；未据此自动固定中文"
"スケーティング","","candidate","片假名/拉丁字母扫描候选","6","6","0","0","","pm:static:photonmelodies11.rio.004:0426952928:00325411","crsa:photonmelodies11.rio.004@426952928","full_text_katakana_latin_scan","全文机械扫描候选；未据此自动固定中文"
"スケール","","candidate","片假名/拉丁字母扫描候选","6","6","0","0","","pm:static:photonmelodies11.rio.003:1487490840:00167192","crsa:photonmelodies11.rio.003@1487490840","full_text_katakana_latin_scan","全文机械扫描候选；未据此自动固定中文"
"スゲェ","","candidate","片假名/拉丁字母扫描候选","6","6","0","0","","pm:static:photonmelodies11.rio.003:0839604068:00361558","crsa:photonmelodies11.rio.003@839604068","full_text_katakana_latin_scan","全文机械扫描候选；未据此自动固定中文"
"ストイック","","candidate","片假名/拉丁字母扫描候选","6","6","0","0","","pm:static:photonmelodies11.rio.004:0812258960:00306108","crsa:photonmelodies11.rio.004@812258960","full_text_katakana_latin_scan","全文机械扫描候选；未据此自动固定中文"
"ズレ","","candidate","片假名/拉丁字母扫描候选","6","6","0","0","","pm:static:photonmelodies11.rio.003:0839604068:00194774","crsa:photonmelodies11.rio.003@839604068","full_text_katakana_latin_scan","全文机械扫描候选；未据此自动固定中文"
"セレブ","","candidate","片假名/拉丁字母扫描候选","6","6","0","0","","pm:static:photonmelodies11.rio.003:1808201404:00120990","crsa:photonmelodies11.rio.003@1808201404","full_text_katakana_latin_scan","全文机械扫描候选；未据此自动固定中文"
"セーフティゾーン","","candidate","片假名/拉丁字母扫描候选","6","6","0","0","","pm:static:photonmelodies11.rio.003:0839604068:00254708","crsa:photonmelodies11.rio.003@839604068","full_text_katakana_latin_scan","全文机械扫描候选；未据此自动固定中文"
"ソフト","","candidate","片假名/拉丁字母扫描候选","6","6","0","0","","pm:static:photonmelodies11.rio.003:2092185664:00323154","crsa:photonmelodies11.rio.003@2092185664","full_text_katakana_latin_scan","全文机械扫描候选；未据此自动固定中文"
"タオル","","candidate","片假名/拉丁字母扫描候选","6","6","0","0","","pm:static:photonmelodies11.rio.004:0258770628:00218612","crsa:photonmelodies11.rio.004@258770628","full_text_katakana_latin_scan","全文机械扫描候选；未据此自动固定中文"
"ターゲット","","candidate","片假名/拉丁字母扫描候选","6","6","0","0","","pm:static:photonmelodies11.rio.003:1668688832:00193161","crsa:photonmelodies11.rio.003@1668688832","full_text_katakana_latin_scan","全文机械扫描候选；未据此自动固定中文"
"ダメダメ","","candidate","片假名/拉丁字母扫描候选","6","6","0","0","","pm:static:photonmelodies11.rio.004:0258770628:00153664","crsa:photonmelodies11.rio.004@258770628","full_text_katakana_latin_scan","全文机械扫描候选；未据此自动固定中文"
"テクニック","","candidate","片假名/拉丁字母扫描候选","6","6","0","0","","pm:static:photonmelodies11.rio.004:0860955960:00195473","crsa:photonmelodies11.rio.004@860955960","full_text_katakana_latin_scan","全文机械扫描候选；未据此自动固定中文"
"テスト","","candidate","片假名/拉丁字母扫描候选","6","6","0","0","","pm:static:photonmelodies11.rio.004:0131862200:00169364","crsa:photonmelodies11.rio.004@131862200","full_text_katakana_latin_scan","全文机械扫描候选；未据此自动固定中文"
"デザイン","","candidate","片假名/拉丁字母扫描候选","6","6","0","0","","pm:static:photonmelodies11.rio.003:1933169644:00150670","crsa:photonmelodies11.rio.003@1933169644","full_text_katakana_latin_scan","全文机械扫描候选；未据此自动固定中文"
"トーナメント","","candidate","片假名/拉丁字母扫描候选","6","6","0","0","","pm:static:photonmelodies11.rio.003:1487490840:00102594","crsa:photonmelodies11.rio.003@1487490840","full_text_katakana_latin_scan","全文机械扫描候选；未据此自动固定中文"
"ナントカ","","candidate","片假名/拉丁字母扫描候选","6","6","0","0","","pm:static:photonmelodies11.rio.003:0839604068:00376980","crsa:photonmelodies11.rio.003@839604068","full_text_katakana_latin_scan","全文机械扫描候选；未据此自动固定中文"
"ナンパ","","candidate","片假名/拉丁字母扫描候选","6","6","0","0","","pm:static:photonmelodies11.rio.004:0860955960:00193837","crsa:photonmelodies11.rio.004@860955960","full_text_katakana_latin_scan","全文机械扫描候选；未据此自动固定中文"
"バッタリ","","candidate","片假名/拉丁字母扫描候选","6","6","0","0","","pm:static:photonmelodies11.rio.004:0860955960:00241003","crsa:photonmelodies11.rio.004@860955960","full_text_katakana_latin_scan","全文机械扫描候选；未据此自动固定中文"
"バランス","","candidate","片假名/拉丁字母扫描候选","6","6","0","0","","pm:static:photonmelodies11.rio.003:1272111780:00149548","crsa:photonmelodies11.rio.003@1272111780","full_text_katakana_latin_scan","全文机械扫描候选；未据此自动固定中文"
"パン","","candidate","片假名/拉丁字母扫描候选","6","6","0","0","","pm:static:photonmelodies11.rio.004:0860955960:00156945","crsa:photonmelodies11.rio.004@860955960","full_text_katakana_latin_scan","全文机械扫描候选；未据此自动固定中文"
"ヒジョ","","candidate","片假名/拉丁字母扫描候选","6","6","0","0","","pm:static:photonmelodies11.rio.004:0258770628:00265882","crsa:photonmelodies11.rio.004@258770628","full_text_katakana_latin_scan","全文机械扫描候选；未据此自动固定中文"
"ヒーロ","","candidate","片假名/拉丁字母扫描候选","6","6","0","0","","pm:static:photonmelodies11.rio.002:1544313288:00276340","crsa:photonmelodies11.rio.002@1544313288","full_text_katakana_latin_scan","全文机械扫描候选；未据此自动固定中文"
"ビキニ","","candidate","片假名/拉丁字母扫描候选","6","6","0","0","","pm:static:photonmelodies11.rio.004:0933776684:00232534","crsa:photonmelodies11.rio.004@933776684","full_text_katakana_latin_scan","全文机械扫描候选；未据此自动固定中文"
"ビーチバスケ","","candidate","片假名/拉丁字母扫描候选","6","6","0","0","","pm:static:photonmelodies11.rio.004:1269734756:00286814","crsa:photonmelodies11.rio.004@1269734756","full_text_katakana_latin_scan","全文机械扫描候选；未据此自动固定中文"
"ピラフ","","candidate","片假名/拉丁字母扫描候选","6","6","0","0","","pm:static:photonmelodies11.rio.003:0839604068:00365952","crsa:photonmelodies11.rio.003@839604068","full_text_katakana_latin_scan","全文机械扫描候选；未据此自动固定中文"
"フィンランド","","candidate","片假名/拉丁字母扫描候选","6","6","0","0","","pm:static:photonmelodies11.rio.003:1272111780:00125082","crsa:photonmelodies11.rio.003@1272111780","full_text_katakana_latin_scan","全文机械扫描候选；未据此自动固定中文"
"フッ","","candidate","片假名/拉丁字母扫描候选","6","6","0","0","","pm:static:photonmelodies11.rio.003:1808201404:00147016","crsa:photonmelodies11.rio.003@1808201404","full_text_katakana_latin_scan","全文机械扫描候选；未据此自动固定中文"
"プレ","","candidate","片假名/拉丁字母扫描候选","6","6","0","0","","pm:static:photonmelodies11.rio.004:1139636328:00222385","crsa:photonmelodies11.rio.004@1139636328","full_text_katakana_latin_scan","全文机械扫描候选；未据此自动固定中文"
"プレオープン","","candidate","片假名/拉丁字母扫描候选","6","6","0","0","","pm:static:photonmelodies11.rio.004:0780938508:00045715","crsa:photonmelodies11.rio.004@780938508","full_text_katakana_latin_scan","全文机械扫描候选；未据此自动固定中文"
"プレート","","candidate","片假名/拉丁字母扫描候选","6","6","0","0","","pm:static:photonmelodies11.rio.003:1487490840:00153024","crsa:photonmelodies11.rio.003@1487490840","full_text_katakana_latin_scan","全文机械扫描候选；未据此自动固定中文"
"ヘコ","","candidate","片假名/拉丁字母扫描候选","6","6","0","0","","pm:static:photonmelodies11.rio.004:0426952928:00384451","crsa:photonmelodies11.rio.004@426952928","full_text_katakana_latin_scan","全文机械扫描候选；未据此自动固定中文"
"ボーッ","","candidate","片假名/拉丁字母扫描候选","6","6","0","0","","pm:static:photonmelodies11.rio.004:0601851372:00205835","crsa:photonmelodies11.rio.004@601851372","full_text_katakana_latin_scan","全文机械扫描候选；未据此自动固定中文"
"ポット","","candidate","片假名/拉丁字母扫描候选","6","6","0","0","","pm:static:photonmelodies11.rio.004:0131862200:00243120","crsa:photonmelodies11.rio.004@131862200","full_text_katakana_latin_scan","全文机械扫描候选；未据此自动固定中文"
"マイナス","","candidate","片假名/拉丁字母扫描候选","6","6","0","0","","pm:static:photonmelodies11.rio.004:0426952928:00649609","crsa:photonmelodies11.rio.004@426952928","full_text_katakana_latin_scan","全文机械扫描候选；未据此自动固定中文"
"マナ","","candidate","片假名/拉丁字母扫描候选","6","6","0","0","","pm:static:photonmelodies11.rio.003:1668688832:00326003","crsa:photonmelodies11.rio.003@1668688832","full_text_katakana_latin_scan","全文机械扫描候选；未据此自动固定中文"
"レーダ","","candidate","片假名/拉丁字母扫描候选","6","6","0","0","","pm:static:photonmelodies11.rio.004:0860955960:00200207","crsa:photonmelodies11.rio.004@860955960","full_text_katakana_latin_scan","全文机械扫描候选；未据此自动固定中文"
"隊員","部队成员","candidate","公共总表术语","6","6","0","0","","pm:static:photonmelodies11.rio.003:1272111780:00221836","crsa:photonmelodies11.rio.003@1272111780","main_glossary","公共总表；须以本篇最终正文核对适用语境"
"アイスキャンディ","","candidate","片假名/拉丁字母扫描候选","5","5","0","0","","pm:static:photonmelodies11.rio.004:0812258960:00323546","crsa:photonmelodies11.rio.004@812258960","full_text_katakana_latin_scan","全文机械扫描候选；未据此自动固定中文"
"アイテム","","candidate","片假名/拉丁字母扫描候选","5","5","0","0","","pm:static:photonmelodies11.rio.003:2092185664:00271548","crsa:photonmelodies11.rio.003@2092185664","full_text_katakana_latin_scan","全文机械扫描候选；未据此自动固定中文"
"アイディア","","candidate","片假名/拉丁字母扫描候选","5","5","0","0","","pm:static:photonmelodies11.rio.003:1668688832:00241051","crsa:photonmelodies11.rio.003@1668688832","full_text_katakana_latin_scan","全文机械扫描候选；未据此自动固定中文"
"イイトコ","","candidate","片假名/拉丁字母扫描候选","5","5","0","0","","pm:static:photonmelodies11.rio.003:0839604068:00377948","crsa:photonmelodies11.rio.003@839604068","full_text_katakana_latin_scan","全文机械扫描候选；未据此自动固定中文"
"イコール","","candidate","片假名/拉丁字母扫描候选","5","5","0","0","","pm:static:photonmelodies11.rio.004:1269734756:00382390","crsa:photonmelodies11.rio.004@1269734756","full_text_katakana_latin_scan","全文机械扫描候选；未据此自动固定中文"
"イヌ","","candidate","片假名/拉丁字母扫描候选","5","5","0","0","","pm:static:photonmelodies11.rio.003:1933169644:00169398","crsa:photonmelodies11.rio.003@1933169644","full_text_katakana_latin_scan","全文机械扫描候选；未据此自动固定中文"
"ウォータースライダ","","candidate","片假名/拉丁字母扫描候选","5","5","0","0","","pm:static:photonmelodies11.rio.004:0933776684:00386647","crsa:photonmelodies11.rio.004@933776684","full_text_katakana_latin_scan","全文机械扫描候选；未据此自动固定中文"
"オペレータ","","candidate","片假名/拉丁字母扫描候选","5","5","0","0","","pm:static:photonmelodies11.rio.002:1214082412:00003589","crsa:photonmelodies11.rio.002@1214082412","full_text_katakana_latin_scan","全文机械扫描候选；未据此自动固定中文"
"オリジナル","","candidate","片假名/拉丁字母扫描候选","5","5","0","0","","pm:static:photonmelodies11.rio.003:2092185664:00219332","crsa:photonmelodies11.rio.003@2092185664","full_text_katakana_latin_scan","全文机械扫描候选；未据此自动固定中文"
"クスリ","","candidate","片假名/拉丁字母扫描候选","5","5","0","0","","pm:static:photonmelodies11.rio.003:2092185664:00330490","crsa:photonmelodies11.rio.003@2092185664","full_text_katakana_latin_scan","全文机械扫描候选；未据此自动固定中文"
"ゲホッ","","candidate","片假名/拉丁字母扫描候选","5","5","0","0","","pm:static:photonmelodies11.rio.004:0131862200:00262850","crsa:photonmelodies11.rio.004@131862200","full_text_katakana_latin_scan","全文机械扫描候选；未据此自动固定中文"
"コン","","candidate","片假名/拉丁字母扫描候选","5","5","0","0","","pm:static:photonmelodies11.rio.004:0258770628:00165956","crsa:photonmelodies11.rio.004@258770628","full_text_katakana_latin_scan","全文机械扫描候选；未据此自动固定中文"
"コンピュータ","","candidate","片假名/拉丁字母扫描候选","5","5","0","0","","pm:static:photonmelodies11.rio.003:0839604068:00261748","crsa:photonmelodies11.rio.003@839604068","full_text_katakana_latin_scan","全文机械扫描候选；未据此自动固定中文"
"コード","","candidate","片假名/拉丁字母扫描候选","5","5","0","0","","pm:static:photonmelodies11.rio.003:1668688832:00291167","crsa:photonmelodies11.rio.003@1668688832","full_text_katakana_latin_scan","全文机械扫描候选；未据此自动固定中文"
"サイズ","","candidate","片假名/拉丁字母扫描候选","5","5","0","0","","pm:static:photonmelodies11.rio.004:0131862200:00250920","crsa:photonmelodies11.rio.004@131862200","full_text_katakana_latin_scan","全文机械扫描候选；未据此自动固定中文"
"サクサク","","candidate","片假名/拉丁字母扫描候选","5","5","0","0","","pm:static:photonmelodies11.rio.004:0933776684:00487461","crsa:photonmelodies11.rio.004@933776684","full_text_katakana_latin_scan","全文机械扫描候选；未据此自动固定中文"
"サッパリ","","candidate","片假名/拉丁字母扫描候选","5","5","0","0","","pm:static:photonmelodies11.rio.003:1933169644:00131644","crsa:photonmelodies11.rio.003@1933169644","full_text_katakana_latin_scan","全文机械扫描候选；未据此自动固定中文"
"シャツ","","candidate","片假名/拉丁字母扫描候选","5","5","0","0","","pm:static:photonmelodies11.rio.003:0839604068:00302762","crsa:photonmelodies11.rio.003@839604068","full_text_katakana_latin_scan","全文机械扫描候选；未据此自动固定中文"
"スタ","","candidate","片假名/拉丁字母扫描候选","5","5","0","0","","pm:static:photonmelodies11.rio.004:0695803188:00132451","crsa:photonmelodies11.rio.004@695803188","full_text_katakana_latin_scan","全文机械扫描候选；未据此自动固定中文"
"スパコン","","candidate","片假名/拉丁字母扫描候选","5","5","0","0","","pm:static:photonmelodies11.rio.003:0839604068:00263666","crsa:photonmelodies11.rio.003@839604068","full_text_katakana_latin_scan","全文机械扫描候选；未据此自动固定中文"
"ゼロレンジ","","candidate","片假名/拉丁字母扫描候选","5","5","0","0","","pm:static:photonmelodies11.rio.004:0812258960:00490886","crsa:photonmelodies11.rio.004@812258960","full_text_katakana_latin_scan","全文机械扫描候选；未据此自动固定中文"
"タチ","","candidate","片假名/拉丁字母扫描候选","5","5","0","0","","pm:static:photonmelodies11.rio.003:1487490840:00140164","crsa:photonmelodies11.rio.003@1487490840","full_text_katakana_latin_scan","全文机械扫描候选；未据此自动固定中文"
"タッケル","","candidate","片假名/拉丁字母扫描候选","5","5","0","0","","pm:static:photonmelodies11.rio.004:0408936772:00048395","crsa:photonmelodies11.rio.004@408936772","full_text_katakana_latin_scan","全文机械扫描候选；未据此自动固定中文"
"ターナ","","candidate","片假名/拉丁字母扫描候选","5","5","0","0","","pm:static:photonmelodies11.rio.004:1511431932:00244531","crsa:photonmelodies11.rio.004@1511431932","full_text_katakana_latin_scan","全文机械扫描候选；未据此自动固定中文"
"ダメージ","","candidate","片假名/拉丁字母扫描候选","5","5","0","0","","pm:static:photonmelodies11.rio.002:1544313288:00285436","crsa:photonmelodies11.rio.002@1544313288","full_text_katakana_latin_scan","全文机械扫描候选；未据此自动固定中文"
"ツリ","","candidate","片假名/拉丁字母扫描候选","5","5","0","0","","pm:static:photonmelodies11.rio.004:0695803188:00134721","crsa:photonmelodies11.rio.004@695803188","full_text_katakana_latin_scan","全文机械扫描候选；未据此自动固定中文"
"テメェ","你这混蛋","candidate","公共总表术语","5","5","0","2","","pm:static:photonmelodies11.rio.004:0426952928:00413063","crsa:photonmelodies11.rio.004@426952928","main_glossary","公共总表；须以本篇最终正文核对适用语境"
"デスッッ","","candidate","片假名/拉丁字母扫描候选","5","5","0","0","","pm:static:photonmelodies11.rio.004:1139636328:00247689","crsa:photonmelodies11.rio.004@1139636328","full_text_katakana_latin_scan","全文机械扫描候选；未据此自动固定中文"
"トゲ","","candidate","片假名/拉丁字母扫描候选","5","5","0","0","","pm:static:photonmelodies11.rio.004:0426952928:00495249","crsa:photonmelodies11.rio.004@426952928","full_text_katakana_latin_scan","全文机械扫描候选；未据此自动固定中文"
"トンデモ","","candidate","片假名/拉丁字母扫描候选","5","5","0","0","","pm:static:photonmelodies11.rio.004:0860955960:00181115","crsa:photonmelodies11.rio.004@860955960","full_text_katakana_latin_scan","全文机械扫描候选；未据此自动固定中文"
"ドキッ","","candidate","片假名/拉丁字母扫描候选","5","5","0","0","","pm:static:photonmelodies11.rio.004:1361070408:00396193","crsa:photonmelodies11.rio.004@1361070408","full_text_katakana_latin_scan","全文机械扫描候选；未据此自动固定中文"
"ドライブ","","candidate","片假名/拉丁字母扫描候选","5","5","0","0","","pm:static:photonmelodies11.rio.004:1361070408:00371259","crsa:photonmelodies11.rio.004@1361070408","full_text_katakana_latin_scan","全文机械扫描候选；未据此自动固定中文"
"ドリルーノ","","candidate","片假名/拉丁字母扫描候选","5","5","0","0","","pm:static:photonmelodies11.rio.003:2092185664:00321528","crsa:photonmelodies11.rio.003@2092185664","full_text_katakana_latin_scan","全文机械扫描候选；未据此自动固定中文"
"ドル","","candidate","片假名/拉丁字母扫描候选","5","5","0","0","","pm:static:photonmelodies11.rio.004:1361070408:00498627","crsa:photonmelodies11.rio.004@1361070408","full_text_katakana_latin_scan","全文机械扫描候选；未据此自动固定中文"
"ニヤニヤ","","candidate","片假名/拉丁字母扫描候选","5","5","0","0","","pm:static:photonmelodies11.rio.004:1269734756:00219198","crsa:photonmelodies11.rio.004@1269734756","full_text_katakana_latin_scan","全文机械扫描候选；未据此自动固定中文"
"ノーカウント","","candidate","片假名/拉丁字母扫描候选","5","5","0","0","","pm:static:photonmelodies11.rio.003:2092185664:00331824","crsa:photonmelodies11.rio.003@2092185664","full_text_katakana_latin_scan","全文机械扫描候选；未据此自动固定中文"
"ハズレ","","candidate","片假名/拉丁字母扫描候选","5","5","0","0","","pm:static:photonmelodies11.rio.004:0812258960:00460796","crsa:photonmelodies11.rio.004@812258960","full_text_katakana_latin_scan","全文机械扫描候选；未据此自动固定中文"
"ハンデ","","candidate","片假名/拉丁字母扫描候选","5","5","0","0","","pm:static:photonmelodies11.rio.003:0839604068:00356800","crsa:photonmelodies11.rio.003@839604068","full_text_katakana_latin_scan","全文机械扫描候选；未据此自动固定中文"
"バスルーム","","candidate","片假名/拉丁字母扫描候选","5","5","0","0","","pm:static:photonmelodies11.rio.004:0933776684:00517811","crsa:photonmelodies11.rio.004@933776684","full_text_katakana_latin_scan","全文机械扫描候选；未据此自动固定中文"
"バラバラ","","candidate","片假名/拉丁字母扫描候选","5","5","0","0","","pm:static:photonmelodies11.rio.004:0655753292:00146818","crsa:photonmelodies11.rio.004@655753292","full_text_katakana_latin_scan","全文机械扫描候选；未据此自动固定中文"
"パス","","candidate","片假名/拉丁字母扫描候选","5","5","0","0","","pm:static:photonmelodies11.rio.003:0839604068:00196354","crsa:photonmelodies11.rio.003@839604068","full_text_katakana_latin_scan","全文机械扫描候选；未据此自动固定中文"
"パッ","","candidate","片假名/拉丁字母扫描候选","5","5","0","0","","pm:static:photonmelodies11.rio.004:0860955960:00184389","crsa:photonmelodies11.rio.004@860955960","full_text_katakana_latin_scan","全文机械扫描候选；未据此自动固定中文"
"パートナ","","candidate","片假名/拉丁字母扫描候选","5","5","0","0","","pm:static:photonmelodies11.rio.004:1169383896:00199716","crsa:photonmelodies11.rio.004@1169383896","full_text_katakana_latin_scan","全文机械扫描候选；未据此自动固定中文"
"ビックリ","","candidate","片假名/拉丁字母扫描候选","5","5","0","0","","pm:static:photonmelodies11.rio.002:1544313288:00254166","crsa:photonmelodies11.rio.002@1544313288","full_text_katakana_latin_scan","全文机械扫描候选；未据此自动固定中文"
"ビーム","","candidate","片假名/拉丁字母扫描候选","5","5","0","0","","pm:static:photonmelodies11.rio.004:0933776684:00464393","crsa:photonmelodies11.rio.004@933776684","full_text_katakana_latin_scan","全文机械扫描候选；未据此自动固定中文"
"フン","","candidate","片假名/拉丁字母扫描候选","5","5","0","0","","pm:static:photonmelodies11.rio.003:1668688832:00194321","crsa:photonmelodies11.rio.003@1668688832","full_text_katakana_latin_scan","全文机械扫描候选；未据此自动固定中文"
"ブタ","","candidate","片假名/拉丁字母扫描候选","5","5","0","0","","pm:static:photonmelodies11.rio.003:2092185664:00211720","crsa:photonmelodies11.rio.003@2092185664","full_text_katakana_latin_scan","全文机械扫描候选；未据此自动固定中文"
"ペラペラ","","candidate","片假名/拉丁字母扫描候选","5","5","0","0","","pm:static:photonmelodies11.rio.002:1544313288:00280816","crsa:photonmelodies11.rio.002@1544313288","full_text_katakana_latin_scan","全文机械扫描候选；未据此自动固定中文"
"ポケット","","candidate","片假名/拉丁字母扫描候选","5","5","0","0","","pm:static:photonmelodies11.rio.004:1457084560:00529793","crsa:photonmelodies11.rio.004@1457084560","full_text_katakana_latin_scan","全文机械扫描候选；未据此自动固定中文"
"マガジン","","candidate","片假名/拉丁字母扫描候选","5","5","0","0","","pm:static:photonmelodies11.rio.003:1668688832:00235121","crsa:photonmelodies11.rio.003@1668688832","full_text_katakana_latin_scan","全文机械扫描候选；未据此自动固定中文"
"マネ","","candidate","片假名/拉丁字母扫描候选","5","5","0","0","","pm:static:photonmelodies11.rio.004:0426952928:00454951","crsa:photonmelodies11.rio.004@426952928","full_text_katakana_latin_scan","全文机械扫描候选；未据此自动固定中文"
"ムッシュ","","candidate","片假名/拉丁字母扫描候选","5","5","0","0","","pm:static:photonmelodies11.rio.003:2092185664:00321528","crsa:photonmelodies11.rio.003@2092185664","full_text_katakana_latin_scan","全文机械扫描候选；未据此自动固定中文"
"メイド","","candidate","片假名/拉丁字母扫描候选","5","5","0","0","","pm:static:photonmelodies11.rio.003:1933169644:00139212","crsa:photonmelodies11.rio.003@1933169644","full_text_katakana_latin_scan","全文机械扫描候选；未据此自动固定中文"
"ユニット","单元","candidate","公共总表术语","5","5","0","0","","pm:static:photonmelodies11.rio.003:1668688832:00203133","crsa:photonmelodies11.rio.003@1668688832","main_glossary","公共总表；须以本篇最终正文核对适用语境"
"リスト","名单","candidate","公共总表术语","5","5","0","0","","pm:static:photonmelodies11.rio.003:1272111780:00157160","crsa:photonmelodies11.rio.003@1272111780","main_glossary","公共总表；须以本篇最终正文核对适用语境"
"リーダ","","candidate","片假名/拉丁字母扫描候选","5","5","0","0","","pm:static:photonmelodies11.rio.004:0812258960:00469518","crsa:photonmelodies11.rio.004@812258960","full_text_katakana_latin_scan","全文机械扫描候选；未据此自动固定中文"
"レンタル","","candidate","片假名/拉丁字母扫描候选","5","5","0","0","","pm:static:photonmelodies11.rio.004:0426952928:00381171","crsa:photonmelodies11.rio.004@426952928","full_text_katakana_latin_scan","全文机械扫描候选；未据此自动固定中文"
"ｋｍ","","candidate","片假名/拉丁字母扫描候选","5","5","0","0","","pm:static:photonmelodies11.rio.004:0812258960:00272710","crsa:photonmelodies11.rio.004@812258960","full_text_katakana_latin_scan","全文机械扫描候选；未据此自动固定中文"
"アダプタ","","candidate","片假名/拉丁字母扫描候选","4","4","0","0","","pm:static:photonmelodies11.rio.003:2092185664:00322084","crsa:photonmelodies11.rio.003@2092185664","full_text_katakana_latin_scan","全文机械扫描候选；未据此自动固定中文"
"アドバンテージ","","candidate","片假名/拉丁字母扫描候选","4","4","0","0","","pm:static:photonmelodies11.rio.004:0601851372:00106075","crsa:photonmelodies11.rio.004@601851372","full_text_katakana_latin_scan","全文机械扫描候选；未据此自动固定中文"
"アパート","","candidate","片假名/拉丁字母扫描候选","4","4","0","0","","pm:static:photonmelodies11.rio.004:1269734756:00480908","crsa:photonmelodies11.rio.004@1269734756","full_text_katakana_latin_scan","全文机械扫描候选；未据此自动固定中文"
"アブナイ","","candidate","片假名/拉丁字母扫描候选","4","4","0","0","","pm:static:photonmelodies11.rio.004:0979390512:00048756","crsa:photonmelodies11.rio.004@979390512","full_text_katakana_latin_scan","全文机械扫描候选；未据此自动固定中文"
"アプローチ","","candidate","片假名/拉丁字母扫描候选","4","4","0","0","","pm:static:photonmelodies11.rio.004:0933776684:00358933","crsa:photonmelodies11.rio.004@933776684","full_text_katakana_latin_scan","全文机械扫描候选；未据此自动固定中文"
"アラーム","","candidate","片假名/拉丁字母扫描候选","4","4","0","0","","pm:static:photonmelodies11.rio.004:1327482084:00269635","crsa:photonmelodies11.rio.004@1327482084","full_text_katakana_latin_scan","全文机械扫描候选；未据此自动固定中文"
"アルフレッド","","candidate","片假名/拉丁字母扫描候选","4","4","0","0","","pm:static:photonmelodies11.rio.002:1544313288:00331882","crsa:photonmelodies11.rio.002@1544313288","full_text_katakana_latin_scan","全文机械扫描候选；未据此自动固定中文"
"インナ","","candidate","片假名/拉丁字母扫描候选","4","4","0","0","","pm:static:photonmelodies11.rio.004:0655753292:00188130","crsa:photonmelodies11.rio.004@655753292","full_text_katakana_latin_scan","全文机械扫描候选；未据此自动固定中文"
"エスパ","","candidate","片假名/拉丁字母扫描候选","4","4","0","0","","pm:static:photonmelodies11.rio.004:0933776684:00460825","crsa:photonmelodies11.rio.004@933776684","full_text_katakana_latin_scan","全文机械扫描候选；未据此自动固定中文"
"エッジ","","candidate","片假名/拉丁字母扫描候选","4","4","0","0","","pm:static:photonmelodies11.rio.004:0426952928:00448697","crsa:photonmelodies11.rio.004@426952928","full_text_katakana_latin_scan","全文机械扫描候选；未据此自动固定中文"
"エネルギ","","candidate","片假名/拉丁字母扫描候选","4","4","0","0","","pm:static:photonmelodies11.rio.004:1269734756:00394648","crsa:photonmelodies11.rio.004@1269734756","full_text_katakana_latin_scan","全文机械扫描候选；未据此自动固定中文"
"エネルギアチョビット","","candidate","片假名/拉丁字母扫描候选","4","4","0","0","","pm:static:photonmelodies11.rio.003:2092185664:00321690","crsa:photonmelodies11.rio.003@2092185664","full_text_katakana_latin_scan","全文机械扫描候选；未据此自动固定中文"
"エレベータ","","candidate","片假名/拉丁字母扫描候选","4","4","0","0","","pm:static:photonmelodies11.rio.004:1361070408:00240951","crsa:photonmelodies11.rio.004@1361070408","full_text_katakana_latin_scan","全文机械扫描候选；未据此自动固定中文"
"エンジン","","candidate","片假名/拉丁字母扫描候选","4","4","0","0","","pm:static:photonmelodies11.rio.004:0131862200:00295486","crsa:photonmelodies11.rio.004@131862200","full_text_katakana_latin_scan","全文机械扫描候选；未据此自动固定中文"
"オス","","candidate","片假名/拉丁字母扫描候选","4","4","0","0","","pm:static:photonmelodies11.rio.003:1933169644:00170990","crsa:photonmelodies11.rio.003@1933169644","full_text_katakana_latin_scan","全文机械扫描候选；未据此自动固定中文"
"オバチャン","","candidate","片假名/拉丁字母扫描候选","4","4","0","0","","pm:static:photonmelodies11.rio.004:1216455180:00039491","crsa:photonmelodies11.rio.004@1216455180","full_text_katakana_latin_scan","全文机械扫描候选；未据此自动固定中文"
"オリンピック","","candidate","片假名/拉丁字母扫描候选","4","4","0","0","","pm:static:photonmelodies11.rio.004:0426952928:00532275","crsa:photonmelodies11.rio.004@426952928","full_text_katakana_latin_scan","全文机械扫描候选；未据此自动固定中文"
"カケラ","","candidate","片假名/拉丁字母扫描候选","4","4","0","0","","pm:static:photonmelodies11.rio.004:0426952928:00345125","crsa:photonmelodies11.rio.004@426952928","full_text_katakana_latin_scan","全文机械扫描候选；未据此自动固定中文"
"カテゴリ","","candidate","片假名/拉丁字母扫描候选","4","4","0","0","","pm:static:photonmelodies11.rio.004:0426952928:00419053","crsa:photonmelodies11.rio.004@426952928","full_text_katakana_latin_scan","全文机械扫描候选；未据此自动固定中文"
"カワイイ","","candidate","片假名/拉丁字母扫描候选","4","4","0","0","","pm:static:photonmelodies11.rio.004:0426952928:00621419","crsa:photonmelodies11.rio.004@426952928","full_text_katakana_latin_scan","全文机械扫描候选；未据此自动固定中文"
"カーブ","","candidate","片假名/拉丁字母扫描候选","4","4","0","0","","pm:static:photonmelodies11.rio.004:0426952928:00539603","crsa:photonmelodies11.rio.004@426952928","full_text_katakana_latin_scan","全文机械扫描候选；未据此自动固定中文"
"ガオ","","candidate","片假名/拉丁字母扫描候选","4","4","0","0","","pm:static:photonmelodies11.rio.004:0499205748:00194694","crsa:photonmelodies11.rio.004@499205748","full_text_katakana_latin_scan","全文机械扫描候选；未据此自动固定中文"
"ガキンチョ","","candidate","片假名/拉丁字母扫描候选","4","4","0","0","","pm:static:photonmelodies11.rio.004:0426952928:00327975","crsa:photonmelodies11.rio.004@426952928","full_text_katakana_latin_scan","全文机械扫描候选；未据此自动固定中文"
"ガボーン","","candidate","片假名/拉丁字母扫描候选","4","4","0","0","","pm:static:photonmelodies11.rio.004:0131862200:00221848","crsa:photonmelodies11.rio.004@131862200","full_text_katakana_latin_scan","全文机械扫描候选；未据此自动固定中文"
"キャップ","","candidate","片假名/拉丁字母扫描候选","4","4","0","0","","pm:static:photonmelodies11.rio.004:0812258960:00494428","crsa:photonmelodies11.rio.004@812258960","full_text_katakana_latin_scan","全文机械扫描候选；未据此自动固定中文"
"キーホルダ","","candidate","片假名/拉丁字母扫描候选","4","4","0","0","","pm:static:photonmelodies11.rio.004:0933776684:00272025","crsa:photonmelodies11.rio.004@933776684","full_text_katakana_latin_scan","全文机械扫描候选；未据此自动固定中文"
"ゲスト","","candidate","片假名/拉丁字母扫描候选","4","4","0","0","","pm:static:photonmelodies11.rio.002:1544313288:00225330","crsa:photonmelodies11.rio.002@1544313288","full_text_katakana_latin_scan","全文机械扫描候选；未据此自动固定中文"
"コトワル","","candidate","片假名/拉丁字母扫描候选","4","4","0","0","","pm:static:photonmelodies11.rio.004:0426952928:00289389","crsa:photonmelodies11.rio.004@426952928","full_text_katakana_latin_scan","全文机械扫描候选；未据此自动固定中文"
"コンクリ","","candidate","片假名/拉丁字母扫描候选","4","4","0","0","","pm:static:photonmelodies11.rio.004:0499205748:00213706","crsa:photonmelodies11.rio.004@499205748","full_text_katakana_latin_scan","全文机械扫描候选；未据此自动固定中文"
"ゴリ","","candidate","片假名/拉丁字母扫描候选","4","4","0","0","","pm:static:photonmelodies11.rio.003:0839604068:00214662","crsa:photonmelodies11.rio.003@839604068","full_text_katakana_latin_scan","全文机械扫描候选；未据此自动固定中文"
"サクッ","","candidate","片假名/拉丁字母扫描候选","4","4","0","0","","pm:static:photonmelodies11.rio.004:0933776684:00432243","crsa:photonmelodies11.rio.004@933776684","full_text_katakana_latin_scan","全文机械扫描候选；未据此自动固定中文"
"サバ","","candidate","片假名/拉丁字母扫描候选","4","4","0","0","","pm:static:photonmelodies11.rio.004:0812258960:00486732","crsa:photonmelodies11.rio.004@812258960","full_text_katakana_latin_scan","全文机械扫描候选；未据此自动固定中文"
"サメ","","candidate","片假名/拉丁字母扫描候选","4","4","0","0","","pm:static:photonmelodies11.rio.004:1361070408:00365497","crsa:photonmelodies11.rio.004@1361070408","full_text_katakana_latin_scan","全文机械扫描候选；未据此自动固定中文"
"サラ","","candidate","片假名/拉丁字母扫描候选","4","4","0","0","","pm:static:photonmelodies11.rio.004:0812258960:00494428","crsa:photonmelodies11.rio.004@812258960","full_text_katakana_latin_scan","全文机械扫描候选；未据此自动固定中文"
"サラリ","","candidate","片假名/拉丁字母扫描候选","4","4","0","0","","pm:static:photonmelodies11.rio.004:0812258960:00300052","crsa:photonmelodies11.rio.004@812258960","full_text_katakana_latin_scan","全文机械扫描候选；未据此自动固定中文"
"ザル","","candidate","片假名/拉丁字母扫描候选","4","4","0","0","","pm:static:photonmelodies11.rio.004:0426952928:00723757","crsa:photonmelodies11.rio.004@426952928","full_text_katakana_latin_scan","全文机械扫描候选；未据此自动固定中文"
"シミュレーション","","candidate","片假名/拉丁字母扫描候选","4","4","0","0","","pm:static:photonmelodies11.rio.003:0839604068:00228522","crsa:photonmelodies11.rio.003@839604068","full_text_katakana_latin_scan","全文机械扫描候选；未据此自动固定中文"
"ジャックナイフ","","candidate","片假名/拉丁字母扫描候选","4","4","0","0","","pm:static:photonmelodies11.rio.004:0426952928:00546551","crsa:photonmelodies11.rio.004@426952928","full_text_katakana_latin_scan","全文机械扫描候选；未据此自动固定中文"
"ジロジロ","","candidate","片假名/拉丁字母扫描候选","4","4","0","0","","pm:static:photonmelodies11.rio.004:0426952928:00350555","crsa:photonmelodies11.rio.004@426952928","full_text_katakana_latin_scan","全文机械扫描候选；未据此自动固定中文"
"ステップ","","candidate","片假名/拉丁字母扫描候选","4","4","0","0","","pm:static:photonmelodies11.rio.004:0426952928:00550387","crsa:photonmelodies11.rio.004@426952928","full_text_katakana_latin_scan","全文机械扫描候选；未据此自动固定中文"
"ストーブ","","candidate","片假名/拉丁字母扫描候选","4","4","0","0","","pm:static:photonmelodies11.rio.004:0499205748:00112566","crsa:photonmelodies11.rio.004@499205748","full_text_katakana_latin_scan","全文机械扫描候选；未据此自动固定中文"
"スバラシイ","","candidate","片假名/拉丁字母扫描候选","4","4","0","0","","pm:static:photonmelodies11.rio.004:1259067424:00339658","crsa:photonmelodies11.rio.004@1259067424","full_text_katakana_latin_scan","全文机械扫描候选；未据此自动固定中文"
"スパイ","","candidate","片假名/拉丁字母扫描候选","4","4","0","0","","pm:static:photonmelodies11.rio.003:1808201404:00134564","crsa:photonmelodies11.rio.003@1808201404","full_text_katakana_latin_scan","全文机械扫描候选；未据此自动固定中文"
"スーパ","","candidate","片假名/拉丁字母扫描候选","4","4","0","0","","pm:static:photonmelodies11.rio.003:1487490840:00099060","crsa:photonmelodies11.rio.003@1487490840","full_text_katakana_latin_scan","全文机械扫描候选；未据此自动固定中文"
"セッティング","","candidate","片假名/拉丁字母扫描候选","4","4","0","0","","pm:static:photonmelodies11.rio.004:0812258960:00501938","crsa:photonmelodies11.rio.004@812258960","full_text_katakana_latin_scan","全文机械扫描候选；未据此自动固定中文"
"セルシウス","","candidate","片假名/拉丁字母扫描候选","4","4","0","0","","pm:static:photonmelodies11.rio.004:0780938508:00044099","crsa:photonmelodies11.rio.004@780938508","full_text_katakana_latin_scan","全文机械扫描候选；未据此自动固定中文"
"チェア","","candidate","片假名/拉丁字母扫描候选","4","4","0","0","","pm:static:photonmelodies11.rio.004:0860955960:00133967","crsa:photonmelodies11.rio.004@860955960","full_text_katakana_latin_scan","全文机械扫描候选；未据此自动固定中文"
"チョコミント","","candidate","片假名/拉丁字母扫描候选","4","4","0","0","","pm:static:photonmelodies11.rio.004:0933776684:00432501","crsa:photonmelodies11.rio.004@933776684","full_text_katakana_latin_scan","全文机械扫描候选；未据此自动固定中文"
"ッッッッ","","candidate","片假名/拉丁字母扫描候选","4","4","0","0","","pm:static:photonmelodies11.rio.003:1272111780:00177234","crsa:photonmelodies11.rio.003@1272111780","full_text_katakana_latin_scan","全文机械扫描候选；未据此自动固定中文"
"ッッッッッッ","","candidate","片假名/拉丁字母扫描候选","4","4","0","0","","pm:static:photonmelodies11.rio.004:0499205748:00101966","crsa:photonmelodies11.rio.004@499205748","full_text_katakana_latin_scan","全文机械扫描候选；未据此自动固定中文"
"テロ","","candidate","片假名/拉丁字母扫描候选","4","4","0","0","","pm:static:photonmelodies11.rio.004:1410213692:00125288","crsa:photonmelodies11.rio.004@1410213692","full_text_katakana_latin_scan","全文机械扫描候选；未据此自动固定中文"
"トドメ","","candidate","片假名/拉丁字母扫描候选","4","4","0","0","","pm:static:photonmelodies11.rio.003:0839604068:00282576","crsa:photonmelodies11.rio.003@839604068","full_text_katakana_latin_scan","全文机械扫描候选；未据此自动固定中文"
"トリガ","","candidate","片假名/拉丁字母扫描候选","4","4","0","0","","pm:static:photonmelodies11.rio.003:1272111780:00133284","crsa:photonmelodies11.rio.003@1272111780","full_text_katakana_latin_scan","全文机械扫描候选；未据此自动固定中文"
"ドップリ","","candidate","片假名/拉丁字母扫描候选","4","4","0","0","","pm:static:photonmelodies11.rio.004:0812258960:00506928","crsa:photonmelodies11.rio.004@812258960","full_text_katakana_latin_scan","全文机械扫描候选；未据此自动固定中文"
"ドラマ","","candidate","片假名/拉丁字母扫描候选","4","4","0","0","","pm:static:photonmelodies11.rio.004:0933776684:00495619","crsa:photonmelodies11.rio.004@933776684","full_text_katakana_latin_scan","全文机械扫描候选；未据此自动固定中文"
"ナマイキ","","candidate","片假名/拉丁字母扫描候选","4","4","0","0","","pm:static:photonmelodies11.rio.003:1933169644:00180028","crsa:photonmelodies11.rio.003@1933169644","full_text_katakana_latin_scan","全文机械扫描候选；未据此自动固定中文"
"ナンボ","","candidate","片假名/拉丁字母扫描候选","4","4","0","0","","pm:static:photonmelodies11.rio.004:0426952928:00397031","crsa:photonmelodies11.rio.004@426952928","full_text_katakana_latin_scan","全文机械扫描候选；未据此自动固定中文"
"ネット","","candidate","片假名/拉丁字母扫描候选","4","4","0","0","","pm:static:photonmelodies11.rio.004:1457084560:00470407","crsa:photonmelodies11.rio.004@1457084560","full_text_katakana_latin_scan","全文机械扫描候选；未据此自动固定中文"
"ハイレグ","","candidate","片假名/拉丁字母扫描候选","4","4","0","0","","pm:static:photonmelodies11.rio.004:0933776684:00232641","crsa:photonmelodies11.rio.004@933776684","full_text_katakana_latin_scan","全文机械扫描候选；未据此自动固定中文"
"ハッキング","","candidate","片假名/拉丁字母扫描候选","4","4","0","0","","pm:static:photonmelodies11.rio.003:1808201404:00093468","crsa:photonmelodies11.rio.003@1808201404","full_text_katakana_latin_scan","全文机械扫描候选；未据此自动固定中文"
"ハンパ","","candidate","片假名/拉丁字母扫描候选","4","4","0","0","","pm:static:photonmelodies11.rio.004:1327482084:00209241","crsa:photonmelodies11.rio.004@1327482084","full_text_katakana_latin_scan","全文机械扫描候选；未据此自动固定中文"
"バカレベル","","candidate","片假名/拉丁字母扫描候选","4","4","0","0","","pm:static:photonmelodies11.rio.004:0812258960:00497140","crsa:photonmelodies11.rio.004@812258960","full_text_katakana_latin_scan","全文机械扫描候选；未据此自动固定中文"
"フェア","","candidate","片假名/拉丁字母扫描候选","4","4","0","0","","pm:static:photonmelodies11.rio.002:1544313288:00236020","crsa:photonmelodies11.rio.002@1544313288","full_text_katakana_latin_scan","全文机械扫描候选；未据此自动固定中文"
"フラフラ","","candidate","片假名/拉丁字母扫描候选","4","4","0","0","","pm:static:photonmelodies11.rio.004:0499205748:00148196","crsa:photonmelodies11.rio.004@499205748","full_text_katakana_latin_scan","全文机械扫描候选；未据此自动固定中文"
"ブッシュ","","candidate","片假名/拉丁字母扫描候选","4","4","0","0","","pm:static:photonmelodies11.rio.003:1668688832:00183069","crsa:photonmelodies11.rio.003@1668688832","full_text_katakana_latin_scan","全文机械扫描候选；未据此自动固定中文"
"ブートキャンプ","","candidate","片假名/拉丁字母扫描候选","4","4","0","0","","pm:static:photonmelodies11.rio.003:1487490840:00114756","crsa:photonmelodies11.rio.003@1487490840","full_text_katakana_latin_scan","全文机械扫描候选；未据此自动固定中文"
"プチ","","candidate","片假名/拉丁字母扫描候选","4","4","0","0","","pm:static:photonmelodies11.rio.003:1933169644:00116860","crsa:photonmelodies11.rio.003@1933169644","full_text_katakana_latin_scan","全文机械扫描候选；未据此自动固定中文"
"プロサッカ","","candidate","片假名/拉丁字母扫描候选","4","4","0","0","","pm:static:photonmelodies11.rio.003:2092185664:00321164","crsa:photonmelodies11.rio.003@2092185664","full_text_katakana_latin_scan","全文机械扫描候选；未据此自动固定中文"
"プロポーション","","candidate","片假名/拉丁字母扫描候选","4","4","0","0","","pm:static:photonmelodies11.rio.004:0812258960:00262560","crsa:photonmelodies11.rio.004@812258960","full_text_katakana_latin_scan","全文机械扫描候选；未据此自动固定中文"
"ボロボロ","","candidate","片假名/拉丁字母扫描候选","4","4","0","0","","pm:static:photonmelodies11.rio.004:0655753292:00131478","crsa:photonmelodies11.rio.004@655753292","full_text_katakana_latin_scan","全文机械扫描候选；未据此自动固定中文"
"ボーゲン","","candidate","片假名/拉丁字母扫描候选","4","4","0","0","","pm:static:photonmelodies11.rio.004:0426952928:00328985","crsa:photonmelodies11.rio.004@426952928","full_text_katakana_latin_scan","全文机械扫描候选；未据此自动固定中文"
"ボール","","candidate","片假名/拉丁字母扫描候选","4","4","0","0","","pm:static:photonmelodies11.rio.003:1272111780:00129948","crsa:photonmelodies11.rio.003@1272111780","full_text_katakana_latin_scan","全文机械扫描候选；未据此自动固定中文"
"ポスタ","","candidate","片假名/拉丁字母扫描候选","4","4","0","0","","pm:static:photonmelodies11.rio.004:0874373084:00130432","crsa:photonmelodies11.rio.004@874373084","full_text_katakana_latin_scan","全文机械扫描候选；未据此自动固定中文"
"マイルド","","candidate","片假名/拉丁字母扫描候选","4","4","0","0","","pm:static:photonmelodies11.rio.004:0812258960:00497140","crsa:photonmelodies11.rio.004@812258960","full_text_katakana_latin_scan","全文机械扫描候选；未据此自动固定中文"
"マーク","","candidate","片假名/拉丁字母扫描候选","4","4","0","0","","pm:static:photonmelodies11.rio.003:0839604068:00182664","crsa:photonmelodies11.rio.003@839604068","full_text_katakana_latin_scan","全文机械扫描候选；未据此自动固定中文"
"メイン","","candidate","片假名/拉丁字母扫描候选","4","4","0","0","","pm:static:photonmelodies11.rio.003:1272111780:00148186","crsa:photonmelodies11.rio.003@1272111780","full_text_katakana_latin_scan","全文机械扫描候选；未据此自动固定中文"
"メス","","candidate","片假名/拉丁字母扫描候选","4","4","0","0","","pm:static:photonmelodies11.rio.003:1933169644:00170990","crsa:photonmelodies11.rio.003@1933169644","full_text_katakana_latin_scan","全文机械扫描候选；未据此自动固定中文"
"メスゴリラ","","candidate","片假名/拉丁字母扫描候选","4","4","0","0","","pm:static:photonmelodies11.rio.004:1139636328:00269017","crsa:photonmelodies11.rio.004@1139636328","full_text_katakana_latin_scan","全文机械扫描候选；未据此自动固定中文"
"メニュ","","candidate","片假名/拉丁字母扫描候选","4","4","0","0","","pm:static:photonmelodies11.rio.004:1015106108:00173929","crsa:photonmelodies11.rio.004@1015106108","full_text_katakana_latin_scan","全文机械扫描候选；未据此自动固定中文"
"メンツ","","candidate","片假名/拉丁字母扫描候选","4","4","0","0","","pm:static:photonmelodies11.rio.003:0839604068:00265436","crsa:photonmelodies11.rio.003@839604068","full_text_katakana_latin_scan","全文机械扫描候选；未据此自动固定中文"
"モニタ","","candidate","片假名/拉丁字母扫描候选","4","4","0","0","","pm:static:photonmelodies11.rio.003:1808201404:00079540","crsa:photonmelodies11.rio.003@1808201404","full_text_katakana_latin_scan","全文机械扫描候选；未据此自动固定中文"
"モード","","candidate","片假名/拉丁字母扫描候选","4","4","0","0","","pm:static:photonmelodies11.rio.004:0131862200:00298052","crsa:photonmelodies11.rio.004@131862200","full_text_katakana_latin_scan","全文机械扫描候选；未据此自动固定中文"
"ヤダ","","candidate","片假名/拉丁字母扫描候选","4","4","0","0","","pm:static:photonmelodies11.rio.004:0258770628:00245692","crsa:photonmelodies11.rio.004@258770628","full_text_katakana_latin_scan","全文机械扫描候选；未据此自动固定中文"
"ラブリ","","candidate","片假名/拉丁字母扫描候选","4","4","0","0","","pm:static:photonmelodies11.rio.003:1668688832:00276067","crsa:photonmelodies11.rio.003@1668688832","full_text_katakana_latin_scan","全文机械扫描候选；未据此自动固定中文"
"リョーリュ","","candidate","片假名/拉丁字母扫描候选","4","4","0","0","","pm:static:photonmelodies11.rio.004:0258770628:00217340","crsa:photonmelodies11.rio.004@258770628","full_text_katakana_latin_scan","全文机械扫描候选；未据此自动固定中文"
"レベルアップ","","candidate","片假名/拉丁字母扫描候选","4","4","0","0","","pm:static:photonmelodies11.rio.004:1235087732:00320188","crsa:photonmelodies11.rio.004@1235087732","full_text_katakana_latin_scan","全文机械扫描候选；未据此自动固定中文"
"ロボット","","candidate","片假名/拉丁字母扫描候选","4","4","0","0","","pm:static:photonmelodies11.rio.004:1560893912:00101849","crsa:photonmelodies11.rio.004@1560893912","full_text_katakana_latin_scan","全文机械扫描候选；未据此自动固定中文"
"ロープ","","candidate","片假名/拉丁字母扫描候选","4","4","0","0","","pm:static:photonmelodies11.rio.004:1269734756:00521690","crsa:photonmelodies11.rio.004@1269734756","full_text_katakana_latin_scan","全文机械扫描候选；未据此自动固定中文"
"ワクワク","","candidate","片假名/拉丁字母扫描候选","4","4","0","0","","pm:static:photonmelodies11.rio.004:1361070408:00235401","crsa:photonmelodies11.rio.004@1361070408","full_text_katakana_latin_scan","全文机械扫描候选；未据此自动固定中文"
"ＬＨＲ","","candidate","片假名/拉丁字母扫描候选","4","4","0","0","","pm:static:photonmelodies11.rio.002:1544313288:00351544","crsa:photonmelodies11.rio.002@1544313288","full_text_katakana_latin_scan","全文机械扫描候选；未据此自动固定中文"
"ＭＳＡＴ","","candidate","片假名/拉丁字母扫描候选","4","4","0","0","","pm:static:photonmelodies11.rio.004:1511431932:00212917","crsa:photonmelodies11.rio.004@1511431932","full_text_katakana_latin_scan","全文机械扫描候选；未据此自动固定中文"
"ＳＩ","","candidate","片假名/拉丁字母扫描候选","4","4","0","0","","pm:static:photonmelodies11.rio.004:0780938508:00044099","crsa:photonmelodies11.rio.004@780938508","full_text_katakana_latin_scan","全文机械扫描候选；未据此自动固定中文"
"アレンジ","","candidate","片假名/拉丁字母扫描候选","3","3","0","0","","pm:static:photonmelodies11.rio.004:1361070408:00551115","crsa:photonmelodies11.rio.004@1361070408","full_text_katakana_latin_scan","全文机械扫描候选；未据此自动固定中文"
"イイ","","candidate","片假名/拉丁字母扫描候选","3","3","0","0","","pm:static:photonmelodies11.rio.004:0860955960:00138303","crsa:photonmelodies11.rio.004@860955960","full_text_katakana_latin_scan","全文机械扫描候选；未据此自动固定中文"
"イカン","","candidate","片假名/拉丁字母扫描候选","3","3","0","0","","pm:static:photonmelodies11.rio.003:2092185664:00185584","crsa:photonmelodies11.rio.003@2092185664","full_text_katakana_latin_scan","全文机械扫描候选；未据此自动固定中文"
"インチキ","","candidate","片假名/拉丁字母扫描候选","3","3","0","0","","pm:static:photonmelodies11.rio.004:0933776684:00496257","crsa:photonmelodies11.rio.004@933776684","full_text_katakana_latin_scan","全文机械扫描候选；未据此自动固定中文"
"インドア","","candidate","片假名/拉丁字母扫描候选","3","3","0","0","","pm:static:photonmelodies11.rio.003:1487490840:00103674","crsa:photonmelodies11.rio.003@1487490840","full_text_katakana_latin_scan","全文机械扫描候选；未据此自动固定中文"
"インパクト","","candidate","片假名/拉丁字母扫描候选","3","3","0","0","","pm:static:photonmelodies11.rio.004:1361070408:00285931","crsa:photonmelodies11.rio.004@1361070408","full_text_katakana_latin_scan","全文机械扫描候选；未据此自动固定中文"
"ウイルス","","candidate","片假名/拉丁字母扫描候选","3","3","0","0","","pm:static:photonmelodies11.rio.004:0426952928:00668751","crsa:photonmelodies11.rio.004@426952928","full_text_katakana_latin_scan","全文机械扫描候选；未据此自动固定中文"
"ウサギ","","candidate","片假名/拉丁字母扫描候选","3","3","0","0","","pm:static:photonmelodies11.rio.003:0839604068:00335242","crsa:photonmelodies11.rio.003@839604068","full_text_katakana_latin_scan","全文机械扫描候选；未据此自动固定中文"
"ウシ","","candidate","片假名/拉丁字母扫描候选","3","3","0","0","","pm:static:photonmelodies11.rio.003:2092185664:00271874","crsa:photonmelodies11.rio.003@2092185664","full_text_katakana_latin_scan","全文机械扫描候选；未据此自动固定中文"
"ウロウロ","","candidate","片假名/拉丁字母扫描候选","3","3","0","0","","pm:static:photonmelodies11.rio.003:1933169644:00132044","crsa:photonmelodies11.rio.003@1933169644","full_text_katakana_latin_scan","全文机械扫描候选；未据此自动固定中文"
"エク","","candidate","片假名/拉丁字母扫描候选","3","3","0","0","","pm:static:photonmelodies11.rio.002:1544313288:00224340","crsa:photonmelodies11.rio.002@1544313288","full_text_katakana_latin_scan","全文机械扫描候选；未据此自动固定中文"
"エゴ","","candidate","片假名/拉丁字母扫描候选","3","3","0","0","","pm:static:photonmelodies11.rio.004:1457084560:00406473","crsa:photonmelodies11.rio.004@1457084560","full_text_katakana_latin_scan","全文机械扫描候选；未据此自动固定中文"
"エサ","","candidate","片假名/拉丁字母扫描候选","3","3","0","0","","pm:static:photonmelodies11.rio.004:1457084560:00466209","crsa:photonmelodies11.rio.004@1457084560","full_text_katakana_latin_scan","全文机械扫描候选；未据此自动固定中文"
"エモノ","","candidate","片假名/拉丁字母扫描候选","3","3","0","0","","pm:static:photonmelodies11.rio.004:0258770628:00183806","crsa:photonmelodies11.rio.004@258770628","full_text_katakana_latin_scan","全文机械扫描候选；未据此自动固定中文"
"オトナ","","candidate","片假名/拉丁字母扫描候选","3","3","0","0","","pm:static:photonmelodies11.rio.004:0933776684:00352641","crsa:photonmelodies11.rio.004@933776684","full_text_katakana_latin_scan","全文机械扫描候选；未据此自动固定中文"
"オブザーバ","","candidate","片假名/拉丁字母扫描候选","3","3","0","0","","pm:static:photonmelodies11.rio.003:0839604068:00257714","crsa:photonmelodies11.rio.003@839604068","full_text_katakana_latin_scan","全文机械扫描候选；未据此自动固定中文"
"オヤジ","","candidate","片假名/拉丁字母扫描候选","3","3","0","0","","pm:static:photonmelodies11.rio.002:1544313288:00216680","crsa:photonmelodies11.rio.002@1544313288","full_text_katakana_latin_scan","全文机械扫描候选；未据此自动固定中文"
"カウンタ","","candidate","片假名/拉丁字母扫描候选","3","3","0","0","","pm:static:photonmelodies11.rio.004:0408936772:00030631","crsa:photonmelodies11.rio.004@408936772","full_text_katakana_latin_scan","全文机械扫描候选；未据此自动固定中文"
"カウント","","candidate","片假名/拉丁字母扫描候选","3","3","0","0","","pm:static:photonmelodies11.rio.004:0874373084:00179980","crsa:photonmelodies11.rio.004@874373084","full_text_katakana_latin_scan","全文机械扫描候选；未据此自动固定中文"
"カウントダウン","","candidate","片假名/拉丁字母扫描候选","3","3","0","0","","pm:static:photonmelodies11.rio.002:1214082412:00003777","crsa:photonmelodies11.rio.002@1214082412","full_text_katakana_latin_scan","全文机械扫描候选；未据此自动固定中文"
"カクゲ","","candidate","片假名/拉丁字母扫描候选","3","3","0","0","","pm:static:photonmelodies11.rio.004:0601851372:00146155","crsa:photonmelodies11.rio.004@601851372","full_text_katakana_latin_scan","全文机械扫描候选；未据此自动固定中文"
"カゴ","","candidate","片假名/拉丁字母扫描候选","3","3","0","0","","pm:static:photonmelodies11.rio.004:1015106108:00121999","crsa:photonmelodies11.rio.004@1015106108","full_text_katakana_latin_scan","全文机械扫描候选；未据此自动固定中文"
"カップ","","candidate","片假名/拉丁字母扫描候选","3","3","0","0","","pm:static:photonmelodies11.rio.003:0839604068:00382154","crsa:photonmelodies11.rio.003@839604068","full_text_katakana_latin_scan","全文机械扫描候选；未据此自动固定中文"
"ガマ","","candidate","片假名/拉丁字母扫描候选","3","3","0","0","","pm:static:photonmelodies11.rio.004:0812258960:00362778","crsa:photonmelodies11.rio.004@812258960","full_text_katakana_latin_scan","全文机械扫描候选；未据此自动固定中文"
"キッチリ","","candidate","片假名/拉丁字母扫描候选","3","3","0","0","","pm:static:photonmelodies11.rio.003:1487490840:00138118","crsa:photonmelodies11.rio.003@1487490840","full_text_katakana_latin_scan","全文机械扫描候选；未据此自动固定中文"
"キマ","","candidate","片假名/拉丁字母扫描候选","3","3","0","0","","pm:static:photonmelodies11.rio.004:0933776684:00424879","crsa:photonmelodies11.rio.004@933776684","full_text_katakana_latin_scan","全文机械扫描候选；未据此自动固定中文"
"キャンプ","","candidate","片假名/拉丁字母扫描候选","3","3","0","0","","pm:static:photonmelodies11.rio.003:1272111780:00224236","crsa:photonmelodies11.rio.003@1272111780","full_text_katakana_latin_scan","全文机械扫描候选；未据此自动固定中文"
"キーワード","","candidate","片假名/拉丁字母扫描候选","3","3","0","0","","pm:static:photonmelodies11.rio.003:1808201404:00131026","crsa:photonmelodies11.rio.003@1808201404","full_text_katakana_latin_scan","全文机械扫描候选；未据此自动固定中文"
"ギラギラ","","candidate","片假名/拉丁字母扫描候选","3","3","0","0","","pm:static:photonmelodies11.rio.003:1487490840:00090712","crsa:photonmelodies11.rio.003@1487490840","full_text_katakana_latin_scan","全文机械扫描候选；未据此自动固定中文"
"クオリティ","","candidate","片假名/拉丁字母扫描候选","3","3","0","0","","pm:static:photonmelodies11.rio.004:1169383896:00116624","crsa:photonmelodies11.rio.004@1169383896","full_text_katakana_latin_scan","全文机械扫描候选；未据此自动固定中文"
"クラスメイト","","candidate","片假名/拉丁字母扫描候选","3","3","0","0","","pm:static:photonmelodies11.rio.004:0426952928:00712957","crsa:photonmelodies11.rio.004@426952928","full_text_katakana_latin_scan","全文机械扫描候选；未据此自动固定中文"
"クリスマスツリ","","candidate","片假名/拉丁字母扫描候选","3","3","0","0","","pm:static:photonmelodies11.rio.004:0695803188:00143951","crsa:photonmelodies11.rio.004@695803188","full_text_katakana_latin_scan","全文机械扫描候选；未据此自动固定中文"
"クリソツ","","candidate","片假名/拉丁字母扫描候选","3","3","0","0","","pm:static:photonmelodies11.rio.004:1457084560:00281657","crsa:photonmelodies11.rio.004@1457084560","full_text_katakana_latin_scan","全文机械扫描候选；未据此自动固定中文"
"クリーニング","","candidate","片假名/拉丁字母扫描候选","3","3","0","0","","pm:static:photonmelodies11.rio.004:1015106108:00159481","crsa:photonmelodies11.rio.004@1015106108","full_text_katakana_latin_scan","全文机械扫描候选；未据此自动固定中文"
"クレーン","","candidate","片假名/拉丁字母扫描候选","3","3","0","0","","pm:static:photonmelodies11.rio.003:1933169644:00168858","crsa:photonmelodies11.rio.003@1933169644","full_text_katakana_latin_scan","全文机械扫描候选；未据此自动固定中文"
"クロワ","","candidate","片假名/拉丁字母扫描候选","3","3","0","0","","pm:static:photonmelodies11.rio.004:0780938508:00080203","crsa:photonmelodies11.rio.004@780938508","full_text_katakana_latin_scan","全文机械扫描候选；未据此自动固定中文"
"ケチ","","candidate","片假名/拉丁字母扫描候选","3","3","0","0","","pm:static:photonmelodies11.rio.004:0258770628:00133220","crsa:photonmelodies11.rio.004@258770628","full_text_katakana_latin_scan","全文机械扫描候选；未据此自动固定中文"
"ケツ","","candidate","片假名/拉丁字母扫描候选","3","3","0","0","","pm:static:photonmelodies11.rio.004:0426952928:00559473","crsa:photonmelodies11.rio.004@426952928","full_text_katakana_latin_scan","全文机械扫描候选；未据此自动固定中文"
"ケーブル","电缆","candidate","公共总表术语","3","3","0","0","","pm:static:photonmelodies11.rio.003:1487490840:00153362","crsa:photonmelodies11.rio.003@1487490840","main_glossary","公共总表；须以本篇最终正文核对适用语境"
"ゲロマズ","","candidate","片假名/拉丁字母扫描候选","3","3","0","0","","pm:static:photonmelodies11.rio.002:1544313288:00225658","crsa:photonmelodies11.rio.002@1544313288","full_text_katakana_latin_scan","全文机械扫描候选；未据此自动固定中文"
"コスプレ","","candidate","片假名/拉丁字母扫描候选","3","3","0","0","","pm:static:photonmelodies11.rio.003:0839604068:00282320","crsa:photonmelodies11.rio.003@839604068","full_text_katakana_latin_scan","全文机械扫描候选；未据此自动固定中文"
"コタツ","","candidate","片假名/拉丁字母扫描候选","3","3","0","0","","pm:static:photonmelodies11.rio.003:1487490840:00115842","crsa:photonmelodies11.rio.003@1487490840","full_text_katakana_latin_scan","全文机械扫描候选；未据此自动固定中文"
"コントロール","管制","candidate","公共总表术语","3","3","0","0","","pm:static:photonmelodies11.rio.004:0426952928:00390617","crsa:photonmelodies11.rio.004@426952928","main_glossary","公共总表；须以本篇最终正文核对适用语境"
"コンパクト","","candidate","片假名/拉丁字母扫描候选","3","3","0","0","","pm:static:photonmelodies11.rio.003:1272111780:00146694","crsa:photonmelodies11.rio.003@1272111780","full_text_katakana_latin_scan","全文机械扫描候选；未据此自动固定中文"
"コンビ","","candidate","片假名/拉丁字母扫描候选","3","3","0","0","","pm:static:photonmelodies11.rio.004:1169383896:00132108","crsa:photonmelodies11.rio.004@1169383896","full_text_katakana_latin_scan","全文机械扫描候选；未据此自动固定中文"
"コンピューターゲーム","","candidate","片假名/拉丁字母扫描候选","3","3","0","0","","pm:static:photonmelodies11.rio.004:1361070408:00324615","crsa:photonmelodies11.rio.004@1361070408","full_text_katakana_latin_scan","全文机械扫描候选；未据此自动固定中文"
"コーチ","","candidate","片假名/拉丁字母扫描候选","3","3","0","0","","pm:static:photonmelodies11.rio.004:0408936772:00043623","crsa:photonmelodies11.rio.004@408936772","full_text_katakana_latin_scan","全文机械扫描候选；未据此自动固定中文"
"コーン","","candidate","片假名/拉丁字母扫描候选","3","3","0","0","","pm:static:photonmelodies11.rio.004:1457084560:00293671","crsa:photonmelodies11.rio.004@1457084560","full_text_katakana_latin_scan","全文机械扫描候选；未据此自动固定中文"
"ゴム","","candidate","片假名/拉丁字母扫描候选","3","3","0","0","","pm:static:photonmelodies11.rio.003:0839604068:00231586","crsa:photonmelodies11.rio.003@839604068","full_text_katakana_latin_scan","全文机械扫描候选；未据此自动固定中文"
"サッカ","","candidate","片假名/拉丁字母扫描候选","3","3","0","0","","pm:static:photonmelodies11.rio.003:1272111780:00114046","crsa:photonmelodies11.rio.003@1272111780","full_text_katakana_latin_scan","全文机械扫描候选；未据此自动固定中文"
"サプライズ","","candidate","片假名/拉丁字母扫描候选","3","3","0","0","","pm:static:photonmelodies11.rio.004:0426952928:00718491","crsa:photonmelodies11.rio.004@426952928","full_text_katakana_latin_scan","全文机械扫描候选；未据此自动固定中文"
"サンオイル","","candidate","片假名/拉丁字母扫描候选","3","3","0","0","","pm:static:photonmelodies11.rio.004:1015106108:00223893","crsa:photonmelodies11.rio.004@1015106108","full_text_katakana_latin_scan","全文机械扫描候选；未据此自动固定中文"
"シャオミュン","","candidate","片假名/拉丁字母扫描候选","3","3","0","0","","pm:static:photonmelodies11.rio.004:1361070408:00287737","crsa:photonmelodies11.rio.004@1361070408","full_text_katakana_latin_scan","全文机械扫描候选；未据此自动固定中文"
"シュッド","","candidate","片假名/拉丁字母扫描候选","3","3","0","0","","pm:static:photonmelodies11.rio.004:0780938508:00080203","crsa:photonmelodies11.rio.004@780938508","full_text_katakana_latin_scan","全文机械扫描候选；未据此自动固定中文"
"シューマイ","","candidate","片假名/拉丁字母扫描候选","3","3","0","0","","pm:static:photonmelodies11.rio.003:0839604068:00367766","crsa:photonmelodies11.rio.003@839604068","full_text_katakana_latin_scan","全文机械扫描候选；未据此自动固定中文"
"ショップ","","candidate","片假名/拉丁字母扫描候选","3","3","0","0","","pm:static:photonmelodies11.rio.004:0933776684:00160782","crsa:photonmelodies11.rio.004@933776684","full_text_katakana_latin_scan","全文机械扫描候选；未据此自动固定中文"
"シロモノ","","candidate","片假名/拉丁字母扫描候选","3","3","0","0","","pm:static:photonmelodies11.rio.003:1808201404:00135218","crsa:photonmelodies11.rio.003@1808201404","full_text_katakana_latin_scan","全文机械扫描候选；未据此自动固定中文"
"ジョーク","玩笑","candidate","公共总表术语","3","3","0","2","","pm:static:photonmelodies11.rio.002:1544313288:00262748","crsa:photonmelodies11.rio.002@1544313288","main_glossary","公共总表；须以本篇最终正文核对适用语境"
"ジングルベル","","candidate","片假名/拉丁字母扫描候选","3","3","0","0","","pm:static:photonmelodies11.rio.004:0695803188:00121347","crsa:photonmelodies11.rio.004@695803188","full_text_katakana_latin_scan","全文机械扫描候选；未据此自动固定中文"
"スッキリ","","candidate","片假名/拉丁字母扫描候选","3","3","0","0","","pm:static:photonmelodies11.rio.004:1269734756:00310212","crsa:photonmelodies11.rio.004@1269734756","full_text_katakana_latin_scan","全文机械扫描候选；未据此自动固定中文"
"ストレート","","candidate","片假名/拉丁字母扫描候选","3","3","0","0","","pm:static:photonmelodies11.rio.003:1487490840:00113418","crsa:photonmelodies11.rio.003@1487490840","full_text_katakana_latin_scan","全文机械扫描候选；未据此自动固定中文"
"ストーリ","","candidate","片假名/拉丁字母扫描候选","3","3","0","0","","pm:static:photonmelodies11.rio.004:1361070408:00208211","crsa:photonmelodies11.rio.004@1361070408","full_text_katakana_latin_scan","全文机械扫描候选；未据此自动固定中文"
"スノーボード","","candidate","片假名/拉丁字母扫描候选","3","3","0","0","","pm:static:photonmelodies11.rio.003:1272111780:00130640","crsa:photonmelodies11.rio.003@1272111780","full_text_katakana_latin_scan","全文机械扫描候选；未据此自动固定中文"
"スレンダ","","candidate","片假名/拉丁字母扫描候选","3","3","0","0","","pm:static:photonmelodies11.rio.004:1015106108:00212155","crsa:photonmelodies11.rio.004@1015106108","full_text_katakana_latin_scan","全文机械扫描候选；未据此自动固定中文"
"センス","","candidate","片假名/拉丁字母扫描候选","3","3","0","0","","pm:static:photonmelodies11.rio.004:1235087732:00238764","crsa:photonmelodies11.rio.004@1235087732","full_text_katakana_latin_scan","全文机械扫描候选；未据此自动固定中文"
"ソリテク","","candidate","片假名/拉丁字母扫描候选","3","3","0","0","","pm:static:photonmelodies11.rio.004:0426952928:00537053","crsa:photonmelodies11.rio.004@426952928","full_text_katakana_latin_scan","全文机械扫描候选；未据此自动固定中文"
"ゾエ","","candidate","片假名/拉丁字母扫描候选","3","3","0","0","","pm:static:photonmelodies11.rio.002:1544313288:00344202","crsa:photonmelodies11.rio.002@1544313288","full_text_katakana_latin_scan","全文机械扫描候选；未据此自动固定中文"
"タケ","","candidate","片假名/拉丁字母扫描候选","3","3","0","0","","pm:static:photonmelodies11.rio.004:0258770628:00132972","crsa:photonmelodies11.rio.004@258770628","full_text_katakana_latin_scan","全文机械扫描候选；未据此自动固定中文"
"チャレンジ","","candidate","片假名/拉丁字母扫描候选","3","3","0","0","","pm:static:photonmelodies11.rio.004:0874373084:00120874","crsa:photonmelodies11.rio.004@874373084","full_text_katakana_latin_scan","全文机械扫描候选；未据此自动固定中文"
"チラチラ","","candidate","片假名/拉丁字母扫描候选","3","3","0","0","","pm:static:photonmelodies11.rio.004:1361070408:00466145","crsa:photonmelodies11.rio.004@1361070408","full_text_katakana_latin_scan","全文机械扫描候选；未据此自动固定中文"
"チラリズム","","candidate","片假名/拉丁字母扫描候选","3","3","0","0","","pm:static:photonmelodies11.rio.004:0860955960:00140563","crsa:photonmelodies11.rio.004@860955960","full_text_katakana_latin_scan","全文机械扫描候选；未据此自动固定中文"
"チン","","candidate","片假名/拉丁字母扫描候选","3","3","0","0","","pm:static:photonmelodies11.rio.003:0839604068:00367212","crsa:photonmelodies11.rio.003@839604068","full_text_katakana_latin_scan","全文机械扫描候选；未据此自动固定中文"
"ック","","candidate","片假名/拉丁字母扫描候选","3","3","0","0","","pm:static:photonmelodies11.rio.004:0258770628:00143076","crsa:photonmelodies11.rio.004@258770628","full_text_katakana_latin_scan","全文机械扫描候选；未据此自动固定中文"
"テメ","","candidate","片假名/拉丁字母扫描候选","3","3","0","0","","pm:static:photonmelodies11.rio.003:2092185664:00174790","crsa:photonmelodies11.rio.003@2092185664","full_text_katakana_latin_scan","全文机械扫描候选；未据此自动固定中文"
"テロリスト","","candidate","片假名/拉丁字母扫描候选","3","3","0","0","","pm:static:photonmelodies11.rio.003:1808201404:00129286","crsa:photonmelodies11.rio.003@1808201404","full_text_katakana_latin_scan","全文机械扫描候选；未据此自动固定中文"
"テンション","","candidate","片假名/拉丁字母扫描候选","3","3","0","0","","pm:static:photonmelodies11.rio.003:1668688832:00190773","crsa:photonmelodies11.rio.003@1668688832","full_text_katakana_latin_scan","全文机械扫描候选；未据此自动固定中文"
"テーマ","","candidate","片假名/拉丁字母扫描候选","3","3","0","0","","pm:static:photonmelodies11.rio.002:1544313288:00231488","crsa:photonmelodies11.rio.002@1544313288","full_text_katakana_latin_scan","全文机械扫描候选；未据此自动固定中文"
"デカイ","","candidate","片假名/拉丁字母扫描候选","3","3","0","0","","pm:static:photonmelodies11.rio.004:0426952928:00486659","crsa:photonmelodies11.rio.004@426952928","full_text_katakana_latin_scan","全文机械扫描候选；未据此自动固定中文"
"デビュ","","candidate","片假名/拉丁字母扫描候选","3","3","0","0","","pm:static:photonmelodies11.rio.004:0874373084:00128076","crsa:photonmelodies11.rio.004@874373084","full_text_katakana_latin_scan","全文机械扫描候选；未据此自动固定中文"
"デュ","","candidate","片假名/拉丁字母扫描候选","3","3","0","0","","pm:static:photonmelodies11.rio.004:0780938508:00080203","crsa:photonmelodies11.rio.004@780938508","full_text_katakana_latin_scan","全文机械扫描候选；未据此自动固定中文"
"ナイズ","","candidate","片假名/拉丁字母扫描候选","3","3","0","0","","pm:static:photonmelodies11.rio.003:1933169644:00120632","crsa:photonmelodies11.rio.003@1933169644","full_text_katakana_latin_scan","全文机械扫描候选；未据此自动固定中文"
"ニュース","","candidate","片假名/拉丁字母扫描候选","3","3","0","0","","pm:static:photonmelodies11.rio.004:1457084560:00446321","crsa:photonmelodies11.rio.004@1457084560","full_text_katakana_latin_scan","全文机械扫描候选；未据此自动固定中文"
"ネチネチ","","candidate","片假名/拉丁字母扫描候选","3","3","0","0","","pm:static:photonmelodies11.rio.004:0933776684:00505025","crsa:photonmelodies11.rio.004@933776684","full_text_katakana_latin_scan","全文机械扫描候选；未据此自动固定中文"
"ネッ","","candidate","片假名/拉丁字母扫描候选","3","3","0","0","","pm:static:photonmelodies11.rio.002:1544313288:00329956","crsa:photonmelodies11.rio.002@1544313288","full_text_katakana_latin_scan","全文机械扫描候选；未据此自动固定中文"
"ノリノリ","","candidate","片假名/拉丁字母扫描候选","3","3","0","0","","pm:static:photonmelodies11.rio.003:1272111780:00192518","crsa:photonmelodies11.rio.003@1272111780","full_text_katakana_latin_scan","全文机械扫描候选；未据此自动固定中文"
"ノーパソ","","candidate","片假名/拉丁字母扫描候选","3","3","0","0","","pm:static:photonmelodies11.rio.003:0839604068:00249970","crsa:photonmelodies11.rio.003@839604068","full_text_katakana_latin_scan","全文机械扫描候选；未据此自动固定中文"
"ハッピャクマン","","candidate","片假名/拉丁字母扫描候选","3","3","0","0","","pm:static:photonmelodies11.rio.004:0695803188:00152657","crsa:photonmelodies11.rio.004@695803188","full_text_katakana_latin_scan","全文机械扫描候选；未据此自动固定中文"
"ハマ","","candidate","片假名/拉丁字母扫描候选","3","3","0","0","","pm:static:photonmelodies11.rio.004:1361070408:00296381","crsa:photonmelodies11.rio.004@1361070408","full_text_katakana_latin_scan","全文机械扫描候选；未据此自动固定中文"
"ハンドボール","","candidate","片假名/拉丁字母扫描候选","3","3","0","0","","pm:static:photonmelodies11.rio.002:1544313288:00359344","crsa:photonmelodies11.rio.002@1544313288","full_text_katakana_latin_scan","全文机械扫描候选；未据此自动固定中文"
"ハンバーガ","","candidate","片假名/拉丁字母扫描候选","3","3","0","0","","pm:static:photonmelodies11.rio.004:1361070408:00450987","crsa:photonmelodies11.rio.004@1361070408","full_text_katakana_latin_scan","全文机械扫描候选；未据此自动固定中文"
"バカバカ","","candidate","片假名/拉丁字母扫描候选","3","3","0","0","","pm:static:photonmelodies11.rio.004:0426952928:00743203","crsa:photonmelodies11.rio.004@426952928","full_text_katakana_latin_scan","全文机械扫描候选；未据此自动固定中文"
"バクバク","","candidate","片假名/拉丁字母扫描候选","3","3","0","0","","pm:static:photonmelodies11.rio.004:1269734756:00377510","crsa:photonmelodies11.rio.004@1269734756","full_text_katakana_latin_scan","全文机械扫描候选；未据此自动固定中文"
"バッカ","","candidate","片假名/拉丁字母扫描候选","3","3","0","0","","pm:static:photonmelodies11.rio.003:2092185664:00197858","crsa:photonmelodies11.rio.003@2092185664","full_text_katakana_latin_scan","全文机械扫描候选；未据此自动固定中文"
"バル","","candidate","片假名/拉丁字母扫描候选","3","3","0","0","","pm:static:photonmelodies11.rio.004:1327482084:00347325","crsa:photonmelodies11.rio.004@1327482084","full_text_katakana_latin_scan","全文机械扫描候选；未据此自动固定中文"
"バレル","","candidate","片假名/拉丁字母扫描候选","3","3","0","0","","pm:static:photonmelodies11.rio.003:1272111780:00150248","crsa:photonmelodies11.rio.003@1272111780","full_text_katakana_latin_scan","全文机械扫描候选；未据此自动固定中文"
"バージョン","","candidate","片假名/拉丁字母扫描候选","3","3","0","0","","pm:static:photonmelodies11.rio.003:0839604068:00192538","crsa:photonmelodies11.rio.003@839604068","full_text_katakana_latin_scan","全文机械扫描候选；未据此自动固定中文"
"パイロット","","candidate","片假名/拉丁字母扫描候选","3","3","0","0","","pm:static:photonmelodies11.rio.004:1235087732:00567694","crsa:photonmelodies11.rio.004@1235087732","full_text_katakana_latin_scan","全文机械扫描候选；未据此自动固定中文"
"パジャマ","","candidate","片假名/拉丁字母扫描候选","3","3","0","0","","pm:static:photonmelodies11.rio.004:1269734756:00262632","crsa:photonmelodies11.rio.004@1269734756","full_text_katakana_latin_scan","全文机械扫描候选；未据此自动固定中文"
"パターン","","candidate","片假名/拉丁字母扫描候选","3","3","0","0","","pm:static:photonmelodies11.rio.003:0839604068:00286892","crsa:photonmelodies11.rio.003@839604068","full_text_katakana_latin_scan","全文机械扫描候选；未据此自动固定中文"
"パンダ","","candidate","片假名/拉丁字母扫描候选","3","3","0","0","","pm:static:photonmelodies11.rio.003:2092185664:00396880","crsa:photonmelodies11.rio.003@2092185664","full_text_katakana_latin_scan","全文机械扫描候选；未据此自动固定中文"
"パンツ","","candidate","片假名/拉丁字母扫描候选","3","3","0","0","","pm:static:photonmelodies11.rio.004:1269734756:00403898","crsa:photonmelodies11.rio.004@1269734756","full_text_katakana_latin_scan","全文机械扫描候选；未据此自动固定中文"
"ヒロイン","","candidate","片假名/拉丁字母扫描候选","3","3","0","0","","pm:static:photonmelodies11.rio.003:1272111780:00162432","crsa:photonmelodies11.rio.003@1272111780","full_text_katakana_latin_scan","全文机械扫描候选；未据此自动固定中文"
"ビデオ","","candidate","片假名/拉丁字母扫描候选","3","3","0","0","","pm:static:photonmelodies11.rio.003:1487490840:00124966","crsa:photonmelodies11.rio.003@1487490840","full_text_katakana_latin_scan","全文机械扫描候选；未据此自动固定中文"
"ビン","","candidate","片假名/拉丁字母扫描候选","3","3","0","0","","pm:static:photonmelodies11.rio.004:0258770628:00146512","crsa:photonmelodies11.rio.004@258770628","full_text_katakana_latin_scan","全文机械扫描候选；未据此自动固定中文"
"フラ","","candidate","片假名/拉丁字母扫描候选","3","3","0","0","","pm:static:photonmelodies11.rio.004:0131862200:00156798","crsa:photonmelodies11.rio.004@131862200","full_text_katakana_latin_scan","全文机械扫描候选；未据此自动固定中文"
"フル","","candidate","片假名/拉丁字母扫描候选","3","3","0","0","","pm:static:photonmelodies11.rio.004:0933776684:00501085","crsa:photonmelodies11.rio.004@933776684","full_text_katakana_latin_scan","全文机械扫描候选；未据此自动固定中文"
"ブチ","","candidate","片假名/拉丁字母扫描候选","3","3","0","0","","pm:static:photonmelodies11.rio.003:2092185664:00251610","crsa:photonmelodies11.rio.003@2092185664","full_text_katakana_latin_scan","全文机械扫描候选；未据此自动固定中文"
"ブーデ","","candidate","片假名/拉丁字母扫描候选","3","3","0","0","","pm:static:photonmelodies11.rio.003:1272111780:00153484","crsa:photonmelodies11.rio.003@1272111780","full_text_katakana_latin_scan","全文机械扫描候选；未据此自动固定中文"
"ヘン","","candidate","片假名/拉丁字母扫描候选","3","3","0","0","","pm:static:photonmelodies11.rio.004:0601851372:00191549","crsa:photonmelodies11.rio.004@601851372","full_text_katakana_latin_scan","全文机械扫描候选；未据此自动固定中文"
"ホット","","candidate","片假名/拉丁字母扫描候选","3","3","0","0","","pm:static:photonmelodies11.rio.004:0860955960:00113159","crsa:photonmelodies11.rio.004@860955960","full_text_katakana_latin_scan","全文机械扫描候选；未据此自动固定中文"
"ボーイッシュ","","candidate","片假名/拉丁字母扫描候选","3","3","0","0","","pm:static:photonmelodies11.rio.004:1015106108:00212573","crsa:photonmelodies11.rio.004@1015106108","full_text_katakana_latin_scan","全文机械扫描候选；未据此自动固定中文"
"ボーリング","","candidate","片假名/拉丁字母扫描候选","3","3","0","0","","pm:static:photonmelodies11.rio.004:0131862200:00283330","crsa:photonmelodies11.rio.004@131862200","full_text_katakana_latin_scan","全文机械扫描候选；未据此自动固定中文"
"ポンポン","","candidate","片假名/拉丁字母扫描候选","3","3","0","0","","pm:static:photonmelodies11.rio.004:0933776684:00555019","crsa:photonmelodies11.rio.004@933776684","full_text_katakana_latin_scan","全文机械扫描候选；未据此自动固定中文"
"マユゲ","","candidate","片假名/拉丁字母扫描候选","3","3","0","0","","pm:static:photonmelodies11.rio.004:1676972672:00186599","crsa:photonmelodies11.rio.004@1676972672","full_text_katakana_latin_scan","全文机械扫描候选；未据此自动固定中文"
"ミニマム","","candidate","片假名/拉丁字母扫描候选","3","3","0","0","","pm:static:photonmelodies11.rio.004:0426952928:00507135","crsa:photonmelodies11.rio.004@426952928","full_text_katakana_latin_scan","全文机械扫描候选；未据此自动固定中文"
"ムリムリ","","candidate","片假名/拉丁字母扫描候选","3","3","0","0","","pm:static:photonmelodies11.rio.004:0426952928:00365445","crsa:photonmelodies11.rio.004@426952928","full_text_katakana_latin_scan","全文机械扫描候选；未据此自动固定中文"
"メガネ","","candidate","片假名/拉丁字母扫描候选","3","3","0","0","","pm:static:photonmelodies11.rio.004:1457084560:00328675","crsa:photonmelodies11.rio.004@1457084560","full_text_katakana_latin_scan","全文机械扫描候选；未据此自动固定中文"
"メチャ","","candidate","片假名/拉丁字母扫描候选","3","3","0","0","","pm:static:photonmelodies11.rio.004:0426952928:00394077","crsa:photonmelodies11.rio.004@426952928","full_text_katakana_latin_scan","全文机械扫描候选；未据此自动固定中文"
"モノマネ","","candidate","片假名/拉丁字母扫描候选","3","3","0","0","","pm:static:photonmelodies11.rio.004:0131862200:00191992","crsa:photonmelodies11.rio.004@131862200","full_text_katakana_latin_scan","全文机械扫描候选；未据此自动固定中文"
"モミ","","candidate","片假名/拉丁字母扫描候选","3","3","0","0","","pm:static:photonmelodies11.rio.004:0695803188:00155275","crsa:photonmelodies11.rio.004@695803188","full_text_katakana_latin_scan","全文机械扫描候选；未据此自动固定中文"
"ライタ","","candidate","片假名/拉丁字母扫描候选","3","3","0","0","","pm:static:photonmelodies11.rio.004:0499205748:00112566","crsa:photonmelodies11.rio.004@499205748","full_text_katakana_latin_scan","全文机械扫描候选；未据此自动固定中文"
"ラクロス","","candidate","片假名/拉丁字母扫描候选","3","3","0","0","","pm:static:photonmelodies11.rio.004:0131862200:00312272","crsa:photonmelodies11.rio.004@131862200","full_text_katakana_latin_scan","全文机械扫描候选；未据此自动固定中文"
"ラーメン","","candidate","片假名/拉丁字母扫描候选","3","3","0","0","","pm:static:photonmelodies11.rio.004:0812258960:00311928","crsa:photonmelodies11.rio.004@812258960","full_text_katakana_latin_scan","全文机械扫描候选；未据此自动固定中文"
"リズム","","candidate","片假名/拉丁字母扫描候选","3","3","0","0","","pm:static:photonmelodies11.rio.004:0812258960:00290796","crsa:photonmelodies11.rio.004@812258960","full_text_katakana_latin_scan","全文机械扫描候选；未据此自动固定中文"
"リビング","","candidate","片假名/拉丁字母扫描候选","3","3","0","0","","pm:static:photonmelodies11.rio.004:1327482084:00145493","crsa:photonmelodies11.rio.004@1327482084","full_text_katakana_latin_scan","全文机械扫描候选；未据此自动固定中文"
"リラクゼーション","","candidate","片假名/拉丁字母扫描候选","3","3","0","0","","pm:static:photonmelodies11.rio.004:1216455180:00040353","crsa:photonmelodies11.rio.004@1216455180","full_text_katakana_latin_scan","全文机械扫描候选；未据此自动固定中文"
"レア","","candidate","片假名/拉丁字母扫描候选","3","3","0","0","","pm:static:photonmelodies11.rio.004:1199844672:00185572","crsa:photonmelodies11.rio.004@1199844672","full_text_katakana_latin_scan","全文机械扫描候选；未据此自动固定中文"
"レッツゴ","","candidate","片假名/拉丁字母扫描候选","3","3","0","0","","pm:static:photonmelodies11.rio.004:0933776684:00362379","crsa:photonmelodies11.rio.004@933776684","full_text_katakana_latin_scan","全文机械扫描候选；未据此自动固定中文"
"レフ","","candidate","片假名/拉丁字母扫描候选","3","3","0","0","","pm:static:photonmelodies11.rio.004:0426952928:00505857","crsa:photonmelodies11.rio.004@426952928","full_text_katakana_latin_scan","全文机械扫描候选；未据此自动固定中文"
"要領","要领","candidate","公共总表术语","3","3","0","0","","pm:static:photonmelodies11.rio.003:2092185664:00166742","crsa:photonmelodies11.rio.003@2092185664","main_glossary","公共总表；须以本篇最终正文核对适用语境"
"ＢＧＭ","","candidate","片假名/拉丁字母扫描候选","3","3","0","0","","pm:static:photonmelodies11.rio.004:1560893912:00143707","crsa:photonmelodies11.rio.004@1560893912","full_text_katakana_latin_scan","全文机械扫描候选；未据此自动固定中文"
"ＤＭＺ","","candidate","片假名/拉丁字母扫描候选","3","3","0","0","","pm:static:photonmelodies11.rio.003:0839604068:00254708","crsa:photonmelodies11.rio.003@839604068","full_text_katakana_latin_scan","全文机械扫描候选；未据此自动固定中文"
"ＤＮＡ","","candidate","片假名/拉丁字母扫描候选","3","3","0","0","","pm:static:photonmelodies11.rio.004:0601851372:00099949","crsa:photonmelodies11.rio.004@601851372","full_text_katakana_latin_scan","全文机械扫描候选；未据此自动固定中文"
"ＥＸＰ","","candidate","片假名/拉丁字母扫描候选","3","3","0","0","","pm:static:photonmelodies11.rio.004:1235087732:00320188","crsa:photonmelodies11.rio.004@1235087732","full_text_katakana_latin_scan","全文机械扫描候选；未据此自动固定中文"
"ＨＯＧ","","candidate","片假名/拉丁字母扫描候选","3","3","0","0","","pm:static:photonmelodies11.rio.004:1511431932:00213417","crsa:photonmelodies11.rio.004@1511431932","full_text_katakana_latin_scan","全文机械扫描候选；未据此自动固定中文"
"ＭＡＸ","","candidate","片假名/拉丁字母扫描候选","3","3","0","0","","pm:static:photonmelodies11.rio.003:1668688832:00190773","crsa:photonmelodies11.rio.003@1668688832","full_text_katakana_latin_scan","全文机械扫描候选；未据此自动固定中文"
"ＭＳＳ","","candidate","片假名/拉丁字母扫描候选","3","3","0","0","","pm:static:photonmelodies11.rio.004:1511431932:00212313","crsa:photonmelodies11.rio.004@1511431932","full_text_katakana_latin_scan","全文机械扫描候选；未据此自动固定中文"
"ＮＯ","","candidate","片假名/拉丁字母扫描候选","3","3","0","0","","pm:static:photonmelodies11.rio.003:1668688832:00296269","crsa:photonmelodies11.rio.003@1668688832","full_text_katakana_latin_scan","全文机械扫描候选；未据此自动固定中文"
"ＯＫ","","candidate","片假名/拉丁字母扫描候选","3","3","0","0","","pm:static:photonmelodies11.rio.003:0839604068:00240282","crsa:photonmelodies11.rio.003@839604068","full_text_katakana_latin_scan","全文机械扫描候选；未据此自动固定中文"
"ＲＰＧ","","candidate","片假名/拉丁字母扫描候选","3","3","0","0","","pm:static:photonmelodies11.rio.004:0601851372:00175005","crsa:photonmelodies11.rio.004@601851372","full_text_katakana_latin_scan","全文机械扫描候选；未据此自动固定中文"
"ｏｎ１","","candidate","片假名/拉丁字母扫描候选","3","3","0","0","","pm:static:photonmelodies11.rio.004:1259067424:00156104","crsa:photonmelodies11.rio.004@1259067424","full_text_katakana_latin_scan","全文机械扫描候选；未据此自动固定中文"
"アイデンティティ","","candidate","片假名/拉丁字母扫描候选","2","2","0","0","","pm:static:photonmelodies11.rio.003:1933169644:00137236","crsa:photonmelodies11.rio.003@1933169644","full_text_katakana_latin_scan","全文机械扫描候选；未据此自动固定中文"
"アクション","","candidate","片假名/拉丁字母扫描候选","2","2","0","0","","pm:static:photonmelodies11.rio.004:0131862200:00266254","crsa:photonmelodies11.rio.004@131862200","full_text_katakana_latin_scan","全文机械扫描候选；未据此自动固定中文"
"アピール","","candidate","片假名/拉丁字母扫描候选","2","2","0","0","","pm:static:photonmelodies11.rio.004:0131862200:00223836","crsa:photonmelodies11.rio.004@131862200","full_text_katakana_latin_scan","全文机械扫描候选；未据此自动固定中文"
"アホ","","candidate","片假名/拉丁字母扫描候选","2","2","0","0","","pm:static:photonmelodies11.rio.004:0933776684:00354237","crsa:photonmelodies11.rio.004@933776684","full_text_katakana_latin_scan","全文机械扫描候选；未据此自动固定中文"
"アームズ","","candidate","片假名/拉丁字母扫描候选","2","2","0","0","","pm:static:photonmelodies11.rio.003:1933169644:00147128","crsa:photonmelodies11.rio.003@1933169644","full_text_katakana_latin_scan","全文机械扫描候选；未据此自动固定中文"
"ィィ","","candidate","片假名/拉丁字母扫描候选","2","2","0","0","","pm:static:photonmelodies11.rio.002:1544313288:00329650","crsa:photonmelodies11.rio.002@1544313288","full_text_katakana_latin_scan","全文机械扫描候选；未据此自动固定中文"
"ィィィィィ","","candidate","片假名/拉丁字母扫描候选","2","2","0","0","","pm:static:photonmelodies11.rio.002:1544313288:00329650","crsa:photonmelodies11.rio.002@1544313288","full_text_katakana_latin_scan","全文机械扫描候选；未据此自动固定中文"
"イカダ","","candidate","片假名/拉丁字母扫描候选","2","2","0","0","","pm:static:photonmelodies11.rio.004:0751768580:00022063","crsa:photonmelodies11.rio.004@751768580","full_text_katakana_latin_scan","全文机械扫描候选；未据此自动固定中文"
"イカンイカンッ","","candidate","片假名/拉丁字母扫描候选","2","2","0","0","","pm:static:photonmelodies11.rio.004:1068948144:00042064","crsa:photonmelodies11.rio.004@1068948144","full_text_katakana_latin_scan","全文机械扫描候选；未据此自动固定中文"
"イタリア","","candidate","片假名/拉丁字母扫描候选","2","2","0","0","","pm:static:photonmelodies11.rio.004:1361070408:00497387","crsa:photonmelodies11.rio.004@1361070408","full_text_katakana_latin_scan","全文机械扫描候选；未据此自动固定中文"
"イチイチ","","candidate","片假名/拉丁字母扫描候选","2","2","0","0","","pm:static:photonmelodies11.rio.003:1668688832:00281531","crsa:photonmelodies11.rio.003@1668688832","full_text_katakana_latin_scan","全文机械扫描候选；未据此自动固定中文"
"イベントラッシュ","","candidate","片假名/拉丁字母扫描候选","2","2","0","0","","pm:static:photonmelodies11.rio.004:1216455180:00032987","crsa:photonmelodies11.rio.004@1216455180","full_text_katakana_latin_scan","全文机械扫描候选；未据此自动固定中文"
"イヤ","","candidate","片假名/拉丁字母扫描候选","2","2","0","0","","pm:static:photonmelodies11.rio.004:0258770628:00165296","crsa:photonmelodies11.rio.004@258770628","full_text_katakana_latin_scan","全文机械扫描候选；未据此自动固定中文"
"ウィナーーーッ","","candidate","片假名/拉丁字母扫描候选","2","2","0","0","","pm:static:photonmelodies11.rio.004:0499205748:00100434","crsa:photonmelodies11.rio.004@499205748","full_text_katakana_latin_scan","全文机械扫描候选；未据此自动固定中文"
"ウィンタースポーツ","","candidate","片假名/拉丁字母扫描候选","2","2","0","0","","pm:static:photonmelodies11.rio.004:0408936772:00045153","crsa:photonmelodies11.rio.004@408936772","full_text_katakana_latin_scan","全文机械扫描候选；未据此自动固定中文"
"ウォッカ","","candidate","片假名/拉丁字母扫描候选","2","2","0","0","","pm:static:photonmelodies11.rio.004:0258770628:00145686","crsa:photonmelodies11.rio.004@258770628","full_text_katakana_latin_scan","全文机械扫描候选；未据此自动固定中文"
"ウサ","","candidate","片假名/拉丁字母扫描候选","2","2","0","0","","pm:static:photonmelodies11.rio.004:0131862200:00316314","crsa:photonmelodies11.rio.004@131862200","full_text_katakana_latin_scan","全文机械扫描候选；未据此自动固定中文"
"ウリ","","candidate","片假名/拉丁字母扫描候选","2","2","0","0","","pm:static:photonmelodies11.rio.004:0933776684:00386299","crsa:photonmelodies11.rio.004@933776684","full_text_katakana_latin_scan","全文机械扫描候选；未据此自动固定中文"
"ェッ","","candidate","片假名/拉丁字母扫描候选","2","2","0","0","","pm:static:photonmelodies11.rio.003:1272111780:00035867","crsa:photonmelodies11.rio.003@1272111780","full_text_katakana_latin_scan","全文机械扫描候选；未据此自动固定中文"
"エクササイズ","","candidate","片假名/拉丁字母扫描候选","2","2","0","0","","pm:static:photonmelodies11.rio.003:1272111780:00224304","crsa:photonmelodies11.rio.003@1272111780","full_text_katakana_latin_scan","全文机械扫描候选；未据此自动固定中文"
"エクソダス","","candidate","片假名/拉丁字母扫描候选","2","2","0","0","","pm:static:photonmelodies11.rio.002:1544313288:00224898","crsa:photonmelodies11.rio.002@1544313288","full_text_katakana_latin_scan","全文机械扫描候选；未据此自动固定中文"
"エスコート","","candidate","片假名/拉丁字母扫描候选","2","2","0","0","","pm:static:photonmelodies11.rio.004:1361070408:00244967","crsa:photonmelodies11.rio.004@1361070408","full_text_katakana_latin_scan","全文机械扫描候选；未据此自动固定中文"
"エニグマ","","candidate","片假名/拉丁字母扫描候选","2","2","0","0","","pm:static:photonmelodies11.rio.003:1808201404:00130942","crsa:photonmelodies11.rio.003@1808201404","full_text_katakana_latin_scan","全文机械扫描候选；未据此自动固定中文"
"エラ","","candidate","片假名/拉丁字母扫描候选","2","2","0","0","","pm:static:photonmelodies11.rio.004:0426952928:00658365","crsa:photonmelodies11.rio.004@426952928","full_text_katakana_latin_scan","全文机械扫描候选；未据此自动固定中文"
"エンドレス","","candidate","片假名/拉丁字母扫描候选","2","2","0","0","","pm:static:photonmelodies11.rio.004:1269734756:00474626","crsa:photonmelodies11.rio.004@1269734756","full_text_katakana_latin_scan","全文机械扫描候选；未据此自动固定中文"
"エージェント","","candidate","片假名/拉丁字母扫描候选","2","2","0","0","","pm:static:photonmelodies11.rio.004:1511431932:00204311","crsa:photonmelodies11.rio.004@1511431932","full_text_katakana_latin_scan","全文机械扫描候选；未据此自动固定中文"
"オカシイ","","candidate","片假名/拉丁字母扫描候选","2","2","0","0","","pm:static:photonmelodies11.rio.004:0812258960:00262206","crsa:photonmelodies11.rio.004@812258960","full_text_katakana_latin_scan","全文机械扫描候选；未据此自动固定中文"
"オスメス","","candidate","片假名/拉丁字母扫描候选","2","2","0","0","","pm:static:photonmelodies11.rio.003:1933169644:00170990","crsa:photonmelodies11.rio.003@1933169644","full_text_katakana_latin_scan","全文机械扫描候选；未据此自动固定中文"
"オセオセ","","candidate","片假名/拉丁字母扫描候选","2","2","0","0","","pm:static:photonmelodies11.rio.004:0812258960:00296904","crsa:photonmelodies11.rio.004@812258960","full_text_katakana_latin_scan","全文机械扫描候选；未据此自动固定中文"
"オッケーオッケ","","candidate","片假名/拉丁字母扫描候选","2","2","0","0","","pm:static:photonmelodies11.rio.003:2092185664:00384260","crsa:photonmelodies11.rio.003@2092185664","full_text_katakana_latin_scan","全文机械扫描候选；未据此自动固定中文"
"オフェンス","","candidate","片假名/拉丁字母扫描候选","2","2","0","0","","pm:static:photonmelodies11.rio.004:1269734756:00364098","crsa:photonmelodies11.rio.004@1269734756","full_text_katakana_latin_scan","全文机械扫描候选；未据此自动固定中文"
"オホン","","candidate","片假名/拉丁字母扫描候选","2","2","0","0","","pm:static:photonmelodies11.rio.004:0426952928:00339149","crsa:photonmelodies11.rio.004@426952928","full_text_katakana_latin_scan","全文机械扫描候选；未据此自动固定中文"
"オマエ","","candidate","片假名/拉丁字母扫描候选","2","2","0","0","","pm:static:photonmelodies11.rio.004:1269734756:00308704","crsa:photonmelodies11.rio.004@1269734756","full_text_katakana_latin_scan","全文机械扫描候选；未据此自动固定中文"
"オレッス","","candidate","片假名/拉丁字母扫描候选","2","2","0","0","","pm:static:photonmelodies11.rio.002:1544313288:00329368","crsa:photonmelodies11.rio.002@1544313288","full_text_katakana_latin_scan","全文机械扫描候选；未据此自动固定中文"
"オーケ","","candidate","片假名/拉丁字母扫描候选","2","2","0","0","","pm:static:photonmelodies11.rio.004:1269734756:00494438","crsa:photonmelodies11.rio.004@1269734756","full_text_katakana_latin_scan","全文机械扫描候选；未据此自动固定中文"
"オーバ","","candidate","片假名/拉丁字母扫描候选","2","2","0","0","","pm:static:photonmelodies11.rio.004:0426952928:00541085","crsa:photonmelodies11.rio.004@426952928","full_text_katakana_latin_scan","全文机械扫描候选；未据此自动固定中文"
"カギ","","candidate","片假名/拉丁字母扫描候选","2","2","0","0","","pm:static:photonmelodies11.rio.004:1269734756:00428258","crsa:photonmelodies11.rio.004@1269734756","full_text_katakana_latin_scan","全文机械扫描候选；未据此自动固定中文"
"カタブツ","","candidate","片假名/拉丁字母扫描候选","2","2","0","0","","pm:static:photonmelodies11.rio.002:1544313288:00344592","crsa:photonmelodies11.rio.002@1544313288","full_text_katakana_latin_scan","全文机械扫描候选；未据此自动固定中文"
"カッチョ","","candidate","片假名/拉丁字母扫描候选","2","2","0","0","","pm:static:photonmelodies11.rio.004:1361070408:00251609","crsa:photonmelodies11.rio.004@1361070408","full_text_katakana_latin_scan","全文机械扫描候选；未据此自动固定中文"
"カニバル","","candidate","片假名/拉丁字母扫描候选","2","2","0","0","","pm:static:photonmelodies11.rio.002:1544313288:00276340","crsa:photonmelodies11.rio.002@1544313288","full_text_katakana_latin_scan","全文机械扫描候选；未据此自动固定中文"
"カムヒア","","candidate","片假名/拉丁字母扫描候选","2","2","0","0","","pm:static:photonmelodies11.rio.004:1560893912:00152441","crsa:photonmelodies11.rio.004@1560893912","full_text_katakana_latin_scan","全文机械扫描候选；未据此自动固定中文"
"カラ","","candidate","片假名/拉丁字母扫描候选","2","2","0","0","","pm:static:photonmelodies11.rio.003:2092185664:00324080","crsa:photonmelodies11.rio.003@2092185664","full_text_katakana_latin_scan","全文机械扫描候选；未据此自动固定中文"
"カリキュラム","","candidate","片假名/拉丁字母扫描候选","2","2","0","0","","pm:static:photonmelodies11.rio.003:1272111780:00158968","crsa:photonmelodies11.rio.003@1272111780","full_text_katakana_latin_scan","全文机械扫描候选；未据此自动固定中文"
"ガオガオ","","candidate","片假名/拉丁字母扫描候选","2","2","0","0","","pm:static:photonmelodies11.rio.004:0499205748:00194620","crsa:photonmelodies11.rio.004@499205748","full_text_katakana_latin_scan","全文机械扫描候选；未据此自动固定中文"
"ガオッ","","candidate","片假名/拉丁字母扫描候选","2","2","0","0","","pm:static:photonmelodies11.rio.004:0499205748:00195818","crsa:photonmelodies11.rio.004@499205748","full_text_katakana_latin_scan","全文机械扫描候选；未据此自动固定中文"
"ガタガタ","","candidate","片假名/拉丁字母扫描候选","2","2","0","0","","pm:static:photonmelodies11.rio.003:1668688832:00301693","crsa:photonmelodies11.rio.003@1668688832","full_text_katakana_latin_scan","全文机械扫描候选；未据此自动固定中文"
"ガッチリ","","candidate","片假名/拉丁字母扫描候选","2","2","0","0","","pm:static:photonmelodies11.rio.004:1361070408:00524905","crsa:photonmelodies11.rio.004@1361070408","full_text_katakana_latin_scan","全文机械扫描候选；未据此自动固定中文"
"ガラ","","candidate","片假名/拉丁字母扫描候选","2","2","0","0","","pm:static:photonmelodies11.rio.004:1269734756:00383764","crsa:photonmelodies11.rio.004@1269734756","full_text_katakana_latin_scan","全文机械扫描候选；未据此自动固定中文"
"ガン","","candidate","片假名/拉丁字母扫描候选","2","2","0","0","","pm:static:photonmelodies11.rio.003:0839604068:00228974","crsa:photonmelodies11.rio.003@839604068","full_text_katakana_latin_scan","全文机械扫描候选；未据此自动固定中文"
"キッパリ","","candidate","片假名/拉丁字母扫描候选","2","2","0","0","","pm:static:photonmelodies11.rio.004:0426952928:00306293","crsa:photonmelodies11.rio.004@426952928","full_text_katakana_latin_scan","全文机械扫描候选；未据此自动固定中文"
"キッパリスッパリ","","candidate","片假名/拉丁字母扫描候选","2","2","0","0","","pm:static:photonmelodies11.rio.004:0933776684:00399799","crsa:photonmelodies11.rio.004@933776684","full_text_katakana_latin_scan","全文机械扫描候选；未据此自动固定中文"
"キバヤシ","","candidate","片假名/拉丁字母扫描候选","2","2","0","0","","pm:static:photonmelodies11.rio.003:0839604068:00188138","crsa:photonmelodies11.rio.003@839604068","full_text_katakana_latin_scan","全文机械扫描候选；未据此自动固定中文"
"キメ","","candidate","片假名/拉丁字母扫描候选","2","2","0","0","","pm:static:photonmelodies11.rio.004:0655753292:00116292","crsa:photonmelodies11.rio.004@655753292","full_text_katakana_latin_scan","全文机械扫描候选；未据此自动固定中文"
"キャッチ","","candidate","片假名/拉丁字母扫描候选","2","2","0","0","","pm:static:photonmelodies11.rio.004:0499205748:00120134","crsa:photonmelodies11.rio.004@499205748","full_text_katakana_latin_scan","全文机械扫描候选；未据此自动固定中文"
"キョロキョロ","","candidate","片假名/拉丁字母扫描候选","2","2","0","0","","pm:static:photonmelodies11.rio.004:1457084560:00386097","crsa:photonmelodies11.rio.004@1457084560","full_text_katakana_latin_scan","全文机械扫描候选；未据此自动固定中文"
"キラキラ","","candidate","片假名/拉丁字母扫描候选","2","2","0","0","","pm:static:photonmelodies11.rio.004:0933776684:00275017","crsa:photonmelodies11.rio.004@933776684","full_text_katakana_latin_scan","全文机械扫描候选；未据此自动固定中文"
"ギブ","","candidate","片假名/拉丁字母扫描候选","2","2","0","0","","pm:static:photonmelodies11.rio.004:0933776684:00465271","crsa:photonmelodies11.rio.004@933776684","full_text_katakana_latin_scan","全文机械扫描候选；未据此自动固定中文"
"ギャグ","","candidate","片假名/拉丁字母扫描候选","2","2","0","0","","pm:static:photonmelodies11.rio.004:0499205748:00185144","crsa:photonmelodies11.rio.004@499205748","full_text_katakana_latin_scan","全文机械扫描候选；未据此自动固定中文"
"ギュ","","candidate","片假名/拉丁字母扫描候选","2","2","0","0","","pm:static:photonmelodies11.rio.004:1457084560:00214529","crsa:photonmelodies11.rio.004@1457084560","full_text_katakana_latin_scan","全文机械扫描候选；未据此自动固定中文"
"ギレ","","candidate","片假名/拉丁字母扫描候选","2","2","0","0","","pm:static:photonmelodies11.rio.004:0812258960:00421422","crsa:photonmelodies11.rio.004@812258960","full_text_katakana_latin_scan","全文机械扫描候选；未据此自动固定中文"
"クセ","","candidate","片假名/拉丁字母扫描候选","2","2","0","0","","pm:static:photonmelodies11.rio.002:1544313288:00293962","crsa:photonmelodies11.rio.002@1544313288","full_text_katakana_latin_scan","全文机械扫描候选；未据此自动固定中文"
"クソガキ","","candidate","片假名/拉丁字母扫描候选","2","2","0","0","","pm:static:photonmelodies11.rio.004:0426952928:00343109","crsa:photonmelodies11.rio.004@426952928","full_text_katakana_latin_scan","全文机械扫描候选；未据此自动固定中文"
"クラッ","","candidate","片假名/拉丁字母扫描候选","2","2","0","0","","pm:static:photonmelodies11.rio.004:0933776684:00452211","crsa:photonmelodies11.rio.004@933776684","full_text_katakana_latin_scan","全文机械扫描候选；未据此自动固定中文"
"クリア","","candidate","片假名/拉丁字母扫描候选","2","2","0","0","","pm:static:photonmelodies11.rio.004:0426952928:00447201","crsa:photonmelodies11.rio.004@426952928","full_text_katakana_latin_scan","全文机械扫描候选；未据此自动固定中文"
"クリーニングセンタ","","candidate","片假名/拉丁字母扫描候选","2","2","0","0","","pm:static:photonmelodies11.rio.004:1015106108:00160081","crsa:photonmelodies11.rio.004@1015106108","full_text_katakana_latin_scan","全文机械扫描候选；未据此自动固定中文"
"クリーム","","candidate","片假名/拉丁字母扫描候选","2","2","0","0","","pm:static:photonmelodies11.rio.003:2092185664:00197858","crsa:photonmelodies11.rio.003@2092185664","full_text_katakana_latin_scan","全文机械扫描候选；未据此自动固定中文"
"クール","","candidate","片假名/拉丁字母扫描候选","2","2","0","0","","pm:static:photonmelodies11.rio.003:0839604068:00322018","crsa:photonmelodies11.rio.003@839604068","full_text_katakana_latin_scan","全文机械扫描候选；未据此自动固定中文"
"ググ","","candidate","片假名/拉丁字母扫描候选","2","2","0","0","","pm:static:photonmelodies11.rio.004:1676972672:00113133","crsa:photonmelodies11.rio.004@1676972672","full_text_katakana_latin_scan","全文机械扫描候选；未据此自动固定中文"
"ググッ","","candidate","片假名/拉丁字母扫描候选","2","2","0","0","","pm:static:photonmelodies11.rio.004:0426952928:00315887","crsa:photonmelodies11.rio.004@426952928","full_text_katakana_latin_scan","全文机械扫描候选；未据此自动固定中文"
"グルメ","","candidate","片假名/拉丁字母扫描候选","2","2","0","0","","pm:static:photonmelodies11.rio.003:0839604068:00387170","crsa:photonmelodies11.rio.003@839604068","full_text_katakana_latin_scan","全文机械扫描候选；未据此自动固定中文"
"グルーピング","","candidate","片假名/拉丁字母扫描候选","2","2","0","0","","pm:static:photonmelodies11.rio.003:1272111780:00150752","crsa:photonmelodies11.rio.003@1272111780","full_text_katakana_latin_scan","全文机械扫描候选；未据此自动固定中文"
"ケンカ","","candidate","片假名/拉丁字母扫描候选","2","2","0","0","","pm:static:photonmelodies11.rio.003:1272111780:00144002","crsa:photonmelodies11.rio.003@1272111780","full_text_katakana_latin_scan","全文机械扫描候选；未据此自动固定中文"
"ゲホゲホッッ","","candidate","片假名/拉丁字母扫描候选","2","2","0","0","","pm:static:photonmelodies11.rio.004:0131862200:00262850","crsa:photonmelodies11.rio.004@131862200","full_text_katakana_latin_scan","全文机械扫描候选；未据此自动固定中文"
"ゲンナリ","","candidate","片假名/拉丁字母扫描候选","2","2","0","0","","pm:static:photonmelodies11.rio.004:0933776684:00269803","crsa:photonmelodies11.rio.004@933776684","full_text_katakana_latin_scan","全文机械扫描候选；未据此自动固定中文"
"ゲージ","","candidate","片假名/拉丁字母扫描候选","2","2","0","0","","pm:static:photonmelodies11.rio.004:1457084560:00214529","crsa:photonmelodies11.rio.004@1457084560","full_text_katakana_latin_scan","全文机械扫描候选；未据此自动固定中文"
"ゲームオーバ","","candidate","片假名/拉丁字母扫描候选","2","2","0","0","","pm:static:photonmelodies11.rio.004:0871742696:00026930","crsa:photonmelodies11.rio.004@871742696","full_text_katakana_latin_scan","全文机械扫描候选；未据此自动固定中文"
"ゲームセンタ","","candidate","片假名/拉丁字母扫描候选","2","2","0","0","","pm:static:photonmelodies11.rio.004:1410213692:00082200","crsa:photonmelodies11.rio.004@1410213692","full_text_katakana_latin_scan","全文机械扫描候选；未据此自动固定中文"
"コケ","","candidate","片假名/拉丁字母扫描候选","2","2","0","0","","pm:static:photonmelodies11.rio.004:0426952928:00411885","crsa:photonmelodies11.rio.004@426952928","full_text_katakana_latin_scan","全文机械扫描候选；未据此自动固定中文"
"コト","","candidate","片假名/拉丁字母扫描候选","2","2","0","0","","pm:static:photonmelodies11.rio.004:1361070408:00385609","crsa:photonmelodies11.rio.004@1361070408","full_text_katakana_latin_scan","全文机械扫描候选；未据此自动固定中文"
"コピーラグドール","","candidate","片假名/拉丁字母扫描候选","2","2","0","0","","pm:static:photonmelodies11.rio.004:1361070408:00229991","crsa:photonmelodies11.rio.004@1361070408","full_text_katakana_latin_scan","全文机械扫描候选；未据此自动固定中文"
"コンタクト","","candidate","片假名/拉丁字母扫描候选","2","2","0","0","","pm:static:photonmelodies11.rio.004:1410213692:00122890","crsa:photonmelodies11.rio.004@1410213692","full_text_katakana_latin_scan","全文机械扫描候选；未据此自动固定中文"
"コンテナ","","candidate","片假名/拉丁字母扫描候选","2","2","0","0","","pm:static:photonmelodies11.rio.003:1487490840:00151794","crsa:photonmelodies11.rio.003@1487490840","full_text_katakana_latin_scan","全文机械扫描候选；未据此自动固定中文"
"コンビニ","","candidate","片假名/拉丁字母扫描候选","2","2","0","0","","pm:static:photonmelodies11.rio.004:1327482084:00328455","crsa:photonmelodies11.rio.004@1327482084","full_text_katakana_latin_scan","全文机械扫描候选；未据此自动固定中文"
"コート","","candidate","片假名/拉丁字母扫描候选","2","2","0","0","","pm:static:photonmelodies11.rio.004:1269734756:00360002","crsa:photonmelodies11.rio.004@1269734756","full_text_katakana_latin_scan","全文机械扫描候选；未据此自动固定中文"
"コールナンバ","","candidate","片假名/拉丁字母扫描候选","2","2","0","0","","pm:static:photonmelodies11.rio.003:1668688832:00189665","crsa:photonmelodies11.rio.003@1668688832","full_text_katakana_latin_scan","全文机械扫描候选；未据此自动固定中文"
"ゴシゴシ","","candidate","片假名/拉丁字母扫描候选","2","2","0","0","","pm:static:photonmelodies11.rio.004:1457084560:00540089","crsa:photonmelodies11.rio.004@1457084560","full_text_katakana_latin_scan","全文机械扫描候选；未据此自动固定中文"
"ゴツ","","candidate","片假名/拉丁字母扫描候选","2","2","0","0","","pm:static:photonmelodies11.rio.003:1933169644:00164324","crsa:photonmelodies11.rio.003@1933169644","full_text_katakana_latin_scan","全文机械扫描候选；未据此自动固定中文"
"ゴール","","candidate","片假名/拉丁字母扫描候选","2","2","0","0","","pm:static:photonmelodies11.rio.004:0812258960:00479508","crsa:photonmelodies11.rio.004@812258960","full_text_katakana_latin_scan","全文机械扫描候选；未据此自动固定中文"
"サイコ","","candidate","片假名/拉丁字母扫描候选","2","2","0","0","","pm:static:photonmelodies11.rio.002:1544313288:00325902","crsa:photonmelodies11.rio.002@1544313288","full_text_katakana_latin_scan","全文机械扫描候选；未据此自动固定中文"
"サイン","","candidate","片假名/拉丁字母扫描候选","2","2","0","0","","pm:static:photonmelodies11.rio.002:1544313288:00216680","crsa:photonmelodies11.rio.002@1544313288","full_text_katakana_latin_scan","全文机械扫描候选；未据此自动固定中文"
"サブマリナ","","candidate","片假名/拉丁字母扫描候选","2","2","0","0","","pm:static:photonmelodies11.rio.004:0812258960:00350092","crsa:photonmelodies11.rio.004@812258960","full_text_katakana_latin_scan","全文机械扫描候选；未据此自动固定中文"
"サポート","","candidate","片假名/拉丁字母扫描候选","2","2","0","0","","pm:static:photonmelodies11.rio.004:1139636328:00273141","crsa:photonmelodies11.rio.004@1139636328","full_text_katakana_latin_scan","全文机械扫描候选；未据此自动固定中文"
"サラサラ","","candidate","片假名/拉丁字母扫描候选","2","2","0","0","","pm:static:photonmelodies11.rio.004:0499205748:00192158","crsa:photonmelodies11.rio.004@499205748","full_text_katakana_latin_scan","全文机械扫描候选；未据此自动固定中文"
"サンセ","","candidate","片假名/拉丁字母扫描候选","2","2","0","0","","pm:static:photonmelodies11.rio.004:0426952928:00551213","crsa:photonmelodies11.rio.004@426952928","full_text_katakana_latin_scan","全文机械扫描候选；未据此自动固定中文"
"サーイエッサ","","candidate","片假名/拉丁字母扫描候选","2","2","0","0","","pm:static:photonmelodies11.rio.003:0839604068:00329090","crsa:photonmelodies11.rio.003@839604068","full_text_katakana_latin_scan","全文机械扫描候选；未据此自动固定中文"
"ザバザバ","","candidate","片假名/拉丁字母扫描候选","2","2","0","0","","pm:static:photonmelodies11.rio.004:0933776684:00426219","crsa:photonmelodies11.rio.004@933776684","full_text_katakana_latin_scan","全文机械扫描候选；未据此自动固定中文"
"シミュレータールーム","","candidate","片假名/拉丁字母扫描候选","2","2","0","0","","pm:static:photonmelodies11.rio.004:1235087732:00575178","crsa:photonmelodies11.rio.004@1235087732","full_text_katakana_latin_scan","全文机械扫描候选；未据此自动固定中文"
"シャカシャカ","","candidate","片假名/拉丁字母扫描候选","2","2","0","0","","pm:static:photonmelodies11.rio.004:0131862200:00253400","crsa:photonmelodies11.rio.004@131862200","full_text_katakana_latin_scan","全文机械扫描候选；未据此自动固定中文"
"シュール","","candidate","片假名/拉丁字母扫描候选","2","2","0","0","","pm:static:photonmelodies11.rio.003:2092185664:00277800","crsa:photonmelodies11.rio.003@2092185664","full_text_katakana_latin_scan","全文机械扫描候选；未据此自动固定中文"
"シリアス","","candidate","片假名/拉丁字母扫描候选","2","2","0","0","","pm:static:photonmelodies11.rio.004:0655753292:00228788","crsa:photonmelodies11.rio.004@655753292","full_text_katakana_latin_scan","全文机械扫描候选；未据此自动固定中文"
"シロガネェェェェ","","candidate","片假名/拉丁字母扫描候选","2","2","0","0","","pm:static:photonmelodies11.rio.004:0499205748:00100434","crsa:photonmelodies11.rio.004@499205748","full_text_katakana_latin_scan","全文机械扫描候选；未据此自动固定中文"
"シンクロ","","candidate","片假名/拉丁字母扫描候选","2","2","0","0","","pm:static:photonmelodies11.rio.003:1272111780:00205922","crsa:photonmelodies11.rio.003@1272111780","full_text_katakana_latin_scan","全文机械扫描候选；未据此自动固定中文"
"シングル","","candidate","片假名/拉丁字母扫描候选","2","2","0","0","","pm:static:photonmelodies11.rio.004:1327482084:00318241","crsa:photonmelodies11.rio.004@1327482084","full_text_katakana_latin_scan","全文机械扫描候选；未据此自动固定中文"
"シーズン","","candidate","片假名/拉丁字母扫描候选","2","2","0","0","","pm:static:photonmelodies11.rio.003:1272111780:00205228","crsa:photonmelodies11.rio.003@1272111780","full_text_katakana_latin_scan","全文机械扫描候选；未据此自动固定中文"
"ジェントル","绅士","candidate","公共总表术语","2","2","0","0","","pm:static:photonmelodies11.rio.004:0695803188:00147851","crsa:photonmelodies11.rio.004@695803188","main_glossary","公共总表；须以本篇最终正文核对适用语境"
"ジグザグ","","candidate","片假名/拉丁字母扫描候选","2","2","0","0","","pm:static:photonmelodies11.rio.004:0426952928:00446053","crsa:photonmelodies11.rio.004@426952928","full_text_katakana_latin_scan","全文机械扫描候选；未据此自动固定中文"
"ジジイ","","candidate","片假名/拉丁字母扫描候选","2","2","0","0","","pm:static:photonmelodies11.rio.004:0426952928:00544863","crsa:photonmelodies11.rio.004@426952928","full_text_katakana_latin_scan","全文机械扫描候选；未据此自动固定中文"
"ジャイアニズム","","candidate","片假名/拉丁字母扫描候选","2","2","0","0","","pm:static:photonmelodies11.rio.004:1676972672:00240567","crsa:photonmelodies11.rio.004@1676972672","full_text_katakana_latin_scan","全文机械扫描候选；未据此自动固定中文"
"ジュール","","candidate","片假名/拉丁字母扫描候选","2","2","0","0","","pm:static:photonmelodies11.rio.003:0839604068:00230084","crsa:photonmelodies11.rio.003@839604068","full_text_katakana_latin_scan","全文机械扫描候选；未据此自动固定中文"
"スクール","","candidate","片假名/拉丁字母扫描候选","2","2","0","0","","pm:static:photonmelodies11.rio.004:0979390512:00035950","crsa:photonmelodies11.rio.004@979390512","full_text_katakana_latin_scan","全文机械扫描候选；未据此自动固定中文"
"スケジュール","","candidate","片假名/拉丁字母扫描候选","2","2","0","0","","pm:static:photonmelodies11.rio.004:0426952928:00699593","crsa:photonmelodies11.rio.004@426952928","full_text_katakana_latin_scan","全文机械扫描候选；未据此自动固定中文"
"スケープゴート","","candidate","片假名/拉丁字母扫描候选","2","2","0","0","","pm:static:photonmelodies11.rio.004:0426952928:00711129","crsa:photonmelodies11.rio.004@426952928","full_text_katakana_latin_scan","全文机械扫描候选；未据此自动固定中文"
"スコア","","candidate","片假名/拉丁字母扫描候选","2","2","0","0","","pm:static:photonmelodies11.rio.004:0131862200:00283912","crsa:photonmelodies11.rio.004@131862200","full_text_katakana_latin_scan","全文机械扫描候选；未据此自动固定中文"
"スコール","","candidate","片假名/拉丁字母扫描候选","2","2","0","0","","pm:static:photonmelodies11.rio.004:1269734756:00529786","crsa:photonmelodies11.rio.004@1269734756","full_text_katakana_latin_scan","全文机械扫描候选；未据此自动固定中文"
"スシ","","candidate","片假名/拉丁字母扫描候选","2","2","0","0","","pm:static:photonmelodies11.rio.002:1544313288:00358076","crsa:photonmelodies11.rio.002@1544313288","full_text_katakana_latin_scan","全文机械扫描候选；未据此自动固定中文"
"スタッフ","","candidate","片假名/拉丁字母扫描候选","2","2","0","0","","pm:static:photonmelodies11.rio.004:1169383896:00137532","crsa:photonmelodies11.rio.004@1169383896","full_text_katakana_latin_scan","全文机械扫描候选；未据此自动固定中文"
"スタングレネード","","candidate","片假名/拉丁字母扫描候选","2","2","0","0","","pm:static:photonmelodies11.rio.004:1511431932:00282985","crsa:photonmelodies11.rio.004@1511431932","full_text_katakana_latin_scan","全文机械扫描候选；未据此自动固定中文"
"ステージ","","candidate","片假名/拉丁字母扫描候选","2","2","0","0","","pm:static:photonmelodies11.rio.004:1235087732:00547780","crsa:photonmelodies11.rio.004@1235087732","full_text_katakana_latin_scan","全文机械扫描候选；未据此自动固定中文"
"ストラトス","","candidate","片假名/拉丁字母扫描候选","2","2","0","0","","pm:static:photonmelodies11.rio.004:0131862200:00160996","crsa:photonmelodies11.rio.004@131862200","full_text_katakana_latin_scan","全文机械扫描候选；未据此自动固定中文"
"ストーップ","","candidate","片假名/拉丁字母扫描候选","2","2","0","0","","pm:static:photonmelodies11.rio.004:0933776684:00357809","crsa:photonmelodies11.rio.004@933776684","full_text_katakana_latin_scan","全文机械扫描候选；未据此自动固定中文"
"スピ","","candidate","片假名/拉丁字母扫描候选","2","2","0","0","","pm:static:photonmelodies11.rio.004:0258770628:00156854","crsa:photonmelodies11.rio.004@258770628","full_text_katakana_latin_scan","全文机械扫描候选；未据此自动固定中文"
"スピリタス","","candidate","片假名/拉丁字母扫描候选","2","2","0","0","","pm:static:photonmelodies11.rio.004:0258770628:00147350","crsa:photonmelodies11.rio.004@258770628","full_text_katakana_latin_scan","全文机械扫描候选；未据此自动固定中文"
"スペック","","candidate","片假名/拉丁字母扫描候选","2","2","0","0","","pm:static:photonmelodies11.rio.003:2092185664:00327240","crsa:photonmelodies11.rio.003@2092185664","full_text_katakana_latin_scan","全文机械扫描候选；未据此自动固定中文"
"スマン","","candidate","片假名/拉丁字母扫描候选","2","2","0","0","","pm:static:photonmelodies11.rio.002:1544313288:00263288","crsa:photonmelodies11.rio.002@1544313288","full_text_katakana_latin_scan","全文机械扫描候选；未据此自动固定中文"
"スリーパ","","candidate","片假名/拉丁字母扫描候选","2","2","0","0","","pm:static:photonmelodies11.rio.003:1808201404:00129834","crsa:photonmelodies11.rio.003@1808201404","full_text_katakana_latin_scan","全文机械扫描候选；未据此自动固定中文"
"スレスレ","","candidate","片假名/拉丁字母扫描候选","2","2","0","0","","pm:static:photonmelodies11.rio.004:0812258960:00463372","crsa:photonmelodies11.rio.004@812258960","full_text_katakana_latin_scan","全文机械扫描候选；未据此自动固定中文"
"スーパーコンピュータ","","candidate","片假名/拉丁字母扫描候选","2","2","0","0","","pm:static:photonmelodies11.rio.003:0839604068:00262310","crsa:photonmelodies11.rio.003@839604068","full_text_katakana_latin_scan","全文机械扫描候选；未据此自动固定中文"
"ズラリ","","candidate","片假名/拉丁字母扫描候选","2","2","0","0","","pm:static:photonmelodies11.rio.004:0812258960:00449966","crsa:photonmelodies11.rio.004@812258960","full_text_katakana_latin_scan","全文机械扫描候选；未据此自动固定中文"
"ズル","","candidate","片假名/拉丁字母扫描候选","2","2","0","0","","pm:static:photonmelodies11.rio.003:2092185664:00261602","crsa:photonmelodies11.rio.003@2092185664","full_text_katakana_latin_scan","全文机械扫描候选；未据此自动固定中文"
"セクスィボディ","","candidate","片假名/拉丁字母扫描候选","2","2","0","0","","pm:static:photonmelodies11.rio.004:1361070408:00401961","crsa:photonmelodies11.rio.004@1361070408","full_text_katakana_latin_scan","全文机械扫描候选；未据此自动固定中文"
"セプテントリオン","","candidate","片假名/拉丁字母扫描候选","2","2","0","0","","pm:static:photonmelodies11.rio.004:0780938508:00051305","crsa:photonmelodies11.rio.004@780938508","full_text_katakana_latin_scan","全文机械扫描候选；未据此自动固定中文"
"センタ","","candidate","片假名/拉丁字母扫描候选","2","2","0","0","","pm:static:photonmelodies11.rio.004:1361070408:00239085","crsa:photonmelodies11.rio.004@1361070408","full_text_katakana_latin_scan","全文机械扫描候选；未据此自动固定中文"
"ソリレベル","","candidate","片假名/拉丁字母扫描候选","2","2","0","0","","pm:static:photonmelodies11.rio.004:0426952928:00531035","crsa:photonmelodies11.rio.004@426952928","full_text_katakana_latin_scan","全文机械扫描候选；未据此自动固定中文"
"ソース","","candidate","片假名/拉丁字母扫描候选","2","2","0","0","","pm:static:photonmelodies11.rio.004:0812258960:00326204","crsa:photonmelodies11.rio.004@812258960","full_text_katakana_latin_scan","全文机械扫描候选；未据此自动固定中文"
"ゾッ","","candidate","片假名/拉丁字母扫描候选","2","2","0","0","","pm:static:photonmelodies11.rio.003:1272111780:00141384","crsa:photonmelodies11.rio.003@1272111780","full_text_katakana_latin_scan","全文机械扫描候选；未据此自动固定中文"
"ターミナル","","candidate","片假名/拉丁字母扫描候选","2","2","0","0","","pm:static:photonmelodies11.rio.004:0131862200:00293692","crsa:photonmelodies11.rio.004@131862200","full_text_katakana_latin_scan","全文机械扫描候选；未据此自动固定中文"
"ダイブ","","candidate","片假名/拉丁字母扫描候选","2","2","0","0","","pm:static:photonmelodies11.rio.004:0426952928:00574495","crsa:photonmelodies11.rio.004@426952928","full_text_katakana_latin_scan","全文机械扫描候选；未据此自动固定中文"
"ダイヤ","","candidate","片假名/拉丁字母扫描候选","2","2","0","0","","pm:static:photonmelodies11.rio.003:1933169644:00145634","crsa:photonmelodies11.rio.003@1933169644","full_text_katakana_latin_scan","全文机械扫描候选；未据此自动固定中文"
"ダウン","","candidate","片假名/拉丁字母扫描候选","2","2","0","0","","pm:static:photonmelodies11.rio.003:1272111780:00226248","crsa:photonmelodies11.rio.003@1272111780","full_text_katakana_latin_scan","全文机械扫描候选；未据此自动固定中文"
"ダシ","","candidate","片假名/拉丁字母扫描候选","2","2","0","0","","pm:static:photonmelodies11.rio.004:0695803188:00167185","crsa:photonmelodies11.rio.004@695803188","full_text_katakana_latin_scan","全文机械扫描候选；未据此自动固定中文"
"ダジャレ","","candidate","片假名/拉丁字母扫描候选","2","2","0","0","","pm:static:photonmelodies11.rio.004:0655753292:00210000","crsa:photonmelodies11.rio.004@655753292","full_text_katakana_latin_scan","全文机械扫描候选；未据此自动固定中文"
"ダブル","","candidate","片假名/拉丁字母扫描候选","2","2","0","0","","pm:static:photonmelodies11.rio.004:1361070408:00436637","crsa:photonmelodies11.rio.004@1361070408","full_text_katakana_latin_scan","全文机械扫描候选；未据此自动固定中文"
"ダメッ","","candidate","片假名/拉丁字母扫描候选","2","2","0","0","","pm:static:photonmelodies11.rio.004:0874373084:00272016","crsa:photonmelodies11.rio.004@874373084","full_text_katakana_latin_scan","全文机械扫描候选；未据此自动固定中文"
"ダラダラ","","candidate","片假名/拉丁字母扫描候选","2","2","0","0","","pm:static:photonmelodies11.rio.002:1544313288:00364610","crsa:photonmelodies11.rio.002@1544313288","full_text_katakana_latin_scan","全文机械扫描候选；未据此自动固定中文"
"ダークサイド","","candidate","片假名/拉丁字母扫描候选","2","2","0","0","","pm:static:photonmelodies11.rio.004:1361070408:00495071","crsa:photonmelodies11.rio.004@1361070408","full_text_katakana_latin_scan","全文机械扫描候选；未据此自动固定中文"
"ダーメ","","candidate","片假名/拉丁字母扫描候选","2","2","0","0","","pm:static:photonmelodies11.rio.004:0860955960:00151665","crsa:photonmelodies11.rio.004@860955960","full_text_katakana_latin_scan","全文机械扫描候选；未据此自动固定中文"
"チップ","","candidate","片假名/拉丁字母扫描候选","2","2","0","0","","pm:static:photonmelodies11.rio.004:1361070408:00498737","crsa:photonmelodies11.rio.004@1361070408","full_text_katakana_latin_scan","全文机械扫描候选；未据此自动固定中文"
"チヅコ","","candidate","片假名/拉丁字母扫描候选","2","2","0","0","","pm:static:photonmelodies11.rio.004:1457084560:00278703","crsa:photonmelodies11.rio.004@1457084560","full_text_katakana_latin_scan","全文机械扫描候选；未据此自动固定中文"
"チョコ","","candidate","片假名/拉丁字母扫描候选","2","2","0","0","","pm:static:photonmelodies11.rio.004:1327482084:00343375","crsa:photonmelodies11.rio.004@1327482084","full_text_katakana_latin_scan","全文机械扫描候选；未据此自动固定中文"
"チームリーダ","","candidate","片假名/拉丁字母扫描候选","2","2","0","0","","pm:static:photonmelodies11.rio.004:0812258960:00469142","crsa:photonmelodies11.rio.004@812258960","full_text_katakana_latin_scan","全文机械扫描候选；未据此自动固定中文"
"ツノ","","candidate","片假名/拉丁字母扫描候选","2","2","0","0","","pm:static:photonmelodies11.rio.004:0812258960:00205556","crsa:photonmelodies11.rio.004@812258960","full_text_katakana_latin_scan","全文机械扫描候选；未据此自动固定中文"
"ツルペタ","","candidate","片假名/拉丁字母扫描候选","2","2","0","0","","pm:static:photonmelodies11.rio.004:1068948144:00040374","crsa:photonmelodies11.rio.004@1068948144","full_text_katakana_latin_scan","全文机械扫描候选；未据此自动固定中文"
"ツン","","candidate","片假名/拉丁字母扫描候选","2","2","0","0","","pm:static:photonmelodies11.rio.004:1676972672:00192043","crsa:photonmelodies11.rio.004@1676972672","full_text_katakana_latin_scan","全文机械扫描候选；未据此自动固定中文"
"テキト","","candidate","片假名/拉丁字母扫描候选","2","2","0","0","","pm:static:photonmelodies11.rio.004:0933776684:00456505","crsa:photonmelodies11.rio.004@933776684","full_text_katakana_latin_scan","全文机械扫描候选；未据此自动固定中文"
"テリブル","","candidate","片假名/拉丁字母扫描候选","2","2","0","0","","pm:static:photonmelodies11.rio.002:1544313288:00276340","crsa:photonmelodies11.rio.002@1544313288","full_text_katakana_latin_scan","全文机械扫描候选；未据此自动固定中文"
"テレパシ","","candidate","片假名/拉丁字母扫描候选","2","2","0","0","","pm:static:photonmelodies11.rio.004:0933776684:00460825","crsa:photonmelodies11.rio.004@933776684","full_text_katakana_latin_scan","全文机械扫描候选；未据此自动固定中文"
"デカ","","candidate","片假名/拉丁字母扫描候选","2","2","0","0","","pm:static:photonmelodies11.rio.004:1361070408:00267135","crsa:photonmelodies11.rio.004@1361070408","full_text_katakana_latin_scan","全文机械扫描候选；未据此自动固定中文"
"デタラメ","","candidate","片假名/拉丁字母扫描候选","2","2","0","0","","pm:static:photonmelodies11.rio.003:0839604068:00295190","crsa:photonmelodies11.rio.003@839604068","full_text_katakana_latin_scan","全文机械扫描候选；未据此自动固定中文"
"デデ","","candidate","片假名/拉丁字母扫描候选","2","2","0","0","","pm:static:photonmelodies11.rio.003:1272111780:00153884","crsa:photonmelodies11.rio.003@1272111780","full_text_katakana_latin_scan","全文机械扫描候选；未据此自动固定中文"
"デリート","","candidate","片假名/拉丁字母扫描候选","2","2","0","0","","pm:static:photonmelodies11.rio.004:0812258960:00268908","crsa:photonmelodies11.rio.004@812258960","full_text_katakana_latin_scan","全文机械扫描候选；未据此自动固定中文"
"デレ","","candidate","片假名/拉丁字母扫描候选","2","2","0","0","","pm:static:photonmelodies11.rio.004:1676972672:00192043","crsa:photonmelodies11.rio.004@1676972672","full_text_katakana_latin_scan","全文机械扫描候选；未据此自动固定中文"
"デンカ","","candidate","片假名/拉丁字母扫描候选","2","2","0","0","","pm:static:photonmelodies11.rio.002:1544313288:00350098","crsa:photonmelodies11.rio.002@1544313288","full_text_katakana_latin_scan","全文机械扫描候选；未据此自动固定中文"
"トゥ","","candidate","片假名/拉丁字母扫描候选","2","2","0","0","","pm:static:photonmelodies11.rio.004:0426952928:00596047","crsa:photonmelodies11.rio.004@426952928","full_text_katakana_latin_scan","全文机械扫描候选；未据此自动固定中文"
"トゥーポイントフォ","","candidate","片假名/拉丁字母扫描候选","2","2","0","0","","pm:static:photonmelodies11.rio.004:1410213692:00124704","crsa:photonmelodies11.rio.004@1410213692","full_text_katakana_latin_scan","全文机械扫描候选；未据此自动固定中文"
"トウモロコシ","","candidate","片假名/拉丁字母扫描候选","2","2","0","0","","pm:static:photonmelodies11.rio.004:0812258960:00312042","crsa:photonmelodies11.rio.004@812258960","full_text_katakana_latin_scan","全文机械扫描候选；未据此自动固定中文"
"トコトン","","candidate","片假名/拉丁字母扫描候选","2","2","0","0","","pm:static:photonmelodies11.rio.003:1808201404:00115808","crsa:photonmelodies11.rio.003@1808201404","full_text_katakana_latin_scan","全文机械扫描候选；未据此自动固定中文"
"トシ","","candidate","片假名/拉丁字母扫描候选","2","2","0","0","","pm:static:photonmelodies11.rio.004:0131862200:00227818","crsa:photonmelodies11.rio.004@131862200","full_text_katakana_latin_scan","全文机械扫描候选；未据此自动固定中文"
"トップ","","candidate","片假名/拉丁字母扫描候选","2","2","0","0","","pm:static:photonmelodies11.rio.004:1676972672:00146515","crsa:photonmelodies11.rio.004@1676972672","full_text_katakana_latin_scan","全文机械扫描候选；未据此自动固定中文"
"トマトジュース","","candidate","片假名/拉丁字母扫描候选","2","2","0","0","","pm:static:photonmelodies11.rio.004:0131862200:00249640","crsa:photonmelodies11.rio.004@131862200","full_text_katakana_latin_scan","全文机械扫描候选；未据此自动固定中文"
"トラウマ","","candidate","片假名/拉丁字母扫描候选","2","2","0","0","","pm:static:photonmelodies11.rio.004:1269734756:00326190","crsa:photonmelodies11.rio.004@1269734756","full_text_katakana_latin_scan","全文机械扫描候选；未据此自动固定中文"
"トラップゾーン","","candidate","片假名/拉丁字母扫描候选","2","2","0","0","","pm:static:photonmelodies11.rio.004:1560893912:00150689","crsa:photonmelodies11.rio.004@1560893912","full_text_katakana_latin_scan","全文机械扫描候选；未据此自动固定中文"
"トランスフォーム","","candidate","片假名/拉丁字母扫描候选","2","2","0","0","","pm:static:photonmelodies11.rio.004:1676972672:00130657","crsa:photonmelodies11.rio.004@1676972672","full_text_katakana_latin_scan","全文机械扫描候选；未据此自动固定中文"
"トンボ","","candidate","片假名/拉丁字母扫描候选","2","2","0","0","","pm:static:photonmelodies11.rio.004:1015106108:00121679","crsa:photonmelodies11.rio.004@1015106108","full_text_katakana_latin_scan","全文机械扫描候选；未据此自动固定中文"
"ドアッ","","candidate","片假名/拉丁字母扫描候选","2","2","0","0","","pm:static:photonmelodies11.rio.004:1269734756:00398068","crsa:photonmelodies11.rio.004@1269734756","full_text_katakana_latin_scan","全文机械扫描候选；未据此自动固定中文"
"ドドーン","","candidate","片假名/拉丁字母扫描候选","2","2","0","0","","pm:static:photonmelodies11.rio.004:0655753292:00243338","crsa:photonmelodies11.rio.004@655753292","full_text_katakana_latin_scan","全文机械扫描候选；未据此自动固定中文"
"ナイス","","candidate","片假名/拉丁字母扫描候选","2","2","0","0","","pm:static:photonmelodies11.rio.003:1668688832:00316177","crsa:photonmelodies11.rio.003@1668688832","full_text_katakana_latin_scan","全文机械扫描候选；未据此自动固定中文"
"ナイスタイミング","","candidate","片假名/拉丁字母扫描候选","2","2","0","0","","pm:static:photonmelodies11.rio.004:0426952928:00597753","crsa:photonmelodies11.rio.004@426952928","full_text_katakana_latin_scan","全文机械扫描候选；未据此自动固定中文"
"ナチュラルハイ","","candidate","片假名/拉丁字母扫描候选","2","2","0","0","","pm:static:photonmelodies11.rio.004:1269734756:00431598","crsa:photonmelodies11.rio.004@1269734756","full_text_katakana_latin_scan","全文机械扫描候选；未据此自动固定中文"
"ナニ","","candidate","片假名/拉丁字母扫描候选","2","2","0","0","","pm:static:photonmelodies11.rio.004:0933776684:00500189","crsa:photonmelodies11.rio.004@933776684","full_text_katakana_latin_scan","全文机械扫描候选；未据此自动固定中文"
"ニワトリ","","candidate","片假名/拉丁字母扫描候选","2","2","0","0","","pm:static:photonmelodies11.rio.004:0426952928:00306293","crsa:photonmelodies11.rio.004@426952928","full_text_katakana_latin_scan","全文机械扫描候选；未据此自动固定中文"
"ニンジン","","candidate","片假名/拉丁字母扫描候选","2","2","0","0","","pm:static:photonmelodies11.rio.004:1235087732:00526028","crsa:photonmelodies11.rio.004@1235087732","full_text_katakana_latin_scan","全文机械扫描候选；未据此自动固定中文"
"ネガティヴ","","candidate","片假名/拉丁字母扫描候选","2","2","0","0","","pm:static:photonmelodies11.rio.004:0499205748:00171078","crsa:photonmelodies11.rio.004@499205748","full_text_katakana_latin_scan","全文机械扫描候选；未据此自动固定中文"
"ネコ","","candidate","片假名/拉丁字母扫描候选","2","2","0","0","","pm:static:photonmelodies11.rio.003:1933169644:00140060","crsa:photonmelodies11.rio.003@1933169644","full_text_katakana_latin_scan","全文机械扫描候选；未据此自动固定中文"
"ネットワーク","","candidate","片假名/拉丁字母扫描候选","2","2","0","0","","pm:static:photonmelodies11.rio.003:1487490840:00158998","crsa:photonmelodies11.rio.003@1487490840","full_text_katakana_latin_scan","全文机械扫描候选；未据此自动固定中文"
"ネンネ","","candidate","片假名/拉丁字母扫描候选","2","2","0","0","","pm:static:photonmelodies11.rio.004:1676972672:00116013","crsa:photonmelodies11.rio.004@1676972672","full_text_katakana_latin_scan","全文机械扫描候选；未据此自动固定中文"
"ノッカ","","candidate","片假名/拉丁字母扫描候选","2","2","0","0","","pm:static:photonmelodies11.rio.004:0812258960:00435244","crsa:photonmelodies11.rio.004@812258960","full_text_katakana_latin_scan","全文机械扫描候选；未据此自动固定中文"
"ハイキング","","candidate","片假名/拉丁字母扫描候选","2","2","0","0","","pm:static:photonmelodies11.rio.004:0499205748:00110224","crsa:photonmelodies11.rio.004@499205748","full_text_katakana_latin_scan","全文机械扫描候选；未据此自动固定中文"
"ハイテク","","candidate","片假名/拉丁字母扫描候选","2","2","0","0","","pm:static:photonmelodies11.rio.004:1361070408:00238207","crsa:photonmelodies11.rio.004@1361070408","full_text_katakana_latin_scan","全文机械扫描候选；未据此自动固定中文"
"ハイブロ","","candidate","片假名/拉丁字母扫描候选","2","2","0","0","","pm:static:photonmelodies11.rio.004:0426952928:00536011","crsa:photonmelodies11.rio.004@426952928","full_text_katakana_latin_scan","全文机械扫描候选；未据此自动固定中文"
"ハイヴ","","candidate","片假名/拉丁字母扫描候选","2","2","0","0","","pm:static:photonmelodies11.rio.004:1269734756:00482018","crsa:photonmelodies11.rio.004@1269734756","full_text_katakana_latin_scan","全文机械扫描候选；未据此自动固定中文"
"ハンコ","","candidate","片假名/拉丁字母扫描候选","2","2","0","0","","pm:static:photonmelodies11.rio.004:1269734756:00237678","crsa:photonmelodies11.rio.004@1269734756","full_text_katakana_latin_scan","全文机械扫描候选；未据此自动固定中文"
"ハンタ","","candidate","片假名/拉丁字母扫描候选","2","2","0","0","","pm:static:photonmelodies11.rio.003:1808201404:00129834","crsa:photonmelodies11.rio.003@1808201404","full_text_katakana_latin_scan","全文机械扫描候选；未据此自动固定中文"
"ハンター","猎人","candidate","公共总表术语","2","2","0","0","","pm:static:photonmelodies11.rio.003:1808201404:00129834","crsa:photonmelodies11.rio.003@1808201404","main_glossary","公共总表；须以本篇最终正文核对适用语境"
"ハンバーグ","","candidate","片假名/拉丁字母扫描候选","2","2","0","0","","pm:static:photonmelodies11.rio.003:0839604068:00368688","crsa:photonmelodies11.rio.003@839604068","full_text_katakana_latin_scan","全文机械扫描候选；未据此自动固定中文"
"ハーフコート","","candidate","片假名/拉丁字母扫描候选","2","2","0","0","","pm:static:photonmelodies11.rio.004:1269734756:00359880","crsa:photonmelodies11.rio.004@1269734756","full_text_katakana_latin_scan","全文机械扫描候选；未据此自动固定中文"
"バイキング","","candidate","片假名/拉丁字母扫描候选","2","2","0","0","","pm:static:photonmelodies11.rio.004:1216455180:00035893","crsa:photonmelodies11.rio.004@1216455180","full_text_katakana_latin_scan","全文机械扫描候选；未据此自动固定中文"
"バカヤロウ","","candidate","片假名/拉丁字母扫描候选","2","2","0","0","","pm:static:photonmelodies11.rio.004:1269734756:00527338","crsa:photonmelodies11.rio.004@1269734756","full_text_katakana_latin_scan","全文机械扫描候选；未据此自动固定中文"
"バタバタ","","candidate","片假名/拉丁字母扫描候选","2","2","0","0","","pm:static:photonmelodies11.rio.004:1327482084:00216805","crsa:photonmelodies11.rio.004@1327482084","full_text_katakana_latin_scan","全文机械扫描候选；未据此自动固定中文"
"バッグ","","candidate","片假名/拉丁字母扫描候选","2","2","0","0","","pm:static:photonmelodies11.rio.004:0812258960:00187988","crsa:photonmelodies11.rio.004@812258960","full_text_katakana_latin_scan","全文机械扫描候选；未据此自动固定中文"
"バラ","","candidate","片假名/拉丁字母扫描候选","2","2","0","0","","pm:static:photonmelodies11.rio.004:1139636328:00183479","crsa:photonmelodies11.rio.004@1139636328","full_text_katakana_latin_scan","全文机械扫描候选；未据此自动固定中文"
"バリエーション","","candidate","片假名/拉丁字母扫描候选","2","2","0","0","","pm:static:photonmelodies11.rio.003:1933169644:00135760","crsa:photonmelodies11.rio.003@1933169644","full_text_katakana_latin_scan","全文机械扫描候选；未据此自动固定中文"
"バーカバーカ","","candidate","片假名/拉丁字母扫描候选","2","2","0","0","","pm:static:photonmelodies11.rio.004:0933776684:00353825","crsa:photonmelodies11.rio.004@933776684","full_text_katakana_latin_scan","全文机械扫描候选；未据此自动固定中文"
"パァ","","candidate","片假名/拉丁字母扫描候选","2","2","0","0","","pm:static:photonmelodies11.rio.004:0812258960:00264048","crsa:photonmelodies11.rio.004@812258960","full_text_katakana_latin_scan","全文机械扫描候选；未据此自动固定中文"
"パウル","","candidate","片假名/拉丁字母扫描候选","2","2","0","0","","pm:static:photonmelodies11.rio.002:1544313288:00366140","crsa:photonmelodies11.rio.002@1544313288","full_text_katakana_latin_scan","全文机械扫描候选；未据此自动固定中文"
"パック","","candidate","片假名/拉丁字母扫描候选","2","2","0","0","","pm:static:photonmelodies11.rio.004:1327482084:00236773","crsa:photonmelodies11.rio.004@1327482084","full_text_katakana_latin_scan","全文机械扫描候选；未据此自动固定中文"
"パックジュース","","candidate","片假名/拉丁字母扫描候选","2","2","0","0","","pm:static:photonmelodies11.rio.004:1169383896:00136768","crsa:photonmelodies11.rio.004@1169383896","full_text_katakana_latin_scan","全文机械扫描候选；未据此自动固定中文"
"ヒュ","","candidate","片假名/拉丁字母扫描候选","2","2","0","0","","pm:static:photonmelodies11.rio.003:1272111780:00163414","crsa:photonmelodies11.rio.003@1272111780","full_text_katakana_latin_scan","全文机械扫描候选；未据此自动固定中文"
"ビデオカメラ","","candidate","片假名/拉丁字母扫描候选","2","2","0","0","","pm:static:photonmelodies11.rio.004:0812258960:00271414","crsa:photonmelodies11.rio.004@812258960","full_text_katakana_latin_scan","全文机械扫描候选；未据此自动固定中文"
"ビリ","","candidate","片假名/拉丁字母扫描候选","2","2","0","0","","pm:static:photonmelodies11.rio.004:0812258960:00356668","crsa:photonmelodies11.rio.004@812258960","full_text_katakana_latin_scan","全文机械扫描候选；未据此自动固定中文"
"ビンディング","","candidate","片假名/拉丁字母扫描候选","2","2","0","0","","pm:static:photonmelodies11.rio.004:0426952928:00347513","crsa:photonmelodies11.rio.004@426952928","full_text_katakana_latin_scan","全文机械扫描候选；未据此自动固定中文"
"ビーチゴルフ","","candidate","片假名/拉丁字母扫描候选","2","2","0","0","","pm:static:photonmelodies11.rio.004:1269734756:00291442","crsa:photonmelodies11.rio.004@1269734756","full_text_katakana_latin_scan","全文机械扫描候选；未据此自动固定中文"
"ピュア","","candidate","片假名/拉丁字母扫描候选","2","2","0","0","","pm:static:photonmelodies11.rio.004:0860955960:00116929","crsa:photonmelodies11.rio.004@860955960","full_text_katakana_latin_scan","全文机械扫描候选；未据此自动固定中文"
"ピンク","","candidate","片假名/拉丁字母扫描候选","2","2","0","0","","pm:static:photonmelodies11.rio.004:0933776684:00236620","crsa:photonmelodies11.rio.004@933776684","full_text_katakana_latin_scan","全文机械扫描候选；未据此自动固定中文"
"ピンチ","","candidate","片假名/拉丁字母扫描候选","2","2","0","0","","pm:static:photonmelodies11.rio.004:1511431932:00202187","crsa:photonmelodies11.rio.004@1511431932","full_text_katakana_latin_scan","全文机械扫描候选；未据此自动固定中文"
"ファミリーレストラン","","candidate","片假名/拉丁字母扫描候选","2","2","0","0","","pm:static:photonmelodies11.rio.004:1410213692:00079404","crsa:photonmelodies11.rio.004@1410213692","full_text_katakana_latin_scan","全文机械扫描候选；未据此自动固定中文"
"フィット","","candidate","片假名/拉丁字母扫描候选","2","2","0","0","","pm:static:photonmelodies11.rio.003:1272111780:00147320","crsa:photonmelodies11.rio.003@1272111780","full_text_katakana_latin_scan","全文机械扫描候选；未据此自动固定中文"
"フェンス","","candidate","片假名/拉丁字母扫描候选","2","2","0","0","","pm:static:photonmelodies11.rio.004:1361070408:00506449","crsa:photonmelodies11.rio.004@1361070408","full_text_katakana_latin_scan","全文机械扫描候选；未据此自动固定中文"
"フタ","","candidate","片假名/拉丁字母扫描候选","2","2","0","0","","pm:static:photonmelodies11.rio.004:0601851372:00168271","crsa:photonmelodies11.rio.004@601851372","full_text_katakana_latin_scan","全文机械扫描候选；未据此自动固定中文"
"フライパン","","candidate","片假名/拉丁字母扫描候选","2","2","0","0","","pm:static:photonmelodies11.rio.003:0839604068:00366660","crsa:photonmelodies11.rio.003@839604068","full_text_katakana_latin_scan","全文机械扫描候选；未据此自动固定中文"
"フランクフルト","","candidate","片假名/拉丁字母扫描候选","2","2","0","0","","pm:static:photonmelodies11.rio.004:0812258960:00312042","crsa:photonmelodies11.rio.004@812258960","full_text_katakana_latin_scan","全文机械扫描候选；未据此自动固定中文"
"フレ","","candidate","片假名/拉丁字母扫描候选","2","2","0","0","","pm:static:photonmelodies11.rio.004:0426952928:00441461","crsa:photonmelodies11.rio.004@426952928","full_text_katakana_latin_scan","全文机械扫描候选；未据此自动固定中文"
"フンガ","","candidate","片假名/拉丁字母扫描候选","2","2","0","0","","pm:static:photonmelodies11.rio.003:1272111780:00176062","crsa:photonmelodies11.rio.003@1272111780","full_text_katakana_latin_scan","全文机械扫描候选；未据此自动固定中文"
"ブラ","","candidate","片假名/拉丁字母扫描候选","2","2","0","0","","pm:static:photonmelodies11.rio.004:0860955960:00241715","crsa:photonmelodies11.rio.004@860955960","full_text_katakana_latin_scan","全文机械扫描候选；未据此自动固定中文"
"ブラウン","","candidate","片假名/拉丁字母扫描候选","2","2","0","0","","pm:static:photonmelodies11.rio.004:0933776684:00236519","crsa:photonmelodies11.rio.004@933776684","full_text_katakana_latin_scan","全文机械扫描候选；未据此自动固定中文"
"ブルッ","","candidate","片假名/拉丁字母扫描候选","2","2","0","0","","pm:static:photonmelodies11.rio.004:1269734756:00399420","crsa:photonmelodies11.rio.004@1269734756","full_text_katakana_latin_scan","全文机械扫描候选；未据此自动固定中文"
"プライド","","candidate","片假名/拉丁字母扫描候选","2","2","0","0","","pm:static:photonmelodies11.rio.004:0426952928:00325897","crsa:photonmelodies11.rio.004@426952928","full_text_katakana_latin_scan","全文机械扫描候选；未据此自动固定中文"
"プラス","","candidate","片假名/拉丁字母扫描候选","2","2","0","0","","pm:static:photonmelodies11.rio.004:1457084560:00425249","crsa:photonmelodies11.rio.004@1457084560","full_text_katakana_latin_scan","全文机械扫描候选；未据此自动固定中文"
"プラスチック","","candidate","片假名/拉丁字母扫描候选","2","2","0","0","","pm:static:photonmelodies11.rio.003:2092185664:00217472","crsa:photonmelodies11.rio.003@2092185664","full_text_katakana_latin_scan","全文机械扫描候选；未据此自动固定中文"
"プリーズ","","candidate","片假名/拉丁字母扫描候选","2","2","0","0","","pm:static:photonmelodies11.rio.003:2092185664:00334132","crsa:photonmelodies11.rio.003@2092185664","full_text_katakana_latin_scan","全文机械扫描候选；未据此自动固定中文"
"プレイヤ","","candidate","片假名/拉丁字母扫描候选","2","2","0","0","","pm:static:photonmelodies11.rio.003:1668688832:00227309","crsa:photonmelodies11.rio.003@1668688832","full_text_katakana_latin_scan","全文机械扫描候选；未据此自动固定中文"
"ヘロヘロ","","candidate","片假名/拉丁字母扫描候选","2","2","0","0","","pm:static:photonmelodies11.rio.004:0933776684:00427305","crsa:photonmelodies11.rio.004@933776684","full_text_katakana_latin_scan","全文机械扫描候选；未据此自动固定中文"
"ヘンテコ","","candidate","片假名/拉丁字母扫描候选","2","2","0","0","","pm:static:photonmelodies11.rio.003:1933169644:00169398","crsa:photonmelodies11.rio.003@1933169644","full_text_katakana_latin_scan","全文机械扫描候选；未据此自动固定中文"
"ベクトル","","candidate","片假名/拉丁字母扫描候选","2","2","0","0","","pm:static:photonmelodies11.rio.004:0933776684:00533679","crsa:photonmelodies11.rio.004@933776684","full_text_katakana_latin_scan","全文机械扫描候选；未据此自动固定中文"
"ベタベタ","","candidate","片假名/拉丁字母扫描候选","2","2","0","0","","pm:static:photonmelodies11.rio.004:1361070408:00384435","crsa:photonmelodies11.rio.004@1361070408","full_text_katakana_latin_scan","全文机械扫描候选；未据此自动固定中文"
"ベビーカ","","candidate","片假名/拉丁字母扫描候选","2","2","0","0","","pm:static:photonmelodies11.rio.004:0426952928:00328985","crsa:photonmelodies11.rio.004@426952928","full_text_katakana_latin_scan","全文机械扫描候选；未据此自动固定中文"
"ペイント","","candidate","片假名/拉丁字母扫描候选","2","2","0","0","","pm:static:photonmelodies11.rio.003:1272111780:00129948","crsa:photonmelodies11.rio.003@1272111780","full_text_katakana_latin_scan","全文机械扫描候选；未据此自动固定中文"
"ペイントボール","","candidate","片假名/拉丁字母扫描候选","2","2","0","0","","pm:static:photonmelodies11.rio.003:1272111780:00129484","crsa:photonmelodies11.rio.003@1272111780","full_text_katakana_latin_scan","全文机械扫描候选；未据此自动固定中文"
"ホントッ","","candidate","片假名/拉丁字母扫描候选","2","2","0","0","","pm:static:photonmelodies11.rio.004:0874373084:00278604","crsa:photonmelodies11.rio.004@874373084","full_text_katakana_latin_scan","全文机械扫描候选；未据此自动固定中文"
"ホーム","归处","candidate","公共总表术语","2","2","0","0","","pm:static:photonmelodies11.rio.002:1544313288:00267738","crsa:photonmelodies11.rio.002@1544313288","main_glossary","公共总表；须以本篇最终正文核对适用语境"
"ボカーン","","candidate","片假名/拉丁字母扫描候选","2","2","0","0","","pm:static:photonmelodies11.rio.004:0601851372:00235719","crsa:photonmelodies11.rio.004@601851372","full_text_katakana_latin_scan","全文机械扫描候选；未据此自动固定中文"
"ボタ","","candidate","片假名/拉丁字母扫描候选","2","2","0","0","","pm:static:photonmelodies11.rio.004:1560893912:00195017","crsa:photonmelodies11.rio.004@1560893912","full_text_katakana_latin_scan","全文机械扫描候选；未据此自动固定中文"
"ボンクラ","","candidate","片假名/拉丁字母扫描候选","2","2","0","0","","pm:static:photonmelodies11.rio.004:0499205748:00087606","crsa:photonmelodies11.rio.004@499205748","full_text_katakana_latin_scan","全文机械扫描候选；未据此自动固定中文"
"ポイントゲット","","candidate","片假名/拉丁字母扫描候选","2","2","0","0","","pm:static:photonmelodies11.rio.004:1511431932:00281145","crsa:photonmelodies11.rio.004@1511431932","full_text_katakana_latin_scan","全文机械扫描候选；未据此自动固定中文"
"ポジティブ","","candidate","片假名/拉丁字母扫描候选","2","2","0","0","","pm:static:photonmelodies11.rio.002:1544313288:00251078","crsa:photonmelodies11.rio.002@1544313288","full_text_katakana_latin_scan","全文机械扫描候选；未据此自动固定中文"
"ポピュラ","","candidate","片假名/拉丁字母扫描候选","2","2","0","0","","pm:static:photonmelodies11.rio.004:0426952928:00545417","crsa:photonmelodies11.rio.004@426952928","full_text_katakana_latin_scan","全文机械扫描候选；未据此自动固定中文"
"マイク","","candidate","片假名/拉丁字母扫描候选","2","2","0","0","","pm:static:photonmelodies11.rio.003:1487490840:00123466","crsa:photonmelodies11.rio.003@1487490840","full_text_katakana_latin_scan","全文机械扫描候选；未据此自动固定中文"
"マイナスイオン","","candidate","片假名/拉丁字母扫描候选","2","2","0","0","","pm:static:photonmelodies11.rio.004:1457084560:00411049","crsa:photonmelodies11.rio.004@1457084560","full_text_katakana_latin_scan","全文机械扫描候选；未据此自动固定中文"
"マイペース","","candidate","片假名/拉丁字母扫描候选","2","2","0","0","","pm:static:photonmelodies11.rio.004:0812258960:00218456","crsa:photonmelodies11.rio.004@812258960","full_text_katakana_latin_scan","全文机械扫描候选；未据此自动固定中文"
"マウス","","candidate","片假名/拉丁字母扫描候选","2","2","0","0","","pm:static:photonmelodies11.rio.004:0812258960:00364396","crsa:photonmelodies11.rio.004@812258960","full_text_katakana_latin_scan","全文机械扫描候选；未据此自动固定中文"
"マスク","","candidate","片假名/拉丁字母扫描候选","2","2","0","0","","pm:static:photonmelodies11.rio.004:1361070408:00249845","crsa:photonmelodies11.rio.004@1361070408","full_text_katakana_latin_scan","全文机械扫描候选；未据此自动固定中文"
"マスコミ","","candidate","片假名/拉丁字母扫描候选","2","2","0","0","","pm:static:photonmelodies11.rio.003:2092185664:00176322","crsa:photonmelodies11.rio.003@2092185664","full_text_katakana_latin_scan","全文机械扫描候选；未据此自动固定中文"
"マニ","","candidate","片假名/拉丁字母扫描候选","2","2","0","0","","pm:static:photonmelodies11.rio.004:1068948144:00043842","crsa:photonmelodies11.rio.004@1068948144","full_text_katakana_latin_scan","全文机械扫描候选；未据此自动固定中文"
"マニア","","candidate","片假名/拉丁字母扫描候选","2","2","0","0","","pm:static:photonmelodies11.rio.004:1235087732:00393326","crsa:photonmelodies11.rio.004@1235087732","full_text_katakana_latin_scan","全文机械扫描候选；未据此自动固定中文"
"ママチャリ","","candidate","片假名/拉丁字母扫描候选","2","2","0","0","","pm:static:photonmelodies11.rio.004:0426952928:00328473","crsa:photonmelodies11.rio.004@426952928","full_text_katakana_latin_scan","全文机械扫描候选；未据此自动固定中文"
"マム","","candidate","片假名/拉丁字母扫描候选","2","2","0","0","","pm:static:photonmelodies11.rio.004:0131862200:00171538","crsa:photonmelodies11.rio.004@131862200","full_text_katakana_latin_scan","全文机械扫描候选；未据此自动固定中文"
"マリンスポーツ","","candidate","片假名/拉丁字母扫描候选","2","2","0","0","","pm:static:photonmelodies11.rio.004:0812258960:00449572","crsa:photonmelodies11.rio.004@812258960","full_text_katakana_latin_scan","全文机械扫描候选；未据此自动固定中文"
"マリーナ","","candidate","片假名/拉丁字母扫描候选","2","2","0","0","","pm:static:photonmelodies11.rio.004:0812258960:00449754","crsa:photonmelodies11.rio.004@812258960","full_text_katakana_latin_scan","全文机械扫描候选；未据此自动固定中文"
"ミス","","candidate","片假名/拉丁字母扫描候选","2","2","0","0","","pm:static:photonmelodies11.rio.003:1668688832:00211819","crsa:photonmelodies11.rio.003@1668688832","full_text_katakana_latin_scan","全文机械扫描候选；未据此自动固定中文"
"ミッションコンプリート","","candidate","片假名/拉丁字母扫描候选","2","2","0","0","","pm:static:photonmelodies11.rio.003:1933169644:00155458","crsa:photonmelodies11.rio.003@1933169644","full_text_katakana_latin_scan","全文机械扫描候选；未据此自动固定中文"
"ミテミテミテミテ","","candidate","片假名/拉丁字母扫描候选","2","2","0","0","","pm:static:photonmelodies11.rio.004:1068948144:00038906","crsa:photonmelodies11.rio.004@1068948144","full_text_katakana_latin_scan","全文机械扫描候选；未据此自动固定中文"
"ムズ","","candidate","片假名/拉丁字母扫描候选","2","2","0","0","","pm:static:photonmelodies11.rio.004:1361070408:00389967","crsa:photonmelodies11.rio.004@1361070408","full_text_katakana_latin_scan","全文机械扫描候选；未据此自动固定中文"
"ムッカ","","candidate","片假名/拉丁字母扫描候选","2","2","0","0","","pm:static:photonmelodies11.rio.004:0933776684:00353487","crsa:photonmelodies11.rio.004@933776684","full_text_katakana_latin_scan","全文机械扫描候选；未据此自动固定中文"
"ムリ","","candidate","片假名/拉丁字母扫描候选","2","2","0","0","","pm:static:photonmelodies11.rio.004:1457084560:00480325","crsa:photonmelodies11.rio.004@1457084560","full_text_katakana_latin_scan","全文机械扫描候选；未据此自动固定中文"
"ムリムリッッ","","candidate","片假名/拉丁字母扫描候选","2","2","0","0","","pm:static:photonmelodies11.rio.004:0933776684:00352993","crsa:photonmelodies11.rio.004@933776684","full_text_katakana_latin_scan","全文机械扫描候选；未据此自动固定中文"
"メリ","","candidate","片假名/拉丁字母扫描候选","2","2","0","0","","pm:static:photonmelodies11.rio.004:0695803188:00159629","crsa:photonmelodies11.rio.004@695803188","full_text_katakana_latin_scan","全文机械扫描候选；未据此自动固定中文"
"メーカ","","candidate","片假名/拉丁字母扫描候选","2","2","0","0","","pm:static:photonmelodies11.rio.003:2092185664:00217096","crsa:photonmelodies11.rio.003@2092185664","full_text_katakana_latin_scan","全文机械扫描候选；未据此自动固定中文"
"モシャモシャ","","candidate","片假名/拉丁字母扫描候选","2","2","0","0","","pm:static:photonmelodies11.rio.003:2092185664:00257638","crsa:photonmelodies11.rio.003@2092185664","full_text_katakana_latin_scan","全文机械扫描候选；未据此自动固定中文"
"モストポピュラ","","candidate","片假名/拉丁字母扫描候选","2","2","0","0","","pm:static:photonmelodies11.rio.004:0979390512:00036606","crsa:photonmelodies11.rio.004@979390512","full_text_katakana_latin_scan","全文机械扫描候选；未据此自动固定中文"
"モット","","candidate","片假名/拉丁字母扫描候选","2","2","0","0","","pm:static:photonmelodies11.rio.004:1269734756:00256964","crsa:photonmelodies11.rio.004@1269734756","full_text_katakana_latin_scan","全文机械扫描候选；未据此自动固定中文"
"モットー","座右铭","candidate","公共总表术语","2","2","0","0","","pm:static:photonmelodies11.rio.004:1269734756:00256964","crsa:photonmelodies11.rio.004@1269734756","main_glossary","公共总表；须以本篇最终正文核对适用语境"
"モテ","","candidate","片假名/拉丁字母扫描候选","2","2","0","0","","pm:static:photonmelodies11.rio.004:0812258960:00446876","crsa:photonmelodies11.rio.004@812258960","full_text_katakana_latin_scan","全文机械扫描候选；未据此自动固定中文"
"モデル","","candidate","片假名/拉丁字母扫描候选","2","2","0","0","","pm:static:photonmelodies11.rio.003:2092185664:00212096","crsa:photonmelodies11.rio.003@2092185664","full_text_katakana_latin_scan","全文机械扫描候选；未据此自动固定中文"
"ヤキモチ","","candidate","片假名/拉丁字母扫描候选","2","2","0","0","","pm:static:photonmelodies11.rio.004:1676972672:00201883","crsa:photonmelodies11.rio.004@1676972672","full_text_katakana_latin_scan","全文机械扫描候选；未据此自动固定中文"
"ヤケ","","candidate","片假名/拉丁字母扫描候选","2","2","0","0","","pm:static:photonmelodies11.rio.003:1808201404:00140994","crsa:photonmelodies11.rio.003@1808201404","full_text_katakana_latin_scan","全文机械扫描候选；未据此自动固定中文"
"ヤベ","","candidate","片假名/拉丁字母扫描候选","2","2","0","0","","pm:static:photonmelodies11.rio.004:0258770628:00227436","crsa:photonmelodies11.rio.004@258770628","full_text_katakana_latin_scan","全文机械扫描候选；未据此自动固定中文"
"ヤベッ","","candidate","片假名/拉丁字母扫描候选","2","2","0","0","","pm:static:photonmelodies11.rio.003:2092185664:00238492","crsa:photonmelodies11.rio.003@2092185664","full_text_katakana_latin_scan","全文机械扫描候选；未据此自动固定中文"
"ヤリマショウ","","candidate","片假名/拉丁字母扫描候选","2","2","0","0","","pm:static:photonmelodies11.rio.004:1169383896:00210616","crsa:photonmelodies11.rio.004@1169383896","full_text_katakana_latin_scan","全文机械扫描候选；未据此自动固定中文"
"ユーザ","","candidate","片假名/拉丁字母扫描候选","2","2","0","0","","pm:static:photonmelodies11.rio.004:1235087732:00568506","crsa:photonmelodies11.rio.004@1235087732","full_text_katakana_latin_scan","全文机械扫描候选；未据此自动固定中文"
"ライフル","","candidate","片假名/拉丁字母扫描候选","2","2","0","0","","pm:static:photonmelodies11.rio.003:0839604068:00314520","crsa:photonmelodies11.rio.003@839604068","full_text_katakana_latin_scan","全文机械扫描候选；未据此自动固定中文"
"ラグドール","","candidate","片假名/拉丁字母扫描候选","2","2","0","0","","pm:static:photonmelodies11.rio.004:1361070408:00229991","crsa:photonmelodies11.rio.004@1361070408","full_text_katakana_latin_scan","全文机械扫描候选；未据此自动固定中文"
"リアリティ","","candidate","片假名/拉丁字母扫描候选","2","2","0","0","","pm:static:photonmelodies11.rio.004:1457084560:00237333","crsa:photonmelodies11.rio.004@1457084560","full_text_katakana_latin_scan","全文机械扫描候选；未据此自动固定中文"
"リアルタイム","","candidate","片假名/拉丁字母扫描候选","2","2","0","0","","pm:static:photonmelodies11.rio.003:1668688832:00227709","crsa:photonmelodies11.rio.003@1668688832","full_text_katakana_latin_scan","全文机械扫描候选；未据此自动固定中文"
"リクエスト","","candidate","片假名/拉丁字母扫描候选","2","2","0","0","","pm:static:photonmelodies11.rio.004:1235087732:00304810","crsa:photonmelodies11.rio.004@1235087732","full_text_katakana_latin_scan","全文机械扫描候选；未据此自动固定中文"
"リボン","","candidate","片假名/拉丁字母扫描候选","2","2","0","0","","pm:static:photonmelodies11.rio.004:0131862200:00316314","crsa:photonmelodies11.rio.004@131862200","full_text_katakana_latin_scan","全文机械扫描候选；未据此自动固定中文"
"リング","","candidate","片假名/拉丁字母扫描候选","2","2","0","0","","pm:static:photonmelodies11.rio.003:2092185664:00228492","crsa:photonmelodies11.rio.003@2092185664","full_text_katakana_latin_scan","全文机械扫描候选；未据此自动固定中文"
"ルーズ","","candidate","片假名/拉丁字母扫描候选","2","2","0","0","","pm:static:photonmelodies11.rio.004:0812258960:00336694","crsa:photonmelodies11.rio.004@812258960","full_text_katakana_latin_scan","全文机械扫描候选；未据此自动固定中文"
"ループ","","candidate","片假名/拉丁字母扫描候选","2","2","0","0","","pm:static:photonmelodies11.rio.004:1235087732:00320942","crsa:photonmelodies11.rio.004@1235087732","full_text_katakana_latin_scan","全文机械扫描候选；未据此自动固定中文"
"レギュレーション","","candidate","片假名/拉丁字母扫描候选","2","2","0","0","","pm:static:photonmelodies11.rio.003:0839604068:00229284","crsa:photonmelodies11.rio.003@839604068","full_text_katakana_latin_scan","全文机械扫描候选；未据此自动固定中文"
"レクリエーション","","candidate","片假名/拉丁字母扫描候选","2","2","0","0","","pm:static:photonmelodies11.rio.004:0812258960:00351640","crsa:photonmelodies11.rio.004@812258960","full_text_katakana_latin_scan","全文机械扫描候选；未据此自动固定中文"
"レトロゲ","","candidate","片假名/拉丁字母扫描候选","2","2","0","0","","pm:static:photonmelodies11.rio.004:0131862200:00290754","crsa:photonmelodies11.rio.004@131862200","full_text_katakana_latin_scan","全文机械扫描候选；未据此自动固定中文"
"ロスアラモス","","candidate","片假名/拉丁字母扫描候选","2","2","0","0","","pm:static:photonmelodies11.rio.004:1617564412:00065734","crsa:photonmelodies11.rio.004@1617564412","full_text_katakana_latin_scan","全文机械扫描候选；未据此自动固定中文"
"ロリィ","","candidate","片假名/拉丁字母扫描候选","2","2","0","0","","pm:static:photonmelodies11.rio.004:1068948144:00043122","crsa:photonmelodies11.rio.004@1068948144","full_text_katakana_latin_scan","全文机械扫描候选；未据此自动固定中文"
"ロリコ","","candidate","片假名/拉丁字母扫描候选","2","2","0","0","","pm:static:photonmelodies11.rio.004:1068948144:00039954","crsa:photonmelodies11.rio.004@1068948144","full_text_katakana_latin_scan","全文机械扫描候选；未据此自动固定中文"
"ワイドショ","","candidate","片假名/拉丁字母扫描候选","2","2","0","0","","pm:static:photonmelodies11.rio.004:1269734756:00257482","crsa:photonmelodies11.rio.004@1269734756","full_text_katakana_latin_scan","全文机械扫描候选；未据此自动固定中文"
"ワイワイ","","candidate","片假名/拉丁字母扫描候选","2","2","0","0","","pm:static:photonmelodies11.rio.004:0812258960:00321126","crsa:photonmelodies11.rio.004@812258960","full_text_katakana_latin_scan","全文机械扫描候选；未据此自动固定中文"
"ワスカラン","","candidate","片假名/拉丁字母扫描候选","2","2","0","0","","pm:static:photonmelodies11.rio.004:1235087732:00565408","crsa:photonmelodies11.rio.004@1235087732","full_text_katakana_latin_scan","全文机械扫描候选；未据此自动固定中文"
"ワビサビ","","candidate","片假名/拉丁字母扫描候选","2","2","0","0","","pm:static:photonmelodies11.rio.004:0131862200:00239770","crsa:photonmelodies11.rio.004@131862200","full_text_katakana_latin_scan","全文机械扫描候选；未据此自动固定中文"
"ントコ","","candidate","片假名/拉丁字母扫描候选","2","2","0","0","","pm:static:photonmelodies11.rio.004:1269734756:00433908","crsa:photonmelodies11.rio.004@1269734756","full_text_katakana_latin_scan","全文机械扫描候选；未据此自动固定中文"
"ＡＣ","","candidate","片假名/拉丁字母扫描候选","2","2","0","0","","pm:static:photonmelodies11.rio.003:2092185664:00322084","crsa:photonmelodies11.rio.003@2092185664","full_text_katakana_latin_scan","全文机械扫描候选；未据此自动固定中文"
"ＣＩＡ","","candidate","片假名/拉丁字母扫描候选","2","2","0","0","","pm:static:photonmelodies11.rio.004:1511431932:00232363","crsa:photonmelodies11.rio.004@1511431932","full_text_katakana_latin_scan","全文机械扫描候选；未据此自动固定中文"
"ＤＩＡ","","candidate","片假名/拉丁字母扫描候选","2","2","0","0","","pm:static:photonmelodies11.rio.004:0258770628:00285368","crsa:photonmelodies11.rio.004@258770628","full_text_katakana_latin_scan","全文机械扫描候选；未据此自动固定中文"
"ＧＲ","","candidate","片假名/拉丁字母扫描候选","2","2","0","0","","pm:static:photonmelodies11.rio.004:0131862200:00293692","crsa:photonmelodies11.rio.004@131862200","full_text_katakana_latin_scan","全文机械扫描候选；未据此自动固定中文"
"ＩＨ","","candidate","片假名/拉丁字母扫描候选","2","2","0","0","","pm:static:photonmelodies11.rio.004:1617564412:00106546","crsa:photonmelodies11.rio.004@1617564412","full_text_katakana_latin_scan","全文机械扫描候选；未据此自动固定中文"
"ＳＦ","","candidate","片假名/拉丁字母扫描候选","2","2","0","0","","pm:static:photonmelodies11.rio.004:0131862200:00305210","crsa:photonmelodies11.rio.004@131862200","full_text_katakana_latin_scan","全文机械扫描候选；未据此自动固定中文"
"ＴＱ","","candidate","片假名/拉丁字母扫描候选","2","2","0","0","","pm:static:photonmelodies11.rio.003:1933169644:00147128","crsa:photonmelodies11.rio.003@1933169644","full_text_katakana_latin_scan","全文机械扫描候选；未据此自动固定中文"
"ＶＩＰ","","candidate","片假名/拉丁字母扫描候选","2","2","0","0","","pm:static:photonmelodies11.rio.002:1544313288:00232866","crsa:photonmelodies11.rio.002@1544313288","full_text_katakana_latin_scan","全文机械扫描候选；未据此自动固定中文"
"ＺＥＲＯ","","candidate","片假名/拉丁字母扫描候选","2","2","0","0","","pm:static:photonmelodies11.rio.004:1361070408:00421835","crsa:photonmelodies11.rio.004@1361070408","full_text_katakana_latin_scan","全文机械扫描候选；未据此自动固定中文"
"ｃｍ","","candidate","片假名/拉丁字母扫描候选","2","2","0","0","","pm:static:photonmelodies11.rio.003:1487490840:00096394","crsa:photonmelodies11.rio.003@1487490840","full_text_katakana_latin_scan","全文机械扫描候选；未据此自动固定中文"
"ァァァァァ","","candidate","片假名/拉丁字母扫描候选","1","1","0","0","","pm:static:photonmelodies11.rio.004:0499205748:00197410","crsa:photonmelodies11.rio.004@499205748","full_text_katakana_latin_scan","全文机械扫描候选；未据此自动固定中文"
"ァァァァァァ","","candidate","片假名/拉丁字母扫描候选","1","1","0","0","","pm:static:photonmelodies11.rio.004:0499205748:00103106","crsa:photonmelodies11.rio.004@499205748","full_text_katakana_latin_scan","全文机械扫描候选；未据此自动固定中文"
"ァァァーッッ","","candidate","片假名/拉丁字母扫描候选","1","1","0","0","","pm:static:photonmelodies11.rio.004:0601851372:00100895","crsa:photonmelodies11.rio.004@601851372","full_text_katakana_latin_scan","全文机械扫描候选；未据此自动固定中文"
"ァアア","","candidate","片假名/拉丁字母扫描候选","1","1","0","0","","pm:static:photonmelodies11.rio.004:1457084560:00449727","crsa:photonmelodies11.rio.004@1457084560","full_text_katakana_latin_scan","全文机械扫描候选；未据此自动固定中文"
"アア","","candidate","片假名/拉丁字母扫描候选","1","1","0","0","","pm:static:photonmelodies11.rio.004:1511431932:00311651","crsa:photonmelodies11.rio.004@1511431932","full_text_katakana_latin_scan","全文机械扫描候选；未据此自动固定中文"
"アアアアァァァァッ","","candidate","片假名/拉丁字母扫描候选","1","1","0","0","","pm:static:photonmelodies11.rio.004:1269734756:00472192","crsa:photonmelodies11.rio.004@1269734756","full_text_katakana_latin_scan","全文机械扫描候选；未据此自动固定中文"
"アイスキャンデ","","candidate","片假名/拉丁字母扫描候选","1","1","0","0","","pm:static:photonmelodies11.rio.004:0812258960:00322878","crsa:photonmelodies11.rio.004@812258960","full_text_katakana_latin_scan","全文机械扫描候选；未据此自动固定中文"
"アイスクリーム","","candidate","片假名/拉丁字母扫描候选","1","1","0","0","","pm:static:photonmelodies11.rio.004:1457084560:00291927","crsa:photonmelodies11.rio.004@1457084560","full_text_katakana_latin_scan","全文机械扫描候选；未据此自动固定中文"
"アイマスク","","candidate","片假名/拉丁字母扫描候选","1","1","0","0","","pm:static:photonmelodies11.rio.004:1361070408:00239557","crsa:photonmelodies11.rio.004@1361070408","full_text_katakana_latin_scan","全文机械扫描候选；未据此自动固定中文"
"アキマヘンナ","","candidate","片假名/拉丁字母扫描候选","1","1","0","0","","pm:static:photonmelodies11.rio.004:0426952928:00595627","crsa:photonmelodies11.rio.004@426952928","full_text_katakana_latin_scan","全文机械扫描候选；未据此自动固定中文"
"アゴ","","candidate","片假名/拉丁字母扫描候选","1","1","0","0","","pm:static:photonmelodies11.rio.002:1544313288:00264676","crsa:photonmelodies11.rio.002@1544313288","full_text_katakana_latin_scan","全文机械扫描候选；未据此自动固定中文"
"アスリート","","candidate","片假名/拉丁字母扫描候选","1","1","0","0","","pm:static:photonmelodies11.rio.004:0426952928:00363675","crsa:photonmelodies11.rio.004@426952928","full_text_katakana_latin_scan","全文机械扫描候选；未据此自动固定中文"
"アスリートトレーニング","","candidate","片假名/拉丁字母扫描候选","1","1","0","0","","pm:static:photonmelodies11.rio.004:0426952928:00362467","crsa:photonmelodies11.rio.004@426952928","full_text_katakana_latin_scan","全文机械扫描候选；未据此自动固定中文"
"アタック","","candidate","片假名/拉丁字母扫描候选","1","1","0","0","","pm:static:photonmelodies11.rio.003:0839604068:00196624","crsa:photonmelodies11.rio.003@839604068","full_text_katakana_latin_scan","全文机械扫描候选；未据此自动固定中文"
"アップ","","candidate","片假名/拉丁字母扫描候选","1","1","0","0","","pm:static:photonmelodies11.rio.004:0695803188:00148185","crsa:photonmelodies11.rio.004@695803188","full_text_katakana_latin_scan","全文机械扫描候选；未据此自动固定中文"
"アニマル","","candidate","片假名/拉丁字母扫描候选","1","1","0","0","","pm:static:photonmelodies11.rio.003:1933169644:00140060","crsa:photonmelodies11.rio.003@1933169644","full_text_katakana_latin_scan","全文机械扫描候选；未据此自动固定中文"
"アニメーション","","candidate","片假名/拉丁字母扫描候选","1","1","0","0","","pm:static:photonmelodies11.rio.004:1361070408:00326157","crsa:photonmelodies11.rio.004@1361070408","full_text_katakana_latin_scan","全文机械扫描候选；未据此自动固定中文"
"アバウト","","candidate","片假名/拉丁字母扫描候选","1","1","0","0","","pm:static:photonmelodies11.rio.004:1199844672:00170450","crsa:photonmelodies11.rio.004@1199844672","full_text_katakana_latin_scan","全文机械扫描候选；未据此自动固定中文"
"アバズレ","","candidate","片假名/拉丁字母扫描候选","1","1","0","0","","pm:static:photonmelodies11.rio.004:0258770628:00143778","crsa:photonmelodies11.rio.004@258770628","full_text_katakana_latin_scan","全文机械扫描候选；未据此自动固定中文"
"アバンチュール","","candidate","片假名/拉丁字母扫描候选","1","1","0","0","","pm:static:photonmelodies11.rio.004:0812258960:00251062","crsa:photonmelodies11.rio.004@812258960","full_text_katakana_latin_scan","全文机械扫描候选；未据此自动固定中文"
"アフターバーナ","","candidate","片假名/拉丁字母扫描候选","1","1","0","0","","pm:static:photonmelodies11.rio.004:0695803188:00182751","crsa:photonmelodies11.rio.004@695803188","full_text_katakana_latin_scan","全文机械扫描候选；未据此自动固定中文"
"アフリカ","","candidate","片假名/拉丁字母扫描候选","1","1","0","0","","pm:static:photonmelodies11.rio.003:1272111780:00229106","crsa:photonmelodies11.rio.003@1272111780","full_text_katakana_latin_scan","全文机械扫描候选；未据此自动固定中文"
"アフロ","","candidate","片假名/拉丁字母扫描候选","1","1","0","0","","pm:static:photonmelodies11.rio.002:1544313288:00241326","crsa:photonmelodies11.rio.002@1544313288","full_text_katakana_latin_scan","全文机械扫描候选；未据此自动固定中文"
"アホウ","","candidate","片假名/拉丁字母扫描候选","1","1","0","0","","pm:static:photonmelodies11.rio.004:1361070408:00259093","crsa:photonmelodies11.rio.004@1361070408","full_text_katakana_latin_scan","全文机械扫描候选；未据此自动固定中文"
"アマゾン","","candidate","片假名/拉丁字母扫描候选","1","1","0","0","","pm:static:photonmelodies11.rio.003:1668688832:00185989","crsa:photonmelodies11.rio.003@1668688832","full_text_katakana_latin_scan","全文机械扫描候选；未据此自动固定中文"
"アミューズメント","","candidate","片假名/拉丁字母扫描候选","1","1","0","0","","pm:static:photonmelodies11.rio.004:1235087732:00570982","crsa:photonmelodies11.rio.004@1235087732","full_text_katakana_latin_scan","全文机械扫描候选；未据此自动固定中文"
"アヤミネ","","candidate","片假名/拉丁字母扫描候选","1","1","0","0","","pm:static:photonmelodies11.rio.004:1361070408:00472607","crsa:photonmelodies11.rio.004@1361070408","full_text_katakana_latin_scan","全文机械扫描候选；未据此自动固定中文"
"アリアリ","","candidate","片假名/拉丁字母扫描候选","1","1","0","0","","pm:static:photonmelodies11.rio.003:0839604068:00203438","crsa:photonmelodies11.rio.003@839604068","full_text_katakana_latin_scan","全文机械扫描候选；未据此自动固定中文"
"アリガトゴザイマス","","candidate","片假名/拉丁字母扫描候选","1","1","0","0","","pm:static:photonmelodies11.rio.004:1560893912:00200383","crsa:photonmelodies11.rio.004@1560893912","full_text_katakana_latin_scan","全文机械扫描候选；未据此自动固定中文"
"アリマセン","","candidate","片假名/拉丁字母扫描候选","1","1","0","0","","pm:static:photonmelodies11.rio.004:1457084560:00272833","crsa:photonmelodies11.rio.004@1457084560","full_text_katakana_latin_scan","全文机械扫描候选；未据此自动固定中文"
"アリーナ","","candidate","片假名/拉丁字母扫描候选","1","1","0","0","","pm:static:photonmelodies11.rio.003:1272111780:00217734","crsa:photonmelodies11.rio.003@1272111780","full_text_katakana_latin_scan","全文机械扫描候选；未据此自动固定中文"
"アル","","candidate","片假名/拉丁字母扫描候选","1","1","0","0","","pm:static:photonmelodies11.rio.004:0258770628:00166286","crsa:photonmelodies11.rio.004@258770628","full_text_katakana_latin_scan","全文机械扫描候选；未据此自动固定中文"
"アルコール","","candidate","片假名/拉丁字母扫描候选","1","1","0","0","","pm:static:photonmelodies11.rio.004:0258770628:00149270","crsa:photonmelodies11.rio.004@258770628","full_text_katakana_latin_scan","全文机械扫描候选；未据此自动固定中文"
"アルヨ","","candidate","片假名/拉丁字母扫描候选","1","1","0","0","","pm:static:photonmelodies11.rio.004:1015106108:00320667","crsa:photonmelodies11.rio.004@1015106108","full_text_katakana_latin_scan","全文机械扫描候选；未据此自动固定中文"
"アワアワ","","candidate","片假名/拉丁字母扫描候选","1","1","0","0","","pm:static:photonmelodies11.rio.004:0874373084:00228642","crsa:photonmelodies11.rio.004@874373084","full_text_katakana_latin_scan","全文机械扫描候选；未据此自动固定中文"
"アンブッシュ","","candidate","片假名/拉丁字母扫描候选","1","1","0","0","","pm:static:photonmelodies11.rio.003:1668688832:00195011","crsa:photonmelodies11.rio.003@1668688832","full_text_katakana_latin_scan","全文机械扫描候选；未据此自动固定中文"
"アーム","","candidate","片假名/拉丁字母扫描候选","1","1","0","0","","pm:static:photonmelodies11.rio.003:1487490840:00124966","crsa:photonmelodies11.rio.003@1487490840","full_text_katakana_latin_scan","全文机械扫描候选；未据此自动固定中文"
"ィィィ","","candidate","片假名/拉丁字母扫描候选","1","1","0","0","","pm:static:photonmelodies11.rio.004:0655753292:00128510","crsa:photonmelodies11.rio.004@655753292","full_text_katakana_latin_scan","全文机械扫描候选；未据此自动固定中文"
"ィィィィ","","candidate","片假名/拉丁字母扫描候选","1","1","0","0","","pm:static:photonmelodies11.rio.004:1235087732:00581784","crsa:photonmelodies11.rio.004@1235087732","full_text_katakana_latin_scan","全文机械扫描候选；未据此自动固定中文"
"ィィィッ","","candidate","片假名/拉丁字母扫描候选","1","1","0","0","","pm:static:photonmelodies11.rio.004:0499205748:00104232","crsa:photonmelodies11.rio.004@499205748","full_text_katakana_latin_scan","全文机械扫描候选；未据此自动固定中文"
"ィッ","","candidate","片假名/拉丁字母扫描候选","1","1","0","0","","pm:static:photonmelodies11.rio.004:0933776684:00439583","crsa:photonmelodies11.rio.004@933776684","full_text_katakana_latin_scan","全文机械扫描候选；未据此自动固定中文"
"イエス","","candidate","片假名/拉丁字母扫描候选","1","1","0","0","","pm:static:photonmelodies11.rio.004:0131862200:00171538","crsa:photonmelodies11.rio.004@131862200","full_text_katakana_latin_scan","全文机械扫描候选；未据此自动固定中文"
"イエスッマム","","candidate","片假名/拉丁字母扫描候选","1","1","0","0","","pm:static:photonmelodies11.rio.004:1015106108:00231279","crsa:photonmelodies11.rio.004@1015106108","full_text_katakana_latin_scan","全文机械扫描候选；未据此自动固定中文"
"イエッス","","candidate","片假名/拉丁字母扫描候选","1","1","0","0","","pm:static:photonmelodies11.rio.004:0258770628:00181298","crsa:photonmelodies11.rio.004@258770628","full_text_katakana_latin_scan","全文机械扫描候选；未据此自动固定中文"
"イソップ","","candidate","片假名/拉丁字母扫描候选","1","1","0","0","","pm:static:photonmelodies11.rio.004:0812258960:00374844","crsa:photonmelodies11.rio.004@812258960","full_text_katakana_latin_scan","全文机械扫描候选；未据此自动固定中文"
"イタ","","candidate","片假名/拉丁字母扫描候选","1","1","0","0","","pm:static:photonmelodies11.rio.004:1361070408:00381609","crsa:photonmelodies11.rio.004@1361070408","full_text_katakana_latin_scan","全文机械扫描候选；未据此自动固定中文"
"イタズラ","","candidate","片假名/拉丁字母扫描候选","1","1","0","0","","pm:static:photonmelodies11.rio.004:1457084560:00360409","crsa:photonmelodies11.rio.004@1457084560","full_text_katakana_latin_scan","全文机械扫描候选；未据此自动固定中文"
"イチ","","candidate","片假名/拉丁字母扫描候选","1","1","0","0","","pm:static:photonmelodies11.rio.004:0426952928:00667357","crsa:photonmelodies11.rio.004@426952928","full_text_katakana_latin_scan","全文机械扫描候选；未据此自动固定中文"
"イッ","","candidate","片假名/拉丁字母扫描候选","1","1","0","0","","pm:static:photonmelodies11.rio.004:0258770628:00179074","crsa:photonmelodies11.rio.004@258770628","full_text_katakana_latin_scan","全文机械扫描候选；未据此自动固定中文"
"イッテ","","candidate","片假名/拉丁字母扫描候选","1","1","0","0","","pm:static:photonmelodies11.rio.004:0131862200:00274510","crsa:photonmelodies11.rio.004@131862200","full_text_katakana_latin_scan","全文机械扫描候选；未据此自动固定中文"
"イテ","","candidate","片假名/拉丁字母扫描候选","1","1","0","0","","pm:static:photonmelodies11.rio.003:1668688832:00281289","crsa:photonmelodies11.rio.003@1668688832","full_text_katakana_latin_scan","全文机械扫描候选；未据此自动固定中文"
"イマ","","candidate","片假名/拉丁字母扫描候选","1","1","0","0","","pm:static:photonmelodies11.rio.004:0426952928:00352241","crsa:photonmelodies11.rio.004@426952928","full_text_katakana_latin_scan","全文机械扫描候选；未据此自动固定中文"
"イマサン","","candidate","片假名/拉丁字母扫描候选","1","1","0","0","","pm:static:photonmelodies11.rio.004:0426952928:00352663","crsa:photonmelodies11.rio.004@426952928","full_text_katakana_latin_scan","全文机械扫描候选；未据此自动固定中文"
"イマジネーション","","candidate","片假名/拉丁字母扫描候选","1","1","0","0","","pm:static:photonmelodies11.rio.004:1015106108:00234591","crsa:photonmelodies11.rio.004@1015106108","full_text_katakana_latin_scan","全文机械扫描候选；未据此自动固定中文"
"イマニ","","candidate","片假名/拉丁字母扫描候选","1","1","0","0","","pm:static:photonmelodies11.rio.004:0426952928:00352663","crsa:photonmelodies11.rio.004@426952928","full_text_katakana_latin_scan","全文机械扫描候选；未据此自动固定中文"
"イミ","","candidate","片假名/拉丁字母扫描候选","1","1","0","0","","pm:static:photonmelodies11.rio.004:1560893912:00105109","crsa:photonmelodies11.rio.004@1560893912","full_text_katakana_latin_scan","全文机械扫描候选；未据此自动固定中文"
"イラネ","","candidate","片假名/拉丁字母扫描候选","1","1","0","0","","pm:static:photonmelodies11.rio.004:0408936772:00032355","crsa:photonmelodies11.rio.004@408936772","full_text_katakana_latin_scan","全文机械扫描候选；未据此自动固定中文"
"イリーナピアティフ","","candidate","片假名/拉丁字母扫描候选","1","1","0","0","","pm:static:photonmelodies11.rio.003:1668688832:00286939","crsa:photonmelodies11.rio.003@1668688832","full_text_katakana_latin_scan","全文机械扫描候选；未据此自动固定中文"
"イルマテスレフ","","candidate","片假名/拉丁字母扫描候选","1","1","0","0","","pm:static:photonmelodies11.rio.003:1668688832:00286939","crsa:photonmelodies11.rio.003@1668688832","full_text_katakana_latin_scan","全文机械扫描候选；未据此自动固定中文"
"イルマ・テスレフ","伊尔玛·特斯莱夫","candidate","公共总表术语","1","1","0","0","","pm:static:photonmelodies11.rio.003:1272111780:00125082","crsa:photonmelodies11.rio.003@1272111780","main_glossary","公共总表；须以本篇最终正文核对适用语境"
"インストラクタ","","candidate","片假名/拉丁字母扫描候选","1","1","0","0","","pm:static:photonmelodies11.rio.004:1269734756:00221482","crsa:photonmelodies11.rio.004@1269734756","full_text_katakana_latin_scan","全文机械扫描候选；未据此自动固定中文"
"インチキエントリ","","candidate","片假名/拉丁字母扫描候选","1","1","0","0","","pm:static:photonmelodies11.rio.004:0874373084:00288482","crsa:photonmelodies11.rio.004@874373084","full_text_katakana_latin_scan","全文机械扫描候选；未据此自动固定中文"
"インペリアルパークホテル","","candidate","片假名/拉丁字母扫描候选","1","1","0","0","","pm:static:photonmelodies11.rio.004:0695803188:00161271","crsa:photonmelodies11.rio.004@695803188","full_text_katakana_latin_scan","全文机械扫描候选；未据此自动固定中文"
"イーブン","","candidate","片假名/拉丁字母扫描候选","1","1","0","0","","pm:static:photonmelodies11.rio.003:1668688832:00248729","crsa:photonmelodies11.rio.003@1668688832","full_text_katakana_latin_scan","全文机械扫描候选；未据此自动固定中文"
"イーンディ","","candidate","片假名/拉丁字母扫描候选","1","1","0","0","","pm:static:photonmelodies11.rio.004:1560893912:00160499","crsa:photonmelodies11.rio.004@1560893912","full_text_katakana_latin_scan","全文机械扫描候选；未据此自动固定中文"
"ウィンウィン","","candidate","片假名/拉丁字母扫描候选","1","1","0","0","","pm:static:photonmelodies11.rio.003:1487490840:00124966","crsa:photonmelodies11.rio.003@1487490840","full_text_katakana_latin_scan","全文机械扫描候选；未据此自动固定中文"
"ウィーーーップ","","candidate","片假名/拉丁字母扫描候选","1","1","0","0","","pm:static:photonmelodies11.rio.004:1560893912:00159903","crsa:photonmelodies11.rio.004@1560893912","full_text_katakana_latin_scan","全文机械扫描候选；未据此自动固定中文"
"ウインク","","candidate","片假名/拉丁字母扫描候选","1","1","0","0","","pm:static:photonmelodies11.rio.004:1676972672:00216293","crsa:photonmelodies11.rio.004@1676972672","full_text_katakana_latin_scan","全文机械扫描候选；未据此自动固定中文"
"ウインタースポーツ","","candidate","片假名/拉丁字母扫描候选","1","1","0","0","","pm:static:photonmelodies11.rio.004:0408936772:00034989","crsa:photonmelodies11.rio.004@408936772","full_text_katakana_latin_scan","全文机械扫描候选；未据此自动固定中文"
"ウェスト","","candidate","片假名/拉丁字母扫描候选","1","1","0","0","","pm:static:photonmelodies11.rio.003:1487490840:00096394","crsa:photonmelodies11.rio.003@1487490840","full_text_katakana_latin_scan","全文机械扫描候选；未据此自动固定中文"
"ウエア","","candidate","片假名/拉丁字母扫描候选","1","1","0","0","","pm:static:photonmelodies11.rio.004:0601851372:00179663","crsa:photonmelodies11.rio.004@601851372","full_text_katakana_latin_scan","全文机械扫描候选；未据此自动固定中文"
"ウエスト","","candidate","片假名/拉丁字母扫描候选","1","1","0","0","","pm:static:photonmelodies11.rio.004:1327482084:00162355","crsa:photonmelodies11.rio.004@1327482084","full_text_katakana_latin_scan","全文机械扫描候选；未据此自动固定中文"
"ウォ","","candidate","片假名/拉丁字母扫描候选","1","1","0","0","","pm:static:photonmelodies11.rio.004:0812258960:00305036","crsa:photonmelodies11.rio.004@812258960","full_text_katakana_latin_scan","全文机械扫描候选；未据此自动固定中文"
"ウォーケンズブートキャンプ","","candidate","片假名/拉丁字母扫描候选","1","1","0","0","","pm:static:photonmelodies11.rio.003:1272111780:00223746","crsa:photonmelodies11.rio.003@1272111780","full_text_katakana_latin_scan","全文机械扫描候选；未据此自动固定中文"
"ウォーーーッホン","","candidate","片假名/拉丁字母扫描候选","1","1","0","0","","pm:static:photonmelodies11.rio.004:0695803188:00153951","crsa:photonmelodies11.rio.004@695803188","full_text_katakana_latin_scan","全文机械扫描候选；未据此自动固定中文"
"ウキウキ","","candidate","片假名/拉丁字母扫描候选","1","1","0","0","","pm:static:photonmelodies11.rio.003:0839604068:00275308","crsa:photonmelodies11.rio.003@839604068","full_text_katakana_latin_scan","全文机械扫描候选；未据此自动固定中文"
"ウケ","","candidate","片假名/拉丁字母扫描候选","1","1","0","0","","pm:static:photonmelodies11.rio.004:0933776684:00625049","crsa:photonmelodies11.rio.004@933776684","full_text_katakana_latin_scan","全文机械扫描候选；未据此自动固定中文"
"ウサミミ","","candidate","片假名/拉丁字母扫描候选","1","1","0","0","","pm:static:photonmelodies11.rio.004:0812258960:00235576","crsa:photonmelodies11.rio.004@812258960","full_text_katakana_latin_scan","全文机械扫描候选；未据此自动固定中文"
"ウズウズ","","candidate","片假名/拉丁字母扫描候选","1","1","0","0","","pm:static:photonmelodies11.rio.004:1457084560:00208535","crsa:photonmelodies11.rio.004@1457084560","full_text_katakana_latin_scan","全文机械扫描候选；未据此自动固定中文"
"ウソウソッ","","candidate","片假名/拉丁字母扫描候选","1","1","0","0","","pm:static:photonmelodies11.rio.002:1544313288:00261958","crsa:photonmelodies11.rio.002@1544313288","full_text_katakana_latin_scan","全文机械扫描候选；未据此自动固定中文"
"ウナギ","","candidate","片假名/拉丁字母扫描候选","1","1","0","0","","pm:static:photonmelodies11.rio.002:1544313288:00228392","crsa:photonmelodies11.rio.002@1544313288","full_text_katakana_latin_scan","全文机械扫描候选；未据此自动固定中文"
"ウニ","","candidate","片假名/拉丁字母扫描候选","1","1","0","0","","pm:static:photonmelodies11.rio.004:0258770628:00130072","crsa:photonmelodies11.rio.004@258770628","full_text_katakana_latin_scan","全文机械扫描候选；未据此自动固定中文"
"ウルターメン","","candidate","片假名/拉丁字母扫描候选","1","1","0","0","","pm:static:photonmelodies11.rio.004:0655753292:00218852","crsa:photonmelodies11.rio.004@655753292","full_text_katakana_latin_scan","全文机械扫描候选；未据此自动固定中文"
"ェェ","","candidate","片假名/拉丁字母扫描候选","1","1","0","0","","pm:static:photonmelodies11.rio.004:0426952928:00377419","crsa:photonmelodies11.rio.004@426952928","full_text_katakana_latin_scan","全文机械扫描候选；未据此自动固定中文"
"ェェェッ","","candidate","片假名/拉丁字母扫描候选","1","1","0","0","","pm:static:photonmelodies11.rio.003:1272111780:00138032","crsa:photonmelodies11.rio.003@1272111780","full_text_katakana_latin_scan","全文机械扫描候选；未据此自动固定中文"
"エアバッグ","","candidate","片假名/拉丁字母扫描候选","1","1","0","0","","pm:static:photonmelodies11.rio.004:0812258960:00277988","crsa:photonmelodies11.rio.004@812258960","full_text_katakana_latin_scan","全文机械扫描候选；未据此自动固定中文"
"エコロジスト","","candidate","片假名/拉丁字母扫描候选","1","1","0","0","","pm:static:photonmelodies11.rio.004:1361070408:00279793","crsa:photonmelodies11.rio.004@1361070408","full_text_katakana_latin_scan","全文机械扫描候选；未据此自动固定中文"
"エシュロン","","candidate","片假名/拉丁字母扫描候选","1","1","0","0","","pm:static:photonmelodies11.rio.004:1410213692:00103900","crsa:photonmelodies11.rio.004@1410213692","full_text_katakana_latin_scan","全文机械扫描候选；未据此自动固定中文"
"エフェクトボイス","","candidate","片假名/拉丁字母扫描候选","1","1","0","0","","pm:static:photonmelodies11.rio.004:0812258960:00264048","crsa:photonmelodies11.rio.004@812258960","full_text_katakana_latin_scan","全文机械扫描候选；未据此自动固定中文"
"エレベーターシャフト","","candidate","片假名/拉丁字母扫描候选","1","1","0","0","","pm:static:photonmelodies11.rio.004:1676972672:00177749","crsa:photonmelodies11.rio.004@1676972672","full_text_katakana_latin_scan","全文机械扫描候选；未据此自动固定中文"
"エロガキ","","candidate","片假名/拉丁字母扫描候选","1","1","0","0","","pm:static:photonmelodies11.rio.004:1015106108:00229533","crsa:photonmelodies11.rio.004@1015106108","full_text_katakana_latin_scan","全文机械扫描候选；未据此自动固定中文"
"エロビデオ","","candidate","片假名/拉丁字母扫描候选","1","1","0","0","","pm:static:photonmelodies11.rio.004:1361070408:00338273","crsa:photonmelodies11.rio.004@1361070408","full_text_katakana_latin_scan","全文机械扫描候选；未据此自动固定中文"
"エーンド","","candidate","片假名/拉丁字母扫描候选","1","1","0","0","","pm:static:photonmelodies11.rio.004:0695803188:00147851","crsa:photonmelodies11.rio.004@695803188","full_text_katakana_latin_scan","全文机械扫描候选；未据此自动固定中文"
"ォォ","","candidate","片假名/拉丁字母扫描候选","1","1","0","0","","pm:static:photonmelodies11.rio.003:1272111780:00124876","crsa:photonmelodies11.rio.003@1272111780","full_text_katakana_latin_scan","全文机械扫描候选；未据此自动固定中文"
"ォォォォ","","candidate","片假名/拉丁字母扫描候选","1","1","0","0","","pm:static:photonmelodies11.rio.004:0499205748:00102320","crsa:photonmelodies11.rio.004@499205748","full_text_katakana_latin_scan","全文机械扫描候选；未据此自动固定中文"
"ォォォッ","","candidate","片假名/拉丁字母扫描候选","1","1","0","0","","pm:static:photonmelodies11.rio.004:0655753292:00237646","crsa:photonmelodies11.rio.004@655753292","full_text_katakana_latin_scan","全文机械扫描候选；未据此自动固定中文"
"ォォッ","","candidate","片假名/拉丁字母扫描候选","1","1","0","0","","pm:static:photonmelodies11.rio.003:1668688832:00199173","crsa:photonmelodies11.rio.003@1668688832","full_text_katakana_latin_scan","全文机械扫描候选；未据此自动固定中文"
"ォッッッ","","candidate","片假名/拉丁字母扫描候选","1","1","0","0","","pm:static:photonmelodies11.rio.004:1511431932:00292853","crsa:photonmelodies11.rio.004@1511431932","full_text_katakana_latin_scan","全文机械扫描候选；未据此自动固定中文"
"オイ","","candidate","片假名/拉丁字母扫描候选","1","1","0","0","","pm:static:photonmelodies11.rio.003:0839604068:00181036","crsa:photonmelodies11.rio.003@839604068","full_text_katakana_latin_scan","全文机械扫描候选；未据此自动固定中文"
"オイオイ","","candidate","片假名/拉丁字母扫描候选","1","1","0","0","","pm:static:photonmelodies11.rio.003:1272111780:00161154","crsa:photonmelodies11.rio.003@1272111780","full_text_katakana_latin_scan","全文机械扫描候选；未据此自动固定中文"
"オイル","","candidate","片假名/拉丁字母扫描候选","1","1","0","0","","pm:static:photonmelodies11.rio.004:1015106108:00241991","crsa:photonmelodies11.rio.004@1015106108","full_text_katakana_latin_scan","全文机械扫描候选；未据此自动固定中文"
"オエ","","candidate","片假名/拉丁字母扫描候选","1","1","0","0","","pm:static:photonmelodies11.rio.004:0812258960:00392518","crsa:photonmelodies11.rio.004@812258960","full_text_katakana_latin_scan","全文机械扫描候选；未据此自动固定中文"
"オオ","","candidate","片假名/拉丁字母扫描候选","1","1","0","0","","pm:static:photonmelodies11.rio.004:0499205748:00194766","crsa:photonmelodies11.rio.004@499205748","full_text_katakana_latin_scan","全文机械扫描候选；未据此自动固定中文"
"オオオ","","candidate","片假名/拉丁字母扫描候选","1","1","0","0","","pm:static:photonmelodies11.rio.004:0499205748:00194830","crsa:photonmelodies11.rio.004@499205748","full_text_katakana_latin_scan","全文机械扫描候选；未据此自动固定中文"
"オオカミ","","candidate","片假名/拉丁字母扫描候选","1","1","0","0","","pm:static:photonmelodies11.rio.004:0812258960:00374844","crsa:photonmelodies11.rio.004@812258960","full_text_katakana_latin_scan","全文机械扫描候选；未据此自动固定中文"
"オカルトグッズ","","candidate","片假名/拉丁字母扫描候选","1","1","0","0","","pm:static:photonmelodies11.rio.004:1457084560:00275921","crsa:photonmelodies11.rio.004@1457084560","full_text_katakana_latin_scan","全文机械扫描候选；未据此自动固定中文"
"オグラグッディ","","candidate","片假名/拉丁字母扫描候选","1","1","0","0","","pm:static:photonmelodies11.rio.003:1272111780:00162068","crsa:photonmelodies11.rio.003@1272111780","full_text_katakana_latin_scan","全文机械扫描候选；未据此自动固定中文"
"オコトワリ","","candidate","片假名/拉丁字母扫描候选","1","1","0","0","","pm:static:photonmelodies11.rio.003:1808201404:00096676","crsa:photonmelodies11.rio.003@1808201404","full_text_katakana_latin_scan","全文机械扫描候选；未据此自动固定中文"
"オタ","","candidate","片假名/拉丁字母扫描候选","1","1","0","0","","pm:static:photonmelodies11.rio.004:0979390512:00036942","crsa:photonmelodies11.rio.004@979390512","full_text_katakana_latin_scan","全文机械扫描候选；未据此自动固定中文"
"オタク","","candidate","片假名/拉丁字母扫描候选","1","1","0","0","","pm:static:photonmelodies11.rio.004:1361070408:00327837","crsa:photonmelodies11.rio.004@1361070408","full_text_katakana_latin_scan","全文机械扫描候选；未据此自动固定中文"
"オットナ","","candidate","片假名/拉丁字母扫描候选","1","1","0","0","","pm:static:photonmelodies11.rio.004:0426952928:00519751","crsa:photonmelodies11.rio.004@426952928","full_text_katakana_latin_scan","全文机械扫描候选；未据此自动固定中文"
"オツキアイ","","candidate","片假名/拉丁字母扫描候选","1","1","0","0","","pm:static:photonmelodies11.rio.004:0426952928:00595133","crsa:photonmelodies11.rio.004@426952928","full_text_katakana_latin_scan","全文机械扫描候选；未据此自动固定中文"
"オツム","","candidate","片假名/拉丁字母扫描候选","1","1","0","0","","pm:static:photonmelodies11.rio.004:1235087732:00264474","crsa:photonmelodies11.rio.004@1235087732","full_text_katakana_latin_scan","全文机械扫描候选；未据此自动固定中文"
"オデッセイ","","candidate","片假名/拉丁字母扫描候选","1","1","0","0","","pm:static:photonmelodies11.rio.004:1511431932:00298869","crsa:photonmelodies11.rio.004@1511431932","full_text_katakana_latin_scan","全文机械扫描候选；未据此自动固定中文"
"オネーチャン","","candidate","片假名/拉丁字母扫描候选","1","1","0","0","","pm:static:photonmelodies11.rio.004:0812258960:00318456","crsa:photonmelodies11.rio.004@812258960","full_text_katakana_latin_scan","全文机械扫描候选；未据此自动固定中文"
"オファ","","candidate","片假名/拉丁字母扫描候选","1","1","0","0","","pm:static:photonmelodies11.rio.004:1457084560:00458021","crsa:photonmelodies11.rio.004@1457084560","full_text_katakana_latin_scan","全文机械扫描候选；未据此自动固定中文"
"オフィシャル","","candidate","片假名/拉丁字母扫描候选","1","1","0","0","","pm:static:photonmelodies11.rio.004:1361070408:00311269","crsa:photonmelodies11.rio.004@1361070408","full_text_katakana_latin_scan","全文机械扫描候选；未据此自动固定中文"
"オフロ","","candidate","片假名/拉丁字母扫描候选","1","1","0","0","","pm:static:photonmelodies11.rio.004:0426952928:00595627","crsa:photonmelodies11.rio.004@426952928","full_text_katakana_latin_scan","全文机械扫描候选；未据此自动固定中文"
"オブジェ","","candidate","片假名/拉丁字母扫描候选","1","1","0","0","","pm:static:photonmelodies11.rio.004:1235087732:00523688","crsa:photonmelodies11.rio.004@1235087732","full_text_katakana_latin_scan","全文机械扫描候选；未据此自动固定中文"
"オモシロ","","candidate","片假名/拉丁字母扫描候选","1","1","0","0","","pm:static:photonmelodies11.rio.004:0933776684:00554233","crsa:photonmelodies11.rio.004@933776684","full_text_katakana_latin_scan","全文机械扫描候选；未据此自动固定中文"
"オモシロイ","","candidate","片假名/拉丁字母扫描候选","1","1","0","0","","pm:static:photonmelodies11.rio.004:0655753292:00209284","crsa:photonmelodies11.rio.004@655753292","full_text_katakana_latin_scan","全文机械扫描候选；未据此自动固定中文"
"オヤジギャグ","","candidate","片假名/拉丁字母扫描候选","1","1","0","0","","pm:static:photonmelodies11.rio.004:1511431932:00195793","crsa:photonmelodies11.rio.004@1511431932","full_text_katakana_latin_scan","全文机械扫描候选；未据此自动固定中文"
"オリジナリティ","","candidate","片假名/拉丁字母扫描候选","1","1","0","0","","pm:static:photonmelodies11.rio.003:1933169644:00134692","crsa:photonmelodies11.rio.003@1933169644","full_text_katakana_latin_scan","全文机械扫描候选；未据此自动固定中文"
"オレダメッス","","candidate","片假名/拉丁字母扫描候选","1","1","0","0","","pm:static:photonmelodies11.rio.004:1676972672:00131803","crsa:photonmelodies11.rio.004@1676972672","full_text_katakana_latin_scan","全文机械扫描候选；未据此自动固定中文"
"オレッ","","candidate","片假名/拉丁字母扫描候选","1","1","0","0","","pm:static:photonmelodies11.rio.004:1457084560:00364083","crsa:photonmelodies11.rio.004@1457084560","full_text_katakana_latin_scan","全文机械扫描候选；未据此自动固定中文"
"オンライン","","candidate","片假名/拉丁字母扫描候选","1","1","0","0","","pm:static:photonmelodies11.rio.004:1235087732:00568122","crsa:photonmelodies11.rio.004@1235087732","full_text_katakana_latin_scan","全文机械扫描候选；未据此自动固定中文"
"オーバーヒート","","candidate","片假名/拉丁字母扫描候选","1","1","0","0","","pm:static:photonmelodies11.rio.004:1015106108:00240881","crsa:photonmelodies11.rio.004@1015106108","full_text_katakana_latin_scan","全文机械扫描候选；未据此自动固定中文"
"オープニングセレモニ","","candidate","片假名/拉丁字母扫描候选","1","1","0","0","","pm:static:photonmelodies11.rio.004:0131862200:00199828","crsa:photonmelodies11.rio.004@131862200","full_text_katakana_latin_scan","全文机械扫描候选；未据此自动固定中文"
"オーライ","","candidate","片假名/拉丁字母扫描候选","1","1","0","0","","pm:static:photonmelodies11.rio.004:0655753292:00246498","crsa:photonmelodies11.rio.004@655753292","full_text_katakana_latin_scan","全文机械扫描候选；未据此自动固定中文"
"カイロ","","candidate","片假名/拉丁字母扫描候选","1","1","0","0","","pm:static:photonmelodies11.rio.004:0655753292:00217552","crsa:photonmelodies11.rio.004@655753292","full_text_katakana_latin_scan","全文机械扫描候选；未据此自动固定中文"
"カオス","","candidate","片假名/拉丁字母扫描候选","1","1","0","0","","pm:static:photonmelodies11.rio.003:0839604068:00188138","crsa:photonmelodies11.rio.003@839604068","full_text_katakana_latin_scan","全文机械扫描候选；未据此自动固定中文"
"カシュ","","candidate","片假名/拉丁字母扫描候选","1","1","0","0","","pm:static:photonmelodies11.rio.004:0780938508:00089627","crsa:photonmelodies11.rio.004@780938508","full_text_katakana_latin_scan","全文机械扫描候选；未据此自动固定中文"
"カタ","","candidate","片假名/拉丁字母扫描候选","1","1","0","0","","pm:static:photonmelodies11.rio.003:1668688832:00197509","crsa:photonmelodies11.rio.003@1668688832","full_text_katakana_latin_scan","全文机械扫描候选；未据此自动固定中文"
"カタカナ","","candidate","片假名/拉丁字母扫描候选","1","1","0","0","","pm:static:photonmelodies11.rio.004:0780938508:00071803","crsa:photonmelodies11.rio.004@780938508","full_text_katakana_latin_scan","全文机械扫描候选；未据此自动固定中文"
"カッコイイッッ","","candidate","片假名/拉丁字母扫描候选","1","1","0","0","","pm:static:photonmelodies11.rio.004:0780938508:00088517","crsa:photonmelodies11.rio.004@780938508","full_text_katakana_latin_scan","全文机械扫描候选；未据此自动固定中文"
"カッチョイイ","","candidate","片假名/拉丁字母扫描候选","1","1","0","0","","pm:static:photonmelodies11.rio.004:1361070408:00251529","crsa:photonmelodies11.rio.004@1361070408","full_text_katakana_latin_scan","全文机械扫描候选；未据此自动固定中文"
"カテゴライズ","","candidate","片假名/拉丁字母扫描候选","1","1","0","0","","pm:static:photonmelodies11.rio.004:0426952928:00419285","crsa:photonmelodies11.rio.004@426952928","full_text_katakana_latin_scan","全文机械扫描候选；未据此自动固定中文"
"カナヅチ","","candidate","片假名/拉丁字母扫描候选","1","1","0","0","","pm:static:photonmelodies11.rio.004:0812258960:00191222","crsa:photonmelodies11.rio.004@812258960","full_text_katakana_latin_scan","全文机械扫描候选；未据此自动固定中文"
"カニ","","candidate","片假名/拉丁字母扫描候选","1","1","0","0","","pm:static:photonmelodies11.rio.004:0258770628:00126678","crsa:photonmelodies11.rio.004@258770628","full_text_katakana_latin_scan","全文机械扫描候选；未据此自动固定中文"
"カバ","","candidate","片假名/拉丁字母扫描候选","1","1","0","0","","pm:static:photonmelodies11.rio.003:1668688832:00218341","crsa:photonmelodies11.rio.003@1668688832","full_text_katakana_latin_scan","全文机械扫描候选；未据此自动固定中文"
"カビ","","candidate","片假名/拉丁字母扫描候选","1","1","0","0","","pm:static:photonmelodies11.rio.004:1327482084:00238331","crsa:photonmelodies11.rio.004@1327482084","full_text_katakana_latin_scan","全文机械扫描候选；未据此自动固定中文"
"カプリ","","candidate","片假名/拉丁字母扫描候选","1","1","0","0","","pm:static:photonmelodies11.rio.004:1235087732:00608556","crsa:photonmelodies11.rio.004@1235087732","full_text_katakana_latin_scan","全文机械扫描候选；未据此自动固定中文"
"カボチャ","","candidate","片假名/拉丁字母扫描候选","1","1","0","0","","pm:static:photonmelodies11.rio.004:0131862200:00247284","crsa:photonmelodies11.rio.004@131862200","full_text_katakana_latin_scan","全文机械扫描候选；未据此自动固定中文"
"カムフラージュ","","candidate","片假名/拉丁字母扫描候选","1","1","0","0","","pm:static:photonmelodies11.rio.004:1361070408:00239847","crsa:photonmelodies11.rio.004@1361070408","full_text_katakana_latin_scan","全文机械扫描候选；未据此自动固定中文"
"カラクリ","","candidate","片假名/拉丁字母扫描候选","1","1","0","0","","pm:static:photonmelodies11.rio.004:0933776684:00528037","crsa:photonmelodies11.rio.004@933776684","full_text_katakana_latin_scan","全文机械扫描候选；未据此自动固定中文"
"カリカリ","","candidate","片假名/拉丁字母扫描候选","1","1","0","0","","pm:static:photonmelodies11.rio.004:0874373084:00232308","crsa:photonmelodies11.rio.004@874373084","full_text_katakana_latin_scan","全文机械扫描候选；未据此自动固定中文"
"カルシウム","","candidate","片假名/拉丁字母扫描候选","1","1","0","0","","pm:static:photonmelodies11.rio.004:0780938508:00069005","crsa:photonmelodies11.rio.004@780938508","full_text_katakana_latin_scan","全文机械扫描候选；未据此自动固定中文"
"カワイ","","candidate","片假名/拉丁字母扫描候选","1","1","0","0","","pm:static:photonmelodies11.rio.004:0812258960:00206216","crsa:photonmelodies11.rio.004@812258960","full_text_katakana_latin_scan","全文机械扫描候选；未据此自动固定中文"
"カワイイキャラ","","candidate","片假名/拉丁字母扫描候选","1","1","0","0","","pm:static:photonmelodies11.rio.003:2092185664:00396282","crsa:photonmelodies11.rio.003@2092185664","full_text_katakana_latin_scan","全文机械扫描候选；未据此自动固定中文"
"カンガプルナ","","candidate","片假名/拉丁字母扫描候选","1","1","0","0","","pm:static:photonmelodies11.rio.004:0131862200:00202296","crsa:photonmelodies11.rio.004@131862200","full_text_katakana_latin_scan","全文机械扫描候选；未据此自动固定中文"
"カンガル","","candidate","片假名/拉丁字母扫描候选","1","1","0","0","","pm:static:photonmelodies11.rio.004:1327482084:00175237","crsa:photonmelodies11.rio.004@1327482084","full_text_katakana_latin_scan","全文机械扫描候选；未据此自动固定中文"
"カンパーイ","","candidate","片假名/拉丁字母扫描候选","1","1","0","0","","pm:static:photonmelodies11.rio.003:2092185664:00188856","crsa:photonmelodies11.rio.003@2092185664","full_text_katakana_latin_scan","全文机械扫描候选；未据此自动固定中文"
"カンベン","","candidate","片假名/拉丁字母扫描候选","1","1","0","0","","pm:static:photonmelodies11.rio.002:1544313288:00324588","crsa:photonmelodies11.rio.002@1544313288","full_text_katakana_latin_scan","全文机械扫描候选；未据此自动固定中文"
"カンペキ","","candidate","片假名/拉丁字母扫描候选","1","1","0","0","","pm:static:photonmelodies11.rio.002:1544313288:00341250","crsa:photonmelodies11.rio.002@1544313288","full_text_katakana_latin_scan","全文机械扫描候选；未据此自动固定中文"
"カーッコイイ","","candidate","片假名/拉丁字母扫描候选","1","1","0","0","","pm:static:photonmelodies11.rio.003:1272111780:00163414","crsa:photonmelodies11.rio.003@1272111780","full_text_katakana_latin_scan","全文机械扫描候选；未据此自动固定中文"
"カーテン","","candidate","片假名/拉丁字母扫描候选","1","1","0","0","","pm:static:photonmelodies11.rio.003:1933169644:00078568","crsa:photonmelodies11.rio.003@1933169644","full_text_katakana_latin_scan","全文机械扫描候选；未据此自动固定中文"
"カーナビゲーションシステム","","candidate","片假名/拉丁字母扫描候选","1","1","0","0","","pm:static:photonmelodies11.rio.004:0426952928:00299853","crsa:photonmelodies11.rio.004@426952928","full_text_katakana_latin_scan","全文机械扫描候选；未据此自动固定中文"
"カーーーーーーッッッ","","candidate","片假名/拉丁字母扫描候选","1","1","0","0","","pm:static:photonmelodies11.rio.003:2092185664:00373894","crsa:photonmelodies11.rio.003@2092185664","full_text_katakana_latin_scan","全文机械扫描候选；未据此自动固定中文"
"ガオガオガオ","","candidate","片假名/拉丁字母扫描候选","1","1","0","0","","pm:static:photonmelodies11.rio.004:0499205748:00195352","crsa:photonmelodies11.rio.004@499205748","full_text_katakana_latin_scan","全文机械扫描候选；未据此自动固定中文"
"ガオッーーーッッ","","candidate","片假名/拉丁字母扫描候选","1","1","0","0","","pm:static:photonmelodies11.rio.004:0499205748:00194542","crsa:photonmelodies11.rio.004@499205748","full_text_katakana_latin_scan","全文机械扫描候选；未据此自动固定中文"
"ガオーーーッ","","candidate","片假名/拉丁字母扫描候选","1","1","0","0","","pm:static:photonmelodies11.rio.004:0499205748:00194472","crsa:photonmelodies11.rio.004@499205748","full_text_katakana_latin_scan","全文机械扫描候选；未据此自动固定中文"
"ガガオ","","candidate","片假名/拉丁字母扫描候选","1","1","0","0","","pm:static:photonmelodies11.rio.004:0499205748:00195352","crsa:photonmelodies11.rio.004@499205748","full_text_katakana_latin_scan","全文机械扫描候选；未据此自动固定中文"
"ガガオガオ","","candidate","片假名/拉丁字母扫描候选","1","1","0","0","","pm:static:photonmelodies11.rio.004:0499205748:00195352","crsa:photonmelodies11.rio.004@499205748","full_text_katakana_latin_scan","全文机械扫描候选；未据此自动固定中文"
"ガキーン","","candidate","片假名/拉丁字母扫描候选","1","1","0","0","","pm:static:photonmelodies11.rio.004:1676972672:00124695","crsa:photonmelodies11.rio.004@1676972672","full_text_katakana_latin_scan","全文机械扫描候选；未据此自动固定中文"
"ガッポガッポ","","candidate","片假名/拉丁字母扫描候选","1","1","0","0","","pm:static:photonmelodies11.rio.004:1560893912:00202729","crsa:photonmelodies11.rio.004@1560893912","full_text_katakana_latin_scan","全文机械扫描候选；未据此自动固定中文"
"ガニ","","candidate","片假名/拉丁字母扫描候选","1","1","0","0","","pm:static:photonmelodies11.rio.004:0258770628:00126754","crsa:photonmelodies11.rio.004@258770628","full_text_katakana_latin_scan","全文机械扫描候选；未据此自动固定中文"
"ガバッ","","candidate","片假名/拉丁字母扫描候选","1","1","0","0","","pm:static:photonmelodies11.rio.004:1676972672:00189689","crsa:photonmelodies11.rio.004@1676972672","full_text_katakana_latin_scan","全文机械扫描候选；未据此自动固定中文"
"ガバーッ","","candidate","片假名/拉丁字母扫描候选","1","1","0","0","","pm:static:photonmelodies11.rio.004:1269734756:00262390","crsa:photonmelodies11.rio.004@1269734756","full_text_katakana_latin_scan","全文机械扫描候选；未据此自动固定中文"
"ガラス","","candidate","片假名/拉丁字母扫描候选","1","1","0","0","","pm:static:photonmelodies11.rio.004:0426952928:00293257","crsa:photonmelodies11.rio.004@426952928","full_text_katakana_latin_scan","全文机械扫描候选；未据此自动固定中文"
"ガンガル","","candidate","片假名/拉丁字母扫描候选","1","1","0","0","","pm:static:photonmelodies11.rio.004:1015106108:00204707","crsa:photonmelodies11.rio.004@1015106108","full_text_katakana_latin_scan","全文机械扫描候选；未据此自动固定中文"
"ガンガン","","candidate","片假名/拉丁字母扫描候选","1","1","0","0","","pm:static:photonmelodies11.rio.004:0426952928:00474215","crsa:photonmelodies11.rio.004@426952928","full_text_katakana_latin_scan","全文机械扫描候选；未据此自动固定中文"
"ガーオガオガガオ","","candidate","片假名/拉丁字母扫描候选","1","1","0","0","","pm:static:photonmelodies11.rio.004:0499205748:00195352","crsa:photonmelodies11.rio.004@499205748","full_text_katakana_latin_scan","全文机械扫描候选；未据此自动固定中文"
"ガード","","candidate","片假名/拉丁字母扫描候选","1","1","0","0","","pm:static:photonmelodies11.rio.004:0933776684:00351287","crsa:photonmelodies11.rio.004@933776684","full_text_katakana_latin_scan","全文机械扫描候选；未据此自动固定中文"
"ガールフレンド","","candidate","片假名/拉丁字母扫描候选","1","1","0","0","","pm:static:photonmelodies11.rio.003:1933169644:00158930","crsa:photonmelodies11.rio.003@1933169644","full_text_katakana_latin_scan","全文机械扫描候选；未据此自动固定中文"
"キサマ","","candidate","片假名/拉丁字母扫描候选","1","1","0","0","","pm:static:photonmelodies11.rio.004:0131862200:00273902","crsa:photonmelodies11.rio.004@131862200","full_text_katakana_latin_scan","全文机械扫描候选；未据此自动固定中文"
"キタ","","candidate","片假名/拉丁字母扫描候选","1","1","0","0","","pm:static:photonmelodies11.rio.004:1269734756:00259634","crsa:photonmelodies11.rio.004@1269734756","full_text_katakana_latin_scan","全文机械扫描候选；未据此自动固定中文"
"キッサマーーーーーーーーーッッッ","","candidate","片假名/拉丁字母扫描候选","1","1","0","0","","pm:static:photonmelodies11.rio.004:0499205748:00103106","crsa:photonmelodies11.rio.004@499205748","full_text_katakana_latin_scan","全文机械扫描候选；未据此自动固定中文"
"キッチン","","candidate","片假名/拉丁字母扫描候选","1","1","0","0","","pm:static:photonmelodies11.rio.004:1410213692:00087994","crsa:photonmelodies11.rio.004@1410213692","full_text_katakana_latin_scan","全文机械扫描候选；未据此自动固定中文"
"キビシイ","","candidate","片假名/拉丁字母扫描候选","1","1","0","0","","pm:static:photonmelodies11.rio.004:0426952928:00620629","crsa:photonmelodies11.rio.004@426952928","full_text_katakana_latin_scan","全文机械扫描候选；未据此自动固定中文"
"キモッ","","candidate","片假名/拉丁字母扫描候选","1","1","0","0","","pm:static:photonmelodies11.rio.004:0131862200:00214934","crsa:photonmelodies11.rio.004@131862200","full_text_katakana_latin_scan","全文机械扫描候选；未据此自动固定中文"
"キャ","","candidate","片假名/拉丁字母扫描候选","1","1","0","0","","pm:static:photonmelodies11.rio.004:0812258960:00251062","crsa:photonmelodies11.rio.004@812258960","full_text_katakana_latin_scan","全文机械扫描候选；未据此自动固定中文"
"キャストオフ","","candidate","片假名/拉丁字母扫描候选","1","1","0","0","","pm:static:photonmelodies11.rio.004:0812258960:00263654","crsa:photonmelodies11.rio.004@812258960","full_text_katakana_latin_scan","全文机械扫描候选；未据此自动固定中文"
"キャッキャ","","candidate","片假名/拉丁字母扫描候选","1","1","0","0","","pm:static:photonmelodies11.rio.004:1015106108:00225303","crsa:photonmelodies11.rio.004@1015106108","full_text_katakana_latin_scan","全文机械扫描候选；未据此自动固定中文"
"キャンセル","","candidate","片假名/拉丁字母扫描候选","1","1","0","0","","pm:static:photonmelodies11.rio.004:0874373084:00182764","crsa:photonmelodies11.rio.004@874373084","full_text_katakana_latin_scan","全文机械扫描候选；未据此自动固定中文"
"キャンディ","","candidate","片假名/拉丁字母扫描候选","1","1","0","0","","pm:static:photonmelodies11.rio.004:0812258960:00324388","crsa:photonmelodies11.rio.004@812258960","full_text_katakana_latin_scan","全文机械扫描候选；未据此自动固定中文"
"キャーキャ","","candidate","片假名/拉丁字母扫描候选","1","1","0","0","","pm:static:photonmelodies11.rio.004:0812258960:00318456","crsa:photonmelodies11.rio.004@812258960","full_text_katakana_latin_scan","全文机械扫描候选；未据此自动固定中文"
"キュ","","candidate","片假名/拉丁字母扫描候选","1","1","0","0","","pm:static:photonmelodies11.rio.004:0426952928:00727903","crsa:photonmelodies11.rio.004@426952928","full_text_katakana_latin_scan","全文机械扫描候选；未据此自动固定中文"
"キューピッド","","candidate","片假名/拉丁字母扫描候选","1","1","0","0","","pm:static:photonmelodies11.rio.004:1457084560:00359461","crsa:photonmelodies11.rio.004@1457084560","full_text_katakana_latin_scan","全文机械扫描候选；未据此自动固定中文"
"キョーエツシゴク","","candidate","片假名/拉丁字母扫描候选","1","1","0","0","","pm:static:photonmelodies11.rio.002:1544313288:00350098","crsa:photonmelodies11.rio.002@1544313288","full_text_katakana_latin_scan","全文机械扫描候选；未据此自动固定中文"
"キョーショクインコーカン","","candidate","片假名/拉丁字母扫描候选","1","1","0","0","","pm:static:photonmelodies11.rio.002:1544313288:00323406","crsa:photonmelodies11.rio.002@1544313288","full_text_katakana_latin_scan","全文机械扫描候选；未据此自动固定中文"
"キラ","","candidate","片假名/拉丁字母扫描候选","1","1","0","0","","pm:static:photonmelodies11.rio.004:1235087732:00593646","crsa:photonmelodies11.rio.004@1235087732","full_text_katakana_latin_scan","全文机械扫描候选；未据此自动固定中文"
"キリ","","candidate","片假名/拉丁字母扫描候选","1","1","0","0","","pm:static:photonmelodies11.rio.003:1668688832:00330703","crsa:photonmelodies11.rio.003@1668688832","full_text_katakana_latin_scan","全文机械扫描候选；未据此自动固定中文"
"キングオブサイキョーイ","","candidate","片假名/拉丁字母扫描候选","1","1","0","0","","pm:static:photonmelodies11.rio.004:0979390512:00036942","crsa:photonmelodies11.rio.004@979390512","full_text_katakana_latin_scan","全文机械扫描候选；未据此自动固定中文"
"キース","","candidate","片假名/拉丁字母扫描候选","1","1","0","0","","pm:static:photonmelodies11.rio.004:0812258960:00367466","crsa:photonmelodies11.rio.004@812258960","full_text_katakana_latin_scan","全文机械扫描候选；未据此自动固定中文"
"ギブッ","","candidate","片假名/拉丁字母扫描候选","1","1","0","0","","pm:static:photonmelodies11.rio.004:0933776684:00465271","crsa:photonmelodies11.rio.004@933776684","full_text_katakana_latin_scan","全文机械扫描候选；未据此自动固定中文"
"ギャ","","candidate","片假名/拉丁字母扫描候选","1","1","0","0","","pm:static:photonmelodies11.rio.004:0933776684:00469041","crsa:photonmelodies11.rio.004@933776684","full_text_katakana_latin_scan","全文机械扫描候选；未据此自动固定中文"
"ギャオ","","candidate","片假名/拉丁字母扫描候选","1","1","0","0","","pm:static:photonmelodies11.rio.004:0131862200:00235932","crsa:photonmelodies11.rio.004@131862200","full_text_katakana_latin_scan","全文机械扫描候选；未据此自动固定中文"
"ギャオオオオオオオオ","","candidate","片假名/拉丁字母扫描候选","1","1","0","0","","pm:static:photonmelodies11.rio.004:1511431932:00276653","crsa:photonmelodies11.rio.004@1511431932","full_text_katakana_latin_scan","全文机械扫描候选；未据此自动固定中文"
"ギャーギャ","","candidate","片假名/拉丁字母扫描候选","1","1","0","0","","pm:static:photonmelodies11.rio.004:1560893912:00113127","crsa:photonmelodies11.rio.004@1560893912","full_text_katakana_latin_scan","全文机械扫描候选；未据此自动固定中文"
"ギャーッス","","candidate","片假名/拉丁字母扫描候选","1","1","0","0","","pm:static:photonmelodies11.rio.002:1544313288:00341776","crsa:photonmelodies11.rio.002@1544313288","full_text_katakana_latin_scan","全文机械扫描候选；未据此自动固定中文"
"ギャーーーーッッ","","candidate","片假名/拉丁字母扫描候选","1","1","0","0","","pm:static:photonmelodies11.rio.004:1235087732:00396302","crsa:photonmelodies11.rio.004@1235087732","full_text_katakana_latin_scan","全文机械扫描候选；未据此自动固定中文"
"ギャーーーーッッス","","candidate","片假名/拉丁字母扫描候选","1","1","0","0","","pm:static:photonmelodies11.rio.004:0258770628:00183400","crsa:photonmelodies11.rio.004@258770628","full_text_katakana_latin_scan","全文机械扫描候选；未据此自动固定中文"
"ギュッギューーーン","","candidate","片假名/拉丁字母扫描候选","1","1","0","0","","pm:static:photonmelodies11.rio.004:1327482084:00164131","crsa:photonmelodies11.rio.004@1327482084","full_text_katakana_latin_scan","全文机械扫描候选；未据此自动固定中文"
"ギューーーッッ","","candidate","片假名/拉丁字母扫描候选","1","1","0","0","","pm:static:photonmelodies11.rio.004:1676972672:00225373","crsa:photonmelodies11.rio.004@1676972672","full_text_katakana_latin_scan","全文机械扫描候选；未据此自动固定中文"
"ギリ","","candidate","片假名/拉丁字母扫描候选","1","1","0","0","","pm:static:photonmelodies11.rio.004:0780938508:00083385","crsa:photonmelodies11.rio.004@780938508","full_text_katakana_latin_scan","全文机械扫描候选；未据此自动固定中文"
"ギリギリギリ","","candidate","片假名/拉丁字母扫描候选","1","1","0","0","","pm:static:photonmelodies11.rio.004:0933776684:00555957","crsa:photonmelodies11.rio.004@933776684","full_text_katakana_latin_scan","全文机械扫描候选；未据此自动固定中文"
"ギリギリーズ","","candidate","片假名/拉丁字母扫描候选","1","1","0","0","","pm:static:photonmelodies11.rio.004:1560893912:00113395","crsa:photonmelodies11.rio.004@1560893912","full_text_katakana_latin_scan","全文机械扫描候选；未据此自动固定中文"
"クイズ","","candidate","片假名/拉丁字母扫描候选","1","1","0","0","","pm:static:photonmelodies11.rio.004:1457084560:00441537","crsa:photonmelodies11.rio.004@1457084560","full_text_katakana_latin_scan","全文机械扫描候选；未据此自动固定中文"
"クカルチャ","","candidate","片假名/拉丁字母扫描候选","1","1","0","0","","pm:static:photonmelodies11.rio.004:0979390512:00036942","crsa:photonmelodies11.rio.004@979390512","full_text_katakana_latin_scan","全文机械扫描候选；未据此自动固定中文"
"ククククマ","","candidate","片假名/拉丁字母扫描候选","1","1","0","0","","pm:static:photonmelodies11.rio.004:1457084560:00440639","crsa:photonmelodies11.rio.004@1457084560","full_text_katakana_latin_scan","全文机械扫描候选；未据此自动固定中文"
"クネクネ","","candidate","片假名/拉丁字母扫描候选","1","1","0","0","","pm:static:photonmelodies11.rio.004:0655753292:00120732","crsa:photonmelodies11.rio.004@655753292","full_text_katakana_latin_scan","全文机械扫描候选；未据此自动固定中文"
"クラクラ","","candidate","片假名/拉丁字母扫描候选","1","1","0","0","","pm:static:photonmelodies11.rio.004:1015106108:00259801","crsa:photonmelodies11.rio.004@1015106108","full_text_katakana_latin_scan","全文机械扫描候选；未据此自动固定中文"
"クラッカ","","candidate","片假名/拉丁字母扫描候选","1","1","0","0","","pm:static:photonmelodies11.rio.004:0695803188:00170001","crsa:photonmelodies11.rio.004@695803188","full_text_katakana_latin_scan","全文机械扫描候选；未据此自动固定中文"
"クリアドーム","","candidate","片假名/拉丁字母扫描候选","1","1","0","0","","pm:static:photonmelodies11.rio.004:0933776684:00399187","crsa:photonmelodies11.rio.004@933776684","full_text_katakana_latin_scan","全文机械扫描候选；未据此自动固定中文"
"クリスマ","","candidate","片假名/拉丁字母扫描候选","1","1","0","0","","pm:static:photonmelodies11.rio.004:0695803188:00159629","crsa:photonmelodies11.rio.004@695803188","full_text_katakana_latin_scan","全文机械扫描候选；未据此自动固定中文"
"クリスマスパーティ","","candidate","片假名/拉丁字母扫描候选","1","1","0","0","","pm:static:photonmelodies11.rio.004:0695803188:00167745","crsa:photonmelodies11.rio.004@695803188","full_text_katakana_latin_scan","全文机械扫描候选；未据此自动固定中文"
"クル","","candidate","片假名/拉丁字母扫描候选","1","1","0","0","","pm:static:photonmelodies11.rio.004:1269734756:00477590","crsa:photonmelodies11.rio.004@1269734756","full_text_katakana_latin_scan","全文机械扫描候选；未据此自动固定中文"
"クルクル","","candidate","片假名/拉丁字母扫描候选","1","1","0","0","","pm:static:photonmelodies11.rio.004:0933776684:00416469","crsa:photonmelodies11.rio.004@933776684","full_text_katakana_latin_scan","全文机械扫描候选；未据此自动固定中文"
"クローゼット","","candidate","片假名/拉丁字母扫描候选","1","1","0","0","","pm:static:photonmelodies11.rio.004:0933776684:00510429","crsa:photonmelodies11.rio.004@933776684","full_text_katakana_latin_scan","全文机械扫描候选；未据此自动固定中文"
"クワドラ","","candidate","片假名/拉丁字母扫描候选","1","1","0","0","","pm:static:photonmelodies11.rio.004:0655753292:00110328","crsa:photonmelodies11.rio.004@655753292","full_text_katakana_latin_scan","全文机械扫描候选；未据此自动固定中文"
"クーラーボックス","","candidate","片假名/拉丁字母扫描候选","1","1","0","0","","pm:static:photonmelodies11.rio.004:1169383896:00136368","crsa:photonmelodies11.rio.004@1169383896","full_text_katakana_latin_scan","全文机械扫描候选；未据此自动固定中文"
"クールダウン","","candidate","片假名/拉丁字母扫描候选","1","1","0","0","","pm:static:photonmelodies11.rio.004:1457084560:00208535","crsa:photonmelodies11.rio.004@1457084560","full_text_katakana_latin_scan","全文机械扫描候选；未据此自动固定中文"
"グググ","","candidate","片假名/拉丁字母扫描候选","1","1","0","0","","pm:static:photonmelodies11.rio.004:0499205748:00209178","crsa:photonmelodies11.rio.004@499205748","full_text_katakana_latin_scan","全文机械扫描候选；未据此自动固定中文"
"グダグダ","","candidate","片假名/拉丁字母扫描候选","1","1","0","0","","pm:static:photonmelodies11.rio.004:0601851372:00114555","crsa:photonmelodies11.rio.004@601851372","full_text_katakana_latin_scan","全文机械扫描候选；未据此自动固定中文"
"グチグチ","","candidate","片假名/拉丁字母扫描候选","1","1","0","0","","pm:static:photonmelodies11.rio.004:1327482084:00287865","crsa:photonmelodies11.rio.004@1327482084","full_text_katakana_latin_scan","全文机械扫描候选；未据此自动固定中文"
"グチャグチャ","","candidate","片假名/拉丁字母扫描候选","1","1","0","0","","pm:static:photonmelodies11.rio.004:0131862200:00314352","crsa:photonmelodies11.rio.004@131862200","full_text_katakana_latin_scan","全文机械扫描候选；未据此自动固定中文"
"グッズ","","candidate","片假名/拉丁字母扫描候选","1","1","0","0","","pm:static:photonmelodies11.rio.004:1327482084:00176761","crsa:photonmelodies11.rio.004@1327482084","full_text_katakana_latin_scan","全文机械扫描候选；未据此自动固定中文"
"グッド","","candidate","片假名/拉丁字母扫描候选","1","1","0","0","","pm:static:photonmelodies11.rio.002:1544313288:00309480","crsa:photonmelodies11.rio.002@1544313288","full_text_katakana_latin_scan","全文机械扫描候选；未据此自动固定中文"
"グニャグニャ","","candidate","片假名/拉丁字母扫描候选","1","1","0","0","","pm:static:photonmelodies11.rio.004:0426952928:00559103","crsa:photonmelodies11.rio.004@426952928","full_text_katakana_latin_scan","全文机械扫描候选；未据此自动固定中文"
"グラス","","candidate","片假名/拉丁字母扫描候选","1","1","0","0","","pm:static:photonmelodies11.rio.003:2092185664:00188398","crsa:photonmelodies11.rio.003@2092185664","full_text_katakana_latin_scan","全文机械扫描候选；未据此自动固定中文"
"グラマ","","candidate","片假名/拉丁字母扫描候选","1","1","0","0","","pm:static:photonmelodies11.rio.004:0426952928:00292107","crsa:photonmelodies11.rio.004@426952928","full_text_katakana_latin_scan","全文机械扫描候选；未据此自动固定中文"
"グランドオープン","","candidate","片假名/拉丁字母扫描候选","1","1","0","0","","pm:static:photonmelodies11.rio.004:0780938508:00044609","crsa:photonmelodies11.rio.004@780938508","full_text_katakana_latin_scan","全文机械扫描候选；未据此自动固定中文"
"グリグリ","","candidate","片假名/拉丁字母扫描候选","1","1","0","0","","pm:static:photonmelodies11.rio.004:1560893912:00235583","crsa:photonmelodies11.rio.004@1560893912","full_text_katakana_latin_scan","全文机械扫描候选；未据此自动固定中文"
"グレードアップ","","candidate","片假名/拉丁字母扫描候选","1","1","0","0","","pm:static:photonmelodies11.rio.004:1235087732:00548796","crsa:photonmelodies11.rio.004@1235087732","full_text_katakana_latin_scan","全文机械扫描候选；未据此自动固定中文"
"グロテスク","","candidate","片假名/拉丁字母扫描候选","1","1","0","0","","pm:static:photonmelodies11.rio.004:0812258960:00320230","crsa:photonmelodies11.rio.004@812258960","full_text_katakana_latin_scan","全文机械扫描候选；未据此自动固定中文"
"グン","","candidate","片假名/拉丁字母扫描候选","1","1","0","0","","pm:static:photonmelodies11.rio.004:0499205748:00209178","crsa:photonmelodies11.rio.004@499205748","full_text_katakana_latin_scan","全文机械扫描候选；未据此自动固定中文"
"グーパンチ","","candidate","片假名/拉丁字母扫描候选","1","1","0","0","","pm:static:photonmelodies11.rio.003:1272111780:00156660","crsa:photonmelodies11.rio.003@1272111780","full_text_katakana_latin_scan","全文机械扫描候选；未据此自动固定中文"
"ケイタイストラップ","","candidate","片假名/拉丁字母扫描候选","1","1","0","0","","pm:static:photonmelodies11.rio.003:1933169644:00161302","crsa:photonmelodies11.rio.003@1933169644","full_text_katakana_latin_scan","全文机械扫描候选；未据此自动固定中文"
"ケガ","","candidate","片假名/拉丁字母扫描候选","1","1","0","0","","pm:static:photonmelodies11.rio.004:1269734756:00527484","crsa:photonmelodies11.rio.004@1269734756","full_text_katakana_latin_scan","全文机械扫描候选；未据此自动固定中文"
"ケケ","","candidate","片假名/拉丁字母扫描候选","1","1","0","0","","pm:static:photonmelodies11.rio.004:1361070408:00405365","crsa:photonmelodies11.rio.004@1361070408","full_text_katakana_latin_scan","全文机械扫描候选；未据此自动固定中文"
"ケリ","","candidate","片假名/拉丁字母扫描候选","1","1","0","0","","pm:static:photonmelodies11.rio.003:1668688832:00324659","crsa:photonmelodies11.rio.003@1668688832","full_text_katakana_latin_scan","全文机械扫描候选；未据此自动固定中文"
"ケル","","candidate","片假名/拉丁字母扫描候选","1","1","0","0","","pm:static:photonmelodies11.rio.004:0655753292:00156394","crsa:photonmelodies11.rio.004@655753292","full_text_katakana_latin_scan","全文机械扫描候选；未据此自动固定中文"
"ケース","","candidate","片假名/拉丁字母扫描候选","1","1","0","0","","pm:static:photonmelodies11.rio.003:0839604068:00231966","crsa:photonmelodies11.rio.003@839604068","full_text_katakana_latin_scan","全文机械扫描候选；未据此自动固定中文"
"ケーブルテレビ","","candidate","片假名/拉丁字母扫描候选","1","1","0","0","","pm:static:photonmelodies11.rio.004:1560893912:00100919","crsa:photonmelodies11.rio.004@1560893912","full_text_katakana_latin_scan","全文机械扫描候选；未据此自动固定中文"
"ゲッソリ","","candidate","片假名/拉丁字母扫描候选","1","1","0","0","","pm:static:photonmelodies11.rio.004:0655753292:00238340","crsa:photonmelodies11.rio.004@655753292","full_text_katakana_latin_scan","全文机械扫描候选；未据此自动固定中文"
"ゲホ","","candidate","片假名/拉丁字母扫描候选","1","1","0","0","","pm:static:photonmelodies11.rio.004:1235087732:00539048","crsa:photonmelodies11.rio.004@1235087732","full_text_katakana_latin_scan","全文机械扫描候选；未据此自动固定中文"
"ゲホッゲホゲホッ","","candidate","片假名/拉丁字母扫描候选","1","1","0","0","","pm:static:photonmelodies11.rio.004:1216455180:00074689","crsa:photonmelodies11.rio.004@1216455180","full_text_katakana_latin_scan","全文机械扫描候选；未据此自动固定中文"
"ゲラゲラ","","candidate","片假名/拉丁字母扫描候选","1","1","0","0","","pm:static:photonmelodies11.rio.004:0426952928:00394509","crsa:photonmelodies11.rio.004@426952928","full_text_katakana_latin_scan","全文机械扫描候选；未据此自动固定中文"
"ゲリラ","","candidate","片假名/拉丁字母扫描候选","1","1","0","0","","pm:static:photonmelodies11.rio.003:0839604068:00334394","crsa:photonmelodies11.rio.003@839604068","full_text_katakana_latin_scan","全文机械扫描候选；未据此自动固定中文"
"ゲロ","","candidate","片假名/拉丁字母扫描候选","1","1","0","0","","pm:static:photonmelodies11.rio.002:1544313288:00227202","crsa:photonmelodies11.rio.002@1544313288","full_text_katakana_latin_scan","全文机械扫描候选；未据此自动固定中文"
"ゲーキャラ","","candidate","片假名/拉丁字母扫描候选","1","1","0","0","","pm:static:photonmelodies11.rio.004:0426952928:00454951","crsa:photonmelodies11.rio.004@426952928","full_text_katakana_latin_scan","全文机械扫描候选；未据此自动固定中文"
"ゲーマ","","candidate","片假名/拉丁字母扫描候选","1","1","0","0","","pm:static:photonmelodies11.rio.003:2092185664:00327094","crsa:photonmelodies11.rio.003@2092185664","full_text_katakana_latin_scan","全文机械扫描候选；未据此自动固定中文"
"ゲームコーナ","","candidate","片假名/拉丁字母扫描候选","1","1","0","0","","pm:static:photonmelodies11.rio.004:0131862200:00290754","crsa:photonmelodies11.rio.004@131862200","full_text_katakana_latin_scan","全文机械扫描候选；未据此自动固定中文"
"ゲームスタート","","candidate","片假名/拉丁字母扫描候选","1","1","0","0","","pm:static:photonmelodies11.rio.004:0812258960:00316290","crsa:photonmelodies11.rio.004@812258960","full_text_katakana_latin_scan","全文机械扫描候选；未据此自动固定中文"
"ゲームセット","","candidate","片假名/拉丁字母扫描候选","1","1","0","0","","pm:static:photonmelodies11.rio.003:1668688832:00327639","crsa:photonmelodies11.rio.003@1668688832","full_text_katakana_latin_scan","全文机械扫描候选；未据此自动固定中文"
"コアラ","","candidate","片假名/拉丁字母扫描候选","1","1","0","0","","pm:static:photonmelodies11.rio.004:1327482084:00175237","crsa:photonmelodies11.rio.004@1327482084","full_text_katakana_latin_scan","全文机械扫描候选；未据此自动固定中文"
"コウゲキ","","candidate","片假名/拉丁字母扫描候选","1","1","0","0","","pm:static:photonmelodies11.rio.004:1457084560:00209151","crsa:photonmelodies11.rio.004@1457084560","full_text_katakana_latin_scan","全文机械扫描候选；未据此自动固定中文"
"ココ","","candidate","片假名/拉丁字母扫描候选","1","1","0","0","","pm:static:photonmelodies11.rio.003:1808201404:00136376","crsa:photonmelodies11.rio.003@1808201404","full_text_katakana_latin_scan","全文机械扫描候选；未据此自动固定中文"
"ココナッツ","","candidate","片假名/拉丁字母扫描候选","1","1","0","0","","pm:static:photonmelodies11.rio.004:1457084560:00397709","crsa:photonmelodies11.rio.004@1457084560","full_text_katakana_latin_scan","全文机械扫描候选；未据此自动固定中文"
"コスチューム","","candidate","片假名/拉丁字母扫描候选","1","1","0","0","","pm:static:photonmelodies11.rio.003:1808201404:00116154","crsa:photonmelodies11.rio.003@1808201404","full_text_katakana_latin_scan","全文机械扫描候选；未据此自动固定中文"
"コテンパン","","candidate","片假名/拉丁字母扫描候选","1","1","0","0","","pm:static:photonmelodies11.rio.004:1327482084:00344967","crsa:photonmelodies11.rio.004@1327482084","full_text_katakana_latin_scan","全文机械扫描候选；未据此自动固定中文"
"コノヤロ","","candidate","片假名/拉丁字母扫描候选","1","1","0","0","","pm:static:photonmelodies11.rio.004:1327482084:00324743","crsa:photonmelodies11.rio.004@1327482084","full_text_katakana_latin_scan","全文机械扫描候选；未据此自动固定中文"
"コフ","","candidate","片假名/拉丁字母扫描候选","1","1","0","0","","pm:static:photonmelodies11.rio.004:0426952928:00737835","crsa:photonmelodies11.rio.004@426952928","full_text_katakana_latin_scan","全文机械扫描候选；未据此自动固定中文"
"コマッ","","candidate","片假名/拉丁字母扫描候选","1","1","0","0","","pm:static:photonmelodies11.rio.004:1015106108:00225111","crsa:photonmelodies11.rio.004@1015106108","full_text_katakana_latin_scan","全文机械扫描候选；未据此自动固定中文"
"コミュニケーション","","candidate","片假名/拉丁字母扫描候选","1","1","0","0","","pm:static:photonmelodies11.rio.004:0131862200:00223836","crsa:photonmelodies11.rio.004@131862200","full_text_katakana_latin_scan","全文机械扫描候选；未据此自动固定中文"
"コメント","","candidate","片假名/拉丁字母扫描候选","1","1","0","0","","pm:static:photonmelodies11.rio.004:0426952928:00644165","crsa:photonmelodies11.rio.004@426952928","full_text_katakana_latin_scan","全文机械扫描候选；未据此自动固定中文"
"コラーーーッ","","candidate","片假名/拉丁字母扫描候选","1","1","0","0","","pm:static:photonmelodies11.rio.004:0655753292:00124390","crsa:photonmelodies11.rio.004@655753292","full_text_katakana_latin_scan","全文机械扫描候选；未据此自动固定中文"
"コロコロ","","candidate","片假名/拉丁字母扫描候选","1","1","0","0","","pm:static:photonmelodies11.rio.004:1015106108:00191735","crsa:photonmelodies11.rio.004@1015106108","full_text_katakana_latin_scan","全文机械扫描候选；未据此自动固定中文"
"コロッ","","candidate","片假名/拉丁字母扫描候选","1","1","0","0","","pm:static:photonmelodies11.rio.004:1269734756:00461884","crsa:photonmelodies11.rio.004@1269734756","full_text_katakana_latin_scan","全文机械扫描候选；未据此自动固定中文"
"コンゴ","","candidate","片假名/拉丁字母扫描候选","1","1","0","0","","pm:static:photonmelodies11.rio.003:1272111780:00229106","crsa:photonmelodies11.rio.003@1272111780","full_text_katakana_latin_scan","全文机械扫描候选；未据此自动固定中文"
"コンチクショ","","candidate","片假名/拉丁字母扫描候选","1","1","0","0","","pm:static:photonmelodies11.rio.004:0499205748:00083152","crsa:photonmelodies11.rio.004@499205748","full_text_katakana_latin_scan","全文机械扫描候选；未据此自动固定中文"
"コンビニエンスストア","","candidate","片假名/拉丁字母扫描候选","1","1","0","0","","pm:static:photonmelodies11.rio.004:1410213692:00081598","crsa:photonmelodies11.rio.004@1410213692","full_text_katakana_latin_scan","全文机械扫描候选；未据此自动固定中文"
"コンボ","","candidate","片假名/拉丁字母扫描候选","1","1","0","0","","pm:static:photonmelodies11.rio.004:0426952928:00441461","crsa:photonmelodies11.rio.004@426952928","full_text_katakana_latin_scan","全文机械扫描候选；未据此自动固定中文"
"コースアウト","","candidate","片假名/拉丁字母扫描候选","1","1","0","0","","pm:static:photonmelodies11.rio.004:0426952928:00574733","crsa:photonmelodies11.rio.004@426952928","full_text_katakana_latin_scan","全文机械扫描候选；未据此自动固定中文"
"コーチング","","candidate","片假名/拉丁字母扫描候选","1","1","0","0","","pm:static:photonmelodies11.rio.004:0426952928:00406693","crsa:photonmelodies11.rio.004@426952928","full_text_katakana_latin_scan","全文机械扫描候选；未据此自动固定中文"
"コードネーム","","candidate","片假名/拉丁字母扫描候选","1","1","0","0","","pm:static:photonmelodies11.rio.003:1808201404:00129834","crsa:photonmelodies11.rio.003@1808201404","full_text_katakana_latin_scan","全文机械扫描候选；未据此自动固定中文"
"コーナ","","candidate","片假名/拉丁字母扫描候选","1","1","0","0","","pm:static:photonmelodies11.rio.003:1933169644:00134432","crsa:photonmelodies11.rio.003@1933169644","full_text_katakana_latin_scan","全文机械扫描候选；未据此自动固定中文"
"コーナリング","","candidate","片假名/拉丁字母扫描候选","1","1","0","0","","pm:static:photonmelodies11.rio.004:0601851372:00120379","crsa:photonmelodies11.rio.004@601851372","full_text_katakana_latin_scan","全文机械扫描候选；未据此自动固定中文"
"コーモン","","candidate","片假名/拉丁字母扫描候选","1","1","0","0","","pm:static:photonmelodies11.rio.003:1933169644:00153114","crsa:photonmelodies11.rio.003@1933169644","full_text_katakana_latin_scan","全文机械扫描候选；未据此自动固定中文"
"コール","","candidate","片假名/拉丁字母扫描候选","1","1","0","0","","pm:static:photonmelodies11.rio.003:1668688832:00191043","crsa:photonmelodies11.rio.003@1668688832","full_text_katakana_latin_scan","全文机械扫描候选；未据此自动固定中文"
"ゴスロリ","","candidate","片假名/拉丁字母扫描候选","1","1","0","0","","pm:static:photonmelodies11.rio.003:1933169644:00140608","crsa:photonmelodies11.rio.003@1933169644","full_text_katakana_latin_scan","全文机械扫描候选；未据此自动固定中文"
"ゴッソリ","","candidate","片假名/拉丁字母扫描候选","1","1","0","0","","pm:static:photonmelodies11.rio.004:1235087732:00618398","crsa:photonmelodies11.rio.004@1235087732","full_text_katakana_latin_scan","全文机械扫描候选；未据此自动固定中文"
"ゴホッ","","candidate","片假名/拉丁字母扫描候选","1","1","0","0","","pm:static:photonmelodies11.rio.004:1216455180:00072469","crsa:photonmelodies11.rio.004@1216455180","full_text_katakana_latin_scan","全文机械扫描候选；未据此自动固定中文"
"ゴホン","","candidate","片假名/拉丁字母扫描候选","1","1","0","0","","pm:static:photonmelodies11.rio.004:0131862200:00173646","crsa:photonmelodies11.rio.004@131862200","full_text_katakana_latin_scan","全文机械扫描候选；未据此自动固定中文"
"ゴムボート","","candidate","片假名/拉丁字母扫描候选","1","1","0","0","","pm:static:photonmelodies11.rio.004:1235087732:00551674","crsa:photonmelodies11.rio.004@1235087732","full_text_katakana_latin_scan","全文机械扫描候选；未据此自动固定中文"
"ゴメンナサーイ","","candidate","片假名/拉丁字母扫描候选","1","1","0","0","","pm:static:photonmelodies11.rio.004:0812258960:00373510","crsa:photonmelodies11.rio.004@812258960","full_text_katakana_latin_scan","全文机械扫描候选；未据此自动固定中文"
"ゴラッ","","candidate","片假名/拉丁字母扫描候选","1","1","0","0","","pm:static:photonmelodies11.rio.004:0695803188:00116467","crsa:photonmelodies11.rio.004@695803188","full_text_katakana_latin_scan","全文机械扫描候选；未据此自动固定中文"
"ゴリラキューピッド","","candidate","片假名/拉丁字母扫描候选","1","1","0","0","","pm:static:photonmelodies11.rio.004:1457084560:00359649","crsa:photonmelodies11.rio.004@1457084560","full_text_katakana_latin_scan","全文机械扫描候选；未据此自动固定中文"
"ゴルァアアアア","","candidate","片假名/拉丁字母扫描候选","1","1","0","0","","pm:static:photonmelodies11.rio.004:0499205748:00213238","crsa:photonmelodies11.rio.004@499205748","full_text_katakana_latin_scan","全文机械扫描候选；未据此自动固定中文"
"ゴルァッッ","","candidate","片假名/拉丁字母扫描候选","1","1","0","0","","pm:static:photonmelodies11.rio.004:0499205748:00211490","crsa:photonmelodies11.rio.004@499205748","full_text_katakana_latin_scan","全文机械扫描候选；未据此自动固定中文"
"ゴルバ","","candidate","片假名/拉丁字母扫描候选","1","1","0","0","","pm:static:photonmelodies11.rio.004:0812258960:00264782","crsa:photonmelodies11.rio.004@812258960","full_text_katakana_latin_scan","全文机械扫描候选；未据此自动固定中文"
"ゴルバン","","candidate","片假名/拉丁字母扫描候选","1","1","0","0","","pm:static:photonmelodies11.rio.004:0812258960:00269968","crsa:photonmelodies11.rio.004@812258960","full_text_katakana_latin_scan","全文机械扫描候选；未据此自动固定中文"
"ゴルフ","","candidate","片假名/拉丁字母扫描候选","1","1","0","0","","pm:static:photonmelodies11.rio.003:0839604068:00176398","crsa:photonmelodies11.rio.003@839604068","full_text_katakana_latin_scan","全文机械扫描候选；未据此自动固定中文"
"ゴルフコース","","candidate","片假名/拉丁字母扫描候选","1","1","0","0","","pm:static:photonmelodies11.rio.004:0874373084:00125222","crsa:photonmelodies11.rio.004@874373084","full_text_katakana_latin_scan","全文机械扫描候选；未据此自动固定中文"
"ゴレイセイ","","candidate","片假名/拉丁字母扫描候选","1","1","0","0","","pm:static:photonmelodies11.rio.004:1361070408:00247729","crsa:photonmelodies11.rio.004@1361070408","full_text_katakana_latin_scan","全文机械扫描候选；未据此自动固定中文"
"ゴーガン","","candidate","片假名/拉丁字母扫描候选","1","1","0","0","","pm:static:photonmelodies11.rio.004:1560893912:00102227","crsa:photonmelodies11.rio.004@1560893912","full_text_katakana_latin_scan","全文机械扫描候选；未据此自动固定中文"
"ゴーグル","","candidate","片假名/拉丁字母扫描候选","1","1","0","0","","pm:static:photonmelodies11.rio.003:0839604068:00232544","crsa:photonmelodies11.rio.003@839604068","full_text_katakana_latin_scan","全文机械扫描候选；未据此自动固定中文"
"サイキョ","","candidate","片假名/拉丁字母扫描候选","1","1","0","0","","pm:static:photonmelodies11.rio.004:0979390512:00036942","crsa:photonmelodies11.rio.004@979390512","full_text_katakana_latin_scan","全文机械扫描候选；未据此自动固定中文"
"サイフ","","candidate","片假名/拉丁字母扫描候选","1","1","0","0","","pm:static:photonmelodies11.rio.004:1457084560:00252477","crsa:photonmelodies11.rio.004@1457084560","full_text_katakana_latin_scan","全文机械扫描候选；未据此自动固定中文"
"サカキバラチヅコ","","candidate","片假名/拉丁字母扫描候选","1","1","0","0","","pm:static:photonmelodies11.rio.004:1457084560:00278901","crsa:photonmelodies11.rio.004@1457084560","full_text_katakana_latin_scan","全文机械扫描候选；未据此自动固定中文"
"サガ","","candidate","片假名/拉丁字母扫描候选","1","1","0","0","","pm:static:photonmelodies11.rio.004:1361070408:00311543","crsa:photonmelodies11.rio.004@1361070408","full_text_katakana_latin_scan","全文机械扫描候选；未据此自动固定中文"
"サザエ","","candidate","片假名/拉丁字母扫描候选","1","1","0","0","","pm:static:photonmelodies11.rio.004:0812258960:00205556","crsa:photonmelodies11.rio.004@812258960","full_text_katakana_latin_scan","全文机械扫描候选；未据此自动固定中文"
"サザンアイランド","","candidate","片假名/拉丁字母扫描候选","1","1","0","0","","pm:static:photonmelodies11.rio.004:0780938508:00044609","crsa:photonmelodies11.rio.004@780938508","full_text_katakana_latin_scan","全文机械扫描候选；未据此自动固定中文"
"サバイバ","","candidate","片假名/拉丁字母扫描候选","1","1","0","0","","pm:static:photonmelodies11.rio.004:1676972672:00242375","crsa:photonmelodies11.rio.004@1676972672","full_text_katakana_latin_scan","全文机械扫描候选；未据此自动固定中文"
"サバイバルスキル","","candidate","片假名/拉丁字母扫描候选","1","1","0","0","","pm:static:photonmelodies11.rio.003:0839604068:00318788","crsa:photonmelodies11.rio.003@839604068","full_text_katakana_latin_scan","全文机械扫描候选；未据此自动固定中文"
"サブカルチャ","","candidate","片假名/拉丁字母扫描候选","1","1","0","0","","pm:static:photonmelodies11.rio.004:1259067424:00234824","crsa:photonmelodies11.rio.004@1259067424","full_text_katakana_latin_scan","全文机械扫描候选；未据此自动固定中文"
"サポータ","","candidate","片假名/拉丁字母扫描候选","1","1","0","0","","pm:static:photonmelodies11.rio.004:0812258960:00264382","crsa:photonmelodies11.rio.004@812258960","full_text_katakana_latin_scan","全文机械扫描候选；未据此自动固定中文"
"サムイ","","candidate","片假名/拉丁字母扫描候选","1","1","0","0","","pm:static:photonmelodies11.rio.004:0655753292:00210000","crsa:photonmelodies11.rio.004@655753292","full_text_katakana_latin_scan","全文机械扫描候选；未据此自动固定中文"
"サムライウォリア","","candidate","片假名/拉丁字母扫描候选","1","1","0","0","","pm:static:photonmelodies11.rio.004:0131862200:00255494","crsa:photonmelodies11.rio.004@131862200","full_text_katakana_latin_scan","全文机械扫描候选；未据此自动固定中文"
"サリィーーーーゴーーーーーーーッ","","candidate","片假名/拉丁字母扫描候选","1","1","0","0","","pm:static:photonmelodies11.rio.004:0601851372:00122915","crsa:photonmelodies11.rio.004@601851372","full_text_katakana_latin_scan","全文机械扫描候选；未据此自动固定中文"
"サロンタイプ","","candidate","片假名/拉丁字母扫描候选","1","1","0","0","","pm:static:photonmelodies11.rio.004:0131862200:00211296","crsa:photonmelodies11.rio.004@131862200","full_text_katakana_latin_scan","全文机械扫描候选；未据此自动固定中文"
"サンオイルイベント","","candidate","片假名/拉丁字母扫描候选","1","1","0","0","","pm:static:photonmelodies11.rio.004:1015106108:00227503","crsa:photonmelodies11.rio.004@1015106108","full_text_katakana_latin_scan","全文机械扫描候选；未据此自动固定中文"
"サーチライト","","candidate","片假名/拉丁字母扫描候选","1","1","0","0","","pm:static:photonmelodies11.rio.004:1327482084:00294949","crsa:photonmelodies11.rio.004@1327482084","full_text_katakana_latin_scan","全文机械扫描候选；未据此自动固定中文"
"サーバ","","candidate","片假名/拉丁字母扫描候选","1","1","0","0","","pm:static:photonmelodies11.rio.004:1235087732:00568122","crsa:photonmelodies11.rio.004@1235087732","full_text_katakana_latin_scan","全文机械扫描候选；未据此自动固定中文"
"ザガク","","candidate","片假名/拉丁字母扫描候选","1","1","0","0","","pm:static:photonmelodies11.rio.003:1272111780:00227112","crsa:photonmelodies11.rio.003@1272111780","full_text_katakana_latin_scan","全文机械扫描候选；未据此自动固定中文"
"ザバ","","candidate","片假名/拉丁字母扫描候选","1","1","0","0","","pm:static:photonmelodies11.rio.004:1259067424:00228258","crsa:photonmelodies11.rio.004@1259067424","full_text_katakana_latin_scan","全文机械扫描候选；未据此自动固定中文"
"シェイクスピア","","candidate","片假名/拉丁字母扫描候选","1","1","0","0","","pm:static:photonmelodies11.rio.003:1668688832:00188639","crsa:photonmelodies11.rio.003@1668688832","full_text_katakana_latin_scan","全文机械扫描候选；未据此自动固定中文"
"シックスパック","","candidate","片假名/拉丁字母扫描候选","1","1","0","0","","pm:static:photonmelodies11.rio.003:1487490840:00114756","crsa:photonmelodies11.rio.003@1487490840","full_text_katakana_latin_scan","全文机械扫描候选；未据此自动固定中文"
"シニア","","candidate","片假名/拉丁字母扫描候选","1","1","0","0","","pm:static:photonmelodies11.rio.004:1235087732:00421872","crsa:photonmelodies11.rio.004@1235087732","full_text_katakana_latin_scan","全文机械扫描候选；未据此自动固定中文"
"シビア","","candidate","片假名/拉丁字母扫描候选","1","1","0","0","","pm:static:photonmelodies11.rio.004:0426952928:00457529","crsa:photonmelodies11.rio.004@426952928","full_text_katakana_latin_scan","全文机械扫描候选；未据此自动固定中文"
"シメジ","","candidate","片假名/拉丁字母扫描候选","1","1","0","0","","pm:static:photonmelodies11.rio.003:0839604068:00383438","crsa:photonmelodies11.rio.003@839604068","full_text_katakana_latin_scan","全文机械扫描候选；未据此自动固定中文"
"シャキーン","","candidate","片假名/拉丁字母扫描候选","1","1","0","0","","pm:static:photonmelodies11.rio.004:1676972672:00124695","crsa:photonmelodies11.rio.004@1676972672","full_text_katakana_latin_scan","全文机械扫描候选；未据此自动固定中文"
"シャク","","candidate","片假名/拉丁字母扫描候选","1","1","0","0","","pm:static:photonmelodies11.rio.004:0426952928:00428803","crsa:photonmelodies11.rio.004@426952928","full_text_katakana_latin_scan","全文机械扫描候选；未据此自动固定中文"
"シャトルバス","","candidate","片假名/拉丁字母扫描候选","1","1","0","0","","pm:static:photonmelodies11.rio.003:1272111780:00117316","crsa:photonmelodies11.rio.003@1272111780","full_text_katakana_latin_scan","全文机械扫描候选；未据此自动固定中文"
"シャワールーム","","candidate","片假名/拉丁字母扫描候选","1","1","0","0","","pm:static:photonmelodies11.rio.004:1457084560:00339611","crsa:photonmelodies11.rio.004@1457084560","full_text_katakana_latin_scan","全文机械扫描候选；未据此自动固定中文"
"シュッシュッ","","candidate","片假名/拉丁字母扫描候选","1","1","0","0","","pm:static:photonmelodies11.rio.004:0426952928:00315887","crsa:photonmelodies11.rio.004@426952928","full_text_katakana_latin_scan","全文机械扫描候选；未据此自动固定中文"
"シュバ","","candidate","片假名/拉丁字母扫描候选","1","1","0","0","","pm:static:photonmelodies11.rio.004:1015106108:00160695","crsa:photonmelodies11.rio.004@1015106108","full_text_katakana_latin_scan","全文机械扫描候选；未据此自动固定中文"
"シュン","","candidate","片假名/拉丁字母扫描候选","1","1","0","0","","pm:static:photonmelodies11.rio.004:0258770628:00197288","crsa:photonmelodies11.rio.004@258770628","full_text_katakana_latin_scan","全文机械扫描候选；未据此自动固定中文"
"ショ","","candidate","片假名/拉丁字母扫描候选","1","1","0","0","","pm:static:photonmelodies11.rio.004:0426952928:00509817","crsa:photonmelodies11.rio.004@426952928","full_text_katakana_latin_scan","全文机械扫描候选；未据此自动固定中文"
"ショッピングモール","","candidate","片假名/拉丁字母扫描候选","1","1","0","0","","pm:static:photonmelodies11.rio.004:0780938508:00050283","crsa:photonmelodies11.rio.004@780938508","full_text_katakana_latin_scan","全文机械扫描候选；未据此自动固定中文"
"ショボイ","","candidate","片假名/拉丁字母扫描候选","1","1","0","0","","pm:static:photonmelodies11.rio.004:1327482084:00373767","crsa:photonmelodies11.rio.004@1327482084","full_text_katakana_latin_scan","全文机械扫描候选；未据此自动固定中文"
"ションベン","","candidate","片假名/拉丁字母扫描候选","1","1","0","0","","pm:static:photonmelodies11.rio.004:1327482084:00198615","crsa:photonmelodies11.rio.004@1327482084","full_text_katakana_latin_scan","全文机械扫描候选；未据此自动固定中文"
"シラフ","","candidate","片假名/拉丁字母扫描候选","1","1","0","0","","pm:static:photonmelodies11.rio.004:0426952928:00724989","crsa:photonmelodies11.rio.004@426952928","full_text_katakana_latin_scan","全文机械扫描候选；未据此自动固定中文"
"シリコン","","candidate","片假名/拉丁字母扫描候选","1","1","0","0","","pm:static:photonmelodies11.rio.004:1511431932:00223495","crsa:photonmelodies11.rio.004@1511431932","full_text_katakana_latin_scan","全文机械扫描候选；未据此自动固定中文"
"シルク","","candidate","片假名/拉丁字母扫描候选","1","1","0","0","","pm:static:photonmelodies11.rio.004:1361070408:00527249","crsa:photonmelodies11.rio.004@1361070408","full_text_katakana_latin_scan","全文机械扫描候选；未据此自动固定中文"
"シルバ","","candidate","片假名/拉丁字母扫描候选","1","1","0","0","","pm:static:photonmelodies11.rio.004:1361070408:00456439","crsa:photonmelodies11.rio.004@1361070408","full_text_katakana_latin_scan","全文机械扫描候选；未据此自动固定中文"
"シロ","","candidate","片假名/拉丁字母扫描候选","1","1","0","0","","pm:static:photonmelodies11.rio.004:0655753292:00207800","crsa:photonmelodies11.rio.004@655753292","full_text_katakana_latin_scan","全文机械扫描候选；未据此自动固定中文"
"シロウト","","candidate","片假名/拉丁字母扫描候选","1","1","0","0","","pm:static:photonmelodies11.rio.003:1808201404:00137454","crsa:photonmelodies11.rio.003@1808201404","full_text_katakana_latin_scan","全文机械扫描候选；未据此自动固定中文"
"シロガ","","candidate","片假名/拉丁字母扫描候选","1","1","0","0","","pm:static:photonmelodies11.rio.004:0258770628:00284296","crsa:photonmelodies11.rio.004@258770628","full_text_katakana_latin_scan","全文机械扫描候选；未据此自动固定中文"
"シロガネタケル","","candidate","片假名/拉丁字母扫描候选","1","1","0","0","","pm:static:photonmelodies11.rio.004:0655753292:00248076","crsa:photonmelodies11.rio.004@655753292","full_text_katakana_latin_scan","全文机械扫描候选；未据此自动固定中文"
"シンデレラ","","candidate","片假名/拉丁字母扫描候选","1","1","0","0","","pm:static:photonmelodies11.rio.004:0874373084:00222634","crsa:photonmelodies11.rio.004@874373084","full_text_katakana_latin_scan","全文机械扫描候选；未据此自动固定中文"
"シークレットサービス","","candidate","片假名/拉丁字母扫描候选","1","1","0","0","","pm:static:photonmelodies11.rio.004:1511431932:00212623","crsa:photonmelodies11.rio.004@1511431932","full_text_katakana_latin_scan","全文机械扫描候选；未据此自动固定中文"
"シート","","candidate","片假名/拉丁字母扫描候选","1","1","0","0","","pm:static:photonmelodies11.rio.004:1361070408:00305951","crsa:photonmelodies11.rio.004@1361070408","full_text_katakana_latin_scan","全文机械扫描候选；未据此自动固定中文"
"シーユ","","candidate","片假名/拉丁字母扫描候选","1","1","0","0","","pm:static:photonmelodies11.rio.004:0812258960:00373510","crsa:photonmelodies11.rio.004@812258960","full_text_katakana_latin_scan","全文机械扫描候选；未据此自动固定中文"
"シール","","candidate","片假名/拉丁字母扫描候选","1","1","0","0","","pm:static:photonmelodies11.rio.004:0933776684:00275777","crsa:photonmelodies11.rio.004@933776684","full_text_katakana_latin_scan","全文机械扫描候选；未据此自动固定中文"
"ジイ","","candidate","片假名/拉丁字母扫描候选","1","1","0","0","","pm:static:photonmelodies11.rio.004:1269734756:00500336","crsa:photonmelodies11.rio.004@1269734756","full_text_katakana_latin_scan","全文机械扫描候选；未据此自动固定中文"
"ジェットソリ","","candidate","片假名/拉丁字母扫描候选","1","1","0","0","","pm:static:photonmelodies11.rio.004:0695803188:00182175","crsa:photonmelodies11.rio.004@695803188","full_text_katakana_latin_scan","全文机械扫描候选；未据此自动固定中文"
"ジェントルメン","","candidate","片假名/拉丁字母扫描候选","1","1","0","0","","pm:static:photonmelodies11.rio.004:0695803188:00148811","crsa:photonmelodies11.rio.004@695803188","full_text_katakana_latin_scan","全文机械扫描候选；未据此自动固定中文"
"ジェントルメーーーーン","","candidate","片假名/拉丁字母扫描候选","1","1","0","0","","pm:static:photonmelodies11.rio.004:0695803188:00147851","crsa:photonmelodies11.rio.004@695803188","full_text_katakana_latin_scan","全文机械扫描候选；未据此自动固定中文"
"ジャイロセンサ","","candidate","片假名/拉丁字母扫描候选","1","1","0","0","","pm:static:photonmelodies11.rio.004:0426952928:00299853","crsa:photonmelodies11.rio.004@426952928","full_text_katakana_latin_scan","全文机械扫描候选；未据此自动固定中文"
"ジャケット","","candidate","片假名/拉丁字母扫描候选","1","1","0","0","","pm:static:photonmelodies11.rio.004:1361070408:00474813","crsa:photonmelodies11.rio.004@1361070408","full_text_katakana_latin_scan","全文机械扫描候选；未据此自动固定中文"
"ジャパニーズスタイル","","candidate","片假名/拉丁字母扫描候选","1","1","0","0","","pm:static:photonmelodies11.rio.004:0258770628:00215172","crsa:photonmelodies11.rio.004@258770628","full_text_katakana_latin_scan","全文机械扫描候选；未据此自动固定中文"
"ジャブジャブ","","candidate","片假名/拉丁字母扫描候选","1","1","0","0","","pm:static:photonmelodies11.rio.004:0655753292:00177874","crsa:photonmelodies11.rio.004@655753292","full_text_katakana_latin_scan","全文机械扫描候选；未据此自动固定中文"
"ジャラジャラ","","candidate","片假名/拉丁字母扫描候选","1","1","0","0","","pm:static:photonmelodies11.rio.003:1933169644:00162052","crsa:photonmelodies11.rio.003@1933169644","full_text_katakana_latin_scan","全文机械扫描候选；未据此自动固定中文"
"ジリリリリ","","candidate","片假名/拉丁字母扫描候选","1","1","0","0","","pm:static:photonmelodies11.rio.004:1361070408:00493765","crsa:photonmelodies11.rio.004@1361070408","full_text_katakana_latin_scan","全文机械扫描候选；未据此自动固定中文"
"ジーン","","candidate","片假名/拉丁字母扫描候选","1","1","0","0","","pm:static:photonmelodies11.rio.004:1457084560:00238675","crsa:photonmelodies11.rio.004@1457084560","full_text_katakana_latin_scan","全文机械扫描候选；未据此自动固定中文"
"スイカワリ","","candidate","片假名/拉丁字母扫描候选","1","1","0","0","","pm:static:photonmelodies11.rio.004:0812258960:00313802","crsa:photonmelodies11.rio.004@812258960","full_text_katakana_latin_scan","全文机械扫描候选；未据此自动固定中文"
"スイッチオン","","candidate","片假名/拉丁字母扫描候选","1","1","0","0","","pm:static:photonmelodies11.rio.004:1216455180:00071969","crsa:photonmelodies11.rio.004@1216455180","full_text_katakana_latin_scan","全文机械扫描候选；未据此自动固定中文"
"スイッチオーン","","candidate","片假名/拉丁字母扫描候选","1","1","0","0","","pm:static:photonmelodies11.rio.003:2092185664:00397892","crsa:photonmelodies11.rio.003@2092185664","full_text_katakana_latin_scan","全文机械扫描候选；未据此自动固定中文"
"スカッ","","candidate","片假名/拉丁字母扫描候选","1","1","0","0","","pm:static:photonmelodies11.rio.004:1457084560:00398585","crsa:photonmelodies11.rio.004@1457084560","full_text_katakana_latin_scan","全文机械扫描候选；未据此自动固定中文"
"スキャニング","","candidate","片假名/拉丁字母扫描候选","1","1","0","0","","pm:static:photonmelodies11.rio.004:0933776684:00328205","crsa:photonmelodies11.rio.004@933776684","full_text_katakana_latin_scan","全文机械扫描候选；未据此自动固定中文"
"スキューバダイビング","","candidate","片假名/拉丁字母扫描候选","1","1","0","0","","pm:static:photonmelodies11.rio.004:0874373084:00118610","crsa:photonmelodies11.rio.004@874373084","full_text_katakana_latin_scan","全文机械扫描候选；未据此自动固定中文"
"スキーブーツ","","candidate","片假名/拉丁字母扫描候选","1","1","0","0","","pm:static:photonmelodies11.rio.004:0499205748:00138986","crsa:photonmelodies11.rio.004@499205748","full_text_katakana_latin_scan","全文机械扫描候选；未据此自动固定中文"
"スキーヤ","","candidate","片假名/拉丁字母扫描候选","1","1","0","0","","pm:static:photonmelodies11.rio.004:0426952928:00429329","crsa:photonmelodies11.rio.004@426952928","full_text_katakana_latin_scan","全文机械扫描候选；未据此自动固定中文"
"スクミズ","","candidate","片假名/拉丁字母扫描候选","1","1","0","0","","pm:static:photonmelodies11.rio.004:0979390512:00036942","crsa:photonmelodies11.rio.004@979390512","full_text_katakana_latin_scan","全文机械扫描候选；未据此自动固定中文"
"スグレモノ","","candidate","片假名/拉丁字母扫描候选","1","1","0","0","","pm:static:photonmelodies11.rio.004:1327482084:00177091","crsa:photonmelodies11.rio.004@1327482084","full_text_katakana_latin_scan","全文机械扫描候选；未据此自动固定中文"
"スケスケ","","candidate","片假名/拉丁字母扫描候选","1","1","0","0","","pm:static:photonmelodies11.rio.004:1015106108:00178461","crsa:photonmelodies11.rio.004@1015106108","full_text_katakana_latin_scan","全文机械扫描候选；未据此自动固定中文"
"スゲーカッコイイ","","candidate","片假名/拉丁字母扫描候选","1","1","0","0","","pm:static:photonmelodies11.rio.004:1235087732:00626506","crsa:photonmelodies11.rio.004@1235087732","full_text_katakana_latin_scan","全文机械扫描候选；未据此自动固定中文"
"スゲードキドキ","","candidate","片假名/拉丁字母扫描候选","1","1","0","0","","pm:static:photonmelodies11.rio.004:1560893912:00245517","crsa:photonmelodies11.rio.004@1560893912","full_text_katakana_latin_scan","全文机械扫描候选；未据此自动固定中文"
"スタジオ","","candidate","片假名/拉丁字母扫描候选","1","1","0","0","","pm:static:photonmelodies11.rio.002:1544313288:00225782","crsa:photonmelodies11.rio.002@1544313288","full_text_katakana_latin_scan","全文机械扫描候选；未据此自动固定中文"
"スタンプ","","candidate","片假名/拉丁字母扫描候选","1","1","0","0","","pm:static:photonmelodies11.rio.004:1269734756:00237996","crsa:photonmelodies11.rio.004@1269734756","full_text_katakana_latin_scan","全文机械扫描候选；未据此自动固定中文"
"スタートボタン","","candidate","片假名/拉丁字母扫描候选","1","1","0","0","","pm:static:photonmelodies11.rio.004:1361070408:00314403","crsa:photonmelodies11.rio.004@1361070408","full_text_katakana_latin_scan","全文机械扫描候选；未据此自动固定中文"
"スッカラカン","","candidate","片假名/拉丁字母扫描候选","1","1","0","0","","pm:static:photonmelodies11.rio.004:1259067424:00197872","crsa:photonmelodies11.rio.004@1259067424","full_text_katakana_latin_scan","全文机械扫描候选；未据此自动固定中文"
"スッポリ","","candidate","片假名/拉丁字母扫描候选","1","1","0","0","","pm:static:photonmelodies11.rio.003:1933169644:00188504","crsa:photonmelodies11.rio.003@1933169644","full_text_katakana_latin_scan","全文机械扫描候选；未据此自动固定中文"
"ストッパ","","candidate","片假名/拉丁字母扫描候选","1","1","0","0","","pm:static:photonmelodies11.rio.004:0131862200:00151482","crsa:photonmelodies11.rio.004@131862200","full_text_katakana_latin_scan","全文机械扫描候选；未据此自动固定中文"
"ストップストップ","","candidate","片假名/拉丁字母扫描候选","1","1","0","0","","pm:static:photonmelodies11.rio.004:1269734756:00451092","crsa:photonmelodies11.rio.004@1269734756","full_text_katakana_latin_scan","全文机械扫描候选；未据此自动固定中文"
"ストモード","","candidate","片假名/拉丁字母扫描候选","1","1","0","0","","pm:static:photonmelodies11.rio.004:1015106108:00152613","crsa:photonmelodies11.rio.004@1015106108","full_text_katakana_latin_scan","全文机械扫描候选；未据此自动固定中文"
"ストリートバスケ","","candidate","片假名/拉丁字母扫描候选","1","1","0","0","","pm:static:photonmelodies11.rio.004:1269734756:00360002","crsa:photonmelodies11.rio.004@1269734756","full_text_katakana_latin_scan","全文机械扫描候选；未据此自动固定中文"
"ストレートオンリ","","candidate","片假名/拉丁字母扫描候选","1","1","0","0","","pm:static:photonmelodies11.rio.004:0812258960:00301008","crsa:photonmelodies11.rio.004@812258960","full_text_katakana_latin_scan","全文机械扫描候选；未据此自动固定中文"
"スナイプ","","candidate","片假名/拉丁字母扫描候选","1","1","0","0","","pm:static:photonmelodies11.rio.004:1511431932:00299289","crsa:photonmelodies11.rio.004@1511431932","full_text_katakana_latin_scan","全文机械扫描候选；未据此自动固定中文"
"スナハマ","","candidate","片假名/拉丁字母扫描候选","1","1","0","0","","pm:static:photonmelodies11.rio.004:0751768580:00013207","crsa:photonmelodies11.rio.004@751768580","full_text_katakana_latin_scan","全文机械扫描候选；未据此自动固定中文"
"スパイス","","candidate","片假名/拉丁字母扫描候选","1","1","0","0","","pm:static:photonmelodies11.rio.004:0933776684:00524815","crsa:photonmelodies11.rio.004@933776684","full_text_katakana_latin_scan","全文机械扫描候选；未据此自动固定中文"
"スピライタス","","candidate","片假名/拉丁字母扫描候选","1","1","0","0","","pm:static:photonmelodies11.rio.004:0258770628:00147350","crsa:photonmelodies11.rio.004@258770628","full_text_katakana_latin_scan","全文机械扫描候选；未据此自动固定中文"
"スピリータス","","candidate","片假名/拉丁字母扫描候选","1","1","0","0","","pm:static:photonmelodies11.rio.004:0258770628:00147350","crsa:photonmelodies11.rio.004@258770628","full_text_katakana_latin_scan","全文机械扫描候选；未据此自动固定中文"
"スペース","","candidate","片假名/拉丁字母扫描候选","1","1","0","0","","pm:static:photonmelodies11.rio.004:0499205748:00151320","crsa:photonmelodies11.rio.004@499205748","full_text_katakana_latin_scan","全文机械扫描候选；未据此自动固定中文"
"スペースシャトル","","candidate","片假名/拉丁字母扫描候选","1","1","0","0","","pm:static:photonmelodies11.rio.004:1235087732:00548518","crsa:photonmelodies11.rio.004@1235087732","full_text_katakana_latin_scan","全文机械扫描候选；未据此自动固定中文"
"スポイル","","candidate","片假名/拉丁字母扫描候选","1","1","0","0","","pm:static:photonmelodies11.rio.004:0874373084:00203152","crsa:photonmelodies11.rio.004@874373084","full_text_katakana_latin_scan","全文机械扫描候选；未据此自动固定中文"
"スポッ","","candidate","片假名/拉丁字母扫描候选","1","1","0","0","","pm:static:photonmelodies11.rio.004:1676972672:00156625","crsa:photonmelodies11.rio.004@1676972672","full_text_katakana_latin_scan","全文机械扫描候选；未据此自动固定中文"
"スポーツドリンク","","candidate","片假名/拉丁字母扫描候选","1","1","0","0","","pm:static:photonmelodies11.rio.003:1487490840:00124412","crsa:photonmelodies11.rio.003@1487490840","full_text_katakana_latin_scan","全文机械扫描候选；未据此自动固定中文"
"スポーティ","","candidate","片假名/拉丁字母扫描候选","1","1","0","0","","pm:static:photonmelodies11.rio.004:0933776684:00404579","crsa:photonmelodies11.rio.004@933776684","full_text_katakana_latin_scan","全文机械扫描候选；未据此自动固定中文"
"スミ","","candidate","片假名/拉丁字母扫描候选","1","1","0","0","","pm:static:photonmelodies11.rio.004:0655753292:00156448","crsa:photonmelodies11.rio.004@655753292","full_text_katakana_latin_scan","全文机械扫描候选；未据此自动固定中文"
"スライダ","","candidate","片假名/拉丁字母扫描候选","1","1","0","0","","pm:static:photonmelodies11.rio.004:0812258960:00300312","crsa:photonmelodies11.rio.004@812258960","full_text_katakana_latin_scan","全文机械扫描候选；未据此自动固定中文"
"スンゲ","","candidate","片假名/拉丁字母扫描候选","1","1","0","0","","pm:static:photonmelodies11.rio.003:1272111780:00125706","crsa:photonmelodies11.rio.003@1272111780","full_text_katakana_latin_scan","全文机械扫描候选；未据此自动固定中文"
"スーパーハイデッカ","","candidate","片假名/拉丁字母扫描候选","1","1","0","0","","pm:static:photonmelodies11.rio.003:1272111780:00195886","crsa:photonmelodies11.rio.003@1272111780","full_text_katakana_latin_scan","全文机械扫描候选；未据此自动固定中文"
"ズザ","","candidate","片假名/拉丁字母扫描候选","1","1","0","0","","pm:static:photonmelodies11.rio.004:0426952928:00315887","crsa:photonmelodies11.rio.004@426952928","full_text_katakana_latin_scan","全文机械扫描候选；未据此自动固定中文"
"ズズズイッ","","candidate","片假名/拉丁字母扫描候选","1","1","0","0","","pm:static:photonmelodies11.rio.004:1676972672:00189689","crsa:photonmelodies11.rio.004@1676972672","full_text_katakana_latin_scan","全文机械扫描候选；未据此自动固定中文"
"ズッコケ","","candidate","片假名/拉丁字母扫描候选","1","1","0","0","","pm:static:photonmelodies11.rio.004:0258770628:00150068","crsa:photonmelodies11.rio.004@258770628","full_text_katakana_latin_scan","全文机械扫描候选；未据此自动固定中文"
"ズドン","","candidate","片假名/拉丁字母扫描候选","1","1","0","0","","pm:static:photonmelodies11.rio.004:1361070408:00493507","crsa:photonmelodies11.rio.004@1361070408","full_text_katakana_latin_scan","全文机械扫描候选；未据此自动固定中文"
"ズバ","","candidate","片假名/拉丁字母扫描候选","1","1","0","0","","pm:static:photonmelodies11.rio.004:0131862200:00315024","crsa:photonmelodies11.rio.004@131862200","full_text_katakana_latin_scan","全文机械扫描候选；未据此自动固定中文"
"ズバッ","","candidate","片假名/拉丁字母扫描候选","1","1","0","0","","pm:static:photonmelodies11.rio.004:0426952928:00662419","crsa:photonmelodies11.rio.004@426952928","full_text_katakana_latin_scan","全文机械扫描候选；未据此自动固定中文"
"ズバリッ","","candidate","片假名/拉丁字母扫描候选","1","1","0","0","","pm:static:photonmelodies11.rio.004:0874373084:00161074","crsa:photonmelodies11.rio.004@874373084","full_text_katakana_latin_scan","全文机械扫描候选；未据此自动固定中文"
"ズバーリ","","candidate","片假名/拉丁字母扫描候选","1","1","0","0","","pm:static:photonmelodies11.rio.004:0979390512:00036942","crsa:photonmelodies11.rio.004@979390512","full_text_katakana_latin_scan","全文机械扫描候选；未据此自动固定中文"
"ズンズンズンズン","","candidate","片假名/拉丁字母扫描候选","1","1","0","0","","pm:static:photonmelodies11.rio.004:1560893912:00206185","crsa:photonmelodies11.rio.004@1560893912","full_text_katakana_latin_scan","全文机械扫描候选；未据此自动固定中文"
"ズンズンドコ","","candidate","片假名/拉丁字母扫描候选","1","1","0","0","","pm:static:photonmelodies11.rio.004:1560893912:00206185","crsa:photonmelodies11.rio.004@1560893912","full_text_katakana_latin_scan","全文机械扫描候选；未据此自动固定中文"
"ズンドコ","","candidate","片假名/拉丁字母扫描候选","1","1","0","0","","pm:static:photonmelodies11.rio.004:1560893912:00143059","crsa:photonmelodies11.rio.004@1560893912","full_text_katakana_latin_scan","全文机械扫描候选；未据此自动固定中文"
"ズーン","","candidate","片假名/拉丁字母扫描候选","1","1","0","0","","pm:static:photonmelodies11.rio.004:0933776684:00384743","crsa:photonmelodies11.rio.004@933776684","full_text_katakana_latin_scan","全文机械扫描候选；未据此自动固定中文"
"セキュリティシステム","","candidate","片假名/拉丁字母扫描候选","1","1","0","0","","pm:static:photonmelodies11.rio.004:1560893912:00149257","crsa:photonmelodies11.rio.004@1560893912","full_text_katakana_latin_scan","全文机械扫描候选；未据此自动固定中文"
"セクハラ","","candidate","片假名/拉丁字母扫描候选","1","1","0","0","","pm:static:photonmelodies11.rio.004:1269734756:00302602","crsa:photonmelodies11.rio.004@1269734756","full_text_katakana_latin_scan","全文机械扫描候选；未据此自动固定中文"
"セヨ","","candidate","片假名/拉丁字母扫描候选","1","1","0","0","","pm:static:photonmelodies11.rio.004:0426952928:00421825","crsa:photonmelodies11.rio.004@426952928","full_text_katakana_latin_scan","全文机械扫描候选；未据此自动固定中文"
"セロハンテープ","","candidate","片假名/拉丁字母扫描候选","1","1","0","0","","pm:static:photonmelodies11.rio.004:1361070408:00384435","crsa:photonmelodies11.rio.004@1361070408","full_text_katakana_latin_scan","全文机械扫描候选；未据此自动固定中文"
"センザイイチグ","","candidate","片假名/拉丁字母扫描候选","1","1","0","0","","pm:static:photonmelodies11.rio.004:0499205748:00212700","crsa:photonmelodies11.rio.004@499205748","full_text_katakana_latin_scan","全文机械扫描候选；未据此自动固定中文"
"センチ","","candidate","片假名/拉丁字母扫描候选","1","1","0","0","","pm:static:photonmelodies11.rio.004:1361070408:00529219","crsa:photonmelodies11.rio.004@1361070408","full_text_katakana_latin_scan","全文机械扫描候选；未据此自动固定中文"
"セーフティボックス","","candidate","片假名/拉丁字母扫描候选","1","1","0","0","","pm:static:photonmelodies11.rio.004:0780938508:00084367","crsa:photonmelodies11.rio.004@780938508","full_text_katakana_latin_scan","全文机械扫描候选；未据此自动固定中文"
"セーラ","","candidate","片假名/拉丁字母扫描候选","1","1","0","0","","pm:static:photonmelodies11.rio.003:1933169644:00138416","crsa:photonmelodies11.rio.003@1933169644","full_text_katakana_latin_scan","全文机械扫描候选；未据此自动固定中文"
"ゼッケ","","candidate","片假名/拉丁字母扫描候选","1","1","0","0","","pm:static:photonmelodies11.rio.004:0655753292:00113278","crsa:photonmelodies11.rio.004@655753292","full_text_katakana_latin_scan","全文机械扫描候选；未据此自动固定中文"
"ゼッテ","","candidate","片假名/拉丁字母扫描候选","1","1","0","0","","pm:static:photonmelodies11.rio.004:0426952928:00428353","crsa:photonmelodies11.rio.004@426952928","full_text_katakana_latin_scan","全文机械扫描候选；未据此自动固定中文"
"ゼヒッッッ","","candidate","片假名/拉丁字母扫描候选","1","1","0","0","","pm:static:photonmelodies11.rio.004:0933776684:00332765","crsa:photonmelodies11.rio.004@933776684","full_text_katakana_latin_scan","全文机械扫描候选；未据此自动固定中文"
"ゼリ","","candidate","片假名/拉丁字母扫描候选","1","1","0","0","","pm:static:photonmelodies11.rio.004:1327482084:00343375","crsa:photonmelodies11.rio.004@1327482084","full_text_katakana_latin_scan","全文机械扫描候选；未据此自动固定中文"
"ゼリフ","","candidate","片假名/拉丁字母扫描候选","1","1","0","0","","pm:static:photonmelodies11.rio.003:1808201404:00115666","crsa:photonmelodies11.rio.003@1808201404","full_text_katakana_latin_scan","全文机械扫描候选；未据此自动固定中文"
"ゼロゼロ","","candidate","片假名/拉丁字母扫描候选","1","1","0","0","","pm:static:photonmelodies11.rio.004:1235087732:00258712","crsa:photonmelodies11.rio.004@1235087732","full_text_katakana_latin_scan","全文机械扫描候选；未据此自动固定中文"
"ゼーンゼン","","candidate","片假名/拉丁字母扫描候选","1","1","0","0","","pm:static:photonmelodies11.rio.004:0812258960:00404628","crsa:photonmelodies11.rio.004@812258960","full_text_katakana_latin_scan","全文机械扫描候选；未据此自动固定中文"
"ソイツ","","candidate","片假名/拉丁字母扫描候选","1","1","0","0","","pm:static:photonmelodies11.rio.004:0499205748:00087962","crsa:photonmelodies11.rio.004@499205748","full_text_katakana_latin_scan","全文机械扫描候选；未据此自动固定中文"
"ソリゲット","","candidate","片假名/拉丁字母扫描候选","1","1","0","0","","pm:static:photonmelodies11.rio.004:0601851372:00172905","crsa:photonmelodies11.rio.004@601851372","full_text_katakana_latin_scan","全文机械扫描候选；未据此自动固定中文"
"ソレモアリマセンッ","","candidate","片假名/拉丁字母扫描候选","1","1","0","0","","pm:static:photonmelodies11.rio.004:1457084560:00262889","crsa:photonmelodies11.rio.004@1457084560","full_text_katakana_latin_scan","全文机械扫描候选；未据此自动固定中文"
"ソンゲン","","candidate","片假名/拉丁字母扫描候选","1","1","0","0","","pm:static:photonmelodies11.rio.003:1272111780:00168594","crsa:photonmelodies11.rio.003@1272111780","full_text_katakana_latin_scan","全文机械扫描候选；未据此自动固定中文"
"ソーリ","","candidate","片假名/拉丁字母扫描候选","1","1","0","0","","pm:static:photonmelodies11.rio.004:0812258960:00373510","crsa:photonmelodies11.rio.004@812258960","full_text_katakana_latin_scan","全文机械扫描候选；未据此自动固定中文"
"ゾウリムシレベル","","candidate","片假名/拉丁字母扫描候选","1","1","0","0","","pm:static:photonmelodies11.rio.004:0812258960:00449030","crsa:photonmelodies11.rio.004@812258960","full_text_katakana_latin_scan","全文机械扫描候选；未据此自动固定中文"
"ゾクゾク","","candidate","片假名/拉丁字母扫描候选","1","1","0","0","","pm:static:photonmelodies11.rio.003:2092185664:00234720","crsa:photonmelodies11.rio.003@2092185664","full_text_katakana_latin_scan","全文机械扫描候选；未据此自动固定中文"
"タイチョ","","candidate","片假名/拉丁字母扫描候选","1","1","0","0","","pm:static:photonmelodies11.rio.004:1560893912:00136809","crsa:photonmelodies11.rio.004@1560893912","full_text_katakana_latin_scan","全文机械扫描候选；未据此自动固定中文"
"タイツマン","","candidate","片假名/拉丁字母扫描候选","1","1","0","0","","pm:static:photonmelodies11.rio.004:0655753292:00198942","crsa:photonmelodies11.rio.004@655753292","full_text_katakana_latin_scan","全文机械扫描候选；未据此自动固定中文"
"タイトル","","candidate","片假名/拉丁字母扫描候选","1","1","0","0","","pm:static:photonmelodies11.rio.004:1361070408:00311543","crsa:photonmelodies11.rio.004@1361070408","full_text_katakana_latin_scan","全文机械扫描候选；未据此自动固定中文"
"タイヘン","","candidate","片假名/拉丁字母扫描候选","1","1","0","0","","pm:static:photonmelodies11.rio.004:0426952928:00595627","crsa:photonmelodies11.rio.004@426952928","full_text_katakana_latin_scan","全文机械扫描候选；未据此自动固定中文"
"タイムラグ","","candidate","片假名/拉丁字母扫描候选","1","1","0","0","","pm:static:photonmelodies11.rio.004:0812258960:00415262","crsa:photonmelodies11.rio.004@812258960","full_text_katakana_latin_scan","全文机械扫描候选；未据此自动固定中文"
"タイムリミット","","candidate","片假名/拉丁字母扫描候选","1","1","0","0","","pm:static:photonmelodies11.rio.004:0933776684:00542803","crsa:photonmelodies11.rio.004@933776684","full_text_katakana_latin_scan","全文机械扫描候选；未据此自动固定中文"
"タグ","","candidate","片假名/拉丁字母扫描候选","1","1","0","0","","pm:static:photonmelodies11.rio.004:1361070408:00229991","crsa:photonmelodies11.rio.004@1361070408","full_text_katakana_latin_scan","全文机械扫描候选；未据此自动固定中文"
"タケルイジワル","","candidate","片假名/拉丁字母扫描候选","1","1","0","0","","pm:static:photonmelodies11.rio.004:1457084560:00480383","crsa:photonmelodies11.rio.004@1457084560","full_text_katakana_latin_scan","全文机械扫描候选；未据此自动固定中文"
"タケルゥヒゲ","","candidate","片假名/拉丁字母扫描候选","1","1","0","0","","pm:static:photonmelodies11.rio.004:0695803188:00148495","crsa:photonmelodies11.rio.004@695803188","full_text_katakana_latin_scan","全文机械扫描候选；未据此自动固定中文"
"タケルッッ","","candidate","片假名/拉丁字母扫描候选","1","1","0","0","","pm:static:photonmelodies11.rio.004:0131862200:00289684","crsa:photonmelodies11.rio.004@131862200","full_text_katakana_latin_scan","全文机械扫描候选；未据此自动固定中文"
"タテ","","candidate","片假名/拉丁字母扫描候选","1","1","0","0","","pm:static:photonmelodies11.rio.004:1511431932:00236253","crsa:photonmelodies11.rio.004@1511431932","full_text_katakana_latin_scan","全文机械扫描候选；未据此自动固定中文"
"タブ","","candidate","片假名/拉丁字母扫描候选","1","1","0","0","","pm:static:photonmelodies11.rio.004:0655753292:00164226","crsa:photonmelodies11.rio.004@655753292","full_text_katakana_latin_scan","全文机械扫描候选；未据此自动固定中文"
"タマ","","candidate","片假名/拉丁字母扫描候选","1","1","0","0","","pm:static:photonmelodies11.rio.004:1235087732:00332222","crsa:photonmelodies11.rio.004@1235087732","full_text_katakana_latin_scan","全文机械扫描候选；未据此自动固定中文"
"タロ","","candidate","片假名/拉丁字母扫描候选","1","1","0","0","","pm:static:photonmelodies11.rio.004:0655753292:00207800","crsa:photonmelodies11.rio.004@655753292","full_text_katakana_latin_scan","全文机械扫描候选；未据此自动固定中文"
"ダウンヒル","","candidate","片假名/拉丁字母扫描候选","1","1","0","0","","pm:static:photonmelodies11.rio.004:0426952928:00310121","crsa:photonmelodies11.rio.004@426952928","full_text_katakana_latin_scan","全文机械扫描候选；未据此自动固定中文"
"ダクト","","candidate","片假名/拉丁字母扫描候选","1","1","0","0","","pm:static:photonmelodies11.rio.004:1361070408:00292065","crsa:photonmelodies11.rio.004@1361070408","full_text_katakana_latin_scan","全文机械扫描候选；未据此自动固定中文"
"ダストシュート","","candidate","片假名/拉丁字母扫描候选","1","1","0","0","","pm:static:photonmelodies11.rio.004:1015106108:00163547","crsa:photonmelodies11.rio.004@1015106108","full_text_katakana_latin_scan","全文机械扫描候选；未据此自动固定中文"
"ダダダダ","","candidate","片假名/拉丁字母扫描候选","1","1","0","0","","pm:static:photonmelodies11.rio.004:1361070408:00493765","crsa:photonmelodies11.rio.004@1361070408","full_text_katakana_latin_scan","全文机械扫描候选；未据此自动固定中文"
"ダチ","","candidate","片假名/拉丁字母扫描候选","1","1","0","0","","pm:static:photonmelodies11.rio.003:2092185664:00222218","crsa:photonmelodies11.rio.003@2092185664","full_text_katakana_latin_scan","全文机械扫描候选；未据此自动固定中文"
"ダテ","","candidate","片假名/拉丁字母扫描候选","1","1","0","0","","pm:static:photonmelodies11.rio.004:0655753292:00213206","crsa:photonmelodies11.rio.004@655753292","full_text_katakana_latin_scan","全文机械扫描候选；未据此自动固定中文"
"ダメダメダメダメダメダメダメダメダメッッ","","candidate","片假名/拉丁字母扫描候选","1","1","0","0","","pm:static:photonmelodies11.rio.003:2092185664:00372078","crsa:photonmelodies11.rio.003@2092185664","full_text_katakana_latin_scan","全文机械扫描候选；未据此自动固定中文"
"ダメダメダメダメダメダメダメダメッッッ","","candidate","片假名/拉丁字母扫描候选","1","1","0","0","","pm:static:photonmelodies11.rio.003:1272111780:00137288","crsa:photonmelodies11.rio.003@1272111780","full_text_katakana_latin_scan","全文机械扫描候选；未据此自动固定中文"
"ダメダメダメダメダメダメッ","","candidate","片假名/拉丁字母扫描候选","1","1","0","0","","pm:static:photonmelodies11.rio.004:0933776684:00436713","crsa:photonmelodies11.rio.004@933776684","full_text_katakana_latin_scan","全文机械扫描候选；未据此自动固定中文"
"ダメダメダメダメダメダメッッ","","candidate","片假名/拉丁字母扫描候选","1","1","0","0","","pm:static:photonmelodies11.rio.004:0601851372:00212789","crsa:photonmelodies11.rio.004@601851372","full_text_katakana_latin_scan","全文机械扫描候选；未据此自动固定中文"
"ダメーーッ","","candidate","片假名/拉丁字母扫描候选","1","1","0","0","","pm:static:photonmelodies11.rio.003:2092185664:00372078","crsa:photonmelodies11.rio.003@2092185664","full_text_katakana_latin_scan","全文机械扫描候选；未据此自动固定中文"
"ダンナ","","candidate","片假名/拉丁字母扫描候选","1","1","0","0","","pm:static:photonmelodies11.rio.004:0258770628:00143228","crsa:photonmelodies11.rio.004@258770628","full_text_katakana_latin_scan","全文机械扫描候选；未据此自动固定中文"
"チェインジ","","candidate","片假名/拉丁字母扫描候选","1","1","0","0","","pm:static:photonmelodies11.rio.004:0812258960:00264048","crsa:photonmelodies11.rio.004@812258960","full_text_katakana_latin_scan","全文机械扫描候选；未据此自动固定中文"
"チェーンロック","","candidate","片假名/拉丁字母扫描候选","1","1","0","0","","pm:static:photonmelodies11.rio.003:1933169644:00076670","crsa:photonmelodies11.rio.003@1933169644","full_text_katakana_latin_scan","全文机械扫描候选；未据此自动固定中文"
"チクショ","","candidate","片假名/拉丁字母扫描候选","1","1","0","0","","pm:static:photonmelodies11.rio.004:0933776684:00543093","crsa:photonmelodies11.rio.004@933776684","full_text_katakana_latin_scan","全文机械扫描候选；未据此自动固定中文"
"チケット","","candidate","片假名/拉丁字母扫描候选","1","1","0","0","","pm:static:photonmelodies11.rio.004:0695803188:00162259","crsa:photonmelodies11.rio.004@695803188","full_text_katakana_latin_scan","全文机械扫描候选；未据此自动固定中文"
"チッチッチ","","candidate","片假名/拉丁字母扫描候选","1","1","0","0","","pm:static:photonmelodies11.rio.004:1361070408:00453269","crsa:photonmelodies11.rio.004@1361070408","full_text_katakana_latin_scan","全文机械扫描候选；未据此自动固定中文"
"チャイナ","","candidate","片假名/拉丁字母扫描候选","1","1","0","0","","pm:static:photonmelodies11.rio.003:1933169644:00136312","crsa:photonmelodies11.rio.003@1933169644","full_text_katakana_latin_scan","全文机械扫描候选；未据此自动固定中文"
"チャックザウバ","","candidate","片假名/拉丁字母扫描候选","1","1","0","0","","pm:static:photonmelodies11.rio.003:1487490840:00141556","crsa:photonmelodies11.rio.003@1487490840","full_text_katakana_latin_scan","全文机械扫描候选；未据此自动固定中文"
"チューブ","","candidate","片假名/拉丁字母扫描候选","1","1","0","0","","pm:static:photonmelodies11.rio.004:1015106108:00254745","crsa:photonmelodies11.rio.004@1015106108","full_text_katakana_latin_scan","全文机械扫描候选；未据此自动固定中文"
"チューモク","","candidate","片假名/拉丁字母扫描候选","1","1","0","0","","pm:static:photonmelodies11.rio.004:0979390512:00036606","crsa:photonmelodies11.rio.004@979390512","full_text_katakana_latin_scan","全文机械扫描候选；未据此自动固定中文"
"チョイス","","candidate","片假名/拉丁字母扫描候选","1","1","0","0","","pm:static:photonmelodies11.rio.004:1235087732:00421008","crsa:photonmelodies11.rio.004@1235087732","full_text_katakana_latin_scan","全文机械扫描候选；未据此自动固定中文"
"チョコマカ","","candidate","片假名/拉丁字母扫描候选","1","1","0","0","","pm:static:photonmelodies11.rio.004:0426952928:00393359","crsa:photonmelodies11.rio.004@426952928","full_text_katakana_latin_scan","全文机械扫描候选；未据此自动固定中文"
"チョップ","","candidate","片假名/拉丁字母扫描候选","1","1","0","0","","pm:static:photonmelodies11.rio.004:1015106108:00183769","crsa:photonmelodies11.rio.004@1015106108","full_text_katakana_latin_scan","全文机械扫描候选；未据此自动固定中文"
"チョムチョム","","candidate","片假名/拉丁字母扫描候选","1","1","0","0","","pm:static:photonmelodies11.rio.003:1668688832:00319317","crsa:photonmelodies11.rio.003@1668688832","full_text_katakana_latin_scan","全文机械扫描候选；未据此自动固定中文"
"チラッ","","candidate","片假名/拉丁字母扫描候选","1","1","0","0","","pm:static:photonmelodies11.rio.004:0426952928:00394837","crsa:photonmelodies11.rio.004@426952928","full_text_katakana_latin_scan","全文机械扫描候选；未据此自动固定中文"
"チルドレン","","candidate","片假名/拉丁字母扫描候选","1","1","0","0","","pm:static:photonmelodies11.rio.004:1269734756:00325026","crsa:photonmelodies11.rio.004@1269734756","full_text_katakana_latin_scan","全文机械扫描候选；未据此自动固定中文"
"チンケ","","candidate","片假名/拉丁字母扫描候选","1","1","0","0","","pm:static:photonmelodies11.rio.004:0426952928:00325897","crsa:photonmelodies11.rio.004@426952928","full_text_katakana_latin_scan","全文机械扫描候选；未据此自动固定中文"
"チークワーク","","candidate","片假名/拉丁字母扫描候选","1","1","0","0","","pm:static:photonmelodies11.rio.003:0839604068:00243430","crsa:photonmelodies11.rio.003@839604068","full_text_katakana_latin_scan","全文机械扫描候选；未据此自动固定中文"
"チーズケーキ","","candidate","片假名/拉丁字母扫描候选","1","1","0","0","","pm:static:photonmelodies11.rio.003:1808201404:00126612","crsa:photonmelodies11.rio.003@1808201404","full_text_katakana_latin_scan","全文机械扫描候选；未据此自动固定中文"
"チープ","","candidate","片假名/拉丁字母扫描候选","1","1","0","0","","pm:static:photonmelodies11.rio.004:0131862200:00282188","crsa:photonmelodies11.rio.004@131862200","full_text_katakana_latin_scan","全文机械扫描候选；未据此自动固定中文"
"ッフゥゥゥ","","candidate","片假名/拉丁字母扫描候选","1","1","0","0","","pm:static:photonmelodies11.rio.004:0695803188:00159629","crsa:photonmelodies11.rio.004@695803188","full_text_katakana_latin_scan","全文机械扫描候选；未据此自动固定中文"
"ッブゥゥゥゥメランンッッ","","candidate","片假名/拉丁字母扫描候选","1","1","0","0","","pm:static:photonmelodies11.rio.004:1676972672:00229333","crsa:photonmelodies11.rio.004@1676972672","full_text_katakana_latin_scan","全文机械扫描候选；未据此自动固定中文"
"ツア","","candidate","片假名/拉丁字母扫描候选","1","1","0","0","","pm:static:photonmelodies11.rio.004:0426952928:00728495","crsa:photonmelodies11.rio.004@426952928","full_text_katakana_latin_scan","全文机械扫描候选；未据此自动固定中文"
"ツッコ","","candidate","片假名/拉丁字母扫描候选","1","1","0","0","","pm:static:photonmelodies11.rio.004:0408936772:00047557","crsa:photonmelodies11.rio.004@408936772","full_text_katakana_latin_scan","全文机械扫描候选；未据此自动固定中文"
"ツッコミボケ","","candidate","片假名/拉丁字母扫描候选","1","1","0","0","","pm:static:photonmelodies11.rio.004:0695803188:00169327","crsa:photonmelodies11.rio.004@695803188","full_text_katakana_latin_scan","全文机械扫描候选；未据此自动固定中文"
"ツナギ","","candidate","片假名/拉丁字母扫描候选","1","1","0","0","","pm:static:photonmelodies11.rio.004:0426952928:00570725","crsa:photonmelodies11.rio.004@426952928","full_text_katakana_latin_scan","全文机械扫描候选；未据此自动固定中文"
"ツマ","","candidate","片假名/拉丁字母扫描候选","1","1","0","0","","pm:static:photonmelodies11.rio.004:1269734756:00369748","crsa:photonmelodies11.rio.004@1269734756","full_text_katakana_latin_scan","全文机械扫描候选；未据此自动固定中文"
"ツルツル","","candidate","片假名/拉丁字母扫描候选","1","1","0","0","","pm:static:photonmelodies11.rio.004:1327482084:00237089","crsa:photonmelodies11.rio.004@1327482084","full_text_katakana_latin_scan","全文机械扫描候选；未据此自动固定中文"
"ツーショット","","candidate","片假名/拉丁字母扫描候选","1","1","0","0","","pm:static:photonmelodies11.rio.004:1269734756:00304784","crsa:photonmelodies11.rio.004@1269734756","full_text_katakana_latin_scan","全文机械扫描候选；未据此自动固定中文"
"ヅガレダ","","candidate","片假名/拉丁字母扫描候选","1","1","0","0","","pm:static:photonmelodies11.rio.004:0655753292:00161020","crsa:photonmelodies11.rio.004@655753292","full_text_katakana_latin_scan","全文机械扫描候选；未据此自动固定中文"
"ティーピーエフ","","candidate","片假名/拉丁字母扫描候选","1","1","0","0","","pm:static:photonmelodies11.rio.004:1410213692:00125100","crsa:photonmelodies11.rio.004@1410213692","full_text_katakana_latin_scan","全文机械扫描候选；未据此自动固定中文"
"テイク","","candidate","片假名/拉丁字母扫描候选","1","1","0","0","","pm:static:photonmelodies11.rio.004:0933776684:00435089","crsa:photonmelodies11.rio.004@933776684","full_text_katakana_latin_scan","全文机械扫描候选；未据此自动固定中文"
"テキトウ","","candidate","片假名/拉丁字母扫描候选","1","1","0","0","","pm:static:photonmelodies11.rio.004:1410213692:00129782","crsa:photonmelodies11.rio.004@1410213692","full_text_katakana_latin_scan","全文机械扫描候选；未据此自动固定中文"
"テステステース","","candidate","片假名/拉丁字母扫描候选","1","1","0","0","","pm:static:photonmelodies11.rio.004:0695803188:00147607","crsa:photonmelodies11.rio.004@695803188","full_text_katakana_latin_scan","全文机械扫描候选；未据此自动固定中文"
"テストプレイ","","candidate","片假名/拉丁字母扫描候选","1","1","0","0","","pm:static:photonmelodies11.rio.004:1259067424:00176848","crsa:photonmelodies11.rio.004@1259067424","full_text_katakana_latin_scan","全文机械扫描候选；未据此自动固定中文"
"テニス","","candidate","片假名/拉丁字母扫描候选","1","1","0","0","","pm:static:photonmelodies11.rio.004:0874373084:00125222","crsa:photonmelodies11.rio.004@874373084","full_text_katakana_latin_scan","全文机械扫描候选；未据此自动固定中文"
"テメッ","","candidate","片假名/拉丁字母扫描候选","1","1","0","0","","pm:static:photonmelodies11.rio.003:2092185664:00171606","crsa:photonmelodies11.rio.003@2092185664","full_text_katakana_latin_scan","全文机械扫描候选；未据此自动固定中文"
"テレパス","","candidate","片假名/拉丁字母扫描候选","1","1","0","0","","pm:static:photonmelodies11.rio.004:0933776684:00624695","crsa:photonmelodies11.rio.004@933776684","full_text_katakana_latin_scan","全文机械扫描候选；未据此自动固定中文"
"テンパ","","candidate","片假名/拉丁字母扫描候选","1","1","0","0","","pm:static:photonmelodies11.rio.004:1457084560:00365819","crsa:photonmelodies11.rio.004@1457084560","full_text_katakana_latin_scan","全文机械扫描候选；未据此自动固定中文"
"テンポ","","candidate","片假名/拉丁字母扫描候选","1","1","0","0","","pm:static:photonmelodies11.rio.004:1269734756:00417990","crsa:photonmelodies11.rio.004@1269734756","full_text_katakana_latin_scan","全文机械扫描候选；未据此自动固定中文"
"テーブル","","candidate","片假名/拉丁字母扫描候选","1","1","0","0","","pm:static:photonmelodies11.rio.004:1361070408:00458893","crsa:photonmelodies11.rio.004@1361070408","full_text_katakana_latin_scan","全文机械扫描候选；未据此自动固定中文"
"ディスインフォメーション","","candidate","片假名/拉丁字母扫描候选","1","1","0","0","","pm:static:photonmelodies11.rio.003:0839604068:00252394","crsa:photonmelodies11.rio.003@839604068","full_text_katakana_latin_scan","全文机械扫描候选；未据此自动固定中文"
"デケ","","candidate","片假名/拉丁字母扫描候选","1","1","0","0","","pm:static:photonmelodies11.rio.004:1560893912:00157719","crsa:photonmelodies11.rio.004@1560893912","full_text_katakana_latin_scan","全文机械扫描候选；未据此自动固定中文"
"デコ","","candidate","片假名/拉丁字母扫描候选","1","1","0","0","","pm:static:photonmelodies11.rio.004:0258770628:00186056","crsa:photonmelodies11.rio.004@258770628","full_text_katakana_latin_scan","全文机械扫描候选；未据此自动固定中文"
"デザート","","candidate","片假名/拉丁字母扫描候选","1","1","0","0","","pm:static:photonmelodies11.rio.003:2092185664:00191636","crsa:photonmelodies11.rio.003@2092185664","full_text_katakana_latin_scan","全文机械扫描候选；未据此自动固定中文"
"デジャヴ","","candidate","片假名/拉丁字母扫描候选","1","1","0","0","","pm:static:photonmelodies11.rio.004:0426952928:00390945","crsa:photonmelodies11.rio.004@426952928","full_text_katakana_latin_scan","全文机械扫描候选；未据此自动固定中文"
"デス","","candidate","片假名/拉丁字母扫描候选","1","1","0","0","","pm:static:photonmelodies11.rio.004:0258770628:00238534","crsa:photonmelodies11.rio.004@258770628","full_text_katakana_latin_scan","全文机械扫描候选；未据此自动固定中文"
"デスネ","","candidate","片假名/拉丁字母扫描候选","1","1","0","0","","pm:static:photonmelodies11.rio.004:0426952928:00596047","crsa:photonmelodies11.rio.004@426952928","full_text_katakana_latin_scan","全文机械扫描候选；未据此自动固定中文"
"デスマーチパーティ","","candidate","片假名/拉丁字母扫描候选","1","1","0","0","","pm:static:photonmelodies11.rio.004:0695803188:00154221","crsa:photonmelodies11.rio.004@695803188","full_text_katakana_latin_scan","全文机械扫描候选；未据此自动固定中文"
"デッ","","candidate","片假名/拉丁字母扫描候选","1","1","0","0","","pm:static:photonmelodies11.rio.004:0258770628:00208744","crsa:photonmelodies11.rio.004@258770628","full_text_katakana_latin_scan","全文机械扫描候选；未据此自动固定中文"
"デデン","","candidate","片假名/拉丁字母扫描候选","1","1","0","0","","pm:static:photonmelodies11.rio.004:0601851372:00175599","crsa:photonmelodies11.rio.004@601851372","full_text_katakana_latin_scan","全文机械扫描候选；未据此自动固定中文"
"デバガメ","","candidate","片假名/拉丁字母扫描候选","1","1","0","0","","pm:static:photonmelodies11.rio.004:1676972672:00212225","crsa:photonmelodies11.rio.004@1676972672","full_text_katakana_latin_scan","全文机械扫描候选；未据此自动固定中文"
"デパート","","candidate","片假名/拉丁字母扫描候选","1","1","0","0","","pm:static:photonmelodies11.rio.004:1361070408:00237613","crsa:photonmelodies11.rio.004@1361070408","full_text_katakana_latin_scan","全文机械扫描候选；未据此自动固定中文"
"デマ","","candidate","片假名/拉丁字母扫描候选","1","1","0","0","","pm:static:photonmelodies11.rio.004:1269734756:00209986","crsa:photonmelodies11.rio.004@1269734756","full_text_katakana_latin_scan","全文机械扫描候选；未据此自动固定中文"
"デースカ","","candidate","片假名/拉丁字母扫描候选","1","1","0","0","","pm:static:photonmelodies11.rio.004:0131862200:00274510","crsa:photonmelodies11.rio.004@131862200","full_text_katakana_latin_scan","全文机械扫描候选；未据此自动固定中文"
"デースヨ","","candidate","片假名/拉丁字母扫描候选","1","1","0","0","","pm:static:photonmelodies11.rio.004:0426952928:00509481","crsa:photonmelodies11.rio.004@426952928","full_text_katakana_latin_scan","全文机械扫描候选；未据此自动固定中文"
"デート","","candidate","片假名/拉丁字母扫描候选","1","1","0","0","","pm:static:photonmelodies11.rio.004:1457084560:00207695","crsa:photonmelodies11.rio.004@1457084560","full_text_katakana_latin_scan","全文机械扫描候选；未据此自动固定中文"
"トコオレ","","candidate","片假名/拉丁字母扫描候选","1","1","0","0","","pm:static:photonmelodies11.rio.004:1235087732:00379390","crsa:photonmelodies11.rio.004@1235087732","full_text_katakana_latin_scan","全文机械扫描候选；未据此自动固定中文"
"トコッ","","candidate","片假名/拉丁字母扫描候选","1","1","0","0","","pm:static:photonmelodies11.rio.004:1361070408:00410109","crsa:photonmelodies11.rio.004@1361070408","full_text_katakana_latin_scan","全文机械扫描候选；未据此自动固定中文"
"トス","","candidate","片假名/拉丁字母扫描候选","1","1","0","0","","pm:static:photonmelodies11.rio.003:0839604068:00196488","crsa:photonmelodies11.rio.003@839604068","full_text_katakana_latin_scan","全文机械扫描候选；未据此自动固定中文"
"トップクラス","","candidate","片假名/拉丁字母扫描候选","1","1","0","0","","pm:static:photonmelodies11.rio.004:0131862200:00200528","crsa:photonmelodies11.rio.004@131862200","full_text_katakana_latin_scan","全文机械扫描候选；未据此自动固定中文"
"トップレス","","candidate","片假名/拉丁字母扫描候选","1","1","0","0","","pm:static:photonmelodies11.rio.004:1015106108:00227175","crsa:photonmelodies11.rio.004@1015106108","full_text_katakana_latin_scan","全文机械扫描候选；未据此自动固定中文"
"トラ","","candidate","片假名/拉丁字母扫描候选","1","1","0","0","","pm:static:photonmelodies11.rio.004:1269734756:00475642","crsa:photonmelodies11.rio.004@1269734756","full_text_katakana_latin_scan","全文机械扫描候选；未据此自动固定中文"
"トラック","","candidate","片假名/拉丁字母扫描候选","1","1","0","0","","pm:static:photonmelodies11.rio.004:1361070408:00286613","crsa:photonmelodies11.rio.004@1361070408","full_text_katakana_latin_scan","全文机械扫描候选；未据此自动固定中文"
"トラフグ","","candidate","片假名/拉丁字母扫描候选","1","1","0","0","","pm:static:photonmelodies11.rio.004:0258770628:00127150","crsa:photonmelodies11.rio.004@258770628","full_text_katakana_latin_scan","全文机械扫描候选；未据此自动固定中文"
"トランクス","","candidate","片假名/拉丁字母扫描候选","1","1","0","0","","pm:static:photonmelodies11.rio.004:0812258960:00264382","crsa:photonmelodies11.rio.004@812258960","full_text_katakana_latin_scan","全文机械扫描候选；未据此自动固定中文"
"トン","","candidate","片假名/拉丁字母扫描候选","1","1","0","0","","pm:static:photonmelodies11.rio.004:1511431932:00306495","crsa:photonmelodies11.rio.004@1511431932","full_text_katakana_latin_scan","全文机械扫描候选；未据此自动固定中文"
"トンデモナイッッ","","candidate","片假名/拉丁字母扫描候选","1","1","0","0","","pm:static:photonmelodies11.rio.004:0695803188:00130985","crsa:photonmelodies11.rio.004@695803188","full_text_katakana_latin_scan","全文机械扫描候选；未据此自动固定中文"
"トンヌラ","","candidate","片假名/拉丁字母扫描候选","1","1","0","0","","pm:static:photonmelodies11.rio.004:1511431932:00306223","crsa:photonmelodies11.rio.004@1511431932","full_text_katakana_latin_scan","全文机械扫描候选；未据此自动固定中文"
"トータルデザイン","","candidate","片假名/拉丁字母扫描候选","1","1","0","0","","pm:static:photonmelodies11.rio.004:1216455180:00064901","crsa:photonmelodies11.rio.004@1216455180","full_text_katakana_latin_scan","全文机械扫描候选；未据此自动固定中文"
"トータルバランス","","candidate","片假名/拉丁字母扫描候选","1","1","0","0","","pm:static:photonmelodies11.rio.004:0131862200:00222004","crsa:photonmelodies11.rio.004@131862200","full_text_katakana_latin_scan","全文机械扫描候选；未据此自动固定中文"
"ドカッ","","candidate","片假名/拉丁字母扫描候选","1","1","0","0","","pm:static:photonmelodies11.rio.004:0426952928:00538269","crsa:photonmelodies11.rio.004@426952928","full_text_katakana_latin_scan","全文机械扫描候选；未据此自动固定中文"
"ドカン","","candidate","片假名/拉丁字母扫描候选","1","1","0","0","","pm:static:photonmelodies11.rio.004:1361070408:00483369","crsa:photonmelodies11.rio.004@1361070408","full_text_katakana_latin_scan","全文机械扫描候选；未据此自动固定中文"
"ドギャーン","","candidate","片假名/拉丁字母扫描候选","1","1","0","0","","pm:static:photonmelodies11.rio.004:1457084560:00253689","crsa:photonmelodies11.rio.004@1457084560","full_text_katakana_latin_scan","全文机械扫描候选；未据此自动固定中文"
"ドシドシ","","candidate","片假名/拉丁字母扫描候选","1","1","0","0","","pm:static:photonmelodies11.rio.004:1361070408:00287737","crsa:photonmelodies11.rio.004@1361070408","full_text_katakana_latin_scan","全文机械扫描候选；未据此自动固定中文"
"ドジ","","candidate","片假名/拉丁字母扫描候选","1","1","0","0","","pm:static:photonmelodies11.rio.004:1560893912:00127753","crsa:photonmelodies11.rio.004@1560893912","full_text_katakana_latin_scan","全文机械扫描候选；未据此自动固定中文"
"ドジッ","","candidate","片假名/拉丁字母扫描候选","1","1","0","0","","pm:static:photonmelodies11.rio.003:1487490840:00128782","crsa:photonmelodies11.rio.003@1487490840","full_text_katakana_latin_scan","全文机械扫描候选；未据此自动固定中文"
"ドッキリ","","candidate","片假名/拉丁字母扫描候选","1","1","0","0","","pm:static:photonmelodies11.rio.003:2092185664:00184158","crsa:photonmelodies11.rio.003@2092185664","full_text_katakana_latin_scan","全文机械扫描候选；未据此自动固定中文"
"ドッグタグ","身份牌","candidate","公共总表术语","1","1","0","0","","pm:static:photonmelodies11.rio.003:0839604068:00302762","crsa:photonmelodies11.rio.003@839604068","main_glossary","公共总表；须以本篇最终正文核对适用语境"
"ドッジボール","","candidate","片假名/拉丁字母扫描候选","1","1","0","0","","pm:static:photonmelodies11.rio.002:1544313288:00361504","crsa:photonmelodies11.rio.002@1544313288","full_text_katakana_latin_scan","全文机械扫描候选；未据此自动固定中文"
"ドバ","","candidate","片假名/拉丁字母扫描候选","1","1","0","0","","pm:static:photonmelodies11.rio.004:0131862200:00315024","crsa:photonmelodies11.rio.004@131862200","full_text_katakana_latin_scan","全文机械扫描候选；未据此自动固定中文"
"ドボン","","candidate","片假名/拉丁字母扫描候选","1","1","0","0","","pm:static:photonmelodies11.rio.004:1235087732:00406618","crsa:photonmelodies11.rio.004@1235087732","full_text_katakana_latin_scan","全文机械扫描候选；未据此自动固定中文"
"ドミノ","","candidate","片假名/拉丁字母扫描候选","1","1","0","0","","pm:static:photonmelodies11.rio.004:1511431932:00222349","crsa:photonmelodies11.rio.004@1511431932","full_text_katakana_latin_scan","全文机械扫描候选；未据此自动固定中文"
"ドラ","","candidate","片假名/拉丁字母扫描候选","1","1","0","0","","pm:static:photonmelodies11.rio.004:0655753292:00110328","crsa:photonmelodies11.rio.004@655753292","full_text_katakana_latin_scan","全文机械扫描候选；未据此自动固定中文"
"ドライ","","candidate","片假名/拉丁字母扫描候选","1","1","0","0","","pm:static:photonmelodies11.rio.004:0426952928:00457529","crsa:photonmelodies11.rio.004@426952928","full_text_katakana_latin_scan","全文机械扫描候选；未据此自动固定中文"
"ドリコス","","candidate","片假名/拉丁字母扫描候选","1","1","0","0","","pm:static:photonmelodies11.rio.004:0131862200:00310862","crsa:photonmelodies11.rio.004@131862200","full_text_katakana_latin_scan","全文机械扫描候选；未据此自动固定中文"
"ドリブル","","candidate","片假名/拉丁字母扫描候选","1","1","0","0","","pm:static:photonmelodies11.rio.004:1269734756:00284822","crsa:photonmelodies11.rio.004@1269734756","full_text_katakana_latin_scan","全文机械扫描候选；未据此自动固定中文"
"ドリルミルキ","","candidate","片假名/拉丁字母扫描候选","1","1","0","0","","pm:static:photonmelodies11.rio.004:1511431932:00296207","crsa:photonmelodies11.rio.004@1511431932","full_text_katakana_latin_scan","全文机械扫描候选；未据此自动固定中文"
"ドリーム","","candidate","片假名/拉丁字母扫描候选","1","1","0","0","","pm:static:photonmelodies11.rio.004:0601851372:00166561","crsa:photonmelodies11.rio.004@601851372","full_text_katakana_latin_scan","全文机械扫描候选；未据此自动固定中文"
"ドン","","candidate","片假名/拉丁字母扫描候选","1","1","0","0","","pm:static:photonmelodies11.rio.004:1235087732:00361680","crsa:photonmelodies11.rio.004@1235087732","full_text_katakana_latin_scan","全文机械扫描候选；未据此自动固定中文"
"ドンッ","","candidate","片假名/拉丁字母扫描候选","1","1","0","0","","pm:static:photonmelodies11.rio.004:0812258960:00355800","crsa:photonmelodies11.rio.004@812258960","full_text_katakana_latin_scan","全文机械扫描候选；未据此自动固定中文"
"ドーピング","","candidate","片假名/拉丁字母扫描候选","1","1","0","0","","pm:static:photonmelodies11.rio.004:0874373084:00260792","crsa:photonmelodies11.rio.004@874373084","full_text_katakana_latin_scan","全文机械扫描候选；未据此自动固定中文"
"ナイショ","","candidate","片假名/拉丁字母扫描候选","1","1","0","0","","pm:static:photonmelodies11.rio.004:1015106108:00120723","crsa:photonmelodies11.rio.004@1015106108","full_text_katakana_latin_scan","全文机械扫描候选；未据此自动固定中文"
"ナイタ","","candidate","片假名/拉丁字母扫描候选","1","1","0","0","","pm:static:photonmelodies11.rio.004:0426952928:00478537","crsa:photonmelodies11.rio.004@426952928","full_text_katakana_latin_scan","全文机械扫描候选；未据此自动固定中文"
"ナイヨ","","candidate","片假名/拉丁字母扫描候选","1","1","0","0","","pm:static:photonmelodies11.rio.004:0874373084:00155130","crsa:photonmelodies11.rio.004@874373084","full_text_katakana_latin_scan","全文机械扫描候选；未据此自动固定中文"
"ナイヨッ","","candidate","片假名/拉丁字母扫描候选","1","1","0","0","","pm:static:photonmelodies11.rio.004:0695803188:00130985","crsa:photonmelodies11.rio.004@695803188","full_text_katakana_latin_scan","全文机械扫描候选；未据此自动固定中文"
"ナシッ","","candidate","片假名/拉丁字母扫描候选","1","1","0","0","","pm:static:photonmelodies11.rio.004:1259067424:00217928","crsa:photonmelodies11.rio.004@1259067424","full_text_katakana_latin_scan","全文机械扫描候选；未据此自动固定中文"
"ナシナシナシッッ","","candidate","片假名/拉丁字母扫描候选","1","1","0","0","","pm:static:photonmelodies11.rio.004:1259067424:00217928","crsa:photonmelodies11.rio.004@1259067424","full_text_katakana_latin_scan","全文机械扫描候选；未据此自动固定中文"
"ナゼコンナトコロデマチアワセナンカシテルンデスカ","","candidate","片假名/拉丁字母扫描候选","1","1","0","0","","pm:static:photonmelodies11.rio.004:1457084560:00263723","crsa:photonmelodies11.rio.004@1457084560","full_text_katakana_latin_scan","全文机械扫描候选；未据此自动固定中文"
"ナナメッ","","candidate","片假名/拉丁字母扫描候选","1","1","0","0","","pm:static:photonmelodies11.rio.003:2092185664:00337418","crsa:photonmelodies11.rio.003@2092185664","full_text_katakana_latin_scan","全文机械扫描候选；未据此自动固定中文"
"ナベ","","candidate","片假名/拉丁字母扫描候选","1","1","0","0","","pm:static:photonmelodies11.rio.004:0131862200:00254430","crsa:photonmelodies11.rio.004@131862200","full_text_katakana_latin_scan","全文机械扫描候选；未据此自动固定中文"
"ナマ","","candidate","片假名/拉丁字母扫描候选","1","1","0","0","","pm:static:photonmelodies11.rio.002:1544313288:00227942","crsa:photonmelodies11.rio.002@1544313288","full_text_katakana_latin_scan","全文机械扫描候选；未据此自动固定中文"
"ナミ","","candidate","片假名/拉丁字母扫描候选","1","1","0","0","","pm:static:photonmelodies11.rio.004:0751768580:00012963","crsa:photonmelodies11.rio.004@751768580","full_text_katakana_latin_scan","全文机械扫描候选；未据此自动固定中文"
"ナンバ","","candidate","片假名/拉丁字母扫描候选","1","1","0","0","","pm:static:photonmelodies11.rio.003:1668688832:00191043","crsa:photonmelodies11.rio.003@1668688832","full_text_katakana_latin_scan","全文机械扫描候选；未据此自动固定中文"
"ナース","","candidate","片假名/拉丁字母扫描候选","1","1","0","0","","pm:static:photonmelodies11.rio.003:1933169644:00135760","crsa:photonmelodies11.rio.003@1933169644","full_text_katakana_latin_scan","全文机械扫描候选；未据此自动固定中文"
"ナーニモ","","candidate","片假名/拉丁字母扫描候选","1","1","0","0","","pm:static:photonmelodies11.rio.004:0426952928:00509481","crsa:photonmelodies11.rio.004@426952928","full_text_katakana_latin_scan","全文机械扫描候选；未据此自动固定中文"
"ニコニコ","","candidate","片假名/拉丁字母扫描候选","1","1","0","0","","pm:static:photonmelodies11.rio.004:0426952928:00661957","crsa:photonmelodies11.rio.004@426952928","full_text_katakana_latin_scan","全文机械扫描候选；未据此自动固定中文"
"ニッポン","","candidate","片假名/拉丁字母扫描候选","1","1","0","0","","pm:static:photonmelodies11.rio.004:0979390512:00036606","crsa:photonmelodies11.rio.004@979390512","full_text_katakana_latin_scan","全文机械扫描候选；未据此自动固定中文"
"ニュアンス","","candidate","片假名/拉丁字母扫描候选","1","1","0","0","","pm:static:photonmelodies11.rio.004:1199844672:00170450","crsa:photonmelodies11.rio.004@1199844672","full_text_katakana_latin_scan","全文机械扫描候选；未据此自动固定中文"
"ニューウエポン","","candidate","片假名/拉丁字母扫描候选","1","1","0","0","","pm:static:photonmelodies11.rio.003:1272111780:00139206","crsa:photonmelodies11.rio.003@1272111780","full_text_katakana_latin_scan","全文机械扫描候选；未据此自动固定中文"
"ニュートリノビーム","","candidate","片假名/拉丁字母扫描候选","1","1","0","0","","pm:static:photonmelodies11.rio.004:1617564412:00082136","crsa:photonmelodies11.rio.004@1617564412","full_text_katakana_latin_scan","全文机械扫描候选；未据此自动固定中文"
"ニンジャマスタ","","candidate","片假名/拉丁字母扫描候选","1","1","0","0","","pm:static:photonmelodies11.rio.004:0131862200:00255494","crsa:photonmelodies11.rio.004@131862200","full_text_katakana_latin_scan","全文机械扫描候选；未据此自动固定中文"
"ヌラ","","candidate","片假名/拉丁字母扫描候选","1","1","0","0","","pm:static:photonmelodies11.rio.004:1511431932:00306495","crsa:photonmelodies11.rio.004@1511431932","full_text_katakana_latin_scan","全文机械扫描候选；未据此自动固定中文"
"ネジ","","candidate","片假名/拉丁字母扫描候选","1","1","0","0","","pm:static:photonmelodies11.rio.004:0812258960:00278806","crsa:photonmelodies11.rio.004@812258960","full_text_katakana_latin_scan","全文机械扫描候选；未据此自动固定中文"
"ネズミ","","candidate","片假名/拉丁字母扫描候选","1","1","0","0","","pm:static:photonmelodies11.rio.004:1216455180:00043287","crsa:photonmelodies11.rio.004@1216455180","full_text_katakana_latin_scan","全文机械扫描候选；未据此自动固定中文"
"ネック","","candidate","片假名/拉丁字母扫描候选","1","1","0","0","","pm:static:photonmelodies11.rio.004:0655753292:00175384","crsa:photonmelodies11.rio.004@655753292","full_text_katakana_latin_scan","全文机械扫描候选；未据此自动固定中文"
"ネンコ","","candidate","片假名/拉丁字母扫描候选","1","1","0","0","","pm:static:photonmelodies11.rio.004:0426952928:00738151","crsa:photonmelodies11.rio.004@426952928","full_text_katakana_latin_scan","全文机械扫描候选；未据此自动固定中文"
"ネーミングセンス","","candidate","片假名/拉丁字母扫描候选","1","1","0","0","","pm:static:photonmelodies11.rio.004:1511431932:00214425","crsa:photonmelodies11.rio.004@1511431932","full_text_katakana_latin_scan","全文机械扫描候选；未据此自动固定中文"
"ノイズ","","candidate","片假名/拉丁字母扫描候选","1","1","0","0","","pm:static:photonmelodies11.rio.003:1668688832:00279275","crsa:photonmelodies11.rio.003@1668688832","full_text_katakana_latin_scan","全文机械扫描候选；未据此自动固定中文"
"ノォ","","candidate","片假名/拉丁字母扫描候选","1","1","0","0","","pm:static:photonmelodies11.rio.003:1272111780:00176348","crsa:photonmelodies11.rio.003@1272111780","full_text_katakana_latin_scan","全文机械扫描候选；未据此自动固定中文"
"ノコノコ","","candidate","片假名/拉丁字母扫描候选","1","1","0","0","","pm:static:photonmelodies11.rio.004:1327482084:00356463","crsa:photonmelodies11.rio.004@1327482084","full_text_katakana_latin_scan","全文机械扫描候选；未据此自动固定中文"
"ノッ","","candidate","片假名/拉丁字母扫描候选","1","1","0","0","","pm:static:photonmelodies11.rio.003:0839604068:00175270","crsa:photonmelodies11.rio.003@839604068","full_text_katakana_latin_scan","全文机械扫描候选；未据此自动固定中文"
"ノック","","candidate","片假名/拉丁字母扫描候选","1","1","0","0","","pm:static:photonmelodies11.rio.004:1259067424:00221114","crsa:photonmelodies11.rio.004@1259067424","full_text_katakana_latin_scan","全文机械扫描候选；未据此自动固定中文"
"ノノノック","","candidate","片假名/拉丁字母扫描候选","1","1","0","0","","pm:static:photonmelodies11.rio.004:0812258960:00403848","crsa:photonmelodies11.rio.004@812258960","full_text_katakana_latin_scan","全文机械扫描候选；未据此自动固定中文"
"ノンビリ","","candidate","片假名/拉丁字母扫描候选","1","1","0","0","","pm:static:photonmelodies11.rio.004:1269734756:00339238","crsa:photonmelodies11.rio.004@1269734756","full_text_katakana_latin_scan","全文机械扫描候选；未据此自动固定中文"
"ノーサンキュ","","candidate","片假名/拉丁字母扫描候选","1","1","0","0","","pm:static:photonmelodies11.rio.004:1235087732:00282378","crsa:photonmelodies11.rio.004@1235087732","full_text_katakana_latin_scan","全文机械扫描候选；未据此自动固定中文"
"ノーチェック","","candidate","片假名/拉丁字母扫描候选","1","1","0","0","","pm:static:photonmelodies11.rio.004:1169383896:00109374","crsa:photonmelodies11.rio.004@1169383896","full_text_katakana_latin_scan","全文机械扫描候选；未据此自动固定中文"
"ノーーーーーーッッッ","","candidate","片假名/拉丁字母扫描候选","1","1","0","0","","pm:static:photonmelodies11.rio.004:0426952928:00596777","crsa:photonmelodies11.rio.004@426952928","full_text_katakana_latin_scan","全文机械扫描候选；未据此自动固定中文"
"ハイ","","candidate","片假名/拉丁字母扫描候选","1","1","0","0","","pm:static:photonmelodies11.rio.004:1269734756:00436114","crsa:photonmelodies11.rio.004@1269734756","full_text_katakana_latin_scan","全文机械扫描候选；未据此自动固定中文"
"ハイエツ","","candidate","片假名/拉丁字母扫描候选","1","1","0","0","","pm:static:photonmelodies11.rio.002:1544313288:00350098","crsa:photonmelodies11.rio.002@1544313288","full_text_katakana_latin_scan","全文机械扫描候选；未据此自动固定中文"
"ハイエナ","","candidate","片假名/拉丁字母扫描候选","1","1","0","0","","pm:static:photonmelodies11.rio.003:2092185664:00193234","crsa:photonmelodies11.rio.003@2092185664","full_text_katakana_latin_scan","全文机械扫描候选；未据此自动固定中文"
"ハイスクール","","candidate","片假名/拉丁字母扫描候选","1","1","0","0","","pm:static:photonmelodies11.rio.004:0131862200:00272904","crsa:photonmelodies11.rio.004@131862200","full_text_katakana_latin_scan","全文机械扫描候选；未据此自动固定中文"
"ハイパーカーボン","","candidate","片假名/拉丁字母扫描候选","1","1","0","0","","pm:static:photonmelodies11.rio.004:1511431932:00220333","crsa:photonmelodies11.rio.004@1511431932","full_text_katakana_latin_scan","全文机械扫描候选；未据此自动固定中文"
"ハキハキ","","candidate","片假名/拉丁字母扫描候选","1","1","0","0","","pm:static:photonmelodies11.rio.004:1361070408:00433061","crsa:photonmelodies11.rio.004@1361070408","full_text_katakana_latin_scan","全文机械扫描候选；未据此自动固定中文"
"ハズカシ","","candidate","片假名/拉丁字母扫描候选","1","1","0","0","","pm:static:photonmelodies11.rio.004:1361070408:00249731","crsa:photonmelodies11.rio.004@1361070408","full_text_katakana_latin_scan","全文机械扫描候选；未据此自动固定中文"
"ハズカシイ","","candidate","片假名/拉丁字母扫描候选","1","1","0","0","","pm:static:photonmelodies11.rio.004:1457084560:00311281","crsa:photonmelodies11.rio.004@1457084560","full_text_katakana_latin_scan","全文机械扫描候选；未据此自动固定中文"
"ハッチ","","candidate","片假名/拉丁字母扫描候选","1","1","0","0","","pm:static:photonmelodies11.rio.004:1361070408:00287737","crsa:photonmelodies11.rio.004@1361070408","full_text_katakana_latin_scan","全文机械扫描候选；未据此自动固定中文"
"ハッチャケ","","candidate","片假名/拉丁字母扫描候选","1","1","0","0","","pm:static:photonmelodies11.rio.004:0426952928:00579137","crsa:photonmelodies11.rio.004@426952928","full_text_katakana_latin_scan","全文机械扫描候选；未据此自动固定中文"
"ハッピ","","candidate","片假名/拉丁字母扫描候选","1","1","0","0","","pm:static:photonmelodies11.rio.004:0874373084:00277870","crsa:photonmelodies11.rio.004@874373084","full_text_katakana_latin_scan","全文机械扫描候选；未据此自动固定中文"
"ハマリ","","candidate","片假名/拉丁字母扫描候选","1","1","0","0","","pm:static:photonmelodies11.rio.004:1327482084:00379625","crsa:photonmelodies11.rio.004@1327482084","full_text_katakana_latin_scan","全文机械扫描候选；未据此自动固定中文"
"ハンガ","","candidate","片假名/拉丁字母扫描候选","1","1","0","0","","pm:static:photonmelodies11.rio.004:1235087732:00575178","crsa:photonmelodies11.rio.004@1235087732","full_text_katakana_latin_scan","全文机械扫描候选；未据此自动固定中文"
"ハンセシテマス","","candidate","片假名/拉丁字母扫描候选","1","1","0","0","","pm:static:photonmelodies11.rio.004:1560893912:00200765","crsa:photonmelodies11.rio.004@1560893912","full_text_katakana_latin_scan","全文机械扫描候选；未据此自动固定中文"
"ハート","","candidate","片假名/拉丁字母扫描候选","1","1","0","0","","pm:static:photonmelodies11.rio.004:0426952928:00744367","crsa:photonmelodies11.rio.004@426952928","full_text_katakana_latin_scan","全文机械扫描候选；未据此自动固定中文"
"ハード","","candidate","片假名/拉丁字母扫描候选","1","1","0","0","","pm:static:photonmelodies11.rio.003:2092185664:00370710","crsa:photonmelodies11.rio.003@2092185664","full_text_katakana_latin_scan","全文机械扫描候选；未据此自动固定中文"
"ハードマッチョ","","candidate","片假名/拉丁字母扫描候选","1","1","0","0","","pm:static:photonmelodies11.rio.002:1544313288:00333316","crsa:photonmelodies11.rio.002@1544313288","full_text_katakana_latin_scan","全文机械扫描候选；未据此自动固定中文"
"ハードル","","candidate","片假名/拉丁字母扫描候选","1","1","0","0","","pm:static:photonmelodies11.rio.004:1361070408:00521737","crsa:photonmelodies11.rio.004@1361070408","full_text_katakana_latin_scan","全文机械扫描候选；未据此自动固定中文"
"バイオレンス","","candidate","片假名/拉丁字母扫描候选","1","1","0","0","","pm:static:photonmelodies11.rio.003:1668688832:00275317","crsa:photonmelodies11.rio.003@1668688832","full_text_katakana_latin_scan","全文机械扫描候选；未据此自动固定中文"
"バウア","","candidate","片假名/拉丁字母扫描候选","1","1","0","0","","pm:static:photonmelodies11.rio.003:1933169644:00113000","crsa:photonmelodies11.rio.003@1933169644","full_text_katakana_latin_scan","全文机械扫描候选；未据此自动固定中文"
"バカァァァァァ","","candidate","片假名/拉丁字母扫描候选","1","1","0","0","","pm:static:photonmelodies11.rio.003:2092185664:00174790","crsa:photonmelodies11.rio.003@2092185664","full_text_katakana_latin_scan","全文机械扫描候选；未据此自动固定中文"
"バカオチ","","candidate","片假名/拉丁字母扫描候选","1","1","0","0","","pm:static:photonmelodies11.rio.004:1511431932:00303611","crsa:photonmelodies11.rio.004@1511431932","full_text_katakana_latin_scan","全文机械扫描候选；未据此自动固定中文"
"バカバカバカッッ","","candidate","片假名/拉丁字母扫描候选","1","1","0","0","","pm:static:photonmelodies11.rio.004:1259067424:00132438","crsa:photonmelodies11.rio.004@1259067424","full_text_katakana_latin_scan","全文机械扫描候选；未据此自动固定中文"
"バカバカバカバカバカバカバカバカバカ","","candidate","片假名/拉丁字母扫描候选","1","1","0","0","","pm:static:photonmelodies11.rio.003:2092185664:00373408","crsa:photonmelodies11.rio.003@2092185664","full_text_katakana_latin_scan","全文机械扫描候选；未据此自动固定中文"
"バカヤローーーーーーーッッッ","","candidate","片假名/拉丁字母扫描候选","1","1","0","0","","pm:static:photonmelodies11.rio.004:1235087732:00400014","crsa:photonmelodies11.rio.004@1235087732","full_text_katakana_latin_scan","全文机械扫描候选；未据此自动固定中文"
"バカンスプレゼント","","candidate","片假名/拉丁字母扫描候选","1","1","0","0","","pm:static:photonmelodies11.rio.004:0874373084:00295552","crsa:photonmelodies11.rio.004@874373084","full_text_katakana_latin_scan","全文机械扫描候选；未据此自动固定中文"
"バキッ","","candidate","片假名/拉丁字母扫描候选","1","1","0","0","","pm:static:photonmelodies11.rio.004:0812258960:00428300","crsa:photonmelodies11.rio.004@812258960","full_text_katakana_latin_scan","全文机械扫描候选；未据此自动固定中文"
"バケモノ","","candidate","片假名/拉丁字母扫描候选","1","1","0","0","","pm:static:photonmelodies11.rio.004:0426952928:00526327","crsa:photonmelodies11.rio.004@426952928","full_text_katakana_latin_scan","全文机械扫描候选；未据此自动固定中文"
"バサロ","","candidate","片假名/拉丁字母扫描候选","1","1","0","0","","pm:static:photonmelodies11.rio.004:0933776684:00435575","crsa:photonmelodies11.rio.004@933776684","full_text_katakana_latin_scan","全文机械扫描候选；未据此自动固定中文"
"バスケットォォ","","candidate","片假名/拉丁字母扫描候选","1","1","0","0","","pm:static:photonmelodies11.rio.004:1269734756:00284654","crsa:photonmelodies11.rio.004@1269734756","full_text_katakana_latin_scan","全文机械扫描候选；未据此自动固定中文"
"バスケットボール","","candidate","片假名/拉丁字母扫描候选","1","1","0","0","","pm:static:photonmelodies11.rio.004:1269734756:00359880","crsa:photonmelodies11.rio.004@1269734756","full_text_katakana_latin_scan","全文机械扫描候选；未据此自动固定中文"
"バタ","","candidate","片假名/拉丁字母扫描候选","1","1","0","0","","pm:static:photonmelodies11.rio.004:1235087732:00404558","crsa:photonmelodies11.rio.004@1235087732","full_text_katakana_latin_scan","全文机械扫描候选；未据此自动固定中文"
"バッ","","candidate","片假名/拉丁字母扫描候选","1","1","0","0","","pm:static:photonmelodies11.rio.004:1269734756:00381384","crsa:photonmelodies11.rio.004@1269734756","full_text_katakana_latin_scan","全文机械扫描候选；未据此自动固定中文"
"バックル","","candidate","片假名/拉丁字母扫描候选","1","1","0","0","","pm:static:photonmelodies11.rio.004:0499205748:00140870","crsa:photonmelodies11.rio.004@499205748","full_text_katakana_latin_scan","全文机械扫描候选；未据此自动固定中文"
"バッサリ","","candidate","片假名/拉丁字母扫描候选","1","1","0","0","","pm:static:photonmelodies11.rio.004:0812258960:00432538","crsa:photonmelodies11.rio.004@812258960","full_text_katakana_latin_scan","全文机械扫描候选；未据此自动固定中文"
"バッチシ","","candidate","片假名/拉丁字母扫描候选","1","1","0","0","","pm:static:photonmelodies11.rio.004:1235087732:00252144","crsa:photonmelodies11.rio.004@1235087732","full_text_katakana_latin_scan","全文机械扫描候选；未据此自动固定中文"
"バッチリオレ","","candidate","片假名/拉丁字母扫描候选","1","1","0","0","","pm:static:photonmelodies11.rio.004:1259067424:00226706","crsa:photonmelodies11.rio.004@1259067424","full_text_katakana_latin_scan","全文机械扫描候选；未据此自动固定中文"
"バッチーン","","candidate","片假名/拉丁字母扫描候选","1","1","0","0","","pm:static:photonmelodies11.rio.004:1269734756:00267034","crsa:photonmelodies11.rio.004@1269734756","full_text_katakana_latin_scan","全文机械扫描候选；未据此自动固定中文"
"バット","","candidate","片假名/拉丁字母扫描候选","1","1","0","0","","pm:static:photonmelodies11.rio.004:0812258960:00301008","crsa:photonmelodies11.rio.004@812258960","full_text_katakana_latin_scan","全文机械扫描候选；未据此自动固定中文"
"バテ","","candidate","片假名/拉丁字母扫描候选","1","1","0","0","","pm:static:photonmelodies11.rio.004:1269734756:00487800","crsa:photonmelodies11.rio.004@1269734756","full_text_katakana_latin_scan","全文机械扫描候选；未据此自动固定中文"
"バトン","","candidate","片假名/拉丁字母扫描候选","1","1","0","0","","pm:static:photonmelodies11.rio.004:1327482084:00360245","crsa:photonmelodies11.rio.004@1327482084","full_text_katakana_latin_scan","全文机械扫描候选；未据此自动固定中文"
"バナナ","","candidate","片假名/拉丁字母扫描候选","1","1","0","0","","pm:static:photonmelodies11.rio.004:1457084560:00397709","crsa:photonmelodies11.rio.004@1457084560","full_text_katakana_latin_scan","全文机械扫描候选；未据此自动固定中文"
"バニーガールコスチューム","","candidate","片假名/拉丁字母扫描候选","1","1","0","0","","pm:static:photonmelodies11.rio.003:1933169644:00134968","crsa:photonmelodies11.rio.003@1933169644","full_text_katakana_latin_scan","全文机械扫描候选；未据此自动固定中文"
"バラエティ","","candidate","片假名/拉丁字母扫描候选","1","1","0","0","","pm:static:photonmelodies11.rio.004:0426952928:00351349","crsa:photonmelodies11.rio.004@426952928","full_text_katakana_latin_scan","全文机械扫描候选；未据此自动固定中文"
"バリ","","candidate","片假名/拉丁字母扫描候选","1","1","0","0","","pm:static:photonmelodies11.rio.004:0812258960:00288834","crsa:photonmelodies11.rio.004@812258960","full_text_katakana_latin_scan","全文机械扫描候选；未据此自动固定中文"
"バリッバリ","","candidate","片假名/拉丁字母扫描候选","1","1","0","0","","pm:static:photonmelodies11.rio.004:1327482084:00356933","crsa:photonmelodies11.rio.004@1327482084","full_text_katakana_latin_scan","全文机械扫描候选；未据此自动固定中文"
"バルゥゥゥーーーーーーーッッ","","candidate","片假名/拉丁字母扫描候选","1","1","0","0","","pm:static:photonmelodies11.rio.004:0499205748:00107260","crsa:photonmelodies11.rio.004@499205748","full_text_katakana_latin_scan","全文机械扫描候选；未据此自动固定中文"
"バルバルバルバルッ","","candidate","片假名/拉丁字母扫描候选","1","1","0","0","","pm:static:photonmelodies11.rio.004:0499205748:00107164","crsa:photonmelodies11.rio.004@499205748","full_text_katakana_latin_scan","全文机械扫描候选；未据此自动固定中文"
"バレバレ","","candidate","片假名/拉丁字母扫描候选","1","1","0","0","","pm:static:photonmelodies11.rio.003:1272111780:00136464","crsa:photonmelodies11.rio.003@1272111780","full_text_katakana_latin_scan","全文机械扫描候选；未据此自动固定中文"
"バレーボール","","candidate","片假名/拉丁字母扫描候选","1","1","0","0","","pm:static:photonmelodies11.rio.004:0979390512:00028066","crsa:photonmelodies11.rio.004@979390512","full_text_katakana_latin_scan","全文机械扫描候选；未据此自动固定中文"
"バンカーショット","","candidate","片假名/拉丁字母扫描候选","1","1","0","0","","pm:static:photonmelodies11.rio.004:1269734756:00291442","crsa:photonmelodies11.rio.004@1269734756","full_text_katakana_latin_scan","全文机械扫描候选；未据此自动固定中文"
"バーカバーカバ","","candidate","片假名/拉丁字母扫描候选","1","1","0","0","","pm:static:photonmelodies11.rio.003:2092185664:00373712","crsa:photonmelodies11.rio.003@2092185664","full_text_katakana_latin_scan","全文机械扫描候选；未据此自动固定中文"
"バーカバーカバーカ","","candidate","片假名/拉丁字母扫描候选","1","1","0","0","","pm:static:photonmelodies11.rio.004:0933776684:00446207","crsa:photonmelodies11.rio.004@933776684","full_text_katakana_latin_scan","全文机械扫描候选；未据此自动固定中文"
"バージョンアップ","","candidate","片假名/拉丁字母扫描候选","1","1","0","0","","pm:static:photonmelodies11.rio.004:1361070408:00317761","crsa:photonmelodies11.rio.004@1361070408","full_text_katakana_latin_scan","全文机械扫描候选；未据此自动固定中文"
"バーーーカ","","candidate","片假名/拉丁字母扫描候选","1","1","0","0","","pm:static:photonmelodies11.rio.004:0426952928:00366131","crsa:photonmelodies11.rio.004@426952928","full_text_katakana_latin_scan","全文机械扫描候选；未据此自动固定中文"
"パア","","candidate","片假名/拉丁字母扫描候选","1","1","0","0","","pm:static:photonmelodies11.rio.004:0874373084:00282502","crsa:photonmelodies11.rio.004@874373084","full_text_katakana_latin_scan","全文机械扫描候选；未据此自动固定中文"
"パイオニア","","candidate","片假名/拉丁字母扫描候选","1","1","0","0","","pm:static:photonmelodies11.rio.004:1269734756:00327738","crsa:photonmelodies11.rio.004@1269734756","full_text_katakana_latin_scan","全文机械扫描候选；未据此自动固定中文"
"パイナップル","","candidate","片假名/拉丁字母扫描候选","1","1","0","0","","pm:static:photonmelodies11.rio.004:1457084560:00397709","crsa:photonmelodies11.rio.004@1457084560","full_text_katakana_latin_scan","全文机械扫描候选；未据此自动固定中文"
"パクパク","","candidate","片假名/拉丁字母扫描候选","1","1","0","0","","pm:static:photonmelodies11.rio.004:0426952928:00430599","crsa:photonmelodies11.rio.004@426952928","full_text_katakana_latin_scan","全文机械扫描候选；未据此自动固定中文"
"パスポート","","candidate","片假名/拉丁字母扫描候选","1","1","0","0","","pm:static:photonmelodies11.rio.003:1487490840:00164686","crsa:photonmelodies11.rio.003@1487490840","full_text_katakana_latin_scan","全文机械扫描候选；未据此自动固定中文"
"パズル","","candidate","片假名/拉丁字母扫描候选","1","1","0","0","","pm:static:photonmelodies11.rio.003:1487490840:00157744","crsa:photonmelodies11.rio.003@1487490840","full_text_katakana_latin_scan","全文机械扫描候选；未据此自动固定中文"
"パソコン","","candidate","片假名/拉丁字母扫描候选","1","1","0","0","","pm:static:photonmelodies11.rio.003:1668688832:00231745","crsa:photonmelodies11.rio.003@1668688832","full_text_katakana_latin_scan","全文机械扫描候选；未据此自动固定中文"
"パッチリ","","candidate","片假名/拉丁字母扫描候选","1","1","0","0","","pm:static:photonmelodies11.rio.004:1269734756:00240554","crsa:photonmelodies11.rio.004@1269734756","full_text_katakana_latin_scan","全文机械扫描候选；未据此自动固定中文"
"パツキン","","candidate","片假名/拉丁字母扫描候选","1","1","0","0","","pm:static:photonmelodies11.rio.004:0426952928:00292355","crsa:photonmelodies11.rio.004@426952928","full_text_katakana_latin_scan","全文机械扫描候选；未据此自动固定中文"
"パニック","","candidate","片假名/拉丁字母扫描候选","1","1","0","0","","pm:static:photonmelodies11.rio.004:1457084560:00530815","crsa:photonmelodies11.rio.004@1457084560","full_text_katakana_latin_scan","全文机械扫描候选；未据此自动固定中文"
"パノラマ","","candidate","片假名/拉丁字母扫描候选","1","1","0","0","","pm:static:photonmelodies11.rio.004:0933776684:00386299","crsa:photonmelodies11.rio.004@933776684","full_text_katakana_latin_scan","全文机械扫描候选；未据此自动固定中文"
"パパイヤ","","candidate","片假名/拉丁字母扫描候选","1","1","0","0","","pm:static:photonmelodies11.rio.004:1457084560:00397709","crsa:photonmelodies11.rio.004@1457084560","full_text_katakana_latin_scan","全文机械扫描候选；未据此自动固定中文"
"パブリックイメージ","","candidate","片假名/拉丁字母扫描候选","1","1","0","0","","pm:static:photonmelodies11.rio.004:1269734756:00243132","crsa:photonmelodies11.rio.004@1269734756","full_text_katakana_latin_scan","全文机械扫描候选；未据此自动固定中文"
"パラメータ","","candidate","片假名/拉丁字母扫描候选","1","1","0","0","","pm:static:photonmelodies11.rio.004:0933776684:00444513","crsa:photonmelodies11.rio.004@933776684","full_text_katakana_latin_scan","全文机械扫描候选；未据此自动固定中文"
"パラレル","","candidate","片假名/拉丁字母扫描候选","1","1","0","0","","pm:static:photonmelodies11.rio.004:0426952928:00356363","crsa:photonmelodies11.rio.004@426952928","full_text_katakana_latin_scan","全文机械扫描候选；未据此自动固定中文"
"パルス","","candidate","片假名/拉丁字母扫描候选","1","1","0","0","","pm:static:photonmelodies11.rio.004:0426952928:00299853","crsa:photonmelodies11.rio.004@426952928","full_text_katakana_latin_scan","全文机械扫描候选；未据此自动固定中文"
"パワード","","candidate","片假名/拉丁字母扫描候选","1","1","0","0","","pm:static:photonmelodies11.rio.004:0655753292:00218852","crsa:photonmelodies11.rio.004@655753292","full_text_katakana_latin_scan","全文机械扫描候选；未据此自动固定中文"
"パンフ","","candidate","片假名/拉丁字母扫描候选","1","1","0","0","","pm:static:photonmelodies11.rio.004:0812258960:00205982","crsa:photonmelodies11.rio.004@812258960","full_text_katakana_latin_scan","全文机械扫描候选；未据此自动固定中文"
"パーティグッズ","","candidate","片假名/拉丁字母扫描候选","1","1","0","0","","pm:static:photonmelodies11.rio.003:1933169644:00134432","crsa:photonmelodies11.rio.003@1933169644","full_text_katakana_latin_scan","全文机械扫描候选；未据此自动固定中文"
"ヒゲメガネ","","candidate","片假名/拉丁字母扫描候选","1","1","0","0","","pm:static:photonmelodies11.rio.004:0695803188:00165205","crsa:photonmelodies11.rio.004@695803188","full_text_katakana_latin_scan","全文机械扫描候选；未据此自动固定中文"
"ヒッ","","candidate","片假名/拉丁字母扫描候选","1","1","0","0","","pm:static:photonmelodies11.rio.003:1668688832:00307507","crsa:photonmelodies11.rio.003@1668688832","full_text_katakana_latin_scan","全文机械扫描候选；未据此自动固定中文"
"ヒットォ","","candidate","片假名/拉丁字母扫描候选","1","1","0","0","","pm:static:photonmelodies11.rio.003:1668688832:00216921","crsa:photonmelodies11.rio.003@1668688832","full_text_katakana_latin_scan","全文机械扫描候选；未据此自动固定中文"
"ヒットコール","","candidate","片假名/拉丁字母扫描候选","1","1","0","0","","pm:static:photonmelodies11.rio.003:1668688832:00303829","crsa:photonmelodies11.rio.003@1668688832","full_text_katakana_latin_scan","全文机械扫描候选；未据此自动固定中文"
"ヒットッ","","candidate","片假名/拉丁字母扫描候选","1","1","0","0","","pm:static:photonmelodies11.rio.003:1668688832:00274903","crsa:photonmelodies11.rio.003@1668688832","full_text_katakana_latin_scan","全文机械扫描候选；未据此自动固定中文"
"ヒットヒットヒット","","candidate","片假名/拉丁字母扫描候选","1","1","0","0","","pm:static:photonmelodies11.rio.003:1668688832:00326811","crsa:photonmelodies11.rio.003@1668688832","full_text_katakana_latin_scan","全文机械扫描候选；未据此自动固定中文"
"ヒドイ","","candidate","片假名/拉丁字母扫描候选","1","1","0","0","","pm:static:photonmelodies11.rio.003:1272111780:00174090","crsa:photonmelodies11.rio.003@1272111780","full_text_katakana_latin_scan","全文机械扫描候选；未据此自动固定中文"
"ヒネリ","","candidate","片假名/拉丁字母扫描候选","1","1","0","0","","pm:static:photonmelodies11.rio.004:1216455180:00076471","crsa:photonmelodies11.rio.004@1216455180","full_text_katakana_latin_scan","全文机械扫描候选；未据此自动固定中文"
"ヒモ","","candidate","片假名/拉丁字母扫描候选","1","1","0","0","","pm:static:photonmelodies11.rio.003:2092185664:00277284","crsa:photonmelodies11.rio.003@2092185664","full_text_katakana_latin_scan","全文机械扫描候选；未据此自动固定中文"
"ヒントォ","","candidate","片假名/拉丁字母扫描候选","1","1","0","0","","pm:static:photonmelodies11.rio.004:0933776684:00498637","crsa:photonmelodies11.rio.004@933776684","full_text_katakana_latin_scan","全文机械扫描候选；未据此自动固定中文"
"ヒーヒ","","candidate","片假名/拉丁字母扫描候选","1","1","0","0","","pm:static:photonmelodies11.rio.004:0426952928:00355739","crsa:photonmelodies11.rio.004@426952928","full_text_katakana_latin_scan","全文机械扫描候选；未据此自动固定中文"
"ビギナ","","candidate","片假名/拉丁字母扫描候选","1","1","0","0","","pm:static:photonmelodies11.rio.004:1327482084:00367571","crsa:photonmelodies11.rio.004@1327482084","full_text_katakana_latin_scan","全文机械扫描候选；未据此自动固定中文"
"ビクッビクッ","","candidate","片假名/拉丁字母扫描候选","1","1","0","0","","pm:static:photonmelodies11.rio.004:1015106108:00234819","crsa:photonmelodies11.rio.004@1015106108","full_text_katakana_latin_scan","全文机械扫描候选；未据此自动固定中文"
"ビクビク","","candidate","片假名/拉丁字母扫描候选","1","1","0","0","","pm:static:photonmelodies11.rio.004:0695803188:00115801","crsa:photonmelodies11.rio.004@695803188","full_text_katakana_latin_scan","全文机械扫描候选；未据此自动固定中文"
"ビシッ","","candidate","片假名/拉丁字母扫描候选","1","1","0","0","","pm:static:photonmelodies11.rio.004:0131862200:00211656","crsa:photonmelodies11.rio.004@131862200","full_text_katakana_latin_scan","全文机械扫描候选；未据此自动固定中文"
"ビジュアル","","candidate","片假名/拉丁字母扫描候选","1","1","0","0","","pm:static:photonmelodies11.rio.004:1259067424:00212854","crsa:photonmelodies11.rio.004@1259067424","full_text_katakana_latin_scan","全文机械扫描候选；未据此自动固定中文"
"ビチ","","candidate","片假名/拉丁字母扫描候选","1","1","0","0","","pm:static:photonmelodies11.rio.004:0426952928:00737691","crsa:photonmelodies11.rio.004@426952928","full_text_katakana_latin_scan","全文机械扫描候选；未据此自动固定中文"
"ビニール","","candidate","片假名/拉丁字母扫描候选","1","1","0","0","","pm:static:photonmelodies11.rio.004:1235087732:00528628","crsa:photonmelodies11.rio.004@1235087732","full_text_katakana_latin_scan","全文机械扫描候选；未据此自动固定中文"
"ビビビーッ","","candidate","片假名/拉丁字母扫描候选","1","1","0","0","","pm:static:photonmelodies11.rio.004:1361070408:00281891","crsa:photonmelodies11.rio.004@1361070408","full_text_katakana_latin_scan","全文机械扫描候选；未据此自动固定中文"
"ビリッ","","candidate","片假名/拉丁字母扫描候选","1","1","0","0","","pm:static:photonmelodies11.rio.004:1676972672:00189689","crsa:photonmelodies11.rio.004@1676972672","full_text_katakana_latin_scan","全文机械扫描候选；未据此自动固定中文"
"ビーチバスケットボール","","candidate","片假名/拉丁字母扫描候选","1","1","0","0","","pm:static:photonmelodies11.rio.004:1269734756:00326388","crsa:photonmelodies11.rio.004@1269734756","full_text_katakana_latin_scan","全文机械扫描候选；未据此自动固定中文"
"ビービービ","","candidate","片假名/拉丁字母扫描候选","1","1","0","0","","pm:static:photonmelodies11.rio.004:0979390512:00048144","crsa:photonmelodies11.rio.004@979390512","full_text_katakana_latin_scan","全文机械扫描候选；未据此自动固定中文"
"ピカイチ","","candidate","片假名/拉丁字母扫描候选","1","1","0","0","","pm:static:photonmelodies11.rio.004:0408936772:00031281","crsa:photonmelodies11.rio.004@408936772","full_text_katakana_latin_scan","全文机械扫描候选；未据此自动固定中文"
"ピクッ","","candidate","片假名/拉丁字母扫描候选","1","1","0","0","","pm:static:photonmelodies11.rio.004:0812258960:00399624","crsa:photonmelodies11.rio.004@812258960","full_text_katakana_latin_scan","全文机械扫描候选；未据此自动固定中文"
"ピクリ","","candidate","片假名/拉丁字母扫描候选","1","1","0","0","","pm:static:photonmelodies11.rio.004:0426952928:00342085","crsa:photonmelodies11.rio.004@426952928","full_text_katakana_latin_scan","全文机械扫描候选；未据此自动固定中文"
"ピッ","","candidate","片假名/拉丁字母扫描候选","1","1","0","0","","pm:static:photonmelodies11.rio.004:1361070408:00465579","crsa:photonmelodies11.rio.004@1361070408","full_text_katakana_latin_scan","全文机械扫描候选；未据此自动固定中文"
"ピリッ","","candidate","片假名/拉丁字母扫描候选","1","1","0","0","","pm:static:photonmelodies11.rio.003:0839604068:00360884","crsa:photonmelodies11.rio.003@839604068","full_text_katakana_latin_scan","全文机械扫描候选；未据此自动固定中文"
"ピロピロ","","candidate","片假名/拉丁字母扫描候选","1","1","0","0","","pm:static:photonmelodies11.rio.004:1015106108:00161225","crsa:photonmelodies11.rio.004@1015106108","full_text_katakana_latin_scan","全文机械扫描候选；未据此自动固定中文"
"ピンポイント","","candidate","片假名/拉丁字母扫描候选","1","1","0","0","","pm:static:photonmelodies11.rio.004:1235087732:00348060","crsa:photonmelodies11.rio.004@1235087732","full_text_katakana_latin_scan","全文机械扫描候选；未据此自动固定中文"
"ピーーーーーーッ","","candidate","片假名/拉丁字母扫描候选","1","1","0","0","","pm:static:photonmelodies11.rio.004:0780938508:00070193","crsa:photonmelodies11.rio.004@780938508","full_text_katakana_latin_scan","全文机械扫描候选；未据此自动固定中文"
"ファストフード","","candidate","片假名/拉丁字母扫描候选","1","1","0","0","","pm:static:photonmelodies11.rio.004:1015106108:00171163","crsa:photonmelodies11.rio.004@1015106108","full_text_katakana_latin_scan","全文机械扫描候选；未据此自动固定中文"
"ファーストキス","","candidate","片假名/拉丁字母扫描候选","1","1","0","0","","pm:static:photonmelodies11.rio.004:1457084560:00524717","crsa:photonmelodies11.rio.004@1457084560","full_text_katakana_latin_scan","全文机械扫描候选；未据此自动固定中文"
"フィニッシュ","","candidate","片假名/拉丁字母扫描候选","1","1","0","0","","pm:static:photonmelodies11.rio.003:1487490840:00106280","crsa:photonmelodies11.rio.003@1487490840","full_text_katakana_latin_scan","全文机械扫描候选；未据此自动固定中文"
"フィーリング","","candidate","片假名/拉丁字母扫描候选","1","1","0","0","","pm:static:photonmelodies11.rio.004:0131862200:00315394","crsa:photonmelodies11.rio.004@131862200","full_text_katakana_latin_scan","全文机械扫描候选；未据此自动固定中文"
"フェイスガード","","candidate","片假名/拉丁字母扫描候选","1","1","0","0","","pm:static:photonmelodies11.rio.004:1511431932:00220333","crsa:photonmelodies11.rio.004@1511431932","full_text_katakana_latin_scan","全文机械扫描候选；未据此自动固定中文"
"フェイント","","candidate","片假名/拉丁字母扫描候选","1","1","0","0","","pm:static:photonmelodies11.rio.004:0131862200:00271602","crsa:photonmelodies11.rio.004@131862200","full_text_katakana_latin_scan","全文机械扫描候选；未据此自动固定中文"
"フェラーリ","","candidate","片假名/拉丁字母扫描候选","1","1","0","0","","pm:static:photonmelodies11.rio.004:1235087732:00546454","crsa:photonmelodies11.rio.004@1235087732","full_text_katakana_latin_scan","全文机械扫描候选；未据此自动固定中文"
"フェロモン","","candidate","片假名/拉丁字母扫描候选","1","1","0","0","","pm:static:photonmelodies11.rio.004:1269734756:00301696","crsa:photonmelodies11.rio.004@1269734756","full_text_katakana_latin_scan","全文机械扫描候选；未据此自动固定中文"
"フォーム","","candidate","片假名/拉丁字母扫描候选","1","1","0","0","","pm:static:photonmelodies11.rio.004:0426952928:00432733","crsa:photonmelodies11.rio.004@426952928","full_text_katakana_latin_scan","全文机械扫描候选；未据此自动固定中文"
"フッフッフ","","candidate","片假名/拉丁字母扫描候选","1","1","0","0","","pm:static:photonmelodies11.rio.004:1361070408:00456439","crsa:photonmelodies11.rio.004@1361070408","full_text_katakana_latin_scan","全文机械扫描候选；未据此自动固定中文"
"フライ","","candidate","片假名/拉丁字母扫描候选","1","1","0","0","","pm:static:photonmelodies11.rio.004:0812258960:00301008","crsa:photonmelodies11.rio.004@812258960","full_text_katakana_latin_scan","全文机械扫描候选；未据此自动固定中文"
"フラグ","","candidate","片假名/拉丁字母扫描候选","1","1","0","0","","pm:static:photonmelodies11.rio.004:1457084560:00261293","crsa:photonmelodies11.rio.004@1457084560","full_text_katakana_latin_scan","全文机械扫描候选；未据此自动固定中文"
"フラッシュ","","candidate","片假名/拉丁字母扫描候选","1","1","0","0","","pm:static:photonmelodies11.rio.004:0426952928:00294991","crsa:photonmelodies11.rio.004@426952928","full_text_katakana_latin_scan","全文机械扫描候选；未据此自动固定中文"
"フルーツ","","candidate","片假名/拉丁字母扫描候选","1","1","0","0","","pm:static:photonmelodies11.rio.004:1457084560:00397991","crsa:photonmelodies11.rio.004@1457084560","full_text_katakana_latin_scan","全文机械扫描候选；未据此自动固定中文"
"フレア","","candidate","片假名/拉丁字母扫描候选","1","1","0","0","","pm:static:photonmelodies11.rio.002:1214082412:00005185","crsa:photonmelodies11.rio.002@1214082412","full_text_katakana_latin_scan","全文机械扫描候选；未据此自动固定中文"
"フレッシュ","","candidate","片假名/拉丁字母扫描候选","1","1","0","0","","pm:static:photonmelodies11.rio.004:1235087732:00246944","crsa:photonmelodies11.rio.004@1235087732","full_text_katakana_latin_scan","全文机械扫描候选；未据此自动固定中文"
"フレーズ","","candidate","片假名/拉丁字母扫描候选","1","1","0","0","","pm:static:photonmelodies11.rio.004:1457084560:00292557","crsa:photonmelodies11.rio.004@1457084560","full_text_katakana_latin_scan","全文机械扫描候选；未据此自动固定中文"
"フレームレス","","candidate","片假名/拉丁字母扫描候选","1","1","0","0","","pm:static:photonmelodies11.rio.004:0933776684:00399187","crsa:photonmelodies11.rio.004@933776684","full_text_katakana_latin_scan","全文机械扫描候选；未据此自动固定中文"
"フレームレスクリアドーム","","candidate","片假名/拉丁字母扫描候选","1","1","0","0","","pm:static:photonmelodies11.rio.004:0933776684:00387091","crsa:photonmelodies11.rio.004@933776684","full_text_katakana_latin_scan","全文机械扫描候选；未据此自动固定中文"
"フワッ","","candidate","片假名/拉丁字母扫描候选","1","1","0","0","","pm:static:photonmelodies11.rio.004:1361070408:00508105","crsa:photonmelodies11.rio.004@1361070408","full_text_katakana_latin_scan","全文机械扫描候选；未据此自动固定中文"
"フンヌ","","candidate","片假名/拉丁字母扫描候选","1","1","0","0","","pm:static:photonmelodies11.rio.004:0426952928:00329923","crsa:photonmelodies11.rio.004@426952928","full_text_katakana_latin_scan","全文机械扫描候选；未据此自动固定中文"
"フンフンフンフンフンフンフンフンッ","","candidate","片假名/拉丁字母扫描候选","1","1","0","0","","pm:static:photonmelodies11.rio.004:1269734756:00365262","crsa:photonmelodies11.rio.004@1269734756","full_text_katakana_latin_scan","全文机械扫描候选；未据此自动固定中文"
"ブァ","","candidate","片假名/拉丁字母扫描候选","1","1","0","0","","pm:static:photonmelodies11.rio.004:1235087732:00593646","crsa:photonmelodies11.rio.004@1235087732","full_text_katakana_latin_scan","全文机械扫描候选；未据此自动固定中文"
"ブイ","","candidate","片假名/拉丁字母扫描候选","1","1","0","0","","pm:static:photonmelodies11.rio.004:0812258960:00353526","crsa:photonmelodies11.rio.004@812258960","full_text_katakana_latin_scan","全文机械扫描候选；未据此自动固定中文"
"ブクブク","","candidate","片假名/拉丁字母扫描候选","1","1","0","0","","pm:static:photonmelodies11.rio.004:0874373084:00148798","crsa:photonmelodies11.rio.004@874373084","full_text_katakana_latin_scan","全文机械扫描候选；未据此自动固定中文"
"ブッチ","","candidate","片假名/拉丁字母扫描候选","1","1","0","0","","pm:static:photonmelodies11.rio.004:1327482084:00159889","crsa:photonmelodies11.rio.004@1327482084","full_text_katakana_latin_scan","全文机械扫描候选；未据此自动固定中文"
"ブツ","","candidate","片假名/拉丁字母扫描候选","1","1","0","0","","pm:static:photonmelodies11.rio.002:1544313288:00228392","crsa:photonmelodies11.rio.002@1544313288","full_text_katakana_latin_scan","全文机械扫描候选；未据此自动固定中文"
"ブブ","","candidate","片假名/拉丁字母扫描候选","1","1","0","0","","pm:static:photonmelodies11.rio.004:0426952928:00737183","crsa:photonmelodies11.rio.004@426952928","full_text_katakana_latin_scan","全文机械扫描候选；未据此自动固定中文"
"ブヨ","","candidate","片假名/拉丁字母扫描候选","1","1","0","0","","pm:static:photonmelodies11.rio.004:1361070408:00465165","crsa:photonmelodies11.rio.004@1361070408","full_text_katakana_latin_scan","全文机械扫描候选；未据此自动固定中文"
"ブラックホール","","candidate","片假名/拉丁字母扫描候选","1","1","0","0","","pm:static:photonmelodies11.rio.003:2092185664:00347366","crsa:photonmelodies11.rio.003@2092185664","full_text_katakana_latin_scan","全文机械扫描候选；未据此自动固定中文"
"ブラックボックス","","candidate","片假名/拉丁字母扫描候选","1","1","0","0","","pm:static:photonmelodies11.rio.004:0979390512:00033840","crsa:photonmelodies11.rio.004@979390512","full_text_katakana_latin_scan","全文机械扫描候选；未据此自动固定中文"
"ブラフ","","candidate","片假名/拉丁字母扫描候选","1","1","0","0","","pm:static:photonmelodies11.rio.004:1269734756:00362372","crsa:photonmelodies11.rio.004@1269734756","full_text_katakana_latin_scan","全文机械扫描候选；未据此自动固定中文"
"ブラブラモード","","candidate","片假名/拉丁字母扫描候选","1","1","0","0","","pm:static:photonmelodies11.rio.004:0812258960:00241290","crsa:photonmelodies11.rio.004@812258960","full_text_katakana_latin_scan","全文机械扫描候选；未据此自动固定中文"
"ブラホック","","candidate","片假名/拉丁字母扫描候选","1","1","0","0","","pm:static:photonmelodies11.rio.004:1560893912:00199169","crsa:photonmelodies11.rio.004@1560893912","full_text_katakana_latin_scan","全文机械扫描候选；未据此自动固定中文"
"ブリ","","candidate","片假名/拉丁字母扫描候选","1","1","0","0","","pm:static:photonmelodies11.rio.004:0258770628:00130072","crsa:photonmelodies11.rio.004@258770628","full_text_katakana_latin_scan","全文机械扫描候选；未据此自动固定中文"
"ブルブル","","candidate","片假名/拉丁字母扫描候选","1","1","0","0","","pm:static:photonmelodies11.rio.004:0874373084:00173266","crsa:photonmelodies11.rio.004@874373084","full_text_katakana_latin_scan","全文机械扫描候选；未据此自动固定中文"
"ブレーキ","","candidate","片假名/拉丁字母扫描候选","1","1","0","0","","pm:static:photonmelodies11.rio.004:0426952928:00449155","crsa:photonmelodies11.rio.004@426952928","full_text_katakana_latin_scan","全文机械扫描候选；未据此自动固定中文"
"ブワッ","","candidate","片假名/拉丁字母扫描候选","1","1","0","0","","pm:static:photonmelodies11.rio.003:2092185664:00297116","crsa:photonmelodies11.rio.003@2092185664","full_text_katakana_latin_scan","全文机械扫描候选；未据此自动固定中文"
"ブン","","candidate","片假名/拉丁字母扫描候选","1","1","0","0","","pm:static:photonmelodies11.rio.004:0601851372:00233179","crsa:photonmelodies11.rio.004@601851372","full_text_katakana_latin_scan","全文机械扫描候选；未据此自动固定中文"
"ブンブン","","candidate","片假名/拉丁字母扫描候选","1","1","0","0","","pm:static:photonmelodies11.rio.004:1327482084:00280949","crsa:photonmelodies11.rio.004@1327482084","full_text_katakana_latin_scan","全文机械扫描候选；未据此自动固定中文"
"ブンブンブン","","candidate","片假名/拉丁字母扫描候选","1","1","0","0","","pm:static:photonmelodies11.rio.004:1235087732:00402762","crsa:photonmelodies11.rio.004@1235087732","full_text_katakana_latin_scan","全文机械扫描候选；未据此自动固定中文"
"ブート","","candidate","片假名/拉丁字母扫描候选","1","1","0","0","","pm:static:photonmelodies11.rio.003:1272111780:00224236","crsa:photonmelodies11.rio.003@1272111780","full_text_katakana_latin_scan","全文机械扫描候选；未据此自动固定中文"
"プシュ","","candidate","片假名/拉丁字母扫描候选","1","1","0","0","","pm:static:photonmelodies11.rio.004:0780938508:00088597","crsa:photonmelodies11.rio.004@780938508","full_text_katakana_latin_scan","全文机械扫描候选；未据此自动固定中文"
"プライベート","","candidate","片假名/拉丁字母扫描候选","1","1","0","0","","pm:static:photonmelodies11.rio.004:1676972672:00180315","crsa:photonmelodies11.rio.004@1676972672","full_text_katakana_latin_scan","全文机械扫描候选；未据此自动固定中文"
"プラネタリウム","","candidate","片假名/拉丁字母扫描候选","1","1","0","0","","pm:static:photonmelodies11.rio.004:1235087732:00587314","crsa:photonmelodies11.rio.004@1235087732","full_text_katakana_latin_scan","全文机械扫描候选；未据此自动固定中文"
"プラプラ","","candidate","片假名/拉丁字母扫描候选","1","1","0","0","","pm:static:photonmelodies11.rio.003:1933169644:00170680","crsa:photonmelodies11.rio.003@1933169644","full_text_katakana_latin_scan","全文机械扫描候选；未据此自动固定中文"
"プラン","","candidate","片假名/拉丁字母扫描候选","1","1","0","0","","pm:static:photonmelodies11.rio.004:1269734756:00442484","crsa:photonmelodies11.rio.004@1269734756","full_text_katakana_latin_scan","全文机械扫描候选；未据此自动固定中文"
"プレコグニショーーーーーーーーーーーーン","","candidate","片假名/拉丁字母扫描候选","1","1","0","0","","pm:static:photonmelodies11.rio.004:0601851372:00117753","crsa:photonmelodies11.rio.004@601851372","full_text_katakana_latin_scan","全文机械扫描候选；未据此自动固定中文"
"プレスタ","","candidate","片假名/拉丁字母扫描候选","1","1","0","0","","pm:static:photonmelodies11.rio.003:0839604068:00296640","crsa:photonmelodies11.rio.003@839604068","full_text_katakana_latin_scan","全文机械扫描候选；未据此自动固定中文"
"プレハブ","","candidate","片假名/拉丁字母扫描候选","1","1","0","0","","pm:static:photonmelodies11.rio.003:1487490840:00124020","crsa:photonmelodies11.rio.003@1487490840","full_text_katakana_latin_scan","全文机械扫描候选；未据此自动固定中文"
"プロセス","","candidate","片假名/拉丁字母扫描候选","1","1","0","0","","pm:static:photonmelodies11.rio.004:1259067424:00196426","crsa:photonmelodies11.rio.004@1259067424","full_text_katakana_latin_scan","全文机械扫描候选；未据此自动固定中文"
"プロトバージョン","","candidate","片假名/拉丁字母扫描候选","1","1","0","0","","pm:static:photonmelodies11.rio.004:1361070408:00320529","crsa:photonmelodies11.rio.004@1361070408","full_text_katakana_latin_scan","全文机械扫描候选；未据此自动固定中文"
"プロレス","","candidate","片假名/拉丁字母扫描候选","1","1","0","0","","pm:static:photonmelodies11.rio.004:1327482084:00346433","crsa:photonmelodies11.rio.004@1327482084","full_text_katakana_latin_scan","全文机械扫描候选；未据此自动固定中文"
"プーケット","","candidate","片假名/拉丁字母扫描候选","1","1","0","0","","pm:static:photonmelodies11.rio.004:0812258960:00288834","crsa:photonmelodies11.rio.004@812258960","full_text_katakana_latin_scan","全文机械扫描候选；未据此自动固定中文"
"プールサイド","","candidate","片假名/拉丁字母扫描候选","1","1","0","0","","pm:static:photonmelodies11.rio.004:1511431932:00306795","crsa:photonmelodies11.rio.004@1511431932","full_text_katakana_latin_scan","全文机械扫描候选；未据此自动固定中文"
"ヘタ","","candidate","片假名/拉丁字母扫描候选","1","1","0","0","","pm:static:photonmelodies11.rio.004:1457084560:00492293","crsa:photonmelodies11.rio.004@1457084560","full_text_katakana_latin_scan","全文机械扫描候选；未据此自动固定中文"
"ヘタクソ","","candidate","片假名/拉丁字母扫描候选","1","1","0","0","","pm:static:photonmelodies11.rio.004:0426952928:00352241","crsa:photonmelodies11.rio.004@426952928","full_text_katakana_latin_scan","全文机械扫描候选；未据此自动固定中文"
"ヘトヘト","","candidate","片假名/拉丁字母扫描候选","1","1","0","0","","pm:static:photonmelodies11.rio.004:1259067424:00246350","crsa:photonmelodies11.rio.004@1259067424","full_text_katakana_latin_scan","全文机械扫描候选；未据此自动固定中文"
"ヘビ","","candidate","片假名/拉丁字母扫描候选","1","1","0","0","","pm:static:photonmelodies11.rio.004:0426952928:00540333","crsa:photonmelodies11.rio.004@426952928","full_text_katakana_latin_scan","全文机械扫描候选；未据此自动固定中文"
"ヘボ","","candidate","片假名/拉丁字母扫描候选","1","1","0","0","","pm:static:photonmelodies11.rio.003:2092185664:00370710","crsa:photonmelodies11.rio.003@2092185664","full_text_katakana_latin_scan","全文机械扫描候选；未据此自动固定中文"
"ヘリクツ","","candidate","片假名/拉丁字母扫描候选","1","1","0","0","","pm:static:photonmelodies11.rio.003:0839604068:00227514","crsa:photonmelodies11.rio.003@839604068","full_text_katakana_latin_scan","全文机械扫描候选；未据此自动固定中文"
"ヘリコプタ","","candidate","片假名/拉丁字母扫描候选","1","1","0","0","","pm:static:photonmelodies11.rio.003:1272111780:00218422","crsa:photonmelodies11.rio.003@1272111780","full_text_katakana_latin_scan","全文机械扫描候选；未据此自动固定中文"
"ヘリッ","","candidate","片假名/拉丁字母扫描候选","1","1","0","0","","pm:static:photonmelodies11.rio.004:0499205748:00198022","crsa:photonmelodies11.rio.004@499205748","full_text_katakana_latin_scan","全文机械扫描候选；未据此自动固定中文"
"ヘルプッ","","candidate","片假名/拉丁字母扫描候选","1","1","0","0","","pm:static:photonmelodies11.rio.003:1272111780:00180714","crsa:photonmelodies11.rio.003@1272111780","full_text_katakana_latin_scan","全文机械扫描候选；未据此自动固定中文"
"ヘンタ","","candidate","片假名/拉丁字母扫描候选","1","1","0","0","","pm:static:photonmelodies11.rio.004:1015106108:00183217","crsa:photonmelodies11.rio.004@1015106108","full_text_katakana_latin_scan","全文机械扫描候选；未据此自动固定中文"
"ヘンタイ","","candidate","片假名/拉丁字母扫描候选","1","1","0","0","","pm:static:photonmelodies11.rio.004:1511431932:00287453","crsa:photonmelodies11.rio.004@1511431932","full_text_katakana_latin_scan","全文机械扫描候选；未据此自动固定中文"
"ベアーゴォ","","candidate","片假名/拉丁字母扫描候选","1","1","0","0","","pm:static:photonmelodies11.rio.004:0499205748:00207864","crsa:photonmelodies11.rio.004@499205748","full_text_katakana_latin_scan","全文机械扫描候选；未据此自动固定中文"
"ベスト","","candidate","片假名/拉丁字母扫描候选","1","1","0","0","","pm:static:photonmelodies11.rio.004:1235087732:00295302","crsa:photonmelodies11.rio.004@1235087732","full_text_katakana_latin_scan","全文机械扫描候选；未据此自动固定中文"
"ベタ","","candidate","片假名/拉丁字母扫描候选","1","1","0","0","","pm:static:photonmelodies11.rio.004:1015106108:00240399","crsa:photonmelodies11.rio.004@1015106108","full_text_katakana_latin_scan","全文机械扫描候选；未据此自动固定中文"
"ベッタベタ","","candidate","片假名/拉丁字母扫描候选","1","1","0","0","","pm:static:photonmelodies11.rio.004:1269734756:00246542","crsa:photonmelodies11.rio.004@1269734756","full_text_katakana_latin_scan","全文机械扫描候选；未据此自动固定中文"
"ベル","","candidate","片假名/拉丁字母扫描候选","1","1","0","0","","pm:static:photonmelodies11.rio.004:1259067424:00199844","crsa:photonmelodies11.rio.004@1259067424","full_text_katakana_latin_scan","全文机械扫描候选；未据此自动固定中文"
"ベンキョウノシカタ","","candidate","片假名/拉丁字母扫描候选","1","1","0","0","","pm:static:photonmelodies11.rio.004:1235087732:00486650","crsa:photonmelodies11.rio.004@1235087732","full_text_katakana_latin_scan","全文机械扫描候选；未据此自动固定中文"
"ベンチ","","candidate","片假名/拉丁字母扫描候选","1","1","0","0","","pm:static:photonmelodies11.rio.004:0874373084:00250092","crsa:photonmelodies11.rio.004@874373084","full_text_katakana_latin_scan","全文机械扫描候选；未据此自动固定中文"
"ベール","","candidate","片假名/拉丁字母扫描候选","1","1","0","0","","pm:static:photonmelodies11.rio.003:1808201404:00142388","crsa:photonmelodies11.rio.003@1808201404","full_text_katakana_latin_scan","全文机械扫描候选；未据此自动固定中文"
"ペタペタ","","candidate","片假名/拉丁字母扫描候选","1","1","0","0","","pm:static:photonmelodies11.rio.004:1015106108:00225951","crsa:photonmelodies11.rio.004@1015106108","full_text_katakana_latin_scan","全文机械扫描候选；未据此自动固定中文"
"ペテン","","candidate","片假名/拉丁字母扫描候选","1","1","0","0","","pm:static:photonmelodies11.rio.004:1269734756:00493062","crsa:photonmelodies11.rio.004@1269734756","full_text_katakana_latin_scan","全文机械扫描候选；未据此自动固定中文"
"ホカホカ","","candidate","片假名/拉丁字母扫描候选","1","1","0","0","","pm:static:photonmelodies11.rio.004:0601851372:00180075","crsa:photonmelodies11.rio.004@601851372","full_text_katakana_latin_scan","全文机械扫描候选；未据此自动固定中文"
"ホステス","","candidate","片假名/拉丁字母扫描候选","1","1","0","0","","pm:static:photonmelodies11.rio.004:1327482084:00364579","crsa:photonmelodies11.rio.004@1327482084","full_text_katakana_latin_scan","全文机械扫描候选；未据此自动固定中文"
"ホッ","","candidate","片假名/拉丁字母扫描候选","1","1","0","0","","pm:static:photonmelodies11.rio.004:0426952928:00542727","crsa:photonmelodies11.rio.004@426952928","full_text_katakana_latin_scan","全文机械扫描候选；未据此自动固定中文"
"ホック","","candidate","片假名/拉丁字母扫描候选","1","1","0","0","","pm:static:photonmelodies11.rio.004:1560893912:00199169","crsa:photonmelodies11.rio.004@1560893912","full_text_katakana_latin_scan","全文机械扫描候选；未据此自动固定中文"
"ホッグ","","candidate","片假名/拉丁字母扫描候选","1","1","0","0","","pm:static:photonmelodies11.rio.004:1511431932:00213417","crsa:photonmelodies11.rio.004@1511431932","full_text_katakana_latin_scan","全文机械扫描候选；未据此自动固定中文"
"ホットドッグ","","candidate","片假名/拉丁字母扫描候选","1","1","0","0","","pm:static:photonmelodies11.rio.004:1511431932:00213949","crsa:photonmelodies11.rio.004@1511431932","full_text_katakana_latin_scan","全文机械扫描候选；未据此自动固定中文"
"ホモ","","candidate","片假名/拉丁字母扫描候选","1","1","0","0","","pm:static:photonmelodies11.rio.002:1544313288:00322152","crsa:photonmelodies11.rio.002@1544313288","full_text_katakana_latin_scan","全文机械扫描候选；未据此自动固定中文"
"ホリ","","candidate","片假名/拉丁字母扫描候选","1","1","0","0","","pm:static:photonmelodies11.rio.004:0601851372:00233387","crsa:photonmelodies11.rio.004@601851372","full_text_katakana_latin_scan","全文机械扫描候选；未据此自动固定中文"
"ホワイトクリスマス","","candidate","片假名/拉丁字母扫描候选","1","1","0","0","","pm:static:photonmelodies11.rio.004:0695803188:00173095","crsa:photonmelodies11.rio.004@695803188","full_text_katakana_latin_scan","全文机械扫描候选；未据此自动固定中文"
"ホワット","","candidate","片假名/拉丁字母扫描候选","1","1","0","0","","pm:static:photonmelodies11.rio.004:0131862200:00274820","crsa:photonmelodies11.rio.004@131862200","full_text_katakana_latin_scan","全文机械扫描候选；未据此自动固定中文"
"ホントカワイイ","","candidate","片假名/拉丁字母扫描候选","1","1","0","0","","pm:static:photonmelodies11.rio.004:0933776684:00558571","crsa:photonmelodies11.rio.004@933776684","full_text_katakana_latin_scan","全文机械扫描候选；未据此自动固定中文"
"ホントホント","","candidate","片假名/拉丁字母扫描候选","1","1","0","0","","pm:static:photonmelodies11.rio.004:0499205748:00208378","crsa:photonmelodies11.rio.004@499205748","full_text_katakana_latin_scan","全文机械扫描候选；未据此自动固定中文"
"ホンモノ","","candidate","片假名/拉丁字母扫描候选","1","1","0","0","","pm:static:photonmelodies11.rio.003:1487490840:00145366","crsa:photonmelodies11.rio.003@1487490840","full_text_katakana_latin_scan","全文机械扫描候选；未据此自动固定中文"
"ホームシック","","candidate","片假名/拉丁字母扫描候选","1","1","0","0","","pm:static:photonmelodies11.rio.004:1235087732:00373954","crsa:photonmelodies11.rio.004@1235087732","full_text_katakana_latin_scan","全文机械扫描候选；未据此自动固定中文"
"ホームステイ","","candidate","片假名/拉丁字母扫描候选","1","1","0","0","","pm:static:photonmelodies11.rio.002:1544313288:00267738","crsa:photonmelodies11.rio.002@1544313288","full_text_katakana_latin_scan","全文机械扫描候选；未据此自动固定中文"
"ボエェェェェ","","candidate","片假名/拉丁字母扫描候选","1","1","0","0","","pm:static:photonmelodies11.rio.004:0933776684:00369579","crsa:photonmelodies11.rio.004@933776684","full_text_katakana_latin_scan","全文机械扫描候选；未据此自动固定中文"
"ボカボカ","","candidate","片假名/拉丁字母扫描候选","1","1","0","0","","pm:static:photonmelodies11.rio.004:1269734756:00503354","crsa:photonmelodies11.rio.004@1269734756","full_text_katakana_latin_scan","全文机械扫描候选；未据此自动固定中文"
"ボケッ","","candidate","片假名/拉丁字母扫描候选","1","1","0","0","","pm:static:photonmelodies11.rio.004:1676972672:00246761","crsa:photonmelodies11.rio.004@1676972672","full_text_katakana_latin_scan","全文机械扫描候选；未据此自动固定中文"
"ボコボコ","","candidate","片假名/拉丁字母扫描候选","1","1","0","0","","pm:static:photonmelodies11.rio.003:1487490840:00130136","crsa:photonmelodies11.rio.003@1487490840","full_text_katakana_latin_scan","全文机械扫描候选；未据此自动固定中文"
"ボスキャラ","","candidate","片假名/拉丁字母扫描候选","1","1","0","0","","pm:static:photonmelodies11.rio.004:1327482084:00317753","crsa:photonmelodies11.rio.004@1327482084","full_text_katakana_latin_scan","全文机械扫描候选；未据此自动固定中文"
"ボッカ","","candidate","片假名/拉丁字母扫描候选","1","1","0","0","","pm:static:photonmelodies11.rio.002:1544313288:00249310","crsa:photonmelodies11.rio.002@1544313288","full_text_katakana_latin_scan","全文机械扫描候选；未据此自动固定中文"
"ボッコボコ","","candidate","片假名/拉丁字母扫描候选","1","1","0","0","","pm:static:photonmelodies11.rio.004:0426952928:00429561","crsa:photonmelodies11.rio.004@426952928","full_text_katakana_latin_scan","全文机械扫描候选；未据此自动固定中文"
"ボロ","","candidate","片假名/拉丁字母扫描候选","1","1","0","0","","pm:static:photonmelodies11.rio.004:0601851372:00153845","crsa:photonmelodies11.rio.004@601851372","full_text_katakana_latin_scan","全文机械扫描候选；未据此自动固定中文"
"ボン","","candidate","片假名/拉丁字母扫描候选","1","1","0","0","","pm:static:photonmelodies11.rio.004:1361070408:00493765","crsa:photonmelodies11.rio.004@1361070408","full_text_katakana_latin_scan","全文机械扫描候选；未据此自动固定中文"
"ボンボン","","candidate","片假名/拉丁字母扫描候选","1","1","0","0","","pm:static:photonmelodies11.rio.004:0695803188:00161737","crsa:photonmelodies11.rio.004@695803188","full_text_katakana_latin_scan","全文机械扫描候选；未据此自动固定中文"
"ポイントガード","","candidate","片假名/拉丁字母扫描候选","1","1","0","0","","pm:static:photonmelodies11.rio.003:0839604068:00317200","crsa:photonmelodies11.rio.003@839604068","full_text_katakana_latin_scan","全文机械扫描候选；未据此自动固定中文"
"ポイントポイント","","candidate","片假名/拉丁字母扫描候选","1","1","0","0","","pm:static:photonmelodies11.rio.004:1361070408:00405191","crsa:photonmelodies11.rio.004@1361070408","full_text_katakana_latin_scan","全文机械扫描候选；未据此自动固定中文"
"ポチ","","candidate","片假名/拉丁字母扫描候选","1","1","0","0","","pm:static:photonmelodies11.rio.004:0655753292:00207800","crsa:photonmelodies11.rio.004@655753292","full_text_katakana_latin_scan","全文机械扫描候选；未据此自动固定中文"
"ポチッ","","candidate","片假名/拉丁字母扫描候选","1","1","0","0","","pm:static:photonmelodies11.rio.004:1216455180:00072077","crsa:photonmelodies11.rio.004@1216455180","full_text_katakana_latin_scan","全文机械扫描候选；未据此自动固定中文"
"ポテチ","","candidate","片假名/拉丁字母扫描候选","1","1","0","0","","pm:static:photonmelodies11.rio.004:1327482084:00343375","crsa:photonmelodies11.rio.004@1327482084","full_text_katakana_latin_scan","全文机械扫描候选；未据此自动固定中文"
"ポリカーボネイト","","candidate","片假名/拉丁字母扫描候选","1","1","0","0","","pm:static:photonmelodies11.rio.004:1511431932:00220333","crsa:photonmelodies11.rio.004@1511431932","full_text_katakana_latin_scan","全文机械扫描候选；未据此自动固定中文"
"ポリゴン","","candidate","片假名/拉丁字母扫描候选","1","1","0","0","","pm:static:photonmelodies11.rio.004:1259067424:00332814","crsa:photonmelodies11.rio.004@1259067424","full_text_katakana_latin_scan","全文机械扫描候选；未据此自动固定中文"
"ポロッ","","candidate","片假名/拉丁字母扫描候选","1","1","0","0","","pm:static:photonmelodies11.rio.004:0601851372:00136623","crsa:photonmelodies11.rio.004@601851372","full_text_katakana_latin_scan","全文机械扫描候选；未据此自动固定中文"
"ポーズ","","candidate","片假名/拉丁字母扫描候选","1","1","0","0","","pm:static:photonmelodies11.rio.004:0655753292:00191052","crsa:photonmelodies11.rio.004@655753292","full_text_katakana_latin_scan","全文机械扫描候选；未据此自动固定中文"
"ポータブル","","candidate","片假名/拉丁字母扫描候选","1","1","0","0","","pm:static:photonmelodies11.rio.004:0426952928:00298093","crsa:photonmelodies11.rio.004@426952928","full_text_katakana_latin_scan","全文机械扫描候选；未据此自动固定中文"
"マグネシウム","","candidate","片假名/拉丁字母扫描候选","1","1","0","0","","pm:static:photonmelodies11.rio.004:0780938508:00069005","crsa:photonmelodies11.rio.004@780938508","full_text_katakana_latin_scan","全文机械扫描候选；未据此自动固定中文"
"マグロ","","candidate","片假名/拉丁字母扫描候选","1","1","0","0","","pm:static:photonmelodies11.rio.004:0258770628:00130072","crsa:photonmelodies11.rio.004@258770628","full_text_katakana_latin_scan","全文机械扫描候选；未据此自动固定中文"
"マジシャンズ","","candidate","片假名/拉丁字母扫描候选","1","1","0","0","","pm:static:photonmelodies11.rio.004:1361070408:00456439","crsa:photonmelodies11.rio.004@1361070408","full_text_katakana_latin_scan","全文机械扫描候选；未据此自动固定中文"
"マジッ","","candidate","片假名/拉丁字母扫描候选","1","1","0","0","","pm:static:photonmelodies11.rio.004:0426952928:00670461","crsa:photonmelodies11.rio.004@426952928","full_text_katakana_latin_scan","全文机械扫描候选；未据此自动固定中文"
"マジッス","","candidate","片假名/拉丁字母扫描候选","1","1","0","0","","pm:static:photonmelodies11.rio.004:1015106108:00250739","crsa:photonmelodies11.rio.004@1015106108","full_text_katakana_latin_scan","全文机械扫描候选；未据此自动固定中文"
"マジバカ","","candidate","片假名/拉丁字母扫描候选","1","1","0","0","","pm:static:photonmelodies11.rio.004:1235087732:00269274","crsa:photonmelodies11.rio.004@1235087732","full_text_katakana_latin_scan","全文机械扫描候选；未据此自动固定中文"
"マジボケ","","candidate","片假名/拉丁字母扫描候选","1","1","0","0","","pm:static:photonmelodies11.rio.004:1361070408:00343245","crsa:photonmelodies11.rio.004@1361070408","full_text_katakana_latin_scan","全文机械扫描候选；未据此自动固定中文"
"マジマジ","","candidate","片假名/拉丁字母扫描候选","1","1","0","0","","pm:static:photonmelodies11.rio.004:1457084560:00227299","crsa:photonmelodies11.rio.004@1457084560","full_text_katakana_latin_scan","全文机械扫描候选；未据此自动固定中文"
"マスコット","","candidate","片假名/拉丁字母扫描候选","1","1","0","0","","pm:static:photonmelodies11.rio.003:0839604068:00357170","crsa:photonmelodies11.rio.003@839604068","full_text_katakana_latin_scan","全文机械扫描候选；未据此自动固定中文"
"マスタ","","candidate","片假名/拉丁字母扫描候选","1","1","0","0","","pm:static:photonmelodies11.rio.004:0426952928:00440987","crsa:photonmelodies11.rio.004@426952928","full_text_katakana_latin_scan","全文机械扫描候选；未据此自动固定中文"
"マスト","","candidate","片假名/拉丁字母扫描候选","1","1","0","0","","pm:static:photonmelodies11.rio.003:1668688832:00192383","crsa:photonmelodies11.rio.003@1668688832","full_text_katakana_latin_scan","全文机械扫描候选；未据此自动固定中文"
"マッ","","candidate","片假名/拉丁字母扫描候选","1","1","0","0","","pm:static:photonmelodies11.rio.003:1668688832:00305725","crsa:photonmelodies11.rio.003@1668688832","full_text_katakana_latin_scan","全文机械扫描候选；未据此自动固定中文"
"マックス","","candidate","片假名/拉丁字母扫描候选","1","1","0","0","","pm:static:photonmelodies11.rio.004:1269734756:00506350","crsa:photonmelodies11.rio.004@1269734756","full_text_katakana_latin_scan","全文机械扫描候选；未据此自动固定中文"
"マッサージ","","candidate","片假名/拉丁字母扫描候选","1","1","0","0","","pm:static:photonmelodies11.rio.004:1216455180:00040795","crsa:photonmelodies11.rio.004@1216455180","full_text_katakana_latin_scan","全文机械扫描候选；未据此自动固定中文"
"マッチ","","candidate","片假名/拉丁字母扫描候选","1","1","0","0","","pm:static:photonmelodies11.rio.004:1269734756:00233066","crsa:photonmelodies11.rio.004@1269734756","full_text_katakana_latin_scan","全文机械扫描候选；未据此自动固定中文"
"マップ","","candidate","片假名/拉丁字母扫描候选","1","1","0","0","","pm:static:photonmelodies11.rio.003:1668688832:00181739","crsa:photonmelodies11.rio.003@1668688832","full_text_katakana_latin_scan","全文机械扫描候选；未据此自动固定中文"
"マップマッチング","","candidate","片假名/拉丁字母扫描候选","1","1","0","0","","pm:static:photonmelodies11.rio.004:0426952928:00299853","crsa:photonmelodies11.rio.004@426952928","full_text_katakana_latin_scan","全文机械扫描候选；未据此自动固定中文"
"マトモ","","candidate","片假名/拉丁字母扫描候选","1","1","0","0","","pm:static:photonmelodies11.rio.003:1487490840:00113872","crsa:photonmelodies11.rio.003@1487490840","full_text_katakana_latin_scan","全文机械扫描候选；未据此自动固定中文"
"マニマニマニマニマニマニ","","candidate","片假名/拉丁字母扫描候选","1","1","0","0","","pm:static:photonmelodies11.rio.004:1235087732:00399818","crsa:photonmelodies11.rio.004@1235087732","full_text_katakana_latin_scan","全文机械扫描候选；未据此自动固定中文"
"マネージャ","","candidate","片假名/拉丁字母扫描候选","1","1","0","0","","pm:static:photonmelodies11.rio.004:1269734756:00478066","crsa:photonmelodies11.rio.004@1269734756","full_text_katakana_latin_scan","全文机械扫描候选；未据此自动固定中文"
"ママママママジ","","candidate","片假名/拉丁字母扫描候选","1","1","0","0","","pm:static:photonmelodies11.rio.004:1015106108:00254041","crsa:photonmelodies11.rio.004@1015106108","full_text_katakana_latin_scan","全文机械扫描候选；未据此自动固定中文"
"マムッ","","candidate","片假名/拉丁字母扫描候选","1","1","0","0","","pm:static:photonmelodies11.rio.004:0131862200:00171538","crsa:photonmelodies11.rio.004@131862200","full_text_katakana_latin_scan","全文机械扫描候选；未据此自动固定中文"
"マロース","","candidate","片假名/拉丁字母扫描候选","1","1","0","0","","pm:static:photonmelodies11.rio.004:0695803188:00151221","crsa:photonmelodies11.rio.004@695803188","full_text_katakana_latin_scan","全文机械扫描候选；未据此自动固定中文"
"マンゴ","","candidate","片假名/拉丁字母扫描候选","1","1","0","0","","pm:static:photonmelodies11.rio.004:1457084560:00397709","crsa:photonmelodies11.rio.004@1457084560","full_text_katakana_latin_scan","全文机械扫描候选；未据此自动固定中文"
"マーカウケ","","candidate","片假名/拉丁字母扫描候选","1","1","0","0","","pm:static:photonmelodies11.rio.004:0812258960:00367466","crsa:photonmelodies11.rio.004@812258960","full_text_katakana_latin_scan","全文机械扫描候选；未据此自动固定中文"
"マーズ","","candidate","片假名/拉丁字母扫描候选","1","1","0","0","","pm:static:photonmelodies11.rio.004:1511431932:00298869","crsa:photonmelodies11.rio.004@1511431932","full_text_katakana_latin_scan","全文机械扫描候选；未据此自动固定中文"
"ミギャ","","candidate","片假名/拉丁字母扫描候选","1","1","0","0","","pm:static:photonmelodies11.rio.004:0933776684:00469453","crsa:photonmelodies11.rio.004@933776684","full_text_katakana_latin_scan","全文机械扫描候选；未据此自动固定中文"
"ミコト","","candidate","片假名/拉丁字母扫描候选","1","1","0","0","","pm:static:photonmelodies11.rio.004:0426952928:00295663","crsa:photonmelodies11.rio.004@426952928","full_text_katakana_latin_scan","全文机械扫描候选；未据此自动固定中文"
"ミストサウナ","","candidate","片假名/拉丁字母扫描候选","1","1","0","0","","pm:static:photonmelodies11.rio.004:0258770628:00219262","crsa:photonmelodies11.rio.004@258770628","full_text_katakana_latin_scan","全文机械扫描候选；未据此自动固定中文"
"ミッション","","candidate","片假名/拉丁字母扫描候选","1","1","0","0","","pm:static:photonmelodies11.rio.004:0408936772:00048025","crsa:photonmelodies11.rio.004@408936772","full_text_katakana_latin_scan","全文机械扫描候选；未据此自动固定中文"
"ミニ","","candidate","片假名/拉丁字母扫描候选","1","1","0","0","","pm:static:photonmelodies11.rio.004:0131862200:00299096","crsa:photonmelodies11.rio.004@131862200","full_text_katakana_latin_scan","全文机械扫描候选；未据此自动固定中文"
"ムム","","candidate","片假名/拉丁字母扫描候选","1","1","0","0","","pm:static:photonmelodies11.rio.004:1361070408:00460927","crsa:photonmelodies11.rio.004@1361070408","full_text_katakana_latin_scan","全文机械扫描候选；未据此自动固定中文"
"ムラムラ","","candidate","片假名/拉丁字母扫描候选","1","1","0","0","","pm:static:photonmelodies11.rio.004:1361070408:00388549","crsa:photonmelodies11.rio.004@1361070408","full_text_katakana_latin_scan","全文机械扫描候选；未据此自动固定中文"
"ムリムリムリィィィッッッ","","candidate","片假名/拉丁字母扫描候选","1","1","0","0","","pm:static:photonmelodies11.rio.004:1235087732:00407094","crsa:photonmelodies11.rio.004@1235087732","full_text_katakana_latin_scan","全文机械扫描候选；未据此自动固定中文"
"メイドインジャパン","","candidate","片假名/拉丁字母扫描候选","1","1","0","0","","pm:static:photonmelodies11.rio.004:0979390512:00036942","crsa:photonmelodies11.rio.004@979390512","full_text_katakana_latin_scan","全文机械扫描候选；未据此自动固定中文"
"メインイベント","","candidate","片假名/拉丁字母扫描候选","1","1","0","0","","pm:static:photonmelodies11.rio.004:0426952928:00746939","crsa:photonmelodies11.rio.004@426952928","full_text_katakana_latin_scan","全文机械扫描候选；未据此自动固定中文"
"メインディッシュ","","candidate","片假名/拉丁字母扫描候选","1","1","0","0","","pm:static:photonmelodies11.rio.003:0839604068:00365952","crsa:photonmelodies11.rio.003@839604068","full_text_katakana_latin_scan","全文机械扫描候选；未据此自动固定中文"
"メカメカ","","candidate","片假名/拉丁字母扫描候选","1","1","0","0","","pm:static:photonmelodies11.rio.003:2092185664:00217844","crsa:photonmelodies11.rio.003@2092185664","full_text_katakana_latin_scan","全文机械扫描候选；未据此自动固定中文"
"メキメキ","","candidate","片假名/拉丁字母扫描候选","1","1","0","0","","pm:static:photonmelodies11.rio.004:1560893912:00148875","crsa:photonmelodies11.rio.004@1560893912","full_text_katakana_latin_scan","全文机械扫描候选；未据此自动固定中文"
"メシメシメシ","","candidate","片假名/拉丁字母扫描候选","1","1","0","0","","pm:static:photonmelodies11.rio.004:1015106108:00170043","crsa:photonmelodies11.rio.004@1015106108","full_text_katakana_latin_scan","全文机械扫描候选；未据此自动固定中文"
"メジャースポーツ","","candidate","片假名/拉丁字母扫描候选","1","1","0","0","","pm:static:photonmelodies11.rio.003:1272111780:00130640","crsa:photonmelodies11.rio.003@1272111780","full_text_katakana_latin_scan","全文机械扫描候选；未据此自动固定中文"
"メチャメチャ","","candidate","片假名/拉丁字母扫描候选","1","1","0","0","","pm:static:photonmelodies11.rio.004:1139636328:00220403","crsa:photonmelodies11.rio.004@1139636328","full_text_katakana_latin_scan","全文机械扫描候选；未据此自动固定中文"
"メリット","","candidate","片假名/拉丁字母扫描候选","1","1","0","0","","pm:static:photonmelodies11.rio.004:1169383896:00177668","crsa:photonmelodies11.rio.004@1169383896","full_text_katakana_latin_scan","全文机械扫描候选；未据此自动固定中文"
"メロメロメロメロメロメロメロメロ","","candidate","片假名/拉丁字母扫描候选","1","1","0","0","","pm:static:photonmelodies11.rio.004:1361070408:00403209","crsa:photonmelodies11.rio.004@1361070408","full_text_katakana_latin_scan","全文机械扫描候选；未据此自动固定中文"
"メンタル","","candidate","片假名/拉丁字母扫描候选","1","1","0","0","","pm:static:photonmelodies11.rio.003:1272111780:00230628","crsa:photonmelodies11.rio.003@1272111780","full_text_katakana_latin_scan","全文机械扫描候选；未据此自动固定中文"
"メンテナンス","","candidate","片假名/拉丁字母扫描候选","1","1","0","0","","pm:static:photonmelodies11.rio.004:1560893912:00103939","crsa:photonmelodies11.rio.004@1560893912","full_text_katakana_latin_scan","全文机械扫描候选；未据此自动固定中文"
"メンド","","candidate","片假名/拉丁字母扫描候选","1","1","0","0","","pm:static:photonmelodies11.rio.004:0695803188:00126453","crsa:photonmelodies11.rio.004@695803188","full_text_katakana_latin_scan","全文机械扫描候选；未据此自动固定中文"
"モギテン","","candidate","片假名/拉丁字母扫描候选","1","1","0","0","","pm:static:photonmelodies11.rio.003:0839604068:00283114","crsa:photonmelodies11.rio.003@839604068","full_text_katakana_latin_scan","全文机械扫描候选；未据此自动固定中文"
"モジュール","","candidate","片假名/拉丁字母扫描候选","1","1","0","0","","pm:static:photonmelodies11.rio.003:1487490840:00158998","crsa:photonmelodies11.rio.003@1487490840","full_text_katakana_latin_scan","全文机械扫描候选；未据此自动固定中文"
"モタモタ","","candidate","片假名/拉丁字母扫描候选","1","1","0","0","","pm:static:photonmelodies11.rio.004:1676972672:00218925","crsa:photonmelodies11.rio.004@1676972672","full_text_katakana_latin_scan","全文机械扫描候选；未据此自动固定中文"
"モテモテ","","candidate","片假名/拉丁字母扫描候选","1","1","0","0","","pm:static:photonmelodies11.rio.003:1668688832:00312771","crsa:photonmelodies11.rio.003@1668688832","full_text_katakana_latin_scan","全文机械扫描候选；未据此自动固定中文"
"モニタリング","","candidate","片假名/拉丁字母扫描候选","1","1","0","0","","pm:static:photonmelodies11.rio.004:1511431932:00227713","crsa:photonmelodies11.rio.004@1511431932","full_text_katakana_latin_scan","全文机械扫描候选；未据此自动固定中文"
"モニターカメラ","","candidate","片假名/拉丁字母扫描候选","1","1","0","0","","pm:static:photonmelodies11.rio.003:1668688832:00221881","crsa:photonmelodies11.rio.003@1668688832","full_text_katakana_latin_scan","全文机械扫描候选；未据此自动固定中文"
"モノホン","","candidate","片假名/拉丁字母扫描候选","1","1","0","0","","pm:static:photonmelodies11.rio.003:0839604068:00318554","crsa:photonmelodies11.rio.003@839604068","full_text_katakana_latin_scan","全文机械扫描候选；未据此自动固定中文"
"モラル","","candidate","片假名/拉丁字母扫描候选","1","1","0","0","","pm:static:photonmelodies11.rio.003:1808201404:00100150","crsa:photonmelodies11.rio.003@1808201404","full_text_katakana_latin_scan","全文机械扫描候选；未据此自动固定中文"
"モラルハザード","","candidate","片假名/拉丁字母扫描候选","1","1","0","0","","pm:static:photonmelodies11.rio.004:0426952928:00695825","crsa:photonmelodies11.rio.004@426952928","full_text_katakana_latin_scan","全文机械扫描候选；未据此自动固定中文"
"モロ","","candidate","片假名/拉丁字母扫描候选","1","1","0","0","","pm:static:photonmelodies11.rio.004:0933776684:00433563","crsa:photonmelodies11.rio.004@933776684","full_text_katakana_latin_scan","全文机械扫描候选；未据此自动固定中文"
"モンゴル","","candidate","片假名/拉丁字母扫描候选","1","1","0","0","","pm:static:photonmelodies11.rio.004:0812258960:00209530","crsa:photonmelodies11.rio.004@812258960","full_text_katakana_latin_scan","全文机械扫描候选；未据此自动固定中文"
"モンスタ","","candidate","片假名/拉丁字母扫描候选","1","1","0","0","","pm:static:photonmelodies11.rio.004:0601851372:00176899","crsa:photonmelodies11.rio.004@601851372","full_text_katakana_latin_scan","全文机械扫描候选；未据此自动固定中文"
"モーグルコース","","candidate","片假名/拉丁字母扫描候选","1","1","0","0","","pm:static:photonmelodies11.rio.004:0426952928:00326657","crsa:photonmelodies11.rio.004@426952928","full_text_katakana_latin_scan","全文机械扫描候选；未据此自动固定中文"
"モーニングコール","","candidate","片假名/拉丁字母扫描候选","1","1","0","0","","pm:static:photonmelodies11.rio.004:1269734756:00258614","crsa:photonmelodies11.rio.004@1269734756","full_text_katakana_latin_scan","全文机械扫描候选；未据此自动固定中文"
"モーニングライフ","","candidate","片假名/拉丁字母扫描候选","1","1","0","0","","pm:static:photonmelodies11.rio.004:1269734756:00498696","crsa:photonmelodies11.rio.004@1269734756","full_text_katakana_latin_scan","全文机械扫描候选；未据此自动固定中文"
"ヤキイカ","","candidate","片假名/拉丁字母扫描候选","1","1","0","0","","pm:static:photonmelodies11.rio.004:0812258960:00326204","crsa:photonmelodies11.rio.004@812258960","full_text_katakana_latin_scan","全文机械扫描候选；未据此自动固定中文"
"ヤッ","","candidate","片假名/拉丁字母扫描候选","1","1","0","0","","pm:static:photonmelodies11.rio.004:1676972672:00222433","crsa:photonmelodies11.rio.004@1676972672","full_text_katakana_latin_scan","全文机械扫描候选；未据此自动固定中文"
"ヤッバ","","candidate","片假名/拉丁字母扫描候选","1","1","0","0","","pm:static:photonmelodies11.rio.004:0751768580:00022063","crsa:photonmelodies11.rio.004@751768580","full_text_katakana_latin_scan","全文机械扫描候选；未据此自动固定中文"
"ヤバイ","","candidate","片假名/拉丁字母扫描候选","1","1","0","0","","pm:static:photonmelodies11.rio.004:0131862200:00169860","crsa:photonmelodies11.rio.004@131862200","full_text_katakana_latin_scan","全文机械扫描候选；未据此自动固定中文"
"ヤバイヤバイ","","candidate","片假名/拉丁字母扫描候选","1","1","0","0","","pm:static:photonmelodies11.rio.004:1259067424:00201990","crsa:photonmelodies11.rio.004@1259067424","full_text_katakana_latin_scan","全文机械扫描候选；未据此自动固定中文"
"ヤバッ","","candidate","片假名/拉丁字母扫描候选","1","1","0","0","","pm:static:photonmelodies11.rio.003:1933169644:00157058","crsa:photonmelodies11.rio.003@1933169644","full_text_katakana_latin_scan","全文机械扫描候选；未据此自动固定中文"
"ヤバヤバヤバヤバヤ","","candidate","片假名/拉丁字母扫描候选","1","1","0","0","","pm:static:photonmelodies11.rio.004:0258770628:00236366","crsa:photonmelodies11.rio.004@258770628","full_text_katakana_latin_scan","全文机械扫描候选；未据此自动固定中文"
"ヤマト","","candidate","片假名/拉丁字母扫描候选","1","1","0","0","","pm:static:photonmelodies11.rio.002:1544313288:00337540","crsa:photonmelodies11.rio.002@1544313288","full_text_katakana_latin_scan","全文机械扫描候选；未据此自动固定中文"
"ヤラシ","","candidate","片假名/拉丁字母扫描候选","1","1","0","0","","pm:static:photonmelodies11.rio.004:0426952928:00312827","crsa:photonmelodies11.rio.004@426952928","full_text_katakana_latin_scan","全文机械扫描候选；未据此自动固定中文"
"ユア","","candidate","片假名/拉丁字母扫描候选","1","1","0","0","","pm:static:photonmelodies11.rio.004:0933776684:00435089","crsa:photonmelodies11.rio.004@933776684","full_text_katakana_latin_scan","全文机械扫描候选；未据此自动固定中文"
"ユッサユッサ","","candidate","片假名/拉丁字母扫描候选","1","1","0","0","","pm:static:photonmelodies11.rio.004:1259067424:00221940","crsa:photonmelodies11.rio.004@1259067424","full_text_katakana_latin_scan","全文机械扫描候选；未据此自动固定中文"
"ユニーク","","candidate","片假名/拉丁字母扫描候选","1","1","0","0","","pm:static:photonmelodies11.rio.003:1272111780:00128222","crsa:photonmelodies11.rio.003@1272111780","full_text_katakana_latin_scan","全文机械扫描候选；未据此自动固定中文"
"ヨイショッ","","candidate","片假名/拉丁字母扫描候选","1","1","0","0","","pm:static:photonmelodies11.rio.004:0426952928:00399835","crsa:photonmelodies11.rio.004@426952928","full_text_katakana_latin_scan","全文机械扫描候选；未据此自动固定中文"
"ヨチヨチ","","candidate","片假名/拉丁字母扫描候选","1","1","0","0","","pm:static:photonmelodies11.rio.004:1511431932:00218499","crsa:photonmelodies11.rio.004@1511431932","full_text_katakana_latin_scan","全文机械扫描候选；未据此自动固定中文"
"ヨッ","","candidate","片假名/拉丁字母扫描候选","1","1","0","0","","pm:static:photonmelodies11.rio.004:0812258960:00404628","crsa:photonmelodies11.rio.004@812258960","full_text_katakana_latin_scan","全文机械扫描候选；未据此自动固定中文"
"ヨロヨロ","","candidate","片假名/拉丁字母扫描候选","1","1","0","0","","pm:static:photonmelodies11.rio.004:1235087732:00478410","crsa:photonmelodies11.rio.004@1235087732","full_text_katakana_latin_scan","全文机械扫描候选；未据此自动固定中文"
"ヨーグルト","","candidate","片假名/拉丁字母扫描候选","1","1","0","0","","pm:static:photonmelodies11.rio.004:1327482084:00343375","crsa:photonmelodies11.rio.004@1327482084","full_text_katakana_latin_scan","全文机械扫描候选；未据此自动固定中文"
"ヨーロッパ","","candidate","片假名/拉丁字母扫描候选","1","1","0","0","","pm:static:photonmelodies11.rio.004:1269734756:00544666","crsa:photonmelodies11.rio.004@1269734756","full_text_katakana_latin_scan","全文机械扫描候选；未据此自动固定中文"
"ライチ","","candidate","片假名/拉丁字母扫描候选","1","1","0","0","","pm:static:photonmelodies11.rio.004:1457084560:00397709","crsa:photonmelodies11.rio.004@1457084560","full_text_katakana_latin_scan","全文机械扫描候选；未据此自动固定中文"
"ライトアップ","","candidate","片假名/拉丁字母扫描候选","1","1","0","0","","pm:static:photonmelodies11.rio.004:1269734756:00384186","crsa:photonmelodies11.rio.004@1269734756","full_text_katakana_latin_scan","全文机械扫描候选；未据此自动固定中文"
"ライフ","","candidate","片假名/拉丁字母扫描候选","1","1","0","0","","pm:static:photonmelodies11.rio.004:1235087732:00250532","crsa:photonmelodies11.rio.004@1235087732","full_text_katakana_latin_scan","全文机械扫描候选；未据此自动固定中文"
"ライブモニタ","","candidate","片假名/拉丁字母扫描候选","1","1","0","0","","pm:static:photonmelodies11.rio.003:1487490840:00123738","crsa:photonmelodies11.rio.003@1487490840","full_text_katakana_latin_scan","全文机械扫描候选；未据此自动固定中文"
"ラインナップ","","candidate","片假名/拉丁字母扫描候选","1","1","0","0","","pm:static:photonmelodies11.rio.003:0839604068:00385812","crsa:photonmelodies11.rio.003@839604068","full_text_katakana_latin_scan","全文机械扫描候选；未据此自动固定中文"
"ライヴ","","candidate","片假名/拉丁字母扫描候选","1","1","0","0","","pm:static:photonmelodies11.rio.004:0426952928:00724989","crsa:photonmelodies11.rio.004@426952928","full_text_katakana_latin_scan","全文机械扫描候选；未据此自动固定中文"
"ライヴモニタ","","candidate","片假名/拉丁字母扫描候选","1","1","0","0","","pm:static:photonmelodies11.rio.004:1327482084:00186733","crsa:photonmelodies11.rio.004@1327482084","full_text_katakana_latin_scan","全文机械扫描候选；未据此自动固定中文"
"ラジコン","","candidate","片假名/拉丁字母扫描候选","1","1","0","0","","pm:static:photonmelodies11.rio.003:0839604068:00228974","crsa:photonmelodies11.rio.003@839604068","full_text_katakana_latin_scan","全文机械扫描候选；未据此自动固定中文"
"ラッキーラッキ","","candidate","片假名/拉丁字母扫描候选","1","1","0","0","","pm:static:photonmelodies11.rio.004:0601851372:00172905","crsa:photonmelodies11.rio.004@601851372","full_text_katakana_latin_scan","全文机械扫描候选；未据此自动固定中文"
"ラップ","","candidate","片假名/拉丁字母扫描候选","1","1","0","0","","pm:static:photonmelodies11.rio.004:0860955960:00207213","crsa:photonmelodies11.rio.004@860955960","full_text_katakana_latin_scan","全文机械扫描候选；未据此自动固定中文"
"ラフ","","candidate","片假名/拉丁字母扫描候选","1","1","0","0","","pm:static:photonmelodies11.rio.004:1361070408:00466145","crsa:photonmelodies11.rio.004@1361070408","full_text_katakana_latin_scan","全文机械扫描候选；未据此自动固定中文"
"ラブラブ","","candidate","片假名/拉丁字母扫描候选","1","1","0","0","","pm:static:photonmelodies11.rio.004:0131862200:00156798","crsa:photonmelodies11.rio.004@131862200","full_text_katakana_latin_scan","全文机械扫描候选；未据此自动固定中文"
"ランキングッ","","candidate","片假名/拉丁字母扫描候选","1","1","0","0","","pm:static:photonmelodies11.rio.004:0131862200:00275402","crsa:photonmelodies11.rio.004@131862200","full_text_katakana_latin_scan","全文机械扫描候选；未据此自动固定中文"
"ランク","","candidate","片假名/拉丁字母扫描候选","1","1","0","0","","pm:static:photonmelodies11.rio.004:0131862200:00298522","crsa:photonmelodies11.rio.004@131862200","full_text_katakana_latin_scan","全文机械扫描候选；未据此自动固定中文"
"ランボルギーニ","","candidate","片假名/拉丁字母扫描候选","1","1","0","0","","pm:static:photonmelodies11.rio.004:1235087732:00546454","crsa:photonmelodies11.rio.004@1235087732","full_text_katakana_latin_scan","全文机械扫描候选；未据此自动固定中文"
"リセットリセット","","candidate","片假名/拉丁字母扫描候选","1","1","0","0","","pm:static:photonmelodies11.rio.004:1457084560:00247151","crsa:photonmelodies11.rio.004@1457084560","full_text_katakana_latin_scan","全文机械扫描候选；未据此自动固定中文"
"リチウム","","candidate","片假名/拉丁字母扫描候选","1","1","0","0","","pm:static:photonmelodies11.rio.004:1457084560:00480075","crsa:photonmelodies11.rio.004@1457084560","full_text_katakana_latin_scan","全文机械扫描候选；未据此自动固定中文"
"リトマス","","candidate","片假名/拉丁字母扫描候选","1","1","0","0","","pm:static:photonmelodies11.rio.004:1457084560:00477803","crsa:photonmelodies11.rio.004@1457084560","full_text_katakana_latin_scan","全文机械扫描候选；未据此自动固定中文"
"リフォーム","","candidate","片假名/拉丁字母扫描候选","1","1","0","0","","pm:static:photonmelodies11.rio.004:1327482084:00146655","crsa:photonmelodies11.rio.004@1327482084","full_text_katakana_latin_scan","全文机械扫描候选；未据此自动固定中文"
"リフレイン","","candidate","片假名/拉丁字母扫描候选","1","1","0","0","","pm:static:photonmelodies11.rio.003:2092185664:00325778","crsa:photonmelodies11.rio.003@2092185664","full_text_katakana_latin_scan","全文机械扫描候选；未据此自动固定中文"
"リミッタ","","candidate","片假名/拉丁字母扫描候选","1","1","0","0","","pm:static:photonmelodies11.rio.004:1269734756:00325026","crsa:photonmelodies11.rio.004@1269734756","full_text_katakana_latin_scan","全文机械扫描候选；未据此自动固定中文"
"リモコン","","candidate","片假名/拉丁字母扫描候选","1","1","0","0","","pm:static:photonmelodies11.rio.004:1216455180:00043287","crsa:photonmelodies11.rio.004@1216455180","full_text_katakana_latin_scan","全文机械扫描候选；未据此自动固定中文"
"リラックス","","candidate","片假名/拉丁字母扫描候选","1","1","0","0","","pm:static:photonmelodies11.rio.004:0499205748:00124588","crsa:photonmelodies11.rio.004@499205748","full_text_katakana_latin_scan","全文机械扫描候选；未据此自动固定中文"
"リレ","","candidate","片假名/拉丁字母扫描候选","1","1","0","0","","pm:static:photonmelodies11.rio.004:1327482084:00360245","crsa:photonmelodies11.rio.004@1327482084","full_text_katakana_latin_scan","全文机械扫描候选；未据此自动固定中文"
"リーク","","candidate","片假名/拉丁字母扫描候选","1","1","0","0","","pm:static:photonmelodies11.rio.003:1668688832:00266329","crsa:photonmelodies11.rio.003@1668688832","full_text_katakana_latin_scan","全文机械扫描候选；未据此自动固定中文"
"ルピン","","candidate","片假名/拉丁字母扫描候选","1","1","0","0","","pm:static:photonmelodies11.rio.004:1269734756:00507386","crsa:photonmelodies11.rio.004@1269734756","full_text_katakana_latin_scan","全文机械扫描候选；未据此自动固定中文"
"ルート","","candidate","片假名/拉丁字母扫描候选","1","1","0","0","","pm:static:photonmelodies11.rio.004:0874373084:00158818","crsa:photonmelodies11.rio.004@874373084","full_text_katakana_latin_scan","全文机械扫描候选；未据此自动固定中文"
"ルールブック","","candidate","片假名/拉丁字母扫描候选","1","1","0","0","","pm:static:photonmelodies11.rio.003:1808201404:00086652","crsa:photonmelodies11.rio.003@1808201404","full_text_katakana_latin_scan","全文机械扫描候选；未据此自动固定中文"
"レジ","","candidate","片假名/拉丁字母扫描候选","1","1","0","0","","pm:static:photonmelodies11.rio.004:1015106108:00171163","crsa:photonmelodies11.rio.004@1015106108","full_text_katakana_latin_scan","全文机械扫描候选；未据此自动固定中文"
"レジャ","","candidate","片假名/拉丁字母扫描候选","1","1","0","0","","pm:static:photonmelodies11.rio.004:0780938508:00050283","crsa:photonmelodies11.rio.004@780938508","full_text_katakana_latin_scan","全文机械扫描候选；未据此自动固定中文"
"レジャーエリア","","candidate","片假名/拉丁字母扫描候选","1","1","0","0","","pm:static:photonmelodies11.rio.004:0812258960:00389600","crsa:photonmelodies11.rio.004@812258960","full_text_katakana_latin_scan","全文机械扫描候选；未据此自动固定中文"
"レス","","candidate","片假名/拉丁字母扫描候选","1","1","0","0","","pm:static:photonmelodies11.rio.004:1015106108:00174283","crsa:photonmelodies11.rio.004@1015106108","full_text_katakana_latin_scan","全文机械扫描候选；未据此自动固定中文"
"レディ","","candidate","片假名/拉丁字母扫描候选","1","1","0","0","","pm:static:photonmelodies11.rio.004:0933776684:00435381","crsa:photonmelodies11.rio.004@933776684","full_text_katakana_latin_scan","全文机械扫描候选；未据此自动固定中文"
"レディーーース","","candidate","片假名/拉丁字母扫描候选","1","1","0","0","","pm:static:photonmelodies11.rio.004:0695803188:00147851","crsa:photonmelodies11.rio.004@695803188","full_text_katakana_latin_scan","全文机械扫描候选；未据此自动固定中文"
"レベルダウン","","candidate","片假名/拉丁字母扫描候选","1","1","0","0","","pm:static:photonmelodies11.rio.004:0426952928:00568965","crsa:photonmelodies11.rio.004@426952928","full_text_katakana_latin_scan","全文机械扫描候选；未据此自动固定中文"
"レンジィ","","candidate","片假名/拉丁字母扫描候选","1","1","0","0","","pm:static:photonmelodies11.rio.004:1511431932:00230911","crsa:photonmelodies11.rio.004@1511431932","full_text_katakana_latin_scan","全文机械扫描候选；未据此自动固定中文"
"レースクイーン","","candidate","片假名/拉丁字母扫描候选","1","1","0","0","","pm:static:photonmelodies11.rio.003:1933169644:00139574","crsa:photonmelodies11.rio.003@1933169644","full_text_katakana_latin_scan","全文机械扫描候选；未据此自动固定中文"
"ロク","","candidate","片假名/拉丁字母扫描候选","1","1","0","0","","pm:static:photonmelodies11.rio.004:1327482084:00251939","crsa:photonmelodies11.rio.004@1327482084","full_text_katakana_latin_scan","全文机械扫描候选；未据此自动固定中文"
"ロケット","","candidate","片假名/拉丁字母扫描候选","1","1","0","0","","pm:static:photonmelodies11.rio.004:0426952928:00573291","crsa:photonmelodies11.rio.004@426952928","full_text_katakana_latin_scan","全文机械扫描候选；未据此自动固定中文"
"ロケーション","","candidate","片假名/拉丁字母扫描候选","1","1","0","0","","pm:static:photonmelodies11.rio.004:0601851372:00078959","crsa:photonmelodies11.rio.004@601851372","full_text_katakana_latin_scan","全文机械扫描候选；未据此自动固定中文"
"ロシアスタイル","","candidate","片假名/拉丁字母扫描候选","1","1","0","0","","pm:static:photonmelodies11.rio.004:0258770628:00219262","crsa:photonmelodies11.rio.004@258770628","full_text_katakana_latin_scan","全文机械扫描候选；未据此自动固定中文"
"ロビ","","candidate","片假名/拉丁字母扫描候选","1","1","0","0","","pm:static:photonmelodies11.rio.004:0695803188:00164387","crsa:photonmelodies11.rio.004@695803188","full_text_katakana_latin_scan","全文机械扫描候选；未据此自动固定中文"
"ロマンチスト","","candidate","片假名/拉丁字母扫描候选","1","1","0","0","","pm:static:photonmelodies11.rio.003:1668688832:00189125","crsa:photonmelodies11.rio.003@1668688832","full_text_katakana_latin_scan","全文机械扫描候选；未据此自动固定中文"
"ロリ","","candidate","片假名/拉丁字母扫描候选","1","1","0","0","","pm:static:photonmelodies11.rio.004:0131862200:00214934","crsa:photonmelodies11.rio.004@131862200","full_text_katakana_latin_scan","全文机械扫描候选；未据此自动固定中文"
"ローカルルール","","candidate","片假名/拉丁字母扫描候选","1","1","0","0","","pm:static:photonmelodies11.rio.004:0874373084:00202114","crsa:photonmelodies11.rio.004@874373084","full_text_katakana_latin_scan","全文机械扫描候选；未据此自动固定中文"
"ローマ","","candidate","片假名/拉丁字母扫描候选","1","1","0","0","","pm:static:photonmelodies11.rio.004:1269734756:00548242","crsa:photonmelodies11.rio.004@1269734756","full_text_katakana_latin_scan","全文机械扫描候选；未据此自动固定中文"
"ワイヤ","","candidate","片假名/拉丁字母扫描候选","1","1","0","0","","pm:static:photonmelodies11.rio.004:1511431932:00288303","crsa:photonmelodies11.rio.004@1511431932","full_text_katakana_latin_scan","全文机械扫描候选；未据此自动固定中文"
"ワガママ","","candidate","片假名/拉丁字母扫描候选","1","1","0","0","","pm:static:photonmelodies11.rio.004:1235087732:00344796","crsa:photonmelodies11.rio.004@1235087732","full_text_katakana_latin_scan","全文机械扫描候选；未据此自动固定中文"
"ワザ","","candidate","片假名/拉丁字母扫描候选","1","1","0","0","","pm:static:photonmelodies11.rio.004:1015106108:00144173","crsa:photonmelodies11.rio.004@1015106108","full_text_katakana_latin_scan","全文机械扫描候选；未据此自动固定中文"
"ワタシ","","candidate","片假名/拉丁字母扫描候选","1","1","0","0","","pm:static:photonmelodies11.rio.004:0426952928:00595627","crsa:photonmelodies11.rio.004@426952928","full_text_katakana_latin_scan","全文机械扫描候选；未据此自动固定中文"
"ワターシ","","candidate","片假名/拉丁字母扫描候选","1","1","0","0","","pm:static:photonmelodies11.rio.004:0426952928:00595133","crsa:photonmelodies11.rio.004@426952928","full_text_katakana_latin_scan","全文机械扫描候选；未据此自动固定中文"
"ワリ","","candidate","片假名/拉丁字母扫描候选","1","1","0","0","","pm:static:photonmelodies11.rio.004:1457084560:00467931","crsa:photonmelodies11.rio.004@1457084560","full_text_katakana_latin_scan","全文机械扫描候选；未据此自动固定中文"
"ワンシーン","","candidate","片假名/拉丁字母扫描候选","1","1","0","0","","pm:static:photonmelodies11.rio.004:1361070408:00505561","crsa:photonmelodies11.rio.004@1361070408","full_text_katakana_latin_scan","全文机械扫描候选；未据此自动固定中文"
"ワータシワ","","candidate","片假名/拉丁字母扫描候选","1","1","0","0","","pm:static:photonmelodies11.rio.004:0426952928:00509481","crsa:photonmelodies11.rio.004@426952928","full_text_katakana_latin_scan","全文机械扫描候选；未据此自动固定中文"
"ワールド","","candidate","片假名/拉丁字母扫描候选","1","1","0","0","","pm:static:photonmelodies11.rio.004:1327482084:00226553","crsa:photonmelodies11.rio.004@1327482084","full_text_katakana_latin_scan","全文机械扫描候选；未据此自动固定中文"
"ワールドカップ","","candidate","片假名/拉丁字母扫描候选","1","1","0","0","","pm:static:photonmelodies11.rio.003:1272111780:00130640","crsa:photonmelodies11.rio.003@1272111780","full_text_katakana_latin_scan","全文机械扫描候选；未据此自动固定中文"
"ンギャース","","candidate","片假名/拉丁字母扫描候选","1","1","0","0","","pm:static:photonmelodies11.rio.004:0933776684:00330829","crsa:photonmelodies11.rio.004@933776684","full_text_katakana_latin_scan","全文机械扫描候选；未据此自动固定中文"
"ンギャーーーーーーッス","","candidate","片假名/拉丁字母扫描候选","1","1","0","0","","pm:static:photonmelodies11.rio.004:1269734756:00404094","crsa:photonmelodies11.rio.004@1269734756","full_text_katakana_latin_scan","全文机械扫描候选；未据此自动固定中文"
"ンゲ","","candidate","片假名/拉丁字母扫描候选","1","1","0","0","","pm:static:photonmelodies11.rio.003:0839604068:00330642","crsa:photonmelodies11.rio.003@839604068","full_text_katakana_latin_scan","全文机械扫描候选；未据此自动固定中文"
"ンゲーーーーーーッッッ","","candidate","片假名/拉丁字母扫描候选","1","1","0","0","","pm:static:photonmelodies11.rio.004:1361070408:00339485","crsa:photonmelodies11.rio.004@1361070408","full_text_katakana_latin_scan","全文机械扫描候选；未据此自动固定中文"
"ンノォォォォォーーッッ","","candidate","片假名/拉丁字母扫描候选","1","1","0","0","","pm:static:photonmelodies11.rio.004:1015106108:00227113","crsa:photonmelodies11.rio.004@1015106108","full_text_katakana_latin_scan","全文机械扫描候选；未据此自动固定中文"
"ンミキッ","","candidate","片假名/拉丁字母扫描候选","1","1","0","0","","pm:static:photonmelodies11.rio.004:1560893912:00159903","crsa:photonmelodies11.rio.004@1560893912","full_text_katakana_latin_scan","全文机械扫描候选；未据此自动固定中文"
"ンンンバカ","","candidate","片假名/拉丁字母扫描候选","1","1","0","0","","pm:static:photonmelodies11.rio.002:1544313288:00316632","crsa:photonmelodies11.rio.002@1544313288","full_text_katakana_latin_scan","全文机械扫描候选；未据此自动固定中文"
"ヴィヒタ","","candidate","片假名/拉丁字母扫描候选","1","1","0","0","","pm:static:photonmelodies11.rio.004:0258770628:00223258","crsa:photonmelodies11.rio.004@258770628","full_text_katakana_latin_scan","全文机械扫描候选；未据此自动固定中文"
"ヴェニーク","","candidate","片假名/拉丁字母扫描候选","1","1","0","0","","pm:static:photonmelodies11.rio.004:0258770628:00222964","crsa:photonmelodies11.rio.004@258770628","full_text_katakana_latin_scan","全文机械扫描候选；未据此自动固定中文"
"参加者","参加者","candidate","公共总表术语","1","1","0","0","","pm:static:photonmelodies11.rio.003:0839604068:00239842","crsa:photonmelodies11.rio.003@839604068","main_glossary","公共总表；须以本篇最终正文核对适用语境"
"合衆国","合众国","candidate","公共总表术语","1","1","0","0","","pm:static:photonmelodies11.rio.004:1617564412:00065734","crsa:photonmelodies11.rio.004@1617564412","main_glossary","公共总表；须以本篇最终正文核对适用语境"
"女の声","女性的声音","candidate","公共总表术语","1","1","0","0","","pm:static:photonmelodies11.rio.004:0131862200:00264154","crsa:photonmelodies11.rio.004@131862200","main_glossary","公共总表；须以本篇最终正文核对适用语境"
"ＢＤＵ","","candidate","片假名/拉丁字母扫描候选","1","1","0","0","","pm:static:photonmelodies11.rio.003:1272111780:00111834","crsa:photonmelodies11.rio.003@1272111780","full_text_katakana_latin_scan","全文机械扫描候选；未据此自动固定中文"
"Ｃ２","","candidate","片假名/拉丁字母扫描候选","1","1","0","0","","pm:static:photonmelodies11.rio.003:1487490840:00153024","crsa:photonmelodies11.rio.003@1487490840","full_text_katakana_latin_scan","全文机械扫描候选；未据此自动固定中文"
"ＣＤ","","candidate","片假名/拉丁字母扫描候选","1","1","0","0","","pm:static:photonmelodies11.rio.003:1933169644:00143232","crsa:photonmelodies11.rio.003@1933169644","full_text_katakana_latin_scan","全文机械扫描候选；未据此自动固定中文"
"ＣＧ","","candidate","片假名/拉丁字母扫描候选","1","1","0","0","","pm:static:photonmelodies11.rio.004:1259067424:00332814","crsa:photonmelodies11.rio.004@1259067424","full_text_katakana_latin_scan","全文机械扫描候选；未据此自动固定中文"
"ＣＴＢＴ","","candidate","片假名/拉丁字母扫描候选","1","1","0","0","","pm:static:photonmelodies11.rio.004:1617564412:00066366","crsa:photonmelodies11.rio.004@1617564412","full_text_katakana_latin_scan","全文机械扫描候选；未据此自动固定中文"
"ＧＷ","","candidate","片假名/拉丁字母扫描候选","1","1","0","0","","pm:static:photonmelodies11.rio.004:0812258960:00288834","crsa:photonmelodies11.rio.004@812258960","full_text_katakana_latin_scan","全文机械扫描候选；未据此自动固定中文"
"Ｇｉｒｌ","","candidate","片假名/拉丁字母扫描候选","1","1","0","0","","pm:static:photonmelodies11.rio.004:1511431932:00214051","crsa:photonmelodies11.rio.004@1511431932","full_text_katakana_latin_scan","全文机械扫描候选；未据此自动固定中文"
"ＨａＨａ","","candidate","片假名/拉丁字母扫描候选","1","1","0","0","","pm:static:photonmelodies11.rio.004:0426952928:00509817","crsa:photonmelodies11.rio.004@426952928","full_text_katakana_latin_scan","全文机械扫描候选；未据此自动固定中文"
"Ｈａｋｕｒｙｏ","","candidate","片假名/拉丁字母扫描候选","1","1","0","0","","pm:static:photonmelodies11.rio.004:1511431932:00214051","crsa:photonmelodies11.rio.004@1511431932","full_text_katakana_latin_scan","全文机械扫描候选；未据此自动固定中文"
"Ｈｉ","","candidate","片假名/拉丁字母扫描候选","1","1","0","0","","pm:static:photonmelodies11.rio.004:1560893912:00129537","crsa:photonmelodies11.rio.004@1560893912","full_text_katakana_latin_scan","全文机械扫描候选；未据此自动固定中文"
"ＩＤ","","candidate","片假名/拉丁字母扫描候选","1","1","0","0","","pm:static:photonmelodies11.rio.003:1487490840:00143196","crsa:photonmelodies11.rio.003@1487490840","full_text_katakana_latin_scan","全文机械扫描候选；未据此自动固定中文"
"ＬＶ","","candidate","片假名/拉丁字母扫描候选","1","1","0","0","","pm:static:photonmelodies11.rio.004:0426952928:00584669","crsa:photonmelodies11.rio.004@426952928","full_text_katakana_latin_scan","全文机械扫描候选；未据此自动固定中文"
"ＬＶ１","","candidate","片假名/拉丁字母扫描候选","1","1","0","0","","pm:static:photonmelodies11.rio.004:0426952928:00530655","crsa:photonmelodies11.rio.004@426952928","full_text_katakana_latin_scan","全文机械扫描候选；未据此自动固定中文"
"ＬＶ９９","","candidate","片假名/拉丁字母扫描候选","1","1","0","0","","pm:static:photonmelodies11.rio.004:0426952928:00531117","crsa:photonmelodies11.rio.004@426952928","full_text_katakana_latin_scan","全文机械扫描候选；未据此自动固定中文"
"ＭＩＬ","","candidate","片假名/拉丁字母扫描候选","1","1","0","0","","pm:static:photonmelodies11.rio.003:2092185664:00327240","crsa:photonmelodies11.rio.003@2092185664","full_text_katakana_latin_scan","全文机械扫描候选；未据此自动固定中文"
"ＮＧ","","candidate","片假名/拉丁字母扫描候选","1","1","0","0","","pm:static:photonmelodies11.rio.003:1808201404:00096332","crsa:photonmelodies11.rio.003@1808201404","full_text_katakana_latin_scan","全文机械扫描候选；未据此自动固定中文"
"ＯＨ","","candidate","片假名/拉丁字母扫描候选","1","1","0","0","","pm:static:photonmelodies11.rio.004:0131862200:00255494","crsa:photonmelodies11.rio.004@131862200","full_text_katakana_latin_scan","全文机械扫描候选；未据此自动固定中文"
"ＯＬ","","candidate","片假名/拉丁字母扫描候选","1","1","0","0","","pm:static:photonmelodies11.rio.003:1933169644:00138778","crsa:photonmelodies11.rio.003@1933169644","full_text_katakana_latin_scan","全文机械扫描候选；未据此自动固定中文"
"Ｏｌｄ","","candidate","片假名/拉丁字母扫描候选","1","1","0","0","","pm:static:photonmelodies11.rio.004:1511431932:00214051","crsa:photonmelodies11.rio.004@1511431932","full_text_katakana_latin_scan","全文机械扫描候选；未据此自动固定中文"
"Ｐ９０","","candidate","片假名/拉丁字母扫描候选","1","1","0","0","","pm:static:photonmelodies11.rio.003:1272111780:00149548","crsa:photonmelodies11.rio.003@1272111780","full_text_katakana_latin_scan","全文机械扫描候选；未据此自动固定中文"
"Ｐｌｅａｓｅ","","candidate","片假名/拉丁字母扫描候选","1","1","0","0","","pm:static:photonmelodies11.rio.002:1544313288:00327858","crsa:photonmelodies11.rio.002@1544313288","full_text_katakana_latin_scan","全文机械扫描候选；未据此自动固定中文"
"ＲＡＷ","","candidate","片假名/拉丁字母扫描候选","1","1","0","0","","pm:static:photonmelodies11.rio.004:1511431932:00232363","crsa:photonmelodies11.rio.004@1511431932","full_text_katakana_latin_scan","全文机械扫描候选；未据此自动固定中文"
"ＳＰ","","candidate","片假名/拉丁字母扫描候选","1","1","0","0","","pm:static:photonmelodies11.rio.004:1015106108:00132285","crsa:photonmelodies11.rio.004@1015106108","full_text_katakana_latin_scan","全文机械扫描候选；未据此自动固定中文"
"ＳＰＩＲＹＴＵＳ","","candidate","片假名/拉丁字母扫描候选","1","1","0","0","","pm:static:photonmelodies11.rio.004:0258770628:00146970","crsa:photonmelodies11.rio.004@258770628","full_text_katakana_latin_scan","全文机械扫描候选；未据此自动固定中文"
"ＳＵＶ","","candidate","片假名/拉丁字母扫描候选","1","1","0","0","","pm:static:photonmelodies11.rio.004:1259067424:00343280","crsa:photonmelodies11.rio.004@1259067424","full_text_katakana_latin_scan","全文机械扫描候选；未据此自动固定中文"
"ＳＶＲ","","candidate","片假名/拉丁字母扫描候选","1","1","0","0","","pm:static:photonmelodies11.rio.004:1511431932:00232363","crsa:photonmelodies11.rio.004@1511431932","full_text_katakana_latin_scan","全文机械扫描候选；未据此自动固定中文"
"ＴＶ","","candidate","片假名/拉丁字母扫描候选","1","1","0","0","","pm:static:photonmelodies11.rio.004:1259067424:00332814","crsa:photonmelodies11.rio.004@1259067424","full_text_katakana_latin_scan","全文机械扫描候选；未据此自动固定中文"
"ＵＳＡ","","candidate","片假名/拉丁字母扫描候选","1","1","0","0","","pm:static:photonmelodies11.rio.003:0839604068:00209952","crsa:photonmelodies11.rio.003@839604068","full_text_katakana_latin_scan","全文机械扫描候选；未据此自动固定中文"
"Ｗｏｏｏ","","candidate","片假名/拉丁字母扫描候选","1","1","0","0","","pm:static:photonmelodies11.rio.004:0131862200:00255494","crsa:photonmelodies11.rio.004@131862200","full_text_katakana_latin_scan","全文机械扫描候选；未据此自动固定中文"
"Ｙｅｓ","","candidate","片假名/拉丁字母扫描候选","1","1","0","0","","pm:static:photonmelodies11.rio.004:0131862200:00255494","crsa:photonmelodies11.rio.004@131862200","full_text_katakana_latin_scan","全文机械扫描候选；未据此自动固定中文"
"ＺＥＲＯ２","","candidate","片假名/拉丁字母扫描候选","1","1","0","0","","pm:static:photonmelodies11.rio.004:1361070408:00435811","crsa:photonmelodies11.rio.004@1361070408","full_text_katakana_latin_scan","全文机械扫描候选；未据此自动固定中文"
"ＺＥＲＯ３","","candidate","片假名/拉丁字母扫描候选","1","1","0","0","","pm:static:photonmelodies11.rio.004:1361070408:00450001","crsa:photonmelodies11.rio.004@1361070408","full_text_katakana_latin_scan","全文机械扫描候选；未据此自动固定中文"
"ｃｏｍｅ","","candidate","片假名/拉丁字母扫描候选","1","1","0","0","","pm:static:photonmelodies11.rio.002:1544313288:00327858","crsa:photonmelodies11.rio.002@1544313288","full_text_katakana_latin_scan","全文机械扫描候选；未据此自动固定中文"
"ｉｎ","","candidate","片假名/拉丁字母扫描候选","1","1","0","0","","pm:static:photonmelodies11.rio.002:1544313288:00327858","crsa:photonmelodies11.rio.002@1544313288","full_text_katakana_latin_scan","全文机械扫描候选；未据此自动固定中文"
"ｍｍ","","candidate","片假名/拉丁字母扫描候选","1","1","0","0","","pm:static:photonmelodies11.rio.003:0839604068:00229284","crsa:photonmelodies11.rio.003@839604068","full_text_katakana_latin_scan","全文机械扫描候选；未据此自动固定中文"
"ｏｎ３","","candidate","片假名/拉丁字母扫描候选","1","1","0","0","","pm:static:photonmelodies11.rio.004:1269734756:00360002","crsa:photonmelodies11.rio.004@1269734756","full_text_katakana_latin_scan","全文机械扫描候选；未据此自动固定中文"
"ｐｐｍ","","candidate","片假名/拉丁字母扫描候选","1","1","0","0","","pm:static:photonmelodies11.rio.004:0780938508:00069005","crsa:photonmelodies11.rio.004@780938508","full_text_katakana_latin_scan","全文机械扫描候选；未据此自动固定中文"
