baseline_version,jp_term,cn_term,category,count,classification,applicability,source_authority,source_hash,reason,examples,origin
photonflowers-ex-terms-v1.0,醍三郎,醍三郎,character,138,candidate,冥夜's martial-arts master,JP plot context,fb77f496b2a4de8ef6512f9d459086209f5173314323888c082a9c36720c3437,name is unambiguous; absent from public glossary,,mechanical_scan_reviewed
photonflowers-ex-terms-v1.0,御師匠様,师父,martial_title,28,candidate,冥夜→醍三郎,JP relationship context,fb77f496b2a4de8ef6512f9d459086209f5173314323888c082a9c36720c3437,chapter-local respectful title,pf:static:photonflowers11.rio:488133660:00069743 |  | それこそ、御師匠様に顔を会わせられないな……。<01> || pf:static:photonflowers11.rio:488133660:00070509 |  | 御師匠様の教えの通り、正しく剣技を磨き、その力にもはや疑いや偽りはないはず。<01> || pf:static:photonflowers11.rio:488133660:00082613 |  | お、御師匠様…………。<01>,mechanical_scan_reviewed
photonflowers-ex-terms-v1.0,雷電,御剑雷电,character,19,candidate,御剑家当主/冥夜祖父,JP plot context,fb77f496b2a4de8ef6512f9d459086209f5173314323888c082a9c36720c3437,identity is unambiguous; absent from public glossary,,mechanical_scan_reviewed
photonflowers-ex-terms-v1.0,無現鬼道流,无现鬼道流,martial_school,12,candidate,冥夜 future episodes,JP repeated proper name,fb77f496b2a4de8ef6512f9d459086209f5173314323888c082a9c36720c3437,transparent kanji simplification,,full_read_manual_addition
photonflowers-ex-terms-v1.0,免許皆伝,免许皆传,martial_rank,9,candidate,无现鬼道流,JP context,fb77f496b2a4de8ef6512f9d459086209f5173314323888c082a9c36720c3437,fixed martial certification,,full_read_manual_addition
photonflowers-ex-terms-v1.0,御祖父様,祖父大人,kinship_title,8,candidate,冥夜→御剑雷电,JP relationship context,fb77f496b2a4de8ef6512f9d459086209f5173314323888c082a9c36720c3437,preserve formal affection; no formal CN snapshot,pf:static:photonflowers11.rio:487890932:00091135 |  | 御祖父様に帰国を命じられたのだ……いよいよ覚悟を決めなければならぬというのに、この有様。<01> || pf:static:photonflowers11.rio:487890932:00131505 |  | 後は…………全て、御祖父様次第か…………。<01> || pf:static:photonflowers11.rio:488133660:00052117 | 冥夜 | 【冥夜】「……御祖父様を診ているのはどこの医師団であろうな？」<01>,mechanical_scan_reviewed
photonflowers-ex-terms-v1.0,ソース・醤油事件,酱汁·酱油事件,fixed_event_gag,6,candidate,武/纯夏 quarrel,JP plot context,fb77f496b2a4de8ef6512f9d459086209f5173314323888c082a9c36720c3437,chapter-local retrospective label,,full_read_manual_addition
photonflowers-ex-terms-v1.0,御剣財閥,御剑财阀,organization,6,candidate,all EX episodes,JP + established character name,fb77f496b2a4de8ef6512f9d459086209f5173314323888c082a9c36720c3437,transparent chapter-wide proper name absent from public glossary,,full_read_manual_addition
photonflowers-ex-terms-v1.0,お師匠様,师父,martial_title,5,candidate,冥夜→醍三郎,JP relationship context,fb77f496b2a4de8ef6512f9d459086209f5173314323888c082a9c36720c3437,orthographic variant of the same title,pf:static:photonflowers11.rio:488133660:00074495 | 冥夜 | 【冥夜】「――お師匠様！　私の心は曇ってなどおりません！」<01> || pf:static:photonflowers11.rio:488133660:00080925 | 冥夜 | 【冥夜】「お師匠様……畏れ入りましてございます」<01> || pf:static:photonflowers11.rio:488133660:00084037 | 冥夜 | 【冥夜】「お、お師匠様？　……血が……鼻から出て」<01>,mechanical_scan_reviewed
photonflowers-ex-terms-v1.0,バルジャーノン,Baljarnon,game_title,5,candidate,桜の花が咲くまえに,JP scene context,fb77f496b2a4de8ef6512f9d459086209f5173314323888c082a9c36720c3437,recurring fictional game; absent from public glossary,pf:static:photonflowers11.rio.002:630827184:00028938 |  | ああ、<03>そうか。昨日はドリコスでバルジャーノンやり始めて…<03>…<03>そのまま寝ちまったんだな。<01> || pf:static:photonflowers11.rio.002:630827184:00053402 |  | 今日はバルジャーノンの大会だったんだなぁ。<01> || pf:static:photonflowers11.rio.002:630827184:00059576 | 武 | 【武】「あの中…<03>…<03>って、<03>へえ、<03>バルジャーノンか。<0A>大会ってことは、<03>結構上手いのか？」<01>,mechanical_scan_reviewed
photonflowers-ex-terms-v1.0,球技大会,球类大赛,event,5,candidate,school event,JP plot context,fb77f496b2a4de8ef6512f9d459086209f5173314323888c082a9c36720c3437,repeated event name,,full_read_manual_addition
photonflowers-ex-terms-v1.0,サンタうさぎ,圣诞兔,character_goods,4,candidate,桜の花が咲くまえに,JP scene context,fb77f496b2a4de8ef6512f9d459086209f5173314323888c082a9c36720c3437,recurring key-chain character,,full_read_manual_addition
photonflowers-ex-terms-v1.0,光風霽月,光风霁月,named_move/concept,4,candidate,月の輪 naming context,JP explicit phrase,fb77f496b2a4de8ef6512f9d459086209f5173314323888c082a9c36720c3437,preserve four-character name,,full_read_manual_addition
photonflowers-ex-terms-v1.0,御館様,老爷,household_title,4,candidate,月咏/侍从→御剑雷电,JP relationship context,fb77f496b2a4de8ef6512f9d459086209f5173314323888c082a9c36720c3437,household-lord title; no formal CN snapshot,pf:static:photonflowers11.rio:488133660:00057477 | 月詠 | 【月詠】「申し訳ございません。その……御館様身辺の大事ともなれば、機密中の機密……私などでは到底確証を得る事などかないません」<01> || pf:static:photonflowers11.rio.002:186673440:00134257 | 月詠 | 【月詠】「……御館様が、危篤状態で、一刻を争うとのことです！」<01> || pf:static:photonflowers11.rio.002:186673440:00142535 | 月詠 | 【月詠】「御館様が痙攣をっ！」<01>,mechanical_scan_reviewed
photonflowers-ex-terms-v1.0,月刊ヤキソバ,《月刊炒面》,fictional_magazine,4,candidate,彩峰慧 episode,JP context,fb77f496b2a4de8ef6512f9d459086209f5173314323888c082a9c36720c3437,fictional magazine title,pf:static:photonflowers11.rio:487716956:00101271 |  | 『月刊ヤキソバ』にも載ってない至高の穴場スポット。<01> || pf:static:photonflowers11.rio:487716956:00114369 | 慧 | 【慧】「『月刊ヤキソバ』にも載ってない穴場だって」<01> || pf:static:photonflowers11.rio:487716956:00114581 | 武 | 【武】「言ってねぇよ。<0A>だいたい、<03>なんだ？　その『月刊ヤキソバ』ってのは？　雑誌か？」<01>,mechanical_scan_reviewed
photonflowers-ex-terms-v1.0,ナノストップ,Nano Stop,brand,3,candidate,convenience store,JP context,fb77f496b2a4de8ef6512f9d459086209f5173314323888c082a9c36720c3437,fictional convenience-store name,pf:static:photonflowers11.rio:487417908:00130001 | 壬姫 | 【壬姫】「ナノストップの中華まんが食べたいねぇ」<01> || pf:static:photonflowers11.rio:487417908:00145827 | 壬姫 | 【壬姫】「それなら、<03>ナノストップの中華まんがいいです！」<01> || pf:static:photonflowers11.rio:487417908:00152691 | 壬姫 | 【壬姫】「ナノストップでね！　『おでんまん』が出たんだよ！」<01>,mechanical_scan_reviewed
photonflowers-ex-terms-v1.0,ラクロス,长曲棍球,sport,3,candidate,school club/sports event,JP context,fb77f496b2a4de8ef6512f9d459086209f5173314323888c082a9c36720c3437,established sport name,pf:static:photonflowers11.rio.002:1602830768:00111425 |  | <05>球技大会のラクロス…<03>…<03> || pf:static:photonflowers11.rio:487417908:00127545 |  | 部長は２年生に譲っちゃったけど、<03>まだまだラクロスがんばってるの知ってる。<01> || pf:static:photonflowers11.rio:487590408:00087655 |  | 私たち３年が引退すれば、<03>ラクロスやるのに、<03>メンバーが足りなくなる。<01>,mechanical_scan_reviewed
photonflowers-ex-terms-v1.0,反重力乃嵐,反重力之岚,comic_move,3,candidate,醍三郎,JP explicit move name,fb77f496b2a4de8ef6512f9d459086209f5173314323888c082a9c36720c3437,comic named move,,full_read_manual_addition
photonflowers-ex-terms-v1.0,宇宙乃雷,宇宙之雷,comic_move,3,candidate,醍三郎,JP explicit move name,fb77f496b2a4de8ef6512f9d459086209f5173314323888c082a9c36720c3437,comic named move,,full_read_manual_addition
photonflowers-ex-terms-v1.0,月の輪,月之轮,named_move,3,candidate,冥夜自创,JP explicit naming scene,fb77f496b2a4de8ef6512f9d459086209f5173314323888c082a9c36720c3437,named move,pf:static:photonflowers11.rio.002:186673440:00111975 | 冥夜 | 【冥夜】「……そうだな……『月の輪』だ」<01> || pf:static:photonflowers11.rio.002:186673440:00112137 | 月詠 | 【月詠】「『月の輪』？」<01> || pf:static:photonflowers11.rio.002:186673440:00112813 | 月詠 | 【月詠】「まあ……ということは『月の輪』は、冥夜様が編み出された技ですのね？」<01>,mechanical_scan_reviewed
photonflowers-ex-terms-v1.0,皆琉神威,皆琉神威,weapon,3,candidate,御剑家宝刀,JP explicit name,fb77f496b2a4de8ef6512f9d459086209f5173314323888c082a9c36720c3437,named sword,pf:static:photonflowers11.rio:488133660:00095795 | 醍三郎 | 【醍三郎】「そして、その試練を見事乗り越えられたなら、奥に奉られておる御剣家の宝刀『皆琉神威』を持って行くがよい」<01> || pf:static:photonflowers11.rio.002:186673440:00114565 |  | ――そして、その試練を見事乗り越えられたなら、奥に奉られておる御剣家の宝刀『皆琉神威』を持って行くがよい<01> || pf:static:photonflowers11.rio.002:186673440:00118939 | 冥夜 | 【冥夜】「今日こそは宝刀『皆琉神威』……いただいて行きます」<01>,mechanical_scan_reviewed
photonflowers-ex-terms-v1.0,月刊トリ,《月刊鸟类》,fictional_magazine,2,candidate,彩峰慧 episode,JP context,fb77f496b2a4de8ef6512f9d459086209f5173314323888c082a9c36720c3437,fictional magazine title,pf:static:photonflowers11.rio:487716956:00130755 |  | まずは買ってきた『月刊トリ』で情報収集しないとね。<01> || pf:static:photonflowers11.rio:487716956:00148547 | 慧 | 【慧】「『月刊トリ』によれば、<03>もうすぐ巣立ち」<01>,mechanical_scan_reviewed
photonflowers-ex-terms-v1.0,白陵大学付属柊学園,白陵大学附属柊学园,institution,2,candidate,formal school name in this episode,JP + confirmed short-form pattern,fb77f496b2a4de8ef6512f9d459086209f5173314323888c082a9c36720c3437,expanded form absent from public glossary,,full_read_manual_addition
photonflowers-ex-terms-v1.0,醍三郎殿,醍三郎大人,address_form,2,candidate,冥夜→醍三郎 before formal discipleship,JP relationship context,fb77f496b2a4de8ef6512f9d459086209f5173314323888c082a9c36720c3437,respectful address; no formal CN snapshot,pf:static:photonflowers11.rio.002:186673440:00148159 | 雷電 | 【雷電】「ゆめゆめ、醍三郎殿を責めるな。すべてそなたのため、御剣のためにと打った芝居故な」<01> || pf:static:photonflowers11.rio.002:186673440:00150797 | 雷電 | 【雷電】「…………して？　醍三郎殿は何と？」<01>,mechanical_scan_reviewed
photonflowers-ex-terms-v1.0,ＴＱアームズ,TQ Arms,facility,2,candidate,桜の花が咲くまえに,JP scene context,fb77f496b2a4de8ef6512f9d459086209f5173314323888c082a9c36720c3437,shop name; preserve Latin brand form,,full_read_manual_addition
photonflowers-ex-terms-v1.0,YOKOHAMAスカイウォーカー,YOKOHAMA Sky Walker,magazine,1,candidate,movie-information magazine,JP context,fb77f496b2a4de8ef6512f9d459086209f5173314323888c082a9c36720c3437,mixed-script publication title,,full_read_manual_addition
photonflowers-ex-terms-v1.0,おでんまん,关东煮包,food_gag,1,candidate,Nano Stop product,JP context,fb77f496b2a4de8ef6512f9d459086209f5173314323888c082a9c36720c3437,named novelty food,pf:static:photonflowers11.rio:487417908:00152691 | 壬姫 | 【壬姫】「ナノストップでね！　『おでんまん』が出たんだよ！」<01>,mechanical_scan_reviewed
photonflowers-ex-terms-v1.0,たけるさんのしっぽ,小武哥的尾巴,episode_title,1,candidate,episode title,JP title + confirmed address form,fb77f496b2a4de8ef6512f9d459086209f5173314323888c082a9c36720c3437,title uses Miki's confirmed form,,full_read_manual_addition
photonflowers-ex-terms-v1.0,タケルちゃんといっしょ！,和小武在一起！,episode_title,1,candidate,episode title,JP title + confirmed address form,fb77f496b2a4de8ef6512f9d459086209f5173314323888c082a9c36720c3437,title uses Sumika's confirmed form,,full_read_manual_addition
photonflowers-ex-terms-v1.0,ドリルミルキィパンチ,钻头牛奶拳,fictional_move,1,candidate,儿童节目梗,JP context,fb77f496b2a4de8ef6512f9d459086209f5173314323888c082a9c36720c3437,comic move name,pf:static:photonflowers11.rio:487283344:00076000 | 武 | 【武】「────こうして、<03>純夏の必殺ブロー『ドリルミルキィパンチ』は完成したんだ。<0A>ガキの頃からひどい目にあわされて来たんだよオレは。<0A>わかるか…<03>…<03>尊人？」<01>,mechanical_scan_reviewed
photonflowers-ex-terms-v1.0,バルゴ,巴尔戈,brand/item,1,candidate,swimsuit/shopping context,JP context,fb77f496b2a4de8ef6512f9d459086209f5173314323888c082a9c36720c3437,katakana proper name,pf:static:photonflowers11.rio:487283344:00075526 |  | わざわざ橘町のバルゴまで出てきた甲斐があったよ～！<01>,mechanical_scan_reviewed
photonflowers-ex-terms-v1.0,其の名はタケル,其名小武,episode_title,1,candidate,episode title,JP title + paired structure,fb77f496b2a4de8ef6512f9d459086209f5173314323888c082a9c36720c3437,paired naming title; address-style name form remains candidate,,full_read_manual_addition
photonflowers-ex-terms-v1.0,地獄坂,地狱坡,place_nickname,1,candidate,白陵通学路,JP scene definition,fb77f496b2a4de8ef6512f9d459086209f5173314323888c082a9c36720c3437,students' nickname,,full_read_manual_addition
photonflowers-ex-terms-v1.0,宇宙書記長ゴルバン,宇宙书记长戈尔班,fictional_show,1,candidate,武的儿童节目回忆,JP explicit title,fb77f496b2a4de8ef6512f9d459086209f5173314323888c082a9c36720c3437,transparent title + name transliteration,pf:static:photonflowers11.rio.002:1366349532:00049390 | 武 | 【武】「昔さ、<03>ＴＶで『宇宙書記長ゴルバン』っていう番組があったんだけど…<03>…<03>それに出てくる宇宙テロリスト」<01>,mechanical_scan_reviewed
photonflowers-ex-terms-v1.0,御学友記念金貨,同窗纪念金币,commemorative_item,1,candidate,卒業式,JP inscription/context,fb77f496b2a4de8ef6512f9d459086209f5173314323888c082a9c36720c3437,named commemorative object,,full_read_manual_addition
photonflowers-ex-terms-v1.0,我が名は冥夜,吾名冥夜,episode_title,1,candidate,episode title,JP title + plot closure,fb77f496b2a4de8ef6512f9d459086209f5173314323888c082a9c36720c3437,paired naming title,,full_read_manual_addition
photonflowers-ex-terms-v1.0,晦,晦,named_move,1,candidate,无现鬼道流,JP explicit move name,fb77f496b2a4de8ef6512f9d459086209f5173314323888c082a9c36720c3437,single-character move name,,full_read_manual_addition
photonflowers-ex-terms-v1.0,朧月,胧月,named_move,1,candidate,无现鬼道流,JP explicit move name,fb77f496b2a4de8ef6512f9d459086209f5173314323888c082a9c36720c3437,named move,pf:static:photonflowers11.rio.002:186673440:00098989 | 月詠 | 【月詠】「無現鬼道流剣術が一『朧月』……お見事です、冥夜様」<01>,mechanical_scan_reviewed
photonflowers-ex-terms-v1.0,桜の花が咲くまえに,樱花盛开之前,episode_title,1,candidate,episode title,JP title + full plot context,fb77f496b2a4de8ef6512f9d459086209f5173314323888c082a9c36720c3437,title image is explicit in graduation scene,,full_read_manual_addition
photonflowers-ex-terms-v1.0,橘町,橘町,place,1,candidate,shopping district,JP context,fb77f496b2a4de8ef6512f9d459086209f5173314323888c082a9c36720c3437,place name,,full_read_manual_addition
photonflowers-ex-terms-v1.0,珠瀬様,珠濑小姐,address_form,1,candidate,月咏→珠濑壬姬,JP relationship context + formal address pattern,fb77f496b2a4de8ef6512f9d459086209f5173314323888c082a9c36720c3437,polite social address; no exact formal snapshot,pf:static:photonflowers11.rio.002:1602830768:00130379 | 月詠 | 【月詠】「…<03>…<03>珠瀬様」<01>,mechanical_scan_reviewed
photonflowers-ex-terms-v1.0,白秋祭,白秋祭,event,1,candidate,school cultural festival,JP plot context,fb77f496b2a4de8ef6512f9d459086209f5173314323888c082a9c36720c3437,named school event,,full_read_manual_addition
photonflowers-ex-terms-v1.0,白銀君ちょっとッ！！,白银同学，等一下！！,episode_title,1,candidate,episode title,JP title + confirmed address form,fb77f496b2a4de8ef6512f9d459086209f5173314323888c082a9c36720c3437,Chizuru's shouted address,,full_read_manual_addition
photonflowers-ex-terms-v1.0,真那様,真那大人,address_form,1,candidate,神代/巴/戎→月咏真那,JP relationship context,fb77f496b2a4de8ef6512f9d459086209f5173314323888c082a9c36720c3437,retainer hierarchy,pf:static:photonflowers11.rio.002:1391025672:00123361 | 助手Ａ・Ｂ・Ｃ | 【助手Ａ・Ｂ・Ｃ】「真那様痛いーー」<01>,mechanical_scan_reviewed
photonflowers-ex-terms-v1.0,移し身の術法,移身之术,martial_technique,1,candidate,无现鬼道流,JP combat context,fb77f496b2a4de8ef6512f9d459086209f5173314323888c082a9c36720c3437,chapter-local technique,,full_read_manual_addition
photonflowers-ex-terms-v1.0,鏡花水月,镜花水月,named_move/concept,1,candidate,无现鬼道流,JP explicit phrase,fb77f496b2a4de8ef6512f9d459086209f5173314323888c082a9c36720c3437,preserve four-character name,,full_read_manual_addition
photonflowers-ex-terms-v1.0,ゲドラー軍団,盖德拉军团,fictional_group,0,candidate,儿童节目梗,JP context,fb77f496b2a4de8ef6512f9d459086209f5173314323888c082a9c36720c3437,name transliteration remains chapter candidate,,full_read_manual_addition
photonflowers-ex-terms-v1.0,信用というリスク,名为信任的风险,fixed_expression,0,candidate,夕呼/柏木 discussion,JP repeated thematic phrase,fb77f496b2a4de8ef6512f9d459086209f5173314323888c082a9c36720c3437,repeat consistently while allowing sentence grammar,,full_read_manual_addition
photonflowers-ex-terms-v1.0,絶技・噴射気流殺,绝技·喷射气流杀,comic_move,0,candidate,醍三郎,JP explicit move name,fb77f496b2a4de8ef6512f9d459086209f5173314323888c082a9c36720c3437,comic named move,,full_read_manual_addition
photonflowers-ex-terms-v1.0,武,白银武,character,1402,confirmed,Extra speaker/entity,origin/main glossary + JP identity,e9ee9faffb2ef37bee94ee3d5c9a185623af6e2a2997a85a474f8a4629c4410c,speaker label is the Extra protagonist,,mechanical_scan_reviewed
photonflowers-ex-terms-v1.0,純夏,鉴纯夏,character,631,confirmed,Extra speaker/entity,origin/main glossary + JP identity,e9ee9faffb2ef37bee94ee3d5c9a185623af6e2a2997a85a474f8a4629c4410c,speaker label,,mechanical_scan_reviewed
photonflowers-ex-terms-v1.0,冥夜,御剑冥夜,character,461,confirmed,Extra speaker/entity,origin/main glossary + JP identity,e9ee9faffb2ef37bee94ee3d5c9a185623af6e2a2997a85a474f8a4629c4410c,speaker label,,mechanical_scan_reviewed
photonflowers-ex-terms-v1.0,千鶴,榊千鹤,character,348,confirmed,Extra speaker/entity,origin/main glossary + JP identity,e9ee9faffb2ef37bee94ee3d5c9a185623af6e2a2997a85a474f8a4629c4410c,speaker label,,mechanical_scan_reviewed
photonflowers-ex-terms-v1.0,慧,彩峰慧,character,223,confirmed,Extra speaker/entity,origin/main glossary + JP identity,e9ee9faffb2ef37bee94ee3d5c9a185623af6e2a2997a85a474f8a4629c4410c,speaker label,,mechanical_scan_reviewed
photonflowers-ex-terms-v1.0,壬姫,珠濑壬姬,character,189,confirmed,Extra speaker/entity,origin/main glossary + JP identity,e9ee9faffb2ef37bee94ee3d5c9a185623af6e2a2997a85a474f8a4629c4410c,speaker label,,mechanical_scan_reviewed
photonflowers-ex-terms-v1.0,タケルちゃん,小武,address_form,139,confirmed,鉴纯夏→白银武; direct/reference; Extra,formal Extra JP/CN addressing snapshot,954ef4f7dc455556110465ab9bcfe9340b2beaad9d2184a4a423042d59672869,confirmed high-frequency instance,pf:static:photonflowers11.rio:487194916:00059616 | 純夏 | 【純夏】「タケルちゃん…<03>…<03>わたしのこの身体、<03>キューって抱き締めて…<03>…<03>」<01> || pf:static:photonflowers11.rio:487194916:00059858 | 純夏 | 【純夏】「タケルちゃん…<03>…<03>あったかい…<03>…<03>」<01> || pf:static:photonflowers11.rio:487194916:00060352 | 純夏 | 【純夏】「タケルちゃん…<03>…<03>もっと、<03>もっと激しくして！」<01>,mechanical_scan_reviewed
photonflowers-ex-terms-v1.0,まりも,神宫司麻理茉,character,136,confirmed,Extra teacher/entity,origin/main glossary + formal Muv-Luv CN,e9ee9faffb2ef37bee94ee3d5c9a185623af6e2a2997a85a474f8a4629c4410c,speaker label,,mechanical_scan_reviewed
photonflowers-ex-terms-v1.0,夕呼,香月夕呼,character,134,confirmed,Extra teacher/entity,origin/main glossary + formal Muv-Luv CN,e9ee9faffb2ef37bee94ee3d5c9a185623af6e2a2997a85a474f8a4629c4410c,speaker label,,mechanical_scan_reviewed
photonflowers-ex-terms-v1.0,月詠,月咏真那,character,122,confirmed,Extra retainer/entity,origin/main glossary + formal Muv-Luv CN,e9ee9faffb2ef37bee94ee3d5c9a185623af6e2a2997a85a474f8a4629c4410c,speaker label,,mechanical_scan_reviewed
photonflowers-ex-terms-v1.0,柏木,柏木晴子,character,104,confirmed,Extra classmate/entity,origin/main glossary + JP identity,e9ee9faffb2ef37bee94ee3d5c9a185623af6e2a2997a85a474f8a4629c4410c,speaker label,,mechanical_scan_reviewed
photonflowers-ex-terms-v1.0,尊人,铠衣尊人,character,80,confirmed,Extra male classmate only,origin/main glossary + route proof,e9ee9faffb2ef37bee94ee3d5c9a185623af6e2a2997a85a474f8a4629c4410c,must never inherit Alternative female identity,,mechanical_scan_reviewed
photonflowers-ex-terms-v1.0,白銀君,白银同学,address_form,69,confirmed,榊千鹤/神宫司麻理茉/凉宫茜→白银武; Extra,formal Extra JP/CN addressing snapshot,954ef4f7dc455556110465ab9bcfe9340b2beaad9d2184a4a423042d59672869,direct and reference examples agree,pf:static:photonflowers11.rio.002:30631052:00092374 | 千鶴 | 【千鶴】「白銀君、<03>ホント鑑さんのこと考えてないのね…<03>…<03>前に言ったこと全然分かってないじゃない」<01> || pf:static:photonflowers11.rio.002:30631052:00114642 | まりも | 【まりも】「あらあ、<03>白銀君じゃな――もごもご！」<01> || pf:static:photonflowers11.rio.002:630827184:00044342 | 千鶴 | 【千鶴】「白銀君…<03>…<03>」<01>,mechanical_scan_reviewed
photonflowers-ex-terms-v1.0,たけるさん,小武哥,address_form,40,confirmed,珠濑壬姬→白银武; direct/reference; Extra,formal Extra JP/CN addressing snapshot,954ef4f7dc455556110465ab9bcfe9340b2beaad9d2184a4a423042d59672869,confirmed high-frequency instance,pf:static:photonflowers11.rio:487194916:00049008 | 壬姫 | 【壬姫】「あー、<03>たけるさん顔が紅いよー？」<01> || pf:static:photonflowers11.rio.002:30631052:00099884 | 壬姫 | 【壬姫】「そうですよー、<03>たけるさんちょっと変ですね～」<01> || pf:static:photonflowers11.rio.002:30631052:00102310 | 壬姫 | 【壬姫】「あははー、<03>たけるさんの顔、<03>みるみる変わっておもしろ～～い」<01>,mechanical_scan_reviewed
photonflowers-ex-terms-v1.0,冥夜様,冥夜小姐,address_form,25,confirmed,月咏/侍从→御剑冥夜,formal Extra JP/CN addressing snapshot,954ef4f7dc455556110465ab9bcfe9340b2beaad9d2184a4a423042d59672869,official examples agree,pf:static:photonflowers11.rio.002:1602830768:00137281 | 月詠 | 【月詠】「あなた様がこれを高価なものだとお感じになられたのでしたら、<03>冥夜様もさぞお喜びになるでしょう」<01> || pf:static:photonflowers11.rio:487890932:00103511 |  | 冥夜様も良くご存じの大空寺グループの御令嬢がこれに該当致します。<01> || pf:static:photonflowers11.rio:487890932:00217943 | 月詠 | 【月詠】「冥夜様、専用機離陸の時間が迫っております。外に空港までの足を待たせてございますのでお急ぎを」<01>,mechanical_scan_reviewed
photonflowers-ex-terms-v1.0,純夏ちゃん,纯夏,address_form,18,confirmed,铠衣尊人/珠濑壬姬→鉴纯夏; Extra,formal Extra JP/CN addressing snapshot,954ef4f7dc455556110465ab9bcfe9340b2beaad9d2184a4a423042d59672869,official examples retain given name,pf:static:photonflowers11.rio.002:1238534540:00052910 | 壬姫 | 【壬姫】「純夏ちゃんが出ていったきりだよ…<03>…<03>」<01> || pf:static:photonflowers11.rio.002:1238534540:00054366 | 壬姫 | 【壬姫】「これ…<03>…<03>純夏ちゃんから。<0A>お弁当だって」<01> || pf:static:photonflowers11.rio.002:1238534540:00059414 | 尊人 | 【尊人】「でも、<03>純夏ちゃんの言うことにも一理あるって」<01>,mechanical_scan_reviewed
photonflowers-ex-terms-v1.0,白陵,白陵,institution_short_name,17,confirmed,Extra school context,origin/main glossary,e9ee9faffb2ef37bee94ee3d5c9a185623af6e2a2997a85a474f8a4629c4410c,exact applicable match,pf:static:photonflowers11.rio.002:630827184:00063742 | 武 | 【武】「ああ、<03>なるほど。<0A>白陵大に上がる運動部の連中はやっと少し暇になったもんなぁ」<01> || pf:static:photonflowers11.rio.002:1162587616:00071160 |  | みんな白陵大に進むとはいえ、<03>学部なんかもバラバラだしな。<01> || pf:static:photonflowers11.rio.002:1391025672:00129019 | 武 | 【武】「もしかして…<03>…<03>さっき白陵の屋上に居ましたか？」<01>,mechanical_scan_reviewed
photonflowers-ex-terms-v1.0,神代・巴,神代・巴,public_glossary_exact,13,confirmed,exact chapter context,origin/main glossary,e9ee9faffb2ef37bee94ee3d5c9a185623af6e2a2997a85a474f8a4629c4410c,applicable exact public glossary match,pf:static:photonflowers11.rio.002:1602830768:00134029 | 神代・巴・戎 | 【神代・巴・戎】「はーい！」<01> || pf:static:photonflowers11.rio.002:1602830768:00135027 | 神代・巴・戎 | 【神代・巴・戎】「わかりましたー！」<01> || pf:static:photonflowers11.rio.002:1602830768:00135403 | 神代・巴・戎 | 【神代・巴・戎】「…<03>…<03>…<03>…<03>」<01>,mechanical_scan_reviewed
photonflowers-ex-terms-v1.0,神代・巴・戎,神代・巴・戎,public_glossary_exact,12,confirmed,exact chapter context,origin/main glossary,e9ee9faffb2ef37bee94ee3d5c9a185623af6e2a2997a85a474f8a4629c4410c,applicable exact public glossary match,pf:static:photonflowers11.rio.002:1602830768:00134029 | 神代・巴・戎 | 【神代・巴・戎】「はーい！」<01> || pf:static:photonflowers11.rio.002:1602830768:00135027 | 神代・巴・戎 | 【神代・巴・戎】「わかりましたー！」<01> || pf:static:photonflowers11.rio.002:1602830768:00135403 | 神代・巴・戎 | 【神代・巴・戎】「…<03>…<03>…<03>…<03>」<01>,mechanical_scan_reviewed
photonflowers-ex-terms-v1.0,榊さん,榊,address_form,10,confirmed,鉴纯夏→榊千鹤; Extra,formal Extra JP/CN addressing snapshot,954ef4f7dc455556110465ab9bcfe9340b2beaad9d2184a4a423042d59672869,official examples agree,pf:static:photonflowers11.rio.002:30631052:00071780 | 純夏 | 【純夏】「えっとねー…<03>…<03>…<03>…<03>…<03>…<03>榊さんとちょっと…<03>…<03>」<01> || pf:static:photonflowers11.rio.002:1097218736:00028376 | 純夏 | 【純夏】「えへへー、<03>榊さん達にお願いして猛特訓したんだ！」<01> || pf:static:photonflowers11.rio.002:1162587616:00061262 | 純夏 | 【純夏】「うん！　榊さんにはね、<03>１番お世話になったんだよ」<01>,mechanical_scan_reviewed
photonflowers-ex-terms-v1.0,月詠さん,月咏,address_form,9,confirmed,白银武/鉴纯夏→月咏真那; Extra,formal Extra JP/CN addressing snapshot,954ef4f7dc455556110465ab9bcfe9340b2beaad9d2184a4a423042d59672869,official examples agree,pf:static:photonflowers11.rio.002:1391025672:00127805 | 武 | 【武】「月詠さん…<03>…<03>どうしてこれを？」<01> || pf:static:photonflowers11.rio.002:1602830768:00130279 | 壬姫 | 【壬姫】「つっ…<03>…<03>月詠さんっ！」<01> || pf:static:photonflowers11.rio.002:1602830768:00132047 | 壬姫 | 【壬姫】「月詠さん…<03>…<03>冥夜ちゃんに…<03>…<03>おめでとうって…<03>…<03>伝えてください」<01>,mechanical_scan_reviewed
photonflowers-ex-terms-v1.0,鎧衣君,铠衣,address_form,9,confirmed,classmates→Extra male 铠衣尊人,formal Extra JP/CN addressing snapshot,954ef4f7dc455556110465ab9bcfe9340b2beaad9d2184a4a423042d59672869,official examples agree; identity is male,pf:static:photonflowers11.rio:487194916:00042770 | 千鶴 | 【千鶴】「鎧衣君、<03>あなたもね」<01> || pf:static:photonflowers11.rio.002:1238534540:00059660 | 千鶴 | 【千鶴】「白銀君の好みはどうあれ、<03>こういう食べ物はあるってことよ。<0A>鎧衣君が言ってたでしょ？」<01> || pf:static:photonflowers11.rio.002:1366349532:00076938 | 純夏 | 【純夏】「えっ！？　タケルちゃんに男の友情プレゼント買いたいからつきあってくれって言ったの、<03>鎧衣君じゃない？！」<01>,mechanical_scan_reviewed
photonflowers-ex-terms-v1.0,壬姫ちゃん,壬姬,address_form,8,confirmed,鉴纯夏→珠濑壬姬; Extra,formal Extra JP/CN addressing snapshot,954ef4f7dc455556110465ab9bcfe9340b2beaad9d2184a4a423042d59672869,official examples retain given name,pf:static:photonflowers11.rio.002:30631052:00073694 | 純夏 | 【純夏】「…<03>…<03>壬姫ちゃん」<01> || pf:static:photonflowers11.rio.002:1162587616:00059792 | 純夏 | 【純夏】「壬姫ちゃんの家ではね、<03>牛乳と一緒に豆乳を少し入れて、<03>あと、<03>サワークリームを入れるんだって」<01> || pf:static:photonflowers11.rio.002:1366349532:00075562 | 純夏 | 【純夏】「なにやってるのさ！　壬姫ちゃんにコスプレまがいの格好させて！！」<01>,mechanical_scan_reviewed
photonflowers-ex-terms-v1.0,彩峰さん,彩峰,address_form,8,confirmed,榊千鹤/同学→彩峰慧; Extra,formal Extra JP/CN addressing snapshot,954ef4f7dc455556110465ab9bcfe9340b2beaad9d2184a4a423042d59672869,official examples agree,pf:static:photonflowers11.rio.002:969768164:00019231 | 純夏 | 【純夏】「あ、<03>あははははっ！！　あ、<03>彩峰さん待ってたんだよ～～～さーさー、<03>中に入って！」<01> || pf:static:photonflowers11.rio.002:1291020652:00051335 | 千鶴 | 【千鶴】「わ、<03>分かったわよ。<0A>彩峰さんの言うことはもっともだわ…<03>…<03>悔しいけど」<01> || pf:static:photonflowers11.rio.002:1391025672:00075205 | 柏木 | 【柏木】「あ、<03>彩峰さん、<03>何やってるの！？」<01>,mechanical_scan_reviewed
photonflowers-ex-terms-v1.0,珠瀬さん,珠濑,address_form,7,confirmed,榊千鹤→珠濑壬姬; Extra,formal Extra JP/CN addressing snapshot,954ef4f7dc455556110465ab9bcfe9340b2beaad9d2184a4a423042d59672869,official examples agree,pf:static:photonflowers11.rio:487417908:00103699 | 千鶴 | 【千鶴】「珠瀬さん？　どうかしたの？」<01> || pf:static:photonflowers11.rio:487417908:00106249 | 千鶴 | 【千鶴】「珠瀬さんに、<03>ちゃんと謝りなさいよね」<01> || pf:static:photonflowers11.rio:487417908:00110093 | 千鶴 | 【千鶴】「ちょっと白銀君！　バカやってないでさっさと出て行きなさいよ！　珠瀬さん、<03>まだ着替え中で…<03>…<03>…<03>…<03>あっ！」<01>,mechanical_scan_reviewed
photonflowers-ex-terms-v1.0,茜,凉宫茜,character,7,confirmed,Extra student/entity,origin/main glossary + formal Muv-Luv CN,e9ee9faffb2ef37bee94ee3d5c9a185623af6e2a2997a85a474f8a4629c4410c,speaker label,,mechanical_scan_reviewed
photonflowers-ex-terms-v1.0,神宮司,神宫司,public_glossary_exact,6,confirmed,exact chapter context,origin/main glossary,e9ee9faffb2ef37bee94ee3d5c9a185623af6e2a2997a85a474f8a4629c4410c,applicable exact public glossary match,pf:static:photonflowers11.rio.002:30631052:00119784 | まりも | 【まりも】「――あのね白銀君！　『神宮司先生すみませんでした』でしょ！！」<01> || pf:static:photonflowers11.rio.002:1495411112:00016647 | まりも | 【まりも】「神宮司先生、<03>でしょ！？　はあ…<03>…<03>もういい加減注意するのもバカらしくなってきたわ。<0A>あと少しで卒業なのに」<01> || pf:static:photonflowers11.rio.002:1602830768:00131371 | 月詠 | 【月詠】「謹んでお預かり致します…<03>…<03>神宮司教諭のご配慮…<03>…<03>我が主に代わって感謝致します」<01>,mechanical_scan_reviewed
photonflowers-ex-terms-v1.0,御剣冥夜,御剑冥夜,public_glossary_exact,5,confirmed,exact chapter context,origin/main glossary,e9ee9faffb2ef37bee94ee3d5c9a185623af6e2a2997a85a474f8a4629c4410c,applicable exact public glossary match,pf:static:photonflowers11.rio.002:1602830768:00131071 | まりも | 【まりも】「…<03>…<03>では月詠さん、<03>これを御剣冥夜さんにお渡しください」<01> || pf:static:photonflowers11.rio:487890932:00206283 | 月詠 | 【月詠】「あのお方は御剣冥夜様でございます」<01> || pf:static:photonflowers11.rio.002:186673440:00108965 |  | この御剣冥夜に宿りし剣の技で…………。<01>,mechanical_scan_reviewed
photonflowers-ex-terms-v1.0,香月先生,香月老师,address_form,5,confirmed,Extra school stage only,formal Extra JP/CN examples,fb77f496b2a4de8ef6512f9d459086209f5173314323888c082a9c36720c3437,do not import Alternative command titles,pf:static:photonflowers11.rio.002:30631052:00083400 | 純夏 | 【純夏】「香月先生っ！　おはようじゃないですよっ！　タケルちゃんがっっ！！」<01> || pf:static:photonflowers11.rio.002:1391025672:00092521 | 壬姫 | 【壬姫】「香月先生…<03>…<03>」<01> || pf:static:photonflowers11.rio.002:1599749696:00038074 | 柏木 | 【柏木】「香月先生も言ってたでしょ？　信用って言うリスクを負うんだって」<01>,mechanical_scan_reviewed
photonflowers-ex-terms-v1.0,冥夜ちゃん,冥夜,address_form,3,confirmed,珠濑壬姬→御剑冥夜; Extra,formal Extra JP/CN addressing snapshot,954ef4f7dc455556110465ab9bcfe9340b2beaad9d2184a4a423042d59672869,official named examples agree,pf:static:photonflowers11.rio.002:1602830768:00130467 | 壬姫 | 【壬姫】「冥夜ちゃんは…<03>…<03>冥夜ちゃんは…<03>…<03>元気ですかー？」<01> || pf:static:photonflowers11.rio.002:1602830768:00130467 | 壬姫 | 【壬姫】「冥夜ちゃんは…<03>…<03>冥夜ちゃんは…<03>…<03>元気ですかー？」<01> || pf:static:photonflowers11.rio.002:1602830768:00132047 | 壬姫 | 【壬姫】「月詠さん…<03>…<03>冥夜ちゃんに…<03>…<03>おめでとうって…<03>…<03>伝えてください」<01>,mechanical_scan_reviewed
photonflowers-ex-terms-v1.0,武様,武先生,address_form,3,confirmed,月咏/侍从→白银武; Extra,formal Extra JP/CN addressing snapshot,954ef4f7dc455556110465ab9bcfe9340b2beaad9d2184a4a423042d59672869,official direct-address examples agree,pf:static:photonflowers11.rio.002:1391025672:00120997 | 謎の人物Ａ | 【謎の人物Ａ】「いいえ、<03>武様。<0A>私は月詠と申すものではありません」<01> || pf:static:photonflowers11.rio.002:1602830768:00166101 | 月詠 | 【月詠】「武様…<03>…<03>安心致しました。<0A>良い土産話を持って帰ることができますわ」<01> || pf:static:photonflowers11.rio.002:1602830768:00167271 | 月詠 | 【月詠】「…<03>…<03>…<03>…<03>武様」<01>,mechanical_scan_reviewed
photonflowers-ex-terms-v1.0,白銀武,白银武,public_glossary_exact,2,confirmed,exact chapter context,origin/main glossary,e9ee9faffb2ef37bee94ee3d5c9a185623af6e2a2997a85a474f8a4629c4410c,applicable exact public glossary match,pf:static:photonflowers11.rio.002:30631052:00106704 |  | ――だがなあっ！　この白銀武――おまえらの台本どおりには踊らされないぜッ！<01> || pf:static:photonflowers11.rio.002:1602830768:00117903 | まりも | 【まりも】「白銀武くん！」<01>,mechanical_scan_reviewed
photonflowers-ex-terms-v1.0,神宮司先生,神宫司老师,address_form,2,confirmed,students→神宫司麻理茉; Extra school stage,formal Extra JP/CN examples,fb77f496b2a4de8ef6512f9d459086209f5173314323888c082a9c36720c3437,school-stage teacher title,pf:static:photonflowers11.rio.002:30631052:00119784 | まりも | 【まりも】「――あのね白銀君！　『神宮司先生すみませんでした』でしょ！！」<01> || pf:static:photonflowers11.rio.002:1495411112:00016647 | まりも | 【まりも】「神宮司先生、<03>でしょ！？　はあ…<03>…<03>もういい加減注意するのもバカらしくなってきたわ。<0A>あと少しで卒業なのに」<01>,mechanical_scan_reviewed
photonflowers-ex-terms-v1.0,彩峰慧,彩峰慧,public_glossary_exact,1,confirmed,exact chapter context,origin/main glossary,e9ee9faffb2ef37bee94ee3d5c9a185623af6e2a2997a85a474f8a4629c4410c,applicable exact public glossary match,pf:static:photonflowers11.rio.002:1602830768:00123077 | まりも | 【まりも】「…<03>…<03>彩峰慧さん」<01>,mechanical_scan_reviewed
photonflowers-ex-terms-v1.0,柏木さん,柏木,address_form,1,confirmed,榊千鹤/神宫司麻理茉→柏木晴子; Extra,formal Extra JP/CN addressing snapshot,954ef4f7dc455556110465ab9bcfe9340b2beaad9d2184a4a423042d59672869,official examples agree,pf:static:photonflowers11.rio.002:1599749696:00037880 | 千鶴 | 【千鶴】「ちょっと、<03>柏木さん…<03>…<03>いいの？」<01>,mechanical_scan_reviewed
photonflowers-ex-terms-v1.0,柏木晴子,柏木晴子,public_glossary_exact,1,confirmed,exact chapter context,origin/main glossary,e9ee9faffb2ef37bee94ee3d5c9a185623af6e2a2997a85a474f8a4629c4410c,applicable exact public glossary match,pf:static:photonflowers11.rio.002:1602830768:00125493 | まりも | 【まりも】「柏木晴子さん」<01>,mechanical_scan_reviewed
photonflowers-ex-terms-v1.0,榊千鶴,榊千鹤,public_glossary_exact,1,confirmed,exact chapter context,origin/main glossary,e9ee9faffb2ef37bee94ee3d5c9a185623af6e2a2997a85a474f8a4629c4410c,applicable exact public glossary match,pf:static:photonflowers11.rio.002:1602830768:00125701 | まりも | 【まりも】「榊千鶴さん」<01>,mechanical_scan_reviewed
photonflowers-ex-terms-v1.0,珠瀬壬姫,珠濑壬姬,public_glossary_exact,1,confirmed,exact chapter context,origin/main glossary,e9ee9faffb2ef37bee94ee3d5c9a185623af6e2a2997a85a474f8a4629c4410c,applicable exact public glossary match,pf:static:photonflowers11.rio.002:1602830768:00126493 | まりも | 【まりも】「珠瀬壬姫さん」<01>,mechanical_scan_reviewed
photonflowers-ex-terms-v1.0,鎧衣尊人,铠衣尊人,public_glossary_exact,1,confirmed,exact chapter context,origin/main glossary,e9ee9faffb2ef37bee94ee3d5c9a185623af6e2a2997a85a474f8a4629c4410c,applicable exact public glossary match,pf:static:photonflowers11.rio.002:1602830768:00121073 | まりも | 【まりも】「鎧衣尊人くん！」<01>,mechanical_scan_reviewed
photonflowers-ex-terms-v1.0,鑑純夏,鉴纯夏,public_glossary_exact,1,confirmed,exact chapter context,origin/main glossary,e9ee9faffb2ef37bee94ee3d5c9a185623af6e2a2997a85a474f8a4629c4410c,applicable exact public glossary match,pf:static:photonflowers11.rio.002:1602830768:00124549 | まりも | 【まりも】「鑑純夏さん」<01>,mechanical_scan_reviewed
photonflowers-ex-terms-v1.0,白陵大付属柊学園,白陵大附属柊学园,institution,0,confirmed,school name,origin/main glossary,e9ee9faffb2ef37bee94ee3d5c9a185623af6e2a2997a85a474f8a4629c4410c,exact applicable match,,full_read_manual_addition
photonflowers-ex-terms-v1.0,オレ,,ordinary_katakana_or_sound,425,contextual,sentence-level context,JP scan reviewed,fb77f496b2a4de8ef6512f9d459086209f5173314323888c082a9c36720c3437,"ordinary loanword, pronoun, slang, sound effect, or fragment; no fixed chapter terminology",pf:static:photonflowers11.rio:487194916:00039966 | 武 | 【武】「出たよ『常識』！　それは誰の常識だ？　オレにはオレの常識があるんだよっ！」<01> || pf:static:photonflowers11.rio:487194916:00039966 | 武 | 【武】「出たよ『常識』！　それは誰の常識だ？　オレにはオレの常識があるんだよっ！」<01> || pf:static:photonflowers11.rio:487194916:00040862 | 武 | 【武】「そこにオレを混ぜるな。<0A>いつも委員長が勝手につっかかって来てるだけだからな」<01>,mechanical_scan_reviewed
photonflowers-ex-terms-v1.0,タケル,,ordinary_katakana_or_sound,227,contextual,sentence-level context,JP scan reviewed,fb77f496b2a4de8ef6512f9d459086209f5173314323888c082a9c36720c3437,"ordinary loanword, pronoun, slang, sound effect, or fragment; no fixed chapter terminology",pf:static:photonflowers11.rio:487194916:00043536 | 純夏 | 【純夏】「ねえねえ、<03>タケルちゃ～ん、<03>こっちは終わったよー」<01> || pf:static:photonflowers11.rio:487194916:00056502 | 純夏 | 【純夏】「――ど、<03>どうしたのタケルちゃん？　アロハオエ～～？」<01> || pf:static:photonflowers11.rio:487194916:00057294 | 純夏 | 【純夏】「でもタケルちゃん」<01>,mechanical_scan_reviewed
photonflowers-ex-terms-v1.0,銀行強盗１,,functional_speaker_label,101,contextual,speaker/group/role label,authoritative speaker_jp scan,fb77f496b2a4de8ef6512f9d459086209f5173314323888c082a9c36720c3437,translate label according to row context; not a reusable proper term,,mechanical_scan_reviewed
photonflowers-ex-terms-v1.0,銀行強盗２,,functional_speaker_label,98,contextual,speaker/group/role label,authoritative speaker_jp scan,fb77f496b2a4de8ef6512f9d459086209f5173314323888c082a9c36720c3437,translate label according to row context; not a reusable proper term,,mechanical_scan_reviewed
photonflowers-ex-terms-v1.0,男,,ordinary_or_context_collision,74,contextual,translate in sentence; not frozen as a chapter term,origin/main glossary checked + JP context,e9ee9faffb2ef37bee94ee3d5c9a185623af6e2a2997a85a474f8a4629c4410c,exact string match is not a context-applicable terminology match,pf:static:photonflowers11.rio:487194916:00044682 | 千鶴 | 【千鶴】「でもぉ、<03>権利ばかり主張して義務を果たさないのは、<03>男としてどうなのかしら？」<01> || pf:static:photonflowers11.rio:487194916:00044976 | 武 | 【武】「だ、<03>男女差別する気かー！？」<01> || pf:static:photonflowers11.rio:487194916:00045078 | 千鶴 | 【千鶴】「ぜ～んぜん。<0A>私はただ、<03>恋人の前で矮小な器を曝して…<03>…<03>男として恥ずかしくないのかなあっ…<03>…<03>て思っただけ」<01>,mechanical_scan_reviewed
photonflowers-ex-terms-v1.0,声,,ordinary_or_context_collision,65,contextual,translate in sentence; not frozen as a chapter term,origin/main glossary checked + JP context,e9ee9faffb2ef37bee94ee3d5c9a185623af6e2a2997a85a474f8a4629c4410c,exact string match is not a context-applicable terminology match,pf:static:photonflowers11.rio.002:630827184:00030056 | 声 | 【声】「いらっしゃーい！」<01> || pf:static:photonflowers11.rio.002:630827184:00030140 | 声 | 【声】「おじゃまします…<03>…<03>」<01> || pf:static:photonflowers11.rio.002:630827184:00030424 |  | おい…<03>…<03>今の声…<03>…<03>委員長じゃないか？<01>,mechanical_scan_reviewed
photonflowers-ex-terms-v1.0,バカ,,ordinary_katakana_or_sound,59,contextual,sentence-level context,JP scan reviewed,fb77f496b2a4de8ef6512f9d459086209f5173314323888c082a9c36720c3437,"ordinary loanword, pronoun, slang, sound effect, or fragment; no fixed chapter terminology",pf:static:photonflowers11.rio.002:30631052:00066468 |  | バカかオレは。<01> || pf:static:photonflowers11.rio.002:30631052:00067292 |  | その状況に甘えて寝ちまうバカがどこにいるんだよ。<0A>愛想尽かされてもいいのか？<01> || pf:static:photonflowers11.rio.002:30631052:00114056 |  | ニヤケつつも知らんぷりされて、<03>オレだけ気づかれてないつもりでバカ丸出し…<03>…<03>なんてことになりかねない。<01>,mechanical_scan_reviewed
photonflowers-ex-terms-v1.0,女,,ordinary_or_context_collision,57,contextual,translate in sentence; not frozen as a chapter term,origin/main glossary checked + JP context,e9ee9faffb2ef37bee94ee3d5c9a185623af6e2a2997a85a474f8a4629c4410c,exact string match is not a context-applicable terminology match,pf:static:photonflowers11.rio:487194916:00044976 | 武 | 【武】「だ、<03>男女差別する気かー！？」<01> || pf:static:photonflowers11.rio:487194916:00046346 | 慧 | 【慧】「矮小な男は女を喜ばせられない」<01> || pf:static:photonflowers11.rio:487194916:00047596 |  | この魔女め～～～…<03>…<03>覚えてろよ！<01>,mechanical_scan_reviewed
photonflowers-ex-terms-v1.0,支店長,,functional_speaker_label,40,contextual,speaker/group/role label,authoritative speaker_jp scan,fb77f496b2a4de8ef6512f9d459086209f5173314323888c082a9c36720c3437,translate label according to row context; not a reusable proper term,,mechanical_scan_reviewed
photonflowers-ex-terms-v1.0,ヤツ,,ordinary_katakana_or_sound,37,contextual,sentence-level context,JP scan reviewed,fb77f496b2a4de8ef6512f9d459086209f5173314323888c082a9c36720c3437,"ordinary loanword, pronoun, slang, sound effect, or fragment; no fixed chapter terminology",pf:static:photonflowers11.rio:487194916:00046870 |  | い、<03>いきなりアダルトなヤツ…<03>…<03><01> || pf:static:photonflowers11.rio:487194916:00050360 | 武 | 【武】「なんでもねえよ…<03>…<03>…<03>…<03>それにしても忌々しい…<03>…<03>くっそー、<03>委員長のヤツ…<03>…<03>」<01> || pf:static:photonflowers11.rio:487194916:00055902 |  | そうじゃないヤツと付き合っていたら…<03>…<03>そうだな、<03>例えばいつもケンカしてるような相手とか…<03>…<03>。<01>,mechanical_scan_reviewed
photonflowers-ex-terms-v1.0,トリ,鸟,given_name_gag,36,contextual,慧给雏鸟的名字; as a name keep bare generic effect,JP naming scene,fb77f496b2a4de8ef6512f9d459086209f5173314323888c082a9c36720c3437,same surface also occurs as ordinary noun,,mechanical_scan_reviewed
photonflowers-ex-terms-v1.0,ヤキソバ,炒面,food/fixed_gag,36,contextual,慧 episode; named compounds inherit this form,JP context,fb77f496b2a4de8ef6512f9d459086209f5173314323888c082a9c36720c3437,ordinary food elevated into a running gag,pf:static:photonflowers11.rio.002:1162587616:00053606 |  | クリームシチューに、<03>筑前煮、<03>とんかつがあって…<03>…<03>何故にヤキソバ？<01> || pf:static:photonflowers11.rio.002:1162587616:00054042 |  | どれか一品にメシがあれば十分だ。<0A>しかもヤキソバなんて主食だぞ？<01> || pf:static:photonflowers11.rio.002:1162587616:00064040 |  | どう考えても、<03>彩峰直伝のヤキソバ。<01>,mechanical_scan_reviewed
photonflowers-ex-terms-v1.0,ソース,,ordinary_katakana_or_sound,32,contextual,sentence-level context,JP scan reviewed,fb77f496b2a4de8ef6512f9d459086209f5173314323888c082a9c36720c3437,"ordinary loanword, pronoun, slang, sound effect, or fragment; no fixed chapter terminology",pf:static:photonflowers11.rio.002:1162587616:00075628 | 純夏 | 【純夏】「タケルちゃん、<03>とんかつはソースでしょ！？」<01> || pf:static:photonflowers11.rio.002:1162587616:00076030 | 武 | 【武】「っつーか、<03>オレは大抵醤油だぞ。<0A>ソースは、<03>飯と一緒に食うには合わないんだよな」<01> || pf:static:photonflowers11.rio.002:1162587616:00076322 |  | 醤油を飯にかけて食うことはできても、<03>ソースは無理だ。<01>,mechanical_scan_reviewed
photonflowers-ex-terms-v1.0,ダメ,,ordinary_katakana_or_sound,31,contextual,sentence-level context,JP scan reviewed,fb77f496b2a4de8ef6512f9d459086209f5173314323888c082a9c36720c3437,"ordinary loanword, pronoun, slang, sound effect, or fragment; no fixed chapter terminology",pf:static:photonflowers11.rio:487194916:00071472 |  | 昔のままじゃダメだってことぐらい、<03>オレもわかっちゃいるんだ。<01> || pf:static:photonflowers11.rio.002:30631052:00066682 |  | 今までのまんまじゃダメなんだろ？<01> || pf:static:photonflowers11.rio.002:30631052:00079342 | 純夏 | 【純夏】「ダメ」<01>,mechanical_scan_reviewed
photonflowers-ex-terms-v1.0,鑑さん,鉴同学,address_form,31,contextual,direct address by 榊千鹤; references may use 纯夏 or rephrase,formal Extra JP/CN addressing snapshot,954ef4f7dc455556110465ab9bcfe9340b2beaad9d2184a4a423042d59672869,official examples vary by usage type,pf:static:photonflowers11.rio:487194916:00044188 | 千鶴 | 【千鶴】「そりゃあ、<03>鑑さんと１秒でも多く一緒にいたい気持ちはわかるわよぉ？」<01> || pf:static:photonflowers11.rio:487194916:00047720 | 千鶴 | 【千鶴】「卒業まであと少しだって言うのに…<03>…<03>未だにそんな子供じみた事ばかりしてると、<03>愛想尽かされるんじゃないのかしら？　ねえ、<03>鑑さん？」<01> || pf:static:photonflowers11.rio.002:630827184:00048730 | 千鶴 | 【千鶴】「あなたのそういう態度、<03>鑑さんを傷つけてるんじゃない？」<01>,mechanical_scan_reviewed
photonflowers-ex-terms-v1.0,クラス,,ordinary_katakana_or_sound,30,contextual,sentence-level context,JP scan reviewed,fb77f496b2a4de8ef6512f9d459086209f5173314323888c082a9c36720c3437,"ordinary loanword, pronoun, slang, sound effect, or fragment; no fixed chapter terminology",pf:static:photonflowers11.rio:487194916:00050792 |  | 一体どこでどうバレたのか、<03>クラスの奴ら全員、<03>オレと純夏が付き合った事知ってやがったんだよな…<03>…<03>。<01> || pf:static:photonflowers11.rio.002:30631052:00125998 |  | 球技大会で、<03>ウチのクラスが夕呼先生のＤ組を破って優勝してから、<03>ほんの３ヶ月ぐらいしか経ってないのに…<03>…<03>。<01> || pf:static:photonflowers11.rio.002:1162587616:00036460 | 純夏 | 【純夏】「だって、<03>毎年壬姫ちゃんとか…<03>…<03>クラスの女の子達もくれてたじゃない」<01>,mechanical_scan_reviewed
photonflowers-ex-terms-v1.0,ホント,,ordinary_katakana_or_sound,28,contextual,sentence-level context,JP scan reviewed,fb77f496b2a4de8ef6512f9d459086209f5173314323888c082a9c36720c3437,"ordinary loanword, pronoun, slang, sound effect, or fragment; no fixed chapter terminology",pf:static:photonflowers11.rio.002:30631052:00072142 | 純夏 | 【純夏】「ホントだよっ！」<01> || pf:static:photonflowers11.rio.002:30631052:00092374 | 千鶴 | 【千鶴】「白銀君、<03>ホント鑑さんのこと考えてないのね…<03>…<03>前に言ったこと全然分かってないじゃない」<01> || pf:static:photonflowers11.rio.002:30631052:00137938 | 純夏 | 【純夏】「ホントごめんね、<03>でもこればっかりは言えないんだ…<03>…<03>」<01>,mechanical_scan_reviewed
photonflowers-ex-terms-v1.0,まりもちゃん,小麻,address_form,23,contextual,白银武's familiar address/reference; Extra,formal Extra JP/CN examples + relation stage,fb77f496b2a4de8ef6512f9d459086209f5173314323888c082a9c36720c3437,official syntax frequently omits/rephrases; preserve familiar function when explicit,pf:static:photonflowers11.rio.002:30631052:00116486 | 武 | 【武】「え…<03>…<03>あ、<03>うわっ！　ご、<03>ごめん、<03>まりもちゃん！！」<01> || pf:static:photonflowers11.rio.002:30631052:00119670 | 武 | 【武】「まりもちゃん、<03>ご、<03>ごめんっ！」<01> || pf:static:photonflowers11.rio.002:30631052:00125870 |  | 憐れだ…<03>…<03>憐れすぎるよ、<03>まりもちゃん。<01>,mechanical_scan_reviewed
photonflowers-ex-terms-v1.0,プレゼント,,ordinary_katakana_or_sound,23,contextual,sentence-level context,JP scan reviewed,fb77f496b2a4de8ef6512f9d459086209f5173314323888c082a9c36720c3437,"ordinary loanword, pronoun, slang, sound effect, or fragment; no fixed chapter terminology",pf:static:photonflowers11.rio.002:30631052:00078242 | 武 | 【武】「買いに行こうぜ、<03>オレが違う新しいのプレゼントしてやるよ。<0A>どうだ？」<01> || pf:static:photonflowers11.rio.002:1366349532:00036514 | 武 | 【武】「なにっ！？　純夏にプレゼント？」<01> || pf:static:photonflowers11.rio.002:1366349532:00037072 | 壬姫 | 【壬姫】「だから、<03>たけるさんが何かプレゼントを買って、<03>純夏ちゃんに渡してあげればいいと思うんだー」<01>,mechanical_scan_reviewed
photonflowers-ex-terms-v1.0,ピィピィ,,ordinary_katakana_or_sound,22,contextual,sentence-level context,JP scan reviewed,fb77f496b2a4de8ef6512f9d459086209f5173314323888c082a9c36720c3437,"ordinary loanword, pronoun, slang, sound effect, or fragment; no fixed chapter terminology",pf:static:photonflowers11.rio:487716956:00130653 | トリ | 【トリ】「…<03>…<03>ピィピィ…<03>…<03>…<03>…<03>」<01> || pf:static:photonflowers11.rio:487716956:00131195 | トリ | 【トリ】「…<03>…<03>ピィピィ…<03>…<03>…<03>…<03>」<01> || pf:static:photonflowers11.rio:487716956:00131837 | トリ | 【トリ】「…<03>…<03>ピィピィ…<03>…<03>…<03>…<03>」<01>,mechanical_scan_reviewed
photonflowers-ex-terms-v1.0,子供,,ordinary_or_context_collision,21,contextual,translate in sentence; not frozen as a chapter term,origin/main glossary checked + JP context,e9ee9faffb2ef37bee94ee3d5c9a185623af6e2a2997a85a474f8a4629c4410c,exact string match is not a context-applicable terminology match,pf:static:photonflowers11.rio:487194916:00047720 | 千鶴 | 【千鶴】「卒業まであと少しだって言うのに…<03>…<03>未だにそんな子供じみた事ばかりしてると、<03>愛想尽かされるんじゃないのかしら？　ねえ、<03>鑑さん？」<01> || pf:static:photonflowers11.rio.002:30631052:00065246 | 純夏 | 【純夏】「子供みたいなこと言ってないでさー」<01> || pf:static:photonflowers11.rio.002:30631052:00079678 | 純夏 | 【純夏】「言ったけど、<03>無理なものは無理なの！　そんなワガママ言って困らせないでよ～、<03>子供じゃないんだから」<01>,mechanical_scan_reviewed
photonflowers-ex-terms-v1.0,センセー,,ordinary_katakana_or_sound,19,contextual,sentence-level context,JP scan reviewed,fb77f496b2a4de8ef6512f9d459086209f5173314323888c082a9c36720c3437,"ordinary loanword, pronoun, slang, sound effect, or fragment; no fixed chapter terminology",pf:static:photonflowers11.rio.002:1592562700:00010505 | 壬姫 | 【壬姫】「まりもセンセーがいくらゆすっても起きなかったもんね」<01> || pf:static:photonflowers11.rio.002:1602830768:00147113 | 武 | 【武】「センセー！　ちゃんと伝わったって！　心配しなくてもオレ達は大丈夫だって！」<01> || pf:static:photonflowers11.rio:487417908:00131067 |  | この鈴は夕呼センセーがくれたんだよねー。<01>,mechanical_scan_reviewed
photonflowers-ex-terms-v1.0,ミキ,,ordinary_katakana_or_sound,19,contextual,sentence-level context,JP scan reviewed,fb77f496b2a4de8ef6512f9d459086209f5173314323888c082a9c36720c3437,"ordinary loanword, pronoun, slang, sound effect, or fragment; no fixed chapter terminology",pf:static:photonflowers11.rio.002:30631052:00098198 | 壬姫 | 【壬姫】「大丈夫、<03>ミキもいますよー！」<01> || pf:static:photonflowers11.rio.002:30631052:00105232 | 壬姫 | 【壬姫】「ミキもそれが良いと思うよ～」<01> || pf:static:photonflowers11.rio.002:1366349532:00051882 | 壬姫 | 【壬姫】「わあ！　いくら倒しても起き上がってくるねー！　ミキにもやらせてくださいー！」<01>,mechanical_scan_reviewed
photonflowers-ex-terms-v1.0,王道,王道,thematic_fixed_expression,19,contextual,御剑继承/self-definition,JP plot context,fb77f496b2a4de8ef6512f9d459086209f5173314323888c082a9c36720c3437,ordinary word becomes ritual concept in repeated questions,,full_read_manual_addition
photonflowers-ex-terms-v1.0,福引係,,functional_speaker_label,19,contextual,speaker/group/role label,authoritative speaker_jp scan,fb77f496b2a4de8ef6512f9d459086209f5173314323888c082a9c36720c3437,translate label according to row context; not a reusable proper term,,mechanical_scan_reviewed
photonflowers-ex-terms-v1.0,覆面の男２,,functional_speaker_label,18,contextual,speaker/group/role label,authoritative speaker_jp scan,fb77f496b2a4de8ef6512f9d459086209f5173314323888c082a9c36720c3437,translate label according to row context; not a reusable proper term,,mechanical_scan_reviewed
photonflowers-ex-terms-v1.0,デート,,ordinary_katakana_or_sound,17,contextual,sentence-level context,JP scan reviewed,fb77f496b2a4de8ef6512f9d459086209f5173314323888c082a9c36720c3437,"ordinary loanword, pronoun, slang, sound effect, or fragment; no fixed chapter terminology",pf:static:photonflowers11.rio:487194916:00063198 | 純夏 | 【純夏】「だってわたし達、<03>全然デートしてないじゃない？」<01> || pf:static:photonflowers11.rio:487194916:00063458 | 武 | 【武】「デ、<03>デート？」<01> || pf:static:photonflowers11.rio:487194916:00063524 | 純夏 | 【純夏】「そうだよー。<0A>クリスマスの時１回だけじゃない、<03>デートしたの。<0A>あの時のタケルちゃん、<03>凄く優しくて…<03>…<03>」<01>,mechanical_scan_reviewed
photonflowers-ex-terms-v1.0,バイト,,ordinary_katakana_or_sound,17,contextual,sentence-level context,JP scan reviewed,fb77f496b2a4de8ef6512f9d459086209f5173314323888c082a9c36720c3437,"ordinary loanword, pronoun, slang, sound effect, or fragment; no fixed chapter terminology",pf:static:photonflowers11.rio.002:1162587616:00071838 |  | 当然バイトなんかもするだろうからなぁ…<03>…<03>。<01> || pf:static:photonflowers11.rio.002:1495411112:00009469 |  | こいつはバイトのパズルは避けられそうにないなあ…<03>…<03>。<01> || pf:static:photonflowers11.rio.002:1495411112:00009859 |  | 学校が終わってからすぐのバイトと、<03>深夜から明け方までのバイト、<03>後は土日の日中と夜間か…<03>…<03>。<01>,mechanical_scan_reviewed
photonflowers-ex-terms-v1.0,夕呼先生,夕呼老师,address_form,16,contextual,students/reference→香月夕呼; Extra school stage,formal Extra JP/CN examples,fb77f496b2a4de8ef6512f9d459086209f5173314323888c082a9c36720c3437,Chinese examples retain teacher function; omission depends on syntax,pf:static:photonflowers11.rio.002:30631052:00088578 |  | 何言っても、<03>夕呼先生においしく料理されちまうだけだ。<01> || pf:static:photonflowers11.rio.002:30631052:00090722 |  | …<03>…<03>あ。…<03>…<03>夕呼先生…<03>…<03>オレらの事見ていて、<03>それでわざと…<03>…<03>？<01> || pf:static:photonflowers11.rio.002:30631052:00116040 | 武 | 【武】「――え？　あ…<03>…<03>ゆ、<03>夕呼先生！？」<01>,mechanical_scan_reviewed
photonflowers-ex-terms-v1.0,モン,,ordinary_katakana_or_sound,15,contextual,sentence-level context,JP scan reviewed,fb77f496b2a4de8ef6512f9d459086209f5173314323888c082a9c36720c3437,"ordinary loanword, pronoun, slang, sound effect, or fragment; no fixed chapter terminology",pf:static:photonflowers11.rio.002:30631052:00067666 |  | 朝から深刻モードってのも、<03>鬱なモンだな…<03>…<03>。<01> || pf:static:photonflowers11.rio.002:30631052:00126910 |  | ある意味、<03>まりもちゃんは強烈に人生ってモンを教えてくれてるよなあ…<03>…<03>教師の鑑とでも言うべきか。<01> || pf:static:photonflowers11.rio.002:630827184:00046666 | 武 | 【武】「あ、<03>あのなあ…<03>…<03>仮にそうだとしてもだ、<03>本人の前では言わないのが大人ってモンじゃねーのか？」<01>,mechanical_scan_reviewed
photonflowers-ex-terms-v1.0,ハッキリ,,ordinary_katakana_or_sound,13,contextual,sentence-level context,JP scan reviewed,fb77f496b2a4de8ef6512f9d459086209f5173314323888c082a9c36720c3437,"ordinary loanword, pronoun, slang, sound effect, or fragment; no fixed chapter terminology",pf:static:photonflowers11.rio:487194916:00078892 |  | 何よりまず、<03>先に解決すべき事があるのだけはハッキリわかってるんだ。<0A>Ｈはその感情の先にあるものだろ？<01> || pf:static:photonflowers11.rio.002:30631052:00093514 | 千鶴 | 【千鶴】「な、<03>なによ。<0A>言いたいことがあるならハッキリ言いなさいよ」<01> || pf:static:photonflowers11.rio.002:30631052:00104952 | 千鶴 | 【千鶴】「あら、<03>何か言いたいことでもあるの？　だったらハッキリ言った方がいいわよ？」<01>,mechanical_scan_reviewed
photonflowers-ex-terms-v1.0,ガキ,,ordinary_katakana_or_sound,11,contextual,sentence-level context,JP scan reviewed,fb77f496b2a4de8ef6512f9d459086209f5173314323888c082a9c36720c3437,"ordinary loanword, pronoun, slang, sound effect, or fragment; no fixed chapter terminology",pf:static:photonflowers11.rio.002:630827184:00045914 | 武 | 【武】「何だよ、<03>オレがただのガキみたいじゃねーか」<01> || pf:static:photonflowers11.rio.002:630827184:00061512 |  | 弟たち連れて遊びに来たって言葉は、<03>小さいガキに使うよな普通。<01> || pf:static:photonflowers11.rio.002:630827184:00062616 |  | 尊人と来たときだって、<03>おまえ等どう見たって小学校低学年だろ、<03>ってガキが友達同士で遊んでるのよく見るし。<01>,mechanical_scan_reviewed
photonflowers-ex-terms-v1.0,ケンカ,,ordinary_katakana_or_sound,11,contextual,sentence-level context,JP scan reviewed,fb77f496b2a4de8ef6512f9d459086209f5173314323888c082a9c36720c3437,"ordinary loanword, pronoun, slang, sound effect, or fragment; no fixed chapter terminology",pf:static:photonflowers11.rio:487194916:00055902 |  | そうじゃないヤツと付き合っていたら…<03>…<03>そうだな、<03>例えばいつもケンカしてるような相手とか…<03>…<03>。<01> || pf:static:photonflowers11.rio.002:30631052:00084848 | 夕呼 | 【夕呼】「あらら…<03>…<03>余裕ないわねえ。<0A>鑑とケンカでもした？」<01> || pf:static:photonflowers11.rio.002:1238534540:00041296 | 千鶴 | 【千鶴】「それだけあからさまってことでしょ！　鑑さんも変だし、<03>ケンカでもしたの？」<01>,mechanical_scan_reviewed
photonflowers-ex-terms-v1.0,マジ,,ordinary_katakana_or_sound,11,contextual,sentence-level context,JP scan reviewed,fb77f496b2a4de8ef6512f9d459086209f5173314323888c082a9c36720c3437,"ordinary loanword, pronoun, slang, sound effect, or fragment; no fixed chapter terminology",pf:static:photonflowers11.rio:487194916:00048482 |  | うがあああっっ！！　こんな場面でマジに答えてるんじゃねー！<01> || pf:static:photonflowers11.rio.002:30631052:00072240 | 武 | 【武】「それはそれでムカつく。<0A>マジで！？　委員長と！？」<01> || pf:static:photonflowers11.rio.002:30631052:00139476 |  | 何だよ今のマジな顔は…<03>…<03>。<01>,mechanical_scan_reviewed
photonflowers-ex-terms-v1.0,ワケ,,ordinary_katakana_or_sound,10,contextual,sentence-level context,JP scan reviewed,fb77f496b2a4de8ef6512f9d459086209f5173314323888c082a9c36720c3437,"ordinary loanword, pronoun, slang, sound effect, or fragment; no fixed chapter terminology",pf:static:photonflowers11.rio:487194916:00075224 |  | 別にそうしたくないって理由があるワケじゃない。<01> || pf:static:photonflowers11.rio.002:30631052:00096668 |  | その後には夕呼先生が登場してワケわかんなくなっちゃったしな…<03>…<03>。<0A>確かにあの状況じゃ言い出しにくくなったのもわかる…<03>…<03>。<01> || pf:static:photonflowers11.rio.002:630827184:00041964 | 千鶴 | 【千鶴】「さっきから、<03>なにワケのわかんないことわめいてるのよ？」<01>,mechanical_scan_reviewed
photonflowers-ex-terms-v1.0,チケット,,ordinary_katakana_or_sound,9,contextual,sentence-level context,JP scan reviewed,fb77f496b2a4de8ef6512f9d459086209f5173314323888c082a9c36720c3437,"ordinary loanword, pronoun, slang, sound effect, or fragment; no fixed chapter terminology",pf:static:photonflowers11.rio.002:1391025672:00170079 |  | このチケット…<03>…<03>温泉旅行！<01> || pf:static:photonflowers11.rio.002:1391025672:00170911 |  | それは、<03>オレの手で、<03>オレが用意したチケットで、<03>純夏を誘うことなんだ！！<01> || pf:static:photonflowers11.rio.002:1495411112:00014359 |  | それに、<03>昨日あの足で旅行会社行って、<03>チケットは既に予約してきたんだ。<01>,mechanical_scan_reviewed
photonflowers-ex-terms-v1.0,パクッ,,ordinary_katakana_or_sound,9,contextual,sentence-level context,JP scan reviewed,fb77f496b2a4de8ef6512f9d459086209f5173314323888c082a9c36720c3437,"ordinary loanword, pronoun, slang, sound effect, or fragment; no fixed chapter terminology",pf:static:photonflowers11.rio:487716956:00140677 | トリ | 【トリ】「――――パクッ」<01> || pf:static:photonflowers11.rio:487716956:00141661 | トリ | 【トリ】「――――パクッ」<01> || pf:static:photonflowers11.rio:487716956:00143095 | トリ | 【トリ】「――――パクッ」<01>,mechanical_scan_reviewed
photonflowers-ex-terms-v1.0,覆面の男１,,functional_speaker_label,9,contextual,speaker/group/role label,authoritative speaker_jp scan,fb77f496b2a4de8ef6512f9d459086209f5173314323888c082a9c36720c3437,translate label according to row context; not a reusable proper term,,mechanical_scan_reviewed
photonflowers-ex-terms-v1.0,ケーキ,,ordinary_katakana_or_sound,8,contextual,sentence-level context,JP scan reviewed,fb77f496b2a4de8ef6512f9d459086209f5173314323888c082a9c36720c3437,"ordinary loanword, pronoun, slang, sound effect, or fragment; no fixed chapter terminology",pf:static:photonflowers11.rio.002:1097218736:00026210 |  | ケーキか…<03>…<03>それでちょっと重かったんだな。<01> || pf:static:photonflowers11.rio.002:1097218736:00026336 | 武 | 【武】「でも、<03>バレンタインにチョコはわかるがケーキって…<03>…<03>随分とまた…<03>…<03>」<01> || pf:static:photonflowers11.rio.002:1097218736:00031780 | 武 | 【武】「いいんだって！　オレは一刻も早くおまえのケーキが食いたいんだよ！」<01>,mechanical_scan_reviewed
photonflowers-ex-terms-v1.0,ボク,,ordinary_katakana_or_sound,8,contextual,sentence-level context,JP scan reviewed,fb77f496b2a4de8ef6512f9d459086209f5173314323888c082a9c36720c3437,"ordinary loanword, pronoun, slang, sound effect, or fragment; no fixed chapter terminology",pf:static:photonflowers11.rio:487194916:00042618 | 尊人 | 【尊人】「ボクを見られても困るなあ…<03>…<03>」<01> || pf:static:photonflowers11.rio:487194916:00046212 | 尊人 | 【尊人】「ボクにもよくわからないよ」<01> || pf:static:photonflowers11.rio.002:1391025672:00089953 | 尊人 | 【尊人】「ボク達、<03>いくら考えてもわからなかったんだ、<03>純夏ちゃんが何をタケルに望んでいたのか…<03>…<03>」<01>,mechanical_scan_reviewed
photonflowers-ex-terms-v1.0,リスク,,ordinary_or_context_collision,8,contextual,translate in sentence; not frozen as a chapter term,origin/main glossary checked + JP context,e9ee9faffb2ef37bee94ee3d5c9a185623af6e2a2997a85a474f8a4629c4410c,exact string match is not a context-applicable terminology match,pf:static:photonflowers11.rio.002:1391025672:00105615 | 夕呼 | 【夕呼】「あ、<03>そ。<0A>…<03>…<03>他人を信用するってことは、<03>リスクを容認する事に他ならない…<03>…<03>信用した結果に全責任を負うというリスクをね」<01> || pf:static:photonflowers11.rio.002:1391025672:00106123 | 夕呼 | 【夕呼】「そして、<03>人は信用という言葉に込めた、<03>自分の望む結果を掴み取るために、<03>リスクを軽減するために、<03>結局は何か行動を起こすのよ、<03>自分からね」<01> || pf:static:photonflowers11.rio.002:1391025672:00107007 | 夕呼 | 【夕呼】「学生のうちは、<03>そのリスクを誰かが負ってくれているのよ。<0A>親とか、<03>教師とか、<03>社会とかね…<03>…<03>」<01>,mechanical_scan_reviewed
photonflowers-ex-terms-v1.0,レベル,,ordinary_katakana_or_sound,8,contextual,sentence-level context,JP scan reviewed,fb77f496b2a4de8ef6512f9d459086209f5173314323888c082a9c36720c3437,"ordinary loanword, pronoun, slang, sound effect, or fragment; no fixed chapter terminology",pf:static:photonflowers11.rio.002:30631052:00088848 | 夕呼 | 【夕呼】「へぇ…<03>…<03>アイコンタクトとは、<03>なかなか恋人レベル上げたわね」<01> || pf:static:photonflowers11.rio.002:630827184:00060248 |  | もっとも…<03>…<03>レベルはあまり高くなさそうだが。<01> || pf:static:photonflowers11.rio.002:1162587616:00040184 | 純夏 | 【純夏】「この時間、<03>レベルの高いおばちゃん達が商店街のいたるところにひしめいているんだよ！」<01>,mechanical_scan_reviewed
photonflowers-ex-terms-v1.0,ワガママ,,ordinary_katakana_or_sound,8,contextual,sentence-level context,JP scan reviewed,fb77f496b2a4de8ef6512f9d459086209f5173314323888c082a9c36720c3437,"ordinary loanword, pronoun, slang, sound effect, or fragment; no fixed chapter terminology",pf:static:photonflowers11.rio.002:30631052:00079678 | 純夏 | 【純夏】「言ったけど、<03>無理なものは無理なの！　そんなワガママ言って困らせないでよ～、<03>子供じゃないんだから」<01> || pf:static:photonflowers11.rio.002:30631052:00080090 |  | ワガママ！？　それで斬り捨てるか！？　大体、<03>子供じゃないんだからって…<03>…<03>なんて言いぐさだ！<01> || pf:static:photonflowers11.rio.002:30631052:00082390 |  | だからと思って誘ってやりゃ、<03>ワガママだの子供だのって！<01>,mechanical_scan_reviewed
photonflowers-ex-terms-v1.0,千鶴・壬姫・慧・尊人・柏木,,functional_speaker_label,8,contextual,speaker/group/role label,authoritative speaker_jp scan,fb77f496b2a4de8ef6512f9d459086209f5173314323888c082a9c36720c3437,translate label according to row context; not a reusable proper term,,mechanical_scan_reviewed
photonflowers-ex-terms-v1.0,たける,,functional_speaker_label,7,contextual,speaker/group/role label,authoritative speaker_jp scan,fb77f496b2a4de8ef6512f9d459086209f5173314323888c082a9c36720c3437,translate label according to row context; not a reusable proper term,,mechanical_scan_reviewed
photonflowers-ex-terms-v1.0,イベント,,ordinary_katakana_or_sound,7,contextual,sentence-level context,JP scan reviewed,fb77f496b2a4de8ef6512f9d459086209f5173314323888c082a9c36720c3437,"ordinary loanword, pronoun, slang, sound effect, or fragment; no fixed chapter terminology",pf:static:photonflowers11.rio.002:30631052:00069386 | 武 | 【武】「来週の１１日休みだから連休じゃん？　天気もいいみたいだし、<03>色々イベントもやってるらしいぞ」<01> || pf:static:photonflowers11.rio.002:30631052:00069880 |  | 遊園地、<03>水族館のイベントは押さえた。<01> || pf:static:photonflowers11.rio.002:30631052:00070126 |  | 純夏には絶対無縁と思いつつ、<03>一応美術館系のイベントもな。<01>,mechanical_scan_reviewed
photonflowers-ex-terms-v1.0,オヤジ,,functional_speaker_label,7,contextual,speaker/group/role label,authoritative speaker_jp scan,fb77f496b2a4de8ef6512f9d459086209f5173314323888c082a9c36720c3437,translate label according to row context; not a reusable proper term,,mechanical_scan_reviewed
photonflowers-ex-terms-v1.0,ゲーム,,ordinary_katakana_or_sound,7,contextual,sentence-level context,JP scan reviewed,fb77f496b2a4de8ef6512f9d459086209f5173314323888c082a9c36720c3437,"ordinary loanword, pronoun, slang, sound effect, or fragment; no fixed chapter terminology",pf:static:photonflowers11.rio.002:630827184:00060390 | 柏木 | 【柏木】「さあ。私はあのゲーム詳しくないから。<0A>白銀君はかなり上手いらしいね？」<01> || pf:static:photonflowers11.rio.002:1097218736:00015998 | 純夏 | 【純夏】「タケルちゃんはゲームやりっ放しで寝ることもあるから、<03>見極めがなかなか難しいんだよー」<01> || pf:static:photonflowers11.rio.002:1162587616:00047730 | 純夏 | 【純夏】「ううん、<03>タケルちゃんはゲームでもやってて」<01>,mechanical_scan_reviewed
photonflowers-ex-terms-v1.0,チョコ,,ordinary_katakana_or_sound,7,contextual,sentence-level context,JP scan reviewed,fb77f496b2a4de8ef6512f9d459086209f5173314323888c082a9c36720c3437,"ordinary loanword, pronoun, slang, sound effect, or fragment; no fixed chapter terminology",pf:static:photonflowers11.rio.002:1097218736:00026336 | 武 | 【武】「でも、<03>バレンタインにチョコはわかるがケーキって…<03>…<03>随分とまた…<03>…<03>」<01> || pf:static:photonflowers11.rio.002:1097218736:00031534 | 純夏 | 【純夏】「この寒さでチョコ硬くなってるかもしれないし…<03>…<03>」<01> || pf:static:photonflowers11.rio.002:1097218736:00032152 | 純夏 | 【純夏】「もう、<03>タケルちゃん、<03>口の周りチョコだらけ…<03>…<03>あ、<03>鼻の頭もだ…<03>…<03>ティッシュ持ってくればよかった～～」<01>,mechanical_scan_reviewed
photonflowers-ex-terms-v1.0,ムカ,,ordinary_katakana_or_sound,7,contextual,sentence-level context,JP scan reviewed,fb77f496b2a4de8ef6512f9d459086209f5173314323888c082a9c36720c3437,"ordinary loanword, pronoun, slang, sound effect, or fragment; no fixed chapter terminology",pf:static:photonflowers11.rio.002:30631052:00064434 |  | その中途半端に甲高い音がムカつくんだよ！<01> || pf:static:photonflowers11.rio.002:30631052:00072240 | 武 | 【武】「それはそれでムカつく。<0A>マジで！？　委員長と！？」<01> || pf:static:photonflowers11.rio.002:30631052:00080914 |  | くっそー。何だかムカついてきたぞ。<01>,mechanical_scan_reviewed
photonflowers-ex-terms-v1.0,すみか,,functional_speaker_label,6,contextual,speaker/group/role label,authoritative speaker_jp scan,fb77f496b2a4de8ef6512f9d459086209f5173314323888c082a9c36720c3437,translate label according to row context; not a reusable proper term,,mechanical_scan_reviewed
photonflowers-ex-terms-v1.0,わたしとタケルちゃん,,regex_address_false_positive,6,contextual,sentence-level context,JP scan reviewed,fb77f496b2a4de8ef6512f9d459086209f5173314323888c082a9c36720c3437,"over-inclusive suffix regex captured a phrase, ordinary honorific, or non-address expression",pf:static:photonflowers11.rio.002:1322667676:00106952 | 純夏 | 【純夏】「みんなの意見なんかどうだっていいじゃない！　誰がなんて言ったって、<03>わたしとタケルちゃんの問題じゃないっ！」<01> || pf:static:photonflowers11.rio.002:1391025672:00136113 | 純夏 | 【純夏】「わたしとタケルちゃんの関係は、<03>勝手に続いていくものじゃないんだって…<03>…<03>今頃気づいたの」<01> || pf:static:photonflowers11.rio.002:1391025672:00158803 | 純夏 | 【純夏】「無理なんだよ。<0A>わたしとタケルちゃんだと、<03>いっつもふざけちゃうから」<01>,mechanical_scan_reviewed
photonflowers-ex-terms-v1.0,アレ,,ordinary_katakana_or_sound,6,contextual,sentence-level context,JP scan reviewed,fb77f496b2a4de8ef6512f9d459086209f5173314323888c082a9c36720c3437,"ordinary loanword, pronoun, slang, sound effect, or fragment; no fixed chapter terminology",pf:static:photonflowers11.rio.002:30631052:00083638 | 夕呼 | 【夕呼】「あ、<03>やっぱりアレ白銀だったの？　ヤサぐれた背中してるから、<03>誰かと思ったわ」<01> || pf:static:photonflowers11.rio.002:30631052:00098474 |  | そりゃあ…<03>…<03>純夏が女の子同士でどっか行くのに、<03>彼氏面でオレが付いていくのもアレだけどさ！<01> || pf:static:photonflowers11.rio.002:630827184:00031864 |  | 委員長にそのスキルがあったとしても、<03>相手の男はアレだ、<03>委員長のあの小うるさい性格を受け流すだけの、<03>神のごとくひろーい心の持ち主だ。<01>,mechanical_scan_reviewed
photonflowers-ex-terms-v1.0,ウチ,,ordinary_or_context_collision,6,contextual,translate in sentence; not frozen as a chapter term,origin/main glossary checked + JP context,e9ee9faffb2ef37bee94ee3d5c9a185623af6e2a2997a85a474f8a4629c4410c,exact string match is not a context-applicable terminology match,pf:static:photonflowers11.rio.002:30631052:00125998 |  | 球技大会で、<03>ウチのクラスが夕呼先生のＤ組を破って優勝してから、<03>ほんの３ヶ月ぐらいしか経ってないのに…<03>…<03>。<01> || pf:static:photonflowers11.rio.002:630827184:00062956 | 柏木 | 【柏木】「ちがうちがう、<03>ウチなんてほったらかしだよ」<01> || pf:static:photonflowers11.rio.002:969768164:00011479 | 武 | 【武】「…<03>…<03>じゃなくて、<03>夜、<03>ウチ来いよ」<01>,mechanical_scan_reviewed
photonflowers-ex-terms-v1.0,エサ,,ordinary_katakana_or_sound,6,contextual,sentence-level context,JP scan reviewed,fb77f496b2a4de8ef6512f9d459086209f5173314323888c082a9c36720c3437,"ordinary loanword, pronoun, slang, sound effect, or fragment; no fixed chapter terminology",pf:static:photonflowers11.rio:487716956:00110147 | 武 | 【武】「ぎゃあああ～～～～～、<03>オレのヤキソバが～！！　アリのエサにぃぃぃ～～～ッ！！」<01> || pf:static:photonflowers11.rio:487716956:00127209 |  | まだ、<03>自分でエサ取れないんだ、<03>きっと。<01> || pf:static:photonflowers11.rio:487716956:00139959 | 慧 | 【慧】「トリ…<03>…<03>エサ…<03>…<03>お食べ」<01>,mechanical_scan_reviewed
photonflowers-ex-terms-v1.0,ゲーセン,,ordinary_katakana_or_sound,6,contextual,sentence-level context,JP scan reviewed,fb77f496b2a4de8ef6512f9d459086209f5173314323888c082a9c36720c3437,"ordinary loanword, pronoun, slang, sound effect, or fragment; no fixed chapter terminology",pf:static:photonflowers11.rio.002:630827184:00054944 | 武 | 【武】「あれ？　柏木じゃん！　へー、<03>おまえがゲーセンなんて意外だな」<01> || pf:static:photonflowers11.rio.002:630827184:00061930 | 武 | 【武】「へえ…<03>…<03>今時保護者同伴でゲーセンなんて、<03>おまえの家って結構厳しいんだなあ…<03>…<03>」<01> || pf:static:photonflowers11.rio.002:630827184:00093780 |  | ゲーセンが語りの場になるとは…<03>…<03>。<01>,mechanical_scan_reviewed
photonflowers-ex-terms-v1.0,サンタ,,ordinary_katakana_or_sound,6,contextual,sentence-level context,JP scan reviewed,fb77f496b2a4de8ef6512f9d459086209f5173314323888c082a9c36720c3437,"ordinary loanword, pronoun, slang, sound effect, or fragment; no fixed chapter terminology",pf:static:photonflowers11.rio.002:30631052:00077756 | 武 | 【武】「前にさ、<03>オレが年がら年中サンタなんておかしいって言ったら、<03>新しいの買ってくれって言ってたことあったよな？」<01> || pf:static:photonflowers11.rio.002:1322667676:00047298 |  | サンタうさぎの代わりを買いに行く予定なんか、<03>ポーンとどっかに行っちまったよ。<01> || pf:static:photonflowers11.rio.002:1366349532:00062002 |  | 純夏のヤツ、<03>昔、<03>サンタにでっかいトロロのぬいぐるみをお願いしたんだよな。<01>,mechanical_scan_reviewed
photonflowers-ex-terms-v1.0,ソース・,,ordinary_katakana_or_sound,6,contextual,sentence-level context,JP scan reviewed,fb77f496b2a4de8ef6512f9d459086209f5173314323888c082a9c36720c3437,"ordinary loanword, pronoun, slang, sound effect, or fragment; no fixed chapter terminology",pf:static:photonflowers11.rio.002:1238534540:00042712 | 武 | 【武】「ソース・醤油事件だ」<01> || pf:static:photonflowers11.rio.002:1238534540:00044584 | 武 | 【武】「ソース・醤油事件の根幹だ」<01> || pf:static:photonflowers11.rio.002:1238534540:00069494 |  | ――ソース・醤油事件。<01>,mechanical_scan_reviewed
photonflowers-ex-terms-v1.0,メシ,,ordinary_katakana_or_sound,6,contextual,sentence-level context,JP scan reviewed,fb77f496b2a4de8ef6512f9d459086209f5173314323888c082a9c36720c3437,"ordinary loanword, pronoun, slang, sound effect, or fragment; no fixed chapter terminology",pf:static:photonflowers11.rio.002:969768164:00012533 | 武 | 【武】「オレん家で晩飯でも食おうぜ？　メシ代ふんだくるからさ…<03>…<03>寿司でもとってさ…<03>…<03>」<01> || pf:static:photonflowers11.rio.002:969768164:00013585 |  | メシでも食ってゆっくり話せば、<03>何かが見えてくるし…<03>…<03>もしかしたらそれだけじゃなくて…<03>…<03>…<03>…<03><01> || pf:static:photonflowers11.rio.002:1162587616:00054042 |  | どれか一品にメシがあれば十分だ。<0A>しかもヤキソバなんて主食だぞ？<01>,mechanical_scan_reviewed
photonflowers-ex-terms-v1.0,助手,,ordinary_or_context_collision,6,contextual,translate in sentence; not frozen as a chapter term,origin/main glossary checked + JP context,e9ee9faffb2ef37bee94ee3d5c9a185623af6e2a2997a85a474f8a4629c4410c,exact string match is not a context-applicable terminology match,pf:static:photonflowers11.rio.002:1391025672:00123207 | 助手Ａ・Ｂ・Ｃ | 【助手Ａ・Ｂ・Ｃ】「ぬわんですってーー！？」<01> || pf:static:photonflowers11.rio.002:1391025672:00123361 | 助手Ａ・Ｂ・Ｃ | 【助手Ａ・Ｂ・Ｃ】「真那様痛いーー」<01> || pf:static:photonflowers11.rio.002:1391025672:00125957 | 助手Ａ・Ｂ・Ｃ | 【助手Ａ・Ｂ・Ｃ】「じ～～～～～～～～」<01>,mechanical_scan_reviewed
photonflowers-ex-terms-v1.0,助手Ａ・Ｂ・Ｃ,,functional_speaker_label,6,contextual,speaker/group/role label,authoritative speaker_jp scan,fb77f496b2a4de8ef6512f9d459086209f5173314323888c082a9c36720c3437,translate label according to row context; not a reusable proper term,,mechanical_scan_reviewed
photonflowers-ex-terms-v1.0,千鶴ちゃん,千鹤,address_form,6,contextual,珠濑壬姬→榊千鹤; Extra,formal Extra JP/CN addressing snapshot,954ef4f7dc455556110465ab9bcfe9340b2beaad9d2184a4a423042d59672869,official examples often rephrase but named examples retain given name,pf:static:photonflowers11.rio:487417908:00102875 | 壬姫 | 【壬姫】「あ、<03>千鶴ちゃん」<01> || pf:static:photonflowers11.rio:487417908:00112073 | 壬姫 | 【壬姫】「い、<03>いいんだよー、<03>千鶴ちゃん。<0A>たけるさんも心配して来てくれたんだからー…<03>…<03>」<01> || pf:static:photonflowers11.rio:487417908:00126981 | 壬姫 | 【壬姫】「千鶴ちゃんはきっと忙しいと思うよ」<01>,mechanical_scan_reviewed
photonflowers-ex-terms-v1.0,慧ちゃん,慧,address_form,6,contextual,珠濑壬姬→彩峰慧; Extra,formal Extra JP/CN addressing snapshot,954ef4f7dc455556110465ab9bcfe9340b2beaad9d2184a4a423042d59672869,official examples often rephrase,pf:static:photonflowers11.rio:487417908:00101827 | 壬姫 | 【壬姫】「え？　あ、<03>け、<03>慧ちゃん」<01> || pf:static:photonflowers11.rio:487417908:00107649 |  | 慧ちゃんはすごい。<01> || pf:static:photonflowers11.rio:487417908:00109583 |  | 慧ちゃん？<01>,mechanical_scan_reviewed
photonflowers-ex-terms-v1.0,部隊,,ordinary_or_context_collision,6,contextual,translate in sentence; not frozen as a chapter term,origin/main glossary checked + JP context,e9ee9faffb2ef37bee94ee3d5c9a185623af6e2a2997a85a474f8a4629c4410c,exact string match is not a context-applicable terminology match,pf:static:photonflowers11.rio:487890932:00157109 | 銀行強盗１ | 【銀行強盗１】「完全に包囲されてる。特殊部隊投入も時間の問題だろう」<01> || pf:static:photonflowers11.rio:487890932:00160917 | 銀行強盗１ | 【銀行強盗１】「よく考えろ……時間が経てば特殊部隊が来るぞ」<01> || pf:static:photonflowers11.rio:487890932:00161237 | 銀行強盗１ | 【銀行強盗１】「相手は強襲専門の特殊部隊、オレ達は素人の寄せ集め……全員死ぬよりマシだろ！」<01>,mechanical_scan_reviewed
photonflowers-ex-terms-v1.0,ァァ,,ordinary_or_context_collision,5,contextual,translate in sentence; not frozen as a chapter term,origin/main glossary checked + JP context,e9ee9faffb2ef37bee94ee3d5c9a185623af6e2a2997a85a474f8a4629c4410c,exact string match is not a context-applicable terminology match,pf:static:photonflowers11.rio.002:30631052:00130524 |  | ばっ…<03>…<03>ばかなァァ～～～ッ！！<01> || pf:static:photonflowers11.rio:487417908:00110907 | 純夏 | 【純夏】「タケルちゃんのバカァァァッ！」<01> || pf:static:photonflowers11.rio:488133660:00100747 | 醍三郎 | 【醍三郎】「――自惚れるなァァァッ！！！！！」<01>,mechanical_scan_reviewed
photonflowers-ex-terms-v1.0,アイテム,,ordinary_katakana_or_sound,5,contextual,sentence-level context,JP scan reviewed,fb77f496b2a4de8ef6512f9d459086209f5173314323888c082a9c36720c3437,"ordinary loanword, pronoun, slang, sound effect, or fragment; no fixed chapter terminology",pf:static:photonflowers11.rio.002:1366349532:00040098 |  | ここ１番って時には、<03>強力なアイテムになるだろう。<01> || pf:static:photonflowers11.rio.002:1366349532:00071280 |  | これはオレがたまを使って遊ぶアイテムじゃないか。<01> || pf:static:photonflowers11.rio.002:1366349532:00071520 |  | もっとこう…<03>…<03>たまをパワーアップさせるようなアイテムはないのか！？<01>,mechanical_scan_reviewed
photonflowers-ex-terms-v1.0,アルバム,,ordinary_katakana_or_sound,5,contextual,sentence-level context,JP scan reviewed,fb77f496b2a4de8ef6512f9d459086209f5173314323888c082a9c36720c3437,"ordinary loanword, pronoun, slang, sound effect, or fragment; no fixed chapter terminology",pf:static:photonflowers11.rio.002:1602830768:00082883 |  | そういや、<03>机の上にあるのは…<03>…<03>卒業アルバムか。<0A>置いた記憶すらない。<01> || pf:static:photonflowers11.rio.002:1602830768:00085229 |  | みんなはアルバムを貰った日に色々と書いて貰うから、<03>自分にはないんだって…<03>…<03>言ってた。<01> || pf:static:photonflowers11.rio.002:1602830768:00087823 |  | あの人、<03>今どうしてるんだろうな。<0A>自分のアルバム、<03>見返すことなんかあるのかな？<01>,mechanical_scan_reviewed
photonflowers-ex-terms-v1.0,イヤ,,ordinary_katakana_or_sound,5,contextual,sentence-level context,JP scan reviewed,fb77f496b2a4de8ef6512f9d459086209f5173314323888c082a9c36720c3437,"ordinary loanword, pronoun, slang, sound effect, or fragment; no fixed chapter terminology",pf:static:photonflowers11.rio.002:1391025672:00159131 | 純夏 | 【純夏】「もう苦しいのはイヤだった」<01> || pf:static:photonflowers11.rio.002:1391025672:00159319 | 純夏 | 【純夏】「傷つきたくなくて、<03>それでもこのままがイヤでがんばったんだぞ」<01> || pf:static:photonflowers11.rio:487590408:00098619 |  | 誰にも選んでもらえなくて、<03>捨てられちゃうなんて、<03>イヤに決まってるよね？<01>,mechanical_scan_reviewed
photonflowers-ex-terms-v1.0,カッコ,,ordinary_katakana_or_sound,5,contextual,sentence-level context,JP scan reviewed,fb77f496b2a4de8ef6512f9d459086209f5173314323888c082a9c36720c3437,"ordinary loanword, pronoun, slang, sound effect, or fragment; no fixed chapter terminology",pf:static:photonflowers11.rio.002:30631052:00102230 |  | ――カッコ悪すぎるッ！！！！<01> || pf:static:photonflowers11.rio.002:630827184:00082300 | 柏木 | 【柏木】「なんとなくわかるよ？　今更だからみんなに言うのもちょっと照れくさいし、<03>独占欲丸出しもカッコ悪いしって思うのは」<01> || pf:static:photonflowers11.rio.002:1391025672:00132023 |  | だとしたら、<03>カッコ悪ぃとこ見せちまったなあ…<03>…<03>。<01>,mechanical_scan_reviewed
photonflowers-ex-terms-v1.0,キレ,,ordinary_katakana_or_sound,5,contextual,sentence-level context,JP scan reviewed,fb77f496b2a4de8ef6512f9d459086209f5173314323888c082a9c36720c3437,"ordinary loanword, pronoun, slang, sound effect, or fragment; no fixed chapter terminology",pf:static:photonflowers11.rio.002:1238534540:00071474 | 尊人 | 【尊人】「んー…<03>…<03>タケルの操縦いつもよりキレがなかったね」<01> || pf:static:photonflowers11.rio.002:1322667676:00080406 |  | キレろ、<03>キレろ…<03>…<03>無理すんなって。<01> || pf:static:photonflowers11.rio.002:1322667676:00080406 |  | キレろ、<03>キレろ…<03>…<03>無理すんなって。<01>,mechanical_scan_reviewed
photonflowers-ex-terms-v1.0,ギューッ,,ordinary_katakana_or_sound,5,contextual,sentence-level context,JP scan reviewed,fb77f496b2a4de8ef6512f9d459086209f5173314323888c082a9c36720c3437,"ordinary loanword, pronoun, slang, sound effect, or fragment; no fixed chapter terminology",pf:static:photonflowers11.rio:487194916:00061026 | 純夏 | 【純夏】「ギューッと締め付けられるようなこととか…<03>…<03>」<01> || pf:static:photonflowers11.rio:487194916:00061190 |  | ギューッと締め付けられる？<01> || pf:static:photonflowers11.rio:487194916:00061624 | 純夏 | 【純夏】「うん…<03>…<03>そのロープでわたしをギューッと締め付けて…<03>…<03>」<01>,mechanical_scan_reviewed
photonflowers-ex-terms-v1.0,ギリギリ,,ordinary_katakana_or_sound,5,contextual,sentence-level context,JP scan reviewed,fb77f496b2a4de8ef6512f9d459086209f5173314323888c082a9c36720c3437,"ordinary loanword, pronoun, slang, sound effect, or fragment; no fixed chapter terminology",pf:static:photonflowers11.rio.002:30631052:00091678 | 千鶴 | 【千鶴】「おはよう…<03>…<03>相変わらず遅刻ギリギリね」<01> || pf:static:photonflowers11.rio.002:969768164:00014219 | 武 | 【武】「もう…<03>…<03>遅いか？　ギリギリ過ぎたか？」<01> || pf:static:photonflowers11.rio.002:1602830768:00084891 |  | そしたら、<03>受験の日程の都合で、<03>卒業式だけギリギリ間に合ったんだって。<01>,mechanical_scan_reviewed
photonflowers-ex-terms-v1.0,トコ,,ordinary_katakana_or_sound,5,contextual,sentence-level context,JP scan reviewed,fb77f496b2a4de8ef6512f9d459086209f5173314323888c082a9c36720c3437,"ordinary loanword, pronoun, slang, sound effect, or fragment; no fixed chapter terminology",pf:static:photonflowers11.rio.002:1162587616:00085814 |  | 冗談じゃねーぞ、<03>いくら恋人だ何だ言ったって、<03>そんなトコまで合わせてられるか！！<01> || pf:static:photonflowers11.rio.002:1322667676:00067516 | 武 | 【武】「ち、<03>ちょっと先生、<03>いい加減にしてください！　さっきから同じトコ回ってますよっ！」<01> || pf:static:photonflowers11.rio.002:1366349532:00037464 |  | もうそういうトコは過ぎちまったんだけどな。<01>,mechanical_scan_reviewed
photonflowers-ex-terms-v1.0,バレ,,ordinary_katakana_or_sound,5,contextual,sentence-level context,JP scan reviewed,fb77f496b2a4de8ef6512f9d459086209f5173314323888c082a9c36720c3437,"ordinary loanword, pronoun, slang, sound effect, or fragment; no fixed chapter terminology",pf:static:photonflowers11.rio:487194916:00050792 |  | 一体どこでどうバレたのか、<03>クラスの奴ら全員、<03>オレと純夏が付き合った事知ってやがったんだよな…<03>…<03>。<01> || pf:static:photonflowers11.rio.002:630827184:00079244 | 柏木 | 【柏木】「あれ～？　もしかしてバレてないと思ってた？」<01> || pf:static:photonflowers11.rio.002:1097218736:00034962 |  | しかも、<03>わざわざバレないように、<03>肌色のやつを選んで貼ってたんだな。<0A>可愛い柄のやつ持ってるのは知ってるし。<01>,mechanical_scan_reviewed
photonflowers-ex-terms-v1.0,パン,,ordinary_katakana_or_sound,5,contextual,sentence-level context,JP scan reviewed,fb77f496b2a4de8ef6512f9d459086209f5173314323888c082a9c36720c3437,"ordinary loanword, pronoun, slang, sound effect, or fragment; no fixed chapter terminology",pf:static:photonflowers11.rio.002:1162587616:00056304 |  | そういや、<03>豚肉をべったんべったん叩いてたな。<0A>パン粉も買う時に随分こだわってた。<01> || pf:static:photonflowers11.rio.002:1238534540:00053708 |  | 仕方ない…<03>…<03>ひさしぶりに購買でパンでも買うか。<01> || pf:static:photonflowers11.rio.002:1238534540:00061160 | 武 | 【武】「…<03>…<03>ったく、<03>わかったよ。<0A>オレはパンがあるからいいや。<0A>食いたいならやるよ」<01>,mechanical_scan_reviewed
photonflowers-ex-terms-v1.0,ヒマ,,ordinary_katakana_or_sound,5,contextual,sentence-level context,JP scan reviewed,fb77f496b2a4de8ef6512f9d459086209f5173314323888c082a9c36720c3437,"ordinary loanword, pronoun, slang, sound effect, or fragment; no fixed chapter terminology",pf:static:photonflowers11.rio.002:30631052:00104558 |  | 最近授業もヒマだし、<03>退屈しのぎにからかってやろうって魂胆か！？<01> || pf:static:photonflowers11.rio.002:1602830768:00108209 | 武 | <05>【武】「いいよな～、<03>ヒマなときはその『触角』で宇宙と交信すればいいんだから」 || pf:static:photonflowers11.rio:487283344:00109056 | 武 | 【武】「いいよな～、<03>ヒマなときはその『触角』で宇宙と交信すればいいんだから」<01>,mechanical_scan_reviewed
photonflowers-ex-terms-v1.0,プール,,ordinary_katakana_or_sound,5,contextual,sentence-level context,JP scan reviewed,fb77f496b2a4de8ef6512f9d459086209f5173314323888c082a9c36720c3437,"ordinary loanword, pronoun, slang, sound effect, or fragment; no fixed chapter terminology",pf:static:photonflowers11.rio:487283344:00100722 |  | って、<03>ここ屋内プールだった…<03>…<03>…<03>…<03>。<01> || pf:static:photonflowers11.rio:487283344:00114902 |  | なにか不満があるんだったら、<03>こんな風にプールに来ないよね。<01> || pf:static:photonflowers11.rio:487283344:00116880 |  | 今が楽しいのは本当だし、<03>こうしてプールに遊びに来ることもできるんだ。<01>,mechanical_scan_reviewed
photonflowers-ex-terms-v1.0,ムキ,,ordinary_katakana_or_sound,5,contextual,sentence-level context,JP scan reviewed,fb77f496b2a4de8ef6512f9d459086209f5173314323888c082a9c36720c3437,"ordinary loanword, pronoun, slang, sound effect, or fragment; no fixed chapter terminology",pf:static:photonflowers11.rio.002:30631052:00098808 | 尊人 | 【尊人】「ねえねえタケル～。<0A>どうしてそんなにムキになってるの？」<01> || pf:static:photonflowers11.rio.002:30631052:00099086 |  | オレが…<03>…<03>ムキになってる…<03>…<03>？<01> || pf:static:photonflowers11.rio.002:30631052:00103826 |  | オレ達が付き合ってるってことは誰にも言ってないわけだが…<03>…<03>オレが今までスルーしてた状況を独占欲丸出しでムキになるってことは最早「交際宣言」に等しい！<01>,mechanical_scan_reviewed
photonflowers-ex-terms-v1.0,リスト,,ordinary_or_context_collision,5,contextual,translate in sentence; not frozen as a chapter term,origin/main glossary checked + JP context,e9ee9faffb2ef37bee94ee3d5c9a185623af6e2a2997a85a474f8a4629c4410c,exact string match is not a context-applicable terminology match,pf:static:photonflowers11.rio.002:1162587616:00039166 |  | ちょっと覗いたぐらいじゃ何書いてるのかわからないぐらい、<03>ズラリとリストが並んでるわけだが。<01> || pf:static:photonflowers11.rio.002:1366349532:00049390 | 武 | 【武】「昔さ、<03>ＴＶで『宇宙書記長ゴルバン』っていう番組があったんだけど…<03>…<03>それに出てくる宇宙テロリスト」<01> || pf:static:photonflowers11.rio.002:1366349532:00058310 | 壬姫 | 【壬姫】「でも、<03>宇宙テロリストはやりすぎだよ？」<01>,mechanical_scan_reviewed
photonflowers-ex-terms-v1.0,女の子,,ordinary_or_context_collision,5,contextual,translate in sentence; not frozen as a chapter term,origin/main glossary checked + JP context,e9ee9faffb2ef37bee94ee3d5c9a185623af6e2a2997a85a474f8a4629c4410c,exact string match is not a context-applicable terminology match,pf:static:photonflowers11.rio.002:30631052:00098474 |  | そりゃあ…<03>…<03>純夏が女の子同士でどっか行くのに、<03>彼氏面でオレが付いていくのもアレだけどさ！<01> || pf:static:photonflowers11.rio.002:630827184:00056078 |  | 柏木は結構可愛い…<03>…<03>っていうか、<03>カッコイイしな。<0A>後輩の女の子達にもモテてるようだし、<03>男だって普通に惚れるだろ。<01> || pf:static:photonflowers11.rio.002:630827184:00084588 | 柏木 | 【柏木】「ほら、<03>そこは女の子だから…<03>…<03>認めてあげて欲しいんだよね」<01>,mechanical_scan_reviewed
photonflowers-ex-terms-v1.0,御剣さん,,regex_address_false_positive,5,contextual,sentence-level context,JP scan reviewed,fb77f496b2a4de8ef6512f9d459086209f5173314323888c082a9c36720c3437,"over-inclusive suffix regex captured a phrase, ordinary honorific, or non-address expression",pf:static:photonflowers11.rio.002:1391025672:00132673 | 純夏 | 【純夏】「ねえねえ、<03>御剣さんの家って今の家より大きいの？」<01> || pf:static:photonflowers11.rio.002:1391025672:00134385 | 純夏 | 【純夏】「御剣さんは…<03>…<03>どうしてタケルちゃんのところに来たの？　１度も聞いたことないよね？」<01> || pf:static:photonflowers11.rio.002:1391025672:00137537 | 純夏 | 【純夏】「わたしバカだから、<03>御剣さんが来てようやくそれに気づいて…<03>…<03>でも…<03>…<03>もう大ピンチ」<01>,mechanical_scan_reviewed
photonflowers-ex-terms-v1.0,母ちゃん,,regex_address_false_positive,5,contextual,sentence-level context,JP scan reviewed,fb77f496b2a4de8ef6512f9d459086209f5173314323888c082a9c36720c3437,"over-inclusive suffix regex captured a phrase, ordinary honorific, or non-address expression",pf:static:photonflowers11.rio.002:969768164:00011727 | 武 | 【武】「その日、<03>親父が出張で、<03>母ちゃん法事なんだよな…<03>…<03>誰も…<03>…<03>いないんだ」<01> || pf:static:photonflowers11.rio.002:1162587616:00045858 |  | おかしいと思ったんだよあ、<03>ホントに毎日が戦場なんじゃ、<03>母ちゃん死んじまうって。<01> || pf:static:photonflowers11.rio.002:1162587616:00067034 |  | 小学校の頃、<03>給食で食べたカレーが美味くて、<03>母ちゃんに作ってくれと頼んだことがあった。<01>,mechanical_scan_reviewed
photonflowers-ex-terms-v1.0,神代,,functional_speaker_label,5,contextual,speaker/group/role label,authoritative speaker_jp scan,fb77f496b2a4de8ef6512f9d459086209f5173314323888c082a9c36720c3437,translate label according to row context; not a reusable proper term,,mechanical_scan_reviewed
photonflowers-ex-terms-v1.0,オカルトグッズ,,ordinary_katakana_or_sound,4,contextual,sentence-level context,JP scan reviewed,fb77f496b2a4de8ef6512f9d459086209f5173314323888c082a9c36720c3437,"ordinary loanword, pronoun, slang, sound effect, or fragment; no fixed chapter terminology",pf:static:photonflowers11.rio:487590408:00085827 | 武 | 【武】「まさか委員長がオカルトグッズを集める趣味があったとはな～」<01> || pf:static:photonflowers11.rio:487590408:00095053 | 武 | 【武】「まりもちゃんに没収されないように気をつけろよ。<0A>そのオカルトグッズ」<01> || pf:static:photonflowers11.rio:487590408:00105501 | 武 | 【武】「ひいぃぃぃぃぃぃぃッ！　委員長のオカルトグッズがあ、<03>オカルトグッズがぁ！！」<01>,mechanical_scan_reviewed
photonflowers-ex-terms-v1.0,キューッ,,ordinary_katakana_or_sound,4,contextual,sentence-level context,JP scan reviewed,fb77f496b2a4de8ef6512f9d459086209f5173314323888c082a9c36720c3437,"ordinary loanword, pronoun, slang, sound effect, or fragment; no fixed chapter terminology",pf:static:photonflowers11.rio:487194916:00058856 | 純夏 | 【純夏】「色々は色々だよー。<0A>なんて言うのかな～、<03>こう、<03>身体がキューッとなるようなこととか…<03>…<03>」<01> || pf:static:photonflowers11.rio:487194916:00059344 |  | 身体がキューッ？<01> || pf:static:photonflowers11.rio:487194916:00064292 | 武 | 【武】「じ、<03>じゃあ、<03>身体がキューッってのは？」<01>,mechanical_scan_reviewed
photonflowers-ex-terms-v1.0,クソ,,ordinary_or_context_collision,4,contextual,translate in sentence; not frozen as a chapter term,origin/main glossary checked + JP context,e9ee9faffb2ef37bee94ee3d5c9a185623af6e2a2997a85a474f8a4629c4410c,exact string match is not a context-applicable terminology match,pf:static:photonflowers11.rio.002:630827184:00040428 |  | オレは融通の利かないクソ真面目人間になんかなりたくないっ！　少しぐらいバカでもシャレの分かる奴の方が楽しいって！<01> || pf:static:photonflowers11.rio.002:1291020652:00044271 | 武 | 【武】「だからいい加減にしろって言ってんだろ！　だけどもクソもねーんだよっ！！」<01> || pf:static:photonflowers11.rio:487890932:00157407 | 銀行強盗２ | 【銀行強盗２】「クソッ！　ついてねえぜ……せっかくいいトコまでいってたのに」<01>,mechanical_scan_reviewed
photonflowers-ex-terms-v1.0,クラスのみんな,,functional_speaker_label,4,contextual,speaker/group/role label,authoritative speaker_jp scan,fb77f496b2a4de8ef6512f9d459086209f5173314323888c082a9c36720c3437,translate label according to row context; not a reusable proper term,,mechanical_scan_reviewed
photonflowers-ex-terms-v1.0,コンビニ,,ordinary_katakana_or_sound,4,contextual,sentence-level context,JP scan reviewed,fb77f496b2a4de8ef6512f9d459086209f5173314323888c082a9c36720c3437,"ordinary loanword, pronoun, slang, sound effect, or fragment; no fixed chapter terminology",pf:static:photonflowers11.rio.002:30631052:00070422 |  | 昨日あれからコンビニ行って「YOKOHAMAスカイウォーカー」仕入れてきたしな、<03>映画情報もバッチリだ。<01> || pf:static:photonflowers11.rio.002:1162587616:00065602 |  | 給食のヤキソバ、<03>屋台のヤキソバ、<03>コンビニのヤキソバ…<03>…<03>そんな感じだ。<01> || pf:static:photonflowers11.rio.002:1366349532:00051342 |  | コンビニ行くと、<03>オレですら生まれてなかった頃のアニメなんかの人形をオマケにしたお菓子売ってるし。<01>,mechanical_scan_reviewed
photonflowers-ex-terms-v1.0,シャレ,,ordinary_katakana_or_sound,4,contextual,sentence-level context,JP scan reviewed,fb77f496b2a4de8ef6512f9d459086209f5173314323888c082a9c36720c3437,"ordinary loanword, pronoun, slang, sound effect, or fragment; no fixed chapter terminology",pf:static:photonflowers11.rio.002:630827184:00040428 |  | オレは融通の利かないクソ真面目人間になんかなりたくないっ！　少しぐらいバカでもシャレの分かる奴の方が楽しいって！<01> || pf:static:photonflowers11.rio.002:1366349532:00044692 | 武 | 【武】「いいや、<03>ハムだ。<0A>ハムスターのハムはシャレが効いてはいるが、<03>ちょっと食いたくはないな」<01> || pf:static:photonflowers11.rio.002:1391025672:00074203 |  | 足下ふらついて、シャレなってねーぞっ！！<01>,mechanical_scan_reviewed
photonflowers-ex-terms-v1.0,セット,,ordinary_katakana_or_sound,4,contextual,sentence-level context,JP scan reviewed,fb77f496b2a4de8ef6512f9d459086209f5173314323888c082a9c36720c3437,"ordinary loanword, pronoun, slang, sound effect, or fragment; no fixed chapter terminology",pf:static:photonflowers11.rio.002:1291020652:00024745 |  | そんなことだろうと思ったから、<03>目覚ましはしっかりセットしといたし、<03>遅刻は免れたけどさ。<01> || pf:static:photonflowers11.rio.002:1366349532:00069694 |  | お礼とか言って、<03>ハイになるクスリ注射器セットをプレゼントするようなヤツがどこにいる？<01> || pf:static:photonflowers11.rio:487417908:00134219 | 武 | 【武】「猫しっぽを購入したときにセットでついて来たんだ。<0A>まあでも、<03>たまは猫のしっぽって気がするけどな」<01>,mechanical_scan_reviewed
photonflowers-ex-terms-v1.0,ソースカツ,,ordinary_katakana_or_sound,4,contextual,sentence-level context,JP scan reviewed,fb77f496b2a4de8ef6512f9d459086209f5173314323888c082a9c36720c3437,"ordinary loanword, pronoun, slang, sound effect, or fragment; no fixed chapter terminology",pf:static:photonflowers11.rio.002:1238534540:00057126 | 尊人 | 【尊人】「あ、<03>ソースカツ丼キャベツ抜きだね」<01> || pf:static:photonflowers11.rio.002:1238534540:00060966 |  | ソースカツ丼が実在しようがしまいが、<03>オレには関係ねーじゃねーか！<01> || pf:static:photonflowers11.rio.002:1238534540:00066576 |  | あげく、<03>オレがおかしいとまで言いやがった上に、<03>わざわざソースカツ丼なんぞ作りやがって。<01>,mechanical_scan_reviewed
photonflowers-ex-terms-v1.0,テロリスト,,ordinary_katakana_or_sound,4,contextual,sentence-level context,JP scan reviewed,fb77f496b2a4de8ef6512f9d459086209f5173314323888c082a9c36720c3437,"ordinary loanword, pronoun, slang, sound effect, or fragment; no fixed chapter terminology",pf:static:photonflowers11.rio.002:1366349532:00049390 | 武 | 【武】「昔さ、<03>ＴＶで『宇宙書記長ゴルバン』っていう番組があったんだけど…<03>…<03>それに出てくる宇宙テロリスト」<01> || pf:static:photonflowers11.rio.002:1366349532:00058310 | 壬姫 | 【壬姫】「でも、<03>宇宙テロリストはやりすぎだよ？」<01> || pf:static:photonflowers11.rio.002:1366349532:00068464 |  | さっきの宇宙テロリストですら、<03>たまは半永久ループに突入したというのに…<03>…<03>それにさらに猫じゃらしがついてくるとは！！<01>,mechanical_scan_reviewed
photonflowers-ex-terms-v1.0,ネタ,,ordinary_katakana_or_sound,4,contextual,sentence-level context,JP scan reviewed,fb77f496b2a4de8ef6512f9d459086209f5173314323888c082a9c36720c3437,"ordinary loanword, pronoun, slang, sound effect, or fragment; no fixed chapter terminology",pf:static:photonflowers11.rio:487194916:00045674 |  | 新学期以来、<03>何かとそのネタをオレに振りかざしやがって…<03>…<03>。<01> || pf:static:photonflowers11.rio.002:1391025672:00086347 | 武 | 【武】「オレと純夏の問題は、<03>そんなに面白いか？　作戦とか言って暇つぶしのネタにするぐらい面白いかよっ！」<01> || pf:static:photonflowers11.rio.002:1391025672:00086811 | 千鶴 | 【千鶴】「ひ、<03>暇つぶしのネタだなんて…<03>…<03>思ってない…<03>…<03>」<01>,mechanical_scan_reviewed
photonflowers-ex-terms-v1.0,ハイ,,ordinary_katakana_or_sound,4,contextual,sentence-level context,JP scan reviewed,fb77f496b2a4de8ef6512f9d459086209f5173314323888c082a9c36720c3437,"ordinary loanword, pronoun, slang, sound effect, or fragment; no fixed chapter terminology",pf:static:photonflowers11.rio.002:1366349532:00069694 |  | お礼とか言って、<03>ハイになるクスリ注射器セットをプレゼントするようなヤツがどこにいる？<01> || pf:static:photonflowers11.rio:487890932:00198947 | 支店長 | 【支店長】「いや何、私共の善意を逆恨みして、過激な行動を取るあなた方のような方々をあぶり出すための……いわば積極的防衛策です――ハイ」<01> || pf:static:photonflowers11.rio:487890932:00199557 | 支店長 | 【支店長】「大人しく諦めていれば手荒なマネはしなくて済んだのですが。残念です……非常に残念です――ハイ」<01>,mechanical_scan_reviewed
photonflowers-ex-terms-v1.0,ハム,,ordinary_katakana_or_sound,4,contextual,sentence-level context,JP scan reviewed,fb77f496b2a4de8ef6512f9d459086209f5173314323888c082a9c36720c3437,"ordinary loanword, pronoun, slang, sound effect, or fragment; no fixed chapter terminology",pf:static:photonflowers11.rio.002:1366349532:00044170 | 武 | 【武】「うん…<03>…<03>まだこっちの方が純夏らしいな。<0A>贅沢を言えば、<03>ハムとかそういうヤツの方がもっとらしいんだが」<01> || pf:static:photonflowers11.rio.002:1366349532:00044572 | 壬姫 | 【壬姫】「ハム？　ハムスター？」<01> || pf:static:photonflowers11.rio.002:1366349532:00044692 | 武 | 【武】「いいや、<03>ハムだ。<0A>ハムスターのハムはシャレが効いてはいるが、<03>ちょっと食いたくはないな」<01>,mechanical_scan_reviewed
photonflowers-ex-terms-v1.0,ビビ,,ordinary_katakana_or_sound,4,contextual,sentence-level context,JP scan reviewed,fb77f496b2a4de8ef6512f9d459086209f5173314323888c082a9c36720c3437,"ordinary loanword, pronoun, slang, sound effect, or fragment; no fixed chapter terminology",pf:static:photonflowers11.rio.002:1391025672:00156873 |  | あの時は純夏と冥夜の気持ちを知って…<03>…<03>正直ビビってたっけ。<01> || pf:static:photonflowers11.rio:487283344:00102462 | 武 | 【武】「────！　す、<03>純夏…<03>…<03>ビビらすなよ」<01> || pf:static:photonflowers11.rio:487716956:00109339 | 慧 | 【慧】「…<03>…<03>ビビるよ？」<01>,mechanical_scan_reviewed
photonflowers-ex-terms-v1.0,ファイッ,,ordinary_katakana_or_sound,4,contextual,sentence-level context,JP scan reviewed,fb77f496b2a4de8ef6512f9d459086209f5173314323888c082a9c36720c3437,"ordinary loanword, pronoun, slang, sound effect, or fragment; no fixed chapter terminology",pf:static:photonflowers11.rio.002:1602830768:00111525 | 千鶴 | <05>【千鶴】「Ｂ組～～～～ファイッ！」 || pf:static:photonflowers11.rio.002:1602830768:00111695 | 千鶴 | <05>【千鶴】「ファイッ！」 || pf:static:photonflowers11.rio.002:1602830768:00111831 | 千鶴 | <05>【千鶴】「ファイッ！」,mechanical_scan_reviewed
photonflowers-ex-terms-v1.0,マシ,,ordinary_katakana_or_sound,4,contextual,sentence-level context,JP scan reviewed,fb77f496b2a4de8ef6512f9d459086209f5173314323888c082a9c36720c3437,"ordinary loanword, pronoun, slang, sound effect, or fragment; no fixed chapter terminology",pf:static:photonflowers11.rio.002:630827184:00039310 | 武 | 【武】「明日のオレは、<03>今日のオレよりちょっとだけマシになるからさー！　委員長に教えを請うのはやめてくれ！」<01> || pf:static:photonflowers11.rio.002:1291020652:00032297 | 千鶴 | 【千鶴】「その通りね…<03>…<03>今日の朝も昨日みたいにやってたら、<03>まだマシだったかもしれない」<01> || pf:static:photonflowers11.rio.002:1495411112:00025641 |  | 純夏もちょっと困惑してるみたいだし…<03>…<03>前よりはマシになったけど、<03>クラスがギクシャクしてるのは変わらない。<01>,mechanical_scan_reviewed
photonflowers-ex-terms-v1.0,モヤモヤ,,ordinary_katakana_or_sound,4,contextual,sentence-level context,JP scan reviewed,fb77f496b2a4de8ef6512f9d459086209f5173314323888c082a9c36720c3437,"ordinary loanword, pronoun, slang, sound effect, or fragment; no fixed chapter terminology",pf:static:photonflowers11.rio.002:186673440:00156065 | 冥夜 | 【冥夜】「……実は日本に近づくにつれ、心が乱され、胸の辺りがモヤモヤして睡眠もままならんのだ」<01> || pf:static:photonflowers11.rio.002:186673440:00156435 | 月詠 | 【月詠】「心が乱され……モヤモヤ……ですか？」<01> || pf:static:photonflowers11.rio.002:186673440:00159355 | 月詠 | 【月詠】「冥夜様の心の乱れや胸のモヤモヤの正体を教えて差し上げます」<01>,mechanical_scan_reviewed
photonflowers-ex-terms-v1.0,ヤキソバパン,,ordinary_katakana_or_sound,4,contextual,sentence-level context,JP scan reviewed,fb77f496b2a4de8ef6512f9d459086209f5173314323888c082a9c36720c3437,"ordinary loanword, pronoun, slang, sound effect, or fragment; no fixed chapter terminology",pf:static:photonflowers11.rio:487716956:00103205 | オヤジ | 【オヤジ】「ほう…<03>…<03>コッペパンか。<0A>長年屋台をやってるけど、<03>ヤキソバパンにしてくれと言われたのは初めてだぜ。<0A>ちょい待ち、<03>すぐに用意してやる」<01> || pf:static:photonflowers11.rio:487716956:00108445 |  | ヤキソバパン、<03>究極、<03>至高の世界。<01> || pf:static:photonflowers11.rio:487716956:00131661 |  | ヤキソバパンしかない。<01>,mechanical_scan_reviewed
photonflowers-ex-terms-v1.0,全員,,functional_speaker_label,4,contextual,speaker/group/role label,authoritative speaker_jp scan,fb77f496b2a4de8ef6512f9d459086209f5173314323888c082a9c36720c3437,translate label according to row context; not a reusable proper term,,mechanical_scan_reviewed
photonflowers-ex-terms-v1.0,巴,,functional_speaker_label,4,contextual,speaker/group/role label,authoritative speaker_jp scan,fb77f496b2a4de8ef6512f9d459086209f5173314323888c082a9c36720c3437,translate label according to row context; not a reusable proper term,,mechanical_scan_reviewed
photonflowers-ex-terms-v1.0,男の声３,,functional_speaker_label,4,contextual,speaker/group/role label,authoritative speaker_jp scan,fb77f496b2a4de8ef6512f9d459086209f5173314323888c082a9c36720c3437,translate label according to row context; not a reusable proper term,,mechanical_scan_reviewed
photonflowers-ex-terms-v1.0,皆様,,regex_address_false_positive,4,contextual,sentence-level context,JP scan reviewed,fb77f496b2a4de8ef6512f9d459086209f5173314323888c082a9c36720c3437,"over-inclusive suffix regex captured a phrase, ordinary honorific, or non-address expression",pf:static:photonflowers11.rio.002:1602830768:00128657 | 月詠 | 【月詠】「皆様ご無沙汰致しております。<0A>本日はご卒業おめでとうございます」<01> || pf:static:photonflowers11.rio.002:1602830768:00134847 | 月詠 | 【月詠】「さ、<03>皆様にお配りして差し上げなさい」<01> || pf:static:photonflowers11.rio.002:1602830768:00138213 | 月詠 | 【月詠】「では、<03>皆様…<03>…<03>ごきげんよう…<03>…<03>…<03>…<03>」<01>,mechanical_scan_reviewed
photonflowers-ex-terms-v1.0,響,,ordinary_or_context_collision,4,contextual,translate in sentence; not frozen as a chapter term,origin/main glossary checked + JP context,e9ee9faffb2ef37bee94ee3d5c9a185623af6e2a2997a85a474f8a4629c4410c,exact string match is not a context-applicable terminology match,pf:static:photonflowers11.rio:487194916:00070838 |  | 「デート」って言葉の響きが――ただの「お出かけ」とは違う、<03>「恋人同士の必修科目」みたいな意味を持っちまっていて、<03>それに改まっておまえを誘う事がどこか気恥ずかしいんだ…<03>…<03>。<01> || pf:static:photonflowers11.rio:487283344:00105394 | 純夏 | 【純夏】「無理すると、<03>体に響くよ」<01> || pf:static:photonflowers11.rio:487890932:00107721 |  | 天然型などはその典型で、本人にそのつもりがなく、周囲もそれと気付かず振り回されてしまうという、恐ろしい隠密性と強力な影響力を持っています。<01>,mechanical_scan_reviewed
photonflowers-ex-terms-v1.0,だからタケルちゃん,,regex_address_false_positive,3,contextual,sentence-level context,JP scan reviewed,fb77f496b2a4de8ef6512f9d459086209f5173314323888c082a9c36720c3437,"over-inclusive suffix regex captured a phrase, ordinary honorific, or non-address expression",pf:static:photonflowers11.rio.002:1162587616:00057534 | 純夏 | 【純夏】「う～、<03>だからタケルちゃんには、<03>出来るまで待ってて欲しかったのになー」<01> || pf:static:photonflowers11.rio.002:1162587616:00080300 | 純夏 | 【純夏】「あり得ないっ！　おかしいのはタケルちゃん！　だからタケルちゃんが合わせて」<01> || pf:static:photonflowers11.rio.002:1391025672:00135283 | 純夏 | 【純夏】「だからタケルちゃんは、<03>わたしの前にいるのが当たり前で…<03>…<03>この関係はずっと続くんだって思ってた…<03>…<03>」<01>,mechanical_scan_reviewed
photonflowers-ex-terms-v1.0,ちょっと白銀君,,regex_address_false_positive,3,contextual,sentence-level context,JP scan reviewed,fb77f496b2a4de8ef6512f9d459086209f5173314323888c082a9c36720c3437,"over-inclusive suffix regex captured a phrase, ordinary honorific, or non-address expression",pf:static:photonflowers11.rio:487194916:00039032 | 千鶴 | 【千鶴】「ちょっと白銀君！　ちゃんとやりなさいよっ！」<01> || pf:static:photonflowers11.rio:487417908:00110093 | 千鶴 | 【千鶴】「ちょっと白銀君！　バカやってないでさっさと出て行きなさいよ！　珠瀬さん、<03>まだ着替え中で…<03>…<03>…<03>…<03>あっ！」<01> || pf:static:photonflowers11.rio:487417908:00151189 | 千鶴 | 【千鶴】「ちょっと白銀君、<03>だから…<03>…<03>」<01>,mechanical_scan_reviewed
photonflowers-ex-terms-v1.0,アレコレ,,ordinary_katakana_or_sound,3,contextual,sentence-level context,JP scan reviewed,fb77f496b2a4de8ef6512f9d459086209f5173314323888c082a9c36720c3437,"ordinary loanword, pronoun, slang, sound effect, or fragment; no fixed chapter terminology",pf:static:photonflowers11.rio.002:30631052:00074578 |  | 人がせっかくアレコレ考えて準備して誘ってるっていうのに！<01> || pf:static:photonflowers11.rio.002:630827184:00062264 |  | 学校の先生にはアレコレ言われるけどさ、<03>守ってる奴なんていないと思ってたよ。<01> || pf:static:photonflowers11.rio.002:1162587616:00079142 | 武 | 【武】「いいじゃねーか。<0A>人の好みにアレコレ口出すなよ」<01>,mechanical_scan_reviewed
photonflowers-ex-terms-v1.0,ウソ,,ordinary_katakana_or_sound,3,contextual,sentence-level context,JP scan reviewed,fb77f496b2a4de8ef6512f9d459086209f5173314323888c082a9c36720c3437,"ordinary loanword, pronoun, slang, sound effect, or fragment; no fixed chapter terminology",pf:static:photonflowers11.rio.002:30631052:00071980 | 武 | 【武】「ウソだな。目が泳いでたぞ」<01> || pf:static:photonflowers11.rio:487716956:00132689 | 武 | 【武】「真顔でウソ吐くな…<03>…<03>って、<03>おまえ、<03>ひな鳥にそんなもん食わせるなよ！　ちゃんと食い物調べたのか？」<01> || pf:static:photonflowers11.rio:487716956:00135655 | 武 | 【武】「バカはおまえだ！！　それになんだ、<03>そのウソくせぇ驚きは！」<01>,mechanical_scan_reviewed
photonflowers-ex-terms-v1.0,オー,,ordinary_katakana_or_sound,3,contextual,sentence-level context,JP scan reviewed,fb77f496b2a4de8ef6512f9d459086209f5173314323888c082a9c36720c3437,"ordinary loanword, pronoun, slang, sound effect, or fragment; no fixed chapter terminology",pf:static:photonflowers11.rio.002:1602830768:00111631 | 全員 | <05>【全員】「オー！」 || pf:static:photonflowers11.rio.002:1602830768:00111767 | 全員 | <05>【全員】「オー！」 || pf:static:photonflowers11.rio.002:1602830768:00111903 | 全員 | <05>【全員】「オー！」,mechanical_scan_reviewed
photonflowers-ex-terms-v1.0,カッ,,ordinary_katakana_or_sound,3,contextual,sentence-level context,JP scan reviewed,fb77f496b2a4de8ef6512f9d459086209f5173314323888c082a9c36720c3437,"ordinary loanword, pronoun, slang, sound effect, or fragment; no fixed chapter terminology",pf:static:photonflowers11.rio.002:1322667676:00078460 | 千鶴 | 【千鶴】「ついカッとなって…<03>…<03>言い過ぎた」<01> || pf:static:photonflowers11.rio.002:1322667676:00078660 | 武 | 【武】「カッとなって言い過ぎた？　ってことは、<03>言い方はさておき、<03>同じことを言おうとは思ってたってことか？」<01> || pf:static:photonflowers11.rio.002:1366349532:00041346 |  | あいつの態度についカッとなってしまった。<01>,mechanical_scan_reviewed
photonflowers-ex-terms-v1.0,キャベツ,,ordinary_katakana_or_sound,3,contextual,sentence-level context,JP scan reviewed,fb77f496b2a4de8ef6512f9d459086209f5173314323888c082a9c36720c3437,"ordinary loanword, pronoun, slang, sound effect, or fragment; no fixed chapter terminology",pf:static:photonflowers11.rio.002:1238534540:00057126 | 尊人 | 【尊人】「あ、<03>ソースカツ丼キャベツ抜きだね」<01> || pf:static:photonflowers11.rio:487716956:00116241 |  | キャベツの甘みとソースの辛み、<03>豚肉の歯ごたえと麺の食感…<03>…<03>…<03>…<03>どれも絶品。<01> || pf:static:photonflowers11.rio:487716956:00132063 |  | 中のキャベツも１０年早いね。<01>,mechanical_scan_reviewed
photonflowers-ex-terms-v1.0,キーホルダー,,ordinary_katakana_or_sound,3,contextual,sentence-level context,JP scan reviewed,fb77f496b2a4de8ef6512f9d459086209f5173314323888c082a9c36720c3437,"ordinary loanword, pronoun, slang, sound effect, or fragment; no fixed chapter terminology",pf:static:photonflowers11.rio.002:1366349532:00061090 |  | この辺りは…<03>…<03>キーホルダーか…<03>…<03>まあこれも無難なところだよな。<01> || pf:static:photonflowers11.rio.002:1366349532:00061524 |  | あ、<03>これ…<03>…<03>このガラス細工のキーホルダー…<03>…<03>トロロだ！<01> || pf:static:photonflowers11.rio.002:1366349532:00063898 |  | 結局同じキーホルダーかよってツッコミは置いといて、<03>だ。<01>,mechanical_scan_reviewed
photonflowers-ex-terms-v1.0,クラスメイト,,ordinary_katakana_or_sound,3,contextual,sentence-level context,JP scan reviewed,fb77f496b2a4de8ef6512f9d459086209f5173314323888c082a9c36720c3437,"ordinary loanword, pronoun, slang, sound effect, or fragment; no fixed chapter terminology",pf:static:photonflowers11.rio.002:630827184:00066624 |  | だから、<03>柏木がクラスメイトじゃなくなるなんて事、<03>今初めて実感したな…<03>…<03>。<01> || pf:static:photonflowers11.rio.002:1602830768:00127483 | まりも | 【まりも】「みんなには大切なクラスメイトが残っているわよね？」<01> || pf:static:photonflowers11.rio:487283344:00111120 |  | それとも…<03>…<03>ただのクラスメイトになってたのかな。<01>,mechanical_scan_reviewed
photonflowers-ex-terms-v1.0,クリスマス,,ordinary_katakana_or_sound,3,contextual,sentence-level context,JP scan reviewed,fb77f496b2a4de8ef6512f9d459086209f5173314323888c082a9c36720c3437,"ordinary loanword, pronoun, slang, sound effect, or fragment; no fixed chapter terminology",pf:static:photonflowers11.rio:487194916:00058170 | 純夏 | 【純夏】「だってさ、<03>クリスマスの時とかすごく優しかったから…<03>…<03>もっと色々あると思ったんだもん」<01> || pf:static:photonflowers11.rio:487194916:00063524 | 純夏 | 【純夏】「そうだよー。<0A>クリスマスの時１回だけじゃない、<03>デートしたの。<0A>あの時のタケルちゃん、<03>凄く優しくて…<03>…<03>」<01> || pf:static:photonflowers11.rio:487716956:00124629 | 純夏 | 【純夏】「あ、<03>うん…<03>…<03>…<03>…<03>あ、<03>これ、<03>タケルちゃんにもらったやつだ。<0A>ほらほら、<03>クリスマスのやつ、<03>覚えてる？」<01>,mechanical_scan_reviewed
photonflowers-ex-terms-v1.0,コイツ,,ordinary_katakana_or_sound,3,contextual,sentence-level context,JP scan reviewed,fb77f496b2a4de8ef6512f9d459086209f5173314323888c082a9c36720c3437,"ordinary loanword, pronoun, slang, sound effect, or fragment; no fixed chapter terminology",pf:static:photonflowers11.rio.002:1097218736:00039014 | 武 | 【武】「それじゃ、<03>オレはコイツを頂いてから寝るとするかな」<01> || pf:static:photonflowers11.rio.002:1602830768:00125849 |  | くそっ…<03>…<03>今すぐにでもコイツを渡してしまいたい。<01> || pf:static:photonflowers11.rio.002:1602830768:00178947 |  | いかんいかん、<03>コイツを忘れてた。<01>,mechanical_scan_reviewed
photonflowers-ex-terms-v1.0,ゴルバン,,ordinary_katakana_or_sound,3,contextual,sentence-level context,JP scan reviewed,fb77f496b2a4de8ef6512f9d459086209f5173314323888c082a9c36720c3437,"ordinary loanword, pronoun, slang, sound effect, or fragment; no fixed chapter terminology",pf:static:photonflowers11.rio.002:1366349532:00049390 | 武 | 【武】「昔さ、<03>ＴＶで『宇宙書記長ゴルバン』っていう番組があったんだけど…<03>…<03>それに出てくる宇宙テロリスト」<01> || pf:static:photonflowers11.rio.002:1366349532:00049804 | 壬姫 | 【壬姫】「宇宙書記長？　ゴルバン？」<01> || pf:static:photonflowers11.rio:487283344:00073390 | たける | 【たける】「うちゅうしょきちょう！　ゴルバン！！　じょうちゃ────」<01>,mechanical_scan_reviewed
photonflowers-ex-terms-v1.0,サイン,,ordinary_katakana_or_sound,3,contextual,sentence-level context,JP scan reviewed,fb77f496b2a4de8ef6512f9d459086209f5173314323888c082a9c36720c3437,"ordinary loanword, pronoun, slang, sound effect, or fragment; no fixed chapter terminology",pf:static:photonflowers11.rio.002:1238534540:00054822 |  | そうだよな…<03>…<03>別に大げんかするほどのことでもないし。<0A>仲直りのサインってやつか？<01> || pf:static:photonflowers11.rio.002:1602830768:00087099 |  | 先輩は、<03>白いのはさすがに寂しいだろ？　なんて、<03>ガラにも無いこと言ってたから、<03>デカデカとサインしてやったけどな。<01> || pf:static:photonflowers11.rio.002:1602830768:00176893 | 武 | 【武】「お？　なら１発サインを頼む！　将来高値が付いたら売っぱらうから！」<01>,mechanical_scan_reviewed
photonflowers-ex-terms-v1.0,ショウガ,,ordinary_katakana_or_sound,3,contextual,sentence-level context,JP scan reviewed,fb77f496b2a4de8ef6512f9d459086209f5173314323888c082a9c36720c3437,"ordinary loanword, pronoun, slang, sound effect, or fragment; no fixed chapter terminology",pf:static:photonflowers11.rio:487716956:00104541 | 慧 | 【慧】「…<03>…<03>紅ショウガ」<01> || pf:static:photonflowers11.rio:487716956:00104731 |  | 紅ショウガの漬け汁もしっかりきってある…<03>…<03>さすがだね。<01> || pf:static:photonflowers11.rio:487716956:00131939 |  | 紅ショウガはあげないよ。<01>,mechanical_scan_reviewed
photonflowers-ex-terms-v1.0,ストップ,,ordinary_katakana_or_sound,3,contextual,sentence-level context,JP scan reviewed,fb77f496b2a4de8ef6512f9d459086209f5173314323888c082a9c36720c3437,"ordinary loanword, pronoun, slang, sound effect, or fragment; no fixed chapter terminology",pf:static:photonflowers11.rio:487194916:00061956 | 武 | 【武】「ストップ、<03>ストップだっ！！　それ以上はいかん！　その方向はまだ早いと思うぞ！」<01> || pf:static:photonflowers11.rio:487194916:00061956 | 武 | 【武】「ストップ、<03>ストップだっ！！　それ以上はいかん！　その方向はまだ早いと思うぞ！」<01> || pf:static:photonflowers11.rio.002:1322667676:00112678 | 夕呼 | 【夕呼】「はい、<03>ストップ」<01>,mechanical_scan_reviewed
photonflowers-ex-terms-v1.0,タイミング,,ordinary_katakana_or_sound,3,contextual,sentence-level context,JP scan reviewed,fb77f496b2a4de8ef6512f9d459086209f5173314323888c082a9c36720c3437,"ordinary loanword, pronoun, slang, sound effect, or fragment; no fixed chapter terminology",pf:static:photonflowers11.rio.002:30631052:00068628 |  | こういう照れる話は、<03>朝の方がしやすいんだ。<0A>心の準備したりタイミングとかあれこれ考えなくて済むし…<03>…<03>。<01> || pf:static:photonflowers11.rio.002:30631052:00105600 |  | さっきの純夏じゃないけど、<03>タイミングを逃して言いづらくなってから、<03>みんなには何となく後ろめたい気持ちはあったが…<03>…<03>。<01> || pf:static:photonflowers11.rio.002:1391025672:00080939 | 慧 | 【慧】「違う。白銀のせいで鑑が来るタイミングが早くなったのが原因」<01>,mechanical_scan_reviewed
photonflowers-ex-terms-v1.0,チャンス,,ordinary_katakana_or_sound,3,contextual,sentence-level context,JP scan reviewed,fb77f496b2a4de8ef6512f9d459086209f5173314323888c082a9c36720c3437,"ordinary loanword, pronoun, slang, sound effect, or fragment; no fixed chapter terminology",pf:static:photonflowers11.rio.002:969768164:00012125 |  | これはチャンスだろ？　どう考えても、<03>お節介焼きの神様のお慈悲だろ？<01> || pf:static:photonflowers11.rio.002:1391025672:00124617 | 福引係 | 【福引係】「さあさあ、<03>遠慮なさらずに！　この福引きは先着１名様限りのものなのです！　このチャンスを逃す手はございません！」<01> || pf:static:photonflowers11.rio:487890932:00164531 | 銀行強盗１ | 【銀行強盗１】「これだけの騒ぎを起こしたんだ……裁判になればマスコミも注目する。動機を証言するチャンスもある」<01>,mechanical_scan_reviewed
photonflowers-ex-terms-v1.0,トラブル,,ordinary_or_context_collision,3,contextual,translate in sentence; not frozen as a chapter term,origin/main glossary checked + JP context,e9ee9faffb2ef37bee94ee3d5c9a185623af6e2a2997a85a474f8a4629c4410c,exact string match is not a context-applicable terminology match,pf:static:photonflowers11.rio.002:30631052:00091090 |  | …<03>…<03>いや、<03>ないない。<0A>トラブル大好物のあの人に限ってそれは絶対ない。<01> || pf:static:photonflowers11.rio.002:1238534540:00042144 | 千鶴 | 【千鶴】「ホント、<03>よくよくトラブル持ち込んでくれるわねえ…<03>…<03>」<01> || pf:static:photonflowers11.rio.002:1322667676:00072082 |  | 分かり切ってるな。トラブルに首を突っ込むのが大好物だからだ。<01>,mechanical_scan_reviewed
photonflowers-ex-terms-v1.0,ドバーッ,,ordinary_katakana_or_sound,3,contextual,sentence-level context,JP scan reviewed,fb77f496b2a4de8ef6512f9d459086209f5173314323888c082a9c36720c3437,"ordinary loanword, pronoun, slang, sound effect, or fragment; no fixed chapter terminology",pf:static:photonflowers11.rio:487194916:00060720 | 純夏 | 【純夏】「いいよ…<03>…<03>タケルちゃん…<03>…<03>ドバーッと来て！」<01> || pf:static:photonflowers11.rio:487194916:00064928 | 武 | 【武】「…<03>…<03>激しくドバーッてのは？」<01> || pf:static:photonflowers11.rio:487194916:00065110 | 純夏 | 【純夏】「遊園地でジェットコースターとか！　激しくドバーッと発散できるよっ！」<01>,mechanical_scan_reviewed
photonflowers-ex-terms-v1.0,ハンカチ,,ordinary_katakana_or_sound,3,contextual,sentence-level context,JP scan reviewed,fb77f496b2a4de8ef6512f9d459086209f5173314323888c082a9c36720c3437,"ordinary loanword, pronoun, slang, sound effect, or fragment; no fixed chapter terminology",pf:static:photonflowers11.rio:487590408:00098961 |  | それに…<03>…<03>今日部活で使おうと思っていたタオルとハンカチ。<01> || pf:static:photonflowers11.rio:487716956:00124383 | 武 | 【武】「だ～、<03>うるせ～！　さっさと純夏がハンカチ出せばいいだろうが！！」<01> || pf:static:photonflowers11.rio:487716956:00125705 | 純夏 | 【純夏】「はい、<03>ハンカチ」<01>,mechanical_scan_reviewed
photonflowers-ex-terms-v1.0,バッチリ,,ordinary_katakana_or_sound,3,contextual,sentence-level context,JP scan reviewed,fb77f496b2a4de8ef6512f9d459086209f5173314323888c082a9c36720c3437,"ordinary loanword, pronoun, slang, sound effect, or fragment; no fixed chapter terminology",pf:static:photonflowers11.rio:487194916:00072892 |  | 心はバッチリ決まってるんだけどな。<01> || pf:static:photonflowers11.rio.002:30631052:00070422 |  | 昨日あれからコンビニ行って「YOKOHAMAスカイウォーカー」仕入れてきたしな、<03>映画情報もバッチリだ。<01> || pf:static:photonflowers11.rio.002:1602830768:00138691 |  | そんなことをしたら、<03>月詠さんから冥夜にバッチリ報告が行って、<03>オレは女々しいヤツだと冥夜に笑われるだろう。<01>,mechanical_scan_reviewed
photonflowers-ex-terms-v1.0,バランス,,ordinary_katakana_or_sound,3,contextual,sentence-level context,JP scan reviewed,fb77f496b2a4de8ef6512f9d459086209f5173314323888c082a9c36720c3437,"ordinary loanword, pronoun, slang, sound effect, or fragment; no fixed chapter terminology",pf:static:photonflowers11.rio:487590408:00100349 |  | …<03>…<03>…<03>…<03>眉毛にバランスをあわせて、<03>目を少し離して…<03>…<03>そうだ、<03>目を下のほうに下げると生物学的にかわいいっていう記号だって聞いたことがあるわ！<01> || pf:static:photonflowers11.rio:487716956:00143327 | 慧 | 【慧】「ヤキソバは総合健康バランス食」<01> || pf:static:photonflowers11.rio:487716956:00147185 | 慧 | 【慧】「ヤキソバは総合健康バランス食」<01>,mechanical_scan_reviewed
photonflowers-ex-terms-v1.0,バレンタイン,,ordinary_katakana_or_sound,3,contextual,sentence-level context,JP scan reviewed,fb77f496b2a4de8ef6512f9d459086209f5173314323888c082a9c36720c3437,"ordinary loanword, pronoun, slang, sound effect, or fragment; no fixed chapter terminology",pf:static:photonflowers11.rio.002:1097218736:00019494 |  | そうか…<03>…<03>２月１４日…<03>…<03>バレンタインか。<01> || pf:static:photonflowers11.rio.002:1097218736:00026336 | 武 | 【武】「でも、<03>バレンタインにチョコはわかるがケーキって…<03>…<03>随分とまた…<03>…<03>」<01> || pf:static:photonflowers11.rio.002:1097218736:00026728 | 純夏 | 【純夏】「記念すべき最初のバレンタインだもん！　そりゃあわたしだって…<03>…<03>頑張っちゃうよ」<01>,mechanical_scan_reviewed
photonflowers-ex-terms-v1.0,バーカバーカバーカ,,ordinary_katakana_or_sound,3,contextual,sentence-level context,JP scan reviewed,fb77f496b2a4de8ef6512f9d459086209f5173314323888c082a9c36720c3437,"ordinary loanword, pronoun, slang, sound effect, or fragment; no fixed chapter terminology",pf:static:photonflowers11.rio:487283344:00123398 | 純夏 | 【純夏】「バーカバーカバーカ！」<01> || pf:static:photonflowers11.rio:487417908:00116331 | 純夏 | 【純夏】「や～い、<03>タケルちゃんのバーカバーカバーカ」<01> || pf:static:photonflowers11.rio:487417908:00143897 | 純夏 | 【純夏】「や～い、<03>バーカバーカバーカ」<01>,mechanical_scan_reviewed
photonflowers-ex-terms-v1.0,ヘン,,ordinary_katakana_or_sound,3,contextual,sentence-level context,JP scan reviewed,fb77f496b2a4de8ef6512f9d459086209f5173314323888c082a9c36720c3437,"ordinary loanword, pronoun, slang, sound effect, or fragment; no fixed chapter terminology",pf:static:photonflowers11.rio.002:1238534540:00063816 | 柏木 | 【柏木】「…<03>…<03>ヘンな喧嘩だね」<01> || pf:static:photonflowers11.rio.002:1391025672:00140345 | 純夏 | 【純夏】「あははっ！　タケルちゃん顔ヘン！」<01> || pf:static:photonflowers11.rio:487890932:00155803 | 銀行強盗２ | 【銀行強盗２】「ああ……けどよ、こいつ……絶対ヘンだよ。人質の自覚ねぇーよ！」<01>,mechanical_scan_reviewed
photonflowers-ex-terms-v1.0,ムカツク,,ordinary_katakana_or_sound,3,contextual,sentence-level context,JP scan reviewed,fb77f496b2a4de8ef6512f9d459086209f5173314323888c082a9c36720c3437,"ordinary loanword, pronoun, slang, sound effect, or fragment; no fixed chapter terminology",pf:static:photonflowers11.rio:487283344:00084804 |  | 冗談で言ったのに、<03>ムカツクよ。<01> || pf:static:photonflowers11.rio:487283344:00118242 |  | なんだかちょっとムカツクけど…<03>…<03>こういうのは楽しいからいいのかなって…<03>…<03>…<03>…<03>許せちゃう。<01> || pf:static:photonflowers11.rio:487283344:00119948 |  | …<03>…<03>…<03>…<03>なんかムカツクけど…<03>…<03>でも…<03>…<03><01>,mechanical_scan_reviewed
photonflowers-ex-terms-v1.0,モタモタ,,ordinary_katakana_or_sound,3,contextual,sentence-level context,JP scan reviewed,fb77f496b2a4de8ef6512f9d459086209f5173314323888c082a9c36720c3437,"ordinary loanword, pronoun, slang, sound effect, or fragment; no fixed chapter terminology",pf:static:photonflowers11.rio.002:30631052:00118122 | 夕呼 | 【夕呼】「何いってんのよ。<0A>あんたがモタモタしてるから手伝ってあげたんじゃない」<01> || pf:static:photonflowers11.rio.002:1533930220:00031357 |  | やべっ！　モタモタしてたらバイトに遅れちまうっ！<01> || pf:static:photonflowers11.rio:487890932:00146035 | 銀行強盗１ | 【銀行強盗１】「こいつがモタモタしているから逃げ遅れて包囲されちまったんだよッ！」<01>,mechanical_scan_reviewed
photonflowers-ex-terms-v1.0,ラップ,,ordinary_katakana_or_sound,3,contextual,sentence-level context,JP scan reviewed,fb77f496b2a4de8ef6512f9d459086209f5173314323888c082a9c36720c3437,"ordinary loanword, pronoun, slang, sound effect, or fragment; no fixed chapter terminology",pf:static:photonflowers11.rio:487716956:00106305 |  | あとは、<03>ラップすれば完璧。<01> || pf:static:photonflowers11.rio:487716956:00123295 | 慧 | 【慧】「…<03>…<03>ほら、<03>ラップしかないから」<01> || pf:static:photonflowers11.rio:487716956:00123455 |  | ラップでくるむと、<03>なんか食べ物っぽいから。<01>,mechanical_scan_reviewed
photonflowers-ex-terms-v1.0,女の人,,functional_speaker_label,3,contextual,speaker/group/role label,authoritative speaker_jp scan,fb77f496b2a4de8ef6512f9d459086209f5173314323888c082a9c36720c3437,translate label according to row context; not a reusable proper term,,mechanical_scan_reviewed
photonflowers-ex-terms-v1.0,掃除,,quoted_sentence_or_local_expression,3,contextual,preserve quoted function in its sentence,JP scan reviewed,fb77f496b2a4de8ef6512f9d459086209f5173314323888c082a9c36720c3437,"most captures are full quotations, headings, or ordinary emphasized words rather than reusable terms",pf:static:photonflowers11.rio:487590408:00091011 | 千鶴 | 【千鶴】「『掃除』って概念が理解できてないんだから、<03>監視されて当然でしょ？」<01> || pf:static:photonflowers11.rio:487590408:00091537 | 千鶴 | 【千鶴】「はいはい、<03>バカにされたくないんだったら、<03>ちゃんと『掃除』できることを証明してちょうだい」<01> || pf:static:photonflowers11.rio:487590408:00093109 | 千鶴 | 【千鶴】「はいはい、<03>楽しみね。<0A>あなたもつまんない事で社会不適格者にならないように、<03>『掃除』くらいまともにできるようになっておいた方がいいわよ？」<01>,mechanical_scan_reviewed
photonflowers-ex-terms-v1.0,標的とする殿,,regex_address_false_positive,3,contextual,sentence-level context,JP scan reviewed,fb77f496b2a4de8ef6512f9d459086209f5173314323888c082a9c36720c3437,"over-inclusive suffix regex captured a phrase, ordinary honorific, or non-address expression",pf:static:photonflowers11.rio:487890932:00099101 |  | 標的とする殿方がその存在価値や心の距離、または自身に寄せられている想いを自覚していない場合が多く、いかにそれを気付かせずに迅速に事を運ぶかが勝敗を左右する大きな要素です。<02><0A><0A> || pf:static:photonflowers11.rio:487890932:00108717 |  | 上司属と同様、標的とする殿方がその場に居合わせないようにするよう、日常的な注意が必要です。<01> || pf:static:photonflowers11.rio:487890932:00110203 |  | 大きな枠組みの中では親友属に含まれ、幼なじみ属と同様、標的とする殿方に非常に接近している存在です。<01>,mechanical_scan_reviewed
photonflowers-ex-terms-v1.0,謎の人物Ａ,,functional_speaker_label,3,contextual,speaker/group/role label,authoritative speaker_jp scan,fb77f496b2a4de8ef6512f9d459086209f5173314323888c082a9c36720c3437,translate label according to row context; not a reusable proper term,,mechanical_scan_reviewed
photonflowers-ex-terms-v1.0,銀行強盗１・２,,functional_speaker_label,3,contextual,speaker/group/role label,authoritative speaker_jp scan,fb77f496b2a4de8ef6512f9d459086209f5173314323888c082a9c36720c3437,translate label according to row context; not a reusable proper term,,mechanical_scan_reviewed
photonflowers-ex-terms-v1.0,おばちゃん,,regex_address_false_positive,2,contextual,sentence-level context,JP scan reviewed,fb77f496b2a4de8ef6512f9d459086209f5173314323888c082a9c36720c3437,"over-inclusive suffix regex captured a phrase, ordinary honorific, or non-address expression",pf:static:photonflowers11.rio.002:1162587616:00041304 |  | …<03>…<03>おばちゃんって、<03>そんなに熱い人だったっけ？<01> || pf:static:photonflowers11.rio.002:1162587616:00046198 |  | まったく、<03>おばちゃん、<03>やっぱり純夏と同じだわ。<0A>発想がどこかぶっ飛んでんだよ。<01>,mechanical_scan_reviewed
photonflowers-ex-terms-v1.0,お客様,,regex_address_false_positive,2,contextual,sentence-level context,JP scan reviewed,fb77f496b2a4de8ef6512f9d459086209f5173314323888c082a9c36720c3437,"over-inclusive suffix regex captured a phrase, ordinary honorific, or non-address expression",pf:static:photonflowers11.rio.002:1391025672:00123473 | 福引係 | 【福引係】「お客様を驚かせてどうするんですか！　それに私は真那様などという名前ではありません！」<01> || pf:static:photonflowers11.rio.002:1391025672:00126597 | 福引係 | 【福引係】「お客様、<03>こちらが特賞の賞品でございます」<01>,mechanical_scan_reviewed
photonflowers-ex-terms-v1.0,その者が標的の殿,,regex_address_false_positive,2,contextual,sentence-level context,JP scan reviewed,fb77f496b2a4de8ef6512f9d459086209f5173314323888c082a9c36720c3437,"over-inclusive suffix regex captured a phrase, ordinary honorific, or non-address expression",pf:static:photonflowers11.rio:487890932:00109133 |  | また、この属性を持つ者に理論や筋論は通用しないことから、その者が標的の殿方に好意を持つ理由や原因は全く予測できません。<02><0A><0A> || pf:static:photonflowers11.rio:487890932:00110909 |  | しかし、その者が標的の殿方に性別を超越した恋愛感情を持っていないと誰が断言できましょう。<02><0A><0A>,mechanical_scan_reviewed
photonflowers-ex-terms-v1.0,それがタケルちゃん,,regex_address_false_positive,2,contextual,sentence-level context,JP scan reviewed,fb77f496b2a4de8ef6512f9d459086209f5173314323888c082a9c36720c3437,"over-inclusive suffix regex captured a phrase, ordinary honorific, or non-address expression",pf:static:photonflowers11.rio.002:1391025672:00076037 | 純夏 | 【純夏】「わかったよ…<03>…<03>それがタケルちゃんの答えなんだね…<03>…<03>」<01> || pf:static:photonflowers11.rio.002:1391025672:00156025 | 純夏 | 【純夏】「ううん！　それはそれで別にいいのっ！　それがタケルちゃんの答えなら別に…<03>…<03>」<01>,mechanical_scan_reviewed
photonflowers-ex-terms-v1.0,ちょっと彩峰さん,,regex_address_false_positive,2,contextual,sentence-level context,JP scan reviewed,fb77f496b2a4de8ef6512f9d459086209f5173314323888c082a9c36720c3437,"over-inclusive suffix regex captured a phrase, ordinary honorific, or non-address expression",pf:static:photonflowers11.rio:487194916:00041398 | 千鶴 | 【千鶴】「ちょっと彩峰さん！　紙くず投げないでよっ！」<01> || pf:static:photonflowers11.rio.002:1391025672:00077469 | 千鶴 | 【千鶴】「ちょっと彩峰さん！！」<01>,mechanical_scan_reviewed
photonflowers-ex-terms-v1.0,アイツ,,ordinary_katakana_or_sound,2,contextual,sentence-level context,JP scan reviewed,fb77f496b2a4de8ef6512f9d459086209f5173314323888c082a9c36720c3437,"ordinary loanword, pronoun, slang, sound effect, or fragment; no fixed chapter terminology",pf:static:photonflowers11.rio.002:630827184:00041554 | 武 | 【武】「わかった！　彩峰と会うってのは、<03>アレだ！　アイツの身のこなしを伝授してもらって…<03>…<03>」<01> || pf:static:photonflowers11.rio.002:630827184:00044674 | 武 | 【武】「純夏をどんなに操っても、<03>アイツは委員長みたいにはならないぜ！　何せトンチキだからなっ！」<01>,mechanical_scan_reviewed
photonflowers-ex-terms-v1.0,アツアツ,,ordinary_katakana_or_sound,2,contextual,sentence-level context,JP scan reviewed,fb77f496b2a4de8ef6512f9d459086209f5173314323888c082a9c36720c3437,"ordinary loanword, pronoun, slang, sound effect, or fragment; no fixed chapter terminology",pf:static:photonflowers11.rio:487417908:00158011 |  | アツアツの、<03>おでんまんが今まさにっ！<01> || pf:static:photonflowers11.rio:487716956:00104485 |  | アツアツだね。<01>,mechanical_scan_reviewed
photonflowers-ex-terms-v1.0,アニメ,,ordinary_katakana_or_sound,2,contextual,sentence-level context,JP scan reviewed,fb77f496b2a4de8ef6512f9d459086209f5173314323888c082a9c36720c3437,"ordinary loanword, pronoun, slang, sound effect, or fragment; no fixed chapter terminology",pf:static:photonflowers11.rio.002:1366349532:00050714 |  | それにしても最近、<03>こういう昔の特撮とか、<03>アニメとかやたらとグッズになってるよな。<01> || pf:static:photonflowers11.rio.002:1366349532:00051342 |  | コンビニ行くと、<03>オレですら生まれてなかった頃のアニメなんかの人形をオマケにしたお菓子売ってるし。<01>,mechanical_scan_reviewed
photonflowers-ex-terms-v1.0,アホ,,ordinary_katakana_or_sound,2,contextual,sentence-level context,JP scan reviewed,fb77f496b2a4de8ef6512f9d459086209f5173314323888c082a9c36720c3437,"ordinary loanword, pronoun, slang, sound effect, or fragment; no fixed chapter terminology",pf:static:photonflowers11.rio.002:1322667676:00104920 | 武 | 【武】「情けなくてもいいよ、<03>バカでもアホでもいい。<0A>けどオレは――」<01> || pf:static:photonflowers11.rio.002:1322667676:00112848 | 夕呼 | 【夕呼】「追いかけてどうするつもり？　バカだのアホだの言うの？　不毛なことこの上ないわね」<01>,mechanical_scan_reviewed
photonflowers-ex-terms-v1.0,アルバイト,,ordinary_katakana_or_sound,2,contextual,sentence-level context,JP scan reviewed,fb77f496b2a4de8ef6512f9d459086209f5173314323888c082a9c36720c3437,"ordinary loanword, pronoun, slang, sound effect, or fragment; no fixed chapter terminology",pf:static:photonflowers11.rio.002:1495411112:00017425 | まりも | 【まりも】「…<03>…<03>アルバイト探してるのぉ？」<01> || pf:static:photonflowers11.rio.002:1495411112:00029733 | まりも | 【まりも】「アルバイトのことは、<03>黙っててあげるからね！」<01>,mechanical_scan_reviewed
photonflowers-ex-terms-v1.0,アームズ,,ordinary_katakana_or_sound,2,contextual,sentence-level context,JP scan reviewed,fb77f496b2a4de8ef6512f9d459086209f5173314323888c082a9c36720c3437,"ordinary loanword, pronoun, slang, sound effect, or fragment; no fixed chapter terminology",pf:static:photonflowers11.rio.002:30631052:00134138 | 純夏 | 【純夏】「ＴＱアームズだよ」<01> || pf:static:photonflowers11.rio.002:1366349532:00035164 |  | ＴＱアームズって、<03>暇つぶしには最適だからなあ。<01>,mechanical_scan_reviewed
photonflowers-ex-terms-v1.0,イマイチ,,ordinary_katakana_or_sound,2,contextual,sentence-level context,JP scan reviewed,fb77f496b2a4de8ef6512f9d459086209f5173314323888c082a9c36720c3437,"ordinary loanword, pronoun, slang, sound effect, or fragment; no fixed chapter terminology",pf:static:photonflowers11.rio.002:1097218736:00033302 |  | 純夏のヤツ、<03>そうなんだよなあ…<03>…<03>見栄えはイマイチでも、<03>オレの好みをしっかり分かってるからウメーんだよ。<01> || pf:static:photonflowers11.rio.002:1599749696:00035514 |  | 疲れが溜まってるせいか、<03>イマイチ感情のコントロールが効かねぇな。<01>,mechanical_scan_reviewed
photonflowers-ex-terms-v1.0,イヤミ,,ordinary_katakana_or_sound,2,contextual,sentence-level context,JP scan reviewed,fb77f496b2a4de8ef6512f9d459086209f5173314323888c082a9c36720c3437,"ordinary loanword, pronoun, slang, sound effect, or fragment; no fixed chapter terminology",pf:static:photonflowers11.rio.002:630827184:00034672 |  | そんでもって死にかけながらやっとの思いで教室にたどり着くと、<03>本家・委員長のイヤミ口撃が…<03>…<03>。<01> || pf:static:photonflowers11.rio.002:1238534540:00056424 | 武 | 【武】「――おい純夏っ！　てめーこの野郎っ！　これはイヤミかっ！！」<01>,mechanical_scan_reviewed
photonflowers-ex-terms-v1.0,ウサギ,,ordinary_katakana_or_sound,2,contextual,sentence-level context,JP scan reviewed,fb77f496b2a4de8ef6512f9d459086209f5173314323888c082a9c36720c3437,"ordinary loanword, pronoun, slang, sound effect, or fragment; no fixed chapter terminology",pf:static:photonflowers11.rio:487417908:00133805 | 武 | 【武】「あ、<03>そうだ。<0A>たま、<03>ウサギのしっぽなら余ってるぞ」<01> || pf:static:photonflowers11.rio:487417908:00134141 | 壬姫 | 【壬姫】「ウサギのしっぽ？」<01>,mechanical_scan_reviewed
photonflowers-ex-terms-v1.0,エグゼクティヴプロデューサー,,ordinary_katakana_or_sound,2,contextual,sentence-level context,JP scan reviewed,fb77f496b2a4de8ef6512f9d459086209f5173314323888c082a9c36720c3437,"ordinary loanword, pronoun, slang, sound effect, or fragment; no fixed chapter terminology",pf:static:photonflowers11.rio.002:1602830768:00110261 | 夕呼 | <05>【夕呼】「何よ、<03>当然でしょう？　あたしは本大会のエグゼクティヴプロデューサーにして主賓よ？」 || pf:static:photonflowers11.rio.002:1602830768:00110815 | 夕呼 | <05>【夕呼】「バカねえ、<03>エグゼクティヴプロデューサーって、<03>なにもしない人の事よ？」,mechanical_scan_reviewed
photonflowers-ex-terms-v1.0,エネルギー,,ordinary_katakana_or_sound,2,contextual,sentence-level context,JP scan reviewed,fb77f496b2a4de8ef6512f9d459086209f5173314323888c082a9c36720c3437,"ordinary loanword, pronoun, slang, sound effect, or fragment; no fixed chapter terminology",pf:static:photonflowers11.rio:487890932:00124681 |  | そもそも建物が揺れるほどの悲鳴となれば莫大なエネルギーを…………<01> || pf:static:photonflowers11.rio:487890932:00125499 |  | 声による振動だけでこれだけのエネルギーを出すには…………。<01>,mechanical_scan_reviewed
photonflowers-ex-terms-v1.0,ォォッ,,ordinary_katakana_or_sound,2,contextual,sentence-level context,JP scan reviewed,fb77f496b2a4de8ef6512f9d459086209f5173314323888c082a9c36720c3437,"ordinary loanword, pronoun, slang, sound effect, or fragment; no fixed chapter terminology",pf:static:photonflowers11.rio:488133660:00071153 | 声 | 【声】「――ン未熟者ォォッ！」<01> || pf:static:photonflowers11.rio:488133660:00100203 | 醍三郎 | 【醍三郎】「事に肢体はさらに丸みを帯び非の打ち所無く、たわわに実った双丘は色艶共に正に極上ォォッ！！」<01>,mechanical_scan_reviewed
photonflowers-ex-terms-v1.0,オカルト,,ordinary_katakana_or_sound,2,contextual,sentence-level context,JP scan reviewed,fb77f496b2a4de8ef6512f9d459086209f5173314323888c082a9c36720c3437,"ordinary loanword, pronoun, slang, sound effect, or fragment; no fixed chapter terminology",pf:static:photonflowers11.rio:487590408:00086043 | 千鶴 | 【千鶴】「オカルトっていうなッ！　だいたい集めてない！」<01> || pf:static:photonflowers11.rio:487590408:00095325 | 千鶴 | 【千鶴】「オカルトっていうな」<01>,mechanical_scan_reviewed
photonflowers-ex-terms-v1.0,オッケー,,ordinary_katakana_or_sound,2,contextual,sentence-level context,JP scan reviewed,fb77f496b2a4de8ef6512f9d459086209f5173314323888c082a9c36720c3437,"ordinary loanword, pronoun, slang, sound effect, or fragment; no fixed chapter terminology",pf:static:photonflowers11.rio.002:1162587616:00043886 | 純夏 | 【純夏】「それはたったひとつ！　取られる前に取れ！　オッケー？」<01> || pf:static:photonflowers11.rio.002:1495411112:00010499 |  | 思いの外、<03>短期でもオッケーっていうバイトが多くて助かった。<01>,mechanical_scan_reviewed
photonflowers-ex-terms-v1.0,カレー,,ordinary_katakana_or_sound,2,contextual,sentence-level context,JP scan reviewed,fb77f496b2a4de8ef6512f9d459086209f5173314323888c082a9c36720c3437,"ordinary loanword, pronoun, slang, sound effect, or fragment; no fixed chapter terminology",pf:static:photonflowers11.rio.002:1162587616:00067034 |  | 小学校の頃、<03>給食で食べたカレーが美味くて、<03>母ちゃんに作ってくれと頼んだことがあった。<01> || pf:static:photonflowers11.rio.002:1162587616:00067444 |  | でも、<03>全然違う味で。<0A>母ちゃんは業務用カレーの缶とか買ってきて頑張ってくれたけど、<03>結局あの味は再現できなかったんだ。<01>,mechanical_scan_reviewed
photonflowers-ex-terms-v1.0,カワイイ,,ordinary_katakana_or_sound,2,contextual,sentence-level context,JP scan reviewed,fb77f496b2a4de8ef6512f9d459086209f5173314323888c082a9c36720c3437,"ordinary loanword, pronoun, slang, sound effect, or fragment; no fixed chapter terminology",pf:static:photonflowers11.rio.002:1366349532:00057662 |  | まあ…<03>…<03>カワイイとは思うけど…<03>…<03>。<01> || pf:static:photonflowers11.rio:487283344:00107910 |  | 絶対カワイイって言わせてやろうと思ったのに！<01>,mechanical_scan_reviewed
photonflowers-ex-terms-v1.0,ガラ,,ordinary_katakana_or_sound,2,contextual,sentence-level context,JP scan reviewed,fb77f496b2a4de8ef6512f9d459086209f5173314323888c082a9c36720c3437,"ordinary loanword, pronoun, slang, sound effect, or fragment; no fixed chapter terminology",pf:static:photonflowers11.rio.002:1602830768:00087099 |  | 先輩は、<03>白いのはさすがに寂しいだろ？　なんて、<03>ガラにも無いこと言ってたから、<03>デカデカとサインしてやったけどな。<01> || pf:static:photonflowers11.rio.002:1602830768:00094399 |  | 前の日なんかに、<03>ガラにもなく、<03>制服を自分でハンガーにかけてみたりしてさ。<01>,mechanical_scan_reviewed
photonflowers-ex-terms-v1.0,キッチリ,,ordinary_katakana_or_sound,2,contextual,sentence-level context,JP scan reviewed,fb77f496b2a4de8ef6512f9d459086209f5173314323888c082a9c36720c3437,"ordinary loanword, pronoun, slang, sound effect, or fragment; no fixed chapter terminology",pf:static:photonflowers11.rio.002:630827184:00036990 |  | いや、<03>そうなんだろう。<0A>好きな男にはキッチリしていて欲しいという願いなのだ。<01> || pf:static:photonflowers11.rio.002:1602830768:00135889 |  | ご丁寧に名前とロットナンバーまで細かい文字でキッチリ彫り込まれてらあ…<03>…<03>。<0A>手間かけやがって…<03>…<03>。<01>,mechanical_scan_reviewed
photonflowers-ex-terms-v1.0,キング,,ordinary_or_context_collision,2,contextual,translate in sentence; not frozen as a chapter term,origin/main glossary checked + JP context,e9ee9faffb2ef37bee94ee3d5c9a185623af6e2a2997a85a474f8a4629c4410c,exact string match is not a context-applicable terminology match,pf:static:photonflowers11.rio.002:30631052:00111084 |  | オレのスニーキング能力を発揮する時がきちまったようだな。<01> || pf:static:photonflowers11.rio.002:30631052:00130250 |  | 故にこのスニーキングミッションも強制ゲームーオーバー！？<01>,mechanical_scan_reviewed
photonflowers-ex-terms-v1.0,クイズ,,ordinary_katakana_or_sound,2,contextual,sentence-level context,JP scan reviewed,fb77f496b2a4de8ef6512f9d459086209f5173314323888c082a9c36720c3437,"ordinary loanword, pronoun, slang, sound effect, or fragment; no fixed chapter terminology",pf:static:photonflowers11.rio.002:1322667676:00107984 | 武 | 【武】「さっきから聞いてりゃ、<03>思わせぶりなことばっかり言いやがって…<03>…<03>こんな状況でおまえはクイズでもやってオレを試してるつもりかよ！」<01> || pf:static:photonflowers11.rio.002:1322667676:00108396 | 純夏 | 【純夏】「クイズって…<03>…<03>なんでそんなことしなくちゃいけないのさっ！」<01>,mechanical_scan_reviewed
photonflowers-ex-terms-v1.0,グッズ,,ordinary_katakana_or_sound,2,contextual,sentence-level context,JP scan reviewed,fb77f496b2a4de8ef6512f9d459086209f5173314323888c082a9c36720c3437,"ordinary loanword, pronoun, slang, sound effect, or fragment; no fixed chapter terminology",pf:static:photonflowers11.rio.002:1366349532:00050714 |  | それにしても最近、<03>こういう昔の特撮とか、<03>アニメとかやたらとグッズになってるよな。<01> || pf:static:photonflowers11.rio.002:1366349532:00067266 |  | おお～怪しげな猫グッズがあるある！<01>,mechanical_scan_reviewed
photonflowers-ex-terms-v1.0,ケリ,,ordinary_katakana_or_sound,2,contextual,sentence-level context,JP scan reviewed,fb77f496b2a4de8ef6512f9d459086209f5173314323888c082a9c36720c3437,"ordinary loanword, pronoun, slang, sound effect, or fragment; no fixed chapter terminology",pf:static:photonflowers11.rio.002:1533930220:00027361 | 武 | 【武】「色々考えて出した結論なんだ。<0A>あいつとのことは自分でケリをつけるから…<03>…<03>」<01> || pf:static:photonflowers11.rio.002:1533930220:00027659 | 千鶴 | 【千鶴】「ケリをつけるって…<03>…<03>答えを伝えないことがそうだって言うの？」<01>,mechanical_scan_reviewed
photonflowers-ex-terms-v1.0,ケース,,ordinary_katakana_or_sound,2,contextual,sentence-level context,JP scan reviewed,fb77f496b2a4de8ef6512f9d459086209f5173314323888c082a9c36720c3437,"ordinary loanword, pronoun, slang, sound effect, or fragment; no fixed chapter terminology",pf:static:photonflowers11.rio.002:630827184:00035802 |  | ここの所、<03>何もかもがオレの思いとは逆の方向に流れてる…<03>…<03>当たって欲しくない予想に限って、<03>ズバリ当たるという最悪のケースを真剣に検討せざるを得まい…<03>…<03>。<01> || pf:static:photonflowers11.rio:487890932:00101633 |  | 性格が穏やかな癒し型、活発で不器用な愛玩動物型、無垢で人懐こい妹型が分類上最も多く、各要素が混在するケースもまれではありません。<02><0A><0A>,mechanical_scan_reviewed
photonflowers-ex-terms-v1.0,ゲドラー,,ordinary_katakana_or_sound,2,contextual,sentence-level context,JP scan reviewed,fb77f496b2a4de8ef6512f9d459086209f5173314323888c082a9c36720c3437,"ordinary loanword, pronoun, slang, sound effect, or fragment; no fixed chapter terminology",pf:static:photonflowers11.rio:487283344:00071762 | たける | 【たける】「すみかは、<03>ゲドラーぐんだんのうちゅうテロリストな！」<01> || pf:static:photonflowers11.rio:487283344:00073046 | たける | 【たける】「そこまでだ！　ゲドラーのてさきめ！　せいぎのいかりでしゅくせいしてやる！」<01>,mechanical_scan_reviewed
photonflowers-ex-terms-v1.0,コスチューム,,ordinary_katakana_or_sound,2,contextual,sentence-level context,JP scan reviewed,fb77f496b2a4de8ef6512f9d459086209f5173314323888c082a9c36720c3437,"ordinary loanword, pronoun, slang, sound effect, or fragment; no fixed chapter terminology",pf:static:photonflowers11.rio.002:30631052:00123906 | 夕呼 | 【夕呼】「まりもの新しいコスチュームを作ってるんだけどさ、<03>率直な意見が聞きたいわけよ」<01> || pf:static:photonflowers11.rio.002:30631052:00130812 |  | 新着コスチュームのお披露目どころか、<03>今までの総集編もいいとこじゃねーか！<01>,mechanical_scan_reviewed
photonflowers-ex-terms-v1.0,コスプレ,,ordinary_katakana_or_sound,2,contextual,sentence-level context,JP scan reviewed,fb77f496b2a4de8ef6512f9d459086209f5173314323888c082a9c36720c3437,"ordinary loanword, pronoun, slang, sound effect, or fragment; no fixed chapter terminology",pf:static:photonflowers11.rio.002:1366349532:00075562 | 純夏 | 【純夏】「なにやってるのさ！　壬姫ちゃんにコスプレまがいの格好させて！！」<01> || pf:static:photonflowers11.rio.002:1366349532:00075812 | 武 | 【武】「コ、<03>コスプレまがいって…<03>…<03>別にオレはただ…<03>…<03>」<01>,mechanical_scan_reviewed
photonflowers-ex-terms-v1.0,コントロール,,ordinary_or_context_collision,2,contextual,translate in sentence; not frozen as a chapter term,origin/main glossary checked + JP context,e9ee9faffb2ef37bee94ee3d5c9a185623af6e2a2997a85a474f8a4629c4410c,exact string match is not a context-applicable terminology match,pf:static:photonflowers11.rio.002:630827184:00043900 |  | 委員長の奴、<03>純夏に技を伝授する以前に、<03>マインドコントロールまで済ませていたっていうのか？<01> || pf:static:photonflowers11.rio.002:1599749696:00035514 |  | 疲れが溜まってるせいか、<03>イマイチ感情のコントロールが効かねぇな。<01>,mechanical_scan_reviewed
photonflowers-ex-terms-v1.0,ゴミ,,ordinary_katakana_or_sound,2,contextual,sentence-level context,JP scan reviewed,fb77f496b2a4de8ef6512f9d459086209f5173314323888c082a9c36720c3437,"ordinary loanword, pronoun, slang, sound effect, or fragment; no fixed chapter terminology",pf:static:photonflowers11.rio:487194916:00039394 | 千鶴 | 【千鶴】「隅っこにゴミ追いやってるだけじゃない！」<01> || pf:static:photonflowers11.rio:487194916:00042012 | 慧 | 【慧】「ゴミが落ちてるのに拾わない…<03>…<03>真面目に掃除やれ」<01>,mechanical_scan_reviewed
photonflowers-ex-terms-v1.0,サクッ,,ordinary_katakana_or_sound,2,contextual,sentence-level context,JP scan reviewed,fb77f496b2a4de8ef6512f9d459086209f5173314323888c082a9c36720c3437,"ordinary loanword, pronoun, slang, sound effect, or fragment; no fixed chapter terminology",pf:static:photonflowers11.rio.002:1162587616:00056720 |  | 油の温度にも気を遣ってたし、<03>そうやって、<03>独特のサクッと感を出すんだって…<03>…<03>。<01> || pf:static:photonflowers11.rio.002:1162587616:00058492 |  | ――サクッ<01>,mechanical_scan_reviewed
photonflowers-ex-terms-v1.0,サワークリーム,,ordinary_katakana_or_sound,2,contextual,sentence-level context,JP scan reviewed,fb77f496b2a4de8ef6512f9d459086209f5173314323888c082a9c36720c3437,"ordinary loanword, pronoun, slang, sound effect, or fragment; no fixed chapter terminology",pf:static:photonflowers11.rio.002:1162587616:00059792 | 純夏 | 【純夏】「壬姫ちゃんの家ではね、<03>牛乳と一緒に豆乳を少し入れて、<03>あと、<03>サワークリームを入れるんだって」<01> || pf:static:photonflowers11.rio.002:1162587616:00060260 |  | 豆の味もサワークリームの味もしないけど、<03>それがうまさに繋がってるのか？<01>,mechanical_scan_reviewed
photonflowers-ex-terms-v1.0,シチュー,,ordinary_katakana_or_sound,2,contextual,sentence-level context,JP scan reviewed,fb77f496b2a4de8ef6512f9d459086209f5173314323888c082a9c36720c3437,"ordinary loanword, pronoun, slang, sound effect, or fragment; no fixed chapter terminology",pf:static:photonflowers11.rio.002:1162587616:00059670 | 武 | 【武】「む！　シチューもイケるぞ！」<01> || pf:static:photonflowers11.rio.002:1162587616:00060550 |  | いやいや、<03>それよりも市販のシチューの素を使ってないのが１番だろう。<01>,mechanical_scan_reviewed
photonflowers-ex-terms-v1.0,シナリオ,,ordinary_katakana_or_sound,2,contextual,sentence-level context,JP scan reviewed,fb77f496b2a4de8ef6512f9d459086209f5173314323888c082a9c36720c3437,"ordinary loanword, pronoun, slang, sound effect, or fragment; no fixed chapter terminology",pf:static:photonflowers11.rio:487890932:00188413 | 銀行強盗１ | 【銀行強盗１】「結局、やつらのシナリオ通りだったってわけさ。融資を取り付けた後で出来た取引先は、銀行と同じ系列の企業だったんだ」<01> || pf:static:photonflowers11.rio:487890932:00200043 | 支店長 | 【支店長】「それでは……そんな頭の不自由なあなた方に、この先のシナリオを教えて差し上げましょう。何、これも当銀行のモットーである顧客サービスです――ハイ」<01>,mechanical_scan_reviewed
photonflowers-ex-terms-v1.0,シビア,,ordinary_katakana_or_sound,2,contextual,sentence-level context,JP scan reviewed,fb77f496b2a4de8ef6512f9d459086209f5173314323888c082a9c36720c3437,"ordinary loanword, pronoun, slang, sound effect, or fragment; no fixed chapter terminology",pf:static:photonflowers11.rio.002:1391025672:00095173 | 夕呼 | 【夕呼】「だから鑑の本心に気づけないのかもね…<03>…<03>いい？　そんな言葉はね、<03>シビアな本心を綺麗にまとめただけなのよ」<01> || pf:static:photonflowers11.rio.002:1391025672:00095721 |  | …<03>…<03>シビアな本心？<01>,mechanical_scan_reviewed
photonflowers-ex-terms-v1.0,シメジ,,ordinary_katakana_or_sound,2,contextual,sentence-level context,JP scan reviewed,fb77f496b2a4de8ef6512f9d459086209f5173314323888c082a9c36720c3437,"ordinary loanword, pronoun, slang, sound effect, or fragment; no fixed chapter terminology",pf:static:photonflowers11.rio.002:1162587616:00046634 |  | そうだよな、<03>娘にシメジを松茸だと思いこませようとするぐらいだ。<01> || pf:static:photonflowers11.rio.002:1162587616:00081036 |  | 大体、<03>松茸とシメジの区別もできねぇやつに、<03>食生活かたられたくねーぞ！<01>,mechanical_scan_reviewed
photonflowers-ex-terms-v1.0,スカート,,ordinary_katakana_or_sound,2,contextual,sentence-level context,JP scan reviewed,fb77f496b2a4de8ef6512f9d459086209f5173314323888c082a9c36720c3437,"ordinary loanword, pronoun, slang, sound effect, or fragment; no fixed chapter terminology",pf:static:photonflowers11.rio.002:1391025672:00070857 |  | …<03>…<03>そうかもしれんな。<0A>なにしろこんな時期にスカート履いて素足出してるわけだしな。<01> || pf:static:photonflowers11.rio:487890932:00127315 |  | 応用　風のいたずらでスカートがめくれてしまった場合<01>,mechanical_scan_reviewed
photonflowers-ex-terms-v1.0,スゲェ,,ordinary_katakana_or_sound,2,contextual,sentence-level context,JP scan reviewed,fb77f496b2a4de8ef6512f9d459086209f5173314323888c082a9c36720c3437,"ordinary loanword, pronoun, slang, sound effect, or fragment; no fixed chapter terminology",pf:static:photonflowers11.rio.002:1162587616:00068320 | 武 | 【武】「スゲェな、<03>これ…<03>…<03>」<01> || pf:static:photonflowers11.rio.002:1162587616:00068642 | 武 | 【武】「おう！　おまえはスゲェ！　偉いぞー！！」<01>,mechanical_scan_reviewed
photonflowers-ex-terms-v1.0,スジ,,ordinary_katakana_or_sound,2,contextual,sentence-level context,JP scan reviewed,fb77f496b2a4de8ef6512f9d459086209f5173314323888c082a9c36720c3437,"ordinary loanword, pronoun, slang, sound effect, or fragment; no fixed chapter terminology",pf:static:photonflowers11.rio.002:1162587616:00038132 |  | みんなが厚意で、<03>おまえを立てたんだと思うなら、<03>ありがたく受け取っておけ。<0A>それがスジだろ。<01> || pf:static:photonflowers11.rio.002:1291020652:00037415 |  | ったく仕方ねぇな。みんなに迷惑かけてるんじゃ、<03>全然スジ通らねぇし、<03>今回は折れてやるかあ。<01>,mechanical_scan_reviewed
photonflowers-ex-terms-v1.0,スッキリ,,ordinary_katakana_or_sound,2,contextual,sentence-level context,JP scan reviewed,fb77f496b2a4de8ef6512f9d459086209f5173314323888c082a9c36720c3437,"ordinary loanword, pronoun, slang, sound effect, or fragment; no fixed chapter terminology",pf:static:photonflowers11.rio:487194916:00079348 |  | オレ的にそこがスッキリしない以上、<03>Ｈをしたいっていう気持ちが後回しになるのは…<03>…<03>当然だろ。<01> || pf:static:photonflowers11.rio.002:1602830768:00171515 | 茜 | 【茜】「あははは…<03>…<03>千鶴もスッキリしたことだし…<03>…<03>これで私も安心して行くことができるよ」<01>,mechanical_scan_reviewed
photonflowers-ex-terms-v1.0,スパイク,,ordinary_or_context_collision,2,contextual,translate in sentence; not frozen as a chapter term,origin/main glossary checked + JP context,e9ee9faffb2ef37bee94ee3d5c9a185623af6e2a2997a85a474f8a4629c4410c,exact string match is not a context-applicable terminology match,pf:static:photonflowers11.rio:487417908:00104343 | 千鶴 | 【千鶴】「あなたのスパイク顔面に受けたんでしょ！！　人ごとみたいに言うのはやめなさい！」<01> || pf:static:photonflowers11.rio:487417908:00107171 |  | あんなスパイク、<03>ミキには絶対にムリだよねー。<01>,mechanical_scan_reviewed
photonflowers-ex-terms-v1.0,スルー,,ordinary_katakana_or_sound,2,contextual,sentence-level context,JP scan reviewed,fb77f496b2a4de8ef6512f9d459086209f5173314323888c082a9c36720c3437,"ordinary loanword, pronoun, slang, sound effect, or fragment; no fixed chapter terminology",pf:static:photonflowers11.rio.002:30631052:00103826 |  | オレ達が付き合ってるってことは誰にも言ってないわけだが…<03>…<03>オレが今までスルーしてた状況を独占欲丸出しでムキになるってことは最早「交際宣言」に等しい！<01> || pf:static:photonflowers11.rio.002:1322667676:00048474 |  | 所詮はオレとの大げんかのワンシーンってことで、<03>スルーしたのかも。<01>,mechanical_scan_reviewed
photonflowers-ex-terms-v1.0,セリフ,,ordinary_katakana_or_sound,2,contextual,sentence-level context,JP scan reviewed,fb77f496b2a4de8ef6512f9d459086209f5173314323888c082a9c36720c3437,"ordinary loanword, pronoun, slang, sound effect, or fragment; no fixed chapter terminology",pf:static:photonflowers11.rio.002:630827184:00051310 | 千鶴 | 【千鶴】「それはこっちのセリフね」<01> || pf:static:photonflowers11.rio.002:1602830768:00102325 |  | よりにもよってオレに専用のセリフが割り当てられてさ…<03>…<03>しかも結構長かったんだ。<01>,mechanical_scan_reviewed
photonflowers-ex-terms-v1.0,ゼェハァゼェハァゼェハァ,,ordinary_katakana_or_sound,2,contextual,sentence-level context,JP scan reviewed,fb77f496b2a4de8ef6512f9d459086209f5173314323888c082a9c36720c3437,"ordinary loanword, pronoun, slang, sound effect, or fragment; no fixed chapter terminology",pf:static:photonflowers11.rio.002:30631052:00117680 | まりも | 【まりも】「――ゼェハァゼェハァゼェハァ…<03>…<03>…<03>…<03>ッ！！」<01> || pf:static:photonflowers11.rio.002:30631052:00119194 | まりも | 【まりも】「――ゼェハァゼェハァゼェハァ…<03>…<03>…<03>…<03>ッ！！」<01>,mechanical_scan_reviewed
photonflowers-ex-terms-v1.0,タイツ,,ordinary_katakana_or_sound,2,contextual,sentence-level context,JP scan reviewed,fb77f496b2a4de8ef6512f9d459086209f5173314323888c082a9c36720c3437,"ordinary loanword, pronoun, slang, sound effect, or fragment; no fixed chapter terminology",pf:static:photonflowers11.rio:487283344:00085186 | 武 | 【武】「オグラグッディメンなんだから、<03>赤い全身タイツがいいんじゃねえの？」<01> || pf:static:photonflowers11.rio:487283344:00090078 | 武 | 【武】「わはははははッ！　そんな全身タイツ系囚人水着着るやついねえって！」<01>,mechanical_scan_reviewed
photonflowers-ex-terms-v1.0,ダッシュ,,ordinary_katakana_or_sound,2,contextual,sentence-level context,JP scan reviewed,fb77f496b2a4de8ef6512f9d459086209f5173314323888c082a9c36720c3437,"ordinary loanword, pronoun, slang, sound effect, or fragment; no fixed chapter terminology",pf:static:photonflowers11.rio:487283344:00123074 |  | 急にダッシュなんてずるいよ！<01> || pf:static:photonflowers11.rio:487716956:00151353 | 武 | 【武】「え？　あ、<03>おい！　彩峰！　なんで、<03>いきなり大ダッシュなんだよ！！」<01>,mechanical_scan_reviewed
photonflowers-ex-terms-v1.0,ダメダメ,,ordinary_katakana_or_sound,2,contextual,sentence-level context,JP scan reviewed,fb77f496b2a4de8ef6512f9d459086209f5173314323888c082a9c36720c3437,"ordinary loanword, pronoun, slang, sound effect, or fragment; no fixed chapter terminology",pf:static:photonflowers11.rio.002:630827184:00037292 |  | 特におまえは何もかもダメダメだから、<03>オレに、<03>今まで以上に頼りがいのある男になって欲しいと思うのも、<03>無理はねえ…<03>…<03>理解は出来るぜ。<01> || pf:static:photonflowers11.rio.002:1097218736:00022936 | 純夏 | 【純夏】「前よりはね。<0A>でも全然ダメダメ！　…<03>…<03>まあ、<03>嫌とか悪いって言うんじゃないんだけどっ！」<01>,mechanical_scan_reviewed
photonflowers-ex-terms-v1.0,チーム,,ordinary_katakana_or_sound,2,contextual,sentence-level context,JP scan reviewed,fb77f496b2a4de8ef6512f9d459086209f5173314323888c082a9c36720c3437,"ordinary loanword, pronoun, slang, sound effect, or fragment; no fixed chapter terminology",pf:static:photonflowers11.rio:488133660:00052291 | 月詠 | 【月詠】「はい。御剣総合医療センターの第１緊急派遣チームと聞いております」<01> || pf:static:photonflowers11.rio:488133660:00052567 | 冥夜 | 【冥夜】「第１緊急派遣チームか。精鋭中の精鋭ではあるが……」<01>,mechanical_scan_reviewed
photonflowers-ex-terms-v1.0,ツッコミ,,ordinary_katakana_or_sound,2,contextual,sentence-level context,JP scan reviewed,fb77f496b2a4de8ef6512f9d459086209f5173314323888c082a9c36720c3437,"ordinary loanword, pronoun, slang, sound effect, or fragment; no fixed chapter terminology",pf:static:photonflowers11.rio.002:630827184:00069522 |  | 大体、<03>付き合ってること言ってねえし。<0A>まあ、<03>バレバレの状況はもう受け入れた上で、<03>ツッコミどころ満載の事言ったわけだけど、<03>本気にするなよな。<01> || pf:static:photonflowers11.rio.002:1366349532:00063898 |  | 結局同じキーホルダーかよってツッコミは置いといて、<03>だ。<01>,mechanical_scan_reviewed
photonflowers-ex-terms-v1.0,テッカテカ,,ordinary_katakana_or_sound,2,contextual,sentence-level context,JP scan reviewed,fb77f496b2a4de8ef6512f9d459086209f5173314323888c082a9c36720c3437,"ordinary loanword, pronoun, slang, sound effect, or fragment; no fixed chapter terminology",pf:static:photonflowers11.rio.002:1602830768:00081215 |  | …<03>…<03>制服も、<03>白いから目立たないけど、<03>テッカテカだな。<01> || pf:static:photonflowers11.rio.002:1602830768:00092191 |  | 制服を着なくなっても、<03>もう要らないって捨てられても、<03>それをテッカテカになるまで着たことは事実だ。<01>,mechanical_scan_reviewed
photonflowers-ex-terms-v1.0,デカイ,,ordinary_katakana_or_sound,2,contextual,sentence-level context,JP scan reviewed,fb77f496b2a4de8ef6512f9d459086209f5173314323888c082a9c36720c3437,"ordinary loanword, pronoun, slang, sound effect, or fragment; no fixed chapter terminology",pf:static:photonflowers11.rio:487283344:00081872 | 武 | 【武】「な、<03>なんだよ純夏ッ！　デカイ声出すなよ…<03>…<03>みんな見てんじゃねえか」<01> || pf:static:photonflowers11.rio:487283344:00096560 | 武 | 【武】「デカイ声だすなって言ってんだろ！？　…<03>…<03>いいから、<03>もう、<03>早くしろ！」<01>,mechanical_scan_reviewed
photonflowers-ex-terms-v1.0,デリカシー,,ordinary_katakana_or_sound,2,contextual,sentence-level context,JP scan reviewed,fb77f496b2a4de8ef6512f9d459086209f5173314323888c082a9c36720c3437,"ordinary loanword, pronoun, slang, sound effect, or fragment; no fixed chapter terminology",pf:static:photonflowers11.rio:487417908:00111809 | 千鶴 | 【千鶴】「何なの…<03>…<03>白銀君最低！　デリカシーのかけらもないんだからッ！」<01> || pf:static:photonflowers11.rio:487590408:00097177 |  | デリカシーのかけらもないんだから…<03>…<03>。<01>,mechanical_scan_reviewed
photonflowers-ex-terms-v1.0,トピック,,ordinary_katakana_or_sound,2,contextual,sentence-level context,JP scan reviewed,fb77f496b2a4de8ef6512f9d459086209f5173314323888c082a9c36720c3437,"ordinary loanword, pronoun, slang, sound effect, or fragment; no fixed chapter terminology",pf:static:photonflowers11.rio.002:30631052:00128340 |  | 今あいつにＨ関連のトピックは御法度なんですってば！！<01> || pf:static:photonflowers11.rio.002:630827184:00042372 | 千鶴 | 【千鶴】「それは前からだと思うけど…<03>…<03>別に最新のトピックって訳じゃないわね」<01>,mechanical_scan_reviewed
photonflowers-ex-terms-v1.0,トロロ,,ordinary_katakana_or_sound,2,contextual,sentence-level context,JP scan reviewed,fb77f496b2a4de8ef6512f9d459086209f5173314323888c082a9c36720c3437,"ordinary loanword, pronoun, slang, sound effect, or fragment; no fixed chapter terminology",pf:static:photonflowers11.rio.002:1366349532:00061524 |  | あ、<03>これ…<03>…<03>このガラス細工のキーホルダー…<03>…<03>トロロだ！<01> || pf:static:photonflowers11.rio.002:1366349532:00062002 |  | 純夏のヤツ、<03>昔、<03>サンタにでっかいトロロのぬいぐるみをお願いしたんだよな。<01>,mechanical_scan_reviewed
photonflowers-ex-terms-v1.0,トンチキ,,ordinary_katakana_or_sound,2,contextual,sentence-level context,JP scan reviewed,fb77f496b2a4de8ef6512f9d459086209f5173314323888c082a9c36720c3437,"ordinary loanword, pronoun, slang, sound effect, or fragment; no fixed chapter terminology",pf:static:photonflowers11.rio.002:630827184:00040040 |  | おまえのトンチキな頭じゃまあ無理だとは思うが、<03>万が一そんなことになっちまったら取り返しがつかねえんだ！<01> || pf:static:photonflowers11.rio.002:630827184:00044674 | 武 | 【武】「純夏をどんなに操っても、<03>アイツは委員長みたいにはならないぜ！　何せトンチキだからなっ！」<01>,mechanical_scan_reviewed
photonflowers-ex-terms-v1.0,ドバー,,ordinary_katakana_or_sound,2,contextual,sentence-level context,JP scan reviewed,fb77f496b2a4de8ef6512f9d459086209f5173314323888c082a9c36720c3437,"ordinary loanword, pronoun, slang, sound effect, or fragment; no fixed chapter terminology",pf:static:photonflowers11.rio:487194916:00060032 | 純夏 | 【純夏】「激しくドバーっとなるようなこととか…<03>…<03>」<01> || pf:static:photonflowers11.rio:487194916:00060264 |  | 激しくドバー？<01>,mechanical_scan_reviewed
photonflowers-ex-terms-v1.0,ネコ,,ordinary_katakana_or_sound,2,contextual,sentence-level context,JP scan reviewed,fb77f496b2a4de8ef6512f9d459086209f5173314323888c082a9c36720c3437,"ordinary loanword, pronoun, slang, sound effect, or fragment; no fixed chapter terminology",pf:static:photonflowers11.rio.002:1366349532:00070820 |  | 上手いこと釣り竿を操作すれば、<03>猫じゃらしに夢中になったネコを捕獲できるってワケだな？<01> || pf:static:photonflowers11.rio.002:1366349532:00072974 | 武 | 【武】「しかし…<03>…<03>なんというか、<03>たまもこれで完全にネコになったな！」<01>,mechanical_scan_reviewed
photonflowers-ex-terms-v1.0,ノック,,ordinary_katakana_or_sound,2,contextual,sentence-level context,JP scan reviewed,fb77f496b2a4de8ef6512f9d459086209f5173314323888c082a9c36720c3437,"ordinary loanword, pronoun, slang, sound effect, or fragment; no fixed chapter terminology",pf:static:photonflowers11.rio:487417908:00114391 | 武 | 【武】「…<03>…<03>ちゃんとノックしたぞ」<01> || pf:static:photonflowers11.rio:487417908:00114505 | 千鶴 | 【千鶴】「返事があって初めてノックの意味があるの！　そんなことも知らないなんて…<03>…<03>とにかく、<03>まず珠瀬さんに謝りなさいよ」<01>,mechanical_scan_reviewed
photonflowers-ex-terms-v1.0,ハマ,,ordinary_katakana_or_sound,2,contextual,sentence-level context,JP scan reviewed,fb77f496b2a4de8ef6512f9d459086209f5173314323888c082a9c36720c3437,"ordinary loanword, pronoun, slang, sound effect, or fragment; no fixed chapter terminology",pf:static:photonflowers11.rio.002:1162587616:00046954 |  | そんで、<03>まんまと娘は術中にハマったわけだが…<03>…<03>。<01> || pf:static:photonflowers11.rio.002:1322667676:00087690 |  | くそ～～…<03>…<03>言い返せねぇ。<0A>見事に術中にハマったよ。<01>,mechanical_scan_reviewed
photonflowers-ex-terms-v1.0,ハムスター,,ordinary_katakana_or_sound,2,contextual,sentence-level context,JP scan reviewed,fb77f496b2a4de8ef6512f9d459086209f5173314323888c082a9c36720c3437,"ordinary loanword, pronoun, slang, sound effect, or fragment; no fixed chapter terminology",pf:static:photonflowers11.rio.002:1366349532:00044572 | 壬姫 | 【壬姫】「ハム？　ハムスター？」<01> || pf:static:photonflowers11.rio.002:1366349532:00044692 | 武 | 【武】「いいや、<03>ハムだ。<0A>ハムスターのハムはシャレが効いてはいるが、<03>ちょっと食いたくはないな」<01>,mechanical_scan_reviewed
photonflowers-ex-terms-v1.0,ハルー,,ordinary_katakana_or_sound,2,contextual,sentence-level context,JP scan reviewed,fb77f496b2a4de8ef6512f9d459086209f5173314323888c082a9c36720c3437,"ordinary loanword, pronoun, slang, sound effect, or fragment; no fixed chapter terminology",pf:static:photonflowers11.rio.002:630827184:00071678 | 武 | 【武】「…<03>…<03>そういや、<03>『ハルー』って呼んでたみたいだけど、<03>何のことだ？」<01> || pf:static:photonflowers11.rio.002:1391025672:00066993 | 武 | 【武】「よお…<03>…<03>『ハルー』…<03>…<03>」<01>,mechanical_scan_reviewed
photonflowers-ex-terms-v1.0,バカヤロウ,,ordinary_katakana_or_sound,2,contextual,sentence-level context,JP scan reviewed,fb77f496b2a4de8ef6512f9d459086209f5173314323888c082a9c36720c3437,"ordinary loanword, pronoun, slang, sound effect, or fragment; no fixed chapter terminology",pf:static:photonflowers11.rio:487890932:00151065 | 銀行強盗１ | 【銀行強盗１】「バカヤロウ！　オレらの目的を忘れるな！！　こんな事態を引き起こすためじゃなかっただろう！」<01> || pf:static:photonflowers11.rio:487890932:00155583 | 銀行強盗１ | 【銀行強盗１】「バカヤロウ、いまさらグダグダ言うなッ！　ほら行くぞ！」<01>,mechanical_scan_reviewed
photonflowers-ex-terms-v1.0,バラバラ,,ordinary_katakana_or_sound,2,contextual,sentence-level context,JP scan reviewed,fb77f496b2a4de8ef6512f9d459086209f5173314323888c082a9c36720c3437,"ordinary loanword, pronoun, slang, sound effect, or fragment; no fixed chapter terminology",pf:static:photonflowers11.rio.002:1162587616:00071160 |  | みんな白陵大に進むとはいえ、<03>学部なんかもバラバラだしな。<01> || pf:static:photonflowers11.rio.002:1602830768:00104367 |  | クラスの殆どの連中が、<03>白陵大に進むけど、<03>学部も何もかもバラバラ。<01>,mechanical_scan_reviewed
photonflowers-ex-terms-v1.0,バーカ,,ordinary_katakana_or_sound,2,contextual,sentence-level context,JP scan reviewed,fb77f496b2a4de8ef6512f9d459086209f5173314323888c082a9c36720c3437,"ordinary loanword, pronoun, slang, sound effect, or fragment; no fixed chapter terminology",pf:static:photonflowers11.rio:487283344:00099996 | 武 | 【武】「バーカ、<03>早く行ってこいよ」<01> || pf:static:photonflowers11.rio:487417908:00116099 | 武 | 【武】「やーいバーカ」<01>,mechanical_scan_reviewed
photonflowers-ex-terms-v1.0,パス,,ordinary_katakana_or_sound,2,contextual,sentence-level context,JP scan reviewed,fb77f496b2a4de8ef6512f9d459086209f5173314323888c082a9c36720c3437,"ordinary loanword, pronoun, slang, sound effect, or fragment; no fixed chapter terminology",pf:static:photonflowers11.rio.002:1495411112:00008837 |  | …<03>…<03>これは時間の割にあわないな…<03>…<03>パス！<01> || pf:static:photonflowers11.rio.002:1495411112:00009011 |  | これは…<03>…<03>ちっ！　フルタイムかよ…<03>…<03>パス！<01>,mechanical_scan_reviewed
photonflowers-ex-terms-v1.0,パワーアップ,,ordinary_katakana_or_sound,2,contextual,sentence-level context,JP scan reviewed,fb77f496b2a4de8ef6512f9d459086209f5173314323888c082a9c36720c3437,"ordinary loanword, pronoun, slang, sound effect, or fragment; no fixed chapter terminology",pf:static:photonflowers11.rio.002:1366349532:00071520 |  | もっとこう…<03>…<03>たまをパワーアップさせるようなアイテムはないのか！？<01> || pf:static:photonflowers11.rio:487590408:00107525 | 武 | 【武】「あれ？　…<03>…<03>お、<03>おい、<03>純夏やばいぞ…<03>…<03>…<03>…<03>それ、<03>昨日より不気味さがパワーアップして…<03>…<03>うひゃひゃひゃひゃ…<03>…<03>…<03>…<03>あはははっ…<03>…<03>こえええッ！！」<01>,mechanical_scan_reviewed
photonflowers-ex-terms-v1.0,ヒミツ,,ordinary_katakana_or_sound,2,contextual,sentence-level context,JP scan reviewed,fb77f496b2a4de8ef6512f9d459086209f5173314323888c082a9c36720c3437,"ordinary loanword, pronoun, slang, sound effect, or fragment; no fixed chapter terminology",pf:static:photonflowers11.rio:487417908:00153039 | 壬姫 | 【壬姫】「中に、<03>ハンペンとかガンモドキとかコンニャクとか入ってるんだよー。<0A>中身は食べてのお楽しみで、<03>何種類あるかはヒミツなんだってー！」<01> || pf:static:photonflowers11.rio:487417908:00157637 |  | おでんまんのヒミツがいま解き明かされるかもしれないんだね～。<01>,mechanical_scan_reviewed
photonflowers-ex-terms-v1.0,ヒント,,ordinary_katakana_or_sound,2,contextual,sentence-level context,JP scan reviewed,fb77f496b2a4de8ef6512f9d459086209f5173314323888c082a9c36720c3437,"ordinary loanword, pronoun, slang, sound effect, or fragment; no fixed chapter terminology",pf:static:photonflowers11.rio.002:1322667676:00118236 | 夕呼 | 【夕呼】「ヒントあげるわ。<0A>白銀、<03>あんたたち幼なじみでしょ？　ずっと一緒にいて、<03>お互い知り尽くしてるつもりだったのよね？」<01> || pf:static:photonflowers11.rio.002:1391025672:00108789 | 夕呼 | 【夕呼】「ヒントをもうひとつあげるわ。<0A>鑑はね、<03>あんたと自分の人生を考えていたのよ」<01>,mechanical_scan_reviewed
photonflowers-ex-terms-v1.0,ビキニ,,ordinary_katakana_or_sound,2,contextual,sentence-level context,JP scan reviewed,fb77f496b2a4de8ef6512f9d459086209f5173314323888c082a9c36720c3437,"ordinary loanword, pronoun, slang, sound effect, or fragment; no fixed chapter terminology",pf:static:photonflowers11.rio:487283344:00075764 | 純夏 | 【純夏】「ねぇねぇ、<03>ビキニとワンピースどっちがいいかなぁ？」　<01> || pf:static:photonflowers11.rio:487283344:00087546 |  | タケルちゃんをぎゃふんと言わせるには、<03>ちょっと過激なやつのほうが…<03>…<03>そうするとビキニがいいかな。<01>,mechanical_scan_reviewed
photonflowers-ex-terms-v1.0,フォロー,,ordinary_katakana_or_sound,2,contextual,sentence-level context,JP scan reviewed,fb77f496b2a4de8ef6512f9d459086209f5173314323888c082a9c36720c3437,"ordinary loanword, pronoun, slang, sound effect, or fragment; no fixed chapter terminology",pf:static:photonflowers11.rio.002:30631052:00095676 |  | 今朝気まずかったから、<03>帰りにフォローとか思ってたのに！<01> || pf:static:photonflowers11.rio:487590408:00109609 |  | 鑑さん…<03>…<03>…<03>…<03>フォロー…<03>…<03>ありがと…<03>…<03>。<01>,mechanical_scan_reviewed
photonflowers-ex-terms-v1.0,ブロー,,ordinary_katakana_or_sound,2,contextual,sentence-level context,JP scan reviewed,fb77f496b2a4de8ef6512f9d459086209f5173314323888c082a9c36720c3437,"ordinary loanword, pronoun, slang, sound effect, or fragment; no fixed chapter terminology",pf:static:photonflowers11.rio.002:1162587616:00085502 |  | たかだか醤油ごときで必殺ブローくれやがって！<01> || pf:static:photonflowers11.rio:487283344:00076000 | 武 | 【武】「────こうして、<03>純夏の必殺ブロー『ドリルミルキィパンチ』は完成したんだ。<0A>ガキの頃からひどい目にあわされて来たんだよオレは。<0A>わかるか…<03>…<03>尊人？」<01>,mechanical_scan_reviewed
photonflowers-ex-terms-v1.0,ブンブンブン,,ordinary_katakana_or_sound,2,contextual,sentence-level context,JP scan reviewed,fb77f496b2a4de8ef6512f9d459086209f5173314323888c082a9c36720c3437,"ordinary loanword, pronoun, slang, sound effect, or fragment; no fixed chapter terminology",pf:static:photonflowers11.rio.002:1391025672:00150963 |  | ブンブンブン！<01> || pf:static:photonflowers11.rio.002:1391025672:00151081 |  | ブンブンブン！<01>,mechanical_scan_reviewed
photonflowers-ex-terms-v1.0,ペンダント,,ordinary_katakana_or_sound,2,contextual,sentence-level context,JP scan reviewed,fb77f496b2a4de8ef6512f9d459086209f5173314323888c082a9c36720c3437,"ordinary loanword, pronoun, slang, sound effect, or fragment; no fixed chapter terminology",pf:static:photonflowers11.rio.002:1366349532:00042438 | 武 | 【武】「お…<03>…<03>なんだこれ、<03>万華鏡？　ペンダント？」<01> || pf:static:photonflowers11.rio.002:1366349532:00042630 | 壬姫 | 【壬姫】「うん。シルバーの万華鏡に、<03>天使のストラップがついてペンダントになってるんだよー」<01>,mechanical_scan_reviewed
photonflowers-ex-terms-v1.0,ボー,,ordinary_katakana_or_sound,2,contextual,sentence-level context,JP scan reviewed,fb77f496b2a4de8ef6512f9d459086209f5173314323888c082a9c36720c3437,"ordinary loanword, pronoun, slang, sound effect, or fragment; no fixed chapter terminology",pf:static:photonflowers11.rio.002:1602830768:00107613 | 武 | <05>【武】「おい、<03>何ボーっとしてんだよ。<0A>宇宙から電波でも受信してんのか？」 || pf:static:photonflowers11.rio:487283344:00108476 | 武 | 【武】「おい、<03>何ボーっとしてんだよ。<0A>宇宙から電波でも受信してんのか？」<01>,mechanical_scan_reviewed
photonflowers-ex-terms-v1.0,マイルドクルー,,ordinary_katakana_or_sound,2,contextual,sentence-level context,JP scan reviewed,fb77f496b2a4de8ef6512f9d459086209f5173314323888c082a9c36720c3437,"ordinary loanword, pronoun, slang, sound effect, or fragment; no fixed chapter terminology",pf:static:photonflowers11.rio.002:1602830768:00107463 |  | <05>マイルドクルー横幅に行ったり…<03>…<03> || pf:static:photonflowers11.rio:487283344:00091188 | 純夏 | 【純夏】「え？　マイルドクルー横幅に行くからだよ？」<01>,mechanical_scan_reviewed
photonflowers-ex-terms-v1.0,マスコミ,,ordinary_katakana_or_sound,2,contextual,sentence-level context,JP scan reviewed,fb77f496b2a4de8ef6512f9d459086209f5173314323888c082a9c36720c3437,"ordinary loanword, pronoun, slang, sound effect, or fragment; no fixed chapter terminology",pf:static:photonflowers11.rio.002:1602830768:00112579 | 月詠 | <05>【月詠】「日本のマスコミに知られぬよう職人を呼び寄せるのは、<03>かなり苦労致しました」 || pf:static:photonflowers11.rio:487890932:00164531 | 銀行強盗１ | 【銀行強盗１】「これだけの騒ぎを起こしたんだ……裁判になればマスコミも注目する。動機を証言するチャンスもある」<01>,mechanical_scan_reviewed
photonflowers-ex-terms-v1.0,ミッション,,ordinary_katakana_or_sound,2,contextual,sentence-level context,JP scan reviewed,fb77f496b2a4de8ef6512f9d459086209f5173314323888c082a9c36720c3437,"ordinary loanword, pronoun, slang, sound effect, or fragment; no fixed chapter terminology",pf:static:photonflowers11.rio.002:30631052:00110504 |  | 何か大きなミッションがあって、<03>今のはその一部なのかもしれん。<01> || pf:static:photonflowers11.rio.002:30631052:00113656 |  | チョビット・ハブですらそうそうお目にかかれない、<03>特Ａ級のミッションだぜ。<01>,mechanical_scan_reviewed
photonflowers-ex-terms-v1.0,ムダ,,ordinary_katakana_or_sound,2,contextual,sentence-level context,JP scan reviewed,fb77f496b2a4de8ef6512f9d459086209f5173314323888c082a9c36720c3437,"ordinary loanword, pronoun, slang, sound effect, or fragment; no fixed chapter terminology",pf:static:photonflowers11.rio.002:1162587616:00072078 |  | それに、<03>ウチの大学は敷地もムダに広いからな…<03>…<03>構内でバッタリ会うなんて偶然は期待できない。<01> || pf:static:photonflowers11.rio.002:1322667676:00049302 | 武 | 【武】「え？　ああ…<03>…<03>まあ、<03>よかったんじゃねーの？　ただ、<03>みんなにしてみりゃ卒業寸前にイジメなんて労力のムダだろうし…<03>…<03>」<01>,mechanical_scan_reviewed
photonflowers-ex-terms-v1.0,メチャクチャ,,ordinary_katakana_or_sound,2,contextual,sentence-level context,JP scan reviewed,fb77f496b2a4de8ef6512f9d459086209f5173314323888c082a9c36720c3437,"ordinary loanword, pronoun, slang, sound effect, or fragment; no fixed chapter terminology",pf:static:photonflowers11.rio.002:1097218736:00018652 |  | メチャクチャ冷え込んでんなあ…<03>…<03>。<01> || pf:static:photonflowers11.rio.002:1602830768:00079643 |  | 昨日はメチャクチャ早く眠ったからな…<03>…<03>。<01>,mechanical_scan_reviewed
photonflowers-ex-terms-v1.0,ヤバイ,,ordinary_katakana_or_sound,2,contextual,sentence-level context,JP scan reviewed,fb77f496b2a4de8ef6512f9d459086209f5173314323888c082a9c36720c3437,"ordinary loanword, pronoun, slang, sound effect, or fragment; no fixed chapter terminology",pf:static:photonflowers11.rio:487283344:00085592 | 武 | 【武】「あッ、<03>ヤバイぞ純夏！　水に濡れると顔がふやけるぞ！　パワーダウンだぞ？」<01> || pf:static:photonflowers11.rio:487590408:00086225 | 武 | 【武】「えぇ～～？！　かなりヤバイぜ、<03>それＵＭＡ？　絶対かわいくねぇよ！」<01>,mechanical_scan_reviewed
photonflowers-ex-terms-v1.0,ヨリ,,ordinary_katakana_or_sound,2,contextual,sentence-level context,JP scan reviewed,fb77f496b2a4de8ef6512f9d459086209f5173314323888c082a9c36720c3437,"ordinary loanword, pronoun, slang, sound effect, or fragment; no fixed chapter terminology",pf:static:photonflowers11.rio.002:1322667676:00062812 | 夕呼 | 【夕呼】「煽る？　なんで？　ああ、<03>もしかしてヨリ戻そうとしてるんだ？」<01> || pf:static:photonflowers11.rio.002:1322667676:00063294 | 夕呼 | 【夕呼】「もしかして、<03>今までのはその話だったの？　あははは…<03>…<03>ならムリムリ！　ヨリなんて戻りっこないわ」<01>,mechanical_scan_reviewed
photonflowers-ex-terms-v1.0,リフォーム,,ordinary_katakana_or_sound,2,contextual,sentence-level context,JP scan reviewed,fb77f496b2a4de8ef6512f9d459086209f5173314323888c082a9c36720c3437,"ordinary loanword, pronoun, slang, sound effect, or fragment; no fixed chapter terminology",pf:static:photonflowers11.rio.002:1391025672:00143113 | 純夏 | 【純夏】「ううん、<03>リフォームして変わったよ」<01> || pf:static:photonflowers11.rio.002:1391025672:00143383 | 純夏 | 【純夏】「リフォームしたその時も同じ話した」<01>,mechanical_scan_reviewed
photonflowers-ex-terms-v1.0,ロマンチック,,ordinary_katakana_or_sound,2,contextual,sentence-level context,JP scan reviewed,fb77f496b2a4de8ef6512f9d459086209f5173314323888c082a9c36720c3437,"ordinary loanword, pronoun, slang, sound effect, or fragment; no fixed chapter terminology",pf:static:photonflowers11.rio.002:1097218736:00036590 | 武 | 【武】「そうか…<03>…<03>ロマンチックだろ？」<01> || pf:static:photonflowers11.rio.002:1602830768:00151151 |  | ロマンチックなお膳立てと言うべきか、<03>余計なことを、<03>と怒るべきか…<03>…<03>。<01>,mechanical_scan_reviewed
photonflowers-ex-terms-v1.0,ワイドショー,,ordinary_katakana_or_sound,2,contextual,sentence-level context,JP scan reviewed,fb77f496b2a4de8ef6512f9d459086209f5173314323888c082a9c36720c3437,"ordinary loanword, pronoun, slang, sound effect, or fragment; no fixed chapter terminology",pf:static:photonflowers11.rio.002:630827184:00072732 | 武 | 【武】「…<03>…<03>おまえ、<03>実はワイドショーとか好きだろ？」<01> || pf:static:photonflowers11.rio.002:630827184:00073962 |  | 柏木の奴、<03>ワイドショー好きだけあって聞き上手なんだよなあ…<03>…<03>ちくしょう。<0A>いや、<03>別に悔しくはないんだが…<03>…<03>。<01>,mechanical_scan_reviewed
photonflowers-ex-terms-v1.0,ワンピース,,ordinary_katakana_or_sound,2,contextual,sentence-level context,JP scan reviewed,fb77f496b2a4de8ef6512f9d459086209f5173314323888c082a9c36720c3437,"ordinary loanword, pronoun, slang, sound effect, or fragment; no fixed chapter terminology",pf:static:photonflowers11.rio:487283344:00075764 | 純夏 | 【純夏】「ねぇねぇ、<03>ビキニとワンピースどっちがいいかなぁ？」　<01> || pf:static:photonflowers11.rio:487283344:00087942 |  | けど、<03>う～ん、<03>ワンピースとかもかわいいよね～。<01>,mechanical_scan_reviewed
photonflowers-ex-terms-v1.0,一同,,ordinary_or_context_collision,2,contextual,translate in sentence; not frozen as a chapter term,origin/main glossary checked + JP context,e9ee9faffb2ef37bee94ee3d5c9a185623af6e2a2997a85a474f8a4629c4410c,exact string match is not a context-applicable terminology match,pf:static:photonflowers11.rio.002:1391025672:00084591 | 一同 | 【一同】「…<03>…<03>…<03>…<03>」<01> || pf:static:photonflowers11.rio.002:1602830768:00148251 | 一同 | 【一同】「ありがとうございましたーー！」<01>,mechanical_scan_reviewed
photonflowers-ex-terms-v1.0,人生,,quoted_sentence_or_local_expression,2,contextual,preserve quoted function in its sentence,JP scan reviewed,fb77f496b2a4de8ef6512f9d459086209f5173314323888c082a9c36720c3437,"most captures are full quotations, headings, or ordinary emphasized words rather than reusable terms",pf:static:photonflowers11.rio.002:1391025672:00100343 | 夕呼 | 【夕呼】「学生だから『人生』なんて言葉に現実味がない？　いいわよそれでも。<0A>別にあたしには関係ないわ」<01> || pf:static:photonflowers11.rio.002:1602830768:00156853 | 武 | 【武】「こいつを見て…<03>…<03>いろんなことを思い出して、<03>考えて…<03>…<03>情けないけど、<03>この幸運が、<03>おれの『人生』にも幸運をもたらしてくれたんだ」<01>,mechanical_scan_reviewed
photonflowers-ex-terms-v1.0,千鶴・壬姫,,functional_speaker_label,2,contextual,speaker/group/role label,authoritative speaker_jp scan,fb77f496b2a4de8ef6512f9d459086209f5173314323888c082a9c36720c3437,translate label according to row context; not a reusable proper term,,mechanical_scan_reviewed
photonflowers-ex-terms-v1.0,名様,,regex_address_false_positive,2,contextual,sentence-level context,JP scan reviewed,fb77f496b2a4de8ef6512f9d459086209f5173314323888c082a9c36720c3437,"over-inclusive suffix regex captured a phrase, ordinary honorific, or non-address expression",pf:static:photonflowers11.rio.002:1391025672:00124617 | 福引係 | 【福引係】「さあさあ、<03>遠慮なさらずに！　この福引きは先着１名様限りのものなのです！　このチャンスを逃す手はございません！」<01> || pf:static:photonflowers11.rio.002:1391025672:00126865 | 福引係 | 【福引係】「温泉旅行２名様ご招待券です」<01>,mechanical_scan_reviewed
photonflowers-ex-terms-v1.0,告白,,ordinary_or_context_collision,2,contextual,translate in sentence; not frozen as a chapter term,origin/main glossary checked + JP context,e9ee9faffb2ef37bee94ee3d5c9a185623af6e2a2997a85a474f8a4629c4410c,exact string match is not a context-applicable terminology match,pf:static:photonflowers11.rio:487194916:00076908 |  | 告白の激情にまかせて、<03>その勢いでＨになだれ込んじまったからかな？<01> || pf:static:photonflowers11.rio:487194916:00077188 |  | あの数時間に感情的に怒濤の展開がありすぎたからなあ。<0A>告白とＨの印象がオーバーラップしちまって、<03>感覚的に識別できんのかも…<03>…<03>。<01>,mechanical_scan_reviewed
photonflowers-ex-terms-v1.0,尊人ちゃん,,regex_address_false_positive,2,contextual,sentence-level context,JP scan reviewed,fb77f496b2a4de8ef6512f9d459086209f5173314323888c082a9c36720c3437,"over-inclusive suffix regex captured a phrase, ordinary honorific, or non-address expression",pf:static:photonflowers11.rio.002:1366349532:00078498 | 壬姫 | 【壬姫】「みみみ、<03>尊人ちゃん！　しー！　しー！」<01> || pf:static:photonflowers11.rio.002:1602830768:00175067 | 壬姫 | 【壬姫】「なーんだ、<03>尊人ちゃんもそうだったんだあ…<03>…<03>ほら、<03>ミキも持ってきたんだよー」<01>,mechanical_scan_reviewed
photonflowers-ex-terms-v1.0,左様,,regex_address_false_positive,2,contextual,sentence-level context,JP scan reviewed,fb77f496b2a4de8ef6512f9d459086209f5173314323888c082a9c36720c3437,"over-inclusive suffix regex captured a phrase, ordinary honorific, or non-address expression",pf:static:photonflowers11.rio:488133660:00086677 | 醍三郎 | 【醍三郎】「左様。いかな理由であれ、修行半ばで山を下りれば、その者は免許皆伝の資格を永久に失う」<01> || pf:static:photonflowers11.rio.002:186673440:00148793 | 雷電 | 【雷電】「左様か……冥夜よ、そなたは見事に試練に打ち勝った」<01>,mechanical_scan_reviewed
photonflowers-ex-terms-v1.0,武・千鶴,,functional_speaker_label,2,contextual,speaker/group/role label,authoritative speaker_jp scan,fb77f496b2a4de8ef6512f9d459086209f5173314323888c082a9c36720c3437,translate label according to row context; not a reusable proper term,,mechanical_scan_reviewed
photonflowers-ex-terms-v1.0,武・純夏,,functional_speaker_label,2,contextual,speaker/group/role label,authoritative speaker_jp scan,fb77f496b2a4de8ef6512f9d459086209f5173314323888c082a9c36720c3437,translate label according to row context; not a reusable proper term,,mechanical_scan_reviewed
photonflowers-ex-terms-v1.0,触角,,quoted_sentence_or_local_expression,2,contextual,preserve quoted function in its sentence,JP scan reviewed,fb77f496b2a4de8ef6512f9d459086209f5173314323888c082a9c36720c3437,"most captures are full quotations, headings, or ordinary emphasized words rather than reusable terms",pf:static:photonflowers11.rio.002:1602830768:00108209 | 武 | <05>【武】「いいよな～、<03>ヒマなときはその『触角』で宇宙と交信すればいいんだから」 || pf:static:photonflowers11.rio:487283344:00109056 | 武 | 【武】「いいよな～、<03>ヒマなときはその『触角』で宇宙と交信すればいいんだから」<01>,mechanical_scan_reviewed
photonflowers-ex-terms-v1.0,警備隊員,,functional_speaker_label,2,contextual,speaker/group/role label,authoritative speaker_jp scan,fb77f496b2a4de8ef6512f9d459086209f5173314323888c082a9c36720c3437,translate label according to row context; not a reusable proper term,,mechanical_scan_reviewed
photonflowers-ex-terms-v1.0,隊員,,ordinary_or_context_collision,2,contextual,translate in sentence; not frozen as a chapter term,origin/main glossary checked + JP context,e9ee9faffb2ef37bee94ee3d5c9a185623af6e2a2997a85a474f8a4629c4410c,exact string match is not a context-applicable terminology match,pf:static:photonflowers11.rio:487890932:00205475 | 警備隊員 | 【警備隊員】「――悪く思うなよ。これも仕事だ」<01> || pf:static:photonflowers11.rio:487890932:00205691 | 警備隊員 | 【警備隊員】「――ぐあッ！」<01>,mechanical_scan_reviewed
photonflowers-ex-terms-v1.0,YOKOHAMA,,ordinary_katakana_or_sound,1,contextual,sentence-level context,JP scan reviewed,fb77f496b2a4de8ef6512f9d459086209f5173314323888c082a9c36720c3437,"ordinary loanword, pronoun, slang, sound effect, or fragment; no fixed chapter terminology",pf:static:photonflowers11.rio.002:30631052:00070422 |  | 昨日あれからコンビニ行って「YOKOHAMAスカイウォーカー」仕入れてきたしな、<03>映画情報もバッチリだ。<01>,mechanical_scan_reviewed
photonflowers-ex-terms-v1.0,……以上が男女交際の基本です。次に、予測される障害の分類です,,quoted_sentence_or_local_expression,1,contextual,preserve quoted function in its sentence,JP scan reviewed,fb77f496b2a4de8ef6512f9d459086209f5173314323888c082a9c36720c3437,"most captures are full quotations, headings, or ordinary emphasized words rather than reusable terms",pf:static:photonflowers11.rio:487890932:00095667 |  | 『……以上が男女交際の基本です。次に、予測される障害の分類です』<01>,mechanical_scan_reviewed
photonflowers-ex-terms-v1.0,あいたー,,quoted_sentence_or_local_expression,1,contextual,preserve quoted function in its sentence,JP scan reviewed,fb77f496b2a4de8ef6512f9d459086209f5173314323888c082a9c36720c3437,"most captures are full quotations, headings, or ordinary emphasized words rather than reusable terms",pf:static:photonflowers11.rio.002:1162587616:00062396 | 武 | 【武】「もしかしてさー、<03>ものすげー声で『あいたー』とか叫んでなかったか？」<01>,mechanical_scan_reviewed
photonflowers-ex-terms-v1.0,あからさま,,regex_address_false_positive,1,contextual,sentence-level context,JP scan reviewed,fb77f496b2a4de8ef6512f9d459086209f5173314323888c082a9c36720c3437,"over-inclusive suffix regex captured a phrase, ordinary honorific, or non-address expression",pf:static:photonflowers11.rio.002:1238534540:00064860 |  | あいつ、<03>あからさまに何かを期待してやがるな。<01>,mechanical_scan_reviewed
photonflowers-ex-terms-v1.0,あなたはちゃん,,regex_address_false_positive,1,contextual,sentence-level context,JP scan reviewed,fb77f496b2a4de8ef6512f9d459086209f5173314323888c082a9c36720c3437,"over-inclusive suffix regex captured a phrase, ordinary honorific, or non-address expression",pf:static:photonflowers11.rio:487417908:00117721 | 千鶴 | 【千鶴】「あなたはちゃんと授業に出なさい！」<01>,mechanical_scan_reviewed
photonflowers-ex-terms-v1.0,あなたは意中の殿,,regex_address_false_positive,1,contextual,sentence-level context,JP scan reviewed,fb77f496b2a4de8ef6512f9d459086209f5173314323888c082a9c36720c3437,"over-inclusive suffix regex captured a phrase, ordinary honorific, or non-address expression",pf:static:photonflowers11.rio:487890932:00114779 |  | 『事例２２―着替え中　あなたは意中の殿方に、着替えを覗かれていることに気付きました』<01>,mechanical_scan_reviewed
photonflowers-ex-terms-v1.0,あなた様,,regex_address_false_positive,1,contextual,sentence-level context,JP scan reviewed,fb77f496b2a4de8ef6512f9d459086209f5173314323888c082a9c36720c3437,"over-inclusive suffix regex captured a phrase, ordinary honorific, or non-address expression",pf:static:photonflowers11.rio.002:1602830768:00137281 | 月詠 | 【月詠】「あなた様がこれを高価なものだとお感じになられたのでしたら、<03>冥夜様もさぞお喜びになるでしょう」<01>,mechanical_scan_reviewed
photonflowers-ex-terms-v1.0,あのお方は御剣冥夜様,,regex_address_false_positive,1,contextual,sentence-level context,JP scan reviewed,fb77f496b2a4de8ef6512f9d459086209f5173314323888c082a9c36720c3437,"over-inclusive suffix regex captured a phrase, ordinary honorific, or non-address expression",pf:static:photonflowers11.rio:487890932:00206283 | 月詠 | 【月詠】「あのお方は御剣冥夜様でございます」<01>,mechanical_scan_reviewed
photonflowers-ex-terms-v1.0,あのね白銀君,,regex_address_false_positive,1,contextual,sentence-level context,JP scan reviewed,fb77f496b2a4de8ef6512f9d459086209f5173314323888c082a9c36720c3437,"over-inclusive suffix regex captured a phrase, ordinary honorific, or non-address expression",pf:static:photonflowers11.rio.002:30631052:00119784 | まりも | 【まりも】「――あのね白銀君！　『神宮司先生すみませんでした』でしょ！！」<01>,mechanical_scan_reviewed
photonflowers-ex-terms-v1.0,あの時のタケルちゃん,,regex_address_false_positive,1,contextual,sentence-level context,JP scan reviewed,fb77f496b2a4de8ef6512f9d459086209f5173314323888c082a9c36720c3437,"over-inclusive suffix regex captured a phrase, ordinary honorific, or non-address expression",pf:static:photonflowers11.rio:487194916:00063524 | 純夏 | 【純夏】「そうだよー。<0A>クリスマスの時１回だけじゃない、<03>デートしたの。<0A>あの時のタケルちゃん、<03>凄く優しくて…<03>…<03>」<01>,mechanical_scan_reviewed
photonflowers-ex-terms-v1.0,あの時は結局それで月詠さん,,regex_address_false_positive,1,contextual,sentence-level context,JP scan reviewed,fb77f496b2a4de8ef6512f9d459086209f5173314323888c082a9c36720c3437,"over-inclusive suffix regex captured a phrase, ordinary honorific, or non-address expression",pf:static:photonflowers11.rio.002:1162587616:00042384 |  | …<03>…<03>そうだ、<03>あの時は結局それで月詠さんが本場のオーストラリアに送り込んだんだっけ。<01>,mechanical_scan_reviewed
photonflowers-ex-terms-v1.0,あの者,,quoted_sentence_or_local_expression,1,contextual,preserve quoted function in its sentence,JP scan reviewed,fb77f496b2a4de8ef6512f9d459086209f5173314323888c082a9c36720c3437,"most captures are full quotations, headings, or ordinary emphasized words rather than reusable terms",pf:static:photonflowers11.rio:487890932:00091531 |  | いや、覚悟はできていたのだが……『あの者』の元へ行くという事が現実になると……複雑だ。<01>,mechanical_scan_reviewed
photonflowers-ex-terms-v1.0,いかにお師匠様,,regex_address_false_positive,1,contextual,sentence-level context,JP scan reviewed,fb77f496b2a4de8ef6512f9d459086209f5173314323888c082a9c36720c3437,"over-inclusive suffix regex captured a phrase, ordinary honorific, or non-address expression",pf:static:photonflowers11.rio:488133660:00093077 |  | いかにお師匠様とは言え斬られていれば無事で済むとも思えぬ程のキレであった。<01>,mechanical_scan_reviewed
photonflowers-ex-terms-v1.0,いかに御祖父様,,regex_address_false_positive,1,contextual,sentence-level context,JP scan reviewed,fb77f496b2a4de8ef6512f9d459086209f5173314323888c082a9c36720c3437,"over-inclusive suffix regex captured a phrase, ordinary honorific, or non-address expression",pf:static:photonflowers11.rio:488133660:00054107 |  | いかに御祖父様とはいえ……ここまで手の込んだことはなさるまい。<01>,mechanical_scan_reviewed
photonflowers-ex-terms-v1.0,いきなり入ってくる白銀君,,regex_address_false_positive,1,contextual,sentence-level context,JP scan reviewed,fb77f496b2a4de8ef6512f9d459086209f5173314323888c082a9c36720c3437,"over-inclusive suffix regex captured a phrase, ordinary honorific, or non-address expression",pf:static:photonflowers11.rio:487417908:00114091 | 千鶴 | 【千鶴】「いきなり入ってくる白銀君がいけないんでしょ？　何でも鑑さんのせいにして！」<01>,mechanical_scan_reviewed
photonflowers-ex-terms-v1.0,いきなり白銀君,,regex_address_false_positive,1,contextual,sentence-level context,JP scan reviewed,fb77f496b2a4de8ef6512f9d459086209f5173314323888c082a9c36720c3437,"over-inclusive suffix regex captured a phrase, ordinary honorific, or non-address expression",pf:static:photonflowers11.rio.002:1391025672:00078407 | 千鶴 | 【千鶴】「あ、<03>あ、<03>あ、<03>あなたねぇっ！　何が『まあ見てて』よ！　いきなり白銀君呼んで投げ飛ばしただけじゃないの！」<01>,mechanical_scan_reviewed
photonflowers-ex-terms-v1.0,いきなり首突っ込んできただけの先生,,regex_address_false_positive,1,contextual,sentence-level context,JP scan reviewed,fb77f496b2a4de8ef6512f9d459086209f5173314323888c082a9c36720c3437,"over-inclusive suffix regex captured a phrase, ordinary honorific, or non-address expression",pf:static:photonflowers11.rio.002:1322667676:00114970 |  | なんで、<03>いきなり首突っ込んできただけの先生にわかって、<03>オレにわかんないんだよ？<01>,mechanical_scan_reviewed
photonflowers-ex-terms-v1.0,いくら白銀君,,regex_address_false_positive,1,contextual,sentence-level context,JP scan reviewed,fb77f496b2a4de8ef6512f9d459086209f5173314323888c082a9c36720c3437,"over-inclusive suffix regex captured a phrase, ordinary honorific, or non-address expression",pf:static:photonflowers11.rio.002:1533930220:00019521 | 千鶴 | 【千鶴】「そうよ…<03>…<03>いくら白銀君でも傷つくかも知れないじゃない」<01>,mechanical_scan_reviewed
photonflowers-ex-terms-v1.0,いたしかたない,,quoted_sentence_or_local_expression,1,contextual,preserve quoted function in its sentence,JP scan reviewed,fb77f496b2a4de8ef6512f9d459086209f5173314323888c082a9c36720c3437,"most captures are full quotations, headings, or ordinary emphasized words rather than reusable terms",pf:static:photonflowers11.rio:487590408:00090177 |  | なにが『いたしかたない』よ。<0A>自分でいうなッ！<01>,mechanical_scan_reviewed
photonflowers-ex-terms-v1.0,いつもタケルちゃん,,regex_address_false_positive,1,contextual,sentence-level context,JP scan reviewed,fb77f496b2a4de8ef6512f9d459086209f5173314323888c082a9c36720c3437,"over-inclusive suffix regex captured a phrase, ordinary honorific, or non-address expression",pf:static:photonflowers11.rio.002:1097218736:00024122 | 純夏 | 【純夏】「そんなこと無いよ！　いつもタケルちゃんは何だかんだ言って結構もらうもん！」<01>,mechanical_scan_reviewed
photonflowers-ex-terms-v1.0,いよいよ御師匠様,,regex_address_false_positive,1,contextual,sentence-level context,JP scan reviewed,fb77f496b2a4de8ef6512f9d459086209f5173314323888c082a9c36720c3437,"over-inclusive suffix regex captured a phrase, ordinary honorific, or non-address expression",pf:static:photonflowers11.rio.002:186673440:00111149 |  | いよいよ御師匠様か。<01>,mechanical_scan_reviewed
photonflowers-ex-terms-v1.0,おい君,,regex_address_false_positive,1,contextual,sentence-level context,JP scan reviewed,fb77f496b2a4de8ef6512f9d459086209f5173314323888c082a9c36720c3437,"over-inclusive suffix regex captured a phrase, ordinary honorific, or non-address expression",pf:static:photonflowers11.rio:487890932:00126713 | 男の声１ | 【男の声１】「――おい君ッ！　そっちはッ！！」<01>,mechanical_scan_reviewed
photonflowers-ex-terms-v1.0,おかしいのはタケルちゃん,,regex_address_false_positive,1,contextual,sentence-level context,JP scan reviewed,fb77f496b2a4de8ef6512f9d459086209f5173314323888c082a9c36720c3437,"over-inclusive suffix regex captured a phrase, ordinary honorific, or non-address expression",pf:static:photonflowers11.rio.002:1162587616:00080300 | 純夏 | 【純夏】「あり得ないっ！　おかしいのはタケルちゃん！　だからタケルちゃんが合わせて」<01>,mechanical_scan_reviewed
photonflowers-ex-terms-v1.0,おじさん,,regex_address_false_positive,1,contextual,sentence-level context,JP scan reviewed,fb77f496b2a4de8ef6512f9d459086209f5173314323888c082a9c36720c3437,"over-inclusive suffix regex captured a phrase, ordinary honorific, or non-address expression",pf:static:photonflowers11.rio.002:1391025672:00143825 | 純夏 | 【純夏】「今のタケルちゃんの部屋って、<03>おじさんの部屋じゃなかった？」<01>,mechanical_scan_reviewed
photonflowers-ex-terms-v1.0,おっさん,,regex_address_false_positive,1,contextual,sentence-level context,JP scan reviewed,fb77f496b2a4de8ef6512f9d459086209f5173314323888c082a9c36720c3437,"over-inclusive suffix regex captured a phrase, ordinary honorific, or non-address expression",pf:static:photonflowers11.rio:487716956:00111191 | 武 | 【武】「出るか！！　ったく、<03>い～よ、<03>もう１個買ってやる…<03>…<03>…<03>…<03>おっさん、<03>ヤキソバひとつ」<01>,mechanical_scan_reviewed
photonflowers-ex-terms-v1.0,おまえの母ちゃん,,regex_address_false_positive,1,contextual,sentence-level context,JP scan reviewed,fb77f496b2a4de8ef6512f9d459086209f5173314323888c082a9c36720c3437,"over-inclusive suffix regex captured a phrase, ordinary honorific, or non-address expression",pf:static:photonflowers11.rio.002:1162587616:00041464 |  | まあ、<03>おまえの母ちゃんだからなあ…<03>…<03>。<01>,mechanical_scan_reviewed
photonflowers-ex-terms-v1.0,おまえはいつか、自分自身の言葉で滅ぼされるぞ！,,quoted_sentence_or_local_expression,1,contextual,preserve quoted function in its sentence,JP scan reviewed,fb77f496b2a4de8ef6512f9d459086209f5173314323888c082a9c36720c3437,"most captures are full quotations, headings, or ordinary emphasized words rather than reusable terms",pf:static:photonflowers11.rio:487590408:00080661 |  | ────『おまえはいつか、<03>自分自身の言葉で滅ぼされるぞ！』<01>,mechanical_scan_reviewed
photonflowers-ex-terms-v1.0,おまえもちゃん,,regex_address_false_positive,1,contextual,sentence-level context,JP scan reviewed,fb77f496b2a4de8ef6512f9d459086209f5173314323888c082a9c36720c3437,"over-inclusive suffix regex captured a phrase, ordinary honorific, or non-address expression",pf:static:photonflowers11.rio:487716956:00139235 |  | …<03>…<03>だから、<03>おまえもちゃんと自分でがんばるんだよ。<01>,mechanical_scan_reviewed
photonflowers-ex-terms-v1.0,おめでとうございます冥夜様,,regex_address_false_positive,1,contextual,sentence-level context,JP scan reviewed,fb77f496b2a4de8ef6512f9d459086209f5173314323888c082a9c36720c3437,"over-inclusive suffix regex captured a phrase, ordinary honorific, or non-address expression",pf:static:photonflowers11.rio.002:186673440:00150243 | 月詠 | 【月詠】「おめでとうございます冥夜様。醍三郎様より文を授かって参りました。どうぞお読みになって下さい」<01>,mechanical_scan_reviewed
photonflowers-ex-terms-v1.0,お姉さん,,regex_address_false_positive,1,contextual,sentence-level context,JP scan reviewed,fb77f496b2a4de8ef6512f9d459086209f5173314323888c082a9c36720c3437,"over-inclusive suffix regex captured a phrase, ordinary honorific, or non-address expression",pf:static:photonflowers11.rio:487283344:00086932 |  | あ～、<03>なんか、<03>頭にきたぞ。<0A>お姉さんはいいから、<03>こっちを見～て～よ～っ！<01>,mechanical_scan_reviewed
photonflowers-ex-terms-v1.0,お嬢さん,,regex_address_false_positive,1,contextual,sentence-level context,JP scan reviewed,fb77f496b2a4de8ef6512f9d459086209f5173314323888c082a9c36720c3437,"over-inclusive suffix regex captured a phrase, ordinary honorific, or non-address expression",pf:static:photonflowers11.rio:487890932:00205239 | 支店長 | 【支店長】「いいでしょう……最初に殺されるのは人質ですッ――さようなら、お嬢さんッ！！」<01>,mechanical_scan_reviewed
photonflowers-ex-terms-v1.0,お客様は学生さん,,regex_address_false_positive,1,contextual,sentence-level context,JP scan reviewed,fb77f496b2a4de8ef6512f9d459086209f5173314323888c082a9c36720c3437,"over-inclusive suffix regex captured a phrase, ordinary honorific, or non-address expression",pf:static:photonflowers11.rio.002:1391025672:00127137 | 福引係 | 【福引係】「お客様は学生さんとお見受け致しました。<0A>卒業旅行に恋人と２人きりで行かれてはいかがですか？」<01>,mechanical_scan_reviewed
photonflowers-ex-terms-v1.0,お日様,,regex_address_false_positive,1,contextual,sentence-level context,JP scan reviewed,fb77f496b2a4de8ef6512f9d459086209f5173314323888c082a9c36720c3437,"over-inclusive suffix regex captured a phrase, ordinary honorific, or non-address expression",pf:static:photonflowers11.rio:487417908:00101343 |  | お日様のにおいと…<03>…<03>…<03>…<03>消毒液のにおいがして…<03>…<03>…<03>…<03>。<01>,mechanical_scan_reviewed
photonflowers-ex-terms-v1.0,お母さん,,regex_address_false_positive,1,contextual,sentence-level context,JP scan reviewed,fb77f496b2a4de8ef6512f9d459086209f5173314323888c082a9c36720c3437,"over-inclusive suffix regex captured a phrase, ordinary honorific, or non-address expression",pf:static:photonflowers11.rio.002:1162587616:00041242 | 純夏 | 【純夏】「お母さん」<01>,mechanical_scan_reviewed
photonflowers-ex-terms-v1.0,お気の毒ですがお嬢さん,,regex_address_false_positive,1,contextual,sentence-level context,JP scan reviewed,fb77f496b2a4de8ef6512f9d459086209f5173314323888c082a9c36720c3437,"over-inclusive suffix regex captured a phrase, ordinary honorific, or non-address expression",pf:static:photonflowers11.rio:487890932:00202053 | 支店長 | 【支店長】「お気の毒ですがお嬢さん、あなたはこの方達に殺されてしまうという運命なのです……諦めて下さい」<01>,mechanical_scan_reviewed
photonflowers-ex-terms-v1.0,お父さん,,regex_address_false_positive,1,contextual,sentence-level context,JP scan reviewed,fb77f496b2a4de8ef6512f9d459086209f5173314323888c082a9c36720c3437,"over-inclusive suffix regex captured a phrase, ordinary honorific, or non-address expression",pf:static:photonflowers11.rio.002:1602830768:00121229 | まりも | 【まりも】「これからも、<03>お父さんと一緒にいろんなところ旅してね」<01>,mechanical_scan_reviewed
photonflowers-ex-terms-v1.0,お疲れ様,,regex_address_false_positive,1,contextual,sentence-level context,JP scan reviewed,fb77f496b2a4de8ef6512f9d459086209f5173314323888c082a9c36720c3437,"over-inclusive suffix regex captured a phrase, ordinary honorific, or non-address expression",pf:static:photonflowers11.rio.002:1602830768:00170499 | 茜 | 【茜】「白銀君…<03>…<03>お疲れ様。<0A>ちょっとカッコよかったよ」<01>,mechanical_scan_reviewed
photonflowers-ex-terms-v1.0,お祭りはひとがたくさん,,regex_address_false_positive,1,contextual,sentence-level context,JP scan reviewed,fb77f496b2a4de8ef6512f9d459086209f5173314323888c082a9c36720c3437,"over-inclusive suffix regex captured a phrase, ordinary honorific, or non-address expression",pf:static:photonflowers11.rio:487716956:00102203 |  | お祭りはひとがたくさん。<01>,mechanical_scan_reviewed
photonflowers-ex-terms-v1.0,お節介焼きの神様,,regex_address_false_positive,1,contextual,sentence-level context,JP scan reviewed,fb77f496b2a4de8ef6512f9d459086209f5173314323888c082a9c36720c3437,"over-inclusive suffix regex captured a phrase, ordinary honorific, or non-address expression",pf:static:photonflowers11.rio.002:969768164:00012125 |  | これはチャンスだろ？　どう考えても、<03>お節介焼きの神様のお慈悲だろ？<01>,mechanical_scan_reviewed
photonflowers-ex-terms-v1.0,お言葉ですがお師匠様,,regex_address_false_positive,1,contextual,sentence-level context,JP scan reviewed,fb77f496b2a4de8ef6512f9d459086209f5173314323888c082a9c36720c3437,"over-inclusive suffix regex captured a phrase, ordinary honorific, or non-address expression",pf:static:photonflowers11.rio:488133660:00104087 | 冥夜 | 【冥夜】「お言葉ですがお師匠様！　御剣は決してたったなどという――」<01>,mechanical_scan_reviewed
photonflowers-ex-terms-v1.0,かの孫子も「敵を知り己を知れば即ち百戦危うからず也」と申しております,,quoted_sentence_or_local_expression,1,contextual,preserve quoted function in its sentence,JP scan reviewed,fb77f496b2a4de8ef6512f9d459086209f5173314323888c082a9c36720c3437,"most captures are full quotations, headings, or ordinary emphasized words rather than reusable terms",pf:static:photonflowers11.rio:487890932:00096447 |  | 『かの孫子も「敵を知り己を知れば即ち百戦危うからず也」と申しております』<01>,mechanical_scan_reviewed
photonflowers-ex-terms-v1.0,かわいい,,quoted_sentence_or_local_expression,1,contextual,preserve quoted function in its sentence,JP scan reviewed,fb77f496b2a4de8ef6512f9d459086209f5173314323888c082a9c36720c3437,"most captures are full quotations, headings, or ordinary emphasized words rather than reusable terms",pf:static:photonflowers11.rio:487590408:00094183 |  | 自分の事『かわいい』なんて思ってないけど、<03>普通そんなこと、面と向かって言う？！<01>,mechanical_scan_reviewed
photonflowers-ex-terms-v1.0,かわいくない,,quoted_sentence_or_local_expression,1,contextual,preserve quoted function in its sentence,JP scan reviewed,fb77f496b2a4de8ef6512f9d459086209f5173314323888c082a9c36720c3437,"most captures are full quotations, headings, or ordinary emphasized words rather than reusable terms",pf:static:photonflowers11.rio:487590408:00086603 |  | ────『かわいくない』<01>,mechanical_scan_reviewed
photonflowers-ex-terms-v1.0,かわいくねぇ～なあ,,quoted_sentence_or_local_expression,1,contextual,preserve quoted function in its sentence,JP scan reviewed,fb77f496b2a4de8ef6512f9d459086209f5173314323888c082a9c36720c3437,"most captures are full quotations, headings, or ordinary emphasized words rather than reusable terms",pf:static:photonflowers11.rio:487590408:00097771 |  | ――『かわいくねぇ～なあ』<01>,mechanical_scan_reviewed
photonflowers-ex-terms-v1.0,きさま,,regex_address_false_positive,1,contextual,sentence-level context,JP scan reviewed,fb77f496b2a4de8ef6512f9d459086209f5173314323888c082a9c36720c3437,"over-inclusive suffix regex captured a phrase, ordinary honorific, or non-address expression",pf:static:photonflowers11.rio:487716956:00145093 | 武 | 【武】「…<03>…<03>きさま」<01>,mechanical_scan_reviewed
photonflowers-ex-terms-v1.0,このあまりにあからさま,,regex_address_false_positive,1,contextual,sentence-level context,JP scan reviewed,fb77f496b2a4de8ef6512f9d459086209f5173314323888c082a9c36720c3437,"over-inclusive suffix regex captured a phrase, ordinary honorific, or non-address expression",pf:static:photonflowers11.rio.002:1391025672:00123901 |  | このあまりにあからさまな状況で、<03>騙され続けるのがいいのか？<01>,mechanical_scan_reviewed
photonflowers-ex-terms-v1.0,このお姉ちゃん,,regex_address_false_positive,1,contextual,sentence-level context,JP scan reviewed,fb77f496b2a4de8ef6512f9d459086209f5173314323888c082a9c36720c3437,"over-inclusive suffix regex captured a phrase, ordinary honorific, or non-address expression",pf:static:photonflowers11.rio:487890932:00140941 | 覆面の男２ | 【覆面の男２】「おいおい……このお姉ちゃんネジ飛んでんじゃねぇのか！？　どうにかしろよ！」<01>,mechanical_scan_reviewed
photonflowers-ex-terms-v1.0,このご様,,regex_address_false_positive,1,contextual,sentence-level context,JP scan reviewed,fb77f496b2a4de8ef6512f9d459086209f5173314323888c082a9c36720c3437,"over-inclusive suffix regex captured a phrase, ordinary honorific, or non-address expression",pf:static:photonflowers11.rio.002:186673440:00145487 |  | 斬っておいて何だが……一刻を争うと聞いていたにも関わらず、私に飛びついてきたり、このご様子は如何に？<01>,mechanical_scan_reviewed
photonflowers-ex-terms-v1.0,この場合の悲鳴は、建造物に激しい振動が発生する程度が最適です,,quoted_sentence_or_local_expression,1,contextual,preserve quoted function in its sentence,JP scan reviewed,fb77f496b2a4de8ef6512f9d459086209f5173314323888c082a9c36720c3437,"most captures are full quotations, headings, or ordinary emphasized words rather than reusable terms",pf:static:photonflowers11.rio:487890932:00123417 |  | 『この場合の悲鳴は、建造物に激しい振動が発生する程度が最適です』<02><0A><0A>,mechanical_scan_reviewed
photonflowers-ex-terms-v1.0,この声は御師匠様,,regex_address_false_positive,1,contextual,sentence-level context,JP scan reviewed,fb77f496b2a4de8ef6512f9d459086209f5173314323888c082a9c36720c3437,"over-inclusive suffix regex captured a phrase, ordinary honorific, or non-address expression",pf:static:photonflowers11.rio:488133660:00071287 |  | この声は御師匠様！？<01>,mechanical_scan_reviewed
photonflowers-ex-terms-v1.0,この有様,,regex_address_false_positive,1,contextual,sentence-level context,JP scan reviewed,fb77f496b2a4de8ef6512f9d459086209f5173314323888c082a9c36720c3437,"over-inclusive suffix regex captured a phrase, ordinary honorific, or non-address expression",pf:static:photonflowers11.rio:487890932:00091135 |  | 御祖父様に帰国を命じられたのだ……いよいよ覚悟を決めなければならぬというのに、この有様。<01>,mechanical_scan_reviewed
photonflowers-ex-terms-v1.0,これでは御師匠様,,regex_address_false_positive,1,contextual,sentence-level context,JP scan reviewed,fb77f496b2a4de8ef6512f9d459086209f5173314323888c082a9c36720c3437,"over-inclusive suffix regex captured a phrase, ordinary honorific, or non-address expression",pf:static:photonflowers11.rio:488133660:00079479 |  | これでは御師匠様の仰る通り……そのゆとりもない程浮き足立っていたと言うことか。<01>,mechanical_scan_reviewed
photonflowers-ex-terms-v1.0,これは殿,,regex_address_false_positive,1,contextual,sentence-level context,JP scan reviewed,fb77f496b2a4de8ef6512f9d459086209f5173314323888c082a9c36720c3437,"over-inclusive suffix regex captured a phrase, ordinary honorific, or non-address expression",pf:static:photonflowers11.rio:487890932:00116477 |  | 解説：これは殿方２０００人をサンプルに、同じ状況下での眼球運動測定と脳波計測、聞き取り調査を行い導き出された結果です。<02><0A><0A>,mechanical_scan_reviewed
photonflowers-ex-terms-v1.0,これは純夏ちゃん,,regex_address_false_positive,1,contextual,sentence-level context,JP scan reviewed,fb77f496b2a4de8ef6512f9d459086209f5173314323888c082a9c36720c3437,"over-inclusive suffix regex captured a phrase, ordinary honorific, or non-address expression",pf:static:photonflowers11.rio.002:1366349532:00083688 | 尊人 | 【尊人】「何だかんだ言っても、<03>これは純夏ちゃんが自分で選んでタケルのために買ったんだよ…<03>…<03>もらってあげなよ」<01>,mechanical_scan_reviewed
photonflowers-ex-terms-v1.0,これまでも御祖父様,,regex_address_false_positive,1,contextual,sentence-level context,JP scan reviewed,fb77f496b2a4de8ef6512f9d459086209f5173314323888c082a9c36720c3437,"over-inclusive suffix regex captured a phrase, ordinary honorific, or non-address expression",pf:static:photonflowers11.rio:488133660:00058655 |  | ……これまでも御祖父様は、私の顔を見たくなると、度々仮病を使い呼び戻そうとした。<01>,mechanical_scan_reviewed
photonflowers-ex-terms-v1.0,これを御剣冥夜さん,,regex_address_false_positive,1,contextual,sentence-level context,JP scan reviewed,fb77f496b2a4de8ef6512f9d459086209f5173314323888c082a9c36720c3437,"over-inclusive suffix regex captured a phrase, ordinary honorific, or non-address expression",pf:static:photonflowers11.rio.002:1602830768:00131071 | まりも | 【まりも】「…<03>…<03>では月詠さん、<03>これを御剣冥夜さんにお渡しください」<01>,mechanical_scan_reviewed
photonflowers-ex-terms-v1.0,これを聞けば千鶴ちゃん,,regex_address_false_positive,1,contextual,sentence-level context,JP scan reviewed,fb77f496b2a4de8ef6512f9d459086209f5173314323888c082a9c36720c3437,"over-inclusive suffix regex captured a phrase, ordinary honorific, or non-address expression",pf:static:photonflowers11.rio:487417908:00152375 |  | これを聞けば千鶴ちゃんもクラクラ来ること請け合いだよー。<01>,mechanical_scan_reviewed
photonflowers-ex-terms-v1.0,ごめんなさいね白銀君,,regex_address_false_positive,1,contextual,sentence-level context,JP scan reviewed,fb77f496b2a4de8ef6512f9d459086209f5173314323888c082a9c36720c3437,"over-inclusive suffix regex captured a phrase, ordinary honorific, or non-address expression",pf:static:photonflowers11.rio.002:30631052:00095236 | 千鶴 | 【千鶴】「ごめんなさいね白銀君、<03>今日は私たちと約束があるの」<01>,mechanical_scan_reviewed
photonflowers-ex-terms-v1.0,ご先祖様,,regex_address_false_positive,1,contextual,sentence-level context,JP scan reviewed,fb77f496b2a4de8ef6512f9d459086209f5173314323888c082a9c36720c3437,"over-inclusive suffix regex captured a phrase, ordinary honorific, or non-address expression",pf:static:photonflowers11.rio.002:186673440:00130855 |  | ご先祖様の築き上げた尊き精神。<01>,mechanical_scan_reviewed
photonflowers-ex-terms-v1.0,ご苦労さん,,regex_address_false_positive,1,contextual,sentence-level context,JP scan reviewed,fb77f496b2a4de8ef6512f9d459086209f5173314323888c082a9c36720c3437,"over-inclusive suffix regex captured a phrase, ordinary honorific, or non-address expression",pf:static:photonflowers11.rio.002:1322667676:00073090 | 夕呼 | 【夕呼】「あんたには関係ないわ。<0A>じゃ、<03>ご苦労さん」<01>,mechanical_scan_reviewed
photonflowers-ex-terms-v1.0,さすがは先生,,regex_address_false_positive,1,contextual,sentence-level context,JP scan reviewed,fb77f496b2a4de8ef6512f9d459086209f5173314323888c082a9c36720c3437,"over-inclusive suffix regex captured a phrase, ordinary honorific, or non-address expression",pf:static:photonflowers11.rio.002:1602830768:00117721 |  | さすがは先生だったって…<03>…<03>ことかな。<01>,mechanical_scan_reviewed
photonflowers-ex-terms-v1.0,さすが先生,,regex_address_false_positive,1,contextual,sentence-level context,JP scan reviewed,fb77f496b2a4de8ef6512f9d459086209f5173314323888c082a9c36720c3437,"over-inclusive suffix regex captured a phrase, ordinary honorific, or non-address expression",pf:static:photonflowers11.rio.002:1495411112:00021825 | 武 | 【武】「お？　さすが先生！　伊達に経験豊富じゃないッスね！」<01>,mechanical_scan_reviewed
photonflowers-ex-terms-v1.0,さすが夕呼先生,,regex_address_false_positive,1,contextual,sentence-level context,JP scan reviewed,fb77f496b2a4de8ef6512f9d459086209f5173314323888c082a9c36720c3437,"over-inclusive suffix regex captured a phrase, ordinary honorific, or non-address expression",pf:static:photonflowers11.rio.002:1602830768:00146643 |  | さすが夕呼先生、<03>見事に話の腰を折ってくれるよ。<01>,mechanical_scan_reviewed
photonflowers-ex-terms-v1.0,じゃあタケルちゃん,,regex_address_false_positive,1,contextual,sentence-level context,JP scan reviewed,fb77f496b2a4de8ef6512f9d459086209f5173314323888c082a9c36720c3437,"over-inclusive suffix regex captured a phrase, ordinary honorific, or non-address expression",pf:static:photonflowers11.rio.002:630827184:00042940 | 純夏 | 【純夏】「う、<03>うん…<03>…<03>じゃあタケルちゃん、<03>あったかくして寝てた方がいいよ」<01>,mechanical_scan_reviewed
photonflowers-ex-terms-v1.0,すかさず手短な桶を掴み、桶の底、もしくは、側面が顔面に直撃するように投げます,,quoted_sentence_or_local_expression,1,contextual,preserve quoted function in its sentence,JP scan reviewed,fb77f496b2a4de8ef6512f9d459086209f5173314323888c082a9c36720c3437,"most captures are full quotations, headings, or ordinary emphasized words rather than reusable terms",pf:static:photonflowers11.rio:487890932:00122809 |  | 『すかさず手短な桶を掴み、桶の底、もしくは、側面が顔面に直撃するように投げます』<02><0A><0A>,mechanical_scan_reviewed
photonflowers-ex-terms-v1.0,すぐに純夏ちゃん,,regex_address_false_positive,1,contextual,sentence-level context,JP scan reviewed,fb77f496b2a4de8ef6512f9d459086209f5173314323888c082a9c36720c3437,"over-inclusive suffix regex captured a phrase, ordinary honorific, or non-address expression",pf:static:photonflowers11.rio.002:1533930220:00026933 | 尊人 | 【尊人】「そ、<03>それじゃ、<03>すぐに純夏ちゃんに…<03>…<03>」<01>,mechanical_scan_reviewed
photonflowers-ex-terms-v1.0,すごいきわどいハイレグのお姉さん,,regex_address_false_positive,1,contextual,sentence-level context,JP scan reviewed,fb77f496b2a4de8ef6512f9d459086209f5173314323888c082a9c36720c3437,"over-inclusive suffix regex captured a phrase, ordinary honorific, or non-address expression",pf:static:photonflowers11.rio:487283344:00101568 |  | そして、<03>ぼんやり水面を眺めるタケルちゃん…<03>…<03>…<03>…<03>って、<03>あーあ、<03>すごいきわどいハイレグのお姉さんに視線釘付けだ…<03>…<03>。<01>,mechanical_scan_reviewed
photonflowers-ex-terms-v1.0,せっかくまりもちゃん,,regex_address_false_positive,1,contextual,sentence-level context,JP scan reviewed,fb77f496b2a4de8ef6512f9d459086209f5173314323888c082a9c36720c3437,"over-inclusive suffix regex captured a phrase, ordinary honorific, or non-address expression",pf:static:photonflowers11.rio.002:1602830768:00146829 |  | せっかくまりもちゃんが１番先生らしく輝いていた時だったってのに…<03>…<03>。<01>,mechanical_scan_reviewed
photonflowers-ex-terms-v1.0,せっかくタケルちゃん,,regex_address_false_positive,1,contextual,sentence-level context,JP scan reviewed,fb77f496b2a4de8ef6512f9d459086209f5173314323888c082a9c36720c3437,"over-inclusive suffix regex captured a phrase, ordinary honorific, or non-address expression",pf:static:photonflowers11.rio:487283344:00086234 |  | せっかくタケルちゃんの意見をきいてあげようと思ったのに。<01>,mechanical_scan_reviewed
photonflowers-ex-terms-v1.0,そうなる前にちゃん,,regex_address_false_positive,1,contextual,sentence-level context,JP scan reviewed,fb77f496b2a4de8ef6512f9d459086209f5173314323888c082a9c36720c3437,"over-inclusive suffix regex captured a phrase, ordinary honorific, or non-address expression",pf:static:photonflowers11.rio.002:1533930220:00022627 | 尊人 | 【尊人】「見知らぬ土地で朝目覚めてからじゃ遅いよ？　そうなる前にちゃんと話をした方がいいよ」<01>,mechanical_scan_reviewed
photonflowers-ex-terms-v1.0,そこで醍三郎様,,regex_address_false_positive,1,contextual,sentence-level context,JP scan reviewed,fb77f496b2a4de8ef6512f9d459086209f5173314323888c082a9c36720c3437,"over-inclusive suffix regex captured a phrase, ordinary honorific, or non-address expression",pf:static:photonflowers11.rio.002:186673440:00110807 | 月詠 | 【月詠】「冥夜様、祠前にお向かいください。そこで醍三郎様がお待ちです」<01>,mechanical_scan_reviewed
photonflowers-ex-terms-v1.0,そこに暮らす人々も実に様,,regex_address_false_positive,1,contextual,sentence-level context,JP scan reviewed,fb77f496b2a4de8ef6512f9d459086209f5173314323888c082a9c36720c3437,"over-inclusive suffix regex captured a phrase, ordinary honorific, or non-address expression",pf:static:photonflowers11.rio:487890932:00112683 |  | そこに暮らす人々も実に様々だ。<01>,mechanical_scan_reviewed
photonflowers-ex-terms-v1.0,そしたらタケルちゃん,,regex_address_false_positive,1,contextual,sentence-level context,JP scan reviewed,fb77f496b2a4de8ef6512f9d459086209f5173314323888c082a9c36720c3437,"over-inclusive suffix regex captured a phrase, ordinary honorific, or non-address expression",pf:static:photonflowers11.rio.002:1322667676:00110200 | 純夏 | 【純夏】「そしたらタケルちゃんが勝手に怒り始めたんだよっ！」<01>,mechanical_scan_reviewed
photonflowers-ex-terms-v1.0,そなた達の生き様,,regex_address_false_positive,1,contextual,sentence-level context,JP scan reviewed,fb77f496b2a4de8ef6512f9d459086209f5173314323888c082a9c36720c3437,"over-inclusive suffix regex captured a phrase, ordinary honorific, or non-address expression",pf:static:photonflowers11.rio:487890932:00170277 | 冥夜 | 【冥夜】「そなた達の生き様を見せてみよ。人質として私が見届けよう」<01>,mechanical_scan_reviewed
photonflowers-ex-terms-v1.0,そのぐらいのことなら白銀君,,regex_address_false_positive,1,contextual,sentence-level context,JP scan reviewed,fb77f496b2a4de8ef6512f9d459086209f5173314323888c082a9c36720c3437,"over-inclusive suffix regex captured a phrase, ordinary honorific, or non-address expression",pf:static:photonflowers11.rio.002:1238534540:00047146 | 千鶴 | 【千鶴】「とにかく！　そのぐらいのことなら白銀君が合わせてあげれば済む事じゃない」<01>,mechanical_scan_reviewed
photonflowers-ex-terms-v1.0,その世界を見た殿,,regex_address_false_positive,1,contextual,sentence-level context,JP scan reviewed,fb77f496b2a4de8ef6512f9d459086209f5173314323888c082a9c36720c3437,"over-inclusive suffix regex captured a phrase, ordinary honorific, or non-address expression",pf:static:photonflowers11.rio:487890932:00112275 |  | その世界を見た殿方は、いかなる者にも呼び戻すことは不可能とされております。<01>,mechanical_scan_reviewed
photonflowers-ex-terms-v1.0,その後には夕呼先生,,regex_address_false_positive,1,contextual,sentence-level context,JP scan reviewed,fb77f496b2a4de8ef6512f9d459086209f5173314323888c082a9c36720c3437,"over-inclusive suffix regex captured a phrase, ordinary honorific, or non-address expression",pf:static:photonflowers11.rio.002:30631052:00096668 |  | その後には夕呼先生が登場してワケわかんなくなっちゃったしな…<03>…<03>。<0A>確かにあの状況じゃ言い出しにくくなったのもわかる…<03>…<03>。<01>,mechanical_scan_reviewed
photonflowers-ex-terms-v1.0,その手の趣味の殿,,regex_address_false_positive,1,contextual,sentence-level context,JP scan reviewed,fb77f496b2a4de8ef6512f9d459086209f5173314323888c082a9c36720c3437,"over-inclusive suffix regex captured a phrase, ordinary honorific, or non-address expression",pf:static:photonflowers11.rio:487890932:00101247 |  | その手の趣味の殿方には根強い人気を誇り、性格は実に様々であります。<01>,mechanical_scan_reviewed
photonflowers-ex-terms-v1.0,その日は彩峰さん,,regex_address_false_positive,1,contextual,sentence-level context,JP scan reviewed,fb77f496b2a4de8ef6512f9d459086209f5173314323888c082a9c36720c3437,"over-inclusive suffix regex captured a phrase, ordinary honorific, or non-address expression",pf:static:photonflowers11.rio.002:30631052:00073094 | 純夏 | 【純夏】「えっと…<03>…<03>その日は彩峰さんとちょっと…<03>…<03>」<01>,mechanical_scan_reviewed
photonflowers-ex-terms-v1.0,その者達は本当に御祖父様,,regex_address_false_positive,1,contextual,sentence-level context,JP scan reviewed,fb77f496b2a4de8ef6512f9d459086209f5173314323888c082a9c36720c3437,"over-inclusive suffix regex captured a phrase, ordinary honorific, or non-address expression",pf:static:photonflowers11.rio:488133660:00052769 |  | その者達は本当に御祖父様を診たのだろうか。<01>,mechanical_scan_reviewed
photonflowers-ex-terms-v1.0,そもそも月詠さん,,regex_address_false_positive,1,contextual,sentence-level context,JP scan reviewed,fb77f496b2a4de8ef6512f9d459086209f5173314323888c082a9c36720c3437,"over-inclusive suffix regex captured a phrase, ordinary honorific, or non-address expression",pf:static:photonflowers11.rio.002:1391025672:00124185 |  | そもそも月詠さん、<03>何しに来たんだ？<01>,mechanical_scan_reviewed
photonflowers-ex-terms-v1.0,それがあなたと鑑さん,,regex_address_false_positive,1,contextual,sentence-level context,JP scan reviewed,fb77f496b2a4de8ef6512f9d459086209f5173314323888c082a9c36720c3437,"over-inclusive suffix regex captured a phrase, ordinary honorific, or non-address expression",pf:static:photonflowers11.rio.002:1291020652:00028599 | 千鶴 | 【千鶴】「感じてはいたみたいね。<0A>じゃあ、<03>それがあなたと鑑さんに原因があるってこと、<03>気づいてた？」<01>,mechanical_scan_reviewed
photonflowers-ex-terms-v1.0,それじゃ鑑さん,,regex_address_false_positive,1,contextual,sentence-level context,JP scan reviewed,fb77f496b2a4de8ef6512f9d459086209f5173314323888c082a9c36720c3437,"over-inclusive suffix regex captured a phrase, ordinary honorific, or non-address expression",pf:static:photonflowers11.rio.002:1322667676:00052116 | 千鶴 | 【千鶴】「あなたこそ、<03>何をそんなにこだわってるのよ？　それじゃ鑑さんと同じじゃない！」<01>,mechanical_scan_reviewed
photonflowers-ex-terms-v1.0,それだけあからさま,,regex_address_false_positive,1,contextual,sentence-level context,JP scan reviewed,fb77f496b2a4de8ef6512f9d459086209f5173314323888c082a9c36720c3437,"over-inclusive suffix regex captured a phrase, ordinary honorific, or non-address expression",pf:static:photonflowers11.rio.002:1238534540:00041296 | 千鶴 | 【千鶴】「それだけあからさまってことでしょ！　鑑さんも変だし、<03>ケンカでもしたの？」<01>,mechanical_scan_reviewed
photonflowers-ex-terms-v1.0,それで慧ちゃん,,regex_address_false_positive,1,contextual,sentence-level context,JP scan reviewed,fb77f496b2a4de8ef6512f9d459086209f5173314323888c082a9c36720c3437,"over-inclusive suffix regex captured a phrase, ordinary honorific, or non-address expression",pf:static:photonflowers11.rio:487417908:00104793 |  | バレーボールやってて、<03>それで慧ちゃんが飛んで、<03>スパーンってすごい音がして、<03>白い何かが飛んできて…<03>…<03>…<03>…<03><01>,mechanical_scan_reviewed
photonflowers-ex-terms-v1.0,それに御祖父様,,regex_address_false_positive,1,contextual,sentence-level context,JP scan reviewed,fb77f496b2a4de8ef6512f9d459086209f5173314323888c082a9c36720c3437,"over-inclusive suffix regex captured a phrase, ordinary honorific, or non-address expression",pf:static:photonflowers11.rio.002:186673440:00145215 | 冥夜 | 【冥夜】「い、いやしかし……これは……それに御祖父様…………そういえばお身体の方は……？」<01>,mechanical_scan_reviewed
photonflowers-ex-terms-v1.0,それに私は真那様,,regex_address_false_positive,1,contextual,sentence-level context,JP scan reviewed,fb77f496b2a4de8ef6512f9d459086209f5173314323888c082a9c36720c3437,"over-inclusive suffix regex captured a phrase, ordinary honorific, or non-address expression",pf:static:photonflowers11.rio.002:1391025672:00123473 | 福引係 | 【福引係】「お客様を驚かせてどうするんですか！　それに私は真那様などという名前ではありません！」<01>,mechanical_scan_reviewed
photonflowers-ex-terms-v1.0,それはお客様,,regex_address_false_positive,1,contextual,sentence-level context,JP scan reviewed,fb77f496b2a4de8ef6512f9d459086209f5173314323888c082a9c36720c3437,"over-inclusive suffix regex captured a phrase, ordinary honorific, or non-address expression",pf:static:photonflowers11.rio.002:1391025672:00130925 | 福引係 | 【福引係】「それはお客様のくじ運の強さによるものです。<0A>私どもは何もしておりません」<01>,mechanical_scan_reviewed
photonflowers-ex-terms-v1.0,それはタケルちゃん,,regex_address_false_positive,1,contextual,sentence-level context,JP scan reviewed,fb77f496b2a4de8ef6512f9d459086209f5173314323888c082a9c36720c3437,"over-inclusive suffix regex captured a phrase, ordinary honorific, or non-address expression",pf:static:photonflowers11.rio:487283344:00105810 |  | それはタケルちゃんが１番よくわかってるはずなんだけど、<03>進歩がないよねぇ、<03>ほんと…<03>…<03>…<03>…<03>あのころのままだ…<03>…<03>…<03>…<03>。<01>,mechanical_scan_reviewed
photonflowers-ex-terms-v1.0,それは月詠であろうとお師匠様,,regex_address_false_positive,1,contextual,sentence-level context,JP scan reviewed,fb77f496b2a4de8ef6512f9d459086209f5173314323888c082a9c36720c3437,"over-inclusive suffix regex captured a phrase, ordinary honorific, or non-address expression",pf:static:photonflowers11.rio.002:186673440:00100683 |  | それは月詠であろうとお師匠様であろうと……。<01>,mechanical_scan_reviewed
photonflowers-ex-terms-v1.0,それは鎧衣君がタケルちゃん,,regex_address_false_positive,1,contextual,sentence-level context,JP scan reviewed,fb77f496b2a4de8ef6512f9d459086209f5173314323888c082a9c36720c3437,"over-inclusive suffix regex captured a phrase, ordinary honorific, or non-address expression",pf:static:photonflowers11.rio.002:1366349532:00081102 | 純夏 | 【純夏】「そ、<03>それは鎧衣君がタケルちゃんに贈るって…<03>…<03>」<01>,mechanical_scan_reviewed
photonflowers-ex-terms-v1.0,それほど友達だったわけでもない先輩,,regex_address_false_positive,1,contextual,sentence-level context,JP scan reviewed,fb77f496b2a4de8ef6512f9d459086209f5173314323888c082a9c36720c3437,"over-inclusive suffix regex captured a phrase, ordinary honorific, or non-address expression",pf:static:photonflowers11.rio.002:1602830768:00083865 |  | 去年の卒業式の時、<03>それほど友達だったわけでもない先輩がやって来て、<03>何か書いてくれって言ったんだよな。<01>,mechanical_scan_reviewed
photonflowers-ex-terms-v1.0,それより鑑さん,,regex_address_false_positive,1,contextual,sentence-level context,JP scan reviewed,fb77f496b2a4de8ef6512f9d459086209f5173314323888c082a9c36720c3437,"over-inclusive suffix regex captured a phrase, ordinary honorific, or non-address expression",pf:static:photonflowers11.rio.002:630827184:00042756 | 千鶴 | 【千鶴】「それより鑑さん、<03>続きをやらないと…<03>…<03>」<01>,mechanical_scan_reviewed
photonflowers-ex-terms-v1.0,それを気に入らないっていうのはタケルちゃん,,regex_address_false_positive,1,contextual,sentence-level context,JP scan reviewed,fb77f496b2a4de8ef6512f9d459086209f5173314323888c082a9c36720c3437,"over-inclusive suffix regex captured a phrase, ordinary honorific, or non-address expression",pf:static:photonflowers11.rio.002:1238534540:00058276 | 純夏 | 【純夏】「わたしは一生懸命作ったもん！　それを気に入らないっていうのはタケルちゃんだよっ！」<01>,mechanical_scan_reviewed
photonflowers-ex-terms-v1.0,そんなだからタケルちゃん,,regex_address_false_positive,1,contextual,sentence-level context,JP scan reviewed,fb77f496b2a4de8ef6512f9d459086209f5173314323888c082a9c36720c3437,"over-inclusive suffix regex captured a phrase, ordinary honorific, or non-address expression",pf:static:photonflowers11.rio.002:1322667676:00106672 | 純夏 | 【純夏】「…<03>…<03>そんなだからタケルちゃんわかってないんだよ！！」<01>,mechanical_scan_reviewed
photonflowers-ex-terms-v1.0,そんなに千鶴ちゃん,,regex_address_false_positive,1,contextual,sentence-level context,JP scan reviewed,fb77f496b2a4de8ef6512f9d459086209f5173314323888c082a9c36720c3437,"over-inclusive suffix regex captured a phrase, ordinary honorific, or non-address expression",pf:static:photonflowers11.rio.002:1391025672:00087811 | 壬姫 | 【壬姫】「た、<03>たけるさんっ！　そんなに千鶴ちゃんを責めないで！　ミキ達が悪いんですっっ！！」<01>,mechanical_scan_reviewed
photonflowers-ex-terms-v1.0,たくさん,,regex_address_false_positive,1,contextual,sentence-level context,JP scan reviewed,fb77f496b2a4de8ef6512f9d459086209f5173314323888c082a9c36720c3437,"over-inclusive suffix regex captured a phrase, ordinary honorific, or non-address expression",pf:static:photonflowers11.rio:487590408:00087211 |  | はあ～、<03>たくさん練習して、<03>次の大会で少しでもいい成績を残しておかないと、<03>廃部にされちゃうかも知れないっていうのに。<01>,mechanical_scan_reviewed
photonflowers-ex-terms-v1.0,たけるさんと純夏ちゃん,,regex_address_false_positive,1,contextual,sentence-level context,JP scan reviewed,fb77f496b2a4de8ef6512f9d459086209f5173314323888c082a9c36720c3437,"over-inclusive suffix regex captured a phrase, ordinary honorific, or non-address expression",pf:static:photonflowers11.rio:487417908:00116647 |  | たけるさんと純夏ちゃんはいつも仲良しですねー。<01>,mechanical_scan_reviewed
photonflowers-ex-terms-v1.0,たけるさんは純夏ちゃん,,regex_address_false_positive,1,contextual,sentence-level context,JP scan reviewed,fb77f496b2a4de8ef6512f9d459086209f5173314323888c082a9c36720c3437,"over-inclusive suffix regex captured a phrase, ordinary honorific, or non-address expression",pf:static:photonflowers11.rio:487417908:00133485 |  | だけど、<03>たけるさんは純夏ちゃんといちばん仲がいいんだよ。<01>,mechanical_scan_reviewed
photonflowers-ex-terms-v1.0,たたたたたたけるさん,,regex_address_false_positive,1,contextual,sentence-level context,JP scan reviewed,fb77f496b2a4de8ef6512f9d459086209f5173314323888c082a9c36720c3437,"over-inclusive suffix regex captured a phrase, ordinary honorific, or non-address expression",pf:static:photonflowers11.rio:487417908:00108635 |  | 純夏ちゃんに…<03>…<03>…<03>…<03>た、<03>たたたたたたけるさん！！<01>,mechanical_scan_reviewed
photonflowers-ex-terms-v1.0,ただ自問に埋もれて行くこの有様,,regex_address_false_positive,1,contextual,sentence-level context,JP scan reviewed,fb77f496b2a4de8ef6512f9d459086209f5173314323888c082a9c36720c3437,"over-inclusive suffix regex captured a phrase, ordinary honorific, or non-address expression",pf:static:photonflowers11.rio:488133660:00068603 |  | 自ら迷いを振り払う事もできず、ただ自問に埋もれて行くこの有様……。<01>,mechanical_scan_reviewed
photonflowers-ex-terms-v1.0,だからどうしてもタケルちゃん,,regex_address_false_positive,1,contextual,sentence-level context,JP scan reviewed,fb77f496b2a4de8ef6512f9d459086209f5173314323888c082a9c36720c3437,"over-inclusive suffix regex captured a phrase, ordinary honorific, or non-address expression",pf:static:photonflowers11.rio.002:1097218736:00029304 | 純夏 | 【純夏】「うん…<03>…<03>。<0A>だからどうしてもタケルちゃんには言えなかったんだ…<03>…<03>ごめんね」<01>,mechanical_scan_reviewed
photonflowers-ex-terms-v1.0,だってタケルちゃん,,regex_address_false_positive,1,contextual,sentence-level context,JP scan reviewed,fb77f496b2a4de8ef6512f9d459086209f5173314323888c082a9c36720c3437,"over-inclusive suffix regex captured a phrase, ordinary honorific, or non-address expression",pf:static:photonflowers11.rio.002:30631052:00075004 | 純夏 | 【純夏】「だってタケルちゃん…<03>…<03>この間、<03>連休は寝て過ごすんだって言ってたじゃない」<01>,mechanical_scan_reviewed
photonflowers-ex-terms-v1.0,ちゃんとタケルと純夏ちゃん,,regex_address_false_positive,1,contextual,sentence-level context,JP scan reviewed,fb77f496b2a4de8ef6512f9d459086209f5173314323888c082a9c36720c3437,"over-inclusive suffix regex captured a phrase, ordinary honorific, or non-address expression",pf:static:photonflowers11.rio.002:1602830768:00174653 | 尊人 | 【尊人】「じゃーん！！　ちゃんとタケルと純夏ちゃんの分は空けてあるよ！　書いてもらうまでは帰れないからね～」<01>,mechanical_scan_reviewed
photonflowers-ex-terms-v1.0,ちょっとたけるさん,,regex_address_false_positive,1,contextual,sentence-level context,JP scan reviewed,fb77f496b2a4de8ef6512f9d459086209f5173314323888c082a9c36720c3437,"over-inclusive suffix regex captured a phrase, ordinary honorific, or non-address expression",pf:static:photonflowers11.rio.002:1238534540:00046236 | 壬姫 | 【壬姫】「ちょ、<03>ちょっとたけるさん…<03>…<03>」<01>,mechanical_scan_reviewed
photonflowers-ex-terms-v1.0,ちょっと先生,,regex_address_false_positive,1,contextual,sentence-level context,JP scan reviewed,fb77f496b2a4de8ef6512f9d459086209f5173314323888c082a9c36720c3437,"over-inclusive suffix regex captured a phrase, ordinary honorific, or non-address expression",pf:static:photonflowers11.rio.002:1322667676:00067516 | 武 | 【武】「ち、<03>ちょっと先生、<03>いい加減にしてください！　さっきから同じトコ回ってますよっ！」<01>,mechanical_scan_reviewed
photonflowers-ex-terms-v1.0,ちょっと珠瀬さん,,regex_address_false_positive,1,contextual,sentence-level context,JP scan reviewed,fb77f496b2a4de8ef6512f9d459086209f5173314323888c082a9c36720c3437,"over-inclusive suffix regex captured a phrase, ordinary honorific, or non-address expression",pf:static:photonflowers11.rio:487417908:00122927 | 千鶴 | 【千鶴】「ちょっと珠瀬さん…<03>…<03>寝ていたほうがいいわ！」<01>,mechanical_scan_reviewed
photonflowers-ex-terms-v1.0,っとしたお姉さん,,regex_address_false_positive,1,contextual,sentence-level context,JP scan reviewed,fb77f496b2a4de8ef6512f9d459086209f5173314323888c082a9c36720c3437,"over-inclusive suffix regex captured a phrase, ordinary honorific, or non-address expression",pf:static:photonflowers11.rio:487283344:00086550 | 武 | 【武】「だいたい、<03>純夏見てもうれしくねぇだろ。<0A>ほらほら、<03>あそこのすら～っとしたお姉さんくらいじゃねーとよ」<01>,mechanical_scan_reviewed
photonflowers-ex-terms-v1.0,では月詠さん,,regex_address_false_positive,1,contextual,sentence-level context,JP scan reviewed,fb77f496b2a4de8ef6512f9d459086209f5173314323888c082a9c36720c3437,"over-inclusive suffix regex captured a phrase, ordinary honorific, or non-address expression",pf:static:photonflowers11.rio.002:1602830768:00131071 | まりも | 【まりも】「…<03>…<03>では月詠さん、<03>これを御剣冥夜さんにお渡しください」<01>,mechanical_scan_reviewed
photonflowers-ex-terms-v1.0,でみんなより自分が大事だって言った鑑さん,,regex_address_false_positive,1,contextual,sentence-level context,JP scan reviewed,fb77f496b2a4de8ef6512f9d459086209f5173314323888c082a9c36720c3437,"over-inclusive suffix regex captured a phrase, ordinary honorific, or non-address expression",pf:static:photonflowers11.rio.002:1322667676:00052478 | 千鶴 | 【千鶴】「白銀君、<03>あの場でみんなより自分が大事だって言った鑑さんを、<03>間違ってると思ってたんじゃなかったの？」<01>,mechanical_scan_reviewed
photonflowers-ex-terms-v1.0,でもちゃん,,regex_address_false_positive,1,contextual,sentence-level context,JP scan reviewed,fb77f496b2a4de8ef6512f9d459086209f5173314323888c082a9c36720c3437,"over-inclusive suffix regex captured a phrase, ordinary honorific, or non-address expression",pf:static:photonflowers11.rio.002:1097218736:00040038 | 純夏 | 【純夏】「あはは…<03>…<03>そういってもらえると…<03>…<03>嬉しいよ。<0A>でもちゃんと歯磨かないとダメだよ？」<01>,mechanical_scan_reviewed
photonflowers-ex-terms-v1.0,でもタケルちゃん,,regex_address_false_positive,1,contextual,sentence-level context,JP scan reviewed,fb77f496b2a4de8ef6512f9d459086209f5173314323888c082a9c36720c3437,"over-inclusive suffix regex captured a phrase, ordinary honorific, or non-address expression",pf:static:photonflowers11.rio:487194916:00057294 | 純夏 | 【純夏】「でもタケルちゃん」<01>,mechanical_scan_reviewed
photonflowers-ex-terms-v1.0,でも御剣さん,,regex_address_false_positive,1,contextual,sentence-level context,JP scan reviewed,fb77f496b2a4de8ef6512f9d459086209f5173314323888c082a9c36720c3437,"over-inclusive suffix regex captured a phrase, ordinary honorific, or non-address expression",pf:static:photonflowers11.rio.002:1391025672:00135743 | 純夏 | 【純夏】「でも御剣さんがやってきて、<03>いろんなことが変わって…<03>…<03>わたしたちが変わらないで済むわけないよね？」<01>,mechanical_scan_reviewed
photonflowers-ex-terms-v1.0,でも鑑さんは白銀君,,regex_address_false_positive,1,contextual,sentence-level context,JP scan reviewed,fb77f496b2a4de8ef6512f9d459086209f5173314323888c082a9c36720c3437,"over-inclusive suffix regex captured a phrase, ordinary honorific, or non-address expression",pf:static:photonflowers11.rio.002:630827184:00084116 | 柏木 | 【柏木】「好きな相手を独り占めしたいと思うのは、<03>誰だって同じでしょ？　でも鑑さんは白銀君に任せてたんだよ…<03>…<03>」<01>,mechanical_scan_reviewed
photonflowers-ex-terms-v1.0,ところで冥夜様,,regex_address_false_positive,1,contextual,sentence-level context,JP scan reviewed,fb77f496b2a4de8ef6512f9d459086209f5173314323888c082a9c36720c3437,"over-inclusive suffix regex captured a phrase, ordinary honorific, or non-address expression",pf:static:photonflowers11.rio.002:186673440:00157749 | 月詠 | 【月詠】「失礼致しました……ところで冥夜様、今、どなたのことをお考えですか？」<01>,mechanical_scan_reviewed
photonflowers-ex-terms-v1.0,とんかつにはソースだってちゃん,,regex_address_false_positive,1,contextual,sentence-level context,JP scan reviewed,fb77f496b2a4de8ef6512f9d459086209f5173314323888c082a9c36720c3437,"over-inclusive suffix regex captured a phrase, ordinary honorific, or non-address expression",pf:static:photonflowers11.rio.002:1322667676:00050560 | 千鶴 | 【千鶴】「そう。自分が悪かったって言うの。<0A>そして今度は、<03>とんかつにはソースだってちゃんと言うのよ」<01>,mechanical_scan_reviewed
photonflowers-ex-terms-v1.0,どうしたのまりもちゃん,,regex_address_false_positive,1,contextual,sentence-level context,JP scan reviewed,fb77f496b2a4de8ef6512f9d459086209f5173314323888c082a9c36720c3437,"over-inclusive suffix regex captured a phrase, ordinary honorific, or non-address expression",pf:static:photonflowers11.rio.002:1322667676:00068798 | 武 | 【武】「うわっ！　どうしたのまりもちゃん！？」<01>,mechanical_scan_reviewed
photonflowers-ex-terms-v1.0,どうしたのタケルちゃん,,regex_address_false_positive,1,contextual,sentence-level context,JP scan reviewed,fb77f496b2a4de8ef6512f9d459086209f5173314323888c082a9c36720c3437,"over-inclusive suffix regex captured a phrase, ordinary honorific, or non-address expression",pf:static:photonflowers11.rio:487194916:00056502 | 純夏 | 【純夏】「――ど、<03>どうしたのタケルちゃん？　アロハオエ～～？」<01>,mechanical_scan_reviewed
photonflowers-ex-terms-v1.0,どうしてタケルちゃん,,regex_address_false_positive,1,contextual,sentence-level context,JP scan reviewed,fb77f496b2a4de8ef6512f9d459086209f5173314323888c082a9c36720c3437,"over-inclusive suffix regex captured a phrase, ordinary honorific, or non-address expression",pf:static:photonflowers11.rio.002:1391025672:00134385 | 純夏 | 【純夏】「御剣さんは…<03>…<03>どうしてタケルちゃんのところに来たの？　１度も聞いたことないよね？」<01>,mechanical_scan_reviewed
photonflowers-ex-terms-v1.0,どうして榊さん,,regex_address_false_positive,1,contextual,sentence-level context,JP scan reviewed,fb77f496b2a4de8ef6512f9d459086209f5173314323888c082a9c36720c3437,"over-inclusive suffix regex captured a phrase, ordinary honorific, or non-address expression",pf:static:photonflowers11.rio.002:1322667676:00072952 | まりも | 【まりも】「…<03>…<03>どうして榊さんまでいるのよ？」<01>,mechanical_scan_reviewed
photonflowers-ex-terms-v1.0,どうして鑑さん,,regex_address_false_positive,1,contextual,sentence-level context,JP scan reviewed,fb77f496b2a4de8ef6512f9d459086209f5173314323888c082a9c36720c3437,"over-inclusive suffix regex captured a phrase, ordinary honorific, or non-address expression",pf:static:photonflowers11.rio.002:1322667676:00082876 | 千鶴 | 【千鶴】「白銀君、<03>どうして鑑さんがあんなことを言ったのか、<03>その理由はわかってるの？」<01>,mechanical_scan_reviewed
photonflowers-ex-terms-v1.0,どう見ても月詠さん,,regex_address_false_positive,1,contextual,sentence-level context,JP scan reviewed,fb77f496b2a4de8ef6512f9d459086209f5173314323888c082a9c36720c3437,"over-inclusive suffix regex captured a phrase, ordinary honorific, or non-address expression",pf:static:photonflowers11.rio.002:1391025672:00121281 |  | いや、<03>どう見ても月詠さんだし…<03>…<03>ていうか、<03>言っちゃったようなモンだし。<01>,mechanical_scan_reviewed
photonflowers-ex-terms-v1.0,なぜ御師匠様,,regex_address_false_positive,1,contextual,sentence-level context,JP scan reviewed,fb77f496b2a4de8ef6512f9d459086209f5173314323888c082a9c36720c3437,"over-inclusive suffix regex captured a phrase, ordinary honorific, or non-address expression",pf:static:photonflowers11.rio:488133660:00074111 |  | なぜ御師匠様の気配を感じ取れないのだ！？<01>,mechanical_scan_reviewed
photonflowers-ex-terms-v1.0,なにやってるのかしら白銀君,,regex_address_false_positive,1,contextual,sentence-level context,JP scan reviewed,fb77f496b2a4de8ef6512f9d459086209f5173314323888c082a9c36720c3437,"over-inclusive suffix regex captured a phrase, ordinary honorific, or non-address expression",pf:static:photonflowers11.rio:487590408:00104159 |  | まったく、<03>なにやってるのかしら白銀君！<01>,mechanical_scan_reviewed
photonflowers-ex-terms-v1.0,なんだか純夏ちゃん,,regex_address_false_positive,1,contextual,sentence-level context,JP scan reviewed,fb77f496b2a4de8ef6512f9d459086209f5173314323888c082a9c36720c3437,"over-inclusive suffix regex captured a phrase, ordinary honorific, or non-address expression",pf:static:photonflowers11.rio.002:1366349532:00065852 | 壬姫 | 【壬姫】「そ、<03>そんなこと…<03>…<03>ないけど…<03>…<03>でも、<03>なんだか純夏ちゃんに悪いよー…<03>…<03>」<01>,mechanical_scan_reviewed
photonflowers-ex-terms-v1.0,なんで私が白銀君,,regex_address_false_positive,1,contextual,sentence-level context,JP scan reviewed,fb77f496b2a4de8ef6512f9d459086209f5173314323888c082a9c36720c3437,"over-inclusive suffix regex captured a phrase, ordinary honorific, or non-address expression",pf:static:photonflowers11.rio:487590408:00083977 |  | なんで私が白銀君にこんなこと言わなきゃいけないのよ。<01>,mechanical_scan_reviewed
photonflowers-ex-terms-v1.0,の私に皆琉神威を授けて下さった御師匠様,,regex_address_false_positive,1,contextual,sentence-level context,JP scan reviewed,fb77f496b2a4de8ef6512f9d459086209f5173314323888c082a9c36720c3437,"over-inclusive suffix regex captured a phrase, ordinary honorific, or non-address expression",pf:static:photonflowers11.rio:488133660:00065993 |  | この私に皆琉神威を授けて下さった御師匠様に顔向けできん。<01>,mechanical_scan_reviewed
photonflowers-ex-terms-v1.0,ぼんやり水面を眺めるタケルちゃん,,regex_address_false_positive,1,contextual,sentence-level context,JP scan reviewed,fb77f496b2a4de8ef6512f9d459086209f5173314323888c082a9c36720c3437,"over-inclusive suffix regex captured a phrase, ordinary honorific, or non-address expression",pf:static:photonflowers11.rio:487283344:00101568 |  | そして、<03>ぼんやり水面を眺めるタケルちゃん…<03>…<03>…<03>…<03>って、<03>あーあ、<03>すごいきわどいハイレグのお姉さんに視線釘付けだ…<03>…<03>。<01>,mechanical_scan_reviewed
photonflowers-ex-terms-v1.0,まあ見てて,,quoted_sentence_or_local_expression,1,contextual,preserve quoted function in its sentence,JP scan reviewed,fb77f496b2a4de8ef6512f9d459086209f5173314323888c082a9c36720c3437,"most captures are full quotations, headings, or ordinary emphasized words rather than reusable terms",pf:static:photonflowers11.rio.002:1391025672:00078407 | 千鶴 | 【千鶴】「あ、<03>あ、<03>あ、<03>あなたねぇっ！　何が『まあ見てて』よ！　いきなり白銀君呼んで投げ飛ばしただけじゃないの！」<01>,mechanical_scan_reviewed
photonflowers-ex-terms-v1.0,まさか御祖父様,,regex_address_false_positive,1,contextual,sentence-level context,JP scan reviewed,fb77f496b2a4de8ef6512f9d459086209f5173314323888c082a9c36720c3437,"over-inclusive suffix regex captured a phrase, ordinary honorific, or non-address expression",pf:static:photonflowers11.rio.002:186673440:00142741 |  | ただならぬ不埒な感情を持った者が、急に飛びついてきたのでつい斬ってしまったが……まさか御祖父様とは！！<01>,mechanical_scan_reviewed
photonflowers-ex-terms-v1.0,まず殿,,regex_address_false_positive,1,contextual,sentence-level context,JP scan reviewed,fb77f496b2a4de8ef6512f9d459086209f5173314323888c082a9c36720c3437,"over-inclusive suffix regex captured a phrase, ordinary honorific, or non-address expression",pf:static:photonflowers11.rio:487890932:00130087 | 冥夜 | 【冥夜】「まず殿方の寝所に忍び込み……」<01>,mechanical_scan_reviewed
photonflowers-ex-terms-v1.0,まず珠瀬さん,,regex_address_false_positive,1,contextual,sentence-level context,JP scan reviewed,fb77f496b2a4de8ef6512f9d459086209f5173314323888c082a9c36720c3437,"over-inclusive suffix regex captured a phrase, ordinary honorific, or non-address expression",pf:static:photonflowers11.rio:487417908:00114505 | 千鶴 | 【千鶴】「返事があって初めてノックの意味があるの！　そんなことも知らないなんて…<03>…<03>とにかく、<03>まず珠瀬さんに謝りなさいよ」<01>,mechanical_scan_reviewed
photonflowers-ex-terms-v1.0,またお父さん,,regex_address_false_positive,1,contextual,sentence-level context,JP scan reviewed,fb77f496b2a4de8ef6512f9d459086209f5173314323888c082a9c36720c3437,"over-inclusive suffix regex captured a phrase, ordinary honorific, or non-address expression",pf:static:photonflowers11.rio:487283344:00104750 |  | きっと、<03>またお父さんに連れられて、<03>冒険の旅にでちゃったんだね…<03>…<03>。<01>,mechanical_scan_reviewed
photonflowers-ex-terms-v1.0,または性格をもつ殿,,regex_address_false_positive,1,contextual,sentence-level context,JP scan reviewed,fb77f496b2a4de8ef6512f9d459086209f5173314323888c082a9c36720c3437,"over-inclusive suffix regex captured a phrase, ordinary honorific, or non-address expression",pf:static:photonflowers11.rio:487890932:00109969 |  | 中性的な容姿、または性格をもつ殿方一般を指します。<02><0A><0A>,mechanical_scan_reviewed
photonflowers-ex-terms-v1.0,また夕呼先生,,regex_address_false_positive,1,contextual,sentence-level context,JP scan reviewed,fb77f496b2a4de8ef6512f9d459086209f5173314323888c082a9c36720c3437,"over-inclusive suffix regex captured a phrase, ordinary honorific, or non-address expression",pf:static:photonflowers11.rio.002:1322667676:00069184 | 武 | 【武】「まりもちゃん、<03>また夕呼先生に何か脅されてるんだ？」<01>,mechanical_scan_reviewed
photonflowers-ex-terms-v1.0,まりもちゃんや夕呼先生,,regex_address_false_positive,1,contextual,sentence-level context,JP scan reviewed,fb77f496b2a4de8ef6512f9d459086209f5173314323888c082a9c36720c3437,"over-inclusive suffix regex captured a phrase, ordinary honorific, or non-address expression",pf:static:photonflowers11.rio.002:630827184:00067208 |  | まりもちゃんや夕呼先生だってそうだ。<01>,mechanical_scan_reviewed
photonflowers-ex-terms-v1.0,まりも・壬姫・尊人・柏木,,functional_speaker_label,1,contextual,speaker/group/role label,authoritative speaker_jp scan,fb77f496b2a4de8ef6512f9d459086209f5173314323888c082a9c36720c3437,translate label according to row context; not a reusable proper term,,mechanical_scan_reviewed
photonflowers-ex-terms-v1.0,みなさま,,regex_address_false_positive,1,contextual,sentence-level context,JP scan reviewed,fb77f496b2a4de8ef6512f9d459086209f5173314323888c082a9c36720c3437,"over-inclusive suffix regex captured a phrase, ordinary honorific, or non-address expression",pf:static:photonflowers11.rio.002:1602830768:00133097 | 月詠 | 【月詠】「みなさま、<03>ありがとうございます…<03>…<03>…<03>…<03>神宮司教諭、<03>しばしお時間を頂けないでしょうか？」<01>,mechanical_scan_reviewed
photonflowers-ex-terms-v1.0,みんなの中にはちゃん,,regex_address_false_positive,1,contextual,sentence-level context,JP scan reviewed,fb77f496b2a4de8ef6512f9d459086209f5173314323888c082a9c36720c3437,"over-inclusive suffix regex captured a phrase, ordinary honorific, or non-address expression",pf:static:photonflowers11.rio.002:1602830768:00132509 |  | 冥夜がこの学園にいた時間は…<03>…<03>時間にすれば短かったけど、<03>みんなの中にはちゃんと残ったんだな。<01>,mechanical_scan_reviewed
photonflowers-ex-terms-v1.0,もちろん御祖父様,,regex_address_false_positive,1,contextual,sentence-level context,JP scan reviewed,fb77f496b2a4de8ef6512f9d459086209f5173314323888c082a9c36720c3437,"over-inclusive suffix regex captured a phrase, ordinary honorific, or non-address expression",pf:static:photonflowers11.rio.002:186673440:00158037 | 冥夜 | 【冥夜】「……もちろん御祖父様のことだ」<01>,mechanical_scan_reviewed
photonflowers-ex-terms-v1.0,やっぱりそういうの白銀君,,regex_address_false_positive,1,contextual,sentence-level context,JP scan reviewed,fb77f496b2a4de8ef6512f9d459086209f5173314323888c082a9c36720c3437,"over-inclusive suffix regex captured a phrase, ordinary honorific, or non-address expression",pf:static:photonflowers11.rio.002:630827184:00081984 | 柏木 | 【柏木】「だけどさぁ、<03>やっぱりそういうの白銀君らしくないって」<01>,mechanical_scan_reviewed
photonflowers-ex-terms-v1.0,やっぱりたけるさんは純夏ちゃん,,regex_address_false_positive,1,contextual,sentence-level context,JP scan reviewed,fb77f496b2a4de8ef6512f9d459086209f5173314323888c082a9c36720c3437,"over-inclusive suffix regex captured a phrase, ordinary honorific, or non-address expression",pf:static:photonflowers11.rio.002:1366349532:00059346 | 壬姫 | 【壬姫】「そんなに悩むなんて…<03>…<03>やっぱりたけるさんは純夏ちゃんを大切にしてるんだねー」<01>,mechanical_scan_reviewed
photonflowers-ex-terms-v1.0,やっぱり香月先生,,regex_address_false_positive,1,contextual,sentence-level context,JP scan reviewed,fb77f496b2a4de8ef6512f9d459086209f5173314323888c082a9c36720c3437,"over-inclusive suffix regex captured a phrase, ordinary honorific, or non-address expression",pf:static:photonflowers11.rio.002:1602830768:00165057 | 柏木 | 【柏木】「でも、<03>やっぱり香月先生のようには割り切れないよね…<03>…<03>私たちは友達じゃない」<01>,mechanical_scan_reviewed
photonflowers-ex-terms-v1.0,よく鎧衣君,,regex_address_false_positive,1,contextual,sentence-level context,JP scan reviewed,fb77f496b2a4de8ef6512f9d459086209f5173314323888c082a9c36720c3437,"over-inclusive suffix regex captured a phrase, ordinary honorific, or non-address expression",pf:static:photonflowers11.rio.002:630827184:00060822 | 柏木 | 【柏木】「ほら、<03>よく鎧衣君達と話してるでしょ。<0A>あ、<03>そうだ、<03>機会があったら教えてやってよ」<01>,mechanical_scan_reviewed
photonflowers-ex-terms-v1.0,よりにもよってまりもちゃん,,regex_address_false_positive,1,contextual,sentence-level context,JP scan reviewed,fb77f496b2a4de8ef6512f9d459086209f5173314323888c082a9c36720c3437,"over-inclusive suffix regex captured a phrase, ordinary honorific, or non-address expression",pf:static:photonflowers11.rio.002:1495411112:00016459 |  | うわあ、<03>よりにもよってまりもちゃんにバレるとはっ！<01>,mechanical_scan_reviewed
photonflowers-ex-terms-v1.0,わざわざタケルちゃん,,regex_address_false_positive,1,contextual,sentence-level context,JP scan reviewed,fb77f496b2a4de8ef6512f9d459086209f5173314323888c082a9c36720c3437,"over-inclusive suffix regex captured a phrase, ordinary honorific, or non-address expression",pf:static:photonflowers11.rio:487283344:00116668 |  | そんなこと、<03>わざわざタケルちゃんの口から聞かなくてもわかってることだよね。<01>,mechanical_scan_reviewed
photonflowers-ex-terms-v1.0,わたしの思い出にはいつもタケルちゃん,,regex_address_false_positive,1,contextual,sentence-level context,JP scan reviewed,fb77f496b2a4de8ef6512f9d459086209f5173314323888c082a9c36720c3437,"over-inclusive suffix regex captured a phrase, ordinary honorific, or non-address expression",pf:static:photonflowers11.rio:487283344:00072124 |  | わたしの思い出にはいつもタケルちゃんがいる。<01>,mechanical_scan_reviewed
photonflowers-ex-terms-v1.0,わたしはタケルちゃん,,regex_address_false_positive,1,contextual,sentence-level context,JP scan reviewed,fb77f496b2a4de8ef6512f9d459086209f5173314323888c082a9c36720c3437,"over-inclusive suffix regex captured a phrase, ordinary honorific, or non-address expression",pf:static:photonflowers11.rio:487283344:00110436 | 純夏 | 【純夏】「わたしはタケルちゃんを見てどう思って、<03>タケルちゃんはわたしをどう思ったのかなって」<01>,mechanical_scan_reviewed
photonflowers-ex-terms-v1.0,を標的の殿,,regex_address_false_positive,1,contextual,sentence-level context,JP scan reviewed,fb77f496b2a4de8ef6512f9d459086209f5173314323888c082a9c36720c3437,"over-inclusive suffix regex captured a phrase, ordinary honorific, or non-address expression",pf:static:photonflowers11.rio:487890932:00106115 |  | このことから、周囲の男性には敬遠される傾向にあるのですが、ふとしたことでその者が持つ「弱さ」を標的の殿方が見てしまうと大変危険です。<01>,mechanical_scan_reviewed
photonflowers-ex-terms-v1.0,んじゃ今日はまりもちゃん,,regex_address_false_positive,1,contextual,sentence-level context,JP scan reviewed,fb77f496b2a4de8ef6512f9d459086209f5173314323888c082a9c36720c3437,"over-inclusive suffix regex captured a phrase, ordinary honorific, or non-address expression",pf:static:photonflowers11.rio:487417908:00148947 | 武 | 【武】「わはは、<03>センセー、<03>固いこと言わないでさ！　よ～し、<03>んじゃ今日はまりもちゃんのおごりってことで！」<01>,mechanical_scan_reviewed
photonflowers-ex-terms-v1.0,ァァァッ,,ordinary_katakana_or_sound,1,contextual,sentence-level context,JP scan reviewed,fb77f496b2a4de8ef6512f9d459086209f5173314323888c082a9c36720c3437,"ordinary loanword, pronoun, slang, sound effect, or fragment; no fixed chapter terminology",pf:static:photonflowers11.rio:488133660:00100747 | 醍三郎 | 【醍三郎】「――自惚れるなァァァッ！！！！！」<01>,mechanical_scan_reviewed
photonflowers-ex-terms-v1.0,アイコンタクト,,ordinary_katakana_or_sound,1,contextual,sentence-level context,JP scan reviewed,fb77f496b2a4de8ef6512f9d459086209f5173314323888c082a9c36720c3437,"ordinary loanword, pronoun, slang, sound effect, or fragment; no fixed chapter terminology",pf:static:photonflowers11.rio.002:30631052:00088848 | 夕呼 | 【夕呼】「へぇ…<03>…<03>アイコンタクトとは、<03>なかなか恋人レベル上げたわね」<01>,mechanical_scan_reviewed
photonflowers-ex-terms-v1.0,アイディア,,ordinary_katakana_or_sound,1,contextual,sentence-level context,JP scan reviewed,fb77f496b2a4de8ef6512f9d459086209f5173314323888c082a9c36720c3437,"ordinary loanword, pronoun, slang, sound effect, or fragment; no fixed chapter terminology",pf:static:photonflowers11.rio.002:1322667676:00049902 | 武 | 【武】「で？　委員長は何かいいアイディアがひらめいたのか？」<01>,mechanical_scan_reviewed
photonflowers-ex-terms-v1.0,アダルト,,ordinary_katakana_or_sound,1,contextual,sentence-level context,JP scan reviewed,fb77f496b2a4de8ef6512f9d459086209f5173314323888c082a9c36720c3437,"ordinary loanword, pronoun, slang, sound effect, or fragment; no fixed chapter terminology",pf:static:photonflowers11.rio:487194916:00046870 |  | い、<03>いきなりアダルトなヤツ…<03>…<03><01>,mechanical_scan_reviewed
photonflowers-ex-terms-v1.0,アマゾン,,ordinary_katakana_or_sound,1,contextual,sentence-level context,JP scan reviewed,fb77f496b2a4de8ef6512f9d459086209f5173314323888c082a9c36720c3437,"ordinary loanword, pronoun, slang, sound effect, or fragment; no fixed chapter terminology",pf:static:photonflowers11.rio:487283344:00079126 | 尊人 | 【尊人】「昔、<03>父さんにアマゾンにつれて行かれた時、<03>似たような習慣の人達がいたけど、<03>さすがに自分の頭は食べさせないよ。<0A>…<03>…<03>すごい器量だね、<03>その人」<01>,mechanical_scan_reviewed
photonflowers-ex-terms-v1.0,アラーム,,ordinary_katakana_or_sound,1,contextual,sentence-level context,JP scan reviewed,fb77f496b2a4de8ef6512f9d459086209f5173314323888c082a9c36720c3437,"ordinary loanword, pronoun, slang, sound effect, or fragment; no fixed chapter terminology",pf:static:photonflowers11.rio:487890932:00119745 |  | さらにその効果を高めるために、周囲の物（例：アラーム機能付置き時計　ソフトボール等）を投げつけます。<01>,mechanical_scan_reviewed
photonflowers-ex-terms-v1.0,アリ,,ordinary_katakana_or_sound,1,contextual,sentence-level context,JP scan reviewed,fb77f496b2a4de8ef6512f9d459086209f5173314323888c082a9c36720c3437,"ordinary loanword, pronoun, slang, sound effect, or fragment; no fixed chapter terminology",pf:static:photonflowers11.rio:487716956:00110147 | 武 | 【武】「ぎゃあああ～～～～～、<03>オレのヤキソバが～！！　アリのエサにぃぃぃ～～～ッ！！」<01>,mechanical_scan_reviewed
photonflowers-ex-terms-v1.0,アロハオエ,,ordinary_katakana_or_sound,1,contextual,sentence-level context,JP scan reviewed,fb77f496b2a4de8ef6512f9d459086209f5173314323888c082a9c36720c3437,"ordinary loanword, pronoun, slang, sound effect, or fragment; no fixed chapter terminology",pf:static:photonflowers11.rio:487194916:00056502 | 純夏 | 【純夏】「――ど、<03>どうしたのタケルちゃん？　アロハオエ～～？」<01>,mechanical_scan_reviewed
photonflowers-ex-terms-v1.0,アンコ,,ordinary_katakana_or_sound,1,contextual,sentence-level context,JP scan reviewed,fb77f496b2a4de8ef6512f9d459086209f5173314323888c082a9c36720c3437,"ordinary loanword, pronoun, slang, sound effect, or fragment; no fixed chapter terminology",pf:static:photonflowers11.rio:487283344:00117728 | 武 | 【武】「難しいこと考えると、<03>頭のアンコとマーガリンが飛び出すぞ」<01>,mechanical_scan_reviewed
photonflowers-ex-terms-v1.0,アンタ,,ordinary_katakana_or_sound,1,contextual,sentence-level context,JP scan reviewed,fb77f496b2a4de8ef6512f9d459086209f5173314323888c082a9c36720c3437,"ordinary loanword, pronoun, slang, sound effect, or fragment; no fixed chapter terminology",pf:static:photonflowers11.rio.002:30631052:00120590 | 夕呼 | 【夕呼】「死ぬほどの心地よさだったってこと？　まだ日も高いって言うのに校内で窒息プレイとは、<03>アンタ達やるわね」<01>,mechanical_scan_reviewed
photonflowers-ex-terms-v1.0,アンテナ,,ordinary_katakana_or_sound,1,contextual,sentence-level context,JP scan reviewed,fb77f496b2a4de8ef6512f9d459086209f5173314323888c082a9c36720c3437,"ordinary loanword, pronoun, slang, sound effect, or fragment; no fixed chapter terminology",pf:static:photonflowers11.rio:487283344:00109588 |  | だいたいアンテナじゃないんだから、<03>交信なんてできないよ～！！<01>,mechanical_scan_reviewed
photonflowers-ex-terms-v1.0,ィィィィィィィィィィッ,,ordinary_katakana_or_sound,1,contextual,sentence-level context,JP scan reviewed,fb77f496b2a4de8ef6512f9d459086209f5173314323888c082a9c36720c3437,"ordinary loanword, pronoun, slang, sound effect, or fragment; no fixed chapter terminology",pf:static:photonflowers11.rio.002:186673440:00123515 | 醍三郎 | 【醍三郎】「宇宙乃雷ィィィィィィィィィィッ！！！」<01>,mechanical_scan_reviewed
photonflowers-ex-terms-v1.0,ィィィィィッ,,ordinary_katakana_or_sound,1,contextual,sentence-level context,JP scan reviewed,fb77f496b2a4de8ef6512f9d459086209f5173314323888c082a9c36720c3437,"ordinary loanword, pronoun, slang, sound effect, or fragment; no fixed chapter terminology",pf:static:photonflowers11.rio.002:186673440:00123297 | 醍三郎 | 【醍三郎】「反重力乃嵐ィィィィィッ！」<01>,mechanical_scan_reviewed
photonflowers-ex-terms-v1.0,ィヤツ,,ordinary_katakana_or_sound,1,contextual,sentence-level context,JP scan reviewed,fb77f496b2a4de8ef6512f9d459086209f5173314323888c082a9c36720c3437,"ordinary loanword, pronoun, slang, sound effect, or fragment; no fixed chapter terminology",pf:static:photonflowers11.rio:487590408:00116257 | 武 | 【武】「なんだよ、<03>朝っぱらから呪うとか呪わないとか。<0A>縁起悪ィヤツだなあ～」<01>,mechanical_scan_reviewed
photonflowers-ex-terms-v1.0,イカン,,ordinary_katakana_or_sound,1,contextual,sentence-level context,JP scan reviewed,fb77f496b2a4de8ef6512f9d459086209f5173314323888c082a9c36720c3437,"ordinary loanword, pronoun, slang, sound effect, or fragment; no fixed chapter terminology",pf:static:photonflowers11.rio.002:30631052:00109234 |  | 女ってヤツは、<03>何かこういうケジメみたいなものは「男から言わなきゃイカン！」的なことを思ってたりするのかもなぁ…<03>…<03>。<01>,mechanical_scan_reviewed
photonflowers-ex-terms-v1.0,イクイク,,ordinary_katakana_or_sound,1,contextual,sentence-level context,JP scan reviewed,fb77f496b2a4de8ef6512f9d459086209f5173314323888c082a9c36720c3437,"ordinary loanword, pronoun, slang, sound effect, or fragment; no fixed chapter terminology",pf:static:photonflowers11.rio:487283344:00093182 | 武 | 【武】「女が公共の場でイクイク言ってんなよ。<0A>恥ずかしいやつだな～」<01>,mechanical_scan_reviewed
photonflowers-ex-terms-v1.0,イケ,,ordinary_katakana_or_sound,1,contextual,sentence-level context,JP scan reviewed,fb77f496b2a4de8ef6512f9d459086209f5173314323888c082a9c36720c3437,"ordinary loanword, pronoun, slang, sound effect, or fragment; no fixed chapter terminology",pf:static:photonflowers11.rio.002:1162587616:00059670 | 武 | 【武】「む！　シチューもイケるぞ！」<01>,mechanical_scan_reviewed
photonflowers-ex-terms-v1.0,イジメ,,ordinary_katakana_or_sound,1,contextual,sentence-level context,JP scan reviewed,fb77f496b2a4de8ef6512f9d459086209f5173314323888c082a9c36720c3437,"ordinary loanword, pronoun, slang, sound effect, or fragment; no fixed chapter terminology",pf:static:photonflowers11.rio.002:1322667676:00049302 | 武 | 【武】「え？　ああ…<03>…<03>まあ、<03>よかったんじゃねーの？　ただ、<03>みんなにしてみりゃ卒業寸前にイジメなんて労力のムダだろうし…<03>…<03>」<01>,mechanical_scan_reviewed
photonflowers-ex-terms-v1.0,イメージ,,ordinary_katakana_or_sound,1,contextual,sentence-level context,JP scan reviewed,fb77f496b2a4de8ef6512f9d459086209f5173314323888c082a9c36720c3437,"ordinary loanword, pronoun, slang, sound effect, or fragment; no fixed chapter terminology",pf:static:photonflowers11.rio.002:30631052:00132956 | 武 | 【武】「おまえ等に置いてけぼり喰らったせいで、<03>絶望的な未来のイメージが見え隠れしたんだよ。<0A>総集編でな」<01>,mechanical_scan_reviewed
photonflowers-ex-terms-v1.0,イルカ,,ordinary_katakana_or_sound,1,contextual,sentence-level context,JP scan reviewed,fb77f496b2a4de8ef6512f9d459086209f5173314323888c082a9c36720c3437,"ordinary loanword, pronoun, slang, sound effect, or fragment; no fixed chapter terminology",pf:static:photonflowers11.rio:487194916:00064522 | 純夏 | 【純夏】「水族館に行ってさ、<03>イルカのショーとか見たいじゃない？　カワイー！！　って身体がキューッてなるし…<03>…<03>」<01>,mechanical_scan_reviewed
photonflowers-ex-terms-v1.0,インド,,ordinary_or_context_collision,1,contextual,translate in sentence; not frozen as a chapter term,origin/main glossary checked + JP context,e9ee9faffb2ef37bee94ee3d5c9a185623af6e2a2997a85a474f8a4629c4410c,exact string match is not a context-applicable terminology match,pf:static:photonflowers11.rio.002:630827184:00043900 |  | 委員長の奴、<03>純夏に技を伝授する以前に、<03>マインドコントロールまで済ませていたっていうのか？<01>,mechanical_scan_reviewed
photonflowers-ex-terms-v1.0,インプリント,,ordinary_katakana_or_sound,1,contextual,sentence-level context,JP scan reviewed,fb77f496b2a4de8ef6512f9d459086209f5173314323888c082a9c36720c3437,"ordinary loanword, pronoun, slang, sound effect, or fragment; no fixed chapter terminology",pf:static:photonflowers11.rio:487890932:00118849 |  | そこで間髪入れず、羞恥と抗議を含んだ潤んだ目と、純粋な恥じらいを現わす赤面（この場合顔全体ではなく、目以下口以上の頬に範囲を限定）をすることで、不安定な状態である殿方の精神に効果的なインプリントを行うことが可能となります。<02><0A><0A>,mechanical_scan_reviewed
photonflowers-ex-terms-v1.0,イーグル,,ordinary_or_context_collision,1,contextual,translate in sentence; not frozen as a chapter term,origin/main glossary checked + JP context,e9ee9faffb2ef37bee94ee3d5c9a185623af6e2a2997a85a474f8a4629c4410c,exact string match is not a context-applicable terminology match,pf:static:photonflowers11.rio.002:1366349532:00068078 |  | パッケージからしてたまのハートをイーグルキャッチか！？<01>,mechanical_scan_reviewed
photonflowers-ex-terms-v1.0,イーグルキャッチ,,ordinary_katakana_or_sound,1,contextual,sentence-level context,JP scan reviewed,fb77f496b2a4de8ef6512f9d459086209f5173314323888c082a9c36720c3437,"ordinary loanword, pronoun, slang, sound effect, or fragment; no fixed chapter terminology",pf:static:photonflowers11.rio.002:1366349532:00068078 |  | パッケージからしてたまのハートをイーグルキャッチか！？<01>,mechanical_scan_reviewed
photonflowers-ex-terms-v1.0,ウェットティッシュ,,ordinary_katakana_or_sound,1,contextual,sentence-level context,JP scan reviewed,fb77f496b2a4de8ef6512f9d459086209f5173314323888c082a9c36720c3437,"ordinary loanword, pronoun, slang, sound effect, or fragment; no fixed chapter terminology",pf:static:photonflowers11.rio.002:1238534540:00063416 | 柏木 | 【柏木】「…<03>…<03>使う？　ウェットティッシュ」<01>,mechanical_scan_reviewed
photonflowers-ex-terms-v1.0,ウザ,,ordinary_katakana_or_sound,1,contextual,sentence-level context,JP scan reviewed,fb77f496b2a4de8ef6512f9d459086209f5173314323888c082a9c36720c3437,"ordinary loanword, pronoun, slang, sound effect, or fragment; no fixed chapter terminology",pf:static:photonflowers11.rio:487716956:00122739 | 慧 | 【慧】「白銀…<03>…<03>…<03>…<03>ウザい」<01>,mechanical_scan_reviewed
photonflowers-ex-terms-v1.0,ウチのクラスが夕呼先生,,regex_address_false_positive,1,contextual,sentence-level context,JP scan reviewed,fb77f496b2a4de8ef6512f9d459086209f5173314323888c082a9c36720c3437,"over-inclusive suffix regex captured a phrase, ordinary honorific, or non-address expression",pf:static:photonflowers11.rio.002:30631052:00125998 |  | 球技大会で、<03>ウチのクラスが夕呼先生のＤ組を破って優勝してから、<03>ほんの３ヶ月ぐらいしか経ってないのに…<03>…<03>。<01>,mechanical_scan_reviewed
photonflowers-ex-terms-v1.0,ウメー,,ordinary_katakana_or_sound,1,contextual,sentence-level context,JP scan reviewed,fb77f496b2a4de8ef6512f9d459086209f5173314323888c082a9c36720c3437,"ordinary loanword, pronoun, slang, sound effect, or fragment; no fixed chapter terminology",pf:static:photonflowers11.rio.002:1097218736:00033302 |  | 純夏のヤツ、<03>そうなんだよなあ…<03>…<03>見栄えはイマイチでも、<03>オレの好みをしっかり分かってるからウメーんだよ。<01>,mechanical_scan_reviewed
photonflowers-ex-terms-v1.0,ウルターメンシリーズ,,ordinary_katakana_or_sound,1,contextual,sentence-level context,JP scan reviewed,fb77f496b2a4de8ef6512f9d459086209f5173314323888c082a9c36720c3437,"ordinary loanword, pronoun, slang, sound effect, or fragment; no fixed chapter terminology",pf:static:photonflowers11.rio.002:1366349532:00051094 |  | ウルターメンシリーズなんか、<03>ケーブルテレビで再放送したりしてるんだろ？<01>,mechanical_scan_reviewed
photonflowers-ex-terms-v1.0,ウルッ,,ordinary_katakana_or_sound,1,contextual,sentence-level context,JP scan reviewed,fb77f496b2a4de8ef6512f9d459086209f5173314323888c082a9c36720c3437,"ordinary loanword, pronoun, slang, sound effect, or fragment; no fixed chapter terminology",pf:static:photonflowers11.rio.002:1602830768:00123915 | 武 | 【武】「もしかしておまえ、<03>少しウルッと来てる？」<01>,mechanical_scan_reviewed
photonflowers-ex-terms-v1.0,ェッ,,ordinary_katakana_or_sound,1,contextual,sentence-level context,JP scan reviewed,fb77f496b2a4de8ef6512f9d459086209f5173314323888c082a9c36720c3437,"ordinary loanword, pronoun, slang, sound effect, or fragment; no fixed chapter terminology",pf:static:photonflowers11.rio:487417908:00115243 | 武 | 【武】「うるせェッ！！」<01>,mechanical_scan_reviewed
photonflowers-ex-terms-v1.0,エグゼク,,ordinary_katakana_or_sound,1,contextual,sentence-level context,JP scan reviewed,fb77f496b2a4de8ef6512f9d459086209f5173314323888c082a9c36720c3437,"ordinary loanword, pronoun, slang, sound effect, or fragment; no fixed chapter terminology",pf:static:photonflowers11.rio.002:1602830768:00110617 | 武 | <05>【武】「エグゼク…<03>…<03>って、<03>なんにもしてないじゃないですか～！」,mechanical_scan_reviewed
photonflowers-ex-terms-v1.0,エッチ,,ordinary_katakana_or_sound,1,contextual,sentence-level context,JP scan reviewed,fb77f496b2a4de8ef6512f9d459086209f5173314323888c082a9c36720c3437,"ordinary loanword, pronoun, slang, sound effect, or fragment; no fixed chapter terminology",pf:static:photonflowers11.rio:487194916:00067890 | 純夏 | 【純夏】「タケルちゃんのエッチ！！」<01>,mechanical_scan_reviewed
photonflowers-ex-terms-v1.0,エッチッ,,ordinary_katakana_or_sound,1,contextual,sentence-level context,JP scan reviewed,fb77f496b2a4de8ef6512f9d459086209f5173314323888c082a9c36720c3437,"ordinary loanword, pronoun, slang, sound effect, or fragment; no fixed chapter terminology",pf:static:photonflowers11.rio:487417908:00109087 | 純夏 | 【純夏】「タケルちゃんのエッチッ！！！」<01>,mechanical_scan_reviewed
photonflowers-ex-terms-v1.0,エネルギア・チョビット,,ordinary_katakana_or_sound,1,contextual,sentence-level context,JP scan reviewed,fb77f496b2a4de8ef6512f9d459086209f5173314323888c082a9c36720c3437,"ordinary loanword, pronoun, slang, sound effect, or fragment; no fixed chapter terminology",pf:static:photonflowers11.rio.002:30631052:00113384 |  | ふっふっふ…<03>…<03>こいつは面白くなってきたぜ。<0A>――正に『エネルギア・チョビット』！<01>,mechanical_scan_reviewed
photonflowers-ex-terms-v1.0,エントリー,,ordinary_katakana_or_sound,1,contextual,sentence-level context,JP scan reviewed,fb77f496b2a4de8ef6512f9d459086209f5173314323888c082a9c36720c3437,"ordinary loanword, pronoun, slang, sound effect, or fragment; no fixed chapter terminology",pf:static:photonflowers11.rio.002:630827184:00053778 |  | エントリーも締め切られて、<03>次の受付は１時間後かあ…<03>…<03>。<01>,mechanical_scan_reviewed
photonflowers-ex-terms-v1.0,ォォォォォッ,,ordinary_katakana_or_sound,1,contextual,sentence-level context,JP scan reviewed,fb77f496b2a4de8ef6512f9d459086209f5173314323888c082a9c36720c3437,"ordinary loanword, pronoun, slang, sound effect, or fragment; no fixed chapter terminology",pf:static:photonflowers11.rio:488133660:00093953 | 醍三郎 | 【醍三郎】「死合いは終わってはおらんわ――この未熟者ォォォォォッ！！！！」<01>,mechanical_scan_reviewed
photonflowers-ex-terms-v1.0,ォッ,,ordinary_katakana_or_sound,1,contextual,sentence-level context,JP scan reviewed,fb77f496b2a4de8ef6512f9d459086209f5173314323888c082a9c36720c3437,"ordinary loanword, pronoun, slang, sound effect, or fragment; no fixed chapter terminology",pf:static:photonflowers11.rio.002:30631052:00087484 |  | ――誰かこの女を止めろォッ！<01>,mechanical_scan_reviewed
photonflowers-ex-terms-v1.0,オイ,,ordinary_katakana_or_sound,1,contextual,sentence-level context,JP scan reviewed,fb77f496b2a4de8ef6512f9d459086209f5173314323888c082a9c36720c3437,"ordinary loanword, pronoun, slang, sound effect, or fragment; no fixed chapter terminology",pf:static:photonflowers11.rio:487890932:00160515 | 銀行強盗２ | 【銀行強盗２】「オイちょっと待て！　あのクソ野郎にひと泡吹かせるんじゃなかったのかよ！？　このままじゃ俺たちやられ損じゃねぇか！！」<01>,mechanical_scan_reviewed
photonflowers-ex-terms-v1.0,オエ,,ordinary_katakana_or_sound,1,contextual,sentence-level context,JP scan reviewed,fb77f496b2a4de8ef6512f9d459086209f5173314323888c082a9c36720c3437,"ordinary loanword, pronoun, slang, sound effect, or fragment; no fixed chapter terminology",pf:static:photonflowers11.rio.002:30631052:00137666 | 純夏 | 【純夏】「オエ～～」<01>,mechanical_scan_reviewed
photonflowers-ex-terms-v1.0,オトウト,,ordinary_katakana_or_sound,1,contextual,sentence-level context,JP scan reviewed,fb77f496b2a4de8ef6512f9d459086209f5173314323888c082a9c36720c3437,"ordinary loanword, pronoun, slang, sound effect, or fragment; no fixed chapter terminology",pf:static:photonflowers11.rio.002:630827184:00058132 |  | ――オトウト？　ああ、<03>弟ね…<03>…<03>なんだ。<0A>シツレイシマシタ。<01>,mechanical_scan_reviewed
photonflowers-ex-terms-v1.0,オフシーズン,,ordinary_katakana_or_sound,1,contextual,sentence-level context,JP scan reviewed,fb77f496b2a4de8ef6512f9d459086209f5173314323888c082a9c36720c3437,"ordinary loanword, pronoun, slang, sound effect, or fragment; no fixed chapter terminology",pf:static:photonflowers11.rio.002:1495411112:00013267 |  | 運良くオフシーズンだったことを加味しても、<03>相当額だ。<0A>更にそこまでの往復の交通費もかかる。<01>,mechanical_scan_reviewed
photonflowers-ex-terms-v1.0,オブラート,,ordinary_katakana_or_sound,1,contextual,sentence-level context,JP scan reviewed,fb77f496b2a4de8ef6512f9d459086209f5173314323888c082a9c36720c3437,"ordinary loanword, pronoun, slang, sound effect, or fragment; no fixed chapter terminology",pf:static:photonflowers11.rio.002:1391025672:00098249 | 夕呼 | 【夕呼】「勘違いしないでよ？　普通はね、<03>そんなこと言わないの。<0A>オブラートに包んで綺麗な言葉で伝えてくれるものなのよ」<01>,mechanical_scan_reviewed
photonflowers-ex-terms-v1.0,オマケ,,ordinary_katakana_or_sound,1,contextual,sentence-level context,JP scan reviewed,fb77f496b2a4de8ef6512f9d459086209f5173314323888c082a9c36720c3437,"ordinary loanword, pronoun, slang, sound effect, or fragment; no fixed chapter terminology",pf:static:photonflowers11.rio.002:1366349532:00051342 |  | コンビニ行くと、<03>オレですら生まれてなかった頃のアニメなんかの人形をオマケにしたお菓子売ってるし。<01>,mechanical_scan_reviewed
photonflowers-ex-terms-v1.0,オメー,,ordinary_katakana_or_sound,1,contextual,sentence-level context,JP scan reviewed,fb77f496b2a4de8ef6512f9d459086209f5173314323888c082a9c36720c3437,"ordinary loanword, pronoun, slang, sound effect, or fragment; no fixed chapter terminology",pf:static:photonflowers11.rio.002:1162587616:00085698 |  | 何だよ！　オメーは山丘さんかよっ！！<01>,mechanical_scan_reviewed
photonflowers-ex-terms-v1.0,オメーは山丘さん,,regex_address_false_positive,1,contextual,sentence-level context,JP scan reviewed,fb77f496b2a4de8ef6512f9d459086209f5173314323888c082a9c36720c3437,"over-inclusive suffix regex captured a phrase, ordinary honorific, or non-address expression",pf:static:photonflowers11.rio.002:1162587616:00085698 |  | 何だよ！　オメーは山丘さんかよっ！！<01>,mechanical_scan_reviewed
photonflowers-ex-terms-v1.0,オリジナリティ,,ordinary_katakana_or_sound,1,contextual,sentence-level context,JP scan reviewed,fb77f496b2a4de8ef6512f9d459086209f5173314323888c082a9c36720c3437,"ordinary loanword, pronoun, slang, sound effect, or fragment; no fixed chapter terminology",pf:static:photonflowers11.rio.002:1366349532:00058052 | 武 | 【武】「うーん…<03>…<03>なんて言うか、<03>買うからにはオリジナリティは欲しいよな」<01>,mechanical_scan_reviewed
photonflowers-ex-terms-v1.0,オリジナル,,ordinary_katakana_or_sound,1,contextual,sentence-level context,JP scan reviewed,fb77f496b2a4de8ef6512f9d459086209f5173314323888c082a9c36720c3437,"ordinary loanword, pronoun, slang, sound effect, or fragment; no fixed chapter terminology",pf:static:photonflowers11.rio.002:1162587616:00055874 | 純夏 | 【純夏】「あはは…<03>…<03>とんかつはわたしのオリジナルだよ！　見た目ではわからない、<03>独特の工夫がされてるのだ！」<01>,mechanical_scan_reviewed
photonflowers-ex-terms-v1.0,オレはちゃん,,regex_address_false_positive,1,contextual,sentence-level context,JP scan reviewed,fb77f496b2a4de8ef6512f9d459086209f5173314323888c082a9c36720c3437,"over-inclusive suffix regex captured a phrase, ordinary honorific, or non-address expression",pf:static:photonflowers11.rio.002:1533930220:00028101 | 武 | 【武】「勘違いしないでくれ、<03>オレはちゃんと考えてるよ。<0A>みんなにはオレを信じて欲しいんだ」<01>,mechanical_scan_reviewed
photonflowers-ex-terms-v1.0,オレハメ,,ordinary_katakana_or_sound,1,contextual,sentence-level context,JP scan reviewed,fb77f496b2a4de8ef6512f9d459086209f5173314323888c082a9c36720c3437,"ordinary loanword, pronoun, slang, sound effect, or fragment; no fixed chapter terminology",pf:static:photonflowers11.rio.002:1391025672:00077341 |  | また…<03>…<03>オレハメられて…<03>…<03>泥沼？<01>,mechanical_scan_reviewed
photonflowers-ex-terms-v1.0,オレ達の嫁さん,,regex_address_false_positive,1,contextual,sentence-level context,JP scan reviewed,fb77f496b2a4de8ef6512f9d459086209f5173314323888c082a9c36720c3437,"over-inclusive suffix regex captured a phrase, ordinary honorific, or non-address expression",pf:static:photonflowers11.rio:487890932:00185873 | 銀行強盗１ | 【銀行強盗１】「やつらは就職斡旋を理由に、オレ達の嫁さんの仕事として遠くの工場を紹介してくれた……親切面してな」<01>,mechanical_scan_reviewed
photonflowers-ex-terms-v1.0,オーストラリア,,ordinary_or_context_collision,1,contextual,translate in sentence; not frozen as a chapter term,origin/main glossary checked + JP context,e9ee9faffb2ef37bee94ee3d5c9a185623af6e2a2997a85a474f8a4629c4410c,exact string match is not a context-applicable terminology match,pf:static:photonflowers11.rio.002:1162587616:00042384 |  | …<03>…<03>そうだ、<03>あの時は結局それで月詠さんが本場のオーストラリアに送り込んだんだっけ。<01>,mechanical_scan_reviewed
photonflowers-ex-terms-v1.0,オーバーラップ,,ordinary_katakana_or_sound,1,contextual,sentence-level context,JP scan reviewed,fb77f496b2a4de8ef6512f9d459086209f5173314323888c082a9c36720c3437,"ordinary loanword, pronoun, slang, sound effect, or fragment; no fixed chapter terminology",pf:static:photonflowers11.rio:487194916:00077188 |  | あの数時間に感情的に怒濤の展開がありすぎたからなあ。<0A>告白とＨの印象がオーバーラップしちまって、<03>感覚的に識別できんのかも…<03>…<03>。<01>,mechanical_scan_reviewed
photonflowers-ex-terms-v1.0,オーラ,,ordinary_katakana_or_sound,1,contextual,sentence-level context,JP scan reviewed,fb77f496b2a4de8ef6512f9d459086209f5173314323888c082a9c36720c3437,"ordinary loanword, pronoun, slang, sound effect, or fragment; no fixed chapter terminology",pf:static:photonflowers11.rio.002:1291020652:00025053 |  | 昨日ほど怒りのオーラは感じないな。<0A>けど、<03>その分冷めてる感じを受ける。<01>,mechanical_scan_reviewed
photonflowers-ex-terms-v1.0,オーーー,,ordinary_katakana_or_sound,1,contextual,sentence-level context,JP scan reviewed,fb77f496b2a4de8ef6512f9d459086209f5173314323888c082a9c36720c3437,"ordinary loanword, pronoun, slang, sound effect, or fragment; no fixed chapter terminology",pf:static:photonflowers11.rio.002:1602830768:00112039 | 全員 | <05>【全員】「オーーー！！！」,mechanical_scan_reviewed
photonflowers-ex-terms-v1.0,カタ,,ordinary_katakana_or_sound,1,contextual,sentence-level context,JP scan reviewed,fb77f496b2a4de8ef6512f9d459086209f5173314323888c082a9c36720c3437,"ordinary loanword, pronoun, slang, sound effect, or fragment; no fixed chapter terminology",pf:static:photonflowers11.rio.002:1602830768:00149157 |  | カタを付けるべき事があるんだ…<03>…<03>！<01>,mechanical_scan_reviewed
photonflowers-ex-terms-v1.0,カッコイイ,,ordinary_katakana_or_sound,1,contextual,sentence-level context,JP scan reviewed,fb77f496b2a4de8ef6512f9d459086209f5173314323888c082a9c36720c3437,"ordinary loanword, pronoun, slang, sound effect, or fragment; no fixed chapter terminology",pf:static:photonflowers11.rio.002:630827184:00056078 |  | 柏木は結構可愛い…<03>…<03>っていうか、<03>カッコイイしな。<0A>後輩の女の子達にもモテてるようだし、<03>男だって普通に惚れるだろ。<01>,mechanical_scan_reviewed
photonflowers-ex-terms-v1.0,カップ,,ordinary_katakana_or_sound,1,contextual,sentence-level context,JP scan reviewed,fb77f496b2a4de8ef6512f9d459086209f5173314323888c082a9c36720c3437,"ordinary loanword, pronoun, slang, sound effect, or fragment; no fixed chapter terminology",pf:static:photonflowers11.rio.002:1097218736:00039442 | 武 | 【武】「そうか？　結構寝るまえにカップ麺とか食ってるぜ？」<01>,mechanical_scan_reviewed
photonflowers-ex-terms-v1.0,カツ,,ordinary_katakana_or_sound,1,contextual,sentence-level context,JP scan reviewed,fb77f496b2a4de8ef6512f9d459086209f5173314323888c082a9c36720c3437,"ordinary loanword, pronoun, slang, sound effect, or fragment; no fixed chapter terminology",pf:static:photonflowers11.rio.002:1238534540:00057758 | 純夏 | 【純夏】「そんなことないもん！　愛情込めて作ったんだよ？　そのカツだって朝わざわざ揚げたんだから」<01>,mechanical_scan_reviewed
photonflowers-ex-terms-v1.0,カニバリズム,,ordinary_katakana_or_sound,1,contextual,sentence-level context,JP scan reviewed,fb77f496b2a4de8ef6512f9d459086209f5173314323888c082a9c36720c3437,"ordinary loanword, pronoun, slang, sound effect, or fragment; no fixed chapter terminology",pf:static:photonflowers11.rio:487283344:00078448 | 武 | 【武】「ガキのころからやってるあれだよ。<0A>ほら、<03>ハラ減ってるヤツに自分の頭食わせるっていう、<03>テリブルでカニバリズムな子供の味方だよ。<0A>もともと絵本でさ」<01>,mechanical_scan_reviewed
photonflowers-ex-terms-v1.0,カワイー,,ordinary_katakana_or_sound,1,contextual,sentence-level context,JP scan reviewed,fb77f496b2a4de8ef6512f9d459086209f5173314323888c082a9c36720c3437,"ordinary loanword, pronoun, slang, sound effect, or fragment; no fixed chapter terminology",pf:static:photonflowers11.rio:487194916:00064522 | 純夏 | 【純夏】「水族館に行ってさ、<03>イルカのショーとか見たいじゃない？　カワイー！！　って身体がキューッてなるし…<03>…<03>」<01>,mechanical_scan_reviewed
photonflowers-ex-terms-v1.0,カンガルー,,ordinary_katakana_or_sound,1,contextual,sentence-level context,JP scan reviewed,fb77f496b2a4de8ef6512f9d459086209f5173314323888c082a9c36720c3437,"ordinary loanword, pronoun, slang, sound effect, or fragment; no fixed chapter terminology",pf:static:photonflowers11.rio.002:1162587616:00041682 |  | それに確か、<03>前に娘ほったらかしで動物園にコアラとカンガルー見に行くとか言ってたし。<01>,mechanical_scan_reviewed
photonflowers-ex-terms-v1.0,ガキィィィン,,ordinary_katakana_or_sound,1,contextual,sentence-level context,JP scan reviewed,fb77f496b2a4de8ef6512f9d459086209f5173314323888c082a9c36720c3437,"ordinary loanword, pronoun, slang, sound effect, or fragment; no fixed chapter terminology",pf:static:photonflowers11.rio.002:186673440:00122753 |  | ――ガキィィィン！！<01>,mechanical_scan_reviewed
photonflowers-ex-terms-v1.0,ガキガキ,,ordinary_katakana_or_sound,1,contextual,sentence-level context,JP scan reviewed,fb77f496b2a4de8ef6512f9d459086209f5173314323888c082a9c36720c3437,"ordinary loanword, pronoun, slang, sound effect, or fragment; no fixed chapter terminology",pf:static:photonflowers11.rio.002:630827184:00048210 |  | ちっ、<03>あんまり委員長がガキガキ言うから、<03>言い方ひとつにも気ぃ遣っちまうぜ…<03>…<03>！<01>,mechanical_scan_reviewed
photonflowers-ex-terms-v1.0,ガキンチョ,,ordinary_katakana_or_sound,1,contextual,sentence-level context,JP scan reviewed,fb77f496b2a4de8ef6512f9d459086209f5173314323888c082a9c36720c3437,"ordinary loanword, pronoun, slang, sound effect, or fragment; no fixed chapter terminology",pf:static:photonflowers11.rio.002:630827184:00070692 |  | …<03>…<03>あれ？　筐体から出てきたガキンチョがこっちに手を振って何か言ってるぞ。<01>,mechanical_scan_reviewed
photonflowers-ex-terms-v1.0,ガッチリ,,ordinary_katakana_or_sound,1,contextual,sentence-level context,JP scan reviewed,fb77f496b2a4de8ef6512f9d459086209f5173314323888c082a9c36720c3437,"ordinary loanword, pronoun, slang, sound effect, or fragment; no fixed chapter terminology",pf:static:photonflowers11.rio:487890932:00158007 | 銀行強盗２ | 【銀行強盗２】「最悪だ！　来て見りゃ金庫はガッチリ閉まっていて、肝心のあいつはいやしねえ……」<01>,mechanical_scan_reviewed
photonflowers-ex-terms-v1.0,ガラス,,ordinary_katakana_or_sound,1,contextual,sentence-level context,JP scan reviewed,fb77f496b2a4de8ef6512f9d459086209f5173314323888c082a9c36720c3437,"ordinary loanword, pronoun, slang, sound effect, or fragment; no fixed chapter terminology",pf:static:photonflowers11.rio.002:1366349532:00061524 |  | あ、<03>これ…<03>…<03>このガラス細工のキーホルダー…<03>…<03>トロロだ！<01>,mechanical_scan_reviewed
photonflowers-ex-terms-v1.0,ガンバ,,ordinary_katakana_or_sound,1,contextual,sentence-level context,JP scan reviewed,fb77f496b2a4de8ef6512f9d459086209f5173314323888c082a9c36720c3437,"ordinary loanword, pronoun, slang, sound effect, or fragment; no fixed chapter terminology",pf:static:photonflowers11.rio.002:1599749696:00041050 | 柏木 | 【柏木】「白銀君、<03>ガンバって！」<01>,mechanical_scan_reviewed
photonflowers-ex-terms-v1.0,ガンモドキ,,ordinary_katakana_or_sound,1,contextual,sentence-level context,JP scan reviewed,fb77f496b2a4de8ef6512f9d459086209f5173314323888c082a9c36720c3437,"ordinary loanword, pronoun, slang, sound effect, or fragment; no fixed chapter terminology",pf:static:photonflowers11.rio:487417908:00153039 | 壬姫 | 【壬姫】「中に、<03>ハンペンとかガンモドキとかコンニャクとか入ってるんだよー。<0A>中身は食べてのお楽しみで、<03>何種類あるかはヒミツなんだってー！」<01>,mechanical_scan_reviewed
photonflowers-ex-terms-v1.0,ガード,,ordinary_katakana_or_sound,1,contextual,sentence-level context,JP scan reviewed,fb77f496b2a4de8ef6512f9d459086209f5173314323888c082a9c36720c3437,"ordinary loanword, pronoun, slang, sound effect, or fragment; no fixed chapter terminology",pf:static:photonflowers11.rio.002:30631052:00134720 |  | 今回はなかなかガードが硬いじゃないか。<01>,mechanical_scan_reviewed
photonflowers-ex-terms-v1.0,キッパリ,,ordinary_katakana_or_sound,1,contextual,sentence-level context,JP scan reviewed,fb77f496b2a4de8ef6512f9d459086209f5173314323888c082a9c36720c3437,"ordinary loanword, pronoun, slang, sound effect, or fragment; no fixed chapter terminology",pf:static:photonflowers11.rio.002:1391025672:00110163 |  | …<03>…<03>あの彩峰がキッパリ断るとは…<03>…<03>。<0A>よほど嫌なんだろうな。<01>,mechanical_scan_reviewed
photonflowers-ex-terms-v1.0,キツ,,ordinary_katakana_or_sound,1,contextual,sentence-level context,JP scan reviewed,fb77f496b2a4de8ef6512f9d459086209f5173314323888c082a9c36720c3437,"ordinary loanword, pronoun, slang, sound effect, or fragment; no fixed chapter terminology",pf:static:photonflowers11.rio:487890932:00156237 |  | やはりいささかキツいな……。<01>,mechanical_scan_reviewed
photonflowers-ex-terms-v1.0,キャラ,,ordinary_katakana_or_sound,1,contextual,sentence-level context,JP scan reviewed,fb77f496b2a4de8ef6512f9d459086209f5173314323888c082a9c36720c3437,"ordinary loanword, pronoun, slang, sound effect, or fragment; no fixed chapter terminology",pf:static:photonflowers11.rio.002:1602830768:00179435 | 武 | 【武】「何故かそいつが売っててよ…<03>…<03>そういうキャラみたいだな、<03>季節は関係ねーらしいぞ」<01>,mechanical_scan_reviewed
photonflowers-ex-terms-v1.0,キュー,,ordinary_katakana_or_sound,1,contextual,sentence-level context,JP scan reviewed,fb77f496b2a4de8ef6512f9d459086209f5173314323888c082a9c36720c3437,"ordinary loanword, pronoun, slang, sound effect, or fragment; no fixed chapter terminology",pf:static:photonflowers11.rio:487194916:00059616 | 純夏 | 【純夏】「タケルちゃん…<03>…<03>わたしのこの身体、<03>キューって抱き締めて…<03>…<03>」<01>,mechanical_scan_reviewed
photonflowers-ex-terms-v1.0,キライ,,ordinary_katakana_or_sound,1,contextual,sentence-level context,JP scan reviewed,fb77f496b2a4de8ef6512f9d459086209f5173314323888c082a9c36720c3437,"ordinary loanword, pronoun, slang, sound effect, or fragment; no fixed chapter terminology",pf:static:photonflowers11.rio:487590408:00088705 | 純夏 | 【純夏】「あはははは、<03>雨が降っても降らなくても、<03>タケルちゃん掃除キライでしょ」<01>,mechanical_scan_reviewed
photonflowers-ex-terms-v1.0,キラキラ,,ordinary_katakana_or_sound,1,contextual,sentence-level context,JP scan reviewed,fb77f496b2a4de8ef6512f9d459086209f5173314323888c082a9c36720c3437,"ordinary loanword, pronoun, slang, sound effect, or fragment; no fixed chapter terminology",pf:static:photonflowers11.rio.002:1602830768:00124071 |  | なんか、<03>目がキラキラ光ってるような…<03>…<03>。<01>,mechanical_scan_reviewed
photonflowers-ex-terms-v1.0,キリ,,ordinary_katakana_or_sound,1,contextual,sentence-level context,JP scan reviewed,fb77f496b2a4de8ef6512f9d459086209f5173314323888c082a9c36720c3437,"ordinary loanword, pronoun, slang, sound effect, or fragment; no fixed chapter terminology",pf:static:photonflowers11.rio:487417908:00146425 | 千鶴 | 【千鶴】「だめよ、<03>例外を認めてたら、<03>キリがないでしょ？」<01>,mechanical_scan_reviewed
photonflowers-ex-terms-v1.0,キレイ,,ordinary_katakana_or_sound,1,contextual,sentence-level context,JP scan reviewed,fb77f496b2a4de8ef6512f9d459086209f5173314323888c082a9c36720c3437,"ordinary loanword, pronoun, slang, sound effect, or fragment; no fixed chapter terminology",pf:static:photonflowers11.rio.002:1602830768:00099841 |  | 春こそ満開の桜でキレイだけど、<03>この坂が本当の地獄になるのは雨と雪の日だ。<01>,mechanical_scan_reviewed
photonflowers-ex-terms-v1.0,ギクシャク,,ordinary_katakana_or_sound,1,contextual,sentence-level context,JP scan reviewed,fb77f496b2a4de8ef6512f9d459086209f5173314323888c082a9c36720c3437,"ordinary loanword, pronoun, slang, sound effect, or fragment; no fixed chapter terminology",pf:static:photonflowers11.rio.002:1495411112:00025641 |  | 純夏もちょっと困惑してるみたいだし…<03>…<03>前よりはマシになったけど、<03>クラスがギクシャクしてるのは変わらない。<01>,mechanical_scan_reviewed
photonflowers-ex-terms-v1.0,ギシギシ,,ordinary_katakana_or_sound,1,contextual,sentence-level context,JP scan reviewed,fb77f496b2a4de8ef6512f9d459086209f5173314323888c082a9c36720c3437,"ordinary loanword, pronoun, slang, sound effect, or fragment; no fixed chapter terminology",pf:static:photonflowers11.rio.002:630827184:00029424 |  | 首とか背中もギシギシ言ってる気がするし…<03>…<03>全然寝た気がしねぇ。<01>,mechanical_scan_reviewed
photonflowers-ex-terms-v1.0,ギャグネタ,,ordinary_katakana_or_sound,1,contextual,sentence-level context,JP scan reviewed,fb77f496b2a4de8ef6512f9d459086209f5173314323888c082a9c36720c3437,"ordinary loanword, pronoun, slang, sound effect, or fragment; no fixed chapter terminology",pf:static:photonflowers11.rio.002:1291020652:00030537 |  | でも、<03>そのきっかけといい、<03>流れと言い、<03>クラスにとってはむしろギャグネタだろ？<01>,mechanical_scan_reviewed
photonflowers-ex-terms-v1.0,ギレ,,ordinary_katakana_or_sound,1,contextual,sentence-level context,JP scan reviewed,fb77f496b2a4de8ef6512f9d459086209f5173314323888c082a9c36720c3437,"ordinary loanword, pronoun, slang, sound effect, or fragment; no fixed chapter terminology",pf:static:photonflowers11.rio.002:630827184:00075136 |  | ワガママなところとか、<03>逆ギレの仕方とか。<01>,mechanical_scan_reviewed
photonflowers-ex-terms-v1.0,ギ・ン・コ・ウ・ゴ・ウ・ト・ウ,,ordinary_katakana_or_sound,1,contextual,sentence-level context,JP scan reviewed,fb77f496b2a4de8ef6512f9d459086209f5173314323888c082a9c36720c3437,"ordinary loanword, pronoun, slang, sound effect, or fragment; no fixed chapter terminology",pf:static:photonflowers11.rio:487890932:00142297 | 覆面の男２ | 【覆面の男２】「どこかじゃねぇ！　犯罪だ！　銀行強盗だよ！　ギ・ン・コ・ウ・ゴ・ウ・ト・ウ！」<01>,mechanical_scan_reviewed
photonflowers-ex-terms-v1.0,クスリ,,ordinary_katakana_or_sound,1,contextual,sentence-level context,JP scan reviewed,fb77f496b2a4de8ef6512f9d459086209f5173314323888c082a9c36720c3437,"ordinary loanword, pronoun, slang, sound effect, or fragment; no fixed chapter terminology",pf:static:photonflowers11.rio.002:1366349532:00069694 |  | お礼とか言って、<03>ハイになるクスリ注射器セットをプレゼントするようなヤツがどこにいる？<01>,mechanical_scan_reviewed
photonflowers-ex-terms-v1.0,クセ,,ordinary_katakana_or_sound,1,contextual,sentence-level context,JP scan reviewed,fb77f496b2a4de8ef6512f9d459086209f5173314323888c082a9c36720c3437,"ordinary loanword, pronoun, slang, sound effect, or fragment; no fixed chapter terminology",pf:static:photonflowers11.rio.002:1322667676:00059974 | 千鶴 | 【千鶴】「そうやって極論にすり替えてすぐ投げ出すの、<03>あなたの悪いクセよ！」<01>,mechanical_scan_reviewed
photonflowers-ex-terms-v1.0,クソッ,,ordinary_katakana_or_sound,1,contextual,sentence-level context,JP scan reviewed,fb77f496b2a4de8ef6512f9d459086209f5173314323888c082a9c36720c3437,"ordinary loanword, pronoun, slang, sound effect, or fragment; no fixed chapter terminology",pf:static:photonflowers11.rio:487890932:00157407 | 銀行強盗２ | 【銀行強盗２】「クソッ！　ついてねえぜ……せっかくいいトコまでいってたのに」<01>,mechanical_scan_reviewed
photonflowers-ex-terms-v1.0,クッ,,ordinary_katakana_or_sound,1,contextual,sentence-level context,JP scan reviewed,fb77f496b2a4de8ef6512f9d459086209f5173314323888c082a9c36720c3437,"ordinary loanword, pronoun, slang, sound effect, or fragment; no fixed chapter terminology",pf:static:photonflowers11.rio.002:1238534540:00070230 |  | クッ…<03>…<03>近い！！　避けきれねえぇッ…<03>…<03>…<03>…<03>！<01>,mechanical_scan_reviewed
photonflowers-ex-terms-v1.0,クマ,,ordinary_katakana_or_sound,1,contextual,sentence-level context,JP scan reviewed,fb77f496b2a4de8ef6512f9d459086209f5173314323888c082a9c36720c3437,"ordinary loanword, pronoun, slang, sound effect, or fragment; no fixed chapter terminology",pf:static:photonflowers11.rio.002:1599749696:00029508 | 千鶴 | 【千鶴】「ちょっと…<03>…<03>って、<03>あれがちょっとなわけないでしょ？　今だって目の下クマで真っ黒じゃないの！」<01>,mechanical_scan_reviewed
photonflowers-ex-terms-v1.0,クラクラ,,ordinary_katakana_or_sound,1,contextual,sentence-level context,JP scan reviewed,fb77f496b2a4de8ef6512f9d459086209f5173314323888c082a9c36720c3437,"ordinary loanword, pronoun, slang, sound effect, or fragment; no fixed chapter terminology",pf:static:photonflowers11.rio:487417908:00152375 |  | これを聞けば千鶴ちゃんもクラクラ来ること請け合いだよー。<01>,mechanical_scan_reviewed
photonflowers-ex-terms-v1.0,クラスメート,,ordinary_katakana_or_sound,1,contextual,sentence-level context,JP scan reviewed,fb77f496b2a4de8ef6512f9d459086209f5173314323888c082a9c36720c3437,"ordinary loanword, pronoun, slang, sound effect, or fragment; no fixed chapter terminology",pf:static:photonflowers11.rio.002:630827184:00059090 |  | クラスメートの私生活を垣間見るのは、<03>気恥ずかしさも漂うが、<03>やっぱり面白いからなあ。<01>,mechanical_scan_reviewed
photonflowers-ex-terms-v1.0,クリア,,ordinary_katakana_or_sound,1,contextual,sentence-level context,JP scan reviewed,fb77f496b2a4de8ef6512f9d459086209f5173314323888c082a9c36720c3437,"ordinary loanword, pronoun, slang, sound effect, or fragment; no fixed chapter terminology",pf:static:photonflowers11.rio:487417908:00151009 | 武 | 【武】「よっしゃ！　まりもちゃんクリア！　行こうぜ～」<01>,mechanical_scan_reviewed
photonflowers-ex-terms-v1.0,クリソツ,,ordinary_katakana_or_sound,1,contextual,sentence-level context,JP scan reviewed,fb77f496b2a4de8ef6512f9d459086209f5173314323888c082a9c36720c3437,"ordinary loanword, pronoun, slang, sound effect, or fragment; no fixed chapter terminology",pf:static:photonflowers11.rio:487283344:00081028 | 武 | 【武】「純夏のこの顔は犯罪レベルでクリソツだからな」<01>,mechanical_scan_reviewed
photonflowers-ex-terms-v1.0,クリームシチュー,,ordinary_katakana_or_sound,1,contextual,sentence-level context,JP scan reviewed,fb77f496b2a4de8ef6512f9d459086209f5173314323888c082a9c36720c3437,"ordinary loanword, pronoun, slang, sound effect, or fragment; no fixed chapter terminology",pf:static:photonflowers11.rio.002:1162587616:00053606 |  | クリームシチューに、<03>筑前煮、<03>とんかつがあって…<03>…<03>何故にヤキソバ？<01>,mechanical_scan_reviewed
photonflowers-ex-terms-v1.0,クレーン,,ordinary_katakana_or_sound,1,contextual,sentence-level context,JP scan reviewed,fb77f496b2a4de8ef6512f9d459086209f5173314323888c082a9c36720c3437,"ordinary loanword, pronoun, slang, sound effect, or fragment; no fixed chapter terminology",pf:static:photonflowers11.rio.002:630827184:00068456 |  | そう言いつつ、<03>「かっぱぎクレーン」の方に顔を向けるあたり、<03>純夏のことよく分かってるな。<0A>さすがポイントガード、<03>周りの事をよく見てらっしゃる。<01>,mechanical_scan_reviewed
photonflowers-ex-terms-v1.0,グダグダ,,ordinary_katakana_or_sound,1,contextual,sentence-level context,JP scan reviewed,fb77f496b2a4de8ef6512f9d459086209f5173314323888c082a9c36720c3437,"ordinary loanword, pronoun, slang, sound effect, or fragment; no fixed chapter terminology",pf:static:photonflowers11.rio:487890932:00155583 | 銀行強盗１ | 【銀行強盗１】「バカヤロウ、いまさらグダグダ言うなッ！　ほら行くぞ！」<01>,mechanical_scan_reviewed
photonflowers-ex-terms-v1.0,グチグチ,,ordinary_katakana_or_sound,1,contextual,sentence-level context,JP scan reviewed,fb77f496b2a4de8ef6512f9d459086209f5173314323888c082a9c36720c3437,"ordinary loanword, pronoun, slang, sound effect, or fragment; no fixed chapter terminology",pf:static:photonflowers11.rio.002:1291020652:00045369 |  | ああ言えばこう言う…<03>…<03>くだらねーことにグチグチこだわりやがって！<01>,mechanical_scan_reviewed
photonflowers-ex-terms-v1.0,グル,,ordinary_katakana_or_sound,1,contextual,sentence-level context,JP scan reviewed,fb77f496b2a4de8ef6512f9d459086209f5173314323888c082a9c36720c3437,"ordinary loanword, pronoun, slang, sound effect, or fragment; no fixed chapter terminology",pf:static:photonflowers11.rio.002:1391025672:00080587 |  | なっ！？　お、<03>おまえまでグル…<03>…<03>？<01>,mechanical_scan_reviewed
photonflowers-ex-terms-v1.0,グルグル,,ordinary_katakana_or_sound,1,contextual,sentence-level context,JP scan reviewed,fb77f496b2a4de8ef6512f9d459086209f5173314323888c082a9c36720c3437,"ordinary loanword, pronoun, slang, sound effect, or fragment; no fixed chapter terminology",pf:static:photonflowers11.rio.002:1599749696:00043994 |  | ああ…<03>…<03>頭がぼーっとして、<03>さっきから何か思考がグルグル回ってるような気もする。<01>,mechanical_scan_reviewed
photonflowers-ex-terms-v1.0,グループ,,ordinary_katakana_or_sound,1,contextual,sentence-level context,JP scan reviewed,fb77f496b2a4de8ef6512f9d459086209f5173314323888c082a9c36720c3437,"ordinary loanword, pronoun, slang, sound effect, or fragment; no fixed chapter terminology",pf:static:photonflowers11.rio:487890932:00103511 |  | 冥夜様も良くご存じの大空寺グループの御令嬢がこれに該当致します。<01>,mechanical_scan_reviewed
photonflowers-ex-terms-v1.0,グー,,ordinary_katakana_or_sound,1,contextual,sentence-level context,JP scan reviewed,fb77f496b2a4de8ef6512f9d459086209f5173314323888c082a9c36720c3437,"ordinary loanword, pronoun, slang, sound effect, or fragment; no fixed chapter terminology",pf:static:photonflowers11.rio:487283344:00103986 | 純夏 | 【純夏】「グーでなぐるぞ！」<01>,mechanical_scan_reviewed
photonflowers-ex-terms-v1.0,ケガ,,ordinary_katakana_or_sound,1,contextual,sentence-level context,JP scan reviewed,fb77f496b2a4de8ef6512f9d459086209f5173314323888c082a9c36720c3437,"ordinary loanword, pronoun, slang, sound effect, or fragment; no fixed chapter terminology",pf:static:photonflowers11.rio:487890932:00214141 | 冥夜 | 【冥夜】「ああ、そなた達ケガはないか？」<01>,mechanical_scan_reviewed
photonflowers-ex-terms-v1.0,ケジメ,,ordinary_katakana_or_sound,1,contextual,sentence-level context,JP scan reviewed,fb77f496b2a4de8ef6512f9d459086209f5173314323888c082a9c36720c3437,"ordinary loanword, pronoun, slang, sound effect, or fragment; no fixed chapter terminology",pf:static:photonflowers11.rio.002:30631052:00109234 |  | 女ってヤツは、<03>何かこういうケジメみたいなものは「男から言わなきゃイカン！」的なことを思ってたりするのかもなぁ…<03>…<03>。<01>,mechanical_scan_reviewed
photonflowers-ex-terms-v1.0,ケーキの作り方は殆ど榊さん,,regex_address_false_positive,1,contextual,sentence-level context,JP scan reviewed,fb77f496b2a4de8ef6512f9d459086209f5173314323888c082a9c36720c3437,"over-inclusive suffix regex captured a phrase, ordinary honorific, or non-address expression",pf:static:photonflowers11.rio.002:1162587616:00061532 | 純夏 | 【純夏】「ケーキの作り方は殆ど榊さんに教えてもらったんだよね」<01>,mechanical_scan_reviewed
photonflowers-ex-terms-v1.0,ケーブル,,ordinary_or_context_collision,1,contextual,translate in sentence; not frozen as a chapter term,origin/main glossary checked + JP context,e9ee9faffb2ef37bee94ee3d5c9a185623af6e2a2997a85a474f8a4629c4410c,exact string match is not a context-applicable terminology match,pf:static:photonflowers11.rio.002:1366349532:00051094 |  | ウルターメンシリーズなんか、<03>ケーブルテレビで再放送したりしてるんだろ？<01>,mechanical_scan_reviewed
photonflowers-ex-terms-v1.0,ケーブルテレビ,,ordinary_katakana_or_sound,1,contextual,sentence-level context,JP scan reviewed,fb77f496b2a4de8ef6512f9d459086209f5173314323888c082a9c36720c3437,"ordinary loanword, pronoun, slang, sound effect, or fragment; no fixed chapter terminology",pf:static:photonflowers11.rio.002:1366349532:00051094 |  | ウルターメンシリーズなんか、<03>ケーブルテレビで再放送したりしてるんだろ？<01>,mechanical_scan_reviewed
photonflowers-ex-terms-v1.0,ゲヒッ,,ordinary_katakana_or_sound,1,contextual,sentence-level context,JP scan reviewed,fb77f496b2a4de8ef6512f9d459086209f5173314323888c082a9c36720c3437,"ordinary loanword, pronoun, slang, sound effect, or fragment; no fixed chapter terminology",pf:static:photonflowers11.rio.002:30631052:00117498 | 武 | 【武】「――ゲヒッ！？」<01>,mechanical_scan_reviewed
photonflowers-ex-terms-v1.0,ゲームオーバー,,ordinary_katakana_or_sound,1,contextual,sentence-level context,JP scan reviewed,fb77f496b2a4de8ef6512f9d459086209f5173314323888c082a9c36720c3437,"ordinary loanword, pronoun, slang, sound effect, or fragment; no fixed chapter terminology",pf:static:photonflowers11.rio.002:30631052:00114882 |  | あぶねぇ…<03>…<03>。能力発揮の前にいきなりゲームオーバーになるところだった。<01>,mechanical_scan_reviewed
photonflowers-ex-terms-v1.0,ゲームーオーバー,,ordinary_katakana_or_sound,1,contextual,sentence-level context,JP scan reviewed,fb77f496b2a4de8ef6512f9d459086209f5173314323888c082a9c36720c3437,"ordinary loanword, pronoun, slang, sound effect, or fragment; no fixed chapter terminology",pf:static:photonflowers11.rio.002:30631052:00130250 |  | 故にこのスニーキングミッションも強制ゲームーオーバー！？<01>,mechanical_scan_reviewed
photonflowers-ex-terms-v1.0,コアラ,,ordinary_katakana_or_sound,1,contextual,sentence-level context,JP scan reviewed,fb77f496b2a4de8ef6512f9d459086209f5173314323888c082a9c36720c3437,"ordinary loanword, pronoun, slang, sound effect, or fragment; no fixed chapter terminology",pf:static:photonflowers11.rio.002:1162587616:00041682 |  | それに確か、<03>前に娘ほったらかしで動物園にコアラとカンガルー見に行くとか言ってたし。<01>,mechanical_scan_reviewed
photonflowers-ex-terms-v1.0,コウゲキリョク,,ordinary_katakana_or_sound,1,contextual,sentence-level context,JP scan reviewed,fb77f496b2a4de8ef6512f9d459086209f5173314323888c082a9c36720c3437,"ordinary loanword, pronoun, slang, sound effect, or fragment; no fixed chapter terminology",pf:static:photonflowers11.rio.002:630827184:00040952 | 純夏 | 【純夏】「コウゲキリョクを身につけるぅ？　何のこと？」<01>,mechanical_scan_reviewed
photonflowers-ex-terms-v1.0,ココ,,ordinary_katakana_or_sound,1,contextual,sentence-level context,JP scan reviewed,fb77f496b2a4de8ef6512f9d459086209f5173314323888c082a9c36720c3437,"ordinary loanword, pronoun, slang, sound effect, or fragment; no fixed chapter terminology",pf:static:photonflowers11.rio.002:30631052:00116176 | 夕呼 | 【夕呼】「でもぉ、<03>まりもの口をふさぐのは、<03>手じゃなくてココじゃないの？　く・ち・び・る」<01>,mechanical_scan_reviewed
photonflowers-ex-terms-v1.0,コスプレショー,,ordinary_katakana_or_sound,1,contextual,sentence-level context,JP scan reviewed,fb77f496b2a4de8ef6512f9d459086209f5173314323888c082a9c36720c3437,"ordinary loanword, pronoun, slang, sound effect, or fragment; no fixed chapter terminology",pf:static:photonflowers11.rio.002:630827184:00073648 |  | なにしろ、<03>極秘事項の筈の、<03>まりもちゃんのコスプレショーのことまで言っちまったんだ。<01>,mechanical_scan_reviewed
photonflowers-ex-terms-v1.0,コッペパン,,ordinary_katakana_or_sound,1,contextual,sentence-level context,JP scan reviewed,fb77f496b2a4de8ef6512f9d459086209f5173314323888c082a9c36720c3437,"ordinary loanword, pronoun, slang, sound effect, or fragment; no fixed chapter terminology",pf:static:photonflowers11.rio:487716956:00103205 | オヤジ | 【オヤジ】「ほう…<03>…<03>コッペパンか。<0A>長年屋台をやってるけど、<03>ヤキソバパンにしてくれと言われたのは初めてだぜ。<0A>ちょい待ち、<03>すぐに用意してやる」<01>,mechanical_scan_reviewed
photonflowers-ex-terms-v1.0,コンコンコンコン,,ordinary_katakana_or_sound,1,contextual,sentence-level context,JP scan reviewed,fb77f496b2a4de8ef6512f9d459086209f5173314323888c082a9c36720c3437,"ordinary loanword, pronoun, slang, sound effect, or fragment; no fixed chapter terminology",pf:static:photonflowers11.rio.002:30631052:00064316 |  | コンコンコンコンうるせぇよっ！<01>,mechanical_scan_reviewed
photonflowers-ex-terms-v1.0,コンダク,,ordinary_katakana_or_sound,1,contextual,sentence-level context,JP scan reviewed,fb77f496b2a4de8ef6512f9d459086209f5173314323888c082a9c36720c3437,"ordinary loanword, pronoun, slang, sound effect, or fragment; no fixed chapter terminology",pf:static:photonflowers11.rio:487417908:00104129 |  | え？　え？　記憶がコンダク？<01>,mechanical_scan_reviewed
photonflowers-ex-terms-v1.0,コンニャク,,ordinary_katakana_or_sound,1,contextual,sentence-level context,JP scan reviewed,fb77f496b2a4de8ef6512f9d459086209f5173314323888c082a9c36720c3437,"ordinary loanword, pronoun, slang, sound effect, or fragment; no fixed chapter terminology",pf:static:photonflowers11.rio:487417908:00153039 | 壬姫 | 【壬姫】「中に、<03>ハンペンとかガンモドキとかコンニャクとか入ってるんだよー。<0A>中身は食べてのお楽しみで、<03>何種類あるかはヒミツなんだってー！」<01>,mechanical_scan_reviewed
photonflowers-ex-terms-v1.0,ゴクリッ,,ordinary_katakana_or_sound,1,contextual,sentence-level context,JP scan reviewed,fb77f496b2a4de8ef6512f9d459086209f5173314323888c082a9c36720c3437,"ordinary loanword, pronoun, slang, sound effect, or fragment; no fixed chapter terminology",pf:static:photonflowers11.rio.002:1162587616:00059636 |  | ――ゴクリッ<01>,mechanical_scan_reviewed
photonflowers-ex-terms-v1.0,ゴスーン,,ordinary_katakana_or_sound,1,contextual,sentence-level context,JP scan reviewed,fb77f496b2a4de8ef6512f9d459086209f5173314323888c082a9c36720c3437,"ordinary loanword, pronoun, slang, sound effect, or fragment; no fixed chapter terminology",pf:static:photonflowers11.rio:487417908:00105253 |  | それから、<03>え～っと、<03>ゴスーン！　ってまたまた音がして目の前が真っ暗になって…<03>…<03>…<03>…<03>記憶がないよ…<03>…<03>…<03>…<03>。<01>,mechanical_scan_reviewed
photonflowers-ex-terms-v1.0,ゴチャゴチャ,,ordinary_katakana_or_sound,1,contextual,sentence-level context,JP scan reviewed,fb77f496b2a4de8ef6512f9d459086209f5173314323888c082a9c36720c3437,"ordinary loanword, pronoun, slang, sound effect, or fragment; no fixed chapter terminology",pf:static:photonflowers11.rio.002:30631052:00096316 |  | う…<03>…<03>。週末のことでオレがゴチャゴチャ言っちまったから…<03>…<03>か。<01>,mechanical_scan_reviewed
photonflowers-ex-terms-v1.0,サシ,,ordinary_katakana_or_sound,1,contextual,sentence-level context,JP scan reviewed,fb77f496b2a4de8ef6512f9d459086209f5173314323888c082a9c36720c3437,"ordinary loanword, pronoun, slang, sound effect, or fragment; no fixed chapter terminology",pf:static:photonflowers11.rio.002:630827184:00091628 |  | 勝敗の先にあるもの…<03>…<03>そのひとつが、<03>今こうして柏木とサシで、<03>深い話をしてるってことだろう。<01>,mechanical_scan_reviewed
photonflowers-ex-terms-v1.0,サプライズ,,ordinary_katakana_or_sound,1,contextual,sentence-level context,JP scan reviewed,fb77f496b2a4de8ef6512f9d459086209f5173314323888c082a9c36720c3437,"ordinary loanword, pronoun, slang, sound effect, or fragment; no fixed chapter terminology",pf:static:photonflowers11.rio.002:30631052:00124428 | 夕呼 | 【夕呼】「今初めて言ったもの。<0A>何事にもサプライズは必要じゃない？」<01>,mechanical_scan_reviewed
photonflowers-ex-terms-v1.0,サボ,,ordinary_katakana_or_sound,1,contextual,sentence-level context,JP scan reviewed,fb77f496b2a4de8ef6512f9d459086209f5173314323888c082a9c36720c3437,"ordinary loanword, pronoun, slang, sound effect, or fragment; no fixed chapter terminology",pf:static:photonflowers11.rio:487716956:00132383 | 武 | 【武】「おまえ日直の仕事サボったろ？　委員長が怒ってたぞ」<01>,mechanical_scan_reviewed
photonflowers-ex-terms-v1.0,サボリ,,ordinary_katakana_or_sound,1,contextual,sentence-level context,JP scan reviewed,fb77f496b2a4de8ef6512f9d459086209f5173314323888c082a9c36720c3437,"ordinary loanword, pronoun, slang, sound effect, or fragment; no fixed chapter terminology",pf:static:photonflowers11.rio:487590408:00089453 |  | 大声で堂々とサボリを宣言するなんていい度胸じゃないのよ。<01>,mechanical_scan_reviewed
photonflowers-ex-terms-v1.0,サラリ,,ordinary_katakana_or_sound,1,contextual,sentence-level context,JP scan reviewed,fb77f496b2a4de8ef6512f9d459086209f5173314323888c082a9c36720c3437,"ordinary loanword, pronoun, slang, sound effect, or fragment; no fixed chapter terminology",pf:static:photonflowers11.rio.002:630827184:00046266 |  | 面と向かってサラリと言い放ちやがった！<01>,mechanical_scan_reviewed
photonflowers-ex-terms-v1.0,サンプル,,ordinary_katakana_or_sound,1,contextual,sentence-level context,JP scan reviewed,fb77f496b2a4de8ef6512f9d459086209f5173314323888c082a9c36720c3437,"ordinary loanword, pronoun, slang, sound effect, or fragment; no fixed chapter terminology",pf:static:photonflowers11.rio:487890932:00116477 |  | 解説：これは殿方２０００人をサンプルに、同じ状況下での眼球運動測定と脳波計測、聞き取り調査を行い導き出された結果です。<02><0A><0A>,mechanical_scan_reviewed
photonflowers-ex-terms-v1.0,サークル,,ordinary_katakana_or_sound,1,contextual,sentence-level context,JP scan reviewed,fb77f496b2a4de8ef6512f9d459086209f5173314323888c082a9c36720c3437,"ordinary loanword, pronoun, slang, sound effect, or fragment; no fixed chapter terminology",pf:static:photonflowers11.rio.002:1162587616:00071350 |  | 大学も１～２年なんて結構忙しいって聞くし、<03>サークルとか部に入ったら尚更時間なんてない。<01>,mechanical_scan_reviewed
photonflowers-ex-terms-v1.0,サービス,,ordinary_katakana_or_sound,1,contextual,sentence-level context,JP scan reviewed,fb77f496b2a4de8ef6512f9d459086209f5173314323888c082a9c36720c3437,"ordinary loanword, pronoun, slang, sound effect, or fragment; no fixed chapter terminology",pf:static:photonflowers11.rio:487890932:00200043 | 支店長 | 【支店長】「それでは……そんな頭の不自由なあなた方に、この先のシナリオを教えて差し上げましょう。何、これも当銀行のモットーである顧客サービスです――ハイ」<01>,mechanical_scan_reviewed
photonflowers-ex-terms-v1.0,ザマァミロ,,ordinary_katakana_or_sound,1,contextual,sentence-level context,JP scan reviewed,fb77f496b2a4de8ef6512f9d459086209f5173314323888c082a9c36720c3437,"ordinary loanword, pronoun, slang, sound effect, or fragment; no fixed chapter terminology",pf:static:photonflowers11.rio:487283344:00098918 | 武 | 【武】「純夏のくせに、<03>偉そうにするからだ。<0A>ザマァミロ」<01>,mechanical_scan_reviewed
photonflowers-ex-terms-v1.0,ザル,,ordinary_katakana_or_sound,1,contextual,sentence-level context,JP scan reviewed,fb77f496b2a4de8ef6512f9d459086209f5173314323888c082a9c36720c3437,"ordinary loanword, pronoun, slang, sound effect, or fragment; no fixed chapter terminology",pf:static:photonflowers11.rio.002:1391025672:00081223 | 千鶴 | 【千鶴】「違うでしょ！　計画自体がザルなのよっ！」<01>,mechanical_scan_reviewed
photonflowers-ex-terms-v1.0,シツレイシマシタ,,ordinary_katakana_or_sound,1,contextual,sentence-level context,JP scan reviewed,fb77f496b2a4de8ef6512f9d459086209f5173314323888c082a9c36720c3437,"ordinary loanword, pronoun, slang, sound effect, or fragment; no fixed chapter terminology",pf:static:photonflowers11.rio.002:630827184:00058132 |  | ――オトウト？　ああ、<03>弟ね…<03>…<03>なんだ。<0A>シツレイシマシタ。<01>,mechanical_scan_reviewed
photonflowers-ex-terms-v1.0,シミ,,ordinary_katakana_or_sound,1,contextual,sentence-level context,JP scan reviewed,fb77f496b2a4de8ef6512f9d459086209f5173314323888c082a9c36720c3437,"ordinary loanword, pronoun, slang, sound effect, or fragment; no fixed chapter terminology",pf:static:photonflowers11.rio.002:1238534540:00063234 | 千鶴 | 【千鶴】「早く拭かないと、<03>シミになっちゃうわよっ！」<01>,mechanical_scan_reviewed
photonflowers-ex-terms-v1.0,ショック,,ordinary_katakana_or_sound,1,contextual,sentence-level context,JP scan reviewed,fb77f496b2a4de8ef6512f9d459086209f5173314323888c082a9c36720c3437,"ordinary loanword, pronoun, slang, sound effect, or fragment; no fixed chapter terminology",pf:static:photonflowers11.rio:487417908:00113187 |  | これ以上見られたら…<03>…<03>ショック死するよー<01>,mechanical_scan_reviewed
photonflowers-ex-terms-v1.0,ショー,,ordinary_katakana_or_sound,1,contextual,sentence-level context,JP scan reviewed,fb77f496b2a4de8ef6512f9d459086209f5173314323888c082a9c36720c3437,"ordinary loanword, pronoun, slang, sound effect, or fragment; no fixed chapter terminology",pf:static:photonflowers11.rio:487194916:00064522 | 純夏 | 【純夏】「水族館に行ってさ、<03>イルカのショーとか見たいじゃない？　カワイー！！　って身体がキューッてなるし…<03>…<03>」<01>,mechanical_scan_reviewed
photonflowers-ex-terms-v1.0,シルバー,,ordinary_katakana_or_sound,1,contextual,sentence-level context,JP scan reviewed,fb77f496b2a4de8ef6512f9d459086209f5173314323888c082a9c36720c3437,"ordinary loanword, pronoun, slang, sound effect, or fragment; no fixed chapter terminology",pf:static:photonflowers11.rio.002:1366349532:00042630 | 壬姫 | 【壬姫】「うん。シルバーの万華鏡に、<03>天使のストラップがついてペンダントになってるんだよー」<01>,mechanical_scan_reviewed
photonflowers-ex-terms-v1.0,シン,,ordinary_katakana_or_sound,1,contextual,sentence-level context,JP scan reviewed,fb77f496b2a4de8ef6512f9d459086209f5173314323888c082a9c36720c3437,"ordinary loanword, pronoun, slang, sound effect, or fragment; no fixed chapter terminology",pf:static:photonflowers11.rio.002:1602830768:00099085 |  | 全てが…<03>…<03>なんかシンと染みいるような…<03>…<03>朝の光にとけ込むような、<03>不思議な印象を与える。<01>,mechanical_scan_reviewed
photonflowers-ex-terms-v1.0,シンプル,,ordinary_katakana_or_sound,1,contextual,sentence-level context,JP scan reviewed,fb77f496b2a4de8ef6512f9d459086209f5173314323888c082a9c36720c3437,"ordinary loanword, pronoun, slang, sound effect, or fragment; no fixed chapter terminology",pf:static:photonflowers11.rio:487194916:00079888 |  | オレは自分を、<03>もう少しシンプルで、<03>大雑把なヤツだと思っていたんだがなあ…<03>…<03>。<01>,mechanical_scan_reviewed
photonflowers-ex-terms-v1.0,シーズン,,ordinary_katakana_or_sound,1,contextual,sentence-level context,JP scan reviewed,fb77f496b2a4de8ef6512f9d459086209f5173314323888c082a9c36720c3437,"ordinary loanword, pronoun, slang, sound effect, or fragment; no fixed chapter terminology",pf:static:photonflowers11.rio:487283344:00091568 | 純夏 | 【純夏】「今シーズン限りで終わりなんだよ。<0A>だから、<03>まだ大丈夫！」<01>,mechanical_scan_reviewed
photonflowers-ex-terms-v1.0,ジェット,,ordinary_or_context_collision,1,contextual,translate in sentence; not frozen as a chapter term,origin/main glossary checked + JP context,e9ee9faffb2ef37bee94ee3d5c9a185623af6e2a2997a85a474f8a4629c4410c,exact string match is not a context-applicable terminology match,pf:static:photonflowers11.rio:487194916:00065110 | 純夏 | 【純夏】「遊園地でジェットコースターとか！　激しくドバーッと発散できるよっ！」<01>,mechanical_scan_reviewed
photonflowers-ex-terms-v1.0,ジェットコースター,,ordinary_katakana_or_sound,1,contextual,sentence-level context,JP scan reviewed,fb77f496b2a4de8ef6512f9d459086209f5173314323888c082a9c36720c3437,"ordinary loanword, pronoun, slang, sound effect, or fragment; no fixed chapter terminology",pf:static:photonflowers11.rio:487194916:00065110 | 純夏 | 【純夏】「遊園地でジェットコースターとか！　激しくドバーッと発散できるよっ！」<01>,mechanical_scan_reviewed
photonflowers-ex-terms-v1.0,ジュール,,ordinary_katakana_or_sound,1,contextual,sentence-level context,JP scan reviewed,fb77f496b2a4de8ef6512f9d459086209f5173314323888c082a9c36720c3437,"ordinary loanword, pronoun, slang, sound effect, or fragment; no fixed chapter terminology",pf:static:photonflowers11.rio:487890932:00125129 |  | 平均を取って２としても……雑把な計算で１０の７乗ジュールは必要となる数値だ。<01>,mechanical_scan_reviewed
photonflowers-ex-terms-v1.0,ジロジロ,,ordinary_katakana_or_sound,1,contextual,sentence-level context,JP scan reviewed,fb77f496b2a4de8ef6512f9d459086209f5173314323888c082a9c36720c3437,"ordinary loanword, pronoun, slang, sound effect, or fragment; no fixed chapter terminology",pf:static:photonflowers11.rio.002:1391025672:00146825 | 純夏 | 【純夏】「あ…<03>…<03>あはは…<03>…<03>そ、<03>そんなジロジロ見ないでよ」<01>,mechanical_scan_reviewed
photonflowers-ex-terms-v1.0,スカイウォーカー,,ordinary_katakana_or_sound,1,contextual,sentence-level context,JP scan reviewed,fb77f496b2a4de8ef6512f9d459086209f5173314323888c082a9c36720c3437,"ordinary loanword, pronoun, slang, sound effect, or fragment; no fixed chapter terminology",pf:static:photonflowers11.rio.002:30631052:00070422 |  | 昨日あれからコンビニ行って「YOKOHAMAスカイウォーカー」仕入れてきたしな、<03>映画情報もバッチリだ。<01>,mechanical_scan_reviewed
photonflowers-ex-terms-v1.0,スキル,,ordinary_katakana_or_sound,1,contextual,sentence-level context,JP scan reviewed,fb77f496b2a4de8ef6512f9d459086209f5173314323888c082a9c36720c3437,"ordinary loanword, pronoun, slang, sound effect, or fragment; no fixed chapter terminology",pf:static:photonflowers11.rio.002:630827184:00031864 |  | 委員長にそのスキルがあったとしても、<03>相手の男はアレだ、<03>委員長のあの小うるさい性格を受け流すだけの、<03>神のごとくひろーい心の持ち主だ。<01>,mechanical_scan_reviewed
photonflowers-ex-terms-v1.0,スゴイ,,ordinary_katakana_or_sound,1,contextual,sentence-level context,JP scan reviewed,fb77f496b2a4de8ef6512f9d459086209f5173314323888c082a9c36720c3437,"ordinary loanword, pronoun, slang, sound effect, or fragment; no fixed chapter terminology",pf:static:photonflowers11.rio.002:1391025672:00146653 | 純夏 | 【純夏】「うん！　スゴイでしょ？」<01>,mechanical_scan_reviewed
photonflowers-ex-terms-v1.0,スタート,,ordinary_katakana_or_sound,1,contextual,sentence-level context,JP scan reviewed,fb77f496b2a4de8ef6512f9d459086209f5173314323888c082a9c36720c3437,"ordinary loanword, pronoun, slang, sound effect, or fragment; no fixed chapter terminology",pf:static:photonflowers11.rio.002:1602830768:00158551 | 武 | 【武】「オレとおまえの人生のスタートだぜ？　最初から幸運に助けられちゃ先が思いやられるだろ？　だから…<03>…<03>自分で買ったんだ」<01>,mechanical_scan_reviewed
photonflowers-ex-terms-v1.0,ステップアップ,,ordinary_katakana_or_sound,1,contextual,sentence-level context,JP scan reviewed,fb77f496b2a4de8ef6512f9d459086209f5173314323888c082a9c36720c3437,"ordinary loanword, pronoun, slang, sound effect, or fragment; no fixed chapter terminology",pf:static:photonflowers11.rio:487194916:00077682 |  | もっと段階を踏んで、<03>時間をかけながらＨまでステップアップしていけば、<03>こんな感じにはならなかったのかなあ？<01>,mechanical_scan_reviewed
photonflowers-ex-terms-v1.0,ストラップ,,ordinary_katakana_or_sound,1,contextual,sentence-level context,JP scan reviewed,fb77f496b2a4de8ef6512f9d459086209f5173314323888c082a9c36720c3437,"ordinary loanword, pronoun, slang, sound effect, or fragment; no fixed chapter terminology",pf:static:photonflowers11.rio.002:1366349532:00042630 | 壬姫 | 【壬姫】「うん。シルバーの万華鏡に、<03>天使のストラップがついてペンダントになってるんだよー」<01>,mechanical_scan_reviewed
photonflowers-ex-terms-v1.0,ストレス,,ordinary_katakana_or_sound,1,contextual,sentence-level context,JP scan reviewed,fb77f496b2a4de8ef6512f9d459086209f5173314323888c082a9c36720c3437,"ordinary loanword, pronoun, slang, sound effect, or fragment; no fixed chapter terminology",pf:static:photonflowers11.rio.002:1366349532:00052328 |  | 殴っても殴っても起き上がってくる人形…<03>…<03>これなら純夏のストレス発散にピッタリじゃないか！<01>,mechanical_scan_reviewed
photonflowers-ex-terms-v1.0,ストレート,,ordinary_katakana_or_sound,1,contextual,sentence-level context,JP scan reviewed,fb77f496b2a4de8ef6512f9d459086209f5173314323888c082a9c36720c3437,"ordinary loanword, pronoun, slang, sound effect, or fragment; no fixed chapter terminology",pf:static:photonflowers11.rio:487194916:00062864 | 武 | 【武】「おいおい、<03>確かにそうかも知れないけど…<03>…<03>その言い方はちょっとストレートじゃねえか…<03>…<03>？」<01>,mechanical_scan_reviewed
photonflowers-ex-terms-v1.0,スニーキング,,ordinary_katakana_or_sound,1,contextual,sentence-level context,JP scan reviewed,fb77f496b2a4de8ef6512f9d459086209f5173314323888c082a9c36720c3437,"ordinary loanword, pronoun, slang, sound effect, or fragment; no fixed chapter terminology",pf:static:photonflowers11.rio.002:30631052:00111084 |  | オレのスニーキング能力を発揮する時がきちまったようだな。<01>,mechanical_scan_reviewed
photonflowers-ex-terms-v1.0,スニーキングミッション,,ordinary_katakana_or_sound,1,contextual,sentence-level context,JP scan reviewed,fb77f496b2a4de8ef6512f9d459086209f5173314323888c082a9c36720c3437,"ordinary loanword, pronoun, slang, sound effect, or fragment; no fixed chapter terminology",pf:static:photonflowers11.rio.002:30631052:00130250 |  | 故にこのスニーキングミッションも強制ゲームーオーバー！？<01>,mechanical_scan_reviewed
photonflowers-ex-terms-v1.0,スパーン,,ordinary_katakana_or_sound,1,contextual,sentence-level context,JP scan reviewed,fb77f496b2a4de8ef6512f9d459086209f5173314323888c082a9c36720c3437,"ordinary loanword, pronoun, slang, sound effect, or fragment; no fixed chapter terminology",pf:static:photonflowers11.rio:487417908:00104793 |  | バレーボールやってて、<03>それで慧ちゃんが飛んで、<03>スパーンってすごい音がして、<03>白い何かが飛んできて…<03>…<03>…<03>…<03><01>,mechanical_scan_reviewed
photonflowers-ex-terms-v1.0,スポット,,ordinary_katakana_or_sound,1,contextual,sentence-level context,JP scan reviewed,fb77f496b2a4de8ef6512f9d459086209f5173314323888c082a9c36720c3437,"ordinary loanword, pronoun, slang, sound effect, or fragment; no fixed chapter terminology",pf:static:photonflowers11.rio:487716956:00101271 |  | 『月刊ヤキソバ』にも載ってない至高の穴場スポット。<01>,mechanical_scan_reviewed
photonflowers-ex-terms-v1.0,スマートガンヒットォ,,ordinary_katakana_or_sound,1,contextual,sentence-level context,JP scan reviewed,fb77f496b2a4de8ef6512f9d459086209f5173314323888c082a9c36720c3437,"ordinary loanword, pronoun, slang, sound effect, or fragment; no fixed chapter terminology",pf:static:photonflowers11.rio.002:1238534540:00067694 | 武 | 【武】「よっしゃ！　スマートガンヒットォ～～！」<01>,mechanical_scan_reviewed
photonflowers-ex-terms-v1.0,スミカ,,ordinary_katakana_or_sound,1,contextual,sentence-level context,JP scan reviewed,fb77f496b2a4de8ef6512f9d459086209f5173314323888c082a9c36720c3437,"ordinary loanword, pronoun, slang, sound effect, or fragment; no fixed chapter terminology",pf:static:photonflowers11.rio:487716956:00145337 | 武 | 【武】「ぐぐぐ…<03>…<03>決めたッ！！　おまえの名前は『スミカ』だっ！　その汚名を一生引きずるがいい！」<01>,mechanical_scan_reviewed
photonflowers-ex-terms-v1.0,スリッパ,,ordinary_katakana_or_sound,1,contextual,sentence-level context,JP scan reviewed,fb77f496b2a4de8ef6512f9d459086209f5173314323888c082a9c36720c3437,"ordinary loanword, pronoun, slang, sound effect, or fragment; no fixed chapter terminology",pf:static:photonflowers11.rio:487417908:00115541 |  | どっからスリッパ出したんだろう？<01>,mechanical_scan_reviewed
photonflowers-ex-terms-v1.0,スーパー,,ordinary_katakana_or_sound,1,contextual,sentence-level context,JP scan reviewed,fb77f496b2a4de8ef6512f9d459086209f5173314323888c082a9c36720c3437,"ordinary loanword, pronoun, slang, sound effect, or fragment; no fixed chapter terminology",pf:static:photonflowers11.rio.002:1162587616:00038558 | 武 | 【武】「さあて…<03>…<03>どこ行くんだ？　商店街か？　スーパーか？」<01>,mechanical_scan_reviewed
photonflowers-ex-terms-v1.0,スープ,,ordinary_katakana_or_sound,1,contextual,sentence-level context,JP scan reviewed,fb77f496b2a4de8ef6512f9d459086209f5173314323888c082a9c36720c3437,"ordinary loanword, pronoun, slang, sound effect, or fragment; no fixed chapter terminology",pf:static:photonflowers11.rio.002:1238534540:00074498 |  | 味噌汁の味噌、<03>だし汁のだし、<03>ラーメンのスープ、<03>メシのかたさ…<03>…<03>オレの好みを純夏に合わせるつもりはないからな。<01>,mechanical_scan_reviewed
photonflowers-ex-terms-v1.0,ズバリ,,ordinary_katakana_or_sound,1,contextual,sentence-level context,JP scan reviewed,fb77f496b2a4de8ef6512f9d459086209f5173314323888c082a9c36720c3437,"ordinary loanword, pronoun, slang, sound effect, or fragment; no fixed chapter terminology",pf:static:photonflowers11.rio.002:630827184:00035802 |  | ここの所、<03>何もかもがオレの思いとは逆の方向に流れてる…<03>…<03>当たって欲しくない予想に限って、<03>ズバリ当たるという最悪のケースを真剣に検討せざるを得まい…<03>…<03>。<01>,mechanical_scan_reviewed
photonflowers-ex-terms-v1.0,ズラリ,,ordinary_katakana_or_sound,1,contextual,sentence-level context,JP scan reviewed,fb77f496b2a4de8ef6512f9d459086209f5173314323888c082a9c36720c3437,"ordinary loanword, pronoun, slang, sound effect, or fragment; no fixed chapter terminology",pf:static:photonflowers11.rio.002:1162587616:00039166 |  | ちょっと覗いたぐらいじゃ何書いてるのかわからないぐらい、<03>ズラリとリストが並んでるわけだが。<01>,mechanical_scan_reviewed
photonflowers-ex-terms-v1.0,ズル,,ordinary_katakana_or_sound,1,contextual,sentence-level context,JP scan reviewed,fb77f496b2a4de8ef6512f9d459086209f5173314323888c082a9c36720c3437,"ordinary loanword, pronoun, slang, sound effect, or fragment; no fixed chapter terminology",pf:static:photonflowers11.rio.002:1162587616:00065132 |  | ――ズル…<03>…<03>ズルズルズル<01>,mechanical_scan_reviewed
photonflowers-ex-terms-v1.0,ズルズルズル,,ordinary_katakana_or_sound,1,contextual,sentence-level context,JP scan reviewed,fb77f496b2a4de8ef6512f9d459086209f5173314323888c082a9c36720c3437,"ordinary loanword, pronoun, slang, sound effect, or fragment; no fixed chapter terminology",pf:static:photonflowers11.rio.002:1162587616:00065132 |  | ――ズル…<03>…<03>ズルズルズル<01>,mechanical_scan_reviewed
photonflowers-ex-terms-v1.0,ズレ,,ordinary_katakana_or_sound,1,contextual,sentence-level context,JP scan reviewed,fb77f496b2a4de8ef6512f9d459086209f5173314323888c082a9c36720c3437,"ordinary loanword, pronoun, slang, sound effect, or fragment; no fixed chapter terminology",pf:static:photonflowers11.rio.002:1391025672:00153139 | 武 | 【武】「おまえの感覚は少しズレてるぞ！！　だからそんなことになるんだ！　も、<03>もっとだな…<03>…<03>女だっていう自覚持って…<03>…<03>」<01>,mechanical_scan_reviewed
photonflowers-ex-terms-v1.0,セクスィボディ,,ordinary_katakana_or_sound,1,contextual,sentence-level context,JP scan reviewed,fb77f496b2a4de8ef6512f9d459086209f5173314323888c082a9c36720c3437,"ordinary loanword, pronoun, slang, sound effect, or fragment; no fixed chapter terminology",pf:static:photonflowers11.rio:487283344:00103206 | 武 | 【武】「あ～、<03>はいはい、<03>かわいい、<03>最高、<03>もう鼻血出して倒れそうだ。<0A>いや、<03>すげえよ、<03>大セクスィボディ純夏降臨でどうよ？」<01>,mechanical_scan_reviewed
photonflowers-ex-terms-v1.0,セン,,ordinary_katakana_or_sound,1,contextual,sentence-level context,JP scan reviewed,fb77f496b2a4de8ef6512f9d459086209f5173314323888c082a9c36720c3437,"ordinary loanword, pronoun, slang, sound effect, or fragment; no fixed chapter terminology",pf:static:photonflowers11.rio.002:1366349532:00058466 | 武 | 【武】「分かってるって。<0A>でも、<03>売れセンでいかにもみんな買ってます的なのはどうもなあ…<03>…<03>」<01>,mechanical_scan_reviewed
photonflowers-ex-terms-v1.0,センス,,ordinary_katakana_or_sound,1,contextual,sentence-level context,JP scan reviewed,fb77f496b2a4de8ef6512f9d459086209f5173314323888c082a9c36720c3437,"ordinary loanword, pronoun, slang, sound effect, or fragment; no fixed chapter terminology",pf:static:photonflowers11.rio:487590408:00109751 | 武 | 【武】「この甲羅も霊界のセンスだぞ。<0A>すげぇ～、<03>すげぇ～よ。<0A>怖えぇよ！　マジで笑えるよ！」<01>,mechanical_scan_reviewed
photonflowers-ex-terms-v1.0,センター,,ordinary_katakana_or_sound,1,contextual,sentence-level context,JP scan reviewed,fb77f496b2a4de8ef6512f9d459086209f5173314323888c082a9c36720c3437,"ordinary loanword, pronoun, slang, sound effect, or fragment; no fixed chapter terminology",pf:static:photonflowers11.rio:488133660:00052291 | 月詠 | 【月詠】「はい。御剣総合医療センターの第１緊急派遣チームと聞いております」<01>,mechanical_scan_reviewed
photonflowers-ex-terms-v1.0,センチ,,ordinary_katakana_or_sound,1,contextual,sentence-level context,JP scan reviewed,fb77f496b2a4de8ef6512f9d459086209f5173314323888c082a9c36720c3437,"ordinary loanword, pronoun, slang, sound effect, or fragment; no fixed chapter terminology",pf:static:photonflowers11.rio.002:1391025672:00146243 | 純夏 | 【純夏】「わたしね…<03>…<03>白陵に入ってから、<03>４センチもムネ大きくなったんだよ！」<01>,mechanical_scan_reviewed
photonflowers-ex-terms-v1.0,ゼロ,,ordinary_katakana_or_sound,1,contextual,sentence-level context,JP scan reviewed,fb77f496b2a4de8ef6512f9d459086209f5173314323888c082a9c36720c3437,"ordinary loanword, pronoun, slang, sound effect, or fragment; no fixed chapter terminology",pf:static:photonflowers11.rio.002:1162587616:00034156 | 武 | 【武】「ブブー！　時間切れだ。<0A>正解はな…<03>…<03>…<03>…<03>ゼロだ」<01>,mechanical_scan_reviewed
photonflowers-ex-terms-v1.0,ソフトボール,,ordinary_katakana_or_sound,1,contextual,sentence-level context,JP scan reviewed,fb77f496b2a4de8ef6512f9d459086209f5173314323888c082a9c36720c3437,"ordinary loanword, pronoun, slang, sound effect, or fragment; no fixed chapter terminology",pf:static:photonflowers11.rio:487890932:00119745 |  | さらにその効果を高めるために、周囲の物（例：アラーム機能付置き時計　ソフトボール等）を投げつけます。<01>,mechanical_scan_reviewed
photonflowers-ex-terms-v1.0,ソリ,,ordinary_katakana_or_sound,1,contextual,sentence-level context,JP scan reviewed,fb77f496b2a4de8ef6512f9d459086209f5173314323888c082a9c36720c3437,"ordinary loanword, pronoun, slang, sound effect, or fragment; no fixed chapter terminology",pf:static:photonflowers11.rio.002:630827184:00090632 |  | …<03>…<03>きっかけは勝つことだった。<0A>だから無理矢理、<03>委員長とはソリが合わない彩峰を巻き込んだんだ。<01>,mechanical_scan_reviewed
photonflowers-ex-terms-v1.0,ゾエ,,ordinary_katakana_or_sound,1,contextual,sentence-level context,JP scan reviewed,fb77f496b2a4de8ef6512f9d459086209f5173314323888c082a9c36720c3437,"ordinary loanword, pronoun, slang, sound effect, or fragment; no fixed chapter terminology",pf:static:photonflowers11.rio.002:1495411112:00019437 |  | ただでさえそうなのに、<03>ゾエさんや師岡あたりがあーだこーだ言ってきて、<03>更に鬱陶しくなるんだ。<01>,mechanical_scan_reviewed
photonflowers-ex-terms-v1.0,ゾエさん,,regex_address_false_positive,1,contextual,sentence-level context,JP scan reviewed,fb77f496b2a4de8ef6512f9d459086209f5173314323888c082a9c36720c3437,"over-inclusive suffix regex captured a phrase, ordinary honorific, or non-address expression",pf:static:photonflowers11.rio.002:1495411112:00019437 |  | ただでさえそうなのに、<03>ゾエさんや師岡あたりがあーだこーだ言ってきて、<03>更に鬱陶しくなるんだ。<01>,mechanical_scan_reviewed
photonflowers-ex-terms-v1.0,タァァァァソ,,ordinary_katakana_or_sound,1,contextual,sentence-level context,JP scan reviewed,fb77f496b2a4de8ef6512f9d459086209f5173314323888c082a9c36720c3437,"ordinary loanword, pronoun, slang, sound effect, or fragment; no fixed chapter terminology",pf:static:photonflowers11.rio.002:186673440:00142145 | 声 | 【声】「――ン冥夜タァァァァソ！」<01>,mechanical_scan_reviewed
photonflowers-ex-terms-v1.0,タイプ,,ordinary_or_context_collision,1,contextual,translate in sentence; not frozen as a chapter term,origin/main glossary checked + JP context,e9ee9faffb2ef37bee94ee3d5c9a185623af6e2a2997a85a474f8a4629c4410c,exact string match is not a context-applicable terminology match,pf:static:photonflowers11.rio.002:630827184:00075708 | 柏木 | 【柏木】「いつもならさ、<03>勝手に前に行っちゃって、<03>何でおまえついてこないんだ！　っていうタイプじゃない」<01>,mechanical_scan_reviewed
photonflowers-ex-terms-v1.0,タオル,,ordinary_katakana_or_sound,1,contextual,sentence-level context,JP scan reviewed,fb77f496b2a4de8ef6512f9d459086209f5173314323888c082a9c36720c3437,"ordinary loanword, pronoun, slang, sound effect, or fragment; no fixed chapter terminology",pf:static:photonflowers11.rio:487590408:00098961 |  | それに…<03>…<03>今日部活で使おうと思っていたタオルとハンカチ。<01>,mechanical_scan_reviewed
photonflowers-ex-terms-v1.0,タケルちゃん何様,,regex_address_false_positive,1,contextual,sentence-level context,JP scan reviewed,fb77f496b2a4de8ef6512f9d459086209f5173314323888c082a9c36720c3437,"over-inclusive suffix regex captured a phrase, ordinary honorific, or non-address expression",pf:static:photonflowers11.rio.002:1322667676:00108862 | 純夏 | 【純夏】「自分で思いつかないからって…<03>…<03>何でも教えてもらえるなんて、<03>タケルちゃん何様あ！？」<01>,mechanical_scan_reviewed
photonflowers-ex-terms-v1.0,タケルも純夏ちゃん,,regex_address_false_positive,1,contextual,sentence-level context,JP scan reviewed,fb77f496b2a4de8ef6512f9d459086209f5173314323888c082a9c36720c3437,"over-inclusive suffix regex captured a phrase, ordinary honorific, or non-address expression",pf:static:photonflowers11.rio.002:1366349532:00077882 | 尊人 | 【尊人】「タケルも純夏ちゃんにプレゼント買ったんだって？　もう、<03>いやあ、<03>仲がいいねーあはははー」<01>,mechanical_scan_reviewed
photonflowers-ex-terms-v1.0,タケルー,,ordinary_katakana_or_sound,1,contextual,sentence-level context,JP scan reviewed,fb77f496b2a4de8ef6512f9d459086209f5173314323888c082a9c36720c3437,"ordinary loanword, pronoun, slang, sound effect, or fragment; no fixed chapter terminology",pf:static:photonflowers11.rio.002:1238534540:00070420 | 尊人 | 【尊人】「タケルー、<03>ぼーっとしすぎだよー？」<01>,mechanical_scan_reviewed
photonflowers-ex-terms-v1.0,タテ,,ordinary_katakana_or_sound,1,contextual,sentence-level context,JP scan reviewed,fb77f496b2a4de8ef6512f9d459086209f5173314323888c082a9c36720c3437,"ordinary loanword, pronoun, slang, sound effect, or fragment; no fixed chapter terminology",pf:static:photonflowers11.rio:487890932:00159295 | 銀行強盗２ | 【銀行強盗２】「なんとか開けさせようぜ！　人質をタテに要求すりゃ――」<01>,mechanical_scan_reviewed
photonflowers-ex-terms-v1.0,ターケールー,,ordinary_katakana_or_sound,1,contextual,sentence-level context,JP scan reviewed,fb77f496b2a4de8ef6512f9d459086209f5173314323888c082a9c36720c3437,"ordinary loanword, pronoun, slang, sound effect, or fragment; no fixed chapter terminology",pf:static:photonflowers11.rio.002:30631052:00063878 |  | ターケールーちゃーーん！！<01>,mechanical_scan_reviewed
photonflowers-ex-terms-v1.0,ダメージ,,ordinary_katakana_or_sound,1,contextual,sentence-level context,JP scan reviewed,fb77f496b2a4de8ef6512f9d459086209f5173314323888c082a9c36720c3437,"ordinary loanword, pronoun, slang, sound effect, or fragment; no fixed chapter terminology",pf:static:photonflowers11.rio.002:1391025672:00079507 | 慧 | 【慧】「白銀が受け身なんかとるからダメ。<0A>予想以上にダメージが少なかった」<01>,mechanical_scan_reviewed
photonflowers-ex-terms-v1.0,チクショウ,,ordinary_katakana_or_sound,1,contextual,sentence-level context,JP scan reviewed,fb77f496b2a4de8ef6512f9d459086209f5173314323888c082a9c36720c3437,"ordinary loanword, pronoun, slang, sound effect, or fragment; no fixed chapter terminology",pf:static:photonflowers11.rio.002:1238534540:00053890 |  | やっぱり、<03>出遅れたせいで、<03>まともなのは買えなかったな～チクショウ！<01>,mechanical_scan_reviewed
photonflowers-ex-terms-v1.0,チッ,,ordinary_katakana_or_sound,1,contextual,sentence-level context,JP scan reviewed,fb77f496b2a4de8ef6512f9d459086209f5173314323888c082a9c36720c3437,"ordinary loanword, pronoun, slang, sound effect, or fragment; no fixed chapter terminology",pf:static:photonflowers11.rio:487890932:00154881 | 銀行強盗２ | 【銀行強盗２】「――チッ！」<01>,mechanical_scan_reviewed
photonflowers-ex-terms-v1.0,チョコレートケーキ,,ordinary_katakana_or_sound,1,contextual,sentence-level context,JP scan reviewed,fb77f496b2a4de8ef6512f9d459086209f5173314323888c082a9c36720c3437,"ordinary loanword, pronoun, slang, sound effect, or fragment; no fixed chapter terminology",pf:static:photonflowers11.rio.002:1097218736:00025732 | 武 | 【武】「チョコレートケーキ？」<01>,mechanical_scan_reviewed
photonflowers-ex-terms-v1.0,チョビット・ハブ,,ordinary_katakana_or_sound,1,contextual,sentence-level context,JP scan reviewed,fb77f496b2a4de8ef6512f9d459086209f5173314323888c082a9c36720c3437,"ordinary loanword, pronoun, slang, sound effect, or fragment; no fixed chapter terminology",pf:static:photonflowers11.rio.002:30631052:00113656 |  | チョビット・ハブですらそうそうお目にかかれない、<03>特Ａ級のミッションだぜ。<01>,mechanical_scan_reviewed
photonflowers-ex-terms-v1.0,ッス,,ordinary_katakana_or_sound,1,contextual,sentence-level context,JP scan reviewed,fb77f496b2a4de8ef6512f9d459086209f5173314323888c082a9c36720c3437,"ordinary loanword, pronoun, slang, sound effect, or fragment; no fixed chapter terminology",pf:static:photonflowers11.rio.002:1495411112:00021825 | 武 | 【武】「お？　さすが先生！　伊達に経験豊富じゃないッスね！」<01>,mechanical_scan_reviewed
photonflowers-ex-terms-v1.0,ツヤ,,ordinary_katakana_or_sound,1,contextual,sentence-level context,JP scan reviewed,fb77f496b2a4de8ef6512f9d459086209f5173314323888c082a9c36720c3437,"ordinary loanword, pronoun, slang, sound effect, or fragment; no fixed chapter terminology",pf:static:photonflowers11.rio:487716956:00100181 |  | この色、<03>このツヤ…<03>…<03>。<01>,mechanical_scan_reviewed
photonflowers-ex-terms-v1.0,ツープラトン,,ordinary_katakana_or_sound,1,contextual,sentence-level context,JP scan reviewed,fb77f496b2a4de8ef6512f9d459086209f5173314323888c082a9c36720c3437,"ordinary loanword, pronoun, slang, sound effect, or fragment; no fixed chapter terminology",pf:static:photonflowers11.rio:487716956:00106101 |  | オヤジと素材の魂のツープラトン。<01>,mechanical_scan_reviewed
photonflowers-ex-terms-v1.0,ティッシュ,,ordinary_katakana_or_sound,1,contextual,sentence-level context,JP scan reviewed,fb77f496b2a4de8ef6512f9d459086209f5173314323888c082a9c36720c3437,"ordinary loanword, pronoun, slang, sound effect, or fragment; no fixed chapter terminology",pf:static:photonflowers11.rio.002:1097218736:00032152 | 純夏 | 【純夏】「もう、<03>タケルちゃん、<03>口の周りチョコだらけ…<03>…<03>あ、<03>鼻の頭もだ…<03>…<03>ティッシュ持ってくればよかった～～」<01>,mechanical_scan_reviewed
photonflowers-ex-terms-v1.0,テリブル,,ordinary_katakana_or_sound,1,contextual,sentence-level context,JP scan reviewed,fb77f496b2a4de8ef6512f9d459086209f5173314323888c082a9c36720c3437,"ordinary loanword, pronoun, slang, sound effect, or fragment; no fixed chapter terminology",pf:static:photonflowers11.rio:487283344:00078448 | 武 | 【武】「ガキのころからやってるあれだよ。<0A>ほら、<03>ハラ減ってるヤツに自分の頭食わせるっていう、<03>テリブルでカニバリズムな子供の味方だよ。<0A>もともと絵本でさ」<01>,mechanical_scan_reviewed
photonflowers-ex-terms-v1.0,テレビ,,ordinary_katakana_or_sound,1,contextual,sentence-level context,JP scan reviewed,fb77f496b2a4de8ef6512f9d459086209f5173314323888c082a9c36720c3437,"ordinary loanword, pronoun, slang, sound effect, or fragment; no fixed chapter terminology",pf:static:photonflowers11.rio:487890932:00165039 | 銀行強盗２ | 【銀行強盗２】「……無理だよ。テレビや新聞はあいつらのご用聞きみたいなもんじゃないか」<01>,mechanical_scan_reviewed
photonflowers-ex-terms-v1.0,テーブル,,ordinary_katakana_or_sound,1,contextual,sentence-level context,JP scan reviewed,fb77f496b2a4de8ef6512f9d459086209f5173314323888c082a9c36720c3437,"ordinary loanword, pronoun, slang, sound effect, or fragment; no fixed chapter terminology",pf:static:photonflowers11.rio.002:1162587616:00078956 |  | そうか、<03>それでテーブルの上にはソースしかなかったんだな？<01>,mechanical_scan_reviewed
photonflowers-ex-terms-v1.0,デカデカ,,ordinary_katakana_or_sound,1,contextual,sentence-level context,JP scan reviewed,fb77f496b2a4de8ef6512f9d459086209f5173314323888c082a9c36720c3437,"ordinary loanword, pronoun, slang, sound effect, or fragment; no fixed chapter terminology",pf:static:photonflowers11.rio.002:1602830768:00087099 |  | 先輩は、<03>白いのはさすがに寂しいだろ？　なんて、<03>ガラにも無いこと言ってたから、<03>デカデカとサインしてやったけどな。<01>,mechanical_scan_reviewed
photonflowers-ex-terms-v1.0,デブ,,ordinary_katakana_or_sound,1,contextual,sentence-level context,JP scan reviewed,fb77f496b2a4de8ef6512f9d459086209f5173314323888c082a9c36720c3437,"ordinary loanword, pronoun, slang, sound effect, or fragment; no fixed chapter terminology",pf:static:photonflowers11.rio.002:1391025672:00147147 | 武 | 【武】「だ、<03>大体それ、<03>デブになっただけなんじゃねーの？」<01>,mechanical_scan_reviewed
photonflowers-ex-terms-v1.0,データ,,ordinary_katakana_or_sound,1,contextual,sentence-level context,JP scan reviewed,fb77f496b2a4de8ef6512f9d459086209f5173314323888c082a9c36720c3437,"ordinary loanword, pronoun, slang, sound effect, or fragment; no fixed chapter terminology",pf:static:photonflowers11.rio:487890932:00123683 |  | 『庶民生活に於いては、肌の露出度に比例して悲鳴の音量及び羞恥回避行動が大きくなるという統計データがその根拠です』<01>,mechanical_scan_reviewed
photonflowers-ex-terms-v1.0,トコトン,,ordinary_katakana_or_sound,1,contextual,sentence-level context,JP scan reviewed,fb77f496b2a4de8ef6512f9d459086209f5173314323888c082a9c36720c3437,"ordinary loanword, pronoun, slang, sound effect, or fragment; no fixed chapter terminology",pf:static:photonflowers11.rio:487194916:00080120 |  | こうと決めたらトコトン突っ走る系だと思ってたのに、<03>現実はどうよ？<01>,mechanical_scan_reviewed
photonflowers-ex-terms-v1.0,トンカツ,,ordinary_katakana_or_sound,1,contextual,sentence-level context,JP scan reviewed,fb77f496b2a4de8ef6512f9d459086209f5173314323888c082a9c36720c3437,"ordinary loanword, pronoun, slang, sound effect, or fragment; no fixed chapter terminology",pf:static:photonflowers11.rio.002:1238534540:00067150 |  | しかもオレは、<03>純夏もトンカツに醤油をかけて食えなんて強要してないんだぜ？<01>,mechanical_scan_reviewed
photonflowers-ex-terms-v1.0,ドキドキ,,ordinary_katakana_or_sound,1,contextual,sentence-level context,JP scan reviewed,fb77f496b2a4de8ef6512f9d459086209f5173314323888c082a9c36720c3437,"ordinary loanword, pronoun, slang, sound effect, or fragment; no fixed chapter terminology",pf:static:photonflowers11.rio.002:186673440:00160249 | 月詠 | 【月詠】「そのモヤモヤ、ドキドキが恋心なのです」<01>,mechanical_scan_reviewed
photonflowers-ex-terms-v1.0,ドバドバドバ,,ordinary_katakana_or_sound,1,contextual,sentence-level context,JP scan reviewed,fb77f496b2a4de8ef6512f9d459086209f5173314323888c082a9c36720c3437,"ordinary loanword, pronoun, slang, sound effect, or fragment; no fixed chapter terminology",pf:static:photonflowers11.rio.002:1162587616:00083988 |  | ――ドバドバドバ<01>,mechanical_scan_reviewed
photonflowers-ex-terms-v1.0,ドリコス,,ordinary_katakana_or_sound,1,contextual,sentence-level context,JP scan reviewed,fb77f496b2a4de8ef6512f9d459086209f5173314323888c082a9c36720c3437,"ordinary loanword, pronoun, slang, sound effect, or fragment; no fixed chapter terminology",pf:static:photonflowers11.rio.002:630827184:00028938 |  | ああ、<03>そうか。昨日はドリコスでバルジャーノンやり始めて…<03>…<03>そのまま寝ちまったんだな。<01>,mechanical_scan_reviewed
photonflowers-ex-terms-v1.0,ナイショ,,ordinary_katakana_or_sound,1,contextual,sentence-level context,JP scan reviewed,fb77f496b2a4de8ef6512f9d459086209f5173314323888c082a9c36720c3437,"ordinary loanword, pronoun, slang, sound effect, or fragment; no fixed chapter terminology",pf:static:photonflowers11.rio.002:30631052:00134332 | 純夏 | 【純夏】「えっとね～…<03>…<03>って、<03>それはナイショ！　あぶないあぶない」<01>,mechanical_scan_reviewed
photonflowers-ex-terms-v1.0,ナイショッ,,ordinary_katakana_or_sound,1,contextual,sentence-level context,JP scan reviewed,fb77f496b2a4de8ef6512f9d459086209f5173314323888c082a9c36720c3437,"ordinary loanword, pronoun, slang, sound effect, or fragment; no fixed chapter terminology",pf:static:photonflowers11.rio.002:30631052:00080672 | 純夏 | 【純夏】「だからナイショッ！」<01>,mechanical_scan_reviewed
photonflowers-ex-terms-v1.0,ナイスタイミング,,ordinary_katakana_or_sound,1,contextual,sentence-level context,JP scan reviewed,fb77f496b2a4de8ef6512f9d459086209f5173314323888c082a9c36720c3437,"ordinary loanword, pronoun, slang, sound effect, or fragment; no fixed chapter terminology",pf:static:photonflowers11.rio.002:1322667676:00091340 | 夕呼 | 【夕呼】「ナイスタイミング。<0A>入っていいわよ」<01>,mechanical_scan_reviewed
photonflowers-ex-terms-v1.0,ナイフ,,ordinary_katakana_or_sound,1,contextual,sentence-level context,JP scan reviewed,fb77f496b2a4de8ef6512f9d459086209f5173314323888c082a9c36720c3437,"ordinary loanword, pronoun, slang, sound effect, or fragment; no fixed chapter terminology",pf:static:photonflowers11.rio.002:1097218736:00031278 | 純夏 | 【純夏】「え？　いいけど…<03>…<03>ナイフ持ってないよ？」<01>,mechanical_scan_reviewed
photonflowers-ex-terms-v1.0,ナシ,,ordinary_katakana_or_sound,1,contextual,sentence-level context,JP scan reviewed,fb77f496b2a4de8ef6512f9d459086209f5173314323888c082a9c36720c3437,"ordinary loanword, pronoun, slang, sound effect, or fragment; no fixed chapter terminology",pf:static:photonflowers11.rio.002:30631052:00081274 | 武 | 【武】「ようしわかった！　おまえの望みどおり、<03>デートはナシだ」<01>,mechanical_scan_reviewed
photonflowers-ex-terms-v1.0,ナナメ,,ordinary_katakana_or_sound,1,contextual,sentence-level context,JP scan reviewed,fb77f496b2a4de8ef6512f9d459086209f5173314323888c082a9c36720c3437,"ordinary loanword, pronoun, slang, sound effect, or fragment; no fixed chapter terminology",pf:static:photonflowers11.rio.002:30631052:00120010 | 夕呼 | 【夕呼】「まりもったら、<03>ご機嫌ナナメねぇ。<0A>せっかく白銀に抱き締められたんじゃない」<01>,mechanical_scan_reviewed
photonflowers-ex-terms-v1.0,ニセ,,ordinary_katakana_or_sound,1,contextual,sentence-level context,JP scan reviewed,fb77f496b2a4de8ef6512f9d459086209f5173314323888c082a9c36720c3437,"ordinary loanword, pronoun, slang, sound effect, or fragment; no fixed chapter terminology",pf:static:photonflowers11.rio:487890932:00197973 | 支店長 | 【支店長】「その上こちらが用意したニセ情報を信じて、まんまと罠に飛び込んで来るのですから……本当に頭が不自由なのですねぇ」<01>,mechanical_scan_reviewed
photonflowers-ex-terms-v1.0,ニッコリ,,ordinary_katakana_or_sound,1,contextual,sentence-level context,JP scan reviewed,fb77f496b2a4de8ef6512f9d459086209f5173314323888c082a9c36720c3437,"ordinary loanword, pronoun, slang, sound effect, or fragment; no fixed chapter terminology",pf:static:photonflowers11.rio:487716956:00111765 | 純夏 | 【純夏】「うんっ！」（ニッコリ）<01>,mechanical_scan_reviewed
photonflowers-ex-terms-v1.0,ニヤケ,,ordinary_katakana_or_sound,1,contextual,sentence-level context,JP scan reviewed,fb77f496b2a4de8ef6512f9d459086209f5173314323888c082a9c36720c3437,"ordinary loanword, pronoun, slang, sound effect, or fragment; no fixed chapter terminology",pf:static:photonflowers11.rio.002:30631052:00114056 |  | ニヤケつつも知らんぷりされて、<03>オレだけ気づかれてないつもりでバカ丸出し…<03>…<03>なんてことになりかねない。<01>,mechanical_scan_reviewed
photonflowers-ex-terms-v1.0,ネコグッズ,,ordinary_katakana_or_sound,1,contextual,sentence-level context,JP scan reviewed,fb77f496b2a4de8ef6512f9d459086209f5173314323888c082a9c36720c3437,"ordinary loanword, pronoun, slang, sound effect, or fragment; no fixed chapter terminology",pf:static:photonflowers11.rio.002:1366349532:00066960 |  | ネコグッズ！！<01>,mechanical_scan_reviewed
photonflowers-ex-terms-v1.0,ネジ,,ordinary_katakana_or_sound,1,contextual,sentence-level context,JP scan reviewed,fb77f496b2a4de8ef6512f9d459086209f5173314323888c082a9c36720c3437,"ordinary loanword, pronoun, slang, sound effect, or fragment; no fixed chapter terminology",pf:static:photonflowers11.rio:487890932:00140941 | 覆面の男２ | 【覆面の男２】「おいおい……このお姉ちゃんネジ飛んでんじゃねぇのか！？　どうにかしろよ！」<01>,mechanical_scan_reviewed
photonflowers-ex-terms-v1.0,ネチネチ,,ordinary_katakana_or_sound,1,contextual,sentence-level context,JP scan reviewed,fb77f496b2a4de8ef6512f9d459086209f5173314323888c082a9c36720c3437,"ordinary loanword, pronoun, slang, sound effect, or fragment; no fixed chapter terminology",pf:static:photonflowers11.rio.002:630827184:00041110 | 武 | 【武】「今更とぼけることもないだろ？　正論をかざしてネチネチと責め上げ、<03>オレを真人間に矯正しようってことだろ？」<01>,mechanical_scan_reviewed
photonflowers-ex-terms-v1.0,ネット,,ordinary_katakana_or_sound,1,contextual,sentence-level context,JP scan reviewed,fb77f496b2a4de8ef6512f9d459086209f5173314323888c082a9c36720c3437,"ordinary loanword, pronoun, slang, sound effect, or fragment; no fixed chapter terminology",pf:static:photonflowers11.rio:487417908:00107329 |  | がんばって飛んでも、<03>ネットの上に手が出ないし…<03>…<03>。<01>,mechanical_scan_reviewed
photonflowers-ex-terms-v1.0,ノウハウ,,ordinary_katakana_or_sound,1,contextual,sentence-level context,JP scan reviewed,fb77f496b2a4de8ef6512f9d459086209f5173314323888c082a9c36720c3437,"ordinary loanword, pronoun, slang, sound effect, or fragment; no fixed chapter terminology",pf:static:photonflowers11.rio.002:630827184:00032714 |  | まさか…<03>…<03>口撃のノウハウ！？<01>,mechanical_scan_reviewed
photonflowers-ex-terms-v1.0,ハァ,,ordinary_katakana_or_sound,1,contextual,sentence-level context,JP scan reviewed,fb77f496b2a4de8ef6512f9d459086209f5173314323888c082a9c36720c3437,"ordinary loanword, pronoun, slang, sound effect, or fragment; no fixed chapter terminology",pf:static:photonflowers11.rio:487194916:00050636 | 純夏 | 【純夏】「ハァ…<03>…<03>まだ根に持ってるし…<03>…<03>」<01>,mechanical_scan_reviewed
photonflowers-ex-terms-v1.0,ハイレグ,,ordinary_katakana_or_sound,1,contextual,sentence-level context,JP scan reviewed,fb77f496b2a4de8ef6512f9d459086209f5173314323888c082a9c36720c3437,"ordinary loanword, pronoun, slang, sound effect, or fragment; no fixed chapter terminology",pf:static:photonflowers11.rio:487283344:00101568 |  | そして、<03>ぼんやり水面を眺めるタケルちゃん…<03>…<03>…<03>…<03>って、<03>あーあ、<03>すごいきわどいハイレグのお姉さんに視線釘付けだ…<03>…<03>。<01>,mechanical_scan_reviewed
photonflowers-ex-terms-v1.0,ハジ,,ordinary_katakana_or_sound,1,contextual,sentence-level context,JP scan reviewed,fb77f496b2a4de8ef6512f9d459086209f5173314323888c082a9c36720c3437,"ordinary loanword, pronoun, slang, sound effect, or fragment; no fixed chapter terminology",pf:static:photonflowers11.rio:487283344:00095982 | 武 | 【武】「選ぶなんて言ってないだろ！　ただ、<03>無理すると後でハジかくと思って言ってやったんだよ」<01>,mechanical_scan_reviewed
photonflowers-ex-terms-v1.0,ハッスル,,ordinary_katakana_or_sound,1,contextual,sentence-level context,JP scan reviewed,fb77f496b2a4de8ef6512f9d459086209f5173314323888c082a9c36720c3437,"ordinary loanword, pronoun, slang, sound effect, or fragment; no fixed chapter terminology",pf:static:photonflowers11.rio.002:30631052:00086454 | 夕呼 | 【夕呼】「白銀の体力削っちゃったら、<03>夜にハッスルする分がなくなっちゃうもんねー」<01>,mechanical_scan_reviewed
photonflowers-ex-terms-v1.0,ハッピーエンド,,ordinary_katakana_or_sound,1,contextual,sentence-level context,JP scan reviewed,fb77f496b2a4de8ef6512f9d459086209f5173314323888c082a9c36720c3437,"ordinary loanword, pronoun, slang, sound effect, or fragment; no fixed chapter terminology",pf:static:photonflowers11.rio.002:1602830768:00178587 | 純夏 | 【純夏】「うん…<03>…<03>最後はやっぱり、<03>ハッピーエンドでしょー！」<01>,mechanical_scan_reviewed
photonflowers-ex-terms-v1.0,ハハハ,,ordinary_katakana_or_sound,1,contextual,sentence-level context,JP scan reviewed,fb77f496b2a4de8ef6512f9d459086209f5173314323888c082a9c36720c3437,"ordinary loanword, pronoun, slang, sound effect, or fragment; no fixed chapter terminology",pf:static:photonflowers11.rio.002:1495411112:00015631 | 武 | 【武】「わはは…<03>…<03>わはははは…<03>…<03>…<03>…<03>ハハハ…<03>…<03>」<01>,mechanical_scan_reviewed
photonflowers-ex-terms-v1.0,ハブ,,ordinary_katakana_or_sound,1,contextual,sentence-level context,JP scan reviewed,fb77f496b2a4de8ef6512f9d459086209f5173314323888c082a9c36720c3437,"ordinary loanword, pronoun, slang, sound effect, or fragment; no fixed chapter terminology",pf:static:photonflowers11.rio.002:30631052:00130614 |  | ――ハブ！　ハブゥ～～ッ！！<01>,mechanical_scan_reviewed
photonflowers-ex-terms-v1.0,ハブゥ,,ordinary_katakana_or_sound,1,contextual,sentence-level context,JP scan reviewed,fb77f496b2a4de8ef6512f9d459086209f5173314323888c082a9c36720c3437,"ordinary loanword, pronoun, slang, sound effect, or fragment; no fixed chapter terminology",pf:static:photonflowers11.rio.002:30631052:00130614 |  | ――ハブ！　ハブゥ～～ッ！！<01>,mechanical_scan_reviewed
photonflowers-ex-terms-v1.0,ハメ,,ordinary_katakana_or_sound,1,contextual,sentence-level context,JP scan reviewed,fb77f496b2a4de8ef6512f9d459086209f5173314323888c082a9c36720c3437,"ordinary loanword, pronoun, slang, sound effect, or fragment; no fixed chapter terminology",pf:static:photonflowers11.rio.002:30631052:00135494 | 武 | 【武】「おまえさー、<03>オレをハメようとしてないか？」<01>,mechanical_scan_reviewed
photonflowers-ex-terms-v1.0,ハラ,,ordinary_katakana_or_sound,1,contextual,sentence-level context,JP scan reviewed,fb77f496b2a4de8ef6512f9d459086209f5173314323888c082a9c36720c3437,"ordinary loanword, pronoun, slang, sound effect, or fragment; no fixed chapter terminology",pf:static:photonflowers11.rio:487283344:00078448 | 武 | 【武】「ガキのころからやってるあれだよ。<0A>ほら、<03>ハラ減ってるヤツに自分の頭食わせるっていう、<03>テリブルでカニバリズムな子供の味方だよ。<0A>もともと絵本でさ」<01>,mechanical_scan_reviewed
photonflowers-ex-terms-v1.0,ハル,,ordinary_katakana_or_sound,1,contextual,sentence-level context,JP scan reviewed,fb77f496b2a4de8ef6512f9d459086209f5173314323888c082a9c36720c3437,"ordinary loanword, pronoun, slang, sound effect, or fragment; no fixed chapter terminology",pf:static:photonflowers11.rio.002:630827184:00071908 | 柏木 | 【柏木】「え？　ああ、<03>晴子のハル。<0A>生意気でさ～、<03>昔っから呼び捨てなんだよね～～…<03>…<03>って、<03>もう、<03>ごまかしたってダメだって！」<01>,mechanical_scan_reviewed
photonflowers-ex-terms-v1.0,ハンガー,,ordinary_katakana_or_sound,1,contextual,sentence-level context,JP scan reviewed,fb77f496b2a4de8ef6512f9d459086209f5173314323888c082a9c36720c3437,"ordinary loanword, pronoun, slang, sound effect, or fragment; no fixed chapter terminology",pf:static:photonflowers11.rio.002:1602830768:00094399 |  | 前の日なんかに、<03>ガラにもなく、<03>制服を自分でハンガーにかけてみたりしてさ。<01>,mechanical_scan_reviewed
photonflowers-ex-terms-v1.0,ハンデ,,ordinary_katakana_or_sound,1,contextual,sentence-level context,JP scan reviewed,fb77f496b2a4de8ef6512f9d459086209f5173314323888c082a9c36720c3437,"ordinary loanword, pronoun, slang, sound effect, or fragment; no fixed chapter terminology",pf:static:photonflowers11.rio.002:1238534540:00070566 | 武 | 【武】「このくらいハンデの内だぜ！」<01>,mechanical_scan_reviewed
photonflowers-ex-terms-v1.0,ハンバーガー,,ordinary_katakana_or_sound,1,contextual,sentence-level context,JP scan reviewed,fb77f496b2a4de8ef6512f9d459086209f5173314323888c082a9c36720c3437,"ordinary loanword, pronoun, slang, sound effect, or fragment; no fixed chapter terminology",pf:static:photonflowers11.rio.002:1602830768:00108761 |  | <05>松茸御膳がハンバーガーになったり…<03>…<03>,mechanical_scan_reviewed
photonflowers-ex-terms-v1.0,ハンペン,,ordinary_katakana_or_sound,1,contextual,sentence-level context,JP scan reviewed,fb77f496b2a4de8ef6512f9d459086209f5173314323888c082a9c36720c3437,"ordinary loanword, pronoun, slang, sound effect, or fragment; no fixed chapter terminology",pf:static:photonflowers11.rio:487417908:00153039 | 壬姫 | 【壬姫】「中に、<03>ハンペンとかガンモドキとかコンニャクとか入ってるんだよー。<0A>中身は食べてのお楽しみで、<03>何種類あるかはヒミツなんだってー！」<01>,mechanical_scan_reviewed
photonflowers-ex-terms-v1.0,ハート,,ordinary_katakana_or_sound,1,contextual,sentence-level context,JP scan reviewed,fb77f496b2a4de8ef6512f9d459086209f5173314323888c082a9c36720c3437,"ordinary loanword, pronoun, slang, sound effect, or fragment; no fixed chapter terminology",pf:static:photonflowers11.rio.002:1366349532:00068078 |  | パッケージからしてたまのハートをイーグルキャッチか！？<01>,mechanical_scan_reviewed
photonflowers-ex-terms-v1.0,バカァァァッ,,ordinary_katakana_or_sound,1,contextual,sentence-level context,JP scan reviewed,fb77f496b2a4de8ef6512f9d459086209f5173314323888c082a9c36720c3437,"ordinary loanword, pronoun, slang, sound effect, or fragment; no fixed chapter terminology",pf:static:photonflowers11.rio:487417908:00110907 | 純夏 | 【純夏】「タケルちゃんのバカァァァッ！」<01>,mechanical_scan_reviewed
photonflowers-ex-terms-v1.0,バカバカ,,ordinary_katakana_or_sound,1,contextual,sentence-level context,JP scan reviewed,fb77f496b2a4de8ef6512f9d459086209f5173314323888c082a9c36720c3437,"ordinary loanword, pronoun, slang, sound effect, or fragment; no fixed chapter terminology",pf:static:photonflowers11.rio.002:1238534540:00050946 |  | バカバカしいったらねーよな。<0A>こんなことぐらいでよ…<03>…<03>。<01>,mechanical_scan_reviewed
photonflowers-ex-terms-v1.0,バカバカバカッッ,,ordinary_katakana_or_sound,1,contextual,sentence-level context,JP scan reviewed,fb77f496b2a4de8ef6512f9d459086209f5173314323888c082a9c36720c3437,"ordinary loanword, pronoun, slang, sound effect, or fragment; no fixed chapter terminology",pf:static:photonflowers11.rio.002:1322667676:00107286 | 純夏 | 【純夏】「それをこの間からなんだよー！　みんながみんながって！　バカ！　バカバカバカッッ！！」<01>,mechanical_scan_reviewed
photonflowers-ex-terms-v1.0,バカーーーー,,ordinary_katakana_or_sound,1,contextual,sentence-level context,JP scan reviewed,fb77f496b2a4de8ef6512f9d459086209f5173314323888c082a9c36720c3437,"ordinary loanword, pronoun, slang, sound effect, or fragment; no fixed chapter terminology",pf:static:photonflowers11.rio.002:1162587616:00086160 | 純夏 | 【純夏】「タケルちゃんの…<03>…<03>…<03>…<03>バカーーーー！！！」<01>,mechanical_scan_reviewed
photonflowers-ex-terms-v1.0,バクッ,,ordinary_katakana_or_sound,1,contextual,sentence-level context,JP scan reviewed,fb77f496b2a4de8ef6512f9d459086209f5173314323888c082a9c36720c3437,"ordinary loanword, pronoun, slang, sound effect, or fragment; no fixed chapter terminology",pf:static:photonflowers11.rio.002:1097218736:00032000 |  | ――バクッ！<01>,mechanical_scan_reviewed
photonflowers-ex-terms-v1.0,バケモノ,,ordinary_katakana_or_sound,1,contextual,sentence-level context,JP scan reviewed,fb77f496b2a4de8ef6512f9d459086209f5173314323888c082a9c36720c3437,"ordinary loanword, pronoun, slang, sound effect, or fragment; no fixed chapter terminology",pf:static:photonflowers11.rio.002:630827184:00030570 |  | や、<03>やっぱり…<03>…<03>。<0A>一瞬見えたあのバケモノじみた三つ編みは間違いなく委員長！<01>,mechanical_scan_reviewed
photonflowers-ex-terms-v1.0,バスケ,,ordinary_katakana_or_sound,1,contextual,sentence-level context,JP scan reviewed,fb77f496b2a4de8ef6512f9d459086209f5173314323888c082a9c36720c3437,"ordinary loanword, pronoun, slang, sound effect, or fragment; no fixed chapter terminology",pf:static:photonflowers11.rio.002:630827184:00064936 |  | 柏木はバスケで推薦決めたんだっけ。<0A>温泉旅行の時も大学の合宿参加でいなかったんだよな。<01>,mechanical_scan_reviewed
photonflowers-ex-terms-v1.0,バッタリ,,ordinary_katakana_or_sound,1,contextual,sentence-level context,JP scan reviewed,fb77f496b2a4de8ef6512f9d459086209f5173314323888c082a9c36720c3437,"ordinary loanword, pronoun, slang, sound effect, or fragment; no fixed chapter terminology",pf:static:photonflowers11.rio.002:1162587616:00072078 |  | それに、<03>ウチの大学は敷地もムダに広いからな…<03>…<03>構内でバッタリ会うなんて偶然は期待できない。<01>,mechanical_scan_reviewed
photonflowers-ex-terms-v1.0,バツ,,ordinary_katakana_or_sound,1,contextual,sentence-level context,JP scan reviewed,fb77f496b2a4de8ef6512f9d459086209f5173314323888c082a9c36720c3437,"ordinary loanword, pronoun, slang, sound effect, or fragment; no fixed chapter terminology",pf:static:photonflowers11.rio.002:1391025672:00113109 | 武 | 【武】「今すぐにでも独りで考えたいんだ。<0A>それに…<03>…<03>純夏と会うのは…<03>…<03>正直バツが悪いからさ」<01>,mechanical_scan_reviewed
photonflowers-ex-terms-v1.0,バトルロイヤル,,ordinary_katakana_or_sound,1,contextual,sentence-level context,JP scan reviewed,fb77f496b2a4de8ef6512f9d459086209f5173314323888c082a9c36720c3437,"ordinary loanword, pronoun, slang, sound effect, or fragment; no fixed chapter terminology",pf:static:photonflowers11.rio.002:630827184:00059824 |  | モニタの中じゃ、<03>なかなかいい試合してる。<0A>バトルロイヤルにありがちな、<03>膠着状態もなく、<03>ちゃんと機体が動き回ってるぞ。<01>,mechanical_scan_reviewed
photonflowers-ex-terms-v1.0,バババーカ,,ordinary_katakana_or_sound,1,contextual,sentence-level context,JP scan reviewed,fb77f496b2a4de8ef6512f9d459086209f5173314323888c082a9c36720c3437,"ordinary loanword, pronoun, slang, sound effect, or fragment; no fixed chapter terminology",pf:static:photonflowers11.rio.002:1391025672:00147017 | 武 | 【武】「バババーカ！　見るわけねぇだろ！」<01>,mechanical_scan_reviewed
photonflowers-ex-terms-v1.0,バレバレ,,ordinary_katakana_or_sound,1,contextual,sentence-level context,JP scan reviewed,fb77f496b2a4de8ef6512f9d459086209f5173314323888c082a9c36720c3437,"ordinary loanword, pronoun, slang, sound effect, or fragment; no fixed chapter terminology",pf:static:photonflowers11.rio.002:630827184:00069522 |  | 大体、<03>付き合ってること言ってねえし。<0A>まあ、<03>バレバレの状況はもう受け入れた上で、<03>ツッコミどころ満載の事言ったわけだけど、<03>本気にするなよな。<01>,mechanical_scan_reviewed
photonflowers-ex-terms-v1.0,バレンタインデー,,ordinary_katakana_or_sound,1,contextual,sentence-level context,JP scan reviewed,fb77f496b2a4de8ef6512f9d459086209f5173314323888c082a9c36720c3437,"ordinary loanword, pronoun, slang, sound effect, or fragment; no fixed chapter terminology",pf:static:photonflowers11.rio.002:1097218736:00019306 | 純夏 | 【純夏】「今日はバレンタインデーだよっ！」<01>,mechanical_scan_reviewed
photonflowers-ex-terms-v1.0,バレーボール,,ordinary_katakana_or_sound,1,contextual,sentence-level context,JP scan reviewed,fb77f496b2a4de8ef6512f9d459086209f5173314323888c082a9c36720c3437,"ordinary loanword, pronoun, slang, sound effect, or fragment; no fixed chapter terminology",pf:static:photonflowers11.rio:487417908:00104793 |  | バレーボールやってて、<03>それで慧ちゃんが飛んで、<03>スパーンってすごい音がして、<03>白い何かが飛んできて…<03>…<03>…<03>…<03><01>,mechanical_scan_reviewed
photonflowers-ex-terms-v1.0,バンザイ,,ordinary_katakana_or_sound,1,contextual,sentence-level context,JP scan reviewed,fb77f496b2a4de8ef6512f9d459086209f5173314323888c082a9c36720c3437,"ordinary loanword, pronoun, slang, sound effect, or fragment; no fixed chapter terminology",pf:static:photonflowers11.rio:487417908:00110601 |  | うううううう…<03>…<03>バンザイして固まってる場合じゃないんだよー！<01>,mechanical_scan_reviewed
photonflowers-ex-terms-v1.0,バーカバーカ,,ordinary_katakana_or_sound,1,contextual,sentence-level context,JP scan reviewed,fb77f496b2a4de8ef6512f9d459086209f5173314323888c082a9c36720c3437,"ordinary loanword, pronoun, slang, sound effect, or fragment; no fixed chapter terminology",pf:static:photonflowers11.rio:487590408:00092177 | 純夏 | 【純夏】「バーカバーカ～」<01>,mechanical_scan_reviewed
photonflowers-ex-terms-v1.0,バーゲン,,ordinary_katakana_or_sound,1,contextual,sentence-level context,JP scan reviewed,fb77f496b2a4de8ef6512f9d459086209f5173314323888c082a9c36720c3437,"ordinary loanword, pronoun, slang, sound effect, or fragment; no fixed chapter terminology",pf:static:photonflowers11.rio.002:1162587616:00044226 |  | つまりアレだ。バーゲンのごとき壮絶さってことだな？<01>,mechanical_scan_reviewed
photonflowers-ex-terms-v1.0,バーーーーーーーカ,,ordinary_katakana_or_sound,1,contextual,sentence-level context,JP scan reviewed,fb77f496b2a4de8ef6512f9d459086209f5173314323888c082a9c36720c3437,"ordinary loanword, pronoun, slang, sound effect, or fragment; no fixed chapter terminology",pf:static:photonflowers11.rio.002:1238534540:00048866 |  | なーにが、<03>今後の２人の人生だ、<03>バーーーーーーーカ。<01>,mechanical_scan_reviewed
photonflowers-ex-terms-v1.0,パズル,,ordinary_katakana_or_sound,1,contextual,sentence-level context,JP scan reviewed,fb77f496b2a4de8ef6512f9d459086209f5173314323888c082a9c36720c3437,"ordinary loanword, pronoun, slang, sound effect, or fragment; no fixed chapter terminology",pf:static:photonflowers11.rio.002:1495411112:00009469 |  | こいつはバイトのパズルは避けられそうにないなあ…<03>…<03>。<01>,mechanical_scan_reviewed
photonflowers-ex-terms-v1.0,パッケージ,,ordinary_katakana_or_sound,1,contextual,sentence-level context,JP scan reviewed,fb77f496b2a4de8ef6512f9d459086209f5173314323888c082a9c36720c3437,"ordinary loanword, pronoun, slang, sound effect, or fragment; no fixed chapter terminology",pf:static:photonflowers11.rio.002:1366349532:00068078 |  | パッケージからしてたまのハートをイーグルキャッチか！？<01>,mechanical_scan_reviewed
photonflowers-ex-terms-v1.0,パラサイト,,ordinary_katakana_or_sound,1,contextual,sentence-level context,JP scan reviewed,fb77f496b2a4de8ef6512f9d459086209f5173314323888c082a9c36720c3437,"ordinary loanword, pronoun, slang, sound effect, or fragment; no fixed chapter terminology",pf:static:photonflowers11.rio:487417908:00143389 | 武 | 【武】「ふふ、<03>それは言えんが、<03>強いて言うなら新たな宿主にパラサイト？」<01>,mechanical_scan_reviewed
photonflowers-ex-terms-v1.0,パレオ,,ordinary_katakana_or_sound,1,contextual,sentence-level context,JP scan reviewed,fb77f496b2a4de8ef6512f9d459086209f5173314323888c082a9c36720c3437,"ordinary loanword, pronoun, slang, sound effect, or fragment; no fixed chapter terminology",pf:static:photonflowers11.rio:487283344:00088108 |  | パレオ付いてるのとか着たことないから、<03>着てみたいしなあ…<03>…<03>。<01>,mechanical_scan_reviewed
photonflowers-ex-terms-v1.0,パワー,,ordinary_katakana_or_sound,1,contextual,sentence-level context,JP scan reviewed,fb77f496b2a4de8ef6512f9d459086209f5173314323888c082a9c36720c3437,"ordinary loanword, pronoun, slang, sound effect, or fragment; no fixed chapter terminology",pf:static:photonflowers11.rio.002:1391025672:00092305 | 声 | 【声】「友情パワーもうまく行かなかったみたいね」<01>,mechanical_scan_reviewed
photonflowers-ex-terms-v1.0,パワーダウン,,ordinary_katakana_or_sound,1,contextual,sentence-level context,JP scan reviewed,fb77f496b2a4de8ef6512f9d459086209f5173314323888c082a9c36720c3437,"ordinary loanword, pronoun, slang, sound effect, or fragment; no fixed chapter terminology",pf:static:photonflowers11.rio:487283344:00085592 | 武 | 【武】「あッ、<03>ヤバイぞ純夏！　水に濡れると顔がふやけるぞ！　パワーダウンだぞ？」<01>,mechanical_scan_reviewed
photonflowers-ex-terms-v1.0,パンチ,,ordinary_katakana_or_sound,1,contextual,sentence-level context,JP scan reviewed,fb77f496b2a4de8ef6512f9d459086209f5173314323888c082a9c36720c3437,"ordinary loanword, pronoun, slang, sound effect, or fragment; no fixed chapter terminology",pf:static:photonflowers11.rio.002:630827184:00033806 |  | 毎朝、<03>起きがけに説教なんかされてみろ！？　オレはきっと寝ぼけたままで速攻パンチくれるだろ？<01>,mechanical_scan_reviewed
photonflowers-ex-terms-v1.0,ヒイヒイ,,ordinary_katakana_or_sound,1,contextual,sentence-level context,JP scan reviewed,fb77f496b2a4de8ef6512f9d459086209f5173314323888c082a9c36720c3437,"ordinary loanword, pronoun, slang, sound effect, or fragment; no fixed chapter terminology",pf:static:photonflowers11.rio.002:1602830768:00100303 |  | １年の頃はヒイヒイいいながら登ったこの坂道も、<03>今じゃ普通に登っている。<01>,mechanical_scan_reviewed
photonflowers-ex-terms-v1.0,ヒマラヤ,,ordinary_katakana_or_sound,1,contextual,sentence-level context,JP scan reviewed,fb77f496b2a4de8ef6512f9d459086209f5173314323888c082a9c36720c3437,"ordinary loanword, pronoun, slang, sound effect, or fragment; no fixed chapter terminology",pf:static:photonflowers11.rio.002:1592562700:00011453 | 尊人 | 【尊人】「だとしたらあれは異常だね。<0A>ボクの経験からすると、<03>あの疲労度はちょうどヒマラヤで遭難して１０日間――」<01>,mechanical_scan_reviewed
photonflowers-ex-terms-v1.0,ヒモパン,,ordinary_katakana_or_sound,1,contextual,sentence-level context,JP scan reviewed,fb77f496b2a4de8ef6512f9d459086209f5173314323888c082a9c36720c3437,"ordinary loanword, pronoun, slang, sound effect, or fragment; no fixed chapter terminology",pf:static:photonflowers11.rio.002:186673440:00118381 | 醍三郎 | 【醍三郎】「白いヒモパン……いや、ついに月詠までも退けたか……」<01>,mechanical_scan_reviewed
photonflowers-ex-terms-v1.0,ビビリ,,ordinary_katakana_or_sound,1,contextual,sentence-level context,JP scan reviewed,fb77f496b2a4de8ef6512f9d459086209f5173314323888c082a9c36720c3437,"ordinary loanword, pronoun, slang, sound effect, or fragment; no fixed chapter terminology",pf:static:photonflowers11.rio:487590408:00110583 | 武 | 【武】「どうでもいいけど、<03>オレの机の上に置いてくなよ～。<0A>超ビビリ入ったぞ！」<01>,mechanical_scan_reviewed
photonflowers-ex-terms-v1.0,ピカ,,ordinary_katakana_or_sound,1,contextual,sentence-level context,JP scan reviewed,fb77f496b2a4de8ef6512f9d459086209f5173314323888c082a9c36720c3437,"ordinary loanword, pronoun, slang, sound effect, or fragment; no fixed chapter terminology",pf:static:photonflowers11.rio.002:1391025672:00125777 |  | 金ピカの玉だ…<03>…<03>。<01>,mechanical_scan_reviewed
photonflowers-ex-terms-v1.0,ピカイチ,,ordinary_katakana_or_sound,1,contextual,sentence-level context,JP scan reviewed,fb77f496b2a4de8ef6512f9d459086209f5173314323888c082a9c36720c3437,"ordinary loanword, pronoun, slang, sound effect, or fragment; no fixed chapter terminology",pf:static:photonflowers11.rio.002:30631052:00112922 |  | 純夏は問題外としても、<03>委員長は…<03>…<03>勘はともかく、<03>論理的に予測する能力はピカイチだ。<01>,mechanical_scan_reviewed
photonflowers-ex-terms-v1.0,ピッタリ,,ordinary_katakana_or_sound,1,contextual,sentence-level context,JP scan reviewed,fb77f496b2a4de8ef6512f9d459086209f5173314323888c082a9c36720c3437,"ordinary loanword, pronoun, slang, sound effect, or fragment; no fixed chapter terminology",pf:static:photonflowers11.rio.002:1366349532:00052328 |  | 殴っても殴っても起き上がってくる人形…<03>…<03>これなら純夏のストレス発散にピッタリじゃないか！<01>,mechanical_scan_reviewed
photonflowers-ex-terms-v1.0,ピンチ,,ordinary_katakana_or_sound,1,contextual,sentence-level context,JP scan reviewed,fb77f496b2a4de8ef6512f9d459086209f5173314323888c082a9c36720c3437,"ordinary loanword, pronoun, slang, sound effect, or fragment; no fixed chapter terminology",pf:static:photonflowers11.rio.002:1391025672:00137537 | 純夏 | 【純夏】「わたしバカだから、<03>御剣さんが来てようやくそれに気づいて…<03>…<03>でも…<03>…<03>もう大ピンチ」<01>,mechanical_scan_reviewed
photonflowers-ex-terms-v1.0,フェンス,,ordinary_katakana_or_sound,1,contextual,sentence-level context,JP scan reviewed,fb77f496b2a4de8ef6512f9d459086209f5173314323888c082a9c36720c3437,"ordinary loanword, pronoun, slang, sound effect, or fragment; no fixed chapter terminology",pf:static:photonflowers11.rio:487716956:00155183 | 武 | 【武】「これでいいのか？　って、<03>あ、<03>あいつ…<03>…<03>…<03>…<03>フェンスにのったぞ」<01>,mechanical_scan_reviewed
photonflowers-ex-terms-v1.0,フォォォォォォッッ,,ordinary_katakana_or_sound,1,contextual,sentence-level context,JP scan reviewed,fb77f496b2a4de8ef6512f9d459086209f5173314323888c082a9c36720c3437,"ordinary loanword, pronoun, slang, sound effect, or fragment; no fixed chapter terminology",pf:static:photonflowers11.rio:487417908:00158911 | 壬姫 | 【壬姫】「フ…<03>…<03>フォォォォォォッッ！！」<01>,mechanical_scan_reviewed
photonflowers-ex-terms-v1.0,フケ,,ordinary_katakana_or_sound,1,contextual,sentence-level context,JP scan reviewed,fb77f496b2a4de8ef6512f9d459086209f5173314323888c082a9c36720c3437,"ordinary loanword, pronoun, slang, sound effect, or fragment; no fixed chapter terminology",pf:static:photonflowers11.rio.002:1391025672:00112701 | 武 | 【武】「それでさ…<03>…<03>相談なんだけど…<03>…<03>オレ、<03>午後の授業フケるから、<03>見逃してくれないかな？」<01>,mechanical_scan_reviewed
photonflowers-ex-terms-v1.0,フタ,,ordinary_katakana_or_sound,1,contextual,sentence-level context,JP scan reviewed,fb77f496b2a4de8ef6512f9d459086209f5173314323888c082a9c36720c3437,"ordinary loanword, pronoun, slang, sound effect, or fragment; no fixed chapter terminology",pf:static:photonflowers11.rio.002:1238534540:00055620 |  | ああ…<03>…<03>間違いなくとんかつだな。<0A>メシの上にどっかり乗っかって、<03>弁当のフタに思いっきり押し潰されてやがる。<01>,mechanical_scan_reviewed
photonflowers-ex-terms-v1.0,フッ,,ordinary_katakana_or_sound,1,contextual,sentence-level context,JP scan reviewed,fb77f496b2a4de8ef6512f9d459086209f5173314323888c082a9c36720c3437,"ordinary loanword, pronoun, slang, sound effect, or fragment; no fixed chapter terminology",pf:static:photonflowers11.rio.002:1097218736:00016624 |  | …<03>…<03>なんだ？　様子が変だな。<0A>自分からフッといて、<03>気のない感じだ。<01>,mechanical_scan_reviewed
photonflowers-ex-terms-v1.0,フラフラ,,ordinary_katakana_or_sound,1,contextual,sentence-level context,JP scan reviewed,fb77f496b2a4de8ef6512f9d459086209f5173314323888c082a9c36720c3437,"ordinary loanword, pronoun, slang, sound effect, or fragment; no fixed chapter terminology",pf:static:photonflowers11.rio.002:1366349532:00054500 | 壬姫 | 【壬姫】「な、<03>なんとかー…<03>…<03>うう、<03>フラフラしますー…<03>…<03>」<01>,mechanical_scan_reviewed
photonflowers-ex-terms-v1.0,フルタイム,,ordinary_katakana_or_sound,1,contextual,sentence-level context,JP scan reviewed,fb77f496b2a4de8ef6512f9d459086209f5173314323888c082a9c36720c3437,"ordinary loanword, pronoun, slang, sound effect, or fragment; no fixed chapter terminology",pf:static:photonflowers11.rio.002:1495411112:00009011 |  | これは…<03>…<03>ちっ！　フルタイムかよ…<03>…<03>パス！<01>,mechanical_scan_reviewed
photonflowers-ex-terms-v1.0,フワフワ,,ordinary_katakana_or_sound,1,contextual,sentence-level context,JP scan reviewed,fb77f496b2a4de8ef6512f9d459086209f5173314323888c082a9c36720c3437,"ordinary loanword, pronoun, slang, sound effect, or fragment; no fixed chapter terminology",pf:static:photonflowers11.rio.002:1162587616:00048722 |  | ふふふ…<03>…<03>なんかフワフワした浮ついた気分だぜ。<01>,mechanical_scan_reviewed
photonflowers-ex-terms-v1.0,ブツブツ,,ordinary_katakana_or_sound,1,contextual,sentence-level context,JP scan reviewed,fb77f496b2a4de8ef6512f9d459086209f5173314323888c082a9c36720c3437,"ordinary loanword, pronoun, slang, sound effect, or fragment; no fixed chapter terminology",pf:static:photonflowers11.rio.002:1391025672:00069413 | 柏木 | 【柏木】「なに、<03>ブツブツ言ってるの？」<01>,mechanical_scan_reviewed
photonflowers-ex-terms-v1.0,ブブー,,ordinary_katakana_or_sound,1,contextual,sentence-level context,JP scan reviewed,fb77f496b2a4de8ef6512f9d459086209f5173314323888c082a9c36720c3437,"ordinary loanword, pronoun, slang, sound effect, or fragment; no fixed chapter terminology",pf:static:photonflowers11.rio.002:1162587616:00034156 | 武 | 【武】「ブブー！　時間切れだ。<0A>正解はな…<03>…<03>…<03>…<03>ゼロだ」<01>,mechanical_scan_reviewed
photonflowers-ex-terms-v1.0,プラン,,ordinary_katakana_or_sound,1,contextual,sentence-level context,JP scan reviewed,fb77f496b2a4de8ef6512f9d459086209f5173314323888c082a9c36720c3437,"ordinary loanword, pronoun, slang, sound effect, or fragment; no fixed chapter terminology",pf:static:photonflowers11.rio:487890932:00181697 | 銀行強盗１ | 【銀行強盗１】「目を疑うほどの好条件だった。銀行側からの再生プランも良心的で……よかったんだ」<01>,mechanical_scan_reviewed
photonflowers-ex-terms-v1.0,プルプルプルプル,,ordinary_katakana_or_sound,1,contextual,sentence-level context,JP scan reviewed,fb77f496b2a4de8ef6512f9d459086209f5173314323888c082a9c36720c3437,"ordinary loanword, pronoun, slang, sound effect, or fragment; no fixed chapter terminology",pf:static:photonflowers11.rio.002:1391025672:00121597 | 謎の人物Ｂ・Ｃ・Ｄ | 【謎の人物Ｂ・Ｃ・Ｄ】──プルプルプルプル<01>,mechanical_scan_reviewed
photonflowers-ex-terms-v1.0,プレイ,,ordinary_katakana_or_sound,1,contextual,sentence-level context,JP scan reviewed,fb77f496b2a4de8ef6512f9d459086209f5173314323888c082a9c36720c3437,"ordinary loanword, pronoun, slang, sound effect, or fragment; no fixed chapter terminology",pf:static:photonflowers11.rio.002:30631052:00120590 | 夕呼 | 【夕呼】「死ぬほどの心地よさだったってこと？　まだ日も高いって言うのに校内で窒息プレイとは、<03>アンタ達やるわね」<01>,mechanical_scan_reviewed
photonflowers-ex-terms-v1.0,ベンチ,,ordinary_katakana_or_sound,1,contextual,sentence-level context,JP scan reviewed,fb77f496b2a4de8ef6512f9d459086209f5173314323888c082a9c36720c3437,"ordinary loanword, pronoun, slang, sound effect, or fragment; no fixed chapter terminology",pf:static:photonflowers11.rio.002:1366349532:00055158 | 武 | 【武】「大丈夫か？　なんだったらそこのベンチで休んでてもいいぞ？」<01>,mechanical_scan_reviewed
photonflowers-ex-terms-v1.0,ペン,,ordinary_katakana_or_sound,1,contextual,sentence-level context,JP scan reviewed,fb77f496b2a4de8ef6512f9d459086209f5173314323888c082a9c36720c3437,"ordinary loanword, pronoun, slang, sound effect, or fragment; no fixed chapter terminology",pf:static:photonflowers11.rio.002:1602830768:00089277 |  | これでペンを忘れていくんだろ？　ふッふッふ、<03>オレはそんなマヌケじゃねーぞ。<01>,mechanical_scan_reviewed
photonflowers-ex-terms-v1.0,ページ,,ordinary_katakana_or_sound,1,contextual,sentence-level context,JP scan reviewed,fb77f496b2a4de8ef6512f9d459086209f5173314323888c082a9c36720c3437,"ordinary loanword, pronoun, slang, sound effect, or fragment; no fixed chapter terminology",pf:static:photonflowers11.rio:487890932:00115581 |  | ふむ……模範解答は別のページか。<01>,mechanical_scan_reviewed
photonflowers-ex-terms-v1.0,ホウキ,,ordinary_katakana_or_sound,1,contextual,sentence-level context,JP scan reviewed,fb77f496b2a4de8ef6512f9d459086209f5173314323888c082a9c36720c3437,"ordinary loanword, pronoun, slang, sound effect, or fragment; no fixed chapter terminology",pf:static:photonflowers11.rio:487590408:00090361 | 千鶴 | 【千鶴】「ろくに掃除もしないで、<03>ホウキ振り回してただけの人が、<03>どこ行こうっていうの？」<01>,mechanical_scan_reviewed
photonflowers-ex-terms-v1.0,ホントッ,,ordinary_katakana_or_sound,1,contextual,sentence-level context,JP scan reviewed,fb77f496b2a4de8ef6512f9d459086209f5173314323888c082a9c36720c3437,"ordinary loanword, pronoun, slang, sound effect, or fragment; no fixed chapter terminology",pf:static:photonflowers11.rio.002:1097218736:00032862 | 純夏 | 【純夏】「ホ、<03>ホントッ！？」<01>,mechanical_scan_reviewed
photonflowers-ex-terms-v1.0,ホント鑑さん,,regex_address_false_positive,1,contextual,sentence-level context,JP scan reviewed,fb77f496b2a4de8ef6512f9d459086209f5173314323888c082a9c36720c3437,"over-inclusive suffix regex captured a phrase, ordinary honorific, or non-address expression",pf:static:photonflowers11.rio.002:30631052:00092374 | 千鶴 | 【千鶴】「白銀君、<03>ホント鑑さんのこと考えてないのね…<03>…<03>前に言ったこと全然分かってないじゃない」<01>,mechanical_scan_reviewed
photonflowers-ex-terms-v1.0,ホース,,ordinary_katakana_or_sound,1,contextual,sentence-level context,JP scan reviewed,fb77f496b2a4de8ef6512f9d459086209f5173314323888c082a9c36720c3437,"ordinary loanword, pronoun, slang, sound effect, or fragment; no fixed chapter terminology",pf:static:photonflowers11.rio.002:1391025672:00141995 | 武 | 【武】「…<03>…<03>あ、<03>ああ…<03>…<03>思い出した。<0A>玄関先でホースで水ぶっかけられたんだよな」<01>,mechanical_scan_reviewed
photonflowers-ex-terms-v1.0,ボエエエエェェェェェッッッ,,ordinary_katakana_or_sound,1,contextual,sentence-level context,JP scan reviewed,fb77f496b2a4de8ef6512f9d459086209f5173314323888c082a9c36720c3437,"ordinary loanword, pronoun, slang, sound effect, or fragment; no fixed chapter terminology",pf:static:photonflowers11.rio:487194916:00068000 | 武 | 【武】「ボ…<03>…<03>ボエエエエェェェェェッッッ！」<01>,mechanical_scan_reviewed
photonflowers-ex-terms-v1.0,ポイントガード,,ordinary_katakana_or_sound,1,contextual,sentence-level context,JP scan reviewed,fb77f496b2a4de8ef6512f9d459086209f5173314323888c082a9c36720c3437,"ordinary loanword, pronoun, slang, sound effect, or fragment; no fixed chapter terminology",pf:static:photonflowers11.rio.002:630827184:00068456 |  | そう言いつつ、<03>「かっぱぎクレーン」の方に顔を向けるあたり、<03>純夏のことよく分かってるな。<0A>さすがポイントガード、<03>周りの事をよく見てらっしゃる。<01>,mechanical_scan_reviewed
photonflowers-ex-terms-v1.0,ポジショニング,,ordinary_katakana_or_sound,1,contextual,sentence-level context,JP scan reviewed,fb77f496b2a4de8ef6512f9d459086209f5173314323888c082a9c36720c3437,"ordinary loanword, pronoun, slang, sound effect, or fragment; no fixed chapter terminology",pf:static:photonflowers11.rio.002:1238534540:00068458 |  | オレの攻撃は、<03>尊人のポジショニングが悪かったから運良く当たったに過ぎない。<01>,mechanical_scan_reviewed
photonflowers-ex-terms-v1.0,ポテト,,ordinary_katakana_or_sound,1,contextual,sentence-level context,JP scan reviewed,fb77f496b2a4de8ef6512f9d459086209f5173314323888c082a9c36720c3437,"ordinary loanword, pronoun, slang, sound effect, or fragment; no fixed chapter terminology",pf:static:photonflowers11.rio.002:1602830768:00109233 | 純夏 | <05>【純夏】「ねえ、<03>タケルちゃんのポテト、<03>あげていい？」,mechanical_scan_reviewed
photonflowers-ex-terms-v1.0,ポーン,,ordinary_katakana_or_sound,1,contextual,sentence-level context,JP scan reviewed,fb77f496b2a4de8ef6512f9d459086209f5173314323888c082a9c36720c3437,"ordinary loanword, pronoun, slang, sound effect, or fragment; no fixed chapter terminology",pf:static:photonflowers11.rio.002:1322667676:00047298 |  | サンタうさぎの代わりを買いに行く予定なんか、<03>ポーンとどっかに行っちまったよ。<01>,mechanical_scan_reviewed
photonflowers-ex-terms-v1.0,マイナス,,ordinary_katakana_or_sound,1,contextual,sentence-level context,JP scan reviewed,fb77f496b2a4de8ef6512f9d459086209f5173314323888c082a9c36720c3437,"ordinary loanword, pronoun, slang, sound effect, or fragment; no fixed chapter terminology",pf:static:photonflowers11.rio.002:1238534540:00073736 |  | 「オレらしく」がマイナスに働いちゃ意味ねぇって…<03>…<03>思えたのになあ。<01>,mechanical_scan_reviewed
photonflowers-ex-terms-v1.0,マインドコントロール,,ordinary_katakana_or_sound,1,contextual,sentence-level context,JP scan reviewed,fb77f496b2a4de8ef6512f9d459086209f5173314323888c082a9c36720c3437,"ordinary loanword, pronoun, slang, sound effect, or fragment; no fixed chapter terminology",pf:static:photonflowers11.rio.002:630827184:00043900 |  | 委員長の奴、<03>純夏に技を伝授する以前に、<03>マインドコントロールまで済ませていたっていうのか？<01>,mechanical_scan_reviewed
photonflowers-ex-terms-v1.0,マグニチュード,,ordinary_katakana_or_sound,1,contextual,sentence-level context,JP scan reviewed,fb77f496b2a4de8ef6512f9d459086209f5173314323888c082a9c36720c3437,"ordinary loanword, pronoun, slang, sound effect, or fragment; no fixed chapter terminology",pf:static:photonflowers11.rio:487890932:00124915 |  | マグニチュード１．５～２．５といったところであろうか？<01>,mechanical_scan_reviewed
photonflowers-ex-terms-v1.0,マニュアル,,ordinary_katakana_or_sound,1,contextual,sentence-level context,JP scan reviewed,fb77f496b2a4de8ef6512f9d459086209f5173314323888c082a9c36720c3437,"ordinary loanword, pronoun, slang, sound effect, or fragment; no fixed chapter terminology",pf:static:photonflowers11.rio:487716956:00133103 | 慧 | 【慧】「…<03>…<03>自信がないやつのためにマニュアルはある」<01>,mechanical_scan_reviewed
photonflowers-ex-terms-v1.0,マヌケ,,ordinary_katakana_or_sound,1,contextual,sentence-level context,JP scan reviewed,fb77f496b2a4de8ef6512f9d459086209f5173314323888c082a9c36720c3437,"ordinary loanword, pronoun, slang, sound effect, or fragment; no fixed chapter terminology",pf:static:photonflowers11.rio.002:1602830768:00089277 |  | これでペンを忘れていくんだろ？　ふッふッふ、<03>オレはそんなマヌケじゃねーぞ。<01>,mechanical_scan_reviewed
photonflowers-ex-terms-v1.0,マネ,,ordinary_katakana_or_sound,1,contextual,sentence-level context,JP scan reviewed,fb77f496b2a4de8ef6512f9d459086209f5173314323888c082a9c36720c3437,"ordinary loanword, pronoun, slang, sound effect, or fragment; no fixed chapter terminology",pf:static:photonflowers11.rio:487890932:00199557 | 支店長 | 【支店長】「大人しく諦めていれば手荒なマネはしなくて済んだのですが。残念です……非常に残念です――ハイ」<01>,mechanical_scan_reviewed
photonflowers-ex-terms-v1.0,マユ,,ordinary_katakana_or_sound,1,contextual,sentence-level context,JP scan reviewed,fb77f496b2a4de8ef6512f9d459086209f5173314323888c082a9c36720c3437,"ordinary loanword, pronoun, slang, sound effect, or fragment; no fixed chapter terminology",pf:static:photonflowers11.rio:487590408:00099853 |  | …<03>…<03>…<03>…<03>マユがちょっと細いかな？<01>,mechanical_scan_reviewed
photonflowers-ex-terms-v1.0,マル,,ordinary_katakana_or_sound,1,contextual,sentence-level context,JP scan reviewed,fb77f496b2a4de8ef6512f9d459086209f5173314323888c082a9c36720c3437,"ordinary loanword, pronoun, slang, sound effect, or fragment; no fixed chapter terminology",pf:static:photonflowers11.rio.002:1495411112:00009155 |  | これは…<03>…<03>お？　場所も近いし、<03>良さそうじゃないか！　マル、<03>と。<01>,mechanical_scan_reviewed
photonflowers-ex-terms-v1.0,マンホール,,ordinary_katakana_or_sound,1,contextual,sentence-level context,JP scan reviewed,fb77f496b2a4de8ef6512f9d459086209f5173314323888c082a9c36720c3437,"ordinary loanword, pronoun, slang, sound effect, or fragment; no fixed chapter terminology",pf:static:photonflowers11.rio.002:1602830768:00098817 |  | いつも通るコンビニ…<03>…<03>。<0A>自動販売機…<03>…<03>。<0A>マンホールの蓋…<03>…<03>。<01>,mechanical_scan_reviewed
photonflowers-ex-terms-v1.0,マーガリン,,ordinary_katakana_or_sound,1,contextual,sentence-level context,JP scan reviewed,fb77f496b2a4de8ef6512f9d459086209f5173314323888c082a9c36720c3437,"ordinary loanword, pronoun, slang, sound effect, or fragment; no fixed chapter terminology",pf:static:photonflowers11.rio:487283344:00117728 | 武 | 【武】「難しいこと考えると、<03>頭のアンコとマーガリンが飛び出すぞ」<01>,mechanical_scan_reviewed
photonflowers-ex-terms-v1.0,ミックス,,ordinary_katakana_or_sound,1,contextual,sentence-level context,JP scan reviewed,fb77f496b2a4de8ef6512f9d459086209f5173314323888c082a9c36720c3437,"ordinary loanword, pronoun, slang, sound effect, or fragment; no fixed chapter terminology",pf:static:photonflowers11.rio:487417908:00156851 |  | もちもちとした甘めの皮に、<03>おでんつゆの塩加減がミックスされて…<03>…<03>。<01>,mechanical_scan_reviewed
photonflowers-ex-terms-v1.0,ミツルギ,,ordinary_katakana_or_sound,1,contextual,sentence-level context,JP scan reviewed,fb77f496b2a4de8ef6512f9d459086209f5173314323888c082a9c36720c3437,"ordinary loanword, pronoun, slang, sound effect, or fragment; no fixed chapter terminology",pf:static:photonflowers11.rio:487890932:00206979 | 支店長 | 【支店長】「ミツルギ……あ、あの御剣財閥のご令嬢！？」<01>,mechanical_scan_reviewed
photonflowers-ex-terms-v1.0,ミツルギメイヤ,,ordinary_katakana_or_sound,1,contextual,sentence-level context,JP scan reviewed,fb77f496b2a4de8ef6512f9d459086209f5173314323888c082a9c36720c3437,"ordinary loanword, pronoun, slang, sound effect, or fragment; no fixed chapter terminology",pf:static:photonflowers11.rio:487890932:00206441 | 支店長 | 【支店長】「――！！？　ミ、ミツルギメイヤ！？」　<01>,mechanical_scan_reviewed
photonflowers-ex-terms-v1.0,ミミミミキ,,ordinary_katakana_or_sound,1,contextual,sentence-level context,JP scan reviewed,fb77f496b2a4de8ef6512f9d459086209f5173314323888c082a9c36720c3437,"ordinary loanword, pronoun, slang, sound effect, or fragment; no fixed chapter terminology",pf:static:photonflowers11.rio:487194916:00042950 | 壬姫 | 【壬姫】「あ、<03>ミミミミキは当番じゃないよっ！　見られても困るよー」<01>,mechanical_scan_reviewed
photonflowers-ex-terms-v1.0,ムキー,,ordinary_katakana_or_sound,1,contextual,sentence-level context,JP scan reviewed,fb77f496b2a4de8ef6512f9d459086209f5173314323888c082a9c36720c3437,"ordinary loanword, pronoun, slang, sound effect, or fragment; no fixed chapter terminology",pf:static:photonflowers11.rio.002:1238534540:00046172 | 純夏 | 【純夏】「ムキー！！」<01>,mechanical_scan_reviewed
photonflowers-ex-terms-v1.0,ムキーッ,,ordinary_katakana_or_sound,1,contextual,sentence-level context,JP scan reviewed,fb77f496b2a4de8ef6512f9d459086209f5173314323888c082a9c36720c3437,"ordinary loanword, pronoun, slang, sound effect, or fragment; no fixed chapter terminology",pf:static:photonflowers11.rio:487590408:00082337 | 武 | 【武】「いいのかよ～？　いつもオレらに『私物は持ってくるなッ！　ムキーッ！！』とか言ってる張本人がさあ～」<01>,mechanical_scan_reviewed
photonflowers-ex-terms-v1.0,ムネ,,ordinary_katakana_or_sound,1,contextual,sentence-level context,JP scan reviewed,fb77f496b2a4de8ef6512f9d459086209f5173314323888c082a9c36720c3437,"ordinary loanword, pronoun, slang, sound effect, or fragment; no fixed chapter terminology",pf:static:photonflowers11.rio.002:1391025672:00146243 | 純夏 | 【純夏】「わたしね…<03>…<03>白陵に入ってから、<03>４センチもムネ大きくなったんだよ！」<01>,mechanical_scan_reviewed
photonflowers-ex-terms-v1.0,ムネッ,,ordinary_katakana_or_sound,1,contextual,sentence-level context,JP scan reviewed,fb77f496b2a4de8ef6512f9d459086209f5173314323888c082a9c36720c3437,"ordinary loanword, pronoun, slang, sound effect, or fragment; no fixed chapter terminology",pf:static:photonflowers11.rio.002:1391025672:00146569 | 武 | 【武】「ム、<03>ムネッ！？」<01>,mechanical_scan_reviewed
photonflowers-ex-terms-v1.0,ムリ,,ordinary_katakana_or_sound,1,contextual,sentence-level context,JP scan reviewed,fb77f496b2a4de8ef6512f9d459086209f5173314323888c082a9c36720c3437,"ordinary loanword, pronoun, slang, sound effect, or fragment; no fixed chapter terminology",pf:static:photonflowers11.rio:487417908:00107171 |  | あんなスパイク、<03>ミキには絶対にムリだよねー。<01>,mechanical_scan_reviewed
photonflowers-ex-terms-v1.0,ムリムリ,,ordinary_katakana_or_sound,1,contextual,sentence-level context,JP scan reviewed,fb77f496b2a4de8ef6512f9d459086209f5173314323888c082a9c36720c3437,"ordinary loanword, pronoun, slang, sound effect, or fragment; no fixed chapter terminology",pf:static:photonflowers11.rio.002:1322667676:00063294 | 夕呼 | 【夕呼】「もしかして、<03>今までのはその話だったの？　あははは…<03>…<03>ならムリムリ！　ヨリなんて戻りっこないわ」<01>,mechanical_scan_reviewed
photonflowers-ex-terms-v1.0,ムリヤリ,,ordinary_katakana_or_sound,1,contextual,sentence-level context,JP scan reviewed,fb77f496b2a4de8ef6512f9d459086209f5173314323888c082a9c36720c3437,"ordinary loanword, pronoun, slang, sound effect, or fragment; no fixed chapter terminology",pf:static:photonflowers11.rio:487283344:00082246 | 武 | 【武】「まったくよお…<03>…<03>ムリヤリ付き合わせておいて、<03>いきなり水着売り場つれてくるか、<03>普通！？」<01>,mechanical_scan_reviewed
photonflowers-ex-terms-v1.0,メッセージ,,ordinary_katakana_or_sound,1,contextual,sentence-level context,JP scan reviewed,fb77f496b2a4de8ef6512f9d459086209f5173314323888c082a9c36720c3437,"ordinary loanword, pronoun, slang, sound effect, or fragment; no fixed chapter terminology",pf:static:photonflowers11.rio.002:1602830768:00083367 |  | 普通はここに、<03>みんなのメッセージや落書きが入るんだよな。<01>,mechanical_scan_reviewed
photonflowers-ex-terms-v1.0,メモ,,ordinary_katakana_or_sound,1,contextual,sentence-level context,JP scan reviewed,fb77f496b2a4de8ef6512f9d459086209f5173314323888c082a9c36720c3437,"ordinary loanword, pronoun, slang, sound effect, or fragment; no fixed chapter terminology",pf:static:photonflowers11.rio.002:1162587616:00038896 |  | …<03>…<03>メモ帳？<01>,mechanical_scan_reviewed
photonflowers-ex-terms-v1.0,メンツ,,ordinary_katakana_or_sound,1,contextual,sentence-level context,JP scan reviewed,fb77f496b2a4de8ef6512f9d459086209f5173314323888c082a9c36720c3437,"ordinary loanword, pronoun, slang, sound effect, or fragment; no fixed chapter terminology",pf:static:photonflowers11.rio.002:1533930220:00021235 | 武 | 【武】「え～と…<03>…<03>まあ、<03>なんだ。<0A>このメンツに話すことと言えば、<03>言わずもがな純夏のことなんだが…<03>…<03>」<01>,mechanical_scan_reviewed
photonflowers-ex-terms-v1.0,メンバー,,ordinary_katakana_or_sound,1,contextual,sentence-level context,JP scan reviewed,fb77f496b2a4de8ef6512f9d459086209f5173314323888c082a9c36720c3437,"ordinary loanword, pronoun, slang, sound effect, or fragment; no fixed chapter terminology",pf:static:photonflowers11.rio:487590408:00087655 |  | 私たち３年が引退すれば、<03>ラクロスやるのに、<03>メンバーが足りなくなる。<01>,mechanical_scan_reviewed
photonflowers-ex-terms-v1.0,モッタイナイ,,ordinary_katakana_or_sound,1,contextual,sentence-level context,JP scan reviewed,fb77f496b2a4de8ef6512f9d459086209f5173314323888c082a9c36720c3437,"ordinary loanword, pronoun, slang, sound effect, or fragment; no fixed chapter terminology",pf:static:photonflowers11.rio:487716956:00101741 |  | 一代で終わらせたらモッタイナイ。<01>,mechanical_scan_reviewed
photonflowers-ex-terms-v1.0,モットー,,ordinary_or_context_collision,1,contextual,translate in sentence; not frozen as a chapter term,origin/main glossary checked + JP context,e9ee9faffb2ef37bee94ee3d5c9a185623af6e2a2997a85a474f8a4629c4410c,exact string match is not a context-applicable terminology match,pf:static:photonflowers11.rio:487890932:00200043 | 支店長 | 【支店長】「それでは……そんな頭の不自由なあなた方に、この先のシナリオを教えて差し上げましょう。何、これも当銀行のモットーである顧客サービスです――ハイ」<01>,mechanical_scan_reviewed
photonflowers-ex-terms-v1.0,モテ,,ordinary_katakana_or_sound,1,contextual,sentence-level context,JP scan reviewed,fb77f496b2a4de8ef6512f9d459086209f5173314323888c082a9c36720c3437,"ordinary loanword, pronoun, slang, sound effect, or fragment; no fixed chapter terminology",pf:static:photonflowers11.rio.002:630827184:00056078 |  | 柏木は結構可愛い…<03>…<03>っていうか、<03>カッコイイしな。<0A>後輩の女の子達にもモテてるようだし、<03>男だって普通に惚れるだろ。<01>,mechanical_scan_reviewed
photonflowers-ex-terms-v1.0,モニタ,,ordinary_katakana_or_sound,1,contextual,sentence-level context,JP scan reviewed,fb77f496b2a4de8ef6512f9d459086209f5173314323888c082a9c36720c3437,"ordinary loanword, pronoun, slang, sound effect, or fragment; no fixed chapter terminology",pf:static:photonflowers11.rio.002:630827184:00059824 |  | モニタの中じゃ、<03>なかなかいい試合してる。<0A>バトルロイヤルにありがちな、<03>膠着状態もなく、<03>ちゃんと機体が動き回ってるぞ。<01>,mechanical_scan_reviewed
photonflowers-ex-terms-v1.0,モード,,ordinary_katakana_or_sound,1,contextual,sentence-level context,JP scan reviewed,fb77f496b2a4de8ef6512f9d459086209f5173314323888c082a9c36720c3437,"ordinary loanword, pronoun, slang, sound effect, or fragment; no fixed chapter terminology",pf:static:photonflowers11.rio.002:30631052:00067666 |  | 朝から深刻モードってのも、<03>鬱なモンだな…<03>…<03>。<01>,mechanical_scan_reviewed
photonflowers-ex-terms-v1.0,ヤサ,,ordinary_katakana_or_sound,1,contextual,sentence-level context,JP scan reviewed,fb77f496b2a4de8ef6512f9d459086209f5173314323888c082a9c36720c3437,"ordinary loanword, pronoun, slang, sound effect, or fragment; no fixed chapter terminology",pf:static:photonflowers11.rio.002:30631052:00083638 | 夕呼 | 【夕呼】「あ、<03>やっぱりアレ白銀だったの？　ヤサぐれた背中してるから、<03>誰かと思ったわ」<01>,mechanical_scan_reviewed
photonflowers-ex-terms-v1.0,ヤッ,,ordinary_katakana_or_sound,1,contextual,sentence-level context,JP scan reviewed,fb77f496b2a4de8ef6512f9d459086209f5173314323888c082a9c36720c3437,"ordinary loanword, pronoun, slang, sound effect, or fragment; no fixed chapter terminology",pf:static:photonflowers11.rio.002:630827184:00073314 |  | さすがにヤッたとかヤらないなんて話はしてないが…<03>…<03>時間や場所が違ってたら言ってたかも。<01>,mechanical_scan_reviewed
photonflowers-ex-terms-v1.0,ヤベェヤベェ,,ordinary_katakana_or_sound,1,contextual,sentence-level context,JP scan reviewed,fb77f496b2a4de8ef6512f9d459086209f5173314323888c082a9c36720c3437,"ordinary loanword, pronoun, slang, sound effect, or fragment; no fixed chapter terminology",pf:static:photonflowers11.rio.002:1162587616:00073674 |  | ――！？　ヤベェヤベェ…<03>…<03>今はしんみりしてる時じゃない。<01>,mechanical_scan_reviewed
photonflowers-ex-terms-v1.0,ユーロ,,ordinary_katakana_or_sound,1,contextual,sentence-level context,JP scan reviewed,fb77f496b2a4de8ef6512f9d459086209f5173314323888c082a9c36720c3437,"ordinary loanword, pronoun, slang, sound effect, or fragment; no fixed chapter terminology",pf:static:photonflowers11.rio:487890932:00216929 | 月詠 | 【月詠】「は。ご家族の保護と弁護士の手配、融資の切り替え……その他すべて、御剣ユーロが責任をもって実行いたしますよう、既に手配済みでございます」<01>,mechanical_scan_reviewed
photonflowers-ex-terms-v1.0,ラジャ,,ordinary_katakana_or_sound,1,contextual,sentence-level context,JP scan reviewed,fb77f496b2a4de8ef6512f9d459086209f5173314323888c082a9c36720c3437,"ordinary loanword, pronoun, slang, sound effect, or fragment; no fixed chapter terminology",pf:static:photonflowers11.rio.002:186673440:00097557 | 神代・巴 | 【神代・巴】「ラジャ――ッ！！」<01>,mechanical_scan_reviewed
photonflowers-ex-terms-v1.0,ラッピング,,ordinary_katakana_or_sound,1,contextual,sentence-level context,JP scan reviewed,fb77f496b2a4de8ef6512f9d459086209f5173314323888c082a9c36720c3437,"ordinary loanword, pronoun, slang, sound effect, or fragment; no fixed chapter terminology",pf:static:photonflowers11.rio.002:1097218736:00019212 |  | 丁寧にラッピングされた箱…<03>…<03>なんだこれ？<01>,mechanical_scan_reviewed
photonflowers-ex-terms-v1.0,ラブラブ,,ordinary_katakana_or_sound,1,contextual,sentence-level context,JP scan reviewed,fb77f496b2a4de8ef6512f9d459086209f5173314323888c082a9c36720c3437,"ordinary loanword, pronoun, slang, sound effect, or fragment; no fixed chapter terminology",pf:static:photonflowers11.rio:487194916:00053060 | 純夏 | 【純夏】「だからー、<03>わたしたちラブラブだよー！　…<03>…<03>って言っちゃってぇ～、<03>いっつもくっついていればさぁ～～～…<03>…<03>きゃっ！」<01>,mechanical_scan_reviewed
photonflowers-ex-terms-v1.0,ラーメン,,ordinary_katakana_or_sound,1,contextual,sentence-level context,JP scan reviewed,fb77f496b2a4de8ef6512f9d459086209f5173314323888c082a9c36720c3437,"ordinary loanword, pronoun, slang, sound effect, or fragment; no fixed chapter terminology",pf:static:photonflowers11.rio.002:1238534540:00074498 |  | 味噌汁の味噌、<03>だし汁のだし、<03>ラーメンのスープ、<03>メシのかたさ…<03>…<03>オレの好みを純夏に合わせるつもりはないからな。<01>,mechanical_scan_reviewed
photonflowers-ex-terms-v1.0,リハーサル,,ordinary_katakana_or_sound,1,contextual,sentence-level context,JP scan reviewed,fb77f496b2a4de8ef6512f9d459086209f5173314323888c082a9c36720c3437,"ordinary loanword, pronoun, slang, sound effect, or fragment; no fixed chapter terminology",pf:static:photonflowers11.rio.002:1602830768:00102919 |  | 中学の卒業式と違って、<03>かっちりしたリハーサルもなかったし、<03>当日、<03>ひとりひとり演壇に上がって卒業証書を受け取るわけでもない。<01>,mechanical_scan_reviewed
photonflowers-ex-terms-v1.0,ループ,,ordinary_katakana_or_sound,1,contextual,sentence-level context,JP scan reviewed,fb77f496b2a4de8ef6512f9d459086209f5173314323888c082a9c36720c3437,"ordinary loanword, pronoun, slang, sound effect, or fragment; no fixed chapter terminology",pf:static:photonflowers11.rio.002:1366349532:00068464 |  | さっきの宇宙テロリストですら、<03>たまは半永久ループに突入したというのに…<03>…<03>それにさらに猫じゃらしがついてくるとは！！<01>,mechanical_scan_reviewed
photonflowers-ex-terms-v1.0,レクチャー,,ordinary_katakana_or_sound,1,contextual,sentence-level context,JP scan reviewed,fb77f496b2a4de8ef6512f9d459086209f5173314323888c082a9c36720c3437,"ordinary loanword, pronoun, slang, sound effect, or fragment; no fixed chapter terminology",pf:static:photonflowers11.rio.002:1322667676:00090392 | 夕呼 | 【夕呼】「まあいいわ。<0A>白銀、<03>これでレクチャーはおしまい。<0A>あんたの予想に反して榊は自分の言ったことを実践したわ」<01>,mechanical_scan_reviewed
photonflowers-ex-terms-v1.0,レッツゴー,,ordinary_katakana_or_sound,1,contextual,sentence-level context,JP scan reviewed,fb77f496b2a4de8ef6512f9d459086209f5173314323888c082a9c36720c3437,"ordinary loanword, pronoun, slang, sound effect, or fragment; no fixed chapter terminology",pf:static:photonflowers11.rio.002:1162587616:00044820 | 純夏 | 【純夏】「うんっ！　レッツゴー！」<01>,mechanical_scan_reviewed
photonflowers-ex-terms-v1.0,レバッ,,ordinary_katakana_or_sound,1,contextual,sentence-level context,JP scan reviewed,fb77f496b2a4de8ef6512f9d459086209f5173314323888c082a9c36720c3437,"ordinary loanword, pronoun, slang, sound effect, or fragment; no fixed chapter terminology",pf:static:photonflowers11.rio:487283344:00103734 | 純夏 | 【純夏】「むきぃ～～～、<03>レバッ！！」<01>,mechanical_scan_reviewed
photonflowers-ex-terms-v1.0,レベルの高いおばちゃん,,regex_address_false_positive,1,contextual,sentence-level context,JP scan reviewed,fb77f496b2a4de8ef6512f9d459086209f5173314323888c082a9c36720c3437,"over-inclusive suffix regex captured a phrase, ordinary honorific, or non-address expression",pf:static:photonflowers11.rio.002:1162587616:00040184 | 純夏 | 【純夏】「この時間、<03>レベルの高いおばちゃん達が商店街のいたるところにひしめいているんだよ！」<01>,mechanical_scan_reviewed
photonflowers-ex-terms-v1.0,ロク,,ordinary_katakana_or_sound,1,contextual,sentence-level context,JP scan reviewed,fb77f496b2a4de8ef6512f9d459086209f5173314323888c082a9c36720c3437,"ordinary loanword, pronoun, slang, sound effect, or fragment; no fixed chapter terminology",pf:static:photonflowers11.rio.002:1322667676:00074944 |  | こりゃ、<03>相当ロクでもない計画が動いているに違いない。<01>,mechanical_scan_reviewed
photonflowers-ex-terms-v1.0,ロットナンバー,,ordinary_katakana_or_sound,1,contextual,sentence-level context,JP scan reviewed,fb77f496b2a4de8ef6512f9d459086209f5173314323888c082a9c36720c3437,"ordinary loanword, pronoun, slang, sound effect, or fragment; no fixed chapter terminology",pf:static:photonflowers11.rio.002:1602830768:00135889 |  | ご丁寧に名前とロットナンバーまで細かい文字でキッチリ彫り込まれてらあ…<03>…<03>。<0A>手間かけやがって…<03>…<03>。<01>,mechanical_scan_reviewed
photonflowers-ex-terms-v1.0,ロープ,,ordinary_katakana_or_sound,1,contextual,sentence-level context,JP scan reviewed,fb77f496b2a4de8ef6512f9d459086209f5173314323888c082a9c36720c3437,"ordinary loanword, pronoun, slang, sound effect, or fragment; no fixed chapter terminology",pf:static:photonflowers11.rio:487194916:00061624 | 純夏 | 【純夏】「うん…<03>…<03>そのロープでわたしをギューッと締め付けて…<03>…<03>」<01>,mechanical_scan_reviewed
photonflowers-ex-terms-v1.0,ワナ,,ordinary_katakana_or_sound,1,contextual,sentence-level context,JP scan reviewed,fb77f496b2a4de8ef6512f9d459086209f5173314323888c082a9c36720c3437,"ordinary loanword, pronoun, slang, sound effect, or fragment; no fixed chapter terminology",pf:static:photonflowers11.rio.002:30631052:00115128 |  | こんなワナまで仕掛けてあるとは、<03>油断できねぇ…<03>…<03>。<01>,mechanical_scan_reviewed
photonflowers-ex-terms-v1.0,ワリー,,ordinary_katakana_or_sound,1,contextual,sentence-level context,JP scan reviewed,fb77f496b2a4de8ef6512f9d459086209f5173314323888c082a9c36720c3437,"ordinary loanword, pronoun, slang, sound effect, or fragment; no fixed chapter terminology",pf:static:photonflowers11.rio.002:30631052:00081738 |  | なんなんだよ、<03>朝っぱらから気分ワリーな。<0A>人がせっかく誘ってやってんのに。<01>,mechanical_scan_reviewed
photonflowers-ex-terms-v1.0,ワンシーン,,ordinary_katakana_or_sound,1,contextual,sentence-level context,JP scan reviewed,fb77f496b2a4de8ef6512f9d459086209f5173314323888c082a9c36720c3437,"ordinary loanword, pronoun, slang, sound effect, or fragment; no fixed chapter terminology",pf:static:photonflowers11.rio.002:1322667676:00048474 |  | 所詮はオレとの大げんかのワンシーンってことで、<03>スルーしたのかも。<01>,mechanical_scan_reviewed
photonflowers-ex-terms-v1.0,ワンホール,,ordinary_katakana_or_sound,1,contextual,sentence-level context,JP scan reviewed,fb77f496b2a4de8ef6512f9d459086209f5173314323888c082a9c36720c3437,"ordinary loanword, pronoun, slang, sound effect, or fragment; no fixed chapter terminology",pf:static:photonflowers11.rio.002:1097218736:00025824 |  | しかもワンホール丸ごとじゃん！<01>,mechanical_scan_reviewed
photonflowers-ex-terms-v1.0,一緒にどっか行くのはタケルちゃん,,regex_address_false_positive,1,contextual,sentence-level context,JP scan reviewed,fb77f496b2a4de8ef6512f9d459086209f5173314323888c082a9c36720c3437,"over-inclusive suffix regex captured a phrase, ordinary honorific, or non-address expression",pf:static:photonflowers11.rio:487283344:00124078 |  | やっぱり…<03>…<03>…<03>…<03>一緒にどっか行くのはタケルちゃんだ。<01>,mechanical_scan_reviewed
photonflowers-ex-terms-v1.0,上司属と同様,,regex_address_false_positive,1,contextual,sentence-level context,JP scan reviewed,fb77f496b2a4de8ef6512f9d459086209f5173314323888c082a9c36720c3437,"over-inclusive suffix regex captured a phrase, ordinary honorific, or non-address expression",pf:static:photonflowers11.rio:487890932:00108717 |  | 上司属と同様、標的とする殿方がその場に居合わせないようにするよう、日常的な注意が必要です。<01>,mechanical_scan_reviewed
photonflowers-ex-terms-v1.0,上手くいかなかったのはお互い様,,regex_address_false_positive,1,contextual,sentence-level context,JP scan reviewed,fb77f496b2a4de8ef6512f9d459086209f5173314323888c082a9c36720c3437,"over-inclusive suffix regex captured a phrase, ordinary honorific, or non-address expression",pf:static:photonflowers11.rio.002:1391025672:00083171 | 慧 | 【慧】「…<03>…<03>…<03>…<03>上手くいかなかったのはお互い様」<01>,mechanical_scan_reviewed
photonflowers-ex-terms-v1.0,不安定な状態である殿,,regex_address_false_positive,1,contextual,sentence-level context,JP scan reviewed,fb77f496b2a4de8ef6512f9d459086209f5173314323888c082a9c36720c3437,"over-inclusive suffix regex captured a phrase, ordinary honorific, or non-address expression",pf:static:photonflowers11.rio:487890932:00118849 |  | そこで間髪入れず、羞恥と抗議を含んだ潤んだ目と、純粋な恥じらいを現わす赤面（この場合顔全体ではなく、目以下口以上の頬に範囲を限定）をすることで、不安定な状態である殿方の精神に効果的なインプリントを行うことが可能となります。<02><0A><0A>,mechanical_scan_reviewed
photonflowers-ex-terms-v1.0,事例２２―着替え中　あなたは意中の殿方に、着替えを覗かれていることに気付きました,,quoted_sentence_or_local_expression,1,contextual,preserve quoted function in its sentence,JP scan reviewed,fb77f496b2a4de8ef6512f9d459086209f5173314323888c082a9c36720c3437,"most captures are full quotations, headings, or ordinary emphasized words rather than reusable terms",pf:static:photonflowers11.rio:487890932:00114779 |  | 『事例２２―着替え中　あなたは意中の殿方に、着替えを覗かれていることに気付きました』<01>,mechanical_scan_reviewed
photonflowers-ex-terms-v1.0,五感のみに頼っては御師匠様,,regex_address_false_positive,1,contextual,sentence-level context,JP scan reviewed,fb77f496b2a4de8ef6512f9d459086209f5173314323888c082a9c36720c3437,"over-inclusive suffix regex captured a phrase, ordinary honorific, or non-address expression",pf:static:photonflowers11.rio:488133660:00073563 |  | 五感のみに頼っては御師匠様を見つけられまい。<01>,mechanical_scan_reviewed
photonflowers-ex-terms-v1.0,今じゃ嫁さん,,regex_address_false_positive,1,contextual,sentence-level context,JP scan reviewed,fb77f496b2a4de8ef6512f9d459086209f5173314323888c082a9c36720c3437,"over-inclusive suffix regex captured a phrase, ordinary honorific, or non-address expression",pf:static:photonflowers11.rio:487890932:00185569 | 銀行強盗１ | 【銀行強盗１】「今じゃ嫁さんや娘とも離ればなれさ……」<01>,mechanical_scan_reviewed
photonflowers-ex-terms-v1.0,今のタケルちゃん,,regex_address_false_positive,1,contextual,sentence-level context,JP scan reviewed,fb77f496b2a4de8ef6512f9d459086209f5173314323888c082a9c36720c3437,"over-inclusive suffix regex captured a phrase, ordinary honorific, or non-address expression",pf:static:photonflowers11.rio.002:1391025672:00143825 | 純夏 | 【純夏】「今のタケルちゃんの部屋って、<03>おじさんの部屋じゃなかった？」<01>,mechanical_scan_reviewed
photonflowers-ex-terms-v1.0,今の夕呼先生,,regex_address_false_positive,1,contextual,sentence-level context,JP scan reviewed,fb77f496b2a4de8ef6512f9d459086209f5173314323888c082a9c36720c3437,"over-inclusive suffix regex captured a phrase, ordinary honorific, or non-address expression",pf:static:photonflowers11.rio.002:1391025672:00114913 |  | ああ…<03>…<03>今の夕呼先生の話を聞くと、<03>１番の親友だと思っていたおまえの言葉が１番信用ならねぇんだよなあ…<03>…<03>複雑だ。<01>,mechanical_scan_reviewed
photonflowers-ex-terms-v1.0,今の純夏ちゃん,,regex_address_false_positive,1,contextual,sentence-level context,JP scan reviewed,fb77f496b2a4de8ef6512f9d459086209f5173314323888c082a9c36720c3437,"over-inclusive suffix regex captured a phrase, ordinary honorific, or non-address expression",pf:static:photonflowers11.rio.002:1366349532:00056762 | 壬姫 | 【壬姫】「たけるさん、<03>本気？　今の純夏ちゃんにはこういう冗談通じないと思うけど…<03>…<03>」<01>,mechanical_scan_reviewed
photonflowers-ex-terms-v1.0,今までいっぱいタケルちゃん,,regex_address_false_positive,1,contextual,sentence-level context,JP scan reviewed,fb77f496b2a4de8ef6512f9d459086209f5173314323888c082a9c36720c3437,"over-inclusive suffix regex captured a phrase, ordinary honorific, or non-address expression",pf:static:photonflowers11.rio.002:1322667676:00097888 | 純夏 | 【純夏】「わたし…<03>…<03>今までいっぱいタケルちゃんに合わせてきた」<01>,mechanical_scan_reviewed
photonflowers-ex-terms-v1.0,今度はお人形さん,,regex_address_false_positive,1,contextual,sentence-level context,JP scan reviewed,fb77f496b2a4de8ef6512f9d459086209f5173314323888c082a9c36720c3437,"over-inclusive suffix regex captured a phrase, ordinary honorific, or non-address expression",pf:static:photonflowers11.rio.002:1366349532:00044028 | 壬姫 | 【壬姫】「今度はお人形さん売り場だよー」<01>,mechanical_scan_reviewed
photonflowers-ex-terms-v1.0,今日は純夏ちゃん,,regex_address_false_positive,1,contextual,sentence-level context,JP scan reviewed,fb77f496b2a4de8ef6512f9d459086209f5173314323888c082a9c36720c3437,"over-inclusive suffix regex captured a phrase, ordinary honorific, or non-address expression",pf:static:photonflowers11.rio.002:1366349532:00065098 | 壬姫 | 【壬姫】「え？　ええ～～～～！？　い、<03>いいですよー…<03>…<03>今日は純夏ちゃんのプレゼントを買いにきたんだから…<03>…<03>」<01>,mechanical_scan_reviewed
photonflowers-ex-terms-v1.0,以前冥夜様,,regex_address_false_positive,1,contextual,sentence-level context,JP scan reviewed,fb77f496b2a4de8ef6512f9d459086209f5173314323888c082a9c36720c3437,"over-inclusive suffix regex captured a phrase, ordinary honorific, or non-address expression",pf:static:photonflowers11.rio.002:1602830768:00136777 | 月詠 | 【月詠】「以前冥夜様が申しておりました…<03>…<03>物の価値というものは金額ではなく、<03>それを最後に手にした者が決めるのだと…<03>…<03>」<01>,mechanical_scan_reviewed
photonflowers-ex-terms-v1.0,体力に於いては御師匠様,,regex_address_false_positive,1,contextual,sentence-level context,JP scan reviewed,fb77f496b2a4de8ef6512f9d459086209f5173314323888c082a9c36720c3437,"over-inclusive suffix regex captured a phrase, ordinary honorific, or non-address expression",pf:static:photonflowers11.rio.002:186673440:00120745 |  | やはり踏み込みの重さ、体力に於いては御師匠様が数段上……。<01>,mechanical_scan_reviewed
photonflowers-ex-terms-v1.0,何だか最近クラスの様,,regex_address_false_positive,1,contextual,sentence-level context,JP scan reviewed,fb77f496b2a4de8ef6512f9d459086209f5173314323888c082a9c36720c3437,"over-inclusive suffix regex captured a phrase, ordinary honorific, or non-address expression",pf:static:photonflowers11.rio.002:1495411112:00020813 | まりも | 【まりも】「図星かあ…<03>…<03>…<03>…<03>何だか最近クラスの様子がおかしいのは、<03>それが原因なんでしょ？」<01>,mechanical_scan_reviewed
photonflowers-ex-terms-v1.0,何でも鑑さん,,regex_address_false_positive,1,contextual,sentence-level context,JP scan reviewed,fb77f496b2a4de8ef6512f9d459086209f5173314323888c082a9c36720c3437,"over-inclusive suffix regex captured a phrase, ordinary honorific, or non-address expression",pf:static:photonflowers11.rio:487417908:00114091 | 千鶴 | 【千鶴】「いきなり入ってくる白銀君がいけないんでしょ？　何でも鑑さんのせいにして！」<01>,mechanical_scan_reviewed
photonflowers-ex-terms-v1.0,何でタケルちゃんと彩峰さん,,regex_address_false_positive,1,contextual,sentence-level context,JP scan reviewed,fb77f496b2a4de8ef6512f9d459086209f5173314323888c082a9c36720c3437,"over-inclusive suffix regex captured a phrase, ordinary honorific, or non-address expression",pf:static:photonflowers11.rio.002:1391025672:00075447 | 純夏 | 【純夏】「話があるって言うから来てみれば～～～！！　何でタケルちゃんと彩峰さんが抱き合ってるのよっっ！！」<01>,mechanical_scan_reviewed
photonflowers-ex-terms-v1.0,何やってんの白銀君,,regex_address_false_positive,1,contextual,sentence-level context,JP scan reviewed,fb77f496b2a4de8ef6512f9d459086209f5173314323888c082a9c36720c3437,"over-inclusive suffix regex captured a phrase, ordinary honorific, or non-address expression",pf:static:photonflowers11.rio.002:630827184:00054802 | 柏木 | 【柏木】「何やってんの白銀君」<01>,mechanical_scan_reviewed
photonflowers-ex-terms-v1.0,信じて欲しい,,quoted_sentence_or_local_expression,1,contextual,preserve quoted function in its sentence,JP scan reviewed,fb77f496b2a4de8ef6512f9d459086209f5173314323888c082a9c36720c3437,"most captures are full quotations, headings, or ordinary emphasized words rather than reusable terms",pf:static:photonflowers11.rio.002:1592562700:00012077 | 千鶴 | 【千鶴】「…<03>…<03>はあ…<03>…<03>…<03>…<03>困った人ね、<03>白銀君も。<0A>何が『信じて欲しい』よ」<01>,mechanical_scan_reviewed
photonflowers-ex-terms-v1.0,側近,,ordinary_or_context_collision,1,contextual,translate in sentence; not frozen as a chapter term,origin/main glossary checked + JP context,e9ee9faffb2ef37bee94ee3d5c9a185623af6e2a2997a85a474f8a4629c4410c,exact string match is not a context-applicable terminology match,pf:static:photonflowers11.rio:488133660:00059383 |  | 側近の者に医師団を騙らせ、電話口でもっともらしく病状を説明させるなど、手を変え品を変え……。<01>,mechanical_scan_reviewed
photonflowers-ex-terms-v1.0,元は白銀君,,regex_address_false_positive,1,contextual,sentence-level context,JP scan reviewed,fb77f496b2a4de8ef6512f9d459086209f5173314323888c082a9c36720c3437,"over-inclusive suffix regex captured a phrase, ordinary honorific, or non-address expression",pf:static:photonflowers11.rio:487417908:00116177 | 千鶴 | 【千鶴】「元は白銀君でしょっ！！」<01>,mechanical_scan_reviewed
photonflowers-ex-terms-v1.0,元締めさん,,regex_address_false_positive,1,contextual,sentence-level context,JP scan reviewed,fb77f496b2a4de8ef6512f9d459086209f5173314323888c082a9c36720c3437,"over-inclusive suffix regex captured a phrase, ordinary honorific, or non-address expression",pf:static:photonflowers11.rio.002:1391025672:00131193 | 武 | 【武】「心配はしないでください！　オレ、<03>ちゃんとやっていきますからっ！　絶対に！！　…<03>…<03>そう、<03>元締めさんに伝えてください」<01>,mechanical_scan_reviewed
photonflowers-ex-terms-v1.0,光風霽月、輪をもって為す,,quoted_sentence_or_local_expression,1,contextual,preserve quoted function in its sentence,JP scan reviewed,fb77f496b2a4de8ef6512f9d459086209f5173314323888c082a9c36720c3437,"most captures are full quotations, headings, or ordinary emphasized words rather than reusable terms",pf:static:photonflowers11.rio.002:186673440:00112237 | 冥夜 | 【冥夜】「うん。『光風霽月、輪をもって為す』という想いを込めた名だ」<01>,mechanical_scan_reviewed
photonflowers-ex-terms-v1.0,全てを諦めた己が心の有様,,regex_address_false_positive,1,contextual,sentence-level context,JP scan reviewed,fb77f496b2a4de8ef6512f9d459086209f5173314323888c082a9c36720c3437,"over-inclusive suffix regex captured a phrase, ordinary honorific, or non-address expression",pf:static:photonflowers11.rio:487890932:00173037 | 冥夜 | 【冥夜】「全てを諦めた己が心の有様を指す言葉なのだ」<01>,mechanical_scan_reviewed
photonflowers-ex-terms-v1.0,別に白銀君,,regex_address_false_positive,1,contextual,sentence-level context,JP scan reviewed,fb77f496b2a4de8ef6512f9d459086209f5173314323888c082a9c36720c3437,"over-inclusive suffix regex captured a phrase, ordinary honorific, or non-address expression",pf:static:photonflowers11.rio.002:1291020652:00027693 | 千鶴 | 【千鶴】「分かってるわよ、<03>別に白銀君が悪いなんて思ってないの」<01>,mechanical_scan_reviewed
photonflowers-ex-terms-v1.0,別に純夏を避けてる様,,regex_address_false_positive,1,contextual,sentence-level context,JP scan reviewed,fb77f496b2a4de8ef6512f9d459086209f5173314323888c082a9c36720c3437,"over-inclusive suffix regex captured a phrase, ordinary honorific, or non-address expression",pf:static:photonflowers11.rio.002:1322667676:00048236 |  | そういや、<03>クラスの奴ら、<03>別に純夏を避けてる様子はなかったな。<01>,mechanical_scan_reviewed
photonflowers-ex-terms-v1.0,到着後直ちに御館様,,regex_address_false_positive,1,contextual,sentence-level context,JP scan reviewed,fb77f496b2a4de8ef6512f9d459086209f5173314323888c082a9c36720c3437,"over-inclusive suffix regex captured a phrase, ordinary honorific, or non-address expression",pf:static:photonflowers11.rio:488133660:00051295 | 月詠 | 【月詠】「到着後直ちに御館様とのご面会となりますので、機内で十分休養をお取り下さい」<01>,mechanical_scan_reviewed
photonflowers-ex-terms-v1.0,医者,,ordinary_or_context_collision,1,contextual,translate in sentence; not frozen as a chapter term,origin/main glossary checked + JP context,e9ee9faffb2ef37bee94ee3d5c9a185623af6e2a2997a85a474f8a4629c4410c,exact string match is not a context-applicable terminology match,pf:static:photonflowers11.rio:487890932:00147279 | 冥夜 | 【冥夜】「そちらのご婦人、本当に顔色が悪いぞ。早々に医者に診せるべきであろう」<01>,mechanical_scan_reviewed
photonflowers-ex-terms-v1.0,十六夜,,quoted_sentence_or_local_expression,1,contextual,preserve quoted function in its sentence,JP scan reviewed,fb77f496b2a4de8ef6512f9d459086209f5173314323888c082a9c36720c3437,"most captures are full quotations, headings, or ordinary emphasized words rather than reusable terms",pf:static:photonflowers11.rio:487890932:00211967 | 月詠 | 【月詠】「無現鬼道流剣術が一、『十六夜』――全て峰打ち……お見事です」<01>,mechanical_scan_reviewed
photonflowers-ex-terms-v1.0,千鶴・壬姫・尊人・柏木,,functional_speaker_label,1,contextual,speaker/group/role label,authoritative speaker_jp scan,fb77f496b2a4de8ef6512f9d459086209f5173314323888c082a9c36720c3437,translate label according to row context; not a reusable proper term,,mechanical_scan_reviewed
photonflowers-ex-terms-v1.0,千鶴・壬姫・慧・尊人,,functional_speaker_label,1,contextual,speaker/group/role label,authoritative speaker_jp scan,fb77f496b2a4de8ef6512f9d459086209f5173314323888c082a9c36720c3437,translate label according to row context; not a reusable proper term,,mechanical_scan_reviewed
photonflowers-ex-terms-v1.0,千鶴・壬姫・慧・柏木・尊人,,functional_speaker_label,1,contextual,speaker/group/role label,authoritative speaker_jp scan,fb77f496b2a4de8ef6512f9d459086209f5173314323888c082a9c36720c3437,translate label according to row context; not a reusable proper term,,mechanical_scan_reviewed
photonflowers-ex-terms-v1.0,千鶴・慧,,functional_speaker_label,1,contextual,speaker/group/role label,authoritative speaker_jp scan,fb77f496b2a4de8ef6512f9d459086209f5173314323888c082a9c36720c3437,translate label according to row context; not a reusable proper term,,mechanical_scan_reviewed
photonflowers-ex-terms-v1.0,半年前に御祖父様,,regex_address_false_positive,1,contextual,sentence-level context,JP scan reviewed,fb77f496b2a4de8ef6512f9d459086209f5173314323888c082a9c36720c3437,"over-inclusive suffix regex captured a phrase, ordinary honorific, or non-address expression",pf:static:photonflowers11.rio:488133660:00060081 |  | 半年前に御祖父様が「倒れられた」時には、笑って国際電話をかけたものだ。<01>,mechanical_scan_reviewed
photonflowers-ex-terms-v1.0,在校生のみなさん,,regex_address_false_positive,1,contextual,sentence-level context,JP scan reviewed,fb77f496b2a4de8ef6512f9d459086209f5173314323888c082a9c36720c3437,"over-inclusive suffix regex captured a phrase, ordinary honorific, or non-address expression",pf:static:photonflowers11.rio.002:1602830768:00106745 |  | 学園長をはじめ、<03>来賓の方々、<03>そして、<03>在校生のみなさん、<03>皆さんから頂いたお祝いや激励のお言葉は、<03>ひと言ひと言がとても深く胸に染みています。<01>,mechanical_scan_reviewed
photonflowers-ex-terms-v1.0,壬姫ちゃんや鎧衣君,,regex_address_false_positive,1,contextual,sentence-level context,JP scan reviewed,fb77f496b2a4de8ef6512f9d459086209f5173314323888c082a9c36720c3437,"over-inclusive suffix regex captured a phrase, ordinary honorific, or non-address expression",pf:static:photonflowers11.rio.002:1366349532:00079072 | 純夏 | 【純夏】「自分で答え出せないからって…<03>…<03>壬姫ちゃんや鎧衣君使って…<03>…<03>やり方が姑息だよ！」<01>,mechanical_scan_reviewed
photonflowers-ex-terms-v1.0,委員長,,quoted_sentence_or_local_expression,1,contextual,preserve quoted function in its sentence,JP scan reviewed,fb77f496b2a4de8ef6512f9d459086209f5173314323888c082a9c36720c3437,"most captures are full quotations, headings, or ordinary emphasized words rather than reusable terms",pf:static:photonflowers11.rio:487890932:00104227 |  | 俗称『委員長型』といわれています。この系統の者の多くが『委員長』なる要職に就く場合が多いために、そう呼称されています（御剣風土記　第７２巻より）。<02><0A><0A>,mechanical_scan_reviewed
photonflowers-ex-terms-v1.0,委員長も夕呼先生,,regex_address_false_positive,1,contextual,sentence-level context,JP scan reviewed,fb77f496b2a4de8ef6512f9d459086209f5173314323888c082a9c36720c3437,"over-inclusive suffix regex captured a phrase, ordinary honorific, or non-address expression",pf:static:photonflowers11.rio.002:1322667676:00076536 |  | 委員長も夕呼先生も、<03>オレの考えてることがガキくさいと思ってるわけだからな、<03>そこで手を組む理由が出来たんだろう。<01>,mechanical_scan_reviewed
photonflowers-ex-terms-v1.0,委員長型,,quoted_sentence_or_local_expression,1,contextual,preserve quoted function in its sentence,JP scan reviewed,fb77f496b2a4de8ef6512f9d459086209f5173314323888c082a9c36720c3437,"most captures are full quotations, headings, or ordinary emphasized words rather than reusable terms",pf:static:photonflowers11.rio:487890932:00104227 |  | 俗称『委員長型』といわれています。この系統の者の多くが『委員長』なる要職に就く場合が多いために、そう呼称されています（御剣風土記　第７２巻より）。<02><0A><0A>,mechanical_scan_reviewed
photonflowers-ex-terms-v1.0,嫁さん,,regex_address_false_positive,1,contextual,sentence-level context,JP scan reviewed,fb77f496b2a4de8ef6512f9d459086209f5173314323888c082a9c36720c3437,"over-inclusive suffix regex captured a phrase, ordinary honorific, or non-address expression",pf:static:photonflowers11.rio:487890932:00189125 | 銀行強盗１ | 【銀行強盗１】「そうだ…………嫁さん達が連れて行かれた工場もそうなんだ……」<01>,mechanical_scan_reviewed
photonflowers-ex-terms-v1.0,学校の先生,,regex_address_false_positive,1,contextual,sentence-level context,JP scan reviewed,fb77f496b2a4de8ef6512f9d459086209f5173314323888c082a9c36720c3437,"over-inclusive suffix regex captured a phrase, ordinary honorific, or non-address expression",pf:static:photonflowers11.rio.002:630827184:00062264 |  | 学校の先生にはアレコレ言われるけどさ、<03>守ってる奴なんていないと思ってたよ。<01>,mechanical_scan_reviewed
photonflowers-ex-terms-v1.0,実は冥夜様,,regex_address_false_positive,1,contextual,sentence-level context,JP scan reviewed,fb77f496b2a4de8ef6512f9d459086209f5173314323888c082a9c36720c3437,"over-inclusive suffix regex captured a phrase, ordinary honorific, or non-address expression",pf:static:photonflowers11.rio.002:186673440:00159835 | 月詠 | 【月詠】「実は冥夜様……」<01>,mechanical_scan_reviewed
photonflowers-ex-terms-v1.0,己のすべてを御師匠様,,regex_address_false_positive,1,contextual,sentence-level context,JP scan reviewed,fb77f496b2a4de8ef6512f9d459086209f5173314323888c082a9c36720c3437,"over-inclusive suffix regex captured a phrase, ordinary honorific, or non-address expression",pf:static:photonflowers11.rio.002:186673440:00119443 |  | 己のすべてを御師匠様にぶつけるのみだ。<01>,mechanical_scan_reviewed
photonflowers-ex-terms-v1.0,帰り道にタケルちゃんが鎧衣君,,regex_address_false_positive,1,contextual,sentence-level context,JP scan reviewed,fb77f496b2a4de8ef6512f9d459086209f5173314323888c082a9c36720c3437,"over-inclusive suffix regex captured a phrase, ordinary honorific, or non-address expression",pf:static:photonflowers11.rio:487283344:00076714 |  | 帰り道にタケルちゃんが鎧衣君に話し始めたわたし達の昔話。<01>,mechanical_scan_reviewed
photonflowers-ex-terms-v1.0,常識,,quoted_sentence_or_local_expression,1,contextual,preserve quoted function in its sentence,JP scan reviewed,fb77f496b2a4de8ef6512f9d459086209f5173314323888c082a9c36720c3437,"most captures are full quotations, headings, or ordinary emphasized words rather than reusable terms",pf:static:photonflowers11.rio:487194916:00039966 | 武 | 【武】「出たよ『常識』！　それは誰の常識だ？　オレにはオレの常識があるんだよっ！」<01>,mechanical_scan_reviewed
photonflowers-ex-terms-v1.0,幼なじみ属と同様,,regex_address_false_positive,1,contextual,sentence-level context,JP scan reviewed,fb77f496b2a4de8ef6512f9d459086209f5173314323888c082a9c36720c3437,"over-inclusive suffix regex captured a phrase, ordinary honorific, or non-address expression",pf:static:photonflowers11.rio:487890932:00110203 |  | 大きな枠組みの中では親友属に含まれ、幼なじみ属と同様、標的とする殿方に非常に接近している存在です。<01>,mechanical_scan_reviewed
photonflowers-ex-terms-v1.0,店員さん,,regex_address_false_positive,1,contextual,sentence-level context,JP scan reviewed,fb77f496b2a4de8ef6512f9d459086209f5173314323888c082a9c36720c3437,"over-inclusive suffix regex captured a phrase, ordinary honorific, or non-address expression",pf:static:photonflowers11.rio:487283344:00098606 |  | 店員さんが変な目で見てるよぅ…<03>…<03>。<0A>む～、<03>いつか復讐してやるぞ。<01>,mechanical_scan_reviewed
photonflowers-ex-terms-v1.0,度でも夕呼先生,,regex_address_false_positive,1,contextual,sentence-level context,JP scan reviewed,fb77f496b2a4de8ef6512f9d459086209f5173314323888c082a9c36720c3437,"over-inclusive suffix regex captured a phrase, ordinary honorific, or non-address expression",pf:static:photonflowers11.rio.002:30631052:00126600 |  | ああ…<03>…<03>…<03>…<03>１度でも夕呼先生のおもちゃになると、<03>一生逃げられないんだなあ…<03>…<03>。<01>,mechanical_scan_reviewed
photonflowers-ex-terms-v1.0,弟想いのお姉さん,,regex_address_false_positive,1,contextual,sentence-level context,JP scan reviewed,fb77f496b2a4de8ef6512f9d459086209f5173314323888c082a9c36720c3437,"over-inclusive suffix regex captured a phrase, ordinary honorific, or non-address expression",pf:static:photonflowers11.rio.002:630827184:00063138 | 武 | 【武】「え？　じゃあなんで？　結構おまえ、<03>弟想いのお姉さんとか？」<01>,mechanical_scan_reviewed
photonflowers-ex-terms-v1.0,彩峰も純夏の近くに寄ってって様,,regex_address_false_positive,1,contextual,sentence-level context,JP scan reviewed,fb77f496b2a4de8ef6512f9d459086209f5173314323888c082a9c36720c3437,"over-inclusive suffix regex captured a phrase, ordinary honorific, or non-address expression",pf:static:photonflowers11.rio.002:1495411112:00025251 |  | 彩峰も純夏の近くに寄ってって様子見てるし、<03>尊人やたまや柏木も努めて話をしてるのがわかるんだ。<01>,mechanical_scan_reviewed
photonflowers-ex-terms-v1.0,彩峰慧さん,,regex_address_false_positive,1,contextual,sentence-level context,JP scan reviewed,fb77f496b2a4de8ef6512f9d459086209f5173314323888c082a9c36720c3437,"over-inclusive suffix regex captured a phrase, ordinary honorific, or non-address expression",pf:static:photonflowers11.rio.002:1602830768:00123077 | まりも | 【まりも】「…<03>…<03>彩峰慧さん」<01>,mechanical_scan_reviewed
photonflowers-ex-terms-v1.0,後継者はちゃん,,regex_address_false_positive,1,contextual,sentence-level context,JP scan reviewed,fb77f496b2a4de8ef6512f9d459086209f5173314323888c082a9c36720c3437,"over-inclusive suffix regex captured a phrase, ordinary honorific, or non-address expression",pf:static:photonflowers11.rio:487716956:00101635 |  | 後継者はちゃんと育ててる？<01>,mechanical_scan_reviewed
photonflowers-ex-terms-v1.0,御剣雷電様より皆様,,regex_address_false_positive,1,contextual,sentence-level context,JP scan reviewed,fb77f496b2a4de8ef6512f9d459086209f5173314323888c082a9c36720c3437,"over-inclusive suffix regex captured a phrase, ordinary honorific, or non-address expression",pf:static:photonflowers11.rio.002:1602830768:00133511 | 月詠 | 【月詠】「御剣財閥前当主、<03>御剣雷電様より皆様に、<03>ささやかながらお祝いの品を預かって参りました」<01>,mechanical_scan_reviewed
photonflowers-ex-terms-v1.0,御祖父様の生き様,,regex_address_false_positive,1,contextual,sentence-level context,JP scan reviewed,fb77f496b2a4de8ef6512f9d459086209f5173314323888c082a9c36720c3437,"over-inclusive suffix regex captured a phrase, ordinary honorific, or non-address expression",pf:static:photonflowers11.rio.002:186673440:00131001 |  | 御祖父様の生き様。<01>,mechanical_scan_reviewed
photonflowers-ex-terms-v1.0,性格は実に様,,regex_address_false_positive,1,contextual,sentence-level context,JP scan reviewed,fb77f496b2a4de8ef6512f9d459086209f5173314323888c082a9c36720c3437,"over-inclusive suffix regex captured a phrase, ordinary honorific, or non-address expression",pf:static:photonflowers11.rio:487890932:00101247 |  | その手の趣味の殿方には根強い人気を誇り、性格は実に様々であります。<01>,mechanical_scan_reviewed
photonflowers-ex-terms-v1.0,恋愛経験のないお子様,,regex_address_false_positive,1,contextual,sentence-level context,JP scan reviewed,fb77f496b2a4de8ef6512f9d459086209f5173314323888c082a9c36720c3437,"over-inclusive suffix regex captured a phrase, ordinary honorific, or non-address expression",pf:static:photonflowers11.rio.002:1322667676:00115386 | 夕呼 | 【夕呼】「ま、<03>恋愛経験のないお子様には難しいかしら？　っていうか、<03>鑑がちょっと考えすぎてるのかもね」<01>,mechanical_scan_reviewed
photonflowers-ex-terms-v1.0,慧・柏木,,functional_speaker_label,1,contextual,speaker/group/role label,authoritative speaker_jp scan,fb77f496b2a4de8ef6512f9d459086209f5173314323888c082a9c36720c3437,translate label according to row context; not a reusable proper term,,mechanical_scan_reviewed
photonflowers-ex-terms-v1.0,戎,,functional_speaker_label,1,contextual,speaker/group/role label,authoritative speaker_jp scan,fb77f496b2a4de8ef6512f9d459086209f5173314323888c082a9c36720c3437,translate label according to row context; not a reusable proper term,,mechanical_scan_reviewed
photonflowers-ex-terms-v1.0,所詮鑑さん,,regex_address_false_positive,1,contextual,sentence-level context,JP scan reviewed,fb77f496b2a4de8ef6512f9d459086209f5173314323888c082a9c36720c3437,"over-inclusive suffix regex captured a phrase, ordinary honorific, or non-address expression",pf:static:photonflowers11.rio.002:1322667676:00084746 | 千鶴 | 【千鶴】「白銀君もわからないんでしょ？　だから思考が前向きにならないんだわ。<0A>『所詮鑑さんのこだわりだった』でかたづけちゃってる」<01>,mechanical_scan_reviewed
photonflowers-ex-terms-v1.0,所詮鑑さんのこだわりだった,,quoted_sentence_or_local_expression,1,contextual,preserve quoted function in its sentence,JP scan reviewed,fb77f496b2a4de8ef6512f9d459086209f5173314323888c082a9c36720c3437,"most captures are full quotations, headings, or ordinary emphasized words rather than reusable terms",pf:static:photonflowers11.rio.002:1322667676:00084746 | 千鶴 | 【千鶴】「白銀君もわからないんでしょ？　だから思考が前向きにならないんだわ。<0A>『所詮鑑さんのこだわりだった』でかたづけちゃってる」<01>,mechanical_scan_reviewed
photonflowers-ex-terms-v1.0,早く純夏ちゃん,,regex_address_false_positive,1,contextual,sentence-level context,JP scan reviewed,fb77f496b2a4de8ef6512f9d459086209f5173314323888c082a9c36720c3437,"over-inclusive suffix regex captured a phrase, ordinary honorific, or non-address expression",pf:static:photonflowers11.rio.002:1366349532:00055484 | 壬姫 | 【壬姫】「ダ、<03>ダメだよそんなのッ！　早く純夏ちゃんへのプレゼント決めないとー！」<01>,mechanical_scan_reviewed
photonflowers-ex-terms-v1.0,普段の御祖父様,,regex_address_false_positive,1,contextual,sentence-level context,JP scan reviewed,fb77f496b2a4de8ef6512f9d459086209f5173314323888c082a9c36720c3437,"over-inclusive suffix regex captured a phrase, ordinary honorific, or non-address expression",pf:static:photonflowers11.rio:488133660:00058449 |  | まったく、普段の御祖父様の戯れが過ぎるのだ。<01>,mechanical_scan_reviewed
photonflowers-ex-terms-v1.0,普段の鑑さん,,regex_address_false_positive,1,contextual,sentence-level context,JP scan reviewed,fb77f496b2a4de8ef6512f9d459086209f5173314323888c082a9c36720c3437,"over-inclusive suffix regex captured a phrase, ordinary honorific, or non-address expression",pf:static:photonflowers11.rio.002:1322667676:00083488 | 千鶴 | 【千鶴】「それだけで、<03>あんなふうになるかしら？　普段の鑑さんからは考えられないわ」<01>,mechanical_scan_reviewed
photonflowers-ex-terms-v1.0,更に夕呼先生,,regex_address_false_positive,1,contextual,sentence-level context,JP scan reviewed,fb77f496b2a4de8ef6512f9d459086209f5173314323888c082a9c36720c3437,"over-inclusive suffix regex captured a phrase, ordinary honorific, or non-address expression",pf:static:photonflowers11.rio.002:1495411112:00012405 |  | 更に夕呼先生が豪華な食事を頼んで…<03>…<03>それは御剣財閥のおかげで更に豪華になったわけだが、<03>そうじゃなくてもあの旅館では最高クラスのものだったらしい。<01>,mechanical_scan_reviewed
photonflowers-ex-terms-v1.0,未だお師匠様,,regex_address_false_positive,1,contextual,sentence-level context,JP scan reviewed,fb77f496b2a4de8ef6512f9d459086209f5173314323888c082a9c36720c3437,"over-inclusive suffix regex captured a phrase, ordinary honorific, or non-address expression",pf:static:photonflowers11.rio:488133660:00097465 | 冥夜 | 【冥夜】「いえ、この冥夜、未だお師匠様には遠く及びません」<01>,mechanical_scan_reviewed
photonflowers-ex-terms-v1.0,柏木晴子さん,,regex_address_false_positive,1,contextual,sentence-level context,JP scan reviewed,fb77f496b2a4de8ef6512f9d459086209f5173314323888c082a9c36720c3437,"over-inclusive suffix regex captured a phrase, ordinary honorific, or non-address expression",pf:static:photonflowers11.rio.002:1602830768:00125493 | まりも | 【まりも】「柏木晴子さん」<01>,mechanical_scan_reviewed
photonflowers-ex-terms-v1.0,榊さんが彩峰さん,,regex_address_false_positive,1,contextual,sentence-level context,JP scan reviewed,fb77f496b2a4de8ef6512f9d459086209f5173314323888c082a9c36720c3437,"over-inclusive suffix regex captured a phrase, ordinary honorific, or non-address expression",pf:static:photonflowers11.rio.002:1322667676:00111852 | 純夏 | 【純夏】「榊さんが彩峰さんにやってることじゃない！」<01>,mechanical_scan_reviewed
photonflowers-ex-terms-v1.0,榊さんはタケルちゃん,,regex_address_false_positive,1,contextual,sentence-level context,JP scan reviewed,fb77f496b2a4de8ef6512f9d459086209f5173314323888c082a9c36720c3437,"over-inclusive suffix regex captured a phrase, ordinary honorific, or non-address expression",pf:static:photonflowers11.rio.002:1162587616:00063142 | 純夏 | 【純夏】「もう…<03>…<03>、<03>榊さんはタケルちゃんが煽りさえしなければ、<03>凄く優しいし、<03>いい人なんだってばあ」<01>,mechanical_scan_reviewed
photonflowers-ex-terms-v1.0,榊千鶴さん,,regex_address_false_positive,1,contextual,sentence-level context,JP scan reviewed,fb77f496b2a4de8ef6512f9d459086209f5173314323888c082a9c36720c3437,"over-inclusive suffix regex captured a phrase, ordinary honorific, or non-address expression",pf:static:photonflowers11.rio.002:1602830768:00125701 | まりも | 【まりも】「榊千鶴さん」<01>,mechanical_scan_reviewed
photonflowers-ex-terms-v1.0,標的の殿,,regex_address_false_positive,1,contextual,sentence-level context,JP scan reviewed,fb77f496b2a4de8ef6512f9d459086209f5173314323888c082a9c36720c3437,"over-inclusive suffix regex captured a phrase, ordinary honorific, or non-address expression",pf:static:photonflowers11.rio:487890932:00111651 |  | 標的の殿方は一線を越えるにあたり、相当の覚悟を必要としますが、ひと度彼らの虜となれば、幼女属以上に出口の無い迷路に迷い込むことになります。<02><0A><0A>,mechanical_scan_reviewed
photonflowers-ex-terms-v1.0,次からはちゃん,,regex_address_false_positive,1,contextual,sentence-level context,JP scan reviewed,fb77f496b2a4de8ef6512f9d459086209f5173314323888c082a9c36720c3437,"over-inclusive suffix regex captured a phrase, ordinary honorific, or non-address expression",pf:static:photonflowers11.rio.002:1322667676:00102564 | 武 | 【武】「次からはちゃんとするよ。<0A>だから…<03>…<03>」<01>,mechanical_scan_reviewed
photonflowers-ex-terms-v1.0,毎年壬姫ちゃん,,regex_address_false_positive,1,contextual,sentence-level context,JP scan reviewed,fb77f496b2a4de8ef6512f9d459086209f5173314323888c082a9c36720c3437,"over-inclusive suffix regex captured a phrase, ordinary honorific, or non-address expression",pf:static:photonflowers11.rio.002:1162587616:00036460 | 純夏 | 【純夏】「だって、<03>毎年壬姫ちゃんとか…<03>…<03>クラスの女の子達もくれてたじゃない」<01>,mechanical_scan_reviewed
photonflowers-ex-terms-v1.0,決して御師匠様,,regex_address_false_positive,1,contextual,sentence-level context,JP scan reviewed,fb77f496b2a4de8ef6512f9d459086209f5173314323888c082a9c36720c3437,"over-inclusive suffix regex captured a phrase, ordinary honorific, or non-address expression",pf:static:photonflowers11.rio.002:186673440:00141427 |  | この冥夜……何時、何処に在っても、決して御師匠様のご恩……忘れません。<01>,mechanical_scan_reviewed
photonflowers-ex-terms-v1.0,流石,,quoted_sentence_or_local_expression,1,contextual,preserve quoted function in its sentence,JP scan reviewed,fb77f496b2a4de8ef6512f9d459086209f5173314323888c082a9c36720c3437,"most captures are full quotations, headings, or ordinary emphasized words rather than reusable terms",pf:static:photonflowers11.rio.002:186673440:00105635 | 冥夜 | 【冥夜】「世辞はよい。そなたを倒せねば『流石』も『見事』も虚ろであろう」<01>,mechanical_scan_reviewed
photonflowers-ex-terms-v1.0,流石です冥夜様,,regex_address_false_positive,1,contextual,sentence-level context,JP scan reviewed,fb77f496b2a4de8ef6512f9d459086209f5173314323888c082a9c36720c3437,"over-inclusive suffix regex captured a phrase, ordinary honorific, or non-address expression",pf:static:photonflowers11.rio.002:186673440:00105423 | 月詠 | 【月詠】「……流石です冥夜様。お見事な太刀筋」<01>,mechanical_scan_reviewed
photonflowers-ex-terms-v1.0,湯殿,,regex_address_false_positive,1,contextual,sentence-level context,JP scan reviewed,fb77f496b2a4de8ef6512f9d459086209f5173314323888c082a9c36720c3437,"over-inclusive suffix regex captured a phrase, ordinary honorific, or non-address expression",pf:static:photonflowers11.rio:487890932:00122487 | 冥夜 | 【冥夜】「事例２２―応用　湯殿において…………？」<01>,mechanical_scan_reviewed
photonflowers-ex-terms-v1.0,無様,,regex_address_false_positive,1,contextual,sentence-level context,JP scan reviewed,fb77f496b2a4de8ef6512f9d459086209f5173314323888c082a9c36720c3437,"over-inclusive suffix regex captured a phrase, ordinary honorific, or non-address expression",pf:static:photonflowers11.rio:488133660:00068515 | 冥夜 | 【冥夜】「………………無様な」<01>,mechanical_scan_reviewed
photonflowers-ex-terms-v1.0,父さん,,regex_address_false_positive,1,contextual,sentence-level context,JP scan reviewed,fb77f496b2a4de8ef6512f9d459086209f5173314323888c082a9c36720c3437,"over-inclusive suffix regex captured a phrase, ordinary honorific, or non-address expression",pf:static:photonflowers11.rio:487283344:00079126 | 尊人 | 【尊人】「昔、<03>父さんにアマゾンにつれて行かれた時、<03>似たような習慣の人達がいたけど、<03>さすがに自分の頭は食べさせないよ。<0A>…<03>…<03>すごい器量だね、<03>その人」<01>,mechanical_scan_reviewed
photonflowers-ex-terms-v1.0,特に委員長と夕呼先生,,regex_address_false_positive,1,contextual,sentence-level context,JP scan reviewed,fb77f496b2a4de8ef6512f9d459086209f5173314323888c082a9c36720c3437,"over-inclusive suffix regex captured a phrase, ordinary honorific, or non-address expression",pf:static:photonflowers11.rio:487194916:00052170 |  | 特に委員長と夕呼先生は、<03>事あるごとにそれを武器にオレをいたぶって来やがる…<03>…<03>。<01>,mechanical_scan_reviewed
photonflowers-ex-terms-v1.0,猫じゃらしの様,,regex_address_false_positive,1,contextual,sentence-level context,JP scan reviewed,fb77f496b2a4de8ef6512f9d459086209f5173314323888c082a9c36720c3437,"over-inclusive suffix regex captured a phrase, ordinary honorific, or non-address expression",pf:static:photonflowers11.rio.002:1366349532:00053882 |  | なるほど…<03>…<03>あたかも起き上がりこぼしが、<03>猫じゃらしの様な効果を出しているワケだなッ！<01>,mechanical_scan_reviewed
photonflowers-ex-terms-v1.0,珠瀬壬姫さん,,regex_address_false_positive,1,contextual,sentence-level context,JP scan reviewed,fb77f496b2a4de8ef6512f9d459086209f5173314323888c082a9c36720c3437,"over-inclusive suffix regex captured a phrase, ordinary honorific, or non-address expression",pf:static:photonflowers11.rio.002:1602830768:00126493 | まりも | 【まりも】「珠瀬壬姫さん」<01>,mechanical_scan_reviewed
photonflowers-ex-terms-v1.0,現在御館様,,regex_address_false_positive,1,contextual,sentence-level context,JP scan reviewed,fb77f496b2a4de8ef6512f9d459086209f5173314323888c082a9c36720c3437,"over-inclusive suffix regex captured a phrase, ordinary honorific, or non-address expression",pf:static:photonflowers11.rio:488133660:00051719 | 月詠 | 【月詠】「医師団の報告では、現在御館様のご容体は安定しておりますが、依然予断を許さない状況であるとのことです……」<01>,mechanical_scan_reviewed
photonflowers-ex-terms-v1.0,生き様,,regex_address_false_positive,1,contextual,sentence-level context,JP scan reviewed,fb77f496b2a4de8ef6512f9d459086209f5173314323888c082a9c36720c3437,"over-inclusive suffix regex captured a phrase, ordinary honorific, or non-address expression",pf:static:photonflowers11.rio:487890932:00219993 | 銀行強盗２ | 【銀行強盗２】「……いろいろしてもらった上に、情けないが、生き様まで教えられちまって……」,mechanical_scan_reviewed
photonflowers-ex-terms-v1.0,男の声１,,functional_speaker_label,1,contextual,speaker/group/role label,authoritative speaker_jp scan,fb77f496b2a4de8ef6512f9d459086209f5173314323888c082a9c36720c3437,translate label according to row context; not a reusable proper term,,mechanical_scan_reviewed
photonflowers-ex-terms-v1.0,男の声２,,functional_speaker_label,1,contextual,speaker/group/role label,authoritative speaker_jp scan,fb77f496b2a4de8ef6512f9d459086209f5173314323888c082a9c36720c3437,translate label according to row context; not a reusable proper term,,mechanical_scan_reviewed
photonflowers-ex-terms-v1.0,番先生,,regex_address_false_positive,1,contextual,sentence-level context,JP scan reviewed,fb77f496b2a4de8ef6512f9d459086209f5173314323888c082a9c36720c3437,"over-inclusive suffix regex captured a phrase, ordinary honorific, or non-address expression",pf:static:photonflowers11.rio.002:1602830768:00146829 |  | せっかくまりもちゃんが１番先生らしく輝いていた時だったってのに…<03>…<03>。<01>,mechanical_scan_reviewed
photonflowers-ex-terms-v1.0,番最初にタケルちゃん,,regex_address_false_positive,1,contextual,sentence-level context,JP scan reviewed,fb77f496b2a4de8ef6512f9d459086209f5173314323888c082a9c36720c3437,"over-inclusive suffix regex captured a phrase, ordinary honorific, or non-address expression",pf:static:photonflowers11.rio.002:1097218736:00019652 | 純夏 | 【純夏】「１番最初にタケルちゃんに渡したくて」<01>,mechanical_scan_reviewed
photonflowers-ex-terms-v1.0,白銀君と鑑さん,,regex_address_false_positive,1,contextual,sentence-level context,JP scan reviewed,fb77f496b2a4de8ef6512f9d459086209f5173314323888c082a9c36720c3437,"over-inclusive suffix regex captured a phrase, ordinary honorific, or non-address expression",pf:static:photonflowers11.rio.002:1391025672:00090269 | 柏木 | 【柏木】「だからせめて、<03>白銀君と鑑さんの関係が自然消滅してしまわないようにって…<03>…<03>考えたの…<03>…<03>」<01>,mechanical_scan_reviewed
photonflowers-ex-terms-v1.0,皆さん,,regex_address_false_positive,1,contextual,sentence-level context,JP scan reviewed,fb77f496b2a4de8ef6512f9d459086209f5173314323888c082a9c36720c3437,"over-inclusive suffix regex captured a phrase, ordinary honorific, or non-address expression",pf:static:photonflowers11.rio.002:1602830768:00106745 |  | 学園長をはじめ、<03>来賓の方々、<03>そして、<03>在校生のみなさん、<03>皆さんから頂いたお祝いや激励のお言葉は、<03>ひと言ひと言がとても深く胸に染みています。<01>,mechanical_scan_reviewed
photonflowers-ex-terms-v1.0,皆様と冥夜様,,regex_address_false_positive,1,contextual,sentence-level context,JP scan reviewed,fb77f496b2a4de8ef6512f9d459086209f5173314323888c082a9c36720c3437,"over-inclusive suffix regex captured a phrase, ordinary honorific, or non-address expression",pf:static:photonflowers11.rio.002:1602830768:00134271 | 月詠 | 【月詠】「短い間ではございましたが、<03>皆様と冥夜様が轡を並べ共に学んだ記念にと…<03>…<03>金貨でございます」<01>,mechanical_scan_reviewed
photonflowers-ex-terms-v1.0,確かにいつものお戯れとはご様,,regex_address_false_positive,1,contextual,sentence-level context,JP scan reviewed,fb77f496b2a4de8ef6512f9d459086209f5173314323888c082a9c36720c3437,"over-inclusive suffix regex captured a phrase, ordinary honorific, or non-address expression",pf:static:photonflowers11.rio:488133660:00057073 | 月詠 | 【月詠】「確かにいつものお戯れとはご様子が異なります」<01>,mechanical_scan_reviewed
photonflowers-ex-terms-v1.0,確かにまりもちゃん,,regex_address_false_positive,1,contextual,sentence-level context,JP scan reviewed,fb77f496b2a4de8ef6512f9d459086209f5173314323888c082a9c36720c3437,"over-inclusive suffix regex captured a phrase, ordinary honorific, or non-address expression",pf:static:photonflowers11.rio.002:30631052:00118916 |  | 確かにまりもちゃんの口をふさいだのはオレだから…<03>…<03>何も言えねぇ…<03>…<03>。<01>,mechanical_scan_reviewed
photonflowers-ex-terms-v1.0,確かに香月先生,,regex_address_false_positive,1,contextual,sentence-level context,JP scan reviewed,fb77f496b2a4de8ef6512f9d459086209f5173314323888c082a9c36720c3437,"over-inclusive suffix regex captured a phrase, ordinary honorific, or non-address expression",pf:static:photonflowers11.rio.002:1599749696:00038444 | 柏木 | 【柏木】「確かに香月先生の言うとおりかも知れないよ。<0A>世の中は理不尽なことばっかりって…<03>…<03>」<01>,mechanical_scan_reviewed
photonflowers-ex-terms-v1.0,神代・戎,,functional_speaker_label,1,contextual,speaker/group/role label,authoritative speaker_jp scan,fb77f496b2a4de8ef6512f9d459086209f5173314323888c082a9c36720c3437,translate label according to row context; not a reusable proper term,,mechanical_scan_reviewed
photonflowers-ex-terms-v1.0,神宮司先生すみませんでした,,quoted_sentence_or_local_expression,1,contextual,preserve quoted function in its sentence,JP scan reviewed,fb77f496b2a4de8ef6512f9d459086209f5173314323888c082a9c36720c3437,"most captures are full quotations, headings, or ordinary emphasized words rather than reusable terms",pf:static:photonflowers11.rio.002:30631052:00119784 | まりも | 【まりも】「――あのね白銀君！　『神宮司先生すみませんでした』でしょ！！」<01>,mechanical_scan_reviewed
photonflowers-ex-terms-v1.0,私がもう少しちゃん,,regex_address_false_positive,1,contextual,sentence-level context,JP scan reviewed,fb77f496b2a4de8ef6512f9d459086209f5173314323888c082a9c36720c3437,"over-inclusive suffix regex captured a phrase, ordinary honorific, or non-address expression",pf:static:photonflowers11.rio.002:1391025672:00080291 | 柏木 | 【柏木】「はあ…<03>…<03>。<0A>私がもう少しちゃんと作戦の内容を聞いておけばよかったんだ…<03>…<03>」<01>,mechanical_scan_reviewed
photonflowers-ex-terms-v1.0,私たちが白銀君,,regex_address_false_positive,1,contextual,sentence-level context,JP scan reviewed,fb77f496b2a4de8ef6512f9d459086209f5173314323888c082a9c36720c3437,"over-inclusive suffix regex captured a phrase, ordinary honorific, or non-address expression",pf:static:photonflowers11.rio.002:30631052:00099396 | 千鶴 | 【千鶴】「私たちが白銀君抜きで帰りにどこかに行くなんて、<03>今までだって普通にあったことじゃない。<0A>前は何にも言わなかったのに、<03>おかしいわ」<01>,mechanical_scan_reviewed
photonflowers-ex-terms-v1.0,私はちゃん,,regex_address_false_positive,1,contextual,sentence-level context,JP scan reviewed,fb77f496b2a4de8ef6512f9d459086209f5173314323888c082a9c36720c3437,"over-inclusive suffix regex captured a phrase, ordinary honorific, or non-address expression",pf:static:photonflowers11.rio:487716956:00128075 |  | 私はちゃんと話聞いてるよ。<01>,mechanical_scan_reviewed
photonflowers-ex-terms-v1.0,私物は持ってくるなッ！　ムキーッ！！,,quoted_sentence_or_local_expression,1,contextual,preserve quoted function in its sentence,JP scan reviewed,fb77f496b2a4de8ef6512f9d459086209f5173314323888c082a9c36720c3437,"most captures are full quotations, headings, or ordinary emphasized words rather than reusable terms",pf:static:photonflowers11.rio:487590408:00082337 | 武 | 【武】「いいのかよ～？　いつもオレらに『私物は持ってくるなッ！　ムキーッ！！』とか言ってる張本人がさあ～」<01>,mechanical_scan_reviewed
photonflowers-ex-terms-v1.0,第一段階として殿,,regex_address_false_positive,1,contextual,sentence-level context,JP scan reviewed,fb77f496b2a4de8ef6512f9d459086209f5173314323888c082a9c36720c3437,"over-inclusive suffix regex captured a phrase, ordinary honorific, or non-address expression",pf:static:photonflowers11.rio:487890932:00117075 |  | 第一段階として殿方の視線は局部に集中します（この場合露出している部位）。次にその局部が中途半端に手などで隠される事で、より凝視してしまいます。故に完全に隠してしまうことは厳禁です。<01>,mechanical_scan_reviewed
photonflowers-ex-terms-v1.0,第三章　男女交際黎明期における統計的頻発事例　望ましい対処とその実践,,quoted_sentence_or_local_expression,1,contextual,preserve quoted function in its sentence,JP scan reviewed,fb77f496b2a4de8ef6512f9d459086209f5173314323888c082a9c36720c3437,"most captures are full quotations, headings, or ordinary emphasized words rather than reusable terms",pf:static:photonflowers11.rio:487890932:00114259 |  | 『第三章　男女交際黎明期における統計的頻発事例　望ましい対処とその実践』　<01>,mechanical_scan_reviewed
photonflowers-ex-terms-v1.0,第二章　殿方の周囲に存在する障害　その傾向と対策,,quoted_sentence_or_local_expression,1,contextual,preserve quoted function in its sentence,JP scan reviewed,fb77f496b2a4de8ef6512f9d459086209f5173314323888c082a9c36720c3437,"most captures are full quotations, headings, or ordinary emphasized words rather than reusable terms",pf:static:photonflowers11.rio:487890932:00096087 |  | 『第二章　殿方の周囲に存在する障害　その傾向と対策』<01>,mechanical_scan_reviewed
photonflowers-ex-terms-v1.0,系統は様,,regex_address_false_positive,1,contextual,sentence-level context,JP scan reviewed,fb77f496b2a4de8ef6512f9d459086209f5173314323888c082a9c36720c3437,"over-inclusive suffix regex captured a phrase, ordinary honorific, or non-address expression",pf:static:photonflowers11.rio:487890932:00098135 |  | 手堅く幅広い層があり、ひかえめな性格の者や、人なつっこい者、はたまた男勝り、才色兼備など、系統は様々です。<01>,mechanical_scan_reviewed
photonflowers-ex-terms-v1.0,絶対にタケルちゃん,,regex_address_false_positive,1,contextual,sentence-level context,JP scan reviewed,fb77f496b2a4de8ef6512f9d459086209f5173314323888c082a9c36720c3437,"over-inclusive suffix regex captured a phrase, ordinary honorific, or non-address expression",pf:static:photonflowers11.rio:487283344:00088600 |  | 絶対にタケルちゃんに馬鹿にされるよ。<01>,mechanical_scan_reviewed
photonflowers-ex-terms-v1.0,練習だってちゃん,,regex_address_false_positive,1,contextual,sentence-level context,JP scan reviewed,fb77f496b2a4de8ef6512f9d459086209f5173314323888c082a9c36720c3437,"over-inclusive suffix regex captured a phrase, ordinary honorific, or non-address expression",pf:static:photonflowers11.rio:487417908:00128463 |  | 練習だってちゃんとしてきたんだし。<01>,mechanical_scan_reviewed
photonflowers-ex-terms-v1.0,職員,,ordinary_or_context_collision,1,contextual,translate in sentence; not frozen as a chapter term,origin/main glossary checked + JP context,e9ee9faffb2ef37bee94ee3d5c9a185623af6e2a2997a85a474f8a4629c4410c,exact string match is not a context-applicable terminology match,pf:static:photonflowers11.rio:487590408:00067673 |  | この日誌を職員室に届けて今日は帰る。<01>,mechanical_scan_reviewed
photonflowers-ex-terms-v1.0,見事,,quoted_sentence_or_local_expression,1,contextual,preserve quoted function in its sentence,JP scan reviewed,fb77f496b2a4de8ef6512f9d459086209f5173314323888c082a9c36720c3437,"most captures are full quotations, headings, or ordinary emphasized words rather than reusable terms",pf:static:photonflowers11.rio.002:186673440:00105635 | 冥夜 | 【冥夜】「世辞はよい。そなたを倒せねば『流石』も『見事』も虚ろであろう」<01>,mechanical_scan_reviewed
photonflowers-ex-terms-v1.0,親父も母ちゃん,,regex_address_false_positive,1,contextual,sentence-level context,JP scan reviewed,fb77f496b2a4de8ef6512f9d459086209f5173314323888c082a9c36720c3437,"over-inclusive suffix regex captured a phrase, ordinary honorific, or non-address expression",pf:static:photonflowers11.rio.002:969768164:00011277 |  | 親父も母ちゃんも、<03>その日は家に帰ってこないって話。<01>,mechanical_scan_reviewed
photonflowers-ex-terms-v1.0,言い返してこないなんて白銀君,,regex_address_false_positive,1,contextual,sentence-level context,JP scan reviewed,fb77f496b2a4de8ef6512f9d459086209f5173314323888c082a9c36720c3437,"over-inclusive suffix regex captured a phrase, ordinary honorific, or non-address expression",pf:static:photonflowers11.rio.002:30631052:00102524 | 千鶴 | 【千鶴】「どうしたの？　言い返してこないなんて白銀君らしくないわね～。<0A>さっきから黙っちゃって、<03>ねぇ？」<01>,mechanical_scan_reviewed
photonflowers-ex-terms-v1.0,言ったらタケルちゃん,,regex_address_false_positive,1,contextual,sentence-level context,JP scan reviewed,fb77f496b2a4de8ef6512f9d459086209f5173314323888c082a9c36720c3437,"over-inclusive suffix regex captured a phrase, ordinary honorific, or non-address expression",pf:static:photonflowers11.rio.002:30631052:00138812 | 純夏 | 【純夏】「だって、<03>言ったらタケルちゃん…<03>…<03>…<03>…<03>」<01>,mechanical_scan_reviewed
photonflowers-ex-terms-v1.0,誰かさん,,regex_address_false_positive,1,contextual,sentence-level context,JP scan reviewed,fb77f496b2a4de8ef6512f9d459086209f5173314323888c082a9c36720c3437,"over-inclusive suffix regex captured a phrase, ordinary honorific, or non-address expression",pf:static:photonflowers11.rio.002:1391025672:00082461 | 慧 | 【慧】「誰かさんが最初に上手くやってれば問題なかった…<03>…<03>」<01>,mechanical_scan_reviewed
photonflowers-ex-terms-v1.0,謎の人物Ｂ・Ｃ・Ｄ,,functional_speaker_label,1,contextual,speaker/group/role label,authoritative speaker_jp scan,fb77f496b2a4de8ef6512f9d459086209f5173314323888c082a9c36720c3437,translate label according to row context; not a reusable proper term,,mechanical_scan_reviewed
photonflowers-ex-terms-v1.0,警備部隊隊長,,functional_speaker_label,1,contextual,speaker/group/role label,authoritative speaker_jp scan,fb77f496b2a4de8ef6512f9d459086209f5173314323888c082a9c36720c3437,translate label according to row context; not a reusable proper term,,mechanical_scan_reviewed
photonflowers-ex-terms-v1.0,贖罪,,ordinary_or_context_collision,1,contextual,translate in sentence; not frozen as a chapter term,origin/main glossary checked + JP context,e9ee9faffb2ef37bee94ee3d5c9a185623af6e2a2997a85a474f8a4629c4410c,exact string match is not a context-applicable terminology match,pf:static:photonflowers11.rio:487890932:00120593 |  | これには「相応の罰を受けた」という贖罪を与えると同時に、「簡単には手に入らない物ほど貴重」であることを印象づけるふたつの意味があります。<01>,mechanical_scan_reviewed
photonflowers-ex-terms-v1.0,迷惑をかけているのは夕呼先生,,regex_address_false_positive,1,contextual,sentence-level context,JP scan reviewed,fb77f496b2a4de8ef6512f9d459086209f5173314323888c082a9c36720c3437,"over-inclusive suffix regex captured a phrase, ordinary honorific, or non-address expression",pf:static:photonflowers11.rio.002:1495411112:00028715 |  | 正確には、<03>迷惑をかけているのは夕呼先生なんだが…<03>…<03>。<01>,mechanical_scan_reviewed
photonflowers-ex-terms-v1.0,醍三郎様,,regex_address_false_positive,1,contextual,sentence-level context,JP scan reviewed,fb77f496b2a4de8ef6512f9d459086209f5173314323888c082a9c36720c3437,"over-inclusive suffix regex captured a phrase, ordinary honorific, or non-address expression",pf:static:photonflowers11.rio.002:186673440:00150243 | 月詠 | 【月詠】「おめでとうございます冥夜様。醍三郎様より文を授かって参りました。どうぞお読みになって下さい」<01>,mechanical_scan_reviewed
photonflowers-ex-terms-v1.0,鑑さんのことはちゃん,,regex_address_false_positive,1,contextual,sentence-level context,JP scan reviewed,fb77f496b2a4de8ef6512f9d459086209f5173314323888c082a9c36720c3437,"over-inclusive suffix regex captured a phrase, ordinary honorific, or non-address expression",pf:static:photonflowers11.rio.002:1599749696:00036830 | 柏木 | 【柏木】「じゃあ、<03>鑑さんのことはちゃんと考えてるんだね？」<01>,mechanical_scan_reviewed
photonflowers-ex-terms-v1.0,鑑純夏さん,,regex_address_false_positive,1,contextual,sentence-level context,JP scan reviewed,fb77f496b2a4de8ef6512f9d459086209f5173314323888c082a9c36720c3437,"over-inclusive suffix regex captured a phrase, ordinary honorific, or non-address expression",pf:static:photonflowers11.rio.002:1602830768:00124549 | まりも | 【まりも】「鑑純夏さん」<01>,mechanical_scan_reviewed
photonflowers-ex-terms-v1.0,隊長,,ordinary_or_context_collision,1,contextual,translate in sentence; not frozen as a chapter term,origin/main glossary checked + JP context,e9ee9faffb2ef37bee94ee3d5c9a185623af6e2a2997a85a474f8a4629c4410c,exact string match is not a context-applicable terminology match,pf:static:photonflowers11.rio:487890932:00211597 | 警備部隊隊長 | 【警備部隊隊長】「――撃てーッ！！」<01>,mechanical_scan_reviewed
photonflowers-ex-terms-v1.0,風邪ひかないようにちゃん,,regex_address_false_positive,1,contextual,sentence-level context,JP scan reviewed,fb77f496b2a4de8ef6512f9d459086209f5173314323888c082a9c36720c3437,"over-inclusive suffix regex captured a phrase, ordinary honorific, or non-address expression",pf:static:photonflowers11.rio.002:1391025672:00156457 | 純夏 | 【純夏】「わたし…<03>…<03>先に出てるね！　タケルちゃん、<03>風邪ひかないようにちゃんと暖まってくるんだよ！」<01>,mechanical_scan_reviewed
photonflowers-ex-terms-v1.0,風邪引いたら白銀君,,regex_address_false_positive,1,contextual,sentence-level context,JP scan reviewed,fb77f496b2a4de8ef6512f9d459086209f5173314323888c082a9c36720c3437,"over-inclusive suffix regex captured a phrase, ordinary honorific, or non-address expression",pf:static:photonflowers11.rio.002:1291020652:00036905 | 千鶴 | 【千鶴】「はぁ…<03>…<03>。<0A>あ～寒いっ！　んもう、<03>風邪引いたら白銀君、<03>責任とってよね！」<01>,mechanical_scan_reviewed
photonflowers-ex-terms-v1.0,１　最も警戒すべき障害　恋敵,,quoted_sentence_or_local_expression,1,contextual,preserve quoted function in its sentence,JP scan reviewed,fb77f496b2a4de8ef6512f9d459086209f5173314323888c082a9c36720c3437,"most captures are full quotations, headings, or ordinary emphasized words rather than reusable terms",pf:static:photonflowers11.rio:487890932:00096297 |  | 『１　最も警戒すべき障害　恋敵』<01>,mechanical_scan_reviewed
photonflowers-ex-terms-v1.0,１日目――男女交際は出会いが命,,quoted_sentence_or_local_expression,1,contextual,preserve quoted function in its sentence,JP scan reviewed,fb77f496b2a4de8ef6512f9d459086209f5173314323888c082a9c36720c3437,"most captures are full quotations, headings, or ordinary emphasized words rather than reusable terms",pf:static:photonflowers11.rio:487890932:00129157 |  | 『１日目――男女交際は出会いが命』<01>,mechanical_scan_reviewed
photonflowers-ex-terms-v1.0,オグラグッディメン,,fictional_character_gag,3,question,タケルちゃんといっしょ！,JP-only context,fb77f496b2a4de8ef6512f9d459086209f5173314323888c082a9c36720c3437,wordplay/transliteration lacks reliable formal CN basis,pf:static:photonflowers11.rio:487283344:00077848 | 尊人 | 【尊人】「へぇ～。ところでタケル『オグラグッディメン』ってなに？」<01> || pf:static:photonflowers11.rio:487283344:00085186 | 武 | 【武】「オグラグッディメンなんだから、<03>赤い全身タイツがいいんじゃねえの？」<01> || pf:static:photonflowers11.rio:487283344:00111824 | 武 | 【武】「じゃあ…<03>…<03>オグラグッディメンみたいな顔する変なやつ」<01>,mechanical_scan_reviewed
photonflowers-ex-terms-v1.0,マイルドクルー横幅,,facility_wordplay,2,question,タケルちゃんといっしょ！ indoor pool,JP-only context,fb77f496b2a4de8ef6512f9d459086209f5173314323888c082a9c36720c3437,parodic facility name/wordplay lacks reliable CN basis,,full_read_manual_addition
photonflowers-ex-terms-v1.0,白銀……食べてる？,,episode_title,1,question,episode title,JP full-episode context,fb77f496b2a4de8ef6512f9d459086209f5173314323888c082a9c36720c3437,ellipsis/object and title function require explicit decision,,full_read_manual_addition
