call_order,id,egpack,scene,speaker_jp,source_text_sha256,record_kind,cn_text
1,game_t00000,０１０：２００１年_01：ユーコン事件直後の唯依　 _dim.egpack,０１０：２００１年_01：ユーコン事件直後の唯依　 _dim,唯依,CB96CD9EDCDA9517C398A8757D3507E9C69FD1198C565911096EFAC90D49FCAB,text,「我……」\p
2,game_t00001,０１０：２００１年_01：ユーコン事件直後の唯依　 _dim.egpack,０１０：２００１年_01：ユーコン事件直後の唯依　 _dim,唯依,819C009994671BA707AEBF6024C85AE2F0F5F511716EBF89F59161E6BEE0738E,text,「我……又一次……」\p
3,game_t00002,０１０：２００１年_01：ユーコン事件直後の唯依　 _dim.egpack,０１０：２００１年_01：ユーコン事件直後の唯依　 _dim,唯依,A4D4264BC2E0F0A3AAFA9E3647314FBFA9A6DD1E5B9C7DFB1D5244E2F53658F0,text,「没能保护好她们……」\p
4,game_t00003,０１０：２００１年_01：ユーコン事件直後の唯依　 _dim.egpack,０１０：２００１年_01：ユーコン事件直後の唯依　 _dim,唯依,B8A9974C0A02A2B3E30920F8554A96107069D1D26886C92C3F41AFC118614823,text,「和泉……」\p
5,game_t00004,０１０：２００１年_01：ユーコン事件直後の唯依　 _dim.egpack,０１０：２００１年_01：ユーコン事件直後の唯依　 _dim,唯依,E36DF75474E4DEB0906D76B7BBA2AAD209D4E7B7A3C23DC318BDB9F15B22A7C7,text,「安艺……」\p
6,game_t00005,０１０：２００１年_01：ユーコン事件直後の唯依　 _dim.egpack,０１０：２００１年_01：ユーコン事件直後の唯依　 _dim,唯依,A592D2DD630889BA09BBD9684B9B433DE8610BC74BB119412A53CEE7D0094347,text,「志摩子……」\p
7,game_t00006,０１０：２００１年_01：ユーコン事件直後の唯依　 _dim.egpack,０１０：２００１年_01：ユーコン事件直後の唯依　 _dim,唯依,6670AC26213D48DD1E7387ACC8E01BB0AA931598E1A30C3E01D33EAA480049E8,text,「……山城……同学」\p
8,game_t00007,０１０：２００１年_01：ユーコン事件直後の唯依　 _dim.egpack,０１０：２００１年_01：ユーコン事件直後の唯依　 _dim,唯依,6440819DE1ABB87428EE418E66FBDD89CAC4A6E3D7FE263CCF4C66841D1AC7E1,text,「对不起……」\p
9,game_t00008,０１０：２００１年_01：ユーコン事件直後の唯依　 _dim.egpack,０１０：２００１年_01：ユーコン事件直後の唯依　 _dim,唯依,F18AC012EEC75A8A230185FB1642ED315D4A2D6A806AB7E4A38125A12B0A76FB,text,「看来短时间内……我还是没办法叫出你的名字。」\p
10,game_t00009,０１０：２００１年_01：ユーコン事件直後の唯依　 _dim_dummy.egpack,０１０：２００１年_01：ユーコン事件直後の唯依　 _dim_dummy,唯依,CB96CD9EDCDA9517C398A8757D3507E9C69FD1198C565911096EFAC90D49FCAB,text,「我……」\p
11,game_t00010,０１０：２００１年_01：ユーコン事件直後の唯依　 _dim_dummy.egpack,０１０：２００１年_01：ユーコン事件直後の唯依　 _dim_dummy,唯依,819C009994671BA707AEBF6024C85AE2F0F5F511716EBF89F59161E6BEE0738E,text,「我……又一次……」\p
12,game_t00011,０１０：２００１年_01：ユーコン事件直後の唯依　 _dim_dummy.egpack,０１０：２００１年_01：ユーコン事件直後の唯依　 _dim_dummy,唯依,A4D4264BC2E0F0A3AAFA9E3647314FBFA9A6DD1E5B9C7DFB1D5244E2F53658F0,text,「没能保护好她们……」\p
13,game_t00012,０１０：２００１年_01：ユーコン事件直後の唯依　 _dim_dummy.egpack,０１０：２００１年_01：ユーコン事件直後の唯依　 _dim_dummy,唯依,B8A9974C0A02A2B3E30920F8554A96107069D1D26886C92C3F41AFC118614823,text,「和泉……」\p
14,game_t00013,０１０：２００１年_01：ユーコン事件直後の唯依　 _dim_dummy.egpack,０１０：２００１年_01：ユーコン事件直後の唯依　 _dim_dummy,唯依,E36DF75474E4DEB0906D76B7BBA2AAD209D4E7B7A3C23DC318BDB9F15B22A7C7,text,「安艺……」\p
15,game_t00014,０１０：２００１年_01：ユーコン事件直後の唯依　 _dim_dummy.egpack,０１０：２００１年_01：ユーコン事件直後の唯依　 _dim_dummy,唯依,A592D2DD630889BA09BBD9684B9B433DE8610BC74BB119412A53CEE7D0094347,text,「志摩子……」\p
16,game_t00015,０１０：２００１年_01：ユーコン事件直後の唯依　 _dim_dummy.egpack,０１０：２００１年_01：ユーコン事件直後の唯依　 _dim_dummy,唯依,6670AC26213D48DD1E7387ACC8E01BB0AA931598E1A30C3E01D33EAA480049E8,text,「……山城……同学」\p
17,game_t00016,０１０：２００１年_01：ユーコン事件直後の唯依　 _dim_dummy.egpack,０１０：２００１年_01：ユーコン事件直後の唯依　 _dim_dummy,唯依,6440819DE1ABB87428EE418E66FBDD89CAC4A6E3D7FE263CCF4C66841D1AC7E1,text,「对不起……」\p
18,game_t00017,０１０：２００１年_01：ユーコン事件直後の唯依　 _dim_dummy.egpack,０１０：２００１年_01：ユーコン事件直後の唯依　 _dim_dummy,唯依,F18AC012EEC75A8A230185FB1642ED315D4A2D6A806AB7E4A38125A12B0A76FB,text,「看来短时间内……我还是没办法叫出你的名字。」\p
19,game_t00018,０１０：２００１年_01：ユーコン事件直後の唯依　.egpack,０１０：２００１年_01：ユーコン事件直後の唯依　,唯依,CB96CD9EDCDA9517C398A8757D3507E9C69FD1198C565911096EFAC90D49FCAB,text,「我……」\p
20,game_t00019,０１０：２００１年_01：ユーコン事件直後の唯依　.egpack,０１０：２００１年_01：ユーコン事件直後の唯依　,唯依,819C009994671BA707AEBF6024C85AE2F0F5F511716EBF89F59161E6BEE0738E,text,「我……又一次……」\p
21,game_t00020,０１０：２００１年_01：ユーコン事件直後の唯依　.egpack,０１０：２００１年_01：ユーコン事件直後の唯依　,唯依,A4D4264BC2E0F0A3AAFA9E3647314FBFA9A6DD1E5B9C7DFB1D5244E2F53658F0,text,「没能保护好她们……」\p
22,game_t00021,０１０：２００１年_01：ユーコン事件直後の唯依　.egpack,０１０：２００１年_01：ユーコン事件直後の唯依　,唯依,B8A9974C0A02A2B3E30920F8554A96107069D1D26886C92C3F41AFC118614823,text,「和泉……」\p
23,game_t00022,０１０：２００１年_01：ユーコン事件直後の唯依　.egpack,０１０：２００１年_01：ユーコン事件直後の唯依　,唯依,E36DF75474E4DEB0906D76B7BBA2AAD209D4E7B7A3C23DC318BDB9F15B22A7C7,text,「安艺……」\p
24,game_t00023,０１０：２００１年_01：ユーコン事件直後の唯依　.egpack,０１０：２００１年_01：ユーコン事件直後の唯依　,唯依,A592D2DD630889BA09BBD9684B9B433DE8610BC74BB119412A53CEE7D0094347,text,「志摩子……」\p
25,game_t00024,０１０：２００１年_01：ユーコン事件直後の唯依　.egpack,０１０：２００１年_01：ユーコン事件直後の唯依　,唯依,6670AC26213D48DD1E7387ACC8E01BB0AA931598E1A30C3E01D33EAA480049E8,text,「……山城……同学」\p
26,game_t00025,０１０：２００１年_01：ユーコン事件直後の唯依　.egpack,０１０：２００１年_01：ユーコン事件直後の唯依　,唯依,6440819DE1ABB87428EE418E66FBDD89CAC4A6E3D7FE263CCF4C66841D1AC7E1,text,「对不起……」\p
27,game_t00026,０１０：２００１年_01：ユーコン事件直後の唯依　.egpack,０１０：２００１年_01：ユーコン事件直後の唯依　,唯依,F18AC012EEC75A8A230185FB1642ED315D4A2D6A806AB7E4A38125A12B0A76FB,text,「看来短时间内……我还是没办法叫出你的名字。」\p
28,game_t00027,０１０：２００１年_01：ユーコン事件直後の唯依　（原作退避）.egpack,０１０：２００１年_01：ユーコン事件直後の唯依　（原作退避）,唯依,CB96CD9EDCDA9517C398A8757D3507E9C69FD1198C565911096EFAC90D49FCAB,text,「我……」\p
29,game_t00028,０１０：２００１年_01：ユーコン事件直後の唯依　（原作退避）.egpack,０１０：２００１年_01：ユーコン事件直後の唯依　（原作退避）,唯依,819C009994671BA707AEBF6024C85AE2F0F5F511716EBF89F59161E6BEE0738E,text,「我……又一次……」\p
30,game_t00029,０１０：２００１年_01：ユーコン事件直後の唯依　（原作退避）.egpack,０１０：２００１年_01：ユーコン事件直後の唯依　（原作退避）,唯依,A4D4264BC2E0F0A3AAFA9E3647314FBFA9A6DD1E5B9C7DFB1D5244E2F53658F0,text,「没能保护好她们……」\p
31,game_t00030,０１０：２００１年_01：ユーコン事件直後の唯依　（原作退避）.egpack,０１０：２００１年_01：ユーコン事件直後の唯依　（原作退避）,唯依,B8A9974C0A02A2B3E30920F8554A96107069D1D26886C92C3F41AFC118614823,text,「和泉……」\p
32,game_t00031,０１０：２００１年_01：ユーコン事件直後の唯依　（原作退避）.egpack,０１０：２００１年_01：ユーコン事件直後の唯依　（原作退避）,唯依,E36DF75474E4DEB0906D76B7BBA2AAD209D4E7B7A3C23DC318BDB9F15B22A7C7,text,「安艺……」\p
33,game_t00032,０１０：２００１年_01：ユーコン事件直後の唯依　（原作退避）.egpack,０１０：２００１年_01：ユーコン事件直後の唯依　（原作退避）,唯依,A592D2DD630889BA09BBD9684B9B433DE8610BC74BB119412A53CEE7D0094347,text,「志摩子……」\p
34,game_t00033,０１０：２００１年_01：ユーコン事件直後の唯依　（原作退避）.egpack,０１０：２００１年_01：ユーコン事件直後の唯依　（原作退避）,唯依,6670AC26213D48DD1E7387ACC8E01BB0AA931598E1A30C3E01D33EAA480049E8,text,「……山城……同学」\p
35,game_t00034,０１０：２００１年_01：ユーコン事件直後の唯依　（原作退避）.egpack,０１０：２００１年_01：ユーコン事件直後の唯依　（原作退避）,唯依,6440819DE1ABB87428EE418E66FBDD89CAC4A6E3D7FE263CCF4C66841D1AC7E1,text,「对不起……」\p
36,game_t00035,０１０：２００１年_01：ユーコン事件直後の唯依　（原作退避）.egpack,０１０：２００１年_01：ユーコン事件直後の唯依　（原作退避）,唯依,F18AC012EEC75A8A230185FB1642ED315D4A2D6A806AB7E4A38125A12B0A76FB,text,「看来短时间内……我还是没办法叫出你的名字。」\p
37,game_t00036,０２０：１９９７年_04：登校　背景状況説明　４月１４日.egpack,０２０：１９９７年_04：登校　背景状況説明　４月１４日,唯依,C7E741774BF02B36A51691900B2932553139CE5B5C5847C3CFDC58C0AABE8F74,text,「啊……」\p
38,game_t00037,０２０：１９９７年_04：登校　背景状況説明　４月１４日.egpack,０２０：１９９７年_04：登校　背景状況説明　４月１４日,唯依,59F4EB9E2D1D46096C713E6E74FADCE177B4DE94260A8BEA3C5F874FAB3A0617,text,「…\w…\w」\p
39,game_t00038,０２０：１９９７年_04：登校　背景状況説明　４月１４日.egpack,０２０：１９９７年_04：登校　背景状況説明　４月１４日,唯依,4A33F61EE2973A5BB8BF0851340372481AC11F632035CBC844B9B64E623CD7F4,text,「简直就像……什么都没发生过一样……」\p
40,game_t00039,０２０：１９９７年_04：登校　背景状況説明　４月１４日.egpack,０２０：１９９７年_04：登校　背景状況説明　４月１４日,旁白,5A0EFAD12AD4FD81FB32A687AF11182929535A7950784EE221C061781E950C32,text,这座延续了一千数百年的古都。我喜欢我的故乡京都。\p
41,game_t00040,０２０：１９９７年_04：登校　背景状況説明　４月１４日.egpack,０２０：１９９７年_04：登校　背景状況説明　４月１４日,旁白,A048DD41A931F5D4E4367BF0FF1571DA75B2CA0ED451965F6959352D5D51E785,text,古老之物、新生之物，以及日本人创造的一切——这座日本的首都始终接纳并孕育着它们。\p
42,game_t00041,０２０：１９９７年_04：登校　背景状況説明　４月１４日.egpack,０２０：１９９７年_04：登校　背景状況説明　４月１４日,唯依,59F4EB9E2D1D46096C713E6E74FADCE177B4DE94260A8BEA3C5F874FAB3A0617,text,「…\w…\w」\p
43,game_t00042,０２０：１９９７年_04：登校　背景状況説明　４月１４日.egpack,０２０：１９９７年_04：登校　背景状況説明　４月１４日,旁白,5340B7BF7A468ADC1C11BC72201CA1E64DCE4F578FA7CBC7F792CAD9890E57A4,text,……可是——\p
44,game_t00043,０２０：１９９７年_04：登校　背景状況説明　４月１４日.egpack,０２０：１９９７年_04：登校　背景状況説明　４月１４日,旁白,4C4ECEEA2EC31FD250FE608B0FAAEA4FCADC159CB5D09752CAF74AD23B2D6EE8,text,前线此刻仍在不断逼近日本。\p
45,game_t00044,０２０：１９９７年_04：登校　背景状況説明　４月１４日.egpack,０２０：１９９７年_04：登校　背景状況説明　４月１４日,旁白,B440ECE3F7CE2F648DAD86AA82E106D67FF450FF6FD3EDFEB85807354E153AB5,text,每天新闻里报道的，总是大陆战况和战争难民。\p
46,game_t00045,０２０：１９９７年_04：登校　背景状況説明　４月１４日.egpack,０２０：１９９７年_04：登校　背景状況説明　４月１４日,旁白,E144BF0CFB228ADC0B8E2539EC7FCD8016230B1F7D5EE01AB491EBCE445B9914,text,这个国家正面临危机，是不容置疑的事实……\p
47,game_t00046,０２０：１９９７年_04：登校　背景状況説明　４月１４日.egpack,０２０：１９９７年_04：登校　背景状況説明　４月１４日,旁白,FA549F4EEE58B9D795AB8910588EBCB3E2D2CB9D040E22ED79C86B7939CBA27A,text,可是，在这座和平的城市里，究竟有多少人真正接受了这个现实……\p
48,game_t00047,０２０：１９９７年_04：登校　背景状況説明　４月１４日.egpack,０２０：１９９７年_04：登校　背景状況説明　４月１４日,旁白,85AE576E61F870B4044EA3EFDAEE49EBB2157224292913753C254E2C82A5DFF5,text,自BETA开始入侵地球以来，支撑远东欧亚战线的日本变得十分富裕。\p
49,game_t00048,０２０：１９９７年_04：登校　背景状況説明　４月１４日.egpack,０２０：１９９７年_04：登校　背景状況説明　４月１４日,唯依,FC1BB2D07B8CA4CB833A8FC775711F88FDC75DF9188537E5BF556C9021D9D39C,text,「…\w…\w…\w…\w」\p
50,game_t00049,０２０：１９９７年_04：登校　背景状況説明　４月１４日.egpack,０２０：１９９７年_04：登校　背景状況説明　４月１４日,旁白,8A3180107C4981F99DE4EDC5610F1C5F9EC973CD3F3AA8B979FA0ACB2265C301,text,日本和平得让人难以相信，地球正在遭受外星生物入侵。\p
51,game_t00050,０２０：１９９７年_04：登校　背景状況説明　４月１４日.egpack,０２０：１９９７年_04：登校　背景状況説明　４月１４日,旁白,A1D975ADB4B1C8F65B9A8670599E0C06DBF30FECFE2140DD2C48991353C769AB,text,清晨一到，与昨天毫无不同的今天便理所当然地开始；生活中也没有任何足以危及生命的匮乏。\p
52,game_t00051,０２０：１９９７年_04：登校　背景状況説明　４月１４日.egpack,０２０：１９９７年_04：登校　背景状況説明　４月１４日,旁白,ECE7E6B04396108DD13D41C8E9E2EA02F335CC03BEEEDB0667ADE6F73087A53D,text,从人们充满活力的生活中，完全感受不到他们对近在咫尺的战火有丝毫恐惧。\p
53,game_t00052,０２０：１９９７年_04：登校　背景状況説明　４月１４日.egpack,０２０：１９９７年_04：登校　背景状況説明　４月１４日,旁白,FAA5C3C8D9C430DAE71197119140CFB78CB328A3F8B748D798FD49B4F00BF4EA,text,对许多日本人而言，BETA大战只是电视画面另一端的“现实”。\p
54,game_t00053,０２０：１９９７年_04：登校　背景状況説明　４月１４日.egpack,０２０：１９９７年_04：登校　背景状況説明　４月１４日,唯依,94551F315FE710A6E8908DA90047BBFE17B375C1D29FA1C88B837D47BEB14F44,text,「正因为如此，才需要我们……」\p
55,game_t00054,０２０：１９９７年_04：登校　背景状況説明　４月１４日.egpack,０２０：１９９７年_04：登校　背景状況説明　４月１４日,旁白,BEDCB7531C8E313AADC4F5C1C5986D68A46A27A591598F42626818D339623EED,text,生于武家的我们斯卫军，才更必须做到精锐无双。\p
56,game_t00055,０２０：１９９７年_04：登校　背景状況説明　４月１４日.egpack,０２０：１９９７年_04：登校　背景状況説明　４月１４日,旁白,118238623FF5E5CA50F5FC9B516216EB5ECB34D359C501C61748C748B6CC9E47,text,我们要早日成为正式卫士，拼上性命守护日本帝国皇帝陛下、政威大将军殿下，以及国民与国土。\p
57,game_t00056,０２０：１９９７年_04：登校　背景状況説明　４月１４日.egpack,０２０：１９９７年_04：登校　背景状況説明　４月１４日,旁白,43EDBDC99B9C7D2A1FD6581C7B3889577EF9C40F364D63E1D4146069B1EEAF19,text,更何况，我是篁家的独生女。自德川时代起，篁家便获准进入将军居城觐见，是享有殊荣的兵器制造世家。\p
58,game_t00057,０２０：１９９７年_04：登校　背景状況説明　４月１４日.egpack,０２０：１９９７年_04：登校　背景状況説明　４月１４日,旁白,0E12FE9F33044A318081CD5CC505EFB69B9DCC4DCE24C40AE66C3FC85CCD73B2,text,为了不辱家名，我必须时刻严格要求自己；即使在训练学校，也要为其他家族的人树立谱代武家的典范。\p
59,game_t00058,０２０：１９９７年_04：登校　背景状況説明　４月１４日.egpack,０２０：１９９７年_04：登校　背景状況説明　４月１４日,声,D5A4A62F36F99102B2C1B6C6B1DD515E68E6AE039ECD58952B083E5D07A88ABE,text,「——早安，唯依。」\p
60,game_t00059,０２０：１９９７年_04：登校　背景状況説明　４月１４日.egpack,０２０：１９９７年_04：登校　背景状況説明　４月１４日,唯依,0D94E4DBBF4661812991A60F33321D6C46A949561C4ABFBF6555EA9BA0E8F989,text,「早、早安。」\p
61,game_t00060,０２０：１９９７年_04：登校　背景状況説明　４月１４日.egpack,０２０：１９９７年_04：登校　背景状況説明　４月１４日,安芸,51F42F9D614E4EACB7D402AC33314B8F31C813D3E710EF11A3E8DB6D9084C188,text,「搞什么嘛唯依，你又在看教材啊？」\p
62,game_t00061,０２０：１９９７年_04：登校　背景状況説明　４月１４日.egpack,０２０：１９９７年_04：登校　背景状況説明　４月１４日,唯依,7613FE172406C49893EA0844BB35372A2C45E4D2F26460C36293F03E851CB5FB,text,「没有，只是刚好有点时间。随便翻翻打发时间而已。」\p
63,game_t00062,０２０：１９９７年_04：登校　背景状況説明　４月１４日.egpack,０２０：１９９７年_04：登校　背景状況説明　４月１４日,安芸,053EF062F505BF458ACC27ADD98C90784BC0CA438CB48E2CD2A0DC32ABC8470D,text,「呜哇——教材这种东西，就算闲着我也不想看！你可真厉害！不愧是我们的小队长大人！」\p
64,game_t00063,０２０：１９９７年_04：登校　背景状況説明　４月１４日.egpack,０２０：１９９７年_04：登校　背景状況説明　４月１４日,唯依,19A342C5A7C4F2B28B8E5A54D966E74BEB58F9A042CAEF1157FB06E7E93FC6AE,text,「真、真是的，安艺，别拿我开玩笑。」\p
65,game_t00064,０２０：１９９７年_04：登校　背景状況説明　４月１４日.egpack,０２０：１９９７年_04：登校　背景状況説明　４月１４日,安芸,F6246F4CCEE68A6EBFE844C2D0C83BB8B23AEEB29DE868E5AE27513432734444,text,「哪有哪有，你每次约好见面都早到，家格硬塞给你的麻烦差事也从不抱怨。唉，我们家是外样真是太好了～」\p
66,game_t00065,０２０：１９９７年_04：登校　背景状況説明　４月１４日.egpack,０２０：１９９７年_04：登校　背景状況説明　４月１４日,志摩子,FD7133A9396255772D1B78FB1F5B549A083A80BD611122C12D8DA53393FE948A,text,「安艺……这种事，就算是外样也该好好做吧。」\p
67,game_t00066,０２０：１９９７年_04：登校　背景状況説明　４月１４日.egpack,０２０：１９９７年_04：登校　背景状況説明　４月１４日,和泉,E7B3EEF609EB10A0284F821C97201086BC30A5CBA900078DB36A33F1BC6DF790,text,「就是啊。也替我和志摩子想想，别害我们因为同属外样而被当成一路人。」\p
68,game_t00067,０２０：１９９７年_04：登校　背景状況説明　４月１４日.egpack,０２０：１９９７年_04：登校　背景状況説明　４月１４日,安芸,7E9B4F9AC9841298F3B6583DF2187C1C150B39CCDB1854547B18ED95022814CD,text,「咦？你们在说什么啊？」\p
69,game_t00068,０２０：１９９７年_04：登校　背景状況説明　４月１４日.egpack,０２０：１９９７年_04：登校　背景状況説明　４月１４日,和泉,7AD76822FD844C04B32ADECEFDC14500A3B0B3F7D1BF5A286B01A53FD46CCD8A,text,「拜托啦安艺，别把我最后那点自信也夺走。」\p
70,game_t00069,０２０：１９９７年_04：登校　背景状況説明　４月１４日.egpack,０２０：１９９７年_04：登校　背景状況説明　４月１４日,安芸,BC7A098D25881F2EE326D839EE24B360A5EDDCBB8047E268258874400E27B936,text,「底气？」\p
71,game_t00070,０２０：１９９７年_04：登校　背景状況説明　４月１４日.egpack,０２０：１９９７年_04：登校　背景状況説明　４月１４日,和泉,E2930DBDAAD3DC5843095163E022EE81AE052B2AFA2027CF6D33DE5F6C199CCE,text,「撇开武家的矜持不谈，说真的，我非常担心自己在军队里到底能不能干得下去。」\p
72,game_t00071,０２０：１９９７年_04：登校　背景状況説明　４月１４日.egpack,０２０：１９９７年_04：登校　背景状況説明　４月１４日,安芸,B503CB7A3A8C6D1FF4A0612C99FB4BFBA355AEF77DE4BA5967B41837276524FF,text,「啊——原来是这个意思。……嗯，那倒也是。」\p
73,game_t00072,０２０：１９９７年_04：登校　背景状況説明　４月１４日.egpack,０２０：１９９７年_04：登校　背景状況説明　４月１４日,和泉,C73261021B8BA8A757BF82B71E2F6D09A623A67A923DCE81E260F08ED391440A,text,「我唯一能让自己相信能撑下去的依据，就是自己被选入了门槛极高的卫士训练。明白吗？」\p
74,game_t00073,０２０：１９９７年_04：登校　背景状況説明　４月１４日.egpack,０２０：１９９７年_04：登校　背景状況説明　４月１４日,安芸,A1B0113765641B336FA22C98C584C67DAFD7140DC3414BBEBD085C5AA1C672C6,text,「嗯嗯，我懂啊和泉～坦克兵和机械化步兵可惨了！能被选上当卫士真是太好了！」\p
75,game_t00074,０２０：１９９７年_04：登校　背景状況説明　４月１４日.egpack,０２０：１９９７年_04：登校　背景状況説明　４月１４日,安芸,FEA52FF724D061705EDF64BF0B9B11BC4D7D7448B33E578BE29D6B8FD6DFEF09,text,「喂，和泉，你躲什么啊！」\p
76,game_t00075,０２０：１９９７年_04：登校　背景状況説明　４月１４日.egpack,０２０：１９９７年_04：登校　背景状況説明　４月１４日,和泉,AAB0DDEA90321B0C6AEE2D6B7A2A9EB74E5A4F6320F9EC8CFDBE32ADBD8E044C,text,「所以我才说一点都不好。连你都能被选上，我那点自信早就碎得一干二净了。」\p
77,game_t00076,０２０：１９９７年_04：登校　背景状況説明　４月１４日.egpack,０２０：１９９７年_04：登校　背景状況説明　４月１４日,安芸,D2079F8B908C4BCD10F1BDB9D2422A6B17DAB5318E3EA150379179C1522D2195,text,「——你什么意思！！凭什么因为我就碎得一干二净啊！？」\p
78,game_t00077,０２０：１９９７年_04：登校　背景状況説明　４月１４日.egpack,０２０：１９９７年_04：登校　背景状況説明　４月１４日,志摩子,1C3B76259B6EB2124C939DC0B5EAA5BAA44DCB9733AF766042A899BD3DC4B9D1,text,「喂，安艺……！和泉也是……！」\p
79,game_t00078,０２０：１９９７年_04：登校　背景状況説明　４月１４日.egpack,０２０：１９９７年_04：登校　背景状況説明　４月１４日,和泉,10BA5BCE4AF797595F3C412915FA8B3C0C361A114C8F1D028D2DE89449D5D0D5,text,「就是这种地方啊。唉，看来卫士选拔根本不看武门品格呢……」\p
80,game_t00079,０２０：１９９７年_04：登校　背景状況説明　４月１４日.egpack,０２０：１９９７年_04：登校　背景状況説明　４月１４日,安芸,83BCAC54A6E8A33E46DCE2E42F5591E887E6D53B24B425F5EC04FEF224704F11,text,「唔唔唔……！既然这样，和泉，你也给我拿出点武家小姐的样子来！」\p
81,game_t00080,０２０：１９９７年_04：登校　背景状況説明　４月１４日.egpack,０２０：１９９７年_04：登校　背景状況説明　４月１４日,和泉,628E9824780279730FB38DFD4C3314B991F35F40D1CFF67C15CC9A724C3318E7,text,「哎呀，如你所见，我可是——」\p
82,game_t00081,０２０：１９９７年_04：登校　背景状況説明　４月１４日.egpack,０２０：１９９７年_04：登校　背景状況説明　４月１４日,安芸,9BFDC16CC5DD2FA356A298718747BB282B8D773C52B31912446AE897EE970FF7,text,「——男女交往要注意品格和分寸哦？！可别放任自己沉溺于淫乱情欲！！」\p
83,game_t00082,０２０：１９９７年_04：登校　背景状況説明　４月１４日.egpack,０２０：１９９７年_04：登校　背景状況説明　４月１４日,和泉,456F1D5992DF9C98F4A442A905BA7CF19BC0D0511EFC3BE97631AE0BF1F0578E,text,「——你你你说什么呀！？我、我们才、才没有，那个……！！！」\p
84,game_t00083,０２０：１９９７年_04：登校　背景状況説明　４月１４日.egpack,０２０：１９９７年_04：登校　背景状況説明　４月１４日,志摩子,FC6BC32CEA30007C0144FB97FAA9A4677F8E850CECA3D3E385799AA96F381FA7,text,「真是的，你们两个！」\p
85,game_t00084,０２０：１９９７年_04：登校　背景状況説明　４月１４日.egpack,０２０：１９９７年_04：登校　背景状況説明　４月１４日,唯依,FC1BB2D07B8CA4CB833A8FC775711F88FDC75DF9188537E5BF556C9021D9D39C,text,「…\w…\w…\w…\w」\p
86,game_t00085,０２０：１９９７年_04：登校　背景状況説明　４月１４日.egpack,０２０：１９９７年_04：登校　背景状況説明　４月１４日,声,748C504E4FE922D6ED39E6465FF2E34E5C43FA46D2B0DDFA01013CB280BB498E,text,「——武家的大小姐们可真轻松啊～」\p
87,game_t00086,０２０：１９９７年_04：登校　背景状況説明　４月１４日.egpack,０２０：１９９７年_04：登校　背景状況説明　４月１４日,女学生１,02BA404179F5F524A2DBAE122F9A504C9B57A16684F6BA79CB7AFBF4B81673D8,text,「大早上就闹成那样。明明是在军队里，居然还玩得那么开心～」\p
88,game_t00087,０２０：１９９７年_04：登校　背景状況説明　４月１４日.egpack,０２０：１９９７年_04：登校　背景状況説明　４月１４日,女学生２,DBF140D543930AEEC6BE2C278C375124F47FB892ABBADAA17F88D0423EDD40B7,text,「才不是，听说那里是什么“大小姐军人教室”。我哥在陆军，他说的。」\p
89,game_t00088,０２０：１９９７年_04：登校　背景状況説明　４月１４日.egpack,０２０：１９９７年_04：登校　背景状況説明　４月１４日,女学生３,EA1A334ECEEAF0F71F7020AF1F062F54583D09E93D446D14B55768B327BB071B,text,「诶～所以当兵也只是‘武家小姐的修养’？哈哈，那不就是新娘修行嘛。」\p
90,game_t00089,０２０：１９９７年_04：登校　背景状況説明　４月１４日.egpack,０２０：１９９７年_04：登校　背景状況説明　４月１４日,志摩子,F8AC2E51A224E6E8C4E8FF7BF2326F509529C83DF54B9C6EF94AA23833B924F3,text,「……安、安艺，你声音太大了……大家都在看……！」\p
91,game_t00090,０２０：１９９７年_04：登校　背景状況説明　４月１４日.egpack,０２０：１９９７年_04：登校　背景状況説明　４月１４日,安芸,773ABD7AEAF4A80A260311F6D16E1B6742EDCD76FAE39BEA7B558362BCDDB2A4,text,「啊，抱歉。可是和泉她……！？」\p
92,game_t00091,０２０：１９９７年_04：登校　背景状況説明　４月１４日.egpack,０２０：１９９７年_04：登校　背景状況説明　４月１４日,唯依,5B51FABA9A62778D78532AD1FFC8D283EB16C23130A7440F48A0A4B6EB5B6B55,text,「――！」
93,game_t00092,０２０：１９９７年_04：登校　背景状況説明　４月１４日.egpack,０２０：１９９７年_04：登校　背景状況説明　４月１４日,志摩子,F512EB7206174A3E1F0603EA0ADFBB26338E9D22A3188BD3C5E28723124E3DFF,text,「…\w…\w！」
94,game_t00093,０２０：１９９７年_04：登校　背景状況説明　４月１４日.egpack,０２０：１９９７年_04：登校　背景状況説明　４月１４日,和泉,16E3CA25E9069BAC8122ACD0A12ABA6DF0A6C8529E97A390A3869AE0CB8E920D,text,「……！」\p
95,game_t00094,０２０：１９９７年_04：登校　背景状況説明　４月１４日.egpack,０２０：１９９７年_04：登校　背景状況説明　４月１４日,同期生,59F4EB9E2D1D46096C713E6E74FADCE177B4DE94260A8BEA3C5F874FAB3A0617,text,「…\w…\w」\p
96,game_t00095,０２０：１９９７年_04：登校　背景状況説明　４月１４日.egpack,０２０：１９９７年_04：登校　背景状況説明　４月１４日,同期生,16A6BE33CC3E06150FC276CD078673434441A3CAD805A4B261B9D9544F4A0D00,text,「……！」\p
97,game_t00096,０２０：１９９７年_04：登校　背景状況説明　４月１４日.egpack,０２０：１９９７年_04：登校　背景状況説明　４月１４日,同期生,59F4EB9E2D1D46096C713E6E74FADCE177B4DE94260A8BEA3C5F874FAB3A0617,text,「…\w…\w」\p
98,game_t00097,０２０：１９９７年_04：登校　背景状況説明　４月１４日.egpack,０２０：１９９７年_04：登校　背景状況説明　４月１４日,唯依,FC1BB2D07B8CA4CB833A8FC775711F88FDC75DF9188537E5BF556C9021D9D39C,text,「…\w…\w…\w…\w」\p
99,game_t00098,０２０：１９９７年_04：登校　背景状況説明　４月１４日.egpack,０２０：１９９７年_04：登校　背景状況説明　４月１４日,旁白,68F32BB2BA2EC660E51744A751A7761DC3B4BF1F25CDC4F715069D21C29A8DDF,text,没关系……\p
100,game_t00099,０２０：１９９７年_04：登校　背景状況説明　４月１４日.egpack,０２０：１９９７年_04：登校　背景状況説明　４月１４日,旁白,42590241C85092CB941D4944CB22758D6CABD42644681CE04B9B91D7A070931B,text,被人这样看……我早就习惯了。\p
101,game_t00100,０２０：１９９７年_04：登校　背景状況説明　４月１４日.egpack,０２０：１９９７年_04：登校　背景状況説明　４月１４日,旁白,CD880AD885D6D01320E3761F9A6C58B8CA3CEC08A527FE1765C1372289F2655E,text,来自同为武家的人的轻蔑，我已经习惯了……所以没关系……\p
102,game_t00101,０２０：１９９７年_04：登校　背景状況説明　４月１４日.egpack,０２０：１９９７年_04：登校　背景状況説明　４月１４日,唯依,FC1BB2D07B8CA4CB833A8FC775711F88FDC75DF9188537E5BF556C9021D9D39C,text,「…\w…\w…\w…\w」\p
103,game_t00102,０２０：１９９７年_04：登校　背景状況説明　４月１４日.egpack,０２０：１９９７年_04：登校　背景状況説明　４月１４日,安芸,6D1CFC0BC78D2175C8FA222972FF288680E09D8352E35E137DA084F578B3FEBA,text,「——哼，那些家伙说的什么话。明明只是靠着和平过日子……！」\p
104,game_t00103,０２０：１９９７年_04：登校　背景状況説明　４月１４日.egpack,０２０：１９９７年_04：登校　背景状況説明　４月１４日,唯依,FC1BB2D07B8CA4CB833A8FC775711F88FDC75DF9188537E5BF556C9021D9D39C,text,「…\w…\w…\w…\w」\p
105,game_t00104,０２０：１９９７年_04：登校　背景状況説明　４月１４日.egpack,０２０：１９９７年_04：登校　背景状況説明　４月１４日,旁白,6286E9F1BCADBAE03CE108BFE244A4458FC40B2903148FCFAB69B13DB2DF90CF,text,可我们不也一样，只是在仰仗和平吗……\p
106,game_t00105,０２０：１９９７年_04：登校　背景状況説明　４月１４日.egpack,０２０：１９９７年_04：登校　背景状況説明　４月１４日,旁白,1C310E184FE9618A954F0A471A02F782E0E4E9F8FDE4D0E9237BCBAD4078E9D6,text,进入斯卫名校——山百合女子卫士训练学校，已经两周了。我原以为这里会不同于中学，是个处处遵循武家严整规范的地方。\p
107,game_t00106,０２０：１９９７年_04：登校　背景状況説明　４月１４日.egpack,０２０：１９９７年_04：登校　背景状況説明　４月１４日,旁白,76E8DD59530D52DB68A8E934E1B3D60EFF975F2D892C1A61B2FE7A8A3A611715,text,可“不该是这样的”这种微小的念头，却日复一日地积压在我心里。\p
108,game_t00107,０２０：１９９７年_04：登校　背景状況説明　４月１４日.egpack,０２０：１９９７年_04：登校　背景状況説明　４月１４日,旁白,626D31131233A236FBD3E894BFBA86C6E4D899431AD97707F4324C3A149FEC67,text,连同为武家的我都会这么想，那普通人看在眼里……\p
109,game_t00108,０２０：１９９７年_04：登校　背景状況説明　４月１４日.egpack,０２０：１９９７年_04：登校　背景状況説明　４月１４日,旁白,5E046DE5F1C8468F4F8F27D8A4B300F37F7472E346D8DB9ABD13E8784417F8B9,text,武家本就因种种原因，受着媒体和世俗的有色眼光……\p
110,game_t00109,０２０：１９９７年_04：登校　背景状況説明　４月１４日.egpack,０２０：１９９７年_04：登校　背景状況説明　４月１４日,安芸,EA2CD10053430FD85C9C60CB307FBC50CD9873AEF40208C74F3DDFCB495B9F2B,text,「我们只因为是武家，连女人都要应征入伍！明明……明明大家都是高中生！」\p
111,game_t00110,０２０：１９９７年_04：登校　背景状況説明　４月１４日.egpack,０２０：１９９７年_04：登校　背景状況説明　４月１４日,志摩子,CF48CE95A368491A0007053A0F1CD0D8FCC1058CF84ACE6BA1680BD88AB6D05C,text,「可是那些女孩……说不定她们的家人正在大陆作战。」\p
112,game_t00111,０２０：１９９７年_04：登校　背景状況説明　４月１４日.egpack,０２０：１９９７年_04：登校　背景状況説明　４月１４日,安芸,52E4F82A4F5A3BB6B42E04744280272B0BDA22794DB26CF68AD66F64293789EE,text,「我知道啊志摩子，可她们也不能把我们说成是来学做新娘、上兴趣班的吧……！」\p
113,game_t00112,０２０：１９９７年_04：登校　背景状況説明　４月１４日.egpack,０２０：１９９７年_04：登校　背景状況説明　４月１４日,和泉,C0942CC8753F44A941981403F4DB23FF14B60087C1C873C3B7F6FBE5AC6DC548,text,「我听说，帝国军的训练学校里也有人这样嘲笑我们。」\p
114,game_t00113,０２０：１９９７年_04：登校　背景状況説明　４月１４日.egpack,０２０：１９９７年_04：登校　背景状況説明　４月１４日,安芸,9D4C97FE55B0882CB1653BF881787F98FA809264E3B82E5723932A598921EDF8,text,「搞什么，瞧不起人吗！不过是一群学生，她们以为自己是谁——」\p
115,game_t00114,０２０：１９９７年_04：登校　背景状況説明　４月１４日.egpack,０２０：１９９７年_04：登校　背景状況説明　４月１４日,唯依,F6E2613E1D9D549ABD0A5B083C9F375FCC13E595F5B438C58C76DFE93CFF1B97,text,「——她们可能……只是太紧张了吧。」\p
116,game_t00115,０２０：１９９７年_04：登校　背景状況説明　４月１４日.egpack,０２０：１９９７年_04：登校　背景状況説明　４月１４日,安芸,B60C3C5ACB83D0E6B65C3D3296B73A69AF241B90AD4DDFF81ABEE2AE2D544E3E,text,「咦……？」
117,game_t00116,０２０：１９９７年_04：登校　背景状況説明　４月１４日.egpack,０２０：１９９７年_04：登校　背景状況説明　４月１４日,志摩子,DAFC22FD62C580CCB0A57E648D8360C69EEC70E1064386C43FEDB78DCF9FC81E,text,「…\w…\w」
118,game_t00117,０２０：１９９７年_04：登校　背景状況説明　４月１４日.egpack,０２０：１９９７年_04：登校　背景状況説明　４月１４日,和泉,59F4EB9E2D1D46096C713E6E74FADCE177B4DE94260A8BEA3C5F874FAB3A0617,text,「…\w…\w」\p
119,game_t00118,０２０：１９９７年_04：登校　背景状況説明　４月１４日.egpack,０２０：１９９７年_04：登校　背景状況説明　４月１４日,唯依,F5076ADC485AA8F06056FEE15412D7DC22AF3F498758E150A54A5926A8346AA7,text,「现在不是在讨论再次下调未婚女性的征兵年龄吗。所以……大概是这个原因。」\p
120,game_t00119,０２０：１９９７年_04：登校　背景状況説明　４月１４日.egpack,０２０：１９９７年_04：登校　背景状況説明　４月１４日,志摩子,BAB608C0C42F0332155F32FECC96B71A7F9E8F3D92C43010D0A58B17FFDB3F58,text,「斯卫只向大陆派过一次兵就停止了……我们就算正式任官，也只会部署在本土。」\p
121,game_t00120,０２０：１９９７年_04：登校　背景状況説明　４月１４日.egpack,０２０：１９９７年_04：登校　背景状況説明　４月１４日,安芸,C7A5BDD8B119F8BF3D634BFFEF83B5078244305364AAAADE47AB959811D5F7CC,text,「……那又怎么样。」\p
122,game_t00121,０２０：１９９７年_04：登校　背景状況説明　４月１４日.egpack,０２０：１９９７年_04：登校　背景状況説明　４月１４日,和泉,1B92F38D0AA2BC47D5880FD5492948D81B6FA05288D50E46FDA52DDF74BBA703,text,「那些被征入帝国军的女孩，可能会被派往大陆。她们当然会觉得不公平——明明大家都是高中生。」\p
123,game_t00122,０２０：１９９７年_04：登校　背景状況説明　４月１４日.egpack,０２０：１９９７年_04：登校　背景状況説明　４月１４日,安芸,20D72CA35B0831FE0AF939B75D33A34C587193297B442085BD49E79C963BC521,text,「帝国军里的年轻女兵不都是文职，最多也只执行后方任务吗！」\p
124,game_t00123,０２０：１９９７年_04：登校　背景状況説明　４月１４日.egpack,０２０：１９９７年_04：登校　背景状況説明　４月１４日,安芸,9EE9CC069EE1ECEE551B09E9783C29737AC79FA338540EC8DC3A72B3EE0C75D0,text,「我们呢……如果BETA打过来，可是要顶在战区正面作战的！」\p
125,game_t00124,０２０：１９９７年_04：登校　背景状況説明　４月１４日.egpack,０２０：１９９７年_04：登校　背景状況説明　４月１４日,安芸,169129FDBF264C9641B0A854C932093482A381667944C553BFCD6A24B6FE3C09,text,「她们觉得我们占了便宜……那我们觉得她们轻松也一样啊……！」\p
126,game_t00125,０２０：１９９７年_04：登校　背景状況説明　４月１４日.egpack,０２０：１９９７年_04：登校　背景状況説明　４月１４日,唯依,FC1BB2D07B8CA4CB833A8FC775711F88FDC75DF9188537E5BF556C9021D9D39C,text,「…\w…\w…\w…\w」\p
127,game_t00126,０２０：１９９７年_04：登校　背景状況説明　４月１４日.egpack,０２０：１９９７年_04：登校　背景状況説明　４月１４日,旁白,B71F3AF6C894B53D058FC81878434098AD8F5AA66001CAB56AB57C67EFAE4003,text,BETA……打过来的话……？！\p
128,game_t00127,０２０：１９９７年_04：登校　背景状況説明　４月１４日.egpack,０２０：１９９７年_04：登校　背景状況説明　４月１４日,旁白,1B4FAE8400200E7EF592A5F16BADE92DED74B6F392153C24F113D7413CC61C84,text,京都……遭到BETA进攻……！？\p
129,game_t00128,０２０：１９９７年_04：登校　背景状況説明　４月１４日.egpack,０２０：１９９７年_04：登校　背景状況説明　４月１４日,唯依,D84ACB792179738F5D8980065A40DEB1D0D43BB1E25A7F304265FB7E1E973311,text,「…\w…\w！？」\p
130,game_t00129,０２０：１９９７年_04：登校　背景状況説明　４月１４日.egpack,０２０：１９９７年_04：登校　背景状況説明　４月１４日,旁白,9176477F00D6390ECAEBF0A51DC7DF7B0339169BD3AC1BD903A84B249FEFA872,text,我在想什么蠢事……我到底……在想什么……\p
131,game_t00130,０２０：１９９７年_04：登校　背景状況説明　４月１４日.egpack,０２０：１９９７年_04：登校　背景状況説明　４月１４日,志摩子,AFEB975BCF05DBE3EAC48F2B5C05DD5CC3F9E9B4D3A3F5B70684314AF21AC423,text,「唯依……？」\p
132,game_t00131,０２０：１９９７年_04：登校　背景状況説明　４月１４日.egpack,０２０：１９９７年_04：登校　背景状況説明　４月１４日,旁白,7C4F295C39D64AE0BDEB08CAA88CB7D958F0038559C57BBB742A3B3059C0E1A0,text,――！\p
133,game_t00132,０２０：１９９７年_04：登校　背景状況説明　４月１４日.egpack,０２０：１９９７年_04：登校　背景状況説明　４月１４日,旁白,B0D1707AE124FDD670BE3D0D64601318A5AF4BBF63A838E40C98F1B251AF1256,text,不行——一旦表现出动摇，大家就会不安。我出身谱代，必须给大家树立典范——\p
134,game_t00133,０２０：１９９７年_04：登校　背景状況説明　４月１４日.egpack,０２０：１９９７年_04：登校　背景状況説明　４月１４日,唯依,C4F70026F16AE3EE301897A7BDB0AFE1F47EC4D6DC11EF44A3EFE262335DE16C,text,「我说——我们差不多该走了吧？」\p
135,game_t00134,０２０：１９９７年_04：登校　背景状況説明　４月１４日.egpack,０２０：１９９７年_04：登校　背景状況説明　４月１４日,旁白,38028882DFF69DEE8BDA727C65B19981CAFB6281CD1AEFED02DEDB98D6B911A1,text,总之先调整好心情。\p
136,game_t00135,０２０：１９９７年_04：登校　背景状況説明　４月１４日.egpack,０２０：１９９７年_04：登校　背景状況説明　４月１４日,旁白,ED54277DF31E1DE6ABC0DB897CB4D4992C2F741ACB8614ADD849EC5BBCBC5520,text,如果靠武家身份让大家服从，只会给篁家抹黑。必须用自己的行动来证明——\p
137,game_t00136,０２０：１９９７年_04：登校　背景状況説明　４月１４日.egpack,０２０：１９９７年_04：登校　背景状況説明　４月１４日,唯依,3FE2C02E61D7CA33C707234E763E0075CC4C3CD3202B24F78A18A8D7A1B7B3ED,text,「再不快点，装甲剑道部的晨练就赶不上了。」\p
138,game_t00137,０２０：１９９７年_04：登校　背景状況説明　４月１４日.egpack,０２０：１９９７年_04：登校　背景状況説明　４月１４日,和泉,66EEF99B51BBCB0D9A5BA40DFA83EE3097C17A97521BA3569E4A554F503D1BC7,text,「啊——对哦！难得获准观摩，迟到可就糟了！」\p
139,game_t00138,０２０：１９９７年_04：登校　背景状況説明　４月１４日.egpack,０２０：１９９７年_04：登校　背景状況説明　４月１４日,安芸,38E9F713205DB4E825F878613692552275B453508AA9AEBDDA6DC599B0C6D2C5,text,「我们今天本来就是为了这个才提前集合的。真是的，都怪和泉多嘴！」\p
140,game_t00139,０２０：１９９７年_04：登校　背景状況説明　４月１４日.egpack,０２０：１９９７年_04：登校　背景状況説明　４月１４日,和泉,5786B58D0CC021BC039CAF2A73B08C99653BAADB0299EBC6AF455A07391F892A,text,「又怪到别人头上。你真不配自称武家小姐～」\p
141,game_t00140,０２０：１９９７年_04：登校　背景状況説明　４月１４日.egpack,０２０：１９９７年_04：登校　背景状況説明　４月１４日,安芸,9BB796DA3857EA938826BF54A5FF0A4D7A5E82C664882F868E6C2DCA23A78BF1,text,「你说什么～～！」\p
142,game_t00141,０２０：１９９７年_04：登校　背景状況説明　４月１４日.egpack,０２０：１９９７年_04：登校　背景状況説明　４月１４日,志摩子,11D942273CBD3C3FECF5B5904041A124B58A321FEE321CFEB238EE05568121A7,text,「真是的，安艺你呀……」\p
143,game_t00142,０２０：１９９７年_04：登校　背景状況説明　４月１４日.egpack,０２０：１９９７年_04：登校　背景状況説明　４月１４日,唯依,29147247B69C52D412B009BCC7778C203238826EC0CA8ADD21AC6DD836C7FBF2,text,「我们也走吧。」\p
144,game_t00143,０２０：１９９７年_04：登校　背景状況説明　４月１４日.egpack,０２０：１９９７年_04：登校　背景状況説明　４月１４日,志摩子,7DE094378567803F4271541AC1CB0AB8E93C3970318DA20E9B3FDF4AE8F57AC0,text,「嗯。」\p
145,game_t00144,０２０：１９９７年_04：登校　背景状況説明　４月１４日.egpack,０２０：１９９７年_04：登校　背景状況説明　４月１４日,唯依,FC1BB2D07B8CA4CB833A8FC775711F88FDC75DF9188537E5BF556C9021D9D39C,text,「…\w…\w…\w…\w」\p
146,game_t00145,０２０：１９９７年_04：登校　背景状況説明　４月１４日.egpack,０２０：１９９７年_04：登校　背景状況説明　４月１４日,唯依,FC1BB2D07B8CA4CB833A8FC775711F88FDC75DF9188537E5BF556C9021D9D39C,text,「…\w…\w…\w…\w」\p
147,game_t00146,０２０：１９９７年_04：登校　背景状況説明　４月１４日.egpack,０２０：１９９７年_04：登校　背景状況説明　４月１４日,女学生１,748C504E4FE922D6ED39E6465FF2E34E5C43FA46D2B0DDFA01013CB280BB498E,text,「——武家的大小姐们可真轻松啊～」\p
148,game_t00147,０２０：１９９７年_04：登校　背景状況説明　４月１４日.egpack,０２０：１９９７年_04：登校　背景状況説明　４月１４日,女学生１,4716568D5DF0C7EC1120602DD628941163225416D69BBDCFE4D84CB6C15674C4,text,「明明是在军队里，居然还玩得那么开心～」\p
149,game_t00148,０２０：１９９７年_04：登校　背景状況説明　４月１４日.egpack,０２０：１９９７年_04：登校　背景状況説明　４月１４日,女学生２,31D541614FF9EB6E2C31F406BC3027E50F6DF897F462925976B96DC1330A04E0,text,「才不是，听说那里是什么“大小姐军人教室”。」\p
150,game_t00149,０２０：１９９７年_04：登校　背景状況説明　４月１４日.egpack,０２０：１９９７年_04：登校　背景状況説明　４月１４日,女学生３,A6BB5E41FD80E614A93112D27BAD3BB3DEDCB4C1609BB8AACB40220D75640235,text,「所以当兵也只是“武家小姐的修养”？那不就是新娘修行嘛。」\p
151,game_t00150,０２０：１９９７年_04：登校　背景状況説明　４月１４日.egpack,０２０：１９９７年_04：登校　背景状況説明　４月１４日,唯依,FC1BB2D07B8CA4CB833A8FC775711F88FDC75DF9188537E5BF556C9021D9D39C,text,「…\w…\w…\w…\w」\p
152,game_t00151,０２０：１９９７年_04：登校　背景状況説明　４月１４日.egpack,０２０：１９９７年_04：登校　背景状況説明　４月１４日,旁白,49200EF744F8B4775D012B8FC7430073A2760109A310B450725B3CE8A02185F1,text,问题不只在于那些女孩这么想。恐怕，这正是绝大多数国民对武家最真实的感受……\p
153,game_t00152,０２０：１９９７年_04：登校　背景状況説明　４月１４日.egpack,０２０：１９９７年_04：登校　背景状況説明　４月１４日,旁白,ECEA5C28914446F3C0BEBB682339EAC4660003E13236B6CE3F23B228193CD537,text,身为斯卫的武家之人自出生起便肩负重任——相对地，也享受着某种优待——\p
154,game_t00153,０２０：１９９７年_04：登校　背景状況説明　４月１４日.egpack,０２０：１９９７年_04：登校　背景状況説明　４月１４日,旁白,DD5F844616863566CB06BBD8F35B276F86924A9E4D23486B589A6B4D151EE157,text,社会将这种优待理解为特权，要求武家与不承担相同责任的人平等，媒体再对此加以声讨——这便形成了一套固定的舆论格局。\p
155,game_t00154,０２０：１９９７年_04：登校　背景状況説明　４月１４日.egpack,０２０：１９９７年_04：登校　背景状況説明　４月１４日,旁白,29E3631BF7815F02B453D48BF02115B7CF755A4D21706C7AB9405D813321D252,text,我们为这种不公感到愤怒；可与生俱来的高洁和责任，又不允许我们公开诉说这份愤怒……这本身就是矛盾。\p
156,game_t00155,０２０：１９９７年_04：登校　背景状況説明　４月１４日.egpack,０２０：１９９７年_04：登校　背景状況説明　４月１４日,唯依,FC1BB2D07B8CA4CB833A8FC775711F88FDC75DF9188537E5BF556C9021D9D39C,text,「…\w…\w…\w…\w」\p
157,game_t00156,０２０：１９９７年_04：登校　背景状況説明　４月１４日.egpack,０２０：１９９７年_04：登校　背景状況説明　４月１４日,旁白,9F9CBC8392A0D84D791FDAC1B7BFFB330AC0D7C8FFAF53483124EAC0D764883E,text,她们也在认真面对这样的现实……越是重视武家规范的人，心里越是愧疚，也越觉得抬不起头……\p
158,game_t00157,０２０：１９９７年_04：登校　背景状況説明　４月１４日.egpack,０２０：１９９７年_04：登校　背景状況説明　４月１４日,志摩子,F07DAA8EB2BA1792521D40D3455616CBDB1E063D32E46C7787F3C46C50ABAE8F,text,「那个……」\p
159,game_t00158,０２０：１９９７年_04：登校　背景状況説明　４月１４日.egpack,０２０：１９９７年_04：登校　背景状況説明　４月１４日,唯依,85B6FD648034C6E550BC387F7FFC652BC80613214C53FB6BFA5778AF7043F0C8,text,「…\w…\w？」\p
160,game_t00159,０２０：１９９７年_04：登校　背景状況説明　４月１４日.egpack,０２０：１９９７年_04：登校　背景状況説明　４月１４日,志摩子,7EBFD29E8E6C267CA29F39026B172BAFC65C3E104CCC40951B46D9D63B71C54C,text,「怎么说呢……对不起啊唯依，大清早就闹成这样……」\p
161,game_t00160,０２０：１９９７年_04：登校　背景状況説明　４月１４日.egpack,０２０：１９９７年_04：登校　背景状況説明　４月１４日,唯依,4AD84B3F1EFCB74D5F07E8AA8C031C2F8C5E5358E37D35A4C3BAC5C0C5D8E022,text,「——咦？怎么突然道歉？」\p
162,game_t00161,０２０：１９９７年_04：登校　背景状況説明　４月１４日.egpack,０２０：１９９７年_04：登校　背景状況説明　４月１４日,志摩子,C5E2CB7D1EA702B4171897C0F2504EE914EE46AF34DB64C0C42632C9B4FCE741,text,「嗯，该怎么说呢，我没能好好做好自己该做的事……」\p
163,game_t00162,０２０：１９９７年_04：登校　背景状況説明　４月１４日.egpack,０２０：１９９７年_04：登校　背景状況説明　４月１４日,唯依,264C71EFDF37CE9D31284E43A94311078B4CC5BA9ABEEB078E1699BFFE488504,text,「什么叫没做好……真是的，志摩子为什么要道歉。刚才那种事，我们也没办法啊。」\p
164,game_t00163,０２０：１９９７年_04：登校　背景状況説明　４月１４日.egpack,０２０：１９９７年_04：登校　背景状況説明　４月１４日,志摩子,AB0236FF941643698FB008545C59E13DC2E9C4095EC1C0CEAEFA7D9931D00F9D,text,「可是，想看装甲剑道部晨练的是我们，提议大家加入同一个社团的也是我们……」\p
165,game_t00164,０２０：１９９７年_04：登校　背景状況説明　４月１４日.egpack,０２０：１９９７年_04：登校　背景状況説明　４月１４日,志摩子,18CD3500251022E45FAFEFDBBCA55F4104EDEB07CAA6F94F7B91F622686A7350,text,「唯依只是陪着我们而已……」\p
166,game_t00165,０２０：１９９７年_04：登校　背景状況説明　４月１４日.egpack,０２０：１９９７年_04：登校　背景状況説明　４月１４日,唯依,CEAE964D549DFDA3B58DA8715EF815CE1B77750D61CF3701A557E35E81F99E90,text,「说什么呢。我们本来也该决定参加哪个社团了，而且我对装甲剑道部也有兴趣。」\p
167,game_t00166,０２０：１９９７年_04：登校　背景状況説明　４月１４日.egpack,０２０：１９９７年_04：登校　背景状況説明　４月１４日,志摩子,E65CA2C9AD4CE3AB2832898E1159022CFCB73391CCBB938125D403C8A7AA25DE,text,「我们明明是唯依的部下……刚才却闹成那样，总觉得我们太没有自觉了……」\p
168,game_t00167,０２０：１９９７年_04：登校　背景状況説明　４月１４日.egpack,０２０：１９９７年_04：登校　背景状況説明　４月１４日,唯依,DFAC755111547E6DF460B39DAE5AEA52D6B30E3241FA58D8B2536075F6B96E36,text,「什么部下啊，那只是训练时的临时编组。我一点都不在意。」\p
169,game_t00168,０２０：１９９７年_04：登校　背景状況説明　４月１４日.egpack,０２０：１９９７年_04：登校　背景状況説明　４月１４日,志摩子,E60C5B1486DE428B7F914AD4917580198FA9D61DBAFDC5B6CAA096F865A658EB,text,「嗯，可是……却因为我们，让你被人那样说……」\p
170,game_t00169,０２０：１９９７年_04：登校　背景状況説明　４月１４日.egpack,０２０：１９９７年_04：登校　背景状況説明　４月１４日,志摩子,FC1BB2D07B8CA4CB833A8FC775711F88FDC75DF9188537E5BF556C9021D9D39C,text,「…\w…\w…\w…\w」\p
171,game_t00170,０２０：１９９７年_04：登校　背景状況説明　４月１４日.egpack,０２０：１９９７年_04：登校　背景状況説明　４月１４日,唯依,225C9457AB29EEFB85F4A2DD350CA1EE43CB6E88931C8C45F4C2A1D9F945D5DD,text,「志摩子……？」\p
172,game_t00171,０２０：１９９７年_04：登校　背景状況説明　４月１４日.egpack,０２０：１９９７年_04：登校　背景状況説明　４月１４日,志摩子,D216E7420C8B7B481C6A230C3D9563824A5A7B3D28665A568EF14F8805EA36F2,text,「唯依出身谱代武家，而且还是下一任家主……我们这些外样却把你卷进了那种事……」\p
173,game_t00172,０２０：１９９７年_04：登校　背景状況説明　４月１４日.egpack,０２０：１９９７年_04：登校　背景状況説明　４月１４日,旁白,CAAE42FED8098F964A78E9F9D43D8419F113F918E722050B7E9A16E36514895A,text,……原来如此。志摩子在意的是家格啊。\p
174,game_t00173,０２０：１９９７年_04：登校　背景状況説明　４月１４日.egpack,０２０：１９９７年_04：登校　背景状況説明　４月１４日,旁白,E11DAE4B3566FD9843F2B57547D577E0A102C2E12631352D6F579B4FDC4A2ECD,text,志摩子十分恪守家格秩序……在同龄的外样武家子女中很少见。\p
175,game_t00174,０２０：１９９７年_04：登校　背景状況説明　４月１４日.egpack,０２０：１９９７年_04：登校　背景状況説明　４月１４日,旁白,42503F275D9B474516A2208DBF5D1163A3859361B84E5F383F13FCDDD98C922E,text,甲斐家大概家风严谨，格外重视传统。她这种谦逊温婉的性格，或许也受到了家风影响。\p
176,game_t00175,０２０：１９９７年_04：登校　背景状況説明　４月１４日.egpack,０２０：１９９７年_04：登校　背景状況説明　４月１４日,旁白,F457EADE2C5DD5C939EB8909D7F4BDA39B675100CA4140BB221930551F53DE28,text,可是，也正因为这样——\p
177,game_t00176,０２０：１９９７年_04：登校　背景状況説明　４月１４日.egpack,０２０：１９９７年_04：登校　背景状況説明　４月１４日,唯依,4DC2A4F0C332048AD7BD9712CFF660655E23F335B4EBBAFFD739AB17DABB349C,text,「——志摩子。」\p
178,game_t00177,０２０：１９９７年_04：登校　背景状況説明　４月１４日.egpack,０２０：１９９７年_04：登校　背景状況説明　４月１４日,志摩子,4FBD4A7E6EF3417B05446EC9C2493AADB9917075238CC62484C83C2F307FF390,text,「……嗯？」\p
179,game_t00178,０２０：１９９７年_04：登校　背景状況説明　４月１４日.egpack,０２０：１９９７年_04：登校　背景状況説明　４月１４日,唯依,D5E27CFA4C4A200FA828294351D971F307785D180C508A4006A92058020E5CC2,text,「我们都是候补生，对吧？所以现在……就别讲那些身份差别了。」\p
180,game_t00179,０２０：１９９７年_04：登校　背景状況説明　４月１４日.egpack,０２０：１９９７年_04：登校　背景状況説明　４月１４日,志摩子,A48DBE3D96D5E61F2078F3AF02E594B585A5CF96A2BD9FED5EB816B728714581,text,「唯依……」\p
181,game_t00180,０２０：１９９７年_04：登校　背景状況説明　４月１４日.egpack,０２０：１９９７年_04：登校　背景状況説明　４月１４日,唯依,10AC0B3D7871FC01A143B92A604A7CA25FE6876242E99DFF825E71A13C8734DA,text,「而且，刚才那种事不是我们能改变的。既然如此，现在就只能先做好眼前该做的事，对吧？」\p
182,game_t00181,０２０：１９９７年_04：登校　背景状況説明　４月１４日.egpack,０２０：１９９７年_04：登校　背景状況説明　４月１４日,志摩子,AB0DFD43CFD29996BB56CCC2AE3A30D8A6FE7591D27CBB3ECF50D099A8F667A4,text,「眼前该做的事……」\p
183,game_t00182,０２０：１９９７年_04：登校　背景状況説明　４月１４日.egpack,０２０：１９９７年_04：登校　背景状況説明　４月１４日,唯依,C86C67EA7F838C11820F8BC8EB054F05B507C73A89ACD430AABB2C3C98EDD068,text,「对。我们只能尽早成为独当一面的卫士，再用自己的行动改变大家对斯卫军的看法。」\p
184,game_t00183,０２０：１９９７年_04：登校　背景状況説明　４月１４日.egpack,０２０：１９９７年_04：登校　背景状況説明　４月１４日,志摩子,60968320621A9B32055BD9AEC97C096DE12093DC292AF286B264EA15CEA5879F,text,「……嗯，唯依说得对。应该由我们去改变。」\p
185,game_t00184,０２０：１９９７年_04：登校　背景状況説明　４月１４日.egpack,０２０：１９９７年_04：登校　背景状況説明　４月１４日,唯依,49F087A3D77ED2A367FCB7E6FEC9A1AAA70F6B5DB520053AE8F7080DE73802A2,text,「再说，我们也只有现在还能这样走读。无论遇到什么，都当作一次学习不就好了？」\p
186,game_t00185,０２０：１９９７年_04：登校　背景状況説明　４月１４日.egpack,０２０：１９９７年_04：登校　背景状況説明　４月１４日,志摩子,7B8343DEB18525AB94AB5AB27A7DDA948FD670AD66AF7BA326DEFB1B8AFA8D1B,text,「这么说也是。基础训练结束以后，我们就得住校了。」\p
187,game_t00186,０２０：１９９７年_04：登校　背景状況説明　４月１４日.egpack,０２０：１９９７年_04：登校　背景状況説明　４月１４日,旁白,69B7BECC1F9FED81F9CB6D60DFB28E609AB6583BEC920374B63E5CFF0F0C3A2E,text,我必须这样说，志摩子才不会继续责怪自己。否则，她会把刚才发生的一切全都揽成是自己对我有所失职。\p
188,game_t00187,０２０：１９９７年_04：登校　背景状況説明　４月１４日.egpack,０２０：１９９７年_04：登校　背景状況説明　４月１４日,志摩子,D9A34DDBB573C3D335D7B57B2E3D89049C413492DF8F4802EE3C5C0640594AF2,text,「……住校啊。虽然各方面都会不自由，但想想也挺让人期待的。」\p
189,game_t00188,０２０：１９９７年_04：登校　背景状況説明　４月１４日.egpack,０２０：１９９７年_04：登校　背景状況説明　４月１４日,唯依,74A1C5AC71BC626005F839612129402F398A07BFA23FCD80E764B1093A7CC3D2,text,「咦？你说期待……？」\p
190,game_t00189,０２０：１９９７年_04：登校　背景状況説明　４月１４日.egpack,０２０：１９９７年_04：登校　背景状況説明　４月１４日,志摩子,836EFF1272FF017F5EDEABB324DB69541A0941138D7CC8B21AD3E6749D2F2147,text,「因为可以一直和大家在一起——说、说不定，还能和唯依分到同一个房间。」\p
191,game_t00190,０２０：１９９７年_04：登校　背景状況説明　４月１４日.egpack,０２０：１９９７年_04：登校　背景状況説明　４月１４日,唯依,D145C9E8E3F5E8E4D6A8C99B383F3BF4DE53CB4B9AA8EE9C885909DCE88A71D6,text,「啊。嗯，是啊。」\p
192,game_t00191,０２０：１９９７年_04：登校　背景状況説明　４月１４日.egpack,０２０：１９９７年_04：登校　背景状況説明　４月１４日,旁白,2164308409674A43FAB1CA62F61DF998749FABA169DDD93D47529E3AC08C35BA,text,原来……是这么回事。\p
193,game_t00192,０２０：１９９７年_04：登校　背景状況説明　４月１４日.egpack,０２０：１９９７年_04：登校　背景状況説明　４月１４日,旁白,8F6F1B1676CC0FDDE2924AA516849F186F3BFFCBA764891B9000841FD62A8D71,text,我对同期生的言行有许多想法，却唯独和志摩子相处时，总会感到一种莫名的自在。\p
194,game_t00193,０２０：１９９７年_04：登校　背景状況説明　４月１４日.egpack,０２０：１９９７年_04：登校　背景状況説明　４月１４日,旁白,AAC9D1A98CBDBC51FAC0E1BCEB4D41445F77E351D013A2F2E9629DF0C478C336,text,原来是她对武家规范的态度，让我自然而然地产生了这种感觉。\p
195,game_t00194,０２０：１９９７年_04：登校　背景状況説明　４月１４日.egpack,０２０：１９９７年_04：登校　背景状況説明　４月１４日,旁白,3D4F2A737D03A12CC360D2D2E84ECC2DE23009744EF79515EBCC92F4B13D1849,text,训练学校在籍期间，原则上所有人一律平等，不论家格。篁家本来就不认同仗着家格逞威，所以我对此没有任何不满。\p
196,game_t00195,０２０：１９９７年_04：登校　背景状況説明　４月１４日.egpack,０２０：１９９７年_04：登校　背景状況説明　４月１４日,旁白,DFB4E20CDA8D58E54A634CB177E96A3993E25ABE350B7446943FB93D3BEE6498,text,和泉和安艺那些不太像武家小姐的言行暂且不论，她们能毫无顾忌地和我相处，我反倒十分感激。\p
197,game_t00196,０２０：１９９７年_04：登校　背景状況説明　４月１４日.egpack,０２０：１９９７年_04：登校　背景状況説明　４月１４日,旁白,AC38FC1CB736743E59BFA25B6589473C28A1AE9F5ACF6DECB9F05825E9E7E60A,text,可是斯卫正规军不同。个人能力固然重要，但各家与将军家的家格关系同样受到重视。\p
198,game_t00197,０２０：１９９７年_04：登校　背景状況説明　４月１４日.egpack,０２０：１９９７年_04：登校　背景状況説明　４月１４日,旁白,50054B72208297A817576EC74636E279D7783C948E83E8CC0EEA334AEA220BB0,text,——“列身武门者，当常居先阵，以身为范”——“居高位者，须具高德”。\p
199,game_t00198,０２０：１９９７年_04：登校　背景状況説明　４月１４日.egpack,０２０：１９９７年_04：登校　背景状況説明　４月１４日,旁白,940C60BE03027182AF899477F13C6094C40592652E51B4385DCE130963A65411,text,斯卫军重视由这些话所代表的传统武家理念。身份越高，承担的责任也越多。\p
200,game_t00199,０２０：１９９７年_04：登校　背景状況説明　４月１４日.egpack,０２０：１９９７年_04：登校　背景状況説明　４月１４日,旁白,B1D10E7BBCF5A6D5103CB0FFB104EA39B7430A7697FC455C79DA1EA4A47A6383,text,而且，这套规则并不只针对武家社会内部。\p
201,game_t00200,０２０：１９９７年_04：登校　背景状況説明　４月１４日.egpack,０２０：１９９７年_04：登校　背景状況説明　４月１４日,旁白,A0A891A2C72CF08C7F681F95E823EE6EDCFFBD62A4B2F5B6A269CF0380242054,text,无论家格高低，面对普通国民时都必须以身作则——这就是生于武家之人的宿命。\p
202,game_t00201,０２０：１９９７年_04：登校　背景状況説明　４月１４日.egpack,０２０：１９９７年_04：登校　背景状況説明　４月１４日,旁白,43634C8301DFB06D63EB684E25D8BF224EA740C2DF2EE241A174E9493E04D3B5,text,我一直深信如此。我遵从父亲和母亲的教导，始终认为武家理所当然就该这样活着。\p
203,game_t00202,０２０：１９９７年_04：登校　背景状況説明　４月１４日.egpack,０２０：１９９７年_04：登校　背景状況説明　４月１４日,旁白,62C5B0B224F5DF5D4DF6D93B440794722E6BDDB730911945D462F729A581E8A2,text,可现实并非如此。\p
204,game_t00203,０２０：１９９７年_04：登校　背景状況説明　４月１４日.egpack,０２０：１９９７年_04：登校　背景状況説明　４月１４日,旁白,21B67EEB3D3B2CD806B84A539E57198B213D5E69A8E032255493B306CF09B696,text,武家子女的规范意识与使命感——这种“与生俱来的责任”，会随着家格降低而逐渐淡薄。\p
205,game_t00204,０２０：１９９７年_04：登校　背景状況説明　４月１４日.egpack,０２０：１９９７年_04：登校　背景状況説明　４月１４日,旁白,9A09B976CF82F95E6FD1E0A8C41097F392B13AAD004B5002687112F980BA1705,text,我在小学和中学里，已经见过太多这样的人。尤其是那些确定将来不会从军的人，这种倾向更为明显。\p
206,game_t00205,０２０：１９９７年_04：登校　背景状況説明　４月１４日.egpack,０２０：１９９７年_04：登校　背景状況説明　４月１４日,旁白,589CD3C0035A6E3191CEF77BFA03A76311846E4E33D007B957D9F57235C9E088,text,并不是所有武家子女都会进入斯卫军。所以他们只是现在稍微松懈一些，也是无可奈何——我以前一直这样想。\p
207,game_t00206,０２０：１９９７年_04：登校　背景状況説明　４月１４日.egpack,０２０：１９９７年_04：登校　背景状況説明　４月１４日,旁白,5F64657AECBA6C971C40E1B0EB9AF11EBCE661172844A22E2C54B8781BDB1620,text,可是……即使进入军队，对自身宿命缺乏认识的人仍然很多。\p
208,game_t00207,０２０：１９９７年_04：登校　背景状況説明　４月１４日.egpack,０２０：１９９７年_04：登校　背景状況説明　４月１４日,旁白,ADACED5F955D3EB66418346203E09926D8AFA41CD646606D896A55C218446886,text,那些有年长兄姐、家督继承顺位较低的人，大多对与生俱来的责任意识淡薄，行事也明显十分被动。\p
209,game_t00208,０２０：１９９７年_04：登校　背景状況説明　４月１４日.egpack,０２０：１９９７年_04：登校　背景状況説明　４月１４日,旁白,61B85375AC59405BFCF4690DB15368786C46E73F6A47B9CF7C7B50690A515379,text,而且他们往往连能够取代这种责任的动机或目标都没有。换言之，像安艺和和泉这样的人才占大多数，才是所谓的“普通”。\p
210,game_t00209,０２０：１９９７年_04：登校　背景状況説明　４月１４日.egpack,０２０：１９９７年_04：登校　背景状況説明　４月１４日,旁白,05C29830DB36254E73B9BC6C8E60860806E94524ED227FB494CE15DDEE7F837A,text,来到山百合女子卫士训练学校后，我才不得不认清这个事实。\p
211,game_t00210,０２０：１９９７年_04：登校　背景状況説明　４月１４日.egpack,０２０：１９９７年_04：登校　背景状況説明　４月１４日,旁白,4760132EEBC2362BBBAFFA413D6B0B4BCECA0F93417769E07547B5195A387FF5,text,我原以为军队的训练机构一定不同于义务教育学校。可我视为常识的一切，原来只是一场误解。\p
212,game_t00211,０２０：１９９７年_04：登校　背景状況説明　４月１４日.egpack,０２０：１９９７年_04：登校　背景状況説明　４月１４日,旁白,4BF9AC774932B4A50DAEBAF5469BEBAC4C10B0DF3B2CFA7550F0C0DC2F333B26,text,我和所有人都不一样。不，不是这样——是我和大家不一样。\p
213,game_t00212,０２０：１９９７年_04：登校　背景状況説明　４月１４日.egpack,０２０：１９９７年_04：登校　背景状況説明　４月１４日,旁白,A672662E47FCC84FB67906369DC94C40DF3EE7E12FD6FCA8A39F9D31D92919C5,text,家中并没有战死的兄长，却由独生女继承家业，这种情况本来就很少见。我一直明白这一点。所以，这也是无可奈何的。\p
214,game_t00213,０２０：１９９７年_04：登校　背景状況説明　４月１４日.egpack,０２０：１９９７年_04：登校　背景状況説明　４月１４日,旁白,4F1811509117BA3B42AA14555960068A96F1B263D893352167421B8698413330,text,可无论怎样劝说自己，无法释怀的情绪还是一天一天积压在心中。\p
215,game_t00214,０２０：１９９７年_04：登校　背景状況説明　４月１４日.egpack,０２０：１９９７年_04：登校　背景状況説明　４月１４日,旁白,4BEC30EC03D228B4ECD2F4916E3C9335AFD91DF52CD879A123763E17B90A9B6B,text,即便如此，我也绝不愿仗着家格，强迫她们服从我的理想。一旦这么做，我就不再是篁家的人了。\p
216,game_t00215,０２０：１９９７年_04：登校　背景状況説明　４月１４日.egpack,０２０：１９９７年_04：登校　背景状況説明　４月１４日,旁白,2A8DAF80FA5F6FCF3F4DC9E4DED24E1FC51B22F1B865E9540015AD337D07F030,text,篁家之人……正因为生于篁家，才必须用自己的行动统率众人。\p
217,game_t00216,０２０：１９９７年_04：登校　背景状況説明　４月１４日.egpack,０２０：１９９７年_04：登校　背景状況説明　４月１４日,唯依,FC1BB2D07B8CA4CB833A8FC775711F88FDC75DF9188537E5BF556C9021D9D39C,text,「…\w…\w…\w…\w」\p
218,game_t00217,０２０：１９９７年_04：登校　背景状況説明　４月１４日.egpack,０２０：１９９７年_04：登校　背景状況説明　４月１４日,旁白,2932202B19B3E7BE64601D37706EA3BBEDE59F4967D78360406526274E193FBD,text,否则……我就会变得和那些用无端诽谤践踏篁家的人一样。\p
219,game_t00218,０２０：１９９７年_04：登校　背景状況説明　４月１４日.egpack,０２０：１９９７年_04：登校　背景状況説明　４月１４日,志摩子,33842504937A9E6180C48E54F3059C4A995C73A987C035F1C5ECA8BE34CB823E,text,「怎、怎么了，唯依？」\p
220,game_t00219,０２０：１９９７年_04：登校　背景状況説明　４月１４日.egpack,０２０：１９９７年_04：登校　背景状況説明　４月１４日,唯依,0F92FAD66E63B3048415CE5B5DB1554291829873385C0063E3B9FC835D5F07BF,text,「咦……？」\p
221,game_t00220,０２０：１９９７年_04：登校　背景状況説明　４月１４日.egpack,０２０：１９９７年_04：登校　背景状況説明　４月１４日,志摩子,81CC8B74B16DC7DE2E422E2983D1B6C3A7455C45BEDCAEFAA47A336AE069D14E,text,「那个——你为什么……一直……盯着我看……」\p
222,game_t00221,０２０：１９９７年_04：登校　背景状況説明　４月１４日.egpack,０２０：１９９７年_04：登校　背景状況説明　４月１４日,唯依,673BA512B00E3BC283B02C435431F7215540ED234CC33AE89513E69B56F48F5E,text,「咦？啊，抱歉。我刚才在想事情——」\p
223,game_t00222,０２０：１９９７年_04：登校　背景状況説明　４月１４日.egpack,０２０：１９９７年_04：登校　背景状況説明　４月１４日,志摩子,F5560DAF6D4DE2197FAB9098D71858A10D3472FDA639595CD1DC5FF72883B8C4,text,「——啊，讨厌……！！」\p
224,game_t00223,０２０：１９９７年_04：登校　背景状況説明　４月１４日.egpack,０２０：１９９７年_04：登校　背景状況説明　４月１４日,安芸,A6B62904253BED746131CFF9C02A4F809474E0DF0B1D3F53F28F8C306439071D,text,「哇——是樱花雨！真舒服～～！」\p
225,game_t00224,０２０：１９９７年_04：登校　背景状況説明　４月１４日.egpack,０２０：１９９７年_04：登校　背景状況説明　４月１４日,和泉,72C9156C5E9846BE1D306EBF3B63B6BC9FC5A9194F26D0F1360D9A423B21B10D,text,「啊～～！我的刘海～～～！！」\p
226,game_t00225,０２０：１９９７年_04：登校　背景状況説明　４月１４日.egpack,０２０：１９９７年_04：登校　背景状況説明　４月１４日,唯依,D84ACB792179738F5D8980065A40DEB1D0D43BB1E25A7F304265FB7E1E973311,text,「…\w…\w！？」\p
227,game_t00226,０２０：１９９７年_04：登校　背景状況説明　４月１４日.egpack,０２０：１９９７年_04：登校　背景状況説明　４月１４日,唯依,AA82FFC8257FA1645982BFEE19DDB02F144AC61EEBDA01BDFBF79AE2D94A8BDB,text,「这个声音是……！」\p
228,game_t00227,０２０：１９９７年_04：登校　背景状況説明　４月１４日.egpack,０２０：１９９７年_04：登校　背景状況説明　４月１４日,和泉,5636FDDEE50EEAFAA4D3686CF581ADB6BDCB7D6E5B317EFFAE0B78C38F04591E,text,「真是的，春天就是这点讨厌～～」\p
229,game_t00228,０２０：１９９７年_04：登校　背景状況説明　４月１４日.egpack,０２０：１９９７年_04：登校　背景状況説明　４月１４日,安芸,337090E7418566BD9872501F326BFD01AC25AAD30809A9C9FE7B55A4CBA94F95,text,「——唯依！快看，就是那个！！」\p
230,game_t00229,０２０：１９９７年_04：登校　背景状況説明　４月１４日.egpack,０２０：１９９７年_04：登校　背景状況説明　４月１４日,唯依,9B1C4CB87B4AF051EC718538195822D67F18F27C1CA65760A694747A002539F7,text,「瑞鹤……！」\p
231,game_t00230,０２０：１９９７年_04：登校　背景状況説明　４月１４日.egpack,０２０：１９９７年_04：登校　背景状況説明　４月１４日,安芸,D7EC7D7C24C822E41A0BE39A2646D894FC10BD94BC489D57A5099C75194DB8AE,text,「是岚山基地的斯卫军部队！哇——太帅了！！」\p
232,game_t00231,０２０：１９９７年_04：登校　背景状況説明　４月１４日.egpack,０２０：１９９７年_04：登校　背景状況説明　４月１４日,志摩子,3DE2E6D43FEDF14F5FD1F082B5D972393728007A11DB5BA8D525D1D90F176340,text,「好美……」\p
233,game_t00232,０２０：１９９７年_04：登校　背景状況説明　４月１４日.egpack,０２０：１９９７年_04：登校　背景状況説明　４月１４日,和泉,033CAE7F82C53900056D566CFC2426368DB87D817B424E9E7C3D3788AB328933,text,「82式·瑞鹤……“其姿端正，宛如折鹤”——当年的大人物还真会形容。」\p
234,game_t00233,０２０：１９９７年_04：登校　背景状況説明　４月１４日.egpack,０２０：１９９７年_04：登校　背景状況説明　４月１４日,安芸,DDB4EB6BC537CFDBF0AE0ADE15AC19E854A6E0EC4C916EEFFC1555D395A936E7,text,「确实！这线条锐利的外形！完全想不到它是以帝国军的击震为基础开发的！」\p
235,game_t00234,０２０：１９９７年_04：登校　背景状況説明　４月１４日.egpack,０２０：１９９７年_04：登校　背景状況説明　４月１４日,志摩子,87B7E847F878A04D0072DD98927BD4ECDFBF9C601F64E5EEB11E6AB2B69D6AB4,text,「虽然同属第一代机，但77式重视重装甲，82式则是强调格斗战、提升机动性的型号。」\p
236,game_t00235,０２０：１９９７年_04：登校　背景状況説明　４月１４日.egpack,０２０：１９９７年_04：登校　背景状況説明　４月１４日,安芸,478947F8D73FF698424A5CA22F07132024DB7F1166ACA5097F70793CC6C9AC43,text,「哦，这正好是昨天兵装概论课上讲的！那么请听题——82式的机名“瑞鹤”，寄托了什么含义？」\p
237,game_t00236,０２０：１９９７年_04：登校　背景状況説明　４月１４日.egpack,０２０：１９９７年_04：登校　背景状況説明　４月１４日,志摩子,D3EBB03BE218EB0C0F316772BBE6D6BEF926F48F142309E6DF0578397B0FBE7F,text,「“瑞兆之大鹤”——也就是带来吉兆的大鹤，对吧？」\p
238,game_t00237,０２０：１９９７年_04：登校　背景状況説明　４月１４日.egpack,０２０：１９９７年_04：登校　背景状況説明　４月１４日,安芸,FC154B070A0603A2B58A875F50E3C2809EC51899CF2CCF94BF3A5C22239277CF,text,「哦——答对了！志摩子，你上课还挺认真嘛！」\p
239,game_t00238,０２０：１９９７年_04：登校　背景状況説明　４月１４日.egpack,０２０：１９９７年_04：登校　背景状況説明　４月１４日,和泉,F9BE4833F9B59D20487A8F68ED1BDA1584B4A3007D688A353D61A33F6B9A710F,text,「帝国第一款国产战术机，也是斯卫军专用的局地防卫战术机——82式战术步行战斗机·瑞鹤。」\p
240,game_t00239,０２０：１９９７年_04：登校　背景状況説明　４月１４日.egpack,０２０：１９９７年_04：登校　背景状況説明　４月１４日,唯依,FC1BB2D07B8CA4CB833A8FC775711F88FDC75DF9188537E5BF556C9021D9D39C,text,「…\w…\w…\w…\w」\p
241,game_t00240,０２０：１９９７年_04：登校　背景状況説明　４月１４日.egpack,０２０：１９９７年_04：登校　背景状況説明　４月１４日,和泉,9E7020AE9264CD0EAD0CB05D7C1CEABEB635EFD6A2B030142357CFE1111B7042,text,「唯依的父亲真厉害，居然能造出那么出色的机体。」\p
242,game_t00241,０２０：１９９７年_04：登校　背景状況説明　４月１４日.egpack,０２０：１９９７年_04：登校　背景状況説明　４月１４日,唯依,5BD6C1ECD92D36150F544E69A8DD02809798170C36E04BE3A922653DCBCA6B6A,text,「……嗯。」\p
243,game_t00242,０２０：１９９７年_04：登校　背景状況説明　４月１４日.egpack,０２０：１９９７年_04：登校　背景状況説明　４月１４日,志摩子,94791B58F3FFCA492543D0D009CF6EEC2DA907059AEB4A79967EC9F630881C00,text,「无论瑞鹤还是74式长刀，我们可一直都在受唯依父亲的恩惠呢。」\p
244,game_t00243,０２０：１９９７年_04：登校　背景状況説明　４月１４日.egpack,０２０：１９９７年_04：登校　背景状況説明　４月１４日,唯依,5BD6C1ECD92D36150F544E69A8DD02809798170C36E04BE3A922653DCBCA6B6A,text,「……嗯。」\p
245,game_t00244,０２０：１９９７年_04：登校　背景状況説明　４月１４日.egpack,０２０：１９９７年_04：登校　背景状況説明　４月１４日,旁白,80A1498181EC5645B04A24A0E53C94C13FBD262EA98D53497077861A20EA7BC6,text,瑞鹤……谢谢你。你是特意过来告诉一直苦恼不休的我，该适可而止了吧。\p
246,game_t00245,０２０：１９９７年_04：登校　背景状況説明　４月１４日.egpack,０２０：１９９７年_04：登校　背景状況説明　４月１４日,唯依,FC1BB2D07B8CA4CB833A8FC775711F88FDC75DF9188537E5BF556C9021D9D39C,text,「…\w…\w…\w…\w」\p
247,game_t00246,０２０：１９９７年_04：登校　背景状況説明　４月１４日.egpack,０２０：１９９７年_04：登校　背景状況説明　４月１４日,旁白,F8DCD0F0EBE064CFB6B9E165B55CAE40FDFF7BED62D0C2FCED3615B5F4F4F225,text,——对不起，父亲。请再给我一点时间。唯依一定会成为斯卫卫士。\p
248,game_t00247,０２０：１９９７年_04：登校　背景状況説明　４月１４日.egpack,０２０：１９９７年_04：登校　背景状況説明　４月１４日,旁白,862F2FE222E63495E5159FE4A87D9CAB3336D2BA3068F616944A8DD099ABE70D,text,然后披上父亲打造的瑞鹤，纵横驰骋于战场，成为帝国的守护者。直到所有人都承认我配得上继承篁家——\p
249,game_t00248,０２０：１９９７年_04：登校　背景状況説明　４月１４日.egpack,０２０：１９９７年_04：登校　背景状況説明　４月１４日,安芸,2C3B89438BCE2EBC1463C70DDC0DF24EDD0ECD851E6D1DFDDB765FF478B23A4C,text,「啊——又来了。又露出那副陶醉的眼神了……」\p
250,game_t00249,０２０：１９９７年_04：登校　背景状況説明　４月１４日.egpack,０２０：１９９７年_04：登校　背景状況説明　４月１４日,和泉,50D31641F1057E1F015573F36FEC1BB776EC043CDF17D5D9FEB4BB25F86D9E30,text,「呵呵——唯依一变成这样，可要过好一会儿才能回过神来。」\p
251,game_t00250,０２０：１９９７年_04：登校　背景状況説明　４月１４日.egpack,０２０：１９９７年_04：登校　背景状況説明　４月１４日,志摩子,2D0F6FB5366DFE39A20F4C41B146BB66AB12CBC4F17ADCC91D8F958309BBA460,text,「没办法。唯依是真心敬重自己的父亲嘛。」\p
252,game_t00251,０２０：１９９７年_05：座学　数時間後　午前中.egpack,０２０：１９９７年_05：座学　数時間後　午前中,真田教官,C319472A589811F0EA790DE3AC00C1AEE5AAA9D9481BFD15315CDB585BE0A7A2,text,「——8分钟！！」\p
253,game_t00252,０２０：１９９７年_05：座学　数時間後　午前中.egpack,０２０：１９９７年_05：座学　数時間後　午前中,真田教官,FB379AD4EA7CDFA01EDBD91DFB2FEB2DD22C8641A2B98BA853301CF6422DEF3E,text,「这就是配属实战部队的新任卫士初次上阵时的平均生存时间！」\p
254,game_t00253,０２０：１９９７年_05：座学　数時間後　午前中.egpack,０２０：１９９７年_05：座学　数時間後　午前中,真田教官,DE30A9D99683541876832E0E06038E005834CA31FBF8976278CB57392522971B,text,「你们只有挺过这“死亡8分钟”，才有机会成为独当一面的卫士，为帝国、也为人类作出贡献！」\p
255,game_t00254,０２０：１９９７年_05：座学　数時間後　午前中.egpack,０２０：１９９７年_05：座学　数時間後　午前中,真田教官,FBA920FFC804080429A3DA6314754C112B1574E4DD805526391B293BC0FEA849,text,「听清楚了吗？我再说一遍。你们的敌人，是人类首次遭遇的异星起源种！」\p
256,game_t00255,０２０：１９９７年_05：座学　数時間後　午前中.egpack,０２０：１９９７年_05：座学　数時間後　午前中,真田教官,0A5BE8DAE58CAEA27F296E5F73ABBE4AF4E3BA6AA5DA14736F7FF448DCBBB17E,text,「任何语言、任何规则，对它们都行不通。它们的行动原理、侵略目的，一切至今不明！」\p
257,game_t00256,０２０：１９９７年_05：座学　数時間後　午前中.egpack,０２０：１９９７年_05：座学　数時間後　午前中,真田教官,02F2C83E49876B93F55383D50E2C22813796CE051F6E0F2F20C54AB770F2EFC2,text,「也就是说，这场战争只有在人类与BETA其中一方灭绝之后才会结束！」\p
258,game_t00257,０２０：１９９７年_05：座学　数時間後　午前中.egpack,０２０：１９９７年_05：座学　数時間後　午前中,安芸,9590739AF74BFA41DBE66FEDBEB5964E11357B3B27DA09E6046A877B11B9030E,text,「喂喂，今天怎么办？可以的话要不要去伊势丹？我有点东西想找！」\p
259,game_t00258,０２０：１９９７年_05：座学　数時間後　午前中.egpack,０２０：１９９７年_05：座学　数時間後　午前中,和泉,78AFB2B8A8F71F5268E3343E4469E93D45C9A1C0B4DD01DF57E4A49D304D74BE,text,「欸——又去啊？抱歉，今天我能不去吗？我实在没力气跑到京都站。」\p
260,game_t00259,０２０：１９９７年_05：座学　数時間後　午前中.egpack,０２０：１９９７年_05：座学　数時間後　午前中,安芸,2E3B6BAAF817F13BCED6609DDA5E7D6957E323D8F131223834C15282206ADD21,text,「什么啊——男朋友来接你时，你明明天天都肯往那儿跑嘛——！」\p
261,game_t00260,０２０：１９９７年_05：座学　数時間後　午前中.egpack,０２０：１９９７年_05：座学　数時間後　午前中,和泉,065260662F916EDD95B6B1B16A13F383E2C1ED2B0537E4D5EB4EEE3D16DF8908,text,「那不是当然的吗。总之我今天睡眠严重不足，就放过我吧。」\p
262,game_t00261,０２０：１９９７年_05：座学　数時間後　午前中.egpack,０２０：１９９７年_05：座学　数時間後　午前中,安芸,B7CE901B871F26F941DB9423AAB1E694163AD6AD806FF5C8A118203CB75E7416,text,「啊——又是煲电话粥了？」\p
263,game_t00262,０２０：１９９７年_05：座学　数時間後　午前中.egpack,０２０：１９９７年_05：座学　数時間後　午前中,和泉,27CE4914373CF9025DD6BC0C74D12CC4EECE587D892D1FC19D71033E8BD209FD,text,「嗯，算是吧。而且为了观摩晨练还早起了，今晚也约好要聊天。我想留点体力。」\p
264,game_t00263,０２０：１９９７年_05：座学　数時間後　午前中.egpack,０２０：１９９７年_05：座学　数時間後　午前中,志摩子,9E77C6D81FB271764370C434BDDAF6F48EFE8A9516728627DA9F969B9B3862F4,text,「你们两个，别说了啦——」\p
265,game_t00264,０２０：１９９７年_05：座学　数時間後　午前中.egpack,０２０：１９９７年_05：座学　数時間後　午前中,安芸,C850D669E6CBDE5292EF2648F047A2F04FF1A290C5B0751970696B076F97FE69,text,「真青春啊——为了男朋友连友情都不要啦——」\p
266,game_t00265,０２０：１９９７年_05：座学　数時間後　午前中.egpack,０２０：１９９７年_05：座学　数時間後　午前中,和泉,608719700B701823040D3C8263989DFF697513F183D73B47DC2BBE29FB9ECD59,text,「才不是。真是的，别说这种小孩子气的话。」\p
267,game_t00266,０２０：１９９７年_05：座学　数時間後　午前中.egpack,０２０：１９９７年_05：座学　数時間後　午前中,安芸,55944886130CF21274FEF2C52EA358939353531A7E8099C950E19C35926ED0D3,text,「啊……你刚才为什么看我胸口？是说我像小孩吗？你是在说我像小孩吧？！」\p
268,game_t00267,０２０：１９９７年_05：座学　数時間後　午前中.egpack,０２０：１９９７年_05：座学　数時間後　午前中,志摩子,B5977819614E9FF5D97AD9FA6C5B1EF461D5C2C4246E97173A0C32A05E226CCF,text,「真是的……要挨骂了哦。」\p
269,game_t00268,０２０：１９９７年_05：座学　数時間後　午前中.egpack,０２０：１９９７年_05：座学　数時間後　午前中,和泉,ED4149A3704D8F5CE3A956128550B3D9859ABF8C0BEA0D7FB39615DBE62F4618,text,「其实他的部队下周要调到九州。听说要去的是博多新建的陆军基地……」\p
270,game_t00269,０２０：１９９７年_05：座学　数時間後　午前中.egpack,０２０：１９９７年_05：座学　数時間後　午前中,志摩子,D86D2C4674E24469A4F87E92E85DD532055CA41F8DEB2552AA7BE8A3B5126112,text,「欸……？」
271,game_t00270,０２０：１９９７年_05：座学　数時間後　午前中.egpack,０２０：１９９７年_05：座学　数時間後　午前中,安芸,03C89B6D43BAD2B60EC543788341C4B8076BBE825013CBE6A0C1A6BB5B62CD35,text,「…\w…\w？」
272,game_t00271,０２０：１９９７年_05：座学　数時間後　午前中.egpack,０２０：１９９７年_05：座学　数時間後　午前中,唯依,35F15C36E509862F28D4830B2254D1C19145A17DAB36B8F21CCCD8D4EC159563,text,「…\w…\w！」\p
273,game_t00272,０２０：１９９７年_05：座学　数時間後　午前中.egpack,０２０：１９９７年_05：座学　数時間後　午前中,安芸,1D73215A2038EEF95547F848ED70A556A2E4F1482EAE5DBE2530D1673FF10A5F,text,「博多啊。那里是支撑对马海峡防线的帝国军最重要据点，明明又轮不到斯卫出场，为什么还要建基地呢。」\p
274,game_t00273,０２０：１９９７年_05：座学　数時間後　午前中.egpack,０２０：１９９７年_05：座学　数時間後　午前中,志摩子,2D865C23DB71316DAADAA86459A2BBF2AC09CA2E4F06BE2EDA730AFE13F7EB57,text,「这种事，我们怎么可能知道嘛——」\p
275,game_t00274,０２０：１９９７年_05：座学　数時間後　午前中.egpack,０２０：１９９７年_05：座学　数時間後　午前中,和泉,0D926459EEFE0E0EBA75EFADCBF6B7D84B904B599FFCDB9A75F8DB0918532B86,text,「总之，因为这事突然批了临时探亲假。不过白天见不到他，所以一打起电话，就想把平时不能聊的份全补上，不知不觉便聊久了。」\p
276,game_t00275,０２０：１９９７年_05：座学　数時間後　午前中.egpack,０２０：１９９７年_05：座学　数時間後　午前中,安芸,BDF0C502BE4B90A58ABF933758A44DB51D26330837BF1CDB80A2A14C0B739C10,text,「那马上就是异地恋了。怪不得天天煲电话粥，得从现在开始练习！」\p
277,game_t00276,０２０：１９９７年_05：座学　数時間後　午前中.egpack,０２０：１９９７年_05：座学　数時間後　午前中,和泉,CBDD6C12292D8F3D2254254C04070624556764853268C625276A98C9965AED28,text,「也不是为了练习……只是彼此都莫名不安。听他说最近到处都很忙乱。」\p
278,game_t00277,０２０：１９９７年_05：座学　数時間後　午前中.egpack,０２０：１９９７年_05：座学　数時間後　午前中,安芸,DCD7E9E1E548C6E31B4DFD9CE5322F0B7867DD2C1F874E538052E370AA8EA285,text,「……没事的。九州去年就发布全岛疏散令了，不会有奇怪的女人缠上他！」\p
279,game_t00278,０２０：１９９７年_05：座学　数時間後　午前中.egpack,０２０：１９９７年_05：座学　数時間後　午前中,唯依,435F105BEDCB0D11013E5BFC96CA8268F963ACC52252EE5C06FF6CA8E2532807,text,「你们几个，现在是上课时间。专心听讲。」\p
280,game_t00279,０２０：１９９７年_05：座学　数時間後　午前中.egpack,０２０：１９９７年_05：座学　数時間後　午前中,安芸,CB42161368A7CEAC4B5F06EF8CA81C1AFFE34CE9195786A2D59364B5B620BE69,text,「你说什么呢唯依——和泉的恋情正面临崩溃危机啊？」\p
281,game_t00280,０２０：１９９７年_05：座学　数時間後　午前中.egpack,０２０：１９９７年_05：座学　数時間後　午前中,和泉,F88E628F3CDEB2FC5226BD294A670FFE1840308C6B469942C019B5B69C3E097A,text,「喂，怎么就变成这样了！」\p
282,game_t00281,０２０：１９９７年_05：座学　数時間後　午前中.egpack,０２０：１９９７年_05：座学　数時間後　午前中,旁白,69C91500DDA4B0D66F580A804367A5D7DD8DDFC2434714E443770EC70F48FB5D,text,真是的……\p
283,game_t00282,０２０：１９９７年_05：座学　数時間後　午前中.egpack,０２０：１９９７年_05：座学　数時間後　午前中,唯依,49197A81E313BF177710BD3CC62E283988120F79E352BC936AEBD0CD019D20F9,text,「你们——」
284,game_t00283,０２０：１９９７年_05：座学　数時間後　午前中.egpack,０２０：１９９７年_05：座学　数時間後　午前中,真田教官,1175D31EF0EF2FFFBE5A585F13C4309BAE2572C0BBC5E95F5108DFEC81DF1436,text,「——席次编号19号！」\p
285,game_t00284,０２０：１９９７年_05：座学　数時間後　午前中.egpack,０２０：１９９７年_05：座学　数時間後　午前中,唯依,EB50FEBAB8E8FBE3FF1DD860FBD61F6475C11B294D5CD262D5D672E7A03226D6,text,「——是、是！教官！」\p
286,game_t00285,０２０：１９９７年_05：座学　数時間後　午前中.egpack,０２０：１９９７年_05：座学　数時間後　午前中,安芸,7796F22BE7DB04AD6C5E1635C6289AB77D196C9610DCFB9CD34E5648296870D3,text,「糟糕——……」\p
287,game_t00286,０２０：１９９７年_05：座学　数時間後　午前中.egpack,０２０：１９９７年_05：座学　数時間後　午前中,真田教官,237C31445BB9649D431406014615720A65FF0E8A1F91C4EA8042EBE94428F45F,text,「……原来是篁啊。哦？」\p
288,game_t00287,０２０：１９９７年_05：座学　数時間後　午前中.egpack,０２０：１９９７年_05：座学　数時間後　午前中,唯依,FC1BB2D07B8CA4CB833A8FC775711F88FDC75DF9188537E5BF556C9021D9D39C,text,「…\w…\w…\w…\w」\p
289,game_t00288,０２０：１９９７年_05：座学　数時間後　午前中.egpack,０２０：１９９７年_05：座学　数時間後　午前中,真田教官,EA0E1EE6399E1517D7A9466FB01ADEC079E06D29524C2556E1AE572494BC460F,text,「篁候补生——你出身谱代名门，听我这个平民讲课，是不是觉得太无聊了……啊？觉得不值得听？」\p
290,game_t00289,０２０：１９９７年_05：座学　数時間後　午前中.egpack,０２０：１９９７年_05：座学　数時間後　午前中,唯依,6C2B97F5406BD2E2DECEFF9C5AC3C2609C37290A6067BB057803462DF5424F58,text,「——不是，教官！」\p
291,game_t00290,０２０：１９９７年_05：座学　数時間後　午前中.egpack,０２０：１９９７年_05：座学　数時間後　午前中,真田教官,E7391FFAE45944CA0CB4862EA48B60C83EBA9754BCBAE748FA2F347631594812,text,「……那就把后面说出来。当然，我刚才的问题你也听见了吧？」\p
292,game_t00291,０２０：１９９７年_05：座学　数時間後　午前中.egpack,０２０：１９９７年_05：座学　数時間後　午前中,唯依,5614F91400621A7F5E5252289E7AFF341B291D590E32D9DBEB4667B7D0EDCF10,text,「是、教官！那、那个……」\p
293,game_t00292,０２０：１９９７年_05：座学　数時間後　午前中.egpack,０２０：１９９７年_05：座学　数時間後　午前中,真田教官,D69E8803BA034638245DB3BF982765F90D8FBC470E6D39D6F560BE24E2E48A7E,text,「——蠢货！你能说出口的只有——“是”“不是”“教官”和“问题的答案”，这四种！！」\p
294,game_t00293,０２０：１９９７年_05：座学　数時間後　午前中.egpack,０２０：１９９７年_05：座学　数時間後　午前中,唯依,9873869C16E18C3E04870D4916AAB0ABE4C97D08EA5C3FD4D3F9F3D029D446EB,text,「…………！」\p
295,game_t00294,０２０：１９９７年_05：座学　数時間後　午前中.egpack,０２０：１９９７年_05：座学　数時間後　午前中,和泉,433FE5961C9EF30DB6D5D9E7C2335CAB2DA5C72FD2E17C05BEA9CDD5D189D255,text,「对不起，唯依……」\p
296,game_t00295,０２０：１９９７年_05：座学　数時間後　午前中.egpack,０２０：１９９７年_05：座学　数時間後　午前中,声,02BE63EC148F8C8E2BA30EF0D1908D15FEBB88A8B4B6D2F0C22D42890A98A5B7,text,「——Beings of the Extra-Terrestrial origin which is Adversary of human race」\p
297,game_t00296,０２０：１９９７年_05：座学　数時間後　午前中.egpack,０２０：１９９７年_05：座学　数時間後　午前中,旁白,902ADFADFAA9C0CCF11A3E0E7777453E52EC6AA7540378A916011C47119DD1AA,text,山城同学……\p
298,game_t00297,０２０：１９９７年_05：座学　数時間後　午前中.egpack,０２０：１９９７年_05：座学　数時間後　午前中,声,A806521C1C19B813B3ADA76903BD419A9DCB414C0D337653433E5029063DBE82,text,「意为“与人类为敌的异星起源种”，这是联合国的命名。」\p
299,game_t00298,０２０：１９９７年_05：座学　数時間後　午前中.egpack,０２０：１９９７年_05：座学　数時間後　午前中,真田教官,AEDF33B30AE819580C33AE1DB97B85D23DF532459C1BEF67F496B16806CC8925,text,「你……」\p
300,game_t00299,０２０：１９９７年_05：座学　数時間後　午前中.egpack,０２０：１９９７年_05：座学　数時間後　午前中,唯依,FC1BB2D07B8CA4CB833A8FC775711F88FDC75DF9188537E5BF556C9021D9D39C,text,「…\w…\w…\w…\w」\p
301,game_t00300,０２０：１９９７年_05：座学　数時間後　午前中.egpack,０２０：１９９７年_05：座学　数時間後　午前中,真田教官,B063362ABA43909E3A7B8635BB6665839AC556E37CD5825B6397F8FE51DC80FE,text,「山城上总候补生。」\p
302,game_t00301,０２０：１９９７年_05：座学　数時間後　午前中.egpack,０２０：１９９７年_05：座学　数時間後　午前中,真田教官,0BE1C3148ABDA3E92F798DCE3D668928D4A0E66D3909BA96500115617C1B2D27,text,「你未经允许就擅自发言，胆子不小啊？」\p
303,game_t00302,０２０：１９９７年_05：座学　数時間後　午前中.egpack,０２０：１９９７年_05：座学　数時間後　午前中,山城,E0ACB6A34E87152B37B308DC1CEC2F997950663B4E0767EF74610575F69224E2,text,「不，这不是胆量问题。是合理性与效率问题，教官。」\p
304,game_t00303,０２０：１９９７年_05：座学　数時間後　午前中.egpack,０２０：１９９７年_05：座学　数時間後　午前中,真田教官,D9B90B0CD390CE2022CE0038222422EC280BF480A3FC2F400CFAC77A1F147656,text,「你说什么……？」\p
305,game_t00304,０２０：１９９７年_05：座学　数時間後　午前中.egpack,０２０：１９９７年_05：座学　数時間後　午前中,山城,FC1BB2D07B8CA4CB833A8FC775711F88FDC75DF9188537E5BF556C9021D9D39C,text,「…\w…\w…\w…\w」\p
306,game_t00305,０２０：１９９７年_05：座学　数時間後　午前中.egpack,０２０：１９９７年_05：座学　数時間後　午前中,真田教官,EEBAA67E78259EA6398DE49BA6120669C2027042115D21FF48DF300E5DA94B44,text,「哼，允许你发言——解释清楚！」\p
307,game_t00306,０２０：１９９７年_05：座学　数時間後　午前中.egpack,０２０：１９９７年_05：座学　数時間後　午前中,山城,51EDF8E3436D5AF4514A4761F034B7C2670B08AD81808F61A9F9C3F54539D1DD,text,「是。分配给我们的时间有限，一秒也不想浪费。因此，我试图兼顾训练部队整体利益与互助精神——报告完毕。」\p
308,game_t00307,０２０：１９９７年_05：座学　数時間後　午前中.egpack,０２０：１９９７年_05：座学　数時間後　午前中,旁白,06917E0A84083BE5E149B224E1AC7D777FF807B7F6FF5FE4B15B0A2D8158EC71,text,这种思路——难道山城同学……\p
309,game_t00308,０２０：１９９７年_05：座学　数時間後　午前中.egpack,０２０：１９９７年_05：座学　数時間後　午前中,唯依,D84ACB792179738F5D8980065A40DEB1D0D43BB1E25A7F304265FB7E1E973311,text,「…\w…\w！？」\p
310,game_t00309,０２０：１９９７年_05：座学　数時間後　午前中.egpack,０２０：１９９７年_05：座学　数時間後　午前中,旁白,1B3C8F0248758D626ADF735592745D0DCD40E39AD56413BB53935D65F4C7A7AA,text,……又是那种眼神。可是……\p
311,game_t00310,０２０：１９９７年_05：座学　数時間後　午前中.egpack,０２０：１９９７年_05：座学　数時間後　午前中,真田教官,12A99C7247724E73743AFA4B6A8D76670F30C66A0FEB661EEC44186A9DCF90A7,text,「……哼，整体利益和互助精神？真是叫人佩服。好，那就让你们好好互相帮助个够吧。」\p
312,game_t00311,０２０：１９９７年_05：座学　数時間後　午前中.egpack,０２０：１９９７年_05：座学　数時間後　午前中,真田教官,C44B50F61BF9F7C50BA387B0B462765D40757F504B1F8AF335106E616154BF22,text,「——篁，还有山城！你们两个小队今天所有训练结束后，操场20圈！！」\p
313,game_t00312,０２０：１９９７年_05：座学　数時間後　午前中.egpack,０２０：１９９７年_05：座学　数時間後　午前中,唯依,60D34F7B007CCFF48199C994B079407068E40F62519DCDC4938EB717FDB3A24A,text,「——是，教官！」
314,game_t00313,０２０：１９９７年_05：座学　数時間後　午前中.egpack,０２０：１９９７年_05：座学　数時間後　午前中,山城,D337BE9E044F70A88D182952A61F1FED3D4681D837DA0B67569A792D8E2CC09F,text,「——是，教官！」\p
315,game_t00314,０２０：１９９７年_05：座学　数時間後　午前中.egpack,０２０：１９９７年_05：座学　数時間後　午前中,安芸,EAFCCC09ACC821C6247273302C8B3B9D4A92132D149D5D42A97266318196E5F4,text,「呜哇～～」\p
316,game_t00315,０２０：１９９７年_05：座学　数時間後　午前中.egpack,０２０：１９９７年_05：座学　数時間後　午前中,安芸,28A6BEE67C61C5CAEF49B7EF0AC10D575D93DC943DADDA6D38E74CDCC45C7ECB,text,「——咿！」\p
317,game_t00316,０２０：１９９７年_05：座学　数時間後　午前中.egpack,０２０：１９９７年_05：座学　数時間後　午前中,真田教官,EAB1DEAC98CC4EED06EFA367DB87D1BD7326AF5CFD2882AAB113D5D2F4E35924,text,「连带责任！听明白了吗，蠢货们！！」\p
318,game_t00317,０２０：１９９７年_05：座学　数時間後　午前中.egpack,０２０：１９９７年_05：座学　数時間後　午前中,候補生たち,415F4CBC703BCF5F8DC52486D4F324B7A53334CDE0EBEBF7C9E7BCC257F81F40,text,「——是，教官！」\p
319,game_t00318,０２０：１９９７年_05：座学　数時間後　午前中.egpack,０２０：１９９７年_05：座学　数時間後　午前中,真田教官,0C31C0AB96CB44A36E62E64A0E0D8A16164D91797FC53038FC4DCFD14E8D0D30,text,「全都坐下——继续上课！！」\p
320,game_t00319,０２０：１９９７年_06：昼食.egpack,０２０：１９９７年_06：昼食,安芸,5CB33CDD3035742B0104D12FB18FCC8FF541D1C18404DD89A5B41C1860E4BDFB,text,「总觉得……挺让人不爽的啊。」\p
321,game_t00320,０２０：１９９７年_06：昼食.egpack,０２０：１９９７年_06：昼食,和泉,7397B725502B49E776C8F84C118FD04208729693A524C3F3F39D9404E7AE4DB9,text,「啊——你说山城同学？」\p
322,game_t00321,０２０：１９９７年_06：昼食.egpack,０２０：１９９７年_06：昼食,安芸,06200DFC6C633EC6EE973F8A48D080DD30E9FE8D6DA326184014F313E1EB0E99,text,「什么合理性啊。整体效率和互助？她那副不想被差生拖后腿的心思，简直写在脸上了。」\p
323,game_t00322,０２０：１９９７年_06：昼食.egpack,０２０：１９９７年_06：昼食,和泉,4A725866DC5A80BB236FDCBB62F37CF8AA4748807E2F411D116CBF9A1443E4A7,text,「哎呀，真意外，你还知道自己是差生啊？」\p
324,game_t00323,０２０：１９９７年_06：昼食.egpack,０２０：１９９７年_06：昼食,安芸,27760E30C7EF99CDFD7D5C14FD1C55FCE365484AA2AB49C9A17CEEDC67DE88A3,text,「喂——我就那么一说，说说而已！真是的，和泉你到底帮谁啊！」\p
325,game_t00324,０２０：１９９７年_06：昼食.egpack,０２０：１９９７年_06：昼食,唯依,FC1BB2D07B8CA4CB833A8FC775711F88FDC75DF9188537E5BF556C9021D9D39C,text,「…\w…\w…\w…\w」\p
326,game_t00325,０２０：１９９７年_06：昼食.egpack,０２０：１９９７年_06：昼食,志摩子,0485EDD604BC9B4382F9EAD0A8160D56A0C3980A8870839D1D3D20C6329CD8D9,text,「她说话那么带刺，确实让人在意。但说什么敌我，也太夸张了吧？」\p
327,game_t00326,０２０：１９９７年_06：昼食.egpack,０２０：１９９７年_06：昼食,安芸,AF2EFD5B1AE3C3A74E5F076A2973E89F6AF51E565D31EDE26429E6EF0EDDFC02,text,「可是——」\p
328,game_t00327,０２０：１９９７年_06：昼食.egpack,０２０：１９９７年_06：昼食,志摩子,E3EDCA4587CF132ED0796BB02E90A61D207E19CB6CCBB8FECA1DC199E087A984,text,「——先不说山城同学，事情本来就是安艺和和泉上课讲话引起的。」\p
329,game_t00328,０２０：１９９７年_06：昼食.egpack,０２０：１９９７年_06：昼食,安芸,693FBE4A75E92171E0176AA2929E9941097AFCF4090FA0314F55A61FF55A2FB2,text,「呃……对不起，唯依。」\p
330,game_t00329,０２０：１９９７年_06：昼食.egpack,０２０：１９９７年_06：昼食,和泉,7693BCED8FC1B5B58D338383F1F06D35767824D3DBA9A4E6371D9DC8F0441BBC,text,「真的——对不起。」\p
331,game_t00330,０２０：１９９７年_06：昼食.egpack,０２０：１９９７年_06：昼食,唯依,63C1EDC92D2DD274EB55A6334FB529295D9D69FFCF0A82993E740F0388423A49,text,「别、别这样，你们两个。刚才不是已经道过歉了吗？」\p
332,game_t00331,０２０：１９９７年_06：昼食.egpack,０２０：１９９７年_06：昼食,唯依,360F12C78C02DE6EA5EB7A6EE011DB650DD50CEDDA68272496CFE1AE34892341,text,「……而且没听见问题的人是我，该道歉的是我才对。」\p
333,game_t00332,０２０：１９９７年_06：昼食.egpack,０２０：１９９７年_06：昼食,安芸,F1D397ACD649E251B604AE817C35BC3195DD19058E27A5E72D8ACAC0A305D88B,text,「啊——真是的，唯依怎么会这么乖～～！那个满脑子合理性的冷血女也该学学你！」\p
334,game_t00333,０２０：１９９７年_06：昼食.egpack,０２０：１９９７年_06：昼食,唯依,E72A7E10425758D46057AAB2F59375F91776834252E4E4D6DB42A5FAFD245DF9,text,「别这样说别人，安艺。」\p
335,game_t00334,０２０：１９９７年_06：昼食.egpack,０２０：１９９７年_06：昼食,安芸,8A209C9D15E7CD1E05B75AAF8E3880FF70D8A7E833002130820FAA6D6C58D6F0,text,「我才不。我只是把心里话老实说出来而已。」\p
336,game_t00335,０２０：１９９７年_06：昼食.egpack,０２０：１９９７年_06：昼食,和泉,0818BB9351CA47CB307E80746E54B88D1AD5FC083DA8947528A8603FCD02CF0F,text,「不过山城同学还真好懂。动不动就想和唯依较劲，一眼就看得出来。」\p
337,game_t00336,０２０：１９９７年_06：昼食.egpack,０２０：１９９７年_06：昼食,唯依,0C4A7646C299E4C663E36DFF9DE2B16019E49C386B132C3261D0B15182ECFD8E,text,「才没有这种事，和泉……」\p
338,game_t00337,０２０：１９９７年_06：昼食.egpack,０２０：１９９７年_06：昼食,志摩子,13EF348F43BF020CDCD250E7837FE4B79C7A707BA2D80BF7C4D4BAC40DEB5DAB,text,「呵呵……大概只有唯依自己没发现吧。」\p
339,game_t00338,０２０：１９９７年_06：昼食.egpack,０２０：１９９７年_06：昼食,唯依,D80A5667BBB1228B3C0E91585F8EBD61ADE00B2E4F0E8BD5FF62F72E09915376,text,「真是的，怎么连志摩子也……」\p
340,game_t00339,０２０：１９９７年_06：昼食.egpack,０２０：１９９７年_06：昼食,旁白,51C3CCF262CC7DA71DB7878896619EF06888E3D837474A9157C9A2AE66875D13,text,其实我早就知道。从小就遭受过那么多不公待遇，我怎么可能察觉不到。\p
341,game_t00340,０２０：１９９７年_06：昼食.egpack,０２０：１９９７年_06：昼食,旁白,472B056E0262B6B06EAA452544EC6AC150C6C295F6F694A4CA5BA96278662373,text,不过这里毕竟是军队训练学校，没有那种莫名其妙的歧视。在这样的环境里，确实只有山城同学会明明白白地来找我的麻烦。\p
342,game_t00341,０２０：１９９７年_06：昼食.egpack,０２０：１９９７年_06：昼食,旁白,180AFCE95DAD624241470B87A367D76ACD0527EB5DBCB3BE3AAA099A77463880,text,过去我和山城同学除了公务上的交谈，几乎没有任何接触。应该不是私人恩怨。这样的话……\p
343,game_t00342,０２０：１９９７年_06：昼食.egpack,０２０：１９９７年_06：昼食,唯依,FC1BB2D07B8CA4CB833A8FC775711F88FDC75DF9188537E5BF556C9021D9D39C,text,「…\w…\w…\w…\w」\p
344,game_t00343,０２０：１９９７年_06：昼食.egpack,０２０：１９９７年_06：昼食,旁白,57CD12AC2B0E2DC087F9BED638289CF6BBA05D19C05208849173BB33EF8B1BA3,text,不，可是……她的目光……\p
345,game_t00344,０２０：１９９７年_06：昼食.egpack,０２０：１９９７年_06：昼食,旁白,83EA1A02B1A05C26B7A3547E8F52C5602EFCD7072BB98E737128C70AB4D4D27E,text,她眼中没有仇恨或轻蔑之类的攻击性情绪。如果有，我一定看得出来……因为我早就受够了那种目光。\p
346,game_t00345,０２０：１９９７年_06：昼食.egpack,０２０：１９９７年_06：昼食,安芸,F9DF13E0EB4B982ACD75507B91E9F86093873FEF400FEC54E8EFBF18CE220D82,text,「喂、喂，唯依。你也不用苦恼成这样吧！」\p
347,game_t00346,０２０：１９９７年_06：昼食.egpack,０２０：１９９７年_06：昼食,唯依,643F5ADC6B126BA8AE6BF22F57ABF98A539ACE7CBE98668328761B5E21126831,text,「嗯……是这么说没错。」\p
348,game_t00347,０２０：１９９７年_06：昼食.egpack,０２０：１９９７年_06：昼食,旁白,96AE22B6856520AE65AA3A8D347370074335F64B313A0E3D8E3566834A3428D7,text,如果既不是私人恩怨，也不是明显针对家格的反向歧视……\p
349,game_t00348,０２０：１９９７年_06：昼食.egpack,０２０：１９９７年_06：昼食,旁白,854B86E772306FD5F6675734530B359FFB4A816B491B686422639DDBF2E75F93,text,果然……只能是那件事了……\p
350,game_t00349,０２０：１９９７年_06：昼食.egpack,０２０：１９９７年_06：昼食,和泉,305AF0B5BBF2261990146ABA06C643AD7D5CFBB3A7E9DF0F99942352AD45D8CD,text,「啊——嗯，该怎么说呢。对了！说不定原因不在唯依，而是别的事情——对吧，安艺？」\p
351,game_t00350,０２０：１９９７年_06：昼食.egpack,０２０：１９９７年_06：昼食,安芸,490C10BAA4F75F0C150740A09E46173312D13B2D1EE742E13E9FD302FCBF5451,text,「对对对！嗯，没错。比如……她对自己的家世很自卑？」\p
352,game_t00351,０２０：１９９７年_06：昼食.egpack,０２０：１９９７年_06：昼食,和泉,19F50942FB170DD7D4CCC6B5E9C4C12D908190F2717F16F47BE2C0F08049017B,text,「嗯——不好说。说起山城家，总觉得他们不但很有钱，经营的产业也相当广泛，而且十分成功……」\p
353,game_t00352,０２０：１９９７年_06：昼食.egpack,０２０：１９９７年_06：昼食,唯依,FC1BB2D07B8CA4CB833A8FC775711F88FDC75DF9188537E5BF556C9021D9D39C,text,「…\w…\w…\w…\w」\p
354,game_t00353,０２０：１９９７年_06：昼食.egpack,０２０：１９９７年_06：昼食,和泉,3B1CCE3F4794516C91808D135373CA8E25E8F822F00646267A2DA1D08B3D9412,text,「像我们这种穷武家也就算了。她那么有钱、又那么讲究合理，真的会为家世自卑吗？」\p
355,game_t00354,０２０：１９９７年_06：昼食.egpack,０２０：１９９７年_06：昼食,安芸,EE2393622A32E13B016423C6DD1FE5B3BEA0E1708D41AAAE1E52C06A57B8C256,text,「可是新闻里偶尔会称他们为“新兴财阀系武家”啊！」\p
356,game_t00355,０２０：１９９７年_06：昼食.egpack,０２０：１９９７年_06：昼食,安芸,A5FA6F7E8874360CD597FCBB73FBE66B1AD47C920E257184967A20288589D078,text,「那明显是在讽刺吧。这种说法应该挺伤人的吧？」\p
357,game_t00356,０２０：１９９７年_06：昼食.egpack,０２０：１９９７年_06：昼食,唯依,FC1BB2D07B8CA4CB833A8FC775711F88FDC75DF9188537E5BF556C9021D9D39C,text,「…\w…\w…\w…\w」\p
358,game_t00357,０２０：１９９７年_06：昼食.egpack,０２０：１９９７年_06：昼食,旁白,DD335A6D51CF8F806E2DEB6E0722E9C192231B610A4919E8F138C9905E626440,text,我知道，大家是在想办法让我振作起来。\p
359,game_t00358,０２０：１９９７年_06：昼食.egpack,０２０：１９９７年_06：昼食,旁白,33894C14E1285258E59B094DC34B699D893A19F3E40E408B7BA7319FECD30D18,text,可是，安艺她们谈论山城家的方式，和我过去承受过的那些议论并没有区别……\p
360,game_t00359,０２０：１９９７年_06：昼食.egpack,０２０：１９９７年_06：昼食,旁白,A287FA078B3EC8798903394BD76374B00A61ABB615CCDBE5870D1B314AFA9D68,text,只凭听来的传闻和亲眼看到的片面事实，就顺着恶意不断拼凑，认定对方“一定就是这样”……\p
361,game_t00360,０２０：１９９７年_06：昼食.egpack,０２０：１９９７年_06：昼食,志摩子,C37C6998135BB8827AE0096DED48B5541194FBD249F22E58367F36A19D31EC49,text,「可是山城家也是以武见长的家族。他们出了许多将领和卫士，在外样之中都足以争夺上位，不至于因为这点讽刺就——」\p
362,game_t00361,０２０：１９９７年_06：昼食.egpack,０２０：１９９７年_06：昼食,安芸,AADE96E10578DE9BE1C3AA736D9CF66C464175D20A4EBA2226709819FEF945E3,text,「——原来如此，是这么回事啊！」\p
363,game_t00362,０２０：１９９７年_06：昼食.egpack,０２０：１９９７年_06：昼食,安芸,6CE7586377BB88FFB0CCEEC37BF8C97C4E2A907A0FDAF5F16108DD54B0042E68,text,「果然没错。他们有武功、有名誉、也有财富，唯独家格不够。所以面对出身名门谱代武家的大小姐，难免心里有想法。」\p
364,game_t00363,０２０：１９９７年_06：昼食.egpack,０２０：１９９７年_06：昼食,唯依,3F6245637225F09A802B588E6F9676DF2A88E96D80EBEC222FC2593A982AD683,text,「――！」\p
365,game_t00364,０２０：１９９７年_06：昼食.egpack,０２０：１９９７年_06：昼食,旁白,97B4B4128BCDB282944546C65E973871B62D8D3E386A7EDAAE6216CC80F3D863,text,——我到底在做什么？\p
366,game_t00365,０２０：１９９７年_06：昼食.egpack,０２０：１９９７年_06：昼食,旁白,300FCE910863D0925126148BD7D264917199E960BA7F6D96B5A4790CFA1B3978,text,我和篁家根本没有任何需要感到羞愧的事！那我为什么还要一直心怀愧疚，把事实隐瞒下去？\p
367,game_t00366,０２０：１９９７年_06：昼食.egpack,０２０：１９９７年_06：昼食,旁白,1BA534B5012E6B368A5B89778007BEF38E344CB4BF6D65B553F94D60F5EE76EA,text,而且，我这种卑微退缩的态度，还让身为部下的安艺她们说出了贬低无辜山城家的话——\p
368,game_t00367,０２０：１９９７年_06：昼食.egpack,０２０：１９９７年_06：昼食,旁白,F4D454617FC42CF7D02C35C7E18C61CD6CF10EA63F080AD2F0AF6D99C07C1D58,text,这种卑鄙的做法——绝对不行！既然如此，不如干脆——！\p
369,game_t00368,０２０：１９９７年_06：昼食.egpack,０２０：１９９７年_06：昼食,安芸,7DBAA1DA947B1980AEB8839D3CB06268A15888F1E772D736CC703F8EDF4BFF29,text,「唯、唯依……？」\p
370,game_t00369,０２０：１９９７年_06：昼食.egpack,０２０：１９９７年_06：昼食,唯依,E4250286EF5C888B31A9742861CF43051417AEE57D0A45A41000C6B3C4A941EF,text,「……也、也不好说吧。虽说篁家历史悠久……可我们原本也是外样武家。」\p
371,game_t00370,０２０：１９９７年_06：昼食.egpack,０２０：１９９７年_06：昼食,志摩子,02FF0834485C26CA3F6920EE6F8729C72F3C78822AD1462F7F5C8000FDCFEC99,text,「——咦？！原来是这样……？！」\p
372,game_t00371,０２０：１９９７年_06：昼食.egpack,０２０：１９９７年_06：昼食,安芸,33B046DBE640868BD8BAF5C031F61E2EC2E9D40A8D5BEC03785B65E971EFBD17,text,「哇——我完全不知道！！」\p
373,game_t00372,０２０：１９９７年_06：昼食.egpack,０２０：１９９７年_06：昼食,和泉,AE1669337E08F6423C789745D514FDC1E7F35CB8DF4710A55984BEB6277B6D7D,text,「从外样变成谱代——可是现在的家格，不是在关原之战时就固定下来了吗？」\p
374,game_t00373,０２０：１９９７年_06：昼食.egpack,０２０：１９９７年_06：昼食,唯依,F9B0762F5F52F8306FEC68EEB4B3009C0E8B0DC8427D473647DEF66EED6D8DEB,text,「历史课上学过吧。从明治时期到上次大战中期，武家制度曾一度陷入混乱。听说篁家就是在那时改换了家格。」\p
375,game_t00374,０２０：１９９７年_06：昼食.egpack,０２０：１９９７年_06：昼食,旁白,5F460F8BA1A38F3C4F9A4DDA4E43791DE694350A604F0F265484E741030D4014,text,反正只要调查就能知道。若大家得知真相后便改变对我的态度，那么今后无论做什么都不可能顺利。\p
376,game_t00375,０２０：１９９７年_06：昼食.egpack,０２０：１９９７年_06：昼食,志摩子,CC33F11603BC2C570CB416860D2D8318FB9E76B07A32B127703E96B52698C658,text,「原来真的发生过这种事啊……」\p
377,game_t00376,０２０：１９９７年_06：昼食.egpack,０２０：１９９７年_06：昼食,和泉,EF66F026FA7637A49CC92B674ED892355E354550F3F3AB2AC2181C826E9145C0,text,「唯依……你简直就是活生生的历史啊。」\p
378,game_t00377,０２０：１９９７年_06：昼食.egpack,０２０：１９９７年_06：昼食,安芸,547C46F147EFEA0493280B3C54A9072E385B19F3BBD4AF2ECDD820504D7D2D80,text,「可是，当时为什么会允许这种事？就算制度再混乱，改换家格也相当罕见吧。」\p
379,game_t00378,０２０：１９９７年_06：昼食.egpack,０２０：１９９７年_06：昼食,唯依,2CFB250ADEA083E3BA31374C39E8D7901DFB98068710AC4617B860AE98552AE8,text,「听说是因为篁家世代打造兵器、立下功勋，所以获准进入江户城。不过父亲说，真正原因大概是为了挽留篁家。」\p
380,game_t00379,０２０：１９９７年_06：昼食.egpack,０２０：１９９７年_06：昼食,志摩子,684DEEC9EBD241A27A394BDD31B7BF7C788005A16AB698F25C5CC6188F46C0ED,text,「挽留……是什么意思？」\p
381,game_t00380,０２０：１９９７年_06：昼食.egpack,０２０：１９９７年_06：昼食,唯依,7126017BBBB36AF37302EDBF5D9A6282269156CEF3A2FF1471CF9CC912786B27,text,「为了把擅长开发兵器的家族留在斯卫军。当时有许多技术官系的外样武家放弃武家身份，转入民间创业。」\p
382,game_t00381,０２０：１９９７年_06：昼食.egpack,０２０：１９９７年_06：昼食,和泉,E8CB7D511DE9A55BD399A2251B628E335E8BEC00A1902516C1192E3C0BD005A0,text,「啊，这么一说确实学过。那些人不愿被固定的家格制度和军务束缚，后来在民间取得了成功。」\p
383,game_t00382,０２０：１９９７年_06：昼食.egpack,０２０：１９９７年_06：昼食,志摩子,C73C1F7F3BED7F139452B22C59901E4508CFA7A42E7887A05CB00B90AAEB7B92,text,「唯依这么一讲，历史一下子就变得容易理解了。大概是因为感觉离我们很近吧。」\p
384,game_t00383,０２０：１９９７年_06：昼食.egpack,０２０：１９９７年_06：昼食,唯依,FC1BB2D07B8CA4CB833A8FC775711F88FDC75DF9188537E5BF556C9021D9D39C,text,「…\w…\w…\w…\w」\p
385,game_t00384,０２０：１９９７年_06：昼食.egpack,０２０：１９９７年_06：昼食,旁白,B5F6DA29977EF6C69743FEDB79BB5035605566CB143B31B3F5C4F018D1188AB1,text,目前大家没有任何变化……也许要到明天，甚至更久以后，态度才会开始改变。\p
386,game_t00385,０２０：１９９７年_06：昼食.egpack,０２０：１９９７年_06：昼食,旁白,88D99C5C9BEDF58656FE1F9241BC489DA07D80B4060D334D1C5D302B4BCFBFDA,text,不过这样就好。我不愿为了隐瞒自己的过去而贬低别人。\p
387,game_t00386,０２０：１９９７年_06：昼食.egpack,０２０：１９９７年_06：昼食,安芸,B98EF2229863DEF55C8738DA840532AC7A42009EDD0326A25E8354714EB5809E,text,「这么说，山城家是在保留武家身份的同时，一直努力到了今天啊。」\p
388,game_t00387,０２０：１９９７年_06：昼食.egpack,０２０：１９９７年_06：昼食,和泉,7BD89D89BE5B1059CB823E158ED54B2E0E0C4905040105966768CE6F772AF10E,text,「武家全面获准进入商业领域，是战败后放宽管制以后的事嘛。」\p
389,game_t00388,０２０：１９９７年_06：昼食.egpack,０２０：１９９７年_06：昼食,唯依,D2AAF99154B0C8A5E8725184B6BE2725601C21F406183AE3A8B2D9BEDBAF1064,text,「是啊。这不正说明山城家是个自尊自重的武家吗？」\p
390,game_t00389,０２０：１９９７年_06：昼食.egpack,０２０：１９９７年_06：昼食,唯依,C81368C0EBF389428B0D8DF13C6D912FF1BF08D3F60C3308B073DD8871667CDB,text,「所以，我不认为山城同学的言行中藏着什么不满。」\p
391,game_t00390,０２０：１９９７年_06：昼食.egpack,０２０：１９９７年_06：昼食,唯依,C14090DB0EFD88EDD047BF4CF5250329C0A24AD2AACB76ACCF89046F2D4FC4BF,text,「相互切磋是武门的本分。家世与此无关，在训练学校里更没有任何意义。」\p
392,game_t00391,０２０：１９９７年_06：昼食.egpack,０２０：１９９７年_06：昼食,旁白,38E5F0196FA25AF659D8C53AD81348012C71CCC49EC23FCE01258DCE0E9F59F8,text,至少我是这么想的。……不，我只是希望如此。\p
393,game_t00392,０２０：１９９７年_06：昼食.egpack,０２０：１９９７年_06：昼食,山城,BA8E1C2B75CE296A94D7EB4B0CEA28D31943C88871F1FACD7558552CE310E3E6,text,「——这不是胆量问题，而是合理性与效率问题，教官。」\p
394,game_t00393,０２０：１９９７年_06：昼食.egpack,０２０：１９９７年_06：昼食,山城,32BDE12395F109086795798DD70821F14F0D1D3671900054AE4024CA24ED8016,text,「——分配给我们的时间有限，一秒也不想浪费。因此，我试图兼顾训练部队整体利益与互助精神。」\p
395,game_t00394,０２０：１９９７年_06：昼食.egpack,０２０：１９９７年_06：昼食,旁白,B2E9FCE1A131BA12CF59F27F70205E28D9620FF5163184B27360759542A26B28,text,她甚至不惜冒着被教官盯上的风险，也要把这套道理说到底。我无论如何都不认为，这种人会因为奇怪的自尊或一时气氛而行动。\p
396,game_t00395,０２０：１９９７年_06：昼食.egpack,０２０：１９９７年_06：昼食,旁白,924DBEB626CFA3B88745F1F683ABD505885518B09933D114896242F7581F991F,text,而且，山城同学的目光……虽然冰冷，却完全感受不到攻击性。\p
397,game_t00396,０２０：１９９７年_06：昼食.egpack,０２０：１９９７年_06：昼食,旁白,3FDC3780D13C6062CDC295C80080A348CF63370CBDA2C6C68568AFB8B5DF9C38,text,我不知道那究竟是什么，但我认为她不是那么肤浅的人。\p
398,game_t00397,０２０：１９９７年_06：昼食.egpack,０２０：１９９７年_06：昼食,志摩子,FC1BB2D07B8CA4CB833A8FC775711F88FDC75DF9188537E5BF556C9021D9D39C,text,「…\w…\w…\w…\w」\p
399,game_t00398,０２０：１９９７年_06：昼食.egpack,０２０：１９９７年_06：昼食,和泉,7DC7146FC45B6EC688C130E7F4F85F58371079267F2B9A5BB7F6FC1AB2943DFC,text,「——不过，如果真是这样，她说不定反而更不痛快。」\p
400,game_t00399,０２０：１９９７年_06：昼食.egpack,０２０：１９９７年_06：昼食,唯依,57562AB9FE30F43D1538A54A0E8ADB707991E1A3E77EC6C4DE283E70C6B3EED6,text,「咦……？」\p
401,game_t00400,０２０：１９９７年_06：昼食.egpack,０２０：１９９７年_06：昼食,和泉,F9D2CDE78FA4E4631442F0520836D1837486D8FC1FEDE179220985FAC6DB4F3D,text,「因为战后放宽管制，反过来也让家格彻底固定下来了。」\p
402,game_t00401,０２０：１９９７年_06：昼食.egpack,０２０：１９９７年_06：昼食,安芸,54083B1FD5A4D15F2000181DFD8113BA862428F4BA0765288AA0646C049B93B2,text,「啊——对哦！改换家格这条路已经走不通了嘛。」\p
403,game_t00402,０２０：１９９７年_06：昼食.egpack,０２０：１９９７年_06：昼食,旁白,81B36DD15A323612A5EBFEC1A5C5A6889F02D4735E1A031B5EAF542667EBBBAE,text,确实……和泉说得没错……\p
404,game_t00403,０２０：１９９７年_06：昼食.egpack,０２０：１９９７年_06：昼食,旁白,A723A929F187113FF33039C8A567F932C2356DB476ED475A3F691547022D003B,text,我对山城同学行为的理解，完全缺少外样武家的视角，只是对自己有利的一厢情愿。实在太过片面，也太肤浅了……！\p
405,game_t00404,０２０：１９９７年_06：昼食.egpack,０２０：１９９７年_06：昼食,唯依,FC1BB2D07B8CA4CB833A8FC775711F88FDC75DF9188537E5BF556C9021D9D39C,text,「…\w…\w…\w…\w」\p
406,game_t00405,０２０：１９９７年_06：昼食.egpack,０２０：１９９７年_06：昼食,旁白,F535EDD703DA78993D9BC32C6986E4DD20A0830F7BA227A2D48D6FC2A0AD7768,text,可是，无论她如何看待我，我对山城家和山城同学的敬意都不会改变。\p
407,game_t00406,０２０：１９９７年_06：昼食.egpack,０２０：１９９７年_06：昼食,旁白,4F8DFA64F651429747BEE4EC2DDD1B5EF24A6067C3A5591D510C70E62C9EB65F,text,听过和泉她们的分析便能明白，山城家和篁家一样，长期遭受着毫无根据的诽谤。甚至，他们或许付出了比篁家更多的艰辛，才建立起如今的地位。\p
408,game_t00407,０２０：１９９７年_06：昼食.egpack,０２０：１９９７年_06：昼食,安芸,DFE6173220D954AD3D02344340EF7194A5FA51C47EF1C4FE58B79CCA2BC9E4AE,text,「不过话说回来，和泉，没想到你还挺懂历史。真让我吃惊。」\p
409,game_t00408,０２０：１９９７年_06：昼食.egpack,０２０：１９９７年_06：昼食,和泉,E01734920F0444E77B570F0252C7F04DDB73FA5BBE3CE1293C25125CB0013723,text,「安艺～你好歹也是武家小姐，至少稍微了解一下我们自己的历史吧。」\p
410,game_t00409,０２０：１９９７年_06：昼食.egpack,０２０：１９９７年_06：昼食,安芸,A4B38038DDA6C24E76B866968078DEBB8667B1BE6A19270957A38082197DFEC9,text,「没关系，我可是活在未来的人！」\p
411,game_t00410,０２０：１９９７年_06：昼食.egpack,０２０：１９９７年_06：昼食,和泉,BC8B26279D1F304718362D84F56930665A51C09E76A0DABA1F67D7C285981B95,text,「你真的一点身为斯卫的自觉都没有。唉——害我越来越没信心了……」\p
412,game_t00411,０２０：１９９７年_06：昼食.egpack,０２０：１９９７年_06：昼食,志摩子,E96822BB0A1A7D983026F5233FF45DB4F48470212A9BF826B7DB75A934FAC3D8,text,「真是的，又来了？别再像早上那样大吵大闹——」\p
413,game_t00412,０２０：１９９７年_06：昼食.egpack,０２０：１９９７年_06：昼食,安芸,5B1A4CE3C462F2B6DF77745102485D2EB83F7D061E76BC9F01855E2BFB409998,text,「——只想和你一起～～去往回忆里的那个地方～！你温柔的微笑～」\p
414,game_t00413,０２０：１９９７年_06：昼食.egpack,０２０：１９９７年_06：昼食,和泉,5930C19DA64244D838830E2439DDBBFAB2E504F3BFF273BCED353A4376013E10,text,「——！？」\p
415,game_t00414,０２０：１９９７年_06：昼食.egpack,０２０：１９９７年_06：昼食,安芸,F4D1C13C8359C6E71E153C92DEB96FFD3F0115F15EA07D198526FC07945809FF,text,「你温柔的微笑～你柔软的手掌～都让我～～」\p
416,game_t00415,０２０：１９９７年_06：昼食.egpack,０２０：１９９７年_06：昼食,和泉,7C80765B02D39DBF03EA21A6544CC39C950D1E2134A76861C222A440D2F72A3F,text,「——啊——！啊～～啊～～～！！！」\p
417,game_t00416,０２０：１９９７年_06：昼食.egpack,０２０：１９９７年_06：昼食,和泉,1A1796660FC04F1362B3EBD81AE2D367EFDFB23F253B67C6AAB1547D8F803743,text,「——你你你怎么会！？你怎么会知道这些！？」\p
418,game_t00417,０２０：１９９７年_06：昼食.egpack,０２０：１９９７年_06：昼食,安芸,1E093970AD88273B98E2CAE3D63CB470D6EA9094F2CD0BA4CB22B735BA5331C1,text,「泥、泥干嘛～～快放开窝～～！！」\p
419,game_t00418,０２０：１９９７年_06：昼食.egpack,０２０：１９９７年_06：昼食,志摩子,2D81BB2D2E21F051277E8BBE9077EF1EE647825035BA3C0F8D67840CC6136D53,text,「真是的，你们两个！不是说了别吵吗～～！」\p
420,game_t00419,０２０：１９９７年_06：昼食.egpack,０２０：１９９７年_06：昼食,安芸,4E8FC9C8B9A01848D46EE15C71274B8C3744718D07EA8E68CDA3789AC0CFA07E,text,「——噗哈～～！！笑、笑死我了！！哈哈哈哈！！」\p
421,game_t00420,０２０：１９９７年_06：昼食.egpack,０２０：１９９７年_06：昼食,唯依,CFE864B5E368875E8ACF4B75273271F29FE300096A37DEA75FF716C3F1820CE1,text,「真是的……那到底是什么？」\p
422,game_t00421,０２０：１９９７年_06：昼食.egpack,０２０：１９９７年_06：昼食,安芸,9A01F1B93774753144A1D9F930315E43EFF3E2D13FE1EA6ACEB6B8A2C423B4F8,text,「情书啊。以前和泉看得一脸陶醉的那封。」\p
423,game_t00422,０２０：１９９７年_06：昼食.egpack,０２０：１９９７年_06：昼食,唯依,94546A9F4CF20921E041F6E1CB52354329313F34BAC791FD87092B22754460D2,text,「安艺，你这样很没品哦。怎么能偷看别人的信？」\p
424,game_t00423,０２０：１９９７年_06：昼食.egpack,０２０：１９９７年_06：昼食,安芸,A1E0EF677314D8B0AAE6B924F1677B772C7808FC774385787C65A465DF59633F,text,「别说得那么难听嘛唯依。她就在旁边光明正大地看，我跟她说话的时候，只是不小心看到了那一段！」\p
425,game_t00424,０２０：１９９７年_06：昼食.egpack,０２０：１９９７年_06：昼食,旁白,2974FAEB9CB612F6E0F363CC63D7078A990F213CA6D5948C0CB0FBE290E264E8,text,这么说来，我确实见过和泉边看信边微笑，而且不只一次。\p
426,game_t00425,０２０：１９９７年_06：昼食.egpack,０２０：１９９７年_06：昼食,安芸,0AD4C8FDB5C393D634F9B3D0CF1056F6799F801FDA07362145016DAC27236087,text,「那次也是，我叫了好几遍她都心不在焉。不过，居然和未婚夫通信，还真是风雅啊……嘻嘻嘻！」\p
427,game_t00426,０２０：１９９７年_06：昼食.egpack,０２０：１９９７年_06：昼食,和泉,3A2D9BC79F9A9E379D8A704A38E1B486489379AC78733EB61DA6782108AD9D8E,text,「烦不烦啊。少管闲事。」\p
428,game_t00427,０２０：１９９７年_06：昼食.egpack,０２０：１９９７年_06：昼食,旁白,F2B41428DA7D4CFF2096CBE8D9016B6F13528A757A79EE14145F495A952BCC7B,text,原来那是情书啊。\p
429,game_t00428,０２０：１９９７年_06：昼食.egpack,０２０：１９９７年_06：昼食,旁白,F24B3013C19C9986C75B5958F711B2259DD598919B30C8F2647D1D3CAC9DD906,text,和、和泉真厉害。这种东西一般都会躲起来看吧……我绝对做不到……\p
430,game_t00429,０２０：１９９７年_06：昼食.egpack,０２０：１９９７年_06：昼食,和泉,E1A8981D33EED2823F9F1644DD750059D3315868F1B3DA11D1B4F68423C5BB2A,text,「……他刚入伍，听说就连打个电话也得顾及周围的人。所以还是写信最方便。」\p
431,game_t00430,０２０：１９９７年_06：昼食.egpack,０２０：１９９７年_06：昼食,安芸,DE860973311EF958169C2735AD110E3AC41809D327DC643EAA9E8EE0828AE7F8,text,「咦——光明正大地打不就好了！就算是PX里的公用电话，现在是害羞的时候吗？」\p
432,game_t00431,０２０：１９９７年_06：昼食.egpack,０２０：１９９７年_06：昼食,和泉,BCFF60981445AB4DF423B3331E4CD66F54406DE7EC09E1E3195CBA8F62D6BE4A,text,「听说每天排队的人都特别多。你看，斯卫军不是一直在扩编吗？电话数量好像也不多。」\p
433,game_t00432,０２０：１９９７年_06：昼食.egpack,０２０：１９９７年_06：昼食,安芸,7C23947F120DFB08AF8EBEBE51F359E3FAEF9E4FF8A346279A97EBFB67180847,text,「也太小气了吧？增加了那么多人，正常来说也该多装几部电话啊。」\p
434,game_t00433,０２０：１９９７年_06：昼食.egpack,０２０：１９９７年_06：昼食,和泉,DF3CB4489BB5F72FA759ED1F05B3EF884A735768F705A4CFF8944AF776FB4131,text,「就是说啊……」\p
435,game_t00434,０２０：１９９７年_06：昼食.egpack,０２０：１９９７年_06：昼食,唯依,FC1BB2D07B8CA4CB833A8FC775711F88FDC75DF9188537E5BF556C9021D9D39C,text,「…\w…\w…\w…\w」\p
436,game_t00435,０２０：１９９７年_06：昼食.egpack,０２０：１９９７年_06：昼食,旁白,667136DC6804ED9198E36BF5F85FB47C7DB22979307232CB5A4A720B9BA32CB0,text,我也不是不能理解她的心情，可她却把这种微不足道的不便，说得仿佛遭到了多么不公的对待……\p
437,game_t00436,０２０：１９９７年_06：昼食.egpack,０２０：１９９７年_06：昼食,女学生１,748C504E4FE922D6ED39E6465FF2E34E5C43FA46D2B0DDFA01013CB280BB498E,text,「——武家的大小姐们可真轻松啊～」\p
438,game_t00437,０２０：１９９７年_06：昼食.egpack,０２０：１９９７年_06：昼食,女学生１,4716568D5DF0C7EC1120602DD628941163225416D69BBDCFE4D84CB6C15674C4,text,「明明是在军队里，居然还玩得那么开心～」\p
439,game_t00438,０２０：１９９７年_06：昼食.egpack,０２０：１９９７年_06：昼食,女学生２,31D541614FF9EB6E2C31F406BC3027E50F6DF897F462925976B96DC1330A04E0,text,「才不是，听说那里是什么“大小姐军人教室”。」\p
440,game_t00439,０２０：１９９７年_06：昼食.egpack,０２０：１９９７年_06：昼食,女学生３,A6BB5E41FD80E614A93112D27BAD3BB3DEDCB4C1609BB8AACB40220D75640235,text,「所以当兵也只是“武家小姐的修养”？那不就是新娘修行嘛。」\p
441,game_t00440,０２０：１９９７年_06：昼食.egpack,０２０：１９９７年_06：昼食,安芸,6D1CFC0BC78D2175C8FA222972FF288680E09D8352E35E137DA084F578B3FEBA,text,「——哼，那些家伙说的什么话。明明只是靠着和平过日子……！」\p
442,game_t00441,０２０：１９９７年_06：昼食.egpack,０２０：１９９７年_06：昼食,旁白,FEB2F9F7FA802D3F1D7602FB505448638229CDF5250904438CC14523E4979C2F,text,我也觉得那些话很不公平。我明白安艺想说什么——难道我们就不能过普通人的生活吗？\p
443,game_t00442,０２０：１９９７年_06：昼食.egpack,０２０：１９９７年_06：昼食,旁白,ACB6770F1E1226F500095FBA6E370D90E77B0903EC23C8344EA765D2D99F4633,text,可一旦我们向社会说出这句话，身为武家的我们也就死去了——\p
444,game_t00443,０２０：１９９７年_06：昼食.egpack,０２０：１９９７年_06：昼食,唯依,F1F9F2D4FDE91207F5C1E956D5ACC59FD8C42B76592F3E8711EB552FA0AECD27,text,「——我吃好了。」\p
445,game_t00444,０２０：１９９７年_06：昼食.egpack,０２０：１９９７年_06：昼食,安芸,E2792615E42C0421DB2BA9D85751A5572B607357D1CD70273825D90DAF694003,text,「啊——吃得好饱，好幸福～可下一节是基础装甲剑术，又不幸福了！！」\p
446,game_t00445,０２０：１９９７年_06：昼食.egpack,０２０：１９９７年_06：昼食,和泉,6B19A119F0DA869125C7CB58D6FAF11D382704E1754787648B8167725F981203,text,「你不是要活在未来吗？能不能成为卫士，就看综战武的成绩了，给我打起精神来。」\p
447,game_t00446,０２０：１９９７年_06：昼食.egpack,０２０：１９９７年_06：昼食,旁白,0C3FFF81735B62A2A47D974B929EB821D3C5CCDE914804091E189E67603D0C81,text,综战武……决定我们能否成为卫士的第二道关卡——\p
448,game_t00447,０２０：１９９７年_06：昼食.egpack,０２０：１９９７年_06：昼食,安芸,F2C2136234A17C77F9C7E592F2DEA8C4B2D1EC49264CD9C7F52ED431EA96A56F,text,「唔～～～～」\p
449,game_t00448,０２０：１９９７年_06：昼食.egpack,０２０：１９９７年_06：昼食,和泉,8B760D151F0EB3DDD4EF68922CD5EDD20A431BF12617A8A04F2079C40005C713,text,「——喂，你在听吗？你的未来可都系在装甲剑术上了。」\p
450,game_t00449,０２０：１９９７年_06：昼食.egpack,０２０：１９９７年_06：昼食,安芸,BB1949F491CF19107AA48E5F0AA94451721B76E5ACA0A43482811C726592C05C,text,「那是两回事～～吃饱就会犯困～～」\p
451,game_t00450,０２０：１９９７年_06：昼食.egpack,０２０：１９９７年_06：昼食,唯依,FC1BB2D07B8CA4CB833A8FC775711F88FDC75DF9188537E5BF556C9021D9D39C,text,「…\w…\w…\w…\w」\p
452,game_t00451,０２０：１９９７年_06：昼食.egpack,０２０：１９９７年_06：昼食,旁白,2CFFB34C35A71D79B9DF166F81E7D4C07FCB24701DBA8151724D2B976DF48F27,text,装甲剑术是突破综战武的关键，也是一门重要的实技课程。可观摩完晨练以后，却再也没有人提起加入装甲剑道部。\p
453,game_t00452,０２０：１９９７年_06：昼食.egpack,０２０：１９９７年_06：昼食,旁白,410980027D6924E1D4E0AC8B4D6015DC9891A6F3582BCFE9DF64F548AB7843EC,text,该怎么办……\p
454,game_t00456,０２０：１９９７年_06：昼食.egpack,０２０：１９９７年_06：昼食,斉藤助教,D5A86F9D26CA8F57357A05E46A85FE1DB7ADFE9531856313A412328BDED8C23B,text,「斯卫军对卫士身体素质的要求，高于帝国军的标准。为什么——你来回答！」\p
455,game_t00457,０２０：１９９７年_06：昼食.egpack,０２０：１９９７年_06：昼食,候補生１,B3B957B82B1E858B5E425EB26668EB734E8CDA382879760D1AB88A9DA3057015,text,「是！因为身为斯卫者，自出生起便肩负着明确责任！」\p
456,game_t00458,０２０：１９９７年_06：昼食.egpack,０２０：１９９７年_06：昼食,斉藤助教,52A42975F7655C7F39CECF97EF73041ED6057EED1599D5B4D2B1987E6AA2D345,text,「很好。那么所谓明确的责任是什么——你来回答！」\p
457,game_t00459,０２０：１９９７年_06：昼食.egpack,０２０：１９９７年_06：昼食,唯依,03DD25D321CCC674AAAA29E4D18AFBA9E84E66579FFC212488784AA808D3AC96,text,「是！凡列身斯卫者，皆当为全军之表率；临战居于先阵，撤退则担任殿后——此乃武门之矜持！」\p
458,game_t00460,０２０：１９９７年_06：昼食.egpack,０２０：１９９７年_06：昼食,斉藤助教,95053E25A3655306CE726FE3D431B87BB68A15313613854CDBEED8229DDEC948,text,「回答正确——标准之所以更高，是因为斯卫始终被要求成为帝国军人的典范！」\p
459,game_t00461,０２０：１９９７年_06：昼食.egpack,０２０：１９９７年_06：昼食,斉藤助教,CA1BCC71772D2871FB6C63F707AF46B39B016018D50FDCA54D4C62848FC16CE8,text,「因此，你们这些武家子女在义务教育期间接受的体育课程，是以陆军新兵训练为基础编制的。」\p
460,game_t00462,０２０：１９９７年_06：昼食.egpack,０２０：１９９７年_06：昼食,斉藤助教,1568DFFA819BE04E7AEF601360E15CF5967AEFB312C85B4911CE35F0604D6AD4,text,「站在这里的，都是从中按适应性择优选拔，并顺利跨过成为斯卫军正规卫士的第一道关卡——考入这所历史悠久的山百合女子卫士训练学校的人。」\p
461,game_t00463,０２０：１９９７年_06：昼食.egpack,０２０：１９９７年_06：昼食,斉藤助教,6F556CF2E3720453CC2B5763ABE830072AF03B9289E4841024A68D56C4CE1237,text,「但别因此安心！与同年级的普通女学生相比，你们的优势绝没有多大！」\p
462,game_t00464,０２０：１９９７年_06：昼食.egpack,０２０：１９９７年_06：昼食,候補生全員,FC1BB2D07B8CA4CB833A8FC775711F88FDC75DF9188537E5BF556C9021D9D39C,text,「…\w…\w…\w…\w」\p
463,game_t00465,０２０：１９９７年_06：昼食.egpack,０２０：１９９７年_06：昼食,斉藤助教,D247FA3246E27BF0291B0FB455CE927EEB0FA1096BA3B71973B8D06CFCF0091D,text,「你们不过才达到帝国军录用卫士标准的六成！这就是耗费国民血税，在九年义务教育中一路给你们垫高起点所换来的结果！！」\p
464,game_t00466,０２０：１９９７年_06：昼食.egpack,０２０：１９９７年_06：昼食,安芸,4C61EF880C026EB71B6CD7A6FA3EFE8BBA5BF82770C00B6314DF996852DD31D2,text,「什么叫不过……达到正规卫士录用标准的六成，已经很厉害了吧……！」\p
465,game_t00467,０２０：１９９７年_06：昼食.egpack,０２０：１９９７年_06：昼食,志摩子,70F00D1921489F8DCAFD72E058C1A95D94BE8ACF44A2019B865807553941125C,text,「安艺……！」\p
466,game_t00468,０２０：１９９７年_06：昼食.egpack,０２０：１９９７年_06：昼食,斉藤助教,2136DED6E81F1894FD203A8E3D4F8DE4BA4036E261B5292F6CE1D7B8391F3CE9,text,「这一切是为了什么——为了压缩卫士训练学校的基础训练期，尽早转入贴近实战的技能训练！」\p
467,game_t00469,０２０：１９９７年_06：昼食.egpack,０２０：１９９７年_06：昼食,斉藤助教,8F61BBE5F955ADF4B375AE62852D0C320E49B8366583D5CFB889CC16875BD406,text,「所以，你们必须在从今天开始的六周初级训练中，彻底掌握装甲剑术的基础！」\p
468,game_t00470,０２０：１９９７年_06：昼食.egpack,０２０：１９９７年_06：昼食,斉藤助教,E78851D1AC348F3F79D84B97CE428320F2DBB05188307CE036C7BE36A786EBB4,text,「而五月举行的综战武——即综合战斗武术评价考试，将从理论和实技两方面，衡量你们对全部初级训练内容的掌握程度。」\p
469,game_t00471,０２０：１９９７年_06：昼食.egpack,０２０：１９９７年_06：昼食,斉藤助教,8ACEDEF9BDB23FAE27E77F4120FC0256AB588473E10B9F604AE4CD503CFC94F0,text,「其中，基础装甲剑术是综战武最为重视的考核项目！」\p
470,game_t00472,０２０：１９９７年_06：昼食.egpack,０２０：１９９７年_06：昼食,斉藤助教,13D8ACEB7E45DFD5FB918C9F9385B52A2CEB6E1D51E26BC7528C7FE64AF4E14D,text,「但别误会——综战武不是比赛。胜负并不代表一切。」\p
471,game_t00473,０２０：１９９７年_06：昼食.egpack,０２０：１９９７年_06：昼食,斉藤助教,DC74D1CEB5D4EA6C9E0645CC3796C883FA4BC26C3384C9AEA2CDBF6DEAB09C06,text,「考核范围包括初级训练重点培养的四人小队协同意识及熟练程度，还有个人素质与未来潜力！」\p
472,game_t00474,０２０：１９９７年_06：昼食.egpack,０２０：１９９７年_06：昼食,安芸,82F632E0E34FA38F2AAEF27E63CAED57974F642484B6D7F9C0B4B61C3B9423FB,text,「说什么呢，各项评价都高的小队最后当然会赢啊……」\p
473,game_t00475,０２０：１９９７年_06：昼食.egpack,０２０：１９９７年_06：昼食,和泉,9668A616A2CE0AB8C03BD22279673926A61DD58267C296E6C14A349C9B0B53E2,text,「你别说了……会害大家一起受罚的……！」\p
474,game_t00476,０２０：１９９７年_06：昼食.egpack,０２０：１９９７年_06：昼食,斉藤助教,DF7A2285CF331953354428D78C12E009F4BB51891E5129EFE46D82E6DDA53A7D,text,「最重要的是小队协同意识与精度。知道为什么吗——你来回答！」\p
475,game_t00477,０２０：１９９７年_06：昼食.egpack,０２０：１９９７年_06：昼食,蓮川,977613B18555E24F0668E7DD502B320106B3C34845C7817027C45AB045943845,text,「是！战、战术机以两个最小作战单位——也就是一个小队——作为基本行动单位！」\p
476,game_t00478,０２０：１９９７年_06：昼食.egpack,０２０：１９９７年_06：昼食,斉藤助教,427029090357639D54DC8E0BB49BA8C57515AED181C1D6839B03D51BFCE6FFF4,text,「那么，这意味着什么——回答！」\p
477,game_t00479,０２０：１９９７年_06：昼食.egpack,０２０：１９９７年_06：昼食,蓮川,D9E7D6A2A97D3BD6E0F2DB8243500D0560DC128337B4675A28E77B0998B8DAE4,text,「是！……这、这个……那个……！！」\p
478,game_t00480,０２０：１９９７年_06：昼食.egpack,０２０：１９９７年_06：昼食,斉藤助教,292DC82BF1193E1C7A5B8659489A188967DF2F4893B1D8B2F0F59FA4E7BEC279,text,「给我牢记，留有解释余地的内容不算对上级的回答！用你那点脑子至少往下追问三次，把答案打磨到再无其他解释为止！！」\p
479,game_t00481,０２０：１９９７年_06：昼食.egpack,０２０：１９９７年_06：昼食,蓮川,415F4CBC703BCF5F8DC52486D4F324B7A53334CDE0EBEBF7C9E7BCC257F81F40,text,「——是，教官！」\p
480,game_t00482,０２０：１９９７年_06：昼食.egpack,０２０：１９９７年_06：昼食,斉藤助教,D396678AE2756E5085184FC193D18F682484DA033FEDCB81B7BAD2CAC1403510,text,「——那么，你来回答！！」\p
481,game_t00483,０２０：１９９７年_06：昼食.egpack,０２０：１９９７年_06：昼食,山城,65520B1B364D89C33488DE606309EE8646A9AE89E4F1657AC273C140B0E5349E,text,「是。因为提高小队协同能力，能够直接延长卫士的生存时间。」\p
482,game_t00484,０２０：１９９７年_06：昼食.egpack,０２０：１９９７年_06：昼食,斉藤助教,1E8EFA8CF98F70214ECE8820C8AE81A0F5A3DCFB9712FE9D995878CF4703FAB5,text,「正确！延长卫士生存时间，就意味着维持战斗力。提高小队协同能力，有益于部队、战线、方面军——进而有益于帝国乃至全人类！」\p
483,game_t00485,０２０：１９９７年_06：昼食.egpack,０２０：１９９７年_06：昼食,斉藤助教,18CD5E778EA4F4AF7D4BC959DABCB3BC3ACF39A72896978984AAC5A08C29AECD,text,「换句话说，你们每个人能力的提升，都足以左右全人类的战局！！」\p
484,game_t00486,０２０：１９９７年_06：昼食.egpack,０２０：１９９７年_06：昼食,候補生全員,FC1BB2D07B8CA4CB833A8FC775711F88FDC75DF9188537E5BF556C9021D9D39C,text,「…\w…\w…\w…\w」\p
485,game_t00487,０２０：１９９７年_06：昼食.egpack,０２０：１９９７年_06：昼食,斉藤助教,6A702E14EED4A673C8C016533110020640932207241D6EE15B2BEFE823A9237B,text,「你们这些喝着国民血税培养出来的斯卫军卫士，休想只熬八分钟便轻轻松松退出地狱！给我记住了！！」\p
486,game_t00488,０２０：１９９７年_06：昼食.egpack,０２０：１９９７年_06：昼食,唯依,03DB666BC86B8D86B58CB255D01D6FB6D79014375BF584F7FD999308813DAF35,text,「——是，教官！」
487,game_t00489,０２０：１９９７年_06：昼食.egpack,０２０：１９９７年_06：昼食,候補生全員,415F4CBC703BCF5F8DC52486D4F324B7A53334CDE0EBEBF7C9E7BCC257F81F40,text,「——是，教官！」\p
488,game_t00490,０２０：１９９７年_06：昼食.egpack,０２０：１９９７年_06：昼食,斉藤助教,2DF10C6FCE3A2D3B73922B2D6313F128E006C88E8E74FFFB89AF4685A089948C,text,「通过这道衡量实战适应性的正规卫士第二关后，你们才有资格进入中级训练课程——也就是开始学习驾驶战术机。」\p
489,game_t00491,０２０：１９９７年_06：昼食.egpack,０２０：１９９７年_06：昼食,候補生たち,59F4EB9E2D1D46096C713E6E74FADCE177B4DE94260A8BEA3C5F874FAB3A0617,text,「…\w…\w」\p
490,game_t00492,０２０：１９９７年_06：昼食.egpack,０２０：１９９７年_06：昼食,斉藤助教,861C1D03090D167700312BA111005F637D68909F38C62F825657B86107C21726,text,「届时，你们将学习包括双刀流和步枪运用在内的中队规模高级装甲剑术，并通过模拟器或实机驾驶训练、用于掌握机体结构的维护实习等课程，学习更贴近实战的技能。」\p
491,game_t00493,０２０：１９９７年_06：昼食.egpack,０２０：１９９７年_06：昼食,候補生たち,FC1BB2D07B8CA4CB833A8FC775711F88FDC75DF9188537E5BF556C9021D9D39C,text,「…\w…\w…\w…\w」\p
492,game_t00494,０２０：１９９７年_06：昼食.egpack,０２０：１９９７年_06：昼食,斉藤助教,6D6E827EE7CD98531792A313F8752BA07A8058EA47CC2F4F77017FDB384AB159,text,「但这些资格，只属于成功通过综战武的人。未达到结业标准者将被送入再教育课程，四周后的补考若仍不及格，就会受到转科处分！」\p
493,game_t00495,０２０：１９９７年_06：昼食.egpack,０２０：１９９７年_06：昼食,候補生たち,FC1BB2D07B8CA4CB833A8FC775711F88FDC75DF9188537E5BF556C9021D9D39C,text,「…\w…\w…\w…\w」\p
494,game_t00496,０２０：１９９７年_06：昼食.egpack,０２０：１９９７年_06：昼食,斉藤助教,1837160EEA979087AFD96EF4DA6EFCB8DE27B536BAF979E75BEBC838175A0081,text,「你们应该高兴——到了那一步，绝大多数人都会重新分配到机械化步兵科。谁叫你们偏偏拥有较高的卫士适应性！」\p
495,game_t00497,０２０：１９９７年_06：昼食.egpack,０２０：１９９７年_06：昼食,候補生たち,79F99C57FFA631756EA63C6913849C52A93C409FA1EA968E932CCF7003A57D4E,text,「呜哇～～～」\p
496,game_t00498,０２０：１９９７年_06：昼食.egpack,０２０：１９９７年_06：昼食,斉藤助教,BF25A0237BF5FA97D872F5198D4686AE02D669ADB8BD4C6801530D422E6389D5,text,「再告诉你们一件好事。我们这些教官的职责，可不是把你们培养成独当一面的卫士。」\p
497,game_t00499,０２０：１９９７年_06：昼食.egpack,０２０：１９９７年_06：昼食,斉藤助教,981EB7E3931B3FE7D6E85B9EE97F4701D405A2BBB2CB79FBD7FCC5F868AEEEC2,text,「我们的职责，是把那些因为失误、疏忽或其他该死理由，不仅害死自己，还会拖累战友一起丧命的废物彻底找出来，赶出这里！」\p
498,game_t00500,０２０：１９９７年_06：昼食.egpack,０２０：１９９７年_06：昼食,候補生全員,FC1BB2D07B8CA4CB833A8FC775711F88FDC75DF9188537E5BF556C9021D9D39C,text,「…\w…\w…\w…\w」\p
499,game_t00501,０２０：１９９７年_06：昼食.egpack,０２０：１９９７年_06：昼食,斉藤助教,E463D2226E84EC0E090A6F3B022F29A8D1562AD6FFF9CADF194A0912711DC5D4,text,「如果不想背着重得要命的强化外骨骼，在如同把人类、BETA、泥浆和屎尿一股脑搅碎泼洒的战场上爬行，直到被活活吃掉，就给我拼命训练——听清楚了吗？！」\p
500,game_t00502,０２０：１９９７年_06：昼食.egpack,０２０：１９９７年_06：昼食,唯依,03DB666BC86B8D86B58CB255D01D6FB6D79014375BF584F7FD999308813DAF35,text,「——是，教官！」
501,game_t00503,０２０：１９９７年_06：昼食.egpack,０２０：１９９７年_06：昼食,候補生全員,415F4CBC703BCF5F8DC52486D4F324B7A53334CDE0EBEBF7C9E7BCC257F81F40,text,「——是，教官！」\p
502,game_t00504,０２０：１９９７年_06：昼食.egpack,０２０：１９９７年_06：昼食,唯依,FC1BB2D07B8CA4CB833A8FC775711F88FDC75DF9188537E5BF556C9021D9D39C,text,「…\w…\w…\w…\w」\p
503,game_t00505,０２０：１９９７年_06：昼食.egpack,０２０：１９９７年_06：昼食,旁白,408A26A89DDCE0FE3B0CFCE9685A1DD0E9D79C7349CE38EABAAF42D10CE4DA6F,text,通过综战武，是我们眼下的生死攸关问题……\p
504,game_t00506,０２０：１９９７年_06：昼食.egpack,０２０：１９９７年_06：昼食,旁白,DC17CDAA4A2337F194759EA231E41F6A9FE573FF95E8CAF95BB4A27F40ED3EE7,text,但那里并不是终点。\p
505,game_t00507,０２０：１９９７年_06：昼食.egpack,０２０：１９９７年_06：昼食,旁白,CC9E2D348729A5C6A44FB3591A31D0A2AC50DD93B24B45BC53299D2A40CB0FDF,text,中级训练课程，才是卫士候补生真正的起跑线。\p
506,game_t00508,０２０：１９９７年_06：昼食.egpack,０２０：１９９７年_06：昼食,唯依,FC1BB2D07B8CA4CB833A8FC775711F88FDC75DF9188537E5BF556C9021D9D39C,text,「…\w…\w…\w…\w」\p
507,game_t00509,０２０：１９９７年_06：昼食.egpack,０２０：１９９７年_06：昼食,旁白,887252C34EA5D1B50DF907E12CBBC71AE81830216A3038C1EE7E901E3E0CA354,text,小队协同是最重要的考核项目……总之，必须先想办法解决这个问题。\p
508,game_t00510,０２０：１９９７年_06：昼食.egpack,０２０：１９９７年_06：昼食,旁白,BAF25028C74568141D178CEB4C4DF50352A7FF4DC050163396CC03680853543A,text,问题在于，如何统一大家的认识，并将其转化为技能提升。\p
509,game_t00511,０２０：１９９７年_06：昼食.egpack,０２０：１９９７年_06：昼食,旁白,D3800C89BCB9E8D3E2DE887438927E8F18884A9D6AF8E43BC0EA04E6DB80ECCE,text,观摩晨练后再也没人提过这件事，看来大家已经对装甲剑道部失去了兴趣。考虑到她们的性格，再翻出这个话题也没有意义。\p
510,game_t00512,０２０：１９９７年_06：昼食.egpack,０２０：１９９７年_06：昼食,旁白,154CFB40D3A85DD31C08C9CBA9197DF621E39052A88D90988781234F3693C476,text,无论如何，我们只能不断摸索，哪怕想尽一切办法，也要找到适合自己的做法。\p
511,game_t00513,０２０：１９９７年_06：昼食.egpack,０２０：１９９７年_06：昼食,安芸,4BBA036175BE6A62F83EA1A0BCD7B6ACCF8AA4EE843F7D47B513874C4A15A8BE,text,「唯依，你怎么了？表情这么严肃。」\p
512,game_t00514,０２０：１９９７年_06：昼食.egpack,０２０：１９９７年_06：昼食,唯依,6B7BA9EFD4A98E02152918B7A31355AD42391B282AEDC0900F4EE62B19AF3812,text,「咦……啊，我刚才想起齐藤助教讲过的综战武。」\p
513,game_t00515,０２０：１９９７年_06：昼食.egpack,０２０：１９９７年_06：昼食,和泉,D0394A475B4F63A5543418C5C6184F9BBA2CE5D46C083985D438F2DEF555CCA9,text,「啊——第一次上装甲剑术课时讲的那些？」\p
514,game_t00516,０２０：１９９７年_06：昼食.egpack,０２０：１９９７年_06：昼食,志摩子,D524AC1B145024AEA87C424440D205176E79ACB77D101A28BB04C88D37123FB6,text,「她拿机械化步兵科的事把我们吓得够呛。呜……又想起那些恶心的画面了。」\p
515,game_t00517,０２０：１９９７年_06：昼食.egpack,０２０：１９９７年_06：昼食,和泉,36AFB7BE62BD17113F780BCA28ABC4260566E871E46CC6898F22653D936E6444,text,「就是要趴在尸体与残骸熬成的汤里，直到被活活吃掉。她还说，就算成了卫士，只要实施紧急破坏逃生，最后也是同样的下场。简直糟透了。」\p
516,game_t00518,０２０：１９９７年_06：昼食.egpack,０２０：１９９７年_06：昼食,安芸,5720496170CEC8071BBCBED4FDBE20AC4FDBBB6D9760AC0058CF9CAAF21D408C,text,「真是的，别再想那些沉重的往事啦。我们要面向未来活下去～」\p
517,game_t00519,０２０：１９９７年_06：昼食.egpack,０２０：１９９７年_06：昼食,志摩子,477B3768F4E619FBC7147B3C7621375764D4077239B1C8F137C08277DAB14E8E,text,「说到综战武……装甲剑道部，大家准备怎么办？」\p
518,game_t00520,０２０：１９９７年_06：昼食.egpack,０２０：１９９７年_06：昼食,旁白,BCB305A70A706293F5C320CFF17EA5DB5A62C926A28C5F7EB54632AFC6CFAF76,text,志摩子……！？\p
519,game_t00521,０２０：１９９７年_06：昼食.egpack,０２０：１９９７年_06：昼食,志摩子,AFF03B6CBF953CB547C7FBEE3CA56520869492520874A9734A57CA1582A3A85B,text,「参观完晨练以后，这件事就不了了之了吧？我们难得早起去看过，还是认真谈一谈吧。」\p
520,game_t00522,０２０：１９９７年_06：昼食.egpack,０２０：１９９７年_06：昼食,安芸,BCE6C48F96B9C8CEE9D7AD4F549D5081D332A28FD02FC5022F0D6007128B0DBA,text,「嗯？啊——也是。」\p
521,game_t00523,０２０：１９９７年_06：昼食.egpack,０２０：１９９７年_06：昼食,旁白,CF8AD76FB25A20925E39C712F598943147991461393985EC508590236FBFD996,text,原来她还在介意，是她们邀请我去参观的。不过正好，由志摩子开口，我也更容易把话题继续下去。\p
522,game_t00524,０２０：１９９７年_06：昼食.egpack,０２０：１９９７年_06：昼食,安芸,530BE251731E7AAFD4CB8B2947A11FE5E94DDD43E5A1AE4E201AD076C1E1DA92,text,「早上我大概也说过了，我就不参加了吧。」\p
523,game_t00525,０２０：１９９７年_06：昼食.egpack,０２０：１９９７年_06：昼食,志摩子,8EA06A4F614C564AD0628EF6819AADEEEE947571A8F173CB3542B57CF4D6CD37,text,「咦？可、可是从晨练来看，加入以后应该很有利于通过技能鉴定……」\p
524,game_t00526,０２０：１９９７年_06：昼食.egpack,０２０：１９９７年_06：昼食,安芸,AF4A969C1F9ECE7F113F0F69FBCF158474CB954CFC312C392F083134418D06F1,text,「不行不行，每天早晚都要做那么激烈的训练，我可受不了～」\p
525,game_t00527,０２０：１９９７年_06：昼食.egpack,０２０：１９９７年_06：昼食,唯依,FC1BB2D07B8CA4CB833A8FC775711F88FDC75DF9188537E5BF556C9021D9D39C,text,「…\w…\w…\w…\w」\p
526,game_t00528,０２０：１９９７年_06：昼食.egpack,０２０：１９９７年_06：昼食,志摩子,4D2ABA892DB8FE50BC39F6F11F5775CCE777D76831818DEC7D022F03285CB09B,text,「可、可是第一次上装甲剑术课时，我们不是发过誓吗？一定要成为最先从教官手里拿下一分的人。」\p
527,game_t00529,０２０：１９９７年_06：昼食.egpack,０２０：１９９７年_06：昼食,和泉,C5F1B414C21B7713C998AD9C8FBFD7ADED8A460F323849C71DEB89B347C4B832,text,「说起来，安艺那次被教官单方面打得落花流水，还不甘心得哭了呢。」\p
528,game_t00530,０２０：１９９７年_06：昼食.egpack,０２０：１９９７年_06：昼食,安芸,14E8D4A853DC40F37E3E1ABFBF37109B9539C3D0771D4283D3509433B5B10671,text,「啊——和泉你烦不烦啊！」\p
529,game_t00531,０２０：１９９７年_06：昼食.egpack,０２０：１９９７年_06：昼食,志摩子,8880BAD7A4949D079E93A474A8A4295DCE5A336740156100EFE73ADF39533BD3,text,「你当时明明最有干劲，还说想通过综战武、打败教官，就只有加入装甲剑道部，所以一定要去观摩……」\p
530,game_t00532,０２０：１９９７年_06：昼食.egpack,０２０：１９９７年_06：昼食,安芸,E13D149A38CCA826232ACBE5182C254959EECF303B03F167BA722EF189C7A3BD,text,「嗯——话是这么说，可我还是更想扎扎实实地练好基础。」\p
531,game_t00533,０２０：１９９７年_06：昼食.egpack,０２０：１９９７年_06：昼食,和泉,73D1A496AEC9B6171919FFD07A5A6F892ED681F8450913181D4BAC3D18EEDF8A,text,「什么扎实练基础。从你嘴里说出来，怎么听都像不想训练的借口。」\p
532,game_t00534,０２０：１９９７年_06：昼食.egpack,０２０：１９９７年_06：昼食,安芸,C47D896516762F9129D8A7209DC38D1A0BC4B9120013B49B804E2C7408083D14,text,「和泉你什么意思！那你自己要加入吗？」\p
533,game_t00535,０２０：１９９７年_06：昼食.egpack,０２０：１９９７年_06：昼食,和泉,213C387786B9E3BC3FFC0E994496C0081D6F4BF0DE564B0FFFC97F176A0381A0,text,「嗯？——不，我也不参加。」\p
534,game_t00536,０２０：１９９７年_06：昼食.egpack,０２０：１９９７年_06：昼食,唯依,2F5DDCA1C317CAB54825B04E30D23EB62EC14CC07128C6CBC0DF4BC4AF52DB26,text,「…\w…\w…\w…\w」
535,game_t00537,０２０：１９９７年_06：昼食.egpack,０２０：１９９７年_06：昼食,安芸,DF557422D949D712CC15D8664BE45F402D9527460590FA542331CE5DE631E1C7,text,「哈啊～搞什么啊～！？结果不还是一样嘛～！」
536,game_t00538,０２０：１９９７年_06：昼食.egpack,０２０：１９９７年_06：昼食,志摩子,61F5018091A1AC12EBD2012F77FEA57B6431319C5636A0517D566EC3F1BB3BEC,text,「诶～」\p
537,game_t00539,０２０：１９９７年_06：昼食.egpack,０２０：１９９７年_06：昼食,和泉,27A53369786E039CAA4EC418BD2F4658196A35E70E8790E1D52BEF8A2DA6B286,text,「我的情况完全不同。每天完成那么大的训练量，肯定会影响理论课和其他实技课程。」\p
538,game_t00540,０２０：１９９７年_06：昼食.egpack,０２０：１９９７年_06：昼食,志摩子,E05E803A1B6FD2ED4B23BA0C5D7732AEA7A4EC13A41843EF746775EFD5F80D6B,text,「可是第一次训练时，齐藤助教不是也说过吗？综战武最重视的就是装甲剑术熟练程度。」\p
539,game_t00541,０２０：１９９７年_06：昼食.egpack,０２０：１９９７年_06：昼食,和泉,ED2D6C1C7F6A537E82F6B6A80056B0F3F303A83DE7904D8A80470C704DEAEF42,text,「话是这样没错，但她也说过，不会只根据装甲剑术来评价吧？」\p
540,game_t00542,０２０：１９９７年_06：昼食.egpack,０２０：１９９７年_06：昼食,志摩子,D272F9906AB8F5C3BD6FEFC7D43057600637A3F6579840E5D541F4EC03279708,text,「唔……」\p
541,game_t00543,０２０：１９９７年_06：昼食.egpack,０２０：１９９７年_06：昼食,和泉,D419AE542F65649244ED9BF0E4D5503605BDC4A1D458C8257D62095C7E94EC17,text,「而且每天做那么多训练，恐怕一转眼就会练到综战武的考核范围之外去了。」\p
542,game_t00544,０２０：１９９７年_06：昼食.egpack,０２０：１９９７年_06：昼食,志摩子,FC1BB2D07B8CA4CB833A8FC775711F88FDC75DF9188537E5BF556C9021D9D39C,text,「…\w…\w…\w…\w」\p
543,game_t00545,０２０：１９９７年_06：昼食.egpack,０２０：１９９７年_06：昼食,和泉,14B0C83ADB3AF6B25849149D4F9CFEF993B6DFAD5C3FF32103C9CC4E26DE3FB1,text,「双刀流和持枪训练至少还能用于高级课程，可之后必然会开始针对全国大赛和竞技比赛的训练。综战武结束以后，那种负担对我来说太重了。」\p
544,game_t00546,０２０：１９９７年_06：昼食.egpack,０２０：１９９７年_06：昼食,安芸,2A5D848529D92EA503E8ADE540CFD3E67556FA8C6D787E42FA5FEAFCF6A26A7D,text,「必修社团又不能因为个人原因退出。这样确实很辛苦。」\p
545,game_t00547,０２０：１９９７年_06：昼食.egpack,０２０：１９９７年_06：昼食,志摩子,B7EA5AA041552B8876E1CF01A7585D5ADFD722832026F200175C88C65344E0D5,text,「可是，如果没能通过综战武，就会被送进再教育课程，最坏还会被勒令转科啊。」\p
546,game_t00548,０２０：１９９７年_06：昼食.egpack,０２０：１９９７年_06：昼食,志摩子,CC1FD575AE7F80ADD45177A98FE4F1C2143927F6D4E33389966AD1806D7FB045,text,「既然目标是成为卫士，首先就必须确保通过综战武。总是考虑那么久以后的事，也未免……」\p
547,game_t00549,０２０：１９９７年_06：昼食.egpack,０２０：１９９７年_06：昼食,安芸,E3B571716B01DEB7FB2D8DE43801459E958148FD718B52A44909BD622587DFF1,text,「没错没错。所以说，基础才是最重要的，和泉～」\p
548,game_t00550,０２０：１９９７年_06：昼食.egpack,０２０：１９９７年_06：昼食,和泉,679869B2D56D69601C96642517A05E2D3B466B5DBA416BCA2E5C9174E40FFD1E,text,「你在说什么啊。就算为了综战武耗尽力气也没有意义；即使通过了，最后在高级课程里不及格，不还是白费功夫？」\p
549,game_t00551,０２０：１９９７年_06：昼食.egpack,０２０：１９９７年_06：昼食,和泉,F82D5E14402F64AB1FC7D8EFCB7829BB4F656E32E5F6D8C239A1DD71FC388379,text,「而且我也是为了通过综战武，才不想荒废其他理论课和实技课。」\p
550,game_t00552,０２０：１９９７年_06：昼食.egpack,０２０：１９９７年_06：昼食,志摩子,DD0B32DBB74BEAD68FF3E37AA9BB6BA1986645B8B6B8564061DBDAE4C5AD953C,text,「啊，嗯……也对。」\p
551,game_t00553,０２０：１９９７年_06：昼食.egpack,０２０：１９９７年_06：昼食,唯依,FC1BB2D07B8CA4CB833A8FC775711F88FDC75DF9188537E5BF556C9021D9D39C,text,「…\w…\w…\w…\w」\p
552,game_t00554,０２０：１９９７年_06：昼食.egpack,０２０：１９９７年_06：昼食,旁白,DC31E808627203C2046D8D14364595C033787E241CEC58F33F87110307E30A07,text,安艺只顾眼前；和泉则盘算着尚未到手的最大收益。志摩子大概受制于对我这个上级的情面，根本没有自己的意见。\p
553,game_t00555,０２０：１９９７年_06：昼食.egpack,０２０：１９９７年_06：昼食,旁白,482D25BF57B6E878585247A0EF942A5B63AB177E3B1234BC93E77DE0D9EF69A2,text,每个人都只是坚持自己认为正确的看法，却没有努力让对方理解。无论做什么，这样下去都只能得到一个平庸的结果。\p
554,game_t00556,０２０：１９９７年_06：昼食.egpack,０２０：１９９７年_06：昼食,旁白,23C74D6ED9539FFEC05B6A3422CB6BE30A8A2FFC9046B7064101D86E05F59BBD,text,继续这样争论，不仅小队无法团结，我们也肯定会被送去转科。\p
555,game_t00557,０２０：１９９７年_06：昼食.egpack,０２０：１９９７年_06：昼食,唯依,C43873926AC647DD3219D6921334A018968A161518C8B5F7F4C2AFAA00623279,text,「……那么，我可以说说自己的意见吗？」\p
556,game_t00558,０２０：１９９７年_06：昼食.egpack,０２０：１９９７年_06：昼食,志摩子,C5CC3422AFB8A2B5FC616C2C75C2CAB21B3D3D9A9E475906D3C4EA714AB8BEA3,text,「当、当然可以。」\p
557,game_t00559,０２０：１９９７年_06：昼食.egpack,０２０：１９９７年_06：昼食,唯依,9A6BEACA4C9EBFEA65B22443021040E30C9BA63892D94ACDEBC9D137B8FF254E,text,「如果只把装甲剑术看作训练学校的一门课程，我认为和泉和安艺说得确实有道理。」\p
558,game_t00560,０２０：１９９７年_06：昼食.egpack,０２０：１９９７年_06：昼食,志摩子,220D2DE9E6422EF44FC7A6669D759980BC8B9F8595C3090012C3A29C0C86FEF4,text,「咦……」\p
559,game_t00561,０２０：１９９７年_06：昼食.egpack,０２０：１９９７年_06：昼食,唯依,AF282C03E21AD0804DA88A1E9FAE0B9FB0DFB9516EBBB6F214EE4DA6F87F38BA,text,「可是我们的目标不是通过综战武，而是成为卫士，为陛下、殿下和国民效力，对吧？」\p
560,game_t00562,０２０：１９９７年_06：昼食.egpack,０２０：１９９７年_06：昼食,安芸,712D86D96FBD2D1ABF99D6E8E4204D76AC328435A2081A88B7357E5D06F8809F,text,「……是啊。」
561,game_t00563,０２０：１９９７年_06：昼食.egpack,０２０：１９９７年_06：昼食,和泉,461711881537030DDA63988D9AF5DD9488DEE020A67B164988A1B233C238ECE4,text,「……嗯，也是啊。」
562,game_t00564,０２０：１９９７年_06：昼食.egpack,０２０：１９９７年_06：昼食,志摩子,B5A27DA3CC8BC6E5F1A463FBE6D715F54006088538838CC17A32EB11F75FC629,text,「嗯！」\p
563,game_t00565,０２０：１９９７年_06：昼食.egpack,０２０：１９９７年_06：昼食,唯依,6B5E2EBEBB8B72F5E2843C15E0A2FEB8BEADE524CED563B25343C68412AD33A1,text,「例如，即使装甲剑道部的训练内容超出了当前范围，只要最终能提高实战近身格斗能力和协同精度，我认为这才最符合我们所有人的目标。」\p
564,game_t00566,０２０：１９９７年_06：昼食.egpack,０２０：１９９７年_06：昼食,安芸,2F5DDCA1C317CAB54825B04E30D23EB62EC14CC07128C6CBC0DF4BC4AF52DB26,text,「…\w…\w…\w…\w」
565,game_t00567,０２０：１９９７年_06：昼食.egpack,０２０：１９９７年_06：昼食,和泉,DAFC22FD62C580CCB0A57E648D8360C69EEC70E1064386C43FEDB78DCF9FC81E,text,「…\w…\w」
566,game_t00568,０２０：１９９７年_06：昼食.egpack,０２０：１９９７年_06：昼食,志摩子,B5A27DA3CC8BC6E5F1A463FBE6D715F54006088538838CC17A32EB11F75FC629,text,「嗯！」\p
567,game_t00569,０２０：１９９７年_06：昼食.egpack,０２０：１９９７年_06：昼食,唯依,A9DEACE9B99049B8415B04EA6BCBBFE4BD262891D381A1B4D7E996640933A901,text,「齐藤助教不是说过吗？之所以重视协同精度，是因为它能直接提升生存能力。」\p
568,game_t00570,０２０：１９９７年_06：昼食.egpack,０２０：１９９７年_06：昼食,唯依,8EEF7F5652871D2227DBFBFF25AB37D9FEA2AEB62239BAF5738D3BBDED1C5CEA,text,「所以，我觉得应该换一个角度，重新考虑加入装甲剑道部。你们觉得呢？」\p
569,game_t00571,０２０：１９９７年_06：昼食.egpack,０２０：１９９７年_06：昼食,志摩子,77DDF387698DF1334E87932B709D32DB7681FE9FB8C68E7DF33CB54CC52FC93D,text,「确实是这样！提升生存能力，就是既能保护自己，也能保护大家。」\p
570,game_t00572,０２０：１９９７年_06：昼食.egpack,０２０：１９９７年_06：昼食,和泉,4409ED3C476E665C6C309E300FD71830DBB3F65BF8A00F4D11571F6697B11219,text,「我很理解你的意思。可是万一装甲剑术不及格而被转科，这些技能几乎派不上用场。所以要把重心全部放在这里，我还是会很慎重。」\p
571,game_t00573,０２０：１９９７年_06：昼食.egpack,０２０：１９９７年_06：昼食,志摩子,A0FBA50BB215335B6A6600E6F9BBBAF4E291BD60A3CFF285EAACF2598CD20E73,text,「这……也是啊。」\p
572,game_t00574,０２０：１９９７年_06：昼食.egpack,０２０：１９９７年_06：昼食,安芸,1E31FD9886BADD3E139DFE8C0D42AB2BCF21F54DEE430CC7770120483AE61BBE,text,「志摩子，你怎么还失落起来了。我又不反对你和唯依参加，大家按照适合自己的方法努力不就好了？」\p
573,game_t00575,０２０：１９９７年_06：昼食.egpack,０２０：１９９７年_06：昼食,志摩子,1FE73BC5F55EFF102C404B9E24C19B94C97A609A0B2E17AE5239C29A034E66D3,text,「可是基础课程最重视小队协同。如果是为了准备综战武而加入，四个人不能一起参加就没有意义。」\p
574,game_t00576,０２０：１９９７年_06：昼食.egpack,０２０：１９９７年_06：昼食,唯依,FC1BB2D07B8CA4CB833A8FC775711F88FDC75DF9188537E5BF556C9021D9D39C,text,「…\w…\w…\w…\w」\p
575,game_t00577,０２０：１９９７年_06：昼食.egpack,０２０：１９９７年_06：昼食,安芸,0ED5207857781C19DE099DC9FE8E0CD578F1E4E7D38FDB2C963CE06F1D1CE127,text,「既然这样，我们还是按照适合自己的方式有效率地努力比较好吧？我们都是外行，与其凭体育社团那套劲头多练一些没必要的东西，还不如扎实打好基础！」\p
576,game_t00578,０２０：１９９７年_06：昼食.egpack,０２０：１９９７年_06：昼食,和泉,E22A1DAD0891BF46DC030D99B9672B477C629A64233A49F5544B24559913F357,text,「嗯，这倒是没错。只不过“基础”从你嘴里说出来，听着还是很可疑。」\p
577,game_t00579,０２０：１９９７年_06：昼食.egpack,０２０：１９９７年_06：昼食,安芸,C6EA0AE16DF7DBBD45F19BBB93226D388511D592860D0E0ED29E8E4A3704C83F,text,「你——说——什——么！」\p
578,game_t00580,０２０：１９９７年_06：昼食.egpack,０２０：１９９７年_06：昼食,志摩子,12F0266AB183D0FC23187B4F80398C38141117035B18E1C88A4F72D77EBB0371,text,「好了，别再吵啦。」\p
579,game_t00581,０２０：１９９７年_06：昼食.egpack,０２０：１９９７年_06：昼食,唯依,FC1BB2D07B8CA4CB833A8FC775711F88FDC75DF9188537E5BF556C9021D9D39C,text,「…\w…\w…\w…\w」\p
580,game_t00582,０２０：１９９７年_06：昼食.egpack,０２０：１９９７年_06：昼食,旁白,FE9A03DE9173CD774DDE24C5B0354B78BB13508DBEE77F1A63E18BD77E33936E,text,看来只能把加入装甲剑道部这件事作罢了。\p
581,game_t00583,０２０：１９９７年_06：昼食.egpack,０２０：１９９７年_06：昼食,旁白,834FF06A99F8891855D9FC16DFBEEB283D39F785ECF8B02FFD84AEAE7679A6A1,text,不过，我认为观摩晨练还是有价值的。至少借此知道了，大家都在用自己的方式努力通过综战武。\p
582,game_t00584,０２０：１９９７年_06：昼食.egpack,０２０：１９９７年_06：昼食,旁白,08B7DB5ECB32186F91CA3EF3BFB4A43A285B0FFE6929EC2EC5871DB73A5A9B08,text,既然如此，就只能把加强小队协同放在首位。正如安艺所说，按照适合我们的方式——\p
583,game_t00585,０２０：１９９７年_06：昼食.egpack,０２０：１９９７年_06：昼食,唯依,35358EB5D588572FB832AC0D26C6B28DD370618B24F9431515AF58C43D4BCEA9,text,「那么，我们决定不加入装甲剑道部，可以吗？用其他方法提高彼此的协同能力吧。」\p
584,game_t00586,０２０：１９９７年_06：昼食.egpack,０２０：１９９７年_06：昼食,和泉,DC41BEF3372F4AFE7C50350B103C9449C959CDBA45642DF4F335687965C5FCD1,text,「咦，真的可以吗？像安艺说的那样，唯依和志摩子不用非得迁就我们……」\p
585,game_t00587,０２０：１９９７年_06：昼食.egpack,０２０：１９９７年_06：昼食,唯依,2A99BA3CAF156137D9ADF08B0737AE5D036525C314AFBC078590DEBCC74BB5FC,text,「嗯，我没关系。今天去观摩，本来就不是以加入装甲剑道部为目的，而是为了商量怎样让大家一起通过综战武。」\p
586,game_t00588,０２０：１９９７年_06：昼食.egpack,０２０：１９９７年_06：昼食,志摩子,60138B0E6DB7095CDA4948BAAEAAA22573D7BE1DA371A02CCFC6044DC9238AE9,text,「我也同意。」\p
587,game_t00589,０２０：１９９７年_06：昼食.egpack,０２０：１９９７年_06：昼食,和泉,4BC8E6BCAC5CAB345274A3EBF9F72B90D53E6290ECA15178766D021A3AABBBC0,text,「这样啊，那就好。总觉得像是硬拉着你们迁就我们——」\p
588,game_t00590,０２０：１９９７年_06：昼食.egpack,０２０：１９９７年_06：昼食,安芸,5892AFCF648DB1F81061E694684BB1ED9C0498344B01C1446D78636575EB1D03,text,「——和泉，过去的事情就别再提啦！我们要活在未来～！」\p
589,game_t00591,０２０：１９９７年_06：昼食.egpack,０２０：１９９７年_06：昼食,真田教官,752D84EA8FB6BCD0C6C6BF19408754B1BB2F62E4EBE7F41F0EDD27FA40417554,text,「装剑术——也就是装甲剑术，是斯卫军卫士训练课程采用的综合近身格斗术。」\p
590,game_t00592,０２０：１９９７年_06：昼食.egpack,０２０：１９９７年_06：昼食,真田教官,AAB1B37C66254C9C68C75589809455A68AB7354C0F5DFA285B26C72263D3556B,text,「它以模仿战术机74式长刀重量平衡的树脂训练刀为主要装备，在剑术中结合柔术、合气道和空手道，是斯卫独有的格斗术。」\p
591,game_t00593,０２０：１９９７年_06：昼食.egpack,０２０：１９９７年_06：昼食,真田教官,92EDAC58B684A271D2CBA7B84CFF76DF2431FA5FE143FFC879B4D4111D85B2E7,text,「斯卫军为何创造这种独特格斗术？因为它能培养实战中的机动近身格斗感觉。」\p
592,game_t00594,０２０：１９９７年_06：昼食.egpack,０２０：１９９７年_06：昼食,真田教官,95B49AF1E862A3F02A1D45D0F023E9AE2F9681111BAA027F22F7A4D332C06B8C,text,「正如你们所知，斯卫军的主要任务是警卫皇帝陛下、政威大将军殿下及其下辖设施；其作战区域限于帝国领土，是一支防御性的局地战斗部队。」\p
593,game_t00595,０２０：１９９７年_06：昼食.egpack,０２０：１９９７年_06：昼食,真田教官,F11EF0BEB5AF0537C4836A7F8C1600066FD94CDD1A9A4B69B168C89AD00BC557,text,「因此，与帝国军及普通战术机甲部队不同，斯卫军面对的战况必然是敌我相互紧邻，发生密集近身格斗战的概率几乎可以视为百分之百。」\p
594,game_t00596,０２０：１９９７年_06：昼食.egpack,０２０：１９９７年_06：昼食,唯依,2F5DDCA1C317CAB54825B04E30D23EB62EC14CC07128C6CBC0DF4BC4AF52DB26,text,「…\w…\w…\w…\w」
595,game_t00597,０２０：１９９７年_06：昼食.egpack,０２０：１９９７年_06：昼食,候補生たち,FC1BB2D07B8CA4CB833A8FC775711F88FDC75DF9188537E5BF556C9021D9D39C,text,「…\w…\w…\w…\w」\p
596,game_t00598,０２０：１９９７年_06：昼食.egpack,０２０：１９９７年_06：昼食,真田教官,6DAABF7F68F9384F5F4742EC7C95DCC8311EC627FF45AD1C2F4ACCD79BF0B9B9,text,「在密集近身格斗中，火器几乎派不上用场。首要原因，是敌我识别装置为防止误伤友军而施加的开火限制。」\p
597,game_t00599,０２０：１９９７年_06：昼食.egpack,０２０：１９９７年_06：昼食,真田教官,55A61C9A3BD239ACE1BFEA311183E7557ABB3044FD9531AD67D6E0304FED0CE9,text,「这是一种自动保险装置。系统会实时计算敌我双方的移动数据、射线轴、炮弹穿透力与目标硬度、目标的构成与形状、跳弹轨迹等预测结果，并始终通过数据链共享——」\p
598,game_t00600,０２０：１９９７年_06：昼食.egpack,０２０：１９９７年_06：昼食,真田教官,B7D15E696099BC9AD28F87E3FDB528D38DB5BC79C21AAAC8395CF2EE595DAFA5,text,「——一旦预测命中范围内检测到友军机标识，敌我识别装置便会取消扳机输入，使火炮无法开火。」\p
599,game_t00601,０２０：１９９７年_06：昼食.egpack,０２０：１９９７年_06：昼食,真田教官,0AADB00A01D1A8721D4EA5A0C2061FAEC082D653D62D5102A7C474522EAA5FF7,text,「系统也有各种例外解除条件，例如卫士长期积累的经验数据，或为解救被敌人贴身纠缠的友军机。但你们必须明白，自己始终受到这套装置管制。」\p
600,game_t00602,０２０：１９９７年_06：昼食.egpack,０２０：１９９７年_06：昼食,真田教官,579509828014AD1B3808CB5583FF202D09CF581790AA670D4AAA271728F682BE,text,「没有指挥权的卫士无法自行解除这套装置。因此，以突击炮为首的火炮在密集战中几乎无法使用。」\p
601,game_t00603,０２０：１９９７年_06：昼食.egpack,０２０：１９９７年_06：昼食,真田教官,67BE0C4F8B4937881ABDF63CE225696D04A1282356E34CBEB17B8E3F2C705BD7,text,「这项措施源于BETA大战初期的一场惨剧。当时许多卫士在惨烈的BETA近身战中精神错乱，擅自解除敌我识别装置，最终两个大队因友军误射而全军覆没。」\p
602,game_t00604,０２０：１９９７年_06：昼食.egpack,０２０：１９９７年_06：昼食,真田教官,5C12FF42AB415C86977AD8DA05BF99E186BBC9FE4180D6EDAC89AF53F38D40EF,text,「从那以后，不仅敌我识别装置，包括紧急弹射防撞装置在内的大量安全措施，都由拥有指挥权的卫士集中管制；没有移交权限便无法解除。」\p
603,game_t00605,０２０：１９９７年_06：昼食.egpack,０２０：１９９７年_06：昼食,唯依,2F5DDCA1C317CAB54825B04E30D23EB62EC14CC07128C6CBC0DF4BC4AF52DB26,text,「…\w…\w…\w…\w」
604,game_t00606,０２０：１９９７年_06：昼食.egpack,０２０：１９９７年_06：昼食,候補生たち,FC1BB2D07B8CA4CB833A8FC775711F88FDC75DF9188537E5BF556C9021D9D39C,text,「…\w…\w…\w…\w」\p
605,game_t00607,０２０：１９９７年_06：昼食.egpack,０２０：１９９７年_06：昼食,真田教官,BA5C2FFAABEA2D1558703FE46EAA5956ADC481675658E21E11CA2A31B467986C,text,「第二个原因是火器会消耗炮弹。说得简单一点，就是弹药耗尽。」\p
606,game_t00608,０２０：１９９７年_06：昼食.egpack,０２０：１９９７年_06：昼食,真田教官,33DC4184CE6E8AA4DE4F684671C8D764C4BC9E17A0350321DB3F589F420B6DF1,text,「尤其是与BETA进行密集近身战时，强烈的心理压力会导致炮弹消耗过度。这一点已经得到统计证明；携带备用弹匣时更是如此，会频繁暴露战术机自动更换弹匣时最大的破绽。」\p
607,game_t00609,０２０：１９９７年_06：昼食.egpack,０２０：１９９７年_06：昼食,真田教官,781A82F76E8CFB962500B44104467AC671404F65C1920C0867BFCE54BD2997DB,text,「由此可知，与BETA进行密集战时，最有效的武器是近身战斗用长刀和短刀、作为固定武器的锚钉，以及以刃翼为代表的刃装甲。」\p
608,game_t00610,０２０：１９９７年_06：昼食.egpack,０２０：１９９７年_06：昼食,真田教官,C08CAB68905F82934CC69E858715EF957CC81C50DD110FA5A965A4A679E4D866,text,「携带式武器主要将卫士的攻击意志转化为物理攻击；刃装甲等固定武器则把战术机的机动转化为斩击与突刺，成为有意识或无意识状态下的攻防手段。」\p
609,game_t00611,０２０：１９９７年_06：昼食.egpack,０２０：１９９７年_06：昼食,真田教官,BDE268E9A27DDB193D1FD0FCCE6EDDD589C2B3A9BB2D2F70541123A914469033,text,「若能达到自如控制这些有意识与无意识攻防手段的境界，便能把机体本身化作武器，使密集战中的生存率大幅提高。」\p
610,game_t00612,０２０：１９９７年_06：昼食.egpack,０２０：１９９７年_06：昼食,真田教官,9E8A02A6B02616F244CD5E0B555409AAF26913F515412372F1A30E1899F32B42,text,「装甲剑术之所以融合多种格斗术，原因正在于此。训练使用的护具，就是为了让你们掌握以装甲为武器的格斗感觉。」\p
611,game_t00613,０２０：１９９７年_06：昼食.egpack,０２０：１９９７年_06：昼食,唯依,2F5DDCA1C317CAB54825B04E30D23EB62EC14CC07128C6CBC0DF4BC4AF52DB26,text,「…\w…\w…\w…\w」
612,game_t00614,０２０：１９９７年_06：昼食.egpack,０２０：１９９７年_06：昼食,候補生たち,FC1BB2D07B8CA4CB833A8FC775711F88FDC75DF9188537E5BF556C9021D9D39C,text,「…\w…\w…\w…\w」\p
613,game_t00615,０２０：１９９７年_06：昼食.egpack,０２０：１９９７年_06：昼食,真田教官,43DC679E50961AA79D0BC7B642F97F3A8B6D441CCB830A158B8EB8A0D2B983EC,text,「你们或许会产生疑问：为了学习操纵机械，为什么最受重视的反而是肉身格斗训练——答案就在战术机的控制方式中。」\p
614,game_t00616,０２０：１９９７年_06：昼食.egpack,０２０：１９９７年_06：昼食,真田教官,3EEC11F92780DCBA276E3BE77219156A553871594E73684892D7D2A96EE76453,text,「战术机的机体控制，除了操纵杆等直接输入，也会同时采用间接思维控制。」\p
615,game_t00617,０２０：１９９７年_06：昼食.egpack,０２０：１９９７年_06：昼食,真田教官,37C51C87B100DCE733CD4449EF80F805AFAAD23CDE994F8F17B6CC2F7825F877,text,「所谓间接思维控制，是将强化装备测得的脑电波和全身肌电位变化，与直接输入日志进行比对，积累卫士个人统计数据，再逐次用于先行预备动作和自动控制的系统。」\p
616,game_t00618,０２０：１９９７年_06：昼食.egpack,０２０：１９９７年_06：昼食,真田教官,FAC051737BAED68440456FD52741F69FE4CDBB9CF74F98634C4ACFFE93FD20DE,text,「战术机超越人类的敏捷反应能力，以及操纵感所需的适当冗余，都是由这套系统实现的。」\p
617,game_t00619,０２０：１９９７年_06：昼食.egpack,０２０：１９９７年_06：昼食,唯依,2F5DDCA1C317CAB54825B04E30D23EB62EC14CC07128C6CBC0DF4BC4AF52DB26,text,「…\w…\w…\w…\w」
618,game_t00620,０２０：１９９７年_06：昼食.egpack,０２０：１９９７年_06：昼食,候補生たち,FC1BB2D07B8CA4CB833A8FC775711F88FDC75DF9188537E5BF556C9021D9D39C,text,「…\w…\w…\w…\w」\p
619,game_t00621,０２０：１９９７年_06：昼食.egpack,０２０：１９９７年_06：昼食,真田教官,DE8E9946AD6E8E85FC40D9EFA5591A5A6C69A1B6FC93E85131DD15FA84175C95,text,「因此，你们通过实际活动身体掌握的全部感觉，都会叠加到战术机的动作控制数据中，对其运动性能和机动性能产生重大影响。」\p
620,game_t00622,０２０：１９９７年_06：昼食.egpack,０２０：１９９７年_06：昼食,真田教官,73C736024BCB8F4BE917B24B7EBA75C5E016F13EB00754373B990502CE73E40F,text,「也就是说，武术课程的训练和技能掌握，会直接提高实战中的近身格斗能力。」\p
621,game_t00623,０２０：１９９７年_06：昼食.egpack,０２０：１９９７年_06：昼食,真田教官,DCE9EFA39BA9D29352DEB1A2874190DD59BD23AB0F2FE12E660070A223CFBF54,text,「装剑术训练的前半段学习招式等基础，后半段每次都会进行协同自由对练。这套课程同样完全依据实战中的战术机部队编组及其运用方式设计。」\p
622,game_t00624,０２０：１９９７年_06：昼食.egpack,０２０：１９９７年_06：昼食,真田教官,6FE85AC459E15ADBA4E3CD7C8C03C5F9B87F97336E2A4B2222B4D6A6A2C2A990,text,「所谓初级训练中的协同自由对练，就是以四人小队或两人分队为单位进行的自由实战练习。目的是确认每次训练前半段学到的个人技巧，培养把这些技巧应用于部队协同的能力。」\p
623,game_t00625,０２０：１９９７年_06：昼食.egpack,０２０：１９９７年_06：昼食,真田教官,7D8D63F5382A5762561F0DA8B6A878416E7D156F7220507DFDF5987A7E228DCA,text,「初级基础课程首先要求熟练掌握个人技巧。换句话说，那只是理所当然的前提，考核始终最重视协同技能。」\p
624,game_t00626,０２０：１９９７年_06：昼食.egpack,０２０：１９９７年_06：昼食,真田教官,B5889FFAE45178CBE4C0024CD7CFE2C74B4D46CFC406AD498B63704CC2BD4F43,text,「这并不只适用于这所卫士训练学校。只要你们还活着，就给我牢牢记住——明白了吗？！」\p
625,game_t00627,０２０：１９９７年_06：昼食.egpack,０２０：１９９７年_06：昼食,唯依,60D34F7B007CCFF48199C994B079407068E40F62519DCDC4938EB717FDB3A24A,text,「——是，教官！」
626,game_t00628,０２０：１９９７年_06：昼食.egpack,０２０：１９９７年_06：昼食,候補生たち,1664F557CEC0F7FABF572ED12A83A73FE6FCDADDE68FF88F7871D9A26CF5DA02,text,「——是，教官阁下！」\p
627,game_t00629,０２０：１９９７年_06：昼食.egpack,０２０：１９９７年_06：昼食,旁白,FF77FBC4664EC7843DBE8A67D17B84CBAE045CFECD729E0F1A88B7BDC262E9F5,text,看来，加入装甲剑道部这件事只能作罢了。\p
628,game_t00630,０２０：１９９７年_06：昼食.egpack,０２０：１９９７年_06：昼食,旁白,833E303AA5E0DA23F286C9E2A32EE9DB243FAEA98D1C2376FDCA85DC43D07538,text,真田教官都已经那样强调装剑术的重要性了，可还是没人提起晨练，这大概就是大家“无意参加”的回答吧……\p
629,game_t00631,０２０：１９９７年_06：昼食.egpack,０２０：１９９７年_06：昼食,旁白,46CDD5460196555F9B68759B1DA9C28E56E1A1E8B0288170FE45B436354C5686,text,现在重新提起，只会破坏和睦，没有任何好处。真田教官也说过，协同才是最重要的。\p
630,game_t00632,０２０：１９９７年_06：昼食.egpack,０２０：１９９７年_06：昼食,唯依,FC1BB2D07B8CA4CB833A8FC775711F88FDC75DF9188537E5BF556C9021D9D39C,text,「…\w…\w…\w…\w」\p
631,game_t00633,０２０：１９９７年_06：昼食.egpack,０２０：１９９７年_06：昼食,旁白,384255204E529F77FF92ACAD3152E7DB8A47681FD7127FE287283470031A5E9B,text,不过，我认为观摩晨练还是有价值的。至少借此知道了，大家都在用自己的方式努力通过综战武。\p
632,game_t00634,０２０：１９９７年_06：昼食.egpack,０２０：１９９７年_06：昼食,旁白,784136DE88992EBD90FBF7A881080D70800A5924A26333EB294B69CB134F4BE0,text,既然如此，就只能把加强小队协同放在首位。按照适合我们的方式——\p
633,game_t00635,０２０：１９９７年_06：昼食.egpack,０２０：１９９７年_06：昼食,安芸,4BBA036175BE6A62F83EA1A0BCD7B6ACCF8AA4EE843F7D47B513874C4A15A8BE,text,「唯依，你怎么了？表情这么严肃。」\p
634,game_t00636,０２０：１９９７年_06：昼食.egpack,０２０：１９９７年_06：昼食,唯依,E62B37B1422D07E00D2D1F89C2E1449775568261F8C73D637090A100909AB222,text,「咦……啊，我刚才想起入学说明会上听过的那番装甲剑术讲解。」\p
635,game_t00637,０２０：１９９７年_06：昼食.egpack,０２０：１９９７年_06：昼食,和泉,A58E01461A15D601DB4B503236C4F78EE8DD62D6881F75556D7A2870420F6BEC,text,「啊——真田教官越讲越起劲，最后超时整整两个小时的那次？」\p
636,game_t00638,０２０：１９９７年_06：昼食.egpack,０２０：１９９７年_06：昼食,志摩子,5F699EC97AACC9B044F6D235E72E87DC38CCF598AFE800F9CF5F24E46DAFDE23,text,「她动不动就跑题，讲起实战中发生过的惨事……听得人心情特别沉重。」\p
637,game_t00639,０２０：１９９７年_06：昼食.egpack,０２０：１９９７年_06：昼食,和泉,65F65D137238EA4FFA988BD30B8870E33EA3F4248EE7B4C96BF36E8A6D8DBD31,text,「什么紧急弹射后的卫士穿着强化外骨骼被战车级啃食，却还能活很久；还有人实在看不下去，就驾驶机体把他踩死，替他解脱……」\p
638,game_t00640,０２０：１９９７年_06：昼食.egpack,０２０：１９９７年_06：昼食,唯依,FC1BB2D07B8CA4CB833A8FC775711F88FDC75DF9188537E5BF556C9021D9D39C,text,「…\w…\w…\w…\w」\p
639,game_t00641,０２０：１９９７年_06：昼食.egpack,０２０：１９９７年_06：昼食,志摩子,00E1048B35E3D7FD557C3DD91F4346D28F71732D84C282FB718C0F16697420DB,text,「真是的，BETA为什么无论人类还是机械都要吃？想想就难受……」\p
640,game_t00642,０２０：１９９７年_06：昼食.egpack,０２０：１９９７年_06：昼食,安芸,A6D2209A1AA3BDD2E600A8FB765F5C915626A7F93EB054192331FCA2A969B80E,text,「喂——太消沉了。与其想那些过去的恐怖故事，不如面向充满希望的未来生活～」\p
641,game_t00643,０２０：１９９７年_06：昼食.egpack,０２０：１９９７年_06：昼食,志摩子,43CCC0174159886076578B634C6EEC9A7029C37B8FA87DC9928357909D75D168,text,「说到未来，别忘了放学后还要绕操场跑二十圈。」\p
642,game_t00644,０２０：１９９７年_06：昼食.egpack,０２０：１９９７年_06：昼食,安芸,76C7E581E44D89D6819E3DAEA7391205738195D086071B30525DED71FC24BF35,text,「啊——真是的，那个战术魔鬼！她难道没有血也没有泪吗～～」\p
643,game_t00645,０２０：１９９７年_06：昼食.egpack,０２０：１９９７年_06：昼食,志摩子,27872885B22C0B1C99ABD543B6E40D4675C48E49CE38DD73FCF5560785DDBC86,text,「都说了，那是因为我们上课讲话……」\p
644,game_t00646,０２０：１９９７年_06：昼食.egpack,０２０：１９９７年_06：昼食,安芸,AA2D6188C035F2AEB3E6357C4CD70E69970232CC182C7205A59A4D1848753276,text,「话是这么说，可入学以来，每个教官都把同样的话讲了一遍又一遍再一遍。还要我们始终集中精神，根本不可能嘛。」\p
645,game_t00647,０２０：１９９７年_06：昼食.egpack,０２０：１９９７年_06：昼食,唯依,5AEC3C5935F8FEF22BD45447E00BFB084BB4A13F527C83A74008ADEDA4770D5A,text,「教官们都有实战经验。无论教什么课程都反复强调同一件事，不正说明它非常重要吗？」\p
646,game_t00648,０２０：１９９７年_06：昼食.egpack,０２０：１９９７年_06：昼食,志摩子,11DD544E29EA6A02DFE3D1B3A2700B06EBD975F2B2DE4015B5C5EFA3C4301B8A,text,「唯依说得对。那是幸存者亲口说的话，我们应该认真——」\p
647,game_t00649,０２０：１９９７年_06：昼食.egpack,０２０：１９９７年_06：昼食,安芸,4A97EBC7247FE797FB7C494519A61949378FC7FE97768FB93104E8537CD40C71,text,「——没错，志摩子！既然是为了生存总结的战训，不就更应该听一些别的内容吗？」\p
648,game_t00650,０２０：１９９７年_06：昼食.egpack,０２０：１９９７年_06：昼食,志摩子,E278F9EB45BFCA0D3B178B25E0ECB5CDE7CC25BE47C9B8E61E248AF62BAED637,text,「话是这样没错……」\p
649,game_t00651,０２０：１９９７年_06：昼食.egpack,０２０：１９９７年_06：昼食,安芸,E0B8C501BE9D322B084C8EFA795A102F34D0D90326558107B78464FD94796D8A,text,「那个战术魔鬼原本是帝国军的人吧？那她肯定讨厌斯卫，说不定想让我们什么都不知道就被送上战场！」\p
650,game_t00652,０２０：１９９７年_06：昼食.egpack,０２０：１９９７年_06：昼食,和泉,E4CB6266FD4B44D58CA65F8DE69C73F01E0784A0F525AE436E28AC90E9F488D8,text,「你的想象力到底有多丰富啊。再怎么说也不至于吧。」\p
651,game_t00653,０２０：１９９７年_06：昼食.egpack,０２０：１９９７年_06：昼食,安芸,2DBDFA35ABB9AE485A92FE4AABF6641129307441CFE9FC59A947A60F62B46062,text,「真的是这样吗～？」\p
652,game_t00654,０２０：１９９７年_06：昼食.egpack,０２０：１９９７年_06：昼食,和泉,565BCB1597C18B0F10DEAB3C0ACA2A6E4F8642C139CD4A22E1E9854732E63406,text,「你、你这份自信是从哪来的？」\p
653,game_t00655,０２０：１９９７年_06：昼食.egpack,０２０：１９９７年_06：昼食,安芸,9CA05E6FC51197BEF7D56932E094D3326CF1364097F6652B97A7DEAC58A2E4F1,text,「明明有仿生治疗，却偏要戴着眼罩招摇，不觉得很可疑吗？现在这种做法又吓不到人。」\p
654,game_t00656,０２０：１９９７年_06：昼食.egpack,０２０：１９９７年_06：昼食,和泉,A2D110136CC3885EB4CDAEABB17039F104AEFCDC69AB3E91D0717B516F879AC2,text,「嗯——也不是完全没想过，可再怎么说……」\p
655,game_t00657,０２０：１９９７年_06：昼食.egpack,０２０：１９９７年_06：昼食,安芸,E43CF0371829C61CF4DE71DD9476E291D11A065A5656E2BBEED2115F17660EB1,text,「依我看，那就是个装饰用眼罩。她在大陆负伤应该是真的，但肯定早就装上仿生眼了！」\p
656,game_t00658,０２０：１９９７年_06：昼食.egpack,０２０：１９９７年_06：昼食,和泉,ED16D4BC4A3CF9662173F7E36B8A14196EF5761D2B1EAFB23ACF2E36C51C1007,text,「行行行，知道了。很可疑，很可疑。」\p
657,game_t00659,０２０：１９９７年_06：昼食.egpack,０２０：１９９７年_06：昼食,唯依,53A79F297CCE962ED41FB5C58DCFCC46EE59F7F25EF54A6893A5363836A26EA9,text,「真的是这样吗……？」\p
658,game_t00660,０２０：１９９７年_06：昼食.egpack,０２０：１９９７年_06：昼食,唯依,F4FFBD367344B63E481E049E1DB2ED143B7AF48D130E2AF677D029C17314D554,text,「那个眼罩确实可能是为了让我们感受到战场的现实。可是——」\p
659,game_t00661,０２０：１９９７年_06：昼食.egpack,０２０：１９９７年_06：昼食,唯依,96E3A244E80C894ABCE8DE8E24BCD9CD9AA8F224B14A9F0646E70EC2EAC7147B,text,「——也有人为了警醒自己，选择不接受仿生治疗。」\p
660,game_t00662,０２０：１９９７年_06：昼食.egpack,０２０：１９９７年_06：昼食,唯依,DE5101DE5A555691208332AC9FAF20F7A5A802A2719F36364730B595755A03A2,text,「真田教官或许也有自己的原因。」\p
661,game_t00663,０２０：１９９７年_06：昼食.egpack,０２０：１９９７年_06：昼食,唯依,D71B86FD8E51B4E28E075C8036AA79D3D17EE5A66C60E93FF29780B6569E60CC,text,「至少，她肯定有某种理由，才决定在训练学校任教期间一直保持原样……」\p
662,game_t00664,０２０：１９９７年_06：昼食.egpack,０２０：１９９７年_06：昼食,志摩子,FC1BB2D07B8CA4CB833A8FC775711F88FDC75DF9188537E5BF556C9021D9D39C,text,「…\w…\w…\w…\w」\p
663,game_t00665,０２０：１９９７年_06：昼食.egpack,０２０：１９９７年_06：昼食,安芸,9150343175071D857AAB984515C406A506C5CDA2101372FF23F79A76B44982D4,text,「哦——也许真是这样吧。」\p
664,game_t00666,０２０：１９９７年_06：昼食.egpack,０２０：１９９７年_06：昼食,和泉,FC1BB2D07B8CA4CB833A8FC775711F88FDC75DF9188537E5BF556C9021D9D39C,text,「…\w…\w…\w…\w」\p
665,game_t00667,０２０：１９９７年_07：装甲剣術教練　午後.egpack,０２０：１９９７年_07：装甲剣術教練　午後,藤堂助教,E041EAC27B73033F19815C05E90D0B990C47ADDE97FE45250FD21C77ACAE111D,text,「——到此为止！退后！！」\p
666,game_t00668,０２０：１９９７年_07：装甲剣術教練　午後.egpack,０２０：１９９７年_07：装甲剣術教練　午後,藤堂助教,6750B3F9255AFAEDC66DF03638810D194729FF799CAB99895F2F90BD60398E31,text,「——敬礼！！」\p
667,game_t00669,０２０：１９９７年_07：装甲剣術教練　午後.egpack,０２０：１９９７年_07：装甲剣術教練　午後,Ｂ分隊,227D69DB480F7D7D094FB0D6E93A2C84F9BE6A653E2F768D528AC12F29478AB6,text,「——谢谢指导！！」\p
668,game_t00670,０２０：１９９７年_07：装甲剣術教練　午後.egpack,０２０：１９９７年_07：装甲剣術教練　午後,安芸,4708214EE166F6BB304A6E89C66E24E76549DC9CA9264E6C9A11DCB2047EAC07,text,「真是的，教官分队也太无敌了。还是那么不留情。」\p
669,game_t00671,０２０：１９９７年_07：装甲剣術教練　午後.egpack,０２０：１９９７年_07：装甲剣術教練　午後,和泉,CEF8A0C54B4E7262A88D37A0BD940521D361DA87057ACD6F1BF717F13A45F04A,text,「尤其是真田和齐藤那一组。第一天的协同自由实战练习，我们也被她们打得落花流水。」\p
670,game_t00672,０２０：１９９７年_07：装甲剣術教練　午後.egpack,０２０：１９９７年_07：装甲剣術教練　午後,安芸,47C708A749947DE075072B37A01DDF9AE0B6F932C8236C12DC53F5971C2BF2A2,text,「到底什么时候才能从教官手里拿下一分啊？真想早点让她们尝尝败北的滋味！」\p
671,game_t00673,０２０：１９９７年_07：装甲剣術教練　午後.egpack,０２０：１９９７年_07：装甲剣術教練　午後,志摩子,BAEFD2145FC9007ED4F235D7BD5A828F74F7D69CD15FE651786853D105C2E9F4,text,「那要不要重新考虑装甲剑道部？想打败教官，那可是最快的办法。」\p
672,game_t00674,０２０：１９９７年_07：装甲剣術教練　午後.egpack,０２０：１９９７年_07：装甲剣術教練　午後,安芸,3FEE30635F63724895ECEFEC2E31857119C11931966117C881921D4452CB21B5,text,「那是那回事，这又是另一回事。」\p
673,game_t00675,０２０：１９９７年_07：装甲剣術教練　午後.egpack,０２０：１９９７年_07：装甲剣術教練　午後,志摩子,50E747A6A3EC9A2DC86EAC20262E54162E20D5F937652150BC49159293ABFC8E,text,「真是的……」\p
674,game_t00676,０２０：１９９７年_07：装甲剣術教練　午後.egpack,０２０：１９９７年_07：装甲剣術教練　午後,和泉,24B26AC15E85ADF47366359A9FBD081EC424392E01D3EEEE5658DBE53FBD8114,text,「不过四个人围攻两个人，连训练刀都碰不到她们，真的只能让人苦笑。」\p
675,game_t00677,０２０：１９９７年_07：装甲剣術教練　午後.egpack,０２０：１９９７年_07：装甲剣術教練　午後,唯依,B590DEA56604626A0038E142439E7D00712431FD19C3CCC6F61A4B803434ECA6,text,「除了人数占优，我们在所有方面都处于劣势。初级训练本来就以候补生落败为前提。」\p
676,game_t00678,０２０：１９９７年_07：装甲剣術教練　午後.egpack,０２０：１９９７年_07：装甲剣術教練　午後,安芸,697CF47317B39088FA887D281D45413E8F219756CD8D7979D650650611FE3ABB,text,「这算什么……！听着就让人生气。」\p
677,game_t00679,０２０：１９９７年_07：装甲剣術教練　午後.egpack,０２０：１９９７年_07：装甲剣術教練　午後,唯依,8EC57379E3DEAADDAFFF8ED2B2AAB6A9C89165CC7F6052EAAC592859BFC548A2,text,「是要我们从败北的经验中学习。无论败的是自己还是别人。」\p
678,game_t00680,０２０：１９９７年_07：装甲剣術教練　午後.egpack,０２０：１９９７年_07：装甲剣術教練　午後,志摩子,672D5E2751BC2A92FD0F76C0E00E0B53EEBDC38406511F6F5AAF9A4FFAA9CA25,text,「所以待命组才会像这样进行“观摩训练”吧。」\p
679,game_t00681,０２０：１９９７年_07：装甲剣術教練　午後.egpack,０２０：１９９７年_07：装甲剣術教練　午後,唯依,8D75C243E3256E5FC595DD560F79B1963194C18966DDBC15B1D5AFE62AB4DBF1,text,「……不过，让我们从失败中学习只是一项训练方针，并没有规定我们不能获胜。」\p
680,game_t00682,０２０：１９９７年_07：装甲剣術教練　午後.egpack,０２０：１９９７年_07：装甲剣術教練　午後,志摩子,B6DB5D06524A17D5D5A0631295CFAE79C3B25942B2DA18A9C428CF79C7D0A267,text,「啊，嗯。说得也是。」\p
681,game_t00683,０２０：１９９７年_07：装甲剣術教練　午後.egpack,０２０：１９９７年_07：装甲剣術教練　午後,和泉,A517BAD39FB07C07CAE91D27D292E04F7C685FFFFDF607BFF8643E7C0047937C,text,「不愧是唯依，说得真好。」\p
682,game_t00684,０２０：１９９７年_07：装甲剣術教練　午後.egpack,０２０：１９９７年_07：装甲剣術教練　午後,安芸,13EC0817FC8F2568B77C92DBCED8E59439EE4A540452F9A7514628A15C25C70C,text,「那么请听题。C小队使用的是什么队形？」\p
683,game_t00685,０２０：１９９７年_07：装甲剣術教練　午後.egpack,０２０：１９９７年_07：装甲剣術教練　午後,志摩子,4B3C89A34E85E058A5F1405D20DD5BA65327A41C801B6C1D497E2FD8AF237762,text,「嗯——让我想想，楔形一型……吧？」\p
684,game_t00686,０２０：１９９７年_07：装甲剣術教練　午後.egpack,０２０：１９９７年_07：装甲剣術教練　午後,安芸,A71D98C15D5CECF7F91DB87AC6995B64FF8971F7BC57F9C2A5AD731C3B45519F,text,「正确答案是……呃，唯依？！」\p
685,game_t00687,０２０：１９９７年_07：装甲剣術教練　午後.egpack,０２０：１９９７年_07：装甲剣術教練　午後,唯依,A657D4661C65852EFC4A655E5F7282CFA039C0CC0B60F28A7D44704EA72B23E5,text,「楔形二型。」\p
686,game_t00688,０２０：１９９７年_07：装甲剣術教練　午後.egpack,０２０：１９９７年_07：装甲剣術教練　午後,安芸,25C7BED18BFCBE528B535D9C1F55203BF001AF2752144D7BBD8C88CA15C28F79,text,「错～差一点！志摩子，可惜啦～」\p
687,game_t00689,０２０：１９９７年_07：装甲剣術教練　午後.egpack,０２０：１９９７年_07：装甲剣術教練　午後,志摩子,A2ECEAD6B9AB0D5FA01F13246328A093D3F3075E2929FBC5FE324EFE1D519FFB,text,「呜呜呜……」\p
688,game_t00690,０２０：１９９７年_07：装甲剣術教練　午後.egpack,０２０：１９９７年_07：装甲剣術教練　午後,和泉,CDB79E09BF94C159004F70B5FD3054071BB6562C4AE55EAFE8B12440FB6D1E1B,text,「……该说‘可惜’的是你自己吧。」\p
689,game_t00691,０２０：１９９７年_07：装甲剣術教練　午後.egpack,０２０：１９９７年_07：装甲剣術教練　午後,唯依,FC1BB2D07B8CA4CB833A8FC775711F88FDC75DF9188537E5BF556C9021D9D39C,text,「…\w…\w…\w…\w」\p
690,game_t00692,０２０：１９９７年_07：装甲剣術教練　午後.egpack,０２０：１９９７年_07：装甲剣術教練　午後,藤堂助教,B6F5046E65BE2256610F3032629D588C6A2B308174BFF3AFAA844E02F5A35E6B,text,「——开始！！」\p
691,game_t00693,０２０：１９９７年_07：装甲剣術教練　午後.egpack,０２０：１９９７年_07：装甲剣術教練　午後,安芸,BA976662BD3606CDEB8117F6D7A9900B458B3185D9DB7EC3B382FB3CEFD12D8E,text,「不过和装甲剑道部相比，我们果然一看就是外行。」\p
692,game_t00694,０２０：１９９７年_07：装甲剣術教練　午後.egpack,０２０：１９９７年_07：装甲剣術教練　午後,志摩子,CBF4E748BDFDEDAF4E1A007DC15448217B8CF472961296D8C49351908EFAA550,text,「没办法啊。我们才刚开始学没多久。」\p
693,game_t00695,０２０：１９９７年_07：装甲剣術教練　午後.egpack,０２０：１９９７年_07：装甲剣術教練　午後,和泉,1660F7D370F56C5CD1448264D6B0B1139C28A885A941085760DAAE04F19422C7,text,「拿自己和装剑部的学姐比较，本身就没有意义。她们入学以后，不但上了那么多训练课，每天早晚还一直参加社团训练。」\p
694,game_t00696,０２０：１９９７年_07：装甲剣術教練　午後.egpack,０２０：１９９７年_07：装甲剣術教練　午後,安芸,8CCCD4DDF524F0D100B85A9F051B5539F4839BCF50D23D2B9BEE33979B965DE6,text,「可是无论我们多想按照自己的方式变强，除了基本招式以外什么都不教，这样真的好吗？」\p
695,game_t00697,０２０：１９９７年_07：装甲剣術教練　午後.egpack,０２０：１９９７年_07：装甲剣術教練　午後,志摩子,068CA3917D9D917890B56B7B3C8E096576032768DF57C3478EDC906468A7E240,text,「教官以前说过，这是让我们靠自己克服困难的训练。」\p
696,game_t00698,０２０：１９９７年_07：装甲剣術教練　午後.egpack,０２０：１９９７年_07：装甲剣術教練　午後,和泉,D1C7B71114F6BC6EDCB23A62B4ADC4D999A63B4FCDABBF8B4984DF977D48B1DA,text,「重视实战形式，培养随机应变的应用能力——也就是说，要从经验中学习、观察别人并偷师，再用自己的脑子思考。」\p
697,game_t00699,０２０：１９９７年_07：装甲剣術教練　午後.egpack,０２０：１９９７年_07：装甲剣術教練　午後,安芸,1DF6D6E5966AB66053C1F356CCF4C856E5C7544D3D68E47554C1C30A9AA3D6B2,text,「可她们一直强调协同协同，我就会觉得，好歹也认真教教我们这方面吧！」\p
698,game_t00700,０２０：１９９７年_07：装甲剣術教練　午後.egpack,０２０：１９９７年_07：装甲剣術教練　午後,和泉,E5664FAB8EC67FB81B8DAB3DE8D39120455D7132B718D9D45F74EC1F0E72692E,text,「确实。至少每次自由实战练习结束后，也该指出缺点或者给些建议吧。」\p
699,game_t00701,０２０：１９９７年_07：装甲剣術教練　午後.egpack,０２０：１９９７年_07：装甲剣術教練　午後,安芸,616F669B69AAB3FD4B497E4285F89EE2DA8DE308A9585E56E6B8A1FD66E189E2,text,「对吧？明明距离综战武只剩六周了！」\p
700,game_t00702,０２０：１９９７年_07：装甲剣術教練　午後.egpack,０２０：１９９７年_07：装甲剣術教練　午後,和泉,439A5F6BADD802EF88800C070B1A9807AF03C53C3B1247236BD241EB6950247C,text,「不过我觉得，你最好也担心一下其他实技课和笔试。」\p
701,game_t00703,０２０：１９９７年_07：装甲剣術教練　午後.egpack,０２０：１９９７年_07：装甲剣術教練　午後,安芸,BF85F63B88C0382F4ED68405B9DF68C38D4B5077E2E5E37DD0D9D820EC6A1FF6,text,「唔……唔～～～」\p
702,game_t00704,０２０：１９９７年_07：装甲剣術教練　午後.egpack,０２０：１９９７年_07：装甲剣術教練　午後,唯依,FC1BB2D07B8CA4CB833A8FC775711F88FDC75DF9188537E5BF556C9021D9D39C,text,「…\w…\w…\w…\w」\p
703,game_t00705,０２０：１９９７年_07：装甲剣術教練　午後.egpack,０２０：１９９７年_07：装甲剣術教練　午後,旁白,C8D904CF1E6E22A76A1EF0F89C4B726594BD9A648165AF4C37F376F60D805F39,text,安艺和和泉一如既往地抱怨着，视线却始终没有离开其他组的自由实战练习。\p
704,game_t00706,０２０：１９９７年_07：装甲剣術教練　午後.egpack,０２０：１９９７年_07：装甲剣術教練　午後,旁白,76DF4BF792D5AFA4F39D0C270929E1B44876AF88D769ACB41B274E4AAABFE0AD,text,这证明她们准确理解装剑术的重要性——也明白这门训练课程将左右我们的命运……\p
705,game_t00707,０２０：１９９７年_07：装甲剣術教練　午後.egpack,０２０：１９９７年_07：装甲剣術教練　午後,斉藤助教,47F44E09A5291E8E7A9FE00D77A4119A7C3ABC0124C360C242D0F7FB5598AF58,text,「综合战斗武术评价考试——也就是综战武，是衡量你们实战卫士资质的第二道关卡！」\p
706,game_t00708,０２０：１９９７年_07：装甲剣術教練　午後.egpack,０２０：１９９７年_07：装甲剣術教練　午後,斉藤助教,D8ADAC983CED558752F482B3605AF4737607997B1E9901DDB08BC77432CEA165,text,「如果不能在其中展现初级基础训练的成果，就会被送进再教育课程；最坏还会被勒令转科！」\p
707,game_t00709,０２０：１９９７年_07：装甲剣術教練　午後.egpack,０２０：１９９７年_07：装甲剣術教練　午後,斉藤助教,E791ED33E1F692782223F03790A011A1BF6224DCE1EA031DCA59027106F1D700,text,「在所有考核项目中，占分最高的，是以小队为单位进行的装甲剑术技能考核！」\p
708,game_t00710,０２０：１９９７年_07：装甲剣術教練　午後.egpack,０２０：１９９７年_07：装甲剣術教練　午後,旁白,98191A0E0B58E2C5D2BDCA4FFC8A4655DE3D22FE8194D494139BB2CA89847C22,text,不管怎么说，大家都是武家之女。既然通过适应性选拔这道难关进入山百合女子卫士训练学校，就都明白失去卫士资格意味着什么。\p
709,game_t00711,０２０：１９９７年_07：装甲剣術教練　午後.egpack,０２０：１９９７年_07：装甲剣術教練　午後,旁白,FF101B83314B0EC74CC8333AF1812AC6F901B1782F5687FA44AED6A2E6368290,text,不只是安艺她们，其他同期生也一样。即使被拥有压倒性实力的教官击倒落败，她们眼中依然充满不甘与斗志。\p
710,game_t00712,０２０：１９９７年_07：装甲剣術教練　午後.egpack,０２０：１９９７年_07：装甲剣術教練　午後,藤堂助教,0647DA1BC0276A4FD4B5143B813D5C41A35C724869F3DEBB754FD2B10C1C8399,text,「——白方一分，到此为止！——退后！！」\p
711,game_t00713,０２０：１９９７年_07：装甲剣術教練　午後.egpack,０２０：１９９７年_07：装甲剣術教練　午後,安芸,5F7B486479D14EE08F672841EC64E59995A722780559C31042277C639A69CC8D,text,「教官分队又在时限结束前大获全胜了……」\p
712,game_t00714,０２０：１９９７年_07：装甲剣術教練　午後.egpack,０２０：１９９７年_07：装甲剣術教練　午後,志摩子,BFD2FB6C37444B41E046D6A42431F579D867A0E3D91FF559489CDA68B19BF793,text,「明明只有八分钟……从来没有候补生能坚持到最后，还留在训练区域。」\p
713,game_t00715,０２０：１９９７年_07：装甲剣術教練　午後.egpack,０２０：１９９７年_07：装甲剣術教練　午後,和泉,A14BF16C9EBBD2E180C038923C94D36F39670922B637E354EB9F39B9D5A6E56E,text,「不过C小队已经很接近了。只要再坚持两分钟，就能拖到判定落败。」\p
714,game_t00716,０２０：１９９７年_07：装甲剣術教練　午後.egpack,０２０：１９９７年_07：装甲剣術教練　午後,旁白,485E8F7B598992A6C388F6593088FDB3CA1B5834FD2B67540AE0BE13EFAA5ED9,text,虽然这种说法有些奇怪，但和泉说得没错。候补生落败时，通常都是“全员失分”——也就是全军覆没。因为我们甚至从未有过哪怕一人留到最后、以判定落败收场。\p
715,game_t00717,０２０：１９９７年_07：装甲剣術教練　午後.egpack,０２０：１９９７年_07：装甲剣術教練　午後,旁白,40E1A264E82B2FDA29EB29AC9C3CE857D765B341B7C18D672C77D0BE817D9FF8,text,即便如此，我们也不会以判定落败为目标。……我们要赢！\p
716,game_t00718,０２０：１９９７年_07：装甲剣術教練　午後.egpack,０２０：１９９７年_07：装甲剣術教練　午後,唯依,D1E1899CE84FE32701477F377F3DC91F62AF931978AB2FBC19AD6EB2225D639D,text,「再确认一次作战方案——队形为鹤翼一阵。右翼由我和志摩子负责，盯住真田教官；左翼由安艺和和泉负责，盯住齐藤助教。听到开始口令后立刻跑步前进。」\p
717,game_t00719,０２０：１９９７年_07：装甲剣術教練　午後.egpack,０２０：１９９７年_07：装甲剣術教練　午後,安芸,6CB7D41606ED92CACCA929DA79AF983C55DE835F29B40756CC9E5D01EB4CA329,text,「保持队形沿弧线推进，从左右两侧展开，把教官分队包围起来。迫使战术魔鬼和齐藤助教背靠背，切断两人的协同。」\p
718,game_t00720,０２０：１９９７年_07：装甲剣術教練　午後.egpack,０２０：１９９７年_07：装甲剣術教練　午後,和泉,1780F5FFB6337030D98D3F7CA52A13E49D58E0645E7A2715E482E992C43B986F,text,「先让她们以为形成了两个二对一的局面，然后所有人同时发起斩击。等我这个诱饵被助教解决时，安艺就趁隙从真田教官右后方的视觉死角斩过去。」\p
719,game_t00721,０２０：１９９７年_07：装甲剣術教練　午後.egpack,０２０：１９９７年_07：装甲剣術教練　午後,志摩子,D45CB2FD732CC9D84350C96733DD86AC687CAD0DDC3D3F4E5956A88B9DD5B00D,text,「我和唯依从正面左右两侧进攻。利用三对一的人数优势，拿下真田教官……」\p
720,game_t00722,０２０：１９９７年_07：装甲剣術教練　午後.egpack,０２０：１９９７年_07：装甲剣術教練　午後,藤堂助教,B19233E2187D45FB728A1483921F81288B46537B37354C45FE2CFC63909EC783,text,「——双方敬礼！」\p
721,game_t00723,０２０：１９９７年_07：装甲剣術教練　午後.egpack,０２０：１９９７年_07：装甲剣術教練　午後,藤堂助教,2547BA5637460DC8EBB62532233D700897C37C8472C88793AECB1F2D7A95E132,text,「——下一组！D小队，到起始线！！」\p
722,game_t00724,０２０：１９９７年_07：装甲剣術教練　午後.egpack,０２０：１９９７年_07：装甲剣術教練　午後,志摩子,F16198BA952D5ACA84C0E227F0EC43ACEFE3A0B43BCD25788F029E1C1F1AD618,text,「终于轮到我们了……！」\p
723,game_t00725,０２０：１９９７年_07：装甲剣術教練　午後.egpack,０２０：１９９７年_07：装甲剣術教練　午後,唯依,8EDD96D391BC3972FD7BE6B8622D9D2F2C9576903972B312CCD65CFD74B4632D,text,「没问题，按照计划行动一定会成功。」\p
724,game_t00726,０２０：１９９７年_07：装甲剣術教練　午後.egpack,０２０：１９９７年_07：装甲剣術教練　午後,安芸,392BD9902045FEDD6B156FA7AD2904C221BC966D126C15E04E7F4D9781A6CED6,text,「好，今天一定要让她们吃点苦头。」\p
725,game_t00727,０２０：１９９７年_07：装甲剣術教練　午後.egpack,０２０：１９９７年_07：装甲剣術教練　午後,和泉,A810DE34F1D33510F5F7EC6488B70C242621F0BA77577A4FAB7A490157A87C78,text,「现在太有干劲，放学后可是会很难受的。」\p
726,game_t00728,０２０：１９９７年_07：装甲剣術教練　午後.egpack,０２０：１９９７年_07：装甲剣術教練　午後,唯依,BEB7D340D8963BFC20EA834AAF35DE7ADE696524D7EEBC9A415542294F210A8B,text,「——D小队，祝君得胜！」\p
727,game_t00729,０２０：１９９７年_07：装甲剣術教練　午後.egpack,０２０：１９９７年_07：装甲剣術教練　午後,志摩子,3A7D720F7F2F65274721A1FF576FFA40ADB16B41BFD664463EE418E4F3810577,text,「——谨遵号令！」
728,game_t00730,０２０：１９９７年_07：装甲剣術教練　午後.egpack,０２０：１９９７年_07：装甲剣術教練　午後,安芸,3A7D720F7F2F65274721A1FF576FFA40ADB16B41BFD664463EE418E4F3810577,text,「——谨遵号令！」
729,game_t00731,０２０：１９９７年_07：装甲剣術教練　午後.egpack,０２０：１９９７年_07：装甲剣術教練　午後,和泉,A4DD9128E15D3AC22A07796D830D3793909CE17FEDB06F2522A1AC2FE1665603,text,「——谨遵号令！」\p
730,game_t00732,０２０：１９９７年_07：装甲剣術教練　午後.egpack,０２０：１９９７年_07：装甲剣術教練　午後,唯依,32F5CBA7C0F65C2D6D27C646C5C38078B54BB26394BAAF62CCFA1CF2DFD21619,text,「——好，走吧！」\p
731,game_t00733,０２０：１９９７年_07：装甲剣術教練　午後.egpack,０２０：１９９７年_07：装甲剣術教練　午後,志摩子,36A1A4C97A2088382D128A4A9226C676CE4218DCAEFA1C19D35FC575952DA651,text,「——嗯！」
732,game_t00734,０２０：１９９７年_07：装甲剣術教練　午後.egpack,０２０：１９９７年_07：装甲剣術教練　午後,安芸,5DACEF9D4ED3B996770466E4B63D0798738D6AC83A6FD56F287750B607F54B40,text,「——哦！」
733,game_t00735,０２０：１９９７年_07：装甲剣術教練　午後.egpack,０２０：１９９７年_07：装甲剣術教練　午後,和泉,362EA2E57EA3E3791E701FADB5DDF4E75605A54249270DF739BA8527ABBEA358,text,「——嗯！」\p
734,game_t00736,０２０：１９９７年_07：装甲剣術教練　午後.egpack,０２０：１９９７年_07：装甲剣術教練　午後,藤堂助教,C0BE4B7B61BB02BD5B6244C975B8DA84F7F7C7C1ADFBF682CE8E4ED090CA2EB1,text,「——双方敬礼！」\p
735,game_t00737,０２０：１９９７年_07：装甲剣術教練　午後.egpack,０２０：１９９７年_07：装甲剣術教練　午後,藤堂助教,48EF963C987CF57B0E2E61DB93AC4873874A0A5A354CD0DD9B4123007A84ACAC,text,「——各就各位！」\p
736,game_t00738,０２０：１９９７年_07：装甲剣術教練　午後.egpack,０２０：１９９７年_07：装甲剣術教練　午後,藤堂助教,71E1C41031FAA5BCB72A4B5C4D7433C30534AAA9007BC34927292813131015F8,text,「——开始！！」\p
737,game_t00739,０２０：１９９７年_07：装甲剣術教練　午後.egpack,０２０：１９９７年_07：装甲剣術教練　午後,唯依,FF4DB209D6D5D2AF2F67B58719034E79E93DA5E71A3C675ABD546F155FB84DC3,text,「——！！」
738,game_t00740,０２０：１９９７年_07：装甲剣術教練　午後.egpack,０２０：１９９７年_07：装甲剣術教練　午後,志摩子,D3D54EC44532D6371D657AA7EEF844DC18A48A4ADE4104D2F170175CA57C6DBB,text,「――！！」\p
739,game_t00741,０２０：１９９７年_07：装甲剣術教練　午後.egpack,０２０：１９９７年_07：装甲剣術教練　午後,安芸,5D69A2660755EBB194269410427E0F8FFE85ECFCD874EF30217A6325337AC18E,text,「——！！」
740,game_t00742,０２０：１９９７年_07：装甲剣術教練　午後.egpack,０２０：１９９７年_07：装甲剣術教練　午後,和泉,2030C26EB03CB7A9E7343A09897EF751765B0DE7A4E59E092B53F05A3BE26B92,text,「——！！」\p
741,game_t00743,０２０：１９９７年_07：装甲剣術教練　午後.egpack,０２０：１９９７年_07：装甲剣術教練　午後,旁白,72DEC57660107B0C9630FFC39802F1FC44E31F50ABB478F8A1D760BEF4831488,text,教官们一定会始终避免露出任何死角——！\p
742,game_t00744,０２０：１９９７年_07：装甲剣術教練　午後.egpack,０２０：１９９７年_07：装甲剣術教練　午後,真田教官,FC1BB2D07B8CA4CB833A8FC775711F88FDC75DF9188537E5BF556C9021D9D39C,text,「…\w…\w…\w…\w」\p
743,game_t00745,０２０：１９９７年_07：装甲剣術教練　午後.egpack,０２０：１９９７年_07：装甲剣術教練　午後,斉藤助教,FC1BB2D07B8CA4CB833A8FC775711F88FDC75DF9188537E5BF556C9021D9D39C,text,「…\w…\w…\w…\w」\p
744,game_t00746,０２０：１９９７年_07：装甲剣術教練　午後.egpack,０２０：１９９７年_07：装甲剣術教練　午後,旁白,98EACF21F2B85A7B4B3F04A9A20403EDA2F609DA1C5133F34353D22D278B961C,text,很好——就这样！！\p
745,game_t00747,０２０：１９９７年_07：装甲剣術教練　午後.egpack,０２０：１９９７年_07：装甲剣術教練　午後,唯依,8331F90C9ED4AA79F3CE2C5F97873D98AC7585C6473E17F2D1037F8308FA436A,text,「――！？」\p
746,game_t00748,０２０：１９９７年_07：装甲剣術教練　午後.egpack,０２０：１９９７年_07：装甲剣術教練　午後,唯依,978D363F5FAED555C25E77B4C7AE1E6991A52FBEC186745CB2064CA487CF4907,text,「——哈……哈……哈……！！」\p
747,game_t00749,０２０：１９９７年_07：装甲剣術教練　午後.egpack,０２０：１９９７年_07：装甲剣術教練　午後,旁白,5ED8346F6B6458081DD0E472DAD26C84687403B716F6B173D3D8EA9B721BFB44,text,——成功了，正如计算……！可要是喜形于色，对方肯定会看穿我们的意图……！！\p
748,game_t00750,０２０：１９９７年_07：装甲剣術教練　午後.egpack,０２０：１９９７年_07：装甲剣術教練　午後,安芸,104A7070CC19E58500453FE57A7E7B186ED9BF5DB51B652446B5238811C30253,text,「——哈……哈……哈……！」\p
749,game_t00751,０２０：１９９７年_07：装甲剣術教練　午後.egpack,０２０：１９９７年_07：装甲剣術教練　午後,志摩子,96CB7F4BDE0F986F67521DC02F9C8852F2375D88023B44663324FE165D8F2C24,text,「……哈……哈……哈……！」\p
750,game_t00752,０２０：１９９７年_07：装甲剣術教練　午後.egpack,０２０：１９９７年_07：装甲剣術教練　午後,和泉,38FA780504A5FB26BDE30645BEDE9ED58733FBE3B9AB03E9531F4A7F0557F90D,text,「——哈……哈……哈……！」\p
751,game_t00753,０２０：１９９７年_07：装甲剣術教練　午後.egpack,０２０：１９９７年_07：装甲剣術教練　午後,真田教官,FC1BB2D07B8CA4CB833A8FC775711F88FDC75DF9188537E5BF556C9021D9D39C,text,「…\w…\w…\w…\w」\p
752,game_t00754,０２０：１９９７年_07：装甲剣術教練　午後.egpack,０２０：１９９７年_07：装甲剣術教練　午後,斉藤助教,FC1BB2D07B8CA4CB833A8FC775711F88FDC75DF9188537E5BF556C9021D9D39C,text,「…\w…\w…\w…\w」\p
753,game_t00755,０２０：１９９７年_07：装甲剣術教練　午後.egpack,０２０：１９９７年_07：装甲剣術教練　午後,唯依,FC1BB2D07B8CA4CB833A8FC775711F88FDC75DF9188537E5BF556C9021D9D39C,text,「…\w…\w…\w…\w」\p
754,game_t00756,０２０：１９９７年_07：装甲剣術教練　午後.egpack,０２０：１９９７年_07：装甲剣術教練　午後,旁白,CEC2DF562371504CA2FCEA0EB94714D56215BDB0AAE92CAE31C992A248A5A4F8,text,真正的目标是真田教官——\p
755,game_t00757,０２０：１９９７年_07：装甲剣術教練　午後.egpack,０２０：１９９７年_07：装甲剣術教練　午後,旁白,0E5DE0FA3C1278CD314E0B62B433C994B266D2FF8CF1B90B506772902E90C7A1,text,真田教官虽然只有一只眼睛，却是教官中实力最强的人——所以每当遇上这对教官，所有候补生都会把齐藤助教定为突破目标。之前三个小队也确实这样做了。\p
756,game_t00758,０２０：１９９７年_07：装甲剣術教練　午後.egpack,０２０：１９９７年_07：装甲剣術教練　午後,旁白,F6E0D8D51F7503CDC9A91308198F9A9830AA4206FC2B1A4112B662DF15CC345B,text,按照攻击敌人弱点的常理，这是惯用手段。但那不过是建立在相对比较上的逻辑。\p
757,game_t00759,０２０：１９９７年_07：装甲剣術教練　午後.egpack,０２０：１９９７年_07：装甲剣術教練　午後,唯依,FC1BB2D07B8CA4CB833A8FC775711F88FDC75DF9188537E5BF556C9021D9D39C,text,「…\w…\w…\w…\w」\p
758,game_t00760,０２０：１９９７年_07：装甲剣術教練　午後.egpack,０２０：１９９７年_07：装甲剣術教練　午後,旁白,14F4C3401610AFFD38B623329C38389F08392951D8639987ADBC7ACA342698D5,text,齐藤助教同样是难得的高手，根本称不上弱点——正因为如此，我们才制定了这套奇策。\p
759,game_t00761,０２０：１９９７年_07：装甲剣術教練　午後.egpack,０２０：１９９７年_07：装甲剣術教練　午後,唯依,7E4E82D8414DEDF518224A3023560860E7CBC937374C8E29C957B2FD40B2BDFD,text,「——呀啊啊啊！！」\p
760,game_t00762,０２０：１９９７年_07：装甲剣術教練　午後.egpack,０２０：１９９７年_07：装甲剣術教練　午後,安芸,0A6A15C8219964045BD16F478E80188FE6A4D1BE7B769B7B36AA6C5DB35770C3,text,「——哈啊啊啊！！」\p
761,game_t00763,０２０：１９９７年_07：装甲剣術教練　午後.egpack,０２０：１９９７年_07：装甲剣術教練　午後,真田教官,FC1BB2D07B8CA4CB833A8FC775711F88FDC75DF9188537E5BF556C9021D9D39C,text,「…\w…\w…\w…\w」\p
762,game_t00764,０２０：１９９７年_07：装甲剣術教練　午後.egpack,０２０：１９９７年_07：装甲剣術教練　午後,斉藤助教,FC1BB2D07B8CA4CB833A8FC775711F88FDC75DF9188537E5BF556C9021D9D39C,text,「…\w…\w…\w…\w」\p
763,game_t00765,０２０：１９９７年_07：装甲剣術教練　午後.egpack,０２０：１９９７年_07：装甲剣術教練　午後,旁白,C50ACF33273BB262B10B4554E1FAB82EEB45D7E93D74DD467C0CCD995F4F7516,text,不，如果把更容易攻破的一方视为“弱点”，那么以真田教官为目标才是合乎常理的惯用战术——\p
764,game_t00766,０２０：１９９７年_07：装甲剣術教練　午後.egpack,０２０：１９９７年_07：装甲剣術教練　午後,志摩子,3B9D4E26D567FA074F3A6111F16EF3E7C8FC6145FE4CD08F6351035E11194F5C,text,「喝——喝啊啊……！！」\p
765,game_t00767,０２０：１９９７年_07：装甲剣術教練　午後.egpack,０２０：１９９７年_07：装甲剣術教練　午後,旁白,596E724A91FF6E3972F3D76EE0BA852B8EA315E079203F07E2F9CD4237CA0BE2,text,——就是现在！\p
766,game_t00768,０２０：１９９７年_07：装甲剣術教練　午後.egpack,０２０：１９９７年_07：装甲剣術教練　午後,唯依,DF7AA97FA1BAA4D37A2B0CBCBA8B4CA19A4987848CFD4D3DEBDC7B7B4FB75B2E,text,「——哈啊啊啊！」
767,game_t00769,０２０：１９９７年_07：装甲剣術教練　午後.egpack,０２０：１９９７年_07：装甲剣術教練　午後,志摩子,865DA928014D36637AA0007AACBDCFF764B7C835D3E9B6A5B13AA7DEE29590CA,text,「——呀啊啊啊啊啊！！」
768,game_t00770,０２０：１９９７年_07：装甲剣術教練　午後.egpack,０２０：１９９７年_07：装甲剣術教練　午後,安芸,C98A4074AD63BF5D30B9A7CEC188F9627EC88C52F9EA607530F5DB737679C447,text,「——喝呀啊啊啊啊啊！！」
769,game_t00771,０２０：１９９７年_07：装甲剣術教練　午後.egpack,０２０：１９９７年_07：装甲剣術教練　午後,和泉,CDB8CC3278870AAAD11D0F3B39F623CB36DE152EAE1A6EDD8DED972E37707E7F,text,「——喝啊啊啊啊！！」\p
770,game_t00772,０２０：１９９７年_07：装甲剣術教練　午後.egpack,０２０：１９９７年_07：装甲剣術教練　午後,和泉,5930C19DA64244D838830E2439DDBBFAB2E504F3BFF273BCED353A4376013E10,text,「——！？」\p
771,game_t00773,０２０：１９９７年_07：装甲剣術教練　午後.egpack,０２０：１９９７年_07：装甲剣術教練　午後,斉藤助教,873C2E8EBE504E1E74CE1E7D9AC9FCAFF810D0B3D869FDBB12EB2CEAE4CC2721,text,「——喝啊！！」\p
772,game_t00774,０２０：１９９７年_07：装甲剣術教練　午後.egpack,０２０：１９９７年_07：装甲剣術教練　午後,藤堂助教,711D164EFBB40371D30A0BAD8EE40BD6F58F53581CAE5A3B91879DDA60815CCB,text,「——白方一分！」\p
773,game_t00775,０２０：１９９７年_07：装甲剣術教練　午後.egpack,０２０：１９９７年_07：装甲剣術教練　午後,唯依,CDB8CC3278870AAAD11D0F3B39F623CB36DE152EAE1A6EDD8DED972E37707E7F,text,「——喝啊啊啊啊！！」\p
774,game_t00776,０２０：１９９７年_07：装甲剣術教練　午後.egpack,０２０：１９９７年_07：装甲剣術教練　午後,真田教官,A4878DCCEDAA537057B067B03F361C5D99ED1DA4060E436D69D5450A5FCF3FFB,text,「——唔！！」\p
775,game_t00777,０２０：１９９７年_07：装甲剣術教練　午後.egpack,０２０：１９９７年_07：装甲剣術教練　午後,志摩子,D0A664CB0A07C10E2FA8E3828BF3FCBBC075DCE0A89884D7F787C6E62C0741B3,text,「——呀啊啊！！」\p
776,game_t00778,０２０：１９９７年_07：装甲剣術教練　午後.egpack,０２０：１９９７年_07：装甲剣術教練　午後,安芸,B42D23B7A58BF5172CBF35459734D01DE70672331727DB5C175FB417297F13E6,text,「——呃啊！！」\p
777,game_t00779,０２０：１９９７年_07：装甲剣術教練　午後.egpack,０２０：１９９７年_07：装甲剣術教練　午後,旁白,B5509C18AA7DEB89EE34E2966F1FB5B01F48FAC0B32FC96C2753D76E3DA55189,text,——被她看穿了！？\p
778,game_t00780,０２０：１９９７年_07：装甲剣術教練　午後.egpack,０２０：１９９７年_07：装甲剣術教練　午後,唯依,C917A0F86152E99D78B1B4BA78063FAF3DA7E3400F4974A34CA49314DDF2EBE2,text,「——！！」\p
779,game_t00781,０２０：１９９７年_07：装甲剣術教練　午後.egpack,０２０：１９９７年_07：装甲剣術教練　午後,唯依,EFE3113984883CCF5002E8E7C096A7B6DBCC8B65E0FD70C7CB4F26E22E872B88,text,「——呃……唔…………！！」\p
780,game_t00782,０２０：１９９７年_07：装甲剣術教練　午後.egpack,０２０：１９９７年_07：装甲剣術教練　午後,唯依,4A7BE17E93C8D2D3FCBBA50C5C974C0E4C4CABCFD541DFE6B53A4DEEE590FAE2,text,「……呃……！！」\p
781,game_t00783,０２０：１９９７年_07：装甲剣術教練　午後.egpack,０２０：１９９７年_07：装甲剣術教練　午後,真田教官,40A4B200B77C62FE85E5DE9547C3262E2A733466ACD6071094F5896C876C6132,text,「哦……」\p
782,game_t00784,０２０：１９９７年_07：装甲剣術教練　午後.egpack,０２０：１９９７年_07：装甲剣術教練　午後,旁白,E1BD9A3ED806343629374FF011CEE7254E167D165CF06712D2E288BBFF1D6DD3,text,……糟糕……这样下去……！！\p
783,game_t00785,０２０：１９９７年_07：装甲剣術教練　午後.egpack,０２０：１９９７年_07：装甲剣術教練　午後,唯依,F4C4100B454C5D25EBA9E257C4F10CA922C0A89603D0B87A6A4D91D804AE49C5,text,「——呀啊啊啊！！」\p
784,game_t00786,０２０：１９９７年_07：装甲剣術教練　午後.egpack,０２０：１９９７年_07：装甲剣術教練　午後,真田教官,32592BFF8809D2AFCB1E902354F5F6761B1BB2C62D4BF5DFCE39627C5B1F9F66,text,「——哼！！」\p
785,game_t00787,０２０：１９９７年_07：装甲剣術教練　午後.egpack,０２０：１９９７年_07：装甲剣術教練　午後,唯依,ED1E8770FEC85CE8DC892A6465BCE7037F449D0C63F18C33A15ABE9E02154C67,text,「——唔！？」\p
786,game_t00788,０２０：１９９７年_07：装甲剣術教練　午後.egpack,０２０：１９９７年_07：装甲剣術教練　午後,真田教官,FC1BB2D07B8CA4CB833A8FC775711F88FDC75DF9188537E5BF556C9021D9D39C,text,「…\w…\w…\w…\w」\p
787,game_t00789,０２０：１９９７年_07：装甲剣術教練　午後.egpack,０２０：１９９７年_07：装甲剣術教練　午後,唯依,4790788BF55354DBABD895EB4BDC12331A901CD2C83781FD496F5B0AD3FF1051,text,「呼……呼……！」\p
788,game_t00790,０２０：１９９７年_07：装甲剣術教練　午後.egpack,０２０：１９９７年_07：装甲剣術教練　午後,旁白,A8924346CF20B6F8F8B64DAF455F85511096D1F2E610786A08E933BE963EF2A5,text,好险——只差一点！\p
789,game_t00791,０２０：１９９７年_07：装甲剣術教練　午後.egpack,０２０：１９９７年_07：装甲剣術教練　午後,真田教官,FC1BB2D07B8CA4CB833A8FC775711F88FDC75DF9188537E5BF556C9021D9D39C,text,「…\w…\w…\w…\w」\p
790,game_t00792,０２０：１９９７年_07：装甲剣術教練　午後.egpack,０２０：１９９７年_07：装甲剣術教練　午後,旁白,C894C08EFC62A79FAF43BA9C9B74035AB36B9FE7285A99FA3FC6360A1F667D2C,text,明明已经让她失去平衡了……！！\p
791,game_t00793,０２０：１９９７年_07：装甲剣術教練　午後.egpack,０２０：１９９７年_07：装甲剣術教練　午後,旁白,C534F26EEE3956F7B2BC5A9989362A60A09208CF25789748BC67017150A6DFDB,text,如果她再踏进几厘米……我的面甲就会被向上挑中，当场昏过去……！\p
792,game_t00794,０２０：１９９７年_07：装甲剣術教練　午後.egpack,０２０：１９９７年_07：装甲剣術教練　午後,唯依,956ED226100A7F0ECE101432B4D64301A10E9F45E912F13FD1FAB379244113FF,text,「哈……哈……哈……！！」\p
793,game_t00795,０２０：１９９７年_07：装甲剣術教練　午後.egpack,０２０：１９９７年_07：装甲剣術教練　午後,旁白,B1B0DC40B33A04819D8E887ADF622D3ACEF3B0F233DE83C691385F39C7BBBDA4,text,这就是……从实战中生还的卫士所拥有的力量……！\p
794,game_t00796,０２０：１９９７年_07：装甲剣術教練　午後.egpack,０２０：１９９７年_07：装甲剣術教練　午後,唯依,FC1BB2D07B8CA4CB833A8FC775711F88FDC75DF9188537E5BF556C9021D9D39C,text,「…\w…\w…\w…\w」\p
795,game_t00797,０２０：１９９７年_07：装甲剣術教練　午後.egpack,０２０：１９９７年_07：装甲剣術教練　午後,旁白,A0532357321685BB5D6CB730FDE847C45D1E19B52C21540FA7DA8353CA725540,text,冷静下来……我们还没有输！！\p
796,game_t00798,０２０：１９９７年_07：装甲剣術教練　午後.egpack,０２０：１９９７年_07：装甲剣術教練　午後,旁白,1C9DB581856BA9E4EF80D51EBA1B9EE95490F4B5CE6D827F6BA94A8FDA4DC66D,text,安艺和志摩子被逼得背靠背了——？！\p
797,game_t00799,０２０：１９９７年_07：装甲剣術教練　午後.egpack,０２０：１９９７年_07：装甲剣術教練　午後,旁白,95D25465CD07FB3F9788C1E94A486AB89A6916D0121DBDC1119372A3E28040D7,text,糟糕……这样协同也被切断——预先准备的备用方案……！\p
798,game_t00800,０２０：１９９７年_07：装甲剣術教練　午後.egpack,０２０：１９９７年_07：装甲剣術教練　午後,旁白,70737939486087137D4C795ED8760E42152EBD65CEF14D29921C98DC4601FF1B,text,怎么办——！？我们的经验根本不足以临场完成协同……！\p
799,game_t00801,０２０：１９９７年_07：装甲剣術教練　午後.egpack,０２０：１９９７年_07：装甲剣術教練　午後,旁白,41CBC7649D916216F9B53C408CCEC7F1A91DC1378204C428AFF740E21976E814,text,既然如此——只能在这里检验大家入学前各自积累的训练成果和能力！只能这么想了！！\p
800,game_t00802,０２０：１９９７年_07：装甲剣術教練　午後.egpack,０２０：１９９７年_07：装甲剣術教練　午後,藤堂助教,78D7AD8A303A58AC2E0CD71195ADA63873B620766F3760E1F1C228FFECBADE84,text,「——你们还要休息到什么时候！？难道打算就这样耗到时间结束吗？！」\p
801,game_t00803,０２０：１９９７年_07：装甲剣術教練　午後.egpack,０２０：１９９７年_07：装甲剣術教練　午後,安芸,EB5A08A8624ED966DF36840DDBAB0B5A9BA61542D56E36C035B342E471AA4983,text,「——呀啊啊啊！！」\p
802,game_t00804,０２０：１９９７年_07：装甲剣術教練　午後.egpack,０２０：１９９７年_07：装甲剣術教練　午後,志摩子,D6210B348DE230409172264BDB7DB9DD2BCF50E7E761534E62C7ACC2318F47DB,text,「——喝啊啊啊！！」\p
803,game_t00805,０２０：１９９７年_07：装甲剣術教練　午後.egpack,０２０：１９９７年_07：装甲剣術教練　午後,旁白,95005B677651A7D118614F5EF8CB028080ECA75AF8785434354C3F1D0547A780,text,——动作太直来直去了！——可恶！！\p
804,game_t00806,０２０：１９９７年_07：装甲剣術教練　午後.egpack,０２０：１９９７年_07：装甲剣術教練　午後,唯依,7AA2AF1B9A1D40A58EB34DC002F2D27358D4652B42E8FF017DC397ED1CC46C04,text,「——哈啊啊啊！！」\p
805,game_t00807,０２０：１９９７年_07：装甲剣術教練　午後.egpack,０２０：１９９７年_07：装甲剣術教練　午後,旁白,DA291660E8F841FDF5C83B651CE390E60762ABB34C8813EA40B8490B8DDD1714,text,——按常规来！\p
806,game_t00808,０２０：１９９７年_07：装甲剣術教練　午後.egpack,０２０：１９９７年_07：装甲剣術教練　午後,唯依,2052C9D9A56AEE8583DC9165610F21E2983D613D2CBABF31985E2115F86D60F4,text,「——唔……！！」\p
807,game_t00809,０２０：１９９７年_07：装甲剣術教練　午後.egpack,０２０：１９９７年_07：装甲剣術教練　午後,唯依,5930C19DA64244D838830E2439DDBBFAB2E504F3BFF273BCED353A4376013E10,text,「——！？」\p
808,game_t00810,０２０：１９９７年_07：装甲剣術教練　午後.egpack,０２０：１９９７年_07：装甲剣術教練　午後,藤堂助教,BB89D68F8580FF6A9C0B4387669A3A8A452A0C0D42490FA692B83C1EEBD2C84D,text,「——白方一分！到此为止！！」\p
809,game_t00811,０２０：１９９７年_07：装甲剣術教練　午後.egpack,０２０：１９９７年_07：装甲剣術教練　午後,唯依,D2A28F09F03788D5CDEFC880B9E991901229EC7C5A5A5FFC4156B89857D8F358,text,「……呜……呜……！？」\p
810,game_t00812,０２０：１９９７年_07：装甲剣術教練　午後.egpack,０２０：１９９７年_07：装甲剣術教練　午後,旁白,B0F2068350435262BA35698B5E8B506EB9BDF165690AAE4FF3BAA2E0FC8F3BF3,text,喘、喘不过气……无法……呼吸…………\p
811,game_t00813,０２０：１９９７年_07：装甲剣術教練　午後.egpack,０２０：１９９７年_07：装甲剣術教練　午後,唯依,B922DB2F3E63EAF8F89653DAA90A2F0455EC3F6ADD22C7E84EC60258E56F3E49,text,「呃哈……咳……咳…………」\p
812,game_t00814,０２０：１９９７年_07：装甲剣術教練　午後.egpack,０２０：１９９７年_07：装甲剣術教練　午後,旁白,359911F58EBC631E4E5BF6B07C1E5CEA1F237CD8EA4701FFB75DD9028CA9797E,text,——发生了……什么！？……到底……发生了什么！？\p
813,game_t00815,０２０：１９９７年_07：装甲剣術教練　午後.egpack,０２０：１９９７年_07：装甲剣術教練　午後,真田教官,FC063704C24C60EF94B284F352D9B54F391DE9080BF7E6763EAA5D318FF89CCA,text,「站起来，篁。回到起始线。」\p
814,game_t00816,０２０：１９９７年_07：装甲剣術教練　午後.egpack,０２０：１９９７年_07：装甲剣術教練　午後,旁白,2B6EF66E7E188E6B70F5356D512BE57256EAFF41A7D61A608502B781EE916CC5,text,……真田……教官……？！\p
815,game_t00817,０２０：１９９７年_07：装甲剣術教練　午後.egpack,０２０：１９９７年_07：装甲剣術教練　午後,唯依,810DC86AE8B64431FF6F58659176C8A81457DC01446F8DB254A31712A6AEE51E,text,「是……！」\p
816,game_t00818,０２０：１９９７年_07：装甲剣術教練　午後.egpack,０２０：１９９７年_07：装甲剣術教練　午後,旁白,3C442B77226C775E3F3285492A4DE4DB848B89FFE87AFE13085312C2B9328B43,text,对练……原来……已经结束了吗……对了……我必须站起来……\p
817,game_t00819,０２０：１９９７年_07：装甲剣術教練　午後.egpack,０２０：１９９７年_07：装甲剣術教練　午後,真田教官,FC1BB2D07B8CA4CB833A8FC775711F88FDC75DF9188537E5BF556C9021D9D39C,text,「…\w…\w…\w…\w」\p
818,game_t00820,０２０：１９９７年_07：装甲剣術教練　午後.egpack,０２０：１９９７年_07：装甲剣術教練　午後,唯依,0A5B13DFBB0E7E6C772AD12B143BD0AD2AFB1332FA08B72E471CCD7301AA1DEC,text,「——哈……哈……哈……」\p
819,game_t00821,０２０：１９９７年_07：装甲剣術教練　午後.egpack,０２０：１９９７年_07：装甲剣術教練　午後,真田教官,B9FCF5B8820222E6ACAFE140BA221513CFC73DE71270472E411107F86AE745D6,text,「你有一瞬间……犹豫了。」\p
820,game_t00822,０２０：１９９７年_07：装甲剣術教練　午後.egpack,０２０：１９９７年_07：装甲剣術教練　午後,唯依,57562AB9FE30F43D1538A54A0E8ADB707991E1A3E77EC6C4DE283E70C6B3EED6,text,「咦……？」\p
821,game_t00823,０２０：１９９７年_07：装甲剣術教練　午後.egpack,０２０：１９９７年_07：装甲剣術教練　午後,真田教官,9014A3F5A37982B02641226CD4AD6D9D0CA490F05598C4E7A99F0D4FBF44EE19,text,「……你那套无谓的美学，会害死许多战友。」\p
822,game_t00824,０２０：１９９７年_07：装甲剣術教練　午後.egpack,０２０：１９９７年_07：装甲剣術教練　午後,安芸,0141B50237B09E72F10DF512F384061A5E9B5824FC8F1D24816E83A6E5F68B25,text,「真是的，也太不留情了吧。我们明明还是外行。」\p
823,game_t00825,０２０：１９９７年_07：装甲剣術教練　午後.egpack,０２０：１９９７年_07：装甲剣術教練　午後,志摩子,B6AFF0992ACA32629E3AAB68A862FCEBC7659A1AD592DA73E9FEBB17A44A7D3F,text,「没办法，这是军事训练，教官当然不会手下留情。」\p
824,game_t00826,０２０：１９９７年_07：装甲剣術教練　午後.egpack,０２０：１９９７年_07：装甲剣術教練　午後,志摩子,D71A40630DE7FE6C459267BF52A29E3B2E6FAAB9986868EA0B28D47B9AF4668D,text,「她们应该也是想让我们亲身体会，有实战经验的教官和我们之间究竟有多大差距。」\p
825,game_t00827,０２０：１９９７年_07：装甲剣術教練　午後.egpack,０２０：１９９７年_07：装甲剣術教練　午後,安芸,ABE318BAE8B38917EC34669C226C8D080F619A5ED0370D7E0C412733486E68C6,text,「所以我才说，应该用语言把那些经验告诉我们啊！每次结束后既不给评价也不给建议，怎么想都很奇怪！！」\p
826,game_t00828,０２０：１９９７年_07：装甲剣術教練　午後.egpack,０２０：１９９７年_07：装甲剣術教練　午後,志摩子,930780D17B9E98C6F30B272DDDC2F562338A6C99CF010DB2619AAA2B9B7B966D,text,「怎么又说这个？这种训练本来就是这样，你也该死心了。」\p
827,game_t00829,０２０：１９９７年_07：装甲剣術教練　午後.egpack,０２０：１９９７年_07：装甲剣術教練　午後,安芸,0D96FF7DF4511885784A65668528E77327EB1BB1AA7B113E5744B4203804278A,text,「依我看，教官们原本都属于帝国陆军，所以是在故意刁难与她们合不来的斯卫——」\p
828,game_t00830,０２０：１９９７年_07：装甲剣術教練　午後.egpack,０２０：１９９７年_07：装甲剣術教練　午後,和泉,96846018B370D17457A314B2435B2A57FED91261687E42A62DD14D71EBF54FE5,text,「——好了好了，无聊的抱怨到此为止。为了第二轮，先确认一下需要改进的地方吧？」\p
829,game_t00831,０２０：１９９７年_07：装甲剣術教練　午後.egpack,０２０：１９９７年_07：装甲剣術教練　午後,唯依,FC1BB2D07B8CA4CB833A8FC775711F88FDC75DF9188537E5BF556C9021D9D39C,text,「…\w…\w…\w…\w」\p
830,game_t00832,０２０：１９９７年_07：装甲剣術教練　午後.egpack,０２０：１９９７年_07：装甲剣術教練　午後,和泉,C097D55D8F0EB696BAA73561E84029CE86623F02E941F79153C1002BC0DE66A9,text,「我在场外观察时发现，速攻失败以后，大家的位置完全乱了。备用方案也因此根本没能发挥作用。」\p
831,game_t00833,０２０：１９９７年_07：装甲剣術教練　午後.egpack,０２０：１９９７年_07：装甲剣術教練　午後,安芸,2F5DDCA1C317CAB54825B04E30D23EB62EC14CC07128C6CBC0DF4BC4AF52DB26,text,「…\w…\w…\w…\w」
832,game_t00834,０２０：１９９７年_07：装甲剣術教練　午後.egpack,０２０：１９９７年_07：装甲剣術教練　午後,志摩子,FC1BB2D07B8CA4CB833A8FC775711F88FDC75DF9188537E5BF556C9021D9D39C,text,「…\w…\w…\w…\w」\p
833,game_t00835,０２０：１９９７年_07：装甲剣術教練　午後.egpack,０２０：１９９７年_07：装甲剣術教練　午後,和泉,C1654B3A54C56488A2B0373793D8E775D49B2B7833650DB512A0D4A7DE523E21,text,「彼此的协同也乱七八糟。与其奢望临场配合，不如干脆直接喊出来，互相指挥，怎么样？」\p
834,game_t00836,０２０：１９９７年_07：装甲剣術教練　午後.egpack,０２０：１９９７年_07：装甲剣術教練　午後,安芸,3358270C149167C8D3F72F4CF4AA77CDBB71660BB21CF0BF656718F064441A66,text,「唉，和泉你真笨。用嘴下指示，作战方案不就暴露了吗？难怪你第一个出局。」\p
835,game_t00837,０２０：１９９７年_07：装甲剣術教練　午後.egpack,０２０：１９９７年_07：装甲剣術教練　午後,和泉,78BC86D712B4D284FC9E34C2CBB5F7C980B57DE9D960982BF397A0B5A96FDB77,text,「到底谁笨啊？我第一个出局是作战安排吧？」\p
836,game_t00838,０２０：１９９７年_07：装甲剣術教練　午後.egpack,０２０：１９９７年_07：装甲剣術教練　午後,安芸,FC1BB2D07B8CA4CB833A8FC775711F88FDC75DF9188537E5BF556C9021D9D39C,text,「…\w…\w…\w…\w」\p
837,game_t00839,０２０：１９９７年_07：装甲剣術教練　午後.egpack,０２０：１９９７年_07：装甲剣術教練　午後,和泉,FB485586228603C8833174EAD57E3D672A4B78E57941F102487282FF9F4D653A,text,「喂……你那是什么眼神？能别这样吗？」\p
838,game_t00840,０２０：１９９７年_07：装甲剣術教練　午後.egpack,０２０：１９９７年_07：装甲剣術教練　午後,安芸,B5267823B997270D2748DC43A1B1DACB0536202452361ACEDD40B4A459E51FC3,text,「可怜的和泉。开始三秒就被打出场外，也难怪你只能这么说。」\p
839,game_t00841,０２０：１９９７年_07：装甲剣術教練　午後.egpack,０２０：１９９７年_07：装甲剣術教練　午後,和泉,B980D66E7EB90FDC4489FD5FBF1B4EAA1DE2FB40E91CC895C6517A861EE77134,text,「我都说了，那是作战安排——」\p
840,game_t00842,０２０：１９９７年_07：装甲剣術教練　午後.egpack,０２０：１９９７年_07：装甲剣術教練　午後,安芸,A8A5EE50F1B26BC50D2047844475D9FA347EF52D7B839D3534BF0D4BA0493ED9,text,「——嗯嗯，没错。你只能摆出一副客观又高高在上的样子批评别人，才能保住自尊吧？」\p
841,game_t00843,０２０：１９９７年_07：装甲剣術教練　午後.egpack,０２０：１９９７年_07：装甲剣術教練　午後,和泉,F42CA8096A456902BFEA190E00820298CE13F1DE75481D24E0D9CCA070E1DA58,text,「你、你最后不也被一脚踢出场外了吗！而且正因为我在场外观察，才能提出客观意见——」\p
842,game_t00844,０２０：１９９７年_07：装甲剣術教練　午後.egpack,０２０：１９９７年_07：装甲剣術教練　午後,唯依,DB46209D8BDF4811476CBD1B952832B66175AE5E62ED2D73814AFC2B50C395AE,text,「——我觉得和泉的意见很好。」\p
843,game_t00845,０２０：１９９７年_07：装甲剣術教練　午後.egpack,０２０：１９９７年_07：装甲剣術教練　午後,唯依,09EE55A67D8348D7C48497E5366E70E7669B3B009FCCF9DEC677E13434C4B0A3,text,「教官从一开始就说过协同最重要，所以这本来就理所当然——除了提高协同精度，我们没有其他胜算。」\p
844,game_t00846,０２０：１９９７年_07：装甲剣術教練　午後.egpack,０２０：１９９７年_07：装甲剣術教練　午後,安芸,2F5DDCA1C317CAB54825B04E30D23EB62EC14CC07128C6CBC0DF4BC4AF52DB26,text,「…\w…\w…\w…\w」
845,game_t00847,０２０：１９９７年_07：装甲剣術教練　午後.egpack,０２０：１９９７年_07：装甲剣術教練　午後,和泉,2F5DDCA1C317CAB54825B04E30D23EB62EC14CC07128C6CBC0DF4BC4AF52DB26,text,「…\w…\w…\w…\w」
846,game_t00848,０２０：１９９７年_07：装甲剣術教練　午後.egpack,０２０：１９９７年_07：装甲剣術教練　午後,志摩子,FC1BB2D07B8CA4CB833A8FC775711F88FDC75DF9188537E5BF556C9021D9D39C,text,「…\w…\w…\w…\w」\p
847,game_t00849,０２０：１９９７年_07：装甲剣術教練　午後.egpack,０２０：１９９７年_07：装甲剣術教練　午後,唯依,DE1212C4C82BC40CCAB1DD6A1D66E0621737839685CDCB6976AE77DCB9A55412,text,「既然如此，现阶段是不是应该优先考虑随时掌握彼此情况、互相支援的好处，而不是担心战术被看穿的风险？」\p
848,game_t00850,０２０：１９９７年_07：装甲剣術教練　午後.egpack,０２０：１９９７年_07：装甲剣術教練　午後,志摩子,9563989E806A931E6DF0F164273CCF30616C6182575FC31C828D8CDA64E614DD,text,「这么说的话，确实有道理……」\p
849,game_t00851,０２０：１９９７年_07：装甲剣術教練　午後.egpack,０２０：１９９７年_07：装甲剣術教練　午後,安芸,AD0CF6AB77C0014A8A7B01D87DB91E557209CCD64D80923ECE9FD789E9057443,text,「唯、唯依～～！志摩子～～！！」\p
850,game_t00852,０２０：１９９７年_07：装甲剣術教練　午後.egpack,０２０：１９９７年_07：装甲剣術教練　午後,和泉,158826769CDE8C6F22FA4AF0DEC73098EDF3B9F6D65377EE90E6A110FE2B1EB9,text,「看吧。我就说嘛，不愧是唯依，什么都明白。」\p
851,game_t00853,０２０：１９９７年_07：装甲剣術教練　午後.egpack,０２０：１９９７年_07：装甲剣術教練　午後,安芸,222507F9F413F99CC0B02E40BD50FAE14352FDB5A66A08FE1987ED3517209347,text,「唔唔唔唔……」\p
852,game_t00854,０２０：１９９７年_07：装甲剣術教練　午後.egpack,０２０：１９９７年_07：装甲剣術教練　午後,旁白,2407678F895A47538AB83757A4372FFECCE17C98D5A7A411205330A373229046,text,为什么呢？平时她们明明不太听我的话……\p
853,game_t00855,０２０：１９９７年_07：装甲剣術教練　午後.egpack,０２０：１９９７年_07：装甲剣術教練　午後,旁白,8C27E2C794CB3B56A3F6A2291A3E7986B3B45272F83B7F930DB1EFA4CB8DB6F3,text,恪守家格秩序的志摩子暂且不论，可为什么安艺与和泉偏偏在这种时候，会原封不动地接受我的意见？\p
854,game_t00856,０２０：１９９７年_07：装甲剣術教練　午後.egpack,０２０：１９９７年_07：装甲剣術教練　午後,旁白,4C0B08E415F7378496BA222126BEA5854AD2FD07EE50D4E0A5C76BB149BC16BB,text,她们认为我能做出比大家更正确的判断吗？\p
855,game_t00857,０２０：１９９７年_07：装甲剣術教練　午後.egpack,０２０：１９９７年_07：装甲剣術教練　午後,唯依,FC1BB2D07B8CA4CB833A8FC775711F88FDC75DF9188537E5BF556C9021D9D39C,text,「…\w…\w…\w…\w」\p
856,game_t00858,０２０：１９９７年_07：装甲剣術教練　午後.egpack,０２０：１９９７年_07：装甲剣術教練　午後,旁白,7872AA4D1A4FD477C9B82066331A721E570C23ECDACD12237796E33BD7B736A6,text,根本不是这样……我这种人……明明根本不行……\p
857,game_t00859,０２０：１９９７年_07：装甲剣術教練　午後.egpack,０２０：１９９７年_07：装甲剣術教練　午後,真田教官,1B98C1B662D77B9EF58AB05B6484483AA0282BE2A68560B65A3A577440DEEEFD,text,「你刚才犹豫了一瞬。」\p
858,game_t00860,０２０：１９９７年_07：装甲剣術教練　午後.egpack,０２０：１９９７年_07：装甲剣術教練　午後,真田教官,73D30D2048DB492C45AF7C10A559E8F8E385989C2B4BE03505DC45274A3DF61C,text,「你那套无谓的美学，会害死许多战友。」\p
859,game_t00861,０２０：１９９７年_07：装甲剣術教練　午後.egpack,０２０：１９９７年_07：装甲剣術教練　午後,旁白,2DDBB0C34BCFFD354C95C3E531DCC0EAD1AB5709DBD7A6D6C4AD5560D482BF68,text,当时，我配合志摩子的动作发动斩击——\p
860,game_t00862,０２０：１９９７年_07：装甲剣術教練　午後.egpack,０２０：１９９７年_07：装甲剣術教練　午後,旁白,C6F7085594AA3641D89BB60E4D0ED521D7D83A5FFD493728560854095A2C3C35,text,我从真田教官戴眼罩的一侧，也就是她的视觉死角切入，原本准备刺向她已经压上全部重心的支撑腿。\p
861,game_t00863,０２０：１９９７年_07：装甲剣術教練　午後.egpack,０２０：１９９７年_07：装甲剣術教練　午後,旁白,0C00FE1875999D613419CED9B05F1FE22AAB0212D5073372874014285DD44865,text,那是偶然造就的千载难逢之机，是绝佳的胜机——至少足以让教官失去战斗能力。\p
862,game_t00864,０２０：１９９７年_07：装甲剣術教練　午後.egpack,０２０：１９９７年_07：装甲剣術教練　午後,旁白,F859BB48E0AD64FE2A2AA9B9FCCB1D7795244B7B7D4A61E3127E7B8F0619D89A,text,可我犹豫了……正如真田教官指出的那样，只有短短一瞬。\p
863,game_t00865,０２０：１９９７年_07：装甲剣術教練　午後.egpack,０２０：１９９７年_07：装甲剣術教練　午後,旁白,F4C639D57747D37A0D1B037AA39C19D6AF89CBF4C7C5047321265C94CE37736B,text,而这一瞬的犹豫，让被安艺拖住、回援稍迟的齐藤助教获得了处理局面的时间。\p
864,game_t00866,０２０：１９９７年_07：装甲剣術教練　午後.egpack,０２０：１９９７年_07：装甲剣術教練　午後,旁白,3832E0A0F834D0549F1CD73747AB0554308434E0555B6178D0786D59083776B1,text,结果，我结结实实挨了齐藤助教从死角冲来的一击，甚至没弄清发生了什么，便倒在训练场上。\p
865,game_t00867,０２０：１９９７年_07：装甲剣術教練　午後.egpack,０２０：１９９７年_07：装甲剣術教練　午後,真田教官,73D30D2048DB492C45AF7C10A559E8F8E385989C2B4BE03505DC45274A3DF61C,text,「你那套无谓的美学，会害死许多战友。」\p
866,game_t00868,０２０：１９９７年_07：装甲剣術教練　午後.egpack,０２０：１９９７年_07：装甲剣術教練　午後,旁白,8A9B32D31E27AF5826ED7DF52397A796B8A1933E87B6BC22A69469A8BA34C624,text,真田教官已经看穿了……正是那一瞬间的犹豫，毁掉了整场作战。\p
867,game_t00869,０２０：１９９７年_07：装甲剣術教練　午後.egpack,０２０：１９９７年_07：装甲剣術教練　午後,唯依,FC1BB2D07B8CA4CB833A8FC775711F88FDC75DF9188537E5BF556C9021D9D39C,text,「…\w…\w…\w…\w」\p
868,game_t00870,０２０：１９９７年_07：装甲剣術教練　午後.egpack,０２０：１９９７年_07：装甲剣術教練　午後,旁白,AC4F73D8B0B668254C007800B3AE21DE9828CC92746AF995FA9B7DB6A851F836,text,真田教官要求我遵循的，是无限制总力歼灭战——对BETA战争的基本原则。不是斯卫本应奉行的武士道精神，而是把合理取胜置于一切之上的原则。\p
869,game_t00871,０２０：１９９７年_07：装甲剣術教練　午後.egpack,０２０：１９９７年_07：装甲剣術教練　午後,旁白,7C2DA506C13F9B07FC45483067143E207182733E65F2C7D95316E690D34C1DF9,text,无谓的美学——不去攻击对手弱点的所谓高洁，在现代战争中愚蠢至极。不，在教官看来，那恐怕就是软弱的证明。\p
870,game_t00872,０２０：１９９７年_07：装甲剣術教練　午後.egpack,０２０：１９９７年_07：装甲剣術教練　午後,旁白,F8A11F5C982C5A49DB36388C58CB40215056E6CA35711A6DAD991A2BB013D422,text,可是——\p
871,game_t00873,０２０：１９９７年_07：装甲剣術教練　午後.egpack,０２０：１９９７年_07：装甲剣術教練　午後,旁白,A93DB203CD28AAEEB530806C93198919CB268E687F926CEFAD888A0830C5C1E9,text,实战中或许确实如此——但装甲剑术不同。我们的对手不是BETA。\p
872,game_t00874,０２０：１９９７年_07：装甲剣術教練　午後.egpack,０２０：１９９７年_07：装甲剣術教練　午後,旁白,6088D98661C74A244FB00271ABB43CE962F36D145AE807F41534EE84C75CA29A,text,如果连面对人类也用歼灭战那套唯求合理的思维来战斗……那样的话，我们和BETA还有什么区别……\p
873,game_t00875,０２０：１９９７年_07：装甲剣術教練　午後.egpack,０２０：１９９７年_07：装甲剣術教練　午後,旁白,D1A0D6EAAB08B74EF7F3A161D1A6D440AE67D6B8F34F02B42BC45FB0C78D4558,text,平时做不到的事，遇到突发情况也不可能做到。所以即使训练——即使面对人类也必须追求合理。我在道理上能够理解，也正因为如此一直服从教导。\p
874,game_t00876,０２０：１９９７年_07：装甲剣術教練　午後.egpack,０２０：１９９７年_07：装甲剣術教練　午後,旁白,B3C9E50F5CD61750EC2C3B852EDBF08BC79457888AFECD5CADB87406D7195079,text,可是——难道连自己的内心也必须一起交出去吗……？\p
875,game_t00877,０２０：１９９７年_07：装甲剣術教練　午後.egpack,０２０：１９９７年_07：装甲剣術教練　午後,母,2024605BA3D9AC978FB3B32B103CBF3C6B2D6EEDD828B56F4933AD30F2759547,text,「——不可恃威，唯以默然践行示之。」\p
876,game_t00878,０２０：１９９７年_07：装甲剣術教練　午後.egpack,０２０：１９９７年_07：装甲剣術教練　午後,父,A2793DDE9D49EC113BE8E9E84657B0C8FC8A75750B4B9001BE1FBFDE308B20D0,text,「我从来没想过另立养子——篁家的继承人就是唯依。」\p
877,game_t00879,０２０：１９９７年_07：装甲剣術教練　午後.egpack,０２０：１９９７年_07：装甲剣術教練　午後,唯依,FC1BB2D07B8CA4CB833A8FC775711F88FDC75DF9188537E5BF556C9021D9D39C,text,「…\w…\w…\w…\w」\p
878,game_t00880,０２０：１９９７年_07：装甲剣術教練　午後.egpack,０２０：１９９７年_07：装甲剣術教練　午後,旁白,90F89613348F321E32F4892384A6C91DABA935BA716EF4EFCE6985455B4F6649,text,篁家一直坚持的矜持。父亲与母亲用自己的人生向我展现的高洁。\p
879,game_t00881,０２０：１９９７年_07：装甲剣術教練　午後.egpack,０２０：１９９７年_07：装甲剣術教練　午後,旁白,79D6BDED36A95DEBCCB589CDD7A0906CF25AE0C30F31714F6C693806C1753444,text,那是塑造我这个人的一切，也就是我本身。\p
880,game_t00882,０２０：１９９７年_07：装甲剣術教練　午後.egpack,０２０：１９９７年_07：装甲剣術教練　午後,旁白,FFEE0F163D3E085DA5B8C107C147D7D4E687F205E912EA4F62C5ED995EC85350,text,一旦舍弃它——我就不再是我。身为篁家的下一任家主，我也会辜负所有一直认可我的人……！\p
881,game_t00883,０２０：１９９７年_07：装甲剣術教練　午後.egpack,０２０：１９９７年_07：装甲剣術教練　午後,和泉,158826769CDE8C6F22FA4AF0DEC73098EDF3B9F6D65377EE90E6A110FE2B1EB9,text,「看吧。我就说嘛，不愧是唯依，什么都明白。」\p
882,game_t00884,０２０：１９９７年_07：装甲剣術教練　午後.egpack,０２０：１９９７年_07：装甲剣術教練　午後,唯依,55ED50114339677183D6CC6B92F269889638B61A4F02453C9A0F1946D58DAD10,text,「我……根本什么都不明白……」\p
883,game_t00885,０２０：１９９７年_07：装甲剣術教練　午後.egpack,０２０：１９９７年_07：装甲剣術教練　午後,旁白,B1EE444D31CF00F2373CB895E020322B112BBB0AE6D42EB13A500D031AC1A7CD,text,装剑术的对手是人类。若是在实战中面对BETA——我的这种想法，大概就是错误的。\p
884,game_t00886,０２０：１９９７年_07：装甲剣術教練　午後.egpack,０２０：１９９７年_07：装甲剣術教練　午後,旁白,BB81048A1C1874058C32107CBE8F23ABAD55B056C3D9B885698DF110604B9129,text,斯卫军选择拥有实战经验的帝国军卫士担任我们的教官——真田教官说的那些话，从现实角度来看应该是正确的。\p
885,game_t00887,０２０：１９９７年_07：装甲剣術教練　午後.egpack,０２０：１９９７年_07：装甲剣術教練　午後,旁白,A7E230B79E1FAB6A5355E0E2D56AEB95EF55D9F9600B8F1363AFD64A09D8DDB3,text,既然如此，正如教官所说——总有一天，我会害死你们。\p
886,game_t00888,０２０：１９９７年_07：装甲剣術教練　午後.egpack,０２０：１９９７年_07：装甲剣術教練　午後,旁白,23918FD747D6A81416963E71DDA76CE77FF282E9A8DDBB94DE8347BDBBC33CDC,text,无法根据情况变通信念的我……会害死你们……？\p
887,game_t00889,０２０：１９９７年_07：装甲剣術教練　午後.egpack,０２０：１９９７年_07：装甲剣術教練　午後,旁白,C5740EB346612DC285DF896978088444ABD7CCD7FC01B33384B076C105791964,text,可是你们……却这么轻易地接受我的意见——\p
888,game_t00890,０２０：１９９７年_07：装甲剣術教練　午後.egpack,０２０：１９９７年_07：装甲剣術教練　午後,候補生たち,77E1A91CDAE02AA83F649B02BF13986D48801B2703261343A6A19853F5BF2A5B,text,「哇……！！」\p
889,game_t00891,０２０：１９９７年_07：装甲剣術教練　午後.egpack,０２０：１９９７年_07：装甲剣術教練　午後,唯依,F242D0E7F94AB2925A1933CCDF0DA6B60E4F7EE1B2215039B2851132E310ED38,text,「――？！」\p
890,game_t00892,０２０：１９９７年_07：装甲剣術教練　午後.egpack,０２０：１９９７年_07：装甲剣術教練　午後,志摩子,E3546714A2A044D4E10279ABCF008119AFF8FD53FDBC49FFA1F30BBACF72AEF3,text,「好、好厉害……」\p
891,game_t00893,０２０：１９９７年_07：装甲剣術教練　午後.egpack,０２０：１９９７年_07：装甲剣術教練　午後,和泉,D63E4956B1520E8FBF0D7DA7144D97475C3D43332E6AA58E42549C58F88C0BB2,text,「不会吧……」\p
892,game_t00894,０２０：１９９７年_07：装甲剣術教練　午後.egpack,０２０：１９９７年_07：装甲剣術教練　午後,安芸,54518A1B5768754EB8047582DA8C0336497431A117D3FA6026A91D031F5A6B03,text,「那、那是什么……」\p
893,game_t00895,０２０：１９９７年_07：装甲剣術教練　午後.egpack,０２０：１９９７年_07：装甲剣術教練　午後,志摩子,D9DAFBB1D91295D64AB08D20D3A79A3AC4B3F5BA578CA29297025DD49AC2CB0F,text,「山城同学——从齐藤助教手里拿下一分了……！」\p
894,game_t00896,０２０：１９９７年_07：装甲剣術教練　午後.egpack,０２０：１９９７年_07：装甲剣術教練　午後,旁白,A0300F5F9C048F2449B0BC882C785354FA50B3AE468354290D600856B530ECEB,text,——！？\p
895,game_t00897,０２０：１９９７年_07：装甲剣術教練　午後.egpack,０２０：１９９７年_07：装甲剣術教練　午後,安芸,AF4CB02A11A6E72F3FE1FEE9EAC034FD2B90C7353B72E1A7045EA43510BD471C,text,「三对一的人数优势——说不定，她们真的有机会……！？」\p
896,game_t00898,０２０：１９９７年_07：装甲剣術教練　午後.egpack,０２０：１９９７年_07：装甲剣術教練　午後,唯依,FC1BB2D07B8CA4CB833A8FC775711F88FDC75DF9188537E5BF556C9021D9D39C,text,「…\w…\w…\w…\w」\p
897,game_t00899,０２０：１９９７年_08：唯依と志摩子の下校　数時間後.egpack,０２０：１９９７年_08：唯依と志摩子の下校　数時間後,志摩子,292CC56AEE95343992F0CB3215D41CCB13AD22AAD6203A9786E62591A9AC4DE9,text,「好痛……」\p
898,game_t00900,０２０：１９９７年_08：唯依と志摩子の下校　数時間後.egpack,０２０：１９９７年_08：唯依と志摩子の下校　数時間後,唯依,BB40FE66268EF6BB53890EEB525D0F82BD21BDE872A2AD95EBCE6D03056D0FE7,text,「没事吧？那里是被真田教官打到的地方……」\p
899,game_t00901,０２０：１９９７年_08：唯依と志摩子の下校　数時間後.egpack,０２０：１９９７年_08：唯依と志摩子の下校　数時間後,志摩子,3C260A72B98DAF0E452403D2D36F471A9D257900A2DE6EFC7EFC829F74561C89,text,「嗯，教官的刀势特别沉。明明穿着护具，居然还是这样～」\p
900,game_t00902,０２０：１９９７年_08：唯依と志摩子の下校　数時間後.egpack,０２０：１９９７年_08：唯依と志摩子の下校　数時間後,唯依,20B46776B33CD6835A7588C9B97F420B05D3C27BD590D01A8636D57F3D44DCDB,text,「结束后的医学检查呢？卫生官怎么说？」\p
901,game_t00903,０２０：１９９７年_08：唯依と志摩子の下校　数時間後.egpack,０２０：１９９７年_08：唯依と志摩子の下校　数時間後,旁白,3B80D30FD670D414FC7E61729AE086C729A73CC99586AFA5FC620FF81C49E0AD,text,实技课后的医疗检查是强制的——她应该不至于没去检查才对……\p
902,game_t00904,０２０：１９９７年_08：唯依と志摩子の下校　数時間後.egpack,０２０：１９９７年_08：唯依と志摩子の下校　数時間後,志摩子,8BCA8E2C8C47EEAB0C2EA3A71F6DDF56795A878BDB5382624B620B7593D840C5,text,「说只是轻微挫伤。当时还没这么痛……」\p
903,game_t00905,０２０：１９９７年_08：唯依と志摩子の下校　数時間後.egpack,０２０：１９９７年_08：唯依と志摩子の下校　数時間後,唯依,AC41764AA967CB35ECF2B6C9BB54A8E50DC4161980244E162ADA17E8F4E3BD24,text,「从什么时候开始疼的？」\p
904,game_t00906,０２０：１９９７年_08：唯依と志摩子の下校　数時間後.egpack,０２０：１９９７年_08：唯依と志摩子の下校　数時間後,志摩子,D7604B8882D7DD7B388F1A29AE552EC11264C14C36AD60E9D73E410C2E88E9BF,text,「在操场罚跑途中，就开始隐隐作痛了……」\p
905,game_t00907,０２０：１９９７年_08：唯依と志摩子の下校　数時間後.egpack,０２０：１９９７年_08：唯依と志摩子の下校　数時間後,唯依,A39A9DF21F15A774AEC1E132AE177CB46DFD6B9C5599CCB1F65FEC714AFDAF02,text,「啊？那你还忍着跑完了？不行啊志摩子，这样一点点积累下去，万一弄成撕脱性骨折——」\p
906,game_t00908,０２０：１９９７年_08：唯依と志摩子の下校　数時間後.egpack,０２０：１９９７年_08：唯依と志摩子の下校　数時間後,志摩子,253B2CACE1A5AC8F3E9F1C565E08B9B27A057E404EF967DC7E305D5A2EDD3497,text,「啊，不过跑完后我也去检查了，所以没事。那时也说没什么问题……」\p
907,game_t00909,０２０：１９９７年_08：唯依と志摩子の下校　数時間後.egpack,０２０：１９９７年_08：唯依と志摩子の下校　数時間後,唯依,45E471B0F739D9F8062C7AA86264BFE25815BE13BF2AE51C0172A864EFC87952,text,「……这样啊。那就好。」\p
908,game_t00910,０２０：１９９７年_08：唯依と志摩子の下校　数時間後.egpack,０２０：１９９７年_08：唯依と志摩子の下校　数時間後,旁白,45EA25F3F31BF34104AC95E67B661BB8E420C2222D62F54EEB724246856C3585,text,外界总说这是优待武家，说武家太娇惯自家女儿，因此每次实技课后强制体检的制度风评很差。可遇到这种时候，我又真心觉得这项制度让人安心、值得依靠。\p
909,game_t00911,０２０：１９９７年_08：唯依と志摩子の下校　数時間後.egpack,０２０：１９９７年_08：唯依と志摩子の下校　数時間後,旁白,800CA70F9574560313F179601D40E4A674C854827D9374A2A4FF415522FA0A6A,text,但愿真的没有问题……\p
910,game_t00912,０２０：１９９７年_08：唯依と志摩子の下校　数時間後.egpack,０２０：１９９７年_08：唯依と志摩子の下校　数時間後,志摩子,298872F6A8321522BCB6FA608A89FBAD572FFAB70CF5A2FC2906A3C89857E9A0,text,「真的没事啦。对不起，让你担心了。」\p
911,game_t00913,０２０：１９９７年_08：唯依と志摩子の下校　数時間後.egpack,０２０：１９９７年_08：唯依と志摩子の下校　数時間後,唯依,CC61CAC27E250BC2CE2F70841934C65FA82B391CC60F63413CDE49774D3CFB96,text,「没什么……」\p
912,game_t00914,０２０：１９９７年_08：唯依と志摩子の下校　数時間後.egpack,０２０：１９９７年_08：唯依と志摩子の下校　数時間後,志摩子,2527D46444D6BBED1CEFF20913BEAFAD8EFF56078B6D5BA09244384E9D92DD8B,text,「不过山城她们真的好厉害哦～」\p
913,game_t00915,０２０：１９９７年_08：唯依と志摩子の下校　数時間後.egpack,０２０：１９９７年_08：唯依と志摩子の下校　数時間後,唯依,2381A95BC52D78A98F8BE726D2C14DB5458964416A3F9AB21EE4D052F2BAFB01,text,「——咦？」\p
914,game_t00916,０２０：１９９７年_08：唯依と志摩子の下校　数時間後.egpack,０２０：１９９７年_08：唯依と志摩子の下校　数時間後,志摩子,34AD69E90FD064FCED80C65EF6B59E2D480830CF39683A03F08D4CF0E698979F,text,「居然能从教官手里拿到一分，不觉得像做梦一样吗？看得我好痛快。」\p
915,game_t00917,０２０：１９９７年_08：唯依と志摩子の下校　数時間後.egpack,０２０：１９９７年_08：唯依と志摩子の下校　数時間後,唯依,255937798BAF114EE51E55535183EB8E45F1806E983F1BC3BC4C4511028BFC14,text,「啊，嗯……是啊。」\p
916,game_t00918,０２０：１９９７年_08：唯依と志摩子の下校　数時間後.egpack,０２０：１９９７年_08：唯依と志摩子の下校　数時間後,旁白,B03146491EAE30EFEEA27C7198F8B32DCFBF47F9610E0629BCAEA0E38CEC6C1C,text,那……真的甘心只把它当作梦想吗……？明明我们本来也可能抢先一步实现。\p
917,game_t00919,０２０：１９９７年_08：唯依と志摩子の下校　数時間後.egpack,０２０：１９９７年_08：唯依と志摩子の下校　数時間後,志摩子,5E35F72E973B7EA5037B575E4CAF2AC90BF76FD4A5714C99AF7EFEC8ED873A1C,text,「虽然最后还是敌不过真田教官，但山城就算只剩一个人也坚持到最后了。」\p
918,game_t00920,０２０：１９９７年_08：唯依と志摩子の下校　数時間後.egpack,０２０：１９９７年_08：唯依と志摩子の下校　数時間後,旁白,C0DD28458F393C7AFDF635E6450CD0DAF8C733DFDF63A52923C4C48D63DBB52C,text,……不，这才正常。志摩子没有错。她只是想到什么，就坦率地说出自己的感想。\p
919,game_t00921,０２０：１９９７年_08：唯依と志摩子の下校　数時間後.egpack,０２０：１９９７年_08：唯依と志摩子の下校　数時間後,唯依,00815520FD2EE1B918C84E58095D1EBBD0E042F611DB22462DF1E977C393257B,text,「其他人的协同和站位也很好。她们一定做过很多练习和战术讨论。我们也得向她们学习。」\p
920,game_t00922,０２０：１９９７年_08：唯依と志摩子の下校　数時間後.egpack,０２０：１９９７年_08：唯依と志摩子の下校　数時間後,志摩子,306F2B0835694A7189BF40E848A7BC3063D5AAF3D9F2413AC8844E4958523AC9,text,「是啊～」\p
921,game_t00923,０２０：１９９７年_08：唯依と志摩子の下校　数時間後.egpack,０２０：１９９７年_08：唯依と志摩子の下校　数時間後,唯依,FC1BB2D07B8CA4CB833A8FC775711F88FDC75DF9188537E5BF556C9021D9D39C,text,「…\w…\w…\w…\w」\p
922,game_t00924,０２０：１９９７年_08：唯依と志摩子の下校　数時間後.egpack,０２０：１９９７年_08：唯依と志摩子の下校　数時間後,旁白,FCC7F895B45E066476C29F7E552972B513D890FD49A0C0EAD88B65C88B24B3E5,text,才进入山百合女子几周的候补生，竟然能从刚从前线回来的教官手中拿下一分，简直是奇迹般的壮举。\p
923,game_t00925,０２０：１９９７年_08：唯依と志摩子の下校　数時間後.egpack,０２０：１９９７年_08：唯依と志摩子の下校　数時間後,旁白,6FE3A9A85AA15117C4308F8543CD30053673A53BDFC2E2E20824F8A231D2F33C,text,自建校以来，初级训练阶段只有三人做到过。完成这项壮举的山城——以及通过协同支援她的J小队成员，真的很了不起。志摩子会兴奋也是理所当然。\p
924,game_t00926,０２０：１９９７年_08：唯依と志摩子の下校　数時間後.egpack,０２０：１９９７年_08：唯依と志摩子の下校　数時間後,旁白,862B22C5A8F8A8A34D2AED619D34C9EF66D7D6461AE5BA4E806B13835B9D074A,text,教官有多强，战胜她又有多难——\p
925,game_t00927,０２０：１９９７年_08：唯依と志摩子の下校　数時間後.egpack,０２０：１９９７年_08：唯依と志摩子の下校　数時間後,旁白,BD2FEBC6A8F430C1449117027CEC7D1E6591560C4CDDFA6EEFE5FBFE9C3B14E3,text,——我亲身体会过，所以再清楚不过。何况我们本来已经快要抓住那个奇迹，却因我的犹豫让它从掌心溜走。\p
926,game_t00928,０２０：１９９７年_08：唯依と志摩子の下校　数時間後.egpack,０２０：１９９７年_08：唯依と志摩子の下校　数時間後,旁白,D1DAEC3F2FF02EF8F21AA5A995649CD4D1C2196F3DEDABF6368F5768AA2E5898,text,可是……\p
927,game_t00929,０２０：１９９７年_08：唯依と志摩子の下校　数時間後.egpack,０２０：１９９７年_08：唯依と志摩子の下校　数時間後,旁白,7074904C1B22862466A61AAAB467CE0C1DA2E72791CC0A8C4795D1245A9D3CFC,text,当时挥刀砍向真田教官的志摩子，难道没有真心想着——也没有真心相信——要由自己拿下那一分吗？\p
928,game_t00930,０２０：１９９７年_08：唯依と志摩子の下校　数時間後.egpack,０２０：１９９７年_08：唯依と志摩子の下校　数時間後,旁白,1D576E975E5A60E54A2866061423F4F41E159CB3A35BE190EB265454BACB673B,text,总有一天要从教官手中拿下一分。第一次装甲剑术训练结束时，因为完全不是教官的对手，大家不甘心才一起定下这个目标。\p
929,game_t00931,０２０：１９９７年_08：唯依と志摩子の下校　数時間後.egpack,０２０：１９９７年_08：唯依と志摩子の下校　数時間後,旁白,734F9A468B9D5B79DACD1951E4A9777D5A831ECB0755174FF4B10E4EE82D081B,text,如今却被同期抢在了前面。明明因为自己的指挥官犹豫而错失机会——她难道一点都不在意吗？\p
930,game_t00932,０２０：１９９７年_08：唯依と志摩子の下校　数時間後.egpack,０２０：１９９７年_08：唯依と志摩子の下校　数時間後,旁白,032B36B944984E4C416D6966CAF31C3DE6B2312A30C12E10BCD12F75B3C0ADA4,text,还是说……志摩子从一开始，就根本没想过要战胜教官……\p
931,game_t00933,０２０：１９９７年_08：唯依と志摩子の下校　数時間後.egpack,０２０：１９９７年_08：唯依と志摩子の下校　数時間後,志摩子,C37F033255FD0C0CCFDC8FD9ECDC2B8BE239AFA390DCCAB6A5311F96B1D52484,text,「唉～真不想碰上啊……」\p
932,game_t00934,０２０：１９９７年_08：唯依と志摩子の下校　数時間後.egpack,０２０：１９９７年_08：唯依と志摩子の下校　数時間後,唯依,9C7CA58EB497720A5C510841CFF180A96CDD7A9BA7FD9FEDC63EB603B37D12C7,text,「咦，碰上什么……？」\p
933,game_t00935,０２０：１９９７年_08：唯依と志摩子の下校　数時間後.egpack,０２０：１９９７年_08：唯依と志摩子の下校　数時間後,志摩子,8E47D783EBD6BAEB09282A1D8246EBED02C748AC0BCD03F79FF88151C0919725,text,「综战武的分组啊。我最不想碰上的就是山城那支小队。」\p
934,game_t00936,０２０：１９９７年_08：唯依と志摩子の下校　数時間後.egpack,０２０：１９９７年_08：唯依と志摩子の下校　数時間後,唯依,FC1BB2D07B8CA4CB833A8FC775711F88FDC75DF9188537E5BF556C9021D9D39C,text,「…\w…\w…\w…\w」\p
935,game_t00937,０２０：１９９７年_08：唯依と志摩子の下校　数時間後.egpack,０２０：１９９７年_08：唯依と志摩子の下校　数時間後,志摩子,831659BA1AE2AB85414A20F32756E44D884463155CA8DEA33F1C23FE6A6FB8DA,text,「看过那种配合以后，实在是……」\p
936,game_t00938,０２０：１９９７年_08：唯依と志摩子の下校　数時間後.egpack,０２０：１９９７年_08：唯依と志摩子の下校　数時間後,唯依,04030976318A1323013D18905973A86A960371F82B30CFD30391A73AEFD063E0,text,「……嗯。也许吧。」\p
937,game_t00939,０２０：１９９７年_08：唯依と志摩子の下校　数時間後.egpack,０２０：１９９７年_08：唯依と志摩子の下校　数時間後,旁白,5010FCD142E2C5A98C2DB68D5AC30C5F05D593D64E6D93D449F54312C095CF2E,text,……从一开始就没想过赢的人，绝不可能取得胜利。连同我的犹豫在内，今天的结果本来就是必然。\p
938,game_t00940,０２０：１９９７年_08：唯依と志摩子の下校　数時間後.egpack,０２０：１９９７年_08：唯依と志摩子の下校　数時間後,旁白,A55D475F4420F5C343B102ED4A9CD8B3FF582C2E6DA593BA24174F7EA692366D,text,我明白，装甲剑道的初级训练并不是胜负决定一切。\p
939,game_t00941,０２０：１９９７年_08：唯依と志摩子の下校　数時間後.egpack,０２０：１９９７年_08：唯依と志摩子の下校　数時間後,旁白,EABD27C210A292BA18688F0398E436AE158C01D7DC22FE366BF1010E1BFCE4A0,text,可志摩子明明也是武家之女——却让我觉得她根本不在乎这种事。\p
940,game_t00942,０２０：１９９７年_08：唯依と志摩子の下校　数時間後.egpack,０２０：１９９７年_08：唯依と志摩子の下校　数時間後,旁白,D0B22B53F175A2D2D4122DDF2DEC58E32178D3466C953AFC736D3EE0099F0531,text,如果真是这样，我们就算到了综战武……\p
941,game_t00943,０２０：１９９７年_08：唯依と志摩子の下校　数時間後.egpack,０２０：１９９７年_08：唯依と志摩子の下校　数時間後,斉藤助教,F1FDC1F2A42755165322C3890EA6522F57217019C154E8B4F6F5C44A1EEE599B,text,「——综战武不及格者将被送入再教育课程，四周后的补考若仍不及格，就会被勒令转科！」\p
942,game_t00944,０２０：１９９７年_08：唯依と志摩子の下校　数時間後.egpack,０２０：１９９７年_08：唯依と志摩子の下校　数時間後,斉藤助教,50D3DA500B4A81474E5D80F112E577AEC76D3EEC55170D1274D7A23EC0BEA2C4,text,「届时绝大多数人都会被重新分配到机械化步兵科。正因为你们偏偏拥有较高的卫士资质！」\p
943,game_t00945,０２０：１９９７年_08：唯依と志摩子の下校　数時間後.egpack,０２０：１９９７年_08：唯依と志摩子の下校　数時間後,唯依,FC1BB2D07B8CA4CB833A8FC775711F88FDC75DF9188537E5BF556C9021D9D39C,text,「…\w…\w…\w…\w」\p
944,game_t00946,０２０：１９９７年_08：唯依と志摩子の下校　数時間後.egpack,０２０：１９９７年_08：唯依と志摩子の下校　数時間後,旁白,961042C198AAD6CE04DFC71163AE1A672EC3F9E157FC2AA6ACF179BBCE3F978E,text,志摩子究竟是如何看待齐藤助教那番话的呢。\p
945,game_t00947,０２０：１９９７年_08：唯依と志摩子の下校　数時間後.egpack,０２０：１９９７年_08：唯依と志摩子の下校　数時間後,旁白,5599A0491845A2F306AC33375760C3E568F7EF6AA486FEE75743759831F8A4BE,text,她们每个人似乎都有成为卫士的愿望，可言行却常常让人感受不到这一点。\p
946,game_t00948,０２０：１９９７年_08：唯依と志摩子の下校　数時間後.egpack,０２０：１９９７年_08：唯依と志摩子の下校　数時間後,旁白,FA00939F4FE3BCB0581F61A1522DE5BE83CD4E0A23B78EA71F358CD1514A89F0,text,或许她们只是很会避开那些对自己不利的负面想法。说不定是在认定那样的现实不会发生在自己身上，故意移开视线……\p
947,game_t00949,０２０：１９９７年_08：唯依と志摩子の下校　数時間後.egpack,０２０：１９９７年_08：唯依と志摩子の下校　数時間後,志摩子,52E4E6E96BCEF5A0589814EC1422F4DF1EB966F5621FA45607D2F8250E3C263D,text,「——啊，快看唯依，说到谁谁就来！」\p
948,game_t00950,０２０：１９９７年_08：唯依と志摩子の下校　数時間後.egpack,０２０：１９９７年_08：唯依と志摩子の下校　数時間後,唯依,85B6FD648034C6E550BC387F7FFC652BC80613214C53FB6BFA5778AF7043F0C8,text,「…\w…\w？」\p
949,game_t00951,０２０：１９９７年_08：唯依と志摩子の下校　数時間後.egpack,０２０：１９９７年_08：唯依と志摩子の下校　数時間後,唯依,2B1F84BA20A86D9612A99E804FC3EEAFCA85FE26F6F15C3C3C155FA714432723,text,「……什么呀，那辆车怎么了？」\p
950,game_t00952,０２０：１９９７年_08：唯依と志摩子の下校　数時間後.egpack,０２０：１９９７年_08：唯依と志摩子の下校　数時間後,志摩子,A934C5E6D9E73EA1079CCFA38431321F1077B144945CF0B894DD3DE0247A16B5,text,「后面，后面。你看后座！」\p
951,game_t00953,０２０：１９９７年_08：唯依と志摩子の下校　数時間後.egpack,０２０：１９９７年_08：唯依と志摩子の下校　数時間後,旁白,902ADFADFAA9C0CCF11A3E0E7777453E52EC6AA7540378A916011C47119DD1AA,text,山城……\p
952,game_t00954,０２０：１９９７年_08：唯依と志摩子の下校　数時間後.egpack,０２０：１９９７年_08：唯依と志摩子の下校　数時間後,唯依,FC1BB2D07B8CA4CB833A8FC775711F88FDC75DF9188537E5BF556C9021D9D39C,text,「…\w…\w…\w…\w」\p
953,game_t00955,０２０：１９９７年_08：唯依と志摩子の下校　数時間後.egpack,０２０：１９９７年_08：唯依と志摩子の下校　数時間後,旁白,0DA7A28FFB396082E7A125F4E76B3C4D210182A8C1C450B7FAA9BC2CEF67DB5B,text,刚才的山城……究竟是怎么回事？\p
954,game_t00956,０２０：１９９７年_08：唯依と志摩子の下校　数時間後.egpack,０２０：１９９７年_08：唯依と志摩子の下校　数時間後,旁白,D35B5162AB9610EF24649594BC5C24E99F9D352FA35574D4C7C7A8D5B7C28072,text,那时，山城确实在看着我。说是在瞪我又不太对……那是一种难以言喻的复杂目光。\p
955,game_t00957,０２０：１９９７年_08：唯依と志摩子の下校　数時間後.egpack,０２０：１９９７年_08：唯依と志摩子の下校　数時間後,旁白,5B19B24B9F4CF2B135F0673A9AD8B793D2146639E12DE741F6AC6A19297807F5,text,除了事务性的通知之外，我们还一句话都没说过，几乎毫无交集。所以不该有私人恩怨。\p
956,game_t00958,０２０：１９９７年_08：唯依と志摩子の下校　数時間後.egpack,０２０：１９９７年_08：唯依と志摩子の下校　数時間後,旁白,873EB1AB7F0453FEF3B4ED7EE687CF8D41DE784EC8D5454AD62209EABD6B0E7C,text,这么说来，或许是她对篁家抱有某种想法……可那道目光，与过去投向我的敌意或恶意完全不同。\p
957,game_t00959,０２０：１９９７年_08：唯依と志摩子の下校　数時間後.egpack,０２０：１９９７年_08：唯依と志摩子の下校　数時間後,旁白,DD831F12A4ACDC1F6D4B103FA4DDA23FAF6B6E153966BF9131467384E1A9DE06,text,我还是第一次遇到那样的目光……\p
958,game_t00960,０２０：１９９７年_08：唯依と志摩子の下校　数時間後.egpack,０２０：１９９７年_08：唯依と志摩子の下校　数時間後,志摩子,71DF53C78ACF51D6ADFA78377B4C778CF6B57C41BF5B43462419D34D63610301,text,「——不过话说回来，山城坐的车看起来好贵哦～」\p
959,game_t00961,０２０：１９９７年_08：唯依と志摩子の下校　数時間後.egpack,０２０：１９９７年_08：唯依と志摩子の下校　数時間後,唯依,57562AB9FE30F43D1538A54A0E8ADB707991E1A3E77EC6C4DE283E70C6B3EED6,text,「咦……？」\p
960,game_t00962,０２０：１９９７年_08：唯依と志摩子の下校　数時間後.egpack,０２０：１９９７年_08：唯依と志摩子の下校　数時間後,志摩子,E18431719901FFE54D618B45481B8D95D7FB13375B01EF484AED06C64F8A055D,text,「——越是在这种时候，身为斯卫的一员越应以节俭为本，为国民之表率！」\p
961,game_t00963,０２０：１９９７年_08：唯依と志摩子の下校　数時間後.egpack,０２０：１９９７年_08：唯依と志摩子の下校　数時間後,唯依,473D657FAE7E77495939E178BC02D82ECDC493743790FB17306F87466740D18F,text,「喂，那是什么。难道是在模仿校长？」\p
962,game_t00964,０２０：１９９７年_08：唯依と志摩子の下校　数時間後.egpack,０２０：１９９７年_08：唯依と志摩子の下校　数時間後,志摩子,4BC53A4CC750921EC3FF46B08897607BE6CE34D06517B06AA78C91E3FB70B3AB,text,「——像吗？」\p
963,game_t00965,０２０：１９９７年_08：唯依と志摩子の下校　数時間後.egpack,０２０：１９９７年_08：唯依と志摩子の下校　数時間後,唯依,BD95F6C0AF22EF61E2A29BFDC14E3B86732FC59794629827E5F54B3F158BBB92,text,「——嗯，很普通嘛！」\p
964,game_t00966,０２０：１９９７年_08：唯依と志摩子の下校　数時間後.egpack,０２０：１９９７年_08：唯依と志摩子の下校　数時間後,唯依,1D4E1E3F9C9ED0DA18CD80F8BB5B5921DFAF58832489EF16BE2CD7EE549BEFBB,text,「哈哈哈——讨厌啦志摩子～一点也不像～」\p
965,game_t00967,０２０：１９９７年_08：唯依と志摩子の下校　数時間後.egpack,０２０：１９９７年_08：唯依と志摩子の下校　数時間後,志摩子,D8103125E1BD87E2D5718A297D5F0FDF3D22ED7F12486D9DBD3471731C03A7C0,text,「唯依你还不是——哈哈哈哈……啊！」\p
966,game_t00968,０２０：１９９７年_08：唯依と志摩子の下校　数時間後.egpack,０２０：１９９７年_08：唯依と志摩子の下校　数時間後,志摩子,7B93B60CF9A4FA88229758D0CC91E3A2F0ABC119238F866CCCB356B36583B140,text,「山城……刚才是不是生气了？她不会以为我们在嘲笑她吧？」\p
967,game_t00969,０２０：１９９７年_08：唯依と志摩子の下校　数時間後.egpack,０２０：１９９７年_08：唯依と志摩子の下校　数時間後,唯依,3EDDB6E239C0C4BCCDE77F4750631D12A9231C446F7F9FB854CDEE0A2962E6D1,text,「嗯，不知道呢……」\p
968,game_t00970,０２０：１９９７年_08：唯依と志摩子の下校　数時間後.egpack,０２０：１９９７年_08：唯依と志摩子の下校　数時間後,唯依,FC1BB2D07B8CA4CB833A8FC775711F88FDC75DF9188537E5BF556C9021D9D39C,text,「…\w…\w…\w…\w」\p
969,game_t00971,０２０：１９９７年_08：唯依と志摩子の下校　数時間後.egpack,０２０：１９９７年_08：唯依と志摩子の下校　数時間後,志摩子,E3F25DD9F1A31817EE0749A3EDAD5E0B2EE279E7BDA8A485E203226A282EE8B2,text,「……说起来，唯依的父亲还在大陆吗？」\p
970,game_t00972,０２０：１９９７年_08：唯依と志摩子の下校　数時間後.egpack,０２０：１９９７年_08：唯依と志摩子の下校　数時間後,唯依,58145040A6251FC021CE1AE20142AF9094E26BA43020990A96349FB8C2CDF7A6,text,「嗯。好像还是一直两边跑。就算回到日本，也一直待在东京。」\p
971,game_t00973,０２０：１９９７年_08：唯依と志摩子の下校　数時間後.egpack,０２０：１９９７年_08：唯依と志摩子の下校　数時間後,志摩子,31E4EF608962AE6B8E5C3441ACD66268DD6DA768F090B621399807185121A7D1,text,「唯依的父亲这么忙，传闻中的新型机也快要部署了吧？」\p
972,game_t00974,０２０：１９９７年_08：唯依と志摩子の下校　数時間後.egpack,０２０：１９９７年_08：唯依と志摩子の下校　数時間後,唯依,B90E900FCD0AF6A096DEB3A47A3FE5BD968CFE4FC122E425FE4791054EFF6427,text,「谁知道呢……是这样……吗。」\p
973,game_t00975,０２０：１９９７年_08：唯依と志摩子の下校　数時間後.egpack,０２０：１９９７年_08：唯依と志摩子の下校　数時間後,志摩子,CA5B4AEB43914A51FF1333B5D3AB83BCCE8229B9CDCFCDFAE0400E02F3466E25,text,「这也太不公平了。第三代机先是不知火，再是吹雪，全都只给帝国军部署。」\p
974,game_t00976,０２０：１９９７年_08：唯依と志摩子の下校　数時間後.egpack,０２０：１９９７年_08：唯依と志摩子の下校　数時間後,唯依,FC1BB2D07B8CA4CB833A8FC775711F88FDC75DF9188537E5BF556C9021D9D39C,text,「…\w…\w…\w…\w」\p
975,game_t00977,０２０：１９９７年_08：唯依と志摩子の下校　数時間後.egpack,０２０：１９９７年_08：唯依と志摩子の下校　数時間後,志摩子,60C4557F70876CF87B7599723BCEE8E68AF55E14D3525065C106000CD7C4C6E1,text,「既然打造出瑞鹤的唯依父亲也参与其中，它肯定会成为比不知火更厉害的机体。」\p
976,game_t00978,０２０：１９９７年_08：唯依と志摩子の下校　数時間後.egpack,０２０：１９９７年_08：唯依と志摩子の下校　数時間後,唯依,007D9E2128625D0C9D1C994DD17986C4B54DE59A378BCF21730E2279BD3B1FB6,text,「谢谢你，志摩子。可是——」\p
977,game_t00979,０２０：１９９７年_08：唯依と志摩子の下校　数時間後.egpack,０２０：１９９７年_08：唯依と志摩子の下校　数時間後,志摩子,8F7A55A934CEF3EE5A0C41F5988CD27F237B771EE88618629139392113C59D31,text,「——因为成为卫士后的唯依会驾驶它嘛。你父亲一定也想着，要把它造得特别厉害。」\p
978,game_t00980,０２０：１９９７年_08：唯依と志摩子の下校　数時間後.egpack,０２０：１９９７年_08：唯依と志摩子の下校　数時間後,旁白,D9B4A0DD3A9A98E3419385746DA0FEBF93DD61A374B9BBD7A56DCB54CBC671AE,text,父亲才不是那种人——他绝不会因私情左右开发机的性能！\p
979,game_t00981,０２０：１９９７年_08：唯依と志摩子の下校　数時間後.egpack,０２０：１９９７年_08：唯依と志摩子の下校　数時間後,唯依,3D2512C74984AA3CF381BF219993751B93F2412F38459D1F08BD1372406A6DE3,text,「对不起，志摩子。父亲在家里从不谈这种事。」\p
980,game_t00982,０２０：１９９７年_08：唯依と志摩子の下校　数時間後.egpack,０２０：１９９７年_08：唯依と志摩子の下校　数時間後,志摩子,C2193CB767B0A902BBFD82A3E7D965B7AC8A5F9C91C1A1B1DA97466F0F561D61,text,「啊，对哦。毕竟必须保守机密……」\p
981,game_t00983,０２０：１９９７年_08：唯依と志摩子の下校　数時間後.egpack,０２０：１９９７年_08：唯依と志摩子の下校　数時間後,旁白,94E5CD3C84450866135750E97141A409C156401F740B2399540337742C0BBDE8,text,我不该感到不快——志摩子并没有恶意。\p
982,game_t00984,０２０：１９９７年_08：唯依と志摩子の下校　数時間後.egpack,０２０：１９９７年_08：唯依と志摩子の下校　数時間後,志摩子,486B0776B1A6D5479A21A3720FDB83F675CE64CF3BD0E47DF0B58ADD82A6211F,text,「我真是的，只顾着自己兴奋……真的对不起。」\p
983,game_t00985,０２０：１９９７年_08：唯依と志摩子の下校　数時間後.egpack,０２０：１９９７年_08：唯依と志摩子の下校　数時間後,旁白,F9C7794A0A13BD3D81F9AFFF12B4E873AD5A3D7D363FA46F683577CCB2FE84E0,text,每建立一段新的人际关系，这种事就会重复上演。正因如此，我必须表现得自然一些……\p
984,game_t00986,０２０：１９９７年_08：唯依と志摩子の下校　数時間後.egpack,０２０：１９９７年_08：唯依と志摩子の下校　数時間後,唯依,6A5FB95C889956BDF57D3C047C25EC7BCF954DB2D55FFC88981B61BCF4E64D6D,text,「没事啦。你太夸张了，志摩子。」\p
985,game_t00987,０２０：１９９７年_08：唯依と志摩子の下校　数時間後.egpack,０２０：１９９７年_08：唯依と志摩子の下校　数時間後,志摩子,89FE7CB3D35625C7827549205CE65B0EE5BC3DB5B2EA657A78EFD8BB24005A96,text,「一遇到唯依的事，我就总觉得像是自己的事，一不小心就……」\p
986,game_t00988,０２０：１９９７年_08：唯依と志摩子の下校　数時間後.egpack,０２０：１９９７年_08：唯依と志摩子の下校　数時間後,唯依,60ED84D16D2D58DECAC306C79B9052A90DB1B05D43E33CB609E9F17F0DDB8E53,text,「谢谢。你能这么想，我很高兴。」\p
987,game_t00989,０２０：１９９７年_08：唯依と志摩子の下校　数時間後.egpack,０２０：１９９７年_08：唯依と志摩子の下校　数時間後,旁白,AF57A8BB1C967F26166E1E57F685BF712BB1FF89BF73B68826BDC9C790321279,text,“我也一样”——我应该这么说的吧。可我还不成熟……\p
988,game_t00990,０２０：１９９７年_08：唯依と志摩子の下校　数時間後.egpack,０２０：１９９７年_08：唯依と志摩子の下校　数時間後,志摩子,C3E9755ADA4670330B1DCD5A93630484FFF5B58EC002FEF2BB29872AB867EE5F,text,「对不起。该怎么说呢……因为唯依是我憧憬的人。」\p
989,game_t00991,０２０：１９９７年_08：唯依と志摩子の下校　数時間後.egpack,０２０：１９９７年_08：唯依と志摩子の下校　数時間後,唯依,57562AB9FE30F43D1538A54A0E8ADB707991E1A3E77EC6C4DE283E70C6B3EED6,text,「咦……？」\p
990,game_t00992,０２０：１９９７年_08：唯依と志摩子の下校　数時間後.egpack,０２０：１９９７年_08：唯依と志摩子の下校　数時間後,志摩子,14EAC82503A6730B2B96275BDBBDED791F30ACECAA5B55F52C148DC659B1FCDE,text,「因为唯依很厉害啊，什么都做得到。」\p
991,game_t00993,０２０：１９９７年_08：唯依と志摩子の下校　数時間後.egpack,０２０：１９９７年_08：唯依と志摩子の下校　数時間後,志摩子,EFCC47B9F6BA316B1D8150A3CF743226E3AB48AE1F5662006770D02F6E8A3489,text,「明明是谱代名门的大小姐，却一点架子也没有……还那么温柔。」\p
992,game_t00994,０２０：１９９７年_08：唯依と志摩子の下校　数時間後.egpack,０２０：１９９７年_08：唯依と志摩子の下校　数時間後,唯依,2EA04B20E29A912EDD1A25A1B85E36471854ABBC9EA31E18DDA0817CEF608685,text,「才、才没有……」\p
993,game_t00995,０２０：１９９７年_08：唯依と志摩子の下校　数時間後.egpack,０２０：１９９７年_08：唯依と志摩子の下校　数時間後,志摩子,77A60EEC452CB7552B3F8A87E37D5CC5DC7AE378CB58918817B96F9B7C9CD67D,text,「而且……明明是女孩子，却还是家族继承人——真的很了不起。」\p
994,game_t00996,０２０：１９９７年_08：唯依と志摩子の下校　数時間後.egpack,０２０：１９９７年_08：唯依と志摩子の下校　数時間後,唯依,57562AB9FE30F43D1538A54A0E8ADB707991E1A3E77EC6C4DE283E70C6B3EED6,text,「咦……？」\p
995,game_t00997,０２０：１９９７年_08：唯依と志摩子の下校　数時間後.egpack,０２０：１９９７年_08：唯依と志摩子の下校　数時間後,志摩子,651C55C8DC02B09A8980F30DD97282846118770CE4F49AE5C48A242D82911106,text,「嘿嘿嘿，说出来了……」\p
996,game_t00998,０２０：１９９７年_08：唯依と志摩子の下校　数時間後.egpack,０２０：１９９７年_08：唯依と志摩子の下校　数時間後,唯依,FC1BB2D07B8CA4CB833A8FC775711F88FDC75DF9188537E5BF556C9021D9D39C,text,「…\w…\w…\w…\w」\p
997,game_t00999,０２０：１９９７年_08：唯依と志摩子の下校　数時間後.egpack,０２０：１９９７年_08：唯依と志摩子の下校　数時間後,旁白,4557F12BCC6312648A69AC439B4B564579AEE662C6AC20F687386560246AEB14,text,“明明是女孩子”……吗。\p
998,game_t01000,０２０：１９９７年_08：唯依と志摩子の下校　数時間後.egpack,０２０：１９９７年_08：唯依と志摩子の下校　数時間後,叔父,AA04E5467C1D55638193AADBD8B615D60521F397CE094A6CB2C893DD3AB970A6,text,「——你再考虑一下吧，祐唯。让身为女子的唯依肩负篁本家的家主之责，反倒太残酷了。」\p
999,game_t01001,０２０：１９９７年_08：唯依と志摩子の下校　数時間後.egpack,０２０：１９９７年_08：唯依と志摩子の下校　数時間後,大叔父,5C7C5F42452C777C80ED655413B04C6880E7C4DA4502B8D5BC86FF4DA40E5ABC,text,「正是。女子之身若成为家主，只会平添无谓苦难。应从他家迎一名男儿，让她以姬君的身份获得幸福，这才是真正的父母之心。」\p
1000,game_t01002,０２０：１９９７年_08：唯依と志摩子の下校　数時間後.egpack,０２０：１９９７年_08：唯依と志摩子の下校　数時間後,旁白,87A51DB17BE389B4834B8E154279C3CB6D372870EC35D0AEF771FEEB5CD8867E,text,尽管社会上男女平等的呼声日益高涨，许多武家至今仍是“继承人必须由男子担任”的旧规矩占据上风——\p
1001,game_t01003,０２０：１９９７年_08：唯依と志摩子の下校　数時間後.egpack,０２０：１９９７年_08：唯依と志摩子の下校　数時間後,旁白,6C12CBFDD5C57403CCE915388B891777EFD47044348FE2A6154BA9CBE641FB90,text,篁家也不例外……\p
1002,game_t01004,０２０：１９９７年_08：唯依と志摩子の下校　数時間後.egpack,０２０：１９９７年_08：唯依と志摩子の下校　数時間後,叔父,19791EC30246D161F0248036B69954FBFE208BC155D1524F825DA3885CED527D,text,「这也不仅是为了唯依。若能迎来男孩，栴纳夫人的忧虑也能多少减轻一些。毕竟情况特殊，这也算不得辜负凤家。」\p
1003,game_t01005,０２０：１９９７年_08：唯依と志摩子の下校　数時間後.egpack,０２０：１９９７年_08：唯依と志摩子の下校　数時間後,旁白,9D9887B2EB5C540386E02A00B73D5B1AF0434E091DCFB1DE05C575E59F3F29EB,text,母亲生下我后身体受损，再也无法生育……\p
1004,game_t01006,０２０：１９９７年_08：唯依と志摩子の下校　数時間後.egpack,０２０：１９９７年_08：唯依と志摩子の下校　数時間後,旁白,AD3689A6F6042DB87D9366B800378A080C707DE3C1372F6CCD966D5D287EB796,text,可是，即便如此，父亲还是——\p
1005,game_t01007,０２０：１９９７年_08：唯依と志摩子の下校　数時間後.egpack,０２０：１９９７年_08：唯依と志摩子の下校　数時間後,父,A2793DDE9D49EC113BE8E9E84657B0C8FC8A75750B4B9001BE1FBFDE308B20D0,text,「我从来没想过另立养子——篁家的继承人就是唯依。」\p
1006,game_t01008,０２０：１９９７年_08：唯依と志摩子の下校　数時間後.egpack,０２０：１９９７年_08：唯依と志摩子の下校　数時間後,旁白,E47A3C9A592A39CAA515BCD6A2FD3E65EFC419BFBF9C3F5127A38393B1A96873,text,面对每逢有机会便提出收养之事的一众亲戚，父亲明确宣告：我就是本家的下一任家主……\p
1007,game_t01009,０２０：１９９７年_08：唯依と志摩子の下校　数時間後.egpack,０２０：１９９７年_08：唯依と志摩子の下校　数時間後,旁白,DEAB947570C4272BAFFC92BA5B25B63ACD809568A5F5AE646D1A61AB22440FEF,text,那是……父亲对我的心意，也是他深爱母亲的证明。\p
1008,game_t01010,０２０：１９９７年_08：唯依と志摩子の下校　数時間後.egpack,０２０：１９９７年_08：唯依と志摩子の下校　数時間後,旁白,7BE350145CA70870EE917D7CC8BC941AEF024D0D1CC646A23613BB7163F64B73,text,所以，我——\p
1009,game_t01011,０２０：１９９７年_08：唯依と志摩子の下校　数時間後.egpack,０２０：１９９７年_08：唯依と志摩子の下校　数時間後,旁白,2166DD4E987AF34F65B4375873745ED7EAE6FB5CFE2657531EFED5ED0EBA3B34,text,我要回应父亲和母亲的心意，向族中所有人——也向整个武家社会证明，我足以成为下一任家主。\p
1010,game_t01012,０２０：１９９７年_08：唯依と志摩子の下校　数時間後.egpack,０２０：１９９７年_08：唯依と志摩子の下校　数時間後,旁白,954DBD8493979EB4A08B873537ABA998F9CEB668A165488A818DB50C13BA86E8,text,为此，我必须尽早成为卫士，为陛下、殿下和国民效力。以篁家的矜持——“不可恃威，唯以默然践行示之”——来证明自己。这就是我的使命。\p
1011,game_t01013,０２０：１９９７年_08：唯依と志摩子の下校　数時間後.egpack,０２０：１９９７年_08：唯依と志摩子の下校　数時間後,旁白,B8361D8E62B38190EE5154AD6DE12DACD8C33C0BD2C80BE4E63400B44652C0BC,text,……可我心里总是充满犹豫。\p
1012,game_t01014,０２０：１９９７年_08：唯依と志摩子の下校　数時間後.egpack,０２０：１９９７年_08：唯依と志摩子の下校　数時間後,旁白,1BA636A1741803BAD5D81889CE4FDBAD271B2757E6F283929A89059986032567,text,明知志摩子没有恶意，我的情绪却还是会被她的一字一句牵动。\p
1013,game_t01015,０２０：１９９７年_08：唯依と志摩子の下校　数時間後.egpack,０２０：１９９７年_08：唯依と志摩子の下校　数時間後,旁白,2011D6600D442DDB0C5D5FE2A4C82CEBC026A30D5DBB83B9A4676D1479E4E2A6,text,连我自己都觉得实在没出息……\p
1014,game_t01016,０２０：１９９７年_08：唯依と志摩子の下校　数時間後.egpack,０２０：１９９７年_08：唯依と志摩子の下校　数時間後,旁白,C715379411BEBC9D719384081E8981125264A724D6B3C9D1FFF935A2340B84FF,text,虽然顺利考进了门槛极高的山百合……可我至今还没有践行过哪怕一次篁家的矜持。\p
1015,game_t01017,０２０：１９９７年_08：唯依と志摩子の下校　数時間後.egpack,０２０：１９９７年_08：唯依と志摩子の下校　数時間後,旁白,40A2E02793DCAA037CD1B89478E4D8C61C669728784EEF38902A9045D936FF34,text,我离那位大人还差得太远——不，甚至连她的影子都远远够不上。\p
1016,game_t01018,０２０：１９９７年_08：唯依と志摩子の下校　数時間後.egpack,０２０：１９９７年_08：唯依と志摩子の下校　数時間後,旁白,9EBF8F32C5BC05DC02C26F2C49FCE5835B2C0467A6597ECFDCE0A2DE50488DC1,text,拿自己与她相比，本就是不自量力，可我……想成为像她那样的人……\p
1017,game_t01019,０２０：１９９７年_08：唯依と志摩子の下校　数時間後.egpack,０２０：１９９７年_08：唯依と志摩子の下校　数時間後,志摩子,A094E7D72A6EA24E559551E2322F49E2AE6E838BF19B913FE3C1E60E288AC286,text,「……唯依？」\p
1018,game_t01020,０２０：１９９７年_08：唯依と志摩子の下校　数時間後.egpack,０２０：１９９７年_08：唯依と志摩子の下校　数時間後,唯依,A6BF97B6963D6B48AFD720D18CA4DFB04F99611EDFCC43F18D9E6374F4DED4A6,text,「谢谢你，志摩子……可是——」\p
1019,game_t01021,０２０：１９９７年_08：唯依と志摩子の下校　数時間後.egpack,０２０：１９９７年_08：唯依と志摩子の下校　数時間後,志摩子,57562AB9FE30F43D1538A54A0E8ADB707991E1A3E77EC6C4DE283E70C6B3EED6,text,「咦……？」\p
1020,game_t01022,０２０：１９９７年_08：唯依と志摩子の下校　数時間後.egpack,０２０：１９９７年_08：唯依と志摩子の下校　数時間後,唯依,0E2B7C203B81D1E2CDA5389082B45FB9CEB579C89CCC8653779402FA247B151E,text,「你有这份心意，我很高兴……但我不是值得任何人憧憬的人。」\p
1021,game_t01023,０２０：１９９７年_08：唯依と志摩子の下校　数時間後.egpack,０２０：１９９７年_08：唯依と志摩子の下校　数時間後,志摩子,38FA5B8FB7E7344BC2C7832510F712146046A307BFD775E4FF309C5DDD41E6AA,text,「诶～才没有，唯依你明明——」\p
1022,game_t01024,０２０：１９９７年_08：唯依と志摩子の下校　数時間後.egpack,０２０：１９９７年_08：唯依と志摩子の下校　数時間後,唯依,2B63677F4B8A579AE901873BE1990D320ABB1902F26A31C0CD56342EA074CEE8,text,「不，我还差得远。正因为我认识真正了不起的人，才更觉得自己根本不行。」\p
1023,game_t01025,０２０：１９９７年_08：唯依と志摩子の下校　数時間後.egpack,０２０：１９９７年_08：唯依と志摩子の下校　数時間後,志摩子,EE50FB4EBCEA1DB6FADC9125CB73481F78D0328BC4CE74EA2F612EB26384A658,text,「是吗～我觉得才不是呢。不过，既然连唯依都这么尊敬她，那个人肯定真的很了不起。」\p
1024,game_t01026,０２０：１９９７年_08：唯依と志摩子の下校　数時間後.egpack,０２０：１９９７年_08：唯依と志摩子の下校　数時間後,唯依,BB30F0BD0C933741FB56365FAB3CD64B1FA581878B77D63F0B3D26073F78B97F,text,「嗯……」\p
1025,game_t01027,０２０：１９９７年_08：唯依と志摩子の下校　数時間後.egpack,０２０：１９９７年_08：唯依と志摩子の下校　数時間後,旁白,7EE94A28A70B011CBBA97D227BC26E61818240B8F6600EC1F48D33D948A94D8F,text,恭子大人……\p
1026,game_t01028,０２０：１９９７年_08：唯依と志摩子の下校　数時間後.egpack,０２０：１９９７年_08：唯依と志摩子の下校　数時間後,志摩子,9B8F8C71D9B86A4112AB1474E5105EA2D167A96AECE1814FB8FD0FD4725029F1,text,「那个人就是唯依所憧憬的人吧？」\p
1027,game_t01029,０２０：１９９７年_08：唯依と志摩子の下校　数時間後.egpack,０２０：１９９７年_08：唯依と志摩子の下校　数時間後,唯依,B4BF5BF0AD15CB3F4BFF18465AD9185488D88E97D3FF75A26DCCC41B537AD238,text,「嗯……是啊。志摩子说得没错。我的确很憧憬她。」\p
1028,game_t01030,０２０：１９９７年_08：唯依と志摩子の下校　数時間後.egpack,０２０：１９９７年_08：唯依と志摩子の下校　数時間後,志摩子,9DAE611D3D537A0ED4E9C5303D5B02E0AAA91936D2E59B3F1A349A9E40ED22B0,text,「她是什么样的人？难道……是男人？」\p
1029,game_t01031,０２０：１９９７年_08：唯依と志摩子の下校　数時間後.egpack,０２０：１９９７年_08：唯依と志摩子の下校　数時間後,唯依,C97BAC2DA43980A87DD9C2F7EBA0353C200312CD720FCFDF698380926553D027,text,「不是。她是母亲的表亲，从我小时候起就像疼爱妹妹一样疼爱我……」\p
1030,game_t01032,０２０：１９９７年_08：唯依と志摩子の下校　数時間後.egpack,０２０：１９９７年_08：唯依と志摩子の下校　数時間後,唯依,BE4C95D37A6E6CFBC0BB23C8A019644C24BE29B7816A55CCC4E75630FAB6C1D4,text,「明明只比我大三岁，却无比优雅、端庄而高贵……同时又那么温柔美丽……」\p
1031,game_t01033,０２０：１９９７年_08：唯依と志摩子の下校　数時間後.egpack,０２０：１９９７年_08：唯依と志摩子の下校　数時間後,唯依,E049B3FA8D34160AFC159DB46CB09AEE5F7120AC68CAF21C7AB6A82C190CE93A,text,「她身份极为尊贵，却总是亲切地待我。她说，因为我母亲曾经很照顾她。」\p
1032,game_t01034,０２０：１９９７年_08：唯依と志摩子の下校　数時間後.egpack,０２０：１９９７年_08：唯依と志摩子の下校　数時間後,志摩子,F8D8597F158789BB0A5B40EA8189C686DE47DA0F448C50579B19246E2A7FF7E6,text,「天啊，太棒了……」\p
1033,game_t01035,０２０：１９９７年_08：唯依と志摩子の下校　数時間後.egpack,０２０：１９９７年_08：唯依と志摩子の下校　数時間後,唯依,CF3F48014F9C49C53CBE2031C57B381DD9B909BD7FFA5EEDFD441BACDDF81CB0,text,「她也是家主第一顺位继承人。所以总会挂念处境相同的我……」\p
1034,game_t01036,０２０：１９９７年_08：唯依と志摩子の下校　数時間後.egpack,０２０：１９９７年_08：唯依と志摩子の下校　数時間後,志摩子,DA8C626DD846B86AD75F32AEF0B1DA38CA90C80FB98FFE42A7986135EAA170E0,text,「啊～那唯依绝对会憧憬她嘛～」\p
1035,game_t01037,０２０：１９９７年_08：唯依と志摩子の下校　数時間後.egpack,０２０：１９９７年_08：唯依と志摩子の下校　数時間後,志摩子,A095CB350E8A1F6ABE0377E4E7BD7CB649EF355D881364BD2B9B23A713EA382B,text,「待人不分贵贱，凛然、温柔，还是继承人……全都和唯依一样呢！」\p
1036,game_t01038,０２０：１９９７年_08：唯依と志摩子の下校　数時間後.egpack,０２０：１９９７年_08：唯依と志摩子の下校　数時間後,唯依,62A8669D34FC1E8222C9B272A98F16E00FB7107620FFFD7D81201674656BD2AA,text,「哪、哪有……！只是恰好条件有点相似……！」\p
1037,game_t01039,０２０：１９９７年_08：唯依と志摩子の下校　数時間後.egpack,０２０：１９９７年_08：唯依と志摩子の下校　数時間後,旁白,9BC3F6AE216BA4EF3001B840D7B75700405F836577975303B4E51517ED2175B9,text,是啊……正因为如此，我才憧憬她。\p
1038,game_t01040,０２０：１９９７年_08：唯依と志摩子の下校　数時間後.egpack,０２０：１９９７年_08：唯依と志摩子の下校　数時間後,旁白,01D2FCF3B9405D31CC7A0BF2CDC1DD408C91DBBDF872ABA2DA3175C51B3F1CC5,text,她和我完全不同……能够出色地担任统领帝国武家的五摄家之一的家主……\p
1039,game_t01041,０２０：１９９７年_08：唯依と志摩子の下校　数時間後.egpack,０２０：１９９７年_08：唯依と志摩子の下校　数時間後,志摩子,2520903A78EA96A9BFC6DAFD7CBEEB1217FD8E6F82344914AC8D8412AD37B799,text,「……这下你明白了吧？明白我憧憬唯依的心情。」\p
1040,game_t01042,０２０：１９９７年_08：唯依と志摩子の下校　数時間後.egpack,０２０：１９９７年_08：唯依と志摩子の下校　数時間後,唯依,41F6A397CF999A5D02F91F79167C3E3C7A606463CAD20B488160BA16A6EBFE4E,text,「——咦？」\p
1041,game_t01043,０２０：１９９７年_08：唯依と志摩子の下校　数時間後.egpack,０２０：１９９７年_08：唯依と志摩子の下校　数時間後,志摩子,E05E5D4DD243B6617C85333E500EA66DACE7A01B3C8B7129578137F5475FC213,text,「和唯依对那位大人的憧憬是一样的哦。」\p
1042,game_t01044,０２０：１９９７年_08：唯依と志摩子の下校　数時間後.egpack,０２０：１９９７年_08：唯依と志摩子の下校　数時間後,唯依,5FC433D97D5B4C7D4C6AA3BB96F17E3225EA85D71B6E790E41F4AF7A1CBBDD06,text,「——不，所以说，和恭子大人相比，我根本就——」\p
1043,game_t01045,０２０：１９９７年_08：唯依と志摩子の下校　数時間後.egpack,０２０：１９９７年_08：唯依と志摩子の下校　数時間後,志摩子,0E166FF0CFB094DF760E621F5BCCA912D67B67817E3BF3557DB296BDAB758E16,text,「咦……？！」\p
1044,game_t01046,０２０：１９９７年_08：唯依と志摩子の下校　数時間後.egpack,０２０：１９９７年_08：唯依と志摩子の下校　数時間後,旁白,F1CFC877AB06D2E3B1E593DBEE092B962146233C77413166C1C453DED2456571,text,——啊！！\p
1045,game_t01047,０２０：１９９７年_08：唯依と志摩子の下校　数時間後.egpack,０２０：１９９７年_08：唯依と志摩子の下校　数時間後,唯依,FC1BB2D07B8CA4CB833A8FC775711F88FDC75DF9188537E5BF556C9021D9D39C,text,「…\w…\w…\w…\w」\p
1046,game_t01048,０２０：１９９７年_08：唯依と志摩子の下校　数時間後.egpack,０２０：１９９７年_08：唯依と志摩子の下校　数時間後,旁白,E58F3C967563E2133B612C92C2A3D63894ED712B5242205D6808130F9CC3BB1A,text,糟了……一不小心放松警惕——\p
1047,game_t01049,０２０：１９９７年_08：唯依と志摩子の下校　数時間後.egpack,０２０：１９９７年_08：唯依と志摩子の下校　数時間後,志摩子,EC00CA3FE9DAE23346272A0D5382F3A64F6F7BD96DBFC22193DE32320B5E139E,text,「那个……唯依……？」\p
1048,game_t01050,０２０：１９９７年_08：唯依と志摩子の下校　数時間後.egpack,０２０：１９９７年_08：唯依と志摩子の下校　数時間後,唯依,EDCE2B8F6B53519E0B2476C81613329BAF3F786AE31798CFB3397AC0FBE3D1F4,text,「什、什么……？」\p
1049,game_t01051,０２０：１９９７年_08：唯依と志摩子の下校　数時間後.egpack,０２０：１９９７年_08：唯依と志摩子の下校　数時間後,志摩子,9993F14C4FC8CC370FF78FFC784D32C40D92681ABE8C1C4C1D0505369987C520,text,「你说的恭子大人……难道是那位‘鬼姬’——崇宰恭子大人……？」\p
1050,game_t01052,０２０：１９９７年_08：唯依と志摩子の下校　数時間後.egpack,０２０：１９９７年_08：唯依と志摩子の下校　数時間後,唯依,8AA4E39558298475CF8E488716CC97384D381B38B91FD4761A7509BA57B89EE6,text,「咦……啊、啊……嗯……」\p
1051,game_t01053,０２０：１９９７年_08：唯依と志摩子の下校　数時間後.egpack,０２０：１９９７年_08：唯依と志摩子の下校　数時間後,志摩子,71D5C63D8AB42130286EEB2D2654BD3BE9D51BEB297991CBC1892E47F4E94A1A,text,「——好厉害……！太厉害了！唯依原来和崇宰家有亲缘关系吗！？」\p
1052,game_t01054,０２０：１９９７年_08：唯依と志摩子の下校　数時間後.egpack,０２０：１９９７年_08：唯依と志摩子の下校　数時間後,唯依,446CED43A5F5CE64BC0B03E3D83A339BB9A9660FF8F51F5DFBE45D388B1EAC0B,text,「啊……嗯、嗯……」\p
1053,game_t01055,０２０：１９９７年_08：唯依と志摩子の下校　数時間後.egpack,０２０：１９９７年_08：唯依と志摩子の下校　数時間後,旁白,99B7C67AB2B09973A6BE777CA20FF1E1557AA674DD215DC3A0B098D0147B3A3D,text,我怎么会犯下这种大错……！！竟然因为对志摩子心生依赖，就说漏了嘴……！！\p
1054,game_t01056,０２０：１９９７年_08：唯依と志摩子の下校　数時間後.egpack,０２０：１９９７年_08：唯依と志摩子の下校　数時間後,旁白,AD5A32506411D6DB9FDF7247672B98480233A849197D87896F594157E5A5133B,text,怎、怎么办……\p
1055,game_t01057,０２０：１９９７年_08：唯依と志摩子の下校　数時間後.egpack,０２０：１９９７年_08：唯依と志摩子の下校　数時間後,唯依,4F59D7B46A8FFEF9FB91D64991C76BA99B52ED452076326C68A18AD51816A8C8,text,「那个，志摩子……拜托你，别告诉任何人。」\p
1056,game_t01058,０２０：１９９７年_08：唯依と志摩子の下校　数時間後.egpack,０２０：１９９７年_08：唯依と志摩子の下校　数時間後,志摩子,41F6A397CF999A5D02F91F79167C3E3C7A606463CAD20B488160BA16A6EBFE4E,text,「——咦？」\p
1057,game_t01059,０２０：１９９７年_08：唯依と志摩子の下校　数時間後.egpack,０２０：１９９７年_08：唯依と志摩子の下校　数時間後,唯依,07549F64C23EDC7AE95A3AC94B60AE589E0BC3938DC8CBAC076AC09CFEF44017,text,「我不想把事情闹大，而且也会给恭子大人添麻烦。」\p
1058,game_t01060,０２０：１９９７年_08：唯依と志摩子の下校　数時間後.egpack,０２０：１９９７年_08：唯依と志摩子の下校　数時間後,志摩子,C9CAE910B9898D7D6B7CCAE29487933B3EABE445556AC7B610EE16C0DB48699A,text,「——嗯，我明白了！这是只属于我们两个人的秘密，对吧！？」\p
1059,game_t01061,０２０：１９９７年_08：唯依と志摩子の下校　数時間後.egpack,０２０：１９９７年_08：唯依と志摩子の下校　数時間後,唯依,FC1BB2D07B8CA4CB833A8FC775711F88FDC75DF9188537E5BF556C9021D9D39C,text,「…\w…\w…\w…\w」\p
1060,game_t01062,０２０：１９９７年_08：唯依と志摩子の下校　数時間後.egpack,０２０：１９９７年_08：唯依と志摩子の下校　数時間後,旁白,C989FBE63D2B0F41F70CC8B048102246184E619B0B3138AC521FBCCD542C93B0,text,我……真是差劲透了……\p
1061,game_t01063,０２０：１９９７年_08：唯依と志摩子の下校　数時間後.egpack,０２０：１９９７年_08：唯依と志摩子の下校　数時間後,唯依,FC1BB2D07B8CA4CB833A8FC775711F88FDC75DF9188537E5BF556C9021D9D39C,text,「…\w…\w…\w…\w」\p
1062,game_t01064,０２０：１９９７年_09：篁邸　夜　恭子・母回想.egpack,０２０：１９９７年_09：篁邸　夜　恭子・母回想,唯依,FC1BB2D07B8CA4CB833A8FC775711F88FDC75DF9188537E5BF556C9021D9D39C,text,「…\w…\w…\w…\w」\p
1063,game_t01065,０２０：１９９７年_09：篁邸　夜　恭子・母回想.egpack,０２０：１９９７年_09：篁邸　夜　恭子・母回想,唯依,2053E0D61765385A1FBE45CD873504C8DF346BBAB2CF69E561696055E44996D9,text,「唉～～……今天到底是什么日子啊……」\p
1064,game_t01066,０２０：１９９７年_09：篁邸　夜　恭子・母回想.egpack,０２０：１９９７年_09：篁邸　夜　恭子・母回想,唯依,FC1BB2D07B8CA4CB833A8FC775711F88FDC75DF9188537E5BF556C9021D9D39C,text,「…\w…\w…\w…\w」\p
1065,game_t01067,０２０：１９９７年_09：篁邸　夜　恭子・母回想.egpack,０２０：１９９７年_09：篁邸　夜　恭子・母回想,唯依,FC1BB2D07B8CA4CB833A8FC775711F88FDC75DF9188537E5BF556C9021D9D39C,text,「…\w…\w…\w…\w」\p
1066,game_t01068,０２０：１９９７年_09：篁邸　夜　恭子・母回想.egpack,０２０：１９９７年_09：篁邸　夜　恭子・母回想,旁白,8E64D0D7FE698FEBDCCD387A3F685EF892DE2078F0A8547ADB75FF4F3B19E076,text,从早上起心情就很糟，之后又发生太多事……真的累死了……\p
1067,game_t01069,０２０：１９９７年_09：篁邸　夜　恭子・母回想.egpack,０２０：１９９７年_09：篁邸　夜　恭子・母回想,旁白,2D05AC276FCE5105D62FD9E6FB49B4733F25A703AEFCDDB9DA22211319588AD2,text,每去训练学校一天，我都会觉得事情不该是这样，心里仿佛有什么被一点点磨掉。\p
1068,game_t01070,０２０：１９９７年_09：篁邸　夜　恭子・母回想.egpack,０２０：１９９７年_09：篁邸　夜　恭子・母回想,旁白,612364158D68B0D832A6E86E7FF0BD3A149F9087E942E30AD35342A614FCF308,text,可与此同时，自我厌恶却越积越深……\p
1069,game_t01071,０２０：１９９７年_09：篁邸　夜　恭子・母回想.egpack,０２０：１９９７年_09：篁邸　夜　恭子・母回想,旁白,FDF18652A924DAFAFF0D0B3898061EFA616233F711BB63F29776A647E7F64DE2,text,唉……糟透了……我怎么就说漏嘴了……\p
1070,game_t01072,０２０：１９９７年_09：篁邸　夜　恭子・母回想.egpack,０２０：１９９７年_09：篁邸　夜　恭子・母回想,旁白,65A858AA94A72F66001A7334DEA843EEC8949CECCA1B2111863B08C5AF221ED4,text,我根本没过脑子就说出了恭子大人的名字。直到志摩子反问，我自己都没意识到。\p
1071,game_t01073,０２０：１９９７年_09：篁邸　夜　恭子・母回想.egpack,０２０：１９９７年_09：篁邸　夜　恭子・母回想,旁白,7A04B92F2ED3770FAE506ED382F618746CA49DF106ACDBDA25C2EB893EDD24FA,text,我……应该是太高兴了吧……\p
1072,game_t01074,０２０：１９９７年_09：篁邸　夜　恭子・母回想.egpack,０２０：１９９７年_09：篁邸　夜　恭子・母回想,旁白,507543E6E9FB6D17A3A7C0295F37425211D474A228C1253839DCE12A4F56B069,text,说了改换家格的事以后，大家的态度却完全没变……我真的很高兴。\p
1073,game_t01075,０２０：１９９７年_09：篁邸　夜　恭子・母回想.egpack,０２０：１９９７年_09：篁邸　夜　恭子・母回想,旁白,BCC58C32BC63C2CA47275B3A293EBEE7FD4ADCD62B2864E7A6F878DCEF2FD1B7,text,所以才高兴过头，忘乎所以……\p
1074,game_t01076,０２０：１９９７年_09：篁邸　夜　恭子・母回想.egpack,０２０：１９９７年_09：篁邸　夜　恭子・母回想,旁白,970B7F3445670F890566A803A958E9518F26C6F51D341E4693381D38E1CC827C,text,我擅自认定小队里所有人都接纳了我……又因为志摩子恪守家格秩序，就理所当然地依赖起她来……\p
1075,game_t01077,０２０：１９９７年_09：篁邸　夜　恭子・母回想.egpack,０２０：１９９７年_09：篁邸　夜　恭子・母回想,旁白,19D3EC854409511F736FC8BCA0EF6D97DDAB44C8B5E09C45B0F9DF53DA4EF082,text,明明一切还未可知。明天走进教室时，就算所有人的眼神都变了，也不奇怪。\p
1076,game_t01078,０２０：１９９７年_09：篁邸　夜　恭子・母回想.egpack,０２０：１９９７年_09：篁邸　夜　恭子・母回想,唯依,FC1BB2D07B8CA4CB833A8FC775711F88FDC75DF9188537E5BF556C9021D9D39C,text,「…\w…\w…\w…\w」\p
1077,game_t01079,０２０：１９９７年_09：篁邸　夜　恭子・母回想.egpack,０２０：１９９７年_09：篁邸　夜　恭子・母回想,旁白,1E327C278A106DF61DCB89B4B6C410CA0EDEE52D1D954D6722DCA43D9BBC7604,text,从小到大，我在学校里听过各种闲言碎语。即便如此，篁家承受的压力应该还是比父亲那一代轻多了。\p
1078,game_t01080,０２０：１９９７年_09：篁邸　夜　恭子・母回想.egpack,０２０：１９９７年_09：篁邸　夜　恭子・母回想,旁白,463BA0FC531EB56A8534AC86565CF3C5F29F84102E921098E9842EB428EF8441,text,可在山百合，还没有人对我说过一句难听的话。明明只要调查，任何人都能知道那些事。\p
1079,game_t01081,０２０：１９９７年_09：篁邸　夜　恭子・母回想.egpack,０２０：１９９７年_09：篁邸　夜　恭子・母回想,旁白,BFC6A8977BB98C6782FB6DE63EEEF5B5A0A9F94FAE879A2B2A93D2ED6286EF52,text,关于篁家的恶评——我想它确实正在被人遗忘。\p
1080,game_t01082,０２０：１９９７年_09：篁邸　夜　恭子・母回想.egpack,０２０：１９９７年_09：篁邸　夜　恭子・母回想,旁白,BFB47317D3325CA00453238D30FCB0C2BFC9D7E871B4F11CCF5C34CC15227470,text,说到底，那些事太久远了，或许已经无法引起年轻人的兴趣。\p
1081,game_t01083,０２０：１９９７年_09：篁邸　夜　恭子・母回想.egpack,０２０：１９９７年_09：篁邸　夜　恭子・母回想,唯依,FC1BB2D07B8CA4CB833A8FC775711F88FDC75DF9188537E5BF556C9021D9D39C,text,「…\w…\w…\w…\w」\p
1082,game_t01084,０２０：１９９７年_09：篁邸　夜　恭子・母回想.egpack,０２０：１９９７年_09：篁邸　夜　恭子・母回想,旁白,45AFBF4F343CD2947962F97622A0E9D334202A611A147608BDC76A02CFDACE2F,text,可是，恭子大人不同——\p
1083,game_t01085,０２０：１９９７年_09：篁邸　夜　恭子・母回想.egpack,０２０：１９９７年_09：篁邸　夜　恭子・母回想,旁白,24704D0EE12789FF35D17077A60EE931C5F92AFD5F0BD2CF1C40CBA1975798DC,text,君临帝国武家顶点的五摄家之一——崇宰家。\p
1084,game_t01086,０２０：１９９７年_09：篁邸　夜　恭子・母回想.egpack,０２０：１９９７年_09：篁邸　夜　恭子・母回想,旁白,0A3AC5D1E7BF2E1D46E10A7FB8183C587A48D4FCA9D1922FA315270191B59B1B,text,提起崇宰家年轻的女性家主第一顺位继承人——崇宰恭子，就连四处搜罗斯卫丑闻的娱乐媒体，也会热炒她究竟将成为下一任家主还是将军。她就是这样一位国民偶像。\p
1085,game_t01087,０２０：１９９７年_09：篁邸　夜　恭子・母回想.egpack,０２０：１９９７年_09：篁邸　夜　恭子・母回想,旁白,B0EAD9E38FECE6216E7BE208618A756BD716035C0641EB60BD6F86F4014A5844,text,即便不提这些，“崇宰血脉”这一家系本身就十分特殊，无论哪个世代，都很容易成为羡慕与嫉妒的目标。\p
1086,game_t01088,０２０：１９９７年_09：篁邸　夜　恭子・母回想.egpack,０２０：１９９７年_09：篁邸　夜　恭子・母回想,旁白,B8F2E01B326D9268858CBA0674A265E5C5560E95C7805E6D0D56DD5F009CAE1A,text,更何况恭子大人还是我的表姨……对本就容易招人侧目的篁家人来说，这绝不是可以拿来炫耀的事……\p
1087,game_t01089,０２０：１９９７年_09：篁邸　夜　恭子・母回想.egpack,０２０：１９９７年_09：篁邸　夜　恭子・母回想,唯依,FC1BB2D07B8CA4CB833A8FC775711F88FDC75DF9188537E5BF556C9021D9D39C,text,「…\w…\w…\w…\w」\p
1088,game_t01090,０２０：１９９７年_09：篁邸　夜　恭子・母回想.egpack,０２０：１９９７年_09：篁邸　夜　恭子・母回想,旁白,E84093DB84F533CD9ED4A4E6DF56558E5BDBD6800C9A0A3A54E0764035322704,text,明明进入山百合之前，母亲就再三告诫过我……\p
1089,game_t01091,０２０：１９９７年_09：篁邸　夜　恭子・母回想.egpack,０２０：１９９７年_09：篁邸　夜　恭子・母回想,栴納,C3C47379D8D229C26C6E019E58DC9B93FA43BA6DC1042D18F6A6ADAC26E5D448,text,「——在你进入卫士训练学校之前，唯依，有些话我想嘱咐你。」\p
1090,game_t01092,０２０：１９９７年_09：篁邸　夜　恭子・母回想.egpack,０２０：１９９７年_09：篁邸　夜　恭子・母回想,栴納,B21F09ACE271D31BB164897C9B7175271E9CDD83F9372BF4B88FB26A5C2027D3,text,「我想你自己已经深有体会，但世上仍有人诋毁篁家，说我们得到了与自身不相称的家格。」\p
1091,game_t01093,０２０：１９９７年_09：篁邸　夜　恭子・母回想.egpack,０２０：１９９７年_09：篁邸　夜　恭子・母回想,唯依,D27B9542E1895D39A7717C47EDD387D7A8DAF5C3701ED353EDB2B9E670CD2B96,text,「是，母亲。我知道。」\p
1092,game_t01094,０２０：１９９７年_09：篁邸　夜　恭子・母回想.egpack,０２０：１９９７年_09：篁邸　夜　恭子・母回想,栴納,0A6E8D9010A68C194D9DCBB26CC1B36AB9D5D7EB2DF6C37CADD387D44F714DBD,text,「先代蒙赐改列谱代，并非凭武勋而获得的破格晋升，因此在武家社会引发了许多怨恨与摩擦。」\p
1093,game_t01095,０２０：１９９７年_09：篁邸　夜　恭子・母回想.egpack,０２０：１９９７年_09：篁邸　夜　恭子・母回想,栴納,6B47663E3288BFF03A3C3825AC3D27D6DB6C01E34407D8767C4AF7B677A69E47,text,「据说上上代家主、如今隐居的前代家主，还有你父亲年轻时，都曾遭到谱代与外样双方极其严酷的刁难。」\p
1094,game_t01096,０２０：１９９７年_09：篁邸　夜　恭子・母回想.egpack,０２０：１９９７年_09：篁邸　夜　恭子・母回想,栴納,D70942BCD8AF3396A008571E63C0FA6B4C9E626EAFDEB2FAC6F2A3D9EB85E215,text,「但随着时间推移，曾一度趋于平息的怨火，却因与五摄家之一——崇宰家的分家亲藩凤家联姻而再次被浇了一把油。」\p
1095,game_t01097,０２０：１９９７年_09：篁邸　夜　恭子・母回想.egpack,０２０：１９９７年_09：篁邸　夜　恭子・母回想,唯依,FC1BB2D07B8CA4CB833A8FC775711F88FDC75DF9188537E5BF556C9021D9D39C,text,「…\w…\w…\w…\w」\p
1096,game_t01098,０２０：１９９７年_09：篁邸　夜　恭子・母回想.egpack,０２０：１９９７年_09：篁邸　夜　恭子・母回想,栴納,7D9BC6AD378D3EE159A54D009E1AD070CD0F83DDC82BCDCA6C8EB3A7A301B4BA,text,「五摄家位居武家顶点，代皇帝陛下全权处理国事的政威大将军，历来由五家轮流出任。」\p
1097,game_t01099,０２０：１９９７年_09：篁邸　夜　恭子・母回想.egpack,０２０：１９９７年_09：篁邸　夜　恭子・母回想,栴納,629F0241557A10E56D8BD84E300A732C2758ADCFB0A4B9A182CE673D38BEF1D3,text,「虽说这桩婚事有崇宰家居中说合，但与凤家在家格上相差甚远的篁家，竟能迎娶五摄家直系凤家的女儿，已经足以引来世人瞩目。」\p
1098,game_t01100,０２０：１９９７年_09：篁邸　夜　恭子・母回想.egpack,０２０：１９９７年_09：篁邸　夜　恭子・母回想,栴納,7D1E2C97C1FB2B0A68609D9A2DABB0DFC7239AC287BD189DF60952BB06E300FB,text,「娱乐媒体恶意揣测这是篁家的野心，是露骨的政治联姻；被报道煽动的大众，以及对改换家格怀恨在心的诸武家，都对我们施加了相当大的压力。」\p
1099,game_t01101,０２０：１９９７年_09：篁邸　夜　恭子・母回想.egpack,０２０：１９９７年_09：篁邸　夜　恭子・母回想,栴納,DCE61D00F17E059B158545E71283B40D13AABD1FA619B06C9A1AB01B6E43C8DD,text,「这些影响也以各种形式给年幼的你蒙上阴影。若非生于武家，你本可以不必忍受这些无理的对待，也照样生活下去。」\p
1100,game_t01102,０２０：１９９７年_09：篁邸　夜　恭子・母回想.egpack,０２０：１９９７年_09：篁邸　夜　恭子・母回想,栴納,FEF1F634A480D20A8D1DB2B4AEE8D417C8F48B6BE7CCCD6F80B3F413AF167D65,text,「但我虽怜惜你，却不打算为加诸于你的宿命道歉。因为你也是值得骄傲的篁家之女。」\p
1101,game_t01103,０２０：１９９７年_09：篁邸　夜　恭子・母回想.egpack,０２０：１９９７年_09：篁邸　夜　恭子・母回想,栴納,A705AAC63CE9805F3C8DA7ABE97A63E6D26CD8EBFD73A8DB1A76D1420E16B53D,text,「而且，既然已被指定为下一任家主，就绝不允许你逃避肩上的使命。」\p
1102,game_t01104,０２０：１９９７年_09：篁邸　夜　恭子・母回想.egpack,０２０：１９９７年_09：篁邸　夜　恭子・母回想,唯依,26CE63BC42F5E6C16C75D1DDC5422332CAC31B09C8AA3AD68DA323C8100F91B9,text,「是，母亲——我全都明白。」\p
1103,game_t01105,０２０：１９９７年_09：篁邸　夜　恭子・母回想.egpack,０２０：１９９７年_09：篁邸　夜　恭子・母回想,栴納,186ACBF34CB84586FC31EFD6FDD679480E2E0A8FBB50AA2CA2655D1CBE9E1F84,text,「今后你前进的道路上，会有比过去更多的苦难等待着你。而那些艰辛，都必须由你独自击破。」\p
1104,game_t01106,０２０：１９９７年_09：篁邸　夜　恭子・母回想.egpack,０２０：１９９７年_09：篁邸　夜　恭子・母回想,唯依,198EA5B056DA2D858B6F37B8C4790ED7D2AC1CBF3F76D234B1258A280464D94A,text,「……是。」\p
1105,game_t01107,０２０：１９９７年_09：篁邸　夜　恭子・母回想.egpack,０２０：１９９７年_09：篁邸　夜　恭子・母回想,栴納,59EBEBE63A7C1384040E17A18F907EF7B9C6ED692353D3C0C7978DBE004E57CF,text,「那种时候，就堂堂正正地走下去。将篁家的骄傲铭记于心，走在正道之上。」\p
1106,game_t01108,０２０：１９９７年_09：篁邸　夜　恭子・母回想.egpack,０２０：１９９７年_09：篁邸　夜　恭子・母回想,唯依,277CEEC9349CCDE806F4C4B1082A3020AC0071456EEA9A00CF0C04357A2400AF,text,「篁家的……正道……！」\p
1107,game_t01109,０２０：１９９７年_09：篁邸　夜　恭子・母回想.egpack,０２０：１９９７年_09：篁邸　夜　恭子・母回想,栴納,57D66C1883EAE1C568241226C45D5D6197ECAEB4A9D13A768F3650D463D116B2,text,「正是。篁家代代相传的矜持——不可恃威，唯以默然践行示之。」\p
1108,game_t01110,０２０：１９９７年_09：篁邸　夜　恭子・母回想.egpack,０２０：１９９７年_09：篁邸　夜　恭子・母回想,唯依,84BFE89C679C1729BC5BA5EC1A46B0CD7B8B0C7E94D84B9E90A092C61FBBA6E1,text,「不可恃威，唯以默然践行示之……」\p
1109,game_t01111,０２０：１９９７年_09：篁邸　夜　恭子・母回想.egpack,０２０：１９９７年_09：篁邸　夜　恭子・母回想,栴納,318663A57017FA8A6ED00AAB5875813A78E156AEBD5301D48DB4868393BCA2FF,text,「历代篁家家主，无论遭受何等无端诽谤、卑劣中伤，都绝不以言辞或武力反击——」\p
1110,game_t01112,０２０：１９９７年_09：篁邸　夜　恭子・母回想.egpack,０２０：１９９７年_09：篁邸　夜　恭子・母回想,栴納,C3B785D54DA47B48C755D0B843F71E95E95B916DD97FDB61A802C6AE1224A5D1,text,「只是默默坚守打造兵器之道，只靠不断积累嘉奖与功勋，持续赢得与家格相称的信任。」\p
1111,game_t01113,０２０：１９９７年_09：篁邸　夜　恭子・母回想.egpack,０２０：１９９７年_09：篁邸　夜　恭子・母回想,唯依,A5C06EB2E82F655B60DE01CF4CD39FF6AAEF04B0B2B6359EA77355334D3DA234,text,「是。」\p
1112,game_t01114,０２０：１９９７年_09：篁邸　夜　恭子・母回想.egpack,０２０：１９９７年_09：篁邸　夜　恭子・母回想,栴納,CA7E6BD52D6E374359603A6462E96D20F67AC48400EA427842977F23AAB63E6D,text,「你今后要走的道路，要由你亲自凭篁家的矜持一步步踏出来。」\p
1113,game_t01115,０２０：１９９７年_09：篁邸　夜　恭子・母回想.egpack,０２０：１９９７年_09：篁邸　夜　恭子・母回想,唯依,02CCA4CCB7296A93A0F79657EE5B8263B653679CD8949A935AA0371E2B996703,text,「是，母亲。」\p
1114,game_t01116,０２０：１９９７年_09：篁邸　夜　恭子・母回想.egpack,０２０：１９９７年_09：篁邸　夜　恭子・母回想,栴納,829F3E91F096EF978715532D130E2232D4658CE4608120606F66D9013B750E6F,text,「山百合女子卫士训练学校，是斯卫俊才汇聚的名校。」\p
1115,game_t01117,０２０：１９９７年_09：篁邸　夜　恭子・母回想.egpack,０２０：１９９７年_09：篁邸　夜　恭子・母回想,唯依,FC1BB2D07B8CA4CB833A8FC775711F88FDC75DF9188537E5BF556C9021D9D39C,text,「…\w…\w…\w…\w」\p
1116,game_t01118,０２０：１９９７年_09：篁邸　夜　恭子・母回想.egpack,０２０：１９９７年_09：篁邸　夜　恭子・母回想,栴納,95916C96D9B5F002C63DEE47DF225C59A0933C04AEA06195F41366ECB8B8E71D,text,「谱代武家篁家的一举一动——你要明白，始终有人注视着。」\p
1117,game_t01119,０２０：１９９７年_09：篁邸　夜　恭子・母回想.egpack,０２０：１９９７年_09：篁邸　夜　恭子・母回想,唯依,D8603FEB274E15E957F059D686ED185F6D284AA4238C38F7236072D2A3FE756F,text,「篁家的正道……」\p
1118,game_t01120,０２０：１９９７年_09：篁邸　夜　恭子・母回想.egpack,０２０：１９９７年_09：篁邸　夜　恭子・母回想,唯依,0A683A51B89B12EC7BC8D31B55423D2F507FECCB6B995D8041F706A240F6E16C,text,「不可恃威……唯以默然践行示之……吗。」\p
1119,game_t01121,０２０：１９９７年_09：篁邸　夜　恭子・母回想.egpack,０２０：１９９７年_09：篁邸　夜　恭子・母回想,旁白,034EA278EC7B9DB3A7DD8F6AF57B54A43F12517CB2D6952BF434E0FFCEE55ACF,text,不行啊，我……根本没有做到。恐怕这些事早就全被母亲看穿了吧……\p
1120,game_t01122,０２０：１９９７年_09：篁邸　夜　恭子・母回想.egpack,０２０：１９９７年_09：篁邸　夜　恭子・母回想,旁白,A912D191A2F7C294EFA5AA941BBF9D0E73B4C464E60EE91FF2F355812CC472CB,text,刚才在玄关也不由自主地移开了视线……今天又在恭子大人的事上闯了不少祸，心里有愧，才会……\p
1121,game_t01123,０２０：１９９７年_09：篁邸　夜　恭子・母回想.egpack,０２０：１９９７年_09：篁邸　夜　恭子・母回想,旁白,A7A17CEF8B77214E223C22EBA810EF705D0E0DAFA8710A5ECBFA19569B6D153E,text,连一起出来迎接我的嬷嬷都让我莫名紧张……\p
1122,game_t01124,０２０：１９９７年_09：篁邸　夜　恭子・母回想.egpack,０２０：１９９７年_09：篁邸　夜　恭子・母回想,唯依,117A934A7BEACD8DA45CEEBDFD7CAE49BC997A5218950802482742230D0BE329,text,「唉……」\p
1123,game_t01125,０２０：１９９７年_09：篁邸　夜　恭子・母回想.egpack,０２０：１９９７年_09：篁邸　夜　恭子・母回想,旁白,57D4551D6CC8B6F401886C7A20A2CDC4CDFB8CF751A8D8AC8740D694C3ABE0D8,text,说起来，这一周都没跟嬷嬷说学校的事……\p
1124,game_t01126,０２０：１９９７年_09：篁邸　夜　恭子・母回想.egpack,０２０：１９９７年_09：篁邸　夜　恭子・母回想,旁白,EC3C23810CBB9F565702450C0E25C134384C7231F7C429893246099A2971440F,text,每次放学回来，嬷嬷总会问这问那……\p
1125,game_t01127,０２０：１９９７年_09：篁邸　夜　恭子・母回想.egpack,０２０：１９９７年_09：篁邸　夜　恭子・母回想,旁白,A43A31F9FE46822ACCFDB572FE0093548274A497F1F2FA677D06009CCFC2242E,text,那是嬷嬷的体贴。小时候我被欺负后回到家，她每天都会主动和我说话，不让我把难过憋在心里。\p
1126,game_t01128,０２０：１９９７年_09：篁邸　夜　恭子・母回想.egpack,０２０：１９９７年_09：篁邸　夜　恭子・母回想,唯依,FC1BB2D07B8CA4CB833A8FC775711F88FDC75DF9188537E5BF556C9021D9D39C,text,「…\w…\w…\w…\w」\p
1127,game_t01129,０２０：１９９７年_09：篁邸　夜　恭子・母回想.egpack,０２０：１９９７年_09：篁邸　夜　恭子・母回想,旁白,76E72FDA9087C6BEA5845D7E1B2B39143A358901C6B7D06F8737E45CE198D2FB,text,年级升高、明白嬷嬷的用心后，我就只跟她说开心的事了。对我说怪话的孩子也一年比一年少……\p
1128,game_t01130,０２０：１９９７年_09：篁邸　夜　恭子・母回想.egpack,０２０：１９９７年_09：篁邸　夜　恭子・母回想,旁白,7A98BAAB6CDCBAE50AF7DCCEE8663391907A22EA6B326BEE18B80D40778B067E,text,可进入山百合女子后发生了各种事，我总说自己忙，不知不觉一直躲着她。\p
1129,game_t01131,０２０：１９９７年_09：篁邸　夜　恭子・母回想.egpack,０２０：１９９７年_09：篁邸　夜　恭子・母回想,旁白,B390C37A0A4B253B7D94968A6C9BC42543DD17312C955981E07220BB1A3C9DAC,text,一开口肯定会变成抱怨……我不想再让嬷嬷听那种话。\p
1130,game_t01132,０２０：１９９７年_09：篁邸　夜　恭子・母回想.egpack,０２０：１９９７年_09：篁邸　夜　恭子・母回想,旁白,2E70EE87A239B7FECEADDC18A4BC6D7D3A73F68D90FA3E6774282523F097DB5A,text,不只是安艺和和泉，许多外样武家子女缺乏武家的规范意识，也是无可厚非的。\p
1131,game_t01133,０２０：１９９７年_09：篁邸　夜　恭子・母回想.egpack,０２０：１９９７年_09：篁邸　夜　恭子・母回想,旁白,060B14A594764789574DA467E6C48B1CF855F6302F7A074D273CDF0F6524DEE7,text,志摩子的武家规范意识在她们当中已经算比较强了。可她究竟是不肯表达自己的想法和意志，还是根本没有，和她交谈时总看不清真正的她。\p
1132,game_t01134,０２０：１９９７年_09：篁邸　夜　恭子・母回想.egpack,０２０：１９９７年_09：篁邸　夜　恭子・母回想,旁白,87274D792706F48438CFDD9F82640FD3F0B74948BA7882B8C2F2BB75D3C4237E,text,同期学员中，唯一让我觉得不同的就是山城。\p
1133,game_t01135,０２０：１９９７年_09：篁邸　夜　恭子・母回想.egpack,０２０：１９９７年_09：篁邸　夜　恭子・母回想,旁白,5C2EE3EA943C8F75959F2B86A3F6390CA2E5AF808D909DABE45DE47F278D4BED,text,她竟能那么明确地说出自己的想法……\p
1134,game_t01136,０２０：１９９７年_09：篁邸　夜　恭子・母回想.egpack,０２０：１９９７年_09：篁邸　夜　恭子・母回想,和泉,8E6A09133F4925ECF3B8CC2F9C3CF9E91205290364A7DA97C0E04D6B3BB44EEB,text,「说起山城家，给人的印象就是很有钱，经营的产业也相当广泛，而且做得很成功。」\p
1135,game_t01137,０２０：１９９７年_09：篁邸　夜　恭子・母回想.egpack,０２０：１９９７年_09：篁邸　夜　恭子・母回想,安芸,F1C6074F78C0547A7539922317DC89F37707B71F412C02D579ECBB9C87CE5F47,text,「新闻里偶尔会提到，还称他们是什么‘新兴财阀系武家’。那完全是在讽刺吧？」\p
1136,game_t01138,０２０：１９９７年_09：篁邸　夜　恭子・母回想.egpack,０２０：１９９７年_09：篁邸　夜　恭子・母回想,安芸,83DD453F95CB065E09B19BFFAD43B8ABFD5F9E756B40ABA44ED7A5DC9424215C,text,「武功、名望、财富样样不缺，唯独没有家格。所以她才会对历史悠久的谱代武家大小姐有所芥蒂。」\p
1137,game_t01139,０２０：１９９７年_09：篁邸　夜　恭子・母回想.egpack,０２０：１９９７年_09：篁邸　夜　恭子・母回想,旁白,7A0DC90E828321DEBEFA13917D2B8BA73A18C5E3C9A5519B15DBAB6904CDD0D3,text,照安艺和和泉的说法，山城家虽属外样武家，却在经济上取得了巨大成功，肯定招来了其他武家的强烈嫉妒。\p
1138,game_t01140,０２０：１９９７年_09：篁邸　夜　恭子・母回想.egpack,０２０：１９９７年_09：篁邸　夜　恭子・母回想,旁白,3140B8D31D4A8F42929FEB89A3FD331DA26C964D7B72518AF50DB3C9EF1ECDAC,text,而且，我想他们在某种意义上与篁家相同：不论旁人说什么，都以行动和结果证明自己的正当性。\p
1139,game_t01141,０２０：１９９７年_09：篁邸　夜　恭子・母回想.egpack,０２０：１９９７年_09：篁邸　夜　恭子・母回想,志摩子,EC0C977D691880F5FC3FACA76F0F7338EE703E14DEA7A9383F005A3B37CF7526,text,「山城家也是擅长武事的家系哦。出过许多将官和卫士，在外样之中也是数一数二的。」\p
1140,game_t01142,０２０：１９９７年_09：篁邸　夜　恭子・母回想.egpack,０２０：１９９７年_09：篁邸　夜　恭子・母回想,旁白,13765E6E5615F3EC1EBEF5C4C8F64C6232764B9F64346E2A40CECD7F97EDABB4,text,或许山城家的成功，正是他们贯彻武门的骄傲与高洁所得的结果。山城的言行确实给人这种感觉。\p
1141,game_t01143,０２０：１９９７年_09：篁邸　夜　恭子・母回想.egpack,０２０：１９９７年_09：篁邸　夜　恭子・母回想,旁白,814176442F62C0EBB44E2ED0A17D976F4F6D48D0306A61075FD0905192279C34,text,啊……这么说来，我应该做却没做到的事，山城已经全都做到了……\p
1142,game_t01144,０２０：１９９７年_09：篁邸　夜　恭子・母回想.egpack,０２０：１９９７年_09：篁邸　夜　恭子・母回想,唯依,847AFB995B1A1106462A52260A8252E29F80ACAC4E74F09531B3A9CC15D495BF,text,「……真厉害啊。」\p
1143,game_t01145,０２０：１９９７年_09：篁邸　夜　恭子・母回想.egpack,０２０：１９９７年_09：篁邸　夜　恭子・母回想,旁白,B391AA2DFC149901816F7F42811758FD4676E8DF86DA1D4852613F27B5B1B89B,text,原来真的有……那样的人……\p
1144,game_t01146,０２０：１９９７年_09：篁邸　夜　恭子・母回想.egpack,０２０：１９９７年_09：篁邸　夜　恭子・母回想,旁白,FD90519DE8D5E6B7747B7AD31B90B3CF627718508628ED548C07688EAD5BCB0F,text,我从那道目光里感受到的，并非轻蔑，而是一种微妙的意味。果然就是由这些东西流露出来的吧。\p
1145,game_t01147,０２０：１９９７年_09：篁邸　夜　恭子・母回想.egpack,０２０：１９９７年_09：篁邸　夜　恭子・母回想,唯依,34475320A5E0DE94C68EBFE2240E547FF9340AF6458D89BE5DFA97B44924AA89,text,「啊……原来如此……」\p
1146,game_t01148,０２０：１９９７年_09：篁邸　夜　恭子・母回想.egpack,０２０：１９９７年_09：篁邸　夜　恭子・母回想,旁白,595FE176A0DAFB1A97FE361292ECDF3C26CACA6D9F5E42FCDE334DC5239E119F,text,也就是说，山城一直在注视着我的一举一动……\p
1147,game_t01149,０２０：１９９７年_09：篁邸　夜　恭子・母回想.egpack,０２０：１９９７年_09：篁邸　夜　恭子・母回想,唯依,FC1BB2D07B8CA4CB833A8FC775711F88FDC75DF9188537E5BF556C9021D9D39C,text,「…\w…\w…\w…\w」\p
1148,game_t01150,０２０：１９９７年_09：篁邸　夜　恭子・母回想.egpack,０２０：１９９７年_09：篁邸　夜　恭子・母回想,旁白,F610880E34B5D6CF7E50E0BA66BF994E12A102A93998FE28DB69413DD73A546F,text,不，我大概是希望如此。希望山城看着我……\p
1149,game_t01151,０２０：１９９７年_09：篁邸　夜　恭子・母回想.egpack,０２０：１９９７年_09：篁邸　夜　恭子・母回想,旁白,E4A9837781D59B78F645564F968C5D1103147D36D3FAE5CE8F6A26F7A12AF22B,text,为什么会这么想……是憧憬吗？\p
1150,game_t01152,０２０：１９９７年_09：篁邸　夜　恭子・母回想.egpack,０２０：１９９７年_09：篁邸　夜　恭子・母回想,志摩子,9B8F8C71D9B86A4112AB1474E5105EA2D167A96AECE1814FB8FD0FD4725029F1,text,「那个人就是唯依所憧憬的人吧？」\p
1151,game_t01153,０２０：１９９７年_09：篁邸　夜　恭子・母回想.egpack,０２０：１９９７年_09：篁邸　夜　恭子・母回想,旁白,52510B63EE5D02068351B543F28159494305D0C835C19F07E048E3EF50FFDA1E,text,不……这种感觉似乎和憧憬不同。\p
1152,game_t01154,０２０：１９９７年_09：篁邸　夜　恭子・母回想.egpack,０２０：１９９７年_09：篁邸　夜　恭子・母回想,旁白,F7D0ABA8FAF2BFA9F85E1414E5125E890D1951694E6BE473683778E2F837EFAC,text,这种感觉……对了，或许更接近……共鸣吧。因为——\p
1153,game_t01155,０２０：１９９７年_09：篁邸　夜　恭子・母回想.egpack,０２０：１９９７年_09：篁邸　夜　恭子・母回想,旁白,487CEECA0CE107A33BB7EF1298C90DCC95DE2FCF9CAA3DBB6E3C2BE5433101A5,text,她和大家……显然——\p
1154,game_t01156,０２０：１９９７年_09：篁邸　夜　恭子・母回想.egpack,０２０：１９９７年_09：篁邸　夜　恭子・母回想,唯依,FC1BB2D07B8CA4CB833A8FC775711F88FDC75DF9188537E5BF556C9021D9D39C,text,「…\w…\w…\w…\w」\p
1155,game_t01157,０２０：１９９７年_09：篁邸　夜　恭子・母回想.egpack,０２０：１９９７年_09：篁邸　夜　恭子・母回想,旁白,4DD2875C5337B86C597C1F2318CC984C006797B55E4D92A30E51D2FFAEF33F66,text,不行……不能这么想。每个人价值观不同，本来就是理所当然的。\p
1156,game_t01158,０２０：１９９７年_09：篁邸　夜　恭子・母回想.egpack,０２０：１９９７年_09：篁邸　夜　恭子・母回想,旁白,8C968DD2BD6F7F8C3F2B46D7BD30D5959E5A20F621291680B0CDD5B95520A6BF,text,她们在某种意义上只是被摆布了而已。明明不是她们的错。\p
1157,game_t01159,０２０：１９９７年_09：篁邸　夜　恭子・母回想.egpack,０２０：１９９７年_09：篁邸　夜　恭子・母回想,旁白,EE3221B7FB0BB5ED8EAAAABE4EF79281B06B85DD02F02BCF40BE995504C9400F,text,在政府讨论下调征兵年龄之际，她们为了让斯卫军率先向社会作出表率，而被提前征召——这些武家尚未成年的子女。\p
1158,game_t01160,０２０：１９９７年_09：篁邸　夜　恭子・母回想.egpack,０２０：１９９７年_09：篁邸　夜　恭子・母回想,旁白,72B4F5D10A9E641BE55CF813889A262000BE0C037B35DD013048930D28E78429,text,她们既不是继承人，也不是长女，原本并没有服兵役的义务。和身为武家下一任家主、无论如何都会志愿入伍的我不同。\p
1159,game_t01161,０２０：１９９７年_09：篁邸　夜　恭子・母回想.egpack,０２０：１９９７年_09：篁邸　夜　恭子・母回想,旁白,6066F97833B9EECD687B869C600338F561A826B70547B341FEC035AEB72E00DD,text,正因为学校受托照顾这些武家的宝贵女儿，才会规定每次实技训练后必须接受医学检查，也才会准备这种豪华得不像军事设施的校舍。\p
1160,game_t01162,０２０：１９９７年_09：篁邸　夜　恭子・母回想.egpack,０２０：１９９７年_09：篁邸　夜　恭子・母回想,旁白,DA15D01519DD90E3C45B3CA60BBE9BFB3D3B7BF0B1EE94A78B45CB08E8CD526E,text,即便报道中充满讥讽与挖苦，也已经顾不得体面——\p
1161,game_t01163,０２０：１９９７年_09：篁邸　夜　恭子・母回想.egpack,０２０：１９９７年_09：篁邸　夜　恭子・母回想,旁白,D4DB28F8FE68FC5DF00F1C47AAAAF357CB70F54A989529D25F3ED91E4FBCFCF0,text,她们说得没错。山百合女子绝大多数候补生，只不过是出于统辖武家的城内省的需要，才被征来服兵役。\p
1162,game_t01164,０２０：１９９７年_09：篁邸　夜　恭子・母回想.egpack,０２０：１９９７年_09：篁邸　夜　恭子・母回想,旁白,C99D79C89878D5FD85D6B4E7AA8F14AB36637C4CA0AE29AC064CE657D574800A,text,当时瞪着我们的人，正是那些每天都因武家出身所背负的沉重责任、以及正因这份责任而获得优待的矛盾，饱受心力消磨的人。\p
1163,game_t01165,０２０：１９９７年_09：篁邸　夜　恭子・母回想.egpack,０２０：１９９７年_09：篁邸　夜　恭子・母回想,唯依,117A934A7BEACD8DA45CEEBDFD7CAE49BC997A5218950802482742230D0BE329,text,「唉……」\p
1164,game_t01166,０２０：１９９７年_09：篁邸　夜　恭子・母回想.egpack,０２０：１９９７年_09：篁邸　夜　恭子・母回想,旁白,446E1A87D6BE5FE6AEF34FB33172689F4D58D942A12307130F81865CED4C7DA1,text,这种时候，恭子大人会怎么做呢……\p
1165,game_t01167,０２０：１９９７年_09：篁邸　夜　恭子・母回想.egpack,０２０：１９９７年_09：篁邸　夜　恭子・母回想,唯依,A4B8D64E127B4FFBE8618671A42A0C8454230E7EB1759A9FADD392E5903D3366,text,「说起来，我以前经常有幸和她一起沐浴……」\p
1166,game_t01168,０２０：１９９７年_09：篁邸　夜　恭子・母回想.egpack,０２０：１９９７年_09：篁邸　夜　恭子・母回想,恭子,9E8C102E2C606455C3E3AC822D3A537DBEE0EA37A84F0A7B2AFF7EF973D7A7F4,text,「唯依，等你长大一些——你所处的位置一定会为你带来新的视野，让你看见不同的世界。」\p
1167,game_t01169,０２０：１９９７年_09：篁邸　夜　恭子・母回想.egpack,０２０：１９９７年_09：篁邸　夜　恭子・母回想,唯依,FC1BB2D07B8CA4CB833A8FC775711F88FDC75DF9188537E5BF556C9021D9D39C,text,「…\w…\w…\w…\w」\p
1168,game_t01170,０２０：１９９７年_09：篁邸　夜　恭子・母回想.egpack,０２０：１９９７年_09：篁邸　夜　恭子・母回想,旁白,F9DF567E5139DE82F0AA16D455A69DB49E8CBFECBB3A24974EE88A76025D43F1,text,她对我说这句话，是在……\p
1169,game_t01171,０２０：１９９７年_09：篁邸　夜　恭子・母回想.egpack,０２０：１９９７年_09：篁邸　夜　恭子・母回想,旁白,CE562BB0C28BE8C1E28C78FF377018767F4E74B1AA3966550CC32D236AE30C3F,text,对了，是恭子大人还在山百合就读的时候。那天她取得外宿许可，来探望母亲——\p
1170,game_t01172,０２０：１９９７年_09：篁邸　夜　恭子・母回想.egpack,０２０：１９９７年_09：篁邸　夜　恭子・母回想,恭子,7EB5635E22BCC1DAA120B50878382F52CC569DA6A948B3D00FBF8B4F7120B396,text,「呼……泡得真舒服……」\p
1171,game_t01173,０２０：１９９７年_09：篁邸　夜　恭子・母回想.egpack,０２０：１９９７年_09：篁邸　夜　恭子・母回想,恭子,8F6AB443418184BAC5ABA20C572CC4BA5B4C7BDFF8AE3B5A12AD35A21FE3EABF,text,「宿舍的浴室也不错，不过这里果然最让人放松……」\p
1172,game_t01174,０２０：１９９７年_09：篁邸　夜　恭子・母回想.egpack,０２０：１９９７年_09：篁邸　夜　恭子・母回想,唯依,FC1BB2D07B8CA4CB833A8FC775711F88FDC75DF9188537E5BF556C9021D9D39C,text,「…\w…\w…\w…\w」\p
1173,game_t01175,０２０：１９９７年_09：篁邸　夜　恭子・母回想.egpack,０２０：１９９７年_09：篁邸　夜　恭子・母回想,恭子,DE9048954AF950834FBF8AE46B80D6D7184FB86C5CA78E287FD36E615A5C01D4,text,「篁家的京邸……真的好久没来了……」\p
1174,game_t01176,０２０：１９９７年_09：篁邸　夜　恭子・母回想.egpack,０２０：１９９７年_09：篁邸　夜　恭子・母回想,唯依,4A7B51ACF496D89C61D34A0C85A534692A88C5DF58D8AB31003386A1ACC9071F,text,「那、那个……恭子大人……」\p
1175,game_t01177,０２０：１９９７年_09：篁邸　夜　恭子・母回想.egpack,０２０：１９９７年_09：篁邸　夜　恭子・母回想,恭子,8FBC5BE0332315A9D6830EC8F02AE7455EB90630345C9FF852352398D8469B8E,text,「怎么了？」\p
1176,game_t01178,０２０：１９９７年_09：篁邸　夜　恭子・母回想.egpack,０２０：１９９７年_09：篁邸　夜　恭子・母回想,唯依,21932221EF3FCECCDF47F5D1BA1FC46C9ABD6AA02CD117CA00417B0118772764,text,「那个，唯依……有件事想请教恭子大人。」\p
1177,game_t01179,０２０：１９９７年_09：篁邸　夜　恭子・母回想.egpack,０２０：１９９７年_09：篁邸　夜　恭子・母回想,恭子,47C6A74E0CE31F960D7B36F4AE258D04B742C8EE1D09719940467E7F137FED65,text,「呵呵，唯依怎么了？突然这么郑重其事。」\p
1178,game_t01180,０２０：１９９７年_09：篁邸　夜　恭子・母回想.egpack,０２０：１９９７年_09：篁邸　夜　恭子・母回想,唯依,435BA32E2053BCD0EBD55F17E0CEF2D21AE21EEDEA2CB17EE83B58FF58BCF751,text,「那个……恭子大人为什么总是对这样的我这么温柔呢？」\p
1179,game_t01181,０２０：１９９７年_09：篁邸　夜　恭子・母回想.egpack,０２０：１９９７年_09：篁邸　夜　恭子・母回想,恭子,57562AB9FE30F43D1538A54A0E8ADB707991E1A3E77EC6C4DE283E70C6B3EED6,text,「咦……？」\p
1180,game_t01182,０２０：１９９７年_09：篁邸　夜　恭子・母回想.egpack,０２０：１９９７年_09：篁邸　夜　恭子・母回想,唯依,3E59A62E9E4FAB65AC11B66C447EAC1D2FFAD72F475932D8F8D0F22B19CAEAF1,text,「像这样有幸与您一同沐浴，实在有些惶恐……」\p
1181,game_t01183,０２０：１９９７年_09：篁邸　夜　恭子・母回想.egpack,０２０：１９９７年_09：篁邸　夜　恭子・母回想,恭子,6475E6F3BFE9D40FA6E23FDD167B848BF79C70D210C3A401BEB205DCB40D412D,text,「你在说什么呀。从小到大，每有机会我们不都一起洗澡吗……忘了？」\p
1182,game_t01184,０２０：１９９７年_09：篁邸　夜　恭子・母回想.egpack,０２０：１９９７年_09：篁邸　夜　恭子・母回想,唯依,A8202984DF5D5210AD8B6ED619A31D20B8D0A5A283ABF68961D598DA6E71EFDC,text,「没、没有，是这样没错，可以前我还是小孩子，总会不懂事地向您撒娇……」\p
1183,game_t01185,０２０：１９９７年_09：篁邸　夜　恭子・母回想.egpack,０２０：１９９７年_09：篁邸　夜　恭子・母回想,恭子,6C3848AB209BEC15B736FF0B5CB33B4CAE6D202C0EF2566388BA80D883120E0E,text,「呵呵……真叫人寂寞。唯依已经长大了呢。」\p
1184,game_t01186,０２０：１９９７年_09：篁邸　夜　恭子・母回想.egpack,０２０：１９９７年_09：篁邸　夜　恭子・母回想,唯依,4FF7F91B7682DA36709D528230B5F45256B5F19DB71834F987539A63E9A75FC2,text,「不，那个……我想不出您这样身份尊贵的人亲近我的理由……」\p
1185,game_t01187,０２０：１９９７年_09：篁邸　夜　恭子・母回想.egpack,０２０：１９９７年_09：篁邸　夜　恭子・母回想,恭子,240A5DD83035619B5CB1EF234F972C455B859062233657654A8A6FD5878751D6,text,「这样啊……唯依也到了不得不在意这些事的年纪了……」\p
1186,game_t01188,０２０：１９９７年_09：篁邸　夜　恭子・母回想.egpack,０２０：１９９７年_09：篁邸　夜　恭子・母回想,唯依,62A46E9A23923FFAB4C6E3213A47CCDBFA737A58C782BFA9F46BCC0F73E0B8CD,text,「……恭子大人？」\p
1187,game_t01189,０２０：１９９７年_09：篁邸　夜　恭子・母回想.egpack,０２０：１９９７年_09：篁邸　夜　恭子・母回想,恭子,4066782CC9E177267BBB2E6999F0F9E34BB63782147189291BE069E523881653,text,「好吧，我告诉你。我疼爱唯依的理由……」\p
1188,game_t01190,０２０：１９９７年_09：篁邸　夜　恭子・母回想.egpack,０２０：１９９７年_09：篁邸　夜　恭子・母回想,唯依,198EA5B056DA2D858B6F37B8C4790ED7D2AC1CBF3F76D234B1258A280464D94A,text,「……是。」\p
1189,game_t01191,０２０：１９９７年_09：篁邸　夜　恭子・母回想.egpack,０２０：１９９７年_09：篁邸　夜　恭子・母回想,恭子,E5992CE3C26D9CB022C2AF7317F34581E15E35A93F83887FC10A04666A676E42,text,「因为我从小就一直受到你母亲的关照。」\p
1190,game_t01192,０２０：１９９７年_09：篁邸　夜　恭子・母回想.egpack,０２０：１９９７年_09：篁邸　夜　恭子・母回想,唯依,FC1BB2D07B8CA4CB833A8FC775711F88FDC75DF9188537E5BF556C9021D9D39C,text,「…\w…\w…\w…\w」\p
1191,game_t01193,０２０：１９９７年_09：篁邸　夜　恭子・母回想.egpack,０２０：１９９７年_09：篁邸　夜　恭子・母回想,恭子,FC1BB2D07B8CA4CB833A8FC775711F88FDC75DF9188537E5BF556C9021D9D39C,text,「…\w…\w…\w…\w」\p
1192,game_t01194,０２０：１９９７年_09：篁邸　夜　恭子・母回想.egpack,０２０：１９９７年_09：篁邸　夜　恭子・母回想,唯依,1E361C8667C29F4E9329BAA37418255158666638D49729F01813366693E1D8AE,text,「咦……只、只是这样吗？」\p
1193,game_t01195,０２０：１９９７年_09：篁邸　夜　恭子・母回想.egpack,０２０：１９９７年_09：篁邸　夜　恭子・母回想,恭子,AF5DDF560A4C72387ECBEB1E898521837598833700174750D3E15D29F1FB8877,text,「这个嘛，细数起来还有“因为我喜欢你”等等很多原因，不过最根本的原因就是这个。」\p
1194,game_t01196,０２０：１９９７年_09：篁邸　夜　恭子・母回想.egpack,０２０：１９９７年_09：篁邸　夜　恭子・母回想,唯依,7F76EB4ED5D0A07CC52E15E323743A2B426847F3FA6E884BA161D617399B05F0,text,「可是恭子大人……就因为这种事，您便对我……？」\p
1195,game_t01197,０２０：１９９７年_09：篁邸　夜　恭子・母回想.egpack,０２０：１９９７年_09：篁邸　夜　恭子・母回想,恭子,373B94339465BF5D0C575B5217313E6B07FF1AE4A9CE17DC50E649E8D77FA4FD,text,「……唯依，人就是这样。从长辈那里受到的恩情，要这样偿还。」\p
1196,game_t01198,０２０：１９９７年_09：篁邸　夜　恭子・母回想.egpack,０２０：１９９７年_09：篁邸　夜　恭子・母回想,唯依,91D2C41BD5E01E9CA625431933EC813C1CA520E84DDBF6359880DBCEBD137F78,text,「可是……受到的恩情，不是应该还给那个人……」\p
1197,game_t01199,０２０：１９９７年_09：篁邸　夜　恭子・母回想.egpack,０２０：１９９７年_09：篁邸　夜　恭子・母回想,恭子,BF18F3A7CCA9F1CC9DED5E34C25768A7B519BD344FE1CEBE5F18C5B95B0AAF19,text,「如果能够做到，那真是非常幸福的事。因为只有在超越那位长辈时，才有能力向她报恩。」\p
1198,game_t01200,０２０：１９９７年_09：篁邸　夜　恭子・母回想.egpack,０２０：１９９７年_09：篁邸　夜　恭子・母回想,唯依,85B6FD648034C6E550BC387F7FFC652BC80613214C53FB6BFA5778AF7043F0C8,text,「…\w…\w？」\p
1199,game_t01201,０２０：１９９７年_09：篁邸　夜　恭子・母回想.egpack,０２０：１９９７年_09：篁邸　夜　恭子・母回想,恭子,A102CFC24445C7844F134ED6EEAF958EDF050711150E9BF864020B7CCF372567,text,「人不会停下脚步。因此，要把恩情回报给施恩之人，是很困难的。」\p
1200,game_t01202,０２０：１９９７年_09：篁邸　夜　恭子・母回想.egpack,０２０：１９９７年_09：篁邸　夜　恭子・母回想,唯依,10AF62D010904AD5C0FD284A7122CE55D57A3EBB4E9F4FE307A8BCA42DE47EDA,text,「…\w…\w？？」\p
1201,game_t01203,０２０：１９９７年_09：篁邸　夜　恭子・母回想.egpack,０２０：１９９７年_09：篁邸　夜　恭子・母回想,恭子,90BD54F39C7C5E4291067058D84A41A8D939C045650122E09996578E5A65FBB8,text,「而且多数时候，对方并不能一直等到我们有机会报恩……」\p
1202,game_t01204,０２０：１９９７年_09：篁邸　夜　恭子・母回想.egpack,０２０：１９９７年_09：篁邸　夜　恭子・母回想,恭子,75382D98AA2606655E0728C981D2253D913219925E2EA92BC33F814FFC278497,text,「所以，从某个人那里受了恩，就将它回报给另一个人。」\p
1203,game_t01205,０２０：１９９７年_09：篁邸　夜　恭子・母回想.egpack,０２０：１９９７年_09：篁邸　夜　恭子・母回想,恭子,31EEB78BB306122FAAF50B5CE40E803AFDB8F9BDBAE671BE98BAB806F03D5D40,text,「这样一来，从重要之人那里得到的恩情，不就会越传越广吗？」\p
1204,game_t01206,０２０：１９９７年_09：篁邸　夜　恭子・母回想.egpack,０２０：１９９７年_09：篁邸　夜　恭子・母回想,唯依,198EA5B056DA2D858B6F37B8C4790ED7D2AC1CBF3F76D234B1258A280464D94A,text,「……是。」\p
1205,game_t01207,０２０：１９９７年_09：篁邸　夜　恭子・母回想.egpack,０２０：１９９７年_09：篁邸　夜　恭子・母回想,恭子,189FD53950C9D1958043BCB25B3B1D8A2E5D177CF55F4726BC7E3A29D8B18B0C,text,「……人与人之间的纽带，就是这样编织而成的。」\p
1206,game_t01208,０２０：１９９７年_09：篁邸　夜　恭子・母回想.egpack,０２０：１９９７年_09：篁邸　夜　恭子・母回想,唯依,FC1BB2D07B8CA4CB833A8FC775711F88FDC75DF9188537E5BF556C9021D9D39C,text,「…\w…\w…\w…\w」\p
1207,game_t01209,０２０：１９９７年_09：篁邸　夜　恭子・母回想.egpack,０２０：１９９７年_09：篁邸　夜　恭子・母回想,恭子,309DC402CEB9346617A1A9D5AA2FA7B486E8861CEEF58A3C42643763ED769D83,text,「你也这样告诉朋友们吧。」\p
1208,game_t01210,０２０：１９９７年_09：篁邸　夜　恭子・母回想.egpack,０２０：１９９７年_09：篁邸　夜　恭子・母回想,唯依,4E64DAB8095F7BEC87A24FFFD762766CFFF39B3FBF8C3DD0D6C2450DF27FB623,text,「咦……！？」\p
1209,game_t01211,０２０：１９９７年_09：篁邸　夜　恭子・母回想.egpack,０２０：１９９７年_09：篁邸　夜　恭子・母回想,恭子,49CC4E765605978628FDB0E91C36926B3F26E3761F140F05617BD92302004D3C,text,「因为和我有来往，你被朋友说了什么吧？」\p
1210,game_t01212,０２０：１９９７年_09：篁邸　夜　恭子・母回想.egpack,０２０：１９９７年_09：篁邸　夜　恭子・母回想,唯依,FC1BB2D07B8CA4CB833A8FC775711F88FDC75DF9188537E5BF556C9021D9D39C,text,「…\w…\w…\w…\w」\p
1211,game_t01213,０２０：１９９７年_09：篁邸　夜　恭子・母回想.egpack,０２０：１９９７年_09：篁邸　夜　恭子・母回想,恭子,FC1BB2D07B8CA4CB833A8FC775711F88FDC75DF9188537E5BF556C9021D9D39C,text,「…\w…\w…\w…\w」\p
1212,game_t01214,０２０：１９９７年_09：篁邸　夜　恭子・母回想.egpack,０２０：１９９７年_09：篁邸　夜　恭子・母回想,唯依,FC1BB2D07B8CA4CB833A8FC775711F88FDC75DF9188537E5BF556C9021D9D39C,text,「…\w…\w…\w…\w」\p
1213,game_t01215,０２０：１９９７年_09：篁邸　夜　恭子・母回想.egpack,０２０：１９９７年_09：篁邸　夜　恭子・母回想,唯依,E58675B6498A84FD2FD1D3661769ED7E2D3DB89A65080F18C96C54D9CA5CCCEE,text,「呜……她们说……崇宰家的恭子大人……不可能来见我这种人……」\p
1214,game_t01216,０２０：１９９７年_09：篁邸　夜　恭子・母回想.egpack,０２０：１９９７年_09：篁邸　夜　恭子・母回想,恭子,FC1BB2D07B8CA4CB833A8FC775711F88FDC75DF9188537E5BF556C9021D9D39C,text,「…\w…\w…\w…\w」\p
1215,game_t01217,０２０：１９９７年_09：篁邸　夜　恭子・母回想.egpack,０２０：１９９７年_09：篁邸　夜　恭子・母回想,唯依,A8D38A6CE7D7E439425F3B0CD04C86E9BEA8C5DAADDD2D6A26BC5220A5BD9832,text,「其实……她们说我明明只是外样……」\p
1216,game_t01218,０２０：１９９７年_09：篁邸　夜　恭子・母回想.egpack,０２０：１９９７年_09：篁邸　夜　恭子・母回想,唯依,C5278CFD369103F7C0FBD4CF40776433D4D29D0E312DFF3A0147F7956B8E55E4,text,「还说恭子大人……怎么可能对骗子家的孩子……这么温柔……！」\p
1217,game_t01219,０２０：１９９７年_09：篁邸　夜　恭子・母回想.egpack,０２０：１９９７年_09：篁邸　夜　恭子・母回想,恭子,FC1BB2D07B8CA4CB833A8FC775711F88FDC75DF9188537E5BF556C9021D9D39C,text,「…\w…\w…\w…\w」\p
1218,game_t01220,０２０：１９９７年_09：篁邸　夜　恭子・母回想.egpack,０２０：１９９７年_09：篁邸　夜　恭子・母回想,唯依,6A9C0F38004565806C170191D01AEEBA4640C5F1B3EEF493CBE0F559DC03F1E6,text,「骗子家的孩子果然也是骗子……谁都不肯相信我……！！」\p
1219,game_t01221,０２０：１９９７年_09：篁邸　夜　恭子・母回想.egpack,０２０：１９９７年_09：篁邸　夜　恭子・母回想,唯依,CDE6FBC4A046625976A3BA39E171828CF7D1911CB175018778085154C847B705,text,「所以……所以……如果知道恭子大人对我温柔的理由……我就能告诉大家……！」\p
1220,game_t01222,０２０：１９９７年_09：篁邸　夜　恭子・母回想.egpack,０２０：１９９７年_09：篁邸　夜　恭子・母回想,唯依,35F15C36E509862F28D4830B2254D1C19145A17DAB36B8F21CCCD8D4EC159563,text,「…\w…\w！」\p
1221,game_t01223,０２０：１９９７年_09：篁邸　夜　恭子・母回想.egpack,０２０：１９９７年_09：篁邸　夜　恭子・母回想,恭子,FCF1C89A733A966C0CAE5120CBF6CFD10CECBB2C1E0D80A3F1AB8BE26CFE3D77,text,「呵呵……小傻瓜，明明什么都不必在意。」\p
1222,game_t01224,０２０：１９９７年_09：篁邸　夜　恭子・母回想.egpack,０２０：１９９７年_09：篁邸　夜　恭子・母回想,唯依,35FD5AF3FF9D3626D3478641AF65F066B2BD0CC6E5B9756A626E34605FE653C5,text,「……呜……呜……」\p
1223,game_t01225,０２０：１９９７年_09：篁邸　夜　恭子・母回想.egpack,０２０：１９９７年_09：篁邸　夜　恭子・母回想,恭子,35CC832BCA59E0ADA9635222B3D9F7EE518F0E8F35DD6615CC765E29F02115DE,text,「栴纳大人、唯依，还有我——我们是血脉相连的，不是吗？」\p
1224,game_t01226,０２０：１９９７年_09：篁邸　夜　恭子・母回想.egpack,０２０：１９９７年_09：篁邸　夜　恭子・母回想,唯依,D272F9906AB8F5C3BD6FEFC7D43057600637A3F6579840E5D541F4EC03279708,text,「呜……」\p
1225,game_t01227,０２０：１９９７年_09：篁邸　夜　恭子・母回想.egpack,０２０：１９９７年_09：篁邸　夜　恭子・母回想,恭子,1A6AFEF05A31F6263008BFF72499BAC94FAA8232082A806058F09C26874A4B02,text,「无论你的朋友怎么说，还是家格有何差别，都无法让我们疏远。」\p
1226,game_t01228,０２０：１９９７年_09：篁邸　夜　恭子・母回想.egpack,０２０：１９９７年_09：篁邸　夜　恭子・母回想,唯依,D272F9906AB8F5C3BD6FEFC7D43057600637A3F6579840E5D541F4EC03279708,text,「呜……」\p
1227,game_t01229,０２０：１９９７年_09：篁邸　夜　恭子・母回想.egpack,０２０：１９９７年_09：篁邸　夜　恭子・母回想,恭子,FC1BB2D07B8CA4CB833A8FC775711F88FDC75DF9188537E5BF556C9021D9D39C,text,「…\w…\w…\w…\w」\p
1228,game_t01230,０２０：１９９７年_09：篁邸　夜　恭子・母回想.egpack,０２０：１９９７年_09：篁邸　夜　恭子・母回想,唯依,7052246B8B3CC719D51DFAA00D17837FC035DB331AAB56536D0A96750E522E79,text,「为……什么……」\p
1229,game_t01231,０２０：１９９７年_09：篁邸　夜　恭子・母回想.egpack,０２０：１９９７年_09：篁邸　夜　恭子・母回想,恭子,235C579E6C69ECDC117D5B42E0F3A3F746564279CDC1272BCCD38170F5DD4190,text,「嗯……？」\p
1230,game_t01232,０２０：１９９７年_09：篁邸　夜　恭子・母回想.egpack,０２０：１９９７年_09：篁邸　夜　恭子・母回想,唯依,B18ADE1D0A1A8F67E8D8975A009E276F8B22D8A6D7248735E5ECCA1C95AF79EE,text,「父亲……为什么什么都不说……为什么一句话都不说呢……」\p
1231,game_t01233,０２０：１９９７年_09：篁邸　夜　恭子・母回想.egpack,０２０：１９９７年_09：篁邸　夜　恭子・母回想,唯依,9AF28068380EE18ADE8ADC510901D5998CE14E72E49A051F4DA7FA15382A8B92,text,「明明因为那些毫无根据的事受到贬低……为什么一句都不反驳呢……？」\p
1232,game_t01234,０２０：１９９７年_09：篁邸　夜　恭子・母回想.egpack,０２０：１９９７年_09：篁邸　夜　恭子・母回想,唯依,FBFAEAC79C65207E9D65F786672982476073BB0F4C63AECAD2746E35B07B3873,text,「母亲……因为那些忧劳，还有生下我……！」\p
1233,game_t01235,０２０：１９９７年_09：篁邸　夜　恭子・母回想.egpack,０２０：１９９７年_09：篁邸　夜　恭子・母回想,唯依,70A085D54412CDD36673014891F233162A170B752344DD18C0EF93DEA8B84A3D,text,「身体……身体才会垮掉……再也无法生育孩子……！」\p
1234,game_t01236,０２０：１９９７年_09：篁邸　夜　恭子・母回想.egpack,０２０：１９９７年_09：篁邸　夜　恭子・母回想,唯依,70AD467975D270CAC267426FE67B7A9A6BF979A84372A8DDAE590DE4B37FC22A,text,「如果篁家……没有做错——就必须让人们知道……！」\p
1235,game_t01237,０２０：１９９７年_09：篁邸　夜　恭子・母回想.egpack,０２０：１９９７年_09：篁邸　夜　恭子・母回想,唯依,2EEDB7CDAB6F5AA5BE7F826A4F328771C25AAE73DD957EE52DE09C69C1B0F9E5,text,「否则谁都……谁都不会理解……！！」\p
1236,game_t01238,０２０：１９９７年_09：篁邸　夜　恭子・母回想.egpack,０２０：１９９７年_09：篁邸　夜　恭子・母回想,恭子,FC1BB2D07B8CA4CB833A8FC775711F88FDC75DF9188537E5BF556C9021D9D39C,text,「…\w…\w…\w…\w」\p
1237,game_t01239,０２０：１９９７年_09：篁邸　夜　恭子・母回想.egpack,０２０：１９９７年_09：篁邸　夜　恭子・母回想,唯依,FB41612B16895C5CF982110C2BDFFBE0ACCE4E790B8ABC58246E528A5541C160,text,「呜……呜……」\p
1238,game_t01240,０２０：１９９７年_09：篁邸　夜　恭子・母回想.egpack,０２０：１９９７年_09：篁邸　夜　恭子・母回想,恭子,FC1BB2D07B8CA4CB833A8FC775711F88FDC75DF9188537E5BF556C9021D9D39C,text,「…\w…\w…\w…\w」\p
1239,game_t01241,０２０：１９９７年_09：篁邸　夜　恭子・母回想.egpack,０２０：１９９７年_09：篁邸　夜　恭子・母回想,恭子,08EFA85504F486334FB5FEA66D47A6CDC7CCE1A327D24D640A4B1AE89A5F9B2A,text,「是啊……」\p
1240,game_t01242,０２０：１９９７年_09：篁邸　夜　恭子・母回想.egpack,０２０：１９９７年_09：篁邸　夜　恭子・母回想,唯依,FC1BB2D07B8CA4CB833A8FC775711F88FDC75DF9188537E5BF556C9021D9D39C,text,「…\w…\w…\w…\w」\p
1241,game_t01243,０２０：１９９７年_09：篁邸　夜　恭子・母回想.egpack,０２０：１９９７年_09：篁邸　夜　恭子・母回想,恭子,9DE6655D397570BB374BDA91431D0CAE12E01744C0FAFB666313F8B4CF4FF57D,text,「如果想获得什么……想得到比现在更多的东西，就必须认真选择自己该做的事。」\p
1242,game_t01244,０２０：１９９７年_09：篁邸　夜　恭子・母回想.egpack,０２０：１９９７年_09：篁邸　夜　恭子・母回想,唯依,FC1BB2D07B8CA4CB833A8FC775711F88FDC75DF9188537E5BF556C9021D9D39C,text,「…\w…\w…\w…\w」\p
1243,game_t01245,０２０：１９９７年_09：篁邸　夜　恭子・母回想.egpack,０２０：１９９７年_09：篁邸　夜　恭子・母回想,恭子,009845137723B516CEEDAF25E59B21A9DF2C7C78FD78EE07ED227847E85DC2BA,text,「可是，唯依。」\p
1244,game_t01246,０２０：１９９７年_09：篁邸　夜　恭子・母回想.egpack,０２０：１９９７年_09：篁邸　夜　恭子・母回想,恭子,2EB221825EC7B5DF5230873A334B596FC6089A271C94D6E2ACD5581B725A550B,text,「当你肩负起比现在更多的事物时，选择不做什么就会变得非常重要。」\p
1245,game_t01247,０２０：１９９７年_09：篁邸　夜　恭子・母回想.egpack,０２０：１９９７年_09：篁邸　夜　恭子・母回想,唯依,A40936F0807F09612425A1539E8ABD1B366494287D2ACA683282E6D669CF0EC1,text,「选择……不做什么……？」\p
1246,game_t01248,０２０：１９９７年_09：篁邸　夜　恭子・母回想.egpack,０２０：１９９７年_09：篁邸　夜　恭子・母回想,恭子,5F0D5B31F43F9D43AE8E72BDFC0F43AEABD916E937D4643845373840F4A39DB5,text,「你的父亲……祐唯大人是一位非常出色的家主。」\p
1247,game_t01249,０２０：１９９７年_09：篁邸　夜　恭子・母回想.egpack,０２０：１９９７年_09：篁邸　夜　恭子・母回想,恭子,43E1EC9A8EDE324F1A291295948D136FDEC9D8034F6BCE0AFE147389EC39C8BD,text,「而且……栴纳大人是一位无比高洁、坚强的人。」\p
1248,game_t01250,０２０：１９９７年_09：篁邸　夜　恭子・母回想.egpack,０２０：１９９７年_09：篁邸　夜　恭子・母回想,唯依,FC1BB2D07B8CA4CB833A8FC775711F88FDC75DF9188537E5BF556C9021D9D39C,text,「…\w…\w…\w…\w」\p
1249,game_t01251,０２０：１９９７年_09：篁邸　夜　恭子・母回想.egpack,０２０：１９９７年_09：篁邸　夜　恭子・母回想,恭子,B63BF54312330783198929D6982289BC814CB86248E20632F4FDE4B0852C02A8,text,「栴纳大人在嫁入篁家时，便舍弃了自己的出身家族——凤家……」\p
1250,game_t01252,０２０：１９９７年_09：篁邸　夜　恭子・母回想.egpack,０２０：１９９７年_09：篁邸　夜　恭子・母回想,唯依,220D2DE9E6422EF44FC7A6669D759980BC8B9F8595C3090012C3A29C0C86FEF4,text,「咦……」\p
1251,game_t01253,０２０：１９９７年_09：篁邸　夜　恭子・母回想.egpack,０２０：１９９７年_09：篁邸　夜　恭子・母回想,恭子,30A62F62CE73AB360981AD27807669D2D44BE56F08A5E5D13EB6F7874CA1BD9C,text,「她不再以名门凤家幺女的身份生活，而是作为祐唯大人的妻子、作为篁家之女活着。」\p
1252,game_t01254,０２０：１９９７年_09：篁邸　夜　恭子・母回想.egpack,０２０：１９９７年_09：篁邸　夜　恭子・母回想,恭子,FC3CEFC6300C28D502DA3DD7FB8354890B30AC516BA81EEF505610C6FE054F00,text,「她对世人投来的廉价怜悯与同情不屑一顾，只一心为篁家而活。」\p
1253,game_t01255,０２０：１９９７年_09：篁邸　夜　恭子・母回想.egpack,０２０：１９９７年_09：篁邸　夜　恭子・母回想,唯依,0F46F0272F502B545E3C9496781D24B47D52FC76B4F927A0595368C542ADAA60,text,「母亲……」\p
1254,game_t01256,０２０：１９９７年_09：篁邸　夜　恭子・母回想.egpack,０２０：１９９７年_09：篁邸　夜　恭子・母回想,恭子,C2DCDDDF0F8EBC87051D08C769179299A33CF2ECBBB498F6564ADAF5EB20EDD9,text,「而祐唯大人也倾尽身心，回应了栴纳大人的这份心意。」\p
1255,game_t01257,０２０：１９９７年_09：篁邸　夜　恭子・母回想.egpack,０２０：１９９７年_09：篁邸　夜　恭子・母回想,恭子,9186CC04920267A90A24C49E13D74E8AA33A53F3637EC3B623D0913C9CFCB409,text,「栴纳大人带给篁家的珍宝……祐唯大人将‘唯一的依靠’这份含义寄托在‘唯依’这个名字里。也就是你……」\p
1256,game_t01258,０２０：１９９７年_09：篁邸　夜　恭子・母回想.egpack,０２０：１９９７年_09：篁邸　夜　恭子・母回想,唯依,E6859E1D33913D7879EADF455FFC2263495211564525BB5E769057F037F995F6,text,「唯一的依靠……」\p
1257,game_t01259,０２０：１９９７年_09：篁邸　夜　恭子・母回想.egpack,０２０：１９９７年_09：篁邸　夜　恭子・母回想,恭子,0559D45A0D498F1F12CCC4438336192120E685A2F6FCEFDC858F392B2B635CBD,text,「他摆脱无数羁绊，将你立为篁家下一任家主。那正是他最重大的回应，也是他保护你和栴纳大人的证明。」\p
1258,game_t01260,０２０：１９９７年_09：篁邸　夜　恭子・母回想.egpack,０２０：１９９７年_09：篁邸　夜　恭子・母回想,恭子,2FECD14874DC9EBD3B3292D386C7E365CF46EDA00B387161435FF052754FB9E7,text,「与过去不同，如今即便是女性也能获得较高地位。但武家家主另当别论。」\p
1259,game_t01261,０２０：１９９７年_09：篁邸　夜　恭子・母回想.egpack,０２０：１９９７年_09：篁邸　夜　恭子・母回想,恭子,D9D064AB1996381FA78E1984673FB8E8E7605A307157D174D13AC4B3D2684B00,text,「在一个完全由男性逻辑构筑的武家社会里，立女性为下一任家主，究竟需要克服多少阻力和障碍……」\p
1260,game_t01262,０２０：１９９７年_09：篁邸　夜　恭子・母回想.egpack,０２０：１９９７年_09：篁邸　夜　恭子・母回想,恭子,E3B71BC0E617DC8E06E3462C4DE2293790A5D0EF7CC594DB681FAACC148F0326,text,「我切身体会得到，祐唯大人与栴纳大人办成这件事，究竟有多么不易、又有多么重大。因为我也走在与你相同的道路上。」\p
1261,game_t01263,０２０：１９９７年_09：篁邸　夜　恭子・母回想.egpack,０２０：１９９７年_09：篁邸　夜　恭子・母回想,唯依,74A0EF87CBBE76450E87D26FB18349FC58DF2AF4EA60A491E2316F6871F022A7,text,「恭子大人……」\p
1262,game_t01264,０２０：１９９７年_09：篁邸　夜　恭子・母回想.egpack,０２０：１９９７年_09：篁邸　夜　恭子・母回想,恭子,8502D59CDB0759FD856EF6930373DBDA7E74A780DC25A01505505310E9BCC0DF,text,「唯依，你父亲……」\p
1263,game_t01265,０２０：１９９７年_09：篁邸　夜　恭子・母回想.egpack,０２０：１９９７年_09：篁邸　夜　恭子・母回想,恭子,A6728A7165ACCE42F1EFB5BFBD9705332D5FA56E5CEA4A585CA54FA06E9567C8,text,「无论发生什么——不管遭遇任何事——」\p
1264,game_t01266,０２０：１９９７年_09：篁邸　夜　恭子・母回想.egpack,０２０：１９９７年_09：篁邸　夜　恭子・母回想,恭子,E30BF95F23D1EC0116F16E83C19840670C5D87C3181C2AB52D31B63FB76AF9C4,text,「哪怕命运被某种无从反抗的强大力量扭曲——」\p
1265,game_t01267,０２０：１９９７年_09：篁邸　夜　恭子・母回想.egpack,０２０：１９９７年_09：篁邸　夜　恭子・母回想,恭子,08BF9BF9EB31E74297D815CC2A6E7E5E94F81562EB35BBF8C047EDC77349B89B,text,「他也会为了所有追随自己的人彻底舍弃私我，贯彻篁家的矜持。」\p
1266,game_t01268,０２０：１９９７年_09：篁邸　夜　恭子・母回想.egpack,０２０：１９９７年_09：篁邸　夜　恭子・母回想,恭子,8A102361B6FF04B96D13F7EB4201B1AF42F43F66632510F10B820BBA8C7E3623,text,「他只默默尽职，以行动和结果发声，用足以压倒诽谤中伤的功绩与信赖，让那些说长道短之人闭嘴。却不损任何人的颜面——哪怕是曾贬低篁家的人。」\p
1267,game_t01269,０２０：１９９７年_09：篁邸　夜　恭子・母回想.egpack,０２０：１９９７年_09：篁邸　夜　恭子・母回想,唯依,7EA99C2F68E1C3060F7C5B2EF9CB928DC531BBC89C72CBE90644E5F97B029177,text,「父亲……」\p
1268,game_t01270,０２０：１９９７年_09：篁邸　夜　恭子・母回想.egpack,０２０：１９９７年_09：篁邸　夜　恭子・母回想,恭子,9E8C102E2C606455C3E3AC822D3A537DBEE0EA37A84F0A7B2AFF7EF973D7A7F4,text,「唯依，等你长大一些——你所处的位置一定会为你带来新的视野，让你看见不同的世界。」\p
1269,game_t01271,０２０：１９９７年_09：篁邸　夜　恭子・母回想.egpack,０２０：１９９７年_09：篁邸　夜　恭子・母回想,恭子,51D6C442DAEEA57962EDBF016B2C52D0435AECEA62C28ECB8E820D7BF7EA2DC2,text,「快乐、欣喜、悲伤、痛苦……全都会展现在你眼前。但那是一件无比美好的事。」\p
1270,game_t01272,０２０：１９９７年_09：篁邸　夜　恭子・母回想.egpack,０２０：１９９７年_09：篁邸　夜　恭子・母回想,唯依,7B5E4CD727FF689B3CB04B456929AD791A1C9A0464A521CBF279E7E1B1F368B3,text,「恭子大人……？」\p
1271,game_t01273,０２０：１９９７年_09：篁邸　夜　恭子・母回想.egpack,０２０：１９９７年_09：篁邸　夜　恭子・母回想,恭子,CDCBB2508C0DA6329A92E9E835D2A85533D582FC9AD3008DEBA49C999AB82FB2,text,「现在不明白也没关系……但请记住。」\p
1272,game_t01274,０２０：１９９７年_09：篁邸　夜　恭子・母回想.egpack,０２０：１９９７年_09：篁邸　夜　恭子・母回想,唯依,AC291B667FACD9F31364C3F77D822EE28C28051EDC7397AAD9B67E51E41B0EAD,text,「是……」\p
1273,game_t01275,０２０：１９９７年_09：篁邸　夜　恭子・母回想.egpack,０２０：１９９７年_09：篁邸　夜　恭子・母回想,恭子,6B2B8F6C83981BB206B0E20163B1C127D7200F4D34EAB9FC21414FAEF49BDFDB,text,「因为到那时，你一定会知道你的父母是多么了不起的人。」\p
1274,game_t01276,０２０：１９９７年_09：篁邸　夜　恭子・母回想.egpack,０２０：１９９７年_09：篁邸　夜　恭子・母回想,恭子,2E66FF850B96CCBCDCE3104E7A5777C4EC0B71EE99B8200DA951A79E98562979,text,「也会知道祐唯大人与栴纳大人有多么爱你。」\p
1275,game_t01277,０２０：１９９７年_09：篁邸　夜　恭子・母回想.egpack,０２０：１９９７年_09：篁邸　夜　恭子・母回想,唯依,FC1BB2D07B8CA4CB833A8FC775711F88FDC75DF9188537E5BF556C9021D9D39C,text,「…\w…\w…\w…\w」\p
1276,game_t01278,０２０：１９９７年_09：篁邸　夜　恭子・母回想.egpack,０２０：１９９７年_09：篁邸　夜　恭子・母回想,唯依,0495E844407665AD2423F3EFB5CDAE4AF715ED6C89EA693012741F90CF206BDF,text,「可是恭子大人……」\p
1277,game_t01279,０２０：１９９７年_09：篁邸　夜　恭子・母回想.egpack,０２０：１９９７年_09：篁邸　夜　恭子・母回想,恭子,235C579E6C69ECDC117D5B42E0F3A3F746564279CDC1272BCCD38170F5DD4190,text,「嗯……？」\p
1278,game_t01280,０２０：１９９７年_09：篁邸　夜　恭子・母回想.egpack,０２０：１９９７年_09：篁邸　夜　恭子・母回想,唯依,82BD8C4C2BB348E17C4B9D2856224AE4CD9160BB452E15548BBED8267B92AF3A,text,「……唯依已经知道了。」\p
1279,game_t01281,０２０：１９９７年_09：篁邸　夜　恭子・母回想.egpack,０２０：１９９７年_09：篁邸　夜　恭子・母回想,唯依,9167B0BAF35F10E16447D3465708B6C976E81FBCB2945CCD6E0FCE8FE841BAA2,text,「父亲和母亲有多么了不起，又有多么爱唯依，我都已经知道了。」\p
1280,game_t01282,０２０：１９９７年_09：篁邸　夜　恭子・母回想.egpack,０２０：１９９７年_09：篁邸　夜　恭子・母回想,恭子,42CCC6B489BAF8AC2B8FFB75E8961B15B7A066FD9BDB18A6099EF3E69A201097,text,「呵呵，对不起……是呢。」\p
1281,game_t01283,０２０：１９９７年_09：篁邸　夜　恭子・母回想.egpack,０２０：１９９７年_09：篁邸　夜　恭子・母回想,唯依,FC1BB2D07B8CA4CB833A8FC775711F88FDC75DF9188537E5BF556C9021D9D39C,text,「…\w…\w…\w…\w」\p
1282,game_t01284,０２０：１９９７年_09：篁邸　夜　恭子・母回想.egpack,０２０：１９９７年_09：篁邸　夜　恭子・母回想,旁白,02CFB2A17D0150EED85B6BF196A953BC4EC7831E98751A0F3886DE19F84B7ADC,text,那只是恭子大人在顾全年幼的我的自尊。\p
1283,game_t01285,０２０：１９９７年_09：篁邸　夜　恭子・母回想.egpack,０２０：１９９７年_09：篁邸　夜　恭子・母回想,旁白,59DF6F66A0C8383114D74AFD49F1AF7B593685B33F7671D25CFA4FC211BB0AAA,text,可恭子大人当时说过的许多话……有些我那时不懂，如今已经渐渐明白了它们的含义。真的只是一点一点……\p
1284,game_t01286,０２０：１９９７年_09：篁邸　夜　恭子・母回想.egpack,０２０：１９９７年_09：篁邸　夜　恭子・母回想,旁白,CD28CE0C3919C531B0AC04441891918A10CC9E4703753F4FA34283343EA5039B,text,这是否说明，与那一天相比，我多少成长了一些呢？\p
1285,game_t01287,０２０：１９９７年_09：篁邸　夜　恭子・母回想.egpack,０２０：１９９７年_09：篁邸　夜　恭子・母回想,唯依,FC1BB2D07B8CA4CB833A8FC775711F88FDC75DF9188537E5BF556C9021D9D39C,text,「…\w…\w…\w…\w」\p
1286,game_t01288,０２０：１９９７年_09：篁邸　夜　恭子・母回想.egpack,０２０：１９９７年_09：篁邸　夜　恭子・母回想,旁白,D1DAEC3F2FF02EF8F21AA5A995649CD4D1C2196F3DEDABF6368F5768AA2E5898,text,可是……\p
1287,game_t01289,０２０：１９９７年_09：篁邸　夜　恭子・母回想.egpack,０２０：１９９７年_09：篁邸　夜　恭子・母回想,恭子,4323ECB305617E073FA96D52072EBAC0DEFA16BF1822A79B20F3644BC3A8748B,text,「现在不明白也没关系……但请记住。」\p
1288,game_t01290,０２０：１９９７年_09：篁邸　夜　恭子・母回想.egpack,０２０：１９９７年_09：篁邸　夜　恭子・母回想,恭子,6B2B8F6C83981BB206B0E20163B1C127D7200F4D34EAB9FC21414FAEF49BDFDB,text,「因为到那时，你一定会知道你的父母是多么了不起的人。」\p
1289,game_t01291,０２０：１９９７年_09：篁邸　夜　恭子・母回想.egpack,０２０：１９９７年_09：篁邸　夜　恭子・母回想,恭子,2E66FF850B96CCBCDCE3104E7A5777C4EC0B71EE99B8200DA951A79E98562979,text,「也会知道祐唯大人与栴纳大人有多么爱你。」\p
1290,game_t01292,０２０：１９９７年_09：篁邸　夜　恭子・母回想.egpack,０２０：１９９７年_09：篁邸　夜　恭子・母回想,旁白,E772084C3BEA42F87D6037AE136C8D016B61FE0D3D0362E65216934206DED1C1,text,但对于恭子大人所说的父亲母亲真正的为人，以及他们对我的感情究竟有多么深厚，我大概仍然一无所知。\p
1291,game_t01293,０２０：１９９７年_09：篁邸　夜　恭子・母回想.egpack,０２０：１９９７年_09：篁邸　夜　恭子・母回想,旁白,036CD16618537EE669DE5F0426E93E148F68C6D642E9719443783127CBAE46BA,text,毕竟光是我现在知道的，就已经足够让我觉得他们非常了不起……\p
1292,game_t01294,０２０：１９９７年_09：篁邸　夜　恭子・母回想.egpack,０２０：１９９７年_09：篁邸　夜　恭子・母回想,唯依,FC1BB2D07B8CA4CB833A8FC775711F88FDC75DF9188537E5BF556C9021D9D39C,text,「…\w…\w…\w…\w」\p
1293,game_t01295,０２０：１９９７年_09：篁邸　夜　恭子・母回想.egpack,０２０：１９９７年_09：篁邸　夜　恭子・母回想,旁白,D3C2D87EB4D4D7A199552D96A1A2CF23CEC12CD20B5F814D2B9B7977903C96EA,text,恭子大人大概了解父亲母亲许多我从未见过的一面……\p
1294,game_t01296,０２０：１９９７年_09：篁邸　夜　恭子・母回想.egpack,０２０：１９９７年_09：篁邸　夜　恭子・母回想,旁白,FDF4E5A29FA9F03993898E470709E409ABDFD311137577D38C1061385801F957,text,我要到什么时候，才能登上看得见那些事物的高度呢……\p
1295,game_t01297,０２０：１９９７年_09：篁邸　夜　恭子・母回想.egpack,０２０：１９９７年_09：篁邸　夜　恭子・母回想,唯依,FC1BB2D07B8CA4CB833A8FC775711F88FDC75DF9188537E5BF556C9021D9D39C,text,「…\w…\w…\w…\w」\p
1296,game_t01298,０２０：１９９７年_09：篁邸　夜　恭子・母回想.egpack,０２０：１９９７年_09：篁邸　夜　恭子・母回想,旁白,93ECFAC58D9CF7964ABA584651D385C441CB4DA3FE59684D5A3BD4173AFA7CAE,text,到那时，我又会向谁……回报些什么呢……\p
1297,game_t01299,０２０：１９９７年_10：提督の特別講義　４月２５日　協調のきっかけ.egpack,０２０：１９９７年_10：提督の特別講義　４月２５日　協調のきっかけ,真田教官,EB8825C08C5BA1C81AA35CA96FD00A12A6E9759E606B995DAB43B1A09F1C4A43,text,「——鉴于近来大陆战局瞬息难料，斯卫军与帝国陆海军之间的协同，在日本防卫中的重要性今后只会继续提高！」\p
1298,game_t01300,０２０：１９９７年_10：提督の特別講義　４月２５日　協調のきっかけ.egpack,０２０：１９９７年_10：提督の特別講義　４月２５日　協調のきっかけ,真田教官,96DE344CA131C2216CE2107131EC690B0DA193243B10244307E1F0D547532B39,text,「今天的特别讲座，是为培养各军协同不可或缺的相互理解与信任而实行的交流制度之一。」\p
1299,game_t01301,０２０：１９９７年_10：提督の特別講義　４月２５日　協調のきっかけ.egpack,０２０：１９９７年_10：提督の特別講義　４月２５日　協調のきっかけ,真田教官,8B1EF6860F15E8F766C59BDA6B566822CEE77C88338238B6E063CBBDAC6F8A0C,text,「此次应邀担任特别讲师的，是驻守琵琶湖、肩负帝都防卫的帝国海军第二舰队总司令小泽久弥中将，以及担任其参谋的安倍智彦上校。」\p
1300,game_t01302,０２０：１９９７年_10：提督の特別講義　４月２５日　協調のきっかけ.egpack,０２０：１９９７年_10：提督の特別講義　４月２５日　協調のきっかけ,真田教官,A41648EE17BE0805EDC33CBF6627EF689ACAFB306C5ADA1977B6AE9FE070AF95,text,「这也是让生活在武家社会这座城堡中的你们，思考自己的价值标准与组织体系究竟和世俗相距多远的机会。」\p
1301,game_t01303,０２０：１９９７年_10：提督の特別講義　４月２５日　協調のきっかけ.egpack,０２０：１９９７年_10：提督の特別講義　４月２５日　協調のきっかけ,唯依,FC1BB2D07B8CA4CB833A8FC775711F88FDC75DF9188537E5BF556C9021D9D39C,text,「…\w…\w…\w…\w」\p
1302,game_t01304,０２０：１９９７年_10：提督の特別講義　４月２５日　協調のきっかけ.egpack,０２０：１９９７年_10：提督の特別講義　４月２５日　協調のきっかけ,真田教官,E4EA8DD1F30049FA9E7C4A1D8EC08735B6DAF8A49D096092B5755FEBABA9B406,text,「正如校长在今早晨会上所说，各自务必专心听讲——明白了吗！？」\p
1303,game_t01305,０２０：１９９７年_10：提督の特別講義　４月２５日　協調のきっかけ.egpack,０２０：１９９７年_10：提督の特別講義　４月２５日　協調のきっかけ,唯依,03DB666BC86B8D86B58CB255D01D6FB6D79014375BF584F7FD999308813DAF35,text,「——是，教官！」
1304,game_t01306,０２０：１９９７年_10：提督の特別講義　４月２５日　協調のきっかけ.egpack,０２０：１９９７年_10：提督の特別講義　４月２５日　協調のきっかけ,候補生全員,415F4CBC703BCF5F8DC52486D4F324B7A53334CDE0EBEBF7C9E7BCC257F81F40,text,「——是，教官！」\p
1305,game_t01307,０２０：１９９７年_10：提督の特別講義　４月２５日　協調のきっかけ.egpack,０２０：１９９７年_10：提督の特別講義　４月２５日　協調のきっかけ,真田教官,2F451F72C41BD4E2FCD9A56EC301570305A9A74647B5FE9ACB108D42E054B73C,text,「——那么，在讲座开始前休息十分钟。预备铃响后，各自就座待命——以上。」\p
1306,game_t01308,０２０：１９９７年_10：提督の特別講義　４月２５日　協調のきっかけ.egpack,０２０：１９９７年_10：提督の特別講義　４月２５日　協調のきっかけ,唯依,FC1BB2D07B8CA4CB833A8FC775711F88FDC75DF9188537E5BF556C9021D9D39C,text,「…\w…\w…\w…\w」\p
1307,game_t01309,０２０：１９９７年_10：提督の特別講義　４月２５日　協調のきっかけ.egpack,０２０：１９９７年_10：提督の特別講義　４月２５日　協調のきっかけ,旁白,D79AC0BC0D3B110EBA31BF2C44F9FDB7933CB6EBD59060084C2E05BECB55EE47,text,生活在武家社会这座城堡中，遵循与世俗社会脱节的价值标准……吗。\p
1308,game_t01310,０２０：１９９７年_10：提督の特別講義　４月２５日　協調のきっかけ.egpack,０２０：１９９７年_10：提督の特別講義　４月２５日　協調のきっかけ,旁白,D406D00B70096086E3C5A7B4136C3411012506EE8286DC2D64E4A9EFE6E766F0,text,不管我怎么反复思考，结论都一样。我果然无法舍弃这份矜持，也不认为自己应该舍弃。\p
1309,game_t01311,０２０：１９９７年_10：提督の特別講義　４月２５日　協調のきっかけ.egpack,０２０：１９９７年_10：提督の特別講義　４月２５日　協調のきっかけ,旁白,4EB48D1D368F16B58E3DFDF68589D6C8DA1E3DCF2ACD497B265A79F9BC1C773B,text,关键只在于能否根据情况彻底切换应对方式，没有必要连内心的信念也改变。\p
1310,game_t01312,０２０：１９９７年_10：提督の特別講義　４月２５日　協調のきっかけ.egpack,０２０：１９９７年_10：提督の特別講義　４月２５日　協調のきっかけ,旁白,BBD156C12601692ECACFD334656E01630101D009339E3E25577D92A6B321C47E,text,即使心中有迷惘，也要拥有不让它影响行动的坚强——说来容易。可我……必须做到。\p
1311,game_t01313,０２０：１９９７年_10：提督の特別講義　４月２５日　協調のきっかけ.egpack,０２０：１９９７年_10：提督の特別講義　４月２５日　協調のきっかけ,旁白,F3C0AB731564BC281037769849D55AB38A395FB5D6EB1F25984C459E8A715EB2,text,我对大家说话的方式和态度，也是其中一部分——也就是如何让定义自我的矜持，与必须转换方式应对的现实并存。\p
1312,game_t01314,０２０：１９９７年_10：提督の特別講義　４月２５日　協調のきっかけ.egpack,０２０：１９９７年_10：提督の特別講義　４月２５日　協調のきっかけ,安芸,39C2BA43CDD013229FC5C0208FD7D22388A8F5A2A6BC6BEBFED8E00EDD7EE133,text,「不过话说回来～为什么要请一位海军将领来呢？斯卫明明只有陆军部队。」\p
1313,game_t01315,０２０：１９９７年_10：提督の特別講義　４月２５日　協調のきっかけ.egpack,０２０：１９９７年_10：提督の特別講義　４月２５日　協調のきっかけ,志摩子,2D6D4D642123A7130F0475CBE1120D3C226FAEE526F31AB61C19DD41BE4FAA26,text,「这不正是为了协同吗？无论支援炮击，还是部署和后勤，没有海军协助，斯卫独自根本无法进行大规模作战。」\p
1314,game_t01316,０２０：１９９７年_10：提督の特別講義　４月２５日　協調のきっかけ.egpack,０２０：１９９７年_10：提督の特別講義　４月２５日　協調のきっかけ,安芸,78C17F317934A6D4B8F034A2C5D708C05707CCF3329A58DB266582AB5F0011D3,text,「可是斯卫军早就停止向大陆派兵了。需要海军协同的大规模部署，以后应该不会再有了吧？」\p
1315,game_t01317,０２０：１９９７年_10：提督の特別講義　４月２５日　協調のきっかけ.egpack,０２０：１９９７年_10：提督の特別講義　４月２５日　協調のきっかけ,旁白,78A821D2A023B9093722009171B845E082BBC7570ABCA5637ACBC38FCBCE1489,text,不，如果有一天需要这样做……\p
1316,game_t01318,０２０：１９９７年_10：提督の特別講義　４月２５日　協調のきっかけ.egpack,０２０：１９９７年_10：提督の特別講義　４月２５日　協調のきっかけ,旁白,A9E7CA58FE8C3F9DDB3BC48BB2B5BADACF3DEBB7E1704CA5A0BE2DB543392BBD,text,我已经舍弃了“连想象都是不敬”这种念头。虽然那绝不该发生……但做好准备正是斯卫的使命。\p
1317,game_t01319,０２０：１９９７年_10：提督の特別講義　４月２５日　協調のきっかけ.egpack,０２０：１９９７年_10：提督の特別講義　４月２５日　協調のきっかけ,旁白,73537B0F22580F29C052865E48A07144FB23118947BED85CD74B0F88E9013756,text,是战线不断后退，让日本沦为战场；还是斯卫再次向大陆派兵。无论哪一种情况，与帝国海军的协同都会变得重要。\p
1318,game_t01320,０２０：１９９７年_10：提督の特別講義　４月２５日　協調のきっかけ.egpack,０２０：１９９７年_10：提督の特別講義　４月２５日　協調のきっかけ,旁白,4BD32CB6199FCD6FCC23979F4024229E9A867FCA06D42A02FD7D878B2D0B839A,text,正因如此，这次机会才很重要。得趁安艺的挖苦跑偏之前想办法，否则这种排斥气氛也许会传染给所有人。\p
1319,game_t01321,０２０：１９９７年_10：提督の特別講義　４月２５日　協調のきっかけ.egpack,０２０：１９９７年_10：提督の特別講義　４月２５日　協調のきっかけ,唯依,FC1BB2D07B8CA4CB833A8FC775711F88FDC75DF9188537E5BF556C9021D9D39C,text,「…\w…\w…\w…\w」\p
1320,game_t01322,０２０：１９９７年_10：提督の特別講義　４月２５日　協調のきっかけ.egpack,０２０：１９９７年_10：提督の特別講義　４月２５日　協調のきっかけ,旁白,7074259CB31A43154A87854AC787047A0860CE5D0AC71E3F2A83DC1517BCA662,text,虽然只是训练中的临时编组，安艺她们仍是交给我指挥的小队成员。至少在解除编组前，我对她们负有种种责任。\p
1321,game_t01323,０２０：１９９７年_10：提督の特別講義　４月２５日　協調のきっかけ.egpack,０２０：１９９７年_10：提督の特別講義　４月２５日　協調のきっかけ,旁白,DCB381A25C0927410BA0EA1D787C3A3CBFF8C1E37564FDF31ED0186ADC1213E1,text,为了将来不让大家送命，我得改变这段对话的大方向——\p
1322,game_t01324,０２０：１９９７年_10：提督の特別講義　４月２５日　協調のきっかけ.egpack,０２０：１９９７年_10：提督の特別講義　４月２５日　協調のきっかけ,唯依,73FF496259A54A2AC4772275550B0AA1A972EC14D3E73C99A2FC0213AE559957,text,「——说起来，昨天我听母亲说，德永少将的家族属于旧萨摩派，在海军高层很有人脉。所以这次邀请这两位讲师，也许就是因为这个。」\p
1323,game_t01325,０２０：１９９７年_10：提督の特別講義　４月２５日　協調のきっかけ.egpack,０２０：１９９７年_10：提督の特別講義　４月２５日　協調のきっかけ,和泉,C6D2FEADF54FF79615473A778B01DBDD923EFA2FEBD1CDD8C279CB08274E353F,text,「啊～原来是校长的人脉。怪不得能请到琵琶湖舰队现任总司令和参谋。」\p
1324,game_t01326,０２０：１９９７年_10：提督の特別講義　４月２５日　協調のきっかけ.egpack,０２０：１９９７年_10：提督の特別講義　４月２５日　協調のきっかけ,志摩子,675DD7E309FE74ED92CDFA02B9F32527647C67CFDC957E0C84760A07CC878423,text,「德永校长出身亲藩武家，既然由她出面邀请，海军若不派将官级人物前来，就等于折损斯卫的颜面。」\p
1325,game_t01327,０２０：１９９７年_10：提督の特別講義　４月２５日　協調のきっかけ.egpack,０２０：１９９７年_10：提督の特別講義　４月２５日　協調のきっかけ,安芸,A46C0C67A74389E085F612DCC88E3CF8A81DD02B65A91C39AA2618D37F0E5D97,text,「不愧是谱代出身的唯依家啊～这种上层武家之间的人脉，我们外样根本沾不上边。」\p
1326,game_t01328,０２０：１９９７年_10：提督の特別講義　４月２５日　協調のきっかけ.egpack,０２０：１９９７年_10：提督の特別講義　４月２５日　協調のきっかけ,唯依,0F6D33199B23CC2D740B725BE544C8FAEEC4DF895D7CDEAEFD77BB4AACBA8DDB,text,「没有那回事……只是母亲碰巧知道而已。」\p
1327,game_t01329,０２０：１９９７年_10：提督の特別講義　４月２５日　協調のきっかけ.egpack,０２０：１９９７年_10：提督の特別講義　４月２５日　協調のきっかけ,志摩子,90488BC30A3F3A7DB6ED8B9F2D5CC0E09AD819CE5FE7E821B353D7F0D8D6ECB7,text,「才、才不是呢安艺。和上层武家有联系的外样武家也很多啊。比如山城家。」\p
1328,game_t01330,０２０：１９９７年_10：提督の特別講義　４月２５日　協調のきっかけ.egpack,０２０：１９９７年_10：提督の特別講義　４月２５日　協調のきっかけ,安芸,05203F52925625989002E6E18620935BD60E4B4BF2BF1D2B52EB020992F29A85,text,「啊～也对～。唔，我们家的人是不是就因为不懂这些，所以升迁才慢啊～」\p
1329,game_t01331,０２０：１９９７年_10：提督の特別講義　４月２５日　協調のきっかけ.egpack,０２０：１９９７年_10：提督の特別講義　４月２５日　協調のきっかけ,旁白,63BF05E3C022B65649407B1DCD4C3CBB48FD10F9B090F8F27809E3E8E114AE77,text,志摩子……她知道母亲和恭子大人的关系，所以才替我解围吧。正因为她对家格敏感，这种体贴才格外令人感激。\p
1330,game_t01332,０２０：１９９７年_10：提督の特別講義　４月２５日　協調のきっかけ.egpack,０２０：１９９７年_10：提督の特別講義　４月２５日　協調のきっかけ,志摩子,66FB207D2BE99197BE35572F1E2396176AA7F84710B17E4D9E59B9EB4DF8323D,text,「总之，无论隶属于帝国五军中的哪一军，有实战经验的人所讲的话都很重要。连对方都不了解，又谈何协同和交流。」\p
1331,game_t01333,０２０：１９９７年_10：提督の特別講義　４月２５日　協調のきっかけ.egpack,０２０：１９９７年_10：提督の特別講義　４月２５日　協調のきっかけ,安芸,3084BCE7FBBE76CE59A0F879793C3051D29BD4E3DDB99FFF2B883F25A3CABF67,text,「可先不说和斯卫交流，听说帝国军的陆军与海军历来关系恶劣。实际到底怎么样呢？」\p
1332,game_t01334,０２０：１９９７年_10：提督の特別講義　４月２５日　協調のきっかけ.egpack,０２０：１９９７年_10：提督の特別講義　４月２５日　協調のきっかけ,和泉,265578C91E88D0E72EFBD896DE93D16173CD4FCFAFEF8EE4B74C76138E957E50,text,「听说那只是败给美国之前的事。至少陆海军的关系总比斯卫军和帝国军好吧。」\p
1333,game_t01335,０２０：１９９７年_10：提督の特別講義　４月２５日　協調のきっかけ.egpack,０２０：１９９７年_10：提督の特別講義　４月２５日　協調のきっかけ,安芸,9E65EF24A8A5F244ED4F3E7C497D93D5C8190E15288C284C4DBAF2B24DCAA755,text,「反正我也不想见那些称我们为‘大小姐士兵教室’的家伙，结果请来海军倒也不错。」\p
1334,game_t01336,０２０：１９９７年_10：提督の特別講義　４月２５日　協調のきっかけ.egpack,０２０：１９９７年_10：提督の特別講義　４月２５日　協調のきっかけ,和泉,A046BF3CDF9D304AEA48C4F563452EFB21B2BE7C394E3D2427C03D19138D5F7B,text,「哦～这么说，海军中将的特别讲座你打算认真听？」\p
1335,game_t01337,０２０：１９９７年_10：提督の特別講義　４月２５日　協調のきっかけ.egpack,０２０：１９９７年_10：提督の特別講義　４月２５日　協調のきっかけ,安芸,A28AE485990B26AB659DE6A878A729401769ECEE8827D5DC364C36DEEAAAD8AE,text,「嗯～难说。我可能没信心一直醒到最后。」\p
1336,game_t01338,０２０：１９９７年_10：提督の特別講義　４月２５日　協調のきっかけ.egpack,０２０：１９９７年_10：提督の特別講義　４月２５日　協調のきっかけ,志摩子,7C9910F8F2BFCEA50435E16BCC8EFF8B647EFDC203FAB6E1AA4996BA6F560AA0,text,「第一节课都还没开始哦？又不是刚吃完午饭肚子很饱，你可得认真听～」\p
1337,game_t01339,０２０：１９９７年_10：提督の特別講義　４月２５日　協調のきっかけ.egpack,０２０：１９９７年_10：提督の特別講義　４月２５日　協調のきっかけ,安芸,517F7E4183240B2C136F8FCBA55E698E6535307ACB1C708AF53CFDE83E96700E,text,「嗯～清晨等于犯困～」\p
1338,game_t01340,０２０：１９９７年_10：提督の特別講義　４月２５日　協調のきっかけ.egpack,０２０：１９９７年_10：提督の特別講義　４月２５日　協調のきっかけ,和泉,65C867F14ED5464BCCCB72C73AF7DC394DA72D1417FD209CC36485044F319667,text,「什么嘛。结果你无论什么时候都困。」\p
1339,game_t01341,０２０：１９９７年_10：提督の特別講義　４月２５日　協調のきっかけ.egpack,０２０：１９９７年_10：提督の特別講義　４月２５日　協調のきっかけ,旁白,2AD5BDF95B09635BCBB78C8DD8D0383645747E5B08137350053F509C9222A1FC,text,武门矜持这一理想，以及必须认清并应对的现实。\p
1340,game_t01342,０２０：１９９７年_10：提督の特別講義　４月２５日　協調のきっかけ.egpack,０２０：１９９７年_10：提督の特別講義　４月２５日　協調のきっかけ,旁白,DA037F1C27D08C2A5F67C09815F07A3FD02C5D8CFBE91161A903F4C86EEFC735,text,虽然说的不是斯卫军和帝国军，但在谈协同之前，我是不是也该先加深彼此理解？还是应该做好招致不满的觉悟，向她们阐明自己的理想……\p
1341,game_t01343,０２０：１９９７年_10：提督の特別講義　４月２５日　協調のきっかけ.egpack,０２０：１９９７年_10：提督の特別講義　４月２５日　協調のきっかけ,旁白,3FB4CDC1EAC0F554E6C53BDF704E0541F0974565C83F4DB970D3E8D1F6D38A96,text,以我们相处至今的经验来看，把因家格差异而不同的理想强加给她们，绝不会带来好结果……\p
1342,game_t01346,０２０：１９９７年_10：提督の特別講義　４月２５日　協調のきっかけ.egpack,０２０：１９９７年_10：提督の特別講義　４月２５日　協調のきっかけ,唯依,D403215B35E02D595F594A3C6BECCAFAFFDF41B9B4B4E519AC24C686FC1B1E55,text,「那个，我有些话想让大家听听……」\p
1343,game_t01347,０２０：１９９７年_10：提督の特別講義　４月２５日　協調のきっかけ.egpack,０２０：１９９７年_10：提督の特別講義　４月２５日　協調のきっかけ,安芸,5D1662CB74CB3DAA9C160C120FACFCB56F7D3B00BA93AE3ABC0896B1B3AD229A,text,「怎么了，突然这么郑重？」\p
1344,game_t01348,０２０：１９９７年_10：提督の特別講義　４月２５日　協調のきっかけ.egpack,０２０：１９９７年_10：提督の特別講義　４月２５日　協調のきっかけ,和泉,85B6FD648034C6E550BC387F7FFC652BC80613214C53FB6BFA5778AF7043F0C8,text,「…\w…\w？」\p
1345,game_t01349,０２０：１９９７年_10：提督の特別講義　４月２５日　協調のきっかけ.egpack,０２０：１９９７年_10：提督の特別講義　４月２５日　協調のきっかけ,志摩子,FC1BB2D07B8CA4CB833A8FC775711F88FDC75DF9188537E5BF556C9021D9D39C,text,「…\w…\w…\w…\w」\p
1346,game_t01350,０２０：１９９７年_10：提督の特別講義　４月２５日　協調のきっかけ.egpack,０２０：１９９７年_10：提督の特別講義　４月２５日　協調のきっかけ,旁白,BEC38E7583FB004CC380931B06D5F89AC5B5AF3561E6122771BD7E4FDDB2A947,text,我和大家虽然同为武家，立场却并不相同——必须仔细考虑表达方式。\p
1347,game_t01351,０２０：１９９７年_10：提督の特別講義　４月２５日　協調のきっかけ.egpack,０２０：１９９７年_10：提督の特別講義　４月２５日　協調のきっかけ,唯依,0B1A306C79AC5902D5EA670A5733BA18A8B6CF73BB5D6374EB65067812AB6658,text,「正如志摩子所说，对我们这些候补生而言，有实战经验者的讲述非常重要。」\p
1348,game_t01352,０２０：１９９７年_10：提督の特別講義　４月２５日　協調のきっかけ.egpack,０２０：１９９７年_10：提督の特別講義　４月２５日　協調のきっかけ,唯依,C9386FF0F5F33C11845CB5A9EE70CA928D38A571919F9D8EFC43049EBB35C859,text,「到了实战中，谁也不知道什么知识会派上用场。多掌握一点总没有坏处吧？」\p
1349,game_t01353,０２０：１９９７年_10：提督の特別講義　４月２５日　協調のきっかけ.egpack,０２０：１９９７年_10：提督の特別講義　４月２５日　協調のきっかけ,安芸,F191344C3E9F852F8D91EECB36D9D8346BDED2D0E8E89573FA0317653F1CFE40,text,「话是这么说啦～反正肯定又是从‘鉴于近来战况～’讲起，然后扯到‘死亡8分钟’和BETA。」\p
1350,game_t01354,０２０：１９９７年_10：提督の特別講義　４月２５日　協調のきっかけ.egpack,０２０：１９９７年_10：提督の特別講義　４月２５日　協調のきっかけ,和泉,337FDC251E8C4A62DC111701C4364143458EA3C8F74EDA8B783780CA4C652182,text,「最后再以‘为了成为优秀的卫士，请继续努力’收尾。嗯，标准的说教套路。」\p
1351,game_t01355,０２０：１９９７年_10：提督の特別講義　４月２５日　協調のきっかけ.egpack,０２０：１９９７年_10：提督の特別講義　４月２５日　協調のきっかけ,志摩子,0B00BBE51E34459DC8AC37E42AFACA2AE3AD40811AD2BC2B8AE5E5CEF8487FCE,text,「喂，你们两个——」\p
1352,game_t01356,０２０：１９９７年_10：提督の特別講義　４月２５日　協調のきっかけ.egpack,０２０：１９９７年_10：提督の特別講義　４月２５日　協調のきっかけ,唯依,CACC1824892118F7F3DA5887F73F69A7A9ED36969F63D60689640CFE54F3973B,text,「——即便真是这样，我们也应该听下去吧。」\p
1353,game_t01357,０２０：１９９７年_10：提督の特別講義　４月２５日　協調のきっかけ.egpack,０２０：１９９７年_10：提督の特別講義　４月２５日　協調のきっかけ,安芸,2B9935F38B630F6CF66D2EC92E5DA4F32BD30FA0AE66450428BAB68D07BEB8BE,text,「咦……」
1354,game_t01358,０２０：１９９７年_10：提督の特別講義　４月２５日　協調のきっかけ.egpack,０２０：１９９７年_10：提督の特別講義　４月２５日　協調のきっかけ,和泉,2F5DDCA1C317CAB54825B04E30D23EB62EC14CC07128C6CBC0DF4BC4AF52DB26,text,「…\w…\w…\w…\w」
1355,game_t01359,０２０：１９９７年_10：提督の特別講義　４月２５日　協調のきっかけ.egpack,０２０：１９９７年_10：提督の特別講義　４月２５日　協調のきっかけ,志摩子,FC1BB2D07B8CA4CB833A8FC775711F88FDC75DF9188537E5BF556C9021D9D39C,text,「…\w…\w…\w…\w」\p
1356,game_t01360,０２０：１９９７年_10：提督の特別講義　４月２５日　協調のきっかけ.egpack,０２０：１９９７年_10：提督の特別講義　４月２５日　協調のきっかけ,唯依,E102D901CD34B97A1B0E181A2DBDFEF0FE0B1F306FF9FC9C6A4B1A2C7FEFD930,text,「经历过实战的人所说的话，不是什么说教。那些话背后承载着战死者生命的重量。」\p
1357,game_t01361,０２０：１９９７年_10：提督の特別講義　４月２５日　協調のきっかけ.egpack,０２０：１９９７年_10：提督の特別講義　４月２５日　協調のきっかけ,安芸,FC1BB2D07B8CA4CB833A8FC775711F88FDC75DF9188537E5BF556C9021D9D39C,text,「…\w…\w…\w…\w」\p
1358,game_t01362,０２０：１９９７年_10：提督の特別講義　４月２５日　協調のきっかけ.egpack,０２０：１９９７年_10：提督の特別講義　４月２５日　協調のきっかけ,和泉,FC1BB2D07B8CA4CB833A8FC775711F88FDC75DF9188537E5BF556C9021D9D39C,text,「…\w…\w…\w…\w」\p
1359,game_t01363,０２０：１９９７年_10：提督の特別講義　４月２５日　協調のきっかけ.egpack,０２０：１９９７年_10：提督の特別講義　４月２５日　協調のきっかけ,志摩子,FC1BB2D07B8CA4CB833A8FC775711F88FDC75DF9188537E5BF556C9021D9D39C,text,「…\w…\w…\w…\w」\p
1360,game_t01364,０２０：１９９７年_10：提督の特別講義　４月２５日　協調のきっかけ.egpack,０２０：１９９７年_10：提督の特別講義　４月２５日　協調のきっかけ,唯依,DF564C73B8D1A1CF9E1E43942934EE93F4F535CA3F77A9FF0F9E2EF5AE07C0B1,text,「即便所属军队不同，但同样以守护帝国为目标、立志成为卫士的我们——」\p
1361,game_t01365,０２０：１９９７年_10：提督の特別講義　４月２５日　協調のきっかけ.egpack,０２０：１９９７年_10：提督の特別講義　４月２５日　協調のきっかけ,唯依,B9F2FEEB4ED29D107955CF3182A572D5C9CF2F1972FE035581EBBD3CA05EBDC6,text,「身处远离前线、毫无危险的地方，还能随意抱怨的我们——」\p
1362,game_t01366,０２０：１９９７年_10：提督の特別講義　４月２５日　協調のきっかけ.egpack,０２０：１９９７年_10：提督の特別講義　４月２５日　協調のきっかけ,唯依,316C792DAFC0DB9A6CEB85CAAD19374C6EB75540CCA47B49841AEAE415DCAB12,text,「——不是有理由、也有责任听下去吗？」\p
1363,game_t01367,０２０：１９９７年_10：提督の特別講義　４月２５日　協調のきっかけ.egpack,０２０：１９９７年_10：提督の特別講義　４月２５日　協調のきっかけ,安芸,DAFC22FD62C580CCB0A57E648D8360C69EEC70E1064386C43FEDB78DCF9FC81E,text,「…\w…\w」
1364,game_t01368,０２０：１９９７年_10：提督の特別講義　４月２５日　協調のきっかけ.egpack,０２０：１９９７年_10：提督の特別講義　４月２５日　協調のきっかけ,和泉,2F5DDCA1C317CAB54825B04E30D23EB62EC14CC07128C6CBC0DF4BC4AF52DB26,text,「…\w…\w…\w…\w」
1365,game_t01369,０２０：１９９７年_10：提督の特別講義　４月２５日　協調のきっかけ.egpack,０２０：１９９７年_10：提督の特別講義　４月２５日　協調のきっかけ,志摩子,FC1BB2D07B8CA4CB833A8FC775711F88FDC75DF9188537E5BF556C9021D9D39C,text,「…\w…\w…\w…\w」\p
1366,game_t01370,０２０：１９９７年_10：提督の特別講義　４月２５日　協調のきっかけ.egpack,０２０：１９９７年_10：提督の特別講義　４月２５日　協調のきっかけ,唯依,FC1BB2D07B8CA4CB833A8FC775711F88FDC75DF9188537E5BF556C9021D9D39C,text,「…\w…\w…\w…\w」\p
1367,game_t01371,０２０：１９９７年_10：提督の特別講義　４月２５日　協調のきっかけ.egpack,０２０：１９９７年_10：提督の特別講義　４月２５日　協調のきっかけ,旁白,B1A253BA7E24E652CA66661BDAA46586DF6784F7817891A2E82FE71EB0ACA6EC,text,失败了……明明想选择真正能传达到大家心里的话……结果自己越说越激动，还是把理想强加给了她们。\p
1368,game_t01372,０２０：１９９７年_10：提督の特別講義　４月２５日　協調のきっかけ.egpack,０２０：１９９７年_10：提督の特別講義　４月２５日　協調のきっかけ,唯依,D685C8C6504D3DCC2731F05E0E8E3486CF8D413D5BFEF17735CFB3A3BB648A04,text,「总之，其他话等听完讲座再说，好吗？」\p
1369,game_t01373,０２０：１９９７年_10：提督の特別講義　４月２５日　協調のきっかけ.egpack,０２０：１９９７年_10：提督の特別講義　４月２５日　協調のきっかけ,志摩子,8E6CFC5346F9E6ABE953FE70C626B959314573210876129DB89972636A775BF9,text,「嗯、嗯，说得也是。」\p
1370,game_t01374,０２０：１９９７年_10：提督の特別講義　４月２５日　協調のきっかけ.egpack,０２０：１９９７年_10：提督の特別講義　４月２５日　協調のきっかけ,和泉,0B8999F50EEB7F228B6FD646F1D66E80E461A3D8A16D98BA767CED32359D1AE9,text,「……确实，这样才合乎道理。对吧，安艺？」\p
1371,game_t01375,０２０：１９９７年_10：提督の特別講義　４月２５日　協調のきっかけ.egpack,０２０：１９９７年_10：提督の特別講義　４月２５日　協調のきっかけ,安芸,18A08FD73BF7D16FB8777E17C542478112E176B8921E916B733BF8BDCC2481B9,text,「啊～虽然也没办法，总之我知道了。讲座我会听到最后。」\p
1372,game_t01376,０２０：１９９７年_10：提督の特別講義　４月２５日　協調のきっかけ.egpack,０２０：１９９７年_10：提督の特別講義　４月２５日　協調のきっかけ,志摩子,2493B62E08F027E4083E5A5867AAB7A3C1F286E5E66BF40947C9648674B129B0,text,「啊，预备铃响了——回座位吧？」\p
1373,game_t01377,０２０：１９９７年_10：提督の特別講義　４月２５日　協調のきっかけ.egpack,０２０：１９９７年_10：提督の特別講義　４月２５日　協調のきっかけ,安倍大佐,61EE135498021EDD962FA85B4A806C344EC68201E1C790F62D514182DB65C582,text,「——正如各位所知，帝国斯卫军是主要由诸位这样的武家出身者组成、直属城内省的独立武装组织。」\p
1374,game_t01378,０２０：１９９７年_10：提督の特別講義　４月２５日　協調のきっかけ.egpack,０２０：１９９７年_10：提督の特別講義　４月２５日　協調のきっかけ,安倍大佐,23EEA9664421A6377836AB79283C1AC1A778CAAC67F8260E6FACE9A296AC72AA,text,「不仅是指挥体系，从装备采购到军纪，都与国防省麾下的帝国军泾渭分明；甚至在义务教育阶段，也拥有以‘军武一体化教育’为宗旨的独立体系。」\p
1375,game_t01379,０２０：１９９７年_10：提督の特別講義　４月２５日　協調のきっかけ.egpack,０２０：１９９７年_10：提督の特別講義　４月２５日　協調のきっかけ,安倍大佐,269B8529145F5EFD18C9D0F90E5B4A9314D942CB9AB1C9C50707EC4C986AAAE1,text,「斯卫军凭借这种彻底的独立性，成为与日本帝国其他四军——陆军、本土防卫军、海军和航空宇宙军——在各方面都截然不同的组织。」\p
1376,game_t01380,０２０：１９９７年_10：提督の特別講義　４月２５日　協調のきっかけ.egpack,０２０：１９９７年_10：提督の特別講義　４月２５日　協調のきっかけ,安倍大佐,E759FBD2845E3E3BF5FB9A618950573A1713E75B3EA217FC623AC81475DA6B0D,text,「最明显的差异，是军衔之外另设的六种身份标识及对应的六色制服，以及明确的效忠与守护对象——皇帝陛下和政威大将军殿下。」\p
1377,game_t01381,０２０：１９９７年_10：提督の特別講義　４月２５日　協調のきっかけ.egpack,０２０：１９９７年_10：提督の特別講義　４月２５日　協調のきっかけ,唯依,FC1BB2D07B8CA4CB833A8FC775711F88FDC75DF9188537E5BF556C9021D9D39C,text,「…\w…\w…\w…\w」\p
1378,game_t01382,０２０：１９９７年_10：提督の特別講義　４月２５日　協調のきっかけ.egpack,０２０：１９９７年_10：提督の特別講義　４月２５日　協調のきっかけ,安倍大佐,D5905DD1D6AB28797D050A2B38D284A5787E071F2C7769BF01CA6C156DFA1EAA,text,「前者体现了‘位高者须德重’——也就是武家精神的实践。」\p
1379,game_t01383,０２０：１９９７年_10：提督の特別講義　４月２５日　協調のきっかけ.egpack,０２０：１９９７年_10：提督の特別講義　４月２５日　協調のきっかけ,安倍大佐,7A45DB73827CF862F8641B77EED33AD80DA8B59F446B006A2757BDC185513845,text,「六种身份色旨在从视觉上强化战场中的‘众目睽睽效应’，以约束武家序列高位者的行为。」\p
1380,game_t01384,０２０：１９９７年_10：提督の特別講義　４月２５日　協調のきっかけ.egpack,０２０：１９９７年_10：提督の特別講義　４月２５日　協調のきっかけ,安倍大佐,008EA69A5064093581B62B7810D2CB4478FE4A05E24CAC127562DCD7A4B21AF3,text,「但另一方面，也有不少批评认为，这恰恰体现了斯卫军的封闭性和歧视意识。」\p
1381,game_t01385,０２０：１９９７年_10：提督の特別講義　４月２５日　協調のきっかけ.egpack,０２０：１９９７年_10：提督の特別講義　４月２５日　協調のきっかけ,唯依,2F5DDCA1C317CAB54825B04E30D23EB62EC14CC07128C6CBC0DF4BC4AF52DB26,text,「…\w…\w…\w…\w」
1382,game_t01386,０２０：１９９７年_10：提督の特別講義　４月２５日　協調のきっかけ.egpack,０２０：１９９７年_10：提督の特別講義　４月２５日　協調のきっかけ,安芸,2F5DDCA1C317CAB54825B04E30D23EB62EC14CC07128C6CBC0DF4BC4AF52DB26,text,「…\w…\w…\w…\w」
1383,game_t01387,０２０：１９９７年_10：提督の特別講義　４月２５日　協調のきっかけ.egpack,０２０：１９９７年_10：提督の特別講義　４月２５日　協調のきっかけ,和泉,2F5DDCA1C317CAB54825B04E30D23EB62EC14CC07128C6CBC0DF4BC4AF52DB26,text,「…\w…\w…\w…\w」
1384,game_t01388,０２０：１９９７年_10：提督の特別講義　４月２５日　協調のきっかけ.egpack,０２０：１９９７年_10：提督の特別講義　４月２５日　協調のきっかけ,志摩子,FC1BB2D07B8CA4CB833A8FC775711F88FDC75DF9188537E5BF556C9021D9D39C,text,「…\w…\w…\w…\w」\p
1385,game_t01389,０２０：１９９７年_10：提督の特別講義　４月２５日　協調のきっかけ.egpack,０２０：１９９７年_10：提督の特別講義　４月２５日　協調のきっかけ,安倍大佐,0FD4415507EBE6797193A7BDFEDB633029709737E7708A1360998114AC916096,text,「然而，平民出身的指挥官也在指挥有高位武家出身者服役的部队；仅凭这个事实，就不得不说上述批评是偏离实情，或是有意曲解。」\p
1386,game_t01390,０２０：１９９７年_10：提督の特別講義　４月２５日　協調のきっかけ.egpack,０２０：１９９７年_10：提督の特別講義　４月２５日　協調のきっかけ,安倍大佐,B4CFE79C2BA41E9BC605BD39F1E43E79DC967D71C7B1A0F95670A1CC39B50812,text,「至于后者，城内省本就是从日常起居、教育到财产管理等各方面，支持皇帝陛下、皇族与政威大将军殿下的国家机关。因此，这种效忠和守护对象本就是组织存在的必然。」\p
1387,game_t01391,０２０：１９９７年_10：提督の特別講義　４月２５日　協調のきっかけ.egpack,０２０：１９９７年_10：提督の特別講義　４月２５日　協調のきっかけ,安倍大佐,B7DC41B4E05972AB9147688DA506D499B2CBF4246DAFBE28AF31CAF3685A9EDD,text,「即使如此，也有人嘲弄这种显而易见的组织属性，将其斥为不合时宜的狂信团体或军国主义幽灵，并投以白眼。」\p
1388,game_t01392,０２０：１９９７年_10：提督の特別講義　４月２５日　協調のきっかけ.egpack,０２０：１９９７年_10：提督の特別講義　４月２５日　協調のきっかけ,安倍大佐,3083692A66B88B5EF9A48A62DCC4351D6F6C6AC63919565F4310E0AD9B39317E,text,「遗憾的是，这种背离事实的认识，以及由此产生的戒心，至今仍潜藏于帝国其他四军、驻日美军和驻日联合国军之中。」\p
1389,game_t01393,０２０：１９９７年_10：提督の特別講義　４月２５日　協調のきっかけ.egpack,０２０：１９９７年_10：提督の特別講義　４月２５日　協調のきっかけ,唯依,FC1BB2D07B8CA4CB833A8FC775711F88FDC75DF9188537E5BF556C9021D9D39C,text,「…\w…\w…\w…\w」\p
1390,game_t01394,０２０：１９９７年_10：提督の特別講義　４月２５日　協調のきっかけ.egpack,０２０：１９９７年_10：提督の特別講義　４月２５日　協調のきっかけ,安倍大佐,B37AF29CEFF5A62752A174363A444B553631BF974EAFBD5022B2BC3227AFD11A,text,「但与其他四军相比，斯卫军的兵力和部署能力都很有限。作为只以国内为作战区域的防御组织，它与规模远胜于它的帝国本土防卫军承担相同职责。」\p
1391,game_t01395,０２０：１９９７年_10：提督の特別講義　４月２５日　協調のきっかけ.egpack,０２０：１９９７年_10：提督の特別講義　４月２５日　協調のきっかけ,安倍大佐,683146D7A124D12EFC8BEF0AF23A151656D982C9CB69DF3EC97B9E43F0C6B962,text,「而且其作战区域主要限于警卫皇帝或政威大将军、保卫其领地和直属设施，比本土防卫军更加有限。」\p
1392,game_t01396,０２０：１９９７年_10：提督の特別講義　４月２５日　協調のきっかけ.egpack,０２０：１９９７年_10：提督の特別講義　４月２５日　協調のきっかけ,安倍大佐,E840EA38AABDA11D6148CA49CA5255A0CB667742E7B0743D6F8E7DDC4D2716C3,text,「既然如此，为何还会产生对斯卫军的曲解、误解与戒心？——因为无知与缺乏理解。」\p
1393,game_t01397,０２０：１９９７年_10：提督の特別講義　４月２５日　協調のきっかけ.egpack,０２０：１９９７年_10：提督の特別講義　４月２５日　協調のきっかけ,唯依,2F5DDCA1C317CAB54825B04E30D23EB62EC14CC07128C6CBC0DF4BC4AF52DB26,text,「…\w…\w…\w…\w」
1394,game_t01398,０２０：１９９７年_10：提督の特別講義　４月２５日　協調のきっかけ.egpack,０２０：１９９７年_10：提督の特別講義　４月２５日　協調のきっかけ,安芸,2F5DDCA1C317CAB54825B04E30D23EB62EC14CC07128C6CBC0DF4BC4AF52DB26,text,「…\w…\w…\w…\w」
1395,game_t01399,０２０：１９９７年_10：提督の特別講義　４月２５日　協調のきっかけ.egpack,０２０：１９９７年_10：提督の特別講義　４月２５日　協調のきっかけ,和泉,2F5DDCA1C317CAB54825B04E30D23EB62EC14CC07128C6CBC0DF4BC4AF52DB26,text,「…\w…\w…\w…\w」
1396,game_t01400,０２０：１９９７年_10：提督の特別講義　４月２５日　協調のきっかけ.egpack,０２０：１９９７年_10：提督の特別講義　４月２５日　協調のきっかけ,志摩子,FC1BB2D07B8CA4CB833A8FC775711F88FDC75DF9188537E5BF556C9021D9D39C,text,「…\w…\w…\w…\w」\p
1397,game_t01401,０２０：１９９７年_10：提督の特別講義　４月２５日　協調のきっかけ.egpack,０２０：１９９７年_10：提督の特別講義　４月２５日　協調のきっかけ,安倍大佐,17A26459FEE9EF282E2E0E3CF08047CD18FADCA378DE23EA5B5B8E99E46A81F2,text,「无知与缺乏理解生出畏惧和猜疑；原本应受称赞的武家精神所带来的士气，乃至单位战斗能力之强，又进一步加剧这些情绪，形成恶性循环。」\p
1398,game_t01402,０２０：１９９７年_10：提督の特別講義　４月２５日　協調のきっかけ.egpack,０２０：１９９７年_10：提督の特別講義　４月２５日　協調のきっかけ,安倍大佐,D8DA598179C21A3FB901BB376B2B7365B6392509336788E351254F65D1ADF1CC,text,「这就是周边各方对帝国斯卫军所抱印象的真实情况。」\p
1399,game_t01403,０２０：１９９７年_10：提督の特別講義　４月２５日　協調のきっかけ.egpack,０２０：１９９７年_10：提督の特別講義　４月２５日　協調のきっかけ,唯依,FC1BB2D07B8CA4CB833A8FC775711F88FDC75DF9188537E5BF556C9021D9D39C,text,「…\w…\w…\w…\w」\p
1400,game_t01404,０２０：１９９７年_10：提督の特別講義　４月２５日　協調のきっかけ.egpack,０２０：１９９７年_10：提督の特別講義　４月２５日　協調のきっかけ,安芸,FC1BB2D07B8CA4CB833A8FC775711F88FDC75DF9188537E5BF556C9021D9D39C,text,「…\w…\w…\w…\w」\p
1401,game_t01405,０２０：１９９７年_10：提督の特別講義　４月２５日　協調のきっかけ.egpack,０２０：１９９７年_10：提督の特別講義　４月２５日　協調のきっかけ,和泉,FC1BB2D07B8CA4CB833A8FC775711F88FDC75DF9188537E5BF556C9021D9D39C,text,「…\w…\w…\w…\w」\p
1402,game_t01406,０２０：１９９７年_10：提督の特別講義　４月２５日　協調のきっかけ.egpack,０２０：１９９７年_10：提督の特別講義　４月２５日　協調のきっかけ,志摩子,FC1BB2D07B8CA4CB833A8FC775711F88FDC75DF9188537E5BF556C9021D9D39C,text,「…\w…\w…\w…\w」\p
1403,game_t01407,０２０：１９９７年_10：提督の特別講義　４月２５日　協調のきっかけ.egpack,０２０：１９９７年_10：提督の特別講義　４月２５日　協調のきっかけ,安倍大佐,BBC2FEAEF136022F636F654244AC39126071BA36B8FC0659D8E6A39C86106232,text,「……但请反过来审视自己。」\p
1404,game_t01408,０２０：１９９７年_10：提督の特別講義　４月２５日　協調のきっかけ.egpack,０２０：１９９７年_10：提督の特別講義　４月２５日　協調のきっかけ,安倍大佐,C2E7DD2C9AE077660154FCE93AA3A0B219BB006B600D89CEB7395CDCD283DFCE,text,「请审视立志加入斯卫军的诸位，对帝国其他四军、驻日美军以及联合国军抱有怎样的印象和情感。」\p
1405,game_t01409,０２０：１９９７年_10：提督の特別講義　４月２５日　協調のきっかけ.egpack,０２０：１９９７年_10：提督の特別講義　４月２５日　協調のきっかけ,唯依,2F5DDCA1C317CAB54825B04E30D23EB62EC14CC07128C6CBC0DF4BC4AF52DB26,text,「…\w…\w…\w…\w」
1406,game_t01410,０２０：１９９７年_10：提督の特別講義　４月２５日　協調のきっかけ.egpack,０２０：１９９７年_10：提督の特別講義　４月２５日　協調のきっかけ,安芸,2F5DDCA1C317CAB54825B04E30D23EB62EC14CC07128C6CBC0DF4BC4AF52DB26,text,「…\w…\w…\w…\w」
1407,game_t01411,０２０：１９９７年_10：提督の特別講義　４月２５日　協調のきっかけ.egpack,０２０：１９９７年_10：提督の特別講義　４月２５日　協調のきっかけ,和泉,2F5DDCA1C317CAB54825B04E30D23EB62EC14CC07128C6CBC0DF4BC4AF52DB26,text,「…\w…\w…\w…\w」
1408,game_t01412,０２０：１９９７年_10：提督の特別講義　４月２５日　協調のきっかけ.egpack,０２０：１９９７年_10：提督の特別講義　４月２５日　協調のきっかけ,志摩子,FC1BB2D07B8CA4CB833A8FC775711F88FDC75DF9188537E5BF556C9021D9D39C,text,「…\w…\w…\w…\w」\p
1409,game_t01413,０２０：１９９７年_10：提督の特別講義　４月２５日　協調のきっかけ.egpack,０２０：１９９７年_10：提督の特別講義　４月２５日　協調のきっかけ,安倍大佐,A84EA408BC2BA089D3FB599C9259F91FE6B42F985259EC79B9E3373052308A4E,text,「再想想这些印象和恶感，是否真有明确根据。」\p
1410,game_t01414,０２０：１９９７年_10：提督の特別講義　４月２５日　協調のきっかけ.egpack,０２０：１９９７年_10：提督の特別講義　４月２５日　協調のきっかけ,唯依,2F5DDCA1C317CAB54825B04E30D23EB62EC14CC07128C6CBC0DF4BC4AF52DB26,text,「…\w…\w…\w…\w」
1411,game_t01415,０２０：１９９７年_10：提督の特別講義　４月２５日　協調のきっかけ.egpack,０２０：１９９７年_10：提督の特別講義　４月２５日　協調のきっかけ,安芸,2F5DDCA1C317CAB54825B04E30D23EB62EC14CC07128C6CBC0DF4BC4AF52DB26,text,「…\w…\w…\w…\w」
1412,game_t01416,０２０：１９９７年_10：提督の特別講義　４月２５日　協調のきっかけ.egpack,０２０：１９９７年_10：提督の特別講義　４月２５日　協調のきっかけ,和泉,2F5DDCA1C317CAB54825B04E30D23EB62EC14CC07128C6CBC0DF4BC4AF52DB26,text,「…\w…\w…\w…\w」
1413,game_t01417,０２０：１９９７年_10：提督の特別講義　４月２５日　協調のきっかけ.egpack,０２０：１９９７年_10：提督の特別講義　４月２５日　協調のきっかけ,志摩子,FC1BB2D07B8CA4CB833A8FC775711F88FDC75DF9188537E5BF556C9021D9D39C,text,「…\w…\w…\w…\w」\p
1414,game_t01418,０２０：１９９７年_10：提督の特別講義　４月２５日　協調のきっかけ.egpack,０２０：１９９７年_10：提督の特別講義　４月２５日　協調のきっかけ,安倍大佐,8830803774EE148636368DBEDF585A511B17391DE219AED186EE5E06FF698563,text,「话题稍微扯远一些。自去年起，我们一直与苏联远东海军协同，在鄂霍次克海沿岸持续实施BETA群削减作战。」\p
1415,game_t01419,０２０：１９９７年_10：提督の特別講義　４月２５日　協調のきっかけ.egpack,０２０：１９９７年_10：提督の特別講義　４月２５日　協調のきっかけ,安倍大佐,034E84777752C1B484F6B73D1FF25097678EE0CEFA71836DD8C6B49F73511C54,text,「详情留给战史和近代史课程说明。自昔日俄罗斯帝国以来，苏联始终是我国地缘政治上乃至直接意义上的最大威胁，也是一个军事大国。」\p
1416,game_t01420,０２０：１９９７年_10：提督の特別講義　４月２５日　協調のきっかけ.egpack,０２０：１９９７年_10：提督の特別講義　４月２５日　協調のきっかけ,安倍大佐,CD13040B202FE8B619CDA0400C1568BAB961333577A2276DA634FC7D98E80121,text,「自日俄战争以来，双方数度兵戎相见；冷战时期，我们又在北方与这一最大最强的假想敌国对峙。但随着BETA大战迫使苏联撤退至阿拉斯加，两国缔结和平条约，关系延续至今。」\p
1417,game_t01421,０２０：１９９７年_10：提督の特別講義　４月２５日　協調のきっかけ.egpack,０２０：１９９７年_10：提督の特別講義　４月２５日　協調のきっかけ,安倍大佐,BB6CD39F67A1AABC2CDA76F9532395B74292B70F1DD049DB13A3333762A77408,text,「这并非仅限于日苏之间。以冷战时期对峙的美苏为首，曾互为敌国的国家如今都已在联合国名义下实现共同抗击BETA。」\p
1418,game_t01422,０２０：１９９７年_10：提督の特別講義　４月２５日　協調のきっかけ.egpack,０２０：１９９７年_10：提督の特別講義　４月２５日　協調のきっかけ,安倍大佐,7F95EE85CC62C84899EE4FE99C90621788F78F0437F89CF14A8351571F78E84D,text,「讽刺的是，异星起源种无情入侵带来的全球范式转变，使人类国家间的对立变成了毫无意义的遗物。」\p
1419,game_t01423,０２０：１９９７年_10：提督の特別講義　４月２５日　協調のきっかけ.egpack,０２０：１９９７年_10：提督の特別講義　４月２５日　協調のきっかけ,安倍大佐,CF9C6F6CAE7498FC5F25BAF579A5C94B365F704979E2E6E8F06D289B5A227FBE,text,「然而愚蠢的是，现实中人类社会的组织间对立至今仍遍布世界。」\p
1420,game_t01424,０２０：１９９７年_10：提督の特別講義　４月２５日　協調のきっかけ.egpack,０２０：１９９７年_10：提督の特別講義　４月２５日　協調のきっかけ,安倍大佐,39CDA3CF7E4D773A58EA185B663A301257BAB7514AA34B1B4CA0D1E514F5619E,text,「——生存下来的并非最强的物种，也不是最聪明的物种。唯一能够生存的，是最能适应变化的物种。」\p
1421,game_t01425,０２０：１９９７年_10：提督の特別講義　４月２５日　協調のきっかけ.egpack,０２０：１９９７年_10：提督の特別講義　４月２５日　協調のきっかけ,安倍大佐,EDB6BB76304B1C08BEC5B37F917E9D68FFF0E956364A6CC3A6C53937EE1D0EBE,text,「这是一句据称出自进化论提出者查尔斯·达尔文的警句。实际上出处不明，却可谓准确说中了我们面临的现状。」\p
1422,game_t01426,０２０：１９９７年_10：提督の特別講義　４月２５日　協調のきっかけ.egpack,０２０：１９９７年_10：提督の特別講義　４月２５日　協調のきっかけ,安倍大佐,2159805E8C80ED4090D3507851D9672F3811D7E90DF5BC5F5542D124E802F768,text,「人类会选择哪一条道路？而我们日本人，又会踏上哪一条道路——」\p
1423,game_t01427,０２０：１９９７年_10：提督の特別講義　４月２５日　協調のきっかけ.egpack,０２０：１９９７年_10：提督の特別講義　４月２５日　協調のきっかけ,唯依,FC1BB2D07B8CA4CB833A8FC775711F88FDC75DF9188537E5BF556C9021D9D39C,text,「…\w…\w…\w…\w」\p
1424,game_t01428,０２０：１９９７年_10：提督の特別講義　４月２５日　協調のきっかけ.egpack,０２０：１９９７年_10：提督の特別講義　４月２５日　協調のきっかけ,安芸,FC1BB2D07B8CA4CB833A8FC775711F88FDC75DF9188537E5BF556C9021D9D39C,text,「…\w…\w…\w…\w」\p
1425,game_t01429,０２０：１９９７年_10：提督の特別講義　４月２５日　協調のきっかけ.egpack,０２０：１９９７年_10：提督の特別講義　４月２５日　協調のきっかけ,和泉,FC1BB2D07B8CA4CB833A8FC775711F88FDC75DF9188537E5BF556C9021D9D39C,text,「…\w…\w…\w…\w」\p
1426,game_t01430,０２０：１９９７年_10：提督の特別講義　４月２５日　協調のきっかけ.egpack,０２０：１９９７年_10：提督の特別講義　４月２５日　協調のきっかけ,志摩子,FC1BB2D07B8CA4CB833A8FC775711F88FDC75DF9188537E5BF556C9021D9D39C,text,「…\w…\w…\w…\w」\p
1427,game_t01431,０２０：１９９７年_10：提督の特別講義　４月２５日　協調のきっかけ.egpack,０２０：１９９７年_10：提督の特別講義　４月２５日　協調のきっかけ,安倍大佐,71921C640C04037C6E296EDD0C0C6E5DB3E5145D04C5B10E2C129A9375AA9E1C,text,「自本次大战爆发以来，日本帝国一直是远东欧亚防卫的要冲，其军事稳定可谓人类安全保障中的最重要事项。」\p
1428,game_t01432,０２０：１９９７年_10：提督の特別講義　４月２５日　協調のきっかけ.egpack,０２０：１９９７年_10：提督の特別講義　４月２５日　協調のきっかけ,安倍大佐,6D60D6D63057DC50515B0496417F1B9C56EAFB84C450C05586037EFF43594506,text,「因此，帝国五军必须集结全部力量，比过去更加推进相互理解、强化协同。」\p
1429,game_t01433,０２０：１９９７年_10：提督の特別講義　４月２５日　協調のきっかけ.egpack,０２０：１９９７年_10：提督の特別講義　４月２５日　協調のきっかけ,安倍大佐,048E3080A6075273467884A9985C87F67152C2366927DB2CEB0B77005EC66AF9,text,「我相信，本校帝国陆军籍各位教职人员的尽力与诸位的奋发，必将成为斯卫与国军融和的基石。」\p
1430,game_t01434,０２０：１９９７年_10：提督の特別講義　４月２５日　協調のきっかけ.egpack,０２０：１９９７年_10：提督の特別講義　４月２５日　協調のきっかけ,安倍大佐,FAF266241028B3695A94BDDD0CA324ED7A4E0481D0E07EC3EEF5191433690742,text,「也由衷希望今天我与诸位共度的这段时间，能为此尽一份力量。」\p
1431,game_t01435,０２０：１９９７年_10：提督の特別講義　４月２５日　協調のきっかけ.egpack,０２０：１９９７年_10：提督の特別講義　４月２５日　協調のきっかけ,旁白,AC5A074841FFA8A81D159229E75D5F912C0012905D6F1E7A6B2FA474F770F778,text,果然不该现在提醒她们。不管要做什么，都得先建立我们之间的和睦，否则不会顺利。\p
1432,game_t01436,０２０：１９９７年_10：提督の特別講義　４月２５日　協調のきっかけ.egpack,０２０：１９９７年_10：提督の特別講義　４月２５日　協調のきっかけ,旁白,EC3A487EBF038429AD64465A0044DDF0E8BE63486AF517D7135A5215B0064246,text,本来立场就不同，现阶段不该把大道理硬塞给她们，平白激起情绪。那样一来，她们感受到的不会是话语的真意，单纯的不快只会变成不信任。\p
1433,game_t01437,０２０：１９９７年_10：提督の特別講義　４月２５日　協調のきっかけ.egpack,０２０：１９９７年_10：提督の特別講義　４月２５日　協調のきっかけ,志摩子,34B849A8D54E4148138548FE22F739516A243FE957E0DC1DE25F4295B6FD1FA6,text,「啊，已经响预备铃了。」\p
1434,game_t01438,０２０：１９９７年_10：提督の特別講義　４月２５日　協調のきっかけ.egpack,０２０：１９９７年_10：提督の特別講義　４月２５日　協調のきっかけ,安芸,BC2B33D832FD326ABB29C8F981F3DF3FBC269B95E066D06CB6516E786BF0B518,text,「好～为了第五节装甲剑术课，先来一场睡眠学习吧！」\p
1435,game_t01439,０２０：１９９７年_10：提督の特別講義　４月２５日　協調のきっかけ.egpack,０２０：１９９７年_10：提督の特別講義　４月２５日　協調のきっかけ,和泉,003CF031B4F02590AEE5FAFBBD6235F4C83820CE8258BE3059A2039A22E12064,text,「会害大家一起受罚的！我先说好，你睡着后我会叫醒你，可别闹出动静哦？」\p
1436,game_t01440,０２０：１９９７年_10：提督の特別講義　４月２５日　協調のきっかけ.egpack,０２０：１９９７年_10：提督の特別講義　４月２５日　協調のきっかけ,安芸,50964F02380E73F46CB6A2B6052AE0071EC768DF9F66BC18076197911FE95376,text,「那可难说～得看你的态度～」\p
1437,game_t01441,０２０：１９９７年_10：提督の特別講義　４月２５日　協調のきっかけ.egpack,０２０：１９９７年_10：提督の特別講義　４月２５日　協調のきっかけ,和泉,35E11E37336CCBA2AB7418B3BC930E514325DBCC035805D0340ACF827D416C37,text,「你这家伙……」\p
1438,game_t01442,０２０：１９９７年_10：提督の特別講義　４月２５日　協調のきっかけ.egpack,０２０：１９９７年_10：提督の特別講義　４月２５日　協調のきっかけ,唯依,3AC65153C2F6D46AF1651D9C6A77198305C20CC2A4C888C8B5784D1EB1B26129,text,「——好了，快回座位吧。」\p
1439,game_t01443,０２０：１９９７年_10：提督の特別講義　４月２５日　協調のきっかけ.egpack,０２０：１９９７年_10：提督の特別講義　４月２５日　協調のきっかけ,小沢提督,C86314A4F3E7DD803004AA837FD76A655DA2224704F83DE65598395773F0BA72,text,「——因此，基于这一地缘条件，日本帝国始终是距离BETA大战远东欧亚战线最近的主要生产与后勤枢纽。」\p
1440,game_t01444,０２０：１９９７年_10：提督の特別講義　４月２５日　協調のきっかけ.egpack,０２０：１９９７年_10：提督の特別講義　４月２５日　協調のきっかけ,小沢提督,AC62E686EF3508630FDCB58C1E04E67A9F33B132CB0A5B2E96644BCDFDF2B0C6,text,「自中国政府宣布接纳联合国军以来，政府和议会便把向大陆派兵、在前沿保卫本土作为国家安全保障的主轴，并以大战特需为后盾，持续向承担欧亚防卫任务的多国部队派遣帝国军。」\p
1441,game_t01445,０２０：１９９７年_10：提督の特別講義　４月２５日　協調のきっかけ.egpack,０２０：１９９７年_10：提督の特別講義　４月２５日　協調のきっかけ,小沢提督,966D5CB42AE1941AA7940F45F58AA0178E9C276701288A74A4E7A9EAB2956B50,text,「然而开战以来，欧亚战局从未好转。面对不得让本土遭受战火的国内压力，以及联合国与美国日益增强的增兵要求，政府逐步放宽了征兵限制。」\p
1442,game_t01446,０２０：１９９７年_10：提督の特別講義　４月２５日　協調のきっかけ.egpack,０２０：１９９７年_10：提督の特別講義　４月２５日　協調のきっかけ,小沢提督,D4CE032114ADB21E044611F90C22123F8C07408087A5FE9D96675A0FDE0BF595,text,「但当前线后退至朝鲜半岛，朝野各党便开始讨论扩大未成年女性志愿入伍乃至征兵名额的可能性。随后——」\p
1443,game_t01447,０２０：１９９７年_10：提督の特別講義　４月２５日　協調のきっかけ.egpack,０２０：１９９７年_10：提督の特別講義　４月２５日　協調のきっかけ,小沢提督,E8904D6D6128BAD057ABBCC51A60834F3B69430DACFCDA6963C778DB14EC430C,text,「‘凡位列武门者，须常居先阵，以身为范。’以武士道规范为宗旨的斯卫军，先于社会开始对未成年女子实施军事训练——也就是诸位。」\p
1444,game_t01448,０２０：１９９７年_10：提督の特別講義　４月２５日　協調のきっかけ.egpack,０２０：１９９７年_10：提督の特別講義　４月２５日　協調のきっかけ,小沢提督,F7EF128E631C4781B3186E75804BC6CC4A3B99E94371A1B7A077275BEA505C13,text,「诸位虽仍是斯卫军卫士候补生，社会却已期待你们为同世代年轻人作出表率。」\p
1445,game_t01449,０２０：１９９７年_10：提督の特別講義　４月２５日　協調のきっかけ.egpack,０２０：１９９７年_10：提督の特別講義　４月２５日　協調のきっかけ,小沢提督,28A47C707360AD6881927C8ADD9D731EB93BCD15A434B8787A3076B6EE2F5D32,text,「因此，世人看待诸位的目光严厉而冷淡。」\p
1446,game_t01450,０２０：１９９７年_10：提督の特別講義　４月２５日　協調のきっかけ.egpack,０２０：１９９７年_10：提督の特別講義　４月２５日　協調のきっかけ,小沢提督,43D5D697531683A21F8630A55035D9334FA12900DF740F6E260944EDA366D57A,text,「斯卫本就容易引起大众媒体的兴趣。因为它继承旧统治阶级的脉络，也承袭常被指责仍然封建、践踏人权的武家传统。」\p
1447,game_t01451,０２０：１９９７年_10：提督の特別講義　４月２５日　協調のきっかけ.egpack,０２０：１９９７年_10：提督の特別講義　４月２５日　協調のきっかけ,唯依,FC1BB2D07B8CA4CB833A8FC775711F88FDC75DF9188537E5BF556C9021D9D39C,text,「…\w…\w…\w…\w」\p
1448,game_t01452,０２０：１９９７年_10：提督の特別講義　４月２５日　協調のきっかけ.egpack,０２０：１９９７年_10：提督の特別講義　４月２５日　協調のきっかけ,小沢提督,1D99FB209FDC46F12EE4050D86859ABAB29B2A5F0E35575DB5C01EABCAED3F9C,text,「由于‘位高者须德重’这一原则不证自明，斯卫军以少数精锐、一骑当千为宗旨的战力培养计划，得以投入充足设备与预算实现。」\p
1449,game_t01453,０２０：１９９７年_10：提督の特別講義　４月２５日　協調のきっかけ.egpack,０２０：１９９７年_10：提督の特別講義　４月２５日　協調のきっかけ,小沢提督,64EB536196B6E0A47216221669A36514E3FD2959C757FEFFF72E2B91A7ABA084,text,「再加上诸位武家出身者内心崇高而坚韧的矜持。这正是守护皇帝陛下与政威大将军殿下的斯卫军精强无比的原因。」\p
1450,game_t01454,０２０：１９９７年_10：提督の特別講義　４月２５日　協調のきっかけ.egpack,０２０：１９９７年_10：提督の特別講義　４月２５日　協調のきっかけ,小沢提督,0EFB0482AB29CA8C254A383C36F335DF0E49D3D3A488A5C757C5F03D0531F9B5,text,「然而世人——尤其大众媒体——从另一种角度评价诸位。他们拿帝国军的战力培养预算来比较，只揪住表面上的奢华，以‘弱者的暴力’加以声讨。」\p
1451,game_t01455,０２０：１９９７年_10：提督の特別講義　４月２５日　協調のきっかけ.egpack,０２０：１９９７年_10：提督の特別講義　４月２５日　協調のきっかけ,小沢提督,1183934F2E015AEF34A952307850FE4DCF08EED153D7579A9A9FBA788ACDD7DF,text,「本来，将起源和任务性质都不同的组织简单比较，便是愚蠢至极。可许多人不了解其本质，只会迎合蓄意煽动的言论，情绪化地嘲弄诸位。」\p
1452,game_t01456,０２０：１９９７年_10：提督の特別講義　４月２５日　協調のきっかけ.egpack,０２０：１９９７年_10：提督の特別講義　４月２５日　協調のきっかけ,小沢提督,4DB8377C5C69934A03AD2C4F2475F34760E43F72AFDFE4E7EAC673FD6C62BFB6,text,「他们不知道——皇帝陛下与政威大将军殿下比自己的生命更想守护的珍宝。斯卫守护陛下与殿下，就等同于守护那份珍宝。」\p
1453,game_t01457,０２０：１９９７年_10：提督の特別講義　４月２５日　協調のきっかけ.egpack,０２０：１９９７年_10：提督の特別講義　４月２５日　協調のきっかけ,小沢提督,AE61D07C4F3B6023D2A44A54E2CC19B961C07F6159EE5B32AC2A193A3530B1B0,text,「诸位正式被任命为斯卫军卫士以后，这些非难和诽谤仍会继续。」\p
1454,game_t01458,０２０：１９９７年_10：提督の特別講義　４月２５日　協調のきっかけ.egpack,０２０：１９９７年_10：提督の特別講義　４月２５日　協調のきっかけ,小沢提督,902EC8EB3080994F03E45ECE1B7C6EF14AA0E787675A84B4730B4874F2B52A5D,text,「或许你们不得不奔赴九死一生的任务，却得不到身为陛下与殿下至宝的帝国国民哪怕一次理解，也听不到一句感谢。」\p
1455,game_t01459,０２０：１９９７年_10：提督の特別講義　４月２５日　協調のきっかけ.egpack,０２０：１９９７年_10：提督の特別講義　４月２５日　協調のきっかけ,小沢提督,614ACF543A919DFB3CD512F450DEEBCDA1C736E5158B5F08F9CC7C1E87366B56,text,「……但还是请你们忍辱负重。」\p
1456,game_t01460,０２０：１９９７年_10：提督の特別講義　４月２５日　協調のきっかけ.egpack,０２０：１９９７年_10：提督の特別講義　４月２５日　協調のきっかけ,小沢提督,6C94E03118E771ED7197636A6222BE5E0F79FC04229C7941EEEF576D0FE74C28,text,「诸位遭受无端诽谤的时刻，恰恰证明帝国仍维持着和平。」\p
1457,game_t01461,０２０：１９９７年_10：提督の特別講義　４月２５日　協調のきっかけ.egpack,０２０：１９９７年_10：提督の特別講義　４月２５日　協調のきっかけ,唯依,2F5DDCA1C317CAB54825B04E30D23EB62EC14CC07128C6CBC0DF4BC4AF52DB26,text,「…\w…\w…\w…\w」
1458,game_t01462,０２０：１９９７年_10：提督の特別講義　４月２５日　協調のきっかけ.egpack,０２０：１９９７年_10：提督の特別講義　４月２５日　協調のきっかけ,安芸,2F5DDCA1C317CAB54825B04E30D23EB62EC14CC07128C6CBC0DF4BC4AF52DB26,text,「…\w…\w…\w…\w」
1459,game_t01463,０２０：１９９７年_10：提督の特別講義　４月２５日　協調のきっかけ.egpack,０２０：１９９７年_10：提督の特別講義　４月２５日　協調のきっかけ,和泉,2F5DDCA1C317CAB54825B04E30D23EB62EC14CC07128C6CBC0DF4BC4AF52DB26,text,「…\w…\w…\w…\w」
1460,game_t01464,０２０：１９９７年_10：提督の特別講義　４月２５日　協調のきっかけ.egpack,０２０：１９９７年_10：提督の特別講義　４月２５日　協調のきっかけ,志摩子,FC1BB2D07B8CA4CB833A8FC775711F88FDC75DF9188537E5BF556C9021D9D39C,text,「…\w…\w…\w…\w」\p
1461,game_t01465,０２０：１９９７年_10：提督の特別講義　４月２５日　協調のきっかけ.egpack,０２０：１９９７年_10：提督の特別講義　４月２５日　協調のきっかけ,小沢提督,9310C2BC575579D6B8546693BA14179EE3403D3888F7C814CDF616874CBCF2B9,text,「在本次大战中，当身为斯卫的诸位充分发挥那无比精强的实力时——就意味着日本已沦为战场，身为陛下与殿下珍宝的国民也已困苦至极。」\p
1462,game_t01466,０２０：１９９７年_10：提督の特別講義　４月２５日　協調のきっかけ.egpack,０２０：１９９７年_10：提督の特別講義　４月２５日　協調のきっかけ,小沢提督,2DDF944159B380BA2630C9089445D36E7DFBE9171FB41D6DAEF947E16DC193FE,text,「我们帝国海军官兵，在被派往海外前线期间已经亲眼见过无数惨状。」\p
1463,game_t01467,０２０：１９９７年_10：提督の特別講義　４月２５日　協調のきっかけ.egpack,０２０：１９９７年_10：提督の特別講義　４月２５日　協調のきっかけ,小沢提督,1ABF96D9519EF7DB6184833F9E696790E525B9933BF244F35770D9EB936781A8,text,「诸位从每日报道中也该知道，究竟有多少人被BETA赶出故乡、国家覆灭，最终沦为难民四处流亡。」\p
1464,game_t01468,０２０：１９９７年_10：提督の特別講義　４月２５日　協調のきっかけ.egpack,０２０：１９９７年_10：提督の特別講義　４月２５日　協調のきっかけ,小沢提督,F2C159E2FC78EDCE5F021FC6B4A70DCD1725866E728A622ECFF44433A72160B7,text,「此刻，这一现实仍在沿朝鲜半岛不断南下。」\p
1465,game_t01469,０２０：１９９７年_10：提督の特別講義　４月２５日　協調のきっかけ.egpack,０２０：１９９７年_10：提督の特別講義　４月２５日　協調のきっかけ,唯依,2F5DDCA1C317CAB54825B04E30D23EB62EC14CC07128C6CBC0DF4BC4AF52DB26,text,「…\w…\w…\w…\w」
1466,game_t01470,０２０：１９９７年_10：提督の特別講義　４月２５日　協調のきっかけ.egpack,０２０：１９９７年_10：提督の特別講義　４月２５日　協調のきっかけ,安芸,2F5DDCA1C317CAB54825B04E30D23EB62EC14CC07128C6CBC0DF4BC4AF52DB26,text,「…\w…\w…\w…\w」
1467,game_t01471,０２０：１９９７年_10：提督の特別講義　４月２５日　協調のきっかけ.egpack,０２０：１９９７年_10：提督の特別講義　４月２５日　協調のきっかけ,和泉,2F5DDCA1C317CAB54825B04E30D23EB62EC14CC07128C6CBC0DF4BC4AF52DB26,text,「…\w…\w…\w…\w」
1468,game_t01472,０２０：１９９７年_10：提督の特別講義　４月２５日　協調のきっかけ.egpack,０２０：１９９７年_10：提督の特別講義　４月２５日　協調のきっかけ,志摩子,FC1BB2D07B8CA4CB833A8FC775711F88FDC75DF9188537E5BF556C9021D9D39C,text,「…\w…\w…\w…\w」\p
1469,game_t01473,０２０：１９９７年_10：提督の特別講義　４月２５日　協調のきっかけ.egpack,０２０：１９９７年_10：提督の特別講義　４月２５日　協調のきっかけ,小沢提督,8D0EECB4BA1D79FBA2909C4425D4E040830B1CC9D28A0BDBC106390D9BD943FB,text,「但面对今后可能发生的空前危机，我们仍得到了一段可以制定对策的时间。」\p
1470,game_t01474,０２０：１９９７年_10：提督の特別講義　４月２５日　協調のきっかけ.egpack,０２０：１９９７年_10：提督の特別講義　４月２５日　協調のきっかけ,小沢提督,D413355DF547DCC9ED187A06B76BA197FC23388B4AF48A2B61190E9850DD3D81,text,「这段绝不算充裕的时间，是谁、又以何种方式为我们争取来的？希望诸位无论何时都将这一自问铭记于心，勤勉训练。」\p
1471,game_t01475,０２０：１９９７年_10：提督の特別講義　４月２５日　協調のきっかけ.egpack,０２０：１９９７年_10：提督の特別講義　４月２５日　協調のきっかけ,小沢提督,92FD76928069A543901C11CA4480A6EC4F78D1E8CE89FA39E72D6DC05F1BD596,text,「也希望诸位日日精进，怀着亲手守护这个美丽国家——守护其首都、这座亘古不变的都城，守护皇帝陛下之京都的气概。」\p
1472,game_t01476,０２０：１９９７年_10：提督の特別講義　４月２５日　協調のきっかけ.egpack,０２０：１９９７年_10：提督の特別講義　４月２５日　協調のきっかけ,小沢提督,125CD96B193F055466CFCC64B5BB7C27A8F8B990CEACC45AA28AADED717EB178,text,「而我们这些老兵，也将倾尽全力抗击异星起源种的进犯，继续阻止未来将正式任官的诸位走上战场。」\p
1473,game_t01477,０２０：１９９７年_10：提督の特別講義　４月２５日　協調のきっかけ.egpack,０２０：１９９７年_10：提督の特別講義　４月２５日　協調のきっかけ,唯依,FC1BB2D07B8CA4CB833A8FC775711F88FDC75DF9188537E5BF556C9021D9D39C,text,「…\w…\w…\w…\w」\p
1474,game_t01478,０２０：１９９７年_10：提督の特別講義　４月２５日　協調のきっかけ.egpack,０２０：１９９７年_10：提督の特別講義　４月２５日　協調のきっかけ,安芸,FC1BB2D07B8CA4CB833A8FC775711F88FDC75DF9188537E5BF556C9021D9D39C,text,「…\w…\w…\w…\w」\p
1475,game_t01479,０２０：１９９７年_10：提督の特別講義　４月２５日　協調のきっかけ.egpack,０２０：１９９７年_10：提督の特別講義　４月２５日　協調のきっかけ,和泉,FC1BB2D07B8CA4CB833A8FC775711F88FDC75DF9188537E5BF556C9021D9D39C,text,「…\w…\w…\w…\w」\p
1476,game_t01480,０２０：１９９７年_10：提督の特別講義　４月２５日　協調のきっかけ.egpack,０２０：１９９７年_10：提督の特別講義　４月２５日　協調のきっかけ,志摩子,FC1BB2D07B8CA4CB833A8FC775711F88FDC75DF9188537E5BF556C9021D9D39C,text,「…\w…\w…\w…\w」\p
1477,game_t01481,０２０：１９９７年_10：提督の特別講義　４月２５日　協調のきっかけ.egpack,０２０：１９９７年_10：提督の特別講義　４月２５日　協調のきっかけ,小沢提督,3F4379B21819F7FD37E1988A8D63F7A2658C5B3A3B3F41E93F1C8B17FF3362E6,text,「但愿永不在战场上与诸位相见——」\p
1478,game_t01482,０２０：１９９７年_11：戦闘武術評価試験　５月１９日.egpack,０２０：１９９７年_11：戦闘武術評価試験　５月１９日,声援,FCCD24B149FE7220FE7874596C4110405ABF1E576AC14148D38C3263BC24C912,text,「——白方，祝君得胜～！」\p
1479,game_t01483,０２０：１９９７年_11：戦闘武術評価試験　５月１９日.egpack,０２０：１９９７年_11：戦闘武術評価試験　５月１９日,声援,73B067AB49A74265E719B3A46497BAF7582AB43A6CA7C53ECF4B4D04AC01754C,text,「——红方，祝君得胜～！！」\p
1480,game_t01484,０２０：１９９７年_11：戦闘武術評価試験　５月１９日.egpack,０２０：１９９７年_11：戦闘武術評価試験　５月１９日,斉藤助教,43CABA7741ED8C25052CA481FC35988F96EFED837727E0FD88C41A80D2E45E0D,text,「——红方一分，到此为止！！——退后！！」\p
1481,game_t01485,０２０：１９９７年_11：戦闘武術評価試験　５月１９日.egpack,０２０：１９９７年_11：戦闘武術評価試験　５月１９日,斉藤助教,E50DE25B6265C8EE47852A47B7B943D2BEEF5F6545B07B92BE6898D8EC2645E9,text,「——双方敬礼！」\p
1482,game_t01486,０２０：１９９７年_11：戦闘武術評価試験　５月１９日.egpack,０２０：１９９７年_11：戦闘武術評価試験　５月１９日,安芸,4C00C06818C52FD2B9D95B9C681E12C9A61E64B3D2B8E76D1071718E13B6C8C7,text,「哇……山城的J小队，上午第一场考核大获全胜啊～」\p
1483,game_t01487,０２０：１９９７年_11：戦闘武術評価試験　５月１９日.egpack,０２０：１９９７年_11：戦闘武術評価試験　５月１９日,唯依,FC1BB2D07B8CA4CB833A8FC775711F88FDC75DF9188537E5BF556C9021D9D39C,text,「…\w…\w…\w…\w」\p
1484,game_t01488,０２０：１９９７年_11：戦闘武術評価試験　５月１９日.egpack,０２０：１９９７年_11：戦闘武術評価試験　５月１９日,志摩子,147D9FE4B95F0BC694BFC4A53226560A2FC1749FF15C3E6F900121736B589C95,text,「六分多一点便以四比零全员得分获胜……果然很厉害。」\p
1485,game_t01489,０２０：１９９７年_11：戦闘武術評価試験　５月１９日.egpack,０２０：１９９７年_11：戦闘武術評価試験　５月１９日,和泉,0EB6AD116A269B6A63FA0F0208F50A34D1E0383EA65EDB973445F627267CD0C4,text,「不过这到底算是神明一时兴起，还是怎么回事……」\p
1486,game_t01490,０２０：１９９７年_11：戦闘武術評価試験　５月１９日.egpack,０２０：１９９７年_11：戦闘武術評価試験　５月１９日,安芸,F2B6FF19A2697987CC8717BD2BB37D570AC29DC458D7059F2FD74B589230F07A,text,「为什么偏偏第二场考核要对上J小队啊～！明明上午和下午总共才两场比赛，就要决定我们的命运～！」\p
1487,game_t01491,０２０：１９９７年_11：戦闘武術評価試験　５月１９日.egpack,０２０：１９９７年_11：戦闘武術評価試験　５月１９日,和泉,3072AF52F01F0CADC19A209A55369705F3761E7927396884E6CA8DFAAD44C218,text,「这一定是山城想和唯依一决胜负的执念……」\p
1488,game_t01492,０２０：１９９７年_11：戦闘武術評価試験　５月１９日.egpack,０２０：１９９７年_11：戦闘武術評価試験　５月１９日,和泉,C9322CC5498EACA0876A7D0BA84E3634BA634A0CD89A2C69C927F9C94703231C,text,「她们还剩将近两分钟就大获全胜，我们却只是三比二拖到时间结束，靠优势判定获胜……」\p
1489,game_t01493,０２０：１９９７年_11：戦闘武術評価試験　５月１９日.egpack,０２０：１９９７年_11：戦闘武術評価試験　５月１９日,志摩子,AD70A14502B410BB518F45C175686285A2B47F577259C0C173F21A8D7C2B86BD,text,「我们……没问题吧……？」\p
1490,game_t01494,０２０：１９９７年_11：戦闘武術評価試験　５月１９日.egpack,０２０：１９９７年_11：戦闘武術評価試験　５月１９日,唯依,FC1BB2D07B8CA4CB833A8FC775711F88FDC75DF9188537E5BF556C9021D9D39C,text,「…\w…\w…\w…\w」\p
1491,game_t01495,０２０：１９９７年_11：戦闘武術評価試験　５月１９日.egpack,０２０：１９９７年_11：戦闘武術評価試験　５月１９日,旁白,C588118410DAA6A41EA2D4530344131ECD1F5D2428F2CBC17EADB70E197B821D,text,大家感到不安也无可厚非。无论怎样偏袒自己，都无法否认J小队比我们更强。\p
1492,game_t01496,０２０：１９９７年_11：戦闘武術評価試験　５月１９日.egpack,０２０：１９９７年_11：戦闘武術評価試験　５月１９日,旁白,F8A11F5C982C5A49DB36388C58CB40215056E6CA35711A6DAD991A2BB013D422,text,可是——\p
1493,game_t01497,０２０：１９９７年_11：戦闘武術評価試験　５月１９日.egpack,０２０：１９９７年_11：戦闘武術評価試験　５月１９日,安芸,0C03CEFE4D85F061211ACB32ECA949E2292A6A758B699FEE5E43A5DD75E68A30,text,「说什么呢志摩子——都走到这里了，只能上啊！拿出‘祝君得胜’的山百合精神！」\p
1494,game_t01498,０２０：１９９７年_11：戦闘武術評価試験　５月１９日.egpack,０２０：１９９７年_11：戦闘武術評価試験　５月１９日,志摩子,94632A40D11AEDB4E0BB9C3EB3FD0EDD5DB22E0E213DDC3FF69AE3360501147F,text,「啊，嗯，我知道。」\p
1495,game_t01499,０２０：１９９７年_11：戦闘武術評価試験　５月１９日.egpack,０２０：１９９７年_11：戦闘武術評価試験　５月１９日,安芸,379BA217B77C5895329C1A6050D2CC835C323D2A5700FE800B5DB5BEAA1244AB,text,「怎么这么没气氛～听到‘祝君得胜’，当然要回‘谨遵号令’吧？对吧，唯依！」\p
1496,game_t01500,０２０：１９９７年_11：戦闘武術評価試験　５月１９日.egpack,０２０：１９９７年_11：戦闘武術評価試験　５月１９日,旁白,3E639959011C0B15BC56F676353B3AE00CCEFB4C21629BE2C89BB80351E727B1,text,这是“祝君得胜”与“谨遵号令”的缩略，也是山百合女子的传统口号。从这里还是武家女子名校的时代起，便一直传承至今的山百合气概。\p
1497,game_t01501,０２０：１９９７年_11：戦闘武術評価試験　５月１９日.egpack,０２０：１９９７年_11：戦闘武術評価試験　５月１９日,旁白,2B504B74F2CA3CA42A131C8C311C57898C9AD7D44531294CE438AB795AA9D184,text,恭子大人在山百合就读时，应该也曾喊过……\p
1498,game_t01502,０２０：１９９７年_11：戦闘武術評価試験　５月１９日.egpack,０２０：１９９７年_11：戦闘武術評価試験　５月１９日,恭子,2FECD14874DC9EBD3B3292D386C7E365CF46EDA00B387161435FF052754FB9E7,text,「与过去不同，如今即便是女性也能获得较高地位。但武家家主另当别论。」\p
1499,game_t01503,０２０：１９９７年_11：戦闘武術評価試験　５月１９日.egpack,０２０：１９９７年_11：戦闘武術評価試験　５月１９日,恭子,D9D064AB1996381FA78E1984673FB8E8E7605A307157D174D13AC4B3D2684B00,text,「在一个完全由男性逻辑构筑的武家社会里，立女性为下一任家主，究竟需要克服多少阻力和障碍……」\p
1500,game_t01504,０２０：１９９７年_11：戦闘武術評価試験　５月１９日.egpack,０２０：１９９７年_11：戦闘武術評価試験　５月１９日,旁白,8ECD93B31CAFBFFB26A1B909FCAFD9A1F05B56DD57E18032CFB863D82E54684D,text,对了，过去的武家女学生——前辈们，曾克服过比我们更多的苦难。\p
1501,game_t01505,０２０：１９９７年_11：戦闘武術評価試験　５月１９日.egpack,０２０：１９９７年_11：戦闘武術評価試験　５月１９日,旁白,CBB31D30C7D762369CD3A04BFF8A12ECC4A95A05F1F79AB9DBBE3E1D1E8B84FA,text,她们不仅面对世人的不理解，还要对抗比现在更加僵化的武家——男性社会的逻辑，最终成为卫士。\p
1502,game_t01506,０２０：１９９７年_11：戦闘武術評価試験　５月１９日.egpack,０２０：１９９７年_11：戦闘武術評価試験　５月１９日,恭子,57DDB0C4AAB4FCD9CEDD3968B800A3D84637630756A89C9FE509E900C2D28515,text,「因为只有在超越那位长辈时，才有能力向她报恩。」\p
1503,game_t01507,０２０：１９９７年_11：戦闘武術評価試験　５月１９日.egpack,０２０：１９９７年_11：戦闘武術評価試験　５月１９日,旁白,D612ED80D11CFF7CDBC6352C36B86C27C1498C5C9A68DAEA411ABD709CF58954,text,我们不能在这里燃尽一切——\p
1504,game_t01508,０２０：１９９７年_11：戦闘武術評価試験　５月１９日.egpack,０２０：１９９７年_11：戦闘武術評価試験　５月１９日,唯依,836849B764E12860412767CFACF8F912B61AFB227995646994ABE30445A2F66D,text,「我们数周以来为这一天努力，是为了迈向下一个阶段。不是为了取得好成绩，也不是为了赢——」\p
1505,game_t01509,０２０：１９９７年_11：戦闘武術評価試験　５月１９日.egpack,０２０：１９９７年_11：戦闘武術評価試験　５月１９日,安芸,59F4EB9E2D1D46096C713E6E74FADCE177B4DE94260A8BEA3C5F874FAB3A0617,text,「…\w…\w」\p
1506,game_t01510,０２０：１９９７年_11：戦闘武術評価試験　５月１９日.egpack,０２０：１９９７年_11：戦闘武術評価試験　５月１９日,和泉,FC1BB2D07B8CA4CB833A8FC775711F88FDC75DF9188537E5BF556C9021D9D39C,text,「…\w…\w…\w…\w」\p
1507,game_t01511,０２０：１９９７年_11：戦闘武術評価試験　５月１９日.egpack,０２０：１９９７年_11：戦闘武術評価試験　５月１９日,志摩子,FC1BB2D07B8CA4CB833A8FC775711F88FDC75DF9188537E5BF556C9021D9D39C,text,「…\w…\w…\w…\w」\p
1508,game_t01512,０２０：１９９７年_11：戦闘武術評価試験　５月１９日.egpack,０２０：１９９７年_11：戦闘武術評価試験　５月１９日,唯依,FC1BB2D07B8CA4CB833A8FC775711F88FDC75DF9188537E5BF556C9021D9D39C,text,「…\w…\w…\w…\w」\p
1509,game_t01513,０２０：１９９７年_11：戦闘武術評価試験　５月１９日.egpack,０２０：１９９７年_11：戦闘武術評価試験　５月１９日,旁白,93C1C4927DE8F65CE5FE8BF30056FF82D20A3BA0F2957087D75B95FCB205116A,text,是啊。我们一直都在努力。\p
1510,game_t01514,０２０：１９９７年_11：戦闘武術評価試験　５月１９日.egpack,０２０：１９９７年_11：戦闘武術評価試験　５月１９日,旁白,87770A3A687A71EFE9DFE650E5E2560FDE382A34D10898A4F982F1CD1DF43425,text,大家发生变化——我想是在那天听完安倍上校与小泽中将的讲座以后。\p
1511,game_t01515,０２０：１９９７年_11：戦闘武術評価試験　５月１９日.egpack,０２０：１９９７年_11：戦闘武術評価試験　５月１９日,旁白,412913D25876F9656075166DFD4F9AF7AC28B1A375AD795E784719CBC8CC3376,text,回过神来，她们无论做什么，都变得更加积极，也更加愿意配合。\p
1512,game_t01516,０２０：１９９７年_11：戦闘武術評価試験　５月１９日.egpack,０２０：１９９７年_11：戦闘武術評価試験　５月１９日,旁白,A3E5906B6F1501245755EA6E7218FECCF8B2DAD36DE6B6D54E9453B5CBF77119,text,这或许只是一点小小变化，可对我们来说，却是一次巨大的进步——\p
1513,game_t01517,０２０：１９９７年_11：戦闘武術評価試験　５月１９日.egpack,０２０：１９９７年_11：戦闘武術評価試験　５月１９日,旁白,5C0F442EA0517A146F2194AE6357E965FD23822ECD51CEF401973EE9C9D0BC58,text,尤其安艺的变化让我吃惊。她仍然很爱抱怨，但各方面给人的感觉都变得积极了。\p
1514,game_t01518,０２０：１９９７年_11：戦闘武術評価試験　５月１９日.egpack,０２０：１９９７年_11：戦闘武術評価試験　５月１９日,旁白,3FFCA747021D8D05F6D7AAF9679098D30DB39B178167B00E4518F0B867B05C5D,text,或许是受到她带动，和泉也不再只是嘴上说说，行动上比过去更加配合。\p
1515,game_t01519,０２０：１９９７年_11：戦闘武術評価試験　５月１９日.egpack,０２０：１９９７年_11：戦闘武術評価試験　５月１９日,旁白,AB8C6C486690FECE72788A978FF5E3625C0EEC4C50F138D0C179E9D08E899E46,text,志摩子大概也因此轻松了许多，笑容似乎变多了。\p
1516,game_t01520,０２０：１９９７年_11：戦闘武術評価試験　５月１９日.egpack,０２０：１９９７年_11：戦闘武術評価試験　５月１９日,旁白,A721CD48D83B2FEC4BF37AF4D0FEF83BAD5CB2C3C5250BD8E43A673607FBE38C,text,不，我想我自己听完那场讲座后，也发生了改变。\p
1517,game_t01521,０２０：１９９７年_11：戦闘武術評価試験　５月１９日.egpack,０２０：１９９７年_11：戦闘武術評価試験　５月１９日,旁白,E3B673E01170EA1D142F8279CDE836573C84A46D5ACF4D72D7979CD22CAF3230,text,安倍上校、小泽中将这样的帝国军高级军官，竟能如此深入地理解斯卫与武家的立场。这对我而言既意外，又令人欣喜。\p
1518,game_t01522,０２０：１９９７年_11：戦闘武術評価試験　５月１９日.egpack,０２０：１９９７年_11：戦闘武術評価試験　５月１９日,旁白,D5CB43E816DC5AAD6BC5954D71303C5028DFC0AD993F93511AB7FFBA8E6676A1,text,也许因为是先听到的缘故，安倍上校的话尤其触动了我。\p
1519,game_t01523,０２０：１９９７年_11：戦闘武術評価試験　５月１９日.egpack,０２０：１９９７年_11：戦闘武術評価試験　５月１９日,旁白,9761516C530538A344F8BC2880EA7012542967836022C8E9FF64518F6125584A,text,我现在感受到的，是一种仿佛又能重新追寻早已放弃之物的喜悦……\p
1520,game_t01524,０２０：１９９７年_11：戦闘武術評価試験　５月１９日.egpack,０２０：１９９７年_11：戦闘武術評価試験　５月１９日,旁白,CD89CE5B6485B969E92323C200AA6F65FD4DE68552B8FC549681050FB178C815,text,我想，大家或许也怀着同样的心情。\p
1521,game_t01525,０２０：１９９７年_11：戦闘武術評価試験　５月１９日.egpack,０２０：１９９７年_11：戦闘武術評価試験　５月１９日,旁白,C05349A544F3FD064C153A47B06DA5E5BE8A9CC268C36202D07F02EA05B0E35F,text,大家发生变化——我想是在那天听完小泽中将与安倍上校的讲座以后。\p
1522,game_t01526,０２０：１９９７年_11：戦闘武術評価試験　５月１９日.egpack,０２０：１９９７年_11：戦闘武術評価試験　５月１９日,旁白,412913D25876F9656075166DFD4F9AF7AC28B1A375AD795E784719CBC8CC3376,text,回过神来，她们无论做什么，都变得更加积极，也更加愿意配合。\p
1523,game_t01527,０２０：１９９７年_11：戦闘武術評価試験　５月１９日.egpack,０２０：１９９７年_11：戦闘武術評価試験　５月１９日,旁白,A3E5906B6F1501245755EA6E7218FECCF8B2DAD36DE6B6D54E9453B5CBF77119,text,这或许只是一点小小变化，可对我们来说，却是一次巨大的进步——\p
1524,game_t01528,０２０：１９９７年_11：戦闘武術評価試験　５月１９日.egpack,０２０：１９９７年_11：戦闘武術評価試験　５月１９日,旁白,5C0F442EA0517A146F2194AE6357E965FD23822ECD51CEF401973EE9C9D0BC58,text,尤其安艺的变化让我吃惊。她仍然很爱抱怨，但各方面给人的感觉都变得积极了。\p
1525,game_t01529,０２０：１９９７年_11：戦闘武術評価試験　５月１９日.egpack,０２０：１９９７年_11：戦闘武術評価試験　５月１９日,旁白,3FFCA747021D8D05F6D7AAF9679098D30DB39B178167B00E4518F0B867B05C5D,text,或许是受到她带动，和泉也不再只是嘴上说说，行动上比过去更加配合。\p
1526,game_t01530,０２０：１９９７年_11：戦闘武術評価試験　５月１９日.egpack,０２０：１９９７年_11：戦闘武術評価試験　５月１９日,旁白,AB8C6C486690FECE72788A978FF5E3625C0EEC4C50F138D0C179E9D08E899E46,text,志摩子大概也因此轻松了许多，笑容似乎变多了。\p
1527,game_t01531,０２０：１９９７年_11：戦闘武術評価試験　５月１９日.egpack,０２０：１９９７年_11：戦闘武術評価試験　５月１９日,旁白,A721CD48D83B2FEC4BF37AF4D0FEF83BAD5CB2C3C5250BD8E43A673607FBE38C,text,不，我想我自己听完那场讲座后，也发生了改变。\p
1528,game_t01532,０２０：１９９７年_11：戦闘武術評価試験　５月１９日.egpack,０２０：１９９７年_11：戦闘武術評価試験　５月１９日,旁白,9998D29A101EB9B53965052B72A508194DDC99308BAD6AF92C6A28EEED05D748,text,小泽中将、安倍上校这样的帝国军高级军官，竟能如此深入地理解斯卫与武家的立场。这对我而言既意外，又令人欣喜。\p
1529,game_t01533,０２０：１９９７年_11：戦闘武術評価試験　５月１９日.egpack,０２０：１９９７年_11：戦闘武術評価試験　５月１９日,旁白,F581743D5E606D56D3362D58CF080D01F4460D2AC9D34FA2DB5D848DCC159858,text,也许因为是先听到的缘故，小泽中将的话尤其触动了我。\p
1530,game_t01534,０２０：１９９７年_11：戦闘武術評価試験　５月１９日.egpack,０２０：１９９７年_11：戦闘武術評価試験　５月１９日,旁白,9761516C530538A344F8BC2880EA7012542967836022C8E9FF64518F6125584A,text,我现在感受到的，是一种仿佛又能重新追寻早已放弃之物的喜悦……\p
1531,game_t01535,０２０：１９９７年_11：戦闘武術評価試験　５月１９日.egpack,０２０：１９９７年_11：戦闘武術評価試験　５月１９日,旁白,D5DC6B912855F64EC83D381EB668C7AF813F6409498B457D3C4307BC420C44E5,text,我想，大家或许也怀着同样的心情。\p
1532,game_t01536,０２０：１９９７年_11：戦闘武術評価試験　５月１９日.egpack,０２０：１９９７年_11：戦闘武術評価試験　５月１９日,旁白,82BC2C6ADEDCCC996A99B21FE9958ADA16190934ABFEECB782121E0800821C86,text,从那以后，大家对装甲剑术的态度变得无比认真，简直判若两人。\p
1533,game_t01537,０２０：１９９７年_11：戦闘武術評価試験　５月１９日.egpack,０２０：１９９７年_11：戦闘武術評価試験　５月１９日,旁白,8BA6EAE0D39D3293DFE651E49187FAA693F23172E3ADF8A593575DDBC0778EF8,text,放学后留下来加练，休息日也继续训练——还召开为了磨炼战术的学习会——\p
1534,game_t01538,０２０：１９９７年_11：戦闘武術評価試験　５月１９日.egpack,０２０：１９９７年_11：戦闘武術評価試験　５月１９日,旁白,B4D8DDA3B964426C35986B149D7975E6C754BBAFAC08DB62723B7BE507CB9833,text,当然，我们仍会像过去一样，因为立场和方法不同而多次陷入尴尬。\p
1535,game_t01539,０２０：１９９７年_11：戦闘武術評価試験　５月１９日.egpack,０２０：１９９７年_11：戦闘武術評価試験　５月１９日,旁白,8B52EDAF6B32885F186E5F18ECC8F1B72F86BB46DCED835510FE8D28CF535BDF,text,价值观、生活方式，以及由家格而来的立场之争……绝不能说横亘其间的鸿沟已经填平。\p
1536,game_t01540,０２０：１９９７年_11：戦闘武術評価試験　５月１９日.egpack,０２０：１９９７年_11：戦闘武術評価試験　５月１９日,旁白,47E02554F1C84B16E149C9CAEE9E198A2F35B3AD38FC417293A2D0721D50848C,text,但是，装甲剑术成为了我们共同的语言。\p
1537,game_t01541,０２０：１９９７年_11：戦闘武術評価試験　５月１９日.egpack,０２０：１９９７年_11：戦闘武術評価試験　５月１９日,旁白,70B219217474DD3AD59011FDCE3A7C1DD8A72A007D7DDE6C6F92ADB8587A37C7,text,多亏如此，训练期间我们几乎不再在意那些差异。\p
1538,game_t01542,０２０：１９９７年_11：戦闘武術評価試験　５月１９日.egpack,０２０：１９９７年_11：戦闘武術評価試験　５月１９日,旁白,DC298EA63F78ED2D1FC9574117C567B2C191D6C397C2EA6D80FCC94B5362FF5B,text,我想，那些一点点积累的时光，最终成为了我们的羁绊。\p
1539,game_t01543,０２０：１９９７年_11：戦闘武術評価試験　５月１９日.egpack,０２０：１９９７年_11：戦闘武術評価試験　５月１９日,旁白,4D3EEBCE8EE39E53FA40DCD5FE9A85655D8427ADBB16EA06262835AE3EB0A56A,text,那份羁绊对我们……不，对我而言，就像生平第一次得到的珍宝。\p
1540,game_t01544,０２０：１９９７年_11：戦闘武術評価試験　５月１９日.egpack,０２０：１９９７年_11：戦闘武術評価試験　５月１９日,唯依,FC1BB2D07B8CA4CB833A8FC775711F88FDC75DF9188537E5BF556C9021D9D39C,text,「…\w…\w…\w…\w」\p
1541,game_t01545,０２０：１９９７年_11：戦闘武術評価試験　５月１９日.egpack,０２０：１９９７年_11：戦闘武術評価試験　５月１９日,旁白,06441645B67D540C8D4475AFF5DFA18BBBF4A0D6F451E5C7AB7F21A5BC9F817F,text,我曾以为……自己绝不可能得到这种东西。\p
1542,game_t01546,０２０：１９９７年_11：戦闘武術評価試験　５月１９日.egpack,０２０：１９９７年_11：戦闘武術評価試験　５月１９日,旁白,BF21535021489DAB0EF013BA3029EA9930A5D77E3A984BF90850376DFF05604D,text,我从没想过，自己能与同龄人建立这样的关系……\p
1543,game_t01547,０２０：１９９７年_11：戦闘武術評価試験　５月１９日.egpack,０２０：１９９７年_11：戦闘武術評価試験　５月１９日,旁白,E0951D9AECB026E8F07EBAD8FC82D9D966774AA77D654C72B6BB9311F08A70D8,text,就像外界的人理解斯卫立场后，我心中的某些东西稍稍改变了一样——\p
1544,game_t01548,０２０：１９９７年_11：戦闘武術評価試験　５月１９日.egpack,０２０：１９９７年_11：戦闘武術評価試験　５月１９日,旁白,794C5C69F4D488CA891DC07A6658431E7F2EF96A2138C543E27CCE510FB9229D,text,大家的态度完全没有改变——\p
1545,game_t01549,０２０：１９９７年_11：戦闘武術評価試験　５月１９日.egpack,０２０：１９９７年_11：戦闘武術評価試験　５月１９日,旁白,8E4F0A29FA259A0179BF8318960D3431048ACA43AC232C7B68AE0781482C2EA7,text,即便知道了篁家的恶评和改换家格之事，她们依然没有改变——\p
1546,game_t01550,０２０：１９９７年_11：戦闘武術評価試験　５月１９日.egpack,０２０：１９９７年_11：戦闘武術評価試験　５月１９日,旁白,90BBCD5F328D3FB293D94DD5CBCF9B434721972AF139067124501CF4575EA66A,text,——这也改变了我心中的某些东西。\p
1547,game_t01551,０２０：１９９７年_11：戦闘武術評価試験　５月１９日.egpack,０２０：１９９７年_11：戦闘武術評価試験　５月１９日,唯依,B139D5B5B188A6140AAF0BD1850F02F3FDCCCA0F602A508AB81AEB035AF0BE25,text,「我们要成为卫士，履行斯卫的职责。——别忘了，这里只是必经的一站。」\p
1548,game_t01552,０２０：１９９７年_11：戦闘武術評価試験　５月１９日.egpack,０２０：１９９７年_11：戦闘武術評価試験　５月１９日,安芸,759BC0D751D419C8EB52F18C8F6630B7847DF62D75FC744D7F263FEBD5EBAA98,text,「——知道啦！」\p
1549,game_t01553,０２０：１９９７年_11：戦闘武術評価試験　５月１９日.egpack,０２０：１９９７年_11：戦闘武術評価試験　５月１９日,和泉,A763299044AAF96D736C5A68351FEC845DA7EFA04675FF729BDC8EB0374105EF,text,「——嗯。」\p
1550,game_t01554,０２０：１９９７年_11：戦闘武術評価試験　５月１９日.egpack,０２０：１９９７年_11：戦闘武術評価試験　５月１９日,志摩子,A763299044AAF96D736C5A68351FEC845DA7EFA04675FF729BDC8EB0374105EF,text,「——嗯。」\p
1551,game_t01555,０２０：１９９７年_11：戦闘武術評価試験　５月１９日.egpack,０２０：１９９７年_11：戦闘武術評価試験　５月１９日,唯依,0E7A3E692159DFD375EC5534CB1FCF5EEC2BDFA27CF84230C8C9C1E537974FDE,text,「——那么，我们走吧。」\p
1552,game_t01556,０２０：１９９７年_12：戦闘武術評価試験　上総小隊との戦い　数分後.egpack,０２０：１９９７年_12：戦闘武術評価試験　上総小隊との戦い　数分後,唯依,FC1BB2D07B8CA4CB833A8FC775711F88FDC75DF9188537E5BF556C9021D9D39C,text,「…\w…\w…\w…\w」\p
1553,game_t01557,０２０：１９９７年_12：戦闘武術評価試験　上総小隊との戦い　数分後.egpack,０２０：１９９７年_12：戦闘武術評価試験　上総小隊との戦い　数分後,旁白,2FD38CAAA60295C282A796093AC69BC7AC186777206980C88FE951A7CA718EC7,text,终于要开始了……\p
1554,game_t01558,０２０：１９９７年_12：戦闘武術評価試験　上総小隊との戦い　数分後.egpack,０２０：１９９７年_12：戦闘武術評価試験　上総小隊との戦い　数分後,旁白,AFFB50258BA28ECFDC0938DEB4E8C1AEC108C026569BF74FA16D1AA28BD60BB8,text,……这几周，我们一直优先把彼此的习惯和反射动作模式牢牢记进脑子。\p
1555,game_t01559,０２０：１９９７年_12：戦闘武術評価試験　上総小隊との戦い　数分後.egpack,０２０：１９９７年_12：戦闘武術評価試験　上総小隊との戦い　数分後,旁白,71A6329AD6ADAF612D8B16C2B6B7D131B74A0DF9D7DC8C192691AAE4241B56EF,text,因为照搬战术理论中的标准方法，并没能让我们取得好成绩。\p
1556,game_t01560,０２０：１９９７年_12：戦闘武術評価試験　上総小隊との戦い　数分後.egpack,０２０：１９９７年_12：戦闘武術評価試験　上総小隊との戦い　数分後,旁白,7D127DF5A3FE172149EF0D3966733FEB96D230224D13A75C8B741D3571D1936C,text,所以我们舍弃了依赖作战方案、备用计划等预设逻辑的做法，选择提升个人能力、理解彼此特性，再逐步积累应对各种局面的模式。\p
1557,game_t01561,０２０：１９９７年_12：戦闘武術評価試験　上総小隊との戦い　数分後.egpack,０２０：１９９７年_12：戦闘武術評価試験　上総小隊との戦い　数分後,旁白,B88CE563375A384DC26094CC1BC5B8A221331F82480B52C0CC7C87E85EF0665C,text,也就是说，不预先制订作战计划，以根据变化的局势随机应变为理想。这样也不容易被对手看穿战术模式。\p
1558,game_t01562,０２０：１９９７年_12：戦闘武術評価試験　上総小隊との戦い　数分後.egpack,０２０：１９９７年_12：戦闘武術評価試験　上総小隊との戦い　数分後,旁白,437F574E9423FB488A62406EBCE68A2E7A55C88F35F4976F9A4E6A5A04E7CC7A,text,起初别说取得成果，表现反而比过去更差。可大家始终相信这种做法，坚持了下来。\p
1559,game_t01563,０２０：１９９７年_12：戦闘武術評価試験　上総小隊との戦い　数分後.egpack,０２０：１９９７年_12：戦闘武術評価試験　上総小隊との戦い　数分後,旁白,5DB875CC3948F52FAEE097944D3424AFDDA9A5D19BE4379405E4D273AB689DD6,text,随着训练次数增加，我们不知不觉开始获胜。因为那些照搬固定套路的小队，逐渐陷入战术模式枯竭。\p
1560,game_t01564,０２０：１９９７年_12：戦闘武術評価試験　上総小隊との戦い　数分後.egpack,０２０：１９９７年_12：戦闘武術評価試験　上総小隊との戦い　数分後,旁白,25C2E03CEAE7B016938E3841DB7EEF61989D512B60A6E0D5ECABFF46A3E6AF8C,text,许多小队因陷入瓶颈与焦虑，无法修正缺点；或是掉进无休止的招数预判，反而不敢贸然行动。\p
1561,game_t01565,０２０：１９９７年_12：戦闘武術評価試験　上総小隊との戦い　数分後.egpack,０２０：１９９７年_12：戦闘武術評価試験　上総小隊との戦い　数分後,旁白,645EC0B17FEFD3199BEF1A0345526E7D77B69470B3FABB42E3E970DD5BE3AFAB,text,就在其他小队成绩停滞不前时，我们却一直稳步积累成果，甚至能从教官手中取得有效得分。\p
1562,game_t01566,０２０：１９９７年_12：戦闘武術評価試験　上総小隊との戦い　数分後.egpack,０２０：１９９７年_12：戦闘武術評価試験　上総小隊との戦い　数分後,旁白,6E2426ECA06260B63AE833D1D3A15FFE04D2829F2F378E6EC34FC8F4B45CBF3D,text,我们的总得分仅次于J小队，位居第二——虽然差距很大，但我认为胜算依然十分充足……！\p
1563,game_t01567,０２０：１９９７年_12：戦闘武術評価試験　上総小隊との戦い　数分後.egpack,０２０：１９９７年_12：戦闘武術評価試験　上総小隊との戦い　数分後,山城,C264EFEEB8601EB4EDD6D5338E8C690E702254D8455E3F5FCB20AA9DDB20B632,text,「——终于能够请篁同学赐教了。」\p
1564,game_t01568,０２０：１９９７年_12：戦闘武術評価試験　上総小隊との戦い　数分後.egpack,０２０：１９９７年_12：戦闘武術評価試験　上総小隊との戦い　数分後,山城,11B10177CFA352BC965D31D1491779A3DFAE268FECDA2C39C9027B0B00C35A03,text,「请让我好好领教篁示现流的本领。还请手下留情。」\p
1565,game_t01569,０２０：１９９７年_12：戦闘武術評価試験　上総小隊との戦い　数分後.egpack,０２０：１９９７年_12：戦闘武術評価試験　上総小隊との戦い　数分後,唯依,1DFBBE32C06C68D108FC41805EB9A77BD329FE638B094C602A08BF479AB9EA42,text,「彼此彼此。还请多多指教，我会全力以赴。」\p
1566,game_t01570,０２０：１９９７年_12：戦闘武術評価試験　上総小隊との戦い　数分後.egpack,０２０：１９９７年_12：戦闘武術評価試験　上総小隊との戦い　数分後,山城,1C7265D8A627D4EA633EE8638943BD2BBDE4B5A5946B5901A04194D95D780025,text,「那么——」\p
1567,game_t01571,０２０：１９９７年_12：戦闘武術評価試験　上総小隊との戦い　数分後.egpack,０２０：１９９７年_12：戦闘武術評価試験　上総小隊との戦い　数分後,安芸,6BFD0E2C9DB7171AE074AA385B9AD920BA2D382DAEB6D6E50E888C03D817E6DA,text,「山城马上就开始出招了呢～打心理战。」\p
1568,game_t01572,０２０：１９９７年_12：戦闘武術評価試験　上総小隊との戦い　数分後.egpack,０２０：１９９７年_12：戦闘武術評価試験　上総小隊との戦い　数分後,和泉,DBF54AF92B2C8228480BD9AF85012F0187D4EA0CA1C8E822A55BDDD2DCE24542,text,「终于要开始了……」\p
1569,game_t01573,０２０：１９９７年_12：戦闘武術評価試験　上総小隊との戦い　数分後.egpack,０２０：１９９７年_12：戦闘武術評価試験　上総小隊との戦い　数分後,志摩子,BB30F0BD0C933741FB56365FAB3CD64B1FA581878B77D63F0B3D26073F78B97F,text,「嗯……」\p
1570,game_t01574,０２０：１９９７年_12：戦闘武術評価試験　上総小隊との戦い　数分後.egpack,０２０：１９９７年_12：戦闘武術評価試験　上総小隊との戦い　数分後,唯依,417E93CEE7EC6E74C7938B6F76739FEC327937708B6A469A44A6A35E12013365,text,「最重要的是不要孤立。大家随时互相呼应、彼此支援。」\p
1571,game_t01575,０２０：１９９７年_12：戦闘武術評価試験　上総小隊との戦い　数分後.egpack,０２０：１９９７年_12：戦闘武術評価試験　上総小隊との戦い　数分後,藤堂助教,85C39D00FB13F59EDB52BDC96F5FB9C64EB263E451059C43CA3638C0D953DC5D,text,「——红方D小队！白方J小队！前往起始线——前进！」\p
1572,game_t01576,０２０：１９９７年_12：戦闘武術評価試験　上総小隊との戦い　数分後.egpack,０２０：１９９７年_12：戦闘武術評価試験　上総小隊との戦い　数分後,旁白,86910E78A0B69DCBF4F6FB21AF93B0B54374FC804FD24C6EFD853F6A446BA2ED,text,考核用比赛区域是五十米见方……远比训练场地宽广。穿着护具时，即使跑步，从一端到另一端也要十秒以上。\p
1573,game_t01577,０２０：１９９７年_12：戦闘武術評価試験　上総小隊との戦い　数分後.egpack,０２０：１９９７年_12：戦闘武術評価試験　上総小隊との戦い　数分後,旁白,C379DD5B06A2CEBC9EA760FE72DBF2A6C7212477CA6BFA767BCD31C1F5A2442C,text,而且场内还设置了多个货运集装箱之类的障碍物，视野并不通畅。\p
1574,game_t01578,０２０：１９９７年_12：戦闘武術評価試験　上総小隊との戦い　数分後.egpack,０２０：１９９７年_12：戦闘武術評価試験　上総小隊との戦い　数分後,旁白,05CDF36F23314713E939B54EBDDA2BE221902E6D97B5F854952915D491BCB7E8,text,而且障碍物还会特意在每场比赛后重新摆放，因此根本无法预先根据地形制订作战计划。\p
1575,game_t01579,０２０：１９９７年_12：戦闘武術評価試験　上総小隊との戦い　数分後.egpack,０２０：１９９７年_12：戦闘武術評価試験　上総小隊との戦い　数分後,旁白,38B04DFF2FB2B29F623D1BB0D0465F4FBA3F836CCA0822D2AF2CC01C82DFE3AE,text,从这个意义上说，我们在心理上略占优势。只需像平常一样随机应变。\p
1576,game_t01580,０２０：１９９７年_12：戦闘武術評価試験　上総小隊との戦い　数分後.egpack,０２０：１９９７年_12：戦闘武術評価試験　上総小隊との戦い　数分後,藤堂助教,D2A430B096D73323D8781844D6A636A9D89904004BDB41A809C8DBFA6FBDA53B,text,「——双方敬礼！」\p
1577,game_t01581,０２０：１９９７年_12：戦闘武術評価試験　上総小隊との戦い　数分後.egpack,０２０：１９９７年_12：戦闘武術評価試験　上総小隊との戦い　数分後,旁白,37EF3BDCF6C1E03C3BDF32A16BD3A661FB651AF3FB6A062C2455C5153D24EAED,text,山城——\p
1578,game_t01582,０２０：１９９７年_12：戦闘武術評価試験　上総小隊との戦い　数分後.egpack,０２０：１９９７年_12：戦闘武術評価試験　上総小隊との戦い　数分後,藤堂助教,079A9B5F2B36C27905CC4605DFA40491F471FEB7AEBC6A9FEF59885F9FE8CE29,text,「——双方前往起始线！！」\p
1579,game_t01583,０２０：１９９７年_12：戦闘武術評価試験　上総小隊との戦い　数分後.egpack,０２０：１９９７年_12：戦闘武術評価試験　上総小隊との戦い　数分後,唯依,33633CA52D51D34144777F958922880A268872426AE1A317FE820ED1AC1568E9,text,「大家，上吧——D小队，祝君得胜！」\p
1580,game_t01584,０２０：１９９７年_12：戦闘武術評価試験　上総小隊との戦い　数分後.egpack,０２０：１９９７年_12：戦闘武術評価試験　上総小隊との戦い　数分後,志摩子,3A7D720F7F2F65274721A1FF576FFA40ADB16B41BFD664463EE418E4F3810577,text,「——谨遵号令！」
1581,game_t01585,０２０：１９９７年_12：戦闘武術評価試験　上総小隊との戦い　数分後.egpack,０２０：１９９７年_12：戦闘武術評価試験　上総小隊との戦い　数分後,安芸,3A7D720F7F2F65274721A1FF576FFA40ADB16B41BFD664463EE418E4F3810577,text,「——谨遵号令！」
1582,game_t01586,０２０：１９９７年_12：戦闘武術評価試験　上総小隊との戦い　数分後.egpack,０２０：１９９７年_12：戦闘武術評価試験　上総小隊との戦い　数分後,和泉,A4DD9128E15D3AC22A07796D830D3793909CE17FEDB06F2522A1AC2FE1665603,text,「——谨遵号令！」\p
1583,game_t01587,０２０：１９９７年_12：戦闘武術評価試験　上総小隊との戦い　数分後.egpack,０２０：１９９７年_12：戦闘武術評価試験　上総小隊との戦い　数分後,藤堂助教,6FF9D573DEAA25748C7D1F58790A650E8C84E67971AB8A4FF0317315A2B52A0F,text,「——开始！」\p
1584,game_t01588,０２０：１９９７年_12：戦闘武術評価試験　上総小隊との戦い　数分後.egpack,０２０：１９９７年_12：戦闘武術評価試験　上総小隊との戦い　数分後,旁白,1979CFCAA5AE0260E5EE81418B75755D3AA3EEBE7B50DB97530219D2F7CF77CD,text,小心——视野死角后面很危险！\p
1585,game_t01589,０２０：１９９７年_12：戦闘武術評価試験　上総小隊との戦い　数分後.egpack,０２０：１９９７年_12：戦闘武術評価試験　上総小隊との戦い　数分後,安芸,FC1BB2D07B8CA4CB833A8FC775711F88FDC75DF9188537E5BF556C9021D9D39C,text,「…\w…\w…\w…\w」\p
1586,game_t01590,０２０：１９９７年_12：戦闘武術評価試験　上総小隊との戦い　数分後.egpack,０２０：１９９７年_12：戦闘武術評価試験　上総小隊との戦い　数分後,旁白,EFCB338783640AE93F34C0FC363F542DF3ED903F0A8C65F75226BC5C3F13EA43,text,没有埋伏——很好，继续前进！\p
1587,game_t01591,０２０：１９９７年_12：戦闘武術評価試験　上総小隊との戦い　数分後.egpack,０２０：１９９７年_12：戦闘武術評価試験　上総小隊との戦い　数分後,旁白,0D983010D42E6438ABDA44F6B47A2348DB1A9F6F2AA8E05B28A81A96349A05E6,text,让和泉先行——这里必须稳稳拿下！\p
1588,game_t01592,０２０：１９９７年_12：戦闘武術評価試験　上総小隊との戦い　数分後.egpack,０２０：１９９７年_12：戦闘武術評価試験　上総小隊との戦い　数分後,旁白,6931AB35D1801DCE029BE4144214B20FA3AE1ED2276072C6C556AE2B161F267F,text,还没有接敌……她们是退后设伏了吗……？\p
1589,game_t01593,０２０：１９９７年_12：戦闘武術評価試験　上総小隊との戦い　数分後.egpack,０２０：１９９７年_12：戦闘武術評価試験　上総小隊との戦い　数分後,唯依,FC1BB2D07B8CA4CB833A8FC775711F88FDC75DF9188537E5BF556C9021D9D39C,text,「…\w…\w…\w…\w」\p
1590,game_t01594,０２０：１９９７年_12：戦闘武術評価試験　上総小隊との戦い　数分後.egpack,０２０：１９９７年_12：戦闘武術評価試験　上総小隊との戦い　数分後,旁白,23DAFE5E68A067B82A11A78FE4E210CE4AB408EF5A6919463E19AF42B02B7279,text,呼吸异常困难……简直像护面上的透气孔被堵住了一样。\p
1591,game_t01595,０２０：１９９７年_12：戦闘武術評価試験　上総小隊との戦い　数分後.egpack,０２０：１９９７年_12：戦闘武術評価試験　上総小隊との戦い　数分後,旁白,90BABCF9C0014F19D959852F903AF30BEFBD6F80E48F25912ACD48F1448B2E12,text,第一场考核时，我并没有这种感觉。\p
1592,game_t01596,０２０：１９９７年_12：戦闘武術評価試験　上総小隊との戦い　数分後.egpack,０２０：１９９７年_12：戦闘武術評価試験　上総小隊との戦い　数分後,旁白,929DC66C9919163EC26EF8049C8F0D4CEE12B7A1B729B804D2816B67BC292731,text,必须维持适度紧张——否则到了关键时刻，根本发挥不了作用。\p
1593,game_t01597,０２０：１９９７年_12：戦闘武術評価試験　上総小隊との戦い　数分後.egpack,０２０：１９９７年_12：戦闘武術評価試験　上総小隊との戦い　数分後,唯依,FC1BB2D07B8CA4CB833A8FC775711F88FDC75DF9188537E5BF556C9021D9D39C,text,「…\w…\w…\w…\w」\p
1594,game_t01598,０２０：１９９７年_12：戦闘武術評価試験　上総小隊との戦い　数分後.egpack,０２０：１９９７年_12：戦闘武術評価試験　上総小隊との戦い　数分後,旁白,53B0750D1ED61F5A29EB17B15E40826B5D04D509DAFE98ACFC62D356A1C47DC2,text,先看看山城她们如何行动——全方位警戒。\p
1595,game_t01599,０２０：１９９７年_12：戦闘武術評価試験　上総小隊との戦い　数分後.egpack,０２０：１９９７年_12：戦闘武術評価試験　上総小隊との戦い　数分後,旁白,A5322E07CCBFE07686DE2BC3598FABB79FC712395630D36562C7A19DEA233613,text,即使比赛区域扩大了一倍以上，时限仍是八分钟。\p
1596,game_t01600,０２０：１９９７年_12：戦闘武術評価試験　上総小隊との戦い　数分後.egpack,０２０：１９９７年_12：戦闘武術評価試験　上総小隊との戦い　数分後,旁白,DB1EDA7AA8138F2302D008F2B256D614309495DCFF79C7B869A89AA8E2FCE7DC,text,第一场考核没能彻底取胜的我们，不能采用零得分或拖到时限结束平局这种消极战术。不过——现在反而应该有意耗费一些时间。\p
1597,game_t01601,０２０：１９９７年_12：戦闘武術評価試験　上総小隊との戦い　数分後.egpack,０２０：１９９７年_12：戦闘武術評価試験　上総小隊との戦い　数分後,旁白,684F4C94E9BA7465A3A3F12A780977F78E6E140FDDFA1D1ACD8355272A24CD49,text,右侧那片区域——要是被对方抢先迂回进去，地形会非常棘手。那里掩体多，容易埋伏，也不便行动。\p
1598,game_t01602,０２０：１９９７年_12：戦闘武術評価試験　上総小隊との戦い　数分後.egpack,０２０：１９９７年_12：戦闘武術評価試験　上総小隊との戦い　数分後,旁白,D38FAC970465D7978AC42424A722EC3E2B73FAA6DF341542688B7A6DD056E984,text,左侧——虽然两边都被集装箱夹住，却没有掩体，能一直看到十几米外。\p
1599,game_t01603,０２０：１９９７年_12：戦闘武術評価試験　上総小隊との戦い　数分後.egpack,０２０：１９９７年_12：戦闘武術評価試験　上総小隊との戦い　数分後,旁白,B1ACFCE8BE3242769396264AF91EF80A7F3D894C3FA16B99AC1BB817D28FAF57,text,视野太过开阔，双方的行动一览无余。优点是不用提防埋伏，可是——\p
1600,game_t01604,０２０：１９９７年_12：戦闘武術評価試験　上総小隊との戦い　数分後.egpack,０２０：１９９７年_12：戦闘武術評価試験　上総小隊との戦い　数分後,唯依,FC1BB2D07B8CA4CB833A8FC775711F88FDC75DF9188537E5BF556C9021D9D39C,text,「…\w…\w…\w…\w」\p
1601,game_t01605,０２０：１９９７年_12：戦闘武術評価試験　上総小隊との戦い　数分後.egpack,０２０：１９９７年_12：戦闘武術評価試験　上総小隊との戦い　数分後,旁白,400D7AD69E94CCC2FA0DE2CB4414BBBC4D0A3560F2A7CD71D234486BE5E10E79,text,好——走右边。\p
1602,game_t01606,０２０：１９９７年_12：戦闘武術評価試験　上総小隊との戦い　数分後.egpack,０２０：１９９７年_12：戦闘武術評価試験　上総小隊との戦い　数分後,旁白,9EF5337F115C5E92151F04240CE4D945959A378A3AFA8683CEECCE5980364FB0,text,被埋伏的风险很高。尤其第一场考核大获全胜的J小队，就算打平也相当有利，根本没必要承担主动进攻的风险。\p
1603,game_t01607,０２０：１９９７年_12：戦闘武術評価試験　上総小隊との戦い　数分後.egpack,０２０：１９９７年_12：戦闘武術評価試験　上総小隊との戦い　数分後,旁白,BC91D7AB1FBBDC1559B5831FE568C1AFB6CF7529C6BFA6ECD4E29A04C567B17D,text,况且山城的J小队最擅长有组织的协同。她们本就难以对付，若在左侧开阔地带接敌，让她们自由行动，局面会非常不利。\p
1604,game_t01608,０２０：１９９７年_12：戦闘武術評価試験　上総小隊との戦い　数分後.egpack,０２０：１９９７年_12：戦闘武術評価試験　上総小隊との戦い　数分後,旁白,98117B6F8646A48605942B9A6C479E493FFA21B2F1025C6E37B28D7B1C22092C,text,既然如此，不如在那里把战斗拖入混战，消除对方有组织协同的优势。反正我们本来就没有什么战术或作战计划。\p
1605,game_t01609,０２０：１９９７年_12：戦闘武術評価試験　上総小隊との戦い　数分後.egpack,０２０：１９９７年_12：戦闘武術評価試験　上総小隊との戦い　数分後,旁白,069323A74176979FCF2599BAA9092E392DF48547C216D8FBC08514B6E0B52219,text,就在这里，反过来利用对方的埋伏主动进攻……！\p
1606,game_t01610,０２０：１９９７年_12：戦闘武術評価試験　上総小隊との戦い　数分後.egpack,０２０：１９９７年_12：戦闘武術評価試験　上総小隊との戦い　数分後,唯依,6EE50B19277580E460F0B1AFA4BBEA3E328AC1999DDFB1500E805AA1607C7F1D,text,「——！？」
1607,game_t01611,０２０：１９９７年_12：戦闘武術評価試験　上総小隊との戦い　数分後.egpack,０２０：１９９７年_12：戦闘武術評価試験　上総小隊との戦い　数分後,志摩子,0C5E6BF0929CD625E2D2A3C9D77DF752E9F712DDFE6F39CCCB7AE3EE8192C775,text,「――？！」
1608,game_t01612,０２０：１９９７年_12：戦闘武術評価試験　上総小隊との戦い　数分後.egpack,０２０：１９９７年_12：戦闘武術評価試験　上総小隊との戦い　数分後,安芸,3F6245637225F09A802B588E6F9676DF2A88E96D80EBEC222FC2593A982AD683,text,「――！」\p
1609,game_t01613,０２０：１９９７年_12：戦闘武術評価試験　上総小隊との戦い　数分後.egpack,０２０：１９９７年_12：戦闘武術評価試験　上総小隊との戦い　数分後,唯依,DFE88539800ABA33B5C8D23EBD9A2642416A00E8B8EC3362D29D034AFC687C6D,text,「唔——！？」\p
1610,game_t01614,０２０：１９９７年_12：戦闘武術評価試験　上総小隊との戦い　数分後.egpack,０２０：１９９７年_12：戦闘武術評価試験　上総小隊との戦い　数分後,旁白,A10E1E701F1C85FDA44A5F5CA82674BE420E70D406B6318825669780BDFBBEFA,text,山城——为什么要那样……！？\p
1611,game_t01615,０２０：１９９７年_12：戦闘武術評価試験　上総小隊との戦い　数分後.egpack,０２０：１９９７年_12：戦闘武術評価試験　上総小隊との戦い　数分後,旁白,1B67BF0F78E9EAE77BB37D0AEBFC57EA1E57189E9360E47F797C8FAD6EF48242,text,——安艺？！\p
1612,game_t01616,０２０：１９９７年_12：戦闘武術評価試験　上総小隊との戦い　数分後.egpack,０２０：１９９７年_12：戦闘武術評価試験　上総小隊との戦い　数分後,安芸,311BB884F278D633C763330EF37BA32D8B90254ABDED94B543C6A2B5E6F74D79,text,「——唯依，作战会议！开作战会议！」\p
1613,game_t01617,０２０：１９９７年_12：戦闘武術評価試験　上総小隊との戦い　数分後.egpack,０２０：１９９７年_12：戦闘武術評価試験　上総小隊との戦い　数分後,旁白,34B657E30575FF94FF9F5F5E3890B88A3662B591E6A81B5C2A2D1820DF25543E,text,为什么是安艺发起集合——不……这也是随机应变。战术层面上，指挥官并非绝对权威。\p
1614,game_t01618,０２０：１９９７年_12：戦闘武術評価試験　上総小隊との戦い　数分後.egpack,０２０：１９９７年_12：戦闘武術評価試験　上総小隊との戦い　数分後,志摩子,6056907DA776B385B01507BC7594286543B460866D68796427D5BA760AD38A57,text,「唯依，你觉得那是什么意思？如果是诱饵，也未免太过明显了吧。」\p
1615,game_t01619,０２０：１９９７年_12：戦闘武術評価試験　上総小隊との戦い　数分後.egpack,０２０：１９９７年_12：戦闘武術評価試験　上総小隊との戦い　数分後,安芸,3CB731F073538070CB86211FF4F8A3A99E700267A82DADE20E4D04DB9C8A552D,text,「绝对是陷阱。但也是机会。要是能最先打倒威胁最大的山城，我们就占优势了。」\p
1616,game_t01620,０２０：１９９７年_12：戦闘武術評価試験　上総小隊との戦い　数分後.egpack,０２０：１９９７年_12：戦闘武術評価試験　上総小隊との戦い　数分後,和泉,A34F4078EEB4111B6D3A1D00E5C74804697C670E9AA3155407917E7FA7272258,text,「确实。山城还是对面的指挥中枢，打倒她也更容易瓦解她们引以为傲的协同。」\p
1617,game_t01621,０２０：１９９７年_12：戦闘武術評価試験　上総小隊との戦い　数分後.egpack,０２０：１９９７年_12：戦闘武術評価試験　上総小隊との戦い　数分後,安芸,9B9C0A7EEAA5F6DACB2B175136642F191D3EDBC1726CC956B83E2A75E0C5D7A0,text,「我们一直都是随机应变、临场发挥。就算要承担一点风险，也应该先解决她。」\p
1618,game_t01622,０２０：１９９７年_12：戦闘武術評価試験　上総小隊との戦い　数分後.egpack,０２０：１９９７年_12：戦闘武術評価試験　上総小隊との戦い　数分後,唯依,5ADDB9EA08A7D6AB3EBBFA601DF60E3064DF6BF155C99563CC1D2D77E1062F87,text,「你们两个别急——这才正中对方下怀。」\p
1619,game_t01623,０２０：１９９７年_12：戦闘武術評価試験　上総小隊との戦い　数分後.egpack,０２０：１９９７年_12：戦闘武術評価試験　上総小隊との戦い　数分後,旁白,BDE0F49E0B27930315CFD95D6F600E17CC3A361A855B98010670B812D95F152F,text,在以缜密作战和精确协同为武器的J小队中，最重要的山城竟堂而皇之地暴露身形——和泉与安艺完全被这一出人意料的行动扰乱了阵脚……\p
1620,game_t01624,０２０：１９９７年_12：戦闘武術評価試験　上総小隊との戦い　数分後.egpack,０２０：１９９７年_12：戦闘武術評価試験　上総小隊との戦い　数分後,旁白,0E0DFCAFF85465FA568958B573B108C0B3544358E2F5ED6F3A29972A3BB6681D,text,山城仅凭这一个行动，就彻底掌控了整片战场的节奏。\p
1621,game_t01625,０２０：１９９７年_12：戦闘武術評価試験　上総小隊との戦い　数分後.egpack,０２０：１９９７年_12：戦闘武術評価試験　上総小隊との戦い　数分後,唯依,8BD67E15A4FFEEC09A0EDD17F02312BD0841540CB67C7F4F92E10EE17DA52A9E,text,「总之，陷入想要维持有利局面的心理非常危险。我们采取另一项主动对策，避开对方擅长的战场。」\p
1622,game_t01626,０２０：１９９７年_12：戦闘武術評価試験　上総小隊との戦い　数分後.egpack,０２０：１９９７年_12：戦闘武術評価試験　上総小隊との戦い　数分後,志摩子,6A47516056A48DAD9C2A1BBD5328866C054CE4224450226DFCCC1F59C7FBB91A,text,「嗯，说得对。短时间决胜时，最不利的就是落入后手。」\p
1623,game_t01627,０２０：１９９７年_12：戦闘武術評価試験　上総小隊との戦い　数分後.egpack,０２０：１９９７年_12：戦闘武術評価試験　上総小隊との戦い　数分後,安芸,4400AC2FDF96589F978D69A80335D15B3A5441F391811C09E3FC640770884C27,text,「真是的志摩子～你就没有自己的意见吗？」\p
1624,game_t01628,０２０：１９９７年_12：戦闘武術評価試験　上総小隊との戦い　数分後.egpack,０２０：１９９７年_12：戦闘武術評価試験　上総小隊との戦い　数分後,和泉,522CB351C816B05290DA15D66B804A2528628D7EF47C9624241FC8C20B726007,text,「现在不是说这种话的时候吧。唯依，到底怎么办？」\p
1625,game_t01629,０２０：１９９７年_12：戦闘武術評価試験　上総小隊との戦い　数分後.egpack,０２０：１９９７年_12：戦闘武術評価試験　上総小隊との戦い　数分後,唯依,46E619338D16B24A35524A8C17CED5DB3F037D5A533E053BE0136B869A64A3F9,text,「走左侧路线，绕到她们背后。既然主力山城在右侧，即使左边设有埋伏，我们也能保持人数优势。」\p
1626,game_t01630,０２０：１９９７年_12：戦闘武術評価試験　上総小隊との戦い　数分後.egpack,０２０：１９９７年_12：戦闘武術評価試験　上総小隊との戦い　数分後,安芸,3EDF8820637D3E9F71BB4290049E1971DD4535A3651E6FB2C2ADA69C15ED9FF6,text,「视野开阔不是很不利吗？左右又很狭窄，人多的一方反而更难行动。」\p
1627,game_t01631,０２０：１９９７年_12：戦闘武術評価試験　上総小隊との戦い　数分後.egpack,０２０：１９９７年_12：戦闘武術評価試験　上総小隊との戦い　数分後,唯依,6101A9B539C27D86DB53846FC0AD268DAC9D68F757AD870E588063F8F8C085C1,text,「指挥中枢不在会降低她们的协同精度，足以弥补地形上的不利。尤其是对我们来说。」\p
1628,game_t01632,０２０：１９９７年_12：戦闘武術評価試験　上総小隊との戦い　数分後.egpack,０２０：１９９７年_12：戦闘武術評価試験　上総小隊との戦い　数分後,安芸,E337013D4C080ED6D8F2031BFBB57A0AF799FBA85332706465DCE83C17CC3556,text,「——明白了，那就这么办。」\p
1629,game_t01633,０２０：１９９７年_12：戦闘武術評価試験　上総小隊との戦い　数分後.egpack,０２０：１９９７年_12：戦闘武術評価試験　上総小隊との戦い　数分後,唯依,76DEA17F6440054383389078A231B1EE6B98D0C550B371CF5BEA12102B9B5160,text,「移动速度决定一切——绝不能慌乱，但要迅速。」\p
1630,game_t01634,０２０：１９９７年_12：戦闘武術評価試験　上総小隊との戦い　数分後.egpack,０２０：１９９７年_12：戦闘武術評価試験　上総小隊との戦い　数分後,安芸,2F1136C9317D54214BB9FEDBEC8C05971C09D953F0622C66DE1DF2898238F645,text,「这听起来很矛盾——唯依，后面！！」\p
1631,game_t01635,０２０：１９９７年_12：戦闘武術評価試験　上総小隊との戦い　数分後.egpack,０２０：１９９７年_12：戦闘武術評価試験　上総小隊との戦い　数分後,旁白,8BDFE88A9B8DE866BEDBA696AC5BD876B871C7D9B3189A4599F58884D22D6E99,text,前面！转身就会被干掉！！\p
1632,game_t01636,０２０：１９９７年_12：戦闘武術評価試験　上総小隊との戦い　数分後.egpack,０２０：１９９７年_12：戦闘武術評価試験　上総小隊との戦い　数分後,志摩子,073F82196275EEB60EC6C52CF58292FFD93B8281500884B6639D9E33E5E89911,text,「——呜！」\p
1633,game_t01637,０２０：１９９７年_12：戦闘武術評価試験　上総小隊との戦い　数分後.egpack,０２０：１９９７年_12：戦闘武術評価試験　上総小隊との戦い　数分後,唯依,5930C19DA64244D838830E2439DDBBFAB2E504F3BFF273BCED353A4376013E10,text,「——！？」\p
1634,game_t01638,０２０：１９９７年_12：戦闘武術評価試験　上総小隊との戦い　数分後.egpack,０２０：１９９７年_12：戦闘武術評価試験　上総小隊との戦い　数分後,安芸,335D7B7B9A785187B620278E9DD29539CB8F7BA244542CB2A90BD0B02BCCCA2A,text,「——志摩子！喝啊啊啊！！」\p
1635,game_t01639,０２０：１９９７年_12：戦闘武術評価試験　上総小隊との戦い　数分後.egpack,０２０：１９９７年_12：戦闘武術評価試験　上総小隊との戦い　数分後,和泉,227C9D2F296EE9BFB4AFE12FD98811B758BADE7D2AE612E92AA02B49C7F3BA27,text,「——呀啊啊啊！！」\p
1636,game_t01640,０２０：１９９７年_12：戦闘武術評価試験　上総小隊との戦い　数分後.egpack,０２０：１９９７年_12：戦闘武術評価試験　上総小隊との戦い　数分後,唯依,BCE1B2F07EE510D28277E8FC86DE74ED7832642F98EF2FCBE7731DDA7B657C45,text,「——安艺！——和泉！！」\p
1637,game_t01641,０２０：１９９７年_12：戦闘武術評価試験　上総小隊との戦い　数分後.egpack,０２０：１９９７年_12：戦闘武術評価試験　上総小隊との戦い　数分後,旁白,EF4E39AD451BD7F2C121549BAFD4031680783D25A0A0EF2CE00170F62533BF4F,text,——她们大幅迂回过来了！人数优势——！？\p
1638,game_t01642,０２０：１９９７年_12：戦闘武術評価試験　上総小隊との戦い　数分後.egpack,０２０：１９９７年_12：戦闘武術評価試験　上総小隊との戦い　数分後,旁白,14EAE6FDA2CAD742F14590E1AC17BA54D64BE7F3F861E89D0F41BAAE25DCD852,text,——！\p
1639,game_t01643,０２０：１９９７年_12：戦闘武術評価試験　上総小隊との戦い　数分後.egpack,０２０：１９９７年_12：戦闘武術評価試験　上総小隊との戦い　数分後,山城,D0B0E5D485F2F570521DA92BF0A173D16A3500A379B53ADA0968B8B94E7019D2,text,「——呀啊啊啊！！」\p
1640,game_t01644,０２０：１９９７年_12：戦闘武術評価試験　上総小隊との戦い　数分後.egpack,０２０：１９９７年_12：戦闘武術評価試験　上総小隊との戦い　数分後,唯依,52A111CA43D1AAA826F8CB54AD0ADA974F5C0FD6B3653FEAC6D532BC58B8FC2F,text,「……！！」\p
1641,game_t01645,０２０：１９９７年_12：戦闘武術評価試験　上総小隊との戦い　数分後.egpack,０２０：１９９７年_12：戦闘武術評価試験　上総小隊との戦い　数分後,山城,4A077BC9E07E8EAA7B386AE48F0D33FBA04AA998C624D584B47201E816D79FF6,text,「——喝啊！！」\p
1642,game_t01646,０２０：１９９７年_12：戦闘武術評価試験　上総小隊との戦い　数分後.egpack,０２０：１９９７年_12：戦闘武術評価試験　上総小隊との戦い　数分後,唯依,6BC4F7F53CF2ACD1F16E94603F91E25300CDA0966A2904BB65A254183407C505,text,「——唔！！」\p
1643,game_t01647,０２０：１９９７年_12：戦闘武術評価試験　上総小隊との戦い　数分後.egpack,０２０：１９９７年_12：戦闘武術評価試験　上総小隊との戦い　数分後,山城,732CCB77C1740CE8982C79E193A4C25100CF80C2BF23AD16133D1911AD07CF38,text,「——不愧是篁同学！」\p
1644,game_t01648,０２０：１９９７年_12：戦闘武術評価試験　上総小隊との戦い　数分後.egpack,０２０：１９９７年_12：戦闘武術評価試験　上総小隊との戦い　数分後,唯依,98FB4A0CB4686441267A80FB880A996230459246390F51DF9E518338F913FDCF,text,「——唔！」\p
1645,game_t01649,０２０：１９９７年_12：戦闘武術評価試験　上総小隊との戦い　数分後.egpack,０２０：１９９７年_12：戦闘武術評価試験　上総小隊との戦い　数分後,旁白,4346856EE1DB9A1CF6FF7544FBD30DCCF53DE6761B698410780E2178D771C801,text,——明明从那么远的地方冲过来又连续攻击，她的呼吸竟然一点都没乱！！\p
1646,game_t01650,０２０：１９９７年_12：戦闘武術評価試験　上総小隊との戦い　数分後.egpack,０２０：１９９７年_12：戦闘武術評価試験　上総小隊との戦い　数分後,旁白,75BB877CA87A4813DE2929ABF920AC6AC4241E652455F9B86BC71CB7E61E9367,text,不行——这样下去会被她的气势吞没！\p
1647,game_t01651,０２０：１９９７年_12：戦闘武術評価試験　上総小隊との戦い　数分後.egpack,０２０：１９９７年_12：戦闘武術評価試験　上総小隊との戦い　数分後,唯依,32B8284A0F8EC17F86CF0B1AD9EFD72E3DCC50827ACA507C43EFCCCA07DEBB03,text,「——呀啊啊！！——喝啊——喝啊——喝啊啊！！」\p
1648,game_t01652,０２０：１９９７年_12：戦闘武術評価試験　上総小隊との戦い　数分後.egpack,０２０：１９９７年_12：戦闘武術評価試験　上総小隊との戦い　数分後,山城,787ECCB4855C1EE42296B2F4E928873AC6A0E9222E0A213808A954638D24D2DB,text,「——唔！！——喝啊啊！！」\p
1649,game_t01653,０２０：１９９７年_12：戦闘武術評価試験　上総小隊との戦い　数分後.egpack,０２０：１９９７年_12：戦闘武術評価試験　上総小隊との戦い　数分後,唯依,1DA8F3A8A2F2DB635D4BA4716ADC1F1CBFBFD7962D6B83DF047754E356687BFF,text,「——咕……呜！！」
1650,game_t01654,０２０：１９９７年_12：戦闘武術評価試験　上総小隊との戦い　数分後.egpack,０２０：１９９７年_12：戦闘武術評価試験　上総小隊との戦い　数分後,山城,F848452F8F0C392482810CEC62B16699EE921694BB486B0C3FF2C724499087BE,text,「——唔……！！」\p
1651,game_t01655,０２０：１９９７年_12：戦闘武術評価試験　上総小隊との戦い　数分後.egpack,０２０：１９９７年_12：戦闘武術評価試験　上総小隊との戦い　数分後,旁白,A29EE5EBEACE11EF0739C411A164DD82281E85B2437AA7E535FEFFC09748413B,text,好惊人的反射神经……！！\p
1652,game_t01656,０２０：１９９７年_12：戦闘武術評価試験　上総小隊との戦い　数分後.egpack,０２０：１９９７年_12：戦闘武術評価試験　上総小隊との戦い　数分後,旁白,DF5C46736BE93D5E6049FA3CA94CF6C530A31896EB5A7356BBAC2646610B069C,text,好、好强——果然很强！\p
1653,game_t01657,０２０：１９９７年_12：戦闘武術評価試験　上総小隊との戦い　数分後.egpack,０２０：１９９７年_12：戦闘武術評価試験　上総小隊との戦い　数分後,山城,3892328674D83AF661C742F5D695D7ACD487E147D33EF0B70F5434705C30FFBA,text,「——唔……！！」\p
1654,game_t01658,０２０：１９９７年_12：戦闘武術評価試験　上総小隊との戦い　数分後.egpack,０２０：１９９７年_12：戦闘武術評価試験　上総小隊との戦い　数分後,唯依,95DFA1DB44E8E269B681EEE0C86190B96A14205E0222E5CA14CA089E9978100E,text,「——哈……哈……哈……！」\p
1655,game_t01659,０２０：１９９７年_12：戦闘武術評価試験　上総小隊との戦い　数分後.egpack,０２０：１９９７年_12：戦闘武術評価試験　上総小隊との戦い　数分後,旁白,98E795F8BFD20A868B10548023FB9BA26992F87FF18AAF025638FA43CE351BBF,text,早就知道了，可现在我终于确信。我们并非势均力敌——山城远在我之上！！\p
1656,game_t01660,０２０：１９９７年_12：戦闘武術評価試験　上総小隊との戦い　数分後.egpack,０２０：１９９７年_12：戦闘武術評価試験　上総小隊との戦い　数分後,旁白,91441A3615612A9147962102BE16C1D5206024839FD49C88FD98C00B72757040,text,只比身体能力和反射神经，是我更胜一筹。但思考能力和思维速度占优的是山城。更惊人的是，她能把这些直接转化为动作！\p
1657,game_t01661,０２０：１９９７年_12：戦闘武術評価試験　上総小隊との戦い　数分後.egpack,０２０：１９９７年_12：戦闘武術評価試験　上総小隊との戦い　数分後,山城,FC1BB2D07B8CA4CB833A8FC775711F88FDC75DF9188537E5BF556C9021D9D39C,text,「…\w…\w…\w…\w」\p
1658,game_t01662,０２０：１９９７年_12：戦闘武術評価試験　上総小隊との戦い　数分後.egpack,０２０：１９９７年_12：戦闘武術評価試験　上総小隊との戦い　数分後,旁白,C3DC7BBC019AA3276ADA6BB4B799B7E2BED407E6D41CD52D2A0BDC3DA603E5CD,text,——而且，她的动作——她的站位……！\p
1659,game_t01663,０２０：１９９７年_12：戦闘武術評価試験　上総小隊との戦い　数分後.egpack,０２０：１９９７年_12：戦闘武術評価試験　上総小隊との戦い　数分後,旁白,C8332C276B26C236C0F73A0D23549F8469C68C49B74BC1B94A641CD083C9F77A,text,她先制造出与我一对一的局面——再让局势如此僵持，也是层层计策中的一环！\p
1660,game_t01664,０２０：１９９７年_12：戦闘武術評価試験　上総小隊との戦い　数分後.egpack,０２０：１９９７年_12：戦闘武術評価試験　上総小隊との戦い　数分後,唯依,16E3CA25E9069BAC8122ACD0A12ABA6DF0A6C8529E97A390A3869AE0CB8E920D,text,「……！」\p
1661,game_t01665,０２０：１９９７年_12：戦闘武術評価試験　上総小隊との戦い　数分後.egpack,０２０：１９９７年_12：戦闘武術評価試験　上総小隊との戦い　数分後,旁白,7208BC21EDE3C62676E1DD7AC36294242D85D17A781EBF23048FA8BB419082A2,text,她并不执着于一招定胜负，而是打算稳稳积累胜势……！\p
1662,game_t01666,０２０：１９９７年_12：戦闘武術評価試験　上総小隊との戦い　数分後.egpack,０２０：１９９７年_12：戦闘武術評価試験　上総小隊との戦い　数分後,旁白,76D80CCC0AC8F83D1064074EFC9AC10C7D21FD95281118F24D91E1C49769511F,text,刚才故意暴露身形，是为了拖延时间——\p
1663,game_t01667,０２０：１９９７年_12：戦闘武術評価試験　上総小隊との戦い　数分後.egpack,０２０：１９９７年_12：戦闘武術評価試験　上総小隊との戦い　数分後,旁白,647F0C839E8AA62E6E8BF489907B03F8BFF41BAC3EC9913D75222A0932E64080,text,她连我们会怀疑那是以山城为诱饵的埋伏都计算在内——这就是她的作战计划。\p
1664,game_t01668,０２０：１９９７年_12：戦闘武術評価試験　上総小隊との戦い　数分後.egpack,０２０：１９９７年_12：戦闘武術評価試験　上総小隊との戦い　数分後,旁白,CBCC5921F1DFDF327E7A75F5E26C07BA29808E770EF97AB35C5ADA91EBE94885,text,而且她还用身为指挥中枢、小队最强者的自己作饵，逼出了我们的弱点……！\p
1665,game_t01669,０２０：１９９７年_12：戦闘武術評価試験　上総小隊との戦い　数分後.egpack,０２０：１９９７年_12：戦闘武術評価試験　上総小隊との戦い　数分後,旁白,3CDAC996198A74015F6AAD7FA685D743C5AD639F333CACCF7504A6BA34AEA076,text,那个通过刻意不制订作战计划而一直掩盖的弱点——就是作出决策需要时间。她借此为分遣队大幅迂回争取了时间……\p
1666,game_t01670,０２０：１９９７年_12：戦闘武術評価試験　上総小隊との戦い　数分後.egpack,０２０：１９９７年_12：戦闘武術評価試験　上総小隊との戦い　数分後,旁白,F9174C340CFC3F6889FB0C5D12FA063164786775064BE30E305D2A00D5C82D36,text,对方抢先一步实施了针对我们的战术——不，不对。是我们作出决策太慢。\p
1667,game_t01671,０２０：１９９７年_12：戦闘武術評価試験　上総小隊との戦い　数分後.egpack,０２０：１９９７年_12：戦闘武術評価試験　上総小隊との戦い　数分後,旁白,873710F33561B779A69EF3AFF36EC7EA9B7BF191CBE554E8F10A67783C767BA3,text,而且山城还承担分散战力的风险，加入了夹击方案，以追求确定无疑的胜利。\p
1668,game_t01672,０２０：１９９７年_12：戦闘武術評価試験　上総小隊との戦い　数分後.egpack,０２０：１９９７年_12：戦闘武術評価試験　上総小隊との戦い　数分後,旁白,C1D77428ED263D106BBF61D42BA13F935B06333C4AB323E5CF6464384741888B,text,奇袭第一击就失去志摩子，让我们的战力大幅下降——J小队的可选方案瞬间增加。\p
1669,game_t01673,０２０：１９９７年_12：戦闘武術評価試験　上総小隊との戦い　数分後.egpack,０２０：１９９７年_12：戦闘武術評価試験　上総小隊との戦い　数分後,旁白,63E6D894B19D39D8A0090138585CDAC5134E44806FB8A2E33C010C6B5FAC4A9C,text,她们既可以把握分割战力的原则，维持僵局争取判定获胜——也可以依靠人数优势与高度协同，将我们各个击破——\p
1670,game_t01674,０２０：１９９７年_12：戦闘武術評価試験　上総小隊との戦い　数分後.egpack,０２０：１９９７年_12：戦闘武術評価試験　上総小隊との戦い　数分後,旁白,1EEF455DE911F62E318686FDC04803FD39F96198173EE4E0DA0F3BAB897C94BB,text,反过来想……除了打倒她，没有别的方法可以扭转局面。这样就能抵消对方的人数优势，反过来形成夹击。\p
1671,game_t01675,０２０：１９９７年_12：戦闘武術評価試験　上総小隊との戦い　数分後.egpack,０２０：１９９７年_12：戦闘武術評価試験　上総小隊との戦い　数分後,山城,FC1BB2D07B8CA4CB833A8FC775711F88FDC75DF9188537E5BF556C9021D9D39C,text,「…\w…\w…\w…\w」\p
1672,game_t01676,０２０：１９９７年_12：戦闘武術評価試験　上総小隊との戦い　数分後.egpack,０２０：１９９７年_12：戦闘武術評価試験　上総小隊との戦い　数分後,旁白,3A3CC6641F0D19193A201DD3C5B68848C120F52B44A4D709E961747EC9C98DE4,text,不行——能与安艺、和泉会合的路线一定会被封死。就算强行突破，把后背暴露给山城也是自杀——\p
1673,game_t01677,０２０：１９９７年_12：戦闘武術評価試験　上総小隊との戦い　数分後.egpack,０２０：１９９７年_12：戦闘武術評価試験　上総小隊との戦い　数分後,唯依,FC1BB2D07B8CA4CB833A8FC775711F88FDC75DF9188537E5BF556C9021D9D39C,text,「…\w…\w…\w…\w」\p
1674,game_t01678,０２０：１９９７年_12：戦闘武術評価試験　上総小隊との戦い　数分後.egpack,０２０：１９９７年_12：戦闘武術評価試験　上総小隊との戦い　数分後,旁白,D2A9D7200D7829ECC3B096304CB97A57B3328244E50B0C6B073E993430AC3978,text,只能上了——无论如何，不打倒山城就没有逆转的可能。\p
1675,game_t01679,０２０：１９９７年_12：戦闘武術評価試験　上総小隊との戦い　数分後.egpack,０２０：１９９７年_12：戦闘武術評価試験　上総小隊との戦い　数分後,旁白,5AB2C20F720AF76F6CC6A13F050BBD5A0844E4BD11D6420D1766560BD77588B4,text,当然，山城肯定也预料到了这一点，正等着我进攻——\p
1676,game_t01680,０２０：１９９７年_12：戦闘武術評価試験　上総小隊との戦い　数分後.egpack,０２０：１９９７年_12：戦闘武術評価試験　上総小隊との戦い　数分後,旁白,0D51A326FA827A6F808CB5F9BC8BFBD92E7BDE6E655C13C8D159EDDB06173FCB,text,我也是篁示现流门下——既然如此，就不施计谋，正面击败她……！\p
1677,game_t01681,０２０：１９９７年_12：戦闘武術評価試験　上総小隊との戦い　数分後.egpack,０２０：１９９７年_12：戦闘武術評価試験　上総小隊との戦い　数分後,山城,504B37898340CC5A9527E19663A2E6C58481A0086B1D1A00656D2C767B36EB2D,text,「——！」\p
1678,game_t01682,０２０：１９９７年_12：戦闘武術評価試験　上総小隊との戦い　数分後.egpack,０２０：１９９７年_12：戦闘武術評価試験　上総小隊との戦い　数分後,唯依,77E6AA8F50E7879D57170B70F10B3DF62BE78EA8FE51AC9421DD23F75A78573B,text,「——呀啊啊啊啊啊啊！！！！」\p
1679,game_t01683,０２０：１９９７年_13：試験終了後　数刻後.egpack,０２０：１９９７年_13：試験終了後　数刻後,唯依,FC1BB2D07B8CA4CB833A8FC775711F88FDC75DF9188537E5BF556C9021D9D39C,text,「…\w…\w…\w…\w」\p
1680,game_t01684,０２０：１９９７年_13：試験終了後　数刻後.egpack,０２０：１９９７年_13：試験終了後　数刻後,旁白,3F29165FCF7AE92A2B992ECBE39ED0DAE383A4F7A43D755CAE549F5411C0FC48,text,承办人员正在拆除综战武的多座考场……\p
1681,game_t01685,０２０：１９９７年_13：試験終了後　数刻後.egpack,０２０：１９９７年_13：試験終了後　数刻後,旁白,3E1456F6BFA66A07756EE2BADA77906B6C27E35B826379E8986E65C18831BF9F,text,明明还不到两个小时，操场已经快要恢复平日的模样。\p
1682,game_t01686,０２０：１９９７年_13：試験終了後　数刻後.egpack,０２０：１９９７年_13：試験終了後　数刻後,旁白,B322998468611FC1D1F3969332DF804AF451A782911BC38E8D743336E65AC64D,text,各种大小的工程机械来往不停，将货运集装箱和大型障碍块运走。\p
1683,game_t01687,０２０：１９９７年_13：試験終了後　数刻後.egpack,０２０：１９９７年_13：試験終了後　数刻後,旁白,BF7C4EF75B5CA8A200A5C2B35123D7AA9843AB6011C066938D23EE0ACFF8C501,text,那种行动，简直像所有人员和工程机械都受计算机统一控制——\p
1684,game_t01688,０２０：１９９７年_13：試験終了後　数刻後.egpack,０２０：１９９７年_13：試験終了後　数刻後,旁白,DC825F442FF5990B3B4F804BFE369F0F53B6B3BF303A059B6AD07B09B8560EFC,text,每个人都避免妨碍彼此的行进路线，既不相撞，也不迟疑，所有人都在毫无多余动作地来回工作。\p
1685,game_t01689,０２０：１９９７年_13：試験終了後　数刻後.egpack,０２０：１９９７年_13：試験終了後　数刻後,旁白,F0B6FD109A120F4BA91EC75488C429226BA7044451B485F8068C4EC31943E383,text,局势随着每个人的一个动作不断改变。绝不可能有一本预先制订的手册，规定他们该如何应对这些变化……\p
1686,game_t01690,０２０：１９９７年_13：試験終了後　数刻後.egpack,０２０：１９９７年_13：試験終了後　数刻後,唯依,FC1BB2D07B8CA4CB833A8FC775711F88FDC75DF9188537E5BF556C9021D9D39C,text,「…\w…\w…\w…\w」\p
1687,game_t01691,０２０：１９９７年_13：試験終了後　数刻後.egpack,０２０：１９９７年_13：試験終了後　数刻後,旁白,E316DFB135C74D02AD66E0B3C7964604123C8D99343AB32EA52E3B335CB24900,text,真正的随机应变与协同，原来就是那样……\p
1688,game_t01692,０２０：１９９７年_13：試験終了後　数刻後.egpack,０２０：１９９７年_13：試験終了後　数刻後,旁白,6A3EDEEAA4E6D302BED0F817427FF5A67C737B9A9359D96994E688C39F9D8D4A,text,我们实在太欠缺实力了……\p
1689,game_t01693,０２０：１９９７年_13：試験終了後　数刻後.egpack,０２０：１９９７年_13：試験終了後　数刻後,旁白,E5CA7F6C613D5D2C142BE8C0F4587DB87432C9BD0D37B627D6BD5C16B03C636C,text,每个人的经验、技术、体力……对彼此行动倾向的深入了解……\p
1690,game_t01694,０２０：１９９７年_13：試験終了後　数刻後.egpack,０２０：１９９７年_13：試験終了後　数刻後,旁白,5E81A0CC6D3F182E74E79B2D20C304A2E9BDC38153C533F8B79CE51259E7A361,text,对比赛规则的运用，战术原则的反复实践……我们缺少的东西太多了。\p
1691,game_t01695,０２０：１９９７年_13：試験終了後　数刻後.egpack,０２０：１９９７年_13：試験終了後　数刻後,唯依,117A934A7BEACD8DA45CEEBDFD7CAE49BC997A5218950802482742230D0BE329,text,「唉……」\p
1692,game_t01696,０２０：１９９７年_13：試験終了後　数刻後.egpack,０２０：１９９７年_13：試験終了後　数刻後,旁白,C0F53D2114BB6EABC531700504E9310A14444CC09978BDB1623853B443C3498B,text,下午第二场考核——最终一直僵持到结束，我们因时限耗尽而被判负。\p
1693,game_t01697,０２０：１９９７年_13：試験終了後　数刻後.egpack,０２０：１９９７年_13：試験終了後　数刻後,旁白,A1E26718DAE017AD26F030F2A61D6A3DC1DD3BFA2CAC929C617230CA873C8810,text,即便如此，以现在的我们来说，我认为这已经是最好的结果……\p
1694,game_t01698,０２０：１９９７年_13：試験終了後　数刻後.egpack,０２０：１９９７年_13：試験終了後　数刻後,旁白,BA2A1E653BFC69ACB5C7C9FF0D6C8EF0DABDB2A7D436683758F424DD4A4B523A,text,虽然我没能突破山城，安艺和和泉却一直撑到最后，抵挡住了三个人的猛烈进攻。\p
1695,game_t01699,０２０：１９９７年_13：試験終了後　数刻後.egpack,０２０：１９９７年_13：試験終了後　数刻後,旁白,13496555A171A3782B367FA18AB735FCD30B4FAC1A42D63E50E9A368199918AE,text,J小队以山城为核心，采用重视战术原则的组织化协同。\p
1696,game_t01700,０２０：１９９７年_13：試験終了後　数刻後.egpack,０２０：１９９７年_13：試験終了後　数刻後,旁白,B4516FD0AB7EEE501FAC347F7783245C1783B69CA2F283E8FEC9139A9D50B90F,text,不擅长这种方式的我们，则一直尊重个人判断，靠随机应变的即时处置一路走到现在。\p
1697,game_t01701,０２０：１９９７年_13：試験終了後　数刻後.egpack,０２０：１９９７年_13：試験終了後　数刻後,旁白,969EB8F24BEB049ECA1A77EF45A432A46F608E6DF25E229AAB49AA4F090820C9,text,部队协同不只取决于训练量，训练内容的差异同样会决定结果。\p
1698,game_t01702,０２０：１９９７年_13：試験終了後　数刻後.egpack,０２０：１９９７年_13：試験終了後　数刻後,旁白,BD4701C113918A4294966D769199013AEA4C69640B58690F86D3293C0F7214F8,text,双方协同精度的差距一目了然。客观来看，J小队作为一支队伍的实力远胜于我们。\p
1699,game_t01703,０２０：１９９７年_13：試験終了後　数刻後.egpack,０２０：１９９７年_13：試験終了後　数刻後,旁白,61E33BEB9268FA871AAEB2A87D76E592D9D18189B960BDEADEF390DB90C553B6,text,虽然不甘心……旁人应该会认为我们打得很顽强。\p
1700,game_t01704,０２０：１９９７年_13：試験終了後　数刻後.egpack,０２０：１９９７年_13：試験終了後　数刻後,山城,0F4505D228DB662EFE9BAE467D5D0C312E4F1AF0391A85EF9D94CC54948F8DF1,text,「既然没能彻底战胜你们，那就等同于我们的失败。」\p
1701,game_t01705,０２０：１９９７年_13：試験終了後　数刻後.egpack,０２０：１９９７年_13：試験終了後　数刻後,旁白,BC94EB9449311C5B85DA7D9132254C9095DC2826EA3403B4590E8A358E427596,text,——考试结束后，山城所说的那句话……已经说明了一切。\p
1702,game_t01706,０２０：１９９７年_13：試験終了後　数刻後.egpack,０２０：１９９７年_13：試験終了後　数刻後,旁白,5312AE8F4E40AF1D92ECDA96BEE5EF94D2CA3A2445C5D25864383B98145F0896,text,我们表现出的顽强超出了山城的预料——仅此而已。\p
1703,game_t01707,０２０：１９９７年_13：試験終了後　数刻後.egpack,０２０：１９９７年_13：試験終了後　数刻後,旁白,2F28BEDD56F5DCD8296CD4DCAA261156373D7312F435B912EDD00AEC6025220B,text,……彻底落败的是我们。\p
1704,game_t01708,０２０：１９９７年_13：試験終了後　数刻後.egpack,０２０：１９９７年_13：試験終了後　数刻後,旁白,E232DFDDD62E605DF938AC519B99ADDFAD192DC0403AC1D829A38EA0CA0ED069,text,我们一直被对方战术牵着走，无法组织反击，只是徒劳地浪费时间。\p
1705,game_t01709,０２０：１９９７年_13：試験終了後　数刻後.egpack,０２０：１９９７年_13：試験終了後　数刻後,旁白,D0522FBF89EA3728E8F4033E70719899654B8F8D9ADA9C20D034ACC63832EC45,text,如果没有时间限制，我们一定会被全部消灭。\p
1706,game_t01710,０２０：１９９７年_13：試験終了後　数刻後.egpack,０２０：１９９７年_13：試験終了後　数刻後,唯依,16A6BE33CC3E06150FC276CD078673434441A3CAD805A4B261B9D9544F4A0D00,text,「……」\p
1707,game_t01711,０２０：１９９７年_13：試験終了後　数刻後.egpack,０２０：１９９７年_13：試験終了後　数刻後,旁白,47E0CB72D772F13E7E85B21D32E87F4E6D682D82886CD603428C00ABF3865D34,text,可是……\p
1708,game_t01712,０２０：１９９７年_13：試験終了後　数刻後.egpack,０２０：１９９７年_13：試験終了後　数刻後,真田教官,E8E28607DBB23E4524425DD818DC577D3E8F929CB7F9287E74012A6423376EA1,text,「——以上。现在开始公布结果。只按成绩顺序宣读合格小队。」\p
1709,game_t01713,０２０：１９９７年_13：試験終了後　数刻後.egpack,０２０：１９９７年_13：試験終了後　数刻後,志摩子,D6BFFB7791AC365059B2552BB76589BA7C36FE0F3689FFA5D033E7C7C9B928A4,text,「……怎么办……我……」\p
1710,game_t01714,０２０：１９９７年_13：試験終了後　数刻後.egpack,０２０：１９９７年_13：試験終了後　数刻後,学生たち,FC1BB2D07B8CA4CB833A8FC775711F88FDC75DF9188537E5BF556C9021D9D39C,text,「…\w…\w…\w…\w」\p
1711,game_t01715,０２０：１９９７年_13：試験終了後　数刻後.egpack,０２０：１９９７年_13：試験終了後　数刻後,志摩子,85D01894C8ACFFB33EE7D5EB80ECE16D0EFACBC8F0AFB78AEF632FA5A23CBE81,text,「……对不起……都是我的错……对……不起……！」\p
1712,game_t01716,０２０：１９９７年_13：試験終了後　数刻後.egpack,０２０：１９９７年_13：試験終了後　数刻後,唯依,FC1BB2D07B8CA4CB833A8FC775711F88FDC75DF9188537E5BF556C9021D9D39C,text,「…\w…\w…\w…\w」\p
1713,game_t01717,０２０：１９９７年_13：試験終了後　数刻後.egpack,０２０：１９９７年_13：試験終了後　数刻後,学生たち,E7D021B1D382738231CE6E4A084B43CA872F0DED819EAEA001BC43F00D971986,text,「哦哦……」\p
1714,game_t01718,０２０：１９９７年_13：試験終了後　数刻後.egpack,０２０：１９９７年_13：試験終了後　数刻後,旁白,7C7B255E980A35C177FCF69B1C0C0ABD182B4003073D7B871CD78303125302DA,text,上午判定获胜，下午判定落败……我们并没有取得特别突出的成绩。\p
1715,game_t01719,０２０：１９９７年_13：試験終了後　数刻後.egpack,０２０：１９９７年_13：試験終了後　数刻後,真田教官,B2EDF24912D82D96F2BA8D56AA8C19494828DBE1EBAB2CD9F7EAE1BD8246EF29,text,「——接下来，B小队！」\p
1716,game_t01720,０２０：１９９７年_13：試験終了後　数刻後.egpack,０２０：１９９７年_13：試験終了後　数刻後,旁白,D3B210826D87997D9843F9C1DBB5A73B55114F36FCD7D5677B9C6363F022742A,text,……我不能天真地认为，这样也能合格。\p
1717,game_t01721,０２０：１９９７年_13：試験終了後　数刻後.egpack,０２０：１９９７年_13：試験終了後　数刻後,旁白,C4B9927B7C00A56D86FF54574B20F0329546407DBDEF7D3F512EEBF15C31F931,text,虽然不甘心，但只能从头重新锻炼。\p
1718,game_t01722,０２０：１９９７年_13：試験終了後　数刻後.egpack,０２０：１９９７年_13：試験終了後　数刻後,真田教官,BDC706E69EA24C6029F3858287C3D65E4BB267B84A6BCD6B12D92D54A95E582F,text,「——接下来，H小队！」\p
1719,game_t01723,０２０：１９９７年_13：試験終了後　数刻後.egpack,０２０：１９９７年_13：試験終了後　数刻後,旁白,E2D39009F12E74CC4D13362D9B6AC5AC0CFB79860D6DB5115331026F8FD7E3EA,text,进一步磨炼个人层面的技术——\p
1720,game_t01724,０２０：１９９７年_13：試験終了後　数刻後.egpack,０２０：１９９７年_13：試験終了後　数刻後,真田教官,098BCA81D9DC9FE72DC6E4B9109363AAF76DE4BA4DFAA9129F873E08BC50690D,text,「——接下来，A小队！」\p
1721,game_t01725,０２０：１９９７年_13：試験終了後　数刻後.egpack,０２０：１９９７年_13：試験終了後　数刻後,旁白,1E7C14205429899B94098C4B2F2B070CC9C61D5071172988DD035048002486BA,text,只要与大家积累更多交流、投入更多时间——补考一定能……！！\p
1722,game_t01726,０２０：１９９７年_13：試験終了後　数刻後.egpack,０２０：１９９７年_13：試験終了後　数刻後,唯依,FC1BB2D07B8CA4CB833A8FC775711F88FDC75DF9188537E5BF556C9021D9D39C,text,「…\w…\w…\w…\w」\p
1723,game_t01727,０２０：１９９７年_13：試験終了後　数刻後.egpack,０２０：１９９７年_13：試験終了後　数刻後,真田教官,0C6BD738E31FC4E8DCA4985EE320C13465E2E34DEABE46C622E891D3A2C49B11,text,「最后——」\p
1724,game_t01728,０２０：１９９７年_13：試験終了後　数刻後.egpack,０２０：１９９７年_13：試験終了後　数刻後,真田教官,C7C7A431CB1C4070D20E5B0427B8C08DCA931B644DA3CBA8DA942C43C4C7B3D9,text,「最后一名，D小队——以上！！」\p
1725,game_t01729,０２０：１９９７年_13：試験終了後　数刻後.egpack,０２０：１９９７年_13：試験終了後　数刻後,唯依,0F92FAD66E63B3048415CE5B5DB1554291829873385C0063E3B9FC835D5F07BF,text,「咦……？」\p
1726,game_t01730,０２０：１９９７年_13：試験終了後　数刻後.egpack,０２０：１９９７年_13：試験終了後　数刻後,旁白,2BCE16BABC61B4841AFCEB3BCB82012AED678D98A0AC8459969B130E9E6203B5,text,刚才……说了什么……？\p
1727,game_t01731,０２０：１９９７年_13：試験終了後　数刻後.egpack,０２０：１９９７年_13：試験終了後　数刻後,安芸,334862A1426CF867E5F6A136CC82A694B63ED8732D47927126AD94D85392AED8,text,「——成、成功啦～～～！！！！」\p
1728,game_t01732,０２０：１９９７年_13：試験終了後　数刻後.egpack,０２０：１９９７年_13：試験終了後　数刻後,志摩子,ECB620BA2F9E4D468C87390B68816D4790A3EBD1E243D2DDF9FCE16D970C295B,text,「…………！！」\p
1729,game_t01733,０２０：１９９７年_13：試験終了後　数刻後.egpack,０２０：１９９７年_13：試験終了後　数刻後,和泉,0548EB96A851A706D5486118A2C21671B6A762B5E3E8DB17E8015440E43A626F,text,「……合格……！？哈哈……我们合格了，唯依……！！」\p
1730,game_t01734,０２０：１９９７年_13：試験終了後　数刻後.egpack,０２０：１９９７年_13：試験終了後　数刻後,唯依,FC1BB2D07B8CA4CB833A8FC775711F88FDC75DF9188537E5BF556C9021D9D39C,text,「…\w…\w…\w…\w」\p
1731,game_t01735,０２０：１９９７年_13：試験終了後　数刻後.egpack,０２０：１９９７年_13：試験終了後　数刻後,旁白,72A563CC86032D4FA37C8FD7B88D97C0C1D15D18448AB9F7C9358A3A504C9127,text,合……格……？\p
1732,game_t01736,０２０：１９９７年_13：試験終了後　数刻後.egpack,０２０：１９９７年_13：試験終了後　数刻後,旁白,A79EED8D5803CDAD85DF924CA397E42AC236504AD14C6249EC8F3B28537A4EF5,text,为什么……？\p
1733,game_t01737,０２０：１９９７年_13：試験終了後　数刻後.egpack,０２０：１９９７年_13：試験終了後　数刻後,志摩子,762B12D105D056A550932242FC5F74B80DD06E90B857769F76D2136E0593F3E6,text,「……太好了……真的太好了……」\p
1734,game_t01738,０２０：１９９７年_13：試験終了後　数刻後.egpack,０２０：１９９７年_13：試験終了後　数刻後,旁白,3B4DCD25AA6F5927AF8C214304167B2C14C68A0F67FE8F69AAE411B3A0593821,text,为什么我们能合格……？\p
1735,game_t01739,０２０：１９９７年_13：試験終了後　数刻後.egpack,０２０：１９９７年_13：試験終了後　数刻後,安芸,50B9EA401E00269A019B0255166D6D6D57E42F822D7C5EBC745F9BAB2F60BA5C,text,「啊～～真是的，简直不敢相信～！」\p
1736,game_t01740,０２０：１９９７年_13：試験終了後　数刻後.egpack,０２０：１９９７年_13：試験終了後　数刻後,真田教官,A6A8178648ED25282A4611F8223987851E481B774F5973FB3287CC6669640905,text,「——石见候补生！你想被取消合格资格吗？！」\p
1737,game_t01741,０２０：１９９７年_13：試験終了後　数刻後.egpack,０２０：１９９７年_13：試験終了後　数刻後,安芸,15A4ED30D8EA2C30479F9AD2F8213652B967789B51FE78B8B098FB7524DF6E9D,text,「哇——不、不想被取消，教官！」\p
1738,game_t01742,０２０：１９９７年_13：試験終了後　数刻後.egpack,０２０：１９９７年_13：試験終了後　数刻後,和泉,DA47679C63D69A863B3D370ED9A70E66E0AEF1A1848BA455081C408EB6062A2A,text,「唉～真是的……要是害大家连带受罚，你准备怎么办啊！！」\p
1739,game_t01743,０２０：１９９７年_13：試験終了後　数刻後.egpack,０２０：１９９７年_13：試験終了後　数刻後,安芸,C496C3FC45C42FDDC6D96C83CE894E991CE2E5548CB32F31BB9D819342353D34,text,「不是，可是……啊～～……我激动得说不出话了～～」\p
1740,game_t01744,０２０：１９９７年_13：試験終了後　数刻後.egpack,０２０：１９９７年_13：試験終了後　数刻後,和泉,A47AC2807D24FBB1D653426F40C5E70FD7B20CF34723D2339C30182BE9E35DA5,text,「那你就闭嘴啦～真是的。」\p
1741,game_t01745,０２０：１９９７年_13：試験終了後　数刻後.egpack,０２０：１９９７年_13：試験終了後　数刻後,志摩子,FCF7D3C58E5E8A3F95BBFBA87C45B7B3E2BBECF6BF62316B548954B45F56E477,text,「呵呵……哈哈……」\p
1742,game_t01746,０２０：１９９７年_13：試験終了後　数刻後.egpack,０２０：１９９７年_13：試験終了後　数刻後,唯依,FC1BB2D07B8CA4CB833A8FC775711F88FDC75DF9188537E5BF556C9021D9D39C,text,「…\w…\w…\w…\w」\p
1743,game_t01747,０２０：１９９７年_13：試験終了後　数刻後.egpack,０２０：１９９７年_13：試験終了後　数刻後,旁白,6FBCF4142FB9E6145A1BE18C4586273C749D1165CC0E6567E43C0B2FC1E0ECE8,text,我不明白。为什么会是我们……\p
1744,game_t01748,０２０：１９９７年_13：試験終了後　数刻後.egpack,０２０：１９９７年_13：試験終了後　数刻後,旁白,550C2D578F64FCD993264027DA8A752630C7F4B680698376FCCE087FF13DDAF3,text,可是，我也无从得知……就像训练时不会得到建议一样，考核结果的具体情况不会另行通知。\p
1745,game_t01749,０２０：１９９７年_13：試験終了後　数刻後.egpack,０２０：１９９７年_13：試験終了後　数刻後,旁白,F0CE5FD817E17E6C608DA53AD026891F7D134974398CFC8AD35E2BA5ED8C60B2,text,也就是说，无论如何，我们都要在永远不知道合格或不合格理由的情况下继续走下去——\p
1746,game_t01750,０２０：１９９７年_13：試験終了後　数刻後.egpack,０２０：１９９７年_13：試験終了後　数刻後,旁白,97C5DB13EECCD490D12C9FFB6B6F5DD7C755C444D78A6ED1CDCCDDD0D1BA6317,text,既然如此——哪怕只是临时的部队指挥官，也不该在部下听到好消息时，表现得仿佛心存怀疑。\p
1747,game_t01751,０２０：１９９７年_13：試験終了後　数刻後.egpack,０２０：１９９７年_13：試験終了後　数刻後,旁白,88DC75089197592F32F6F111CBAEF163555B9C47D65D1170BF27F23D4ECDD633,text,那样做……什么也解决不了。\p
1748,game_t01752,０２０：１９９７年_13：試験終了後　数刻後.egpack,０２０：１９９７年_13：試験終了後　数刻後,旁白,8A09E47F6D735272BE03B2C47C49599A377470E4E7F8CCACD166F8B9FCDD3E10,text,现在就坦率地接受这份幸运——\p
1749,game_t01753,０２０：１９９７年_13：試験終了後　数刻後.egpack,０２０：１９９７年_13：試験終了後　数刻後,唯依,8331F90C9ED4AA79F3CE2C5F97873D98AC7585C6473E17F2D1037F8308FA436A,text,「――！？」\p
1750,game_t01754,０２０：１９９７年_13：試験終了後　数刻後.egpack,０２０：１９９７年_13：試験終了後　数刻後,唯依,FC1BB2D07B8CA4CB833A8FC775711F88FDC75DF9188537E5BF556C9021D9D39C,text,「…\w…\w…\w…\w」\p
1751,game_t01755,０２０：１９９７年_13：試験終了後　数刻後.egpack,０２０：１９９７年_13：試験終了後　数刻後,声,AE53B5D4278BAB1A8A0693C0C776ADBBAC31D4F79636FBE06B310CE98BB129D1,text,「——喂，那种表现居然也能合格，你敢相信吗？」\p
1752,game_t01756,０２０：１９９７年_13：試験終了後　数刻後.egpack,０２０：１９９７年_13：試験終了後　数刻後,声,21A201BE32EDA632823C29B7BE07711FF9900CA8C6F9E6B9335A954E3225B0FE,text,「为什么两场都赢的我们被淘汰，D小队却合格了！？我不能接受！！」\p
1753,game_t01757,０２０：１９９７年_13：試験終了後　数刻後.egpack,０２０：１９９７年_13：試験終了後　数刻後,声,32358BEBB0F73AFAF4F21EC6265D0E93E0E492685AE3637053FB66AAD42D5B20,text,「没办法啊，她们那边有谱代出身的大小姐，当然会受优待。这就是现实，现实！」\p
1754,game_t01758,０２０：１９９７年_13：試験終了後　数刻後.egpack,０２０：１９９７年_13：試験終了後　数刻後,声,DDA501E5ABA8858E730DF01B87C1A983D400E1C434B1CC5D9B743C364FFFBC4D,text,「谁知道呢。说不定还给教官们塞了钱吧？」\p
1755,game_t01759,０２０：１９９７年_13：試験終了後　数刻後.egpack,０２０：１９９７年_13：試験終了後　数刻後,旁白,637C8C03A01C709BEEF3E6C70F43B2509C82413AAD3D442068DAE890E2D5F967,text,路过时迎面遭到这些辱骂，也是理所当然……\p
1756,game_t01760,０２０：１９９７年_13：試験終了後　数刻後.egpack,０２０：１９９７年_13：試験終了後　数刻後,旁白,9DD76DC9D266D9616513494D7171E95DA9967F62D1AE12A622E2BAA33CCD9766,text,因身份而在评分上得到加成——连我自己首先想到的都是这个。\p
1757,game_t01761,０２０：１９９７年_13：試験終了後　数刻後.egpack,０２０：１９９７年_13：試験終了後　数刻後,旁白,DA781638843D9E9A0F69FD4F832AABF3E8DF117CC0BC953BF1295976F127B16F,text,这一次，无论被人说什么都无可奈何……真正应该感到羞耻的，是我们没能取得足以让周围不生疑的成绩……\p
1758,game_t01762,０２０：１９９７年_13：試験終了後　数刻後.egpack,０２０：１９９７年_13：試験終了後　数刻後,旁白,446DA944FECF2495BE2888B1098DF3BCD0AAB45DB4A0D64A96AC2034097D81AA,text,没想到都走到这里了……还会听见别人拿家格说事……\p
1759,game_t01763,０２０：１９９７年_13：試験終了後　数刻後.egpack,０２０：１９９７年_13：試験終了後　数刻後,唯依,FC1BB2D07B8CA4CB833A8FC775711F88FDC75DF9188537E5BF556C9021D9D39C,text,「…\w…\w…\w…\w」\p
1760,game_t01764,０２０：１９９７年_13：試験終了後　数刻後.egpack,０２０：１９９７年_13：試験終了後　数刻後,旁白,E19E8EF9BD02B562E93B7E781AB0C782E68983C1B6CC535B132E0DDE58635C04,text,我……该如何向父亲和母亲谢罪……\p
1761,game_t01765,０２０：１９９７年_13：試験終了後　数刻後.egpack,０２０：１９９７年_13：試験終了後　数刻後,旁白,65D11A200FD7CCEE45D68C14CE703E27AC1EF8B2C5EF1CB06975233C54F1AB21,text,这次暴露出的丑态玷污了篁家的名声——事情还不止如此。\p
1762,game_t01766,０２０：１９９７年_13：試験終了後　数刻後.egpack,０２０：１９９７年_13：試験終了後　数刻後,旁白,596AEA42F3CD2C23B91FD6706A218ABD350675CA37F134584BD1A50DAC6159C3,text,原本应该已经淡去的诽谤中伤，或许会因我之手在同期这一代重新复活。\p
1763,game_t01767,０２０：１９９７年_13：試験終了後　数刻後.egpack,０２０：１９９７年_13：試験終了後　数刻後,唯依,29ACE670F4B88D3001973FD1C3ECA945437AD1352D4129305B978C8FF777EE41,text,「我想变得……更强……」\p
1764,game_t01768,０２０：１９９７年_13：試験終了後　数刻後.egpack,０２０：１９９７年_13：試験終了後　数刻後,旁白,E0BA53AB7EBFEFE7B7838217F5C601CFD88D2870D95CD99BA722F33B44CA7BD9,text,心、体、技，我全都想变强……！！强到……任何人都无法再挑出任何不满……\p
1765,game_t01769,０２０：１９９７年_13：試験終了後　数刻後.egpack,０２０：１９９７年_13：試験終了後　数刻後,栴納,318663A57017FA8A6ED00AAB5875813A78E156AEBD5301D48DB4868393BCA2FF,text,「历代篁家家主，无论遭受何等无端诽谤、卑劣中伤，都绝不以言辞或武力反击——」\p
1766,game_t01770,０２０：１９９７年_13：試験終了後　数刻後.egpack,０２０：１９９７年_13：試験終了後　数刻後,栴納,C3B785D54DA47B48C755D0B843F71E95E95B916DD97FDB61A802C6AE1224A5D1,text,「只是默默坚守打造兵器之道，只靠不断积累嘉奖与功勋，持续赢得与家格相称的信任。」\p
1767,game_t01771,０２０：１９９７年_13：試験終了後　数刻後.egpack,０２０：１９９７年_13：試験終了後　数刻後,栴納,CA7E6BD52D6E374359603A6462E96D20F67AC48400EA427842977F23AAB63E6D,text,「你今后要走的道路，要由你亲自凭篁家的矜持一步步踏出来。」\p
1768,game_t01772,０２０：１９９７年_13：試験終了後　数刻後.egpack,０２０：１９９７年_13：試験終了後　数刻後,恭子,9DE6655D397570BB374BDA91431D0CAE12E01744C0FAFB666313F8B4CF4FF57D,text,「如果想获得什么……想得到比现在更多的东西，就必须认真选择自己该做的事。」\p
1769,game_t01773,０２０：１９９７年_13：試験終了後　数刻後.egpack,０２０：１９９７年_13：試験終了後　数刻後,恭子,009845137723B516CEEDAF25E59B21A9DF2C7C78FD78EE07ED227847E85DC2BA,text,「可是，唯依。」\p
1770,game_t01774,０２０：１９９７年_13：試験終了後　数刻後.egpack,０２０：１９９７年_13：試験終了後　数刻後,恭子,2EB221825EC7B5DF5230873A334B596FC6089A271C94D6E2ACD5581B725A550B,text,「当你肩负起比现在更多的事物时，选择不做什么就会变得非常重要。」\p
1771,game_t01775,０２０：１９９７年_13：試験終了後　数刻後.egpack,０２０：１９９７年_13：試験終了後　数刻後,旁白,6F4EB97464EF47C562B299F1911505904C5EDE3A44EB8718A865CA66B1580A0E,text,母亲……恭子大人……\p
1772,game_t01776,０２０：１９９７年_13：試験終了後　数刻後.egpack,０２０：１９９７年_13：試験終了後　数刻後,旁白,44ACAB044E03374FEC6D15CBE1198A9FD7BBB9CB5E92BF73B9DC95E7B3CA6628,text,请放心。唯依明白——\p
1773,game_t01777,０２０：１９９７年_13：試験終了後　数刻後.egpack,０２０：１９９７年_13：試験終了後　数刻後,唯依,FC1BB2D07B8CA4CB833A8FC775711F88FDC75DF9188537E5BF556C9021D9D39C,text,「…\w…\w…\w…\w」\p
1774,game_t01778,０２０：１９９７年_13：試験終了後　数刻後.egpack,０２０：１９９７年_13：試験終了後　数刻後,旁白,782340FA096B4058C54F1E20F9FB48B90949CEDE01A37F1F4FE842DCBD72D058,text,既然现在无法相信自己，就只能依靠对教官的信任继续努力。而怀疑值得信赖的真田教官她们作出的合格判定，就等同于怀疑她们、贬低她们——\p
1775,game_t01779,０２０：１９９７年_13：試験終了後　数刻後.egpack,０２０：１９９７年_13：試験終了後　数刻後,旁白,9AB798A2770E85B21A16096D011132A22B82E2778C2BB66996F3D3ED49B2DE9E,text,说综战武不是终点、只是必经一站的人，正是我自己——\p
1776,game_t01780,０２０：１９９７年_13：試験終了後　数刻後.egpack,０２０：１９９７年_13：試験終了後　数刻後,旁白,71334FB30637DB9987D17972743C1074D26960AD6E056D7D68B76F4F78DCB677,text,下周我们便会入住宿舍，开始实机训练课程。无论这次评价如何，通往卫士的路依然遥远，考验仍会继续。\p
1777,game_t01781,０２０：１９９７年_13：試験終了後　数刻後.egpack,０２０：１９９７年_13：試験終了後　数刻後,旁白,37B68D5576EB518678A2512380A70918BAF98BE15A9BBD75DD79328C6BAB7CAD,text,现在——只需默默践行。\p
1778,game_t01782,０２０：１９９７年_13：試験終了後　数刻後.egpack,０２０：１９９７年_13：試験終了後　数刻後,旁白,B5D0AEB9D9BA3C3BD5016A2B944C653F0191D8E979E6235813B428CFCB11389D,text,然后，下一次我一定——\p
1779,game_t01783,０２０：１９９７年_13：試験終了後　数刻後.egpack,０２０：１９９７年_13：試験終了後　数刻後,唯依,6684B3BE0DBBA3A00041C76358CA27FC359DDBCD0110CAC5D6148985D7A2E69D,text,「我……想要战胜山城……」\p
1780,game_t01784,０２０：１９９７年_13：試験終了後　数刻後.egpack,０２０：１９９７年_13：試験終了後　数刻後,安芸,86134A59E36F7829C7F35B68A2ABD379C5A601CC8FF4EF2C9A8B313DEFE5E13A,text,「——唯依～！久等啦～！！」\p
1781,game_t01785,０２０：１９９７年_14：強化装備座学　５月２０日.egpack,０２０：１９９７年_14：強化装備座学　５月２０日,斉藤助教,F4F77DE22C497F5F6257A5D50C12E03ABA026028345EAFD3553B79FDF284DB89,text,「——首先，恭喜你们通过综战武。」\p
1782,game_t01786,０２０：１９９７年_14：強化装備座学　５月２０日.egpack,０２０：１９９７年_14：強化装備座学　５月２０日,斉藤助教,3FA2CE50ABBE7EF1C5CCE433E3C5F973C5A9DB5F0B822F08C4AD0928BEAA9913,text,「站在这里的你们将进入高级课程，并正式取得战术机训练的临时搭乘资格。」\p
1783,game_t01787,０２０：１９９７年_14：強化装備座学　５月２０日.egpack,０２０：１９９７年_14：強化装備座学　５月２０日,旁白,22CFEC609BBB34359C2B9DB47A365DD8ECF92F51AB9B4A6F70F14E1CC7099C5F,text,从今天早上起，高级课程的教学计划已经开始了。平淡得像是在重复与昨天以前相同的日常。\p
1784,game_t01788,０２０：１９９７年_14：強化装備座学　５月２０日.egpack,０２０：１９９７年_14：強化装備座学　５月２０日,旁白,EB6CAC04EB7D25E8A7AB4A1C1B0075D560AA31914FC3AA582F6E222D068BF771,text,仿佛综战武从未发生过……\p
1785,game_t01789,０２０：１９９７年_14：強化装備座学　５月２０日.egpack,０２０：１９９７年_14：強化装備座学　５月２０日,斉藤助教,077157978B831E2AB47E7EFED862C265316EDFCDE167CB52447F2D0CDC288510,text,「经过三十小时的模拟器训练后，你们将搭乘实机，掌握基本动作。训练机是如今仍在一线服役的F-4J功率调整型。」\p
1786,game_t01790,０２０：１９９７年_14：強化装備座学　５月２０日.egpack,０２０：１９９７年_14：強化装備座学　５月２０日,旁白,504718E8AB330C2F93C2C579C4D12CCB179C65F36A7544624B63E86603F21D7B,text,可是，比昨天空旷许多的讲堂提醒着我，综战武并不是一场梦。\p
1787,game_t01791,０２０：１９９７年_14：強化装備座学　５月２０日.egpack,０２０：１９９７年_14：強化装備座学　５月２０日,斉藤助教,AE1267B80353FE841FA4C855B6B9E764069CD1CC84FD9FAFA9934EC1A1CE4504,text,「然而，搭乘战术机时有一样绝对不可缺少的重要装备。没错，就是卫士强化装备。」\p
1788,game_t01792,０２０：１９９７年_14：強化装備座学　５月２０日.egpack,０２０：１９９７年_14：強化装備座学　５月２０日,斉藤助教,75D7A6AAA0A3807225DAFAAF4250AD97AAD483DE353ACCE32D4DCDC2D7579EDE,text,「看在同为女人的情分上，强化装备的理论课与穿戴实习由我负责。算是给深闺公主们的特别服务，在帝国军可享受不到哦？」\p
1789,game_t01793,０２０：１９９７年_14：強化装備座学　５月２０日.egpack,０２０：１９９７年_14：強化装備座学　５月２０日,安芸,CF2F8C65B4272402096970D74B45AFBC83BA8339BB0D00FA30DFA882020F45AA,text,「太好了～如果是那个战术魔鬼来教，就糟透了～」\p
1790,game_t01794,０２０：１９９７年_14：強化装備座学　５月２０日.egpack,０２０：１９９７年_14：強化装備座学　５月２０日,和泉,8B628190C371FF50E9BFAB6AB32EE7D503FB2B636D22B7946FC976C5F5AC4ECF,text,「真的，总算放心了。」\p
1791,game_t01795,０２０：１９９７年_14：強化装備座学　５月２０日.egpack,０２０：１９９７年_14：強化装備座学　５月２０日,旁白,D947803CFFDA5D3448E1758E6A03F5B52404DB246E5EB07B12768F534D69A375,text,原来在这种方面，我们这些武家子女也受到了优待。\p
1792,game_t01796,０２０：１９９７年_14：強化装備座学　５月２０日.egpack,０２０：１９９７年_14：強化装備座学　５月２０日,声,A28597DDF5E164D5311BF87AF8BB349BB60F1DAABF5AF582C8CBD526F5444326,text,「她们那边有谱代家的大小姐，当然会受优待。」\p
1793,game_t01797,０２０：１９９７年_14：強化装備座学　５月２０日.egpack,０２０：１９９７年_14：強化装備座学　５月２０日,旁白,D62FDDF8E246CF164BE152F93FECB2DDC6E38DA4595D7D85FE04926620E9F48E,text,昨天才发生的事，今天就能干脆地切换心态，确实会轻松许多……\p
1794,game_t01798,０２０：１９９７年_14：強化装備座学　５月２０日.egpack,０２０：１９９７年_14：強化装備座学　５月２０日,斉藤助教,E8F7CDE5029FBFA26550972927EF9D27D386EB87139EE46973497A110C88A271,text,「那么，翻开教材第三十二页——」\p
1795,game_t01799,０２０：１９９７年_14：強化装備座学　５月２０日.egpack,０２０：１９９７年_14：強化装備座学　５月２０日,斉藤助教,626C1FFAA13CDA81E22B7EF443C9967704B08E4C8F2F5C402F23C45B7257E3DC,text,「看图一——如图所示，看似单一整体的卫士强化装备，实际上是由多个部件构成的复合结构。」\p
1796,game_t01800,０２０：１９９７年_14：強化装備座学　５月２０日.egpack,０２０：１９９７年_14：強化装備座学　５月２０日,斉藤助教,41A4E3F1345CD3B6A2320060E7751F642236E550F3E91A7FE3F30B0364AE5372,text,「首先是第一层装备。皮膜内侧的凝胶状元件会渗入并紧贴皮肤，将全身肌电压变化与脑电波比对，预测搭乘者的思维并辅助操纵。」\p
1797,game_t01801,０２０：１９９７年_14：強化装備座学　５月２０日.egpack,０２０：１９９７年_14：強化装備座学　５月２０日,斉藤助教,41CA7DE46322C4A6FABCE0F1AD1A4E931FE470B0BC9E9C8DAEE14F795A675CE6,text,「这种机制称为统计间接思维控制，是让战术机这种巨大机械以超越人类的敏捷性行动时，最重要的基础系统。详情会在《战术机概论Ⅱ》中说明。」\p
1798,game_t01802,０２０：１９９７年_14：強化装備座学　５月２０日.egpack,０２０：１９９７年_14：強化装備座学　５月２０日,安芸,27B92A2DCFEF2253A60B435AAFA259A80A7D9559494524689BCBD7899E37BFD8,text,「虽然听不太懂，但这是不是特别厉害……？」\p
1799,game_t01803,０２０：１９９７年_14：強化装備座学　５月２０日.egpack,０２０：１９９７年_14：強化装備座学　５月２０日,和泉,09E5B3F3662CE4AB919C2A6AEA4BF56547F45631F5F37183206FB1860251D980,text,「很多东西就算不懂原理，我们也照样在用。没问题啦。」\p
1800,game_t01804,０２０：１９９７年_14：強化装備座学　５月２０日.egpack,０２０：１９９７年_14：強化装備座学　５月２０日,斉藤助教,265BC924C94835350573A4DDB731ACAB0C4B208B12DD8473649584CAF267624A,text,「——穿戴第一层装备时，有一条极其重要的大原则——必须全裸！」\p
1801,game_t01805,０２０：１９９７年_14：強化装備座学　５月２０日.egpack,０２０：１９９７年_14：強化装備座学　５月２０日,候補生たち,60BC42B7630747D6CE4595351F523D920F67558D0ACEF8DE0FE0506949057EE0,text,「诶～～」\p
1802,game_t01806,０２０：１９９７年_14：強化装備座学　５月２０日.egpack,０２０：１９９７年_14：強化装備座学　５月２０日,斉藤助教,CD9F4FCEC9BE4AEE616D13A618AE5C717FC37549EBE8C3A29C02D3A571AD0644,text,「诶什么诶！认真听了测量原理，你们早该猜到吧！」\p
1803,game_t01807,０２０：１９９７年_14：強化装備座学　５月２０日.egpack,０２０：１９９７年_14：強化装備座学　５月２０日,候補生たち,9C79390DE2A3D85534CB9382033C801C5B72E9E389332472486F56E097668647,text,「呜～～」\p
1804,game_t01808,０２０：１９９７年_14：強化装備座学　５月２０日.egpack,０２０：１９９７年_14：強化装備座学　５月２０日,斉藤助教,4D2491C18594D9F4638DC08BDCD8AA385885AEFDFDAF7439E9446BC13289F4C5,text,「说到这里，端庄的公主们最关心的肯定就是屎和尿。不过放心，这些事当然都考虑到了。」\p
1805,game_t01809,０２０：１９９７年_14：強化装備座学　５月２０日.egpack,０２０：１９９７年_14：強化装備座学　５月２０日,候補生たち,76DC78C9C5741255D7D164F7628F32B27C0B4CCB0F3DA5632877AE9B52452675,text,「哦～」\p
1806,game_t01810,０２０：１９９７年_14：強化装備座学　５月２０日.egpack,０２０：１９９７年_14：強化装備座学　５月２０日,斉藤助教,CA6799C27388FB117AE9AECE64129D54DB3959FA15D2FAF321297108E1435F0E,text,「——看第五十三页的图十二。」\p
1807,game_t01811,０２０：１９９７年_14：強化装備座学　５月２０日.egpack,０２０：１９９７年_14：強化装備座学　５月２０日,候補生たち,0AE264FF26E6FCE28DE1BFE95125BA5FAB314A219C582AAB34D1149C06B12428,text,「窃窃私语……」\p
1808,game_t01812,０２０：１９９７年_14：強化装備座学　５月２０日.egpack,０２０：１９９７年_14：強化装備座学　５月２０日,安芸,57562AB9FE30F43D1538A54A0E8ADB707991E1A3E77EC6C4DE283E70C6B3EED6,text,「咦……？」\p
1809,game_t01813,０２０：１９９７年_14：強化装備座学　５月２０日.egpack,０２０：１９９７年_14：強化装備座学　５月２０日,志摩子,A894B7A9C975F345DD31D23B04DEB8DCF7338BD0F491C5FFCA036697FD959CDA,text,「这是什么……」\p
1810,game_t01814,０２０：１９９７年_14：強化装備座学　５月２０日.egpack,０２０：１９９７年_14：強化装備座学　５月２０日,和泉,12680ECD1753A4B0EBB67BAE506C8F762654A815C7C35661A8C806522D770FF1,text,「这个……难道是……」\p
1811,game_t01815,０２０：１９９７年_14：強化装備座学　５月２０日.egpack,０２０：１９９７年_14：強化装備座学　５月２０日,旁白,3BD0A74864201BC6841CD8490A56198003A62D1D0F811E27D0CE29510E92E605,text,对了，一般人不知道这些才是理所当然。父亲参与战术机开发，所以我没觉得有什么。\p
1812,game_t01816,０２０：１９９７年_14：強化装備座学　５月２０日.egpack,０２０：１９９７年_14：強化装備座学　５月２０日,斉藤助教,D6324E032B7BC4A26AFEDBFA17D8D2D1D0EA5B6CD85D64022F386E601D366DEE,text,「——排泄收集袋和引流组件！把它卡在胯下——扣紧！！」\p
1813,game_t01817,０２０：１９９７年_14：強化装備座学　５月２０日.egpack,０２０：１９９７年_14：強化装備座学　５月２０日,候補生たち,59BA417BEA387F938E468ED1AA306B714DBA19204282D31002D12D355294310D,text,「——诶～～～～！！」\p
1814,game_t01818,０２０：１９９７年_14：強化装備座学　５月２０日.egpack,０２０：１９９７年_14：強化装備座学　５月２０日,斉藤助教,4156080359728013FBD1B8798322C0E3C78831DFBBD17B57EB85CA4E2340C2EA,text,「——蠢货！作战有时会持续好几天！难道你们想让全身一直贴着自己的屎尿吗？！」\p
1815,game_t01819,０２０：１９９７年_14：強化装備座学　５月２０日.egpack,０２０：１９９７年_14：強化装備座学　５月２０日,候補生たち,AC71944D81C88CAC4C18C088CD2687DB89E533964B27694821B54E5F58896F84,text,「呜呜～～」\p
1816,game_t01820,０２０：１９９７年_14：強化装備座学　５月２０日.egpack,０２０：１９９７年_14：強化装備座学　５月２０日,斉藤助教,8E8939D1A7CB23C3AEB368326174F2F8250A32B07471808AC0A62E247BA8C521,text,「又不是把管子插进尿道或屁眼。只是把引流组件咔哒一下扣到你们幼稚的胯下，放心吧。」\p
1817,game_t01821,０２０：１９９７年_14：強化装備座学　５月２０日.egpack,０２０：１９９７年_14：強化装備座学　５月２０日,安芸,91BB1F806127C552C2DD1DCEF4AB9C8FC3C0E85DB68C104A4F6ED22E03319179,text,「齐藤助教说的‘放心吧’，完全让人放不下心～」\p
1818,game_t01822,０２０：１９９７年_14：強化装備座学　５月２０日.egpack,０２０：１９９７年_14：強化装備座学　５月２０日,斉藤助教,2DDF6AD3CA50B0183E0F6B56F002611B0A39CA483C97E34F67BFE243852905FD,text,「引流组件内侧的流体树脂会对体温产生反应并渗透开来，严丝合缝地塑出你们那片羞于见人的部位，再牢牢咬住。」\p
1819,game_t01823,０２０：１９９７年_14：強化装備座学　５月２０日.egpack,０２０：１９９７年_14：強化装備座学　５月２０日,候補生たち,FF5CA0B885E09B944658D6BBA73F295BF12F18EE7A06E52A6DF53374DE9A7CF5,text,「呃～～！」\p
1820,game_t01824,０２０：１９９７年_14：強化装備座学　５月２０日.egpack,０２０：１９９７年_14：強化装備座学　５月２０日,安芸,E428FBC450CB5CC56DAEE815B897AD4EB997C62B968A3B7E95A6B12F136A8787,text,「我就知道～～」\p
1821,game_t01825,０２０：１９９７年_14：強化装備座学　５月２０日.egpack,０２０：１９９７年_14：強化装備座学　５月２０日,斉藤助教,4806B312D678F487BFFB8B02ABED6A7A79EA37F86D49527FD78C183344F63757,text,「阴毛可得处理干净——不然拆下组件时，你们会知道什么叫地狱！」\p
1822,game_t01826,０２０：１９９７年_14：強化装備座学　５月２０日.egpack,０２０：１９９７年_14：強化装備座学　５月２０日,候補生たち,9C79390DE2A3D85534CB9382033C801C5B72E9E389332472486F56E097668647,text,「呜～～」\p
1823,game_t01827,０２０：１９９７年_14：強化装備座学　５月２０日.egpack,０２０：１９９７年_14：強化装備座学　５月２０日,斉藤助教,D1C54159F3C42E0DD05BD568DDA59F12763430E3E56F550EA43E26B3E1688A0D,text,「大陆前线的卫士，不论男女几乎都会剃得干干净净。从卫生角度来说，我也建议你们这样做。」\p
1824,game_t01828,０２０：１９９７年_14：強化装備座学　５月２０日.egpack,０２０：１９９７年_14：強化装備座学　５月２０日,候補生たち,9C79390DE2A3D85534CB9382033C801C5B72E9E389332472486F56E097668647,text,「呜～～」\p
1825,game_t01829,０２０：１９９７年_14：強化装備座学　５月２０日.egpack,０２０：１９９７年_14：強化装備座学　５月２０日,斉藤助教,DB477E17BF93D8FA18FD2B8CF4AD0C0E7368FCE0A52D6B190559CA54C9B7ACE3,text,「——顺便一提，我也是这样！」\p
1826,game_t01830,０２０：１９９７年_14：強化装備座学　５月２０日.egpack,０２０：１９９７年_14：強化装備座学　５月２０日,安芸,C30C0928D843688E57C2C79079A3E76D207470B1302D6AF3ABA375FA9BA858CB,text,「不、不需要……这个信息不需要～～！」\p
1827,game_t01833,０２０：１９９７年_14：強化装備座学　５月２０日.egpack,０２０：１９９７年_14：強化装備座学　５月２０日,斉藤助教,E40DDED09B1FE92D4E4D8A28E0349A9E6341C0FFAF9F7340998E5BD2F4AC3E7B,text,「回到正题——第一层装备的强化皮膜具有出色的柔韧性和伸缩性，贴合后的姿势随动率超过百分之一百四十。也就是说，完全不会产生皱褶。」\p
1828,game_t01834,０２０：１９９７年_14：強化装備座学　５月２０日.egpack,０２０：１９９７年_14：強化装備座学　５月２０日,斉藤助教,7CCD1DAFD1FB5710CF5E9BC57B634729530250DEF013E8B5A481331FB7BD6F56,text,「这层覆盖全身、厚度不足1mm的强化检测皮膜，除了测量肌电压，还具备抗冲击、防刃、耐热耐寒和耐化学物质性能。」\p
1829,game_t01835,０２０：１９９７年_14：強化装備座学　５月２０日.egpack,０２０：１９９７年_14：強化装備座学　５月２０日,斉藤助教,823E135FF81BF363F8294E5C5F3EB825FE671A04DAC6F75B32A6A5DDE7627CD5,text,「实际摸过就会明白，慢慢按压时它很柔软，瞬间受到强大压力时则会硬化。」\p
1830,game_t01836,０２０：１９９７年_14：強化装備座学　５月２０日.egpack,０２０：１９９７年_14：強化装備座学　５月２０日,斉藤助教,724EBA6DBED3D5CD2886711BA15AF1E4798F49D11D843C756C04DFE75A840D2B,text,「它的强韧程度甚至能挡住步枪弹直接命中。当然，打中某些部位时，穿戴者还是会骨折。」\p
1831,game_t01837,０２０：１９９７年_14：強化装備座学　５月２０日.egpack,０２０：１９９７年_14：強化装備座学　５月２０日,斉藤助教,DF6357DD2A2A665FBE939954AC4A89CE5ABA0A80F79C327EEFBEB3D4E9816796,text,「之所以保证这种强度，是考虑到紧急破坏逃生以后，穿戴强化外骨骼装备时，它还要承担正面装甲的作用。」\p
1832,game_t01838,０２０：１９９７年_14：強化装備座学　５月２０日.egpack,０２０：１９９７年_14：強化装備座学　５月２０日,斉藤助教,3AA695C3F82C528C332C3C9BA8E32021F42383C5B07AA6E67A4EE0B856557BEB,text,「不过，一旦到了需要紧急破坏逃生的地步，那名卫士基本就已经走投无路了。你们要拼命训练，别让自己落到那种处境。」\p
1833,game_t01839,０２０：１９９７年_14：強化装備座学　５月２０日.egpack,０２０：１９９７年_14：強化装備座学　５月２０日,旁白,6D205F735EB681B4E174C028C12C1B654407158CF259BA343BE87EDCB9208731,text,也就是说……会被BETA一拥而上，活活吃掉。\p
1834,game_t01840,０２０：１９９７年_14：強化装備座学　５月２０日.egpack,０２０：１９９７年_14：強化装備座学　５月２０日,斉藤助教,94B98F269149C9EEF983613FF62D73EAAFD90AE4BFE40D4C57C2D094AD886F2D,text,「强韧的保护皮膜也拥有优秀的隔热性能。只要穿着它，无论身处沙漠还是北极，都能舒适度日——前提是电池还有电。」\p
1835,game_t01841,０２０：１９９７年_14：強化装備座学　５月２０日.egpack,０２０：１９９７年_14：強化装備座学　５月２０日,斉藤助教,12F1BA74183F0D37B4B6B6F871C7F2BA9125D86DFBFD67A2A0B4D7180C0C7C69,text,「渗入毛孔的凝胶状元件会感知出汗，通过水分循环净化出饮用水，同时细致调节你们的体温。」\p
1836,game_t01842,０２０：１９９７年_14：強化装備座学　５月２０日.egpack,０２０：１９９７年_14：強化装備座学　５月２０日,斉藤助教,392A8C2CF3752F4FB59F5C71E59A2F91652AD2A4A60AD9285BA05F5443E85E27,text,「它的耐化学物质性能也很高，能够防止酸、碱等各种物质侵蚀。配合附属的简易头盔使用，说它能用于太空也绝非夸张。」\p
1837,game_t01843,０２０：１９９７年_14：強化装備座学　５月２０日.egpack,０２０：１９９７年_14：強化装備座学　５月２０日,斉藤助教,D26B5B5CA3A3FFF88352F6FA6F00677815AFDEABD45E645B00CC656345812777,text,「此外，它还能利用电压引起的伸缩效应发挥抗G功能，防止高机动战斗时出现黑视。这是战术机所用电磁伸缩碳带技术的应用。」\p
1838,game_t01844,０２０：１９９７年_14：強化装備座学　５月２０日.egpack,０２０：１９９７年_14：強化装備座学　５月２０日,斉藤助教,69F4609D79B012BD5AB938522C3F52A3D2D313A850C6518FDE7B3155201462B3,text,「也就是说，如果不计电池消耗，单靠强化装备也能在瞬间发挥接近反馈防护装置的性能。」\p
1839,game_t01845,０２０：１９９７年_14：強化装備座学　５月２０日.egpack,０２０：１９９７年_14：強化装備座学　５月２０日,斉藤助教,DCC42D149C5A90F78897713C7E09A75CF375691593E4347098C1E613AA5728F8,text,「这些功能，全部都是为了提高卫士的生存能力而附加的——」\p
1840,game_t01846,０２０：１９９７年_14：強化装備座学　５月２０日.egpack,０２０：１９９７年_14：強化装備座学　５月２０日,安芸,C61685E44A65995296BD80E7C123DAF93979732F4BE0713642C42C98D0EF5FD5,text,「穿着这么厉害的东西还会死、还会受伤……实在有点难以相信啊～」\p
1841,game_t01847,０２０：１９９７年_14：強化装備座学　５月２０日.egpack,０２０：１９９７年_14：強化装備座学　５月２０日,和泉,EAA0BFA114B42A7DC48A8C93C068CD244811F703B9CC5B069E5CA3023F36823A,text,「这就说明实战有那么严酷吧。」\p
1842,game_t01848,０２０：１９９７年_14：強化装備座学　５月２０日.egpack,０２０：１９９７年_14：強化装備座学　５月２０日,斉藤助教,2483EBFB4572EE5BA01CBA5F34DE50DA647F56D8A263B673F6C43F8539E435C7,text,「——另外，你们所穿候补生用第一层装备，采用的是无着色皮膜。」\p
1843,game_t01849,０２０：１９９７年_14：強化装備座学　５月２０日.egpack,０２０：１９９７年_14：強化装備座学　５月２０日,候補生たち,59BA417BEA387F938E468ED1AA306B714DBA19204282D31002D12D355294310D,text,「——诶～～～～！！」\p
1844,game_t01850,０２０：１９９７年_14：強化装備座学　５月２０日.egpack,０２０：１９９７年_14：強化装備座学　５月２０日,志摩子,19E193BFFD09BC665294828BB9FE31CDE39628904B634167BFD68C88E16CBF49,text,「咦……！」\p
1845,game_t01851,０２０：１９９７年_14：強化装備座学　５月２０日.egpack,０２０：１９９７年_14：強化装備座学　５月２０日,安芸,5FB3158D10672D15056A017B55C5DB5CA597D55271F0D1DB484FA3203D57FDCF,text,「那不是肤色皮膜吗……！？」\p
1846,game_t01852,０２０：１９９７年_14：強化装備座学　５月２０日.egpack,０２０：１９９７年_14：強化装備座学　５月２０日,和泉,D8187361E384AC6BBBBF018203A9602428136670C8BE37972CFF5CD631035EB9,text,「不……会吧……」\p
1847,game_t01853,０２０：１９９７年_14：強化装備座学　５月２０日.egpack,０２０：１９９７年_14：強化装備座学　５月２０日,斉藤助教,EA127DBCA2FA9BF906A96FBD8F282F2C0E3B7913EF0B2B3F4592F88B5CC71189,text,「这是为了兼顾省去着色工序所带来的成本削减，以及确保受伤时的可视性。」\p
1848,game_t01854,０２０：１９９７年_14：強化装備座学　５月２０日.egpack,０２０：１９９７年_14：強化装備座学　５月２０日,安芸,BE5E8DBC6B7657796BC8A2C6CBE55C8BD9A5C6D9CBC793D128F63E8D3C17D18F,text,「所以说，功能都这么夸张了，到底要怎样才会受伤啊……！」\p
1849,game_t01855,０２０：１９９７年_14：強化装備座学　５月２０日.egpack,０２０：１９９７年_14：強化装備座学　５月２０日,斉藤助教,AA4F585EF721C8E8BD0B247BB06338F895C1CE911638E01F3FAA26711589AD6E,text,「从这些功能也能看出，第一层装备是昂贵的消耗品。即使没有破损，每次穿戴也会加速功能劣化。视体质而定，大约穿戴十次就应报废并送去再生处理。」\p
1850,game_t01856,０２０：１９９７年_14：強化装備座学　５月２０日.egpack,０２０：１９９７年_14：強化装備座学　５月２０日,斉藤助教,C054904CE1558F92237A5ED25B21EB6A03A5C4CED5C95693F253D6357E79D4DE,text,「统计显示，第一层装备的损伤率和消耗量与候补生的受伤率走势相近，而且在卫士训练期间发生得最多。你们应该明白，无着色对于兼顾成本优势和伤势可视性有多么重要。」\p
1851,game_t01857,０２０：１９９７年_14：強化装備座学　５月２０日.egpack,０２０：１９９７年_14：強化装備座学　５月２０日,候補生たち,FC1BB2D07B8CA4CB833A8FC775711F88FDC75DF9188537E5BF556C9021D9D39C,text,「…\w…\w…\w…\w」\p
1852,game_t01858,０２０：１９９７年_14：強化装備座学　５月２０日.egpack,０２０：１９９７年_14：強化装備座学　５月２０日,斉藤助教,F12AFC108DA775953AE9C513E41532E4634678EB7215B108F7EF9618D8C35A8D,text,「强化皮膜既强韧又柔软，但紧急时只需按下左右胸口的救援贴片，溶解液便会在皮膜中循环，让人徒手也能将其撕开。不过——」\p
1853,game_t01859,０２０：１９９７年_14：強化装備座学　５月２０日.egpack,０２０：１９９７年_14：強化装備座学　５月２０日,斉藤助教,0466827D4F0B1C77E00A8DF2E6D51003487F879B376ACD48D536D9BA63BECDED,text,「强化皮膜的凝胶元件也会渗入伤口，发挥强力止血作用。因此，慌忙将其剥下反而可能危及伤员生命，给我注意这一点。」\p
1854,game_t01860,０２０：１９９７年_14：強化装備座学　５月２０日.egpack,０２０：１９９７年_14：強化装備座学　５月２０日,候補生たち,FC1BB2D07B8CA4CB833A8FC775711F88FDC75DF9188537E5BF556C9021D9D39C,text,「…\w…\w…\w…\w」\p
1855,game_t01861,０２０：１９９７年_14：強化装備座学　５月２０日.egpack,０２０：１９９７年_14：強化装備座学　５月２０日,斉藤助教,235C579E6C69ECDC117D5B42E0F3A3F746564279CDC1272BCCD38170F5DD4190,text,「嗯……？」\p
1856,game_t01862,０２０：１９９７年_14：強化装備座学　５月２０日.egpack,０２０：１９９７年_14：強化装備座学　５月２０日,候補生たち,FC1BB2D07B8CA4CB833A8FC775711F88FDC75DF9188537E5BF556C9021D9D39C,text,「…\w…\w…\w…\w」\p
1857,game_t01863,０２０：１９９７年_14：強化装備座学　５月２０日.egpack,０２０：１９９７年_14：強化装備座学　５月２０日,斉藤助教,3901D202F32E668666E3E1782E4C9F9F2176A846D2D0474746CF61C48B540A55,text,「你们啊～真是的。说是无着色，也不是完全透明，只是微微透出一点而已，放心吧！」\p
1858,game_t01864,０２０：１９９７年_14：強化装備座学　５月２０日.egpack,０２０：１９９７年_14：強化装備座学　５月２０日,候補生たち,60BC42B7630747D6CE4595351F523D920F67558D0ACEF8DE0FE0506949057EE0,text,「诶～～」\p
1859,game_t01865,０２０：１９９７年_14：強化装備座学　５月２０日.egpack,０２０：１９９７年_14：強化装備座学　５月２０日,安芸,072B57081C9380D0EC9B3837BAD260FAB3992CCCDE98E4AD857DFA8D6CC370CF,text,「这、这完全没法放心～～」\p
1860,game_t01866,０２０：１９９７年_14：強化装備座学　５月２０日.egpack,０２０：１９９７年_14：強化装備座学　５月２０日,斉藤助教,056F716FF398B9CDA54B6DA4C47FBEC618580DA23C4F2E3482E7A61BC33F8D2E,text,「对你们这些公主也许很难接受，但前线几乎不会分别设置男女浴室和厕所。现在习惯，以后会轻松些哦？」\p
1861,game_t01867,０２０：１９９７年_14：強化装備座学　５月２０日.egpack,０２０：１９９７年_14：強化装備座学　５月２０日,候補生たち,EAFCCC09ACC821C6247273302C8B3B9D4A92132D149D5D42A97266318196E5F4,text,「呃～～」\p
1862,game_t01868,０２０：１９９７年_14：強化装備座学　５月２０日.egpack,０２０：１９９７年_14：強化装備座学　５月２０日,斉藤助教,A946E69D405CC764315F80943C91B5E5F2B3039E337BD90D7B2A7BECF9B7F001,text,「真是的，你们什么都不懂！——男人这种动物，就是会对你们的羞耻心起反应！你们反而越是大大方方，那帮家伙就越容易萎掉！」\p
1863,game_t01869,０２０：１９９７年_14：強化装備座学　５月２０日.egpack,０２０：１９９７年_14：強化装備座学　５月２０日,候補生たち,57562AB9FE30F43D1538A54A0E8ADB707991E1A3E77EC6C4DE283E70C6B3EED6,text,「咦……？」\p
1864,game_t01870,０２０：１９９７年_14：強化装備座学　５月２０日.egpack,０２０：１９９７年_14：強化装備座学　５月２０日,安芸,C7F4CEA13D9CEEB201383207B043207AFF87AC739EE50AA8010AA8C4281A3779,text,「——真的吗？」\p
1865,game_t01871,０２０：１９９７年_14：強化装備座学　５月２０日.egpack,０２０：１９９７年_14：強化装備座学　５月２０日,和泉,E9D3878C988B0282C08FDB73AD188709C8309B2C5D4321A702CA6F66E03740FB,text,「——等、等一下……为什么要问我这种事……？！」\p
1866,game_t01872,０２０：１９９７年_14：強化装備座学　５月２０日.egpack,０２０：１９９７年_14：強化装備座学　５月２０日,斉藤助教,70EDA4F84DB1F483A7E34F463096FCFD826598340FFBFC89D553EE9D6C0DB54A,text,「降低羞耻敏感，再让视觉习以为常——简单来说，就是让人看惯，以此辅助抑制性冲动。」\p
1867,game_t01873,０２０：１９９７年_14：強化装備座学　５月２０日.egpack,０２０：１９９７年_14：強化装備座学　５月２０日,斉藤助教,555C4F87C8F7C706DD42F5B618A26EF6218E1CCDEEB862AD330F69DDC1B23C39,text,「不过按经验来说，适度的性冲动确实能激起保护欲、提升士气。把握好分寸，让那些男人保护自己，也不失为一个办法。」\p
1868,game_t01874,０２０：１９９７年_14：強化装備座学　５月２０日.egpack,０２０：１９９７年_14：強化装備座学　５月２０日,候補生たち,FC1BB2D07B8CA4CB833A8FC775711F88FDC75DF9188537E5BF556C9021D9D39C,text,「…\w…\w…\w…\w」\p
1869,game_t01875,０２０：１９９７年_14：強化装備座学　５月２０日.egpack,０２０：１９９７年_14：強化装備座学　５月２０日,安芸,85CB411E4C669381E6F294C28C9EDF34FECCD53B37EEFA9D8A4488C05B743453,text,「总、总觉得齐藤助教……是不是很厉害……？」\p
1870,game_t01876,０２０：１９９７年_14：強化装備座学　５月２０日.egpack,０２０：１９９７年_14：強化装備座学　５月２０日,和泉,EA5FDCBBEF0C4E2C20040ED696726DB12156B1AC70BCCB5F4F37075C39A41918,text,「是、是啊。该说很可靠吗……」\p
1871,game_t01877,０２０：１９９７年_14：強化装備座学　５月２０日.egpack,０２０：１９９７年_14：強化装備座学　５月２０日,安芸,62FEFBE2738342FF58A92A91DECE511D4CF95019FAC382F2C78664F17679BF36,text,「虽然方向有点那个——但我一直想要的就是这种经验之谈啊！」\p
1872,game_t01878,０２０：１９９７年_14：強化装備座学　５月２０日.egpack,０２０：１９９７年_14：強化装備座学　５月２０日,和泉,4F951BA071B4262B40F4C75AF5B0DBB87DA734124C2E457C9505474B6DCD97BA,text,「这是实战经验带来的诀窍。你不是一直在抱怨缺少这种东西吗……」\p
1873,game_t01881,０２０：１９９７年_14：強化装備座学　５月２０日.egpack,０２０：１９９７年_14：強化装備座学　５月２０日,斉藤助教,11BE1637B39CB1864F8E7A47C2D0AF9A4EFE3F1893D13006F67B82D74CA116C5,text,「——接下来，说明第二层装备的概要。」\p
1874,game_t01882,０２０：１９９７年_14：強化装備座学　５月２０日.egpack,０２０：１９９７年_14：強化装備座学　５月２０日,斉藤助教,64CB2E3E4DA920DBA9069CE2158A6AABE9218BB5BC0BF4494E273B093CC9D495,text,「第二层装备由覆盖身体的柔性层压聚合物装甲，以及颈部、肩部等位置的硬质块状组件构成。」\p
1875,game_t01883,０２０：１９９７年_14：強化装備座学　５月２０日.egpack,０２０：１９９７年_14：強化装備座学　５月２０日,斉藤助教,9B5545BE3086FFAF0C32EDD2BE15DAC3A6F5FE71082638E738517AC29F559D2E,text,「层压聚合物装甲负责保护第一层装备的重要部位，并提高整套强化装备的装甲强度。」\p
1876,game_t01884,０２０：１９９７年_14：強化装備座学　５月２０日.egpack,０２０：１９９７年_14：強化装備座学　５月２０日,斉藤助教,C0772C4DB7C6F691DBF1CFB8CF3E2CF472E4E66B67E1963C0B46EB92FB94BA70,text,「据说制造商的材料强度试验中，它甚至承受住了12.7mm重机枪连续射击。没人做过人体实验，实际情况不得而知。」\p
1877,game_t01885,０２０：１９９７年_14：強化装備座学　５月２０日.egpack,０２０：１９９７年_14：強化装備座学　５月２０日,和泉,57E5509C46EA4BED46B00E2FE30E89F7EF07E29CE28D7257BFE80AFAF7CF9BF5,text,「我记得……刚才不是说步枪弹也会导致骨折吗？」\p
1878,game_t01886,０２０：１９９７年_14：強化装備座学　５月２０日.egpack,０２０：１９９７年_14：強化装備座学　５月２０日,安芸,3F55816A8C0EC4A813703E237005C77D5A6A8ED3C1B04BCB4F51766CF2D06038,text,「要是M2重机枪，恐怕就不只是粉碎性骨折了……」\p
1879,game_t01887,０２０：１９９７年_14：強化装備座学　５月２０日.egpack,０２０：１９９７年_14：強化装備座学　５月２０日,斉藤助教,CAC37DB1615565F0223FBCEF5C43232420D931B0C74E04088889CF6B24488703,text,「各部位的块状组件中，除了主计算机，还容纳了主要生命维持装置、环境维持装置等控制系统。」\p
1880,game_t01888,０２０：１９９７年_14：強化装備座学　５月２０日.egpack,０２０：１９９７年_14：強化装備座学　５月２０日,斉藤助教,845B1729964BA6D22D3089D4DF6AF5EB0FE361FA70BE926BE48F450B22B0BC7D,text,「主要设备集中在颈部、肩部及上臂外侧的组件中。除了主计算机等主要电子设备，还包括电击除颤、压力注射等急救机构与生命维持装置。」\p
1881,game_t01889,０２０：１９９７年_14：強化装備座学　５月２０日.egpack,０２０：１９９７年_14：強化装備座学　５月２０日,斉藤助教,FF25C6D33C371FB9AA64FBA0BE39D34FBA209C6F2DA19A42B484B4DC86534DBE,text,「后颈部与后腰部的块状组件配有锁定连接器，再配合腰部和小腿部，总共以四点支撑将身体固定在座椅上。」\p
1882,game_t01890,０２０：１９９７年_14：強化装備座学　５月２０日.egpack,０２０：１９９７年_14：強化装備座学　５月２０日,斉藤助教,3A656862165E3E9C6FEABF0CE7BBA6A27A15083CA73F619B1EDDD4B42F53DF38,text,「排泄控制、水循环系统等辅助功能分散配置在腰部周围、下腹部和足部靴子中，与第一层装备结合，管理全身状态。」\p
1883,game_t01891,０２０：１９９７年_14：強化装備座学　５月２０日.egpack,０２０：１９９７年_14：強化装備座学　５月２０日,斉藤助教,6C0B1CFF39BF066AB925ECF260725FD6341476148AFCB6128E4824C4082B804D,text,「在这些块状组件中，对你们尤其重要的是外颌部的一体式头戴装置。」\p
1884,game_t01892,０２０：１９９７年_14：強化装備座学　５月２０日.egpack,０２０：１９９７年_14：強化装備座学　５月２０日,斉藤助教,A1D053987B5BB46A610158B934A00343411B2BE42A5357981A3F78C1A8B70898,text,「其中装有视网膜投影装置、通信装置等信息传输系统，可作为战区信息的数据链终端。同时还会随时测量脑电波，监控个人精神与身体状态。」\p
1885,game_t01893,０２０：１９９７年_14：強化装備座学　５月２０日.egpack,０２０：１９９７年_14：強化装備座学　５月２０日,斉藤助教,E978689ED1D6F88CE8C83C76BFBC8CB5B140DA80B31DB4951318A3257672C6FA,text,「它与战术机计算机之间采用非接触式连接，但视网膜显示信息和电池系统的切换，则通过整个座面的接触方式进行管理。」\p
1886,game_t01894,０２０：１９９７年_14：強化装備座学　５月２０日.egpack,０２０：１９９７年_14：強化装備座学　５月２０日,斉藤助教,3458CAB58756510BA189B6914CEE75B2BF0233FF3EF5CC3BD89D60560C3CE7FD,text,「也就是说，只要强化装备有任何部位接触座椅，就会进入充电模式；一旦离开，便切换为消耗模式。」\p
1887,game_t01895,０２０：１９９７年_14：強化装備座学　５月２０日.egpack,０２０：１９９７年_14：強化装備座学　５月２０日,斉藤助教,5AEDDDFF59058AE2CBE8710BCAD5B0F17A2D36DDC4C6B69EAC81BDD0FB6AF058,text,「——好了，为了让你们掌握全貌，刚才一直讲得很快。但正如最初所说，强化装备最重要的功能，是统计间接思维控制。」\p
1888,game_t01896,０２０：１９９７年_14：強化装備座学　５月２０日.egpack,０２０：１９９７年_14：強化装備座学　５月２０日,斉藤助教,B2D263FCCBDE025EF6D44A055C019AF312F9DD41198009A364F5077B724D7EDA,text,「这点我会反复强调——身体与精神的锻炼，以及实机训练，积累得越多，穿戴者个人特性数据就越丰富，最终便能让战术机行动得比自己的手脚还要自如！」\p
1889,game_t01897,０２０：１９９７年_14：強化装備座学　５月２０日.egpack,０２０：１９９７年_14：強化装備座学　５月２０日,斉藤助教,DCF4D24F17914906EDDA0D5674A74E2DF376B03DAB477F3D733764586A8C6CBE,text,「这正是战术机相较其他兵器最大的优势与精髓。熟练掌握机体性能和特性之后，还有把每位搭乘者的身体能力与经验转化为物理性能的成长空间。」\p
1890,game_t01898,０２０：１９９７年_14：強化装備座学　５月２０日.egpack,０２０：１９９７年_14：強化装備座学　５月２０日,斉藤助教,E33F16402F9C9AD93BDF3886667322A26AA0B6FC9A19EC4BDD922F32398795D1,text,「人类历史上从未存在过这样的机械。」\p
1891,game_t01899,０２０：１９９７年_14：強化装備座学　５月２０日.egpack,０２０：１９９７年_14：強化装備座学　５月２０日,斉藤助教,CB3340095234A2ED78DE0CB76B019A2B483BA03B5E35067FE01BBFA445572ABA,text,「——战术机绝不会背叛你们！」\p
1892,game_t01900,０２０：１９９７年_14：強化装備座学　５月２０日.egpack,０２０：１９９７年_14：強化装備座学　５月２０日,斉藤助教,A45F4233111E40DD1F9EE15B10B9A2A798CE937568431C4702EA6D88B72C79F2,text,「你们在规格性能之上积累的一切，才会成为那架机体真正的性能！——明白了吗！？」\p
1893,game_t01901,０２０：１９９７年_14：強化装備座学　５月２０日.egpack,０２０：１９９７年_14：強化装備座学　５月２０日,唯依,03DB666BC86B8D86B58CB255D01D6FB6D79014375BF584F7FD999308813DAF35,text,「——是，教官！」
1894,game_t01902,０２０：１９９７年_14：強化装備座学　５月２０日.egpack,０２０：１９９７年_14：強化装備座学　５月２０日,同期生全員,8AE363E0BC0C5E278EBBB9F05A368696011E0E8207508FF25250D59156123D32,text,「——是，教官阁下！！」\p
1895,game_t01903,０２０：１９９７年_14：強化装備座学　５月２０日.egpack,０２０：１９９７年_14：強化装備座学　５月２０日,斉藤助教,6F0A4B23134A12AE98415C81C005EA45F1CB31C0A1739B4A36C97A3BC34A5ADB,text,「——很好。接下来粗略说明强化装备的附属辅助装备——七七式气密装甲盔与第三类待机辅助装备。」\p
1896,game_t01904,０２０：１９９７年_14：強化装備座学　５月２０日.egpack,０２０：１９９７年_14：強化装備座学　５月２０日,旁白,E4BA723B104AD962BEEE55F5C32C97C964F7AE1F71B2109F30044BAE2D422C22,text,战术机不会背叛我们——\p
1897,game_t01905,０２０：１９９７年_14：強化装備座学　５月２０日.egpack,０２０：１９９７年_14：強化装備座学　５月２０日,旁白,8787006FC94147ADBCB899DAD4F876F65B5B549C2582CDD786112D0B8CDA94D4,text,对……我们也不能背叛战术机。\p
1898,game_t01906,０２０：１９９７年_14：強化装備座学　５月２０日.egpack,０２０：１９９７年_14：強化装備座学　５月２０日,斉藤助教,DA54A8BE77F8E3CD9071D2995CE9E48EBF9F6E75DE594034C67317C5492D8D94,text,「七七式气密装甲盔保障卫士能在高浓度重金属云等敌对环境中进行机外活动。——俗称简易头盔。」\p
1899,game_t01907,０２０：１９９７年_14：強化装備座学　５月２０日.egpack,０２０：１９９７年_14：強化装備座学　５月２０日,斉藤助教,C655531A90C25851C7B9785EE68794A2541CB345E6422C1C3BAF4C95B060B3B8,text,「正面采用超级聚碳酸酯与透明石墨构成的多层层压装甲，强度与超级碳素基本相同。」\p
1900,game_t01908,０２０：１９９７年_14：強化装備座学　５月２０日.egpack,０２０：１９９７年_14：強化装備座学　５月２０日,斉藤助教,FE2F653C2125C5F30E7FB2AE4BAEBAF28F280F01137E552131989E209C773C9E,text,「这块正面装甲可通过电压任意改变色素排列。透光率为百分之一百时可直接观察外界，为零时则能将内外两面用作显示器。」\p
1901,game_t01909,０２０：１９９７年_14：強化装備座学　５月２０日.egpack,０２０：１９９７年_14：強化装備座学　５月２０日,斉藤助教,A2C325B4FAFBAA86DE74062C83AD7FB8800CD02043F879916A99B3619DECFDA1,text,「只要视网膜投影正常工作，透光率通常不会设为百分之一百。但当视网膜投影故障或强化装备电池耗尽时，会切换为直接视野。也就是说，电压为零时透光率为百分之一百。」\p
1902,game_t01910,０２０：１９９７年_14：強化装備座学　５月２０日.egpack,０２０：１９９７年_14：強化装備座学　５月２０日,斉藤助教,58B4CD4B5E1C45B51C685065B79D58C6DEEBAD6DCF4333A1B5E1DE96DE06A397,text,「平时它与手枪、卡宾枪一同收纳在管制单元主梁的容器内。这些装备——」\p
1903,game_t01911,０２０：１９９７年_15：巌谷と唯依の会話　５月３０日　.egpack,０２０：１９９７年_15：巌谷と唯依の会話　５月３０日　,唯依,AEC850C4FE78F3D3A9B2EAE3C9D5BF105E3BC66F891BB6CFDD48876CEB058F81,text,「咦……？」\p
1904,game_t01912,０２０：１９９７年_15：巌谷と唯依の会話　５月３０日　.egpack,０２０：１９９７年_15：巌谷と唯依の会話　５月３０日　,旁白,85DC4F3B5D0BE940F572F544751D3A2F13A929C6843924B1001A8385A35A61E9,text,门前那辆车……难道是……\p
1905,game_t01913,０２０：１９９７年_15：巌谷と唯依の会話　５月３０日　.egpack,０２０：１９９７年_15：巌谷と唯依の会話　５月３０日　,ばあや,4B2952B774C87E2CF3CBA59F407EE747467D988E11840062C4EF2B2FA33859FC,text,「欢迎回来，小姐。今天的学业如何？」\p
1906,game_t01914,０２０：１９９７年_15：巌谷と唯依の会話　５月３０日　.egpack,０２０：１９９７年_15：巌谷と唯依の会話　５月３０日　,ばあや,8606EF9724813B52368901EA0C028E86466C575ACEA5B97C7CA6B69DFC3EA946,text,「——啊，小姐……！？」\p
1907,game_t01915,０２０：１９９７年_15：巌谷と唯依の会話　５月３０日　.egpack,０２０：１９９７年_15：巌谷と唯依の会話　５月３０日　,唯依,0FBE3BB10A7EC32E8AE2C96AD247AD1178C255E203D8C9A13CE2EEF521B94CDF,text,「对不起，嬷嬷——我晚点再和你说！」\p
1908,game_t01916,０２０：１９９７年_15：巌谷と唯依の会話　５月３０日　.egpack,０２０：１９９７年_15：巌谷と唯依の会話　５月３０日　,声,4F2BEDD925BF47B9150A128F3B6DEE222005371D5042F7AC34122D34AD21712E,text,「——哦……这么说，下一位几乎可以确定了。」\p
1909,game_t01917,０２０：１９９７年_15：巌谷と唯依の会話　５月３０日　.egpack,０２０：１９９７年_15：巌谷と唯依の会話　５月３０日　,声,4EF45198D83595BC94BE893807B446A712C51BBEA988333DD0A76953759ED57A,text,「是的，凤本家传来的消息就是如此。听说其他家面对近来局势，都有些退缩。」\p
1910,game_t01918,０２０：１９９７年_15：巌谷と唯依の会話　５月３０日　.egpack,０２０：１９９７年_15：巌谷と唯依の会話　５月３０日　,唯依,9B42BC8F93E4C99AC786CAB5AD3FA200FE0D9EF343005A3DC0849912422F23C2,text,「果然——」\p
1911,game_t01919,０２０：１９９７年_15：巌谷と唯依の会話　５月３０日　.egpack,０２０：１９９７年_15：巌谷と唯依の会話　５月３０日　,唯依,2772CB0E9FA7D022DB2718AA0681F00311518684572E0DCB5389064E23EB92C0,text,「——我回来了！」\p
1912,game_t01920,０２０：１９９７年_15：巌谷と唯依の会話　５月３０日　.egpack,０２０：１９９７年_15：巌谷と唯依の会話　５月３０日　,栴納,91051F79E9E5C4192E856DED9506F2321752A45BDC9B06D6B7A46C3B0A768CB2,text,「哎呀，唯依——欢迎回来。」\p
1913,game_t01921,０２０：１９９７年_15：巌谷と唯依の会話　５月３０日　.egpack,０２０：１９９７年_15：巌谷と唯依の会話　５月３０日　,巌谷中佐,E70364446F244DA3F6B7325B1BB4AF87C2FBF2DA655F4A49E9EF5FC592F5B257,text,「——哦，唯依，回来啦！打扰你们了。」\p
1914,game_t01922,０２０：１９９７年_15：巌谷と唯依の会話　５月３０日　.egpack,０２０：１９９７年_15：巌谷と唯依の会話　５月３０日　,唯依,D76CDB6A7EF6D5841A64A1BDFF3C8A3A7D6513184B0AEF777CFF3DFB92BBDE95,text,「岩谷叔叔，欢迎您来。」\p
1915,game_t01923,０２０：１９９７年_15：巌谷と唯依の会話　５月３０日　.egpack,０２０：１９９７年_15：巌谷と唯依の会話　５月３０日　,栴納,573B5CE259D871322B935CA247D7BDAA1E20623450A3758026036327C759A366,text,「唯依，不可以这样。在岩谷先生面前太没规矩了。好好从玄关进来！」\p
1916,game_t01924,０２０：１９９７年_15：巌谷と唯依の会話　５月３０日　.egpack,０２０：１９９７年_15：巌谷と唯依の会話　５月３０日　,唯依,9BCCE180407DB3A14AF6D42EE8464460F986F12B2E4C60E51C12CDB0E729F6CC,text,「好～」\p
1917,game_t01925,０２０：１９９７年_15：巌谷と唯依の会話　５月３０日　.egpack,０２０：１９９７年_15：巌谷と唯依の会話　５月３０日　,巌谷中佐,9B3EB694C80EDA12AC677F65B553C2BAA3C15FD5D3C20F090FC6544CB7271BC1,text,「——哎呀，真让我吃惊。才一阵子没见就长大了，而且越来越像祐唯了。」\p
1918,game_t01926,０２０：１９９７年_15：巌谷と唯依の会話　５月３０日　.egpack,０２０：１９９７年_15：巌谷と唯依の会話　５月３０日　,唯依,BAC38D0D46357916D44333B4D2D02F0EF751B6C97BE8302F6CE524E1876BA456,text,「嘿嘿……」\p
1919,game_t01927,０２０：１９９７年_15：巌谷と唯依の会話　５月３０日　.egpack,０２０：１９９７年_15：巌谷と唯依の会話　５月３０日　,栴納,A6B7EE27D3922F2718BFFAC63A5DEB3ACA162ECA9F26ACC0141DE78850C7B328,text,「是啊。固执又耿直，连不知变通的地方都像极了他……」\p
1920,game_t01928,０２０：１９９７年_15：巌谷と唯依の会話　５月３０日　.egpack,０２０：１９９７年_15：巌谷と唯依の会話　５月３０日　,旁白,685D9BDE07BED9492FDD67DFA78199A5E275600E73E662F9AB80D3F5EF05F2F5,text,——啊，母亲怎么连这种事都说出来啦～～！\p
1921,game_t01929,０２０：１９９７年_15：巌谷と唯依の会話　５月３０日　.egpack,０２０：１９９７年_15：巌谷と唯依の会話　５月３０日　,巌谷中佐,6E94478AA8EBEE82F6A6782ADB01F0FCD47FE01D22C69C03B5BBCEE189E2921B,text,「哈哈哈，那可真让人担心。祐唯笨拙得堪称国宝，在把多余麻烦揽到自己身上这方面，更是个天才。」\p
1922,game_t01930,０２０：１９９７年_15：巌谷と唯依の会話　５月３０日　.egpack,０２０：１９９７年_15：巌谷と唯依の会話　５月３０日　,旁白,00A9D9F62243EB0BB08A98CC90B6B4B4BCF808CE1651FF931766763F7115C0F7,text,——叔、叔叔也真是～～！\p
1923,game_t01931,０２０：１９９７年_15：巌谷と唯依の会話　５月３０日　.egpack,０２０：１９９７年_15：巌谷と唯依の会話　５月３０日　,栴納,AE678F6BE2696991F6A58A658B8AA7AC00FB243060BD6871EB06EDF29D6677A1,text,「——那么唯依，就拜托你了。」\p
1924,game_t01932,０２０：１９９７年_15：巌谷と唯依の会話　５月３０日　.egpack,０２０：１９９７年_15：巌谷と唯依の会話　５月３０日　,唯依,EC4DCDF4B25D3AB32A7F5A270FD3299DECABA338BC6AC95F2D8953266B037089,text,「是，遵命。」\p
1925,game_t01933,０２０：１９９７年_15：巌谷と唯依の会話　５月３０日　.egpack,０２０：１９９７年_15：巌谷と唯依の会話　５月３０日　,旁白,6C119E89E54A84C7E2754E9509FC39A7B694482119180DD7DDA7C8A8CA5236A3,text,……终于走了。\p
1926,game_t01934,０２０：１９９７年_15：巌谷と唯依の会話　５月３０日　.egpack,０２０：１９９７年_15：巌谷と唯依の会話　５月３０日　,旁白,985F562C77AF28C3725A9E4CD047A1924BB699080CA7B38C2B1BF062A4F60EB7,text,总之，作战成功……\p
1927,game_t01935,０２０：１９９７年_15：巌谷と唯依の会話　５月３０日　.egpack,０２０：１９９７年_15：巌谷と唯依の会話　５月３０日　,旁白,43A502EB3CD836F58C7AA6E72FB072AD23CC575326051D0F35DC387749C2565F,text,要是母亲继续坐在这里，岩谷叔叔再告诉她什么多余的事，就有点……\p
1928,game_t01936,０２０：１９９７年_15：巌谷と唯依の会話　５月３０日　.egpack,０２０：１９９７年_15：巌谷と唯依の会話　５月３０日　,旁白,B38FFDF8982740A53DB615D8F419C8712E56AE610228B9F62B900A0F0A10BC06,text,母亲一向严格遵守礼仪，本来绝不会把客人留下而中途离席。不过这个时间，岩谷叔叔大概会留下用晚饭。\p
1929,game_t01937,０２０：１９９７年_15：巌谷と唯依の会話　５月３０日　.egpack,０２０：１９９７年_15：巌谷と唯依の会話　５月３０日　,旁白,AB6E3B3A02FCE1D6E2E6ECA6CF36EF5EB38D1CD56BCAFDF2F14D473E013DF3CF,text,母亲非常重视待客，一定会想再添一道菜。\p
1930,game_t01938,０２０：１９９７年_15：巌谷と唯依の会話　５月３０日　.egpack,０２０：１９９７年_15：巌谷と唯依の会話　５月３０日　,旁白,0960042DCDB3F585790E220B483030B37F7C9FFB2FF7C491EFB742EF3B1770EA,text,——那就是篁家秘传的“土豆炖肉”。\p
1931,game_t01939,０２０：１９９７年_15：巌谷と唯依の会話　５月３０日　.egpack,０２０：１９９７年_15：巌谷と唯依の会話　５月３０日　,旁白,685F21BBFF4C9A41C655ABDF4C8400498632CC9D56968DB277513CC1B3B5AE16,text,母亲虽身为武家主母，却因为这是父亲最爱吃的菜，唯独土豆炖肉总会亲手做。\p
1932,game_t01940,０２０：１９９７年_15：巌谷と唯依の会話　５月３０日　.egpack,０２０：１９９７年_15：巌谷と唯依の会話　５月３０日　,旁白,57E4777BCC1AEC82ABE2A9CCD99A10AF536BA5C4EB4D6265AF4EEA1CA3E61049,text,岩谷叔叔也很喜欢母亲做的土豆炖肉，肯定是最好的款待。\p
1933,game_t01941,０２０：１９９７年_15：巌谷と唯依の会話　５月３０日　.egpack,０２０：１９９７年_15：巌谷と唯依の会話　５月３０日　,旁白,1D94FBD162EF222607C7CC7B9F12127E4BA4CE0F97CC9AFD06D901BBC3080A7F,text,所以我在这个时候提出由自己负责招待，对母亲来说也正中下怀！\p
1934,game_t01942,０２０：１９９７年_15：巌谷と唯依の会話　５月３０日　.egpack,０２０：１９９７年_15：巌谷と唯依の会話　５月３０日　,旁白,49115BE83B72B746E1F28A9262CBBCA9FFC81DB8048550092ED0FF9D98AAAF53,text,其实我也想请叔叔尝尝我做的土豆炖肉……\p
1935,game_t01943,０２０：１９９７年_15：巌谷と唯依の会話　５月３０日　.egpack,０２０：１９９７年_15：巌谷と唯依の会話　５月３０日　,旁白,2373987434855B42887CEC485ADE501F9067FFEF3EF3E52F27E73E7B0E402BAA,text,——但选择不做什么也很重要！\p
1936,game_t01944,０２０：１９９７年_15：巌谷と唯依の会話　５月３０日　.egpack,０２０：１９９７年_15：巌谷と唯依の会話　５月３０日　,旁白,471196635430A1920DF3B3CACE18F102039B45C546F07ABE2D1A6EF3739B2EB3,text,因为现在更重要的是不受任何人打扰，单独和叔叔谈话。\p
1937,game_t01945,０２０：１９９７年_15：巌谷と唯依の会話　５月３０日　.egpack,０２０：１９９７年_15：巌谷と唯依の会話　５月３０日　,唯依,44FC0FBF154CF0D40C0AE01522AA7872C1C9475F97BD899347D75C84CF4ABD66,text,「——刚才失礼了，岩谷中校。」\p
1938,game_t01946,０２０：１９９７年_15：巌谷と唯依の会話　５月３０日　.egpack,０２０：１９９７年_15：巌谷と唯依の会話　５月３０日　,巌谷中佐,EC15F9A7AF346DC82D1B78AE47F5FF954C69DF115BA72747758A0D07C3F0EE63,text,「——哈哈哈哈，这可太有意思了。不错不错，不愧是卫士候补生，真像样。」\p
1939,game_t01947,０２０：１９９７年_15：巌谷と唯依の会話　５月３０日　.egpack,０２０：１９９７年_15：巌谷と唯依の会話　５月３０日　,唯依,0C9D83DD075618C9124AC1E139E898E30E5699901E3A07D5A1FDAA1EC51A710F,text,「～～～～！！？？」\p
1940,game_t01948,０２０：１９９７年_15：巌谷と唯依の会話　５月３０日　.egpack,０２０：１９９７年_15：巌谷と唯依の会話　５月３０日　,旁白,5E79201267458B77C437248EB287605B156489391DE6EDE14920957C0DBA3F12,text,为、为什么会被笑，我完全搞不懂！难道我说了什么奇怪的话——\p
1941,game_t01949,０２０：１９９７年_15：巌谷と唯依の会話　５月３０日　.egpack,０２０：１９９７年_15：巌谷と唯依の会話　５月３０日　,巌谷中佐,56C9333B98E2B75DC94AB4D13BD394F69E991CA81587DBAA1389556F366279D0,text,「——难怪我也会变老啊，哈哈哈哈！！」\p
1942,game_t01950,０２０：１９９７年_15：巌谷と唯依の会話　５月３０日　.egpack,０２０：１９９７年_15：巌谷と唯依の会話　５月３０日　,唯依,01B3C1DC53AACF296DBECE8D96599A15C0D0900628A038DD7F469628EA747365,text,「叔、叔叔……真是的，总拿我开玩笑～～！！」\p
1943,game_t01951,０２０：１９９７年_15：巌谷と唯依の会話　５月３０日　.egpack,０２０：１９９７年_15：巌谷と唯依の会話　５月３０日　,巌谷中佐,709B9148080C93C815F500DC4B91DE677CFAB36637D3602FD2DB6FB7CB8349E4,text,「啊，果然这样才是我认识的唯依。你还只是候补生，别把什么事都想得太严肃。」\p
1944,game_t01952,０２０：１９９７年_15：巌谷と唯依の会話　５月３０日　.egpack,０２０：１９９７年_15：巌谷と唯依の会話　５月３０日　,旁白,EECEDF28534CF4BBFDA0658308525FA653DDEC04CBFE2F5973F2A51B0C56F9BA,text,真是的，我明明想让他看看自己成熟的一面……！\p
1945,game_t01953,０２０：１９９７年_15：巌谷と唯依の会話　５月３０日　.egpack,０２０：１９９７年_15：巌谷と唯依の会話　５月３０日　,巌谷中佐,5B9D3B21803902C9474E3D1D4EAB47E6BC3811387356641410A9180570CC45F5,text,「啊，对了——」\p
1946,game_t01954,０２０：１９９７年_15：巌谷と唯依の会話　５月３０日　.egpack,０２０：１９９７年_15：巌谷と唯依の会話　５月３０日　,唯依,85B6FD648034C6E550BC387F7FFC652BC80613214C53FB6BFA5778AF7043F0C8,text,「…\w…\w？」\p
1947,game_t01955,０２０：１９９７年_15：巌谷と唯依の会話　５月３０日　.egpack,０２０：１９９７年_15：巌谷と唯依の会話　５月３０日　,巌谷中佐,E3BBF5A70FB379DCD718B4037CC93DE531DCCF4A63B480C5C9A03968C3FF2D72,text,「——他说，希望你为了保护帝国国民，保重身体，认真训练。这是你父亲让我转告的话。」\p
1948,game_t01956,０２０：１９９７年_15：巌谷と唯依の会話　５月３０日　.egpack,０２０：１９９７年_15：巌谷と唯依の会話　５月３０日　,唯依,77CD73AB1B41181CCE1EC5DBB7F76D29342B527A1E95F638ACEC98C97802CA81,text,「谢谢。叔叔最近见过父亲吗？」\p
1949,game_t01957,０２０：１９９７年_15：巌谷と唯依の会話　５月３０日　.egpack,０２０：１９９７年_15：巌谷と唯依の会話　５月３０日　,巌谷中佐,3EE63997A7A7A5A0960E2AB3AE22382E3E546FD84B1CA53AC88A7D79CEC69039,text,「没有，只是昨天碰巧打过一次电话——」\p
1950,game_t01958,０２０：１９９７年_15：巌谷と唯依の会話　５月３０日　.egpack,０２０：１９９７年_15：巌谷と唯依の会話　５月３０日　,巌谷中佐,D41014CFEDADA0EA4765AD14B90EEF3A823943980B9AF449A6C6FCD7AF62E7FC,text,「我还说他，要是有话想对女儿讲，就自己写信或者打电话告诉你。」\p
1951,game_t01959,０２０：１９９７年_15：巌谷と唯依の会話　５月３０日　.egpack,０２０：１９９７年_15：巌谷と唯依の会話　５月３０日　,唯依,3BC75E9EFB15B295BE347383A70D0F27540378DB9199C19152984B22E8C1BD39,text,「哈哈，父亲不爱写信，也不擅长打电话。而且一旦专注起来，就会忘记时间。」\p
1952,game_t01960,０２０：１９９７年_15：巌谷と唯依の会話　５月３０日　.egpack,０２０：１９９７年_15：巌谷と唯依の会話　５月３０日　,巌谷中佐,861CC4943E3D6957EDA8F3CC3DB0027E05D9BCF05169842B9E7DD609FAA7EC2B,text,「他那边似乎也到了紧要关头，听说暂时得一直关在市谷了。」\p
1953,game_t01961,０２０：１９９７年_15：巌谷と唯依の会話　５月３０日　.egpack,０２０：１９９７年_15：巌谷と唯依の会話　５月３０日　,唯依,FFEEA4B8FC47BAA77A0D3434EC711D712DA79A1CCFDDAF76C78BB8180799C929,text,「这样啊……」\p
1954,game_t01962,０２０：１９９７年_15：巌谷と唯依の会話　５月３０日　.egpack,０２０：１９９７年_15：巌谷と唯依の会話　５月３０日　,旁白,5E40F0A6465E5AB0A84BE60233312E8D583D7F8213443BA93CABB6BCBC622120,text,父亲还是老样子啊……\p
1955,game_t01963,０２０：１９９７年_15：巌谷と唯依の会話　５月３０日　.egpack,０２０：１９９７年_15：巌谷と唯依の会話　５月３０日　,旁白,987433473899DDA4916681087DC6C2AD195C5935D67D1FA01E01FC09997D6F55,text,以前他经常把自己关进书房，不吃不喝，一连几天沉浸在研究开发中……\p
1956,game_t01964,０２０：１９９７年_15：巌谷と唯依の会話　５月３０日　.egpack,０２０：１９９７年_15：巌谷と唯依の会話　５月３０日　,旁白,5AEA724739B575F52D2A20FC29A187CF8A31E00D83B690A196D57A1896B15440,text,担心不已的母亲终于在第三天哭着数落了他……父亲当时只得连连低头赔不是……\p
1957,game_t01965,０２０：１９９７年_15：巌谷と唯依の会話　５月３０日　.egpack,０２０：１９９７年_15：巌谷と唯依の会話　５月３０日　,旁白,C055871AB3012827E472ECC1FBD181D8B6370B3E9B32E0D80BE91A590996C448,text,那种乍看像孩子的一面，其实与篁家的矜持相连。我真的为这样的父亲感到骄傲。\p
1958,game_t01966,０２０：１９９７年_15：巌谷と唯依の会話　５月３０日　.egpack,０２０：１９９７年_15：巌谷と唯依の会話　５月３０日　,唯依,E44ABB97166AD70059C712A1A40643171E27D7C31C2444EC281E944DCE05DE96,text,「不过，叔叔也很忙吧？我很担心您的身体。」\p
1959,game_t01967,０２０：１９９７年_15：巌谷と唯依の会話　５月３０日　.egpack,０２０：１９９７年_15：巌谷と唯依の会話　５月３０日　,巌谷中佐,359E74B2A353188458E560F379623B4B2A9B97A6BF0DBC41F39160CD2FE7EB93,text,「这个世道嘛，忙也是没办法的事。」\p
1960,game_t01968,０２０：１９９７年_15：巌谷と唯依の会話　５月３０日　.egpack,０２０：１９９７年_15：巌谷と唯依の会話　５月３０日　,唯依,73DE98D31DFAAA94C91CC43F92F3F32F662F9A80B1FCB6CCB0402A1F6698171F,text,「可是……」\p
1961,game_t01969,０２０：１９９７年_15：巌谷と唯依の会話　５月３０日　.egpack,０２０：１９９７年_15：巌谷と唯依の会話　５月３０日　,巌谷中佐,F5C3E2735204B3C3696E1F392164E06EFF91738D0060EB646F3329B46A13E8E9,text,「不只是我们这些搞开发的，最近斯卫军和帝国军也都忙得人仰马翻。」\p
1962,game_t01970,０２０：１９９７年_15：巌谷と唯依の会話　５月３０日　.egpack,０２０：１９９７年_15：巌谷と唯依の会話　５月３０日　,唯依,BFF91EC0059481A795B543FE27F7C8335D597179E7D659E71A14068FC6EED31A,text,「是因为大陆的战况吗？」\p
1963,game_t01971,０２０：１９９７年_15：巌谷と唯依の会話　５月３０日　.egpack,０２０：１９９７年_15：巌谷と唯依の会話　５月３０日　,旁白,9F555AC1DB5283F330C901FAA4D9658C725202F262D942F9DE4AB8530E59A3E4,text,糟了……也许这个问题涉及军事机密。\p
1964,game_t01972,０２０：１９９７年_15：巌谷と唯依の会話　５月３０日　.egpack,０２０：１９９７年_15：巌谷と唯依の会話　５月３０日　,巌谷中佐,38345DCA552259984D10802745B9CC6A164449A56D527E785F2593B195E9BC84,text,「——哈哈哈，居然问起‘战况’了！不愧是斯卫的卫士候补生。哎呀～唯依居然也会像大人一样问这种问题了～」\p
1965,game_t01973,０２０：１９９７年_15：巌谷と唯依の会話　５月３０日　.egpack,０２０：１９９７年_15：巌谷と唯依の会話　５月３０日　,唯依,B7C16ED535C7EBC9183D5AACD44764B901C4656A3C5E30D31A2A63987D55F6FC,text,「叔、叔叔～」\p
1966,game_t01974,０２０：１９９７年_15：巌谷と唯依の会話　５月３０日　.egpack,０２０：１９９７年_15：巌谷と唯依の会話　５月３０日　,巌谷中佐,B4C8AB6AEEB92C67A84E7433E9E1E7C9053414D5481906BEAE531AC97204ED50,text,「哇哈哈哈……！抱歉抱歉！」\p
1967,game_t01975,０２０：１９９７年_15：巌谷と唯依の会話　５月３０日　.egpack,０２０：１９９７年_15：巌谷と唯依の会話　５月３０日　,旁白,A9799DBDF33F74A5FB548562A50688236ED3FD4BD08FCFEAA481AC89FF573D29,text,真是的……又把我当小孩子。\p
1968,game_t01976,０２０：１９９７年_15：巌谷と唯依の会話　５月３０日　.egpack,０２０：１９９７年_15：巌谷と唯依の会話　５月３０日　,巌谷中佐,20578E770FD6210B76652806552D9502310384F6A4C033C22C7A6F44786B1A31,text,「说起来，恭喜你通过综战武。」\p
1969,game_t01977,０２０：１９９７年_15：巌谷と唯依の会話　５月３０日　.egpack,０２０：１９９７年_15：巌谷と唯依の会話　５月３０日　,唯依,2381A95BC52D78A98F8BE726D2C14DB5458964416A3F9AB21EE4D052F2BAFB01,text,「——咦？」\p
1970,game_t01978,０２０：１９９７年_15：巌谷と唯依の会話　５月３０日　.egpack,０２０：１９９７年_15：巌谷と唯依の会話　５月３０日　,旁白,CE5E7E4C467A73D9439BFECE79EB95B57E515344FC1D384E3346F347DC1907E8,text,难道叔叔……知道我们那场不争气的表现……？\p
1971,game_t01979,０２０：１９９７年_15：巌谷と唯依の会話　５月３０日　.egpack,０２０：１９９７年_15：巌谷と唯依の会話　５月３０日　,唯依,415ABA4A570D2016FCD2C685CA333AF025821AE80A40C9D7CCA1D01AD42644B4,text,「……谢、谢谢。不过叔叔已经发来贺电了……」\p
1972,game_t01980,０２０：１９９７年_15：巌谷と唯依の会話　５月３０日　.egpack,０２０：１９９７年_15：巌谷と唯依の会話　５月３０日　,巌谷中佐,70CDA08430832A78B60D29ACB3C18E073D38838BB2FC7FC94D427B072EF5E005,text,「因为还没当面祝贺嘛。你父亲也高兴得不得了。他至少有联系你吧？」\p
1973,game_t01981,０２０：１９９７年_15：巌谷と唯依の会話　５月３０日　.egpack,０２０：１９９７年_15：巌谷と唯依の会話　５月３０日　,唯依,59FE29552E3180AADC563F52E08AB4984C1E9AFAA3F4B69ACBD19A2A55BF7046,text,「啊，是的。他寄了信……还是快件。」\p
1974,game_t01982,０２０：１９９７年_15：巌谷と唯依の会話　５月３０日　.egpack,０２０：１９９７年_15：巌谷と唯依の会話　５月３０日　,巌谷中佐,0190C474522D766B833933450DD69475C9D93D53DB73FB8DD5FD7FD71161CCC0,text,「呵呵……这样啊，居然写了信。看来那家伙到底也还是个当父亲的啊。」\p
1975,game_t01983,０２０：１９９７年_15：巌谷と唯依の会話　５月３０日　.egpack,０２０：１９９７年_15：巌谷と唯依の会話　５月３０日　,唯依,FC1BB2D07B8CA4CB833A8FC775711F88FDC75DF9188537E5BF556C9021D9D39C,text,「…\w…\w…\w…\w」\p
1976,game_t01984,０２０：１９９７年_15：巌谷と唯依の会話　５月３０日　.egpack,０２０：１９９７年_15：巌谷と唯依の会話　５月３０日　,旁白,794BCC9F5CB2805B1F5F79F9D68E70286D21003F0A351BDA8DDC11E5F12323FD,text,岩谷家如今虽已被废家，叔叔也身在帝国军，但原本是谱代名门。而且叔叔还是斯卫军的传奇人物——\p
1977,game_t01985,０２０：１９９７年_15：巌谷と唯依の会話　５月３０日　.egpack,０２０：１９９７年_15：巌谷と唯依の会話　５月３０日　,旁白,4FB6778E311DE0A31A151FD6104DFB4DFD0AAD70881E60F8E7A2A53CE6F1225A,text,他曾以首席开发试验卫士身份与父亲共同参与瑞鹤开发，击落过美军F-15；奉派大陆期间也立下赫赫战功——\p
1978,game_t01986,０２０：１９９７年_15：巌谷と唯依の会話　５月３０日　.egpack,０２０：１９９７年_15：巌谷と唯依の会話　５月３０日　,旁白,E3BFBC3F7465D99BEE8736B75FB9E4372207A7D8BE5DA94FB3535172FE229EB9,text,只要叔叔有心，想知道山百合的成绩——\p
1979,game_t01987,０２０：１９９７年_15：巌谷と唯依の会話　５月３０日　.egpack,０２０：１９９７年_15：巌谷と唯依の会話　５月３０日　,巌谷中佐,D6B0C6B6B4440081067DFFC36FFBAEF62A27E3EEC6366401977EBC1C27E8A355,text,「——那么，差不多要开始实机训练课程了吧？你还要走读到什么时候？」\p
1980,game_t01988,０２０：１９９７年_15：巌谷と唯依の会話　５月３０日　.egpack,０２０：１９９７年_15：巌谷と唯依の会話　５月３０日　,旁白,56763053144D8EA2B17725E43E50085F0C9E0180BF7CEBF5D6A1C394E54274F6,text,咦……既然连这个都不知道……\p
1981,game_t01989,０２０：１９９７年_15：巌谷と唯依の会話　５月３０日　.egpack,０２０：１９９７年_15：巌谷と唯依の会話　５月３０日　,唯依,9B56BEB5EAB444A747ADC50F8B4DE76EB7E22076123A5967A09B42843C74C559,text,「是的，明天入住宿舍，后天开始课程。」\p
1982,game_t01990,０２０：１９９７年_15：巌谷と唯依の会話　５月３０日　.egpack,０２０：１９９７年_15：巌谷と唯依の会話　５月３０日　,巌谷中佐,6DED3D2390B066EECC81120BAC0F58C2A6A8062DBC5EFDECEB44B707419A6A73,text,「哎呀，那我真是来得不巧。居然打扰了你学生生活最后一次家人团聚。时机实在太差了。」\p
1983,game_t01991,０２０：１９９７年_15：巌谷と唯依の会話　５月３０日　.egpack,０２０：１９９７年_15：巌谷と唯依の会話　５月３０日　,唯依,9407B6164F3945E5BC71F2DFFD5FDA1F529C4BE912E8F281BBFBF9CE567E0CD1,text,「不、不会。叔叔就和家人一样，父亲和母亲也都是这样想的。」\p
1984,game_t01992,０２０：１９９７年_15：巌谷と唯依の会話　５月３０日　.egpack,０２０：１９９７年_15：巌谷と唯依の会話　５月３０日　,巌谷中佐,F853D766D67BD395F8C735BE684A6D9A676EBF4410B50A5012AC4015BD4933DA,text,「哈哈，那真让人高兴——」\p
1985,game_t01993,０２０：１９９７年_15：巌谷と唯依の会話　５月３０日　.egpack,０２０：１９９７年_15：巌谷と唯依の会話　５月３０日　,旁白,CD999FA5F2B784AA830FC786ECBEA65DAB0CF23960E6F6599F39195654B79EB0,text,是啊……这么忙的叔叔，不可能特意调取我这种人的成绩。\p
1986,game_t01994,０２０：１９９７年_15：巌谷と唯依の会話　５月３０日　.egpack,０２０：１９９７年_15：巌谷と唯依の会話　５月３０日　,旁白,A49FEAB75483BEB56EFFD313ED55CFF63E185C3CD74BCF019436C789C9B7C589,text,好丢脸……我实在太把自己当回事了……\p
1987,game_t01995,０２０：１９９７年_15：巌谷と唯依の会話　５月３０日　.egpack,０２０：１９９７年_15：巌谷と唯依の会話　５月３０日　,巌谷中佐,A4B32DB94F3A59EB2E95544E392D8A410108AC196F4FD7C2215BF61CA8ECE401,text,「卫士训练终于要进入正式阶段了。实机课程要做的事会增加好几倍。」\p
1988,game_t01996,０２０：１９９７年_15：巌谷と唯依の会話　５月３０日　.egpack,０２０：１９９７年_15：巌谷と唯依の会話　５月３０日　,唯依,A5C06EB2E82F655B60DE01CF4CD39FF6AAEF04B0B2B6359EA77355334D3DA234,text,「是。」\p
1989,game_t01997,０２０：１９９７年_15：巌谷と唯依の会話　５月３０日　.egpack,０２０：１９９７年_15：巌谷と唯依の会話　５月３０日　,巌谷中佐,F12CCCCC244DDE404E4F70CBB8EA64D38A767B3DD3D10265EF3B04B1D07ED22C,text,「不过，我们那个年代的卫士训练比现在从容得多，我也不好随便说什么……」\p
1990,game_t01998,０２０：１９９７年_15：巌谷と唯依の会話　５月３０日　.egpack,０２０：１９９７年_15：巌谷と唯依の会話　５月３０日　,旁白,09DD478D27D03FC9F265808164B74E0CAF14747E5185E4B2B61A25720ECFC445,text,对了……真田教官也说过，与过去相比，如今培养卫士的时间已经缩短。\p
1991,game_t01999,０２０：１９９７年_15：巌谷と唯依の会話　５月３０日　.egpack,０２０：１９９７年_15：巌谷と唯依の会話　５月３０日　,旁白,BF3AE3D9E437E8485F0191CFF1B40EA84501A720A70621E2FB16A4B32195089E,text,听说课程效率提高和机体进步的影响很大，但最主要的原因果然还是大陆战况……\p
1992,game_t02000,０２０：１９９７年_15：巌谷と唯依の会話　５月３０日　.egpack,０２０：１９９７年_15：巌谷と唯依の会話　５月３０日　,唯依,26C0B1A50827D9B19E9F849A64A994CFB53FBED2C0EC07141173723939DDE3C2,text,「我已经做好觉悟了。我会拼命训练，争取早日任官，早日驾驶叔叔和父亲共同研制的瑞鹤！」\p
1993,game_t02001,０２０：１９９７年_15：巌谷と唯依の会話　５月３０日　.egpack,０２０：１９９７年_15：巌谷と唯依の会話　５月３０日　,巌谷中佐,62090C5C14A3F6448264EA7ACE7664E7D43E49EDD11F9DA6AAD3F51DC5A206E9,text,「瑞鹤啊……嗯，是啊。」\p
1994,game_t02002,０２０：１９９７年_15：巌谷と唯依の会話　５月３０日　.egpack,０２０：１９９７年_15：巌谷と唯依の会話　５月３０日　,唯依,481E72D268F8FF99288D151D07C38141D4BE6214E39EEA613F42A70A08A6041B,text,「……叔叔？」\p
1995,game_t02003,０２０：１９９７年_15：巌谷と唯依の会話　５月３０日　.egpack,０２０：１９９７年_15：巌谷と唯依の会話　５月３０日　,巌谷中佐,5EDB33B6FE1A73FD07776421BCED2EC7938DBF2B41A432158E1D6FC4ECB9CBA8,text,「天空……真好啊……」\p
1996,game_t02004,０２０：１９９７年_15：巌谷と唯依の会話　５月３０日　.egpack,０２０：１９９７年_15：巌谷と唯依の会話　５月３０日　,巌谷中佐,1562277E71E24F6FAEA9E5DE87DBD00B409A521C6BF39772B72BA170EF2FB306,text,「尤其日本的天空很好。四季各有不同面貌……」\p
1997,game_t02005,０２０：１９９７年_15：巌谷と唯依の会話　５月３０日　.egpack,０２０：１９９７年_15：巌谷と唯依の会話　５月３０日　,唯依,9E3DA57A5128943E3EF5022F0D8D4475B95323DC24C5533C2EAFF7E561FEB1DB,text,「……是啊，确实如此。」\p
1998,game_t02006,０２０：１９９７年_15：巌谷と唯依の会話　５月３０日　.egpack,０２０：１９９７年_15：巌谷と唯依の会話　５月３０日　,旁白,D23CF8929E5A95150EEE3936FBED78CFB486C2DAB1D495B51473362D0CA22DC7,text,真的……好美……若不是叔叔提醒，我甚至从未注意过。\p
1999,game_t02007,０２０：１９９７年_15：巌谷と唯依の会話　５月３０日　.egpack,０２０：１９９７年_15：巌谷と唯依の会話　５月３０日　,唯依,FC1BB2D07B8CA4CB833A8FC775711F88FDC75DF9188537E5BF556C9021D9D39C,text,「…\w…\w…\w…\w」\p
2000,game_t02008,０２０：１９９７年_15：巌谷と唯依の会話　５月３０日　.egpack,０２０：１９９７年_15：巌谷と唯依の会話　５月３０日　,旁白,86F7B67C13CFC95B3D573732966567328D65F14347A354F57F642E4789348E8F,text,我一直只顾拼命处理眼前的事……视野不知不觉变得如此狭窄……\p
2001,game_t02009,０２０：１９９７年_15：巌谷と唯依の会話　５月３０日　.egpack,０２０：１９９７年_15：巌谷と唯依の会話　５月３０日　,巌谷中佐,33D67A09EF3CC4DE7C1798F0A57C9CB5F6A74731337CCE886960C352CB89DFB4,text,「绝不能让BETA任意践踏这个拥有美丽四季的国家。」\p
2002,game_t02010,０２０：１９９７年_15：巌谷と唯依の会話　５月３０日　.egpack,０２０：１９９７年_15：巌谷と唯依の会話　５月３０日　,唯依,2A8DE7E56DA6AC9B53F3203443F4F9B8D38013E2FBA4A5DD4B43AD35ABFDA7F5,text,「是。要阻止它们，就需要尽可能多的优秀战术机。叔叔和父亲也一直在为此努力。」\p
2003,game_t02011,０２０：１９９７年_15：巌谷と唯依の会話　５月３０日　.egpack,０２０：１９９７年_15：巌谷と唯依の会話　５月３０日　,唯依,CF0EC5AEBEDE2BA42803DF5FDD3E1324F1650F532B0AED9560A3EFB17D548C6F,text,「所以我也会继续磨炼本领——既是为了报答叔叔与父亲的恩情，也是为了回应你们在机体开发上的付出！」\p
2004,game_t02012,０２０：１９９７年_15：巌谷と唯依の会話　５月３０日　.egpack,０２０：１９９７年_15：巌谷と唯依の会話　５月３０日　,唯依,A0EAAD63756A15B065F430AF6D94F32B0E7826F1AA2FF6F46C527D310862E096,text,「——然后尽快成为独当一面的卫士，守护陛下与殿下，守护日本！！」\p
2005,game_t02013,０２０：１９９７年_15：巌谷と唯依の会話　５月３０日　.egpack,０２０：１９９７年_15：巌谷と唯依の会話　５月３０日　,巌谷中佐,4AC064C207858752B194200968488D7A0861A960664F3CF985049C2E8468052C,text,「……不，不是这样的。」\p
2006,game_t02014,０２０：１９９７年_15：巌谷と唯依の会話　５月３０日　.egpack,０２０：１９９７年_15：巌谷と唯依の会話　５月３０日　,唯依,4FBD4A7E6EF3417B05446EC9C2493AADB9917075238CC62484C83C2F307FF390,text,「……咦？」\p
2007,game_t02015,０２０：１９９７年_15：巌谷と唯依の会話　５月３０日　.egpack,０２０：１９９７年_15：巌谷と唯依の会話　５月３０日　,巌谷中佐,53A00E6A2EFD8DEDDA26FCDD38227DA122EA74252968D3068BC5BC8F91827D81,text,「……不是这样的，唯依。」\p
2008,game_t02016,０２０：１９９７年_15：巌谷と唯依の会話　５月３０日　.egpack,０２０：１９９７年_15：巌谷と唯依の会話　５月３０日　,旁白,F292CFFD5924A0C18863E6CBE598F14A9630940B6EB14EBC800C0FAB15829C4E,text,叔叔……为什么露出那么寂寞的神情……？\p
2009,game_t02017,０２０：１９９７年_15：巌谷と唯依の会話　５月３０日　.egpack,０２０：１９９７年_15：巌谷と唯依の会話　５月３０日　,巌谷中佐,A71151BCE498DD54636D58F91C451E752D7DFECD8345D943328EB7FA84F77C4C,text,「之所以需要优秀的武器和战术机，本来是为了不必把唯依这样的年轻人送上战场。」\p
2010,game_t02018,０２０：１９９７年_15：巌谷と唯依の会話　５月３０日　.egpack,０２０：１９９７年_15：巌谷と唯依の会話　５月３０日　,巌谷中佐,FA15C5DDADD437A25CA6B783B90C20B5641929D2215E646B818017A112F60E1E,text,「你父亲、叔叔我……所有大人，都是怀着这个愿望努力的。」\p
2011,game_t02019,０２０：１９９７年_15：巌谷と唯依の会話　５月３０日　.egpack,０２０：１９９７年_15：巌谷と唯依の会話　５月３０日　,唯依,198EA5B056DA2D858B6F37B8C4790ED7D2AC1CBF3F76D234B1258A280464D94A,text,「……是。」\p
2012,game_t02020,０２０：１９９７年_15：巌谷と唯依の会話　５月３０日　.egpack,０２０：１９９７年_15：巌谷と唯依の会話　５月３０日　,旁白,73F59C5F17124991BFF26EFC6A2FACE99224080ECD072E6F9CCDA27945BE9D0D,text,小泽中将也说过类似的话……\p
2013,game_t02021,０２０：１９９７年_15：巌谷と唯依の会話　５月３０日　.egpack,０２０：１９９７年_15：巌谷と唯依の会話　５月３０日　,旁白,89A8656B489A7069AD4B0890CEA8646F6F81835DC71272284FD96613987A4DB0,text,叔叔和父亲，是否也和小泽中将一样，肩负着那份责任呢？\p
2014,game_t02022,０２０：１９９７年_15：巌谷と唯依の会話　５月３０日　.egpack,０２０：１９９７年_15：巌谷と唯依の会話　５月３０日　,旁白,E90955C4EF004F8FDF72CF7DAE3FA473F19EE609CBFB17E2BB56878D072634BE,text,可是，BETA的侵略不是叔叔的——不，不是任何人的错。\p
2015,game_t02023,０２０：１９９７年_15：巌谷と唯依の会話　５月３０日　.egpack,０２０：１９９７年_15：巌谷と唯依の会話　５月３０日　,旁白,AE3B0E47F1BDFAB04AA367F0F997A1F4FCC2EAF9DBCBB6A696671A991A70744E,text,何况，赌上性命迎击那股危害帝国的蛮横暴力，本就是生于武家之人的宿命。\p
2016,game_t02024,０２０：１９９７年_15：巌谷と唯依の会話　５月３０日　.egpack,０２０：１９９７年_15：巌谷と唯依の会話　５月３０日　,旁白,536FB7FBC77ECC1344F34255B451008F1AA7F4156284883BB529A7B2130725CE,text,我当时究竟应该怎样回答呢……\p
2017,game_t02025,０２０：１９９７年_15：巌谷と唯依の会話　５月３０日　.egpack,０２０：１９９７年_15：巌谷と唯依の会話　５月３０日　,巌谷中佐,0F511E30E2C41257E58F055694CC2483A6E95D255170354C2899F35DCB9EE67A,text,「……好了，本来只准备来露个面，却因为这里太舒服，不知不觉待了这么久。我也该告辞了。」\p
2018,game_t02026,０２０：１９９７年_15：巌谷と唯依の会話　５月３０日　.egpack,０２０：１９９７年_15：巌谷と唯依の会話　５月３０日　,唯依,4CF579435841FDAAB497375AAA2D69C5997A8BDBD7F30B84EF50598C3E10B2CB,text,「——咦？您不留下吃晚饭吗？」\p
2019,game_t02027,０２０：１９９７年_15：巌谷と唯依の会話　５月３０日　.egpack,０２０：１９９７年_15：巌谷と唯依の会話　５月３０日　,巌谷中佐,8A66FAE6E76F88F626277173B557E03F73D5A0777660B0BE26A32FDCBDB7B423,text,「嗯，我之后还有一件要紧事。在那之前，也有些事情想先办妥。」\p
2020,game_t02028,０２０：１９９７年_15：巌谷と唯依の会話　５月３０日　.egpack,０２０：１９９７年_15：巌谷と唯依の会話　５月３０日　,唯依,2BC815394927500BE8FB782D821894EB4DF2F1FB56A4D985899DA673DD61EFF7,text,「这样啊……母亲也会很遗憾。她还准备了土豆炖肉，想请叔叔尝尝……」\p
2021,game_t02029,０２０：１９９７年_15：巌谷と唯依の会話　５月３０日　.egpack,０２０：１９９７年_15：巌谷と唯依の会話　５月３０日　,巌谷中佐,66680A1839B7266EE94669C0583509A4318A42761594CC47EB7E36FDCEC266F1,text,「啊～吃不到篁家引以为傲的土豆炖肉，实在很遗憾。原来如此，所以栴纳刚才才会中途离席……」\p
2022,game_t02030,０２０：１９９７年_15：巌谷と唯依の会話　５月３０日　.egpack,０２０：１９９７年_15：巌谷と唯依の会話　５月３０日　,巌谷中佐,4B2448ED520BBD9474E730AAB9EB0145F50E16B86B84300CC9B7FF9247C28ECE,text,「哎呀……那我就更过意不去了。」\p
2023,game_t02031,０２０：１９９７年_15：巌谷と唯依の会話　５月３０日　.egpack,０２０：１９９７年_15：巌谷と唯依の会話　５月３０日　,唯依,1D136DF58D9737FB7FC83A81D704487190A7BF4F559C2A1AC34CED8954907FC0,text,「那个，叔叔。您会在京都待几天？方便的话，明天也可以再来……」\p
2024,game_t02032,０２０：１９９７年_15：巌谷と唯依の会話　５月３０日　.egpack,０２０：１９９７年_15：巌谷と唯依の会話　５月３０日　,巌谷中佐,8D585D024F921294EB1B7918FE598D5A3E52D903D9813B22F808CC818CA19447,text,「抱歉。事情一办完，我就要立刻赶回东京。」\p
2025,game_t02033,０２０：１９９７年_15：巌谷と唯依の会話　５月３０日　.egpack,０２０：１９９７年_15：巌谷と唯依の会話　５月３０日　,唯依,A72BB4E641E6DD37E9E91872EE5F89788A7FEBE4D57436AAF7EBBC2A025D749B,text,「是……这样啊。」\p
2026,game_t02034,０２０：１９９７年_15：巌谷と唯依の会話　５月３０日　.egpack,０２０：１９９７年_15：巌谷と唯依の会話　５月３０日　,旁白,1F7C39F8102D54FDEF29B90A49444A25608BE439004908A0B76A4903AA716D05,text,我又犯了同样的错……\p
2027,game_t02035,０２０：１９９７年_15：巌谷と唯依の会話　５月３０日　.egpack,０２０：１９９７年_15：巌谷と唯依の会話　５月３０日　,旁白,CEC29E0DB56B2DA04AE9184248FB1BF955659C08DD7163E89AACDF1F2895629A,text,叔叔是帝国军高级军官，又身居新兵器开发要职，本来就不可能在执行军务期间，到熟人家里游玩。\p
2028,game_t02036,０２０：１９９７年_15：巌谷と唯依の会話　５月３０日　.egpack,０２０：１９９７年_15：巌谷と唯依の会話　５月３０日　,旁白,F00E296AFE1A780172A0D8B28670B287B3AF98C11BC08AD8D705F32F3A2185DE,text,反而是今天才格外特别。他挤出繁忙工作中的空隙前来——正因如此，才会来得这么突然。\p
2029,game_t02037,０２０：１９９７年_15：巌谷と唯依の会話　５月３０日　.egpack,０２０：１９９７年_15：巌谷と唯依の会話　５月３０日　,巌谷中佐,7E194B7D9179DB65D9CBBCCBA33AE14C6F03DE0A8EF629B5D3B9A1B68A41A238,text,「——对了。作为打扰你们一家团聚的赔礼，我给你一条建议。」\p
2030,game_t02038,０２０：１９９７年_15：巌谷と唯依の会話　５月３０日　.egpack,０２０：１９９７年_15：巌谷と唯依の会話　５月３０日　,唯依,220D2DE9E6422EF44FC7A6669D759980BC8B9F8595C3090012C3A29C0C86FEF4,text,「咦……」\p
2031,game_t02039,０２０：１９９７年_15：巌谷と唯依の会話　５月３０日　.egpack,０２０：１９９７年_15：巌谷と唯依の会話　５月３０日　,巌谷中佐,DC3061310AB02F8080363613787522620FE1C5C2BCEB6064D3E6E2ECF1CD3C19,text,「人只会按照自己希望的方式去理解事物。无论亲眼看见怎样的事实也一样。」\p
2032,game_t02040,０２０：１９９７年_15：巌谷と唯依の会話　５月３０日　.egpack,０２０：１９９７年_15：巌谷と唯依の会話　５月３０日　,唯依,6CF9F38F09E25F2438B138087AE341619AF970997E28604ED734D1101EB0D95D,text,「啊，是……」\p
2033,game_t02041,０２０：１９９７年_15：巌谷と唯依の会話　５月３０日　.egpack,０２０：１９９７年_15：巌谷と唯依の会話　５月３０日　,巌谷中佐,930D193E87B8006C1317FBFA5FB5F93DCCE3B61442CA97613F6D2D28D021B1CA,text,「——所以，不必把每件事都想得太深、看得太重。稍微松一点，反而正好。」\p
2034,game_t02042,０２０：１９９７年_15：巌谷と唯依の会話　５月３０日　.egpack,０２０：１９９７年_15：巌谷と唯依の会話　５月３０日　,唯依,FC1BB2D07B8CA4CB833A8FC775711F88FDC75DF9188537E5BF556C9021D9D39C,text,「…\w…\w…\w…\w」\p
2035,game_t02043,０２０：１９９７年_15：巌谷と唯依の会話　５月３０日　.egpack,０２０：１９９７年_15：巌谷と唯依の会話　５月３０日　,巌谷中佐,561694B200FFAAD035C4C2054D0D4A4BA75BE7CE2386D26219D5F7E439930FFF,text,「无论人还是战术机，若没有一点放松和余量，都会变得脆弱。」\p
2036,game_t02044,０２０：１９９７年_16：巌谷の悠陽への謁見　数時間後.egpack,０２０：１９９７年_16：巌谷の悠陽への謁見　数時間後,女官,57D01E7B9C9F6CD0C4D40EC19A1B957E205DB9C27370B900815D827A80EE74B9,text,「——欢迎您的到来。请往这边走。」\p
2037,game_t02045,０２０：１９９７年_16：巌谷の悠陽への謁見　数時間後.egpack,０２０：１９９７年_16：巌谷の悠陽への謁見　数時間後,巌谷中佐,1BF2D607050BA5D76457CC5B1ABAA77AC09BAF4B367A05B18F28A113DAAAFA4C,text,「嗯……」\p
2038,game_t02046,０２０：１９９７年_16：巌谷の悠陽への謁見　数時間後.egpack,０２０：１９９７年_16：巌谷の悠陽への謁見　数時間後,旁白,EF93CB08881BC72DFB1569E79983D085BCD4773070FC37C58969AEBCDAB884FE,text,哼——毫无破绽。大概相当于御庭番吧。若真如此，只凭双手瞬间取我性命，想必也轻而易举。\p
2039,game_t02047,０２０：１９９７年_16：巌谷の悠陽への謁見　数時間後.egpack,０２０：１９９７年_16：巌谷の悠陽への謁見　数時間後,女官,FC1BB2D07B8CA4CB833A8FC775711F88FDC75DF9188537E5BF556C9021D9D39C,text,「…\w…\w…\w…\w」\p
2040,game_t02048,０２０：１９９７年_16：巌谷の悠陽への謁見　数時間後.egpack,０２０：１９９７年_16：巌谷の悠陽への謁見　数時間後,旁白,CBE9BA882D87448D23D764C86B9A25B4918A9ED447FBB5A7D676E8AB525311E7,text,没想到我竟也有机会造访五摄家一族的宅邸。\p
2041,game_t02049,０２０：１９９７年_16：巌谷の悠陽への謁見　数時間後.egpack,０２０：１９９７年_16：巌谷の悠陽への謁見　数時間後,旁白,4F2ECD9A7250A0F6F1C9219A850034633CB76179761035ACEDFBD1F1FD742FA6,text,煌武院悠阳——究竟是怎样的人物……\p
2042,game_t02050,０２０：１９９７年_16：巌谷の悠陽への謁見　数時間後.egpack,０２０：１９９７年_16：巌谷の悠陽への謁見　数時間後,旁白,AFF25330C3FF6AA530030109890A98BD7DB90C6BBA12181C275D6812FD533550,text,我们通过密使来往数次，终于得以会面，但许多事情不直接交谈便无法判断。\p
2043,game_t02051,０２０：１９９７年_16：巌谷の悠陽への謁見　数時間後.egpack,０２０：１９９７年_16：巌谷の悠陽への謁見　数時間後,旁白,BF88AE8E7C91B33DD71F135C92D478101AD6665D7F6CD4332C1EA9C40D59ED0F,text,我忧虑帝国前途，不惜背负逆贼骂名而拟定的秘策——她究竟是否值得托付……\p
2044,game_t02052,０２０：１９９７年_16：巌谷の悠陽への謁見　数時間後.egpack,０２０：１９９７年_16：巌谷の悠陽への謁見　数時間後,巌谷中佐,FC1BB2D07B8CA4CB833A8FC775711F88FDC75DF9188537E5BF556C9021D9D39C,text,「…\w…\w…\w…\w」\p
2045,game_t02053,０２０：１９９７年_16：巌谷の悠陽への謁見　数時間後.egpack,０２０：１９９７年_16：巌谷の悠陽への謁見　数時間後,旁白,EB78A9DB1C1C92EA251EC5A7C12E04852668A24379FE5D2ECF5028C64179F5A9,text,——就让我看个清楚吧。\p
2046,game_t02054,０２０：１９９７年_16：巌谷の悠陽への謁見　数時間後.egpack,０２０：１９９７年_16：巌谷の悠陽への謁見　数時間後,旁白,1969EE997F93840783C2A948C7DB4A751496D7787288EDD7BAAE85E7795BEB9A,text,……看来我相当紧张。哼——真可笑。好歹曾是斯卫，身体还是记得这一套吗。\p
2047,game_t02055,０２０：１９９７年_16：巌谷の悠陽への謁見　数時間後.egpack,０２０：１９９７年_16：巌谷の悠陽への謁見　数時間後,煌武院家当主,780F4822C7F34031C1BB23E5D45393389580534E6A82175F811E5807A770DC7E,text,「让您久等了——请抬起头来。」\p
2048,game_t02056,０２０：１９９７年_16：巌谷の悠陽への謁見　数時間後.egpack,０２０：１９９７年_16：巌谷の悠陽への謁見　数時間後,旁白,B6C6D4D295CD03937F0FEDCC0926A30630C14212AAFC6ACB9B9583EA52533CC7,text,和唯依差不多年纪啊……\p
2049,game_t02057,０２０：１９９７年_16：巌谷の悠陽への謁見　数時間後.egpack,０２０：１９９７年_16：巌谷の悠陽への謁見　数時間後,巌谷中佐,191EAAAE4BE51AB0FFFEE9A40F11111A339BDEA162CCD053913B5C26349AD072,text,「在下是帝国陆军技术厂第一开发局副局长，岩谷荣二中校。家主大人——」\p
2050,game_t02058,０２０：１９９７年_16：巌谷の悠陽への謁見　数時間後.egpack,０２０：１９９７年_16：巌谷の悠陽への謁見　数時間後,煌武院悠陽,277F0E0E751932A857154704B2F2FCFEFE9BD70C652D4A5FF4FEE62C7623B342,text,「——不必多礼，岩谷中校。」\p
2051,game_t02059,０２０：１９９７年_16：巌谷の悠陽への謁見　数時間後.egpack,０２０：１９９７年_16：巌谷の悠陽への謁見　数時間後,巌谷中佐,B3BE286AFA36A61406FC0C82109A163811F4DE27DE674988F6A097540683F8C4,text,「——是。」\p
2052,game_t02060,０２０：１９９７年_16：巌谷の悠陽への謁見　数時間後.egpack,０２０：１９９７年_16：巌谷の悠陽への謁見　数時間後,煌武院悠陽,6974DCFF34233A5E560C5BF46632F6936BCB96CBAC1E34DE2D6EDA0F6C807676,text,「……只是我身受旧例束缚，不得不坐在上座，还请您原谅。」\p
2053,game_t02061,０２０：１９９７年_16：巌谷の悠陽への謁見　数時間後.egpack,０２０：１９９７年_16：巌谷の悠陽への謁見　数時間後,旁白,25FF84CB5FD1C504AA19DAF73DD74F2A4947879C3923437E2BF53F49B074BBDD,text,原来如此，传闻果然不假——完全不像未成年人会有的措辞、用词和举止……\p
2054,game_t02062,０２０：１９９７年_16：巌谷の悠陽への謁見　数時間後.egpack,０２０：１９９７年_16：巌谷の悠陽への謁見　数時間後,巌谷中佐,FCECAEA4578BEA3AD9ABF283D191C0DB8C55FF69380BD93C44CB5C4ABB0503E0,text,「——是！」\p
2055,game_t02063,０２０：１９９７年_16：巌谷の悠陽への謁見　数時間後.egpack,０２０：１９９７年_16：巌谷の悠陽への謁見　数時間後,旁白,5C6837FE134911D5D35F6FECC9039B04CD7391609CB6722A3372F31AF02F402A,text,这就是煌武院悠阳……既然她希望我说话随意一些——\p
2056,game_t02064,０２０：１９９７年_16：巌谷の悠陽への謁見　数時間後.egpack,０２０：１９９７年_16：巌谷の悠陽への謁見　数時間後,煌武院悠陽,D52181B4C94F84F36B04315D56F16267D41B34CD36D92902DB48E5A934370245,text,「百忙之中将您请来，我深感抱歉。」\p
2057,game_t02065,０２０：１９９７年_16：巌谷の悠陽への謁見　数時間後.egpack,０２０：１９９７年_16：巌谷の悠陽への謁見　数時間後,巌谷中佐,46E940DD94735D5606460C5B9D7B0281FB6E4B4556012AF7DA36C320D87F2DFC,text,「不，是我提出想与您当面会谈。况且我也正想趁久违来一趟，看看京都的情形，于我反而正好。」\p
2058,game_t02066,０２０：１９９７年_16：巌谷の悠陽への謁見　数時間後.egpack,０２０：１９９７年_16：巌谷の悠陽への謁見　数時間後,煌武院悠陽,2100770E4BDD63BF17B46404BE1175BE6932FC01CBF31B1F856EF5284A1ED99B,text,「那么，您今夜所为何事？」\p
2059,game_t02067,０２０：１９９７年_16：巌谷の悠陽への謁見　数時間後.egpack,０２０：１９９７年_16：巌谷の悠陽への謁見　数時間後,巌谷中佐,1C560352B8007773717DC2A55D856857FA8308DC96B3223E9E5688FE9FC8A303,text,「是。首先，想请您看看前些日子所提方案的进展……」\p
2060,game_t02068,０２０：１９９７年_16：巌谷の悠陽への謁見　数時間後.egpack,０２０：１９９７年_16：巌谷の悠陽への謁見　数時間後,秘書官,BC590C24622D751A1C6A9895E73AB8FCA563E90B9FDA5E5DB6AA703391616D87,text,「请收下。」\p
2061,game_t02069,０２０：１９９７年_16：巌谷の悠陽への謁見　数時間後.egpack,０２０：１９９７年_16：巌谷の悠陽への謁見　数時間後,女官,3B1E33C62E03BF6AF329FE747D10CF4CF9E4A1FB76B8CB0438C4B87773AA4A77,text,「我先代为收下。」\p
2062,game_t02070,０２０：１９９７年_16：巌谷の悠陽への謁見　数時間後.egpack,０２０：１９９７年_16：巌谷の悠陽への謁見　数時間後,女官,122CDA73B4FC2F535F39457734F965CD59E4805AA253307A698558A9BB4C8410,text,「家主大人，请过目。」\p
2063,game_t02071,０２０：１９９７年_16：巌谷の悠陽への謁見　数時間後.egpack,０２０：１９９７年_16：巌谷の悠陽への謁見　数時間後,旁白,8FE9E2E962FEF4922EFA2C07CC102AA7CAE158796DAC92C5C528513792002FDB,text,这份文件比此前往来的内容深入了好几个层次。其中甚至把足以从国内问题演变为国际问题的非法手段，也列作了备选。\p
2064,game_t02072,０２０：１９９７年_16：巌谷の悠陽への謁見　数時間後.egpack,０２０：１９９７年_16：巌谷の悠陽への謁見　数時間後,巌谷中佐,FC1BB2D07B8CA4CB833A8FC775711F88FDC75DF9188537E5BF556C9021D9D39C,text,「…\w…\w…\w…\w」\p
2065,game_t02073,０２０：１９９７年_16：巌谷の悠陽への謁見　数時間後.egpack,０２０：１９９７年_16：巌谷の悠陽への謁見　数時間後,旁白,06C88D09EAE366A5B75559F56F987B3B8FBDFDF36EFF249099FE498C430B8136,text,可就连这些信息，也只触及表层……\p
2066,game_t02074,０２０：１９９７年_16：巌谷の悠陽への謁見　数時間後.egpack,０２０：１９９７年_16：巌谷の悠陽への謁見　数時間後,旁白,418E31003F12492CBDEF838A2A519222E9746D103BC1413B0909429CEBCE5EE6,text,如果她看到这些就流露出一丝动摇，我便绝不可能向她透露真正的打算……\p
2067,game_t02075,０２０：１９９７年_16：巌谷の悠陽への謁見　数時間後.egpack,０２０：１９９７年_16：巌谷の悠陽への謁見　数時間後,煌武院悠陽,FC1BB2D07B8CA4CB833A8FC775711F88FDC75DF9188537E5BF556C9021D9D39C,text,「…\w…\w…\w…\w」\p
2068,game_t02076,０２０：１９９７年_16：巌谷の悠陽への謁見　数時間後.egpack,０２０：１９９７年_16：巌谷の悠陽への謁見　数時間後,旁白,CFE08B292C3F4F74F007BE1B62335B9FC4E498D9771324928C841B734C401B1B,text,——原来如此，胆识足够。第一道关卡，姑且算她通过了。\p
2069,game_t02077,０２０：１９９７年_16：巌谷の悠陽への謁見　数時間後.egpack,０２０：１９９７年_16：巌谷の悠陽への謁見　数時間後,煌武院悠陽,2421B4582F1A9E9745C53B6D61EF08682E85833867D9FE7BE4AC2B3AA4AF7AB1,text,「——兵贵胜，不贵久。」\p
2070,game_t02078,０２０：１９９７年_16：巌谷の悠陽への謁見　数時間後.egpack,０２０：１９９７年_16：巌谷の悠陽への謁見　数時間後,巌谷中佐,DA64A5FC088F30A93D813F38ECB5EA085C2918A605BE821B80E1504134C6A158,text,「……《孙子》啊。」\p
2071,game_t02079,０２０：１９９７年_16：巌谷の悠陽への謁見　数時間後.egpack,０２０：１９９７年_16：巌谷の悠陽への謁見　数時間後,旁白,CCCD0C8B127F6742BE62E526AB0934D4FEFC125D737579FFC0746081A84FAFFD,text,原来如此，这个少女已经思考到了这种地步……\p
2072,game_t02080,０２０：１９９７年_16：巌谷の悠陽への謁見　数時間後.egpack,０２０：１９９７年_16：巌谷の悠陽への謁見　数時間後,旁白,E2B3D53963345A21836F3A38B9BF3223D2DF6DB3C280AD5A941793711CC5AF0B,text,无法避免的战争必须取胜，但为维护国家的整体利益，应避免陷入持久战。不要受既有价值观与羁绊束缚，务必实现这一点——\p
2073,game_t02081,０２０：１９９７年_16：巌谷の悠陽への謁見　数時間後.egpack,０２０：１９９７年_16：巌谷の悠陽への謁見　数時間後,旁白,5BBB2780FD447A5838FEF33D19908905596AE36E8FF4FFA94AE8581947FD93A7,text,这就是未来国军最高统帅的命令吗……\p
2074,game_t02082,０２０：１９９７年_16：巌谷の悠陽への謁見　数時間後.egpack,０２０：１９９７年_16：巌谷の悠陽への謁見　数時間後,旁白,392709BCE045D37D8CD85C3C11C66E7D6AE5A3E9E17EC6250F57A1EA0351C509,text,在此基础上，她还向我发问：那么，你准备怎么做……\p
2075,game_t02083,０２０：１９９７年_16：巌谷の悠陽への謁見　数時間後.egpack,０２０：１９９７年_16：巌谷の悠陽への謁見　数時間後,巌谷中佐,FC1BB2D07B8CA4CB833A8FC775711F88FDC75DF9188537E5BF556C9021D9D39C,text,「…\w…\w…\w…\w」\p
2076,game_t02084,０２０：１９９７年_16：巌谷の悠陽への謁見　数時間後.egpack,０２０：１９９７年_16：巌谷の悠陽への謁見　数時間後,旁白,9BFAC0A2A9B8D05FAC4905B6173C25260FED97E0E060E42D978E528AD3850533,text,看穿本质并不需要时间。关键只在于，试图看穿它的人究竟是不是“真货”。\p
2077,game_t02085,０２０：１９９７年_16：巌谷の悠陽への謁見　数時間後.egpack,０２０：１９９７年_16：巌谷の悠陽への謁見　数時間後,巌谷中佐,F509BEFBEB82E3951A35DE1C83B4529B8D4E404090A203CEAB042D9748AF1362,text,「——是。愿赌上性命。」\p
2078,game_t02086,０２０：１９９７年_16：巌谷の悠陽への謁見　数時間後.egpack,０２０：１９９７年_16：巌谷の悠陽への謁見　数時間後,煌武院悠陽,C3C0929BD064BF0AD60AFBF94A4C38D93A716172F75345C9C7DAAD9B7D5025A8,text,「那么，这项计划由我承接。我以煌武院之名保证，必将倾尽全力。」\p
2079,game_t02087,０２０：１９９７年_16：巌谷の悠陽への謁見　数時間後.egpack,０２０：１９９７年_16：巌谷の悠陽への謁見　数時間後,巌谷中佐,B3BE286AFA36A61406FC0C82109A163811F4DE27DE674988F6A097540683F8C4,text,「——是。」\p
2080,game_t02088,０２０：１９９７年_16：巌谷の悠陽への謁見　数時間後.egpack,０２０：１９９７年_16：巌谷の悠陽への謁見　数時間後,旁白,8F1C898D5D3CA04C413896509E60653D98EFD924DBEE2CFFEF69420F1979FE9B,text,——看来我这边也算通过了第一道关卡……\p
2081,game_t02089,０２０：１９９７年_16：巌谷の悠陽への謁見　数時間後.egpack,０２０：１９９７年_16：巌谷の悠陽への謁見　数時間後,旁白,9E27B0ABF6935D28A37FB92D91357269E18A7B52D24D395414D433EBAF44B780,text,这样一来，计划总算有了眉目。只要能取得美国独占的、源自BETA的技术，之后便——\p
2082,game_t02090,０２０：１９９７年_16：巌谷の悠陽への謁見　数時間後.egpack,０２０：１９９７年_16：巌谷の悠陽への謁見　数時間後,巌谷中佐,FC1BB2D07B8CA4CB833A8FC775711F88FDC75DF9188537E5BF556C9021D9D39C,text,「…\w…\w…\w…\w」\p
2083,game_t02091,０２０：１９９７年_16：巌谷の悠陽への謁見　数時間後.egpack,０２０：１９９７年_16：巌谷の悠陽への謁見　数時間後,旁白,06DB2E513D90E1C4447079785530DA7A05248FEC3566D8BF6DACC21DDDCD08B8,text,不行……现在高兴还太早。\p
2084,game_t02092,０２０：１９９７年_16：巌谷の悠陽への謁見　数時間後.egpack,０２０：１９９７年_16：巌谷の悠陽への謁見　数時間後,旁白,F080BCB2C29B140375C82FEF5969EC89ACAE3722753CE36CF1BC068543839AF5,text,煌武院家主的决心无疑是真实的，但现实层面仍不过是一张空头支票。\p
2085,game_t02093,０２０：１９９７年_16：巌谷の悠陽への謁見　数時間後.egpack,０２０：１９９７年_16：巌谷の悠陽への謁見　数時間後,旁白,851986CAFD1CD6D5B776AD741357BBE5C135B10FC7654579FB75E0C8E97EAB53,text,如果煌武院家实际上不采取行动，就毫无意义。\p
2086,game_t02094,０２０：１９９７年_16：巌谷の悠陽への謁見　数時間後.egpack,０２０：１９９７年_16：巌谷の悠陽への謁見　数時間後,旁白,C829325293FC2CA6A707FED01A36B1A0221496FF1E3063CB5E7288CB06F4A207,text,话虽如此，计划仍处黎明阶段，而且这种急速进展本来就出乎预料。\p
2087,game_t02095,０２０：１９９７年_16：巌谷の悠陽への謁見　数時間後.egpack,０２０：１９９７年_16：巌谷の悠陽への謁見　数時間後,旁白,EA917EC5F4D3F21D2901BA3F1E54C9751E876CB8EFCD9003EA4D382786DF0A4A,text,考虑到事情的严重性和对方承担的风险，我原以为说服她至少要一周……\p
2088,game_t02096,０２０：１９９７年_16：巌谷の悠陽への謁見　数時間後.egpack,０２０：１９９７年_16：巌谷の悠陽への謁見　数時間後,旁白,18C1E6B1F3F18D81203B83F475597AB65A1EA7D42DFF77ADE8131AEDEC36C3A0,text,正因如此，眼下反而很难迅速而准确地走出下一步。\p
2089,game_t02097,０２０：１９９７年_16：巌谷の悠陽への謁見　数時間後.egpack,０２０：１９９７年_16：巌谷の悠陽への謁見　数時間後,旁白,2F044554880520355DF1364B51C726BED6D33BF1A3EAEDAC3439DF0E4478DD4C,text,既然如此，唯有在此坦诚相告，表明矢志不退的决心。\p
2090,game_t02098,０２０：１９９７年_16：巌谷の悠陽への謁見　数時間後.egpack,０２０：１９９７年_16：巌谷の悠陽への謁見　数時間後,巌谷中佐,B87FED2BF44730799A95658175BCB7226C7C720FB343201DE37A202F5E4EF478,text,「——那么家主大人，我们该进入正题了。」\p
2091,game_t02099,０２０：１９９７年_16：巌谷の悠陽への謁見　数時間後.egpack,０２０：１９９７年_16：巌谷の悠陽への謁見　数時間後,旁白,F0833114025D99361FFFBD741959B08BD28182620233E6747941C2195A75E664,text,彼此立场特殊，能够直接见面的时间有限。既然已经共享相应觉悟，就应进一步加深相互信任。\p
2092,game_t02100,０２０：１９９７年_16：巌谷の悠陽への謁見　数時間後.egpack,０２０：１９９７年_16：巌谷の悠陽への謁見　数時間後,旁白,6C766B0083D12C8C08ACA1F952549AF3E9D8CA4C214D1B9ED80EF58C161F222F,text,帝国、斯卫、美国——今后要与之为敌的任何一方，都聚集着大批深谙权谋手腕的人物。\p
2093,game_t02101,０２０：１９９７年_16：巌谷の悠陽への謁見　数時間後.egpack,０２０：１９９７年_16：巌谷の悠陽への謁見　数時間後,旁白,09FC6E30A3C21D9F460795BC25C65D2E70F049C7C214122F53FB45AFC430EEA6,text,而这个少女身边，也必然群聚着大批精于逐利、狡猾如魑魅魍魉的人物。若怠于培植信任，转眼就会遭人算计。\p
2094,game_t02102,０２０：１９９７年_16：巌谷の悠陽への謁見　数時間後.egpack,０２０：１９９７年_16：巌谷の悠陽への謁見　数時間後,巌谷中佐,98EB7DB2E81692D1E5CA1A5EAB4569C0CC52E18C9BADFAA9F5E9ED5487B3EFF2,text,「其实，这件东西原本要与先前那件东西成套使用，却有些棘手。必须深入那个国家的机密核心——」\p
2095,game_t02103,０２０：１９９７年_16：巌谷の悠陽への謁見　数時間後.egpack,０２０：１９９７年_16：巌谷の悠陽への謁見　数時間後,煌武院悠陽,78E81CA72E07B9C7D5A547AF7363D7C984C316F457750F296227CA715D3122DC,text,「——请稍等，岩谷中校。在听您说明之前，我想先介绍一个人给您认识。」\p
2096,game_t02104,０２０：１９９７年_16：巌谷の悠陽への謁見　数時間後.egpack,０２０：１９９７年_16：巌谷の悠陽への謁見　数時間後,巌谷中佐,87D74ACE3ADD0D88ABBE751C6C13A5832195433BFC78493BD1DA7653D47F96DA,text,「想介绍给我的人……？」\p
2097,game_t02105,０２０：１９９７年_16：巌谷の悠陽への謁見　数時間後.egpack,０２０：１９９７年_16：巌谷の悠陽への謁見　数時間後,旁白,12AC4AEBCFF19954C1EB1F1D751FE1174FE1064737E1CF20EA57AAB7385D0ABA,text,参与这种密谋的人数当然越少越好——尤其是在初期阶段。她不可能连这点器量都没有……\p
2098,game_t02106,０２０：１９９７年_16：巌谷の悠陽への謁見　数時間後.egpack,０２０：１９９７年_16：巌谷の悠陽への謁見　数時間後,煌武院悠陽,2B0A7DC568E36896BA8D08DABA00658A705F2D72F0CB613E28DAA7F64217C05C,text,「月咏，带他过来。」\p
2099,game_t02107,０２０：１９９７年_16：巌谷の悠陽への謁見　数時間後.egpack,０２０：１９９７年_16：巌谷の悠陽への謁見　数時間後,女官,B3BE286AFA36A61406FC0C82109A163811F4DE27DE674988F6A097540683F8C4,text,「——是。」\p
2100,game_t02108,０２０：１９９７年_16：巌谷の悠陽への謁見　数時間後.egpack,０２０：１９９７年_16：巌谷の悠陽への謁見　数時間後,旁白,3D17581AED0503B53BC94D5B1A16EEEB03331D2CAB08DE52DC61116A5767CE8E,text,唔……？！\p
2101,game_t02109,０２０：１９９７年_16：巌谷の悠陽への謁見　数時間後.egpack,０２０：１９９７年_16：巌谷の悠陽への謁見　数時間後,煌武院悠陽,4DDD47A83D676983DD0919AE9092FCABD6B5D2E591429056544FA88229BFF478,text,「抬起头来。我明明说过不必多礼……你还真是坏心眼呢。」\p
2102,game_t02110,０２０：１９９７年_16：巌谷の悠陽への謁見　数時間後.egpack,０２０：１９９７年_16：巌谷の悠陽への謁見　数時間後,男,95A9886035218435E288EC9EF92C1D7EF748A76CEE53DBAB3A8EC7937AB00006,text,「哈哈哈——」\p
2103,game_t02111,０２０：１９９７年_16：巌谷の悠陽への謁見　数時間後.egpack,０２０：１９９７年_16：巌谷の悠陽への謁見　数時間後,巌谷中佐,E9D94C6A15EC0656743097C11103DD985BFD357B20670799910AEAFF76010977,text,「——！？」\p
2104,game_t02112,０２０：１９９７年_16：巌谷の悠陽への謁見　数時間後.egpack,０２０：１９９７年_16：巌谷の悠陽への謁見　数時間後,秘書官,35F15C36E509862F28D4830B2254D1C19145A17DAB36B8F21CCCD8D4EC159563,text,「…\w…\w！」\p
2105,game_t02113,０２０：１９９７年_16：巌谷の悠陽への謁見　数時間後.egpack,０２０：１９９７年_16：巌谷の悠陽への謁見　数時間後,旁白,0D8DEAAFAA2FCBE314B55D326A584B678F8BD606D4CC00B401860B39E70AD2D6,text,什么！？这个男人是……！！\p
2106,game_t02114,０２０：１９９７年_16：巌谷の悠陽への謁見　数時間後.egpack,０２０：１９９７年_16：巌谷の悠陽への謁見　数時間後,男,61133F690C097BFA19C72A479991AAD28FF500760DE0724E23D714DE8953ABA4,text,「初次见面，岩谷荣二中校。我是——」\p
2107,game_t02115,０２０：１９９７年_16：巌谷の悠陽への謁見　数時間後.egpack,０２０：１９９７年_16：巌谷の悠陽への謁見　数時間後,巌谷中佐,94D6BA49204BC4D169C63707A34A518E0ADC3D3593EBFBC4AAAC9B1E2C3A3FE0,text,「您应该是铠衣左近，特务课长吧。那么，帝国情报部的人为何会在这里？」\p
2108,game_t02116,０２０：１９９７年_16：巌谷の悠陽への謁見　数時間後.egpack,０２０：１９９７年_16：巌谷の悠陽への謁見　数時間後,鎧衣課長,9748C9F755A8869BFD3575E521A671760E81268C04984255FFDD63F8D2F66AF6,text,「哪里哪里，我不过是个不起眼的贸易商，与负责北美的外务二课毫无关系……哈哈哈。」\p
2109,game_t02117,０２０：１９９７年_16：巌谷の悠陽への謁見　数時間後.egpack,０２０：１９９７年_16：巌谷の悠陽への謁見　数時間後,巌谷中佐,FC1BB2D07B8CA4CB833A8FC775711F88FDC75DF9188537E5BF556C9021D9D39C,text,「…\w…\w…\w…\w」\p
2110,game_t02118,０２０：１９９７年_16：巌谷の悠陽への謁見　数時間後.egpack,０２０：１９９７年_16：巌谷の悠陽への謁見　数時間後,旁白,478E2AAD809DF97C9C52B80950090A182E8D77CD0CED342084935FCA70F1BE71,text,居然把我当傻瓜……他明明根本没打算隐藏身份。\p
2111,game_t02119,０２０：１９９７年_16：巌谷の悠陽への謁見　数時間後.egpack,０２０：１９９７年_16：巌谷の悠陽への謁見　数時間後,鎧衣課長,791D674D09B40525B33E0343A44EA6F16C64E38379BE2D271C51437828FC5FEA,text,「好了好了，小姐，不要露出那么可怕的表情。作为相识的纪念，送您一件东西——如何？」\p
2112,game_t02120,０２０：１９９７年_16：巌谷の悠陽への謁見　数時間後.egpack,０２０：１９９７年_16：巌谷の悠陽への謁見　数時間後,鎧衣課長,AAC10889753FFCD51400EF0E00E589E4750F4F281C1B20F4EA7FDD15C88AA8B6,text,「这是从复活节岛带回来的纪念品。虽然其实是在本土买的。」\p
2113,game_t02121,０２０：１９９７年_16：巌谷の悠陽への謁見　数時間後.egpack,０２０：１９９７年_16：巌谷の悠陽への謁見　数時間後,煌武院悠陽,0823AE606B694AD8B20B3060B5C51817D1B38267253EA5E167DEF52C1600B938,text,「铠衣，住手。那不是窃听器吗？」\p
2114,game_t02122,０２０：１９９７年_16：巌谷の悠陽への謁見　数時間後.egpack,０２０：１９９７年_16：巌谷の悠陽への謁見　数時間後,鎧衣課長,BE243AADE10C63D04A34D369A652B23755431986104E5FE4EE4F3C6C2E0B9D04,text,「哈哈哈……说成窃听器，未免太难听了。」\p
2115,game_t02123,０２０：１９９７年_16：巌谷の悠陽への謁見　数時間後.egpack,０２０：１９９７年_16：巌谷の悠陽への謁見　数時間後,鎧衣課長,516E76E525DF1A75B26468C3E7371C6B92198C3480E81C382801F92963FFE336,text,「这东西还能传输影像，性能可优秀得很。把它叫作窃听器，实在令我痛心。」\p
2116,game_t02124,０２０：１９９７年_16：巌谷の悠陽への謁見　数時間後.egpack,０２０：１９９７年_16：巌谷の悠陽への謁見　数時間後,旁白,59C96B98590507A3889EAE612F364F5DF689D3455E821209996AEF17DC84C202,text,果然和传闻一样，是个怪人……完全捉摸不透。\p
2117,game_t02125,０２０：１９９７年_16：巌谷の悠陽への謁見　数時間後.egpack,０２０：１９９７年_16：巌谷の悠陽への謁見　数時間後,旁白,7B73643249C651E830D2726A4127FF036C0580BFDEE3D7FD80840C0EF060DC67,text,……不过，煌武院家主似乎非常信任他。而且还刻意让我看见这种信任。\p
2118,game_t02126,０２０：１９９７年_16：巌谷の悠陽への謁見　数時間後.egpack,０２０：１９９７年_16：巌谷の悠陽への謁見　数時間後,旁白,7995F0CFB2E038942300353E7725A54C51905D29E09C19AD27EED4CF8CA5D8EB,text,她是在试探我吗？\p
2119,game_t02127,０２０：１９９７年_16：巌谷の悠陽への謁見　数時間後.egpack,０２０：１９９７年_16：巌谷の悠陽への謁見　数時間後,旁白,F4D5D67119977C711EB5E722073855A9539158690A5481FCBCA79B9FC8307B9E,text,帝国情报省外务二课特务课长——铠衣左近。被各国情报机关称为“帝都怪人”的日本顶尖情报员……\p
2120,game_t02128,０２０：１９９７年_16：巌谷の悠陽への謁見　数時間後.egpack,０２０：１９９７年_16：巌谷の悠陽への謁見　数時間後,旁白,AB26B1FFB423820105710D8DFF2A9DB6A4575E9578C98375B864BEB5AE92C0F4,text,国内外已有许多人在这个男人手上吃尽苦头。\p
2121,game_t02129,０２０：１９９７年_16：巌谷の悠陽への謁見　数時間後.egpack,０２０：１９９７年_16：巌谷の悠陽への謁見　数時間後,巌谷中佐,43922C260B395DBAB8A1E03CB1DDC89EF1A63530FE968960134C7CFF0DE34C82,text,「家主大人，此人——」\p
2122,game_t02130,０２０：１９９７年_16：巌谷の悠陽への謁見　数時間後.egpack,０２０：１９９７年_16：巌谷の悠陽への謁見　数時間後,煌武院悠陽,264EEBF6430C656A90D40FA7FD0E7460D87F8471C5EC5B4321196D3136C31692,text,「——我知道，岩谷中校。」\p
2123,game_t02131,０２０：１９９７年_16：巌谷の悠陽への謁見　数時間後.egpack,０２０：１９９７年_16：巌谷の悠陽への謁見　数時間後,煌武院悠陽,BAD02A7781AC64AA45480E25C4FF9A8F4AEB096671FF0552803E9652F9557641,text,「但这份畏惧，正是此人能力的证明——您不这样认为吗？」\p
2124,game_t02132,０２０：１９９７年_16：巌谷の悠陽への謁見　数時間後.egpack,０２０：１９９７年_16：巌谷の悠陽への謁見　数時間後,巌谷中佐,FC1BB2D07B8CA4CB833A8FC775711F88FDC75DF9188537E5BF556C9021D9D39C,text,「…\w…\w…\w…\w」\p
2125,game_t02133,０２０：１９９７年_16：巌谷の悠陽への謁見　数時間後.egpack,０２０：１９９７年_16：巌谷の悠陽への謁見　数時間後,旁白,12343075BED9033251100AD181374360788D0341A0BDB8F4D85BA61A47AA3E64,text,……原来如此，若能拉到自己一方，确实十分可靠。\p
2126,game_t02134,０２０：１９９７年_16：巌谷の悠陽への謁見　数時間後.egpack,０２０：１９９７年_16：巌谷の悠陽への謁見　数時間後,旁白,79CBC4FF8C594E4DD398BAD88E45D15927AF241015FE750F2836435299AC0F43,text,可是，无论铠衣拥有多么罕见的能力，终究只是帝国情报部的情报员。\p
2127,game_t02135,０２０：１９９７年_16：巌谷の悠陽への謁見　数時間後.egpack,０２０：１９９７年_16：巌谷の悠陽への謁見　数時間後,旁白,B2EE9B6E1BE8579153D397DC55CE4ABCEA2FC7A9695A9E6C9F25A94844C5CB18,text,换言之，他只是官僚机构的一员，没有自己的思想与意志，冷酷地遵从国家系统命令的公仆。正因如此才会被评价为能干。\p
2128,game_t02136,０２０：１９９７年_16：巌谷の悠陽への謁見　数時間後.egpack,０２０：１９９７年_16：巌谷の悠陽への謁見　数時間後,旁白,84187C9CB85E7F4F3524565AFA56BFDA9ADA2403E9E33A5CC72CA0CADD68D828,text,应该没有任何人能确信这个男人会站在自己一边。\p
2129,game_t02137,０２０：１９９７年_16：巌谷の悠陽への謁見　数時間後.egpack,０２０：１９９７年_16：巌谷の悠陽への謁見　数時間後,煌武院悠陽,FC1BB2D07B8CA4CB833A8FC775711F88FDC75DF9188537E5BF556C9021D9D39C,text,「…\w…\w…\w…\w」\p
2130,game_t02138,０２０：１９９７年_16：巌谷の悠陽への謁見　数時間後.egpack,０２０：１９９７年_16：巌谷の悠陽への謁見　数時間後,旁白,B0D1E31964616E878F2DB7DD604D9C4FF9745E1BB00C0F2F5DC0AA8CE3B33ED9,text,恐怕就连煌武院家主，也没有完全信任他……\p
2131,game_t02139,０２０：１９９７年_16：巌谷の悠陽への謁見　数時間後.egpack,０２０：１９９７年_16：巌谷の悠陽への謁見　数時間後,旁白,2A1D0849918A7AA350149DFD01710E901E4AA838B1BE21643AF2B3C17B36650B,text,真的能把日本帝国的未来托付给这样的人吗……？\p
2132,game_t02140,０２０：１９９７年_16：巌谷の悠陽への謁見　数時間後.egpack,０２０：１９９７年_16：巌谷の悠陽への謁見　数時間後,鎧衣課長,FC1BB2D07B8CA4CB833A8FC775711F88FDC75DF9188537E5BF556C9021D9D39C,text,「…\w…\w…\w…\w」\p
2133,game_t02141,０２０：１９９７年_16：巌谷の悠陽への謁見　数時間後.egpack,０２０：１９９７年_16：巌谷の悠陽への謁見　数時間後,旁白,E9D083E9A2827DE19114380C490EED8EB1F106FE0D78DAADA326720F59042DAB,text,可是——正因如此——\p
2134,game_t02142,０２０：１９９７年_16：巌谷の悠陽への謁見　数時間後.egpack,０２０：１９９７年_16：巌谷の悠陽への謁見　数時間後,巌谷中佐,FC1BB2D07B8CA4CB833A8FC775711F88FDC75DF9188537E5BF556C9021D9D39C,text,「…\w…\w…\w…\w」\p
2135,game_t02143,０２０：１９９７年_16：巌谷の悠陽への謁見　数時間後.egpack,０２０：１９９７年_16：巌谷の悠陽への謁見　数時間後,煌武院悠陽,FC1BB2D07B8CA4CB833A8FC775711F88FDC75DF9188537E5BF556C9021D9D39C,text,「…\w…\w…\w…\w」\p
2136,game_t02144,０２０：１９９７年_16：巌谷の悠陽への謁見　数時間後.egpack,０２０：１９９７年_16：巌谷の悠陽への謁見　数時間後,巌谷中佐,DC5CD939520ADE93A80CC9CA10BC3C85569DED5046353B707BA09967E66FAEED,text,「那么……这份毒，我就连盘子一起吞下吧。」\p
2137,game_t02145,０２０：１９９７年_16：巌谷の悠陽への謁見　数時間後.egpack,０２０：１９９７年_16：巌谷の悠陽への謁見　数時間後,煌武院悠陽,90F459CE733196FC6BB16AF49923DC513B0DEEE11C8C19519A85753DBFFFDEE9,text,「这话令人安心，岩谷中校。」\p
2138,game_t02146,０２０：１９９７年_16：巌谷の悠陽への謁見　数時間後.egpack,０２０：１９９７年_16：巌谷の悠陽への謁見　数時間後,巌谷中佐,813B052776E35F415ED7ECE56980F9B2D95B25D0F03FAE20C81F93E20E54BBED,text,「是——」\p
2139,game_t02147,０２０：１９９７年_16：巌谷の悠陽への謁見　数時間後.egpack,０２０：１９９７年_16：巌谷の悠陽への謁見　数時間後,鎧衣課長,01B4A0495F7D748579B230283C364A8FC4721541B9DFA6F679649B89B2854905,text,「哈哈哈……把貌美如花的家主大人说成盘子，未免太过分了。」\p
2140,game_t02148,０２０：１９９７年_16：巌谷の悠陽への謁見　数時間後.egpack,０２０：１９９７年_16：巌谷の悠陽への謁見　数時間後,煌武院悠陽,49BDFA17D6E2073F0BB016202CA3AC87D7FF88F8353099C6161DE7154AD39386,text,「闭嘴，铠衣。」\p
2141,game_t02149,０２０：１９９７年_16：巌谷の悠陽への謁見　数時間後.egpack,０２０：１９９７年_16：巌谷の悠陽への謁見　数時間後,巌谷中佐,FC1BB2D07B8CA4CB833A8FC775711F88FDC75DF9188537E5BF556C9021D9D39C,text,「…\w…\w…\w…\w」\p
2142,game_t02150,０２０：１９９７年_16：巌谷の悠陽への謁見　数時間後.egpack,０２０：１９９７年_16：巌谷の悠陽への謁見　数時間後,旁白,565025323E76C47ED016711D522C114C3F799F0B89B3C9B20F0A3146543DBA37,text,哪怕只有一瞬……煌武院悠阳会需要一个面对她的试探仍流露出一丝迟疑的人吗？\p
2143,game_t02151,０２０：１９９７年_16：巌谷の悠陽への謁見　数時間後.egpack,０２０：１９９７年_16：巌谷の悠陽への謁見　数時間後,旁白,58673BDD93F5393C54F28D1F6C10710127EFB794776F65B26EE02D2C1980B965,text,没错，我一直在接受试探。今后恐怕也会不断如此。\p
2144,game_t02152,０２０：１９９７年_16：巌谷の悠陽への謁見　数時間後.egpack,０２０：１９９７年_16：巌谷の悠陽への謁見　数時間後,旁白,167467B635FE6A5A4D4CA0E97A716E55310D3706474C041C4A0F8DA65DB64438,text,这些口口声声谈论大局的大人，会如何驾驭细微分歧——这个少女正直视着一切……\p
2145,game_t02153,０２０：１９９７年_16：巌谷の悠陽への謁見　数時間後.egpack,０２０：１９９７年_16：巌谷の悠陽への謁見　数時間後,巌谷中佐,3E433FF7955F5693BA663870EFE1E500A33CD900B299FA7277B64AB1AC9A373F,text,「——家主大人，我有一事请教。」\p
2146,game_t02154,０２０：１９９７年_16：巌谷の悠陽への謁見　数時間後.egpack,０２０：１９９７年_16：巌谷の悠陽への謁見　数時間後,煌武院悠陽,167D4DCC3224E4BDF9B47E1867969DE018043F772C2289582B1192AF28575F6B,text,「何事，岩谷中校？」\p
2147,game_t02155,０２０：１９９７年_16：巌谷の悠陽への謁見　数時間後.egpack,０２０：１９９７年_16：巌谷の悠陽への謁見　数時間後,巌谷中佐,51B9BC9A5161393BD9BF1E1099A72E1B78F9F557B72D0229F343E06D82B8B13E,text,「您为何直接将铠衣课长与我相连？原本也可以由您居中驾驭我们。」\p
2148,game_t02156,０２０：１９９７年_16：巌谷の悠陽への謁見　数時間後.egpack,０２０：１９９７年_16：巌谷の悠陽への謁見　数時間後,煌武院悠陽,DF64D1F7E83BB2F4E68F29C095C9F932B1D2D547ABFFC9910A52C1D1F2B8360F,text,「因为与此人相连之人，正强烈渴望着与您所求相同的事物。」\p
2149,game_t02157,０２０：１９９７年_16：巌谷の悠陽への謁見　数時間後.egpack,０２０：１９９７年_16：巌谷の悠陽への謁見　数時間後,巌谷中佐,32BCE06164D7F8FA55DF11330AAC520EE4196F1D9FE43E4D150AB1E14B8DA931,text,「……哦。」\p
2150,game_t02158,０２０：１９９７年_16：巌谷の悠陽への謁見　数時間後.egpack,０２０：１９９７年_16：巌谷の悠陽への謁見　数時間後,旁白,355E9F65A8A5807935C3A8CEAF7B2A30C96934A6CA7923B1583DAB07E48BA75A,text,还有另一个与我们志同道合的人……？\p
2151,game_t02159,０２０：１９９７年_16：巌谷の悠陽への謁見　数時間後.egpack,０２０：１９９７年_16：巌谷の悠陽への謁見　数時間後,巌谷中佐,52542F17C06CFF846A702DD5322562F027A5B2B0EDD2A4533663AB9E694851EF,text,「那么，那个人今日没有被请到这里，理由是什么？」\p
2152,game_t02160,０２０：１９９７年_16：巌谷の悠陽への謁見　数時間後.egpack,０２０：１９９７年_16：巌谷の悠陽への謁見　数時間後,煌武院悠陽,C2020BA172D3F20566944A9F425B4372618EF508C4F36E73C73B3E93630A33D5,text,「——人与人的相逢，自有其时；而要织就时机，便需要羁绊。」\p
2153,game_t02161,０２０：１９９７年_16：巌谷の悠陽への謁見　数時間後.egpack,０２０：１９９７年_16：巌谷の悠陽への謁見　数時間後,旁白,5C29CEC0C45044AAE8FAA16830FB77528837C78206B486CBC1EB1DD4BB7DBC15,text,唔……！\p
2154,game_t02162,０２０：１９９７年_16：巌谷の悠陽への謁見　数時間後.egpack,０２０：１９９７年_16：巌谷の悠陽への謁見　数時間後,煌武院悠陽,10594EB080197B8E49CD56BBB775B85234A90A64DC7F93872D5DF2A7ACF19E93,text,「——而要结成羁绊，人又不可或缺。」\p
2155,game_t02163,０２０：１９９７年_16：巌谷の悠陽への謁見　数時間後.egpack,０２０：１９９７年_16：巌谷の悠陽への謁見　数時間後,旁白,08649DD9F0D1BC4C150C1C531C625D2824284AD37CE9DC9D6F20EDCA3E397C82,text,原来如此，真是深奥……\p
2156,game_t02164,０２０：１９９７年_16：巌谷の悠陽への謁見　数時間後.egpack,０２０：１９９７年_16：巌谷の悠陽への謁見　数時間後,巌谷中佐,DA44EF664BB373FAC39A22390F8C270D288BA3E776B5A639FA480ADAD2D0A155,text,「感谢您的关照。但我们明明今日初次见面，事情却进展得过于顺利，坦白说，我确实有些困惑。」\p
2157,game_t02165,０２０：１９９７年_16：巌谷の悠陽への謁見　数時間後.egpack,０２０：１９９７年_16：巌谷の悠陽への謁見　数時間後,煌武院悠陽,FC1BB2D07B8CA4CB833A8FC775711F88FDC75DF9188537E5BF556C9021D9D39C,text,「…\w…\w…\w…\w」\p
2158,game_t02166,０２０：１９９７年_16：巌谷の悠陽への謁見　数時間後.egpack,０２０：１９９７年_16：巌谷の悠陽への謁見　数時間後,巌谷中佐,78E688B80747F05F242F169E5F8B6CC5B9BE06D3217FC6BC4B8868B483A41754,text,「……您为何愿意为我做到这种地步？」\p
2159,game_t02167,０２０：１９９７年_16：巌谷の悠陽への謁見　数時間後.egpack,０２０：１９９７年_16：巌谷の悠陽への謁見　数時間後,旁白,1F66120E0799B9C11D4F30C93EF1C3CAA6F4AA4CB9F44B4FB9FE52E839FD9947,text,与志同道合之人和我相连的羁绊，就是铠衣。但现在还不是让我与那个人会面的时机——\p
2160,game_t02168,０２０：１９９７年_16：巌谷の悠陽への謁見　数時間後.egpack,０２０：１９９７年_16：巌谷の悠陽への謁見　数時間後,旁白,4695EF2806692C22EC040CBC3C6257DDC508EA1E003ADE60BD0A7B73A0C0EA84,text,若是如此，那个人所“渴望的事物”，究竟是日本应有的未来、G元素，还是……\p
2161,game_t02169,０２０：１９９７年_16：巌谷の悠陽への謁見　数時間後.egpack,０２０：１９９７年_16：巌谷の悠陽への謁見　数時間後,煌武院悠陽,FC1BB2D07B8CA4CB833A8FC775711F88FDC75DF9188537E5BF556C9021D9D39C,text,「…\w…\w…\w…\w」\p
2162,game_t02170,０２０：１９９７年_16：巌谷の悠陽への謁見　数時間後.egpack,０２０：１９９７年_16：巌谷の悠陽への謁見　数時間後,旁白,4216EC48A0E72DD556A824F2AC281C3538B4E5B64CD3234E802B94E8B2F5278A,text,原来如此，她早已看穿我根本没有困惑。真是个不得了的女人——她打从心底享受着自己也在接受试探。\p
2163,game_t02171,０２０：１９９７年_16：巌谷の悠陽への謁見　数時間後.egpack,０２０：１９９７年_16：巌谷の悠陽への謁見　数時間後,煌武院悠陽,52B0A540E06F386F394458A3F4454DA191D49A25BCE766B12EB134BA8535AC22,text,「……请将此理解为，我对中校这份觉悟所作的郑重回应。若能如此，我会很高兴。」\p
2164,game_t02172,０２０：１９９７年_16：巌谷の悠陽への謁見　数時間後.egpack,０２０：１９９７年_16：巌谷の悠陽への謁見　数時間後,旁白,AF0A0563FC8A3AB3173974D65BA72710FE6B4F56876B39C004AE109E56068A52,text,这家伙将来会成为不得了的大人物——不，若我再年轻十五岁……\p
2165,game_t02173,０２０：１９９７年_16：巌谷の悠陽への謁見　数時間後.egpack,０２０：１９９７年_16：巌谷の悠陽への謁見　数時間後,旁白,B18E49E5487AC52518559079861B49A22F7DD7BD738C714AB0B7C212C3107FBC,text,——哎呀，这想法未免太不敬了。\p
2166,game_t02174,０２０：１９９７年_16：巌谷の悠陽への謁見　数時間後.egpack,０２０：１９９７年_16：巌谷の悠陽への謁見　数時間後,巌谷中佐,E9F91E5DCA51911F2C808ECAD1407EE25AEEFC58C08DA720C3851D40C397A352,text,「……原来如此。」\p
2167,game_t02175,０２０：１９９７年_16：巌谷の悠陽への謁見　数時間後.egpack,０２０：１９９７年_16：巌谷の悠陽への謁見　数時間後,旁白,F18C478884A9FE28B948887CE9FEF2CC8CB6A224505300292F582CA9D394BB91,text,也就是说，我同样是一份毒……而她准备连盘子一起把我吞下……\p
2168,game_t02176,０２０：１９９７年_16：巌谷の悠陽への謁見　数時間後.egpack,０２０：１９９７年_16：巌谷の悠陽への謁見　数時間後,旁白,EE29BFDBCF236B2F17DC5EBDDA0F31D5DABD3A9DDC12EB1C30F8DB1668946CE8,text,真是大器。这就是为将者的器量吗……\p
2169,game_t02177,０２０：１９９７年_16：巌谷の悠陽への謁見　数時間後.egpack,０２０：１９９７年_16：巌谷の悠陽への謁見　数時間後,旁白,0B47A8C5E4ED3B374083FE091C8A4F5E2AA535F0220D540733CCB201C014D360,text,这个年幼的少女，究竟经历过什么，才能把自己的信念贯彻到这种地步……\p
2170,game_t02178,０２０：１９９７年_16：巌谷の悠陽への謁見　数時間後.egpack,０２０：１９９７年_16：巌谷の悠陽への謁見　数時間後,旁白,988B4835F6BE15563ACAA8B45100DF92D1A0B890491D3376C71B5AE14D0D8907,text,我曾身在斯卫，所以最能切身明白，这个少女一路目睹和背负的一切，究竟何等沉重、何等残酷而深不见底……\p
2171,game_t02179,０２０：１９９７年_16：巌谷の悠陽への謁見　数時間後.egpack,０２０：１９９７年_16：巌谷の悠陽への謁見　数時間後,旁白,9875AE7FE9433B4459975670298F4EB386FBC98BDED73A661A70E97B115E1CA8,text,这个少女甚至利用自己的宿命，试图改变禁锢自己的世界。\p
2172,game_t02180,０２０：１９９７年_16：巌谷の悠陽への謁見　数時間後.egpack,０２０：１９９７年_16：巌谷の悠陽への謁見　数時間後,煌武院悠陽,277F0E0E751932A857154704B2F2FCFEFE9BD70C652D4A5FF4FEE62C7623B342,text,「——不必多礼，岩谷中校。」\p
2173,game_t02181,０２０：１９９７年_16：巌谷の悠陽への謁見　数時間後.egpack,０２０：１９９７年_16：巌谷の悠陽への謁見　数時間後,煌武院悠陽,E7F5D56BD446A74870B305745589526D041C863F807B4BF5891779126B23208F,text,「——我身受旧例束缚，不得不坐在上座，还请您原谅。」\p
2174,game_t02182,０２０：１９９７年_16：巌谷の悠陽への謁見　数時間後.egpack,０２０：１９９７年_16：巌谷の悠陽への謁見　数時間後,煌武院悠陽,2421B4582F1A9E9745C53B6D61EF08682E85833867D9FE7BE4AC2B3AA4AF7AB1,text,「——兵贵胜，不贵久。」\p
2175,game_t02183,０２０：１９９７年_16：巌谷の悠陽への謁見　数時間後.egpack,０２０：１９９７年_16：巌谷の悠陽への謁見　数時間後,煌武院悠陽,A7EF608330F959C899E09FF7B99BDDCC15BBFC66B876793A342104C4EE61FB60,text,「——我以煌武院之名保证，必将倾尽全力。」\p
2176,game_t02184,０２０：１９９７年_16：巌谷の悠陽への謁見　数時間後.egpack,０２０：１９９７年_16：巌谷の悠陽への謁見　数時間後,旁白,401DE3376A840CBE0033E861363516463BABC5A30BDA9469C611F2BA14628661,text,我这个曾在斯卫、却又不属于斯卫的悖逆之徒，也还有相称的用武之地吗——\p
2177,game_t02185,０２０：１９９７年_16：巌谷の悠陽への謁見　数時間後.egpack,０２０：１９９７年_16：巌谷の悠陽への謁見　数時間後,巌谷中佐,FC1BB2D07B8CA4CB833A8FC775711F88FDC75DF9188537E5BF556C9021D9D39C,text,「…\w…\w…\w…\w」\p
2178,game_t02186,０２０：１９９７年_16：巌谷の悠陽への謁見　数時間後.egpack,０２０：１９９７年_16：巌谷の悠陽への謁見　数時間後,旁白,E79D5506201F3150465794E455C779D8B87315921242827A913DBD72EC8F3113,text,真是的，既然已经被她折服到这种地步……\p
2179,game_t02187,０２０：１９９７年_16：巌谷の悠陽への謁見　数時間後.egpack,０２０：１９９７年_16：巌谷の悠陽への謁見　数時間後,巌谷中佐,0A425B31DEFF2FF851FE378AC357AED8645D08F7337D69B224BCC717E2A6DAE3,text,「铠衣课长……」\p
2180,game_t02188,０２０：１９９７年_16：巌谷の悠陽への謁見　数時間後.egpack,０２０：１９９７年_16：巌谷の悠陽への謁見　数時間後,鎧衣課長,6175A3CDB4256B71C847703924BA7B7314EA04A8AF729A4AF1E511FC1A655176,text,「什么事，岩谷中校？」\p
2181,game_t02189,０２０：１９９７年_16：巌谷の悠陽への謁見　数時間後.egpack,０２０：１９９７年_16：巌谷の悠陽への謁見　数時間後,煌武院悠陽,2F5DDCA1C317CAB54825B04E30D23EB62EC14CC07128C6CBC0DF4BC4AF52DB26,text,「…\w…\w…\w…\w」
2182,game_t02190,０２０：１９９７年_16：巌谷の悠陽への謁見　数時間後.egpack,０２０：１９９７年_16：巌谷の悠陽への謁見　数時間後,巌谷中佐,BA8C5FDDDCADF54B233BB66B274D70CB6E203401FD03A2B9D2104602AE745671,text,「那份所谓的纪念品，我就心怀感激地收下吧——」\p
2183,game_t02191,０２０：１９９７年_17：巌谷帰宅後の煌武院邸.egpack,０２０：１９９７年_17：巌谷帰宅後の煌武院邸,月詠真耶,714743F88896F99518E8650FF647167AE7D5300AC2DD87BBC742406F4322F0E2,text,「实在令人叹息。」\p
2184,game_t02192,０２０：１９９７年_17：巌谷帰宅後の煌武院邸.egpack,０２０：１９９７年_17：巌谷帰宅後の煌武院邸,煌武院悠陽,FC1BB2D07B8CA4CB833A8FC775711F88FDC75DF9188537E5BF556C9021D9D39C,text,「…\w…\w…\w…\w」\p
2185,game_t02193,０２０：１９９７年_17：巌谷帰宅後の煌武院邸.egpack,０２０：１９９７年_17：巌谷帰宅後の煌武院邸,月詠真耶,3E9AFCD325F0934FE0AED511FC29FAB93B29D289C0E5CFAD57A123E6459DC2EA,text,「武家的矜持去了哪里？沾染世俗到那种地步，岩谷家的先人想必也深感遗憾。」\p
2186,game_t02194,０２０：１９９７年_17：巌谷帰宅後の煌武院邸.egpack,０２０：１９９７年_17：巌谷帰宅後の煌武院邸,煌武院悠陽,77AE330AB5C278C19FEF6FD4D3C4EA28DBDFAE28820FCEE6491EED4B66BF6EF5,text,「住口，月咏。这样说话太失礼了。」\p
2187,game_t02195,０２０：１９９７年_17：巌谷帰宅後の煌武院邸.egpack,０２０：１９９７年_17：巌谷帰宅後の煌武院邸,月詠真耶,2C2DC20EF84B27B21AA8C1743D6F275DC802B60CBB4B96B5F72EC46528597741,text,「恕我直言，家主大人。月咏的职责便是守护煌武院家。」\p
2188,game_t02196,０２０：１９９７年_17：巌谷帰宅後の煌武院邸.egpack,０２０：１９９７年_17：巌谷帰宅後の煌武院邸,月詠真耶,4BAE1D2821B578935BF4AB0E6B5FEFEA32AB7C04EA68A4C83F36A5F9BDB5C8A0,text,「即便身在民间，他也终究流着谱代武家的血。面对身为五摄家之一的煌武院家主，竟敢如此不逊——」\p
2189,game_t02197,０２０：１９９７年_17：巌谷帰宅後の煌武院邸.egpack,０２０：１９９７年_17：巌谷帰宅後の煌武院邸,煌武院悠陽,564F31AB82F05E9113DD0381FD2CF7640853EB6EF7803614A02C7A78A2582B5C,text,「是我希望他如此。你明明也听见了……」\p
2190,game_t02198,０２０：１９９７年_17：巌谷帰宅後の煌武院邸.egpack,０２０：１９９７年_17：巌谷帰宅後の煌武院邸,月詠真耶,DC3BD23ACFB23CB2C7063BB0AF2C2E7DA00C2D32EFEBA5DE0C8C62F6A954AFE0,text,「岩谷家被废家，本应是为了效忠陛下与殿下。所谓‘本想捉木乃伊的人，反倒成了木乃伊’，正是为那个人而有的俗语。」\p
2191,game_t02199,０２０：１９９７年_17：巌谷帰宅後の煌武院邸.egpack,０２０：１９９７年_17：巌谷帰宅後の煌武院邸,月詠真耶,2F02243F8155A0AB04DD47432907BA1E73AB49E65DF0BCCEDD493368FD081A82,text,「自上次战败以来，顺从美国意向的亡国政治，将陛下与殿下贬为政治装饰，也使帝国沦为冰冷而平庸的经济大国。」\p
2192,game_t02200,０２０：１９９７年_17：巌谷帰宅後の煌武院邸.egpack,０２０：１９９７年_17：巌谷帰宅後の煌武院邸,煌武院悠陽,CDFD8AFFEC7EC8CB4EF38ED22B5A80A3DC1569C3FBAC84C46622817C5C8C9212,text,「帝国投降的对象是盟军各国……」\p
2193,game_t02201,０２０：１９９７年_17：巌谷帰宅後の煌武院邸.egpack,０２０：１９９７年_17：巌谷帰宅後の煌武院邸,月詠真耶,76471FCED38EF5FFD391851BAA7E00CCE2E69073C21E018257377B7498C5AB54,text,「恕我直言，家主大人。帝国并未败给美国以外的任何国家。所谓盟军，不过是跟在美国后面起哄之人的总称。」\p
2194,game_t02202,０２０：１９９７年_17：巌谷帰宅後の煌武院邸.egpack,０２０：１９９７年_17：巌谷帰宅後の煌武院邸,煌武院悠陽,319CC53274937DD96EDFEAD63F39A1F40B6869D4D574F25B5EB076D7D82F2DE8,text,「……又说这种话。对议和之前的事情事后挑三拣四，不是文明国家所为。」\p
2195,game_t02203,０２０：１９９７年_17：巌谷帰宅後の煌武院邸.egpack,０２０：１９９７年_17：巌谷帰宅後の煌武院邸,月詠真耶,009BF8C69325579C1F1540DAAC5D9F690D56A85A7458E6D710EC832C1FB40E86,text,「若以事后立法进行复仇审判就是文明国家，那我们也没有必要成为文明国家。况且，从战后冷战格局来看，他们被苏联操纵也是显而易见。」\p
2196,game_t02204,０２０：１９９７年_17：巌谷帰宅後の煌武院邸.egpack,０２０：１９９７年_17：巌谷帰宅後の煌武院邸,煌武院悠陽,2400CD166995B0EF883AAAF68CEDAAF8BE1A26AF300AA1D4B025797671C4734D,text,「……好好，我明白了。继续说岩谷中校的事。」\p
2197,game_t02205,０２０：１９９７年_17：巌谷帰宅後の煌武院邸.egpack,０２０：１９９７年_17：巌谷帰宅後の煌武院邸,月詠真耶,5233C9F4EFA3AB5207B41113B0F492CFE9F024FA14D7CFD95971C0ED4A9EF2F0,text,「对了——总之，那个人因忧虑这种不忠而挺身而出，是与同志们一同下野的人之一。」\p
2198,game_t02206,０２０：１９９７年_17：巌谷帰宅後の煌武院邸.egpack,０２０：１９９７年_17：巌谷帰宅後の煌武院邸,月詠真耶,FD493AD9E6C0F0681FEF77B9ECB452609D693E6BE6B7655D9CDB85698E822AA4,text,「他本该认清自己的职责：渗透帝国军中枢、探查其动向，并向代皇帝陛下全权行事的政威大将军尽忠。」\p
2199,game_t02207,０２０：１９９７年_17：巌谷帰宅後の煌武院邸.egpack,０２０：１９９７年_17：巌谷帰宅後の煌武院邸,月詠真耶,3B8414707D83E928D61650DFC92948EBAECA63A3C0692447292DDB43DE05A10E,text,「竟把身为五摄家家主的您卷入那种自作聪明的计策，实属不忠至极。多半是被沉醉于大战特需的军工产业收买，已经堕落了。」\p
2200,game_t02208,０２０：１９９７年_17：巌谷帰宅後の煌武院邸.egpack,０２０：１９９７年_17：巌谷帰宅後の煌武院邸,煌武院悠陽,758D0D33EDA8E47D24109B0A71B98006E6FB542107550A24139829B7B941BDF6,text,「人是会改变的。但人的本心，并不会轻易改变。」\p
2201,game_t02209,０２０：１９９７年_17：巌谷帰宅後の煌武院邸.egpack,０２０：１９９７年_17：巌谷帰宅後の煌武院邸,月詠真耶,A98E4A83551443A71EC3D38E38BFD4AFEEAF3D823E89A6D277906A1EA72C4001,text,「若是如此，他本来就是见风使舵的懦夫。面对铠衣那种人便动摇、显露迟疑，不过是个小人物。」\p
2202,game_t02210,０２０：１９９７年_17：巌谷帰宅後の煌武院邸.egpack,０２０：１９９７年_17：巌谷帰宅後の煌武院邸,煌武院悠陽,F4A5F1D9DAE2A694029F6532428DC1A626138F4DAA32D9778C0B332EA84EA56F,text,「面对铠衣，那也情有可原吧……」\p
2203,game_t02211,０２０：１９９７年_17：巌谷帰宅後の煌武院邸.egpack,０２０：１９９７年_17：巌谷帰宅後の煌武院邸,月詠真耶,1AA1024348ACD54FFD7D21F00DD99DF9F2F3F94088F64D24D30F680EE83C3D38,text,「岩谷家原本就是与任何五摄家都没有关系的独立武家。说他们擅长斡旋是好听，实际做的不过是见风使舵，终究只是一群墙头草。」\p
2204,game_t02212,０２０：１９９７年_17：巌谷帰宅後の煌武院邸.egpack,０２０：１９９７年_17：巌谷帰宅後の煌武院邸,月詠真耶,51777B8055DF9AA8ABC1EE99C7B5CA75B07E1DC069AB0B34FE5AB5EBDE4D966B,text,「——恐怕是预见到推举仪式，才提前布下的安排。」\p
2205,game_t02213,０２０：１９９７年_17：巌谷帰宅後の煌武院邸.egpack,０２０：１９９７年_17：巌谷帰宅後の煌武院邸,月詠真耶,F4008BA093EDE1C38C10EDBC898CF7AD4022C6AD5C2F440D5A9AB32687AA7509,text,「BETA灾祸必将带来乱世，可五摄家没有一家愿意出面竞逐下一任将军，只顾彼此察言观色。这种僵局，正是铠衣和岩谷之流最擅长利用的局面。」\p
2206,game_t02214,０２０：１９９７年_17：巌谷帰宅後の煌武院邸.egpack,０２０：１９９７年_17：巌谷帰宅後の煌武院邸,月詠真耶,587C34716508AC2604BEB64440620C0DECC6AA29CC7A3856879BCA3A5FBAD53C,text,「甚至还企图把责任推给家主大人，让其他家躲过灾难——」\p
2207,game_t02215,０２０：１９９７年_17：巌谷帰宅後の煌武院邸.egpack,０２０：１９９７年_17：巌谷帰宅後の煌武院邸,煌武院悠陽,3D6E2025AB93F6221059724319C7319D652B88B32FB5C33A26F1AE3B201BADC0,text,「——到此为止，月咏。」\p
2208,game_t02216,０２０：１９９７年_17：巌谷帰宅後の煌武院邸.egpack,０２０：１９９７年_17：巌谷帰宅後の煌武院邸,月詠真耶,3CDD8857D2DF0B686A8B493663FDAA58B5541DEDA44A5E639C39A7C8D315D849,text,「——是，失礼了。」\p
2209,game_t02217,０２０：１９９７年_17：巌谷帰宅後の煌武院邸.egpack,０２０：１９９７年_17：巌谷帰宅後の煌武院邸,煌武院悠陽,E19A16D25B602079C0C18E0A38B43F2B1682F018DC9AAA79DA3E6A5D2F46019A,text,「正如你所说，包括煌武院在内的五摄家，都对推举仪式心生退缩。这是事实。」\p
2210,game_t02218,０２０：１９９７年_17：巌谷帰宅後の煌武院邸.egpack,０２０：１９９７年_17：巌谷帰宅後の煌武院邸,煌武院悠陽,CD7ECFA3795EE3449C0C1048FC43B947FD0BF14FA4EA16E57BD5313DD090F82B,text,「这正是我成为煌武院家主的理由。年轻女子不可能被推举出任政威大将军。」\p
2211,game_t02219,０２０：１９９７年_17：巌谷帰宅後の煌武院邸.egpack,０２０：１９９７年_17：巌谷帰宅後の煌武院邸,月詠真耶,FC1BB2D07B8CA4CB833A8FC775711F88FDC75DF9188537E5BF556C9021D9D39C,text,「…\w…\w…\w…\w」\p
2212,game_t02220,０２０：１９９７年_17：巌谷帰宅後の煌武院邸.egpack,０２０：１９９７年_17：巌谷帰宅後の煌武院邸,煌武院悠陽,530C281B72D9CB380E1ED24DE5C895CACD2D80C17B423E0AD4459935BE3B073E,text,「煌武院一门反过来利用了武家社会的旧例。我们将自己宣传为改革开放的旗手，又以男女平等的美名为掩护，为放弃摄家责任寻找正当理由。」\p
2213,game_t02221,０２０：１９９７年_17：巌谷帰宅後の煌武院邸.egpack,０２０：１９９７年_17：巌谷帰宅後の煌武院邸,煌武院悠陽,7695F0D4CC8814394B195C02BF3D3CAF6C5963E8A00354B1BBCF70165E9DF7A3,text,「听说崇宰家也准备仿照煌武院的做法。可是，若五摄家家主最终全都成为女子，一切仍会回到原点。」\p
2214,game_t02222,０２０：１９９７年_17：巌谷帰宅後の煌武院邸.egpack,０２０：１９９７年_17：巌谷帰宅後の煌武院邸,煌武院悠陽,0F97A711385730210B8BA34BA454547CBCABE3A3180177EAE01D1FDEBCA25F8B,text,「现任将军家斋御司，以及九条家，都指出了其中的愚蠢，并追究最先打破旧例的煌武院之责。」\p
2215,game_t02223,０２０：１９９７年_17：巌谷帰宅後の煌武院邸.egpack,０２０：１９９７年_17：巌谷帰宅後の煌武院邸,煌武院悠陽,28CF7BAB096A82D6807F929C4485216F1E8B4106B1FF1F47408F59B74A22659D,text,「而斑鸠家夹在其间，始终沉默，不表立场。五摄家如今只是在进行一场谁也一无所获的角力。」\p
2216,game_t02224,０２０：１９９７年_17：巌谷帰宅後の煌武院邸.egpack,０２０：１９９７年_17：巌谷帰宅後の煌武院邸,月詠真耶,29D5E54732853487DE78946A00BA33861307C71BF7E8E5448B195CD3FDF14B3F,text,「斑鸠原本就与崇宰亲近，迟早会站到我们这边。但从眼下动向来看，仍不能排除斑鸠家就是岩谷那家伙幕后主使的嫌疑……」\p
2217,game_t02225,０２０：１９９７年_17：巌谷帰宅後の煌武院邸.egpack,０２０：１９９７年_17：巌谷帰宅後の煌武院邸,煌武院悠陽,23A1F9C0FAB5028A9ED742571427AC3062692768C65CD4EDC6DB659492BF3DC1,text,「月咏……这只是一个假设……」\p
2218,game_t02226,０２０：１９９７年_17：巌谷帰宅後の煌武院邸.egpack,０２０：１９９７年_17：巌谷帰宅後の煌武院邸,月詠真耶,85B6FD648034C6E550BC387F7FFC652BC80613214C53FB6BFA5778AF7043F0C8,text,「…\w…\w？」\p
2219,game_t02227,０２０：１９９７年_17：巌谷帰宅後の煌武院邸.egpack,０２０：１９９７年_17：巌谷帰宅後の煌武院邸,煌武院悠陽,1566155ACBFD1B39D7C83854E2FA8216317C039E404820AA0658BB2ACFF3EDC4,text,「女子——而且还是年轻女子，能够获任政威大将军的机会，恐怕只有这样的乱世才会出现。」\p
2220,game_t02228,０２０：１９９７年_17：巌谷帰宅後の煌武院邸.egpack,０２０：１９９７年_17：巌谷帰宅後の煌武院邸,月詠真耶,1FA37CC9BE0BC9A31898904BEB86A4FD67BB15E3E7AD208E803AAA0554B19AF7,text,「家、家主大人……！？」\p
2221,game_t02229,０２０：１９９７年_17：巌谷帰宅後の煌武院邸.egpack,０２０：１９９７年_17：巌谷帰宅後の煌武院邸,煌武院悠陽,09A165B1EEB2A93F3E34BAB4BBEA66596E5CBBB77C0A634F03C530076A410A4E,text,「呵呵……我记得岩谷中校把我称作盘子，说是一只盛着毒药的盘子。」\p
2222,game_t02230,０２０：１９９７年_17：巌谷帰宅後の煌武院邸.egpack,０２０：１９９７年_17：巌谷帰宅後の煌武院邸,月詠真耶,FC1BB2D07B8CA4CB833A8FC775711F88FDC75DF9188537E5BF556C9021D9D39C,text,「…\w…\w…\w…\w」\p
2223,game_t02231,０２０：１９９７年_17：巌谷帰宅後の煌武院邸.egpack,０２０：１９９７年_17：巌谷帰宅後の煌武院邸,煌武院悠陽,644C78460D7B8C94E58381ED6DE198189BC7B321499D3AEC04DA25BE2BD09CC8,text,「而且他说，会把那只盘子连同毒药一起吞下——对吧？」\p
2224,game_t02232,０２０：１９９７年_17：巌谷帰宅後の煌武院邸.egpack,０２０：１９９７年_17：巌谷帰宅後の煌武院邸,月詠真耶,40BD156DC1E99619BC09117CDB0C5BC855FF02FDC3B5DEEB3F2678ABF56A76C8,text,「是。但那并不是值得家主大人在意的话——」\p
2225,game_t02233,０２０：１９９７年_17：巌谷帰宅後の煌武院邸.egpack,０２０：１９９７年_17：巌谷帰宅後の煌武院邸,煌武院悠陽,9265309AF4389D98747F64A472A9BFB75B9F3643494020D8738DFD32C070BE7D,text,「不，岩谷中校选择了我。因此，我必须证明自己配得上他的觉悟。」\p
2226,game_t02234,０２０：１９９７年_17：巌谷帰宅後の煌武院邸.egpack,０２０：１９９７年_17：巌谷帰宅後の煌武院邸,煌武院悠陽,9F9A255BF36F0F5E9F83D9D1BD3B331D1D2CE389770CC795AEB9A6D2A25AF12A,text,「既然如此，我也要主动把手伸进去。伸进那口由BETA灾祸、乱世，以及这个国家的现状共同熬煮着猛毒的大缸。」\p
2227,game_t02235,０２０：１９９７年_17：巌谷帰宅後の煌武院邸.egpack,０２０：１９９７年_17：巌谷帰宅後の煌武院邸,煌武院悠陽,B7587EEA40A038AC04FD324E1EA7F2FD687E8CF8ADF7936128FC24EAB8B2034D,text,「想从毒罐底部捞出沉在那里的东西，只能这样做。」\p
2228,game_t02236,０２０：１９９７年_17：巌谷帰宅後の煌武院邸.egpack,０２０：１９９７年_17：巌谷帰宅後の煌武院邸,月詠真耶,697B5FA170E703EB29AC97975C62D2A73476EBAD155616E71C3588755827AEA0,text,「请等一下！即使是为了国民，也不能由家主大人亲自做这种事——」\p
2229,game_t02237,０２０：１９９７年_17：巌谷帰宅後の煌武院邸.egpack,０２０：１９９７年_17：巌谷帰宅後の煌武院邸,煌武院悠陽,E93BFA2A9E8E962886BE5716E86BE707A95EB4FE873A0A5AF8E15F18A3EFBC00,text,「位高者须德重——」\p
2230,game_t02238,０２０：１９９７年_17：巌谷帰宅後の煌武院邸.egpack,０２０：１９９７年_17：巌谷帰宅後の煌武院邸,月詠真耶,9B0AA2BFE26D741FCF337A13F5080C39D10890508E58A2DA42B50FEFAD5178A3,text,「……！」\p
2231,game_t02239,０２０：１９９７年_17：巌谷帰宅後の煌武院邸.egpack,０２０：１９９７年_17：巌谷帰宅後の煌武院邸,煌武院悠陽,E12D978032EE88D0714238CC90B418A3AA346916439D08D8B72A4ABDAE20F1BA,text,「连一个舍弃家门之人都说要把毒盘整个吞下。身为五摄家之一的煌武院家主，若连这点事都不做，成何体统？」\p
2232,game_t02240,０２０：１９９７年_17：巌谷帰宅後の煌武院邸.egpack,０２０：１９９７年_17：巌谷帰宅後の煌武院邸,月詠真耶,9DEE840F39288126DE9FB5F9D96E41F6FD7B52FC48C38D9C8708DD402586BB73,text,「家主大人……」\p
2233,game_t02241,０２０：１９９７年_17：巌谷帰宅後の煌武院邸.egpack,０２０：１９９７年_17：巌谷帰宅後の煌武院邸,煌武院悠陽,C6A27C1657D9C0979B6F177413B750A15F1732D47D3A87819586A1184657D83D,text,「不必担心。我也有自己的打算——月咏，进来。」\p
2234,game_t02242,０２０：１９９７年_17：巌谷帰宅後の煌武院邸.egpack,０２０：１９９７年_17：巌谷帰宅後の煌武院邸,月詠真耶,D84ACB792179738F5D8980065A40DEB1D0D43BB1E25A7F304265FB7E1E973311,text,「…\w…\w！？」\p
2235,game_t02243,０２０：１９９７年_17：巌谷帰宅後の煌武院邸.egpack,０２０：１９９７年_17：巌谷帰宅後の煌武院邸,月詠真那,443C40C18D7D25CBB9C2BA43DEF48D384D21CB2A30163D91A2E4B2369D6DAB16,text,「——您叫我吗，家主大人？」\p
2236,game_t02244,０２０：１９９７年_17：巌谷帰宅後の煌武院邸.egpack,０２０：１９９７年_17：巌谷帰宅後の煌武院邸,月詠真耶,4D2B051A11A012FAEA6DD3088C460583749D1682CC740CC1F7C8E39991CCF75F,text,「真那……你已经回来了……」\p
2237,game_t02245,０２０：１９９７年_17：巌谷帰宅後の煌武院邸.egpack,０２０：１９９７年_17：巌谷帰宅後の煌武院邸,月詠真那,6BA2582613502E947BDD1755DBDDEF8DBA546888D8AE7BDD6E5CCBC5163AB1BE,text,「真耶，你还是一样口无遮拦。你把家主大人当成什么了？」\p
2238,game_t02246,０２０：１９９７年_17：巌谷帰宅後の煌武院邸.egpack,０２０：１９９７年_17：巌谷帰宅後の煌武院邸,煌武院悠陽,9BC557C399FA9375295E0DA4F5941558B6CAE6012727E384CE8B735B90917947,text,「无妨。我已经习惯了。」\p
2239,game_t02247,０２０：１９９７年_17：巌谷帰宅後の煌武院邸.egpack,０２０：１９９７年_17：巌谷帰宅後の煌武院邸,月詠真那,E1EBE43B6C08D7A30D1B2018FFF306AFBCE5D70F47309457BC4DB157169DF16B,text,「是。我这位表亲如此无礼，实在令我惭愧。」\p
2240,game_t02248,０２０：１９９７年_17：巌谷帰宅後の煌武院邸.egpack,０２０：１９９７年_17：巌谷帰宅後の煌武院邸,月詠真耶,43C1192DDA2BB150F6F34DE393A618854A53E06A90336F5F981A32C48EFC6E2B,text,「唔……家主大人——那么，您的计策究竟是什么？我们月咏一族该做什么？」\p
2241,game_t02249,０２０：１９９７年_17：巌谷帰宅後の煌武院邸.egpack,０２０：１９９７年_17：巌谷帰宅後の煌武院邸,煌武院悠陽,34C01B0D2C94414475CD866B816387301ECE3B3CE1F612C4D1A24EA91A9E22BF,text,「月咏真耶——自今日起，解除你煌武院家御庭番统领之职。」\p
2242,game_t02250,０２０：１９９７年_17：巌谷帰宅後の煌武院邸.egpack,０２０：１９９７年_17：巌谷帰宅後の煌武院邸,月詠真耶,39D0B2C7A15891D44F4460C8616569CD88491F594CD0415D7B3CE089DC8CAB35,text,「——！？是……！」\p
2243,game_t02251,０２０：１９９７年_17：巌谷帰宅後の煌武院邸.egpack,０２０：１９９７年_17：巌谷帰宅後の煌武院邸,煌武院悠陽,B18787DC74EB52C8A0D62A67F5E8BAA8FE92C60101CCC2DA064959BD1718CE3E,text,「归建斯卫军警备部队。此后，以御庭番统领身份侍奉斑鸠家。」\p
2244,game_t02252,０２０：１９９７年_17：巌谷帰宅後の煌武院邸.egpack,０２０：１９９７年_17：巌谷帰宅後の煌武院邸,月詠真耶,04E92E578BC23F580D1C393DF70A122CB201BB14521AD0317183F2C374FC7F93,text,「斑鸠家……！？这么说——家主大人……？！」\p
2245,game_t02253,０２０：１９９７年_17：巌谷帰宅後の煌武院邸.egpack,０２０：１９９７年_17：巌谷帰宅後の煌武院邸,煌武院悠陽,59C2166C4BB105A6EC43D0D36B26208C967386F9301D66D7752DF256057D12B0,text,「你对斑鸠公抱有的疑虑，尽管彻底调查清楚。」\p
2246,game_t02254,０２０：１９９７年_17：巌谷帰宅後の煌武院邸.egpack,０２０：１９９７年_17：巌谷帰宅後の煌武院邸,月詠真耶,86954861A68D74CC45695553FE7549B5DEAA66A5039D65C5D8C9796BE48AAB82,text,「家、家主大人……！」\p
2247,game_t02255,０２０：１９９７年_17：巌谷帰宅後の煌武院邸.egpack,０２０：１９９７年_17：巌谷帰宅後の煌武院邸,煌武院悠陽,C299A629A5B7866517DCA65C4F1AC8BCA1E241B2E39C447D52643B9092A154A4,text,「拜托你了。」\p
2248,game_t02256,０２０：１９９７年_17：巌谷帰宅後の煌武院邸.egpack,０２０：１９９７年_17：巌谷帰宅後の煌武院邸,月詠真耶,72EC302F49FEF5EFF2C87BEE23B3C8029EAAE0A6FDCB86ECD40C709E1FA60F3A,text,「是——！」\p
2249,game_t02257,０２０：１９９７年_17：巌谷帰宅後の煌武院邸.egpack,０２０：１９９７年_17：巌谷帰宅後の煌武院邸,煌武院悠陽,8CF72F5749F8A492BFE9419939C84A01570391BDC45F93266144206148D8DB42,text,「月咏真那——自明日起，任命你为煌武院家御庭番统领。」\p
2250,game_t02258,０２０：１９９７年_17：巌谷帰宅後の煌武院邸.egpack,０２０：１９９７年_17：巌谷帰宅後の煌武院邸,月詠真那,0C29029C1F03AF4F59C9BCDFADA641238ADEBA7D9CDE0AFEFA06B9EE10C7113F,text,「是——」\p
2251,game_t02259,０２０：１９９７年_17：巌谷帰宅後の煌武院邸.egpack,０２０：１９９７年_17：巌谷帰宅後の煌武院邸,煌武院悠陽,EA6B17B0FBF8D9CC5850CC337505F93FD349EC7CAE1B5EFC3DA16D5EBA14C649,text,「今后周围恐怕会日益喧嚣。请你像真耶一样，继续守护煌武院。」\p
2252,game_t02260,０２０：１９９７年_17：巌谷帰宅後の煌武院邸.egpack,０２０：１９９７年_17：巌谷帰宅後の煌武院邸,月詠真那,C86D5DCA3EEEF467E87CA2C641CA7F785618B46E94969EBA12C439AEEF2B4BA4,text,「——遵命。」\p
2253,game_t02261,０２０：１９９７年_17：巌谷帰宅後の煌武院邸.egpack,０２０：１９９７年_17：巌谷帰宅後の煌武院邸,月詠真那,30F3542CBB96B09EAE40827E5E612502CB0259B40126D73FEF6B9F9E3536D9FE,text,「——家主大人。」\p
2254,game_t02262,０２０：１９９７年_17：巌谷帰宅後の煌武院邸.egpack,０２０：１９９７年_17：巌谷帰宅後の煌武院邸,月詠真那,087873CF9E209190F8B3A176A2EA530AC61C24557CBE23B267EB4CFBDC14DB44,text,「更衣准备已经完成。请往这边走——」\p
2255,game_t02263,０２０：１９９７年_17：巌谷帰宅後の煌武院邸.egpack,０２０：１９９７年_17：巌谷帰宅後の煌武院邸,煌武院悠陽,B3B48B1026638832C74E213D9E28A1CDA9911C4714967775251AC0FDD2ACDA7D,text,「我知道了。」\p
2256,game_t02264,０２０：１９９７年_17：巌谷帰宅後の煌武院邸.egpack,０２０：１９９７年_17：巌谷帰宅後の煌武院邸,月詠真那,42970F5BF17D6D861F2BFF0EEB954F0F821ABB34B59BE020AE6FC598860E904D,text,「那位大人……」\p
2257,game_t02265,０２０：１９９７年_17：巌谷帰宅後の煌武院邸.egpack,０２０：１９９７年_17：巌谷帰宅後の煌武院邸,月詠真那,9DEF189D4B101E39F0D93272882AD4BAD48AF3DFE1D616FF41D6145B17EDD8F7,text,「在城内省调查室鉴于大陆局势所作的安排下，那位大人已经迁往仙台御剑邸。」\p
2258,game_t02266,０２０：１９９７年_17：巌谷帰宅後の煌武院邸.egpack,０２０：１９９７年_17：巌谷帰宅後の煌武院邸,煌武院悠陽,D010BD6C94A95FEE6881AD96517B4F5EE121CABCD9308462858920F3F3B6EC9A,text,「……你在说什么？」\p
2259,game_t02267,０２０：１９９７年_17：巌谷帰宅後の煌武院邸.egpack,０２０：１９９７年_17：巌谷帰宅後の煌武院邸,月詠真那,443CD279AD7A9104EAA20E666C9B1015B88F4ACB4C95177D746AC0F08557ED67,text,「不，只是真那自言自语。请不要在意……」\p
2260,game_t02268,０２０：１９９７年_17：巌谷帰宅後の煌武院邸.egpack,０２０：１９９７年_17：巌谷帰宅後の煌武院邸,煌武院悠陽,C78CC453249C94B0485E948A3592607D7353603BAFCC37299B8F6F75FF07F4CF,text,「……这样啊。」\p
2261,game_t02269,０２０：１９９７年_17：巌谷帰宅後の煌武院邸.egpack,０２０：１９９７年_17：巌谷帰宅後の煌武院邸,煌武院悠陽,4DB15CB02F3F92A3438E0E2643D48731CA2BC500FED9474DCEA5069EAB3A6F19,text,「……感谢你……」\p
2262,game_t02270,０２０：１９９７年_17：巌谷帰宅後の煌武院邸.egpack,０２０：１９９７年_17：巌谷帰宅後の煌武院邸,煌武院悠陽,01E72789441F7A0F223C9E337A78B4E8799F255BCD97759D34D6D38DC3B64D2E,text,「……只是自言自语，不必在意。」\p
2263,game_t02271,０２０：１９９７年_17：巌谷帰宅後の煌武院邸.egpack,０２０：１９９７年_17：巌谷帰宅後の煌武院邸,月詠真那,0C29029C1F03AF4F59C9BCDFADA641238ADEBA7D9CDE0AFEFA06B9EE10C7113F,text,「是——」\p
2264,game_t02272,０２０：１９９７年_18：強化装備実装　６月７日.egpack,０２０：１９９７年_18：強化装備実装　６月７日,声,9A71C9894007538881B6FAEE0732E0E80B4A30980E5E8D79E45A1D28EEC1790F,text,「——讨厌，这也太紧了吧～！」\p
2265,game_t02273,０２０：１９９７年_18：強化装備実装　６月７日.egpack,０２０：１９９７年_18：強化装備実装　６月７日,声,D643151A0DC005299630A325BCDE979CABBA8975B6452A53C4557A6890C9F5F3,text,「啊～真是的！早知道就认真减肥了……！」\p
2266,game_t02274,０２０：１９９７年_18：強化装備実装　６月７日.egpack,０２０：１９９７年_18：強化装備実装　６月７日,旁白,E3601F07B65C9197ACE630428B58CCFE67BA38C206368516142663A56231754B,text,这才是真正的七七式强化装备——终于走到这一步，才有了实感……\p
2267,game_t02275,０２０：１９９７年_18：強化装備実装　６月７日.egpack,０２０：１９９７年_18：強化装備実装　６月７日,唯依,FC1BB2D07B8CA4CB833A8FC775711F88FDC75DF9188537E5BF556C9021D9D39C,text,「…\w…\w…\w…\w」\p
2268,game_t02276,０２０：１９９７年_18：強化装備実装　６月７日.egpack,０２０：１９９７年_18：強化装備実装　６月７日,旁白,217102B5032E6A84202DA1A58DBC2F23EFEA76585E7229B0B7B74199A7F2384D,text,不过，这个……\p
2269,game_t02277,０２０：１９９７年_18：強化装備実装　６月７日.egpack,０２０：１９９７年_18：強化装備実装　６月７日,旁白,F2C7BFCD991CC2341C71EE94EA415E420D368F6247591DA370AE795DE58D958C,text,相当……紧……不是应该……很有弹性吗……？\p
2270,game_t02278,０２０：１９９７年_18：強化装備実装　６月７日.egpack,０２０：１９９７年_18：強化装備実装　６月７日,安芸,17F4D9916779B98D95E711347613716F588A54AE8381AA6E3A1AAB7502680D2C,text,「哇，里面滑溜溜的！而且还有点凉——呃～！！」\p
2271,game_t02279,０２０：１９９７年_18：強化装備実装　６月７日.egpack,０２０：１９９７年_18：強化装備実装　６月７日,志摩子,66842DD5080FAD8140D6C96DC1CE088746AFE86B1CA976E78AD5887D8D8AD12C,text,「呜……要不要给我换大一号呢……」\p
2272,game_t02280,０２０：１９９７年_18：強化装備実装　６月７日.egpack,０２０：１９９７年_18：強化装備実装　６月７日,和泉,F7E1C922D5C995B56198CCDF49B44BCD2F8C7ADBFB90152757A493CE973A3D57,text,「没事，只要一口气拉到上面就行。它的伸展性还挺强的。」\p
2273,game_t02281,０２０：１９９７年_18：強化装備実装　６月７日.egpack,０２０：１９９７年_18：強化装備実装　６月７日,志摩子,EBB7363E23BDE7542FD92B810A2E9A0F39ADF41C8D9FD103A567DCDC0FBF963F,text,「啊，真的！正在一点点贴合了。」\p
2274,game_t02282,０２０：１９９７年_18：強化装備実装　６月７日.egpack,０２０：１９９７年_18：強化装備実装　６月７日,安芸,B9E9F672558602751DAC60978C3CE7E0EBADF64B9E2731A09554F2B5F92EE714,text,「哇，什么什么！？感觉……好像渗进皮肤里了？！」\p
2275,game_t02283,０２０：１９９７年_18：強化装備実装　６月７日.egpack,０２０：１９９７年_18：強化装備実装　６月７日,唯依,0425F05F439E8EBB39E5DBCDC9AC1136E0344437E1148EE936623E5DAB63A375,text,「理论课不是讲过吗？这是为了更容易检测肌电压。虽然有点恶心，但也没办法。」\p
2276,game_t02284,０２０：１９９７年_18：強化装備実装　６月７日.egpack,０２０：１９９７年_18：強化装備実装　６月７日,安芸,E57D083A001B8E1F843C10D1B72D750B17DBCFF8D550414F97305E9048099FA4,text,「可是啊～实际穿上才发现，这东西还挺难受的。胯下那套排泄引流装置……异物感特别强，感觉走路都要变成外八字了～！」\p
2277,game_t02285,０２０：１９９７年_18：強化装備実装　６月７日.egpack,０２０：１９９７年_18：強化装備実装　６月７日,和泉,1DBF204B6CF0AC2440E9EC717C7CC77C241C4524BBE9852D2737AF9D7E838375,text,「你啊，别一惊一乍了，赶紧换好——」\p
2278,game_t02286,０２０：１９９７年_18：強化装備実装　６月７日.egpack,０２０：１９９７年_18：強化装備実装　６月７日,唯依,46B5AA6FCC3F0306A3D5F45784B88629168BE3C958E4C982F8C041EC01858477,text,「还是赶快穿上第二层装备吧。感官欺骗生效以后，就不会在意了。」\p
2279,game_t02287,０２０：１９９７年_18：強化装備実装　６月７日.egpack,０２０：１９９７年_18：強化装備実装　６月７日,旁白,839A841755AA2FE74B30C29B235830A910CE5B11C53CC53BA5A37A82AA26A919,text,知道是一回事，实际穿上果然完全是另一回事。\p
2280,game_t02288,０２０：１９９７年_18：強化装備実装　６月７日.egpack,０２０：１９９７年_18：強化装備実装　６月７日,旁白,CE653A4A15A78B9D572A5A0BF5D3D91808F0BCA4ECF1C7480DFE55A886770217,text,考虑到实战，必须练到能更快穿上才行。\p
2281,game_t02289,０２０：１９９７年_18：強化装備実装　６月７日.egpack,０２０：１９９７年_18：強化装備実装　６月７日,旁白,2901C5D8145EE03E776E4709E1BFF65AE53B787471E8E8764126569C67427D2B,text,不过……\p
2282,game_t02290,０２０：１９９７年_18：強化装備実装　６月７日.egpack,０２０：１９９７年_18：強化装備実装　６月７日,旁白,93216C53FB44D98DBE3B42671C8FD39DC500680C129DF2F282435DC70F6482B6,text,果然，无着色的强化皮膜……实际穿上以后……\p
2283,game_t02291,０２０：１９９７年_18：強化装備実装　６月７日.egpack,０２０：１９９７年_18：強化装備実装　６月７日,旁白,5B24F4CC879F23FF4AE4B3EA4F9C254FC3F820FC16E6B52280D9F608295ABA5E,text,看来无论什么事，都得亲身经历过才行……\p
2284,game_t02292,０２０：１９９７年_18：強化装備実装　６月７日.egpack,０２０：１９９７年_18：強化装備実装　６月７日,旁白,0F0F44796F354A76BDE599A7B5B2596F740B6ED58F9C5DBE19A8668E856B6652,text,毕竟我从小看到的，都是斯卫那种黑色强化皮膜……\p
2285,game_t02293,０２０：１９９７年_18：強化装備実装　６月７日.egpack,０２０：１９９７年_18：強化装備実装　６月７日,志摩子,62EA83D5694392424DA0CD49179E00FA740657DCBAFDC8EEDD6F2877D63BEFE7,text,「怎么说呢……果然……还是很让人害羞吧……？」\p
2286,game_t02294,０２０：１９９７年_18：強化装備実装　６月７日.egpack,０２０：１９９７年_18：強化装備実装　６月７日,安芸,3AF3C6FA8EE0E108259CCC2FF15C967F8D5FD7A09F7EB9669B11B207D1AC8433,text,「真是糟透了～战术魔鬼那种人肯定会用色眯眯的眼神看我们～！」\p
2287,game_t02295,０２０：１９９７年_18：強化装備実装　６月７日.egpack,０２０：１９９７年_18：強化装備実装　６月７日,和泉,991EFA9AE9E5ADFDC07D9E0E819EA45F0D72B232FDA0A162E7D80FE74877BB84,text,「它会从各种意义上保护我们，就别抱怨了。」\p
2288,game_t02296,０２０：１９９７年_18：強化装備実装　６月７日.egpack,０２０：１９９７年_18：強化装備実装　６月７日,安芸,6F531E5D87CCFDCDC0A89F321C73E049D444629984844DE68A6AC5F23F08310C,text,「可是啊～微微透明也就算了……总觉得，身体曲线也显得太清楚了……」\p
2289,game_t02297,０２０：１９９７年_18：強化装備実装　６月７日.egpack,０２０：１９９７年_18：強化装備実装　６月７日,和泉,1E508E993E06803FEBB7269243EB2398C9CCCDDC9C3C9BEE1596B08BD4735F04,text,「放心吧，安艺。就算教官们都是饿坏了的大叔，真要看也肯定会挑有看头的。」\p
2290,game_t02298,０２０：１９９７年_18：強化装備実装　６月７日.egpack,０２０：１９９７年_18：強化装備実装　６月７日,安芸,886CD55623340793E46E6C822088E0D68E4358D19BA3DFB0C0F537B14C51F814,text,「你这话什么意思——等等，和泉……你刚才为什么看我胸！？喂——怎么连志摩子也！！」\p
2291,game_t02299,０２０：１９９７年_18：強化装備実装　６月７日.egpack,０２０：１９９７年_18：強化装備実装　６月７日,志摩子,EC2EC16A2F723B7DE4DBE2625385372EE475D72E353C51FD334CFCAD590A3DF3,text,「啊哈哈哈，我可什么都没说哦～」\p
2292,game_t02300,０２０：１９９７年_18：強化装備実装　６月７日.egpack,０２０：１９９７年_18：強化装備実装　６月７日,安芸,DB2DA050F8D9177083B84FD7ED0166F588B927053A5E5B43DAEB3C51674A5640,text,「呜呜呜～～……！」\p
2293,game_t02301,０２０：１９９７年_18：強化装備実装　６月７日.egpack,０２０：１９９７年_18：強化装備実装　６月７日,志摩子,66D52CC73FE87E5E3DDC228487F81514203F28A5D41E88549687AD94E6FDFF68,text,「——呀！」\p
2294,game_t02302,０２０：１９９７年_18：強化装備実装　６月７日.egpack,０２０：１９９７年_18：強化装備実装　６月７日,安芸,E48E5BA5647C5EA4D78DBBF8C997B1D02CD97256118F4012D6075EFAF41E1905,text,「——哇，好硬！你们的胸怎么回事！？简直像混凝土……咦？又变软了。」\p
2295,game_t02303,０２０：１９９７年_18：強化装備実装　６月７日.egpack,０２０：１９９７年_18：強化装備実装　６月７日,和泉,946619E60CC93FE39D2293F2FBF0FD31C2FA7FD0F4784493DEAA32D098B589FA,text,「强化皮膜遇到急剧的外部压力，会因分子结构发生偏移而硬化。你还真对理论课毫无兴趣。」\p
2296,game_t02304,０２０：１９９７年_18：強化装備実装　６月７日.egpack,０２０：１９９７年_18：強化装備実装　６月７日,安芸,1C271930498DB8C237F54055A6DF2DD36201DCB54C86DE723CAC199B13166000,text,「啊……这么一说，好像是讲过吧？——啊哈哈哈！」\p
2297,game_t02305,０２０：１９９７年_18：強化装備実装　６月７日.egpack,０２０：１９９７年_18：強化装備実装　６月７日,和泉,4EF02773650F7DBD8D28D5551F05992D9FB9C284F0AA2499012876DDCF18994F,text,「别啊哈哈了！什么混凝土，真是失礼。」\p
2298,game_t02306,０２０：１９９７年_18：強化装備実装　６月７日.egpack,０２０：１９９７年_18：強化装備実装　６月７日,志摩子,2485CE1D4AE6D9E361BBD7A0BC437AD6441770E68D36D1D20F6B9A8BF8E2B224,text,「我说……差不多可以了吧，安艺～」\p
2299,game_t02307,０２０：１９９７年_18：強化装備実装　６月７日.egpack,０２０：１９９７年_18：強化装備実装　６月７日,唯依,FC1BB2D07B8CA4CB833A8FC775711F88FDC75DF9188537E5BF556C9021D9D39C,text,「…\w…\w…\w…\w」\p
2300,game_t02308,０２０：１９９７年_18：強化装備実装　６月７日.egpack,０２０：１９９７年_18：強化装備実装　６月７日,旁白,9148942BC3383EF875C804814ED88EDF88A69D54E1654CF4CAD04285E985E284,text,不是理论，也不是知识——真正穿上强化装备的这一刻，才是起点。\p
2301,game_t02309,０２０：１９９７年_18：強化装備実装　６月７日.egpack,０２０：１９９７年_18：強化装備実装　６月７日,旁白,F76A10257DDC11F01AEECACEC89CA6238043E343503A059DD17A066E7A15D621,text,通往卫士的漫长道路——真正的起点。\p
2302,game_t02310,０２０：１９９７年_18：強化装備実装　６月７日.egpack,０２０：１９９７年_18：強化装備実装　６月７日,旁白,F2767E9F3BDD3E5E0353DB8893E4A2DE26A0261E7EC3B4675E5DD51346017E20,text,这是向参与战术机开发的父亲、岩谷叔叔，还有恭子大人靠近的第一步——\p
2303,game_t02311,０２０：１９９７年_18：強化装備実装　６月７日.egpack,０２０：１９９７年_18：強化装備実装　６月７日,旁白,230CA68799769019A4ACA778C0AF1DFFCC92D72279B2D3A23FE2B0D583B0FE62,text,然后——\p
2304,game_t02312,０２０：１９９７年_18：強化装備実装　６月７日.egpack,０２０：１９９７年_18：強化装備実装　６月７日,旁白,6AB7F645339749DC1E93D30BEEF1991C492AF9EFE2E6E8B99804D2E21C15EBDC,text,——下一次一定要战胜山城，打消所有人的质疑。\p
2305,game_t02313,０２０：１９９７年_18：強化装備実装　６月７日.egpack,０２０：１９９７年_18：強化装備実装　６月７日,唯依,31B06F51D09AF19EA467FE57ECD0E87BCA142C93AFBCF4460C7EB6E6755E3C22,text,「——好。」\p
2306,game_t02314,０２０：１９９７年_19：実機訓練　７月１５日.egpack,０２０：１９９７年_19：実機訓練　７月１５日,真田教官,749589CAC9B540C64377C826E26571CC6FE1A0D2D0784CD74A40B45B5CEE5967,text,「——你们一个个都是什么样子！想滚回模拟器课程吗！！」\p
2307,game_t02315,０２０：１９９７年_19：実機訓練　７月１５日.egpack,０２０：１９９７年_19：実機訓練　７月１５日,真田教官,3C133C526DE4B30AC3445068273378577BEBD6519AE5C8DFA55FCDB73C995FBB,text,「——对你们而言，战术机既是武器与铠甲，也是坐骑！不能像手脚一样运用自如，就别谈别的！！」\p
2308,game_t02316,０２０：１９９７年_19：実機訓練　７月１５日.egpack,０２０：１９９７年_19：実機訓練　７月１５日,旁白,01B9343311622B15365DCBD839906396C918D98101468D4D0A8AB6DEF612522E,text,可恶……！\p
2309,game_t02317,０２０：１９９７年_19：実機訓練　７月１５日.egpack,０２０：１９９７年_19：実機訓練　７月１５日,旁白,A0D688B353D4B47FA7A2D44CD0ABBF7C84546D4691511BC7AF8053EEDC4D0CA9,text,到底怎么了……！在模拟器里明明成绩很好！\p
2310,game_t02318,０２０：１９９７年_19：実機訓練　７月１５日.egpack,０２０：１９９７年_19：実機訓練　７月１５日,旁白,BDE3FC96144CD790DE8ECA0E69D96F19D3A9CB8F5AE8B3B1AC3A0547C152DA1D,text,尤其是编队飞行……！\p
2311,game_t02319,０２０：１９９７年_19：実機訓練　７月１５日.egpack,０２０：１９９７年_19：実機訓練　７月１５日,旁白,4EB621EA134B9F79AF03A2FB4428A290508B5C4509C0A862003C4329EB78B668,text,压低输出，调整机体平衡——不，不行！\p
2312,game_t02320,０２０：１９９７年_19：実機訓練　７月１５日.egpack,０２０：１９９７年_19：実機訓練　７月１５日,旁白,8EC680C6DEDB153C69CD4466D0191D2700320E662564501F35BD29225A4C76B9,text,首先得让身体记住，如何在维持这个速度的同时控制机体……！\p
2313,game_t02321,０２０：１９９７年_19：実機訓練　７月１５日.egpack,０２０：１９９７年_19：実機訓練　７月１５日,真田教官,65C95E1AABFFFC2F625A49E1AF0D73EE0DE7D04B3F93F020CC4FBD00A5F35202,text,「——听好了！压低高度！加快速度——贴着地面爬！！」\p
2314,game_t02322,０２０：１９９７年_19：実機訓練　７月１５日.egpack,０２０：１９９７年_19：実機訓練　７月１５日,真田教官,AC93B31C9738D6181FDB217C40585E4DABC476EB7F8DC45E07B65CDDEE75B810,text,「——C-02！换成实战，你现在早就被烧熟了！！」\p
2315,game_t02323,０２０：１９９７年_19：実機訓練　７月１５日.egpack,０２０：１９９７年_19：実機訓練　７月１５日,唯依,54E3C2965AD453C27A7CE0EA9B347082DA1BF15EE415C83EC0F5F9C68F0A8CA2,text,「——压低、加速、贴地爬行……！」\p
2316,game_t02324,０２０：１９９７年_19：実機訓練　７月１５日.egpack,０２０：１９９７年_19：実機訓練　７月１５日,旁白,C70B4520D1D5137C66CD167D4F579C138F7D3CCA3D3652C9B801185CB23468E9,text,糟了——高度降过头了！？\p
2317,game_t02325,０２０：１９９７年_19：実機訓練　７月１５日.egpack,０２０：１９９７年_19：実機訓練　７月１５日,旁白,F6130BBA968644172C04A04C522B5096E5B3E06AAFEE0FD9B0B86027E1A0CB83,text,——拉升幅度太小！要……坠毁了！？\p
2318,game_t02326,０２０：１９９７年_19：実機訓練　７月１５日.egpack,０２０：１９９７年_19：実機訓練　７月１５日,旁白,AB7F4B3105AE24B1198810351BF432CF9144906CD80084AA27B53BB02AECE5C2,text,输入没反应——！？\p
2319,game_t02327,０２０：１９９７年_19：実機訓練　７月１５日.egpack,０２０：１９９７年_19：実機訓練　７月１５日,唯依,C917A0F86152E99D78B1B4BA78063FAF3DA7E3400F4974A34CA49314DDF2EBE2,text,「——！！」\p
2320,game_t02328,０２０：１９９７年_19：実機訓練　７月１５日.egpack,０２０：１９９７年_19：実機訓練　７月１５日,旁白,ABEDC6C451C0C9B01B7F48BB5F55CF1A13B7A4A25871903E202A972B6231EADA,text,——自主辅助程序！？\p
2321,game_t02329,０２０：１９９７年_19：実機訓練　７月１５日.egpack,０２０：１９９７年_19：実機訓練　７月１５日,真田教官,E87AB14B28FFF46CA366187530BAC1871F20AA1AF63C3D870A5F1C28CD19F505,text,「——D-01！你至今到底学了些什么！相信仪表，蠢货！！」\p
2322,game_t02330,０２０：１９９７年_19：実機訓練　７月１５日.egpack,０２０：１９９７年_19：実機訓練　７月１５日,旁白,59426B64DC1B5BDCF1E223212B57ED665743587D2DB213B9F1E2E8CE0DC505BA,text,——在模拟器里明明一次都没犯过这种错……！！\p
2323,game_t02331,０２０：１９９７年_19：実機訓練　７月１５日.egpack,０２０：１９９７年_19：実機訓練　７月１５日,唯依,D18C12CE20A6BF7C36E77DAC8E2ED2EF686179AAF2E8781B0BE5248EA6F143AA,text,「……可恶！！」\p
2324,game_t02334,０２０：１９９７年_19：実機訓練　７月１５日.egpack,０２０：１９９７年_19：実機訓練　７月１５日,旁白,F15E4D7E20B303EC89DA880022E290C674AA0664C0FF235E5FD29C9C05559EAE,text,——冷静！冷静下来，从理论开始回想……！\p
2325,game_t02335,０２０：１９９７年_19：実機訓練　７月１５日.egpack,０２０：１９９７年_19：実機訓練　７月１５日,真田教官,DD2D7D6424BA2B268EDF9C3A1E0E932191312788E1124CE7809A298F93901D62,text,「——战术机从一开始就不是以持续飞行为前提设计的。」\p
2326,game_t02336,０２０：１９９７年_19：実機訓練　７月１５日.egpack,０２０：１９９７年_19：実機訓練　７月１５日,真田教官,C61FD8EA2E95EDE2DA0369285C3117F0C413D76CE410735778E5E597BC6AA9A7,text,「所谓战术机飞行——也就是长距离水平喷射跳跃——从流体力学上讲，理论上属于不可能的领域。」\p
2327,game_t02337,０２０：１９９７年_19：実機訓練　７月１５日.egpack,０２０：１９９７年_19：実機訓練　７月１５日,真田教官,DE9F3644D3CD61A2E2D8D2B130A12524F4EE22794487B2077B4F2639CB9A44FC,text,「——那它为什么能飞？答案很简单！」\p
2328,game_t02338,０２０：１９９７年_19：実機訓練　７月１５日.egpack,０２０：１９９７年_19：実機訓練　７月１５日,真田教官,02851BFF712D1006CD9F1097BC98C3757F6695D2F64DAD23A5E84E8B4A807BCC,text,「因为跳跃单元搭载的火箭/喷气发动机拥有极高的推重比，再加上由计算机控制的FBW或FBL自主辅助系统。」\p
2329,game_t02339,０２０：１９９７年_19：実機訓練　７月１５日.egpack,０２０：１９９７年_19：実機訓練　７月１５日,真田教官,5D1049EE61B3F679C6FB4AB3B4CAA87FA5E0F58EF12553B2EF8012342A7DFDC1,text,「FBL是从第三代机开始采用的光纤电子控制。传输容量更大、重量更轻、耐久性更高，还能适应核战术环境，优点数不胜数。」\p
2330,game_t02340,０２０：１９９７年_19：実機訓練　７月１５日.egpack,０２０：１９９７年_19：実機訓練　７月１５日,真田教官,DC36C6FE32664A4DE09B18837E4ADB7CB46CB2E397C1719EEF5E7671E861AA88,text,「只要有这些自主辅助，若只是飞行而非战斗机动，想让它坠毁反而更难。可是！」\p
2331,game_t02341,０２０：１９９７年_19：実機訓練　７月１５日.egpack,０２０：１９９７年_19：実機訓練　７月１５日,真田教官,D33B9FDFE38B190CA02FB9B195A6D220A75095D9DC8398B3B2B816CB59E2EF8E,text,「你们在实机训练中使用的教练机可不一样！不管怎样轻量化、现代化改装，击震终究是第一代机！！」\p
2332,game_t02342,０２０：１９９７年_19：実機訓練　７月１５日.egpack,０２０：１９９７年_19：実機訓練　７月１５日,真田教官,65743CB1FA827735A42671CCD4D87F10780F83C55E42DAAA76FAD100C5F7D708,text,「在它设计的年代，跳跃单元主发动机输出远低于现在，只能勉强进行蛙跳式连续跳跃。由于运动性和机动性都低，机体自然走向了重装甲化。」\p
2333,game_t02343,０２０：１９９７年_19：実機訓練　７月１５日.egpack,０２０：１９９７年_19：実機訓練　７月１５日,真田教官,553D3DC3B60EC9109B62884593AA1574CB2D7470DAB219D0B2D040A20DF03547,text,「因此，为非长距离飞行设计的机体外形，使其气动特性极不稳定。哪怕很小的输入失误也会让姿态大幅紊乱，所以系统施加了强力的自主修正。」\p
2334,game_t02344,０２０：１９９７年_19：実機訓練　７月１５日.egpack,０２０：１９９７年_19：実機訓練　７月１５日,真田教官,3E1AADDB096C4EAFD6FAF014283A3DF8716FCD8F606876519327C7517DE080FA,text,「——这里就有一个新手最容易掉进去的陷阱！」\p
2335,game_t02345,０２０：１９９７年_19：実機訓練　７月１５日.egpack,０２０：１９９７年_19：実機訓練　７月１５日,真田教官,AE5043CF3042FA3E19F3074CC007E829B2CD10C333EC7ED8F9B7EA01817BF6E1,text,「自主控制在修正紊乱姿态时会产生体感偏差，操纵者却误以为机体没有响应，进而手动加大输入量。」\p
2336,game_t02346,０２０：１９９７年_19：実機訓練　７月１５日.egpack,０２０：１９９７年_19：実機訓練　７月１５日,真田教官,4170EF50A9AADC788FF11C8E1F0A6D6E022D924493239A3A7DB90FD6BF3E5BAB,text,「机体自主控制与卫士操纵双方交替做出幅度越来越大的修正，最终导致机体彻底失控并坠毁——这是经验不足的卫士最常发生的事故。」\p
2337,game_t02347,０２０：１９９７年_19：実機訓練　７月１５日.egpack,０２０：１９９７年_19：実機訓練　７月１５日,旁白,A66445C1764ACCF7EA8C3ED8096B66F3C77F181462AF5D01557A9ABA169901CC,text,没事……！只是飞行的话，战术机不会坠毁……！！\p
2338,game_t02348,０２０：１９９７年_19：実機訓練　７月１５日.egpack,０２０：１９９７年_19：実機訓練　７月１５日,旁白,42A06CB43221040C3B229503EB72ACC4555AFE9481DF8A004D9AC3E5E15A89AE,text,不能着急……！慢慢来，谨慎一点……！\p
2339,game_t02349,０２０：１９９７年_19：実機訓練　７月１５日.egpack,０２０：１９９７年_19：実機訓練　７月１５日,旁白,90DE1DA131CF3063967A76873E8B3F46B308266814C7B9863B68A87B4B1C7943,text,只要顺着自主控制的反应就好……！\p
2340,game_t02350,０２０：１９９７年_19：実機訓練　７月１５日.egpack,０２０：１９９７年_19：実機訓練　７月１５日,唯依,4B86817905BFDBBCFE75091668CC98AFCB6CF6D8097B0BD7941992EE6F44453D,text,「……！！」\p
2341,game_t02351,０２０：１９９７年_19：実機訓練　７月１５日.egpack,０２０：１９９７年_19：実機訓練　７月１５日,唯依,A1557C9B7A6192D8BA9783B379DE4E8B26D92FF096E4E5E82539D386AECE9BC1,text,「……！！」\p
2342,game_t02352,０２０：１９９７年_19：実機訓練　７月１５日.egpack,０２０：１９９７年_19：実機訓練　７月１５日,旁白,9124F8CB4286EEC5C66E7F3F63E93C790C2D0E62BD0FABE9DEF837A0E9A54B9D,text,总算……稳住了……\p
2343,game_t02353,０２０：１９９７年_19：実機訓練　７月１５日.egpack,０２０：１９９７年_19：実機訓練　７月１５日,斉藤助教,CB3340095234A2ED78DE0CB76B019A2B483BA03B5E35067FE01BBFA445572ABA,text,「——战术机绝不会背叛你们！」\p
2344,game_t02354,０２０：１９９７年_19：実機訓練　７月１５日.egpack,０２０：１９９７年_19：実機訓練　７月１５日,斉藤助教,A45F4233111E40DD1F9EE15B10B9A2A798CE937568431C4702EA6D88B72C79F2,text,「你们在规格性能之上积累的一切，才会成为那架机体真正的性能！——明白了吗！？」\p
2345,game_t02355,０２０：１９９７年_19：実機訓練　７月１５日.egpack,０２０：１９９７年_19：実機訓練　７月１５日,旁白,C5FFB1E4277B3B16F5D4915F8CB08A449E43183DDD9CFAAF1178DA5332E28756,text,没错……今天才是我们的第一步。\p
2346,game_t02356,０２０：１９９７年_19：実機訓練　７月１５日.egpack,０２０：１９９７年_19：実機訓練　７月１５日,旁白,04BB2B94D4F1E7A435375D9ECD8E5BB9105815760567BCC626B8E763F0D9D957,text,只能不急不躁……脚踏实地地积累。\p
2347,game_t02357,０２０：１９９７年_19：実機訓練　７月１５日.egpack,０２０：１９９７年_19：実機訓練　７月１５日,旁白,B6AF11C88B5CF89B36DBC1614CED016E66FC8B877E5C4C7AE423143C89FA9812,text,太好了……志摩子她们的机体也逐渐稳定下来了。\p
2348,game_t02358,０２０：１９９７年_19：実機訓練　７月１５日.egpack,０２０：１９９７年_19：実機訓練　７月１５日,旁白,564A1F3760F130EC74591DC813818058AA5EA60A4EAE949FBBE0C22DD782830B,text,对了，山城呢——！？\p
2349,game_t02359,０２０：１９９７年_19：実機訓練　７月１５日.egpack,０２０：１９９７年_19：実機訓練　７月１５日,旁白,DC6693CADA760E62566ED9207860AEB502D0C97E507D35569AA624711819976A,text,该说不愧是她吗……好厉害……\p
2350,game_t02360,０２０：１９９７年_19：実機訓練　７月１５日.egpack,０２０：１９９７年_19：実機訓練　７月１５日,旁白,9ACE998FC812167C23EDC572657A9F6E3083C211B7F8D52BEA7A0D3C059CACAF,text,这么一想，J-01——山城一次都没挨过训。\p
2351,game_t02361,０２０：１９９７年_19：実機訓練　７月１５日.egpack,０２０：１９９７年_19：実機訓練　７月１５日,旁白,8AD83295863E96825AFFA98CBFB7862AAACDB58716591B373502BC524405DCB8,text,明明彼此都是今天第一次搭乘实机，差距却已经——\p
2352,game_t02362,０２０：１９９７年_19：実機訓練　７月１５日.egpack,０２０：１９９７年_19：実機訓練　７月１５日,唯依,FC1BB2D07B8CA4CB833A8FC775711F88FDC75DF9188537E5BF556C9021D9D39C,text,「…\w…\w…\w…\w」\p
2353,game_t02363,０２０：１９９７年_19：実機訓練　７月１５日.egpack,０２０：１９９７年_19：実機訓練　７月１５日,旁白,4809F49ACE7339D682ED3E336CB9538F4859534B47E304042F5416237B40DC9B,text,不，现在不是拿自己和别人比较、忽喜忽忧的时候——\p
2354,game_t02364,０２０：１９９７年_19：実機訓練　７月１５日.egpack,０２０：１９９７年_19：実機訓練　７月１５日,旁白,ECE59E4CD48F279B99D5ABBB9D9B6C2170E56420D6D8C22270A01B7B7D4386A5,text,磨炼自己——只管磨炼自己！！\p
2355,game_t02365,０２０：１９９７年_19：実機訓練　７月１５日.egpack,０２０：１９９７年_19：実機訓練　７月１５日,真田教官,A23B4B7DE6650A5AFC3F13D7562A51B114212A254ACA2E692A65D8CE55B2924C,text,「——G-04，在干什么！刚才那一下，你已经被烤成焦炭了！！」\p
2356,game_t02366,０２０：１９９７年_20：昼食後　安芸との約束　中庭　数時間後　７月１５日.egpack,０２０：１９９７年_20：昼食後　安芸との約束　中庭　数時間後　７月１５日,安芸,3888D09383608B8995F883F337F3F3DEA86490663C44DCE5CF60ABFF992903B1,text,「——啊～～累死了～～！实机训练后的午饭真是糟透了～」\p
2357,game_t02367,０２０：１９９７年_20：昼食後　安芸との約束　中庭　数時間後　７月１５日.egpack,０２０：１９９７年_20：昼食後　安芸との約束　中庭　数時間後　７月１５日,和泉,8C4BD31F16100A301692CDD1F491D010370037C501ABE63B732457F3C5B2730F,text,「这种乏力感……以后能习惯吗……」\p
2358,game_t02368,０２０：１９９７年_20：昼食後　安芸との約束　中庭　数時間後　７月１５日.egpack,０２０：１９９７年_20：昼食後　安芸との約束　中庭　数時間後　７月１５日,志摩子,14702C818D6352D5579AD95444660C50FA46A9F953F62E5B177A54277ED26F7F,text,「上午安排实机训练的话……中午真的很难受。」\p
2359,game_t02369,０２０：１９９７年_20：昼食後　安芸との約束　中庭　数時間後　７月１５日.egpack,０２０：１９９７年_20：昼食後　安芸との約束　中庭　数時間後　７月１５日,安芸,A3D2B7EC55EBC62E26FF6A6302D962CB7CA216D72BB398962280103DA3A05B5B,text,「明明浑身没劲，却得等所有人到齐才能放松姿势。没胃口还得赶紧吃，不然又要挨吼……」\p
2360,game_t02370,０２０：１９９７年_20：昼食後　安芸との約束　中庭　数時間後　７月１５日.egpack,０２０：１９９７年_20：昼食後　安芸との約束　中庭　数時間後　７月１５日,和泉,D097E39881A8FD73E920B47DD6DAC855386F0F3E8700C856ED3FF11C115E3CCB,text,「不过，强化装备的感官欺骗还真厉害……」\p
2361,game_t02371,０２０：１９９７年_20：昼食後　安芸との約束　中庭　数時間後　７月１５日.egpack,０２０：１９９７年_20：昼食後　安芸との約束　中庭　数時間後　７月１５日,志摩子,3DD84125950688093785825A2B0F22BA03906CBFA137B0EE52832055B6037139,text,「内脏明明难受成这样，穿着时却完全感觉不到……」\p
2362,game_t02372,０２０：１９９７年_20：昼食後　安芸との約束　中庭　数時間後　７月１５日.egpack,０２０：１９９７年_20：昼食後　安芸との約束　中庭　数時間後　７月１５日,唯依,3CDD00EBA8184B5399D5541067001623E9873711CB9CBFABFD0EFD2795E8ED52,text,「熬到内脏肌肉适应就好了。实机搭乘满二十小时，应该就没问题了……」\p
2363,game_t02373,０２０：１９９７年_20：昼食後　安芸との約束　中庭　数時間後　７月１５日.egpack,０２０：１９９７年_20：昼食後　安芸との約束　中庭　数時間後　７月１５日,和泉,366474A4682552A6AD73AB0ECC6A28C7C00DB22740CE475659456E3CF6DCAB21,text,「我可能要更久……今天一直上下颠簸，烧心似的，难受得厉害……」\p
2364,game_t02374,０２０：１９９７年_20：昼食後　安芸との約束　中庭　数時間後　７月１５日.egpack,０２０：１９９７年_20：昼食後　安芸との約束　中庭　数時間後　７月１５日,志摩子,C62C877179C90FBB9E90F73B7E97777D55FC5C6AD4C04C160C0640C442A7EC29,text,「我也因为输入过度，差点坠毁好几次。反复上下颠簸……真够受的。」\p
2365,game_t02375,０２０：１９９７年_20：昼食後　安芸との約束　中庭　数時間後　７月１５日.egpack,０２０：１９９７年_20：昼食後　安芸との約束　中庭　数時間後　７月１５日,唯依,9A768FCC6CCBCF1AE345555D6F52701EB8307C0918C52C24F224A0781B2F11B9,text,「我也一样，输入过度。模拟器训练明明没事……」\p
2366,game_t02376,０２０：１９９７年_20：昼食後　安芸との約束　中庭　数時間後　７月１５日.egpack,０２０：１９９７年_20：昼食後　安芸との約束　中庭　数時間後　７月１５日,安芸,27D16AF092561B48492DF010671BEA002DBC0A9E3A872C05130FAA354BF2FD92,text,「不过山城确实厉害，虽然不甘心，但不得不服～结果一次都没挨骂……」\p
2367,game_t02377,０２０：１９９７年_20：昼食後　安芸との約束　中庭　数時間後　７月１５日.egpack,０２０：１９９７年_20：昼食後　安芸との約束　中庭　数時間後　７月１５日,唯依,F0FA60050B2DA79F9DD8FFE63571A6A516E7A920F27B012F5983D4FC334C94B9,text,「……嗯，是啊。」\p
2368,game_t02378,０２０：１９９７年_20：昼食後　安芸との約束　中庭　数時間後　７月１５日.egpack,０２０：１９９７年_20：昼食後　安芸との約束　中庭　数時間後　７月１５日,志摩子,256799FA16B0D4B12607D2D455A009FD5367844035CB10C8E19449D1465D6F75,text,「不只是山城，J小队所有人都很厉害。她们挨教官纠正的次数最少。」\p
2369,game_t02379,０２０：１９９７年_20：昼食後　安芸との約束　中庭　数時間後　７月１５日.egpack,０２０：１９９７年_20：昼食後　安芸との約束　中庭　数時間後　７月１５日,安芸,B367396BB6C7592D508FA45EA41F9EB60C9B7AB55577BC9670FE0D3BF8ABE430,text,「我以前还笑她们只会听山城的话，像机器人一样……现在才觉得，她们果然也下了苦功。」\p
2370,game_t02380,０２０：１９９７年_20：昼食後　安芸との約束　中庭　数時間後　７月１５日.egpack,０２０：１９９７年_20：昼食後　安芸との約束　中庭　数時間後　７月１５日,和泉,965F7527CCE611C1D137E778796C0BDCA0A61E7EAE5693F0EB6FFA772C34DB2F,text,「当然。哪怕只是惟命是从，能把山城的命令全都做到，就已经很厉害了。」\p
2371,game_t02381,０２０：１９９７年_20：昼食後　安芸との約束　中庭　数時間後　７月１５日.egpack,０２０：１９９７年_20：昼食後　安芸との約束　中庭　数時間後　７月１５日,安芸,E1E8AB9876F9803BD95BDB0B2FD4C9D5206125A87F45109AAB89C45CD7D0942C,text,「啊～我可不行。完全没信心能在山城的小队待下去。绝对不行！」\p
2372,game_t02382,０２０：１９９７年_20：昼食後　安芸との約束　中庭　数時間後　７月１５日.egpack,０２０：１９９７年_20：昼食後　安芸との約束　中庭　数時間後　７月１５日,和泉,C47C0098A3892B92B1E3E9F213864B581260D92AA67E12BA8EF6A821D1F57064,text,「说什么呢，你的问题还轮不到谈自信。连协同都做不好的话，人家才不会要你吧？」\p
2373,game_t02383,０２０：１９９７年_20：昼食後　安芸との約束　中庭　数時間後　７月１５日.egpack,０２０：１９９７年_20：昼食後　安芸との約束　中庭　数時間後　７月１５日,安芸,0ADBCE2AD003C89A10333C19E2B12700B5EFF4BEF830D36E1F9A136F24961997,text,「哼，不收我就不收！反正综战武欠下的账，我会在下个月的模拟战里连本带利讨回来！」\p
2374,game_t02384,０２０：１９９７年_20：昼食後　安芸との約束　中庭　数時間後　７月１５日.egpack,０２０：１９９７年_20：昼食後　安芸との約束　中庭　数時間後　７月１５日,志摩子,05F71326A352058610444C39D4E591C3A0232826A9DD3EEC4CF15549A8DBB4F0,text,「真是的，安艺。下次训练明明是个人战，你要怎么还这笔账啊～」\p
2375,game_t02385,０２０：１９９７年_20：昼食後　安芸との約束　中庭　数時間後　７月１５日.egpack,０２０：１９９７年_20：昼食後　安芸との約束　中庭　数時間後　７月１５日,安芸,45DE639C037B0F2DA9922B32EDCE2927FE2D91911AAF3037EA37945BEB40491B,text,「有什么关系，比一比J小队和我们各自的胜场不就行了。没有协同这种多余因素，谁胜谁负反而更清楚！」\p
2376,game_t02386,０２０：１９９７年_20：昼食後　安芸との約束　中庭　数時間後　７月１５日.egpack,０２０：１９９７年_20：昼食後　安芸との約束　中庭　数時間後　７月１５日,志摩子,A8DA0865F5596CDA5C712EF35176879FB0A46BD4AA41A722717AC81FA6F40651,text,「啊～嗯，这么说也许没错……」\p
2377,game_t02387,０２０：１９９７年_20：昼食後　安芸との約束　中庭　数時間後　７月１５日.egpack,０２０：１９９７年_20：昼食後　安芸との約束　中庭　数時間後　７月１５日,安芸,2C891B51EB47346EB444D6F5A4C9F651DBABB580F2B6010CF9F955A6923C534D,text,「想想就期待～用战术机一对一近身战，光想就让人热血沸腾～可以随心所欲大闹一场！」\p
2378,game_t02388,０２０：１９９７年_20：昼食後　安芸との約束　中庭　数時間後　７月１５日.egpack,０２０：１９９７年_20：昼食後　安芸との約束　中庭　数時間後　７月１５日,旁白,443ACE90861E4FF553225714CAC7C5DC02DCA69B01C81A5D5C8FB134BE4BA797,text,一对一吗……\p
2379,game_t02389,０２０：１９９７年_20：昼食後　安芸との約束　中庭　数時間後　７月１５日.egpack,０２０：１９９７年_20：昼食後　安芸との約束　中庭　数時間後　７月１５日,和泉,7EE37E1F1A6739B8EBE64F2EABFB910058B2868F90C3F033EFEEF4DEC33A19CB,text,「不过你没忘吧，模拟战终究只是操纵技能掌握率的期中考核。通过后就要进入部队协同课程了。」\p
2380,game_t02390,０２０：１９９７年_20：昼食後　安芸との約束　中庭　数時間後　７月１５日.egpack,０２０：１９９７年_20：昼食後　安芸との約束　中庭　数時間後　７月１５日,安芸,F89D5A6227D7B8D58D9EBCA843CA47BE41BB9E1F88FC56CE1D8CA999418DECA8,text,「和泉真是不懂啊。正因为这样，才要尽情享受这短暂的自由嘛～」\p
2381,game_t02391,０２０：１９９７年_20：昼食後　安芸との約束　中庭　数時間後　７月１５日.egpack,０２０：１９９７年_20：昼食後　安芸との約束　中庭　数時間後　７月１５日,旁白,3ECD37CE78020089351A252607DC78B506D70948CAF2125525EC162A437BD703,text,模拟战——也就是机体操作技能评估演习的考核赛，据说会把实力接近的人配成对手，是真的吗？\p
2382,game_t02392,０２０：１９９７年_20：昼食後　安芸との約束　中庭　数時間後　７月１５日.egpack,０２０：１９９７年_20：昼食後　安芸との約束　中庭　数時間後　７月１５日,旁白,B7065EF4EF5A953C1F1598BD785BC115DB261282C81D6041C82C75A7C1C6EFC3,text,如果是真的，那最有可能安排的，就是一直争夺综合成绩第一名的山城和我……\p
2383,game_t02393,０２０：１９９７年_20：昼食後　安芸との約束　中庭　数時間後　７月１５日.egpack,０２０：１９９７年_20：昼食後　安芸との約束　中庭　数時間後　７月１５日,旁白,DEB866557E070EDE979A043D85BEBB33E7442B722A7D087060108BDFF00220F3,text,真希望传闻是真的。能和山城一对一较量，对我来说正是求之不得的机会。\p
2384,game_t02394,０２０：１９９７年_20：昼食後　安芸との約束　中庭　数時間後　７月１５日.egpack,０２０：１９９７年_20：昼食後　安芸との約束　中庭　数時間後　７月１５日,志摩子,FC1BB2D07B8CA4CB833A8FC775711F88FDC75DF9188537E5BF556C9021D9D39C,text,「…\w…\w…\w…\w」\p
2385,game_t02395,０２０：１９９７年_20：昼食後　安芸との約束　中庭　数時間後　７月１５日.egpack,０２０：１９９７年_20：昼食後　安芸との約束　中庭　数時間後　７月１５日,安芸,3240D61F5A5F2F23A759B31A86830EC440F3DB98508D57EB47618F623AEFD176,text,「……不过，真热啊～总觉得……好想吃冰淇淋～！」\p
2386,game_t02396,０２０：１９９７年_20：昼食後　安芸との約束　中庭　数時間後　７月１５日.egpack,０２０：１９９７年_20：昼食後　安芸との約束　中庭　数時間後　７月１５日,和泉,B91DFBCD5084A9152DA8BA950440F86A2C15D529D092ADD792BBFA0183F609CA,text,「自己去买不就好了。你该不会是浑身没劲，连去PX都嫌麻烦吧～」\p
2387,game_t02397,０２０：１９９７年_20：昼食後　安芸との約束　中庭　数時間後　７月１５日.egpack,０２０：１９９７年_20：昼食後　安芸との約束　中庭　数時間後　７月１５日,安芸,C1B3100D9AEBBD6034BA6FD81B42B83A420A982706A75B0BA7570E9CA9CB7B5B,text,「PX的可不行～种类少，选的口味还总踩不到点上！啊～好想吃传闻中的冰碴君·法兰西梨味～～！！」\p
2388,game_t02398,０２０：１９９７年_20：昼食後　安芸との約束　中庭　数時間後　７月１５日.egpack,０２０：１９９７年_20：昼食後　安芸との約束　中庭　数時間後　７月１５日,安芸,E076AA8BE448E129E840DA97F2AAAE31C888C39E917113AA2EFFAB06BAFFE8A0,text,「——对了！今晚溜出宿舍，大家一起去便利店吧！去买传闻中超好吃的冰碴君·法兰西梨味！」\p
2389,game_t02399,０２０：１９９７年_20：昼食後　安芸との約束　中庭　数時間後　７月１５日.egpack,０２０：１９９７年_20：昼食後　安芸との約束　中庭　数時間後　７月１５日,和泉,5D5F0C3650E17CED66CA5A8C031A24C9B0959292B2EB42F0FE2598CF5C80FB00,text,「便利店啊～听着真怀念。零食和冰淇淋确实都能随便挑……」\p
2390,game_t02400,０２０：１９９７年_20：昼食後　安芸との約束　中庭　数時間後　７月１５日.egpack,０２０：１９９７年_20：昼食後　安芸との約束　中庭　数時間後　７月１５日,唯依,1BE50D6DF5DD36C8D77E74C885262BC31A975F95BF357A1B4F2A69683D774E51,text,「不行。既违反校规，又违反宿舍规定。忍到下次休假吧。」\p
2391,game_t02401,０２０：１９９７年_20：昼食後　安芸との約束　中庭　数時間後　７月１５日.egpack,０２０：１９９７年_20：昼食後　安芸との約束　中庭　数時間後　７月１５日,志摩子,00F29C210C18C39BBCB80B13F868E6ABB0528E7839A6CEA6062D6B42F6B4EC3B,text,「是啊，安艺。真那么做，我们可能会被停训的。」\p
2392,game_t02402,０２０：１９９７年_20：昼食後　安芸との約束　中庭　数時間後　７月１５日.egpack,０２０：１９９７年_20：昼食後　安芸との約束　中庭　数時間後　７月１５日,安芸,242A6EE411261DC8A14B72466417571E21358907E1C393E15F893E4F0A504C57,text,「志摩子就不想念便利店吗～以前明明想去就能去！」\p
2393,game_t02403,０２０：１９９７年_20：昼食後　安芸との約束　中庭　数時間後　７月１５日.egpack,０２０：１９９７年_20：昼食後　安芸との約束　中庭　数時間後　７月１５日,旁白,2D4D9B84348182B003336BE33CCEECE901AD4444720D27FF75C4D875AC106060,text,明明是武家的女儿，安艺为什么这么奔放？也许是因为只在伙伴之间吧，可她就是会这样轻易把不满说出口。\p
2394,game_t02404,０２０：１９９７年_20：昼食後　安芸との約束　中庭　数時間後　７月１５日.egpack,０２０：１９９７年_20：昼食後　安芸との約束　中庭　数時間後　７月１５日,和泉,0CAE5F3E89701D65057C159770F1F950661E8B454FD799A7C77E1A09A2F23931,text,「规定就是规定，死心吧。所谓‘远离尘俗也是修行’，不就是这个意思吗？」\p
2395,game_t02405,０２０：１９９７年_20：昼食後　安芸との約束　中庭　数時間後　７月１５日.egpack,０２０：１９９７年_20：昼食後　安芸との約束　中庭　数時間後　７月１５日,安芸,7EB61C878A3426F86E7E252B60650582B28A31BF871DDE4D24F2136E09FEB77F,text,「那就是规定本身有问题！住进宿舍后只能等休假才能出去，你们不觉得太不讲理了吗～！？」\p
2396,game_t02406,０２０：１９９７年_20：昼食後　安芸との約束　中庭　数時間後　７月１５日.egpack,０２０：１９９７年_20：昼食後　安芸との約束　中庭　数時間後　７月１５日,旁白,6522B5F0C6099642CB308FC21A6D03ACCACDC01C2D65F6A7D0CE35651A196537,text,伤脑筋……安艺说不定真会溜出宿舍。讲道理只会让她更加反抗，该怎么办……\p
2397,game_t02407,０２０：１９９７年_20：昼食後　安芸との約束　中庭　数時間後　７月１５日.egpack,０２０：１９９７年_20：昼食後　安芸との約束　中庭　数時間後　７月１５日,安芸,EE489E4ADE1A3AC46BEB2950A6B79D323B6F93837C6C1D2D8A74F1F3B3C17B8C,text,「便利店就在宿舍眼皮底下啊？！很快就能回来，偶尔一次又有什么关系嘛～」\p
2398,game_t02408,０２０：１９９７年_20：昼食後　安芸との約束　中庭　数時間後　７月１５日.egpack,０２０：１９９７年_20：昼食後　安芸との約束　中庭　数時間後　７月１５日,志摩子,13B9244803FA11B58188399C87659DE9135C0D8099FFBFBF4E65822C3921FDD0,text,「没办法啊，安艺。我们生来就是武家，本就该为人表率，只能忍耐。」\p
2399,game_t02409,０２０：１９９７年_20：昼食後　安芸との約束　中庭　数時間後　７月１５日.egpack,０２０：１９９７年_20：昼食後　安芸との約束　中庭　数時間後　７月１５日,安芸,0760F96AB5411B0F25BFBA6A4958AFF0CBADA1EEEF92D941107C1691AA024FD0,text,「哦……原来你们真的能接受这种说法啊……」\p
2400,game_t02410,０２０：１９９７年_20：昼食後　安芸との約束　中庭　数時間後　７月１５日.egpack,０２０：１９９７年_20：昼食後　安芸との約束　中庭　数時間後　７月１５日,唯依,57562AB9FE30F43D1538A54A0E8ADB707991E1A3E77EC6C4DE283E70C6B3EED6,text,「咦……？」\p
2401,game_t02411,０２０：１９９７年_20：昼食後　安芸との約束　中庭　数時間後　７月１５日.egpack,０２０：１９９７年_20：昼食後　安芸との約束　中庭　数時間後　７月１５日,旁白,D51C49CA87084E159FFB0631BF997DA19D626B1229D4C4C16569529BA6C96EB1,text,她刚才……说什么……？\p
2402,game_t02412,０２０：１９９７年_20：昼食後　安芸との約束　中庭　数時間後　７月１５日.egpack,０２０：１９９７年_20：昼食後　安芸との約束　中庭　数時間後　７月１５日,安芸,F1E04CBB5A853C50790D46A100974C139A65606F9D9C87D34CFCBC973B314221,text,「……没，没什么！——话说回来，接下来是什么来着？」\p
2403,game_t02413,０２０：１９９７年_20：昼食後　安芸との約束　中庭　数時間後　７月１５日.egpack,０２０：１９９７年_20：昼食後　安芸との約束　中庭　数時間後　７月１５日,和泉,3D2E23CDC10B883588FA02B94EA190EDC9FFFC63D526AF1778969562AC272298,text,「下午是模拟器训练，另外还要预习《部队协同概论》。一天的课程表总该记住吧。」\p
2404,game_t02414,０２０：１９９７年_20：昼食後　安芸との約束　中庭　数時間後　７月１５日.egpack,０２０：１９９７年_20：昼食後　安芸との約束　中庭　数時間後　７月１５日,安芸,CCC434A04EE83A8C459734D559200A5BF4513080E7C07CBAB98CED1F45AABCF1,text,「最近课程安排老是变，一不留神就忘了嘛～啊哈哈哈——」\p
2405,game_t02415,０２０：１９９７年_20：昼食後　安芸との約束　中庭　数時間後　７月１５日.egpack,０２０：１９９７年_20：昼食後　安芸との約束　中庭　数時間後　７月１５日,唯依,FC1BB2D07B8CA4CB833A8FC775711F88FDC75DF9188537E5BF556C9021D9D39C,text,「…\w…\w…\w…\w」\p
2406,game_t02416,０２０：１９９７年_20：昼食後　安芸との約束　中庭　数時間後　７月１５日.egpack,０２０：１９９７年_20：昼食後　安芸との約束　中庭　数時間後　７月１５日,安芸,0760F96AB5411B0F25BFBA6A4958AFF0CBADA1EEEF92D941107C1691AA024FD0,text,「哦……原来你们真的能接受这种说法啊……」\p
2407,game_t02417,０２０：１９９７年_20：昼食後　安芸との約束　中庭　数時間後　７月１５日.egpack,０２０：１９９７年_20：昼食後　安芸との約束　中庭　数時間後　７月１５日,旁白,F01FB3A9C8DB4ADA3E95019076C98EE144FD9E68DE58C8C9937A00D09AF27D88,text,那句话……究竟是什么意思？\p
2408,game_t02418,０２０：１９９７年_20：昼食後　安芸との約束　中庭　数時間後　７月１５日.egpack,０２０：１９９７年_20：昼食後　安芸との約束　中庭　数時間後　７月１５日,旁白,E188A04139FB994D55986A5D21ACC55046CD1EC55589B3E0D0E514F96AC710C0,text,如果就是字面意思……那就说明，安艺心中作为武家的根基正在动摇。\p
2409,game_t02419,０２０：１９９７年_20：昼食後　安芸との約束　中庭　数時間後　７月１５日.egpack,０２０：１９９７年_20：昼食後　安芸との約束　中庭　数時間後　７月１５日,旁白,EDD5863C94A3CF4E0990C8F34FAB9F9D674E9E8D62870344E112DF0BDA10F874,text,安艺的牢骚与不满，一向只针对压抑她欲望的上位者。直到今天，她从未贬损过我们同期的信念或武家矜持……\p
2410,game_t02420,０２０：１９９７年_20：昼食後　安芸との約束　中庭　数時間後　７月１５日.egpack,０２０：１９９７年_20：昼食後　安芸との約束　中庭　数時間後　７月１５日,旁白,D00C15958440594D0EA4766BF01E9B85369105952750AEAFF69B4467D1616089,text,武家之间交往，本就不会互相打听多余的事。每个家族或多或少都有复杂背景，这才是常态。\p
2411,game_t02421,０２０：１９９７年_20：昼食後　安芸との約束　中庭　数時間後　７月１５日.egpack,０２０：１９９７年_20：昼食後　安芸との約束　中庭　数時間後　７月１５日,旁白,A1569C2C2553FA90A64A1DD4D0796910248F30CCF7639B83EF86B47AB61F3FC6,text,尽管如此，篁家的情况还是相当特殊，所以起初我也很不安。但在这所学校里，我从未明显感受到世人对篁家的恶意。\p
2412,game_t02422,０２０：１９９７年_20：昼食後　安芸との約束　中庭　数時間後　７月１５日.egpack,０２０：１９９７年_20：昼食後　安芸との約束　中庭　数時間後　７月１５日,旁白,1D4ED410613B80422DC9A15B217DB4D3CCC2BD968F267F295FB3EBE6C922AA22,text,所以我一直以为，她们避而不谈，是遵循这种规矩，或根本不知道那件事……\p
2413,game_t02423,０２０：１９９７年_20：昼食後　安芸との約束　中庭　数時間後　７月１５日.egpack,０２０：１９９７年_20：昼食後　安芸との約束　中庭　数時間後　７月１５日,旁白,B0EADBDCE163028E39CB3082F3618395115485700AEDEB8767D282C821A64E0D,text,就连那一次，她们也不过是因为那结果连我自己都无法信服，一时不甘，才迁怒于我罢了。\p
2414,game_t02424,０２０：１９９７年_20：昼食後　安芸との約束　中庭　数時間後　７月１５日.egpack,０２０：１９９７年_20：昼食後　安芸との約束　中庭　数時間後　７月１５日,旁白,F3299DAB1F2914B0BB5A1285EA1F13C3AC2781E6D4A404E4E2F3B86AE6EC4D00,text,那么，她刚才那句话……也是在迁怒某件无法接受的事……？\p
2415,game_t02425,０２０：１９９７年_20：昼食後　安芸との約束　中庭　数時間後　７月１５日.egpack,０２０：１９９７年_20：昼食後　安芸との約束　中庭　数時間後　７月１５日,旁白,DCE8CA5FC4829E5E3600FE3C9A639E477F8CD59311504D4B27C7BD17363884C0,text,安艺对冰淇淋和便利店的任性执着，会不会是她为了某种连发牢骚也排解不了的东西，给自己找的一个出口……？\p
2416,game_t02426,０２０：１９９７年_20：昼食後　安芸との約束　中庭　数時間後　７月１５日.egpack,０２０：１９９７年_20：昼食後　安芸との約束　中庭　数時間後　７月１５日,旁白,31F38CC4BF3665CC5D7E14F0F84F973EF868D8CAB3ACA4BC528803EF8B48C1D5,text,如果真是这样……安艺已经被逼得相当紧了……\p
2417,game_t02427,０２０：１９９７年_20：昼食後　安芸との約束　中庭　数時間後　７月１５日.egpack,０２０：１９９７年_20：昼食後　安芸との約束　中庭　数時間後　７月１５日,旁白,EB77988509E19C401CE2701F8009055367A341F0787AB4BF9C64B34EB1E48343,text,一旦安艺溜出宿舍去便利店，整支小队当然要负连带责任。不，更重要的是，那会成为身为指挥官的我的责任。\p
2418,game_t02428,０２０：１９９７年_20：昼食後　安芸との約束　中庭　数時間後　７月１５日.egpack,０２０：１９９７年_20：昼食後　安芸との約束　中庭　数時間後　７月１５日,旁白,9F1CB8808BEFBE87363A6A8B9E408110A2394AA288E43FEF82969355ACBE6F50,text,虽然对不起安艺……但对我来说，因为冰淇淋和便利店玷污篁家之名，实在荒唐得无法容忍……\p
2419,game_t02429,０２０：１９９７年_20：昼食後　安芸との約束　中庭　数時間後　７月１５日.egpack,０２０：１９９７年_20：昼食後　安芸との約束　中庭　数時間後　７月１５日,旁白,6B39B8F664C882C7CCE6E288E8A2F5DDB9C7DB7C9190DE37369A1EEB0657ED9F,text,怎么办……尽管只是名义上，我也是D小队的负责人。照顾部下的身心，同样是我的职责——\p
2420,game_t02430,０２０：１９９７年_20：昼食後　安芸との約束　中庭　数時間後　７月１５日.egpack,０２０：１９９７年_20：昼食後　安芸との約束　中庭　数時間後　７月１５日,唯依,AD919CD4C53FA381AEF697E8E20D951F0B20581CAFE14FB1E2D1B7FDF1CAE51E,text,「——安艺，你看这样行不行？」\p
2421,game_t02431,０２０：１９９７年_20：昼食後　安芸との約束　中庭　数時間後　７月１５日.egpack,０２０：１９９７年_20：昼食後　安芸との約束　中庭　数時間後　７月１５日,唯依,E863A3E7D0BE8635BD8CF26FE5C5124612817BE6D927473BD7F651D2373E79FE,text,「就像安艺刚才说的，如果下个月模拟战，我们在胜场上超过J小队，大家就一起去便利店。」\p
2422,game_t02432,０２０：１９９７年_20：昼食後　安芸との約束　中庭　数時間後　７月１５日.egpack,０２０：１９９７年_20：昼食後　安芸との約束　中庭　数時間後　７月１５日,志摩子,4FBD4A7E6EF3417B05446EC9C2493AADB9917075238CC62484C83C2F307FF390,text,「……咦？」\p
2423,game_t02433,０２０：１９９７年_20：昼食後　安芸との約束　中庭　数時間後　７月１５日.egpack,０２０：１９９７年_20：昼食後　安芸との約束　中庭　数時間後　７月１５日,唯依,525E701CF6983C65DE5A4FB6746FB289B45EFAC4BA5959086B1479FE77414B84,text,「对，当然前提是我们真的赢过J小队……」\p
2424,game_t02434,０２０：１９９７年_20：昼食後　安芸との約束　中庭　数時間後　７月１５日.egpack,０２０：１９９７年_20：昼食後　安芸との約束　中庭　数時間後　７月１５日,旁白,F71AD740987D6DEE897B36D5AD2B45151F2901E0FF3156DE07CF7E9621B2D22D,text,斯卫军中有许多不具武家籍的普通志愿兵——“身披黑衣者”。\p
2425,game_t02435,０２０：１９９７年_20：昼食後　安芸との約束　中庭　数時間後　７月１５日.egpack,０２０：１９９７年_20：昼食後　安芸との約束　中庭　数時間後　７月１５日,旁白,50B5FFBBB56E6EACB072DA96A2AEFB5A3C1418DB1CD88D4A7BA73D154B676BC7,text,该如何指挥不与自己共享武家价值观的部下——如果将来想成为统率部队的人，那么如何应对安艺，应该能成为一次很好的学习。\p
2426,game_t02436,０２０：１９９７年_20：昼食後　安芸との約束　中庭　数時間後　７月１５日.egpack,０２０：１９９７年_20：昼食後　安芸との約束　中庭　数時間後　７月１５日,旁白,375E739A4A2E32FDD1444B6EA81A317654AF98B58CE669639B752556914AC8D1,text,只要是对未来的有效投资，一定程度的风险也可以接受。\p
2427,game_t02437,０２０：１９９７年_20：昼食後　安芸との約束　中庭　数時間後　７月１５日.egpack,０２０：１９９７年_20：昼食後　安芸との約束　中庭　数時間後　７月１５日,唯依,0B19BF6A522372B20DD3C0D588833C2B70E70B4AD020E997514AB9EDBCA9AA56,text,「你觉得……怎么样？」\p
2428,game_t02438,０２０：１９９７年_20：昼食後　安芸との約束　中庭　数時間後　７月１５日.egpack,０２０：１９９７年_20：昼食後　安芸との約束　中庭　数時間後　７月１５日,安芸,99481625D3250C0654E23CFA1D910BF5A53128148D46C0B7A0B8691316E42BB1,text,「嗯～～～……」\p
2429,game_t02439,０２０：１９９７年_20：昼食後　安芸との約束　中庭　数時間後　７月１５日.egpack,０２０：１９９７年_20：昼食後　安芸との約束　中庭　数時間後　７月１５日,旁白,0D2CC2D0A7077FCC78AE01540A0CA2A5BC8CF9056A2897F20564599B1633FEA5,text,如果设定一个明确目标，让每天的努力都产生意义，也许就能把压力转化成动力。\p
2430,game_t02440,０２０：１９９７年_20：昼食後　安芸との約束　中庭　数時間後　７月１５日.egpack,０２０：１９９７年_20：昼食後　安芸との約束　中庭　数時間後　７月１５日,旁白,53CEA31032886141A4E6A1D75AAE6D69867FC14892B8ACD150091CA3E2CC778D,text,而且，要是真能战胜曾让我们惨败的J小队——那份成就感，或许能帮她摆脱这种代偿性欲望。\p
2431,game_t02441,０２０：１９９７年_20：昼食後　安芸との約束　中庭　数時間後　７月１５日.egpack,０２０：１９９７年_20：昼食後　安芸との約束　中庭　数時間後　７月１５日,旁白,A9E49702580EA327936C5F3AA229B41AD734DBEA2E14ACD507886A97C63E59B9,text,就算结果不是这样，只要能把她溜出宿舍的念头拖到八月底，也就没问题了。\p
2432,game_t02442,０２０：１９９７年_20：昼食後　安芸との約束　中庭　数時間後　７月１５日.egpack,０２０：１９９７年_20：昼食後　安芸との約束　中庭　数時間後　７月１５日,旁白,1A5024BD72A3E21D057097205235F1F0DEE1B8ED2B8BD19C4C7AC2D344333879,text,虽然只通知到小队长一级，但因为课程调整而取消的暑假，会在模拟战结束后安排补休。便利店到那时再去就好。\p
2433,game_t02443,０２０：１９９７年_20：昼食後　安芸との約束　中庭　数時間後　７月１５日.egpack,０２０：１９９７年_20：昼食後　安芸との約束　中庭　数時間後　７月１５日,旁白,D1DAEC3F2FF02EF8F21AA5A995649CD4D1C2196F3DEDABF6368F5768AA2E5898,text,可是……\p
2434,game_t02444,０２０：１９９７年_20：昼食後　安芸との約束　中庭　数時間後　７月１５日.egpack,０２０：１９９７年_20：昼食後　安芸との約束　中庭　数時間後　７月１５日,旁白,EE9F531F913A6C4E2C706ACF1CADE87D904CDC71E492F152837AB23F47D95E00,text,我愿意相信——相信安艺心中依然存在的武家矜持。\p
2435,game_t02445,０２０：１９９７年_20：昼食後　安芸との約束　中庭　数時間後　７月１５日.egpack,０２０：１９９７年_20：昼食後　安芸との約束　中庭　数時間後　７月１５日,和泉,EF1201BAD0BA8E8C21A6909665EF065CD737FDAD478168F3E1A4F4931D8AEFAA,text,「原来如此……便利店算是奖励啊。」\p
2436,game_t02446,０２０：１９９７年_20：昼食後　安芸との約束　中庭　数時間後　７月１５日.egpack,０２０：１９９７年_20：昼食後　安芸との約束　中庭　数時間後　７月１５日,唯依,FD5EC82BD7C5323E0E4D5F016BEA4F9D98CDDABF388DCA1B1AEDE69DE7E59379,text,「我倒没想得那么深——怎么样，能接受吗？」\p
2437,game_t02447,０２０：１９９７年_20：昼食後　安芸との約束　中庭　数時間後　７月１５日.egpack,０２０：１９９７年_20：昼食後　安芸との約束　中庭　数時間後　７月１５日,安芸,C6C81C6653FCD5D25C0F10E16AE74C45F786B8DD74BABE30BDEC905197D499F0,text,「嗯……可是，还要等那么久啊……」\p
2438,game_t02448,０２０：１９９７年_20：昼食後　安芸との約束　中庭　数時間後　７月１５日.egpack,０２０：１９９７年_20：昼食後　安芸との約束　中庭　数時間後　７月１５日,唯依,FC1BB2D07B8CA4CB833A8FC775711F88FDC75DF9188537E5BF556C9021D9D39C,text,「…\w…\w…\w…\w」\p
2439,game_t02449,０２０：１９９７年_20：昼食後　安芸との約束　中庭　数時間後　７月１５日.egpack,０２０：１９９７年_20：昼食後　安芸との約束　中庭　数時間後　７月１５日,旁白,2663A85AFBC18179F4C81A563C55C4C7E7ED13DDACD38C7E89ED5595D18F955B,text,果然还是不行吗？她还是不能理解吗？我都把自己最不愿玷污的东西押上了……\p
2440,game_t02450,０２０：１９９７年_20：昼食後　安芸との約束　中庭　数時間後　７月１５日.egpack,０２０：１９９７年_20：昼食後　安芸との約束　中庭　数時間後　７月１５日,唯依,C4926B71F3525E9B2638FE80B956FC5536F2C6F21340D2FD4F05BA8B45CCF69A,text,「……不过，这已经是我能退让的底线了，安艺。」\p
2441,game_t02451,０２０：１９９７年_20：昼食後　安芸との約束　中庭　数時間後　７月１５日.egpack,０２０：１９９７年_20：昼食後　安芸との約束　中庭　数時間後　７月１５日,安芸,F2C2136234A17C77F9C7E592F2DEA8C4B2D1EC49264CD9C7F52ED431EA96A56F,text,「唔～～～～」\p
2442,game_t02452,０２０：１９９７年_20：昼食後　安芸との約束　中庭　数時間後　７月１５日.egpack,０２０：１９９７年_20：昼食後　安芸との約束　中庭　数時間後　７月１５日,和泉,3516D4264E0E8F688F8197462EE0B937426117CCD0A63A263AEEFCFBABA5584C,text,「——好了好了，这里你也该妥协吧。唯依那么讲规矩的人，都已经为你退到这一步了。」\p
2443,game_t02453,０２０：１９９７年_20：昼食後　安芸との約束　中庭　数時間後　７月１５日.egpack,０２０：１９９７年_20：昼食後　安芸との約束　中庭　数時間後　７月１５日,志摩子,CE2DAB7244BE66BDEAE5F79E4A9095EA7667E891B1E6F666F5919D80BE72DC62,text,「唯依……真的没问题吗？要是被发现了……」\p
2444,game_t02454,０２０：１９９７年_20：昼食後　安芸との約束　中庭　数時間後　７月１５日.egpack,０２０：１９９７年_20：昼食後　安芸との約束　中庭　数時間後　７月１５日,唯依,C27A95EFABD0433ABD5173895CBCECBD981E27E4ED7A9CE98AF41D5B86AF9E94,text,「……嗯。」\p
2445,game_t02455,０２０：１９９７年_20：昼食後　安芸との約束　中庭　数時間後　７月１５日.egpack,０２０：１９９７年_20：昼食後　安芸との約束　中庭　数時間後　７月１５日,旁白,3D4D193E4F6ABC498AE19CC344EA784BEC5DD85D19219DEF4278E957FE059985,text,志摩子果然理解。她明白我押上的东西有多沉重。\p
2446,game_t02456,０２０：１９９７年_20：昼食後　安芸との約束　中庭　数時間後　７月１５日.egpack,０２０：１９９７年_20：昼食後　安芸との約束　中庭　数時間後　７月１５日,安芸,D8F7765AC4F475B3C98234F77D5FCEE347703B6EFCEE6FE1118644FE6CA5AEC0,text,「——好，我答应！」\p
2447,game_t02457,０２０：１９９７年_20：昼食後　安芸との約束　中庭　数時間後　７月１５日.egpack,０２０：１９９７年_20：昼食後　安芸との約束　中庭　数時間後　７月１５日,安芸,7F4442F6308CE67F0DB9F50B5051E296DAB5CB64B7614647024EEADA286DFC97,text,「——在那之前，我就忍一忍，吃PX的巧克力威化冰淇淋！！」\p
2448,game_t02458,０２０：１９９７年_20：昼食後　安芸との約束　中庭　数時間後　７月１５日.egpack,０２０：１９９７年_20：昼食後　安芸との約束　中庭　数時間後　７月１５日,唯依,FC1BB2D07B8CA4CB833A8FC775711F88FDC75DF9188537E5BF556C9021D9D39C,text,「…\w…\w…\w…\w」\p
2449,game_t02459,０２０：１９９７年_20：昼食後　安芸との約束　中庭　数時間後　７月１５日.egpack,０２０：１９９７年_20：昼食後　安芸との約束　中庭　数時間後　７月１５日,安芸,AF1042D9FD32010463BD38239D0490418DDDA1868ED6EFFD95B5C2633CF0476F,text,「不过赢了以后就要去便利店——说好了哦！？」\p
2450,game_t02460,０２０：１９９７年_20：昼食後　安芸との約束　中庭　数時間後　７月１５日.egpack,０２０：１９９７年_20：昼食後　安芸との約束　中庭　数時間後　７月１５日,唯依,E92717ED5F631722D2F4C64250DE240EF26529C742ADB9EF53581453BC2CDC43,text,「嗯，我知道。」\p
2451,game_t02461,０２０：１９９７年_20：昼食後　安芸との約束　中庭　数時間後　７月１５日.egpack,０２０：１９９７年_20：昼食後　安芸との約束　中庭　数時間後　７月１５日,旁白,3C1E50CDC7F247F91D38EBF26819BBFC1B9208C00AA449253D6FDF1366D1B1E4,text,太好了……这样至少能让安艺暂时别再胡来。总算可以先松口气了。\p
2452,game_t02462,０２０：１９９７年_20：昼食後　安芸との約束　中庭　数時間後　７月１５日.egpack,０２０：１９９７年_20：昼食後　安芸との約束　中庭　数時間後　７月１５日,安芸,9C6AA6E9EEF876C1744D4FC91ED31546FBA687D4DB97B2399F34DFC2E012CF13,text,「——既然说定了，就不能在这种地方磨蹭！——好了，走吧！！」\p
2453,game_t02463,０２０：１９９７年_20：昼食後　安芸との約束　中庭　数時間後　７月１５日.egpack,０２０：１９９７年_20：昼食後　安芸との約束　中庭　数時間後　７月１５日,和泉,DF2F1F9AF3CFB5188D54BC38BD2455BFDAAFB7700CA498E6077F69235FF525B7,text,「——等、等等，安艺！……真是的，搞什么啊！」\p
2454,game_t02464,０２０：１９９７年_20：昼食後　安芸との約束　中庭　数時間後　７月１５日.egpack,０２０：１９９７年_20：昼食後　安芸との約束　中庭　数時間後　７月１５日,安芸,A4AF1A52B59C6AE06D45D2634D6AB4608865302F9EA3DA01D8AC632880FAD859,text,「——先去PX吃威化冰淇淋！再不快点，我就把你们丢下了～！！」\p
2455,game_t02465,０２０：１９９７年_20：昼食後　安芸との約束　中庭　数時間後　７月１５日.egpack,０２０：１９９７年_20：昼食後　安芸との約束　中庭　数時間後　７月１５日,和泉,3F12CA52C06B407354EDF6BE41C03462790E31E58FB81F57336EF6EB09AAF744,text,「刚才还抱怨成那样，结果不还是要吃。」\p
2456,game_t02466,０２０：１９９７年_20：昼食後　安芸との約束　中庭　数時間後　７月１５日.egpack,０２０：１９９７年_20：昼食後　安芸との約束　中庭　数時間後　７月１５日,唯依,6B159F4690C91A1A34F6A6181B818FF10D7F09C4BE6201ADCE22C8189DE1978E,text,「我们也走吧。」\p
2457,game_t02467,０２０：１９９７年_20：昼食後　安芸との約束　中庭　数時間後　７月１５日.egpack,０２０：１９９７年_20：昼食後　安芸との約束　中庭　数時間後　７月１５日,志摩子,643B6184740D4BFDDB9229270B0615B4379AE974EB0B0EBD0411F54534D6ED58,text,「嗯……！」\p
2458,game_t02468,０２０：１９９７年_20：昼食後　安芸との約束　中庭　数時間後　７月１５日.egpack,０２０：１９９７年_20：昼食後　安芸との約束　中庭　数時間後　７月１５日,旁白,10FE0135F0D28FC50CF1021C98B5124DC4CD25A90D0E6B9AA569E633F5F8641F,text,虽说只是碰巧，但我觉得这样很好。\p
2459,game_t02469,０２０：１９９７年_20：昼食後　安芸との約束　中庭　数時間後　７月１５日.egpack,０２０：１９９７年_20：昼食後　安芸との約束　中庭　数時間後　７月１５日,旁白,590D9DA8D7AA9E0C5CC5AB49F8CE9E355E86AEA3FD7E75A96071D70DABF049B2,text,课程调整后，日子突然忙乱起来，我们大概一直被它追赶着。连暑假都被取消，只顾着完成一项项塞进来的训练。\p
2460,game_t02470,０２０：１９９７年_20：昼食後　安芸との約束　中庭　数時間後　７月１５日.egpack,０２０：１９９７年_20：昼食後　安芸との約束　中庭　数時間後　７月１５日,旁白,F05A3BAECC582134576662160434D4609E1CF8F1EADA458F245343986D3C7D79,text,安艺承受的压力，正是这种日子的反映。而这一切，也是我的能力不足造成的。\p
2461,game_t02471,０２０：１９９７年_20：昼食後　安芸との約束　中庭　数時間後　７月１５日.egpack,０２０：１９９７年_20：昼食後　安芸との約束　中庭　数時間後　７月１５日,旁白,685592CE7CBA9A2B8AC278BFFF1986DF9C692757938C705E649BF33D4394B4D6,text,但无论目标是什么，能让这件事有了明确的目标与意义——能由大家一起面对小队的问题，朝同一个方向团结起来，真的太好了。\p
2462,game_t02472,０２０：１９９７年_20：昼食後　安芸との約束　中庭　数時間後　７月１５日.egpack,０２０：１９９７年_20：昼食後　安芸との約束　中庭　数時間後　７月１５日,旁白,B2EEA214962FAE26F23430BCE00F56EC442BE6594A8F2F70D61C349834A15C10,text,而且最重要的是，虽然算得上歪打正着……\p
2463,game_t02473,０２０：１９９７年_20：昼食後　安芸との約束　中庭　数時間後　７月１５日.egpack,０２０：１９９７年_20：昼食後　安芸との約束　中庭　数時間後　７月１５日,旁白,97A9A90A8B1CA674DA911BD7EB9E4BF157370398A7AF2EFAC3641EEF7F3D2FB5,text,如果没有发生这件事，下一场模拟战……我一定会把全部心思都放在与山城一决胜负上。\p
2464,game_t02474,０２０：１９９７年_20：昼食後　安芸との約束　中庭　数時間後　７月１５日.egpack,０２０：１９９７年_20：昼食後　安芸との約束　中庭　数時間後　７月１５日,旁白,4FD03AB8FA5D130010F72D214EA76C0A879BD9216172649F1A9538AEF8F1E6E7,text,模拟战明明是个人战，我却找到了以小队共同迎战的意义与目标。对我来说，这一点尤其重要……\p
2465,game_t02475,０２０：１９９７年_20：昼食後　安芸との約束　中庭　数時間後　７月１５日.egpack,０２０：１９９７年_20：昼食後　安芸との約束　中庭　数時間後　７月１５日,旁白,C71FA509773EEEA396E0B6FFA17D61DE84BFFA7ADD08DD35BB940ABC9017494D,text,如果只有我自己……一定无法察觉。必须感谢安艺她们才行……\p
2466,game_t02476,０２０：１９９７年_21：ラウンジ　山城の孤高　数分後.egpack,０２０：１９９７年_21：ラウンジ　山城の孤高　数分後,唯依,FF99D026579C26134AEF92AC150604C13754D5F6D34809E18AB505824390216C,text,「那是……」\p
2467,game_t02477,０２０：１９９７年_21：ラウンジ　山城の孤高　数分後.egpack,０２０：１９９７年_21：ラウンジ　山城の孤高　数分後,旁白,7E8AEAEED022B32F79E73CA52033132DC545EC6D808D885DF9C3253417ADD713,text,山城……只有她一个人……？\p
2468,game_t02478,０２０：１９９７年_21：ラウンジ　山城の孤高　数分後.egpack,０２０：１９９７年_21：ラウンジ　山城の孤高　数分後,志摩子,5FE9D1305A1D8E7D88E3500FE337527E227553207419D8A39734F5019C395894,text,「——怎么了，唯依？」\p
2469,game_t02479,０２０：１９９７年_21：ラウンジ　山城の孤高　数分後.egpack,０２０：１９９７年_21：ラウンジ　山城の孤高　数分後,志摩子,2E8D7AC29CC6295050E01DE313D726FAD94962AAFD2ED522CFAB94105A6B69AE,text,「哦，是山城啊。不过，她还真喜欢那个座位呢。」\p
2470,game_t02480,０２０：１９９７年_21：ラウンジ　山城の孤高　数分後.egpack,０２０：１９９７年_21：ラウンジ　山城の孤高　数分後,唯依,2CB517798B8EA2986ECCDB79366EE220F29F65E4520C849A84D7994A9AAC6C2A,text,「喜欢……？」\p
2471,game_t02481,０２０：１９９７年_21：ラウンジ　山城の孤高　数分後.egpack,０２０：１９９７年_21：ラウンジ　山城の孤高　数分後,志摩子,80557E81357DBEDBF682BFCBC04AE037D79CD790D1528698E36ACBE34CAC43B4,text,「嗯，她总是坐在那里看书。」\p
2472,game_t02482,０２０：１９９７年_21：ラウンジ　山城の孤高　数分後.egpack,０２０：１９９７年_21：ラウンジ　山城の孤高　数分後,唯依,DE379DD4AD93859D9DF6FEF1CB9586B3DAC2B64A5065AD4C3E8EEB7D0BA8B034,text,「这样啊……」\p
2473,game_t02483,０２０：１９９７年_21：ラウンジ　山城の孤高　数分後.egpack,０２０：１９９７年_21：ラウンジ　山城の孤高　数分後,旁白,BCB1EEACADB5CD26C3E639E38C7584CACDA5600DF480FFDC8340B396BD6FCAEB,text,说起来，入校以来，这还是我第一次在午休时见到山城……\p
2474,game_t02484,０２０：１９９７年_21：ラウンジ　山城の孤高　数分後.egpack,０２０：１９９７年_21：ラウンジ　山城の孤高　数分後,旁白,181387BA1644503D0D5D9DCCAF2EA5945C54B9C8365EFF6C6E5C8DA47F04134C,text,我们总是一起行动，午休几乎都待在中庭，下雨才回教室。既然休息室的那个座位是山城的固定位置，我们当然碰不上面。\p
2475,game_t02485,０２０：１９９７年_21：ラウンジ　山城の孤高　数分後.egpack,０２０：１９９７年_21：ラウンジ　山城の孤高　数分後,旁白,CAFD859457C1DCFE70CC2715CF9846FAEEC5318BC2AC5DC1EA8E54270633C59B,text,可是，她总是独自一人……小队里的其他人呢……？\p
2476,game_t02486,０２０：１９９７年_21：ラウンジ　山城の孤高　数分後.egpack,０２０：１９９７年_21：ラウンジ　山城の孤高　数分後,志摩子,23CAE60D22F0AFA27652FE16B165A9C73DB30E1AEB458934EB9ACF3AA854F331,text,「……不过，会在意也很正常。刚才才决定要战胜J小队。尤其是唯依，模拟战时多半会对上山城。」\p
2477,game_t02487,０２０：１９９７年_21：ラウンジ　山城の孤高　数分後.egpack,０２０：１９９７年_21：ラウンジ　山城の孤高　数分後,唯依,3CC392B814A456CE34A3F85DC3328680137452253DED5238B6FEAD017D0532B6,text,「咦……不，我不是因为那个。只是觉得山城竟然总是一个人，有些意外。」\p
2478,game_t02488,０２０：１９９７年_21：ラウンジ　山城の孤高　数分後.egpack,０２０：１９９７年_21：ラウンジ　山城の孤高　数分後,志摩子,D1B54E07C497CC59701BF9EE8568BCA2D80D272AEA0674681BB957352C972F7B,text,「她休息时好像总会独处。说是有很多事要思考，希望别人让她一个人待着。」\p
2479,game_t02489,０２０：１９９７年_21：ラウンジ　山城の孤高　数分後.egpack,０２０：１９９７年_21：ラウンジ　山城の孤高　数分後,唯依,921B238E8ADEC07CF2A6DE9B9DF20BCE8D93C2C64EC3638E83D2C1AB38DCE3A3,text,「原来是这样……」\p
2480,game_t02490,０２０：１９９７年_21：ラウンジ　山城の孤高　数分後.egpack,０２０：１９９７年_21：ラウンジ　山城の孤高　数分後,志摩子,173AF434C9E34E64257AC526DF425E2331A705748646794D75E95B56F7620DC7,text,「嗯。山城一个人就想出了那么多协同方案和作战计划吧。J小队的人说，她们是不想打扰山城，所以才让她独处。」\p
2481,game_t02491,０２０：１９９７年_21：ラウンジ　山城の孤高　数分後.egpack,０２０：１９９７年_21：ラウンジ　山城の孤高　数分後,唯依,D80D59FD37CCB02E64F16C72FCDA6DEC28D3B14FCBD9BC01C869E052FD84C4F8,text,「J小队的人……？」\p
2482,game_t02492,０２０：１９９７年_21：ラウンジ　山城の孤高　数分後.egpack,０２０：１９９７年_21：ラウンジ　山城の孤高　数分後,志摩子,364EDC91224A994FA6E1C351BEA9C36E87F88E0FD0D8621F18F6F5C767661F8B,text,「嗯，莲川。综战武交手以后，也不能说关系变好了……就是偶尔会聊几句。」\p
2483,game_t02493,０２０：１９９７年_21：ラウンジ　山城の孤高　数分後.egpack,０２０：１９９７年_21：ラウンジ　山城の孤高　数分後,唯依,9F5030A85DB44D3B389DA1EA807AAAECDC13D0042F8235180DF619B498EB6923,text,「这样啊……」\p
2484,game_t02494,０２０：１９９７年_21：ラウンジ　山城の孤高　数分後.egpack,０２０：１９９７年_21：ラウンジ　山城の孤高　数分後,旁白,10EE0EE6A7C8904FCADC02A693DA324CE276F54160A5C306BD96A27437DACD51,text,山城……在读什么？教材……不，也许是某种战术指南……\p
2485,game_t02495,０２０：１９９７年_21：ラウンジ　山城の孤高　数分後.egpack,０２０：１９９７年_21：ラウンジ　山城の孤高　数分後,旁白,13F5E61A5CF319E682DC46F4C6F5F927F58E06CD2A8193BE1085B17279454D1B,text,难道是在为模拟战准备一对一战术……\p
2486,game_t02496,０２０：１９９７年_21：ラウンジ　山城の孤高　数分後.egpack,０２０：１９９７年_21：ラウンジ　山城の孤高　数分後,唯依,FC1BB2D07B8CA4CB833A8FC775711F88FDC75DF9188537E5BF556C9021D9D39C,text,「…\w…\w…\w…\w」\p
2487,game_t02497,０２０：１９９７年_21：ラウンジ　山城の孤高　数分後.egpack,０２０：１９９７年_21：ラウンジ　山城の孤高　数分後,旁白,702F749E0704BA586900D61B48486A6909EAAC4F0D83A3860C5B477AE0D41A5F,text,不，会这么想，只是出于我的愿望……\p
2488,game_t02498,０２０：１９９７年_21：ラウンジ　山城の孤高　数分後.egpack,０２０：１９９７年_21：ラウンジ　山城の孤高　数分後,旁白,28A8C87C4F750B9A02F908989B3769DE786FB39406FC53E78EE37A3FCE191CFF,text,我只是希望与我价值观相同的山城——能够注视着我。可所谓价值观相同，不过是我擅自认定、想当然的结果。这是掺杂着那些臆想的自私愿望。\p
2489,game_t02499,０２０：１９９７年_21：ラウンジ　山城の孤高　数分後.egpack,０２０：１９９７年_21：ラウンジ　山城の孤高　数分後,旁白,4ECB2F35E4793B5375B5BD1355C8B683AFE2CF77E01FB18939093EE3F5ACEE78,text,我对拥有自己所渴求一切的山城，单方面怀抱的……憧憬……\p
2490,game_t02500,０２０：１９９７年_21：ラウンジ　山城の孤高　数分後.egpack,０２０：１９９７年_21：ラウンジ　山城の孤高　数分後,唯依,FC1BB2D07B8CA4CB833A8FC775711F88FDC75DF9188537E5BF556C9021D9D39C,text,「…\w…\w…\w…\w」\p
2491,game_t02501,０２０：１９９７年_21：ラウンジ　山城の孤高　数分後.egpack,０２０：１９９７年_21：ラウンジ　山城の孤高　数分後,旁白,0DE0D9A65757DEA458061DC52E4136D332AFA3BFE729C16BBD9D46010D2C077A,text,原来……是这样……吗？！\p
2492,game_t02502,０２０：１９９７年_21：ラウンジ　山城の孤高　数分後.egpack,０２０：１９９７年_21：ラウンジ　山城の孤高　数分後,旁白,A123238F35955481E1EC70F8CAE630121575749C8D888F1E2CF5A69664ECE971,text,是啊……原来是这样……\p
2493,game_t02503,０２０：１９９７年_21：ラウンジ　山城の孤高　数分後.egpack,０２０：１９９７年_21：ラウンジ　山城の孤高　数分後,旁白,B77AC33230C2EA35A446295AA689D050BB12418BD7FDE876BA0AD4A780A3433D,text,山城所体现的，正是我渴望拥有的东西——\p
2494,game_t02504,０２０：１９９７年_21：ラウンジ　山城の孤高　数分後.egpack,０２０：１９９７年_21：ラウンジ　山城の孤高　数分後,旁白,2875106D2811F973BE89DD49AED22729626E4E1E695340EF87559A740120E924,text,那就是她如今的姿态——\p
2495,game_t02505,０２０：１９９７年_21：ラウンジ　山城の孤高　数分後.egpack,０２０：１９９７年_21：ラウンジ　山城の孤高　数分後,唯依,FC1BB2D07B8CA4CB833A8FC775711F88FDC75DF9188537E5BF556C9021D9D39C,text,「…\w…\w…\w…\w」\p
2496,game_t02506,０２０：１９９７年_21：ラウンジ　山城の孤高　数分後.egpack,０２０：１９９７年_21：ラウンジ　山城の孤高　数分後,志摩子,FC1BB2D07B8CA4CB833A8FC775711F88FDC75DF9188537E5BF556C9021D9D39C,text,「…\w…\w…\w…\w」\p
2497,game_t02507,０２０：１９９７年_21：ラウンジ　山城の孤高　数分後.egpack,０２０：１９９７年_21：ラウンジ　山城の孤高　数分後,旁白,3D5E587245A5C2204365ED5C6D4B02C5D1EF6C2C6414375C3086114E9DF914AB,text,为了磨炼自己，将自己淬炼得更锋利，她甚至不让同小队的同期生靠近。那份决绝与孤高……！\p
2498,game_t02508,０２０：１９９７年_21：ラウンジ　山城の孤高　数分後.egpack,０２０：１９９７年_21：ラウンジ　山城の孤高　数分後,旁白,FA21A3FC2B7C48DF61C2F10AAD08F28B1D9339D10928AD806877B81B149812CB,text,正是我现在……最渴望拥有的东西……\p
2499,game_t02509,０２０：１９９７年_21：ラウンジ　山城の孤高　数分後.egpack,０２０：１９９７年_21：ラウンジ　山城の孤高　数分後,志摩子,A094E7D72A6EA24E559551E2322F49E2AE6E838BF19B913FE3C1E60E288AC286,text,「……唯依？」\p
2500,game_t02510,０２０：１９９７年_21：ラウンジ　山城の孤高　数分後.egpack,０２０：１９９７年_21：ラウンジ　山城の孤高　数分後,唯依,1FEF606D1FAB92A218D3878F922814CCC299E813D04F1D5EDB8540CDD86BC9A7,text,「抱歉。走吧……志摩子。」\p
2501,game_t02511,０２０：１９９７年_21：ラウンジ　山城の孤高　数分後.egpack,０２０：１９９７年_21：ラウンジ　山城の孤高　数分後,志摩子,75D44484E0C23F791C5C4A96AAF5A358DA7BF9242B10AA923B5A408C0D270C5D,text,「——啊，等等我，唯依。」\p
2502,game_t02512,０２０：１９９７年_21：ラウンジ　山城の孤高　数分後.egpack,０２０：１９９７年_21：ラウンジ　山城の孤高　数分後,旁白,576F0393CE49765C317F73D2E233A26A0A616FD5A9BE22BE91DC82758DB0E1B9,text,我……\p
2503,game_t02513,０２０：１９９７年_21：ラウンジ　山城の孤高　数分後.egpack,０２０：１９９７年_21：ラウンジ　山城の孤高　数分後,旁白,26EEF5226617B55ADF9E66A184D736FFE1E2E82B8EF7BD9D451B12E73BB062BD,text,果然我还是……\p
2504,game_t02514,０２０：１９９７年_21：ラウンジ　山城の孤高　数分後.egpack,０２０：１９９７年_21：ラウンジ　山城の孤高　数分後,旁白,42569A237B74CBE720C0BE3D25D636A363B4B28BF16DBD75FB741AC97227EADC,text,没有任何一点——能比得上她……！\p
2505,game_t02515,０２０：１９９７年_22：近接模擬戦闘　８月２８日.egpack,０２０：１９９７年_22：近接模擬戦闘　８月２８日,真田教官,32814922FFCA1B32D817AFDB89FA798E41DD39B94AD4972AE5EFFAFF18F2C65B,text,「欧亚大陆拥有广袤的平地与平原，面对大规模BETA群席卷广阔战区的闪电式进攻，根本没有有效的阻截手段。」\p
2506,game_t02516,０２０：１９９７年_22：近接模擬戦闘　８月２８日.egpack,０２０：１９９７年_22：近接模擬戦闘　８月２８日,真田教官,E98ED283946C784261FA7959B37704134DA3972A6A54FCA9442E5328807E5217,text,「唯一能够阻挡并迟滞它们的是什么——正是山脉与山岳地带。」\p
2507,game_t02517,０２０：１９９７年_22：近接模擬戦闘　８月２８日.egpack,０２０：１９９７年_22：近接模擬戦闘　８月２８日,真田教官,802EAF46DA9EF334D337B40DF65123F643C60A8FC5ED8D65790C9C59200BBE92,text,「因此，占日本国土约七成的山岳地带，是本土防卫的最大优势。然而——」\p
2508,game_t02518,０２０：１９９７年_22：近接模擬戦闘　８月２８日.egpack,０２０：１９９７年_22：近接模擬戦闘　８月２８日,真田教官,3E152BF85B74CF963A3346B6234563081F87751B6AA4B57E70C0F972C3744CFB,text,「日本山地多、平原少，能够发挥战术机优势、拉开距离实施机动炮击战的战区极其有限。」\p
2509,game_t02519,０２０：１９９７年_22：近接模擬戦闘　８月２８日.egpack,０２０：１９９７年_22：近接模擬戦闘　８月２８日,真田教官,26083DEDB01D0F70FB674BBCC032D06EC731FAB0BC13A06709DAE081F52CA9AC,text,「现在回想一下，在基本对BETA战术中，战术机是在什么时候投入战区的。」\p
2510,game_t02520,０２０：１９９７年_22：近接模擬戦闘　８月２８日.egpack,０２０：１９９７年_22：近接模擬戦闘　８月２８日,真田教官,D3CB8CF19AD88DFA332F459A6C61B52AB139E824912402C362E167C4B66BB7D5,text,「是在最终阶段——舰炮、野战炮完成远程面压制，坦克与装甲部队完成中程打击之后。」\p
2511,game_t02521,０２０：１９９７年_22：近接模擬戦闘　８月２８日.egpack,０２０：１９９７年_22：近接模擬戦闘　８月２８日,真田教官,4A3BA619B64AC6F8BEE5B00C083B3580D0F69ABE200451A1CE36669A53AE20EC,text,「也就是说，日本战术机的作战环境，必须始终以近身战的高发生率为前提。」\p
2512,game_t02522,０２０：１９９７年_22：近接模擬戦闘　８月２８日.egpack,０２０：１９９７年_22：近接模擬戦闘　８月２８日,真田教官,E92F58A96CDAD2921075A9887A3E45D1BAEB002D41EA4463DC80C9BCCA20EAF5,text,「一旦与以数量为最大武器的BETA展开密集近身战，补给自然难以为继。这时真正管用的，便是运用直接打击兵装实施机动近身格斗。」\p
2513,game_t02523,０２０：１９９７年_22：近接模擬戦闘　８月２８日.egpack,０２０：１９９７年_22：近接模擬戦闘　８月２８日,真田教官,91472DD1CE72BE29571EABF0895F6DE6A0F073831048462B7AA2C5FB54524C6E,text,「这就是近身格斗技能被列为日本卫士必修科目的原因。但斯卫军还要求进一步钻研此道——为什么？」\p
2514,game_t02524,０２０：１９９７年_22：近接模擬戦闘　８月２８日.egpack,０２０：１９９７年_22：近接模擬戦闘　８月２８日,真田教官,DF7F2C78390C6C88E3FF8314D6696FD3FA04F1CECD62311C8F1D004D7C714632,text,「因为斯卫军专司本土据点防卫。换言之，斯卫军以迎击BETA入侵作为作战起始态势，接敌时的敌我距离自然会比帝国军更近。」\p
2515,game_t02525,０２０：１９９７年_22：近接模擬戦闘　８月２８日.egpack,０２０：１９９７年_22：近接模擬戦闘　８月２８日,真田教官,260DE50D496D6DE56592BBB81B217197C0831F417C5AF6E31AE81EDB9E80958A,text,「你们将来要加入的日本帝国斯卫军，是一支以作战中密集近身格斗发生率百分之百为前提、世界上绝无仅有的局地战特化武装组织。」\p
2516,game_t02526,０２０：１９９７年_22：近接模擬戦闘　８月２８日.egpack,０２０：１９９７年_22：近接模擬戦闘　８月２８日,真田教官,1225B135715F75EB28C2C79AEC7C1F514BDF37CB8F4B1343BA4332A2642C4E5F,text,「——CP呼叫D-01，准许启动主发动机。」\p
2517,game_t02527,０２０：１９９７年_22：近接模擬戦闘　８月２８日.egpack,０２０：１９９７年_22：近接模擬戦闘　８月２８日,唯依,AE70DB07DDCDCDF1B768324C6EFB63C93A97846F6C9BF02EAB73B3AB5AA77B6D,text,「——D-01收到。启动主发动机。」\p
2518,game_t02528,０２０：１９９７年_22：近接模擬戦闘　８月２８日.egpack,０２０：１９９７年_22：近接模擬戦闘　８月２８日,唯依,AC8C58D913709BE7A24DEE344926B845F993BC5807546EFB1C6FAA3BF12C835F,text,「确认机体周边安全——D-01机体状态无异常——」\p
2519,game_t02529,０２０：１９９７年_22：近接模擬戦闘　８月２８日.egpack,０２０：１９９７年_22：近接模擬戦闘　８月２８日,唯依,3E201C07948DE28A1E5EA390AE5E42834F02904BDB7A96FEBBB53734D64A6A71,text,「D-01，出动准备完毕。」\p
2520,game_t02530,０２０：１９９７年_22：近接模擬戦闘　８月２８日.egpack,０２０：１９９７年_22：近接模擬戦闘　８月２８日,真田教官,9FEEC1539C7CE1FEF71A26467B9B9D08E8B5321E2311AE57CFFB0BB9A050D99B,text,「准许D-01移动。前往演习起始坐标。」\p
2521,game_t02531,０２０：１９９７年_22：近接模擬戦闘　８月２８日.egpack,０２０：１９９７年_22：近接模擬戦闘　８月２８日,唯依,06B654FF79F3A28617DAAA1C1B38F4A3F2DDADBC1D9946B49DEBF3ACA0791602,text,「——D-01收到！」\p
2522,game_t02532,０２０：１９９７年_22：近接模擬戦闘　８月２８日.egpack,０２０：１９９７年_22：近接模擬戦闘　８月２８日,旁白,A7BD675DF0D5F190B6AEAC1D2239116010B797CF20200D3908B15F0F1DC260EE,text,——此刻，我正与父亲的作品并肩作战。\p
2523,game_t02533,０２０：１９９７年_22：近接模擬戦闘　８月２８日.egpack,０２０：１９９７年_22：近接模擬戦闘　８月２８日,真田教官,E92F58A96CDAD2921075A9887A3E45D1BAEB002D41EA4463DC80C9BCCA20EAF5,text,「一旦与以数量为最大武器的BETA展开密集近身战，补给自然难以为继。这时真正管用的，便是运用直接打击兵装实施机动近身格斗。」\p
2524,game_t02534,０２０：１９９７年_22：近接模擬戦闘　８月２８日.egpack,０２０：１９９７年_22：近接模擬戦闘　８月２８日,旁白,93B2797623B874948031E7A5F342E1671AE8E9D817785A0B35ABA4F66BFA8BC0,text,——对现在的我来说，没有比它更可靠的伙伴。\p
2525,game_t02535,０２０：１９９７年_22：近接模擬戦闘　８月２８日.egpack,０２０：１９９７年_22：近接模擬戦闘　８月２８日,唯依,FC1BB2D07B8CA4CB833A8FC775711F88FDC75DF9188537E5BF556C9021D9D39C,text,「…\w…\w…\w…\w」\p
2526,game_t02536,０２０：１９９７年_22：近接模擬戦闘　８月２８日.egpack,０２０：１９９７年_22：近接模擬戦闘　８月２８日,旁白,065BD5906155F6346CD63B7F08BD63424387B86C432B961F8BF3C33F7E34B805,text,对手是山城……\p
2527,game_t02537,０２０：１９９７年_22：近接模擬戦闘　８月２８日.egpack,０２０：１９９７年_22：近接模擬戦闘　８月２８日,旁白,1EF4BDD466F1209D1AF779E1E605313D8C0CE0813B31C4D74A5214D1CF57E6C9,text,为了促成这场对决，我拼命追赶她的成绩，一路走到了今天——\p
2528,game_t02538,０２０：１９９７年_22：近接模擬戦闘　８月２８日.egpack,０２０：１９９７年_22：近接模擬戦闘　８月２８日,旁白,DE6A8D7DF7412B97710C745DB7C918861008392BAF48CF0EAD02A4EEBFC2B10A,text,我能感觉到……那道锐利冰冷的视线——\p
2529,game_t02539,０２０：１９９７年_22：近接模擬戦闘　８月２８日.egpack,０２０：１９９７年_22：近接模擬戦闘　８月２８日,旁白,331F2DB5DAF66C78B56E645BB25D2254F8BED606256210487FAB9CBCEF97D110,text,现在甚至看不到她的脸——但我知道。\p
2530,game_t02540,０２０：１９９７年_22：近接模擬戦闘　８月２８日.egpack,０２０：１９９７年_22：近接模擬戦闘　８月２８日,旁白,F42BC78B960DF2416794559EFD9B4A9401D65380FDB3457D9917D810C913BF6A,text,不受任何人打扰，只凭彼此实力一决胜负——山城也同样渴望这一刻……！\p
2531,game_t02541,０２０：１９９７年_22：近接模擬戦闘　８月２８日.egpack,０２０：１９９７年_22：近接模擬戦闘　８月２８日,真田教官,70E3C25EB5D8FBBB904EE370F65A13155FD930EC98B5780254049F17B540385C,text,「——确认起始坐标。」\p
2532,game_t02542,０２０：１９９７年_22：近接模擬戦闘　８月２８日.egpack,０２０：１９９７年_22：近接模擬戦闘　８月２８日,唯依,0CA7DA4304AC38A6850A7AC0560C41A75BC95A2A3422B30DFEE34E36B5697C68,text,「——红方，篁候补生，坐标确认。」\p
2533,game_t02543,０２０：１９９７年_22：近接模擬戦闘　８月２８日.egpack,０２０：１９９７年_22：近接模擬戦闘　８月２８日,山城,EE8AC9487CA0487B63F3494FEC4E6785155227C7CE627830D072F914E9ED3856,text,「——白方，山城候补生，坐标确认。」\p
2534,game_t02544,０２０：１９９７年_22：近接模擬戦闘　８月２８日.egpack,０２０：１９９７年_22：近接模擬戦闘　８月２８日,真田教官,CDA22C88F1AB9DF9D179FB1C9FC5BC5CEA2636DCB7FF34579E3D2AE6893AADFE,text,「——保持当前坐标，等待号令。」\p
2535,game_t02545,０２０：１９９７年_22：近接模擬戦闘　８月２８日.egpack,０２０：１９９７年_22：近接模擬戦闘　８月２８日,唯依,29799A1226E48E2CE68BE172A840A5FB3BFEC6FDD7C3EB3124D511D710AE0A88,text,「——明白！」
2536,game_t02546,０２０：１９９７年_22：近接模擬戦闘　８月２８日.egpack,０２０：１９９７年_22：近接模擬戦闘　８月２８日,山城,B593AB57C9E05365F4859A1FA802E62EFC555C16EE7CAB13B9B2CE7137A722CC,text,「——明白。」\p
2537,game_t02547,０２０：１９９７年_22：近接模擬戦闘　８月２８日.egpack,０２０：１９９７年_22：近接模擬戦闘　８月２８日,安芸,28AFF1CDCD51B59316DA20830A77216248B780E1F480F82AFF9C0DD2FCBBC361,text,「——祝君得胜～～唯依～～！！」\p
2538,game_t02548,０２０：１９９７年_22：近接模擬戦闘　８月２８日.egpack,０２０：１９９７年_22：近接模擬戦闘　８月２８日,和泉,C5EC4F3870C41D531CA279698CE226C0AA7F297142D3B416061C00AA1468AEAE,text,「——全靠你了～～！！」\p
2539,game_t02549,０２０：１９９７年_22：近接模擬戦闘　８月２８日.egpack,０２０：１９９７年_22：近接模擬戦闘　８月２８日,志摩子,BBF01FC37C7442AB4CBC303C985E8E0DD5824FA8F53FEFE66049A15EB1DE3AB8,text,「…\w…\w…\w…\w！」\p
2540,game_t02550,０２０：１９９７年_22：近接模擬戦闘　８月２８日.egpack,０２０：１９９７年_22：近接模擬戦闘　８月２８日,旁白,B0A4076472F60EF0345DAAB55079252D112882F8E5B2AE38BA849AC313D6EFDE,text,敌我距离五百——跳跃只需一瞬。但模拟战只允许主脚移动和喷射地表滑行。\p
2541,game_t02551,０２０：１９９７年_22：近接模擬戦闘　８月２８日.egpack,０２０：１９９７年_22：近接模擬戦闘　８月２８日,旁白,E4CAD2C440648A018E0D97B0668AF9A512273ADCB1BEFE8A8B4CC82C3A5E3145,text,胜负就在于如何掌握间距……\p
2542,game_t02552,０２０：１９９７年_22：近接模擬戦闘　８月２８日.egpack,０２０：１９９７年_22：近接模擬戦闘　８月２８日,安芸,D8421C53C49C0E0CCF083189D8463BED0452DEE6D034FD1BE6BB6AF8273F651D,text,「这一场要是不赢，便利——呃，加把劲啊～！！」\p
2543,game_t02553,０２０：１９９７年_22：近接模擬戦闘　８月２８日.egpack,０２０：１９９７年_22：近接模擬戦闘　８月２８日,和泉,6FC06AE5959B5F92C24D765B9E766E77039BC84958BD2A5772E0C8B59BF904D7,text,「唯依～～祝君得胜～～！！」\p
2544,game_t02554,０２０：１９９７年_22：近接模擬戦闘　８月２８日.egpack,０２０：１９９７年_22：近接模擬戦闘　８月２８日,志摩子,99C9B4710197E2FD545DC44356FC0E510865CD68BEFAB977C49FF60E2E2A5430,text,「唯依……！」\p
2545,game_t02555,０２０：１９９７年_22：近接模擬戦闘　８月２８日.egpack,０２０：１９９７年_22：近接模擬戦闘　８月２８日,旁白,B7823446938260D2633963C1C2437766AF7CDD32B0E6100C9392B837220490CB,text,目前的胜场统计中，D小队稍处劣势。安艺靠优势判定获胜，和泉与志摩子则在时限结束后战平——\p
2546,game_t02556,０２０：１９９７年_22：近接模擬戦闘　８月２８日.egpack,０２０：１９９７年_22：近接模擬戦闘　８月２８日,旁白,1B7509B88F0BABEB51AB5BA0B275EA348877E934B5777D8FEE245AAC72E541E5,text,J小队则是一场拿下一分获胜、一场优势判定获胜，另有一场平局——\p
2547,game_t02557,０２０：１９９７年_22：近接模擬戦闘　８月２８日.egpack,０２０：１９９７年_22：近接模擬戦闘　８月２８日,旁白,6F689CD3237A47CA3D9927C3EA47768B3E6BD45426CD77CA646E45F254EDC886,text,我们要压过她们，就只有拿下一分取胜。\p
2548,game_t02558,０２０：１９９７年_22：近接模擬戦闘　８月２８日.egpack,０２０：１９９７年_22：近接模擬戦闘　８月２８日,旁白,0178745E1816BEA02662E38DF0D4FC3371A28A4C2EC24E16513BD52585839D68,text,争取胜利理所当然——而且既然要赢，我就想拿下一分。对我来说，小队的胜场只是随之而来的结果。\p
2549,game_t02559,０２０：１９９７年_22：近接模擬戦闘　８月２８日.egpack,０２０：１９９７年_22：近接模擬戦闘　８月２８日,旁白,7CC7C1E8CFAE91DAE63ADBE2642A7ADFF29E5D21BDD48D420271F7C971F59433,text,虽然离取得免许皆传还很远——但我终究是篁示现流门下。\p
2550,game_t02560,０２０：１９９７年_22：近接模擬戦闘　８月２８日.egpack,０２０：１９９７年_22：近接模擬戦闘　８月２８日,旁白,D3F0638053B451DB187E9B5114281A0663B03C3E934122D85FDAE96A93AF4345,text,哪怕只是为了本门的名誉，我也不能再做出更加难看的表现。\p
2551,game_t02561,０２０：１９９７年_22：近接模擬戦闘　８月２８日.egpack,０２０：１９９７年_22：近接模擬戦闘　８月２８日,旁白,BF93670AD46A871C0B186EEC78848E1FE999F550FE6772419EA3EF568D7F3559,text,更何况——我手中还有父亲设计开发的七四式训练用近战长刀。身为篁家继承人，握着这把刀却落于人后，绝不可原谅。\p
2552,game_t02562,０２０：１９９７年_22：近接模擬戦闘　８月２８日.egpack,０２０：１９９７年_22：近接模擬戦闘　８月２８日,唯依,FC1BB2D07B8CA4CB833A8FC775711F88FDC75DF9188537E5BF556C9021D9D39C,text,「…\w…\w…\w…\w」\p
2553,game_t02563,０２０：１９９７年_22：近接模擬戦闘　８月２８日.egpack,０２０：１９９７年_22：近接模擬戦闘　８月２８日,唯依,1A48ACBB2CBB4022FEFED7CB4E7D8D179E36193B5D6E62011B6647B4C29A5103,text,「不能再重蹈覆辙……」\p
2554,game_t02564,０２０：１９９７年_22：近接模擬戦闘　８月２８日.egpack,０２０：１９９７年_22：近接模擬戦闘　８月２８日,真田教官,D56D04E755058079E1D9F6E534FD04E4E94F73EC25580877F7D7FC8909F6474E,text,「——现在开始考核演习。规定时间八分钟。——双方，摆好架势！」\p
2555,game_t02565,０２０：１９９７年_22：近接模擬戦闘　８月２８日.egpack,０２０：１９９７年_22：近接模擬戦闘　８月２８日,安芸,FC1BB2D07B8CA4CB833A8FC775711F88FDC75DF9188537E5BF556C9021D9D39C,text,「…\w…\w…\w…\w」\p
2556,game_t02566,０２０：１９９７年_22：近接模擬戦闘　８月２８日.egpack,０２０：１９９７年_22：近接模擬戦闘　８月２８日,和泉,FC1BB2D07B8CA4CB833A8FC775711F88FDC75DF9188537E5BF556C9021D9D39C,text,「…\w…\w…\w…\w」\p
2557,game_t02567,０２０：１９９７年_22：近接模擬戦闘　８月２８日.egpack,０２０：１９９７年_22：近接模擬戦闘　８月２８日,志摩子,FC1BB2D07B8CA4CB833A8FC775711F88FDC75DF9188537E5BF556C9021D9D39C,text,「…\w…\w…\w…\w」\p
2558,game_t02568,０２０：１９９７年_22：近接模擬戦闘　８月２８日.egpack,０２０：１９９７年_22：近接模擬戦闘　８月２８日,真田教官,B6F5046E65BE2256610F3032629D588C6A2B308174BFF3AFAA844E02F5A35E6B,text,「——开始！！」\p
2559,game_t02569,０２０：１９９７年_22：近接模擬戦闘　８月２８日.egpack,０２０：１９９７年_22：近接模擬戦闘　８月２８日,唯依,FC1BB2D07B8CA4CB833A8FC775711F88FDC75DF9188537E5BF556C9021D9D39C,text,「…\w…\w…\w…\w」\p
2560,game_t02570,０２０：１９９７年_22：近接模擬戦闘　８月２８日.egpack,０２０：１９９７年_22：近接模擬戦闘　８月２８日,山城,FC1BB2D07B8CA4CB833A8FC775711F88FDC75DF9188537E5BF556C9021D9D39C,text,「…\w…\w…\w…\w」\p
2561,game_t02571,０２０：１９９７年_22：近接模擬戦闘　８月２８日.egpack,０２０：１９９７年_22：近接模擬戦闘　８月２８日,真田教官,387081CC2E892F4841C047534BB5DFF60CFD5772A18BE2A034F0B6CA95F4592E,text,「哼，原来如此……」\p
2562,game_t02572,０２０：１９９７年_22：近接模擬戦闘　８月２８日.egpack,０２０：１９９７年_22：近接模擬戦闘　８月２８日,唯依,FC1BB2D07B8CA4CB833A8FC775711F88FDC75DF9188537E5BF556C9021D9D39C,text,「…\w…\w…\w…\w」\p
2563,game_t02573,０２０：１９９７年_22：近接模擬戦闘　８月２８日.egpack,０２０：１９９７年_22：近接模擬戦闘　８月２８日,旁白,E83B77E0ED41307B3CFAFA6121904CF67C4A092D311F61F3774013480D79FEEE,text,我们的技能没有明显高下——至少数值上如此。\p
2564,game_t02574,０２０：１９９７年_22：近接模擬戦闘　８月２８日.egpack,０２０：１９９７年_22：近接模擬戦闘　８月２８日,旁白,025A59509222B6846B6AA42CC947A914C0886C315335F58587D5ED1BCFF03B94,text,既然如此，八分钟的限制时间内——真正交锋不过数刀。任何多余的出手都会成为破绽……！\p
2565,game_t02575,０２０：１９９７年_22：近接模擬戦闘　８月２８日.egpack,０２０：１９９７年_22：近接模擬戦闘　８月２８日,旁白,0D99AB8FD671C62837C03713E15F0220D692FD271AED176EB411475908917F30,text,她也明白这一点——\p
2566,game_t02576,０２０：１９９７年_22：近接模擬戦闘　８月２８日.egpack,０２０：１９９７年_22：近接模擬戦闘　８月２８日,唯依,FC1BB2D07B8CA4CB833A8FC775711F88FDC75DF9188537E5BF556C9021D9D39C,text,「…\w…\w…\w…\w」\p
2567,game_t02577,０２０：１９９７年_22：近接模擬戦闘　８月２８日.egpack,０２０：１９９７年_22：近接模擬戦闘　８月２８日,旁白,E84A0FFC1FF79A1926762FDEF899F23B007C5FF4F8980DB9813B83FAF0DE8E0A,text,如果是肉身交手，还能从肌肉、筋腱和视线的细微变化中预判下一招。\p
2568,game_t02578,０２０：１９９７年_22：近接模擬戦闘　８月２８日.egpack,０２０：１９９７年_22：近接模擬戦闘　８月２８日,旁白,3941896AE598CAF66F5D6CF0D38791E0AD91811C6F66F17C2EB0ACF8CBAF0DE7,text,但战术机完全不同——必须从它有别于人类的独特预备动作中判断。\p
2569,game_t02579,０２０：１９９７年_22：近接模擬戦闘　８月２８日.egpack,０２０：１９９７年_22：近接模擬戦闘　８月２８日,旁白,CA3E1991043BA02DECD8195BBB948DB0F783CFDBD8168721FBA31679357174C8,text,卫士相互对战时的高下——取决于能否尽量消除机体的自主预备动作，同时以毫无冗余的重心移动衔接一连串动作——\p
2570,game_t02580,０２０：１９９７年_22：近接模擬戦闘　８月２８日.egpack,０２０：１９９７年_22：近接模擬戦闘　８月２８日,旁白,32C3D9DE2D145F2984ADD427B2B99A7800BF9631D9F3A90B94566A5A34F27269,text,还取决于能否让战术机的肌肉——电磁伸缩碳带的张力彼此联动。\p
2571,game_t02581,０２０：１９９７年_22：近接模擬戦闘　８月２８日.egpack,０２０：１９９７年_22：近接模擬戦闘　８月２８日,旁白,DF73B4B08EB12B7A381774CF65F4EDC4C5B9EDAE7D808DB9A85BB900D21DD5C9,text,我通过修习篁示现流与装甲剑术，不断磨炼人机反馈能力。\p
2572,game_t02582,０２０：１９９７年_22：近接模擬戦闘　８月２８日.egpack,０２０：１９９７年_22：近接模擬戦闘　８月２８日,旁白,150F2836C36D2AB71B33B0CE875F2A5531DCF3F9027D5EE3393E4BCC9526D35C,text,换言之，在这场训练中落败，就和卫士以肉身比试时落败没有区别……！\p
2573,game_t02583,０２０：１９９７年_22：近接模擬戦闘　８月２８日.egpack,０２０：１９９７年_22：近接模擬戦闘　８月２８日,唯依,8331F90C9ED4AA79F3CE2C5F97873D98AC7585C6473E17F2D1037F8308FA436A,text,「――！？」\p
2574,game_t02584,０２０：１９９７年_22：近接模擬戦闘　８月２８日.egpack,０２０：１９９７年_22：近接模擬戦闘　８月２８日,唯依,57BB4E15C75A5CDCAE615013C9C14FD9CF39C574BE05E809CC6BB7C3E8459F3F,text,「——喝啊啊啊啊啊！！」\p
2575,game_t02585,０２０：１９９７年_22：近接模擬戦闘　８月２８日.egpack,０２０：１９９７年_22：近接模擬戦闘　８月２８日,旁白,000AAD9F92E5CA945EE67E68D88A68777E0C23A3317D1DC1856540AC98138A50,text,——被看穿了！？\p
2576,game_t02586,０２０：１９９７年_22：近接模擬戦闘　８月２８日.egpack,０２０：１９９７年_22：近接模擬戦闘　８月２８日,唯依,95BF1F36FF9B130FE778EA7D8DCD8E6BFF94FF867A793C93763504E5A3F81D7F,text,「——好沉……！！」\p
2577,game_t02587,０２０：１９９７年_22：近接模擬戦闘　８月２８日.egpack,０２０：１９９７年_22：近接模擬戦闘　８月２８日,旁白,8600E6C9050F4137BB11206800426D70265E299751E72780D5770F8A9E0BC345,text,——她太会运用电磁伸缩碳带了……！\p
2578,game_t02588,０２０：１９９７年_22：近接模擬戦闘　８月２８日.egpack,０２０：１９９７年_22：近接模擬戦闘　８月２８日,唯依,6A205528753883B92B9EFF51C7938E62DA614AA785DD8570196E7C2E6961BD72,text,「——唔！？」\p
2579,game_t02589,０２０：１９９７年_22：近接模擬戦闘　８月２８日.egpack,０２０：１９９７年_22：近接模擬戦闘　８月２８日,旁白,3B60E88B3AF43E4109B1FD015F69721799DE8F5391852E40A3770966A727C0F9,text,可恶……她是故意不让我看出预备动作……！！\p
2580,game_t02590,０２０：１９９７年_22：近接模擬戦闘　８月２８日.egpack,０２０：１９９７年_22：近接模擬戦闘　８月２８日,旁白,DBE4B22D22750CE7C0AAB2D7B51687E1D5D09F02EACB2B61EE4DCDE893E48D5C,text,连这种细节都毫无破绽……！！\p
2581,game_t02591,０２０：１９９７年_22：近接模擬戦闘　８月２８日.egpack,０２０：１９９７年_22：近接模擬戦闘　８月２８日,唯依,FD131BE4D7F58995D74F2D4934DCDD8552A6171E5E9F4895721F931466160159,text,「——可恶！？」\p
2582,game_t02592,０２０：１９９７年_22：近接模擬戦闘　８月２８日.egpack,０２０：１９９７年_22：近接模擬戦闘　８月２８日,旁白,C36DBE80F4E29700D8FEEF166471A407737D57FF9982E6C2D38B1E1A7711F279,text,糟了——第二刀——！\p
2583,game_t02593,０２０：１９９７年_22：近接模擬戦闘　８月２８日.egpack,０２０：１９９７年_22：近接模擬戦闘　８月２８日,旁白,B370DB00234084A3BD693D3D099CF735F3F136D9EAF9667B85A574540ADFA834,text,——没有追来！？原来如此——！！\p
2584,game_t02594,０２０：１９９７年_22：近接模擬戦闘　８月２８日.egpack,０２０：１９９７年_22：近接模擬戦闘　８月２８日,旁白,802AB70ADAA1CC478E8A81F9F4AE1EDD8DC393152EA367F4BFF12E6DB4AD722C,text,刚才那次进攻，是冲着一击必杀来的……！\p
2585,game_t02595,０２０：１９９７年_22：近接模擬戦闘　８月２８日.egpack,０２０：１９９７年_22：近接模擬戦闘　８月２８日,旁白,C764530E2426E03D0A7D6D47CC2744107AA9CA33629D15CEBB76786021F128B3,text,她从第一步踏出时就强行让机体沿水平轴旋转，施展了由下向上挑斩的喷射水平斩……！\p
2586,game_t02596,０２０：１９９７年_22：近接模擬戦闘　８月２８日.egpack,０２０：１９９７年_22：近接模擬戦闘　８月２８日,旁白,8A6FD3FE033A5ECB15709DD90B73098D90D86C408F04BF76E7CF449030488A6C,text,毫无疑问，那是完全不考虑第二击的出手——山城一上来就想结束胜负……！\p
2587,game_t02597,０２０：１９９７年_22：近接模擬戦闘　８月２８日.egpack,０２０：１９９７年_22：近接模擬戦闘　８月２８日,旁白,EBF3ACC6BD002773BFF2AD171F429E2EFA7AB05F7227D62B217375C957E8C5BD,text,出手竟然如此果断……！！\p
2588,game_t02598,０２０：１９９７年_22：近接模擬戦闘　８月２８日.egpack,０２０：１９９７年_22：近接模擬戦闘　８月２８日,旁白,5209118CB1D995EE70DAE4DB4432A142BD92216C2164D00AF19157B881E6BF9A,text,又是那双眼睛……！\p
2589,game_t02599,０２０：１９９７年_22：近接模擬戦闘　８月２８日.egpack,０２０：１９９７年_22：近接模擬戦闘　８月２８日,旁白,620BB330E75732B5B26DA7834FAC781C1FBF652853E1E750B1CFE2CCD8151629,text,那道目光……仿佛连我的内心都要彻底看穿……！\p
2590,game_t02600,０２０：１９９７年_22：近接模擬戦闘　８月２８日.egpack,０２０：１９９７年_22：近接模擬戦闘　８月２８日,唯依,CA389FC6591A48AD1615A54F38E46E58C72653F0B664FA35A9D6998D4868CBAA,text,「——休想啊啊啊啊啊！！」\p
2591,game_t02601,０２０：１９９７年_22：近接模擬戦闘　８月２８日.egpack,０２０：１９９７年_22：近接模擬戦闘　８月２８日,唯依,C4F9564FA608E071A4191E0CBA611DA89641647F00EE21C6B4F2CA3C18E25815,text,「——唔！！」\p
2592,game_t02602,０２０：１９９７年_22：近接模擬戦闘　８月２８日.egpack,０２０：１９９７年_22：近接模擬戦闘　８月２８日,唯依,2E3CF4F54B06705E2BFE02A814D0EB17429920DBAA686356C1DBAB48FD2C2C9E,text,「——呜呜呜呜……！！」\p
2593,game_t02603,０２０：１９９７年_22：近接模擬戦闘　８月２８日.egpack,０２０：１９９７年_22：近接模擬戦闘　８月２８日,旁白,F56380D5DD914F66F52810B3355FB728FA3BB2B473BA82B288CFD2525BE50BEF,text,糟了——节奏被她掌握了……！\p
2594,game_t02604,０２０：１９９７年_22：近接模擬戦闘　８月２８日.egpack,０２０：１９９７年_22：近接模擬戦闘　８月２８日,旁白,5F23D1F60A75C2CDC13F0FDBA3260CC050D75564CA357B4962996FC3779F5E3A,text,——反应太慢！这样下去——！！\p
2595,game_t02605,０２０：１９９７年_22：近接模擬戦闘　８月２８日.egpack,０２０：１９９７年_22：近接模擬戦闘　８月２８日,和泉,2AD847871802DD71F9B843D7C7F787A385230191250AB66B562A6BA9D3FF0017,text,「啊……！」\p
2596,game_t02606,０２０：１９９７年_22：近接模擬戦闘　８月２８日.egpack,０２０：１９９７年_22：近接模擬戦闘　８月２８日,安芸,A1457E27EB6ACEFE68328F5D6824CF30AE8D44E64CF4EE61504C9CBE9499BBEB,text,「哇哇……糟了！」\p
2597,game_t02607,０２０：１９９７年_22：近接模擬戦闘　８月２８日.egpack,０２０：１９９７年_22：近接模擬戦闘　８月２８日,志摩子,1E96E8353A2329FA5FE27FA950864DD429D0EA1AA330A7A29897170D4D4D87FF,text,「唯依……！」\p
2598,game_t02608,０２０：１９９７年_22：近接模擬戦闘　８月２８日.egpack,０２０：１９９７年_22：近接模擬戦闘　８月２８日,唯依,D2C3B379F15D5881FD8473683F6AABEC7B9B78DFF1C880939C1549F3047F8E75,text,「——唔……！！」\p
2599,game_t02609,０２０：１９９７年_22：近接模擬戦闘　８月２８日.egpack,０２０：１９９７年_22：近接模擬戦闘　８月２８日,声,AF1A279339D91C580B0369934FBE7641249C2461DA37CB692D4BE39F5614032A,text,「——啧！」\p
2600,game_t02610,０２０：１９９７年_22：近接模擬戦闘　８月２８日.egpack,０２０：１９９７年_22：近接模擬戦闘　８月２８日,旁白,8823D17A7DB2B6D1645EC6A7922D559F1DB72F424BA9E85C3462E34CFB314508,text,——咦！？\p
2601,game_t02611,０２０：１９９７年_22：近接模擬戦闘　８月２８日.egpack,０２０：１９９７年_22：近接模擬戦闘　８月２８日,旁白,A8E92D199982B7DF37BD0DF935DD3C4D59D0E0812543EA5A660964E82C833DA4,text,——刚才的声音是——！？\p
2602,game_t02612,０２０：１９９７年_22：近接模擬戦闘　８月２８日.egpack,０２０：１９９７年_22：近接模擬戦闘　８月２８日,旁白,FBF3661DF1B9D0C0D80FA20B3559A907F09A58B2BF91403E53A911AF6DF7FE99,text,接收器捕捉到的，是山城的声音……！？\p
2603,game_t02613,０２０：１９９７年_22：近接模擬戦闘　８月２８日.egpack,０２０：１９９７年_22：近接模擬戦闘　８月２８日,旁白,8F4C7804088DC8DDF2017415CDE6F2A1C21A2F44725F4FB98941F16068BE034E,text,山城——那个山城竟然流露出了情绪！？\p
2604,game_t02614,０２０：１９９７年_22：近接模擬戦闘　８月２８日.egpack,０２０：１９９７年_22：近接模擬戦闘　８月２８日,旁白,1DD30924F1552361C2C96A36449B0C7E69EB946F94CDB656B5B79247186B5AF2,text,——没错！对反应迟缓感到焦躁的，不只我一个！\p
2605,game_t02615,０２０：１９９７年_22：近接模擬戦闘　８月２８日.egpack,０２０：１９９７年_22：近接模擬戦闘　８月２８日,旁白,DEF5D4068DAE44D60FFE2D4E4F88691925AF21FF09D74F6C0755C56FCBA7EF65,text,——碍事！\p
2606,game_t02616,０２０：１９９７年_22：近接模擬戦闘　８月２８日.egpack,０２０：１９９７年_22：近接模擬戦闘　８月２８日,唯依,1CF8B9933B77AC41FBDCC0A8DBB821B853207DAE42DE6DC13A96D16CA928DADE,text,「——呀啊啊啊啊！！」\p
2607,game_t02617,０２０：１９９７年_22：近接模擬戦闘　８月２８日.egpack,０２０：１９９７年_22：近接模擬戦闘　８月２８日,唯依,D7E1D47D06A201EFAC0151402131B26F33F94E30ED4879A2B7D60DAEBAA4B283,text,「——可恶！又犯了同样的错……！！」\p
2608,game_t02618,０２０：１９９７年_22：近接模擬戦闘　８月２８日.egpack,０２０：１９９７年_22：近接模擬戦闘　８月２８日,山城,E4E585818AC7A51A5A24B4BDA8D02BE793C83E604B4ADD29E70899E4C05E9A61,text,「——来啊，怎么了！？」\p
2609,game_t02619,０２０：１９９７年_22：近接模擬戦闘　８月２８日.egpack,０２０：１９９７年_22：近接模擬戦闘　８月２８日,唯依,8331F90C9ED4AA79F3CE2C5F97873D98AC7585C6473E17F2D1037F8308FA436A,text,「――！？」\p
2610,game_t02620,０２０：１９９７年_22：近接模擬戦闘　８月２８日.egpack,０２０：１９９７年_22：近接模擬戦闘　８月２８日,山城,1DB406CA6A4D042DF3B007D73009B76F8898E0BAFFBAD109F562CD98FADC4E03,text,「就这点本事吗——篁？！别让我失望！！」\p
2611,game_t02621,０２０：１９９７年_22：近接模擬戦闘　８月２８日.egpack,０２０：１９９７年_22：近接模擬戦闘　８月２８日,旁白,A63DDE068EF9AAF6105613C66F8A87008A4FBD88E057F8D5B4AD5EE1C80FFF46,text,——这是……！？\p
2612,game_t02622,０２０：１９９７年_22：近接模擬戦闘　８月２８日.egpack,０２０：１９９７年_22：近接模擬戦闘　８月２８日,志摩子,D0F13B9C10C67D683F747CF3FB043963379A8F39188D01562433CD850BE597F0,text,「——听说她休息时总是独自一人。」\p
2613,game_t02623,０２０：１９９７年_22：近接模擬戦闘　８月２８日.egpack,０２０：１９９７年_22：近接模擬戦闘　８月２８日,志摩子,3FC70AD6FD1EC5DF7647B94FD7A6DD136A38932DA28941C508E61A91D4AF9DFE,text,「——说是有很多事要思考，希望别人让她一个人待着。」\p
2614,game_t02624,０２０：１９９７年_22：近接模擬戦闘　８月２８日.egpack,０２０：１９９７年_22：近接模擬戦闘　８月２８日,旁白,D8EC138597D2BF519D21F151D99D34DC06AF9E92563FE67B0E05C8BC57D61C24,text,原来如此——这种狂野，才是她本来的格斗风格……！\p
2615,game_t02625,０２０：１９９７年_22：近接模擬戦闘　８月２８日.egpack,０２０：１９９７年_22：近接模擬戦闘　８月２８日,旁白,24AAD26BB8B0680FF4346AB7929221A98F7F05CF62937447DFE9CD9C2152EE6B,text,没有需要保护的人，也没有需要下令的人——这是彻底解放的山城本能！\p
2616,game_t02626,０２０：１９９７年_22：近接模擬戦闘　８月２８日.egpack,０２０：１９９７年_22：近接模擬戦闘　８月２８日,旁白,7946FA882552BD5D948DF6607A1DF33187C7051E7318377E7B20EB7E565AC1A0,text,只追求自身战斗的纯粹——！！\p
2617,game_t02627,０２０：１９９７年_22：近接模擬戦闘　８月２８日.egpack,０２０：１９９７年_22：近接模擬戦闘　８月２８日,旁白,2DFAE8FA2D8C78C2A21616BB9DDD7F6F335857CA5F7999CE7A8DF88B17AB7D61,text,——糟了！\p
2618,game_t02628,０２０：１９９７年_22：近接模擬戦闘　８月２８日.egpack,０２０：１９９７年_22：近接模擬戦闘　８月２８日,旁白,753A1EF3B6E2968A2E4F8E4930C71B52D70011642CDC8FAE27FEA11F999316B1,text,大意了——竟然在看得入神时露出了破绽……！！\p
2619,game_t02629,０２０：１９９７年_22：近接模擬戦闘　８月２８日.egpack,０２０：１９９７年_22：近接模擬戦闘　８月２８日,唯依,17523A0EACF198A729109A486A9BB06FCDCED18DCD81BD53A1C439E9D67E5AD8,text,「……呜……哇啊啊啊啊啊——！！」\p
2620,game_t02630,０２０：１９９７年_22：近接模擬戦闘　８月２８日.egpack,０２０：１９９７年_22：近接模擬戦闘　８月２８日,和泉,FC1BB2D07B8CA4CB833A8FC775711F88FDC75DF9188537E5BF556C9021D9D39C,text,「…\w…\w…\w…\w」\p
2621,game_t02631,０２０：１９９７年_22：近接模擬戦闘　８月２８日.egpack,０２０：１９９７年_22：近接模擬戦闘　８月２８日,安芸,FC1BB2D07B8CA4CB833A8FC775711F88FDC75DF9188537E5BF556C9021D9D39C,text,「…\w…\w…\w…\w」\p
2622,game_t02632,０２０：１９９７年_22：近接模擬戦闘　８月２８日.egpack,０２０：１９９７年_22：近接模擬戦闘　８月２８日,志摩子,FC1BB2D07B8CA4CB833A8FC775711F88FDC75DF9188537E5BF556C9021D9D39C,text,「…\w…\w…\w…\w」\p
2623,game_t02633,０２０：１９９７年_22：近接模擬戦闘　８月２８日.egpack,０２０：１９９７年_22：近接模擬戦闘　８月２８日,真田教官,1E3186E2B8C456C7FECE6E00808ACAA8AEC4D39C792AF949808F9B967D329AAC,text,「——红方，一分！到此为止！！」\p
2624,game_t02634,０２０：１９９７年_22：近接模擬戦闘　８月２８日.egpack,０２０：１９９７年_22：近接模擬戦闘　８月２８日,和泉,1BA4F1902989F30D69BFFFCDFEAC280FC654DD734AC542F731700F4C2FC10971,text,「——太好了！唯依从山城那里——！！」\p
2625,game_t02635,０２０：１９９７年_22：近接模擬戦闘　８月２８日.egpack,０２０：１９９７年_22：近接模擬戦闘　８月２８日,安芸,770A83A5EB0A4E7A8EBDA98BA2FFC0F9B0D4D74C29075A53ED5EAE6A82314A87,text,「——拿下一分了啊啊啊！！太好了啊啊！！」\p
2626,game_t02636,０２０：１９９７年_22：近接模擬戦闘　８月２８日.egpack,０２０：１９９７年_22：近接模擬戦闘　８月２８日,志摩子,1E346B6AF30FFB43C213BF866B14926E4618EAAC425DEB700877FDBEC0BF2F24,text,「……唯依……太好了……！」\p
2627,game_t02637,０２０：１９９７年_22：近接模擬戦闘　８月２８日.egpack,０２０：１９９７年_22：近接模擬戦闘　８月２８日,唯依,6B61326DE38720F1C9E8ACE27D64D912585060CF0AC042B59E75B10F919C7DCF,text,「——哈啊……哈啊……哈啊……！」\p
2628,game_t02638,０２０：１９９７年_22：近接模擬戦闘　８月２８日.egpack,０２０：１９９７年_22：近接模擬戦闘　８月２８日,唯依,C2837B4C6E79577BF299A2A17799EA6C091A12AC90B6D350EBC8D95245EE17FA,text,「——赢……了……？！」\p
2629,game_t02639,０２０：１９９７年_22：近接模擬戦闘　８月２８日.egpack,０２０：１９９７年_22：近接模擬戦闘　８月２８日,真田教官,E1C153FF2B59F5F4DCFB8DFBB88F617A987E144E8F564EFC10AF18B4F33E5A98,text,「——各机后退至演习起始坐标！退后！！」\p
2630,game_t02640,０２０：１９９７年_22：近接模擬戦闘　８月２８日.egpack,０２０：１９９７年_22：近接模擬戦闘　８月２８日,唯依,FC1BB2D07B8CA4CB833A8FC775711F88FDC75DF9188537E5BF556C9021D9D39C,text,「…\w…\w…\w…\w」\p
2631,game_t02641,０２０：１９９７年_22：近接模擬戦闘　８月２８日.egpack,０２０：１９９７年_22：近接模擬戦闘　８月２８日,旁白,361723837B8902DEE68E1D27950FC4A17E34156EF06C60F5E2595AB71C4E0E74,text,我……做到了……真的……做到了？\p
2632,game_t02642,０２０：１９９７年_22：近接模擬戦闘　８月２８日.egpack,０２０：１９９７年_22：近接模擬戦闘　８月２８日,旁白,D0BBE12A676C15045CDD6FD947E4247013E38AA9325B44C9CEF509DA51459829,text,对了——看记录影像——！\p
2633,game_t02643,０２０：１９９７年_22：近接模擬戦闘　８月２８日.egpack,０２０：１９９７年_22：近接模擬戦闘　８月２８日,真田教官,1E3186E2B8C456C7FECE6E00808ACAA8AEC4D39C792AF949808F9B967D329AAC,text,「——红方，一分！到此为止！！」\p
2634,game_t02644,０２０：１９９７年_22：近接模擬戦闘　８月２８日.egpack,０２０：１９９７年_22：近接模擬戦闘　８月２８日,唯依,F153CA0B1B63649F5172105A669E82A604940164140A152C8543BF9514E3637D,text,「我真的……赢了……」\p
2635,game_t02645,０２０：１９９７年_22：近接模擬戦闘　８月２８日.egpack,０２０：１９９７年_22：近接模擬戦闘　８月２８日,旁白,AAD48C199CEB3F76A7B8A2E952A44E7DF51AE1775E04977EE10985E7126C3414,text,当时那个破绽——原来是这么回事……\p
2636,game_t02646,０２０：１９９７年_22：近接模擬戦闘　８月２８日.egpack,０２０：１９９７年_22：近接模擬戦闘　８月２８日,旁白,9BFB3C477B2829A7ACC6912A8D19194CA20CA5B73FD61B97889E412C4ACCC903,text,长刀刀尖剜进了地面，导致回身的第二刀慢了一步。\p
2637,game_t02647,０２０：１９９７年_22：近接模擬戦闘　８月２８日.egpack,０２０：１９９７年_22：近接模擬戦闘　８月２８日,旁白,2B84DEB2E21CEECC69D7D4059497F621AD065415988143F33F8C97A7C7018810,text,因为她在最后一击上用力过猛——\p
2638,game_t02648,０２０：１９９７年_22：近接模擬戦闘　８月２８日.egpack,０２０：１９９７年_22：近接模擬戦闘　８月２８日,唯依,FC1BB2D07B8CA4CB833A8FC775711F88FDC75DF9188537E5BF556C9021D9D39C,text,「…\w…\w…\w…\w」\p
2639,game_t02649,０２０：１９９７年_22：近接模擬戦闘　８月２８日.egpack,０２０：１９９７年_22：近接模擬戦闘　８月２８日,旁白,9B0C94B3C6056622296DB834E9466A73B39400A318B805CA91A2CCA6F712ED3B,text,即使看着影像……也不敢相信这是我做出来的……\p
2640,game_t02650,０２０：１９９７年_22：近接模擬戦闘　８月２８日.egpack,０２０：１９９７年_22：近接模擬戦闘　８月２８日,旁白,CF889733F245475B5989273C0955CC68A4498BCCE75DF5297ED9C85E2EF5AE68,text,大概是身体自己动了起来。就算让我再来一次，恐怕再也做不到。\p
2641,game_t02651,０２０：１９９７年_22：近接模擬戦闘　８月２８日.egpack,０２０：１９９７年_22：近接模擬戦闘　８月２８日,唯依,16C303EA2B7DC793558A1540CD2E1227E1C4C34DF1191EC95F361E66537E1CA0,text,「我……战胜山城了……」\p
2642,game_t02652,０２０：１９９７年_22：近接模擬戦闘　８月２８日.egpack,０２０：１９９７年_22：近接模擬戦闘　８月２８日,旁白,A51A978AC0CB803781C5051EB215D6D1832EACD729341CC0DADFC719033CCC73,text,我绝不会认为这是一场酣畅淋漓的胜利。既难看，又满是挣扎，赢得一点也不漂亮。\p
2643,game_t02653,０２０：１９９７年_22：近接模擬戦闘　８月２８日.egpack,０２０：１９９７年_22：近接模擬戦闘　８月２８日,唯依,FC1BB2D07B8CA4CB833A8FC775711F88FDC75DF9188537E5BF556C9021D9D39C,text,「…\w…\w…\w…\w」\p
2644,game_t02654,０２０：１９９７年_22：近接模擬戦闘　８月２８日.egpack,０２０：１９９７年_22：近接模擬戦闘　８月２８日,旁白,CB6FFC8911B648474B02306538E94E3CED19CE037C80628F97FD9F2ED259C62E,text,可是——现在光是这样就足够了……\p
2645,game_t02655,０２０：１９９７年_22：近接模擬戦闘　８月２８日.egpack,０２０：１９９７年_22：近接模擬戦闘　８月２８日,旁白,AA8B773253E2283F518669E3E93F2E64E3698DA365583588EFC59F989BF2CC77,text,因为教官曾经说过……\p
2646,game_t02656,０２０：１９９７年_22：近接模擬戦闘　８月２８日.egpack,０２０：１９９７年_22：近接模擬戦闘　８月２８日,真田教官,1B98C1B662D77B9EF58AB05B6484483AA0282BE2A68560B65A3A577440DEEEFD,text,「你刚才犹豫了一瞬。」\p
2647,game_t02657,０２０：１９９７年_22：近接模擬戦闘　８月２８日.egpack,０２０：１９９７年_22：近接模擬戦闘　８月２８日,真田教官,73D30D2048DB492C45AF7C10A559E8F8E385989C2B4BE03505DC45274A3DF61C,text,「你那套无谓的美学，会害死许多战友。」\p
2648,game_t02658,０２０：１９９７年_22：近接模擬戦闘　８月２８日.egpack,０２０：１９９７年_22：近接模擬戦闘　８月２８日,旁白,935FD43EF44C4A0BDABE58CA3CED0DFCF944AD38FCA073FA6442A60B0EB4298F,text,虽然我也不觉得，这种难看的获胜方式就是答案……\p
2649,game_t02659,０２０：１９９７年_22：近接模擬戦闘　８月２８日.egpack,０２０：１９９７年_22：近接模擬戦闘　８月２８日,旁白,83E358B87DAFE8BD83286948414FEFFC0640E2410294906769824A51B5E43B06,text,但我觉得，自己似乎稍微接近了一点那句话的真正含义。\p
2650,game_t02660,０２０：１９９７年_23：上総と唯依　数時間後２８日.egpack,０２０：１９９７年_23：上総と唯依　数時間後２８日,唯依,0E3AB67F82C1A5352F827471FC1EE6C9E52724752602F25B1A12B7B41D95558B,text,「差不多要撑不住了吧……」\p
2651,game_t02661,０２０：１９９７年_23：上総と唯依　数時間後２８日.egpack,０２０：１９９７年_23：上総と唯依　数時間後２８日,旁白,AE934244476C17B466B00C5A8F4599566B514BFC46E1A7C2F58A1127EEA84D75,text,电池余量已经不太妙。训练用的低成本型号，就算充满电也只能活动四小时……\p
2652,game_t02662,０２０：１９９７年_23：上総と唯依　数時間後２８日.egpack,０２０：１９９７年_23：上総と唯依　数時間後２８日,旁白,E34B779F7C18DBFAA00EA8F37C983F62B8BDBD67D11A6516D2D43BFD80A9003B,text,模拟战结束后，我们从爱宕山演习场撤回来……已经过去很久了。\p
2653,game_t02663,０２０：１９９７年_23：上総と唯依　数時間後２８日.egpack,０２０：１９９７年_23：上総と唯依　数時間後２８日,唯依,AA1B2117694BBE3C9288D8EC638E2AD65DFA398C0A9905E074271541E02570AE,text,「大家怎么还不快点结束……」\p
2654,game_t02664,０２０：１９９７年_23：上総と唯依　数時間後２８日.egpack,０２０：１９９７年_23：上総と唯依　数時間後２８日,旁白,DCA32E4AE64927B72DBA2448525A8325E290EECD1B60CB34A39EE88C5B7D665D,text,现在大家大概正一边洗澡，一边拿演习结果当谈资聊得热火朝天。最有话题性的，多半就是我和山城的比赛。\p
2655,game_t02665,０２０：１９９７年_23：上総と唯依　数時間後２８日.egpack,０２０：１９９７年_23：上総と唯依　数時間後２８日,旁白,D97A47602D30829316F59A6E573E9FCD1F9527C0FFA3908FAEDD5E0FC645A648,text,毕竟从综战武起，我们之间的过节就在背后被说了无数次……\p
2656,game_t02666,０２０：１９９７年_23：上総と唯依　数時間後２８日.egpack,０２０：１９９７年_23：上総と唯依　数時間後２８日,旁白,3080075A52A3C6A890347BB47FF79D39D144D57D0E3E206759017011D2F9AB87,text,虽然也早该习惯了……可我不想当着山城的面，听别人议论那些事……\p
2657,game_t02667,０２０：１９９７年_23：上総と唯依　数時間後２８日.egpack,０２０：１９９７年_23：上総と唯依　数時間後２８日,唯依,117A934A7BEACD8DA45CEEBDFD7CAE49BC997A5218950802482742230D0BE329,text,「唉……」\p
2658,game_t02668,０２０：１９９７年_23：上総と唯依　数時間後２８日.egpack,０２０：１９９７年_23：上総と唯依　数時間後２８日,旁白,126E52B1EE61462598BE33D3BC6A410072BF1E34556B81BDB94D830BFEAE43D5,text,我又不能穿着强化装备回宿舍。只能一直待在这里，等到能确定淋浴间一个人都没有的时候。\p
2659,game_t02669,０２０：１９９７年_23：上総と唯依　数時間後２８日.egpack,０２０：１９９７年_23：上総と唯依　数時間後２８日,旁白,FF1B8E3C5779415D9A1511EB643BFCA658363272016FF5D68825F5E02276FE4E,text,今天已经没有训练和理论课了，只要赶得上宿舍晚餐就没问题……可是。\p
2660,game_t02670,０２０：１９９７年_23：上総と唯依　数時間後２８日.egpack,０２０：１９９７年_23：上総と唯依　数時間後２８日,旁白,7E8E9A9AA560402A1ED6066EC6795A9725B5CE309175B6D64DE3D0B7A56BFA9C,text,要是强化装备的电池耗尽……恐怕真会热得晕过去……\p
2661,game_t02671,０２０：１９９７年_23：上総と唯依　数時間後２８日.egpack,０２０：１９９７年_23：上総と唯依　数時間後２８日,唯依,C7E741774BF02B36A51691900B2932553139CE5B5C5847C3CFDC58C0AABE8F74,text,「啊……」\p
2662,game_t02672,０２０：１９９７年_23：上総と唯依　数時間後２８日.egpack,０２０：１９９７年_23：上総と唯依　数時間後２８日,旁白,6BD7D93AF392A7D23BA86FE59DBE8D8D12EAFFE9038204C9C170300A22778AB1,text,山城……？\p
2663,game_t02673,０２０：１９９７年_23：上総と唯依　数時間後２８日.egpack,０２０：１９９７年_23：上総と唯依　数時間後２８日,唯依,FC1BB2D07B8CA4CB833A8FC775711F88FDC75DF9188537E5BF556C9021D9D39C,text,「…\w…\w…\w…\w」\p
2664,game_t02674,０２０：１９９７年_23：上総と唯依　数時間後２８日.egpack,０２０：１９９７年_23：上総と唯依　数時間後２８日,旁白,AA75BAF5AAE217218DEBE3BC5B7CCD2326CA559A459EB39CA0A2F5C57C12E54A,text,难道山城也……和我一样……？\p
2665,game_t02675,０２０：１９９７年_23：上総と唯依　数時間後２８日.egpack,０２０：１９９７年_23：上総と唯依　数時間後２８日,旁白,457B54464E5020D0D96A65986082807F539BAE682307E5B3F6A0E80DAB1C66FC,text,她在现在的淋浴间里，也找不到容身之处吗……？\p
2666,game_t02676,０２０：１９９７年_23：上総と唯依　数時間後２８日.egpack,０２０：１９９７年_23：上総と唯依　数時間後２８日,旁白,B8B0C4A7FAB36EC955BFE30A633BB170890746981E01B584E3AD4D371DE8C146,text,为什么呢……我总觉得——她和我怀着同样的心情。\p
2667,game_t02677,０２０：１９９７年_23：上総と唯依　数時間後２８日.egpack,０２０：１９９７年_23：上総と唯依　数時間後２８日,旁白,6587E303E95441977278FC615F24F59D74E8C12C6F0C631B5379780DF25DBC66,text,以前……我只是模糊地觉得，想让山城看着我这种心情，大概只是一种共鸣……\p
2668,game_t02678,０２０：１９９７年_23：上総と唯依　数時間後２８日.egpack,０２０：１９９７年_23：上総と唯依　数時間後２８日,唯依,FC1BB2D07B8CA4CB833A8FC775711F88FDC75DF9188537E5BF556C9021D9D39C,text,「…\w…\w…\w…\w」\p
2669,game_t02679,０２０：１９９７年_23：上総と唯依　数時間後２８日.egpack,０２０：１９９７年_23：上総と唯依　数時間後２８日,旁白,39DFC1F650313FFA95BCAC3EB71F30E44AF9F74AB9FCEC116B19EA92C8F7D52F,text,有时无论把一个人的言语、态度和所有外在表现拼凑多少遍，都仍然看不清那个人分毫。\p
2670,game_t02680,０２０：１９９７年_23：上総と唯依　数時間後２８日.egpack,０２０：１９９７年_23：上総と唯依　数時間後２８日,旁白,C63E77313A430116179FDD87350A2B499106FFF86BD662D1F69C90392F65D0EB,text,倒不如说，我经历的几乎总是这种事。\p
2671,game_t02681,０２０：１９９７年_23：上総と唯依　数時間後２８日.egpack,０２０：１９９７年_23：上総と唯依　数時間後２８日,旁白,BB4229F9E3BC662A81304BA1E6F23645774DF04B1969A96DFB596EFAD941D7BF,text,但反过来也一样……\p
2672,game_t02682,０２０：１９９７年_23：上総と唯依　数時間後２８日.egpack,０２０：１９９７年_23：上総と唯依　数時間後２８日,旁白,BB4E773E02AD2CB56CEE3459F9935E715EBA9E87406D4DF35751478F050D2088,text,有时只知道一件极其微小的事，却能突然深入理解一个人……\p
2673,game_t02683,０２０：１９９７年_23：上総と唯依　数時間後２８日.egpack,０２０：１９９７年_23：上総と唯依　数時間後２８日,旁白,E59623032BF58B45976D3E645E3EA5142A1D8E4DA91091903C6D6085FF7F3D36,text,我想更了解山城……\p
2674,game_t02684,０２０：１９９７年_23：上総と唯依　数時間後２８日.egpack,０２０：１９９７年_23：上総と唯依　数時間後２８日,旁白,FBB036D23117A6B9361CC69E593FD402A724EB34E3FCEE1A50AE9F71C115B666,text,不是因为今天赢了——不，这么说也不对。\p
2675,game_t02685,０２０：１９９７年_23：上総と唯依　数時間後２８日.egpack,０２０：１９９７年_23：上総と唯依　数時間後２８日,旁白,3FF0CA75731DE27A52CC7EFBCB58E2B6C1A59295B84E03D5ACF0FF6472D98FE3,text,果然还是因为战胜了山城，我才会这样想。但并不是胜利本身让我产生了这种想法——\p
2676,game_t02686,０２０：１９９７年_23：上総と唯依　数時間後２８日.egpack,０２０：１９９７年_23：上総と唯依　数時間後２８日,旁白,4AFD670DF2967C479C27ED5E70B2537CA0EB1E0F7274798607A18316CF26C3BF,text,而是因为一直盘踞在我心里的“综战武败北”这份奇怪执念终于消失，我才能放下成见，单纯地想要更加了解山城。\p
2677,game_t02687,０２０：１９９７年_23：上総と唯依　数時間後２８日.egpack,０２０：１９９７年_23：上総と唯依　数時間後２８日,旁白,CA43FCE37A0F6CA4E016A74F44DE1D171F33259CE3FFB24A15748FFC1D00E352,text,老实说，我还是有些畏缩……而且事到如今才开口……总觉得很尴尬……\p
2678,game_t02688,０２０：１９９７年_23：上総と唯依　数時間後２８日.egpack,０２０：１９９７年_23：上総と唯依　数時間後２８日,旁白,8EC09F5060580D9A6832883F24304797FCBC73074E242F9C3D3BC982D3B21048,text,可是，我无论如何都想了解山城，也希望山城能够……了解我。\p
2679,game_t02689,０２０：１９９７年_23：上総と唯依　数時間後２８日.egpack,０２０：１９９７年_23：上総と唯依　数時間後２８日,旁白,FAB2C02C3AFDD74B8BE5E84F5418CE107663238E7B4D18EB1BFD56E85252B77E,text,我已经很久没有对同龄人产生这样的心情了……也许要追溯到还什么都不懂的童年。\p
2680,game_t02690,０２０：１９９７年_23：上総と唯依　数時間後２８日.egpack,０２０：１９９７年_23：上総と唯依　数時間後２８日,旁白,F3EC3E66FDBEC04600B867E5A01B1C7D93B3C075A1605B636A048D7B1CC257E3,text,哪怕我们无法真正了解彼此……哪怕连比现在靠近一点都做不到——\p
2681,game_t02691,０２０：１９９７年_23：上総と唯依　数時間後２８日.egpack,０２０：１９９７年_23：上総と唯依　数時間後２８日,旁白,E2531F2D6C6F5D5BD574BD085AF120AF4E3F4B1538E0762F857C50367E608C61,text,至少，我想让今天成为一个契机——\p
2682,game_t02692,０２０：１９９７年_23：上総と唯依　数時間後２８日.egpack,０２０：１９９７年_23：上総と唯依　数時間後２８日,唯依,9840C615142CDF682DFFE647A40DECCED4CE127A779A8EB2708D4F3FFB6F5C5C,text,「那个……山城。」\p
2683,game_t02693,０２０：１９９７年_23：上総と唯依　数時間後２８日.egpack,０２０：１９９７年_23：上総と唯依　数時間後２８日,旁白,19B440E35F404722D13F1D5830BC24571E0756E5272C3FDB76D92DA20EFA3841,text,呜……！！\p
2684,game_t02694,０２０：１９９７年_23：上総と唯依　数時間後２８日.egpack,０２０：１９９７年_23：上総と唯依　数時間後２８日,山城,A730953989CFEC3835011336917A0E1B8DF21072D29BE8C89E0A742BD7574AEB,text,「……什么事？」\p
2685,game_t02695,０２０：１９９７年_23：上総と唯依　数時間後２８日.egpack,０２０：１９９７年_23：上総と唯依　数時間後２８日,旁白,F6E6FADD543472A1392499FAA0564774F801F8CF13BEDF2AE0BCFC02C9D68774,text,虽然不是平时那种眼神——可、可是……她该不会在生气吧……\p
2686,game_t02696,０２０：１９９７年_23：上総と唯依　数時間後２８日.egpack,０２０：１９９７年_23：上総と唯依　数時間後２８日,旁白,FBA4A81DA5BF8F705B24410E63AFD9F5BEBBF75E853D0884C58587C4EEA0E70C,text,啊……我只顾着自己的心情，就直接叫住她了……！！\p
2687,game_t02697,０２０：１９９７年_23：上総と唯依　数時間後２８日.egpack,０２０：１９９７年_23：上総と唯依　数時間後２８日,旁白,E0853B3CA9647C91A6243E3D22D2E9996C2D6A9A3F33461768B1D4D848FC6A09,text,仔细想想，山城现在最不想见的人……不就是我吗……？\p
2688,game_t02698,０２０：１９９７年_23：上総と唯依　数時間後２８日.egpack,０２０：１９９７年_23：上総と唯依　数時間後２８日,旁白,DC536409B50D87202FF73A51160FDD650A1BCFEBEBFC78F975ADC9128BBA4994,text,如果换成我是她呢……？\p
2689,game_t02699,０２０：１９９７年_23：上総と唯依　数時間後２８日.egpack,０２０：１９９７年_23：上総と唯依　数時間後２８日,山城,FC1BB2D07B8CA4CB833A8FC775711F88FDC75DF9188537E5BF556C9021D9D39C,text,「…\w…\w…\w…\w」\p
2690,game_t02700,０２０：１９９７年_23：上総と唯依　数時間後２８日.egpack,０２０：１９９７年_23：上総と唯依　数時間後２８日,旁白,DA4D67D83BDCD40EDB2A67B20AEAED81F0C08D0514A4B680C7A2BE568B34C0BE,text,哇……果然看起来心情很差……！！\p
2691,game_t02701,０２０：１９９７年_23：上総と唯依　数時間後２８日.egpack,０２０：１９９７年_23：上総と唯依　数時間後２８日,旁白,A36E7382FECB324669E654C33EC6A5680AA56037C298ED80A710CA616965AEE0,text,可、可是——事到如今一句话都不说就离开，反而更加失礼……！！\p
2692,game_t02702,０２０：１９９７年_23：上総と唯依　数時間後２８日.egpack,０２０：１９９７年_23：上総と唯依　数時間後２８日,旁白,A2337948916556CC3FA699FCB0743C11223A1541513E73FBC030E21D53001C2D,text,而且……不管山城的目光有多可怕，我果然还是感受不到恶意——\p
2693,game_t02703,０２０：１９９７年_23：上総と唯依　数時間後２８日.egpack,０２０：１９９７年_23：上総と唯依　数時間後２８日,唯依,42CA21E87735AF677921936C0E38ED3F0066B7A80CB518DD48FC287A926A53E9,text,「那个，如果你不介意……这个……」\p
2694,game_t02704,０２０：１９９７年_23：上総と唯依　数時間後２８日.egpack,０２０：１９９７年_23：上総と唯依　数時間後２８日,山城,FC1BB2D07B8CA4CB833A8FC775711F88FDC75DF9188537E5BF556C9021D9D39C,text,「…\w…\w…\w…\w」\p
2695,game_t02705,０２０：１９９７年_23：上総と唯依　数時間後２８日.egpack,０２０：１９９７年_23：上総と唯依　数時間後２８日,唯依,BD98F90E1579159C937E290D72C3E0ABE70DD5EF369E44E57A7EB761A5BDE80A,text,「毛巾……可以用来擦脸……」\p
2696,game_t02706,０２０：１９９７年_23：上総と唯依　数時間後２８日.egpack,０２０：１９９７年_23：上総と唯依　数時間後２８日,山城,FC1BB2D07B8CA4CB833A8FC775711F88FDC75DF9188537E5BF556C9021D9D39C,text,「…\w…\w…\w…\w」\p
2697,game_t02707,０２０：１９９７年_23：上総と唯依　数時間後２８日.egpack,０２０：１９９７年_23：上総と唯依　数時間後２８日,山城,BBFE6E7A069F6BC589C89F18FEDAD70B3646802A524E087D218676C446B9A406,text,「谢谢……那我就借用了。」\p
2698,game_t02708,０２０：１９９７年_23：上総と唯依　数時間後２８日.egpack,０２０：１９９７年_23：上総と唯依　数時間後２８日,唯依,D84ACB792179738F5D8980065A40DEB1D0D43BB1E25A7F304265FB7E1E973311,text,「…\w…\w！？」\p
2699,game_t02709,０２０：１９９７年_23：上総と唯依　数時間後２８日.egpack,０２０：１９９７年_23：上総と唯依　数時間後２８日,旁白,5C27876A9476B65B812556AC0B11A500B7339FD92C7C8D91C8C6EE74086644DE,text,咦……？刚才……她笑了……？\p
2700,game_t02710,０２０：１９９７年_23：上総と唯依　数時間後２８日.egpack,０２０：１９９７年_23：上総と唯依　数時間後２８日,旁白,9608CB3F38F783A951B4A37077A41B891E25C876A356A90AEF527FE9CFE6DC7A,text,山城……刚才……！\p
2701,game_t02711,０２０：１９９７年_23：上総と唯依　数時間後２８日.egpack,０２０：１９９７年_23：上総と唯依　数時間後２８日,唯依,FC1BB2D07B8CA4CB833A8FC775711F88FDC75DF9188537E5BF556C9021D9D39C,text,「…\w…\w…\w…\w」\p
2702,game_t02712,０２０：１９９７年_23：上総と唯依　数時間後２８日.egpack,０２０：１９９７年_23：上総と唯依　数時間後２８日,旁白,63A5B63E760314DF41443CC3241EA1DDDE5C5B9DB5EBD0E3BAE5EF8AC7D6F7EB,text,……不行，今天我的承受能力也到极限了。心里已经装不下更多东西……\p
2703,game_t02713,０２０：１９９７年_23：上総と唯依　数時間後２８日.egpack,０２０：１９９７年_23：上総と唯依　数時間後２８日,旁白,842107A7244477A57C355A35B3B23123D6F9D6FBFF88877A64AF98E7819BC95F,text,总之，这是入校以来，我第一次和山城进行有点像私下交流的对话！光是这样就已经……！\p
2704,game_t02714,０２０：１９９７年_23：上総と唯依　数時間後２８日.egpack,０２０：１９９７年_23：上総と唯依　数時間後２８日,旁白,F682F52616AB5E46F6F796B2BFE8C1FF071DD0C30373996C7DB45D520C3C7172,text,我想珍惜并慢慢培育这个小小的契机……让它成为巨大变化的第一步。\p
2705,game_t02715,０２０：１９９７年_24：嵐山の嵐作戦　９月１６日　候補生食堂.egpack,０２０：１９９７年_24：嵐山の嵐作戦　９月１６日　候補生食堂,安芸,57802FB9F78A42B2424F321C8D64EA86D6341639D0AAECED7DD01A7303CB7259,text,「——终于等到今晚了，执行物资采购行动的时刻已经到来！」\p
2706,game_t02716,０２０：１９９７年_24：嵐山の嵐作戦　９月１６日　候補生食堂.egpack,０２０：１９９７年_24：嵐山の嵐作戦　９月１６日　候補生食堂,安芸,3327E1DA7AA97CCAB1255F84F1136024F1EDA6E9939746E585770D2312889DB8,text,「——从现在起，行动代号定为『岚山之岚』！！」\p
2707,game_t02717,０２０：１９９７年_24：嵐山の嵐作戦　９月１６日　候補生食堂.egpack,０２０：１９９７年_24：嵐山の嵐作戦　９月１６日　候補生食堂,志摩子,09331D737FF6C63BD568934D420144A7441FE926F7C4945FC92975A49DA775F9,text,「岚山之岚……」\p
2708,game_t02718,０２０：１９９７年_24：嵐山の嵐作戦　９月１６日　候補生食堂.egpack,０２０：１９９７年_24：嵐山の嵐作戦　９月１６日　候補生食堂,安芸,46C0EFDD4F676DFE3AE9F71C0F5222DE2EF243688848A8367AAACCA310B92758,text,「『岚山之岚』作战于晚餐后的十九点整开始！集合时必须穿着夏季作训服。全员对表——！！」\p
2709,game_t02719,０２０：１９９７年_24：嵐山の嵐作戦　９月１６日　候補生食堂.egpack,０２０：１９９７年_24：嵐山の嵐作戦　９月１６日　候補生食堂,和泉,84C11337FC439C40EA43F22556B4E0E1BA5D6477FEFA054EC389668A2E89966F,text,「说到底，就是回宿舍以后还特意不换制服，晚饭后一起去便利店买甜点吧。」\p
2710,game_t02720,０２０：１９９７年_24：嵐山の嵐作戦　９月１６日　候補生食堂.egpack,０２０：１９９７年_24：嵐山の嵐作戦　９月１６日　候補生食堂,安芸,18D8B25868A33DD83BF9682464E3C17A053D5945BFE4E897B0EC4657B2E4398D,text,「真是的，你们也太不会配合了！重要的是气氛，气氛！！」\p
2711,game_t02721,０２０：１９９７年_24：嵐山の嵐作戦　９月１６日　候補生食堂.egpack,０２０：１９９７年_24：嵐山の嵐作戦　９月１６日　候補生食堂,和泉,8C07E52A4C499859B625C89128E7D767489D466566C7FCCED31173F0414C6471,text,「呃，好麻烦。今天好歹也是休假，想去便利店随时都能去吧。」\p
2712,game_t02722,０２０：１９９７年_24：嵐山の嵐作戦　９月１６日　候補生食堂.egpack,０２０：１９９７年_24：嵐山の嵐作戦　９月１６日　候補生食堂,旁白,D6D5F42F2617335A8849B429E70C79C3E148869478E15D5EE78D0E1A73ABD0A3,text,……和泉确实很不好受。现在又见不到恋人，也难怪她提不起精神。\p
2713,game_t02723,０２０：１９９７年_24：嵐山の嵐作戦　９月１６日　候補生食堂.egpack,０２０：１９９７年_24：嵐山の嵐作戦　９月１６日　候補生食堂,旁白,21655589899C6E3B67B79B32DFF2E6B76FBE2B8FF154015956E0CD867B8CA4CA,text,今天是补休，用来补偿因课程调整而取消的暑假。可具体日期直到昨天早晨才通知下来。\p
2714,game_t02724,０２０：１９９７年_24：嵐山の嵐作戦　９月１６日　候補生食堂.egpack,０２０：１９９７年_24：嵐山の嵐作戦　９月１６日　候補生食堂,旁白,4E1F682DDA8E39389D37F8EDAE02A4D6B587FA6F334B3D23D66496C5FDDC58D1,text,原本连周末在内应该有五天，结果只剩一个工作日。大家都嫌太折腾，几乎没有候补生回家。\p
2715,game_t02725,０２０：１９９７年_24：嵐山の嵐作戦　９月１６日　候補生食堂.egpack,０２０：１９９７年_24：嵐山の嵐作戦　９月１６日　候補生食堂,旁白,7D62EDF74DC9E6658740F0C66A5A1CCC15114CC98233532850197FC4B5D08C9A,text,可留在宿舍又无事可做，结果所有人还是来了学校，练模拟器或自主训练……\p
2716,game_t02726,０２０：１９９７年_24：嵐山の嵐作戦　９月１６日　候補生食堂.egpack,０２０：１９９７年_24：嵐山の嵐作戦　９月１６日　候補生食堂,安芸,621EC570CC0B2A20ED2E8BE16E0726214037DB4D7EF6BE8FB61C554C44D93D27,text,「啊～真是的！我已经彻底中了唯依的圈套～至少让我享受一下行动气氛嘛！！」\p
2717,game_t02727,０２０：１９９７年_24：嵐山の嵐作戦　９月１６日　候補生食堂.egpack,０２０：１９９７年_24：嵐山の嵐作戦　９月１６日　候補生食堂,唯依,DDC2C8C0F8CDBE141E95E3BD4F117EEB427B58A9CF11D4B2C8C21AF8A90FC82A,text,「呜……」\p
2718,game_t02728,０２０：１９９７年_24：嵐山の嵐作戦　９月１６日　候補生食堂.egpack,０２０：１９９７年_24：嵐山の嵐作戦　９月１６日　候補生食堂,志摩子,7F3395E2191A8C91A5701A7F8DAB19E42D28E72449DE03BC6EFB97F96AB46669,text,「这么说多难听啊，安艺。唯依既没有设圈套，也没有说谎。」\p
2719,game_t02729,０２０：１９９７年_24：嵐山の嵐作戦　９月１６日　候補生食堂.egpack,０２０：１９９７年_24：嵐山の嵐作戦　９月１６日　候補生食堂,安芸,627F21FD488EE3A96E288CC3722948ABD621683774BBA6D0CE254F31ACCB1986,text,「话是这么说！可考试后有补休这件事，当时只有小队长才知道吧。」\p
2720,game_t02730,０２０：１９９７年_24：嵐山の嵐作戦　９月１６日　候補生食堂.egpack,０２０：１９９７年_24：嵐山の嵐作戦　９月１６日　候補生食堂,唯依,6805EA5860D149BE839B3A7EF12416234B0F9C058210296C5F74D410D9E66BCA,text,「对不起，安艺。你说我骗了你，我也确实无从辩解。」\p
2721,game_t02731,０２０：１９９７年_24：嵐山の嵐作戦　９月１６日　候補生食堂.egpack,０２０：１９９７年_24：嵐山の嵐作戦　９月１６日　候補生食堂,旁白,99465C52667119B3629CD48F8AAAC03E3EB9E09BF6636397DD89F65B90CC5E83,text,我为了控制当时的局面，擅自让约定承载了许多意义，可那些都与安艺无关。她说得没错。\p
2722,game_t02732,０２０：１９９７年_24：嵐山の嵐作戦　９月１６日　候補生食堂.egpack,０２０：１９９７年_24：嵐山の嵐作戦　９月１６日　候補生食堂,旁白,B3EFA55E8DB8A9C3D36035A7327683C267243F33392872FE60BCA4E73BEED878,text,不过从那以后，安艺再没说出动摇根本的疑问。就连牢骚似乎也少了一些。\p
2723,game_t02733,０２０：１９９７年_24：嵐山の嵐作戦　９月１６日　候補生食堂.egpack,０２０：１９９７年_24：嵐山の嵐作戦　９月１６日　候補生食堂,旁白,89202EA84672063FFEA57E91C08B1CAA493897634F6EC45CF24893E7D1D2C148,text,模拟战时大家都取得了不错的成绩，我认为结果是好的。\p
2724,game_t02734,０２０：１９９７年_24：嵐山の嵐作戦　９月１６日　候補生食堂.egpack,０２０：１９９７年_24：嵐山の嵐作戦　９月１６日　候補生食堂,旁白,4FB40349ECAA3F923323A5B6161798A0AA060822ED8D9E65B6CC242D74B5865E,text,所以，无论安艺怎么说我都没关系。\p
2725,game_t02735,０２０：１９９７年_24：嵐山の嵐作戦　９月１６日　候補生食堂.egpack,０２０：１９９７年_24：嵐山の嵐作戦　９月１６日　候補生食堂,唯依,2FAFE0F427285C062BF71E9B7F9573297E569DCC02DC5E9E5F004CBEB7DDE289,text,「……也许道歉已经没有意义……但还是对不起。」\p
2726,game_t02736,０２０：１９９７年_24：嵐山の嵐作戦　９月１６日　候補生食堂.egpack,０２０：１９９７年_24：嵐山の嵐作戦　９月１６日　候補生食堂,安芸,C1F9A088D5A0BEAB6A4F5C641B73E8C72D3AD892906B493A65B54A8D8A2BBB29,text,「唉～唯依，别这样啦，太沉重了～」\p
2727,game_t02737,０２０：１９９７年_24：嵐山の嵐作戦　９月１６日　候補生食堂.egpack,０２０：１９９７年_24：嵐山の嵐作戦　９月１６日　候補生食堂,唯依,57562AB9FE30F43D1538A54A0E8ADB707991E1A3E77EC6C4DE283E70C6B3EED6,text,「咦……？」\p
2728,game_t02738,０２０：１９９７年_24：嵐山の嵐作戦　９月１６日　候補生食堂.egpack,０２０：１９９７年_24：嵐山の嵐作戦　９月１６日　候補生食堂,安芸,0FEE68407F486CABB476897D45CC8FA879A632B671CB218684424C85EA840CF6,text,「我本来又不是为了溜出宿舍。只要能吃到冰碴君·法兰西梨味，我就满足了。」\p
2729,game_t02739,０２０：１９９７年_24：嵐山の嵐作戦　９月１６日　候補生食堂.egpack,０２０：１９９７年_24：嵐山の嵐作戦　９月１６日　候補生食堂,旁白,75DB648D157B248A0E31FB4060C0A31B68853374E254613D9678CC24F2231185,text,安艺……\p
2730,game_t02740,０２０：１９９７年_24：嵐山の嵐作戦　９月１６日　候補生食堂.egpack,０２０：１９９７年_24：嵐山の嵐作戦　９月１６日　候補生食堂,和泉,D749DA8C37D5EBBB071CDA3081A2F742C91269B02EA17D39B2C5EF1A202B5A3A,text,「那现在去不就好了。没必要非得拖到那么晚吧。」\p
2731,game_t02741,０２０：１９９７年_24：嵐山の嵐作戦　９月１６日　候補生食堂.egpack,０２０：１９９７年_24：嵐山の嵐作戦　９月１６日　候補生食堂,安芸,FA442E41AC1CFFEC794F75AF52C1FE04F1349629EF8357922CE741E3A28EE503,text,「——当然有必要！紧张感很重要！就是要踩着门禁时间，在惊险刺激中跑一趟才有意思！」\p
2732,game_t02742,０２０：１９９７年_24：嵐山の嵐作戦　９月１６日　候補生食堂.egpack,０２０：１９９７年_24：嵐山の嵐作戦　９月１６日　候補生食堂,和泉,312E6A9E9CFA9B299F4A6135F70B1FC29C8909EDA078A0A7AE5735A0FC2C0EE8,text,「哈？你到底在说什么？」\p
2733,game_t02743,０２０：１９９７年_24：嵐山の嵐作戦　９月１６日　候補生食堂.egpack,０２０：１９９７年_24：嵐山の嵐作戦　９月１６日　候補生食堂,安芸,1C6C5FEFF93FCC6294073E379727E5AF57DB96D83BA283DC67026D0AA40963FC,text,「和泉真是不懂啊。只要加上这一点小花样，普普通通的便利店也会变成精彩的游乐项目。」\p
2734,game_t02744,０２０：１９９７年_24：嵐山の嵐作戦　９月１６日　候補生食堂.egpack,０２０：１９９７年_24：嵐山の嵐作戦　９月１６日　候補生食堂,旁白,9F0A2B191DAB543E849993739E622F985AD53812D7CA516D8409B8A0331B7D35,text,原来如此。与其漫无目的地过去，这样确实能增加购物时的紧张感。\p
2735,game_t02745,０２０：１９９７年_24：嵐山の嵐作戦　９月１６日　候補生食堂.egpack,０２０：１９９７年_24：嵐山の嵐作戦　９月１６日　候補生食堂,旁白,9C069BF5508B26123FE757C909DAE6A00D31EEFD5BFAAD895429810E85E9F8B8,text,这就是安艺应对压力的方法。如此想来，我似乎也能理解她为什么那么执着于便利店了。\p
2736,game_t02746,０２０：１９９７年_24：嵐山の嵐作戦　９月１６日　候補生食堂.egpack,０２０：１９９７年_24：嵐山の嵐作戦　９月１６日　候補生食堂,旁白,959FE1776F66A66994C04BA6986DFB29D1AB0FF18F44B7067B5929F9785DAFCC,text,真厉害……努力为一成不变的日常添上不同味道，再从中获得乐趣——\p
2737,game_t02747,０２０：１９９７年_24：嵐山の嵐作戦　９月１６日　候補生食堂.egpack,０２０：１９９７年_24：嵐山の嵐作戦　９月１６日　候補生食堂,唯依,A5952AB82A4768CDEC7D83ADDE8D1A1F64295813DC60EF1E55CBD7AC8C462AD1,text,「明白——『岚山之岚』作战，我谨领命！」\p
2738,game_t02748,０２０：１９９７年_24：嵐山の嵐作戦　９月１６日　候補生食堂.egpack,０２０：１９９７年_24：嵐山の嵐作戦　９月１６日　候補生食堂,和泉,964271FCAE8AF07AB7479FA2AAB0F9929C5DDA64C32723C5D021880A035B7083,text,「咦！？等等，唯依，你是认真的？！」\p
2739,game_t02749,０２０：１９９７年_24：嵐山の嵐作戦　９月１６日　候補生食堂.egpack,０２０：１９９７年_24：嵐山の嵐作戦　９月１６日　候補生食堂,唯依,675AE51F71F6A6BF92B8174AD30F4F925B4E895DB3C39886DE1F5CBE51E5A148,text,「当然。我们又没有违反规定。而且就像安艺说的，那样确实更有趣——！？」\p
2740,game_t02750,０２０：１９９７年_24：嵐山の嵐作戦　９月１６日　候補生食堂.egpack,０２０：１９９７年_24：嵐山の嵐作戦　９月１６日　候補生食堂,安芸,DC91D175F39644A2166D72C2250DBE94D957560DADFDB65ED383FDFAD0ABC2F8,text,「——不愧是教养良好的大小姐，唯依果然很懂生活情趣嘛！」\p
2741,game_t02751,０２０：１９９７年_24：嵐山の嵐作戦　９月１６日　候補生食堂.egpack,０２０：１９９７年_24：嵐山の嵐作戦　９月１６日　候補生食堂,唯依,DA06F52F607CEE204E4A659AFF35EAE872621D745FE999A06C0FB2919EF69AE1,text,「好痛……」\p
2742,game_t02752,０２０：１９９７年_24：嵐山の嵐作戦　９月１６日　候補生食堂.egpack,０２０：１９９７年_24：嵐山の嵐作戦　９月１６日　候補生食堂,志摩子,D9BFC9217CD8C7B0AB7D7F8C776B3FCDC2AE1A4153114958576F3D73CB7F388C,text,「——你、你没事吧……！？」\p
2743,game_t02753,０２０：１９９７年_24：嵐山の嵐作戦　９月１６日　候補生食堂.egpack,０２０：１９９７年_24：嵐山の嵐作戦　９月１６日　候補生食堂,和泉,889BD03BAB321BF60BC855007BCA43204CD4E30042741F41150C0AAF4A2CB508,text,「生活情趣……真亏你说得出口……」\p
2744,game_t02754,０２０：１９９７年_24：嵐山の嵐作戦　９月１６日　候補生食堂.egpack,０２０：１９９７年_24：嵐山の嵐作戦　９月１６日　候補生食堂,安芸,E54707CFC9940EF8F436CC4F18DF460AF40046CD6177025011E856804330B157,text,「——那就这么定了！十九点整，蓟宿舍门口集合！」\p
2745,game_t02755,０２０：１９９７年_25：ネビュラチェーン　数時間後.egpack,０２０：１９９７年_25：ネビュラチェーン　数時間後,和泉,E33B8649AAC475C925991512855786EBF216C8C8B356D7A86DE3B065463DDB4E,text,「——就算这样，为什么非得特意穿制服啊？」\p
2746,game_t02756,０２０：１９９７年_25：ネビュラチェーン　数時間後.egpack,０２０：１９９７年_25：ネビュラチェーン　数時間後,志摩子,E28858F7CD8988DF67206B839D537DFBFE7A6178B45D675D7CBBC0A7D95FAD8D,text,「可是候补生手册里写着，外出时必须穿制服。」\p
2747,game_t02757,０２０：１９９７年_25：ネビュラチェーン　数時間後.egpack,０２０：１９９７年_25：ネビュラチェーン　数時間後,安芸,5ADF67EE8A1835A98A44C971AD1905800149A65A8A5532001107F6CE4C3BFF08,text,「没错！想重现往日的自由时光，就只能这样了吧！」\p
2748,game_t02758,０２０：１９９７年_25：ネビュラチェーン　数時間後.egpack,０２０：１９９７年_25：ネビュラチェーン　数時間後,唯依,569B77640D06D4556E0563DC0024E84804E8DFFBBC5FECE7493CBA4044319A44,text,「呵呵……」\p
2749,game_t02759,０２０：１９９７年_25：ネビュラチェーン　数時間後.egpack,０２０：１９９７年_25：ネビュラチェーン　数時間後,旁白,878F42375A30ADDA54BCC9A85CF200EBA5DEF413D2F7904B241F27F974444ACB,text,选这个时间过来，真是太好了……\p
2750,game_t02760,０２０：１９９７年_25：ネビュラチェーン　数時間後.egpack,０２０：１９９７年_25：ネビュラチェーン　数時間後,旁白,D63F0ED045C56D27C6C93BD31F1477C341FF4E66B6617A5004E14C3232E25EF5,text,白天依旧很热……夜晚却比以前凉爽，已经能感受到秋天的气息。\p
2751,game_t02761,０２０：１９９７年_25：ネビュラチェーン　数時間後.egpack,０２０：１９９７年_25：ネビュラチェーン　数時間後,巌谷中佐,5EDB33B6FE1A73FD07776421BCED2EC7938DBF2B41A432158E1D6FC4ECB9CBA8,text,「天空……真好啊……」\p
2752,game_t02762,０２０：１９９７年_25：ネビュラチェーン　数時間後.egpack,０２０：１９９７年_25：ネビュラチェーン　数時間後,巌谷中佐,1562277E71E24F6FAEA9E5DE87DBD00B409A521C6BF39772B72BA170EF2FB306,text,「尤其日本的天空很好。四季各有不同面貌……」\p
2753,game_t02763,０２０：１９９７年_25：ネビュラチェーン　数時間後.egpack,０２０：１９９７年_25：ネビュラチェーン　数時間後,旁白,17DE560D23F247472671C65B5BA42DB7F947FBADB6114D3AFD0FA83E8F183442,text,把目光投向理所当然陪伴在身边的事物——我原以为，自己已经比那时更能做到这一点……\p
2754,game_t02764,０２０：１９９７年_25：ネビュラチェーン　数時間後.egpack,０２０：１９９７年_25：ネビュラチェーン　数時間後,旁白,6A34F9436E2510E2A12EED662719A91941E808C5804379C437C56D1C32389068,text,安艺真厉害……哪怕只是去便利店，她也能自然而然地做到……\p
2755,game_t02765,０２０：１９９７年_25：ネビュラチェーン　数時間後.egpack,０２０：１９９７年_25：ネビュラチェーン　数時間後,コンビニ店員,1133937453ABB93527392CC33BE8DECB5BA5DE3AA4336DD4A19E53E9F98A1D22,text,「欢迎光临～」\p
2756,game_t02766,０２０：１９９７年_25：ネビュラチェーン　数時間後.egpack,０２０：１９９７年_25：ネビュラチェーン　数時間後,安芸,0941B064350C64857E6059E8EC04261C82210B443B147177C4431D22D13DD08A,text,「——好了，接下来就是和时间赛跑！冰碴君，冰碴君在哪里！」\p
2757,game_t02767,０２０：１９９７年_25：ネビュラチェーン　数時間後.egpack,０２０：１９９７年_25：ネビュラチェーン　数時間後,和泉,67D9FD5F45DDDDE8874ED8EE0B24ADCEFFB5D4D8A6474F41BE30064258C11FB1,text,「好好好，真拿你没办法。」\p
2758,game_t02768,０２０：１９９７年_25：ネビュラチェーン　数時間後.egpack,０２０：１９９７年_25：ネビュラチェーン　数時間後,志摩子,766F8F8FD43E9FC893C7EA339F96257E707402ACCB238B8308DDB9C9DFC94E2A,text,「不行啦，别在店里跑——真是的。」\p
2759,game_t02769,０２０：１９９７年_25：ネビュラチェーン　数時間後.egpack,０２０：１９９７年_25：ネビュラチェーン　数時間後,旁白,DF56995BC51BDE19754EE521526A1A3724842F8D551BB77962DE5EE707616101,text,好厉害……百奇竟然有这么多种口味……\p
2760,game_t02770,０２０：１９９７年_25：ネビュラチェーン　数時間後.egpack,０２０：１９９７年_25：ネビュラチェーン　数時間後,旁白,340E881B26132357EB45C9F136804D2E125FFBD79AA04966325F83D79764D137,text,原味、苦味、白巧克力、草莓——\p
2761,game_t02771,０２０：１９９７年_25：ネビュラチェーン　数時間後.egpack,０２０：１９９７年_25：ネビュラチェーン　数時間後,唯依,8E1C2D8DC4BF5A7AEFDA8A585CDF1DE497ABFD004E3835DB92EF6B07C021466B,text,「——蛇！？」\p
2762,game_t02772,０２０：１９９７年_25：ネビュラチェーン　数時間後.egpack,０２０：１９９７年_25：ネビュラチェーン　数時間後,旁白,ABD1024D2B9AC8E36799DA4C4457C19733742387C803B75F5F166FFB72FFB176,text,……蛇莓……味……！\p
2763,game_t02773,０２０：１９９７年_25：ネビュラチェーン　数時間後.egpack,０２０：１９９７年_25：ネビュラチェーン　数時間後,旁白,60D01CBE9FFB769D6B669131CA6E4077A7CD87213AB0281E5B9497043F0FEEE8,text,怎么说呢……在莓果界也太与众不同了——首先，有人知道它本来是什么味道吗——\p
2764,game_t02774,０２０：１９９７年_25：ネビュラチェーン　数時間後.egpack,０２０：１９９７年_25：ネビュラチェーン　数時間後,唯依,5FA74C25156A191C2B55453F27E65194736345079DFBC8EC6E55610838096737,text,「——榴！？」\p
2765,game_t02775,０２０：１９９７年_25：ネビュラチェーン　数時間後.egpack,０２０：１９９７年_25：ネビュラチェーン　数時間後,旁白,FAAAC663AF1F670EC5C4B71172EA6C76A471E5D38E35361C02B1A3C462E2A923,text,……榴、榴莲味……！\p
2766,game_t02776,０２０：１９９７年_25：ネビュラチェーン　数時間後.egpack,０２０：１９９７年_25：ネビュラチェーン　数時間後,旁白,F45A71B2FFD34697C77C6162BAEB30157643BC42B866B6C7752B51B345E60CC2,text,可恶……身为水果之王的你……为何会出现在这里……！？为什么会变成百奇……！？\p
2767,game_t02777,０２０：１９９７年_25：ネビュラチェーン　数時間後.egpack,０２０：１９９７年_25：ネビュラチェーン　数時間後,旁白,F84C767E4E3872870A3832B75640457FB0D62555D47BE81588121859E0386F7C,text,这款零食的开发者……为何偏偏从无数水果中选中了这两种！？\p
2768,game_t02778,０２０：１９９７年_25：ネビュラチェーン　数時間後.egpack,０２０：１９９７年_25：ネビュラチェーン　数時間後,旁白,89C09623437401349A1CA60A360548F6C67C77D81D9547F5A592A7756E822D4B,text,王者与无名之辈——两者在帝国都十分冷门！他们究竟认为胜算在哪里……！？\p
2769,game_t02779,０２０：１９９７年_25：ネビュラチェーン　数時間後.egpack,０２０：１９９７年_25：ネビュラチェーン　数時間後,唯依,FC1BB2D07B8CA4CB833A8FC775711F88FDC75DF9188537E5BF556C9021D9D39C,text,「…\w…\w…\w…\w」\p
2770,game_t02780,０２０：１９９７年_25：ネビュラチェーン　数時間後.egpack,０２０：１９９７年_25：ネビュラチェーン　数時間後,旁白,E7E04B5F668C0A4B5C7629EE540C3D6F343F73D4F00D222FF2C718534671703D,text,篁家的血脉……仿佛在命令我解开这个谜团……\p
2771,game_t02781,０２０：１９９７年_25：ネビュラチェーン　数時間後.egpack,０２０：１９９７年_25：ネビュラチェーン　数時間後,旁白,74DB60E2B3BBDD11D01D5D2AE45230BB6837335743D35EA1D000094B5C180A7D,text,篁家世代以打造兵器为业——将来我也要继承父亲的道路，投身战术机开发……！！\p
2772,game_t02782,０２０：１９９７年_25：ネビュラチェーン　数時間後.egpack,０２０：１９９７年_25：ネビュラチェーン　数時間後,旁白,FCDAFFB628B710DA45F42345E3C78010D1A2AF65A1DAAAB2106C17D9DA89B5EF,text,这位开发者选择了两款纸面上必败无疑的百奇产品——我必须看清他的胜算和着眼点！！\p
2773,game_t02783,０２０：１９９７年_25：ネビュラチェーン　数時間後.egpack,０２０：１９９７年_25：ネビュラチェーン　数時間後,山城,E12F083CEEB5510ED0D115C2E46719F5183E30BD0F175D84B3E5A8EC308AA17F,text,「——晚上好，篁。」\p
2774,game_t02784,０２０：１９９７年_25：ネビュラチェーン　数時間後.egpack,０２０：１９９７年_25：ネビュラチェーン　数時間後,旁白,14EAE6FDA2CAD742F14590E1AC17BA54D64BE7F3F861E89D0F41BAAE25DCD852,text,——！\p
2775,game_t02785,０２０：１９９７年_25：ネビュラチェーン　数時間後.egpack,０２０：１９９７年_25：ネビュラチェーン　数時間後,唯依,201C74E9B07976B4B740492EA4B378704AEB58A263E0ED3A6803C6F8ABF9F6EA,text,「山城……！晚、晚上好。」\p
2776,game_t02786,０２０：１９９７年_25：ネビュラチェーン　数時間後.egpack,０２０：１９９７年_25：ネビュラチェーン　数時間後,山城,2DB7EE57AD64747258610ABDBE5844D71EAC00BC2F6D94D010927FEC218CC529,text,「你们也刚回来？今晚路上莫名拥挤呢。」\p
2777,game_t02787,０２０：１９９７年_25：ネビュラチェーン　数時間後.egpack,０２０：１９９７年_25：ネビュラチェーン　数時間後,旁白,852A695B2B5602BC29AAF735191D9AA5D6FE28DFA34ABB9D0DA81E98407483AE,text,说、说起来，今天早上山城坐家里的车回去了……\p
2778,game_t02788,０２０：１９９７年_25：ネビュラチェーン　数時間後.egpack,０２０：１９９７年_25：ネビュラチェーン　数時間後,旁白,E85E92FE7C5FB038222B6BBA2827AE518D6D54A3B6BB5264448D68932B346062,text,真是少见又很有个性的……今年流行这种打扮吗？不过说是很符合富家小姐山城的风格，倒也没错……\p
2779,game_t02789,０２０：１９９７年_25：ネビュラチェーン　数時間後.egpack,０２０：１９９７年_25：ネビュラチェーン　数時間後,唯依,FAB7F881B509C4DCB9EB0B4E22C3A11443EE9626B323F2E85FA0EA04F342CF61,text,「……不，不是。我们只是过来买东西。」\p
2780,game_t02790,０２０：１９９７年_25：ネビュラチェーン　数時間後.egpack,０２０：１９９７年_25：ネビュラチェーン　数時間後,山城,E08A527753911EBF61042B96E2755EB0D46BF5B3F643057527F8603073F91167,text,「原来如此。」\p
2781,game_t02791,０２０：１９９７年_25：ネビュラチェーン　数時間後.egpack,０２０：１９９７年_25：ネビュラチェーン　数時間後,旁白,0D58073801064552BF97D07EE16F59FD68438785DFE25C22710AA733A5EF89C5,text,从那以后，我们的关系并没有发生戏剧性的变化。但至少已经能像这样聊些日常话题。志摩子似乎也和莲川相处得不错……\p
2782,game_t02792,０２０：１９９７年_25：ネビュラチェーン　数時間後.egpack,０２０：１９９７年_25：ネビュラチェーン　数時間後,旁白,FD2EA2CA2C2F8882101D1425E66DDC3EE917620FCF1610C2B808B17C0DE4DD35,text,我们确实比以前亲近了一些……对吧……？\p
2783,game_t02793,０２０：１９９７年_25：ネビュラチェーン　数時間後.egpack,０２０：１９９７年_25：ネビュラチェーン　数時間後,安芸,2A9CCCB81FBBCEDD2C641960583605AA0CE4D46D7545FB560D35FB861BAA00B5,text,「——不————！！！」\p
2784,game_t02794,０２０：１９９７年_25：ネビュラチェーン　数時間後.egpack,０２０：１９９７年_25：ネビュラチェーン　数時間後,唯依,DCEF35D49CD790C845EF2899686F0ACBBBCF5B6A2B471E01194D7F6CCF1B44CF,text,「——安艺！？」\p
2785,game_t02795,０２０：１９９７年_25：ネビュラチェーン　数時間後.egpack,０２０：１９９７年_25：ネビュラチェーン　数時間後,山城,AE2D96E5D6CBC33091518E1A87B9336B221A34C6181FBEAA412F3CE7CD830BDB,text,「——怎、怎么回事，太失态了……！」\p
2786,game_t02796,０２０：１９９７年_25：ネビュラチェーン　数時間後.egpack,０２０：１９９７年_25：ネビュラチェーン　数時間後,唯依,AD1807B7BF6B7AEC53A9B59C88562B1C676EBE8CD56AA2589D677CE89520B0B2,text,「——怎么了，安艺！？」\p
2787,game_t02797,０２０：１９９７年_25：ネビュラチェーン　数時間後.egpack,０２０：１９９７年_25：ネビュラチェーン　数時間後,志摩子,D44C8AAD42B4298275F858F2D420B6D5AFA38344E04007EFF8A904C921F34914,text,「还能怎么回事，那个——等等，山城！？」\p
2788,game_t02798,０２０：１９９７年_25：ネビュラチェーン　数時間後.egpack,０２０：１９９７年_25：ネビュラチェーン　数時間後,和泉,41F6A397CF999A5D02F91F79167C3E3C7A606463CAD20B488160BA16A6EBFE4E,text,「——咦？」\p
2789,game_t02799,０２０：１９９７年_25：ネビュラチェーン　数時間後.egpack,０２０：１９９７年_25：ネビュラチェーン　数時間後,山城,7D540C177790B06B758ABAB73CEA0933D7BF2A0C7EB55CD57725CD5B3C1EEFFC,text,「甲斐、能登，晚上好。」\p
2790,game_t02800,０２０：１９９７年_25：ネビュラチェーン　数時間後.egpack,０２０：１９９７年_25：ネビュラチェーン　数時間後,志摩子,CC5A6A7E5547E2974770D8627731488A8E262438421729978554A26B7348560D,text,「晚、晚上好。」
2791,game_t02801,０２０：１９９７年_25：ネビュラチェーン　数時間後.egpack,０２０：１９９７年_25：ネビュラチェーン　数時間後,和泉,28C80434A501198C3FFED9919B4A18A32B1866FE9653EA734BA7AFFE0CAF1632,text,「贵安，山城同学。」\p
2792,game_t02802,０２０：１９９７年_25：ネビュラチェーン　数時間後.egpack,０２０：１９９７年_25：ネビュラチェーン　数時間後,唯依,993DC278C7ECBBFFF5B05CCBA809EBAE23492F728CE05235E59B1879D3085852,text,「——安……艺……！？」\p
2793,game_t02803,０２０：１９９７年_25：ネビュラチェーン　数時間後.egpack,０２０：１９９７年_25：ネビュラチェーン　数時間後,安芸,F7EB7B709C6B83D6825BBA0CCC64A1E41DE555CC6A497D1F673D84CEA9490A89,text,「冰碴……我真的……好想吃……梨……是谁……我要揍……绝对……」\p
2794,game_t02804,０２０：１９９７年_25：ネビュラチェーン　数時間後.egpack,０２０：１９９７年_25：ネビュラチェーン　数時間後,和泉,8CC80D81BCA9503B7417669D9B508AECB78C8D0AC8381B358A6FBB39B7C852E2,text,「快讯：冰碴君售罄……」\p
2795,game_t02805,０２０：１９９７年_25：ネビュラチェーン　数時間後.egpack,０２０：１９９７年_25：ネビュラチェーン　数時間後,唯依,37E30F34950EB5498B510D4E0682F9B1C88D8B5A6ED04BD7EC1919CF7449F16F,text,「咦……？可是冰碴君，不是还有吗……？」\p
2796,game_t02806,０２０：１９９７年_25：ネビュラチェーン　数時間後.egpack,０２０：１９９７年_25：ネビュラチェーン　数時間後,志摩子,FF45B5036C7444BA2E7FC95EDD3184BAE444BAF8522B6DB0F84BF98590A31795,text,「唯依，那是汽水味。安艺想吃的是法兰西梨味。」\p
2797,game_t02807,０２０：１９９７年_25：ネビュラチェーン　数時間後.egpack,０２０：１９９７年_25：ネビュラチェーン　数時間後,唯依,0CBC4F9433CDA90BCEAAB010A27C788BE501EB05C83CC5413D93A04A58154763,text,「原来是这样……总觉得……很对不起。」\p
2798,game_t02808,０２０：１９９７年_25：ネビュラチェーン　数時間後.egpack,０２０：１９９７年_25：ネビュラチェーン　数時間後,山城,ABFACDF9F9ABAD013AD0A1141274460F4FF92388C74AD36202D00B76D3343277,text,「石见的样子很不寻常……究竟怎么了？」\p
2799,game_t02809,０２０：１９９７年_25：ネビュラチェーン　数時間後.egpack,０２０：１９９７年_25：ネビュラチェーン　数時間後,唯依,D0E2B58A830A325E8AE43EBE266D90287D9E81E43D914F942A4A9782CD1D579D,text,「嗯，其实……」\p
2800,game_t02810,０２０：１９９７年_25：ネビュラチェーン　数時間後.egpack,０２０：１９９７年_25：ネビュラチェーン　数時間後,唯依,8F1DEED8354E600CDCA928945C44778D658AE8033A68D476280A8A57709B6AE7,text,「……事情就是这样。」\p
2801,game_t02811,０２０：１９９７年_25：ネビュラチェーン　数時間後.egpack,０２０：１９９７年_25：ネビュラチェーン　数時間後,志摩子,7E2EA4543332F473A8188015B8B39A67849F9C5A76E46CC88B3B574078009043,text,「安艺这一个月，就是靠期待冰碴君·法兰西梨味才坚持下来的……」\p
2802,game_t02812,０２０：１９９７年_25：ネビュラチェーン　数時間後.egpack,０２０：１９９７年_25：ネビュラチェーン　数時間後,山城,0E277376BFDE65C5464055A64779DD6BEB897BB8F999373283876F0827F85479,text,「原来如此……」\p
2803,game_t02813,０２０：１９９７年_25：ネビュラチェーン　数時間後.egpack,０２０：１９９７年_25：ネビュラチェーン　数時間後,安芸,19DD0938D7D82E9A8127EA0F8F4DD0867860480435E0E178CF5D3A8C6CE00C17,text,「月亮……静静地……发着光～星星……温柔地……闪烁着～反正……我只是个流浪者……」\p
2804,game_t02814,０２０：１９９７年_25：ネビュラチェーン　数時間後.egpack,０２０：１９９７年_25：ネビュラチェーン　数時間後,和泉,C4946D7462CD428CF5CCA2426E738B376C61D87BD4371A8CDEFF77F150CB30AF,text,「啊……坏掉了。」\p
2805,game_t02815,０２０：１９９７年_25：ネビュラチェーン　数時間後.egpack,０２０：１９９７年_25：ネビュラチェーン　数時間後,唯依,2B425F5EC11372AD8DDB71CD13B82FB84B79A3B4B18A6C1DB387907897B3EBE9,text,「——安、安艺，要不试试这边的高档货？！是瓦根达斯哦！？还是远古牛乳味哦！？」\p
2806,game_t02816,０２０：１９９７年_25：ネビュラチェーン　数時間後.egpack,０２０：１９９７年_25：ネビュラチェーン　数時間後,安芸,759E7E70117D0A10D07B6E78642E67C89D560F5EB2B91BBFF084D4C35D6803D9,text,「冰碴————！！我想要的是法兰西梨啊啊啊～～」\p
2807,game_t02817,０２０：１９９７年_25：ネビュラチェーン　数時間後.egpack,０２０：１９９７年_25：ネビュラチェーン　数時間後,旁白,5938656900001409BCF882ED792755664C9B131C7655B8AE80FE62CE34AAA55F,text,怎、怎怎怎么办……拖到今天，我也有责任。而且这样还会给店里添麻烦……\p
2808,game_t02818,０２０：１９９７年_25：ネビュラチェーン　数時間後.egpack,０２０：１９９７年_25：ネビュラチェーン　数時間後,安芸,FFE9B88FFB5A577D50F6C4B2DF8D2C62E78971F0AB850A77EB3C6B90B0EF8418,text,「法——兰——西——梨————」\p
2809,game_t02819,０２０：１９９７年_25：ネビュラチェーン　数時間後.egpack,０２０：１９９７年_25：ネビュラチェーン　数時間後,山城,2FAAA8483D150666A8D17221F0489434017E0FDFAEE3A709FF2A97B1BFA765EE,text,「石见，给你，这个——」\p
2810,game_t02820,０２０：１９９７年_25：ネビュラチェーン　数時間後.egpack,０２０：１９９７年_25：ネビュラチェーン　数時間後,安芸,ED66B2A3408DFF2AB80700999DABC338FE978FF3465D72FB5825246770D8EB28,text,「这、这是……！？」\p
2811,game_t02821,０２０：１９９７年_25：ネビュラチェーン　数時間後.egpack,０２０：１９９７年_25：ネビュラチェーン　数時間後,唯依・安芸・和泉・志摩子,E67F1BCE697C5FFD97524356AC746E90A8CB835B0FC3C002CDF5A7B88DFD13AC,text,「——冰碴君·法兰西梨味！？」\p
2812,game_t02822,０２０：１９９７年_25：ネビュラチェーン　数時間後.egpack,０２０：１９９７年_25：ネビュラチェーン　数時間後,山城,5ACE15028092235115032C3A7A92E71B6A91F0088368A731B349FC9720DDA832,text,「送给你。如果愿意，请拿去享用吧。」\p
2813,game_t02823,０２０：１９９７年_25：ネビュラチェーン　数時間後.egpack,０２０：１９９７年_25：ネビュラチェーン　数時間後,安芸,A7F808944D9353827278B5ED6BCBCB2EDBB8305BC668AA82A46626E1057B6FBB,text,「可、可是——啊呜……啊呜啊～～！！！」\p
2814,game_t02824,０２０：１９９７年_25：ネビュラチェーン　数時間後.egpack,０２０：１９９７年_25：ネビュラチェーン　数時間後,山城,CE67289CF4FD7102F3DCB95D85187A9F5EBFD43F28E90FC9A8C092E7FF32C90E,text,「你一直忍耐到今天吧？既然战胜了我的小队，你就有资格享用它。」\p
2815,game_t02825,０２０：１９９７年_25：ネビュラチェーン　数時間後.egpack,０２０：１９９７年_25：ネビュラチェーン　数時間後,安芸,24F2B5D360501DC6326359A1383EAC293CC2012A4F18B5051DD521BFC003094E,text,「山、山城……」\p
2816,game_t02826,０２０：１９９７年_25：ネビュラチェーン　数時間後.egpack,０２０：１９９７年_25：ネビュラチェーン　数時間後,山城,CCD142FCF4EB6B0AD976D24913914D5506840BA4946445B2F77E3E45A0C52838,text,「来吧，不必客气。不过可不能在店里吃哦？」\p
2817,game_t02827,０２０：１９９７年_25：ネビュラチェーン　数時間後.egpack,０２０：１９９７年_25：ネビュラチェーン　数時間後,安芸,5D3A8EFD8FFFFB826F2B18EE853A64BFC2E190483B9D3D3F7D87784C9D0F908C,text,「可是……那山城自己的份……」\p
2818,game_t02828,０２０：１９９７年_25：ネビュラチェーン　数時間後.egpack,０２０：１９９７年_25：ネビュラチェーン　数時間後,山城,930624F028022A8526757D0CB571DBD8ACD23F8F387A1C81470CF75AAFDBB13F,text,「不必在意，我没关系。」\p
2819,game_t02829,０２０：１９９７年_25：ネビュラチェーン　数時間後.egpack,０２０：１９９７年_25：ネビュラチェーン　数時間後,唯依・志摩子・和泉・安芸,5930C19DA64244D838830E2439DDBBFAB2E504F3BFF273BCED353A4376013E10,text,「——！？」\p
2820,game_t02830,０２０：１９９７年_25：ネビュラチェーン　数時間後.egpack,０２０：１９９７年_25：ネビュラチェーン　数時間後,安芸,200D9F3BD55AF329D1D50DE07B18C956AE534157D369899BD3E25800F1A5EBE1,text,「——这都是什么啊啊啊啊！！！」\p
2821,game_t02831,０２０：１９９７年_25：ネビュラチェーン　数時間後.egpack,０２０：１９９７年_25：ネビュラチェーン　数時間後,山城,099801231631D9D80C55B3FCE618755ECA1392FAB264AFEE5943F684ECDEEF9A,text,「如你所见，我把冰碴君·法兰西梨味全买下来了。」\p
2822,game_t02832,０２０：１９９７年_25：ネビュラチェーン　数時間後.egpack,０２０：１９９７年_25：ネビュラチェーン　数時間後,安芸,8B139106313A51F5EF65C9F47B919EF19C8B9BEF5E6DB337E0BFE2ADFDCE5E34,text,「——原来全都是你害的啊啊啊～～！」\p
2823,game_t02833,０２０：１９９７年_25：ネビュラチェーン　数時間後.egpack,０２０：１９９７年_25：ネビュラチェーン　数時間後,旁白,6BD73FE673BC9B95BEDECBDE2843301CF5BC416FE02350DADA6AB8BB780BBDEB,text,我还以为那是她有意选择的个性装扮，所以一直努力不去多看……可那竟然……！！\p
2824,game_t02834,０２０：１９９７年_25：ネビュラチェーン　数時間後.egpack,０２０：１９９７年_25：ネビュラチェーン　数時間後,旁白,360F0E586F70F9BF542B4AB740D47F94D031BB2CF39F9A9D775CB3E6FD26BCB2,text,竟然是便利店的保冷袋……！\p
2825,game_t02835,０２０：１９９７年_25：ネビュラチェーン　数時間後.egpack,０２０：１９９７年_25：ネビュラチェーン　数時間後,旁白,F46E76E8130CCFA106C2ED586136FE654F7084D7BF0A8A7836984D7BEC40D8F8,text,山城……对不起，我刚才想了很失礼的事……\p
2826,game_t02836,０２０：１９９７年_25：ネビュラチェーン　数時間後.egpack,０２０：１９９７年_25：ネビュラチェーン　数時間後,安芸,F035F5E316A56C47DD4D0F6B1DB9F67D0FCDA1D87E1C1B2E57524EA469CB087F,text,「啊～～所以我才受不了有钱人……！」\p
2827,game_t02837,０２０：１９９７年_25：ネビュラチェーン　数時間後.egpack,０２０：１９９７年_25：ネビュラチェーン　数時間後,和泉,80FE868F78B027F686AEBB18701DB94AC97143E722D35652D0F32E01444F3CB6,text,「好了，安艺。说是全买光了，但里面也包括J小队其他人的份。」\p
2828,game_t02838,０２０：１９９７年_25：ネビュラチェーン　数時間後.egpack,０２０：１９９７年_25：ネビュラチェーン　数時間後,安芸,E54DE3DD6F3706B7EAB1BB412AB16C5B1830430FDCAFC102270EBC27E3A83A41,text,「真是的，你们四个人到底打算吃多少……就算一天三顿，也够吃九天了吧。」\p
2829,game_t02839,０２０：１９９７年_25：ネビュラチェーン　数時間後.egpack,０２０：１９９７年_25：ネビュラチェーン　数時間後,山城,8F11C1EF09FE0AB433A7244F0589A306093125DE54BDC39639DA7DF7FD2E9E7F,text,「既然店家没有设置购买上限，全部买下同样是正当的商业行为。」\p
2830,game_t02840,０２０：１９９７年_25：ネビュラチェーン　数時間後.egpack,０２０：１９９７年_25：ネビュラチェーン　数時間後,安芸,983C76ACCD2BD040DC3FEF19EA073AC6309C872E175394BC1A83A8219052A260,text,「啊，好好好。」\p
2831,game_t02841,０２０：１９９７年_25：ネビュラチェーン　数時間後.egpack,０２０：１９９７年_25：ネビュラチェーン　数時間後,和泉,F5813C0A880D3DC2B5211DF9B7F33A554BFF10E047BBC811CA27BADC614F6419,text,「安艺，别说了～最后人家不是也分给我们了吗～」\p
2832,game_t02842,０２０：１９９７年_25：ネビュラチェーン　数時間後.egpack,０２０：１９９７年_25：ネビュラチェーン　数時間後,安芸,7F81A55CB5D55F7C7A3E606F607E491D53623ACFA98BBED2A75DDF0EC89C795C,text,「唔……我、我知道啦！」\p
2833,game_t02843,０２０：１９９７年_25：ネビュラチェーン　数時間後.egpack,０２０：１９９７年_25：ネビュラチェーン　数時間後,唯依,FC1BB2D07B8CA4CB833A8FC775711F88FDC75DF9188537E5BF556C9021D9D39C,text,「…\w…\w…\w…\w」\p
2834,game_t02844,０２０：１９９７年_25：ネビュラチェーン　数時間後.egpack,０２０：１９９７年_25：ネビュラチェーン　数時間後,旁白,F5337362A0EB0A278174CD7D23A0CB13049563322131FE2FE8D9E92C720515D0,text,山城竟然会买冰淇淋慰劳小队成员……她不是总独自一人吗……？\p
2835,game_t02845,０２０：１９９７年_25：ネビュラチェーン　数時間後.egpack,０２０：１９９７年_25：ネビュラチェーン　数時間後,旁白,4A4F08904509083DC3F35441BAC0187D93052364AB8D43E51B4477D74C27D4AF,text,而且她还顾及队员，特意选择亲民的冰碴君作为慰问品……\p
2836,game_t02846,０２０：１９９７年_25：ネビュラチェーン　数時間後.egpack,０２０：１９９７年_25：ネビュラチェーン　数時間後,旁白,32F3D0766DA514C16AA464BCF9D7BCEC66C5706326F31B508E419702082E0A62,text,山城也在用自己的方式，主动建立与小队成员的关系——\p
2837,game_t02847,０２０：１９９７年_25：ネビュラチェーン　数時間後.egpack,０２０：１９９７年_25：ネビュラチェーン　数時間後,旁白,4D02CCB6F4CAE7385CF1B7E41A1E29D3ECD3A96BA669B05E256DD8BBA9C66D54,text,又来了……我所猜想的事情，根本……完全不对。\p
2838,game_t02848,０２０：１９９７年_25：ネビュラチェーン　数時間後.egpack,０２０：１９９７年_25：ネビュラチェーン　数時間後,唯依,8E6A517C4C4C0FD5B3BCC9A59065E954484E1B4067CCCBC8FD5D81104F10C615,text,「——啊，对不起……！」\p
2839,game_t02849,０２０：１９９７年_25：ネビュラチェーン　数時間後.egpack,０２０：１９９７年_25：ネビュラチェーン　数時間後,女学生１,D7074A51542EE1F0165E017DBB736CFD0263B33EA43704E428CA2BB1501898F0,text,「好痛～真是的。」\p
2840,game_t02850,０２０：１９９７年_25：ネビュラチェーン　数時間後.egpack,０２０：１９９７年_25：ネビュラチェーン　数時間後,女学生２,FE2F2462D403EAA789EC0FE9FFF525C4D93BD0276ACCF6C9EEFDDC3025D0D18A,text,「啊……」\p
2841,game_t02851,０２０：１９９７年_25：ネビュラチェーン　数時間後.egpack,０２０：１９９７年_25：ネビュラチェーン　数時間後,旁白,2DFA956B1459023C1759CFDDCF8508EA28C5FB00266868B3C5FDE41E366C556C,text,啊……这两个人，是那时候的……！\p
2842,game_t02852,０２０：１９９７年_25：ネビュラチェーン　数時間後.egpack,０２０：１９９７年_25：ネビュラチェーン　数時間後,女学生２,BEDA4ABD6B8DACD3ADB529621D92CBBAB75CE73D62461025B559B4EBD05C4AF4,text,「走、走吧……」\p
2843,game_t02853,０２０：１９９７年_25：ネビュラチェーン　数時間後.egpack,０２０：１９９７年_25：ネビュラチェーン　数時間後,女学生１,BB30F0BD0C933741FB56365FAB3CD64B1FA581878B77D63F0B3D26073F78B97F,text,「嗯……」\p
2844,game_t02854,０２０：１９９７年_25：ネビュラチェーン　数時間後.egpack,０２０：１９９７年_25：ネビュラチェーン　数時間後,唯依,FC1BB2D07B8CA4CB833A8FC775711F88FDC75DF9188537E5BF556C9021D9D39C,text,「…\w…\w…\w…\w」\p
2845,game_t02855,０２０：１９９７年_25：ネビュラチェーン　数時間後.egpack,０２０：１９９７年_25：ネビュラチェーン　数時間後,安芸,A22233FC0DD8E53F217E08202188A06DD473D7260118EED76B284746A29A716D,text,「她们什么态度。唯依都道歉了……」\p
2846,game_t02856,０２０：１９９７年_25：ネビュラチェーン　数時間後.egpack,０２０：１９９７年_25：ネビュラチェーン　数時間後,唯依,30954F6A6A84186C36E87617B642543B729FBEDF692935A22AB4EB06B1AD331C,text,「——走吧，安艺。我们站在这里会挡路。」\p
2847,game_t02857,０２０：１９９７年_26：帰り道　数分後.egpack,０２０：１９９７年_26：帰り道　数分後,安芸,E932BBB7431403C418F5808BD0980DB3970FB87231B808740358BC8326416A60,text,「好好吃～真的有法兰西梨的味道～！！」\p
2848,game_t02858,０２０：１９９７年_26：帰り道　数分後.egpack,０２０：１９９７年_26：帰り道　数分後,和泉,4B8396979B1DE71BF7CD6CE4891D18F18AD19B293D0DE147BFD1DB429E6A6CB2,text,「J小队的人现在大概也在吃吧。整座宿舍说不定都飘着西洋梨的味道。」\p
2849,game_t02859,０２０：１９９７年_26：帰り道　数分後.egpack,０２０：１９９７年_26：帰り道　数分後,志摩子,5B81E929C66D1F2A053E73EA3CAC5A565793E079254CC3CED12BF9283E33A932,text,「是啊，她们肯定早就到了。」\p
2850,game_t02860,０２０：１９９７年_26：帰り道　数分後.egpack,０２０：１９９７年_26：帰り道　数分後,安芸,403F04134D42E4E5EFCBF3BD2075BAA9B0E826CE2D0DF7D3DB67278382D49DE7,text,「这么点距离还要坐车，也太奢侈了。斯卫不是讲究节俭什么的吗～！」\p
2851,game_t02861,０２０：１９９７年_26：帰り道　数分後.egpack,０２０：１９９７年_26：帰り道　数分後,和泉,6F851218AE2C004B9F6FE8F99C58FEB3E40CB59A0EE0B47BD6EDD36D9A60733D,text,「至少也该问一句‘要不要一起坐车回去’吧～一点都不会体谅人。」\p
2852,game_t02862,０２０：１９９７年_26：帰り道　数分後.egpack,０２０：１９９７年_26：帰り道　数分後,旁白,5556C5532113E8DD0F4DE86AA57234457476BA971817E41BBC8FC6AE9E1F2E0E,text,……不，恰恰相反。\p
2853,game_t02863,０２０：１９９７年_26：帰り道　数分後.egpack,０２０：１９９７年_26：帰り道　数分後,山城,89A05656B9B27AFF86ABB7B3C45D3955CEE89AA47A2A978D178E612D39BEE989,text,「我坐车回去，就在这里告辞了。」\p
2854,game_t02864,０２０：１９９７年_26：帰り道　数分後.egpack,０２０：１９９７年_26：帰り道　数分後,唯依,A99292FF5970A46198059F4A00405FCE720DA7E9BDC663AC48474D5AD10BDE95,text,「山城，今天的事——」\p
2855,game_t02865,０２０：１９９７年_26：帰り道　数分後.egpack,０２０：１９９７年_26：帰り道　数分後,山城,CFA8A383EE02574246640457AB781E503195114A8ACAC12DBA2FB3557881373D,text,「——不值得特意道谢。」\p
2856,game_t02866,０２０：１９９７年_26：帰り道　数分後.egpack,０２０：１９９７年_26：帰り道　数分後,山城,7EE6071485F3790967FFF0E54B9D921DD26F653A3C7AC32890D746889A232027,text,「那么，晚安。」\p
2857,game_t02867,０２０：１９９７年_26：帰り道　数分後.egpack,０２０：１９９７年_26：帰り道　数分後,旁白,32FDA4DA7A05CFCF7EC2668EFDDC25B8E50F1057A90CC0B9F336CB6366217392,text,山城正是因为车里坐不下所有人，才选择干脆利落地先行离开。\p
2858,game_t02868,０２０：１９９７年_26：帰り道　数分後.egpack,０２０：１９９７年_26：帰り道　数分後,旁白,55558A7A0F3A63EEFC150A154D31CD93EE252EB7454BB9F6D2578B5E76C828DB,text,她不会为了留下“自己体谅过别人”的证据，特意演一场戏。\p
2859,game_t02869,０２０：１９９７年_26：帰り道　数分後.egpack,０２０：１９９７年_26：帰り道　数分後,巌谷中佐,DC3061310AB02F8080363613787522620FE1C5C2BCEB6064D3E6E2ECF1CD3C19,text,「人只会按照自己希望的方式去理解事物。无论亲眼看见怎样的事实也一样。」\p
2860,game_t02870,０２０：１９９７年_26：帰り道　数分後.egpack,０２０：１９９７年_26：帰り道　数分後,巌谷中佐,AEDEF0508D462FC4C6B9214A2BF9A41B397C1FF2E8C3FFB739C071551F0CE8DD,text,「所以，不必把每件事都想得太深、看得太重。」\p
2861,game_t02871,０２０：１９９７年_26：帰り道　数分後.egpack,０２０：１９９７年_26：帰り道　数分後,旁白,C1FC7EE2DA401AC531D9009B2F7ECAC807428EC5005F48BCB33C347D6EC00289,text,真的……感觉自己没有任何一点能胜过她。\p
2862,game_t02872,０２０：１９９７年_26：帰り道　数分後.egpack,０２０：１９９７年_26：帰り道　数分後,安芸,BAE9A15064C0C2541F6C98FBB499CFFD94031336C9D17F64E08545B4C1399A88,text,「唉～～真是的，完全搞不懂山城到底是小气还是大方。」\p
2863,game_t02873,０２０：１９９７年_26：帰り道　数分後.egpack,０２０：１９９７年_26：帰り道　数分後,唯依,93DA89976214C214F7B60F68CB4DD4C18240DA853738F0E724803990A4D0E9B1,text,「安艺……她只是回宿舍途中顺便去了便利店。你这么说也太可怜她了吧？」\p
2864,game_t02874,０２０：１９９７年_26：帰り道　数分後.egpack,０２０：１９９７年_26：帰り道　数分後,安芸,15F618DC6437EF2CF8E867036ADD676108119D54F3206D2AA3CA6180C0F221BE,text,「我知道啦。山城又不是什么讨厌的人……只是有点不通世情。」\p
2865,game_t02875,０２０：１９９７年_26：帰り道　数分後.egpack,０２０：１９９７年_26：帰り道　数分後,和泉,6294F59D8A44AD262FEF6EAF1110EB33FFCCA30FC1E748FE39C389D632681A6D,text,「是啊。该说她气量大，还是意外地很会照顾人呢？安艺动不动就说山城坏话，她还愿意分冰淇淋给你。」\p
2866,game_t02876,０２０：１９９７年_26：帰り道　数分後.egpack,０２０：１９９７年_26：帰り道　数分後,安芸,A18752EBEA54A86F81A6DCC87E876570E3ED1B01D518CB27387C2A27148F6CB0,text,「我、我才没说她坏话！我只是把当时想到的事说出来而已……」\p
2867,game_t02877,０２０：１９９７年_26：帰り道　数分後.egpack,０２０：１９９７年_26：帰り道　数分後,志摩子,D7249E92048276C27FF97D15CBCE44DE552A34474E8AF8BAFABAA2A2E78A2EB0,text,「莲川说，山城的领导能力或者说个人魅力特别强，让人觉得无论发生什么都必须跟随她。」\p
2868,game_t02878,０２０：１９９７年_26：帰り道　数分後.egpack,０２０：１９９７年_26：帰り道　数分後,和泉,32687E72D1173946F4822A7B05542E254B6915B2D7C8F5AE64404FEB722ECBB7,text,「……原来如此。这就是J小队协同精度那么高的秘密。」\p
2869,game_t02879,０２０：１９９７年_26：帰り道　数分後.egpack,０２０：１９９７年_26：帰り道　数分後,唯依,FC1BB2D07B8CA4CB833A8FC775711F88FDC75DF9188537E5BF556C9021D9D39C,text,「…\w…\w…\w…\w」\p
2870,game_t02880,０２０：１９９７年_26：帰り道　数分後.egpack,０２０：１９９７年_26：帰り道　数分後,旁白,5CABCA81F180DAB3B5E03F3B7B980A3F5A49959A77F55C1858EFC190D12CCA36,text,个人魅力、领导能力、细致入微的体贴……还有决绝与孤高。\p
2871,game_t02881,０２０：１９９７年_26：帰り道　数分後.egpack,０２０：１９９７年_26：帰り道　数分後,旁白,A1CAA134EA7B8294D8A051006CC9CC902B4510FDBF8B7BBDF38CB12AE064D511,text,越了解山城，就越觉得她了不起。模拟战时偶然赢过一次，根本无法带给我任何自信。\p
2872,game_t02882,０２０：１９９７年_26：帰り道　数分後.egpack,０２０：１９９７年_26：帰り道　数分後,安芸,05BE2E2BD7D1C0EE67C3E8336BEBFE057626BFF6B65366A53484E00E2474ED21,text,「——等等，怎么又说起课程了！休假已经被自主训练毁掉了，至少晚上别再聊这些了吧？！」\p
2873,game_t02883,０２０：１９９７年_26：帰り道　数分後.egpack,０２０：１９９７年_26：帰り道　数分後,志摩子,2C25AA026C915B5F3D21E11A045F3C7F4015439317824688798F9B67E3420EE6,text,「没办法啊，谁让我们是候补生呢。再说在那之前，我们还是斯卫的一员。既然生为武家——」\p
2874,game_t02884,０２０：１９９７年_26：帰り道　数分後.egpack,０２０：１９９７年_26：帰り道　数分後,安芸,369A91C443365CB6634911E38F51E35B1251F46796AA06DA7A57D6773D99FD54,text,「——真是的，就是因为你们总这样，才会被那种人瞧不起。」\p
2875,game_t02885,０２０：１９９７年_26：帰り道　数分後.egpack,０２０：１９９７年_26：帰り道　数分後,唯依,FEC1B1E9321CF04EFDB88DCF40E391096D83C3560987E8E1C0796FB7711006EE,text,「那种人……你是说便利店里遇到的女学生？」\p
2876,game_t02886,０２０：１９９７年_26：帰り道　数分後.egpack,０２０：１９９７年_26：帰り道　数分後,安芸,520AE028A45FBFC5AE4836083E9390FC8382D23208714DBDD1A6DAE59C6ECF10,text,「就是她们。唯依向她们打招呼，她们竟然当没听见！」\p
2877,game_t02887,０２０：１９９７年_26：帰り道　数分後.egpack,０２０：１９９７年_26：帰り道　数分後,旁白,82D524613BC47F8934EF7378A07ADAF8CBF5BCA137DFDCF9670426362D018B8D,text,原来安艺和和泉已经不记得以前见过她们了。不过……这才是正常反应吧。\p
2878,game_t02888,０２０：１９９７年_26：帰り道　数分後.egpack,０２０：１９９７年_26：帰り道　数分後,安芸,A4A5676708BD463BE8B6C33153722F98DF61A54E36890AE479AAF2E49AC6F129,text,「她们肯定以为和平是白来的。真是的，到底是托谁的福才能悠闲玩乐啊！」\p
2879,game_t02889,０２０：１９９７年_26：帰り道　数分後.egpack,０２０：１９９７年_26：帰り道　数分後,志摩子,98F3F1419B9A7AA66D7D59C8FAE89927D0ABEB17CFC97D473FE817D543EA8493,text,「不过她们看起来很幸福，真让人羡慕。每天都能和朋友待在一起……」\p
2880,game_t02890,０２０：１９９７年_26：帰り道　数分後.egpack,０２０：１９９７年_26：帰り道　数分後,声,748C504E4FE922D6ED39E6465FF2E34E5C43FA46D2B0DDFA01013CB280BB498E,text,「——武家的大小姐们可真轻松啊～」\p
2881,game_t02891,０２０：１９９７年_26：帰り道　数分後.egpack,０２０：１９９７年_26：帰り道　数分後,声,02BA404179F5F524A2DBAE122F9A504C9B57A16684F6BA79CB7AFBF4B81673D8,text,「大早上就闹成那样。明明是在军队里，居然还玩得那么开心～」\p
2882,game_t02892,０２０：１９９７年_26：帰り道　数分後.egpack,０２０：１９９７年_26：帰り道　数分後,声,31D541614FF9EB6E2C31F406BC3027E50F6DF897F462925976B96DC1330A04E0,text,「才不是，听说那里是什么“大小姐军人教室”。」\p
2883,game_t02893,０２０：１９９７年_26：帰り道　数分後.egpack,０２０：１９９７年_26：帰り道　数分後,声,EA1A334ECEEAF0F71F7020AF1F062F54583D09E93D446D14B55768B327BB071B,text,「诶～所以当兵也只是‘武家小姐的修养’？哈哈，那不就是新娘修行嘛。」\p
2884,game_t02894,０２０：１９９７年_26：帰り道　数分後.egpack,０２０：１９９７年_26：帰り道　数分後,安芸,94AEC7D1B683F8F06AD8FF851888C5CF650C333EFF97DA3F949213A32EB71CA7,text,「真好啊……每天都能理所当然地去便利店，理所当然地吃冰碴君。」\p
2885,game_t02895,０２０：１９９７年_26：帰り道　数分後.egpack,０２０：１９９７年_26：帰り道　数分後,和泉,A558686478E3122F801E06D244D1350D7496FC74DC77EEDA9FCB43CC196FA56F,text,「她们大概也能想和男朋友打多久电话就打多久，随时自由联系，休假时想见多久就见多久吧……」\p
2886,game_t02896,０２０：１９９７年_26：帰り道　数分後.egpack,０２０：１９９７年_26：帰り道　数分後,唯依,FC1BB2D07B8CA4CB833A8FC775711F88FDC75DF9188537E5BF556C9021D9D39C,text,「…\w…\w…\w…\w」\p
2887,game_t02897,０２０：１９９７年_26：帰り道　数分後.egpack,０２０：１９９７年_26：帰り道　数分後,旁白,4CABD48D3F482364B417F9A2C9215B065B66D656D8487E28F4D61282F75EE060,text,羡慕那些事物才是正常反应——这一点连我也明白。可是安艺与和泉会这样想，是因为她们曾经在许多方面过着接近普通人的生活。\p
2888,game_t02898,０２０：１９９７年_26：帰り道　数分後.egpack,０２０：１９９７年_26：帰り道　数分後,旁白,161E53F363EA2739AB80069D11A57516A227F9ABF967FA4F2A6DCA3CB2E836F1,text,正因为过去拥有的东西，如今已经失去，她们才会羡慕。\p
2889,game_t02899,０２０：１９９７年_26：帰り道　数分後.egpack,０２０：１９９７年_26：帰り道　数分後,志摩子,FC1BB2D07B8CA4CB833A8FC775711F88FDC75DF9188537E5BF556C9021D9D39C,text,「…\w…\w…\w…\w」\p
2890,game_t02900,０２０：１９９７年_26：帰り道　数分後.egpack,０２０：１９９７年_26：帰り道　数分後,旁白,9D6BAEDF6817B1B41134F3F1E9CE43311101780736D98F323CA99FA0F97BD276,text,而我生于谱代武家——更是武家社会中饱受非议的篁家，从未有过能够让我羡慕那种普通生活的切身经历。所以面对那些女学生，我毫无感觉。\p
2891,game_t02901,０２０：１９９７年_26：帰り道　数分後.egpack,０２０：１９９７年_26：帰り道　数分後,旁白,F4F13464AB49A1D552181338D27F45B4FF3B428920C5BC2514B01DE87AB41600,text,可是最近我开始觉得，真正异于常人的反而是我。\p
2892,game_t02902,０２０：１９９７年_26：帰り道　数分後.egpack,０２０：１９９７年_26：帰り道　数分後,旁白,1556299A44C5D257E69DEB2CF234CB985D0CDE3ADCE50FE8F9848AFA417C4CAD,text,我没有那种心情……也无法与大家共享那种心情。这让我觉得，自己仿佛正因此受到深深的怜悯……\p
2893,game_t02903,０２０：１９９７年_26：帰り道　数分後.egpack,０２０：１９９７年_26：帰り道　数分後,旁白,D4E1310B2923B0B4A983251A0455C882ED1C4497A96F4460BF414E84724A2237,text,……山城会羡慕那些女孩吗？\p
2894,game_t02904,０２０：１９９７年_26：帰り道　数分後.egpack,０２０：１９９７年_26：帰り道　数分後,旁白,F71532729F37FB27C1DFE5877522AD0665763AB78E75FE6837AA6807D6B10882,text,我曾擅自认为自己能够与山城共鸣，现在想来实在可笑。她大概比我更加成熟……\p
2895,game_t02905,０２０：１９９７年_26：帰り道　数分後.egpack,０２０：１９９７年_26：帰り道　数分後,子供の声,0994EEE790DB4198E41752ED8B20DF5262E21EECEEE1623FF8958F1685681242,text,「——武士姐姐！！」\p
2896,game_t02906,０２０：１９９７年_26：帰り道　数分後.egpack,０２０：１９９７年_26：帰り道　数分後,唯依,AEAA0B7C1F565DCAE492F241634053580F8C3D4031763E7EE2B209EBE19C404E,text,「啊……！」\p
2897,game_t02907,０２０：１９９７年_26：帰り道　数分後.egpack,０２０：１９９７年_26：帰り道　数分後,女の子,382745AACF78D9800CB86FA5D12FB4BD46850117654B92646E6464CC2B28377D,text,「——一直保护帝都，多谢啦！」\p
2898,game_t02908,０２０：１９９７年_26：帰り道　数分後.egpack,０２０：１９９７年_26：帰り道　数分後,女の子,07794D0D636C6979B5C21D046943A9EBEE6548009A011902B06BF2C63CBC2843,text,「拜拜～！」\p
2899,game_t02909,０２０：１９９７年_26：帰り道　数分後.egpack,０２０：１９９７年_26：帰り道　数分後,唯依,FC1BB2D07B8CA4CB833A8FC775711F88FDC75DF9188537E5BF556C9021D9D39C,text,「…\w…\w…\w…\w」\p
2900,game_t02910,０２０：１９９７年_26：帰り道　数分後.egpack,０２０：１９９７年_26：帰り道　数分後,旁白,AA7C8F15DCD3708009C47435D27C301007C681AC49A2C0AA5B37B4F40965DD16,text,山百合女子学校是拥有百年以上历史的斯卫名校。因此当地人年纪越大，就越会对我们怀有敬意，不分正规军人还是候补生。\p
2901,game_t02911,０２０：１９９７年_26：帰り道　数分後.egpack,０２０：１９９７年_26：帰り道　数分後,旁白,9CDDA6779E67A07FB6A2A94D6A2F5BC4B8F1C47B033E718A4D7EECE7DB18C919,text,过去走读时，也常像现在这样受到老人家的致意。\p
2902,game_t02912,０２０：１９９７年_26：帰り道　数分後.egpack,０２０：１９９７年_26：帰り道　数分後,旁白,F8046CA16F4F460C764BB039FEA51CBBF71BF55480666D5FD659C9A6A19FBF99,text,可是，被那么小的孩子道谢，这还是我生平第一次……\p
2903,game_t02913,０２０：１９９７年_26：帰り道　数分後.egpack,０２０：１９９７年_26：帰り道　数分後,旁白,F8E42FB2476A06622B37A792086D056CC9061F3CB3D0F2A87E7ED214AEF4047C,text,那些孩子大概是在那位女性——那位老奶奶的教导下，才会对我们怀有这样的心意。\p
2904,game_t02914,０２０：１９９７年_26：帰り道　数分後.egpack,０２０：１９９７年_26：帰り道　数分後,恭子,A102CFC24445C7844F134ED6EEAF958EDF050711150E9BF864020B7CCF372567,text,「人不会停下脚步。因此，要把恩情回报给施恩之人，是很困难的。」\p
2905,game_t02915,０２０：１９９７年_26：帰り道　数分後.egpack,０２０：１９９７年_26：帰り道　数分後,恭子,57DDB0C4AAB4FCD9CEDD3968B800A3D84637630756A89C9FE509E900C2D28515,text,「因为只有在超越那位长辈时，才有能力向她报恩。」\p
2906,game_t02916,０２０：１９９７年_26：帰り道　数分後.egpack,０２０：１９９７年_26：帰り道　数分後,恭子,90BD54F39C7C5E4291067058D84A41A8D939C045650122E09996578E5A65FBB8,text,「而且多数时候，对方并不能一直等到我们有机会报恩……」\p
2907,game_t02917,０２０：１９９７年_26：帰り道　数分後.egpack,０２０：１９９７年_26：帰り道　数分後,恭子,189FD53950C9D1958043BCB25B3B1D8A2E5D177CF55F4726BC7E3A29D8B18B0C,text,「……人与人之间的纽带，就是这样编织而成的。」\p
2908,game_t02918,０２０：１９９７年_26：帰り道　数分後.egpack,０２０：１９９７年_26：帰り道　数分後,旁白,A8E2CA1E2E9A1F82F649F486305AFEB76AC6D7E3F4F66B49192BD35245875864,text,那份不分身份、投向我们的敬意——正是前辈们在帝都市民心中长期积累的信任证明。\p
2909,game_t02919,０２０：１９９７年_26：帰り道　数分後.egpack,０２０：１９９７年_26：帰り道　数分後,旁白,F5DAF16118056789A97E14ABB16AA9A35ABED5589F8A487591A769DB335D365C,text,正因如此，就连尚是候补生的我们，也被当作守卫皇帝陛下所居之都——帝都的斯卫军人对待……\p
2910,game_t02920,０２０：１９９７年_26：帰り道　数分後.egpack,０２０：１９９７年_26：帰り道　数分後,志摩子,4D54957A31896C7B4D023F544D388448AB46608C3F207A7FA9DD5DBF0E630D19,text,「……原来，也会有这样的事。」\p
2911,game_t02921,０２０：１９９７年_26：帰り道　数分後.egpack,０２０：１９９７年_26：帰り道　数分後,安芸,7BB7B9BDE64FB4A788DCB8648752D3CA054E66208ABF64DBD708CB30E3B9FDE0,text,「怎么说呢……感觉重新有精神了。」\p
2912,game_t02922,０２０：１９９７年_26：帰り道　数分後.egpack,０２０：１９９７年_26：帰り道　数分後,和泉,E45725D8BEE43D3A4D75517EC5EAE00021A9CC9F62B2D4F865FF5A46B4DC8F75,text,「可是……照这样下去，那个孩子再过几年，也会被征入军队吧……」\p
2913,game_t02923,０２０：１９９７年_26：帰り道　数分後.egpack,０２０：１９９７年_26：帰り道　数分後,唯依,FC1BB2D07B8CA4CB833A8FC775711F88FDC75DF9188537E5BF556C9021D9D39C,text,「…\w…\w…\w…\w」\p
2914,game_t02924,０２０：１９９７年_26：帰り道　数分後.egpack,０２０：１９９７年_26：帰り道　数分後,巌谷中佐,A71151BCE498DD54636D58F91C451E752D7DFECD8345D943328EB7FA84F77C4C,text,「之所以需要优秀的武器和战术机，本来是为了不必把唯依这样的年轻人送上战场。」\p
2915,game_t02925,０２０：１９９７年_26：帰り道　数分後.egpack,０２０：１９９７年_26：帰り道　数分後,巌谷中佐,FA15C5DDADD437A25CA6B783B90C20B5641929D2215E646B818017A112F60E1E,text,「你父亲、叔叔我……所有大人，都是怀着这个愿望努力的。」\p
2916,game_t02926,０２０：１９９７年_26：帰り道　数分後.egpack,０２０：１９９７年_26：帰り道　数分後,旁白,741D64EEC61AE3C8D06BEC4B865FD4C7563B1C06BCAF0D866E174D850ABBD2EC,text,那时，叔叔眼中蕴藏的深邃情感……\p
2917,game_t02927,０２０：１９９７年_26：帰り道　数分後.egpack,０２０：１９９７年_26：帰り道　数分後,旁白,EC1D26D3BFD064E553F78BDB49034FDA5FF26068F58635D9236DE12C51B0E596,text,如今，我终于觉得自己理解了那道目光的含义。\p
2918,game_t02928,０２０：１９９７年_27：墜落事故検分　真田の苦悶　１２月１４日.egpack,０２０：１９９７年_27：墜落事故検分　真田の苦悶　１２月１４日,蓮川,54C8BDD1E02813E3428F5F62FDA4E2C61DB66D81EBBEE5616AAB63E7E2C1A356,text,「——呀啊啊啊啊！！」\p
2919,game_t02929,０２０：１９９７年_27：墜落事故検分　真田の苦悶　１２月１４日.egpack,０２０：１９９７年_27：墜落事故検分　真田の苦悶　１２月１４日,真田教官,39D4C5E8DCEFFC0E59FA8A76FAD89987E99A2448EAB6F4F7EF19FB8D55B4931A,text,「——你在干什么，莲川！——立刻弹射，莲川！」\p
2920,game_t02930,０２０：１９９７年_27：墜落事故検分　真田の苦悶　１２月１４日.egpack,０２０：１９９７年_27：墜落事故検分　真田の苦悶　１２月１４日,真田教官,6A4B65E6273852142970196B3AFA4F49F43450FA59829444EA0FC7E98E8FA56E,text,「——莲川……！！」\p
2921,game_t02931,０２０：１９９７年_27：墜落事故検分　真田の苦悶　１２月１４日.egpack,０２０：１９９７年_27：墜落事故検分　真田の苦悶　１２月１４日,真田教官,9876E5B78FA97162A3A34B8A12625DFCF9050AC9106EA2B511D95F2922D93BA7,text,「——一群蠢货！！我早就说过这样太快了！！」\p
2922,game_t02932,０２０：１９９７年_27：墜落事故検分　真田の苦悶　１２月１４日.egpack,０２０：１９９７年_27：墜落事故検分　真田の苦悶　１２月１４日,真田教官,565EF57168CF3C14D6A3A1D306968B35CB31A388308C5F9F1BDCB3DA01ABDE3B,text,「——他们把卫士……当成什么了！！」\p
2923,game_t02933,０２０：１９９７年_27：墜落事故検分　真田の苦悶　１２月１４日.egpack,０２０：１９９７年_27：墜落事故検分　真田の苦悶　１２月１４日,真田教官,05B82F72083BC5B027FD5E5D47BE8547B75A0CC6D263CCA0623766A66ED61DEC,text,「——把这些孩子的命……当成什么了！！」\p
2924,game_t02934,０２０：１９９７年_27：墜落事故検分　真田の苦悶　１２月１４日.egpack,０２０：１９９７年_27：墜落事故検分　真田の苦悶　１２月１４日,真田教官,87F7525FB1AE14622F6401A7537656EEB37CBC1CDC374A1CA97ADD436BBF65E7,text,「我本来就是被他们收留的人……别说在复健期间协助开发下一代主力机，要我做多少都行！」\p
2925,game_t02935,０２０：１９９７年_27：墜落事故検分　真田の苦悶　１２月１４日.egpack,０２０：１９９７年_27：墜落事故検分　真田の苦悶　１２月１４日,真田教官,BD8E9086F26B8FE4AE5FE19CDC7BE4A2069887A5FEB797FDACFC370EA2F76662,text,「只要我们的经验派得上用场——无论去斯卫训练学校还是当教官，我都无所谓！！」\p
2926,game_t02936,０２０：１９９７年_27：墜落事故検分　真田の苦悶　１２月１４日.egpack,０２０：１９９７年_27：墜落事故検分　真田の苦悶　１２月１４日,真田教官,E61BD6BD3038CE1DC591AF14603FD902CDDFD9DF83C1B44521E236C4BA9CB41F,text,「……可是城内省……到底在想什么……！！」\p
2927,game_t02937,０２０：１９９７年_27：墜落事故検分　真田の苦悶　１２月１４日.egpack,０２０：１９９７年_27：墜落事故検分　真田の苦悶　１２月１４日,真田教官,D1F4F52CA172A08B8C69DE8F31663773C74CDD6548FF68DC09D59FB3B69C4047,text,「在大陆负伤后被送回国内……甚至接受了仿生组织移植……我……究竟在做什么……」\p
2928,game_t02938,０２０：１９９７年_27：墜落事故検分　真田の苦悶　１２月１４日.egpack,０２０：１９９７年_27：墜落事故検分　真田の苦悶　１２月１４日,真田教官,0136520046BCED45559D056D442395E35E27B905AE91AEFD1B381126160C8E24,text,「……齐藤，进来之前至少敲门。」\p
2929,game_t02939,０２０：１９９７年_27：墜落事故検分　真田の苦悶　１２月１４日.egpack,０２０：１９９７年_27：墜落事故検分　真田の苦悶　１２月１４日,斉藤助教,E8B65C7D47317F414DA0DF9E6FACA5A6E8D40C6C92CD98E1B99A68ED5E9A55B6,text,「我敲了。敲了很多次……」\p
2930,game_t02940,０２０：１９９７年_27：墜落事故検分　真田の苦悶　１２月１４日.egpack,０２０：１９９７年_27：墜落事故検分　真田の苦悶　１２月１４日,真田教官,3988958BBD82BCCCEC2E6361275545A76F40362B72D6E5D8076EA9C877357275,text,「是吗……」\p
2931,game_t02941,０２０：１９９７年_27：墜落事故検分　真田の苦悶　１２月１４日.egpack,０２０：１９９７年_27：墜落事故検分　真田の苦悶　１２月１４日,斉藤助教,74763C1E923089CC20F4AFE4AF454472EFFAA818618AF2BEFE9A60DA1CFEB5B4,text,「别再责怪自己了，真田。」\p
2932,game_t02942,０２０：１９９７年_27：墜落事故検分　真田の苦悶　１２月１４日.egpack,０２０：１９９７年_27：墜落事故検分　真田の苦悶　１２月１４日,真田教官,FC1BB2D07B8CA4CB833A8FC775711F88FDC75DF9188537E5BF556C9021D9D39C,text,「…\w…\w…\w…\w」\p
2933,game_t02943,０２０：１９９７年_27：墜落事故検分　真田の苦悶　１２月１４日.egpack,０２０：１９９７年_27：墜落事故検分　真田の苦悶　１２月１４日,斉藤助教,F2EBFB8535986818E8DBBF22D845DFCCC9FF53BE7698344179A308EA837FF4BF,text,「事故总会发生。每年都有训练兵死于事故。你明明知道吧？」\p
2934,game_t02944,０２０：１９９７年_27：墜落事故検分　真田の苦悶　１２月１４日.egpack,０２０：１９９７年_27：墜落事故検分　真田の苦悶　１２月１４日,斉藤助教,2AC717C040DC8EC9FA1F2B090F9DA7563606EAF3DFA3A4E6407666E0992FB53A,text,「至少没有变成那样，不就已经很好了吗？」\p
2935,game_t02945,０２０：１９９７年_27：墜落事故検分　真田の苦悶　１２月１４日.egpack,０２０：１９９７年_27：墜落事故検分　真田の苦悶　１２月１４日,真田教官,00AC85DDAAC0475757C25F793EF94D72F6CFC7FBE5D8E439405568A636EBF288,text,「你……」\p
2936,game_t02946,０２０：１９９７年_27：墜落事故検分　真田の苦悶　１２月１４日.egpack,０２０：１９９７年_27：墜落事故検分　真田の苦悶　１２月１４日,斉藤助教,FC1BB2D07B8CA4CB833A8FC775711F88FDC75DF9188537E5BF556C9021D9D39C,text,「…\w…\w…\w…\w」\p
2937,game_t02947,０２０：１９９７年_27：墜落事故検分　真田の苦悶　１２月１４日.egpack,０２０：１９９７年_27：墜落事故検分　真田の苦悶　１２月１４日,真田教官,B5DA6C2EB39998E6455930B01AC749CFE7A3C3B6B3A896B522E93E8B136B0D83,text,「你真的认为……变成那样比死去更好吗……？！」\p
2938,game_t02948,０２０：１９９７年_27：墜落事故検分　真田の苦悶　１２月１４日.egpack,０２０：１９９７年_27：墜落事故検分　真田の苦悶　１２月１４日,斉藤助教,FC1BB2D07B8CA4CB833A8FC775711F88FDC75DF9188537E5BF556C9021D9D39C,text,「…\w…\w…\w…\w」\p
2939,game_t02949,０２０：１９９７年_27：墜落事故検分　真田の苦悶　１２月１４日.egpack,０２０：１９９７年_27：墜落事故検分　真田の苦悶　１２月１４日,真田教官,7522CDFEF74348EC3500D9D579BE50F06B4D58D1DCC94F62A23A33A1EB542E30,text,「可恶……」\p
2940,game_t02950,０２０：１９９７年_27：墜落事故検分　真田の苦悶　１２月１４日.egpack,０２０：１９９７年_27：墜落事故検分　真田の苦悶　１２月１４日,穴山中尉,9E7DAB655C9B75DB8FDE5D1352E0CF6C1B113FBB85BAF56DB21A8C62A2212ABC,text,「——上尉，你他妈开什么玩笑！平时总是一副了不起的样子——结果连我一个人都救不了吗！？啊？！」\p
2941,game_t02951,０２０：１９９７年_27：墜落事故検分　真田の苦悶　１２月１４日.egpack,０２０：１９９７年_27：墜落事故検分　真田の苦悶　１２月１４日,斉藤少尉,8BC922C3AEB03228C1CAB3090922D97252080EEDB0E2D7341F87CD159D71D231,text,「——穴山中尉！那台机体已经撑不住了！！快——快紧急弹射！！」\p
2942,game_t02952,０２０：１９９７年_27：墜落事故検分　真田の苦悶　１２月１４日.egpack,０２０：１９９７年_27：墜落事故検分　真田の苦悶　１２月１４日,穴山中尉,17437137D40254D1D8C752BE51C81E5D83ABBC07DCE48BE8CAF132995B12E38B,text,「——喂，真田！！我早就看你不顺眼了！哈哈！终于让我说出来了——对吧，贵子！！」\p
2943,game_t02953,０２０：１９９７年_27：墜落事故検分　真田の苦悶　１２月１４日.egpack,０２０：１９９７年_27：墜落事故検分　真田の苦悶　１２月１４日,真田大尉,77E3B83FC49B0DE54056078A7BA357D5508A86055255D061EA07CF05AAB74225,text,「——夜枭10！——穴山……！快弹射！我会去接你……！」\p
2944,game_t02954,０２０：１９９７年_27：墜落事故検分　真田の苦悶　１２月１４日.egpack,０２０：１９９７年_27：墜落事故検分　真田の苦悶　１２月１４日,穴山中尉,A2731A0EF87686C201DA251922EAE3DBAADF16010FC332BF245F51E3D1CCB912,text,「怎么可能做得到！有本事你自己试试看——啊？！」\p
2945,game_t02955,０２０：１９９７年_27：墜落事故検分　真田の苦悶　１２月１４日.egpack,０２０：１９９７年_27：墜落事故検分　真田の苦悶　１２月１４日,斉藤少尉,9FE54F193772A65DFE297631913F12CB039E77DCD7997B89F9E160AD7B2F75E4,text,「——穴山出现了严重的『恶醉』反应！！求你了，上尉——请让我去救他！！」\p
2946,game_t02956,０２０：１９９７年_27：墜落事故検分　真田の苦悶　１２月１４日.egpack,０２０：１９９７年_27：墜落事故検分　真田の苦悶　１２月１４日,穴山中尉,8EC65B141A423B0D8E3777AB6392D395F49FF1D30DD162D811C3898ECDAD1451,text,「啊～～喂～～！！！开什么玩笑——那群混蛋已经把驾驶舱砸坏了——哇啊啊啊放开我你这混蛋嘎呜咕啊啊啊——！！！」\p
2947,game_t02957,０２０：１９９７年_27：墜落事故検分　真田の苦悶　１２月１４日.egpack,０２０：１９９７年_27：墜落事故検分　真田の苦悶　１２月１４日,斉藤少尉,BB5495D1CB19DE83243E5A0825DC292B4BFA33A3B251339CD28B1C53BDECAD5B,text,「——不要啊啊啊啊！！」\p
2948,game_t02958,０２０：１９９７年_27：墜落事故検分　真田の苦悶　１２月１４日.egpack,０２０：１９９７年_27：墜落事故検分　真田の苦悶　１２月１４日,真田大尉,7BA94A26C9ADFB93B838E4310AFF9DC964E92E2E07535CD8A7F5AA9334020063,text,「——穴山啊啊啊啊！！」\p
2949,game_t02959,０２０：１９９７年_27：墜落事故検分　真田の苦悶　１２月１４日.egpack,０２０：１９９７年_27：墜落事故検分　真田の苦悶　１２月１４日,真田大尉,15A5FCDBDB8C7113E70A8F21C238FB0F751702B3B4AC8C5FDFF8C263CE3A2FEE,text,「——呃！？」\p
2950,game_t02960,０２０：１９９７年_27：墜落事故検分　真田の苦悶　１２月１４日.egpack,０２０：１９９７年_27：墜落事故検分　真田の苦悶　１２月１４日,真田大尉,2FCCE91529271D65E17DB72C5AE6985CEAEDE224C9CB0AFBFE9F82FFCC772A86,text,「——确认夜枭10 KIA。撤出本战区——跟上！」\p
2951,game_t02961,０２０：１９９７年_27：墜落事故検分　真田の苦悶　１２月１４日.egpack,０２０：１９９７年_27：墜落事故検分　真田の苦悶　１２月１４日,斉藤少尉,80DA5C34B955633420820F470714E03DC8EA9266D7D955824D4A7726C2E473E3,text,「——夜枭8收到！」\p
2952,game_t02962,０２０：１９９７年_27：墜落事故検分　真田の苦悶　１２月１４日.egpack,０２０：１９９７年_27：墜落事故検分　真田の苦悶　１２月１４日,真田教官,BF5D294D1E7D8E015718B21AFE9ADBB6BEB9326B52B3FCA2705A8DD9BEA27BDD,text,「帝国军究竟在大陆白白流了多少血，才把战术药物改进到勉强能用的程度……？」\p
2953,game_t02963,０２０：１９９７年_27：墜落事故検分　真田の苦悶　１２月１４日.egpack,０２０：１９９７年_27：墜落事故検分　真田の苦悶　１２月１４日,真田教官,59B6E09304B2F0CE035537FDF9E4E7CFEDB7EE1F27036722F9951DEB97B36466,text,「斯卫那群人正打算用这些孩子——把那十年再重演一次！！」\p
2954,game_t02964,０２０：１９９７年_27：墜落事故検分　真田の苦悶　１２月１４日.egpack,０２０：１９９７年_27：墜落事故検分　真田の苦悶　１２月１４日,斉藤助教,FC1BB2D07B8CA4CB833A8FC775711F88FDC75DF9188537E5BF556C9021D9D39C,text,「…\w…\w…\w…\w」\p
2955,game_t02965,０２０：１９９７年_27：墜落事故検分　真田の苦悶　１２月１４日.egpack,０２０：１９９７年_27：墜落事故検分　真田の苦悶　１２月１４日,真田教官,7E2AD7FA5D32FEC5C9A1F50EB19E352A49C34FCD1583634E9145B50B6639960B,text,「就算这样，你还要说变成那样比死去更好吗？你能当着那孩子父母的面这样说吗！？」\p
2956,game_t02966,０２０：１９９７年_27：墜落事故検分　真田の苦悶　１２月１４日.egpack,０２０：１９９７年_27：墜落事故検分　真田の苦悶　１２月１４日,斉藤助教,FC1BB2D07B8CA4CB833A8FC775711F88FDC75DF9188537E5BF556C9021D9D39C,text,「…\w…\w…\w…\w」\p
2957,game_t02967,０２０：１９９７年_27：墜落事故検分　真田の苦悶　１２月１４日.egpack,０２０：１９９７年_27：墜落事故検分　真田の苦悶　１２月１４日,真田教官,7AD7CA15D8173D2B900FFCD9DA2D552E35058CF642651D7FFD41BC4035B2C47A,text,「回答我，齐藤……穴山是你的——」\p
2958,game_t02968,０２０：１９９７年_27：墜落事故検分　真田の苦悶　１２月１４日.egpack,０２０：１９９７年_27：墜落事故検分　真田の苦悶　１２月１４日,斉藤助教,E1583890971903A5C56E8B8FDF976905F4FAFD41BB5839D0E57534001D85006C,text,「——别再说了，上尉。」\p
2959,game_t02969,０２０：１９９７年_27：墜落事故検分　真田の苦悶　１２月１４日.egpack,０２０：１９９７年_27：墜落事故検分　真田の苦悶　１２月１４日,真田教官,FC1BB2D07B8CA4CB833A8FC775711F88FDC75DF9188537E5BF556C9021D9D39C,text,「…\w…\w…\w…\w」\p
2960,game_t02970,０２０：１９９７年_27：墜落事故検分　真田の苦悶　１２月１４日.egpack,０２０：１９９７年_27：墜落事故検分　真田の苦悶　１２月１４日,斉藤助教,8407B15EAD9E1A0A121AE9C368F58BE3BEF7E2C50A3046C1357C81AC6E814709,text,「……如果敌人根本无法沟通，而我们只能战斗到其中一方彻底灭绝……」\p
2961,game_t02971,０２０：１９９７年_27：墜落事故検分　真田の苦悶　１２月１４日.egpack,０２０：１９９７年_27：墜落事故検分　真田の苦悶　１２月１４日,斉藤助教,255B132B1B3B65FDE5A43F1BA6F5EDC1CE3536621047EA0BA8E3B39BC1A46094,text,「那就必须使用战术药物和催眠后暗示……！！」\p
2962,game_t02972,０２０：１９９７年_27：墜落事故検分　真田の苦悶　１２月１４日.egpack,０２０：１９９７年_27：墜落事故検分　真田の苦悶　１２月１４日,真田教官,1FC7503D0C532D2D0F362E0C08EC8D9DE5ECC2073B2A63255E49AD1988AEA4FB,text,「我知道……可是……」\p
2963,game_t02973,０２０：１９９７年_27：墜落事故検分　真田の苦悶　１２月１４日.egpack,０２０：１９９７年_27：墜落事故検分　真田の苦悶　１２月１４日,斉藤助教,D334A86201B1B107145A65107C0DBF4D2A6874211C2B3256E2D715A482636FAD,text,「……这是莲川机坠落事故的报告。」\p
2964,game_t02974,０２０：１９９７年_27：墜落事故検分　真田の苦悶　１２月１４日.egpack,０２０：１９９７年_27：墜落事故検分　真田の苦悶　１２月１４日,真田教官,D8529974DE639C12B32FECACC60513AAF69EFA0A59D09F68FB7A81EFF12539AE,text,「不用看也知道原因——是空间定向障碍。真正的原因，是催眠后暗示和药物使用过度！」\p
2965,game_t02975,０２０：１９９７年_27：墜落事故検分　真田の苦悶　１２月１４日.egpack,０２０：１９９７年_27：墜落事故検分　真田の苦悶　１２月１４日,斉藤助教,41F4F517FABA90900044F1DD278F8166A972D2F2EACB96A9CFCFB98E79917CB6,text,「并非暗示和战术药物对所有人都有效。根据匹配性与适应性筛选人员，同样是训练学校的职责。」\p
2966,game_t02976,０２０：１９９７年_27：墜落事故検分　真田の苦悶　１２月１４日.egpack,０２０：１９９７年_27：墜落事故検分　真田の苦悶　１２月１４日,真田教官,801573F6DBD2DEFC3C1920DBFC9053ACC27FF6D07B3D69D50130C3ED810DCA77,text,「我们原本只是在养伤休假期间协助斯卫开发新型机，等伤好以后就归建原部队——！」\p
2967,game_t02977,０２０：１９９７年_27：墜落事故検分　真田の苦悶　１２月１４日.egpack,０２０：１９９７年_27：墜落事故検分　真田の苦悶　１２月１４日,真田教官,91339C66021FC02E94FF1B03FC0CE70744C42C0EDBE4F840E5A2F8725A9788CE,text,「原本只是因为测试以一型丙为基础，才选中了身属帝国军的我们！」\p
2968,game_t02978,０２０：１９９７年_27：墜落事故検分　真田の苦悶　１２月１４日.egpack,０２０：１９９７年_27：墜落事故検分　真田の苦悶　１２月１４日,真田教官,86312C4C96BB8EF5BC6418C98FE096DB3527571A3A8990B4F1A093DBAEA7ADA1,text,「可现在……竟然连正常训练周期都不给这些孩子，就让他们浸泡在效果无法预测的药物里，再扔上战场……」\p
2969,game_t02979,０２０：１９９７年_27：墜落事故検分　真田の苦悶　１２月１４日.egpack,０２０：１９９７年_27：墜落事故検分　真田の苦悶　１２月１４日,斉藤助教,FDD19491AFD7D2729356262837F358DB23C9262F6C0194FFABFDF993E1252F71,text,「不知不觉间……每年十二月的大雪也成了理所当然的事……」\p
2970,game_t02980,０２０：１９９７年_27：墜落事故検分　真田の苦悶　１２月１４日.egpack,０２０：１９９７年_27：墜落事故検分　真田の苦悶　１２月１４日,真田教官,B8A96A710F6BE411677F26F43709BE307E043081C7E23259BD9A4354A4220437,text,「BETA和人类齐心协力把地球糟蹋成了这个样子。重金属粒子的影响尤其严重吧。」\p
2971,game_t02981,０２０：１９９７年_27：墜落事故検分　真田の苦悶　１２月１４日.egpack,０２０：１９９７年_27：墜落事故検分　真田の苦悶　１２月１４日,斉藤助教,29234E5688406A34DF59111449FE4D70FD19ED3BB34C7F7934289DF151732B6F,text,「大陆每年这个时节也最糟。倒是BETA好像完全不在乎冰雪。」\p
2972,game_t02982,０２０：１９９７年_27：墜落事故検分　真田の苦悶　１２月１４日.egpack,０２０：１９９７年_27：墜落事故検分　真田の苦悶　１２月１４日,真田教官,56F7FC56CEA0446047F5FB01B0E91B44D26C29449265386EC3572655BBADA7FD,text,「视野不良、极低温、润滑性能下降、导管堵塞——要想活下来，雪地行军经验不可或缺。可是——」\p
2973,game_t02983,０２０：１９９７年_27：墜落事故検分　真田の苦悶　１２月１４日.egpack,０２０：１９９７年_27：墜落事故検分　真田の苦悶　１２月１４日,真田教官,55A8BD4E1C7E8F1F61E0F73510F286851027CA627081BCB450F37FDD855DE51A,text,「如果没有至少一年的实机经验，这种训练就只会带来风险。」\p
2974,game_t02984,０２０：１９９７年_27：墜落事故検分　真田の苦悶　１２月１４日.egpack,０２０：１９９７年_27：墜落事故検分　真田の苦悶　１２月１４日,斉藤助教,A217C07302E4CC34D8131B128968CEF671C2071D2EA9D7AA05C4EB898E45767A,text,「可我们还是只能让他们参加。为了让他们活下来的可能性哪怕提高一点。」\p
2975,game_t02985,０２０：１９９７年_27：墜落事故検分　真田の苦悶　１２月１４日.egpack,０２０：１９９７年_27：墜落事故検分　真田の苦悶　１２月１４日,真田教官,525CCE82690C26EEDE874A193E756CBB7DA67B2206F3AEC0F6FEED27E5EC10DD,text,「……我知道。」\p
2976,game_t02986,０２０：１９９７年_27：墜落事故検分　真田の苦悶　１２月１４日.egpack,０２０：１９９７年_27：墜落事故検分　真田の苦悶　１２月１４日,斉藤助教,7A133D66B4AECD14F2B4E7D73456F05D7450E3F22A24CCF62A689A68C5F1738B,text,「没想到有一天，连我也会说这种话……真的很没出息……」\p
2977,game_t02987,０２０：１９９７年_27：墜落事故検分　真田の苦悶　１２月１４日.egpack,０２０：１９９７年_27：墜落事故検分　真田の苦悶　１２月１４日,斉藤助教,3EFAFFC2550999761A6E362CF61DD07A05A9BF1B36C151AB004ACD08D86B18EB,text,「这几个月已经让我彻底明白，斯卫的方针早已决定，我们根本无力改变。」\p
2978,game_t02988,０２０：１９９７年_27：墜落事故検分　真田の苦悶　１２月１４日.egpack,０２０：１９９７年_27：墜落事故検分　真田の苦悶　１２月１４日,斉藤助教,4C27D9B6A205DF315AAC72CC4E943A1FD9A8F0E1AE44267C97CACC9F3F43858A,text,「我会尽己所能。为了尽可能把更多东西教给那些孩子。」\p
2979,game_t02989,０２０：１９９７年_27：墜落事故検分　真田の苦悶　１２月１４日.egpack,０２０：１９９７年_27：墜落事故検分　真田の苦悶　１２月１４日,真田教官,F0E608061279DA3881CD5B84BEA91C97E86AB7CA1E0D9B5D497F20843507815F,text,「……是啊。」\p
2980,game_t02990,０２０：１９９７年_27：墜落事故検分　真田の苦悶　１２月１４日.egpack,０２０：１９９７年_27：墜落事故検分　真田の苦悶　１２月１４日,斉藤助教,93A82F25CAF03C644DDCFFBB72049C0870F55E4753EE2558B45FEF24730EF8D8,text,「因为除此之外……我们已经什么都做不到了……」\p
2981,game_t02991,０２０：１９９７年_27：墜落事故検分　真田の苦悶　１２月１４日.egpack,０２０：１９９７年_27：墜落事故検分　真田の苦悶　１２月１４日,真田教官,2DF04B5A9A6998B7C44D0E367EB57A95173152E08B67C4C149FB80CA15FF65CE,text,「对不起……莲川……」\p
2982,game_t02992,０２０：１９９７年_27：墜落事故検分　真田の苦悶　１２月１４日.egpack,０２０：１９９７年_27：墜落事故検分　真田の苦悶　１２月１４日,真田教官,2F4733C43E71498479D026D8E200C6D255168376454861F4D6F0ED05C37897DD,text,「原谅我……」\p
2983,game_t02993,０２０：１９９７年_28：脱落者　１２月２３日.egpack,０２０：１９９７年_28：脱落者　１２月２３日,蓮川,DB79670CCA130160403F2737D1E73B00C4D18FC9C54B2EA19F42E2C8ED43A2BA,text,「各位～～我出发啦～～！！」\p
2984,game_t02994,０２０：１９９７年_28：脱落者　１２月２３日.egpack,０２０：１９９７年_28：脱落者　１２月２３日,唯依,FC1BB2D07B8CA4CB833A8FC775711F88FDC75DF9188537E5BF556C9021D9D39C,text,「…\w…\w…\w…\w」\p
2985,game_t02995,０２０：１９９７年_28：脱落者　１２月２３日.egpack,０２０：１９９７年_28：脱落者　１２月２３日,志摩子,FC1BB2D07B8CA4CB833A8FC775711F88FDC75DF9188537E5BF556C9021D9D39C,text,「…\w…\w…\w…\w」\p
2986,game_t02996,０２０：１９９７年_28：脱落者　１２月２３日.egpack,０２０：１９９７年_28：脱落者　１２月２３日,安芸,1B9DD6057ADA17494240E4E00B36208F0DCB4ACAA4107C988621FBD69EE57C54,text,「最后诊断是精神分裂症，按伤病退学处理……」\p
2987,game_t02997,０２０：１９９７年_28：脱落者　１２月２３日.egpack,０２０：１９９７年_28：脱落者　１２月２３日,和泉,E0EDDD7633935A7242B84D61F86CF6E0FF8BFB2CD1EE176ACD2E3C221C75E877,text,「也就是说，她已经没有康复希望，也不能转科了？」\p
2988,game_t02998,０２０：１９９７年_28：脱落者　１２月２３日.egpack,０２０：１９９７年_28：脱落者　１２月２３日,唯依,FC1BB2D07B8CA4CB833A8FC775711F88FDC75DF9188537E5BF556C9021D9D39C,text,「…\w…\w…\w…\w」\p
2989,game_t02999,０２０：１９９７年_28：脱落者　１２月２３日.egpack,０２０：１９９７年_28：脱落者　１２月２３日,和泉,DBAB0063D8306267BD7494922474E535E19C03330D3CE215182F07084DC7E1F0,text,「果然是那次坠落事故造成的吗……」\p
2990,game_t03000,０２０：１９９７年_28：脱落者　１２月２３日.egpack,０２０：１９９７年_28：脱落者　１２月２３日,志摩子,FC1BB2D07B8CA4CB833A8FC775711F88FDC75DF9188537E5BF556C9021D9D39C,text,「…\w…\w…\w…\w」\p
2991,game_t03001,０２０：１９９７年_28：脱落者　１２月２３日.egpack,０２０：１９９７年_28：脱落者　１２月２３日,和泉,5D1D62D528DA9285B8BBDDE45424899AEC1F49495B64F829AC7BCCA57474BC6D,text,「她的伤明明很轻，也只是住院检查，我还以为不会有事……」\p
2992,game_t03002,０２０：１９９７年_28：脱落者　１２月２３日.egpack,０２０：１９９７年_28：脱落者　１２月２３日,唯依,FC1BB2D07B8CA4CB833A8FC775711F88FDC75DF9188537E5BF556C9021D9D39C,text,「…\w…\w…\w…\w」\p
2993,game_t03003,０２０：１９９７年_28：脱落者　１２月２３日.egpack,０２０：１９９７年_28：脱落者　１２月２３日,安芸,D3BA9E08E163988B15E5DE649333F67308A2DA1F904DCB2B3EA6AFC713DC444F,text,「她大概一直在勉强自己、拼命忍耐。事故以后，光是进入管制单元就已经……」\p
2994,game_t03004,０２０：１９９７年_28：脱落者　１２月２３日.egpack,０２０：１９９７年_28：脱落者　１２月２３日,唯依,FC1BB2D07B8CA4CB833A8FC775711F88FDC75DF9188537E5BF556C9021D9D39C,text,「…\w…\w…\w…\w」\p
2995,game_t03005,０２０：１９９７年_28：脱落者　１２月２３日.egpack,０２０：１９９７年_28：脱落者　１２月２３日,旁白,6518D267D496E96331AF08926586E9BDA726D4A626EF167534A84EF85F089AA8,text,原来如此……莲川为了家族，努力想留在学校——一直在拼命与自己的内心战斗。\p
2996,game_t03006,０２０：１９９７年_28：脱落者　１２月２３日.egpack,０２０：１９９７年_28：脱落者　１２月２３日,旁白,D9250E596D3B06C647536EE7CFECA73DCA22917986C174ABAE5FB11C090CE289,text,可是只要留在这里，她就无法逃离那份重责与事故带来的恐惧……\p
2997,game_t03007,０２０：１９９７年_28：脱落者　１２月２３日.egpack,０２０：１９９７年_28：脱落者　１２月２３日,唯依,FC1BB2D07B8CA4CB833A8FC775711F88FDC75DF9188537E5BF556C9021D9D39C,text,「…\w…\w…\w…\w」\p
2998,game_t03008,０２０：１９９７年_28：脱落者　１２月２３日.egpack,０２０：１９９７年_28：脱落者　１２月２３日,旁白,F7ABD7F4547B3702AB11FD2C4C7B7028B2A2BF4C4D0323C12214B8A6346C26E2,text,于是……她无处可去……最终精神彻底崩溃。\p
2999,game_t03009,０２０：１９９７年_28：脱落者　１２月２３日.egpack,０２０：１９９７年_28：脱落者　１２月２３日,志摩子,7BFEFDD2081EEEE30CAA48E320DBBA19C25EC4596267C9EF00CE53F797AB3259,text,「那个……唯依……」\p
3000,game_t03010,０２０：１９９７年_28：脱落者　１２月２３日.egpack,０２０：１９９７年_28：脱落者　１２月２３日,唯依,825298421CE22EBF022E7EA2EBBBA5AB77833111FEC8506FF3E36DF82815EE70,text,「……怎么了，志摩子？」\p
3001,game_t03011,０２０：１９９７年_28：脱落者　１２月２３日.egpack,０２０：１９９７年_28：脱落者　１２月２３日,志摩子,196B8D969E0D7579F07A48A4179EE784931FC4D6428047438D14AC5E66F13888,text,「能不能……单独谈谈？」\p
3002,game_t03012,０２０：１９９７年_28：脱落者　１２月２３日.egpack,０２０：１９９７年_28：脱落者　１２月２３日,唯依,18397F90FE928318777B0AF185FB59B5E0F032A869B6DADEAD7A01018711186E,text,「就在这个房间吧？这里应该不会有人来。」\p
3003,game_t03013,０２０：１９９７年_28：脱落者　１２月２３日.egpack,０２０：１９９７年_28：脱落者　１２月２３日,志摩子,C27A95EFABD0433ABD5173895CBCECBD981E27E4ED7A9CE98AF41D5B86AF9E94,text,「……嗯。」\p
3004,game_t03014,０２０：１９９７年_28：脱落者　１２月２３日.egpack,０２０：１９９７年_28：脱落者　１２月２３日,志摩子,DFB036E8AF7DF5E6E0F8A3D825F75E5F29829F6E72CCB8135BC118B48E4D38B9,text,「……这是莲川的信。」\p
3005,game_t03015,０２０：１９９７年_28：脱落者　１２月２３日.egpack,０２０：１９９７年_28：脱落者　１２月２３日,唯依,4FBD4A7E6EF3417B05446EC9C2493AADB9917075238CC62484C83C2F307FF390,text,「……咦？」\p
3006,game_t03016,０２０：１９９７年_28：脱落者　１２月２３日.egpack,０２０：１９９７年_28：脱落者　１２月２３日,志摩子,AF2AF0C37088E7D64DE9ACD4ED45C674526D9106F65A7BCF6894F85FF770B237,text,「她发生事故的那天。演习结束回来后，我就在自己的储物柜里发现了这个……」\p
3007,game_t03017,０２０：１９９７年_28：脱落者　１２月２３日.egpack,０２０：１９９７年_28：脱落者　１２月２３日,唯依,E9F5C9A2E8C44D5D63617BDECBC16FB4086BE554D0B3D12635758FC85C11DF8A,text,「我可以……看吗？」\p
3008,game_t03018,０２０：１９９７年_28：脱落者　１２月２３日.egpack,０２０：１９９７年_28：脱落者　１２月２３日,唯依,6EE50B19277580E460F0B1AFA4BBEA3E328AC1999DDFB1500E805AA1607C7F1D,text,「——！？」
3009,game_t03019,０２０：１９９７年_28：脱落者　１２月２３日.egpack,０２０：１９９７年_28：脱落者　１２月２３日,安芸,32E09FE1BDBA71ED320FCE3B3572020CF3CF970BA328F1BC4957460613C93B61,text,「——！」
3010,game_t03020,０２０：１９９７年_28：脱落者　１２月２３日.egpack,０２０：１９９７年_28：脱落者　１２月２３日,和泉,8331F90C9ED4AA79F3CE2C5F97873D98AC7585C6473E17F2D1037F8308FA436A,text,「――！？」\p
3011,game_t03021,０２０：１９９７年_28：脱落者　１２月２３日.egpack,０２０：１９９７年_28：脱落者　１２月２３日,唯依,8D56F7FD5B401DE1648B0BF9A4AAEE64E2014A275244E6E0D13C661FEC61CA6B,text,「怎、怎么会……」\p
3012,game_t03022,０２０：１９９７年_28：脱落者　１２月２３日.egpack,０２０：１９９７年_28：脱落者　１２月２３日,安芸,EAD94627020D0C53D51CC5BB63E1496B3F125C1732B04D525125415BA7A0D95F,text,「咦……？可是这封信……是在事故之前写的吧……？」\p
3013,game_t03023,０２０：１９９７年_28：脱落者　１２月２３日.egpack,０２０：１９９７年_28：脱落者　１２月２３日,志摩子,E909A6A213715F3F6B6C3BFABA168C9B9F9FCAC21B39E70132954C0D664D0F5A,text,「嗯……」\p
3014,game_t03024,０２０：１９９７年_28：脱落者　１２月２３日.egpack,０２０：１９９７年_28：脱落者　１２月２３日,和泉,7EF0E12C9D10ECB47B669095EE9B8616994D06935AD5CF0245CC349FA2F5DE68,text,「那么……莲川在事故发生前，就已经……！？」\p
3015,game_t03025,０２０：１９９７年_28：脱落者　１２月２３日.egpack,０２０：１９９７年_28：脱落者　１２月２３日,志摩子,1C3CA41B024C65F81B4FF63BE1E2CBE1360E0E6ED36CEBD118B74758825E913D,text,「她会……突然说起刚才那种孩子气的话……」\p
3016,game_t03026,０２０：１９９７年_28：脱落者　１２月２３日.egpack,０２０：１９９７年_28：脱落者　１２月２３日,和泉,220D2DE9E6422EF44FC7A6669D759980BC8B9F8595C3090012C3A29C0C86FEF4,text,「咦……」\p
3017,game_t03027,０２０：１９９７年_28：脱落者　１２月２３日.egpack,０２０：１９９７年_28：脱落者　１２月２３日,志摩子,3D627F7EEE72E2A6B755C5D48A237DBB6246E2E1143752DEB67A44949A2B8242,text,「甚至连自己五分钟前刚说过什么……都完全不记得……」\p
3018,game_t03028,０２０：１９９７年_28：脱落者　１２月２３日.egpack,０２０：１９９７年_28：脱落者　１２月２３日,安芸,F1C07022C1C984F0877C7B827370861CAC5D2FF6B2D7B7CA94A9057E1AF4E090,text,「那、那不就是……已经彻底……」\p
3019,game_t03029,０２０：１９９７年_28：脱落者　１２月２３日.egpack,０２０：１９９７年_28：脱落者　１２月２３日,志摩子,C70E4D4E6DF63B90B30279A28C71A7FD653E5BAFD79055D3CDD0D5645D665907,text,「呜……呜呜……呜呜……」\p
3020,game_t03030,０２０：１９９７年_28：脱落者　１２月２３日.egpack,０２０：１９９７年_28：脱落者　１２月２３日,和泉,A592D2DD630889BA09BBD9684B9B433DE8610BC74BB119412A53CEE7D0094347,text,「志摩子……」\p
3021,game_t03031,０２０：１９９７年_28：脱落者　１２月２３日.egpack,０２０：１９９７年_28：脱落者　１２月２３日,安芸,FC1BB2D07B8CA4CB833A8FC775711F88FDC75DF9188537E5BF556C9021D9D39C,text,「…\w…\w…\w…\w」\p
3022,game_t03032,０２０：１９９７年_28：脱落者　１２月２３日.egpack,０２０：１９９７年_28：脱落者　１２月２３日,唯依,388005D96B0A3CF5910861C29F972BC50746AF1BF0E2DDEFBDCC8615C0AF826A,text,「这封信……我觉得还是不要给山城看比较好……」\p
3023,game_t03033,０２０：１９９７年_28：脱落者　１２月２３日.egpack,０２０：１９９７年_28：脱落者　１２月２３日,志摩子,C70E4D4E6DF63B90B30279A28C71A7FD653E5BAFD79055D3CDD0D5645D665907,text,「呜……呜呜……呜呜……」\p
3024,game_t03034,０２０：１９９７年_28：脱落者　１２月２３日.egpack,０２０：１９９７年_28：脱落者　１２月２３日,唯依,FC1BB2D07B8CA4CB833A8FC775711F88FDC75DF9188537E5BF556C9021D9D39C,text,「…\w…\w…\w…\w」\p
3025,game_t03035,０３０：１９９８年_29：光州作戦　１９９８年１月２６日.egpack,０３０：１９９８年_29：光州作戦　１９９８年１月２６日,国連軍兵士,D36389A7EAFB7CC9D39D833B3C5E8BED91C246CA799397CA734D4FE3127CB7C5,text,「——阮上尉。据报，该地区的难民疏散即将全部完成。」\p
3026,game_t03036,０３０：１９９８年_29：光州作戦　１９９８年１月２６日.egpack,０３０：１９９８年_29：光州作戦　１９９８年１月２６日,グェン大尉,3B2C6C36180FA53355C1D792893A873F12CE06BEDD86CAEE24D5FBC886487FFA,text,「——好，知道了。继续催促他们，加快速度。」\p
3027,game_t03037,０３０：１９９８年_29：光州作戦　１９９８年１月２６日.egpack,０３０：１９９８年_29：光州作戦　１９９８年１月２６日,国連軍兵士,18DB69E098D01208A0ABB59C32174A5D6BF3C5C652CC9489BA5202CF7E2E0381,text,「——收到。另外……那个，上尉。」\p
3028,game_t03038,０３０：１９９８年_29：光州作戦　１９９８年１月２６日.egpack,０３０：１９９８年_29：光州作戦　１９９８年１月２６日,グェン大尉,1642F89A78B4D4EBF73B0BBB707F183B1D3858D6F8079A07B2E518B52D1E8CF2,text,「嗯……怎么了？」\p
3029,game_t03039,０３０：１９９８年_29：光州作戦　１９９８年１月２６日.egpack,０３０：１９９８年_29：光州作戦　１９９８年１月２６日,国連軍兵士,539A3C9971235E6C945355471C78CEAD2A4D52DAAD1CC8292FA655792CCA38B8,text,「听说联合国军前线司令部全灭……是真的吗？」\p
3030,game_t03040,０３０：１９９８年_29：光州作戦　１９９８年１月２６日.egpack,０３０：１９９８年_29：光州作戦　１９９８年１月２６日,グェン大尉,FC1BB2D07B8CA4CB833A8FC775711F88FDC75DF9188537E5BF556C9021D9D39C,text,「…\w…\w…\w…\w」\p
3031,game_t03041,０３０：１９９８年_29：光州作戦　１９９８年１月２６日.egpack,０３０：１９９８年_29：光州作戦　１９９８年１月２６日,国連軍兵士,7B038902EBA6409780AF3412D5534740DCBAAD112CD8BEE05A6FB8005BF1C11D,text,「几十分钟前，军用开放频道里似乎到处都在传这种未经证实的消息，部下们很在意——」\p
3032,game_t03042,０３０：１９９８年_29：光州作戦　１９９８年１月２６日.egpack,０３０：１９９８年_29：光州作戦　１９９８年１月２６日,グェン大尉,D5B1A8575129DB6B9CCA0F2DA53BE7FA7E34C8359634D1C10CE58E483BCF7265,text,「有一阵确实如此……」\p
3033,game_t03043,０３０：１９９８年_29：光州作戦　１９９８年１月２６日.egpack,０３０：１９９８年_29：光州作戦　１９９８年１月２６日,国連軍兵士,EFC15F916B52A17D4154D1ED8450E35C73929060E95A628F50F5290315AC00C9,text,「——什么！？」\p
3034,game_t03044,０３０：１９９８年_29：光州作戦　１９９８年１月２６日.egpack,０３０：１９９８年_29：光州作戦　１９９８年１月２６日,グェン大尉,DAC84CEE4B5B9ECDDB75490BD334EB42C88256463EBFE8627327A3C8E2A7054F,text,「但不必担心，对马方面的后备系统已开始运作。撤退支援应该不会出问题。」\p
3035,game_t03045,０３０：１９９８年_29：光州作戦　１９９８年１月２６日.egpack,０３０：１９９８年_29：光州作戦　１９９８年１月２６日,国連軍兵士,89FC52B6A2B38941E23E49D61DB01D31F22E948E4A77A3384ED207BE2D1DDE6B,text,「那么，光州作战——」\p
3036,game_t03046,０３０：１９９８年_29：光州作戦　１９９８年１月２６日.egpack,０３０：１９９８年_29：光州作戦　１９９８年１月２６日,グェン大尉,3B8E9D0341DCF002699123F5A8B878B0FC11A0A26BA696EB1B50ACBA8936A40F,text,「——据说从全局角度来看，作战正在取得成功。GHQ刚刚发布了消息。」\p
3037,game_t03047,０３０：１９９８年_29：光州作戦　１９９８年１月２６日.egpack,０３０：１９９８年_29：光州作戦　１９９８年１月２６日,国連軍兵士,B3A1DE63468D87E311A7D22993D25F2B31F3CE756901675B91CB0ADF3511F590,text,「既然如此，上尉……刚才前来救援我们的那支日本帝国军部队，究竟是从哪里抽调来的？」\p
3038,game_t03048,０３０：１９９８年_29：光州作戦　１９９８年１月２６日.egpack,０３０：１９９８年_29：光州作戦　１９９８年１月２６日,グェン大尉,FC1BB2D07B8CA4CB833A8FC775711F88FDC75DF9188537E5BF556C9021D9D39C,text,「…\w…\w…\w…\w」\p
3039,game_t03049,０３０：１９９８年_29：光州作戦　１９９８年１月２６日.egpack,０３０：１９９８年_29：光州作戦　１９９８年１月２６日,国連軍兵士,EAD6C366928155DF278AACEE98AE73BFC0DD2856EC5A51E8265FFB621ECFC09B,text,「据记录所示……没有任何方面下达过派遣部队响应我方求援的命令。」\p
3040,game_t03050,０３０：１９９８年_29：光州作戦　１９９８年１月２６日.egpack,０３０：１９９８年_29：光州作戦　１９９８年１月２６日,国連軍兵士,44BBD984DE3A28BEC3C1A0B3984B26FED09D365B237B5F6E4F24C26EC042955F,text,「即使是现场指挥官自行裁量，那么庞大的部队一旦离开岗位，防线就会出现缺口……根本守不住。」\p
3041,game_t03051,０３０：１９９８年_29：光州作戦　１９９８年１月２６日.egpack,０３０：１９９８年_29：光州作戦　１９９８年１月２６日,国連軍兵士,3AAFBD4FB6BE886696046FD8FDD2FD46A3C078B50BDC994B8D75BA6727888B2B,text,「虽然我也觉得不可能……但如果正是因为那支部队前来救援我们……联合国军前线司令部才——」\p
3042,game_t03052,０３０：１９９８年_29：光州作戦　１９９８年１月２６日.egpack,０３０：１９９８年_29：光州作戦　１９９８年１月２６日,グェン大尉,DDA880D8390886CFE79B29E00E00E3C313C4D7BD8A2EF5097B44E1445B796B41,text,「——中尉。」\p
3043,game_t03053,０３０：１９９８年_29：光州作戦　１９９８年１月２６日.egpack,０３０：１９９８年_29：光州作戦　１９９８年１月２６日,国連軍兵士,045FAB86CEFCFD94B8237BA93D5E3FBA961ED47F64E604F52AE1573033A56870,text,「——是。」\p
3044,game_t03054,０３０：１９９８年_29：光州作戦　１９９８年１月２６日.egpack,０３０：１９９８年_29：光州作戦　１９９８年１月２６日,グェン大尉,0530F128B086BCB2872A8C35BBBEE683BD021E71BE355F2E7ADF751B0E7E0DD1,text,「我记得，到预定完成撤离为止，日程排得满满当当吧？有空操心别人，不如先操心操心你自己的屁股，如何？」\p
3045,game_t03055,０３０：１９９８年_29：光州作戦　１９９８年１月２６日.egpack,０３０：１９９８年_29：光州作戦　１９９８年１月２６日,国連軍兵士,4515D066E59D0567C8E90AB444053341AFF2F8AE4BD9D7ED6A35B55E01F81D7A,text,「——是！失礼了。我立刻返回岗位。」\p
3046,game_t03056,０３０：１９９８年_29：光州作戦　１９９８年１月２６日.egpack,０３０：１９９８年_29：光州作戦　１９９８年１月２６日,グェン大尉,6206EA47D21936CC95F786DBDCA8A6DB75AEDB5EAACC337BFA8281EB01C20346,text,「光州作战从全局角度来看，正在取得成功……吗？」\p
3047,game_t03057,０３０：１９９８年_29：光州作戦　１９９８年１月２６日.egpack,０３０：１９９８年_29：光州作戦　１９９８年１月２６日,グェン大尉,75E80A1967E1A9F3AD797762AE5168821FFE17BCC8240E78F92A8C4F95B374A0,text,「说到底，这本来就是为保存战力而进行的撤退作战。无论成功还是失败，从今天起人类都会被进一步逼退……」\p
3048,game_t03058,０３０：１９９８年_29：光州作戦　１９９８年１月２６日.egpack,０３０：１９９８年_29：光州作戦　１９９８年１月２６日,グェン大尉,3BEB76BD2337A207F1327BF4202C85471470304BCED2F9ECB89EDBAB7B84677F,text,「……谢了，帝国陆军。」\p
3049,game_t03059,０３０：１９９８年_29：光州作戦　１９９８年１月２６日.egpack,０３０：１９９８年_29：光州作戦　１９９８年１月２６日,グェン大尉,06E303FBBC38A0A0D8D3FC265E2D5AC60379F77C2CC603F879BE5B4BA2283FE5,text,「若不是你们赶来，我们和那些难民早就一起成了BETA的夜宵。」\p
3050,game_t03060,０３０：１９９８年_29：光州作戦　１９９８年１月２６日.egpack,０３０：１９９８年_29：光州作戦　１９９８年１月２６日,グェン大尉,EEE3580F6BDC6437B10424F6DB1F40CF237AA54C25494DFC3FFAB4B92CBB0E28,text,「承了你们的情，却没办法替你们收殓遗骨……对不住了……」\p
3051,game_t03061,０３０：１９９８年_29：光州作戦　１９９８年１月２６日.egpack,０３０：１９９８年_29：光州作戦　１９９８年１月２６日,グェン大尉,07CF812EF2DC83AC0E4BDADF0EE74A8986316CD92721701C1EEDF39B2806CBDF,text,「至少，我一定会把你的机体编号报给你所属部队的指挥官……」\p
3052,game_t03062,０３０：１９９８年_29：光州作戦　１９９８年１月２６日.egpack,０３０：１９９８年_29：光州作戦　１９９８年１月２６日,グェン大尉,6FB6EA18A73FACB460D26C9BDCBE9A6F8F35EB4F0FD3F60979599A5EABA8B1F6,text,「你就先走一步……在那个世界等着吧……」\p
3053,game_t03063,０３０：１９９８年_29：光州作戦　１９９８年１月２６日.egpack,０３０：１９９８年_29：光州作戦　１９９８年１月２６日,グェン大尉,86B2B291CC7344EA08D6A5ED1BEF7B7859A574FFBAB3B33310E95EDA5839BF9D,text,「话说回来……那是什么机体？帝国陆军有白色机体吗？」\p
3054,game_t03064,０３０：１９９８年_29：光州作戦　１９９８年１月２６日.egpack,０３０：１９９８年_29：光州作戦　１９９８年１月２６日,グェン大尉,0B335EE5C1E3605CDA47905EA3A592221E0B99BDB8CA5A0E005DE11B32ACFD54,text,「F-4J……不，不对。是新型机？」\p
3055,game_t03065,０３０：１９９８年_29：光州作戦　１９９８年１月２６日.egpack,０３０：１９９８年_29：光州作戦　１９９８年１月２６日,グェン大尉,AAFAA4D70AD7B04298ECB02A86490C602216D0013EEAF686EFCEA9C98DBA4B2C,text,「怎么看都像第一代机……」\p
3056,game_t03066,０３０：１９９８年_30：安芸のあせり　真田の確信　３月１７日.egpack,０３０：１９９８年_30：安芸のあせり　真田の確信　３月１７日,唯依,C600B7D3F0DC6292B71EA225A964290BE56F3063195CEF45A392A21B18DD9A7B,text,「——可恶……！？」\p
3057,game_t03067,０３０：１９９８年_30：安芸のあせり　真田の確信　３月１７日.egpack,０３０：１９９８年_30：安芸のあせり　真田の確信　３月１７日,旁白,F70D740BBADCA4A029E2F555493CCF5E9D0E290B2DC9EB8809B8712EE7DBEEDE,text,碍事……！\p
3058,game_t03068,０３０：１９９８年_30：安芸のあせり　真田の確信　３月１７日.egpack,０３０：１９９８年_30：安芸のあせり　真田の確信　３月１７日,唯依,E0207831E2917BDF476BBE6FEAD86B88C2734DB76C149B8B7B98A5AC63D0FFE2,text,「这样下去……撑不住！」\p
3059,game_t03069,０３０：１９９８年_30：安芸のあせり　真田の確信　３月１７日.egpack,０３０：１９９８年_30：安芸のあせり　真田の確信　３月１７日,和泉,A05A7C2BA5659733C2D720F8CB38CC8AF71E770F586F8882EC03C1DF995906E9,text,「敌军总数不明……！」\p
3060,game_t03070,０３０：１９９８年_30：安芸のあせり　真田の確信　３月１７日.egpack,０３０：１９９８年_30：安芸のあせり　真田の確信　３月１７日,安芸,579D6BE6EF63349323194230475305A1635ECC7BCE18A2B51391772B300809D8,text,「唯依，这样下去我们会被干掉的！」\p
3061,game_t03071,０３０：１９９８年_30：安芸のあせり　真田の確信　３月１７日.egpack,０３０：１９９８年_30：安芸のあせり　真田の確信　３月１７日,唯依,A64908D1CD9DCAF515AA2AEA87B41C77BD0058B52AA8E11A790695B212F66BD8,text,「可恶……」\p
3062,game_t03072,０３０：１９９８年_30：安芸のあせり　真田の確信　３月１７日.egpack,０３０：１９９８年_30：安芸のあせり　真田の確信　３月１７日,旁白,85147726807B0156087BB02C62FD9A4807C3756480C06CA4D7FED6ACB75CC7DF,text,不能拉升高度——一跳起来就会被击落。成群的敌人正好能充当抵御光线攻击的盾牌。绝对不能慌——！！\p
3063,game_t03073,０３０：１９９８年_30：安芸のあせり　真田の確信　３月１７日.egpack,０３０：１９９８年_30：安芸のあせり　真田の確信　３月１７日,唯依,0F959634EAA91FD674253F2A1539501972CC309D55C3C3D8DE14299CBA0A8463,text,「——糟……！？」\p
3064,game_t03074,０３０：１９９８年_30：安芸のあせり　真田の確信　３月１７日.egpack,０３０：１９９８年_30：安芸のあせり　真田の確信　３月１７日,旁白,4F6F630DC56FF4768A9D39AB1D8DA858F81B031F8B61A6CF692DCA9DFDE21F90,text,如果刚才攻击的是本体，现在早已被它的前臂压碎……！\p
3065,game_t03075,０３０：１９９８年_30：安芸のあせり　真田の確信　３月１７日.egpack,０３０：１９９８年_30：安芸のあせり　真田の確信　３月１７日,旁白,7A2FFF9C186D3284A0E0CA9A9C82A90A4E4292C8923D1556C08A8639551C0DFC,text,距离敌占区内的战术坐标还有2km……！这2km实在太远……！\p
3066,game_t03076,０３０：１９９８年_30：安芸のあせり　真田の確信　３月１７日.egpack,０３０：１９９８年_30：安芸のあせり　真田の確信　３月１７日,旁白,033A43B59466CD3C78EB7BF41DD4C5CEB9CF54E70F91E11DFD36D1F0CCE1B765,text,假定附近存在光线属种；毫无遮挡的平原上有三千只要击级。所配弹药仅有初始携行量……！\p
3067,game_t03077,０３０：１９９８年_30：安芸のあせり　真田の確信　３月１７日.egpack,０３０：１９９８年_30：安芸のあせり　真田の確信　３月１７日,旁白,4367DD651C4058041E09E91BEF397CB1B9F185C59307AC80BB2A06865AA2823D,text,和往常一样，只给出目标与条件，完全不作战术指示……！\p
3068,game_t03078,０３０：１９９８年_30：安芸のあせり　真田の確信　３月１７日.egpack,０３０：１９９８年_30：安芸のあせり　真田の確信　３月１７日,旁白,7B6D152633E590844320C7FB52FC65521A4FD60B6F450F09BC5A390ECF0723F0,text,不要只盯着自己周围……！\p
3069,game_t03079,０３０：１９９８年_30：安芸のあせり　真田の確信　３月１７日.egpack,０３０：１９９８年_30：安芸のあせり　真田の確信　３月１７日,旁白,8392C279A11EDF52B334F0210DA41CE796499C7C7647C53FC4685EDAFBDDA74F,text,战域认知是卫士的必备技能……！必须掌握全局……！\p
3070,game_t03080,０３０：１９９８年_30：安芸のあせり　真田の確信　３月１７日.egpack,０３０：１９９８年_30：安芸のあせり　真田の確信　３月１７日,唯依,86936D4C354149C4419BA09991979ECF1D9A2B33B76FCB8FB8988CAB02DC7193,text,「——鹡鸰1呼叫小队各机！后撤至指定坐标！诱导敌军前卫、分离主力，从侧翼打开突破口！！」\p
3071,game_t03081,０３０：１９９８年_30：安芸のあせり　真田の確信　３月１７日.egpack,０３０：１９９８年_30：安芸のあせり　真田の確信　３月１７日,安芸,454BB23B6F74B7948B2AEFEAA7290D73864B468A56AB899D0CE58D2AE60380AE,text,「——太乱来了！敌人数量太多，根本不可能出现空隙——拉长距离只会让我们慢慢耗死！！——直接强行突破吧！！」\p
3072,game_t03082,０３０：１９９８年_30：安芸のあせり　真田の確信　３月１７日.egpack,０３０：１９９８年_30：安芸のあせり　真田の確信　３月１７日,旁白,5C7095EB569228BC2803D42F58A03E98228DD484E3D319174FD5578725FEACC8,text,又来了——\p
3073,game_t03083,０３０：１９９８年_30：安芸のあせり　真田の確信　３月１７日.egpack,０３０：１９９８年_30：安芸のあせり　真田の確信　３月１７日,旁白,3F94CD90587404537A2AD37E7130C511687B1F65046353706613AD35700DA770,text,提出意见本来是允许的。可就算意见没被采纳，也不能把情绪摆到脸上……！\p
3074,game_t03084,０３０：１９９８年_30：安芸のあせり　真田の確信　３月１７日.egpack,０３０：１９９８年_30：安芸のあせり　真田の確信　３月１７日,志摩子,BF318544E6195481BFD6525D829C3A52CD29A854360D9E662B6274E43B0444AF,text,「——服从命令，鹡鸰2！刚才也正是因为这样……」\p
3075,game_t03085,０３０：１９９８年_30：安芸のあせり　真田の確信　３月１７日.egpack,０３０：１９９８年_30：安芸のあせり　真田の確信　３月１７日,安芸,017E4E528A584B771BF84DF495848EA755E99385F9B8478BC52877CA8472B318,text,「——作战目标是抵达坐标！应该优先完成目标！！」\p
3076,game_t03086,０３０：１９９８年_30：安芸のあせり　真田の確信　３月１７日.egpack,０３０：１９９８年_30：安芸のあせり　真田の確信　３月１７日,和泉,64E192E5AD2CFE4C721F3E0DBD683D50A9E302683142BEC5A095FA3233EE1F1D,text,「——不管选哪一个，快点决定！！」\p
3077,game_t03087,０３０：１９９８年_30：安芸のあせり　真田の確信　３月１７日.egpack,０３０：１９９８年_30：安芸のあせり　真田の確信　３月１７日,旁白,F3F33482803949AAA710728078097E92B3B12283FC114ABC31C229AFC18B8A11,text,可恶……！\p
3078,game_t03088,０３０：１９９８年_30：安芸のあせり　真田の確信　３月１７日.egpack,０３０：１９９８年_30：安芸のあせり　真田の確信　３月１７日,唯依,5AB573FC83697B9F24401B59AF4BE844573E5593CBCD40F45ACC494A56C87767,text,「——优先执行先前命令！各机保持队形，开始后撤——！！」\p
3079,game_t03089,０３０：１９９８年_30：安芸のあせり　真田の確信　３月１７日.egpack,０３０：１９９８年_30：安芸のあせり　真田の確信　３月１７日,唯依,E0A755BB96562FD6451BB65258F5D2AB4CBD7A7F30C2692EE6787C0E857638EB,text,「跟上——！」\p
3080,game_t03090,０３０：１９９８年_30：安芸のあせり　真田の確信　３月１７日.egpack,０３０：１９９８年_30：安芸のあせり　真田の確信　３月１７日,志摩子・安芸・和泉,77285A5190DCB34DE5C4954BA05BBEB12CD7FB4C1DBF9E21F7BACCB041E81BD0,text,「——明白！」\p
3081,game_t03091,０３０：１９９８年_30：安芸のあせり　真田の確信　３月１７日.egpack,０３０：１９９８年_30：安芸のあせり　真田の確信　３月１７日,唯依,85220823A26E4EB6C17771BB562E59DCF6871499AA90CF0928EAD807408C46B4,text,「又全灭了……」\p
3082,game_t03092,０３０：１９９８年_30：安芸のあせり　真田の確信　３月１７日.egpack,０３０：１９９８年_30：安芸のあせり　真田の確信　３月１７日,旁白,0DC05C2FA3A9D96680C20DB28E948691CC27C94BE31B1EB78EFA73DD106CDB4E,text,本月突然提前开始的实战假定模拟器训练，与只重复基础动作、枯燥乏味的初级课程完全不同。\p
3083,game_t03093,０３０：１９９８年_30：安芸のあせり　真田の確信　３月１７日.egpack,０３０：１９９８年_30：安芸のあせり　真田の確信　３月１７日,旁白,22F59BF412CF3988A1165FDA78B48BE282433ED5C082B0CA323938E52E4711F5,text,不再枯燥确实值得庆幸。可是课程安排一再变动，果然像大家传闻的那样，是大陆战况恶化造成的吧。\p
3084,game_t03094,０３０：１９９８年_30：安芸のあせり　真田の確信　３月１７日.egpack,０３０：１９９８年_30：安芸のあせり　真田の確信　３月１７日,旁白,670E039E348C0185F918D80C91106753CC906596CA02977A21C4C3C828B0283D,text,听说朝鲜半岛的光州作战中，甚至发生了联合国军前线司令部陷落这种难以置信的事……\p
3085,game_t03095,０３０：１９９８年_30：安芸のあせり　真田の確信　３月１７日.egpack,０３０：１９９８年_30：安芸のあせり　真田の確信　３月１７日,唯依,DDC2C8C0F8CDBE141E95E3BD4F117EEB427B58A9CF11D4B2C8C21AF8A90FC82A,text,「呜……」\p
3086,game_t03096,０３０：１９９８年_30：安芸のあせり　真田の確信　３月１７日.egpack,０３０：１９９８年_30：安芸のあせり　真田の確信　３月１７日,旁白,E8CFEEDAAB72B9C2639E8AE4B0327B8A59C9644F63CE68DFC0400C6AE3C63738,text,感官欺骗带来的感觉还残留着……明明必须尽快适应……\p
3087,game_t03097,０３０：１９９８年_30：安芸のあせり　真田の確信　３月１７日.egpack,０３０：１９９８年_30：安芸のあせり　真田の確信　３月１７日,旁白,F99BAB0CC17AB02C8563A7B40FC0FFFDBDA66026F8BEE8A43A3CD71674F816D8,text,不过，感官欺骗与综合虚拟信息训练系统确实非常厉害。\p
3088,game_t03098,０３０：１９９８年_30：安芸のあせり　真田の確信　３月１７日.egpack,０３０：１９９８年_30：安芸のあせり　真田の確信　３月１７日,旁白,E7C42FD5EF756DC97EE1E7674BA14610F48CEF9981028BFD5C1458A3D019F55D,text,连加减速和G力变化等感觉都能重现，不管经历多少次，看上去都像真正的战场。\p
3089,game_t03099,０３０：１９９８年_30：安芸のあせり　真田の確信　３月１７日.egpack,０３０：１９９８年_30：安芸のあせり　真田の確信　３月１７日,旁白,0058547DC64877EFD298728AA1183942388438DBB70D5CDDCC7EA52F43318EEB,text,听说只要提高感官欺骗强度，再结合实战部队的战斗数据，即使在实机演习中，也能获得与真正实战完全相同的体验。\p
3090,game_t03100,０３０：１９９８年_30：安芸のあせり　真田の確信　３月１７日.egpack,０３０：１９９８年_30：安芸のあせり　真田の確信　３月１７日,旁白,C9FF9022C25FBD6E76EC2976D326849407A05212EB97410E45566142B85B2949,text,据说还能屏蔽“这只是训练”的认知，连疼痛都一并重现——让人体验各种不同的阵亡方式。\p
3091,game_t03101,０３０：１９９８年_30：安芸のあせり　真田の確信　３月１７日.egpack,０３０：１９９８年_30：安芸のあせり　真田の確信　３月１７日,旁白,E2A752BD3F83AE4854511257531B9478BC74F28FD6E3FDC137F86DCFE9AE32EC,text,但因为只有资深正规军卫士能承受那种精神负担，传闻禁止以最高强度训练新兵。\p
3092,game_t03102,０３０：１９９８年_30：安芸のあせり　真田の確信　３月１７日.egpack,０３０：１９９８年_30：安芸のあせり　真田の確信　３月１７日,旁白,5AA56750FE2DA2621F4B77F708BADED84FBFD9932FA9922925B8770D5CA71834,text,也就是说——\p
3093,game_t03103,０３０：１９９８年_30：安芸のあせり　真田の確信　３月１７日.egpack,０３０：１９９８年_30：安芸のあせり　真田の確信　３月１７日,旁白,C0BA3C943C63DA1FB45FFE85A9FD1ED671575D80433F0BB864387C156A414DE6,text,如果这种模拟器训练真的如此接近现实——那么在实战中，同样的事也会发生在我们身上……\p
3094,game_t03104,０３０：１９９８年_30：安芸のあせり　真田の確信　３月１７日.egpack,０３０：１９９８年_30：安芸のあせり　真田の確信　３月１７日,真田教官,4C62430070037B4206200AAABC4F86E07481EB95DA88701E1D661058B205F606,text,「……说说看，造成本次演习这一结果的最大原因是什么。」\p
3095,game_t03105,０３０：１９９８年_30：安芸のあせり　真田の確信　３月１７日.egpack,０３０：１９９８年_30：安芸のあせり　真田の確信　３月１７日,唯依,FC1BB2D07B8CA4CB833A8FC775711F88FDC75DF9188537E5BF556C9021D9D39C,text,「…\w…\w…\w…\w」\p
3096,game_t03106,０３０：１９９８年_30：安芸のあせり　真田の確信　３月１７日.egpack,０３０：１９９８年_30：安芸のあせり　真田の確信　３月１７日,旁白,745E6D2C61058C6DADC4EFC2FEF43250DCE0AAFDB6056397797384F05C50EAAB,text,生存时间确实延长了……结果却还是一如既往地全灭……而这一次，从军队这一组织的角度来看，情况尤其糟糕。\p
3097,game_t03107,０３０：１９９８年_30：安芸のあせり　真田の確信　３月１７日.egpack,０３０：１９９８年_30：安芸のあせり　真田の確信　３月１７日,真田教官,FC1BB2D07B8CA4CB833A8FC775711F88FDC75DF9188537E5BF556C9021D9D39C,text,「…\w…\w…\w…\w」\p
3098,game_t03108,０３０：１９９８年_30：安芸のあせり　真田の確信　３月１７日.egpack,０３０：１９９８年_30：安芸のあせり　真田の確信　３月１７日,旁白,2DF4B55B032271255D5DEA0B5CFFEEEA0D3AA21248904B0E6A53E1B3CA2A910E,text,安艺擅自拒绝后撤，我被她牵着走，最终连自己下达的命令都被一点点架空。这是最糟糕的结果……\p
3099,game_t03109,０３０：１９９８年_30：安芸のあせり　真田の確信　３月１７日.egpack,０３０：１９９８年_30：安芸のあせり　真田の確信　３月１７日,安芸,FC1BB2D07B8CA4CB833A8FC775711F88FDC75DF9188537E5BF556C9021D9D39C,text,「…\w…\w…\w…\w」\p
3100,game_t03110,０３０：１９９８年_30：安芸のあせり　真田の確信　３月１７日.egpack,０３０：１９９８年_30：安芸のあせり　真田の確信　３月１７日,唯依,FFBE6DE7F6B2BD38E7CF6D767655FEA52BEF1D00852F1F47E980707A6B287BD8,text,「——报告。原因在于我缺乏态势判断与指挥能力。」\p
3101,game_t03111,０３０：１９９８年_30：安芸のあせり　真田の確信　３月１７日.egpack,０３０：１９９８年_30：安芸のあせり　真田の確信　３月１７日,真田教官,5828060DFB4EEDAA767EA61C2A06D8A7D2335D436BC2A7672B7A0E0ABB1339D9,text,「这里需要的不是这种千篇一律、含糊不清的责任论，篁候补生。」\p
3102,game_t03112,０３０：１９９８年_30：安芸のあせり　真田の確信　３月１７日.egpack,０３０：１９９８年_30：安芸のあせり　真田の確信　３月１７日,唯依,AC7A2892A8D15450FB5675D8B640DDD665CEFCEBCE0B7546843BEB0ED4B40E8A,text,「……是。」\p
3103,game_t03113,０３０：１９９８年_30：安芸のあせり　真田の確信　３月１７日.egpack,０３０：１９９８年_30：安芸のあせり　真田の確信　３月１７日,真田教官,702C6B4F186C69A0142F83DDCD13889DFB4473A209CDD3F0757DF3D859418166,text,「看来你不知道，那我就告诉你。」\p
3104,game_t03114,０３０：１９９８年_30：安芸のあせり　真田の確信　３月１７日.egpack,０３０：１９９８年_30：安芸のあせり　真田の確信　３月１７日,真田教官,F64F0AF9F41957F16F56E50EA1CAC7F2F1501CCD3EACD070E623CE0AE464D113,text,「很不巧，我是个平民。跟各位武家人士不同，是个可怜虫，偏偏受过那种寒酸又小家子气的‘基于合理性的现代军事教育’……」\p
3105,game_t03115,０３０：１９９８年_30：安芸のあせり　真田の確信　３月１７日.egpack,０３０：１９９８年_30：安芸のあせり　真田の確信　３月１７日,唯依,FC1BB2D07B8CA4CB833A8FC775711F88FDC75DF9188537E5BF556C9021D9D39C,text,「…\w…\w…\w…\w」\p
3106,game_t03116,０３０：１９９８年_30：安芸のあせり　真田の確信　３月１７日.egpack,０３０：１９９８年_30：安芸のあせり　真田の確信　３月１７日,旁白,410D0CCBF30A7C622823E093841594093C5A295519971D64117711B4DA47DE7E,text,又来了……又是那套说法。接下来也一定会按照同样的模式——\p
3107,game_t03117,０３０：１９９８年_30：安芸のあせり　真田の確信　３月１７日.egpack,０３０：１９９８年_30：安芸のあせり　真田の確信　３月１７日,真田教官,19E57B9CB5BB4CE7933A6288FEC16ECFB99FD800991011B91D82C20D8363B969,text,「——贵得让人眼珠子掉出来的装备！足够让人逍遥快活十年的培养费用！顺便还有——领主大人与夫人夜间享乐时顺手造出来的一条命！！」\p
3108,game_t03118,０３０：１９９８年_30：安芸のあせり　真田の確信　３月１７日.egpack,０３０：１９９８年_30：安芸のあせり　真田の確信　３月１７日,真田教官,3FEF43EB0F49345B60ACC61CE9A1C80CD291A7FCA8F65B81600D007D61E70F9C,text,「而现在，那一整套东西一口气报废了四份！！你以为我有多高贵、多高尚，听一番优雅漂亮的责任论就能接受吗！！」\p
3109,game_t03119,０３０：１９９８年_30：安芸のあせり　真田の確信　３月１７日.egpack,０３０：１９９８年_30：安芸のあせり　真田の確信　３月１７日,真田教官,37E3DE2B8BFC0CC7CDB29F66E40BD984D71F6D5B4203B6D9E96BF11A6D0B60B2,text,「拜托用连我这种平民都能听懂的——明确！具体！简单易懂的话说明白，行不行！？」\p
3110,game_t03120,０３０：１９９８年_30：安芸のあせり　真田の確信　３月１７日.egpack,０３０：１９９８年_30：安芸のあせり　真田の確信　３月１７日,真田教官,FB016FE3E57266999C14ABFF3F414C40AA62F356B05617B8A2E7E358DB475ECC,text,「——把所有只有武家之间才听得懂的东西全部剔掉！！」\p
3111,game_t03121,０３０：１９９８年_30：安芸のあせり　真田の確信　３月１７日.egpack,０３０：１９９８年_30：安芸のあせり　真田の確信　３月１７日,唯依,B3BE286AFA36A61406FC0C82109A163811F4DE27DE674988F6A097540683F8C4,text,「——是。」\p
3112,game_t03122,０３０：１９９８年_30：安芸のあせり　真田の確信　３月１７日.egpack,０３０：１９９８年_30：安芸のあせり　真田の確信　３月１７日,旁白,671AEF4A1BF7FB6CEECA2FA8549263783FCA2E761CC6775F133A71421862C2BF,text,这是当然的。从一开始就知道会变成这样……\p
3113,game_t03123,０３０：１９９８年_30：安芸のあせり　真田の確信　３月１７日.egpack,０３０：１９９８年_30：安芸のあせり　真田の確信　３月１７日,旁白,A826CA41581B69FE0007184AF2BE6CEF3C3D4954D6619C5F81386966A7FD8978,text,模拟器演习本来就是为了在实战前积累技能、能力与经验，而这些不足正是我们需要确认的课题——\p
3114,game_t03124,０３０：１９９８年_30：安芸のあせり　真田の確信　３月１７日.egpack,０３０：１９９８年_30：安芸のあせり　真田の確信　３月１７日,唯依,D3F1196B238AF8C3AFABD6F272E7C9E8473B08BFAE0669FFEAA65B2E9BD3B2CA,text,「……非常抱歉，教官！！」\p
3115,game_t03125,０３０：１９９８年_30：安芸のあせり　真田の確信　３月１７日.egpack,０３０：１９９８年_30：安芸のあせり　真田の確信　３月１７日,旁白,7F186921AA42F99F193E2923C9C3C271FC2F39B3ADC13AF5C5B9A9F9906E1DEF,text,我明白，真田教官之所以恼火，是因为他知道我有些话没有明说。\p
3116,game_t03126,０３０：１９９８年_30：安芸のあせり　真田の確信　３月１７日.egpack,０３０：１９９８年_30：安芸のあせり　真田の確信　３月１７日,旁白,AD66821EEDD3F02CCF0D3554857CB9DFE2854F9C5FD91D6C77E25E8DC547FB62,text,可是，我怎么可能说出口……\p
3117,game_t03127,０３０：１９９８年_30：安芸のあせり　真田の確信　３月１７日.egpack,０３０：１９９８年_30：安芸のあせり　真田の確信　３月１７日,旁白,EE85D01BB82A1A77EED8D635231A79BEFCFA9E839011FDC7F8AD3441E3A8F775,text,这不是应该向教官报告的事，而是必须由我自己解决的问题……\p
3118,game_t03128,０３０：１９９８年_30：安芸のあせり　真田の確信　３月１７日.egpack,０３０：１９９８年_30：安芸のあせり　真田の確信　３月１７日,旁白,A9698AD01F70E1C1481773062007A126398D55ED77C9B407F972FAFA7140A76E,text,早在综战武之前，安艺就一直在抱怨这件事——\p
3119,game_t03129,０３０：１９９８年_30：安芸のあせり　真田の確信　３月１７日.egpack,０３０：１９９８年_30：安芸のあせり　真田の確信　３月１７日,旁白,B033CECE018D8BFC71478C8FC3C9A119B7673998E795452BA39B6814B86E2639,text,卫士训练课程除了提出目的与目标外，不会对其他事项逐一规定，是有充分理由的。\p
3120,game_t03130,０３０：１９９８年_30：安芸のあせり　真田の確信　３月１７日.egpack,０３０：１９９８年_30：安芸のあせり　真田の確信　３月１７日,旁白,257BF8EB0F602ED2FD0D427091A2DA9350B9DF45F9FC1DB1E9684AE79D1A449D,text,那是为了培养能够灵活而富有创意地运用理论课与训练中学到的基础和原则，凭自身能力应对瞬息万变战场的卫士。\p
3121,game_t03131,０３０：１９９８年_30：安芸のあせり　真田の確信　３月１７日.egpack,０３０：１９９８年_30：安芸のあせり　真田の確信　３月１７日,旁白,87FB4F89E88F95BAC4D835A0643750AC3B1EB2176FB58473B6ED0CBE92F16411,text,军用数据链投入使用后，普鲁士式指挥体系逐渐式微，原先的金字塔结构也转变成并行的多重星型结构。\p
3122,game_t03132,０３０：１９９８年_30：安芸のあせり　真田の確信　３月１７日.egpack,０３０：１９９８年_30：安芸のあせり　真田の確信　３月１７日,旁白,AEB27BE596693736BC0128AA4DA1F919045EC39DE691AA74161D255C0D03687F,text,因为与不遵循人类常识的BETA作战时，最重要的就是根据现场情况迅速应变。\p
3123,game_t03133,０３０：１９９８年_30：安芸のあせり　真田の確信　３月１７日.egpack,０３０：１９９８年_30：安芸のあせり　真田の確信　３月１７日,旁白,709B47F34E2BD98F4735C4FB6DA16755A997D4BC33AA6A044571F8C1C2E04747,text,因此，基层卫士会得到大量信息与很大的裁量权，同时也被要求具备更高的判断力和灵活应对能力。\p
3124,game_t03134,０３０：１９９８年_30：安芸のあせり　真田の確信　３月１７日.egpack,０３０：１９９８年_30：安芸のあせり　真田の確信　３月１７日,旁白,868200FC08C606324AC4C51CFA29216B3A2631649EFC5E17FAE4E879172A57B0,text,正因如此，军队才鼓励主动提出意见、积极发言。战斗中允许使用平易直白的交流方式，也属于同一范畴……\p
3125,game_t03135,０３０：１９９８年_30：安芸のあせり　真田の確信　３月１７日.egpack,０３０：１９９８年_30：安芸のあせり　真田の確信　３月１７日,旁白,BD4918267077DF7F5967178A33E19999C7FA13C35A6D4E4486C005B670E08DCF,text,——但拒不服从已经下达的命令，则是另一回事。在正规军中属于抗命罪，视情况甚至可能被枪决。\p
3126,game_t03136,０３０：１９９８年_30：安芸のあせり　真田の確信　３月１７日.egpack,０３０：１９９８年_30：安芸のあせり　真田の確信　３月１７日,旁白,E2995F5EA5A24261C48F0C1BF98B02AAB9CCA2227CFB3474FA4697BE1C0D2D07,text,可这里是训练部队……指挥权只具形式，不会像真正的军队那样追究责任。当然，教育意义上的形式处罚还是有的……\p
3127,game_t03137,０３０：１９９８年_30：安芸のあせり　真田の確信　３月１７日.egpack,０３０：１９９８年_30：安芸のあせり　真田の確信　３月１７日,唯依,7579E26CA383D6118167ED92250569802A42312592BBA6D324746EC37B573A2C,text,「对——」
3128,game_t03138,０３０：１９９８年_30：安芸のあせり　真田の確信　３月１７日.egpack,０３０：１９９８年_30：安芸のあせり　真田の確信　３月１７日,安芸,E4311C8C4F557FF9C70D03B8691E19628A9DF43D0E70D3DB7F3B4187BC660F16,text,「——我擅自行动是最大的原因，教官阁下。」\p
3129,game_t03139,０３０：１９９８年_30：安芸のあせり　真田の確信　３月１７日.egpack,０３０：１９９８年_30：安芸のあせり　真田の確信　３月１７日,旁白,2F2F5C49DA2D4AB80CE4BA7FB1639BFB19D7E799A93E2E02DCF691E638ACEA07,text,——安艺……？！\p
3130,game_t03140,０３０：１９９８年_30：安芸のあせり　真田の確信　３月１７日.egpack,０３０：１９９８年_30：安芸のあせり　真田の確信　３月１７日,真田教官,40A4B200B77C62FE85E5DE9547C3262E2A733466ACD6071094F5896C876C6132,text,「哦……」\p
3131,game_t03141,０３０：１９９８年_30：安芸のあせり　真田の確信　３月１７日.egpack,０３０：１９９８年_30：安芸のあせり　真田の確信　３月１７日,真田教官,04A1FDF94086EC0357A4787BC444F3D1FE80D7C023C677403669FDE9AE956199,text,「为什么你认为那才是最大原因……？说来听听！」\p
3132,game_t03142,０３０：１９９８年_30：安芸のあせり　真田の確信　３月１７日.egpack,０３０：１９９８年_30：安芸のあせり　真田の確信　３月１７日,安芸,12C681249CF86FB70600E1AADC01C76B6873FDAFA6F163BE408AF2425A987F82,text,「因为我没有转进后撤。为了不让我孤立，与我组成最小战斗单位的能登候补生跟了上来，最后篁候补生和甲斐候补生也前来会合。结果小队协同崩溃，最终全灭。」\p
3133,game_t03143,０３０：１９９８年_30：安芸のあせり　真田の確信　３月１７日.egpack,０３０：１９９８年_30：安芸のあせり　真田の確信　３月１７日,真田教官,FF516D303C870ADF36A15BE595712751408474A1E89C2ECAAA6B92CD33E26450,text,「——这些只要看监控就知道。我问的是，你这家伙看着虽不像，平日却一向忠于基本原则，为什么会做出这种胆大妄为的举动！！」\p
3134,game_t03144,０３０：１９９８年_30：安芸のあせり　真田の確信　３月１７日.egpack,０３０：１９９８年_30：安芸のあせり　真田の確信　３月１７日,安芸,F634349419BD30CB5EEAA0C9EBD13CA55E26CC365ACDC6D3BEB8A8CA20BF9756,text,「因为在当时——我认为自己的判断才是正确的！」\p
3135,game_t03145,０３０：１９９８年_30：安芸のあせり　真田の確信　３月１７日.egpack,０３０：１９９８年_30：安芸のあせり　真田の確信　３月１７日,唯依,2F5DDCA1C317CAB54825B04E30D23EB62EC14CC07128C6CBC0DF4BC4AF52DB26,text,「…\w…\w…\w…\w」
3136,game_t03146,０３０：１９９８年_30：安芸のあせり　真田の確信　３月１７日.egpack,０３０：１９９８年_30：安芸のあせり　真田の確信　３月１７日,和泉,2F5DDCA1C317CAB54825B04E30D23EB62EC14CC07128C6CBC0DF4BC4AF52DB26,text,「…\w…\w…\w…\w」
3137,game_t03147,０３０：１９９８年_30：安芸のあせり　真田の確信　３月１７日.egpack,０３０：１９９８年_30：安芸のあせり　真田の確信　３月１７日,志摩子,35F15C36E509862F28D4830B2254D1C19145A17DAB36B8F21CCCD8D4EC159563,text,「…\w…\w！」\p
3138,game_t03148,０３０：１９９８年_30：安芸のあせり　真田の確信　３月１７日.egpack,０３０：１９９８年_30：安芸のあせり　真田の確信　３月１７日,真田教官,FC1BB2D07B8CA4CB833A8FC775711F88FDC75DF9188537E5BF556C9021D9D39C,text,「…\w…\w…\w…\w」\p
3139,game_t03149,０３０：１９９８年_30：安芸のあせり　真田の確信　３月１７日.egpack,０３０：１９９８年_30：安芸のあせり　真田の確信　３月１７日,真田教官,08BE3A47478B69EE612A37CF1393426F79A2A352D286F73EFC0091FDBCE1B64A,text,「……六到七分钟。」\p
3140,game_t03150,０３０：１９９８年_30：安芸のあせり　真田の確信　３月１７日.egpack,０３０：１９９８年_30：安芸のあせり　真田の確信　３月１７日,唯依,13BF2788ADE5543F934BFFCFDB850130096CE84556777420D9D88BA561B1B1F5,text,「…\w…\w！？」
3141,game_t03151,０３０：１９９８年_30：安芸のあせり　真田の確信　３月１７日.egpack,０３０：１９９８年_30：安芸のあせり　真田の確信　３月１７日,安芸,5B51FABA9A62778D78532AD1FFC8D283EB16C23130A7440F48A0A4B6EB5B6B55,text,「――！」
3142,game_t03152,０３０：１９９８年_30：安芸のあせり　真田の確信　３月１７日.egpack,０３０：１９９８年_30：安芸のあせり　真田の確信　３月１７日,和泉,F512EB7206174A3E1F0603EA0ADFBB26338E9D22A3188BD3C5E28723124E3DFF,text,「…\w…\w！」
3143,game_t03153,０３０：１９９８年_30：安芸のあせり　真田の確信　３月１７日.egpack,０３０：１９９８年_30：安芸のあせり　真田の確信　３月１７日,志摩子,90188C10DB047C519EF6B0AB7975FD9C1D7C9399E8A171C0625AC875B72A427C,text,「…\w…\w？！」\p
3144,game_t03154,０３０：１９９８年_30：安芸のあせり　真田の確信　３月１７日.egpack,０３０：１９９８年_30：安芸のあせり　真田の確信　３月１７日,旁白,0E31EB0CD9065F1B71BBB9BE8A0B27D1E45C130338034DC800FFCE98C8388B22,text,……什么意思？“死亡8分钟”……？\p
3145,game_t03155,０３０：１９９８年_30：安芸のあせり　真田の確信　３月１７日.egpack,０３０：１９９８年_30：安芸のあせり　真田の確信　３月１７日,真田教官,02FF02006CA837A025B5605F031729ED9930119F7966605746D1BEC82501C3B9,text,「石见候补生……你究竟在急什么？」\p
3146,game_t03156,０３０：１９９８年_30：安芸のあせり　真田の確信　３月１７日.egpack,０３０：１９９８年_30：安芸のあせり　真田の確信　３月１７日,安芸,59778723B4C02BF45447F096BB7C6925E85BD04613D121BCB855A96C5250E003,text,「我——并没有焦躁，教官！！」\p
3147,game_t03157,０３０：１９９８年_30：安芸のあせり　真田の確信　３月１７日.egpack,０３０：１９９８年_30：安芸のあせり　真田の確信　３月１７日,真田教官,B4603E6BC99263ED5E033FB1C7CC1D7A03B580ABF6BF75BE8881D41DD3FA5FF9,text,「最近每次演习，你都会一再提出强硬意见。那些意见几乎都出现在六到七分钟之间，难道只是巧合吗？」\p
3148,game_t03158,０３０：１９９８年_30：安芸のあせり　真田の確信　３月１７日.egpack,０３０：１９９８年_30：安芸のあせり　真田の確信　３月１７日,安芸,0ED61E9D52A103E5546EBDC43FB311CB4770091C76B7E8043226C8CEBFF287EB,text,「……！」\p
3149,game_t03159,０３０：１９９８年_30：安芸のあせり　真田の確信　３月１７日.egpack,０３０：１９９８年_30：安芸のあせり　真田の確信　３月１７日,真田教官,61D941A743288B0E9964D49C699AB6C4B9DED9DB5B7E15468BE32862D29B1122,text,「偏偏今天还不止提出意见，而是直接行动了。你该不会想说，这跟这次演习是实力评价考试毫无关系吧？」\p
3150,game_t03160,０３０：１９９８年_30：安芸のあせり　真田の確信　３月１７日.egpack,０３０：１９９８年_30：安芸のあせり　真田の確信　３月１７日,安芸,440A97DA63770586AF8E90AA350193C5DB032C4F546ED6D55A28B2724C85E94B,text,「…………！！」\p
3151,game_t03161,０３０：１９９８年_30：安芸のあせり　真田の確信　３月１７日.egpack,０３０：１９９８年_30：安芸のあせり　真田の確信　３月１７日,真田教官,97FAC6E26AE8C7E2DF574691B4239199DCCDF96258B9B8BBFB13C0201A2230B7,text,「答案你自己最清楚——听好了！不要混淆目的与手段！给我用自己的脑子认真想明白！！」\p
3152,game_t03162,０３０：１９９８年_30：安芸のあせり　真田の確信　３月１７日.egpack,０３０：１９９８年_30：安芸のあせり　真田の確信　３月１７日,真田教官,2D938A561669CF6C731F01914A8B0BC66BF33F744F9609B287297140435E5329,text,「——一个个都还沉浸在女学生心态里！」\p
3153,game_t03163,０３０：１９９８年_30：安芸のあせり　真田の確信　３月１７日.egpack,０３０：１９９８年_30：安芸のあせり　真田の確信　３月１７日,真田教官,94BEB05E40D6096074D796BA0F6CB8935E46E8224000A167F84F6FDCD8F72791,text,「——大家和睦相处、互相帮助，就是美好的朋友游戏吗！？」\p
3154,game_t03164,０３０：１９９８年_30：安芸のあせり　真田の確信　３月１７日.egpack,０３０：１９９８年_30：安芸のあせり　真田の確信　３月１７日,真田教官,577BF7B1170E745176D896ED38B7A5FD1A43F0044BD87FB80DDE555EEA5DB69C,text,「——袒护部下，是在玩领主扮演游戏吗！？」\p
3155,game_t03165,０３０：１９９８年_30：安芸のあせり　真田の確信　３月１７日.egpack,０３０：１９９８年_30：安芸のあせり　真田の確信　３月１７日,真田教官,FE2048DDE0E85AF80A40BD4CCEA45F65CC1912F5A4E2E942AD4834FB9685D9C9,text,「——适可而止吧，一群吃白饭的废物！！」\p
3156,game_t03166,０３０：１９９８年_30：安芸のあせり　真田の確信　３月１７日.egpack,０３０：１９９８年_30：安芸のあせり　真田の確信　３月１７日,真田教官,1FCBE512AFC7C72648ED6446851FD839178513D358C19790CDF7B65C4ED66B60,text,「……只有一点给我记住。我不知道斯卫军打着什么算盘——但我绝不会纵容你们！要是以为这只是修养课或兴趣学习，那就大错特错了！！」\p
3157,game_t03167,０３０：１９９８年_30：安芸のあせり　真田の確信　３月１７日.egpack,０３０：１９９８年_30：安芸のあせり　真田の確信　３月１７日,真田教官,7B1675B8331BE3A01B34F661D09C59D463EA41A5C60E331439E85CBEAAE76963,text,「——俯卧撑五十次，操场三十圈！」\p
3158,game_t03168,０３０：１９９８年_30：安芸のあせり　真田の確信　３月１７日.egpack,０３０：１９９８年_30：安芸のあせり　真田の確信　３月１７日,唯依,918AB9512E767773F400B5657CD29D2B58F18AF86232B04D4320065B74BC65FA,text,「——是，教官！！」
3159,game_t03169,０３０：１９９８年_30：安芸のあせり　真田の確信　３月１７日.egpack,０３０：１９９８年_30：安芸のあせり　真田の確信　３月１７日,安芸,918AB9512E767773F400B5657CD29D2B58F18AF86232B04D4320065B74BC65FA,text,「——是，教官！！」
3160,game_t03170,０３０：１９９８年_30：安芸のあせり　真田の確信　３月１７日.egpack,０３０：１９９８年_30：安芸のあせり　真田の確信　３月１７日,和泉,918AB9512E767773F400B5657CD29D2B58F18AF86232B04D4320065B74BC65FA,text,「——是，教官！！」
3161,game_t03171,０３０：１９９８年_30：安芸のあせり　真田の確信　３月１７日.egpack,０３０：１９９８年_30：安芸のあせり　真田の確信　３月１７日,志摩子,E342D7FC2E9E276612465D0E1A8442DA51EAE59D1A7FDB0B7A36E86E64E9E3AB,text,「——是，教官！！」\p
3162,game_t03172,０３０：１９９８年_30：安芸のあせり　真田の確信　３月１７日.egpack,０３０：１９９８年_30：安芸のあせり　真田の確信　３月１７日,旁白,A85254CE391AE50D797FC40BA9F82EACC825B1625D3F16108072B7B1C7B29DA2,text,……终于结束了。\p
3163,game_t03173,０３０：１９９８年_30：安芸のあせり　真田の確信　３月１７日.egpack,０３０：１９９８年_30：安芸のあせり　真田の確信　３月１７日,志摩子,231EBE3BD83526E4AC02D65E98C9EC496A7482BAA759C872026B3E7F90DD08DA,text,「唉～～‘战术魔鬼’今天的心情比平时还差呢～」\p
3164,game_t03174,０３０：１９９８年_30：安芸のあせり　真田の確信　３月１７日.egpack,０３０：１９９８年_30：安芸のあせり　真田の確信　３月１７日,和泉,A4060CAE6368EE44696361FD222D48A463751E47F22588D3DBAC6F4D0C599FEB,text,「不过，那家伙每句话的说法都很让人生气……」\p
3165,game_t03175,０３０：１９９８年_30：安芸のあせり　真田の確信　３月１７日.egpack,０３０：１９９８年_30：安芸のあせり　真田の確信　３月１７日,安芸,5BD6C1ECD92D36150F544E69A8DD02809798170C36E04BE3A922653DCBCA6B6A,text,「……嗯。」\p
3166,game_t03176,０３０：１９９８年_30：安芸のあせり　真田の確信　３月１７日.egpack,０３０：１９９８年_30：安芸のあせり　真田の確信　３月１７日,安芸,2A8552F161B7BEA34B403E8BDC89D4551F7A82873C0DF69A29EE8D48D7512F93,text,「——那个，唯依……对不起，都是因为我才变成这样。」\p
3167,game_t03177,０３０：１９９８年_30：安芸のあせり　真田の確信　３月１７日.egpack,０３０：１９９８年_30：安芸のあせり　真田の確信　３月１７日,唯依,D1421255C9B02553B617F7FE4EB3A8A1B7E7FCC5F889E969587FF378AE310245,text,「不是，该道歉的是我。如果我能做出更准确、也能让安艺信服的判断……」\p
3168,game_t03178,０３０：１９９８年_30：安芸のあせり　真田の確信　３月１７日.egpack,０３０：１９９８年_30：安芸のあせり　真田の確信　３月１７日,安芸,9AAA92B60516A0EA3FD577E32412AA64A21EBEA8D9FE5E790EB3265D46F4B192,text,「咦……不，那不是……」\p
3169,game_t03179,０３０：１９９８年_30：安芸のあせり　真田の確信　３月１７日.egpack,０３０：１９９８年_30：安芸のあせり　真田の確信　３月１７日,旁白,08974A0058C9BC75E79D7ACDC1AE2D1F34F14D9CB29D61EDE4711043512B7091,text,教官说得没错……我现在这番话，正是漂亮话……\p
3170,game_t03180,０３０：１９９８年_30：安芸のあせり　真田の確信　３月１７日.egpack,０３０：１９９８年_30：安芸のあせり　真田の確信　３月１７日,旁白,4E5E2279AFC854DD7C7CDBB5F4E9FACD8DEC2EE47233656E9DAD7F747218060B,text,可是我不想把现在的安艺逼得更紧……所以只能继续说这些漂亮话。\p
3171,game_t03181,０３０：１９９８年_30：安芸のあせり　真田の確信　３月１７日.egpack,０３０：１９９８年_30：安芸のあせり　真田の確信　３月１７日,唯依,266BEB8CE47F9625673DB3A3D2C553FD3027EEBBC9F398550B3645CB42E803AC,text,「处罚结束后，大家一起复盘今天的事吧。重要的不是已经过去的事，而是接下来该怎么做。为了不再重犯同样的错误。」\p
3172,game_t03182,０３０：１９９８年_30：安芸のあせり　真田の確信　３月１７日.egpack,０３０：１９９８年_30：安芸のあせり　真田の確信　３月１７日,旁白,A29A23987AB35C17D01742C9B78DCA197F5BC3FA3C0C012D81A9E9B359A6FAB0,text,可是……这番漂亮话其实是借口。是对无法像父亲、母亲与恭子大人那样随心而行的我自己——所找的借口。\p
3173,game_t03183,０３０：１９９８年_30：安芸のあせり　真田の確信　３月１７日.egpack,０３０：１９９８年_30：安芸のあせり　真田の確信　３月１７日,安芸,E758FCE25E3CEBB691BBAD0BF18C7543F3B1C58E7FA42997954345746159F077,text,「嗯，是啊……」\p
3174,game_t03184,０３０：１９９８年_30：安芸のあせり　真田の確信　３月１７日.egpack,０３０：１９９８年_30：安芸のあせり　真田の確信　３月１７日,旁白,37F1555C146579D8DA8F395F9A1BA538ED237C92A88FE320668E4D147C80025A,text,正因为我一直叠加这些漂亮话，我和安艺之间大概仍未真正互相理解……\p
3175,game_t03185,０３０：１９９８年_30：安芸のあせり　真田の確信　３月１７日.egpack,０３０：１９９８年_30：安芸のあせり　真田の確信　３月１７日,旁白,93BE8EBA0EDC72442FE9C6A6B45B6147C9F04411D264341A10A9AE6D112A32E3,text,安艺也和我一样，背负着某些东西、怀有自己的难处；可我并没有理解她。\p
3176,game_t03186,０３０：１９９８年_30：安芸のあせり　真田の確信　３月１７日.egpack,０３０：１９９８年_30：安芸のあせり　真田の確信　３月１７日,旁白,0A139FA7998905107821FE348846D46D45D244348F830E4C898460C3D11C0DD5,text,可既然她本人不肯说出口，我觉得越界介入也没有意义。\p
3177,game_t03187,０３０：１９９８年_30：安芸のあせり　真田の確信　３月１７日.egpack,０３０：１９９８年_30：安芸のあせり　真田の確信　３月１７日,旁白,73A3F91BA8ACB97982B94C97D0656D7AACF90813332EED5D37C76D962421B969,text,因为安艺不希望别人那么做……不，我自己也同样不希望。\p
3178,game_t03188,０３０：１９９８年_30：安芸のあせり　真田の確信　３月１７日.egpack,０３０：１９９８年_30：安芸のあせり　真田の確信　３月１７日,唯依,94331878D8DD54E54C897A0740BD17540DDFC164959DF8C4346A9493BA17D506,text,「走吧，规定的量总得做完。」\p
3179,game_t03189,０３０：１９９８年_30：安芸のあせり　真田の確信　３月１７日.egpack,０３０：１９９８年_30：安芸のあせり　真田の確信　３月１７日,旁白,44397958AC55568B9B8AE7890761E2193E4199FB0A481EBA8C535AF03A790E28,text,所以现在，我只能做到这些……必须认真分清哪些事能做，哪些事决定不做……\p
3180,game_t03190,０３０：１９９８年_31：真田の葛藤　斯衛のあせり　３月１７日ｂ.egpack,０３０：１９９８年_31：真田の葛藤　斯衛のあせり　３月１７日ｂ,真田教官,412316C92BFFC455070C8BFAB6BEE594D76C3CA2F7B6B2E96CE64F9E8FDA30BF,text,「啧——」\p
3181,game_t03191,０３０：１９９８年_31：真田の葛藤　斯衛のあせり　３月１７日ｂ.egpack,０３０：１９９８年_31：真田の葛藤　斯衛のあせり　３月１７日ｂ,藤堂助教,F1895058C87DC98DFCE38C6B6BD64651AE9933775772E7E11A00E6138187BFD0,text,「——怎么了，真田？」\p
3182,game_t03192,０３０：１９９８年_31：真田の葛藤　斯衛のあせり　３月１７日ｂ.egpack,０３０：１９９８年_31：真田の葛藤　斯衛のあせり　３月１７日ｂ,藤堂助教,892D55B1644B71848AF3DF73194945F39FBAE97A0B5E834A64CF436EF61FFFA0,text,「刚才真是好大的火气，这里都听得一清二楚。……是石见的事吗？」\p
3183,game_t03193,０３０：１９９８年_31：真田の葛藤　斯衛のあせり　３月１７日ｂ.egpack,０３０：１９９８年_31：真田の葛藤　斯衛のあせり　３月１７日ｂ,真田教官,D6F067DF45561CE6F0EC619EFB9B1FC1DF9FFEE7D952B72EE2A42C4DE923C8CF,text,「啊，不。确实与她有关……只是她表现得比平时更加固执。我很惭愧。」\p
3184,game_t03194,０３０：１９９８年_31：真田の葛藤　斯衛のあせり　３月１７日ｂ.egpack,０３０：１９９８年_31：真田の葛藤　斯衛のあせり　３月１７日ｂ,藤堂助教,45698AE83E9FB5192190168B9457DD200DCB494BBA271F1A52BCF9151BA50A34,text,「这么说……石见果然知道那件事？」\p
3185,game_t03195,０３０：１９９８年_31：真田の葛藤　斯衛のあせり　３月１７日ｂ.egpack,０３０：１９９８年_31：真田の葛藤　斯衛のあせり　３月１７日ｂ,真田教官,B641D3C7C196FC2B2C65B3777E4B4B66D5F4A18EAF994E392E57F9BF3740ED59,text,「……恐怕知道。应该是家里人告诉她的。说来丢脸，我一时火大，忍不住对她吼了起来。」\p
3186,game_t03196,０３０：１９９８年_31：真田の葛藤　斯衛のあせり　３月１７日ｂ.egpack,０３０：１９９８年_31：真田の葛藤　斯衛のあせり　３月１７日ｂ,藤堂助教,E71E70C18AED269360D80A47EA98363804CF101ACF5CD1B023C874B4230CEE88,text,「……从大陆回来的人都一样。最近尽是让人烦躁的事——尤其是那件事，实在太过分了。」\p
3187,game_t03197,０３０：１９９８年_31：真田の葛藤　斯衛のあせり　３月１７日ｂ.egpack,０３０：１９９８年_31：真田の葛藤　斯衛のあせり　３月１７日ｂ,真田教官,FC1BB2D07B8CA4CB833A8FC775711F88FDC75DF9188537E5BF556C9021D9D39C,text,「…\w…\w…\w…\w」\p
3188,game_t03198,０３０：１９９８年_31：真田の葛藤　斯衛のあせり　３月１７日ｂ.egpack,０３０：１９９８年_31：真田の葛藤　斯衛のあせり　３月１７日ｂ,藤堂助教,18EE1055CC09DED82DD191716E11A3ACD1D0ED45924014E9A9FC9A63CC358992,text,「这半年里，课程一再被压缩。卫士候补生的技能熟练度，只有资格审查标准的百分之六十左右啊？」\p
3189,game_t03199,０３０：１９９８年_31：真田の葛藤　斯衛のあせり　３月１７日ｂ.egpack,０３０：１９９８年_31：真田の葛藤　斯衛のあせり　３月１７日ｂ,藤堂助教,80C3A533CDE976E075BB4AA398875D1EB24629412FE30A516AAF91355E82E5F9,text,「——即便如此，城内省那群蠢货竟然还下令提前任官时间……」\p
3190,game_t03200,０３０：１９９８年_31：真田の葛藤　斯衛のあせり　３月１７日ｂ.egpack,０３０：１９９８年_31：真田の葛藤　斯衛のあせり　３月１７日ｂ,藤堂助教,C28EF6E99A8439E9FC39B6516D255E823EAAA74C86DB1F10BC5A8BDB1F20B674,text,「我们在大陆究竟失去过多少速成训练出来的部下……明明结果早已证明，速成绝不会带来益处……！」\p
3191,game_t03201,０３０：１９９８年_31：真田の葛藤　斯衛のあせり　３月１７日ｂ.egpack,０３０：１９９８年_31：真田の葛藤　斯衛のあせり　３月１７日ｂ,真田教官,8CAC7D398A705CDB23C0485A3A8160640111403F6ABF806205757F21553FA039,text,「……藤堂。」\p
3192,game_t03202,０３０：１９９８年_31：真田の葛藤　斯衛のあせり　３月１７日ｂ.egpack,０３０：１９９８年_31：真田の葛藤　斯衛のあせり　３月１７日ｂ,藤堂助教,C5DB28CA1DE8167F3E689A10B236DE3DE7B5B2C2C3FAE83F255231B462988EA0,text,「斯卫军司令部一旦决定课程安排，现场就无法推翻。无论我们怎么抗议……」\p
3193,game_t03203,０３０：１９９８年_31：真田の葛藤　斯衛のあせり　３月１７日ｂ.egpack,０３０：１９９８年_31：真田の葛藤　斯衛のあせり　３月１７日ｂ,藤堂助教,8F7211AFFF8F54F896C060E9BC11FEB70FF2485764FDE256FBCA7DA8F1870FC8,text,「那些孩子本来就已经是速成培养。只接受这种半吊子训练便让她们与BETA作战，斯卫上层简直疯了……」\p
3194,game_t03204,０３０：１９９８年_31：真田の葛藤　斯衛のあせり　３月１７日ｂ.egpack,０３０：１９９８年_31：真田の葛藤　斯衛のあせり　３月１７日ｂ,藤堂助教,96B172FE0683F4516A2BB88C1D423B32BCF3F40A0377BB4DBB83E4FB8DC5C5E2,text,「从年底起，他们就在大陆强行进行82式最新批次的实战测试吧。如此仓促，会不会正是预见到这次任官时间提前……」\p
3195,game_t03205,０３０：１９９８年_31：真田の葛藤　斯衛のあせり　３月１７日ｂ.egpack,０３０：１９９８年_31：真田の葛藤　斯衛のあせり　３月１７日ｂ,真田教官,7646FD2BE16E590CBDA580F38850AEBF902726F0467B990A32E5A8F1A6CD53AA,text,「确实，如果现在掌握实战数据，既能用于提高速成课程的效率，也能用于升级国内配备的机体。完全有可能。」\p
3196,game_t03206,０３０：１９９８年_31：真田の葛藤　斯衛のあせり　３月１７日ｂ.egpack,０３０：１９９８年_31：真田の葛藤　斯衛のあせり　３月１７日ｂ,藤堂助教,028CD5A2689BCD15653DE3EAEC2C72B78F2B87A9948F7EAD7F59BE43A5AC8517,text,「斯卫军在八十年代就停止了以熟悉实战为目的的大陆派遣。他们是打算趁现在一口气补回这笔欠账。」\p
3197,game_t03207,０３０：１９９８年_31：真田の葛藤　斯衛のあせり　３月１７日ｂ.egpack,０３０：１９９８年_31：真田の葛藤　斯衛のあせり　３月１７日ｂ,藤堂助教,8E08B1B9308741D44A60F5D696DA907D67CF27B5EE84446B00A92C33D2DFC56B,text,「即使那是一场实验，目的是确认从未经历实战的斯卫卫士面对BETA究竟能战斗到什么程度，我也不会意外。……斯卫完全做得出这种事。」\p
3198,game_t03208,０３０：１９９８年_31：真田の葛藤　斯衛のあせり　３月１７日ｂ.egpack,０３０：１９９８年_31：真田の葛藤　斯衛のあせり　３月１７日ｂ,真田教官,817DAD3649D0FF419A2434E4E8C944F8FE9C7F0F3FEED085D532783047D73437,text,「藤堂，斯卫军想要的不只如此。他们还想用毫无实战经验的卫士——」\p
3199,game_t03209,０３０：１９９８年_31：真田の葛藤　斯衛のあせり　３月１７日ｂ.egpack,０３０：１９９８年_31：真田の葛藤　斯衛のあせり　３月１７日ｂ,藤堂助教,42CD178886510F5B77B027823DFD72ABAD97ED1250BEE607CBD26F1CA32AF310,text,「——我知道。82式最新批次的测试中，肯定也包括那项验证实验……」\p
3200,game_t03210,０３０：１９９８年_31：真田の葛藤　斯衛のあせり　３月１７日ｂ.egpack,０３０：１９９８年_31：真田の葛藤　斯衛のあせり　３月１７日ｂ,藤堂助教,20E9146EEB1452F5C3EFD4C7D1FC9D83C645E5B1B2A3E743D481F77A0AAD4A97,text,「万一将采集数据应用于战前处置，再把这种处置施加给石见她们，将她们扔上战场……那将是多么悲惨的——」\p
3201,game_t03211,０３０：１９９８年_31：真田の葛藤　斯衛のあせり　３月１７日ｂ.egpack,０３０：１９９８年_31：真田の葛藤　斯衛のあせり　３月１７日ｂ,藤堂助教,FC1BB2D07B8CA4CB833A8FC775711F88FDC75DF9188537E5BF556C9021D9D39C,text,「…\w…\w…\w…\w」\p
3202,game_t03212,０３０：１９９８年_31：真田の葛藤　斯衛のあせり　３月１７日ｂ.egpack,０３０：１９９８年_31：真田の葛藤　斯衛のあせり　３月１７日ｂ,真田教官,BCA2945617E9BFE0912DB9913CD0D48525A7922E6B1213771964A59106507B60,text,「……抱歉。我似乎有些过于激动了。」\p
3203,game_t03213,０３０：１９９８年_31：真田の葛藤　斯衛のあせり　３月１７日ｂ.egpack,０３０：１９９８年_31：真田の葛藤　斯衛のあせり　３月１７日ｂ,藤堂助教,AF153CED2A56E9613B9DC87BC51E7A560A7F003964D5B8CB6CA3DE18435BFBB8,text,「没关系，我能理解。真田，你有与她们年龄相仿的兄弟姐妹吧。」\p
3204,game_t03214,０３０：１９９８年_31：真田の葛藤　斯衛のあせり　３月１７日ｂ.egpack,０３０：１９９８年_31：真田の葛藤　斯衛のあせり　３月１７日ｂ,真田教官,27FDA8E52029590E9281C80F9EF5781E750005CED64758D04EA685CAA77A8A8C,text,「……是。」\p
3205,game_t03215,０３０：１９９８年_31：真田の葛藤　斯衛のあせり　３月１７日ｂ.egpack,０３０：１９９８年_31：真田の葛藤　斯衛のあせり　３月１７日ｂ,藤堂助教,D29AD42E0CBC022E980BC434A309D98684DB37416583DFFF917E3F0DA54237EB,text,「——说到让人烦躁，真田。」\p
3206,game_t03216,０３０：１９９８年_31：真田の葛藤　斯衛のあせり　３月１７日ｂ.egpack,０３０：１９９８年_31：真田の葛藤　斯衛のあせり　３月１７日ｂ,藤堂助教,9448B78327793AC4ED4823FAD32278438971B32EA20835442150C82C502F2783,text,「关于光州那件事，传闻彩峰中将会被追究责任……你知道些什么吗？」\p
3207,game_t03217,０３０：１９９８年_31：真田の葛藤　斯衛のあせり　３月１７日ｂ.egpack,０３０：１９９８年_31：真田の葛藤　斯衛のあせり　３月１７日ｂ,真田教官,471432A0ECCBE30344A89F661FCF9C8183C9A887B27F633894654A227EC8B83C,text,「我不认为现实中会有如此荒唐的事……至少彩峰中将绝不可能……」\p
3208,game_t03218,０３０：１９９８年_31：真田の葛藤　斯衛のあせり　３月１７日ｂ.egpack,０３０：１９９８年_31：真田の葛藤　斯衛のあせり　３月１７日ｂ,藤堂助教,62030580BEB03A6EDA9813CD0A62D174348EEBD23AE6795CC5CA59EE46AA373E,text,「现在的政府不是一味依附联合国吗？为了讨好那些人，他们似乎什么都做得出来……」\p
3209,game_t03219,０３０：１９９８年_31：真田の葛藤　斯衛のあせり　３月１７日ｂ.egpack,０３０：１９９８年_31：真田の葛藤　斯衛のあせり　３月１７日ｂ,真田教官,02A9971A523835CCC64566BD67A99CC43B109F750ED2C532B9FFB248DBA77022,text,「……藤堂，坦白说，我也很担心那件事。最近如此烦躁，那确实也是原因之一。」\p
3210,game_t03220,０３０：１９９８年_31：真田の葛藤　斯衛のあせり　３月１７日ｂ.egpack,０３０：１９９８年_31：真田の葛藤　斯衛のあせり　３月１７日ｂ,真田教官,FF62FB0B8F55EBB4EA72A86B4DE3543397836B4786CB3A5CE934593CDD67FF49,text,「但我们什么也做不了。——所以现在，还是全力做好自己力所能及的事吧。」\p
3211,game_t03221,０３０：１９９８年_31：真田の葛藤　斯衛のあせり　３月１７日ｂ.egpack,０３０：１９９８年_31：真田の葛藤　斯衛のあせり　３月１７日ｂ,藤堂助教,FCD331599A42B19F01AA29637F02D1FF1439BD3B574812B6CD56FEDAFF6A2B81,text,「我明白，真田。虽然有许多不满……可斯卫的行动终究与我们这些大陆归来者的想法有所重合。如今我们受雇于他们，只能继续观察局势。」\p
3212,game_t03222,０３０：１９９８年_31：真田の葛藤　斯衛のあせり　３月１７日ｂ.egpack,０３０：１９９８年_31：真田の葛藤　斯衛のあせり　３月１７日ｂ,真田教官,FC1BB2D07B8CA4CB833A8FC775711F88FDC75DF9188537E5BF556C9021D9D39C,text,「…\w…\w…\w…\w」\p
3213,game_t03223,０３０：１９９８年_32：ＢＥＴＡ，北九州上陸　１９９８年７月７日.egpack,０３０：１９９８年_32：ＢＥＴＡ，北九州上陸　１９９８年７月７日,山口提督,E90F036EDAA75757F8009D43BBEC7BDADF773A13C5DCC386D831B0EDE3A3E151,text,「——神风吗？真是讽刺。」\p
3214,game_t03224,０３０：１９９８年_32：ＢＥＴＡ，北九州上陸　１９９８年７月７日.egpack,０３０：１９９８年_32：ＢＥＴＡ，北九州上陸　１９９８年７月７日,副官,1901248721F96B1D741CC8D228D0F5B2E8D33EFF15DD486D889CB82DFF916B32,text,「是。正在北上的4号台风，据报是有观测记录以来规模最大的台风之一。」\p
3215,game_t03225,０３０：１９９８年_32：ＢＥＴＡ，北九州上陸　１９９８年７月７日.egpack,０３０：１９９８年_32：ＢＥＴＡ，北九州上陸　１９９８年７月７日,山口提督,BD9696056363DE18BD4D7C05422B723B604726515B9C8844740FE5BA20E8E9BA,text,「偏偏选在这样的日子……」\p
3216,game_t03226,０３０：１９９８年_32：ＢＥＴＡ，北九州上陸　１９９８年７月７日.egpack,０３０：１９９８年_32：ＢＥＴＡ，北九州上陸　１９９８年７月７日,山口提督,67DBC00A7F1A66891F3CD0F66FE65C611B8749344B8316E5D6B1AA953AED73C8,text,「过去七月几乎不会发生这种台风。」\p
3217,game_t03227,０３０：１９９８年_32：ＢＥＴＡ，北九州上陸　１９９８年７月７日.egpack,０３０：１９９８年_32：ＢＥＴＡ，北九州上陸　１９９８年７月７日,副官,55FAD827B63AEB411F18F6D49D0EF0E13F075A034B79421188E9834503747B11,text,「是。有一种说法认为，欧亚大陆的地形改造对气候变化产生了巨大影响。」\p
3218,game_t03228,０３０：１９９８年_32：ＢＥＴＡ，北九州上陸　１９９８年７月７日.egpack,０３０：１９９８年_32：ＢＥＴＡ，北九州上陸　１９９８年７月７日,山口提督,6C84374C4D51E76D7B02B511AAA55118EC18BEC85FBF371C2F5DDD2804F9EE00,text,「……看来这一次，上天决定不再站在我们这边。」\p
3219,game_t03229,０３０：１９９８年_32：ＢＥＴＡ，北九州上陸　１９９８年７月７日.egpack,０３０：１９９８年_32：ＢＥＴＡ，北九州上陸　１９９８年７月７日,副官,FC1BB2D07B8CA4CB833A8FC775711F88FDC75DF9188537E5BF556C9021D9D39C,text,「…\w…\w…\w…\w」\p
3220,game_t03230,０３０：１９９８年_32：ＢＥＴＡ，北九州上陸　１９９８年７月７日.egpack,０３０：１９９８年_32：ＢＥＴＡ，北九州上陸　１９９８年７月７日,山口提督,2563150E682244D4F47DDA862959822AACBB6FCABC13C624F69C95A1334EEFFC,text,「由BETA带来的神风，自然不可能帮助人类。」\p
3221,game_t03231,０３０：１９９８年_32：ＢＥＴＡ，北九州上陸　１９９８年７月７日.egpack,０３０：１９９８年_32：ＢＥＴＡ，北九州上陸　１９９８年７月７日,副官,4484D9034778EEAAE5D6FB686DDA16F89F27949C61677456D174E7334AE5155F,text,「是……」\p
3222,game_t03232,０３０：１９９８年_32：ＢＥＴＡ，北九州上陸　１９９８年７月７日.egpack,０３０：１９９８年_32：ＢＥＴＡ，北九州上陸　１９９８年７月７日,山口提督,A22604417346C0684C0FFA684B97F75E8560046A8FA36515059882ACFEC5B3C2,text,「——目前情况如何？」\p
3223,game_t03233,０３０：１９９８年_32：ＢＥＴＡ，北九州上陸　１９９８年７月７日.egpack,０３０：１９９８年_32：ＢＥＴＡ，北九州上陸　１９９８年７月７日,副官,5F5CA823080D6C45810E040C504436F94A15BD28A6CF21FB6254B7425FEBD780,text,「请看这里——」\p
3224,game_t03234,０３０：１９９８年_32：ＢＥＴＡ，北九州上陸　１９９８年７月７日.egpack,０３０：１９９８年_32：ＢＥＴＡ，北九州上陸　１９９８年７月７日,副官,AE5EDB476B053815F6C99B9845CD392E6989C3D855121BC2623135ABDC649CFD,text,「受四号台风影响，联合舰队主力几乎全被困在冲绳近海。」\p
3225,game_t03235,０３０：１９９８年_32：ＢＥＴＡ，北九州上陸　１９９８年７月７日.egpack,０３０：１９９８年_32：ＢＥＴＡ，北九州上陸　１９９８年７月７日,副官,07CDA563FCF2B1D76E250BDE6CF65923B03034DCBBDA011F362A3F6D36E94F10,text,「正在日本海部署的第三、第八打击战队，也在赶往本海域。」\p
3226,game_t03236,０３０：１９９８年_32：ＢＥＴＡ，北九州上陸　１９９８年７月７日.egpack,０３０：１９９８年_32：ＢＥＴＡ，北九州上陸　１９９８年７月７日,山口提督,CE57D12BCFED92F9889672A8E064629C7CA28B4FC27A8D59A5E4DA4D7A2E2108,text,「如此恶劣的海况，恐怕很难指望援军赶到。」\p
3227,game_t03237,０３０：１９９８年_32：ＢＥＴＡ，北九州上陸　１９９８年７月７日.egpack,０３０：１９９８年_32：ＢＥＴＡ，北九州上陸　１９９８年７月７日,山口提督,F3D7650FED67A113C99163F8D26E83C4CC1FEDD7EE59C27E0CDB83154017DA1D,text,「应对最坏情况的准备如何？陆军和本土防卫军目前是什么状态？」\p
3228,game_t03238,０３０：１９９８年_32：ＢＥＴＡ，北九州上陸　１９９８年７月７日.egpack,０３０：１９９８年_32：ＢＥＴＡ，北九州上陸　１９９８年７月７日,副官,2A931C5E6FB1F37F901AAAFDC31EA0280225830AA602E06E30D3EC196599AD30,text,「国防省发布防卫基准态势2以后，九州与中国地区的纵深防御态势已经准备完毕——」\p
3229,game_t03239,０３０：１９９８年_32：ＢＥＴＡ，北九州上陸　１９９８年７月７日.egpack,０３０：１９９８年_32：ＢＥＴＡ，北九州上陸　１９９８年７月７日,副官,44D9385BE650F8229B96108307A1E05A615F3CCBA2E06E78024DE7492B831FCF,text,「但是，创纪录暴雨引发的洪灾及滑坡、泥石流等灾害在各地频发，通信与后勤线似乎已经开始受阻。」\p
3230,game_t03240,０３０：１９９８年_32：ＢＥＴＡ，北九州上陸　１９９８年７月７日.egpack,０３０：１９９８年_32：ＢＥＴＡ，北九州上陸　１９９８年７月７日,副官,277072C4252D282BFFC93DB8AA2A42EB98714BD169110BB4FE367FE472785DB6,text,「工程兵部队已经为此展开，并在民间承包商的全面协助下，昼夜不停地继续抢修——」\p
3231,game_t03241,０３０：１９９８年_32：ＢＥＴＡ，北九州上陸　１９９８年７月７日.egpack,０３０：１９９８年_32：ＢＥＴＡ，北九州上陸　１９９８年７月７日,山口提督,403843E7A62E562BF93C0F49DF05726F8E38AB25CC9157BCEF103371FD9993E0,text,「陆军和我们处境相同。在这种恶劣天气下无法顺利补给，舰队炮弹很快就会见底。」\p
3232,game_t03242,０３０：１９９８年_32：ＢＥＴＡ，北九州上陸　１９９８年７月７日.egpack,０３０：１９９８年_32：ＢＥＴＡ，北九州上陸　１９９８年７月７日,山口提督,481FBFE6E00C55DDA8485F79C84974C6253E8C4AE92F3F880D95BADFAB79BCD3,text,「虽然为了维持持续作战能力，我们已经拉长炮击间隔……但面对敌军的进攻压力，面压制火力的饱和程度明显不足。」\p
3233,game_t03243,０３０：１９９８年_32：ＢＥＴＡ，北九州上陸　１９９８年７月７日.egpack,０３０：１９９８年_32：ＢＥＴＡ，北九州上陸　１９９８年７月７日,副官,2EEB159566FE1F29F666E3AD2AFCEC1CD5BDE146A27B42FA20ECE4CE8FA9DE47,text,「是，目前——什么？！」\p
3234,game_t03244,０３０：１９９８年_32：ＢＥＴＡ，北九州上陸　１９９８年７月７日.egpack,０３０：１９９８年_32：ＢＥＴＡ，北九州上陸　１９９８年７月７日,観測官,7554628BCE3E543DDDC85804A7ACABCD80E39A6762C29A3F750F445EBB64E484,text,「——军团规模BETA群进入对马海峡！后续规模不明——超出探测极限！！」\p
3235,game_t03245,０３０：１９９８年_32：ＢＥＴＡ，北九州上陸　１９９８年７月７日.egpack,０３０：１９９８年_32：ＢＥＴＡ，北九州上陸　１９９８年７月７日,副官,DB2774B89F3E0A241E559EA8E62EB4C190542FEA4A63B0369074A8754C6223B4,text,「——提督！！」\p
3236,game_t03246,０３０：１９９８年_32：ＢＥＴＡ，北九州上陸　１９９８年７月７日.egpack,０３０：１９９８年_32：ＢＥＴＡ，北九州上陸　１９９８年７月７日,山口提督,BAF712BD838B7CB3F7DD25F0C30DFCFFCC4E4AA39A626497D9A9700B27D0EA45,text,「——通告全舰！自此刻起，我舰队转入直接打击，执行BETA群渡海阻击行动！」\p
3237,game_t03247,０３０：１９９８年_32：ＢＥＴＡ，北九州上陸　１９９８年７月７日.egpack,０３０：１９９８年_32：ＢＥＴＡ，北九州上陸　１９９８年７月７日,副官,BAF712BD838B7CB3F7DD25F0C30DFCFFCC4E4AA39A626497D9A9700B27D0EA45,text,「——通告全舰！自此刻起，我舰队转入直接打击，执行BETA群渡海阻击行动！」\p
3238,game_t03248,０３０：１９９８年_32：ＢＥＴＡ，北九州上陸　１９９８年７月７日.egpack,０３０：１９９８年_32：ＢＥＴＡ，北九州上陸　１９９８年７月７日,山口提督,7F3C0B1263AE836B0577E38593B2197308B2885D2FC413746E537E8790394188,text,「日本……终于成为最前线了……怎么会这样……！」\p
3239,game_t03249,０３０：１９９８年_33：東京　首相官邸　戦況　２日後　７月９日.egpack,０３０：１９９８年_33：東京　首相官邸　戦況　２日後　７月９日,瀧元官房長官,FC1BB2D07B8CA4CB833A8FC775711F88FDC75DF9188537E5BF556C9021D9D39C,text,「…\w…\w…\w…\w」\p
3240,game_t03250,０３０：１９９８年_33：東京　首相官邸　戦況　２日後　７月９日.egpack,０３０：１９９８年_33：東京　首相官邸　戦況　２日後　７月９日,瀧元官房長官,45A18A3A25266B3E40607014E7251E0CF6E961B81FED945F653627A0116E3E8F,text,「『意料之外的情况』……？说得真轻松……！！」\p
3241,game_t03251,０３０：１９９８年_33：東京　首相官邸　戦況　２日後　７月９日.egpack,０３０：１９９８年_33：東京　首相官邸　戦況　２日後　７月９日,瀧元官房長官,A6452FD3B760EF3C32651D1B9239C03C0D9F1C46BB0A09E38CD1925A88A964C9,text,「几十年来耗费无数血税的防卫计划，竟被老天一手搅得粉碎！」\p
3242,game_t03252,０３０：１９９８年_33：東京　首相官邸　戦況　２日後　７月９日.egpack,０３０：１９９８年_33：東京　首相官邸　戦況　２日後　７月９日,瀧元官房長官,05C71C1640963183FED56CA25809987B22276ADF90CA0993D3F68C3DA7C53F54,text,「该死的官僚……就不会换种说法吗……！」\p
3243,game_t03253,０３０：１９９８年_33：東京　首相官邸　戦況　２日後　７月９日.egpack,０３０：１９９８年_33：東京　首相官邸　戦況　２日後　７月９日,秘書,DA13831724C3CED60402D0594BC9F395E42377196694F385EA56AE1C09B1267D,text,「长官，佐埜议员来了。预约——啊，等、等等！！」\p
3244,game_t03254,０３０：１９９８年_33：東京　首相官邸　戦況　２日後　７月９日.egpack,０３０：１９９８年_33：東京　首相官邸　戦況　２日後　７月９日,佐埜議員,C79EB9CE49986B0AAEB5A4ADBA345B7C4054AC11B74EE533F3D4B938F71EC6C2,text,「——我是佐埜，有话要谈。」\p
3245,game_t03255,０３０：１９９８年_33：東京　首相官邸　戦況　２日後　７月９日.egpack,０３０：１９９８年_33：東京　首相官邸　戦況　２日後　７月９日,瀧元官房長官,3C6EE9E5C456BC5008B0153E30FB607AB5E55644D09E011E9CF401B9E9161D2F,text,「……是你啊。也罢，进来吧。」\p
3246,game_t03256,０３０：１９９８年_33：東京　首相官邸　戦況　２日後　７月９日.egpack,０３０：１９９８年_33：東京　首相官邸　戦況　２日後　７月９日,佐埜議員,A278F12DC83E41244350607230BF33747C679314A17AF27669C35E49C67E0F58,text,「——打扰了，长官。」\p
3247,game_t03257,０３０：１９９８年_33：東京　首相官邸　戦況　２日後　７月９日.egpack,０３０：１９９８年_33：東京　首相官邸　戦況　２日後　７月９日,瀧元官房長官,94C7F37E2272D7F322EA8171E1DCA7D0C552BF64BE995688AC41338F9F9035FA,text,「有话快说……你知道我正忙着应付媒体。」\p
3248,game_t03258,０３０：１９９８年_33：東京　首相官邸　戦況　２日後　７月９日.egpack,０３０：１９９８年_33：東京　首相官邸　戦況　２日後　７月９日,佐埜議員,36733939D98848ADC387D74AE9AA743C7944BA8D3045EFF1CA2CBE13CEF0CD30,text,「正因如此我才来。你现在可是随时会把他们臭骂一顿。」\p
3249,game_t03259,０３０：１９９８年_33：東京　首相官邸　戦況　２日後　７月９日.egpack,０３０：１９９８年_33：東京　首相官邸　戦況　２日後　７月９日,瀧元官房長官,9F2BDFCA731C4B55BCAD4507F143BDBD2E30D5E20CC5B46147882FCF6E2E6667,text,「真能骂的话反倒轻松多了……」\p
3250,game_t03260,０３０：１９９８年_33：東京　首相官邸　戦況　２日後　７月９日.egpack,０３０：１９９８年_33：東京　首相官邸　戦況　２日後　７月９日,佐埜議員,8B93F27CF48DB7B7AAD73B460B65BB476380179D5D14C1314BD5601249214F5E,text,「听说你整整两天没睡了。后面的路还长，至少打个盹吧。」\p
3251,game_t03261,０３０：１９９８年_33：東京　首相官邸　戦況　２日後　７月９日.egpack,０３０：１９９８年_33：東京　首相官邸　戦況　２日後　７月９日,瀧元官房長官,092A0E2B1BEAAADBBE5388A7CB636444E49DF86497826A919CB1B1D8F22A0515,text,「你也知道，我现在无论身份还是形势都不允许那么做。」\p
3252,game_t03262,０３０：１９９８年_33：東京　首相官邸　戦況　２日後　７月９日.egpack,０３０：１９９８年_33：東京　首相官邸　戦況　２日後　７月９日,佐埜議員,0F470F9D533C95D3DAB839BB1D32078FE19AE583FAB1F31B33BC59A09E0882B9,text,「就算如此，你也不必把所有事都扛在身上。要是因此倒下，才是绝不能允许的吧？」\p
3253,game_t03263,０３０：１９９８年_33：東京　首相官邸　戦況　２日後　７月９日.egpack,０３０：１９９８年_33：東京　首相官邸　戦況　２日後　７月９日,瀧元官房長官,4B96BEBE2233E05FD351F712F884C2E1AB1BEA55C30B985CFE6D9440D9C4BA80,text,「哼……先坐吧。」\p
3254,game_t03264,０３０：１９９８年_33：東京　首相官邸　戦況　２日後　７月９日.egpack,０３０：１９９８年_33：東京　首相官邸　戦況　２日後　７月９日,佐埜議員,AF6B9F62B93D64FCD8EA29CED01B31153B119B6AF45EAB649AFFD89052766E19,text,「——先说正事，九州果然已经守不住了吗？参谋本部口风很紧，我这里根本收不到准确报告。」\p
3255,game_t03265,０３０：１９９８年_33：東京　首相官邸　戦況　２日後　７月９日.egpack,０３０：１９９８年_33：東京　首相官邸　戦況　２日後　７月９日,瀧元官房長官,6B049C43A628E56616B3FAE67E1E154B8289B2B2739D8C456D4B74166963DE59,text,「是，放弃九州。全因4号台风滞留。帝国军和美军的舰船、飞机都完全无法发挥作用。」\p
3256,game_t03266,０３０：１９９８年_33：東京　首相官邸　戦況　２日後　７月９日.egpack,０３０：１９９８年_33：東京　首相官邸　戦況　２日後　７月９日,瀧元官房長官,D5A8D653AD35FC4CD0C6DCE34F21E35732C666D059DB3F823F9850C47BF56C4E,text,「就连寄予厚望的地面作战部队也受洪灾和泥石流影响，无法顺利展开，后勤更是一片狼藉。」\p
3257,game_t03267,０３０：１９９８年_33：東京　首相官邸　戦況　２日後　７月９日.egpack,０３０：１９９８年_33：東京　首相官邸　戦況　２日後　７月９日,瀧元官房長官,09283CAA9F25FAD64B8287638E193D2CA8E131C2D83D2BD51C955CFDB6CACFEB,text,「再加上两天前BETA第一次登陆北九州。数小时后又在长崎、佐贺发起第二、第三次登陆。九州西南部的防线已经几乎失效。」\p
3258,game_t03268,０３０：１９９８年_33：東京　首相官邸　戦況　２日後　７月９日.egpack,０３０：１９９８年_33：東京　首相官邸　戦況　２日後　７月９日,佐埜議員,C14CB7E84A884649073D1E75FC093CE8DB3B23305D60A5EA5D6D4A5526B19068,text,「原来如此，确实不能如实报道……要是恐慌蔓延全国，连重整战线都办不到。」\p
3259,game_t03269,０３０：１９９８年_33：東京　首相官邸　戦況　２日後　７月９日.egpack,０３０：１９９８年_33：東京　首相官邸　戦況　２日後　７月９日,瀧元官房長官,7AF97C0646ED78FA51A743F8797AA2E2034E9E81381814FE6DE734A7C6B3B52E,text,「不，情况更糟。帝国本土防卫军西部方面部队的主力原本纵深部署在整个中国地区，却被从日本海沿岸零星登陆的BETA群从侧翼突袭，指挥系统已经瓦解。」\p
3260,game_t03270,０３０：１９９８年_33：東京　首相官邸　戦況　２日後　７月９日.egpack,０３０：１９９８年_33：東京　首相官邸　戦況　２日後　７月９日,佐埜議員,0EA005EE9B4D918F039FD0FEBFDD462B999195D84FE3C2B516B1463317582CA1,text,「喂……」\p
3261,game_t03271,０３０：１９９８年_33：東京　首相官邸　戦況　２日後　７月９日.egpack,０３０：１９９８年_33：東京　首相官邸　戦況　２日後　７月９日,瀧元官房長官,3D24C896CA375AB9E63E3EF4818397C747787E1818529C124F062DD067A3E049,text,「北九州方向的进攻和侧面登陆形成夹击，偏偏有观测记录以来规模最大的台风之一——4号台风又在滞留中缓慢东移……你说，这种事可能吗？！这种事要我怎么向国民解释？！」\p
3262,game_t03272,０３０：１９９８年_33：東京　首相官邸　戦況　２日後　７月９日.egpack,０３０：１９９８年_33：東京　首相官邸　戦況　２日後　７月９日,瀧元官房長官,9F4A965EFA75E053F504BB69E90FBC79ABA03B259DF83B853700DC8ED9F24667,text,「BETA和台风正肩并肩一起推进啊！？连我自己都不敢相信的事，要怎么让国民接受？！」\p
3263,game_t03273,０３０：１９９８年_33：東京　首相官邸　戦況　２日後　７月９日.egpack,０３０：１９９８年_33：東京　首相官邸　戦況　２日後　７月９日,佐埜議員,B71F26199A6B991C70CDC3A011EDD170A1E32E756ED932CD3732003EA9853F7B,text,「先冷静。四国呢？按原定计划，九州有事时四国应该作为侧翼支援与反攻据点发挥作用吧。」\p
3264,game_t03274,０３０：１９９８年_33：東京　首相官邸　戦況　２日後　７月９日.egpack,０３０：１９９８年_33：東京　首相官邸　戦況　２日後　７月９日,瀧元官房長官,3B1CDF539A19FD417D2E1F6D10379D8F16BE3D70C0C286BADA953EAEBD65E3A1,text,「濑户大桥等大型桥梁似乎没来得及炸毁。原因大概是台风影响，加上BETA推进速度实在太快。」\p
3265,game_t03275,０３０：１９９８年_33：東京　首相官邸　戦況　２日後　７月９日.egpack,０３０：１９９８年_33：東京　首相官邸　戦況　２日後　７月９日,佐埜議員,56AA99D1C80C96323322B73F835CBDC28A9783EC849DCC9A6DA9870B5EEAA844,text,「那四国现在也和九州一样了？」\p
3266,game_t03276,０３０：１９９８年_33：東京　首相官邸　戦況　２日後　７月９日.egpack,０３０：１９９８年_33：東京　首相官邸　戦況　２日後　７月９日,瀧元官房長官,9872370EAAC1E533B73EE0F807CEF657CF3BAB228EA706DAE7700C1CD739B24D,text,「——胡说八道！九州已经基本完成全岛平民疏散了！」\p
3267,game_t03277,０３０：１９９８年_33：東京　首相官邸　戦況　２日後　７月９日.egpack,０３０：１９９８年_33：東京　首相官邸　戦況　２日後　７月９日,瀧元官房長官,E626ED81D3ED4CC04C0AEB2D01336CB2188C7F2F475C72C12433861BFA82E6C3,text,「九州和四国……怎么可能一样……！」\p
3268,game_t03278,０３０：１９９８年_33：東京　首相官邸　戦況　２日後　７月９日.egpack,０３０：１９９８年_33：東京　首相官邸　戦況　２日後　７月９日,佐埜議員,8DF0A1344EBAF3DC2FB49727B780C6D39E096A8966C017AE2D6041775DAC6F6F,text,「……不知道当地情况吗？」\p
3269,game_t03279,０３０：１９９８年_33：東京　首相官邸　戦況　２日後　７月９日.egpack,０３０：１９９８年_33：東京　首相官邸　戦況　２日後　７月９日,瀧元官房長官,6F22858D1E7134F79FBF64FC6900FFD8FA38174FCA1F4422CE3F7F95EE88A8E0,text,「与前线的信息共享断断续续……有线线路多处中断；重金属云也让广域数据链与通信出现故障。」\p
3270,game_t03280,０３０：１９９８年_33：東京　首相官邸　戦況　２日後　７月９日.egpack,０３０：１９９８年_33：東京　首相官邸　戦況　２日後　７月９日,佐埜議員,947A4AFF35B39A71A10F67882A2513B5BC679D32262DA24E82337DF2B89F47C9,text,「这里也是台风影响吗……！」\p
3271,game_t03281,０３０：１９９８年_33：東京　首相官邸　戦況　２日後　７月９日.egpack,０３０：１９９８年_33：東京　首相官邸　戦況　２日後　７月９日,瀧元官房長官,7701AF4F33B0DC9AA73FD34AC896A9EDF10D2A7BEDBB8CA6606E7EB994907A48,text,「本土防卫军与帝国军各部队虽然彼此孤立，仍在九州、四国及中国地区山区各自继续战斗。」\p
3272,game_t03282,０３０：１９９８年_33：東京　首相官邸　戦況　２日後　７月９日.egpack,０３０：１９９８年_33：東京　首相官邸　戦況　２日後　７月９日,瀧元官房長官,C418EB4CF58EA27EB51C52A9C7E0AA47F4E79ED2248765CDDDF9B72EF0605011,text,「他们坚守山区的前线地下设施，继续进行绝望的防卫战。恐怕还有许多难民和他们在一起……」\p
3273,game_t03283,０３０：１９９８年_33：東京　首相官邸　戦況　２日後　７月９日.egpack,０３０：１９９８年_33：東京　首相官邸　戦況　２日後　７月９日,佐埜議員,10D2D53E7429028AB5DCBF314C1FA4553BF2536E153176FF90C2EDDF8246EFEB,text,「……这样啊。投入巨资推行国土防卫整备计划……多少还是有些意义。」\p
3274,game_t03284,０３０：１９９８年_33：東京　首相官邸　戦況　２日後　７月９日.egpack,０３０：１９９８年_33：東京　首相官邸　戦況　２日後　７月９日,瀧元官房長官,4A8CE23660975744141AAC0B68A35DE65A6F2ED10CAD6BB965DE8D201DBE8FD6,text,「海军以舰炮射击和规模有限却不惜死战的强行补给支援着他们。那支因巨浪未能部署到对马海峡的舰队，据说正为了洗刷污名拼死奋战。」\p
3275,game_t03285,０３０：１９９８年_33：東京　首相官邸　戦況　２日後　７月９日.egpack,０３０：１９９８年_33：東京　首相官邸　戦況　２日後　７月９日,佐埜議員,20A8A6B9AA159B5194E44FE94964EB31290B6A7BCD452F77CDADA3F6BDDF272B,text,「不妙……整体战况和媒体豢养的那帮军事评论员的推测相当接近……」\p
3276,game_t03286,０３０：１９９８年_33：東京　首相官邸　戦況　２日後　７月９日.egpack,０３０：１９９８年_33：東京　首相官邸　戦況　２日後　７月９日,瀧元官房長官,D9EA8C4A268E615D8808ED02C56D25D8F073DEE102A34B6DC25BF5DB6A3C9E4E,text,「……两天前，我们依据战时特例法，公布了近畿地区以东的三方军队联合防卫方针吧。」\p
3277,game_t03287,０３０：１９９８年_33：東京　首相官邸　戦況　２日後　７月９日.egpack,０３０：１９９８年_33：東京　首相官邸　戦況　２日後　７月９日,佐埜議員,25877FC84B39C42ADA38C40C11885113E98C322912FAFB7490563C3FA6C4C5BE,text,「嗯，帝国军、驻日美军和联合国太平洋方面军……」\p
3278,game_t03288,０３０：１９９８年_33：東京　首相官邸　戦況　２日後　７月９日.egpack,０３０：１９９８年_33：東京　首相官邸　戦況　２日後　７月９日,瀧元官房長官,93B499600228130BC38FBB57717441493599667899310A4135367FCD4CEABD81,text,「那是典型的媒体对策，一种表演罢了……不过动作慢得实在让人火大。」\p
3279,game_t03289,０３０：１９９８年_33：東京　首相官邸　戦況　２日後　７月９日.egpack,０３０：１９９８年_33：東京　首相官邸　戦況　２日後　７月９日,佐埜議員,922654E9398DF51DA8351A0C8144CA2BA39D327C9C648B4E4797D053CF8EC726,text,「我知道。本来BETA一越过三八线就该行动。」\p
3280,game_t03290,０３０：１９９８年_33：東京　首相官邸　戦況　２日後　７月９日.egpack,０３０：１９９８年_33：東京　首相官邸　戦況　２日後　７月９日,瀧元官房長官,CF3EB6E32AE04FA842B920E882536F9D0059A1AC8AB4F00F6FA67AF21C6D24DF,text,「这两天死了多少人！？这种悲剧又不是只有日本经历过。这30年在欧洲和亚洲各国不是一再发生吗！」\p
3281,game_t03291,０３０：１９９８年_33：東京　首相官邸　戦況　２日後　７月９日.egpack,０３０：１９９８年_33：東京　首相官邸　戦況　２日後　７月９日,佐埜議員,049544AAE611B87A8BD5641DF83B6496BA549AEC2D74D835DA2A181D8E4E9CBE,text,「没错——但政界一直阻止权力集中到首相手中。和当年从政威大将军手里夺走实权时一样，他们又重蹈覆辙。」\p
3282,game_t03292,０３０：１９９８年_33：東京　首相官邸　戦況　２日後　７月９日.egpack,０３０：１９９８年_33：東京　首相官邸　戦況　２日後　７月９日,瀧元官房長官,EEC2E0FB4E6B15341F3A7C16118E10DA513DCFBF4E3BD87CEBE61F3EAC001906,text,「我们本该从欧亚大陆的牺牲中吸取教训。BETA来袭本应引发全人类层面的范式转变。」\p
3283,game_t03293,０３０：１９９８年_33：東京　首相官邸　戦況　２日後　７月９日.egpack,０３０：１９９８年_33：東京　首相官邸　戦況　２日後　７月９日,瀧元官房長官,E4B9E689A20ADD1D833C76FC6DAC2D94A32895D010F349D51477B8402804A906,text,「世界规则已经被改写。可日本人仍把战败后被强加的价值观奉若至宝，亲手捆住了保护自己的手脚——结果就是现在这副样子。」\p
3284,game_t03294,０３０：１９９８年_33：東京　首相官邸　戦況　２日後　７月９日.egpack,０３０：１９９８年_33：東京　首相官邸　戦況　２日後　７月９日,瀧元官房長官,169264B73FF7DCEB1860AF86B4C8A9A10BF6A5C54B04E0BA22D60222D12DD43C,text,「沉溺于繁荣与和平日常，只肯接受对自己有利现实的乐观主义者。拿人权和法律当挡箭牌拒绝疏散的人——还有从远方成群赶来支援他们的市民团体。」\p
3285,game_t03295,０３０：１９９８年_33：東京　首相官邸　戦況　２日後　７月９日.egpack,０３０：１９９８年_33：東京　首相官邸　戦況　２日後　７月９日,瀧元官房長官,2D621C7AE329E5AC4C3016AB3485380ABBF940FF80D0871BAB6DF9341937AC3F,text,「这些人全都应该动用武力强制清离——如果当时那么做……本来还能救下更多人！！」\p
3286,game_t03296,０３０：１９９８年_33：東京　首相官邸　戦況　２日後　７月９日.egpack,０３０：１９９８年_33：東京　首相官邸　戦況　２日後　７月９日,佐埜議員,FC1BB2D07B8CA4CB833A8FC775711F88FDC75DF9188537E5BF556C9021D9D39C,text,「…\w…\w…\w…\w」\p
3287,game_t03297,０３０：１９９８年_33：東京　首相官邸　戦況　２日後　７月９日.egpack,０３０：１９９８年_33：東京　首相官邸　戦況　２日後　７月９日,瀧元官房長官,C2C628922D6D9AA5F9F5B2B16652EB474EC5A4976E02DA9017598C0DF7860BC9,text,「……作为政治家，说出这种话可是致命的。」\p
3288,game_t03298,０３０：１９９８年_33：東京　首相官邸　戦況　２日後　７月９日.egpack,０３０：１９９８年_33：東京　首相官邸　戦況　２日後　７月９日,佐埜議員,842E0C7256B12800EEBB4A546442B429984EF52A21234C8CB12C2D1AFB9B9494,text,「所以我才来让你吐个痛快，免得你在媒体面前全倒出来。」\p
3289,game_t03299,０３０：１９９８年_33：東京　首相官邸　戦況　２日後　７月９日.egpack,０３０：１９９８年_33：東京　首相官邸　戦況　２日後　７月９日,瀧元官房長官,21ADE72042CBC2A0235D63FF4693AE66073666EB179859D83EE7CCCBBD3A22A6,text,「抱歉，帮大忙了。」\p
3290,game_t03300,０３０：１９９８年_33：東京　首相官邸　戦況　２日後　７月９日.egpack,０３０：１９９８年_33：東京　首相官邸　戦況　２日後　７月９日,佐埜議員,2230343DF01C1FC5B25D71F5BBAC4C9FBEFECC013C4A401EE930A02F3137D71C,text,「我们要守护的不是选票。谁也无法保证还能举行下一次选举——事到如今，榊先生的施政演说显得格外沉重。」\p
3291,game_t03301,０３０：１９９８年_33：東京　首相官邸　戦況　２日後　７月９日.egpack,０３０：１９９８年_33：東京　首相官邸　戦況　２日後　７月９日,瀧元官房長官,64DAE06FDF44E85842475DD764DC733D425FD3F898EABADC947DB01C04FFD1DC,text,「是啊，担任内阁官房长官辅佐他后，我重新意识到，那人确实是杰出人物。可惜总被无聊的政争和财务官僚拖后腿。」\p
3292,game_t03302,０３０：１９９８年_33：東京　首相官邸　戦況　２日後　７月９日.egpack,０３０：１９９８年_33：東京　首相官邸　戦況　２日後　７月９日,佐埜議員,167AFD705D6FA9BCB42F3F468623FFF93F403CDE4620594ECA8AB4C92B7CE9C8,text,「……警世者不受欢迎。首相正因为精明强干，才不受国民欢迎。对那些在当选边缘挣扎的议员来说，恐怕无法举双手支持他。」\p
3293,game_t03303,０３０：１９９８年_33：東京　首相官邸　戦況　２日後　７月９日.egpack,０３０：１９９８年_33：東京　首相官邸　戦況　２日後　７月９日,瀧元官房長官,81782EE72A0C972D1309BAEAFF7DE871283990D12FB3D34B9345B9D83AC9B91A,text,「已经超过一千万的死者和失踪者，那些人打算如何向他们谢罪？」\p
3294,game_t03304,０３０：１９９８年_33：東京　首相官邸　戦況　２日後　７月９日.egpack,０３０：１９９８年_33：東京　首相官邸　戦況　２日後　７月９日,佐埜議員,0BD67859A4EE1B033A3A6D59369D441034FDF525449377709E05B02652037EEB,text,「他们根本没打算谢罪吧。已经像什么都没发生一样，立即开始批评政府应对，争取大众和媒体支持了。」\p
3295,game_t03305,０３０：１９９８年_33：東京　首相官邸　戦況　２日後　７月９日.egpack,０３０：１９９８年_33：東京　首相官邸　戦況　２日後　７月９日,瀧元官房長官,8CE7B7F50739A6CE5BF0615278DAAFC644B032AE6841C2572832E5C3056731A4,text,「哼……媒体的支持，本就如泡沫一般。」\p
3296,game_t03306,０３０：１９９８年_33：東京　首相官邸　戦況　２日後　７月９日.egpack,０３０：１９９８年_33：東京　首相官邸　戦況　２日後　７月９日,瀧元官房長官,8F729E8F5C082A599C9D9DF8755502A8AED9B09898AE17C2940E0A0D2EB9A6CB,text,「昨天对近畿地区下达了疏散命令。另外也呼吁福井、岐阜、爱知自主疏散，不过——」\p
3297,game_t03307,０３０：１９９８年_33：東京　首相官邸　戦況　２日後　７月９日.egpack,０３０：１９９８年_33：東京　首相官邸　戦況　２日後　７月９日,佐埜議員,E30D6F148B6D53131F1F19F1DC206A592E9D6A66C21C1E1EBD4532496670FD2B,text,「听说铁路即使昼夜运行，载客率仍超过200%。也有为防范光线级而关闭空中航线的影响吧。」\p
3298,game_t03308,０３０：１９９８年_33：東京　首相官邸　戦況　２日後　７月９日.egpack,０３０：１９９８年_33：東京　首相官邸　戦況　２日後　７月９日,瀧元官房長官,03E060EAEB913DB02354C41DCE8070CFB53978B5BCB31E212F6686EA89263067,text,「不只如此，客船也已超员。主要干线道路和高速公路，上行全线、下行近畿以西路段虽已改为军用优先，但在不受管制的路段仍排起疏散车龙，东名高速下行线更出现长达240km的空前拥堵。」\p
3299,game_t03309,０３０：１９９８年_33：東京　首相官邸　戦況　２日後　７月９日.egpack,０３０：１９９８年_33：東京　首相官邸　戦況　２日後　７月９日,瀧元官房長官,F95F79E9284C2E0089434A514B0AA3D0F05AD3B7143301A4CF51BD9C958A542A,text,「从清理缺油抛弃车辆，到供水供粮、设置临时厕所，各县警察和消防都在全力应对。西日本公共机构已经完全停止运作。」\p
3300,game_t03310,０３０：１９９８年_33：東京　首相官邸　戦況　２日後　７月９日.egpack,０３０：１９９８年_33：東京　首相官邸　戦況　２日後　７月９日,瀧元官房長官,534D224605EC10043C1F7F3D6B9FBBEAA7837F81048D6AB8251834A56D57CDA3,text,「而我们的媒体，却把直升机派到安全区，持续把这种景象播给全国。在身陷困境的避难者旁边，面色红润的记者精神十足地问——‘您现在是什么心情？’」\p
3301,game_t03311,０３０：１９９８年_33：東京　首相官邸　戦況　２日後　７月９日.egpack,０３０：１９９８年_33：東京　首相官邸　戦況　２日後　７月９日,佐埜議員,F73C63AD04E84D2E3F57517AD72A611E4C13D56B4B654CB05E440097DAD37D6C,text,「嗯，我记得他们当初也反对国土防卫整备计划中扩建高速公路，但对此倒是一句评论都没有。」\p
3302,game_t03312,０３０：１９９８年_33：東京　首相官邸　戦況　２日後　７月９日.egpack,０３０：１９９８年_33：東京　首相官邸　戦況　２日後　７月９日,瀧元官房長官,38AE8F46B43459395A8B35AFADAD0990349F27435AD701621FA9B49B32A7E87B,text,「榊首相推行产业基础设施海外转移政策时，那帮人一直把他当成卖国贼。现在倒要看看他们会怎么报道这项政策。」\p
3303,game_t03313,０３０：１９９８年_33：東京　首相官邸　戦況　２日後　７月９日.egpack,０３０：１９９８年_33：東京　首相官邸　戦況　２日後　７月９日,佐埜議員,8300BD2BDBDE77C6E163672EEDB119355F43AA0B851E7E8BCA9FE36FEC1BD5DD,text,「算是不幸中的万幸。多亏这项政策，产业界遭受的打击被控制到了最低程度。」\p
3304,game_t03314,０３０：１９９８年_33：東京　首相官邸　戦況　２日後　７月９日.egpack,０３０：１９９８年_33：東京　首相官邸　戦況　２日後　７月９日,瀧元官房長官,835B0C30D6B86A6FA2761670DC300C5B51BDAF9326FAB3BDF56D45631F2A906C,text,「那是榊先生10年前、还在担任内阁成员时便推动的官民一体国家项目。能顶住那么大逆风坚持下来，实在令人佩服。」\p
3305,game_t03315,０３０：１９９８年_33：東京　首相官邸　戦況　２日後　７月９日.egpack,０３０：１９９８年_33：東京　首相官邸　戦況　２日後　７月９日,佐埜議員,10653510953527DA604F6F515A37C46FEA593FB034549B4D663F1C5D99707165,text,「两小时前我见了经团联会长，听说产业界已经完全倒向支持榊政权。尤其感谢海上运输网络的重组与贯彻落实。」\p
3306,game_t03316,０３０：１９９８年_33：東京　首相官邸　戦況　２日後　７月９日.egpack,０３０：１９９８年_33：東京　首相官邸　戦況　２日後　７月９日,瀧元官房長官,9C88A163EAE36D5E0EDF6123B0D9BC8798E699E964B13FDB60D52F49B5C400DE,text,「欧亚大陆已经不复存在，如今大规模再开发冲绳群岛和小笠原群岛、推动其成为西南太平洋经济圈枢纽，并建立大洋洲—澳大利亚航线，是这个国家的生命线。」\p
3307,game_t03317,０３０：１９９８年_33：東京　首相官邸　戦況　２日後　７月９日.egpack,０３０：１９９８年_33：東京　首相官邸　戦況　２日後　７月９日,瀧元官房長官,6FA850144E8993ED7851AF12A93985ADEC28587762C96D82DB84A96985B11C04,text,「即使失去国内基础设施，主战装备和战略物资的稳定供应仍可维持。确保日本独立持续作战能力，在对美战略上也是最重要的。」\p
3308,game_t03318,０３０：１９９８年_33：東京　首相官邸　戦況　２日後　７月９日.egpack,０３０：１９９８年_33：東京　首相官邸　戦況　２日後　７月９日,瀧元官房長官,130C21C7B5930D3BD62A7A8207BD5108FCCB448E934878B8342E32CC79BCD648,text,「但无论武器和物资多么充足，没有人就毫无用处。无论自主控制技术发展多么惊人，尖端研究开发终究要由人来完成。」\p
3309,game_t03319,０３０：１９９８年_33：東京　首相官邸　戦況　２日後　７月９日.egpack,０３０：１９９８年_33：東京　首相官邸　戦況　２日後　７月９日,瀧元官房長官,4B87E68F1469B1EB88A285BBEF3271C4E632CE437B7F2F09200A980A5FF8E43D,text,「BETA大战使世界人口锐减，我国仍拥有一亿五千万人，曾是世界屈指可数的人力资源大国。从这个意义上说，日本无论名义还是实际都曾是大国。」\p
3310,game_t03320,０３０：１９９８年_33：東京　首相官邸　戦況　２日後　７月９日.egpack,０３０：１９９８年_33：東京　首相官邸　戦況　２日後　７月９日,佐埜議員,AB254DF4ECCDA6579B6070DB62B9E60E0A560794C172F1CE17152E5AA7E9D65C,text,「……‘曾经’吗。」\p
3311,game_t03321,０３０：１９９８年_33：東京　首相官邸　戦況　２日後　７月９日.egpack,０３０：１９９８年_33：東京　首相官邸　戦況　２日後　７月９日,瀧元官房長官,513B0B7FC4BD2435E407E259184D5AA771ED92920C7E917F52A6A0607DADEA29,text,「是啊……那是几天前的事了。」\p
3312,game_t03322,０３０：１９９８年_33：東京　首相官邸　戦況　２日後　７月９日.egpack,０３０：１９９８年_33：東京　首相官邸　戦況　２日後　７月９日,佐埜議員,FC1BB2D07B8CA4CB833A8FC775711F88FDC75DF9188537E5BF556C9021D9D39C,text,「…\w…\w…\w…\w」\p
3313,game_t03323,０３０：１９９８年_33：東京　首相官邸　戦況　２日後　７月９日.egpack,０３０：１９９８年_33：東京　首相官邸　戦況　２日後　７月９日,瀧元官房長官,DD4A7C3056DD1EA80B0981229292A17CA2EF414AB38DE4DFA1C5621796CEA924,text,「……不管怎样，这个国家死的人太多了。」\p
3314,game_t03324,０３０：１９９８年_33：東京　首相官邸　戦況　２日後　７月９日.egpack,０３０：１９９８年_33：東京　首相官邸　戦況　２日後　７月９日,佐埜議員,16B784F7E28E75AE16BE4BBF3995EE2958AFE5DFEDAC729590025C30BCD2D38D,text,「……是啊。问题是怎么把这件事传达出去。」\p
3315,game_t03325,０３０：１９９８年_33：東京　首相官邸　戦況　２日後　７月９日.egpack,０３０：１９９８年_33：東京　首相官邸　戦況　２日後　７月９日,瀧元官房長官,F92789C7053EE82939A1C736D50C93B572C9BE384329E0F23FAC553AFEF9EC48,text,「如实传达。因为那就是我的工作。」\p
3316,game_t03326,０３０：１９９８年_33：東京　首相官邸　戦況　２日後　７月９日.egpack,０３０：１９９８年_33：東京　首相官邸　戦況　２日後　７月９日,佐埜議員,61B57B76BD18B0D2F5E252FA60BD763FCE7097885B95A95B55158F01ED64D156,text,「没错。不过对媒体和大众而言，你会成为绝佳靶子。」\p
3317,game_t03327,０３０：１９９８年_33：東京　首相官邸　戦況　２日後　７月９日.egpack,０３０：１９９８年_33：東京　首相官邸　戦況　２日後　７月９日,瀧元官房長官,6009FBEBC5B468DAAA6667B6A43C01B6377BA613C54CCF64FA133DAA5B4A6E2D,text,「嗯，我知道。这份无法逃避的责任，迟早要用我自身来偿还。」\p
3318,game_t03328,０３０：１９９８年_33：東京　首相官邸　戦況　２日後　７月９日.egpack,０３０：１９９８年_33：東京　首相官邸　戦況　２日後　７月９日,佐埜議員,C6DA06AF9A2E46D75C463BCFE65AC9DDC7CE193FF63B1A689CA15EF557351062,text,「是啊。不过到那时，当然——还有我们。」\p
3319,game_t03329,０３０：１９９８年_33：東京　首相官邸　戦況　２日後　７月９日.egpack,０３０：１９９８年_33：東京　首相官邸　戦況　２日後　７月９日,瀧元官房長官,607955D446D859AE5560B6374A8AD7CF1212FB5417EBC816FAF2B835B3D08FAA,text,「哼……」\p
3320,game_t03330,０３０：１９９８年_34：近づく戦場　７月１０日.egpack,０３０：１９９８年_34：近づく戦場　７月１０日,和泉,68DBA665CDDD61253DDEBC40678808DE611E230D8A01BD7398CA9C8FBF9A140E,text,「怎么会……这不是真的……对吧……？」\p
3321,game_t03331,０３０：１９９８年_34：近づく戦場　７月１０日.egpack,０３０：１９９８年_34：近づく戦場　７月１０日,和泉,9E487BD116AFB6691B6F708222993B3BEC32381F0F1F5CC4DAA280251F3BDBD0,text,「——不要啊啊啊！！」\p
3322,game_t03332,０３０：１９９８年_34：近づく戦場　７月１０日.egpack,０３０：１９９８年_34：近づく戦場　７月１０日,唯依,32A55E08820C40B24D6EAC58E894C437A9E04E7C4F876F4FD156E05C99C64DE4,text,「和泉……！？」\p
3323,game_t03333,０３０：１９９８年_34：近づく戦場　７月１０日.egpack,０３０：１９９８年_34：近づく戦場　７月１０日,唯依,32A55E08820C40B24D6EAC58E894C437A9E04E7C4F876F4FD156E05C99C64DE4,text,「和泉……！？」\p
3324,game_t03334,０３０：１９９８年_34：近づく戦場　７月１０日.egpack,０３０：１９９８年_34：近づく戦場　７月１０日,和泉,5732EEFECB8F76B9391D5D0C69E2F5D52246830016C717916A8D6E3673BD3B8A,text,「——不要啊啊……为什么……为什么会变成这样……！！」\p
3325,game_t03335,０３０：１９９８年_34：近づく戦場　７月１０日.egpack,０３０：１９９８年_34：近づく戦場　７月１０日,志摩子,FC1BB2D07B8CA4CB833A8FC775711F88FDC75DF9188537E5BF556C9021D9D39C,text,「…\w…\w…\w…\w」\p
3326,game_t03336,０３０：１９９８年_34：近づく戦場　７月１０日.egpack,０３０：１９９８年_34：近づく戦場　７月１０日,旁白,C7E3EBDD87DDB6B104889C10D02832A3F3499B1E4686A1B62F8044A4B3D541E8,text,原来如此……和泉的恋人……已经去世了……\p
3327,game_t03337,０３０：１９９８年_34：近づく戦場　７月１０日.egpack,０３０：１９９８年_34：近づく戦場　７月１０日,唯依,B8A9974C0A02A2B3E30920F8554A96107069D1D26886C92C3F41AFC118614823,text,「和泉……」\p
3328,game_t03338,０３０：１９９８年_34：近づく戦場　７月１０日.egpack,０３０：１９９８年_34：近づく戦場　７月１０日,和泉,8B25494F8F1121B3ED2DA8076556715884C07ADEC532D3B5AD38C1015B34627E,text,「……忠道……忠道忠道忠道……忠道……啊啊啊啊忠道！！」\p
3329,game_t03339,０３０：１９９８年_34：近づく戦場　７月１０日.egpack,０３０：１９９８年_34：近づく戦場　７月１０日,旁白,D134CED92F24082D8D2559336DD81D87A0C9652E66CE89DDF5A8681D9F328E4B,text,每次看到最前线的新闻，和泉总会拼命祈求恋人平安。\p
3330,game_t03340,０３０：１９９８年_34：近づく戦場　７月１０日.egpack,０３０：１９９８年_34：近づく戦場　７月１０日,旁白,CB27E86DB64CD6027CDE7B908479CAC3ED5E88E5722D5DEFFBCE558C3419BBCB,text,即使孤立在BETA占领区，仍坚持作战的那支部队——她把最后一线希望寄托在那里。\p
3331,game_t03341,０３０：１９９８年_34：近づく戦場　７月１０日.egpack,０３０：１９９８年_34：近づく戦場　７月１０日,旁白,1E1B5FB4F33AE339015FAB2CB5F2F50725408A7F4BDCE3A1E20700649851B111,text,可是，那一缕希望断了……连同一直支撑着和泉紧绷心弦的支柱一起。\p
3332,game_t03342,０３０：１９９８年_34：近づく戦場　７月１０日.egpack,０３０：１９９８年_34：近づく戦場　７月１０日,旁白,6EF799C3977DF143D997668A061F64EE27C8F446C1B629083DB698D4E3391565,text,太可怜了……和泉……竟然失去了那个她如此深爱的人……！\p
3333,game_t03343,０３０：１９９８年_34：近づく戦場　７月１０日.egpack,０３０：１９９８年_34：近づく戦場　７月１０日,旁白,7EDD5DAD7EAA7638D1FD90956919E0046A0B1B6D6317F611E52F09919039C234,text,没错……和泉的痛苦并非与我无关……\p
3334,game_t03344,０３０：１９９８年_34：近づく戦場　７月１０日.egpack,０３０：１９９８年_34：近づく戦場　７月１０日,旁白,241DC3DE9B3B5400A9A45684D7CC6DFF6A89AD2E7DE99529CB0835B8659DF049,text,传到我这里的噩耗……也可能几秒后就来，也可能是几天后。\p
3335,game_t03345,０３０：１９９８年_34：近づく戦場　７月１０日.egpack,０３０：１９９８年_34：近づく戦場　７月１０日,和泉,63FB9B781F0E25AE2297FB0FFE13F37423D73C2F59413258920667F438DF2FAA,text,「——啊啊啊……为什么为什么为什么——不要不要不要啊啊啊啊……！！」\p
3336,game_t03346,０３０：１９９８年_34：近づく戦場　７月１０日.egpack,０３０：１９９８年_34：近づく戦場　７月１０日,唯依,46B273317A05967BC45DAFD575319772F0FD445A9CFE14EF8705100CC8ABF3B7,text,「……和泉……和泉……！」\p
3337,game_t03347,０３０：１９９８年_34：近づく戦場　７月１０日.egpack,０３０：１９９８年_34：近づく戦場　７月１０日,和泉,709EDE30A23175038D63F88A11311EEB345A84C513347EBB01E2128017B66A87,text,「……忠道……啊啊啊啊……呜、呜呜呜……！！」\p
3338,game_t03348,０３０：１９９８年_34：近づく戦場　７月１０日.egpack,０３０：１９９８年_34：近づく戦場　７月１０日,旁白,BCC06AB5E5141A3D863C7D1B71627F47A20314565EC50AF582E03C619228449B,text,可怜的和泉……如果BETA没有来到日本，她本不必承受这种痛苦……\p
3339,game_t03349,０３０：１９９８年_34：近づく戦場　７月１０日.egpack,０３０：１９９８年_34：近づく戦場　７月１０日,旁白,1E01FFAEFC0E909F25D6B93A83409EE94E030CF64ABCE6D4C9D257DC22B567E8,text,我没关系……因为这是我自己选择的。\p
3340,game_t03350,０３０：１９９８年_34：近づく戦場　７月１０日.egpack,０３０：１９９８年_34：近づく戦場　７月１０日,旁白,5705D5C983408C4E8558ED81AAA9253FD19D10C1E9BD3C8C3F6280D131CC651F,text,但和泉不同。她不像我，并没有把继承家业当作目标。\p
3341,game_t03351,０３０：１９９８年_34：近づく戦場　７月１０日.egpack,０３０：１９９８年_34：近づく戦場　７月１０日,旁白,FDDCB5FD703EC6F2719E5DACE084FA3B46BBB4DBFE6593D094E411268EB0B1BB,text,不只和泉……这里大多数女孩，本应过着与军籍无缘的人生。\p
3342,game_t03352,０３０：１９９８年_34：近づく戦場　７月１０日.egpack,０３０：１９９８年_34：近づく戦場　７月１０日,旁白,3DC1336001E8A035B2543BA8DA8AF206AC8B57232C9E628419BF74B04310503D,text,起初，我不明白这一点。\p
3343,game_t03353,０３０：１９９８年_34：近づく戦場　７月１０日.egpack,０３０：１９９８年_34：近づく戦場　７月１０日,旁白,68F0F2AE8955BBB8F07B9019C7D29B08F80EF6330CB55EE13DF6891DB7FEBE18,text,当日本还处于和平时，我无法接受这种差异……既焦急又烦躁。\p
3344,game_t03354,０３０：１９９８年_34：近づく戦場　７月１０日.egpack,０３０：１９９８年_34：近づく戦場　７月１０日,旁白,835DDEA5EB3CE668F2F0989886F0F6EC8EB8D3929460A5C01D5204E69907AC1A,text,可当人类撤出大陆，所有人都身不由己被卷入战争——卷入军务的现实时，我才第一次接受这种差异。\p
3345,game_t03355,０３０：１９９８年_34：近づく戦場　７月１０日.egpack,０３０：１９９８年_34：近づく戦場　７月１０日,旁白,E98695706C99EA9451E921F90638271B0647530907CA8EFB5545296EAFDAC7C1,text,自己还是少数时不明白的事，等成为多数一方后才终于理解，实在很可耻。\p
3346,game_t03356,０３０：１９９８年_34：近づく戦場　７月１０日.egpack,０３０：１９９８年_34：近づく戦場　７月１０日,旁白,7BDB0551804ECA3E00C9EFA5EE2E7A418737ECC7093E4AEA485F62A7E549EE63,text,斯卫征召未成年子女，起初只是做给世人看的姿态。\p
3347,game_t03357,０３０：１９９８年_34：近づく戦場　７月１０日.egpack,０３０：１９９８年_34：近づく戦場　７月１０日,旁白,75F49B2B8F79E7EC01F93FD5C3FC4DDB7E9BC0FA833AB27695700EA00D129F51,text,和泉她们，还有这里的许多人，都是明知如此才配合斯卫军的方针。\p
3348,game_t03358,０３０：１９９８年_34：近づく戦場　７月１０日.egpack,０３０：１９９８年_34：近づく戦場　７月１０日,旁白,467DA09CC54A2D55996E3FE0305A274E50AF2DCA718C05A1E7B446D5606F18B6,text,可一切不知何时被彻底翻转；她们在毫不知情间，被推上了通往真正战争的轨道。\p
3349,game_t03359,０３０：１９９８年_34：近づく戦場　７月１０日.egpack,０３０：１９９８年_34：近づく戦場　７月１０日,和泉,77CBEE063CCBD247DD923BDC5229C97C3D60789DEB14915D0C80F9D9AD17EBAC,text,「啊啊啊……呜……啊啊啊……啊啊……！！」\p
3350,game_t03360,０３０：１９９８年_34：近づく戦場　７月１０日.egpack,０３０：１９９８年_34：近づく戦場　７月１０日,唯依,FC1BB2D07B8CA4CB833A8FC775711F88FDC75DF9188537E5BF556C9021D9D39C,text,「…\w…\w…\w…\w」\p
3351,game_t03361,０３０：１９９８年_34：近づく戦場　７月１０日.egpack,０３０：１９９８年_34：近づく戦場　７月１０日,旁白,EF36E385BBDB1923CFFB8759C012BE39572DBAA99D22368C691121E3A71A7EBA,text,和泉她们一直生活在放学路上吃冰淇淋、给男朋友打电话这些微小的日常幸福中……\p
3352,game_t03362,０３０：１９９８年_34：近づく戦場　７月１０日.egpack,０３０：１９９８年_34：近づく戦場　７月１０日,和泉,EFB3B9FD81331D05923F6F057C776AC4E4B487D7E0D93513550874E8EEC7AC7E,text,「——啊啊啊……为什么——为什么……啊啊啊啊！！」\p
3353,game_t03363,０３０：１９９８年_34：近づく戦場　７月１０日.egpack,０３０：１９９８年_34：近づく戦場　７月１０日,山城,EF3F1091F2B619355759F986EE4862857064B079F931FFDFE384AF5D08E67A1F,text,「——究竟发生什么事了！？」\p
3354,game_t03364,０３０：１９９８年_34：近づく戦場　７月１０日.egpack,０３０：１９９８年_34：近づく戦場　７月１０日,志摩子,BD0049CBF163FEC9F7D93364C4F9B5D3CEAD52A4284B04945CE8AB8602CF729F,text,「和泉的未婚夫……在九州的战线上……」\p
3355,game_t03365,０３０：１９９８年_34：近づく戦場　７月１０日.egpack,０３０：１９９８年_34：近づく戦場　７月１０日,山城,B9F4FB14B88EEDCE1D99031D7E4C9A84AAF3B799DBF51866C3B2601130AE3150,text,「是……这样啊……」\p
3356,game_t03366,０３０：１９９８年_34：近づく戦場　７月１０日.egpack,０３０：１９９８年_34：近づく戦場　７月１０日,候補生,96CC80A4C836C01ABD219684F1E63624EFC39A027EF2F44846CC1954DC208E2E,text,「我的表哥夫妇也在鸟取……疏散已经乱成一团……」\p
3357,game_t03367,０３０：１９９８年_34：近づく戦場　７月１０日.egpack,０３０：１９９８年_34：近づく戦場　７月１０日,唯依,3774F3E1D5F560EED718B811D677760EE70E22F8819A81CEFC8B07DD8BD8D8B3,text,「和泉……我们回房间吧？」\p
3358,game_t03368,０３０：１９９８年_34：近づく戦場　７月１０日.egpack,０３０：１９９８年_34：近づく戦場　７月１０日,和泉,9F436EE6695A768BF6D1B22BC8B2A5BC0A71CB63758512359A0EC659B4E9C0AA,text,「呜……呜呜……忠道…………」\p
3359,game_t03369,０３０：１９９８年_34：近づく戦場　７月１０日.egpack,０３０：１９９８年_34：近づく戦場　７月１０日,志摩子,B8A9974C0A02A2B3E30920F8554A96107069D1D26886C92C3F41AFC118614823,text,「和泉……」\p
3360,game_t03370,０３０：１９９８年_34：近づく戦場　７月１０日.egpack,０３０：１９９８年_34：近づく戦場　７月１０日,安芸,FC1BB2D07B8CA4CB833A8FC775711F88FDC75DF9188537E5BF556C9021D9D39C,text,「…\w…\w…\w…\w」\p
3361,game_t03371,０３０：１９９８年_34：近づく戦場　７月１０日.egpack,０３０：１９９８年_34：近づく戦場　７月１０日,和泉,75DE747A37CE7989FB4CF88FBBBF65315BB7F5ABAD7D43E2DDCBE3AFE5C682AB,text,「不要……我不要——为什么忠道非得遭这种罪！？为什么……为什么啊……」\p
3362,game_t03372,０３０：１９９８年_34：近づく戦場　７月１０日.egpack,０３０：１９９８年_34：近づく戦場　７月１０日,唯依,3B7D55635B2C08DAAE50FB5B7968CE9071A4FB3993F083AAFEB3180DE789D0D5,text,「这是……」\p
3363,game_t03373,０３０：１９９８年_34：近づく戦場　７月１０日.egpack,０３０：１９９８年_34：近づく戦場　７月１０日,志摩子,FC1BB2D07B8CA4CB833A8FC775711F88FDC75DF9188537E5BF556C9021D9D39C,text,「…\w…\w…\w…\w」\p
3364,game_t03374,０３０：１９９８年_34：近づく戦場　７月１０日.egpack,０３０：１９９８年_34：近づく戦場　７月１０日,山城,BC66A9339E13B9E5284AD450AF1C18AF587E4E2DC3920EB827C34394921DB23C,text,「能登同学……给你。这个很重要吧……」\p
3365,game_t03375,０３０：１９９８年_34：近づく戦場　７月１０日.egpack,０３０：１９９８年_34：近づく戦場　７月１０日,和泉,29B549E5D8116777E33462161EDB98C3F72D71BB80622B6CDE05CF9471EFBE68,text,「啊啊啊……呜……啊啊啊……啊……」\p
3366,game_t03376,０３０：１９９８年_34：近づく戦場　７月１０日.egpack,０３０：１９９８年_34：近づく戦場　７月１０日,唯依,B91EE4A56B82C1980CB7CD3FCC1908E902A6967728251076AAEB858CE4A17CD9,text,「和泉，我们回房间吧？好吗……」\p
3367,game_t03377,０３０：１９９８年_34：近づく戦場　７月１０日.egpack,０３０：１９９８年_34：近づく戦場　７月１０日,Ｎキャスター,EF29A029A9400E51C79815E047FC3C12DF407E397E4D54C39D1EE7A65EB4265E,text,「——对此，日本帝国军、本土防卫军、驻日美军及联合国军，已在首都京都正面构筑一条连接舞鹤与神户的三方联合防线，并将联合舰队部署于日本海、濑户内海及大阪湾……」\p
3368,game_t03378,０３０：１９９８年_34：近づく戦場　７月１０日.egpack,０３０：１９９８年_34：近づく戦場　７月１０日,旁白,9192644ABB24C94C22CBADE270208C165925DF1A843639205F9B715654B59EB4,text,没错，战斗此刻仍在继续。像和泉未婚夫这样的牺牲者，今后还会增加。所以——\p
3369,game_t03379,０３０：１９９８年_34：近づく戦場　７月１０日.egpack,０３０：１９９８年_34：近づく戦場　７月１０日,安芸,7566F218A09DDB142F004A41F667F1D194D1A6387651F7F8E0A314AA13861ECB,text,「任官时间提前，果然是因为这个吧……」\p
3370,game_t03380,０３０：１９９８年_34：近づく戦場　７月１０日.egpack,０３０：１９９８年_34：近づく戦場　７月１０日,旁白,792326028FF60DBDC2CDD4669073EEBC8889CADE9A6D04DB82073BA0BD4126F5,text,……这种违和感，到底是怎么回事。\p
3371,game_t03381,０３０：１９９８年_34：近づく戦場　７月１０日.egpack,０３０：１９９８年_34：近づく戦場　７月１０日,Ｎキャスター,AA2FF3DC1770167B05BDD26F53F771303F3F537F104681628DC12A4A46D54347,text,「此外，美国已暗示将派遣第三舰队；对此，联合国军与大东亚联合正同帝国军司令部共同……」\p
3372,game_t03382,０３０：１９９８年_34：近づく戦場　７月１０日.egpack,０３０：１９９８年_34：近づく戦場　７月１０日,唯依,FC1BB2D07B8CA4CB833A8FC775711F88FDC75DF9188537E5BF556C9021D9D39C,text,「…\w…\w…\w…\w」\p
3373,game_t03383,０３０：１９９８年_34：近づく戦場　７月１０日.egpack,０３０：１９９８年_34：近づく戦場　７月１０日,旁白,EEAA1A69862BBED3782042A82532FBC5B57F08440FDB5E68ECEC3014696D7615,text,对……没有……\p
3374,game_t03384,０３０：１９９８年_34：近づく戦場　７月１０日.egpack,０３０：１９９８年_34：近づく戦場　７月１０日,旁白,E93E8E4E87697BE8A28FE09020AF956F89395FE8E21BAFBE624217F8E9D9D055,text,从刚才起，新闻一次也没提到斯卫军的动向……！\p
3375,game_t03385,０３０：１９９８年_34：近づく戦場　７月１０日.egpack,０３０：１９９８年_34：近づく戦場　７月１０日,Ｎキャスター,81C424640A252ADDDC2E02D0F476E698BF69916564B633FB6A554FF0627146D2,text,「——日本帝国军与本土防卫军正努力加强同驻日美军及联合国军的协同，以阻止BETA向东推进」\p
3376,game_t03386,０３０：１９９８年_34：近づく戦場　７月１０日.egpack,０３０：１９９８年_34：近づく戦場　７月１０日,旁白,D6DAEAB31D694825D138316FE5B8CF1A5BE114C13C56ADF5ED064BD9D3D08068,text,为什么……？和泉的未婚夫明明在九州战死……\p
3377,game_t03387,０３０：１９９８年_34：近づく戦場　７月１０日.egpack,０３０：１９９８年_34：近づく戦場　７月１０日,旁白,25C73D0D405E457B32860DF4C43F0410B21590036EEF015472246651DE7DDF50,text,包括伊势、出云在内，许多斯卫军部队明明都曾英勇迎击BETA的进攻……\p
3378,game_t03388,０３０：１９９８年_34：近づく戦場　７月１０日.egpack,０３０：１９９８年_34：近づく戦場　７月１０日,旁白,8CE1D62293FC504608E8E1EA12CDFA98395B06ED3953C54E2BBCDB0E3383C5BC,text,可为什么，斯卫军却……\p
3379,game_t03389,０３０：１９９８年_34：近づく戦場　７月１０日.egpack,０３０：１９９８年_34：近づく戦場　７月１０日,安倍大佐,B67967607461395B0221E4917A91B5B1773C35E89FC9A6192360D3A40A01D23E,text,「不合时宜的狂信集团，或是军国主义的亡灵——」\p
3380,game_t03390,０３０：１９９８年_34：近づく戦場　７月１０日.egpack,０３０：１９９８年_34：近づく戦場　７月１０日,安倍大佐,9FEF5273D606A9ACB1A9754A95DA69FEA309E98029D74EFB838C1320160AF1D7,text,「遗憾的是，这种背离事实的认识与戒心，至今仍潜藏于帝国其余四军、驻日美军和驻日联合国军之中。」\p
3381,game_t03391,０３０：１９９８年_34：近づく戦場　７月１０日.egpack,０３０：１９９８年_34：近づく戦場　７月１０日,小沢提督,902EC8EB3080994F03E45ECE1B7C6EF14AA0E787675A84B4730B4874F2B52A5D,text,「或许你们不得不奔赴九死一生的任务，却得不到身为陛下与殿下至宝的帝国国民哪怕一次理解，也听不到一句感谢。」\p
3382,game_t03392,０３０：１９９８年_34：近づく戦場　７月１０日.egpack,０３０：１９９８年_34：近づく戦場　７月１０日,小沢提督,614ACF543A919DFB3CD512F450DEEBCDA1C736E5158B5F08F9CC7C1E87366B56,text,「……但还是请你们忍辱负重。」\p
3383,game_t03393,０３０：１９９８年_34：近づく戦場　７月１０日.egpack,０３０：１９９８年_34：近づく戦場　７月１０日,小沢提督,9310C2BC575579D6B8546693BA14179EE3403D3888F7C814CDF616874CBCF2B9,text,「在本次大战中，当身为斯卫的诸位充分发挥那无比精强的实力时——就意味着日本已沦为战场，身为陛下与殿下珍宝的国民也已困苦至极。」\p
3384,game_t03394,０３０：１９９８年_34：近づく戦場　７月１０日.egpack,０３０：１９９８年_34：近づく戦場　７月１０日,小沢提督,6C94E03118E771ED7197636A6222BE5E0F79FC04229C7941EEEF576D0FE74C28,text,「诸位遭受无端诽谤的时刻，恰恰证明帝国仍维持着和平。」\p
3385,game_t03395,０３０：１９９８年_34：近づく戦場　７月１０日.egpack,０３０：１９９８年_34：近づく戦場　７月１０日,唯依,FC1BB2D07B8CA4CB833A8FC775711F88FDC75DF9188537E5BF556C9021D9D39C,text,「…\w…\w…\w…\w」\p
3386,game_t03396,０３０：１９９８年_34：近づく戦場　７月１０日.egpack,０３０：１９９８年_34：近づく戦場　７月１０日,旁白,2AB58D3D3CF5F0444162EC84288F32215652D6BF47588AB8D088A79F5CDC70ED,text,也许……就是这么回事吧……\p
3387,game_t03397,０３０：１９９８年_34：近づく戦場　７月１０日.egpack,０３０：１９９８年_34：近づく戦場　７月１０日,旁白,A435CCCF9247699A7E4B95AC088C80BDBD26FCFEB1F6847251BFEDC839DC4D2B,text,我们……是不是一直都处在这样的立场……\p
3388,game_t03398,０３０：１９９８年_35：国民の避難　同日　１０日.egpack,０３０：１９９８年_35：国民の避難　同日　１０日,老人,C97C975DFB3AD10D48359FAB09A33E2E5693D172F9F0E184A773779EA51CC95D,text,「——我要回京都！」\p
3389,game_t03399,０３０：１９９８年_35：国民の避難　同日　１０日.egpack,０３０：１９９８年_35：国民の避難　同日　１０日,義息,CCF8BFAC4B38F77B0D81AA50F818E5917E40C07F4AEB7A3188C9F988CAD3C9F6,text,「——爸！」\p
3390,game_t03400,０３０：１９９８年_35：国民の避難　同日　１０日.egpack,０３０：１９９８年_35：国民の避難　同日　１０日,老人,F3A164049CEC4F1C6D1ADF0FFCD44DBF79CAE1BC32D9784B01476F622DDD05E6,text,「——你们走！京都要是陷落，逃到哪里都一样……！」\p
3391,game_t03401,０３０：１９９８年_35：国民の避難　同日　１０日.egpack,０３０：１９９８年_35：国民の避難　同日　１０日,義息,C5DD7ECC287AAEA466B638693C99EA5FC981E0670B6F733993972582A5034C9C,text,「爸……！？」\p
3392,game_t03402,０３０：１９９８年_35：国民の避難　同日　１０日.egpack,０３０：１９９８年_35：国民の避難　同日　１０日,義息,D3749F4533631A77205D6BA926629D14591C0FA454D84F54F4FC9578FD89B159,text,「等等，爸——！？」\p
3393,game_t03403,０３０：１９９８年_35：国民の避難　同日　１０日.egpack,０３０：１９９８年_35：国民の避難　同日　１０日,妻,073840BCB89E7BF4CC02ADF556D1F3F31D133F21318C13B489F3A4E807311631,text,「…\w…\w…\w…\w！！」\p
3394,game_t03404,０３０：１９９８年_36：初陣数日前　各キャラ点描　巌谷.egpack,０３０：１９９８年_36：初陣数日前　各キャラ点描　巌谷,秘書官,84388DCEEE474A4BE99763A89B934B2F99DD7896810CB7F2AF33A7E164F45792,text,「我国对向东推进的BETA共设四重防御。」\p
3395,game_t03405,０３０：１９９８年_36：初陣数日前　各キャラ点描　巌谷.egpack,０３０：１９９８年_36：初陣数日前　各キャラ点描　巌谷,秘書官,D8AAB32BC5CDF387474956F9C57CEB2615C4A7B4831DAB658A8827FA369D05F7,text,「作为最外围的宫津—丹波—明石第一防线，由帝国陆军中部方面军第17、第21师、以从朝鲜半岛转进日本的美国陆军第8军为主力的联合国军残部，以及大东亚联合军主力共同固守。」\p
3396,game_t03406,０３０：１９９８年_36：初陣数日前　各キャラ点描　巌谷.egpack,０３０：１９９８年_36：初陣数日前　各キャラ点描　巌谷,秘書官,09095B15F817F797E20F8B7FC3E6AA34E1A73C0C4123502E87B2B40BBF689121,text,「舞鹤—筱山—神户第二防线，则以帝国本土防卫军第10师、帝国陆军第15和第22师为主力部署。」\p
3397,game_t03407,０３０：１９９８年_36：初陣数日前　各キャラ点描　巌谷.egpack,０３０：１９９８年_36：初陣数日前　各キャラ点描　巌谷,秘書官,658FE8470D31B371B088CFF2BBB3BB4186081823A4070E934FC489FDC8E35D04,text,「除此之外，帝国海军陆战队所属的一个A-6J旅、紧急展开的帝国陆军第5师一部，以及以驻日美国陆军为主力的联合国军两个战术机甲师，均作为预备兵力部署，以求万无一失。」\p
3398,game_t03408,０３０：１９９８年_36：初陣数日前　各キャラ点描　巌谷.egpack,０３０：１９９８年_36：初陣数日前　各キャラ点描　巌谷,秘書官,248CD31C81372A7705127B7784D986CD8DC332AA94715B64C0A6C87A68689AEB,text,「小滨—龟冈—大阪最终防线由帝国本土防卫军第3师及帝国军第18、第20师固守。」\p
3399,game_t03409,０３０：１９９８年_36：初陣数日前　各キャラ点描　巌谷.egpack,０３０：１９９８年_36：初陣数日前　各キャラ点描　巌谷,秘書官,F98906CA140747B0B6ECB3B20A5A667513BC352E89A24F8C56274FE2738D8667,text,「至于帝都近郊的绝对防卫线——京都外围高地及京都市区，则由增援后的帝国本土防卫军第1师及斯卫军第1、第2联队镇守。」\p
3400,game_t03410,０３０：１９９８年_36：初陣数日前　各キャラ点描　巌谷.egpack,０３０：１９９８年_36：初陣数日前　各キャラ点描　巌谷,秘書官,360891DC39FF5FC039316AF976AD694EDA53D886E95EC5F48747C31A887D451F,text,「绝对防卫线西南地区的丹波高地一带，已布设用于防范小型种渗透的山地雷区和远程支援炮击阵地；光线属种照射诱导范围及面压制有效范围覆盖全域。」\p
3401,game_t03411,０３０：１９９８年_36：初陣数日前　各キャラ点描　巌谷.egpack,０３０：１９９８年_36：初陣数日前　各キャラ点描　巌谷,秘書官,AE826FDE8EAC734EC33CD0E5501A44E38760548BE38E3636FD02626B689AE13C,text,「此外，除岚山、桂、壬生、二条城等常设基地外，临时驻地和补给基地也遍布整个战区，并与奈良、大阪市区的临时基地及炮击阵地协同，以应对BETA凭借数量发动的进攻。」\p
3402,game_t03412,０３０：１９９８年_36：初陣数日前　各キャラ点描　巌谷.egpack,０３０：１９９８年_36：初陣数日前　各キャラ点描　巌谷,秘書官,70AE3842E96178C83514FFDDFAD92E0E31E7459636C22A6706485270159037C4,text,「帝都背后的琵琶湖还有帝国海军第二舰队的3艘战列舰、9艘重巡洋舰、14艘支援火箭炮舰以及美国第七舰队待命；从琵琶湖西岸至伊贺一带，则由从中部、关东抽调的相当于三个师的战术机甲部队严密防守。」\p
3403,game_t03413,０３０：１９９８年_36：初陣数日前　各キャラ点描　巌谷.egpack,０３０：１９９８年_36：初陣数日前　各キャラ点描　巌谷,秘書官,5BA54942FE101A9DE5298C4716D048316720F6F223A25658E46E03BFCCC3C00F,text,「吸取九州、四国及中国地区的战训，在各防线之间、主要是平原地区，预先配置了大量供战术机甲部队使用的野战补给集装箱，使各部队可以按需自行补给，从而提高持续作战能力。」\p
3404,game_t03414,０３０：１９９８年_36：初陣数日前　各キャラ点描　巌谷.egpack,０３０：１９９８年_36：初陣数日前　各キャラ点描　巌谷,秘書官,1BEDD34B445BBC326AC06AA5F21869D8852DAD3AE5E09971921DC08E573D0329,text,「此外，联合舰队与联合国太平洋舰队已在舞鹤近海的日本海及大阪湾展开，以灵活机动的应变行动，为丹波高地炮击阵地群无法覆盖的战区提供远程侧翼支援——报告完毕。」\p
3405,game_t03415,０３０：１９９８年_36：初陣数日前　各キャラ点描　巌谷.egpack,０３０：１９９８年_36：初陣数日前　各キャラ点描　巌谷,巌谷中佐,2BD984B32B16DCC7F308C484BC4E2165E639DB011B49D118DA527FB3363B7C27,text,「……帝都的疏散情况如何？」\p
3406,game_t03416,０３０：１９９８年_36：初陣数日前　各キャラ点描　巌谷.egpack,０３０：１９９８年_36：初陣数日前　各キャラ点描　巌谷,秘書官,938EE6F14FE48D078708B5C25FCDF5FBFE0E70E3A317622A119CD4DE2F6EBE5A,text,「除军人与军属外，目前留在京都市内的只有支援作战的政府机关职员、媒体从业者，以及能够自行疏散的武家宅邸看守等。」\p
3407,game_t03417,０３０：１９９８年_36：初陣数日前　各キャラ点描　巌谷.egpack,０３０：１９９８年_36：初陣数日前　各キャラ点描　巌谷,巌谷中佐,FC1BB2D07B8CA4CB833A8FC775711F88FDC75DF9188537E5BF556C9021D9D39C,text,「…\w…\w…\w…\w」\p
3408,game_t03418,０３０：１９９８年_36：初陣数日前　各キャラ点描　巌谷.egpack,０３０：１９９８年_36：初陣数日前　各キャラ点描　巌谷,秘書官,1C1B2E256D805DAEDC376B02B8908C509215D836424F3AB302388688163462D7,text,「除少数人外，平民疏散已经完成。」\p
3409,game_t03419,０３０：１９９８年_36：初陣数日前　各キャラ点描　巌谷.egpack,０３０：１９９８年_36：初陣数日前　各キャラ点描　巌谷,巌谷中佐,AE9E22032BE9F7633003F260A66868A88D7DFCBDD509786B7FA05F6C7057CC5A,text,「少数人……是拒绝疏散的平民吗？」\p
3410,game_t03420,０３０：１９９８年_36：初陣数日前　各キャラ点描　巌谷.egpack,０３０：１９９８年_36：初陣数日前　各キャラ点描　巌谷,秘書官,99943470587F8011571144CD1C88DAEEC2FE541A1B3FC70DB1467834D588975A,text,「是，据悉搜寻和强制疏散将在今日1900时停止。」\p
3411,game_t03421,０３０：１９９８年_36：初陣数日前　各キャラ点描　巌谷.egpack,０３０：１９９８年_36：初陣数日前　各キャラ点描　巌谷,巌谷中佐,A671043F64659FAB9357D0F091E0F84A44BBB307FEF870D398C4AFE201EE08C9,text,「……忙于执行作战，现在连一名士兵都舍不得抽调……是这个意思吗？」\p
3412,game_t03422,０３０：１９９８年_36：初陣数日前　各キャラ点描　巌谷.egpack,０３０：１９９８年_36：初陣数日前　各キャラ点描　巌谷,秘書官,FC1BB2D07B8CA4CB833A8FC775711F88FDC75DF9188537E5BF556C9021D9D39C,text,「…\w…\w…\w…\w」\p
3413,game_t03423,０３０：１９９８年_36：初陣数日前　各キャラ点描　巌谷.egpack,０３０：１９９８年_36：初陣数日前　各キャラ点描　巌谷,巌谷中佐,B5D3B3F3A23B2711000092CAA2F4CEDA58F2ADFDBF0829055B5A1FFAEFAACD27,text,「……辛苦了。退下吧。」\p
3414,game_t03424,０３０：１９９８年_36：初陣数日前　各キャラ点描　巌谷.egpack,０３０：１９９８年_36：初陣数日前　各キャラ点描　巌谷,秘書官,D81F15171609EA51734D9027BDCB3A90DE3B99CD7E32BD6EE0E31A8375E7DA8E,text,「——是，属下告退。」\p
3415,game_t03425,０３０：１９９８年_36：初陣数日前　各キャラ点描　巌谷.egpack,０３０：１９９８年_36：初陣数日前　各キャラ点描　巌谷,巌谷中佐,EC32CD35B19853EC9BF1F85FC808BDF5F25CCE4F4307BD220FDA4C37E9B5F702,text,「……能做的都做了……是吗？」\p
3416,game_t03426,０３０：１９９８年_36：初陣数日前　各キャラ点描　巌谷.egpack,０３０：１９９８年_36：初陣数日前　各キャラ点描　巌谷,巌谷中佐,92372D1391B0E5CBFD96BD5026FC0B4ECBD206C8EC1544935215B8FE286D6B09,text,「会是一场苦战啊……」\p
3417,game_t03427,０３０：１９９８年_36：初陣数日前　各キャラ点描　巌谷.egpack,０３０：１９９８年_36：初陣数日前　各キャラ点描　巌谷,巌谷中佐,E666EBDF373624CDA621D188AD789579AD85FFAB85721D95BB69DEFF5AB01667,text,「……唯依啊。」\p
3418,game_t03428,０３０：１９９８年_36：初陣数日前　各キャラ点描　巌谷.egpack,０３０：１９９８年_36：初陣数日前　各キャラ点描　巌谷,巌谷中佐,F9EF7FA740803F15D307ABBD1C3D2A7DB37F33A9CEDC314DBEFF739C138F7912,text,「别让祐唯和栴纳夫人伤心啊……」\p
3419,game_t03429,０３０：１９９８年_37：初陣数日前　各キャラ点描　和泉.egpack,０３０：１９９８年_37：初陣数日前　各キャラ点描　和泉,和泉,F49F83489A6477AED39AB51EB6441EB6241D708C997E11E58CADA06B93580F69,text,「……忠道很喜欢这个时分呢。」\p
3420,game_t03430,０３０：１９９８年_37：初陣数日前　各キャラ点描　和泉.egpack,０３０：１９９８年_37：初陣数日前　各キャラ点描　和泉,和泉,3CAD55CB07F3D21BC17A8CF84DFD65FE7FA54CC0BAC2E9469103D9E8EF8D9032,text,「最喜欢夏日黄昏前，整个世界染上一层淡淡藤色的时分……」\p
3421,game_t03431,０３０：１９９８年_37：初陣数日前　各キャラ点描　和泉.egpack,０３０：１９９８年_37：初陣数日前　各キャラ点描　和泉,和泉,71C8B37FFF130FDE2BBEF4131F0C73B078E17884F839DF78724B5539EC8C4A6B,text,「……呜……啊……！」\p
3422,game_t03432,０３０：１９９８年_37：初陣数日前　各キャラ点描　和泉.egpack,０３０：１９９８年_37：初陣数日前　各キャラ点描　和泉,和泉,FB4763C70C743355639576C9CECF4BB67F17C5381BF5A21D333288D1D51BA9C1,text,「……骗子……」\p
3423,game_t03433,０３０：１９９８年_37：初陣数日前　各キャラ点描　和泉.egpack,０３０：１９９８年_37：初陣数日前　各キャラ点描　和泉,能登家執事,B346F85260C2D7044A33CD8CE162EF59A1F4293E74DDC0433C87DC8415F0C312,text,「田上少尉为了支援帝国军博多守备部队向山区后撤，一直留在宗像市，最终在那里战死。」\p
3424,game_t03434,０３０：１９９８年_37：初陣数日前　各キャラ点描　和泉.egpack,０３０：１９９８年_37：初陣数日前　各キャラ点描　和泉,能登家執事,FF2BF7936ECD6A324306D5CE114E52A8E1061686D6D0B444E4A9BC38E0D61DA5,text,「虽未确认遗体，但已收到消息：与后撤的帝国军取得接触的强行补给部队带回了数据链记录。——请节哀，小姐……」\p
3425,game_t03435,０３０：１９９８年_37：初陣数日前　各キャラ点描　和泉.egpack,０３０：１９９８年_37：初陣数日前　各キャラ点描　和泉,和泉,203377E677B3ACDAE249D554B9391E59BF974D4970900AAB6A2E1DDDF48ADED4,text,「以后……再也看不到你的笑容了呢……」\p
3426,game_t03436,０３０：１９９８年_37：初陣数日前　各キャラ点描　和泉.egpack,０３０：１９９８年_37：初陣数日前　各キャラ点描　和泉,和泉,9CCCBE67DB2D0B0DCA6F1B20102B8A1505FBD3DA3252D90869D24C9C4941F6CC,text,「你再也……不会凝望我了呢……」\p
3427,game_t03437,０３０：１９９８年_37：初陣数日前　各キャラ点描　和泉.egpack,０３０：１９９８年_37：初陣数日前　各キャラ点描　和泉,和泉,AD4856C5D28CF6160CF0AE56CA1D79278F35F87712710B3A56E98300ACE4F940,text,「也不会再用你的手指……抚摸我的脸颊了呢……」\p
3428,game_t03438,０３０：１９９８年_37：初陣数日前　各キャラ点描　和泉.egpack,０３０：１９９８年_37：初陣数日前　各キャラ点描　和泉,能登父,5624B7E4C8C8E1E3F0338FD9C6DEC9A173FC5555785C2B89767E2968186B1CF6,text,「——和泉，听爸爸说。你将来要嫁给今天陪你玩的忠道大人哦。」\p
3429,game_t03439,０３０：１９９８年_37：初陣数日前　各キャラ点描　和泉.egpack,０３０：１９９８年_37：初陣数日前　各キャラ点描　和泉,和泉,6363C249BCB3572CE0627A236106A5DA629809531C69C53E96E58889CFAFEF73,text,「咦～？和泉要做人家的新娘吗？」\p
3430,game_t03440,０３０：１９９８年_37：初陣数日前　各キャラ点描　和泉.egpack,０３０：１９９８年_37：初陣数日前　各キャラ点描　和泉,能登母,9E8B39137B9F9500B28E47F09A604F727F59C8806B6D83CD23A1AAB203910D06,text,「……是啊。要和忠道大人好好相处哦。」\p
3431,game_t03441,０３０：１９９８年_37：初陣数日前　各キャラ点描　和泉.egpack,０３０：１９９８年_37：初陣数日前　各キャラ点描　和泉,和泉,8997875A0057FA343C73E935BABAEF96436EA038A89832A2EA6B81663450B928,text,「嗯！和泉要嫁给忠道大人！因为忠道大人又温柔又帅气嘛！」\p
3432,game_t03442,０３０：１９９８年_37：初陣数日前　各キャラ点描　和泉.egpack,０３０：１９９８年_37：初陣数日前　各キャラ点描　和泉,和泉,32F310AD486A1B7D75E00859617103499AA3E18EFA883D6D815E1D5D77A8EDD9,text,「而且呀，他还给了我好多点心！还让我看了忠道大人养的猫！」\p
3433,game_t03443,０３０：１９９８年_37：初陣数日前　各キャラ点描　和泉.egpack,０３０：１９９８年_37：初陣数日前　各キャラ点描　和泉,能登父,A08E9133397949CF9E921CCF41AF6C5531AF58F66BB1EA0538DC7C0B487A81AA,text,「是吗是吗，那太好了！和泉是能登家的幺女。那才是最幸福的。」\p
3434,game_t03444,０３０：１９９８年_37：初陣数日前　各キャラ点描　和泉.egpack,０３０：１９９８年_37：初陣数日前　各キャラ点描　和泉,能登母,74CEAF188C8C97BE74764CCE6591B26F1703A252F98D5C5127A41446924F601E,text,「……是啊。」\p
3435,game_t03445,０３０：１９９８年_37：初陣数日前　各キャラ点描　和泉.egpack,０３０：１９９８年_37：初陣数日前　各キャラ点描　和泉,和泉,3F9492050CF2A20C360A8B810E6FEAA881E59A3AD20FBE1334BC8361757C5344,text,「忠道……就算这桩婚事是能登家主动求来的，那些都无所谓。因为……我是真的爱着你啊……」\p
3436,game_t03446,０３０：１９９８年_37：初陣数日前　各キャラ点描　和泉.egpack,０３０：１９９８年_37：初陣数日前　各キャラ点描　和泉,和泉,E76A95E0524B9D5E7D1A94FDD8C46FAAA96918D98777DFD6B4E3EDDD8908A082,text,「谢谢你……忠道……我……已经确认了……」\p
3437,game_t03447,０３０：１９９８年_37：初陣数日前　各キャラ点描　和泉.egpack,０３０：１９９８年_37：初陣数日前　各キャラ点描　和泉,和泉,4EA36DBE3CAF1378DB1C33C0B8D7BCC48D0D76AB46E6ECEB4F5BB87D335E8D57,text,「能登和泉为何而战……我已经明白了……」\p
3438,game_t03448,０３０：１９９８年_38：初陣数日前　各キャラ点描　安芸.egpack,０３０：１９９８年_38：初陣数日前　各キャラ点描　安芸,安芸,A1422EC005C8FB2865225F83381EE6AA0C71957A2590F7942C7D2025A06CB4DE,text,「——101……102……103……！！」\p
3439,game_t03449,０３０：１９９８年_38：初陣数日前　各キャラ点描　安芸.egpack,０３０：１９９８年_38：初陣数日前　各キャラ点描　安芸,安芸,3B60CE2F7022D6EC4AD59009517031ACD1A4462F4E566E614F090143E9323052,text,「能做到哪儿……就做到哪儿！107……108……！！」\p
3440,game_t03450,０３０：１９９８年_38：初陣数日前　各キャラ点描　安芸.egpack,０３０：１９９８年_38：初陣数日前　各キャラ点描　安芸,安芸,700CE8A17D2D08673F43B2E95524BAF0890BB1DBD20B1189E877AD22F34023A3,text,「要是被人发现我做这种事……」\p
3441,game_t03451,０３０：１９９８年_38：初陣数日前　各キャラ点描　安芸.egpack,０３０：１９９８年_38：初陣数日前　各キャラ点描　安芸,安芸,793C268EE7030F8BDE9DEE8738CF50B67FB435CC5883CE3B29C09A5F4C29F0F6,text,「说不定反而……还会挨夸呢……！」\p
3442,game_t03452,０３０：１９９８年_38：初陣数日前　各キャラ点描　安芸.egpack,０３０：１９９８年_38：初陣数日前　各キャラ点描　安芸,尚成,F6594A9BF401A0D0866C5C7B66944A36970AE5C98014C3941EC275B83DB210F7,text,「安艺是女孩子，论基础体力怎么可能赢得过我。」\p
3443,game_t03453,０３０：１９９８年_38：初陣数日前　各キャラ点描　安芸.egpack,０３０：１９９８年_38：初陣数日前　各キャラ点描　安芸,安芸,6F1A4AA95FCACB44D35C8F88AFEAC4664B65FDCF651BF4897BD4557BC34B1A6C,text,「——少……啰嗦……我早晚……会赢过你……！」\p
3444,game_t03454,０３０：１９９８年_38：初陣数日前　各キャラ点描　安芸.egpack,０３０：１９９８年_38：初陣数日前　各キャラ点描　安芸,尚成,5B5DBAD4446340CDE752C553CFC3B16801D835FA915DA115F92CC5947C57D9A2,text,「所以我不是说了吗？不是不动脑子往前冲就行的。」\p
3445,game_t03455,０３０：１９９８年_38：初陣数日前　各キャラ点描　安芸.egpack,０３０：１９９８年_38：初陣数日前　各キャラ点描　安芸,安芸,E123A084E0FB6708144DA82D55A9301712EB12B2DA69F8407F77F2F6A6C66CC3,text,「少啰嗦！……明明是弟弟……还敢这么嚣张……！」\p
3446,game_t03456,０３０：１９９８年_38：初陣数日前　各キャラ点描　安芸.egpack,０３０：１９９８年_38：初陣数日前　各キャラ点描　安芸,尚成,4E353F522FD3EEA423ED377732CC02E510B3CF48A7D20FAE176AC263FDC55DF4,text,「弟弟什么的……双胞胎哪有上下之分——」\p
3447,game_t03457,０３０：１９９８年_38：初陣数日前　各キャラ点描　安芸.egpack,０３０：１９９８年_38：初陣数日前　各キャラ点描　安芸,安芸,D2033B300B1E9BC777E8F4D48F6A6CEE70F9037DB0A7D3F4E22E7AF45E8C3A61,text,「——我知道啦……可身体就是会先动起来啊……！」\p
3448,game_t03458,０３０：１９９８年_38：初陣数日前　各キャラ点描　安芸.egpack,０３０：１９９８年_38：初陣数日前　各キャラ点描　安芸,尚成,AD4DEF466B1FF9572C24166B1DD3628716AF73D2342D71A635B29CE427AE3F20,text,「那你就只能把基本功练到骨子里，做到不用思考也能照着它行动。」\p
3449,game_t03459,０３０：１９９８年_38：初陣数日前　各キャラ点描　安芸.egpack,０３０：１９９８年_38：初陣数日前　各キャラ点描　安芸,安芸,76718E0A1F2124B178D1F151094BFA73BB61B8CB6A7BA022E7AE664785F8840E,text,「——所以我不是一直在练吗……为了超过你……！」\p
3450,game_t03460,０３０：１９９８年_38：初陣数日前　各キャラ点描　安芸.egpack,０３０：１９９８年_38：初陣数日前　各キャラ点描　安芸,安芸,1D5F4217FAFAF11D3545C1275D8F33845DF11BF989993CD1E809432DAF2463EE,text,「太嚣张了……！明明以前比我弱……！」\p
3451,game_t03461,０３０：１９９８年_38：初陣数日前　各キャラ点描　安芸.egpack,０３０：１９９８年_38：初陣数日前　各キャラ点描　安芸,尚成,A0B9C01A064471152E71CEC370B3AEBE0BDD3064932D66A7CBCCF14CBA127FB0,text,「那都是多少年前了？只是小时候女孩发育得更早罢了。」\p
3452,game_t03462,０３０：１９９８年_38：初陣数日前　各キャラ点描　安芸.egpack,０３０：１９９８年_38：初陣数日前　各キャラ点描　安芸,安芸,649FA6B01783C8E3799EA2644B0AA0C50A6C0DE3E435417E2762C365C9F49ECC,text,「都说了少啰嗦……！我绝不能……输给你！」\p
3453,game_t03463,０３０：１９９８年_38：初陣数日前　各キャラ点描　安芸.egpack,０３０：１９９８年_38：初陣数日前　各キャラ点描　安芸,安芸,FC6FD3C5359F65EC74588AB9DA7BE999BC74B8E57B2268982100E7BBC5FED447,text,「明明是双胞胎……个头却只顾越长越大……！」\p
3454,game_t03464,０３０：１９９８年_38：初陣数日前　各キャラ点描　安芸.egpack,０３０：１９９８年_38：初陣数日前　各キャラ点描　安芸,尚成,03393E0CC8032155F8A2322EFF67BD0BD822783C2A81AB361BD1A5517786C3EE,text,「喂，安艺……你到底在急什么……？」\p
3455,game_t03465,０３０：１９９８年_38：初陣数日前　各キャラ点描　安芸.egpack,０３０：１９９８年_38：初陣数日前　各キャラ点描　安芸,真田教官,02FF02006CA837A025B5605F031729ED9930119F7966605746D1BEC82501C3B9,text,「石见候补生……你究竟在急什么？」\p
3456,game_t03466,０３０：１９９８年_38：初陣数日前　各キャラ点描　安芸.egpack,０３０：１９９８年_38：初陣数日前　各キャラ点描　安芸,尚成,49950C7A516146CDDE0788A8998FB322172348036E408A5FBC4201C211F6B9B3,text,「不超过我也没什么不好吧。」\p
3457,game_t03467,０３０：１９９８年_38：初陣数日前　各キャラ点描　安芸.egpack,０３０：１９９８年_38：初陣数日前　各キャラ点描　安芸,安芸,8F6C838725BFEAD1382162FF833B3308EF2A407A5B867DD99659F625D58721D3,text,「——不行……我必须超过你……非超过不可……！」\p
3458,game_t03468,０３０：１９９８年_38：初陣数日前　各キャラ点描　安芸.egpack,０３０：１９９８年_38：初陣数日前　各キャラ点描　安芸,尚成,5E51624C7F0484FBF498D4F0721700B6F2E17BE7C65666450B16541BCCC3B9EF,text,「你是女孩子，没必要勉强自己吧。」\p
3459,game_t03469,０３０：１９９８年_38：初陣数日前　各キャラ点描　安芸.egpack,０３０：１９９８年_38：初陣数日前　各キャラ点描　安芸,安芸,017F9479B5A69A841FB23B577E9D984F03D22008E0538BDFD012BD60ADF3760D,text,「——你才是，明明是个男人……为什么……为什么啊……！」\p
3460,game_t03470,０３０：１９９８年_38：初陣数日前　各キャラ点描　安芸.egpack,０３０：１９９８年_38：初陣数日前　各キャラ点描　安芸,安芸,293F9DD743C70AF1006E0D62C990D37C7DE5E4D595931895A94A789BADD86F5D,text,「居、居然比别人先任官……！」\p
3461,game_t03471,０３０：１９９８年_38：初陣数日前　各キャラ点描　安芸.egpack,０３０：１９９８年_38：初陣数日前　各キャラ点描　安芸,尚成,E1486C0965C567E3E35A746857FE4DFB34D6F6BF7A152D7E29542BC95975ACB4,text,「……你这么说我也没办法啊。」\p
3462,game_t03472,０３０：１９９８年_38：初陣数日前　各キャラ点描　安芸.egpack,０３０：１９９８年_38：初陣数日前　各キャラ点描　安芸,安芸,F8433D932B8BBE8EE125B8F8C0A293BF7856C3BF94B3F7A2843B5BC5C9BCFB5C,text,「你不是说任地在伊势吗！可为什么……为什么会这样！」\p
3463,game_t03473,０３０：１９９８年_38：初陣数日前　各キャラ点描　安芸.egpack,０３０：１９９８年_38：初陣数日前　各キャラ点描　安芸,安芸,BBA0D082BB866F58DEBE093FF7C7659B5B8EBDB359378B21B1AB30FC24507FFE,text,「我根本搞不明白——为什么会战死在大陆啊！」\p
3464,game_t03474,０３０：１９９８年_38：初陣数日前　各キャラ点描　安芸.egpack,０３０：１９９８年_38：初陣数日前　各キャラ点描　安芸,安芸,47A51F549E7529A5CE722683B243F8D1E2E8A6119D1CDAC972338F39F1037620,text,「不该是你继承家业吗……！」\p
3465,game_t03475,０３０：１９９８年_38：初陣数日前　各キャラ点描　安芸.egpack,０３０：１９９８年_38：初陣数日前　各キャラ点描　安芸,安芸,8C43265F263A1C96D1442BBD7B996BB4A73017BD64D32B3853D75F1C7AAE95B1,text,「不许告诉任何人算什么啊！你的……你的死……难道就这样白死了吗……！」\p
3466,game_t03476,０３０：１９９８年_38：初陣数日前　各キャラ点描　安芸.egpack,０３０：１９９８年_38：初陣数日前　各キャラ点描　安芸,尚成,FC1BB2D07B8CA4CB833A8FC775711F88FDC75DF9188537E5BF556C9021D9D39C,text,「…\w…\w…\w…\w」\p
3467,game_t03477,０３０：１９９８年_38：初陣数日前　各キャラ点描　安芸.egpack,０３０：１９９８年_38：初陣数日前　各キャラ点描　安芸,安芸,91CBB7BC7200A1E75F675BDC939338A3C202BDC0D67DB4BE592C71370811E7ED,text,「——呜……呜呜……唔……！！」\p
3468,game_t03478,０３０：１９９８年_38：初陣数日前　各キャラ点描　安芸.egpack,０３０：１９９８年_38：初陣数日前　各キャラ点描　安芸,安芸,E1692A5133F4E821CFD1AE06C5B2CCA806395708E55AD00B4EB911D7DA42D630,text,「可恶！可恶……！」\p
3469,game_t03479,０３０：１９９８年_38：初陣数日前　各キャラ点描　安芸.egpack,０３０：１９９８年_38：初陣数日前　各キャラ点描　安芸,安芸,9DE24A626D1ED4C02E5A02601DA7C5472AB5D3500493DFB625471675CDBCB879,text,「我……我……」\p
3470,game_t03480,０３０：１９９８年_38：初陣数日前　各キャラ点描　安芸.egpack,０３０：１９９８年_38：初陣数日前　各キャラ点描　安芸,安芸,C30C643F577B677D2FA26364F84E3826B1D1F1B6D23B81EB18B81806EBE4C64A,text,「我……羡慕和泉……」\p
3471,game_t03481,０３０：１９９８年_38：初陣数日前　各キャラ点描　安芸.egpack,０３０：１９９８年_38：初陣数日前　各キャラ点描　安芸,安芸,6436918787305FB82584DA2BC80D30E15299C0906E0437454A7626089AEFDFBA,text,「羡慕她有个光荣战死的未婚夫……！」\p
3472,game_t03482,０３０：１９９８年_38：初陣数日前　各キャラ点描　安芸.egpack,０３０：１９９８年_38：初陣数日前　各キャラ点描　安芸,安芸,7A36215A3427C7CE8AB149F78A59E836D9101F9093574863720BD3006554E9A2,text,「我觉得唯依……烦透了……！」\p
3473,game_t03483,０３０：１９９８年_38：初陣数日前　各キャラ点描　安芸.egpack,０３０：１９９８年_38：初陣数日前　各キャラ点描　安芸,安芸,F90596771189664E2C434DF897F04C38534930543146C65CBBB896D5D8DBB1B9,text,「她明明什么都没失去……却总说些正确的大道理……让我火大……！」\p
3474,game_t03484,０３０：１９９８年_38：初陣数日前　各キャラ点描　安芸.egpack,０３０：１９９８年_38：初陣数日前　各キャラ点描　安芸,安芸,E82A0F68DE2B35A71E5E8C36F1D89ACFFBB7F1632D355E0A7E7AEDB9FB1375D0,text,「我也觉得志摩子让人火大……」\p
3475,game_t03485,０３０：１９９８年_38：初陣数日前　各キャラ点描　安芸.egpack,０３０：１９９８年_38：初陣数日前　各キャラ点描　安芸,安芸,3ECD4A0B6E0598DFAF92E69BE925F1B5DF4C9B565CBD63836CEFBD9E50B2FECF,text,「她崇拜唯依……像家臣一样行事……让我看不顺眼……！」\p
3476,game_t03486,０３０：１９９８年_38：初陣数日前　各キャラ点描　安芸.egpack,０３０：１９９８年_38：初陣数日前　各キャラ点描　安芸,安芸,1587460167D3DE9430725B58BD24DD5A0BC77D82D4DB33FE7ED1B70915EE0B8E,text,「但最不可原谅的——是我自己……」\p
3477,game_t03487,０３０：１９９８年_38：初陣数日前　各キャラ点描　安芸.egpack,０３０：１９９８年_38：初陣数日前　各キャラ点描　安芸,安芸,DB518C9BB2AE72E5CDFE6A695157E358A77C6F0FBFDFF473332E8B5E1F0E9BA5,text,「我……最讨厌自己了……！！」\p
3478,game_t03488,０３０：１９９８年_38：初陣数日前　各キャラ点描　安芸.egpack,０３０：１９９８年_38：初陣数日前　各キャラ点描　安芸,安芸,80AEE545B62E1A0A5E3BCC259FCF3A239BEA71A5FC78DB77EE5108F77C540E27,text,「也讨厌自己竟然会那样看待小队的伙伴……！」\p
3479,game_t03489,０３０：１９９８年_38：初陣数日前　各キャラ点描　安芸.egpack,０３０：１９９８年_38：初陣数日前　各キャラ点描　安芸,安芸,45FA7EE86214229A4141E5B853B29F181AE294E4E15286F99B043E9E9084254A,text,「也讨厌自己的身体总在思考之前动起来……！！」\p
3480,game_t03490,０３０：１９９８年_38：初陣数日前　各キャラ点描　安芸.egpack,０３０：１９９８年_38：初陣数日前　各キャラ点描　安芸,安芸,7B337607971D95AAEF72491C85A3487C58052872726D2341594EAAD50B79C8F1,text,「也讨厌自己一次都没赢过你……还讨厌自己是个女人……！！」\p
3481,game_t03491,０３０：１９９８年_38：初陣数日前　各キャラ点描　安芸.egpack,０３０：１９９８年_38：初陣数日前　各キャラ点描　安芸,安芸,6EF570FB00C43B78BEA70F307CFD6A6AD64DB737160ED6FAC2677169019B5224,text,「——所以……只能由我来做……不是吗……」\p
3482,game_t03492,０３０：１９９８年_38：初陣数日前　各キャラ点描　安芸.egpack,０３０：１９９８年_38：初陣数日前　各キャラ点描　安芸,安芸,500AB84D2C0F2805846D4942D7080BE0F6B473B667F1F779FA9025CE7507B56B,text,「——只能由我来……洗刷……」\p
3483,game_t03493,０３０：１９９８年_38：初陣数日前　各キャラ点描　安芸.egpack,０３０：１９９８年_38：初陣数日前　各キャラ点描　安芸,安芸,B76D81CE18A9E66FE2CF81C478BA7BC8FE96E2C4969275A520917058C9BC3B74,text,「离你留下的纪录……还差51次！」\p
3484,game_t03494,０３０：１９９８年_39：初陣数日前　各キャラ点描　志摩子.egpack,０３０：１９９８年_39：初陣数日前　各キャラ点描　志摩子,志摩子,F2DC433A3FCBB76327710E62D20FC412B3D8C9BBB70FF2F2C1094F2316CEE9A9,text,「……我出发了。」\p
3485,game_t03495,０３０：１９９８年_39：初陣数日前　各キャラ点描　志摩子.egpack,０３０：１９９８年_39：初陣数日前　各キャラ点描　志摩子,志摩子,D62C7343684520D861D84523FB6B1D0C6146B0634FD8ED87A241873B489A33BE,text,「没想到不只父亲、义兄，连我也会穿上这身军服……」\p
3486,game_t03496,０３０：１９９８年_39：初陣数日前　各キャラ点描　志摩子.egpack,０３０：１９９８年_39：初陣数日前　各キャラ点描　志摩子,志摩子,2353E46C80846AFD0DEB8B057A62E655B8C04B6CB5145396A3BE5B1F2C2C9EAD,text,「自从义兄来到甲斐家后，家里明明一直说，女孩子不该习武……」\p
3487,game_t03497,０３０：１９９８年_39：初陣数日前　各キャラ点描　志摩子.egpack,０３０：１９９８年_39：初陣数日前　各キャラ点描　志摩子,志摩子,4F62B5D94A971585EC49D7A43F5A7287D0BA58792BFD21378466EFF3383B41F8,text,「父亲、母亲……」\p
3488,game_t03498,０３０：１９９８年_39：初陣数日前　各キャラ点描　志摩子.egpack,０３０：１９９８年_39：初陣数日前　各キャラ点描　志摩子,志摩子,665A1586F7E3EF759830C6CBCFED3E6CDB4C91ECD63BE7A81094870389F89E74,text,「反正你们听不见，我就直说了。当时我真的很苦恼，觉得甲斐家是不是已经不需要志摩子了——」\p
3489,game_t03499,０３０：１９９８年_39：初陣数日前　各キャラ点描　志摩子.egpack,０３０：１９９８年_39：初陣数日前　各キャラ点描　志摩子,志摩子,069739D18A6FEB50D6667ABC4578C412ED0FA4653A963557B49312CAF135E14C,text,「说实话，我也曾怨恨义兄。但不知不觉，我也想开了，觉得嫁去别人家也未尝不可。」\p
3490,game_t03500,０３０：１９９８年_39：初陣数日前　各キャラ点描　志摩子.egpack,０３０：１９９８年_39：初陣数日前　各キャラ点描　志摩子,志摩子,025C61B6982EDA7815A19CDBF7D7A06BE884994CD0FF90A9460258320C9EA17E,text,「可是，母亲……」\p
3491,game_t03501,０３０：１９９８年_39：初陣数日前　各キャラ点描　志摩子.egpack,０３０：１９９８年_39：初陣数日前　各キャラ点描　志摩子,志摩子,C3C228B64539BC34B5C6140E9824B8723DE8145767D69995B7C04CEC24CD9C86,text,「这里有篁唯依大人。」\p
3492,game_t03502,０３０：１９９８年_39：初陣数日前　各キャラ点描　志摩子.egpack,０３０：１９９８年_39：初陣数日前　各キャラ点描　志摩子,唯依,B8DEA13B662932DDAA7B953579B0D98486EF1F88C1F926FF5CD43524CCE996EC,text,「你说天花板上的污渍看起来像鬼？真是的……你在开玩笑吧？」\p
3493,game_t03503,０３０：１９９８年_39：初陣数日前　各キャラ点描　志摩子.egpack,０３０：１９９８年_39：初陣数日前　各キャラ点描　志摩子,志摩子,4E1CCB7A09C796716050AAA36E26E51F196B4809430694B99518AC83675A81B3,text,「不是啦～我真的很怕这种东西……会睡不着的！」\p
3494,game_t03504,０３０：１９９８年_39：初陣数日前　各キャラ点描　志摩子.egpack,０３０：１９９８年_39：初陣数日前　各キャラ点描　志摩子,唯依,4F735CF3476CBF1AB6E9ED93AE22FAD4DFB6FE9EDE2CBA45966F7805BEA2FFD3,text,「……知道了。那上铺就让我睡吧。」\p
3495,game_t03505,０３０：１９９８年_39：初陣数日前　各キャラ点描　志摩子.egpack,０３０：１９９８年_39：初陣数日前　各キャラ点描　志摩子,志摩子,A79BC9E1B28C1392C6DCC0A1553B9D2D31E50596631BAFC6CE95BC31ED491D7E,text,「呵呵……就算依照家格礼数把上铺让给你，唯依也不会接受呢……」\p
3496,game_t03506,０３０：１９９８年_39：初陣数日前　各キャラ点描　志摩子.egpack,０３０：１９９８年_39：初陣数日前　各キャラ点描　志摩子,志摩子,446BDA487BBE54B12DA598C49FB9F5AE47B981D816C742216E3EC158EE07765B,text,「可是……从那天起，我一直感受着你的存在……」\p
3497,game_t03507,０３０：１９９８年_39：初陣数日前　各キャラ点描　志摩子.egpack,０３０：１９９８年_39：初陣数日前　各キャラ点描　志摩子,志摩子,6D029707F6B7E3DDF9C601918C4C53DD8C017AA4EEFE3D1243361F400F9A0DE1,text,「隔着床铺仰望着你入睡……」\p
3498,game_t03508,０３０：１９９８年_39：初陣数日前　各キャラ点描　志摩子.egpack,０３０：１９９８年_39：初陣数日前　各キャラ点描　志摩子,志摩子,B8DFC6EBF32AC2EA35B385C9E91F11CC533067AE91750C95276ADA0F07E8878D,text,「……啊……！」\p
3499,game_t03509,０３０：１９９８年_39：初陣数日前　各キャラ点描　志摩子.egpack,０３０：１９９８年_39：初陣数日前　各キャラ点描　志摩子,志摩子,0CB256D77810C998DF89340AB20483ABC4B807307108648590E56FC026DB5BD4,text,「唯……依……！」\p
3500,game_t03510,０３０：１９９８年_39：初陣数日前　各キャラ点描　志摩子.egpack,０３０：１９９８年_39：初陣数日前　各キャラ点描　志摩子,志摩子,2F09E1B6CD9DEFC3CEA8D5C94C324E68329F0C918DB90EAC68CE2F238A8FBEFB,text,「啊……啊……唯依……！」\p
3501,game_t03511,０３０：１９９８年_39：初陣数日前　各キャラ点描　志摩子.egpack,０３０：１９９８年_39：初陣数日前　各キャラ点描　志摩子,志摩子,7DE390EAE16C139A8E0EAAB150ADE1FD16AFA3F26114FFABC43CE72F9633F2C2,text,「唯依……」\p
3502,game_t03512,０３０：１９９８年_39：初陣数日前　各キャラ点描　志摩子.egpack,０３０：１９９８年_39：初陣数日前　各キャラ点描　志摩子,志摩子,72625DF13F4D503EB5CE2FF4180CFE3C4E7ECCE28A7C5BFBF1BCE9E749B9C20C,text,「嗯……嗯……」\p
3503,game_t03513,０３０：１９９８年_39：初陣数日前　各キャラ点描　志摩子.egpack,０３０：１９９８年_39：初陣数日前　各キャラ点描　志摩子,志摩子,C1D3CF44CF05EC19DCD10062A25F4AAACD29021389EC3059A593DA563633934F,text,「嗯嗯……唔……嗯……」\p
3504,game_t03514,０３０：１９９８年_39：初陣数日前　各キャラ点描　志摩子.egpack,０３０：１９９８年_39：初陣数日前　各キャラ点描　志摩子,志摩子,E50F6FE247AC208512C031DDD146DF36E6DD72C5EC853B7CAFA74E2AA35ABDE2,text,「……嗯……嗯、唔……嗯……嗯嗯……！！」\p
3505,game_t03515,０３０：１９９８年_39：初陣数日前　各キャラ点描　志摩子.egpack,０３０：１９９８年_39：初陣数日前　各キャラ点描　志摩子,志摩子,1CEE43C52FC0E367FD3410569E95C956B62E6B1D2B308D5DE8CED614BDA2D47E,text,「——嗯、嗯、嗯……嗯嗯……嗯嗯嗯！！！」\p
3506,game_t03516,０３０：１９９８年_39：初陣数日前　各キャラ点描　志摩子.egpack,０３０：１９９８年_39：初陣数日前　各キャラ点描　志摩子,志摩子,CBB98EDE71879BDC155CA5BD4B1C93371D2AAEA8472433C8E8907C57A980AD9E,text,「……我真傻。」\p
3507,game_t03517,０３０：１９９８年_39：初陣数日前　各キャラ点描　志摩子.egpack,０３０：１９９８年_39：初陣数日前　各キャラ点描　志摩子,志摩子,B2E5C7E467935B5C8427201A7DB254D30D91DE9F3E26B3698BECB66A946322F4,text,「不过，没关系……这样就好——」\p
3508,game_t03518,０３０：１９９８年_39：初陣数日前　各キャラ点描　志摩子.egpack,０３０：１９９８年_39：初陣数日前　各キャラ点描　志摩子,志摩子,B32B2E4F48E9FC7AA27B0C6F12E0C93816000516FA1C79D0683D08C7707CAC68,text,「别人怎么看都无所谓……」\p
3509,game_t03519,０３０：１９９８年_39：初陣数日前　各キャラ点描　志摩子.egpack,０３０：１９９８年_39：初陣数日前　各キャラ点描　志摩子,志摩子,A1A67B3C2CA893BFFFBFEEA8C3337CA6C8FAE5A195C329E24DDCD5091524C73D,text,「……我只希望自己是唯依需要的人。」\p
3510,game_t03520,０３０：１９９８年_39：初陣数日前　各キャラ点描　志摩子.egpack,０３０：１９９８年_39：初陣数日前　各キャラ点描　志摩子,志摩子,EA571B0A235DFA033E1436E0CC427EC3624C8DAF9D39CCA33DB4783105E84C58,text,「……我知道你觉得我派不上用场。也知道你觉得我可怜。」\p
3511,game_t03521,０３０：１９９８年_39：初陣数日前　各キャラ点描　志摩子.egpack,０３０：１９９８年_39：初陣数日前　各キャラ点描　志摩子,志摩子,A77D47055BDD62261AC6A6F618EAC950BA572618C0AA3EF6BBF0725C9C034BE7,text,「可是只要能留在唯依身边，那样也好……」\p
3512,game_t03522,０３０：１９９８年_39：初陣数日前　各キャラ点描　志摩子.egpack,０３０：１９９８年_39：初陣数日前　各キャラ点描　志摩子,志摩子,59287D59A37976F76E3ABD09CE45137980E8D3C990CDBCAA6A95886AFD2BB9AE,text,「我……正是穿上那身衣服后，才遇见了唯依……」\p
3513,game_t03523,０３０：１９９８年_39：初陣数日前　各キャラ点描　志摩子.egpack,０３０：１９９８年_39：初陣数日前　各キャラ点描　志摩子,志摩子,232ECA94AEF7FE3C0DD9EAC698BE99571DA43F99534C57F50AD1BA4E98AB35AC,text,「可以的话，我还是想穿一套……再可爱一点的制服呢……」\p
3514,game_t03524,０３０：１９９８年_40：初陣数日前　各キャラ点描　山城.egpack,０３０：１９９８年_40：初陣数日前　各キャラ点描　山城,山城,FC1BB2D07B8CA4CB833A8FC775711F88FDC75DF9188537E5BF556C9021D9D39C,text,「…\w…\w…\w…\w」\p
3515,game_t03525,０３０：１９９８年_40：初陣数日前　各キャラ点描　山城.egpack,０３０：１９９８年_40：初陣数日前　各キャラ点描　山城,山城,13F83722F652BF19DCD4F910530431DE0CAD8481388724F90B3EE6C2641A0ABC,text,「……瞧你这副没出息的样子。」\p
3516,game_t03526,０３０：１９９８年_40：初陣数日前　各キャラ点描　山城.egpack,０３０：１９９８年_40：初陣数日前　各キャラ点描　山城,山城,11CBEDA1FB8E3DF44FF9EF0D79864A9785E94DA317803657529FCF6DA6E920E4,text,「振作起来……！！」\p
3517,game_t03527,０３０：１９９８年_41：初陣数日前　各キャラ点描　唯依.egpack,０３０：１９９８年_41：初陣数日前　各キャラ点描　唯依,栴納,AB848D3A09970EA7D18AF02EF3E4881DE97817ED0E117F478791802AD9F4EEDD,text,「唯依……莫负篁家之名，为国为民尽忠。」\p
3518,game_t03528,０３０：１９９８年_41：初陣数日前　各キャラ点描　唯依.egpack,０３０：１９９８年_41：初陣数日前　各キャラ点描　唯依,唯依,CD5BE89CB6A25831B7AA761D30C1048BE6C2331D8EB0FA69ADFE6D3694A2AF44,text,「是，母亲。」\p
3519,game_t03529,０３０：１９９８年_41：初陣数日前　各キャラ点描　唯依.egpack,０３０：１９９８年_41：初陣数日前　各キャラ点描　唯依,唯依,60751FED8F1C2534CA9DC784AA0C8FEE234B507DECC686018B328BA39F7ECA51,text,「嬷嬷，要保重身体。去了东京以后……母亲和父亲就拜托你了。」\p
3520,game_t03530,０３０：１９９８年_41：初陣数日前　各キャラ点描　唯依.egpack,０３０：１９９８年_41：初陣数日前　各キャラ点描　唯依,ばあや,7B13A7E95355F3A7851348A2ACEA8FC8BC0261D834EB4E9EC9D3678B6FF6AD30,text,「谨遵吩咐……唯依小姐也请务必保重……祝您武运昌隆。」\p
3521,game_t03531,０３０：１９９８年_41：初陣数日前　各キャラ点描　唯依.egpack,０３０：１９９８年_41：初陣数日前　各キャラ点描　唯依,唯依,FC1BB2D07B8CA4CB833A8FC775711F88FDC75DF9188537E5BF556C9021D9D39C,text,「…\w…\w…\w…\w」\p
3522,game_t03532,０３０：１９９８年_41：初陣数日前　各キャラ点描　唯依.egpack,０３０：１９９８年_41：初陣数日前　各キャラ点描　唯依,唯依,730937DF497826D68E5B0A7139889992C30E2ED90347A060316BBE244BB652EC,text,「——那么，我出发了。」\p
3523,game_t03533,０３０：１９９８年_42：ＢＥＴＡ侵攻　丹波戦区　７月１４日　数日後.egpack,０３０：１９９８年_42：ＢＥＴＡ侵攻　丹波戦区　７月１４日　数日後,オペレーター,14626BCD17A3306324C41F2E267E13B4D978B32F9169B3F458955CC8C969683B,text,「——D-21与A-19失联！确认光线属种存在！！」\p
3524,game_t03534,０３０：１９９８年_42：ＢＥＴＡ侵攻　丹波戦区　７月１４日　数日後.egpack,０３０：１９９８年_42：ＢＥＴＡ侵攻　丹波戦区　７月１４日　数日後,オペレーター,A165828542F178D7ABEAAB8765F342768502022F6EC43E71A022858C630F38A1,text,「——发布激光照射警报。限制各部队部署区域的飞行高度！」\p
3525,game_t03535,０３０：１９９８年_42：ＢＥＴＡ侵攻　丹波戦区　７月１４日　数日後.egpack,０３０：１９９８年_42：ＢＥＴＡ侵攻　丹波戦区　７月１４日　数日後,オペレーター,8837A9CEE543A6D58CC710617037CA49F0AB70F15B06E0D983B7B3A4F0C16CFF,text,「——第22机动侦察小队在宫津西南约6000处接敌。识别34-K群——开始交战。」\p
3526,game_t03536,０３０：１９９８年_42：ＢＥＴＡ侵攻　丹波戦区　７月１４日　数日後.egpack,０３０：１９９８年_42：ＢＥＴＡ侵攻　丹波戦区　７月１４日　数日後,オペレーター,1260FED70ECAD5A66E20A7177FA50A282E869C2DA77AD597D45681421D27987D,text,「——18-E群及F群开始移动——预测目标：姬路。」\p
3527,game_t03537,０３０：１９９８年_42：ＢＥＴＡ侵攻　丹波戦区　７月１４日　数日後.egpack,０３０：１９９８年_42：ＢＥＴＡ侵攻　丹波戦区　７月１４日　数日後,オペレーター,F44761B19F9E63E8CB94CF0594811EFCD31FAB787B31618C444DFF08233E19DA,text,「——第114战术机甲中队在福知山市区接敌。识别24-T群——开始交战。」\p
3528,game_t03538,０３０：１９９８年_43：臨戦待機　同日　１４日.egpack,０３０：１９９８年_43：臨戦待機　同日　１４日,如月中尉,2A2C2ED112787BED055A1812ECED194DF1F6840CE5912B1CA1550F0FF0F71E5E,text,「——最后再说一遍。我们的任务，是死守这座帝国军岚山基地！」\p
3529,game_t03539,０３０：１９９８年_43：臨戦待機　同日　１４日.egpack,０３０：１９９８年_43：臨戦待機　同日　１４日,如月中尉,BFA4D6DD26818E47ACE77ED02B29D2126FF79E26E6536B8D41CCE2CFF5DC2562,text,「本基地原本是斯卫军与陆军共用的帝都镇守部队外围据点。但随着所属部队依据首都防卫计划向前部署，如今和首都圈各处分布的其他基地与驻地一样，被用作临时补给基地。」\p
3530,game_t03540,０３０：１９９８年_43：臨戦待機　同日　１４日.egpack,０３０：１９９８年_43：臨戦待機　同日　１４日,如月中尉,32CBF4454A37D580814232201EB3C3666E838551B6D7E634211E572372374EA9,text,「换言之，本基地位于京都外围高地西端，是全面统筹最终防线各战术机甲部队后勤的关键据点。」\p
3531,game_t03541,０３０：１９９８年_43：臨戦待機　同日　１４日.egpack,０３０：１９９８年_43：臨戦待機　同日　１４日,如月中尉,299FEEEC7DDDDD6B30C4D9B77017E375443C96180E3C38CF56CC0468C6CBDBBA,text,「后勤既是军队的生命线，警卫补给基地自然是重要任务！」\p
3532,game_t03542,０３０：１９９８年_43：臨戦待機　同日　１４日.egpack,０３０：１９９８年_43：臨戦待機　同日　１４日,如月中尉,2E6AE7A8E46A9E92E96372F986896D3774098786FBA8BBEBB5E13F6DED89AD21,text,「为了抵挡逼近帝都的异星起源种所形成的规模与压力，正规战力几乎都已抽调前线；如今你们这些新人唯一能做的，就是守住这处后勤要地！」\p
3533,game_t03543,０３０：１９９８年_43：臨戦待機　同日　１４日.egpack,０３０：１９９８年_43：臨戦待機　同日　１４日,如月中尉,3708AB212C50CAD6CF9EC70111C201F0E8A88C21E6B4E9DDE37E69830D21C803,text,「你们既无实战经验，甚至连课程都没完整修完；对这些半学徒卫士来说，这已算是过分的荣誉！」\p
3534,game_t03544,０３０：１９９８年_43：臨戦待機　同日　１４日.egpack,０３０：１９９８年_43：臨戦待機　同日　１４日,如月中尉,4C9690ED352A2DFE4718E1A4B0F95156E9F3DEDA12666A70F97F676EA76B0D43,text,「听好，别急于立功！时刻牢记自己只是个『累赘』——明白了吗！」\p
3535,game_t03545,０３０：１９９８年_43：臨戦待機　同日　１４日.egpack,０３０：１９９８年_43：臨戦待機　同日　１４日,ファング中隊,B593AB57C9E05365F4859A1FA802E62EFC555C16EE7CAB13B9B2CE7137A722CC,text,「——明白。」\p
3536,game_t03546,０３０：１９９８年_43：臨戦待機　同日　１４日.egpack,０３０：１９９８年_43：臨戦待機　同日　１４日,如月中尉,6477751396E09D1F447ADDD606C6952D2A5ED3603FB7E7A666896453F43176E7,text,「——简报到此结束。另有命令前在值班室待命。另外，你们对战域数据链的访问受到限制。牢记，待命期间除通信与生命体征监测外，其他功能均无法使用。以上，解散！」\p
3537,game_t03547,０３０：１９９８年_43：臨戦待機　同日　１４日.egpack,０３０：１９９８年_43：臨戦待機　同日　１４日,志摩子,ADF0B5865BB8B0085C261AE8500080D3BC05F9D117BC40F2DDD1E1BE09294051,text,「累赘吗……我们这么努力，可不是为了听人说这种话……」\p
3538,game_t03548,０３０：１９９８年_43：臨戦待機　同日　１４日.egpack,０３０：１９９８年_43：臨戦待機　同日　１４日,安芸,EEDFCF02612EF4140DAD06D08FB0AB80B52854B8B82E9124600B7D9A2DA59756,text,「我们也已经任官了。别老把我们叫学生兵！」\p
3539,game_t03549,０３０：１９９８年_43：臨戦待機　同日　１４日.egpack,０３０：１９９８年_43：臨戦待機　同日　１４日,旁白,1C58EFBB0D63C62D5931C8AF73825B5BFD8B474A3CDBB2DBA10FDBBC73456710,text,对中尉来说，我们这些速成训练出来的人再怎么挣扎，也不过是半学徒卫士吧。\p
3540,game_t03550,０３０：１９９８年_43：臨戦待機　同日　１４日.egpack,０３０：１９９８年_43：臨戦待機　同日　１４日,旁白,8713BFA6B66714A2C6817B44112E8F317D94DFDB9E52AC99C407A7E8C5D160E4,text,身为亲藩武家的中尉，被命令“照看”我们这些新人——还是在这种大后方，会烦躁也无可厚非。\p
3541,game_t03551,０３０：１９９８年_43：臨戦待機　同日　１４日.egpack,０３０：１９９８年_43：臨戦待機　同日　１４日,和泉,518A16BB91650C2A3F90A900F8E15E2DE2F21C9B0C4B4AFB66FC0867AC928286,text,「派到后方吗……我还以为……能替忠道报仇……」\p
3542,game_t03552,０３０：１９９８年_43：臨戦待機　同日　１４日.egpack,０３０：１９９８年_43：臨戦待機　同日　１４日,唯依,FC1BB2D07B8CA4CB833A8FC775711F88FDC75DF9188537E5BF556C9021D9D39C,text,「…\w…\w…\w…\w」\p
3543,game_t03553,０３０：１９９８年_43：臨戦待機　同日　１４日.egpack,０３０：１９９８年_43：臨戦待機　同日　１４日,旁白,EEA00B7885A432FBFF289F69A41F4268542F1D339E15C14EDFF85B90AC7511FF,text,正如和泉所说……这次我们或许根本不会出击。\p
3544,game_t03554,０３０：１９９８年_43：臨戦待機　同日　１４日.egpack,０３０：１９９８年_43：臨戦待機　同日　１４日,旁白,202059E92701B530A4C427ACB80E60A299AE81C5E405F106C34A2C2AB1CB7495,text,岚山基地是后方补给基地——这里会爆发真正战斗，只可能是最终防线已经瓦解时。\p
3545,game_t03555,０３０：１９９８年_43：臨戦待機　同日　１４日.egpack,０３０：１９９８年_43：臨戦待機　同日　１４日,旁白,3DCD32FEFE6BA472778475B918AFCB81F6084A342E82F2BA1840594B848FFD20,text,面对凭借数量碾压的BETA，固守根本没有意义。为了保存战力，届时理应立刻下达撤退或转移命令。\p
3546,game_t03556,０３０：１９９８年_43：臨戦待機　同日　１４日.egpack,０３０：１９９８年_43：臨戦待機　同日　１４日,旁白,82C1183331A329EA3F59F705FCE7B822BDD5707FB5D4F2AFD0EC30EECAE2F84B,text,至少，单凭这项基地防卫任务，应该轮不到我们出击……\p
3547,game_t03557,０３０：１９９８年_43：臨戦待機　同日　１４日.egpack,０３０：１９９８年_43：臨戦待機　同日　１４日,旁白,7510253D7DCB65203A2995B0FDBAE615618DCE1953073575225AA03A361953C5,text,我想，正因为如此，基地防卫部队才会全是我们这样的新任卫士。\p
3548,game_t03558,０３０：１９９８年_43：臨戦待機　同日　１４日.egpack,０３０：１９９８年_43：臨戦待機　同日　１４日,旁白,8EB66F7F2522E01644E397B88352B107429A094383241158570993CE695948CB,text,军司令部的算盘一目了然：反正都是派不上用场的凑数人员，至少让我们感受一下战场气氛，多少积累点经验。\p
3549,game_t03559,０３０：１９９８年_43：臨戦待機　同日　１４日.egpack,０３０：１９９８年_43：臨戦待機　同日　１４日,旁白,7A9B5A9FF5FC32C8A6D31A2EED69D27542535A32DC8580EA69416495D0CFF5B8,text,中队指挥官的适任军衔本该是上尉。如今却由如月中尉担任，就连本应由中尉担任的小队长，也安排了军衔为少尉的山城和我，看来就是这么回事。\p
3550,game_t03560,０３０：１９９８年_43：臨戦待機　同日　１４日.egpack,０３０：１９９８年_43：臨戦待機　同日　１４日,旁白,373CFDBC8709D9416EE68A9445531927B845B7C9B0995577DB603E7AEEAE985F,text,换言之，斯卫军司令部只把我们整支部队的战斗力视为正规军一个小队……\p
3551,game_t03561,０３０：１９９８年_43：臨戦待機　同日　１４日.egpack,０３０：１９９８年_43：臨戦待機　同日　１４日,旁白,DF801D54CBC3F9962E6650E20355AF222AD7DBE0ECF2CC8D65D25529142B13E6,text,不过从现实来看，这也理所当然……\p
3552,game_t03562,０３０：１９９８年_43：臨戦待機　同日　１４日.egpack,０３０：１９９８年_43：臨戦待機　同日　１４日,旁白,79BC0A5AEEEF2C9B6DB0C6920F3830EC9266392EC1C3CB238FE6CB419B8480D8,text,但……这是两回事。不管部队受到怎样的对待，我只需尽到小队长的责任。\p
3553,game_t03563,０３０：１９９８年_43：臨戦待機　同日　１４日.egpack,０３０：１９９８年_43：臨戦待機　同日　１４日,唯依,2EFFDBBD78FD499CAC04D730A2C17AB4A9637EF380D2CEBC3BD3E870823DE49B,text,「……没办法啊，如月队长说的，本来就是事实。」\p
3554,game_t03564,０３０：１９９８年_43：臨戦待機　同日　１４日.egpack,０３０：１９９８年_43：臨戦待機　同日　１４日,安芸,AFEB975BCF05DBE3EAC48F2B5C05DD5CC3F9E9B4D3A3F5B70684314AF21AC423,text,「唯依……？」\p
3555,game_t03565,０３０：１９９８年_43：臨戦待機　同日　１４日.egpack,０３０：１９９８年_43：臨戦待機　同日　１４日,唯依,68746003754D1CEE8DFB94E7F653C0D33B729FF29ECCEF661BA022ED2D17B82A,text,「——但那都是时间和形势造成的，不是我们能改变的问题吧。」\p
3556,game_t03566,０３０：１９９８年_43：臨戦待機　同日　１４日.egpack,０３０：１９９８年_43：臨戦待機　同日　１４日,唯依,4C222AD1FAC452193A8304B71F9459C3B7D620FBA9880C58EF36A5C5FCBC121F,text,「所以变成这样不是我们的错。别再为这种事烦恼了，好吗？我们换个心情吧。」\p
3557,game_t03567,０３０：１９９８年_43：臨戦待機　同日　１４日.egpack,０３０：１９９８年_43：臨戦待機　同日　１４日,旁白,DADD8072E0C46AF5BC993AB04FD5FAD924513433B219CE09B07CAED1871E2860,text,安艺和和泉会怎么想，现在并不重要。\p
3558,game_t03568,０３０：１９９８年_43：臨戦待機　同日　１４日.egpack,０３０：１９９８年_43：臨戦待機　同日　１４日,旁白,B2242D91215E9DE6C098447D2F591640F4B40BDCC4E9D810DBA48A61D04B6E8F,text,不管说尽多少话，哪怕事实摆在眼前，人终究只会相信自己想相信的。\p
3559,game_t03569,０３０：１９９８年_43：臨戦待機　同日　１４日.egpack,０３０：１９９８年_43：臨戦待機　同日　１４日,旁白,B9F2A32F5CE806C9779B3E128A16BB351CAE5BE37901EA02885DFD793B5D6AEA,text,哪怕只是形式上，只要部下的性命交到我手里，我就只能贯彻篁家的正道……\p
3560,game_t03570,０３０：１９９８年_43：臨戦待機　同日　１４日.egpack,０３０：１９９８年_43：臨戦待機　同日　１４日,安芸,503A405B6F8B65540C62E0B0289EB909E164B758ABECBBCD06BA58FC9FDE1B27,text,「是啊。我只是绷得太紧了……被派到后方，满腔干劲扑了空，所以有点烦躁。」\p
3561,game_t03571,０３０：１９９８年_43：臨戦待機　同日　１４日.egpack,０３０：１９９８年_43：臨戦待機　同日　１４日,唯依,8A25C9390A0D7B4ABE8682C7151EF304E2625FDBC02E1C731EAE8EC9652950C3,text,「也为了正在前线作战的前辈们，我们要保持冷静。说不定会有漏网的小股敌群闯到这里。」\p
3562,game_t03572,０３０：１９９８年_43：臨戦待機　同日　１４日.egpack,０３０：１９９８年_43：臨戦待機　同日　１４日,志摩子,F303F12D897EFA159A43D4C0FA291FD96BB6CA029EC86AE89D727568C4BF705E,text,「嗯，是啊……」\p
3563,game_t03573,０３０：１９９８年_43：臨戦待機　同日　１４日.egpack,０３０：１９９８年_43：臨戦待機　同日　１４日,唯依,363D22319C72DB3856A6B14492F63C7D4D7A72EECAEF7289BA5555F96F66EC5E,text,「总有一天，一定会有需要我们的时候。现在就做好该做的事，忍耐到那一刻吧。」\p
3564,game_t03574,０３０：１９９８年_43：臨戦待機　同日　１４日.egpack,０３０：１９９８年_43：臨戦待機　同日　１４日,安芸,7DEFF3C8BB7A0AEEFA82EB18FF6B8526948DAA263DF2D068F0B19240A769E67E,text,「我知道……没事的。」\p
3565,game_t03575,０３０：１９９８年_43：臨戦待機　同日　１４日.egpack,０３０：１９９８年_43：臨戦待機　同日　１４日,和泉,C27A95EFABD0433ABD5173895CBCECBD981E27E4ED7A9CE98AF41D5B86AF9E94,text,「……嗯。」\p
3566,game_t03576,０３０：１９９８年_43：臨戦待機　同日　１４日.egpack,０３０：１９９８年_43：臨戦待機　同日　１４日,旁白,840A2C62105C7AA078E1E8DD8816F72549C497F3FCAB588B945A91D59910845B,text,看刚才那些表情，大家心里其实都不能接受吧……尤其和泉。\p
3567,game_t03577,０３０：１９９８年_43：臨戦待機　同日　１４日.egpack,０３０：１９９８年_43：臨戦待機　同日　１４日,旁白,8627D44F825ED5AA84FBB8297FFE38BCFE58FE76DBAB019751ED3BEB6039399F,text,可是再往下该说什么，该对她们说些什么，我也不知道。\p
3568,game_t03578,０３０：１９９８年_43：臨戦待機　同日　１４日.egpack,０３０：１９９８年_43：臨戦待機　同日　１４日,旁白,7474FE990846D3416253A2375C1FEDE0E7131BBE71E906B4B26F24D30667F76E,text,对被BETA夺走挚爱之人的和泉……我根本无话可以安慰。\p
3569,game_t03579,０３０：１９９８年_43：臨戦待機　同日　１４日.egpack,０３０：１９９８年_43：臨戦待機　同日　１４日,旁白,9DB3A2F1E34FAD0C908EE44BFDCE6E19118032701CB46B56442EAB4B0EB29543,text,如果是能细心照顾部下的山城……一定能说出更合适的话吧……\p
3570,game_t03580,０３０：１９９８年_43：臨戦待機　同日　１４日.egpack,０３０：１９９８年_43：臨戦待機　同日　１４日,山城,836DEBE588DBCFB5F9FBCD86F304DE20ED19DF52A3781D82B6F01501E5EB9252,text,「——真是镇定呢，篁少尉。」\p
3571,game_t03581,０３０：１９９８年_43：臨戦待機　同日　１４日.egpack,０３０：１９９８年_43：臨戦待機　同日　１４日,唯依,4D0C4081A0FD571251A9595FF6CDDD1AEFEB17F895684FC8FD1C95B731D0208A,text,「山城……」\p
3572,game_t03582,０３０：１９９８年_43：臨戦待機　同日　１４日.egpack,０３０：１９９８年_43：臨戦待機　同日　１４日,山城,E7357D592D98A10676C9936579E641DADACA7BE79C897001624882194FAF6BEB,text,「你自己也说过吧，有可能遭遇小规模战斗。」\p
3573,game_t03583,０３０：１９９８年_43：臨戦待機　同日　１４日.egpack,０３０：１９９８年_43：臨戦待機　同日　１４日,唯依,A07F6F87E01BE5C3A74C7DDA4C4DAD1A99E33E20C1803DA4D4AC477532A85283,text,「哎呀，原来你听到了……」\p
3574,game_t03584,０３０：１９９８年_43：臨戦待機　同日　１４日.egpack,０３０：１９９８年_43：臨戦待機　同日　１４日,山城,380EBFA930245595545E558228AF35B8A9B82DF58157820031B782CC1D85A152,text,「也就是说，我们可能面对“死亡8分钟”。可你却这么镇定……」\p
3575,game_t03585,０３０：１９９８年_43：臨戦待機　同日　１４日.egpack,０３０：１９９８年_43：臨戦待機　同日　１４日,唯依,BCC0BA3EB894A7FA0E1FD4C2AABDE8B3DA45211A7396D157CC9D81041F4D9C2B,text,「这种事……我们接受过战前处置，当然会这样啊。」\p
3576,game_t03586,０３０：１９９８年_43：臨戦待機　同日　１４日.egpack,０３０：１９９８年_43：臨戦待機　同日　１４日,山城,746B4E1DAA3ADC5442F4F905B094FCB2C3A4845B256CB9A0299D9F234C8ABF0F,text,「所有人都接受了催眠药物处置。可思绪还是忍不住转向“死亡8分钟”。」\p
3577,game_t03587,０３０：１９９８年_43：臨戦待機　同日　１４日.egpack,０３０：１９９８年_43：臨戦待機　同日　１４日,唯依,FC1BB2D07B8CA4CB833A8FC775711F88FDC75DF9188537E5BF556C9021D9D39C,text,「…\w…\w…\w…\w」\p
3578,game_t03588,０３０：１９９８年_43：臨戦待機　同日　１４日.egpack,０３０：１９９８年_43：臨戦待機　同日　１４日,山城,48C69CFBC092E3011427B78C124E180DA48C3D4F8099B0CAADEBCE8053C921B3,text,「我的小队也是，所有人都饱受极度紧张与松弛之苦，神经紧绷。甚至战前处置都不够，可能还需要追加催眠后暗示或药物处置……」\p
3579,game_t03589,０３０：１９９８年_43：臨戦待機　同日　１４日.egpack,０３０：１９９８年_43：臨戦待機　同日　１４日,唯依,FC1BB2D07B8CA4CB833A8FC775711F88FDC75DF9188537E5BF556C9021D9D39C,text,「…\w…\w…\w…\w」\p
3580,game_t03590,０３０：１９９８年_43：臨戦待機　同日　１４日.egpack,０３０：１９９８年_43：臨戦待機　同日　１４日,山城,24E8A0636D8DCD2FBC348F36801C3C59EA7D4D809C7B7FECDF9F3E38E85349F1,text,「我也一样。也许因为战前处置，我变得能以一种奇怪的客观视角看待自己的情绪。」\p
3581,game_t03591,０３０：１９９８年_43：臨戦待機　同日　１４日.egpack,０３０：１９９８年_43：臨戦待機　同日　１４日,山城,18F4FF34D13D54651AD9421F9EC604FA053983CB616B8FF540C87B5FB8864E6B,text,「我发现自己竟因被派到后方而安心，如今正冷静地体味着自己的没出息。」\p
3582,game_t03592,０３０：１９９８年_43：臨戦待機　同日　１４日.egpack,０３０：１９９８年_43：臨戦待機　同日　１４日,旁白,DDBB4FB47825304574CFB220D701EE3BB3A53C92F753F750ED3AF09E7CA727EF,text,原来就连山城……也会这样。\p
3583,game_t03593,０３０：１９９８年_43：臨戦待機　同日　１４日.egpack,０３０：１９９８年_43：臨戦待機　同日　１４日,唯依,6ECD172C9AD33FC59067987F13E66AE7A2AA52160017DE484F6D5A0A54B58995,text,「我也一样啊……心里全是不安。」\p
3584,game_t03594,０３０：１９９８年_43：臨戦待機　同日　１４日.egpack,０３０：１９９８年_43：臨戦待機　同日　１４日,山城,BF052185D182DE58CFC9493C1884CE1EA799AEE818C2A50CFF0C5FFF94CA324E,text,「之所以完全看不出来，是因为你的觉悟果然非同寻常吧。」\p
3585,game_t03595,０３０：１９９８年_43：臨戦待機　同日　１４日.egpack,０３０：１９９８年_43：臨戦待機　同日　１４日,唯依,E5148FE95204DBFBC4E4F715F15BE0B822FD936EE1D1D5EC2D6EBE7F0FBF6F47,text,「哪有，你太高估我了。」\p
3586,game_t03596,０３０：１９９８年_43：臨戦待機　同日　１４日.egpack,０３０：１９９８年_43：臨戦待機　同日　１４日,旁白,FB468DAE30E9F5FF74F20742FF843A749C1BF832B5EC30CEB8649E8B05BF3E5B,text,怎么办……竟然被山城夸了。明明我根本比不上她。\p
3587,game_t03599,０３０：１９９８年_43：臨戦待機　同日　１４日.egpack,０３０：１９９８年_43：臨戦待機　同日　１４日,斉藤助教,CB8F5FC09D0894383828AFEF9AF206E69B99DEC031591E523EBD681C78D2ADC1,text,「几乎所有执行实战任务的卫士——所有新人，都会在出击前接受‘处置’。」\p
3588,game_t03600,０３０：１９９８年_43：臨戦待機　同日　１４日.egpack,０３０：１９９８年_43：臨戦待機　同日　１４日,斉藤助教,54C97B02308FA0C12123F528436DA34D9A91C2C13407F33D38491A4CE7011253,text,「恐惧、对战死者的感伤等卫士在实战中经历的剧烈情绪变化，程度适中时能够振奋士气。但往往也会妨碍理性思考，影响作战行动。」\p
3589,game_t03601,０３０：１９９８年_43：臨戦待機　同日　１４日.egpack,０３０：１９９８年_43：臨戦待機　同日　１４日,斉藤助教,97C1E9527ADE7D5D385B4ED87A56AEA8B3A2D0D82EA51631B4B95CE2521D460D,text,「用战术药物抑制这种情绪波动，再以催眠后暗示控制超出这一范围的精神混乱、错乱与恐慌——这就是‘战前处置’。」\p
3590,game_t03602,０３０：１９９８年_43：臨戦待機　同日　１４日.egpack,０３０：１９９８年_43：臨戦待機　同日　１４日,斉藤助教,3975A58A21AA041CBE78373D0D678FAA026D61AA5E355BBBA2D2E63CDB84DC1E,text,「这种处置只会将极端的情绪起伏正常化，因此平常不会变得毫无感情。完全压抑感情反而有害。不过，它存在强化原本性格倾向的副作用。」\p
3591,game_t03603,０３０：１９９８年_43：臨戦待機　同日　１４日.egpack,０３０：１９９８年_43：臨戦待機　同日　１４日,斉藤助教,120B4815744703BBBB7F3E4136A948FB676CD1E910C5506EC3C8927E3B115BA2,text,「这种副作用是否出现、程度如何，都会受到处置效果的个体差异及精神状态的显著影响。但通常不会严重到妨碍执行任务。」\p
3592,game_t03604,０３０：１９９８年_43：臨戦待機　同日　１４日.egpack,０３０：１９９８年_43：臨戦待機　同日　１４日,斉藤助教,F603B998179E75251FF64083AC9A277C8968C4AE444D3216CCAE82CAF39EA74D,text,「不过，当卫士进入处置控制状态时，外表上会明显呈现出缺乏感情的倾向。因此在旁人眼中，就像是在‘严格自律、冷静行动’。」\p
3593,game_t03605,０３０：１９９８年_43：臨戦待機　同日　１４日.egpack,０３０：１９９８年_43：臨戦待機　同日　１４日,斉藤助教,C4F0ECE8B9C49855FC6688EE83FC021D0EF647558FAE1171173126401800012A,text,「此时，受控卫士的主观状态是‘能够感受到感情本身’，却又‘客观地观察它’。打个比方，就像在观看自己因电影感动得抽泣的影像。」\p
3594,game_t03606,０３０：１９９８年_43：臨戦待機　同日　１４日.egpack,０３０：１９９８年_43：臨戦待機　同日　１４日,斉藤助教,A5A8EE6EFF74AF4EF8C5643B20674A064A9C4351A48F343E9199A9BFEFF66664,text,「有时会因厌恶或憎恨那个被观察的自己，而引发俗称‘恶醉’的剧烈反应——」\p
3595,game_t03607,０３０：１９９８年_43：臨戦待機　同日　１４日.egpack,０３０：１９９８年_43：臨戦待機　同日　１４日,山城,C4C5D59E49349F7D1E054C06063BEE49EC9E3505A751ACE2037A5308BD85B7B0,text,「篁同学……在正式配属后各奔东西之前，有句话我想坦白告诉你。」\p
3596,game_t03608,０３０：１９９８年_43：臨戦待機　同日　１４日.egpack,０３０：１９９８年_43：臨戦待機　同日　１４日,唯依,57562AB9FE30F43D1538A54A0E8ADB707991E1A3E77EC6C4DE283E70C6B3EED6,text,「咦……？」\p
3597,game_t03609,０３０：１９９８年_43：臨戦待機　同日　１４日.egpack,０３０：１９９８年_43：臨戦待機　同日　１４日,旁白,E5365D1F7DB5A4D2BBD36A959ABA2D98230DE97992D01E6B7B1EAF3DA4781A92,text,她突然这么郑重，到底想说什么？\p
3598,game_t03610,０３０：１９９８年_43：臨戦待機　同日　１４日.egpack,０３０：１９９８年_43：臨戦待機　同日　１４日,山城,E0C48168B5B8549E3C7DC423A1259D449056E0BE25B6419251D6AD56147F7731,text,「你对那三个人……不，对除了自己以外的人——」\p
3599,game_t03611,０３０：１９９８年_43：臨戦待機　同日　１４日.egpack,０３０：１９９８年_43：臨戦待機　同日　１４日,山城,C0E734A17A5108617684D1FF3E58A0CEB27D27D66F6A6C7815064F142D390456,text,「——你在心里把他们都当成傻瓜。」\p
3600,game_t03612,０３０：１９９８年_43：臨戦待機　同日　１４日.egpack,０３０：１９９８年_43：臨戦待機　同日　１４日,山城,422E8F86694D6AF5C3D189E7533581089E8AA752478E2748F832F87575294B8A,text,「不，应该说你看不起他们更准确吧。」\p
3601,game_t03613,０３０：１９９８年_43：臨戦待機　同日　１４日.egpack,０３０：１９９８年_43：臨戦待機　同日　１４日,山城,8D892F1103819BE209C5080387267E17C9FB211251F7FED245A13C088C512604,text,「……一直看着你在山百合的表现，我实在忍不住这样想。」\p
3602,game_t03614,０３０：１９９８年_43：臨戦待機　同日　１４日.egpack,０３０：１９９８年_43：臨戦待機　同日　１４日,唯依,FC1BB2D07B8CA4CB833A8FC775711F88FDC75DF9188537E5BF556C9021D9D39C,text,「…\w…\w…\w…\w」\p
3603,game_t03615,０３０：１９９８年_43：臨戦待機　同日　１４日.egpack,０３０：１９９８年_43：臨戦待機　同日　１４日,旁白,00D776B3B0B5882955CD3C3802AD2DD69602580A7A9727F3B2D4B0B69A180641,text,把人当傻瓜……？看不起……？我……看不起大家……？\p
3604,game_t03616,０３０：１９９８年_43：臨戦待機　同日　１４日.egpack,０３０：１９９８年_43：臨戦待機　同日　１４日,旁白,55A0418CE491D339F1A48BA46480587B1787498A8B0F1147A7C1939B711FDAD4,text,这种事……绝不可能——\p
3605,game_t03617,０３０：１９９８年_43：臨戦待機　同日　１４日.egpack,０３０：１９９８年_43：臨戦待機　同日　１４日,旁白,033C3BF90E4D961C98E5DB185486CB4B65248EFF15FA9C66876A781CA07F7259,text,无论过去还是现在……都不可能。恰恰相反，一直以来都是周围的人对我——\p
3606,game_t03618,０３０：１９９８年_43：臨戦待機　同日　１４日.egpack,０３０：１９９８年_43：臨戦待機　同日　１４日,唯依,FC1BB2D07B8CA4CB833A8FC775711F88FDC75DF9188537E5BF556C9021D9D39C,text,「…\w…\w…\w…\w」\p
3607,game_t03619,０３０：１９９８年_43：臨戦待機　同日　１４日.egpack,０３０：１９９８年_43：臨戦待機　同日　１４日,旁白,25E8826B66ED6A1B06B76ED0CBC5FAA434A7F24C253780BD82ACDBD1BB41C0BF,text,我刚才……因为自己正受战前处置控制……而感到庆幸……？\p
3608,game_t03620,０３０：１９９８年_43：臨戦待機　同日　１４日.egpack,０３０：１９９８年_43：臨戦待機　同日　１４日,山城,FC1BB2D07B8CA4CB833A8FC775711F88FDC75DF9188537E5BF556C9021D9D39C,text,「…\w…\w…\w…\w」\p
3609,game_t03621,０３０：１９９８年_43：臨戦待機　同日　１４日.egpack,０３０：１９９８年_43：臨戦待機　同日　１４日,唯依,C02AEBD78012A1D72DA8E6095DFAB18C8FDE6F2313BEAD4BEC6E21F4C5034A87,text,「你为什么会这么想……」\p
3610,game_t03622,０３０：１９９８年_43：臨戦待機　同日　１４日.egpack,０３０：１９９８年_43：臨戦待機　同日　１４日,山城,2C84BF5A9E74EF6074151198ACE31D0524BA599DD75F6F73A8FC6744FC64B27E,text,「……因为你和从前的我太像了。」\p
3611,game_t03623,０３０：１９９８年_43：臨戦待機　同日　１４日.egpack,０３０：１９９８年_43：臨戦待機　同日　１４日,唯依,15510CF86AFF9ECDCB540B9539E9496155D66DBFA5048256E9842989A5DB069C,text,「……咦！？」\p
3612,game_t03624,０３０：１９９８年_43：臨戦待機　同日　１４日.egpack,０３０：１９９８年_43：臨戦待機　同日　１４日,旁白,6CBF4E8D9651D090F867867171BA9BB2E478A9E5AE2D7557F57FFB28912E8DE2,text,我和山城……很像……？怎么可能……\p
3613,game_t03625,０３０：１９９８年_43：臨戦待機　同日　１４日.egpack,０３０：１９９８年_43：臨戦待機　同日　１４日,山城,BDA8B8B611CCBB3C5EA36DD67D6A0EF180C561E2006FD16DBCF29C3ED068C9A6,text,「大概就是所谓‘蛇有蛇道’吧……」\p
3614,game_t03626,０３０：１９９８年_43：臨戦待機　同日　１４日.egpack,０３０：１９９８年_43：臨戦待機　同日　１４日,唯依,FC1BB2D07B8CA4CB833A8FC775711F88FDC75DF9188537E5BF556C9021D9D39C,text,「…\w…\w…\w…\w」\p
3615,game_t03627,０３０：１９９８年_43：臨戦待機　同日　１４日.egpack,０３０：１９９８年_43：臨戦待機　同日　１４日,山城,E6BB6B1BE4123AEB85D13C59A0B0938F36D86F8BFA4799C81012D2A976E01B9C,text,「你厌倦同龄人过于天真的言行，与他们保持距离一路走来——我从你身上嗅到了这种气息。」\p
3616,game_t03628,０３０：１９９８年_43：臨戦待機　同日　１４日.egpack,０３０：１９９８年_43：臨戦待機　同日　１４日,山城,557A48321F837CB5721DF9C7CC640FDB2F57B537865C0E1CF8E9BC116B50E073,text,「这是我生平第一次遇见这样的人，所以对你非常感兴趣。」\p
3617,game_t03629,０３０：１９９８年_43：臨戦待機　同日　１４日.egpack,０３０：１９９８年_43：臨戦待機　同日　１４日,唯依,D84ACB792179738F5D8980065A40DEB1D0D43BB1E25A7F304265FB7E1E973311,text,「…\w…\w！？」\p
3618,game_t03630,０３０：１９９８年_43：臨戦待機　同日　１４日.egpack,０３０：１９９８年_43：臨戦待機　同日　１４日,旁白,55C1B0979B6DA4958B254673A5F65B36EDC15357845B1B7BB3229BCBFA33979A,text,那么，那次……那时的山城——\p
3619,game_t03631,０３０：１９９８年_43：臨戦待機　同日　１４日.egpack,０３０：１９９８年_43：臨戦待機　同日　１４日,旁白,4132C8A297E4FCF052041062EF71333A7A90ECFFC3F83116100C6968D6ECA4B8,text,那天，山城特意给小队买了平价冰淇淋当伴手礼。\p
3620,game_t03632,０３０：１９９８年_43：臨戦待機　同日　１４日.egpack,０３０：１９９８年_43：臨戦待機　同日　１４日,旁白,5592F34F289211278A55471958184A654CA784182BC9DA9254E8AD8F83383CE8,text,那是她对部下的关怀，也是不让她们拘谨的体贴——至少我是这么认为的。\p
3621,game_t03633,０３０：１９９８年_43：臨戦待機　同日　１４日.egpack,０３０：１９９８年_43：臨戦待機　同日　１４日,旁白,33DBA8C337C240469B1A2C50EE9FA5F852D56E4E6DF2C45198A6B996FB3020CD,text,可如果刚才那些话是山城的真心……那就说明，那完全是经过冷静算计的驭人手段……\p
3622,game_t03634,０３０：１９９８年_43：臨戦待機　同日　１４日.egpack,０３０：１９９８年_43：臨戦待機　同日　１４日,旁白,B2F22E363D8C4281D4A958D967052C375A5A720E76BF1D82CD74198A77999EA8,text,那么……果然——\p
3623,game_t03635,０３０：１９９８年_43：臨戦待機　同日　１４日.egpack,０３０：１９９８年_43：臨戦待機　同日　１４日,旁白,085460BFE87D58910F1769D52059DB8C0D41C8727D8A18EB6133130DC1675951,text,——那才是山城真正意义上的安宁。\p
3624,game_t03636,０３０：１９９８年_43：臨戦待機　同日　１４日.egpack,０３０：１９９８年_43：臨戦待機　同日　１４日,旁白,25A150A8938759CBC53F36A7A003D901606B5805A4E8AAD00431C322C8F0BC18,text,为了磨炼、砥砺自己，甚至不让小队同期靠近的那份决绝与孤高……\p
3625,game_t03637,０３０：１９９８年_43：臨戦待機　同日　１４日.egpack,０３０：１９９８年_43：臨戦待機　同日　１４日,旁白,EFDCEBCB5F7A150C7DD968D0FEC848348AC1C418A9A35E87AEE3FCECEDEA7B87,text,那时的我……心里充满了挫败感。\p
3626,game_t03638,０３０：１９９８年_43：臨戦待機　同日　１４日.egpack,０３０：１９９８年_43：臨戦待機　同日　１４日,旁白,4203AB8D23BFC266CD0396234BD262BCD0989BC61A3192FB5EF25102595AD54F,text,如果真是这样……其实……是我把安艺她们——\p
3627,game_t03639,０３０：１９９８年_43：臨戦待機　同日　１４日.egpack,０３０：１９９８年_43：臨戦待機　同日　１４日,山城,3C1F0308C8B01DAA4E32A5386641D28D0188F85D4C1235A00CB34F4A5F88FA89,text,「呵……」\p
3628,game_t03640,０３０：１９９８年_43：臨戦待機　同日　１４日.egpack,０３０：１９９８年_43：臨戦待機　同日　１４日,旁白,14FCFE9D7B74B4DCA2C8EAEE5452FCA04C44B37123F93B1B1F9A2E52D613D4FE,text,――！？\p
3629,game_t03641,０３０：１９９８年_43：臨戦待機　同日　１４日.egpack,０３０：１９９８年_43：臨戦待機　同日　１４日,山城,71838BA03B745FD33C520586913432862AE06B5D79C84651AF2627797EBD128A,text,「但你一直戴着乖乖女的面具呢……」\p
3630,game_t03642,０３０：１９９８年_43：臨戦待機　同日　１４日.egpack,０３０：１９９８年_43：臨戦待機　同日　１４日,山城,E3E631F0CD4BCF8CFF715109595C801EDD17E3B59662A154F2DCF236D99C33DC,text,「哪怕因此蒙受不公的评价——你也一直若无其事。」\p
3631,game_t03643,０３０：１９９８年_43：臨戦待機　同日　１４日.egpack,０３０：１９９８年_43：臨戦待機　同日　１４日,山城,99D900C73733E40DD7314C81146BC2EB4650A68810B5421F0EEE76664D69D58D,text,「就像是在说——只要自己有一分过错，就要接受对方所有的无理。」\p
3632,game_t03644,０３０：１９９８年_43：臨戦待機　同日　１４日.egpack,０３０：１９９８年_43：臨戦待機　同日　１４日,山城,E4CF9DC806E31DCB02853760E416FC75FC091613061A6D5C4CB1C9E2BA9EEE70,text,「又像是沉醉在某种愚蠢的美学里……在我看来，实在令人心痛。」\p
3633,game_t03645,０３０：１９９８年_43：臨戦待機　同日　１４日.egpack,０３０：１９９８年_43：臨戦待機　同日　１４日,山城,0BB03FC6C6ADEB67123A122D82437D6E2300A736EA5778F799D712FB9F3135F7,text,「——所以我才想帮你。以与你一较武艺的方式。」\p
3634,game_t03646,０３０：１９９８年_43：臨戦待機　同日　１４日.egpack,０３０：１９９８年_43：臨戦待機　同日　１４日,唯依,FC1BB2D07B8CA4CB833A8FC775711F88FDC75DF9188537E5BF556C9021D9D39C,text,「…\w…\w…\w…\w」\p
3635,game_t03647,０３０：１９９８年_43：臨戦待機　同日　１４日.egpack,０３０：１９９８年_43：臨戦待機　同日　１４日,山城,3916837E1BD238A6F6FA5D109BFC497F98FAAB30F66C28A08DF243045892BAF7,text,「后来我确信了——就是模拟战之后，你把毛巾借给我的那一刻。」\p
3636,game_t03648,０３０：１９９８年_43：臨戦待機　同日　１４日.egpack,０３０：１９９８年_43：臨戦待機　同日　１４日,山城,3050A1DA5EF4B8A06104DBC0272FFB453FD13DEA6D8D33298B9A18B5FF6DBBFF,text,「我当时想，啊，果然这个人和我一样。」\p
3637,game_t03649,０３０：１９９８年_43：臨戦待機　同日　１４日.egpack,０３０：１９９８年_43：臨戦待機　同日　１４日,山城,053700ACC3316D95DF815C90616BC990214769983E1E2745FEB5DC9B8AB43F6D,text,「毕竟在那种时间，还穿着强化装备待在校舍后方的理由屈指可数。——尤其对我们这种人而言。」\p
3638,game_t03650,０３０：１９９８年_43：臨戦待機　同日　１４日.egpack,０３０：１９９８年_43：臨戦待機　同日　１４日,旁白,14E0B4433C89CDAB898EC9694D6DE40CDB003EF85192909763DF6213EA44405A,text,原来如此……是这样啊……\p
3639,game_t03651,０３０：１９９８年_43：臨戦待機　同日　１４日.egpack,０３０：１９９８年_43：臨戦待機　同日　１４日,旁白,B1D91BDCC452652FC22443955D3AB94248913EA5C6FA503A233B7093EC737A07,text,山城有时投向我的那种目光——感受不到恶意或憎恨的冰冷目光——\p
3640,game_t03652,０３０：１９９８年_43：臨戦待機　同日　１４日.egpack,０３０：１９９８年_43：臨戦待機　同日　１４日,旁白,33E1BD734134F858DABC1BC9EBE98564BB8AAD5772C63990A7185BAEECF84F25,text,原来那是对我的怜悯……也是她下定决心的目光……\p
3641,game_t03653,０３０：１９９８年_43：臨戦待機　同日　１４日.egpack,０３０：１９９８年_43：臨戦待機　同日　１４日,山城,792A0EA4D1CBCDED0B58D00A1C49EDCAEF4973FBEE377213EE96741958DF1D99,text,「篁同学，我啊——为了让那些对山城家抱有恶意的人刮目相看，一直磨炼自己至今。」\p
3642,game_t03654,０３０：１９９８年_43：臨戦待機　同日　１４日.egpack,０３０：１９９８年_43：臨戦待機　同日　１４日,旁白,92CF95ECC621E621A22F629FE4A1104DC0D1292B2DFB4207C0D729A8924C3D5E,text,果然……我们是一样的……！\p
3643,game_t03655,０３０：１９９８年_43：臨戦待機　同日　１４日.egpack,０３０：１９９８年_43：臨戦待機　同日　１４日,山城,851D1CCE43AB77EA0252D22A9E216CF832D8D1998E0D8D384D89BCB21A46275F,text,「你知道关于我家的那些传言吧？山城家被人讥讽为经济大名、暴发户，所以家中所有人都拼命磨炼武艺。」\p
3644,game_t03656,０３０：１９９８年_43：臨戦待機　同日　１４日.egpack,０３０：１９９８年_43：臨戦待機　同日　１４日,旁白,7191AFAC4E6215F72F9920DE52448F297B62E12226B21D0A535F35EFC97C50FF,text,原来山城也一直藏着和我相同的心情。\p
3645,game_t03657,０３０：１９９８年_43：臨戦待機　同日　１４日.egpack,０３０：１９９８年_43：臨戦待機　同日　１４日,旁白,F41658A41EE28693B631F3FA9CD23061022FBB53FD2C60C04CE3FA62E80DE519,text,她也背负着守护家名的责任——怀有与大家不同的动机。\p
3646,game_t03658,０３０：１９９８年_43：臨戦待機　同日　１４日.egpack,０３０：１９９８年_43：臨戦待機　同日　１４日,山城,7C7774171533116993DE4F856C36A1690FECDE44CE011CC943F3E288942BCF73,text,「所以直到初中为止，我也一直在所有科目拿第一，同时从不引以为傲，对所有人都将乖乖女演到底。」\p
3647,game_t03659,０３０：１９９８年_43：臨戦待機　同日　１４日.egpack,０３０：１９９８年_43：臨戦待機　同日　１４日,唯依,FC1BB2D07B8CA4CB833A8FC775711F88FDC75DF9188537E5BF556C9021D9D39C,text,「…\w…\w…\w…\w」\p
3648,game_t03660,０３０：１９９８年_43：臨戦待機　同日　１４日.egpack,０３０：１９９８年_43：臨戦待機　同日　１４日,山城,DA618F1DDD0BE67D7642F2735099BC1277F79A3FC5EFD2B6745DB92CF5651B7F,text,「让那些嘲笑山城的人亲身体会自己不如山城——那就是我的，不——」\p
3649,game_t03661,０３０：１９９８年_43：臨戦待機　同日　１４日.egpack,０３０：１９９８年_43：臨戦待機　同日　１４日,山城,3E600710954DC1324A918DA005085410F56CC978FF049C6599D85BC07D853421,text,「是每一个生于山城家的人所背负的……复仇。」\p
3650,game_t03662,０３０：１９９８年_43：臨戦待機　同日　１４日.egpack,０３０：１９９８年_43：臨戦待機　同日　１４日,唯依,FC1BB2D07B8CA4CB833A8FC775711F88FDC75DF9188537E5BF556C9021D9D39C,text,「…\w…\w…\w…\w」\p
3651,game_t03663,０３０：１９９８年_43：臨戦待機　同日　１４日.egpack,０３０：１９９８年_43：臨戦待機　同日　１４日,旁白,FFA4E08FDBC0604A5321733F5497F5523CEB9DA557ABF08AB62EEEFED2A9ED46,text,那就是……复仇……？\p
3652,game_t03664,０３０：１９９８年_43：臨戦待機　同日　１４日.egpack,０３０：１９９８年_43：臨戦待機　同日　１４日,旁白,4BE552FDFCEB1EF5672EDDCA1C18896823CB2B9A3F4009AE428201F4D48547BD,text,那么……我至今所做的一切也——\p
3653,game_t03665,０３０：１９９８年_43：臨戦待機　同日　１４日.egpack,０３０：１９９８年_43：臨戦待機　同日　１４日,旁白,C474B78D7480415841979DE75431A1C75913A4B755600B1CF95ACC169EEE8157,text,——不……不对……！\p
3654,game_t03666,０３０：１９９８年_43：臨戦待機　同日　１４日.egpack,０３０：１９９８年_43：臨戦待機　同日　１４日,旁白,3A8C47E511E885D920346CC59BCE4B6A030774472D5BD7B2CE70B551DD544258,text,篁家……并不是为了复仇——而是唯以默然践行……！！\p
3655,game_t03667,０３０：１９９８年_43：臨戦待機　同日　１４日.egpack,０３０：１９９８年_43：臨戦待機　同日　１４日,旁白,A8A4894C0D59828386C37DD9E83EB79C3C7320C703F89E780E65455A061352BE,text,没错——这是山城的故事……不是我——也不是篁家的事……\p
3656,game_t03668,０３０：１９９８年_43：臨戦待機　同日　１４日.egpack,０３０：１９９８年_43：臨戦待機　同日　１４日,旁白,73129B6CA8D9E45B408CE29FD5DD144995247E29ED3210014CCD50616B2AD953,text,这是山城自己的身世……不是我——不是篁家……！\p
3657,game_t03669,０３０：１９９８年_43：臨戦待機　同日　１４日.egpack,０３０：１９９８年_43：臨戦待機　同日　１４日,山城,BEA7CA922F04AC0A592DA6F30A8BA5EFBC672F875C826C082CD88C6CD4897943,text,「当然，我的两个哥哥也以山城家之人的身份活着。我则拼命追随他们的背影，以他们为榜样。」\p
3658,game_t03670,０３０：１９９８年_43：臨戦待機　同日　１４日.egpack,０３０：１９９８年_43：臨戦待機　同日　１４日,唯依,04F507EBDAF5A04E8C05DE988A75E0CF644A1D3A0BFFD2C8144C16A948AA9809,text,「山城，你的两位兄长……？」\p
3659,game_t03671,０３０：１９９８年_43：臨戦待機　同日　１４日.egpack,０３０：１９９８年_43：臨戦待機　同日　１４日,山城,A2A8CB743E95CBF965086A994C0E73C86601D8D6A13E106D9B9C42E99403F440,text,「是啊，他们都自愿加入斯卫军派往大陆的部队，后来双双战死了……」\p
3660,game_t03672,０３０：１９９８年_43：臨戦待機　同日　１４日.egpack,０３０：１９９８年_43：臨戦待機　同日　１４日,旁白,9B51969B33D5B0430AE9C548EAB183793B717E179ECCAC638F4F6BC82AB3EC97,text,咦……？\p
3661,game_t03673,０３０：１９９８年_43：臨戦待機　同日　１４日.egpack,０３０：１９９８年_43：臨戦待機　同日　１４日,唯依,ACAB66BDC8B1BDBA41ED111E38DF847435A90B9C959D61C5EBC736B65E655F38,text,「是这样啊……请节哀……」\p
3662,game_t03674,０３０：１９９８年_43：臨戦待機　同日　１４日.egpack,０３０：１９９８年_43：臨戦待機　同日　１４日,山城,B9CC56C624A8353C2386B44437462FE64225B88C476D3BEC809406A6F9655A45,text,「但……很奇怪。」\p
3663,game_t03675,０３０：１９９８年_43：臨戦待機　同日　１４日.egpack,０３０：１９９８年_43：臨戦待機　同日　１４日,唯依,0D0AC3E2A0FB3E414E83A0FE8148257DE051C290000CD9F3AE13E5449317F334,text,「奇怪……？」\p
3664,game_t03676,０３０：１９９８年_43：臨戦待機　同日　１４日.egpack,０３０：１９９８年_43：臨戦待機　同日　１４日,山城,3C50C5ED9B246B97B01C5F355907B1A8E5B293B89C6A0A304F16CD419ED58756,text,「那时——失去两个哥哥时，我突然清楚地意识到一件事。」\p
3665,game_t03677,０３０：１９９８年_43：臨戦待機　同日　１４日.egpack,０３０：１９９８年_43：臨戦待機　同日　１４日,唯依,57562AB9FE30F43D1538A54A0E8ADB707991E1A3E77EC6C4DE283E70C6B3EED6,text,「咦……？」\p
3666,game_t03678,０３０：１９９８年_43：臨戦待機　同日　１４日.egpack,０３０：１９９８年_43：臨戦待機　同日　１４日,旁白,0B4693A42ACE7FA7EEE646D67BC46794A667B4A1F4578AD5CC2CFD566F3AC106,text,不想再听下去了。不知为何，我会这样想。\p
3667,game_t03679,０３０：１９９８年_43：臨戦待機　同日　１４日.egpack,０３０：１９９８年_43：臨戦待機　同日　１４日,唯依,83A37B310A79C11409EA088BFCA1E1AD753C3D8EF252B1CBDF21053B10C37791,text,「意识到……什么……？」\p
3668,game_t03680,０３０：１９９８年_43：臨戦待機　同日　１４日.egpack,０３０：１９９８年_43：臨戦待機　同日　１４日,旁白,61C3AFF178173D493DB99A4CEDE53492D3E8CB4534957FA2E46C59BECA257756,text,一股不祥的预感……仿佛黑暗正在凝视着我……\p
3669,game_t03681,０３０：１９９８年_43：臨戦待機　同日　１４日.egpack,０３０：１９９８年_43：臨戦待機　同日　１４日,山城,7827E9DAB45CD1DBF32CBA2BCBB1EBD6D951A70B48E1F8B9D46C0F91016F72C5,text,「我发现了……自己根本没有战斗的理由……什么都没有。」\p
3670,game_t03682,０３０：１９９８年_43：臨戦待機　同日　１４日.egpack,０３０：１９９８年_43：臨戦待機　同日　１４日,唯依,3F6245637225F09A802B588E6F9676DF2A88E96D80EBEC222FC2593A982AD683,text,「――！」\p
3671,game_t03683,０３０：１９９８年_43：臨戦待機　同日　１４日.egpack,０３０：１９９８年_43：臨戦待機　同日　１４日,山城,C16EF097173DFA57104A5B1E14217825D59AD0400C6E0BD8FB087C5A56545F51,text,「直到亲人去世给了我极其私人的动机，我才意识到这一点……我真是没出息到家了。」\p
3672,game_t03684,０３０：１９９８年_43：臨戦待機　同日　１４日.egpack,０３０：１９９８年_43：臨戦待機　同日　１４日,唯依,FC1BB2D07B8CA4CB833A8FC775711F88FDC75DF9188537E5BF556C9021D9D39C,text,「…\w…\w…\w…\w」\p
3673,game_t03685,０３０：１９９８年_43：臨戦待機　同日　１４日.egpack,０３０：１９９８年_43：臨戦待機　同日　１４日,山城,C9477997C89CBB4EEE68288F34D37CED81BE805347ECFD6381244EC005973CD9,text,「从那以后，我就扔掉了乖乖女的面具。已经找到战斗理由的我，再也不需要它。」\p
3674,game_t03686,０３０：１９９８年_43：臨戦待機　同日　１４日.egpack,０３０：１９９８年_43：臨戦待機　同日　１４日,唯依,CEDD41FC0E44D502E9C2985CDE1B09B3959D433E2F844DAF47E9098AA6C826DA,text,「……原来是这样。」\p
3675,game_t03687,０３０：１９９８年_43：臨戦待機　同日　１４日.egpack,０３０：１９９８年_43：臨戦待機　同日　１４日,山城,FC1BB2D07B8CA4CB833A8FC775711F88FDC75DF9188537E5BF556C9021D9D39C,text,「…\w…\w…\w…\w」\p
3676,game_t03688,０３０：１９９８年_43：臨戦待機　同日　１４日.egpack,０３０：１９９８年_43：臨戦待機　同日　１４日,旁白,F2805F87D689B18A7679E868E339B2E06FAB3B9F2CC601ECAA53949F324E5BFF,text,如果让我产生同类感、共鸣并羡慕的现在的山城，过去也是那样——\p
3677,game_t03689,０３０：１９９８年_43：臨戦待機　同日　１４日.egpack,０３０：１９９８年_43：臨戦待機　同日　１４日,旁白,CCE52E95392393693697C30CEF0B2765F05E5FB37D9A89229A9CBB4299F7BAEA,text,那么我其实……真的也和她一样……？！\p
3678,game_t03690,０３０：１９９８年_43：臨戦待機　同日　１４日.egpack,０３０：１９９８年_43：臨戦待機　同日　１４日,旁白,2317C7D37FFEE00685F1002BBC82188906F514078DDFD456001AF85D4BF88ADE,text,我之所以不知道该对和泉——对那个恋人被BETA杀害的和泉说些什么……\p
3679,game_t03691,０３０：１９９８年_43：臨戦待機　同日　１４日.egpack,０３０：１９９８年_43：臨戦待機　同日　１４日,旁白,53335DDBD1147C3B640691AC6FFB7318D28CA20D3DC604C2D5B11ED9F1BC057F,text,会不会正因为我和从前的山城一样……没有属于自己的战斗理由……！？\p
3680,game_t03692,０３０：１９９８年_43：臨戦待機　同日　１４日.egpack,０３０：１９９８年_43：臨戦待機　同日　１４日,山城,34D0BAC1578418A158B489283855D35186B852BB32052C1EFEA4BC2890432C08,text,「……对不起。让你陪我听这些多余的身世之谈。」\p
3681,game_t03693,０３０：１９９８年_43：臨戦待機　同日　１４日.egpack,０３０：１９９８年_43：臨戦待機　同日　１４日,唯依,527901728B7C989D26F85629A0B0EAF9A78744B36D27B34B0EEAB65014858D0C,text,「咦……没、没事！」\p
3682,game_t03694,０３０：１９９８年_43：臨戦待機　同日　１４日.egpack,０３０：１９９８年_43：臨戦待機　同日　１４日,山城,A9547BFD8801027DEEEC6B074643395E47BADD5BDE26FE53DD2A9E117F7759A9,text,「……嗯——！」\p
3683,game_t03695,０３０：１９９８年_43：臨戦待機　同日　１４日.egpack,０３０：１９９８年_43：臨戦待機　同日　１４日,唯依,E0A5958861D7246297B57382107D95EB6C8A96C43ABCABD5BD6FE503A355B18A,text,「没关系……这种话我听着没事。」\p
3684,game_t03696,０３０：１９９８年_43：臨戦待機　同日　１４日.egpack,０３０：１９９８年_43：臨戦待機　同日　１４日,山城,75952BCEE64363438CDD4C23BB1F7822BF7BC0A5BB2D0C0B0E24532C7A1D036B,text,「……也许我也因战前处置出现‘恶醉’了吧。」\p
3685,game_t03697,０３０：１９９８年_43：臨戦待機　同日　１４日.egpack,０３０：１９９８年_43：臨戦待機　同日　１４日,唯依,FC1BB2D07B8CA4CB833A8FC775711F88FDC75DF9188537E5BF556C9021D9D39C,text,「…\w…\w…\w…\w」\p
3686,game_t03698,０３０：１９９８年_43：臨戦待機　同日　１４日.egpack,０３０：１９９８年_43：臨戦待機　同日　１４日,山城,FC1BB2D07B8CA4CB833A8FC775711F88FDC75DF9188537E5BF556C9021D9D39C,text,「…\w…\w…\w…\w」\p
3687,game_t03699,０３０：１９９８年_43：臨戦待機　同日　１４日.egpack,０３０：１９９８年_43：臨戦待機　同日　１４日,旁白,214F616677A6B1C354ECA244353C2251EAB31769C89A2031C0B54F93E0A65829,text,这片沉默……简直像——\p
3688,game_t03700,０３０：１９９８年_43：臨戦待機　同日　１４日.egpack,０３０：１９９８年_43：臨戦待機　同日　１４日,旁白,43555F70A699E98DFE4B451158C5DB9B1DA222BB55D566BFE0730F5094949AA8,text,简直像在这样质问我……\p
3689,game_t03701,０３０：１９９８年_43：臨戦待機　同日　１４日.egpack,０３０：１９９８年_43：臨戦待機　同日　１４日,山城,FC1BB2D07B8CA4CB833A8FC775711F88FDC75DF9188537E5BF556C9021D9D39C,text,「…\w…\w…\w…\w」\p
3690,game_t03702,０３０：１９９８年_43：臨戦待機　同日　１４日.egpack,０３０：１９９８年_43：臨戦待機　同日　１４日,唯依,4EB57694E38BCC80F55307EB875CE646D33104EEF10FF030EC21F27D7F0D9E9B,text,「我……」\p
3691,game_t03703,０３０：１９９８年_43：臨戦待機　同日　１４日.egpack,０３０：１９９８年_43：臨戦待機　同日　１４日,唯依,BB3F098E5A1FAA0BBE49709D62D80C6294776A3F30EE5EAF164EB6E3BB2C1DD1,text,「我……还是觉得这样的山城……真的很了不起。」\p
3692,game_t03704,０３０：１９９８年_43：臨戦待機　同日　１４日.egpack,０３０：１９９８年_43：臨戦待機　同日　１４日,唯依,7153FB6982760AF9E7D89EA63474568FBA9CA8C511F8E856C5399CACE6AE0C7C,text,「真的，我由衷敬佩你。说我们一样……总觉得太不自量力了。」\p
3693,game_t03705,０３０：１９９８年_43：臨戦待機　同日　１４日.egpack,０３０：１９９８年_43：臨戦待機　同日　１４日,唯依,23885205E6155CD40F788FF03A1BC9413C41113B875BB71C379E53DF123B3908,text,「……我们根本一点也不像。」\p
3694,game_t03706,０３０：１９９８年_43：臨戦待機　同日　１４日.egpack,０３０：１９９８年_43：臨戦待機　同日　１４日,唯依,14FF8F3D951794C9B4DF58E025602A0E2726C7635B76630FBF583BE61386204F,text,「我没那么了不起，更像是很肤浅……或许只是迟钝得吓人吧。」\p
3695,game_t03707,０３０：１９９８年_43：臨戦待機　同日　１４日.egpack,０３０：１９９８年_43：臨戦待機　同日　１４日,旁白,124BDB473D8B11377735894E8D37F58D3C78E75F79FA3822DF27A57BC45BFADB,text,多么温柔的目光……\p
3696,game_t03708,０３０：１９９８年_43：臨戦待機　同日　１４日.egpack,０３０：１９９８年_43：臨戦待機　同日　１４日,旁白,67895FD50CA1F1E871A58778D5E32D01F961BEAAFEFE091EE976B98F07ED014E,text,说起来，我是从什么时候开始……再也没看到那种目光的？\p
3697,game_t03709,０３０：１９９８年_43：臨戦待機　同日　１４日.egpack,０３０：１９９８年_43：臨戦待機　同日　１４日,唯依,FC1BB2D07B8CA4CB833A8FC775711F88FDC75DF9188537E5BF556C9021D9D39C,text,「…\w…\w…\w…\w」\p
3698,game_t03710,０３０：１９９８年_43：臨戦待機　同日　１４日.egpack,０３０：１９９８年_43：臨戦待機　同日　１４日,旁白,C7FE6CF2E4F82359F79310B6F06E1E26F309C7CD6AC13DB0C248747E5FBDED05,text,也就是说，最近我们已经建立起不再基于怜悯的关系。所以山城才愿意向我坦白真心。\p
3699,game_t03711,０３０：１９９８年_43：臨戦待機　同日　１４日.egpack,０３０：１９９８年_43：臨戦待機　同日　１４日,旁白,E6A4200EE1779FDED156B7F0E48C5EE37EC13508ED9B73B953E5B205CFA4F854,text,而我所能给出的回应，却实在没出息……\p
3700,game_t03712,０３０：１９９８年_43：臨戦待機　同日　１４日.egpack,０３０：１９９８年_43：臨戦待機　同日　１４日,旁白,2785381006EBC5D5C7BB0E1ECBA5EF57D4D925CDE7DD74AC6E8BF8519F674B94,text,还不至于说是谎话……却也并非真心……\p
3701,game_t03713,０３０：１９９８年_43：臨戦待機　同日　１４日.egpack,０３０：１９９８年_43：臨戦待機　同日　１４日,旁白,D88EDAC91AB081930E01604AA939F6D3D4F428291FD14F2DBB13151E964E649B,text,老实说，连我自己都不清楚。从这个意义上说，我并不是有意撒谎……\p
3702,game_t03714,０３０：１９９８年_43：臨戦待機　同日　１４日.egpack,０３０：１９９８年_43：臨戦待機　同日　１４日,旁白,08B9D82B99DAA41144F777FD342E297D7F4D6CD86D0E0DCF77A883BBBD6CCB83,text,如今听完山城的真心话，我虽然很没出息……却真的乱了方寸。\p
3703,game_t03715,０３０：１９９８年_43：臨戦待機　同日　１４日.egpack,０３０：１９９８年_43：臨戦待機　同日　１４日,旁白,58EE1DB09D02C72BB6D7942F2A7DB19BBFFDF7DF3D46C370A1D5B21143FC995B,text,明明多亏战前处置，我应该能够冷静、客观地思考……心里却笼罩着一团不知所措的阴霾。\p
3704,game_t03716,０３０：１９９８年_43：臨戦待機　同日　１４日.egpack,０３０：１９９８年_43：臨戦待機　同日　１４日,旁白,059CB606CB4C033F7BACBDACA7FE631B722F27B8419234C326F907CE73C47774,text,可是，这是第一次……我第一次遇到能够谈论这些事的同龄人……\p
3705,game_t03717,０３０：１９９８年_43：臨戦待機　同日　１４日.egpack,０３０：１９９８年_43：臨戦待機　同日　１４日,旁白,956AE8F3CAB4F14E99D5CF83F7F0F8AE94A8671F301A80796468054BCE5F01ED,text,以前只有我单方面这样想，但今天我才知道，山城也在同一时刻对我怀着同样的想法——所以我非常高兴。\p
3706,game_t03718,０３０：１９９８年_43：臨戦待機　同日　１４日.egpack,０３０：１９９８年_43：臨戦待機　同日　１４日,旁白,B0714454F332EA6CB6A6F8A2A685072EB5802B58EE78D9BE36E1DF2C0C4E2A9D,text,所以我想，总有一天……我会把毫无掩饰的内心全部展露给山城。\p
3707,game_t03719,０３０：１９９８年_43：臨戦待機　同日　１４日.egpack,０３０：１９９８年_43：臨戦待機　同日　１４日,旁白,B04EB93BE7A9C32EDEB1B0E27FE11A5D60B5113B5D655482CE7A207C5084DD32,text,可是，对不起……现在的我还做不到突然坦白一切。\p
3708,game_t03720,０３０：１９９８年_43：臨戦待機　同日　１４日.egpack,０３０：１９９８年_43：臨戦待機　同日　１４日,旁白,F8BB25B7F80A13AE267C5155A5AC2EE5203E60F208C6F5EEF5EABDFC3133B555,text,要做到那样，我自己必须先习惯这种事。必须慢慢准备好属于自己的话——\p
3709,game_t03721,０３０：１９９８年_43：臨戦待機　同日　１４日.egpack,０３０：１９９８年_43：臨戦待機　同日　１４日,旁白,618EFB8073818387F18518EDC0780D8887992512BBEC1BD8F9F1DBFEA57FCCA7,text,是山城让我相信，做这些并非徒劳——\p
3710,game_t03722,０３０：１９９８年_43：臨戦待機　同日　１４日.egpack,０３０：１９９８年_43：臨戦待機　同日　１４日,旁白,1AABA6D0095E4F4F7526AC95BC5219F3E14E0D3480084145B0A21DD87E07CD66,text,能与你相遇，我真的很幸福……打从心底感谢你。\p
3711,game_t03723,０３０：１９９８年_43：臨戦待機　同日　１４日.egpack,０３０：１９９８年_43：臨戦待機　同日　１４日,旁白,A96381B98F51705111E27154080CA42E01822153B98398702DA78BD356DA9EA0,text,所以……就像那一天……\p
3712,game_t03724,０３０：１９９８年_43：臨戦待機　同日　１４日.egpack,０３０：１９９８年_43：臨戦待機　同日　１４日,旁白,D3AEDAAED5B2709E64936D2B43A233386C0C2B2BF364FEF8BE5BCC2F747DE515,text,就像我迈出通往今日第一步的那一天——\p
3713,game_t03725,０３０：１９９８年_43：臨戦待機　同日　１４日.egpack,０３０：１９９８年_43：臨戦待機　同日　１４日,旁白,F7CDE893597986A52F08FCD567A1BF42D536C86FAC54D6C3230EF3EF42DE3F4F,text,请让我再迈出一步，走向能够把一切都展露给你的那一天……\p
3714,game_t03726,０３０：１９９８年_43：臨戦待機　同日　１４日.egpack,０３０：１９９８年_43：臨戦待機　同日　１４日,唯依,7D6FCFA215AC2E90E09E7B75416BC17A1EEE28B666609C1D4165812415A72ECB,text,「……那个，山城。」\p
3715,game_t03727,０３０：１９９８年_43：臨戦待機　同日　１４日.egpack,０３０：１９９８年_43：臨戦待機　同日　１４日,山城,A730953989CFEC3835011336917A0E1B8DF21072D29BE8C89E0A742BD7574AEB,text,「……什么事？」\p
3716,game_t03728,０３０：１９９８年_43：臨戦待機　同日　１４日.egpack,０３０：１９９８年_43：臨戦待機　同日　１４日,旁白,9F19619023192025580FE194CCC0F3A9323F9ACFF274A4FA7CEDAA9393649376,text,也许我能做出这种事，也是多亏了战前处置……\p
3717,game_t03729,０３０：１９９８年_43：臨戦待機　同日　１４日.egpack,０３０：１９９８年_43：臨戦待機　同日　１４日,唯依,F0E6B878020C339A40157B23892EA5AEED33C735B514A577622FBDB8D51F627B,text,「我们……那个……」\p
3718,game_t03730,０３０：１９９８年_43：臨戦待機　同日　１４日.egpack,０３０：１９９８年_43：臨戦待機　同日　１４日,山城,FC1BB2D07B8CA4CB833A8FC775711F88FDC75DF9188537E5BF556C9021D9D39C,text,「…\w…\w…\w…\w」\p
3719,game_t03731,０３０：１９９８年_43：臨戦待機　同日　１４日.egpack,０３０：１９９８年_43：臨戦待機　同日　１４日,唯依,05DAA480D7AB4179AB4DC55057E9CC1B54BBD6DDBEC2CF3F22724570EB8028B2,text,「那个，我们差不多可以……开始互称名字……好吗……？」\p
3720,game_t03732,０３０：１９９８年_43：臨戦待機　同日　１４日.egpack,０３０：１９９８年_43：臨戦待機　同日　１４日,唯依,FC1BB2D07B8CA4CB833A8FC775711F88FDC75DF9188537E5BF556C9021D9D39C,text,「…\w…\w…\w…\w」\p
3721,game_t03733,０３０：１９９８年_43：臨戦待機　同日　１４日.egpack,０３０：１９９８年_43：臨戦待機　同日　１４日,旁白,F892752161E45916B3DBA7E9914DA72ACBC510899D3A5A64219873831B5E7179,text,我的耳朵……现在该不会都红透了吧……\p
3722,game_t03734,０３０：１９９８年_43：臨戦待機　同日　１４日.egpack,０３０：１９９８年_43：臨戦待機　同日　１４日,旁白,08C68502E3CC21CE38F1845432A768149F93D9394055AC3E5F01864F2122A638,text,呜……这段沉默……我该怎么办……\p
3723,game_t03735,０３０：１９９８年_43：臨戦待機　同日　１４日.egpack,０３０：１９９８年_43：臨戦待機　同日　１４日,山城,9B4430C8DB4E92277DC788B6EAA2002378E5462DF3BBBF1D2D2C3D4EB1516E00,text,「也是呢……既然彼此心意相通，互称名字也未尝不可……」\p
3724,game_t03736,０３０：１９９８年_43：臨戦待機　同日　１４日.egpack,０３０：１９９８年_43：臨戦待機　同日　１４日,旁白,C8FC86C88E62A0DD91355A53E0399793C767CEF2C94C5B36CCBF8432FCF91E57,text,彼此心意相通……\p
3725,game_t03737,０３０：１９９８年_43：臨戦待機　同日　１４日.egpack,０３０：１９９８年_43：臨戦待機　同日　１４日,旁白,52B07CD9D3785B5061FA74971771108F35DB024EB60316EC0D20B33A1F313315,text,说起来……山城从没有直呼过任何人的名字……这么说，第一个人会是——\p
3726,game_t03738,０３０：１９９８年_43：臨戦待機　同日　１４日.egpack,０３０：１９９８年_43：臨戦待機　同日　１４日,山城,59613978229C2C118331C59E77C43B32B46609426712CFF2E19A5AE444B696A4,text,「……不过，还是算了吧。」\p
3727,game_t03739,０３０：１９９８年_43：臨戦待機　同日　１４日.egpack,０３０：１９９８年_43：臨戦待機　同日　１４日,唯依,FC1BB2D07B8CA4CB833A8FC775711F88FDC75DF9188537E5BF556C9021D9D39C,text,「…\w…\w…\w…\w」\p
3728,game_t03740,０３０：１９９８年_43：臨戦待機　同日　１４日.egpack,０３０：１９９８年_43：臨戦待機　同日　１４日,旁白,2F7E435837BE760A94470AC6382A7C6B8C1757CE65E95C3F062FAF1CB22F46B5,text,这……果然还是……\p
3729,game_t03741,０３０：１９９８年_43：臨戦待機　同日　１４日.egpack,０３０：１９９８年_43：臨戦待機　同日　１４日,旁白,8EAC13A45A9E9234D237D04C049253878D11E6537A504D311AAB9CEA0A9B96E1,text,果然……是说不行吧……\p
3730,game_t03742,０３０：１９９８年_43：臨戦待機　同日　１４日.egpack,０３０：１９９８年_43：臨戦待機　同日　１４日,山城,3D938482438B4D6CF6EF8D0ACA483E2D618440D969EA02377C14AC8411D65A95,text,「……真是的，不知道该说你太有自信，还是太健忘。」\p
3731,game_t03743,０３０：１９９８年_43：臨戦待機　同日　１４日.egpack,０３０：１９９８年_43：臨戦待機　同日　１４日,唯依,57562AB9FE30F43D1538A54A0E8ADB707991E1A3E77EC6C4DE283E70C6B3EED6,text,「咦……？」\p
3732,game_t03744,０３０：１９９８年_43：臨戦待機　同日　１４日.egpack,０３０：１９９８年_43：臨戦待機　同日　１４日,山城,B1D2282F7CBEBBCA63F5BF92213EBB94A2DAD83E8071BCB65935C095A98093F3,text,「我们可还没经历首次实战呢？」\p
3733,game_t03745,０３０：１９９８年_43：臨戦待機　同日　１４日.egpack,０３０：１９９８年_43：臨戦待機　同日　１４日,山城,D7192B746CE6193FF7C06394C2A407F7BD1895A5DDEC8B6D3D316D639439F770,text,「大家都知道，这种约定很不吉利。所以现在还是算了吧。」\p
3734,game_t03746,０３０：１９９８年_43：臨戦待機　同日　１４日.egpack,０３０：１９９８年_43：臨戦待機　同日　１４日,旁白,4E6BD55B4B94AD4CBD58ABD99F841A8487878C31E091D8053455DF3DFA184DC2,text,咦……那就是说……？\p
3735,game_t03747,０３０：１９９８年_43：臨戦待機　同日　１４日.egpack,０３０：１９９８年_43：臨戦待機　同日　１４日,山城,F69390BE178017469E0467149CD1DC8B3FC2432AE535876C1DA1C9BC5F42D78C,text,「……不过，希望总有一天，我们能这样称呼彼此。」\p
3736,game_t03748,０３０：１９９８年_43：臨戦待機　同日　１４日.egpack,０３０：１９９８年_43：臨戦待機　同日　１４日,唯依,4D0C4081A0FD571251A9595FF6CDDD1AEFEB17F895684FC8FD1C95B731D0208A,text,「山城……」\p
3737,game_t03749,０３０：１９９８年_43：臨戦待機　同日　１４日.egpack,０３０：１９９８年_43：臨戦待機　同日　１４日,旁白,B952350BDE273B8875AD26F00DA620D44588A5CEE62E69E2579231A5781699DD,text,太好了……\p
3738,game_t03750,０３０：１９９８年_43：臨戦待機　同日　１４日.egpack,０３０：１９９８年_43：臨戦待機　同日　１４日,旁白,15A54F78C3FBE007F9567B5914BBE02EFCD87E88EC381EC17C5F9B841C30DC62,text,有一瞬间，我还以为她拒绝了……如果没有战前处置，我一定会更加慌乱。\p
3739,game_t03751,０３０：１９９８年_43：臨戦待機　同日　１４日.egpack,０３０：１９９８年_43：臨戦待機　同日　１４日,旁白,74F177C0D558AD6ACDF60B94BDF9538DED40BC91479BC031EBDFA18BFE4280B3,text,可是，我再次切身体会到我们意识上的差距。\p
3740,game_t03752,０３０：１９９８年_43：臨戦待機　同日　１４日.egpack,０３０：１９９８年_43：臨戦待機　同日　１４日,旁白,E6B4BE866BBA866A192B46C5CD7FF5377D4A0E33410F74F44CE9445036081023,text,随着实战临近，已经没人再提了……但我们究竟能否熬过“死亡8分钟”，仍是未知数。\p
3741,game_t03753,０３０：１９９８年_43：臨戦待機　同日　１４日.egpack,０３０：１９９８年_43：臨戦待機　同日　１４日,旁白,208965DE503166304B7E06A9399BC22AC6FC59618B3D47A3CCAF7936B3E7DE6A,text,我想，自己还缺少身处这种生死关头的紧张感。所以才无法以小队长的身份妥善面对大家吧。\p
3742,game_t03754,０３０：１９９８年_43：臨戦待機　同日　１４日.egpack,０３０：１９９８年_43：臨戦待機　同日　１４日,旁白,4729D3747EAB36ADDA9F9AF89451F4C6D439962D09379212AC91FCBF9CA6B919,text,没想到山城也会讲究吉凶——大概是为了保持这种紧张感，约束自己吧。\p
3743,game_t03755,０３０：１９９８年_43：臨戦待機　同日　１４日.egpack,０３０：１９９８年_43：臨戦待機　同日　１４日,旁白,9B3200FDE66E6A52489522A3198D2CF3B7DF89613FBFD0D4D4347A3996EE4E8A,text,原来如此，也许这一面也是她只愿意让我看到的。\p
3744,game_t03756,０３０：１９９８年_43：臨戦待機　同日　１４日.egpack,０３０：１９９８年_43：臨戦待機　同日　１４日,旁白,F365580D2E7213CE80D09FB8F03FDF2F23E7621542800AD3059D6FB313520BD0,text,那位冷静得近乎冷酷、文武双全的才女竟也会讲究吉凶……知道这件事的人恐怕并不多……\p
3745,game_t03757,０３０：１９９８年_43：臨戦待機　同日　１４日.egpack,０３０：１９９８年_43：臨戦待機　同日　１４日,山城,96804E1C01B31A4C43CD8F2D7EEAE2D4B7224FC4C8F5B0EA22F2B489CF0C1C87,text,「今天果然你我都有些奇怪。战前处置的影响，真不能小看。」\p
3746,game_t03758,０３０：１９９８年_43：臨戦待機　同日　１４日.egpack,０３０：１９９８年_43：臨戦待機　同日　１４日,唯依,88FA6A5C68CAFA8F1A9B24907C942B0AA96F23B4EE0FAB8FF42E6D24ABEE5014,text,「嗯。训练期间的检查明明也采用了实战强度，却没有变成这样。精神状态和当前情境的影响果然很大吧。」\p
3747,game_t03759,０３０：１９９８年_43：臨戦待機　同日　１４日.egpack,０３０：１９９８年_43：臨戦待機　同日　１４日,山城,0C653BF9EE75AA1767A6AE12A90BD250ECDDC11D189DD724F34B802CDF0F88F5,text,「是啊。毕竟这本就是一种效果和影响都容易出现个体差异的不稳定技术……」\p
3748,game_t03760,０３０：１９９８年_43：臨戦待機　同日　１４日.egpack,０３０：１９９８年_43：臨戦待機　同日　１４日,山城,DA2FCEB6A3D6D9F24A8BBB6B5FF9C0751DD4248D13183E60B95795B6A71479DE,text,「话说回来，能登那副样子实在令人担心。希望战前处置没有对她产生负面影响。」\p
3749,game_t03761,０３０：１９９８年_43：臨戦待機　同日　１４日.egpack,０３０：１９９８年_43：臨戦待機　同日　１４日,唯依,3EE85A3F64BE0C12C39F66245480D30223C50ACF52446F44D0F956200B1A76D8,text,「嗯……是啊。毕竟她才刚经历了那么多事。」\p
3750,game_t03762,０３０：１９９８年_43：臨戦待機　同日　１４日.egpack,０３０：１９９８年_43：臨戦待機　同日　１４日,旁白,99CE4C3F67824D9E0FFAC45DE80C4F15D18612C56A8C3C143F58360ACBE46781,text,卫士的生命体征始终通过数据链接受远程监测。所以和泉一旦出现异常，如月中尉应该会解除她的临战待命状态。\p
3751,game_t03763,０３０：１９９８年_43：臨戦待機　同日　１４日.egpack,０３０：１９９８年_43：臨戦待機　同日　１４日,旁白,AA81C7BF4CF3F24EAC72B6599438B0F3DEC886F29F1A6CCC42212B6AA3B44EC2,text,可是……如果山城是和泉的小队长，这种时候会怎么做？\p
3752,game_t03764,０３０：１９９８年_43：臨戦待機　同日　１４日.egpack,０３０：１９９８年_43：臨戦待機　同日　１４日,旁白,242514D77B30D09A35A0FA54F705876D1C61C052D0A116369901DADEA8A664C7,text,面对与自己境遇相似的人，她会以指挥官的身份说些什么……\p
3753,game_t03765,０３０：１９９８年_43：臨戦待機　同日　１４日.egpack,０３０：１９９８年_43：臨戦待機　同日　１４日,山城,D3F07771DC03349F26F37ED916C2DDCF19648DE12C5AFE9CD26A97A72DD44C5F,text,「……对不起。你好不容易才有机会独处，我却打扰了这么久。」\p
3754,game_t03766,０３０：１９９８年_43：臨戦待機　同日　１４日.egpack,０３０：１９９８年_43：臨戦待機　同日　１４日,唯依,3753E2A148AA712E26335B2F1DAA5DC4E2968D6C2C33CB14194C18D6D1C59CAF,text,「不会，没这回事。反倒是我让你操心了，对不起。」\p
3755,game_t03767,０３０：１９９８年_43：臨戦待機　同日　１４日.egpack,０３０：１９９８年_43：臨戦待機　同日　１４日,山城,533911B55FDC5276A263B76284E5C893CB511F2318D3CA54EDB8288724EC0DB1,text,「那我先回去了——」\p
3756,game_t03768,０３０：１９９８年_43：臨戦待機　同日　１４日.egpack,０３０：１９９８年_43：臨戦待機　同日　１４日,唯依,72882CC8021E200908E6964F9E54A92341D4C2F3C30BD74BFD43C07CBCEFDD7E,text,「——山城。」\p
3757,game_t03769,０３０：１９９８年_43：臨戦待機　同日　１４日.egpack,０３０：１９９８年_43：臨戦待機　同日　１４日,唯依,6FFD14D81546CA1C1EF1F017ECA3BDE9C477F2E6BD9DAE067B0920AC26B10538,text,「……谢谢你。」\p
3758,game_t03770,０３０：１９９８年_43：臨戦待機　同日　１４日.egpack,０３０：１９９８年_43：臨戦待機　同日　１４日,山城,FC1BB2D07B8CA4CB833A8FC775711F88FDC75DF9188537E5BF556C9021D9D39C,text,「…\w…\w…\w…\w」\p
3759,game_t03771,０３０：１９９８年_43：臨戦待機　同日　１４日.egpack,０３０：１９９８年_43：臨戦待機　同日　１４日,山城,5CBCB7538EBE81134EE6B42086A33BB95B0DADEBF351D5AB91C7EB1B5AC2779A,text,「才第一天……看来会很漫长呢。」\p
3760,game_t03772,０３０：１９９８年_43：臨戦待機　同日　１４日.egpack,０３０：１９９８年_43：臨戦待機　同日　１４日,巌谷中佐,6BE6FF9922D2E5E4B31549F22E73A2F723CA7A9BCF7C74E2276F3882EE391B89,text,「——人只会按照自己希望的方式去理解事物。」\p
3761,game_t03773,０３０：１９９８年_43：臨戦待機　同日　１４日.egpack,０３０：１９９８年_43：臨戦待機　同日　１４日,巌谷中佐,972001BA89E99E1A36ADEF7F8E7CE8A6E38D27BB6710AEC7F372F6F8707A395C,text,「——所以，不必把每件事都想得太深、看得太重。」\p
3762,game_t03774,０３０：１９９８年_43：臨戦待機　同日　１４日.egpack,０３０：１９９８年_43：臨戦待機　同日　１４日,唯依,FC1BB2D07B8CA4CB833A8FC775711F88FDC75DF9188537E5BF556C9021D9D39C,text,「…\w…\w…\w…\w」\p
3763,game_t03775,０３０：１９９８年_44：東京　首相官邸　苦渋の選択　同時刻.egpack,０３０：１９９８年_44：東京　首相官邸　苦渋の選択　同時刻,瀧元官房長官,9D2E430327588764839004C2974903888F15DE348726C83758DE79131F546E8F,text,「——蠢货！首相明明说过这个选项不存在！事到如今还提什么！！」\p
3764,game_t03776,０３０：１９９８年_44：東京　首相官邸　苦渋の選択　同時刻.egpack,０３０：１９９８年_44：東京　首相官邸　苦渋の選択　同時刻,関口国防大臣,5CA0DA21BC40D04E5DCE9FCC6149F6AFB3CFD3D4849A4FFCED4F9B086DC015D1,text,「这是获派前来的第七舰队司令以私人身份给出的关照。」\p
3765,game_t03777,０３０：１９９８年_44：東京　首相官邸　苦渋の選択　同時刻.egpack,０３０：１９９８年_44：東京　首相官邸　苦渋の選択　同時刻,瀧元官房長官,500398CF4B6BFF41971E458198DF64E56E186F15E3BB74119EE4834AD89B5264,text,「个人关照……？」\p
3766,game_t03778,０３０：１９９８年_44：東京　首相官邸　苦渋の選択　同時刻.egpack,０３０：１９９８年_44：東京　首相官邸　苦渋の選択　同時刻,関口国防大臣,DD7532B50A43BCE75A1CD988F55F7FDFE94664489174D39A53E0EB05D3BFA5A3,text,「他私下向与其素有交情的我方八云长官发来了通知。当然，应该也是奉本国命令行事……」\p
3767,game_t03779,０３０：１９９８年_44：東京　首相官邸　苦渋の選択　同時刻.egpack,０３０：１９９８年_44：東京　首相官邸　苦渋の選択　同時刻,瀧元官房長官,CD8EF0378AACC33AD1776897F05D678A543388291DB86F29898F1530D2BB50E1,text,「第七舰队司令……久世提督吗。哼，该不会是拿日裔身份来讽刺我们吧……？」\p
3768,game_t03780,０３０：１９９８年_44：東京　首相官邸　苦渋の選択　同時刻.egpack,０３０：１９９８年_44：東京　首相官邸　苦渋の選択　同時刻,関口国防大臣,FC1BB2D07B8CA4CB833A8FC775711F88FDC75DF9188537E5BF556C9021D9D39C,text,「…\w…\w…\w…\w」\p
3769,game_t03781,０３０：１９９８年_44：東京　首相官邸　苦渋の選択　同時刻.egpack,０３０：１９９８年_44：東京　首相官邸　苦渋の選択　同時刻,八雲長官,FC1BB2D07B8CA4CB833A8FC775711F88FDC75DF9188537E5BF556C9021D9D39C,text,「…\w…\w…\w…\w」\p
3770,game_t03782,０３０：１９９８年_44：東京　首相官邸　苦渋の選択　同時刻.egpack,０３０：１９９８年_44：東京　首相官邸　苦渋の選択　同時刻,瀧元官房長官,5835646908258D330086294AA45050668E02CC239AEC121D88F073FEEF030183,text,「……久世提督的父亲，我记得是在第442团吧。」\p
3771,game_t03783,０３０：１９９８年_44：東京　首相官邸　苦渋の選択　同時刻.egpack,０３０：１９９８年_44：東京　首相官邸　苦渋の選択　同時刻,八雲長官,59F3507256A1FF25273045BF7F63515E5ECECACFF3A68E68E90365C8862A4753,text,「——是。他是以流血证明对美国忠诚的日裔后裔。」\p
3772,game_t03784,０３０：１９９８年_44：東京　首相官邸　苦渋の選択　同時刻.egpack,０３０：１９９８年_44：東京　首相官邸　苦渋の選択　同時刻,関口国防大臣,AD5F1BC91922248C0234F7A646D12EA3259F84C776974712785222DD92102D6E,text,「继承那份血脉的人，为了『同胞的未来』，带着将伴随流血的救济方案回到祖先之国——大概就是这么回事。」\p
3773,game_t03785,０３０：１９９８年_44：東京　首相官邸　苦渋の選択　同時刻.egpack,０３０：１９９８年_44：東京　首相官邸　苦渋の選択　同時刻,瀧元官房長官,5C40047BB6763153E44EA6B4E5051091E4B148FA9A949B2FB15C197CCD545714,text,「所以我才说，这是讽刺。」\p
3774,game_t03786,０３０：１９９８年_44：東京　首相官邸　苦渋の選択　同時刻.egpack,０３０：１９９８年_44：東京　首相官邸　苦渋の選択　同時刻,関口国防大臣,A793C9D0DD3F9CFE9F8C4A1FD05039E01F1A3B5603E0481AB435D746739D9218,text,「前所未有的天灾接连降临，确实是莫大的不幸。但事已至此，我们必须采取手段扭转当前战局。」\p
3775,game_t03787,０３０：１９９８年_44：東京　首相官邸　苦渋の選択　同時刻.egpack,０３０：１９９８年_44：東京　首相官邸　苦渋の選択　同時刻,関口国防大臣,7150E025B8A22FDEA6D343955A4F0BB792BE6E9DC088FF939908968C36945B39,text,「比光线属种更大的威胁，是汹涌而来的BETA数量。若京都就此陷落，敌军恐怕会一口气推进至东海——不，直抵关东。」\p
3776,game_t03788,０３０：１９９８年_44：東京　首相官邸　苦渋の選択　同時刻.egpack,０３０：１９９８年_44：東京　首相官邸　苦渋の選択　同時刻,関口国防大臣,236085D0D83F96A148FE223E89847C71D7771D3BFE43DC7C323DA976E302183F,text,「被四号台风与BETA的肆虐撕裂、陷入瘫痪的防卫态势；孤立在BETA占领区仍继续抵抗的众多部队；海军为维持这些部队的补给与后勤而遭受的损耗——」\p
3777,game_t03789,０３０：１９９８年_44：東京　首相官邸　苦渋の選択　同時刻.egpack,０３０：１９９８年_44：東京　首相官邸　苦渋の選択　同時刻,関口国防大臣,5FE74D06B14EDAD749D362D16115B09C0D26A85154764C93CDF8621C1E981CC8,text,「我军必须尽快争取时间，重整态势。」\p
3778,game_t03790,０３０：１９９８年_44：東京　首相官邸　苦渋の選択　同時刻.egpack,０３０：１９９８年_44：東京　首相官邸　苦渋の選択　同時刻,瀧元官房長官,A151FB52CAEB98EE1476FC402200DC21DD31E1611B0453C18E1F1DA170D788D3,text,「这些我当然清楚。可是——」\p
3779,game_t03791,０３０：１９９８年_44：東京　首相官邸　苦渋の選択　同時刻.egpack,０３０：１９９８年_44：東京　首相官邸　苦渋の選択　同時刻,関口国防大臣,896C69C0FC041F30B795A26AD0BDDD8335D060AAC3B9A4AF44A868D1B7C2227B,text,「朝鲜半岛南端已经被重光线级的照射范围吞没，无法成为候选地点。」\p
3780,game_t03792,０３０：１９９８年_44：東京　首相官邸　苦渋の選択　同時刻.egpack,０３０：１９９８年_44：東京　首相官邸　苦渋の選択　同時刻,関口国防大臣,C60CBF332E8D5DC86F382D79F4A8585489C7431C3795D797263C723DA9A9DD15,text,「长官，等北九州也变成那样，就再也无计可施了。不只在军事上，在国际政治上也是如此。」\p
3781,game_t03793,０３０：１９９８年_44：東京　首相官邸　苦渋の選択　同時刻.egpack,０３０：１９９８年_44：東京　首相官邸　苦渋の選択　同時刻,関口国防大臣,CD61E7EB7AE3867EE68FA5261F344055DA27AFC0F592BBF95D43234F63B4A25D,text,「我国自诩是极东防卫的要冲，却在短短几天内丢掉三分之一国土，军事混乱仍在持续……对此失望的，恐怕不只外国。」\p
3782,game_t03794,０３０：１９９８年_44：東京　首相官邸　苦渋の選択　同時刻.egpack,０３０：１９９８年_44：東京　首相官邸　苦渋の選択　同時刻,関口国防大臣,06090530DC022F90E6E4E2B8154A5195581BAC67238E3C03B2D44541C559391F,text,「国内舆论自不必说，执政党内部也已经有人公开谴责政府——」\p
3783,game_t03795,０３０：１９９８年_44：東京　首相官邸　苦渋の選択　同時刻.egpack,０３０：１９９８年_44：東京　首相官邸　苦渋の選択　同時刻,瀧元官房長官,D0D17981B6F4035E0BC8B6B01D47E2325A09FC12B3391F075998E00550E7C569,text,「——这些事我都知道！」\p
3784,game_t03796,０３０：１９９８年_44：東京　首相官邸　苦渋の選択　同時刻.egpack,０３０：１９９８年_44：東京　首相官邸　苦渋の選択　同時刻,関口国防大臣,FC1BB2D07B8CA4CB833A8FC775711F88FDC75DF9188537E5BF556C9021D9D39C,text,「…\w…\w…\w…\w」\p
3785,game_t03797,０３０：１９９８年_44：東京　首相官邸　苦渋の選択　同時刻.egpack,０３０：１９９８年_44：東京　首相官邸　苦渋の選択　同時刻,瀧元官房長官,DED86CCBA8512C2D15A43301A51A90B2F654C74DF5B4B263455994FB0443CD6B,text,「可敌方占领区内，至今仍有大量友军部队和未能及时撤离的国民！最前线还有无数将士正在战斗。你却要……」\p
3786,game_t03798,０３０：１９９８年_44：東京　首相官邸　苦渋の選択　同時刻.egpack,０３０：１９９８年_44：東京　首相官邸　苦渋の選択　同時刻,関口国防大臣,8E75FE61BB2A7E1B4D68663B7AD8F780885D02E7E377A1C1417EEB999373B088,text,「泷元——能够说服首相的，只有你。」\p
3787,game_t03799,０３０：１９９８年_44：東京　首相官邸　苦渋の選択　同時刻.egpack,０３０：１９９８年_44：東京　首相官邸　苦渋の選択　同時刻,関口国防大臣,1F93E5919A41D34C95D44E1FC1935F4405259F8DE08A76DD320C399823D1E6E6,text,「各国已经开始批评日本的应对。大洋洲各国跟进也只是时间问题。到那时——」\p
3788,game_t03800,０３０：１９９８年_44：東京　首相官邸　苦渋の選択　同時刻.egpack,０３０：１９９８年_44：東京　首相官邸　苦渋の選択　同時刻,瀧元官房長官,4C509C3709A2C3530346215B2D035B52C8DA8F3087351E9307F11597A757C2B3,text,「……日本将失去独自持续作战的能力，是吗？」\p
3789,game_t03801,０３０：１９９８年_44：東京　首相官邸　苦渋の選択　同時刻.egpack,０３０：１９９８年_44：東京　首相官邸　苦渋の選択　同時刻,関口国防大臣,1A02429F107BC45A759B4D7922BFA5FA9EFA307DF0FCA61942A7415337E818DC,text,「如果我们现在失去国土，日本建设的海外基础设施就会被置于各国管理之下，用于日本之外的战事。榊首相想必也不愿看到这种结果。」\p
3790,game_t03802,０３０：１９９８年_44：東京　首相官邸　苦渋の選択　同時刻.egpack,０３０：１９９８年_44：東京　首相官邸　苦渋の選択　同時刻,瀧元官房長官,FC1BB2D07B8CA4CB833A8FC775711F88FDC75DF9188537E5BF556C9021D9D39C,text,「…\w…\w…\w…\w」\p
3791,game_t03803,０３０：１９９８年_44：東京　首相官邸　苦渋の選択　同時刻.egpack,０３０：１９９８年_44：東京　首相官邸　苦渋の選択　同時刻,関口国防大臣,3CB7000E9682D83F0CD760E2EBB8FAEE838AF37ABA4A40225B0168D417289097,text,「泷元，你我同期当选——同为初次当选的议员，也是一起吃过一锅饭的交情。」\p
3792,game_t03804,０３０：１９９８年_44：東京　首相官邸　苦渋の選択　同時刻.egpack,０３０：１９９８年_44：東京　首相官邸　苦渋の選択　同時刻,関口国防大臣,9FC3A5011428C307F99186C57245F23A4A3CEDE87D81F619E5DF0B6E384E378A,text,「你要引咎担责时，我不会让你一个人扛。」\p
3793,game_t03805,０３０：１９９８年_44：東京　首相官邸　苦渋の選択　同時刻.egpack,０３０：１９９８年_44：東京　首相官邸　苦渋の選択　同時刻,瀧元官房長官,FC1BB2D07B8CA4CB833A8FC775711F88FDC75DF9188537E5BF556C9021D9D39C,text,「…\w…\w…\w…\w」\p
3794,game_t03806,０３０：１９９８年_44：東京　首相官邸　苦渋の選択　同時刻.egpack,０３０：１９９８年_44：東京　首相官邸　苦渋の選択　同時刻,関口国防大臣,3DF9D1B65F6C2A55FFE8A219DC1023E95CD265D04325BC242CFF7698EB3A13F8,text,「去说服首相吧。拜托了——！」\p
3795,game_t03807,０３０：１９９８年_44：東京　首相官邸　苦渋の選択　同時刻.egpack,０３０：１９９８年_44：東京　首相官邸　苦渋の選択　同時刻,瀧元官房長官,E08178ADD758DC69CA745A89F3A6A655D3AED7670F70191257795739AA77865D,text,「……候选地点呢？」\p
3796,game_t03808,０３０：１９９８年_44：東京　首相官邸　苦渋の選択　同時刻.egpack,０３０：１９９８年_44：東京　首相官邸　苦渋の選択　同時刻,関口国防大臣,D5FAD7F68F0379AC521059DD873D2113A45CC54D7D907D514C5E15EC0450E9CD,text,「泷元……！谢谢你……！」\p
3797,game_t03809,０３０：１９９８年_44：東京　首相官邸　苦渋の選択　同時刻.egpack,０３０：１９９８年_44：東京　首相官邸　苦渋の選択　同時刻,瀧元官房長官,49BB70A6EFA0CC509AC32B061CE2427CF6242F9FB9D881DB0F99359B97425EEF,text,「我还没有同意。先说明候选地点——」\p
3798,game_t03810,０３０：１９９８年_44：東京　首相官邸　苦渋の選択　同時刻.egpack,０３０：１９９８年_44：東京　首相官邸　苦渋の選択　同時刻,関口国防大臣,66A7BF876E226B6A6CF732D44C501FE11467BF9076C909716DA89CD5B7DB596F,text,「有几个方案。——首先是小仓。那里是本次侵攻中规模最大的持续登陆点，也是通往九州与中国地区的进攻分岔点。」\p
3799,game_t03811,０３０：１９９８年_44：東京　首相官邸　苦渋の選択　同時刻.egpack,０３０：１９９８年_44：東京　首相官邸　苦渋の選択　同時刻,瀧元官房長官,FC1BB2D07B8CA4CB833A8FC775711F88FDC75DF9188537E5BF556C9021D9D39C,text,「…\w…\w…\w…\w」\p
3800,game_t03812,０３０：１９９８年_44：東京　首相官邸　苦渋の選択　同時刻.egpack,０３０：１９９８年_44：東京　首相官邸　苦渋の選択　同時刻,関口国防大臣,17F83F5CD666EEFD2B4D21CADB164D1FAEEBB96D0FD526A48A5B483284CE250F,text,「其次是仓敷与尾道——通往四国的进攻分岔点。视战况而定，鸣门也可能成为候选地点。」\p
3801,game_t03813,０３０：１９９８年_44：東京　首相官邸　苦渋の選択　同時刻.egpack,０３０：１９９８年_44：東京　首相官邸　苦渋の選択　同時刻,関口国防大臣,144AD725E639867E3DD6AF7318FB8A906FFBC51B7F6F2B47F32FE0E57E9EC888,text,「目前的设想基本以这两个方案为中心，再依据形势研究其他选项。」\p
3802,game_t03814,０３０：１９９８年_44：東京　首相官邸　苦渋の選択　同時刻.egpack,０３０：１９９８年_44：東京　首相官邸　苦渋の選択　同時刻,瀧元官房長官,05AC3F837EE28FFA2C9BEE43519466C732F0AF2F5E481C2139E313B2F26E7A46,text,「……知道了。我尽力而为。」\p
3803,game_t03815,０３０：１９９８年_44：東京　首相官邸　苦渋の選択　同時刻.egpack,０３０：１９９８年_44：東京　首相官邸　苦渋の選択　同時刻,関口国防大臣,2636BF6C39EB11C92640CDCEA430D501F5D56A33EDAA0A55A89B108E020DE5C1,text,「……对不起，泷元。」\p
3804,game_t03816,０３０：１９９８年_44：東京　首相官邸　苦渋の選択　同時刻.egpack,０３０：１９９８年_44：東京　首相官邸　苦渋の選択　同時刻,瀧元官房長官,C8AA2627EB895ECBFE640A3D26AD5923842EA58A789C8443F03E26558D5F882F,text,「不过，首相也可能决定走第三条路。到时……就拜托你了，八云长官。」\p
3805,game_t03817,０３０：１９９８年_44：東京　首相官邸　苦渋の選択　同時刻.egpack,０３０：１９９８年_44：東京　首相官邸　苦渋の選択　同時刻,八雲長官,CE76C11F46FFAEF627960FA400FC6CA42D25661F01A4E86B0C018F4EDEB48FD8,text,「——是，必不辱命。」\p
3806,game_t03818,０３０：１９９８年_44：東京　首相官邸　苦渋の選択　同時刻.egpack,０３０：１９９８年_44：東京　首相官邸　苦渋の選択　同時刻,八雲長官,D19EC665836ED303A0D5B0AF0125BE5DAF1B15319AA614F77F62FA430C42B037,text,「即使必须亲手击沉‘罗斯福’号，我也一定会阻止美国发动核攻击。」\p
3807,game_t03819,０３０：１９９８年_44：東京　首相官邸　苦渋の選択　同時刻.egpack,０３０：１９９８年_44：東京　首相官邸　苦渋の選択　同時刻,瀧元官房長官,E58827EBF2D891DDDB7CC350C7511170F3BD9D00771301F55F9C1FA0B101C545,text,「那同样是莫大的讽刺啊……前次大战已过去数十年，同根同源的盟友却要在这个国家兵戎相见吗……」\p
3808,game_t03820,０３０：１９９８年_45：出撃　数時間後.egpack,０３０：１９９８年_45：出撃　数時間後,山城,C90A17C65BFFCF900FF5CD995EFE61BC2C30F733A3023AA265D1FC7B3C652392,text,「——各位，请听我说！」\p
3809,game_t03821,０３０：１９９８年_45：出撃　数時間後.egpack,０３０：１９９８年_45：出撃　数時間後,唯依,8331F90C9ED4AA79F3CE2C5F97873D98AC7585C6473E17F2D1037F8308FA436A,text,「――！？」\p
3810,game_t03822,０３０：１９９８年_45：出撃　数時間後.egpack,０３０：１９９８年_45：出撃　数時間後,山城,8EB8D4A9EDDD58AFA62D6D7F4D247B28D900C88187D9D69D4926F6122B31C2F4,text,「……据说敌军前锋已经突进至西岳一带！」\p
3811,game_t03823,０３０：１９９８年_45：出撃　数時間後.egpack,０３０：１９９８年_45：出撃　数時間後,安芸,8DEA32B766D7C65BED93AF07FB39BC0351605B6828A8B27563A62A17F4265BDE,text,「你说西岳……？！」\p
3812,game_t03824,０３０：１９９８年_45：出撃　数時間後.egpack,０３０：１９９８年_45：出撃　数時間後,志摩子,32AECA9022973B05E5A95E19A7D51440FA9EC6D71CFEDD7034361996242522A9,text,「那不是近在眼前吗！？」\p
3813,game_t03825,０３０：１９９８年_45：出撃　数時間後.egpack,０３０：１９９８年_45：出撃　数時間後,唯依,FC1BB2D07B8CA4CB833A8FC775711F88FDC75DF9188537E5BF556C9021D9D39C,text,「…\w…\w…\w…\w」\p
3814,game_t03826,０３０：１９９８年_45：出撃　数時間後.egpack,０３０：１９９８年_45：出撃　数時間後,旁白,36AC860AA622EC3E8940E2B2690EBCC69445B29DAAC00E9F9608C6C06C39B23C,text,山城刚才去如月中尉那里做定时报告——也就是说，这个消息可信度很高。\p
3815,game_t03827,０３０：１９９８年_45：出撃　数時間後.egpack,０３０：１９９８年_45：出撃　数時間後,中隊衛士１,87B5D561BCD474780CDFBF23C098614A8276983DCBCD4CB073D8DBADFD4CCB44,text,「帝都绝对防卫圈的最外围才刚接敌……明明只过了几个小时……？」\p
3816,game_t03828,０３０：１９９８年_45：出撃　数時間後.egpack,０３０：１９９８年_45：出撃　数時間後,中隊衛士２,38E04E55DC8A038876AB4FF2D13ED75556A5440BCC11C8EBF71AA989A01EB680,text,「这么短时间内三道防线都被突破了——就算往最好处想，至少也有部分防线被撕开了吧……！？」\p
3817,game_t03829,０３０：１９９８年_45：出撃　数時間後.egpack,０３０：１９９８年_45：出撃　数時間後,中隊全員,FC1BB2D07B8CA4CB833A8FC775711F88FDC75DF9188537E5BF556C9021D9D39C,text,「…\w…\w…\w…\w」\p
3818,game_t03830,０３０：１９９８年_45：出撃　数時間後.egpack,０３０：１９９８年_45：出撃　数時間後,旁白,63D962D17C4642B6B6B9DFE45AA980239E842FCCE3D18D89DE382687F9CD7C1F,text,我有种感觉……某件不得了的事正在发生……\p
3819,game_t03831,０３０：１９９８年_45：出撃　数時間後.egpack,０３０：１９９８年_45：出撃　数時間後,和泉,8C7289B6C888970A3CA9C5C4F1F4513AE65CE3C3D3A3AC64C6598B0EF0F5C270,text,「……唔！」\p
3820,game_t03832,０３０：１９９８年_45：出撃　数時間後.egpack,０３０：１９９８年_45：出撃　数時間後,唯依,6C2AFF62F4DDFA0FD6F57F7B907CBD7827D90CDB6DC613B06C60C53A59165063,text,「——和泉！？」\p
3821,game_t03833,０３０：１９９８年_45：出撃　数時間後.egpack,０３０：１９９８年_45：出撃　数時間後,安芸,478A2F5751AA63CEAE3A2E5039167943DC58AF6730A551ADE903511E2D98963B,text,「——等等，和泉！你要去哪里！」\p
3822,game_t03834,０３０：１９９８年_45：出撃　数時間後.egpack,０３０：１９９８年_45：出撃　数時間後,志摩子,0A17A9B355365765123880305B3F33CFE255969AD411634000A7984DE295EE52,text,「——和泉！」\p
3823,game_t03835,０３０：１９９８年_45：出撃　数時間後.egpack,０３０：１９９８年_45：出撃　数時間後,唯依,D7F4329B82EA81500A84A6F4B84F5614DD63A4CE2A0A1CAB8B8EEAEA4BBA7AEC,text,「——和泉，等等！」\p
3824,game_t03836,０３０：１９９８年_45：出撃　数時間後.egpack,０３０：１９９８年_45：出撃　数時間後,旁白,0874CDF4B897F5D26B7AB11C9CC11611A50FF6781ECCC3937BE8535D5D498568,text,不好……如果这种极端的突发行动是“恶醉”造成的……！？\p
3825,game_t03837,０３０：１９９８年_45：出撃　数時間後.egpack,０３０：１９９８年_45：出撃　数時間後,旁白,8DFD155013ECBC99CCE2BCD4921DA88E31E5C675146FEEF5394CC0855DE93F7E,text,前面就是楼梯口——再过去就是露台！翻过铁栏，离地面足有40米以上……！！\p
3826,game_t03838,０３０：１９９８年_45：出撃　数時間後.egpack,０３０：１９９８年_45：出撃　数時間後,旁白,5629C58AF6AD2AE9D75B8DD6BF9DCC56697A961AD30334843F95ADB08F4A5440,text,要是掉下去，就算穿着强化装备也……！\p
3827,game_t03839,０３０：１９９８年_45：出撃　数時間後.egpack,０３０：１９９８年_45：出撃　数時間後,唯依,7CABF762A8B2486E5634FF13975217C9E72680F871EAED65F084D60CC0468EB1,text,「——和泉！」\p
3828,game_t03840,０３０：１９９８年_45：出撃　数時間後.egpack,０３０：１９９８年_45：出撃　数時間後,唯依,FC1BB2D07B8CA4CB833A8FC775711F88FDC75DF9188537E5BF556C9021D9D39C,text,「…\w…\w…\w…\w」\p
3829,game_t03841,０３０：１９９８年_45：出撃　数時間後.egpack,０３０：１９９８年_45：出撃　数時間後,旁白,5C92E96E86EC82D2CC6055CB3112578E0E3E240682FF8E9AD7611113D82A397A,text,呜……这种感觉究竟是什么……\p
3830,game_t03842,０３０：１９９８年_45：出撃　数時間後.egpack,０３０：１９９８年_45：出撃　数時間後,旁白,9CD44F1863532B8FA2110CFBF5478F3173E2D8C6041369BEC4C77A02B5BB1785,text,我明明有种必须阻止和泉的强烈冲动，却又像隔着一段距离旁观它一样，感到空虚……\p
3831,game_t03843,０３０：１９９８年_45：出撃　数時間後.egpack,０３０：１９９８年_45：出撃　数時間後,旁白,8AFC5CB6342DC848DDA1F536F2B882562D408B6A6E4B9D76676A5275AD5EAB6D,text,啊，原来如此。是战前处置起作用了……\p
3832,game_t03844,０３０：１９９８年_45：出撃　数時間後.egpack,０３０：１９９８年_45：出撃　数時間後,和泉,2DE3207C322F176505EC53BA26E02FD4A6A60C549380001E53425BC4C11B34E0,text,「……看，唯依。」\p
3833,game_t03845,０３０：１９９８年_45：出撃　数時間後.egpack,０３０：１９９８年_45：出撃　数時間後,唯依,4FBD4A7E6EF3417B05446EC9C2493AADB9917075238CC62484C83C2F307FF390,text,「……咦？」\p
3834,game_t03846,０３０：１９９８年_45：出撃　数時間後.egpack,０３０：１９９８年_45：出撃　数時間後,唯依,FF99D026579C26134AEF92AC150604C13754D5F6D34809E18AB505824390216C,text,「那是……」\p
3835,game_t03847,０３０：１９９８年_45：出撃　数時間後.egpack,０３０：１９９８年_45：出撃　数時間後,旁白,EEC69019F4DCEF8162A68D22E830D8A48C5299FC8C94CEECE8C7B5E71D84E603,text,远处好像有什么在燃烧……？究竟是什么……？\p
3836,game_t03848,０３０：１９９８年_45：出撃　数時間後.egpack,０３０：１９９８年_45：出撃　数時間後,安芸,B1C43C88ED0291662EDF075E18E7347374CC7266CC73695F031F5519FB64F352,text,「那是什么……为什么烧得那么厉害……？」\p
3837,game_t03849,０３０：１９９８年_45：出撃　数時間後.egpack,０３０：１９９８年_45：出撃　数時間後,志摩子,55625F996BBADD4D00674B1D8894E202BD91DFD3C4739362E2093B788144F9FA,text,「不对劲……太近了……最终防线究竟怎么了……」\p
3838,game_t03850,０３０：１９９８年_45：出撃　数時間後.egpack,０３０：１９９８年_45：出撃　数時間後,和泉,11F039C791A2F6AF14BBB65198D52592F0974E1F928AA952B9FD550F502618E6,text,「那些家伙……已经来了……！」\p
3839,game_t03851,０３０：１９９８年_45：出撃　数時間後.egpack,０３０：１９９８年_45：出撃　数時間後,和泉,7809103731198241BBCBD4FA4ED7F8A8D19C567A77F28177506AD72A7690D199,text,「你看啊，唯依……杀死忠道的那些家伙已经来到附近了……！」\p
3840,game_t03852,０３０：１９９８年_45：出撃　数時間後.egpack,０３０：１９９８年_45：出撃　数時間後,唯依,BC52B7E7892A977E8C14D9BEF86CE8DD1A8AB116E37BE3081CD3B55D5F17E060,text,「…\w…\w！！」\p
3841,game_t03853,０３０：１９９８年_45：出撃　数時間後.egpack,０３０：１９９８年_45：出撃　数時間後,旁白,3EDA613E808CE58E11FC9C1D032431AE459A27FFFC2E77B3AF4C59E393AF7CFE,text,这恐怕已经不是防线出现缺口这种程度了……\p
3842,game_t03854,０３０：１９９８年_45：出撃　数時間後.egpack,０３０：１９９８年_45：出撃　数時間後,如月中尉,DAF38080D5E3BDA32CF9D90060B723387AA039281004CC391F88A04C1E7032E0,text,「另外，你们对战区数据链的访问受到限制。牢记，待命期间除通讯与生命体征监测外，其他功能均无法使用——」\p
3843,game_t03855,０３０：１９９８年_45：出撃　数時間後.egpack,０３０：１９９８年_45：出撃　数時間後,旁白,57C18A9CE86C7F16AE7DA4EB49E2D9DBABDEF93FCAFCA8CAEB570EF4A833DB1B,text,限制我们访问数据链的理由，难道是——\p
3844,game_t03856,０３０：１９９８年_45：出撃　数時間後.egpack,０３０：１９９８年_45：出撃　数時間後,安芸,0634A46772FC5352E3FFE68B8F70887BE141ED96BCEE56BD953945818C112C75,text,「——喂，看那个！？」\p
3845,game_t03857,０３０：１９９８年_45：出撃　数時間後.egpack,０３０：１９９８年_45：出撃　数時間後,山城,9A3377578172146A351E1349274E0F7AC8CFAA11BB9EC2B046097F571AEE4AB3,text,「看起来像是战术机……补给……不，是来传令的吗？」\p
3846,game_t03858,０３０：１９９８年_45：出撃　数時間後.egpack,０３０：１９９８年_45：出撃　数時間後,旁白,0C5D4497594A13F763CFF76FB3F359F91051FB2AF36F0330E7883D1ED3999AE2,text,如果是补给，至少也该以小队为单位行动……\p
3847,game_t03859,０３０：１９９８年_45：出撃　数時間後.egpack,０３０：１９９８年_45：出撃　数時間後,旁白,7F95FADAE21533ED978C3C39F8B8036E7BD323E21FB2622AA3BC39E55EAB4E0C,text,而且，如果战况已经需要专程派人传令，就意味着整个战区的数据链都发生了故障。可是——\p
3848,game_t03860,０３０：１９９８年_45：出撃　数時間後.egpack,０３０：１９９８年_45：出撃　数時間後,旁白,47EDB9BB9ADEEB997C6213196EE8A0ADD244E7A09AE7B48214B06B395A69FF67,text,部队内部通讯与生命体征监测状态都正常。\p
3849,game_t03861,０３０：１９９８年_45：出撃　数時間後.egpack,０３０：１９９８年_45：出撃　数時間後,旁白,0667DCEEE107C5A1C862DB3AC291DA39D881C77B9734297968FACB4C5A37E898,text,至少这座基地周边的数据链应该还在运作……\p
3850,game_t03862,０３０：１９９８年_45：出撃　数時間後.egpack,０３０：１９９８年_45：出撃　数時間後,安芸,426F572FD444E23FA05C52BAA822B7DA4EF759DAAE7283D22CF59E968374B003,text,「是帝国的77式……咦，可是……总觉得……？」\p
3851,game_t03863,０３０：１９９８年_45：出撃　数時間後.egpack,０３０：１９９８年_45：出撃　数時間後,安芸,ACCC19F736D35AB65E29893707F9024FDC0FAD7BAA6CDECD04B4C353D858F39A,text,「它……已经破烂不堪了……」\p
3852,game_t03864,０３０：１９９８年_45：出撃　数時間後.egpack,０３０：１９９８年_45：出撃　数時間後,唯依,5B51FABA9A62778D78532AD1FFC8D283EB16C23130A7440F48A0A4B6EB5B6B55,text,「――！」
3853,game_t03865,０３０：１９９８年_45：出撃　数時間後.egpack,０３０：１９９８年_45：出撃　数時間後,山城,F512EB7206174A3E1F0603EA0ADFBB26338E9D22A3188BD3C5E28723124E3DFF,text,「…\w…\w！」
3854,game_t03866,０３０：１９９８年_45：出撃　数時間後.egpack,０３０：１９９８年_45：出撃　数時間後,和泉,2F5DDCA1C317CAB54825B04E30D23EB62EC14CC07128C6CBC0DF4BC4AF52DB26,text,「…\w…\w…\w…\w」
3855,game_t03867,０３０：１９９８年_45：出撃　数時間後.egpack,０３０：１９９８年_45：出撃　数時間後,志摩子,D84ACB792179738F5D8980065A40DEB1D0D43BB1E25A7F304265FB7E1E973311,text,「…\w…\w！？」\p
3856,game_t03868,０３０：１９９８年_45：出撃　数時間後.egpack,０３０：１９９８年_45：出撃　数時間後,志摩子,FA847FE643970A6277CE84DDAF29B22FADBED2503701D8DC42F0805866E4F0C2,text,「化学消防车……？」\p
3857,game_t03869,０３０：１９９８年_45：出撃　数時間後.egpack,０３０：１９９８年_45：出撃　数時間後,旁白,235D950A9965605368939F815AA2376739D78B732E0663EDCF7DF2F0203578C4,text,还有这阵警报——难道它要强行着陆……？！\p
3858,game_t03870,０３０：１９９８年_45：出撃　数時間後.egpack,０３０：１９９８年_45：出撃　数時間後,志摩子,7AD7B45A004FB499BA9DFFBA4DB5E6974D166D44746957AF98A611800242C85A,text,「怎、怎么好像烧起来了……？」\p
3859,game_t03871,０３０：１９９８年_45：出撃　数時間後.egpack,０３０：１９９８年_45：出撃　数時間後,唯依,6832BCC35143E13CE1727DB002C075536760B8FB5B8DE58A1440DAE6EE2B66EC,text,「——是紧急着陆！这里危险，快回值班室……！！」\p
3860,game_t03872,０３０：１９９８年_45：出撃　数時間後.egpack,０３０：１９９８年_45：出撃　数時間後,唯依,C2F42D2F73CB29B828B7A8A65576BB5B0135CA6699E69A532D60DCB8B0EACD8E,text,「……咦……？！」\p
3861,game_t03873,０３０：１９９８年_45：出撃　数時間後.egpack,０３０：１９９８年_45：出撃　数時間後,旁白,7AD1AFCEF590FE7289138F3685ED4300A0E32467FE04647EEC4C49E05C15A338,text,仅仅……一击……？\p
3862,game_t03874,０３０：１９９８年_45：出撃　数時間後.egpack,０３０：１９９８年_45：出撃　数時間後,志摩子,369C35C2727847752AD1C4BFA21D26F815039E4A3FD5ACE7FCB793B5A6E90C98,text,「……激……光……？」\p
3863,game_t03875,０３０：１９９８年_45：出撃　数時間後.egpack,０３０：１９９８年_45：出撃　数時間後,唯依,C7E741774BF02B36A51691900B2932553139CE5B5C5847C3CFDC58C0AABE8F74,text,「啊……」\p
3864,game_t03876,０３０：１９９８年_45：出撃　数時間後.egpack,０３０：１９９８年_45：出撃　数時間後,旁白,D2ADA368B12E2D280D4D75DD14617F79B513F16D35E3617CA3B7BAC64A976DDF,text,被击落了……就像线香花火上坠落的“牡丹”火花——\p
3865,game_t03877,０３０：１９９８年_45：出撃　数時間後.egpack,０３０：１９９８年_45：出撃　数時間後,唯依,5930C19DA64244D838830E2439DDBBFAB2E504F3BFF273BCED353A4376013E10,text,「——！？」\p
3866,game_t03878,０３０：１９９８年_45：出撃　数時間後.egpack,０３０：１９９８年_45：出撃　数時間後,館内アナウンス,B765C9F2D6B4666F4DD1BA265EE90181EE4D8EF96787E3E3E4CE93FFA7E5C9DC,text,「——中队规模BETA群接近，西南偏西距离约14000。所有待命卫士立即准备出击。重复，中队规模……」\p
3867,game_t03879,０３０：１９９８年_45：出撃　数時間後.egpack,０３０：１９９８年_45：出撃　数時間後,唯依,8B8ACC17EAAC117CA0D6B36AEEB94FB82DD86ABEC6E043A541EE7C6B6336AFBC,text,「——从什么时候开始，生者不再数死者的数目？」\p
3868,game_t03880,０３０：１９９８年_45：出撃　数時間後.egpack,０３０：１９９８年_45：出撃　数時間後,唯依,88698B617FABB19950C4D0F8F1C67687643CC1947B13991CAF1ACAF5BD9096FD,text,「——这个世界真的正走在毁灭之路上吗？」\p
3869,game_t03881,０３０：１９９８年_45：出撃　数時間後.egpack,０３０：１９９８年_45：出撃　数時間後,旁白,D94E1B2C5254330658E262A9ADD3337907F0241924DC8E54FCE69759536D70AB,text,咦，这首诗……是什么来着……？\p
3870,game_t03882,０３０：１９９８年_45：出撃　数時間後.egpack,０３０：１９９８年_45：出撃　数時間後,旁白,2AD6F80C2D529BBE8D4953FE5EFD32EAF2285B961FBEE9D071B941552CB4ADD8,text,很久以前，不知在哪里听谁说过的话——我记得好像是冷战时期的一位著名作家，却想不起来。\p
3871,game_t03883,０３０：１９９８年_45：出撃　数時間後.egpack,０３０：１９９８年_45：出撃　数時間後,旁白,B56F56AB55EDF6B0C525820FF0A0F6BEB131E5E39E8B1422CE99B98D7D5308FF,text,可为什么偏偏在这种时候想起它？\p
3872,game_t03884,０３０：１９９８年_45：出撃　数時間後.egpack,０３０：１９９８年_45：出撃　数時間後,山城,E44B2D03167FC0409F89BB184FF15A9592AECC57B6F4CC4C566B35EB02FD4617,text,「——各位，我们走！」\p
3873,game_t03885,０３０：１９９８年_45：出撃　数時間後.egpack,０３０：１９９８年_45：出撃　数時間後,旁白,F2E17853F492BB172EB867A9D4B69BBA41F49744EA0F606F77C22710D88825E3,text,对了，我必须赶往机库……！\p
3874,game_t03886,０３０：１９９８年_45：出撃　数時間後.egpack,０３０：１９９８年_45：出撃　数時間後,唯依,5C07718CE3F31740C51ACE81709D0073B2C119D5EA65E6C43DA4AD58D3B57380,text,「父亲……母亲……！！」\p
3875,game_t03887,０３０：１９９８年_45：出撃　数時間後.egpack,０３０：１９９８年_45：出撃　数時間後,旁白,60C960EF73FA86394DE917CE87E647D8EFA52E9170EDEB04E28E75EB9A2AC02D,text,请看着我！我——一定会成为真正的斯卫……！\p
3876,game_t03888,０３０：１９９８年_45：出撃　数時間後.egpack,０３０：１９９８年_45：出撃　数時間後,唯依,96A48F30C84B19FF37CB22E5E04691B9FCDB8DE3010DC9BAF3FC6A1BE17DE0BF,text,「唯依一定会报答至今承蒙的所有恩情——！！」\p
3877,game_t03889,０３０：１９９８年_45：出撃　数時間後.egpack,０３０：１９９８年_45：出撃　数時間後,整備兵,37AD1FF11878B4FE2E33A208AC518D61D6F764A29E9391B33B95D36DB74FD9D4,text,「——篁少尉，快！！」\p
3878,game_t03890,０３０：１９９８年_45：出撃　数時間後.egpack,０３０：１９９８年_45：出撃　数時間後,安芸,79F76CBD1689EF1DAD7F94C690956BA460CB42CC301479646ED115EEFF6A9CE8,text,「——敌军推进得太快了！？前锋部队到底在干什么！」\p
3879,game_t03891,０３０：１９９８年_45：出撃　数時間後.egpack,０３０：１９９８年_45：出撃　数時間後,志摩子,714AC024E6BA210402CF7C9CC6846B32D05ABBFF1BBAF5BA6CDE81FBEDBB1148,text,「……这里明明是后方补给基地……为什么！？」\p
3880,game_t03892,０３０：１９９８年_45：出撃　数時間後.egpack,０３０：１９９８年_45：出撃　数時間後,唯依,40A9F201BE3DC57F54C2BFDE5C7C2E81E05C2ED3E77684C38C4CCD14E02046CA,text,「这里已经……是最前线了……！」\p
3881,game_t03893,０３０：１９９８年_45：出撃　数時間後.egpack,０３０：１９９８年_45：出撃　数時間後,如月中尉,7B02DC223409A4FC8948B740FBB8B2840D662D127773F019628565AEAB56BABD,text,「——獠牙1呼叫中队全体。」\p
3882,game_t03894,０３０：１９９８年_45：出撃　数時間後.egpack,０３０：１９９８年_45：出撃　数時間後,如月中尉,4C484FFDE77F29CB67AA07A6FAACC0C94A46614029B40042B775FF983E909FAD,text,「……哼，看来你们已经清醒过来了。」\p
3883,game_t03895,０３０：１９９８年_45：出撃　数時間後.egpack,０３０：１９９８年_45：出撃　数時間後,如月中尉,04DCBDF3CFB067ACC68EE5B50C5D0FD4EE47316730FAC483AF5742AF73753815,text,「——你们真是既走运又高效！只白吃了两顿饭，一觉懒觉都没睡，报到当天就能体验实战！」\p
3884,game_t03896,０３０：１９９８年_45：出撃　数時間後.egpack,０３０：１９９８年_45：出撃　数時間後,如月中尉,A5A680F5BE29E9E7B69AF10A415935D9FD87A71C01246F121ABCA4A9BE4B6674,text,「——目前尚未下达立即撤退命令——既然如此，就说明只要我们撑住，战线很可能仍能维持！」\p
3885,game_t03897,０３０：１９９８年_45：出撃　数時間後.egpack,０３０：１９９８年_45：出撃　数時間後,如月中尉,846B574967A396F7CF8596BB1ED3C3ADC995679B82B88715D1DDFC8A7E13B64B,text,「——把斯卫的矜持彻底展现出来！让BETA、帝国军和美国佬看看——顺便也让那群媒体看看！！」\p
3886,game_t03898,０３０：１９９８年_45：出撃　数時間後.egpack,０３０：１９９８年_45：出撃　数時間後,ファング中隊,77285A5190DCB34DE5C4954BA05BBEB12CD7FB4C1DBF9E21F7BACCB041E81BD0,text,「——明白！」\p
3887,game_t03899,０３０：１９９８年_45：出撃　数時間後.egpack,０３０：１９９８年_45：出撃　数時間後,如月中尉,4708F0144BE24C55F4385E652385C5D03A0D4542F1E97B2055D868C2D9DD8677,text,「——很好！但在那之前，先照训练所学做给我看！立战功是之后的事——明白了吗！？」\p
3888,game_t03900,０３０：１９９８年_45：出撃　数時間後.egpack,０３０：１９９８年_45：出撃　数時間後,ファング中隊,2EF4E9654365924FBEBB7E81AA4E1E14AFC0CC831913834E0BD965EF60CEF451,text,「明白！」\p
3889,game_t03901,０３０：１９９８年_45：出撃　数時間後.egpack,０３０：１９９８年_45：出撃　数時間後,如月中尉,E5D3B9713AE5F507B42FCBC660B700F7A8286A28393F49A50D6518F013BEA540,text,「——期待你们奋勇作战！」\p
3890,game_t03902,０３０：１９９８年_45：出撃　数時間後.egpack,０３０：１９９８年_45：出撃　数時間後,唯依,F2DC433A3FCBB76327710E62D20FC412B3D8C9BBB70FF2F2C1094F2316CEE9A9,text,「……我出发了。」\p
3891,game_t03903,０３０：１９９８年_45：出撃　数時間後.egpack,０３０：１９９８年_45：出撃　数時間後,オペレーター,E33FFCA1C9274D38A792F7CBE7D3AF39FD822C4EFACB4E5E4D7D2D7976481FAE,text,「——岚山管制呼叫獠牙中队各机，按规定前往起飞位置。」\p
3892,game_t03904,０３０：１９９８年_45：出撃　数時間後.egpack,０３０：１９９８年_45：出撃　数時間後,唯依,FEE127ED62745014153636AAE1D33B189DE37DD3199CD4F7F3D54D879357F2C2,text,「——这里是獠牙2，按规定前进至起飞位置。」\p
3893,game_t03905,０３０：１９９８年_45：出撃　数時間後.egpack,０３０：１９９８年_45：出撃　数時間後,旁白,FEF735A364C675D8AA214366177FC08B33905ADB81661E914E9E7FCD13A415A6,text,没问题——头脑很清醒。在露台感受到的那种恍惚感——果然是战前处置的影响吧。\p
3894,game_t03906,０３０：１９９８年_45：出撃　数時間後.egpack,０３０：１９９８年_45：出撃　数時間後,旁白,1AF2434D0FCDC957A1CFC5B5FAFD35B8B799164B11BC5F1FDDD1206ED2193CF3,text,那绝不是什么舒服的感觉，但效果确实存在。\p
3895,game_t03907,０３０：１９９８年_45：出撃　数時間後.egpack,０３０：１９９８年_45：出撃　数時間後,旁白,DDA0426F7B1AC545C68A502277565273C099045A73A39E521A5210D7AF721CDC,text,毫无实战经验的我，亲眼目睹激光照射造成的死亡，却丝毫没有动摇。这就是证据。\p
3896,game_t03908,０３０：１９９８年_45：出撃　数時間後.egpack,０３０：１９９８年_45：出撃　数時間後,唯依,FC1BB2D07B8CA4CB833A8FC775711F88FDC75DF9188537E5BF556C9021D9D39C,text,「…\w…\w…\w…\w」\p
3897,game_t03909,０３０：１９９８年_45：出撃　数時間後.egpack,０３０：１９９８年_45：出撃　数時間後,オペレーター,E3F47467492C69A28848EC1ABCAB1B073F7D008796C0AA15628E4AEFC57298CF,text,「——岚山管制呼叫獠牙中队各机，准许起飞——祝各位武运昌隆。」\p
3898,game_t03910,０３０：１９９８年_45：出撃　数時間後.egpack,０３０：１９９８年_45：出撃　数時間後,唯依,036FC21C17DC17EB798C546A650CC6DD28A79F6CCCAD80C86D66003642BA95B9,text,「——獠牙2·篁——起飞！！」\p
3899,game_t03911,０３０：１９９８年_46：初陣　亀岡戦域の戦い.egpack,０３０：１９９８年_46：初陣　亀岡戦域の戦い,旁白,0FDE2ACA83DE24AB73DEBE079B9615B583D2F96E92FF2E20F24F9EFA1E6B95B0,text,仅仅今天一天，就有数不清的人失去了生命。\p
3900,game_t03912,０３０：１９９８年_46：初陣　亀岡戦域の戦い.egpack,０３０：１９９８年_46：初陣　亀岡戦域の戦い,旁白,04934B46E8B8BF55EEA8B2833C88AC65BB09E7C04B1278BBF7CCDB7CE24D8EA2,text,——可只对死在自己眼前的人做这种事，我想不过是自私的感伤。\p
3901,game_t03913,０３０：１９９８年_46：初陣　亀岡戦域の戦い.egpack,０３０：１９９８年_46：初陣　亀岡戦域の戦い,旁白,E03142FF4B5086A9DE0CA2B629E9D0046CD36A932AEA93E690CCBCBF5686A47E,text,——但我还是……\p
3902,game_t03914,０３０：１９９８年_46：初陣　亀岡戦域の戦い.egpack,０３０：１９９８年_46：初陣　亀岡戦域の戦い,如月中尉,EBAF05755D4B6AD1B153B29CB38380D88A492B10078E3303B5017223ECAE10EA,text,「——这支突进的中队规模BETA群正沿预测路线推进。总数约220。最前方为突击级，后续为要击级，光线级位于队尾。」\p
3903,game_t03915,０３０：１９９８年_46：初陣　亀岡戦域の戦い.egpack,０３０：１９９８年_46：初陣　亀岡戦域の戦い,旁白,1E50350194C20AD87291C2CAF0DA1DA59EC6958ECE03F26250A45E42C6364385,text,——请看着我。我一定竭尽全力，不辜负你们两人的心意！\p
3904,game_t03916,０３０：１９９８年_46：初陣　亀岡戦域の戦い.egpack,０３０：１９９８年_46：初陣　亀岡戦域の戦い,旁白,0B0B66DB70E72363EEEAC56A794C2EDA6E702BEF46BFEA04587EC0FEF9E7E35B,text,热量很高——那只光线级……就在那里！\p
3905,game_t03917,０３０：１９９８年_46：初陣　亀岡戦域の戦い.egpack,０３０：１９９８年_46：初陣　亀岡戦域の戦い,如月中尉,E2DEB52C452B57D005F73735BA806071966DC523F80919F8AE0EFEE4CDBC238F,text,「——听好了，按基本原则行动。先干掉那些眼珠子。不要只看热源传感器，气象数据也很重要。」\p
3906,game_t03918,０３０：１９９８年_46：初陣　亀岡戦域の戦い.egpack,０３０：１９９８年_46：初陣　亀岡戦域の戦い,如月中尉,36E6F9DFE4DAE95E4B1B5FBE4AE41F504D604A3E65F14455050F4C8053ABC1AA,text,「尤其不能漏看会暴露其位置的光线属种积雨云。那帮东西不会误伤同类——拿敌人当盾牌逼近，再把它们碾碎！」\p
3907,game_t03919,０３０：１９９８年_46：初陣　亀岡戦域の戦い.egpack,０３０：１９９８年_46：初陣　亀岡戦域の戦い,唯依,29799A1226E48E2CE68BE172A840A5FB3BFEC6FDD7C3EB3124D511D710AE0A88,text,「——明白！」
3908,game_t03920,０３０：１９９８年_46：初陣　亀岡戦域の戦い.egpack,０３０：１９９８年_46：初陣　亀岡戦域の戦い,ファング中隊,77285A5190DCB34DE5C4954BA05BBEB12CD7FB4C1DBF9E21F7BACCB041E81BD0,text,「——明白！」\p
3909,game_t03921,０３０：１９９８年_46：初陣　亀岡戦域の戦い.egpack,０３０：１９９８年_46：初陣　亀岡戦域の戦い,如月中尉,EA9A90AE57462A4A152FF02AC7A83E918DBA00E2C9314F5AE5B483259F09ACB9,text,「——三型扇形队形。第三小队优先削减光线级数量。山城少尉，拿出你的炮击支援本事来证明给我看！」\p
3910,game_t03922,０３０：１９９８年_46：初陣　亀岡戦域の戦い.egpack,０３０：１９９８年_46：初陣　亀岡戦域の戦い,山城,BE384C84672F1D426EC51DDF0FBB16EDF7CD47635F59B3111E048E5900A349CC,text,「——獠牙3明白！」\p
3911,game_t03923,０３０：１９９８年_46：初陣　亀岡戦域の戦い.egpack,０３０：１９９８年_46：初陣　亀岡戦域の戦い,如月中尉,BBB02415EA8C616E214F886D1363692965F525A44E7418FFF4021918301747E5,text,「——我的第一小队负责直接掩护。把蜂拥而来的小型种统统驱散！」\p
3912,game_t03924,０３０：１９９８年_46：初陣　亀岡戦域の戦い.egpack,０３０：１９９８年_46：初陣　亀岡戦域の戦い,如月中尉,A59FEBF66D12A445187149C47B81A463C0813ACF3FBF15622A794772961BB695,text,「——第二小队在正面展开。以扫荡大型种为主，利用敌尸构筑防壁，伺机机动作战！篁少尉，别辱没了突击前卫长的名号！」\p
3913,game_t03925,０３０：１９９８年_46：初陣　亀岡戦域の戦い.egpack,０３０：１９９８年_46：初陣　亀岡戦域の戦い,唯依,49B0E4BA375472D08D427EE92AAD38C29F15A90238DCC23E4B71DCD541879F41,text,「——獠牙2收到！」\p
3914,game_t03926,０３０：１９９８年_46：初陣　亀岡戦域の戦い.egpack,０３０：１９９８年_46：初陣　亀岡戦域の戦い,如月中尉,829DBDF72EDAD04149C5D1A405CC82114488DC56D698BD11492C710EAA67C530,text,「——只要坚持到后撤的残余部队与增援重建防线即可。别被基地的支援炮火打中——否则就等着丢人丢到子孙后代吧！」\p
3915,game_t03927,０３０：１９９８年_46：初陣　亀岡戦域の戦い.egpack,０３０：１９９８年_46：初陣　亀岡戦域の戦い,如月中尉,41C7EDDE4DC65CF57F6F68F8E0FF241D7BF2C2AC38A6E7F5C6EB556952F2EF53,text,「好——从现在起，各机可自由使用武器！」\p
3916,game_t03928,０３０：１９９８年_46：初陣　亀岡戦域の戦い.egpack,０３０：１９９８年_46：初陣　亀岡戦域の戦い,唯依,29799A1226E48E2CE68BE172A840A5FB3BFEC6FDD7C3EB3124D511D710AE0A88,text,「——明白！」
3917,game_t03929,０３０：１９９８年_46：初陣　亀岡戦域の戦い.egpack,０３０：１９９８年_46：初陣　亀岡戦域の戦い,ファング中隊,77285A5190DCB34DE5C4954BA05BBEB12CD7FB4C1DBF9E21F7BACCB041E81BD0,text,「——明白！」\p
3918,game_t03930,０３０：１９９８年_46：初陣　亀岡戦域の戦い.egpack,０３０：１９９８年_46：初陣　亀岡戦域の戦い,旁白,4BE3468FC44FA320C13469794B07A01C17C7D0165752802791543509561AAB00,text,坚持吗……我想，那才是如月中尉的真心话。她身为亲藩武家出身的中尉，却被派来指挥一支新编中队。\p
3919,game_t03931,０３０：１９９８年_46：初陣　亀岡戦域の戦い.egpack,０３０：１９９８年_46：初陣　亀岡戦域の戦い,旁白,646C8BDEE4A4AD1CC3C9615536D1D714E4DC0264EEBF2706EBD61EFB9D326FC3,text,即便如此，中尉仍在努力履行责任。她故意说得气势十足，不让我们胡思乱想，就是证据——\p
3920,game_t03932,０３０：１９９８年_46：初陣　亀岡戦域の戦い.egpack,０３０：１９９８年_46：初陣　亀岡戦域の戦い,唯依,97AD233F770D2FEC178C10E0DE0DD363784D4A2BBA57510B6A6E63EF766D4A17,text,「——目标坐标W-271，第二小队，跟上！！」\p
3921,game_t03933,０３０：１９９８年_46：初陣　亀岡戦域の戦い.egpack,０３０：１９９８年_46：初陣　亀岡戦域の戦い,志摩子,11D7B2151F190BA8E722975990037ABD11C05D996E330C45984C2F56BDECDC6A,text,「——明白！」
3922,game_t03934,０３０：１９９８年_46：初陣　亀岡戦域の戦い.egpack,０３０：１９９８年_46：初陣　亀岡戦域の戦い,安芸,11D7B2151F190BA8E722975990037ABD11C05D996E330C45984C2F56BDECDC6A,text,「——明白！」
3923,game_t03935,０３０：１９９８年_46：初陣　亀岡戦域の戦い.egpack,０３０：１９９８年_46：初陣　亀岡戦域の戦い,和泉,FA96FADEB9391D31E0F241BB75FEF920B7EA47199A111E4D4D6354A8B80698FB,text,「——明白！」\p
3924,game_t03936,０３０：１９９８年_46：初陣　亀岡戦域の戦い.egpack,０３０：１９９８年_46：初陣　亀岡戦域の戦い,唯依,2E2D528806A651877B085E962C09B30DE245930D912D025FA844789AD65A0D9A,text,「——第二小队抵达指定坐标！展开武器——没有另行命令前，在现坐标待命！」\p
3925,game_t03937,０３０：１９９８年_46：初陣　亀岡戦域の戦い.egpack,０３０：１９９８年_46：初陣　亀岡戦域の戦い,志摩子,11D7B2151F190BA8E722975990037ABD11C05D996E330C45984C2F56BDECDC6A,text,「——明白！」
3926,game_t03938,０３０：１９９８年_46：初陣　亀岡戦域の戦い.egpack,０３０：１９９８年_46：初陣　亀岡戦域の戦い,安芸,11D7B2151F190BA8E722975990037ABD11C05D996E330C45984C2F56BDECDC6A,text,「——明白！」
3927,game_t03939,０３０：１９９８年_46：初陣　亀岡戦域の戦い.egpack,０３０：１９９８年_46：初陣　亀岡戦域の戦い,和泉,FA96FADEB9391D31E0F241BB75FEF920B7EA47199A111E4D4D6354A8B80698FB,text,「——明白！」\p
3928,game_t03940,０３０：１９９８年_46：初陣　亀岡戦域の戦い.egpack,０３０：１９９８年_46：初陣　亀岡戦域の戦い,旁白,1FC532835921FB9AE863AB501AD1FDC347B51C4F837201AD28ECAB00C7E99074,text,这就是真正的区域压制……！！是岚山基地炮兵阵地打来的……！？\p
3929,game_t03941,０３０：１９９８年_46：初陣　亀岡戦域の戦い.egpack,０３０：１９９８年_46：初陣　亀岡戦域の戦い,旁白,48F8F3801C7CCC0B54EC56C9B3298EA7A5FE3E3C3A00A6364E2AB0EB92264264,text,我来到了……终于来到真正的战场了……！\p
3930,game_t03942,０３０：１９９８年_46：初陣　亀岡戦域の戦い.egpack,０３０：１９９８年_46：初陣　亀岡戦域の戦い,唯依,FC1BB2D07B8CA4CB833A8FC775711F88FDC75DF9188537E5BF556C9021D9D39C,text,「…\w…\w…\w…\w」\p
3931,game_t03943,０３０：１９９８年_46：初陣　亀岡戦域の戦い.egpack,０３０：１９９８年_46：初陣　亀岡戦域の戦い,旁白,CFE343B63123349D38C22ED9CDAE6BF25748F23DB839B93A1588CBCAFA91C1C8,text,……还不到两分钟。明明感觉已经待命了几十分钟！\p
3932,game_t03944,０３０：１９９８年_46：初陣　亀岡戦域の戦い.egpack,０３０：１９９８年_46：初陣　亀岡戦域の戦い,旁白,A81584893BAAEA84005569113CDF66274815943DE168FFB77D28B8FD0BE59B00,text,安艺坐立不安。和泉不停摸着领口……很热？不，穿着强化装备，不可能。\p
3933,game_t03945,０３０：１９９８年_46：初陣　亀岡戦域の戦い.egpack,０３０：１９９８年_46：初陣　亀岡戦域の戦い,旁白,63A1EC202AAB6E9EE3822EB41254C61F70AB3CD826D914D0A0D67894B271EE87,text,生命体征没有问题……那就是压力导致的重复动作……？\p
3934,game_t03946,０３０：１９９８年_46：初陣　亀岡戦域の戦い.egpack,０３０：１９９８年_46：初陣　亀岡戦域の戦い,旁白,921C533F1951FF855601489AF7EC215E87EC688B48FA1D8B963CEB49DDE300C3,text,战前处置虽然抑制了情绪起伏……却不会让承受的压力消失……\p
3935,game_t03947,０３０：１９９８年_46：初陣　亀岡戦域の戦い.egpack,０３０：１９９８年_46：初陣　亀岡戦域の戦い,唯依,95FDD79D016261BFB3943720DC4F28DC600CF9127F55AE9BCCAA4B00FBB41165,text,「——那是！？」\p
3936,game_t03948,０３０：１９９８年_46：初陣　亀岡戦域の戦い.egpack,０３０：１９９８年_46：初陣　亀岡戦域の戦い,旁白,86E444B750E74AE09523779149951A6B3735D5B5A0E375565A716C05F976BC70,text,和泉，你为什么把那个……！？\p
3937,game_t03949,０３０：１９９８年_46：初陣　亀岡戦域の戦い.egpack,０３０：１９９８年_46：初陣　亀岡戦域の戦い,旁白,1B94C36BBC1D44BBB2377FCA88FB3EBB8294A329D5D39D565C79CBBCF7A1EEDE,text,禁止把私人物品带进管制单元——你应该知道斯卫军的军规！\p
3938,game_t03950,０３０：１９９８年_46：初陣　亀岡戦域の戦い.egpack,０３０：１９９８年_46：初陣　亀岡戦域の戦い,旁白,3A05DF8FAA5A81B8FCB93B5D11F8127A29ED31507BE68B12F46CB540924079B9,text,怎么办……该提醒她吗……？！\p
3939,game_t03951,０３０：１９９８年_46：初陣　亀岡戦域の戦い.egpack,０３０：１９９８年_46：初陣　亀岡戦域の戦い,唯依,FC1BB2D07B8CA4CB833A8FC775711F88FDC75DF9188537E5BF556C9021D9D39C,text,「…\w…\w…\w…\w」\p
3940,game_t03952,０３０：１９９８年_46：初陣　亀岡戦域の戦い.egpack,０３０：１９９８年_46：初陣　亀岡戦域の戦い,旁白,35B711ED2E44378C8E28F315E3F5574DDA3A67E2F66A5C2E9B32CB8A3D2E8F30,text,……不，现在还是算了。和泉一定也明知会受严惩，仍把它带了进来。\p
3941,game_t03953,０３０：１９９８年_46：初陣　亀岡戦域の戦い.egpack,０３０：１９９８年_46：初陣　亀岡戦域の戦い,旁白,5E21E7D1359C1E160939C9A47B239997FC277BEC766F35EDB9DE31E2083752E4,text,“死亡8分钟”，还有斯卫的使命……此刻这些沉重现实正压在和泉她们身上。\p
3942,game_t03954,０３０：１９９８年_46：初陣　亀岡戦域の戦い.egpack,０３０：１９９８年_46：初陣　亀岡戦域の戦い,旁白,31420005CAEBB7C7A393BB6D572803444DD37D520F3604251EF523DB954C11C5,text,而这两样，本来都不该由和泉她们承受……\p
3943,game_t03955,０３０：１９９８年_46：初陣　亀岡戦域の戦い.egpack,０３０：１９９８年_46：初陣　亀岡戦域の戦い,旁白,E72E1B8F1F9AB246B7F933E01DDD68C89DC165B86B90EC82AE398836A586D357,text,没有理由战斗的她们，为了在心里接受这一切，大概需要那种『东西』吧。\p
3944,game_t03956,０３０：１９９８年_46：初陣　亀岡戦域の戦い.egpack,０３０：１９９８年_46：初陣　亀岡戦域の戦い,唯依,FC1BB2D07B8CA4CB833A8FC775711F88FDC75DF9188537E5BF556C9021D9D39C,text,「…\w…\w…\w…\w」\p
3945,game_t03957,０３０：１９９８年_46：初陣　亀岡戦域の戦い.egpack,０３０：１９９８年_46：初陣　亀岡戦域の戦い,旁白,8EE8DC4E281F0F13911B15B4EDC6DE1F483DB2D34CCB3A57D3AACD1401B29018,text,幸好我还有“篁家的矜持”——一个战斗的理由。那不是刚才山城同学所说的“私人理由”。\p
3946,game_t03958,０３０：１９９８年_46：初陣　亀岡戦域の戦い.egpack,０３０：１９９８年_46：初陣　亀岡戦域の戦い,旁白,6FC00EBB21E586CA7255D835A1F614478E4FB358C509FBC32ED29BB717466E59,text,但对我而言，它无可替代，是从儿时便始终高举、从未动摇的信念。\p
3947,game_t03959,０３０：１９９８年_46：初陣　亀岡戦域の戦い.egpack,０３０：１９９８年_46：初陣　亀岡戦域の戦い,旁白,570ED13299D00C1728D95B3000AF89D957E2CC9D9074CD049E45694D6088E6F3,text,如果我心中没有它——只靠战前处置，我的精神肯定撑不住。\p
3948,game_t03960,０３０：１９９８年_46：初陣　亀岡戦域の戦い.egpack,０３０：１９９８年_46：初陣　亀岡戦域の戦い,旁白,081E87559CE73BB1A3658620A8440CB3EB74F92DCDF322CD5B7CB2E6CAC065B2,text,即使挺过“死亡8分钟”，从这场战斗生还——一旦处置解除，精神也完全可能出现异常。\p
3949,game_t03961,０３０：１９９８年_46：初陣　亀岡戦域の戦い.egpack,０３０：１９９８年_46：初陣　亀岡戦域の戦い,旁白,08402ED3E294530BAA3D7531F88AB55A8EDEA267009B598BC4023614388B77B2,text,——所以，作为小队长，现在什么都不该说。说了也不会带来好处。\p
3950,game_t03962,０３０：１９９８年_46：初陣　亀岡戦域の戦い.egpack,０３０：１９９８年_46：初陣　亀岡戦域の戦い,旁白,00C331AC28088B22926EADA49A2EFBD519B53D2E5314B6C1A4045504FB9E5A3C,text,只要能激励自己，无论为公还是为私，战斗的理由是什么都行——\p
3951,game_t03963,０３０：１９９８年_46：初陣　亀岡戦域の戦い.egpack,０３０：１９９８年_46：初陣　亀岡戦域の戦い,旁白,9757BCC6E77D423F0AFD582988F0D8A1CB8756E506030F1DA6E39CBB9473DB1D,text,就算要私下提醒，也不该现在说。只要能活着回去——等回到基地再说也不迟。\p
3952,game_t03964,０３０：１９９８年_46：初陣　亀岡戦域の戦い.egpack,０３０：１９９８年_46：初陣　亀岡戦域の戦い,旁白,ABEA84CC1FB68498C050AA947497B86BB30AC5AC0CF0287F7FB912CED7F544AC,text,敌性移动体接近……！11点方向！！数十秒后将进入有效射程……！？\p
3953,game_t03965,０３０：１９９８年_46：初陣　亀岡戦域の戦い.egpack,０３０：１９９８年_46：初陣　亀岡戦域の戦い,唯依,0DDCA4E3ED255E07E3F0D38AB933C6EA72DF9DAA54263064F0B3B7D09F79FE1D,text,「波形匹配……突击级12、要击级8。小型种数量不明！共享至数据链……！」\p
3954,game_t03966,０３０：１９９８年_46：初陣　亀岡戦域の戦い.egpack,０３０：１９９８年_46：初陣　亀岡戦域の戦い,唯依,98D27EB5A831AD59C132D4F440F4319692211F25E7D3EADA0547BE632465A541,text,「炮弹选择，尾翼稳定脱壳穿甲弹——！」\p
3955,game_t03967,０３０：１９９８年_46：初陣　亀岡戦域の戦い.egpack,０３０：１９９８年_46：初陣　亀岡戦域の戦い,志摩子,238E53CCD8CD9DBEC2BF0632127071EBF53C1DA6D93B8BD716A4D128FD3F11A4,text,「炮弹选择完毕！」\p
3956,game_t03968,０３０：１９９８年_46：初陣　亀岡戦域の戦い.egpack,０３０：１９９８年_46：初陣　亀岡戦域の戦い,唯依,8C01D7B14138C502E9B7F43EB8403C983684D104FDE473559DDEA0BC4BB1A751,text,「——这里是獠牙2，主动接敌！」\p
3957,game_t03969,０３０：１９９８年_46：初陣　亀岡戦域の戦い.egpack,０３０：１９９８年_46：初陣　亀岡戦域の戦い,如月中尉,986DE21A8ADB79A030BDA28024B2D165A30F7535D652B196517343863EABDF92,text,「——獠牙1收到。近身格斗是斯卫的本分！把这些异星起源种杀个血流成河！！」\p
3958,game_t03970,０３０：１９９８年_46：初陣　亀岡戦域の戦い.egpack,０３０：１９９８年_46：初陣　亀岡戦域の戦い,唯依,FA96FADEB9391D31E0F241BB75FEF920B7EA47199A111E4D4D6354A8B80698FB,text,「——明白！」\p
3959,game_t03971,０３０：１９９８年_46：初陣　亀岡戦域の戦い.egpack,０３０：１９９８年_46：初陣　亀岡戦域の戦い,旁白,B18ED9C72C3D0034B3855F8EBDCCC1BC5E9F9985C48EDE1461D8865006B44023,text,大家都很紧张……怎么办——！？\p
3960,game_t03972,０３０：１９９８年_46：初陣　亀岡戦域の戦い.egpack,０３０：１９９８年_46：初陣　亀岡戦域の戦い,旁白,FFADD6DCF7AA324573AC544E06A064C45C4CAE7B824B83B40E473B660ABDEFCB,text,这种时候——该说什么……！？\p
3961,game_t03973,０３０：１９９８年_46：初陣　亀岡戦域の戦い.egpack,０３０：１９９８年_46：初陣　亀岡戦域の戦い,安芸,77E751A1E99B2B298665E225BA9E77CC043E3BA4601D4283FFAAFA515BA8BF5D,text,「——獠牙8呼叫獠牙2。」\p
3962,game_t03974,０３０：１９９８年_46：初陣　亀岡戦域の戦い.egpack,０３０：１９９８年_46：初陣　亀岡戦域の戦い,安芸,FE321A787C7DE9D7EE766FA78D8EB6AC965C51E9A30E6F4C47DE86505109DBD5,text,「——来吧，喊平时那句。那可是咱们的基本啊。」\p
3963,game_t03975,０３０：１９９８年_46：初陣　亀岡戦域の戦い.egpack,０３０：１９９８年_46：初陣　亀岡戦域の戦い,唯依,86CA88C2E48EF73E1536B61C02AD1A72530C9030527702DAB9C37D4EAE78E3DA,text,「——第二小队，祝君得胜！！」\p
3964,game_t03976,０３０：１９９８年_46：初陣　亀岡戦域の戦い.egpack,０３０：１９９８年_46：初陣　亀岡戦域の戦い,志摩子・安芸・和泉,569B6836CEB3AA5BF176E0C39493F75F8C706829858E0F050DD8BF318D120089,text,「——谨遵号令！！」\p
3965,game_t03977,０３０：１９９８年_46：初陣　亀岡戦域の戦い.egpack,０３０：１９９８年_46：初陣　亀岡戦域の戦い,旁白,28AC6769648C7B8B80B41B5AB2F6E06572A231510FAA5CB6031C8926BA787B95,text,这就是我们的根本——山百合魂。\p
3966,game_t03978,０３０：１９９８年_46：初陣　亀岡戦域の戦い.egpack,０３０：１９９８年_46：初陣　亀岡戦域の戦い,旁白,72FDECE53C751F6C0A69CA202605602F2EC309F314C11F76E56EB68999296BA7,text,如月中尉也没有责罚——这么说，难道中尉也出身山百合……？！\p
3967,game_t03979,０３０：１９９８年_46：初陣　亀岡戦域の戦い.egpack,０３０：１９９８年_46：初陣　亀岡戦域の戦い,旁白,95C5AC24927D03F1947C8187E17294570F6976DB03D39300AE35947C8B069E1E,text,敌我距离4000——射击时机……零！\p
3968,game_t03980,０３０：１９９８年_46：初陣　亀岡戦域の戦い.egpack,０３０：１９９８年_46：初陣　亀岡戦域の戦い,唯依,F91198850D8BFC9E5EC66DBEA6EBA9A84A6320B6E09ED3B5E2E614FCE3606454,text,「——獠牙2，开火！！」\p
3969,game_t03981,０３０：１９９８年_46：初陣　亀岡戦域の戦い.egpack,０３０：１９９８年_46：初陣　亀岡戦域の戦い,志摩子,0AD635AF24E8363671191951C3F1BE6251AF1517EEBA6C3B64DA0582FAFF0DAE,text,「——獠牙5，开火！！」\p
3970,game_t03982,０３０：１９９８年_46：初陣　亀岡戦域の戦い.egpack,０３０：１９９８年_46：初陣　亀岡戦域の戦い,安芸,E88D4B5E66878A5B5D263D63CBD253D2D1A457FB6EB17A9F44067BF361548B7F,text,「——獠牙8，开火！！」\p
3971,game_t03983,０３０：１９９８年_46：初陣　亀岡戦域の戦い.egpack,０３０：１９９８年_46：初陣　亀岡戦域の戦い,和泉,2615F4BA734017B0F9199F88A999BED5D48FF07A4334D14932F88D3C554E2302,text,「——獠牙11，开火！！」\p
3972,game_t03984,０３０：１９９８年_47：志摩子戦死.egpack,０３０：１９９８年_47：志摩子戦死,唯依,B0487172EFEB3209362AADA8563C4CDE8F9369DC99529ACC0F835966435E4903,text,「——别管突击级！把它们引近！！」\p
3973,game_t03985,０３０：１９９８年_47：志摩子戦死.egpack,０３０：１９９８年_47：志摩子戦死,安芸,BCF6EF56B91613B44E73D846F63C2905BD9D8F03167D2C1CB4836C5779A3092E,text,「——没错，严格按照基本战术来！」\p
3974,game_t03986,０３０：１９９８年_47：志摩子戦死.egpack,０３０：１９９８年_47：志摩子戦死,旁白,A6C9CA96E33FE7C5C3A7BC4A1F45FB4A6C930F6D8A0DE3C9E35E1C5853D141D9,text,要击穿突击级的装甲壳，就算用120毫米炮也不可能一发打穿。\p
3975,game_t03987,０３０：１９９８年_47：志摩子戦死.egpack,０３０：１９９８年_47：志摩子戦死,旁白,79334A7A7FFD97738BC8244397FCC1DD23A2975A370DF908C93ABFD4687D0F11,text,但也正因如此，可以把它们当作遮蔽光线级的掩体——！\p
3976,game_t03988,０３０：１９９８年_47：志摩子戦死.egpack,０３０：１９９８年_47：志摩子戦死,旁白,724B185110851E84B0BAD850071261675097C1B4CCED3792BAD4AACE295B1E36,text,充分引近后打瘫，再把它们堆起来……！\p
3977,game_t03989,０３０：１９９８年_47：志摩子戦死.egpack,０３０：１９９８年_47：志摩子戦死,唯依,2360DE6259050FD3DD619AFC27728DA689C8168957DE7F50E790D25B044B8137,text,「——第二小队装填！」\p
3978,game_t03990,０３０：１９９８年_47：志摩子戦死.egpack,０３０：１９９８年_47：志摩子戦死,如月中尉,419893A5F617C716BC54A1530E8BDEDB074DD339F4BD2CC47FCDC697F30402E0,text,「——第一小队上前！」\p
3979,game_t03991,０３０：１９９８年_47：志摩子戦死.egpack,０３０：１９９８年_47：志摩子戦死,唯依,99577DB556C6A18B6D49C22D1BE6E5CD896AC13814D212711DB1EFC61A92EBF7,text,「第二小队装填完毕——！」\p
3980,game_t03992,０３０：１９９８年_47：志摩子戦死.egpack,０３０：１９９８年_47：志摩子戦死,旁白,C71E5342E9BFD849E0FD1A0E62A120EDEB8978E4FC9C3B5F7A52D850521A961E,text,备用弹药耗尽后，就只能依靠战区内布设的补给集装箱……\p
3981,game_t03993,０３０：１９９８年_47：志摩子戦死.egpack,０３０：１９９８年_47：志摩子戦死,旁白,3AE3B2572FAC901D88E8209009BA29F3C106C4D61ED6C99A52F023926FE8281F,text,——咦！？突击级的装甲壳竟然一击就被打穿了！？\p
3982,game_t03994,０３０：１９９８年_47：志摩子戦死.egpack,０３０：１９９８年_47：志摩子戦死,如月中尉,4C64763DF233888C190970A229606E0FDD678ED4274D7D32C7C135B63AA07F18,text,「——哼，看来基地的区域压制正在发挥作用。那些家伙已经积累了相当严重的损伤！」\p
3983,game_t03995,０３０：１９９８年_47：志摩子戦死.egpack,０３０：１９９８年_47：志摩子戦死,旁白,683D1B0BE385F1D5F53D6D3EC15B4919C4C9A902329BA253979E9F7F6F55E2BD,text,原来如此……！重金属云降低了光线级的拦截率！！\p
3984,game_t03996,０３０：１９９８年_47：志摩子戦死.egpack,０３０：１９９８年_47：志摩子戦死,旁白,512F8F22EA8B618E0F67653014FD4741EA637C413C3DEF7AC16BBB165ABF5D92,text,既然如此——！\p
3985,game_t03997,０３０：１９９８年_47：志摩子戦死.egpack,０３０：１９９８年_47：志摩子戦死,如月中尉,20F365CD2B9FB4F5104E6200849D5400F4D9798D137E22FDC16AF9D07483EDA4,text,「别因为区域压制进展顺利就得意忘形！始终遵守基本战术！」\p
3986,game_t03998,０３０：１９９８年_47：志摩子戦死.egpack,０３０：１９９８年_47：志摩子戦死,唯依,29799A1226E48E2CE68BE172A840A5FB3BFEC6FDD7C3EB3124D511D710AE0A88,text,「——明白！」
3987,game_t03999,０３０：１９９８年_47：志摩子戦死.egpack,０３０：１９９８年_47：志摩子戦死,ファング中隊,16E216BDC60D10398708A25FE37B90785A940603CF3B54EB31E416F75445C4E7,text,「——明白！」\p
3988,game_t04000,０３０：１９９８年_47：志摩子戦死.egpack,０３０：１９９８年_47：志摩子戦死,安芸,2B645D6CD6645667775B03A74F85BF20DA29A3CB66D6A031C09F5F8A9E2E198F,text,「——呜呜呜——！！」\p
3989,game_t04001,０３０：１９９８年_47：志摩子戦死.egpack,０３０：１９９８年_47：志摩子戦死,唯依,771AFCC6B1FE58B4ECAA169249953A5EF4544156BEE8F381813E404EEA8D83FA,text,「——第二小队装填！」\p
3990,game_t04002,０３０：１９９８年_47：志摩子戦死.egpack,０３０：１９９８年_47：志摩子戦死,旁白,73997149F7FE7E036DD945ABEEF1F7E61589E0749D2AF37FF8DF5646D24CA98C,text,距离正在缩短。用完这个弹匣后，先向后拉开距离，重整阵形——\p
3991,game_t04003,０３０：１９９８年_47：志摩子戦死.egpack,０３０：１９９８年_47：志摩子戦死,安芸,259AB5800E76E3E7A9E97CE65618D8498E31F096FD8FE2F0F6C2B9DD72E5836B,text,「——獠牙8，装填完毕！」\p
3992,game_t04004,０３０：１９９８年_47：志摩子戦死.egpack,０３０：１９９８年_47：志摩子戦死,和泉,815C75B2BCDFB1F14496775EDA0ED46BA740E002F30285DE10DE317EE5DBFE4A,text,「——獠牙11，装填完毕！」\p
3993,game_t04005,０３０：１９９８年_47：志摩子戦死.egpack,０３０：１９９８年_47：志摩子戦死,志摩子,C24FB02A8EC1A579D1D858B9DE23297C691F09802FF0770AC087A2DFF3A4824B,text,「——这里是獠牙5！对不起！行道树……卡在副臂上了！！」\p
3994,game_t04006,０３０：１９９８年_47：志摩子戦死.egpack,０３０：１９９８年_47：志摩子戦死,唯依,4E0ACCF81D5E00D12089DA975EF39D4FEEEB2B8F2B60CB1A2C480431BBF83EB6,text,「别慌，獠牙5，没事——！？」\p
3995,game_t04007,０３０：１９９８年_47：志摩子戦死.egpack,０３０：１９９８年_47：志摩子戦死,旁白,598132F1F4D357E3413FB8CD400967B35F834A8FFBB15F468E501FE5A5451E12,text,——突击级接近！？敌我距离470——10秒后接触！！\p
3996,game_t04008,０３０：１９９８年_47：志摩子戦死.egpack,０３０：１９９８年_47：志摩子戦死,志摩子,F8B8E16E86C7F9B587144690CC79BBDA28E6833B40465AD8BBB5BA66D36BDD5A,text,「——獠、獠牙5装填完——」\p
3997,game_t04009,０３０：１９９８年_47：志摩子戦死.egpack,０３０：１９９８年_47：志摩子戦死,唯依,0F7A74A2B5DAC818F02D80B6BBB5F68BB89E19A3D16A66433E492AACB78E91E6,text,「——第二小队装填完毕！」\p
3998,game_t04010,０３０：１９９８年_47：志摩子戦死.egpack,０３０：１９９８年_47：志摩子戦死,如月中尉,A459DD3E941FCAE6605E6548D230184054727FE9656ACAFDCAE6F63C3A663ACA,text,「——第一小队后退！——第二小队上前！」\p
3999,game_t04011,０３０：１９９８年_47：志摩子戦死.egpack,０３０：１９９８年_47：志摩子戦死,唯依,77285A5190DCB34DE5C4954BA05BBEB12CD7FB4C1DBF9E21F7BACCB041E81BD0,text,「——明白！」\p
4000,game_t04012,０３０：１９９８年_47：志摩子戦死.egpack,０３０：１９９８年_47：志摩子戦死,旁白,BBD685BFC097511FE50183D7AD886DED396C98301B1016FA1B4F16622224E0D6,text,确认激光照射危险区域……安全！能行——！\p
4001,game_t04013,０３０：１９９８年_47：志摩子戦死.egpack,０３０：１９９８年_47：志摩子戦死,唯依,887BE5E652C0C0F8DCD925B6973707F0D02152A23845CBB6F048743737FB64B7,text,「——战术高度50！对突击级作战——就是现在！！」\p
4002,game_t04014,０３０：１９９８年_47：志摩子戦死.egpack,０３０：１９９８年_47：志摩子戦死,和泉,0C4B2941D555D05E944D4C2256A5241218CF23AA1BD52A6153D0F35F500DDC90,text,「——啊啊啊啊啊啊！！」\p
4003,game_t04015,０３０：１９９８年_47：志摩子戦死.egpack,０３０：１９９８年_47：志摩子戦死,旁白,8479CC5475CB29829AF3E4827104A4AFA2C49C16D698AF9A9B684ABE946C8F47,text,能行——！\p
4004,game_t04016,０３０：１９９８年_47：志摩子戦死.egpack,０３０：１９９８年_47：志摩子戦死,安芸,8E23B44EB88903AA8E23AF4241A74E077A0393CBE41595014BD520AC9635C47B,text,「——这里是獠牙8！干掉两只！」\p
4005,game_t04017,０３０：１９９８年_47：志摩子戦死.egpack,０３０：１９９８年_47：志摩子戦死,志摩子,C9990C8A6D31556B44162BA5A2382189FF37F090BD80B016D148E48B4B7CE604,text,「——呜呜呜呜！！」\p
4006,game_t04018,０３０：１９９８年_47：志摩子戦死.egpack,０３０：１９９８年_47：志摩子戦死,唯依,95D214B3FCCCA4FDCEC8FD1F78A757A945BD49587C221AE37E416CDEA024D4B0,text,「——志摩子！？」\p
4007,game_t04019,０３０：１９９８年_47：志摩子戦死.egpack,０３０：１９９８年_47：志摩子戦死,如月中尉,3FAC2660AF317E6CBC809D82A0B6E18FC1CB0D5CEA253BFD21EE6686A8E87E88,text,「——别浪费炮弹，蠢货！快跳起来！」\p
4008,game_t04020,０３０：１９９８年_47：志摩子戦死.egpack,０３０：１９９８年_47：志摩子戦死,志摩子,1C12FA6B26F93952F35B8B64C39C1F6F2C450D134459E33E9047B75AD0F4796D,text,「——呜、呜呜呜……！！！」\p
4009,game_t04021,０３０：１９９８年_47：志摩子戦死.egpack,０３０：１９９８年_47：志摩子戦死,如月中尉,43B097DB930DB697D55421B7256CA831FEC473698801C902ACD1B000D6231B37,text,「啧——！」\p
4010,game_t04022,０３０：１９９８年_47：志摩子戦死.egpack,０３０：１９９８年_47：志摩子戦死,志摩子,2D423D35299137A7C3B013BB12275895DE8E03BDA65B60DC218E783613E8AB3D,text,「——啊呜！？」\p
4011,game_t04023,０３０：１９９８年_47：志摩子戦死.egpack,０３０：１９９８年_47：志摩子戦死,旁白,4CE8FC9FC0AF94F419921E9A5339F81A8308B2FDDD0F40B6C8E973FE7620BF96,text,远程反冲击——是如月中尉！\p
4012,game_t04024,０３０：１９９８年_47：志摩子戦死.egpack,０３０：１９９８年_47：志摩子戦死,唯依,331C7E021EA0FC16AAEA9729BE39FC42C437BBDBE5C10BE34CA639D7397CF0B4,text,「——想起训练所学，志摩子！！」\p
4013,game_t04025,０３０：１９９８年_47：志摩子戦死.egpack,０３０：１９９８年_47：志摩子戦死,安芸,948990033552876183277363D7A35CFEB61515CE4C33FAB6A5357ADA8303681E,text,「——突击级的弱点在哪里！？」\p
4014,game_t04026,０３０：１９９８年_47：志摩子戦死.egpack,０３０：１９９８年_47：志摩子戦死,志摩子,DEEFCF59398C2AA6DACEA0CDF79E3F4AB86E52B065417576D8E74D500BB39322,text,「——哇啊啊啊啊啊！！」\p
4015,game_t04027,０３０：１９９８年_47：志摩子戦死.egpack,０３０：１９９８年_47：志摩子戦死,安芸,C4CBD6ED5BC21D50542B7C215089EF246485C729EE9153F3C0507FC1E13A555A,text,「——得手了！！」\p
4016,game_t04028,０３０：１９９８年_47：志摩子戦死.egpack,０３０：１９９８年_47：志摩子戦死,唯依,D5BE05A9F11557DAF12BE53AE7976CD91923658680C1503BA8A8068E4236BCE9,text,「……！」\p
4017,game_t04029,０３０：１９９８年_47：志摩子戦死.egpack,０３０：１９９８年_47：志摩子戦死,旁白,B3E0328864F461DF03BE261ECEABA13A23E6D32A665AD80DB971B171F3E2B626,text,得救了……！在它冲到后续队形前解决掉了……！\p
4018,game_t04030,０３０：１９９８年_47：志摩子戦死.egpack,０３０：１９９８年_47：志摩子戦死,志摩子,CBE5BEDC12CAA740EBABD8BB28C83F3A3B722F99DBAEA9A3D9F1592002632B6A,text,「——我——我才不是累赘！！」\p
4019,game_t04031,０３０：１９９８年_47：志摩子戦死.egpack,０３０：１９９８年_47：志摩子戦死,唯依,A25087AC24C8D939B54428BC201C7D7004B6E6916AF550B42CBC7A9A98BEC540,text,「——志摩子？！」\p
4020,game_t04032,０３０：１９９８年_47：志摩子戦死.egpack,０３０：１９９８年_47：志摩子戦死,旁白,00B623CE61C69EFEA967D63A799619806C5ABE947924DC01059D422976EE6564,text,志摩子的生命体征……仍在正常范围……！？\p
4021,game_t04033,０３０：１９９８年_47：志摩子戦死.egpack,０３０：１９９８年_47：志摩子戦死,志摩子,E80F344BC395E565CE3B0A847758DDCA97008148E62D3DF849AEE6F074A194A3,text,「——我不是累赘，对吧？！」\p
4022,game_t04034,０３０：１９９８年_47：志摩子戦死.egpack,０３０：１９９８年_47：志摩子戦死,唯依,C0F1D50C1738A9E60451354C1D08849F53A4A3354ACCFED9178038BAE1416DE5,text,「咦……？」\p
4023,game_t04035,０３０：１９９８年_47：志摩子戦死.egpack,０３０：１９９８年_47：志摩子戦死,志摩子,D08DF53AB0F0C6DF1D04D74037F90F4C2B477844DFA94016474BF8C21AEAF82D,text,「——我不是唯依的累赘，对吧？！」\p
4024,game_t04036,０３０：１９９８年_47：志摩子戦死.egpack,０３０：１９９８年_47：志摩子戦死,唯依,30DDDEAF37E9C44975D6D8F59FAA334BE3BCA77DBB45B7A2A205D661F9097561,text,「志摩子……？！」\p
4025,game_t04037,０３０：１９９８年_47：志摩子戦死.egpack,０３０：１９９８年_47：志摩子戦死,如月中尉,37C9D3214EB0AA5414E45FADF353146C11B11FBF0034CEC070717FBE38F158B0,text,「——降低高度，蠢货！！！」\p
4026,game_t04038,０３０：１９９８年_47：志摩子戦死.egpack,０３０：１９９８年_47：志摩子戦死,志摩子,220D2DE9E6422EF44FC7A6669D759980BC8B9F8595C3090012C3A29C0C86FEF4,text,「咦……」\p
4027,game_t04039,０３０：１９９８年_47：志摩子戦死.egpack,０３０：１９９８年_47：志摩子戦死,志摩子,11EA9BD7B23F17B1DEF4E1822659EA7151362D6BEE8DB5BB9896FBDBE709C94F,text,「……这个……是什么来着……？」\p
4028,game_t04040,０３０：１９９８年_47：志摩子戦死.egpack,０３０：１９９８年_47：志摩子戦死,唯依,BC2A0BC0BCEC804E754A109407475B469E9EE75F03CC6F1611665CB4AD4FC16E,text,「——志摩子，快——！？」\p
4029,game_t04041,０３０：１９９８年_47：志摩子戦死.egpack,０３０：１９９８年_47：志摩子戦死,安芸,7D2C6E5EEE01571D8DF6FCBB89A33A1C6C22A239292509B8A4292A689FB8ACF0,text,「——志摩子！！」\p
4030,game_t04042,０３０：１９９８年_47：志摩子戦死.egpack,０３０：１９９８年_47：志摩子戦死,和泉,FC1BB2D07B8CA4CB833A8FC775711F88FDC75DF9188537E5BF556C9021D9D39C,text,「…\w…\w…\w…\w」\p
4031,game_t04043,０３０：１９９８年_47：志摩子戦死.egpack,０３０：１９９８年_47：志摩子戦死,唯依,073840BCB89E7BF4CC02ADF556D1F3F31D133F21318C13B489F3A4E807311631,text,「…\w…\w…\w…\w！！」\p
4032,game_t04044,０３０：１９９８年_47：志摩子戦死.egpack,０３０：１９９８年_47：志摩子戦死,如月中尉,74E31CCC01888D2B5841515E13BD70BC6AA78315304E3782C4D28421E4BB4273,text,「——亲眼看过，这下明白了吗！？只要不是在打瞌睡，就算先受到初始照射，也完全来得及躲开！」\p
4033,game_t04045,０３０：１９９８年_47：志摩子戦死.egpack,０３０：１９９８年_47：志摩子戦死,如月中尉,0B82355E4668A9EC6C4E67FCA953EE3DCB7858CF28AD616101A2131A8E2FE4BD,text,「——别让战友用命留下的战训白费，听见没有！？」\p
4034,game_t04046,０３０：１９９８年_47：志摩子戦死.egpack,０３０：１９９８年_47：志摩子戦死,唯依,4F5837A3FA8BE8F0D63E6B67F2B7E156FFD791F016574EDB50C2A556708D9E09,text,「——明白！」
4035,game_t04047,０３０：１９９８年_47：志摩子戦死.egpack,０３０：１９９８年_47：志摩子戦死,ファング中隊,77285A5190DCB34DE5C4954BA05BBEB12CD7FB4C1DBF9E21F7BACCB041E81BD0,text,「——明白！」\p
4036,game_t04048,０３０：１９９８年_47：志摩子戦死.egpack,０３０：１９９８年_47：志摩子戦死,唯依,FC1BB2D07B8CA4CB833A8FC775711F88FDC75DF9188537E5BF556C9021D9D39C,text,「…\w…\w…\w…\w」\p
4037,game_t04049,０３０：１９９８年_47：志摩子戦死.egpack,０３０：１９９８年_47：志摩子戦死,旁白,862736DF9B186F84CB5C78BFA54EBEA5410145D220545D688060FEF3638680A4,text,我能感觉到悲伤与愤怒涌上心头——却像在看别人的事。\p
4038,game_t04050,０３０：１９９８年_47：志摩子戦死.egpack,０３０：１９９８年_47：志摩子戦死,旁白,8F272B5E930C619FA39623B66A392F712C3EECD637D5EAA2FAF115A0A648EF7E,text,原来如此……是战前处置的限制器在发挥作用。战前处置正在保护我的精神，不让我崩溃。\p
4039,game_t04051,０３０：１９９８年_47：志摩子戦死.egpack,０３０：１９９８年_47：志摩子戦死,旁白,E89C55AC1A8416EF3994C53245B79771E60548312E8899CA9C119E764CD38EB2,text,这样看来，失去志摩子对我而言真的痛苦、悲伤到了这种程度——\p
4040,game_t04052,０３０：１９９８年_47：志摩子戦死.egpack,０３０：１９９８年_47：志摩子戦死,旁白,63E06CAE19E9B8C1AE99ED38510EF032037AFDC347B52001B557BC8BE3765083,text,……太好了。\p
4041,game_t04053,０３０：１９９８年_47：志摩子戦死.egpack,０３０：１９９８年_47：志摩子戦死,ファング９,9F84BB841062FC6447818D96CF44B56878C51B6680087108BF96157D1A955997,text,「——獠牙9，捕捉到照射源！距离约13000！！」\p
4042,game_t04054,０３０：１９９８年_47：志摩子戦死.egpack,０３０：１９９８年_47：志摩子戦死,如月中尉,B0A698E91311F6D5C4DB7B87EC5E6C006A46165C8E300B9983B9647792C0F16F,text,「——第一、第二小队保持全向警戒！别让敌人靠近獠牙3！」\p
4043,game_t04055,０３０：１９９８年_47：志摩子戦死.egpack,０３０：１９９８年_47：志摩子戦死,唯依,4F5837A3FA8BE8F0D63E6B67F2B7E156FFD791F016574EDB50C2A556708D9E09,text,「——明白！」
4044,game_t04056,０３０：１９９８年_47：志摩子戦死.egpack,０３０：１９９８年_47：志摩子戦死,ファング中隊,77285A5190DCB34DE5C4954BA05BBEB12CD7FB4C1DBF9E21F7BACCB041E81BD0,text,「——明白！」\p
4045,game_t04057,０３０：１９９８年_47：志摩子戦死.egpack,０３０：１９９８年_47：志摩子戦死,唯依,FAAA52F01CC0EB763097E65AD64906CADF3D48CC42DE077D9E9FEB79C6F496D0,text,「——注意獠牙3的射击时机！」\p
4046,game_t04058,０３０：１９９８年_47：志摩子戦死.egpack,０３０：１９９８年_47：志摩子戦死,安芸,29799A1226E48E2CE68BE172A840A5FB3BFEC6FDD7C3EB3124D511D710AE0A88,text,「——明白！」
4047,game_t04059,０３０：１９９８年_47：志摩子戦死.egpack,０３０：１９９８年_47：志摩子戦死,和泉,77285A5190DCB34DE5C4954BA05BBEB12CD7FB4C1DBF9E21F7BACCB041E81BD0,text,「——明白！」\p
4048,game_t04060,０３０：１９９８年_47：志摩子戦死.egpack,０３０：１９９８年_47：志摩子戦死,山城,1E69E930E5DB74B7E375E91625C2350CDB1CFE17FD373A2E8F7EC204450C990E,text,「模式选择——远程狙击……！」\p
4049,game_t04061,０３０：１９９８年_47：志摩子戦死.egpack,０３０：１９９８年_47：志摩子戦死,旁白,56E776E68E2CEAFDADD40C4CF010FF1378B03F03F60026D3FD11971D9F4C8CE1,text,就是那个东西把志摩子——\p
4050,game_t04062,０３０：１９９８年_47：志摩子戦死.egpack,０３０：１９９８年_47：志摩子戦死,山城,4A04EE859D1FFF9A95D354110BDA940B67635F6667A61724E30F680342A0E673,text,「——獠牙3，开火。」\p
4051,game_t04063,０３０：１９９８年_47：志摩子戦死.egpack,０３０：１９９８年_47：志摩子戦死,唯依,61C91B7B3EFE168DBADF2D65B0392D44EF0BC48B3D8DE928386DB690FC22CF15,text,「好厉害……竟然击中了13公里外的小型种……！？」\p
4052,game_t04064,０３０：１９９８年_47：志摩子戦死.egpack,０３０：１９９８年_47：志摩子戦死,如月中尉,CA7530DB69AC34C21694997CF08EA0D68A0C73981A9CF3A4D7224E9C6DDE69AC,text,「——现在哪有工夫让你感叹，蠢货——敌人来了！第三小队继续猎杀眼珠怪！」\p
4053,game_t04065,０３０：１９９８年_47：志摩子戦死.egpack,０３０：１９９８年_47：志摩子戦死,山城,BE384C84672F1D426EC51DDF0FBB16EDF7CD47635F59B3111E048E5900A349CC,text,「——獠牙3明白！」\p
4054,game_t04066,０３０：１９９８年_47：志摩子戦死.egpack,０３０：１９９８年_47：志摩子戦死,旁白,5F6AA6C30E8B5291EDB651878D352769A44CCFC66B2185F58D28895C8A647965,text,——距离进入有效射程还差300。\p
4055,game_t04067,０３０：１９９８年_48：上総の戦い.egpack,０３０：１９９８年_48：上総の戦い,山城,E72A89923698FEC4E17E84A2A6B89E6C1E6643F07589104FB626C46EF5484650,text,「——真不巧。」\p
4056,game_t04068,０３０：１９９８年_48：上総の戦い.egpack,０３０：１９９８年_48：上総の戦い,山城,DB8C432220EB12F24E0FC656EAE23297A2B91FCB37F114B2AC75FB43B218A032,text,「——捕捉到两只光线级。」\p
4057,game_t04069,０３０：１９９８年_48：上総の戦い.egpack,０３０：１９９８年_48：上総の戦い,山城,8005105E4AC7A0BD1142EBA858FE572B9BFCDB95ABBA40D1E25DAFBA41BFC320,text,「——休想得逞。」\p
4058,game_t04070,０３０：１９９８年_48：上総の戦い.egpack,０３０：１９９８年_48：上総の戦い,山城,5FB4D26A1BA75D17463CA12161C32728C7720F8A551D539247F8950AFE02171F,text,「——下一个！」\p
4059,game_t04071,０３０：１９９８年_48：上総の戦い.egpack,０３０：１９９８年_48：上総の戦い,山城,43B097DB930DB697D55421B7256CA831FEC473698801C902ACD1B000D6231B37,text,「啧——！」\p
4060,game_t04072,０３０：１９９８年_48：上総の戦い.egpack,０３０：１９９８年_48：上総の戦い,山城,360B679535E3F206EA1F052ED12B50F685968F5936AD005004DED22DD98738F2,text,「——务必补上最后一击！绝不能再让任何人重蹈獠牙6的覆辙……！！」\p
4061,game_t04073,０３０：１９９８年_48：上総の戦い.egpack,０３０：１９９８年_48：上総の戦い,第三小隊,B593AB57C9E05365F4859A1FA802E62EFC555C16EE7CAB13B9B2CE7137A722CC,text,「——明白。」\p
4062,game_t04074,０３０：１９９８年_48：上総の戦い.egpack,０３０：１９９８年_48：上総の戦い,山城,563E925B23798C7A27F59D19250E04BA838E97AF44D6A53AC4F9802FD9AA4672,text,「死是平等的……」\p
4063,game_t04075,０３０：１９９８年_48：上総の戦い.egpack,０３０：１９９８年_48：上総の戦い,山城,2030C26EB03CB7A9E7343A09897EF751765B0DE7A4E59E092B53F05A3BE26B92,text,「——！！」\p
4064,game_t04076,０３０：１９９８年_48：上総の戦い.egpack,０３０：１９９８年_48：上総の戦い,山城,4CDAA91AF410704E197E375BE3AF76A82707F652774FA3F9AFD3649AE880D34B,text,「被本以为已经打倒的敌人杀死，毫无意义又可悲的死亡——」\p
4065,game_t04077,０３０：１９９８年_48：上総の戦い.egpack,０３０：１９９８年_48：上総の戦い,山城,6016848D5FCECB211503917632AF92FE9218FE4285AF9FE94839C2849A315F6C,text,「——这就是……战场上司空见惯的死亡真相……」\p
4066,game_t04078,０３０：１９９８年_48：上総の戦い.egpack,０３０：１９９８年_48：上総の戦い,山城,6C49299343ACE158DF66662D92C48B3461A08249C0CD91A0CFD2AF58E17E52B5,text,「人们告诉我，兄长们死得英勇果敢，最后一刻也无比壮烈——」\p
4067,game_t04079,０３０：１９９８年_48：上総の戦い.egpack,０３０：１９９８年_48：上総の戦い,山城,EB2314E4D356BFBB30B9C6688305F4AD4598FEE0AF02808F517626B0DB10458A,text,「人们告诉我，兄长们的自我牺牲拯救了许多人——」\p
4068,game_t04080,０３０：１９９８年_48：上総の戦い.egpack,０３０：１９９８年_48：上総の戦い,山城,FC02EA8265184464BAB21263569574973F786502E8C82E700DE3EAC5FA4C8124,text,「——唔！！」\p
4069,game_t04081,０３０：１９９８年_48：上総の戦い.egpack,０３０：１９９８年_48：上総の戦い,山城,747F372A72FE981FFF33052852661197DBC80CB93DE57D7FE75CF1D207EFA6B2,text,「在这片战场上……真的存在那样体面的死亡吗……？！」\p
4070,game_t04082,０３０：１９９８年_48：上総の戦い.egpack,０３０：１９９８年_48：上総の戦い,山城,98FB4A0CB4686441267A80FB880A996230459246390F51DF9E518338F913FDCF,text,「——唔！」\p
4071,game_t04083,０３０：１９９８年_48：上総の戦い.egpack,０３０：１９９８年_48：上総の戦い,山城,3851A31EB0D5A864084139EC35D18CAA460C4CFA10233A57D5F9A7FB3DC4F972,text,「——现在我能做的……只有把这份疑念与敌人重叠——」\p
4072,game_t04084,０３０：１９９８年_48：上総の戦い.egpack,０３０：１９９８年_48：上総の戦い,山城,602637476F3DAD56FD6F1FA8C66274014DFA4AEA711BB8C9574B394E52738D6E,text,「——然后一并击穿……！！」\p
4073,game_t04085,０３０：１９９８年_48：上総の戦い.egpack,０３０：１９９８年_48：上総の戦い,如月中尉,8B793E593188D6F16DC6E6F1B9F650E402D0028B6A1FB48DE187F45ACEBF129F,text,「——獠牙1呼叫中队各机！敌军第三波清剿完毕——后撤3000，前往野战补给场！！」\p
4074,game_t04086,０３０：１９９８年_48：上総の戦い.egpack,０３０：１９９８年_48：上総の戦い,ファング中隊,B593AB57C9E05365F4859A1FA802E62EFC555C16EE7CAB13B9B2CE7137A722CC,text,「——明白。」\p
4075,game_t04087,０３０：１９９８年_49：安芸戦死.egpack,０３０：１９９８年_49：安芸戦死,安芸,391A273EFC5E2460DE121E18B3CF3DC767B56585778DFC93B1B5E4BA375E51EF,text,「——哈、哈、哈……！」\p
4076,game_t04088,０３０：１９９８年_49：安芸戦死.egpack,０３０：１９９８年_49：安芸戦死,安芸,ECAD71602D2907F50CCD95F23938AD512A5D56EF004AA5A688CA216B48C794FD,text,「——要击级！！」\p
4077,game_t04089,０３０：１９９８年_49：安芸戦死.egpack,０３０：１９９８年_49：安芸戦死,安芸,3EE2BA1667E9E5A35242D31A09D22E8CE50BEAFB98F535986165B0A5D77DF57A,text,「——约占BETA群中大型种的六成！！」\p
4078,game_t04090,０３０：１９９８年_49：安芸戦死.egpack,０３０：１９９８年_49：安芸戦死,安芸,0019B9B2AE5FB90D79DBBBF2A5A0713610AD18398C68EC57E186AE7905EEB576,text,「——用两对前臂撞角发动打击！近身攻击范围最大直径39米！！」\p
4079,game_t04091,０３０：１９９８年_49：安芸戦死.egpack,０３０：１９９８年_49：安芸戦死,唯依,451DD80C09704D96749F3C71D8A5D5316FDB19BB1290805E603C62FB81465A64,text,「——保持三机协同，獠牙8！时刻记住我们不是两机编队！！」\p
4080,game_t04092,０３０：１９９８年_49：安芸戦死.egpack,０３０：１９９８年_49：安芸戦死,安芸,20BBA73C4FC049F65C36194EB2021C905F639C08369BE057FD4821CFE5E768AC,text,「——明白！！」\p
4081,game_t04093,０３０：１９９８年_49：安芸戦死.egpack,０３０：１９９８年_49：安芸戦死,安芸,D227BE9200FF033057281534A3FCA15A15248A138C4CA32188B96F71DAE3119A,text,「——机动特性为二维！但必须警惕它惊人的持续盘旋性能！！」\p
4082,game_t04094,０３０：１９９８年_49：安芸戦死.egpack,０３０：１９９８年_49：安芸戦死,安芸,C715379734EE02F15DC49B9345AD16E0B64B94388BD4EF7B5D2D78CB7414D234,text,「——可恶！还没好吗！！」\p
4083,game_t04095,０３０：１９９８年_49：安芸戦死.egpack,０３０：１９９８年_49：安芸戦死,如月中尉,570B75579A9A2340DD1BA4DA50FE791AF66A9C452C5C2360EEE3650E854707C3,text,「——第二小队，被敌人牵着走了！——别忘记阵形规定间距！！」\p
4084,game_t04096,０３０：１９９８年_49：安芸戦死.egpack,０３０：１９９８年_49：安芸戦死,安芸,512FF8A3157251B16D02B877CE2A19B83E2DFD8AEC3B34AD34D7D96F63DF2FCC,text,「——可恶，要偏离基本战术了！！明明只差一点！！」\p
4085,game_t04097,０３０：１９９８年_49：安芸戦死.egpack,０３０：１９９８年_49：安芸戦死,安芸,1AC9A981079A9E8634743F38FB18DDDCE54AEB5898C17A1443A3ED66F7E95E01,text,「——前臂撞角的硬度与韧性均超越现有物质！！」\p
4086,game_t04098,０３０：１９９８年_49：安芸戦死.egpack,０３０：１９９８年_49：安芸戦死,安芸,26E2AA3CD34AEDA7AFBBF69187329087959DB0044EFC9CCB0D4F86EE0A5274E0,text,「因此，应避开撞角实施炮击，或以更强大的火力应对——！」\p
4087,game_t04099,０３０：１９９８年_49：安芸戦死.egpack,０３０：１９９８年_49：安芸戦死,安芸,4B1B4A38676F2220126E0765DFC629369B3472B9BD04DEC4AE9BE0BAAC1D7065,text,「——什么！？」\p
4088,game_t04100,０３０：１９９８年_49：安芸戦死.egpack,０３０：１９９８年_49：安芸戦死,安芸,588692B6A97321FD6517AC9613EE54A6B34EA3A30C9267FB9B15C78FF2ADD958,text,「是敌我识别装置吗！？」\p
4089,game_t04101,０３０：１９９８年_49：安芸戦死.egpack,０３０：１９９８年_49：安芸戦死,安芸,46B13B5B91C9E526690B9C968E0C21C8C8F64B94DD8C2E4A5DCCF24FC828F2F0,text,「——你这混账——！！」\p
4090,game_t04102,０３０：１９９８年_49：安芸戦死.egpack,０３０：１９９８年_49：安芸戦死,安芸,62E98092B7CA0D2B7F417941168D9A09D9754E245DA05CD9616AF3B8934AE286,text,「——啊！？」\p
4091,game_t04103,０３０：１９９８年_49：安芸戦死.egpack,０３０：１９９８年_49：安芸戦死,安芸,3011E0C04D6722CD165BB42C5433C468128060E611A4E5A74F6CCEFA4612B696,text,「——那惊人的持续盘旋性能——！！」\p
4092,game_t04104,０３０：１９９８年_49：安芸戦死.egpack,０３０：１９９８年_49：安芸戦死,安芸,124A3E6ADD71777A97DC945A60804C9A471C31F7E5DB33E3461B26EDEDD1099A,text,「——哇啊啊啊啊！？」\p
4093,game_t04105,０３０：１９９８年_49：安芸戦死.egpack,０３０：１９９８年_49：安芸戦死,唯依・和泉,D6E139FB21E54A4DC967596B34036B48FDBCE8ABEDD24D4D355CA661349B1748,text,「——安艺！？」\p
4094,game_t04106,０３０：１９９８年_49：安芸戦死.egpack,０３０：１９９８年_49：安芸戦死,安芸,95A2B3D165F06283D97902FD3531BBC8DC84D1718626854F95C8929C31CD073F,text,「——咿……！？」\p
4095,game_t04107,０３０：１９９８年_49：安芸戦死.egpack,０３０：１９９８年_49：安芸戦死,安芸,980A8FA86F47E824D3E3E374B3DCDAB4AAB1D9EF73FCE85402FABA4FF79C7E2A,text,「——痛……！？」\p
4096,game_t04108,０３０：１９９８年_49：安芸戦死.egpack,０３０：１９９８年_49：安芸戦死,如月中尉,29B8C146C69E8A5283095447AA8CC30472A0A1C375EAF069881BB51A372CB1B7,text,「——别死盯着一只不放——会死的！！」\p
4097,game_t04109,０３０：１９９８年_49：安芸戦死.egpack,０３０：１９９８年_49：安芸戦死,安芸,273E8ED4E92615B901F12298A32CB3A8E679A8D8F68831A847B82BE104DA508B,text,「可恶，是嘴里咬破了吗……有股铁味……」\p
4098,game_t04110,０３０：１９９８年_49：安芸戦死.egpack,０３０：１９９８年_49：安芸戦死,如月中尉,805421A46EE5EAB876ED946CC9628EB13F786098DD621862529C5A3445F36441,text,「——听好，只需杀死光线属种！其他种只要使其失去行动能力就够了——你至今到底学了些什么！！」\p
4099,game_t04111,０３０：１９９８年_49：安芸戦死.egpack,０３０：１９９８年_49：安芸戦死,安芸,0B446F3143D26033FFE0148DF59145EC5ABBC4C6725B64A39D249973061B2322,text,「队长在战斗机动中还会分心，基本功根本不合格啊。」\p
4100,game_t04112,０３０：１９９８年_49：安芸戦死.egpack,０３０：１９９８年_49：安芸戦死,安芸,4BD96858A8340B524FDCD1BF7CF41B97099F7762A574B2700FD859DF54AF155B,text,「——我明明一直按照基本来做！我弟弟也是——一直那样努力的！！」\p
4101,game_t04113,０３０：１９９８年_49：安芸戦死.egpack,０３０：１９９８年_49：安芸戦死,安芸,956D94DBF03A156743D6F72D88682A2CC1A932E40A32A490C675CEF1A1D1CE39,text,「吵死了，我知道。站起来就行了吧……那种事本来就是自律控制系统的工作吧。连这种基本都不知道吗……！？」\p
4102,game_t04114,０３０：１９９８年_49：安芸戦死.egpack,０３０：１９９８年_49：安芸戦死,安芸,E5B73B90E6BFD83E3DAE5A2AC744AB40F71F30E27B09D780C46E04B76179FDE5,text,「——咦……！？」\p
4103,game_t04115,０３０：１９９８年_49：安芸戦死.egpack,０３０：１９９８年_49：安芸戦死,和泉,90434195E6DFE9B436DF0C68C7DB69F36917DD963341547FD931C88F043E5CD6,text,「——安艺！安艺！」\p
4104,game_t04116,０３０：１９９８年_49：安芸戦死.egpack,０３０：１９９８年_49：安芸戦死,唯依,26E0AE7CA0704DDB0276BE5A4458B4F80239C3A291DD2EF45D35EFFAB57AF5C9,text,「——獠牙8！立刻脱离！」\p
4105,game_t04117,０３０：１９９８年_49：安芸戦死.egpack,０３０：１９９８年_49：安芸戦死,如月中尉,A6019ECE852F999B22F6D5F2CA7F48D08E30AD29376993C936C5EBD6233A79A1,text,「——獠牙1呼叫中队各机！重整阵形！」\p
4106,game_t04118,０３０：１９９８年_49：安芸戦死.egpack,０３０：１９９８年_49：安芸戦死,ファング中隊,B593AB57C9E05365F4859A1FA802E62EFC555C16EE7CAB13B9B2CE7137A722CC,text,「——明白。」\p
4107,game_t04119,０３０：１９９８年_49：安芸戦死.egpack,０３０：１９９８年_49：安芸戦死,安芸,AD42349E7A859F72BC7F226141B1B46F1863D29A9F8930864D013094B045B7D8,text,「吵死了……别来妨碍我……」\p
4108,game_t04120,０３０：１９９８年_49：安芸戦死.egpack,０３０：１９９８年_49：安芸戦死,安芸,6197B45D35BFFD673D646F84FB7964959D0C0D13AFE742D6F483C40A89D16D52,text,「——做……到了……！」\p
4109,game_t04121,０３０：１９９８年_49：安芸戦死.egpack,０３０：１９９８年_49：安芸戦死,安芸,E23DBCB3F16B49641053237AF5E122C117E8A88CDB70525575E1A6B41AED7538,text,「哈哈……我做到了……好开……心……」\p
4110,game_t04122,０３０：１９９８年_49：安芸戦死.egpack,０３０：１９９８年_49：安芸戦死,安芸,A81BD0D96053BD0CD72B1CA8FC30FBA49B8A3DFE31DC5C6287865926B6360FDC,text,「……原来……是这种……感觉……不会受到……限制……」\p
4111,game_t04123,０３０：１９９８年_49：安芸戦死.egpack,０３０：１９９８年_49：安芸戦死,安芸,A69867AAA181B18E8EB2E8D6A8D7C8206640BC80440FDA977277B2300907B50F,text,「哈……哈哈……」\p
4112,game_t04124,０３０：１９９８年_49：安芸戦死.egpack,０３０：１９９８年_49：安芸戦死,如月中尉,A13329846DE0480F8760E3811E6C27F591C308F7CAB6570E34CD3D8056223D3F,text,「快点，敌人可不会等你！」\p
4113,game_t04125,０３０：１９９８年_49：安芸戦死.egpack,０３０：１９９８年_49：安芸戦死,唯依,52BF33BA6E141CB44AE75DAED652C2EC9AFAC9C07C3B29F4877E57DDCAEECA95,text,「獠牙8！石见少尉……！！」\p
4114,game_t04126,０３０：１９９８年_49：安芸戦死.egpack,０３０：１９９８年_49：安芸戦死,和泉,6F1EF1D1FCFF18981FA1833EF6CB2ECF8B85739EB8FF3BBA1DEB87F6CDBCAF28,text,「安艺！敌人要来了！」\p
4115,game_t04127,０３０：１９９８年_49：安芸戦死.egpack,０３０：１９９８年_49：安芸戦死,安芸,F251F27D8297888E718E04756AD3C8188728C3B9EAD7BADDE9690D0A98EB15CC,text,「啊，哈哈……什么啊，原来还没发现吗……真是的……所以说谱代家的大小姐就是麻烦。」\p
4116,game_t04128,０３０：１９９８年_49：安芸戦死.egpack,０３０：１９９８年_49：安芸戦死,安芸,288F3E846F96D8020586A18D17241690FC4ACCF6D9EA594D6DB138724EEDB1C6,text,「……我做到了……唯依。」\p
4117,game_t04129,０３０：１９９８年_49：安芸戦死.egpack,０３０：１９９８年_49：安芸戦死,唯依,E5B73B90E6BFD83E3DAE5A2AC744AB40F71F30E27B09D780C46E04B76179FDE5,text,「——咦……！？」\p
4118,game_t04130,０３０：１９９８年_49：安芸戦死.egpack,０３０：１９９８年_49：安芸戦死,安芸,CE0F0D6ADE32B89B2CFE50B0E899979CAC672805885AE8D729DD7BFD3894FB52,text,「你那……是什么表情。大概……说了声『咦！？』吧……」\p
4119,game_t04131,０３０：１９９８年_49：安芸戦死.egpack,０３０：１９９８年_49：安芸戦死,安芸,448197BF03A87ADCCDD7760A884874CFEBA04075F2A1116A173E0AF4BE28365C,text,「啊……哈……哈哈……奇怪的……表情……要是把这件事……告诉她……一定会很吃惊吧……」\p
4120,game_t04132,０３０：１９９８年_49：安芸戦死.egpack,０３０：１９９８年_49：安芸戦死,安芸,239555BFEB16D5765382CB2F76CC6680EEB5EB78FDEC0745FFA6AC763C0E3227,text,「我们做到了……我们……熬过了……“死亡8分钟”……」\p
4121,game_t04133,０３０：１９９８年_49：安芸戦死.egpack,０３０：１９９８年_49：安芸戦死,唯依,D60EC6BC5A51F1E07879A3CE5F94A71D63AE7E9A2FBFA38E9AA7A66B4E7A3536,text,「——快点，安艺！！你在做什么，快啊！！」\p
4122,game_t04134,０３０：１９９８年_49：安芸戦死.egpack,０３０：１９９８年_49：安芸戦死,如月中尉,E44A8BE293C60928C453E5E0212DE16E2BC9622353082C88629C80E8D696BB11,text,「——獠牙2，你在做什么！？伤员之后再回收，蠢货！！」\p
4123,game_t04135,０３０：１９９８年_49：安芸戦死.egpack,０３０：１９９８年_49：安芸戦死,唯依,F5FE9DAD750CB6ED876ED34AE157A0DB4D1ADBBCE15D6A8A3B04BD410F0C70E5,text,「——安艺！快！快站起来！」\p
4124,game_t04136,０３０：１９９８年_49：安芸戦死.egpack,０３０：１９９８年_49：安芸戦死,安芸,97C6C395EC3C0347AFC375671A5C1333E0D27E682A695359853B362FC3DACFD1,text,「我们……熬过了……死亡……8分钟……」\p
4125,game_t04137,０３０：１９９８年_49：安芸戦死.egpack,０３０：１９９８年_49：安芸戦死,唯依,18C4C8F903C1215B2B278D774737AECAF960AE41813F5ADB8A9C42A587AA9A9B,text,「——快！紧急弹射，安艺！！」\p
4126,game_t04138,０３０：１９９８年_49：安芸戦死.egpack,０３０：１９９８年_49：安芸戦死,安芸,7FAB637DBA04ECD5579ABCDF43C46EAA1FE8BD7AD4B19BD1BBEA68D893188D08,text,「我……做到了……这样一来总算……弟弟的……」\p
4127,game_t04139,０３０：１９９８年_49：安芸戦死.egpack,０３０：１９９８年_49：安芸戦死,唯依,CA7679C1EAC5C98BED1CC9F666CA216385449F52E9E77E9744EAB5091861FCD0,text,「安艺……」\p
4128,game_t04140,０３０：１９９８年_49：安芸戦死.egpack,０３０：１９９８年_49：安芸戦死,如月中尉,715AA9194BE06AE26CB8D8523938CF1F4F2E980D08095C7B58BCD54F39FB4698,text,「——獠牙2，你在做什么！？快点！！」\p
4129,game_t04141,０３０：１９９８年_49：安芸戦死.egpack,０３０：１９９８年_49：安芸戦死,唯依,A9329D3802ECB0FD3D33ABC851121BCAF4BFA60869FBEF620D3CA96FB4E2A047,text,「……唔！！」\p
4130,game_t04142,０３０：１９９８年_50：真相を知る如月.egpack,０３０：１９９８年_50：真相を知る如月,如月中尉,0A998574A9B3117A69D36E6F78917A81D5AABC9AF52E58296C64086B1DEF37AA,text,「——这么说，城内省本营仍然命令我们……不惜一切死守此地！？」\p
4131,game_t04143,０３０：１９９８年_50：真相を知る如月.egpack,０３０：１９９８年_50：真相を知る如月,ＣＰ将校,3F4AD8EEF32190114FB4B126371C8D4D1390FE693355C3C84A7611ADDB37A733,text,「各道防线虽遭分割，但对龟冈侵攻部队的逐步削减仍在继续。因此，作为最后卫队的贵部，只要帝都外围高地的支援炮击仍在持续，就必须维持对岚山该战区的控制。」\p
4132,game_t04144,０３０：１９９８年_50：真相を知る如月.egpack,０３０：１９９８年_50：真相を知る如月,如月中尉,A1536A30BD61D202CA6793F99D37384D5195F45BD52956E31DCCF21DDCF4C6E3,text,「既然如此，请调配一部分战术机甲战力。我部已经损失一个小队，余下的全是学生兵。这次能够撑住，完全是奇迹。」\p
4133,game_t04145,０３０：１９９８年_50：真相を知る如月.egpack,０３０：１９９８年_50：真相を知る如月,ＣＰ将校,9932CB7397B016510343B572E842230D4336F86AA182F693B45E523A8AD1FAD9,text,「那并非奇迹。龟冈战区地处山间，易于集中火力，阻止侵攻的手段相对有效。此外，贵部负责的东端战区独享岚山炮击阵地的支援。仅此一点便该明白，这是何等厚待。」\p
4134,game_t04146,０３０：１９９８年_50：真相を知る如月.egpack,０３０：１９９８年_50：真相を知る如月,如月中尉,9C7A07F3379E60497D3EA005DEB2B6BE9C1D467CE0290D1889FC2CA071A3C43A,text,「这些我都十分清楚——但实际的敌我战力差，绝不能用相对优劣一笔带过！」\p
4135,game_t04147,０３０：１９９８年_50：真相を知る如月.egpack,０３０：１９９８年_50：真相を知る如月,如月中尉,D510D5D1752BE62D8C7DCBE28A83AF8C9E784072CF97C447CB2741CB453DB002,text,「如果目的在于坚守帝都外围高地，至少也该重编前线战力，或者——」\p
4136,game_t04148,０３０：１９９８年_50：真相を知る如月.egpack,０３０：１９９８年_50：真相を知る如月,ＣＰ将校,A60C104B42BB1DA3B0E863FCD621EE34F9618136462030348982862D8AC7C4AB,text,「——啰嗦！再说下去就视为抗命！其他地方连一架能调来的战术机都没有！！」\p
4137,game_t04149,０３０：１９９８年_50：真相を知る如月.egpack,０３０：１９９８年_50：真相を知る如月,如月中尉,42EA9AABF02A04E01E398214C1A27C4E0962798D1C5255AA394E6DD1C07DD3F3,text,「区区外样……！」\p
4138,game_t04150,０３０：１９９８年_50：真相を知る如月.egpack,０３０：１９９８年_50：真相を知る如月,如月中尉,A3DF0A1F158A3DB5166EC0078DFA49AF7C30C34203BE9EA9BC5D9AD1508984F3,text,「独木难支大厦之将倾——既然如此，我便以亲藩武家如月家一员的身份发问！」\p
4139,game_t04151,０３０：１９９８年_50：真相を知る如月.egpack,０３０：１９９８年_50：真相を知る如月,ＣＰ将校,35F15C36E509862F28D4830B2254D1C19145A17DAB36B8F21CCCD8D4EC159563,text,「…\w…\w！」\p
4140,game_t04152,０３０：１９９８年_50：真相を知る如月.egpack,０３０：１９９８年_50：真相を知る如月,如月中尉,C1A4B046E97AF257D1AC7DD46506EBE43E79E52F4627D54BE327EAAE2B256FDA,text,「为何战略级情报的访问限制，竟然连部队指挥官也包括在内！？一边命令我们死守，一边又如此——」\p
4141,game_t04153,０３０：１９９８年_50：真相を知る如月.egpack,０３０：１９９８年_50：真相を知る如月,声,2CC7532078402DC34805CBF9319F0CCDB081C69187266AEC141530544696B9E0,text,「——这样可不好，如月中尉。这种手段……并不风雅。」\p
4142,game_t04154,０３０：１９９８年_50：真相を知る如月.egpack,０３０：１９９８年_50：真相を知る如月,如月中尉,8331F90C9ED4AA79F3CE2C5F97873D98AC7585C6473E17F2D1037F8308FA436A,text,「――！？」\p
4143,game_t04155,０３０：１９９８年_50：真相を知る如月.egpack,０３０：１９９８年_50：真相を知る如月,声,99A302B9A2E4B84B03DF4C78AF336EA02B93F88F78F66A32D5E7FE165F0CC593,text,「身居其位者，不可轻易炫耀身份——正是如此。一步走错，便会殃及整个家门。」\p
4144,game_t04156,０３０：１９９８年_50：真相を知る如月.egpack,０３０：１９９８年_50：真相を知る如月,如月中尉,C08E6CECFA80EA651430F11271B4DF7D004A37B763672BE8EAAE6BBBD3A01480,text,「斑、斑鸠少校……！？」\p
4145,game_t04157,０３０：１９９８年_50：真相を知る如月.egpack,０３０：１９９８年_50：真相を知る如月,斑鳩少佐,54689A397A0487AB432ECDC29712332FB0476DFA03ABC5CE7A2B11D0CC9BD6D0,text,「你可以退下了。」\p
4146,game_t04158,０３０：１９９８年_50：真相を知る如月.egpack,０３０：１９９８年_50：真相を知る如月,ＣＰ将校,FCECAEA4578BEA3AD9ABF283D191C0DB8C55FF69380BD93C44CB5C4ABB0503E0,text,「——是！」\p
4147,game_t04159,０３０：１９９８年_50：真相を知る如月.egpack,０３０：１９９８年_50：真相を知る如月,斑鳩少佐,17D60A99E2ED49D1FED36201E2B79A7F28259188EAEBBD4D1B96D29B8EFF4B29,text,「山间会拖慢敌军推进速度，对激光的遮蔽也很好……可谓天然要塞。正因如此，帝都外围才会布设绵延的炮击阵地。」\p
4148,game_t04160,０３０：１９９８年_50：真相を知る如月.egpack,０３０：１９９８年_50：真相を知る如月,如月中尉,14092DD29ABAAFDADACA487BE35F03A2F190E1EC0D2A662AE67041C35C4F6BF6,text,「是，确如您所言。」\p
4149,game_t04161,０３０：１９９８年_50：真相を知る如月.egpack,０３０：１９９８年_50：真相を知る如月,斑鳩少佐,C8B7A0400C0A261D94C91823288747638B91F84F9848514CF20A317D7E87A41F,text,「另外，你应该也知道，如今连接舞鹤、帝都与大阪的第一、第二防线都已出现缺口，最终防线也已遭异形渗透。」\p
4150,game_t04162,０３０：１９９８年_50：真相を知る如月.egpack,０３０：１９９８年_50：真相を知る如月,斑鳩少佐,45976C157BD0E898304B0E32E2BBED95B6C8E246309A92E6D81EAC8F82728BB9,text,「——那么，看看这个。」\p
4151,game_t04163,０３０：１９９８年_50：真相を知る如月.egpack,０３０：１９９８年_50：真相を知る如月,如月中尉,AF185F787D1DC3E3C6C39AEC2F3F2DC697D0F80AD846D3208770B0C3731183AB,text,「——什么……这究竟是……！？」\p
4152,game_t04164,０３０：１９９８年_50：真相を知る如月.egpack,０３０：１９９８年_50：真相を知る如月,斑鳩少佐,78F45BFD33FB88F2217DE0D6752CDE514DEA4CC9372982A8CD36ACBB1B7B83B2,text,「……就是你一直想看的东西。」\p
4153,game_t04165,０３０：１９９８年_50：真相を知る如月.egpack,０３０：１９９８年_50：真相を知る如月,如月中尉,63156336E1EB91C6CB37ACFDF2D277F8F01FC60111D9181EF7329F690C3BF600,text,「——大阪已经……陷落……！？荒唐——这种重大情报为什么会被隐瞒——」\p
4154,game_t04166,０３０：１９９８年_50：真相を知る如月.egpack,０３０：１９９８年_50：真相を知る如月,斑鳩少佐,4D4CFE4C0C776FBDBACB059D156A594875C131AE7C355A722D80887181209DFF,text,「——没错，从统帅指挥的角度看，这根本不正常。官方说法似乎是‘超出预期的重金属云引发了原因不明的故障’。又不是大战初期……」\p
4155,game_t04167,０３０：１９９８年_50：真相を知る如月.egpack,０３０：１９９８年_50：真相を知る如月,如月中尉,3B7D55635B2C08DAAE50FB5B7968CE9071A4FB3993F083AAFEB3180DE789D0D5,text,「这是……」\p
4156,game_t04168,０３０：１９９８年_50：真相を知る如月.egpack,０３０：１９９８年_50：真相を知る如月,斑鳩少佐,B39F071D17623A68D7F6767E7D695395FEDFD7B1639BE7AD46535A33737B7AF0,text,「不愧是你，如月中尉——猜得很准。」\p
4157,game_t04169,０３０：１９９８年_50：真相を知る如月.egpack,０３０：１９９８年_50：真相を知る如月,如月中尉,D8D14083C2CAED03837E7D6B35CE8C3234911D27E3FFEABC7F501DC2FBE15A4F,text,「……如果八幡陷落……帝都就会……！？」\p
4158,game_t04170,０３０：１９９８年_50：真相を知る如月.egpack,０３０：１９９８年_50：真相を知る如月,如月中尉,E7A662BA705CB4794C81E345EB2243540C1E78FFC92EB5FCC783EFDA90FA70D5,text,「便会暴露在一马平川的平原上，形同赤裸……」\p
4159,game_t04171,０３０：１９９８年_50：真相を知る如月.egpack,０３０：１９９８年_50：真相を知る如月,如月中尉,16D633EC92F670F90899E7C5A4B13D61E0A685473569EAB7404E890DD70D661D,text,「要阻止八幡被突破，来自地峡两侧高地的支援炮击必不可少……为了守住北翼从释迦岳到岛本一带的炮击阵地，负责对西部山区实施区域压制的，正是岚山基地的炮击阵地……」\p
4160,game_t04172,０３０：１９９８年_50：真相を知る如月.egpack,０３０：１９９８年_50：真相を知る如月,斑鳩少佐,F3DE562E8C80B30F41C589115B13459E2BC65140DC7B1901142F2AF2FF4C87D7,text,「——不过，这种局势背后除了防卫帝都，还有另一件棘手的事。」\p
4161,game_t04173,０３０：１９９８年_50：真相を知る如月.egpack,０３０：１９９８年_50：真相を知る如月,斑鳩少佐,8786DEEDFA11658EF54BD643CC253ABCCD98248B19F17C9A0CD177E5957AAD44,text,「八幡陷落的那一刻——驻日美军就会立即使用战术核武器。」\p
4162,game_t04174,０３０：１９９８年_50：真相を知る如月.egpack,０３０：１９９８年_50：真相を知る如月,如月中尉,6E4BA3B921ED48883BCF6E01B7DF0318B65366D195E39D29403651C2834DEE31,text,「——战、战术核武器……！？」\p
4163,game_t04175,０３０：１９９８年_50：真相を知る如月.egpack,０３０：１９９８年_50：真相を知る如月,斑鳩少佐,1277EFA80F171D06D075F0F46389AC81F8661D4017BBCB9AFC58175146153BA0,text,「没错。八幡一旦被突破，从山科水道便可将琵琶湖一览无余。换言之，部署在那里的美国第七舰队航母战术机动部队，会成为光线属种的靶子。」\p
4164,game_t04176,０３０：１９９８年_50：真相を知る如月.egpack,０３０：１９９８年_50：真相を知る如月,如月中尉,191BD2A90B4879D542D01DA2B47CF753D9890A8B19D6D8E89E3162D12EE9C9CE,text,「为了确保一艘航母的安全……竟要用核武焚毁日本帝国的首都、这座千年古都，使其沦为半永久污染区，简直岂有此理……」\p
4165,game_t04177,０３０：１９９８年_50：真相を知る如月.egpack,０３０：１９９８年_50：真相を知る如月,如月中尉,09A63CEE317B7141317EBC93172127C193934EC23BD7F1392CBA1F016AA5BF91,text,「这种暴行，当真会……！！」\p
4166,game_t04178,０３０：１９９８年_50：真相を知る如月.egpack,０３０：１９９８年_50：真相を知る如月,斑鳩少佐,F97C35DF6F865855097C75055940F503A989EBBCACBBE323D2CB2AC40442B542,text,「——驻日美军本就打算这么做。小仓、仓敷等数处都是目标，据说是为了截断敌军后续。对他们而言，不过是稍微多费一点工夫吧。」\p
4167,game_t04179,０３０：１９９８年_50：真相を知る如月.egpack,０３０：１９９８年_50：真相を知る如月,如月中尉,0EDDE653F8FB86BA139EB9351F2228C22521F2A7503260FA58380802A446EBDD,text,「我好歹也是军人——若把合理性置于一切之上，我能理解这是正确的选择。」\p
4168,game_t04180,０３０：１９９８年_50：真相を知る如月.egpack,０３０：１９９８年_50：真相を知る如月,如月中尉,0049540F0AEA21AB880CA0360936517CCB533DC9BABEF91EE680C1B9437B1FFE,text,「倘若只求人还存在就好，只顾活在当下，那样的活法我或许也能接受。」\p
4169,game_t04181,０３０：１９９８年_50：真相を知る如月.egpack,０３０：１９９８年_50：真相を知る如月,如月中尉,0B157FFE89470D9085DC5D6EF8A7DAF2543EDF9DEB3DFFB9D628CD5644CB38A9,text,「可是，自远古绵延至今的万事万物——正是这一切显化而成了此刻，也成就了‘我’这一存在。竟然打算用核武玷污象征这一切的帝都……！！」\p
4170,game_t04182,０３０：１９９８年_50：真相を知る如月.egpack,０３０：１９９８年_50：真相を知る如月,如月中尉,B8387AE2EF38F886ADDA430352ADA2E82EF7D144353EF76FFF5A7A30CF85B5A7,text,「如果这项情报公开，身处极限状态、士气高昂的人很可能会暴怒，甚至攻击驻日美军。再加上帝国军中的志愿兵比例已经大幅降低，届时也可能接连发生放弃任务的情况。」\p
4171,game_t04183,０３０：１９９８年_50：真相を知る如月.egpack,０３０：１９９８年_50：真相を知る如月,如月中尉,0ED61E9D52A103E5546EBDC43FB311CB4770091C76B7E8043226C8CEBFF287EB,text,「……！」\p
4172,game_t04184,０３０：１９９８年_50：真相を知る如月.egpack,０３０：１９９８年_50：真相を知る如月,如月中尉,712BA9D7B4E1C4ECC380E3946D1105E4471B022661EED81BF428A16FC622B504,text,「我已经无意再追问真正的理由。探究那些不肯告知的真相，只会背负远超自身身份的责任——」\p
4173,game_t04185,０３０：１９９８年_50：真相を知る如月.egpack,０３０：１９９８年_50：真相を知る如月,如月中尉,2DA41CD90E2B1B528A7E8200498A0721168094D3A0A08E3DC75C14FA30E83CBE,text,「……那种东西，我已经再也承受不下去了。」\p
4174,game_t04186,０３０：１９９８年_50：真相を知る如月.egpack,０３０：１９９８年_50：真相を知る如月,斑鳩少佐,50C4D3F95375E3AC3130D7F423F2B249EE6A425FA4A2EEE86DAA5F593B93E9E7,text,「这下明白了吧。正因为你善于率领学生兵，又擅长机动防御，岚山才会交给你。」\p
4175,game_t04187,０３０：１９９８年_50：真相を知る如月.egpack,０３０：１９９８年_50：真相を知る如月,如月中尉,5470E3C27B65F088B055E34D22AB0124D83A15162946C4B20449DD6CEA46C926,text,「是，斑鸠少校过誉了。」\p
4176,game_t04188,０３０：１９９８年_50：真相を知る如月.egpack,０３０：１９９８年_50：真相を知る如月,斑鳩少佐,AECB305800BC2289FD074DE5B9C3F9AE948384AC80EA297456C107984F603B3B,text,「现在内阁正在商议避免最坏事态的办法。我们斯卫能做的，只有争取时间。」\p
4177,game_t04189,０３０：１９９８年_50：真相を知る如月.egpack,０３０：１９９８年_50：真相を知る如月,如月中尉,A75A9F5854DF1F904891A4FDF95CF14E0D7575F5099DC1579AFCB5D5EB2CC3C4,text,「斑鸠少校……！那些国贼——」\p
4178,game_t04190,０３０：１９９８年_50：真相を知る如月.egpack,０３０：１９９８年_50：真相を知る如月,斑鳩少佐,0FB8D03FC546985814F18EFA7089DE1C39C923535C47C4D991CEE053E19053CD,text,「这就是法治与民主政治，如月中尉。皇帝陛下和将军殿下也在忍耐。所以希望你再忍耐一阵。」\p
4179,game_t04191,０３０：１９９８年_50：真相を知る如月.egpack,０３０：１９９８年_50：真相を知る如月,如月中尉,A7D0AE63C4DE020015D4975F33C2DF3E41F4D1080EE3105E2ABB807A52817A7F,text,「……是。属下铭记于心。」\p
4180,game_t04192,０３０：１９９８年_50：真相を知る如月.egpack,０３０：１９９８年_50：真相を知る如月,斑鳩少佐,182146B4836BC472C7773165C3E550E0278ADD00A3CC68750F6885CD709EE212,text,「我也很快就要出阵。今后或许会在战场上与你相见——」\p
4181,game_t04193,０３０：１９９８年_50：真相を知る如月.egpack,０３０：１９９８年_50：真相を知る如月,如月中尉,05B87DB572CEBED37EEF56D145434EE39E7808969CF781AC76424679C6DBDCB3,text,「——什么内阁……！陛下的国事总代可是将军殿下……！！」\p
4182,game_t04194,０３０：１９９８年_50：真相を知る如月.egpack,０３０：１９９８年_50：真相を知る如月,如月中尉,814F90F2280120A11A2B0DE4FF766F03AA1D86BF05EDB0E5D431A01C6CE86312,text,「正因如此……这场仗才非赢不可……」\p
4183,game_t04195,０３０：１９９８年_50：真相を知る如月.egpack,０３０：１９９８年_50：真相を知る如月,斑鳩少佐,BE6CCCA6C14998AFB736ACCE2E0BE321F872D9A3C763C38E80EA45187B2D8FEC,text,「——正因为你善于率领学生兵，又擅长机动防御，岚山才会交给你。」\p
4184,game_t04196,０３０：１９９８年_50：真相を知る如月.egpack,０３０：１９９８年_50：真相を知る如月,如月中尉,D96219474A16FF82CFF45AF44B159B1EEA30FA4736B344177A53866600728F9A,text,「哼……看来我也应该接受战前处置。」\p
4185,game_t04197,０３０：１９９８年_50：真相を知る如月.egpack,０３０：１９９８年_50：真相を知る如月,如月中尉,5EF233769EA94DF8892ACC8EE2DA093F2648950BC4CD92A3925CC48C3B7148F1,text,「……虽说对你们很残酷，但你们好歹也是斯卫的一员。」\p
4186,game_t04198,０３０：１９９８年_50：真相を知る如月.egpack,０３０：１９９８年_50：真相を知る如月,如月中尉,DF5B395F23B5DC0D1DDD07FBA5CE263D640370015C879C8F0C1E8F89D830AD3F,text,「想必早已做好觉悟了吧……」\p
4187,game_t04199,０３０：１９９８年_51：亀岡戦域離脱　数刻後.egpack,０３０：１９９８年_51：亀岡戦域離脱　数刻後,唯依,50510D1D4D557A64FE00E31C9A8360E0FCC95C7F409826FED6DB7FBF1FCC05C5,text,「歌……」\p
4188,game_t04200,０３０：１９９８年_51：亀岡戦域離脱　数刻後.egpack,０３０：１９９８年_51：亀岡戦域離脱　数刻後,旁白,5F62B4DB59BABCC7C4F9D29CFCC6C6E75DE32B1A48CAAFB90D72D98EFAC1AC22,text,如月中尉没有责罚。那应该没关系吧……\p
4189,game_t04201,０３０：１９９８年_51：亀岡戦域離脱　数刻後.egpack,０３０：１９９８年_51：亀岡戦域離脱　数刻後,旁白,D3AC1026EEFC0F97AB60B1F7C9B283477F1A676C08D548A7D6C2FB997077BBE2,text,说起来，小时候我还以为歌词唱的是『兔子真好吃』……\p
4190,game_t04202,０３０：１９９８年_51：亀岡戦域離脱　数刻後.egpack,０３０：１９９８年_51：亀岡戦域離脱　数刻後,如月中尉,4A6EECC4DA97CED592AEFF4B73649F1A5D2821C047DF9EB678B5101A2243A9DD,text,「——这种数量……！八幡……还安然无恙吗……！？」\p
4191,game_t04203,０３０：１９９８年_51：亀岡戦域離脱　数刻後.egpack,０３０：１９９８年_51：亀岡戦域離脱　数刻後,ＣＰ将校,87122D63CFD11C207254F2B1D065E6ABE985D468D2E8EA8510817348F5A05FC4,text,「——龟冈战区地处山间，易于集中火力，阻止侵攻的手段相对有效。」\p
4192,game_t04204,０３０：１９９８年_51：亀岡戦域離脱　数刻後.egpack,０３０：１９９８年_51：亀岡戦域離脱　数刻後,如月中尉,FD3291A6C6FD75DC0CE3B2F248D5235F3905665558483FBFAFE07670D0FFA96C,text,「唔……」\p
4193,game_t04205,０３０：１９９８年_51：亀岡戦域離脱　数刻後.egpack,０３０：１９９８年_51：亀岡戦域離脱　数刻後,如月中尉,EA584137E9BFD2699344257E8D8C16A91A3EE750FBDDD09D4A15F26CC0973436,text,「中等规模的渗透接连发生……是最终防线已经彻底被分割，还是BETA的数量压过了区域压制火力……」\p
4194,game_t04206,０３０：１９９８年_51：亀岡戦域離脱　数刻後.egpack,０３０：１９９８年_51：亀岡戦域離脱　数刻後,如月中尉,6D83B5218DF91B02918D087296717E60CBE6003A43EB62667202D94D52CD3226,text,「——该死的无能之辈！你们的班会还没开完吗……！！」\p
4195,game_t04207,０３０：１９９８年_51：亀岡戦域離脱　数刻後.egpack,０３０：１９９８年_51：亀岡戦域離脱　数刻後,如月中尉,189181859369AFE9F7E0C264337A9EC1D1848714679025D6F662C88B51FDD33C,text,「必须不惜一切守住！无论如何……！！」\p
4196,game_t04208,０３０：１９９８年_51：亀岡戦域離脱　数刻後.egpack,０３０：１９９８年_51：亀岡戦域離脱　数刻後,オペレーター,D711303499E4D99EABA398E5A47C95903D3DA2D3FC22E472375A6049469E4A87,text,「——岚山CP呼叫獠牙长机。」\p
4197,game_t04209,０３０：１９９８年_51：亀岡戦域離脱　数刻後.egpack,０３０：１９９８年_51：亀岡戦域離脱　数刻後,如月中尉,5DCD6B8751D8900EDC33773CB77160ECDFC93EE7B0E3D7CED2C04A1F6A280282,text,「——这里是獠牙长机！」\p
4198,game_t04210,０３０：１９９８年_51：亀岡戦域離脱　数刻後.egpack,０３０：１９９８年_51：亀岡戦域離脱　数刻後,オペレーター,24B797DAFFCF9D71703E62F816F364E8A6C977092AF91BEEC8CAC792D8B58DA2,text,「——歼灭当前敌群后，放弃前卫战区，转为基地直接支援。」\p
4199,game_t04211,０３０：１９９８年_51：亀岡戦域離脱　数刻後.egpack,０３０：１９９８年_51：亀岡戦域離脱　数刻後,如月中尉,60326415018B9E019520283194F1C65C22AAAEA3307D465805CC35D0BC73BA77,text,「——岚山CP，究竟发生了什么！？」\p
4200,game_t04212,０３０：１９９８年_51：亀岡戦域離脱　数刻後.egpack,０３０：１９９８年_51：亀岡戦域離脱　数刻後,オペレーター,59246094047A2F1B6799BB5B896A76850CDA3869FFF60B2E84895AF9514159F4,text,「——目前，一支旅规模的小型种群正从西北山区渗透，与爱宕炮击阵地的警卫部队交战。防线仍在坚守，但敌方个体数量继续增加，必须警戒。」\p
4201,game_t04213,０３０：１９９８年_51：亀岡戦域離脱　数刻後.egpack,０３０：１９９８年_51：亀岡戦域離脱　数刻後,如月中尉,4DFF58AD1D1D1CE6D8FD2DF4829EDE93DE0B7A0C262980086EEC2A1071566A78,text,「——獠牙长机明白！」\p
4202,game_t04214,０３０：１９９８年_51：亀岡戦域離脱　数刻後.egpack,０３０：１９９８年_51：亀岡戦域離脱　数刻後,如月中尉,35FFC6680A4294E8EC4293CF2C0D42E78254DFA368CC301C804097CC23542967,text,「——观测班到底在干什么！」\p
4203,game_t04215,０３０：１９９８年_51：亀岡戦域離脱　数刻後.egpack,０３０：１９９８年_51：亀岡戦域離脱　数刻後,如月中尉,ADBBF1C4704425E442377994D2D99503CB8080C1EC794CAA99612A7A12C2EB2D,text,「……不，这么大规模的战斗，很难对BETA进行声振测量。尤其在山间更是如此。」\p
4204,game_t04216,０３０：１９９８年_51：亀岡戦域離脱　数刻後.egpack,０３０：１９９８年_51：亀岡戦域離脱　数刻後,如月中尉,DE24BF7531747CB54CED5113E1097E02664F8E73A847B8EC63758BEB5AA3FDF3,text,「敌方残存两只，我部剩余六机——作为半学徒卫士，你们已经做得很好了。」\p
4205,game_t04217,０３０：１９９８年_51：亀岡戦域離脱　数刻後.egpack,０３０：１９９８年_51：亀岡戦域離脱　数刻後,如月中尉,663754512F9FA909CDEBB30F8F7968D319623A122C548D3E4949CC1F8D2837D5,text,「但敌人的尸骸已经开始妨碍近身格斗机动，而且补给物资也很快就会耗尽。」\p
4206,game_t04218,０３０：１９９８年_51：亀岡戦域離脱　数刻後.egpack,０３０：１９９８年_51：亀岡戦域離脱　数刻後,如月中尉,6B3F868A587DFDD3CC8DF928306F626EFEA6BE527111F6CC4953579F7555BBC1,text,「啧！……不管怎样，也到了该撤的时候。」\p
4207,game_t04219,０３０：１９９８年_51：亀岡戦域離脱　数刻後.egpack,０３０：１９９８年_51：亀岡戦域離脱　数刻後,如月中尉,1A2E235334FBE0C65B46F218AA39CBBC6569ADC5DF73962B04B1878B91E420D9,text,「残敌为零——很好，快乐的游戏时间结束了。」\p
4208,game_t04220,０３０：１９９８年_51：亀岡戦域離脱　数刻後.egpack,０３０：１９９８年_51：亀岡戦域離脱　数刻後,如月中尉,0E0466DB51B1BA7D8278A640EA4667D060FD0AF46FC096AD7C102F4085BB76A3,text,「——獠牙1呼叫中队各机！全周警戒，集中精神！！」\p
4209,game_t04221,０３０：１９９８年_52：和泉の錯乱.egpack,０３０：１９９８年_52：和泉の錯乱,如月中尉,96D058B0E476506425594ECAAE9A53211B9B2613CB5A896671423756F61EB46F,text,「——自当前时刻起放弃前卫战区，前往直接支援岚山基地。」\p
4210,game_t04222,０３０：１９９８年_52：和泉の錯乱.egpack,０３０：１９９８年_52：和泉の錯乱,如月中尉,2B5E4A5E08CF2D516F1E8524064E52D638CAF57D20BF3CF97B64E5E1A585A50D,text,「敌小型种已渗透丹波高地西部一带，爱宕阵地目前正遭到零星侵袭。」\p
4211,game_t04223,０３０：１９９８年_52：和泉の錯乱.egpack,０３０：１９９８年_52：和泉の錯乱,如月中尉,4228B6DD458BD31471CF9107DB6D4298EDD484ED9FF8CACBC13BE8CBBC632693,text,「本队将在爱宕、乌岳之间的山脊构筑防线，利用斜坡实施阵地防御，并从高地炮击削减龟冈战区敌军，同时排除小型种。」\p
4212,game_t04224,０３０：１９９８年_52：和泉の錯乱.egpack,０３０：１９９８年_52：和泉の錯乱,如月中尉,7ACC2EF8EB84D7EEB689DF9851CCB0FFC6595A37C8A7FF56DFAC548037B1FBCF,text,「路线如你们所见。考虑光线属种的风险，以高地为盾，从背面爬升。因此移动原则上采用喷射地表滑行。」\p
4213,game_t04225,０３０：１９９８年_52：和泉の錯乱.egpack,０３０：１９９８年_52：和泉の錯乱,如月中尉,C2667E049180F9E4DD0694A81DCC4553B1000490FC69E88783D42C927BB6F478,text,「突击级攻势已停，支援炮击诱导光线属种照射也在发挥作用，现在没有理由继续留在这个垃圾场。我们离开后，基地会用布雷弹撒布地雷，注意。」\p
4214,game_t04226,０３０：１９９８年_52：和泉の錯乱.egpack,０３０：１９９８年_52：和泉の錯乱,如月中尉,71377116757F1ADBC98BB1F3E5DA31E5B4951F286001C1A68D293E2141EE2774,text,「——第一小队先行。——跟上！！」\p
4215,game_t04227,０３０：１９９８年_52：和泉の錯乱.egpack,０３０：１９９８年_52：和泉の錯乱,唯依,29799A1226E48E2CE68BE172A840A5FB3BFEC6FDD7C3EB3124D511D710AE0A88,text,「——明白！」
4216,game_t04228,０３０：１９９８年_52：和泉の錯乱.egpack,０３０：１９９８年_52：和泉の錯乱,山城,29799A1226E48E2CE68BE172A840A5FB3BFEC6FDD7C3EB3124D511D710AE0A88,text,「——明白！」
4217,game_t04229,０３０：１９９８年_52：和泉の錯乱.egpack,０３０：１９９８年_52：和泉の錯乱,第一小隊全員,77285A5190DCB34DE5C4954BA05BBEB12CD7FB4C1DBF9E21F7BACCB041E81BD0,text,「——明白！」\p
4218,game_t04230,０３０：１９９８年_52：和泉の錯乱.egpack,０３０：１９９８年_52：和泉の錯乱,唯依,C2EF79C092BF573BE2EE9508DCAB7AC822F35CEAA2833623029F463D2B982888,text,「——獠牙11，你在干什么！？——和泉！！」\p
4219,game_t04231,０３０：１９９８年_52：和泉の錯乱.egpack,０３０：１９９８年_52：和泉の錯乱,唯依,CA7FC3C36A56E49DDF0F95B7E91EB6B147D72D1A9AF8901C32C81EE8DF7801B5,text,「——獠牙11，后退！那东西放着不管也会死！！」\p
4220,game_t04232,０３０：１９９８年_52：和泉の錯乱.egpack,０３０：１９９８年_52：和泉の錯乱,和泉,72F5C4BCED4BFC5DE0408A0302A206DFE0432DFA68E2DED6ACB64746CE983132,text,「——！————！！——————！！」\p
4221,game_t04233,０３０：１９９８年_52：和泉の錯乱.egpack,０３０：１９９８年_52：和泉の錯乱,唯依,0D38405C734078526E0B339CDAE7FDF966CE992E5D60D9B098AD755EA93AC8CA,text,「和泉，那东西已经死——」\p
4222,game_t04234,０３０：１９９８年_52：和泉の錯乱.egpack,０３０：１９９８年_52：和泉の錯乱,和泉,75BF531E08AF42ACA1DDFEB02C71909A07CFCD779CA38513D65EECC1A888832B,text,「——不要！！」\p
4223,game_t04235,０３０：１９９８年_52：和泉の錯乱.egpack,０３０：１９９８年_52：和泉の錯乱,和泉,FBB23568915F32070E4F65711EBC55A74D9732C67065864DD5B9D97D7855E9AD,text,「——我不能就这么逃走！我要……在这里替他报仇！！」\p
4224,game_t04236,０３０：１９９８年_52：和泉の錯乱.egpack,０３０：１９９８年_52：和泉の錯乱,唯依,9E65FBA809BC62E39BAAC1CF33312C963524C9EC75390F64F6857D51A7D83FF7,text,「——能登少尉！」\p
4225,game_t04237,０３０：１９９８年_52：和泉の錯乱.egpack,０３０：１９９８年_52：和泉の錯乱,和泉,F32FF15E811675271026AB704DB0FE62287ED8A78A9CF5C77477BD37426C5B60,text,「——少啰嗦，别碍事！你这个什么都不懂的大小姐！！」\p
4226,game_t04238,０３０：１９９８年_52：和泉の錯乱.egpack,０３０：１９９８年_52：和泉の錯乱,和泉,E5DD9678C5989B8D8E23550045AE34203AF3D067774483D044A8FA0D33A89408,text,「——忠道就是我的一切！！和忠道结婚——与田上家联姻！」\p
4227,game_t04239,０３０：１９９８年_52：和泉の錯乱.egpack,０３０：１９９８年_52：和泉の錯乱,和泉,F6C224CF9E3DE1A3FF71AE32473F799373BF822DFAA4216BE6AD870F1CE86A56,text,「那是我唯一能为能登家派上用场、唯一能被能登家需要的事！！」\p
4228,game_t04240,０３０：１９９８年_52：和泉の錯乱.egpack,０３０：１９９８年_52：和泉の錯乱,和泉,0458E9E0AC94A8F80FD07573B73E4DE14D64075E35E242F5DBE63CEE9F9A9CA5,text,「你不会懂的！」\p
4229,game_t04241,０３０：１９９８年_52：和泉の錯乱.egpack,０３０：１９９８年_52：和泉の錯乱,和泉,2E14CFFE880E7192AAE38F0ABCAEBC85A08728EB75736EAB68D6923E359E176C,text,「你出生在一个靠与摄家远亲联姻才得以挽救的家族，从小衣食无忧——你绝对不会懂！！」\p
4230,game_t04242,０３０：１９９８年_52：和泉の錯乱.egpack,０３０：１９９８年_52：和泉の錯乱,旁白,410FD842FF31CAB0008B4F2989AAD81D6D731818B2DBDA36E89523830DD16030,text,可是，即便如此我也……！！\p
4231,game_t04243,０３０：１９９８年_52：和泉の錯乱.egpack,０３０：１９９８年_52：和泉の錯乱,和泉,E6EEBAFFB620788A3229DE621DA0D92A765CA20EF0EF4E2C56D543CD474C374C,text,「所以你才总能说出那种幼稚话！什么同是训练生！！什么大家一起努力！！」\p
4232,game_t04244,０３０：１９９８年_52：和泉の錯乱.egpack,０３０：１９９８年_52：和泉の錯乱,旁白,1B40C70E5F87C159C3B5719C5BFE4220E4769174DF1B43C37036EEF24FD02501,text,和泉，你太过分了……\p
4233,game_t04245,０３０：１９９８年_52：和泉の錯乱.egpack,０３０：１９９８年_52：和泉の錯乱,旁白,8743AC51975133F16A1C0F3B5EDC3DCD4B0EB43AC7E9C02DCD6AF8278FF858F4,text,原来你心里一直是这么想的……？！\p
4234,game_t04246,０３０：１９９８年_52：和泉の錯乱.egpack,０３０：１９９８年_52：和泉の錯乱,和泉,B9A220F04B83B0BBDE3A1A2A3F6681FC8D925ECB647B5B0D730B7C8521378134,text,「你家改换家格后和摄家有了关系，或许你早就知道自己能往上爬。可我们无论做什么，一辈子都只是外样啊！？」\p
4235,game_t04247,０３０：１９９８年_52：和泉の錯乱.egpack,０３０：１９９８年_52：和泉の錯乱,旁白,09F18C294095821CCE15C5A4CCC9AB4F94CE0EB99575AECAD67FD70A2B4D0266,text,……这不是我的错吧。我也在接受这套制度后活着，她就不能明白吗？\p
4236,game_t04248,０３０：１９９８年_52：和泉の錯乱.egpack,０３０：１９９８年_52：和泉の錯乱,和泉,12D976AFC354FBB042B08A7CD5F5B13CB4E24027E8C2C069A1CC6C8A48FA48B5,text,「——明知道永远升不上去，凭什么还要和你一样努力！？我们只能活在那种——在你眼里或许很可悲的范围内，想办法享受幸福啊！！」\p
4237,game_t04249,０３０：１９９８年_52：和泉の錯乱.egpack,０３０：１９９８年_52：和泉の錯乱,旁白,3D3AD2675E3E6D1B72C554ECBEDBA863C6A2A8B27B87C9348BB75CA554654438,text,因为整体目标与个人问题的解决恰好一致啊，和泉。不能把它偷换成活法的问题。\p
4238,game_t04250,０３０：１９９８年_52：和泉の錯乱.egpack,０３０：１９９８年_52：和泉の錯乱,和泉,31AF2F052251AE04A5EFFF7589DCCDBED844E8F81B1847DCDC2376DCC85B8CC5,text,「——别让我做多余的梦！这么做，你……你负得起责任吗！？」\p
4239,game_t04251,０３０：１９９８年_52：和泉の錯乱.egpack,０３０：１９９８年_52：和泉の錯乱,旁白,FB2E4643C112D9F85354ABC77D2320F0A0CCD7540A86829D0B0CFF3427949AD0,text,……确实，我负不起责任。\p
4240,game_t04252,０３０：１９９８年_52：和泉の錯乱.egpack,０３０：１９９８年_52：和泉の錯乱,旁白,83B9FD99002DF5D17A40DFB5E9C729DF153270011DE7E5F404B9C44101009CF5,text,可是，既然无法选择出身，一旦停下前进，什么都不会改变。\p
4241,game_t04253,０３０：１９９８年_52：和泉の錯乱.egpack,０３０：１９９８年_52：和泉の錯乱,旁白,38E8E316924FFECEE69A66397E6755248D6741D82A14C00E2241B75EBAF0CC65,text,我想，选择是否前进的责任应该由和泉自己承担。\p
4242,game_t04254,０３０：１９９８年_52：和泉の錯乱.egpack,０３０：１９９８年_52：和泉の錯乱,和泉,B952747F24F84320DAA877827A11605D36479C03936D00D21579AF1360ABE208,text,「什么都不懂——就别多管闲事了，大——！？」\p
4243,game_t04255,０３０：１９９８年_52：和泉の錯乱.egpack,０３０：１９９８年_52：和泉の錯乱,山城,AB9EB4972A3697533EF61B85CB6E8E82272CDD25CD49971F80DA5B77464C27B1,text,「——我不懂。是啊，完全不懂。」\p
4244,game_t04256,０３０：１９９８年_52：和泉の錯乱.egpack,０３０：１９９８年_52：和泉の錯乱,唯依,D39EB00C8597903AB52F34FD4F6D341D24E3A41A0C698031225F91E70413CF3E,text,「山城……同学……？！」\p
4245,game_t04257,０３０：１９９８年_52：和泉の錯乱.egpack,０３０：１９９８年_52：和泉の錯乱,山城,FC44965B074C3BB8EBCA0D8834F8FFE5AC34B6FA90F6FA94A6DF289EC5DA57C2,text,「没有未婚夫的我，当然不可能明白失去未婚夫的悲伤。」\p
4246,game_t04258,０３０：１９９８年_52：和泉の錯乱.egpack,０３０：１９９８年_52：和泉の錯乱,和泉,328A34B610A17CC941DDE210C00CEC0D7C0CAEDF832600BF2F74D190AF8B8065,text,「……既然如此……就别多管闲事……」\p
4247,game_t04259,０３０：１９９８年_52：和泉の錯乱.egpack,０３０：１９９８年_52：和泉の錯乱,山城,D68552C4EDE14A632FBA52AC63D2126F869EC5B350A0E339BB841D59525C74B8,text,「——即便如此，我明白失去战友的悲伤。……你呢，能登少尉？」\p
4248,game_t04260,０３０：１９９８年_52：和泉の錯乱.egpack,０３０：１９９８年_52：和泉の錯乱,和泉,5B635D6C92A7A95CFF971250C0BED7F3DDA7E5AC86E618CA0CF8D0946A94D002,text,「……唔……那还用说……当然明白！」\p
4249,game_t04261,０３０：１９９８年_52：和泉の錯乱.egpack,０３０：１９９８年_52：和泉の錯乱,山城,B03E7B2FB198FB8D039A9CEEDEED02B883F39D0B035D4563D9FAA352023EF258,text,「是吗。」\p
4250,game_t04262,０３０：１９９８年_52：和泉の錯乱.egpack,０３０：１９９８年_52：和泉の錯乱,山城,1F4E379AD79DBF4C73CDF0283524A88A98149162BE3273718D6C2E67574BC476,text,「那么，战友不愿失去你的心情——你也能明白吧？」\p
4251,game_t04263,０３０：１９９８年_52：和泉の錯乱.egpack,０３０：１９９８年_52：和泉の錯乱,和泉,484FE59AA42AF12D0EE7E11DB39B168CA2F2498C3A4AC7931B8A814EA375A95C,text,「……我都说了……我明白……！！」\p
4252,game_t04264,０３０：１９９８年_52：和泉の錯乱.egpack,０３０：１９９８年_52：和泉の錯乱,山城,DA566B9ADD63170E83953B313E02926AB0DFCD9D8C513C236610037446AB9477,text,「那么，你留在这里祭奠未婚夫的每一刻，都在把尚且活着的战友推向死亡——这一点，你知道吗？」\p
4253,game_t04265,０３０：１９９８年_52：和泉の錯乱.egpack,０３０：１９９８年_52：和泉の錯乱,和泉,073840BCB89E7BF4CC02ADF556D1F3F31D133F21318C13B489F3A4E807311631,text,「…\w…\w…\w…\w！！」\p
4254,game_t04266,０３０：１９９８年_52：和泉の錯乱.egpack,０３０：１９９８年_52：和泉の錯乱,唯依,5BA0FA6D7B753827DC018D200D69767EE18D1F49A8A7ABB89EA02691A1DD1A4B,text,「——山城同学，已经够了。和泉——我们后退，好吗？」\p
4255,game_t04267,０３０：１９９８年_52：和泉の錯乱.egpack,０３０：１９９８年_52：和泉の錯乱,和泉,FC1BB2D07B8CA4CB833A8FC775711F88FDC75DF9188537E5BF556C9021D9D39C,text,「…\w…\w…\w…\w」\p
4256,game_t04268,０３０：１９９８年_52：和泉の錯乱.egpack,０３０：１９９８年_52：和泉の錯乱,和泉,9A9C3C5138729DB69287DCEADD6A7707BF275CD8D6048F5B7BBC5D77BDAC50BC,text,「……明白。」\p
4257,game_t04269,０３０：１９９８年_52：和泉の錯乱.egpack,０３０：１９９８年_52：和泉の錯乱,唯依,A26674045694C5825E78B93EB823B8C9F1EA3B5165D7C85C16E96E30D059D622,text,「都是我太没用……对不起。」\p
4258,game_t04270,０３０：１９９８年_52：和泉の錯乱.egpack,０３０：１９９８年_52：和泉の錯乱,山城,415FD41608DF747C06EE3DF1DBFC6C21EE3F7919B79BEF81F89C2DD736A43D46,text,「你们的关系真让人作呕……一味依赖，一味纵容。简直不堪入目。」\p
4259,game_t04271,０３０：１９９８年_52：和泉の錯乱.egpack,０３０：１９９８年_52：和泉の錯乱,旁白,954D8D2A1ECB2F5DFF64A1447BA37BFAFD88814C9E7424019A690AA4A459DAC3,text,她看我的目光，和那时一模一样……\p
4260,game_t04272,０３０：１９９８年_52：和泉の錯乱.egpack,０３０：１９９８年_52：和泉の錯乱,唯依,FC1BB2D07B8CA4CB833A8FC775711F88FDC75DF9188537E5BF556C9021D9D39C,text,「…\w…\w…\w…\w」\p
4261,game_t04273,０３０：１９９８年_52：和泉の錯乱.egpack,０３０：１９９８年_52：和泉の錯乱,旁白,BDE5E6D677B01681EB84A16D99CE4B6A450D7A870380F59F6595056995A751AB,text,——原来是这样。\p
4262,game_t04274,０３０：１９９８年_52：和泉の錯乱.egpack,０３０：１９９８年_52：和泉の錯乱,旁白,0D6C330F73B761676A1864C59F27A1985B6E49EF8873C5DC19B22DDE86A664CC,text,山城是因战前处置引发了“恶醉”，才说出那种话……\p
4263,game_t04275,０３０：１９９８年_53：如月の自決.egpack,０３０：１９９８年_53：如月の自決,如月中尉,890545BB5B0D62CC15A19C37C11B68E66951EF3EC3BE6EA62B22D32930FE0B08,text,「……那个恐怕已经派不上用场了。」\p
4264,game_t04276,０３０：１９９８年_53：如月の自決.egpack,０３０：１９９８年_53：如月の自決,如月中尉,9D2916B6710EA2DC641B8D2850C9E70217649A955452239823E887BC9E98E75C,text,「不，或许我应该庆幸，那些训练尚未完成的学生卫士竟能撑到现在。」\p
4265,game_t04277,０３０：１９９８年_53：如月の自決.egpack,０３０：１９９８年_53：如月の自決,如月中尉,6A53777ABFD469FC611784796515C87329BD412A4BA535B5847C9E55AACF0EBC,text,「使这一切成为可能的战术药剂……效果实在惊人。试验性导入大体算是成功了吧。」\p
4266,game_t04278,０３０：１９９８年_53：如月の自決.egpack,０３０：１９９８年_53：如月の自決,如月中尉,CA1D223197FB49C1424AA8BBA5397E4DB3F2B75D82B726A52B42FC0263B630ED,text,「但效果与弊害的个体差异实在太大。正常适应的竟然只有寥寥数人——」\p
4267,game_t04279,０３０：１９９８年_53：如月の自決.egpack,０３０：１９９８年_53：如月の自決,如月中尉,49827147A4261750D5C1E29E2B5861017823775EDEE6F342A2F4340988245C71,text,「状态稳定——药理适应AAA，心、技、体及综合能力全部为优——」\p
4268,game_t04280,０３０：１９９８年_53：如月の自決.egpack,０３０：１９９８年_53：如月の自決,如月中尉,996D5F42ACB19F56AFFC1A366741A69C495593337D19DA5940B8A4A9DF24B0C0,text,「山城上总——只要按部就班积累经验，必将成为名留后世的斯卫卫士……」\p
4269,game_t04281,０３０：１９９８年_53：如月の自決.egpack,０３０：１９９８年_53：如月の自決,如月中尉,6FA7641BE8DE6DA248408DF3BFC53CF2447B0AB41E37C85F14FDA9E3A6D667C8,text,「……可恐怕没人能活着离开帝都。」\p
4270,game_t04282,０３０：１９９８年_53：如月の自決.egpack,０３０：１９９８年_53：如月の自決,如月中尉,135A15C94BF00225E8B36773B8521B7052986B5BCC175ECEAC4666B54B8C6E41,text,「京都外围炮台阵地群陷落也只是时间问题。关键在于散布山间的反战车级地雷和警卫部队的弹药还能撑多久。」\p
4271,game_t04283,０３０：１９９８年_53：如月の自決.egpack,０３０：１９９８年_53：如月の自決,如月中尉,8823B5B1A36C6C4BFD8D7770258FB592D0AAB8B61333DB1E61936209739132C9,text,「视情况而定，是否应该放弃岚山，优先直接支援释迦岳炮击阵地？」\p
4272,game_t04284,０３０：１９９８年_53：如月の自決.egpack,０３０：１９９８年_53：如月の自決,如月中尉,FBFA36B9096215EB1E8CC548195643BB1CBFC03CEE376269E7EE7E4DC4B72258,text,「国土防卫整备计划以前的老式隧道吗——战术机无法通过。」\p
4273,game_t04285,０３０：１９９８年_53：如月の自決.egpack,０３０：１９９８年_53：如月の自決,如月中尉,B18C7A8F5CCDF0C4F7011CD42BC24F0C983001CA995CE450B1C6CCEA8E319118,text,「——獠牙1呼叫中队各机。准许以贴地飞行越过老之坂隧道区段的山脊！」\p
4274,game_t04286,０３０：１９９８年_53：如月の自決.egpack,０３０：１９９８年_53：如月の自決,如月中尉,950A2D956685FF24090F184EED510B9F22C577D3390DDE10DACFAA96E9F496B2,text,「——高度限制在25以下！82式就算撞上树也不会坏！忍耐几秒！」\p
4275,game_t04287,０３０：１９９８年_53：如月の自決.egpack,０３０：１９９８年_53：如月の自決,如月中尉,36054C621AEF75F3D823C59342E48322ADEBD8E947D8CAB80AB251022ADB2964,text,「支援炮击对激光照射的诱导正在充分发挥作用——但要是吓得提高高度，就会被烤成焦炭——明白了吗！？」\p
4276,game_t04288,０３０：１９９８年_53：如月の自決.egpack,０３０：１９９８年_53：如月の自決,ファング中隊,B593AB57C9E05365F4859A1FA802E62EFC555C16EE7CAB13B9B2CE7137A722CC,text,「——明白。」\p
4277,game_t04289,０３０：１９９８年_53：如月の自決.egpack,０３０：１９９８年_53：如月の自決,如月中尉,AF3AF53E48445847C630BCA24A8A601BDEDFFF656440E40A6244B1D716CD3730,text,「第二小队还在后方2200吗？」\p
4278,game_t04290,０３０：１９９８年_53：如月の自決.egpack,０３０：１９９８年_53：如月の自決,如月中尉,648897F86F77B9ADAE2B795708C3087C609624618281F439D02084C7B3407B33,text,「——第一小队，跟上！」\p
4279,game_t04291,０３０：１９９８年_53：如月の自決.egpack,０３０：１９９８年_53：如月の自決,ファング４,7DE4753465BD82F5AA52FD793819D94877D32D6BEBDE9EF331841C5CA662C549,text,「——明白！」
4280,game_t04292,０３０：１９９８年_53：如月の自決.egpack,０３０：１９９８年_53：如月の自決,ファング９,4C0D625ACE3048A00F64AB0F8D52D6BACD5CFE1497720649D4CA68230CDF3150,text,「——明白！」\p
4281,game_t04293,０３０：１９９８年_53：如月の自決.egpack,０３０：１９９８年_53：如月の自決,如月中尉,E896F4FE571E2BF3B77B230AA2B8D0B4E0878D29AD1F5D9E3BAEC886AD243D65,text,「獠牙9——想死吗，蠢货！限制高度不是按脚尖算——是按头顶算！！」\p
4282,game_t04294,０３０：１９９８年_53：如月の自決.egpack,０３０：１９９８年_53：如月の自決,ファング９,83480A5563D022E67C82DF340E825E8E5A557E7BC1A3719D9D09466D075790EB,text,「——明、明白……！！」\p
4283,game_t04295,０３０：１９９８年_53：如月の自決.egpack,０３０：１９９８年_53：如月の自決,如月中尉,4AC4BDF247B5697F13573A05091B8911EC3C2FCB0958A5C32A08B7ED20FF44F2,text,「——来了！火箭发动机点火！！」\p
4284,game_t04296,０３０：１９９８年_53：如月の自決.egpack,０３０：１９９８年_53：如月の自決,如月中尉,A284254019F080B2968329CFA5CB92F6C48AA66DCC681F9F0744E7A2198FBC38,text,「——呜哦哦哦哦！！！」\p
4285,game_t04297,０３０：１９９８年_53：如月の自決.egpack,０３０：１９９８年_53：如月の自決,ファング９,A08626AE294065BF99A990495DCB93DDBEA428F7133C7FEECB52F533C452ED19,text,「——不要啊啊啊——救、救救我，中尉！！！」\p
4286,game_t04298,０３０：１９９８年_53：如月の自決.egpack,０３０：１９９８年_53：如月の自決,如月中尉,696B147813C535974101B2F40A7A93F460635F02B4DFE820ACB25DA81EB961F0,text,「——獠牙9！？」\p
4287,game_t04299,０３０：１９９８年_53：如月の自決.egpack,０３０：１９９８年_53：如月の自決,ファング９,42017845B25EDBD32D87B650DA18691E713491947BA2BBB56EA9AEE0608F9D82,text,「——中尉——咕哇噗呜哇啊……！！！」\p
4288,game_t04300,０３０：１９９８年_53：如月の自決.egpack,０３０：１９９８年_53：如月の自決,如月中尉,6F50BB8B7862290604C2FF8637DEB287EB2AA87C2EDB879626FD35D24DFC29D6,text,「——可恶，獠牙4！？」\p
4289,game_t04301,０３０：１９９８年_53：如月の自決.egpack,０３０：１９９８年_53：如月の自決,ファング４,7EDEFA8D0929ED0FAD67348FD402ACBECD252D424E6EEC7B14FA3B23FAEBB441,text,「——损伤轻微——只有涂层剥落！」\p
4290,game_t04302,０３０：１９９８年_53：如月の自決.egpack,０３０：１９９８年_53：如月の自決,如月中尉,873B4C12BA70C9D4BEC7DF0A1A57DFF0D626B81E0FC5FDE3E972D76BA463D1CF,text,「——很好！獠牙2，你们把高度保持到最后一刻——什么！？」\p
4291,game_t04303,０３０：１９９８年_53：如月の自決.egpack,０３０：１９９８年_53：如月の自決,如月中尉,ED9580AF5EB9B66618900E9B6F895B220AAE8EA0401F3AA07565A59A05CFD5FC,text,「——呜啊啊啊啊！！！」\p
4292,game_t04304,０３０：１９９８年_53：如月の自決.egpack,０３０：１９９８年_53：如月の自決,如月中尉,581609983E8A6624D8785948788967758CCE89AEC9A3F53AD44253D368C979F4,text,「——呜……可、可恶……！究、究竟……发生了什么……！？」\p
4293,game_t04305,０３０：１９９８年_53：如月の自決.egpack,０３０：１９９８年_53：如月の自決,如月中尉,C8C2E420625CE68F8546424115DD25DD8431E40473608FB83B768C328B894BA0,text,「该死……」\p
4294,game_t04306,０３０：１９９８年_53：如月の自決.egpack,０３０：１９９８年_53：如月の自決,如月中尉,62FFAD88E14BD6873E301D5CE931518F02C83F315B32483AA3C1CB04C2B8620E,text,「怎么回事……！？我明明没有受到激光照射——」\p
4295,game_t04307,０３０：１９９８年_53：如月の自決.egpack,０３０：１９９８年_53：如月の自決,如月中尉,556743260F8944FC2CE10326F8DED69DCEC4B4F5983E845FDD6B08A5EAA0F4D3,text,「——什么……！？」\p
4296,game_t04308,０３０：１９９８年_53：如月の自決.egpack,０３０：１９９８年_53：如月の自決,ファング４,1EC0107620ECCDA39417B2918521ED7262152B0CA4D41AEE6FA520D3CA5789A7,text,「——不要……不要……地面……地面啊……！！」\p
4297,game_t04309,０３０：１９９８年_53：如月の自決.egpack,０３０：１９９８年_53：如月の自決,如月中尉,D84ACB792179738F5D8980065A40DEB1D0D43BB1E25A7F304265FB7E1E973311,text,「…\w…\w！？」\p
4298,game_t04310,０３０：１９９８年_53：如月の自決.egpack,０３０：１９９８年_53：如月の自決,ファング４,A948929A34D9713C852C55680E70F4BADC4FCDDDEBCFF31C9B7A5ADB90EC32CD,text,「——好红——到处都是红的，呜哇咕呜呃……！！！」\p
4299,game_t04311,０３０：１９９８年_53：如月の自決.egpack,０３０：１９９８年_53：如月の自決,如月中尉,BD233C60A92A010EBA9303303DD05C2BFE3512347A0F625DB6842BB17E09B840,text,「……！！」\p
4300,game_t04312,０３０：１９９８年_53：如月の自決.egpack,０３０：１９９８年_53：如月の自決,如月中尉,CDF03134921AC208C8F45F6787C017334839BE7B2657832045B9F925DB40F0FA,text,「真是……愚蠢……吓得提高高度了吗……」\p
4301,game_t04313,０３０：１９９８年_53：如月の自決.egpack,０３０：１９９８年_53：如月の自決,如月中尉,42A125B5EBCB8E0F0C56B5D0BE6FD960FA8BB3B75B88B48E8E36F390BC4AF58F,text,「……事已至此，说什么都没用了。被战车级连人带机啃食的恐怖，课堂上早就反复灌输给你们了。」\p
4302,game_t04314,０３０：１９９８年_53：如月の自決.egpack,０３０：１９９８年_53：如月の自決,如月中尉,074DBC6BEAA5D9FAE14F0BCF04A39E9B976AD9B4F9E2F3E6332A968B9A26C499,text,「哼，已经进退无路了吗……」\p
4303,game_t04315,０３０：１９９８年_53：如月の自決.egpack,０３０：１９９８年_53：如月の自決,如月中尉,AD0C07F8478BF92CA923BC041506B51200531FA3DC5FE4EC5FFAB47B6A581F4C,text,「那么至少……让我替部下们扫清前路——！！」\p
4304,game_t04316,０３０：１９９８年_53：如月の自決.egpack,０３０：１９９８年_53：如月の自決,如月中尉,5930C19DA64244D838830E2439DDBBFAB2E504F3BFF273BCED353A4376013E10,text,「——！？」\p
4305,game_t04317,０３０：１９９８年_53：如月の自決.egpack,０３０：１９９８年_53：如月の自決,如月中尉,350E9F9CCAE69956BA89AACA28FB9D98A7B99B5017FD5F3B4220435E6A407493,text,「——！！——！！——！！——！！」\p
4306,game_t04318,０３０：１９９８年_53：如月の自決.egpack,０３０：１９９８年_53：如月の自決,如月中尉,1973279FA0A4D2FC790D9EF336F591386215E8BAC8AE4D9870DB8335B3C66EE6,text,「——！！——！！——可恶啊啊啊！！！」\p
4307,game_t04319,０３０：１９９８年_53：如月の自決.egpack,０３０：１９９８年_53：如月の自決,如月中尉,978D363F5FAED555C25E77B4C7AE1E6991A52FBEC186745CB2064CA487CF4907,text,「——哈……哈……哈……！！」\p
4308,game_t04320,０３０：１９９８年_53：如月の自決.egpack,０３０：１９９８年_53：如月の自決,如月中尉,3988958BBD82BCCCEC2E6361275545A76F40362B72D6E5D8076EA9C877357275,text,「原来如此……」\p
4309,game_t04321,０３０：１９９８年_53：如月の自決.egpack,０３０：１９９８年_53：如月の自決,如月中尉,EB3EAA211FA17DF58997889E31BA9464DCE4E919F8589314028FC1A9118BE996,text,「獠牙4或许只是一心不想看见接下来会发生的事……」\p
4310,game_t04322,０３０：１９９８年_53：如月の自決.egpack,０３０：１９９８年_53：如月の自決,如月中尉,5E2A4206174935319F88AD965482BF691C637772AF0B60A757CF11364A2FFC7E,text,「皇帝陛下、政威大将军殿下……请原谅我未能完成任务便死去的不忠。」\p
4311,game_t04323,０３０：１９９８年_53：如月の自決.egpack,０３０：１９９８年_53：如月の自決,如月中尉,A5489FF9B4042853F92FB374E0BB06FB8155511F0006662431AE57A91EF2F713,text,「山城、篁、能登……之后就拜托你们了。」\p
4312,game_t04324,０３０：１９９８年_54：琵琶湖艦隊　小沢の決断　同時刻.egpack,０３０：１９９８年_54：琵琶湖艦隊　小沢の決断　同時刻,小沢提督,7A819B341BA6F6E8A6BFB087F8D8C7C0145AFEDF997DAB9FCE14F63E67646FEF,text,「那边也已经尽力周旋了……」\p
4313,game_t04325,０３０：１９９８年_54：琵琶湖艦隊　小沢の決断　同時刻.egpack,０３０：１９９８年_54：琵琶湖艦隊　小沢の決断　同時刻,小沢提督,FEF44AE3AA3D0203C022C438EB4CE10631046B4EA91C14166424E774953AEE02,text,「可是……不能让他们那么做。」\p
4314,game_t04326,０３０：１９９８年_54：琵琶湖艦隊　小沢の決断　同時刻.egpack,０３０：１９９８年_54：琵琶湖艦隊　小沢の決断　同時刻,安倍大佐,FC1BB2D07B8CA4CB833A8FC775711F88FDC75DF9188537E5BF556C9021D9D39C,text,「…\w…\w…\w…\w」\p
4315,game_t04327,０３０：１９９８年_54：琵琶湖艦隊　小沢の決断　同時刻.egpack,０３０：１９９８年_54：琵琶湖艦隊　小沢の決断　同時刻,小沢提督,94CAC9DADC342DC24BDFCA91AA073C1792763EF80D9C2D0C412F63D2563CF7EA,text,「——全舰，主炮准备发射！」\p
4316,game_t04328,０３０：１９９８年_54：琵琶湖艦隊　小沢の決断　同時刻.egpack,０３０：１９９８年_54：琵琶湖艦隊　小沢の決断　同時刻,安倍大佐,551514D5E6ED5F2884327D4033ECAEEE4999147F47F7A7F1B84FA579849F1B8E,text,「——司令！请您务必……！！」\p
4317,game_t04329,０３０：１９９８年_54：琵琶湖艦隊　小沢の決断　同時刻.egpack,０３０：１９９８年_54：琵琶湖艦隊　小沢の決断　同時刻,小沢提督,FC1BB2D07B8CA4CB833A8FC775711F88FDC75DF9188537E5BF556C9021D9D39C,text,「…\w…\w…\w…\w」\p
4318,game_t04330,０３０：１９９８年_54：琵琶湖艦隊　小沢の決断　同時刻.egpack,０３０：１９９８年_54：琵琶湖艦隊　小沢の決断　同時刻,安倍大佐,6E966E8D07C7185679A735CCA41259988B5670FCA4AFD4C68765B415A818192D,text,「无论如何，请再……向八云长官确认一次！」\p
4319,game_t04331,０３０：１９９８年_54：琵琶湖艦隊　小沢の決断　同時刻.egpack,０３０：１９９８年_54：琵琶湖艦隊　小沢の決断　同時刻,小沢提督,45C55E81C750E7CA439140F82CC8A087BD074A8138A16866D6FA7B660F8CEC80,text,「……我再说一次。主炮准备发射。」\p
4320,game_t04332,０３０：１９９８年_54：琵琶湖艦隊　小沢の決断　同時刻.egpack,０３０：１９９８年_54：琵琶湖艦隊　小沢の決断　同時刻,安倍大佐,CF9072090CC39E7216868278484DD8FCBADDA56E8F6D243F260BC77EBA08F00C,text,「——司令！！」\p
4321,game_t04333,０３０：１９９８年_54：琵琶湖艦隊　小沢の決断　同時刻.egpack,０３０：１９９８年_54：琵琶湖艦隊　小沢の決断　同時刻,小沢提督,D391334CF0BD51847F39AF6883218C293F4459CD9195BBA301431B72D0C21E04,text,「没听见吗，安倍参谋？我说的是，主炮准备发射。」\p
4322,game_t04334,０３０：１９９８年_54：琵琶湖艦隊　小沢の決断　同時刻.egpack,０３０：１９９８年_54：琵琶湖艦隊　小沢の決断　同時刻,安倍大佐,073840BCB89E7BF4CC02ADF556D1F3F31D133F21318C13B489F3A4E807311631,text,「…\w…\w…\w…\w！！」\p
4323,game_t04335,０３０：１９９８年_54：琵琶湖艦隊　小沢の決断　同時刻.egpack,０３０：１９９８年_54：琵琶湖艦隊　小沢の決断　同時刻,安倍大佐,C38DD3B24CB78A35B1B8263AA6AC953E65B522C83772FC7FEA73CEB3D655CBE1,text,「——开启保密通信线路，通告全舰！所有炮门准备发射——开始数据链瞄准！！」\p
4324,game_t04336,０３０：１９９８年_54：琵琶湖艦隊　小沢の決断　同時刻.egpack,０３０：１９９８年_54：琵琶湖艦隊　小沢の決断　同時刻,小沢提督,80E37AEABDD97CB6807D1E34589C9BDDCC4561A90F8AD1DAD1811164F28454FA,text,「安倍参谋……」\p
4325,game_t04337,０３０：１９９８年_54：琵琶湖艦隊　小沢の決断　同時刻.egpack,０３０：１９９８年_54：琵琶湖艦隊　小沢の決断　同時刻,安倍大佐,4484D9034778EEAAE5D6FB686DDA16F89F27949C61677456D174E7334AE5155F,text,「是……」\p
4326,game_t04338,０３０：１９９８年_54：琵琶湖艦隊　小沢の決断　同時刻.egpack,０３０：１９９８年_54：琵琶湖艦隊　小沢の決断　同時刻,小沢提督,809B18380234B3D68B7D555D53ED72B20CBAE75DD88B82B771C2D90AE287EF63,text,「向第七舰队司令久世提督发出警告……」\p
4327,game_t04339,０３０：１９９８年_54：琵琶湖艦隊　小沢の決断　同時刻.egpack,０３０：１９９８年_54：琵琶湖艦隊　小沢の決断　同時刻,安倍大佐,08A7E1E86E59B45B2861414607C79D9A5E349D75C10D630CA745473515F98499,text,「……内容该怎么说？」\p
4328,game_t04340,０３０：１９９８年_54：琵琶湖艦隊　小沢の決断　同時刻.egpack,０３０：１９９８年_54：琵琶湖艦隊　小沢の決断　同時刻,小沢提督,9DC08B6715315B2537E0DD6318015C5F7797B5AD6E2EBB87C62B091A4B0CC2AA,text,「我方已做好炮击准备——请立即召回贵舰舰载机。否则——」\p
4329,game_t04341,０３０：１９９８年_55：絶対の危機.egpack,０３０：１９９８年_55：絶対の危機,唯依,C2A3A455DD06AB5D389220622BFC52E762A737DE907EEDDE14F70F44410C4F08,text,「——獠牙1请回答！獠牙2呼叫獠牙1！」\p
4330,game_t04342,０３０：１９９８年_55：絶対の危機.egpack,０３０：１９９８年_55：絶対の危機,山城,C6E58D1E4F6CDE763AE0031D7E106FCF4C7F21019BF8FC0CC9D4534063A5B83B,text,「从现状来看，应该认为如月中尉的第一小队已经全机被击落。继续呼叫只是浪费时间。」\p
4331,game_t04343,０３０：１９９８年_55：絶対の危機.egpack,０３０：１９９８年_55：絶対の危機,和泉,94A9F09F5E34E0573E4347DBD9A4CBD26E5AD6A2EA39447DA3B91D01E51EADD9,text,「怎、怎么会……！难道要我们独自战斗吗！？」\p
4332,game_t04344,０３０：１９９８年_55：絶対の危機.egpack,０３０：１９９８年_55：絶対の危機,唯依,2E338FC82856B1D165D98098C9AD42CBB966B2DC6C66EA9C3C664A76B1F69695,text,「至少暂时如此……在返回岚山基地前，恐怕只能靠我们自己。」\p
4333,game_t04345,０３０：１９９８年_55：絶対の危機.egpack,０３０：１９９８年_55：絶対の危機,和泉,2D78FFF4BB4E658F5441EA4034C86A4A493363C27874AC383977AFC340AC47A2,text,「你说‘恐怕’……」\p
4334,game_t04346,０３０：１９９８年_55：絶対の危機.egpack,０３０：１９９８年_55：絶対の危機,山城,D42569AF246A146A7B748620F5ABB837716F44739E3AF772D7A67E99C860DD3D,text,「振作一点，能登。这个战区的斯卫军已经只剩我们。即使回到基地，警卫部队也是帝国军。别指望对方会正好把我们编入其指挥体系。」\p
4335,game_t04347,０３０：１９９８年_55：絶対の危機.egpack,０３０：１９９８年_55：絶対の危機,和泉,C2D74ECEC0FBA3A3AAEA05D76980BE9000659287FEC324FCE9AE1D0B770F3D55,text,「这种事……我知道……！」\p
4336,game_t04348,０３０：１９９８年_55：絶対の危機.egpack,０３０：１９９８年_55：絶対の危機,山城,20CB9EAE34B9EF08AAF876710DE953003F0AA6CDD49AEB214D4B6404DF9D67EA,text,「——篁同学，继续由你指挥。从家格序列来看也很合理。」\p
4337,game_t04349,０３０：１９９８年_55：絶対の危機.egpack,０３０：１９９８年_55：絶対の危機,旁白,59B7528B7AB096A2DD4420B79844D4364909C6F35B28FB5C6CEEA07E05E377EB,text,山城……！？\p
4338,game_t04350,０３０：１９９８年_55：絶対の危機.egpack,０３０：１９９８年_55：絶対の危機,山城,BB6F26E5CD4BDCD3C0C25C7F6E6FE35DE884D06E62F98CE006390CAD2D02F173,text,「你们的关系真让人作呕……一味依赖，一味纵容。简直不堪入目。」\p
4339,game_t04351,０３０：１９９８年_55：絶対の危機.egpack,０３０：１９９８年_55：絶対の危機,旁白,B9DFAE743B195CB50C588AFB26C5425DB8F555ACD237752664B5703225759CF6,text,她明明认为我缺乏指挥能力——果然还是因为家格。\p
4340,game_t04352,０３０：１９９８年_55：絶対の危機.egpack,０３０：１９９８年_55：絶対の危機,唯依,33A51003F1639490599B69F136950E5CEC42FF2758771245D1E0053C68B82447,text,「嗯……我知道了。」\p
4341,game_t04353,０３０：１９９８年_55：絶対の危機.egpack,０３０：１９９８年_55：絶対の危機,旁白,B8C4E7934E70AA76B5E417911314D47212B4742C398CB28F070B3B81F8692438,text,即便如此——这就是斯卫的规矩。我不能放弃谱代应尽的责任，更不能玷污篁家之名！\p
4342,game_t04354,０３０：１９９８年_55：絶対の危機.egpack,０３０：１９９８年_55：絶対の危機,唯依,943AAC645E90503AA4BE71845BE6390926F61EEF4B568A5883327C04E64F6C9B,text,「……总之，先执行如月中尉的命令。死守岚山是我们任务的原点。」\p
4343,game_t04355,０３０：１９９８年_55：絶対の危機.egpack,０３０：１９９８年_55：絶対の危機,山城,3B731F3886D1897E66E392F14E2BDBEBB49690597045BF2DF034EFFBF0FA4311,text,「明白。那么问题就是那道山口了。」\p
4344,game_t04356,０３０：１９９８年_55：絶対の危機.egpack,０３０：１９９８年_55：絶対の危機,和泉,F375B9876FA49ADBC429821F6C041BA7689B2759F928F44981AF2BEB76A26BBA,text,「在那么低的高度都遭到照射……是支援炮击减少了吗？难道……战车级正在接连攻陷炮击阵地……！？」\p
4345,game_t04357,０３０：１９９８年_55：絶対の危機.egpack,０３０：１９９８年_55：絶対の危機,唯依,93E643A7787C6682D27C8984BC0E945103BD6C0F579C89F121BC4C1E68E5E271,text,「现在想这些也无济于事。只能像如月中尉那样，压低高度，靠火箭发动机一口气冲过去。」\p
4346,game_t04358,０３０：１９９８年_55：絶対の危機.egpack,０３０：１９９８年_55：絶対の危機,山城,220E8136BC3EAD965906EDF9E826F977134D29C31F2D1EF1E8E75A2D9E4F0990,text,「也是。那么赶快——」\p
4347,game_t04359,０３０：１９９８年_55：絶対の危機.egpack,０３０：１９９８年_55：絶対の危機,和泉,6C01475641B316849615B9FBE3B1AE88BA20AFF6A04D3763E07ABF63ABF363E0,text,「……龟、龟冈战区西端……出现旅规模BETA群……！？」\p
4348,game_t04360,０３０：１９９８年_55：絶対の危機.egpack,０３０：１９９８年_55：絶対の危機,唯依,E8D749C7FF812083E4589687EB465C015EFC3B42548A7C907CA883D7D907B1D9,text,「突击级超过1800只、要击级超过2300只……包括光线级在内的小型种超过测量极限……！？」\p
4349,game_t04361,０３０：１９９８年_55：絶対の危機.egpack,０３０：１９９８年_55：絶対の危機,山城,694A9C99839750C8DCE20A3E76BAC42926542F5BCE5C670251C42C316DE665A9,text,「——这种热量……竟然有这么多光线属种……！？」\p
4350,game_t04362,０３０：１９９８年_55：絶対の危機.egpack,０３０：１９９８年_55：絶対の危機,唯依,1E4703D7E609D311CEB0108C4D9A79EF53EC355B58EC5417356A7D653E0F0640,text,「——快穿过山口！！否则——」\p
4351,game_t04363,０３０：１９９８年_55：絶対の危機.egpack,０３０：１９９８年_55：絶対の危機,和泉,5761825E3E07D33E9DC808258F08E9C763E48D369FFEBA665D4027183F52FC5D,text,「——等一下！那……是什么……？！」\p
4352,game_t04364,０３０：１９９８年_55：絶対の危機.egpack,０３０：１９９８年_55：絶対の危機,唯依,A357D17048FC55E557419F3CB0812A09EDD2171BA02F1E8767C5B0ECDC2CB546,text,「——那……那是……！？」\p
4353,game_t04365,０３０：１９９８年_55：絶対の危機.egpack,０３０：１９９８年_55：絶対の危機,山城,C09FDECEB869ABD9CCDCAD052BCB476428200EAEE0C90F2666FCEB9D2A2C08FD,text,「——战车级……！？难道那些……全都是战车级？！」\p
4354,game_t04366,０３０：１９９８年_55：絶対の危機.egpack,０３０：１９９８年_55：絶対の危機,唯依,1EC8D73FFCD3DEF1F650504E1239CBAB0EC462B4EE1683BD5F1534CE7A40C0A7,text,「难道本是天然要塞的山区，反而帮助战车级完成了渗透……」\p
4355,game_t04367,０３０：１９９８年_55：絶対の危機.egpack,０３０：１９９８年_55：絶対の危機,山城,5FBB0D43E8F9C8847F5AF2929C51D3FB47FC4CB70430E9F9E676179DB662891D,text,「——篁同学！快看！！」\p
4356,game_t04368,０３０：１９９８年_55：絶対の危機.egpack,０３０：１９９８年_55：絶対の危機,和泉,67433D809EC4FB6988C6DF877077D529D00BD27C185FEA56F64058F037864ECA,text,「……什么啊……这不是……彻底被包围了吗……！！」\p
4357,game_t04369,０３０：１９９８年_55：絶対の危機.egpack,０３０：１９９８年_55：絶対の危機,和泉,C54AE5C84DF7B65EC2152A9997599C7911281AD8EF92B4D3A4210DB1056810D7,text,「……我们会被吃掉吗……？」\p
4358,game_t04370,０３０：１９９８年_55：絶対の危機.egpack,０３０：１９９８年_55：絶対の危機,和泉,FF25D63ADC06B875E5CCF8286F0867785B09E8B56AC91EC4947B18C3DFFCE98C,text,「会被那些家伙……连人带机吃掉而死吗……」\p
4359,game_t04371,０３０：１９９８年_55：絶対の危機.egpack,０３０：１９９８年_55：絶対の危機,旁白,40F27B088152BF660A9E8AE39B26ED29CDEE611867A68517C4E01472B3A1E5E7,text,父亲亲手造就的篁家骄傲——瑞鹤……也会被BETA吃掉……！？\p
4360,game_t04372,０３０：１９９８年_55：絶対の危機.egpack,０３０：１９９８年_55：絶対の危機,旁白,34BFB485072352EB9AFA09F76F8ADABED15C5EBBBAA603F6BD894D0638339CD5,text,父亲所遭受的中伤、辱骂与嘲笑——还有我配得上成为下一任家主这件事——！！\p
4361,game_t04373,０３０：１９９８年_55：絶対の危機.egpack,０３０：１９９８年_55：絶対の危機,旁白,F1EDE7DDF87151A31CEF070A1849C06D0C758CAFC7CB5A67D7ABC470DC5F253D,text,背负着必须以行动证明这一切使命的我，还有父亲的瑞鹤，怎能被那群家伙咬碎、归于虚无……！！\p
4362,game_t04374,０３０：１９９８年_55：絶対の危機.egpack,０３０：１９９８年_55：絶対の危機,旁白,F1D487CE5B951C2377F11C798D71E7AB95AE803B1941BD56F50CB6389D35A220,text,绝不能允许这种事发生……\p
4363,game_t04375,０３０：１９９８年_55：絶対の危機.egpack,０３０：１９９８年_55：絶対の危機,旁白,01C161D5359501782C73D62982CBA9AD8D71272540DC6E85C656E86B957EC145,text,该怎么办——究竟要做什么，才能把这种荒谬的结局扳回来！？\p
4364,game_t04376,０３０：１９９８年_55：絶対の危機.egpack,０３０：１９９８年_55：絶対の危機,唯依,E560E51C23308E707898520D692F6E0C0841BD007C5F0E9A73C14B7D87A1F46C,text,「——我绝不放弃……！！」\p
4365,game_t04377,０３０：１９９８年_55：絶対の危機.egpack,０３０：１９９８年_55：絶対の危機,山城,D11F938B5BE299876FCF191C6D0270746CC902F848F0780CB398617533FE0CB0,text,「——说得对！一定还有办法——一定还有什么可做！！」\p
4366,game_t04378,０３０：１９９８年_55：絶対の危機.egpack,０３０：１９９８年_55：絶対の危機,旁白,DB657F545E5DFDE462ABBB5F8C75FDE155D2CB44994A8C7C0E2625493937ACF0,text,办法……一定还有办法——一定有……！！\p
4367,game_t04379,０３０：１９９８年_55：絶対の危機.egpack,０３０：１９９８年_55：絶対の危機,唯依,94C0BD1DC666BA07700967A0D1FFB796AF2AA2CDB556BDD2293C68C9B055FE67,text,「——！？这是……！？」\p
4368,game_t04380,０３０：１９９８年_55：絶対の危機.egpack,０３０：１９９８年_55：絶対の危機,唯依,5471405EE379ABC62626C24E40E9F687264C9C14F04965354673B4E82A70D316,text,「怎……怎么会——！？」\p
4369,game_t04381,０３０：１９９８年_55：絶対の危機.egpack,０３０：１９９８年_55：絶対の危機,和泉,D91A36C3AE0A7C2DCD59E61377AA62188152DE5C2F2F5D9AB17B5F880715C6EC,text,「——支……支援……炮击……！？」\p
4370,game_t04382,０３０：１９９８年_55：絶対の危機.egpack,０３０：１９９８年_55：絶対の危機,唯依,4D8CC5B893715EE7B465D2B209C0A3BA790CE05FF0F4E00963F6CDB64FAC8593,text,「…………！！」\p
4371,game_t04383,０３０：１９９８年_55：絶対の危機.egpack,０３０：１９９８年_55：絶対の危機,山城,8856E98E2833607A78D3F662C656F43C2AECAF809F605711F45B62A6210152AB,text,「——不……这是……来自琵琶湖的舰炮射击……！」\p
4372,game_t04384,０３０：１９９８年_56：琵琶湖艦隊　同時刻.egpack,０３０：１９９８年_56：琵琶湖艦隊　同時刻,オペレーター,E8D579BCDC5C91FE5659F378BBCF25F169AFE0809B268F58A467496A9FE095CD,text,「——京都市区出现重金属云！已达到重光线衰减浓度！！」\p
4373,game_t04385,０３０：１９９８年_56：琵琶湖艦隊　同時刻.egpack,０３０：１９９８年_56：琵琶湖艦隊　同時刻,オペレーター,9B46396A5529A0069E8430B3BD0C134012E514FF20E722A8F4288C02D099359D,text,「——第三战队，TSU-11号炮弹装填完毕！！」\p
4374,game_t04386,０３０：１９９８年_56：琵琶湖艦隊　同時刻.egpack,０３０：１９９８年_56：琵琶湖艦隊　同時刻,安倍大佐,A8B136BB1E7D8F86FE74341FD3686E86F4556EF46E24C606CC2AB650DE2802AB,text,「——目标：正在嵯峨野、上桂及向日展开的师规模BETA群！——开炮！！」\p
4375,game_t04387,０３０：１９９８年_56：琵琶湖艦隊　同時刻.egpack,０３０：１９９８年_56：琵琶湖艦隊　同時刻,小沢提督,FC1BB2D07B8CA4CB833A8FC775711F88FDC75DF9188537E5BF556C9021D9D39C,text,「…\w…\w…\w…\w」\p
4376,game_t04388,０３０：１９９８年_56：琵琶湖艦隊　同時刻.egpack,０３０：１９９８年_56：琵琶湖艦隊　同時刻,安倍大佐,5F5E2F56043C6DC5E0DF203ED1890F9F6B7024AA85CBB2A11D9CC8961C9153BC,text,「没想到竟要亲手炮击帝都……实在不甘……！」\p
4377,game_t04389,０３０：１９９８年_56：琵琶湖艦隊　同時刻.egpack,０３０：１９９８年_56：琵琶湖艦隊　同時刻,小沢提督,350A55E849F39FA1CDACEFA2E9F57F4389311EFA38FF0FD10C02258F9118B578,text,「炮击帝都的一切责任由我承担。诸位不过是服从命令。」\p
4378,game_t04390,０３０：１９９８年_56：琵琶湖艦隊　同時刻.egpack,０３０：１９９８年_56：琵琶湖艦隊　同時刻,安倍大佐,B306BC4FCC7DB2B16BDEBCF9A41701972B313333727BFEAC80D63E9D0FE5AF00,text,「司令……！」\p
4379,game_t04391,０３０：１９９８年_56：琵琶湖艦隊　同時刻.egpack,０３０：１９９８年_56：琵琶湖艦隊　同時刻,小沢提督,4A77CEB4A2907B33A016369409D2655E00131CBE404EC41165CEAAE00793F0B0,text,「安倍，你要看清楚……」\p
4380,game_t04392,０３０：１９９８年_56：琵琶湖艦隊　同時刻.egpack,０３０：１９９８年_56：琵琶湖艦隊　同時刻,小沢提督,296291B3225DF5165C0994D79DC797D4B9DCFC133CE85C9877D0421A6B105DBD,text,「……并且永远不要忘记这份屈辱。」\p
4381,game_t04393,０３０：１９９８年_56：琵琶湖艦隊　同時刻.egpack,０３０：１９９８年_56：琵琶湖艦隊　同時刻,安倍大佐,35F15C36E509862F28D4830B2254D1C19145A17DAB36B8F21CCCD8D4EC159563,text,「…\w…\w！」\p
4382,game_t04394,０３０：１９９８年_56：琵琶湖艦隊　同時刻.egpack,０３０：１９９８年_56：琵琶湖艦隊　同時刻,小沢提督,08089CC74AB0B9C5F13FE47CF4F93D9BE69219274FD88E907E34EF9AB03BB7C9,text,「绝不能忘记，究竟是什么一步步把我们逼到了这种局面！」\p
4383,game_t04395,０３０：１９９８年_56：琵琶湖艦隊　同時刻.egpack,０３０：１９９８年_56：琵琶湖艦隊　同時刻,安倍大佐,8B3704C47FC1C317F424530A4F0E55AD909D643F5DC22324E3D7E1E27F6B7F10,text,「是……！」\p
4384,game_t04396,０３０：１９９８年_59：トンネル通過前.egpack,０３０：１９９８年_59：トンネル通過前,山城,C0DE112143B6E4DFF95491CB21FBBCFDF1A36779BF4A9A375E462BF686C886B7,text,「——约140秒后，漏网的光线级会开始增多！」\p
4385,game_t04397,０３０：１９９８年_59：トンネル通過前.egpack,０３０：１９９８年_59：トンネル通過前,山城,C8331219C99A10BAD89C5560BE09E4D0C5CA32415367E3ED3F17CA62EEAE24DD,text,「到那时，机载雷达的弹着预测就再也——！！」\p
4386,game_t04398,０３０：１９９８年_59：トンネル通過前.egpack,０３０：１９９８年_59：トンネル通過前,旁白,E212B903883E6505787CC14E9A66B47141E2C5961AF0537236E7D6ED598D49D5,text,——怎么办！到底该怎么办！！\p
4387,game_t04399,０３０：１９９８年_59：トンネル通過前.egpack,０３０：１９９８年_59：トンネル通過前,旁白,72E6968E9D41EE2DACDB299701E7F9A42EDED19AF03529BF3CBB44F3CBBDC8BF,text,升高就会被光线级击中——贴地飞行又会遭到战车级袭击！可是——！！\p
4388,game_t04400,０３０：１９９８年_59：トンネル通過前.egpack,０３０：１９９８年_59：トンネル通過前,旁白,114F391A17A5CC7978D03DF22E2C49758FCAAB76CBAC00B8DEF332C60BDAC628,text,——留在这里，一定会死于区域压制！！\p
4389,game_t04401,０３０：１９９８年_59：トンネル通過前.egpack,０３０：１９９８年_59：トンネル通過前,和泉,06CFDD5445A9D2EFE825E6D1D752BBE29C1393948DA2FA7AD268E11761F04AA5,text,「——这样下去……我就没法报仇了！！」\p
4390,game_t04402,０３０：１９９８年_59：トンネル通過前.egpack,０３０：１９９８年_59：トンネル通過前,和泉,C120CD1FC8CE2A5C3A2EBFFFBC1D221B5DB9B67D200886C314C9458652716B17,text,「——怎么办，唯依！！」\p
4391,game_t04403,０３０：１９９８年_59：トンネル通過前.egpack,０３０：１９９８年_59：トンネル通過前,山城,38C2BF60ECF48ACE1320466B250C04D1776EFA2250FE7350FBB4A504B6B2DAB7,text,「——只能配合激光照射的时机飞越山脊！！」\p
4392,game_t04404,０３０：１９９８年_59：トンネル通過前.egpack,０３０：１９９８年_59：トンネル通過前,和泉,0DCB84DDF8F8E2C97FD8F2D63D0685E855A6547B1A19BE2C9B3AFAB79B0EAD63,text,「——唯、唯依！快点！」\p
4393,game_t04405,０３０：１９９８年_59：トンネル通過前.egpack,０３０：１９９８年_59：トンネル通過前,旁白,42093D5AECAE261FFEA0932DDC4D733D313EEF89034A682C49C5457875EF482E,text,——隧道！？如果从这里通过，BETA和面压制就都——！！\p
4394,game_t04406,０３０：１９９８年_59：トンネル通過前.egpack,０３０：１９９８年_59：トンネル通過前,唯依,A96325B64A953F9706D023A6EE2F1ADA883FC8ECBB8B8F05AA3C02036645ECAA,text,「唔……不行……！」\p
4395,game_t04407,０３０：１９９８年_59：トンネル通過前.egpack,０３０：１９９８年_59：トンネル通過前,和泉,E75A639C0ABC06549FBEC9F0B616A0D834AB43B2CC3E5C6DF941F0F364A32367,text,「怎么了，唯依！为什么不说话——」\p
4396,game_t04408,０３０：１９９８年_59：トンネル通過前.egpack,０３０：１９９８年_59：トンネル通過前,山城,E820E406164B3190996354DD6956EE832700EBFD8F073A508C23E56C018682F9,text,「——能登，你来计算激光照射间隔的中央演算值！」\p
4397,game_t04409,０３０：１９９８年_59：トンネル通過前.egpack,０３０：１９９８年_59：トンネル通過前,和泉,E72EE9B1D5518EEB727396B44C95FCBDA9DC27918C853EED8763C4DAB947D19E,text,「咦！？」\p
4398,game_t04410,０３０：１９９８年_59：トンネル通過前.egpack,０３０：１９９８年_59：トンネル通過前,山城,9AB5418A552543ED32580016EEFFEA801A9683C25987B05BA5BA66B4BB7A309A,text,「想报仇就快点！」\p
4399,game_t04411,０３０：１９９８年_59：トンネル通過前.egpack,０３０：１９９８年_59：トンネル通過前,和泉,D0582B124179E54D07557B168847E5621C3536D14FFD3F1E2295FA6DAF67547D,text,「知、知道了……」\p
4400,game_t04412,０３０：１９９８年_59：トンネル通過前.egpack,０３０：１９９８年_59：トンネル通過前,旁白,143AA57F3FE09F23F50B80EED2A65D8B56E69BB4F4DFD991DD498D16BD3CEB23,text,瑞鹤作战状态下总高19.5米——依靠主腿移动至少需要直径25米，采用喷射地表滑行也需要17米——\p
4401,game_t04413,０３０：１９９８年_59：トンネル通過前.egpack,０３０：１９９８年_59：トンネル通過前,旁白,EA393A9492AD05B899EA0D8C76147BC8DC36C1E15AB272839EBAA59A08D9E42D,text,即使以自走维修担架陆运，宽度不足14米也无法通过……\p
4402,game_t04414,０３０：１９９８年_59：トンネル通過前.egpack,０３０：１９９８年_59：トンネル通過前,旁白,5977DD503015C11C109E721C28B4CE74257E6B39F54CE05FC2E412754945B192,text,原来如此——所以中尉才用贴地飞行翻越山口……！\p
4403,game_t04415,０３０：１９９８年_59：トンネル通過前.egpack,０３０：１９９８年_59：トンネル通過前,旁白,9CEC1F82CC2FE9215CD153EA3F0A36ED10242D6621A3DEC784460446DED0DCCF,text,一定有地方——\p
4404,game_t04416,０３０：１９９８年_59：トンネル通過前.egpack,０３０：１９９８年_59：トンネル通過前,旁白,1924A7266E3DB7C2797399EEAD2731A76F265291035FAE8EEAA7A33DD25A6EA6,text,一定还有什么——被我遗漏了——\p
4405,game_t04417,０３０：１９９８年_59：トンネル通過前.egpack,０３０：１９９８年_59：トンネル通過前,唯依,EF4BE4CB7A9145F0BF9096636797844947CA4850AB1D3D9B002E5885016D2501,text,「——啊！」\p
4406,game_t04418,０３０：１９９８年_59：トンネル通過前.egpack,０３０：１９９８年_59：トンネル通過前,旁白,E5D6EC7CF596F2221269E88F1151747127DCA5BDCC242163343048E593E8E14C,text,还有一条更大的隧道！如果能从这里通过，就不必飞越山脊——\p
4407,game_t04419,０３０：１９９８年_59：トンネル通過前.egpack,０３０：１９９８年_59：トンネル通過前,唯依,85D04814D27ABC0DF5653AAC819354C22A25A8738C619EF4C08853DB62E21B9C,text,「……最大直径……14……米……！？」\p
4408,game_t04420,０３０：１９９８年_59：トンネル通過前.egpack,０３０：１９９８年_59：トンネル通過前,真田教官,0C582AD986A7A9C4F183AE89D1AEBD15B07657C2E2781C21E62E921BC0843935,text,「依据国土防卫整备计划，全国高速公路山区隧道均被定位为战略要地，并进行了大规模改造——」\p
4409,game_t04421,０３０：１９９８年_59：トンネル通過前.egpack,０３０：１９９８年_59：トンネル通過前,真田教官,8B98A394B5BB2A3B2660652A6E4C14E32F016DE462FC1CCC84D61C50ED51DA4D,text,「其统一最大直径为14米，以阻止大型种通过，同时兼顾确保后勤路线——」\p
4410,game_t04422,０３０：１９９８年_59：トンネル通過前.egpack,０３０：１９９８年_59：トンネル通過前,真田教官,642F5FA11FE407DB7B7AAEB000294CDDB332F1587AB8B9FDEA745BBD88C16403,text,「这一标准以自走维修担架搭载战术机时的最大宽度与总高为依据。14米这一数值，为其通过预留了充分空间——」\p
4411,game_t04423,０３０：１９９８年_59：トンネル通過前.egpack,０３０：１９９８年_59：トンネル通過前,旁白,3D8AC11E890718025E0036A20217EA63CF48EEBCCFE841D852000BC6DE305C49,text,——不行……这个直径太窄了！\p
4412,game_t04424,０３０：１９９８年_59：トンネル通過前.egpack,０３０：１９９８年_59：トンネル通過前,旁白,C38F4432C922B13D7F1FE1B9D7F07DB571ABE0F3BC6090CFA52B8032A69A1311,text,只要有自走维修担架……明明就能通过这里……！！\p
4413,game_t04425,０３０：１９９８年_59：トンネル通過前.egpack,０３０：１９９８年_59：トンネル通過前,唯依,FC02EA8265184464BAB21263569574973F786502E8C82E700DE3EAC5FA4C8124,text,「——唔！！」\p
4414,game_t04426,０３０：１９９８年_59：トンネル通過前.egpack,０３０：１９９８年_59：トンネル通過前,旁白,28E3A79849BB8E433329D17342F90F97BA9DFC2AE6B8650670D4CB8B6FEECB91,text,——可是，新老之坂隧道的入口还没有敌人渗入！\p
4415,game_t04427,０３０：１９９８年_59：トンネル通過前.egpack,０３０：１９９８年_59：トンネル通過前,旁白,EB64B930FE536EC035EC3B8C8BCA59A9F1E15C7B109BCC5F22598925FAE7057D,text,那么——只要放弃机体，换装强化外骨骼就能通过——！\p
4416,game_t04428,０３０：１９９８年_59：トンネル通過前.egpack,０３０：１９９８年_59：トンネル通過前,山城,4462C32539DF1626B59831F80FBE55E0E72E418378D4741FF4A3DD29B2BD8043,text,「——下一个照射周期就行动！跳跃时机与坐标通过数据链共享！！」\p
4417,game_t04429,０３０：１９９８年_59：トンネル通過前.egpack,０３０：１９９８年_59：トンネル通過前,旁白,E510D8506B9452B25D15486BACFC86AD62A4BE3A51D18101E3FAA28A0F498818,text,——我……该怎么办……！？\p
4418,game_t04433,０３０：１９９８年_59：トンネル通過前.egpack,０３０：１９９８年_59：トンネル通過前,旁白,5B933DC3B01F62357CF73CA80BD1169713C6C6C47B68E9FB0F004ACE80CCED24,text,——不，不能这样。\p
4419,game_t04434,０３０：１９９８年_59：トンネル通過前.egpack,０３０：１９９８年_59：トンネル通過前,旁白,F2CAAEEFD0450A4BE12FAA4CF0AB064D38996FB54A3F7E25F0FC1DB92A595116,text,这种情况下丢弃机体，只会让处境变得更糟——机动力和防御力比什么都重要。\p
4420,game_t04435,０３０：１９９８年_59：トンネル通過前.egpack,０３０：１９９８年_59：トンネル通過前,旁白,EACB41D51F781970DBF13BB7355E5DC5F6B8C1383EB559E5E96AFE70E45384CE,text,如果是配有跳跃单元的重装甲机械化步兵型还另说，可轻装型的机动力不足，刚出隧道就一定会走投无路。\p
4421,game_t04436,０３０：１９９８年_59：トンネル通過前.egpack,０３０：１９９８年_59：トンネル通過前,旁白,A7CA46BBD7C1629E6B8DF40EEA0F11FE0846B74F49827433A47FAF9F7997E6A8,text,而且，如果隧道内已经有小型种侵入——那就彻底完了。\p
4422,game_t04437,０３０：１９９８年_59：トンネル通過前.egpack,０３０：１９９８年_59：トンネル通過前,旁白,94113B848C9730370DD561275E8C3E66CE8BD95465D7BAFF4B52751D84F10E87,text,也许真的……只剩山城的办法了……\p
4423,game_t04438,０３０：１９９８年_59：トンネル通過前.egpack,０３０：１９９８年_59：トンネル通過前,旁白,E346E488996DC09983A51F03D19BED879E5D1421C1370BCC2DDC6A25914EBDC0,text,如月中尉和第一小队通过时还没有区域压制。现在成功飞越的可能性，应该比刚才高得多。\p
4424,game_t04439,０３０：１９９８年_59：トンネル通過前.egpack,０３０：１９９８年_59：トンネル通過前,旁白,C1C1AB3CA74576480C4DF34D24A0CD9D4B25389BFF48D0D699E832CDACC4E249,text,没错……比起穿着强化外骨骼横穿这个战区……这样活下来的可能性高得多。\p
4425,game_t04440,０３０：１９９８年_59：トンネル通過前.egpack,０３０：１９９８年_59：トンネル通過前,旁白,06F405A786A20CD3E101959AD80100D51FE2FA409755067FD180DAB8EE41AA09,text,…………可是……\p
4426,game_t04441,０３０：１９９８年_59：トンネル通過前.egpack,０３０：１９９８年_59：トンネル通過前,旁白,01A50F02D777AA68C56DB8C2E52CEE6622D2B5BAE012FF33166F03F2339FF2F4,text,可是……！\p
4427,game_t04442,０３０：１９９８年_59：トンネル通過前.egpack,０３０：１９９８年_59：トンネル通過前,旁白,4B31F2BF3820E3C8C0EAD6FE648EA8457D7E7703DB4ABED0AC4D866DB50713C0,text,那也只是……比最坏的选择多一点可能性——\p
4428,game_t04443,０３０：１９９８年_59：トンネル通過前.egpack,０３０：１９９８年_59：トンネル通過前,旁白,17C9DE19E2254BD2E8197A18DDB6E449C231C0A33D47D722EBD7901161421231,text,我明明必须展现篁家的矜持……\p
4429,game_t04444,０３０：１９９８年_59：トンネル通過前.egpack,０３０：１９９８年_59：トンネル通過前,旁白,312E4E3B951377E19DCDE88D6F4840B130BCED49AB343BA3A9890CD137D5D402,text,我不能用排除法，决定这种赌上性命的选择——！\p
4430,game_t04445,０３０：１９９８年_59：トンネル通過前.egpack,０３０：１９９８年_59：トンネル通過前,真田教官,F323EE7CE855B916B9F558B7954DF1436BCA46244AA6222C091AE2403D5C391A,text,「这一标准以自走维修担架搭载战术机时的最大宽度与总高为依据——」\p
4431,game_t04446,０３０：１９９８年_59：トンネル通過前.egpack,０３０：１９９８年_59：トンネル通過前,旁白,5932F5A221844249EFFC92AEF1D7F442B4AAC2A5F32DEA20A2521EB568E3C32D,text,……不对。\p
4432,game_t04447,０３０：１９９８年_59：トンネル通過前.egpack,０３０：１９９８年_59：トンネル通過前,真田教官,5E3208A8880C0E98B2319683F2F5B6FE12B89E42E63599FE70234403845F6EA6,text,「14米这一数值，为其通过预留了充分空间——」\p
4433,game_t04448,０３０：１９９８年_59：トンネル通過前.egpack,０３０：１９９８年_59：トンネル通過前,旁白,F2B5762A49CE420A9FD64E4008F9574B82CC8EC0CA80B89669155403F1433DF7,text,不对……！每个答案都不对——！！\p
4434,game_t04449,０３０：１９９８年_59：トンネル通過前.egpack,０３０：１９９８年_59：トンネル通過前,山城,9DBB2498D3FB3DB939B6F6706D9F5C97D2B1F86A3F183A257757FC6698E14714,text,「——你在做什么，篁同学！？」\p
4435,game_t04450,０３０：１９９８年_59：トンネル通過前.egpack,０３０：１９９８年_59：トンネル通過前,山城,7AEAB71DF934A0368BA19C2547F59026FFFC6DEE0A08E94792B6A447D800148B,text,「——求你别放弃！挣扎到最后一刻！」\p
4436,game_t04451,０３０：１９９８年_59：トンネル通過前.egpack,０３０：１９９８年_59：トンネル通過前,旁白,2BAD77460EAFDB7A6715EA12967FB369FA0EFF687309D871EE53B823A6668CC1,text,——没错，要挣扎到最后！山城果然是对的……！！\p
4437,game_t04452,０３０：１９９８年_59：トンネル通過前.egpack,０３０：１９９８年_59：トンネル通過前,和泉,4D369CEFDCEED6F129FADFDF202EB7D4E38FECCE25EAD7E495BDB63FA0E265C4,text,「——唯依！赌一把，跳过山口——」\p
4438,game_t04453,０３０：１９９８年_59：トンネル通過前.egpack,０３０：１９９８年_59：トンネル通過前,唯依,9AF62A9D44BB48F998964152FA1F1FDDABE5CE83512FA7494B71DFF97B17F7F6,text,「——我们前往新老之坂隧道入口！」\p
4439,game_t04454,０３０：１９９８年_59：トンネル通過前.egpack,０３０：１９９８年_59：トンネル通過前,和泉,8FEFFB5735D495EFA45E1F86FAA7E1F1A34BBCC2DF9DDB8A565A3F3303BABAFA,text,「——什么！？」\p
4440,game_t04455,０３０：１９９８年_59：トンネル通過前.egpack,０３０：１９９８年_59：トンネル通過前,山城,22EA143A50ADD27F7DC3CDFD682BE162AD5EE9DAB9433291C46002614FD4DDB9,text,「——什么意思！？」\p
4441,game_t04456,０３０：１９９８年_59：トンネル通過前.egpack,０３０：１９９８年_59：トンネル通過前,唯依,83D97530E138B72EBE4ED8939784553ACA7FF95FEE7D03AF8911FA006587192A,text,「——边走边解释！跟上我！！」\p
4442,game_t04457,０３０：１９９８年_59：トンネル通過前.egpack,０３０：１９９８年_59：トンネル通過前,和泉,893DC20D5C04AF01BD615551C48F0BDBBF6A30BA022C8C60BDC09B09DC99F77A,text,「——唯依……你到底在想什么——啊！？」\p
4443,game_t04458,０３０：１９９８年_59：トンネル通過前.egpack,０３０：１９９８年_59：トンネル通過前,山城,5E212FE9908526C8D6492D2466A8B5B05EEA112D6D5EA6E86C31F135A848283E,text,「——我相信指挥官——相信篁同学。」\p
4444,game_t04459,０３０：１９９８年_59：トンネル通過前.egpack,０３０：１９９８年_59：トンネル通過前,旁白,290F1D1199A4A63AA708636EFC97EE6BABDDAF33E90AB9571817996FAB238704,text,谢谢你……山城——！\p
4445,game_t04460,０３０：１９９８年_59：トンネル通過前.egpack,０３０：１９９８年_59：トンネル通過前,旁白,D3BA7ECFC19DFD1A63C5079FF6B303E7C54A765B9323177972D29A936AF46FB8,text,不只是篁家的矜持——此刻我还背负着她们两人的性命……！！\p
4446,game_t04461,０３０：１９９８年_59：トンネル通過前.egpack,０３０：１９９８年_59：トンネル通過前,唯依,D6666AE0F640207788C4D9930CC949E96CC2306E8F3490A53E4ED1B33F782E33,text,「——！」\p
4447,game_t04462,０３０：１９９８年_59：トンネル通過前.egpack,０３０：１９９８年_59：トンネル通過前,唯依,8DC6A62A953E3E2F0B3EF57FB9502C1E99D3AE8E4DC026E91FD01379CCBDBD1B,text,「——你们两个准备好了吗！？」\p
4448,game_t04463,０３０：１９９８年_59：トンネル通過前.egpack,０３０：１９９８年_59：トンネル通過前,和泉,785799EF827816AAA2165524C3DA69EB68DF07059888C05217AF72D8B9D3B829,text,「——要上了……我一定要闯过去……！」\p
4449,game_t04464,０３０：１９９８年_59：トンネル通過前.egpack,０３０：１９９８年_59：トンネル通過前,唯依,7F4C6E059CC145ECC182F47369F8E7292B2B776FDAE8A1CF6C8FBBC9368D1F26,text,「进入后马上提速——必须一口气穿过去，否则会失速！」\p
4450,game_t04465,０３０：１９９８年_59：トンネル通過前.egpack,０３０：１９９８年_59：トンネル通過前,山城,F4B96BDA8F5C775B76E7F913E875B241B8EC7BF108E21FF884BE5F3F0BD59149,text,「——我知道！」\p
4451,game_t04466,０３０：１９９８年_59：トンネル通過前.egpack,０３０：１９９８年_59：トンネル通過前,和泉,A003EF5E33C4C845A5C46F87A8BFDD0769F1EA0945F416F5E0582783844CAAF2,text,「——看！入口——上下行都没有被爆破封锁！！」\p
4452,game_t04467,０３０：１９９８年_59：トンネル通過前.egpack,０３０：１９９８年_59：トンネル通過前,唯依,9B7DFD481B6E9B0A3AFD650007420494EDBCE071045E6ECC97A3626AD3A20AE8,text,「山城走下行线——我和和泉走上行线，机间距100！」\p
4453,game_t04468,０３０：１９９８年_59：トンネル通過前.egpack,０３０：１９９８年_59：トンネル通過前,山城,01718373C1DE186BDAD2D7D47D146CCBCD6CE5C9F1F22E7DC03CD96A9C31C542,text,「——距离进入还有40秒！」\p
4454,game_t04469,０３０：１９９８年_59：トンネル通過前.egpack,０３０：１９９８年_59：トンネル通過前,旁白,D87D74339493623E0CDABF1B16DCA2C6945F8C8D7151C3ED32622940EF1AB686,text,明明很快就可能死去，我却能如此冷静……\p
4455,game_t04470,０３０：１９９８年_59：トンネル通過前.egpack,０３０：１９９８年_59：トンネル通過前,旁白,D2FDF5B7EC68599B952B56066EAC3363E5D018539AD4E2F8196282FAFAC9753E,text,如果没有战前处置，现在的我会变成什么样？\p
4456,game_t04471,０３０：１９９８年_59：トンネル通過前.egpack,０３０：１９９８年_59：トンネル通過前,山城,BFB2E005D84F27C8FDC85F7FEE4E104EC6F939E4532CB4AFDE359BBAEFA23C77,text,「——距离进入还有30秒！」\p
4457,game_t04472,０３０：１９９８年_59：トンネル通過前.egpack,０３０：１９９８年_59：トンネル通過前,唯依,0D512E70C28C994D51174ACA6087542957CD19B4C18D658364A02E6B33CEC318,text,「——全机抛弃武装！」\p
4458,game_t04473,０３０：１９９８年_59：トンネル通過前.egpack,０３０：１９９８年_59：トンネル通過前,唯依,CE55100CBC60732DC5652C3555885FAD8368AF516B5A1C0A95853A794C1EC3BF,text,「——五型锤形队形！！」\p
4459,game_t04474,０３０：１９９８年_59：トンネル通過前.egpack,０３０：１９９８年_59：トンネル通過前,唯依,6D75B1D4D6584CD228BF46E0A897901729CB50A1933CDE9B22367C6EF31CD5BD,text,「——全机……！」\p
4460,game_t04475,０３０：１９９８年_59：トンネル通過前.egpack,０３０：１９９８年_59：トンネル通過前,唯依,4CD6CB20A078F4ADDAF69DB26D0779213EAA45A8FE4DCEC4FB8D93B5912D8258,text,「——冲进去——！！」\p
4461,game_t04476,０３０：１９９８年_59：トンネル通過前.egpack,０３０：１９９８年_59：トンネル通過前,唯依,E89D977B04C1D8DEDED4D1C61D44865E2DDB5A0490CF23D0064CE1DDB9ED5839,text,「——呜呜呜呜呜！！」\p
4462,game_t04477,０３０：１９９８年_60：無事だった唯依　燃える帝都　十数分.egpack,０３０：１９９８年_60：無事だった唯依　燃える帝都　十数分,和泉,3A892A707CEA847BAECA470D8C153253428B2EAC8BB770CC9408AEF81F4DFFE4,text,「帝都……千年古都……正在燃烧……」\p
4463,game_t04478,０３０：１９９８年_60：無事だった唯依　燃える帝都　十数分.egpack,０３０：１９９８年_60：無事だった唯依　燃える帝都　十数分,唯依,FC1BB2D07B8CA4CB833A8FC775711F88FDC75DF9188537E5BF556C9021D9D39C,text,「…\w…\w…\w…\w」\p
4464,game_t04479,０３０：１９９８年_60：無事だった唯依　燃える帝都　十数分.egpack,０３０：１９９８年_60：無事だった唯依　燃える帝都　十数分,山城,66CFCD9339A57ADFFFB7B558FAB139774872BD601E08182A31E379201D716BCC,text,「——真是千钧一发，你的临机判断十分出色。」\p
4465,game_t04480,０３０：１９９８年_60：無事だった唯依　燃える帝都　十数分.egpack,０３０：１９９８年_60：無事だった唯依　燃える帝都　十数分,山城,BE2649DFEB152AC4080FA1FD8FEFE6974CDAB838BE16D9F84E6C91CD71B64F90,text,「话说回来，你竟能在瞬间想到陆运模式，实在令人佩服。」\p
4466,game_t04481,０３０：１９９８年_60：無事だった唯依　燃える帝都　十数分.egpack,０３０：１９９８年_60：無事だった唯依　燃える帝都　十数分,唯依,22D666BB041097366BD8E7F5FD4DBF345E070DE8950BFBE7C50FDA2431C218B4,text,「我只是……拼命想活下来而已。」\p
4467,game_t04484,０３０：１９９８年_60：無事だった唯依　燃える帝都　十数分.egpack,０３０：１９９８年_60：無事だった唯依　燃える帝都　十数分,真田教官,A9299D23C3123C9D0C5E34D1E0E4B47C2A9FF2A9B08DEB725730E82992D33769,text,「作为国土防卫整备计划的一环，全国高速公路均接受强化改造，以承受假定最大规模BETA侵攻本土时的军事运用。」\p
4468,game_t04485,０３０：１９９８年_60：無事だった唯依　燃える帝都　十数分.egpack,０３０：１９９８年_60：無事だった唯依　燃える帝都　十数分,真田教官,ED29FA6BE1411A8CAC53B11615D6E517E9B96F91CCF3A34FE75388C4A708BBD5,text,「尤其是山区隧道，被定位为战略重要军事设施，实施了大规模整备与强化。」\p
4469,game_t04486,０３０：１９９８年_60：無事だった唯依　燃える帝都　十数分.egpack,０３０：１９９８年_60：無事だった唯依　燃える帝都　十数分,真田教官,8328966EC472ADF577CE411EAD20768C2AE806119B21EA20C87F9E4CF67DCC76,text,「这是因为，占国土七成的山脉与山区，是阻止BETA闪电侵攻的天然要塞。」\p
4470,game_t04487,０３０：１９９８年_60：無事だった唯依　燃える帝都　十数分.egpack,０３０：１９９８年_60：無事だった唯依　燃える帝都　十数分,真田教官,C6E4EF422BF106535D046A23FE06B876CEE20BA39E28ECB29EAFF1EDFC9A62F7,text,「拥有隧道的主要山体内部，埋设着广阔的通用地下空间，并通过隧道内高速公路及支路相连。」\p
4471,game_t04488,０３０：１９９８年_60：無事だった唯依　燃える帝都　十数分.egpack,０３０：１９９８年_60：無事だった唯依　燃える帝都　十数分,真田教官,91BBAFB74CD6D319066745D2DC873387C3761ACC85479048275BE45889ADFB92,text,「这些空间平时用作物资储备设施，战时则会转用为维修补给基地等，发挥前线山脊防卫据点的作用。」\p
4472,game_t04489,０３０：１９９８年_60：無事だった唯依　燃える帝都　十数分.egpack,０３０：１９９８年_60：無事だった唯依　燃える帝都　十数分,真田教官,97EA2BCEFBD2F1CCB6AD5F1700067FC80C7189D3CD32B87E8BFFD950512C300E,text,「因此，隧道及隧道内支路的最大直径统一为14米，以阻止大型种侵入。」\p
4473,game_t04490,０３０：１９９８年_60：無事だった唯依　燃える帝都　十数分.egpack,０３０：１９９８年_60：無事だった唯依　燃える帝都　十数分,真田教官,30BEE37200B208910220528CE8B79165870252186B1640F4EDBB6C009AF5052B,text,「这一数值，是为兼顾在光线属种推进至前线的情况下确保我方后勤及兵力展开路线，以及阻止BETA通过而计算得出的。」\p
4474,game_t04491,０３０：１９９８年_60：無事だった唯依　燃える帝都　十数分.egpack,０３０：１９９８年_60：無事だった唯依　燃える帝都　十数分,真田教官,24CB9FA0F051B2D80D59F324B522933662AA66AB3A7F7BB5E2D91A0ABA68296B,text,「其主要考量对象，是负责运输战术机与前线维修的自走维修担架搭载机体时的最大宽度与总高。」\p
4475,game_t04492,０３０：１９９８年_60：無事だった唯依　燃える帝都　十数分.egpack,０３０：１９９８年_60：無事だった唯依　燃える帝都　十数分,真田教官,86C1683209B442C41BEA02764675C38F93AF03ECB9BEB2B3E5716A2731A8B1DA,text,「14米这一数值，能够保证搭载机体的自走维修担架安全通过隧道，并留有充分余量。」\p
4476,game_t04493,０３０：１９９８年_60：無事だった唯依　燃える帝都　十数分.egpack,０３０：１９９８年_60：無事だった唯依　燃える帝都　十数分,真田教官,CE028631FF41833D581508A9013C8A61668AB38C48C76DCEB6447B854C96B37C,text,「用于防止小型种侵入的是升降式多重隔壁。此外，自防卫基准态势1发布后，自律警戒系统便会启动；侵入个体达到一定数量时，系统将自爆使隧道坍塌。」\p
4477,game_t04494,０３０：１９９８年_60：無事だった唯依　燃える帝都　十数分.egpack,０３０：１９９８年_60：無事だった唯依　燃える帝都　十数分,真田教官,98CE6629F16353EC83832B783115AD8AD1825A430F3A63E407EC93C4C7B01A6E,text,「这一措施的主要对象是战车级。先将其引入内部并使其滞留，再起爆逐步削减。除非远程操作或在现场控制室手动解除，否则必定执行——」\p
4478,game_t04495,０３０：１９９８年_60：無事だった唯依　燃える帝都　十数分.egpack,０３０：１９９８年_60：無事だった唯依　燃える帝都　十数分,唯依,F62C0E834AEB5E8FAEC037EA86E26B14B26BC6C4DC5CB88077B735C26B455DC3,text,「这都多亏了教官们……」\p
4479,game_t04496,０３０：１９９８年_60：無事だった唯依　燃える帝都　十数分.egpack,０３０：１９９８年_60：無事だった唯依　燃える帝都　十数分,山城,B4C95D595DFF8DE8BCD367C9047BCEF12B0A1F7854A4C769982DE64DDAAB131B,text,「是啊……课堂上学到的知识，没有一样是无用的。」\p
4480,game_t04497,０３０：１９９８年_60：無事だった唯依　燃える帝都　十数分.egpack,０３０：１９９８年_60：無事だった唯依　燃える帝都　十数分,山城,550E07F67CD9BA93856ECD15DF695E97EDD2B3771C42B2E4730BBFEB8D9C1811,text,「话虽如此……那种NOE贴地飞行，我再也不想经历第二次了。」\p
4481,game_t04498,０３０：１９９８年_60：無事だった唯依　燃える帝都　十数分.egpack,０３０：１９９８年_60：無事だった唯依　燃える帝都　十数分,和泉,5C5950477CDDA97EB1EF2EC472EC4C8D2E9FA9354EFAF49093DC10FE52924D97,text,「接下来怎么办……？京都……已经变成那样了……」\p
4482,game_t04499,０３０：１９９８年_60：無事だった唯依　燃える帝都　十数分.egpack,０３０：１９９８年_60：無事だった唯依　燃える帝都　十数分,唯依,7A8BB6B63F753FA22FAB1CE24345DB80B6AB75AA7D77977CC9250BAB0EF3C0C7,text,「首先必须把取得武装放在第一位。否则……我们活下来就毫无意义。」\p
4483,game_t04500,０３０：１９９８年_60：無事だった唯依　燃える帝都　十数分.egpack,０３０：１９９８年_60：無事だった唯依　燃える帝都　十数分,山城,29F978F6F784C2603C3F4A291D8D5F2013E6E3A93FED0037C17E78849B163531,text,「明白。」\p
4484,game_t04501,０３０：１９９８年_60：無事だった唯依　燃える帝都　十数分.egpack,０３０：１９９８年_60：無事だった唯依　燃える帝都　十数分,和泉,BB30F0BD0C933741FB56365FAB3CD64B1FA581878B77D63F0B3D26073F78B97F,text,「嗯……」\p
4485,game_t04502,０３０：１９９８年_60：無事だった唯依　燃える帝都　十数分.egpack,０３０：１９９８年_60：無事だった唯依　燃える帝都　十数分,旁白,9259221219BC9B7C5D8EFA6C5AF80F75F9BC4E5CACA9942046B883BEC09FDE47,text,虽说这是为了保命不得不做的选择，但我们已经抛弃了全部装备。如今甚至连用于近身防卫的65式短刀都没有，完全手无寸铁……\p
4486,game_t04503,０３０：１９９８年_60：無事だった唯依　燃える帝都　十数分.egpack,０３０：１９９８年_60：無事だった唯依　燃える帝都　十数分,旁白,E65EF5DF1C55F60175FE153E563E19AC9A26B2C1AF96F9D1FE5513084340D240,text,对现在的我们来说，哪怕只有几只战车级也是致命威胁……\p
4487,game_t04504,０３０：１９９８年_60：無事だった唯依　燃える帝都　十数分.egpack,０３０：１９９８年_60：無事だった唯依　燃える帝都　十数分,唯依,8AE2AC9D861FAF027E08AB24384E3C5894F106DD92B5CCDBB5059E31C0714C6B,text,「启动传感器，开始声振索敌。」\p
4488,game_t04505,０３０：１９９８年_60：無事だった唯依　燃える帝都　十数分.egpack,０３０：１９９８年_60：無事だった唯依　燃える帝都　十数分,唯依,B661C0BC5775AA69E26534C8F316AA7AB61A84EB1C14F0F6311B543DCC72B2BC,text,「帝国军桂驻地位于此处以东5公里。获得武装后，我们就前往那里——」\p
4489,game_t04506,０３０：１９９８年_60：無事だった唯依　燃える帝都　十数分.egpack,０３０：１９９８年_60：無事だった唯依　燃える帝都　十数分,旁白,0E9B450630536F8316EE077D8A1E99AAA1723293755360CA90BB1231D67D52BF,text,即便能够确认集装箱的位置，也无法知道里面是否还有补给物资——\p
4490,game_t04507,０３０：１９９８年_60：無事だった唯依　燃える帝都　十数分.egpack,０３０：１９９８年_60：無事だった唯依　燃える帝都　十数分,唯依,D81D72F4C5D2D609E957176F80C311C7E25EA72652C5860616F5DB6BEA85A752,text,「半径2公里范围内有三个野战补给箱。按规模排序，分别是南方1.5公里的大原野高速公路出入口旁、东南约2公里的高中，以及东偏南约1.8公里的运动公园。」\p
4491,game_t04508,０３０：１９９８年_60：無事だった唯依　燃える帝都　十数分.egpack,０３０：１９９８年_60：無事だった唯依　燃える帝都　十数分,山城,48DFAFB6A3AC10A8E141BFD409A69D07011760F988187C2F85E3BCA54D548A1B,text,「扑空风险最小的是剩余物资较多的高速公路出入口。但那里靠近山区，遭遇战车级的风险很高——这么看来，只能选择离驻地较近的运动公园。」\p
4492,game_t04509,０３０：１９９８年_60：無事だった唯依　燃える帝都　十数分.egpack,０３０：１９９８年_60：無事だった唯依　燃える帝都　十数分,和泉,958AEB3044E898D5542BCB841B46EA753CEAB77B468724CA75FD1108C76C0130,text,「要是数据链能恢复就好了……」\p
4493,game_t04510,０３０：１９９８年_60：無事だった唯依　燃える帝都　十数分.egpack,０３０：１９９８年_60：無事だった唯依　燃える帝都　十数分,山城,53F633A4379DBE587F393891B3838524AF9002A9A9093F81BE4236861EB8DB1A,text,「重金属云浓度比之前更高，恐怕根本不能指望故障恢复。」\p
4494,game_t04511,０３０：１９９８年_60：無事だった唯依　燃える帝都　十数分.egpack,０３０：１９９８年_60：無事だった唯依　燃える帝都　十数分,山城,3EA7499770FF2DC2435C692608E35374F608F38C84CD81F38D207B928CD19656,text,「总之，只能找到其他部队，接入近距离数据链。不管是斯卫军、帝国军……不，哪怕联合国军也无所谓。」\p
4495,game_t04512,０３０：１９９８年_60：無事だった唯依　燃える帝都　十数分.egpack,０３０：１９９８年_60：無事だった唯依　燃える帝都　十数分,旁白,B3B9D213F4B59298911E467121F4EFF72C06ABD9417D1128838A245768CAA2E0,text,真正的难关从现在才开始——无论如何，都要继续前进。\p
4496,game_t04513,０３０：１９９８年_60：無事だった唯依　燃える帝都　十数分.egpack,０３０：１９９８年_60：無事だった唯依　燃える帝都　十数分,旁白,99CAD708825F2881FFAAD9E40300FAC570D22F1E6862D96CD879CD02ADC4C83C,text,至于回头……什么时候都可以。\p
4497,game_t04514,０３０：１９９８年_60：無事だった唯依　燃える帝都　十数分.egpack,０３０：１９９８年_60：無事だった唯依　燃える帝都　十数分,唯依,8E76B47A000662398631376D09F9FF71AC1381BC5EADB398277D8A27A0DF1F91,text,「——獠牙小队，前进……！」\p
4498,game_t04515,０３０：１９９８年_70：桂駐屯地　真田の救援　数十分後.egpack,０３０：１９９８年_70：桂駐屯地　真田の救援　数十分後,唯依,7F085CFF224A994055EDC1AAA23B1A7E237A0621EF2EA9C43FCD3F44F6CEB75F,text,「——这里是隶属帝国军岚山基地的斯卫军第332独立警卫中队。现已失去指挥官，三人孤立无援！」\p
4499,game_t04516,０３０：１９９８年_70：桂駐屯地　真田の救援　数十分後.egpack,０３０：１９９８年_70：桂駐屯地　真田の救援　数十分後,唯依,6C8EC237A27927EA485DE4F8F7A737CC07F26CDA95FC205E58FBC2B0E2F01784,text,「——这里是隶属帝国军岚山基地的斯卫军第332独立警卫中队。CP、HQ或附近部队，无论哪一方，请立即回答！」\p
4500,game_t04517,０３０：１９９８年_70：桂駐屯地　真田の救援　数十分後.egpack,０３０：１９９８年_70：桂駐屯地　真田の救援　数十分後,山城,3E51E8FB1C3CA21C3A101D73C36A20847888FDD4602123CF301684645F419EBE,text,「……看来没有回应。」\p
4501,game_t04518,０３０：１９９８年_70：桂駐屯地　真田の救援　数十分後.egpack,０３０：１９９８年_70：桂駐屯地　真田の救援　数十分後,和泉,23CD7078677645201F8CE64E20E1F9E61F79B36DA28BD0D26A05233FD85AE498,text,「要是这种地方遭到BETA袭击就全完了！只有120mm炮弹，没有突击炮也没用——！」\p
4502,game_t04519,０３０：１９９８年_70：桂駐屯地　真田の救援　数十分後.egpack,０３０：１９９８年_70：桂駐屯地　真田の救援　数十分後,山城,EE04888B56E2E2539694DC1B1809ADA80BFF585B008E3B54544E8C61E58F68D8,text,「抱怨也解决不了问题。」\p
4503,game_t04520,０３０：１９９８年_70：桂駐屯地　真田の救援　数十分後.egpack,０３０：１９９８年_70：桂駐屯地　真田の救援　数十分後,和泉,16A6BE33CC3E06150FC276CD078673434441A3CAD805A4B261B9D9544F4A0D00,text,「……」\p
4504,game_t04521,０３０：１９９８年_70：桂駐屯地　真田の救援　数十分後.egpack,０３０：１９９８年_70：桂駐屯地　真田の救援　数十分後,旁白,D47572C73B6EB1489E82EE2423F9BFBAA85AFA06AADC0BE96BB4BDE44DB6E820,text,我也明白和泉的不安——毕竟我们正毫无防备地暴露在敌占区中央。\p
4505,game_t04522,０３０：１９９８年_70：桂駐屯地　真田の救援　数十分後.egpack,０３０：１９９８年_70：桂駐屯地　真田の救援　数十分後,旁白,9F4CAEDBEB6DA0BDA05C3DDFA648545C1AE7447C3F3ACEF70114680131775596,text,推进剂补充本就会露出破绽，我们却三机同时进行，而且全都赤手空拳——确实不正常。\p
4506,game_t04523,０３０：１９９８年_70：桂駐屯地　真田の救援　数十分後.egpack,０３０：１９９８年_70：桂駐屯地　真田の救援　数十分後,旁白,D6F8D2854BAE15EB15BB266F0E626FCFEAAA64E7AB4E8AB1D777242957B8946A,text,但没有武装，就算按手册轮流警卫也毫无意义。当前第一要务是尽量缩短停留在这里的时间。\p
4507,game_t04524,０３０：１９９８年_70：桂駐屯地　真田の救援　数十分後.egpack,０３０：１９９８年_70：桂駐屯地　真田の救援　数十分後,和泉,AAD5D4022DB0BC357420A6D627C159330634467FCD519AEEE50DBB28C0AF98A1,text,「……志摩子一直都是那样吧。」\p
4508,game_t04525,０３０：１９９８年_70：桂駐屯地　真田の救援　数十分後.egpack,０３０：１９９８年_70：桂駐屯地　真田の救援　数十分後,和泉,1EFA8CD87DFD71F41A99EA3E3B83B182A8A5E3EA16C20B47F5B4F0A7B260F01E,text,「……她总是替唯依守住背后。综战武时、模拟战时，一直……都是那样……」\p
4509,game_t04526,０３０：１９９８年_70：桂駐屯地　真田の救援　数十分後.egpack,０３０：１９９８年_70：桂駐屯地　真田の救援　数十分後,旁白,96D1CAD4D2AA35769A810A18E3AA2D4069F08F73495899A54A41267CA65E08A2,text,和泉……怎么突然说这些？志摩子守着我的背后……？\p
4510,game_t04527,０３０：１９９８年_70：桂駐屯地　真田の救援　数十分後.egpack,０３０：１９９８年_70：桂駐屯地　真田の救援　数十分後,唯依,6C8EC237A27927EA485DE4F8F7A737CC07F26CDA95FC205E58FBC2B0E2F01784,text,「——这里是隶属帝国军岚山基地的斯卫军第332独立警卫中队。CP、HQ或附近部队，无论哪一方，请立即回答！」\p
4511,game_t04528,０３０：１９９８年_70：桂駐屯地　真田の救援　数十分後.egpack,０３０：１９９８年_70：桂駐屯地　真田の救援　数十分後,和泉,ED889F63F88294819A3578B038FA6F0E46C637B80DFDFEFC3D607B142FC674BB,text,「为了消除死角，她总会擅自调整位置……无论唯依本人提醒多少次，那孩子还是装傻……一遍遍这么做……」\p
4512,game_t04529,０３０：１９９８年_70：桂駐屯地　真田の救援　数十分後.egpack,０３０：１９９８年_70：桂駐屯地　真田の救援　数十分後,旁白,452CFA60BCC995910E7613AFD5988F6FBBFB6FBC8583D262B0851B20F304ED7A,text,志摩子是在装傻……？\p
4513,game_t04530,０３０：１９９８年_70：桂駐屯地　真田の救援　数十分後.egpack,０３０：１９９８年_70：桂駐屯地　真田の救援　数十分後,旁白,CC1CC0127AEE44C99F350DE733CFFC919659E3CFD71447181126E58E712996D8,text,难道这就是“卫士的规矩”……？\p
4514,game_t04531,０３０：１９９８年_70：桂駐屯地　真田の救援　数十分後.egpack,０３０：１９９８年_70：桂駐屯地　真田の救援　数十分後,旁白,6D3E775A2FAE9C8E5D92EA8B3183F026812348DE416F8EB45AC78623A0DE7DB1,text,即便如此，也还太早了。讲述战死战友以慰亡魂，应该等自己活下来以后再做。\p
4515,game_t04532,０３０：１９９８年_70：桂駐屯地　真田の救援　数十分後.egpack,０３０：１９９８年_70：桂駐屯地　真田の救援　数十分後,和泉,B9F03174CAFDD4FF50AF7588A3B8FC9839E3CE31DCC098C2700A7DBCC9E79DB9,text,「真的很傻吧……到了实战，那个习惯也改不掉……」\p
4516,game_t04533,０３０：１９９８年_70：桂駐屯地　真田の救援　数十分後.egpack,０３０：１９９８年_70：桂駐屯地　真田の救援　数十分後,旁白,27C5DBADDA693B6B8E74FE3C8209247D03E3B0712C319A9F9CDCA4F8193D758B,text,咦……？\p
4517,game_t04534,０３０：１９９８年_70：桂駐屯地　真田の救援　数十分後.egpack,０３０：１９９８年_70：桂駐屯地　真田の救援　数十分後,和泉,B456AC90FD423A937D331C47273E85F9DF76FD7F4593C36C1C29B353C62A5808,text,「副臂卡住了行道树……最后陷入错乱，就这么死了……」\p
4518,game_t04535,０３０：１９９８年_70：桂駐屯地　真田の救援　数十分後.egpack,０３０：１９９８年_70：桂駐屯地　真田の救援　数十分後,旁白,EEB333B92BE92D407001F4CA8E4A400355BB45197A7150017008C0F96B51F2A8,text,志摩子……是为了保护我……？\p
4519,game_t04536,０３０：１９９８年_70：桂駐屯地　真田の救援　数十分後.egpack,０３０：１９９８年_70：桂駐屯地　真田の救援　数十分後,唯依,FC1BB2D07B8CA4CB833A8FC775711F88FDC75DF9188537E5BF556C9021D9D39C,text,「…\w…\w…\w…\w」\p
4520,game_t04537,０３０：１９９８年_70：桂駐屯地　真田の救援　数十分後.egpack,０３０：１９９８年_70：桂駐屯地　真田の救援　数十分後,旁白,F71E7A567F088C930B7E3E8C16AFE243EB55435BC65D22D2EC89900DCFC9B4BC,text,如果她说的是真的……\p
4521,game_t04538,０３０：１９９８年_70：桂駐屯地　真田の救援　数十分後.egpack,０３０：１９９８年_70：桂駐屯地　真田の救援　数十分後,志摩子,C24FB02A8EC1A579D1D858B9DE23297C691F09802FF0770AC087A2DFF3A4824B,text,「——这里是獠牙5！对不起！行道树……卡在副臂上了！！」\p
4522,game_t04539,０３０：１９９８年_70：桂駐屯地　真田の救援　数十分後.egpack,０３０：１９９８年_70：桂駐屯地　真田の救援　数十分後,志摩子,CBE5BEDC12CAA740EBABD8BB28C83F3A3B722F99DBAEA9A3D9F1592002632B6A,text,「——我——我才不是累赘！！」\p
4523,game_t04540,０３０：１９９８年_70：桂駐屯地　真田の救援　数十分後.egpack,０３０：１９９８年_70：桂駐屯地　真田の救援　数十分後,志摩子,E80F344BC395E565CE3B0A847758DDCA97008148E62D3DF849AEE6F074A194A3,text,「——我不是累赘，对吧？！」\p
4524,game_t04541,０３０：１９９８年_70：桂駐屯地　真田の救援　数十分後.egpack,０３０：１９９８年_70：桂駐屯地　真田の救援　数十分後,志摩子,D08DF53AB0F0C6DF1D04D74037F90F4C2B477844DFA94016474BF8C21AEAF82D,text,「——我不是唯依的累赘，对吧？！」\p
4525,game_t04542,０３０：１９９８年_70：桂駐屯地　真田の救援　数十分後.egpack,０３０：１９９８年_70：桂駐屯地　真田の救援　数十分後,旁白,52D4A3991A22DC2403FDEB2FD28C277ABE426389F50BE729178719990C7BD4B9,text,志摩子的失误……是因为要保护我……？\p
4526,game_t04543,０３０：１９９８年_70：桂駐屯地　真田の救援　数十分後.egpack,０３０：１９９８年_70：桂駐屯地　真田の救援　数十分後,唯依,FC1BB2D07B8CA4CB833A8FC775711F88FDC75DF9188537E5BF556C9021D9D39C,text,「…\w…\w…\w…\w」\p
4527,game_t04544,０３０：１９９８年_70：桂駐屯地　真田の救援　数十分後.egpack,０３０：１９９８年_70：桂駐屯地　真田の救援　数十分後,旁白,F2CC257A089CB6D5EA7E63E32569285233F2B1CD54A2B4F576AF1C92C19356E7,text,如果这是真的……\p
4528,game_t04545,０３０：１９９８年_70：桂駐屯地　真田の救援　数十分後.egpack,０３０：１９９８年_70：桂駐屯地　真田の救援　数十分後,旁白,31725F8183E9FE98452FA90215A9D51E1AF32235326A4E78D48123FB4727C6D4,text,那就意味着，我连这件事都没有察觉，低估志摩子……还一直以保护和体恤她的姿态自居……\p
4529,game_t04546,０３０：１９９８年_70：桂駐屯地　真田の救援　数十分後.egpack,０３０：１９９８年_70：桂駐屯地　真田の救援　数十分後,旁白,A394B82C1D96FABE79915245AE471D285F0A322BFE2886F7C0E33C806B633F8B,text,可是，和泉从出击前就不太正常。这会不会是战前处置影响下的妄想……？\p
4530,game_t04547,０３０：１９９８年_70：桂駐屯地　真田の救援　数十分後.egpack,０３０：１９９８年_70：桂駐屯地　真田の救援　数十分後,旁白,40533EA67F48ECD0CE5D51F5DF415B9998A615E7087BE7D278466E52C16BF6E1,text,还是说——\p
4531,game_t04548,０３０：１９９８年_70：桂駐屯地　真田の救援　数十分後.egpack,０３０：１９９８年_70：桂駐屯地　真田の救援　数十分後,和泉,85198CDDC0E35A04D9A8800AA05BFF49A6F4AF53B1035D34378B5311A095DCF4,text,「安艺也是……真的很傻……什么都不肯告诉我……这样一来……我也没法踏进她的心里啊……」\p
4532,game_t04549,０３０：１９９８年_70：桂駐屯地　真田の救援　数十分後.egpack,０３０：１９９８年_70：桂駐屯地　真田の救援　数十分後,唯依,6C8EC237A27927EA485DE4F8F7A737CC07F26CDA95FC205E58FBC2B0E2F01784,text,「——这里是隶属帝国军岚山基地的斯卫军第332独立警卫中队。CP、HQ或附近部队，无论哪一方，请立即回答！」\p
4533,game_t04550,０３０：１９９８年_70：桂駐屯地　真田の救援　数十分後.egpack,０３０：１９９８年_70：桂駐屯地　真田の救援　数十分後,和泉,3590868899E20578C417E4B500D96F8EF5495866CE5ADCD31EF48A7F56358DB9,text,「要藏就藏得彻底啊……别把信忘在我看得见的地方……什么家族永世之耻、注销户籍……太沉重了……」\p
4534,game_t04551,０３０：１９９８年_70：桂駐屯地　真田の救援　数十分後.egpack,０３０：１９９８年_70：桂駐屯地　真田の救援　数十分後,唯依,57562AB9FE30F43D1538A54A0E8ADB707991E1A3E77EC6C4DE283E70C6B3EED6,text,「咦……？」\p
4535,game_t04552,０３０：１９９８年_70：桂駐屯地　真田の救援　数十分後.egpack,０３０：１９９８年_70：桂駐屯地　真田の救援　数十分後,旁白,8296E1FA37415A0AC7A23C4C14BFF7028B79B7537379BB66D9472F9910333C4E,text,安艺被石见家除籍……？她究竟什么时候做过严重到这种程度的事……！？\p
4536,game_t04553,０３０：１９９８年_70：桂駐屯地　真田の救援　数十分後.egpack,０３０：１９９８年_70：桂駐屯地　真田の救援　数十分後,和泉,345A5892E2EF7145C0F1FF479C0B213FF0699968B79D05E10676C81801C130A1,text,「别把那种东西丢给我就走啊……无论他是否陷入错乱、险些伤害友军……是否五分钟就战死……弟弟还是弟弟……你还是你啊……」\p
4537,game_t04554,０３０：１９９８年_70：桂駐屯地　真田の救援　数十分後.egpack,０３０：１９９８年_70：桂駐屯地　真田の救援　数十分後,唯依,FC1BB2D07B8CA4CB833A8FC775711F88FDC75DF9188537E5BF556C9021D9D39C,text,「…\w…\w…\w…\w」\p
4538,game_t04555,０３０：１９９８年_70：桂駐屯地　真田の救援　数十分後.egpack,０３０：１９９８年_70：桂駐屯地　真田の救援　数十分後,旁白,22924BC78FF68BABD5523A258522BAC3448E588950F46CAEFA7B625A4F4FB2DC,text,不对……这不是和泉的妄想……\p
4539,game_t04556,０３０：１９９８年_70：桂駐屯地　真田の救援　数十分後.egpack,０３０：１９９８年_70：桂駐屯地　真田の救援　数十分後,安芸,7FAB637DBA04ECD5579ABCDF43C46EAA1FE8BD7AD4B19BD1BBEA68D893188D08,text,「我……做到了……这样一来总算……弟弟的……」\p
4540,game_t04557,０３０：１９９８年_70：桂駐屯地　真田の救援　数十分後.egpack,０３０：１９９８年_70：桂駐屯地　真田の救援　数十分後,志摩子,E80F344BC395E565CE3B0A847758DDCA97008148E62D3DF849AEE6F074A194A3,text,「——我不是累赘，对吧？！」\p
4541,game_t04558,０３０：１９９８年_70：桂駐屯地　真田の救援　数十分後.egpack,０３０：１９９８年_70：桂駐屯地　真田の救援　数十分後,志摩子,D08DF53AB0F0C6DF1D04D74037F90F4C2B477844DFA94016474BF8C21AEAF82D,text,「——我不是唯依的累赘，对吧？！」\p
4542,game_t04559,０３０：１９９８年_70：桂駐屯地　真田の救援　数十分後.egpack,０３０：１９９８年_70：桂駐屯地　真田の救援　数十分後,旁白,664C64F18465AE1793197A6E1630E140704CAF486F7D5919054BEAD5A70F7E1F,text,这是……我一直没能察觉的真相——\p
4543,game_t04560,０３０：１９９８年_70：桂駐屯地　真田の救援　数十分後.egpack,０３０：１９９８年_70：桂駐屯地　真田の救援　数十分後,唯依,6EE50B19277580E460F0B1AFA4BBEA3E328AC1999DDFB1500E805AA1607C7F1D,text,「——！？」
4544,game_t04561,０３０：１９９８年_70：桂駐屯地　真田の救援　数十分後.egpack,０３０：１９９８年_70：桂駐屯地　真田の救援　数十分後,山城・和泉,5930C19DA64244D838830E2439DDBBFAB2E504F3BFF273BCED353A4376013E10,text,「——！？」\p
4545,game_t04562,０３０：１９９８年_70：桂駐屯地　真田の救援　数十分後.egpack,０３０：１９９８年_70：桂駐屯地　真田の救援　数十分後,旁白,532222A696B3A44779A1B15715B530A5965B477556F17F2984A69C56A74DB87A,text,那个方向——是龟冈战区西端。与光线属种坐标预测几乎完全一致……\p
4546,game_t04563,０３０：１９９８年_70：桂駐屯地　真田の救援　数十分後.egpack,０３０：１９９８年_70：桂駐屯地　真田の救援　数十分後,和泉,4A62B66C25630125EC94769DC78B107A96F32E3327936373BB30A23C06465B97,text,「2km外——这么近！？」\p
4547,game_t04564,０３０：１９９８年_70：桂駐屯地　真田の救援　数十分後.egpack,０３０：１９９８年_70：桂駐屯地　真田の救援　数十分後,旁白,DE991833CE2A6E53F0E47E939A03F5D729BC62D7015024C46A75E09046D9B156,text,如果刚才没能及时逃出来——就会被卷进去……！\p
4548,game_t04565,０３０：１９９８年_70：桂駐屯地　真田の救援　数十分後.egpack,０３０：１９９８年_70：桂駐屯地　真田の救援　数十分後,和泉,3DD08DEDA6F5B862454FF0AACB6F707A2CF6A31A8E27446D941DB0ED988FEAC4,text,「一想到那种炮火随时可能再次落到头顶，心里就很不好受……」\p
4549,game_t04566,０３０：１９９８年_70：桂駐屯地　真田の救援　数十分後.egpack,０３０：１９９８年_70：桂駐屯地　真田の救援　数十分後,山城,97407341BFB1CC57C73F650B6B866C807CE3AEEF0F8137ECE6815F68E3219537,text,「从目前的观测情况来看，只要身在京都，随时都可能发生。」\p
4550,game_t04567,０３０：１９９８年_70：桂駐屯地　真田の救援　数十分後.egpack,０３０：１９９８年_70：桂駐屯地　真田の救援　数十分後,旁白,38E8C307BF85F87C9EF5BA935479F3F68C715916D0C2BE8CD5126E46976CD811,text,这种重金属云浓度下，雷达设备根本派不上用场。若不根据激光拦截角度预判弹着点，就太危险了。\p
4551,game_t04568,０３０：１９９８年_70：桂駐屯地　真田の救援　数十分後.egpack,０３０：１９９８年_70：桂駐屯地　真田の救援　数十分後,旁白,D58159FEA774E0C95A54E278690B409A6E9A57B2A7AC147C58B12D2E4FC6156B,text,以我们现在的处境，竟然不只要警戒BETA，还得警戒友军的区域压制……\p
4552,game_t04569,０３０：１９９８年_70：桂駐屯地　真田の救援　数十分後.egpack,０３０：１９９８年_70：桂駐屯地　真田の救援　数十分後,旁白,C3F2D42179875B167839A294E90FD79F608B9C1E58F6984C8A1EFFB7F360A9D3,text,如果没有战前处置和药物给药，我的精神或许早就崩溃了。\p
4553,game_t04570,０３０：１９９８年_70：桂駐屯地　真田の救援　数十分後.egpack,０３０：１９９８年_70：桂駐屯地　真田の救援　数十分後,旁白,86D7D6F89C8A43A1B4E7D2541675412EA60969BBAE0BE42E5D79238A88B6C814,text,受重金属云影响，战术机搭载雷达对来袭炮弹的探测范围已经缩小。\p
4554,game_t04571,０３０：１９９８年_70：桂駐屯地　真田の救援　数十分後.egpack,０３０：１９９８年_70：桂駐屯地　真田の救援　数十分後,旁白,FC8A2BA04A9134F6E039E36ABEEB74E3479740B93E2040365726DF11578BDF61,text,要躲避友军炮击，只能依靠光线属种的拦截角度和直觉推测弹着区域……\p
4555,game_t04572,０３０：１９９８年_70：桂駐屯地　真田の救援　数十分後.egpack,０３０：１９９８年_70：桂駐屯地　真田の救援　数十分後,旁白,F9DEEECE07C96B845E972E1774E3001683609CCA7429CFBE96FA136605C40884,text,不只如此，还必须持续警戒被BETA捕食而死——以及死于区域压制。\p
4556,game_t04573,０３０：１９９８年_70：桂駐屯地　真田の救援　数十分後.egpack,０３０：１９９８年_70：桂駐屯地　真田の救援　数十分後,唯依,FC1BB2D07B8CA4CB833A8FC775711F88FDC75DF9188537E5BF556C9021D9D39C,text,「…\w…\w…\w…\w」\p
4557,game_t04574,０３０：１９９８年_70：桂駐屯地　真田の救援　数十分後.egpack,０３０：１９９８年_70：桂駐屯地　真田の救援　数十分後,和泉,25D67EC294AB6FC6B9210F40383253A78D548264D56F0B5AF651569C41D90CD8,text,「友军竟然连市区都要炮击……太奇怪了。这里可是帝都啊……？这种事太奇怪了。」\p
4558,game_t04575,０３０：１９９８年_70：桂駐屯地　真田の救援　数十分後.egpack,０３０：１９９８年_70：桂駐屯地　真田の救援　数十分後,旁白,A3D32B371102315895669DDE3AF1CBFFB2C9449CBED9C9281A6CC4B55A992361,text,不对劲……\p
4559,game_t04576,０３０：１９９８年_70：桂駐屯地　真田の救援　数十分後.egpack,０３０：１９９８年_70：桂駐屯地　真田の救援　数十分後,旁白,BF3247813E6A319D98227E9CEE04F5224BCE1E1747D343E4B4918DBC06CA6D98,text,对当前状况的负面发言明显增多，即使在处置与药物作用下也可能出现。但和泉的表情与语气实在太过明显。\p
4560,game_t04577,０３０：１９９８年_70：桂駐屯地　真田の救援　数十分後.egpack,０３０：１９９８年_70：桂駐屯地　真田の救援　数十分後,和泉,6509408F0FFBA6A6A75D6ED2437AB2B087505CFAAA14DEDE8C2F1310A46D8A15,text,「这座驻地也是这样……来的路上也一样……！不管去哪里，反正都不会有人……！」\p
4561,game_t04578,０３０：１９９８年_70：桂駐屯地　真田の救援　数十分後.egpack,０３０：１９９８年_70：桂駐屯地　真田の救援　数十分後,旁白,95A507771D0445425CE5C09D17C3885E27EFE95A5CFC2D92305163B376DAAB70,text,明明正处在战斗给药状态下，感情却流露得过多……果然是战前处置引发的“恶醉症状”……？\p
4562,game_t04579,０３０：１９９８年_70：桂駐屯地　真田の救援　数十分後.egpack,０３０：１９９８年_70：桂駐屯地　真田の救援　数十分後,和泉,DA02986EB1D8FA8813E0E6843F6DEA6DDFE58485FA6E6CB89509B40468953A34,text,「已经……帝都已经……！！」\p
4563,game_t04580,０３０：１９９８年_70：桂駐屯地　真田の救援　数十分後.egpack,０３０：１９９８年_70：桂駐屯地　真田の救援　数十分後,唯依,3383D2F2557F1783C2E51419578317EF91CA068CB08B89583BFCEFBFCA2CFA9D,text,「——还没有，和泉。」\p
4564,game_t04581,０３０：１９９８年_70：桂駐屯地　真田の救援　数十分後.egpack,０３０：１９９８年_70：桂駐屯地　真田の救援　数十分後,和泉,4FBD4A7E6EF3417B05446EC9C2493AADB9917075238CC62484C83C2F307FF390,text,「……咦？」\p
4565,game_t04582,０３０：１９９８年_70：桂駐屯地　真田の救援　数十分後.egpack,０３０：１９９８年_70：桂駐屯地　真田の救援　数十分後,旁白,27BD2B9FA6BC60FE1D00441B4DF709ED0FAFD4BF799A994F700934EF7BFA651D,text,不能再让和泉继续说消极的话。现在的她无论怎么看，都是大量给药引发的恶醉。\p
4566,game_t04583,０３０：１９９８年_70：桂駐屯地　真田の救援　数十分後.egpack,０３０：１９９８年_70：桂駐屯地　真田の救援　数十分後,旁白,1AA0CAF6B0D1B1A04B14B9215D8F8C69B9387BA4BC82E63B91FFCD8193305BC0,text,不安若让剧烈的情绪起伏持续下去，强化装备每次都会自动给她注入镇静剂。这样一来，所有战术药剂都会耗尽。\p
4567,game_t04584,０３０：１９９８年_70：桂駐屯地　真田の救援　数十分後.egpack,０３０：１９９８年_70：桂駐屯地　真田の救援　数十分後,旁白,C998E793BA9BE5F6A2CFD3D2B6E5EFBC1A9C4B7B4034D32102B2DD735A45B6DB,text,保持现在的状态，或许还有办法撑过去。可一旦战术药剂失效——\p
4568,game_t04585,０３０：１９９８年_70：桂駐屯地　真田の救援　数十分後.egpack,０３０：１９９８年_70：桂駐屯地　真田の救援　数十分後,旁白,2F7C4852A9E105F38DF030BD2B6550D91DD77696F7A59D00B8DDD7D724C859DB,text,和泉的精神一定再也承受不住——\p
4569,game_t04586,０３０：１９９８年_70：桂駐屯地　真田の救援　数十分後.egpack,０３０：１９９８年_70：桂駐屯地　真田の救援　数十分後,唯依,6155C276BB4646545298218D45C408C9D4D6390CA591356D9423031A4AB7311D,text,「炮击是按区域实施的。BETA已经渗透到那些区域，这是事实。」\p
4570,game_t04587,０３０：１９９８年_70：桂駐屯地　真田の救援　数十分後.egpack,０３０：１９９８年_70：桂駐屯地　真田の救援　数十分後,和泉,FC1BB2D07B8CA4CB833A8FC775711F88FDC75DF9188537E5BF556C9021D9D39C,text,「…\w…\w…\w…\w」\p
4571,game_t04588,０３０：１９９８年_70：桂駐屯地　真田の救援　数十分後.egpack,０３０：１９９８年_70：桂駐屯地　真田の救援　数十分後,唯依,332CB5C29B5B54B917BD9DA65D08ACCEBF24E9F5231331D831FA369CB2A40405,text,「但反过来想，那些炮击正是帝国军仍在组织抵抗的证据吧。」\p
4572,game_t04589,０３０：１９９８年_70：桂駐屯地　真田の救援　数十分後.egpack,０３０：１９９８年_70：桂駐屯地　真田の救援　数十分後,旁白,AAF05692692EF24E6C2B0908C8A5F466C8DF70E5F5A5F86EAC288999CBED2ADC,text,部队指挥官会获得数据链中央控制代码——而我没有那个代码，无法查看大家的药剂余量。\p
4573,game_t04590,０３０：１９９８年_70：桂駐屯地　真田の救援　数十分後.egpack,０３０：１９９８年_70：桂駐屯地　真田の救援　数十分後,旁白,E2276A8889DC21268F5293EE2BD9077E46531469B487955D4BCB9FB7E67EBFFB,text,必须尽可能让和泉怀抱希望……也为了我自己……\p
4574,game_t04591,０３０：１９９８年_70：桂駐屯地　真田の救援　数十分後.egpack,０３０：１９９８年_70：桂駐屯地　真田の救援　数十分後,山城,3E7912885F7EB4CACE932ADDB12A267803F87F0353F295EB6CBA4DA947647DD9,text,「——这样的话，即使没有声振探测和数据链，也能看出哪些区域接敌率低、又潜藏着友军。」\p
4575,game_t04592,０３０：１９９８年_70：桂駐屯地　真田の救援　数十分後.egpack,０３０：１９９８年_70：桂駐屯地　真田の救援　数十分後,唯依,2B08F0AD57F92087B8167EEFCDDB1FB010D46761A4688E15BB5F2020D5C5FD07,text,「原来如此！只要仔细分析炮击区域的统计……！」\p
4576,game_t04593,０３０：１９９８年_70：桂駐屯地　真田の救援　数十分後.egpack,０３０：１９９８年_70：桂駐屯地　真田の救援　数十分後,旁白,5B5A0EA9163A7273EDA1D08690D583179355D042F4AE5FD21A19764CD9D1AD06,text,山城……！你果然很厉害……\p
4577,game_t04594,０３０：１９９８年_70：桂駐屯地　真田の救援　数十分後.egpack,０３０：１９９８年_70：桂駐屯地　真田の救援　数十分後,山城,65DB76E9A33500BB093ED51D95BA3332EBCF1B451D73960EB799C22461FEA062,text,「……守卫御所的斯卫主力——正在阻止敌军侵攻……！？」\p
4578,game_t04595,０３０：１９９８年_70：桂駐屯地　真田の救援　数十分後.egpack,０３０：１９９８年_70：桂駐屯地　真田の救援　数十分後,唯依,85646DD5F883BB46DC9865FE047B172BE6D6C777B779EBA5A39396DF6F511D03,text,「我们一边收集补给箱，一边前往二条城本营！这样就能纳入司令部直属的指挥管制——！？」\p
4579,game_t04596,０３０：１９９８年_70：桂駐屯地　真田の救援　数十分後.egpack,０３０：１９９８年_70：桂駐屯地　真田の救援　数十分後,唯依,2979255F7068F199E2A8C0124EB90CBDB83ADFF5AED7C971C8EF0A38D139562B,text,「——哇啊啊啊！？」\p
4580,game_t04597,０３０：１９９８年_70：桂駐屯地　真田の救援　数十分後.egpack,０３０：１９９８年_70：桂駐屯地　真田の救援　数十分後,和泉,B608DF5A4579D5D1A193639D578212769495713B55DB460048446EBD456BE0BF,text,「——唯依！？」
4581,game_t04598,０３０：１９９８年_70：桂駐屯地　真田の救援　数十分後.egpack,０３０：１９９８年_70：桂駐屯地　真田の救援　数十分後,山城,F89D97060EC72F644D4A35A0962143DB0305614C2A2BCD499279B8BE2C0BEF92,text,「——篁同学！？」\p
4582,game_t04599,０３０：１９９８年_70：桂駐屯地　真田の救援　数十分後.egpack,０３０：１９９８年_70：桂駐屯地　真田の救援　数十分後,唯依,C70F9DB5D5BE404841D7A9C283735BFA30D9A3DDCCB6A4ABFA782DF5B46EA2F0,text,「——！？监视器……！！」\p
4583,game_t04600,０３０：１９９８年_70：桂駐屯地　真田の救援　数十分後.egpack,０３０：１９９８年_70：桂駐屯地　真田の救援　数十分後,旁白,86EFAC531450FE090BE3AE8E3BD527097B751C037C4BA09172AFD14EFB436FFA,text,通过数据链调出山城机的影像——！！\p
4584,game_t04601,０３０：１９９８年_70：桂駐屯地　真田の救援　数十分後.egpack,０３０：１９９８年_70：桂駐屯地　真田の救援　数十分後,唯依,556743260F8944FC2CE10326F8DED69DCEC4B4F5983E845FDD6B08A5EAA0F4D3,text,「——什么……！？」\p
4585,game_t04602,０３０：１９９８年_70：桂駐屯地　真田の救援　数十分後.egpack,０３０：１９９８年_70：桂駐屯地　真田の救援　数十分後,旁白,69CE135589341489351F2332E6504DEF9962DBC0D9C20267CE2115D2D75D2B72,text,突击级为什么会——究竟从哪里来的？！\p
4586,game_t04603,０３０：１９９８年_70：桂駐屯地　真田の救援　数十分後.egpack,０３０：１９９８年_70：桂駐屯地　真田の救援　数十分後,和泉,9AECE0B6E8CF50714D413CC6168ADC61EA59EE638E53C3CA5E29AE5AC280B150,text,「——那家伙不是已经死了吗……！？它明明一直卡在那里……一动不动……！？」\p
4587,game_t04604,０３０：１９９８年_70：桂駐屯地　真田の救援　数十分後.egpack,０３０：１９９８年_70：桂駐屯地　真田の救援　数十分後,山城,426C679A94383B3891FA3926482E34A3C1E033D078FC782CB5376B1F6417E1AA,text,「——能登，你在做什么！快抛离供给阀——快！！」\p
4588,game_t04605,０３０：１９９８年_70：桂駐屯地　真田の救援　数十分後.egpack,０３０：１９９８年_70：桂駐屯地　真田の救援　数十分後,旁白,67812E2813810D02EF61F046C3653E28E6ED00B4DF4E5D89F0933042AF9DF6AD,text,——必须弹射逃生……！！\p
4589,game_t04606,０３０：１９９８年_70：桂駐屯地　真田の救援　数十分後.egpack,０３０：１９９８年_70：桂駐屯地　真田の救援　数十分後,山城,5F7F3CD3A85472F9F289AB8EDD5E6EE9537F9565B86902546CB54C5FD13EFF09,text,「——不行，篁同学！！」\p
4590,game_t04607,０３０：１９９８年_70：桂駐屯地　真田の救援　数十分後.egpack,０３０：１９９８年_70：桂駐屯地　真田の救援　数十分後,唯依,4ADF8E86C93BC8BCB432CA1CF4855213026BE1C867BCCFF80837D08B706BC491,text,「——咦！？」\p
4591,game_t04608,０３０：１９９８年_70：桂駐屯地　真田の救援　数十分後.egpack,０３０：１９９８年_70：桂駐屯地　真田の救援　数十分後,山城,9F0D52B0F1E497AF6B98710C08363BECB67FCCAA016260E3BA45959936B7A2E9,text,「推进剂正在泄漏——会发生诱爆！！」\p
4592,game_t04609,０３０：１９９８年_70：桂駐屯地　真田の救援　数十分後.egpack,０３０：１９９８年_70：桂駐屯地　真田の救援　数十分後,唯依,8331F90C9ED4AA79F3CE2C5F97873D98AC7585C6473E17F2D1037F8308FA436A,text,「――！？」\p
4593,game_t04610,０３０：１９９８年_70：桂駐屯地　真田の救援　数十分後.egpack,０３０：１９９８年_70：桂駐屯地　真田の救援　数十分後,和泉,61243AF04E48DD2A4AF7D59191309F8412C7955B007821D1EF81E942C889BF88,text,「——大队规模BETA群……！？骗人……的吧……！？」\p
4594,game_t04611,０３０：１９９８年_70：桂駐屯地　真田の救援　数十分後.egpack,０３０：１９９８年_70：桂駐屯地　真田の救援　数十分後,旁白,9B0135F03441C5CA6F70DFFB20A21B6D7A278E0090A78BF0F9DC3427937DD9D9,text,大型种566只——小型种……超过测量上限……！？\p
4595,game_t04612,０３０：１９９８年_70：桂駐屯地　真田の救援　数十分後.egpack,０３０：１９９８年_70：桂駐屯地　真田の救援　数十分後,唯依,D227213269BC545101C698DBEBF2C5A8236FE631F61231F0278B2F4735F2CA88,text,「——立刻脱离，前往本营！！否则我们会全灭！！」\p
4596,game_t04613,０３０：１９９８年_70：桂駐屯地　真田の救援　数十分後.egpack,０３０：１９９８年_70：桂駐屯地　真田の救援　数十分後,山城,E2E7D5FAA1920EE8E501207D40592DB7B4F6A5AA2D5A9FAA23AA794A69AC8BAF,text,「——给我滚开，怪物！！——快、快、快！！」\p
4597,game_t04614,０３０：１９９８年_70：桂駐屯地　真田の救援　数十分後.egpack,０３０：１９９８年_70：桂駐屯地　真田の救援　数十分後,旁白,556B4CD5AACF90524529B405F85C465698581F022F5BDD43E0A09518629735AF,text,——BETA已经逼近到600以内！再过几分钟——！！\p
4598,game_t04615,０３０：１９９８年_70：桂駐屯地　真田の救援　数十分後.egpack,０３０：１９９８年_70：桂駐屯地　真田の救援　数十分後,唯依,8F09527496424A58E2208583B90AEBE23E50D20978BEE09507334CC077F3C887,text,「——已经够了，山城，快走！和泉你还在做什么——快逃！！」\p
4599,game_t04616,０３０：１９９８年_70：桂駐屯地　真田の救援　数十分後.egpack,０３０：１９９８年_70：桂駐屯地　真田の救援　数十分後,和泉,CF66885D8604D7458750C3E2050920F64BEB6A8DBCDD210DC8B1D89A860FDBA6,text,「——对不起，唯依——对不起！！」\p
4600,game_t04617,０３０：１９９８年_70：桂駐屯地　真田の救援　数十分後.egpack,０３０：１９９８年_70：桂駐屯地　真田の救援　数十分後,和泉,7D2980B2BEE142E5BFA893252F1D8F64408CE96773172BE378C6C8BB1594B0A6,text,「——对不起，我说了那种话！对不起，我说了那么过分的话！！」\p
4601,game_t04618,０３０：１９９８年_70：桂駐屯地　真田の救援　数十分後.egpack,０３０：１９９８年_70：桂駐屯地　真田の救援　数十分後,唯依,0235CC85D0CB8A968913943BF9992B71182A008A35D5509A2C35EB520992A449,text,「那些根本无所谓！那都是‘恶醉’——」\p
4602,game_t04619,０３０：１９９８年_70：桂駐屯地　真田の救援　数十分後.egpack,０３０：１９９８年_70：桂駐屯地　真田の救援　数十分後,和泉,9C726C42E553F2F622102E2E7E0AAFB176C4612345CB1467BB2F78387B4BBBDF,text,「——不行！不能推给任何人——不能把责任推给处置啊！！」\p
4603,game_t04620,０３０：１９９８年_70：桂駐屯地　真田の救援　数十分後.egpack,０３０：１９９８年_70：桂駐屯地　真田の救援　数十分後,唯依,898405BF3479D9DFE993DCF2333340E5426EE296F761FF85956E44BA88CCFC52,text,「——已经不到100了！快逃！！」\p
4604,game_t04621,０３０：１９９８年_70：桂駐屯地　真田の救援　数十分後.egpack,０３０：１９９８年_70：桂駐屯地　真田の救援　数十分後,唯依,110C603B314993E61B7470EDDB5F97F99F273F4A2643179C640FA4BB8FDBB822,text,「——獠牙2呼叫獠牙3，立即脱离战区，前往司令部本营与主力会合——此后指挥权交给你。以上！」\p
4605,game_t04622,０３０：１９９８年_70：桂駐屯地　真田の救援　数十分後.egpack,０３０：１９９８年_70：桂駐屯地　真田の救援　数十分後,山城,8BD70C2A0EF39618FC70C23BCD4DEB43665455AE31FB84A5545B3ADD0436FB81,text,「——獠牙3明白。连替你了结都做不到，真是抱歉。」\p
4606,game_t04623,０３０：１９９８年_70：桂駐屯地　真田の救援　数十分後.egpack,０３０：１９９８年_70：桂駐屯地　真田の救援　数十分後,唯依,79A01A92BEBA0EE9094398D05ADECCA4BAF2942239E145CC17B6C55AB301B064,text,「驾驶员还活着，诱饵效果才更好。快走吧。」\p
4607,game_t04624,０３０：１９９８年_70：桂駐屯地　真田の救援　数十分後.egpack,０３０：１９９８年_70：桂駐屯地　真田の救援　数十分後,山城,FC1BB2D07B8CA4CB833A8FC775711F88FDC75DF9188537E5BF556C9021D9D39C,text,「…\w…\w…\w…\w」\p
4608,game_t04625,０３０：１９９８年_70：桂駐屯地　真田の救援　数十分後.egpack,０３０：１９９８年_70：桂駐屯地　真田の救援　数十分後,山城,8F24D23EE48B25851CCB1CEE898D61DA7BADA2C50B125F2F27B2A2B7018C3EC5,text,「——后退，獠牙11。跑出诱爆范围后，以喷射地表滑行脱离战区！」\p
4609,game_t04626,０３０：１９９８年_70：桂駐屯地　真田の救援　数十分後.egpack,０３０：１９９８年_70：桂駐屯地　真田の救援　数十分後,和泉,4722D267D0F5453A3B942A68B681C0080F97A4E42507F3844F82716A7BFB052A,text,「——呜呜呜……！！唯依！！」\p
4610,game_t04627,０３０：１９９８年_70：桂駐屯地　真田の救援　数十分後.egpack,０３０：１９９８年_70：桂駐屯地　真田の救援　数十分後,山城,E71A954FDF6469B8843E77085B84CB9C90840CD1070A29E27E617D78E1400BEC,text,「——振作一点，獠牙11！你想白白送死吗！？」\p
4611,game_t04628,０３０：１９９８年_70：桂駐屯地　真田の救援　数十分後.egpack,０３０：１９９８年_70：桂駐屯地　真田の救援　数十分後,唯依,59E8095683AA0BA3B589855F1151B8FDE2D094732A91DC09C84B30DC74217532,text,「——和泉！你不是要替未婚夫报仇吗！？」\p
4612,game_t04629,０３０：１９９８年_70：桂駐屯地　真田の救援　数十分後.egpack,０３０：１９９８年_70：桂駐屯地　真田の救援　数十分後,和泉,5930C19DA64244D838830E2439DDBBFAB2E504F3BFF273BCED353A4376013E10,text,「——！？」\p
4613,game_t04630,０３０：１９９８年_70：桂駐屯地　真田の救援　数十分後.egpack,０３０：１９９８年_70：桂駐屯地　真田の救援　数十分後,唯依,5A0C21B7F470C7323A6C9D98915A67E8F70B5269B5F63C465BDCD5DA34C50CC2,text,「——求你了，和泉！活下去，完成这件事——这里不是你该死的地方！」\p
4614,game_t04631,０３０：１９９８年_70：桂駐屯地　真田の救援　数十分後.egpack,０３０：１９９８年_70：桂駐屯地　真田の救援　数十分後,和泉,968EE46FCA611C656502846B68731BC4242CB9C586C29BD3DF29D139CCBB0819,text,「——啊……啊啊啊……啊啊啊！！」\p
4615,game_t04632,０３０：１９９８年_70：桂駐屯地　真田の救援　数十分後.egpack,０３０：１９９８年_70：桂駐屯地　真田の救援　数十分後,山城,0E744165D77A1532AA94DD152983116EDE5A8A333903A4377442EA281B25ACAD,text,「——能登，快躲开！！」\p
4616,game_t04633,０３０：１９９８年_70：桂駐屯地　真田の救援　数十分後.egpack,０３０：１９９８年_70：桂駐屯地　真田の救援　数十分後,和泉,E5B73B90E6BFD83E3DAE5A2AC744AB40F71F30E27B09D780C46E04B76179FDE5,text,「——咦……！？」\p
4617,game_t04634,０３０：１９９８年_70：桂駐屯地　真田の救援　数十分後.egpack,０３０：１９９８年_70：桂駐屯地　真田の救援　数十分後,唯依,042EDF8A29B37B3A5BE049CCA66B0870DBF4FB98C34F59FCCFBA2643D8664EBB,text,「——和……泉！」\p
4618,game_t04635,０３０：１９９８年_70：桂駐屯地　真田の救援　数十分後.egpack,０３０：１９９８年_70：桂駐屯地　真田の救援　数十分後,声,A0C12AF37BE245483555113F00E942112B28EB8A80AD539B0A03E747485F04D7,text,「——你们给我留了推进剂吧？——我们这边的家伙可是很能吃的。」\p
4619,game_t04636,０３０：１９９８年_70：桂駐屯地　真田の救援　数十分後.egpack,０３０：１９９８年_70：桂駐屯地　真田の救援　数十分後,旁白,57188530B83787D3472112B5E87AC76F4381FE65B1A7B2D0ABC3DC6F6C5AF43B,text,……这个声音是！？\p
4620,game_t04637,０３０：１９９８年_70：桂駐屯地　真田の救援　数十分後.egpack,０３０：１９９８年_70：桂駐屯地　真田の救援　数十分後,真田教官,53D6BECD0AE7AB207F45518DC6B1DF8BFE74855D374129569B38D7165747281A,text,「——熬过了‘死亡8分钟’，总算有几分卫士的样子了吗，啊？」\p
4621,game_t04638,０３０：１９９８年_70：桂駐屯地　真田の救援　数十分後.egpack,０３０：１９９８年_70：桂駐屯地　真田の救援　数十分後,唯依,9522394A50DCD9A6A9FD5416077AB4B23DEF272E03D0979D3EB43139E9EB72E0,text,「——真田……教官！？」
4622,game_t04639,０３０：１９９８年_70：桂駐屯地　真田の救援　数十分後.egpack,０３０：１９９８年_70：桂駐屯地　真田の救援　数十分後,山城,C54D88BB7C6D653055B51D5BAF978059992B7133EB390BE9ED9EFFA12854ED90,text,「——真田教官！？」
4623,game_t04640,０３０：１９９８年_70：桂駐屯地　真田の救援　数十分後.egpack,０３０：１９９８年_70：桂駐屯地　真田の救援　数十分後,和泉,B3AE68802A2ECC2B635224D4ED0D36505E14C913F2E415F4F7464CAF62A0B5D9,text,「……教官……！？」\p
4624,game_t04641,０３０：１９９８年_70：桂駐屯地　真田の救援　数十分後.egpack,０３０：１９９８年_70：桂駐屯地　真田の救援　数十分後,真田教官,D1575963BC7C85070761C68635FC6E6BED34854E7E4A4E793878F02D55C58928,text,「——任官仪式太寒酸，连自己已经任官都忘了吗？我早就不是你们的教官了！」\p
4625,game_t04642,０３０：１９９８年_70：桂駐屯地　真田の救援　数十分後.egpack,０３０：１９９８年_70：桂駐屯地　真田の救援　数十分後,真田教官,68336B6615F78A0AE0431C9CB0FE5BB34ABB574F044FF910379ED97185EB22A2,text,「——但别得意忘形！就算如此，我也不是你们这些斯卫小兵的下属——我是回归帝国军的上尉！」\p
4626,game_t04643,０３０：１９９８年_70：桂駐屯地　真田の救援　数十分後.egpack,０３０：１９９８年_70：桂駐屯地　真田の救援　数十分後,真田大尉,16E0DA2066F0B9412E0DC532C2E2255B11CAFEC8FAF467CFDB950B7262AFAEC3,text,「——这里是群狼1，乳牙们的安全已经确保——现在可以放手杀了！！」\p
4627,game_t04644,０３０：１９９８年_70：桂駐屯地　真田の救援　数十分後.egpack,０３０：１９９８年_70：桂駐屯地　真田の救援　数十分後,ウルフ中隊,77285A5190DCB34DE5C4954BA05BBEB12CD7FB4C1DBF9E21F7BACCB041E81BD0,text,「——明白！」\p
4628,game_t04645,０３０：１９９８年_70：桂駐屯地　真田の救援　数十分後.egpack,０３０：１９９８年_70：桂駐屯地　真田の救援　数十分後,唯依,B42FB9B7A1E1BFB243A3CE02FF1093DA9A60721D032294BD0B8D9C50E345CFC2,text,「……那就是帝国军的第三代机——94式·不知火……！！」\p
4629,game_t04646,０３０：１９９８年_70：桂駐屯地　真田の救援　数十分後.egpack,０３０：１９９８年_70：桂駐屯地　真田の救援　数十分後,真田大尉,43A8AA1EDE84D4B7738D1818E937E281F404331AF48C1194417C25AC9848A0B9,text,「——不，不对。这是强化机动性能的一型丙。」\p
4630,game_t04647,０３０：１９９８年_70：桂駐屯地　真田の救援　数十分後.egpack,０３０：１９９８年_70：桂駐屯地　真田の救援　数十分後,唯依,965083E0E8997C165E46A5EE7C602D70256A83212387BA8177CE76D0633081B0,text,「94式·一型丙……」\p
4631,game_t04648,０３０：１９９８年_70：桂駐屯地　真田の救援　数十分後.egpack,０３０：１９９８年_70：桂駐屯地　真田の救援　数十分後,真田大尉,C54D137775085616958C316303F28D7557AB4FFDEDDCF4D78FD39D72EF8EEC0A,text,「这架问题机又耗油、操纵特性又过分敏感，只采购了100架就停止。不过对从大陆回来的人而言，这种程度正合适。」\p
4632,game_t04649,０３０：１９９８年_70：桂駐屯地　真田の救援　数十分後.egpack,０３０：１９９８年_70：桂駐屯地　真田の救援　数十分後,山城,07A7695F76E1CCD47611A2FBC41FAC3DBAB59AF94CB6C580A25746EA71730B4D,text,「——谢谢您，真田上尉。多亏您，我们才捡回一命。」\p
4633,game_t04650,０３０：１９９８年_70：桂駐屯地　真田の救援　数十分後.egpack,０３０：１９９８年_70：桂駐屯地　真田の救援　数十分後,真田大尉,8E8DF7DD4A5C83B1243977E58D7DFA79176FAC7EBDDDECB82D280F694D688240,text,「——哼，我们和一型丙也都是斯卫捡回来的……不过是还一点利息。」\p
4634,game_t04651,０３０：１９９８年_70：桂駐屯地　真田の救援　数十分後.egpack,０３０：１９９８年_70：桂駐屯地　真田の救援　数十分後,唯依,F64EF526B6234A056AD11679AE18A1226CF4CE7102920DAE996CB4C1118AF03E,text,「这么说……藤堂助教和芹泽教官也在这支部队！？」\p
4635,game_t04652,０３０：１９９８年_70：桂駐屯地　真田の救援　数十分後.egpack,０３０：１９９８年_70：桂駐屯地　真田の救援　数十分後,真田大尉,D19A4CDB47A13D2E23E99194B611C3120E33621264178F74C4B9F9B852F06F23,text,「是啊，直到刚才还在。不过他们两个已经先一步去了九段。」\p
4636,game_t04653,０３０：１９９８年_70：桂駐屯地　真田の救援　数十分後.egpack,０３０：１９９８年_70：桂駐屯地　真田の救援　数十分後,唯依,13BF2788ADE5543F934BFFCFDB850130096CE84556777420D9D88BA561B1B1F5,text,「…\w…\w！？」
4637,game_t04654,０３０：１９９８年_70：桂駐屯地　真田の救援　数十分後.egpack,０３０：１９９８年_70：桂駐屯地　真田の救援　数十分後,山城,2F5DDCA1C317CAB54825B04E30D23EB62EC14CC07128C6CBC0DF4BC4AF52DB26,text,「…\w…\w…\w…\w」
4638,game_t04655,０３０：１９９８年_70：桂駐屯地　真田の救援　数十分後.egpack,０３０：１９９８年_70：桂駐屯地　真田の救援　数十分後,和泉,6005F4D1E21035D4BAD6E788182EA5820D18A22E2E65E3D74B1754072E6FF77D,text,「……！？」\p
4639,game_t04656,０３０：１９９８年_70：桂駐屯地　真田の救援　数十分後.egpack,０３０：１９９８年_70：桂駐屯地　真田の救援　数十分後,真田大尉,0B1A22FC687514A6BFADBDD72F9C1704EAAF9A68FC52946B64C58E8B5B16995E,text,「话说回来，你们干得不错。连我的中队都已经被吃掉四机……你们竟然能一路活到这里。」\p
4640,game_t04657,０３０：１９９８年_70：桂駐屯地　真田の救援　数十分後.egpack,０３０：１９９８年_70：桂駐屯地　真田の救援　数十分後,和泉,FC1BB2D07B8CA4CB833A8FC775711F88FDC75DF9188537E5BF556C9021D9D39C,text,「…\w…\w…\w…\w」\p
4641,game_t04658,０３０：１９９８年_70：桂駐屯地　真田の救援　数十分後.egpack,０３０：１９９８年_70：桂駐屯地　真田の救援　数十分後,旁白,7F7A234D428576C9042A15882F1B7BE6A8B9B4C41A715F06AE574C825BEEBE85,text,真田教官知道我们之中谁已经牺牲……\p
4642,game_t04659,０３０：１９９８年_70：桂駐屯地　真田の救援　数十分後.egpack,０３０：１９９８年_70：桂駐屯地　真田の救援　数十分後,唯依,795D1367243E920F11FFD5D8C921CDF4C0FE4A83F931A5709D202EDFDE7565D1,text,「真田上尉，战况现在如何？广域数据链几乎全部失效，我们无法掌握局势。」\p
4643,game_t04660,０３０：１９９８年_70：桂駐屯地　真田の救援　数十分後.egpack,０３０：１９９８年_70：桂駐屯地　真田の救援　数十分後,旁白,3971B70975AC484A86CC7337D818E62EF30E8B2FCBADE3ADD6A71BADAC5149EA,text,两条主臂的功能都有少许下降……\p
4644,game_t04661,０３０：１９９８年_70：桂駐屯地　真田の救援　数十分後.egpack,０３０：１９９８年_70：桂駐屯地　真田の救援　数十分後,旁白,880A0EDD613028325A6758D02A55E83178D8DC8FBE59509BAD84B859C0782220,text,得救了……承受那么强烈的冲击，却只有这点损伤，简直是奇迹……\p
4645,game_t04662,０３０：１９９８年_70：桂駐屯地　真田の救援　数十分後.egpack,０３０：１９９８年_70：桂駐屯地　真田の救援　数十分後,真田大尉,3C93AEDC92F6726567193949826998BBD1C1D7D04BFC2F1217FD9E99A9BDFA21,text,「——听说是高浓度重金属云造成的故障，所以我这边掌握的也不是最新情况。」\p
4646,game_t04663,０３０：１９９８年_70：桂駐屯地　真田の救援　数十分後.egpack,０３０：１９９８年_70：桂駐屯地　真田の救援　数十分後,真田大尉,EE2E5DE88A5A530DE01FACEACF047609A23A965B7CDDE45A45C50E9D54FD0E7B,text,「在琵琶湖舰队全力炮击下，本次向东推进的敌军主力已有七成变成肉块。」\p
4647,game_t04664,０３０：１９９８年_70：桂駐屯地　真田の救援　数十分後.egpack,０３０：１９９８年_70：桂駐屯地　真田の救援　数十分後,真田大尉,DBDEB39C8377EF62E3EF12BCC4FEDC7EF87CBFF266B7A728F84F19C24F3105CB,text,「但第一、第二、最终防线，以及大阪市区几乎全部毁灭。仍能维持有组织军事行动的，只剩京都外围高地内侧北部及其东侧。」\p
4648,game_t04665,０３０：１９９８年_70：桂駐屯地　真田の救援　数十分後.egpack,０３０：１９９８年_70：桂駐屯地　真田の救援　数十分後,真田大尉,D6A58DD747220D03A7B99D80CF319C61B066ECA6E0FF8AE9FD43704B1C67EAC2,text,「京都市区西半部也成了舰炮区域压制目标。现状是除上京、中京、东山、山科四区外，其余区域都已被BETA渗透。」\p
4649,game_t04666,０３０：１９９８年_70：桂駐屯地　真田の救援　数十分後.egpack,０３０：１９９８年_70：桂駐屯地　真田の救援　数十分後,真田大尉,A2F3B4A43DAD76F393505B3EF8F99680F997098D8B28FC248316F7DD1DCAED0E,text,「为了死守京都御所一带，驻二条城的斯卫军帝都镇守联队，以及驻壬生的我部帝国军首都防卫联队，都已向前部署。」\p
4650,game_t04667,０３０：１９９８年_70：桂駐屯地　真田の救援　数十分後.egpack,０３０：１９９８年_70：桂駐屯地　真田の救援　数十分後,真田大尉,A73AE7574532D3581579101CDC1C726D5B429E15E3B3C09D87111F79D296AED6,text,「此外，本土防卫军中部方面队主力也已经出动，死守连接琵琶湖的山科。」\p
4651,game_t04668,０３０：１９９８年_70：桂駐屯地　真田の救援　数十分後.egpack,０３０：１９９８年_70：桂駐屯地　真田の救援　数十分後,旁白,DFC19827DBD07DD02BAC5A26AAF456AFA13021A9AC3AF559639D528A218C6B00,text,真厉害……山城的判断几乎全都正确。\p
4652,game_t04669,０３０：１９９８年_70：桂駐屯地　真田の救援　数十分後.egpack,０３０：１９９８年_70：桂駐屯地　真田の救援　数十分後,旁白,55CE690D5DC90E49470423D23AF0CA06A64228801171A421FBFAAC118A93BD5D,text,距离守卫御所的斯卫主力直线约7公里……即使考虑绕开区域压制地区，也只需十几分钟……\p
4653,game_t04670,０３０：１９９８年_70：桂駐屯地　真田の救援　数十分後.egpack,０３０：１９９８年_70：桂駐屯地　真田の救援　数十分後,旁白,2A28927DF2C8569403847F1EC2E415BB6C238E995115387B69FF3CDBDF3F5C9F,text,不过，前提是我们能平安穿过潜伏着无数BETA的市区……\p
4654,game_t04671,０３０：１９９８年_70：桂駐屯地　真田の救援　数十分後.egpack,０３０：１９９８年_70：桂駐屯地　真田の救援　数十分後,真田大尉,A6355E1647296E12CCD071F0CE30D314D2DF88E6ACC047E115632C350D40CA3F,text,「我们这支分遣队的任务，是一边收集物资，一边在这片战区游动作战，把从大阪北上、前往山科的那些臭虫踩烂。」\p
4655,game_t04672,０３０：１９９８年_70：桂駐屯地　真田の救援　数十分後.egpack,０３０：１９９８年_70：桂駐屯地　真田の救援　数十分後,真田大尉,47DB56ADBCD1BB91F9048D2DAE2CEDA65CE3889FA96E577C2C438CC005FFBE35,text,「推进剂快要见底，所以我们接近驻地，正好听见开放频道上吵得厉害。于是就闯进来，打算抱怨几句。」\p
4656,game_t04673,０３０：１９９８年_70：桂駐屯地　真田の救援　数十分後.egpack,０３０：１９９８年_70：桂駐屯地　真田の救援　数十分後,真田大尉,248F99CA6A043718DB59160D376C3681C2FC05451DC1008F1A8B39E83C1B1ABC,text,「——那么，你们接下来怎么办？从通讯内容来看，应该已经没有任何命令留下了。」\p
4657,game_t04674,０３０：１９９８年_70：桂駐屯地　真田の救援　数十分後.egpack,０３０：１９９８年_70：桂駐屯地　真田の救援　数十分後,唯依,FC1BB2D07B8CA4CB833A8FC775711F88FDC75DF9188537E5BF556C9021D9D39C,text,「…\w…\w…\w…\w」\p
4658,game_t04675,０３０：１９９８年_70：桂駐屯地　真田の救援　数十分後.egpack,０３０：１９９８年_70：桂駐屯地　真田の救援　数十分後,旁白,F61BE9106F42213448835BC2A0DC2100D14CFB183922827E45953AB608275273,text,我不想犯分散战力的愚行……既然如此，就这样与真田上尉他们同行——\p
4659,game_t04676,０３０：１９９８年_70：桂駐屯地　真田の救援　数十分後.egpack,０３０：１９９８年_70：桂駐屯地　真田の救援　数十分後,旁白,120C91D6C311F4511557B871CCA212A9A5E85B4C77173A263819277942AC71DB,text,不，不能这样……我们只会成为累赘，让上尉更难完成任务。\p
4660,game_t04677,０３０：１９９８年_70：桂駐屯地　真田の救援　数十分後.egpack,０３０：１９９８年_70：桂駐屯地　真田の救援　数十分後,旁白,D34C05BA53894BA5728D78C4DEAAA98BC4E36B0EE98E57A372CA0431EDEDB226,text,而且……这是依赖，只不过是在逃避。\p
4661,game_t04678,０３０：１９９８年_70：桂駐屯地　真田の救援　数十分後.egpack,０３０：１９９８年_70：桂駐屯地　真田の救援　数十分後,旁白,B6848A4C7B5C314F8D594EAB7338D724747DF05EFCD09A394195D1A16557BC00,text,这种情况下重逢曾经照顾我们的上尉等人，所以我才想依靠他们……\p
4662,game_t04679,０３０：１９９８年_70：桂駐屯地　真田の救援　数十分後.egpack,０３０：１９９８年_70：桂駐屯地　真田の救援　数十分後,旁白,9D43A7C7F63464EC953F2F168B2DA42B14DFD9EFEC2BD94CC232B10DDBA29F3C,text,若真想以帝国斯卫的身份歼灭BETA……就必须学会选择不去做什么……\p
4663,game_t04680,０３０：１９９８年_70：桂駐屯地　真田の救援　数十分後.egpack,０３０：１９９８年_70：桂駐屯地　真田の救援　数十分後,真田大尉,9A6897AEA09776E17EC74D716D318741A4CB810C8E06C6CEAA25B4B5A2E9A930,text,「——怎么决定，篁？」\p
4664,game_t04681,０３０：１９９８年_70：桂駐屯地　真田の救援　数十分後.egpack,０３０：１９９８年_70：桂駐屯地　真田の救援　数十分後,唯依,151EC4B5E8EB931EC325BF0A3DE6D500953A20ABB83E38F6B0D3FDA88D604F91,text,「——我们将前往二条城本营，与斯卫主力会合，再接受新的命令。」\p
4665,game_t04682,０３０：１９９８年_70：桂駐屯地　真田の救援　数十分後.egpack,０３０：１９９８年_70：桂駐屯地　真田の救援　数十分後,真田大尉,E92CF8BB1A8B7844A09207DA6DEA5956ACD20F6879A162A83EA343176C9A9A12,text,「这样啊——」\p
4666,game_t04683,０３０：１９９８年_70：桂駐屯地　真田の救援　数十分後.egpack,０３０：１９９８年_70：桂駐屯地　真田の救援　数十分後,真田大尉,854C3572C0077A1EB6FD862B1EBFC5A5935588828061C1F89469A700DF016713,text,「你们将前往市区战最激烈的区域，沿途渗透的敌人密度自然也很高。——既然如此，先去京都站看看。」\p
4667,game_t04684,０３０：１９９８年_70：桂駐屯地　真田の救援　数十分後.egpack,０３０：１９９８年_70：桂駐屯地　真田の救援　数十分後,唯依,D37CF37CB8DA65151DA0037142ABE2EF8A15F4E80477E56D2BEB09416688BDD6,text,「京都站……吗？」\p
4668,game_t04685,０３０：１９９８年_70：桂駐屯地　真田の救援　数十分後.egpack,０３０：１９９８年_70：桂駐屯地　真田の救援　数十分後,真田大尉,5AE028A727E26D1715E35912D43E66C3EB654E40D9332603499DFCA06F63504C,text,「乌丸中央口前的巴士总站已成为临时物资集散地。战术机所需武装应该一应俱全，运气好或许还能接受简单维修。」\p
4669,game_t04686,０３０：１９９８年_70：桂駐屯地　真田の救援　数十分後.egpack,０３０：１９９８年_70：桂駐屯地　真田の救援　数十分後,真田大尉,BED8583169939968BB6074F16E72855408C15BE2F371AA0294C69B32B57DFACF,text,「京都站周边由一个战术机甲中队和一个机械化装甲步兵大队严密防守。万一那里出事，就去壬生驻地，寻找曾任助教的齐藤中尉。他应该能设法通融。」\p
4670,game_t04687,０３０：１９９８年_70：桂駐屯地　真田の救援　数十分後.egpack,０３０：１９９８年_70：桂駐屯地　真田の救援　数十分後,真田大尉,336CE94820FA58072E61E80F698975E569D70133DF7EF609D73377DF19503CCC,text,「——拿去。我只能分给你们这些，不过总比赤手空拳强。」\p
4671,game_t04688,０３０：１９９８年_70：桂駐屯地　真田の救援　数十分後.egpack,０３０：１９９８年_70：桂駐屯地　真田の救援　数十分後,唯依,4F1C8DEC59364D689654D4C35E37F315826B18ADF484BFCE52376C75A76E5798,text,「——可是，这样一来上尉您……」\p
4672,game_t04689,０３０：１９９８年_70：桂駐屯地　真田の救援　数十分後.egpack,０３０：１９９８年_70：桂駐屯地　真田の救援　数十分後,真田大尉,8EE693C6F13A22D7713DE92900C0D139B8DCB8373510FAB1FF304783F44C2DC6,text,「我怎么了？哼，你在小看我吗——少啰嗦，收下。」\p
4673,game_t04690,０３０：１９９８年_70：桂駐屯地　真田の救援　数十分後.egpack,０３０：１９９８年_70：桂駐屯地　真田の救援　数十分後,和泉,AE9E4A5F6C08CB5B3B12AD1283F83AAA8FF3FCECC86E350221FDCA516DD1E9BB,text,「谢谢您。」\p
4674,game_t04691,０３０：１９９８年_70：桂駐屯地　真田の救援　数十分後.egpack,０３０：１９９８年_70：桂駐屯地　真田の救援　数十分後,山城,C7C1E62CF67D554A6D10E78555A18C3DC9F889C4865F389D7DEB18E297453008,text,「感谢您的关照，上尉。」\p
4675,game_t04692,０３０：１９９８年_70：桂駐屯地　真田の救援　数十分後.egpack,０３０：１９９８年_70：桂駐屯地　真田の救援　数十分後,唯依,645F2B1DB24EEDC368F39A71093B179B4BBF82A07082467FA3F98C1E880D8190,text,「……那我恭敬领受。」\p
4676,game_t04693,０３０：１９９８年_70：桂駐屯地　真田の救援　数十分後.egpack,０３０：１９９８年_70：桂駐屯地　真田の救援　数十分後,旁白,A97F2BE49B87C65DD87CA1CF5BDB4FF5B66C746EA44F24E0875F91718F914FD5,text,在这种情况下，他竟然还把宝贵的消耗装备分给我们……\p
4677,game_t04694,０３０：１９９８年_70：桂駐屯地　真田の救援　数十分後.egpack,０３０：１９９８年_70：桂駐屯地　真田の救援　数十分後,旁白,F4516F0AA4E83F4562E4EB44DE5B5CCFEA339D9718CA3C1586B5EACF2A952645,text,真田上尉分给我们的——承载着他的任务，也承载着整支部队的命运。换言之……那就是生命的重量。\p
4678,game_t04695,０３０：１９９８年_70：桂駐屯地　真田の救援　数十分後.egpack,０３０：１９９８年_70：桂駐屯地　真田の救援　数十分後,旁白,392BC2CA0FF6F102EF780E69B86F387C2AD86954D533FE914544811DB5551F97,text,可是，那也意味着——\p
4679,game_t04696,０３０：１９９８年_70：桂駐屯地　真田の救援　数十分後.egpack,０３０：１９９８年_70：桂駐屯地　真田の救援　数十分後,真田大尉,DA5ECFFE8CE383EE2156F78A28B4300CE836A373BD7FC74F74B08B0E240E1263,text,「好了，同学会该散场了。放心，不会让BETA追击你们。别碍事——快走！」\p
4680,game_t04697,０３０：１９９８年_70：桂駐屯地　真田の救援　数十分後.egpack,０３０：１９９８年_70：桂駐屯地　真田の救援　数十分後,唯依,4989940E56A8447F3711236937FF34BE74F39B438BBB751E53F264EB834C08B1,text,「——非常感谢，上尉！这份恩情，将来一定偿还！」\p
4681,game_t04698,０３０：１９９８年_70：桂駐屯地　真田の救援　数十分後.egpack,０３０：１９９８年_70：桂駐屯地　真田の救援　数十分後,山城,FC1BB2D07B8CA4CB833A8FC775711F88FDC75DF9188537E5BF556C9021D9D39C,text,「…\w…\w…\w…\w」\p
4682,game_t04699,０３０：１９９８年_70：桂駐屯地　真田の救援　数十分後.egpack,０３０：１９９８年_70：桂駐屯地　真田の救援　数十分後,和泉,FC1BB2D07B8CA4CB833A8FC775711F88FDC75DF9188537E5BF556C9021D9D39C,text,「…\w…\w…\w…\w」\p
4683,game_t04700,０３０：１９９８年_70：桂駐屯地　真田の救援　数十分後.egpack,０３０：１９９８年_70：桂駐屯地　真田の救援　数十分後,真田大尉,3BF1FCCED7D7BC5E25BEC0BBAD60285F21F7469359538BCFD9F5ABE8B984CDD0,text,「——还会再见的。」\p
4684,game_t04701,０３０：１９９８年_70：桂駐屯地　真田の救援　数十分後.egpack,０３０：１９９８年_70：桂駐屯地　真田の救援　数十分後,唯依,7EB0C697BB5B786A815611E1A04489943688FDB7813D374B4A73DE91639EF92D,text,「祝您武运昌隆……」\p
4685,game_t04702,０３０：１９９８年_70：桂駐屯地　真田の救援　数十分後.egpack,０３０：１９９８年_70：桂駐屯地　真田の救援　数十分後,旁白,2ABC7A50D9D840DBC800BF05C723D5D1F0BDAC67CB0D82EE25ECF596426A5E28,text,那时候……\p
4686,game_t04703,０３０：１９９８年_70：桂駐屯地　真田の救援　数十分後.egpack,０３０：１９９８年_70：桂駐屯地　真田の救援　数十分後,真田教官,D16F1E218C649C2379AF2F896CAD25C2BC6D44BAC65402FD1AE153E83F224F9E,text,「——你那套无谓的美学，会害死许多战友。」\p
4687,game_t04704,０３０：１９９８年_70：桂駐屯地　真田の救援　数十分後.egpack,０３０：１９９８年_70：桂駐屯地　真田の救援　数十分後,旁白,46C926FD52627DAF298B89D47F981461881BCD6594350E703CA4DCBD821B74DF,text,那时，上尉不是否定过这种不合理的行为吗……\p
4688,game_t04705,０３０：１９９８年_70：桂駐屯地　真田の救援　数十分後.egpack,０３０：１９９８年_70：桂駐屯地　真田の救援　数十分後,唯依,FC1BB2D07B8CA4CB833A8FC775711F88FDC75DF9188537E5BF556C9021D9D39C,text,「…\w…\w…\w…\w」\p
4689,game_t04706,０３０：１９９８年_70：桂駐屯地　真田の救援　数十分後.egpack,０３０：１９９８年_70：桂駐屯地　真田の救援　数十分後,旁白,ADFFB5915907921ECAC6486AC69F52B63C60B1BEE5755D8E5268C16EF551AC61,text,考虑到上尉他们在这种局势下背负的使命，这一连串行为全都不合理……\p
4690,game_t04707,０３０：１９９８年_70：桂駐屯地　真田の救援　数十分後.egpack,０３０：１９９８年_70：桂駐屯地　真田の救援　数十分後,旁白,2A63A1254700BFB597DFF2F14BEC407FF0D04FC781DE57F6BD805FC0CA896633,text,无论是介入原本可以避开的战斗、救下我们，还是把宝贵武装分给甚至不知能否存活的我们——\p
4691,game_t04708,０３０：１９９８年_70：桂駐屯地　真田の救援　数十分後.egpack,０３０：１９９８年_70：桂駐屯地　真田の救援　数十分後,旁白,852188B520BF4648A91A2D510F7BC12ECDFD606752A9B600C08506C78549D2A4,text,我无法理解其中的理由，是因为自己还不够成熟吗……\p
4692,game_t04709,０３０：１９９８年_71：真田の答え　ウルフ中隊の出撃.egpack,０３０：１９９８年_71：真田の答え　ウルフ中隊の出撃,真田大尉,D23B9C1BB908BD6CDAEE1974C020184B74F71732511580F5DE15B5C0DC2C3F59,text,「结果……我还是会重蹈覆辙吗……」\p
4693,game_t04710,０３０：１９９８年_71：真田の答え　ウルフ中隊の出撃.egpack,０３０：１９９８年_71：真田の答え　ウルフ中隊の出撃,ウルフ３,F151F51A0848C9D2FEF6594AE43C922C1ABE5DF283272F6B1200EDC8CA6AEDEC,text,「——说到底，我们终究都在彩峰中将的掌心里。无论走到哪里都一样。」\p
4694,game_t04711,０３０：１９９８年_71：真田の答え　ウルフ中隊の出撃.egpack,０３０：１９９８年_71：真田の答え　ウルフ中隊の出撃,真田大尉,607955D446D859AE5560B6374A8AD7CF1212FB5417EBC816FAF2B835B3D08FAA,text,「哼……」\p
4695,game_t04712,０３０：１９９８年_71：真田の答え　ウルフ中隊の出撃.egpack,０３０：１９９８年_71：真田の答え　ウルフ中隊の出撃,ウルフ２,1AB56AEFEC6384AC75699F0DA49AF3BFC972DE0D8071BABD016F9B8D8F0CB892,text,「上尉，请用这个——残敌很快就会清理完，请稍等片刻。」\p
4696,game_t04713,０３０：１９９８年_71：真田の答え　ウルフ中隊の出撃.egpack,０３０：１９９８年_71：真田の答え　ウルフ中隊の出撃,真田大尉,1B1A3A849E4DD0463542B3CA2F3682C7D202FDEC286BA93915E261D91F629E51,text,「好，谢了。」\p
4697,game_t04714,０３０：１９９８年_71：真田の答え　ウルフ中隊の出撃.egpack,０３０：１９９８年_71：真田の答え　ウルフ中隊の出撃,真田大尉,FC1BB2D07B8CA4CB833A8FC775711F88FDC75DF9188537E5BF556C9021D9D39C,text,「…\w…\w…\w…\w」\p
4698,game_t04715,０３０：１９９８年_71：真田の答え　ウルフ中隊の出撃.egpack,０３０：１９９８年_71：真田の答え　ウルフ中隊の出撃,真田大尉,3BCDC5E4327DC3FDB2DAA9EB8BD4737ACCB234762B919D215427FD25650514CF,text,「我曾认定合理性才是正确答案，带着这种想法投身大陆战场……可最终堆积起来的，却是无数惨死与惨状……」\p
4699,game_t04716,０３０：１９９８年_71：真田の答え　ウルフ中隊の出撃.egpack,０３０：１９９８年_71：真田の答え　ウルフ中隊の出撃,真田大尉,9DF83FCBD7484AA58000BFBA5938DBF76CAB83E523FA75775D23D5A43AFA0A93,text,「为寻求对那些被自己逼上死路之人的赎罪，我像抓住救命稻草一样，沉溺于对自己有利的美学……」\p
4700,game_t04717,０３０：１９９８年_71：真田の答え　ウルフ中隊の出撃.egpack,０３０：１９９８年_71：真田の答え　ウルフ中隊の出撃,真田大尉,E5E2AB8C633E9E7B745481997E02D3846A85DC4B96D9ACCA059F2C923C38BCD0,text,「逃避不断堆积成自我正当化、自我欺骗……以及对有大恩于我的部队指挥官的反抗……」\p
4701,game_t04718,０３０：１９９８年_71：真田の答え　ウルフ中隊の出撃.egpack,０３０：１９９８年_71：真田の答え　ウルフ中隊の出撃,真田大尉,EA5EEFBEDD66482385A8497B8BECB1E4971CD419D8DF761356510FC5E1DD08A6,text,「而最终换来的……是让部下的性命陪葬，自己负伤并被遣返本土——」\p
4702,game_t04719,０３０：１９９８年_71：真田の答え　ウルフ中隊の出撃.egpack,０３０：１９９８年_71：真田の答え　ウルフ中隊の出撃,真田大尉,9EE2D3472316AED899D701445618CB94D82B808ECF13AF98BD86077A331BE9E5,text,「可即便如此，我……仍然……」\p
4703,game_t04720,０３０：１９９８年_71：真田の答え　ウルフ中隊の出撃.egpack,０３０：１９９８年_71：真田の答え　ウルフ中隊の出撃,真田大尉,C5BA4FBB1A1D0070D12C2878CE1250D3C87902DC55B7D1507300831084CB757E,text,「你们才是……无法调和美学与合理性的我，继续活下去的理由……」\p
4704,game_t04721,０３０：１９９８年_71：真田の答え　ウルフ中隊の出撃.egpack,０３０：１９９８年_71：真田の答え　ウルフ中隊の出撃,真田大尉,C30196805FF0A233AA281E515D93CAF593AE0FFBD76A1568CB3025626A5642A1,text,「而如今……与我并肩身处战场之人的生命……正是我战斗的理由。」\p
4705,game_t04722,０３０：１９９８年_71：真田の答え　ウルフ中隊の出撃.egpack,０３０：１９９８年_71：真田の答え　ウルフ中隊の出撃,真田大尉,58E6A872E253CCC425172D56F77ABC6654F316EE7AE369034B06681C1365DD8B,text,「……看来人还真没办法活得那么圆滑。」\p
4706,game_t04723,０３０：１９９８年_71：真田の答え　ウルフ中隊の出撃.egpack,０３０：１９９８年_71：真田の答え　ウルフ中隊の出撃,真田大尉,2AA42D8D9DF7689D34E93697BF4FC50A0870B45911D1A991CD6863338752713B,text,「……我原本还以为，只要长大成人就能做到。」\p
4707,game_t04724,０３０：１９９８年_71：真田の答え　ウルフ中隊の出撃.egpack,０３０：１９９８年_71：真田の答え　ウルフ中隊の出撃,真田大尉,0FE6C2753B23AA409F4E4A68A243EB6DE6029C95D4BF629BB60DF08058398EBA,text,「抱歉，篁……我也还没有找到答案。」\p
4708,game_t04725,０３０：１９９８年_71：真田の答え　ウルフ中隊の出撃.egpack,０３０：１９９８年_71：真田の答え　ウルフ中隊の出撃,ウルフ２,FB04A8DE265339B0BE50C0D27F83F05A1B16C5B9D55C76FD844100B41E7EC8C6,text,「——上尉，驻地邻近区域的敌军清剿完毕。」\p
4709,game_t04726,０３０：１９９８年_71：真田の答え　ウルフ中隊の出撃.egpack,０３０：１９９８年_71：真田の答え　ウルフ中隊の出撃,真田大尉,98600594C41C33CDFAD23A09D82D0C3525F5486EBC328BFA18C5047D82F65D51,text,「很好——群狼1呼叫中队全机！！」\p
4710,game_t04727,０３０：１９９８年_71：真田の答え　ウルフ中隊の出撃.egpack,０３０：１９９８年_71：真田の答え　ウルフ中隊の出撃,真田大尉,3269766727761D139014AFC8146F1146941614400F482D33EC15F28D55749EC7,text,「我部现在开始歼灭前往山科的军团规模臭虫！——可以吃个够了。让它们彻底领教壬生狼的凶猛！！」\p
4711,game_t04728,０３０：１９９８年_71：真田の答え　ウルフ中隊の出撃.egpack,０３０：１９９８年_71：真田の答え　ウルフ中隊の出撃,ウルフ中隊,FC1BB2D07B8CA4CB833A8FC775711F88FDC75DF9188537E5BF556C9021D9D39C,text,「…\w…\w…\w…\w」\p
4712,game_t04729,０３０：１９９８年_71：真田の答え　ウルフ中隊の出撃.egpack,０３０：１９９８年_71：真田の答え　ウルフ中隊の出撃,真田大尉,59AAAC926747F4C297D29DF47EF0E747A9240E6BF5E94A65BD65E2DBA66CCF5A,text,「——三阵鹤翼队形——中队以最大战斗速度前进！」\p
4713,game_t04730,０３０：１９９８年_71：真田の答え　ウルフ中隊の出撃.egpack,０３０：１９９８年_71：真田の答え　ウルフ中隊の出撃,ウルフ中隊,FC35A0866B718E375426AA905A5B358D3BF33EA9598A9C140FD21F3BD442B93E,text,「——是！」\p
4714,game_t04731,０３０：１９９８年_72：小隊最後の戦い　数分後.egpack,０３０：１９９８年_72：小隊最後の戦い　数分後,唯依,358D110A4952E9AB3D6A5438801F4C21BD22EC75BEAA28C8D99405EC7E06C93D,text,「——这里是隶属帝国军岚山基地的斯卫军第332独立警卫中队！京都站驻军指挥所，请回答！」\p
4715,game_t04732,０３０：１９９８年_72：小隊最後の戦い　数分後.egpack,０３０：１９９８年_72：小隊最後の戦い　数分後,山城,5019795ABA78D3094B37EF2F8E12C40C7E227D0057893214D5CA0C6C0CB489CA,text,「广域数据链依然失效，声振探测也因大规模区域压制而不再可靠。根本无法进行充分索敌。」\p
4716,game_t04733,０３０：１９９８年_72：小隊最後の戦い　数分後.egpack,０３０：１９９８年_72：小隊最後の戦い　数分後,和泉,6C9C5B03F5CA5F896B2160B309C84367B143FBAC1BB12B39129D8A274F1A2FA9,text,「我们害怕友军攻击，探测却只能依靠敌人的拦截……真是讽刺到家了。」\p
4717,game_t04734,０３０：１９９８年_72：小隊最後の戦い　数分後.egpack,０３０：１９９８年_72：小隊最後の戦い　数分後,唯依,50BF8B0EB3D6A069D00B503A89516EB782A982EF8AB51C3F230FCD6DC1D6AE65,text,「这种情况下，完全可能爆发不期遭遇战——拜托你们以目视保持全向警戒。」\p
4718,game_t04735,０３０：１９９８年_72：小隊最後の戦い　数分後.egpack,０３０：１９９８年_72：小隊最後の戦い　数分後,山城,CB4754BDBBA111F87DFB3408B25516A1A21F4908760B3FEBEE0BEF302DB2B5C7,text,「——明白。」\p
4719,game_t04736,０３０：１９９８年_72：小隊最後の戦い　数分後.egpack,０３０：１９９８年_72：小隊最後の戦い　数分後,和泉,9072A7807E416EEEECF5685BEC4754B8DD985C41184584FD0E680E0B2F770458,text,「我知道……」\p
4720,game_t04737,０３０：１９９８年_72：小隊最後の戦い　数分後.egpack,０３０：１９９８年_72：小隊最後の戦い　数分後,旁白,B5C39E14D8355659DABCDE9FF5120F7099FE3228C96712A9F81584ABCBE11336,text,全机都已伤痕累累——山城机两臂的机械手受损。绝对应该避免战斗——\p
4721,game_t04738,０３０：１９９８年_72：小隊最後の戦い　数分後.egpack,０３０：１９９８年_72：小隊最後の戦い　数分後,唯依,358D110A4952E9AB3D6A5438801F4C21BD22EC75BEAA28C8D99405EC7E06C93D,text,「——这里是隶属帝国军岚山基地的斯卫军第332独立警卫中队！京都站驻军指挥所，请回答！」\p
4722,game_t04739,０３０：１９９８年_72：小隊最後の戦い　数分後.egpack,０３０：１９９８年_72：小隊最後の戦い　数分後,旁白,8D01561CBCE6F47CDFBEA1D7AF868DD15D787CC42E43A08F2F3AA19CC97D6B67,text,这种开阔区域虽能贴地飞行，暴露风险却很高。其实我想依靠主腿移动，一边进行接地搜索，一边穿过市区——\p
4723,game_t04740,０３０：１９９８年_72：小隊最後の戦い　数分後.egpack,０３０：１９９８年_72：小隊最後の戦い　数分後,旁白,9E389AAD7C58008F4A92F69CBA5C25AB036361C281D5F5C755C89438835F3266,text,但建筑强度受区域压制造成的强震影响，已经无法信赖；而且耗时越长，接敌风险越高——若以生存为先，就必须确保近身格斗机动空间和视野。\p
4724,game_t04741,０３０：１９９８年_72：小隊最後の戦い　数分後.egpack,０３０：１９９８年_72：小隊最後の戦い　数分後,旁白,35EE83D4F8D6045A9A272FDB975DE60555F8DCA6842A8AA5D0267879A9DC4320,text,任何选择都要付出代价——我们没有能够满足一切条件的方案。\p
4725,game_t04742,０３０：１９９８年_72：小隊最後の戦い　数分後.egpack,０３０：１９９８年_72：小隊最後の戦い　数分後,旁白,5138B6207C6218AC9698B630F800CAE441E31C6B8D49B6A128255E1C22377C20,text,既然如此——就选择缩短抵达友军据点所需时间这一最大优势——\p
4726,game_t04743,０３０：１９９８年_72：小隊最後の戦い　数分後.egpack,０３０：１９９８年_72：小隊最後の戦い　数分後,唯依,358D110A4952E9AB3D6A5438801F4C21BD22EC75BEAA28C8D99405EC7E06C93D,text,「——这里是隶属帝国军岚山基地的斯卫军第332独立警卫中队！京都站驻军指挥所，请回答！」\p
4727,game_t04744,０３０：１９９８年_72：小隊最後の戦い　数分後.egpack,０３０：１９９８年_72：小隊最後の戦い　数分後,和泉,C9FA59BCDF2BDB74958248FADF6B7BC4AB909E815C46F8282307949FFFB711DF,text,「一直没有回应……！京都站不是应该有大规模部队守卫吗？！」\p
4728,game_t04745,０３０：１９９８年_72：小隊最後の戦い　数分後.egpack,０３０：１９９８年_72：小隊最後の戦い　数分後,山城,585422F3356B947AD8ECE255DDBC4C5E68A59314963D46F3004B408B960876BA,text,「穿过前面视野就会开阔——反正再过几秒就到京都站，去了自然知道。」\p
4729,game_t04746,０３０：１９９８年_72：小隊最後の戦い　数分後.egpack,０３０：１９９８年_72：小隊最後の戦い　数分後,山城,AD528017062FCB787C6BFD4DB439464CD3B66C4CBF30FB699FD2666302085D00,text,「——快看！那就是京都站！」\p
4730,game_t04747,０３０：１９９８年_72：小隊最後の戦い　数分後.egpack,０３０：１９９８年_72：小隊最後の戦い　数分後,和泉,FF99D026579C26134AEF92AC150604C13754D5F6D34809E18AB505824390216C,text,「那是……」\p
4731,game_t04748,０３０：１９９８年_72：小隊最後の戦い　数分後.egpack,０３０：１９９８年_72：小隊最後の戦い　数分後,山城,F09760154BE509ABAFFC68B0338AE91AC993471D9DAFDBD69C0C9D8FA543746F,text,「从车站外观看，似乎没有特别明显的损伤……」\p
4732,game_t04749,０３０：１９９８年_72：小隊最後の戦い　数分後.egpack,０３０：１９９８年_72：小隊最後の戦い　数分後,唯依,F303F12D897EFA159A43D4C0FA291FD96BB6CA029EC86AE89D727568C4BF705E,text,「嗯，是啊……」\p
4733,game_t04750,０３０：１９９８年_72：小隊最後の戦い　数分後.egpack,０３０：１９９８年_72：小隊最後の戦い　数分後,旁白,5840564AA7A1B9CA4A814E3B750D23C4E8DA3B18CA9EF9F65691FF5E26A3B61A,text,可是无人回应——明明应该有一个战术机甲中队和一个机械化装甲步兵大队守卫物资集散地。\p
4734,game_t04751,０３０：１９９８年_72：小隊最後の戦い　数分後.egpack,０３０：１９９８年_72：小隊最後の戦い　数分後,旁白,AF3DE6F80210E870C703FF6E545C58433740F01C630E8ABBEF46AC51EEB58F60,text,……这里必须慎之又慎。\p
4735,game_t04752,０３０：１９９８年_72：小隊最後の戦い　数分後.egpack,０３０：１９９８年_72：小隊最後の戦い　数分後,唯依,8C5632DDC5D814ACF47C35AB29D9A3480E38AAEC38A8D6F75F5896F0B24B17C7,text,「——减速，在12点方向400处着地。到那里进行声振探查——！？」\p
4736,game_t04753,０３０：１９９８年_72：小隊最後の戦い　数分後.egpack,０３０：１９９８年_72：小隊最後の戦い　数分後,唯依,4DFDFC5D849479E16B7A6BAF56D946A603683E299490FF61AB6D7ED0B8077083,text,「——呜……！！」\p
4737,game_t04754,０３０：１９９８年_72：小隊最後の戦い　数分後.egpack,０３０：１９９８年_72：小隊最後の戦い　数分後,山城,3EB03F02126FB82B1E51FAE9AF80E1DBD4D4D85197DC1E9EEC3E7217E1485169,text,「——这是——撞角臂！？」\p
4738,game_t04755,０３０：１９９８年_72：小隊最後の戦い　数分後.egpack,０３０：１９９８年_72：小隊最後の戦い　数分後,和泉,B873FAADA07471C0DF86E645C86CF45BA4F57C74930932A2650975ACB775C988,text,「——难道是——要塞级！？」\p
4739,game_t04756,０３０：１９９８年_72：小隊最後の戦い　数分後.egpack,０３０：１９９８年_72：小隊最後の戦い　数分後,唯依,5930C19DA64244D838830E2439DDBBFAB2E504F3BFF273BCED353A4376013E10,text,「——！？」\p
4740,game_t04757,０３０：１９９８年_72：小隊最後の戦い　数分後.egpack,０３０：１９９８年_72：小隊最後の戦い　数分後,旁白,2FB7680A3157CB67CC0C7C89F401C6B0989088D5F5A8604C93775216E18D86FC,text,——糟了——被建筑挡住了——！！\p
4741,game_t04758,０３０：１９９８年_72：小隊最後の戦い　数分後.egpack,０３０：１９９８年_72：小隊最後の戦い　数分後,唯依,E5DB3D6A0FCED675A2A63C82FFA5B26134C61EBD79DC11AAE29A8A76652A312C,text,「——呜呜呜呜！！！」\p
4742,game_t04759,０３０：１９９８年_72：小隊最後の戦い　数分後.egpack,０３０：１９９８年_72：小隊最後の戦い　数分後,和泉,B79D13C96958DAB67F786E56C725E33EC66D577412912164EA69D5F284A0D7CB,text,「——不要啊啊啊！！」\p
4743,game_t04760,０３０：１９９８年_72：小隊最後の戦い　数分後.egpack,０３０：１９９８年_72：小隊最後の戦い　数分後,旁白,39F92B916E6BCDAB79694708516E59864DCB129748CC5E28958A4CAB25D7598B,text,——都已经来到这里了！！\p
4744,game_t04761,０３０：１９９８年_72：小隊最後の戦い　数分後.egpack,０３０：１９９８年_72：小隊最後の戦い　数分後,唯依,8F3E59F0B622D3F30CC47FD325DAB8A37DA788DD7BDDB8243CB24C03D4AFC8BD,text,「——加速！！——强行突破！！」\p
4745,game_t04762,０３０：１９９８年_72：小隊最後の戦い　数分後.egpack,０３０：１９９８年_72：小隊最後の戦い　数分後,唯依,7AA2AF1B9A1D40A58EB34DC002F2D27358D4652B42E8FF017DC397ED1CC46C04,text,「——啊啊啊啊！！」\p
4746,game_t04763,０３０：１９９８年_72：小隊最後の戦い　数分後.egpack,０３０：１９９８年_72：小隊最後の戦い　数分後,唯依,BAF52499017EDAA29578B101EE1640190A9FDDCFFCF170593878B39782DC50F8,text,「——糟……！？」\p
4747,game_t04764,０３０：１９９８年_72：小隊最後の戦い　数分後.egpack,０３０：１９９８年_72：小隊最後の戦い　数分後,唯依,5B397ED8C78AE7B29D48DDF1DE68B73D39899238796F9C0F1DE26C52E2F838F4,text,「——哇啊啊啊啊啊！！！」\p
4748,game_t04765,０３０：１９９８年_72：小隊最後の戦い　数分後.egpack,０３０：１９９８年_72：小隊最後の戦い　数分後,和泉,77F1B22F7A975FDC5A7A05042FF632D316F7EE8E3E41102091EE9CE6F173EE94,text,「——唯依——呜啊！？」\p
4749,game_t04766,０３０：１９９８年_72：小隊最後の戦い　数分後.egpack,０３０：１９９８年_72：小隊最後の戦い　数分後,和泉,1E8B8309B638A4306E5AA32134937861C9C0B293426E4E20304CA0EEFE8DCBBF,text,「——哇啊啊啊啊啊！！！」\p
4750,game_t04767,０３０：１９９８年_72：小隊最後の戦い　数分後.egpack,０３０：１９９８年_72：小隊最後の戦い　数分後,山城,A817341B32C5110675EEFF7F7D369EDD0179581994A50BB77452A266E2B313CA,text,「——能登，你在做什么——啊！？」\p
4751,game_t04768,０３０：１９９８年_72：小隊最後の戦い　数分後.egpack,０３０：１９９８年_72：小隊最後の戦い　数分後,和泉,CCE2CC83B30BF24C5249D6A80E817698C56D104E90801062DF5461A31D65AA60,text,「——山城！？唯依！！」\p
4752,game_t04769,０３０：１９９８年_72：小隊最後の戦い　数分後.egpack,０３０：１９９８年_72：小隊最後の戦い　数分後,和泉,8F0336EE049716A151279F7E82274FAD2659F4F6B43A4F83CD324474FA8B5E8C,text,「怎么会……！怎么会……！！」\p
4753,game_t04770,０３０：１９９８年_72：小隊最後の戦い　数分後.egpack,０３０：１９９８年_72：小隊最後の戦い　数分後,和泉,B28DCA4251AA0CB206C9E51D24892A042401A6D119C7502F1BA99194EBB83B9D,text,「獠牙2、獠牙3失去追踪——！？」\p
4754,game_t04771,０３０：１９９８年_72：小隊最後の戦い　数分後.egpack,０３０：１９９８年_72：小隊最後の戦い　数分後,和泉,7A5EFE7A6DF5B46C077A2D24A5B8848AAF0C682705E99E7D0C4223A72ABE3175,text,「不要……我不要……咿！？」\p
4755,game_t04772,０３０：１９９８年_72：小隊最後の戦い　数分後.egpack,０３０：１９９８年_72：小隊最後の戦い　数分後,和泉,3869586AA68ABCB1F2E1EABF60576D0B3F427D2839952ED785CDE65C2FE427EA,text,「——谁、谁来……！！唯、唯依，下命令啊！！」\p
4756,game_t04773,０３０：１９９８年_72：小隊最後の戦い　数分後.egpack,０３０：１９９８年_72：小隊最後の戦い　数分後,和泉,CE8F491FD93C90BDC0D13D6A08DA4B265ED778457DA29FF79330DF1282D458F1,text,「——不要不要不要不要不要！！！！」\p
4757,game_t04774,０３０：１９９８年_72：小隊最後の戦い　数分後.egpack,０３０：１９９８年_72：小隊最後の戦い　数分後,和泉,41F5EEE4680FA8B0ED8D29A6B2AF727099B8103EC3DB6523B905C17D606C5D2F,text,「——哇啊——哇啊啊啊不要啊！！！！」\p
4758,game_t04775,０３０：１９９８年_72：小隊最後の戦い　数分後.egpack,０３０：１９９８年_72：小隊最後の戦い　数分後,和泉,E0CC354416559BE875B4A27D17F9CD01724745A940D2F099A5428C41AD7F4B04,text,「——救救我，忠道……保护我——保护我啊！！」\p
4759,game_t04776,０３０：１９９８年_72：小隊最後の戦い　数分後.egpack,０３０：１９９８年_72：小隊最後の戦い　数分後,和泉,0BE1CAC4BF359A0CA5599B47380A45E081F4323D26D8F037D9AFAF6DD736274F,text,「——哇啊啊啊啊啊！！」\p
4760,game_t04777,０３０：１９９８年_72：小隊最後の戦い　数分後.egpack,０３０：１９９８年_72：小隊最後の戦い　数分後,和泉,96B3A3CE7EA3010E6B15198FE5275A7E0EA41C6AB87DDB637D58712CADED43D6,text,「——咿……！？什、什么……到底是什么！？」\p
4761,game_t04778,０３０：１９９８年_72：小隊最後の戦い　数分後.egpack,０３０：１９９８年_72：小隊最後の戦い　数分後,和泉,26CC04E485C9A76C3DA53344476AA55EE7C833866D4C9FCCE63A9F46DB8F5E6C,text,「怎么会……！！」\p
4762,game_t04779,０３０：１９９８年_72：小隊最後の戦い　数分後.egpack,０３０：１９９８年_72：小隊最後の戦い　数分後,和泉,6397177BE38115DA46408D1BC42D1E563660ED47E731894AF50B2C3F756C4640,text,「——哇啊啊啊啊啊啊啊啊啊啊！！」\p
4763,game_t04780,０３０：１９９８年_72：小隊最後の戦い　数分後.egpack,０３０：１９９８年_72：小隊最後の戦い　数分後,和泉,B40A2A4813EA6814F903C99A31EBEAD845984E9440A315958CBA5CB0DF4257E6,text,「——呜……！」\p
4764,game_t04781,０３０：１９９８年_72：小隊最後の戦い　数分後.egpack,０３０：１９９８年_72：小隊最後の戦い　数分後,和泉,B2C63FBA97C3B9791602B42642BE7AF68A3BB37DE29A304FBB7CDD5FAC45764F,text,「哈……哈……哈……」\p
4765,game_t04782,０３０：１９９８年_72：小隊最後の戦い　数分後.egpack,０３０：１９９８年_72：小隊最後の戦い　数分後,和泉,66CFD8A245CE2B6DE730C9C9DA5DA4BFBB491FE93C74278B099651FA8EC652C4,text,「……那……是……？」\p
4766,game_t04783,０３０：１９９８年_72：小隊最後の戦い　数分後.egpack,０３０：１９９８年_72：小隊最後の戦い　数分後,和泉,FC1BB2D07B8CA4CB833A8FC775711F88FDC75DF9188537E5BF556C9021D9D39C,text,「…\w…\w…\w…\w」\p
4767,game_t04784,０３０：１９９８年_72：小隊最後の戦い　数分後.egpack,０３０：１９９８年_72：小隊最後の戦い　数分後,和泉,6A4A419288A8AAB99C6DFE9A891DC147E5D93BD8FEDD3D223D58A45F171F79C5,text,「——头……头盔！简易头盔！」\p
4768,game_t04785,０３０：１９９８年_72：小隊最後の戦い　数分後.egpack,０３０：１９９８年_72：小隊最後の戦い　数分後,和泉,F60772716C723C646009BF364E86D3615830B7B3A838F58BEE318747A704AFE0,text,「弹、弹射时先戴上头盔，再换装机械化步兵装甲——」\p
4769,game_t04786,０３０：１９９８年_72：小隊最後の戦い　数分後.egpack,０３０：１９９８年_72：小隊最後の戦い　数分後,和泉,0FE6344BEEB12F7347B1FF3E59CB1E72EB89A395D928DDF407008DA3983D3515,text,「——换、换装完毕——执行弹射流程……！！」\p
4770,game_t04787,０３０：１９９８年_72：小隊最後の戦い　数分後.egpack,０３０：１９９８年_72：小隊最後の戦い　数分後,和泉,48F2F2DD407261168669892ECCD96254999B9973D5C62AA3FC85466C599E422A,text,「——啊！？」\p
4771,game_t04788,０３０：１９９８年_72：小隊最後の戦い　数分後.egpack,０３０：１９９８年_72：小隊最後の戦い　数分後,和泉,5C192665196DC8CD2970FE41E7C1574B2F5C21F8DD637CBC38E3F6A331F8F153,text,「——等等！！忠道！！——忠道还在……！！」\p
4772,game_t04789,０３０：１９９８年_72：小隊最後の戦い　数分後.egpack,０３０：１９９８年_72：小隊最後の戦い　数分後,和泉,240A9069C6D9BAE0BCA257EE6EE5E565FDF76491E0DB3141A5A95107970D910C,text,「会融化的……！要融化掉了……！！」\p
4773,game_t04790,０３０：１９９８年_72：小隊最後の戦い　数分後.egpack,０３０：１９９８年_72：小隊最後の戦い　数分後,和泉,64B3D227E2FC9C1DB7631EA76A2F7BDEDF492D465DD963ADC7E6601B54D88FEC,text,「呜……咿……」\p
4774,game_t04791,０３０：１９９８年_72：小隊最後の戦い　数分後.egpack,０３０：１９９８年_72：小隊最後の戦い　数分後,和泉,2B2DFDDC3A87DFFA2CFAAD56B6C2AE3523B239950361D8138EAF058CDC7BADF9,text,「——不要——不要啊啊啊啊啊！！！」\p
4775,game_t04792,０３０：１９９８年_72：小隊最後の戦い　数分後.egpack,０３０：１９９８年_72：小隊最後の戦い　数分後,和泉,DB7753532A387A81A92730E390FDE15A4779A40CC1D5314E3EF75853A3D60B0D,text,「——哇啊啊啊啊！！哇、哇啊啊啊……咿——！？」\p
4776,game_t04793,０３０：１９９８年_72：小隊最後の戦い　数分後.egpack,０３０：１９９８年_72：小隊最後の戦い　数分後,和泉,B0A68C2250C032E0756BE30DCE562AC849DF4BBD17099B33CEACAE420C2B6E64,text,「……京都……塔……」\p
4777,game_t04794,０３０：１９９８年_72：小隊最後の戦い　数分後.egpack,０３０：１９９８年_72：小隊最後の戦い　数分後,和泉,37414D819C6CB73F91D6360B5927A15D83E47E6D1E6970F0B2C9835364796396,text,「我和忠道第一次约好见面的地方……」\p
4778,game_t04795,０３０：１９９８年_72：小隊最後の戦い　数分後.egpack,０３０：１９９８年_72：小隊最後の戦い　数分後,和泉,F5FCE733BC0ABC03844D93B7A531EE0D1702A7E50521C2C95BA6EAD34E8BC1B4,text,「这里是……京都站……」\p
4779,game_t04796,０３０：１９９８年_72：小隊最後の戦い　数分後.egpack,０３０：１９９８年_72：小隊最後の戦い　数分後,和泉,F21D7A2536E0E9D00D6F8C48ACA2F098F83C44EED46BB0E16B651034BE44A535,text,「…………对了。」\p
4780,game_t04797,０３０：１９９８年_72：小隊最後の戦い　数分後.egpack,０３０：１９９８年_72：小隊最後の戦い　数分後,和泉,466F16A5B717AF6E0A8907CF7791BED678449D81951B0567257DE623EA2DFE22,text,「我……必须去……」\p
4781,game_t04798,０３０：１９９８年_72：小隊最後の戦い　数分後.egpack,０３０：１９９８年_72：小隊最後の戦い　数分後,和泉,8FD8BEAEAA6A82BA0C4FE86A9D095B88690C4E08B56468F213EF5080CEA4FFEF,text,「忠道在等我……」\p
4782,game_t04799,０３０：１９９８年_72：小隊最後の戦い　数分後.egpack,０３０：１９９８年_72：小隊最後の戦い　数分後,和泉,F687985CD69818E95F5080A9BA7200293C55BFD1440B2DF17883C44413498BA9,text,「因为他说……休假时能回来……」\p
4783,game_t04800,０３０：１９９８年_72：小隊最後の戦い　数分後.egpack,０３０：１９９８年_72：小隊最後の戦い　数分後,和泉,A7DDF6D36FD3268671F143BC60151FC931F23F7F9B1BA31DA63ADFC18CBA9014,text,「见面的地方……还是老地方……」\p
4784,game_t04801,０３０：１９９８年_72：小隊最後の戦い　数分後.egpack,０３０：１９９８年_72：小隊最後の戦い　数分後,和泉,0E230F3359500360D573ADF76D4FA8528D7C214272A29C8C608F19A110A2072C,text,「好想……快点见到他啊……」\p
4785,game_t04802,０３０：１９９８年_73：京都駅の戦い　瑞鶴放棄　数分後.egpack,０３０：１９９８年_73：京都駅の戦い　瑞鶴放棄　数分後,唯依,A496B0BEEA7290EF72B4E3F4416136AEBEE982D0317186A470C7F7F60AA1ABD1,text,「……嗯……呜……！？」\p
4786,game_t04803,０３０：１９９８年_73：京都駅の戦い　瑞鶴放棄　数分後.egpack,０３０：１９９８年_73：京都駅の戦い　瑞鶴放棄　数分後,旁白,9242A066C71AC7C20922578852A6F1526274EF7217E68B6AF7B07C15F6FFBDFB,text,应急……灯……？\p
4787,game_t04804,０３０：１９９８年_73：京都駅の戦い　瑞鶴放棄　数分後.egpack,０３０：１９９８年_73：京都駅の戦い　瑞鶴放棄　数分後,唯依,A7E8F486C7AB188288D3B1EB0293238B380AE942AD6D271A6A65B6B57CCAA378,text,「原来如此……我……」\p
4788,game_t04805,０３０：１９９８年_73：京都駅の戦い　瑞鶴放棄　数分後.egpack,０３０：１９９８年_73：京都駅の戦い　瑞鶴放棄　数分後,旁白,2DD61A3718A1D155CCF04A2C536260772D4BB97B910AA21A05FEF826F63F3E2E,text,已经过去将近10分钟……维持清醒功能……没有启动……？\p
4789,game_t04806,０３０：１９９８年_73：京都駅の戦い　瑞鶴放棄　数分後.egpack,０３０：１９９８年_73：京都駅の戦い　瑞鶴放棄　数分後,旁白,C47DA9C8330B4002784CE857D7F0BA35198391A2D559E6B95722BEBAAA951A66,text,若是这样……强化装备一定发生了功能故障！\p
4790,game_t04807,０３０：１９９８年_73：京都駅の戦い　瑞鶴放棄　数分後.egpack,０３０：１９９８年_73：京都駅の戦い　瑞鶴放棄　数分後,唯依,832E4AE6E58911D6D6F2C1B42ABACA8AE18813393F56898B3AC09846136ECF35,text,「除了生命维持功能……几乎全部失效……」\p
4791,game_t04808,０３０：１９９８年_73：京都駅の戦い　瑞鶴放棄　数分後.egpack,０３０：１９９８年_73：京都駅の戦い　瑞鶴放棄　数分後,旁白,C5BEED7A0DA90AC7ABF00D4542560EC60E28C33B4A4CF1F4951F63FD67B0F893,text,原来如此……是驾驶员保护功能……为了保护我免受坠毁时的机体反馈……\p
4792,game_t04809,０３０：１９９８年_73：京都駅の戦い　瑞鶴放棄　数分後.egpack,０３０：１９９８年_73：京都駅の戦い　瑞鶴放棄　数分後,旁白,05C49B042A4A8893189ABB06AC9EE8716A8FA1449348397E330FE3F460751648,text,损伤严重到必须使电路短路才能切断——\p
4793,game_t04810,０３０：１９９８年_73：京都駅の戦い　瑞鶴放棄　数分後.egpack,０３０：１９９８年_73：京都駅の戦い　瑞鶴放棄　数分後,旁白,6A9F0BB0801D636E22C38425B4C585035376FE04C1259838308C350328F6AE5B,text,太惨了……\p
4794,game_t04811,０３０：１９９８年_73：京都駅の戦い　瑞鶴放棄　数分後.egpack,０３０：１９９８年_73：京都駅の戦い　瑞鶴放棄　数分後,旁白,A6E96483523F45F839480B25DD9A984765954C6579DB76E547DFC2EAF501D620,text,瑞鹤遭要塞级攻击又坠毁，已经严重损毁到这种程度……我却几乎毫发无伤。\p
4795,game_t04812,０３０：１９９８年_73：京都駅の戦い　瑞鶴放棄　数分後.egpack,０３０：１９９８年_73：京都駅の戦い　瑞鶴放棄　数分後,唯依,10C4E23D45586B4D0710F89347AE9652729D1D339CED0A777F4A27F58F556D39,text,「父亲……谢谢您……」\p
4796,game_t04813,０３０：１９９８年_73：京都駅の戦い　瑞鶴放棄　数分後.egpack,０３０：１９９８年_73：京都駅の戦い　瑞鶴放棄　数分後,旁白,CFBFE333B3E0060533AC5B159D778680DFF01D1107B9D48FD88129D191CDF378,text,必须决定接下来怎么办——\p
4797,game_t04814,０３０：１９９８年_73：京都駅の戦い　瑞鶴放棄　数分後.egpack,０３０：１９９８年_73：京都駅の戦い　瑞鶴放棄　数分後,旁白,6D8E611B5909E60DB8CA4CA2067518264A2220F4FAE7DF04C43C2185C2F39820,text,首先掌握情况——强化装备的传感器虽不太可靠……！\p
4798,game_t04815,０３０：１９９８年_73：京都駅の戦い　瑞鶴放棄　数分後.egpack,０３０：１９９８年_73：京都駅の戦い　瑞鶴放棄　数分後,旁白,AA2131708F7903DECCF60F718886F5A9CC4B234F4B0ACC9344006F5082D9266C,text,机体侧计算机已经失效——但只要对照坠毁前日志，就能确认当前位置！\p
4799,game_t04816,０３０：１９９８年_73：京都駅の戦い　瑞鶴放棄　数分後.egpack,０３０：１９９８年_73：京都駅の戦い　瑞鶴放棄　数分後,旁白,B0B94EF08CC59D19215633412477507FF26118E94FB6FEF6C3022805828CA0E7,text,京都站大楼屋顶……大空广场与直升机坪之间……\p
4800,game_t04817,０３０：１９９８年_73：京都駅の戦い　瑞鶴放棄　数分後.egpack,０３０：１９９８年_73：京都駅の戦い　瑞鶴放棄　数分後,唯依,C2C65C40319FDED47D2E945118BBEACED2A5244AB2CA5CFD1472B4D7E7524639,text,「啊——！」\p
4801,game_t04818,０３０：１９９８年_73：京都駅の戦い　瑞鶴放棄　数分後.egpack,０３０：１９９８年_73：京都駅の戦い　瑞鶴放棄　数分後,旁白,033C5FBEE003874CF0A7603CDAE56289DA853460AEF5EB3E5AB79CA32A9311C0,text,——这是山城机的标记！\p
4802,game_t04819,０３０：１９９８年_73：京都駅の戦い　瑞鶴放棄　数分後.egpack,０３０：１９９８年_73：京都駅の戦い　瑞鶴放棄　数分後,旁白,CBBCE5A33365930990EEE440B44DC8CE15AC7768B1463D54D7AFDD858B8EE7B3,text,坐标在正对面的东广场——这种距离下，连强化装备传感器都能确认标记，说明主机仍在运转！\p
4803,game_t04820,０３０：１９９８年_73：京都駅の戦い　瑞鶴放棄　数分後.egpack,０３０：１９９８年_73：京都駅の戦い　瑞鶴放棄　数分後,唯依,A1A557057ABB603B9BDCD31D59C10670C8CDE0934B81F710AB202161D800B273,text,「唔……果然不行吗！」\p
4804,game_t04821,０３０：１９９８年_73：京都駅の戦い　瑞鶴放棄　数分後.egpack,０３０：１９９８年_73：京都駅の戦い　瑞鶴放棄　数分後,旁白,2B0DB48621C063BDC2A0ED427B4188C1151C87E00EE232CFF66740C7A4D38E56,text,凭这套损坏的强化装备做不到。无法确认生命体征和机体状态……\p
4805,game_t04822,０３０：１９９８年_73：京都駅の戦い　瑞鶴放棄　数分後.egpack,０３０：１９９８年_73：京都駅の戦い　瑞鶴放棄　数分後,唯依,8EDE65D254633781F16DA0586ECC2B684625556F52DDDBC31707CDF8609F2944,text,「对了——和泉……！」\p
4806,game_t04823,０３０：１９９８年_73：京都駅の戦い　瑞鶴放棄　数分後.egpack,０３０：１９９８年_73：京都駅の戦い　瑞鶴放棄　数分後,旁白,9A12FFCF6A720984D300F54CB4BE4BD0F563D13D02C530991B2CF8F2C723106A,text,不行……探测范围内没有其他标记……\p
4807,game_t04824,０３０：１９９８年_73：京都駅の戦い　瑞鶴放棄　数分後.egpack,０３０：１９９８年_73：京都駅の戦い　瑞鶴放棄　数分後,唯依,B8A9974C0A02A2B3E30920F8554A96107069D1D26886C92C3F41AFC118614823,text,「和泉……」\p
4808,game_t04825,０３０：１９９８年_73：京都駅の戦い　瑞鶴放棄　数分後.egpack,０３０：１９９８年_73：京都駅の戦い　瑞鶴放棄　数分後,旁白,16776E32F6C1F89C983BB2F44A8D607718A136255C1DFF601B2AAA023793BE5B,text,……我愿意相信……她已经平安撤离这片战区。\p
4809,game_t04826,０３０：１９９８年_73：京都駅の戦い　瑞鶴放棄　数分後.egpack,０３０：１９９８年_73：京都駅の戦い　瑞鶴放棄　数分後,旁白,6DFAA56F90D2E842FB55C4306A6E400A6D31763F45E031FCFFBB8B2B6708BD58,text,紧急弹射与紧急破坏弹射都没有反应……坠毁冲击就是这么严重……\p
4810,game_t04827,０３０：１９９８年_73：京都駅の戦い　瑞鶴放棄　数分後.egpack,０３０：１９９８年_73：京都駅の戦い　瑞鶴放棄　数分後,旁白,EFB61A546DDFFEDC051D0DED5DD2DAD7E298DC8B033FE854D7963F8657F507BF,text,可即便如此，友军和BETA都没有理会这里将近10分钟。照这个情况看，京都站的物资集散地早已被摧毁，袭击这里的BETA群也很可能转移到了别处。\p
4811,game_t04828,０３０：１９９８年_73：京都駅の戦い　瑞鶴放棄　数分後.egpack,０３０：１９９８年_73：京都駅の戦い　瑞鶴放棄　数分後,旁白,C7AA217E171FF11741AF27669F699BAEA9DFDB72116F2A299E632AFA051D9B62,text,若是这样，接下来应该前往二条城的斯卫军司令本阵——\p
4812,game_t04829,０３０：１９９８年_73：京都駅の戦い　瑞鶴放棄　数分後.egpack,０３０：１９９８年_73：京都駅の戦い　瑞鶴放棄　数分後,旁白,EE5711220637DBA7B8C4E94CA9D75E58B148588C5DD554DFC145F2C69B65F65D,text,即便走最短路线，也要在敌阵中突破4km……\p
4813,game_t04830,０３０：１９９８年_73：京都駅の戦い　瑞鶴放棄　数分後.egpack,０３０：１９９８年_73：京都駅の戦い　瑞鶴放棄　数分後,唯依,1CC7CB0EB94FAB40B77932C00D18A736309C0B651EB00188A2D650F1D3DB5911,text,「……日志里只有平面图吗。没办法。」\p
4814,game_t04831,０３０：１９９８年_73：京都駅の戦い　瑞鶴放棄　数分後.egpack,０３０：１９９８年_73：京都駅の戦い　瑞鶴放棄　数分後,旁白,67D957491FF1E2B2D9BB461CBE23472CA5ADB4FB0568E7529580384C91BFA190,text,从这里到山城机直线约300米。考虑室内结构……实际可行路线的最大移动距离约为800米。\p
4815,game_t04832,０３０：１９９８年_73：京都駅の戦い　瑞鶴放棄　数分後.egpack,０３０：１９９８年_73：京都駅の戦い　瑞鶴放棄　数分後,旁白,C38BF743C795610CCBD58632A7F079428810B36D353834AFDB6CFC66C8E69C3D,text,能确认标记、主机仍在运转，搜索并确认生还就是部队长的责任。\p
4816,game_t04833,０３０：１９９８年_73：京都駅の戦い　瑞鶴放棄　数分後.egpack,０３０：１９９８年_73：京都駅の戦い　瑞鶴放棄　数分後,旁白,7A0E79056F2E18B1AB89D8FE6300AB42DD4B1E639A95CF10ADC5C44E356662AF,text,眼下局势紧迫、生还可能性极低，即便我不去做，恐怕也没人会责怪我。\p
4817,game_t04834,０３０：１９９８年_73：京都駅の戦い　瑞鶴放棄　数分後.egpack,０３０：１９９８年_73：京都駅の戦い　瑞鶴放棄　数分後,旁白,D2B153F1AB5CCF6D7F2438C34C8F95178A5D87617E4B8CA8825F9826B78D6BDA,text,但在成为斯卫或小队长以前……我是篁家之人。\p
4818,game_t04835,０３０：１９９８年_73：京都駅の戦い　瑞鶴放棄　数分後.egpack,０３０：１９９８年_73：京都駅の戦い　瑞鶴放棄　数分後,旁白,AD8697981BD499E1A304B3C393ED2F4479097B388468CAC500FC54A22DE53347,text,唯以默然践行示之——越是艰难，越要走篁家的正道。\p
4819,game_t04836,０３０：１９９８年_73：京都駅の戦い　瑞鶴放棄　数分後.egpack,０３０：１９９８年_73：京都駅の戦い　瑞鶴放棄　数分後,旁白,CFF46978334C96BD6F32F3BAC7DFCC317F7250B5209C759172E9FCB618B9A404,text,既然绝境已经到了逃避职责都能被原谅的地步，那我随自己的心意行动，应该也不会有人责怪——\p
4820,game_t04837,０３０：１９９８年_73：京都駅の戦い　瑞鶴放棄　数分後.egpack,０３０：１９９８年_73：京都駅の戦い　瑞鶴放棄　数分後,旁白,C9EBA4C69B4FF8060D6AC6C23E0040A083EF81CC0B14017BE7D6D312188EB27A,text,即便山城已经确定死亡，我也先前往山城机。\p
4821,game_t04838,０３０：１９９８年_73：京都駅の戦い　瑞鶴放棄　数分後.egpack,０３０：１９９８年_73：京都駅の戦い　瑞鶴放棄　数分後,旁白,C2414616BC5B8D7C85211580376D522FAE5919125ECEAA029F8B68E2BE8D704C,text,路程只有前往二条城的五分之一，目标路线上的敌人很可能已经撤离，而且那里确定有一架主机仍在运转的战术机。\p
4822,game_t04839,０３０：１９９８年_73：京都駅の戦い　瑞鶴放棄　数分後.egpack,０３０：１９９８年_73：京都駅の戦い　瑞鶴放棄　数分後,唯依,A2DD8D4F378DEA63722B75966D4EA77DDDC54EB79EAA613BD0E489F962EFBA65,text,「无论如何……都只能徒步行军了吗……」\p
4823,game_t04840,０３０：１９９８年_73：京都駅の戦い　瑞鶴放棄　数分後.egpack,０３０：１９９８年_73：京都駅の戦い　瑞鶴放棄　数分後,旁白,DF4107CEA181097FA5496CBA52D20A67F53A5F6BB98D88D88E672F4B6C2709A6,text,最理想是与仍活着的山城会合。\p
4824,game_t04841,０３０：１９９８年_73：京都駅の戦い　瑞鶴放棄　数分後.egpack,０３０：１９９８年_73：京都駅の戦い　瑞鶴放棄　数分後,旁白,7B8728C9190032DD5228280CB4A5C00C62DD54D63BEE90EB61F512D3BCCEDD98,text,其次是在她死亡的情况下取得遗弃机体。即便机体无法使用，也能取得机械化步兵装甲。无论哪一种，都能大幅提高活着抵达二条城的可能性。\p
4825,game_t04842,０３０：１９９８年_73：京都駅の戦い　瑞鶴放棄　数分後.egpack,０３０：１９９８年_73：京都駅の戦い　瑞鶴放棄　数分後,旁白,9EE97953E204E189F2B25A2FE0C06DA2C094B852765BA98F9414986F1168FB6F,text,站前的物资集散地或许也还留有机械化步兵装甲。但是——\p
4826,game_t04843,０３０：１９９８年_73：京都駅の戦い　瑞鶴放棄　数分後.egpack,０３０：１９９８年_73：京都駅の戦い　瑞鶴放棄　数分後,真田大尉,6A7FD7B995E22007C5CC6A748249A1FD16B04BE2DACC052C858366AFED01FBED,text,「乌丸中央口前的巴士总站已成为临时物资集散地。战术机所需武装应该一应俱全，运气好或许还能接受简单维修。」\p
4827,game_t04844,０３０：１９９８年_73：京都駅の戦い　瑞鶴放棄　数分後.egpack,０３０：１９９８年_73：京都駅の戦い　瑞鶴放棄　数分後,旁白,5EB840BC8D9A78D1B6BE763AD441A8562D1F14D567C7F1FBC61E568CCA0D640B,text,根据上尉的话判断，这里应该是战术机武装和炮弹的集散地。几乎不可能存放机械化步兵装甲。\p
4828,game_t04845,０３０：１９９８年_73：京都駅の戦い　瑞鶴放棄　数分後.egpack,０３０：１９９８年_73：京都駅の戦い　瑞鶴放棄　数分後,旁白,6741141477160AC9CB8208F11199FFB3A549592E227E34BFAA20077B2AC0AA76,text,即便有，也只可能还穿在警备部队阵亡者身上。可若袭击这里的是战车级，恐怕连那些也已被吃掉了。\p
4829,game_t04846,０３０：１９９８年_73：京都駅の戦い　瑞鶴放棄　数分後.egpack,０３０：１９９８年_73：京都駅の戦い　瑞鶴放棄　数分後,唯依,F0A147ED7A7A418A25B7EB143286D0F64B19AD8E391353C8471B3AD15EDC7953,text,「把候选路线缩减为最短和最优两种吧……」\p
4830,game_t04847,０３０：１９９８年_73：京都駅の戦い　瑞鶴放棄　数分後.egpack,０３０：１９９８年_73：京都駅の戦い　瑞鶴放棄　数分後,旁白,F20DFC95A330B89E99F6B5C496BA4BB2469BA7568404A35BD2AE351F76D3E17D,text,明明处境已经绝望到这种地步，内心却不可思议地平静。想必这也是战前处置和战术药物的作用。\p
4831,game_t04848,０３０：１９９８年_73：京都駅の戦い　瑞鶴放棄　数分後.egpack,０３０：１９９８年_73：京都駅の戦い　瑞鶴放棄　数分後,旁白,256320D7A09D98C1DE362CF5E155F9268B512F903911F39D6E7F5A646C30B342,text,来到这里之前，自律压力注射究竟启动过多少次？从我现在的冷静程度来看，次数恐怕相当多。\p
4832,game_t04849,０３０：１９９８年_73：京都駅の戦い　瑞鶴放棄　数分後.egpack,０３０：１９９８年_73：京都駅の戦い　瑞鶴放棄　数分後,旁白,8A84B03E1FD97A12AAD29E6FB4C143E1D30A8161090953DBA696EB74152101F6,text,即便如此，我也差劲透顶——我冷静而客观地如此认为。\p
4833,game_t04850,０３０：１９９８年_73：京都駅の戦い　瑞鶴放棄　数分後.egpack,０３０：１９９８年_73：京都駅の戦い　瑞鶴放棄　数分後,旁白,B081B692B30504E10DB778263DD839BEB0355E02E4F64416B2CD857116842068,text,因为无法确认和泉的标记，我干脆地排除了搜索她的可能。\p
4834,game_t04851,０３０：１９９８年_73：京都駅の戦い　瑞鶴放棄　数分後.egpack,０３０：１９９８年_73：京都駅の戦い　瑞鶴放棄　数分後,旁白,3264DA463BD0D6FE9AC46FE03C0D4B586F188F657B47BE137BC4210B84C5AF30,text,冷酷地把山城可能因坠毁冲击而昏迷和已经死亡两种情况分开计算。\p
4835,game_t04852,０３０：１９９８年_73：京都駅の戦い　瑞鶴放棄　数分後.egpack,０３０：１９９８年_73：京都駅の戦い　瑞鶴放棄　数分後,旁白,37966A9BF84CAA42524249BE98BB77D7995F239C241D87356816E71D43179B8E,text,也有另一个自己在客观旁观，并厌恶着这样的想法。\p
4836,game_t04853,０３０：１９９８年_73：京都駅の戦い　瑞鶴放棄　数分後.egpack,０３０：１９９８年_73：京都駅の戦い　瑞鶴放棄　数分後,旁白,9C1407EF14928646177AE1D510717D200E2383F30392C4E7CCC026A459D27684,text,即使是战前处置让我变成这样，即使山城和和泉都还活着，我想我也不会原谅自己。\p
4837,game_t04854,０３０：１９９８年_73：京都駅の戦い　瑞鶴放棄　数分後.egpack,０３０：１９９８年_73：京都駅の戦い　瑞鶴放棄　数分後,旁白,0EA7DF2F28A4E6682497F2664EC263FBED12CC9D5F2CD2E93CAF03E8C0305B7A,text,即使这就是恭子大人教导的“应该选择不去做的事”，我恐怕也会一生责怪自己。\p
4838,game_t04855,０３０：１９９８年_73：京都駅の戦い　瑞鶴放棄　数分後.egpack,０３０：１９９８年_73：京都駅の戦い　瑞鶴放棄　数分後,旁白,CBF2C5B5923C8B19F51995445A312DC13FFC8B80541F2EE7E6192E9E6DA98355,text,当然——前提是我能活着回到从处置中清醒后的日常生活。\p
4839,game_t04856,０３０：１９９８年_73：京都駅の戦い　瑞鶴放棄　数分後.egpack,０３０：１９９８年_73：京都駅の戦い　瑞鶴放棄　数分後,唯依,6AAFC4738FA53E3DA26CF1097B61169594E9327617D31228B81D3B214574FC48,text,「现在只能默然践行……」\p
4840,game_t04857,０３０：１９９８年_73：京都駅の戦い　瑞鶴放棄　数分後.egpack,０３０：１９９８年_73：京都駅の戦い　瑞鶴放棄　数分後,旁白,2B666C613F6CBB8A90D2B5037CECF518CE5608414414A230A01668D63136E087,text,全长70米，总计171级，高低差35米。换算成大楼，大约相当于11层……\p
4841,game_t04858,０３０：１９９８年_73：京都駅の戦い　瑞鶴放棄　数分後.egpack,０３０：１９９８年_73：京都駅の戦い　瑞鶴放棄　数分後,唯依,E77D922FAEED985E1384365B817CC8364C9DDBEE765439CCB274D33F2999BFEB,text,「这座大阶梯……原来这么惊人……」\p
4842,game_t04859,０３０：１９９８年_73：京都駅の戦い　瑞鶴放棄　数分後.egpack,０３０：１９９８年_73：京都駅の戦い　瑞鶴放棄　数分後,旁白,7B9785A3FE61B9E9C69A073FD412640E1452B45E8484ABE74D0776A0AF64A328,text,要是在如此开阔的地方遭到小型种袭击，现在的我将无计可施。\p
4843,game_t04860,０３０：１９９８年_73：京都駅の戦い　瑞鶴放棄　数分後.egpack,０３０：１９９８年_73：京都駅の戦い　瑞鶴放棄　数分後,旁白,A55CE0891B8940E1E19B336DE9AD349DB2C91E94463F7A77753416708A30F54A,text,上学时常来购物的京都站大阶梯，竟然会变成这样的险关，我从未想过。\p
4844,game_t04861,０３０：１９９８年_73：京都駅の戦い　瑞鶴放棄　数分後.egpack,０３０：１９９８年_73：京都駅の戦い　瑞鶴放棄　数分後,旁白,86DB22392BD95CD86D1C47C22A96D9B2B4FC66B506A038C489656C56492346D6,text,从大阶梯下到一楼，在横穿中央大厅的同时目视物资集散地，确认是否有机械化步兵装甲。\p
4845,game_t04862,０３０：１９９８年_73：京都駅の戦い　瑞鶴放棄　数分後.egpack,０３０：１９９８年_73：京都駅の戦い　瑞鶴放棄　数分後,旁白,E8E6A39361BACA82CE2B13F2B2E4FE480C99A5094DF67D25D56C0459BC106BFD,text,再根据结果，决定是先登上东广场前往山城机，还是换装后再去救援。\p
4846,game_t04863,０３０：１９９８年_73：京都駅の戦い　瑞鶴放棄　数分後.egpack,０３０：１９９８年_73：京都駅の戦い　瑞鶴放棄　数分後,唯依,FC1BB2D07B8CA4CB833A8FC775711F88FDC75DF9188537E5BF556C9021D9D39C,text,「…\w…\w…\w…\w」\p
4847,game_t04864,０３０：１９９８年_73：京都駅の戦い　瑞鶴放棄　数分後.egpack,０３０：１９９８年_73：京都駅の戦い　瑞鶴放棄　数分後,旁白,84D55A4D57CE5F2CBB373235B816B80489A8037FD4C9541CD1BFFF2DB43CDE1E,text,打开舱门后，也有可能已经被小型种包围。\p
4848,game_t04865,０３０：１９９８年_73：京都駅の戦い　瑞鶴放棄　数分後.egpack,０３０：１９９８年_73：京都駅の戦い　瑞鶴放棄　数分後,唯依,09174DE4E98023E337ED5A245169A7386D9028D0716430E05D99FC17A4A8D5E2,text,「这种东西……只能求个心理安慰。」\p
4849,game_t04866,０３０：１９９８年_73：京都駅の戦い　瑞鶴放棄　数分後.egpack,０３０：１９９８年_73：京都駅の戦い　瑞鶴放棄　数分後,旁白,8731D61870F0D6AFAAC78E4D4A9F07473A36A6A5AD2081016C7AD0518FE6F1F0,text,96式手枪和91式卡宾枪……\p
4850,game_t04867,０３０：１９９８年_73：京都駅の戦い　瑞鶴放棄　数分後.egpack,０３０：１９９８年_73：京都駅の戦い　瑞鶴放棄　数分後,旁白,773D03F18692573CD54A87C884CC5EC8D667320FD0BCBAB9A7B84525CB188D34,text,7.62毫米弹还勉强能用，5.56毫米弹的卡宾枪最多只能对付小型种。要是遇上战车级，就只能逃。\p
4851,game_t04868,０３０：１９９８年_73：京都駅の戦い　瑞鶴放棄　数分後.egpack,０３０：１９９８年_73：京都駅の戦い　瑞鶴放棄　数分後,唯依,D3334F20205BCD46F7229DE81D25D17CA9E5FB88CDC965DEF8EAC069B62D2C40,text,「……不过，至少能拖延时间。」\p
4852,game_t04869,０３０：１９９８年_73：京都駅の戦い　瑞鶴放棄　数分後.egpack,０３０：１９９８年_73：京都駅の戦い　瑞鶴放棄　数分後,唯依,FCFD456984C8F4AB765937B422DC8AE1C570C0F6FE7136D7FDC0D4D96F16CC1A,text,「……好，出发吧。」\p
4853,game_t04870,０３０：１９９８年_73：京都駅の戦い　瑞鶴放棄　数分後.egpack,０３０：１９９８年_73：京都駅の戦い　瑞鶴放棄　数分後,唯依,FC1BB2D07B8CA4CB833A8FC775711F88FDC75DF9188537E5BF556C9021D9D39C,text,「…\w…\w…\w…\w」\p
4854,game_t04871,０３０：１９９８年_73：京都駅の戦い　瑞鶴放棄　数分後.egpack,０３０：１９９８年_73：京都駅の戦い　瑞鶴放棄　数分後,唯依,FC1BB2D07B8CA4CB833A8FC775711F88FDC75DF9188537E5BF556C9021D9D39C,text,「…\w…\w…\w…\w」\p
4855,game_t04872,０３０：１９９８年_73：京都駅の戦い　瑞鶴放棄　数分後.egpack,０３０：１９９８年_73：京都駅の戦い　瑞鶴放棄　数分後,旁白,8863D9E23D620C9B124F64CB3D68C77F04B44E796B486AC9A118D3AEEC38D1FC,text,机体周围似乎什么都没有——\p
4856,game_t04873,０３０：１９９８年_73：京都駅の戦い　瑞鶴放棄　数分後.egpack,０３０：１９９８年_73：京都駅の戦い　瑞鶴放棄　数分後,唯依,FC1BB2D07B8CA4CB833A8FC775711F88FDC75DF9188537E5BF556C9021D9D39C,text,「…\w…\w…\w…\w」\p
4857,game_t04874,０３０：１９９８年_73：京都駅の戦い　瑞鶴放棄　数分後.egpack,０３０：１９９８年_73：京都駅の戦い　瑞鶴放棄　数分後,唯依,5512C93530E43DAABFEE2D315B2AA67B6F6ED8E50305F7583F060AD0D82CC19B,text,「谢谢你……保护了我。」\p
4858,game_t04875,０３０：１９９８年_73：京都駅の戦い　瑞鶴放棄　数分後.egpack,０３０：１９９８年_73：京都駅の戦い　瑞鶴放棄　数分後,唯依,27B8D4F84481E1483EAED23AE96C27CDE7568C153AA89874EB701E1A1E6A7D72,text,「对不起……都是因为我……还太不成熟……」\p
4859,game_t04876,０３０：１９９８年_74：京都駅舎内へ　大空広場～大階段～室町小路広場.egpack,０３０：１９９８年_74：京都駅舎内へ　大空広場～大階段～室町小路広場,唯依,FC1BB2D07B8CA4CB833A8FC775711F88FDC75DF9188537E5BF556C9021D9D39C,text,「…\w…\w…\w…\w」\p
4860,game_t04877,０３０：１９９８年_74：京都駅舎内へ　大空広場～大階段～室町小路広場.egpack,０３０：１９９８年_74：京都駅舎内へ　大空広場～大階段～室町小路広場,旁白,DE8C636B8F1EA2A9AE027EB0A0195457B4CFDEFB66AAECCC55A8DF487AA4BB4D,text,大阶梯……原来这么大……\p
4861,game_t04878,０３０：１９９８年_74：京都駅舎内へ　大空広場～大階段～室町小路広場.egpack,０３０：１９９８年_74：京都駅舎内へ　大空広場～大階段～室町小路広場,旁白,95546697E2DE2F85FC0CEFA1BF9822368D4D6EAB729C80B838B4409FA2F910AC,text,全长70米，总计171级，高低差35米。换算成大楼，大约相当于11层楼高……\p
4862,game_t04879,０３０：１９９８年_74：京都駅舎内へ　大空広場～大階段～室町小路広場.egpack,０３０：１９９８年_74：京都駅舎内へ　大空広場～大階段～室町小路広場,安芸,66428EC2DC6259391F94E8429FA7C177175977E3C1B2797E731B0856C9E27A14,text,「再多吃一点嘛～！好不容易才碰上北海道物产展～！」\p
4863,game_t04880,０３０：１９９８年_74：京都駅舎内へ　大空広場～大階段～室町小路広場.egpack,０３０：１９９８年_74：京都駅舎内へ　大空広場～大階段～室町小路広場,和泉,C8D7346145E9C7163B00DA02D71DF15064283871E13F6AA4326AF00B3BBB692C,text,「诶～还要吃啊～？你真是的～」\p
4864,game_t04881,０３０：１９９８年_74：京都駅舎内へ　大空広場～大階段～室町小路広場.egpack,０３０：１９９８年_74：京都駅舎内へ　大空広場～大階段～室町小路広場,志摩子,2875CCCCBC3D03CB035BA3113F4C6CD908818769BD85C49FE017517626EEE972,text,「啊，唯依，快看快看——那边在开演唱会！」\p
4865,game_t04882,０３０：１９９８年_74：京都駅舎内へ　大空広場～大階段～室町小路広場.egpack,０３０：１９９８年_74：京都駅舎内へ　大空広場～大階段～室町小路広場,旁白,9709E446685F85FAAF051ECC999855C5602BB2D2214CFF413024007CA33E04DD,text,那时常来购物的京都站……我从未想过，这座大阶梯有朝一日竟会成为左右生死的险关。\p
4866,game_t04883,０３０：１９９８年_74：京都駅舎内へ　大空広場～大階段～室町小路広場.egpack,０３０：１９９８年_74：京都駅舎内へ　大空広場～大階段～室町小路広場,旁白,199E58E6F6327811FF3537217253AB40E3CE53818BF445BC75D7B8187B61992A,text,要是在如此开阔的地方遭到小型种袭击，现在的我将无计可施……\p
4867,game_t04884,０３０：１９９８年_74：京都駅舎内へ　大空広場～大階段～室町小路広場.egpack,０３０：１９９８年_74：京都駅舎内へ　大空広場～大階段～室町小路広場,旁白,14C986375A16FCE1F7FE7B699E98EB4899F037C03E32B2A3465028D19F51F951,text,而且这里如此昏暗。已经失灵的IR系统就不奢望了，至少想打开卡宾枪上的战术灯，可是——\p
4868,game_t04885,０３０：１９９８年_74：京都駅舎内へ　大空広場～大階段～室町小路広場.egpack,０３０：１９９８年_74：京都駅舎内へ　大空広場～大階段～室町小路広場,斉藤助教,10B504BD658976375D00A59CDB7517A5F341F72E057B1DB7AB6E6B3CA4534F1A,text,「——BETA体型越小，对人探测能力就越强。但它们究竟如何识别人类，目前仍一无所知。」\p
4869,game_t04886,０３０：１９９８年_74：京都駅舎内へ　大空広場～大階段～室町小路広場.egpack,０３０：１９９８年_74：京都駅舎内へ　大空広場～大階段～室町小路広場,旁白,F15CB58656AFF73DEE94BFF4DFE4D6AD4355D57BBF16A1C2B36976894C6095DE,text,——在这里，什么都不打开应该风险最低。凡是能靠理性判断做到的，都先做到吧。\p
4870,game_t04887,０３０：１９９８年_74：京都駅舎内へ　大空広場～大階段～室町小路広場.egpack,０３０：１９９８年_74：京都駅舎内へ　大空広場～大階段～室町小路広場,旁白,C739502C68C55A729A9A28E4DEE550029CD83DB3DCA1A14A79B142E23CA52CC0,text,……我记得，那里应该有自动扶梯。\p
4871,game_t04888,０３０：１９９８年_74：京都駅舎内へ　大空広場～大階段～室町小路広場.egpack,０３０：１９９８年_74：京都駅舎内へ　大空広場～大階段～室町小路広場,旁白,91A7E3964C34D8A431042C2FE89442F6AEC1AC31F8ACE36B822297BB3FFD995B,text,从那里下去吧。扶手之间只有那么宽，至少兵士级进不来。\p
4872,game_t04889,０３０：１９９８年_74：京都駅舎内へ　大空広場～大階段～室町小路広場.egpack,０３０：１９９８年_74：京都駅舎内へ　大空広場～大階段～室町小路広場,唯依,3F6245637225F09A802B588E6F9676DF2A88E96D80EBEC222FC2593A982AD683,text,「――！」\p
4873,game_t04890,０３０：１９９８年_74：京都駅舎内へ　大空広場～大階段～室町小路広場.egpack,０３０：１９９８年_74：京都駅舎内へ　大空広場～大階段～室町小路広場,唯依,073840BCB89E7BF4CC02ADF556D1F3F31D133F21318C13B489F3A4E807311631,text,「…\w…\w…\w…\w！！」\p
4874,game_t04891,０３０：１９９８年_74：京都駅舎内へ　大空広場～大階段～室町小路広場.egpack,０３０：１９９８年_74：京都駅舎内へ　大空広場～大階段～室町小路広場,唯依,FC1BB2D07B8CA4CB833A8FC775711F88FDC75DF9188537E5BF556C9021D9D39C,text,「…\w…\w…\w…\w」\p
4875,game_t04892,０３０：１９９８年_74：京都駅舎内へ　大空広場～大階段～室町小路広場.egpack,０３０：１９９８年_74：京都駅舎内へ　大空広場～大階段～室町小路広場,唯依,BD233C60A92A010EBA9303303DD05C2BFE3512347A0F625DB6842BB17E09B840,text,「……！！」\p
4876,game_t04893,０３０：１９９８年_74：京都駅舎内へ　大空広場～大階段～室町小路広場.egpack,０３０：１９９８年_74：京都駅舎内へ　大空広場～大階段～室町小路広場,旁白,4620DE7D1D15C1616C01A6C746B3EB7D24C994EC6D811D272F5D94E15EFCC476,text,那具尸骸……\p
4877,game_t04894,０３０：１９９８年_74：京都駅舎内へ　大空広場～大階段～室町小路広場.egpack,０３０：１９９８年_74：京都駅舎内へ　大空広場～大階段～室町小路広場,真田教官,5176F4189C317FF0C1A80025620F2190CB21B3DB519230135FC8A50722D35FFE,text,「——如你们所见，不具备中、大型种那种蹄状脚端的小型种，移动时极为安静。」\p
4878,game_t04895,０３０：１９９８年_74：京都駅舎内へ　大空広場～大階段～室町小路広場.egpack,０３０：１９９８年_74：京都駅舎内へ　大空広場～大階段～室町小路広場,真田教官,E023FB682EE092599082D11DD6D6A08779B7A9AFA6BF97F133E64F4F411B9FD5,text,「再加上其出色的对人探测能力，在紧急破坏弹射后，或抛离机械化步兵装甲后徒步穿越战区时，威胁极高。」\p
4879,game_t04896,０３０：１９９８年_74：京都駅舎内へ　大空広場～大階段～室町小路広場.egpack,０３０：１９９８年_74：京都駅舎内へ　大空広場～大階段～室町小路広場,真田教官,35EE7A0CC65728B1CE02F3F074A1D609D2EC35DC2D5D588D473E93EEBA95B266,text,「但它们完全不会采用伏击、隐蔽等狩猎战术，只会像中、大型种一样径直冲锋、蜂拥而上——」\p
4880,game_t04897,０３０：１９９８年_74：京都駅舎内へ　大空広場～大階段～室町小路広場.egpack,０３０：１９９８年_74：京都駅舎内へ　大空広場～大階段～室町小路広場,真田教官,B4C7A4FD9A3CF8896C9DCB3AD17A694E423C06C882C9646B4F8BFCADD04BCB0A,text,「——此外，已有大量报告表明，这些小型种会由要塞级运送至前线战区。要塞级会将小型种收纳于体内——」\p
4881,game_t04898,０３０：１９９８年_74：京都駅舎内へ　大空広場～大階段～室町小路広場.egpack,０３０：１９９８年_74：京都駅舎内へ　大空広場～大階段～室町小路広場,唯依,CCBA54540F5BB9E552FBD137A35764E92973C9C2854633C6AA52E7A57EF25E02,text,「原来如此……所以要塞级才会……！」\p
4882,game_t04899,０３０：１９９８年_74：京都駅舎内へ　大空広場～大階段～室町小路広場.egpack,０３０：１９９８年_74：京都駅舎内へ　大空広場～大階段～室町小路広場,旁白,1F94C6E31509A127915795722FAA6D2700BDE78616647D0041D61A0362E90AD8,text,如果数量如此众多的要塞级都从体内释放了小型种……那么京都站的驻军——\p
4883,game_t04900,０３０：１９９８年_74：京都駅舎内へ　大空広場～大階段～室町小路広場.egpack,０３０：１９９８年_74：京都駅舎内へ　大空広場～大階段～室町小路広場,唯依,74275AD64868180BB5813BBA27A9190B6FC05A9703F1CC8C8FDC28790AD1D064,text,「是遭到小型种袭击后全灭的……」\p
4884,game_t04901,０３０：１９９８年_74：京都駅舎内へ　大空広場～大階段～室町小路広場.egpack,０３０：１９９８年_74：京都駅舎内へ　大空広場～大階段～室町小路広場,唯依,E4DF155B7C293C60B19DE59766C70D146162C9F319221D9A9C8250665CEB7AB7,text,「若是这样，就必须避开一楼……」\p
4885,game_t04902,０３０：１９９８年_74：京都駅舎内へ　大空広場～大階段～室町小路広場.egpack,０３０：１９９８年_74：京都駅舎内へ　大空広場～大階段～室町小路広場,旁白,723792C7F50B9577539F1A5F1E35E010784F04E8C199BDBF0652125585DC4231,text,BETA尸骸全都是兵士级。既然如此，就绝对不能接近物资集散地……那个曾聚集大量人员的地方。\p
4886,game_t04903,０３０：１９９８年_74：京都駅舎内へ　大空広場～大階段～室町小路広場.egpack,０３０：１９９８年_74：京都駅舎内へ　大空広場～大階段～室町小路広場,旁白,618E032F121514C60BA49B671C03175FC94B7BBD91183F853AEEBB337FC34463,text,因为尸体越多，附近仍有残留个体啃食尸肉的可能性就越高。\p
4887,game_t04904,０３０：１９９８年_74：京都駅舎内へ　大空広場～大階段～室町小路広場.egpack,０３０：１９９８年_74：京都駅舎内へ　大空広場～大階段～室町小路広場,旁白,4A8C798AAE817CBA848EECE43000C75D91741217B468EE34DE478BE3557BB42B,text,在室町小路广场右转，经南广场前往乌丸小路广场，再登上东广场——\p
4888,game_t04905,０３０：１９９８年_74：京都駅舎内へ　大空広場～大階段～室町小路広場.egpack,０３０：１９９８年_74：京都駅舎内へ　大空広場～大階段～室町小路広場,旁白,74430F2F267644ED4A683F05AF97FE2D854EA8409DAA422AEF606B07E62DF94E,text,虽然稍微绕远了一点，就走这条迂回路线吧。\p
4889,game_t04906,０３０：１９９８年_74：京都駅舎内へ　大空広場～大階段～室町小路広場.egpack,０３０：１９９８年_74：京都駅舎内へ　大空広場～大階段～室町小路広場,旁白,6C9E0A95C8BF2C5455CB7E3579A44B7FFC342B292368A9825EAEDD40D2C3DCD4,text,我记得从南广场能够俯瞰一楼楼层和站前巴士总站。要做大致的目视确认已经足够……\p
4890,game_t04907,０３０：１９９８年_74：京都駅舎内へ　大空広場～大階段～室町小路広場.egpack,０３０：１９９８年_74：京都駅舎内へ　大空広場～大階段～室町小路広場,唯依,4B862B06F15FC92E60B51B583943DF61467BCFCE2E25CDD78BF2E130E3D17271,text,「——好，出发吧。」\p
4891,game_t04908,０３０：１９９８年_75：和泉の戦死確認　南広場.egpack,０３０：１９９８年_75：和泉の戦死確認　南広場,旁白,C56CC7835EC9DACDA34CDCE19669A20D85BF502E5778CEB5C4B53978ECBDF4AD,text,太好了……这里既没有遗体，也没有尸骸。\p
4892,game_t04909,０３０：１９９８年_75：和泉の戦死確認　南広場.egpack,０３０：１９９８年_75：和泉の戦死確認　南広場,旁白,13862549635D261E32C2A01E8C6634F7F491DDC6AABEA7E85027885A31C78809,text,我还是第一次……而且是在如此近的距离，亲眼目睹那般惨烈的地狱……\p
4893,game_t04910,０３０：１９９８年_75：和泉の戦死確認　南広場.egpack,０３０：１９９８年_75：和泉の戦死確認　南広場,旁白,3FAEF33FFF6F9A978BEFA9A9CA8ACA3C226D048E1FFD30D1B0AC7928C74B463C,text,若是平时，现在的我恐怕早已精神错乱、惊慌失措、畏惧不已……甚至无法离开那里一步。\p
4894,game_t04911,０３０：１９９８年_75：和泉の戦死確認　南広場.egpack,０３０：１９９８年_75：和泉の戦死確認　南広場,旁白,9130AA5112853A18B60AF45D92A00B072AD1E89FC71663CCD025DEFE62E7581B,text,说不定还会吐在头盔里，或是哭喊不止……\p
4895,game_t04912,０３０：１９９８年_75：和泉の戦死確認　南広場.egpack,０３０：１９９８年_75：和泉の戦死確認　南広場,旁白,638FEC8B838BD2A78F2B3E277DC5EF1F8DC2A801D706CDF5FCCE6CB965DA773B,text,可我现在却能像旁观他人的遭遇一样冷静……这都是战前处置的作用。\p
4896,game_t04913,０３０：１９９８年_75：和泉の戦死確認　南広場.egpack,０３０：１９９８年_75：和泉の戦死確認　南広場,旁白,CF89483C53A8C192D1B8F3B1FBAB2F422E5C2D16AD0EBE11F24CAD77646C2B5C,text,只要强化装备中还留有战术药物，我的心就能继续与这片地狱隔绝。\p
4897,game_t04914,０３０：１９９８年_75：和泉の戦死確認　南広場.egpack,０３０：１９９８年_75：和泉の戦死確認　南広場,旁白,73037CBB7D7D675174825510892EE43B0BC26455E72B66B1DE8627FDDBD77380,text,但接下来……若无论走到哪里——整个京都都已经变成了这样的地狱——\p
4898,game_t04915,０３０：１９９８年_75：和泉の戦死確認　南広場.egpack,０３０：１９９８年_75：和泉の戦死確認　南広場,旁白,F2698389E921BF36D050360E76629D20D87C663ED8F4E97C4E39831D19A762E6,text,战术药物很快就会耗尽……而我……\p
4899,game_t04916,０３０：１９９８年_75：和泉の戦死確認　南広場.egpack,０３０：１９９８年_75：和泉の戦死確認　南広場,唯依,FC1BB2D07B8CA4CB833A8FC775711F88FDC75DF9188537E5BF556C9021D9D39C,text,「…\w…\w…\w…\w」\p
4900,game_t04917,０３０：１９９８年_75：和泉の戦死確認　南広場.egpack,０３０：１９９８年_75：和泉の戦死確認　南広場,旁白,8FFF036377CD387BEC915AA9662498C298D84F479D350B38DAEF6E1F0B118167,text,不，不对……！\p
4901,game_t04918,０３０：１９９８年_75：和泉の戦死確認　南広場.egpack,０３０：１９９８年_75：和泉の戦死確認　南広場,真田教官,EFD830DAAFF61356AD9DC924EBCD5D292ADA1C171BB58C19ED0021D2C3E7E92F,text,「——通常，要塞级位于进攻BETA群的最后方。」\p
4902,game_t04919,０３０：１９９８年_75：和泉の戦死確認　南広場.egpack,０３０：１９９８年_75：和泉の戦死確認　南広場,真田教官,33B7149E49EB5B511EEB7E8BD2D28F425E20E5493295C16B9C5D943F90F3B1B2,text,「——据推测，这不仅是因为它们体型庞大、移动缓慢，也因为它们负责运送执行对人压制的小型种。」\p
4903,game_t04920,０３０：１９９８年_75：和泉の戦死確認　南広場.egpack,０３０：１９９８年_75：和泉の戦死確認　南広場,旁白,82E166AD16DE2D2456FB75B74FD8F2D7E267E9D943105793C48A5E7730FF57E4,text,要塞级出现在这里，就证明这次向东推进的BETA群，其队尾已经抵达京都站——\p
4904,game_t04921,０３０：１９９８年_75：和泉の戦死確認　南広場.egpack,０３０：１９９８年_75：和泉の戦死確認　南広場,旁白,FD5D78A23DD9C1E0882AF54DA1C94BA29AFC3B50D38428D67810EF0E68B567EA,text,这也意味着……只差最后一步，我们就能击退这次进攻！\p
4905,game_t04922,０３０：１９９８年_75：和泉の戦死確認　南広場.egpack,０３０：１９９８年_75：和泉の戦死確認　南広場,旁白,D3EE7C59B63F33CE1AD990F02230BA611D2816655572CA4D9066D050683E19A9,text,就在那边，此时此刻，真田上尉他们——帝国军仍在战斗……！\p
4906,game_t04923,０３０：１９９８年_75：和泉の戦死確認　南広場.egpack,０３０：１９９８年_75：和泉の戦死確認　南広場,唯依,ED340BEE51D063939BEE4D2A4A2BE3CDD50DC153CF8FEEDCCEC811828DF3DAFA,text,「在这片帝都战区——我并不是孤身一人在战斗。」\p
4907,game_t04924,０３０：１９９８年_75：和泉の戦死確認　南広場.egpack,０３０：１９９８年_75：和泉の戦死確認　南広場,旁白,7D7698FD17AE3C0D393A99D7340264FAAE3FEF169A745BEB60F1FA48EF6CC038,text,我记得从这个位置，应该能够俯瞰中央大厅和巴士总站。\p
4908,game_t04925,０３０：１９９８年_75：和泉の戦死確認　南広場.egpack,０３０：１９９８年_75：和泉の戦死確認　南広場,旁白,F3A628F32523D9CE80FFC52185B7CE96C36FBE1F142BAC2899DBCDC8C4BAFA72,text,果然……竟然还有那么多残留个体……\p
4909,game_t04926,０３０：１９９８年_75：和泉の戦死確認　南広場.egpack,０３０：１９９８年_75：和泉の戦死確認　南広場,旁白,A57815837469D98B1A3FCCB5FEADAA44D76CB78CA3177511083854811A3EA8DB,text,要是刚才直接下到一楼……现在恐怕已经……\p
4910,game_t04927,０３０：１９９８年_75：和泉の戦死確認　南広場.egpack,０３０：１９９８年_75：和泉の戦死確認　南広場,旁白,A69F757E102ECB159A9C7B13D70F8E9D8E80C1F79993DF699BE89F6DC198058B,text,陆军的机械化步兵——
4911,game_t04928,０３０：１９９８年_75：和泉の戦死確認　南広場.egpack,０３０：１９９８年_75：和泉の戦死確認　南広場,旁白,FB5C0E2B09335FF23943E1F8FC431EF8E52D28CFE8F2145EC554497BA199D91B,text,那么多人竟然全军覆没……想必遭到了数量极其庞大的小型种袭击。
4912,game_t04929,０３０：１９９８年_75：和泉の戦死確認　南広場.egpack,０３０：１９９８年_75：和泉の戦死確認　南広場,旁白,E2F008083800A1F85BE71AA8F06A592C741B83BEEFE0BA6DE28769D92E413507,text,恐怕除了刚才那9只以外，还有其他要塞级……
4913,game_t04930,０３０：１９９８年_75：和泉の戦死確認　南広場.egpack,０３０：１９９８年_75：和泉の戦死確認　南広場,唯依,7ECA4F023EC78F25807827320D39DDB58BA2881EFC42BF458A201CA8F211B63E,text,「——！？」
4914,game_t04931,０３０：１９９８年_75：和泉の戦死確認　南広場.egpack,０３０：１９９８年_75：和泉の戦死確認　南広場,旁白,43D35F218DD28A1DFB636390D1A219D89684748C0DA57238172318CF8F6AADA0,text,那是——！？\p
4915,game_t04932,０３０：１９９８年_75：和泉の戦死確認　南広場.egpack,０３０：１９９８年_75：和泉の戦死確認　南広場,唯依,FC1BB2D07B8CA4CB833A8FC775711F88FDC75DF9188537E5BF556C9021D9D39C,text,「…\w…\w…\w…\w」\p
4916,game_t04933,０３０：１９９８年_75：和泉の戦死確認　南広場.egpack,０３０：１９９８年_75：和泉の戦死確認　南広場,旁白,FF76354C3B7C24A24FD056763C5E3C13E43B1B4ED8D0ED42BC9350C0F2CCC85F,text,太暗了，看不清楚……但那套机械化步兵装甲，外形不一样……\p
4917,game_t04934,０３０：１９９８年_75：和泉の戦死確認　南広場.egpack,０３０：１９９８年_75：和泉の戦死確認　南広場,旁白,06F96ADABA0AA48A58630C8ABD5DCA8F5A543D0F82B8FF93DD23CE62FB53E336,text,和帝国军部队使用的相比……轻便得多……\p
4918,game_t04935,０３０：１９９８年_75：和泉の戦死確認　南広場.egpack,０３０：１９９８年_75：和泉の戦死確認　南広場,旁白,3C0180700AC9AFBF8D4189E4DF9795668967330ED4650510344B89CF60056A26,text,难道……！？\p
4919,game_t04936,０３０：１９９８年_75：和泉の戦死確認　南広場.egpack,０３０：１９９８年_75：和泉の戦死確認　南広場,唯依,0E0DB67AA7AA5A6F14EE3EFCDF73DAA2B1AF948A35C482D3F361FDB03A7944F8,text,「……唔！」\p
4920,game_t04937,０３０：１９９８年_75：和泉の戦死確認　南広場.egpack,０３０：１９９８年_75：和泉の戦死確認　南広場,旁白,1428D45961B68B93CCAA9966D79156439609E0D7BA11B04738C9AC6946991BEA,text,必须……确认……身为小队长，我有责任这么做……！\p
4921,game_t04938,０３０：１９９８年_75：和泉の戦死確認　南広場.egpack,０３０：１９９８年_75：和泉の戦死確認　南広場,旁白,8DBB7CD5EE1EA109261D630F45BF633471BCB09C9D459F6EA5DDE904FB0DC9A7,text,只看一瞬间的话……！\p
4922,game_t04939,０３０：１９９８年_75：和泉の戦死確認　南広場.egpack,０３０：１９９８年_75：和泉の戦死確認　南広場,唯依,E55972AA46FBF280DB6B6BA000487E7271A1B8EECB6DA1D90555E505452B14AE,text,「……和……和泉……」\p
4923,game_t04940,０３０：１９９８年_75：和泉の戦死確認　南広場.egpack,０３０：１９９８年_75：和泉の戦死確認　南広場,唯依,2343B33745314FAB2EF75238C171BD3872A937277A49156150F819278233C904,text,「……你倒在那里……做什么……？」\p
4924,game_t04941,０３０：１９９８年_75：和泉の戦死確認　南広場.egpack,０３０：１９９８年_75：和泉の戦死確認　南広場,唯依,5930C19DA64244D838830E2439DDBBFAB2E504F3BFF273BCED353A4376013E10,text,「——！？」\p
4925,game_t04942,０３０：１９９８年_75：和泉の戦死確認　南広場.egpack,０３０：１９９８年_75：和泉の戦死確認　南広場,唯依,2EF5FB4C92C1D7F956D4DC70500A4B1BB6C6685D851BEC89E536A18D5E6791D4,text,「——哈……哈……哈……！」\p
4926,game_t04943,０３０：１９９８年_75：和泉の戦死確認　南広場.egpack,０３０：１９９８年_75：和泉の戦死確認　南広場,唯依,E2682D5E9B7DADBEAAC6A21FFA13A2D1DE6668B20983D1D89F19A88202C3D783,text,「确认……能登少尉……KIA……」\p
4927,game_t04944,０３０：１９９８年_75：和泉の戦死確認　南広場.egpack,０３０：１９９８年_75：和泉の戦死確認　南広場,旁白,A27F14367A10E3F67D5D3B20A9903F6E3CE0D485EC2533AD2E2985B90C81AF9C,text,能登少尉的机体遭到击毁，她以机械化步兵装甲实施紧急破坏弹射，或者在紧急弹射后换装机械化步兵装甲——\p
4928,game_t04945,０３０：１９９８年_75：和泉の戦死確認　南広場.egpack,０３０：１９９８年_75：和泉の戦死確認　南広場,旁白,E86ED26D315AD795948403CE1772B3CC46D151EB8810D960455D1061D2DAF394,text,随后为取得巴士总站的物资，或为救援山城少尉而行动，却遭残留的兵士级袭击并阵亡——\p
4929,game_t04946,０３０：１９９８年_75：和泉の戦死確認　南広場.egpack,０３０：１９９８年_75：和泉の戦死確認　南広場,旁白,0D4D52EE594DEE8E7E144E2A7EA73570C8179EEA7EDCE32487C9E9065C54E408,text,可是……有些奇怪……\p
4930,game_t04947,０３０：１９９８年_75：和泉の戦死確認　南広場.egpack,０３０：１９９８年_75：和泉の戦死確認　南広場,旁白,6C487BB1708C680C086F8D28C63B4E9597232297C5323C27EED6C26DCEFB2A62,text,和泉为什么……会倒在那种地方……？\p
4931,game_t04948,０３０：１９９８年_75：和泉の戦死確認　南広場.egpack,０３０：１９９８年_75：和泉の戦死確認　南広場,旁白,FA6687387C000E3E9B9A6864D6B3DAD6F953F587E045266D1EAB6E45DF388849,text,无论她在何处弃机，既然来到中央大厅，目的应该是取得物资，或确认山城是否生还。\p
4932,game_t04949,０３０：１９９８年_75：和泉の戦死確認　南広場.egpack,０３０：１９９８年_75：和泉の戦死確認　南広場,旁白,D8B1BB42C8D991BC0716FB4C75A23B96BE70B443FF8E7CEF21D72DD252EC03F2,text,即使在那里与兵士级爆发了不期遭遇战，为什么还会留在狭窄、立足不稳的大厅里……\p
4933,game_t04950,０３０：１９９８年_75：和泉の戦死確認　南広場.egpack,０３０：１９９８年_75：和泉の戦死確認　南広場,旁白,8469BE6128FF82F1AFB7CFEF3BEEB045EAD596E57C5A6ED086EDAB93392136AC,text,而且还背对着有巴士总站和楼梯的出口——\p
4934,game_t04951,０３０：１９９８年_75：和泉の戦死確認　南広場.egpack,０３０：１９９８年_75：和泉の戦死確認　南広場,旁白,BD231FC51EE108AACB10D115BC4034B4B9F2ADCB3E7F2AA8E51BE731EC7F702C,text,不……和泉周围没有激烈近身格斗的痕迹。而且兵士级应该追不上机械化步兵。\p
4935,game_t04952,０３０：１９９８年_75：和泉の戦死確認　南広場.egpack,０３０：１９９８年_75：和泉の戦死確認　南広場,旁白,FCE765E2DDF896288542EC6493E6B50A7F1BB2DC2C67A7080D282EBB88593079,text,这样看来，和泉是在正下方——朝检票口方向站着不动时，从正面遭到袭击，仰面倒下的……？\p
4936,game_t04953,０３０：１９９８年_75：和泉の戦死確認　南広場.egpack,０３０：１９９８年_75：和泉の戦死確認　南広場,旁白,139E2A89AB38A685E5AFCC1065322CA3A86696CB5C0FB49F5CC3EEF99F1358E4,text,她为什么要那么做……？简直就像是在等着某个人从检票口出来——\p
4937,game_t04954,０３０：１９９８年_75：和泉の戦死確認　南広場.egpack,０３０：１９９８年_75：和泉の戦死確認　南広場,唯依,A0776ACE87A954C14DD8807E36944416120AF470F7E7E96EE784A46E04F59EE8,text,「——！」\p
4938,game_t04955,０３０：１９９８年_75：和泉の戦死確認　南広場.egpack,０３０：１９９８年_75：和泉の戦死確認　南広場,唯依,DCCB77F4502BEEC31025A3EC4EC1B1BE1AE1BCA00F0B6019AF6DB858994499C3,text,「那就是……」\p
4939,game_t04956,０３０：１９９８年_75：和泉の戦死確認　南広場.egpack,０３０：１９９８年_75：和泉の戦死確認　南広場,唯依,468596FFCB7D0F2BB75D7BE05F4096F8FAFA7A8D8B5C123E890C7632CD6A563E,text,「那就是……和泉最后做出的选择啊……」\p
4940,game_t04957,０３０：１９９８年_75：和泉の戦死確認　南広場.egpack,０３０：１９９８年_75：和泉の戦死確認　南広場,唯依,8331F90C9ED4AA79F3CE2C5F97873D98AC7585C6473E17F2D1037F8308FA436A,text,「――！？」\p
4941,game_t04958,０３０：１９９８年_75：和泉の戦死確認　南広場.egpack,０３０：１９９８年_75：和泉の戦死確認　南広場,唯依,5930C19DA64244D838830E2439DDBBFAB2E504F3BFF273BCED353A4376013E10,text,「——！？」\p
4942,game_t04959,０３０：１９９８年_75：和泉の戦死確認　南広場.egpack,０３０：１９９８年_75：和泉の戦死確認　南広場,旁白,2FE823AFA07AB1302C96909AD02682EEAC015295F448689A78DDE356A51FD438,text,这个声音——是山城！？山城……还活着！？\p
4943,game_t04960,０３０：１９９８年_75：和泉の戦死確認　南広場.egpack,０３０：１９９８年_75：和泉の戦死確認　南広場,旁白,AAB290BE4243ECD08F2B2DB428FB5DA50F18E42F3639B7A5EF090A1A3D8ADE8B,text,——必须快点赶过去！！\p
4944,game_t04961,０３０：１９９８年_76：山城戦死　烏丸小路～東広場.egpack,０３０：１９９８年_76：山城戦死　烏丸小路～東広場,唯依,95DF2600A65C9B75E6568509EAF61E1D9549D53BC867AB98E16CC127AE8BCD25,text,「哈……哈……哈……！」
4945,game_t04962,０３０：１９９８年_76：山城戦死　烏丸小路～東広場.egpack,０３０：１９９８年_76：山城戦死　烏丸小路～東広場,唯依,0509AB9E811FF7A71AE97155871F981179D8B331FD65DE6AECD972C8942EFB38,text,「……这个声音！」\p
4946,game_t04963,０３０：１９９８年_76：山城戦死　烏丸小路～東広場.egpack,０３０：１９９８年_76：山城戦死　烏丸小路～東広場,旁白,7D030CD47E08818E034A15EFE9B2C62B467EA8F3F76A8C4CCEA9DDB16911C907,text,——是怠速模式下的喷射声！山城机的跳跃单元还在运转！\p
4947,game_t04964,０３０：１９９８年_76：山城戦死　烏丸小路～東広場.egpack,０３０：１９９８年_76：山城戦死　烏丸小路～東広場,唯依,E3C1C3A6AA207E881196EC9F3FD169F9ED8469EBE30389A4B7835AF3B968026D,text,「——等着我，山城，我马上就到。」\p
4948,game_t04965,０３０：１９９８年_76：山城戦死　烏丸小路～東広場.egpack,０３０：１９９８年_76：山城戦死　烏丸小路～東広場,旁白,285C4081CF881307F9200395D289AD0F8D698C29ED41F47FF067123D02CDF2E3,text,强化装备已经损坏成这样——我不知道山城能否听见我的声音——\p
4949,game_t04966,０３０：１９９８年_76：山城戦死　烏丸小路～東広場.egpack,０３０：１９９８年_76：山城戦死　烏丸小路～東広場,旁白,580D9A3667BF1FFF39C3FEC83DFB1209462537BC005F8FEB4A2F078F4C67BBBD,text,但我愿意相信……她能听见——\p
4950,game_t04967,０３０：１９９８年_76：山城戦死　烏丸小路～東広場.egpack,０３０：１９９８年_76：山城戦死　烏丸小路～東広場,旁白,261DD9642C21AC141B92A266509C551CD80058E18C03799194737679F068865B,text,登上那道楼梯就是东广场……山城就在那里……！\p
4951,game_t04968,０３０：１９９８年_76：山城戦死　烏丸小路～東広場.egpack,０３０：１９９８年_76：山城戦死　烏丸小路～東広場,唯依,DA5274AF173CFCF62B15263B55D340E7148B9754DE0FCA62EBE94924811A1975,text,「东广场……」\p
4952,game_t04969,０３０：１９９８年_76：山城戦死　烏丸小路～東広場.egpack,０３０：１９９８年_76：山城戦死　烏丸小路～東広場,唯依,440A97DA63770586AF8E90AA350193C5DB032C4F546ED6D55A28B2724C85E94B,text,「……！！」\p
4953,game_t04970,０３０：１９９８年_76：山城戦死　烏丸小路～東広場.egpack,０３０：１９９８年_76：山城戦死　烏丸小路～東広場,旁白,939CB496B3097E89893D1B516A1AA9DB168895E0ACD74F82059BC33FD764F866,text,我……谁也没能救下来……\p
4954,game_t04971,０３０：１９９８年_76：山城戦死　烏丸小路～東広場.egpack,０３０：１９９８年_76：山城戦死　烏丸小路～東広場,旁白,EDE33113968391F224DB1C9400962CB3E97C79317F4A4C0D3B86F5A17E100204,text,所以至少……山城一定要……！！\p
4955,game_t04972,０３０：１９９８年_76：山城戦死　烏丸小路～東広場.egpack,０３０：１９９８年_76：山城戦死　烏丸小路～東広場,唯依,FC1BB2D07B8CA4CB833A8FC775711F88FDC75DF9188537E5BF556C9021D9D39C,text,「…\w…\w…\w…\w」\p
4956,game_t04973,０３０：１９９８年_76：山城戦死　烏丸小路～東広場.egpack,０３０：１９９８年_76：山城戦死　烏丸小路～東広場,唯依,2C13D8DCF5B7B9E6C5F8BE5FCE7E0A93B71C8706E88839692A4ABBF18A9BF2FF,text,「我就在附近！再等一会儿……」\p
4957,game_t04974,０３０：１９９８年_76：山城戦死　烏丸小路～東広場.egpack,０３０：１９９８年_76：山城戦死　烏丸小路～東広場,旁白,979B0892AAFA62CF08C777F6E650F698A343F57DFE932415AB63C40879AE3C74,text,——数据链连接上了！因为距离已经接近……\p
4958,game_t04975,０３０：１９９８年_76：山城戦死　烏丸小路～東広場.egpack,０３０：１９９８年_76：山城戦死　烏丸小路～東広場,唯依,FAEB310845DC8771C6A84FC019F4252F6F8521B63956E0E41ECA46C755E9D7FA,text,「……诶……？」\p
4959,game_t04976,０３０：１９９８年_76：山城戦死　烏丸小路～東広場.egpack,０３０：１９９８年_76：山城戦死　烏丸小路～東広場,旁白,FC9ECCAF530CFF789EB5BF8EF6D182E4F1CB50D08EACF9F906283C0E1C9C011B,text,机体明明还在运转……她明明穿着强化装备！？为什么……为什么会这么——！？\p
4960,game_t04977,０３０：１９９８年_76：山城戦死　烏丸小路～東広場.egpack,０３０：１９９８年_76：山城戦死　烏丸小路～東広場,旁白,9C4E8794FBCDA49D1107119DDBF38B2902CAA82FBBBD7896974A00667B5C6947,text,武装担架……嵌进机体里了……？！难道——是坠毁时的冲击……？！\p
4961,game_t04978,０３０：１９９８年_76：山城戦死　烏丸小路～東広場.egpack,０３０：１９９８年_76：山城戦死　烏丸小路～東広場,山城,2D99CF3AEC430899FBB3A52B9E63EBAF7158DB29103EDE76A68BBA46D4DA297F,text,「……篁……不……要……过……来……」\p
4962,game_t04979,０３０：１９９８年_76：山城戦死　烏丸小路～東広場.egpack,０３０：１９９８年_76：山城戦死　烏丸小路～東広場,唯依,5E0F943CC0C5E5B117450CCF29C3819CED1E7A1DD3A7129B8875023665ABC02D,text,「——我现在就来救你！」\p
4963,game_t04980,０３０：１９９８年_76：山城戦死　烏丸小路～東広場.egpack,０３０：１９９８年_76：山城戦死　烏丸小路～東広場,唯依,5930C19DA64244D838830E2439DDBBFAB2E504F3BFF273BCED353A4376013E10,text,「——！？」\p
4964,game_t04981,０３０：１９９８年_76：山城戦死　烏丸小路～東広場.egpack,０３０：１９９８年_76：山城戦死　烏丸小路～東広場,唯依,0E68D76D4753D5DAA71126C01590F0357B6B7C50A2C98B53ABBC969EA6082B12,text,「……战……战车……级……！？」\p
4965,game_t04982,０３０：１９９８年_76：山城戦死　烏丸小路～東広場.egpack,０３０：１９９８年_76：山城戦死　烏丸小路～東広場,唯依,BD9A4BCF2FCC13490CB86C97A250575BF30C55DAF28446063BDE4F3753E47221,text,「为什么……？」\p
4966,game_t04983,０３０：１９９８年_76：山城戦死　烏丸小路～東広場.egpack,０３０：１９９８年_76：山城戦死　烏丸小路～東広場,唯依,09B0EF4CCC41AD3438D95F46B6D86B81F9348FEB66D4FBD8089313461E9A68AC,text,「刚才……明明还不在这里……」\p
4967,game_t04984,０３０：１９９８年_76：山城戦死　烏丸小路～東広場.egpack,０３０：１９９８年_76：山城戦死　烏丸小路～東広場,唯依,5EE7A44498927177DEC61F7FCF62DBF8E31E7A7FF4162C7A71151754F616A7A0,text,「为什么……？！」\p
4968,game_t04985,０３０：１９９８年_76：山城戦死　烏丸小路～東広場.egpack,０３０：１９９８年_76：山城戦死　烏丸小路～東広場,山城,6F9E1CCF02F690776BA6D3BF5D9475964901AA222ABE29B591C42F97054B7BF9,text,「……篁……同学……」\p
4969,game_t04986,０３０：１９９８年_76：山城戦死　烏丸小路～東広場.egpack,０３０：１９９８年_76：山城戦死　烏丸小路～東広場,唯依,AA91FED06E2C4067951DCFD15888978F222F8DB44E956B617A52CB917A16A87F,text,「山……城……」\p
4970,game_t04987,０３０：１９９８年_76：山城戦死　烏丸小路～東広場.egpack,０３０：１９９８年_76：山城戦死　烏丸小路～東広場,山城,166F1857AF263473165597D07671D965097AC367F478CFE7470F71B486808FD1,text,「……快逃……不能……过来……」\p
4971,game_t04988,０３０：１９９８年_76：山城戦死　烏丸小路～東広場.egpack,０３０：１９９８年_76：山城戦死　烏丸小路～東広場,唯依,8D59BA676F955DE33E696EADC5268E2DB42D2019A783263281DCA645ACB1C6F9,text,「快……快把它们甩开！！」\p
4972,game_t04989,０３０：１９９８年_76：山城戦死　烏丸小路～東広場.egpack,０３０：１９９８年_76：山城戦死　烏丸小路～東広場,旁白,ABA021833EDE066B54FE8E0BE0FCD5C50ED45892912ABEB33F46763E9F581DB3,text,明明根本不可能做到……我明明……很清楚——！\p
4973,game_t04990,０３０：１９９８年_76：山城戦死　烏丸小路～東広場.egpack,０３０：１９９８年_76：山城戦死　烏丸小路～東広場,旁白,4C287666C810C2938256490949E526436AD7315163E38025ACBBEC8C5CB49F98,text,这种处境下，只要还有一条手臂能动，她早就可能用手枪自行了断……\p
4974,game_t04991,０３０：１９９８年_76：山城戦死　烏丸小路～東広場.egpack,０３０：１９９８年_76：山城戦死　烏丸小路～東広場,旁白,786300278366422201734D5E2D2A419EA2C11EFE279949AA909DAA5478E31EDE,text,可即便身陷如此绝望的处境——山城却……一直在设法让我远离……！？\p
4975,game_t04992,０３０：１９９８年_76：山城戦死　烏丸小路～東広場.egpack,０３０：１９９８年_76：山城戦死　烏丸小路～東広場,唯依,F7F90C2AE3B252E0EBFDF868EA7674329F29D9C2CEFDDCA9F6888CE1E3ACFC8D,text,「为什么……为什么你还能做到这种事……？」\p
4976,game_t04993,０３０：１９９８年_76：山城戦死　烏丸小路～東広場.egpack,０３０：１９９８年_76：山城戦死　烏丸小路～東広場,旁白,A9EAB6DCEC570D677C90A2EFE8E175882008481035E3E500E80D26CC32F897A0,text,山城……你的冷静……是因为战前处置和战术药物吗……？还是……与生俱来的……！？\p
4977,game_t04994,０３０：１９９８年_76：山城戦死　烏丸小路～東広場.egpack,０３０：１９９８年_76：山城戦死　烏丸小路～東広場,山城,432E79B1C4E25F1756446EAE36AFEE44864E951D55138F68FD7CAD67F2200AE4,text,「你一定要……活下去……继续战斗……篁……同学……」\p
4978,game_t04995,０３０：１９９８年_76：山城戦死　烏丸小路～東広場.egpack,０３０：１９９８年_76：山城戦死　烏丸小路～東広場,唯依,12E0DA5D6975E33E162A449880DD7EB049061E3DC646F0A5399BE03CC9BE67A5,text,「山城……」\p
4979,game_t04996,０３０：１９９８年_76：山城戦死　烏丸小路～東広場.egpack,０３０：１９９８年_76：山城戦死　烏丸小路～東広場,山城,1C8DD1DC2233D880BFF3852545A2B8A04289822617724B3904BD5A5DC22FFF4C,text,「快……一点……你还在……做什么……」\p
4980,game_t04997,０３０：１９９８年_76：山城戦死　烏丸小路～東広場.egpack,０３０：１９９８年_76：山城戦死　烏丸小路～東広場,唯依,C917A0F86152E99D78B1B4BA78063FAF3DA7E3400F4974A34CA49314DDF2EBE2,text,「——！！」\p
4981,game_t04998,０３０：１９９８年_76：山城戦死　烏丸小路～東広場.egpack,０３０：１９９８年_76：山城戦死　烏丸小路～東広場,唯依,14383C794290982753F32331BD4B9D23898EDB6E335A946318EA79E86BF233F5,text,「……山……城……」\p
4982,game_t04999,０３０：１９９８年_76：山城戦死　烏丸小路～東広場.egpack,０３０：１９９８年_76：山城戦死　烏丸小路～東広場,山城,F679A26B9856F5FE4749DAD73C9F61E27D774DEF19D6AF8366AB64E7FF825E7F,text,「……为什么……还是过来了……」\p
4983,game_t05000,０３０：１９９８年_76：山城戦死　烏丸小路～東広場.egpack,０３０：１９９８年_76：山城戦死　烏丸小路～東広場,旁白,A6C868F5D1CDA9DD0EA547101258C47743A37EEEEE716D3274FDDAA2BF6C8C5D,text,不要——！我不要再看到这种事了……！\p
4984,game_t05001,０３０：１９９８年_76：山城戦死　烏丸小路～東広場.egpack,０３０：１９９８年_76：山城戦死　烏丸小路～東広場,唯依,71C3A2B4F81955234CF644B82550736429DA5A847070555471F8A13C8FC02654,text,「啊……啊……啊啊……」\p
4985,game_t05002,０３０：１９９８年_76：山城戦死　烏丸小路～東広場.egpack,０３０：１９９８年_76：山城戦死　烏丸小路～東広場,旁白,177DF3C047C9D041CF6CC77EE8274D6516DF2AFF3FC49D11F4D4F2D5FB89344B,text,我再也不想——只能远远看着——\p
4986,game_t05003,０３０：１９９８年_76：山城戦死　烏丸小路～東広場.egpack,０３０：１９９８年_76：山城戦死　烏丸小路～東広場,旁白,E4A9D205296813529754C990B30821EED58D586CEB9789F9CFA833EED4D6B53A,text,我不要……！！\p
4987,game_t05004,０３０：１９９８年_76：山城戦死　烏丸小路～東広場.egpack,０３０：１９９８年_76：山城戦死　烏丸小路～東広場,唯依,64078E4AC8A9AC8AD4FAEDA39A501A4CB2B92891921B7F7FB3C66A93AE2B7E8E,text,「……呜……呜呜……！！」\p
4988,game_t05005,０３０：１９９８年_76：山城戦死　烏丸小路～東広場.egpack,０３０：１９９８年_76：山城戦死　烏丸小路～東広場,唯依,30CD98FBB82D98206DB8E96BD73B95182120AC6F2BB7D4DD402F7C44B2E4110F,text,「——开什么……玩笑……！」\p
4989,game_t05006,０３０：１９９８年_76：山城戦死　烏丸小路～東広場.egpack,０３０：１９９８年_76：山城戦死　烏丸小路～東広場,唯依,37A3E5441B4B62FEE2E07514E222BF3534526C1D01BF174F41BBA50299CB4F57,text,「——呜呜呜呜呜呜呜……！！！！」\p
4990,game_t05007,０３０：１９９８年_76：山城戦死　烏丸小路～東広場.egpack,０３０：１９９８年_76：山城戦死　烏丸小路～東広場,山城,CD9ED6A2C22C0325DD2D6990026D8A26EC804ED54D34676A6BED47681C9651AB,text,「……笨蛋……快住手……篁……！」\p
4991,game_t05008,０３０：１９９８年_76：山城戦死　烏丸小路～東広場.egpack,０３０：１９９８年_76：山城戦死　烏丸小路～東広場,山城,6A5348E66520625C14C968271D825C1D38DDA3DD16925628B5FAF54ADC4801EF,text,「……求你……住……手……！」\p
4992,game_t05009,０３０：１９９８年_76：山城戦死　烏丸小路～東広場.egpack,０３０：１９９８年_76：山城戦死　烏丸小路～東広場,唯依,3F6245637225F09A802B588E6F9676DF2A88E96D80EBEC222FC2593A982AD683,text,「――！」\p
4993,game_t05010,０３０：１９９８年_76：山城戦死　烏丸小路～東広場.egpack,０３０：１９９８年_76：山城戦死　烏丸小路～東広場,山城,A8DDB8D00F78B408DE3BE44CD3379B9FB237FA1732BE8062A0F708E0BB4E34C7,text,「——住手啊！！」\p
4994,game_t05011,０３０：１９９８年_76：山城戦死　烏丸小路～東広場.egpack,０３０：１９９８年_76：山城戦死　烏丸小路～東広場,唯依,080C20FC68BB50AADEB087851806F069C0B2038164D822705EA3C4353F85F917,text,「——呼……呼……呼……呼……！？」\p
4995,game_t05012,０３０：１９９８年_76：山城戦死　烏丸小路～東広場.egpack,０３０：１９９８年_76：山城戦死　烏丸小路～東広場,山城,FF3E4BA612033D946B0ED1DF9AF47EB6352509B8846F26C03912402E1A47541F,text,「……不要……浪费子弹……」\p
4996,game_t05013,０３０：１９９８年_76：山城戦死　烏丸小路～東広場.egpack,０３０：１９９８年_76：山城戦死　烏丸小路～東広場,唯依,FAEB310845DC8771C6A84FC019F4252F6F8521B63956E0E41ECA46C755E9D7FA,text,「……诶……？」\p
4997,game_t05014,０３０：１９９８年_76：山城戦死　烏丸小路～東広場.egpack,０３０：１９９８年_76：山城戦死　烏丸小路～東広場,山城,4D279D81D5DCEB05C842A8524582C76D1D5D373407B142AFD74CA17AE008B775,text,「求你……开枪……打死我……」\p
4998,game_t05015,０３０：１９９８年_76：山城戦死　烏丸小路～東広場.egpack,０３０：１９９８年_76：山城戦死　烏丸小路～東広場,唯依,994E5F7E7DE1C20643C0258FAC56E2C9648852D40021A124929D1FAD90820561,text,「——……呜……！！」\p
4999,game_t05016,０３０：１９９８年_76：山城戦死　烏丸小路～東広場.egpack,０３０：１９９８年_76：山城戦死　烏丸小路～東広場,山城,6D75440395601B86FAD5B8F0E752B63B192B5E30E0AA44464CE769F7FF37511F,text,「……开枪啊……求你……了……！」\p
5000,game_t05017,０３０：１９９８年_76：山城戦死　烏丸小路～東広場.egpack,０３０：１９９８年_76：山城戦死　烏丸小路～東広場,山城,AA7AE54499FC5D85B202AB319C8878BA33692D953AABF3D04405FC6FCF7BA5F8,text,「……在变成饵食以前……杀了我啊！！」\p
5001,game_t05018,０３０：１９９８年_76：山城戦死　烏丸小路～東広場.egpack,０３０：１９９８年_76：山城戦死　烏丸小路～東広場,唯依,497B1185F12404BEAA1875F742096282F8930745D8F8412388C658550B0C7F1D,text,「啊……啊啊……啊……啊啊啊……！」\p
5002,game_t05019,０３０：１９９８年_76：山城戦死　烏丸小路～東広場.egpack,０３０：１９９８年_76：山城戦死　烏丸小路～東広場,山城,FA5A4D2A771CE0D2A98085C8730C09425705DCAA060F4A4E04F96F49EAC2C757,text,「——求你开枪，快一点！！开枪啊！！在被这些家伙吃掉以前——！！」\p
5003,game_t05020,０３０：１９９８年_76：山城戦死　烏丸小路～東広場.egpack,０３０：１９９８年_76：山城戦死　烏丸小路～東広場,山城,F92E47D43A2705FB82BB1EE21DEA5D6AD5F6852378A6140A8975D88DE63138AB,text,「——开枪啊，唯依————————！！！！！」\p
5004,game_t05021,０３０：１９９８年_76：山城戦死　烏丸小路～東広場.egpack,０３０：１９９８年_76：山城戦死　烏丸小路～東広場,唯依,C917A0F86152E99D78B1B4BA78063FAF3DA7E3400F4974A34CA49314DDF2EBE2,text,「——！！」\p
5005,game_t05022,０３０：１９９８年_76：山城戦死　烏丸小路～東広場.egpack,０３０：１９９８年_76：山城戦死　烏丸小路～東広場,旁白,A7D2FB4B878F5C2276BEE1C1E1BDB047B19EFD4C049747DEC78C366D033A459F,text,原来如此……\p
5006,game_t05023,０３０：１９９８年_76：山城戦死　烏丸小路～東広場.egpack,０３０：１９９８年_76：山城戦死　烏丸小路～東広場,旁白,17FAEFAE5677DD0C07F0CA5028AC971F9199F98218520FCF22F672537044A344,text,原来是这么回事……\p
5007,game_t05024,０３０：１９９８年_76：山城戦死　烏丸小路～東広場.egpack,０３０：１９９８年_76：山城戦死　烏丸小路～東広場,唯依,0B66EFCD0D1AAE222960F7E8EBD62BAD481EA2EDFAF33E0320083A080F87C15C,text,「山城……原来你全都明白……」\p
5008,game_t05025,０３０：１９９８年_76：山城戦死　烏丸小路～東広場.egpack,０３０：１９９８年_76：山城戦死　烏丸小路～東広場,唯依,120709246DCEF349D14D5086E6943A5D79D25D7D67293DD59C3E8C1B3D575557,text,「明白我……只是用一个又一个谎言粉饰掩盖……」\p
5009,game_t05026,０３０：１９９８年_76：山城戦死　烏丸小路～東広場.egpack,０３０：１９９８年_76：山城戦死　烏丸小路～東広場,唯依,CA5F1A0498A7148181692A77D4B19C72A1011C19FE40AD4C9C7DA2DFE6775652,text,「所以你才会……委婉拒绝彼此直呼名字……」\p
5010,game_t05027,０３０：１９９８年_76：山城戦死　烏丸小路～東広場.egpack,０３０：１９９８年_76：山城戦死　烏丸小路～東広場,唯依,D38FF200378EB76E3495FAFD34E611E072D1FF245A0FA7C66E7B7F404BAD59B9,text,「因为我们的心没有相通……因为我一直在敷衍掩饰……」\p
5011,game_t05028,０３０：１９９８年_76：山城戦死　烏丸小路～東広場.egpack,０３０：１９９８年_76：山城戦死　烏丸小路～東広場,唯依,7697211F4F50E6420A6ADD32D1ACD789471ADE4D69F4DF0F73D96756C1D3E01E,text,「明明你已经……把心里的一切都告诉了我……」\p
5012,game_t05029,０３０：１９９８年_76：山城戦死　烏丸小路～東広場.egpack,０３０：１９９８年_76：山城戦死　烏丸小路～東広場,唯依,6F4DFC0361BED30D52ACB8BB37B4E5E5833812F454C21BA274A44D28E960D443,text,「山城向我伸出的手……却被我甩开了……」\p
5013,game_t05030,０３０：１９９８年_76：山城戦死　烏丸小路～東広場.egpack,０３０：１９９８年_76：山城戦死　烏丸小路～東広場,唯依,D4881A766B0487588BE71D5978166346F326F99B0F6D1C5426472405C8614747,text,「可即便如此……」\p
5014,game_t05031,０３０：１９９８年_76：山城戦死　烏丸小路～東広場.egpack,０３０：１９９８年_76：山城戦死　烏丸小路～東広場,唯依,7A55EC89D86EE2FB2310C0C17A91B39DB486357C17EFD8209F221902842FE739,text,「山城却还想……将它交给我……」\p
5015,game_t05032,０３０：１９９８年_76：山城戦死　烏丸小路～東広場.egpack,０３０：１９９８年_76：山城戦死　烏丸小路～東広場,唯依,EB166BB4AD5FD4D581636A0C1EF1D3D35E90562566632B511D925471D284C120,text,「想把让我这个一无所有之人继续战斗的动力……」\p
5016,game_t05033,０３０：１９９８年_76：山城戦死　烏丸小路～東広場.egpack,０３０：１９９８年_76：山城戦死　烏丸小路～東広場,唯依,60F89A1CBBAF19DFE6F731B02DC45C68C30CDB9F23482C17320DC9E9920D15AA,text,「想把属于我自己的战斗理由交给我……」\p
5017,game_t05034,０３０：１９９８年_76：山城戦死　烏丸小路～東広場.egpack,０３０：１９９８年_76：山城戦死　烏丸小路～東広場,唯依,6EC257BFB2178158DE2D3D393F8EB66A6A5F2B1D1F3EAF6037D2444751449896,text,「你是在告诉我……开枪，然后活下去……」\p
5018,game_t05035,０３０：１９９８年_76：山城戦死　烏丸小路～東広場.egpack,０３０：１９９８年_76：山城戦死　烏丸小路～東広場,唯依,C917A0F86152E99D78B1B4BA78063FAF3DA7E3400F4974A34CA49314DDF2EBE2,text,「——！！」\p
5019,game_t05036,０３０：１９９８年_76：山城戦死　烏丸小路～東広場.egpack,０３０：１９９８年_76：山城戦死　烏丸小路～東広場,唯依,518A7305B7C859A9B14629712797B2F9A32F95B151B9DCBDCFD2863BFA507EA9,text,「——呜啊啊啊啊啊啊啊啊啊啊啊啊————！！！」\p
5020,game_t05037,０３０：１９９８年_76：山城戦死　烏丸小路～東広場.egpack,０３０：１９９８年_76：山城戦死　烏丸小路～東広場,唯依,DE18DFF6F1D5380C6B54E54F57A0F802439A8E269B01FA74A2ACFF0F3C4414B4,text,「——呜啊啊！！呜啊啊！！呜啊啊啊啊啊！！！」\p
5021,game_t05038,０３０：１９９８年_76：山城戦死　烏丸小路～東広場.egpack,０３０：１９９８年_76：山城戦死　烏丸小路～東広場,唯依,1E67BC707709232AFE37A7756EA28197672CCA93D920A5B50A26FCC236B00E9C,text,「啊啊啊啊啊啊……啊啊……啊……啊……」\p
5022,game_t05039,０３０：１９９８年_76：山城戦死　烏丸小路～東広場.egpack,０３０：１９９８年_76：山城戦死　烏丸小路～東広場,唯依,AD595E41F804E82D93287DC45622BBEA47C7903BEBEF36B351B624A0891A2F93,text,「呜啊啊啊……啊啊……啊……」\p
5023,game_t05040,０３０：１９９８年_76：山城戦死　烏丸小路～東広場.egpack,０３０：１９９８年_76：山城戦死　烏丸小路～東広場,唯依,1A8F5D90F2EDD4E8069E0628EE5853FDB48D7B5CD0F7E3B12F4EFABFE67E5A67,text,「啊……啊……啊……」\p
5024,game_t05041,０３０：１９９８年_76：山城戦死　烏丸小路～東広場.egpack,０３０：１９９８年_76：山城戦死　烏丸小路～東広場,唯依,F54A76CE33D8DA25711D2A4164C8BC44D13906DB5388748EC61DE6A9FE89D3E0,text,「…………啊……」\p
5025,game_t05042,０３０：１９９８年_76：山城戦死　烏丸小路～東広場.egpack,０３０：１９９８年_76：山城戦死　烏丸小路～東広場,唯依,4E66EE785DBE7D74C3F25308CD1C9BD9B41BAA6C9A2AECAEC6E8F03F6547FFED,text,「呜……啊……啊……啊啊……」\p
5026,game_t05043,０３０：１９９８年_76：山城戦死　烏丸小路～東広場.egpack,０３０：１９９８年_76：山城戦死　烏丸小路～東広場,唯依,7E884F2065AB6F5AE7823BA221E1FD59637E1EBF4B50B423422C23A8F9A56E3A,text,「呜……呜…………」\p
5027,game_t05044,０３０：１９９８年_76：山城戦死　烏丸小路～東広場.egpack,０３０：１９９８年_76：山城戦死　烏丸小路～東広場,唯依,251573347B806BE8FD409681F7587DDA07D60447855FCFC84489F14867697330,text,「呜……啊……啊……啊……」\p
5028,game_t05045,０３０：１９９８年_76：山城戦死　烏丸小路～東広場.egpack,０３０：１９９８年_76：山城戦死　烏丸小路～東広場,唯依,0B2398D0A1DE7FB87B51C6602E1F8D922B14871A5C0231675D9C192B0F84A7D8,text,「我……不要……」\p
5029,game_t05046,０３０：１９９８年_76：山城戦死　烏丸小路～東広場.egpack,０３０：１９９８年_76：山城戦死　烏丸小路～東広場,唯依,6DBD093958F8949AE7EAC5C9FC2969F1DB3D466A8C3E482068CE3B10B0EDD494,text,「我不想……再把山城交出去……」\p
5030,game_t05047,０３０：１９９８年_77：烏丸小路広場　武御雷の戦闘　唯依救出.egpack,０３０：１９９８年_77：烏丸小路広場　武御雷の戦闘　唯依救出,唯依,FD7288DD410FB00FC31B6BA461A5D0FB2E41144375548E54D80E34733BE78B14,text,「——呜啊啊啊啊啊！！？？」\p
5031,game_t05048,０３０：１９９８年_77：烏丸小路広場　武御雷の戦闘　唯依救出.egpack,０３０：１９９８年_77：烏丸小路広場　武御雷の戦闘　唯依救出,唯依,88D012FBC331587CFB9E7CC913982ECE9C76C70C3087B53441AD7614A6DE4076,text,「……呃…………呜…………」\p
5032,game_t05049,０３０：１９９８年_77：烏丸小路広場　武御雷の戦闘　唯依救出.egpack,０３０：１９９８年_77：烏丸小路広場　武御雷の戦闘　唯依救出,唯依,E58463EE8300FFC56C0E5765629F4C8604589DC46068997A6190AA6E4603E50A,text,「——唔……！到底……发生了什么……！？」\p
5033,game_t05050,０３０：１９９８年_77：烏丸小路広場　武御雷の戦闘　唯依救出.egpack,０３０：１９９８年_77：烏丸小路広場　武御雷の戦闘　唯依救出,唯依,D9C3FE50646D109E345BB79F1A0B1E928C68875ECE2D80FEA9B001D030500AF7,text,「……爆……炸……？」\p
5034,game_t05051,０３０：１９９８年_77：烏丸小路広場　武御雷の戦闘　唯依救出.egpack,０３０：１９９８年_77：烏丸小路広場　武御雷の戦闘　唯依救出,唯依,B6FC32A79519828651556663F68C025E5E6C33931462D50696EBF559F0C9E42E,text,「……难……道……」\p
5035,game_t05052,０３０：１９９８年_77：烏丸小路広場　武御雷の戦闘　唯依救出.egpack,０３０：１９９８年_77：烏丸小路広場　武御雷の戦闘　唯依救出,唯依,48DBE6E9F4AF76A6137ADBA2EEDE9F0293B01CFADD73DF776641318D6A146E01,text,「……山……城……？」\p
5036,game_t05053,０３０：１９９８年_77：烏丸小路広場　武御雷の戦闘　唯依救出.egpack,０３０：１９９８年_77：烏丸小路広場　武御雷の戦闘　唯依救出,旁白,5865586DB8437E5B07117577E68F4F74D6EA9195D30EFA28F08ADBC26842D55A,text,被卡住的靴子——踩下了油门踏板……？\p
5037,game_t05054,０３０：１９９８年_77：烏丸小路広場　武御雷の戦闘　唯依救出.egpack,０３０：１９９８年_77：烏丸小路広場　武御雷の戦闘　唯依救出,唯依,03116BBBE750C586C166644ECFCBC75D5EB7DE381C3D61201F808C9DA5C49471,text,「山城……你直到最后……都在和BETA战斗啊……」\p
5038,game_t05055,０３０：１９９８年_77：烏丸小路広場　武御雷の戦闘　唯依救出.egpack,０３０：１９９８年_77：烏丸小路広場　武御雷の戦闘　唯依救出,唯依,45A2E8A18E296BCA0CB33ADDD9660682E6C5CB78B221A7408CF6B52D2419C7B6,text,「——啊……！？」\p
5039,game_t05056,０３０：１９９８年_77：烏丸小路広場　武御雷の戦闘　唯依救出.egpack,０３０：１９９８年_77：烏丸小路広場　武御雷の戦闘　唯依救出,旁白,02F33CE05765F879060308EAC8DCAA8727ECC417B83E24F4B2A54F343598CA60,text,山城——不见了……！？\p
5040,game_t05057,０３０：１９９８年_77：烏丸小路広場　武御雷の戦闘　唯依救出.egpack,０３０：１９９８年_77：烏丸小路広場　武御雷の戦闘　唯依救出,唯依,0D5AD5E4C92FE4B2105C81A0DE620FDB04FD64F8A502D28F996857B5DB6F39C3,text,「呜……呜呜……！！」\p
5041,game_t05058,０３０：１９９８年_77：烏丸小路広場　武御雷の戦闘　唯依救出.egpack,０３０：１９９８年_77：烏丸小路広場　武御雷の戦闘　唯依救出,旁白,0CF5424868BDC0FB9EBAE6D7F1599F6683C5585653837D1C98FF7B70367BE766,text,我把山城……！我放开了山城的手……！！\p
5042,game_t05059,０３０：１９９８年_77：烏丸小路広場　武御雷の戦闘　唯依救出.egpack,０３０：１９９８年_77：烏丸小路広場　武御雷の戦闘　唯依救出,唯依,8437A460F390D012E4D03E4411BB2A42B35D98B63602D8265C191BCE9AEB95E6,text,「山城……你在哪里……！？山城——！！」\p
5043,game_t05060,０３０：１９９８年_77：烏丸小路広場　武御雷の戦闘　唯依救出.egpack,０３０：１９９８年_77：烏丸小路広場　武御雷の戦闘　唯依救出,唯依,AEAA0B7C1F565DCAE492F241634053580F8C3D4031763E7EE2B209EBE19C404E,text,「啊……！」\p
5044,game_t05061,０３０：１９９８年_77：烏丸小路広場　武御雷の戦闘　唯依救出.egpack,０３０：１９９８年_77：烏丸小路広場　武御雷の戦闘　唯依救出,唯依,9B57F67AE91CC6A4616154F50BB0DF19781A6878E5381536346CDB000BF17D21,text,「——山城……！！」\p
5045,game_t05062,０３０：１９９８年_77：烏丸小路広場　武御雷の戦闘　唯依救出.egpack,０３０：１９９８年_77：烏丸小路広場　武御雷の戦闘　唯依救出,唯依,DCEE5E93C01C6928D4546B1DDFFCFC1DAC3A17F795742FE82FE8BA14EF7B2A0D,text,「——唔……呜……！！」\p
5046,game_t05063,０３０：１９９８年_77：烏丸小路広場　武御雷の戦闘　唯依救出.egpack,０３０：１９９８年_77：烏丸小路広場　武御雷の戦闘　唯依救出,旁白,2827ACD97EFA3982D0CC131E70D7ADAEDA320628B3B616AA649EB8A7F1E2E6D9,text,等着我……我现在……就过去……！\p
5047,game_t05064,０３０：１９９８年_77：烏丸小路広場　武御雷の戦闘　唯依救出.egpack,０３０：１９９８年_77：烏丸小路広場　武御雷の戦闘　唯依救出,唯依,E32B1BDE5434B5AFB1E7F18A1618C4E3FD5792CA1770C3281B9A48C4B156255E,text,「——呼……唔……呜呜……！！」\p
5048,game_t05065,０３０：１９９８年_77：烏丸小路広場　武御雷の戦闘　唯依救出.egpack,０３０：１９９８年_77：烏丸小路広場　武御雷の戦闘　唯依救出,旁白,089CB6E8A203514D16525A5D1693EFF3A6C8F37CF6EA199EE0690BDA89B256DF,text,还差一点……只差一点了……！！\p
5049,game_t05066,０３０：１９９８年_77：烏丸小路広場　武御雷の戦闘　唯依救出.egpack,０３０：１９９８年_77：烏丸小路広場　武御雷の戦闘　唯依救出,唯依,220D2DE9E6422EF44FC7A6669D759980BC8B9F8595C3090012C3A29C0C86FEF4,text,「诶……」\p
5050,game_t05067,０３０：１９９８年_77：烏丸小路広場　武御雷の戦闘　唯依救出.egpack,０３０：１９９８年_77：烏丸小路広場　武御雷の戦闘　唯依救出,旁白,88DE5D81DAA6FB9483D37B1A0872CCF3647B88EFA12E6C0CE24FD041F36F9CB1,text,那是……\p
5051,game_t05068,０３０：１９９８年_77：烏丸小路広場　武御雷の戦闘　唯依救出.egpack,０３０：１９９８年_77：烏丸小路広場　武御雷の戦闘　唯依救出,唯依,8DE7223028F85A881D1A635CD03895C171E1CD9C33CCBABD1574F369D2FC41D2,text,「……要塞……级……！」\p
5052,game_t05069,０３０：１９９８年_77：烏丸小路広場　武御雷の戦闘　唯依救出.egpack,０３０：１９９８年_77：烏丸小路広場　武御雷の戦闘　唯依救出,旁白,2DA248D0A57B6AB17D5B167023402EED05B81BB69BB21104201975B9D577F054,text,是刚才……那些家伙……！\p
5053,game_t05070,０３０：１９９８年_77：烏丸小路広場　武御雷の戦闘　唯依救出.egpack,０３０：１９９８年_77：烏丸小路広場　武御雷の戦闘　唯依救出,唯依,F771D9EC330A538F62070EF2CB2E9DD05863808C6CE74A85EBF158089B5C668F,text,「……这阵震动是……？」\p
5054,game_t05071,０３０：１９９８年_77：烏丸小路広場　武御雷の戦闘　唯依救出.egpack,０３０：１９９８年_77：烏丸小路広場　武御雷の戦闘　唯依救出,唯依,000CBE75BF42D1168833C8B40F4C4CAAC3F82AE6E8FCF14943F72F362432C181,text,「……战车……级……！」\p
5055,game_t05072,０３０：１９９８年_77：烏丸小路広場　武御雷の戦闘　唯依救出.egpack,０３０：１９９８年_77：烏丸小路広場　武御雷の戦闘　唯依救出,唯依,B92A059D168CE2CB1823C1E5151B7F93A40CC9C87AB2FA546EAE62E0DA1BB134,text,「……唔……！！」\p
5056,game_t05073,０３０：１９９８年_77：烏丸小路広場　武御雷の戦闘　唯依救出.egpack,０３０：１９９８年_77：烏丸小路広場　武御雷の戦闘　唯依救出,旁白,174EC2B88F1D39F8FBC51EE259789AD833FFF1638F0FCC8410C6059C63236DC9,text,这种情况下……无论如何也逃不出去了……\p
5057,game_t05074,０３０：１９９８年_77：烏丸小路広場　武御雷の戦闘　唯依救出.egpack,０３０：１９９８年_77：烏丸小路広場　武御雷の戦闘　唯依救出,旁白,9D5A0C7A5C01DBC5C11F9BC1803F2DD57E75FCFC6C109CCA23D07B8080A31725,text,这么多BETA聚集过来……这一带应该马上就会成为舰炮射击的目标……\p
5058,game_t05075,０３０：１９９８年_77：烏丸小路広場　武御雷の戦闘　唯依救出.egpack,０３０：１９９８年_77：烏丸小路広場　武御雷の戦闘　唯依救出,唯依,94DF4BD39AB46F8273922763B7AA7562FA45E7BEF503CDA241D08E3AA6CD58C3,text,「…………呜……！」\p
5059,game_t05076,０３０：１９９８年_77：烏丸小路広場　武御雷の戦闘　唯依救出.egpack,０３０：１９９８年_77：烏丸小路広場　武御雷の戦闘　唯依救出,旁白,7F35E9A2E69EE7A0AD617009CFD731F53AE39582D68CE443D3376382D470C5A1,text,不甘心……真的……好不甘心……\p
5060,game_t05077,０３０：１９９８年_77：烏丸小路広場　武御雷の戦闘　唯依救出.egpack,０３０：１９９８年_77：烏丸小路広場　武御雷の戦闘　唯依救出,旁白,AE87005F4F553D8393341B328CE044F92221E2E1FD798C9FE03606F47C9C9A7B,text,一个人也没能救下……对帝都防卫也没能作出任何贡献……\p
5061,game_t05078,０３０：１９９８年_77：烏丸小路広場　武御雷の戦闘　唯依救出.egpack,０３０：１９９８年_77：烏丸小路広場　武御雷の戦闘　唯依救出,旁白,712B1D9F66B662197E37E143360B51391DA944D88621CC96FDAE453CE7840DB1,text,甚至无法自行了断……只能落得如此窝囊的死法……\p
5062,game_t05079,０３０：１９９８年_77：烏丸小路広場　武御雷の戦闘　唯依救出.egpack,０３０：１９９８年_77：烏丸小路広場　武御雷の戦闘　唯依救出,唯依,E771256D6FC26AEEAFF9D65D5FD3D62F9E8FE1DBD954B8D88544688A9723B18A,text,「我……我究竟是为了什么……」\p
5063,game_t05080,０３０：１９９８年_77：烏丸小路広場　武御雷の戦闘　唯依救出.egpack,０３０：１９９８年_77：烏丸小路広場　武御雷の戦闘　唯依救出,旁白,0BC6A50BA44F3FADEC471196D290E60F94FCAE1E38CACDED1D7F586D8E85DEB6,text,我究竟是为了什么而生……\p
5064,game_t05081,０３０：１９９８年_77：烏丸小路広場　武御雷の戦闘　唯依救出.egpack,０３０：１９９８年_77：烏丸小路広場　武御雷の戦闘　唯依救出,旁白,D8B726E87A86B801CA566F6EAFF9AFB645EB6E447BD0C8D912E0802FA6113CAE,text,我甩开了敬重的战友向我伸出的手……可即便是我不惜如此也要守护的尊严……！我也……无法贯彻到底……！！\p
5065,game_t05082,０３０：１９９８年_77：烏丸小路広場　武御雷の戦闘　唯依救出.egpack,０３０：１９９８年_77：烏丸小路広場　武御雷の戦闘　唯依救出,唯依,6670C31643394A96D174F2B35D7B9004C86D637800D95E4BC17F69B092F30BEB,text,「请宽恕我……皇帝陛下……将军殿下……」\p
5066,game_t05083,０３０：１９９８年_77：烏丸小路広場　武御雷の戦闘　唯依救出.egpack,０３０：１９９８年_77：烏丸小路広場　武御雷の戦闘　唯依救出,唯依,1925B778FB0353FC648665B494CFACACD8948664BCA322BDDC108B8BD942AE4F,text,「对不起……山城……」\p
5067,game_t05084,０３０：１９９８年_77：烏丸小路広場　武御雷の戦闘　唯依救出.egpack,０３０：１９９８年_77：烏丸小路広場　武御雷の戦闘　唯依救出,唯依,CBF2D4EFD6468D30553D99F18553F86DF0BA1A4C5FA52CA456BDE8BCB4B7B9E3,text,「和泉……安艺……志摩子……对不起……！」\p
5068,game_t05085,０３０：１９９８年_77：烏丸小路広場　武御雷の戦闘　唯依救出.egpack,０３０：１９９８年_77：烏丸小路広場　武御雷の戦闘　唯依救出,唯依,1B35808432673D328C527BA609D0DA44D86701A321A17EDA104FCC6E7AAA85C6,text,「非常抱歉……中尉……！」\p
5069,game_t05086,０３０：１９９８年_77：烏丸小路広場　武御雷の戦闘　唯依救出.egpack,０３０：１９９８年_77：烏丸小路広場　武御雷の戦闘　唯依救出,唯依,6759DFDAA65FBC077AD5E6C12A360C9403B02615A5D8BB19C5A072AE265B65A2,text,「岩谷……叔叔……」\p
5070,game_t05087,０３０：１９９８年_77：烏丸小路広場　武御雷の戦闘　唯依救出.egpack,０３０：１９９８年_77：烏丸小路広場　武御雷の戦闘　唯依救出,唯依,4D4B671B5E076CFD24F6BDD6209FD2C40C5F111C940E68CC33BB94BAECC7D16F,text,「恭子大人……」\p
5071,game_t05088,０３０：１９９８年_77：烏丸小路広場　武御雷の戦闘　唯依救出.egpack,０３０：１９９８年_77：烏丸小路広場　武御雷の戦闘　唯依救出,唯依,EB8CF2CC113C2DC00ABBB076CA067F2E9C6B8C14D6A7B481A4F2D22E6F2B71A0,text,「父亲……母亲……」\p
5072,game_t05089,０３０：１９９８年_77：烏丸小路広場　武御雷の戦闘　唯依救出.egpack,０３０：１９９８年_77：烏丸小路広場　武御雷の戦闘　唯依救出,唯依,C8DCE43799DDB1A07212BAE7B9FEDC0E0C06F90480600736566B11DE04D0EC4F,text,「我不但……没能回应二位的期望……」\p
5073,game_t05090,０３０：１９９８年_77：烏丸小路広場　武御雷の戦闘　唯依救出.egpack,０３０：１９９８年_77：烏丸小路広場　武御雷の戦闘　唯依救出,唯依,08AE0325E0E4DDA4163A89DEA2887EC6CD5555872C893A524DAE35D5B4E41286,text,「身为下一任家主……」\p
5074,game_t05091,０３０：１９９８年_77：烏丸小路広場　武御雷の戦闘　唯依救出.egpack,０３０：１９９８年_77：烏丸小路広場　武御雷の戦闘　唯依救出,唯依,683A87AA1E14A2CBFD560120A4F7A5BD76BB79A8D551053EBFD3816E4B074335,text,「却无能到未能向轻视篁家之名的人证明任何事便死去……请原谅我……」\p
5075,game_t05092,０３０：１９９８年_77：烏丸小路広場　武御雷の戦闘　唯依救出.egpack,０３０：１９９８年_77：烏丸小路広場　武御雷の戦闘　唯依救出,唯依,78E9F1B7792A2B819B308D1382E1E5C97B1B0BB065C65DD081053D8D3D375B01,text,「舰炮射击……开始了吗……」\p
5076,game_t05093,０３０：１９９８年_77：烏丸小路広場　武御雷の戦闘　唯依救出.egpack,０３０：１９９８年_77：烏丸小路広場　武御雷の戦闘　唯依救出,唯依,8331F90C9ED4AA79F3CE2C5F97873D98AC7585C6473E17F2D1037F8308FA436A,text,「――！？」\p
5077,game_t05094,０３０：１９９８年_77：烏丸小路広場　武御雷の戦闘　唯依救出.egpack,０３０：１９９８年_77：烏丸小路広場　武御雷の戦闘　唯依救出,旁白,795A75A718522743ADA73C754F22E0AAD6978656F26BB82DBEBE5ABC9FB21386,text,……我的……瑞鹤……！？难道……死而复生了……？！\p
5078,game_t05095,０３０：１９９８年_77：烏丸小路広場　武御雷の戦闘　唯依救出.egpack,０３０：１９９８年_77：烏丸小路広場　武御雷の戦闘　唯依救出,唯依,1AAC9B9E6F089CB1175292222C8A5E30244E2E5BF15B9862F94ED0801F3C340F,text,「——父……亲……！？」\p
5079,game_t05096,０３０：１９９８年_77：烏丸小路広場　武御雷の戦闘　唯依救出.egpack,０３０：１９９８年_77：烏丸小路広場　武御雷の戦闘　唯依救出,唯依,E06DA81FAAEF1FEF420D0EEA6B8015CF41DC266DF0152A17F52CC665AB578588,text,「……那种机动……一型……丙……？！」\p
5080,game_t05097,０３０：１９９８年_77：烏丸小路広場　武御雷の戦闘　唯依救出.egpack,０３０：１９９８年_77：烏丸小路広場　武御雷の戦闘　唯依救出,旁白,13739E78DBEFDA67ED4CD2B3364169755F2A44EA0CDC98EF97906C37441618A5,text,不……不对……那架机体……既不是瑞鹤，也不是不知火……！\p
5081,game_t05098,０３０：１９９８年_77：烏丸小路広場　武御雷の戦闘　唯依救出.egpack,０３０：１９９８年_77：烏丸小路広場　武御雷の戦闘　唯依救出,唯依,6A8C8DADF63808E373382FD4B2E2FD1A77CCE44117D479B9E92DDE3784DF8EA7,text,「……啊……！」\p
5082,game_t05099,０３０：１９９８年_77：烏丸小路広場　武御雷の戦闘　唯依救出.egpack,０３０：１９９８年_77：烏丸小路広場　武御雷の戦闘　唯依救出,唯依,47D0E8F40FB5E99FE3F897BEF74ADDBC717532CC6F15E577F714CC511CC4D875,text,「——呜哇……！？」\p
5083,game_t05100,０３０：１９９８年_77：烏丸小路広場　武御雷の戦闘　唯依救出.egpack,０３０：１９９８年_77：烏丸小路広場　武御雷の戦闘　唯依救出,唯依,9566F3C2276DF12837333E3901F1DB3788D92D4064F8F80D693403696E10A20E,text,「——呜啊啊啊啊……！！」\p
5084,game_t05101,０３０：１９９８年_77：烏丸小路広場　武御雷の戦闘　唯依救出.egpack,０３０：１９９８年_77：烏丸小路広場　武御雷の戦闘　唯依救出,唯依,FC1BB2D07B8CA4CB833A8FC775711F88FDC75DF9188537E5BF556C9021D9D39C,text,「…\w…\w…\w…\w」\p
5085,game_t05102,０３０：１９９８年_77：烏丸小路広場　武御雷の戦闘　唯依救出.egpack,０３０：１９９８年_77：烏丸小路広場　武御雷の戦闘　唯依救出,唯依,F11CA258D77E13D551BFBA5F34B2FB387872D8DC5627CFE4CA8C6A73CAE59304,text,「……那究竟……是什么……！？」\p
5086,game_t05103,０３０：１９９８年_77：烏丸小路広場　武御雷の戦闘　唯依救出.egpack,０３０：１９９８年_77：烏丸小路広場　武御雷の戦闘　唯依救出,唯依,4E2A095AFCB317A56D54DF2BF339D5E07F48F0F4F1B02700D44C4E3FD6B4859A,text,「……诶……？」\p
5087,game_t05104,０３０：１９９８年_77：烏丸小路広場　武御雷の戦闘　唯依救出.egpack,０３０：１９９８年_77：烏丸小路広場　武御雷の戦闘　唯依救出,唯依,8EC13DBC07BDE3948B8CE3180E34CCCBC2E55F6C61FCDCCAB3F9149735819E98,text,「……诶……啊……？」\p
5088,game_t05105,０３０：１９９８年_77：烏丸小路広場　武御雷の戦闘　唯依救出.egpack,０３０：１９９８年_77：烏丸小路広場　武御雷の戦闘　唯依救出,声,B48265BFFFD8FE18963380CB1A5055173F02784CD106DD34DEEC672C97E1B537,text,「已确保标记B。标记A在即将抵达现场前消失。重复——已确保标记B。标记A在即将抵达现场前消失。」\p
5089,game_t05106,０３０：１９９８年_77：烏丸小路広場　武御雷の戦闘　唯依救出.egpack,０３０：１９９８年_77：烏丸小路広場　武御雷の戦闘　唯依救出,声,461B6B76380B3AECC47C932CB40A4DA44A716D1289967ED1132C7E8E5B2F636E,text,「——快把她运出去！让医疗班待命！」\p
5090,game_t05107,０３０：１９９８年_78：崇宰恭子の帰還.egpack,０３０：１９９８年_78：崇宰恭子の帰還,崇宰大尉,76FA5905F177F4AE764EC2DE70A735F619FC31F870445FAF2E05F8B9A2DBEAAE,text,「如果那架机体能够量产并正式列装……」\p
5091,game_t05108,０３０：１９９８年_78：崇宰恭子の帰還.egpack,０３０：１９９８年_78：崇宰恭子の帰還,崇宰大尉,8331F90C9ED4AA79F3CE2C5F97873D98AC7585C6473E17F2D1037F8308FA436A,text,「――！？」\p
5092,game_t05109,０３０：１９９８年_78：崇宰恭子の帰還.egpack,０３０：１９９８年_78：崇宰恭子の帰還,声,847E24560DB0BBF4E0BA0F6C65CE2BCB4707E399B68C2D7267B4B35401F23253,text,「——精彩，精彩。实在优雅得很啊，崇宰上尉。」\p
5093,game_t05110,０３０：１９９８年_78：崇宰恭子の帰還.egpack,０３０：１９９８年_78：崇宰恭子の帰還,崇宰大尉,AD97923839F4CFCDAEF20992D0C7D584CDFB17907D9E17306FCA995D759BC2E1,text,「斑鸠少校……」\p
5094,game_t05111,０３０：１９９８年_78：崇宰恭子の帰還.egpack,０３０：１９９８年_78：崇宰恭子の帰還,斑鳩少佐,FC34ED57FE54CB714F66CF0405DECD257EB7BE6F27555D72570350FCA28AC7F6,text,「仅凭一个小队，几分钟内便将数量如此庞大的要塞级尽数斩碎——尤其是那一幕，实在精彩。」\p
5095,game_t05112,０３０：１９９８年_78：崇宰恭子の帰還.egpack,０３０：１９９８年_78：崇宰恭子の帰還,崇宰大尉,FC1BB2D07B8CA4CB833A8FC775711F88FDC75DF9188537E5BF556C9021D9D39C,text,「…\w…\w…\w…\w」\p
5096,game_t05113,０３０：１９９８年_78：崇宰恭子の帰還.egpack,０３０：１９９８年_78：崇宰恭子の帰還,斑鳩少佐,79ECF785319AEF3D881E00D777B3957D1E038D114F2CD62E02FC5071CFF148C1,text,「厂商的工程师和斯卫军的技术军官都非常高兴，说是完成了一次极有价值的性能验证，还托我向你致谢。」\p
5097,game_t05114,０３０：１９９８年_78：崇宰恭子の帰還.egpack,０３０：１９９８年_78：崇宰恭子の帰還,崇宰大尉,5FADEF44252FB09B9BE5624AB47AE2E2B764590C7557FB3C86FE4BB6489A2A6B,text,「不——应该由我们向他们道谢才是。试制98式的性能之强，甚至远胜传闻！少校，那架机体才是帝国的……未来——！？」
5098,game_t05115,０３０：１９９８年_78：崇宰恭子の帰還.egpack,０３０：１９９８年_78：崇宰恭子の帰還,崇宰大尉,16A6BE33CC3E06150FC276CD078673434441A3CAD805A4B261B9D9544F4A0D00,text,「呃……」\p
5099,game_t05116,０３０：１９９８年_78：崇宰恭子の帰還.egpack,０３０：１９９８年_78：崇宰恭子の帰還,斑鳩少佐,0D044D90EC6CA2F252EECA311E440770814A90F9F4AE5E96B883DA442361A235,text,「哈哈哈——看来就连大名鼎鼎的‘鬼姬’，也被它的机动性能折腾得不轻啊。」\p
5100,game_t05117,０３０：１９９８年_78：崇宰恭子の帰還.egpack,０３０：１９９８年_78：崇宰恭子の帰還,崇宰大尉,CF4C34CA41F62FC63A48AB36757B952590D2C8A71430984D25A1DC4DCE13BD04,text,「非常……抱歉……」\p
5101,game_t05118,０３０：１９９８年_78：崇宰恭子の帰還.egpack,０３０：１９９８年_78：崇宰恭子の帰還,斑鳩少佐,EC69058F74193E47D32D5CF722DF44ECFD12AA83941ECD11E170A8164BC84D21,text,「这也是没办法的事。试制强化装备倒还罢了，凭你那套77式，要驾驭那架机体实在太勉强。」\p
5102,game_t05119,０３０：１９９８年_78：崇宰恭子の帰還.egpack,０３０：１９９８年_78：崇宰恭子の帰還,崇宰大尉,AF89411B46BF359E811974C60A6EC613B6B6AA524C9EFB8E541D68CD7359FFD0,text,「失礼了，少校……让您见到我如此失态……」\p
5103,game_t05120,０３０：１９９８年_78：崇宰恭子の帰還.egpack,０３０：１９９８年_78：崇宰恭子の帰還,斑鳩少佐,5FF0E86986E5C0A19AE4379FE9F0A86BF9CA56359EF0023596F830D9F1957A55,text,「该道歉的是我，是我考虑不周。早知如此，就该让他们连女性用型号也准备好。」\p
5104,game_t05121,０３０：１９９８年_78：崇宰恭子の帰還.egpack,０３０：１９９８年_78：崇宰恭子の帰還,崇宰大尉,7A1505FFFA982C8E090AE4D9D0B852D13E2EDF3AE8D9EFE124ACA11A0F059F2F,text,「不……可是……」\p
5105,game_t05122,０３０：１９９８年_78：崇宰恭子の帰還.egpack,０３０：１９９８年_78：崇宰恭子の帰還,斑鳩少佐,3C3D8AABCD1FB4046583DB30F192DCE26C01822CBB1ACF38050D079D0E3A4D33,text,「嗯？怎么了？」\p
5106,game_t05123,０３０：１９９８年_78：崇宰恭子の帰還.egpack,０３０：１９９８年_78：崇宰恭子の帰還,崇宰大尉,D10439B529C49F245F84EF3F112FB45AFF953E0410980E393E29538F5CB2E6E0,text,「这样做……真的好吗？此次行动恐怕不只会追究我，连少校也会受到牵连……」\p
5107,game_t05124,０３０：１９９８年_78：崇宰恭子の帰還.egpack,０３０：１９９８年_78：崇宰恭子の帰還,斑鳩少佐,569B77640D06D4556E0563DC0024E84804E8DFFBBC5FECE7493CBA4044319A44,text,「呵呵呵……」\p
5108,game_t05125,０３０：１９９８年_78：崇宰恭子の帰還.egpack,０３０：１９９８年_78：崇宰恭子の帰還,崇宰大尉,BDB4E19AA75260488B43673BE982A8C96AD843C1064DB2CBD4C7B851419AB6DD,text,「——既然对帝都的炮击已经开始，事态便分秒必争！」\p
5109,game_t05126,０３０：１９９８年_78：崇宰恭子の帰還.egpack,０３０：１９９８年_78：崇宰恭子の帰還,崇宰大尉,C38ABC0A93C920D370F9A11368E9D945DC9B68B06FED8C49BB6C88287BA59997,text,「分散孤立在市区内的斯卫部队全是学生兵，而且所有人的数据链限制都尚未解除！」\p
5110,game_t05127,０３０：１９９８年_78：崇宰恭子の帰還.egpack,０３０：１９９８年_78：崇宰恭子の帰還,崇宰大尉,0972F99FF2F19AB52D5BF179CFEAC83CF738162FC22438332C9966A6EF3892C3,text,「更何况在这种情况下，即便数据链完好无损，也绝无可能凭自身力量脱离战区！」\p
5111,game_t05128,０３０：１９９８年_78：崇宰恭子の帰還.egpack,０３０：１９９８年_78：崇宰恭子の帰還,崇宰大尉,D03BDD8827B5A50AB65831F9D4466B6FC277C139B3F68D7D5EB1065BA55E7E52,text,「帝都已经惨遭蹂躏，难道还要眼睁睁抛弃这些肩负着终将消灭宿敌BETA这一使命的年轻斯卫吗！？」\p
5112,game_t05129,０３０：１９９８年_78：崇宰恭子の帰還.egpack,０３０：１９９８年_78：崇宰恭子の帰還,斎御司経盛,DB52E1B81977D7D2E1BEAC02C1A1A723B39FD3FCF324E8F06C8C1DA27968EC60,text,「崇宰上尉的进言确实合情合理。然而值此关头，斯卫军若独断专行，日后必将埋下祸根。」\p
5113,game_t05130,０３０：１９９８年_78：崇宰恭子の帰還.egpack,０３０：１９９８年_78：崇宰恭子の帰還,崇宰大尉,E7AECB283FD3818C7D9C1D387F24D43CCDD707A0FFAE25F41F44A93DD8AB2680,text,「——殿下……！！」\p
5114,game_t05131,０３０：１９９８年_78：崇宰恭子の帰還.egpack,０３０：１９９８年_78：崇宰恭子の帰還,斎御司経盛,2CEC3CE3C57C911BF1F42F068507C93EA7DDF8B774DB26BF41930D7558FC009E,text,「以政威大将军之名下令。此次事件中，斯卫军一架机体也不得出动。」\p
5115,game_t05132,０３０：１９９８年_78：崇宰恭子の帰還.egpack,０３０：１９９８年_78：崇宰恭子の帰還,崇宰大尉,C917A0F86152E99D78B1B4BA78063FAF3DA7E3400F4974A34CA49314DDF2EBE2,text,「——！！」\p
5116,game_t05133,０３０：１９９８年_78：崇宰恭子の帰還.egpack,０３０：１９９８年_78：崇宰恭子の帰還,斎御司経盛,FE7A1D75C8308A138ED773E2160322B56CECCBBD0AC3A3452BF5CE62FEAE596E,text,「尽快迁移司令本阵。——明白了吗。」\p
5117,game_t05134,０３０：１９９８年_78：崇宰恭子の帰還.egpack,０３０：１９９８年_78：崇宰恭子の帰還,九條中佐,17D1468B878731304EA600051D1C3318659463582568B669A47707F918ACA562,text,「殿下想必也痛彻心扉。此事实在令人遗憾，但既然命令已经下达，也只能服从。」\p
5118,game_t05135,０３０：１９９８年_78：崇宰恭子の帰還.egpack,０３０：１９９８年_78：崇宰恭子の帰還,崇宰大尉,7CE5234C3A9FBC0AD24D1331816D9F920F7C01434663E7B10059E56E959B3642,text,「我明白，九条卿。承蒙您关照，感激不尽。」\p
5119,game_t05136,０３０：１９９８年_78：崇宰恭子の帰還.egpack,０３０：１９９８年_78：崇宰恭子の帰還,九條中佐,1FC87516E4BDD247B7145E478A1C082FEE8F17099ADF920CCB73D8E7E49CE2C6,text,「现在要忍耐。斯卫的矜持，并非只有身处前锋时才能展现。」\p
5120,game_t05137,０３０：１９９８年_78：崇宰恭子の帰還.egpack,０３０：１９９８年_78：崇宰恭子の帰還,崇宰大尉,B3BE286AFA36A61406FC0C82109A163811F4DE27DE674988F6A097540683F8C4,text,「——是。」\p
5121,game_t05138,０３０：１９９８年_78：崇宰恭子の帰還.egpack,０３０：１９９８年_78：崇宰恭子の帰還,崇宰大尉,FC1BB2D07B8CA4CB833A8FC775711F88FDC75DF9188537E5BF556C9021D9D39C,text,「…\w…\w…\w…\w」\p
5122,game_t05139,０３０：１９９８年_78：崇宰恭子の帰還.egpack,０３０：１９９８年_78：崇宰恭子の帰還,斑鳩少佐,F98D95AF9CD4DB475D8710D195828B764C20BDB80C22DCAB828FCA834518CB02,text,「——崇宰上尉，能占用你一点时间吗？」\p
5123,game_t05140,０３０：１９９８年_78：崇宰恭子の帰還.egpack,０３０：１９９８年_78：崇宰恭子の帰還,崇宰大尉,6AD426C697489CC3097236C6BC7951D60040522792022CC907F29DE39DF5BFDE,text,「是，斑鸠少校。请问有何吩咐？」\p
5124,game_t05141,０３０：１９９８年_78：崇宰恭子の帰還.egpack,０３０：１９９８年_78：崇宰恭子の帰還,斑鳩少佐,0BC0F0832D7691AD3C1FA3B18BE74EDBAC3C55E735397157BEC1536EE785C106,text,「这不是很好吗，上尉。你已经得到殿下的首肯了。」\p
5125,game_t05142,０３０：１９９８年_78：崇宰恭子の帰還.egpack,０３０：１９９８年_78：崇宰恭子の帰還,斑鳩少佐,AEDF7E4D56F5A2727F6AE45AAE2BB045071D523955BC52339FDF686B8259FCFA,text,「哈哈哈，生气的样子也很优雅啊，恭子。‘鬼姬’之名果然名不虚传。不过，我还是更喜欢你平时那凛然的微笑。」\p
5126,game_t05143,０３０：１９９８年_78：崇宰恭子の帰還.egpack,０３０：１９９８年_78：崇宰恭子の帰還,崇宰大尉,448E5D4B6195778C010974AC28D6E9184BDE7D0BC1DC5F2D98B133FFB328B45D,text,「少校，现在尚在执行公务，请不要说这种——！？」\p
5127,game_t05144,０３０：１９９８年_78：崇宰恭子の帰還.egpack,０３０：１９９８年_78：崇宰恭子の帰還,斑鳩少佐,2D9C7EC33192230BCA3858BD4680829A5212C0554103E57C0C2A30022BFE0820,text,「殿下不是说了吗？‘斯卫军一架机体也不得出动。’换言之，只要不是斯卫军的机体便无妨——这就是他话中的言外之意。」\p
5128,game_t05145,０３０：１９９８年_78：崇宰恭子の帰還.egpack,０３０：１９９８年_78：崇宰恭子の帰還,崇宰大尉,A8A103638880A0A990C6DE06EBA239A239D2FAA351760ED051BFAD4FC011B7A8,text,「请您……别再说了……」\p
5129,game_t05146,０３０：１９９８年_78：崇宰恭子の帰還.egpack,０３０：１９９８年_78：崇宰恭子の帰還,崇宰大尉,765C65C4B7CD609A61ECD5AB258065E7AA8C6DED411B5BB04A785942E2B9E7F0,text,「这种强词夺理……！您从以前起……就一直……！」\p
5130,game_t05147,０３０：１９９８年_78：崇宰恭子の帰還.egpack,０３０：１９９８年_78：崇宰恭子の帰還,斑鳩少佐,9DE8890DC54AC897D5551217C78140F63DCC204D71F0CE01F594CF90B5A3A167,text,「有的……」\p
5131,game_t05148,０３０：１９９８年_78：崇宰恭子の帰還.egpack,０３０：１９９８年_78：崇宰恭子の帰還,崇宰大尉,57562AB9FE30F43D1538A54A0E8ADB707991E1A3E77EC6C4DE283E70C6B3EED6,text,「诶……？」\p
5132,game_t05149,０３０：１９９８年_78：崇宰恭子の帰還.egpack,０３０：１９９８年_78：崇宰恭子の帰還,斑鳩少佐,2407045BC541BFE40BA6DC1D0C06778EBDFD649AB369B75A13ACAA0EE8EC8F9A,text,「它尚未登记在斯卫军名下，却能承受强行突入敌占区和密集机动格斗战——」\p
5133,game_t05150,０３０：１９９８年_78：崇宰恭子の帰還.egpack,０３０：１９９８年_78：崇宰恭子の帰還,崇宰大尉,8331F90C9ED4AA79F3CE2C5F97873D98AC7585C6473E17F2D1037F8308FA436A,text,「――！？」\p
5134,game_t05151,０３０：１９９８年_78：崇宰恭子の帰還.egpack,０３０：１９９８年_78：崇宰恭子の帰還,斑鳩少佐,D2A3A48B5034A3C668862EB93C8358D8315D87531FD0A597F03BAB84239406B8,text,「——而且还具备让驾驶员生还之可能的机体。」\p
5135,game_t05152,０３０：１９９８年_78：崇宰恭子の帰還.egpack,０３０：１９９８年_78：崇宰恭子の帰還,崇宰大尉,90F149507E74EDD33284E3B9C3767A3BC22E6D32EB3AE1CFEB795C5C91D5C1D9,text,「——少校……您刚才……说什么……？」\p
5136,game_t05153,０３０：１９９８年_78：崇宰恭子の帰還.egpack,０３０：１９９８年_78：崇宰恭子の帰還,斑鳩少佐,4C0C1C14BE546BD10941A0F3C97C5D84359A1FEC75E457B0220704928C05F66B,text,「试制98式——伊贺开发试验场内，四种型号正好齐备一套。」\p
5137,game_t05154,０３０：１９９８年_78：崇宰恭子の帰還.egpack,０３０：１９９８年_78：崇宰恭子の帰還,崇宰大尉,DC17806DE7B877D04F900A416D69AB9ECEA963125C435B0416D881F026B33457,text,「试制……98式！？伊贺开发试验场……！？」\p
5138,game_t05155,０３０：１９９８年_78：崇宰恭子の帰還.egpack,０３０：１９９８年_78：崇宰恭子の帰還,斑鳩少佐,5E8CC9E820E9BC614D28C5CED55EAE7C98EEBB8DCA663065B18F790AB73324FB,text,「没错，就在近旁。带上你信得过的部下过去吧。」\p
5139,game_t05156,０３０：１９９８年_78：崇宰恭子の帰還.egpack,０３０：１９９８年_78：崇宰恭子の帰還,崇宰大尉,26EFA1CAFBDF6DAEE140E6062CA87727B2805338C0D25B86E37D195252AB3D67,text,「可是……！」\p
5140,game_t05157,０３０：１９９８年_78：崇宰恭子の帰還.egpack,０３０：１９９８年_78：崇宰恭子の帰還,斑鳩少佐,3F6AD13D14D80D7FDB5707924004AABA8AEDEEF9466E19D19FBBB053FFE447E3,text,「我明白，不必担心。营救学生兵时，只要暗中带上帝国军救援队即可。」\p
5141,game_t05158,０３０：１９９８年_78：崇宰恭子の帰還.egpack,０３０：１９９８年_78：崇宰恭子の帰還,崇宰大尉,57562AB9FE30F43D1538A54A0E8ADB707991E1A3E77EC6C4DE283E70C6B3EED6,text,「诶……？」\p
5142,game_t05159,０３０：１９９８年_78：崇宰恭子の帰還.egpack,０３０：１９９８年_78：崇宰恭子の帰還,斑鳩少佐,2154B5FCCC24AFD9E42659DC1E0FB94336CE065309C4C971A376B282562F6066,text,「当然，这件事由我来安排。放心，这方面的人脉我从来不缺。」\p
5143,game_t05160,０３０：１９９８年_78：崇宰恭子の帰還.egpack,０３０：１９９８年_78：崇宰恭子の帰還,崇宰大尉,FC1BB2D07B8CA4CB833A8FC775711F88FDC75DF9188537E5BF556C9021D9D39C,text,「…\w…\w…\w…\w」\p
5144,game_t05161,０３０：１９９８年_78：崇宰恭子の帰還.egpack,０３０：１９９８年_78：崇宰恭子の帰還,斑鳩少佐,2A1839AEB29402E242A7DB5CACB11AEE6B45FB30C55F39C74F20310A31869AB1,text,「怎么样，恭子？斯卫军可是一架机体都没有出动吧？」\p
5145,game_t05162,０３０：１９９８年_78：崇宰恭子の帰還.egpack,０３０：１９９８年_78：崇宰恭子の帰還,崇宰大尉,FC1BB2D07B8CA4CB833A8FC775711F88FDC75DF9188537E5BF556C9021D9D39C,text,「…\w…\w…\w…\w」\p
5146,game_t05163,０３０：１９９８年_78：崇宰恭子の帰還.egpack,０３０：１９９８年_78：崇宰恭子の帰還,斑鳩少佐,D1D53DBAB243975551CA8D7401FAE5D17E6C6019B08BFF5F8B75F5FC5BDD3AA2,text,「呵呵呵……真伤脑筋。你还是不肯相信我吗？」\p
5147,game_t05164,０３０：１９９８年_78：崇宰恭子の帰還.egpack,０３０：１９９８年_78：崇宰恭子の帰還,崇宰大尉,86868ADEC3C9066E4C2751E9AAB7183DC4AA04CB9583071D1F5DFAAD03D5F3B6,text,「是啊……」\p
5148,game_t05165,０３０：１９９８年_78：崇宰恭子の帰還.egpack,０３０：１９９８年_78：崇宰恭子の帰還,斑鳩少佐,FBBB17DAD9FA2CF7D742CCFB3061D28A74A7EA94204E93216E4F9D4454333998,text,「……嗯？」\p
5149,game_t05166,０３０：１９９８年_78：崇宰恭子の帰還.egpack,０３０：１９９８年_78：崇宰恭子の帰還,崇宰大尉,039F381D9A9863C062311598B7AE3859806273FF64012096D0F284ECB02FE9CD,text,「您这个人……从以前起，就让人猜不透究竟在想什么。」\p
5150,game_t05167,０３０：１９９８年_78：崇宰恭子の帰還.egpack,０３０：１９９８年_78：崇宰恭子の帰還,斑鳩少佐,FC1BB2D07B8CA4CB833A8FC775711F88FDC75DF9188537E5BF556C9021D9D39C,text,「…\w…\w…\w…\w」\p
5151,game_t05168,０３０：１９９８年_78：崇宰恭子の帰還.egpack,０３０：１９９８年_78：崇宰恭子の帰還,崇宰大尉,21099BE718882F13695024308CC49F9B7D247BDA18FF1337401921FCCF5C37DC,text,「可是……您从未行事草率，也从未以谎言欺骗他人。」\p
5152,game_t05169,０３０：１９９８年_78：崇宰恭子の帰還.egpack,０３０：１９９８年_78：崇宰恭子の帰還,崇宰大尉,35852B3B0061DABB4390407D9F7985AB1839CB8C9EE3F4CAB779F878E7BAF70C,text,「我只问一件事。那架试制98式——是为少校您运来的吧？」\p
5153,game_t05170,０３０：１９９８年_78：崇宰恭子の帰還.egpack,０３０：１９９８年_78：崇宰恭子の帰還,斑鳩少佐,F92ED3C988368A12BDC4AA028BD69701BC563F7328E8547CD3439B15634CC1EC,text,「没错。它终于进入试验运用阶段，而我被任命负责实战测试。」\p
5154,game_t05171,０３０：１９９８年_78：崇宰恭子の帰還.egpack,０３０：１９９８年_78：崇宰恭子の帰還,崇宰大尉,21E86FCF26187AB4E4CB3EA20DB6643F9A83627A18EBF48D37394DBAB5F60D4D,text,「以量产为前提的试验运用阶段……却要进行实战测试？」\p
5155,game_t05172,０３０：１９９８年_78：崇宰恭子の帰還.egpack,０３０：１９９８年_78：崇宰恭子の帰還,斑鳩少佐,2E92695152208B3ECC9370E12794605C743496D32BA4C28E17CEAAC1ABA82DBD,text,「原本计划在这场防卫战中取得基准数据，以确定正在第二帝都为殿下制造之机的最终规格。」\p
5156,game_t05173,０３０：１９９８年_78：崇宰恭子の帰還.egpack,０３０：１９９８年_78：崇宰恭子の帰還,斑鳩少佐,A3DF3B5970F7F0231124B27212AF4A66D2746C60599225A5779B0D36D98B6729,text,「可城内省本营大概是被急剧恶化的战局吓到了，突然命令我们立刻把机体送回去……」\p
5157,game_t05174,０３０：１９９８年_78：崇宰恭子の帰還.egpack,０３０：１９９８年_78：崇宰恭子の帰還,崇宰大尉,4407ADA5D1440640F1AEB74AF31BAAC9353CB82F854C8269CEE94A21A1CD33A7,text,「原来如此——我明白了。即便如此，少校还是准备进行实战测试吧。」\p
5158,game_t05175,０３０：１９９８年_78：崇宰恭子の帰還.egpack,０３０：１９９８年_78：崇宰恭子の帰還,崇宰大尉,95639736BCFA7341D6231F826B85EC3492B199DCF72E768F9572EF876EB2160E,text,「机体能够立即出击，正是因为这个缘故，对吗？」\p
5159,game_t05176,０３０：１９９８年_78：崇宰恭子の帰還.egpack,０３０：１９９８年_78：崇宰恭子の帰還,斑鳩少佐,0831A595D0324DCD416B72F5BF3FB395CE1AE0FF1A66EB2654EB560C418349FA,text,「谁知道呢……」\p
5160,game_t05177,０３０：１９９８年_78：崇宰恭子の帰還.egpack,０３０：１９９８年_78：崇宰恭子の帰還,崇宰大尉,D089C8F004990B0CF5441406A8EDA2345E895A5BE58D1C66BEA477CE510386B7,text,「既然如此，我就更不能借用——」\p
5161,game_t05178,０３０：１９９８年_78：崇宰恭子の帰還.egpack,０３０：１９９８年_78：崇宰恭子の帰還,斑鳩少佐,0FBCF6D465ECE9DC81E7BF137252EA93EB28FD580192FAC5C11212ECAE4572DF,text,「没关系，让给你吧。事已至此，我还不至于不解风情地霸占别人的舞台。」\p
5162,game_t05179,０３０：１９９８年_78：崇宰恭子の帰還.egpack,０３０：１９９８年_78：崇宰恭子の帰還,崇宰大尉,5F1CC7DADE4C4F497CAC82FA0A0BDEB7582C82D1DA99C615D725C12CE34713B1,text,「……不解风情？」\p
5163,game_t05180,０３０：１９９８年_78：崇宰恭子の帰還.egpack,０３０：１９９８年_78：崇宰恭子の帰還,斑鳩少佐,D364E4682A6A1FDC568699A7626CCA5EA73D740343FB445A7FAD479A20DEC196,text,「何况……你本来就打算去，不是吗？」\p
5164,game_t05181,０３０：１９９８年_78：崇宰恭子の帰還.egpack,０３０：１９９８年_78：崇宰恭子の帰還,崇宰大尉,FC1BB2D07B8CA4CB833A8FC775711F88FDC75DF9188537E5BF556C9021D9D39C,text,「…\w…\w…\w…\w」\p
5165,game_t05182,０３０：１９９８年_78：崇宰恭子の帰還.egpack,０３０：１９９８年_78：崇宰恭子の帰還,斑鳩少佐,460AAFB2F82935DED17D1BBA7BC0004FA973E166EBCCC63B181D11860604F8AC,text,「——因为我从一开始，也打算亲自去。」\p
5166,game_t05183,０３０：１９９８年_78：崇宰恭子の帰還.egpack,０３０：１９９８年_78：崇宰恭子の帰還,崇宰大尉,FC1BB2D07B8CA4CB833A8FC775711F88FDC75DF9188537E5BF556C9021D9D39C,text,「…\w…\w…\w…\w」\p
5167,game_t05184,０３０：１９９８年_78：崇宰恭子の帰還.egpack,０３０：１９９８年_78：崇宰恭子の帰還,斑鳩少佐,21EA6F582338E3FD6CBA744B73741FADD41A4594B9F66B31C1062607F0C50872,text,「如果真要追责，反正结果都一样。无论是把机体借给你，还是无视送还命令擅自出击。」\p
5168,game_t05185,０３０：１９９８年_78：崇宰恭子の帰還.egpack,０３０：１９９８年_78：崇宰恭子の帰還,斑鳩少佐,CAEF68F03079A2FBF79BB0A9F39D7366BDBCACB2FB0CA0F55A98393C42AD4F8B,text,「既然结果相同，至少没有让你驾驶瑞鹤冲进那片地狱，就已经算得上圆满了。」\p
5169,game_t05186,０３０：１９９８年_78：崇宰恭子の帰還.egpack,０３０：１９９８年_78：崇宰恭子の帰還,崇宰大尉,ABF24EA7AAF9794968838EE0AAD643207B08EC827B1D864FF376260BE78C9EB5,text,「少校的决心与厚意，我由衷感激。当然，此次事件引发的任何责罚，我都愿意承担。」\p
5170,game_t05187,０３０：１９９８年_78：崇宰恭子の帰還.egpack,０３０：１９９８年_78：崇宰恭子の帰還,斑鳩少佐,3F8F0CD3D92E7A6457CDEAEF7EF9EE157F568E955B05134CC9186FFF2B1F965E,text,「哈哈哈，你这副认真劲还真有你的风格。」\p
5171,game_t05188,０３０：１９９８年_78：崇宰恭子の帰還.egpack,０３０：１９９８年_78：崇宰恭子の帰還,斑鳩少佐,0923257EF132C8F63809A32A65E594736DC005125A9547435EBD8D65F9F1E2BD,text,「不过，你今天已经在战场上创造了传说。而且还是一个对斯卫军格外有利的传说。根本不会有人追究你。」\p
5172,game_t05189,０３０：１９９８年_78：崇宰恭子の帰還.egpack,０３０：１９９８年_78：崇宰恭子の帰還,崇宰大尉,F0143F771D00194AD484EC068C9460577B854FD7F6E92D960748476D204A386B,text,「若真如此当然再好不过——但我还没有自负到会把少校的乐观解释全盘当真。」\p
5173,game_t05190,０３０：１９９８年_78：崇宰恭子の帰還.egpack,０３０：１９９８年_78：崇宰恭子の帰還,斑鳩少佐,FC1BB2D07B8CA4CB833A8FC775711F88FDC75DF9188537E5BF556C9021D9D39C,text,「…\w…\w…\w…\w」\p
5174,game_t05191,０３０：１９９８年_78：崇宰恭子の帰還.egpack,０３０：１９９８年_78：崇宰恭子の帰還,崇宰大尉,4826619183119837367F686B2F8E1CFA0AFA14FF15A75A151542DA8BC3AA7CDC,text,「试制98式的性能与战果，确实堪称传奇。但我不认为凭这些就能抵消我抗命之罪。」\p
5175,game_t05192,０３０：１９９８年_78：崇宰恭子の帰還.egpack,０３０：１９９８年_78：崇宰恭子の帰還,斑鳩少佐,8D7B9C9DFB3D5EC67B66EAD216143AB9BBFF2291CB8D638804526AC305838780,text,「哎呀，无法取得你的信任，究竟是我德行不足，还是你为人过于笃实呢……」\p
5176,game_t05193,０３０：１９９８年_78：崇宰恭子の帰還.egpack,０３０：１９９８年_78：崇宰恭子の帰還,斑鳩少佐,D73A868B70DCD2F52F435EBB6E5FA4866C9B6F42D16D88B46F29624BF8BD31C4,text,「炮弹如雨、异形横行的帝都。那道身影神速驰骋，伴着轰鸣从天而降，顷刻镇压成群怨敌，宛如雷神降世——」\p
5177,game_t05194,０３０：１９９８年_78：崇宰恭子の帰還.egpack,０３０：１９９８年_78：崇宰恭子の帰還,崇宰大尉,FC1BB2D07B8CA4CB833A8FC775711F88FDC75DF9188537E5BF556C9021D9D39C,text,「…\w…\w…\w…\w」\p
5178,game_t05195,０３０：１９９８年_78：崇宰恭子の帰還.egpack,０３０：１９９８年_78：崇宰恭子の帰還,斑鳩少佐,90D2489DEB83BBE0E983AA015E6F198562437A16C8CEA3FEC4C2BFFA9E90772D,text,「——被遗留在战场、已经做好惨死觉悟的人们，一定都如此确信吧。」\p
5179,game_t05196,０３０：１９９８年_78：崇宰恭子の帰還.egpack,０３０：１９９８年_78：崇宰恭子の帰還,斑鳩少佐,61D1C67B5AF1801D216A7D03D8CAB6CF6E5F9916695EBCC51D126EF5A631F482,text,「而且亲眼目睹这一幕的，并不只有被你救下的人。」\p
5180,game_t05197,０３０：１９９８年_78：崇宰恭子の帰還.egpack,０３０：１９９８年_78：崇宰恭子の帰還,斑鳩少佐,4969164E724151AFD8EEC7C70968281E8B29D0AD416E29F1BB5DCB4BEB7FCC42,text,「亲眼见证这一幕的，还有前去救援的部队官兵。斯卫自不必说，也包括驻日美军和帝国军的将士、指挥官。以及——」\p
5181,game_t05198,０３０：１９９８年_78：崇宰恭子の帰還.egpack,０３０：１９９８年_78：崇宰恭子の帰還,斑鳩少佐,6A3D991BE41BB7A2949DA60750DB5D3BFF587BF3B3D26B3CE46A049AF9BEBA8E,text,「——还有那些因为深爱帝都而没有服从避难命令的国民。又有谁能惩罚那位驾驶雷神般的战术机、完成奇迹救援的卫士呢？」\p
5182,game_t05199,０３０：１９９８年_78：崇宰恭子の帰還.egpack,０３０：１９９８年_78：崇宰恭子の帰還,斑鳩少佐,E81428BA658173145326BEFD44E8350E6E3237723FA3D14BD31E7A7EE66A83FA,text,「试制98式已经不再只是一架战术机了。」\p
5183,game_t05200,０３０：１９９８年_78：崇宰恭子の帰還.egpack,０３０：１９９８年_78：崇宰恭子の帰還,崇宰大尉,85B6FD648034C6E550BC387F7FFC652BC80613214C53FB6BFA5778AF7043F0C8,text,「…\w…\w？」\p
5184,game_t05201,０３０：１９９８年_78：崇宰恭子の帰還.egpack,０３０：１９９８年_78：崇宰恭子の帰還,斑鳩少佐,BDBA81262F01FF3A776C2E92DAF0A73568245EC74712FC90D08D1CC7EAA12192,text,「它已成为只要现身战区，便能点燃全军将士斗志的武神——雷神显现于世的‘武御雷’。」\p
5185,game_t05202,０３０：１９９８年_78：崇宰恭子の帰還.egpack,０３０：１９９８年_78：崇宰恭子の帰還,崇宰大尉,1611DD151371A5DC8A6AFFB3040CD9C7FE460686BC280BD8676CAB72181CF1DF,text,「武御雷……」\p
5186,game_t05203,０３０：１９９８年_78：崇宰恭子の帰還.egpack,０３０：１９９８年_78：崇宰恭子の帰還,斑鳩少佐,2E177114F25A3BF6D5F373BD1CE1CC1BBB02DB404B46191DB6EB45E3EB571D88,text,「今后，帝国将深陷古今未有的苦难。而作为开端，帝国已在短短数日内从先进一等强国的地位跌落。」\p
5187,game_t05204,０３０：１９９８年_78：崇宰恭子の帰還.egpack,０３０：１９９８年_78：崇宰恭子の帰還,崇宰大尉,FC1BB2D07B8CA4CB833A8FC775711F88FDC75DF9188537E5BF556C9021D9D39C,text,「…\w…\w…\w…\w」\p
5188,game_t05205,０３０：１９９８年_78：崇宰恭子の帰還.egpack,０３０：１９９８年_78：崇宰恭子の帰還,斑鳩少佐,0C315A1067105428DE515AC073EF1C8ACD59A937092FEEB48C150D077D3C808C,text,「人口骤减，又因战祸延续而无法恢复，恐怕再也无缘重返昔日地位。」\p
5189,game_t05206,０３０：１９９８年_78：崇宰恭子の帰還.egpack,０３０：１９９８年_78：崇宰恭子の帰還,斑鳩少佐,5034DC9A6E87C8AC50E43A9B0E3834D0C930FE0C92B72663B8B76D3071087E6E,text,「在这样的黑暗时代，人们需要的是神话。而届时统御社会的，不会是父性——而是母性。」\p
5190,game_t05207,０３０：１９９８年_78：崇宰恭子の帰還.egpack,０３０：１９９８年_78：崇宰恭子の帰還,崇宰大尉,C5554E4626718A2E4F247E5363A865CBE680A3073CD9A314E7C202F8C33A4A79,text,「……少校，恕我冒昧，以您五摄家之尊，谈论这个话题未免有些不妥。」\p
5191,game_t05208,０３０：１９９８年_78：崇宰恭子の帰還.egpack,０３０：１９９８年_78：崇宰恭子の帰還,斑鳩少佐,82EC9E57B9342543141BFF8E228154AE44DEBE0A17E1AA3E9831150787B94C02,text,「啊，抱歉。大概是试制98式和你的表现让我太过兴奋了。」\p
5192,game_t05209,０３０：１９９８年_78：崇宰恭子の帰還.egpack,０３０：１９９８年_78：崇宰恭子の帰還,斑鳩少佐,569B77640D06D4556E0563DC0024E84804E8DFFBBC5FECE7493CBA4044319A44,text,「呵呵呵……」\p
5193,game_t05210,０３０：１９９８年_78：崇宰恭子の帰還.egpack,０３０：１９９８年_78：崇宰恭子の帰還,崇宰大尉,A321EC431D95CEC07CA595BA9DD4E21EEACE1C52AB2CA0DB0CACF63DD8CFF3CF,text,「……那么，我先告退了。」\p
5194,game_t05211,０３０：１９９８年_78：崇宰恭子の帰還.egpack,０３０：１９９８年_78：崇宰恭子の帰還,斑鳩少佐,E4626FE22D49B5EF647D1BEB8B0DFEE8E75FEB4BA675295D25728322EDEF3FF0,text,「——说起来，你救出的学生兵当中，有篁公的继承人吧。」\p
5195,game_t05212,０３０：１９９８年_78：崇宰恭子の帰還.egpack,０３０：１９９８年_78：崇宰恭子の帰還,崇宰大尉,AC7A2892A8D15450FB5675D8B640DDD665CEFCEBCE0B7546843BEB0ED4B40E8A,text,「……是。」\p
5196,game_t05213,０３０：１９９８年_78：崇宰恭子の帰還.egpack,０３０：１９９８年_78：崇宰恭子の帰還,斑鳩少佐,09A6A4C7A31FB9324CBDA1252AA5B0C275CBD52FCCABCDF179292652A15DDD88,text,「这不是很感人吗？父亲亲手参与打造的‘武御雷’，竟然救下了即将死在战场上的爱女。」\p
5197,game_t05214,０３０：１９９８年_78：崇宰恭子の帰還.egpack,０３０：１９９８年_78：崇宰恭子の帰還,崇宰大尉,FC1BB2D07B8CA4CB833A8FC775711F88FDC75DF9188537E5BF556C9021D9D39C,text,「…\w…\w…\w…\w」\p
5198,game_t05215,０３０：１９９８年_78：崇宰恭子の帰還.egpack,０３０：１９９８年_78：崇宰恭子の帰還,斑鳩少佐,6F9BBCCAB02C5B5D631BE890A41CE05FAFA475E04743D053B8F0EFB7E42728F0,text,「而且——」\p
5199,game_t05216,０３０：１９９８年_78：崇宰恭子の帰還.egpack,０３０：１９９８年_78：崇宰恭子の帰還,斑鳩少佐,8B0AD1CBE9EFFE8C04EB835AEB2E884D63ABB425CB6695486F7CC627F81377E8,text,「驾驶那架机体的卫士，又恰是与篁家有远亲关系、出身五摄家的下任女家主……」\p
5200,game_t05217,０３０：１９９８年_78：崇宰恭子の帰還.egpack,０３０：１９９８年_78：崇宰恭子の帰還,崇宰大尉,F6F1479CA21CEBB45D1603CA9AD162C6F1CAF23E999FBBE14FC948E158BD8E43,text,「斑鸠……少校……！？」\p
5201,game_t05218,０３０：１９９８年_78：崇宰恭子の帰還.egpack,０３０：１９９８年_78：崇宰恭子の帰還,斑鳩少佐,71280C72B18AE7F2DE88257CFD63186427C567ECFBD0871B3F0776DE69190DA2,text,「多么美丽的故事……实在优雅至极。」\p
5202,game_t05219,０３０：１９９８年_78：崇宰恭子の帰還.egpack,０３０：１９９８年_78：崇宰恭子の帰還,崇宰大尉,F1A279FAB3F93879D64CEED1F99202DFC292A3946620118091ADB82D3670BE42,text,「……崇继……难道你……！」\p
5203,game_t05220,０３０：１９９８年_78：崇宰恭子の帰還.egpack,０３０：１９９８年_78：崇宰恭子の帰還,斑鳩少佐,F6282C7DA0551FDD8F2D281CC01550BDE7496C2BAF6142A034C9EDBB1630EAAC,text,「既然你是驾驭显现于世之雷神的人——那么你大概就是女神了吧。」\p
5204,game_t05221,０３０：１９９８年_78：崇宰恭子の帰還.egpack,０３０：１９９８年_78：崇宰恭子の帰還,斑鳩少佐,118BD861050351A869A5A7B35D8EEAB5CAB60949D9074A33B1D834C915D54A03,text,「——对吧，恭子？」\p
5205,game_t05222,０３０：１９９８年_78：崇宰恭子の帰還.egpack,０３０：１９９８年_78：崇宰恭子の帰還,崇宰大尉,FC1BB2D07B8CA4CB833A8FC775711F88FDC75DF9188537E5BF556C9021D9D39C,text,「…\w…\w…\w…\w」\p
5206,game_t05223,０３０：１９９８年_79：野戦病院　７月１５日.egpack,０３０：１９９８年_79：野戦病院　７月１５日,旁白,0E0D5316E328DCCFDF9E78AFE939691FE778A77850FE04C8BC0D1F9B429114B8,text,远处好像很吵……\p
5207,game_t05224,０３０：１９９８年_79：野戦病院　７月１５日.egpack,０３０：１９９８年_79：野戦病院　７月１５日,旁白,AFBF209FE0640808DDADB63835E76174F98335CB76026EE25AE0217D5CE40D4C,text,脑袋和心里那些乱成一团的东西，好像正在一点点分开，轮廓也渐渐清楚起来……\p
5208,game_t05225,０３０：１９９８年_79：野戦病院　７月１５日.egpack,０３０：１９９８年_79：野戦病院　７月１５日,唯依,3096DBBFD1681DF445E4157EC5A4C3DDB3AEAC976D379F18A14D55ACA8436099,text,「呜…………」\p
5209,game_t05226,０３０：１９９８年_79：野戦病院　７月１５日.egpack,０３０：１９９８年_79：野戦病院　７月１５日,旁白,9416565501D97876EC41CFF8BBBD966BD454C03BDF76B8A1C5C672C96CE69BA1,text,我大概稍微睁开了眼睛。\p
5210,game_t05227,０３０：１９９８年_79：野戦病院　７月１５日.egpack,０３０：１９９８年_79：野戦病院　７月１５日,旁白,99746B34269C470640B76EF8DF716F17B386BA02178DD8FC08EC8E93B1DEE284,text,可是，我不知道眼前的东西是什么。\p
5211,game_t05228,０３０：１９９８年_79：野戦病院　７月１５日.egpack,０３０：１９９８年_79：野戦病院　７月１５日,旁白,CC3B82E72AD1CA24DE17602F8FD4F0FB74454D5D202C9685245FC15C016159DA,text,总觉得好像在哪里见过……\p
5212,game_t05229,０３０：１９９８年_79：野戦病院　７月１５日.egpack,０３０：１９９８年_79：野戦病院　７月１５日,旁白,A8C869D1B2ACB81F2509185796A85B21B89A7F2D75D4EA7F843628F419ABFE09,text,虽然渐渐有点明白了，但感觉还要花更多时间。\p
5213,game_t05230,０３０：１９９８年_79：野戦病院　７月１５日.egpack,０３０：１９９８年_79：野戦病院　７月１５日,旁白,62EC39BAD766B72EEBF471B75D98287D1D08230B7A033EFEF1D90957C93C4E2A,text,……啊，原来如此。\p
5214,game_t05231,０３０：１９９８年_79：野戦病院　７月１５日.egpack,０３０：１９９８年_79：野戦病院　７月１５日,旁白,5029442FB28E3B3906ABA49DCF4A16C52697534497AFF48AA9386A7FF5796E4A,text,那是军用帐篷的顶棚。\p
5215,game_t05232,０３０：１９９８年_79：野戦病院　７月１５日.egpack,０３０：１９９８年_79：野戦病院　７月１５日,旁白,8D53F6E9935026A67C1168AD1A7E5300A974CF5AC3573471D6A6A23337CEBB7F,text,难怪觉得好像在哪里见过。\p
5216,game_t05233,０３０：１９９８年_79：野戦病院　７月１５日.egpack,０３０：１９９８年_79：野戦病院　７月１５日,唯依,F1CC96CE61DB5C0FF1346D3C2516A611717BCF53031CA8412815D7D93C7F894D,text,「奇怪……为什么……会在这里……」\p
5217,game_t05234,０３０：１９９８年_79：野戦病院　７月１５日.egpack,０３０：１９９８年_79：野戦病院　７月１５日,旁白,2AEFF019560D6EEB4DC7F66824517898B377AE9881238D627A3454745D515F94,text,看到的东西和听到的声音……我已经渐渐能明白它们各自是什么了。\p
5218,game_t05235,０３０：１９９８年_79：野戦病院　７月１５日.egpack,０３０：１９９８年_79：野戦病院　７月１５日,旁白,B53052A7C9E7C61623ED1D51A015875EF419064FF64D3C4D20B7DCE579AE0A2D,text,大概吧。可是，我好像一次只能理解一样东西，感觉很难受。\p
5219,game_t05236,０３０：１９９８年_79：野戦病院　７月１５日.egpack,０３０：１９９８年_79：野戦病院　７月１５日,旁白,2B2C5E585B6596BE36F2B922B939C49DE519E88A8E143B753E1FD58A1879FE01,text,明明知道那是什么，却不明白它意味着什么。这种感觉很难受。\p
5220,game_t05237,０３０：１９９８年_79：野戦病院　７月１５日.egpack,０３０：１９９８年_79：野戦病院　７月１５日,唯依,3659987B616C243218B8634DE30413C7BA873647C9BC6146F3EC48F8C319DB33,text,「……啊……呜……」\p
5221,game_t05238,０３０：１９９８年_79：野戦病院　７月１５日.egpack,０３０：１９９８年_79：野戦病院　７月１５日,旁白,9226D6BCAB4D3BA1B65E1C49E6901BD72BAB7FDDD7441174491723723DEB1DFC,text,我试着稍微坐起来……\p
5222,game_t05239,０３０：１９９８年_79：野戦病院　７月１５日.egpack,０３０：１９９８年_79：野戦病院　７月１５日,旁白,EF0D1448EE2663F7F8AFBFFBEAFD7E41BCA6F58C92C0AE20BF78474E235A678E,text,不行……全身好乏力。身体沉得不得了。\p
5223,game_t05240,０３０：１９９８年_79：野戦病院　７月１５日.egpack,０３０：１９９８年_79：野戦病院　７月１５日,唯依,7252451647BFACE12A9951ED669B3E714803A7D395494653667B9C06C276CF3F,text,「奇怪……」\p
5224,game_t05241,０３０：１９９８年_79：野戦病院　７月１５日.egpack,０３０：１９９８年_79：野戦病院　７月１５日,旁白,FFD479813708621955E8900F87C0A57897EDCDBC6D33679ED8FF989EC48A8162,text,我原来穿着这样的衣服吗？\p
5225,game_t05242,０３０：１９９８年_79：野戦病院　７月１５日.egpack,０３０：１９９８年_79：野戦病院　７月１５日,旁白,21C734DEF3D4FA65A5CCD7B611D2BF53E1F9242605CDBD8D86BD5C06EE941121,text,该怎么说呢，像是一件白色的手术衣。\p
5226,game_t05243,０３０：１９９８年_79：野戦病院　７月１５日.egpack,０３０：１９９８年_79：野戦病院　７月１５日,旁白,D0360899A6C7FE5F31F61711237C2B82E97D1A5C99CF7B929DF10C3A932F748D,text,可是，手术衣是什么来着……？\p
5227,game_t05244,０３０：１９９８年_79：野戦病院　７月１５日.egpack,０３０：１９９８年_79：野戦病院　７月１５日,唯依,4E01FF7A98975AB66E681A600E54083B49B17E3DCF5C76171F6CC0788973ED64,text,「……啊。」\p
5228,game_t05245,０３０：１９９８年_79：野戦病院　７月１５日.egpack,０３０：１９９８年_79：野戦病院　７月１５日,旁白,CFCDDC90F67270E5000B40880B3D91BC20E5AFAE4E74F5A337B6137AF070DBEF,text,那个女人……对了，是护士。\p
5229,game_t05246,０３０：１９９８年_79：野戦病院　７月１５日.egpack,０３０：１９９８年_79：野戦病院　７月１５日,旁白,B63DA1853FC1A6D7B5A2AA2BBB7526BDA414BB26ADA85B181AECDF6B5A475296,text,看她的衣服，这点我还是看得出来的。\p
5230,game_t05247,０３０：１９９８年_79：野戦病院　７月１５日.egpack,０３０：１９９８年_79：野戦病院　７月１５日,旁白,B75EF7E220F37A7F349EEB4DB71A6B8EB572A732D23B7653FDB902CF5AD8133E,text,她一脸惊讶地看着我……怎么了？\p
5231,game_t05248,０３０：１９９８年_79：野戦病院　７月１５日.egpack,０３０：１９９８年_79：野戦病院　７月１５日,唯依,97870484DACBB60CB7A6A012ADEBA94111DBD8B2C96730F6FB3A49689750C97B,text,「……请……问……」\p
5232,game_t05249,０３０：１９９８年_79：野戦病院　７月１５日.egpack,０３０：１９９８年_79：野戦病院　７月１５日,旁白,C6765B5723C5188A6396A07E8FA770A6EA7E6F0D273654EAA68A3535D7AE42FC,text,啊，等一下……很难发出声音。\p
5233,game_t05250,０３０：１９９８年_79：野戦病院　７月１５日.egpack,０３０：１９９８年_79：野戦病院　７月１５日,旁白,37FC92677439D0BAE2E8AC223A91784CE0BDCD1B711EEA74E860951F937C675D,text,啊，她走掉了。\p
5234,game_t05251,０３０：１９９８年_79：野戦病院　７月１５日.egpack,０３０：１９９８年_79：野戦病院　７月１５日,旁白,FCAAFF590DC2D62CE46DC1858E9EB030FDED7E58B2790CEAE3FFA1B63AA60528,text,……她在我看不见的地方说着我的事。\p
5235,game_t05252,０３０：１９９８年_79：野戦病院　７月１５日.egpack,０３０：１９９８年_79：野戦病院　７月１５日,看護師,BCF18C3A126E60BEC7CF339CC35F3FAC775BAAEB8D9D42CABE5C65E2C98FAD80,text,「——医生！篁小姐恢复意识了！！」\p
5236,game_t05253,０３０：１９９８年_79：野戦病院　７月１５日.egpack,０３０：１９９８年_79：野戦病院　７月１５日,旁白,4E1CBCDADFF13D664DAF789AFCA0548D199E3C33BB0F1F7672AC310D5A151FEA,text,医生……？\p
5237,game_t05254,０３０：１９９８年_79：野戦病院　７月１５日.egpack,０３０：１９９８年_79：野戦病院　７月１５日,旁白,2299DBBE06F6353D1E315CC9D1E21D0A4E9358516C9E8A349DC8FF4452CD126B,text,嗯——因为这里有护士……\p
5238,game_t05255,０３０：１９９８年_79：野戦病院　７月１５日.egpack,０３０：１９９８年_79：野戦病院　７月１５日,旁白,9F038A90C3F91398A025D2F7E8D23280BB2B6BDBE798F48A3FE93D79AF7337D7,text,奇怪，说起来……“篁”是在叫我吧？\p
5239,game_t05256,０３０：１９９８年_79：野戦病院　７月１５日.egpack,０３０：１９９８年_79：野戦病院　７月１５日,看護師,8A5021559219542AAA055F18E355BDCCC93CCBFF3DEF5F161728B595A71F1687,text,「医生，在这里！」\p
5240,game_t05257,０３０：１９９８年_79：野戦病院　７月１５日.egpack,０３０：１９９８年_79：野戦病院　７月１５日,旁白,6B4336A23CA76913A66AD73FF5AAE161E0207DB4761CCC075BE78A743EB937CE,text,啊，声音从我头顶那边传来。\p
5241,game_t05258,０３０：１９９８年_79：野戦病院　７月１５日.egpack,０３０：１９９８年_79：野戦病院　７月１５日,旁白,89E6BBAA6130F3E75534786EFA74A0219B1DAC47A013F54D76634DB472B706BF,text,脚步声也越来越近了。\p
5242,game_t05259,０３０：１９９８年_79：野戦病院　７月１５日.egpack,０３０：１９９８年_79：野戦病院　７月１５日,医師,273849B938B39E2F126C9237CE0737F6BACB86849A2EC9320140016DE90CDF0D,text,「——你是篁唯依少尉，对吧？」\p
5243,game_t05260,０３０：１９９８年_79：野戦病院　７月１５日.egpack,０３０：１９９８年_79：野戦病院　７月１５日,唯依,3171211C73DA26A2A7C9C190D8775E0DAA99D90C201F5FDBE689D7A1FDC7B754,text,「——好……痛！」\p
5244,game_t05261,０３０：１９９８年_79：野戦病院　７月１５日.egpack,０３０：１９９８年_79：野戦病院　７月１５日,旁白,59AE5C15B3D32AAFDBBE458E3B64CEC8B2B3016E1BE49759001185CECFBC9BA9,text,头好痛……\p
5245,game_t05262,０３０：１９９８年_79：野戦病院　７月１５日.egpack,０３０：１９９８年_79：野戦病院　７月１５日,旁白,67A2E62B2A94F8C6147434D39EFB8B1DE40CCB5D3E6606D049A1979EEEB3A491,text,啊，这次看到了一个男护士，还有一个大叔。\p
5246,game_t05263,０３０：１９９８年_79：野戦病院　７月１５日.egpack,０３０：１９９８年_79：野戦病院　７月１５日,旁白,59C38CE95DD828CFD168A3AB503C377CA0712A500A9CEF371BE66A283C3E6A5C,text,那个大叔大概就是“医生”。\p
5247,game_t05264,０３０：１９９８年_79：野戦病院　７月１５日.egpack,０３０：１９９８年_79：野戦病院　７月１５日,旁白,2CA4F5859858A2E8142DFEF29E671A4C5791C9EBD8A151007772B6329018815B,text,……也就是说，他是大夫。\p
5248,game_t05265,０３０：１９９８年_79：野戦病院　７月１５日.egpack,０３０：１９９８年_79：野戦病院　７月１５日,旁白,CA69F742998723A462604643A8AF5DC70B5E96DA9099411A7E22CFEE45D1740A,text,既然是医生，或许能帮我想办法缓解头痛。\p
5249,game_t05266,０３０：１９９８年_79：野戦病院　７月１５日.egpack,０３０：１９９８年_79：野戦病院　７月１５日,医師,082F82338E3DEA525C46390F5727116A9A7675F260F7170A5E94518EB5EACE28,text,「听得见吗，篁少尉？能明白我说的话吗？」\p
5250,game_t05267,０３０：１９９８年_79：野戦病院　７月１５日.egpack,０３０：１９９８年_79：野戦病院　７月１５日,唯依,79B8BFA9B00527A95B3A082D50FA1C9AC94AA46C50A0B623E431F0B43BAD3EA0,text,「医生……我的头……好痛……」\p
5251,game_t05268,０３０：１９９８年_79：野戦病院　７月１５日.egpack,０３０：１９９８年_79：野戦病院　７月１５日,旁白,56CC30EC298F50C6B69167D3F23B642D2897143AD555B91FD06518E7CFA27D8C,text,总算能够出声了。\p
5252,game_t05269,０３０：１９９８年_79：野戦病院　７月１５日.egpack,０３０：１９９８年_79：野戦病院　７月１５日,旁白,16A03E7FBC745F44FCB28F757458E432689D62E04FCFC9A6A8BFD046EAB7E21E,text,思绪好像也开始一点点连起来了。\p
5253,game_t05270,０３０：１９９８年_79：野戦病院　７月１５日.egpack,０３０：１９９８年_79：野戦病院　７月１５日,旁白,BCAAC0FEB4F9BF5C1627F099DDED6191558C1B9612A2CAE0339ABE74D2E68566,text,接下来，只要能想办法消除这种乏力和头痛——\p
5254,game_t05271,０３０：１９９８年_79：野戦病院　７月１５日.egpack,０３０：１９９８年_79：野戦病院　７月１５日,唯依,D6011925AD390FCEAFB10ED90C17D9F2DF1DA07D2D84FD5543707C4E6D42A9C1,text,「真的……好痛……怎么办……」\p
5255,game_t05272,０３０：１９９８年_79：野戦病院　７月１５日.egpack,０３０：１９９８年_79：野戦病院　７月１５日,旁白,6F2E296A8D456DA67D5E631965F2503233D239AAFDE736F78A751B183EE6D824,text,医生带着温和的笑容握着我的手腕。\p
5256,game_t05273,０３０：１９９８年_79：野戦病院　７月１５日.egpack,０３０：１９９８年_79：野戦病院　７月１５日,旁白,3FEB4063EA8BB8264368784471EE03B0C4C99A9F04CBBB3D764F4A171FD7F9B7,text,……啊，他是在测我的脉搏。\p
5257,game_t05274,０３０：１９９８年_79：野戦病院　７月１５日.egpack,０３０：１９９８年_79：野戦病院　７月１５日,医師,FC238353A860C14DA4C4CAC850BAE990FDBDD89FE4779F32981CB05C7DDF4F8E,text,「没事的。你非常幸运。无论身体还是心灵，都还有充分恢复的余地。」\p
5258,game_t05275,０３０：１９９８年_79：野戦病院　７月１５日.egpack,０３０：１９９８年_79：野戦病院　７月１５日,旁白,B7CC5F276D4AB3F32509346D1AAD423E0F5477AA2BA1083355D5E913FFF4E080,text,这样啊……那应该算是好事吧。\p
5259,game_t05276,０３０：１９９８年_79：野戦病院　７月１５日.egpack,０３０：１９９８年_79：野戦病院　７月１５日,旁白,26E28D4C9830C62CA7A30645AE6F78FBEBEF941AF254DACA8BE44AC524AB166E,text,总之，希望你先想办法治好我的头痛。\p
5260,game_t05277,０３０：１９９８年_79：野戦病院　７月１５日.egpack,０３０：１９９８年_79：野戦病院　７月１５日,看護師,C143DC54183E65959F61187ACE139355AD6C776B4448B3AB8733FB14400A3F73,text,「医生，这些症状……果然是……」\p
5261,game_t05278,０３０：１９９８年_79：野戦病院　７月１５日.egpack,０３０：１９９８年_79：野戦病院　７月１５日,医師,E2564B80EA1BCDF4D412DD680D52152E86DFE666BD3AAA85FAE4567836344C95,text,「记忆障碍、幼儿化退行、思考能力下降……这是典型的催眠后暗示‘恶醉’反应，也是过量给药造成的副作用。斯卫军临床病例太少，几乎每次都会变成这样。」\p
5262,game_t05279,０３０：１９９８年_79：野戦病院　７月１５日.egpack,０３０：１９９８年_79：野戦病院　７月１５日,旁白,315D88165309075C744BC0CBC58E55470760FD8C72F9E2F7D45984AFDD69C19F,text,催眠后……暗示……？\p
5263,game_t05280,０３０：１９９８年_79：野戦病院　７月１５日.egpack,０３０：１９９８年_79：野戦病院　７月１５日,医師,61DF4B9075539ABCCEB3B65CADC08B0F782053C14DACFD2D6E33D84494FB1766,text,「尤其是斯卫军这次采用的处置，强度比帝国军所用的更高。相应地，副作用也更严重、更棘手。」\p
5264,game_t05281,０３０：１９９８年_79：野戦病院　７月１５日.egpack,０３０：１９９８年_79：野戦病院　７月１５日,唯依,5930C19DA64244D838830E2439DDBBFAB2E504F3BFF273BCED353A4376013E10,text,「——！？」\p
5265,game_t05282,０３０：１９９８年_79：野戦病院　７月１５日.egpack,０３０：１９９８年_79：野戦病院　７月１５日,旁白,8E491D3394BDA75C83F862AD5AAF50809AE893B9AC6429D60D96696224860372,text,又来了……头又……奇怪……是什么来着？\p
5266,game_t05283,０３０：１９９８年_79：野戦病院　７月１５日.egpack,０３０：１９９８年_79：野戦病院　７月１５日,唯依,944CC5013887247D856F5488C2F77B1C66DCA9ACB88AAF8BA07465DAF285F332,text,「医生……我……好像快想起什么了……嗯——」\p
5267,game_t05284,０３０：１９９８年_79：野戦病院　７月１５日.egpack,０３０：１９９８年_79：野戦病院　７月１５日,看護師,E679AD3FCF26D316CFD3E7B98D8BEA61F5CDFC34760C11DE0777C1F1861B7359,text,「篁少尉，不用勉强自己。现在还不能——」\p
5268,game_t05285,０３０：１９９８年_79：野戦病院　７月１５日.egpack,０３０：１９９８年_79：野戦病院　７月１５日,唯依,1DE8147EA416C195D457C81FC5B6F14EF3F925CDD29B721EAAC513FC95822809,text,「……是从……什么时候开始的……」\p
5269,game_t05286,０３０：１９９８年_79：野戦病院　７月１５日.egpack,０３０：１９９８年_79：野戦病院　７月１５日,看護師,FBBB17DAD9FA2CF7D742CCFB3061D28A74A7EA94204E93216E4F9D4454333998,text,「……嗯？」\p
5270,game_t05287,０３０：１９９８年_79：野戦病院　７月１５日.egpack,０３０：１９９８年_79：野戦病院　７月１５日,看護師,C5DBB93F679A6016CBBB6DD087BF4CBB8E5B2D4DF536138FAA16BCA5F41CEA65,text,「医生，篁少尉……好像在低声说着什么。」\p
5271,game_t05288,０３０：１９９８年_79：野戦病院　７月１５日.egpack,０３０：１９９８年_79：野戦病院　７月１５日,唯依,CF6E101F5EEC006ADA773989056A3CABAF9B3E47FAA471D058D11040EB9C0D3C,text,「……活着的人……是从什么时候起……不再清点死者的数量了呢……」\p
5272,game_t05289,０３０：１９９８年_79：野戦病院　７月１５日.egpack,０３０：１９９８年_79：野戦病院　７月１５日,旁白,6DC1BEA658A8C63F2B57140D64639537154B89D85DAE4371E53B64DA3F786B80,text,奇怪……头没那么痛了。\p
5273,game_t05290,０３０：１９９８年_79：野戦病院　７月１５日.egpack,０３０：１９９８年_79：野戦病院　７月１５日,旁白,39126FD2AAAC8328F86A9A5538383A46E6B1FA51BA39AC31EAE1D3D01AE51261,text,感觉……好轻松，脑袋也清爽了……\p
5274,game_t05291,０３０：１９９８年_79：野戦病院　７月１５日.egpack,０３０：１９９８年_79：野戦病院　７月１５日,旁白,903381D03F981D9C2C0DB6EBA4F27A887EAF1FFDCE33F64C4A6CEC2D3297205A,text,以前听到这首诗时，队长好像也问过我。\p
5275,game_t05292,０３０：１９９８年_79：野戦病院　７月１５日.egpack,０３０：１９９８年_79：野戦病院　７月１５日,旁白,DA13968DD5B3B720116973A314AD9B40CF8EE192CB3DFEDF92888629BC824E5C,text,问我是不是觉得清醒了。\p
5276,game_t05293,０３０：１９９８年_79：野戦病院　７月１５日.egpack,０３０：１９９８年_79：野戦病院　７月１５日,旁白,B4D72D6A53A7CE73810DCDB5F477F82CD2289802BC27569C3C3CAF7B24BA1F9F,text,为什么偏偏只记得这种事呢？\p
5277,game_t05294,０３０：１９９８年_79：野戦病院　７月１５日.egpack,０３０：１９９８年_79：野戦病院　７月１５日,唯依,97CC4A5D37DA955FDE9A64F49CB530A7C96D75C173AF266E9A45BC08ED5338D0,text,「……这个……世界真的……正在走向……毁灭吗……」\p
5278,game_t05295,０３０：１９９８年_79：野戦病院　７月１５日.egpack,０３０：１９９８年_79：野戦病院　７月１５日,旁白,B08B61D79879E987B098BB25B7CBB56AB09494CA7CFBC0EA379563FBAD9A7431,text,奇怪……嗯——接下来是什么来着？\p
5279,game_t05296,０３０：１９９８年_79：野戦病院　７月１５日.egpack,０３０：１９９８年_79：野戦病院　７月１５日,旁白,F7653BF936D631C514C36848235297852CF7CF0733E714584506677A472CF506,text,总觉得那是非常重要的事……\p
5280,game_t05297,０３０：１９９８年_79：野戦病院　７月１５日.egpack,０３０：１９９８年_79：野戦病院　７月１５日,唯依,6C3B0DC8C7BC44B22406B3BE50CB5321116E6AD5A41F5B87FDC54A48713F2E38,text,「嗯——……奇怪……好奇怪啊……」\p
5281,game_t05298,０３０：１９９８年_79：野戦病院　７月１５日.egpack,０３０：１９９８年_79：野戦病院　７月１５日,医師,F363888CC0DF07172C5AA579C9ACB6CBF05443C4E89A2DE47750A59BD88930B4,text,「怎么了，篁少尉？哪里奇怪？」\p
5282,game_t05299,０３０：１９９８年_79：野戦病院　７月１５日.egpack,０３０：１９９８年_79：野戦病院　７月１５日,唯依,8DC308F454FAFF214DE9F724D63D7B258D808C0115F96BBE8598D71CE111EF46,text,「那个，嗯……我想不起来了……明明应该是很重要……非常重要的事……」\p
5283,game_t05300,０３０：１９９８年_79：野戦病院　７月１５日.egpack,０３０：１９９８年_79：野戦病院　７月１５日,医師,1C507FA22994110F8D5B951EE9ED79904585822052FCB41AE6C83CDE6093AF73,text,「篁少尉，没事的。想不起来也没有关系。」\p
5284,game_t05301,０３０：１９９８年_79：野戦病院　７月１５日.egpack,０３０：１９９８年_79：野戦病院　７月１５日,唯依,15D6D4F5E9591D8E747CE89294DE429424683FF4B815C69BE22B01E6CF71028D,text,「可是……可是……呜……呜呜……」\p
5285,game_t05302,０３０：１９９８年_79：野戦病院　７月１５日.egpack,０３０：１９９８年_79：野戦病院　７月１５日,医師,4DFC0DA38D611571925817B6C8C2C0205CCC82E65ECCEB9D8C9F61C0D7928BF1,text,「不用哭，没事的。想不起来也不要紧。」\p
5286,game_t05303,０３０：１９９８年_79：野戦病院　７月１５日.egpack,０３０：１９９８年_79：野戦病院　７月１５日,看護師,56D93EBCAAA3AB2780EABF27E078E32BC5F801FB99CF61ECBB749B12AD125A9C,text,「——医生，她应该有记忆障碍才对。刚才那究竟是……？」\p
5287,game_t05304,０３０：１９９８年_79：野戦病院　７月１５日.egpack,０３０：１９９８年_79：野戦病院　７月１５日,医師,B16EEB7384548631B35004C0BAD473312760A47A273BEFE0056D423023918A06,text,「嗯……那首诗是斯卫军为此次作战采用的催眠后暗示触发口令。据说是冷战时期某位记者或新闻摄影师留下的话。」\p
5288,game_t05305,０３０：１９９８年_79：野戦病院　７月１５日.egpack,０３０：１９９８年_79：野戦病院　７月１５日,旁白,0DBF4DFBE279AD76933478E7ABE0BD1E638B656547FB55B572CCF20793556EE8,text,催眠后暗示的……触发口令……是什么？\p
5289,game_t05306,０３０：１９９８年_79：野戦病院　７月１５日.egpack,０３０：１９９８年_79：野戦病院　７月１５日,医師,98F152429A4F7D6D2F1338146C86786E8F2EFEE9E3AE752352D0DFF6D5509F21,text,「催眠后暗示的效果，会在很大程度上受到受试者精神层面的基础因素、动机和强迫观念影响。当然，‘恶醉’反应也是一样。我曾在大陆前线任职，帝国军刚引进时，情况同样十分糟糕。」\p
5290,game_t05307,０３０：１９９８年_79：野戦病院　７月１５日.egpack,０３０：１９９８年_79：野戦病院　７月１５日,看護師,3D70043D70C8E7F6FB65D8DFF397F41406BCC58EFB5D7A6723611AE7523B889E,text,「精神基础因素和动机……吗？」\p
5291,game_t05308,０３０：１９９８年_79：野戦病院　７月１５日.egpack,０３０：１９９８年_79：野戦病院　７月１５日,医師,9FA80AD87839831D1AB1F093C3B49A58090D1164B4C3EDC657B38D19B08FEEF5,text,「没错。这些因素以及与战术药物的组合都极其重要。比如，若将为志愿兵调整的处置用于征召兵，几乎百分之百会引发‘恶醉’。」\p
5292,game_t05309,０３０：１９９８年_79：野戦病院　７月１５日.egpack,０３０：１９９８年_79：野戦病院　７月１５日,医師,347D4C8DC404170BA43F7D6E25792D2C53D29623601EE81CC371FBC18395682F,text,「若动机与强迫观念的组合方式出了差错，受试者便会丧失判断力；攻击冲动、逃避冲动等因人而异的情绪会急剧膨胀，必然陷入精神错乱。」\p
5293,game_t05310,０３０：１９９８年_79：野戦病院　７月１５日.egpack,０３０：１９９８年_79：野戦病院　７月１５日,旁白,13F98D48F5F8F6BBE9E665B18818C8244EDCD837671B637DFE061CF73DEF445B,text,虽然听不懂他在说什么……可为什么要一边看着我，一边说这么难懂的话？\p
5294,game_t05311,０３０：１９９８年_79：野戦病院　７月１５日.egpack,０３０：１９９８年_79：野戦病院　７月１５日,医師,0AD60D7339A2B901CF2351D490FC4DB455DA2B1AA76894BB161293B367223D1E,text,「这些斯卫子弟虽被灌输得几乎把志愿从军当成执念，但实际上，其基础精神结构与征召兵并无不同。」\p
5295,game_t05312,０３０：１９９８年_79：野戦病院　７月１５日.egpack,０３０：１９９８年_79：野戦病院　７月１５日,医師,644B7723B4CB43035DCD122E7C086E7FBC1AB66B41DEE35BF2A44325B94B2136,text,「可他们采用的暗示和战术药物，却都是为志愿兵准备的高强度版本。会变成这样也是当然……不，想必他们从一开始就很清楚。也就是说，这些孩子是为了积累临床数据而准备的实验样本。」\p
5296,game_t05313,０３０：１９９８年_79：野戦病院　７月１５日.egpack,０３０：１９９８年_79：野戦病院　７月１５日,看護師,B29980E6A24296236C07FBBE2EB762D0BC23A1AB63BFF6D7D76B1907BFBEC798,text,「若真是这样……这名患者真的还有希望恢复吗……？」\p
5297,game_t05314,０３０：１９９８年_79：野戦病院　７月１５日.egpack,０３０：１９９８年_79：野戦病院　７月１５日,旁白,DB43670B1A641831A831BECC267F78F1A6BF127A0D88B3387AAFFE1E7AD40B80,text,……他们果然是在说我的坏话吗？\p
5298,game_t05315,０３０：１９９８年_79：野戦病院　７月１５日.egpack,０３０：１９９８年_79：野戦病院　７月１５日,旁白,DA1C13FE3B79FBA408C6AB238256B26EE1768F86A989C34681D3D1F001F09F3B,text,护士为什么露出那么难过的表情？\p
5299,game_t05316,０３０：１９９８年_79：野戦病院　７月１５日.egpack,０３０：１９９８年_79：野戦病院　７月１５日,医師,D5E5E785B1D828264877699836163D95B50197883D69EECE0F11B5858D66F951,text,「很难说。不过，希望还是有的。她毕竟就这样活了下来。或许她的精神结构碰巧与志愿兵存在相似之处。」\p
5300,game_t05317,０３０：１９９８年_79：野戦病院　７月１５日.egpack,０３０：１９９８年_79：野戦病院　７月１５日,看護師,8546E35DE21ED1EFF94C539D809361BF2EF572277F5D6008FF4CCA256B3919F3,text,「但愿如此……否则，她实在太可怜了。」\p
5301,game_t05318,０３０：１９９８年_79：野戦病院　７月１５日.egpack,０３０：１９９８年_79：野戦病院　７月１５日,旁白,282F539FBF7213C281E702B69EA50801909A7C5DDEDF20A54B2EBE720214F4D8,text,啊……？好像听见了什么……\p
5302,game_t05319,０３０：１９９８年_79：野戦病院　７月１５日.egpack,０３０：１９９８年_79：野戦病院　７月１５日,旁白,BA9248E6CD35D13B599786FA33DB76D1B5E84424D4250062A01DB518B47920DB,text,那是……\p
5303,game_t05320,０３０：１９９８年_79：野戦病院　７月１５日.egpack,０３０：１９９８年_79：野戦病院　７月１５日,看護師,E56045DA0C50A06CF3677BCDD733D9047950BC4965B3F6525C16BE8A59C77207,text,「嗯？怎么了，篁少尉？」\p
5304,game_t05321,０３０：１９９８年_79：野戦病院　７月１５日.egpack,０３０：１９９８年_79：野戦病院　７月１５日,唯依,A4DF9B8299C9FEE3DF922AD2CA2ADF6C7F4C6DAD34524DD45F538B051D28D196,text,「那个……我好像……听见婴儿在哭……」\p
5305,game_t05322,０３０：１９９８年_79：野戦病院　７月１５日.egpack,０３０：１９９８年_79：野戦病院　７月１５日,看護師,499841923ABA67D5A7E1335E12AD128D97C23DB407FA68A7859F10D5A72DBD56,text,「啊，那个孩子啊。昨晚才刚刚出生。」\p
5306,game_t05323,０３０：１９９８年_79：野戦病院　７月１５日.egpack,０３０：１９９８年_79：野戦病院　７月１５日,旁白,9B51969B33D5B0430AE9C548EAB183793B717E179ECCAC638F4F6BC82AB3EC97,text,诶……？\p
5307,game_t05324,０３０：１９９８年_79：野戦病院　７月１５日.egpack,０３０：１９９８年_79：野戦病院　７月１５日,旁白,3FFD2F2D699FB9FC53E228A6FCFA8E6239122E9CCCC43FE59C2D3349A82937CD,text,昨晚……？\p
5308,game_t05325,０３０：１９９８年_79：野戦病院　７月１５日.egpack,０３０：１９９８年_79：野戦病院　７月１５日,看護師,E4E6AA1BD2D83A68CF64966C1D449E05C245D1276574CACB141C666666942578,text,「正因为少尉你们拼尽了全力，那个孩子才能来到这个世界。」\p
5309,game_t05326,０３０：１９９８年_79：野戦病院　７月１５日.egpack,０３０：１９９８年_79：野戦病院　７月１５日,唯依,A439E2A4E58CF42C3ACD00846A4D382A125B676DA4287FABCB7D298685BB9E09,text,「……婴儿……哭得那么大声……」\p
5310,game_t05327,０３０：１９９８年_79：野戦病院　７月１５日.egpack,０３０：１９９８年_79：野戦病院　７月１５日,看護師,E47E0484DCC2DA2B08DF7133FA38B72658A4BBD2E86E0812889C51BF000802FE,text,「医生，对那个孩子而言，降生在这样的地狱里……真的会幸福吗……？」\p
5311,game_t05328,０３０：１９９８年_79：野戦病院　７月１５日.egpack,０３０：１９９８年_79：野戦病院　７月１５日,医師,731A35BC6EA1AF4E607441DB61CAEC0CB2F3256B20AA2A21963912C1068E1CA4,text,「最终要由那个孩子自己决定。但——为那个孩子保留能够感到幸福的可能性，毫无疑问是我们的责任。」\p
5312,game_t05329,０３０：１９９８年_79：野戦病院　７月１５日.egpack,０３０：１９９８年_79：野戦病院　７月１５日,旁白,E92D5933B243FA8AFCF3D1DF8A9051E65B3B2ACAC36E75FBA40465BB8D52AA6B,text,婴儿……为什么能那样放声大哭呢……\p
5313,game_t05330,０３０：１９９８年_79：野戦病院　７月１５日.egpack,０３０：１９９８年_79：野戦病院　７月１５日,旁白,C8EC0D4854C573F695261C4E9C7EAA9C45D344E357DDE4CB75AD0C52800747EC,text,什么都不用顾虑……想哭多久就哭多久……好羡慕……\p
5314,game_t05331,０３０：１９９８年_79：野戦病院　７月１５日.egpack,０３０：１９９８年_79：野戦病院　７月１５日,旁白,5439033885E5F07790CB6AD60C89DDF4DE8CBEAE2584C2FE2159ED13EEA2B626,text,为什么……我已经做不到那样了……\p
5315,game_t05332,０３０：１９９８年_79：野戦病院　７月１５日.egpack,０３０：１９９８年_79：野戦病院　７月１５日,旁白,A2CE0AEC01CEF3EA44C4464F11FB906518046BEEB24735336A855D7256D6823F,text,明明我小时候……也应该是这样……\p
5316,game_t05333,０３０：１９９８年_79：野戦病院　７月１５日.egpack,０３０：１９９８年_79：野戦病院　７月１５日,唯依,8147E828B18ED59FFD129B3DA0BC879BBC0057B6632E12712D3BF97E938259F2,text,「医生……」\p
5317,game_t05334,０３０：１９９８年_79：野戦病院　７月１５日.egpack,０３０：１９９８年_79：野戦病院　７月１５日,医師,08CDA187D28C16CA87EBA54D481B93AB57EE9D6742C1155FA5A6A7C0D25B3BC5,text,「嗯，怎么了，篁少尉？」\p
5318,game_t05335,０３０：１９９８年_79：野戦病院　７月１５日.egpack,０３０：１９９８年_79：野戦病院　７月１５日,唯依,1F2327654D43666B09FA5F818E694E81C642D90BCB3DCFE09B59F5EEFB9B4E72,text,「我究竟是在什么时候……变成现在这样的……」\p
5319,game_t05336,０３０：１９９８年_79：野戦病院　７月１５日.egpack,０３０：１９９８年_79：野戦病院　７月１５日,医師,24DC24954E56AD1319433A1A8144AEC538A071A68E54D91F557BE93BDA991BD7,text,「唔……」\p
5320,game_t05337,０３０：１９９８年_79：野戦病院　７月１５日.egpack,０３０：１９９８年_79：野戦病院　７月１５日,唯依,C0AD054F32DC9245B1D2ECB69F4EBB92B758E0AE3630A8A4A11AE562351E9672,text,「要怎么做……才能重新变得像婴儿一样呢……」\p
5321,game_t05338,０３０：１９９８年_79：野戦病院　７月１５日.egpack,０３０：１９９８年_79：野戦病院　７月１５日,看護師,0EFEACE2C8F6BEF0532512DDFA33DC589DEB1DC1FC42DB4922759A93BC58C130,text,「医生……这是……」\p
5322,game_t05339,０３０：１９９８年_79：野戦病院　７月１５日.egpack,０３０：１９９８年_79：野戦病院　７月１５日,唯依,802727EEDAFEF5E5BB87BC151D49365B0F8E5C894F6C3B55FAC9D1B4C7FCA69A,text,「我……呜……究竟是从什么时候开始……呜……呜呜……」\p
5323,game_t05340,０３０：１９９８年_79：野戦病院　７月１５日.egpack,０３０：１９９８年_79：野戦病院　７月１５日,医師,991A00EBDA821A066BF020168BB26E851A2056F485D60B739D63E2E42EFB2130,text,「——篁少尉——听得到吗？现在先好好休息吧。已经不用再哭了，好吗？」\p
5324,game_t05341,０３０：１９９８年_79：野戦病院　７月１５日.egpack,０３０：１９９８年_79：野戦病院　７月１５日,唯依,220D2DE9E6422EF44FC7A6669D759980BC8B9F8595C3090012C3A29C0C86FEF4,text,「诶……」\p
5325,game_t05342,０３０：１９９８年_79：野戦病院　７月１５日.egpack,０３０：１９９８年_79：野戦病院　７月１５日,医師,221B6C3E8DD0336C93D6126744342C28D600B628B63B744093A2D4E791B97C0A,text,「明天就能把你转送到名古屋的医院。到那里接受详细检查，先把身体治好吧。」\p
5326,game_t05343,０３０：１９９８年_79：野戦病院　７月１５日.egpack,０３０：１９９８年_79：野戦病院　７月１５日,唯依,6278102A955EA0053A7BF16AE37FB55517F978C80CCF46DE77FA9E3E1E6BCEB4,text,「……啊……好……」\p
5327,game_t05344,０３０：１９９８年_79：野戦病院　７月１５日.egpack,０３０：１９９８年_79：野戦病院　７月１５日,看護師,E17A4407DF0482FDE4EB032FDF1FCA2240C56D2A46D9EC03E110B03F276B125A,text,「那么，要给你打针了。」\p
5328,game_t05345,０３０：１９９８年_79：野戦病院　７月１５日.egpack,０３０：１９９８年_79：野戦病院　７月１５日,旁白,EF013CAFF8D642E1109877113F62DE8D74069FB3D3E92C6292B40BE0CAFF148C,text,要……打针啊……\p
5329,game_t05346,０３０：１９９８年_79：野戦病院　７月１５日.egpack,０３０：１９９８年_79：野戦病院　７月１５日,旁白,9B12CEE55064BF4AF6DF2F02966BEA09B82151C91F71E985AFCD374491BCA23D,text,不知道为什么……这种用针头打的针，反而让人安心。\p
5330,game_t05347,０３０：１９９８年_79：野戦病院　７月１５日.egpack,０３０：１９９８年_79：野戦病院　７月１５日,旁白,EB31D77B9B33A548A44500EDA666ED39C04582A9B7B9DFD65A702F3F893D850E,text,我再也不想打压力注射了……\p
5331,game_t05348,０３０：１９９８年_79：野戦病院　７月１５日.egpack,０３０：１９９８年_79：野戦病院　７月１５日,旁白,9FEBE9306717E0211C2D7B039D19BDF78DF30776B25AF270DD5BA4496DBE3EB9,text,啊，之前为什么要打压力注射来着……？\p
5332,game_t05349,０３０：１９９８年_79：野戦病院　７月１５日.egpack,０３０：１９９８年_79：野戦病院　７月１５日,医師,FDB734A61FC20B9C9EC9BB87CCD2949C799CF88D672F456CFBAD40600781F781,text,「这是镇静剂，很快就会困了。不用硬撑，放心睡吧。」\p
5333,game_t05350,０３０：１９９８年_79：野戦病院　７月１５日.egpack,０３０：１９９８年_79：野戦病院　７月１５日,唯依,7A624B20AE39C8C4C63D0E59F9483296C9475A13F9D5E56B21A42F2F040915CC,text,「好……」\p
5334,game_t05351,０３０：１９９８年_79：野戦病院　７月１５日.egpack,０３０：１９９８年_79：野戦病院　７月１５日,旁白,C3C6868FEEF259A3FBB6BAB36236931930EB7B6D021CBAE21C731B4CE58F2752,text,啊……突然……变得好困……\p
5335,game_t05352,０３０：１９９８年_79：野戦病院　７月１５日.egpack,０３０：１９９８年_79：野戦病院　７月１５日,唯依,3096DBBFD1681DF445E4157EC5A4C3DDB3AEAC976D379F18A14D55ACA8436099,text,「呜…………」\p
5336,game_t05353,０３０：１９９８年_79：野戦病院　７月１５日.egpack,０３０：１９９８年_79：野戦病院　７月１５日,旁白,7A27BB4BAE31C1C2C96413D44A6F27B544BD0FC2A62B420F7365DEFB7E0481F8,text,已经……什么都无所谓了……\p
5337,game_t05354,０４０：エピローグ_80：１９９８年９月２４日　東京　斯衛司令部.egpack,０４０：エピローグ_80：１９９８年９月２４日　東京　斯衛司令部,唯依,5930C19DA64244D838830E2439DDBBFAB2E504F3BFF273BCED353A4376013E10,text,「——！？」\p
5338,game_t05355,０４０：エピローグ_80：１９９８年９月２４日　東京　斯衛司令部.egpack,０４０：エピローグ_80：１９９８年９月２４日　東京　斯衛司令部,唯依,FC1BB2D07B8CA4CB833A8FC775711F88FDC75DF9188537E5BF556C9021D9D39C,text,「…\w…\w…\w…\w」\p
5339,game_t05356,０４０：エピローグ_80：１９９８年９月２４日　東京　斯衛司令部.egpack,０４０：エピローグ_80：１９９８年９月２４日　東京　斯衛司令部,唯依,039B2DD82FC80A44991D67BD968E5C943F04891DFB54731B682B33F4556A5F40,text,「又梦到……那时的事了吗……」\p
5340,game_t05357,０４０：エピローグ_80：１９９８年９月２４日　東京　斯衛司令部.egpack,０４０：エピローグ_80：１９９８年９月２４日　東京　斯衛司令部,旁白,6BA2B721935B2529CA2D0DEDF0318E2762AD8F568992AE99D3C1694BDEC5B37F,text,……真没出息。无论梦的内容，还是自己竟会因此动摇……\p
5341,game_t05358,０４０：エピローグ_80：１９９８年９月２４日　東京　斯衛司令部.egpack,０４０：エピローグ_80：１９９８年９月２４日　東京　斯衛司令部,旁白,EC67DADD3D03B0EC242D656EE96FD5480C3FA2CE96EC2206B59BC007AD2A90A6,text,更没出息的是，我竟然在上司崇宰上尉的办公室里睡着了。\p
5342,game_t05359,０４０：エピローグ_80：１９９８年９月２４日　東京　斯衛司令部.egpack,０４０：エピローグ_80：１９９８年９月２４日　東京　斯衛司令部,旁白,12D3D007DAFD61A198C5F2AEA0813CDB84998484BAC4D7F7C7DB474B440B63AC,text,我记得，中队战后总结会结束后，我被叫到办公室——\p
5343,game_t05360,０４０：エピローグ_80：１９９８年９月２４日　東京　斯衛司令部.egpack,０４０：エピローグ_80：１９９８年９月２４日　東京　斯衛司令部,旁白,CE90612DC40933F0DDAF22F0CF62D58242F80475DAF2317851A1D3CA278F14EA,text,对了……我听着恭子大人讲起她与母亲、父亲见面的事，后来就……\p
5344,game_t05361,０４０：エピローグ_80：１９９８年９月２４日　東京　斯衛司令部.egpack,０４０：エピローグ_80：１９９８年９月２４日　東京　斯衛司令部,唯依,2D4AA8CD4498C7121F65BD8FD256EA849482B4E2F61B7FD9C9297BBDB8B896C9,text,「啊……糟透了。」\p
5345,game_t05362,０４０：エピローグ_80：１９９８年９月２４日　東京　斯衛司令部.egpack,０４０：エピローグ_80：１９９８年９月２４日　東京　斯衛司令部,旁白,FB9510A0E0966709FDAA41696681898515440B446623680593727053BCC48D3A,text,明明无论公私都承蒙她照顾，从京都防卫战起更是一直受到她关照……\p
5346,game_t05363,０４０：エピローグ_80：１９９８年９月２４日　東京　斯衛司令部.egpack,０４０：エピローグ_80：１９９８年９月２４日　東京　斯衛司令部,旁白,FC9DC3B22CC3DFE61F56FD18CD4292AF71FF91B96D5583D0B9ED4A1A46C8D20C,text,虽然我不愿认为自己是仗着血缘关系撒娇……\p
5347,game_t05364,０４０：エピローグ_80：１９９８年９月２４日　東京　斯衛司令部.egpack,０４０：エピローグ_80：１９９８年９月２４日　東京　斯衛司令部,旁白,CDAD897E260D637A3DCC0639E5E477ECF6B24C9115B998AEE722641C7AC5F4E3,text,不，现在不是纠结这种事的时候。\p
5348,game_t05365,０４０：エピローグ_80：１９９８年９月２４日　東京　斯衛司令部.egpack,０４０：エピローグ_80：１９９８年９月２４日　東京　斯衛司令部,旁白,4F59D63D41CE405263BAC8C6CF617736E8D5D0DBBC4C7E118F591DC9CB0ADA92,text,与自己偏偏独自活了下来相比，这根本算不了什么。\p
5349,game_t05366,０４０：エピローグ_80：１９９８年９月２４日　東京　斯衛司令部.egpack,０４０：エピローグ_80：１９９８年９月２４日　東京　斯衛司令部,旁白,8EA8C1ADA70E3B444237A0925098227E79DA541DCABB5A9638FBE7AC4D4831C0,text,任官以来第一次在后方休假——我反倒应该感谢上尉体谅我，让我继续睡下去，并庆幸自己得以恢复精力……\p
5350,game_t05367,０４０：エピローグ_80：１９９８年９月２４日　東京　斯衛司令部.egpack,０４０：エピローグ_80：１９９８年９月２４日　東京　斯衛司令部,唯依,FC1BB2D07B8CA4CB833A8FC775711F88FDC75DF9188537E5BF556C9021D9D39C,text,「…\w…\w…\w…\w」\p
5351,game_t05368,０４０：エピローグ_80：１９９８年９月２４日　東京　斯衛司令部.egpack,０４０：エピローグ_80：１９９８年９月２４日　東京　斯衛司令部,旁白,59C48F8242098C042B426A12F56CF8A7D36382617D51E42FF971D766D3D6EBE7,text,如果是她……也会这样想吗……\p
5352,game_t05369,０４０：エピローグ_80：１９９８年９月２４日　東京　斯衛司令部.egpack,０４０：エピローグ_80：１９９８年９月２４日　東京　斯衛司令部,唯依,A76E8FFE8FF19B295BDD9B31A7E07E76524CE404B4D41294D20FE8C95B12A78C,text,「……唉。」\p
5353,game_t05370,０４０：エピローグ_80：１９９８年９月２４日　東京　斯衛司令部.egpack,０４０：エピローグ_80：１９９８年９月２４日　東京　斯衛司令部,旁白,CA18C9E9D24D506AE876DFC9F57CD994D9BAEEDA95F07050F2606A41F36E1CBC,text,口渴了……\p
5354,game_t05371,０４０：エピローグ_80：１９９８年９月２４日　東京　斯衛司令部.egpack,０４０：エピローグ_80：１９９８年９月２４日　東京　斯衛司令部,唯依,FC1BB2D07B8CA4CB833A8FC775711F88FDC75DF9188537E5BF556C9021D9D39C,text,「…\w…\w…\w…\w」\p
5355,game_t05372,０４０：エピローグ_80：１９９８年９月２４日　東京　斯衛司令部.egpack,０４０：エピローグ_80：１９９８年９月２４日　東京　斯衛司令部,旁白,E738164534A2ACED56177673921A296BBCC346F8F51AA5F21298E04035D13FCB,text,深陷的双眼……消瘦的脸颊……还有略微长长的凌乱头发……\p
5356,game_t05373,０４０：エピローグ_80：１９９８年９月２４日　東京　斯衛司令部.egpack,０４０：エピローグ_80：１９９８年９月２４日　東京　斯衛司令部,旁白,6FEA43C5227AA9029BBB3EF4D9CEBE5355177A948D05E306D4D8C715B3910AD1,text,简直……像个幽灵……\p
5357,game_t05374,０４０：エピローグ_80：１９９８年９月２４日　東京　斯衛司令部.egpack,０４０：エピローグ_80：１９９８年９月２４日　東京　斯衛司令部,唯依,FC1BB2D07B8CA4CB833A8FC775711F88FDC75DF9188537E5BF556C9021D9D39C,text,「…\w…\w…\w…\w」\p
5358,game_t05375,０４０：エピローグ_80：１９９８年９月２４日　東京　斯衛司令部.egpack,０４０：エピローグ_80：１９９８年９月２４日　東京　斯衛司令部,旁白,23735F91D488961048BABFB5A27E010F1AEBA17825839D8564948488640160A1,text,从那以后，已经两个月了……不，应该说……才两个月吗？\p
5359,game_t05376,０４０：エピローグ_80：１９９８年９月２４日　東京　斯衛司令部.egpack,０４０：エピローグ_80：１９９８年９月２４日　東京　斯衛司令部,旁白,58B0E5A0CE949688CA2EA6C118E0AEF60E9779B175DDCCCE63B5C204432F2B23,text,京都遭到BETA蹂躏的那一天——\p
5360,game_t05377,０４０：エピローグ_80：１９９８年９月２４日　東京　斯衛司令部.egpack,０４０：エピローグ_80：１９９８年９月２４日　東京　斯衛司令部,旁白,59B3AFF0479A904F811BDA97682582B4036157E581CFF92FE71E7FD513876703,text,我成为卫士的那个夜晚——\p
5361,game_t05378,０４０：エピローグ_80：１９９８年９月２４日　東京　斯衛司令部.egpack,０４０：エピローグ_80：１９９８年９月２４日　東京　斯衛司令部,旁白,804F388071D773CE7BB912051C7DA604BBF880CA599EC8FCF80084E3008BC8DF,text,以及……屈辱的清晨……\p
5362,game_t05379,０４０：エピローグ_80：１９９８年９月２４日　東京　斯衛司令部.egpack,０４０：エピローグ_80：１９９８年９月２４日　東京　斯衛司令部,旁白,18BB0E7389EDD727062B495293FB1665ABC3E1453EBAC720A677BB433E23C629,text,那之后，这场被称为京都防卫战的惨烈战斗持续了约一个月……\p
5363,game_t05380,０４０：エピローグ_80：１９９８年９月２４日　東京　斯衛司令部.egpack,０４０：エピローグ_80：１９９８年９月２４日　東京　斯衛司令部,旁白,F7AC56818117C0DF5E014723456DCFE223A870BCDA4D4F55337935291442C4C5,text,我被编入崇宰上尉指挥的九头蛇中队，从放弃京都一直到大井川防卫战，与帝国军和本土防卫军共同担任殿后部队，执行迟滞作战。\p
5364,game_t05381,０４０：エピローグ_80：１９９８年９月２４日　東京　斯衛司令部.egpack,０４０：エピローグ_80：１９９８年９月２４日　東京　斯衛司令部,旁白,845B715244F09C4D551B7867AFD91192B2BACC7341739882D51A48E1329CB4EB,text,如今，BETA先头部队已经逼近富士川防线，甚至开始威胁这座第二帝都东京。\p
5365,game_t05382,０４０：エピローグ_80：１９９８年９月２４日　東京　斯衛司令部.egpack,０４０：エピローグ_80：１９９８年９月２４日　東京　斯衛司令部,旁白,F6AA6FA39267D5B72475A904D520FD969411C1B4C4A388CB77F7FAD5CBE30ADA,text,无论现在的我多么不成熟，都没有时间迷惘或后悔。我连一瞬都耽误不起。\p
5366,game_t05383,０４０：エピローグ_80：１９９８年９月２４日　東京　斯衛司令部.egpack,０４０：エピローグ_80：１９９８年９月２４日　東京　斯衛司令部,唯依,FC1BB2D07B8CA4CB833A8FC775711F88FDC75DF9188537E5BF556C9021D9D39C,text,「…\w…\w…\w…\w」\p
5367,game_t05384,０４０：エピローグ_80：１９９８年９月２４日　東京　斯衛司令部.egpack,０４０：エピローグ_80：１９９８年９月２４日　東京　斯衛司令部,唯依,BB9B31C71BB45E9F00DAD91393C94272FFD75B0E1F16D145E351BD7A7F043B06,text,「如月中尉……」\p
5368,game_t05385,０４０：エピローグ_80：１９９８年９月２４日　東京　斯衛司令部.egpack,０４０：エピローグ_80：１９９８年９月２４日　東京　斯衛司令部,唯依,933E802CF94A6E057AB0491CDE64EB0DE8E64741B0E12A6D618AD16E60D65656,text,「相处时间虽短，但能在您的指挥下经历初战，我由衷感激。」\p
5369,game_t05386,０４０：エピローグ_80：１９９８年９月２４日　東京　斯衛司令部.egpack,０４０：エピローグ_80：１９９８年９月２４日　東京　斯衛司令部,唯依,32BFF27CE86B43E427EA9CCD5DEDCD21ADBECCCB86592ADEB4B9DFA03A9ED61F,text,「直到分别数周后，我才得知中尉一直背负着怎样的重担。」\p
5370,game_t05387,０４０：エピローグ_80：１９９８年９月２４日　東京　斯衛司令部.egpack,０４０：エピローグ_80：１９９８年９月２４日　東京　斯衛司令部,唯依,3E6E8D6028CC042CB1E22D6479A4A113969D13576245F5AFA8BA40777B0385F7,text,「武家的矜持，以及斯卫军指挥官应有的姿态——您以身作则教给我的这一课，我绝不会忘记。」\p
5371,game_t05388,０４０：エピローグ_80：１９９８年９月２４日　東京　斯衛司令部.egpack,０４０：エピローグ_80：１９９８年９月２４日　東京　斯衛司令部,唯依,98AA3509D7E726EC91CB54C0CC637515F02AFFFBDF789CFE5F15123109B42888,text,「……谢谢您。」\p
5372,game_t05389,０４０：エピローグ_80：１９９８年９月２４日　東京　斯衛司令部.egpack,０４０：エピローグ_80：１９９８年９月２４日　東京　斯衛司令部,唯依,D0850B7AB4512C6A0FD4ADBC67472B87AFFDEDFD05B59DE987391C1E275F1E55,text,「真田上尉……」\p
5373,game_t05390,０４０：エピローグ_80：１９９８年９月２４日　東京　斯衛司令部.egpack,０４０：エピローグ_80：１９９８年９月２４日　東京　斯衛司令部,唯依,E4B3DEEBAF1F2F873040C9BC95E7AEADB5C6A589A60AF660AAA85C1A38688503,text,「齐藤中尉……」\p
5374,game_t05391,０４０：エピローグ_80：１９９８年９月２４日　東京　斯衛司令部.egpack,０４０：エピローグ_80：１９９８年９月２４日　東京　斯衛司令部,唯依,7A5D33B8CE7B380568EF3B9F26C6E1DBDD8DD67E33D0FF16A1AE3EE3388CF945,text,「听说几天后，面对向东推进的第三波BETA群，上尉的部队为守护皇宫而全军覆没。」\p
5375,game_t05392,０４０：エピローグ_80：１９９８年９月２４日　東京　斯衛司令部.egpack,０４０：エピローグ_80：１９９８年９月２４日　東京　斯衛司令部,唯依,018625F53D2E4E3899D33CB0FE80161905C3133BE1E2BB9C627FD885476B71BF,text,「多亏了你们，我才成为卫士；在初阵中，也承蒙你们救我一命。」\p
5376,game_t05393,０４０：エピローグ_80：１９９８年９月２４日　東京　斯衛司令部.egpack,０４０：エピローグ_80：１９９８年９月２４日　東京　斯衛司令部,唯依,E0E63747294E27A3603632C259FCBE4B8CE1F3C6804F4B50EEEB3E9CB6968A35,text,「能够接受你们这些精锐卫士的锻炼，哪怕只有一瞬也曾与你们并肩作战，我都会视为一生的荣耀。」\p
5377,game_t05394,０４０：エピローグ_80：１９９８年９月２４日　東京　斯衛司令部.egpack,０４０：エピローグ_80：１９９８年９月２４日　東京　斯衛司令部,唯依,4C588707C41B9D1113E2C8471A62BE7E9AD7C3306C423BDEA13E5910DD5B5906,text,「而在上尉和一型丙的共同培育下诞生的试制98式……又一次救了我的性命。」\p
5378,game_t05395,０４０：エピローグ_80：１９９８年９月２４日　東京　斯衛司令部.egpack,０４０：エピローグ_80：１９９８年９月２４日　東京　斯衛司令部,唯依,504FB917DF960DDE55AFF35369F25414A91364A9EA61DDA3DB2BF78494CB76F9,text,「你们赐予我的恩情……总有一天，我一定会……」\p
5379,game_t05396,０４０：エピローグ_80：１９９８年９月２４日　東京　斯衛司令部.egpack,０４０：エピローグ_80：１９９８年９月２４日　東京　斯衛司令部,唯依,E953298FBBF3A9B1A6677F984D92B2FF789FAF0668807D3300D764F00810B658,text,「终有一日——我一定会亲手把一型丙打造成最强的战术机。」\p
5380,game_t05397,０４０：エピローグ_80：１９９８年９月２４日　東京　斯衛司令部.egpack,０４０：エピローグ_80：１９９８年９月２４日　東京　斯衛司令部,唯依,81B09AA6DC9CE6C4010C6F9B2297DB8456BC3F6664AFB8AB5F67AD60C2092CCC,text,「一定……！」\p
5381,game_t05398,０４０：エピローグ_80：１９９８年９月２４日　東京　斯衛司令部.egpack,０４０：エピローグ_80：１９９８年９月２４日　東京　斯衛司令部,唯依,B8A9974C0A02A2B3E30920F8554A96107069D1D26886C92C3F41AFC118614823,text,「和泉……」\p
5382,game_t05399,０４０：エピローグ_80：１９９８年９月２４日　東京　斯衛司令部.egpack,０４０：エピローグ_80：１９９８年９月２４日　東京　斯衛司令部,唯依,E36DF75474E4DEB0906D76B7BBA2AAD209D4E7B7A3C23DC318BDB9F15B22A7C7,text,「安艺……」\p
5383,game_t05400,０４０：エピローグ_80：１９９８年９月２４日　東京　斯衛司令部.egpack,０４０：エピローグ_80：１９９８年９月２４日　東京　斯衛司令部,唯依,A592D2DD630889BA09BBD9684B9B433DE8610BC74BB119412A53CEE7D0094347,text,「志摩子……」\p
5384,game_t05401,０４０：エピローグ_80：１９９８年９月２４日　東京　斯衛司令部.egpack,０４０：エピローグ_80：１９９８年９月２４日　東京　斯衛司令部,唯依,EFB7F81A71A5D8114F1B4D273DEB06D56874B468B94BBEAF1BDC7F2D854C8F68,text,「大家，对不起……」\p
5385,game_t05402,０４０：エピローグ_80：１９９８年９月２４日　東京　斯衛司令部.egpack,０４０：エピローグ_80：１９９８年９月２４日　東京　斯衛司令部,唯依,CF127911790CFE663BF1B98EC9EB70E74DD77AEC82E1C35D2FB5F167487E8E57,text,「我……现在还是什么都不明白……」\p
5386,game_t05403,０４０：エピローグ_80：１９９８年９月２４日　東京　斯衛司令部.egpack,０４０：エピローグ_80：１９９８年９月２４日　東京　斯衛司令部,唯依,53B33969EAE0404F08798C04A2AF948CB1505E8A5F9FD809E4E853D1CEFDD244,text,「不知道什么才是正确的……也不知道自己应该做什么……」\p
5387,game_t05404,０４０：エピローグ_80：１９９８年９月２４日　東京　斯衛司令部.egpack,０４０：エピローグ_80：１９９８年９月２４日　東京　斯衛司令部,唯依,816F3E22108C82D53B1BBFF88ABF232AF9EB92F71622372E827D65099AEEAE58,text,「所以拜托你们……好好看着我会怎样活下去……！」\p
5388,game_t05405,０４０：エピローグ_80：１９９８年９月２４日　東京　斯衛司令部.egpack,０４０：エピローグ_80：１９９８年９月２４日　東京　斯衛司令部,唯依,85F10BDC2427ADC49A02DF60DA1E9BCEA85437A6853729DC6C8117B8A9A55ECE,text,「看着我……不要让我退缩……！」\p
5389,game_t05406,０４０：エピローグ_80：１９９８年９月２４日　東京　斯衛司令部.egpack,０４０：エピローグ_80：１９９８年９月２４日　東京　斯衛司令部,唯依,BFEAD0969FB92661F2763FD3534E43DF85C09D10F989FBAE977AD9499D8ED341,text,「请在远方……看着我……」\p
5390,game_t05407,０４０：エピローグ_80：１９９８年９月２４日　東京　斯衛司令部.egpack,０４０：エピローグ_80：１９９８年９月２４日　東京　斯衛司令部,唯依,35F15C36E509862F28D4830B2254D1C19145A17DAB36B8F21CCCD8D4EC159563,text,「…\w…\w！」\p
5391,game_t05408,０４０：エピローグ_80：１９９８年９月２４日　東京　斯衛司令部.egpack,０４０：エピローグ_80：１９９８年９月２４日　東京　斯衛司令部,唯依,12E0DA5D6975E33E162A449880DD7EB049061E3DC646F0A5399BE03CC9BE67A5,text,「山城……」\p
5392,game_t05409,０４０：エピローグ_80：１９９８年９月２４日　東京　斯衛司令部.egpack,０４０：エピローグ_80：１９９８年９月２４日　東京　斯衛司令部,唯依,827309E1AA74E76407AAC598299F0AD8152973278E6455F1A322044F7F9283FE,text,「我明白……没事的，我明白……」\p
5393,game_t05410,０４０：エピローグ_80：１９９８年９月２４日　東京　斯衛司令部.egpack,０４０：エピローグ_80：１９９８年９月２４日　東京　斯衛司令部,唯依,9AB1F853F0DED1A55E37D3BC78B252A492F6406259D7B33BCF0BD6182588C086,text,「只要你还用那双眼睛注视着我……」\p
5394,game_t05411,０４０：エピローグ_80：１９９８年９月２４日　東京　斯衛司令部.egpack,０４０：エピローグ_80：１９９８年９月２４日　東京　斯衛司令部,唯依,84DDFF685E1E781C86897DE906EFCE001B26D7A2FED682C10F004AAD5D8DD12E,text,「我就还没有……直呼你名字的资格……」\p
5395,game_t05412,０４０：エピローグ_80：１９９８年９月２４日　東京　斯衛司令部.egpack,０４０：エピローグ_80：１９９８年９月２４日　東京　斯衛司令部,旁白,C1EBA9DE88B9B3BBF319E4379D49903F11E1ED1C6874BFC06DD2CDC71C74B3A2,text,因为现在的我……还配不上你……\p
5396,game_t05413,０４０：エピローグ_80：１９９８年９月２４日　東京　斯衛司令部.egpack,０４０：エピローグ_80：１９９８年９月２４日　東京　斯衛司令部,唯依,995575E8D2B5FC7325578014667AC8CAC9985DB0D50CF764B82995BFCA35BF42,text,「但是……总有一天，我一定会配得上。会有资格直呼你的名字。」\p
5397,game_t05414,０４０：エピローグ_80：１９９８年９月２４日　東京　斯衛司令部.egpack,０４０：エピローグ_80：１９９８年９月２４日　東京　斯衛司令部,唯依,7865A026BA731792BA8044D2EFE23E93B7EA70578C2258E0DBB46E5E819846B8,text,「山城……我想活得像你一样……」\p
5398,game_t05415,０４０：エピローグ_80：１９９８年９月２４日　東京　斯衛司令部.egpack,０４０：エピローグ_80：１９９８年９月２４日　東京　斯衛司令部,旁白,9917B39BFAA74AA470602C58DC2586AEDAD46B1E5350E80331D12A23BE69E4E9,text,像你一样活着——像你一样行事——然后终有一天，也像你一样——\p
5399,game_t05416,０４０：エピローグ_80：１９９８年９月２４日　東京　斯衛司令部.egpack,０４０：エピローグ_80：１９９８年９月２４日　東京　斯衛司令部,唯依,8957908A25BA40F81AAF27A947D6CC424D4076F1D00B2AED5871E8270947550B,text,「……！？」\p
5400,game_t05417,０４０：エピローグ_80：１９９８年９月２４日　東京　斯衛司令部.egpack,０４０：エピローグ_80：１９９８年９月２４日　東京　斯衛司令部,唯依,EA8250E2A53FE23BCCE03DC8D9C0A5CD68016F8C0FBE6603C3D4D3B0CBF1C5FE,text,「我真是……狼狈啊……」\p
5401,game_t05418,０４０：エピローグ_80：１９９８年９月２４日　東京　斯衛司令部.egpack,０４０：エピローグ_80：１９９８年９月２４日　東京　斯衛司令部,旁白,E15699184F000447922EEE85A8BE57BA999027550492C2427CC74B59866FE9F2,text,但我不会再移开目光——\p
5402,game_t05419,０４０：エピローグ_80：１９９８年９月２４日　東京　斯衛司令部.egpack,０４０：エピローグ_80：１９９８年９月２４日　東京　斯衛司令部,旁白,D054DC5AF43A50652D1F688B2C4BFD2074F1CAAC91325089A117EDF791491D97,text,无论自己多么狼狈、多么不成熟——\p
5403,game_t05420,０４０：エピローグ_80：１９９８年９月２４日　東京　斯衛司令部.egpack,０４０：エピローグ_80：１９９８年９月２４日　東京　斯衛司令部,旁白,98EA14B07FA41A30ABD312E8ED8AFF1DD9D0D1159773F6FC181C3936AA64619C,text,无论今后遭遇什么——\p
5404,game_t05421,０４０：エピローグ_80：１９９８年９月２４日　東京　斯衛司令部.egpack,０４０：エピローグ_80：１９９８年９月２４日　東京　斯衛司令部,旁白,009C90AA1CDFA894877A757CD0520B168DEC6781D049942DE139C049BC18562D,text,——唯独这件事，我绝不会再做。\p
5405,game_t05422,０４０：エピローグ_80：１９９８年９月２４日　東京　斯衛司令部.egpack,０４０：エピローグ_80：１９９８年９月２４日　東京　斯衛司令部,唯依,FC1BB2D07B8CA4CB833A8FC775711F88FDC75DF9188537E5BF556C9021D9D39C,text,「…\w…\w…\w…\w」\p
5406,game_t05423,０４０：エピローグ_80：１９９８年９月２４日　東京　斯衛司令部.egpack,０４０：エピローグ_80：１９９８年９月２４日　東京　斯衛司令部,旁白,047409CE5292E17B303B5FE2A8817D5B2D64A92428C1E5871EF81AD8F9A185C4,text,因为“山城上总”绝不会做出这种事——
5407,game_t05424,０４０：エピローグ_80：１９９８年９月２４日　東京　斯衛司令部.egpack,０４０：エピローグ_80：１９９８年９月２４日　東京　斯衛司令部,唯依,2F5DDCA1C317CAB54825B04E30D23EB62EC14CC07128C6CBC0DF4BC4AF52DB26,text,「…\w…\w…\w…\w」
5408,game_t05425,０４０：エピローグ_80：１９９８年９月２４日　東京　斯衛司令部.egpack,０４０：エピローグ_80：１９９８年９月２４日　東京　斯衛司令部,旁白,729C1923FEFF5E9F6674FF31317D48C360B69B449F1CA5AB6829355703AF5C44,text,至于该怎么做，我现在还什么都不知道……
5409,game_t05426,０４０：エピローグ_80：１９９８年９月２４日　東京　斯衛司令部.egpack,０４０：エピローグ_80：１９９８年９月２４日　東京　斯衛司令部,旁白,74CBE2FDE5667325A374BA0231599E698F5D91BB66ECF6FD48F265C967644508,text,至于做什么才是正确的，我也完全看不清……
5410,game_t05427,０４０：エピローグ_80：１９９８年９月２４日　東京　斯衛司令部.egpack,０４０：エピローグ_80：１９９８年９月２４日　東京　斯衛司令部,旁白,BD87DEE40F6342A92E88AAA40005F1B7BDFB1FDD95D7A177987855F649E18C02,text,但是，正因如此——
5411,game_t05428,０４０：エピローグ_80：１９９８年９月２４日　東京　斯衛司令部.egpack,０４０：エピローグ_80：１９９８年９月２４日　東京　斯衛司令部,旁白,8F49F0208C05F83E5E759F8B789961C59797A9DA4FD8AA6AC72211EE9DE2688E,text,——正因如此，现在的我已经只剩下前进这一条路。
5412,game_t05429,０４０：エピローグ_80：１９９８年９月２４日　東京　斯衛司令部.egpack,０４０：エピローグ_80：１９９８年９月２４日　東京　斯衛司令部,唯依,0C6E01636D6BC3450100A334A999E0983BFE6FC040FE2A4B9CCE3C30178A8667,text,「拜托了……请看着我……」
5413,game_t05430,０４０：エピローグ_80：１９９８年９月２４日　東京　斯衛司令部_dim.egpack,０４０：エピローグ_80：１９９８年９月２４日　東京　斯衛司令部_dim,唯依,5930C19DA64244D838830E2439DDBBFAB2E504F3BFF273BCED353A4376013E10,text,「——！？」\p
5414,game_t05431,０４０：エピローグ_80：１９９８年９月２４日　東京　斯衛司令部_dim.egpack,０４０：エピローグ_80：１９９８年９月２４日　東京　斯衛司令部_dim,唯依,FC1BB2D07B8CA4CB833A8FC775711F88FDC75DF9188537E5BF556C9021D9D39C,text,「…\w…\w…\w…\w」\p
5415,game_t05432,０４０：エピローグ_80：１９９８年９月２４日　東京　斯衛司令部_dim.egpack,０４０：エピローグ_80：１９９８年９月２４日　東京　斯衛司令部_dim,唯依,039B2DD82FC80A44991D67BD968E5C943F04891DFB54731B682B33F4556A5F40,text,「又梦到……那时的事了吗……」\p
5416,game_t05433,０４０：エピローグ_80：１９９８年９月２４日　東京　斯衛司令部_dim.egpack,０４０：エピローグ_80：１９９８年９月２４日　東京　斯衛司令部_dim,旁白,6BA2B721935B2529CA2D0DEDF0318E2762AD8F568992AE99D3C1694BDEC5B37F,text,……真没出息。无论梦的内容，还是自己竟会因此动摇……\p
5417,game_t05434,０４０：エピローグ_80：１９９８年９月２４日　東京　斯衛司令部_dim.egpack,０４０：エピローグ_80：１９９８年９月２４日　東京　斯衛司令部_dim,旁白,EC67DADD3D03B0EC242D656EE96FD5480C3FA2CE96EC2206B59BC007AD2A90A6,text,更没出息的是，我竟然在上司崇宰上尉的办公室里睡着了。\p
5418,game_t05435,０４０：エピローグ_80：１９９８年９月２４日　東京　斯衛司令部_dim.egpack,０４０：エピローグ_80：１９９８年９月２４日　東京　斯衛司令部_dim,旁白,12D3D007DAFD61A198C5F2AEA0813CDB84998484BAC4D7F7C7DB474B440B63AC,text,我记得，中队战后总结会结束后，我被叫到办公室——\p
5419,game_t05436,０４０：エピローグ_80：１９９８年９月２４日　東京　斯衛司令部_dim.egpack,０４０：エピローグ_80：１９９８年９月２４日　東京　斯衛司令部_dim,旁白,CE90612DC40933F0DDAF22F0CF62D58242F80475DAF2317851A1D3CA278F14EA,text,对了……我听着恭子大人讲起她与母亲、父亲见面的事，后来就……\p
5420,game_t05437,０４０：エピローグ_80：１９９８年９月２４日　東京　斯衛司令部_dim.egpack,０４０：エピローグ_80：１９９８年９月２４日　東京　斯衛司令部_dim,唯依,2D4AA8CD4498C7121F65BD8FD256EA849482B4E2F61B7FD9C9297BBDB8B896C9,text,「啊……糟透了。」\p
5421,game_t05438,０４０：エピローグ_80：１９９８年９月２４日　東京　斯衛司令部_dim.egpack,０４０：エピローグ_80：１９９８年９月２４日　東京　斯衛司令部_dim,旁白,FB9510A0E0966709FDAA41696681898515440B446623680593727053BCC48D3A,text,明明无论公私都承蒙她照顾，从京都防卫战起更是一直受到她关照……\p
5422,game_t05439,０４０：エピローグ_80：１９９８年９月２４日　東京　斯衛司令部_dim.egpack,０４０：エピローグ_80：１９９８年９月２４日　東京　斯衛司令部_dim,旁白,FC9DC3B22CC3DFE61F56FD18CD4292AF71FF91B96D5583D0B9ED4A1A46C8D20C,text,虽然我不愿认为自己是仗着血缘关系撒娇……\p
5423,game_t05440,０４０：エピローグ_80：１９９８年９月２４日　東京　斯衛司令部_dim.egpack,０４０：エピローグ_80：１９９８年９月２４日　東京　斯衛司令部_dim,旁白,CDAD897E260D637A3DCC0639E5E477ECF6B24C9115B998AEE722641C7AC5F4E3,text,不，现在不是纠结这种事的时候。\p
5424,game_t05441,０４０：エピローグ_80：１９９８年９月２４日　東京　斯衛司令部_dim.egpack,０４０：エピローグ_80：１９９８年９月２４日　東京　斯衛司令部_dim,旁白,4F59D63D41CE405263BAC8C6CF617736E8D5D0DBBC4C7E118F591DC9CB0ADA92,text,与自己偏偏独自活了下来相比，这根本算不了什么。\p
5425,game_t05442,０４０：エピローグ_80：１９９８年９月２４日　東京　斯衛司令部_dim.egpack,０４０：エピローグ_80：１９９８年９月２４日　東京　斯衛司令部_dim,旁白,8EA8C1ADA70E3B444237A0925098227E79DA541DCABB5A9638FBE7AC4D4831C0,text,任官以来第一次在后方休假——我反倒应该感谢上尉体谅我，让我继续睡下去，并庆幸自己得以恢复精力……\p
5426,game_t05443,０４０：エピローグ_80：１９９８年９月２４日　東京　斯衛司令部_dim.egpack,０４０：エピローグ_80：１９９８年９月２４日　東京　斯衛司令部_dim,唯依,FC1BB2D07B8CA4CB833A8FC775711F88FDC75DF9188537E5BF556C9021D9D39C,text,「…\w…\w…\w…\w」\p
5427,game_t05444,０４０：エピローグ_80：１９９８年９月２４日　東京　斯衛司令部_dim.egpack,０４０：エピローグ_80：１９９８年９月２４日　東京　斯衛司令部_dim,旁白,59C48F8242098C042B426A12F56CF8A7D36382617D51E42FF971D766D3D6EBE7,text,如果是她……也会这样想吗……\p
5428,game_t05445,０４０：エピローグ_80：１９９８年９月２４日　東京　斯衛司令部_dim.egpack,０４０：エピローグ_80：１９９８年９月２４日　東京　斯衛司令部_dim,唯依,A76E8FFE8FF19B295BDD9B31A7E07E76524CE404B4D41294D20FE8C95B12A78C,text,「……唉。」\p
5429,game_t05446,０４０：エピローグ_80：１９９８年９月２４日　東京　斯衛司令部_dim.egpack,０４０：エピローグ_80：１９９８年９月２４日　東京　斯衛司令部_dim,旁白,CA18C9E9D24D506AE876DFC9F57CD994D9BAEEDA95F07050F2606A41F36E1CBC,text,口渴了……\p
5430,game_t05447,０４０：エピローグ_80：１９９８年９月２４日　東京　斯衛司令部_dim.egpack,０４０：エピローグ_80：１９９８年９月２４日　東京　斯衛司令部_dim,唯依,FC1BB2D07B8CA4CB833A8FC775711F88FDC75DF9188537E5BF556C9021D9D39C,text,「…\w…\w…\w…\w」\p
5431,game_t05448,０４０：エピローグ_80：１９９８年９月２４日　東京　斯衛司令部_dim.egpack,０４０：エピローグ_80：１９９８年９月２４日　東京　斯衛司令部_dim,旁白,E738164534A2ACED56177673921A296BBCC346F8F51AA5F21298E04035D13FCB,text,深陷的双眼……消瘦的脸颊……还有略微长长的凌乱头发……\p
5432,game_t05449,０４０：エピローグ_80：１９９８年９月２４日　東京　斯衛司令部_dim.egpack,０４０：エピローグ_80：１９９８年９月２４日　東京　斯衛司令部_dim,旁白,6FEA43C5227AA9029BBB3EF4D9CEBE5355177A948D05E306D4D8C715B3910AD1,text,简直……像个幽灵……\p
5433,game_t05450,０４０：エピローグ_80：１９９８年９月２４日　東京　斯衛司令部_dim.egpack,０４０：エピローグ_80：１９９８年９月２４日　東京　斯衛司令部_dim,唯依,FC1BB2D07B8CA4CB833A8FC775711F88FDC75DF9188537E5BF556C9021D9D39C,text,「…\w…\w…\w…\w」\p
5434,game_t05451,０４０：エピローグ_80：１９９８年９月２４日　東京　斯衛司令部_dim.egpack,０４０：エピローグ_80：１９９８年９月２４日　東京　斯衛司令部_dim,旁白,23735F91D488961048BABFB5A27E010F1AEBA17825839D8564948488640160A1,text,从那以后，已经两个月了……不，应该说……才两个月吗？\p
5435,game_t05452,０４０：エピローグ_80：１９９８年９月２４日　東京　斯衛司令部_dim.egpack,０４０：エピローグ_80：１９９８年９月２４日　東京　斯衛司令部_dim,旁白,58B0E5A0CE949688CA2EA6C118E0AEF60E9779B175DDCCCE63B5C204432F2B23,text,京都遭到BETA蹂躏的那一天——\p
5436,game_t05453,０４０：エピローグ_80：１９９８年９月２４日　東京　斯衛司令部_dim.egpack,０４０：エピローグ_80：１９９８年９月２４日　東京　斯衛司令部_dim,旁白,59B3AFF0479A904F811BDA97682582B4036157E581CFF92FE71E7FD513876703,text,我成为卫士的那个夜晚——\p
5437,game_t05454,０４０：エピローグ_80：１９９８年９月２４日　東京　斯衛司令部_dim.egpack,０４０：エピローグ_80：１９９８年９月２４日　東京　斯衛司令部_dim,旁白,804F388071D773CE7BB912051C7DA604BBF880CA599EC8FCF80084E3008BC8DF,text,以及……屈辱的清晨……\p
5438,game_t05455,０４０：エピローグ_80：１９９８年９月２４日　東京　斯衛司令部_dim.egpack,０４０：エピローグ_80：１９９８年９月２４日　東京　斯衛司令部_dim,旁白,18BB0E7389EDD727062B495293FB1665ABC3E1453EBAC720A677BB433E23C629,text,那之后，这场被称为京都防卫战的惨烈战斗持续了约一个月……\p
5439,game_t05456,０４０：エピローグ_80：１９９８年９月２４日　東京　斯衛司令部_dim.egpack,０４０：エピローグ_80：１９９８年９月２４日　東京　斯衛司令部_dim,旁白,F7AC56818117C0DF5E014723456DCFE223A870BCDA4D4F55337935291442C4C5,text,我被编入崇宰上尉指挥的九头蛇中队，从放弃京都一直到大井川防卫战，与帝国军和本土防卫军共同担任殿后部队，执行迟滞作战。\p
5440,game_t05457,０４０：エピローグ_80：１９９８年９月２４日　東京　斯衛司令部_dim.egpack,０４０：エピローグ_80：１９９８年９月２４日　東京　斯衛司令部_dim,旁白,845B715244F09C4D551B7867AFD91192B2BACC7341739882D51A48E1329CB4EB,text,如今，BETA先头部队已经逼近富士川防线，甚至开始威胁这座第二帝都东京。\p
5441,game_t05458,０４０：エピローグ_80：１９９８年９月２４日　東京　斯衛司令部_dim.egpack,０４０：エピローグ_80：１９９８年９月２４日　東京　斯衛司令部_dim,旁白,F6AA6FA39267D5B72475A904D520FD969411C1B4C4A388CB77F7FAD5CBE30ADA,text,无论现在的我多么不成熟，都没有时间迷惘或后悔。我连一瞬都耽误不起。\p
5442,game_t05459,０４０：エピローグ_80：１９９８年９月２４日　東京　斯衛司令部_dim.egpack,０４０：エピローグ_80：１９９８年９月２４日　東京　斯衛司令部_dim,唯依,FC1BB2D07B8CA4CB833A8FC775711F88FDC75DF9188537E5BF556C9021D9D39C,text,「…\w…\w…\w…\w」\p
5443,game_t05460,０４０：エピローグ_80：１９９８年９月２４日　東京　斯衛司令部_dim.egpack,０４０：エピローグ_80：１９９８年９月２４日　東京　斯衛司令部_dim,唯依,BB9B31C71BB45E9F00DAD91393C94272FFD75B0E1F16D145E351BD7A7F043B06,text,「如月中尉……」\p
5444,game_t05461,０４０：エピローグ_80：１９９８年９月２４日　東京　斯衛司令部_dim.egpack,０４０：エピローグ_80：１９９８年９月２４日　東京　斯衛司令部_dim,唯依,933E802CF94A6E057AB0491CDE64EB0DE8E64741B0E12A6D618AD16E60D65656,text,「相处时间虽短，但能在您的指挥下经历初战，我由衷感激。」\p
5445,game_t05462,０４０：エピローグ_80：１９９８年９月２４日　東京　斯衛司令部_dim.egpack,０４０：エピローグ_80：１９９８年９月２４日　東京　斯衛司令部_dim,唯依,32BFF27CE86B43E427EA9CCD5DEDCD21ADBECCCB86592ADEB4B9DFA03A9ED61F,text,「直到分别数周后，我才得知中尉一直背负着怎样的重担。」\p
5446,game_t05463,０４０：エピローグ_80：１９９８年９月２４日　東京　斯衛司令部_dim.egpack,０４０：エピローグ_80：１９９８年９月２４日　東京　斯衛司令部_dim,唯依,3E6E8D6028CC042CB1E22D6479A4A113969D13576245F5AFA8BA40777B0385F7,text,「武家的矜持，以及斯卫军指挥官应有的姿态——您以身作则教给我的这一课，我绝不会忘记。」\p
5447,game_t05464,０４０：エピローグ_80：１９９８年９月２４日　東京　斯衛司令部_dim.egpack,０４０：エピローグ_80：１９９８年９月２４日　東京　斯衛司令部_dim,唯依,98AA3509D7E726EC91CB54C0CC637515F02AFFFBDF789CFE5F15123109B42888,text,「……谢谢您。」\p
5448,game_t05465,０４０：エピローグ_80：１９９８年９月２４日　東京　斯衛司令部_dim.egpack,０４０：エピローグ_80：１９９８年９月２４日　東京　斯衛司令部_dim,唯依,D0850B7AB4512C6A0FD4ADBC67472B87AFFDEDFD05B59DE987391C1E275F1E55,text,「真田上尉……」\p
5449,game_t05466,０４０：エピローグ_80：１９９８年９月２４日　東京　斯衛司令部_dim.egpack,０４０：エピローグ_80：１９９８年９月２４日　東京　斯衛司令部_dim,唯依,E4B3DEEBAF1F2F873040C9BC95E7AEADB5C6A589A60AF660AAA85C1A38688503,text,「齐藤中尉……」\p
5450,game_t05467,０４０：エピローグ_80：１９９８年９月２４日　東京　斯衛司令部_dim.egpack,０４０：エピローグ_80：１９９８年９月２４日　東京　斯衛司令部_dim,唯依,7A5D33B8CE7B380568EF3B9F26C6E1DBDD8DD67E33D0FF16A1AE3EE3388CF945,text,「听说几天后，面对向东推进的第三波BETA群，上尉的部队为守护皇宫而全军覆没。」\p
5451,game_t05468,０４０：エピローグ_80：１９９８年９月２４日　東京　斯衛司令部_dim.egpack,０４０：エピローグ_80：１９９８年９月２４日　東京　斯衛司令部_dim,唯依,018625F53D2E4E3899D33CB0FE80161905C3133BE1E2BB9C627FD885476B71BF,text,「多亏了你们，我才成为卫士；在初阵中，也承蒙你们救我一命。」\p
5452,game_t05469,０４０：エピローグ_80：１９９８年９月２４日　東京　斯衛司令部_dim.egpack,０４０：エピローグ_80：１９９８年９月２４日　東京　斯衛司令部_dim,唯依,E0E63747294E27A3603632C259FCBE4B8CE1F3C6804F4B50EEEB3E9CB6968A35,text,「能够接受你们这些精锐卫士的锻炼，哪怕只有一瞬也曾与你们并肩作战，我都会视为一生的荣耀。」\p
5453,game_t05470,０４０：エピローグ_80：１９９８年９月２４日　東京　斯衛司令部_dim.egpack,０４０：エピローグ_80：１９９８年９月２４日　東京　斯衛司令部_dim,唯依,4C588707C41B9D1113E2C8471A62BE7E9AD7C3306C423BDEA13E5910DD5B5906,text,「而在上尉和一型丙的共同培育下诞生的试制98式……又一次救了我的性命。」\p
5454,game_t05471,０４０：エピローグ_80：１９９８年９月２４日　東京　斯衛司令部_dim.egpack,０４０：エピローグ_80：１９９８年９月２４日　東京　斯衛司令部_dim,唯依,504FB917DF960DDE55AFF35369F25414A91364A9EA61DDA3DB2BF78494CB76F9,text,「你们赐予我的恩情……总有一天，我一定会……」\p
5455,game_t05472,０４０：エピローグ_80：１９９８年９月２４日　東京　斯衛司令部_dim.egpack,０４０：エピローグ_80：１９９８年９月２４日　東京　斯衛司令部_dim,唯依,E953298FBBF3A9B1A6677F984D92B2FF789FAF0668807D3300D764F00810B658,text,「终有一日——我一定会亲手把一型丙打造成最强的战术机。」\p
5456,game_t05473,０４０：エピローグ_80：１９９８年９月２４日　東京　斯衛司令部_dim.egpack,０４０：エピローグ_80：１９９８年９月２４日　東京　斯衛司令部_dim,唯依,81B09AA6DC9CE6C4010C6F9B2297DB8456BC3F6664AFB8AB5F67AD60C2092CCC,text,「一定……！」\p
5457,game_t05474,０４０：エピローグ_80：１９９８年９月２４日　東京　斯衛司令部_dim.egpack,０４０：エピローグ_80：１９９８年９月２４日　東京　斯衛司令部_dim,唯依,B8A9974C0A02A2B3E30920F8554A96107069D1D26886C92C3F41AFC118614823,text,「和泉……」\p
5458,game_t05475,０４０：エピローグ_80：１９９８年９月２４日　東京　斯衛司令部_dim.egpack,０４０：エピローグ_80：１９９８年９月２４日　東京　斯衛司令部_dim,唯依,E36DF75474E4DEB0906D76B7BBA2AAD209D4E7B7A3C23DC318BDB9F15B22A7C7,text,「安艺……」\p
5459,game_t05476,０４０：エピローグ_80：１９９８年９月２４日　東京　斯衛司令部_dim.egpack,０４０：エピローグ_80：１９９８年９月２４日　東京　斯衛司令部_dim,唯依,A592D2DD630889BA09BBD9684B9B433DE8610BC74BB119412A53CEE7D0094347,text,「志摩子……」\p
5460,game_t05477,０４０：エピローグ_80：１９９８年９月２４日　東京　斯衛司令部_dim.egpack,０４０：エピローグ_80：１９９８年９月２４日　東京　斯衛司令部_dim,唯依,EFB7F81A71A5D8114F1B4D273DEB06D56874B468B94BBEAF1BDC7F2D854C8F68,text,「大家，对不起……」\p
5461,game_t05478,０４０：エピローグ_80：１９９８年９月２４日　東京　斯衛司令部_dim.egpack,０４０：エピローグ_80：１９９８年９月２４日　東京　斯衛司令部_dim,唯依,CF127911790CFE663BF1B98EC9EB70E74DD77AEC82E1C35D2FB5F167487E8E57,text,「我……现在还是什么都不明白……」\p
5462,game_t05479,０４０：エピローグ_80：１９９８年９月２４日　東京　斯衛司令部_dim.egpack,０４０：エピローグ_80：１９９８年９月２４日　東京　斯衛司令部_dim,唯依,53B33969EAE0404F08798C04A2AF948CB1505E8A5F9FD809E4E853D1CEFDD244,text,「不知道什么才是正确的……也不知道自己应该做什么……」\p
5463,game_t05480,０４０：エピローグ_80：１９９８年９月２４日　東京　斯衛司令部_dim.egpack,０４０：エピローグ_80：１９９８年９月２４日　東京　斯衛司令部_dim,唯依,816F3E22108C82D53B1BBFF88ABF232AF9EB92F71622372E827D65099AEEAE58,text,「所以拜托你们……好好看着我会怎样活下去……！」\p
5464,game_t05481,０４０：エピローグ_80：１９９８年９月２４日　東京　斯衛司令部_dim.egpack,０４０：エピローグ_80：１９９８年９月２４日　東京　斯衛司令部_dim,唯依,85F10BDC2427ADC49A02DF60DA1E9BCEA85437A6853729DC6C8117B8A9A55ECE,text,「看着我……不要让我退缩……！」\p
5465,game_t05482,０４０：エピローグ_80：１９９８年９月２４日　東京　斯衛司令部_dim.egpack,０４０：エピローグ_80：１９９８年９月２４日　東京　斯衛司令部_dim,唯依,BFEAD0969FB92661F2763FD3534E43DF85C09D10F989FBAE977AD9499D8ED341,text,「请在远方……看着我……」\p
5466,game_t05483,０４０：エピローグ_80：１９９８年９月２４日　東京　斯衛司令部_dim.egpack,０４０：エピローグ_80：１９９８年９月２４日　東京　斯衛司令部_dim,唯依,35F15C36E509862F28D4830B2254D1C19145A17DAB36B8F21CCCD8D4EC159563,text,「…\w…\w！」\p
5467,game_t05484,０４０：エピローグ_80：１９９８年９月２４日　東京　斯衛司令部_dim.egpack,０４０：エピローグ_80：１９９８年９月２４日　東京　斯衛司令部_dim,唯依,12E0DA5D6975E33E162A449880DD7EB049061E3DC646F0A5399BE03CC9BE67A5,text,「山城……」\p
5468,game_t05485,０４０：エピローグ_80：１９９８年９月２４日　東京　斯衛司令部_dim.egpack,０４０：エピローグ_80：１９９８年９月２４日　東京　斯衛司令部_dim,唯依,827309E1AA74E76407AAC598299F0AD8152973278E6455F1A322044F7F9283FE,text,「我明白……没事的，我明白……」\p
5469,game_t05486,０４０：エピローグ_80：１９９８年９月２４日　東京　斯衛司令部_dim.egpack,０４０：エピローグ_80：１９９８年９月２４日　東京　斯衛司令部_dim,唯依,9AB1F853F0DED1A55E37D3BC78B252A492F6406259D7B33BCF0BD6182588C086,text,「只要你还用那双眼睛注视着我……」\p
5470,game_t05487,０４０：エピローグ_80：１９９８年９月２４日　東京　斯衛司令部_dim.egpack,０４０：エピローグ_80：１９９８年９月２４日　東京　斯衛司令部_dim,唯依,84DDFF685E1E781C86897DE906EFCE001B26D7A2FED682C10F004AAD5D8DD12E,text,「我就还没有……直呼你名字的资格……」\p
5471,game_t05488,０４０：エピローグ_80：１９９８年９月２４日　東京　斯衛司令部_dim.egpack,０４０：エピローグ_80：１９９８年９月２４日　東京　斯衛司令部_dim,旁白,C1EBA9DE88B9B3BBF319E4379D49903F11E1ED1C6874BFC06DD2CDC71C74B3A2,text,因为现在的我……还配不上你……\p
5472,game_t05489,０４０：エピローグ_80：１９９８年９月２４日　東京　斯衛司令部_dim.egpack,０４０：エピローグ_80：１９９８年９月２４日　東京　斯衛司令部_dim,唯依,995575E8D2B5FC7325578014667AC8CAC9985DB0D50CF764B82995BFCA35BF42,text,「但是……总有一天，我一定会配得上。会有资格直呼你的名字。」\p
5473,game_t05490,０４０：エピローグ_80：１９９８年９月２４日　東京　斯衛司令部_dim.egpack,０４０：エピローグ_80：１９９８年９月２４日　東京　斯衛司令部_dim,唯依,7865A026BA731792BA8044D2EFE23E93B7EA70578C2258E0DBB46E5E819846B8,text,「山城……我想活得像你一样……」\p
5474,game_t05491,０４０：エピローグ_80：１９９８年９月２４日　東京　斯衛司令部_dim.egpack,０４０：エピローグ_80：１９９８年９月２４日　東京　斯衛司令部_dim,旁白,9917B39BFAA74AA470602C58DC2586AEDAD46B1E5350E80331D12A23BE69E4E9,text,像你一样活着——像你一样行事——然后终有一天，也像你一样——\p
5475,game_t05492,０４０：エピローグ_80：１９９８年９月２４日　東京　斯衛司令部_dim.egpack,０４０：エピローグ_80：１９９８年９月２４日　東京　斯衛司令部_dim,唯依,8957908A25BA40F81AAF27A947D6CC424D4076F1D00B2AED5871E8270947550B,text,「……！？」\p
5476,game_t05493,０４０：エピローグ_80：１９９８年９月２４日　東京　斯衛司令部_dim.egpack,０４０：エピローグ_80：１９９８年９月２４日　東京　斯衛司令部_dim,唯依,EA8250E2A53FE23BCCE03DC8D9C0A5CD68016F8C0FBE6603C3D4D3B0CBF1C5FE,text,「我真是……狼狈啊……」\p
5477,game_t05494,０４０：エピローグ_80：１９９８年９月２４日　東京　斯衛司令部_dim.egpack,０４０：エピローグ_80：１９９８年９月２４日　東京　斯衛司令部_dim,旁白,E15699184F000447922EEE85A8BE57BA999027550492C2427CC74B59866FE9F2,text,但我不会再移开目光——\p
5478,game_t05495,０４０：エピローグ_80：１９９８年９月２４日　東京　斯衛司令部_dim.egpack,０４０：エピローグ_80：１９９８年９月２４日　東京　斯衛司令部_dim,旁白,D054DC5AF43A50652D1F688B2C4BFD2074F1CAAC91325089A117EDF791491D97,text,无论自己多么狼狈、多么不成熟——\p
5479,game_t05496,０４０：エピローグ_80：１９９８年９月２４日　東京　斯衛司令部_dim.egpack,０４０：エピローグ_80：１９９８年９月２４日　東京　斯衛司令部_dim,旁白,98EA14B07FA41A30ABD312E8ED8AFF1DD9D0D1159773F6FC181C3936AA64619C,text,无论今后遭遇什么——\p
5480,game_t05497,０４０：エピローグ_80：１９９８年９月２４日　東京　斯衛司令部_dim.egpack,０４０：エピローグ_80：１９９８年９月２４日　東京　斯衛司令部_dim,旁白,009C90AA1CDFA894877A757CD0520B168DEC6781D049942DE139C049BC18562D,text,——唯独这件事，我绝不会再做。\p
5481,game_t05498,０４０：エピローグ_80：１９９８年９月２４日　東京　斯衛司令部_dim.egpack,０４０：エピローグ_80：１９９８年９月２４日　東京　斯衛司令部_dim,唯依,FC1BB2D07B8CA4CB833A8FC775711F88FDC75DF9188537E5BF556C9021D9D39C,text,「…\w…\w…\w…\w」\p
5482,game_t05499,０４０：エピローグ_80：１９９８年９月２４日　東京　斯衛司令部_dim.egpack,０４０：エピローグ_80：１９９８年９月２４日　東京　斯衛司令部_dim,旁白,047409CE5292E17B303B5FE2A8817D5B2D64A92428C1E5871EF81AD8F9A185C4,text,因为“山城上总”绝不会做出这种事——
5483,game_t05500,０４０：エピローグ_80：１９９８年９月２４日　東京　斯衛司令部_dim.egpack,０４０：エピローグ_80：１９９８年９月２４日　東京　斯衛司令部_dim,唯依,2F5DDCA1C317CAB54825B04E30D23EB62EC14CC07128C6CBC0DF4BC4AF52DB26,text,「…\w…\w…\w…\w」
5484,game_t05501,０４０：エピローグ_80：１９９８年９月２４日　東京　斯衛司令部_dim.egpack,０４０：エピローグ_80：１９９８年９月２４日　東京　斯衛司令部_dim,旁白,729C1923FEFF5E9F6674FF31317D48C360B69B449F1CA5AB6829355703AF5C44,text,至于该怎么做，我现在还什么都不知道……
5485,game_t05502,０４０：エピローグ_80：１９９８年９月２４日　東京　斯衛司令部_dim.egpack,０４０：エピローグ_80：１９９８年９月２４日　東京　斯衛司令部_dim,旁白,74CBE2FDE5667325A374BA0231599E698F5D91BB66ECF6FD48F265C967644508,text,至于做什么才是正确的，我也完全看不清……
5486,game_t05503,０４０：エピローグ_80：１９９８年９月２４日　東京　斯衛司令部_dim.egpack,０４０：エピローグ_80：１９９８年９月２４日　東京　斯衛司令部_dim,旁白,BD87DEE40F6342A92E88AAA40005F1B7BDFB1FDD95D7A177987855F649E18C02,text,但是，正因如此——
5487,game_t05504,０４０：エピローグ_80：１９９８年９月２４日　東京　斯衛司令部_dim.egpack,０４０：エピローグ_80：１９９８年９月２４日　東京　斯衛司令部_dim,旁白,8F49F0208C05F83E5E759F8B789961C59797A9DA4FD8AA6AC72211EE9DE2688E,text,——正因如此，现在的我已经只剩下前进这一条路。
5488,game_t05505,０４０：エピローグ_80：１９９８年９月２４日　東京　斯衛司令部_dim.egpack,０４０：エピローグ_80：１９９８年９月２４日　東京　斯衛司令部_dim,唯依,0C6E01636D6BC3450100A334A999E0983BFE6FC040FE2A4B9CCE3C30178A8667,text,「拜托了……请看着我……」
5489,game_t05506,０４０：エピローグ_80：１９９８年９月２４日　東京　斯衛司令部（原作退避）.egpack,０４０：エピローグ_80：１９９８年９月２４日　東京　斯衛司令部（原作退避）,唯依,5930C19DA64244D838830E2439DDBBFAB2E504F3BFF273BCED353A4376013E10,text,「——！？」\p
5490,game_t05507,０４０：エピローグ_80：１９９８年９月２４日　東京　斯衛司令部（原作退避）.egpack,０４０：エピローグ_80：１９９８年９月２４日　東京　斯衛司令部（原作退避）,唯依,FC1BB2D07B8CA4CB833A8FC775711F88FDC75DF9188537E5BF556C9021D9D39C,text,「…\w…\w…\w…\w」\p
5491,game_t05508,０４０：エピローグ_80：１９９８年９月２４日　東京　斯衛司令部（原作退避）.egpack,０４０：エピローグ_80：１９９８年９月２４日　東京　斯衛司令部（原作退避）,唯依,039B2DD82FC80A44991D67BD968E5C943F04891DFB54731B682B33F4556A5F40,text,「又梦到……那时的事了吗……」\p
5492,game_t05509,０４０：エピローグ_80：１９９８年９月２４日　東京　斯衛司令部（原作退避）.egpack,０４０：エピローグ_80：１９９８年９月２４日　東京　斯衛司令部（原作退避）,旁白,6BA2B721935B2529CA2D0DEDF0318E2762AD8F568992AE99D3C1694BDEC5B37F,text,……真没出息。无论梦的内容，还是自己竟会因此动摇……\p
5493,game_t05510,０４０：エピローグ_80：１９９８年９月２４日　東京　斯衛司令部（原作退避）.egpack,０４０：エピローグ_80：１９９８年９月２４日　東京　斯衛司令部（原作退避）,旁白,EC67DADD3D03B0EC242D656EE96FD5480C3FA2CE96EC2206B59BC007AD2A90A6,text,更没出息的是，我竟然在上司崇宰上尉的办公室里睡着了。\p
5494,game_t05511,０４０：エピローグ_80：１９９８年９月２４日　東京　斯衛司令部（原作退避）.egpack,０４０：エピローグ_80：１９９８年９月２４日　東京　斯衛司令部（原作退避）,旁白,12D3D007DAFD61A198C5F2AEA0813CDB84998484BAC4D7F7C7DB474B440B63AC,text,我记得，中队战后总结会结束后，我被叫到办公室——\p
5495,game_t05512,０４０：エピローグ_80：１９９８年９月２４日　東京　斯衛司令部（原作退避）.egpack,０４０：エピローグ_80：１９９８年９月２４日　東京　斯衛司令部（原作退避）,旁白,CE90612DC40933F0DDAF22F0CF62D58242F80475DAF2317851A1D3CA278F14EA,text,对了……我听着恭子大人讲起她与母亲、父亲见面的事，后来就……\p
5496,game_t05513,０４０：エピローグ_80：１９９８年９月２４日　東京　斯衛司令部（原作退避）.egpack,０４０：エピローグ_80：１９９８年９月２４日　東京　斯衛司令部（原作退避）,唯依,2D4AA8CD4498C7121F65BD8FD256EA849482B4E2F61B7FD9C9297BBDB8B896C9,text,「啊……糟透了。」\p
5497,game_t05514,０４０：エピローグ_80：１９９８年９月２４日　東京　斯衛司令部（原作退避）.egpack,０４０：エピローグ_80：１９９８年９月２４日　東京　斯衛司令部（原作退避）,旁白,FB9510A0E0966709FDAA41696681898515440B446623680593727053BCC48D3A,text,明明无论公私都承蒙她照顾，从京都防卫战起更是一直受到她关照……\p
5498,game_t05515,０４０：エピローグ_80：１９９８年９月２４日　東京　斯衛司令部（原作退避）.egpack,０４０：エピローグ_80：１９９８年９月２４日　東京　斯衛司令部（原作退避）,旁白,FC9DC3B22CC3DFE61F56FD18CD4292AF71FF91B96D5583D0B9ED4A1A46C8D20C,text,虽然我不愿认为自己是仗着血缘关系撒娇……\p
5499,game_t05516,０４０：エピローグ_80：１９９８年９月２４日　東京　斯衛司令部（原作退避）.egpack,０４０：エピローグ_80：１９９８年９月２４日　東京　斯衛司令部（原作退避）,旁白,CDAD897E260D637A3DCC0639E5E477ECF6B24C9115B998AEE722641C7AC5F4E3,text,不，现在不是纠结这种事的时候。\p
5500,game_t05517,０４０：エピローグ_80：１９９８年９月２４日　東京　斯衛司令部（原作退避）.egpack,０４０：エピローグ_80：１９９８年９月２４日　東京　斯衛司令部（原作退避）,旁白,4F59D63D41CE405263BAC8C6CF617736E8D5D0DBBC4C7E118F591DC9CB0ADA92,text,与自己偏偏独自活了下来相比，这根本算不了什么。\p
5501,game_t05518,０４０：エピローグ_80：１９９８年９月２４日　東京　斯衛司令部（原作退避）.egpack,０４０：エピローグ_80：１９９８年９月２４日　東京　斯衛司令部（原作退避）,旁白,8EA8C1ADA70E3B444237A0925098227E79DA541DCABB5A9638FBE7AC4D4831C0,text,任官以来第一次在后方休假——我反倒应该感谢上尉体谅我，让我继续睡下去，并庆幸自己得以恢复精力……\p
5502,game_t05519,０４０：エピローグ_80：１９９８年９月２４日　東京　斯衛司令部（原作退避）.egpack,０４０：エピローグ_80：１９９８年９月２４日　東京　斯衛司令部（原作退避）,唯依,FC1BB2D07B8CA4CB833A8FC775711F88FDC75DF9188537E5BF556C9021D9D39C,text,「…\w…\w…\w…\w」\p
5503,game_t05520,０４０：エピローグ_80：１９９８年９月２４日　東京　斯衛司令部（原作退避）.egpack,０４０：エピローグ_80：１９９８年９月２４日　東京　斯衛司令部（原作退避）,旁白,59C48F8242098C042B426A12F56CF8A7D36382617D51E42FF971D766D3D6EBE7,text,如果是她……也会这样想吗……\p
5504,game_t05521,０４０：エピローグ_80：１９９８年９月２４日　東京　斯衛司令部（原作退避）.egpack,０４０：エピローグ_80：１９９８年９月２４日　東京　斯衛司令部（原作退避）,唯依,A76E8FFE8FF19B295BDD9B31A7E07E76524CE404B4D41294D20FE8C95B12A78C,text,「……唉。」\p
5505,game_t05522,０４０：エピローグ_80：１９９８年９月２４日　東京　斯衛司令部（原作退避）.egpack,０４０：エピローグ_80：１９９８年９月２４日　東京　斯衛司令部（原作退避）,旁白,CA18C9E9D24D506AE876DFC9F57CD994D9BAEEDA95F07050F2606A41F36E1CBC,text,口渴了……\p
5506,game_t05523,０４０：エピローグ_80：１９９８年９月２４日　東京　斯衛司令部（原作退避）.egpack,０４０：エピローグ_80：１９９８年９月２４日　東京　斯衛司令部（原作退避）,唯依,FC1BB2D07B8CA4CB833A8FC775711F88FDC75DF9188537E5BF556C9021D9D39C,text,「…\w…\w…\w…\w」\p
5507,game_t05524,０４０：エピローグ_80：１９９８年９月２４日　東京　斯衛司令部（原作退避）.egpack,０４０：エピローグ_80：１９９８年９月２４日　東京　斯衛司令部（原作退避）,旁白,E738164534A2ACED56177673921A296BBCC346F8F51AA5F21298E04035D13FCB,text,深陷的双眼……消瘦的脸颊……还有略微长长的凌乱头发……\p
5508,game_t05525,０４０：エピローグ_80：１９９８年９月２４日　東京　斯衛司令部（原作退避）.egpack,０４０：エピローグ_80：１９９８年９月２４日　東京　斯衛司令部（原作退避）,旁白,6FEA43C5227AA9029BBB3EF4D9CEBE5355177A948D05E306D4D8C715B3910AD1,text,简直……像个幽灵……\p
5509,game_t05526,０４０：エピローグ_80：１９９８年９月２４日　東京　斯衛司令部（原作退避）.egpack,０４０：エピローグ_80：１９９８年９月２４日　東京　斯衛司令部（原作退避）,唯依,FC1BB2D07B8CA4CB833A8FC775711F88FDC75DF9188537E5BF556C9021D9D39C,text,「…\w…\w…\w…\w」\p
5510,game_t05527,０４０：エピローグ_80：１９９８年９月２４日　東京　斯衛司令部（原作退避）.egpack,０４０：エピローグ_80：１９９８年９月２４日　東京　斯衛司令部（原作退避）,旁白,23735F91D488961048BABFB5A27E010F1AEBA17825839D8564948488640160A1,text,从那以后，已经两个月了……不，应该说……才两个月吗？\p
5511,game_t05528,０４０：エピローグ_80：１９９８年９月２４日　東京　斯衛司令部（原作退避）.egpack,０４０：エピローグ_80：１９９８年９月２４日　東京　斯衛司令部（原作退避）,旁白,58B0E5A0CE949688CA2EA6C118E0AEF60E9779B175DDCCCE63B5C204432F2B23,text,京都遭到BETA蹂躏的那一天——\p
5512,game_t05529,０４０：エピローグ_80：１９９８年９月２４日　東京　斯衛司令部（原作退避）.egpack,０４０：エピローグ_80：１９９８年９月２４日　東京　斯衛司令部（原作退避）,旁白,59B3AFF0479A904F811BDA97682582B4036157E581CFF92FE71E7FD513876703,text,我成为卫士的那个夜晚——\p
5513,game_t05530,０４０：エピローグ_80：１９９８年９月２４日　東京　斯衛司令部（原作退避）.egpack,０４０：エピローグ_80：１９９８年９月２４日　東京　斯衛司令部（原作退避）,旁白,804F388071D773CE7BB912051C7DA604BBF880CA599EC8FCF80084E3008BC8DF,text,以及……屈辱的清晨……\p
5514,game_t05531,０４０：エピローグ_80：１９９８年９月２４日　東京　斯衛司令部（原作退避）.egpack,０４０：エピローグ_80：１９９８年９月２４日　東京　斯衛司令部（原作退避）,旁白,18BB0E7389EDD727062B495293FB1665ABC3E1453EBAC720A677BB433E23C629,text,那之后，这场被称为京都防卫战的惨烈战斗持续了约一个月……\p
5515,game_t05532,０４０：エピローグ_80：１９９８年９月２４日　東京　斯衛司令部（原作退避）.egpack,０４０：エピローグ_80：１９９８年９月２４日　東京　斯衛司令部（原作退避）,旁白,F7AC56818117C0DF5E014723456DCFE223A870BCDA4D4F55337935291442C4C5,text,我被编入崇宰上尉指挥的九头蛇中队，从放弃京都一直到大井川防卫战，与帝国军和本土防卫军共同担任殿后部队，执行迟滞作战。\p
5516,game_t05533,０４０：エピローグ_80：１９９８年９月２４日　東京　斯衛司令部（原作退避）.egpack,０４０：エピローグ_80：１９９８年９月２４日　東京　斯衛司令部（原作退避）,旁白,845B715244F09C4D551B7867AFD91192B2BACC7341739882D51A48E1329CB4EB,text,如今，BETA先头部队已经逼近富士川防线，甚至开始威胁这座第二帝都东京。\p
5517,game_t05534,０４０：エピローグ_80：１９９８年９月２４日　東京　斯衛司令部（原作退避）.egpack,０４０：エピローグ_80：１９９８年９月２４日　東京　斯衛司令部（原作退避）,旁白,F6AA6FA39267D5B72475A904D520FD969411C1B4C4A388CB77F7FAD5CBE30ADA,text,无论现在的我多么不成熟，都没有时间迷惘或后悔。我连一瞬都耽误不起。\p
5518,game_t05535,０４０：エピローグ_80：１９９８年９月２４日　東京　斯衛司令部（原作退避）.egpack,０４０：エピローグ_80：１９９８年９月２４日　東京　斯衛司令部（原作退避）,唯依,FC1BB2D07B8CA4CB833A8FC775711F88FDC75DF9188537E5BF556C9021D9D39C,text,「…\w…\w…\w…\w」\p
5519,game_t05536,０４０：エピローグ_80：１９９８年９月２４日　東京　斯衛司令部（原作退避）.egpack,０４０：エピローグ_80：１９９８年９月２４日　東京　斯衛司令部（原作退避）,唯依,BB9B31C71BB45E9F00DAD91393C94272FFD75B0E1F16D145E351BD7A7F043B06,text,「如月中尉……」\p
5520,game_t05537,０４０：エピローグ_80：１９９８年９月２４日　東京　斯衛司令部（原作退避）.egpack,０４０：エピローグ_80：１９９８年９月２４日　東京　斯衛司令部（原作退避）,唯依,933E802CF94A6E057AB0491CDE64EB0DE8E64741B0E12A6D618AD16E60D65656,text,「相处时间虽短，但能在您的指挥下经历初战，我由衷感激。」\p
5521,game_t05538,０４０：エピローグ_80：１９９８年９月２４日　東京　斯衛司令部（原作退避）.egpack,０４０：エピローグ_80：１９９８年９月２４日　東京　斯衛司令部（原作退避）,唯依,32BFF27CE86B43E427EA9CCD5DEDCD21ADBECCCB86592ADEB4B9DFA03A9ED61F,text,「直到分别数周后，我才得知中尉一直背负着怎样的重担。」\p
5522,game_t05539,０４０：エピローグ_80：１９９８年９月２４日　東京　斯衛司令部（原作退避）.egpack,０４０：エピローグ_80：１９９８年９月２４日　東京　斯衛司令部（原作退避）,唯依,3E6E8D6028CC042CB1E22D6479A4A113969D13576245F5AFA8BA40777B0385F7,text,「武家的矜持，以及斯卫军指挥官应有的姿态——您以身作则教给我的这一课，我绝不会忘记。」\p
5523,game_t05540,０４０：エピローグ_80：１９９８年９月２４日　東京　斯衛司令部（原作退避）.egpack,０４０：エピローグ_80：１９９８年９月２４日　東京　斯衛司令部（原作退避）,唯依,98AA3509D7E726EC91CB54C0CC637515F02AFFFBDF789CFE5F15123109B42888,text,「……谢谢您。」\p
5524,game_t05541,０４０：エピローグ_80：１９９８年９月２４日　東京　斯衛司令部（原作退避）.egpack,０４０：エピローグ_80：１９９８年９月２４日　東京　斯衛司令部（原作退避）,唯依,D0850B7AB4512C6A0FD4ADBC67472B87AFFDEDFD05B59DE987391C1E275F1E55,text,「真田上尉……」\p
5525,game_t05542,０４０：エピローグ_80：１９９８年９月２４日　東京　斯衛司令部（原作退避）.egpack,０４０：エピローグ_80：１９９８年９月２４日　東京　斯衛司令部（原作退避）,唯依,E4B3DEEBAF1F2F873040C9BC95E7AEADB5C6A589A60AF660AAA85C1A38688503,text,「齐藤中尉……」\p
5526,game_t05543,０４０：エピローグ_80：１９９８年９月２４日　東京　斯衛司令部（原作退避）.egpack,０４０：エピローグ_80：１９９８年９月２４日　東京　斯衛司令部（原作退避）,唯依,7A5D33B8CE7B380568EF3B9F26C6E1DBDD8DD67E33D0FF16A1AE3EE3388CF945,text,「听说几天后，面对向东推进的第三波BETA群，上尉的部队为守护皇宫而全军覆没。」\p
5527,game_t05544,０４０：エピローグ_80：１９９８年９月２４日　東京　斯衛司令部（原作退避）.egpack,０４０：エピローグ_80：１９９８年９月２４日　東京　斯衛司令部（原作退避）,唯依,018625F53D2E4E3899D33CB0FE80161905C3133BE1E2BB9C627FD885476B71BF,text,「多亏了你们，我才成为卫士；在初阵中，也承蒙你们救我一命。」\p
5528,game_t05545,０４０：エピローグ_80：１９９８年９月２４日　東京　斯衛司令部（原作退避）.egpack,０４０：エピローグ_80：１９９８年９月２４日　東京　斯衛司令部（原作退避）,唯依,E0E63747294E27A3603632C259FCBE4B8CE1F3C6804F4B50EEEB3E9CB6968A35,text,「能够接受你们这些精锐卫士的锻炼，哪怕只有一瞬也曾与你们并肩作战，我都会视为一生的荣耀。」\p
5529,game_t05546,０４０：エピローグ_80：１９９８年９月２４日　東京　斯衛司令部（原作退避）.egpack,０４０：エピローグ_80：１９９８年９月２４日　東京　斯衛司令部（原作退避）,唯依,4C588707C41B9D1113E2C8471A62BE7E9AD7C3306C423BDEA13E5910DD5B5906,text,「而在上尉和一型丙的共同培育下诞生的试制98式……又一次救了我的性命。」\p
5530,game_t05547,０４０：エピローグ_80：１９９８年９月２４日　東京　斯衛司令部（原作退避）.egpack,０４０：エピローグ_80：１９９８年９月２４日　東京　斯衛司令部（原作退避）,唯依,504FB917DF960DDE55AFF35369F25414A91364A9EA61DDA3DB2BF78494CB76F9,text,「你们赐予我的恩情……总有一天，我一定会……」\p
5531,game_t05548,０４０：エピローグ_80：１９９８年９月２４日　東京　斯衛司令部（原作退避）.egpack,０４０：エピローグ_80：１９９８年９月２４日　東京　斯衛司令部（原作退避）,唯依,E953298FBBF3A9B1A6677F984D92B2FF789FAF0668807D3300D764F00810B658,text,「终有一日——我一定会亲手把一型丙打造成最强的战术机。」\p
5532,game_t05549,０４０：エピローグ_80：１９９８年９月２４日　東京　斯衛司令部（原作退避）.egpack,０４０：エピローグ_80：１９９８年９月２４日　東京　斯衛司令部（原作退避）,唯依,81B09AA6DC9CE6C4010C6F9B2297DB8456BC3F6664AFB8AB5F67AD60C2092CCC,text,「一定……！」\p
5533,game_t05550,０４０：エピローグ_80：１９９８年９月２４日　東京　斯衛司令部（原作退避）.egpack,０４０：エピローグ_80：１９９８年９月２４日　東京　斯衛司令部（原作退避）,唯依,B8A9974C0A02A2B3E30920F8554A96107069D1D26886C92C3F41AFC118614823,text,「和泉……」\p
5534,game_t05551,０４０：エピローグ_80：１９９８年９月２４日　東京　斯衛司令部（原作退避）.egpack,０４０：エピローグ_80：１９９８年９月２４日　東京　斯衛司令部（原作退避）,唯依,E36DF75474E4DEB0906D76B7BBA2AAD209D4E7B7A3C23DC318BDB9F15B22A7C7,text,「安艺……」\p
5535,game_t05552,０４０：エピローグ_80：１９９８年９月２４日　東京　斯衛司令部（原作退避）.egpack,０４０：エピローグ_80：１９９８年９月２４日　東京　斯衛司令部（原作退避）,唯依,A592D2DD630889BA09BBD9684B9B433DE8610BC74BB119412A53CEE7D0094347,text,「志摩子……」\p
5536,game_t05553,０４０：エピローグ_80：１９９８年９月２４日　東京　斯衛司令部（原作退避）.egpack,０４０：エピローグ_80：１９９８年９月２４日　東京　斯衛司令部（原作退避）,唯依,EFB7F81A71A5D8114F1B4D273DEB06D56874B468B94BBEAF1BDC7F2D854C8F68,text,「大家，对不起……」\p
5537,game_t05554,０４０：エピローグ_80：１９９８年９月２４日　東京　斯衛司令部（原作退避）.egpack,０４０：エピローグ_80：１９９８年９月２４日　東京　斯衛司令部（原作退避）,唯依,CF127911790CFE663BF1B98EC9EB70E74DD77AEC82E1C35D2FB5F167487E8E57,text,「我……现在还是什么都不明白……」\p
5538,game_t05555,０４０：エピローグ_80：１９９８年９月２４日　東京　斯衛司令部（原作退避）.egpack,０４０：エピローグ_80：１９９８年９月２４日　東京　斯衛司令部（原作退避）,唯依,53B33969EAE0404F08798C04A2AF948CB1505E8A5F9FD809E4E853D1CEFDD244,text,「不知道什么才是正确的……也不知道自己应该做什么……」\p
5539,game_t05556,０４０：エピローグ_80：１９９８年９月２４日　東京　斯衛司令部（原作退避）.egpack,０４０：エピローグ_80：１９９８年９月２４日　東京　斯衛司令部（原作退避）,唯依,816F3E22108C82D53B1BBFF88ABF232AF9EB92F71622372E827D65099AEEAE58,text,「所以拜托你们……好好看着我会怎样活下去……！」\p
5540,game_t05557,０４０：エピローグ_80：１９９８年９月２４日　東京　斯衛司令部（原作退避）.egpack,０４０：エピローグ_80：１９９８年９月２４日　東京　斯衛司令部（原作退避）,唯依,85F10BDC2427ADC49A02DF60DA1E9BCEA85437A6853729DC6C8117B8A9A55ECE,text,「看着我……不要让我退缩……！」\p
5541,game_t05558,０４０：エピローグ_80：１９９８年９月２４日　東京　斯衛司令部（原作退避）.egpack,０４０：エピローグ_80：１９９８年９月２４日　東京　斯衛司令部（原作退避）,唯依,BFEAD0969FB92661F2763FD3534E43DF85C09D10F989FBAE977AD9499D8ED341,text,「请在远方……看着我……」\p
5542,game_t05559,０４０：エピローグ_80：１９９８年９月２４日　東京　斯衛司令部（原作退避）.egpack,０４０：エピローグ_80：１９９８年９月２４日　東京　斯衛司令部（原作退避）,唯依,35F15C36E509862F28D4830B2254D1C19145A17DAB36B8F21CCCD8D4EC159563,text,「…\w…\w！」\p
5543,game_t05560,０４０：エピローグ_80：１９９８年９月２４日　東京　斯衛司令部（原作退避）.egpack,０４０：エピローグ_80：１９９８年９月２４日　東京　斯衛司令部（原作退避）,唯依,12E0DA5D6975E33E162A449880DD7EB049061E3DC646F0A5399BE03CC9BE67A5,text,「山城……」\p
5544,game_t05561,０４０：エピローグ_80：１９９８年９月２４日　東京　斯衛司令部（原作退避）.egpack,０４０：エピローグ_80：１９９８年９月２４日　東京　斯衛司令部（原作退避）,唯依,827309E1AA74E76407AAC598299F0AD8152973278E6455F1A322044F7F9283FE,text,「我明白……没事的，我明白……」\p
5545,game_t05562,０４０：エピローグ_80：１９９８年９月２４日　東京　斯衛司令部（原作退避）.egpack,０４０：エピローグ_80：１９９８年９月２４日　東京　斯衛司令部（原作退避）,唯依,9AB1F853F0DED1A55E37D3BC78B252A492F6406259D7B33BCF0BD6182588C086,text,「只要你还用那双眼睛注视着我……」\p
5546,game_t05563,０４０：エピローグ_80：１９９８年９月２４日　東京　斯衛司令部（原作退避）.egpack,０４０：エピローグ_80：１９９８年９月２４日　東京　斯衛司令部（原作退避）,唯依,84DDFF685E1E781C86897DE906EFCE001B26D7A2FED682C10F004AAD5D8DD12E,text,「我就还没有……直呼你名字的资格……」\p
5547,game_t05564,０４０：エピローグ_80：１９９８年９月２４日　東京　斯衛司令部（原作退避）.egpack,０４０：エピローグ_80：１９９８年９月２４日　東京　斯衛司令部（原作退避）,旁白,C1EBA9DE88B9B3BBF319E4379D49903F11E1ED1C6874BFC06DD2CDC71C74B3A2,text,因为现在的我……还配不上你……\p
5548,game_t05565,０４０：エピローグ_80：１９９８年９月２４日　東京　斯衛司令部（原作退避）.egpack,０４０：エピローグ_80：１９９８年９月２４日　東京　斯衛司令部（原作退避）,唯依,995575E8D2B5FC7325578014667AC8CAC9985DB0D50CF764B82995BFCA35BF42,text,「但是……总有一天，我一定会配得上。会有资格直呼你的名字。」\p
5549,game_t05566,０４０：エピローグ_80：１９９８年９月２４日　東京　斯衛司令部（原作退避）.egpack,０４０：エピローグ_80：１９９８年９月２４日　東京　斯衛司令部（原作退避）,唯依,7865A026BA731792BA8044D2EFE23E93B7EA70578C2258E0DBB46E5E819846B8,text,「山城……我想活得像你一样……」\p
5550,game_t05567,０４０：エピローグ_80：１９９８年９月２４日　東京　斯衛司令部（原作退避）.egpack,０４０：エピローグ_80：１９９８年９月２４日　東京　斯衛司令部（原作退避）,旁白,9917B39BFAA74AA470602C58DC2586AEDAD46B1E5350E80331D12A23BE69E4E9,text,像你一样活着——像你一样行事——然后终有一天，也像你一样——\p
5551,game_t05568,０４０：エピローグ_80：１９９８年９月２４日　東京　斯衛司令部（原作退避）.egpack,０４０：エピローグ_80：１９９８年９月２４日　東京　斯衛司令部（原作退避）,唯依,8957908A25BA40F81AAF27A947D6CC424D4076F1D00B2AED5871E8270947550B,text,「……！？」\p
5552,game_t05569,０４０：エピローグ_80：１９９８年９月２４日　東京　斯衛司令部（原作退避）.egpack,０４０：エピローグ_80：１９９８年９月２４日　東京　斯衛司令部（原作退避）,唯依,EA8250E2A53FE23BCCE03DC8D9C0A5CD68016F8C0FBE6603C3D4D3B0CBF1C5FE,text,「我真是……狼狈啊……」\p
5553,game_t05570,０４０：エピローグ_80：１９９８年９月２４日　東京　斯衛司令部（原作退避）.egpack,０４０：エピローグ_80：１９９８年９月２４日　東京　斯衛司令部（原作退避）,旁白,E15699184F000447922EEE85A8BE57BA999027550492C2427CC74B59866FE9F2,text,但我不会再移开目光——\p
5554,game_t05571,０４０：エピローグ_80：１９９８年９月２４日　東京　斯衛司令部（原作退避）.egpack,０４０：エピローグ_80：１９９８年９月２４日　東京　斯衛司令部（原作退避）,旁白,D054DC5AF43A50652D1F688B2C4BFD2074F1CAAC91325089A117EDF791491D97,text,无论自己多么狼狈、多么不成熟——\p
5555,game_t05572,０４０：エピローグ_80：１９９８年９月２４日　東京　斯衛司令部（原作退避）.egpack,０４０：エピローグ_80：１９９８年９月２４日　東京　斯衛司令部（原作退避）,旁白,98EA14B07FA41A30ABD312E8ED8AFF1DD9D0D1159773F6FC181C3936AA64619C,text,无论今后遭遇什么——\p
5556,game_t05573,０４０：エピローグ_80：１９９８年９月２４日　東京　斯衛司令部（原作退避）.egpack,０４０：エピローグ_80：１９９８年９月２４日　東京　斯衛司令部（原作退避）,旁白,009C90AA1CDFA894877A757CD0520B168DEC6781D049942DE139C049BC18562D,text,——唯独这件事，我绝不会再做。\p
5557,game_t05574,０４０：エピローグ_80：１９９８年９月２４日　東京　斯衛司令部（原作退避）.egpack,０４０：エピローグ_80：１９９８年９月２４日　東京　斯衛司令部（原作退避）,唯依,FC1BB2D07B8CA4CB833A8FC775711F88FDC75DF9188537E5BF556C9021D9D39C,text,「…\w…\w…\w…\w」\p
5558,game_t05575,０４０：エピローグ_80：１９９８年９月２４日　東京　斯衛司令部（原作退避）.egpack,０４０：エピローグ_80：１９９８年９月２４日　東京　斯衛司令部（原作退避）,旁白,047409CE5292E17B303B5FE2A8817D5B2D64A92428C1E5871EF81AD8F9A185C4,text,因为“山城上总”绝不会做出这种事——
5559,game_t05576,０４０：エピローグ_80：１９９８年９月２４日　東京　斯衛司令部（原作退避）.egpack,０４０：エピローグ_80：１９９８年９月２４日　東京　斯衛司令部（原作退避）,唯依,2F5DDCA1C317CAB54825B04E30D23EB62EC14CC07128C6CBC0DF4BC4AF52DB26,text,「…\w…\w…\w…\w」
5560,game_t05577,０４０：エピローグ_80：１９９８年９月２４日　東京　斯衛司令部（原作退避）.egpack,０４０：エピローグ_80：１９９８年９月２４日　東京　斯衛司令部（原作退避）,旁白,729C1923FEFF5E9F6674FF31317D48C360B69B449F1CA5AB6829355703AF5C44,text,至于该怎么做，我现在还什么都不知道……
5561,game_t05578,０４０：エピローグ_80：１９９８年９月２４日　東京　斯衛司令部（原作退避）.egpack,０４０：エピローグ_80：１９９８年９月２４日　東京　斯衛司令部（原作退避）,旁白,74CBE2FDE5667325A374BA0231599E698F5D91BB66ECF6FD48F265C967644508,text,至于做什么才是正确的，我也完全看不清……
5562,game_t05579,０４０：エピローグ_80：１９９８年９月２４日　東京　斯衛司令部（原作退避）.egpack,０４０：エピローグ_80：１９９８年９月２４日　東京　斯衛司令部（原作退避）,旁白,BD87DEE40F6342A92E88AAA40005F1B7BDFB1FDD95D7A177987855F649E18C02,text,但是，正因如此——
5563,game_t05580,０４０：エピローグ_80：１９９８年９月２４日　東京　斯衛司令部（原作退避）.egpack,０４０：エピローグ_80：１９９８年９月２４日　東京　斯衛司令部（原作退避）,旁白,8F49F0208C05F83E5E759F8B789961C59797A9DA4FD8AA6AC72211EE9DE2688E,text,——正因如此，现在的我已经只剩下前进这一条路。
5564,game_t05581,０４０：エピローグ_80：１９９８年９月２４日　東京　斯衛司令部（原作退避）.egpack,０４０：エピローグ_80：１９９８年９月２４日　東京　斯衛司令部（原作退避）,唯依,0C6E01636D6BC3450100A334A999E0983BFE6FC040FE2A4B9CCE3C30178A8667,text,「拜托了……请看着我……」
